timestamp,sample_number,csi_data
0.08961319923400879,1,"CSI,3202,128,83,49,21,0,1,-28,0,CSI,3202,128,83,49,21,0,1,-28,0,CSI,3202,128,83,49,21,0,1,-28,0,CSI,3202,128,83,49,21,0,1,-28,0,CSI,3202,128,83,49,21,0,1,-28,0,CSI,3202,128,83,49,21,0,1,-28,0,CSI,3202,128,83,49,21,0,1,-28,0,CSI,3202,128,83,49,21,0,1,-28,0,CSI,3202,128,83,49,21,0,1,-28,0,CSI,3202,128,83,49,21,0,1,-28,0,CSI,3202,128,83,49,21,0,1,-28,0,CSI,3202,128,83,49,21,0,1,-28,0,CSI,3202,128,83,49,21,0,1,-28,0,CSI,3202,128,83,49,21,0,1,-28,0,CSI,3202,128,83,49,21,0,1,-28,0,CSI,3202,128,83,49,21,0,1,-28,0,CSI,3202,128,83,49,21,0,1,-28,0,CSI,3202,128,83,49,21,0,1,-28,0,CSI,3202,128,83,49,21,0,1,-28,0,CSI,3202,128,83,49,21,0,1,-28,0,CSI,3202,128,83,49,21,0,1,-28,0,CSI,3202,128,83,49,21,0,1,-28,0,CSI,3202,128,83,49,21,0,1,-28,0,CSI,3202,128,83,49,21,0,1,-28,0,CSI,3202,128,83,49,21,0,1,-28,0,CSI,3202,128,83,49,21,0,1,-28,0,CSI,3202,128,83,49,21,0,1,-28,0,CSI,3202,128,83,49,21,0,1,-28,0,CSI,3202,128,83,49,21,0,1,-28,0,CSI,3202,128,83,49,21,0,1,-28,0,CSI,3202,128,83,49,21,0,1,-28,0,-25,3,-24,1,-21,-6,-17,-9,-15,-7,-14,-5,-12,-7,-11,-8,-9,-9,-8,-13,-9,-15,-10,-15,-11,-14,-13,-12,-15,-11,-14,-9,-11,-5,-10,-2,-12,-1,-3,0,0,0,0,0,0,0,0,0,0,0,0,0,0,0,0,0,0,1,1,2,4,1,2,1,-1,0,-2,-1,-4,-1,-6,-2,-7,-3,-8,0,-9,4,-10,9,-13,10,-13,12,-11,12,-11,12,-12,12,-9,12,-7,12,-7,10,-8,7,-9,5,-9,3,-11,0,-15,-3,-20,-3,-23,-3,-25"
0.19092917442321777,2,"CSI,3206,128,83,49,21,0,-26,4,-27,2,-28,4,-28,5,-27,6,-25,8,-25,7,-27,4,-26,5,-19,6,-13,5,-10,5,-9,8,-9,11,-8,13,-5,14,-6,16,-8,18,-7,17,-5,16,-5,17,-7,17,-7,14,-7,9,-7,8,-2,2,0,0,0,0,0,0,0,0,0,0,0,0,0,0,0,0,0,0,0,-2,2,-4,2,-2,1,-1,0,-1,-1,0,-3,1,-6,1,-10,0,-14,-2,-15,-4,-15,-7,-14,-10,-14,-11,-14,-11,-13,-9,-14,-10,-13,-12,-9,-12,-7,-11,-7,-8,-10,-3,-15,0,-16,1,-17,2,-21,3,-23,4"
0.2960841655731201,3,"CSI,3210,128,83,49,21,0,-29,0,-31,-1,-31,-2,-28,-3,-24,-2,-21,-4,-20,-5,-20,-1,-17,1,-14,0,-13,-1,-12,-1,-12,-1,-12,1,-13,5,-12,7,-13,8,-13,9,-14,10,-15,10,-15,7,-15,3,-15,0,-14,-2,-11,-3,-3,-1,0,0,0,0,0,0,0,0,0,0,0,0,0,0,0,0,0,0,0,-1,3,-2,2,-3,1,-2,-1,2,-4,4,-5,3,-8,1,-12,0,-13,0,-13,1,-15,-1,-16,-5,-16,-7,-14,-7,-14,-7,-14,-11,-13,-13,-12,-11,-11,-9,-9,-7,-9,-5,-12,-3,-14,-1,-19,0,-25,1,-23,5"
0.3293170928955078,4,"CSI,3966,128,77,-47,20,0,15,-22,13,-23,15,-24,16,-21,15,-19,15,-19,12,-14,9,-9,10,-11,11,-13,7,-14,4,-14,2,-12,1,-10,-2,-13,-4,-15,-5,-16,-5,-15,-3,-16,-2,-15,-2,-14,-1,-16,0,-16,1,-14,3,-13,1,-4,0,0,0,0,0,0,0,0,0,0,0,0,0,0,0,0,0,0,-1,1,-4,4,-3,3,-1,1,0,-1,0,-3,2,-4,4,-4,6,-6,7,-8,8,-7,8,-7,10,-7,13,-5,17,-3,19,-2,17,-2,13,-2,11,-1,10,-2,10,-3,11,-4,11,-4,11,-7,11,-12,10,-17,9,-21"
0.3599681854248047,5,"CSI,3967,128,77,-47,20,0,-1,27,-2,28,-5,29,-7,28,-6,25,-6,24,-6,23,0,22,3,18,0,14,-3,14,-2,15,1,13,4,13,6,12,9,10,10,12,8,14,6,14,5,13,5,15,4,16,2,14,0,13,-2,13,-1,3,0,0,0,0,0,0,0,0,0,0,0,0,0,0,0,0,0,0,-2,-1,-6,-4,-4,-5,-1,-4,0,-2,1,0,1,0,1,4,2,10,2,12,0,12,-4,14,-7,17,-10,18,-12,18,-12,16,-14,14,-14,12,-12,10,-13,8,-13,7,-9,10,-3,12,1,12,-1,16,0,21,4,25"
0.3934311866760254,6,"CSI,3968,128,77,-47,20,0,-31,6,-30,6,-28,4,-27,3,-27,3,-26,0,-25,1,-25,4,-20,4,-15,3,-13,4,-12,3,-10,5,-8,8,-6,10,-6,12,-5,14,-5,14,-6,14,-5,16,-6,14,-8,12,-10,11,-11,9,-12,6,-3,1,0,0,0,0,0,0,0,0,0,0,0,0,0,0,0,0,0,0,0,-1,1,-3,0,-3,1,-2,0,0,-3,0,-4,-1,-7,-1,-8,-3,-9,-5,-12,-5,-15,-5,-17,-8,-17,-12,-15,-13,-12,-14,-12,-16,-12,-16,-10,-16,-10,-16,-10,-11,-10,-6,-11,-4,-13,-1,-19,2,-24,5,-23,4"
0.425112247467041,7,"CSI,3213,128,83,49,21,0,-14,27,-12,27,-14,25,-17,22,-16,20,-14,19,-11,19,-7,21,-6,19,-7,12,-5,9,-2,9,1,9,4,10,6,11,5,12,6,12,8,12,8,13,9,13,9,14,7,16,6,17,3,16,0,14,-1,3,0,0,0,0,0,0,0,0,0,0,0,0,0,0,0,0,0,0,0,-2,1,-7,3,-5,3,-2,2,0,0,2,-2,3,-5,5,-7,7,-9,6,-13,5,-17,5,-19,5,-20,3,-20,2,-21,2,-22,0,-20,-1,-16,-1,-15,-1,-13,-3,-13,-2,-13,3,-12,8,-12,13,-12,16,-10,16"
0.499035120010376,8,"CSI,3218,128,83,49,21,0,-18,-23,-17,-24,-19,-22,-21,-22,-18,-21,-17,-19,-20,-21,-22,-23,-19,-18,-16,-13,-12,-11,-11,-6,-10,-3,-7,0,-5,6,-5,8,-5,9,-4,11,-6,14,-10,16,-11,14,-9,12,-9,12,-10,11,-11,10,-3,2,0,0,0,0,0,0,0,0,0,0,0,0,0,0,0,0,0,0,0,1,0,6,-1,5,-1,4,-1,3,0,0,1,-3,2,-5,1,-7,4,-8,10,-10,12,-11,12,-11,14,-12,16,-12,18,-8,20,-5,19,-5,19,-4,16,-5,11,-6,6,-6,3,-6,1,-7,-4,-12,-9,-15,-12,-15"
0.5648131370544434,9,"CSI,3835,128,83,49,21,0,-9,2,-8,3,-6,4,-3,5,0,7,3,10,3,9,4,5,4,6,3,10,2,14,4,14,3,14,-1,14,-1,13,2,12,1,9,0,5,1,3,2,3,4,0,4,-2,5,-2,7,-3,8,-5,2,-2,0,0,0,0,0,0,0,0,0,0,0,0,0,0,0,0,0,0,-1,-1,-1,-1,-2,-1,-4,-4,-6,-5,-5,-6,-5,-8,-5,-10,-5,-10,-5,-12,-4,-14,-2,-12,-2,-10,-1,-8,-1,-7,-3,-4,-7,-1,-9,-1,-9,0,-8,3,-9,4,-14,4,-19,5,-18,6,-17,6,-18,4,-18,1"
0.5999391078948975,10,"CSI,3221,128,83,49,21,0,-5,-29,-7,-29,-8,-29,-8,-27,-8,-24,-5,-24,-5,-24,-9,-23,-8,-22,-6,-19,-5,-13,-4,-9,-3,-8,-3,-4,-6,-1,-9,0,-11,2,-12,6,-13,6,-15,6,-19,7,-21,5,-20,0,-18,-2,-16,-3,-4,-1,0,0,0,0,0,0,0,0,0,0,0,0,0,0,0,0,0,0,0,2,2,6,0,4,-1,4,1,4,2,3,3,2,5,0,5,-2,7,-5,9,-9,10,-11,14,-11,19,-12,19,-11,19,-9,21,-7,22,-7,22,-7,19,-5,16,-3,13,-4,10,-6,7,-7,4,-9,0,-12,-6,-17"
0.6674172878265381,11,"CSI,3840,128,83,49,21,0,-10,4,-9,3,-7,2,-5,2,0,3,5,4,6,6,7,12,9,13,10,11,7,10,5,9,5,10,6,9,4,7,3,6,3,6,4,7,4,5,3,3,4,0,3,-2,2,-3,4,-4,8,-3,2,-1,0,0,0,0,0,0,0,0,0,0,0,0,0,0,0,0,0,0,-1,-1,-1,-3,-2,-2,-4,0,-6,-1,-9,-4,-11,-5,-12,-5,-11,-6,-10,-7,-10,-8,-10,-11,-9,-10,-8,-8,-6,-7,-4,-6,-4,-1,-5,3,-5,4,-5,7,-7,10,-9,12,-11,12,-16,11,-18,10,-20,9,-20,13"
0.8046791553497314,12,"CSI,3230,128,83,49,21,0,-4,34,-6,34,-7,34,-6,35,-6,33,-6,30,-3,28,-1,27,-3,24,-4,20,-2,17,-1,14,1,12,3,11,7,12,11,12,13,11,15,12,15,13,14,15,11,18,10,19,9,17,6,15,3,15,0,4,0,0,0,0,0,0,0,0,0,0,0,0,0,0,0,0,0,0,-1,-1,-4,-1,-6,0,-7,0,-6,2,-6,4,-7,4,-7,5,-6,5,-8,7,-11,12,-15,15,-17,15,-21,15,-26,13,-25,14,-24,14,-24,9,-23,7,-21,8,-17,9,-13,10,-14,12,-13,14,-8,18,-7,24,-9,30"
0.9075112342834473,13,"CSI,3233,128,83,49,21,0,-5,33,-5,32,-6,30,-10,28,-10,27,-7,26,-5,21,-5,14,-8,13,-9,13,-8,12,-3,12,2,13,8,11,9,9,9,11,12,10,13,10,14,12,11,12,7,11,7,12,6,13,2,12,0,11,0,2,0,0,0,0,0,0,0,0,0,0,0,0,0,0,0,0,0,0,-1,-1,-2,-1,-2,-2,-3,-1,-3,2,-4,5,-4,8,-2,10,-4,10,-8,12,-10,14,-15,17,-19,20,-20,18,-20,12,-19,11,-19,12,-21,11,-22,9,-19,7,-16,7,-14,11,-12,14,-10,16,-8,21,-6,24,-4,24"
1.010481357574463,14,"CSI,3238,128,83,49,21,0,-32,2,-33,1,-30,-1,-30,-2,-32,-2,-33,-1,-33,-1,-34,-2,-30,-2,-24,-1,-18,2,-12,3,-9,5,-8,6,-6,8,-3,10,-1,14,1,16,2,19,2,21,-1,20,-4,19,-5,19,-6,16,-8,13,-2,3,0,0,0,0,0,0,0,0,0,0,0,0,0,0,0,0,0,0,3,-1,13,-4,10,-3,7,0,5,1,3,0,2,-2,-1,-5,-5,-7,-7,-11,-6,-15,-5,-18,-5,-22,-6,-24,-4,-26,-3,-29,-1,-30,2,-27,2,-24,2,-23,1,-21,-2,-17,-3,-13,-4,-11,-11,-10,-18,-7,-22,-7"
1.0756680965423584,15,"CSI,3855,128,83,49,21,0,11,-2,6,-3,3,-6,1,-8,-1,-7,-4,-7,-3,-5,0,-1,-1,-2,-4,-5,-5,-8,-5,-9,-8,-9,-9,-9,-8,-9,-7,-8,-6,-6,-5,-5,-2,-4,0,-1,0,0,-1,0,0,2,0,4,-1,5,-1,1,0,0,0,0,0,0,0,0,0,0,0,0,0,0,0,0,0,0,-1,-1,-3,0,-1,2,-1,2,0,1,1,3,0,6,-1,7,0,8,-2,9,-4,10,-3,10,-2,11,-1,10,0,5,2,3,2,4,2,2,4,-1,6,-2,5,-4,5,-5,7,-6,9,-7,12,-9,14,-10,14,-9"
1.112685203552246,16,"CSI,3242,128,83,49,21,0,-19,29,-20,29,-21,28,-20,28,-19,26,-18,24,-17,26,-12,28,-8,23,-6,16,-4,12,-1,9,3,7,7,6,11,7,14,7,15,7,15,8,15,10,16,11,17,12,17,13,14,12,10,9,9,10,2,2,0,0,0,0,0,0,0,0,0,0,0,0,0,0,0,0,0,0,1,-1,6,-2,7,0,5,1,1,2,-3,2,-6,3,-9,1,-12,-2,-14,-3,-16,-5,-18,-8,-19,-11,-19,-14,-20,-16,-18,-15,-18,-15,-17,-16,-14,-17,-12,-14,-11,-8,-10,-4,-8,0,-9,5,-10,12,-13,18,-17,20"
1.2128000259399414,17,"CSI,3245,128,83,49,21,0,3,35,0,33,-3,30,-4,29,2,29,6,30,7,27,11,19,10,14,4,13,4,11,8,8,9,5,9,1,12,-2,16,-3,18,-5,19,-6,20,-7,20,-6,20,-4,19,-2,17,-1,16,0,13,2,3,0,0,0,0,0,0,0,0,0,0,0,0,0,0,0,0,0,0,0,-1,-4,0,-10,2,-5,4,-2,3,2,1,4,-1,6,-4,8,-9,9,-14,9,-18,8,-22,8,-28,5,-30,0,-27,-4,-26,-5,-27,-4,-25,-2,-21,-2,-18,-1,-14,3,-10,5,-8,7,-5,9,-4,15,-3,19,-2,20"
1.3196930885314941,18,"CSI,3249,128,83,49,21,0,-32,-20,-33,-17,-32,-15,-30,-15,-29,-18,-32,-17,-32,-16,-31,-19,-29,-17,-26,-12,-21,-7,-16,-3,-14,0,-12,3,-11,7,-10,12,-12,17,-14,18,-14,17,-13,17,-16,17,-18,14,-18,12,-17,9,-16,5,-4,0,0,0,0,0,0,0,0,0,0,0,0,0,0,0,0,0,0,0,1,0,6,2,4,3,2,2,0,1,0,0,-2,-3,-5,-8,-5,-11,-6,-14,-6,-18,-3,-23,-2,-25,-1,-27,1,-29,5,-29,7,-27,7,-23,7,-20,7,-17,6,-15,4,-13,0,-12,-6,-12,-13,-11,-19,-10,-23,-10"
1.4207282066345215,19,"CSI,3253,128,83,49,21,0,-25,19,-26,18,-27,17,-26,18,-24,20,-22,20,-21,19,-23,19,-20,18,-16,14,-13,11,-9,11,-6,13,-2,12,1,11,2,11,5,13,7,14,5,14,5,14,5,16,4,17,3,17,2,15,2,14,0,3,0,0,0,0,0,0,0,0,0,0,0,0,0,0,0,0,0,0,1,-1,5,-4,3,-2,-1,1,-5,3,-7,1,-10,1,-13,1,-16,-1,-20,-2,-22,-5,-23,-9,-24,-11,-23,-15,-20,-19,-18,-18,-17,-17,-15,-14,-12,-10,-13,-8,-12,-3,-11,2,-13,3,-17,6,-23,10,-26,13,-26,13"
1.5250961780548096,20,"CSI,3257,128,83,49,21,0,-30,-9,-28,-8,-29,-7,-27,-6,-24,-5,-24,-5,-24,0,-20,3,-16,0,-15,-3,-15,-2,-13,-2,-12,-1,-11,3,-10,6,-11,8,-14,10,-13,13,-12,13,-11,10,-10,9,-11,10,-13,8,-12,4,-12,2,-3,0,0,0,0,0,0,0,0,0,0,0,0,0,0,0,0,0,0,0,0,0,3,1,1,-1,-3,-1,-6,1,-8,1,-10,-2,-13,-5,-15,-8,-14,-13,-13,-17,-14,-20,-14,-22,-12,-21,-9,-21,-8,-23,-8,-21,-9,-16,-10,-12,-10,-10,-10,-7,-14,-5,-17,-5,-20,-5,-22,-7,-26,-8,-28,-10"
1.6238012313842773,21,"CSI,3262,128,83,49,21,0,-16,24,-16,24,-17,25,-18,25,-16,23,-16,23,-13,21,-7,16,-6,15,-8,16,-7,13,-5,11,-2,9,0,6,3,7,6,9,9,10,9,9,10,9,10,10,9,12,7,13,6,12,4,11,3,10,0,2,0,0,0,0,0,0,0,0,0,0,0,0,0,0,0,0,0,0,-1,-2,-3,-6,-1,-4,-1,-2,-2,0,-3,4,-3,6,-5,7,-10,8,-13,8,-14,5,-20,2,-25,2,-25,1,-23,0,-23,-1,-22,-2,-20,-2,-20,-2,-21,-1,-21,1,-19,2,-15,4,-12,8,-13,10,-16,13,-19,19"
1.7242281436920166,22,"CSI,3266,128,83,49,21,0,3,29,1,29,2,30,4,30,3,28,3,24,1,20,-2,17,-2,15,0,12,1,9,3,8,5,5,7,2,11,0,15,-1,15,-2,13,-1,14,-1,17,0,17,0,15,0,13,2,11,2,11,2,2,0,0,0,0,0,0,0,0,0,0,0,0,0,0,0,0,0,0,0,-1,-3,-1,-9,-1,-7,0,-3,1,-1,0,2,-2,6,-4,9,-8,10,-12,9,-18,11,-22,12,-23,9,-23,7,-25,6,-29,5,-29,3,-25,2,-24,2,-23,1,-19,3,-12,7,-7,7,-5,6,-5,10,-4,13,-3,14"
1.931847333908081,23,"CSI,3274,128,83,49,21,0,7,-33,9,-32,10,-31,9,-30,5,-28,4,-26,7,-24,8,-19,6,-16,4,-16,2,-16,-1,-14,-5,-10,-10,-6,-14,-5,-17,-7,-17,-7,-17,-7,-17,-8,-15,-9,-13,-9,-11,-7,-10,-7,-10,-8,-9,-9,-2,-3,0,0,0,0,0,0,0,0,0,0,0,0,0,0,0,0,0,0,1,2,5,9,4,5,4,0,4,-1,4,-3,6,-5,9,-8,11,-10,13,-9,18,-8,23,-8,24,-6,23,-4,24,-5,24,-4,24,-2,23,-3,21,-7,17,-8,15,-7,14,-8,12,-12,9,-17,7,-20,8,-20,10,-23"
2.034194231033325,24,"CSI,3277,128,83,49,21,0,19,-24,21,-22,23,-21,23,-21,23,-21,22,-22,23,-20,26,-16,23,-15,16,-14,10,-12,5,-12,4,-13,4,-14,1,-15,-2,-16,-4,-15,-2,-14,0,-14,0,-15,-1,-15,-1,-14,0,-15,3,-14,3,-13,0,-3,0,0,0,0,0,0,0,0,0,0,0,0,0,0,0,0,0,0,1,0,4,2,3,3,5,1,6,-3,6,-4,6,-5,7,-7,10,-7,13,-7,16,-6,19,-7,21,-9,24,-9,25,-4,24,0,21,1,19,3,20,3,21,0,20,-3,19,-4,17,-8,15,-14,16,-19,18,-22,17,-23"
2.071458101272583,25,"CSI,3969,128,77,-47,20,0,-31,-17,-32,-17,-27,-15,-23,-14,-22,-16,-21,-18,-23,-19,-27,-18,-22,-14,-14,-11,-12,-9,-13,-7,-12,-3,-11,1,-13,1,-15,1,-17,3,-18,5,-17,5,-16,4,-14,3,-12,3,-12,1,-12,0,-10,-1,-3,-1,0,0,0,0,0,0,0,0,0,0,0,0,0,0,0,0,0,0,0,-2,1,-6,0,-5,0,-4,0,-4,-1,-5,-4,-6,-9,-8,-13,-8,-14,-10,-15,-14,-15,-20,-14,-24,-13,-25,-13,-23,-11,-23,-8,-25,-7,-23,-8,-20,-9,-19,-9,-16,-12,-13,-13,-13,-14,-14,-21,-12,-24,-12,-25,-14"
2.1355602741241455,26,"CSI,3281,128,83,49,21,0,2,-34,1,-35,1,-32,3,-31,2,-32,1,-28,-1,-24,-2,-23,-1,-20,0,-15,-1,-11,-5,-7,-9,-2,-10,1,-10,2,-12,3,-15,4,-14,2,-14,1,-15,1,-15,2,-14,0,-14,-1,-11,-1,-10,-2,-3,-1,0,0,0,0,0,0,0,0,0,0,0,0,0,0,0,0,0,0,-2,1,-5,5,-5,1,-4,-2,-1,-2,1,-2,4,-4,8,-6,10,-6,12,-3,17,-2,23,-3,25,0,23,2,21,4,22,6,23,7,20,5,16,2,14,2,10,1,7,-2,6,-7,5,-11,2,-15,0,-23,-1,-29"
2.235365152359009,27,"CSI,3286,128,83,49,21,0,36,7,33,5,31,4,28,6,26,6,24,5,22,7,17,7,15,4,14,1,11,-2,9,-5,7,-6,5,-8,5,-12,7,-14,12,-14,14,-16,13,-16,11,-12,7,-8,7,-8,8,-9,7,-8,6,-4,1,-1,0,0,0,0,0,0,0,0,0,0,0,0,0,0,0,0,0,0,-2,0,-5,2,-4,2,-3,0,1,1,4,4,4,6,5,6,8,8,10,10,12,13,13,16,13,20,13,23,12,25,10,24,7,22,5,20,4,16,5,13,6,13,9,10,12,7,16,6,20,4,25,1,29,1"
2.340646266937256,28,"CSI,3289,128,83,49,21,0,25,-20,21,-19,20,-17,23,-15,21,-15,16,-14,12,-10,8,-6,10,-5,10,-7,6,-9,3,-9,-1,-10,-3,-11,-3,-12,-3,-13,-1,-13,-2,-14,-2,-14,-2,-13,0,-12,0,-12,0,-12,1,-10,1,-8,0,-2,0,0,0,0,0,0,0,0,0,0,0,0,0,0,0,0,0,0,-1,1,0,4,1,2,2,1,4,-1,6,-3,8,-5,10,-6,10,-6,13,-5,17,-3,20,0,19,3,19,7,21,10,23,10,23,9,21,8,19,6,17,4,14,2,11,-1,10,-4,9,-7,10,-13,14,-17,19,-18"
2.449082136154175,29,"CSI,3293,128,83,49,21,0,-24,-21,-22,-21,-20,-19,-20,-18,-19,-18,-16,-15,-13,-14,-11,-17,-9,-18,-11,-14,-12,-11,-12,-7,-12,-5,-14,-3,-15,-3,-16,-3,-16,-3,-15,-4,-13,-6,-13,-5,-12,-4,-12,-4,-10,-4,-8,-4,-5,-5,-2,-2,0,0,0,0,0,0,0,0,0,0,0,0,0,0,0,0,0,0,-1,-1,-1,-5,0,-8,0,-10,-2,-10,-5,-9,-8,-8,-10,-8,-12,-10,-11,-12,-11,-16,-13,-20,-12,-22,-8,-24,-5,-24,-5,-23,-4,-23,-4,-22,-7,-20,-7,-20,-8,-18,-10,-14,-13,-11,-14,-11,-16,-11,-17,-14,-17,-16"
2.644634246826172,30,"CSI,3301,128,83,49,21,0,19,25,18,23,16,25,14,24,12,20,10,17,7,18,5,18,5,14,7,7,10,4,10,4,9,3,10,1,12,0,14,1,17,-1,19,-2,18,1,15,3,13,5,13,5,11,4,6,3,2,3,0,1,0,0,0,0,0,0,0,0,0,0,0,0,0,0,0,0,0,0,-1,0,-3,1,-3,2,-2,4,-1,5,2,6,4,8,7,10,8,11,6,13,5,17,2,22,-1,26,-3,25,-3,20,-4,17,-6,19,-6,18,-4,13,-2,9,0,9,5,9,8,9,13,10,17,13,18,16,21,18"
2.717456102371216,31,"CSI,3920,128,83,49,21,0,-9,-10,-5,-6,-6,-3,-7,1,-6,3,-5,3,-5,6,-4,10,-5,7,-10,5,-13,5,-14,3,-16,1,-14,2,-10,-1,-7,-2,-6,0,-5,0,-5,-2,-4,-3,-3,-1,-1,2,-1,2,-2,3,-3,4,-1,1,0,0,0,0,0,0,0,0,0,0,0,0,0,0,0,0,0,0,0,-2,0,-6,-2,-4,-3,-5,-2,-5,-2,-4,-5,-6,-5,-8,-1,-9,2,-10,2,-12,2,-12,2,-10,2,-7,1,-5,-2,-5,-3,-4,-4,-3,-7,-3,-10,-2,-12,-1,-13,-3,-13,-7,-14,-10,-14,-11,-15,-13,-18,-13"
2.75224232673645,32,"CSI,3305,128,83,49,21,0,-20,28,-21,25,-21,26,-20,26,-18,22,-16,17,-14,17,-9,19,-4,15,-3,12,-2,12,0,11,2,12,5,14,8,16,6,17,4,18,4,17,5,14,4,13,4,12,5,11,2,11,1,7,3,2,1,-1,0,0,0,0,0,0,0,0,0,0,0,0,0,0,0,0,0,0,0,-2,0,-5,-2,-5,-3,-4,-4,-3,-4,0,-6,3,-8,5,-10,6,-17,6,-22,5,-25,1,-24,-3,-22,-5,-23,-5,-22,-8,-20,-6,-18,-3,-16,-1,-15,0,-16,1,-15,4,-14,8,-13,13,-13,17,-15,22,-18,23"
2.816838264465332,33,"CSI,3924,128,83,49,21,0,-10,-3,-6,-1,-5,1,-2,4,1,4,1,4,5,7,12,7,12,6,7,9,6,11,7,9,8,8,6,10,5,10,6,6,5,4,2,3,1,0,0,-2,0,-3,2,-4,2,-6,1,-7,3,-6,1,-2,0,0,0,0,0,0,0,0,0,0,0,0,0,0,0,0,0,0,-1,-1,-2,-3,1,-2,3,-2,4,-2,6,-4,8,-6,9,-5,9,-3,11,-1,10,-1,8,-3,8,-4,6,-3,4,-1,2,0,-1,-1,-4,-2,-6,-1,-9,-2,-13,-3,-16,-4,-18,-6,-20,-7,-20,-4,-18,-4,-14,-5"
2.855152130126953,34,"CSI,3310,128,83,49,21,0,-22,-26,-21,-24,-20,-24,-19,-25,-18,-22,-15,-18,-14,-18,-14,-20,-13,-15,-11,-10,-12,-5,-15,1,-15,2,-14,4,-15,7,-17,6,-18,6,-18,5,-18,2,-18,0,-15,1,-11,0,-10,-2,-9,-1,-9,0,-3,0,0,0,0,0,0,0,0,0,0,0,0,0,0,0,0,0,0,0,0,0,3,1,2,0,0,0,0,0,-1,-3,-4,-7,-6,-12,-6,-14,-6,-16,-2,-20,3,-24,6,-25,8,-23,8,-22,9,-21,7,-18,4,-16,2,-17,0,-17,-2,-16,-6,-13,-10,-10,-14,-9,-18,-12,-20,-16,-23,-18"
2.95329213142395,35,"CSI,3314,128,83,49,21,0,32,-1,32,-2,31,-5,29,-6,26,-6,23,-5,18,-4,12,-5,10,-5,11,-4,9,-5,8,-9,7,-10,4,-12,-1,-14,-1,-18,0,-19,0,-17,-1,-15,0,-13,0,-12,1,-12,2,-11,1,-11,0,-9,-1,-2,0,0,0,0,0,0,0,0,0,0,0,0,0,0,0,0,0,0,-2,-1,-6,-1,-4,0,-2,1,0,1,3,2,7,4,9,7,9,10,8,14,5,19,5,21,7,23,7,23,4,22,2,20,2,20,2,19,3,15,5,11,7,8,9,5,12,3,16,0,23,-4,29,-3,30,-1"
3.060915946960449,36,"CSI,3318,128,83,49,21,0,-26,20,-24,20,-22,19,-23,18,-20,17,-17,18,-19,16,-22,12,-18,9,-13,10,-8,11,-3,10,1,9,3,9,4,11,7,14,9,15,9,15,8,14,8,13,7,11,6,9,6,9,3,7,0,5,0,1,0,0,0,0,0,0,0,0,0,0,0,0,0,0,0,0,0,0,2,-1,7,-4,5,-3,2,-1,0,0,-4,1,-8,0,-12,0,-16,-3,-19,-6,-21,-6,-21,-8,-20,-12,-22,-14,-21,-16,-16,-17,-14,-16,-15,-13,-14,-11,-13,-9,-12,-5,-10,1,-11,4,-14,8,-18,13,-21,17,-24,22"
3.124559164047241,37,"CSI,3935,128,83,49,21,0,-12,-6,-9,-1,-7,3,-4,4,-3,5,-2,8,-4,7,-5,5,-5,9,-4,13,-3,14,-4,13,-6,13,-7,11,-7,9,-4,10,-3,9,-2,5,-2,2,-1,2,1,2,5,2,8,2,9,2,8,1,1,0,0,0,0,0,0,0,0,0,0,0,0,0,0,0,0,0,0,0,-1,-1,0,-3,0,-2,1,-3,0,-5,0,-7,-1,-7,-1,-7,0,-7,1,-9,1,-11,2,-11,5,-8,5,-5,1,-4,-2,-3,-3,-3,-3,-2,-6,0,-12,0,-16,-1,-17,-3,-19,-6,-20,-7,-19,-6,-20,-6,-22,-6"
3.16310715675354,38,"CSI,3322,128,83,49,21,0,-19,-32,-17,-33,-14,-29,-13,-28,-14,-28,-13,-26,-9,-22,-5,-16,-6,-14,-11,-11,-13,-8,-11,-3,-11,0,-13,2,-13,4,-12,4,-14,3,-14,2,-15,3,-16,3,-15,1,-13,0,-12,1,-11,1,-11,-1,-3,-1,0,0,0,0,0,0,0,0,0,0,0,0,0,0,0,0,0,0,0,1,3,5,3,3,1,2,0,0,0,-2,1,-5,2,-7,4,-11,8,-16,12,-17,14,-17,16,-19,18,-19,19,-19,19,-17,17,-12,14,-10,11,-12,10,-13,6,-11,0,-12,-1,-14,-3,-16,-8,-21,-10,-24,-11,-26"
3.199066162109375,39,"CSI,3970,128,75,-79,20,0,-3,-33,-2,-34,-1,-33,1,-29,2,-27,2,-28,0,-25,-5,-19,-6,-15,-4,-13,-3,-9,-4,-6,-7,-6,-11,-6,-12,-7,-14,-9,-16,-10,-15,-12,-13,-12,-11,-11,-9,-10,-8,-9,-7,-10,-5,-9,-2,-7,-1,-2,0,0,0,0,0,0,0,0,0,0,0,0,0,0,0,0,0,0,0,0,4,2,5,2,3,0,2,0,3,-1,1,-5,-1,-10,1,-13,4,-15,7,-19,11,-23,18,-25,19,-21,17,-16,18,-16,17,-15,16,-11,15,-10,13,-10,8,-9,4,-9,4,-13,3,-21,-1,-27,-4,-29,-5,-30"
3.232473134994507,40,"CSI,3971,128,75,-79,20,0,12,-32,13,-32,13,-30,12,-27,11,-25,9,-22,6,-20,2,-20,0,-16,0,-11,0,-9,0,-9,-3,-8,-8,-7,-11,-7,-12,-10,-12,-11,-11,-11,-10,-12,-10,-12,-10,-12,-9,-11,-8,-9,-6,-9,-5,-10,-1,-3,0,0,0,0,0,0,0,0,0,0,0,0,0,0,0,0,0,0,0,1,0,5,-1,5,-1,3,-1,-1,1,-2,4,-3,7,-6,12,-7,16,-8,18,-8,21,-6,24,-5,24,-2,25,2,23,2,21,-1,17,-2,15,-2,15,-5,15,-7,13,-8,11,-11,10,-17,11,-22,11,-25,11,-23"
3.26387095451355,41,"CSI,3325,128,83,49,21,0,-6,-34,-7,-35,-8,-35,-6,-33,-5,-32,-6,-28,-6,-26,-4,-25,-5,-21,-7,-14,-8,-9,-7,-6,-8,-1,-10,3,-10,1,-11,2,-13,5,-15,4,-15,4,-14,4,-13,1,-12,-1,-9,-2,-6,-1,-7,0,-2,0,0,0,0,0,0,0,0,0,0,0,0,0,0,0,0,0,0,0,-1,2,-2,8,-2,6,0,3,2,-1,3,-4,4,-7,5,-8,8,-11,12,-11,16,-11,21,-9,23,-7,22,-6,21,-5,21,-2,22,-1,19,-2,15,-3,12,-5,9,-5,8,-7,7,-12,4,-16,-1,-18,-3,-22,-2,-25"
3.366885185241699,42,"CSI,3329,128,83,49,21,0,-26,-27,-23,-26,-21,-24,-20,-21,-18,-22,-17,-23,-18,-20,-21,-17,-21,-13,-16,-11,-11,-9,-7,-4,-8,1,-11,2,-13,3,-14,6,-17,8,-18,7,-16,5,-13,4,-10,2,-9,2,-9,2,-8,1,-8,1,-2,0,0,0,0,0,0,0,0,0,0,0,0,0,0,0,0,0,0,0,0,0,2,1,3,4,4,4,2,1,0,-3,-3,-7,-2,-10,-1,-13,-1,-15,-1,-18,0,-23,3,-25,9,-22,11,-22,11,-23,10,-20,9,-16,8,-15,4,-16,1,-17,-1,-15,-5,-12,-12,-11,-17,-13,-21,-15,-23,-17"
3.4652841091156006,43,"CSI,3333,128,83,49,21,0,28,18,29,19,28,17,25,15,23,16,21,16,19,15,16,16,13,12,11,5,11,3,10,0,8,-4,7,-7,8,-10,10,-11,12,-11,13,-12,12,-9,10,-7,11,-8,10,-8,7,-6,6,-4,7,-4,1,-1,0,0,0,0,0,0,0,0,0,0,0,0,0,0,0,0,0,0,-2,-1,-6,-4,-7,-3,-4,-2,-2,0,-1,2,2,4,3,7,4,11,2,13,0,17,-2,22,-1,24,-1,24,-4,23,-7,22,-8,21,-6,19,-5,15,-2,9,0,9,4,11,9,9,15,6,21,6,24,8,23,9"
3.535766124725342,44,"CSI,3952,128,83,49,21,0,-12,2,-10,3,-7,5,-3,7,0,8,3,9,2,7,-1,5,1,10,5,14,5,15,3,16,3,14,3,11,3,9,3,8,1,8,-2,5,-2,2,0,1,1,0,1,-2,3,-4,5,-5,5,-5,1,-2,0,0,0,0,0,0,0,0,0,0,0,0,0,0,0,0,0,0,0,-1,0,-3,-2,-2,-2,-1,-2,-3,-4,-6,-5,-5,-3,-5,-2,-8,-2,-9,-2,-10,0,-11,0,-11,-1,-11,-1,-9,-2,-3,-3,-2,-3,-1,-3,2,-6,3,-10,4,-12,6,-13,6,-17,5,-20,4,-18,2,-17,-1"
3.566365957260132,45,"CSI,3359,128,77,-47,20,0,10,-4,6,-7,3,-7,1,-6,-1,-7,-4,-9,-4,-9,-3,-6,-4,-6,-9,-7,-13,-9,-12,-10,-10,-9,-9,-9,-8,-9,-8,-7,-7,-7,-5,-6,-4,-3,-1,-1,-2,1,-3,1,-2,2,-2,4,0,4,0,1,0,0,0,0,0,0,0,0,0,0,0,0,0,0,0,0,0,0,-1,-1,-3,-1,0,0,0,1,-1,3,-1,3,-3,6,-4,8,-4,8,-4,8,-3,9,-2,9,-4,9,-5,7,-4,3,-2,1,1,0,5,-3,8,-4,9,-5,9,-5,10,-4,14,-5,16,-6,16,-5,16,-5,15,-4"
3.5990352630615234,46,"CSI,3338,128,83,49,21,0,21,-29,21,-26,21,-23,20,-21,21,-21,20,-21,19,-18,18,-14,14,-12,8,-14,2,-13,-3,-8,-5,-5,-6,-7,-7,-11,-11,-12,-11,-13,-8,-15,-5,-16,-5,-17,-6,-15,-5,-13,-4,-11,-4,-10,-3,-10,-1,-3,0,0,0,0,0,0,0,0,0,0,0,0,0,0,0,0,0,0,0,1,0,5,-1,4,0,3,2,1,5,-3,7,-4,9,-2,9,-1,12,-1,15,2,18,4,22,6,25,8,24,10,22,13,20,14,18,11,17,8,17,5,14,3,8,1,8,-4,14,-8,17,-14,18,-20,19,-21"
3.675537347793579,47,"CSI,3341,128,83,49,21,0,-35,-15,-31,-15,-27,-14,-26,-16,-25,-15,-22,-11,-21,-12,-20,-13,-21,-9,-19,-5,-15,-2,-13,0,-11,2,-9,8,-8,12,-10,14,-12,15,-13,14,-12,13,-12,11,-11,8,-12,6,-12,3,-11,3,-9,5,-3,1,0,0,0,0,0,0,0,0,0,0,0,0,0,0,0,0,0,0,1,-2,4,-4,5,-1,3,-1,1,-3,-2,-5,-6,-9,-7,-10,-6,-9,-6,-13,-7,-19,-6,-22,-5,-24,-3,-26,-2,-25,-2,-26,-2,-24,0,-20,-2,-17,-5,-15,-7,-13,-9,-12,-13,-11,-17,-8,-21,-7,-25,-8,-28,-10"
3.738161325454712,48,"CSI,3960,128,83,49,21,0,10,0,9,2,7,-1,1,-6,-1,-8,-2,-7,-5,-6,-7,-6,-3,-7,1,-9,1,-10,0,-13,1,-16,0,-16,-1,-13,-2,-10,0,-8,0,-6,-1,-2,-2,-1,-2,-1,-3,0,-5,2,-5,2,-5,4,-1,1,0,0,0,0,0,0,0,0,0,0,0,0,0,0,0,0,0,0,-1,0,0,0,2,0,1,1,2,3,3,5,1,5,-1,7,-1,8,1,10,1,10,-1,7,-4,6,-4,5,-3,5,0,3,4,2,6,-1,7,-4,9,-5,10,-4,11,-4,13,-3,13,-3,13,-3,13,-1,11,3"
3.7725331783294678,49,"CSI,3346,128,83,49,21,0,13,33,14,32,15,32,14,32,11,30,10,27,6,23,1,16,3,14,6,12,8,7,11,3,13,2,14,2,18,2,22,1,21,1,18,2,17,2,16,3,14,6,13,4,11,3,7,4,4,4,0,1,0,0,0,0,0,0,0,0,0,0,0,0,0,0,0,0,0,0,-2,-2,-6,-5,-4,-2,-2,0,-2,2,-2,4,-2,7,-1,11,-1,13,-4,16,-8,19,-11,22,-14,21,-15,19,-16,19,-17,18,-15,16,-13,13,-10,11,-7,11,-6,13,-2,14,2,13,6,15,8,19,9,23,12,26"
3.9772531986236572,50,"CSI,3353,128,83,49,21,0,-3,35,-3,34,-5,33,-7,28,-7,23,-7,23,-5,21,0,17,0,14,-3,9,-2,6,2,6,7,6,11,6,13,7,15,9,15,10,13,7,13,9,11,13,7,12,4,9,3,8,3,7,2,5,0,1,0,0,0,0,0,0,0,0,0,0,0,0,0,0,0,0,0,0,-2,-2,-6,-7,-3,-5,-2,-1,-3,3,-4,4,-5,4,-7,7,-10,9,-15,10,-21,10,-24,8,-24,6,-24,7,-23,7,-22,5,-21,3,-17,2,-14,3,-13,4,-10,7,-9,10,-9,13,-6,17,-3,22,-2,25,-2,29"
4.048495292663574,51,"CSI,3971,128,83,49,21,0,0,-15,-2,-13,-1,-10,-3,-6,-4,-3,-6,-3,-5,-1,-1,3,-2,1,-7,-3,-10,-4,-11,-5,-12,-5,-11,-4,-8,-4,-6,-6,-4,-7,-4,-5,-4,-4,-4,-3,-2,0,-2,2,-4,2,-4,2,-5,4,-2,1,0,0,0,0,0,0,0,0,0,0,0,0,0,0,0,0,0,0,-2,0,-4,0,-3,-2,-2,-3,-3,-4,-3,-6,-1,-7,2,-9,6,-9,6,-9,4,-12,4,-12,5,-9,5,-7,4,-5,3,-3,0,-3,-4,-2,-5,-3,-7,-8,-10,-13,-11,-13,-9,-13,-7,-14,-6,-17,-6,-21,-7,-23"
4.088141202926636,52,"CSI,3358,128,83,49,21,0,-28,-14,-25,-13,-24,-12,-25,-11,-26,-10,-24,-9,-21,-10,-18,-13,-19,-12,-20,-8,-18,-6,-15,-4,-13,-1,-12,1,-14,2,-14,3,-12,5,-11,4,-11,3,-11,3,-12,3,-11,2,-9,1,-7,0,-5,2,-1,0,0,0,0,0,0,0,0,0,0,0,0,0,0,0,0,0,0,0,-1,-3,-1,-11,-1,-9,-2,-7,-4,-7,-6,-6,-7,-4,-11,-2,-16,-5,-17,-11,-15,-14,-16,-18,-16,-22,-15,-23,-14,-23,-12,-22,-9,-21,-9,-20,-10,-17,-12,-15,-13,-13,-13,-12,-16,-12,-22,-10,-26,-9,-27,-11,-25,-10"
4.181545972824097,53,"CSI,3361,128,83,49,21,0,8,32,5,31,3,27,5,24,5,20,4,15,5,12,6,11,10,8,10,3,7,-1,7,-5,9,-8,10,-7,9,-8,9,-12,9,-13,10,-12,9,-11,6,-9,6,-9,7,-9,6,-7,3,-6,3,-5,1,-2,0,0,0,0,0,0,0,0,0,0,0,0,0,0,0,0,0,0,0,-1,1,-3,1,-2,1,-1,-2,1,-5,4,-9,5,-13,5,-16,6,-19,7,-24,7,-27,4,-27,2,-26,0,-24,0,-24,1,-25,0,-21,-1,-16,0,-13,1,-9,2,-4,5,0,9,3,12,5,19,6,23,7,25"
4.285484075546265,54,"CSI,3366,128,83,49,21,0,-6,-34,-6,-33,-6,-30,-7,-28,-9,-27,-11,-25,-9,-19,-5,-12,-5,-10,-6,-9,-5,-6,-6,-3,-7,1,-6,5,-6,9,-8,12,-10,10,-9,9,-7,11,-7,10,-8,8,-7,8,-8,8,-9,6,-10,2,-3,-1,0,0,0,0,0,0,0,0,0,0,0,0,0,0,0,0,0,0,-2,0,-5,0,-3,0,-1,1,0,-1,2,-2,3,-2,6,-2,12,-2,18,0,23,2,25,4,25,7,25,8,23,9,23,11,21,10,17,9,13,7,12,5,11,2,8,-2,6,-7,3,-10,-1,-16,-2,-23,-1,-21"
4.388957977294922,55,"CSI,3369,128,83,49,21,0,10,-29,11,-24,12,-20,10,-21,6,-22,2,-22,3,-19,5,-15,1,-14,-3,-12,-6,-8,-7,-6,-9,-6,-10,-6,-12,-3,-13,-2,-12,-4,-13,-6,-14,-6,-14,-5,-12,-2,-11,-2,-11,-3,-10,-4,-8,-4,-2,-1,0,0,0,0,0,0,0,0,0,0,0,0,0,0,0,0,0,0,-1,0,-2,2,0,1,1,-1,4,-3,6,-5,9,-6,12,-6,14,-5,17,-2,21,-1,24,0,25,1,23,4,20,6,17,7,14,7,13,6,13,4,8,1,4,-3,4,-7,5,-11,5,-14,6,-22,8,-29,10,-30"
4.45373797416687,56,"CSI,3988,128,83,49,21,0,3,9,4,7,6,6,8,4,8,3,8,2,8,-1,8,-6,8,-4,11,0,13,4,14,6,14,7,12,8,11,6,8,6,7,8,7,7,6,3,4,1,3,-1,3,-1,4,-3,5,-5,7,-5,2,-2,0,0,0,0,0,0,0,0,0,0,0,0,0,0,0,0,0,0,-1,-1,-3,-1,-2,-1,0,-2,1,-1,-1,1,-2,2,-2,4,-2,5,-2,4,-2,3,-2,5,-3,4,-3,2,-3,1,-2,1,2,4,6,5,5,4,4,4,5,3,5,4,7,7,10,9,9,11,9,14,10,18"
4.487112998962402,57,"CSI,3972,128,77,-47,20,0,-15,26,-15,25,-16,26,-13,25,-10,22,-7,20,-2,16,2,11,1,9,1,6,4,3,6,2,8,0,12,-3,14,-5,14,-3,13,-3,14,-5,15,-6,14,-4,14,-3,12,-1,12,0,11,-1,10,-3,2,-1,0,0,0,0,0,0,0,0,0,0,0,0,0,0,0,0,0,0,1,-1,6,-2,2,0,-1,1,-4,0,-9,-1,-12,-4,-13,-9,-14,-12,-16,-12,-18,-15,-19,-21,-17,-23,-16,-23,-16,-23,-14,-21,-11,-19,-8,-15,-7,-12,-8,-9,-9,-4,-10,2,-11,6,-11,11,-13,21,-16,28,-21,27"
4.5203282833099365,58,"CSI,3373,128,83,49,21,0,-31,10,-30,9,-24,10,-21,11,-19,11,-17,12,-19,11,-19,8,-14,9,-9,10,-5,9,-2,8,3,6,7,4,9,3,10,5,11,6,11,5,11,5,12,6,12,5,10,5,7,5,5,4,1,2,0,0,0,0,0,0,0,0,0,0,0,0,0,0,0,0,0,0,0,0,1,0,5,3,2,3,0,1,-1,-2,-4,-3,-6,-3,-6,-7,-6,-13,-7,-17,-7,-20,-4,-24,-1,-27,-1,-26,-1,-24,-2,-25,-3,-24,-2,-20,-2,-16,-3,-10,-4,-6,-6,-3,-9,3,-13,7,-19,9,-25,13,-32,17"
4.551127195358276,59,"CSI,3973,128,77,-47,20,0,-25,22,-25,20,-24,19,-21,18,-16,17,-13,15,-9,15,-3,16,0,15,0,9,3,3,5,2,4,4,7,5,10,6,12,6,12,6,13,7,11,7,9,5,9,6,8,8,9,9,8,7,5,5,1,1,0,0,0,0,0,0,0,0,0,0,0,0,0,0,0,0,0,0,3,-1,9,-1,4,0,1,0,-2,1,-6,0,-9,-2,-11,-5,-13,-6,-17,-8,-20,-12,-23,-17,-24,-20,-20,-20,-14,-17,-11,-15,-10,-16,-9,-17,-7,-15,-8,-9,-9,-4,-9,1,-11,6,-12,10,-16,15,-19,19,-21,21"
4.59492826461792,60,"CSI,3378,128,83,49,21,0,-31,14,-30,13,-27,12,-24,13,-23,14,-22,14,-22,14,-24,14,-21,13,-14,12,-10,9,-6,6,-1,8,4,10,9,9,12,8,12,10,10,10,7,12,5,13,4,12,5,9,5,7,2,10,2,11,0,2,0,0,0,0,0,0,0,0,0,0,0,0,0,0,0,0,0,0,0,-1,3,-2,1,-1,-2,1,-4,2,-5,-1,-8,-3,-14,-3,-17,-6,-19,-12,-22,-17,-23,-19,-21,-21,-17,-20,-13,-19,-11,-20,-11,-22,-11,-19,-9,-13,-9,-8,-10,-3,-11,2,-14,4,-18,5,-20,9,-24,13,-27,12"
4.663311243057251,61,"CSI,3974,128,75,-79,20,0,-13,-30,-12,-29,-13,-29,-15,-28,-17,-24,-16,-19,-11,-17,-6,-16,-7,-13,-9,-12,-8,-9,-8,-3,-8,2,-7,5,-8,8,-11,9,-12,10,-12,11,-12,12,-13,11,-14,8,-13,7,-10,6,-8,4,-6,4,-2,1,0,0,0,0,0,0,0,0,0,0,0,0,0,0,0,0,0,0,-1,1,-5,6,-3,3,1,-2,3,-6,4,-8,7,-10,9,-13,10,-14,12,-14,16,-13,22,-11,26,-10,26,-9,24,-8,24,-6,21,-3,15,-2,9,-5,7,-8,6,-8,1,-11,-3,-13,-7,-15,-11,-21,-12,-27,-11,-29"
4.69941520690918,62,"CSI,3976,128,77,-47,20,0,-15,-29,-11,-29,-11,-28,-12,-23,-14,-20,-15,-18,-15,-16,-17,-15,-15,-12,-11,-7,-10,-3,-8,-1,-8,-2,-10,-1,-13,3,-17,4,-16,5,-16,6,-17,3,-15,1,-14,1,-14,0,-14,-1,-13,-1,-12,0,-3,0,0,0,0,0,0,0,0,0,0,0,0,0,0,0,0,0,0,0,0,2,2,5,1,0,0,-2,-2,-3,-3,-7,-1,-11,-1,-13,1,-17,6,-22,6,-24,9,-25,14,-25,13,-22,12,-17,12,-15,12,-14,10,-12,6,-11,3,-9,0,-8,-5,-10,-9,-15,-11,-19,-13,-21,-16,-24,-19,-24"
4.727278232574463,63,"CSI,3381,128,83,49,21,0,31,8,28,9,25,7,22,5,19,7,19,5,22,2,23,4,21,2,14,-2,8,-5,5,-8,3,-10,3,-12,0,-15,1,-18,2,-18,2,-18,4,-18,5,-17,4,-15,3,-13,2,-12,3,-10,4,-8,1,-2,0,0,0,0,0,0,0,0,0,0,0,0,0,0,0,0,0,0,-1,0,-2,-2,0,-3,3,-1,5,1,7,3,7,6,7,9,8,12,9,16,8,20,6,23,4,24,3,23,3,21,0,19,-2,16,1,13,4,10,5,7,6,6,9,4,14,4,17,4,22,2,27,1,31,3"
4.7626953125,64,"CSI,3977,128,77,-47,20,0,-12,-31,-12,-29,-10,-26,-10,-23,-8,-22,-6,-20,-8,-20,-9,-20,-9,-16,-10,-11,-10,-8,-9,-6,-10,-4,-12,-1,-11,1,-13,2,-16,3,-16,2,-15,1,-15,-2,-15,-2,-13,-3,-12,-4,-11,-3,-9,-2,-2,-1,0,0,0,0,0,0,0,0,0,0,0,0,0,0,0,0,0,0,0,0,1,2,1,0,-3,-3,-3,-5,-1,-7,-1,-11,-1,-15,1,-17,5,-19,8,-21,11,-21,15,-18,17,-15,18,-13,15,-12,11,-13,10,-10,9,-6,5,-9,1,-14,-2,-14,-4,-14,-8,-17,-10,-22,-11,-28,-12,-30"
4.798203229904175,65,"CSI,3385,128,83,49,21,0,-26,16,-25,15,-22,12,-20,12,-18,11,-15,12,-9,11,-5,7,-4,5,-5,6,-4,3,2,1,9,1,14,-1,16,-3,17,-3,16,-3,16,-4,17,-3,16,-2,14,-2,11,-2,8,-2,7,-2,7,-2,1,-1,0,0,0,0,0,0,0,0,0,0,0,0,0,0,0,0,0,0,0,1,0,5,-3,1,-4,-3,-4,-4,-5,-6,-6,-10,-8,-12,-8,-15,-3,-18,-1,-20,2,-22,5,-24,6,-22,6,-20,7,-17,6,-16,6,-13,5,-8,1,-6,-2,-5,-5,-4,-9,-2,-12,2,-18,7,-21,11,-20,9"
4.899551153182983,66,"CSI,3389,128,83,49,21,0,26,-20,27,-21,23,-20,20,-20,20,-22,20,-23,15,-24,7,-23,4,-17,5,-12,6,-9,5,-5,2,-1,-2,1,-7,3,-12,5,-16,7,-18,8,-19,7,-19,5,-19,3,-17,3,-15,3,-13,2,-11,1,-3,0,0,0,0,0,0,0,0,0,0,0,0,0,0,0,0,0,0,0,0,-4,1,-12,0,-10,3,-9,5,-7,5,-4,4,-1,4,4,7,7,7,9,4,15,0,23,-2,24,-4,24,-6,25,-6,25,-7,25,-7,24,-7,19,-6,17,-5,13,-2,9,2,6,4,0,7,-5,13,-5,15,-7"
5.002345085144043,67,"CSI,3393,128,83,49,21,0,18,19,18,19,21,18,22,16,22,16,20,15,15,13,12,14,11,11,11,4,9,-1,7,-2,5,-3,2,-7,-1,-12,-2,-14,-2,-15,-1,-17,-2,-17,-2,-17,-1,-16,0,-15,0,-13,1,-9,1,-8,0,-2,0,0,0,0,0,0,0,0,0,0,0,0,0,0,0,0,0,0,0,-1,4,-2,5,-1,4,0,1,2,-1,3,-4,5,-6,7,-7,9,-11,11,-17,11,-20,10,-21,9,-23,8,-25,7,-24,5,-24,2,-22,1,-18,4,-15,4,-13,1,-8,1,-3,5,2,9,6,12,10,14,15,16"
5.068881273269653,68,"CSI,4011,128,83,49,21,0,7,3,5,2,3,-1,4,-5,4,-8,2,-11,2,-10,4,-5,5,-6,6,-11,5,-14,3,-15,2,-12,2,-11,2,-9,2,-7,2,-6,2,-5,2,-4,-1,-4,-5,-3,-8,-1,-10,0,-9,-2,-7,-1,-2,-1,0,0,0,0,0,0,0,0,0,0,0,0,0,0,0,0,0,0,-1,0,-1,0,-1,1,-1,4,-2,6,-5,6,-6,5,-4,5,-3,6,-4,5,-6,4,-6,4,-6,4,-4,4,-2,3,-1,2,2,3,4,2,3,1,6,1,12,1,14,2,12,3,11,5,13,4,15,4,14,7"
5.104663133621216,69,"CSI,3397,128,83,49,21,0,-29,-19,-29,-16,-26,-15,-23,-15,-22,-11,-21,-6,-16,-5,-10,-4,-9,-4,-10,-7,-5,-4,0,0,4,2,7,4,11,6,14,9,15,12,16,12,17,11,16,10,13,10,11,9,10,8,10,7,10,6,2,1,0,0,0,0,0,0,0,0,0,0,0,0,0,0,0,0,0,0,-2,-1,-5,-3,-2,-3,2,-6,3,-7,6,-7,7,-6,8,-6,13,-5,17,-2,19,2,21,4,24,4,26,4,23,4,20,7,19,9,18,9,14,8,9,3,4,-1,0,-2,-4,-4,-8,-6,-13,-8,-20,-13,-25,-17"
5.221759080886841,70,"CSI,3978,128,77,-47,20,0,-19,-23,-19,-22,-19,-17,-19,-14,-17,-12,-17,-9,-17,-10,-14,-14,-11,-12,-8,-5,-5,0,-3,2,0,4,3,6,6,9,8,12,8,14,7,14,7,14,6,15,5,14,4,13,3,12,2,9,0,8,0,2,0,0,0,0,0,0,0,0,0,0,0,0,0,0,0,0,0,0,-2,-1,-7,-3,-6,-1,-4,0,-2,0,0,-1,4,-4,9,-5,12,-4,12,-3,16,-3,21,-2,22,-1,22,-2,21,-3,20,-3,19,1,15,4,13,4,11,1,7,-1,1,-4,-3,-6,-7,-10,-10,-15,-13,-18,-15,-19"
5.252542972564697,71,"CSI,3979,128,77,-47,20,0,-18,-21,-18,-21,-17,-21,-18,-18,-20,-14,-22,-12,-19,-8,-15,-3,-12,-1,-9,0,-7,2,-3,2,0,4,4,4,6,4,7,7,9,10,10,10,9,13,9,15,8,13,6,11,6,10,5,10,1,11,-1,2,0,0,0,0,0,0,0,0,0,0,0,0,0,0,0,0,0,0,-3,0,-8,2,-7,2,-6,0,-3,-3,1,-6,4,-6,7,-5,10,-4,14,-5,18,-2,21,2,20,2,21,3,24,6,22,6,17,3,13,2,11,2,10,1,7,-2,3,-3,-2,-3,-7,-8,-10,-13,-14,-18,-16,-21"
5.411249160766602,72,"CSI,3409,128,83,49,21,0,-24,-25,-24,-22,-24,-20,-22,-17,-20,-11,-19,-6,-16,-3,-11,2,-8,3,-5,2,-1,1,2,2,4,3,9,1,15,-1,18,-1,17,0,18,-1,20,-2,18,-2,16,-1,15,1,13,2,9,1,6,0,1,0,0,0,0,0,0,0,0,0,0,0,0,0,0,0,0,0,0,0,0,-1,3,-3,4,-5,5,-4,4,-3,5,0,7,2,8,5,9,9,11,14,12,19,13,22,14,24,12,26,10,26,9,24,8,21,6,19,4,14,5,11,4,9,0,3,-5,-6,-9,-12,-13,-15,-15,-19,-15,-25"
5.477135181427002,73,"CSI,4027,128,83,49,21,0,7,0,6,1,5,-1,3,-4,2,-6,3,-6,1,-3,-2,0,1,-2,5,-7,5,-11,6,-10,7,-9,7,-9,6,-6,4,-4,3,-5,3,-6,5,-4,4,-2,1,-3,0,-4,-2,-4,-4,-4,-6,-4,-2,-1,0,0,0,0,0,0,0,0,0,0,0,0,0,0,0,0,0,0,1,0,4,0,2,1,2,2,3,1,3,-1,4,-1,6,-1,6,0,6,2,7,3,7,3,7,4,5,5,4,6,5,4,6,2,5,-1,4,-5,5,-6,7,-7,8,-8,9,-7,9,-6,9,-5,10,-5,6,-6"
5.5132269859313965,74,"CSI,3414,128,83,49,21,0,6,-23,5,-23,2,-22,-2,-21,-4,-18,-6,-15,-7,-11,-5,-8,-5,-8,-6,-6,-6,-1,-6,1,-6,2,-7,5,-7,9,-8,11,-7,10,-5,10,-5,10,-6,9,-5,9,-5,9,-5,9,-4,7,-4,4,-1,0,0,0,0,0,0,0,0,0,0,0,0,0,0,0,0,0,0,0,-1,-1,-3,-2,-1,-3,2,-3,4,-1,6,0,8,-1,10,0,13,2,16,5,18,9,18,14,16,16,13,15,10,16,8,16,8,13,7,7,6,4,6,2,5,-2,4,-7,1,-12,-1,-19,-1,-25,1,-28,4,-28"
5.617098093032837,75,"CSI,3417,128,83,49,21,0,5,-28,4,-27,3,-23,0,-20,-2,-18,-4,-15,-6,-16,-6,-16,-7,-11,-9,-6,-10,0,-12,4,-12,6,-11,6,-11,9,-11,11,-11,11,-11,12,-10,14,-9,13,-8,10,-7,10,-8,10,-7,9,-5,7,-2,1,0,0,0,0,0,0,0,0,0,0,0,0,0,0,0,0,0,0,-1,0,0,-1,3,-1,4,0,5,2,10,2,12,3,13,3,15,6,17,9,19,12,18,18,17,19,15,16,11,14,8,13,7,13,6,11,4,4,1,-2,-1,-6,-2,-11,-2,-17,2,-21,4,-24,5,-29,6,-31"
5.716381311416626,76,"CSI,3421,128,83,49,21,0,-7,-23,-7,-20,-5,-18,-6,-16,-6,-13,-4,-11,-7,-10,-11,-5,-9,1,-2,1,2,0,2,0,3,1,5,3,8,5,8,8,9,12,9,10,9,7,9,6,7,7,5,5,3,3,2,2,1,3,0,0,0,0,0,0,0,0,0,0,0,0,0,0,0,0,0,0,0,0,1,-1,6,-3,7,0,8,3,7,4,7,5,10,6,9,7,7,8,9,12,10,14,7,14,4,14,3,15,2,13,1,11,0,9,-1,6,-3,4,-4,0,-3,-5,-3,-7,-5,-9,-8,-11,-5,-16,-3,-22,-5,-25"
5.821768283843994,77,"CSI,3426,128,83,49,21,0,-22,10,-21,11,-20,13,-18,12,-18,11,-15,12,-8,11,0,9,2,5,-1,3,1,2,3,1,3,-1,5,-4,7,-5,10,-6,12,-9,12,-11,12,-10,12,-8,11,-7,10,-5,9,-4,7,-3,4,0,0,0,0,0,0,0,0,0,0,0,0,0,0,0,0,0,0,0,0,0,-2,0,-6,0,-5,-1,-2,-3,-3,-5,-6,-8,-5,-11,-2,-13,0,-15,1,-13,2,-12,6,-16,8,-19,8,-19,9,-18,9,-15,8,-13,7,-11,8,-7,5,-4,0,-4,-2,-4,-2,2,-5,9,-10,10,-14,10,-15,14"
5.88850212097168,78,"CSI,4044,128,83,49,21,0,-16,6,-10,3,-5,2,-1,6,0,9,1,10,1,12,-1,14,3,15,8,15,10,14,9,14,7,15,4,14,3,12,3,11,2,10,2,7,1,3,1,1,2,0,2,0,2,-1,3,-4,5,-5,1,-2,0,0,0,0,0,0,0,0,0,0,0,0,0,0,0,0,0,0,0,-3,1,-9,-1,-8,-2,-8,-3,-8,-2,-8,1,-9,1,-9,1,-9,1,-11,1,-13,1,-11,0,-7,0,-6,1,-4,1,-1,0,1,-1,0,-2,1,-7,3,-11,4,-10,5,-12,5,-15,5,-15,7,-15,9,-15,10"
6.127598285675049,79,"CSI,3438,128,83,49,21,0,4,16,6,15,6,14,6,13,7,12,10,11,11,11,9,13,8,11,6,7,4,5,2,4,-1,5,-4,5,-7,5,-10,4,-12,3,-12,2,-12,2,-12,3,-11,3,-10,3,-9,4,-8,5,-8,5,-2,1,0,0,0,0,0,0,0,0,0,0,0,0,0,0,0,0,0,0,-1,-2,-2,-4,1,-3,3,-4,4,-7,7,-8,8,-6,8,-6,8,-6,10,-6,10,-8,10,-9,10,-8,11,-9,13,-10,13,-7,10,-7,8,-5,7,-3,6,-1,5,0,4,1,2,2,-2,5,-4,8,-3,10,-1,11"
6.16076922416687,80,"CSI,3981,128,77,-47,20,0,17,13,18,10,18,5,16,4,16,5,15,4,13,6,12,9,9,8,5,4,2,1,-3,-2,-7,-4,-9,-3,-11,-2,-15,-5,-16,-6,-15,-7,-13,-9,-13,-11,-11,-11,-9,-10,-8,-6,-7,-5,-6,-6,-2,-2,0,0,0,0,0,0,0,0,0,0,0,0,0,0,0,0,0,0,0,0,2,2,-1,2,-3,3,-4,3,-5,2,-6,1,-9,0,-12,0,-13,-1,-17,0,-19,0,-20,-2,-18,-3,-17,-3,-18,-3,-17,-4,-12,-3,-6,-2,-3,0,-4,1,-3,1,1,3,5,4,11,6,15,6,16,4"
6.189143180847168,81,"CSI,3982,128,77,-47,20,0,18,4,19,3,21,4,20,2,17,0,17,2,16,1,9,-2,5,-2,4,0,3,0,0,0,-2,-2,-5,-5,-8,-5,-9,-6,-11,-6,-14,-8,-15,-10,-12,-9,-11,-10,-10,-10,-8,-9,-6,-10,-5,-11,-2,-3,0,0,0,0,0,0,0,0,0,0,0,0,0,0,0,0,0,0,0,-1,2,-2,3,0,1,0,-2,0,-3,0,-4,3,-6,6,-10,6,-12,6,-13,7,-14,7,-14,5,-14,5,-13,4,-13,3,-14,3,-12,3,-9,4,-6,5,-4,4,-2,2,2,4,2,7,5,6,9,4,11,5"
6.229807138442993,82,"CSI,3442,128,83,49,21,0,-3,-14,-6,-13,-7,-12,-5,-11,-4,-10,-7,-9,-5,-8,-1,-3,-1,0,-1,0,0,-1,2,-2,5,-1,8,-1,9,-1,10,0,10,1,9,-1,10,-5,11,-4,9,-1,7,-2,5,-4,2,-4,1,-3,0,-1,0,0,0,0,0,0,0,0,0,0,0,0,0,0,0,0,0,0,0,0,0,3,0,3,-1,3,-3,2,-4,1,-5,2,-7,3,-8,3,-10,4,-12,7,-14,8,-15,6,-14,5,-12,6,-10,6,-10,5,-9,3,-8,1,-7,-1,-4,-1,-1,-3,1,-6,3,-6,7,-10,8,-14,7,-15"
6.298709154129028,83,"CSI,4059,128,83,49,21,0,-3,5,0,5,1,6,2,4,5,3,11,1,11,-1,5,-4,4,-3,6,0,8,0,10,-1,11,-1,11,-1,11,-1,11,-1,8,0,4,0,3,-3,2,-3,0,-2,-1,-4,-2,-7,-2,-10,-3,-11,-1,-3,0,0,0,0,0,0,0,0,0,0,0,0,0,0,0,0,0,0,-1,-1,-3,-3,-2,-1,-2,0,-4,-2,-5,-4,-4,-7,-4,-7,-7,-7,-8,-8,-5,-8,0,-9,4,-8,2,-4,-1,-1,1,-1,2,2,1,6,0,6,-2,5,-4,9,-5,13,-7,11,-6,11,-4,10,-4,10,-3,9"
6.332187175750732,84,"CSI,3445,128,83,49,21,0,12,13,12,12,13,12,16,11,18,10,16,9,14,9,14,10,11,6,5,1,1,-1,0,-1,-1,-1,-5,-6,-9,-9,-9,-11,-9,-14,-7,-16,-5,-15,-3,-14,-1,-15,0,-13,1,-12,1,-10,2,-9,0,-3,0,0,0,0,0,0,0,0,0,0,0,0,0,0,0,0,0,0,1,0,5,-1,3,-1,2,0,2,2,1,5,0,7,-1,6,-5,4,-9,5,-11,7,-12,8,-12,7,-13,6,-15,5,-15,3,-15,0,-12,-2,-9,-5,-8,-3,-7,1,-4,1,0,1,2,1,7,4,12,7,16,4"
6.436962127685547,85,"CSI,3450,128,83,49,21,0,29,-1,27,-2,24,-4,23,-5,22,-5,22,-4,18,-7,11,-11,8,-10,6,-7,2,-5,-3,-4,-3,-6,-5,-9,-9,-10,-11,-11,-12,-13,-14,-15,-14,-14,-12,-11,-10,-11,-8,-13,-7,-13,-5,-9,-4,-5,-1,-1,0,0,0,0,0,0,0,0,0,0,0,0,0,0,0,0,0,0,-1,-1,-1,-4,-1,-3,1,-2,3,-1,3,1,1,3,1,6,0,10,-1,13,-2,15,-4,18,-7,19,-9,18,-10,17,-9,16,-11,14,-12,10,-11,7,-7,6,-3,4,2,2,6,1,9,1,15,0,18,1,20,1"
6.587316989898682,86,"CSI,3983,128,75,-79,20,0,23,30,22,29,19,25,19,23,20,23,20,20,15,19,9,22,11,18,13,9,14,2,14,-1,15,-3,13,-6,12,-11,14,-13,15,-14,16,-14,18,-13,18,-12,15,-10,15,-10,15,-9,12,-6,11,-4,2,-1,0,0,0,0,0,0,0,0,0,0,0,0,0,0,0,0,0,0,-2,-1,-5,-2,-4,0,-3,2,-3,3,-3,4,-3,8,-2,13,-2,16,-3,18,-5,20,-7,22,-7,24,-9,24,-14,23,-18,20,-19,17,-17,15,-13,12,-9,13,-6,12,-3,10,1,10,7,11,12,14,16,18,18,21"
6.640866041183472,87,"CSI,3457,128,83,49,21,0,4,35,3,37,4,37,6,33,6,30,4,29,5,26,5,25,6,21,7,13,9,5,8,-1,6,-4,7,-5,8,-8,9,-12,11,-14,14,-14,15,-15,15,-15,15,-14,13,-13,12,-13,12,-12,10,-10,2,-3,0,0,0,0,0,0,0,0,0,0,0,0,0,0,0,0,0,0,0,-2,1,-6,2,-5,3,-3,1,-1,-2,2,-4,4,-8,3,-14,3,-17,2,-19,0,-23,-1,-26,-3,-29,-5,-31,-6,-29,-6,-26,-7,-22,-8,-19,-7,-18,-5,-13,-1,-7,2,-5,2,-2,5,2,13,4,20,2,24"
6.745697021484375,88,"CSI,3461,128,83,49,21,0,-25,-12,-28,-10,-28,-9,-27,-8,-25,-8,-24,-9,-22,-9,-19,-10,-17,-12,-16,-10,-13,-7,-13,-5,-10,-2,-6,5,-4,10,-2,13,-1,15,-2,15,-4,18,-7,19,-9,20,-9,21,-10,16,-10,11,-10,10,-3,2,0,0,0,0,0,0,0,0,0,0,0,0,0,0,0,0,0,0,1,1,4,5,4,4,1,1,0,0,-1,-2,-2,-5,-1,-7,-1,-9,-1,-12,0,-15,1,-22,3,-27,4,-26,6,-23,8,-20,9,-20,8,-17,8,-16,9,-16,8,-15,2,-14,-4,-12,-9,-11,-12,-10,-14,-12,-14,-15"
6.84544825553894,89,"CSI,3466,128,83,49,21,0,0,25,1,25,2,28,3,30,5,27,6,24,5,21,3,16,1,13,-1,14,1,12,5,8,6,3,4,-3,3,-8,5,-11,6,-15,5,-17,5,-18,6,-19,7,-18,8,-16,8,-15,8,-12,7,-8,1,-2,0,0,0,0,0,0,0,0,0,0,0,0,0,0,0,0,0,0,1,1,6,4,5,4,4,5,3,6,1,6,-2,5,-7,5,-9,3,-10,-2,-12,-6,-15,-9,-17,-13,-18,-17,-18,-20,-15,-19,-10,-17,-10,-16,-11,-15,-10,-12,-9,-9,-9,-6,-5,-2,-2,2,-3,7,-4,15,-2,19"
6.948651075363159,90,"CSI,3470,128,83,49,21,0,-14,21,-10,20,-8,20,-8,20,-8,19,-6,17,-6,17,-9,18,-8,18,-2,13,2,7,3,2,5,1,6,-1,7,-3,9,-6,12,-9,15,-11,16,-11,15,-10,11,-9,10,-8,11,-7,9,-5,8,-4,2,-2,0,0,0,0,0,0,0,0,0,0,0,0,0,0,0,0,0,0,1,1,3,5,0,6,0,5,-1,3,-2,2,-4,3,-7,3,-9,0,-12,-3,-13,-7,-12,-11,-10,-14,-9,-16,-10,-17,-8,-18,-3,-18,-2,-17,-3,-16,-3,-11,-2,-6,-2,-1,-4,4,-5,6,-8,8,-10,12,-10,14"
7.05075216293335,91,"CSI,3474,128,83,49,21,0,26,8,24,8,23,6,23,3,22,4,19,3,16,3,18,4,18,3,13,1,6,-3,1,-5,-3,-5,-6,-8,-8,-12,-10,-13,-12,-13,-11,-14,-10,-15,-11,-15,-11,-13,-11,-12,-11,-9,-8,-7,-6,-7,-2,-2,0,0,0,0,0,0,0,0,0,0,0,0,0,0,0,0,0,0,0,-2,1,-7,1,-7,1,-6,2,-5,3,-1,2,2,0,5,-2,6,-3,8,-6,12,-11,17,-13,15,-14,12,-15,11,-18,13,-18,13,-16,10,-13,8,-10,8,-6,8,-5,4,-2,3,4,5,9,6,12,6,14,7"
7.1520912647247314,92,"CSI,3478,128,83,49,21,0,23,7,24,6,23,4,20,4,18,5,18,2,20,-2,23,-2,21,-4,15,-5,9,-5,6,-7,4,-9,1,-10,-2,-11,-4,-11,-5,-12,-5,-18,-3,-20,-3,-19,-2,-17,0,-15,0,-13,1,-11,2,-9,0,-2,0,0,0,0,0,0,0,0,0,0,0,0,0,0,0,0,0,0,-2,-3,-4,-10,-1,-9,1,-6,2,-4,4,-2,6,2,4,5,2,8,3,12,3,16,-1,19,-5,21,-9,21,-11,20,-11,16,-10,13,-11,12,-9,10,-5,8,0,6,2,6,3,6,6,5,10,3,14,1,17,-1"
7.256757020950317,93,"CSI,3481,128,83,49,21,0,-24,-18,-24,-17,-25,-14,-25,-12,-24,-9,-22,-7,-21,-8,-17,-11,-15,-11,-11,-5,-9,-1,-9,1,-6,4,-1,8,2,12,3,15,3,17,1,18,0,17,-1,16,-2,16,-4,15,-5,14,-4,10,-3,7,-1,1,0,0,0,0,0,0,0,0,0,0,0,0,0,0,0,0,0,0,-1,1,-3,4,-5,3,-6,2,-4,-1,-3,-3,0,-3,3,-6,3,-9,4,-9,7,-10,13,-12,17,-11,19,-10,20,-8,19,-5,17,-5,16,-6,15,-4,11,-4,6,-7,2,-8,-2,-8,-5,-11,-10,-14,-18,-16,-23,-19"
7.356791019439697,94,"CSI,3485,128,83,49,21,0,25,7,24,8,24,4,23,3,22,2,22,1,17,1,9,2,8,1,8,-2,5,-2,2,-2,-1,-7,-7,-9,-8,-9,-7,-11,-7,-12,-6,-13,-6,-13,-7,-14,-6,-14,-6,-13,-5,-12,-5,-12,-5,-7,-2,-2,0,0,0,0,0,0,0,0,0,0,0,0,0,0,0,0,0,0,1,-1,3,-5,2,-5,4,-4,3,-2,1,1,2,5,2,8,-2,8,-6,9,-8,14,-10,17,-13,15,-16,15,-17,14,-18,12,-17,11,-16,10,-12,7,-8,6,-4,7,0,6,5,4,9,4,11,6,15,9,19,11"
7.566212177276611,95,"CSI,3493,128,83,49,21,0,-16,-28,-17,-25,-14,-21,-13,-21,-15,-20,-15,-20,-10,-18,-6,-12,-6,-11,-10,-11,-12,-7,-12,-2,-12,3,-12,5,-12,6,-15,8,-16,8,-16,7,-17,7,-18,6,-17,6,-16,4,-14,2,-9,-1,-5,-4,-2,-2,0,0,0,0,0,0,0,0,0,0,0,0,0,0,0,0,0,0,0,1,0,3,0,2,0,0,-3,-1,-4,-2,-5,-7,-4,-12,-1,-14,2,-15,6,-15,10,-16,12,-18,14,-16,15,-14,14,-12,13,-12,10,-13,6,-12,4,-12,1,-11,-2,-10,-5,-11,-9,-13,-12,-15,-13,-17,-12,-18"
7.66391396522522,96,"CSI,3497,128,83,49,21,0,11,28,10,26,10,24,11,23,13,21,14,20,14,16,14,8,11,7,7,9,6,7,7,4,10,-1,11,-6,9,-7,7,-9,6,-13,8,-14,10,-13,11,-12,11,-11,11,-10,10,-9,7,-7,6,-6,1,-2,0,0,0,0,0,0,0,0,0,0,0,0,0,0,0,0,0,0,1,-2,5,-7,4,-5,3,-5,2,-4,0,-1,-2,4,-5,7,-6,8,-9,8,-13,7,-16,6,-19,5,-21,5,-22,3,-23,1,-24,0,-22,0,-19,-2,-16,-1,-12,2,-8,3,-4,6,2,10,7,15,6,18,2,19"
7.767966985702515,97,"CSI,3502,128,83,49,21,0,-4,-27,-6,-26,-8,-26,-9,-23,-10,-18,-11,-18,-13,-16,-14,-11,-12,-7,-7,-3,-4,0,-5,2,-9,3,-11,6,-8,9,-7,12,-7,15,-7,16,-7,15,-6,13,-6,13,-7,15,-5,13,-3,11,-3,11,-2,2,0,0,0,0,0,0,0,0,0,0,0,0,0,0,0,0,0,0,-2,-2,-5,-5,-3,-4,-3,-5,-1,-7,2,-7,5,-5,11,-2,17,0,17,4,16,6,18,7,18,10,16,11,16,13,15,13,12,11,9,9,6,9,5,6,4,3,1,0,-1,-5,-2,-10,-4,-17,-2,-23,0,-23"
7.8712382316589355,98,"CSI,3505,128,83,49,21,0,-24,-13,-22,-13,-23,-14,-24,-12,-21,-9,-18,-7,-15,-6,-12,-2,-10,0,-9,-1,-9,-1,-7,-1,-3,3,1,7,2,9,1,11,-1,14,1,16,2,16,1,15,0,14,0,14,-2,14,-2,13,-4,10,-2,2,0,0,0,0,0,0,0,0,0,0,0,0,0,0,0,0,0,0,-1,0,-3,3,-1,2,-2,-2,-3,-5,-2,-7,1,-9,3,-12,4,-16,7,-19,11,-19,14,-17,15,-14,15,-12,13,-12,12,-11,13,-9,12,-8,7,-9,3,-9,0,-8,-5,-9,-10,-9,-15,-9,-19,-10,-21,-13,-21,-16"
7.973539113998413,99,"CSI,3509,128,83,49,21,0,24,-21,20,-17,18,-13,18,-14,16,-16,11,-15,11,-14,14,-16,9,-15,4,-10,3,-5,-3,-5,-9,-6,-12,-5,-14,-6,-15,-7,-17,-8,-18,-8,-17,-8,-15,-9,-13,-11,-12,-11,-9,-10,-7,-9,-7,-6,-2,-1,0,0,0,0,0,0,0,0,0,0,0,0,0,0,0,0,0,0,-2,0,-5,2,-3,-1,0,-2,4,-2,8,-3,9,-1,10,3,13,4,14,5,16,6,18,11,17,15,16,15,15,13,13,14,10,14,7,11,6,10,8,8,10,5,11,1,12,-3,11,-6,12,-10,15,-15,17,-16"
8.074442148208618,100,"CSI,3514,128,83,49,21,0,30,-8,29,-9,28,-6,25,-5,21,-5,20,-5,18,-7,14,-11,10,-11,4,-8,0,-4,0,-3,-3,-7,-7,-9,-11,-10,-12,-12,-10,-14,-8,-14,-7,-13,-5,-14,-5,-15,-4,-14,-5,-13,-4,-10,-3,-7,-1,-2,0,0,0,0,0,0,0,0,0,0,0,0,0,0,0,0,0,0,-2,1,-5,2,-5,-3,-2,-3,4,0,8,4,9,7,7,9,7,12,10,13,10,17,9,20,8,21,4,24,3,27,3,28,3,24,3,19,3,15,2,12,2,9,6,4,11,-2,14,-1,17,0,20,-3,22,-6"
8.14668607711792,101,"CSI,3985,128,77,-47,20,0,-34,10,-34,9,-30,6,-27,5,-23,6,-21,8,-22,10,-22,9,-15,8,-8,7,-4,6,1,8,4,10,4,11,6,13,9,15,9,15,8,14,8,15,7,15,7,13,5,11,4,11,3,9,1,5,0,1,0,0,0,0,0,0,0,0,0,0,0,0,0,0,0,0,0,0,0,0,3,0,2,-2,-1,-3,-3,-1,-4,-2,-7,-8,-9,-11,-10,-12,-10,-16,-9,-23,-9,-27,-8,-26,-7,-23,-3,-22,0,-23,0,-22,-2,-22,-2,-18,-1,-12,-5,-9,-9,-8,-10,-6,-12,-2,-16,2,-21,4,-24,7"
8.18065619468689,102,"CSI,3518,128,83,49,21,0,-25,-24,-27,-24,-24,-24,-19,-20,-18,-16,-18,-15,-18,-12,-14,-5,-8,-3,-5,-3,-4,-1,-4,2,-4,6,-3,11,-2,14,-3,15,-5,17,-7,16,-7,14,-7,14,-7,13,-7,12,-9,9,-8,7,-6,5,-1,1,0,0,0,0,0,0,0,0,0,0,0,0,0,0,0,0,0,0,-1,1,-2,6,-3,3,-2,-1,-1,-5,0,-9,1,-13,3,-14,8,-15,12,-15,16,-16,19,-16,21,-15,21,-14,20,-13,18,-11,19,-11,17,-11,13,-12,10,-12,6,-11,1,-10,-2,-10,-7,-11,-14,-14,-18,-17,-18,-17"
8.278447151184082,103,"CSI,3521,128,83,49,21,0,26,14,24,13,23,12,24,12,23,11,19,10,16,10,15,11,14,6,12,0,7,-2,4,-3,5,-6,4,-12,3,-15,4,-15,5,-16,8,-16,9,-17,8,-16,8,-13,9,-11,7,-10,5,-8,4,-6,1,-1,0,0,0,0,0,0,0,0,0,0,0,0,0,0,0,0,0,0,-1,-1,-2,-4,-2,-2,1,-1,2,0,3,4,5,7,5,7,3,11,3,15,0,17,-3,20,-5,24,-8,25,-10,24,-10,24,-10,21,-10,15,-8,12,-5,12,-2,12,0,10,5,7,9,5,13,8,19,12,23,14"
8.385455131530762,104,"CSI,3526,128,83,49,21,0,22,-27,22,-24,21,-22,18,-21,14,-18,11,-17,8,-18,2,-17,-1,-13,-1,-9,-1,-6,-2,-3,-9,-2,-13,-4,-16,-4,-19,-2,-19,-3,-18,-5,-17,-6,-16,-6,-15,-4,-16,-3,-15,-3,-11,-2,-7,-2,-2,-1,0,0,0,0,0,0,0,0,0,0,0,0,0,0,0,0,0,0,-1,0,-2,1,-3,0,-3,-1,1,-1,5,2,7,2,8,1,9,2,13,5,17,8,19,11,21,13,20,15,19,17,18,17,17,16,15,13,11,11,11,10,9,7,8,2,9,-2,7,-7,8,-14,15,-20,20,-23"
8.484262228012085,105,"CSI,3529,128,83,49,21,0,-17,26,-20,25,-21,23,-17,21,-13,19,-11,18,-13,12,-14,6,-11,5,-7,7,-3,9,2,11,5,11,8,9,11,6,13,6,14,8,13,10,12,11,12,12,12,12,9,9,5,8,2,9,1,9,0,2,0,0,0,0,0,0,0,0,0,0,0,0,0,0,0,0,0,0,1,-2,3,-6,1,-5,0,-2,-1,2,-3,3,-7,3,-10,3,-12,3,-14,4,-17,1,-20,0,-22,0,-24,-3,-24,-5,-23,-7,-21,-8,-19,-6,-16,-5,-15,-2,-13,-1,-11,1,-9,4,-9,9,-11,15,-13,22,-13,31"
8.58941125869751,106,"CSI,3534,128,83,49,21,0,-28,-27,-26,-25,-22,-22,-20,-22,-17,-23,-14,-21,-14,-18,-17,-13,-15,-8,-10,-4,-8,-2,-11,-2,-14,1,-13,3,-11,5,-13,7,-15,7,-16,6,-15,6,-14,8,-14,7,-15,5,-14,3,-11,1,-9,0,-3,-1,0,0,0,0,0,0,0,0,0,0,0,0,0,0,0,0,0,0,1,0,6,1,4,1,3,0,1,0,-1,0,-2,-4,-5,-8,-5,-12,-3,-15,-1,-20,2,-24,2,-28,3,-29,7,-30,11,-29,12,-25,10,-20,6,-16,5,-14,4,-14,0,-14,-5,-11,-11,-9,-17,-11,-22,-13,-24,-14"
8.690128326416016,107,"CSI,3538,128,83,49,21,0,10,-32,11,-31,14,-29,14,-27,14,-26,13,-26,10,-22,10,-17,9,-17,4,-16,-1,-12,-4,-9,-7,-6,-12,-3,-15,-2,-17,0,-19,-1,-21,-3,-21,-4,-21,-5,-20,-3,-18,-2,-15,-5,-11,-6,-8,-6,-2,-2,0,0,0,0,0,0,0,0,0,0,0,0,0,0,0,0,0,0,-2,1,-7,5,-7,3,-6,1,-2,2,1,1,2,1,3,0,7,-1,13,1,17,4,19,7,21,7,23,11,23,15,23,15,23,15,19,16,16,14,15,11,13,6,9,0,6,-5,7,-8,10,-14,13,-21,12,-25"
8.791590213775635,108,"CSI,3542,128,83,49,21,0,-26,18,-28,17,-27,16,-23,17,-20,17,-19,19,-14,16,-9,10,-10,6,-11,7,-7,7,-2,6,3,4,8,3,12,3,15,3,17,4,16,4,15,4,17,3,17,3,15,5,11,7,7,7,5,5,1,1,0,0,0,0,0,0,0,0,0,0,0,0,0,0,0,0,0,0,1,0,4,2,5,2,3,1,-1,0,-4,-2,-5,-5,-7,-6,-8,-8,-8,-11,-9,-15,-10,-19,-8,-22,-6,-26,-4,-26,-6,-25,-7,-24,-4,-22,-2,-20,-2,-15,-3,-10,-5,-6,-7,-2,-9,3,-14,6,-18,8,-20,10"
8.858866930007935,109,"CSI,63,128,83,49,21,0,-1,9,-1,5,1,1,2,0,2,1,4,1,1,0,-5,-1,-3,-4,2,-7,6,-8,8,-8,7,-9,6,-7,7,-5,5,-7,3,-7,0,-6,-2,-5,-2,-1,-2,2,0,3,-1,3,-5,2,-8,-1,-3,-1,0,0,0,0,0,0,0,0,0,0,0,0,0,0,0,0,0,0,0,-2,-1,-5,-2,-3,-3,-3,-5,-2,-6,-3,-6,-7,-6,-9,-6,-8,-7,-7,-6,-8,-6,-10,-7,-10,-6,-7,-6,-6,-5,-5,-4,-2,-4,-1,-4,2,-4,6,-2,8,-1,10,-1,12,0,12,-1,13,-1,12,0,7"
8.894309282302856,110,"CSI,3545,128,83,49,21,0,28,-6,28,-6,27,-7,26,-8,25,-10,22,-11,16,-12,9,-13,5,-10,6,-5,5,-3,2,-2,-2,-3,-6,-5,-11,-7,-13,-8,-13,-9,-15,-12,-14,-12,-12,-11,-13,-11,-15,-11,-16,-10,-13,-8,-9,-7,-2,-2,0,0,0,0,0,0,0,0,0,0,0,0,0,0,0,0,0,0,-1,-2,-2,-8,1,-5,4,-3,4,-2,2,1,2,4,4,5,3,7,4,10,5,13,6,17,4,21,0,23,-3,23,-6,22,-7,21,-8,18,-8,16,-5,15,-2,11,3,7,8,3,11,0,14,-1,17,-4,20,-6"
8.997229099273682,111,"CSI,3550,128,83,49,21,0,-21,30,-21,28,-18,26,-15,24,-12,21,-11,18,-12,18,-11,17,-7,14,-3,9,-2,5,3,4,9,5,11,4,14,1,17,0,18,1,21,2,21,3,16,5,12,4,12,3,10,2,5,2,3,3,0,0,0,0,0,0,0,0,0,0,0,0,0,0,0,0,0,0,0,0,1,-1,5,-3,4,-2,4,0,3,0,-1,0,-6,1,-9,0,-12,-4,-16,-8,-19,-12,-20,-15,-21,-18,-20,-19,-17,-19,-14,-20,-14,-19,-13,-17,-10,-12,-10,-8,-10,-5,-6,1,-4,4,-7,10,-11,16,-14,20,-15,25"
9.063438177108765,112,"CSI,72,128,83,49,21,0,15,-5,12,-4,8,-4,4,-5,1,-8,0,-9,1,-5,4,-5,2,-9,0,-12,-1,-12,-2,-12,-2,-14,-1,-12,1,-9,1,-5,0,-4,1,-3,1,-3,-1,-3,-3,-1,-5,0,-6,0,-6,0,-8,0,-3,0,0,0,0,0,0,0,0,0,0,0,0,0,0,0,0,0,0,0,1,0,4,0,4,-3,4,-2,6,-1,8,0,9,-1,11,-1,14,2,16,5,15,6,15,7,16,7,13,6,8,6,6,5,6,0,5,-5,4,-9,4,-11,6,-12,7,-13,8,-12,12,-10,17,-11,18,-13,15,-12"
9.114715337753296,113,"CSI,3364,128,75,-79,20,0,2,12,4,7,5,4,4,3,5,-1,5,-4,0,-7,1,-12,2,-13,1,-12,2,-12,4,-12,5,-11,4,-10,3,-10,2,-11,1,-10,0,-6,1,-1,1,0,0,0,-2,0,-5,2,-6,3,-5,4,-2,1,0,0,0,0,0,0,0,0,0,0,0,0,0,0,0,0,0,0,-2,-1,-5,-2,-4,-2,-5,-1,-8,0,-10,-1,-12,1,-13,0,-15,-3,-17,-6,-17,-7,-15,-7,-14,-7,-11,-4,-8,-2,-7,0,-6,3,-3,4,0,5,2,8,2,13,3,16,5,16,8,16,8,20,8,23,7,23"
9.304514169692993,114,"CSI,3560,128,83,49,21,0,17,8,16,5,11,2,7,-2,7,-7,9,-12,9,-15,5,-20,5,-21,9,-20,13,-19,13,-18,14,-18,14,-17,15,-15,15,-13,13,-11,8,-8,2,-5,1,-3,1,-4,-3,-4,-7,-3,-10,-2,-12,-3,-3,-1,0,0,0,0,0,0,0,0,0,0,0,0,0,0,0,0,0,0,-1,3,-2,13,-1,12,-2,11,-5,11,-7,12,-9,11,-11,10,-11,9,-9,8,-8,5,-6,3,-2,5,0,5,3,4,8,5,13,7,17,11,19,14,21,19,21,22,20,24,21,23,21,22,21,22,19,20,17,16"
9.337860107421875,115,"CSI,3986,128,77,-47,20,0,-14,10,-12,10,-8,9,-3,14,0,18,2,19,6,18,7,13,7,14,10,19,11,21,8,23,6,24,4,23,2,21,1,17,1,12,2,10,3,8,3,3,4,-1,6,-3,6,-3,6,-5,9,-6,2,-2,0,0,0,0,0,0,0,0,0,0,0,0,0,0,0,0,0,0,-1,-1,-5,-2,-9,-5,-10,-7,-9,-9,-8,-10,-7,-9,-5,-11,-6,-12,-7,-11,-5,-10,-3,-8,-2,-3,-3,2,-7,6,-10,9,-14,11,-17,13,-20,12,-24,12,-29,13,-33,11,-32,10,-29,10,-28,9,-29,8,-28,10"
9.371210098266602,116,"CSI,3987,128,77,-47,20,0,1,-15,-3,-13,-8,-11,-10,-10,-12,-10,-16,-9,-16,-7,-13,-4,-15,-4,-19,-8,-22,-9,-22,-9,-21,-9,-20,-9,-18,-9,-15,-10,-11,-9,-10,-4,-9,-1,-7,-1,-5,0,-3,4,-2,6,-2,8,-3,12,-1,3,0,0,0,0,0,0,0,0,0,0,0,0,0,0,0,0,0,0,1,-2,5,-7,9,-4,13,-1,14,-2,12,-3,11,-2,12,-1,13,1,11,2,7,2,4,0,1,-3,0,-7,0,-11,-1,-16,0,-19,3,-22,5,-24,7,-27,9,-28,9,-29,10,-29,11,-28,10,-29,9,-28,9,-25"
9.401892185211182,117,"CSI,3988,128,77,-47,20,0,-5,-20,-5,-16,-8,-13,-14,-9,-15,-7,-14,-5,-20,-5,-26,-8,-26,-6,-24,-1,-23,3,-24,4,-26,2,-27,-2,-25,-3,-20,-3,-13,-3,-10,-1,-10,0,-8,2,-4,4,3,5,5,6,5,6,5,8,1,2,0,0,0,0,0,0,0,0,0,0,0,0,0,0,0,0,0,0,1,-1,8,-1,10,0,13,0,14,2,12,4,10,7,9,8,9,8,8,5,6,1,5,0,5,-3,2,-7,-1,-11,0,-16,1,-20,2,-22,3,-24,5,-27,9,-29,11,-30,10,-28,9,-27,9,-28,9,-26,9,-26"
9.434897184371948,118,"CSI,3564,128,83,49,21,0,-7,-17,-10,-15,-15,-11,-18,-8,-18,-6,-19,-5,-21,-3,-25,0,-26,1,-27,0,-25,0,-22,0,-23,-2,-22,-5,-20,-6,-17,-4,-14,-2,-9,-2,-6,-2,-3,0,-1,3,-1,5,0,6,-1,8,-3,9,-1,2,0,0,0,0,0,0,0,0,0,0,0,0,0,0,0,0,0,0,1,-3,4,-11,5,-9,7,-8,8,-7,7,-7,7,-6,8,-4,9,-3,9,-3,7,-3,6,-2,1,-3,-5,-5,-8,-8,-8,-13,-9,-17,-7,-20,-6,-24,-9,-30,-10,-30,-8,-29,-6,-29,-5,-28,-4,-29,-3,-27,-2,-20"
9.593594312667847,119,"CSI,3989,128,75,-79,20,0,2,13,9,10,12,9,13,10,16,9,20,6,22,2,22,1,21,3,21,5,23,5,23,5,20,7,16,7,16,7,14,7,11,5,9,2,7,-1,4,-5,2,-7,0,-6,-1,-7,-1,-10,0,-12,0,-3,0,0,0,0,0,0,0,0,0,0,0,0,0,0,0,0,0,0,-3,-1,-8,0,-9,1,-12,0,-13,-1,-13,-3,-12,-3,-9,-1,-9,-1,-8,-2,-4,-3,-2,-1,-1,2,0,6,2,10,4,14,1,17,-3,21,-3,24,-5,26,-7,26,-8,26,-11,27,-13,26,-12,24,-11,22,-11,20"
9.624434232711792,120,"CSI,3571,128,83,49,21,0,-7,-14,-8,-12,-10,-9,-15,-8,-17,-6,-17,-5,-19,-9,-22,-14,-23,-12,-24,-7,-23,-4,-21,-4,-19,-4,-18,-4,-19,-4,-17,-4,-13,-3,-10,-3,-7,-2,-4,0,-3,1,-2,4,0,5,2,6,1,9,0,2,0,0,0,0,0,0,0,0,0,0,0,0,0,0,0,0,0,0,0,-1,5,-3,8,-1,9,1,10,3,9,2,8,1,7,2,4,2,3,1,2,0,1,-3,-1,-7,-2,-12,-2,-16,-1,-19,-1,-21,2,-22,6,-23,6,-24,7,-25,12,-26,13,-25,12,-23,11,-23,12,-23,12,-24"
9.714842319488525,121,"CSI,3575,128,83,49,21,0,-16,-4,-15,-1,-13,3,-10,6,-8,8,-7,9,-9,13,-12,18,-11,19,-10,17,-10,18,-8,20,-9,16,-11,14,-11,15,-11,13,-9,8,-7,3,-5,1,0,2,5,1,7,0,7,-1,8,-1,8,2,2,0,0,0,0,0,0,0,0,0,0,0,0,0,0,0,0,0,0,0,-1,-2,0,-8,3,-10,3,-12,3,-10,3,-8,4,-9,4,-11,3,-10,2,-7,3,-2,0,-2,-6,-3,-10,-3,-12,-4,-15,-6,-17,-10,-17,-13,-18,-16,-21,-18,-20,-21,-18,-22,-16,-19,-15,-17,-17,-17,-17,-17,-14,-16"
9.815210103988647,122,"CSI,3580,128,83,49,21,0,-5,12,-2,10,2,9,8,10,10,9,11,8,16,9,20,13,21,13,23,8,24,4,22,4,20,6,18,8,16,8,15,5,14,4,10,4,7,2,5,1,3,0,1,-3,-1,-6,-3,-7,-5,-9,-2,-3,0,0,0,0,0,0,0,0,0,0,0,0,0,0,0,0,0,0,-3,-1,-9,-4,-8,-7,-8,-9,-8,-9,-8,-8,-6,-6,-3,-5,-3,-6,-2,-5,-2,-2,-3,1,-2,4,-2,7,-6,9,-8,11,-10,14,-12,18,-16,19,-19,19,-22,18,-24,15,-24,13,-22,14,-19,14,-19,15,-18,13"
9.917346239089966,123,"CSI,3584,128,83,49,21,0,-4,-11,-6,-6,-10,-4,-14,-5,-17,-4,-18,0,-16,1,-14,1,-17,-2,-21,-4,-22,-1,-23,-1,-22,-2,-20,-1,-18,-1,-17,-1,-15,0,-9,-1,-7,-1,-5,-1,-1,1,1,4,2,6,2,7,2,7,0,1,0,0,0,0,0,0,0,0,0,0,0,0,0,0,0,0,0,0,1,-1,7,-2,8,-1,8,-1,8,-1,8,-2,7,0,7,3,6,3,4,2,4,1,2,0,0,-2,-3,-7,-2,-13,0,-17,0,-20,0,-22,2,-25,3,-27,4,-28,7,-28,9,-28,8,-27,9,-25,10,-24,8,-23"
10.021608352661133,124,"CSI,3587,128,83,49,21,0,-10,-5,-10,0,-12,5,-13,6,-13,10,-14,15,-14,12,-13,8,-13,10,-12,13,-9,15,-7,16,-8,17,-6,17,-6,14,-8,12,-8,11,-5,8,-3,6,-1,5,0,4,2,2,5,-1,6,-1,6,0,1,-1,0,0,0,0,0,0,0,0,0,0,0,0,0,0,0,0,0,0,0,-2,0,-7,1,-7,5,-8,8,-8,8,-7,8,-5,8,-3,8,-3,6,-3,3,-1,0,-2,-4,-3,-8,-2,-13,-5,-14,-9,-15,-11,-18,-16,-19,-20,-18,-21,-18,-22,-16,-23,-14,-25,-14,-25,-15,-23,-17,-22,-17,-21"
10.123725175857544,125,"CSI,3592,128,83,49,21,0,6,-11,5,-12,2,-12,-3,-14,-6,-16,-7,-17,-10,-19,-14,-19,-14,-15,-12,-13,-11,-14,-12,-16,-13,-15,-12,-13,-12,-13,-11,-12,-9,-11,-8,-8,-8,-7,-5,-5,-3,-3,-4,0,-6,3,-8,5,-8,6,-2,1,0,0,0,0,0,0,0,0,0,0,0,0,0,0,0,0,0,0,1,0,6,1,7,3,8,4,9,4,8,4,6,6,6,7,5,8,5,7,3,4,2,1,2,-3,2,-7,6,-10,12,-12,13,-15,13,-16,16,-15,20,-14,23,-15,25,-14,24,-11,24,-9,24,-9,21,-7,17,-4"
10.224669933319092,126,"CSI,3595,128,83,49,21,0,9,7,9,5,11,-1,13,-6,13,-9,13,-10,14,-8,14,-6,13,-10,11,-17,11,-19,14,-17,15,-15,13,-15,11,-15,9,-13,7,-9,5,-5,4,-6,1,-8,-1,-6,-4,-3,-7,-2,-8,-2,-8,-4,-3,-2,0,0,0,0,0,0,0,0,0,0,0,0,0,0,0,0,0,0,-2,2,-6,9,-8,7,-10,7,-12,8,-10,9,-8,7,-7,4,-8,2,-9,1,-7,0,-3,-1,2,2,6,6,9,11,13,13,15,15,15,19,15,21,15,21,12,21,11,23,12,25,13,25,11,23,8,19,7,15"
10.327347040176392,127,"CSI,3600,128,83,49,21,0,-8,11,-3,10,1,8,7,7,12,8,12,10,13,9,17,6,19,4,18,5,17,6,17,4,17,3,16,3,15,4,14,4,11,4,9,3,6,4,5,2,5,-1,3,-4,1,-5,-1,-6,-3,-7,-1,-2,0,0,0,0,0,0,0,0,0,0,0,0,0,0,0,0,0,0,-2,-2,-8,-5,-10,-6,-11,-8,-11,-9,-11,-9,-9,-9,-6,-9,-4,-6,-3,-3,-3,-1,-3,1,-5,4,-8,7,-8,11,-7,15,-9,17,-15,17,-20,18,-22,19,-22,18,-21,16,-22,17,-22,17,-21,15,-18,13,-19,11"
10.431233167648315,128,"CSI,3603,128,83,49,21,0,0,-18,-5,-14,-5,-11,-6,-11,-8,-12,-9,-13,-11,-15,-13,-17,-15,-15,-17,-10,-19,-8,-19,-8,-18,-10,-17,-11,-15,-10,-13,-9,-10,-7,-7,-5,-6,-3,-5,-1,-4,0,-3,0,-3,3,-4,5,-3,6,-1,1,0,0,0,0,0,0,0,0,0,0,0,0,0,0,0,0,0,0,2,-2,8,-5,8,-3,8,0,9,1,11,1,11,1,9,1,7,3,4,3,3,1,1,0,0,-3,0,-7,0,-11,2,-16,5,-20,6,-22,9,-24,13,-25,15,-25,17,-26,18,-25,15,-22,14,-20,15,-20,15,-19"
10.535274028778076,129,"CSI,3607,128,83,49,21,0,-10,-18,-13,-15,-13,-11,-14,-8,-17,-5,-18,-5,-20,-4,-24,-3,-24,-1,-21,1,-19,3,-19,5,-21,2,-22,0,-19,-2,-15,-1,-14,-1,-13,0,-10,0,-6,1,-2,3,-1,4,-2,6,-2,9,-2,11,-1,2,0,0,0,0,0,0,0,0,0,0,0,0,0,0,0,0,0,0,-1,-3,-1,-10,3,-10,6,-11,8,-10,8,-9,7,-10,8,-9,8,-5,8,-2,6,-5,1,-7,-3,-6,-5,-6,-7,-10,-10,-14,-13,-19,-12,-23,-11,-26,-12,-27,-10,-29,-8,-29,-7,-28,-5,-28,-5,-28,-4,-24,-2,-20"
10.627811193466187,130,"CSI,3990,128,77,-47,20,0,-14,5,-12,6,-11,9,-10,11,-10,12,-8,15,-1,17,6,17,7,18,6,21,2,22,0,21,0,20,2,19,1,19,-2,16,-2,13,-3,11,-3,9,0,6,4,3,5,2,6,0,7,-2,7,-4,1,-2,0,0,0,0,0,0,0,0,0,0,0,0,0,0,0,0,0,0,-3,-2,-9,-7,-10,-8,-9,-10,-8,-11,-7,-11,-4,-11,-2,-11,-2,-9,-3,-7,-3,-4,-2,-2,-3,0,-5,3,-9,8,-16,9,-20,8,-21,6,-24,3,-26,4,-27,4,-27,1,-27,0,-27,2,-27,1,-25,0,-24,0"
10.736937999725342,131,"CSI,3615,128,83,49,21,0,14,7,13,5,12,3,13,0,15,-6,14,-10,12,-12,15,-16,16,-19,12,-20,10,-20,10,-19,12,-18,12,-17,11,-14,9,-11,6,-12,3,-11,0,-8,0,-6,0,-6,-1,-5,-3,-3,-5,-3,-9,-4,-3,-2,0,0,0,0,0,0,0,0,0,0,0,0,0,0,0,0,0,0,-1,1,-4,8,-6,9,-8,9,-9,8,-11,7,-12,7,-12,5,-10,2,-6,0,-4,2,-6,4,-5,4,2,3,10,5,13,9,15,15,15,20,14,23,13,23,13,22,13,23,13,24,12,24,10,24,8,20,6,13"
11.04448413848877,132,"CSI,3628,128,83,49,21,0,-14,11,-9,13,-5,13,-2,15,-1,20,0,21,4,19,8,20,11,19,12,17,10,18,7,23,5,25,5,22,4,19,2,15,2,12,2,10,3,7,5,4,5,3,4,2,4,-2,4,-3,4,-3,0,-1,0,0,0,0,0,0,0,0,0,0,0,0,0,0,0,0,0,0,-3,0,-10,-2,-11,-6,-12,-9,-13,-10,-12,-11,-9,-10,-7,-9,-4,-9,-3,-7,-2,-6,-2,-6,-3,-2,-6,3,-10,9,-13,12,-18,13,-23,12,-25,12,-27,11,-30,8,-31,7,-29,7,-26,6,-25,3,-24,4,-22,8"
11.14823293685913,133,"CSI,3631,128,83,49,21,0,9,-14,7,-15,3,-14,0,-15,-2,-17,-2,-18,-2,-18,-1,-21,-6,-22,-12,-20,-12,-17,-11,-18,-10,-20,-6,-21,-6,-19,-7,-16,-5,-13,-4,-10,-4,-8,-5,-6,-5,-5,-6,-2,-6,1,-8,3,-11,5,-4,1,0,0,0,0,0,0,0,0,0,0,0,0,0,0,0,0,0,0,2,-1,10,-1,11,1,11,2,12,3,13,5,11,7,9,6,6,6,4,5,4,1,4,-2,4,-3,4,-7,6,-11,9,-12,13,-16,17,-18,21,-16,23,-16,26,-16,27,-16,25,-15,25,-11,25,-10,21,-12,18,-10"
11.232641220092773,134,"CSI,3991,128,77,-47,20,0,5,-19,0,-16,-3,-15,-6,-16,-9,-15,-14,-14,-16,-18,-10,-21,-10,-17,-16,-12,-19,-12,-19,-12,-19,-10,-18,-9,-16,-9,-14,-8,-12,-6,-10,-6,-9,-3,-7,0,-6,0,-5,0,-5,2,-5,5,-4,7,-1,2,0,0,0,0,0,0,0,0,0,0,0,0,0,0,0,0,0,0,3,0,13,2,12,1,10,4,8,8,6,9,4,9,3,8,4,6,3,5,1,4,0,2,1,-4,3,-9,8,-11,13,-13,16,-16,18,-17,21,-18,23,-18,24,-19,23,-20,24,-16,24,-13,22,-15,19,-16,17,-12"
11.262380123138428,135,"CSI,3635,128,83,49,21,0,-1,17,4,17,7,15,9,13,12,13,13,13,15,13,20,14,24,11,23,9,21,11,21,12,19,13,16,13,15,13,12,12,9,7,9,3,10,2,9,1,7,1,4,-1,4,-5,3,-7,2,-8,0,-2,0,0,0,0,0,0,0,0,0,0,0,0,0,0,0,0,0,0,-3,0,-12,0,-14,0,-14,1,-13,-1,-13,-3,-12,-2,-11,-2,-10,-3,-9,-2,-5,0,-1,1,2,5,2,10,0,13,-1,16,-3,20,-8,22,-10,24,-12,26,-14,26,-17,25,-17,24,-16,24,-17,22,-15,18,-11,17"
11.454551219940186,136,"CSI,3641,128,83,49,21,0,-5,10,-3,12,0,12,6,15,9,18,8,15,10,14,14,18,17,19,14,18,10,16,8,14,10,14,11,16,8,16,5,12,3,8,4,5,5,2,4,0,4,0,4,-2,4,-3,3,-4,2,-6,0,-2,0,0,0,0,0,0,0,0,0,0,0,0,0,0,0,0,0,0,-3,-1,-12,-4,-12,-5,-11,-7,-11,-8,-11,-9,-9,-10,-6,-10,-6,-8,-6,-5,-4,-4,-3,-2,-5,3,-6,8,-8,12,-11,13,-16,14,-18,16,-18,15,-21,13,-26,12,-26,12,-25,12,-25,13,-24,14,-22,11,-19,10"
11.658212184906006,137,"CSI,3648,128,83,49,21,0,11,4,12,-2,12,-4,12,-6,13,-7,15,-8,12,-10,8,-14,8,-16,12,-15,14,-14,13,-14,12,-14,10,-14,8,-13,6,-10,5,-8,2,-8,1,-8,0,-8,-1,-9,-2,-9,-3,-6,-4,-5,-5,-3,-2,-1,0,0,0,0,0,0,0,0,0,0,0,0,0,0,0,0,0,0,-2,2,-6,9,-8,10,-8,9,-8,7,-9,6,-10,4,-9,5,-7,6,-7,3,-6,2,-3,1,-1,-1,3,0,9,4,14,10,17,14,14,17,11,19,14,21,16,21,14,23,11,26,7,25,7,22,9,18,9,15"
11.762157201766968,138,"CSI,3653,128,83,49,21,0,-8,-13,-13,-11,-14,-11,-15,-10,-17,-7,-19,-5,-19,-2,-19,4,-19,6,-20,5,-20,5,-20,5,-19,4,-16,4,-15,5,-12,6,-12,4,-11,1,-7,2,-5,4,-3,6,-1,6,1,4,3,5,4,8,1,2,0,0,0,0,0,0,0,0,0,0,0,0,0,0,0,0,0,0,3,-1,12,-2,12,-2,12,0,11,3,9,3,7,2,6,5,5,5,5,4,2,4,-2,1,-3,-5,-4,-10,-3,-15,-2,-21,-1,-25,2,-25,6,-26,9,-25,9,-25,8,-26,11,-25,11,-24,9,-23,7,-21,7,-20"
11.795416116714478,139,"CSI,3992,128,98,32,6,0,-15,-7,-16,-2,-14,1,-12,2,-12,6,-14,7,-15,8,-12,13,-10,15,-12,14,-13,13,-12,13,-11,14,-12,16,-11,15,-10,12,-9,9,-6,8,-3,8,-2,6,-2,4,-2,2,2,1,5,3,5,4,1,1,0,0,0,0,0,0,0,0,0,0,0,0,0,0,0,0,0,0,1,-1,7,-4,10,-4,14,-2,15,-1,12,2,9,5,8,4,6,1,3,-1,2,-1,0,-2,-5,-4,-9,-9,-8,-12,-8,-14,-9,-20,-9,-25,-7,-27,-5,-27,-4,-29,-4,-30,-4,-29,-1,-25,0,-22,-3,-19,-7,-15"
11.82525634765625,140,"CSI,3993,128,98,32,6,0,6,12,7,10,7,7,10,4,16,4,18,4,17,3,18,5,20,3,20,-3,20,-5,21,-5,21,-4,18,-3,15,-4,11,-6,10,-4,9,-2,8,-2,7,-3,5,-2,2,-2,-2,-5,-5,-6,-6,-5,-2,-1,0,0,0,0,0,0,0,0,0,0,0,0,0,0,0,0,0,0,-2,-1,-9,-1,-13,-1,-15,-1,-12,-1,-10,-2,-11,-3,-11,-4,-9,-3,-6,-3,-4,-1,-4,0,-1,3,3,8,6,12,5,18,1,23,-1,25,-2,26,-2,27,-5,28,-10,29,-12,28,-11,24,-9,23,-7,24,-7,23"
11.863104104995728,141,"CSI,3656,128,83,49,21,0,12,-10,13,-13,11,-12,6,-14,2,-15,0,-15,3,-14,5,-13,0,-16,-5,-19,-7,-18,-6,-17,-6,-17,-5,-17,-4,-17,-4,-15,-4,-12,-4,-9,-3,-4,-3,-1,-4,-1,-7,1,-8,4,-6,6,-4,7,-1,2,0,0,0,0,0,0,0,0,0,0,0,0,0,0,0,0,0,0,0,2,2,10,0,11,-2,13,-2,12,-2,12,-4,11,-7,9,-7,7,-6,5,-2,2,1,-1,3,-4,7,-5,13,-5,17,-3,19,-1,21,1,24,4,28,6,31,7,31,8,29,9,26,9,26,5,23,4,19,4"
11.965802192687988,142,"CSI,3661,128,83,49,21,0,-3,9,1,10,4,13,6,14,7,13,9,14,14,13,19,12,20,12,18,11,16,9,14,9,13,10,14,9,14,8,12,7,9,4,5,4,4,3,3,1,1,-1,0,-3,0,-5,2,-6,3,-8,0,-3,0,0,0,0,0,0,0,0,0,0,0,0,0,0,0,0,0,0,-3,-2,-11,-6,-11,-7,-10,-8,-8,-10,-7,-12,-7,-10,-7,-7,-5,-7,-1,-7,0,-3,-1,2,-5,6,-8,9,-9,11,-11,15,-15,16,-18,17,-22,16,-24,15,-24,17,-23,18,-23,15,-23,11,-21,8,-17,8,-14,11"
12.000899076461792,143,"CSI,3994,128,77,-47,20,0,10,3,12,-1,12,-5,10,-10,10,-15,12,-15,12,-17,12,-22,12,-24,12,-21,10,-18,9,-16,8,-16,7,-16,7,-15,8,-13,7,-9,5,-5,3,-6,1,-8,-1,-8,-3,-6,-6,-5,-8,-4,-6,-3,-1,-1,0,0,0,0,0,0,0,0,0,0,0,0,0,0,0,0,0,0,-1,1,-2,7,-5,6,-6,8,-6,9,-5,9,-6,7,-8,3,-7,2,-5,5,-5,3,-3,3,4,5,12,5,14,4,16,8,18,15,18,19,18,23,18,26,15,24,13,23,13,23,12,22,14,22,12,19,11,14"
12.068180084228516,144,"CSI,3665,128,83,49,21,0,9,-7,7,-11,5,-14,2,-15,-1,-16,-3,-17,-6,-18,-11,-17,-13,-15,-10,-14,-9,-16,-8,-16,-8,-17,-9,-16,-7,-13,-7,-11,-7,-12,-6,-11,-5,-8,-5,-4,-4,-2,-4,-1,-4,0,-5,1,-5,3,-2,1,0,0,0,0,0,0,0,0,0,0,0,0,0,0,0,0,0,0,0,3,1,12,2,12,1,13,-1,13,-3,13,-4,10,-5,8,-5,8,-4,6,-2,0,0,-3,2,-3,5,-4,10,-4,16,-4,21,-2,23,0,24,0,29,1,32,2,31,3,27,4,23,5,23,5,21,5,17,6"
12.170501232147217,145,"CSI,3669,128,83,49,21,0,-10,-9,-13,-10,-13,-9,-16,-5,-19,0,-18,3,-17,6,-14,10,-14,11,-16,10,-16,9,-15,9,-14,8,-13,8,-14,9,-14,8,-11,6,-5,6,-4,7,-5,6,-4,4,-1,4,2,4,3,2,4,3,1,1,0,0,0,0,0,0,0,0,0,0,0,0,0,0,0,0,0,0,2,-2,9,-5,10,-2,12,0,13,1,13,2,11,2,8,2,6,2,3,3,0,2,-2,0,-3,-3,-3,-10,-3,-16,-6,-22,-7,-25,-4,-26,-1,-26,-1,-25,1,-28,4,-31,3,-29,2,-24,1,-23,1,-22,2,-18"
12.273565292358398,146,"CSI,3673,128,83,49,21,0,-12,2,-9,6,-8,10,-9,13,-6,17,-3,17,-3,17,1,18,2,20,0,20,0,20,0,17,0,15,-1,16,-1,16,1,14,3,10,4,9,4,8,3,5,2,3,3,0,4,-2,5,-1,6,-1,1,-1,0,0,0,0,0,0,0,0,0,0,0,0,0,0,0,0,0,0,-2,-4,-5,-12,-3,-11,-1,-12,0,-14,1,-14,2,-12,2,-10,3,-9,2,-7,-1,-5,-2,-1,-5,1,-11,2,-16,3,-20,1,-24,-2,-27,-3,-27,-5,-27,-7,-27,-10,-28,-12,-26,-13,-22,-12,-21,-11,-19,-8,-18,-2"
12.375217199325562,147,"CSI,3676,128,83,49,21,0,-10,-8,-13,-6,-13,-5,-14,-3,-16,-4,-19,-3,-18,-1,-15,-2,-15,-2,-18,1,-18,4,-19,5,-20,5,-18,5,-16,5,-15,5,-14,4,-10,4,-5,4,-3,3,-1,5,2,7,5,6,7,4,7,3,1,1,0,0,0,0,0,0,0,0,0,0,0,0,0,0,0,0,0,0,2,-1,10,-1,9,2,8,4,9,5,10,6,10,6,8,8,4,7,1,4,-1,1,-1,0,-1,-5,-2,-11,-1,-14,1,-17,2,-20,6,-21,8,-23,8,-26,10,-26,14,-23,17,-22,16,-20,10,-17,6,-18,6,-19"
12.476486206054688,148,"CSI,3680,128,83,49,21,0,11,-1,9,-6,8,-9,7,-10,4,-11,4,-12,4,-16,-1,-20,0,-19,3,-17,3,-16,3,-17,1,-18,0,-17,0,-15,2,-13,3,-12,2,-11,-1,-9,-3,-8,-2,-7,0,-5,-2,-1,-6,1,-9,1,-3,0,0,0,0,0,0,0,0,0,0,0,0,0,0,0,0,0,0,0,1,2,3,11,2,11,1,12,0,12,-2,10,-2,8,-1,9,-2,8,-2,4,-1,3,2,1,8,-1,14,-2,14,-3,15,-1,21,1,24,3,23,5,23,7,24,10,21,11,17,11,16,10,16,9,17,9,20,8"
12.57954716682434,149,"CSI,3684,128,83,49,21,0,14,-1,12,-5,9,-9,6,-13,4,-14,3,-14,1,-11,-3,-9,-4,-12,-6,-16,-7,-18,-5,-19,-4,-19,-5,-17,-4,-15,-3,-14,-3,-11,-2,-8,-3,-6,-4,-6,-4,-3,-4,1,-5,2,-7,3,-9,3,-3,1,0,0,0,0,0,0,0,0,0,0,0,0,0,0,0,0,0,0,0,2,-1,9,-2,8,-4,9,-5,9,-6,6,-7,6,-6,6,-3,4,-2,3,-1,2,1,1,5,1,11,0,16,-1,17,0,20,3,22,5,24,7,24,10,25,12,25,11,23,12,18,13,15,11,15,10,14,9"
12.683017015457153,150,"CSI,3688,128,83,49,21,0,9,-10,6,-13,1,-11,-1,-12,-3,-14,-8,-14,-8,-13,-3,-13,-4,-16,-8,-18,-11,-18,-11,-16,-10,-15,-9,-17,-7,-18,-6,-15,-5,-9,-4,-6,-3,-7,-5,-7,-5,-4,-4,-2,-4,1,-6,3,-4,2,-1,0,0,0,0,0,0,0,0,0,0,0,0,0,0,0,0,0,0,0,2,0,8,3,6,5,6,6,4,7,2,8,3,7,3,7,1,6,1,3,1,-1,2,-3,2,-4,3,-7,6,-10,10,-11,13,-12,18,-12,22,-12,26,-12,27,-9,25,-6,23,-4,21,-4,20,-6,19,-8,17,-9"
12.786546230316162,151,"CSI,3692,128,83,49,21,0,-11,-1,-10,2,-8,4,-8,5,-11,7,-13,9,-11,6,-8,2,-11,4,-14,9,-14,13,-13,14,-13,11,-13,8,-12,8,-10,8,-8,8,-7,8,-4,7,-3,5,-3,3,-1,1,2,2,5,4,6,3,1,0,0,0,0,0,0,0,0,0,0,0,0,0,0,0,0,0,0,0,-1,-2,-2,-8,-2,-9,-1,-9,0,-10,0,-10,0,-8,2,-6,2,-4,1,-4,0,-3,-2,-2,-5,-2,-9,-3,-12,-3,-15,-2,-18,-4,-21,-7,-21,-10,-20,-14,-19,-17,-19,-17,-18,-17,-15,-16,-15,-18,-17,-19,-15,-16"
12.888112306594849,152,"CSI,3696,128,83,49,21,0,5,-15,3,-14,1,-12,-2,-9,-6,-10,-8,-11,-11,-11,-15,-8,-18,-8,-17,-10,-15,-11,-14,-10,-13,-11,-13,-12,-12,-11,-10,-8,-7,-6,-5,-6,-7,-5,-7,-1,-6,2,-4,2,-3,2,-2,4,-2,6,-1,1,0,0,0,0,0,0,0,0,0,0,0,0,0,0,0,0,0,0,1,2,6,7,7,5,8,5,7,6,5,6,5,6,4,6,2,7,0,5,0,2,-1,0,1,-4,3,-6,6,-7,10,-11,13,-14,14,-16,15,-17,18,-15,18,-13,17,-11,19,-11,18,-9,17,-9,16,-10,13,-8"
12.976712942123413,153,"CSI,3995,128,77,-47,20,0,9,-5,9,-7,7,-10,4,-12,2,-14,-1,-14,-2,-16,-3,-21,-6,-21,-7,-19,-8,-17,-10,-17,-6,-19,-3,-19,-1,-17,-1,-14,-2,-11,-4,-7,-5,-6,-5,-3,-5,0,-5,0,-5,1,-7,2,-10,1,-3,0,0,0,0,0,0,0,0,0,0,0,0,0,0,0,0,0,0,0,1,1,5,6,3,8,2,10,1,9,0,8,0,7,0,8,0,8,0,7,2,4,4,2,5,-2,6,-6,8,-7,13,-5,17,-3,17,0,19,-1,23,-1,24,2,21,3,19,4,17,5,17,5,17,6,15,3"
13.009812116622925,154,"CSI,3701,128,83,49,21,0,7,8,8,7,8,5,8,3,9,0,11,-3,13,-3,14,1,16,1,19,-4,18,-6,18,-6,18,-4,16,-3,14,-3,14,-4,11,-6,6,-5,4,-2,5,-2,0,-4,-4,-5,-3,-4,-3,-4,-3,-7,-1,-2,0,0,0,0,0,0,0,0,0,0,0,0,0,0,0,0,0,0,-2,0,-7,2,-8,2,-9,0,-8,-3,-9,-3,-10,-2,-9,-2,-6,-4,-3,-4,-1,-2,-1,2,0,5,2,8,2,12,0,16,-1,18,-1,21,-1,24,-2,24,-3,22,-3,21,-4,21,-7,21,-10,20,-10,18,-10,18"
13.040467262268066,155,"CSI,3996,128,77,-47,20,0,-6,-9,-8,-5,-11,-3,-12,-1,-12,3,-12,4,-12,6,-10,10,-11,10,-12,7,-12,7,-14,10,-16,11,-14,10,-11,9,-9,9,-7,7,-6,5,-4,5,-3,5,-1,3,1,4,3,5,4,4,4,2,1,0,0,0,0,0,0,0,0,0,0,0,0,0,0,0,0,0,0,0,1,-2,6,-6,7,-3,8,-3,8,-2,8,-1,7,0,5,1,4,2,1,0,0,0,0,0,-2,-3,-4,-8,-6,-13,-7,-16,-5,-18,-3,-20,-2,-23,-2,-26,-2,-24,-4,-23,-2,-25,3,-24,4,-22,0,-21,-2,-20"
13.070762157440186,156,"CSI,3997,128,77,-47,20,0,4,8,6,5,7,2,10,2,13,2,14,0,15,0,14,2,13,1,16,-2,18,-5,19,-7,19,-6,16,-5,14,-4,12,-3,11,-3,9,-4,6,-5,1,-5,-2,-5,-3,-5,-5,-6,-5,-5,-5,-6,-2,-2,0,0,0,0,0,0,0,0,0,0,0,0,0,0,0,0,0,0,-3,0,-10,0,-12,1,-11,0,-10,-2,-8,-4,-6,-4,-3,-5,-2,-5,-3,-2,-1,0,2,1,3,4,2,7,0,12,-4,16,-6,19,-7,20,-7,21,-8,24,-10,26,-12,26,-12,22,-12,19,-11,19,-9,19,-7,17"
13.193374156951904,157,"CSI,3708,128,83,49,21,0,-8,11,-5,9,0,6,5,6,10,6,13,8,12,7,9,2,12,2,16,5,17,7,19,6,20,2,17,2,16,7,15,8,11,4,9,1,8,-1,7,-4,3,-6,0,-6,0,-5,1,-6,-1,-6,-1,-2,0,0,0,0,0,0,0,0,0,0,0,0,0,0,0,0,0,0,-2,-2,-8,-5,-8,-5,-9,-8,-8,-8,-5,-7,-5,-7,-6,-8,-4,-5,-2,1,-1,2,-1,1,0,4,-3,8,-7,8,-9,8,-12,11,-15,14,-16,17,-19,17,-21,16,-22,13,-22,12,-19,13,-17,12,-15,9,-13,6"
13.296418190002441,158,"CSI,3712,128,83,49,21,0,6,8,6,7,10,5,14,3,13,1,13,0,14,0,12,-1,13,-3,17,-4,19,-4,19,-8,16,-11,13,-10,11,-7,11,-8,8,-7,6,-5,5,-4,2,-5,0,-6,1,-5,1,-3,-1,-4,-4,-6,-2,-2,0,0,0,0,0,0,0,0,0,0,0,0,0,0,0,0,0,0,-2,0,-7,1,-9,0,-11,-1,-12,-2,-11,-3,-9,-2,-5,-2,-4,-3,-5,-3,-3,-2,0,-1,1,2,3,6,2,12,2,17,1,19,-1,20,-3,25,-6,25,-9,23,-11,23,-10,22,-11,20,-11,19,-8,17,-4,15"
13.398780345916748,159,"CSI,3717,128,83,49,21,0,-9,4,-8,6,-5,8,-4,11,-1,13,3,14,6,15,8,19,7,18,5,15,5,16,5,17,6,16,7,15,7,14,5,13,4,10,4,7,5,5,5,2,4,-1,4,-3,4,-4,4,-5,4,-5,1,-2,0,0,0,0,0,0,0,0,0,0,0,0,0,0,0,0,0,0,0,-3,3,-10,3,-10,3,-9,4,-9,5,-8,5,-7,5,-6,5,-5,3,-4,-1,0,-5,4,-8,1,-9,-1,-13,0,-16,0,-17,-2,-20,-5,-23,-7,-23,-8,-22,-10,-22,-12,-22,-13,-20,-11,-18,-11,-16,-11,-13,-10"
13.4986891746521,160,"CSI,3720,128,83,49,21,0,5,15,7,10,7,5,9,5,12,6,12,8,17,6,23,2,21,1,16,3,16,2,18,1,19,1,17,3,14,5,12,6,11,5,8,4,5,4,5,2,4,-2,2,-3,0,-3,1,-5,1,-6,0,-2,0,0,0,0,0,0,0,0,0,0,0,0,0,0,0,0,0,0,-2,2,-6,10,-8,8,-9,6,-8,6,-8,4,-8,0,-9,-1,-8,-2,-6,-3,-2,-2,3,2,5,4,5,5,6,8,5,12,5,16,4,20,-1,23,-3,23,-4,23,-7,26,-8,26,-7,22,-6,22,-4,21,1,16"
13.703494310379028,161,"CSI,3729,128,83,49,21,0,3,12,7,10,9,7,9,5,11,3,14,1,15,0,12,4,13,6,16,3,17,2,19,2,20,2,17,2,15,0,14,0,12,2,9,2,6,1,4,-1,4,-3,2,-4,-1,-4,-1,-7,2,-9,1,-3,0,0,0,0,0,0,0,0,0,0,0,0,0,0,0,0,0,0,-2,0,-8,4,-7,5,-8,4,-8,3,-7,3,-7,0,-8,-1,-8,-1,-5,0,-1,1,0,3,4,5,6,6,4,8,1,11,1,14,2,16,0,19,-1,22,-1,25,-2,26,-4,27,-4,24,-4,19,-6,16,-7,15"
13.810320138931274,162,"CSI,3732,128,83,49,21,0,-11,-6,-11,-6,-12,-4,-13,0,-13,2,-15,1,-14,3,-11,9,-13,8,-16,4,-16,3,-16,3,-20,4,-18,4,-14,2,-14,-1,-14,-1,-10,0,-7,1,-4,2,-1,3,-1,5,-2,6,0,5,3,5,1,1,0,0,0,0,0,0,0,0,0,0,0,0,0,0,0,0,0,0,0,-2,2,-8,3,-7,3,-7,5,-7,6,-6,7,-5,6,-3,4,-3,2,-2,1,-2,-2,-4,-7,-5,-9,-6,-9,-8,-10,-12,-10,-14,-9,-17,-7,-19,-8,-20,-10,-23,-9,-22,-6,-18,-5,-18,-5,-21,-6,-21,-7,-17"
13.841253280639648,163,"CSI,3998,128,101,80,6,0,-7,14,-4,15,-1,13,2,10,7,11,8,13,8,16,11,16,13,12,15,10,16,12,14,12,13,11,11,10,9,10,7,8,4,8,3,9,2,7,1,4,2,1,3,0,5,-1,6,-4,4,-5,0,-2,0,0,0,0,0,0,0,0,0,0,0,0,0,0,0,0,0,0,-2,0,-8,0,-9,-1,-11,-2,-10,-4,-8,-5,-6,-5,-5,-4,-2,-4,-1,-6,-3,-5,-2,-2,-1,4,-2,9,-5,13,-8,16,-10,16,-13,15,-16,14,-22,14,-25,15,-24,15,-22,11,-18,7,-14,9,-11,12,-11,14"
13.91158413887024,164,"CSI,3737,128,83,49,21,0,-14,1,-10,3,-7,6,-6,9,-5,12,-4,15,-2,16,2,14,2,15,2,17,4,20,5,21,5,21,4,18,2,17,1,16,0,14,-2,10,-3,5,0,2,3,2,3,2,4,-1,4,-4,5,-5,1,-2,0,0,0,0,0,0,0,0,0,0,0,0,0,0,0,0,0,0,-1,-3,0,-10,2,-10,5,-10,7,-9,6,-9,5,-8,5,-7,3,-6,1,-5,-1,-4,-2,0,-5,2,-8,0,-12,-2,-15,-4,-16,-5,-19,-6,-22,-8,-23,-11,-23,-13,-20,-12,-18,-12,-17,-12,-17,-11,-18,-11,-20,-11"
14.016924142837524,165,"CSI,3741,128,83,49,21,0,1,-10,-3,-9,-6,-10,-10,-10,-11,-8,-11,-8,-12,-7,-13,-2,-13,-2,-14,-5,-17,-6,-20,-7,-19,-8,-17,-6,-19,-4,-19,-3,-15,-3,-11,-4,-9,-4,-7,-2,-6,0,-4,1,-2,2,-1,4,-1,6,0,1,0,0,0,0,0,0,0,0,0,0,0,0,0,0,0,0,0,0,2,0,7,3,6,4,5,5,3,6,2,7,2,8,2,8,1,6,0,3,0,1,1,-1,0,-3,0,-6,4,-8,8,-12,10,-16,13,-17,16,-17,20,-17,23,-16,23,-14,21,-13,19,-15,17,-15,14,-12,11,-11"
14.217639207839966,166,"CSI,3748,128,83,49,21,0,-7,7,-8,9,-6,10,-4,12,-1,14,0,14,4,15,11,16,15,11,14,10,11,13,10,15,10,17,7,16,6,15,5,13,4,10,2,6,2,3,1,2,0,-1,1,-4,4,-5,6,-5,6,-6,1,-2,0,0,0,0,0,0,0,0,0,0,0,0,0,0,0,0,0,0,-2,-2,-7,-6,-6,-6,-5,-8,-2,-9,-1,-10,-3,-10,-3,-9,1,-7,1,-5,-1,-2,-2,-1,-4,1,-5,4,-7,5,-11,5,-15,5,-19,6,-21,6,-21,4,-22,3,-25,2,-26,2,-23,3,-21,3,-19,3,-18,2"
14.320733308792114,167,"CSI,3753,128,83,49,21,0,-1,-13,-3,-8,-6,-5,-9,-7,-11,-8,-13,-8,-11,-8,-8,-9,-12,-10,-17,-8,-20,-4,-20,-3,-19,-4,-18,-4,-15,-4,-13,-5,-12,-5,-10,-4,-6,-2,-3,-1,-1,1,1,2,1,3,1,4,1,3,0,0,0,0,0,0,0,0,0,0,0,0,0,0,0,0,0,0,0,0,2,0,9,0,7,1,9,2,8,4,6,6,5,8,5,8,5,6,3,4,1,3,-1,0,0,-2,2,-6,4,-9,4,-12,5,-16,8,-18,12,-17,15,-14,14,-13,16,-14,18,-14,14,-12,12,-14,11,-15,8,-12"
14.425309181213379,168,"CSI,3757,128,83,49,21,0,-15,-5,-15,1,-13,5,-12,5,-12,5,-12,6,-12,7,-14,7,-13,12,-11,17,-10,17,-9,17,-11,15,-13,13,-13,12,-12,10,-11,6,-9,2,-5,1,-3,1,-2,2,-1,4,0,3,2,3,4,4,1,1,0,0,0,0,0,0,0,0,0,0,0,0,0,0,0,0,0,0,-2,-2,-5,-6,-4,-8,-2,-10,0,-11,1,-11,2,-10,2,-9,2,-7,3,-6,2,-4,0,-3,-2,-3,-5,-1,-9,1,-13,-1,-15,-4,-16,-7,-16,-10,-18,-13,-20,-12,-20,-12,-19,-15,-16,-15,-13,-13,-13,-12,-14,-11"
14.470296144485474,169,"CSI,3999,128,77,-47,20,0,-11,-2,-9,-3,-8,0,-6,4,-5,6,-5,7,-8,7,-9,6,-8,8,-7,12,-6,16,-4,19,-4,19,-6,18,-8,14,-9,11,-7,11,-6,9,-3,7,1,6,3,2,3,0,4,0,4,-1,5,-2,1,-1,0,0,0,0,0,0,0,0,0,0,0,0,0,0,0,0,0,0,0,-3,3,-10,3,-7,3,-7,3,-7,5,-8,5,-8,3,-5,3,-3,2,-4,1,-4,-1,-1,-3,-1,-6,-3,-8,-3,-14,-5,-19,-8,-19,-10,-17,-10,-16,-13,-15,-18,-15,-20,-14,-18,-10,-17,-8,-18,-11,-17,-15,-14"
14.500871181488037,170,"CSI,4000,128,77,-47,20,0,-5,5,-4,7,-2,10,0,9,3,9,6,11,7,10,7,7,8,8,11,11,14,12,14,12,13,11,12,10,12,9,11,9,8,9,5,7,4,5,2,2,1,-1,1,-3,0,-4,-1,-5,0,-7,0,-2,0,0,0,0,0,0,0,0,0,0,0,0,0,0,0,0,0,0,-2,-2,-7,-5,-7,-5,-6,-5,-6,-9,-5,-11,-2,-8,0,-8,-1,-9,-2,-5,-2,-1,-3,0,-3,1,-4,4,-6,7,-7,11,-10,12,-14,13,-18,12,-20,9,-20,8,-20,9,-20,8,-19,8,-19,8,-19,9,-19,10"
14.530542135238647,171,"CSI,3761,128,83,49,21,0,-10,6,-6,7,0,6,4,7,5,8,9,9,8,11,2,15,6,16,14,16,15,15,16,14,15,14,12,14,10,14,8,12,5,9,3,7,3,3,4,1,5,0,4,-1,3,-3,1,-6,0,-9,0,-3,0,0,0,0,0,0,0,0,0,0,0,0,0,0,0,0,0,0,-2,-2,-7,-7,-6,-8,-5,-9,-4,-9,-2,-8,-3,-9,-3,-9,-2,-10,-1,-8,-1,-4,-2,0,-4,2,-6,3,-9,5,-13,7,-17,8,-17,8,-17,9,-18,11,-22,12,-22,9,-22,7,-23,8,-22,9,-22,6,-22,4"
14.628555059432983,172,"CSI,3764,128,83,49,21,0,-9,-2,-7,1,-9,3,-8,4,-5,7,-5,7,-3,11,2,15,2,13,0,14,-3,16,-4,16,-3,17,-3,16,-4,15,-6,12,-6,10,-6,8,-4,6,-2,4,-1,0,1,-4,2,-6,4,-5,6,-3,1,-1,0,0,0,0,0,0,0,0,0,0,0,0,0,0,0,0,0,0,0,-3,3,-9,3,-9,4,-9,4,-9,5,-6,6,-4,5,-5,4,-5,5,-4,4,-3,3,-2,0,-2,-5,-4,-9,-6,-11,-5,-14,-5,-15,-9,-18,-13,-18,-14,-19,-16,-19,-18,-16,-18,-13,-15,-15,-16,-17,-17,-16,-12"
14.729833126068115,173,"CSI,3768,128,83,49,21,0,-11,1,-8,4,-6,9,-4,9,-2,6,1,7,2,10,0,8,3,7,8,9,10,10,13,12,13,13,8,10,7,7,7,6,7,3,6,1,5,1,2,1,0,-2,-2,-4,-2,-5,-2,-4,-1,-3,0,-1,0,0,0,0,0,0,0,0,0,0,0,0,0,0,0,0,0,0,1,-2,7,-7,8,-6,8,-5,10,-6,9,-6,7,-4,6,-2,6,-2,4,-1,3,-1,2,-2,-1,-2,-6,-2,-11,-1,-12,-1,-14,-3,-18,-6,-19,-9,-20,-11,-22,-12,-22,-12,-23,-12,-23,-12,-21,-9,-17,-6,-14,-6"
14.84937334060669,174,"CSI,4001,128,77,-47,20,0,8,-4,8,-7,3,-8,-1,-9,-2,-9,-2,-9,2,-12,4,-16,-2,-18,-6,-17,-6,-17,-6,-18,-4,-17,-2,-16,-1,-15,1,-12,3,-10,3,-9,0,-6,-3,-3,-2,-1,-1,1,-2,0,-4,0,-6,0,-2,0,0,0,0,0,0,0,0,0,0,0,0,0,0,0,0,0,0,0,1,0,6,0,7,0,7,3,7,5,7,4,5,4,2,5,1,4,0,2,-1,1,-1,-1,0,-3,1,-5,4,-9,6,-12,10,-10,14,-10,17,-11,20,-9,20,-7,20,-6,23,-5,24,-5,21,-6,18,-7,16,-9"
15.44783902168274,175,"CSI,3796,128,83,49,21,0,-9,0,-9,2,-9,5,-9,8,-9,9,-9,9,-8,9,-4,13,-3,13,-5,11,-6,11,-6,12,-5,12,-6,11,-6,11,-6,10,-5,9,-3,8,0,7,1,4,1,2,1,1,2,-1,3,-1,5,0,1,0,0,0,0,0,0,0,0,0,0,0,0,0,0,0,0,0,0,0,1,-2,3,-9,1,-10,1,-11,2,-12,3,-10,3,-7,1,-4,1,-4,0,-4,-1,-2,-2,0,-4,1,-9,-2,-12,-5,-13,-7,-15,-7,-16,-10,-14,-13,-14,-15,-16,-15,-16,-16,-15,-17,-15,-18,-12,-16,-10,-10,-11,-7"
15.550328254699707,176,"CSI,3801,128,83,49,21,0,-2,-11,-3,-11,-4,-9,-6,-8,-8,-8,-10,-9,-12,-12,-13,-14,-12,-12,-13,-7,-16,-6,-17,-7,-15,-5,-14,-3,-13,-4,-10,-3,-7,-2,-6,-3,-7,-2,-5,1,-2,3,-1,3,-1,4,-1,3,-2,3,-1,1,0,0,0,0,0,0,0,0,0,0,0,0,0,0,0,0,0,0,0,1,3,7,4,7,4,8,4,7,5,5,3,6,1,6,0,4,-1,1,-1,-2,0,-4,2,-7,6,-9,8,-11,9,-10,11,-11,15,-13,18,-12,19,-9,20,-9,21,-11,22,-11,22,-11,18,-10,13,-8,11,-8"
15.653026103973389,177,"CSI,3805,128,83,49,21,0,-9,-1,-7,4,-6,8,-6,9,-5,11,-6,13,-11,15,-16,16,-8,16,0,16,1,16,1,16,-3,16,-8,16,-6,15,-3,12,-1,9,2,6,2,5,3,6,3,4,1,1,2,-2,3,-4,5,-4,1,-2,0,0,0,0,0,0,0,0,0,0,0,0,0,0,0,0,0,0,1,-1,4,-4,5,-6,7,-6,9,-4,7,-4,7,-4,6,-4,3,-3,-1,-2,-2,-1,-4,-2,-7,-4,-10,-6,-12,-8,-13,-11,-15,-15,-15,-17,-11,-19,-12,-21,-14,-19,-13,-18,-13,-19,-13,-19,-12,-18,-10,-14,-8,-11"
15.753928184509277,178,"CSI,3808,128,83,49,21,0,-3,-10,-6,-10,-8,-11,-9,-8,-11,-4,-11,-4,-11,-4,-14,0,-15,2,-13,0,-12,-1,-13,1,-17,3,-18,2,-15,2,-14,2,-12,2,-9,3,-6,5,-3,5,-3,4,-3,3,-3,1,-2,2,-1,4,0,1,0,0,0,0,0,0,0,0,0,0,0,0,0,0,0,0,0,0,2,0,8,1,9,3,8,4,7,4,6,4,7,5,5,3,1,1,0,1,2,1,2,0,-1,-3,0,-7,4,-11,6,-15,7,-18,9,-16,10,-15,10,-16,11,-18,13,-19,14,-18,14,-16,13,-17,13,-17,13,-11"
15.95974612236023,179,"CSI,3816,128,83,49,21,0,-12,6,-11,8,-10,9,-8,10,-6,11,-5,14,-5,13,-4,9,-3,9,-2,13,-1,14,-2,17,-2,17,0,17,1,16,1,14,0,14,-2,12,-1,9,0,7,1,7,3,4,3,-1,5,-2,6,-2,1,-1,0,0,0,0,0,0,0,0,0,0,0,0,0,0,0,0,0,0,0,-3,0,-9,1,-8,1,-6,1,-7,2,-8,3,-5,6,-2,6,-1,2,-1,-1,0,-3,-1,-6,2,-8,2,-12,-1,-16,-2,-18,-5,-19,-9,-19,-12,-19,-12,-21,-14,-20,-15,-18,-14,-15,-15,-13,-13,-13,-10,-14,-8"
15.992744207382202,180,"CSI,4002,128,75,-79,20,0,13,-1,15,-3,14,-4,14,-4,12,-5,12,-7,11,-12,6,-15,7,-13,11,-10,10,-11,10,-16,8,-18,6,-15,6,-15,4,-16,3,-13,5,-9,6,-8,5,-7,4,-4,2,-3,-2,-4,-5,-4,-7,-5,-2,-2,0,0,0,0,0,0,0,0,0,0,0,0,0,0,0,0,0,0,0,1,-1,7,-5,6,-7,6,-7,5,-6,3,-5,2,-5,2,-5,2,-4,0,-3,-2,2,-2,6,0,8,2,10,5,12,9,15,13,15,17,13,19,11,20,11,20,10,21,9,20,9,17,9,15,7,14,7,14"
16.16434931755066,181,"CSI,3824,128,83,49,21,0,-13,2,-12,5,-11,8,-10,11,-8,12,-6,14,-6,17,-3,21,0,20,1,18,0,17,-1,18,0,17,0,15,0,13,1,12,2,13,3,11,1,8,-1,4,0,3,1,2,2,1,4,-2,8,-3,2,-1,0,0,0,0,0,0,0,0,0,0,0,0,0,0,0,0,0,0,1,-3,5,-10,4,-9,4,-8,5,-6,7,-4,7,-2,7,-1,4,0,3,0,1,1,-4,2,-10,2,-15,-1,-16,-3,-17,-6,-19,-9,-20,-13,-21,-16,-21,-19,-19,-21,-14,-22,-13,-18,-14,-13,-14,-12,-13,-9,-11,-3"
16.265921115875244,182,"CSI,3828,128,83,49,21,0,-14,5,-12,9,-8,12,-6,12,-7,12,-8,13,-2,14,5,14,6,14,3,15,2,17,1,19,-1,19,1,16,3,15,2,13,0,9,0,7,2,8,3,8,3,4,2,2,3,0,6,-1,9,-1,2,-1,0,0,0,0,0,0,0,0,0,0,0,0,0,0,0,0,0,0,0,-3,0,-8,-1,-10,0,-12,1,-9,1,-6,1,-7,2,-7,3,-4,2,-2,0,-1,-1,-2,-3,0,-9,3,-13,5,-15,3,-19,0,-21,-2,-23,-6,-26,-10,-25,-14,-22,-15,-21,-13,-20,-11,-18,-11,-15,-8,-12,-5"
16.88223910331726,183,"CSI,3852,128,83,49,21,0,8,5,7,1,9,-4,12,-7,13,-10,12,-12,11,-12,9,-10,9,-12,10,-16,9,-17,8,-18,9,-18,9,-18,10,-18,10,-16,8,-14,4,-11,0,-8,0,-6,-1,-4,-4,-3,-5,-2,-7,-3,-7,-4,-2,-2,0,0,0,0,0,0,0,0,0,0,0,0,0,0,0,0,0,0,-2,1,-7,6,-6,4,-7,4,-10,5,-11,5,-10,2,-8,-2,-6,-5,-5,-5,-3,-2,2,0,6,3,8,6,10,9,13,11,12,15,11,18,11,20,12,20,11,21,10,23,10,24,9,23,7,21,6,19,6,17"
16.912819147109985,184,"CSI,4003,128,75,-79,20,0,7,8,9,5,12,1,14,-2,15,-6,15,-8,19,-5,25,-5,24,-10,20,-13,18,-13,19,-12,19,-12,18,-11,16,-9,14,-7,12,-4,11,-2,7,-2,4,-2,3,-1,1,-3,0,-3,-1,-4,-3,-6,-1,-2,0,0,0,0,0,0,0,0,0,0,0,0,0,0,0,0,0,0,-1,2,-2,9,-2,9,-4,7,-8,6,-10,6,-9,6,-7,3,-6,2,-5,0,-2,0,1,2,3,1,7,0,12,3,14,8,14,12,14,14,16,18,17,22,14,22,9,22,6,23,6,22,7,20,7,18,10,17"
16.943803310394287,185,"CSI,4004,128,75,-79,20,0,10,-13,9,-11,6,-11,4,-14,0,-19,-7,-20,-12,-17,-12,-14,-9,-16,-7,-18,-7,-18,-7,-20,-8,-21,-9,-19,-10,-18,-9,-17,-7,-13,-3,-11,-1,-10,-3,-6,-4,-3,-4,0,-5,2,-5,3,-2,2,0,0,0,0,0,0,0,0,0,0,0,0,0,0,0,0,0,0,0,0,2,1,7,4,5,7,4,9,2,10,1,10,-1,9,-2,8,-3,6,-5,4,-5,2,-1,-1,1,-3,2,-6,7,-9,10,-10,13,-10,17,-8,21,-6,25,-5,27,-5,25,-5,21,-4,21,-4,25,-7,23,-6,15,0"
17.08822202682495,186,"CSI,3861,128,83,49,21,0,6,11,9,11,12,8,14,5,14,4,16,3,15,-1,12,-2,16,0,20,-2,21,-5,20,-7,19,-8,18,-5,17,-1,13,-2,12,-4,11,-2,8,-2,4,-3,3,-3,1,-3,-1,-4,-3,-4,-6,-4,-2,-1,0,0,0,0,0,0,0,0,0,0,0,0,0,0,0,0,0,0,-3,-1,-10,-1,-10,-1,-10,-2,-8,-4,-6,-7,-6,-7,-6,-6,-5,-5,-5,-3,-4,0,-2,3,0,5,3,8,4,11,1,14,-2,19,-2,21,-1,21,-4,25,-8,25,-9,24,-10,25,-11,22,-10,17,-9,15,-8,14"
17.784497261047363,187,"CSI,4005,128,77,-47,20,0,13,-2,9,-7,6,-10,9,-11,10,-15,9,-19,10,-17,9,-12,6,-15,3,-19,4,-20,7,-22,6,-22,5,-19,5,-19,6,-18,6,-15,4,-11,0,-6,-2,-5,-3,-6,-4,-6,-5,-3,-6,-1,-7,-1,-2,-1,0,0,0,0,0,0,0,0,0,0,0,0,0,0,0,0,0,0,0,2,1,10,-1,11,-3,10,-5,10,-7,10,-6,9,-4,8,-3,5,-1,1,-2,-1,-1,0,3,1,8,0,12,0,14,2,16,2,19,3,20,6,22,9,24,12,25,12,23,12,18,14,14,13,17,8,20,5"
17.817999124526978,188,"CSI,4006,128,77,-47,20,0,1,-10,-4,-13,-7,-14,-9,-10,-14,-11,-18,-15,-13,-3,-2,12,-8,5,-18,-3,-18,-7,-17,-12,-16,-14,-16,-14,-14,-11,-10,-9,-6,-9,-4,-8,-3,-7,-4,-6,-4,-4,-4,-3,-7,-2,-9,0,-8,2,-2,1,0,0,0,0,0,0,0,0,0,0,0,0,0,0,0,0,0,0,-2,-2,-7,-8,-4,-10,0,-12,4,-11,4,-9,3,-7,3,-4,2,-3,1,-4,-1,-4,-4,-3,-7,-2,-10,-1,-12,-4,-12,-8,-13,-11,-13,-16,-8,-21,-5,-21,-5,-21,-3,-23,1,-23,4,-22,4,-22,-1,-21,-11,-19"
17.93177604675293,189,"CSI,4007,128,75,-79,20,0,-13,0,-9,2,-8,8,-11,13,-9,16,-8,17,-6,15,-2,12,0,14,-1,17,-1,18,-2,20,-2,21,0,19,0,16,0,15,0,13,0,11,2,9,2,6,3,2,5,0,5,-1,4,-1,6,-2,2,-1,0,0,0,0,0,0,0,0,0,0,0,0,0,0,0,0,0,0,1,-3,5,-10,4,-10,4,-10,6,-9,8,-7,9,-6,9,-4,8,-2,6,-1,1,-1,-4,0,-5,2,-8,1,-13,-3,-18,-7,-21,-9,-20,-10,-20,-13,-22,-15,-21,-17,-21,-18,-22,-17,-19,-16,-16,-16,-15,-15,-13,-11"
17.969459056854248,190,"CSI,417,128,83,49,21,0,8,4,9,8,9,12,9,11,9,8,8,8,6,6,2,1,0,2,2,4,3,3,3,1,2,0,3,-1,7,-2,7,-2,5,-2,5,-2,8,-3,9,-3,9,-2,6,-2,5,-1,4,0,4,0,1,-1,0,0,0,0,0,0,0,0,0,0,0,0,0,0,0,0,0,0,-1,0,-5,2,-7,0,-7,-2,-8,-1,-8,1,-6,0,-4,0,-5,-1,-3,1,-2,3,-3,5,-3,5,-1,6,-3,6,-6,6,-4,6,-1,6,-1,7,-1,6,-1,5,-3,6,-4,5,-2,4,1,3,2,3,2,6"
18.110788106918335,191,"CSI,3901,128,83,49,21,0,4,-9,-1,-11,-6,-12,-9,-12,-11,-14,-14,-14,-15,-11,-17,-8,-17,-7,-16,-9,-16,-10,-17,-9,-18,-7,-18,-6,-17,-4,-16,-2,-13,-3,-10,-3,-8,-2,-7,0,-5,1,-4,2,-2,5,0,6,0,5,0,1,0,0,0,0,0,0,0,0,0,0,0,0,0,0,0,0,0,0,0,2,2,9,2,10,0,11,-1,10,-1,9,-2,11,-3,10,-3,6,-3,2,-1,0,0,1,3,-2,6,-6,9,-10,13,-11,17,-10,19,-8,21,-8,23,-8,24,-7,26,-5,26,-3,22,-2,17,-1,14,-3,12,-3"
18.21095609664917,192,"CSI,3904,128,83,49,21,0,-8,8,-6,13,-5,15,-3,15,-2,16,0,17,3,17,7,18,7,18,5,18,7,17,9,16,7,17,5,18,5,17,3,15,1,11,2,7,3,5,3,4,4,3,5,1,4,-3,4,-5,4,-5,1,-2,0,0,0,0,0,0,0,0,0,0,0,0,0,0,0,0,0,0,-1,-2,-4,-8,-6,-10,-4,-11,-1,-12,0,-12,-1,-11,0,-8,2,-5,2,-3,0,0,-1,4,-4,6,-9,7,-13,6,-15,2,-20,2,-24,2,-26,1,-28,1,-29,1,-27,-4,-25,-6,-24,-4,-22,-2,-18,-1,-14,-1"
18.279779195785522,193,"CSI,430,128,83,49,21,0,10,-10,10,-7,11,-6,14,-7,15,-6,13,-4,6,-4,2,-2,4,-1,6,-1,5,-1,3,1,3,0,3,-4,2,-7,2,-9,2,-9,1,-9,2,-8,4,-6,3,-5,2,-4,1,-3,1,-4,3,-6,1,-2,0,0,0,0,0,0,0,0,0,0,0,0,0,0,0,0,0,0,1,-1,4,-1,5,1,7,3,7,3,5,0,5,-1,3,-1,1,-1,3,-2,4,-1,5,1,6,-1,7,-2,6,-1,6,-4,6,-4,8,-1,10,0,9,0,8,2,9,1,6,0,6,-1,8,-3,5,-5,2,-6"
18.31044101715088,194,"CSI,4009,128,75,-79,20,0,14,1,15,-2,13,-7,12,-10,12,-10,12,-12,11,-14,9,-17,7,-18,7,-19,7,-17,8,-16,6,-17,4,-17,5,-17,7,-16,8,-13,6,-9,3,-5,1,-4,0,-5,0,-4,-1,-2,-4,-1,-5,-3,-1,-1,0,0,0,0,0,0,0,0,0,0,0,0,0,0,0,0,0,0,-1,1,-4,7,-6,8,-8,9,-11,8,-12,6,-10,4,-7,2,-5,0,-3,-1,-2,-1,1,0,5,1,8,5,10,8,14,9,17,10,17,12,14,17,16,19,21,17,23,18,18,20,12,18,10,15,11,14,13,14"
18.3403902053833,195,"CSI,4010,128,75,-79,20,0,-1,12,2,11,5,10,7,9,10,10,14,11,14,9,11,5,13,5,16,7,16,8,16,8,17,7,17,6,17,6,16,6,12,6,8,4,6,2,6,2,6,1,4,-2,2,-4,2,-4,2,-5,0,-2,0,0,0,0,0,0,0,0,0,0,0,0,0,0,0,0,0,0,-4,0,-13,-1,-11,-3,-11,-4,-11,-5,-9,-6,-7,-6,-6,-4,-3,-2,-1,-1,-2,0,-1,1,1,5,-1,9,-3,14,-6,19,-10,23,-12,23,-13,21,-16,23,-18,24,-17,24,-14,23,-15,19,-16,15,-12,12,-8,13"
18.521692276000977,196,"CSI,3917,128,83,49,21,0,-14,2,-12,5,-12,6,-11,7,-9,10,-5,14,-4,8,-1,-1,2,7,3,18,3,18,4,18,6,19,8,19,9,15,7,13,5,11,4,7,3,4,2,2,3,0,4,-3,6,-3,7,-3,5,-4,1,-2,0,0,0,0,0,0,0,0,0,0,0,0,0,0,0,0,0,0,3,-1,13,-2,13,-2,10,-1,7,1,6,3,6,4,6,3,5,1,4,1,1,0,-2,-1,-3,-1,-4,-5,-7,-11,-13,-15,-15,-17,-12,-18,-11,-21,-12,-24,-11,-24,-11,-23,-13,-20,-15,-16,-13,-16,-11,-16,-9,-12"
18.82918620109558,197,"CSI,3928,128,83,49,21,0,-12,-5,-11,1,-11,3,-14,4,-16,6,-16,9,-17,11,-20,14,-21,17,-18,16,-15,14,-12,15,-10,16,-13,16,-15,13,-13,9,-10,7,-8,6,-6,5,-4,4,-3,3,-1,2,1,2,1,3,2,4,0,1,0,0,0,0,0,0,0,0,0,0,0,0,0,0,0,0,0,0,-1,-3,-2,-10,-2,-11,1,-13,6,-14,8,-12,7,-9,5,-6,5,-5,4,-4,2,-3,0,-2,-5,-2,-9,-2,-11,-2,-15,-6,-20,-11,-21,-14,-20,-16,-20,-18,-19,-19,-18,-21,-17,-21,-18,-19,-18,-18,-16,-16,-14,-12"
18.94197916984558,198,"CSI,4011,128,77,-47,20,0,14,-2,14,-5,12,-9,11,-13,11,-15,10,-14,6,-13,3,-15,8,-18,12,-20,10,-20,9,-19,8,-17,9,-14,9,-13,8,-13,7,-12,4,-11,1,-10,-2,-8,-3,-6,-4,-5,-5,-3,-6,-3,-6,-6,-2,-2,0,0,0,0,0,0,0,0,0,0,0,0,0,0,0,0,0,0,1,2,4,12,2,13,-2,13,-3,12,-2,10,-4,7,-5,6,-4,5,-3,2,-3,2,-2,1,4,-2,10,-1,14,2,18,3,20,1,21,2,21,5,21,8,23,12,23,16,20,15,20,13,21,12,17,8,16,3"
18.99971914291382,199,"CSI,4012,128,77,-47,20,0,-8,-13,-12,-9,-16,-5,-17,-3,-17,-2,-18,-2,-18,2,-18,6,-19,6,-19,5,-20,6,-20,7,-20,5,-19,5,-17,6,-13,6,-10,4,-8,2,-6,1,-6,2,-6,3,-4,4,0,5,3,7,2,9,0,2,0,0,0,0,0,0,0,0,0,0,0,0,0,0,0,0,0,0,1,-3,6,-11,8,-10,10,-7,11,-3,11,-1,9,0,6,-1,5,-1,3,-2,0,-2,-2,-2,-4,-6,-7,-10,-6,-15,-7,-19,-9,-19,-6,-22,-3,-26,-2,-28,0,-31,1,-29,0,-25,0,-23,1,-22,1,-21,-1,-19"
19.03292226791382,200,"CSI,4013,128,77,-47,20,0,-12,11,-11,11,-10,11,-6,14,-1,17,0,18,0,20,-2,24,-1,24,2,20,3,18,3,19,4,21,4,21,4,18,4,15,3,14,3,12,2,8,2,5,3,4,4,2,5,-1,7,-2,9,-3,2,-1,0,0,0,0,0,0,0,0,0,0,0,0,0,0,0,0,0,0,-2,-2,-5,-7,-4,-10,0,-13,1,-13,0,-12,1,-11,2,-11,3,-10,3,-6,1,-3,-1,-2,-4,0,-8,3,-14,5,-20,5,-26,4,-25,1,-23,-3,-25,-4,-27,-5,-27,-4,-26,-3,-25,-4,-25,-6,-22,-5,-19,-1"
19.06245708465576,201,"CSI,3937,128,83,49,21,0,12,7,13,4,14,-1,14,-3,15,-6,16,-9,13,-12,12,-15,14,-13,15,-10,14,-10,13,-11,14,-11,15,-12,14,-12,12,-11,8,-10,6,-9,5,-8,4,-5,2,-2,0,-4,-2,-6,-4,-7,-6,-6,-2,-2,0,0,0,0,0,0,0,0,0,0,0,0,0,0,0,0,0,0,-2,2,-5,10,-4,11,-7,11,-8,8,-8,6,-9,5,-9,5,-6,6,-3,4,-3,0,-2,1,3,3,9,4,11,6,13,11,14,14,15,16,16,18,15,21,14,24,12,25,10,23,9,20,7,18,6,20,7,18"
19.135585069656372,202,"CSI,3941,128,83,49,21,0,-5,-12,-8,-12,-11,-11,-13,-9,-15,-8,-17,-9,-17,-11,-18,-14,-20,-13,-21,-9,-21,-9,-24,-9,-23,-9,-18,-10,-14,-11,-13,-9,-12,-8,-10,-4,-7,-1,-5,0,-4,-1,-4,-1,-5,0,-4,2,-3,7,-1,2,0,0,0,0,0,0,0,0,0,0,0,0,0,0,0,0,0,0,3,-2,10,-7,9,-8,9,-7,9,-5,9,-3,10,-2,8,-1,5,1,3,2,2,1,0,-2,-3,-6,-6,-12,-6,-16,-4,-18,-2,-20,0,-24,1,-27,3,-27,7,-26,9,-24,9,-23,9,-21,11,-18,9,-18,4,-23"
19.284077167510986,203,"CSI,4014,128,75,-79,20,0,-11,-12,-13,-9,-14,-5,-15,-2,-17,-1,-17,1,-19,3,-25,6,-25,7,-23,6,-23,6,-21,6,-19,5,-18,5,-18,3,-16,1,-11,2,-8,4,-7,4,-6,3,-5,3,-3,4,-2,4,-1,4,1,5,0,1,0,0,0,0,0,0,0,0,0,0,0,0,0,0,0,0,0,0,2,-3,9,-9,10,-8,12,-4,13,-2,13,0,12,-1,10,-3,7,-1,4,1,2,2,-1,0,-5,-5,-8,-10,-8,-13,-7,-18,-7,-23,-7,-25,-5,-24,-2,-26,1,-31,1,-34,0,-32,0,-28,1,-22,2,-20,-1,-18"
19.317259073257446,204,"CSI,4015,128,75,-79,20,0,-1,10,4,11,7,11,7,10,9,11,10,14,8,17,6,21,9,20,14,17,16,15,14,13,13,12,11,14,8,15,5,12,4,10,4,8,6,5,7,2,8,1,6,0,4,1,3,-1,4,-3,0,-1,0,0,0,0,0,0,0,0,0,0,0,0,0,0,0,0,0,0,-4,0,-14,2,-13,2,-14,1,-13,-2,-11,-4,-10,-6,-10,-6,-10,-5,-10,-4,-7,0,-4,5,-2,8,-4,9,-5,14,-6,18,-8,20,-11,19,-15,19,-21,20,-22,19,-22,14,-24,11,-21,11,-18,13,-15,15,-11,15"
19.347987174987793,205,"CSI,4016,128,75,-79,20,0,-13,2,-11,5,-7,9,-6,13,-5,14,-4,14,-5,14,-6,14,-5,16,-5,19,-4,21,-3,22,0,21,2,20,1,17,-1,14,0,11,1,9,2,8,1,4,2,1,2,0,4,-1,6,-2,6,-3,1,-1,0,0,0,0,0,0,0,0,0,0,0,0,0,0,0,0,0,0,0,-2,1,-9,1,-11,3,-12,5,-13,6,-12,6,-11,6,-9,5,-7,5,-5,2,-4,-1,-4,-5,-3,-11,-3,-15,-3,-18,-2,-21,-3,-23,-6,-22,-9,-23,-11,-26,-12,-27,-14,-27,-16,-24,-15,-23,-13,-20,-12,-17,-14"
19.378968238830566,206,"CSI,3949,128,83,49,21,0,3,11,8,10,9,10,13,8,17,8,19,7,23,5,26,3,26,3,23,4,21,7,20,7,18,7,17,5,17,3,14,4,10,1,8,-4,8,-6,8,-5,6,-6,4,-4,2,-4,-1,-7,-2,-10,-1,-3,0,0,0,0,0,0,0,0,0,0,0,0,0,0,0,0,0,0,-3,1,-11,3,-12,1,-13,0,-13,-1,-14,-4,-12,-6,-8,-6,-7,-8,-7,-7,-3,-2,-1,2,0,5,0,10,0,13,0,14,-2,18,-4,24,-8,25,-11,24,-11,24,-12,25,-16,25,-15,22,-11,21,-7,20,-5,17"
19.442474126815796,207,"CSI,3952,128,83,49,21,0,5,-15,2,-14,-1,-12,-4,-12,-7,-13,-11,-15,-11,-17,-8,-20,-12,-20,-17,-18,-18,-17,-17,-16,-15,-16,-10,-17,-7,-16,-9,-11,-9,-8,-6,-7,-4,-6,-7,-3,-8,-1,-7,0,-6,1,-6,3,-6,5,-2,1,0,0,0,0,0,0,0,0,0,0,0,0,0,0,0,0,0,0,1,1,7,5,10,6,10,6,9,7,7,9,6,10,5,9,1,9,-1,7,1,3,3,1,4,-4,4,-12,5,-17,11,-18,17,-17,20,-15,20,-13,21,-12,23,-14,25,-15,24,-11,22,-10,20,-10,19,-9,17,-11"
19.650397300720215,208,"CSI,3961,128,83,49,21,0,-14,-2,-15,0,-14,2,-10,5,-9,8,-12,11,-14,11,-12,10,-14,12,-15,14,-13,13,-14,14,-14,14,-13,13,-12,11,-8,9,-4,7,-4,5,-3,3,0,3,0,4,0,5,2,7,5,5,6,2,1,0,0,0,0,0,0,0,0,0,0,0,0,0,0,0,0,0,0,0,-1,-3,-1,-11,0,-12,2,-12,5,-11,6,-10,6,-8,7,-7,6,-7,3,-6,4,-5,0,-3,-7,-3,-12,-4,-16,-7,-18,-11,-20,-15,-21,-17,-21,-18,-22,-19,-20,-22,-18,-23,-19,-22,-18,-18,-16,-17,-15,-18,-15,-17"
19.750001192092896,209,"CSI,3965,128,83,49,21,0,13,-8,12,-9,7,-11,2,-15,0,-19,0,-20,-2,-19,-6,-16,-6,-17,-2,-19,0,-18,1,-20,2,-22,3,-20,2,-18,-2,-14,-5,-10,-5,-6,-4,-5,-4,-4,-4,-3,-5,-2,-7,0,-8,4,-10,4,-3,0,0,0,0,0,0,0,0,0,0,0,0,0,0,0,0,0,0,0,1,2,3,9,2,11,0,14,-2,15,-4,14,-3,10,-3,6,-4,6,-4,6,1,0,5,-4,8,-3,11,-1,13,-2,18,-1,24,3,25,4,26,4,28,6,31,7,30,7,25,7,23,6,23,7,24,7,23,7"
20.467446088790894,210,"CSI,3992,128,83,49,21,0,-10,10,-7,12,-3,13,1,15,3,15,5,16,9,15,12,12,11,12,9,16,10,18,11,17,11,18,8,16,4,13,4,11,4,9,4,8,2,7,2,4,3,2,4,0,4,-2,4,-4,6,-6,1,-2,0,0,0,0,0,0,0,0,0,0,0,0,0,0,0,0,0,0,-4,0,-12,2,-10,0,-10,-3,-12,-5,-11,-8,-8,-8,-7,-7,-6,-7,-5,-7,-5,-4,-5,0,-5,4,-6,9,-7,12,-9,13,-11,15,-14,16,-17,17,-20,16,-25,15,-26,16,-26,14,-24,13,-22,13,-19,11,-17,7"
20.77354335784912,211,"CSI,4005,128,83,49,21,0,16,-1,14,-5,11,-8,7,-10,3,-13,4,-18,4,-14,1,-5,5,-7,8,-16,5,-20,5,-20,7,-20,7,-23,2,-23,-1,-19,1,-14,3,-10,0,-6,-3,-5,-2,-5,-3,-3,-5,-2,-5,-3,-4,-3,-1,-1,0,0,0,0,0,0,0,0,0,0,0,0,0,0,0,0,0,0,0,2,2,8,0,9,0,11,2,12,1,12,-2,10,-2,6,-3,6,-4,5,0,1,3,-2,6,-3,10,-5,14,-5,16,-1,19,-1,22,-4,23,-3,23,2,25,4,26,6,27,5,27,6,24,9,17,10,12,6"
20.9953510761261,212,"CSI,4017,128,75,-79,20,0,9,6,13,4,14,1,15,-2,14,-4,13,-8,15,-12,21,-14,19,-19,16,-19,14,-16,12,-17,12,-18,13,-15,13,-15,11,-12,7,-9,3,-8,4,-8,4,-7,2,-5,0,-4,-2,-3,-6,-2,-11,-2,-4,-1,0,0,0,0,0,0,0,0,0,0,0,0,0,0,0,0,0,0,-2,1,-9,6,-11,6,-12,4,-12,2,-12,0,-12,0,-11,0,-9,-2,-7,-2,-7,-2,-3,-2,4,1,7,5,6,9,7,13,11,18,12,22,12,23,11,25,11,28,10,30,7,28,7,23,9,19,8,17,3,18"
21.02449321746826,213,"CSI,4018,128,75,-79,20,0,1,15,4,11,7,7,10,4,15,3,18,1,16,0,11,0,12,2,17,4,19,2,21,0,22,-1,19,0,16,3,14,4,12,2,8,0,7,-1,7,-1,4,-2,0,-4,0,-7,-2,-8,-4,-9,-2,-3,0,0,0,0,0,0,0,0,0,0,0,0,0,0,0,0,0,0,-3,1,-11,4,-11,2,-13,1,-14,-1,-11,-4,-8,-5,-7,-3,-7,-4,-6,-6,-4,-4,0,-1,1,3,1,9,3,14,4,16,2,20,1,25,0,27,-3,29,-8,30,-12,28,-14,25,-13,26,-9,24,-6,21,-4,21"
21.082815170288086,214,"CSI,4017,128,83,49,21,0,-8,-11,-10,-10,-11,-8,-12,-5,-13,-1,-15,3,-18,7,-18,10,-16,10,-15,9,-16,9,-18,10,-18,8,-18,7,-19,9,-16,9,-13,6,-9,4,-6,2,-3,3,-2,4,-1,3,2,4,3,5,3,3,0,0,0,0,0,0,0,0,0,0,0,0,0,0,0,0,0,0,0,0,1,-3,7,-9,9,-8,12,-7,14,-5,12,-3,9,0,8,1,10,1,10,1,6,2,0,1,-3,-1,-4,-5,-7,-11,-10,-16,-10,-20,-8,-23,-6,-23,-3,-26,-3,-30,-3,-33,-2,-33,0,-29,1,-25,-1,-22,-5,-23"
21.247971057891846,215,"CSI,4019,128,77,-47,20,0,12,1,10,-1,8,-6,9,-10,9,-12,7,-14,4,-15,1,-13,5,-14,9,-18,9,-21,8,-21,7,-20,6,-17,6,-15,7,-14,7,-12,4,-9,1,-6,-2,-5,-5,-3,-6,-2,-6,0,-5,1,-4,0,-1,-1,0,0,0,0,0,0,0,0,0,0,0,0,0,0,0,0,0,0,-1,1,-4,6,-5,8,-8,8,-9,7,-9,5,-9,4,-8,3,-5,3,-5,4,-4,3,-1,1,1,-1,5,0,8,5,9,7,12,7,14,11,16,16,18,17,19,18,20,20,17,20,13,21,13,19,13,15,10,12"
21.278597116470337,216,"CSI,4020,128,77,-47,20,0,-5,-10,-6,-7,-10,-5,-13,-4,-14,-1,-17,3,-16,4,-13,2,-16,1,-21,2,-21,4,-20,3,-19,2,-18,1,-18,2,-16,2,-12,2,-10,0,-9,0,-6,2,-3,4,-1,6,0,7,-1,6,0,6,0,1,0,0,0,0,0,0,0,0,0,0,0,0,0,0,0,0,0,0,2,-2,9,-5,10,-3,9,-2,8,-1,9,1,9,1,8,2,6,2,5,1,5,-1,4,-5,1,-7,-2,-9,-5,-11,-5,-15,-3,-18,-2,-23,0,-27,2,-26,2,-27,2,-29,5,-28,10,-28,11,-29,7,-25,3,-20"
21.31188201904297,217,"CSI,4025,128,83,49,21,0,-13,-13,-13,-7,-12,-3,-11,-2,-12,1,-14,4,-17,3,-21,-1,-24,1,-24,4,-22,4,-24,3,-24,2,-20,-1,-17,-2,-15,-1,-12,-1,-9,-1,-6,0,-3,0,-2,0,-2,2,-2,5,-1,7,0,7,0,1,0,0,0,0,0,0,0,0,0,0,0,0,0,0,0,0,0,0,-1,-3,-2,-12,-2,-11,0,-10,3,-12,4,-11,4,-9,3,-9,4,-9,3,-8,1,-6,-1,-4,-4,-4,-8,-4,-11,-4,-14,-7,-17,-13,-19,-17,-17,-19,-14,-21,-12,-23,-11,-26,-10,-27,-11,-25,-12,-25,-13,-25,-16,-24"
21.358288288116455,218,"CSI,4021,128,75,-79,20,0,5,-16,3,-15,-1,-12,-6,-9,-7,-10,-11,-12,-17,-13,-23,-11,-20,-11,-17,-14,-17,-14,-16,-13,-15,-14,-14,-15,-11,-14,-9,-13,-7,-11,-7,-7,-9,-4,-7,-2,-7,-1,-7,0,-6,1,-4,2,-4,4,-2,1,0,0,0,0,0,0,0,0,0,0,0,0,0,0,0,0,0,0,2,-1,8,-2,9,-1,10,0,10,2,11,4,10,4,7,3,6,3,3,2,1,0,1,-1,2,-4,1,-10,1,-14,4,-15,8,-17,10,-20,12,-22,14,-23,17,-21,18,-19,20,-17,20,-16,17,-17,15,-19,14,-18"
21.903126001358032,219,"CSI,4048,128,83,49,21,0,-12,-5,-13,1,-14,5,-13,6,-11,8,-13,11,-14,11,-11,9,-13,10,-18,12,-19,13,-20,13,-18,14,-15,11,-14,9,-12,9,-9,8,-7,7,-4,7,-3,5,-2,3,0,2,3,3,5,4,7,4,2,1,0,0,0,0,0,0,0,0,0,0,0,0,0,0,0,0,0,0,-1,-4,-2,-12,1,-11,4,-10,5,-9,5,-10,6,-9,7,-7,5,-6,3,-4,2,-1,-1,-1,-4,-3,-5,-5,-11,-7,-16,-8,-16,-12,-15,-15,-17,-18,-19,-19,-16,-21,-12,-27,-11,-28,-9,-25,-11,-23,-12,-20,-10,-15"
22.115020036697388,220,"CSI,4023,128,77,-47,20,0,-16,0,-15,2,-14,3,-10,6,-8,9,-8,14,-7,15,-5,14,-5,15,-7,19,-6,24,-6,25,-9,24,-9,21,-7,20,-6,18,-5,16,-3,10,-2,6,1,4,3,4,4,2,4,-1,5,-2,6,0,1,0,0,0,0,0,0,0,0,0,0,0,0,0,0,0,0,0,0,0,-1,-3,-1,-9,1,-9,3,-10,5,-11,7,-11,7,-9,5,-7,3,-5,3,-2,5,-1,3,-2,-2,-2,-7,-2,-11,-4,-18,-8,-22,-11,-24,-10,-25,-12,-24,-15,-22,-15,-21,-14,-22,-15,-21,-17,-20,-18,-18,-17,-14,-15"
22.39171314239502,221,"CSI,4024,128,75,-79,20,0,15,7,16,3,15,-2,12,-6,10,-7,12,-9,11,-14,6,-18,6,-18,10,-17,12,-18,14,-19,16,-20,15,-19,16,-15,18,-12,15,-11,11,-9,8,-8,5,-6,1,-5,-2,-5,-3,-6,-4,-6,-5,-6,-2,-2,0,0,0,0,0,0,0,0,0,0,0,0,0,0,0,0,0,0,0,2,1,11,0,12,-1,11,-2,10,-3,10,-4,11,-5,9,-3,7,-2,3,-1,-1,1,-2,4,-3,6,-2,10,0,14,3,17,8,19,10,20,13,20,16,19,18,20,20,22,23,20,23,16,20,14,15,15,10"
22.924402952194214,222,"CSI,4088,128,83,49,21,0,5,-14,1,-14,0,-15,-2,-16,-6,-15,-10,-14,-10,-12,-8,-9,-11,-11,-16,-16,-18,-17,-19,-17,-18,-19,-15,-19,-13,-18,-8,-15,-5,-11,-4,-7,-4,-6,-5,-6,-7,-3,-8,1,-8,3,-7,3,-7,2,-2,0,0,0,0,0,0,0,0,0,0,0,0,0,0,0,0,0,0,0,1,-2,7,-3,9,0,10,2,10,2,10,3,10,3,8,3,7,2,7,2,4,0,2,-3,2,-7,2,-9,4,-13,8,-18,13,-20,15,-19,16,-19,17,-18,19,-17,18,-17,18,-19,18,-21,17,-18,17,-17,16,-18"
23.43665313720703,223,"CSI,13,128,83,49,21,0,15,-1,10,-2,6,-7,3,-11,2,-16,3,-17,4,-17,6,-18,3,-22,-3,-25,-2,-26,-2,-25,-2,-24,-1,-24,1,-22,3,-18,1,-16,0,-14,-1,-9,-2,-4,-1,-2,-3,0,-6,1,-7,2,-7,2,-2,0,0,0,0,0,0,0,0,0,0,0,0,0,0,0,0,0,0,0,0,1,2,6,3,7,2,9,2,10,0,9,-2,9,-1,10,-2,11,-2,8,-1,3,0,0,4,-3,5,-4,5,-3,11,-3,19,-3,20,-4,20,-3,21,-2,25,-2,28,-2,30,0,30,1,30,0,27,0,22,0"
23.815667152404785,224,"CSI,4025,128,77,-47,20,0,15,-10,9,-10,5,-12,-1,-14,-6,-13,-11,-12,-13,-18,-11,-23,-13,-21,-18,-18,-19,-17,-18,-15,-18,-15,-17,-16,-14,-17,-12,-14,-11,-9,-11,-6,-7,-3,-3,-1,-3,2,-3,3,-2,5,-2,7,-3,7,-1,2,0,0,0,0,0,0,0,0,0,0,0,0,0,0,0,0,0,0,0,1,0,7,-2,9,-3,9,-5,10,-6,13,-7,12,-7,9,-5,7,-6,7,-7,4,-3,0,0,0,2,-1,5,-4,10,-6,15,-7,18,-5,21,-4,24,-4,26,-4,26,-6,26,-4,26,-3,28,-5,29,-4,27,-5"
23.846196174621582,225,"CSI,4026,128,77,-47,20,0,10,15,9,11,7,5,10,1,15,0,17,-2,18,-3,20,0,22,-3,23,-8,22,-8,23,-8,23,-7,23,-5,20,-4,18,-4,15,-3,10,-1,7,-2,4,-3,1,-4,-2,-5,-3,-6,-5,-7,-5,-7,-1,-2,0,0,0,0,0,0,0,0,0,0,0,0,0,0,0,0,0,0,-1,0,-5,3,-8,2,-10,0,-12,-3,-11,-4,-10,-5,-10,-5,-10,-3,-8,-3,-4,-3,-3,-1,-2,2,-1,6,2,11,4,14,5,18,5,22,3,24,2,26,0,28,-3,29,-2,30,0,30,0,29,0,28,-1,28"
23.87593913078308,226,"CSI,29,128,83,49,21,0,0,-16,-4,-13,-6,-9,-9,-8,-15,-6,-17,-5,-16,-1,-17,4,-20,2,-23,0,-23,-1,-22,-3,-22,-4,-21,-4,-19,-3,-16,-1,-13,0,-9,0,-6,-2,-6,-2,-7,0,-3,3,1,4,3,7,4,9,1,2,0,0,0,0,0,0,0,0,0,0,0,0,0,0,0,0,0,0,1,0,6,2,8,3,11,6,11,9,7,9,5,8,6,6,6,5,5,5,3,3,1,-1,0,-4,0,-6,3,-9,4,-13,4,-17,2,-20,3,-23,7,-27,12,-27,13,-26,12,-26,11,-27,11,-27,11,-25,11,-24"
24.359010219573975,227,"CSI,49,128,83,49,21,0,-6,-12,-8,-9,-9,-7,-10,-4,-12,-1,-14,0,-14,-2,-14,-4,-19,-1,-22,3,-24,4,-25,3,-25,3,-21,0,-16,-4,-14,-3,-13,-2,-11,0,-8,1,-6,1,-4,1,-2,3,0,5,1,7,1,11,0,3,0,0,0,0,0,0,0,0,0,0,0,0,0,0,0,0,0,0,1,-3,5,-9,6,-8,7,-7,9,-6,10,-3,9,-2,8,-2,8,-2,8,-1,6,-3,3,-3,1,-2,0,-6,-2,-11,-4,-13,-3,-15,-2,-18,-3,-21,-4,-25,-3,-26,-1,-26,2,-28,3,-27,4,-25,4,-24,3,-23"
24.521278142929077,228,"CSI,4027,128,77,-47,20,0,-14,-4,-13,-3,-13,2,-12,5,-12,7,-11,9,-13,11,-16,13,-15,19,-14,23,-16,21,-16,20,-17,19,-17,15,-16,11,-16,9,-13,8,-7,7,-5,6,-5,5,-3,4,0,5,3,3,5,2,5,2,1,0,0,0,0,0,0,0,0,0,0,0,0,0,0,0,0,0,0,0,-1,-2,-1,-9,-1,-10,1,-11,5,-11,7,-10,8,-8,7,-8,5,-5,3,-3,1,-4,-1,-6,-4,-8,-10,-7,-12,-4,-14,-6,-17,-11,-19,-12,-22,-13,-23,-17,-23,-20,-21,-19,-19,-19,-18,-19,-18,-18,-18,-16,-18,-15"
24.552152156829834,229,"CSI,4028,128,77,-47,20,0,-10,13,-4,14,0,14,2,14,6,14,9,13,11,11,16,7,18,8,17,11,17,13,18,12,16,11,15,10,14,12,12,13,9,11,5,6,2,3,2,2,2,0,2,-3,1,-5,0,-7,2,-7,0,-2,0,0,0,0,0,0,0,0,0,0,0,0,0,0,0,0,0,0,-2,0,-8,0,-10,-2,-10,-5,-8,-7,-7,-9,-5,-10,-4,-10,-2,-8,0,-6,-2,-5,-4,-1,-4,5,-4,10,-5,12,-9,15,-12,17,-14,19,-16,20,-17,18,-20,17,-23,16,-24,16,-23,14,-25,13,-24,13,-20,14"
24.626720190048218,230,"CSI,4029,128,77,-47,20,0,-3,15,2,13,7,12,11,10,14,8,16,7,15,6,14,3,17,2,21,4,25,5,25,7,22,7,17,8,15,9,16,7,13,4,9,1,4,0,1,0,2,-3,5,-6,4,-8,0,-10,-1,-10,-1,-3,0,0,0,0,0,0,0,0,0,0,0,0,0,0,0,0,0,0,-2,0,-8,0,-10,-2,-12,-4,-12,-5,-10,-5,-7,-5,-4,-5,-4,-4,-5,-3,-5,-3,-3,-1,-3,3,-2,6,-1,10,-2,14,-5,17,-9,21,-12,23,-10,25,-12,26,-16,26,-16,26,-15,26,-16,24,-14,22,-12,18"
24.867985248565674,231,"CSI,68,128,83,49,21,0,2,-14,-2,-10,-6,-8,-9,-9,-12,-7,-17,-5,-17,-4,-14,-2,-17,-4,-23,-7,-24,-8,-23,-8,-22,-5,-21,-3,-17,-4,-13,-4,-10,-4,-7,-4,-4,-2,-2,0,-1,2,1,4,1,5,3,7,4,9,1,2,0,0,0,0,0,0,0,0,0,0,0,0,0,0,0,0,0,0,2,1,9,3,10,2,11,3,9,5,9,6,7,7,5,8,5,8,4,7,3,6,2,2,2,-3,1,-6,3,-7,5,-11,6,-16,10,-20,12,-21,14,-23,16,-23,17,-22,16,-22,16,-20,18,-17,16,-16,11,-13"
25.701357126235962,232,"CSI,4030,128,77,-47,20,0,-9,15,-6,15,-5,15,-1,15,5,15,9,14,12,15,16,20,17,20,15,16,13,15,12,16,14,16,13,17,11,17,8,16,7,12,7,8,6,5,5,3,5,1,4,-1,4,-2,5,-1,5,-3,1,-1,0,0,0,0,0,0,0,0,0,0,0,0,0,0,0,0,0,0,-3,1,-11,6,-11,5,-12,3,-14,0,-14,-2,-14,-2,-12,-3,-10,-4,-8,-4,-7,-2,-6,-1,-5,2,-4,8,-3,14,-4,17,-8,18,-9,20,-10,23,-13,24,-16,24,-18,23,-18,21,-18,21,-20,22,-21,23,-20,21"
26.186451196670532,233,"CSI,4031,128,75,-79,20,0,-12,0,-12,1,-10,5,-7,9,-5,12,-5,14,-6,15,-5,13,-5,14,-7,19,-8,20,-8,20,-6,20,-5,17,-6,15,-6,14,-5,14,-4,12,-3,7,-1,5,2,3,3,2,3,2,5,0,8,-1,2,0,0,0,0,0,0,0,0,0,0,0,0,0,0,0,0,0,0,0,-1,-3,-2,-9,0,-9,3,-10,3,-11,2,-10,5,-9,8,-8,7,-6,5,-5,3,-6,0,-5,-3,-3,-6,-2,-10,-3,-16,-3,-20,-5,-20,-9,-20,-13,-22,-15,-25,-17,-26,-17,-24,-17,-22,-20,-21,-19,-17,-16,-15,-15"
26.219773292541504,234,"CSI,4032,128,75,-79,20,0,-15,-3,-12,4,-9,10,-9,12,-8,13,-7,15,-9,16,-12,17,-9,20,-6,22,-4,24,-4,25,-7,23,-8,19,-8,17,-6,14,-4,9,-2,7,1,7,3,5,3,4,3,1,6,-2,7,-3,7,-3,1,-1,0,0,0,0,0,0,0,0,0,0,0,0,0,0,0,0,0,0,-1,-3,-2,-11,0,-12,3,-11,6,-11,7,-12,7,-10,7,-7,10,-4,8,-3,3,-2,1,-1,-2,1,-7,1,-12,-2,-15,-5,-17,-8,-20,-10,-21,-11,-22,-14,-24,-15,-25,-17,-24,-18,-23,-18,-21,-18,-18,-15,-18,-12"
26.251976251602173,235,"CSI,121,128,83,49,21,0,9,-11,7,-12,2,-11,-3,-12,-5,-13,-7,-14,-8,-16,-7,-15,-8,-17,-11,-19,-13,-20,-15,-19,-15,-17,-13,-16,-10,-13,-10,-12,-8,-11,-6,-11,-5,-8,-6,-3,-6,-1,-5,0,-5,4,-6,6,-6,9,-2,2,0,0,0,0,0,0,0,0,0,0,0,0,0,0,0,0,0,0,0,1,2,5,1,8,0,11,1,12,0,11,-2,10,-5,9,-5,6,-3,3,-1,2,1,3,5,1,8,-1,10,-2,13,-5,19,-7,24,-6,27,-2,28,1,27,0,28,-1,28,0,25,1,22,0,23,1,22,3"
26.456724166870117,236,"CSI,4033,128,77,-47,20,0,-11,-6,-9,-1,-9,4,-9,10,-6,15,-3,16,-2,14,-1,10,-1,12,-2,19,-2,25,0,25,1,22,1,18,2,16,1,17,0,15,1,11,4,6,6,3,5,-1,5,-3,6,-5,6,-8,8,-8,2,-2,0,0,0,0,0,0,0,0,0,0,0,0,0,0,0,0,0,0,1,-2,8,-5,10,-4,12,-3,13,-3,14,-3,16,-1,16,2,13,1,9,-1,6,-1,4,0,2,-1,0,-2,-4,-5,-8,-9,-12,-10,-16,-14,-17,-18,-16,-23,-16,-25,-18,-25,-19,-27,-15,-27,-12,-25,-10,-22,-8,-22"
27.34854507446289,237,"CSI,4034,128,75,-79,20,0,-2,13,-1,13,2,11,8,12,14,12,15,9,17,8,20,11,21,9,20,4,20,2,21,7,21,11,19,13,16,13,13,11,11,8,8,4,5,1,6,1,5,0,2,-2,0,-7,0,-11,2,-10,1,-3,0,0,0,0,0,0,0,0,0,0,0,0,0,0,0,0,0,0,-2,-1,-8,-1,-10,-2,-11,-4,-11,-6,-9,-8,-6,-7,-5,-8,-6,-8,-5,-4,-2,-1,-2,1,-3,6,-2,9,-5,10,-10,14,-12,18,-12,20,-14,22,-17,24,-18,24,-17,21,-17,20,-17,17,-17,16,-15,18,-15,18"
27.737168312072754,238,"CSI,181,128,83,49,21,0,4,13,8,9,10,6,12,7,16,7,19,6,20,7,18,9,20,5,23,0,23,-1,22,-1,22,0,20,2,17,4,14,4,12,2,9,1,7,0,5,-2,2,-4,-1,-6,-2,-8,-3,-8,-3,-7,-1,-2,0,0,0,0,0,0,0,0,0,0,0,0,0,0,0,0,0,0,-1,0,-6,2,-9,1,-13,0,-13,-1,-12,-2,-12,-5,-10,-7,-8,-5,-7,-2,-6,-1,-5,2,-4,5,-3,9,-2,12,-1,14,-2,18,-4,21,-6,23,-6,26,-8,27,-9,28,-8,27,-9,25,-10,23,-11,22,-12,20"
27.83962917327881,239,"CSI,185,128,83,49,21,0,10,7,8,0,10,-7,13,-9,16,-9,17,-12,14,-11,13,-7,17,-10,20,-13,20,-14,19,-15,16,-13,14,-9,15,-5,13,-5,9,-6,7,-5,5,-5,4,-5,3,-5,0,-4,-2,-4,-2,-5,-2,-6,-1,-2,0,0,0,0,0,0,0,0,0,0,0,0,0,0,0,0,0,0,0,1,1,9,-2,12,-5,12,-6,11,-7,10,-8,8,-6,9,-3,8,-3,6,-4,5,1,5,5,5,7,5,9,5,13,7,17,10,20,11,21,13,21,15,20,18,19,20,19,20,17,20,15,21,15,19,18,17"
29.507816314697266,240,"CSI,4035,128,77,-47,20,0,-13,-11,-15,-8,-14,-3,-14,2,-14,5,-14,7,-16,5,-21,4,-22,10,-20,14,-20,11,-19,11,-19,11,-19,9,-19,8,-16,7,-11,5,-7,5,-5,4,-4,3,-4,1,-2,1,2,1,6,2,7,4,1,1,0,0,0,0,0,0,0,0,0,0,0,0,0,0,0,0,0,0,1,-3,4,-11,4,-10,6,-8,8,-6,10,-5,9,-4,7,-5,7,-6,7,-5,5,-5,0,-5,-3,-5,-6,-5,-9,-7,-10,-11,-12,-15,-14,-17,-18,-20,-18,-25,-15,-29,-12,-30,-11,-30,-12,-28,-14,-26,-11,-24,-4,-22"
29.53818917274475,241,"CSI,4036,128,77,-47,20,0,13,-8,9,-9,5,-9,3,-12,0,-15,-3,-17,-3,-18,-3,-17,-5,-19,-9,-22,-11,-22,-11,-20,-10,-20,-8,-20,-5,-19,-4,-16,-4,-13,-5,-10,-6,-6,-5,-5,-6,-3,-7,-1,-6,3,-5,5,-7,5,-3,1,0,0,0,0,0,0,0,0,0,0,0,0,0,0,0,0,0,0,1,1,4,9,3,10,2,10,1,11,0,12,0,12,0,12,-1,10,-1,8,1,5,2,0,2,-4,4,-4,8,-6,12,-7,16,-6,20,-6,23,-6,24,-6,27,-6,30,-4,31,-3,31,-4,28,-4,23,-1,22,2"
29.681690216064453,242,"CSI,257,128,83,49,21,0,-13,-2,-12,1,-8,6,-4,9,-3,11,-2,15,0,15,2,11,1,13,-2,19,-1,22,1,24,1,24,0,20,0,15,0,12,0,11,-1,8,0,6,2,4,5,1,6,-1,5,-2,5,-3,7,-3,2,-1,0,0,0,0,0,0,0,0,0,0,0,0,0,0,0,0,0,0,1,-4,4,-13,4,-11,6,-10,8,-10,9,-10,9,-8,7,-7,5,-5,3,-4,1,-3,1,-4,-3,-4,-8,-3,-10,-4,-14,-8,-22,-10,-25,-7,-26,-6,-27,-10,-26,-15,-25,-17,-24,-19,-21,-18,-22,-16,-22,-15,-20,-16"
29.915733098983765,243,"CSI,4037,128,77,-47,20,0,-14,-3,-10,0,-8,6,-8,10,-8,12,-7,15,-9,18,-11,22,-11,24,-9,25,-7,23,-6,20,-7,19,-10,16,-10,13,-6,9,-3,7,-4,7,-4,8,-2,6,-1,4,1,3,4,3,6,2,6,1,1,0,0,0,0,0,0,0,0,0,0,0,0,0,0,0,0,0,0,0,0,-2,1,-9,2,-11,3,-11,5,-10,6,-9,7,-8,8,-7,7,-6,5,-6,2,-6,-1,-4,-5,-4,-10,-3,-15,-3,-16,-6,-17,-10,-22,-12,-25,-13,-24,-15,-21,-17,-21,-19,-21,-20,-20,-20,-20,-21,-20,-18,-18,-13"
29.94393014907837,244,"CSI,4038,128,77,-47,20,0,9,7,8,3,8,1,12,-3,16,-7,16,-12,18,-10,22,-6,25,-7,24,-11,20,-13,19,-12,20,-7,18,-5,15,-5,11,-5,9,-3,8,-2,6,-5,4,-5,2,-4,0,-4,-1,-6,-1,-6,-2,-8,-1,-2,0,0,0,0,0,0,0,0,0,0,0,0,0,0,0,0,0,0,-1,3,-3,12,-4,11,-8,10,-10,9,-9,8,-8,7,-7,6,-6,4,-4,3,-2,3,1,4,6,7,9,9,9,11,9,12,12,14,15,17,16,20,15,23,13,25,9,28,8,30,8,29,7,26,8,26,10,26"
30.195159196853638,245,"CSI,277,128,83,49,21,0,3,16,3,9,4,5,5,4,7,3,13,0,10,-4,3,-7,12,-7,22,-7,22,-7,20,-6,19,-7,18,-8,17,-7,14,-7,11,-8,7,-6,3,-3,0,-2,-2,-3,-5,-2,-6,0,-7,-2,-8,-5,-3,-2,0,0,0,0,0,0,0,0,0,0,0,0,0,0,0,0,0,0,-4,0,-14,0,-12,-3,-11,-3,-10,-2,-8,-5,-7,-7,-7,-6,-6,-6,-5,-5,-4,-2,-2,2,0,4,-1,6,-4,9,-4,16,-2,21,-3,21,-4,20,-4,22,-6,26,-9,27,-11,28,-9,26,-7,23,-9,21,-11,20"
30.50137710571289,246,"CSI,289,128,83,49,21,0,13,2,10,-1,6,-8,5,-13,4,-15,1,-18,0,-16,1,-14,6,-17,10,-21,9,-22,6,-22,5,-21,5,-18,5,-19,2,-18,2,-14,4,-10,3,-7,-1,-6,-4,-4,-5,-3,-7,-1,-8,-2,-9,-3,-3,-1,0,0,0,0,0,0,0,0,0,0,0,0,0,0,0,0,0,0,0,2,1,9,2,12,1,13,-2,13,-3,11,-1,10,-4,9,-5,7,-2,7,0,5,1,1,3,0,5,1,9,1,15,0,21,2,23,5,22,6,23,7,26,10,28,12,28,14,28,16,29,17,28,16,24,15"
30.607048988342285,247,"CSI,293,128,83,49,21,0,9,-11,0,-12,-3,-12,-3,-10,-7,-10,-14,-13,-16,-13,-15,-11,-16,-13,-17,-15,-15,-15,-13,-16,-14,-15,-13,-14,-11,-14,-13,-12,-11,-9,-7,-8,-7,-7,-6,-3,-6,1,-5,3,-4,5,-3,7,-4,7,-2,1,0,0,0,0,0,0,0,0,0,0,0,0,0,0,0,0,0,0,2,0,10,4,11,4,10,4,8,6,6,9,6,10,5,11,4,8,4,5,3,3,3,1,3,-3,4,-7,6,-10,8,-13,12,-15,16,-16,20,-17,24,-16,27,-15,28,-16,28,-17,26,-15,24,-16,23,-16,21,-13"
31.052683115005493,248,"CSI,4039,128,77,-47,20,0,-13,6,-8,11,-2,13,-1,13,0,14,2,17,2,18,0,16,1,18,5,21,5,22,4,25,4,26,2,22,1,19,1,16,1,12,1,8,3,5,4,4,4,3,4,1,5,-1,6,-3,8,-3,2,-1,0,0,0,0,0,0,0,0,0,0,0,0,0,0,0,0,0,0,-3,-1,-12,-4,-12,-7,-11,-10,-9,-10,-7,-11,-4,-12,-3,-11,-3,-9,-5,-7,-6,-4,-4,-1,-4,0,-6,-1,-8,2,-11,6,-14,9,-18,8,-23,8,-26,11,-27,11,-27,8,-29,5,-32,3,-31,2,-26,2,-21,3"
31.117220163345337,249,"CSI,313,128,83,49,21,0,13,3,10,-3,8,-6,9,-9,10,-12,10,-14,12,-16,13,-17,13,-19,13,-22,11,-24,9,-25,9,-24,10,-22,11,-19,10,-15,7,-12,4,-10,1,-7,0,-6,-1,-8,-4,-6,-5,-4,-6,-3,-6,-2,-2,-1,0,0,0,0,0,0,0,0,0,0,0,0,0,0,0,0,0,0,0,2,-1,10,-2,12,-4,13,-6,12,-8,11,-9,9,-9,7,-7,4,-6,3,-3,3,2,5,4,7,7,6,13,5,16,4,17,6,18,9,21,11,25,13,25,18,22,20,20,19,21,18,21,18,20,19,18,18"
31.42323112487793,250,"CSI,325,128,83,49,21,0,-9,12,-5,7,2,7,6,9,9,9,16,8,12,9,5,8,15,8,23,9,20,9,19,8,20,7,19,4,17,3,14,3,11,1,7,1,5,1,3,0,2,-2,2,-2,2,-4,2,-6,2,-6,0,-2,0,0,0,0,0,0,0,0,0,0,0,0,0,0,0,0,0,0,-3,-4,-8,-13,-5,-11,-1,-8,1,-9,0,-11,0,-11,2,-10,2,-11,1,-12,-1,-10,-3,-6,-3,-3,-3,-1,-9,2,-15,7,-18,9,-19,9,-22,8,-25,8,-28,11,-31,13,-31,10,-28,9,-23,9,-20,7,-20,5"
31.628169059753418,251,"CSI,333,128,83,49,21,0,0,-14,-1,-11,-2,-9,-7,-8,-13,-8,-16,-8,-17,-10,-18,-12,-21,-11,-25,-10,-24,-10,-22,-11,-22,-10,-20,-10,-16,-11,-12,-9,-9,-7,-8,-5,-8,-3,-5,-1,-5,-1,-6,1,-4,5,-2,8,-3,8,-1,2,0,0,0,0,0,0,0,0,0,0,0,0,0,0,0,0,0,0,2,-2,9,-5,10,-4,11,-2,10,-1,10,1,8,5,6,7,6,6,5,3,3,-1,4,-4,4,-6,4,-8,3,-11,3,-16,4,-20,6,-21,8,-23,8,-27,9,-27,12,-26,14,-26,15,-23,12,-22,10,-24,9,-22"
32.03807306289673,252,"CSI,349,128,83,49,21,0,-12,6,-9,7,-2,9,1,12,3,17,6,20,6,22,3,26,6,28,10,27,9,25,6,22,4,22,4,22,3,19,2,14,1,10,2,9,3,7,3,5,2,3,2,1,5,-2,6,-5,5,-6,1,-2,0,0,0,0,0,0,0,0,0,0,0,0,0,0,0,0,0,0,-3,-2,-11,-9,-8,-12,-7,-12,-7,-11,-6,-11,-4,-12,-4,-13,-3,-11,-3,-9,-3,-8,-3,-3,-5,2,-10,3,-14,4,-16,5,-20,5,-25,6,-26,6,-28,4,-29,2,-30,1,-31,2,-30,0,-28,-2,-26,-1,-23,1"
32.243351221084595,253,"CSI,357,128,83,49,21,0,-9,10,-4,13,2,13,6,14,7,16,8,18,8,16,12,12,13,14,12,16,11,17,9,20,9,20,10,18,10,19,11,15,10,10,7,8,6,5,5,1,4,-2,2,-3,3,-4,5,-6,6,-8,1,-3,0,0,0,0,0,0,0,0,0,0,0,0,0,0,0,0,0,0,-3,-3,-10,-11,-9,-11,-9,-11,-9,-12,-8,-13,-7,-12,-4,-11,0,-11,1,-9,0,-6,-3,-3,-5,0,-7,2,-9,6,-11,10,-17,11,-23,9,-28,8,-32,7,-33,8,-31,8,-30,5,-29,1,-28,2,-26,5,-23,4"
32.29165697097778,254,"CSI,4040,128,75,-79,20,0,12,-2,6,-6,3,-12,2,-16,0,-18,-4,-19,-6,-19,-8,-19,-6,-21,-3,-23,-5,-24,-8,-23,-7,-21,-5,-20,-3,-17,-5,-15,-6,-15,-6,-12,-6,-7,-6,-3,-7,-1,-8,1,-7,3,-6,4,-6,4,-2,1,0,0,0,0,0,0,0,0,0,0,0,0,0,0,0,0,0,0,1,2,4,11,2,12,1,13,-2,13,-4,12,-3,12,-2,11,-6,8,-7,6,-5,6,-2,4,2,1,7,-2,13,-3,18,-4,21,-4,25,-2,28,2,30,2,32,1,32,6,30,9,29,10,26,9,24,7,25,5"
32.55090832710266,255,"CSI,369,128,83,49,21,0,12,-7,8,-10,2,-13,-2,-16,-3,-18,-5,-19,-6,-18,-4,-17,-6,-19,-9,-22,-10,-22,-11,-18,-11,-15,-8,-13,-6,-14,-6,-14,-5,-13,-5,-8,-5,-4,-5,-1,-5,2,-4,3,-4,4,-6,5,-7,5,-2,1,0,0,0,0,0,0,0,0,0,0,0,0,0,0,0,0,0,0,0,2,0,10,-1,11,-3,12,-4,12,-6,12,-7,10,-6,9,-4,7,-5,6,-6,4,-4,2,3,0,8,-1,11,-2,16,-2,22,-1,25,0,25,1,26,0,29,2,29,5,26,7,25,8,26,8,25,8,20,8"
32.8569233417511,256,"CSI,381,128,83,49,21,0,11,-1,9,-6,8,-12,6,-15,6,-16,8,-19,6,-20,1,-16,1,-15,4,-19,5,-22,5,-22,6,-21,5,-19,4,-18,4,-16,4,-13,4,-11,3,-8,0,-5,-4,-3,-6,-1,-9,-1,-10,-1,-11,-2,-3,-1,0,0,0,0,0,0,0,0,0,0,0,0,0,0,0,0,0,0,0,2,1,10,1,10,-2,12,-5,13,-5,13,-5,12,-4,10,-3,7,-3,5,-2,4,2,3,6,3,8,2,12,1,18,1,20,0,23,3,29,7,31,9,30,10,28,12,26,14,24,14,22,11,21,9,20,9"
33.062743186950684,257,"CSI,389,128,83,49,21,0,-6,-9,-7,-5,-12,-3,-15,-2,-14,0,-15,2,-17,3,-19,0,-23,2,-24,7,-23,7,-22,7,-20,9,-16,7,-14,5,-13,4,-9,3,-6,3,-5,2,-6,3,-3,2,3,3,5,6,5,7,7,7,1,1,0,0,0,0,0,0,0,0,0,0,0,0,0,0,0,0,0,0,0,-4,4,-13,9,-10,10,-8,10,-6,10,-2,10,-2,9,-2,9,1,8,2,6,0,2,-4,-1,-6,-5,-8,-7,-10,-7,-16,-8,-22,-7,-25,-4,-29,-3,-30,-4,-29,-3,-28,-2,-29,0,-30,0,-30,-3,-27,-3,-22"
33.926356077194214,258,"CSI,4042,128,101,80,6,0,3,13,7,9,10,4,13,0,15,-1,19,-2,22,-6,23,-9,24,-8,25,-5,24,-2,23,-1,23,-3,21,-3,17,-2,15,-3,14,-4,10,-4,6,-4,5,-3,2,-4,0,-5,-1,-6,-2,-8,-3,-10,-1,-3,0,0,0,0,0,0,0,0,0,0,0,0,0,0,0,0,0,0,-2,1,-9,7,-11,7,-13,6,-13,3,-13,2,-15,1,-15,1,-13,2,-9,3,-5,3,0,3,4,4,5,7,4,11,5,15,5,20,3,24,0,27,1,30,0,30,-4,27,-7,28,-5,30,-4,29,-5,26,-3,20"
34.1920120716095,259,"CSI,433,128,83,49,21,0,-15,-6,-18,-2,-19,1,-17,3,-14,6,-11,10,-10,11,-10,11,-11,12,-14,13,-16,15,-15,16,-15,14,-15,12,-16,11,-15,10,-12,7,-8,4,-6,3,-4,4,-1,6,2,5,4,4,5,4,6,5,1,1,0,0,0,0,0,0,0,0,0,0,0,0,0,0,0,0,0,0,-2,-3,-5,-10,-3,-13,0,-15,1,-14,3,-11,4,-13,5,-14,5,-11,4,-7,1,-6,-2,-6,-5,-5,-7,-4,-10,-4,-15,-4,-22,-7,-22,-11,-19,-15,-21,-17,-25,-18,-27,-19,-27,-18,-25,-19,-21,-23,-18,-23,-19,-18"
34.39455318450928,260,"CSI,441,128,83,49,21,0,4,13,6,10,8,7,10,2,14,-2,16,-3,17,-4,15,-2,15,-3,17,-5,18,-7,20,-10,21,-10,20,-10,19,-10,17,-10,13,-8,10,-6,8,-5,4,-1,1,-1,-3,-4,-6,-6,-7,-8,-7,-9,-2,-3,0,0,0,0,0,0,0,0,0,0,0,0,0,0,0,0,0,0,-3,1,-11,6,-14,3,-15,0,-15,-3,-14,-3,-12,-2,-12,-3,-11,-4,-9,-5,-7,-3,-5,1,-4,6,-2,9,0,12,0,16,-1,20,-1,23,0,27,-1,28,-3,25,-4,27,-4,29,-3,27,-1,28,-2,27,-4,21"
34.700475215911865,261,"CSI,453,128,83,49,21,0,-14,-11,-13,-4,-14,0,-16,3,-18,7,-18,9,-14,9,-14,10,-18,8,-22,8,-21,8,-19,7,-20,7,-20,8,-18,8,-15,9,-13,7,-11,4,-7,3,-3,5,-2,6,0,5,1,3,2,3,3,4,0,1,0,0,0,0,0,0,0,0,0,0,0,0,0,0,0,0,0,0,0,-3,3,-12,5,-11,7,-12,8,-11,9,-9,9,-7,9,-4,7,-2,3,-3,0,-4,-1,-5,-2,-5,-5,-5,-9,-7,-14,-12,-16,-18,-15,-22,-16,-25,-17,-26,-15,-27,-13,-26,-13,-27,-12,-27,-7,-26,-6,-23,-9,-20"
35.266623973846436,262,"CSI,4043,128,75,-79,20,0,6,11,5,5,8,-1,12,-3,12,-5,14,-7,15,-6,14,-6,16,-8,20,-8,21,-8,21,-10,18,-11,15,-12,14,-9,11,-6,8,-5,6,-6,5,-6,4,-7,1,-6,-4,-5,-6,-3,-5,-4,-6,-7,-2,-2,0,0,0,0,0,0,0,0,0,0,0,0,0,0,0,0,0,0,-3,1,-11,7,-12,6,-13,3,-13,1,-12,2,-11,0,-10,-3,-10,-4,-9,-3,-6,0,-1,2,4,6,7,13,8,18,9,20,7,21,5,24,3,27,2,30,2,30,3,30,2,30,0,29,0,29,2,26,4,22"
35.726154088974,263,"CSI,493,128,83,49,21,0,-14,0,-10,4,-6,8,-4,10,-1,13,2,16,2,18,5,19,5,19,3,21,1,22,-2,20,-3,21,-3,22,-4,19,-4,15,-3,13,-3,9,-1,6,2,4,4,3,3,2,4,-1,6,-3,7,-3,1,-1,0,0,0,0,0,0,0,0,0,0,0,0,0,0,0,0,0,0,-2,-3,-6,-12,-4,-13,-4,-15,-3,-14,0,-11,2,-10,4,-10,3,-10,1,-8,-1,-6,-3,-5,-5,-3,-9,-3,-14,-3,-18,-2,-22,-2,-23,-2,-25,-2,-28,-2,-29,-4,-30,-8,-28,-10,-26,-8,-25,-6,-24,-6,-21,-4"
35.94813537597656,264,"CSI,4044,128,77,-47,20,0,14,2,9,0,7,-6,6,-8,6,-10,6,-15,5,-18,5,-15,10,-16,12,-22,12,-24,11,-20,11,-18,11,-17,9,-15,8,-12,7,-10,6,-7,6,-5,4,-4,1,-2,-2,-1,-6,-2,-7,-2,-6,-3,-2,-1,0,0,0,0,0,0,0,0,0,0,0,0,0,0,0,0,0,0,0,2,4,9,5,12,5,14,3,12,-1,9,-2,9,-1,9,-1,9,-1,8,0,7,1,4,4,2,7,2,10,2,13,0,19,-2,22,-2,22,1,22,4,25,7,25,8,22,10,22,11,24,11,23,9,21,4"
36.44098711013794,265,"CSI,521,128,83,49,21,0,-16,2,-13,4,-10,5,-7,7,-4,11,-1,17,-2,18,-2,14,-3,16,-3,19,-1,21,-1,21,-3,20,-4,20,-5,19,-4,15,-5,12,-3,12,-2,10,-2,5,-1,2,2,1,4,-1,6,-1,8,-2,2,-1,0,0,0,0,0,0,0,0,0,0,0,0,0,0,0,0,0,0,-2,-2,-5,-8,-4,-11,-2,-14,0,-16,2,-15,3,-12,3,-11,1,-10,0,-8,1,-6,-1,-4,-5,-1,-8,2,-12,1,-15,-3,-18,-5,-21,-4,-25,-4,-26,-5,-25,-3,-27,-2,-29,-4,-29,-6,-27,-6,-24,-4,-22,-2"
36.64561414718628,266,"CSI,529,128,83,49,21,0,6,11,9,8,10,5,12,2,16,-3,19,-7,21,-8,22,-5,22,-6,23,-11,22,-13,21,-13,21,-9,21,-7,19,-8,17,-6,14,-3,10,-1,8,-3,6,-3,3,-1,0,-3,-3,-5,-5,-5,-6,-6,-2,-2,0,0,0,0,0,0,0,0,0,0,0,0,0,0,0,0,0,0,-3,2,-9,7,-12,5,-14,6,-14,6,-13,4,-11,3,-11,0,-10,-2,-8,-1,-5,2,-3,4,1,4,5,6,5,9,5,15,6,20,6,21,6,25,5,29,4,28,4,26,5,26,3,27,0,28,0,26,2,23"
36.74786710739136,267,"CSI,533,128,83,49,21,0,-7,19,-1,17,3,15,5,15,8,16,12,16,12,18,6,19,6,20,9,23,9,25,6,25,5,25,6,22,4,18,2,16,1,13,2,10,2,8,4,5,5,2,3,1,3,1,6,1,8,1,2,0,0,0,0,0,0,0,0,0,0,0,0,0,0,0,0,0,0,0,-2,2,-6,9,-8,10,-12,9,-14,8,-13,6,-11,3,-9,0,-8,-2,-7,-2,-6,0,-5,2,-4,3,-3,6,-3,10,-3,15,-3,19,-4,23,-6,26,-9,25,-12,23,-13,23,-15,24,-18,24,-19,23,-17,25,-14,26"
36.95303130149841,268,"CSI,541,128,83,49,21,0,18,-1,17,-3,14,-7,10,-10,8,-12,9,-16,11,-18,15,-22,14,-25,10,-26,10,-25,12,-22,13,-20,16,-18,16,-15,13,-13,10,-11,7,-9,5,-7,4,-5,1,-5,-3,-6,-7,-5,-9,-4,-11,-7,-3,-3,0,0,0,0,0,0,0,0,0,0,0,0,0,0,0,0,0,0,2,1,10,6,10,7,9,8,6,9,5,11,5,13,3,11,0,8,2,6,3,5,4,4,5,0,9,-3,13,-4,15,-5,19,-4,24,-2,28,-1,30,0,29,5,28,8,27,8,28,7,28,8,27,6,27,0"
37.05696415901184,269,"CSI,545,128,83,49,21,0,12,11,15,8,13,2,11,-3,12,-4,16,-5,18,-11,17,-16,17,-15,18,-12,19,-12,18,-12,17,-10,18,-10,18,-9,17,-7,14,-7,11,-7,8,-7,4,-6,3,-6,2,-7,-2,-8,-3,-8,-3,-7,-1,-2,0,0,0,0,0,0,0,0,0,0,0,0,0,0,0,0,0,0,-1,2,-1,10,-2,11,-4,12,-7,12,-9,11,-10,10,-12,9,-12,5,-11,4,-8,4,-3,3,5,3,9,5,11,6,15,8,18,13,18,18,17,20,19,21,21,22,21,24,19,25,17,24,18,24,17,24,16,25"
37.22150015830994,270,"CSI,1169,128,83,49,21,0,2,13,3,17,3,17,5,14,3,11,0,10,-2,9,-5,3,-5,3,-1,7,2,6,1,4,0,3,2,2,7,0,6,1,4,1,6,0,7,0,8,1,7,0,5,0,5,0,5,1,4,3,0,1,0,0,0,0,0,0,0,0,0,0,0,0,0,0,0,0,0,0,-2,0,-6,-1,-5,-1,-3,-1,-3,-2,-3,-2,-3,-2,-2,-1,-2,-1,-3,-1,-1,2,1,4,-1,5,-4,6,-4,7,-6,6,-9,5,-11,5,-10,4,-9,3,-10,2,-9,1,-7,1,-8,3,-7,5,-3,6,1,7"
37.46864628791809,271,"CSI,561,128,83,49,21,0,-14,-10,-15,-5,-15,-1,-13,4,-12,9,-13,11,-17,12,-22,15,-21,19,-17,20,-16,19,-18,17,-20,17,-19,15,-17,12,-17,8,-14,5,-9,4,-5,6,-2,5,-1,4,0,4,1,3,3,4,5,5,1,1,0,0,0,0,0,0,0,0,0,0,0,0,0,0,0,0,0,0,-1,-3,-1,-10,3,-11,7,-12,8,-11,8,-11,7,-11,5,-8,5,-6,6,-4,3,-1,-2,0,-6,-2,-9,-4,-11,-4,-12,-6,-15,-10,-19,-15,-19,-17,-20,-19,-21,-23,-21,-25,-19,-25,-18,-25,-17,-24,-15,-22,-15,-18"
37.79030132293701,272,"CSI,4045,128,77,-47,20,0,1,-16,-5,-15,-8,-14,-10,-14,-13,-16,-16,-16,-17,-15,-19,-17,-22,-15,-24,-12,-24,-12,-23,-11,-22,-12,-19,-12,-17,-11,-16,-9,-14,-8,-12,-8,-10,-6,-9,-4,-7,-1,-4,1,-3,3,-4,3,-5,4,-2,1,0,0,0,0,0,0,0,0,0,0,0,0,0,0,0,0,0,0,1,-2,7,-7,11,-7,13,-3,12,2,10,3,10,4,9,4,8,4,6,4,5,2,3,-2,0,-7,-1,-10,0,-13,2,-16,5,-21,8,-25,11,-28,12,-29,14,-29,16,-29,17,-29,15,-27,14,-27,13,-25,11,-20"
37.875192165374756,273,"CSI,577,128,83,49,21,0,3,14,7,14,11,13,15,12,17,9,18,10,16,9,14,4,17,3,22,3,24,5,23,8,22,8,21,6,19,4,16,5,10,5,8,3,8,1,8,0,8,-1,5,-4,2,-7,1,-8,-1,-8,-1,-2,0,0,0,0,0,0,0,0,0,0,0,0,0,0,0,0,0,0,-2,1,-9,4,-12,0,-14,-2,-14,-2,-15,-3,-14,-4,-12,-5,-9,-4,-8,-3,-7,-1,-5,3,-2,7,-2,12,0,16,0,18,-5,20,-7,21,-8,23,-9,28,-11,30,-12,29,-12,28,-13,27,-14,25,-15,24,-14,24"
37.978551149368286,274,"CSI,581,128,83,49,21,0,-5,18,-4,16,-3,14,2,13,7,14,9,17,10,15,11,11,12,13,14,17,16,19,15,18,15,17,13,17,11,18,10,17,9,15,9,11,7,7,3,5,3,2,4,1,3,-1,4,-2,7,-2,2,-1,0,0,0,0,0,0,0,0,0,0,0,0,0,0,0,0,0,0,-3,1,-12,5,-13,3,-14,2,-16,0,-15,-2,-12,-4,-10,-5,-9,-5,-9,-2,-8,2,-4,5,-2,7,-3,13,-5,17,-7,18,-10,21,-13,22,-13,22,-16,21,-18,21,-21,22,-24,22,-24,19,-22,19,-19,22,-17,25"
38.07908821105957,275,"CSI,585,128,83,49,21,0,8,11,8,6,9,3,13,1,17,1,17,0,21,-3,24,-3,22,-6,19,-9,20,-11,20,-11,19,-9,19,-3,17,-1,15,-1,13,-2,12,-2,10,-3,7,-6,3,-5,0,-4,-2,-4,-4,-7,-4,-9,-1,-3,0,0,0,0,0,0,0,0,0,0,0,0,0,0,0,0,0,0,-3,2,-10,9,-11,7,-12,5,-13,4,-14,3,-12,3,-10,2,-10,1,-9,0,-6,0,-3,4,-1,8,2,11,4,13,4,17,4,20,4,22,3,26,2,28,3,28,2,28,0,29,0,29,1,27,1,22,2,20"
38.112040281295776,276,"CSI,4046,128,77,-47,20,0,-15,7,-13,10,-11,12,-10,12,-9,13,-6,15,-5,17,-7,15,-8,18,-6,23,-5,24,-3,24,-3,22,-5,17,-7,15,-7,14,-5,11,-2,8,0,6,0,7,1,5,3,1,5,-1,9,0,12,1,3,0,0,0,0,0,0,0,0,0,0,0,0,0,0,0,0,0,0,0,-3,-2,-9,-7,-9,-8,-11,-9,-10,-12,-8,-14,-6,-13,-5,-11,-6,-10,-7,-8,-7,-6,-5,-4,-4,0,-7,2,-13,3,-19,4,-24,6,-25,6,-26,4,-29,2,-31,1,-31,-1,-29,-3,-28,-4,-29,-5,-29,-5,-26,-2"
38.18149209022522,277,"CSI,589,128,83,49,21,0,18,-5,16,-9,15,-12,13,-15,10,-18,9,-19,9,-16,10,-12,9,-16,7,-21,6,-21,8,-20,8,-20,8,-20,8,-19,8,-15,8,-11,8,-9,5,-8,3,-7,2,-5,-1,-4,-4,-4,-5,-3,-6,-3,-2,-1,0,0,0,0,0,0,0,0,0,0,0,0,0,0,0,0,0,0,2,2,10,9,9,12,8,11,6,10,5,10,2,10,0,10,1,8,1,8,1,5,3,-1,5,-3,9,-2,13,-2,17,-1,20,-1,22,-2,25,-1,29,1,31,1,31,2,28,5,25,6,24,3,22,2,23,4"
38.28556537628174,278,"CSI,593,128,83,49,21,0,-7,14,-5,12,-2,13,2,14,5,13,8,13,8,13,6,15,9,17,15,16,16,15,14,16,12,18,11,17,8,16,4,14,2,11,2,7,3,4,4,3,3,2,4,0,4,-4,4,-5,5,-5,1,-2,0,0,0,0,0,0,0,0,0,0,0,0,0,0,0,0,0,0,-2,-1,-8,-2,-10,-3,-13,-5,-13,-6,-11,-5,-10,-5,-9,-6,-8,-5,-5,-4,-5,-2,-6,2,-4,5,-4,9,-7,13,-10,17,-15,18,-19,19,-19,20,-20,23,-22,22,-24,18,-25,16,-23,15,-20,14,-17,14,-15,14"
38.38747024536133,279,"CSI,597,128,83,49,21,0,18,3,18,1,15,0,15,-4,15,-7,14,-8,13,-13,16,-20,18,-22,15,-19,13,-17,14,-17,15,-15,16,-13,13,-13,12,-11,12,-8,8,-9,4,-8,2,-5,0,-4,-1,-5,-3,-6,-5,-6,-6,-5,-2,-2,0,0,0,0,0,0,0,0,0,0,0,0,0,0,0,0,0,0,0,3,0,13,-2,14,-4,13,-4,12,-5,11,-6,10,-6,8,-6,7,-4,6,0,4,3,2,5,2,9,3,11,5,12,8,15,11,19,14,20,17,20,19,19,18,19,20,17,22,13,20,15,18,17,18,15,17"
38.425700187683105,280,"CSI,4047,128,75,-79,20,0,17,-3,15,-3,16,-6,14,-9,7,-12,4,-15,5,-19,8,-22,8,-20,7,-19,4,-20,4,-20,7,-20,6,-19,4,-17,5,-13,4,-10,2,-8,2,-7,1,-5,-2,-4,-5,-5,-6,-5,-7,-3,-8,-1,-3,-1,0,0,0,0,0,0,0,0,0,0,0,0,0,0,0,0,0,0,-1,2,-3,9,-5,12,-7,13,-7,11,-6,9,-6,7,-6,7,-5,5,-5,3,-3,2,1,1,5,0,9,1,12,2,16,6,22,11,24,14,23,15,25,15,28,15,26,18,23,17,21,16,19,14,18,10,18,6"
38.65684509277344,281,"CSI,1226,128,83,49,21,0,11,-3,16,-3,18,-2,18,0,15,1,14,2,10,2,2,-1,2,-1,6,1,6,0,4,-2,1,-3,-2,-6,-2,-8,-1,-8,0,-8,2,-9,3,-12,4,-12,3,-10,3,-10,4,-9,2,-5,0,-3,0,-1,0,0,0,0,0,0,0,0,0,0,0,0,0,0,0,0,0,0,-2,-2,-6,-5,-5,-3,-4,-2,-5,-4,-6,-5,-4,-3,0,-2,-1,-3,-5,-3,-5,2,-3,4,-2,4,-3,3,-3,5,-3,6,-2,5,-1,5,0,5,1,5,1,7,-1,6,-3,5,-1,4,5,3,9,2,11,-2"
39.20519828796387,282,"CSI,629,128,83,49,21,0,4,15,5,13,9,12,13,13,15,12,16,11,15,9,12,9,13,11,17,12,18,12,17,14,17,16,19,16,16,13,9,9,5,7,6,5,6,2,5,0,2,-1,2,-1,4,-3,5,-6,5,-7,1,-2,0,0,0,0,0,0,0,0,0,0,0,0,0,0,0,0,0,0,-1,3,-5,12,-9,10,-11,9,-10,8,-9,4,-9,3,-10,4,-8,4,-6,4,-5,5,-2,7,2,9,5,12,4,15,5,17,5,21,1,25,-3,27,-5,28,-6,28,-8,28,-12,26,-13,24,-11,23,-7,21,-2,21"
39.2561411857605,283,"CSI,4049,128,77,-47,20,0,-3,13,1,10,2,10,6,9,12,11,15,14,14,14,10,11,12,10,17,10,18,10,18,11,19,11,18,11,16,8,13,7,11,7,11,6,9,3,7,0,6,-2,5,-3,6,-3,5,-6,3,-9,0,-3,0,0,0,0,0,0,0,0,0,0,0,0,0,0,0,0,0,0,-3,1,-12,5,-12,3,-13,1,-14,0,-13,-2,-12,-5,-10,-5,-10,-3,-10,-3,-8,-3,-5,1,-3,7,-3,12,-4,16,-6,19,-9,20,-11,22,-13,26,-15,29,-15,28,-18,24,-22,21,-23,19,-20,18,-15,18,-12,18"
39.29208707809448,284,"CSI,4050,128,77,-47,20,0,1,-15,-3,-13,-4,-11,-7,-12,-11,-16,-14,-17,-14,-19,-14,-22,-16,-20,-17,-17,-17,-14,-18,-14,-17,-17,-15,-16,-15,-13,-15,-11,-13,-10,-10,-8,-8,-5,-7,-1,-6,0,-6,1,-7,4,-6,5,-5,6,-2,1,0,0,0,0,0,0,0,0,0,0,0,0,0,0,0,0,0,0,2,-1,10,-3,12,-1,14,1,12,2,9,3,8,4,9,4,8,4,4,4,2,1,3,-3,5,-6,4,-9,4,-14,6,-18,8,-20,9,-20,13,-22,18,-24,22,-24,22,-23,22,-21,21,-17,20,-17,19,-20,16,-19"
39.31977820396423,285,"CSI,633,128,83,49,21,0,14,-3,12,-7,8,-12,4,-16,6,-19,8,-21,7,-21,9,-22,9,-24,6,-25,5,-25,4,-24,5,-22,4,-21,6,-19,7,-16,5,-11,2,-8,-2,-5,-4,-5,-3,-5,-4,-3,-6,-2,-7,-4,-8,-7,-2,-2,0,0,0,0,0,0,0,0,0,0,0,0,0,0,0,0,0,0,2,1,8,7,6,10,6,12,6,15,5,14,5,10,2,7,-1,8,-1,8,1,6,2,5,4,5,9,4,14,0,17,-1,21,-2,25,0,28,4,31,6,33,7,33,8,30,9,27,9,26,7,24,6,18,6"
39.411643266677856,286,"CSI,637,128,83,49,21,0,-7,-15,-10,-7,-10,-4,-12,-3,-16,-3,-19,-2,-22,-3,-26,-6,-26,-3,-25,3,-22,5,-20,3,-20,1,-19,1,-18,2,-17,2,-13,1,-10,0,-10,1,-7,2,-3,4,-1,4,-1,5,0,6,0,7,0,1,0,0,0,0,0,0,0,0,0,0,0,0,0,0,0,0,0,0,1,-1,8,-2,11,-2,13,-1,14,0,14,0,14,2,14,4,12,3,10,4,7,3,3,-1,1,-7,1,-13,1,-17,0,-18,-1,-23,-1,-28,1,-28,4,-29,4,-30,4,-32,7,-32,9,-29,9,-25,8,-25,8,-24"
39.718493938446045,287,"CSI,649,128,83,49,21,0,-10,11,-9,12,-9,11,-6,15,-1,20,1,20,5,18,8,16,6,15,2,18,2,19,2,20,2,20,2,20,3,20,2,17,0,13,-1,12,1,9,2,4,3,2,4,2,4,2,5,1,6,2,1,0,0,0,0,0,0,0,0,0,0,0,0,0,0,0,0,0,0,0,-3,-1,-11,-3,-11,-7,-12,-10,-11,-11,-9,-12,-5,-11,-3,-9,-3,-8,-3,-6,-2,-4,-3,-2,-4,1,-4,5,-6,6,-13,8,-20,11,-24,13,-27,11,-32,10,-35,10,-35,8,-33,3,-29,0,-27,0,-25,2,-22,5"
40.12963914871216,288,"CSI,665,128,83,49,21,0,-13,4,-10,9,-9,12,-9,15,-9,16,-9,18,-7,15,-6,11,-5,15,-5,19,-4,20,-3,23,-3,24,-5,20,-7,17,-6,16,-3,13,-1,11,2,10,4,7,4,4,3,3,4,0,6,-2,8,-1,2,0,0,0,0,0,0,0,0,0,0,0,0,0,0,0,0,0,0,0,0,-2,2,-9,3,-10,5,-12,7,-12,7,-10,7,-7,6,-5,5,-4,5,-3,4,-2,0,0,-5,3,-9,1,-12,-4,-16,-5,-20,-7,-22,-10,-23,-14,-25,-17,-27,-17,-25,-16,-23,-14,-20,-11,-20,-13,-19,-14,-15,-12"
40.43788814544678,289,"CSI,677,128,83,49,21,0,5,-12,0,-10,-3,-10,-6,-11,-10,-15,-13,-18,-11,-18,-8,-18,-12,-19,-16,-19,-16,-19,-17,-17,-15,-16,-12,-18,-11,-18,-10,-15,-9,-12,-7,-9,-6,-7,-6,-4,-7,-1,-7,1,-7,2,-4,4,-4,6,-2,1,0,0,0,0,0,0,0,0,0,0,0,0,0,0,0,0,0,0,3,1,12,4,12,3,13,3,12,5,11,8,11,9,11,8,9,7,8,4,7,4,5,2,4,-3,5,-6,6,-10,7,-15,10,-18,15,-18,19,-17,23,-19,24,-21,23,-20,22,-18,21,-15,22,-15,21,-17,19,-15"
40.53818225860596,290,"CSI,681,128,83,49,21,0,-10,8,-6,10,-2,14,1,16,5,17,7,18,6,17,4,12,6,14,7,20,5,22,5,23,10,22,13,19,10,18,7,16,5,13,4,7,4,3,4,4,5,3,6,0,7,-3,6,-4,6,-4,1,-1,0,0,0,0,0,0,0,0,0,0,0,0,0,0,0,0,0,0,-3,-3,-10,-9,-9,-10,-9,-12,-8,-12,-7,-13,-7,-13,-5,-12,-3,-11,-1,-11,-1,-8,-3,-3,-6,0,-8,3,-11,7,-16,11,-21,10,-22,7,-22,4,-26,4,-29,5,-31,6,-31,7,-29,6,-28,5,-27,4,-27,2"
40.64118504524231,291,"CSI,685,128,83,49,21,0,-14,9,-10,11,-8,12,-7,12,-5,15,-1,22,-1,23,-5,21,-6,24,-3,27,0,26,1,23,0,20,-2,20,-2,20,-1,18,-2,16,-2,13,1,8,2,4,1,3,2,2,4,0,7,-1,9,-1,2,0,0,0,0,0,0,0,0,0,0,0,0,0,0,0,0,0,0,0,-4,-1,-14,-4,-12,-8,-10,-12,-9,-12,-6,-12,-4,-12,-5,-12,-4,-11,-3,-9,-4,-8,-5,-3,-6,2,-8,5,-9,6,-13,8,-19,8,-23,7,-25,7,-28,7,-31,6,-31,3,-29,1,-26,-1,-26,-2,-26,0,-23,2"
40.742759227752686,292,"CSI,689,128,83,49,21,0,13,6,13,3,11,-1,11,-5,13,-8,16,-10,19,-11,22,-9,21,-11,19,-14,21,-13,23,-13,21,-14,20,-13,19,-9,17,-5,14,-4,11,-2,8,-1,5,-3,2,-3,0,-4,-1,-5,-2,-8,-2,-11,-1,-3,0,0,0,0,0,0,0,0,0,0,0,0,0,0,0,0,0,0,1,2,6,10,4,11,2,12,-1,12,-4,11,-5,11,-5,10,-3,9,-3,7,-2,7,0,8,3,6,6,3,8,4,12,7,16,8,17,7,18,9,21,14,22,18,21,20,20,24,19,26,20,23,19,19,18,18"
41.04905605316162,293,"CSI,701,128,83,49,21,0,10,10,15,5,14,2,14,1,16,0,16,-3,17,-5,17,-5,19,-5,21,-8,21,-9,20,-9,18,-10,18,-11,18,-8,16,-5,13,-6,11,-4,7,-3,2,-4,-2,-4,-5,-2,-5,-3,-6,-7,-5,-7,-2,-2,0,0,0,0,0,0,0,0,0,0,0,0,0,0,0,0,0,0,-3,2,-10,8,-9,7,-10,4,-12,3,-13,2,-12,2,-12,2,-11,2,-8,3,-5,5,-3,5,1,4,4,5,6,8,9,15,10,19,7,21,6,25,5,28,4,28,4,30,5,30,6,28,3,28,0,27,1,22"
41.15157508850098,294,"CSI,705,128,83,49,21,0,16,-6,14,-7,9,-8,7,-12,6,-15,3,-18,2,-23,2,-27,1,-27,1,-25,1,-25,3,-23,7,-21,7,-20,4,-17,2,-13,2,-11,3,-9,1,-8,-3,-5,-6,-4,-7,-4,-8,-2,-9,0,-9,1,-3,0,0,0,0,0,0,0,0,0,0,0,0,0,0,0,0,0,0,0,1,3,3,12,0,12,-2,13,-3,13,-4,12,-5,10,-6,7,-6,5,-5,4,-1,4,2,3,4,1,6,-1,12,-1,16,1,18,2,21,3,24,8,25,12,24,13,24,13,25,13,25,10,22,9,17,8,15,6"
41.25221920013428,295,"CSI,708,128,83,49,21,0,10,-7,7,-10,5,-14,4,-15,2,-18,1,-21,1,-19,-3,-16,-4,-17,-2,-21,-2,-21,-1,-21,1,-21,0,-20,-2,-17,-2,-13,-1,-12,-2,-11,-2,-6,-1,-4,-2,-3,-3,-1,-4,1,-6,2,-7,2,-2,0,0,0,0,0,0,0,0,0,0,0,0,0,0,0,0,0,0,0,2,2,7,10,5,12,3,13,2,12,0,11,-1,10,-2,9,-3,6,-1,4,-1,2,1,1,6,-2,10,-4,12,-3,17,-2,23,-1,25,-1,25,-1,27,0,27,2,26,3,27,4,27,5,25,5,23,3,21,1"
41.35771322250366,296,"CSI,713,128,83,49,21,0,-11,15,-8,17,-5,18,0,17,5,16,5,18,3,16,3,13,3,17,5,21,5,20,5,21,6,21,5,19,3,19,3,20,3,16,3,10,3,6,4,4,4,2,5,0,6,-2,6,-3,8,-4,2,-2,0,0,0,0,0,0,0,0,0,0,0,0,0,0,0,0,0,0,-3,-1,-11,-4,-12,-4,-12,-6,-11,-8,-12,-10,-12,-10,-9,-8,-6,-6,-4,-4,-3,-1,-3,0,-4,3,-6,8,-9,13,-14,15,-19,15,-22,14,-22,13,-24,14,-26,14,-28,10,-28,8,-26,5,-24,4,-22,5,-19,6"
41.62582612037659,297,"CSI,1342,128,83,49,21,0,5,-12,4,-13,3,-13,4,-13,4,-14,2,-12,3,-7,1,-3,-1,-4,1,-5,1,-5,1,-6,-1,-4,-3,-1,-4,2,-5,2,-7,2,-7,3,-6,5,-6,5,-8,5,-8,4,-8,3,-6,3,-5,4,-2,1,0,0,0,0,0,0,0,0,0,0,0,0,0,0,0,0,0,0,-3,0,-8,3,-7,2,-6,2,-5,2,-5,2,-5,2,-5,0,-4,-3,-3,-4,0,-1,3,2,4,4,6,5,7,6,9,7,10,9,8,9,8,8,9,7,8,7,8,8,8,7,6,2,3,-3,1,-4,2,-5"
41.66686534881592,298,"CSI,725,128,83,49,21,0,-10,-13,-13,-7,-16,-2,-18,1,-16,3,-18,5,-20,7,-18,1,-18,-1,-23,3,-26,6,-25,7,-23,4,-21,2,-18,2,-16,3,-14,2,-12,2,-10,2,-7,2,-4,2,-2,3,-2,4,0,6,2,8,0,2,0,0,0,0,0,0,0,0,0,0,0,0,0,0,0,0,0,0,0,-4,2,-13,5,-12,7,-12,9,-11,9,-9,7,-7,5,-8,4,-7,4,-3,3,-2,-1,-4,-5,-7,-7,-10,-9,-13,-11,-15,-15,-18,-15,-20,-13,-22,-13,-26,-11,-27,-10,-26,-10,-26,-9,-26,-5,-23,-5,-23,-5,-26"
41.770737171173096,299,"CSI,729,128,83,49,21,0,-13,-12,-16,-8,-19,-4,-20,-1,-21,0,-21,2,-21,1,-22,-5,-25,-5,-27,-2,-27,-1,-26,0,-26,-1,-25,-3,-22,-3,-18,0,-14,1,-11,-1,-9,-2,-7,0,-4,3,-2,3,-1,5,-1,6,-3,6,-1,1,0,0,0,0,0,0,0,0,0,0,0,0,0,0,0,0,0,0,-1,-3,-2,-13,1,-13,5,-12,6,-11,4,-11,5,-9,5,-6,5,-5,5,-6,4,-6,-2,-6,-6,-7,-8,-11,-9,-12,-12,-14,-15,-17,-16,-18,-15,-20,-12,-24,-11,-24,-11,-25,-10,-27,-12,-28,-11,-28,-7,-26,-8,-18"
41.86940026283264,300,"CSI,733,128,83,49,21,0,16,-1,13,-5,10,-7,9,-10,10,-12,13,-14,14,-15,12,-14,14,-15,15,-18,15,-19,18,-19,18,-18,14,-16,13,-12,13,-8,11,-6,8,-8,4,-10,1,-10,0,-7,-3,-5,-6,-4,-6,-6,-5,-7,-2,-2,0,0,0,0,0,0,0,0,0,0,0,0,0,0,0,0,0,0,1,2,5,11,4,12,4,11,3,12,0,11,-2,9,-3,7,-3,6,-2,5,-1,3,2,1,5,2,7,2,9,2,13,3,16,4,18,5,23,4,27,7,26,10,24,11,22,11,21,12,23,14,23,14,22,13"
41.97468018531799,301,"CSI,737,128,83,49,21,0,3,-14,0,-13,-4,-12,-8,-14,-11,-16,-13,-16,-12,-14,-11,-13,-12,-16,-15,-19,-16,-20,-16,-21,-16,-20,-14,-18,-11,-17,-9,-15,-7,-14,-6,-12,-5,-8,-5,-4,-6,-1,-7,1,-7,5,-6,6,-6,5,-2,1,0,0,0,0,0,0,0,0,0,0,0,0,0,0,0,0,0,0,2,-1,9,-4,11,-4,12,-2,11,-1,10,3,10,6,9,6,6,4,5,1,6,0,7,-3,7,-9,5,-12,4,-13,5,-16,8,-21,9,-22,11,-23,14,-25,16,-25,17,-26,17,-24,18,-21,20,-21,19,-21,17,-19"
42.076672077178955,302,"CSI,741,128,83,49,21,0,0,-16,-2,-15,-5,-11,-9,-10,-13,-12,-18,-13,-16,-13,-12,-10,-16,-10,-22,-13,-23,-14,-21,-13,-20,-12,-19,-12,-17,-12,-14,-9,-11,-7,-9,-5,-6,-4,-5,-2,-5,1,-5,2,-6,3,-6,5,-7,7,-2,1,0,0,0,0,0,0,0,0,0,0,0,0,0,0,0,0,0,0,2,-2,11,-4,13,0,13,4,12,4,12,3,11,4,9,4,7,2,6,0,5,-3,4,-6,3,-6,2,-8,2,-12,3,-17,4,-22,6,-24,10,-26,13,-27,15,-26,15,-26,17,-27,17,-25,15,-24,11,-22,7,-22"
42.18000626564026,303,"CSI,745,128,83,49,21,0,-16,-9,-16,-4,-16,1,-17,3,-19,5,-18,10,-17,11,-17,9,-18,10,-22,11,-22,11,-22,10,-23,10,-21,9,-18,8,-16,6,-13,5,-12,5,-10,5,-6,5,-3,6,-1,6,1,6,3,7,4,9,1,2,0,0,0,0,0,0,0,0,0,0,0,0,0,0,0,0,0,0,-1,-3,-2,-11,1,-13,3,-14,4,-14,6,-13,7,-11,5,-9,3,-7,2,-6,0,-9,0,-10,-1,-10,-6,-10,-11,-11,-14,-8,-16,-11,-18,-18,-18,-21,-19,-22,-21,-25,-20,-28,-16,-29,-14,-28,-13,-26,-13,-24,-15,-24"
42.27933120727539,304,"CSI,749,128,83,49,21,0,14,1,12,-4,12,-7,11,-11,10,-15,13,-17,12,-18,8,-21,8,-22,9,-21,11,-20,13,-19,11,-19,10,-18,10,-18,10,-17,7,-13,4,-9,3,-8,2,-6,0,-4,-4,-3,-5,-5,-5,-7,-6,-8,-2,-2,0,0,0,0,0,0,0,0,0,0,0,0,0,0,0,0,0,0,0,2,3,10,1,13,-1,14,-3,12,-4,12,-3,12,-3,10,-4,8,-2,6,1,6,2,5,4,4,8,3,11,1,16,2,20,4,20,6,20,8,22,11,23,14,24,16,26,16,26,19,24,21,21,17,20,12"
42.38412594795227,305,"CSI,753,128,83,49,21,0,1,-19,-4,-17,-8,-16,-11,-18,-13,-20,-16,-21,-15,-18,-9,-15,-10,-15,-17,-14,-20,-15,-18,-18,-18,-18,-16,-15,-14,-12,-13,-9,-10,-9,-6,-9,-6,-6,-8,-1,-9,1,-9,2,-8,4,-6,4,-6,6,-2,1,0,0,0,0,0,0,0,0,0,0,0,0,0,0,0,0,0,0,3,-1,14,-1,13,1,11,3,11,3,11,4,11,6,10,5,8,3,6,0,5,0,4,-1,2,-6,3,-11,5,-15,6,-17,7,-20,9,-22,12,-23,15,-24,18,-23,23,-23,27,-21,25,-17,21,-16,20,-17,19,-15"
42.486000299453735,306,"CSI,757,128,83,49,21,0,5,-15,0,-15,-4,-16,-9,-18,-11,-21,-9,-22,-7,-24,-6,-27,-7,-27,-7,-25,-7,-23,-11,-20,-10,-19,-4,-19,-3,-19,-5,-17,-5,-12,-5,-9,-5,-7,-5,-6,-6,-4,-7,-1,-7,0,-7,1,-7,2,-2,0,0,0,0,0,0,0,0,0,0,0,0,0,0,0,0,0,0,0,3,0,13,3,12,5,11,8,11,9,10,8,8,8,7,8,7,5,5,2,2,1,4,-2,8,-6,9,-8,10,-9,12,-13,15,-15,18,-16,21,-19,23,-20,24,-17,26,-14,27,-11,25,-9,22,-10,22,-11,21,-13"
42.58846426010132,307,"CSI,761,128,83,49,21,0,7,-13,3,-13,0,-15,-2,-17,-5,-20,-5,-22,-6,-20,-10,-19,-12,-18,-10,-18,-9,-19,-9,-22,-10,-22,-10,-19,-10,-17,-8,-16,-7,-14,-7,-10,-7,-7,-8,-5,-5,-4,-4,-2,-7,3,-9,4,-9,4,-3,1,0,0,0,0,0,0,0,0,0,0,0,0,0,0,0,0,0,0,2,1,10,5,11,7,11,8,10,8,8,9,6,9,4,7,3,5,5,4,5,2,5,-1,6,-4,7,-7,9,-9,13,-11,15,-15,15,-18,19,-18,24,-16,28,-14,31,-12,31,-10,28,-8,24,-9,21,-11,19,-10"
42.68833112716675,308,"CSI,765,128,83,49,21,0,11,6,12,3,14,-1,16,-5,17,-4,18,-5,20,-5,21,-3,19,-3,18,-5,20,-7,22,-6,21,-6,19,-7,17,-5,15,-3,14,-3,11,-3,8,-3,7,-3,5,-4,1,-5,-3,-8,-3,-9,-3,-10,-1,-3,0,0,0,0,0,0,0,0,0,0,0,0,0,0,0,0,0,0,0,2,0,9,-1,10,-3,12,-5,11,-7,10,-7,8,-6,8,-5,8,-6,7,-3,6,1,4,4,4,7,6,12,8,14,10,15,12,16,14,18,18,21,22,20,24,17,24,16,24,14,24,12,23,14,20,15,16"
42.79033613204956,309,"CSI,769,128,83,49,21,0,16,-4,15,-5,12,-7,9,-11,8,-18,6,-20,8,-19,12,-19,13,-21,10,-24,7,-25,6,-24,6,-24,7,-22,8,-17,8,-12,6,-10,3,-9,1,-7,-1,-6,-4,-6,-4,-4,-6,-1,-8,-1,-10,-4,-3,-2,0,0,0,0,0,0,0,0,0,0,0,0,0,0,0,0,0,0,1,3,6,12,3,13,2,13,4,13,3,13,1,12,-1,10,-1,9,-1,8,-1,7,2,2,4,-1,7,0,11,0,13,0,17,3,24,5,29,5,29,4,28,6,29,9,29,9,27,10,25,11,22,9,17,6"
42.89616107940674,310,"CSI,773,128,83,49,21,0,3,-16,2,-13,0,-12,-3,-13,-8,-14,-12,-13,-12,-18,-10,-24,-14,-23,-17,-19,-17,-17,-17,-16,-16,-17,-15,-18,-13,-16,-11,-14,-8,-12,-8,-11,-9,-9,-8,-6,-7,-3,-7,-2,-7,1,-6,4,-5,5,-1,1,0,0,0,0,0,0,0,0,0,0,0,0,0,0,0,0,0,0,2,-1,12,-2,14,-1,14,0,12,-1,11,0,8,3,7,3,8,3,7,3,4,1,2,-1,2,-3,3,-8,5,-13,7,-17,7,-20,7,-21,8,-22,13,-23,17,-22,16,-22,16,-21,17,-21,17,-22,17,-22,19,-22"
42.99984836578369,311,"CSI,777,128,83,49,21,0,-16,-4,-15,0,-14,6,-14,9,-13,10,-12,13,-14,13,-19,9,-20,11,-18,15,-17,18,-16,18,-16,15,-17,14,-15,13,-13,10,-11,6,-8,6,-5,6,-4,6,-2,4,-1,3,0,5,2,6,4,6,1,1,0,0,0,0,0,0,0,0,0,0,0,0,0,0,0,0,0,0,-2,-3,-6,-10,-6,-10,-3,-11,-1,-11,1,-11,1,-12,0,-11,-1,-10,-1,-10,-1,-10,-3,-8,-5,-5,-8,-3,-14,-4,-19,-7,-22,-7,-25,-6,-26,-8,-24,-11,-24,-14,-27,-17,-26,-18,-24,-15,-21,-14,-17,-15,-14,-15"
43.12064838409424,312,"CSI,4051,128,77,-47,20,0,12,9,15,6,15,3,15,-1,18,-4,21,-6,23,-5,24,-2,25,-3,27,-7,26,-7,22,-6,19,-5,19,-4,19,-4,16,-3,15,-1,12,-2,7,-2,5,-3,6,-4,4,-4,1,-3,0,-7,0,-12,0,-4,0,0,0,0,0,0,0,0,0,0,0,0,0,0,0,0,0,0,-1,2,-2,10,-3,11,-5,12,-5,11,-3,8,-4,6,-5,5,-6,5,-5,6,-4,6,-3,6,1,5,5,5,9,9,12,14,15,15,18,16,18,19,15,22,11,23,10,25,10,27,9,25,7,24,6,25,7,23"
43.153035163879395,313,"CSI,4052,128,77,-47,20,0,0,16,2,13,5,10,7,10,10,12,13,13,16,15,19,18,20,17,18,13,17,13,17,13,16,12,16,12,15,13,12,11,9,9,6,5,4,2,4,-1,5,-1,6,-1,6,-1,5,-4,6,-8,1,-3,0,0,0,0,0,0,0,0,0,0,0,0,0,0,0,0,0,0,-4,0,-13,3,-13,4,-13,3,-13,0,-12,-1,-11,-3,-12,-5,-10,-4,-8,-2,-7,0,-4,2,-1,5,-2,8,-2,13,-4,17,-6,20,-7,21,-10,21,-14,22,-15,25,-18,26,-19,24,-17,20,-16,19,-15,18,-12,16"
43.200876235961914,314,"CSI,785,128,83,49,21,0,-1,-14,-4,-13,-6,-10,-12,-10,-17,-10,-16,-10,-19,-11,-24,-11,-24,-12,-23,-14,-21,-14,-18,-13,-16,-12,-15,-11,-15,-10,-14,-8,-12,-5,-8,-4,-6,-3,-6,-2,-6,-2,-5,2,-6,5,-6,6,-5,3,-1,0,0,0,0,0,0,0,0,0,0,0,0,0,0,0,0,0,0,0,2,-1,9,-3,11,-1,12,0,11,0,10,1,9,2,6,2,3,2,5,2,6,0,4,-3,1,-5,0,-9,1,-12,3,-16,5,-22,7,-26,8,-25,10,-24,13,-23,16,-20,20,-19,19,-19,15,-19,12,-20,11,-21"
43.406376361846924,315,"CSI,793,128,83,49,21,0,-10,14,-6,14,2,12,6,13,6,14,8,16,8,18,6,19,8,20,12,20,12,19,10,18,11,19,10,17,6,15,6,13,6,12,4,9,4,4,7,1,7,1,5,0,5,-1,6,-3,6,-4,1,-2,0,0,0,0,0,0,0,0,0,0,0,0,0,0,0,0,0,0,-3,-2,-12,-5,-12,-5,-10,-7,-10,-9,-11,-10,-11,-10,-9,-9,-6,-7,-3,-6,-3,-3,-4,-1,-4,2,-5,6,-7,11,-12,15,-16,16,-19,15,-22,15,-24,13,-25,11,-27,9,-28,11,-25,11,-22,9,-19,7,-11,5"
43.61241412162781,316,"CSI,801,128,83,49,21,0,10,-8,7,-11,2,-14,-3,-16,-6,-18,-8,-17,-7,-17,-4,-22,-7,-24,-11,-21,-13,-19,-14,-17,-11,-17,-9,-18,-9,-16,-8,-14,-4,-13,-4,-10,-6,-7,-6,-4,-6,0,-5,3,-6,5,-7,5,-9,3,-3,1,0,0,0,0,0,0,0,0,0,0,0,0,0,0,0,0,0,0,3,1,11,5,9,8,9,11,8,13,4,13,3,10,1,9,0,8,0,5,0,-1,0,-3,1,-2,6,-6,12,-11,14,-12,16,-12,19,-11,22,-11,26,-12,27,-10,27,-9,26,-9,23,-10,21,-11,20,-10,20,-7"
43.71610426902771,317,"CSI,805,128,83,49,21,0,-13,-14,-16,-7,-15,-2,-15,-1,-17,0,-22,0,-18,-2,-10,-6,-16,-4,-24,-1,-22,0,-18,0,-20,4,-20,6,-18,4,-16,-1,-13,-3,-10,1,-11,4,-10,4,-7,6,-4,8,-2,9,0,9,0,9,-1,2,0,0,0,0,0,0,0,0,0,0,0,0,0,0,0,0,0,0,-2,-3,-7,-10,-2,-9,6,-7,9,-9,11,-12,11,-9,11,-6,10,-5,7,-4,3,-4,2,-8,0,-11,-5,-12,-10,-12,-13,-13,-12,-16,-11,-22,-11,-25,-10,-27,-8,-29,-5,-29,-4,-26,-4,-25,-3,-24,-1,-20,-1,-15"
43.819865226745605,318,"CSI,809,128,83,49,21,0,-10,-6,-11,-4,-14,-1,-16,1,-17,1,-19,4,-17,9,-14,11,-18,10,-22,9,-23,8,-22,7,-20,7,-18,6,-16,3,-15,3,-12,3,-9,3,-7,3,-4,4,-2,5,-1,6,0,7,0,8,-1,9,-1,2,0,0,0,0,0,0,0,0,0,0,0,0,0,0,0,0,0,0,-1,-3,-2,-12,-1,-13,0,-13,1,-12,3,-12,5,-11,6,-10,6,-10,6,-9,3,-7,-2,-5,-5,-5,-9,-7,-10,-9,-11,-11,-15,-13,-17,-16,-17,-20,-19,-25,-18,-27,-14,-26,-11,-26,-10,-24,-12,-22,-12,-16,-11,-11"
43.85322904586792,319,"CSI,4053,128,77,-47,20,0,-14,-6,-14,-4,-12,-2,-13,1,-17,5,-20,7,-21,8,-23,13,-23,14,-21,12,-19,11,-20,8,-19,8,-18,7,-16,4,-14,2,-10,2,-7,3,-6,5,-6,4,-4,5,-1,7,0,7,1,7,3,6,1,1,0,0,0,0,0,0,0,0,0,0,0,0,0,0,0,0,0,0,0,-3,1,-11,3,-9,6,-8,7,-9,7,-9,6,-8,7,-9,9,-8,7,-6,4,-2,0,-1,-6,-2,-12,-6,-16,-9,-17,-10,-18,-13,-16,-19,-13,-23,-13,-25,-13,-26,-11,-27,-9,-28,-8,-26,-8,-22,-13,-18,-16,-14"
43.88335108757019,320,"CSI,4054,128,77,-47,20,0,12,7,10,4,13,0,15,-3,16,-8,15,-13,18,-11,22,-5,23,-9,23,-17,22,-16,19,-14,18,-13,18,-13,16,-14,13,-12,9,-9,6,-8,7,-6,6,-5,3,-4,0,-4,-3,-4,-6,-5,-7,-5,-2,-2,0,0,0,0,0,0,0,0,0,0,0,0,0,0,0,0,0,0,-2,2,-7,9,-7,9,-8,9,-8,10,-8,8,-10,5,-10,7,-9,8,-8,5,-3,2,2,2,4,6,5,8,8,11,9,14,12,14,16,15,16,18,13,21,11,23,11,25,11,27,8,25,7,23,7,21,8,18"
43.919679164886475,321,"CSI,813,128,83,49,21,0,-13,-11,-16,-8,-17,-1,-14,2,-14,3,-16,6,-18,10,-19,14,-19,13,-19,10,-20,8,-20,9,-17,11,-15,9,-16,7,-15,7,-13,7,-11,7,-7,5,-3,4,-2,4,-1,5,2,6,3,6,3,7,1,1,0,0,0,0,0,0,0,0,0,0,0,0,0,0,0,0,0,0,1,-3,5,-10,6,-11,5,-12,6,-10,8,-6,9,-3,9,-1,9,-2,9,-1,7,0,2,0,-4,-3,-7,-6,-9,-10,-11,-14,-11,-18,-9,-21,-10,-20,-12,-21,-9,-25,-6,-27,-5,-27,-6,-26,-5,-23,-6,-19,-5,-18"
44.37531518936157,322,"CSI,4055,128,75,-79,20,0,11,4,11,1,11,-1,14,-4,17,-7,19,-9,21,-11,23,-10,23,-11,19,-14,15,-15,14,-16,15,-18,16,-17,16,-13,12,-9,7,-8,5,-8,1,-6,-2,-6,-3,-5,-4,-5,-5,-6,-5,-6,-5,-4,-2,-1,0,0,0,0,0,0,0,0,0,0,0,0,0,0,0,0,0,0,-3,2,-11,8,-13,6,-15,3,-15,1,-12,1,-10,1,-9,0,-9,-2,-9,-2,-6,-1,-2,2,0,5,4,10,7,14,6,17,6,19,8,22,8,25,9,29,6,31,3,31,3,31,4,28,5,24,4,21,3,21"
44.40619707107544,323,"CSI,4056,128,75,-79,20,0,2,9,4,7,6,5,10,7,13,11,14,11,19,6,25,1,25,1,23,2,22,3,20,3,19,2,19,2,18,3,14,2,9,0,8,-1,7,-1,6,-2,5,-4,3,-5,0,-5,-2,-6,-1,-8,-1,-3,0,0,0,0,0,0,0,0,0,0,0,0,0,0,0,0,0,0,-3,-2,-11,-5,-11,-6,-12,-10,-11,-13,-10,-13,-8,-11,-5,-9,-4,-7,-4,-6,-4,-4,-5,-1,-5,4,-4,8,-5,10,-7,15,-12,19,-17,20,-20,20,-23,23,-24,23,-24,20,-21,17,-19,14,-19,13,-15,13,-12,11"
44.535338163375854,324,"CSI,837,128,83,49,21,0,-13,-4,-15,-2,-16,-1,-17,5,-17,9,-20,11,-21,9,-20,4,-19,7,-22,12,-23,13,-22,13,-21,11,-21,8,-19,7,-16,5,-14,3,-11,4,-9,4,-6,4,-3,5,0,5,-2,6,-2,8,2,11,1,2,0,0,0,0,0,0,0,0,0,0,0,0,0,0,0,0,0,0,-1,-2,-3,-9,-1,-12,0,-14,1,-14,3,-12,3,-11,3,-10,5,-8,4,-6,1,-4,-3,-3,-6,-3,-8,-4,-11,-5,-14,-5,-18,-8,-22,-13,-22,-18,-21,-20,-20,-22,-18,-24,-16,-24,-12,-22,-12,-20,-15,-17,-15,-12"
44.737163066864014,325,"CSI,845,128,83,49,21,0,-12,4,-7,6,-2,9,4,11,7,12,7,16,10,18,14,20,14,20,11,19,10,20,10,19,9,17,8,17,7,18,4,14,3,9,6,5,7,3,7,0,9,-2,8,-3,6,-5,6,-6,5,-6,1,-2,0,0,0,0,0,0,0,0,0,0,0,0,0,0,0,0,0,0,-2,-3,-4,-12,-3,-11,-4,-11,-4,-13,0,-14,3,-13,3,-11,5,-10,4,-8,2,-7,-1,-5,-4,0,-7,5,-10,5,-14,4,-19,3,-22,2,-24,1,-28,-2,-30,-4,-30,-4,-30,-7,-31,-8,-29,-7,-24,-1,-19,3"
44.84001612663269,326,"CSI,849,128,83,49,21,0,-1,-9,-7,-6,-13,-2,-19,0,-21,0,-20,-2,-18,0,-17,-1,-19,-4,-22,-2,-24,0,-23,0,-22,0,-22,0,-19,-1,-16,-2,-12,-1,-10,1,-9,4,-8,6,-5,5,-3,2,-2,1,0,5,2,8,0,2,0,0,0,0,0,0,0,0,0,0,0,0,0,0,0,0,0,0,0,-2,4,-5,8,-5,11,-4,11,-6,11,-5,12,-1,12,0,8,0,4,1,4,-1,1,-4,-2,-6,-2,-9,-2,-13,-2,-16,1,-19,2,-22,2,-26,3,-29,4,-29,5,-26,7,-26,9,-25,8,-22,7,-19,6,-17"
44.93256497383118,327,"CSI,4057,128,75,-79,20,0,-9,-3,-12,1,-11,5,-10,9,-13,7,-16,9,-19,14,-20,16,-18,15,-17,15,-16,15,-15,17,-15,17,-14,13,-14,10,-12,9,-10,7,-8,6,-5,7,-2,8,-1,9,1,8,2,6,3,6,4,7,1,1,0,0,0,0,0,0,0,0,0,0,0,0,0,0,0,0,0,0,0,-4,0,-13,2,-12,6,-12,8,-11,9,-11,9,-10,7,-8,7,-8,5,-8,3,-6,1,-6,0,-6,-6,-5,-12,-8,-13,-12,-14,-15,-17,-17,-19,-18,-18,-22,-16,-24,-16,-24,-13,-26,-12,-28,-13,-25,-12,-21,-11,-17"
44.965877056121826,328,"CSI,4058,128,75,-79,20,0,0,-12,-9,-7,-12,-4,-10,-3,-13,-4,-18,-4,-21,-7,-25,-13,-29,-13,-27,-8,-23,-8,-20,-7,-19,-7,-18,-9,-18,-8,-14,-5,-9,-3,-8,0,-8,2,-7,1,-7,2,-5,2,-2,1,-1,4,-2,8,-1,2,0,0,0,0,0,0,0,0,0,0,0,0,0,0,0,0,0,0,3,0,12,-1,13,-2,13,-1,13,-1,13,-1,11,2,9,3,9,3,6,4,3,1,2,-2,1,-6,2,-9,1,-12,2,-17,4,-23,6,-25,10,-26,13,-28,13,-29,13,-27,15,-23,17,-22,18,-22,14,-22,9,-21"
44.9971342086792,329,"CSI,853,128,83,49,21,0,3,-5,-3,-7,-7,-9,-13,-10,-18,-13,-19,-12,-18,-12,-19,-18,-21,-18,-22,-13,-20,-11,-19,-9,-20,-6,-19,-6,-18,-8,-14,-8,-10,-6,-7,-2,-6,2,-6,3,-6,5,-6,5,-7,3,-6,4,-6,7,-2,2,0,0,0,0,0,0,0,0,0,0,0,0,0,0,0,0,0,0,2,0,9,5,10,9,11,10,10,10,7,9,4,7,5,6,5,6,2,5,1,2,2,-2,2,-6,4,-8,6,-10,10,-13,15,-16,18,-17,21,-16,24,-15,24,-17,24,-17,24,-15,22,-13,21,-11,18,-11,14,-12"
45.250009059906006,330,"CSI,865,128,83,49,21,0,12,3,15,-1,13,-4,12,-6,12,-10,15,-14,16,-18,11,-18,11,-15,15,-14,17,-13,17,-13,16,-12,15,-11,13,-11,11,-13,9,-11,6,-9,3,-10,2,-9,1,-8,-2,-7,-5,-6,-6,-6,-5,-6,-2,-2,0,0,0,0,0,0,0,0,0,0,0,0,0,0,0,0,0,0,-1,2,-2,10,-3,12,-6,13,-8,12,-9,9,-9,7,-8,5,-7,5,-6,2,-4,-1,-1,1,4,3,9,3,12,4,13,8,14,10,14,12,17,18,19,22,16,23,13,25,14,24,14,22,12,21,10,21,6,21"
45.45519518852234,331,"CSI,873,128,83,49,21,0,6,-10,1,-12,-2,-13,-4,-15,-8,-16,-9,-19,-8,-17,-9,-12,-9,-14,-8,-19,-9,-20,-10,-18,-9,-18,-7,-18,-5,-18,-6,-15,-8,-10,-7,-7,-4,-5,-5,-3,-6,-2,-7,-1,-7,-1,-6,0,-4,3,-1,1,0,0,0,0,0,0,0,0,0,0,0,0,0,0,0,0,0,0,1,1,4,7,3,9,3,11,2,11,0,11,-1,10,-1,8,-2,7,-1,7,-1,4,-1,0,2,-2,8,-4,12,-6,16,-7,20,-8,22,-7,23,-6,26,-6,27,-4,28,-1,28,-2,27,-3,26,-3,22,-3,16,-3"
45.644888162612915,332,"CSI,4059,128,77,-47,20,0,7,-10,2,-11,-3,-12,-3,-15,-5,-16,-10,-16,-12,-19,-10,-26,-12,-25,-16,-21,-15,-21,-13,-19,-14,-17,-13,-17,-10,-17,-8,-16,-8,-14,-8,-10,-9,-6,-7,-3,-4,0,-3,1,-4,3,-7,4,-8,3,-2,0,0,0,0,0,0,0,0,0,0,0,0,0,0,0,0,0,0,0,2,1,9,7,7,8,7,8,7,9,5,10,4,11,2,11,1,8,2,6,4,4,3,3,2,-2,5,-8,9,-10,13,-11,16,-12,16,-13,20,-14,26,-15,29,-12,28,-7,26,-5,22,-6,22,-9,23,-11,21,-14"
45.67224717140198,333,"CSI,881,128,83,49,21,0,4,10,10,8,16,5,18,3,18,1,19,0,18,-2,17,-4,19,-1,23,1,23,0,22,0,22,2,20,4,18,4,16,2,13,-1,9,-1,6,-1,4,-3,3,-5,2,-4,3,-5,5,-8,5,-10,1,-3,0,0,0,0,0,0,0,0,0,0,0,0,0,0,0,0,0,0,-1,1,-5,7,-8,9,-10,10,-10,7,-10,3,-10,2,-10,1,-9,1,-8,-1,-8,-2,-5,0,0,4,4,8,6,11,8,15,8,18,6,21,4,24,2,26,0,27,-2,28,-3,29,-2,28,-2,27,-2,26,0,26"
46.06610631942749,334,"CSI,4060,128,77,-47,20,0,-6,14,-3,14,3,13,8,14,10,17,12,20,11,18,8,16,9,19,14,21,14,19,14,18,13,17,11,14,10,14,10,12,10,9,11,6,9,3,6,2,6,2,8,1,7,-1,6,-4,6,-6,1,-2,0,0,0,0,0,0,0,0,0,0,0,0,0,0,0,0,0,0,-2,-2,-9,-8,-11,-10,-10,-12,-10,-13,-11,-12,-8,-11,-6,-10,-5,-10,-2,-8,-1,-4,-4,-2,-5,1,-6,4,-9,7,-12,12,-14,17,-16,18,-20,18,-26,17,-29,13,-27,13,-26,16,-26,15,-26,12,-26,9,-23,6"
46.09924101829529,335,"CSI,897,128,83,49,21,0,11,-8,7,-10,7,-13,6,-14,4,-17,1,-21,4,-23,9,-23,7,-24,2,-25,0,-24,1,-24,-1,-23,-1,-22,0,-22,-1,-19,-2,-14,-1,-11,-1,-8,-2,-5,-2,-3,-5,-2,-9,-2,-11,-1,-10,-1,-3,-1,0,0,0,0,0,0,0,0,0,0,0,0,0,0,0,0,0,0,2,1,10,8,9,10,8,12,6,13,3,12,1,11,2,11,2,11,1,8,1,4,3,1,5,-1,6,-4,10,-5,14,-6,19,-6,24,-4,28,-3,29,-4,28,-4,28,-3,29,-1,26,0,24,0,24,0,25,1"
46.13105893135071,336,"CSI,4061,128,77,-47,20,0,-9,-10,-13,-2,-15,1,-17,2,-20,3,-22,5,-21,5,-19,3,-19,4,-20,10,-21,14,-22,12,-20,8,-17,7,-15,7,-13,8,-9,9,-6,9,-5,8,-4,7,-1,5,3,4,3,7,1,8,1,7,0,1,0,0,0,0,0,0,0,0,0,0,0,0,0,0,0,0,0,0,2,-3,8,-12,9,-12,8,-11,8,-10,9,-8,10,-7,9,-7,7,-6,5,-5,2,-4,-1,-2,-4,-2,-6,-5,-9,-10,-14,-15,-17,-19,-17,-22,-18,-25,-16,-26,-14,-26,-14,-28,-12,-28,-10,-26,-10,-22,-10,-21,-7,-23"
46.17280411720276,337,"CSI,901,128,83,49,21,0,-8,-13,-10,-11,-14,-6,-17,-3,-19,-4,-20,-4,-24,-2,-30,1,-29,3,-28,2,-26,-1,-24,-4,-23,-3,-22,-2,-21,-2,-19,-1,-16,2,-12,2,-9,2,-8,3,-7,4,-4,5,-2,7,-3,7,-3,8,-1,2,0,0,0,0,0,0,0,0,0,0,0,0,0,0,0,0,0,0,1,-2,7,-5,10,-3,11,-4,12,-4,12,-3,12,-2,11,-2,9,-2,7,1,5,1,0,-3,-2,-9,-3,-13,-6,-14,-8,-17,-6,-23,-5,-29,-3,-32,-1,-33,2,-32,4,-31,4,-28,5,-25,5,-26,3,-26,2,-24"
46.378841161727905,338,"CSI,909,128,83,49,21,0,7,-13,0,-17,-3,-19,-6,-18,-10,-19,-12,-20,-22,-19,-33,-19,-26,-21,-18,-22,-16,-22,-14,-20,-11,-19,-9,-20,-12,-19,-15,-18,-12,-14,-7,-10,-8,-7,-10,-5,-10,-4,-10,-3,-9,-1,-6,1,-6,2,-2,0,0,0,0,0,0,0,0,0,0,0,0,0,0,0,0,0,0,0,3,0,13,4,12,4,13,5,14,7,11,10,9,10,7,7,5,4,3,4,4,4,6,0,5,-6,4,-10,8,-11,15,-12,16,-16,17,-19,23,-19,27,-19,27,-16,27,-15,27,-16,27,-15,25,-14,22,-12,19,-9"
46.48197102546692,339,"CSI,913,128,83,49,21,0,-18,-5,-16,0,-13,6,-14,10,-17,11,-20,12,-19,13,-14,11,-16,12,-21,14,-22,13,-21,11,-22,10,-21,9,-20,7,-18,8,-13,10,-10,9,-9,6,-9,4,-8,5,-5,7,-1,8,2,9,2,11,0,3,0,0,0,0,0,0,0,0,0,0,0,0,0,0,0,0,0,0,-2,-3,-6,-10,-6,-11,-8,-12,-7,-13,-4,-12,-1,-12,1,-13,-1,-12,-3,-9,-5,-7,-6,-5,-6,-1,-9,2,-13,1,-17,-1,-23,-2,-27,-3,-27,-6,-27,-9,-27,-12,-29,-14,-29,-17,-24,-18,-22,-19,-22,-15,-20,-8"
46.58137321472168,340,"CSI,917,128,83,49,21,0,-15,7,-12,10,-9,11,-5,14,-5,21,-4,23,-5,22,-8,24,-6,27,-3,28,-2,25,0,23,1,24,0,23,0,18,1,14,1,13,1,12,1,9,0,9,-1,7,2,5,6,3,8,1,8,1,2,0,0,0,0,0,0,0,0,0,0,0,0,0,0,0,0,0,0,0,-2,-3,-7,-10,-8,-11,-8,-12,-7,-13,-5,-14,-3,-15,-2,-13,1,-13,1,-11,0,-7,-2,-3,-5,0,-9,2,-13,4,-18,5,-24,2,-28,1,-29,2,-30,2,-30,-1,-30,-3,-32,-2,-33,-4,-33,-5,-31,-3,-28,-4"
46.682677030563354,341,"CSI,921,128,83,49,21,0,18,-5,14,-7,11,-11,9,-15,6,-17,8,-19,6,-19,2,-19,4,-20,6,-20,5,-21,4,-23,2,-22,2,-20,3,-19,1,-18,0,-15,1,-13,0,-10,-2,-8,-3,-7,-3,-5,-6,-3,-9,-3,-8,-4,-2,-1,0,0,0,0,0,0,0,0,0,0,0,0,0,0,0,0,0,0,1,2,6,9,5,10,5,12,4,13,2,12,0,11,-2,10,-2,11,-2,9,-2,2,2,-2,5,-1,7,-2,13,-4,19,-2,21,-1,23,-1,26,0,29,1,29,4,29,8,30,10,29,10,28,8,26,5,23,5"
46.72889494895935,342,"CSI,4062,128,77,-47,20,0,-6,13,-4,14,0,16,3,16,4,18,5,20,6,22,8,25,12,23,14,19,13,20,12,21,13,20,11,18,8,16,7,14,5,12,3,9,4,5,5,3,6,1,6,0,8,-1,8,-2,8,-4,2,-2,0,0,0,0,0,0,0,0,0,0,0,0,0,0,0,0,0,0,-3,1,-11,2,-11,-2,-11,-5,-12,-5,-11,-5,-9,-7,-7,-7,-6,-7,-5,-5,-4,-3,-4,0,-4,4,-4,7,-7,12,-11,15,-13,18,-15,20,-18,20,-23,19,-25,21,-23,20,-23,15,-25,12,-23,14,-22,16,-23,16"
46.76069211959839,343,"CSI,4063,128,77,-47,20,0,13,-14,9,-14,6,-13,3,-14,2,-19,3,-22,2,-26,-1,-31,-5,-30,-6,-27,-4,-25,-2,-24,-2,-24,0,-23,1,-21,0,-19,-1,-17,-1,-13,-1,-9,-2,-8,-2,-9,-4,-7,-6,-4,-8,-4,-9,-5,-3,-2,0,0,0,0,0,0,0,0,0,0,0,0,0,0,0,0,0,0,2,0,11,1,11,-1,11,0,12,4,12,6,9,7,7,7,5,7,3,7,1,7,1,2,2,-2,4,-5,6,-10,11,-14,18,-17,21,-17,23,-15,28,-15,31,-14,30,-11,29,-10,27,-9,24,-8,23,-10,24,-13"
47.09488821029663,344,"CSI,937,128,83,49,21,0,-8,-20,-10,-14,-16,-7,-22,-7,-23,-11,-24,-13,-23,-2,-17,5,-19,-4,-23,-10,-24,-8,-22,-8,-20,-8,-19,-10,-19,-11,-17,-9,-14,-6,-12,-4,-10,-3,-9,-3,-7,0,-5,1,-4,2,-4,5,-2,6,0,1,0,0,0,0,0,0,0,0,0,0,0,0,0,0,0,0,0,0,2,-3,9,-9,12,-7,13,-5,13,-5,13,-3,14,0,15,0,12,-1,8,0,6,0,5,-2,1,-3,-5,-8,-7,-15,-4,-21,-3,-23,-2,-25,-2,-28,0,-31,5,-31,6,-29,6,-29,8,-29,8,-27,8,-24,5,-22"
47.229289054870605,345,"CSI,4064,128,75,-79,20,0,12,2,13,2,15,2,16,3,18,1,19,-2,22,-4,28,-7,26,-8,22,-6,22,-4,21,-6,20,-8,20,-5,18,-2,14,0,11,-1,9,-1,7,-3,7,-3,7,-3,4,-5,1,-6,1,-7,1,-9,0,-3,0,0,0,0,0,0,0,0,0,0,0,0,0,0,0,0,0,0,-2,2,-6,10,-5,12,-7,12,-10,11,-14,10,-15,9,-10,6,-6,3,-4,4,-2,4,0,4,2,5,6,5,10,8,11,12,11,15,11,18,11,21,13,24,14,25,10,26,10,28,10,26,10,24,13,22,13,22"
47.2598671913147,346,"CSI,4065,128,75,-79,20,0,-7,14,-4,13,0,14,4,15,6,16,7,16,8,18,7,21,10,21,16,19,17,19,15,19,13,17,13,14,11,13,7,13,6,11,8,8,7,6,6,5,5,3,2,1,4,-2,6,-3,6,-4,1,-1,0,0,0,0,0,0,0,0,0,0,0,0,0,0,0,0,0,0,-4,-1,-14,-1,-13,-2,-13,-4,-12,-6,-10,-8,-11,-6,-10,-5,-8,-6,-4,-7,-4,-6,-5,-1,-3,4,-4,9,-6,11,-10,12,-15,15,-19,17,-20,18,-23,19,-27,17,-27,16,-26,16,-24,16,-20,15,-18,15,-20,15"
47.297240257263184,347,"CSI,945,128,83,49,21,0,16,-11,10,-12,8,-11,9,-12,9,-17,9,-21,13,-15,19,-11,15,-21,9,-28,6,-25,7,-20,9,-19,8,-21,6,-19,5,-14,4,-11,3,-11,1,-9,1,-7,0,-6,-2,-6,-4,-7,-7,-8,-8,-9,-2,-3,0,0,0,0,0,0,0,0,0,0,0,0,0,0,0,0,0,0,4,0,17,3,15,5,12,5,11,7,10,10,7,12,3,10,3,7,1,4,3,1,5,-1,4,-3,3,-4,8,-5,15,-9,22,-12,23,-10,22,-7,23,-5,26,-1,29,2,27,2,23,2,22,1,23,0,25,-1"
47.362914085388184,348,"CSI,1560,128,83,49,21,0,14,0,14,2,16,2,16,1,13,0,10,-1,7,-2,2,-4,0,-4,0,-4,1,-3,2,-2,1,-2,-2,-2,-3,-1,-1,-3,-2,-5,-1,-7,0,-7,-2,-6,-3,-5,-2,-5,-1,-3,-2,-4,-3,-7,-1,-3,0,0,0,0,0,0,0,0,0,0,0,0,0,0,0,0,0,0,-2,0,-7,0,-7,0,-8,-1,-8,-2,-11,-1,-10,0,-6,1,-4,2,-4,2,-4,3,-3,7,0,10,1,11,-1,13,-3,16,-4,17,-3,13,-2,12,-3,14,-4,12,-4,8,-3,6,-2,6,0,4,3,1,3,0"
47.504908084869385,349,"CSI,953,128,83,49,21,0,-7,-12,-10,-12,-11,-14,-13,-13,-15,-10,-18,-9,-20,-7,-18,-3,-19,-5,-23,-7,-23,-9,-21,-9,-21,-8,-19,-9,-17,-7,-17,-3,-14,-1,-10,-1,-11,-1,-10,0,-7,1,-6,1,-7,2,-6,3,-3,4,-1,1,0,0,0,0,0,0,0,0,0,0,0,0,0,0,0,0,0,0,0,-3,4,-11,7,-10,9,-10,11,-9,11,-6,12,-5,12,-3,10,-1,8,1,7,0,3,-3,-2,-8,-6,-12,-6,-16,-3,-19,-2,-21,-3,-23,0,-26,3,-30,4,-30,5,-29,5,-29,5,-29,7,-28,6,-25,6,-23"
47.91536521911621,350,"CSI,968,128,83,49,21,0,-7,-13,-13,-7,-15,-1,-14,0,-16,-2,-21,-2,-16,-8,-11,-15,-18,-12,-24,-4,-22,0,-19,-1,-19,-2,-20,-1,-18,-2,-15,-4,-12,-4,-11,-3,-11,-2,-12,-1,-11,-1,-8,1,-4,4,-1,6,0,7,0,2,0,0,0,0,0,0,0,0,0,0,0,0,0,0,0,0,0,0,-1,-5,1,-17,4,-14,7,-10,9,-8,12,-7,11,-8,9,-7,9,-4,7,-4,4,-5,1,-4,-2,-6,-5,-9,-8,-12,-12,-14,-15,-19,-14,-24,-10,-25,-7,-25,-3,-26,-1,-28,-2,-28,-4,-28,-4,-25,-1,-21,1,-21"
48.014286279678345,351,"CSI,972,128,83,49,21,0,-13,-10,-15,-10,-16,-5,-18,-2,-19,3,-21,6,-22,7,-22,10,-21,11,-21,10,-21,7,-22,5,-22,5,-21,6,-21,6,-20,4,-17,3,-14,2,-10,3,-8,4,-7,2,-6,3,-4,5,-1,6,-1,5,-1,1,0,0,0,0,0,0,0,0,0,0,0,0,0,0,0,0,0,0,0,-3,2,-11,6,-13,8,-12,8,-9,8,-9,7,-8,8,-7,8,-5,7,-4,2,-5,-3,-6,-6,-8,-7,-9,-7,-11,-9,-15,-13,-20,-14,-24,-13,-24,-11,-24,-10,-25,-9,-28,-7,-28,-6,-27,-6,-26,-6,-22,-9,-19"
48.13561224937439,352,"CSI,4066,128,75,-79,20,0,7,-10,6,-13,3,-14,-1,-14,-2,-17,-2,-19,-5,-23,-7,-28,-8,-26,-9,-21,-10,-18,-7,-19,-7,-21,-7,-20,-5,-20,-2,-18,-2,-13,-3,-11,-3,-9,-4,-7,-6,-5,-8,-4,-8,-2,-7,-1,-8,-1,-2,-1,0,0,0,0,0,0,0,0,0,0,0,0,0,0,0,0,0,0,3,0,12,4,12,6,12,7,12,8,10,7,7,8,4,8,3,5,3,3,4,1,6,-2,5,-3,4,-8,7,-11,13,-12,17,-12,18,-13,22,-12,24,-12,23,-12,23,-11,26,-10,24,-8,20,-5,19,-6,17,-7"
48.218146085739136,353,"CSI,980,128,83,49,21,0,12,9,12,9,12,5,13,0,16,-2,18,-4,18,-5,18,-2,21,-5,23,-9,21,-10,19,-9,17,-8,17,-7,17,-6,16,-6,15,-6,12,-6,9,-8,6,-9,3,-9,1,-9,1,-9,-2,-8,-3,-7,-1,-2,0,0,0,0,0,0,0,0,0,0,0,0,0,0,0,0,0,0,-2,2,-6,10,-7,9,-9,7,-10,5,-9,4,-9,3,-9,3,-8,4,-6,4,-4,3,-3,2,3,3,9,8,9,12,9,13,11,16,12,22,13,25,10,25,6,25,5,25,4,23,3,22,3,23,3,24,4,25"
48.923293352127075,354,"CSI,4069,128,75,-79,20,0,-14,4,-10,6,-7,11,-3,15,-3,18,-3,20,-4,20,-9,19,-9,21,-3,22,1,22,1,22,1,21,0,19,1,18,2,17,2,14,1,11,0,7,2,5,6,5,7,4,7,1,7,-1,7,-1,1,-1,0,0,0,0,0,0,0,0,0,0,0,0,0,0,0,0,0,0,-3,-3,-9,-10,-7,-12,-4,-13,-1,-13,0,-12,1,-12,1,-13,1,-12,1,-9,1,-6,-1,-3,-5,-2,-8,-1,-10,3,-14,5,-20,2,-24,0,-26,-1,-29,1,-30,0,-30,-4,-29,-9,-27,-9,-25,-6,-23,-5,-19,-6"
48.95440721511841,355,"CSI,1008,128,83,49,21,0,-2,14,1,15,7,15,10,15,9,16,11,15,14,11,17,8,18,10,16,13,14,14,13,13,15,13,17,12,15,8,13,6,10,7,8,6,7,4,6,2,5,1,4,0,4,-2,4,-4,4,-5,1,-2,0,0,0,0,0,0,0,0,0,0,0,0,0,0,0,0,0,0,-3,-1,-12,-2,-12,-5,-12,-6,-12,-6,-11,-8,-10,-9,-9,-9,-6,-8,-3,-7,-2,-5,-4,-1,-4,3,-6,7,-8,12,-9,16,-10,18,-13,19,-17,19,-18,19,-20,18,-23,17,-24,15,-24,12,-21,12,-17,14,-19,16"
49.02545213699341,356,"CSI,4070,128,77,-47,20,0,-4,-8,-5,-5,-10,-3,-15,-2,-19,0,-19,2,-19,6,-22,11,-22,10,-20,6,-21,6,-20,6,-18,5,-19,4,-20,4,-16,6,-12,5,-10,4,-9,4,-5,5,-3,5,-2,3,1,3,2,6,0,7,0,1,0,0,0,0,0,0,0,0,0,0,0,0,0,0,0,0,0,0,2,-3,9,-8,8,-5,9,-3,11,-3,13,-3,13,-3,10,-2,6,0,5,1,3,1,2,-1,0,-4,-5,-8,-7,-12,-6,-17,-4,-22,-3,-26,-1,-27,-2,-28,-2,-28,-1,-28,-2,-27,-2,-24,0,-22,0,-20,-1,-17"
49.05515432357788,357,"CSI,4071,128,77,-47,20,0,12,-5,11,-9,9,-11,6,-13,4,-16,5,-18,6,-23,6,-28,5,-28,5,-26,6,-25,6,-25,5,-21,3,-18,5,-16,6,-14,4,-14,3,-13,2,-11,0,-8,-2,-4,-4,-3,-6,-4,-8,-4,-8,-3,-2,-1,0,0,0,0,0,0,0,0,0,0,0,0,0,0,0,0,0,0,2,1,10,6,7,7,4,9,4,9,4,10,2,11,0,13,-1,10,-2,6,-2,2,0,0,4,-2,7,-4,11,-5,15,-4,20,-3,24,-1,25,0,25,0,26,3,26,5,26,6,25,7,24,5,22,2,19,2"
49.151517391204834,358,"CSI,4072,128,77,-47,20,0,8,8,10,3,11,-2,12,-6,14,-9,16,-13,21,-14,27,-16,27,-18,24,-15,21,-10,18,-9,17,-9,18,-7,19,-6,18,-6,13,-7,10,-7,9,-6,5,-5,3,-5,1,-7,-1,-8,-2,-9,-3,-10,-1,-3,0,0,0,0,0,0,0,0,0,0,0,0,0,0,0,0,0,0,0,2,0,10,-1,12,-3,13,-6,11,-8,9,-7,9,-6,8,-7,6,-6,4,-4,4,-1,3,5,1,9,1,9,4,11,6,17,10,19,13,17,14,15,18,14,23,12,26,12,25,12,22,11,20,14,19,17,17"
49.18147611618042,359,"CSI,4073,128,77,-47,20,0,-10,5,-4,8,3,14,6,15,10,15,13,16,17,14,21,15,19,15,15,14,13,13,12,14,14,14,16,14,15,14,11,14,10,12,9,8,8,3,6,1,4,1,5,-1,5,-4,3,-5,1,-6,0,-2,0,0,0,0,0,0,0,0,0,0,0,0,0,0,0,0,0,0,0,-3,1,-12,2,-13,2,-14,3,-15,5,-14,5,-11,4,-9,6,-10,7,-8,2,-4,-1,-1,-3,1,-6,4,-10,5,-14,5,-17,5,-19,4,-22,3,-27,3,-31,2,-32,-1,-31,-5,-26,-5,-24,-1,-23,1,-16,0"
49.957276344299316,360,"CSI,1048,128,83,49,21,0,-5,-8,-8,-4,-11,-1,-14,0,-16,2,-17,5,-19,7,-20,9,-19,9,-19,10,-18,8,-19,3,-21,4,-19,5,-16,5,-13,5,-11,4,-9,4,-7,7,-4,8,0,7,2,7,4,7,4,6,4,6,1,1,0,0,0,0,0,0,0,0,0,0,0,0,0,0,0,0,0,0,2,-1,10,-3,12,0,12,4,10,5,10,5,9,4,5,3,2,3,2,2,1,0,-1,-4,-1,-11,-1,-15,-1,-15,0,-16,3,-20,5,-25,5,-25,6,-25,8,-27,8,-28,8,-29,8,-29,8,-26,9,-23,12,-19"
50.5480420589447,361,"CSI,4074,128,77,-47,20,0,1,-10,-3,-8,-9,-7,-14,-8,-16,-9,-18,-8,-21,-4,-23,0,-24,-3,-23,-5,-22,-6,-22,-6,-21,-4,-20,-2,-18,-2,-17,-3,-14,-3,-11,1,-9,3,-8,3,-6,3,-4,3,-3,5,-3,7,-2,8,-1,2,0,0,0,0,0,0,0,0,0,0,0,0,0,0,0,0,0,0,2,0,10,1,11,1,11,5,10,8,9,9,9,9,8,7,5,6,2,7,1,4,0,-1,-2,-6,0,-9,4,-10,6,-13,8,-18,10,-21,14,-23,18,-22,20,-22,20,-22,19,-20,17,-20,16,-19,14,-17,9,-11"
50.70877122879028,362,"CSI,4075,128,75,-79,20,0,8,8,11,3,12,-1,14,-1,15,-2,19,-5,20,-3,18,-2,20,-4,22,-8,23,-12,22,-12,20,-9,18,-9,16,-8,14,-5,11,-5,8,-6,6,-6,6,-7,6,-9,4,-8,0,-8,-4,-7,-7,-6,-3,-2,0,0,0,0,0,0,0,0,0,0,0,0,0,0,0,0,0,0,-1,1,-6,6,-9,7,-11,6,-12,3,-12,1,-11,0,-9,-2,-8,-3,-6,-2,-4,-1,-2,2,3,5,6,7,5,9,7,13,7,17,6,20,6,23,5,26,4,27,4,27,2,26,0,26,-1,25,-4,22,-2,19"
50.73940825462341,363,"CSI,4076,128,75,-79,20,0,7,6,9,0,10,-4,10,-7,11,-9,13,-12,20,-14,25,-15,22,-18,16,-19,14,-19,12,-20,14,-15,16,-10,15,-8,10,-7,6,-8,4,-9,3,-8,2,-7,-1,-5,-4,-5,-7,-6,-9,-5,-8,-4,-2,-1,0,0,0,0,0,0,0,0,0,0,0,0,0,0,0,0,0,0,-1,0,-6,4,-11,8,-13,7,-14,2,-11,-2,-9,-2,-10,-1,-10,-2,-8,-2,-5,0,-2,0,1,3,4,8,4,13,5,16,9,19,9,22,8,21,9,23,5,25,1,26,1,26,2,26,3,23,5,20,7,19"
50.770392179489136,364,"CSI,1692,128,83,49,21,0,-17,-7,-16,-11,-15,-14,-14,-11,-11,-10,-9,-11,-8,-8,-3,-4,0,-6,-2,-11,-5,-10,-5,-6,-4,-2,-4,0,-5,-1,-6,-2,-9,0,-9,1,-7,-1,-5,-1,-3,0,-3,1,-6,-1,-6,-2,-4,-3,-1,-1,0,0,0,0,0,0,0,0,0,0,0,0,0,0,0,0,0,0,0,-2,2,-7,3,-6,4,-7,3,-8,3,-6,3,-3,3,-3,2,-4,1,-3,0,-3,-3,-4,-6,-5,-5,-9,-6,-13,-4,-15,0,-16,0,-16,0,-14,2,-12,3,-11,3,-10,2,-9,1,-7,-3,-4,-7,-6,-9,-6"
50.84646201133728,365,"CSI,1697,128,83,49,21,0,-18,-12,-19,-12,-19,-12,-15,-13,-13,-11,-12,-9,-11,-5,-13,-3,-11,-5,-9,-4,-7,-1,-4,-1,-5,-1,-7,3,-8,3,-8,2,-8,4,-6,4,-6,3,-5,3,-5,4,-6,4,-6,4,-5,4,-5,5,-2,1,0,0,0,0,0,0,0,0,0,0,0,0,0,0,0,0,0,0,2,-2,7,-5,6,-3,6,-1,6,-3,5,-2,3,0,3,0,1,1,-1,2,-1,-2,0,-7,0,-10,2,-12,2,-13,1,-11,1,-12,2,-14,3,-14,5,-15,5,-14,3,-11,0,-10,-3,-8,-5,-7,-6,-6,-8,-5"
50.89250111579895,366,"CSI,4077,128,75,-79,20,0,-9,5,-5,7,-3,9,1,13,2,17,1,19,6,20,13,19,11,17,7,17,6,19,5,22,4,23,3,21,4,18,3,15,2,11,3,6,5,3,6,2,7,2,7,0,6,-2,6,-4,8,-6,2,-2,0,0,0,0,0,0,0,0,0,0,0,0,0,0,0,0,0,0,-2,-2,-8,-8,-7,-9,-5,-10,-3,-10,-2,-10,-1,-9,0,-9,2,-8,2,-6,0,-4,-3,0,-6,5,-10,7,-14,8,-18,9,-20,9,-23,8,-27,8,-31,5,-30,3,-28,0,-26,-2,-22,-2,-21,1,-20,2,-19,3"
50.92326807975769,367,"CSI,3405,128,75,-79,20,0,-6,19,-10,20,-12,22,-12,21,-10,18,-8,17,-9,13,-11,4,-10,3,-8,7,-4,7,0,5,2,4,4,4,4,4,3,6,3,7,4,7,4,6,4,4,5,1,6,1,6,1,4,0,2,1,0,0,0,0,0,0,0,0,0,0,0,0,0,0,0,0,0,0,0,0,-1,-3,-3,-8,-1,-8,0,-7,-1,-7,-1,-6,-1,-6,-2,-4,-3,0,-5,1,-8,1,-8,0,-10,1,-12,1,-12,-1,-13,-2,-16,-3,-18,-3,-18,-2,-16,-3,-13,-6,-12,-6,-12,-2,-11,2,-9,4,-7,8,-5,9"
50.99930810928345,368,"CSI,4078,128,77,-47,20,0,-7,-10,-14,-5,-16,-5,-16,-5,-18,-2,-21,0,-23,4,-23,7,-23,2,-23,-2,-23,-2,-23,-1,-23,1,-21,0,-20,-2,-18,-2,-16,-1,-11,0,-6,0,-6,0,-6,3,-5,4,-4,3,-2,5,-2,8,-1,2,0,0,0,0,0,0,0,0,0,0,0,0,0,0,0,0,0,0,1,-3,6,-9,7,-7,8,-6,10,-5,10,-5,8,-3,7,1,7,2,5,0,2,-4,0,-6,-4,-7,-6,-8,-8,-10,-8,-14,-5,-20,-3,-24,-4,-26,-5,-27,-5,-28,-3,-28,2,-26,4,-26,1,-24,-1,-24,-2,-25"
51.0328631401062,369,"CSI,4079,128,77,-47,20,0,-3,-14,-5,-12,-9,-10,-15,-8,-19,-7,-21,-6,-19,-5,-16,-6,-16,-7,-17,-7,-20,-7,-23,-7,-22,-6,-19,-8,-17,-10,-16,-7,-13,-4,-10,-5,-9,-3,-8,0,-7,1,-5,2,-3,3,-2,3,-1,4,-1,1,0,0,0,0,0,0,0,0,0,0,0,0,0,0,0,0,0,0,1,-2,5,-8,7,-8,9,-6,12,-4,11,-3,10,-1,8,-1,5,0,5,0,4,-1,-1,-4,-4,-6,-7,-10,-8,-14,-5,-20,-4,-25,-2,-27,3,-28,6,-31,6,-31,8,-28,12,-26,13,-26,11,-26,6,-23,2,-20"
51.15186524391174,370,"CSI,1708,128,83,49,21,0,6,-17,6,-18,9,-17,10,-16,11,-14,12,-12,8,-6,4,-1,5,-4,5,-6,2,-3,0,-4,-1,-6,-1,-5,-2,-4,-4,-4,-6,-3,-6,-3,-5,-6,-3,-5,-1,-3,-1,-5,-1,-7,0,-6,-2,-4,-1,-1,0,0,0,0,0,0,0,0,0,0,0,0,0,0,0,0,0,0,1,1,6,4,6,3,4,3,3,4,2,4,1,4,1,4,2,3,3,1,4,0,6,-2,7,-6,8,-9,10,-6,13,-2,16,-4,15,-5,14,-3,16,-1,16,1,15,1,11,0,6,-2,7,-3,7,-6,4,-8"
51.42353415489197,371,"CSI,4080,128,75,-79,20,0,-12,3,-8,7,-2,9,2,12,4,16,4,20,5,24,8,26,8,23,6,21,5,18,5,16,5,18,6,19,5,18,4,15,4,13,4,9,4,6,5,4,5,2,4,2,3,2,4,-1,4,-4,1,-2,0,0,0,0,0,0,0,0,0,0,0,0,0,0,0,0,0,0,-3,-2,-9,-7,-7,-9,-5,-13,-4,-14,-2,-13,-1,-13,1,-12,1,-9,1,-6,1,-4,0,-2,-4,1,-8,4,-11,6,-15,8,-20,5,-25,2,-28,3,-31,3,-33,0,-34,-2,-32,-2,-27,-2,-25,-2,-23,-2,-20,0"
52.99504518508911,372,"CSI,4083,128,75,-79,20,0,-2,-14,-4,-10,-7,-5,-11,-3,-16,-6,-21,-6,-25,-3,-28,-2,-27,-1,-24,2,-21,1,-18,0,-19,1,-22,0,-22,-3,-16,-4,-12,-3,-9,-2,-6,1,-4,4,-4,3,-4,4,-3,6,0,7,1,9,0,2,0,0,0,0,0,0,0,0,0,0,0,0,0,0,0,0,0,0,3,-2,12,-4,13,-2,14,1,13,1,10,1,10,3,10,6,7,5,3,1,0,0,0,-1,0,-4,-1,-7,0,-10,2,-14,3,-19,3,-22,7,-25,10,-28,10,-30,11,-29,11,-28,8,-26,6,-22,6,-19,6,-18"
53.337592124938965,373,"CSI,1180,128,83,49,21,0,0,15,5,10,8,11,9,15,11,17,16,18,16,15,6,11,5,13,13,18,16,21,18,20,16,16,10,13,7,13,7,15,5,14,2,15,1,14,4,9,6,7,6,6,5,2,5,-1,4,1,0,0,0,0,0,0,0,0,0,0,0,0,0,0,0,0,0,0,0,0,1,3,5,13,3,13,-1,13,-5,14,-6,12,-8,11,-9,9,-8,5,-6,3,-5,4,-3,5,0,5,3,5,9,6,10,10,9,15,8,20,11,20,11,21,5,26,0,29,-1,27,-2,25,-3,27,-1,28,2,28"
54.220582246780396,374,"CSI,1828,128,83,49,21,0,8,10,6,12,5,17,3,18,3,15,4,12,5,8,5,3,2,4,-3,5,-2,5,0,3,0,1,1,0,1,1,3,3,5,4,5,1,4,-2,5,0,5,2,4,4,5,5,5,4,4,3,1,0,0,0,0,0,0,0,0,0,0,0,0,0,0,0,0,0,0,0,-1,1,-2,5,-3,4,-5,4,-4,3,-3,3,-2,4,-1,3,0,1,2,1,3,2,4,2,5,3,5,4,1,7,-1,10,2,11,4,7,3,6,0,10,-2,13,-2,11,-2,7,-1,6,2,5,4,4,6,3"
54.318732023239136,375,"CSI,4084,128,77,-47,20,0,12,-10,8,-12,3,-13,1,-17,1,-20,0,-21,-3,-24,-4,-29,-3,-29,-3,-24,-4,-22,-2,-22,0,-23,1,-22,1,-19,-1,-17,-3,-15,-4,-13,-4,-10,-5,-10,-4,-8,-5,-6,-6,-5,-7,-4,-6,-3,-2,-1,0,0,0,0,0,0,0,0,0,0,0,0,0,0,0,0,0,0,2,0,10,3,8,5,7,9,7,12,4,12,2,10,1,6,0,6,-2,5,-2,3,0,0,4,-3,8,-5,11,-5,14,-8,16,-12,19,-11,23,-8,26,-5,27,-3,30,-3,28,-5,24,-1,22,2,20,-3,18,-7"
54.363975286483765,376,"CSI,1220,128,83,49,21,0,8,1,9,-2,12,-4,16,-6,16,-9,16,-10,16,-10,14,-15,16,-17,17,-16,16,-15,15,-15,15,-16,13,-16,13,-12,12,-10,10,-9,8,-8,8,-8,7,-7,5,-8,2,-9,-1,-8,-3,-6,-6,-6,-2,-2,0,0,0,0,0,0,0,0,0,0,0,0,0,0,0,0,0,0,0,2,-1,8,-3,10,-7,10,-9,10,-8,9,-8,8,-7,5,-5,3,-5,4,-4,4,0,4,4,3,6,1,10,3,16,9,17,15,15,17,15,19,15,20,13,21,13,21,13,21,11,19,9,16,9,14,10,12"
54.46509528160095,377,"CSI,1224,128,83,49,21,0,10,-1,10,-5,10,-11,9,-14,7,-16,6,-16,4,-15,0,-17,5,-17,10,-17,10,-18,8,-17,7,-19,6,-20,6,-18,6,-16,4,-12,3,-9,2,-9,0,-9,-2,-8,-4,-6,-5,-5,-6,-4,-6,-5,-2,-2,0,0,0,0,0,0,0,0,0,0,0,0,0,0,0,0,0,0,1,1,4,6,5,7,4,8,2,9,1,11,0,11,1,8,1,6,2,5,2,3,4,2,5,3,7,2,11,0,16,-2,22,-2,22,-1,22,0,26,1,27,6,27,9,25,10,25,11,25,11,21,8,14,3"
54.571009159088135,378,"CSI,1228,128,83,49,21,0,-9,-11,-12,-8,-14,-5,-19,-2,-20,1,-19,3,-20,0,-19,-3,-19,-3,-21,0,-20,1,-19,2,-19,3,-20,3,-17,2,-15,1,-12,1,-9,1,-7,2,-7,3,-7,5,-5,6,-5,5,-4,6,-4,7,-1,2,0,0,0,0,0,0,0,0,0,0,0,0,0,0,0,0,0,0,0,-3,3,-11,5,-12,6,-11,7,-10,7,-9,7,-8,8,-6,9,-6,7,-6,2,-4,-2,-3,-3,-6,-6,-9,-10,-10,-13,-12,-13,-15,-12,-19,-11,-21,-11,-23,-8,-25,-5,-29,-5,-29,-3,-27,-2,-26,-3,-25,-3,-22"
54.77589130401611,379,"CSI,1236,128,83,49,21,0,5,-11,3,-12,0,-13,-7,-13,-9,-15,-9,-17,-10,-19,-9,-25,-10,-25,-10,-21,-9,-18,-11,-16,-11,-17,-8,-19,-8,-18,-9,-14,-7,-12,-6,-9,-7,-7,-7,-7,-6,-7,-5,-5,-6,-3,-8,-1,-9,0,-3,0,0,0,0,0,0,0,0,0,0,0,0,0,0,0,0,0,0,0,3,-1,11,-4,10,-4,11,-3,13,0,12,3,9,4,7,5,5,5,4,5,4,2,3,-2,3,-8,4,-14,3,-17,3,-19,8,-19,13,-21,15,-21,15,-21,17,-22,19,-19,23,-14,24,-14,23,-17,19,-18,16,-19"
55.00073719024658,380,"CSI,4085,128,101,80,6,0,-12,-12,-13,-5,-14,0,-15,1,-18,-1,-19,0,-22,-1,-26,-3,-27,1,-25,4,-22,2,-21,0,-21,-1,-19,0,-17,0,-16,0,-13,2,-10,4,-7,6,-8,7,-9,5,-6,3,-4,3,-4,5,-2,7,-1,2,0,0,0,0,0,0,0,0,0,0,0,0,0,0,0,0,0,0,1,-3,5,-12,4,-13,3,-12,7,-9,10,-8,10,-7,8,-3,5,-2,3,-2,2,-1,-2,0,-7,-2,-9,-6,-11,-9,-12,-13,-15,-19,-16,-22,-13,-23,-10,-25,-9,-27,-7,-28,-6,-29,-6,-27,-6,-22,-6,-20,-7,-17"
55.08381700515747,381,"CSI,1248,128,83,49,21,0,-12,-6,-14,-3,-16,-1,-19,2,-19,5,-19,8,-16,12,-11,13,-12,11,-16,11,-17,11,-18,11,-18,10,-17,11,-17,13,-16,12,-11,10,-5,9,-5,9,-5,7,-4,6,-4,6,-1,5,3,4,3,4,0,1,0,0,0,0,0,0,0,0,0,0,0,0,0,0,0,0,0,0,0,-3,2,-10,5,-11,7,-13,8,-11,8,-9,9,-8,8,-5,4,-3,2,-2,0,-1,-4,-1,-9,0,-12,-2,-14,-7,-16,-9,-19,-13,-20,-18,-20,-20,-17,-23,-16,-22,-17,-20,-15,-23,-10,-26,-9,-26,-11,-22,-10,-17"
55.18253016471863,382,"CSI,1252,128,83,49,21,0,8,12,10,8,11,4,14,1,17,2,20,3,20,-1,17,-5,18,-4,18,-3,17,-4,19,-3,20,-3,20,-4,17,-2,15,-1,13,-4,7,-4,4,-4,4,-5,5,-4,3,-3,2,-3,0,-4,-2,-6,-1,-2,0,0,0,0,0,0,0,0,0,0,0,0,0,0,0,0,0,0,-3,1,-10,6,-13,4,-13,2,-13,1,-13,1,-10,-2,-8,-6,-9,-6,-6,-2,0,0,2,1,3,5,5,10,6,14,5,16,3,19,1,22,-1,27,-2,29,-4,28,-5,27,-7,28,-6,28,-4,27,-4,24,-5,18"
55.28990316390991,383,"CSI,1256,128,83,49,21,0,5,-12,0,-11,-2,-12,-4,-14,-6,-16,-6,-17,-12,-15,-17,-13,-16,-16,-13,-16,-13,-15,-14,-16,-13,-16,-11,-16,-11,-16,-10,-15,-9,-14,-11,-12,-11,-10,-8,-6,-5,-3,-6,-1,-6,2,-6,3,-4,4,-1,1,0,0,0,0,0,0,0,0,0,0,0,0,0,0,0,0,0,0,2,0,9,3,9,5,11,6,10,7,6,9,4,9,4,8,3,5,3,5,3,3,2,-2,3,-6,7,-9,10,-14,10,-18,11,-17,14,-14,17,-14,21,-15,24,-16,26,-17,27,-15,27,-12,27,-15,24,-13,21,-9"
55.32330822944641,384,"CSI,4086,128,77,-47,20,0,0,-13,-3,-12,-8,-11,-13,-13,-15,-14,-16,-11,-18,-7,-19,-4,-19,-7,-20,-10,-20,-10,-20,-7,-19,-5,-19,-3,-22,-3,-21,-4,-15,-6,-10,-4,-8,-1,-8,-1,-7,-2,-6,1,-4,4,-1,5,2,7,0,2,0,0,0,0,0,0,0,0,0,0,0,0,0,0,0,0,0,0,1,1,6,6,6,10,6,13,5,13,3,11,-1,9,-3,7,-2,7,-2,7,-2,3,1,-1,5,-6,7,-10,9,-11,13,-13,16,-15,18,-15,20,-17,23,-19,26,-17,26,-13,23,-12,23,-13,23,-15,19,-13,18,-8"
55.353310108184814,385,"CSI,4087,128,77,-47,20,0,10,6,11,4,15,0,17,-3,15,-5,16,-8,16,-8,12,-6,13,-6,17,-9,18,-12,17,-14,17,-13,17,-11,16,-11,13,-10,10,-7,7,-7,5,-8,5,-7,5,-7,2,-7,-2,-5,-4,-4,-3,-7,-1,-2,0,0,0,0,0,0,0,0,0,0,0,0,0,0,0,0,0,0,-1,2,-4,10,-5,9,-8,8,-12,7,-12,6,-10,5,-10,4,-8,2,-6,-1,-4,0,-1,1,3,2,7,4,9,9,9,13,11,15,13,18,13,20,10,21,9,23,7,25,8,24,7,23,5,25,7,26,8,25"
55.73574614524841,386,"CSI,4088,128,75,-79,20,0,-10,5,-4,8,2,12,7,15,6,18,6,21,5,22,2,20,3,20,7,24,7,24,10,20,9,19,5,18,5,16,5,14,3,12,2,10,4,7,6,5,5,3,4,1,5,-2,6,-3,5,-5,1,-2,0,0,0,0,0,0,0,0,0,0,0,0,0,0,0,0,0,0,-4,-1,-14,-4,-14,-6,-12,-8,-10,-8,-8,-8,-5,-9,-4,-9,-3,-8,-1,-7,-2,-4,-3,1,-4,5,-6,10,-8,13,-12,14,-16,13,-21,13,-25,13,-26,15,-25,15,-27,11,-28,5,-30,5,-29,8,-24,10,-21,13"
56.10584616661072,387,"CSI,1288,128,83,49,21,0,-6,12,-2,14,2,16,6,17,10,21,11,22,13,18,20,17,21,17,18,17,16,17,14,15,13,15,13,15,12,12,12,12,12,12,9,7,7,2,5,1,3,0,2,-1,3,-2,3,-3,1,-5,0,-2,0,0,0,0,0,0,0,0,0,0,0,0,0,0,0,0,0,0,-2,-2,-8,-8,-10,-9,-9,-12,-7,-13,-6,-15,-4,-16,-2,-14,0,-12,0,-6,-3,-2,-3,0,-4,3,-6,7,-9,10,-12,12,-17,14,-21,13,-23,13,-24,12,-27,11,-30,10,-29,8,-27,4,-26,5,-23,8,-21,9"
56.311635971069336,388,"CSI,1296,128,83,49,21,0,-14,-13,-12,-9,-11,-3,-14,2,-19,3,-24,4,-16,8,-5,8,-13,7,-23,5,-25,4,-25,2,-21,2,-18,4,-18,4,-18,2,-15,2,-13,3,-12,6,-8,7,-6,7,-5,6,-3,5,-1,5,1,8,0,2,0,0,0,0,0,0,0,0,0,0,0,0,0,0,0,0,0,0,0,-3,3,-10,5,-10,9,-10,11,-9,10,-8,9,-5,7,-2,5,-1,5,-4,3,-5,-3,-5,-8,-8,-12,-13,-11,-15,-10,-17,-13,-21,-13,-25,-10,-29,-9,-29,-9,-28,-9,-29,-7,-29,-4,-28,-4,-27,-6,-23,-7,-21"
56.61778926849365,389,"CSI,1308,128,83,49,21,0,-4,15,-2,13,1,11,5,12,9,17,15,19,11,10,2,2,7,10,14,20,14,21,11,19,11,16,15,13,15,15,10,16,5,14,5,10,7,6,6,4,7,4,10,2,9,-2,7,-3,9,-4,2,-1,0,0,0,0,0,0,0,0,0,0,0,0,0,0,0,0,0,0,-4,0,-15,3,-16,2,-16,2,-14,1,-13,-3,-11,-7,-11,-7,-11,-8,-8,-8,-6,-6,-3,-1,1,4,3,8,-1,12,-6,16,-10,22,-15,23,-18,20,-19,20,-21,21,-21,20,-21,18,-21,18,-20,19,-18,19,-17,17"
56.720561265945435,390,"CSI,1311,128,83,49,21,0,-2,-16,-6,-15,-8,-13,-10,-13,-13,-13,-15,-13,-20,-11,-22,-10,-19,-13,-19,-15,-19,-13,-20,-13,-19,-13,-16,-11,-14,-10,-14,-11,-12,-9,-9,-5,-8,-3,-7,-3,-6,-1,-7,0,-8,2,-7,4,-8,4,-3,1,0,0,0,0,0,0,0,0,0,0,0,0,0,0,0,0,0,0,1,-2,8,-6,10,-4,11,-4,12,-4,12,-3,11,-2,10,-1,9,0,6,0,2,-2,0,-5,-2,-7,-3,-11,-3,-16,-1,-20,1,-24,1,-28,4,-29,8,-30,11,-29,12,-29,11,-29,11,-29,13,-28,12,-25,9,-23"
57.127947092056274,391,"CSI,1328,128,83,49,21,0,4,6,8,2,12,-3,12,-5,15,-3,19,-3,17,-5,14,-8,16,-9,19,-8,19,-9,18,-9,17,-8,15,-8,14,-8,14,-5,13,-5,8,-7,3,-7,1,-4,1,-4,0,-6,-1,-6,-3,-5,-4,-7,-2,-2,0,0,0,0,0,0,0,0,0,0,0,0,0,0,0,0,0,0,-2,1,-8,6,-10,6,-10,5,-11,4,-12,3,-12,3,-11,4,-10,5,-7,3,-4,2,-1,5,2,7,4,10,6,13,8,17,10,19,9,22,6,27,4,30,2,30,2,28,1,27,1,27,2,25,1,22,0,20"
58.052677154541016,392,"CSI,1364,128,83,49,21,0,-4,-17,-7,-14,-7,-11,-9,-10,-12,-11,-15,-14,-16,-14,-16,-7,-16,-5,-15,-9,-16,-12,-17,-12,-18,-10,-18,-7,-16,-8,-16,-9,-16,-8,-13,-5,-9,-3,-6,-1,-5,-1,-4,1,-2,4,-3,7,-5,7,-2,1,0,0,0,0,0,0,0,0,0,0,0,0,0,0,0,0,0,0,3,-1,13,-1,11,0,10,4,10,5,9,4,7,4,5,6,3,5,2,3,3,0,1,-3,1,-7,3,-12,4,-17,6,-21,9,-24,13,-24,16,-23,19,-25,21,-23,22,-19,21,-18,18,-19,16,-18,14,-16,8,-16"
58.52568817138672,393,"CSI,1997,128,83,49,21,0,-16,-10,-15,-12,-12,-12,-10,-11,-9,-11,-9,-11,-11,-10,-12,-7,-10,-6,-7,-6,-4,-4,-4,-3,-7,-1,-7,1,-6,3,-7,4,-6,5,-4,5,-3,4,-1,5,-1,6,-2,7,-2,6,-5,4,-5,1,-2,0,0,0,0,0,0,0,0,0,0,0,0,0,0,0,0,0,0,0,0,1,3,4,3,4,2,4,2,3,3,2,3,1,4,1,3,0,2,-3,4,-4,4,-3,5,-4,8,-7,7,-9,5,-8,7,-9,9,-11,9,-9,7,-7,5,-6,5,-4,3,-5,1,-5,1,-5,-1,-7,-1,-9"
59.59110617637634,394,"CSI,1424,128,83,49,21,0,-16,-2,-17,1,-16,2,-16,5,-17,13,-16,17,-15,14,-11,11,-11,11,-14,14,-15,16,-15,15,-12,15,-10,15,-11,15,-12,14,-8,13,-5,12,-5,11,-4,11,-2,8,2,4,7,3,7,3,5,2,0,0,0,0,0,0,0,0,0,0,0,0,0,0,0,0,0,0,0,0,1,-3,5,-12,7,-11,8,-9,9,-7,9,-5,7,-3,7,-3,7,-2,6,0,3,-1,-2,-1,-7,-3,-11,-8,-14,-12,-15,-13,-15,-15,-17,-18,-20,-20,-18,-23,-15,-24,-17,-25,-17,-23,-15,-21,-14,-21,-12,-23,-9,-25"
59.623040199279785,395,"CSI,4090,128,77,-47,20,0,3,-2,-5,1,-12,5,-19,9,-25,10,-28,10,-28,8,-28,6,-29,5,-29,8,-23,12,-15,14,-11,14,-9,13,-10,13,-10,14,-8,13,-7,11,-4,8,0,4,3,1,4,-2,5,-5,7,-6,10,-6,2,-2,0,0,0,0,0,0,0,0,0,0,0,0,0,0,0,0,0,0,-3,3,-10,12,-12,10,-14,9,-14,8,-13,5,-12,5,-10,5,-7,3,-3,2,-1,0,0,-5,7,-12,13,-16,17,-15,23,-15,29,-13,31,-12,33,-11,34,-10,32,-9,31,-9,29,-9,25,-10,22,-14,21,-16,20,-17"
59.68980312347412,396,"CSI,1428,128,83,49,21,0,-5,11,-1,11,3,13,7,15,8,18,9,16,10,18,9,24,11,22,14,19,13,18,12,19,12,19,11,18,7,18,6,19,7,17,7,11,5,7,2,5,1,3,3,3,5,2,6,-1,6,-1,1,-1,0,0,0,0,0,0,0,0,0,0,0,0,0,0,0,0,0,0,-3,0,-14,1,-15,0,-14,-1,-12,-2,-12,-2,-11,-2,-8,-2,-7,-2,-6,-1,-4,0,-1,2,-1,6,-4,9,-8,11,-10,13,-13,19,-15,22,-17,21,-21,21,-22,20,-21,16,-21,14,-22,16,-24,17,-19,16,-14,14"
60.24791216850281,397,"CSI,4091,128,77,-47,20,0,9,8,14,5,16,2,15,-1,17,-5,20,-6,21,-9,25,-14,24,-16,20,-15,17,-13,15,-11,16,-11,16,-13,12,-13,11,-9,8,-7,3,-8,3,-8,2,-7,-2,-5,-4,-3,-4,-4,-6,-5,-8,-4,-3,-1,0,0,0,0,0,0,0,0,0,0,0,0,0,0,0,0,0,0,-3,0,-12,3,-13,1,-12,-1,-11,-4,-9,-6,-9,-6,-8,-6,-6,-5,-3,-6,-1,-6,1,-2,2,2,6,6,5,10,4,16,5,22,5,26,1,28,-2,29,-3,31,-4,31,-5,28,-6,25,-5,23,-4,19,-5,14"
60.316219329833984,398,"CSI,4092,128,77,-47,20,0,-6,10,-3,10,4,12,10,15,10,16,11,14,17,14,21,18,21,17,19,11,18,10,17,10,16,9,15,8,13,8,11,7,11,4,11,3,8,1,7,-3,6,-5,4,-4,4,-4,4,-6,2,-7,0,-2,0,0,0,0,0,0,0,0,0,0,0,0,0,0,0,0,0,0,-2,-3,-7,-11,-5,-11,-2,-11,0,-13,0,-14,-1,-14,0,-12,2,-9,4,-4,4,1,1,4,-4,5,-7,7,-12,9,-19,10,-22,10,-25,9,-27,7,-28,5,-31,5,-31,4,-28,2,-27,2,-28,4,-24,6,-20,8"
60.34780716896057,399,"CSI,4093,128,77,-47,20,0,3,-12,-1,-15,-5,-13,-8,-11,-11,-15,-12,-19,-11,-23,-8,-25,-10,-23,-14,-23,-17,-24,-18,-20,-16,-15,-14,-15,-11,-12,-8,-8,-6,-7,-7,-8,-6,-6,-3,-4,-4,-4,-6,0,-6,4,-5,5,-2,5,0,1,0,0,0,0,0,0,0,0,0,0,0,0,0,0,0,0,0,0,1,1,8,5,11,5,7,7,2,8,3,7,3,8,-1,8,-1,5,1,4,1,1,1,-2,1,-5,4,-9,8,-12,14,-13,19,-15,23,-15,27,-13,29,-12,28,-10,28,-8,28,-6,26,-4,23,-6,20,-9,15,-10"
60.73028612136841,400,"CSI,4094,128,75,-79,20,0,-1,-11,-5,-9,-8,-6,-10,-4,-16,-5,-22,-4,-22,-2,-18,-2,-19,-4,-22,-6,-24,-5,-22,-4,-19,-2,-18,-2,-18,-1,-17,-2,-12,-4,-8,-3,-7,0,-5,2,-3,4,-1,6,-1,9,-1,11,-1,12,0,3,0,0,0,0,0,0,0,0,0,0,0,0,0,0,0,0,0,0,2,1,10,4,10,6,9,9,7,9,6,9,5,10,4,10,3,8,0,7,-1,3,0,-2,3,-5,4,-8,5,-11,7,-14,10,-16,12,-17,13,-18,15,-20,18,-22,22,-21,23,-20,20,-19,17,-18,14,-16,12,-16"
61.021995067596436,401,"CSI,1480,128,83,49,21,0,8,-9,3,-9,-1,-8,-7,-11,-13,-15,-15,-15,-15,-14,-15,-19,-17,-21,-20,-16,-18,-11,-17,-12,-19,-15,-17,-15,-14,-12,-13,-7,-13,-3,-12,-3,-9,-3,-8,-3,-8,-1,-5,2,-4,4,-3,6,-1,5,0,1,0,0,0,0,0,0,0,0,0,0,0,0,0,0,0,0,0,0,2,1,9,5,9,6,9,7,7,8,5,10,4,12,2,11,1,9,1,7,2,4,1,-1,1,-5,3,-8,5,-13,8,-15,12,-15,15,-16,18,-17,23,-17,25,-16,27,-17,28,-16,25,-12,22,-10,18,-9,16,-7"
61.32970118522644,402,"CSI,1492,128,83,49,21,0,6,-9,2,-10,-3,-12,-8,-12,-12,-11,-15,-12,-14,-12,-12,-9,-11,-12,-13,-15,-15,-14,-15,-15,-15,-15,-13,-12,-12,-10,-13,-10,-13,-9,-12,-7,-11,-5,-10,-1,-8,1,-6,3,-5,5,-6,5,-7,5,-2,1,0,0,0,0,0,0,0,0,0,0,0,0,0,0,0,0,0,0,2,0,7,2,6,5,6,6,7,6,7,8,4,12,0,12,-1,9,0,5,1,3,2,2,1,-2,3,-8,6,-12,9,-13,12,-15,14,-16,17,-18,21,-18,24,-17,24,-15,23,-12,22,-10,21,-14,19,-15,17,-12"
61.53005814552307,403,"CSI,1499,128,83,49,21,0,5,9,9,7,11,5,15,3,17,1,17,-3,20,-5,26,-5,25,-6,23,-5,22,-5,21,-6,19,-4,17,-3,17,-2,15,-2,12,-2,10,-3,9,-5,8,-7,5,-6,1,-4,-1,-5,-2,-6,-4,-8,-1,-3,0,0,0,0,0,0,0,0,0,0,0,0,0,0,0,0,0,0,-3,0,-12,1,-13,2,-12,2,-10,0,-10,-2,-11,-1,-9,-1,-5,-3,-3,-4,-3,-2,-2,0,0,2,3,7,5,13,6,17,5,21,1,25,-2,28,-2,29,-1,28,-3,28,-7,27,-7,23,-5,20,-2,20,-1,19"
61.6985023021698,404,"CSI,2121,128,83,49,21,0,9,-10,12,-8,14,-7,13,-8,12,-9,10,-9,7,-10,6,-12,6,-10,6,-6,5,-6,4,-6,3,-4,-1,-5,-2,-7,1,-6,0,-4,-3,-4,-2,-6,-1,-5,-3,-4,-4,-5,-4,-6,-2,-6,1,-6,0,-2,0,0,0,0,0,0,0,0,0,0,0,0,0,0,0,0,0,0,-1,0,-2,2,-2,2,-1,4,0,3,1,0,1,-1,1,0,2,1,3,2,4,2,4,2,4,3,3,3,6,5,10,8,12,9,11,8,8,6,5,3,4,3,5,2,6,2,7,1,8,-1,6,-4,5,-7"
62.04401421546936,405,"CSI,1520,128,83,49,21,0,-6,6,0,7,7,8,9,9,12,10,16,13,9,9,2,1,11,7,19,12,19,7,16,5,16,3,18,0,19,-3,16,-5,11,-5,6,-5,4,-4,3,-4,0,-5,-4,-8,-6,-8,-5,-6,-5,-6,-2,-2,0,0,0,0,0,0,0,0,0,0,0,0,0,0,0,0,0,0,1,-3,6,-9,6,-4,7,0,8,1,9,0,8,-3,8,-2,7,-1,7,0,6,0,3,1,-2,2,-6,0,-11,-2,-16,-3,-19,-5,-20,-8,-21,-9,-24,-10,-25,-11,-23,-12,-19,-13,-15,-12,-16,-10,-18,-9,-17,-8"
62.61276316642761,406,"CSI,3,128,77,-47,20,0,-13,-2,-14,1,-10,4,-8,8,-9,13,-9,14,-14,14,-23,15,-23,18,-19,19,-16,17,-13,17,-13,16,-13,16,-9,14,-6,11,-7,10,-7,9,-4,6,-1,4,0,4,3,4,7,2,8,1,8,2,2,0,0,0,0,0,0,0,0,0,0,0,0,0,0,0,0,0,0,0,1,-3,4,-11,4,-9,7,-8,9,-7,10,-6,12,-5,10,-3,7,-2,4,-2,1,-2,-4,0,-7,0,-9,-4,-12,-7,-16,-10,-20,-12,-21,-16,-19,-20,-18,-21,-16,-24,-13,-25,-10,-21,-10,-21,-11,-23,-12,-22,-14,-21"
62.64228916168213,407,"CSI,4,128,77,-47,20,0,7,-5,4,-11,2,-14,0,-15,-4,-16,-7,-18,-7,-18,-7,-19,-10,-20,-12,-20,-13,-21,-12,-19,-10,-17,-10,-15,-10,-14,-9,-12,-7,-9,-7,-7,-7,-4,-8,-1,-8,1,-6,1,-6,3,-7,5,-6,8,-2,2,0,0,0,0,0,0,0,0,0,0,0,0,0,0,0,0,0,0,1,1,5,7,3,10,-1,13,-3,15,-3,12,-3,9,-4,8,-5,7,-5,3,-3,1,2,0,4,-1,5,-3,8,-4,15,-5,22,-6,24,-5,23,-2,24,1,25,3,26,4,28,7,27,8,24,6,21,5,21,5"
63.0612211227417,408,"CSI,5,128,77,-47,20,0,1,-12,-3,-9,-7,-8,-11,-10,-14,-12,-15,-12,-19,-14,-25,-17,-25,-14,-23,-7,-22,-2,-22,-1,-21,-5,-19,-8,-19,-8,-19,-5,-16,-3,-11,-2,-7,0,-7,1,-6,0,-4,1,-3,4,-3,7,-2,9,-1,2,0,0,0,0,0,0,0,0,0,0,0,0,0,0,0,0,0,0,1,0,8,1,12,3,12,5,10,6,7,5,5,6,3,7,1,5,-1,3,-1,2,-1,-1,0,-4,0,-7,1,-10,2,-16,3,-20,5,-21,9,-21,14,-22,19,-21,22,-19,21,-18,18,-17,17,-17,16,-18,14,-18"
63.09171104431152,409,"CSI,1560,128,83,49,21,0,-5,6,-1,8,4,9,6,13,5,12,6,12,8,11,8,10,10,10,12,12,14,13,18,12,18,9,15,7,13,7,11,8,9,8,7,4,6,0,7,-1,7,-3,6,-5,4,-6,2,-8,2,-10,0,-3,0,0,0,0,0,0,0,0,0,0,0,0,0,0,0,0,0,0,-3,-2,-9,-7,-7,-8,-4,-10,-4,-12,-3,-11,-1,-8,2,-8,3,-7,2,-4,1,-1,0,1,-3,3,-6,6,-8,10,-11,12,-14,11,-15,9,-18,9,-23,10,-26,10,-26,9,-26,8,-28,5,-26,2,-22,5,-19,8"
63.47554302215576,410,"CSI,1575,128,83,49,21,0,4,13,9,8,12,3,12,-2,13,-6,13,-8,17,-8,23,-8,23,-11,19,-13,16,-12,16,-11,18,-11,17,-10,14,-9,12,-6,11,-4,9,-5,6,-3,4,-3,4,-3,2,-1,-1,-3,-4,-4,-3,-4,-1,-1,0,0,0,0,0,0,0,0,0,0,0,0,0,0,0,0,0,0,-2,1,-9,5,-10,5,-10,3,-11,1,-13,0,-12,-1,-9,-1,-7,0,-5,-2,-2,-3,0,-2,1,-1,3,3,2,8,3,12,7,18,8,21,8,21,7,23,3,27,2,28,1,26,-2,22,-4,22,-1,22,2,20"
64.14806604385376,411,"CSI,171,128,75,-79,20,0,-2,-11,-7,-9,-10,-6,-12,-3,-13,-1,-14,-1,-15,1,-15,6,-15,5,-18,2,-20,1,-19,0,-20,0,-20,-1,-17,0,-16,0,-14,0,-10,1,-9,2,-7,3,-5,3,-2,5,1,7,3,8,3,7,0,1,0,0,0,0,0,0,0,0,0,0,0,0,0,0,0,0,0,0,1,-2,8,-6,9,-5,10,-3,11,-2,11,-2,9,1,6,2,3,2,4,2,5,1,3,-2,0,-4,-2,-7,-3,-10,-3,-15,-4,-22,-4,-26,-1,-26,1,-25,2,-26,5,-28,7,-27,7,-26,6,-25,6,-22,3,-20"
64.18135714530945,412,"CSI,172,128,75,-79,20,0,-4,12,-1,11,5,10,9,9,12,8,15,4,20,-1,26,-4,26,-3,25,-1,24,1,21,1,19,-1,17,-3,16,-2,14,-1,11,-1,8,-3,4,-5,2,-5,2,-6,2,-5,0,-5,-3,-7,-5,-10,-2,-3,0,0,0,0,0,0,0,0,0,0,0,0,0,0,0,0,0,0,-3,-2,-13,-6,-14,-7,-12,-7,-10,-10,-8,-12,-8,-11,-6,-9,-5,-8,-5,-6,-3,-3,-1,1,-3,5,-4,8,-4,12,-5,17,-9,19,-12,19,-17,20,-21,22,-21,23,-21,21,-21,19,-20,18,-18,18,-17,16,-16,14"
64.20989799499512,413,"CSI,1604,128,83,49,21,0,14,0,8,-2,7,-6,9,-11,6,-14,4,-16,5,-20,4,-25,3,-23,5,-19,5,-17,4,-16,5,-18,7,-19,8,-18,8,-16,5,-14,3,-10,2,-7,1,-6,1,-6,-1,-6,-5,-6,-7,-4,-7,-4,-2,-1,0,0,0,0,0,0,0,0,0,0,0,0,0,0,0,0,0,0,1,2,3,10,4,12,4,14,2,13,1,12,-1,9,-2,5,-3,4,-3,3,-1,0,0,0,1,0,6,-1,10,-2,12,-2,15,-2,20,1,24,4,24,7,24,9,26,13,24,14,21,13,20,12,20,8,20,6"
64.48679614067078,414,"CSI,6,128,77,-47,20,0,6,-9,1,-8,-3,-7,-4,-9,-6,-11,-8,-15,-10,-16,-14,-13,-13,-11,-11,-12,-13,-14,-13,-14,-12,-14,-11,-13,-10,-11,-10,-9,-9,-7,-7,-6,-5,-5,-3,-3,-3,0,-4,2,-5,3,-5,5,-4,7,-1,1,0,0,0,0,0,0,0,0,0,0,0,0,0,0,0,0,0,0,1,1,4,8,3,9,1,10,-3,10,-3,9,-1,7,-2,6,-3,5,-1,3,0,0,2,-6,6,-6,9,-4,11,-4,15,-4,19,-7,21,-7,22,-5,26,-2,28,-1,26,-1,24,-1,22,2,21,4,19,2,15,-3"
64.52668333053589,415,"CSI,7,128,77,-47,20,0,9,-5,5,-7,0,-10,-6,-12,-10,-14,-12,-15,-8,-18,-6,-24,-10,-22,-14,-18,-14,-18,-13,-18,-12,-16,-12,-16,-11,-15,-8,-13,-6,-12,-7,-9,-7,-4,-9,-3,-10,-2,-7,0,-6,3,-5,5,-5,8,-2,2,0,0,0,0,0,0,0,0,0,0,0,0,0,0,0,0,0,0,1,1,5,8,4,8,3,9,4,10,4,12,3,11,0,8,-2,5,-1,4,-1,2,0,-1,3,-4,6,-8,9,-10,11,-10,15,-9,19,-7,21,-5,26,-4,28,-2,26,-3,23,-3,21,-2,22,-1,20,-1,16,-2"
64.91236710548401,416,"CSI,1632,128,83,49,21,0,-13,-3,-10,2,-6,6,-5,8,-6,8,-9,9,-7,10,-6,9,-7,13,-7,18,-6,18,-5,20,-4,21,-4,20,-3,17,-3,13,-4,9,-2,6,1,4,2,3,2,1,3,1,6,0,6,-3,5,-5,1,-2,0,0,0,0,0,0,0,0,0,0,0,0,0,0,0,0,0,0,0,-2,4,-8,7,-8,9,-8,9,-6,8,-5,7,-5,6,-2,5,0,4,1,2,2,-1,1,-4,-1,-8,-2,-11,-5,-14,-9,-16,-12,-17,-14,-17,-16,-18,-18,-19,-19,-18,-19,-16,-20,-12,-21,-10,-19,-12,-17,-12,-17"
65.00213313102722,417,"CSI,8,128,75,-79,20,0,-4,11,-1,10,2,8,6,6,11,5,14,5,18,5,24,6,25,5,23,3,21,2,20,1,18,2,17,3,17,4,15,3,10,0,6,-1,3,-2,3,-4,3,-5,1,-4,-1,-4,-2,-5,-2,-6,-1,-2,0,0,0,0,0,0,0,0,0,0,0,0,0,0,0,0,0,0,-2,-2,-7,-6,-7,-7,-8,-7,-7,-7,-6,-8,-6,-10,-4,-9,-1,-6,0,-6,-1,-4,-1,1,-1,6,-2,9,-6,9,-10,12,-12,14,-16,15,-20,17,-23,18,-23,16,-23,15,-23,16,-23,15,-22,11,-19,7,-16,7"
65.03304409980774,418,"CSI,1636,128,83,49,21,0,5,-9,0,-14,-2,-13,-4,-11,-7,-12,-11,-15,-12,-15,-9,-11,-8,-12,-10,-16,-11,-15,-14,-14,-15,-15,-13,-15,-10,-14,-9,-14,-9,-12,-7,-8,-5,-5,-7,-3,-8,-1,-7,2,-6,5,-6,6,-6,4,-2,0,0,0,0,0,0,0,0,0,0,0,0,0,0,0,0,0,0,0,1,1,4,4,5,6,6,8,4,9,2,8,2,8,1,8,-1,6,-1,4,0,2,0,1,0,-3,4,-9,7,-11,9,-11,14,-11,19,-12,19,-13,20,-13,24,-10,24,-7,22,-7,22,-7,22,-5,20,-6,20,-8"
65.52559518814087,419,"CSI,1656,128,83,49,21,0,4,-5,2,-10,3,-13,1,-14,-1,-15,-3,-17,-4,-18,-5,-16,-4,-18,-1,-21,0,-22,1,-20,1,-19,-2,-18,-3,-17,-3,-16,-3,-12,-3,-10,-3,-8,-2,-4,-4,-2,-8,-1,-10,1,-8,1,-6,0,-2,-1,0,0,0,0,0,0,0,0,0,0,0,0,0,0,0,0,0,0,1,1,4,8,2,9,2,9,1,10,-2,10,-3,10,-2,11,-3,9,-4,6,-2,5,1,3,4,0,7,0,9,1,13,1,18,1,21,0,23,0,25,0,26,1,23,3,22,8,23,13,23,12,20,8,17,7"
66.34396600723267,420,"CSI,1688,128,83,49,21,0,8,7,9,0,10,-4,12,-8,13,-12,13,-14,13,-17,16,-22,19,-24,18,-22,17,-21,16,-20,15,-19,15,-17,17,-14,16,-12,11,-10,6,-10,4,-9,1,-7,-2,-7,-4,-7,-5,-7,-6,-9,-7,-10,-2,-3,0,0,0,0,0,0,0,0,0,0,0,0,0,0,0,0,0,0,-1,3,-3,10,-5,8,-7,8,-10,8,-11,7,-12,5,-12,4,-11,4,-8,1,-4,1,0,3,2,4,2,5,3,6,8,10,12,12,14,14,14,18,15,21,15,21,13,22,12,26,9,29,7,28,7,26,8,23"
66.44938707351685,421,"CSI,1692,128,83,49,21,0,-7,-11,-9,-7,-13,-3,-16,0,-19,2,-21,8,-20,12,-17,10,-18,6,-22,5,-26,5,-26,6,-24,6,-22,3,-20,2,-18,3,-16,4,-13,3,-10,3,-7,4,-5,5,-2,6,1,7,3,8,4,10,1,2,0,0,0,0,0,0,0,0,0,0,0,0,0,0,0,0,0,0,1,-2,4,-7,6,-8,11,-8,15,-7,15,-5,13,-2,11,-1,9,-2,8,-3,5,-2,3,-1,1,-3,-2,-6,-4,-9,-8,-11,-10,-15,-8,-21,-6,-27,-5,-28,-5,-28,-5,-30,-4,-31,-2,-29,-1,-28,0,-29,-1,-29"
66.55303502082825,422,"CSI,1696,128,83,49,21,0,-12,-9,-12,-2,-12,1,-13,3,-14,7,-16,13,-19,12,-19,7,-19,9,-20,15,-20,18,-17,17,-18,15,-20,13,-19,12,-15,11,-11,10,-7,9,-4,5,-1,2,0,4,1,6,3,6,6,6,9,8,2,2,0,0,0,0,0,0,0,0,0,0,0,0,0,0,0,0,0,0,0,-3,2,-13,4,-13,7,-11,9,-10,9,-9,8,-7,7,-5,8,-5,7,-4,6,-3,2,-2,-2,-3,-5,-4,-10,-7,-14,-11,-15,-14,-15,-18,-17,-20,-18,-21,-17,-22,-15,-25,-14,-27,-14,-27,-13,-26,-11,-23,-10,-21"
66.85872530937195,423,"CSI,1708,128,83,49,21,0,-16,0,-11,4,-8,9,-7,12,-5,15,-4,19,-1,22,4,23,4,24,0,26,-3,27,-4,26,-3,25,0,22,0,19,-3,18,-4,14,-2,11,-1,10,1,9,3,8,5,6,7,3,9,3,9,3,2,0,0,0,0,0,0,0,0,0,0,0,0,0,0,0,0,0,0,0,-2,-2,-6,-7,-6,-8,-6,-12,-5,-15,-2,-17,-1,-15,-2,-13,-3,-13,1,-12,3,-10,0,-7,-2,-5,-6,-4,-10,-3,-15,-2,-20,0,-22,1,-25,0,-26,-4,-29,-7,-32,-10,-32,-9,-30,-7,-29,-7,-27,-7,-25,-10"
67.0623071193695,424,"CSI,1716,128,83,49,21,0,11,-6,8,-9,7,-13,5,-16,2,-20,-2,-24,-5,-26,-6,-26,-6,-24,-5,-23,-4,-23,0,-23,5,-24,5,-23,5,-23,3,-21,1,-18,2,-15,1,-13,-1,-12,-3,-9,-5,-6,-8,-4,-9,-3,-8,-2,-2,-1,0,0,0,0,0,0,0,0,0,0,0,0,0,0,0,0,0,0,2,0,8,4,9,5,10,6,9,8,9,10,8,10,5,12,3,13,2,10,3,5,4,2,3,-2,3,-6,7,-7,11,-9,14,-11,18,-8,23,-7,29,-8,32,-7,31,-3,29,0,30,-3,31,-5,28,-4,24,-4"
67.16669535636902,425,"CSI,1720,128,83,49,21,0,-17,5,-15,8,-11,8,-5,11,-2,17,-4,20,-7,23,-7,28,-4,28,-3,26,-2,25,-2,25,-4,25,-4,23,-6,21,-7,20,-5,17,-6,13,-6,10,-2,9,2,7,4,4,6,3,7,3,6,4,1,1,0,0,0,0,0,0,0,0,0,0,0,0,0,0,0,0,0,0,-2,-3,-9,-9,-10,-11,-11,-13,-10,-15,-7,-15,-5,-16,-5,-14,-2,-11,0,-10,0,-6,-1,-4,-3,-2,-7,1,-10,3,-13,2,-18,2,-22,0,-25,-1,-28,-1,-30,-1,-30,-4,-28,-8,-27,-10,-26,-8,-22,-4,-19,0"
67.26749634742737,426,"CSI,1724,128,83,49,21,0,11,6,8,-2,11,-11,15,-16,14,-18,14,-20,9,-27,2,-29,8,-21,11,-16,9,-19,9,-21,9,-21,11,-21,11,-23,10,-22,11,-17,10,-12,7,-10,4,-6,2,-3,-2,-5,-5,-5,-6,-5,-6,-7,-2,-2,0,0,0,0,0,0,0,0,0,0,0,0,0,0,0,0,0,0,1,3,5,12,4,11,1,13,-3,15,-5,16,-6,16,-6,14,-3,11,-3,6,-3,3,1,2,6,3,7,4,6,4,10,2,18,2,24,3,24,5,24,10,26,15,27,17,26,19,26,19,23,18,20,15,20,13"
67.50808715820312,427,"CSI,9,128,75,-79,20,0,-4,-13,-9,-7,-10,-3,-12,-1,-18,1,-22,0,-25,-4,-31,-8,-33,-6,-30,-2,-26,0,-24,-1,-24,-4,-25,-5,-25,-4,-22,-6,-18,-8,-14,-6,-12,-1,-9,2,-8,3,-7,4,-5,6,-3,9,-2,10,-1,2,0,0,0,0,0,0,0,0,0,0,0,0,0,0,0,0,0,0,2,-3,9,-12,9,-10,13,-7,14,-4,11,-6,10,-7,11,-3,9,2,6,3,5,2,4,0,-1,-3,-5,-9,-7,-14,-9,-18,-10,-22,-8,-24,-3,-24,0,-27,0,-31,1,-32,1,-31,1,-29,0,-28,-3,-26,-4,-24"
67.53964424133301,428,"CSI,10,128,75,-79,20,0,-9,-10,-9,0,-14,8,-17,11,-16,13,-16,16,-18,12,-12,2,-10,0,-14,9,-15,15,-16,15,-17,16,-13,15,-12,11,-14,9,-12,8,-10,7,-7,5,-2,3,0,4,1,5,5,6,9,8,9,11,2,3,0,0,0,0,0,0,0,0,0,0,0,0,0,0,0,0,0,0,0,-3,3,-10,3,-9,3,-13,3,-15,5,-11,5,-8,5,-6,8,-6,6,-10,3,-10,0,-3,-4,0,-8,-3,-11,-5,-13,-8,-15,-15,-18,-18,-18,-19,-20,-22,-20,-25,-17,-28,-18,-29,-21,-28,-19,-24,-17,-20,-15,-20"
67.67782020568848,429,"CSI,1740,128,83,49,21,0,-12,3,-6,7,-6,11,-6,15,-2,18,0,20,0,20,2,19,1,18,-2,19,-2,22,0,22,2,20,3,21,1,21,-1,18,0,12,2,7,4,4,4,5,3,4,4,1,6,-2,9,-3,10,-2,2,-1,0,0,0,0,0,0,0,0,0,0,0,0,0,0,0,0,0,0,0,-4,-1,-13,-1,-14,1,-15,2,-16,3,-15,2,-13,3,-9,4,-6,3,-5,-1,-3,-6,-1,-9,-1,-12,-4,-13,-4,-17,-2,-22,-4,-23,-8,-25,-9,-29,-12,-31,-14,-31,-15,-30,-16,-27,-14,-23,-10,-21,-8,-21,-8"
67.87990617752075,430,"CSI,11,128,75,-79,20,0,-7,12,-5,11,0,11,5,12,10,14,11,13,11,16,15,22,18,22,16,20,13,19,14,19,14,19,11,17,8,15,7,14,7,11,7,5,7,0,8,0,7,-1,6,-4,8,-6,8,-7,7,-7,1,-2,0,0,0,0,0,0,0,0,0,0,0,0,0,0,0,0,0,0,-3,-2,-11,-9,-11,-11,-10,-13,-7,-13,-3,-13,-2,-12,-2,-10,-1,-7,-1,-5,-1,-5,-1,-1,-4,3,-10,4,-14,5,-18,8,-23,11,-25,9,-26,3,-30,0,-33,0,-31,-1,-26,-2,-23,-4,-22,-4,-20,0,-15,3"
67.9130802154541,431,"CSI,1748,128,83,49,21,0,3,13,4,9,6,4,11,1,15,1,17,0,18,-2,16,-4,17,-5,22,-3,23,-3,23,-5,23,-4,23,-2,20,-3,17,-4,12,-3,7,-3,4,-4,2,-4,0,-5,-2,-6,-3,-7,-5,-8,-7,-10,-2,-3,0,0,0,0,0,0,0,0,0,0,0,0,0,0,0,0,0,0,-3,1,-12,3,-11,2,-13,1,-15,0,-13,-3,-10,-5,-10,-7,-11,-6,-9,-4,-7,-2,-5,1,-2,6,0,12,2,15,1,19,0,23,-3,26,-5,25,-8,23,-9,22,-7,25,-8,28,-10,27,-9,24,-7,23,-4,23"
67.94578814506531,432,"CSI,12,128,75,-79,20,0,-9,-5,-9,-1,-12,4,-12,8,-14,11,-16,14,-18,18,-23,21,-21,21,-16,21,-14,19,-15,16,-15,16,-14,17,-12,16,-11,13,-9,9,-7,8,-5,8,-2,7,0,5,1,3,2,3,4,6,4,7,1,1,0,0,0,0,0,0,0,0,0,0,0,0,0,0,0,0,0,0,-1,-3,-3,-12,-2,-12,-1,-13,2,-15,3,-15,2,-13,4,-11,6,-11,4,-8,1,-4,-3,-2,-8,-2,-13,-2,-15,-4,-17,-7,-18,-10,-20,-15,-21,-18,-23,-19,-22,-19,-20,-19,-17,-21,-15,-20,-15,-19,-16,-17,-16,-14"
67.98463320732117,433,"CSI,1752,128,83,49,21,0,-11,-10,-12,-3,-12,4,-13,6,-16,8,-18,11,-12,11,-3,9,-9,10,-20,12,-19,14,-15,14,-16,13,-16,13,-14,14,-13,14,-10,13,-6,11,-2,9,1,6,1,5,0,7,0,6,2,4,2,5,0,1,0,0,0,0,0,0,0,0,0,0,0,0,0,0,0,0,0,0,2,-2,11,-7,11,-4,11,0,11,2,11,3,12,2,12,2,9,3,6,4,4,3,1,1,-3,-2,-4,-6,-4,-14,-5,-23,-5,-26,-3,-27,-3,-30,-3,-31,-3,-30,-3,-28,-1,-26,1,-26,0,-27,3,-27,4,-24"
68.08634328842163,434,"CSI,1756,128,83,49,21,0,-9,13,-8,15,-4,17,2,17,4,17,4,20,5,22,8,21,7,19,4,19,1,19,1,20,2,21,5,20,8,19,5,17,2,12,4,9,5,7,5,5,5,4,7,2,8,1,9,-1,9,-3,2,-1,0,0,0,0,0,0,0,0,0,0,0,0,0,0,0,0,0,0,-4,-1,-14,-4,-14,-7,-14,-11,-11,-13,-8,-13,-8,-13,-8,-11,-7,-9,-5,-8,-6,-5,-6,-1,-7,4,-10,6,-12,8,-16,11,-21,12,-22,11,-25,9,-29,9,-32,7,-33,6,-32,4,-30,3,-28,5,-27,6,-29,5"
68.39524722099304,435,"CSI,1768,128,83,49,21,0,-10,-13,-13,-11,-17,-7,-20,-5,-23,-5,-25,-1,-23,-1,-19,-5,-24,-5,-28,-2,-26,-1,-23,0,-23,1,-21,0,-20,1,-18,2,-15,1,-11,1,-7,0,-5,1,-6,3,-5,5,-3,6,-1,7,2,9,0,2,0,0,0,0,0,0,0,0,0,0,0,0,0,0,0,0,0,0,1,-3,5,-11,7,-12,10,-11,12,-9,13,-7,13,-4,11,-2,9,-1,8,0,5,-2,-1,-5,-6,-7,-7,-11,-3,-15,-2,-17,-4,-20,-5,-24,-3,-28,-1,-29,2,-30,4,-32,3,-30,1,-27,1,-26,3,-23,3,-19"
68.49779510498047,436,"CSI,1772,128,83,49,21,0,8,-10,3,-12,0,-13,-1,-16,-4,-22,-6,-25,0,-26,4,-27,2,-27,0,-27,0,-28,0,-27,1,-24,3,-21,3,-18,1,-16,0,-14,-1,-13,-1,-11,-1,-8,-3,-7,-6,-6,-8,-5,-8,-5,-6,-7,-2,-2,0,0,0,0,0,0,0,0,0,0,0,0,0,0,0,0,0,0,1,-3,8,-9,11,-8,13,-6,13,-4,12,-1,12,2,10,3,8,4,7,2,7,-1,7,-2,6,-5,6,-10,7,-14,9,-16,14,-17,17,-19,17,-19,18,-20,19,-22,22,-20,26,-16,28,-15,28,-15,23,-17,18,-19"
68.6021032333374,437,"CSI,1776,128,83,49,21,0,-13,-10,-15,-6,-16,-1,-18,2,-19,6,-19,7,-21,7,-25,9,-27,8,-25,6,-24,5,-24,2,-24,2,-21,2,-18,2,-16,3,-14,3,-12,4,-10,4,-9,3,-8,3,-5,5,-3,6,-2,6,-5,8,-2,2,0,0,0,0,0,0,0,0,0,0,0,0,0,0,0,0,0,0,-1,-4,-3,-13,-1,-12,3,-14,5,-16,6,-14,7,-12,7,-11,4,-8,1,-5,-2,-4,-6,-5,-8,-4,-10,-6,-12,-11,-15,-16,-17,-20,-18,-21,-17,-22,-16,-23,-16,-25,-15,-27,-11,-29,-10,-30,-12,-28,-13,-24,-14,-22"
68.70222806930542,438,"CSI,1780,128,83,49,21,0,-7,-15,-9,-8,-14,-4,-17,-4,-19,-2,-21,1,-22,-1,-22,-4,-24,-3,-26,0,-24,1,-23,2,-23,3,-23,4,-21,3,-18,1,-13,1,-9,1,-7,1,-6,2,-5,3,-4,5,-2,7,-1,8,-1,9,-1,2,0,0,0,0,0,0,0,0,0,0,0,0,0,0,0,0,0,0,2,-3,9,-12,11,-12,12,-9,13,-4,14,-2,13,-3,11,-1,8,1,6,0,5,-3,1,-4,-3,-8,-3,-13,-3,-16,-5,-19,-5,-22,-3,-24,-3,-26,-2,-28,0,-29,1,-31,3,-31,4,-30,2,-27,2,-25,4,-25"
68.80405139923096,439,"CSI,1784,128,83,49,21,0,13,3,11,0,10,-6,12,-11,15,-13,18,-17,12,-18,4,-14,13,-14,21,-14,18,-13,16,-14,15,-16,15,-17,14,-16,12,-13,10,-9,9,-8,7,-7,3,-6,1,-8,1,-10,-1,-8,-4,-7,-6,-9,-2,-3,0,0,0,0,0,0,0,0,0,0,0,0,0,0,0,0,0,0,1,3,3,11,3,11,-1,13,-5,16,-5,17,-5,14,-8,9,-9,5,-6,2,-3,1,2,1,8,2,13,4,15,6,18,11,22,13,23,13,22,17,24,19,23,19,21,19,22,22,21,22,19,20,18,17,15,13"
69.00762128829956,440,"CSI,1792,128,83,49,21,0,11,9,13,4,17,-1,19,-4,18,-5,19,-3,21,-6,20,-11,20,-10,22,-8,22,-10,21,-10,20,-9,21,-10,22,-8,19,-5,14,-6,9,-7,7,-5,7,-5,4,-6,2,-6,0,-8,-1,-9,-1,-10,-1,-3,0,0,0,0,0,0,0,0,0,0,0,0,0,0,0,0,0,0,0,1,-2,6,-5,9,-10,10,-11,10,-11,10,-12,9,-12,7,-11,5,-8,3,-5,3,-2,3,3,3,7,4,11,7,13,12,13,19,12,20,11,21,9,24,9,27,8,28,6,26,6,25,6,26,5,23,4,18"
69.05159711837769,441,"CSI,13,128,77,-47,20,0,4,-15,2,-13,-1,-11,-6,-12,-12,-14,-15,-15,-18,-19,-22,-21,-23,-19,-20,-16,-18,-15,-19,-15,-19,-15,-18,-16,-16,-17,-13,-14,-10,-10,-8,-5,-6,-3,-8,-3,-9,0,-7,1,-5,0,-6,3,-7,5,-2,1,0,0,0,0,0,0,0,0,0,0,0,0,0,0,0,0,0,0,2,-1,11,-2,13,1,13,4,13,7,12,8,9,8,7,8,5,8,3,6,4,3,5,-1,4,-5,4,-11,6,-16,9,-17,10,-17,11,-20,16,-20,20,-20,21,-21,23,-20,25,-19,22,-18,19,-17,18,-17,15,-17"
69.1137490272522,442,"CSI,14,128,77,-47,20,0,10,12,15,9,16,4,16,-1,18,-3,20,-4,22,-3,23,-1,24,-4,26,-6,27,-2,25,-1,23,-4,22,-3,21,-1,18,-1,13,-1,9,-3,8,-5,7,-4,5,-3,3,-4,3,-7,3,-8,1,-6,-1,-1,0,0,0,0,0,0,0,0,0,0,0,0,0,0,0,0,0,0,-2,2,-5,9,-6,9,-7,10,-9,11,-10,8,-9,5,-8,4,-9,3,-9,3,-5,4,0,4,4,5,6,8,6,12,6,16,10,19,12,21,11,24,10,26,8,26,5,27,6,28,5,28,3,26,4,23,3,19"
69.21386432647705,443,"CSI,1800,128,83,49,21,0,-13,9,-11,12,-7,15,-3,18,0,22,0,25,1,25,8,24,9,24,6,25,5,26,3,26,3,26,2,24,-2,21,-5,19,-4,16,-1,13,-1,9,0,7,2,5,3,2,4,2,6,2,9,1,2,0,0,0,0,0,0,0,0,0,0,0,0,0,0,0,0,0,0,0,-4,-1,-14,-2,-15,-4,-14,-8,-12,-10,-12,-11,-12,-13,-10,-11,-7,-10,-4,-9,-1,-6,-3,-3,-5,-2,-7,1,-11,6,-16,11,-20,14,-21,15,-23,13,-26,12,-30,11,-32,8,-32,6,-29,7,-23,8,-20,9,-21,12"
69.31910133361816,444,"CSI,1804,128,83,49,21,0,8,-19,3,-16,-1,-13,-8,-16,-11,-22,-11,-23,-13,-19,-13,-15,-12,-18,-10,-22,-10,-22,-11,-21,-13,-21,-14,-20,-13,-19,-11,-17,-8,-15,-6,-12,-5,-8,-6,-6,-7,-4,-7,-2,-9,-2,-10,-1,-11,-1,-3,-1,0,0,0,0,0,0,0,0,0,0,0,0,0,0,0,0,0,0,2,-2,12,-5,13,-4,14,-2,14,1,15,4,13,5,9,4,6,4,4,2,3,0,3,-1,1,-6,3,-13,7,-16,10,-18,13,-21,16,-23,18,-23,20,-23,21,-24,23,-24,26,-20,25,-19,23,-21,21,-21,17,-22"
69.41605710983276,445,"CSI,1808,128,83,49,21,0,9,12,11,9,12,4,13,0,16,-1,19,-1,23,-3,26,-6,23,-7,18,-5,17,-4,19,-3,21,-2,20,0,17,1,14,2,12,2,9,-1,7,-4,5,-3,3,-3,2,-5,1,-7,1,-9,2,-10,0,-3,0,0,0,0,0,0,0,0,0,0,0,0,0,0,0,0,0,0,0,2,2,11,0,12,-4,12,-7,12,-8,11,-10,8,-9,6,-7,6,-6,4,-5,4,-2,4,3,5,7,5,7,8,10,12,13,15,15,17,15,20,11,23,8,24,7,25,6,25,7,23,8,24,9,23,10,22"
69.51980519294739,446,"CSI,1812,128,83,49,21,0,14,9,15,5,14,0,15,-3,16,-5,18,-9,21,-11,20,-9,21,-9,22,-11,23,-11,25,-9,24,-9,20,-9,17,-8,15,-7,13,-8,12,-8,10,-7,6,-6,1,-6,-2,-7,-2,-7,-2,-8,-2,-9,-1,-3,0,0,0,0,0,0,0,0,0,0,0,0,0,0,0,0,0,0,0,2,-1,8,-6,9,-10,12,-11,13,-11,10,-10,7,-8,5,-9,3,-8,2,-4,4,-2,6,1,7,4,8,7,10,11,13,15,16,16,20,15,24,14,26,11,28,9,28,7,28,4,29,5,26,9,22,9,21"
69.83025217056274,447,"CSI,1824,128,83,49,21,0,-13,-7,-14,-4,-12,2,-10,10,-12,14,-15,15,-21,16,-26,15,-24,18,-22,20,-22,18,-20,18,-17,16,-16,14,-17,12,-15,10,-10,8,-6,8,-4,7,-2,8,1,8,2,8,3,8,4,8,5,8,1,2,0,0,0,0,0,0,0,0,0,0,0,0,0,0,0,0,0,0,-1,-3,0,-12,1,-14,3,-15,6,-15,7,-14,7,-12,8,-11,8,-8,6,-6,3,-6,1,-6,-3,-5,-9,-4,-14,-4,-17,-8,-20,-13,-22,-17,-23,-19,-22,-20,-23,-21,-24,-22,-21,-22,-18,-24,-19,-24,-20,-19,-19,-15"
69.93164324760437,448,"CSI,1828,128,83,49,21,0,-6,12,-1,12,3,12,9,12,15,12,18,13,18,18,18,24,21,22,24,17,23,15,21,15,22,17,18,18,12,15,9,10,9,4,8,0,8,0,8,0,7,-2,5,-3,5,-4,4,-6,3,-6,0,-2,0,0,0,0,0,0,0,0,0,0,0,0,0,0,0,0,0,0,-3,-1,-12,-4,-15,-7,-14,-10,-10,-11,-9,-12,-9,-13,-7,-14,-6,-13,-6,-10,-5,-6,-4,-2,-4,4,-4,9,-8,12,-15,14,-18,14,-18,14,-21,17,-24,18,-23,18,-23,17,-23,15,-23,15,-26,15,-26,14,-24,13"
70.23776817321777,449,"CSI,1840,128,83,49,21,0,-11,3,-6,5,-1,9,3,13,5,16,7,19,7,23,7,24,8,25,9,25,10,24,11,24,11,24,12,21,12,18,11,14,8,10,5,5,5,0,6,-2,6,-2,3,-5,4,-7,7,-7,7,-7,1,-2,0,0,0,0,0,0,0,0,0,0,0,0,0,0,0,0,0,0,-1,-3,-1,-12,0,-12,4,-14,6,-14,7,-13,8,-12,7,-14,7,-13,7,-9,5,-6,2,-3,-2,-2,-7,-4,-12,-4,-18,-2,-22,-2,-25,-4,-28,-6,-30,-7,-31,-7,-32,-10,-32,-10,-32,-9,-31,-9,-28,-10,-22,-11"
70.33936715126038,450,"CSI,1844,128,83,49,21,0,8,6,11,3,11,1,13,-3,18,-7,19,-11,20,-11,23,-6,25,-5,25,-9,24,-11,24,-10,22,-8,20,-7,18,-7,17,-6,13,-5,9,-7,8,-8,7,-6,3,-5,-1,-7,-2,-8,-4,-10,-5,-11,-1,-3,0,0,0,0,0,0,0,0,0,0,0,0,0,0,0,0,0,0,-2,2,-8,9,-10,11,-11,10,-13,8,-14,6,-12,7,-11,5,-11,1,-10,0,-7,1,-5,3,-3,6,1,8,6,10,8,15,10,20,12,22,11,23,10,26,9,30,8,31,6,29,5,26,6,26,8,30,6,30"
70.44139313697815,451,"CSI,1848,128,83,49,21,0,9,-6,6,-7,5,-8,1,-11,-2,-16,-3,-21,-1,-25,3,-27,2,-27,-1,-28,-1,-27,-1,-26,-2,-27,-2,-28,-2,-24,-3,-16,-3,-10,-2,-9,-2,-9,-4,-8,-6,-6,-8,-4,-8,-1,-9,1,-12,1,-4,0,0,0,0,0,0,0,0,0,0,0,0,0,0,0,0,0,0,0,0,1,4,7,5,11,5,15,5,15,3,14,1,16,0,14,-1,10,-1,9,0,8,2,6,4,2,8,-2,13,-4,18,-4,23,-3,26,-1,26,0,30,-1,31,-1,30,0,31,4,31,5,28,3,23,0,19,2"
70.54881620407104,452,"CSI,1852,128,83,49,21,0,-10,-16,-12,-13,-14,-9,-18,-6,-21,-5,-22,-1,-25,-1,-27,-5,-30,-3,-30,1,-30,0,-28,-2,-26,-3,-23,-4,-22,-4,-20,-3,-17,-3,-13,-2,-8,-2,-7,-1,-6,3,-3,7,-2,10,-4,10,-6,9,-2,2,0,0,0,0,0,0,0,0,0,0,0,0,0,0,0,0,0,0,-1,-3,-2,-12,1,-13,5,-13,8,-13,8,-15,9,-13,10,-10,11,-7,8,-8,5,-9,2,-9,0,-8,-4,-8,-9,-10,-12,-14,-15,-20,-15,-23,-11,-25,-11,-26,-12,-27,-11,-30,-10,-32,-10,-28,-10,-26,-10,-24,-8,-23"
70.6106231212616,453,"CSI,15,128,77,-47,20,0,16,1,16,-4,15,-8,13,-12,13,-15,15,-17,18,-18,21,-18,20,-21,19,-22,19,-17,19,-15,18,-14,18,-14,16,-13,14,-12,12,-10,10,-8,7,-8,5,-7,4,-7,0,-7,-3,-7,-3,-7,-1,-9,-1,-3,0,0,0,0,0,0,0,0,0,0,0,0,0,0,0,0,0,0,2,2,9,8,5,9,5,12,5,14,5,15,5,15,5,15,4,12,1,9,0,8,2,7,5,3,8,0,12,1,18,4,22,5,23,7,24,7,25,8,26,10,29,12,29,12,24,16,21,17,22,12,22,11"
70.75486516952515,454,"CSI,16,128,75,-79,20,0,-9,15,-2,12,3,11,9,11,12,13,13,15,13,20,13,24,18,21,20,20,18,20,16,18,16,15,14,15,10,15,8,14,7,12,5,7,5,4,6,3,6,2,7,0,9,-3,9,-6,5,-7,0,-2,0,0,0,0,0,0,0,0,0,0,0,0,0,0,0,0,0,0,-3,0,-11,3,-13,1,-17,-1,-17,-2,-15,-4,-13,-6,-13,-7,-12,-8,-9,-8,-7,-4,-5,1,-5,5,-6,8,-6,11,-7,14,-10,16,-14,18,-17,20,-16,22,-18,22,-23,20,-24,20,-24,19,-24,19,-22,19,-20,18"
70.78425407409668,455,"CSI,17,128,75,-79,20,0,15,1,11,-6,14,-4,15,-5,14,-12,17,-15,14,-23,8,-37,11,-29,19,-16,21,-16,19,-13,17,-8,18,-6,19,-3,19,-2,13,-3,7,-2,7,0,9,-1,6,-3,3,-4,4,-6,4,-9,4,-7,1,-2,0,0,0,0,0,0,0,0,0,0,0,0,0,0,0,0,0,0,1,0,7,3,10,4,12,4,10,5,10,6,9,7,4,7,5,5,7,5,5,7,5,7,6,2,9,-3,13,-5,16,-2,21,-2,26,-4,29,-1,29,3,28,4,30,3,29,5,25,11,23,14,21,13,18,10"
70.85285210609436,456,"CSI,1864,128,83,49,21,0,-11,13,-2,10,3,10,7,11,12,12,15,14,19,13,25,13,24,14,20,15,18,17,16,20,16,19,16,18,13,17,11,15,8,11,5,8,5,4,5,3,5,2,6,0,7,-4,8,-6,8,-7,2,-2,0,0,0,0,0,0,0,0,0,0,0,0,0,0,0,0,0,0,-4,0,-14,2,-15,0,-14,-4,-14,-6,-13,-8,-11,-7,-12,-7,-12,-9,-10,-6,-7,-3,-6,-1,-5,1,-5,5,-7,11,-11,14,-14,17,-16,20,-17,21,-19,21,-20,21,-20,20,-21,18,-25,15,-25,16,-23,19,-21,22"
70.89988207817078,457,"CSI,19,128,77,-47,20,0,-11,-12,-10,-8,-11,-1,-13,5,-14,8,-16,10,-18,10,-21,7,-24,7,-23,12,-21,14,-22,12,-22,9,-21,7,-19,6,-17,5,-14,5,-9,4,-4,2,-1,2,0,3,3,4,6,6,5,9,3,10,1,2,0,0,0,0,0,0,0,0,0,0,0,0,0,0,0,0,0,0,0,-3,4,-10,7,-11,11,-13,11,-13,11,-9,12,-5,11,-6,9,-6,7,-4,4,-3,0,-3,-2,-7,-3,-10,-5,-12,-7,-15,-9,-19,-11,-22,-11,-25,-10,-26,-9,-25,-7,-25,-7,-27,-7,-29,-8,-30,-9,-30,-10,-28"
71.36276817321777,458,"CSI,1884,128,83,49,21,0,14,-11,12,-12,8,-14,6,-15,5,-19,3,-22,-1,-25,-4,-30,-3,-31,-2,-27,0,-24,1,-24,1,-24,1,-21,0,-19,0,-18,2,-15,2,-10,-2,-7,-5,-7,-6,-6,-8,-4,-11,-2,-12,-2,-13,-1,-4,-1,0,0,0,0,0,0,0,0,0,0,0,0,0,0,0,0,0,0,2,3,7,13,4,14,2,16,1,16,-2,14,-3,13,-4,9,-3,6,0,7,2,6,3,1,6,-1,10,0,13,0,18,1,25,2,28,2,28,2,29,3,29,3,30,5,27,8,24,7,24,4,24,2,21,1"
71.66087126731873,459,"CSI,20,128,98,32,6,0,17,-2,16,-7,16,-10,15,-12,16,-15,17,-18,16,-17,17,-14,19,-14,19,-16,16,-19,14,-21,14,-20,15,-17,14,-15,12,-14,7,-12,4,-9,3,-9,0,-9,-2,-8,-6,-7,-9,-7,-9,-8,-8,-11,-2,-4,0,0,0,0,0,0,0,0,0,0,0,0,0,0,0,0,0,0,-1,3,-2,12,-5,14,-6,13,-8,12,-10,11,-12,10,-13,8,-12,4,-7,0,-1,-1,3,0,6,3,11,5,15,8,18,13,22,17,20,18,19,22,22,26,23,26,20,25,17,24,16,23,16,21,16,18,15,15"
71.69333028793335,460,"CSI,1896,128,83,49,21,0,12,-11,10,-13,6,-15,2,-19,-1,-24,-1,-26,1,-29,4,-32,3,-30,-2,-26,-5,-26,-7,-28,-6,-28,-4,-24,-2,-20,-2,-18,-4,-14,-5,-9,-7,-8,-7,-7,-8,-6,-9,-4,-11,-1,-13,0,-14,0,-4,-1,0,0,0,0,0,0,0,0,0,0,0,0,0,0,0,0,0,0,2,1,9,7,8,10,8,15,6,18,4,19,3,17,2,16,-2,13,-4,9,-2,3,1,-1,3,-1,8,-3,13,-8,17,-8,23,-5,27,-3,30,-2,33,-1,34,0,35,0,34,0,29,-2,26,-2,27,-2,27,-5"
71.77394413948059,461,"CSI,1900,128,83,49,21,0,-10,-19,-12,-14,-14,-7,-18,-2,-21,0,-25,3,-28,2,-28,-4,-28,-2,-28,5,-27,9,-24,10,-23,9,-23,7,-22,5,-19,4,-15,5,-12,4,-8,3,-6,3,-3,6,1,8,3,8,2,8,1,11,0,3,0,0,0,0,0,0,0,0,0,0,0,0,0,0,0,0,0,0,2,-3,9,-9,14,-9,17,-7,17,-3,14,-2,13,-1,13,3,10,5,5,5,2,4,1,0,-2,-8,-3,-14,-3,-20,-4,-25,-4,-28,-5,-30,-4,-31,-2,-32,1,-33,4,-34,3,-33,2,-29,0,-26,-4,-26,-3,-29"
71.87545394897461,462,"CSI,1904,128,83,49,21,0,14,14,12,10,11,4,15,0,17,-4,18,-6,21,-9,25,-13,24,-14,22,-10,23,-8,23,-8,24,-9,25,-8,23,-5,20,-3,17,-2,15,-2,10,-2,4,-3,1,-4,0,-5,-3,-6,-5,-9,-3,-11,-1,-3,0,0,0,0,0,0,0,0,0,0,0,0,0,0,0,0,0,0,-1,3,-1,15,-3,14,-5,14,-7,14,-8,13,-9,11,-9,8,-8,5,-6,4,-5,3,-2,2,4,3,7,3,9,5,11,9,13,14,15,19,15,21,15,24,16,27,17,29,14,27,10,25,8,26,10,26,13,22"
71.94323110580444,463,"CSI,22,128,77,-47,20,0,-11,-15,-12,-9,-12,-4,-13,0,-15,3,-20,7,-22,8,-21,6,-24,6,-26,10,-26,11,-25,12,-24,13,-22,12,-21,9,-19,7,-16,7,-11,7,-7,6,-4,6,1,5,5,5,4,7,5,7,7,9,1,2,0,0,0,0,0,0,0,0,0,0,0,0,0,0,0,0,0,0,1,-2,8,-8,11,-9,13,-8,15,-7,15,-5,16,-3,16,-1,14,2,12,3,7,2,2,0,-1,-4,-5,-9,-9,-14,-10,-19,-9,-22,-8,-23,-7,-26,-6,-30,-6,-32,-6,-34,-6,-34,-4,-32,-2,-31,-1,-30,-1,-27"
71.9798903465271,464,"CSI,1908,128,83,49,21,0,7,-14,4,-13,1,-12,-4,-10,-8,-11,-10,-12,-13,-17,-16,-24,-19,-23,-20,-20,-19,-19,-19,-17,-18,-17,-16,-16,-15,-15,-13,-15,-9,-11,-8,-8,-7,-6,-7,-4,-6,-1,-6,1,-5,3,-6,5,-8,8,-3,2,0,0,0,0,0,0,0,0,0,0,0,0,0,0,0,0,0,0,2,-1,9,0,8,2,9,4,10,6,10,9,9,11,8,10,6,8,5,8,4,7,4,2,5,-5,6,-9,7,-11,9,-14,12,-15,14,-16,18,-19,21,-20,23,-21,25,-22,26,-22,24,-21,21,-20,19,-17,18,-13"
72.07966637611389,465,"CSI,1912,128,83,49,21,0,6,16,9,11,11,4,14,0,20,-2,23,-3,25,-3,29,-1,28,-2,25,-8,24,-12,25,-12,25,-7,25,-3,26,-3,22,-2,17,-2,14,-4,10,-3,7,-3,5,-4,3,-5,-1,-7,-5,-11,-7,-13,-2,-4,0,0,0,0,0,0,0,0,0,0,0,0,0,0,0,0,0,0,-2,3,-6,13,-8,13,-11,9,-13,6,-14,5,-15,4,-14,3,-14,2,-11,1,-6,-1,-1,0,2,5,3,10,4,12,7,16,9,20,8,23,8,27,7,32,4,34,3,36,3,34,2,30,2,29,4,29,6,27"
72.12270617485046,466,"CSI,2225,128,101,81,22,0,9,-12,9,-12,9,-12,9,-11,8,-11,8,-12,7,-12,7,-12,7,-12,6,-12,6,-12,6,-12,6,-12,6,-12,7,-12,6,-12,6,-11,6,-11,6,-10,6,-10,6,-9,6,-9,6,-9,6,-8,6,-8,1,-2,0,0,0,0,0,0,0,0,0,0,0,0,0,0,0,0,0,0,1,-3,6,-9,7,-9,7,-10,8,-10,8,-10,9,-11,9,-11,9,-11,10,-11,11,-11,11,-11,11,-11,10,-10,11,-10,11,-10,11,-10,10,-11,10,-11,10,-11,10,-11,10,-11,10,-11,9,-11,9,-11,9,-11,9,-10"
72.17859625816345,467,"CSI,23,128,75,-79,20,0,2,-19,-4,-14,-12,-10,-17,-7,-20,-5,-22,-4,-24,-3,-27,0,-27,0,-28,-1,-28,-4,-26,-6,-26,-5,-25,-4,-23,-4,-19,-5,-16,-5,-13,-3,-11,-2,-8,-1,-6,2,-6,4,-7,7,-5,9,-4,10,-1,2,0,0,0,0,0,0,0,0,0,0,0,0,0,0,0,0,0,0,1,-2,6,-7,11,-5,16,-4,16,-2,14,1,13,1,11,1,11,2,9,2,7,0,5,-4,2,-8,0,-11,-1,-15,-2,-19,-4,-23,-1,-28,2,-29,4,-30,7,-33,11,-35,11,-35,9,-31,10,-27,9,-23,5,-19"
72.21198105812073,468,"CSI,24,128,75,-79,20,0,11,-12,4,-13,-3,-16,-11,-14,-19,-11,-21,-12,-12,-16,0,-15,-9,-13,-24,-16,-28,-18,-27,-18,-26,-17,-22,-14,-17,-11,-16,-11,-16,-9,-15,-6,-11,-3,-6,0,-4,2,-4,4,-2,4,0,6,3,8,1,2,0,0,0,0,0,0,0,0,0,0,0,0,0,0,0,0,0,0,2,1,11,8,11,9,10,11,9,13,8,10,5,9,4,10,4,10,5,7,3,3,3,0,5,-2,7,-7,8,-13,12,-14,19,-15,22,-16,23,-19,25,-22,30,-21,35,-17,35,-15,32,-15,26,-16,24,-18,22,-19"
72.24271321296692,469,"CSI,1916,128,83,49,21,0,15,9,12,3,11,-3,13,-7,13,-10,12,-14,13,-16,14,-19,16,-21,19,-22,19,-22,18,-18,17,-16,16,-16,15,-14,15,-13,12,-12,8,-10,6,-9,3,-8,-1,-7,-5,-7,-8,-7,-11,-8,-12,-7,-4,-2,0,0,0,0,0,0,0,0,0,0,0,0,0,0,0,0,0,0,-2,2,-6,9,-8,9,-11,9,-13,9,-13,7,-11,5,-10,4,-8,2,-7,0,-7,1,-4,3,0,3,5,5,9,9,11,12,14,16,14,20,15,23,19,26,18,28,16,30,14,31,12,32,9,32,7,29,6,24"
72.27589726448059,470,"CSI,2226,128,101,81,22,0,-6,10,-6,10,-6,10,-6,10,-6,11,-6,11,-5,10,-5,10,-5,10,-4,11,-4,11,-4,10,-4,10,-5,10,-5,10,-5,10,-5,10,-5,9,-5,9,-5,8,-5,8,-5,7,-5,7,-5,7,-5,6,-2,1,0,0,0,0,0,0,0,0,0,0,0,0,0,0,0,0,0,0,-1,2,-4,8,-4,9,-4,9,-5,9,-5,10,-5,10,-5,10,-6,11,-6,11,-7,11,-7,11,-7,11,-7,11,-7,10,-8,10,-8,10,-7,10,-7,11,-7,11,-7,11,-7,11,-7,10,-7,11,-6,11,-7,11,-7,11"
72.30652904510498,471,"CSI,1920,128,83,49,21,0,-6,-11,-7,-6,-11,0,-16,2,-20,4,-24,9,-25,15,-24,20,-22,19,-22,15,-22,13,-20,13,-20,14,-20,14,-18,12,-16,9,-14,9,-10,8,-6,7,-2,5,2,3,5,3,9,4,12,6,15,7,4,1,0,0,0,0,0,0,0,0,0,0,0,0,0,0,0,0,0,0,2,1,9,3,9,2,11,2,11,4,11,7,10,8,9,7,7,6,7,7,6,8,2,4,-1,-2,-2,-7,-2,-12,-2,-19,-1,-24,-2,-28,1,-32,5,-35,6,-36,7,-35,8,-34,6,-31,5,-31,7,-31,7,-25"
72.33822917938232,472,"CSI,2227,128,101,81,22,0,15,18,15,18,16,17,15,16,15,16,15,15,16,15,16,15,16,15,16,15,16,15,16,14,16,14,16,14,16,14,15,14,15,14,14,14,13,14,12,13,12,12,11,12,10,12,10,12,9,12,2,3,0,0,0,0,0,0,0,0,0,0,0,0,0,0,0,0,0,0,3,2,14,11,14,12,14,13,15,13,15,14,15,16,15,17,15,18,15,18,15,18,15,19,15,20,15,21,14,20,14,20,14,20,14,20,14,20,14,19,14,19,15,19,15,19,15,19,15,18,16,18,17,18"
72.41521120071411,473,"CSI,2228,128,101,81,22,0,20,6,20,6,21,5,21,4,20,3,20,3,20,3,20,3,20,3,20,3,20,2,20,2,20,2,20,2,20,2,20,2,19,3,18,3,18,3,17,3,16,3,15,3,15,3,14,4,14,4,3,1,0,0,0,0,0,0,0,0,0,0,0,0,0,0,0,0,0,0,4,0,16,1,17,2,17,2,18,3,19,3,19,4,20,5,20,6,21,6,21,6,21,7,21,8,21,8,21,8,21,8,21,8,21,8,21,8,21,7,21,6,21,6,21,7,21,7,21,6,22,6,23,6"
72.45162010192871,474,"CSI,2540,128,83,49,21,0,-11,-10,-9,-12,-6,-14,-6,-15,-7,-14,-7,-11,-5,-9,0,-9,0,-8,-4,-6,-3,-4,-2,-3,-2,0,-4,3,-5,5,-4,6,-4,7,-4,6,-4,6,-4,7,-4,8,-4,8,-4,5,-2,2,-3,2,-1,0,0,0,0,0,0,0,0,0,0,0,0,0,0,0,0,0,0,0,-3,0,-9,3,-7,4,-6,4,-6,5,-6,5,-6,4,-5,4,-3,2,-1,2,1,4,4,3,8,1,10,3,11,5,11,3,11,4,11,5,11,5,11,4,9,4,5,2,3,1,1,2,-1,0,-1,-3,1,-5"
72.5348973274231,475,"CSI,2229,128,101,81,22,0,-11,20,-10,20,-10,20,-10,20,-10,20,-9,20,-8,20,-7,20,-7,20,-7,20,-7,20,-7,20,-7,20,-7,19,-7,19,-7,19,-7,18,-7,18,-7,17,-7,16,-7,15,-7,14,-7,14,-7,13,-7,12,-2,3,0,0,0,0,0,0,0,0,0,0,0,0,0,0,0,0,0,0,-2,4,-6,17,-6,17,-7,18,-8,18,-8,19,-8,19,-9,20,-10,20,-11,21,-12,21,-13,21,-13,21,-13,21,-13,21,-13,21,-13,20,-13,20,-12,20,-13,20,-12,20,-12,20,-11,21,-11,21,-11,20,-12,21,-11,22"
72.65595531463623,476,"CSI,2230,128,101,81,22,0,-15,-19,-15,-19,-16,-18,-16,-17,-15,-17,-16,-16,-16,-17,-17,-17,-17,-17,-17,-16,-17,-16,-16,-16,-16,-15,-16,-15,-16,-15,-15,-15,-15,-15,-14,-15,-14,-15,-13,-14,-12,-13,-12,-13,-11,-13,-10,-13,-10,-13,-3,-4,0,0,0,0,0,0,0,0,0,0,0,0,0,0,0,0,0,0,-4,-3,-14,-12,-14,-12,-14,-13,-15,-14,-15,-15,-16,-16,-16,-17,-16,-18,-16,-19,-15,-19,-15,-20,-15,-21,-15,-22,-15,-21,-15,-21,-15,-21,-15,-21,-15,-21,-14,-20,-15,-20,-15,-20,-15,-20,-16,-20,-16,-20,-16,-20,-17,-20"
72.68652606010437,477,"CSI,291,128,-117,-78,40,0,-2,19,-2,19,-1,19,-1,18,-2,18,-1,18,0,18,0,18,0,18,1,18,1,18,1,18,1,18,1,17,0,17,0,17,0,17,0,16,-1,16,-1,15,-1,14,-1,13,-1,13,-2,12,-2,12,-1,3,0,0,0,0,0,0,0,0,0,0,0,0,0,0,0,0,0,0,0,3,1,13,1,14,0,15,0,15,0,16,0,17,-1,18,-1,19,-2,19,-3,19,-3,19,-3,20,-3,20,-3,20,-4,20,-4,20,-4,20,-3,19,-4,19,-4,19,-3,19,-3,19,-2,20,-2,20,-2,20,-2,20"
72.71995329856873,478,"CSI,3821,128,-5,-79,31,0,-10,21,-9,21,-9,21,-9,21,-9,21,-8,21,-7,21,-7,21,-7,21,-6,21,-6,21,-6,21,-6,21,-6,20,-7,20,-7,20,-7,19,-6,19,-7,18,-7,17,-7,16,-7,15,-7,14,-7,14,-7,13,-2,3,0,0,0,0,0,0,0,0,0,0,0,0,0,0,0,0,0,0,-1,3,-5,15,-5,16,-5,17,-6,17,-6,18,-7,19,-7,20,-8,20,-9,20,-10,20,-11,21,-11,21,-11,21,-11,21,-11,21,-11,21,-11,21,-11,21,-11,21,-11,21,-11,21,-10,21,-10,21,-10,21,-11,22,-11,22"
72.75322818756104,479,"CSI,3822,128,-5,-79,31,0,14,18,14,18,15,17,14,16,14,16,14,15,15,15,16,15,16,15,16,15,15,15,15,15,15,14,15,14,15,14,14,14,14,15,13,14,13,14,12,13,11,12,11,12,10,12,9,12,9,12,2,3,0,0,0,0,0,0,0,0,0,0,0,0,0,0,0,0,0,0,2,2,11,10,12,11,12,12,12,12,13,13,13,15,13,16,13,16,13,17,13,18,13,18,13,19,13,19,12,19,12,19,13,19,13,19,13,19,13,18,13,18,13,18,14,18,14,19,14,18,14,18,14,19"
72.78651595115662,480,"CSI,1936,128,83,49,21,0,1,9,4,8,7,5,12,2,15,-1,17,-1,19,-1,20,-4,20,-4,23,-3,26,-4,25,-6,23,-6,21,-5,18,-3,15,-3,15,-3,13,-3,10,-3,7,-3,1,-4,-2,-6,-4,-8,-7,-9,-10,-8,-3,-2,0,0,0,0,0,0,0,0,0,0,0,0,0,0,0,0,0,0,-3,-1,-9,-4,-9,-5,-9,-6,-7,-7,-6,-9,-6,-10,-6,-12,-4,-12,-3,-10,-2,-7,-1,-3,0,1,0,4,-2,8,-5,12,-9,16,-11,18,-14,20,-17,22,-20,24,-21,26,-21,26,-23,24,-23,21,-22,21,-24,22"
72.8254599571228,481,"CSI,2231,128,101,81,22,0,-21,-10,-22,-10,-22,-9,-21,-8,-21,-8,-21,-7,-21,-7,-21,-7,-21,-7,-21,-6,-21,-6,-21,-6,-20,-5,-21,-5,-20,-5,-20,-5,-19,-6,-19,-6,-18,-6,-17,-5,-16,-5,-16,-5,-15,-5,-14,-5,-14,-5,-4,-2,0,0,0,0,0,0,0,0,0,0,0,0,0,0,0,0,0,0,-5,-2,-18,-6,-19,-6,-19,-7,-20,-7,-21,-8,-21,-9,-21,-10,-22,-11,-22,-11,-22,-12,-22,-13,-22,-13,-22,-14,-22,-14,-22,-14,-22,-14,-22,-13,-22,-13,-22,-12,-22,-11,-22,-11,-22,-12,-22,-12,-22,-11,-22,-11,-23,-12"
72.85875916481018,482,"CSI,1940,128,83,49,21,0,11,-3,6,-6,1,-7,-6,-9,-12,-11,-16,-13,-15,-12,-11,-11,-13,-15,-18,-20,-19,-19,-19,-18,-19,-18,-17,-17,-15,-14,-13,-11,-10,-8,-8,-7,-6,-6,-5,-2,-4,2,-4,5,-4,7,-4,9,-3,11,-1,2,0,0,0,0,0,0,0,0,0,0,0,0,0,0,0,0,0,0,0,1,4,7,5,8,4,9,2,10,1,12,0,12,-2,11,-4,9,-4,6,-3,2,-1,-1,0,-3,1,-7,6,-11,13,-9,17,-8,21,-8,25,-9,27,-8,26,-6,27,-8,28,-11,29,-9,30,-5,28,-5,25,-8"
72.88927793502808,483,"CSI,2557,128,83,49,21,0,8,24,9,23,7,20,4,18,5,18,5,18,6,16,10,14,10,10,6,5,4,2,4,0,5,-1,5,-1,7,-3,8,-5,7,-7,9,-9,10,-7,8,-5,6,-4,5,-5,4,-4,4,-3,3,-5,0,-2,0,0,0,0,0,0,0,0,0,0,0,0,0,0,0,0,0,0,0,-2,1,-8,3,-7,4,-6,3,-6,2,-5,2,-4,2,-1,-1,0,-4,-1,-6,-1,-8,1,-13,3,-14,0,-13,-2,-15,-2,-16,-4,-15,-5,-14,-6,-14,-6,-13,-4,-10,-2,-6,1,-3,6,-5,9,-5,8,-3,8"
72.9172523021698,484,"CSI,2232,128,101,81,22,0,9,20,10,20,10,20,10,19,10,18,10,18,11,18,12,18,11,18,11,18,11,18,11,18,11,18,12,17,11,17,11,17,10,18,10,17,9,17,8,16,8,15,7,15,6,14,6,14,5,14,1,3,0,0,0,0,0,0,0,0,0,0,0,0,0,0,0,0,0,0,2,3,9,13,9,13,9,14,9,15,9,16,10,17,10,18,10,19,9,19,8,20,8,21,8,21,8,22,8,22,8,21,8,21,8,21,8,21,8,21,8,20,9,20,9,21,10,21,9,21,9,21,10,21"
72.9518620967865,485,"CSI,1944,128,83,49,21,0,18,-10,11,-10,4,-12,-1,-13,-4,-14,-9,-15,-12,-16,-11,-15,-14,-18,-19,-20,-20,-21,-19,-22,-18,-21,-17,-19,-16,-19,-14,-20,-12,-17,-9,-12,-7,-8,-8,-7,-8,-5,-6,0,-3,5,-3,8,-6,8,-2,1,0,0,0,0,0,0,0,0,0,0,0,0,0,0,0,0,0,0,2,1,9,4,8,6,6,7,4,9,6,13,4,14,-1,12,-2,12,-1,12,-3,9,-3,4,0,-1,3,-5,6,-8,12,-10,17,-10,19,-11,21,-14,26,-13,30,-12,33,-12,36,-13,37,-13,35,-13,31,-12,28,-11"
73.00173807144165,486,"CSI,1948,128,83,49,21,0,19,4,20,0,19,-3,16,-7,17,-14,19,-18,19,-25,17,-31,15,-25,17,-18,18,-16,21,-15,21,-16,19,-13,18,-9,17,-8,13,-8,9,-6,8,-4,7,-4,3,-4,-1,-5,-3,-8,-4,-11,-7,-14,-2,-4,0,0,0,0,0,0,0,0,0,0,0,0,0,0,0,0,0,0,2,2,9,9,10,10,10,8,8,8,5,10,2,13,0,14,-2,12,-3,9,-3,8,-3,6,1,1,7,-3,13,-3,19,2,23,6,26,5,29,5,30,8,32,10,34,11,35,14,34,16,31,15,28,13,25,10"
73.1009361743927,487,"CSI,2234,128,101,81,22,0,-24,-1,-24,-1,-24,0,-24,0,-24,1,-23,1,-23,1,-23,1,-23,2,-23,2,-22,2,-22,2,-22,2,-22,3,-22,3,-22,2,-21,1,-20,1,-20,1,-19,1,-18,1,-18,0,-17,0,-17,0,-16,-1,-4,-1,0,0,0,0,0,0,0,0,0,0,0,0,0,0,0,0,0,0,-5,0,-19,1,-19,0,-20,0,-21,0,-22,0,-22,-1,-23,-2,-23,-2,-24,-2,-25,-3,-25,-4,-25,-5,-25,-5,-25,-5,-25,-4,-25,-4,-25,-4,-25,-4,-25,-3,-25,-2,-25,-2,-25,-2,-25,-3,-25,-2,-26,-2,-27,-1"
73.13043522834778,488,"CSI,1952,128,83,49,21,0,10,14,13,8,17,4,21,3,22,4,23,2,25,-2,24,-6,23,-4,25,0,25,1,24,-1,22,-2,20,0,18,1,17,2,14,1,11,0,6,-2,3,-6,3,-8,0,-9,-2,-11,-3,-13,-3,-14,-1,-4,0,0,0,0,0,0,0,0,0,0,0,0,0,0,0,0,0,0,-2,1,-8,7,-9,9,-11,11,-15,10,-16,6,-14,2,-11,2,-9,4,-8,5,-6,3,-2,3,2,6,6,10,10,16,10,20,8,24,6,27,5,31,3,35,2,35,0,33,-4,32,-4,29,-2,29,2,29,3,26"
73.20826315879822,489,"CSI,1956,128,83,49,21,0,-1,17,7,15,14,11,18,7,19,4,22,6,22,1,20,-8,21,-1,23,7,23,7,22,8,21,10,22,8,23,6,19,4,13,4,10,3,8,0,3,-3,0,-4,-1,-7,0,-8,0,-7,1,-8,0,-2,0,0,0,0,0,0,0,0,0,0,0,0,0,0,0,0,0,0,-4,0,-16,1,-15,-1,-14,0,-13,0,-12,-3,-11,-6,-11,-8,-10,-8,-8,-6,-6,-5,-3,-3,0,3,2,9,1,14,-3,20,-7,25,-9,29,-11,32,-14,33,-17,32,-20,32,-19,29,-18,27,-19,25,-18,23,-14,23"
73.2444920539856,490,"CSI,2235,128,101,81,22,0,-15,18,-15,19,-15,18,-15,18,-14,18,-14,18,-12,19,-12,19,-12,19,-11,19,-11,19,-11,19,-11,19,-12,18,-12,18,-12,18,-11,17,-11,17,-11,16,-11,15,-11,14,-11,14,-11,13,-11,12,-11,11,-3,2,0,0,0,0,0,0,0,0,0,0,0,0,0,0,0,0,0,0,-3,3,-9,15,-10,15,-11,16,-12,16,-12,17,-13,17,-13,18,-14,18,-15,18,-16,18,-17,18,-16,18,-16,18,-17,18,-17,17,-17,17,-17,17,-17,18,-17,18,-17,18,-17,18,-16,18,-15,18,-15,18,-16,18,-16,19"
73.27365303039551,491,"CSI,2571,128,83,49,21,0,0,-12,-1,-8,-1,-5,-3,-4,-5,-3,-8,0,-8,2,-6,1,-7,-1,-12,0,-14,2,-15,0,-14,1,-12,3,-11,2,-11,-1,-8,-3,-5,-3,-5,-1,-6,0,-4,-2,-2,-1,0,1,0,2,0,3,-1,1,0,0,0,0,0,0,0,0,0,0,0,0,0,0,0,0,0,0,-1,0,-1,0,0,1,1,3,1,4,1,4,3,7,4,10,4,12,3,11,3,10,3,9,0,7,-1,5,0,5,1,2,1,-1,1,-2,-1,-3,0,-5,2,-8,2,-12,4,-16,6,-17,8,-16,9,-16,8,-17"
73.31069016456604,492,"CSI,1960,128,83,49,21,0,5,17,13,16,19,15,20,12,20,12,23,18,25,12,27,1,23,8,18,18,16,18,17,15,17,12,18,13,19,13,18,11,13,8,9,4,10,1,10,-1,10,-2,10,-4,10,-6,11,-5,11,-6,2,-2,0,0,0,0,0,0,0,0,0,0,0,0,0,0,0,0,0,0,-4,2,-12,8,-11,8,-10,11,-12,10,-13,6,-14,5,-14,5,-14,4,-12,3,-9,2,-4,5,2,12,6,15,5,17,1,21,2,27,3,30,0,31,-4,34,-8,36,-11,35,-9,35,-9,34,-12,33,-13,30,-11,26"
73.33846116065979,493,"CSI,2236,128,101,81,22,0,7,22,8,22,8,22,8,21,8,21,8,20,9,20,10,20,10,20,10,20,10,20,10,20,10,20,10,19,10,19,9,19,8,19,8,19,7,18,7,17,6,16,6,16,5,15,5,15,4,15,1,3,0,0,0,0,0,0,0,0,0,0,0,0,0,0,0,0,0,0,2,3,8,14,8,15,8,16,8,17,8,18,8,19,8,20,8,21,7,21,7,21,7,22,7,23,6,24,6,24,6,23,6,23,6,24,6,23,6,23,6,22,6,22,7,23,8,23,8,23,8,23,9,23"
73.41378927230835,494,"CSI,1964,128,83,49,21,0,1,14,4,10,11,5,17,2,19,2,21,4,21,-4,19,-13,23,-8,24,1,22,2,21,-2,22,-6,23,-5,21,-2,17,-2,15,-3,12,-3,9,-3,5,-4,4,-5,4,-7,-1,-10,-5,-12,-5,-11,-2,-3,0,0,0,0,0,0,0,0,0,0,0,0,0,0,0,0,0,0,-3,-1,-11,-4,-11,-5,-11,-7,-10,-9,-10,-12,-9,-13,-10,-12,-10,-10,-8,-8,-6,-6,-5,-4,-2,-1,1,5,-1,10,-5,16,-8,21,-10,26,-13,29,-15,29,-17,27,-18,26,-18,27,-18,28,-17,26,-14,23,-13,20"
73.5157151222229,495,"CSI,1968,128,83,49,21,0,-17,-2,-13,0,-8,4,-7,8,-7,13,-6,19,-8,23,-12,22,-9,22,-3,27,-1,28,-2,26,-3,24,-2,25,-2,24,-1,22,-1,16,1,11,1,7,-1,5,0,4,5,2,8,-2,10,-4,11,-4,2,-1,0,0,0,0,0,0,0,0,0,0,0,0,0,0,0,0,0,0,0,-1,0,-5,-1,-7,2,-11,6,-14,9,-14,10,-12,10,-11,8,-9,8,-6,9,-3,6,-4,1,-4,-4,-2,-10,-1,-15,-4,-18,-8,-23,-9,-26,-12,-26,-17,-28,-19,-30,-19,-29,-18,-26,-18,-25,-19,-24,-19,-23,-18"
73.55041527748108,496,"CSI,2238,128,101,81,22,0,13,-2,13,-2,13,-2,13,-3,13,-3,13,-3,13,-3,12,-3,12,-3,12,-3,12,-4,12,-4,12,-4,12,-4,12,-4,12,-3,11,-3,11,-3,10,-3,10,-3,10,-3,9,-2,9,-2,9,-1,8,-1,2,-1,0,0,0,0,0,0,0,0,0,0,0,0,0,0,0,0,0,0,2,-1,9,-3,10,-3,10,-3,11,-3,11,-2,12,-2,12,-2,12,-2,13,-2,13,-1,13,-1,13,-1,13,0,13,-1,13,-1,13,-1,13,-1,13,-1,14,-1,14,-2,14,-2,14,-2,13,-2,13,-2,14,-2,14,-2"
73.66626715660095,497,"CSI,2239,128,101,81,22,0,14,-18,14,-18,14,-18,14,-18,14,-18,13,-18,12,-18,11,-19,11,-19,11,-19,10,-19,10,-18,10,-18,10,-18,11,-17,11,-17,10,-17,10,-16,10,-15,10,-14,10,-14,9,-13,9,-12,9,-12,9,-11,2,-3,0,0,0,0,0,0,0,0,0,0,0,0,0,0,0,0,0,0,2,-4,9,-15,9,-16,10,-16,11,-17,12,-17,12,-18,13,-18,14,-18,15,-18,16,-18,16,-18,16,-18,17,-18,17,-18,17,-18,17,-17,16,-17,16,-18,17,-18,17,-18,16,-18,15,-18,15,-18,15,-18,16,-19,16,-19"
73.71232223510742,498,"CSI,301,128,-117,-78,40,0,-10,-19,-10,-19,-10,-19,-10,-18,-10,-18,-10,-17,-11,-17,-11,-17,-11,-17,-11,-17,-11,-17,-11,-17,-11,-16,-11,-16,-11,-16,-10,-16,-10,-16,-9,-16,-9,-15,-8,-14,-8,-13,-7,-13,-7,-13,-6,-13,-6,-13,-2,-4,0,0,0,0,0,0,0,0,0,0,0,0,0,0,0,0,0,0,-3,-4,-9,-13,-9,-14,-9,-14,-9,-15,-10,-16,-10,-17,-10,-18,-10,-19,-9,-19,-9,-19,-9,-20,-9,-21,-8,-21,-8,-21,-8,-21,-9,-21,-9,-21,-9,-21,-8,-20,-9,-20,-9,-20,-9,-20,-10,-20,-10,-20,-10,-20,-11,-20"
73.74291825294495,499,"CSI,1976,128,83,49,21,0,16,-4,13,-8,6,-10,2,-12,1,-17,0,-22,3,-22,8,-20,4,-22,0,-24,-2,-25,-3,-24,-2,-22,-3,-22,-4,-21,-1,-17,1,-13,-1,-9,-2,-7,-3,-6,-4,-5,-5,-2,-6,-1,-10,0,-13,1,-4,0,0,0,0,0,0,0,0,0,0,0,0,0,0,0,0,0,0,0,1,1,6,6,4,9,2,13,1,15,0,14,-1,11,-3,10,-4,6,-3,3,-2,4,1,3,5,-1,10,-4,15,-2,20,0,23,0,26,0,28,2,29,3,29,4,30,6,31,7,30,9,27,8,25,6,24,4"
73.77901530265808,500,"CSI,3824,128,-5,-79,31,0,-13,20,-12,20,-12,20,-12,20,-12,20,-12,20,-10,20,-10,20,-10,20,-9,20,-9,20,-9,20,-9,20,-9,19,-10,19,-10,19,-9,19,-9,18,-9,17,-10,16,-10,15,-9,14,-9,13,-9,13,-9,12,-3,3,0,0,0,0,0,0,0,0,0,0,0,0,0,0,0,0,0,0,-2,4,-7,16,-7,16,-8,17,-9,18,-10,18,-10,19,-11,19,-12,20,-13,20,-14,20,-14,20,-14,20,-14,20,-14,20,-15,20,-15,20,-14,20,-14,20,-15,20,-15,20,-14,20,-13,20,-13,20,-13,20,-14,21,-14,21"
73.81245422363281,501,"CSI,2240,128,101,81,22,0,9,-17,9,-17,9,-17,9,-17,9,-17,9,-17,8,-17,7,-17,7,-17,7,-17,7,-17,6,-17,7,-17,7,-17,7,-16,8,-16,7,-16,7,-15,7,-14,7,-14,7,-13,7,-12,7,-12,7,-11,7,-11,1,-3,0,0,0,0,0,0,0,0,0,0,0,0,0,0,0,0,0,0,1,-4,5,-13,5,-13,6,-14,7,-14,7,-15,7,-15,8,-16,9,-16,10,-16,10,-16,11,-16,11,-16,11,-16,11,-16,11,-16,11,-16,11,-16,11,-16,11,-16,11,-16,11,-16,10,-17,10,-17,10,-16,11,-17,11,-17"
73.84392714500427,502,"CSI,1980,128,83,49,21,0,-10,12,-6,11,1,10,7,12,10,16,12,17,11,15,8,12,12,13,17,16,18,16,19,16,20,15,20,14,16,12,13,9,11,5,9,4,6,2,5,1,5,-2,5,-8,4,-10,4,-9,4,-9,1,-3,0,0,0,0,0,0,0,0,0,0,0,0,0,0,0,0,0,0,-3,-2,-8,-7,-8,-7,-8,-8,-7,-11,-5,-13,-4,-14,-2,-12,1,-10,1,-7,0,-3,-1,-1,-4,2,-5,5,-6,6,-11,8,-18,11,-20,12,-24,14,-30,15,-33,14,-33,13,-31,11,-28,9,-25,8,-23,8,-23,8"
73.95536732673645,503,"CSI,25,128,75,-79,20,0,-5,-21,-10,-18,-15,-15,-16,-14,-17,-12,-20,-9,-19,-8,-17,-9,-20,-9,-23,-6,-24,-4,-25,-5,-25,-8,-22,-10,-19,-10,-18,-9,-15,-8,-14,-5,-13,-4,-11,-1,-8,1,-6,3,-8,7,-9,10,-8,10,-2,2,0,0,0,0,0,0,0,0,0,0,0,0,0,0,0,0,0,0,0,-3,4,-11,7,-10,9,-9,11,-9,13,-7,13,-6,10,-4,8,-1,8,0,7,0,3,-1,-2,-5,-3,-12,-4,-17,-5,-19,-6,-22,-4,-22,-1,-24,1,-30,3,-32,6,-30,8,-27,9,-27,8,-26,6,-24,6,-23"
74.00539422035217,504,"CSI,2242,128,101,81,22,0,-16,-14,-16,-13,-17,-13,-17,-12,-17,-12,-17,-12,-17,-12,-17,-12,-17,-12,-17,-12,-17,-12,-17,-11,-17,-11,-17,-11,-17,-11,-16,-12,-16,-12,-15,-12,-14,-12,-14,-11,-13,-11,-12,-11,-12,-11,-11,-11,-10,-11,-3,-3,0,0,0,0,0,0,0,0,0,0,0,0,0,0,0,0,0,0,-3,-2,-12,-8,-12,-8,-12,-9,-13,-9,-14,-10,-14,-11,-14,-12,-14,-12,-15,-12,-14,-13,-14,-14,-14,-15,-14,-15,-14,-15,-14,-15,-15,-15,-15,-15,-15,-15,-15,-14,-15,-13,-16,-13,-16,-14,-16,-14,-16,-14,-17,-14,-18,-14"
74.03874516487122,505,"CSI,1988,128,83,49,21,0,13,-11,6,-10,3,-12,-1,-14,-2,-16,-3,-19,-1,-19,2,-18,-1,-21,-5,-26,-7,-30,-8,-32,-5,-29,-1,-25,0,-23,-1,-20,-1,-16,0,-13,0,-10,-3,-5,-7,-3,-8,-3,-8,-2,-11,-2,-15,-1,-5,-1,0,0,0,0,0,0,0,0,0,0,0,0,0,0,0,0,0,0,2,0,10,3,11,5,12,6,11,7,11,8,13,9,11,10,8,8,6,6,3,5,3,2,4,-2,6,-7,10,-10,13,-12,15,-12,17,-13,21,-13,26,-13,29,-11,30,-7,29,-6,27,-6,24,-10,21,-15,18,-14"
74.12299799919128,506,"CSI,2243,128,101,81,22,0,19,-5,19,-5,19,-6,19,-6,19,-7,19,-7,18,-7,18,-7,18,-7,17,-7,17,-7,17,-7,17,-7,18,-7,18,-7,17,-6,17,-6,16,-5,16,-5,15,-4,15,-4,14,-4,14,-4,13,-3,13,-2,3,-1,0,0,0,0,0,0,0,0,0,0,0,0,0,0,0,0,0,0,3,-2,13,-7,13,-7,14,-7,15,-7,15,-7,16,-6,17,-6,17,-6,19,-6,19,-6,19,-5,19,-4,19,-4,19,-4,20,-4,20,-4,19,-4,19,-4,20,-5,20,-5,20,-5,20,-5,19,-5,20,-5,21,-6,21,-6"
74.15379524230957,507,"CSI,1992,128,83,49,21,0,15,-1,14,-4,15,-5,18,-8,20,-10,21,-15,21,-15,20,-10,19,-11,19,-17,20,-19,19,-19,19,-18,20,-16,19,-12,17,-10,13,-7,10,-5,8,-7,7,-10,5,-9,2,-9,0,-9,-2,-10,-3,-10,-1,-3,0,0,0,0,0,0,0,0,0,0,0,0,0,0,0,0,0,0,1,0,6,3,6,6,7,10,5,12,3,11,2,12,2,14,1,14,1,11,2,9,2,6,2,3,6,2,11,0,16,-1,21,0,24,2,27,5,31,6,32,9,31,13,29,14,27,15,25,15,22,9,23,3"
74.23150420188904,508,"CSI,1996,128,83,49,21,0,14,-9,9,-10,4,-15,0,-21,-3,-24,-6,-24,-6,-26,-2,-28,-5,-28,-11,-26,-14,-23,-13,-23,-9,-25,-5,-26,-2,-23,0,-17,1,-15,-1,-14,-4,-10,-4,-7,-3,-5,-4,-2,-6,1,-10,3,-13,1,-4,-1,0,0,0,0,0,0,0,0,0,0,0,0,0,0,0,0,0,0,1,1,7,6,8,10,8,13,5,13,2,14,2,14,2,12,2,11,0,12,-2,11,-2,8,2,3,7,-2,9,-3,11,-4,16,-4,20,-4,22,-4,25,-5,30,-3,33,1,30,1,28,0,28,-1,24,-4,21,-5"
74.29618000984192,509,"CSI,2610,128,83,49,21,0,-11,-9,-10,-8,-7,-5,-5,0,-4,1,-4,2,-3,3,-1,1,-3,1,-8,2,-10,2,-11,3,-11,5,-9,3,-6,0,-5,0,-6,2,-6,2,-5,1,-2,0,1,-2,2,-3,2,-2,2,-1,3,1,0,0,0,0,0,0,0,0,0,0,0,0,0,0,0,0,0,0,0,0,1,0,3,0,0,0,0,-3,1,-5,2,-5,2,-6,2,-8,3,-8,4,-8,6,-7,8,-4,8,-3,7,-3,3,-3,-1,-1,-2,-2,-3,-3,-5,-1,-6,-1,-8,-5,-11,-8,-14,-7,-15,-8,-16,-12,-16,-13,-16,-10"
74.44703221321106,510,"CSI,2246,128,101,81,22,0,17,2,17,2,18,1,18,1,18,0,17,0,17,0,17,0,17,-1,17,-1,16,-1,16,-1,16,-1,17,-1,17,-1,16,-1,16,0,15,0,15,0,14,0,14,0,13,0,13,1,12,1,12,1,3,0,0,0,0,0,0,0,0,0,0,0,0,0,0,0,0,0,0,0,3,0,14,0,14,0,15,0,16,0,16,1,17,1,17,2,17,2,18,3,19,3,18,4,18,4,18,5,18,4,18,4,18,4,18,4,18,4,18,3,19,3,19,2,18,3,18,3,18,3,19,3,19,2"
74.53687715530396,511,"CSI,2008,128,83,49,21,0,0,17,5,15,8,13,11,11,12,11,13,13,16,13,19,9,20,12,20,18,19,21,18,21,16,20,14,19,12,19,8,18,6,15,6,8,5,5,5,4,5,3,5,2,7,-1,8,-2,9,-3,2,-1,0,0,0,0,0,0,0,0,0,0,0,0,0,0,0,0,0,0,-2,2,-6,9,-6,11,-5,13,-6,13,-8,10,-9,7,-9,7,-9,7,-10,7,-9,7,-5,5,-1,4,1,7,4,11,4,17,2,22,0,24,1,24,1,24,1,25,-1,25,-6,26,-9,27,-9,28,-7,27,-2,26"
74.56819820404053,512,"CSI,2247,128,101,81,22,0,14,-2,14,-2,14,-2,14,-2,14,-3,14,-3,14,-3,13,-3,13,-3,13,-4,13,-4,13,-4,13,-4,13,-4,13,-4,13,-4,13,-3,12,-3,12,-3,12,-3,11,-3,11,-2,10,-2,10,-2,10,-1,2,-1,0,0,0,0,0,0,0,0,0,0,0,0,0,0,0,0,0,0,2,-1,10,-2,10,-2,11,-2,11,-2,12,-1,12,-1,13,-1,13,-1,14,-1,14,0,14,0,14,0,14,0,14,0,14,0,14,0,14,0,14,0,15,-1,15,-1,15,-1,14,-1,14,-1,14,-1,15,-1,15,-1"
74.64197707176208,513,"CSI,2012,128,83,49,21,0,-18,0,-16,3,-12,7,-9,12,-8,17,-7,21,-9,23,-11,25,-9,28,-5,29,-5,29,-7,29,-7,27,-9,25,-11,24,-10,21,-7,15,-5,11,-4,8,-1,6,1,5,4,4,9,4,11,5,10,8,2,2,0,0,0,0,0,0,0,0,0,0,0,0,0,0,0,0,0,0,-2,-3,-6,-9,-8,-8,-9,-9,-7,-11,-6,-12,-5,-13,-3,-14,-3,-13,-3,-11,-2,-8,-2,-7,-6,-6,-9,-4,-12,-1,-15,1,-19,1,-23,0,-26,1,-28,0,-31,-3,-33,-4,-31,-5,-29,-6,-29,-3,-29,-1,-24,-6"
74.67608118057251,514,"CSI,2248,128,101,81,22,0,13,14,14,14,14,13,14,13,14,12,14,12,14,12,14,12,15,12,15,12,14,11,14,11,14,11,14,11,14,10,13,11,13,11,12,11,12,11,11,10,11,9,10,9,10,9,9,9,8,9,2,2,0,0,0,0,0,0,0,0,0,0,0,0,0,0,0,0,0,0,2,2,11,8,12,8,12,9,12,10,13,10,13,11,13,12,14,13,14,13,13,14,13,15,13,15,13,16,13,16,13,15,13,15,13,16,13,15,13,15,13,14,14,14,14,15,14,15,14,15,14,15,15,15"
74.74418115615845,515,"CSI,2016,128,83,49,21,0,19,-5,14,-8,8,-10,5,-13,5,-16,3,-20,4,-23,9,-25,10,-29,7,-35,4,-34,2,-31,4,-29,8,-25,8,-23,7,-20,5,-17,2,-14,1,-11,-1,-7,-5,-5,-7,-5,-7,-3,-10,-2,-13,-3,-4,-1,0,0,0,0,0,0,0,0,0,0,0,0,0,0,0,0,0,0,1,1,6,9,4,12,3,13,2,15,0,16,-2,16,-1,13,1,10,0,9,-1,8,1,7,4,5,7,2,11,0,15,-3,20,-3,24,0,26,3,28,5,32,8,35,9,35,10,31,10,29,9,29,9,30,8"
74.78033828735352,516,"CSI,312,128,-117,-78,40,0,-19,12,-18,12,-18,12,-18,12,-18,13,-17,13,-16,13,-16,13,-16,13,-15,13,-15,14,-15,14,-15,13,-15,13,-16,13,-15,13,-15,12,-14,11,-14,10,-14,10,-14,9,-13,9,-13,8,-13,7,-12,7,-3,1,0,0,0,0,0,0,0,0,0,0,0,0,0,0,0,0,0,0,-3,2,-12,11,-13,11,-14,12,-15,12,-15,12,-16,12,-16,13,-17,13,-19,13,-20,13,-20,12,-20,12,-20,11,-20,11,-20,11,-20,11,-20,11,-20,11,-20,12,-20,12,-20,12,-19,12,-19,12,-19,12,-20,12,-20,12"
74.81054615974426,517,"CSI,2249,128,101,81,22,0,10,15,10,15,11,14,11,14,11,13,11,13,11,13,12,13,12,13,12,12,12,12,11,12,11,12,12,12,11,12,11,12,10,12,10,12,9,11,9,10,8,10,8,10,7,9,7,9,6,9,1,2,0,0,0,0,0,0,0,0,0,0,0,0,0,0,0,0,0,0,2,2,10,9,10,10,10,10,10,11,10,12,11,13,11,14,11,14,11,15,10,15,10,16,10,16,10,17,10,17,10,17,10,16,10,17,10,16,10,16,10,15,10,15,11,15,11,16,11,16,11,15,12,16"
74.84713315963745,518,"CSI,2020,128,83,49,21,0,2,-16,0,-14,-4,-12,-8,-10,-12,-10,-15,-11,-16,-11,-14,-12,-18,-12,-25,-14,-27,-16,-25,-14,-23,-11,-21,-12,-17,-15,-14,-13,-10,-9,-7,-7,-7,-4,-7,0,-7,3,-7,5,-7,6,-7,5,-8,6,-3,1,0,0,0,0,0,0,0,0,0,0,0,0,0,0,0,0,0,0,2,-1,9,0,10,2,11,2,12,3,13,5,11,5,8,4,6,3,6,3,7,2,7,-1,4,-5,1,-9,0,-13,2,-17,5,-19,9,-21,11,-23,13,-24,16,-25,16,-23,15,-23,18,-24,20,-22,20,-23,19,-26"
74.94820022583008,519,"CSI,2024,128,83,49,21,0,-9,11,-3,10,2,12,4,15,6,16,9,15,9,14,7,13,8,16,12,18,15,19,13,21,10,22,7,21,6,19,5,15,4,11,4,6,5,3,6,2,6,-2,6,-6,6,-7,6,-7,7,-8,2,-3,0,0,0,0,0,0,0,0,0,0,0,0,0,0,0,0,0,0,-4,-2,-12,-7,-10,-9,-8,-11,-7,-12,-6,-13,-4,-13,-4,-12,-4,-11,-3,-9,-4,-5,-5,-3,-6,0,-8,4,-10,8,-13,10,-17,11,-21,12,-23,12,-24,11,-25,10,-28,10,-29,11,-25,8,-25,5,-24,6,-20,6"
75.01331114768982,520,"CSI,2251,128,101,81,22,0,-7,18,-7,18,-6,18,-6,18,-6,17,-6,17,-5,18,-5,18,-5,18,-4,18,-4,18,-4,18,-4,18,-4,17,-5,17,-5,17,-5,16,-5,16,-5,15,-5,14,-5,13,-5,13,-5,12,-5,12,-5,11,-2,2,0,0,0,0,0,0,0,0,0,0,0,0,0,0,0,0,0,0,-1,3,-3,14,-3,15,-4,15,-4,16,-5,16,-5,17,-5,18,-6,18,-7,18,-8,18,-8,19,-8,19,-8,19,-8,19,-9,18,-9,18,-9,18,-8,18,-8,18,-8,18,-8,18,-7,18,-7,18,-7,18,-8,19,-7,19"
75.04112005233765,521,"CSI,2639,128,83,49,21,0,-8,-10,-7,-8,-7,-3,-6,-1,-4,0,-1,4,-1,3,0,-1,2,2,3,7,3,9,3,9,5,9,5,10,3,9,1,8,1,6,2,3,2,2,1,1,1,0,0,-1,-4,0,-6,-1,-4,-4,-1,-2,0,0,0,0,0,0,0,0,0,0,0,0,0,0,0,0,0,0,0,1,1,3,2,3,3,2,4,1,6,5,9,9,9,8,9,7,8,7,8,5,8,5,8,5,6,4,5,3,5,2,4,1,1,-2,-3,-7,-4,-10,-4,-14,-5,-17,-7,-18,-9,-18,-11,-17,-9,-18,-7,-18"
75.07484221458435,522,"CSI,2027,128,83,49,21,0,-15,0,-14,4,-12,7,-10,8,-8,11,-9,16,-10,19,-8,17,-8,16,-10,18,-11,20,-13,21,-16,20,-14,19,-10,16,-7,13,-5,11,-4,9,-3,7,1,4,5,2,8,0,10,-2,8,0,7,2,1,0,0,0,0,0,0,0,0,0,0,0,0,0,0,0,0,0,0,0,0,-3,1,-11,1,-12,1,-13,4,-13,6,-10,7,-7,8,-6,7,-6,3,-4,-1,-2,-5,-2,-8,-2,-10,-4,-14,-6,-18,-8,-21,-9,-21,-10,-23,-13,-25,-15,-24,-15,-24,-18,-22,-20,-20,-19,-18,-16,-16,-14,-14,-13"
75.11803007125854,523,"CSI,2252,128,101,81,22,0,6,10,6,10,6,10,6,9,6,9,7,9,7,9,7,9,7,9,6,9,6,9,6,8,7,8,7,8,6,8,6,8,6,8,6,8,5,7,5,7,5,7,4,7,4,7,3,7,3,7,0,1,0,0,0,0,0,0,0,0,0,0,0,0,0,0,0,0,0,0,1,1,6,6,6,6,5,7,6,7,6,8,6,9,6,9,6,10,6,10,6,10,5,11,5,11,5,12,5,11,5,11,5,11,5,11,5,11,5,10,6,10,6,10,6,10,6,10,6,10,6,10,6,10"
75.14874124526978,524,"CSI,27,128,101,80,6,0,14,3,13,-2,9,-4,6,-8,8,-14,11,-17,14,-17,18,-16,18,-17,14,-19,13,-20,14,-19,14,-16,12,-14,11,-12,11,-10,8,-7,4,-5,2,-6,-1,-8,-3,-7,-5,-5,-9,-5,-10,-6,-8,-8,-2,-2,0,0,0,0,0,0,0,0,0,0,0,0,0,0,0,0,0,0,0,2,-2,10,-6,11,-8,10,-8,9,-8,10,-7,10,-6,10,-5,9,-4,6,-3,3,0,3,5,4,11,7,13,8,15,11,18,15,18,18,19,18,20,17,21,19,21,22,18,22,14,20,15,16,16,12,14,10"
75.17953419685364,525,"CSI,2032,128,83,49,21,0,-9,9,-5,10,-3,14,0,17,3,17,3,16,5,16,8,15,6,17,2,21,3,22,5,22,5,20,2,17,-1,15,0,13,0,11,-1,8,0,6,4,5,7,3,7,-2,8,-4,8,-2,7,-1,1,-1,0,0,0,0,0,0,0,0,0,0,0,0,0,0,0,0,0,0,-3,-1,-12,-3,-11,-4,-10,-6,-11,-7,-11,-8,-10,-8,-7,-7,-5,-5,-3,-3,-4,-1,-7,4,-7,9,-7,10,-9,9,-13,11,-19,11,-23,10,-25,8,-27,7,-29,7,-28,8,-26,5,-22,2,-21,4,-21,5,-20,6"
75.21724128723145,526,"CSI,2647,128,83,49,21,0,8,7,7,5,4,1,2,-1,0,-4,0,-7,1,-4,-1,0,-3,-1,-4,-6,-5,-8,-6,-10,-6,-10,-4,-8,-5,-5,-5,-4,-5,-3,-5,-1,-3,-1,-2,0,-2,0,0,0,3,0,4,1,4,2,1,0,0,0,0,0,0,0,0,0,0,0,0,0,0,0,0,0,0,0,1,-1,4,-2,1,-2,-1,-4,-3,-6,-4,-6,-5,-7,-4,-6,-5,-5,-8,-6,-10,-7,-10,-8,-7,-8,-6,-7,-7,-5,-5,-2,-3,2,-1,6,1,6,3,6,3,7,4,9,5,11,7,10,9,10,6,11,0,10"
75.25729632377625,527,"CSI,2036,128,83,49,21,0,4,-18,-1,-16,-3,-15,-7,-17,-12,-18,-14,-16,-14,-17,-14,-21,-16,-19,-17,-14,-17,-16,-17,-19,-15,-17,-11,-16,-11,-15,-10,-12,-7,-10,-6,-8,-5,-5,-3,-1,-4,0,-5,3,-6,9,-8,11,-8,9,-2,2,0,0,0,0,0,0,0,0,0,0,0,0,0,0,0,0,0,0,2,0,9,2,12,3,13,5,11,8,10,9,7,8,5,8,4,7,4,3,4,-2,1,-5,0,-8,3,-11,7,-13,12,-15,16,-18,18,-19,19,-18,19,-17,20,-18,21,-19,21,-18,21,-14,21,-11,19,-12,19,-14"
75.35043001174927,528,"CSI,2254,128,101,81,22,0,-12,3,-12,3,-12,2,-12,3,-12,3,-11,3,-11,4,-11,4,-11,4,-10,4,-10,4,-10,4,-10,4,-10,4,-10,4,-10,4,-10,4,-9,3,-9,3,-9,3,-9,3,-8,3,-8,2,-8,2,-8,1,-2,0,0,0,0,0,0,0,0,0,0,0,0,0,0,0,0,0,0,0,-2,0,-9,2,-9,1,-9,1,-10,2,-10,1,-11,1,-11,1,-11,1,-12,1,-12,1,-12,1,-12,1,-12,1,-12,1,-12,1,-12,1,-12,1,-12,1,-12,1,-12,2,-12,2,-12,2,-11,2,-12,2,-12,2,-12,2"
75.38100504875183,529,"CSI,2040,128,83,49,21,0,-1,14,2,12,7,10,10,9,11,11,13,14,18,14,23,10,23,9,20,10,17,11,15,11,15,13,16,12,13,11,8,11,4,9,3,5,5,1,4,0,3,-4,3,-6,5,-6,7,-6,7,-9,1,-3,0,0,0,0,0,0,0,0,0,0,0,0,0,0,0,0,0,0,-3,0,-11,3,-9,3,-10,3,-11,1,-12,-2,-11,-3,-8,-3,-6,-3,-5,-1,-4,0,-2,5,-2,10,-3,12,-3,15,-5,19,-7,22,-8,23,-10,24,-14,22,-16,20,-17,21,-16,22,-14,22,-11,18,-8,14,-9,15"
75.45908522605896,530,"CSI,2255,128,101,81,22,0,23,3,22,3,23,2,23,1,23,1,23,1,23,1,23,1,23,0,22,0,22,0,21,0,22,0,22,-1,22,0,22,0,21,1,20,2,19,2,19,1,18,1,17,2,16,2,16,2,15,3,3,0,0,0,0,0,0,0,0,0,0,0,0,0,0,0,0,0,0,0,4,0,16,0,17,0,17,0,18,1,19,1,20,2,20,3,21,3,22,3,22,3,22,4,22,5,22,6,22,5,22,5,22,5,22,5,22,5,23,4,23,4,23,3,23,4,23,4,23,4,24,3,25,3"
75.57388019561768,531,"CSI,2256,128,101,81,22,0,22,5,22,4,23,4,23,3,23,3,23,2,22,2,22,2,22,1,22,1,22,1,21,1,22,1,22,1,22,1,21,1,20,2,20,3,19,3,18,2,18,2,17,2,16,2,15,3,15,4,3,1,0,0,0,0,0,0,0,0,0,0,0,0,0,0,0,0,0,0,4,0,16,1,17,1,17,2,18,2,19,3,19,3,20,4,21,5,21,5,22,5,22,6,21,7,22,7,22,7,22,7,22,7,22,7,22,6,22,6,23,5,23,5,23,5,23,5,23,5,24,5,25,4"
75.60730314254761,532,"CSI,28,128,77,-47,20,0,-15,-2,-13,2,-9,4,-9,8,-13,11,-13,11,-12,15,-10,19,-9,17,-12,14,-16,14,-18,13,-20,11,-19,11,-16,12,-13,10,-11,6,-9,3,-6,4,-2,4,0,5,3,4,6,4,7,5,7,5,1,1,0,0,0,0,0,0,0,0,0,0,0,0,0,0,0,0,0,0,-1,-3,-4,-11,-5,-11,-6,-14,-4,-16,0,-12,4,-11,3,-12,-1,-10,-2,-7,-3,-3,-6,-1,-7,-1,-9,0,-15,-2,-20,-4,-23,-4,-25,-4,-25,-6,-25,-6,-26,-10,-26,-13,-23,-15,-20,-16,-20,-11,-23,-6,-26,-7"
75.63793730735779,533,"CSI,29,128,77,-47,20,0,-11,-12,-14,-10,-13,-7,-12,-2,-16,0,-21,2,-21,5,-16,6,-18,6,-22,5,-23,5,-22,5,-20,4,-21,5,-20,6,-16,5,-12,4,-8,5,-5,6,-4,6,-4,4,0,4,5,5,7,5,7,6,1,1,0,0,0,0,0,0,0,0,0,0,0,0,0,0,0,0,0,0,3,-1,12,-4,12,-3,12,-2,11,0,9,1,9,1,7,1,5,2,4,1,1,-2,-1,-5,-3,-8,-5,-13,-4,-19,-1,-22,0,-25,-2,-29,-1,-29,3,-27,3,-25,2,-27,4,-29,4,-28,3,-26,3,-24,4,-23"
75.67109823226929,534,"CSI,2052,128,83,49,21,0,5,13,6,10,8,6,12,2,16,1,20,0,18,-1,13,-3,15,-3,20,-3,20,-3,20,-5,20,-6,21,-4,21,-3,17,-3,11,-4,7,-4,5,-3,4,-2,0,-2,-5,-3,-6,-5,-5,-8,-4,-10,-1,-3,0,0,0,0,0,0,0,0,0,0,0,0,0,0,0,0,0,0,-3,1,-11,4,-12,2,-12,0,-12,-2,-13,-2,-11,-4,-9,-4,-6,-1,-3,2,-2,0,-2,3,-1,6,2,7,3,11,2,18,-1,23,-2,25,-3,26,-4,27,-5,28,-5,28,-4,26,-2,24,-3,26,-3,27,-2,27"
75.70149111747742,535,"CSI,2257,128,101,81,22,0,-13,7,-13,7,-13,7,-13,7,-12,7,-12,7,-12,7,-11,7,-11,8,-11,8,-11,8,-11,8,-11,8,-11,8,-11,8,-10,8,-10,7,-10,7,-10,6,-10,6,-10,6,-9,6,-9,5,-9,5,-8,4,-2,1,0,0,0,0,0,0,0,0,0,0,0,0,0,0,0,0,0,0,-3,1,-9,5,-9,5,-10,5,-11,5,-11,5,-11,5,-12,5,-12,5,-13,5,-13,5,-13,5,-13,5,-13,5,-13,5,-13,5,-14,5,-13,5,-13,5,-14,6,-14,6,-14,6,-13,6,-13,6,-13,6,-13,6,-13,6"
75.76839518547058,536,"CSI,2056,128,83,49,21,0,-5,15,-1,12,3,12,7,14,9,13,10,14,8,12,6,11,11,15,16,16,16,15,15,16,14,15,12,14,9,15,7,14,6,10,5,7,2,4,1,2,2,-2,3,-5,4,-6,4,-7,4,-7,1,-2,0,0,0,0,0,0,0,0,0,0,0,0,0,0,0,0,0,0,-4,-1,-13,-2,-13,-4,-13,-7,-13,-9,-12,-8,-9,-8,-6,-7,-4,-6,-3,-5,-2,-4,-3,0,-7,6,-8,11,-8,13,-10,14,-13,17,-17,20,-18,21,-20,18,-22,17,-23,16,-23,15,-21,15,-18,16,-16,16,-14,12"
75.80159306526184,537,"CSI,318,128,-117,-78,40,0,11,22,12,22,12,22,12,21,12,20,12,20,13,20,13,20,13,20,13,20,14,20,13,19,13,19,14,19,13,18,12,19,12,19,11,19,11,18,10,17,9,16,9,15,8,15,7,15,7,15,1,3,0,0,0,0,0,0,0,0,0,0,0,0,0,0,0,0,0,0,2,3,10,14,10,15,10,16,10,16,10,17,11,19,11,20,11,21,10,21,10,22,9,23,9,24,9,24,9,24,10,23,10,24,10,24,10,24,10,23,10,22,11,23,11,23,11,23,11,23,12,23,13,24"
75.84326314926147,538,"CSI,2258,128,101,81,22,0,-11,-23,-11,-23,-12,-22,-12,-21,-11,-21,-12,-21,-12,-21,-13,-21,-13,-21,-13,-21,-13,-21,-13,-20,-13,-20,-13,-19,-12,-19,-11,-19,-11,-20,-10,-19,-10,-19,-9,-18,-8,-17,-8,-16,-7,-16,-7,-15,-6,-15,-2,-4,0,0,0,0,0,0,0,0,0,0,0,0,0,0,0,0,0,0,-3,-4,-11,-14,-11,-15,-11,-16,-11,-16,-11,-17,-12,-18,-12,-20,-12,-20,-11,-21,-11,-21,-10,-22,-10,-23,-10,-23,-10,-23,-10,-23,-10,-23,-10,-23,-10,-23,-10,-23,-10,-22,-11,-22,-11,-23,-12,-23,-11,-23,-12,-23,-13,-24"
75.87941932678223,539,"CSI,3827,128,-5,-79,31,0,-19,15,-19,15,-18,15,-19,15,-19,15,-18,15,-17,15,-17,15,-17,16,-16,16,-16,16,-16,16,-16,16,-16,15,-16,15,-16,15,-16,14,-15,13,-15,12,-15,12,-15,11,-14,10,-14,10,-14,9,-13,8,-4,2,0,0,0,0,0,0,0,0,0,0,0,0,0,0,0,0,0,0,-3,3,-12,12,-12,12,-13,13,-14,13,-15,14,-15,14,-16,14,-17,14,-18,14,-20,14,-20,14,-20,13,-20,13,-20,14,-20,13,-20,13,-20,13,-20,13,-20,14,-20,14,-20,15,-20,14,-19,14,-20,14,-20,15,-21,15"
75.91281628608704,540,"CSI,2060,128,83,49,21,0,5,-13,2,-11,2,-10,-2,-13,-7,-16,-11,-17,-11,-20,-9,-24,-12,-22,-17,-19,-20,-17,-19,-16,-16,-18,-14,-19,-13,-18,-11,-14,-10,-12,-9,-10,-7,-7,-5,-3,-3,-1,-3,1,-3,4,-6,7,-8,9,-3,2,0,0,0,0,0,0,0,0,0,0,0,0,0,0,0,0,0,0,1,0,7,2,10,2,12,4,10,8,7,9,5,8,4,7,4,7,3,5,-1,3,-2,0,1,-4,4,-8,8,-10,12,-12,14,-15,18,-17,22,-17,25,-16,25,-14,22,-12,21,-11,22,-12,22,-13,21,-12,18,-11"
75.94918727874756,541,"CSI,2259,128,101,81,22,0,15,-17,14,-17,14,-17,14,-17,14,-17,14,-18,13,-17,12,-17,12,-18,12,-18,12,-18,11,-18,12,-17,12,-17,13,-17,13,-17,12,-16,11,-15,11,-14,11,-14,11,-13,11,-12,11,-12,11,-11,10,-10,2,-3,0,0,0,0,0,0,0,0,0,0,0,0,0,0,0,0,0,0,2,-4,9,-14,9,-14,10,-15,11,-15,11,-15,12,-16,12,-16,13,-16,14,-16,15,-16,16,-16,16,-16,16,-16,16,-16,16,-16,16,-16,16,-16,16,-16,16,-16,16,-17,16,-17,15,-17,15,-17,15,-17,16,-17,16,-18"
76.03082418441772,542,"CSI,2260,128,101,81,22,0,-3,-21,-4,-21,-4,-21,-4,-20,-4,-20,-4,-20,-5,-20,-5,-20,-5,-20,-5,-20,-5,-20,-5,-20,-5,-19,-5,-19,-4,-19,-4,-19,-4,-19,-3,-18,-3,-18,-3,-17,-2,-16,-2,-15,-1,-15,-1,-14,-1,-14,-1,-4,0,0,0,0,0,0,0,0,0,0,0,0,0,0,0,0,0,0,-2,-4,-6,-14,-5,-15,-5,-15,-5,-16,-5,-16,-5,-17,-5,-18,-5,-19,-4,-19,-3,-20,-3,-20,-3,-21,-3,-21,-3,-21,-3,-21,-3,-21,-3,-21,-3,-21,-3,-21,-3,-20,-3,-21,-4,-21,-4,-21,-4,-21,-4,-21,-4,-22"
76.14452505111694,543,"CSI,2261,128,101,81,22,0,-2,-23,-3,-23,-3,-23,-3,-22,-3,-22,-3,-22,-4,-22,-5,-22,-5,-22,-5,-22,-5,-22,-5,-22,-5,-22,-5,-21,-5,-21,-4,-21,-4,-21,-4,-20,-3,-19,-3,-18,-2,-17,-2,-17,-2,-16,-1,-16,-1,-15,-1,-4,0,0,0,0,0,0,0,0,0,0,0,0,0,0,0,0,0,0,-1,-4,-4,-16,-4,-16,-3,-17,-3,-18,-3,-19,-3,-20,-3,-21,-2,-22,-2,-22,-1,-22,-1,-22,-1,-23,-1,-24,-1,-24,0,-24,-1,-23,-1,-24,-1,-23,-1,-23,-1,-23,-1,-23,-2,-23,-3,-23,-2,-23,-2,-24,-3,-24"
76.172119140625,544,"CSI,2683,128,83,49,21,0,-5,-12,-5,-8,-2,-2,-1,0,-2,1,-4,5,-5,4,-3,-1,-4,4,-6,10,-7,11,-7,12,-8,11,-7,10,-5,7,-2,4,1,3,2,2,1,2,-1,1,0,-1,0,-3,0,-5,3,-5,5,-5,1,-2,0,0,0,0,0,0,0,0,0,0,0,0,0,0,0,0,0,0,-1,-1,-1,0,-1,1,0,1,0,4,1,6,3,7,3,9,4,8,4,8,2,10,0,9,0,8,0,6,0,3,-1,2,-1,0,-1,-5,0,-8,1,-10,3,-13,2,-16,1,-17,1,-18,2,-18,2,-19,2,-21"
76.2520010471344,545,"CSI,2262,128,101,81,22,0,3,-21,2,-21,2,-21,2,-20,2,-20,2,-20,1,-20,1,-20,1,-20,0,-21,0,-20,0,-20,1,-20,1,-19,1,-19,2,-19,2,-19,2,-18,2,-17,3,-16,3,-15,3,-15,3,-14,3,-14,3,-13,0,-4,0,0,0,0,0,0,0,0,0,0,0,0,0,0,0,0,0,0,-1,-4,-1,-15,-1,-15,-1,-16,0,-17,0,-17,0,-18,0,-19,1,-19,2,-20,3,-20,3,-20,3,-21,3,-21,3,-21,3,-21,3,-21,3,-21,3,-21,4,-20,3,-20,3,-20,3,-21,2,-21,3,-21,3,-21,2,-22"
76.28339219093323,546,"CSI,2076,128,83,49,21,0,9,-9,7,-12,2,-14,-2,-15,-4,-17,-7,-19,-8,-19,-10,-16,-11,-17,-8,-21,-5,-23,-8,-22,-11,-21,-9,-20,-5,-17,-5,-15,-6,-15,-5,-13,-4,-7,-2,-3,-2,-1,-4,1,-5,6,-6,6,-7,5,-2,1,0,0,0,0,0,0,0,0,0,0,0,0,0,0,0,0,0,0,1,2,3,11,-1,13,-4,12,-4,10,-4,9,-5,8,-6,5,-5,2,-2,1,0,0,1,0,3,1,8,2,12,0,16,-1,20,1,23,1,25,2,26,4,27,3,25,1,24,4,24,8,23,8,21,5,22,2"
76.35978603363037,547,"CSI,2263,128,101,81,22,0,22,1,21,1,22,1,22,0,22,-1,22,-1,21,-1,21,-1,21,-1,21,-1,21,-1,20,-1,20,-1,21,-2,21,-1,20,-1,19,0,19,0,18,0,17,0,17,0,16,0,16,1,15,1,14,2,3,0,0,0,0,0,0,0,0,0,0,0,0,0,0,0,0,0,0,0,4,-1,16,-2,16,-2,17,-1,18,-1,19,0,19,0,20,1,20,1,21,1,22,2,22,3,22,3,22,4,22,4,22,3,22,3,22,3,22,3,22,2,22,2,22,2,22,2,22,2,22,2,23,2,24,1"
76.39129495620728,548,"CSI,2080,128,83,49,21,0,12,6,11,1,11,-4,13,-8,14,-11,13,-14,15,-14,18,-13,16,-14,14,-15,14,-16,12,-18,11,-18,11,-16,11,-15,9,-14,7,-13,5,-12,3,-10,1,-7,-2,-4,-4,-1,-5,-1,-6,-3,-7,-4,-2,-1,0,0,0,0,0,0,0,0,0,0,0,0,0,0,0,0,0,0,-2,1,-8,5,-7,7,-10,8,-12,6,-11,4,-10,2,-11,1,-10,0,-9,-1,-6,-1,-2,2,1,3,5,4,8,7,9,11,10,13,12,17,12,22,12,25,11,25,10,26,9,25,9,24,8,23,7,20,6,18"
76.59119319915771,549,"CSI,2265,128,101,81,22,0,1,-23,0,-23,0,-23,0,-23,0,-22,0,-22,-1,-22,-2,-22,-2,-22,-2,-23,-2,-22,-2,-22,-2,-22,-2,-21,-2,-21,-1,-21,-1,-21,-1,-20,-1,-19,0,-18,0,-17,0,-17,1,-16,1,-15,1,-15,0,-4,0,0,0,0,0,0,0,0,0,0,0,0,0,0,0,0,0,0,-1,-5,-2,-17,-2,-18,-1,-19,-1,-19,-1,-20,-1,-21,-1,-22,0,-22,1,-23,2,-23,2,-23,2,-24,2,-24,2,-24,2,-24,3,-24,2,-24,2,-24,2,-23,2,-23,2,-23,1,-24,1,-24,1,-24,1,-24,0,-25"
76.70179104804993,550,"CSI,2266,128,101,81,22,0,4,-25,3,-25,3,-25,3,-24,3,-24,3,-24,2,-24,1,-24,1,-24,0,-24,0,-24,0,-24,0,-23,0,-23,1,-23,1,-22,1,-22,1,-22,2,-21,2,-19,2,-18,2,-18,3,-17,3,-16,3,-16,0,-4,0,0,0,0,0,0,0,0,0,0,0,0,0,0,0,0,0,0,0,-5,0,-19,1,-19,1,-20,2,-21,2,-22,2,-23,3,-24,4,-24,5,-24,6,-25,6,-25,6,-25,6,-25,6,-25,6,-25,6,-25,6,-25,6,-25,6,-25,6,-25,6,-25,5,-25,4,-25,4,-25,5,-25,6,-26"
76.82034993171692,551,"CSI,2267,128,101,81,22,0,15,-16,14,-16,14,-16,14,-16,14,-16,14,-17,13,-17,12,-17,12,-17,12,-17,12,-17,11,-17,11,-17,12,-17,12,-16,12,-16,12,-15,11,-15,11,-14,11,-13,11,-13,11,-12,11,-11,11,-10,10,-10,2,-3,0,0,0,0,0,0,0,0,0,0,0,0,0,0,0,0,0,0,2,-4,9,-14,9,-14,10,-15,11,-15,12,-15,12,-16,13,-16,14,-16,15,-16,16,-16,16,-16,16,-16,16,-15,16,-15,16,-15,16,-15,16,-15,16,-16,17,-16,17,-16,16,-16,15,-16,15,-16,16,-16,16,-16,17,-17"
76.85566020011902,552,"CSI,324,128,-117,-78,40,0,-22,12,-22,12,-22,12,-22,12,-21,13,-21,13,-20,13,-19,14,-19,14,-19,14,-18,14,-18,14,-18,14,-19,14,-19,14,-19,13,-18,13,-17,12,-17,11,-17,11,-17,10,-16,10,-15,9,-15,8,-15,7,-4,1,0,0,0,0,0,0,0,0,0,0,0,0,0,0,0,0,0,0,-4,2,-16,10,-16,10,-17,10,-18,11,-19,11,-20,11,-20,11,-21,11,-23,11,-24,11,-24,10,-23,10,-23,10,-24,10,-24,9,-24,9,-24,9,-23,10,-24,10,-24,10,-24,11,-23,11,-22,11,-23,11,-24,11,-24,11"
76.93002820014954,553,"CSI,2268,128,101,81,22,0,-9,21,-8,21,-8,21,-8,21,-8,21,-7,21,-6,21,-5,21,-6,21,-5,21,-5,21,-5,21,-5,21,-5,20,-6,20,-6,20,-6,20,-5,19,-6,18,-6,17,-6,16,-6,15,-7,15,-7,14,-7,13,-2,3,0,0,0,0,0,0,0,0,0,0,0,0,0,0,0,0,0,0,-1,4,-4,16,-4,16,-5,17,-6,18,-6,18,-6,19,-6,20,-7,20,-8,21,-10,21,-10,21,-10,21,-10,21,-10,21,-10,21,-10,21,-10,21,-10,21,-10,21,-10,21,-10,21,-9,21,-9,21,-9,21,-10,21,-10,22"
77.04404711723328,554,"CSI,2269,128,101,81,22,0,-22,12,-21,12,-21,12,-21,13,-21,13,-20,13,-19,13,-19,14,-19,14,-18,14,-18,14,-18,14,-18,14,-18,14,-19,13,-18,13,-17,12,-17,11,-16,11,-16,10,-16,10,-16,9,-15,9,-15,8,-14,7,-4,1,0,0,0,0,0,0,0,0,0,0,0,0,0,0,0,0,0,0,-4,2,-15,11,-15,11,-16,11,-17,11,-18,11,-18,11,-19,12,-20,11,-21,12,-22,12,-23,11,-22,11,-22,11,-23,10,-23,10,-23,10,-23,10,-23,10,-23,11,-23,11,-23,12,-22,12,-22,12,-22,12,-23,12,-23,13"
77.15162014961243,555,"CSI,2270,128,101,81,22,0,-6,11,-6,11,-5,11,-5,10,-5,10,-5,11,-4,11,-4,11,-4,11,-4,11,-4,11,-4,11,-4,11,-4,10,-4,10,-4,10,-4,10,-4,9,-4,9,-4,8,-4,8,-4,7,-4,7,-4,7,-4,6,-1,1,0,0,0,0,0,0,0,0,0,0,0,0,0,0,0,0,0,0,-1,2,-3,8,-3,9,-3,9,-4,9,-4,9,-4,10,-4,10,-5,11,-6,11,-6,11,-6,11,-6,11,-6,11,-6,11,-6,11,-7,11,-6,11,-6,11,-6,11,-6,11,-6,11,-6,11,-6,11,-6,11,-6,11,-6,11"
77.2644989490509,556,"CSI,2271,128,101,81,22,0,11,14,12,14,12,13,12,13,12,12,12,12,13,12,13,12,13,12,13,12,13,11,12,11,13,11,13,11,12,10,12,11,11,11,11,11,10,10,10,10,9,9,9,9,8,9,8,9,7,9,1,2,0,0,0,0,0,0,0,0,0,0,0,0,0,0,0,0,0,0,2,2,9,8,9,9,10,10,10,10,10,11,10,12,11,13,11,14,11,14,10,14,10,15,10,15,10,16,10,16,10,15,10,15,11,15,10,15,10,15,11,14,11,14,11,14,12,15,12,14,12,14,13,14"
77.37677693367004,557,"CSI,2272,128,101,81,22,0,-23,5,-23,5,-23,5,-23,6,-23,7,-22,7,-21,7,-21,7,-21,8,-21,8,-20,8,-20,8,-20,8,-21,8,-21,8,-20,8,-19,7,-18,6,-18,6,-18,6,-17,5,-16,5,-16,5,-15,4,-15,3,-4,0,0,0,0,0,0,0,0,0,0,0,0,0,0,0,0,0,0,0,-5,1,-17,5,-17,5,-18,4,-19,4,-20,4,-20,4,-21,4,-22,4,-23,3,-24,3,-24,3,-24,2,-24,2,-24,2,-24,2,-24,2,-24,2,-24,3,-24,3,-24,4,-24,4,-24,4,-23,4,-24,4,-24,4,-25,4"
77.6093692779541,558,"CSI,2274,128,101,81,22,0,-22,-5,-22,-4,-22,-4,-22,-3,-22,-3,-21,-2,-21,-2,-21,-2,-21,-2,-21,-2,-21,-2,-20,-2,-20,-1,-21,-1,-21,-1,-20,-2,-19,-2,-18,-3,-18,-3,-17,-2,-16,-2,-16,-3,-15,-3,-15,-3,-14,-4,-4,-1,0,0,0,0,0,0,0,0,0,0,0,0,0,0,0,0,0,0,-5,-1,-17,-1,-17,-2,-18,-2,-18,-2,-19,-3,-20,-3,-20,-4,-21,-4,-22,-5,-22,-5,-22,-6,-22,-7,-22,-7,-22,-7,-22,-7,-22,-7,-22,-7,-22,-7,-22,-6,-22,-5,-22,-5,-22,-5,-22,-6,-23,-6,-23,-5,-24,-5"
77.64188528060913,559,"CSI,2128,128,83,49,21,0,3,-12,1,-15,-3,-14,-8,-15,-10,-17,-11,-16,-11,-17,-9,-18,-11,-18,-15,-20,-18,-21,-18,-19,-17,-18,-15,-18,-13,-18,-10,-17,-8,-14,-8,-11,-8,-9,-6,-5,-6,-2,-8,-1,-8,1,-7,4,-7,6,-2,1,0,0,0,0,0,0,0,0,0,0,0,0,0,0,0,0,0,0,1,0,7,0,9,0,10,1,10,3,10,5,10,6,9,8,8,8,7,7,5,5,3,4,3,-1,4,-5,7,-8,6,-12,6,-16,9,-18,15,-20,18,-21,18,-20,19,-19,22,-19,23,-19,23,-19,21,-17,18,-15"
77.74884915351868,560,"CSI,2275,128,101,81,22,0,11,21,11,21,11,21,11,20,11,19,12,19,12,19,13,19,12,19,13,19,13,19,12,19,12,18,12,18,12,18,11,18,11,18,10,18,10,17,9,16,8,15,8,15,7,14,6,14,6,14,1,3,0,0,0,0,0,0,0,0,0,0,0,0,0,0,0,0,0,0,2,3,9,13,9,14,9,15,9,16,9,17,9,18,10,19,10,20,9,20,9,21,8,22,8,22,8,23,8,23,8,22,8,22,9,23,9,22,9,22,9,21,10,21,10,22,11,22,10,22,10,22,10,23"
77.82643914222717,561,"CSI,2276,128,101,81,22,0,10,22,10,22,11,22,11,21,10,21,11,20,12,20,12,20,12,20,12,20,12,20,12,20,12,20,12,19,12,19,11,19,11,19,10,19,10,18,9,17,8,16,7,15,7,15,6,15,6,15,1,3,0,0,0,0,0,0,0,0,0,0,0,0,0,0,0,0,0,0,2,3,9,15,9,16,9,17,9,18,9,19,10,20,10,21,9,22,9,22,8,22,8,23,8,24,8,24,8,24,8,24,7,24,8,24,8,24,8,23,8,23,9,23,9,23,10,23,10,23,9,23,9,24"
77.88000202178955,562,"CSI,2750,128,83,49,21,0,5,6,6,4,5,3,2,-1,1,-5,2,-8,1,-10,-2,-13,0,-16,2,-17,2,-15,5,-13,6,-14,6,-13,5,-12,2,-9,2,-6,2,-5,2,-4,1,-3,-2,-2,-5,0,-6,1,-7,1,-6,1,-2,0,0,0,0,0,0,0,0,0,0,0,0,0,0,0,0,0,0,0,0,0,1,1,-1,0,-2,-1,-3,0,-4,3,-5,5,-6,5,-7,3,-7,2,-8,5,-9,5,-9,4,-8,4,-6,3,-4,2,-1,2,1,3,5,5,7,7,8,7,11,7,10,6,7,6,9,10,12,14,11,15"
77.91330623626709,563,"CSI,330,128,-117,-78,40,0,7,-23,7,-23,7,-23,7,-22,7,-22,6,-22,5,-22,4,-23,4,-23,4,-23,4,-22,4,-22,4,-22,4,-21,5,-21,5,-21,5,-20,5,-20,5,-19,5,-18,6,-17,5,-16,6,-15,6,-15,5,-14,1,-4,0,0,0,0,0,0,0,0,0,0,0,0,0,0,0,0,0,0,0,-5,2,-17,2,-18,3,-19,3,-20,4,-20,4,-21,5,-22,5,-22,6,-23,8,-23,8,-23,8,-23,8,-24,9,-23,9,-23,9,-23,8,-23,8,-23,9,-23,9,-23,8,-23,8,-23,7,-23,8,-23,8,-24,8,-25"
77.9523720741272,564,"CSI,2277,128,101,81,22,0,-10,-24,-10,-23,-11,-23,-10,-22,-10,-22,-11,-21,-12,-21,-12,-22,-12,-21,-12,-21,-12,-21,-12,-21,-12,-20,-12,-20,-11,-19,-10,-20,-10,-20,-9,-19,-9,-19,-8,-18,-8,-17,-7,-16,-7,-15,-6,-15,-6,-15,-2,-4,0,0,0,0,0,0,0,0,0,0,0,0,0,0,0,0,0,0,-3,-4,-12,-16,-12,-17,-12,-18,-11,-19,-12,-19,-12,-21,-12,-22,-12,-23,-11,-23,-10,-24,-10,-24,-10,-25,-10,-26,-9,-26,-9,-25,-10,-25,-10,-26,-10,-25,-9,-24,-10,-24,-10,-24,-10,-24,-11,-25,-11,-24,-11,-24,-12,-25"
77.98056507110596,565,"CSI,2754,128,83,49,21,0,2,-12,2,-9,0,-8,-1,-6,-3,-4,-6,-4,-4,-2,0,2,-2,2,-6,3,-6,5,-7,4,-7,5,-8,6,-9,5,-8,5,-5,5,-4,4,-1,3,-1,0,0,-2,2,-2,2,-2,2,-3,5,-2,2,-1,0,0,0,0,0,0,0,0,0,0,0,0,0,0,0,0,0,0,-1,0,-2,2,-2,1,-2,0,0,1,1,3,0,6,1,8,1,10,0,10,1,9,2,10,1,8,-1,4,-1,3,1,2,3,1,3,0,2,-2,3,-7,5,-10,7,-10,6,-12,6,-13,4,-13,2,-14,4,-15"
78.05060505867004,566,"CSI,2278,128,101,81,22,0,10,21,10,21,10,20,10,19,10,19,10,18,11,18,12,18,11,18,11,18,11,18,11,18,11,17,11,17,11,16,10,17,10,17,9,16,9,16,8,15,7,14,7,14,6,13,6,13,5,13,1,3,0,0,0,0,0,0,0,0,0,0,0,0,0,0,0,0,0,0,2,3,10,13,10,14,10,15,10,16,10,17,11,18,11,19,11,20,10,20,10,21,9,22,9,23,9,23,9,23,9,22,9,22,9,23,9,22,9,22,9,21,9,21,10,22,10,22,10,22,10,22,10,22"
78.08225107192993,567,"CSI,2759,128,83,49,21,0,4,13,3,10,1,4,1,0,3,-3,3,-3,0,-1,-2,-1,3,-2,9,-3,10,-3,12,-2,13,-2,9,-1,8,1,9,0,9,-1,6,-1,1,-1,0,-1,3,-2,3,-3,2,-4,1,-5,-1,-7,-1,-3,0,0,0,0,0,0,0,0,0,0,0,0,0,0,0,0,0,0,0,0,0,2,-1,1,-1,2,1,3,3,3,1,4,-1,6,0,7,0,7,-2,9,-4,10,-5,7,-6,4,-5,4,-3,4,-2,2,0,3,2,2,3,0,4,1,7,4,11,7,11,8,11,8,12,9,11,9"
78.16568613052368,568,"CSI,2279,128,101,81,22,0,12,20,12,19,13,19,12,18,12,17,12,17,13,17,13,17,13,16,13,16,13,16,13,16,13,16,13,15,13,15,12,15,12,16,11,16,10,15,9,14,9,13,8,13,8,12,7,12,7,12,1,3,0,0,0,0,0,0,0,0,0,0,0,0,0,0,0,0,0,0,3,3,12,13,13,14,13,15,13,16,13,17,13,18,13,19,13,20,12,20,12,21,12,22,12,22,12,23,12,22,11,22,11,22,11,22,11,22,11,21,11,21,12,20,12,21,12,21,12,20,13,20,14,21"
78.22513222694397,569,"CSI,2152,128,83,49,21,0,-10,6,-8,8,-2,9,4,12,5,16,6,18,4,9,1,-1,5,7,10,17,9,17,6,17,8,15,12,9,13,6,12,6,9,7,6,6,6,2,6,0,5,-2,3,-4,-1,-6,-3,-7,-2,-9,0,-3,0,0,0,0,0,0,0,0,0,0,0,0,0,0,0,0,0,0,1,-3,8,-8,9,-8,9,-9,10,-10,10,-9,11,-10,13,-9,13,-6,11,-4,8,-3,4,-1,-1,-1,-9,-2,-16,-3,-20,-5,-22,-7,-24,-7,-28,-10,-31,-12,-28,-11,-27,-12,-27,-15,-26,-14,-24,-13,-21,-14,-20,-12"
78.27775430679321,570,"CSI,2280,128,101,81,22,0,8,-17,7,-17,7,-17,7,-17,7,-16,7,-16,6,-17,6,-17,6,-17,6,-17,5,-16,5,-16,5,-16,5,-16,6,-15,6,-15,6,-15,5,-14,5,-13,6,-13,6,-12,5,-11,6,-11,6,-10,5,-10,1,-3,0,0,0,0,0,0,0,0,0,0,0,0,0,0,0,0,0,0,0,-4,4,-15,4,-15,4,-16,5,-16,6,-16,6,-17,6,-18,7,-18,8,-18,9,-18,9,-18,9,-18,10,-18,10,-18,10,-18,10,-17,9,-17,9,-17,9,-17,9,-17,9,-17,8,-18,8,-18,8,-17,9,-18,9,-18"
78.39319229125977,571,"CSI,2281,128,101,81,22,0,2,-25,2,-25,1,-25,1,-24,1,-24,1,-24,-1,-24,-1,-24,-1,-24,-2,-24,-2,-23,-2,-23,-2,-22,-1,-22,-1,-22,-1,-22,-1,-21,-1,-21,0,-20,0,-19,1,-17,0,-17,1,-16,1,-15,1,-15,0,-4,0,0,0,0,0,0,0,0,0,0,0,0,0,0,0,0,0,0,-1,-6,-3,-22,-3,-23,-2,-24,-1,-25,-1,-26,-1,-27,0,-28,0,-28,2,-28,3,-29,3,-29,4,-29,4,-29,4,-29,4,-28,4,-28,4,-28,4,-28,4,-27,4,-27,4,-27,3,-27,2,-27,3,-27,3,-27,2,-28"
78.49483013153076,572,"CSI,2775,128,83,49,21,0,-14,3,-10,4,-8,4,-8,5,-6,4,-1,3,0,4,-3,4,1,6,7,8,8,7,9,7,10,9,9,11,8,12,6,9,5,7,4,5,3,2,1,1,0,1,0,-2,2,-4,3,-4,2,-4,0,-2,0,0,0,0,0,0,0,0,0,0,0,0,0,0,0,0,0,0,0,-1,2,-3,-1,-3,-3,-4,-3,-5,-4,-6,-5,-9,-5,-12,-5,-11,-4,-11,-4,-12,-5,-12,-7,-10,-7,-9,-5,-9,-2,-6,-3,-2,-2,0,-4,2,-7,1,-9,1,-13,4,-15,5,-16,6,-18,8,-20,9,-19,7"
78.53245711326599,573,"CSI,2282,128,101,81,22,0,-22,-7,-22,-7,-22,-7,-22,-6,-22,-5,-21,-5,-22,-4,-22,-4,-22,-5,-21,-5,-21,-5,-21,-4,-21,-3,-21,-3,-21,-3,-20,-4,-20,-4,-19,-5,-18,-4,-18,-4,-17,-4,-16,-4,-16,-4,-15,-5,-14,-5,-4,-2,0,0,0,0,0,0,0,0,0,0,0,0,0,0,0,0,0,0,-5,-1,-19,-4,-19,-4,-19,-5,-20,-5,-21,-6,-21,-7,-22,-7,-22,-8,-22,-8,-23,-9,-22,-10,-22,-11,-22,-11,-22,-11,-22,-10,-23,-10,-22,-10,-22,-10,-22,-9,-23,-8,-23,-8,-23,-8,-22,-9,-23,-9,-23,-8,-24,-8"
78.61974215507507,574,"CSI,2283,128,101,81,22,0,-23,-5,-22,-5,-23,-4,-22,-3,-22,-2,-22,-2,-22,-2,-22,-2,-22,-1,-22,-1,-21,-1,-21,-1,-21,0,-22,0,-22,0,-21,0,-20,-1,-20,-2,-19,-2,-19,-2,-18,-2,-18,-2,-17,-2,-16,-2,-16,-3,-4,-1,0,0,0,0,0,0,0,0,0,0,0,0,0,0,0,0,0,0,-6,-1,-21,-2,-21,-3,-22,-4,-23,-4,-23,-5,-24,-6,-24,-7,-25,-7,-25,-8,-25,-8,-25,-9,-25,-10,-24,-10,-24,-10,-24,-9,-24,-9,-24,-9,-24,-9,-24,-8,-24,-7,-24,-7,-23,-7,-23,-7,-23,-6,-24,-6,-25,-5"
78.72791910171509,575,"CSI,2284,128,101,81,22,0,9,21,10,21,10,21,10,20,10,19,10,19,11,19,11,19,11,18,12,18,12,18,11,17,11,17,11,16,11,16,10,16,10,16,10,16,9,15,8,14,8,13,7,12,7,12,6,12,6,12,1,3,0,0,0,0,0,0,0,0,0,0,0,0,0,0,0,0,0,0,2,3,9,15,9,16,9,17,9,18,9,19,10,20,10,21,9,22,9,22,9,23,8,23,8,24,8,24,8,24,8,24,8,24,8,24,8,24,8,23,8,23,9,22,9,23,10,23,9,23,9,23,10,23"
78.76136326789856,576,"CSI,2172,128,83,49,21,0,-9,-8,-10,-3,-11,2,-12,5,-12,7,-15,7,-18,9,-17,11,-17,9,-18,7,-20,6,-21,3,-21,4,-18,5,-19,4,-20,4,-17,4,-12,2,-8,1,-6,3,-4,3,-3,3,0,5,-1,8,-4,12,-2,3,0,0,0,0,0,0,0,0,0,0,0,0,0,0,0,0,0,0,-1,-2,-3,-7,-1,-8,1,-8,2,-8,2,-9,2,-10,2,-10,3,-7,3,-5,2,-5,-1,-5,-4,-4,-8,-4,-12,-5,-13,-8,-14,-11,-14,-13,-13,-15,-14,-17,-15,-18,-15,-19,-14,-22,-14,-22,-13,-17,-12,-17,-14,-20"
78.84543514251709,577,"CSI,2285,128,101,81,22,0,-11,23,-10,23,-10,23,-11,22,-11,22,-10,22,-9,23,-8,23,-8,23,-8,23,-8,23,-8,23,-8,23,-9,23,-9,22,-9,22,-9,22,-9,21,-9,20,-10,19,-10,18,-10,17,-10,16,-10,15,-10,15,-3,3,0,0,0,0,0,0,0,0,0,0,0,0,0,0,0,0,0,0,-2,3,-5,15,-5,16,-6,17,-7,17,-7,18,-8,19,-8,20,-9,20,-10,20,-11,20,-12,21,-12,21,-12,21,-12,21,-12,21,-12,21,-12,21,-12,21,-12,21,-12,22,-12,22,-11,22,-11,22,-11,22,-12,23,-12,23"
78.94736409187317,578,"CSI,336,128,-117,-78,40,0,20,12,20,12,21,12,21,11,20,10,20,10,21,10,21,10,20,9,20,9,20,9,19,9,19,9,20,8,19,8,18,8,18,9,17,9,16,9,15,8,14,7,14,7,13,7,12,7,12,8,2,2,0,0,0,0,0,0,0,0,0,0,0,0,0,0,0,0,0,0,4,1,17,7,17,7,17,8,18,9,19,9,19,10,20,11,20,12,21,12,21,13,20,14,20,15,20,15,20,15,20,15,20,15,21,15,20,14,21,14,21,13,21,13,21,13,21,14,21,14,22,13,23,13"
78.97824907302856,579,"CSI,2286,128,101,81,22,0,3,-23,3,-23,2,-23,2,-23,2,-23,2,-22,1,-22,0,-23,1,-23,0,-23,0,-22,0,-22,0,-22,0,-21,1,-21,1,-21,1,-20,1,-20,1,-19,2,-17,2,-16,2,-16,3,-15,3,-15,3,-14,0,-4,0,0,0,0,0,0,0,0,0,0,0,0,0,0,0,0,0,0,-1,-4,-1,-17,-1,-17,-1,-18,0,-19,0,-20,0,-21,0,-22,1,-22,2,-22,3,-22,4,-23,4,-24,4,-24,4,-24,4,-24,4,-24,4,-24,4,-24,4,-24,4,-24,3,-24,3,-24,2,-24,3,-24,3,-24,3,-25"
79.06416630744934,580,"CSI,2287,128,101,81,22,0,11,15,11,14,12,14,12,13,12,13,12,13,12,13,12,13,12,12,12,12,12,12,12,12,12,12,12,11,12,11,11,11,11,12,10,12,10,11,9,10,8,10,8,9,7,9,7,9,7,9,1,2,0,0,0,0,0,0,0,0,0,0,0,0,0,0,0,0,0,0,2,2,9,8,9,8,9,9,9,10,10,10,10,11,11,12,11,13,11,13,11,13,10,14,10,15,10,15,10,15,10,15,10,15,11,16,11,15,11,15,11,14,11,14,11,15,12,15,12,15,12,14,13,15"
79.1344850063324,581,"CSI,32,128,77,-47,20,0,3,3,3,1,2,1,1,0,-2,-4,-6,-7,-5,-7,-4,-6,-7,-6,-11,-4,-12,-3,-14,-1,-15,1,-15,3,-12,4,-10,3,-10,2,-8,2,-4,2,-2,1,-2,0,-1,-3,1,-4,3,-5,5,-7,1,-2,0,0,0,0,0,0,0,0,0,0,0,0,0,0,0,0,0,0,1,-2,6,-4,7,-3,8,-2,9,-1,10,1,10,2,10,4,8,5,5,4,5,4,6,5,3,7,0,10,0,12,-3,15,-7,17,-8,17,-9,18,-9,20,-8,22,-10,22,-11,20,-7,18,-4,17,-2,16,0,15"
79.1828773021698,582,"CSI,2288,128,101,81,22,0,-18,17,-18,17,-18,17,-18,17,-17,17,-17,17,-16,17,-15,17,-15,18,-15,18,-14,18,-14,18,-14,17,-15,17,-15,16,-15,16,-14,15,-13,14,-13,13,-13,13,-13,12,-13,11,-12,11,-12,10,-12,9,-3,2,0,0,0,0,0,0,0,0,0,0,0,0,0,0,0,0,0,0,-3,3,-12,13,-12,13,-13,14,-14,14,-15,15,-15,15,-16,15,-17,16,-18,16,-19,16,-19,16,-19,16,-19,16,-19,16,-20,16,-20,15,-19,15,-19,16,-20,16,-20,17,-20,17,-19,17,-18,17,-18,17,-20,17,-20,16"
79.29037427902222,583,"CSI,2289,128,101,81,22,0,10,17,10,17,11,16,11,16,11,15,11,15,11,15,12,15,12,15,12,15,12,15,12,15,12,14,12,14,12,14,11,14,10,15,10,14,9,14,9,13,8,12,8,12,7,12,7,11,6,11,1,2,0,0,0,0,0,0,0,0,0,0,0,0,0,0,0,0,0,0,1,2,7,10,7,10,7,11,7,12,8,12,8,13,8,14,8,15,8,15,8,15,8,16,8,17,8,17,8,17,8,17,8,17,8,17,9,17,9,17,9,16,9,16,10,17,10,17,10,17,10,17,11,17"
79.40150809288025,584,"CSI,2290,128,101,81,22,0,16,10,16,9,17,9,17,8,17,8,17,7,17,7,17,7,17,7,16,7,16,7,16,6,16,6,16,6,16,6,15,6,15,7,14,7,13,7,12,6,12,6,12,6,11,6,10,6,10,6,2,1,0,0,0,0,0,0,0,0,0,0,0,0,0,0,0,0,0,0,3,2,15,8,15,8,16,9,16,9,17,10,17,11,18,12,18,12,18,12,18,12,18,13,17,14,17,14,17,14,17,13,17,13,17,13,17,13,17,12,17,11,18,11,17,11,17,11,17,11,18,10,19,10"
79.52499198913574,585,"CSI,2291,128,101,81,22,0,-21,10,-20,10,-20,10,-20,11,-20,11,-19,11,-18,11,-17,11,-17,11,-17,12,-16,12,-16,12,-16,12,-17,12,-17,11,-16,11,-16,11,-15,10,-15,9,-15,9,-15,9,-14,8,-14,8,-14,7,-13,7,-4,1,0,0,0,0,0,0,0,0,0,0,0,0,0,0,0,0,0,0,-5,3,-18,12,-19,11,-20,11,-21,12,-21,12,-22,12,-22,12,-23,11,-24,11,-25,11,-25,10,-25,10,-25,10,-25,10,-24,10,-24,9,-24,9,-24,10,-24,10,-23,10,-23,10,-22,10,-22,10,-22,10,-22,10,-22,11"
79.6212830543518,586,"CSI,2819,128,83,49,21,0,-1,-11,-6,-7,-8,-5,-5,-4,-6,-1,-10,2,-9,5,-6,7,-9,7,-14,6,-16,7,-16,5,-14,3,-13,1,-13,1,-12,0,-10,-1,-8,0,-6,1,-2,2,1,2,2,4,3,6,3,6,2,5,0,1,0,0,0,0,0,0,0,0,0,0,0,0,0,0,0,0,0,0,-1,1,-3,4,-3,2,-2,0,1,0,3,3,5,5,6,4,8,1,9,1,8,3,7,3,4,2,1,3,1,2,2,-1,2,-2,0,-2,-1,-3,-1,-5,-3,-8,-4,-12,-4,-16,-3,-16,-4,-14,-6,-16,-7,-22"
79.66232013702393,587,"CSI,2292,128,101,81,22,0,-17,-16,-17,-16,-18,-15,-18,-15,-17,-14,-17,-14,-18,-13,-18,-13,-18,-13,-18,-13,-18,-13,-17,-13,-17,-12,-17,-12,-17,-12,-16,-12,-16,-13,-15,-13,-14,-12,-14,-11,-13,-11,-13,-11,-12,-10,-11,-10,-11,-11,-3,-3,0,0,0,0,0,0,0,0,0,0,0,0,0,0,0,0,0,0,-5,-3,-17,-10,-17,-11,-17,-12,-18,-12,-18,-13,-19,-14,-19,-15,-19,-16,-19,-16,-19,-17,-18,-18,-18,-19,-18,-19,-18,-19,-18,-19,-18,-19,-18,-19,-18,-18,-17,-18,-18,-17,-18,-17,-18,-17,-18,-17,-18,-17,-19,-17,-20,-17"
79.86215615272522,588,"CSI,2294,128,101,81,22,0,-5,-11,-5,-11,-5,-11,-5,-11,-5,-11,-5,-11,-6,-11,-6,-11,-6,-10,-6,-11,-6,-11,-6,-10,-6,-10,-6,-10,-6,-10,-5,-10,-5,-10,-5,-10,-4,-9,-4,-9,-4,-8,-4,-8,-4,-8,-3,-8,-3,-8,-1,-2,0,0,0,0,0,0,0,0,0,0,0,0,0,0,0,0,0,0,-2,-2,-5,-7,-5,-7,-5,-7,-5,-8,-5,-9,-5,-9,-5,-10,-5,-10,-5,-10,-4,-10,-4,-11,-4,-11,-4,-12,-4,-12,-4,-12,-4,-12,-5,-12,-5,-12,-5,-11,-5,-11,-5,-11,-5,-11,-5,-12,-5,-12,-5,-12,-5,-12"
79.89332413673401,589,"CSI,2216,128,83,49,21,0,-6,-23,-6,-20,-5,-14,-6,-11,-9,-9,-14,-5,-16,-5,-15,-9,-17,-8,-21,-5,-24,-3,-26,-3,-25,-4,-24,-5,-22,-6,-20,-5,-17,-3,-14,-2,-11,-3,-8,-3,-6,-2,-5,1,-3,3,-1,5,-2,7,-1,1,0,0,0,0,0,0,0,0,0,0,0,0,0,0,0,0,0,0,1,-2,6,-7,6,-7,9,-7,10,-7,11,-7,12,-6,12,-2,11,0,11,0,8,0,4,-1,0,-4,-1,-8,-1,-11,-1,-16,-2,-21,-1,-22,0,-22,2,-24,4,-25,5,-25,5,-26,3,-25,1,-25,1,-26,2,-25"
79.96834516525269,590,"CSI,2295,128,101,81,22,0,18,11,18,11,19,11,19,10,19,9,19,9,19,9,19,9,19,8,19,9,18,9,18,8,18,8,19,8,18,8,18,8,17,8,16,8,16,8,15,7,14,7,14,7,13,7,12,7,11,7,2,2,0,0,0,0,0,0,0,0,0,0,0,0,0,0,0,0,0,0,3,1,15,5,15,5,15,6,16,6,17,7,17,8,18,9,18,9,18,10,18,10,18,11,18,13,18,13,18,13,18,12,18,12,18,13,18,12,18,12,19,11,19,11,19,11,19,12,19,12,20,12,21,12"
80.00151920318604,591,"CSI,342,128,-117,-78,40,0,11,16,11,16,11,16,12,15,12,14,12,14,12,14,13,14,13,14,13,14,13,14,12,14,12,14,13,13,12,13,12,13,11,14,11,13,10,13,10,12,9,11,9,11,8,11,8,11,7,11,1,2,0,0,0,0,0,0,0,0,0,0,0,0,0,0,0,0,0,0,2,1,10,7,10,8,10,9,10,9,11,10,11,11,11,12,11,13,11,13,11,14,11,15,10,16,10,16,10,16,10,16,10,16,10,16,10,16,10,16,11,15,11,15,11,16,11,16,11,16,12,16,12,16"
80.03620624542236,592,"CSI,3829,128,-5,-79,31,0,14,-20,14,-21,14,-21,14,-21,14,-21,13,-21,11,-21,11,-21,11,-21,10,-21,10,-21,10,-21,10,-21,10,-21,10,-20,10,-20,9,-19,9,-19,9,-18,9,-17,9,-16,8,-16,9,-15,9,-14,8,-14,2,-4,0,0,0,0,0,0,0,0,0,0,0,0,0,0,0,0,0,0,2,-5,8,-17,9,-17,9,-18,10,-19,11,-19,12,-20,12,-20,13,-21,15,-21,16,-21,16,-20,16,-20,17,-20,17,-20,17,-20,17,-20,16,-20,16,-20,17,-20,17,-21,16,-21,15,-21,15,-21,15,-20,16,-21,16,-22"
80.08448624610901,593,"CSI,2296,128,101,81,22,0,-6,23,-5,23,-4,23,-4,22,-5,22,-4,21,-3,21,-2,21,-2,21,-2,21,-1,21,-1,21,-1,20,-1,20,-2,19,-2,19,-2,19,-2,18,-2,17,-3,16,-3,15,-3,14,-3,14,-3,13,-3,13,-1,3,0,0,0,0,0,0,0,0,0,0,0,0,0,0,0,0,0,0,0,5,1,20,0,21,0,22,-1,23,-2,24,-2,25,-3,26,-4,26,-5,26,-6,26,-6,27,-6,27,-6,27,-7,27,-7,26,-7,26,-7,26,-7,25,-7,25,-7,25,-7,25,-6,25,-5,25,-6,25,-6,25,-6,26"
80.19134521484375,594,"CSI,2297,128,101,81,22,0,0,18,1,18,1,17,1,17,1,16,1,16,2,16,3,16,3,16,3,16,3,16,3,16,3,15,3,15,2,15,2,15,2,15,2,14,1,13,1,12,0,12,0,11,0,11,0,10,0,10,0,2,0,0,0,0,0,0,0,0,0,0,0,0,0,0,0,0,0,0,0,3,3,14,3,14,3,15,2,16,2,16,2,17,2,18,2,19,1,19,0,19,0,19,0,20,0,20,0,20,0,20,0,19,0,19,0,19,0,19,0,19,0,18,0,19,1,19,1,19,1,19,1,19"
80.31863808631897,595,"CSI,2298,128,101,81,22,0,-18,-18,-19,-17,-19,-17,-19,-16,-18,-15,-18,-15,-19,-15,-19,-15,-19,-14,-19,-14,-19,-13,-18,-13,-18,-13,-19,-12,-18,-12,-17,-12,-17,-13,-16,-13,-15,-12,-14,-11,-14,-11,-13,-10,-13,-10,-12,-10,-11,-10,-3,-3,0,0,0,0,0,0,0,0,0,0,0,0,0,0,0,0,0,0,-4,-3,-16,-10,-16,-11,-17,-12,-17,-13,-18,-14,-18,-15,-18,-16,-19,-17,-19,-18,-19,-18,-18,-19,-18,-20,-18,-20,-18,-20,-18,-20,-18,-20,-18,-20,-18,-20,-18,-19,-18,-19,-19,-19,-19,-19,-19,-19,-19,-18,-20,-18,-20,-19"
80.34923005104065,596,"CSI,2847,128,83,49,21,0,-2,-14,-1,-13,-1,-9,-4,-6,-7,-4,-10,-1,-9,-1,-5,-2,-7,-1,-11,0,-13,1,-13,-2,-13,-6,-12,-7,-10,-4,-7,-2,-5,-1,-5,0,-4,1,-1,2,-1,1,-2,0,-1,2,1,5,0,6,-1,1,0,0,0,0,0,0,0,0,0,0,0,0,0,0,0,0,0,0,0,0,1,2,3,1,4,0,3,-4,5,-5,7,-5,7,-6,8,-5,8,-3,8,-2,9,-2,9,-2,7,-2,5,-2,4,-2,2,-3,0,-4,-3,-5,-4,-7,-4,-10,-6,-13,-8,-14,-6,-15,-2,-17,0,-18,-1,-19"
80.37776613235474,597,"CSI,2236,128,83,49,21,0,31,2,28,3,22,-1,17,-5,12,-8,6,-12,3,-18,2,-27,0,-30,0,-30,0,-30,0,-29,3,-28,7,-29,8,-28,8,-23,8,-19,7,-16,4,-13,0,-10,1,-6,2,-4,-2,-4,-7,-4,-8,-4,-2,-1,0,0,0,0,0,0,0,0,0,0,0,0,0,0,0,0,0,0,2,1,9,6,10,7,9,10,6,13,4,14,4,15,3,15,1,14,0,13,0,11,1,10,4,8,7,6,8,2,10,1,15,0,17,-1,21,-1,26,-1,29,-1,32,-2,36,-1,40,2,44,2,42,1,36,1"
80.41742324829102,598,"CSI,2299,128,101,81,22,0,-22,7,-21,8,-21,8,-21,8,-21,9,-21,9,-20,9,-20,9,-20,9,-19,9,-19,9,-18,9,-19,9,-19,9,-19,9,-19,8,-18,8,-17,7,-17,6,-16,6,-16,6,-15,5,-15,5,-14,4,-14,3,-4,0,0,0,0,0,0,0,0,0,0,0,0,0,0,0,0,0,0,0,-4,2,-15,9,-15,9,-16,9,-17,9,-18,9,-19,9,-20,9,-20,9,-21,9,-22,8,-23,8,-23,7,-23,7,-23,7,-23,7,-23,7,-23,7,-23,7,-23,7,-23,8,-23,8,-23,8,-22,7,-23,7,-24,8,-24,9"
80.52488803863525,599,"CSI,35,128,75,-79,20,0,-6,25,-2,21,1,15,3,14,9,15,14,13,14,13,14,18,17,19,21,18,21,17,19,15,17,17,14,20,12,20,9,19,6,15,5,11,4,9,5,7,5,4,5,2,6,1,7,2,9,3,2,1,0,0,0,0,0,0,0,0,0,0,0,0,0,0,0,0,0,0,0,0,1,2,1,8,2,12,2,13,0,13,-3,13,-6,16,-7,16,-8,14,-9,12,-8,10,-6,10,-4,12,-1,12,2,13,4,14,5,15,6,19,6,23,7,29,8,35,7,35,5,32,3,34,2,38,3,39"
80.55836820602417,600,"CSI,36,128,75,-79,20,0,7,-26,3,-22,-1,-20,-4,-18,-8,-15,-12,-14,-16,-13,-19,-9,-18,-8,-18,-12,-18,-14,-19,-16,-19,-17,-17,-16,-16,-16,-16,-16,-14,-14,-10,-11,-7,-9,-7,-6,-7,-4,-8,-3,-8,-1,-9,1,-9,0,-3,0,0,0,0,0,0,0,0,0,0,0,0,0,0,0,0,0,0,0,1,-3,4,-9,5,-8,9,-10,13,-11,15,-9,15,-9,14,-8,13,-5,13,-4,13,-4,11,-4,9,-5,6,-7,3,-9,2,-12,2,-18,2,-22,2,-23,1,-25,2,-29,4,-31,5,-34,4,-37,5,-38,8,-36,11,-34"
80.6001181602478,601,"CSI,2300,128,101,81,22,0,-14,-21,-15,-21,-15,-21,-15,-20,-14,-19,-15,-19,-15,-19,-16,-19,-16,-18,-16,-18,-17,-18,-16,-18,-16,-17,-16,-17,-16,-17,-15,-17,-14,-17,-14,-17,-13,-17,-12,-16,-12,-15,-12,-14,-11,-14,-10,-14,-10,-14,-3,-4,0,0,0,0,0,0,0,0,0,0,0,0,0,0,0,0,0,0,-3,-4,-12,-13,-12,-14,-12,-15,-12,-16,-12,-17,-13,-18,-13,-19,-13,-20,-12,-20,-12,-21,-12,-22,-12,-23,-12,-23,-12,-23,-12,-23,-12,-23,-12,-23,-12,-22,-12,-22,-13,-21,-13,-21,-13,-22,-14,-22,-14,-22,-14,-22,-14,-23"
80.64695119857788,602,"CSI,2301,128,101,81,22,0,-21,13,-21,13,-21,13,-21,13,-20,13,-20,13,-19,13,-18,14,-18,14,-18,14,-17,14,-17,14,-17,14,-18,14,-18,14,-17,13,-17,13,-16,12,-16,11,-16,10,-15,10,-15,9,-15,9,-14,8,-14,7,-4,1,0,0,0,0,0,0,0,0,0,0,0,0,0,0,0,0,0,0,-4,2,-14,11,-14,11,-15,12,-17,12,-17,12,-18,12,-19,12,-20,12,-21,12,-22,12,-22,12,-22,12,-22,11,-23,11,-23,11,-23,11,-23,11,-23,11,-23,12,-23,12,-23,12,-22,12,-22,12,-22,12,-23,13,-23,13"
80.76300811767578,603,"CSI,2302,128,101,81,22,0,14,-12,13,-12,13,-12,13,-12,13,-13,13,-13,12,-13,11,-13,11,-13,11,-14,10,-14,10,-13,10,-13,10,-13,11,-13,11,-12,10,-12,10,-12,9,-11,9,-10,9,-10,9,-9,9,-9,8,-8,8,-8,2,-2,0,0,0,0,0,0,0,0,0,0,0,0,0,0,0,0,0,0,2,-3,9,-11,10,-11,10,-11,11,-12,12,-12,12,-12,13,-12,14,-12,15,-12,16,-12,16,-12,16,-12,16,-12,16,-11,16,-11,16,-11,15,-11,15,-12,16,-12,16,-12,15,-12,15,-12,14,-12,15,-12,15,-12,15,-13"
80.79361629486084,604,"CSI,37,128,75,-79,20,0,22,12,19,7,15,2,11,-5,9,-9,10,-11,10,-13,6,-14,8,-16,12,-18,14,-19,17,-22,18,-23,18,-22,17,-20,14,-16,13,-12,13,-9,12,-8,8,-6,4,-6,0,-5,-4,-5,-6,-7,-6,-10,-2,-3,0,0,0,0,0,0,0,0,0,0,0,0,0,0,0,0,0,0,1,0,6,2,5,6,3,11,2,12,3,12,3,12,0,14,-2,12,-2,11,-3,11,-3,9,-1,4,4,2,8,5,10,6,14,4,18,4,19,6,22,7,26,8,27,8,28,10,30,12,32,13,30,12,25,12"
80.82665610313416,605,"CSI,38,128,75,-79,20,0,-14,-19,-12,-15,-9,-11,-9,-4,-14,2,-18,4,-21,9,-22,15,-20,18,-19,17,-21,16,-23,16,-25,15,-26,12,-27,11,-25,9,-22,6,-16,4,-10,4,-7,4,-5,3,-2,5,0,7,2,8,5,7,1,1,0,0,0,0,0,0,0,0,0,0,0,0,0,0,0,0,0,0,0,-4,1,-13,3,-12,5,-10,6,-10,8,-9,10,-8,12,-9,13,-12,11,-11,9,-8,7,-7,2,-7,-2,-7,-6,-9,-9,-11,-10,-14,-10,-16,-12,-17,-14,-18,-15,-21,-18,-24,-21,-26,-21,-26,-20,-25,-20,-29,-21,-36"
80.86348414421082,606,"CSI,2303,128,101,81,22,0,4,22,4,21,5,21,5,20,4,20,5,19,6,19,6,19,6,19,6,19,6,19,6,18,6,18,6,17,6,17,5,17,5,17,5,17,4,16,4,15,3,14,3,13,3,13,2,12,2,12,0,3,0,0,0,0,0,0,0,0,0,0,0,0,0,0,0,0,0,0,1,3,6,15,6,16,6,17,6,18,6,19,6,20,6,21,5,22,5,22,4,22,3,23,3,24,3,24,3,24,3,23,3,23,3,23,3,23,3,23,3,22,4,22,4,23,4,23,4,23,4,23,5,23"
80.96105027198792,607,"CSI,39,128,75,-79,20,0,7,-25,4,-17,0,-7,-4,1,-7,4,-8,9,-12,13,-19,16,-17,19,-13,23,-13,23,-15,23,-16,23,-16,21,-15,18,-12,17,-9,15,-8,11,-6,8,-4,5,-1,4,0,1,1,-1,2,-3,3,-7,0,-3,0,0,0,0,0,0,0,0,0,0,0,0,0,0,0,0,0,0,1,0,4,4,5,7,5,9,3,11,-1,13,-4,12,-5,11,-5,9,-5,8,-6,7,-6,5,-4,3,-2,0,0,-6,1,-9,0,-11,1,-15,1,-18,3,-19,6,-22,7,-25,8,-28,10,-29,11,-31,12,-33,9,-32"
81.04357028007507,608,"CSI,346,128,-117,-78,40,0,19,15,19,15,19,14,19,14,19,13,19,12,19,12,20,12,19,12,19,12,19,12,19,11,19,11,19,11,19,10,18,11,17,11,17,11,16,11,15,10,14,9,13,9,13,9,12,9,11,9,2,2,0,0,0,0,0,0,0,0,0,0,0,0,0,0,0,0,0,0,3,2,14,9,15,9,15,10,16,11,16,12,17,13,17,14,17,15,18,15,17,15,17,16,17,17,17,18,17,17,17,17,17,17,17,17,18,17,18,16,18,15,18,15,19,16,19,16,19,16,19,16,20,16"
81.09235215187073,609,"CSI,2305,128,101,81,22,0,9,21,9,21,9,21,9,20,9,19,9,19,10,19,11,19,11,19,11,18,11,18,11,18,11,17,11,17,10,16,10,17,9,17,9,16,8,15,7,14,7,14,7,13,6,12,6,12,5,12,1,3,0,0,0,0,0,0,0,0,0,0,0,0,0,0,0,0,0,0,1,3,7,15,7,16,7,17,7,18,7,19,7,20,7,21,7,22,7,22,6,22,6,23,6,23,6,24,6,24,6,23,6,23,6,23,6,23,6,22,7,22,7,22,8,22,8,22,8,22,8,22,8,23"
81.31528615951538,610,"CSI,2307,128,101,81,22,0,10,5,10,5,10,5,10,4,10,4,10,3,10,3,10,3,10,3,9,3,9,3,9,3,9,2,9,2,9,2,9,3,9,3,8,3,8,3,7,3,7,2,7,2,6,2,6,2,6,2,1,0,0,0,0,0,0,0,0,0,0,0,0,0,0,0,0,0,0,0,2,0,8,3,9,3,9,4,9,4,9,4,10,5,10,5,10,6,10,6,10,6,10,6,10,6,11,7,10,7,10,7,10,7,10,7,10,7,10,6,10,6,10,6,10,6,10,6,10,6,11,5,11,5"
81.43298625946045,611,"CSI,2308,128,101,81,22,0,-23,3,-23,3,-23,4,-23,4,-23,5,-22,5,-21,5,-21,5,-21,5,-21,5,-20,5,-20,6,-20,6,-20,6,-20,5,-20,5,-19,4,-18,3,-17,3,-17,3,-16,3,-16,3,-15,2,-15,2,-14,1,-4,0,0,0,0,0,0,0,0,0,0,0,0,0,0,0,0,0,0,0,-5,1,-18,6,-19,5,-20,5,-21,5,-22,5,-22,4,-23,4,-24,4,-25,3,-25,3,-25,2,-25,2,-25,1,-25,1,-25,1,-25,1,-25,1,-25,2,-25,2,-25,3,-25,3,-25,3,-24,2,-24,3,-25,3,-26,4"
81.57567119598389,612,"CSI,2309,128,101,81,22,0,-7,-13,-7,-13,-7,-12,-6,-11,-6,-11,-7,-11,-7,-11,-7,-11,-7,-11,-7,-11,-7,-11,-7,-10,-7,-10,-7,-10,-7,-9,-7,-9,-6,-9,-6,-9,-6,-9,-6,-9,-5,-8,-5,-8,-5,-7,-4,-7,-4,-7,-1,-2,0,0,0,0,0,0,0,0,0,0,0,0,0,0,0,0,0,0,-2,-3,-5,-9,-5,-10,-6,-10,-6,-11,-6,-11,-6,-12,-6,-12,-6,-13,-5,-13,-5,-13,-5,-13,-5,-14,-5,-14,-5,-14,-5,-14,-5,-14,-5,-14,-5,-13,-5,-13,-5,-13,-6,-13,-6,-13,-6,-13,-6,-13,-6,-12,-6,-12"
81.6648461818695,613,"CSI,2310,128,101,81,22,0,-4,-25,-4,-24,-5,-24,-5,-24,-4,-23,-5,-23,-6,-23,-6,-23,-6,-23,-7,-23,-7,-22,-7,-22,-7,-21,-7,-21,-6,-20,-5,-21,-5,-20,-5,-20,-5,-19,-4,-18,-3,-17,-3,-16,-3,-15,-2,-15,-2,-15,-1,-4,0,0,0,0,0,0,0,0,0,0,0,0,0,0,0,0,0,0,-2,-5,-5,-19,-5,-19,-5,-20,-4,-21,-4,-22,-4,-23,-4,-24,-4,-25,-3,-25,-2,-25,-2,-26,-2,-27,-2,-27,-2,-27,-2,-27,-2,-26,-2,-26,-2,-26,-2,-26,-2,-25,-3,-25,-3,-26,-4,-26,-4,-26,-4,-26,-4,-26"
81.77311110496521,614,"CSI,2311,128,101,81,22,0,-22,10,-21,10,-21,10,-21,10,-21,11,-21,11,-20,11,-19,11,-19,11,-19,11,-18,11,-18,12,-18,11,-18,11,-18,11,-18,11,-17,10,-16,9,-16,8,-16,8,-15,7,-15,7,-14,7,-14,6,-13,5,-4,1,0,0,0,0,0,0,0,0,0,0,0,0,0,0,0,0,0,0,-5,2,-17,9,-17,9,-18,9,-19,9,-20,9,-21,9,-21,9,-22,9,-23,9,-24,9,-24,8,-24,7,-24,7,-24,8,-24,8,-24,7,-24,7,-24,8,-24,8,-24,9,-24,9,-23,9,-23,9,-23,9,-24,10,-24,10"
81.80836510658264,615,"CSI,2292,128,83,49,21,0,-12,18,-5,17,-3,15,0,14,4,14,8,14,12,13,15,12,16,16,14,21,14,21,15,21,16,22,15,22,13,19,10,17,7,14,4,12,4,11,5,8,6,4,6,-1,8,-4,9,-4,10,-4,2,-2,0,0,0,0,0,0,0,0,0,0,0,0,0,0,0,0,0,0,-3,1,-10,2,-12,0,-14,-3,-16,-4,-17,-4,-16,-5,-14,-6,-13,-4,-9,-3,-7,-1,-7,1,-8,3,-9,5,-9,9,-10,13,-12,16,-14,18,-16,21,-15,22,-15,22,-18,25,-22,25,-24,23,-25,23,-26,24,-29,23"
81.8820321559906,616,"CSI,2312,128,101,81,22,0,22,-5,22,-5,22,-5,22,-6,22,-6,22,-7,21,-7,20,-7,20,-7,20,-7,19,-8,19,-8,19,-8,20,-8,20,-7,19,-7,18,-6,17,-5,17,-5,16,-5,16,-5,15,-4,15,-4,14,-3,13,-3,3,-1,0,0,0,0,0,0,0,0,0,0,0,0,0,0,0,0,0,0,4,-2,17,-6,17,-6,18,-6,19,-6,20,-5,21,-5,21,-5,22,-4,23,-4,24,-4,24,-4,24,-3,24,-3,24,-3,24,-3,24,-3,24,-3,24,-3,24,-4,24,-4,24,-4,24,-4,23,-4,23,-5,24,-5,25,-5"
82.00001311302185,617,"CSI,2313,128,101,81,22,0,20,10,20,10,21,10,20,9,20,8,20,8,20,8,20,8,20,7,20,7,20,7,19,6,19,6,20,6,19,6,19,6,18,7,17,7,16,7,16,6,15,6,14,6,14,6,13,6,12,6,3,1,0,0,0,0,0,0,0,0,0,0,0,0,0,0,0,0,0,0,4,1,16,6,16,7,17,7,17,8,18,9,18,10,19,11,19,11,20,11,20,12,20,13,19,14,19,14,19,14,19,13,20,13,20,13,20,13,20,12,20,11,20,11,20,12,20,12,21,12,21,11,22,11"
82.0932080745697,618,"CSI,350,128,-117,-78,40,0,-23,3,-22,3,-23,4,-23,4,-23,5,-22,5,-21,5,-21,5,-21,5,-21,5,-20,6,-20,6,-20,6,-21,6,-21,6,-20,6,-19,5,-19,4,-18,4,-18,4,-17,3,-16,3,-16,3,-15,2,-15,2,-4,0,0,0,0,0,0,0,0,0,0,0,0,0,0,0,0,0,0,0,-5,1,-18,4,-18,3,-19,3,-20,3,-21,3,-21,2,-22,2,-23,2,-23,2,-24,1,-24,1,-24,0,-24,0,-24,0,-24,0,-24,0,-24,0,-24,1,-24,1,-25,2,-24,2,-24,2,-24,2,-24,2,-25,3,-26,3"
82.12102508544922,619,"CSI,2314,128,101,81,22,0,1,19,2,19,2,19,2,18,2,18,3,17,3,18,4,18,4,17,4,17,4,17,4,17,4,17,4,17,3,16,3,17,3,16,2,16,2,15,1,14,1,13,1,13,0,12,0,12,0,12,0,3,0,0,0,0,0,0,0,0,0,0,0,0,0,0,0,0,0,0,1,3,4,13,4,14,4,15,3,15,3,16,3,17,3,18,3,19,2,19,1,19,1,19,1,20,1,20,1,20,1,20,0,20,1,20,1,20,1,19,1,19,1,19,2,20,2,20,2,20,2,20,3,20"
82.21743512153625,620,"CSI,2308,128,83,49,21,0,14,6,12,3,9,0,8,-2,9,-8,12,-13,12,-16,10,-16,13,-15,16,-15,18,-16,21,-17,22,-15,21,-11,19,-11,15,-13,11,-10,7,-7,4,-5,3,-5,2,-7,0,-8,-3,-8,-5,-8,-5,-10,-1,-3,0,0,0,0,0,0,0,0,0,0,0,0,0,0,0,0,0,0,0,2,3,10,3,11,2,11,1,11,-1,10,0,9,0,9,-2,9,-3,8,-1,5,3,2,7,1,8,2,11,4,15,3,17,2,19,6,23,10,25,11,25,10,25,11,23,14,22,16,24,18,26,18,26,18"
82.32459616661072,621,"CSI,2312,128,83,49,21,0,17,-13,13,-12,6,-11,1,-10,-3,-11,-7,-15,-13,-16,-18,-11,-15,-11,-12,-17,-12,-23,-13,-25,-13,-24,-7,-21,-4,-17,-5,-16,-6,-14,-5,-9,-5,-6,-6,-7,-6,-6,-8,-3,-10,0,-9,1,-10,1,-3,0,0,0,0,0,0,0,0,0,0,0,0,0,0,0,0,0,0,0,1,-1,7,-1,9,0,11,1,12,4,10,7,6,8,5,8,5,6,6,4,6,0,5,-4,6,-6,7,-6,9,-9,14,-12,18,-14,20,-14,21,-14,22,-16,21,-18,21,-17,24,-15,26,-14,24,-17,21,-16,18,-11"
82.35540509223938,622,"CSI,2316,128,101,81,22,0,-21,3,-20,3,-20,4,-20,4,-20,5,-20,5,-19,5,-19,5,-19,5,-19,5,-18,5,-18,5,-18,5,-18,5,-19,5,-18,5,-17,4,-17,3,-16,3,-16,3,-15,3,-15,2,-14,2,-14,1,-13,1,-4,0,0,0,0,0,0,0,0,0,0,0,0,0,0,0,0,0,0,0,-4,1,-15,5,-16,5,-16,5,-17,5,-18,5,-18,4,-19,4,-20,4,-21,4,-21,3,-21,2,-21,2,-21,2,-21,2,-22,2,-22,2,-22,2,-21,2,-22,3,-22,3,-22,3,-21,3,-21,3,-21,3,-22,3,-22,4"
82.4468891620636,623,"CSI,2317,128,101,81,22,0,20,-4,20,-4,20,-5,20,-5,20,-6,19,-6,19,-6,18,-7,18,-7,18,-7,18,-7,18,-7,18,-7,18,-7,18,-6,18,-6,17,-5,16,-5,16,-5,15,-5,15,-5,14,-4,14,-4,13,-3,13,-2,3,-1,0,0,0,0,0,0,0,0,0,0,0,0,0,0,0,0,0,0,3,-2,14,-6,15,-6,15,-6,16,-6,17,-5,18,-5,18,-5,19,-5,20,-4,21,-4,21,-3,21,-3,21,-3,21,-3,21,-3,21,-3,21,-2,21,-3,21,-3,21,-4,21,-4,21,-4,21,-4,21,-4,22,-4,22,-4"
82.57002329826355,624,"CSI,2318,128,101,81,22,0,-17,17,-16,17,-16,17,-16,17,-16,17,-15,17,-14,17,-14,17,-14,17,-13,17,-13,17,-13,17,-13,17,-13,17,-13,17,-13,17,-13,16,-12,15,-12,14,-12,14,-12,13,-11,12,-12,12,-11,11,-11,10,-3,2,0,0,0,0,0,0,0,0,0,0,0,0,0,0,0,0,0,0,-3,3,-12,13,-12,14,-13,14,-14,15,-15,15,-15,15,-16,16,-17,16,-18,16,-19,16,-20,16,-19,15,-19,15,-19,15,-19,15,-20,15,-19,15,-19,16,-19,16,-19,16,-19,17,-18,16,-17,16,-18,16,-19,16,-20,16"
82.62591814994812,625,"CSI,2324,128,83,49,21,0,-4,19,-2,16,1,14,6,15,7,14,8,15,7,17,6,13,6,11,9,15,10,19,8,18,8,20,6,21,5,21,7,19,7,15,6,9,5,6,3,6,3,6,4,3,4,2,4,3,6,3,1,0,0,0,0,0,0,0,0,0,0,0,0,0,0,0,0,0,0,0,-1,2,-4,9,-7,7,-11,6,-12,6,-10,5,-9,4,-9,2,-8,-1,-5,0,-2,1,0,2,1,6,1,10,-1,13,-2,15,-3,17,-6,19,-8,20,-8,21,-8,23,-10,22,-10,22,-11,22,-13,20,-10,20,-6,22"
82.67465400695801,626,"CSI,2319,128,101,81,22,0,-22,8,-22,8,-22,9,-22,9,-22,10,-21,10,-20,10,-20,10,-20,10,-19,10,-19,10,-19,10,-19,10,-19,10,-19,10,-19,9,-18,8,-18,7,-17,7,-17,7,-17,6,-16,6,-16,5,-15,5,-15,4,-4,0,0,0,0,0,0,0,0,0,0,0,0,0,0,0,0,0,0,0,-4,2,-16,9,-16,9,-17,9,-18,9,-19,9,-19,9,-20,9,-21,9,-22,9,-23,9,-23,8,-23,8,-23,7,-23,7,-24,7,-24,7,-24,7,-23,7,-24,8,-24,8,-23,9,-23,8,-23,8,-23,8,-24,9,-24,9"
