timestamp,sample_number,csi_data
0.12589120864868164,1,"CSI,3478,128,83,49,21,0,0,13,2,9,4,6,4,4,5,3,8,3,6,3,2,3,4,3,7,4,8,4,9,4,10,5,10,6,8,7,5,6,3,3,1,1,-1,1,-1,2,0,2,2,1,3,-3,2,-5,2,-5,0,-2,0,0,0,0,0,0,0,0,0,0,0,0,0,0,0,0,0,0,-1,1,-3,4,0,4,-1,3,-2,3,-1,5,-2,5,-4,6,-3,8,-4,8,-8,8,-11,9,-9,7,-6,7,-4,7,-3,6,-1,6,3,7,4,4,6,3,8,7,8,10,7,12,6,14,7,17,9,19,8,20"
0.15920114517211914,2,"CSI,2442,128,101,81,22,0,15,17,16,17,16,16,16,16,16,15,16,14,17,14,17,14,17,14,17,14,17,14,17,14,17,13,17,13,16,12,15,13,15,13,14,13,14,13,13,12,12,11,11,11,11,11,10,11,9,11,2,2,0,0,0,0,0,0,0,0,0,0,0,0,0,0,0,0,0,0,3,2,13,10,13,11,13,12,13,13,14,13,14,15,14,16,15,16,15,17,14,17,14,18,14,19,14,19,14,19,14,19,14,19,14,19,14,19,14,18,15,18,15,17,15,18,16,18,16,18,16,18,17,18"
0.18806028366088867,3,"CSI,2868,128,83,49,21,0,16,-2,12,-6,6,-9,4,-11,2,-14,-2,-16,0,-16,4,-15,5,-18,2,-22,1,-23,1,-23,2,-23,5,-23,6,-21,4,-17,2,-14,0,-11,-1,-9,-1,-8,-1,-9,-3,-8,-5,-6,-5,-3,-7,-2,-2,-1,0,0,0,0,0,0,0,0,0,0,0,0,0,0,0,0,0,0,2,-1,10,1,9,5,8,8,7,9,4,7,1,6,0,8,1,8,3,6,4,3,3,1,3,-1,5,-2,8,-3,12,-6,15,-8,18,-8,22,-7,27,-9,27,-8,25,-6,27,-5,27,-5,24,-7,22,-7,21,-5"
0.24954509735107422,4,"CSI,2443,128,101,81,22,0,-3,12,-3,12,-2,12,-2,12,-2,11,-2,11,-1,11,-1,11,-1,11,-1,11,-1,11,-1,11,-1,11,-1,11,-1,11,-2,11,-2,10,-2,10,-2,9,-2,9,-2,8,-2,8,-2,7,-2,7,-3,7,-1,1,0,0,0,0,0,0,0,0,0,0,0,0,0,0,0,0,0,0,-1,2,-2,8,-2,9,-2,9,-3,9,-3,10,-3,10,-3,11,-3,11,-3,11,-4,11,-4,12,-4,12,-4,12,-4,12,-4,11,-4,12,-4,12,-5,12,-4,12,-4,12,-3,12,-3,12,-3,12,-3,12,-3,12,-3,12"
0.28281426429748535,5,"CSI,2872,128,83,49,21,0,-17,-2,-16,1,-11,5,-6,8,-2,12,0,13,1,12,4,15,4,18,3,19,0,20,-3,21,-1,20,0,18,-2,17,-4,15,-2,13,0,11,2,8,4,5,3,3,2,1,3,0,4,-1,4,-2,1,-1,0,0,0,0,0,0,0,0,0,0,0,0,0,0,0,0,0,0,-1,-2,-2,-7,-2,-11,-1,-13,1,-12,3,-11,4,-9,5,-8,3,-7,4,-6,4,-5,3,-6,-1,-7,-5,-5,-8,-1,-12,-1,-15,-2,-17,-1,-18,-2,-21,-6,-25,-8,-28,-10,-26,-12,-22,-12,-24,-11,-28,-9,-30,-11"
0.3116610050201416,6,"CSI,55,128,77,-47,20,0,-7,15,-3,12,2,9,6,9,9,6,12,3,12,0,10,-1,13,4,18,7,21,5,24,4,23,3,18,2,14,3,12,3,9,2,8,1,9,2,8,1,5,0,4,-1,1,-4,-1,-7,-2,-7,-1,-2,0,0,0,0,0,0,0,0,0,0,0,0,0,0,0,0,0,0,-3,0,-10,1,-10,-2,-11,-5,-11,-6,-11,-6,-12,-7,-11,-8,-9,-9,-6,-8,-3,-6,-3,-3,-4,0,-4,4,-4,6,-6,8,-8,12,-8,16,-9,21,-11,24,-14,22,-17,19,-18,18,-16,19,-15,20,-19,19,-21,17"
0.3729991912841797,7,"CSI,2444,128,101,81,22,0,-18,14,-18,14,-18,14,-18,14,-18,14,-17,14,-15,14,-15,14,-15,14,-14,15,-14,15,-14,15,-14,14,-14,14,-15,14,-14,13,-13,13,-13,12,-13,11,-13,10,-12,10,-12,10,-11,9,-11,8,-11,8,-3,1,0,0,0,0,0,0,0,0,0,0,0,0,0,0,0,0,0,0,-4,3,-13,13,-14,13,-15,13,-16,13,-17,14,-17,14,-18,14,-19,14,-20,14,-21,14,-21,14,-21,14,-21,13,-21,13,-21,13,-21,13,-21,13,-20,13,-21,13,-21,14,-21,14,-20,14,-19,14,-19,14,-20,14,-21,13"
0.4063551425933838,8,"CSI,2876,128,83,49,21,0,-3,-17,-4,-13,-6,-8,-8,-4,-11,-2,-13,1,-18,0,-25,-5,-27,-5,-25,0,-23,0,-26,-4,-27,-5,-23,-4,-22,-4,-19,-4,-16,-3,-14,0,-11,0,-8,1,-7,2,-7,4,-4,4,0,3,1,3,0,0,0,0,0,0,0,0,0,0,0,0,0,0,0,0,0,0,0,0,0,-2,3,-8,5,-9,6,-8,9,-7,12,-7,10,-4,8,-2,8,-1,7,-1,5,-1,4,-1,2,-3,-3,-5,-8,-6,-8,-9,-8,-14,-6,-18,-4,-23,-5,-24,-5,-25,-4,-25,-2,-26,-2,-28,-3,-29,-4,-28,-5,-27"
0.44403505325317383,9,"CSI,406,128,-117,-78,40,0,-22,-11,-22,-11,-22,-11,-22,-10,-22,-8,-21,-8,-22,-8,-21,-8,-21,-8,-21,-8,-21,-7,-21,-7,-20,-7,-21,-6,-20,-6,-19,-6,-19,-7,-18,-7,-17,-7,-17,-6,-16,-6,-15,-6,-14,-6,-14,-6,-13,-6,-4,-2,0,0,0,0,0,0,0,0,0,0,0,0,0,0,0,0,0,0,-5,-2,-19,-7,-19,-8,-20,-9,-20,-9,-21,-10,-22,-11,-22,-11,-23,-12,-23,-12,-23,-13,-22,-14,-22,-15,-22,-15,-22,-15,-22,-15,-22,-15,-22,-15,-22,-14,-22,-13,-22,-12,-23,-12,-23,-12,-22,-13,-22,-12,-23,-12,-23,-13"
0.4820222854614258,10,"CSI,2445,128,101,81,22,0,12,-19,12,-19,12,-19,12,-19,12,-19,11,-19,10,-19,10,-19,10,-19,9,-19,9,-19,8,-19,9,-18,9,-18,9,-18,10,-17,9,-17,9,-16,9,-15,9,-14,9,-14,9,-13,8,-12,8,-12,8,-11,2,-3,0,0,0,0,0,0,0,0,0,0,0,0,0,0,0,0,0,0,1,-4,7,-16,8,-16,8,-17,9,-18,10,-18,10,-18,11,-19,12,-19,13,-19,14,-19,14,-19,14,-19,14,-19,14,-19,15,-19,15,-19,14,-19,14,-19,15,-19,15,-19,14,-19,14,-19,13,-19,13,-19,14,-19,14,-20"
0.5385799407958984,11,"CSI,3495,128,83,49,21,0,-6,-10,-4,-9,-5,-7,-6,-4,-8,-1,-10,1,-9,4,-6,5,-9,5,-12,4,-12,2,-11,2,-12,4,-12,4,-11,3,-12,2,-10,3,-7,2,-5,0,-2,2,-1,4,0,1,2,-1,4,2,4,4,1,1,0,0,0,0,0,0,0,0,0,0,0,0,0,0,0,0,0,0,0,-1,2,-4,3,-3,2,-3,3,-3,3,-4,3,-4,4,-4,6,-5,7,-5,6,-4,6,-4,6,-4,6,-4,5,-4,2,-3,1,-5,-1,-6,-5,-6,-9,-6,-9,-8,-10,-12,-11,-14,-12,-14,-14,-15,-15,-15,-14,-14"
0.5861282348632812,12,"CSI,2446,128,101,81,22,0,-3,20,-2,20,-2,19,-2,19,-2,19,-2,19,-1,18,0,19,0,19,0,18,1,18,0,18,0,18,0,17,0,17,-1,17,-1,17,-1,16,-1,15,-2,14,-2,13,-2,13,-2,12,-2,12,-2,11,-1,2,0,0,0,0,0,0,0,0,0,0,0,0,0,0,0,0,0,0,0,3,0,14,-1,15,-1,16,-2,16,-2,17,-2,18,-2,19,-3,19,-3,19,-4,20,-4,20,-4,20,-4,21,-5,20,-5,20,-5,20,-4,20,-4,20,-4,20,-4,20,-4,20,-3,20,-3,20,-3,20,-3,20,-3,21"
0.7015700340270996,13,"CSI,2447,128,101,81,22,0,21,-6,21,-7,21,-7,21,-8,21,-8,20,-8,20,-8,20,-8,19,-9,19,-9,18,-9,18,-9,18,-9,19,-9,19,-9,18,-8,17,-7,17,-6,16,-6,16,-6,15,-6,15,-5,14,-5,14,-4,13,-3,3,-1,0,0,0,0,0,0,0,0,0,0,0,0,0,0,0,0,0,0,4,-2,16,-7,16,-7,17,-7,18,-7,19,-7,20,-7,20,-6,21,-6,22,-6,23,-6,23,-5,23,-5,23,-5,23,-5,23,-5,23,-4,23,-4,23,-5,23,-5,23,-6,23,-6,22,-6,22,-6,22,-6,23,-7,24,-7"
0.8125841617584229,14,"CSI,2448,128,101,81,22,0,16,-8,16,-8,16,-8,16,-9,16,-9,15,-9,14,-9,14,-9,14,-9,14,-9,13,-10,13,-10,13,-9,14,-9,14,-9,14,-9,13,-8,13,-7,12,-7,12,-6,12,-6,11,-6,11,-5,11,-5,10,-4,2,-1,0,0,0,0,0,0,0,0,0,0,0,0,0,0,0,0,0,0,2,-2,11,-8,12,-8,12,-8,13,-9,14,-9,14,-8,15,-8,16,-8,17,-8,17,-8,17,-8,17,-7,17,-7,17,-7,17,-7,18,-7,17,-7,17,-7,17,-7,17,-8,17,-8,17,-8,16,-8,17,-8,17,-8,18,-9"
0.9353141784667969,15,"CSI,2449,128,101,81,22,0,20,-12,20,-12,20,-12,20,-13,20,-13,19,-13,18,-13,18,-13,18,-14,17,-13,16,-13,16,-13,16,-13,17,-13,17,-13,17,-12,16,-12,15,-11,15,-10,14,-10,14,-9,14,-9,13,-8,13,-7,12,-7,3,-2,0,0,0,0,0,0,0,0,0,0,0,0,0,0,0,0,0,0,3,-3,14,-11,15,-11,15,-12,17,-12,17,-12,18,-12,19,-12,20,-12,21,-12,22,-12,22,-11,22,-11,22,-11,22,-11,22,-10,22,-10,22,-10,22,-11,22,-11,22,-12,22,-12,21,-12,21,-11,21,-12,22,-12,23,-13"
0.9844422340393066,16,"CSI,2900,128,83,49,21,0,2,21,3,16,6,11,10,6,11,3,13,1,15,0,15,-3,19,-6,22,-6,23,-4,25,-3,24,-3,21,-3,20,-3,20,-1,19,1,17,0,12,-2,8,-1,5,-1,3,-3,0,-5,-1,-7,-1,-8,-1,-3,0,0,0,0,0,0,0,0,0,0,0,0,0,0,0,0,0,0,-3,0,-9,2,-9,0,-12,-2,-15,-2,-15,-4,-13,-7,-12,-7,-8,-4,-4,-2,-3,0,-4,2,-4,3,-3,5,-3,7,-2,10,0,14,0,16,-2,19,-4,22,-7,23,-5,25,-3,29,-6,31,-8,30,-9,28,-10,26"
1.0339691638946533,17,"CSI,2450,128,101,81,22,0,7,-9,7,-9,7,-9,7,-9,7,-9,7,-10,6,-10,6,-10,6,-10,6,-10,5,-10,5,-10,5,-10,6,-10,6,-9,6,-9,6,-9,6,-9,6,-8,6,-8,6,-7,5,-7,5,-7,5,-6,5,-6,1,-2,0,0,0,0,0,0,0,0,0,0,0,0,0,0,0,0,0,0,1,-2,4,-7,4,-7,4,-8,5,-8,5,-8,6,-8,6,-8,6,-9,7,-9,7,-8,7,-8,8,-9,8,-9,8,-9,8,-9,8,-9,8,-9,8,-9,8,-9,8,-9,8,-9,7,-9,7,-9,7,-9,7,-9,7,-10"
1.0871961116790771,18,"CSI,2904,128,83,49,21,0,-19,6,-17,6,-13,8,-9,12,-6,12,-3,14,-2,17,-4,19,0,21,4,26,4,28,6,27,6,26,3,24,2,22,0,19,-1,16,-1,13,-2,10,-1,9,0,7,1,3,4,0,6,-1,5,-1,1,-1,0,0,0,0,0,0,0,0,0,0,0,0,0,0,0,0,0,0,-3,-1,-10,-2,-9,-2,-9,-4,-10,-5,-12,-7,-10,-8,-8,-10,-5,-10,-2,-8,1,-6,0,-5,-2,-1,-4,2,-6,3,-11,5,-16,6,-17,6,-19,6,-22,6,-24,8,-25,10,-26,10,-28,10,-31,8,-30,7,-27,7"
1.1505489349365234,19,"CSI,2451,128,101,81,22,0,13,13,14,13,14,12,14,11,14,11,14,11,14,11,15,10,14,10,14,10,14,10,14,10,14,10,15,9,14,9,14,9,13,10,13,10,12,9,11,9,11,8,10,8,10,8,9,8,9,8,2,2,0,0,0,0,0,0,0,0,0,0,0,0,0,0,0,0,0,0,3,2,12,8,12,9,12,9,12,10,13,11,13,12,13,13,14,13,14,13,13,14,13,15,13,16,13,16,13,16,13,15,13,15,13,15,13,15,13,14,13,14,14,14,14,14,14,14,14,14,14,14,15,14"
1.1755650043487549,20,"CSI,3518,128,83,49,21,0,0,10,1,7,1,4,2,5,3,4,4,1,2,1,1,5,4,5,6,3,7,3,7,5,7,6,6,6,5,7,4,6,3,4,0,4,2,5,2,4,0,2,0,-1,3,-2,5,-1,6,0,1,0,0,0,0,0,0,0,0,0,0,0,0,0,0,0,0,0,0,0,0,0,0,3,0,4,0,4,-2,3,-2,3,0,6,1,8,-1,7,-4,6,-3,8,-3,9,-1,10,-2,8,-4,4,-4,4,-2,5,-2,5,0,4,3,6,5,5,9,5,9,9,6,9,4,6,4,7,6,11"
1.2056992053985596,21,"CSI,2908,128,83,49,21,0,-4,-21,-6,-14,-6,-9,-8,-4,-12,0,-13,3,-14,10,-19,17,-20,17,-19,15,-19,15,-22,15,-23,14,-21,13,-19,11,-18,9,-16,7,-11,8,-7,9,-5,6,-4,3,-1,2,1,2,2,2,6,3,1,0,0,0,0,0,0,0,0,0,0,0,0,0,0,0,0,0,0,0,1,-1,7,-1,8,0,9,1,10,3,9,6,8,6,8,4,9,4,8,4,7,3,5,0,2,-4,-2,-7,-2,-8,0,-9,-1,-11,-3,-15,-3,-20,-3,-25,-1,-26,1,-28,0,-29,-2,-28,-2,-30,-2,-34,0,-32"
1.2574501037597656,22,"CSI,3522,128,83,49,21,0,11,-3,8,-4,4,-5,-1,-6,-2,-7,-4,-8,-5,-3,-7,1,-8,-1,-10,-5,-11,-9,-10,-12,-9,-11,-10,-11,-10,-9,-9,-8,-9,-6,-9,-4,-7,-3,-6,-2,-4,0,-3,4,-2,6,-2,6,-3,6,-1,1,0,0,0,0,0,0,0,0,0,0,0,0,0,0,0,0,0,0,-2,-1,-5,-1,-5,2,-6,3,-5,4,-5,3,-6,1,-9,2,-9,2,-7,3,-5,4,-6,5,-6,4,-3,2,-1,1,1,1,2,0,3,-2,3,-4,6,-6,9,-6,9,-3,13,-2,15,-1,16,0,17,2,16,2"
1.2853319644927979,23,"CSI,2452,128,101,81,22,0,23,7,23,7,23,6,23,5,23,4,23,4,22,4,22,3,22,3,22,3,21,3,21,2,21,2,21,2,21,2,21,2,20,3,19,3,18,3,17,2,17,2,16,2,15,3,15,3,14,3,3,0,0,0,0,0,0,0,0,0,0,0,0,0,0,0,0,0,0,0,5,0,20,2,21,2,22,3,22,4,23,4,24,5,25,6,25,7,26,7,26,8,25,9,25,10,25,10,25,10,25,10,25,10,25,10,25,10,25,9,25,8,25,8,25,8,24,8,24,8,25,8,26,8"
1.314190149307251,24,"CSI,2912,128,83,49,21,0,16,8,16,4,14,0,12,-2,13,-4,16,-7,16,-10,12,-13,11,-14,16,-12,21,-11,23,-11,23,-9,22,-7,20,-7,19,-4,15,-1,10,-1,9,-3,6,-5,3,-5,4,-5,4,-6,3,-6,3,-8,1,-3,0,0,0,0,0,0,0,0,0,0,0,0,0,0,0,0,0,0,1,0,5,3,5,7,5,11,4,12,1,10,0,9,1,10,1,11,2,10,2,9,3,7,4,4,7,3,12,4,16,7,18,9,19,11,19,11,19,12,21,13,23,16,23,18,23,19,22,17,18,16,17,16"
1.3761131763458252,25,"CSI,2453,128,101,81,22,0,5,-18,4,-18,4,-18,4,-18,4,-17,4,-17,3,-17,2,-17,2,-17,2,-18,1,-17,1,-17,2,-16,2,-16,2,-16,2,-16,2,-15,2,-15,2,-14,3,-13,3,-12,3,-12,3,-11,3,-11,3,-10,0,-3,0,0,0,0,0,0,0,0,0,0,0,0,0,0,0,0,0,0,0,-5,1,-17,1,-17,2,-18,2,-19,3,-19,3,-20,3,-21,4,-21,5,-21,6,-21,7,-21,6,-21,7,-21,7,-21,7,-21,7,-20,6,-20,6,-20,7,-20,6,-20,6,-20,5,-20,5,-20,5,-20,6,-20,5,-20"
1.412102222442627,26,"CSI,2916,128,83,49,21,0,2,-25,0,-23,2,-21,2,-19,-2,-20,-4,-21,-6,-20,-9,-22,-11,-23,-8,-19,-6,-17,-8,-19,-7,-20,-4,-20,-4,-20,-5,-18,-4,-14,-2,-10,1,-11,2,-13,0,-10,-2,-5,-3,-4,-3,-4,-3,-3,-1,-1,0,0,0,0,0,0,0,0,0,0,0,0,0,0,0,0,0,0,-1,-3,-3,-11,-2,-12,0,-13,2,-13,2,-13,2,-13,2,-12,3,-12,2,-12,1,-11,0,-11,0,-13,-2,-15,-4,-15,-4,-18,-2,-21,-1,-23,-1,-26,0,-27,1,-28,2,-28,4,-28,6,-26,7,-24,5,-24,3,-24"
1.4453060626983643,27,"CSI,410,128,-117,-78,40,0,10,-21,9,-21,9,-21,9,-20,9,-20,8,-20,7,-21,6,-21,6,-21,6,-21,5,-21,5,-20,5,-20,5,-20,6,-19,6,-19,6,-19,6,-18,6,-17,6,-16,6,-15,5,-15,6,-14,6,-13,5,-13,1,-4,0,0,0,0,0,0,0,0,0,0,0,0,0,0,0,0,0,0,1,-5,5,-18,5,-18,6,-19,7,-20,7,-20,8,-21,9,-22,9,-22,10,-22,12,-22,12,-22,12,-22,12,-22,12,-22,12,-22,12,-22,12,-22,12,-22,12,-21,12,-21,12,-22,11,-22,10,-22,11,-21,11,-22,11,-23"
1.4973030090332031,28,"CSI,2920,128,83,49,21,0,13,15,10,11,9,6,11,0,14,-5,14,-11,16,-14,21,-13,23,-17,20,-24,17,-24,18,-21,19,-18,21,-14,21,-13,18,-11,14,-9,11,-8,7,-8,3,-6,0,-4,0,-2,-2,-2,-5,-4,-8,-5,-3,-2,0,0,0,0,0,0,0,0,0,0,0,0,0,0,0,0,0,0,-2,2,-5,8,-7,8,-11,8,-13,7,-13,7,-12,5,-12,3,-12,2,-12,0,-9,1,-6,2,-3,3,0,4,3,4,7,7,10,11,11,15,12,18,11,20,11,22,14,26,15,29,16,30,16,30,12,28,10,27"
1.5620131492614746,29,"CSI,3534,128,83,49,21,0,11,-4,7,-5,4,-8,1,-10,-3,-9,-3,-7,-5,-5,-10,-3,-12,-4,-11,-7,-10,-10,-8,-11,-5,-10,-7,-9,-10,-9,-9,-10,-5,-10,-2,-7,-4,-4,-5,0,-4,1,-5,0,-6,1,-5,3,-5,4,-2,1,0,0,0,0,0,0,0,0,0,0,0,0,0,0,0,0,0,0,-1,0,-2,3,-1,3,-1,4,0,4,1,3,3,5,4,7,3,7,-1,7,-3,7,-1,6,-2,7,-2,7,0,5,-1,4,0,2,2,-1,3,-3,3,-5,6,-7,10,-9,11,-9,12,-9,13,-9,13,-9,10,-10"
1.6005291938781738,30,"CSI,2455,128,101,81,22,0,7,-12,7,-12,7,-12,7,-12,7,-12,6,-12,6,-12,5,-12,5,-12,5,-12,4,-12,4,-11,4,-11,4,-11,5,-11,5,-10,4,-10,4,-10,4,-9,4,-9,4,-8,4,-8,4,-7,4,-7,3,-7,0,-2,0,0,0,0,0,0,0,0,0,0,0,0,0,0,0,0,0,0,1,-3,4,-11,5,-11,5,-12,6,-12,6,-12,6,-13,7,-13,7,-13,8,-13,9,-13,9,-13,9,-13,9,-13,9,-13,9,-13,9,-13,9,-13,9,-13,9,-13,9,-12,9,-13,8,-13,8,-13,8,-12,8,-12,8,-12"
1.711517333984375,31,"CSI,2456,128,101,81,22,0,10,22,11,22,11,22,11,21,11,20,11,20,12,20,13,20,13,20,13,20,13,20,13,20,13,19,13,19,12,18,12,19,11,19,11,19,10,18,9,17,9,16,8,16,8,15,7,15,6,15,1,3,0,0,0,0,0,0,0,0,0,0,0,0,0,0,0,0,0,0,2,3,10,14,10,15,10,16,10,16,10,18,10,19,10,20,10,21,10,21,9,22,9,23,9,23,8,24,8,24,8,24,8,23,9,24,9,23,9,23,9,23,9,23,10,23,10,23,10,23,10,23,10,24"
1.8291351795196533,32,"CSI,2457,128,101,81,22,0,20,13,20,13,20,13,20,12,20,11,20,10,20,11,20,10,20,10,20,9,20,9,20,9,20,9,20,8,20,8,19,9,18,9,17,9,17,9,16,8,15,7,14,7,14,7,13,7,12,8,3,2,0,0,0,0,0,0,0,0,0,0,0,0,0,0,0,0,0,0,4,2,17,8,17,9,18,10,18,10,19,11,19,12,20,14,20,14,20,15,20,15,20,16,20,17,20,17,20,17,20,17,20,17,20,17,20,16,20,15,20,15,20,15,20,15,20,15,21,15,21,14,22,15"
1.938399076461792,33,"CSI,2458,128,101,81,22,0,6,-13,6,-12,6,-12,6,-12,6,-12,5,-12,5,-12,4,-12,4,-12,4,-12,4,-12,4,-12,4,-12,4,-11,4,-11,4,-11,4,-11,4,-10,4,-10,4,-9,4,-9,4,-8,4,-8,4,-8,4,-7,1,-2,0,0,0,0,0,0,0,0,0,0,0,0,0,0,0,0,0,0,0,-3,3,-11,4,-11,4,-11,5,-12,5,-12,5,-12,5,-13,6,-13,6,-13,7,-13,7,-13,7,-13,7,-13,7,-13,7,-13,7,-13,7,-13,7,-13,7,-13,7,-13,7,-13,6,-13,6,-13,6,-13,6,-13,5,-13"
2.0615382194519043,34,"CSI,2459,128,101,81,22,0,-23,-12,-23,-12,-23,-12,-23,-11,-23,-10,-23,-9,-23,-9,-23,-9,-23,-9,-23,-9,-23,-9,-23,-8,-23,-8,-23,-7,-23,-7,-22,-8,-21,-9,-21,-9,-20,-9,-19,-8,-18,-7,-18,-8,-17,-7,-16,-8,-16,-8,-4,-2,0,0,0,0,0,0,0,0,0,0,0,0,0,0,0,0,0,0,-4,-2,-16,-6,-17,-6,-17,-7,-18,-7,-18,-8,-19,-9,-20,-10,-20,-11,-21,-11,-21,-11,-21,-13,-21,-14,-21,-14,-21,-14,-21,-14,-21,-14,-22,-14,-22,-14,-22,-13,-22,-12,-22,-12,-22,-12,-22,-13,-23,-13,-24,-12,-25,-12"
2.1615641117095947,35,"CSI,2460,128,101,81,22,0,-1,12,-1,11,-1,11,-1,11,-1,11,-1,11,-1,11,0,10,0,10,0,10,0,11,0,11,0,11,0,10,0,10,0,10,0,10,0,9,0,9,-1,8,-1,8,-1,8,-1,8,-1,7,-1,7,-1,1,0,0,0,0,0,0,0,0,0,0,0,0,0,0,0,0,0,0,0,2,0,8,0,8,0,8,0,9,0,9,0,10,0,10,-1,11,-1,11,-2,11,-2,11,-2,11,-2,11,-2,11,-2,11,-2,11,-2,11,-2,11,-2,11,-2,11,-2,11,-2,11,-2,11,-2,11,-2,11,-2,11"
2.214216947555542,36,"CSI,2948,128,83,49,21,0,-11,14,-8,10,-5,9,-2,11,2,11,9,5,9,-4,4,-2,14,6,24,12,22,15,20,17,20,19,15,19,10,18,7,16,5,14,6,10,7,6,4,2,1,-2,0,-3,2,-4,4,-6,5,-6,1,-2,0,0,0,0,0,0,0,0,0,0,0,0,0,0,0,0,0,0,0,0,-2,1,-8,2,-13,0,-13,-2,-14,-2,-15,-3,-15,-5,-14,-8,-13,-7,-12,-9,-11,-10,-7,-6,-4,-2,-3,2,-4,8,-8,16,-8,20,-9,21,-14,21,-14,22,-11,25,-15,28,-18,29,-19,27,-20,25,-18,22"
2.316155195236206,37,"CSI,2952,128,83,49,21,0,-13,0,-10,2,-8,6,-4,9,1,9,4,12,8,8,13,1,13,10,12,20,14,19,13,19,13,21,16,20,16,17,13,16,10,14,7,10,5,7,4,4,4,1,5,-2,5,-4,3,-7,3,-10,1,-3,0,0,0,0,0,0,0,0,0,0,0,0,0,0,0,0,0,0,2,-2,7,-6,6,-5,6,-7,8,-9,10,-10,9,-7,7,-3,8,-3,8,-2,5,1,0,1,-6,1,-10,1,-12,0,-12,-4,-14,-7,-16,-9,-19,-13,-20,-13,-20,-11,-20,-13,-21,-11,-24,-9,-25,-11,-21,-13,-18,-14"
2.3920891284942627,38,"CSI,2462,128,101,81,22,0,-12,21,-11,21,-11,21,-11,20,-11,20,-10,20,-9,20,-8,20,-8,20,-8,20,-7,20,-7,19,-8,19,-8,18,-8,18,-8,17,-8,17,-8,16,-8,15,-8,14,-8,13,-8,12,-8,12,-8,11,-7,10,-2,2,0,0,0,0,0,0,0,0,0,0,0,0,0,0,0,0,0,0,-2,5,-8,20,-8,20,-9,21,-10,21,-10,22,-11,23,-12,23,-12,24,-14,24,-15,24,-15,24,-15,24,-15,24,-15,24,-15,23,-15,23,-15,23,-15,23,-15,22,-15,22,-14,23,-13,23,-13,22,-13,22,-13,23,-13,23"
2.4927332401275635,39,"CSI,414,128,-117,-78,40,0,-21,-12,-21,-12,-22,-11,-21,-10,-21,-10,-21,-10,-21,-10,-21,-10,-22,-9,-22,-9,-21,-9,-21,-9,-21,-8,-22,-8,-21,-8,-21,-9,-20,-9,-19,-10,-18,-10,-17,-9,-17,-9,-16,-9,-15,-8,-15,-9,-14,-9,-4,-3,0,0,0,0,0,0,0,0,0,0,0,0,0,0,0,0,0,0,-4,-2,-16,-6,-16,-6,-16,-7,-17,-7,-18,-8,-18,-9,-19,-10,-19,-11,-20,-11,-20,-11,-20,-12,-20,-13,-20,-13,-20,-13,-20,-13,-20,-13,-20,-14,-20,-13,-20,-12,-20,-12,-21,-12,-21,-12,-21,-13,-21,-12,-22,-12,-23,-12"
2.5290632247924805,40,"CSI,2463,128,101,81,22,0,14,-20,14,-20,14,-20,14,-20,14,-20,13,-20,12,-21,11,-21,11,-21,10,-21,10,-21,10,-22,10,-21,11,-21,11,-20,11,-20,11,-19,10,-19,10,-18,10,-17,10,-16,10,-16,10,-15,10,-14,9,-13,2,-4,0,0,0,0,0,0,0,0,0,0,0,0,0,0,0,0,0,0,2,-4,9,-14,10,-14,10,-15,11,-16,12,-16,12,-16,12,-17,13,-17,15,-17,16,-18,16,-18,15,-18,15,-18,16,-18,16,-18,16,-18,16,-18,16,-18,16,-18,16,-19,16,-19,15,-19,14,-19,14,-19,15,-19,15,-19"
2.5591323375701904,41,"CSI,2960,128,83,49,21,0,2,-6,2,-7,2,-9,1,-12,2,-13,4,-11,0,-10,-4,-10,-2,-7,-2,-7,-4,-9,-5,-12,-6,-11,-7,-10,-10,-9,-12,-8,-10,-4,-6,-1,-6,0,-8,0,-7,0,-4,1,-2,1,-2,1,-1,2,-1,0,0,0,0,0,0,0,0,0,0,0,0,0,0,0,0,0,0,0,-1,1,-3,6,-6,3,-8,0,-8,0,-7,-2,-6,-3,-4,-2,-3,-1,-2,-1,0,-1,4,-2,7,-2,9,0,10,2,12,5,13,6,13,9,14,11,13,9,11,7,11,10,9,10,5,8,3,7,3,7,5,8"
2.617025136947632,42,"CSI,2464,128,101,81,22,0,15,11,15,10,15,10,15,9,15,9,15,9,15,8,16,8,16,8,16,8,15,8,15,7,15,7,15,7,15,7,15,7,14,8,13,8,13,8,12,7,12,6,11,6,11,6,10,6,9,7,2,1,0,0,0,0,0,0,0,0,0,0,0,0,0,0,0,0,0,0,2,1,11,5,11,5,12,6,12,6,13,7,13,8,13,9,14,9,14,10,14,10,14,11,14,11,14,12,14,12,14,11,14,12,14,12,14,12,14,11,15,11,15,11,15,11,15,11,15,11,16,10,17,10"
2.726624011993408,43,"CSI,2465,128,101,81,22,0,11,21,12,21,12,20,12,19,12,19,12,18,13,18,13,18,13,18,13,18,13,18,13,18,13,17,13,17,13,16,12,17,11,17,11,17,10,16,9,15,9,14,8,13,8,13,7,13,6,13,1,3,0,0,0,0,0,0,0,0,0,0,0,0,0,0,0,0,0,0,2,3,9,13,10,13,10,14,10,15,10,16,11,17,11,19,11,19,11,20,10,20,10,21,10,22,10,22,10,22,10,22,10,22,10,22,10,22,10,21,11,21,11,21,11,21,12,21,12,21,12,21,13,22"
2.8448939323425293,44,"CSI,2466,128,101,81,22,0,-5,-11,-5,-11,-5,-11,-5,-10,-5,-9,-5,-9,-6,-9,-6,-9,-6,-9,-6,-9,-6,-9,-6,-9,-6,-9,-6,-8,-6,-8,-5,-8,-5,-8,-5,-8,-5,-7,-4,-7,-4,-7,-4,-6,-4,-6,-3,-6,-3,-6,-1,-2,0,0,0,0,0,0,0,0,0,0,0,0,0,0,0,0,0,0,-2,-2,-5,-8,-5,-9,-5,-9,-5,-9,-5,-10,-5,-10,-5,-11,-5,-11,-5,-12,-5,-12,-5,-12,-4,-12,-4,-13,-4,-13,-4,-12,-4,-12,-4,-12,-4,-12,-5,-12,-5,-12,-5,-11,-5,-12,-5,-12,-5,-11,-5,-11,-5,-11"
2.958850145339966,45,"CSI,2467,128,101,81,22,0,-3,-23,-3,-23,-4,-23,-3,-22,-3,-22,-4,-22,-4,-22,-5,-22,-5,-22,-5,-22,-6,-22,-5,-22,-5,-21,-5,-21,-5,-21,-4,-21,-4,-20,-4,-20,-3,-19,-2,-18,-2,-17,-2,-17,-1,-16,-1,-15,-1,-15,-1,-4,0,0,0,0,0,0,0,0,0,0,0,0,0,0,0,0,0,0,-1,-4,-4,-15,-4,-16,-4,-17,-3,-17,-3,-18,-4,-19,-3,-20,-3,-21,-2,-21,-2,-21,-2,-22,-2,-23,-1,-23,-1,-23,-1,-23,-1,-23,-2,-23,-2,-23,-1,-22,-2,-22,-2,-22,-3,-23,-3,-23,-3,-23,-3,-23,-3,-24"
3.0713043212890625,46,"CSI,2468,128,101,81,22,0,17,19,17,19,18,18,18,17,18,17,18,16,19,16,19,16,19,16,19,16,18,16,18,16,18,15,18,15,18,15,17,16,16,16,16,16,15,15,14,14,13,14,12,13,12,13,11,13,10,13,2,3,0,0,0,0,0,0,0,0,0,0,0,0,0,0,0,0,0,0,3,3,15,12,15,13,15,14,16,14,16,15,16,17,17,18,17,18,17,19,16,19,16,21,16,21,16,22,16,21,16,21,16,21,16,21,16,20,16,19,16,19,17,19,17,19,18,20,17,20,18,19,19,19"
3.1754040718078613,47,"CSI,2469,128,101,81,22,0,22,2,22,1,23,1,23,0,23,0,22,-1,22,-1,22,-1,22,-1,22,-2,21,-2,21,-2,21,-2,22,-2,22,-2,21,-1,20,0,20,0,19,0,18,0,17,0,17,0,16,0,16,1,15,1,3,0,0,0,0,0,0,0,0,0,0,0,0,0,0,0,0,0,0,0,3,-1,15,-2,16,-1,16,-1,17,-1,18,-1,19,0,19,1,20,1,21,1,22,1,22,2,22,3,22,3,22,3,22,3,22,3,22,3,22,3,23,2,23,2,23,2,23,2,23,2,23,2,24,1,25,1"
3.206029176712036,48,"CSI,3598,128,83,49,21,0,10,2,7,0,6,-2,5,-2,2,-4,-1,-7,-3,-10,-7,-13,-10,-11,-11,-11,-10,-13,-9,-13,-10,-11,-8,-11,-5,-11,-3,-9,-2,-6,-3,-4,-5,-3,-5,-2,-3,-1,-2,0,-2,2,-2,5,-4,5,-1,1,0,0,0,0,0,0,0,0,0,0,0,0,0,0,0,0,0,0,-1,-1,-4,-1,-2,-1,-1,1,-4,3,-6,4,-6,4,-7,4,-10,6,-11,7,-10,6,-7,5,-5,5,-3,5,-1,4,0,3,1,1,3,-2,7,-3,10,-1,12,0,12,0,12,1,15,2,19,3,18,3,16,1"
3.2979352474212646,49,"CSI,2470,128,101,81,22,0,-9,-24,-10,-24,-10,-24,-10,-23,-10,-22,-10,-22,-11,-22,-12,-21,-12,-21,-12,-21,-12,-21,-12,-20,-11,-20,-11,-19,-11,-19,-10,-19,-10,-19,-10,-19,-9,-18,-8,-17,-8,-15,-7,-15,-7,-15,-6,-14,-6,-14,-2,-4,0,0,0,0,0,0,0,0,0,0,0,0,0,0,0,0,0,0,-3,-5,-9,-18,-9,-19,-9,-20,-9,-21,-9,-21,-9,-23,-9,-24,-9,-25,-9,-25,-8,-25,-7,-26,-7,-27,-7,-27,-7,-27,-7,-27,-7,-26,-8,-26,-8,-26,-8,-25,-8,-25,-8,-25,-9,-25,-9,-25,-9,-25,-9,-25,-9,-26"
3.4071691036224365,50,"CSI,2471,128,101,81,22,0,-18,-4,-18,-4,-18,-3,-18,-3,-18,-2,-17,-2,-17,-2,-17,-2,-17,-1,-17,-1,-16,-1,-16,0,-16,0,-17,0,-16,0,-16,0,-15,-1,-15,-1,-14,-1,-14,-1,-13,-1,-13,-1,-12,-1,-12,-1,-11,-2,-3,-1,0,0,0,0,0,0,0,0,0,0,0,0,0,0,0,0,0,0,-5,-1,-17,-2,-17,-2,-18,-2,-19,-3,-19,-3,-20,-4,-20,-5,-20,-5,-21,-6,-21,-6,-21,-7,-21,-7,-20,-7,-20,-7,-20,-7,-20,-7,-20,-7,-20,-7,-20,-6,-20,-5,-20,-5,-19,-5,-19,-5,-19,-5,-20,-4,-21,-4"
3.5234780311584473,51,"CSI,2472,128,101,81,22,0,-7,-19,-7,-18,-8,-18,-8,-18,-7,-17,-8,-17,-9,-17,-9,-17,-9,-17,-9,-17,-9,-17,-9,-17,-9,-16,-9,-16,-8,-16,-8,-16,-8,-16,-7,-16,-7,-15,-6,-14,-6,-14,-5,-13,-5,-13,-4,-12,-4,-12,-1,-3,0,0,0,0,0,0,0,0,0,0,0,0,0,0,0,0,0,0,-2,-4,-7,-14,-7,-15,-7,-16,-7,-16,-7,-17,-7,-18,-7,-19,-7,-19,-6,-19,-6,-20,-5,-20,-5,-21,-5,-21,-5,-21,-5,-21,-5,-20,-5,-20,-5,-20,-5,-20,-6,-19,-6,-19,-7,-19,-7,-19,-7,-19,-7,-19,-8,-20"
3.555104970932007,52,"CSI,418,128,-117,-78,40,0,-6,21,-6,21,-5,21,-6,21,-6,21,-5,20,-4,21,-4,21,-4,21,-4,21,-3,21,-3,21,-4,20,-4,20,-4,19,-5,19,-5,19,-5,18,-5,17,-5,16,-6,15,-5,14,-6,14,-6,13,-6,13,-2,3,0,0,0,0,0,0,0,0,0,0,0,0,0,0,0,0,0,0,-1,4,-2,17,-2,18,-3,18,-4,19,-4,20,-4,21,-5,21,-5,22,-6,22,-7,22,-8,22,-8,22,-8,22,-8,22,-8,22,-8,22,-8,22,-8,22,-8,21,-8,21,-7,21,-7,22,-6,22,-6,22,-6,22,-6,23"
3.6395609378814697,53,"CSI,2473,128,101,81,22,0,-10,-15,-10,-15,-10,-15,-10,-14,-10,-13,-10,-13,-11,-13,-11,-13,-11,-13,-11,-13,-11,-13,-11,-12,-11,-12,-11,-11,-11,-11,-10,-11,-10,-12,-10,-12,-9,-11,-8,-10,-8,-10,-8,-10,-7,-9,-7,-9,-6,-9,-2,-3,0,0,0,0,0,0,0,0,0,0,0,0,0,0,0,0,0,0,-3,-4,-12,-13,-12,-13,-12,-14,-12,-15,-12,-16,-12,-17,-12,-17,-12,-18,-11,-18,-11,-19,-10,-19,-10,-20,-10,-20,-10,-19,-10,-19,-10,-19,-10,-19,-9,-18,-9,-18,-9,-17,-9,-17,-10,-17,-10,-17,-10,-17,-11,-17,-11,-17"
3.7509632110595703,54,"CSI,2474,128,101,81,22,0,-13,-6,-13,-6,-13,-6,-13,-6,-13,-5,-13,-5,-13,-4,-13,-4,-13,-4,-13,-4,-13,-4,-13,-4,-13,-3,-13,-3,-13,-3,-12,-3,-12,-4,-12,-4,-11,-4,-11,-4,-10,-3,-10,-3,-10,-3,-9,-3,-9,-4,-3,-1,0,0,0,0,0,0,0,0,0,0,0,0,0,0,0,0,0,0,-3,-1,-10,-5,-11,-5,-11,-6,-11,-6,-12,-6,-12,-7,-12,-8,-13,-8,-13,-8,-13,-8,-12,-9,-12,-9,-12,-9,-12,-9,-13,-9,-13,-9,-13,-9,-13,-9,-13,-8,-13,-8,-13,-7,-13,-8,-13,-8,-13,-7,-13,-7,-13,-7"
3.7813491821289062,55,"CSI,3007,128,83,49,21,0,14,1,11,-2,8,-5,3,-6,-3,-9,-7,-12,-8,-17,-10,-23,-13,-23,-15,-20,-14,-21,-15,-22,-14,-20,-13,-16,-14,-14,-11,-14,-7,-12,-6,-8,-7,-5,-7,-2,-4,0,-3,2,-3,4,-3,6,-3,7,-1,2,0,0,0,0,0,0,0,0,0,0,0,0,0,0,0,0,0,0,0,2,2,9,0,11,-3,11,-6,10,-7,9,-7,9,-9,9,-9,5,-8,1,-7,0,-5,-1,-1,-1,2,-1,6,0,11,1,15,1,18,1,20,1,22,3,25,4,28,5,27,8,25,9,22,6,19,3,19,4"
3.8577401638031006,56,"CSI,2475,128,101,81,22,0,-18,13,-17,13,-17,13,-17,14,-17,14,-17,14,-16,14,-15,14,-15,14,-15,15,-14,15,-14,15,-14,15,-15,15,-15,14,-15,14,-14,13,-14,12,-14,12,-14,11,-13,11,-13,10,-13,10,-13,9,-12,8,-3,2,0,0,0,0,0,0,0,0,0,0,0,0,0,0,0,0,0,0,-4,2,-13,11,-13,11,-14,11,-15,12,-16,12,-16,12,-17,12,-18,12,-19,12,-20,12,-20,12,-20,11,-20,11,-20,11,-20,11,-20,11,-20,11,-20,11,-20,12,-20,12,-20,12,-19,12,-18,12,-19,13,-19,13,-20,14"
3.9143002033233643,57,"CSI,56,128,77,-47,20,0,15,-1,10,-2,5,-6,3,-8,2,-8,0,-10,1,-13,4,-14,4,-18,0,-21,-2,-20,-2,-19,-1,-18,0,-19,1,-20,3,-18,4,-15,1,-12,-1,-10,0,-7,-1,-4,-2,-2,-4,0,-5,2,-5,3,-2,0,0,0,0,0,0,0,0,0,0,0,0,0,0,0,0,0,0,0,0,1,2,5,2,6,1,9,-1,11,-4,11,-6,10,-6,8,-5,6,-5,6,-4,4,-1,2,0,0,4,0,7,1,10,2,14,3,17,5,18,5,18,5,23,6,28,7,28,6,25,5,22,7,18,7,14,6"
3.9664623737335205,58,"CSI,2476,128,101,81,22,0,21,9,21,9,21,8,21,7,21,7,21,6,21,7,21,7,21,6,21,6,20,6,20,6,20,5,21,5,21,5,20,6,19,7,18,7,18,7,17,6,16,6,15,6,15,6,14,6,13,7,3,1,0,0,0,0,0,0,0,0,0,0,0,0,0,0,0,0,0,0,4,0,16,3,17,4,17,5,18,5,19,6,19,7,20,8,20,8,21,8,21,9,20,10,20,11,20,11,20,11,20,11,21,10,21,11,21,10,21,10,21,9,21,9,21,9,21,10,21,9,22,9,23,9"
4.086584091186523,59,"CSI,2477,128,101,81,22,0,17,-14,16,-14,16,-14,16,-14,16,-14,16,-14,15,-14,14,-15,14,-15,13,-15,13,-15,13,-15,13,-15,13,-14,14,-14,13,-14,13,-13,12,-12,12,-12,12,-11,12,-11,11,-10,11,-10,11,-9,10,-8,2,-2,0,0,0,0,0,0,0,0,0,0,0,0,0,0,0,0,0,0,2,-4,11,-13,11,-13,12,-13,13,-14,14,-14,14,-14,15,-14,16,-14,17,-14,18,-14,18,-14,18,-14,18,-14,19,-14,19,-13,19,-13,18,-13,18,-13,19,-14,19,-14,19,-14,18,-14,17,-14,17,-14,18,-14,19,-14"
4.190830230712891,60,"CSI,2478,128,101,81,22,0,11,15,12,15,12,15,12,14,12,13,12,13,13,13,13,13,13,13,13,13,13,13,12,13,12,12,13,12,13,12,12,12,11,12,11,12,10,11,10,11,9,10,9,10,8,10,7,9,7,10,1,2,0,0,0,0,0,0,0,0,0,0,0,0,0,0,0,0,0,0,2,2,9,9,9,10,9,10,9,11,10,12,10,13,10,14,10,14,10,15,10,15,9,16,9,16,9,17,9,17,10,16,10,16,10,16,10,16,10,16,11,15,11,15,11,16,11,16,11,16,12,16,13,16"
4.263192176818848,61,"CSI,3028,128,83,49,21,0,-1,-12,-5,-13,-9,-13,-11,-9,-12,-5,-15,-5,-15,-5,-15,-2,-16,-4,-20,-7,-20,-8,-18,-10,-17,-9,-17,-9,-17,-9,-14,-9,-11,-10,-8,-7,-8,-3,-9,-2,-10,0,-8,2,-6,3,-6,4,-5,7,-1,2,0,0,0,0,0,0,0,0,0,0,0,0,0,0,0,0,0,0,1,-2,4,-7,5,-8,7,-7,8,-5,9,-4,11,-3,11,0,9,1,6,1,3,1,2,-1,0,-4,-3,-6,-4,-10,-5,-15,-6,-18,-4,-18,-1,-18,0,-23,2,-25,6,-26,7,-27,7,-25,7,-23,4,-23,3,-21"
4.30832314491272,62,"CSI,2479,128,101,81,22,0,18,-15,18,-15,18,-15,18,-16,18,-16,17,-16,17,-16,16,-16,16,-17,16,-17,15,-17,15,-17,15,-17,15,-17,16,-16,16,-16,15,-15,15,-14,14,-14,14,-13,14,-12,14,-12,13,-11,13,-10,13,-10,3,-3,0,0,0,0,0,0,0,0,0,0,0,0,0,0,0,0,0,0,3,-3,12,-12,13,-12,13,-13,14,-13,15,-13,16,-13,16,-14,17,-14,19,-14,19,-14,20,-13,19,-13,20,-13,20,-13,20,-13,20,-13,20,-13,20,-13,20,-14,20,-14,20,-14,19,-14,19,-14,19,-14,20,-15,21,-16"
4.358109951019287,63,"CSI,3448,128,75,-79,20,0,-1,14,-2,9,-1,5,2,5,7,3,8,-1,7,0,7,5,8,2,12,-1,17,2,18,2,17,1,14,2,12,1,9,1,5,4,4,3,4,0,3,-1,1,-3,-1,-4,-2,-5,0,-6,1,-6,0,-2,0,0,0,0,0,0,0,0,0,0,0,0,0,0,0,0,0,0,-1,0,-4,0,-6,-1,-7,0,-6,3,-7,5,-11,6,-11,6,-10,5,-11,5,-12,2,-11,0,-10,-1,-11,-2,-8,-2,-4,0,-4,2,-5,5,0,8,4,10,5,12,5,15,5,16,6,18,7,20,7,21,6,19"
4.417643070220947,64,"CSI,2480,128,101,81,22,0,10,16,10,16,11,16,11,15,11,15,11,14,12,14,12,14,12,14,12,14,12,14,11,14,12,13,12,13,12,13,11,13,10,13,10,13,9,13,9,12,8,11,8,11,7,11,7,10,6,10,1,2,0,0,0,0,0,0,0,0,0,0,0,0,0,0,0,0,0,0,2,2,9,10,9,11,9,12,9,12,10,13,10,14,10,15,10,16,10,16,10,17,9,17,9,18,9,18,9,18,9,18,9,18,9,18,9,18,9,17,9,17,10,17,10,17,11,17,10,17,11,17,12,17"
4.4481871128082275,65,"CSI,59,128,77,-47,20,0,11,10,12,9,15,5,17,0,18,-3,19,-4,19,-7,17,-10,17,-8,18,-6,17,-3,17,-3,20,-5,20,-4,17,-3,15,-3,14,-3,13,-3,11,-3,9,-4,6,-4,3,-6,2,-7,1,-7,-1,-9,-1,-3,0,0,0,0,0,0,0,0,0,0,0,0,0,0,0,0,0,0,1,1,3,6,-1,9,-4,11,-6,10,-7,10,-8,11,-8,9,-6,6,-5,5,-2,5,1,6,1,6,3,6,7,7,11,11,13,16,13,18,14,19,14,21,14,23,12,24,10,25,8,23,6,23,5,24,6,25"
4.4761011600494385,66,"CSI,60,128,77,-47,20,0,1,15,0,10,4,6,9,5,12,5,14,4,18,5,21,6,22,5,22,1,22,-1,24,0,22,1,19,1,19,2,17,2,13,1,11,0,7,-1,4,-3,3,-3,1,-4,-2,-5,-3,-6,-2,-9,-1,-3,0,0,0,0,0,0,0,0,0,0,0,0,0,0,0,0,0,0,-2,0,-7,4,-8,5,-9,2,-12,-1,-13,-3,-10,-3,-9,-2,-10,-2,-7,0,-5,2,-5,3,-3,4,1,6,3,9,1,12,-2,14,-2,15,-2,17,-4,21,-7,24,-8,25,-9,23,-10,21,-8,22,-6,22,-5,20"
4.532624244689941,67,"CSI,2481,128,101,81,22,0,13,-21,12,-21,12,-20,12,-20,12,-20,11,-20,10,-21,10,-21,10,-21,9,-21,9,-21,9,-21,9,-21,9,-20,10,-20,10,-20,9,-19,9,-18,9,-17,9,-17,9,-16,9,-15,9,-14,9,-14,8,-13,2,-4,0,0,0,0,0,0,0,0,0,0,0,0,0,0,0,0,0,0,1,-4,7,-15,8,-15,8,-16,9,-17,10,-17,10,-18,11,-18,11,-19,13,-19,14,-19,14,-19,14,-19,14,-19,14,-19,14,-19,14,-19,14,-19,14,-19,14,-19,14,-19,14,-20,13,-20,12,-20,13,-20,14,-20,14,-21"
4.563080310821533,68,"CSI,3651,128,83,49,21,0,4,16,2,11,0,4,1,1,2,0,4,-1,5,1,3,2,4,0,7,-5,7,-9,5,-10,3,-10,3,-9,7,-7,7,-6,4,-3,3,-1,2,-2,1,-2,2,-2,0,-1,-2,0,-3,0,-5,-1,-2,-1,0,0,0,0,0,0,0,0,0,0,0,0,0,0,0,0,0,0,-1,-2,-2,-5,-3,-4,-4,-2,-5,-2,-6,-1,-7,1,-10,0,-11,0,-10,1,-10,0,-13,-2,-13,-2,-9,-2,-6,-2,-6,-3,-4,0,0,3,2,4,3,7,4,8,6,8,7,10,9,14,10,16,11,18,11,20"
4.593748092651367,69,"CSI,3040,128,83,49,21,0,-7,10,-4,11,-1,11,4,9,8,5,9,6,11,11,11,14,12,12,16,10,19,9,21,9,21,12,20,12,16,12,11,12,8,9,7,7,5,4,4,2,2,0,1,-1,1,-3,1,-7,0,-8,-1,-2,0,0,0,0,0,0,0,0,0,0,0,0,0,0,0,0,0,0,-2,-1,-9,-4,-9,-5,-7,-5,-7,-7,-7,-9,-5,-9,-3,-9,-3,-10,-1,-8,-1,-4,-2,-1,-4,3,-6,8,-6,10,-9,11,-14,10,-17,10,-16,11,-17,11,-18,12,-20,12,-20,11,-19,11,-17,12,-15,15,-15,15"
4.629849195480347,70,"CSI,422,128,-117,-78,40,0,-23,11,-22,11,-22,11,-22,11,-22,12,-21,12,-20,12,-20,12,-20,12,-20,12,-19,12,-19,13,-19,13,-19,12,-19,12,-19,12,-18,11,-18,10,-17,9,-17,9,-17,9,-16,8,-16,7,-15,7,-15,6,-4,1,0,0,0,0,0,0,0,0,0,0,0,0,0,0,0,0,0,0,-4,2,-16,9,-16,9,-17,10,-18,10,-19,10,-20,10,-20,10,-21,10,-22,10,-24,10,-24,9,-24,9,-24,9,-24,8,-24,8,-24,8,-24,8,-24,9,-24,10,-24,10,-24,10,-23,10,-23,10,-23,10,-25,10,-26,10"
4.664285182952881,71,"CSI,2482,128,101,81,22,0,-22,-1,-22,-1,-22,0,-22,0,-22,1,-22,1,-21,1,-21,2,-21,2,-20,2,-20,2,-20,2,-20,3,-20,3,-20,2,-20,2,-19,1,-18,1,-18,1,-17,1,-17,1,-16,0,-16,0,-15,0,-15,-1,-4,-1,0,0,0,0,0,0,0,0,0,0,0,0,0,0,0,0,0,0,-5,0,-17,2,-17,1,-18,1,-19,1,-20,1,-20,0,-21,0,-22,-1,-22,-1,-23,-1,-23,-2,-23,-3,-23,-3,-23,-3,-23,-3,-23,-3,-23,-3,-23,-3,-23,-2,-23,-1,-23,-1,-23,-2,-22,-2,-23,-1,-24,-1,-24,-1"
4.757698059082031,72,"CSI,2483,128,101,81,22,0,-1,-12,-2,-12,-1,-12,-1,-12,-1,-12,-1,-12,-2,-12,-2,-12,-3,-12,-3,-12,-3,-12,-3,-12,-3,-12,-3,-11,-2,-11,-2,-11,-2,-11,-2,-11,-2,-10,-1,-10,-1,-9,-1,-9,-1,-9,0,-9,0,-9,0,-2,0,0,0,0,0,0,0,0,0,0,0,0,0,0,0,0,0,0,-1,-3,-2,-9,-2,-10,-2,-10,-2,-10,-1,-11,-1,-11,-1,-12,-1,-12,-1,-12,0,-12,0,-12,0,-13,0,-13,0,-13,0,-13,0,-13,0,-13,0,-13,0,-12,0,-12,-1,-12,-1,-13,-1,-13,-1,-13,-1,-13,-1,-13"
4.868371248245239,73,"CSI,2484,128,101,81,22,0,9,-23,8,-23,8,-23,8,-23,8,-23,8,-23,6,-23,6,-23,6,-24,6,-24,5,-24,5,-23,6,-23,6,-23,6,-22,7,-22,7,-22,6,-21,7,-20,7,-19,7,-18,7,-17,7,-16,7,-16,7,-15,1,-4,0,0,0,0,0,0,0,0,0,0,0,0,0,0,0,0,0,0,0,-5,3,-17,3,-18,4,-19,5,-19,5,-20,5,-21,6,-22,7,-22,8,-22,9,-23,10,-23,10,-23,10,-23,10,-23,10,-23,10,-23,10,-23,10,-23,10,-23,10,-23,10,-23,9,-23,8,-23,9,-23,9,-24,9,-24"
4.97771430015564,74,"CSI,2485,128,101,81,22,0,-10,9,-10,9,-10,9,-10,9,-9,9,-9,9,-8,9,-8,9,-8,9,-8,9,-8,10,-8,10,-8,10,-8,9,-8,9,-8,9,-8,9,-7,8,-7,8,-7,8,-7,7,-7,7,-7,6,-7,6,-7,6,-2,1,0,0,0,0,0,0,0,0,0,0,0,0,0,0,0,0,0,0,-2,1,-7,7,-7,7,-7,7,-8,7,-8,7,-9,8,-9,8,-9,8,-10,8,-11,8,-11,8,-11,8,-11,8,-11,8,-11,8,-11,8,-11,8,-11,8,-11,8,-11,8,-11,8,-10,8,-10,8,-10,9,-10,9,-10,9"
6.170521259307861,75,"CSI,3714,128,83,49,21,0,-9,-8,-7,-3,-7,0,-5,3,-3,4,-3,7,0,9,7,9,7,10,2,11,-1,12,-1,14,0,16,-1,15,-1,13,-1,11,0,8,0,8,1,6,2,4,2,1,3,-2,4,-3,5,-2,5,-3,1,-1,0,0,0,0,0,0,0,0,0,0,0,0,0,0,0,0,0,0,1,-1,5,-3,4,-3,2,-4,4,-6,8,-5,8,-3,5,-3,6,-3,9,-3,10,-3,11,-2,10,-4,7,-6,4,-7,4,-6,0,-5,-6,-6,-9,-6,-9,-4,-10,-3,-14,-7,-16,-12,-18,-15,-20,-14,-19,-15,-17,-19"
7.541555166244507,76,"CSI,3156,128,83,49,21,0,-8,-16,-8,-12,-9,-6,-11,-3,-16,-4,-18,-1,-9,-1,-2,-6,-13,-6,-23,-6,-23,-9,-23,-10,-21,-8,-19,-5,-20,-6,-17,-8,-10,-7,-7,-5,-8,-2,-8,0,-6,0,-6,0,-7,1,-7,3,-7,8,-2,2,0,0,0,0,0,0,0,0,0,0,0,0,0,0,0,0,0,0,-1,-2,-4,-7,-3,-10,-1,-12,2,-13,2,-14,1,-13,0,-9,0,-8,0,-8,-2,-7,-5,-5,-5,-4,-4,-3,-6,-3,-11,-6,-17,-11,-20,-14,-19,-17,-16,-20,-11,-22,-8,-24,-7,-27,-8,-25,-9,-22,-9,-20,-8,-18"
7.623439073562622,77,"CSI,63,128,77,-47,20,0,1,-14,-1,-14,-6,-13,-8,-10,-11,-10,-15,-11,-17,-10,-15,-9,-16,-11,-20,-14,-21,-14,-21,-13,-22,-13,-21,-14,-17,-13,-12,-11,-9,-7,-7,-3,-8,-2,-8,-1,-8,1,-9,4,-6,5,-4,7,-5,7,-2,1,0,0,0,0,0,0,0,0,0,0,0,0,0,0,0,0,0,0,2,-2,10,-7,12,-5,14,-4,11,-2,8,-1,7,-2,7,-1,6,2,5,4,4,4,0,1,-3,-2,-2,-6,-2,-11,0,-16,3,-22,4,-23,7,-24,11,-27,12,-27,13,-25,13,-23,14,-23,14,-24,11,-23,5,-20"
7.6526031494140625,78,"CSI,3160,128,83,49,21,0,16,2,12,-1,9,-6,8,-10,7,-12,5,-15,8,-15,12,-16,13,-20,11,-24,9,-23,8,-20,8,-17,8,-16,8,-16,9,-14,10,-11,8,-8,3,-7,0,-5,-2,-4,-3,-4,-4,-5,-6,-6,-9,-7,-3,-2,0,0,0,0,0,0,0,0,0,0,0,0,0,0,0,0,0,0,1,1,6,6,5,7,4,8,1,10,-1,11,0,11,-2,9,-4,6,-4,3,0,1,4,-1,7,-3,9,-3,13,-3,16,-4,21,-3,24,0,24,4,23,9,25,12,25,12,23,10,23,11,23,11,21,7,20,1"
8.356911182403564,79,"CSI,3188,128,83,49,21,0,8,-8,4,-9,-1,-12,-3,-12,-3,-13,-4,-18,-2,-11,-2,0,-4,-7,-5,-17,-5,-19,-5,-19,-6,-20,-7,-18,-9,-15,-11,-13,-9,-10,-5,-9,-4,-6,-5,-2,-4,-1,-5,-2,-6,1,-4,5,-1,6,-1,1,0,0,0,0,0,0,0,0,0,0,0,0,0,0,0,0,0,0,-1,1,-4,6,-4,8,-4,13,-6,14,-7,12,-4,9,-1,7,0,6,0,5,0,1,2,-1,5,2,8,3,11,2,14,0,19,-1,22,2,22,7,22,9,24,8,26,8,25,12,22,12,21,7,22,2,19,2"
8.828358173370361,80,"CSI,64,128,77,-47,20,0,0,-12,-3,-9,-6,-8,-11,-8,-16,-8,-16,-9,-16,-7,-19,-4,-19,-4,-19,-8,-19,-8,-19,-7,-19,-5,-16,-5,-17,-5,-18,-4,-14,-3,-10,-2,-8,0,-6,2,-5,3,-6,5,-6,5,-3,5,0,8,0,2,0,0,0,0,0,0,0,0,0,0,0,0,0,0,0,0,0,0,1,0,7,1,8,3,9,5,9,6,9,8,8,8,5,7,4,6,3,5,2,2,-1,-3,-2,-7,1,-10,5,-13,10,-16,14,-19,16,-19,17,-16,18,-16,20,-17,23,-17,22,-16,18,-14,15,-12,12,-11,10,-11"
10.046520233154297,81,"CSI,67,128,77,-47,20,0,14,-3,10,-5,7,-7,7,-11,8,-14,9,-15,10,-14,11,-11,9,-13,7,-18,7,-20,5,-20,5,-20,7,-18,8,-16,6,-15,4,-13,2,-10,1,-9,2,-7,1,-4,-1,-3,-3,-3,-5,-3,-7,-2,-2,-1,0,0,0,0,0,0,0,0,0,0,0,0,0,0,0,0,0,0,1,2,4,9,2,8,0,10,-1,11,-2,11,-3,10,-3,7,-2,6,-1,6,1,4,5,3,9,2,11,2,11,4,15,6,20,5,23,5,22,6,20,8,21,12,22,14,22,15,18,16,16,13,15,10,15,9"
10.504614114761353,82,"CSI,3271,128,83,49,21,0,-3,8,0,7,6,9,10,9,11,7,13,5,13,5,12,6,14,6,17,5,18,2,19,1,17,3,14,6,14,5,13,4,9,3,8,2,7,0,5,-2,5,-2,4,-3,2,-4,1,-5,0,-6,0,-2,0,0,0,0,0,0,0,0,0,0,0,0,0,0,0,0,0,0,-2,1,-9,7,-10,7,-11,5,-11,2,-9,-1,-8,-2,-8,-3,-7,-2,-6,-2,-3,-1,-2,1,-2,6,-2,11,-1,12,-1,14,-2,18,-4,20,-5,21,-6,22,-7,21,-8,22,-9,22,-9,22,-10,23,-11,20,-7,18"
10.714760303497314,83,"CSI,3280,128,83,49,21,0,-12,-3,-10,0,-8,3,-11,5,-14,4,-15,5,-13,6,-12,4,-17,5,-20,8,-17,8,-17,8,-18,9,-19,7,-19,4,-15,2,-9,2,-6,3,-6,4,-6,5,-5,5,-2,4,0,5,0,5,0,6,0,1,0,0,0,0,0,0,0,0,0,0,0,0,0,0,0,0,0,0,-1,-3,-4,-8,-7,-9,-6,-11,-3,-11,-2,-10,-1,-10,-1,-9,-1,-8,-1,-7,-3,-7,-6,-5,-8,-2,-10,-2,-12,-3,-14,-4,-18,-6,-21,-8,-21,-9,-21,-11,-21,-13,-19,-15,-18,-18,-16,-19,-15,-18,-16,-13,-14,-9"
11.0159752368927,84,"CSI,3292,128,83,49,21,0,0,12,5,12,7,12,9,10,10,9,11,11,9,7,3,0,1,9,4,19,7,20,9,18,7,16,5,16,4,16,5,12,1,7,-2,5,0,6,3,5,5,5,6,3,6,2,5,3,5,5,1,1,0,0,0,0,0,0,0,0,0,0,0,0,0,0,0,0,0,0,-1,2,-4,7,-5,7,-5,8,-5,9,-5,9,-5,8,-8,5,-8,4,-4,2,2,1,7,3,9,4,12,6,10,9,6,12,5,15,5,18,1,21,-2,25,-4,23,-6,20,-6,22,-6,23,-10,21,-9,16,-3,9"
11.53514814376831,85,"CSI,68,128,77,-47,20,0,3,12,5,10,7,10,9,9,10,7,11,6,12,5,10,4,10,7,14,12,18,12,19,11,18,11,15,11,12,9,9,9,8,8,7,5,7,1,7,0,6,-1,6,-2,5,-4,5,-6,7,-6,2,-2,0,0,0,0,0,0,0,0,0,0,0,0,0,0,0,0,0,0,-1,1,-4,6,-6,9,-8,10,-9,5,-10,1,-9,1,-8,2,-7,2,-7,2,-5,3,-2,3,1,4,3,4,5,7,5,14,3,18,1,19,-1,21,-1,23,-2,24,-5,25,-7,24,-9,22,-11,22,-9,21,-4,19"
11.566688060760498,86,"CSI,69,128,77,-47,20,0,-6,-8,-7,-6,-9,-3,-10,1,-15,3,-19,5,-17,7,-12,9,-14,8,-18,8,-20,9,-21,8,-21,8,-21,7,-19,7,-16,7,-13,5,-11,4,-10,5,-7,5,-5,5,-4,6,-3,6,1,6,3,6,0,1,0,0,0,0,0,0,0,0,0,0,0,0,0,0,0,0,0,0,0,-2,4,-8,5,-10,6,-10,8,-11,9,-10,8,-8,7,-5,3,-4,1,-5,3,-5,3,-6,-1,-8,-6,-10,-7,-10,-9,-11,-11,-13,-13,-17,-15,-21,-14,-25,-10,-25,-8,-23,-9,-23,-10,-24,-9,-24,-7,-22,-6,-23"
12.04506802558899,87,"CSI,3332,128,83,49,21,0,2,-6,0,-6,-2,-10,-7,-12,-11,-11,-14,-10,-14,-7,-12,-3,-14,-5,-18,-8,-19,-7,-20,-8,-20,-11,-17,-12,-14,-10,-13,-9,-12,-8,-10,-7,-8,-4,-6,1,-4,4,-2,5,-2,5,-2,4,0,5,0,1,0,0,0,0,0,0,0,0,0,0,0,0,0,0,0,0,0,0,1,1,7,6,6,8,7,10,6,12,3,12,1,11,0,10,1,9,2,6,3,3,4,1,3,-3,4,-8,7,-11,10,-11,13,-11,16,-13,18,-14,20,-14,21,-14,23,-14,23,-15,21,-14,21,-11,21,-10,18,-8"
12.557492017745972,88,"CSI,3352,128,83,49,21,0,-6,-10,-7,-6,-10,-2,-15,-2,-18,0,-20,3,-19,2,-17,-1,-19,0,-22,1,-22,1,-23,3,-22,1,-21,-2,-20,-2,-16,-1,-11,-1,-11,-2,-10,-1,-7,2,-6,5,-5,7,-3,6,-2,5,-3,5,-1,1,0,0,0,0,0,0,0,0,0,0,0,0,0,0,0,0,0,0,0,-2,3,-9,5,-11,8,-11,9,-9,9,-6,9,-5,7,-3,8,1,8,1,5,0,0,-2,-2,-6,-4,-9,-7,-12,-9,-16,-9,-19,-6,-20,-5,-22,-5,-25,-5,-29,-5,-30,-4,-28,-1,-28,-2,-28,-3,-25,-4,-22"
13.645297288894653,89,"CSI,4007,128,83,49,21,0,6,7,3,5,2,3,4,0,5,-2,4,-2,0,-3,-4,-3,-3,-6,0,-9,-1,-12,-2,-13,-1,-12,2,-12,2,-13,0,-10,-2,-6,-2,-4,-2,-3,-4,-1,-6,1,-5,1,-4,2,-4,3,-3,2,-1,0,0,0,0,0,0,0,0,0,0,0,0,0,0,0,0,0,0,0,-1,-1,-2,-3,-1,-2,1,-2,0,-3,-4,-5,-7,-4,-9,-4,-9,-6,-7,-6,-8,-4,-9,-3,-7,-5,-5,-5,-6,-4,-7,-2,-4,0,1,4,2,7,1,7,1,6,3,8,5,11,7,11,7,11,3,11,1,10"
13.681740999221802,90,"CSI,3396,128,83,49,21,0,0,11,2,10,4,8,8,7,11,8,12,6,13,3,12,4,15,7,19,7,18,7,17,7,18,6,18,7,15,9,12,6,10,2,9,0,6,0,4,-2,3,-5,3,-7,2,-7,3,-8,4,-9,1,-3,0,0,0,0,0,0,0,0,0,0,0,0,0,0,0,0,0,0,-3,1,-11,3,-13,1,-13,-2,-12,-3,-13,-2,-11,-3,-8,-5,-8,-5,-8,-3,-5,-1,-3,2,-3,5,-2,9,-3,13,-5,16,-5,16,-6,17,-9,20,-12,22,-15,22,-18,23,-19,22,-17,20,-14,20,-12,19,-11,17"
13.747758150100708,91,"CSI,4011,128,83,49,21,0,-9,-3,-7,-2,-7,-1,-8,-2,-6,1,-5,6,-4,5,-4,0,-5,2,-7,6,-8,8,-8,9,-9,10,-10,10,-9,10,-8,8,-9,4,-9,2,-6,2,-3,4,0,4,2,3,1,2,-1,3,-1,5,-1,1,0,0,0,0,0,0,0,0,0,0,0,0,0,0,0,0,0,0,-2,-1,-5,-1,-3,0,-3,1,-5,1,-6,-2,-5,-3,-6,-3,-8,-2,-8,-3,-5,-5,-4,-7,-3,-6,-4,-4,-4,-6,-5,-7,-5,-5,-3,-3,-5,1,-9,5,-10,5,-9,4,-9,2,-10,0,-10,-1,-12,2,-17,5"
13.94957709312439,92,"CSI,4019,128,83,49,21,0,9,3,6,2,4,2,4,0,4,-3,5,-6,4,-6,0,-4,-2,-5,2,-8,6,-8,7,-6,6,-7,6,-7,8,-4,9,-1,7,-1,3,0,3,0,5,-2,3,-4,1,-4,1,-3,-1,-3,-1,-6,0,-2,0,0,0,0,0,0,0,0,0,0,0,0,0,0,0,0,0,0,0,0,0,1,0,-1,1,-1,3,1,6,2,8,2,9,1,8,0,7,1,7,4,7,6,5,5,3,4,1,2,-1,0,2,1,6,2,4,-1,3,-2,6,-1,10,-1,13,0,13,0,13,-1,14,-1,12,-1"
14.324746131896973,93,"CSI,70,128,75,-79,20,0,-10,13,-7,11,-3,8,1,10,6,13,6,12,3,14,2,19,6,19,11,19,13,20,12,19,11,18,8,16,6,15,6,14,4,10,3,7,4,3,4,0,3,-3,4,-3,3,-3,4,-3,8,-5,2,-2,0,0,0,0,0,0,0,0,0,0,0,0,0,0,0,0,0,0,-2,-1,-9,-3,-12,-5,-12,-6,-9,-5,-9,-6,-10,-8,-8,-9,-4,-7,-2,-6,-2,-4,-3,0,-5,3,-8,6,-11,10,-11,12,-13,13,-18,14,-23,14,-27,14,-27,13,-26,13,-25,10,-23,7,-21,6,-19,5,-19,6"
14.810097217559814,94,"CSI,3440,128,83,49,21,0,7,-11,4,-12,-2,-11,-7,-10,-8,-13,-11,-15,-10,-13,-5,-10,-7,-11,-13,-15,-15,-14,-16,-14,-15,-15,-13,-15,-10,-14,-8,-12,-7,-8,-5,-6,-5,-3,-4,-1,-3,0,-1,3,0,6,-2,7,-3,9,-1,2,0,0,0,0,0,0,0,0,0,0,0,0,0,0,0,0,0,0,2,1,9,6,7,8,6,9,5,10,4,11,4,11,3,10,3,9,2,6,2,3,3,1,4,-3,5,-8,7,-11,11,-12,14,-11,17,-9,19,-10,20,-11,22,-11,26,-13,28,-12,25,-11,23,-10,20,-9,17,-9"
15.320462226867676,95,"CSI,3459,128,83,49,21,0,7,-10,3,-11,-3,-11,-6,-9,-9,-10,-13,-13,-15,-9,-14,-5,-14,-5,-15,-8,-16,-11,-18,-13,-20,-13,-19,-12,-15,-11,-12,-10,-8,-9,-4,-6,-2,-1,-2,2,-3,3,-2,5,-2,7,-4,9,-5,10,-2,2,0,0,0,0,0,0,0,0,0,0,0,0,0,0,0,0,0,0,1,1,7,7,9,7,11,7,9,10,7,10,5,10,4,9,4,7,4,4,3,1,2,-4,2,-7,3,-8,5,-10,7,-13,9,-17,12,-17,17,-16,21,-15,23,-14,25,-15,26,-15,22,-14,20,-14,19,-14,18,-14"
15.729361295700073,96,"CSI,3476,128,83,49,21,0,12,4,9,-3,6,-9,6,-10,6,-12,6,-16,5,-12,4,-4,10,-6,13,-14,10,-18,7,-19,8,-17,10,-16,9,-16,5,-14,4,-12,5,-9,2,-6,0,-4,-2,-2,-5,-1,-5,-2,-4,-4,-6,-4,-2,-2,0,0,0,0,0,0,0,0,0,0,0,0,0,0,0,0,0,0,1,3,2,14,-3,12,-5,8,-5,6,-8,7,-9,8,-7,7,-6,4,-4,3,-2,2,0,1,3,-1,8,-2,12,0,16,6,19,9,19,12,20,13,20,15,17,19,16,20,16,18,16,17,16,17,13,14,8,8"
15.934585094451904,97,"CSI,3484,128,83,49,21,0,-9,7,-6,10,-2,10,3,11,6,12,8,15,10,14,11,10,11,10,9,15,9,18,10,16,10,15,9,16,9,13,9,10,9,8,8,6,6,1,4,-3,4,-4,3,-4,2,-6,2,-9,2,-9,0,-3,0,0,0,0,0,0,0,0,0,0,0,0,0,0,0,0,0,0,-2,-3,-4,-11,-3,-14,-3,-14,-2,-12,-1,-13,0,-12,2,-9,2,-6,1,-6,-1,-5,-2,-2,-5,0,-8,1,-11,2,-13,2,-16,5,-20,5,-25,2,-27,2,-27,3,-28,2,-27,0,-23,1,-25,2,-27,-1,-23,-5"
16.111898183822632,98,"CSI,72,128,75,-79,20,0,-13,1,-9,4,-8,6,-5,8,0,11,-1,16,-4,22,1,25,2,23,-3,19,-6,17,-3,16,-2,16,-7,16,-8,15,-4,14,-3,11,-1,7,0,4,-2,2,1,1,5,1,6,2,5,1,5,0,1,0,0,0,0,0,0,0,0,0,0,0,0,0,0,0,0,0,0,0,-2,-2,-7,-6,-8,-7,-9,-9,-9,-9,-9,-8,-6,-9,-5,-11,-5,-8,-4,-3,-3,-1,-4,0,-5,2,-8,3,-14,6,-18,9,-21,9,-22,7,-23,5,-24,2,-25,1,-26,-2,-28,-3,-25,-2,-24,0,-24,1,-23,3"
16.13957405090332,99,"CSI,3492,128,83,49,21,0,5,16,6,11,8,5,12,1,15,-4,16,-6,15,-5,14,-4,17,-4,20,-5,20,-6,21,-5,20,-6,20,-6,20,-5,19,-5,15,-2,9,-1,5,-3,6,-3,4,-4,0,-7,-3,-7,-4,-6,-4,-7,-1,-2,0,0,0,0,0,0,0,0,0,0,0,0,0,0,0,0,0,0,-2,1,-7,8,-5,9,-7,8,-12,7,-12,5,-9,2,-6,1,-4,2,-5,1,-3,1,1,3,5,5,7,9,6,13,7,16,7,18,6,20,7,21,6,24,3,28,2,29,3,25,2,23,1,24,1,26,3,26"
16.440412282943726,100,"CSI,74,128,77,-47,20,0,13,4,11,2,9,2,12,0,11,-4,11,-9,12,-10,11,-11,12,-12,15,-10,18,-9,17,-8,16,-10,15,-9,14,-7,14,-7,11,-6,9,-5,7,-3,3,-4,-1,-3,-3,-3,-4,-4,-5,-6,-3,-7,-1,-2,0,0,0,0,0,0,0,0,0,0,0,0,0,0,0,0,0,0,0,2,1,9,0,10,-1,10,-3,10,-5,9,-4,8,-6,6,-7,6,-4,6,-3,4,-1,4,3,4,6,5,9,8,12,10,16,12,19,14,19,15,18,18,17,22,17,23,17,21,14,17,11,16,12,17,11,17"
16.473863124847412,101,"CSI,3504,128,83,49,21,0,-12,-4,-13,-4,-14,-2,-13,4,-13,10,-12,14,-12,12,-12,8,-13,10,-13,13,-14,14,-13,17,-13,16,-14,13,-15,11,-14,9,-12,6,-9,4,-6,4,-3,4,-1,4,1,5,3,4,4,2,6,1,1,0,0,0,0,0,0,0,0,0,0,0,0,0,0,0,0,0,0,0,-1,-3,-2,-10,-1,-12,1,-13,1,-13,1,-11,4,-10,4,-8,3,-5,4,-1,2,-1,-3,-3,-8,-5,-12,-6,-16,-6,-19,-6,-21,-7,-22,-9,-22,-12,-20,-15,-19,-17,-19,-20,-19,-20,-20,-18,-21,-15,-19,-13,-18,-13"
16.50395917892456,102,"CSI,75,128,77,-47,20,0,11,4,10,1,8,-2,8,-5,9,-7,9,-10,11,-14,15,-20,14,-21,12,-18,13,-19,14,-19,14,-15,14,-11,14,-10,13,-7,12,-5,9,-6,6,-5,3,-4,-1,-3,-2,-2,-3,-4,-3,-8,-4,-11,-2,-3,0,0,0,0,0,0,0,0,0,0,0,0,0,0,0,0,0,0,1,1,4,6,1,8,-1,8,-2,9,-1,10,-1,9,0,10,0,7,-3,5,-1,4,2,2,7,2,12,4,12,2,15,0,21,2,22,6,23,12,26,14,26,15,23,17,19,18,18,17,21,13,24,10,26,8"
17.264931201934814,103,"CSI,3535,128,83,49,21,0,-7,10,-2,6,4,5,8,5,10,6,12,7,17,7,22,10,24,11,23,8,22,7,20,6,17,6,16,5,16,5,15,5,10,4,5,2,4,0,4,-4,3,-5,1,-6,0,-7,-1,-9,-1,-10,-1,-3,0,0,0,0,0,0,0,0,0,0,0,0,0,0,0,0,0,0,-2,-2,-7,-6,-10,-7,-10,-9,-7,-9,-5,-10,-6,-11,-6,-10,-5,-8,-2,-7,-1,-4,-4,0,-7,3,-8,5,-9,7,-9,10,-10,13,-13,15,-16,15,-17,13,-17,12,-21,14,-24,16,-22,16,-19,14,-18,14,-19,14"
17.57510018348694,104,"CSI,3548,128,83,49,21,0,-5,-11,-7,-6,-9,-1,-12,0,-13,4,-13,10,-13,13,-11,12,-13,12,-16,12,-17,12,-18,11,-19,10,-19,9,-16,8,-12,8,-9,6,-6,5,-3,5,-3,4,-1,4,0,4,1,4,2,5,2,7,0,1,0,0,0,0,0,0,0,0,0,0,0,0,0,0,0,0,0,0,0,-3,2,-9,5,-8,7,-8,8,-8,9,-8,9,-6,8,-6,6,-7,5,-6,4,-5,0,-5,-4,-5,-6,-6,-6,-10,-8,-13,-11,-13,-11,-15,-12,-20,-13,-23,-12,-24,-11,-25,-11,-24,-10,-21,-9,-20,-6,-21,-5,-22"
18.393537044525146,105,"CSI,3580,128,83,49,21,0,1,12,7,9,11,6,11,5,10,6,14,4,17,0,17,-5,17,-4,18,-2,19,-1,19,0,18,1,17,0,16,-1,14,-2,11,-2,9,-1,7,-1,4,-3,3,-4,2,-5,-2,-5,-6,-6,-8,-7,-3,-2,0,0,0,0,0,0,0,0,0,0,0,0,0,0,0,0,0,0,-3,-2,-10,-4,-11,-2,-12,-1,-13,-2,-12,-4,-9,-5,-6,-5,-4,-4,-3,-4,-3,-4,-3,-3,-2,-1,-2,3,-1,10,-1,17,-3,21,-6,22,-7,21,-8,22,-8,26,-10,29,-11,28,-10,25,-11,24,-12,21,-14,18"
18.457921028137207,106,"CSI,99,128,83,49,21,0,-3,-9,-5,-5,-5,-5,-3,-5,-3,-3,-5,-1,-5,3,-4,9,-6,10,-8,6,-9,3,-11,5,-11,5,-9,3,-8,1,-8,1,-8,2,-5,2,-3,0,-2,1,-1,3,1,3,2,3,3,4,4,5,1,1,0,0,0,0,0,0,0,0,0,0,0,0,0,0,0,0,0,0,0,-1,1,-1,1,-1,2,-3,1,-7,0,-8,1,-8,2,-9,4,-9,5,-7,6,-6,8,-5,9,-5,7,-5,5,-6,2,-6,0,-4,-1,-5,-2,-6,-3,-8,-6,-9,-9,-11,-10,-14,-9,-17,-9,-19,-10,-17,-9,-15"
18.55878520011902,107,"CSI,102,128,83,49,21,0,3,14,3,12,3,9,4,4,5,-1,8,-3,9,-3,5,-3,6,-4,10,-5,10,-6,10,-4,12,-3,12,-4,11,-5,10,-3,7,-2,4,-2,2,-1,1,-1,1,-3,0,-4,-2,-3,-3,-3,-4,-5,-2,-2,0,0,0,0,0,0,0,0,0,0,0,0,0,0,0,0,0,0,0,0,1,1,0,1,-2,3,-3,5,-4,5,-3,3,-4,3,-7,3,-8,4,-8,5,-9,5,-10,5,-10,5,-6,4,-2,1,0,0,3,4,6,9,6,9,4,8,4,11,5,14,6,16,5,18,3,19,1,18"
19.209411144256592,108,"CSI,3611,128,83,49,21,0,2,13,5,10,6,6,8,2,11,1,15,2,19,6,21,10,23,8,23,1,20,-1,18,0,19,3,16,6,13,5,10,3,7,1,7,-1,5,-1,3,-1,3,-3,1,-5,0,-7,-1,-7,-1,-6,-1,-2,0,0,0,0,0,0,0,0,0,0,0,0,0,0,0,0,0,0,-3,1,-10,3,-11,0,-13,-1,-13,0,-11,0,-8,0,-6,-2,-6,-3,-6,-2,-7,-1,-5,2,-1,6,2,9,0,11,-3,13,-4,15,-4,17,-6,19,-8,23,-10,25,-12,24,-12,24,-11,23,-11,20,-11,18,-12,15"
19.41894507408142,109,"CSI,3620,128,83,49,21,0,-12,-5,-10,0,-9,6,-8,10,-8,10,-8,13,-7,18,-2,20,-2,19,-7,18,-10,18,-8,19,-5,19,-4,17,-5,16,-4,13,-3,11,-1,9,0,6,0,4,2,4,3,2,3,-1,4,-2,6,-2,2,-1,0,0,0,0,0,0,0,0,0,0,0,0,0,0,0,0,0,0,0,-3,1,-11,4,-10,7,-9,8,-9,8,-9,9,-7,7,-5,6,-3,5,-1,2,-2,0,-4,-3,-4,-7,-4,-8,-5,-10,-9,-14,-12,-17,-13,-18,-14,-18,-15,-18,-16,-21,-18,-20,-20,-17,-20,-19,-21,-19,-21,-14,-21"
19.452470064163208,110,"CSI,76,128,101,80,6,0,-10,-4,-12,-1,-11,6,-8,13,-6,11,-7,10,-6,12,-4,12,-6,11,-9,14,-12,17,-14,19,-14,21,-13,18,-13,16,-11,15,-8,12,-5,6,-2,4,0,3,0,2,-1,1,2,2,5,2,6,1,1,0,0,0,0,0,0,0,0,0,0,0,0,0,0,0,0,0,0,0,-3,-3,-7,-9,-5,-10,-4,-13,-3,-15,-3,-14,-1,-10,0,-8,0,-9,0,-8,-1,-3,-3,-1,-7,-1,-10,-2,-12,-1,-17,0,-19,-1,-19,0,-21,-3,-24,-8,-25,-10,-24,-11,-26,-11,-27,-13,-24,-14,-21,-11,-21,-8"
19.521668195724487,111,"CSI,3624,128,83,49,21,0,-9,-9,-12,-4,-13,0,-10,4,-10,6,-12,8,-11,8,-9,11,-9,14,-13,15,-14,14,-12,14,-12,15,-12,15,-12,13,-12,10,-10,8,-8,8,-6,6,-4,4,-2,2,1,2,3,3,3,3,4,2,1,0,0,0,0,0,0,0,0,0,0,0,0,0,0,0,0,0,0,0,0,-3,3,-10,6,-9,9,-7,11,-7,11,-7,11,-6,10,-5,7,-4,5,-2,0,-3,-4,-5,-2,-4,-2,-6,-5,-10,-7,-15,-9,-16,-12,-17,-14,-19,-14,-21,-14,-23,-13,-25,-13,-24,-13,-24,-14,-24,-12,-25,-7,-22"
20.237616300582886,112,"CSI,3652,128,83,49,21,0,-5,-14,-11,-11,-13,-7,-12,-3,-13,0,-16,0,-18,2,-19,6,-17,4,-16,-1,-18,-3,-20,-4,-19,-7,-17,-6,-14,-5,-13,-5,-10,-4,-8,-3,-7,-2,-6,-1,-5,0,-3,2,-3,5,-3,7,-3,7,-1,1,0,0,0,0,0,0,0,0,0,0,0,0,0,0,0,0,0,0,0,-3,4,-10,6,-10,8,-9,8,-10,8,-8,8,-6,5,-5,4,-5,4,-3,2,-3,1,-6,0,-8,-3,-10,-5,-14,-4,-19,-3,-23,-2,-24,-1,-24,0,-25,0,-26,2,-28,3,-28,1,-27,0,-28,2,-27,3,-27"
21.053630352020264,113,"CSI,3684,128,83,49,21,0,13,-9,9,-11,7,-11,5,-13,3,-17,-1,-18,-5,-15,-8,-14,-5,-13,-1,-15,-1,-20,-2,-24,-2,-24,0,-20,2,-19,1,-18,1,-16,2,-13,1,-9,-1,-7,-2,-4,-4,-2,-4,-1,-7,-1,-11,-1,-4,-1,0,0,0,0,0,0,0,0,0,0,0,0,0,0,0,0,0,0,2,1,10,5,11,6,11,7,8,8,6,9,7,10,4,10,3,9,3,6,3,1,2,-3,4,-5,6,-7,9,-10,14,-10,18,-9,20,-9,23,-9,27,-8,27,-7,26,-5,24,-3,20,-5,20,-4,21,-2,21,-4"
21.32887029647827,114,"CSI,77,128,77,-47,20,0,14,-1,13,-5,11,-7,11,-10,10,-13,7,-14,6,-14,8,-13,8,-16,7,-20,5,-21,6,-22,9,-21,12,-17,11,-15,9,-16,7,-13,5,-9,4,-9,2,-8,0,-6,-2,-4,-5,-3,-8,-5,-7,-5,-2,-1,0,0,0,0,0,0,0,0,0,0,0,0,0,0,0,0,0,0,2,1,8,5,6,7,5,11,3,12,3,10,4,10,3,9,1,7,2,6,3,3,4,1,6,3,9,2,11,-3,14,-5,17,-4,19,-1,23,1,26,0,28,3,27,7,26,8,26,7,24,5,21,6,18,5"
21.36233401298523,115,"CSI,78,128,77,-47,20,0,8,-13,4,-13,1,-12,-2,-15,-4,-17,-4,-17,-4,-19,-5,-25,-8,-26,-13,-25,-14,-25,-11,-24,-7,-23,-5,-22,-4,-20,-2,-18,0,-15,-1,-11,-4,-7,-5,-6,-3,-5,-3,-2,-5,0,-6,1,-7,1,-2,0,0,0,0,0,0,0,0,0,0,0,0,0,0,0,0,0,0,0,2,-1,10,-3,11,-2,11,-1,12,0,14,1,14,2,12,2,9,2,5,2,4,-1,5,-4,5,-7,4,-9,6,-13,9,-16,11,-17,12,-17,16,-18,19,-18,19,-19,20,-17,20,-16,20,-15,20,-15,21,-17,21,-19"
21.671475172042847,116,"CSI,3708,128,83,49,21,0,-7,-17,-7,-13,-10,-8,-15,-3,-19,1,-21,1,-19,1,-16,3,-17,2,-20,-2,-22,-3,-22,-2,-23,-2,-22,-2,-20,-1,-19,-2,-16,-4,-11,-3,-8,-2,-7,0,-6,1,-5,4,-2,6,-1,5,-1,7,-1,2,0,0,0,0,0,0,0,0,0,0,0,0,0,0,0,0,0,0,-1,-3,0,-12,4,-12,7,-12,10,-8,11,-7,9,-9,6,-5,6,-1,6,-2,3,-5,0,-9,0,-10,-3,-8,-7,-10,-8,-17,-7,-22,-6,-22,-4,-22,-2,-25,0,-28,-1,-28,-4,-29,-4,-27,-1,-23,1,-21,0,-19"
21.873956203460693,117,"CSI,3716,128,83,49,21,0,10,-9,6,-11,5,-13,5,-14,3,-14,-1,-14,-2,-14,-1,-11,1,-11,0,-15,-5,-19,-5,-21,-3,-21,-1,-19,2,-18,1,-16,-1,-13,-1,-11,-2,-10,-4,-9,-5,-7,-4,-4,-3,0,-6,3,-7,4,-2,0,0,0,0,0,0,0,0,0,0,0,0,0,0,0,0,0,0,0,1,1,7,9,6,11,5,11,3,10,2,11,2,10,1,11,0,11,1,7,2,2,4,-1,6,-2,8,-4,11,-4,16,-5,21,-6,22,-6,25,-3,28,-1,29,-1,29,0,26,2,21,2,20,1,18,0,15,-2"
21.97611117362976,118,"CSI,3720,128,83,49,21,0,2,12,4,9,9,7,12,6,15,6,16,6,15,2,14,-3,14,-4,16,-2,17,-2,17,0,18,2,16,2,14,2,13,3,12,3,9,2,6,1,4,-1,3,-2,2,-3,1,-6,-2,-8,-2,-9,-1,-3,0,0,0,0,0,0,0,0,0,0,0,0,0,0,0,0,0,0,-4,0,-13,2,-14,2,-15,2,-14,0,-11,-2,-10,-2,-8,-2,-8,-3,-8,-3,-7,0,-3,4,0,9,0,13,-2,16,-1,19,-2,22,-4,23,-6,25,-8,25,-11,25,-10,25,-10,24,-11,21,-9,21,-8,21,-9,17"
22.07877516746521,119,"CSI,3724,128,83,49,21,0,-16,3,-14,7,-11,9,-10,9,-7,11,-5,14,-6,14,-6,11,-6,11,-6,15,-6,18,-7,21,-8,20,-9,16,-11,14,-10,12,-8,11,-6,10,-6,8,-4,6,-1,5,1,4,4,2,7,0,7,1,1,0,0,0,0,0,0,0,0,0,0,0,0,0,0,0,0,0,0,0,-3,-3,-9,-10,-7,-11,-6,-10,-4,-10,-4,-12,-3,-12,-2,-11,-2,-6,-2,-4,-3,-5,-6,-3,-7,-2,-9,-2,-12,-1,-16,0,-22,3,-23,4,-23,0,-26,-5,-28,-7,-26,-7,-25,-7,-23,-6,-23,-7,-22,-7,-20,-7"
22.24597406387329,120,"CSI,246,128,83,49,21,0,11,1,10,-1,5,-3,0,-2,-1,-3,0,-6,0,-5,1,1,-1,0,-3,-5,-3,-9,-2,-11,-1,-10,-1,-9,-2,-8,-2,-6,-3,-3,-4,-1,-3,-2,-1,-1,-2,-1,-1,0,0,1,1,2,2,2,0,0,0,0,0,0,0,0,0,0,0,0,0,0,0,0,0,0,0,0,0,0,0,3,0,4,0,6,-2,6,-3,6,-2,7,-1,8,-1,9,0,11,0,11,0,10,-1,9,-2,6,-1,4,0,5,2,5,4,1,6,-3,9,-6,13,-4,13,-1,12,-2,16,-3,19,-4,18,-6,17,-5"
22.28054118156433,121,"CSI,3732,128,83,49,21,0,0,14,5,11,7,8,7,11,7,14,9,13,11,13,12,15,15,12,18,7,19,6,17,9,15,9,13,8,14,8,13,8,10,8,5,6,4,4,5,2,5,0,4,-2,2,-2,2,-3,3,-5,0,-2,0,0,0,0,0,0,0,0,0,0,0,0,0,0,0,0,0,0,0,1,-1,8,-4,8,-7,7,-10,8,-12,9,-11,8,-7,6,-5,4,-6,3,-7,4,-4,4,0,5,2,9,3,13,5,15,5,18,2,21,0,25,-1,28,-3,29,-5,27,-6,25,-8,22,-9,23,-7,24,-5,20"
22.329156160354614,122,"CSI,80,128,77,-47,20,0,6,-17,5,-16,4,-13,-1,-11,-5,-14,-5,-18,-5,-16,-4,-11,-4,-13,-9,-17,-12,-18,-13,-20,-12,-20,-8,-17,-6,-15,-6,-15,-3,-14,-2,-12,-3,-9,-3,-8,-4,-8,-4,-5,-5,-1,-6,2,-7,2,-2,0,0,0,0,0,0,0,0,0,0,0,0,0,0,0,0,0,0,0,1,-3,8,-8,10,-5,12,-1,13,2,12,1,10,2,8,3,6,2,5,0,4,-1,3,-4,3,-7,2,-9,4,-11,5,-14,6,-15,12,-15,17,-18,21,-21,22,-21,19,-18,20,-16,21,-16,19,-16,14,-17,12,-19"
22.358109951019287,123,"CSI,81,128,77,-47,20,0,-7,14,-1,13,4,14,6,15,8,12,9,8,12,8,17,9,16,9,15,10,17,14,17,14,16,13,15,14,12,15,9,14,7,11,6,8,6,7,7,6,7,4,6,2,4,-1,4,-4,5,-6,1,-2,0,0,0,0,0,0,0,0,0,0,0,0,0,0,0,0,0,0,-2,0,-7,4,-10,6,-11,5,-11,2,-11,-1,-11,-4,-10,-5,-9,-2,-8,2,-5,4,-3,7,-1,8,-1,9,-1,12,-4,17,-6,22,-7,23,-9,21,-11,22,-12,23,-15,22,-17,21,-18,20,-17,17,-13,18,-10,19"
22.48747420310974,124,"CSI,3740,128,83,49,21,0,-6,15,-2,15,2,14,5,12,6,12,8,13,7,14,5,15,10,17,17,17,17,17,14,18,11,17,10,18,9,19,5,16,2,12,2,9,3,7,4,5,5,3,3,2,3,1,4,0,6,-2,1,-1,0,0,0,0,0,0,0,0,0,0,0,0,0,0,0,0,0,0,-1,2,-5,8,-9,8,-10,6,-10,4,-11,4,-11,4,-9,4,-8,3,-7,3,-4,4,-1,7,1,8,2,11,-1,15,-4,17,-4,21,-4,23,-6,23,-11,25,-13,25,-13,24,-14,25,-12,25,-9,25,-8,25,-8,24"
22.523473262786865,125,"CSI,82,128,75,-79,20,0,-18,-10,-17,-7,-16,-3,-14,-4,-14,-5,-17,-2,-20,5,-20,11,-18,12,-16,9,-17,8,-20,8,-21,7,-23,4,-22,3,-19,4,-16,5,-13,4,-12,2,-9,3,-6,3,-4,1,-1,2,2,6,2,5,0,1,0,0,0,0,0,0,0,0,0,0,0,0,0,0,0,0,0,0,-2,-3,-6,-11,-5,-13,-5,-14,-3,-12,0,-11,2,-12,1,-11,0,-6,0,-4,-1,-5,-3,-6,-5,-6,-8,-4,-10,-4,-14,-6,-22,-9,-25,-12,-22,-15,-22,-17,-22,-17,-19,-18,-16,-19,-16,-19,-18,-18,-19,-19,-18,-19"
22.55953311920166,126,"CSI,83,128,75,-79,20,0,-14,-6,-13,-3,-13,0,-12,1,-13,1,-18,4,-22,18,-20,28,-13,22,-12,17,-17,16,-20,15,-20,16,-20,15,-19,9,-14,7,-11,5,-11,3,-12,5,-12,5,-8,4,-2,4,2,4,1,6,-2,7,-1,1,0,0,0,0,0,0,0,0,0,0,0,0,0,0,0,0,0,0,-2,-3,-8,-10,-6,-10,-4,-12,-4,-12,-3,-9,-4,-5,-3,-8,-1,-9,-1,-5,-3,-1,-8,-1,-12,-3,-14,-3,-15,-2,-16,-1,-19,-2,-22,-10,-24,-16,-24,-16,-24,-16,-23,-17,-21,-18,-21,-18,-18,-17,-13,-14,-14,-14"
22.587417125701904,127,"CSI,258,128,83,49,21,0,11,-3,10,-3,5,-5,1,-6,-1,-6,-2,-6,-2,-4,-2,0,-2,0,-3,-4,-4,-7,-4,-7,-3,-8,-2,-8,-2,-6,-5,-4,-4,-3,-3,-1,-2,-1,-2,-1,-1,0,0,1,0,4,-1,5,-2,3,-1,0,0,0,0,0,0,0,0,0,0,0,0,0,0,0,0,0,0,0,0,0,0,1,1,2,3,2,2,3,1,6,2,8,2,8,-1,6,-2,7,-2,9,-3,8,-3,9,-2,9,-1,8,-1,6,1,3,3,0,5,-2,9,-3,11,-4,14,-4,18,-3,18,-4,17,-1,18,1,16,3"
22.61824631690979,128,"CSI,3744,128,83,49,21,0,-8,14,-4,13,-1,14,0,14,4,12,10,11,12,12,9,15,8,15,12,13,17,14,18,14,14,14,10,16,7,16,7,15,6,11,5,7,4,5,5,6,6,3,5,-2,6,-3,5,-4,4,-5,1,-2,0,0,0,0,0,0,0,0,0,0,0,0,0,0,0,0,0,0,-2,1,-9,4,-11,2,-12,1,-12,0,-10,0,-9,0,-8,-1,-7,-3,-7,-2,-5,1,-4,3,-5,6,-4,10,-6,14,-7,19,-8,23,-8,22,-10,20,-14,19,-15,19,-16,20,-18,21,-19,22,-17,21,-14,17,-13,13"
22.69585609436035,129,"CSI,3748,128,83,49,21,0,-18,-5,-15,-2,-14,2,-12,3,-11,4,-11,6,-12,9,-8,11,-8,11,-12,13,-14,15,-18,14,-20,14,-18,14,-13,12,-9,9,-7,6,-7,5,-7,5,-5,4,-1,4,1,5,2,6,3,6,3,7,0,2,0,0,0,0,0,0,0,0,0,0,0,0,0,0,0,0,0,0,-2,-2,-7,-7,-4,-8,-2,-11,0,-12,0,-11,2,-10,3,-10,2,-9,0,-7,-1,-7,-3,-6,-9,-4,-11,-1,-11,-2,-15,-4,-19,-4,-20,-6,-22,-9,-24,-13,-24,-12,-23,-11,-20,-12,-18,-13,-19,-13,-18,-13,-14,-13"
23.1044762134552,130,"CSI,3764,128,83,49,21,0,-8,-15,-11,-12,-13,-7,-15,-7,-14,-8,-15,-6,-14,-5,-11,-5,-12,-4,-18,-1,-21,0,-20,-1,-20,0,-20,1,-18,1,-17,0,-14,1,-10,1,-7,0,-7,-1,-5,2,-3,5,-2,6,-1,6,-1,7,-1,2,0,0,0,0,0,0,0,0,0,0,0,0,0,0,0,0,0,0,1,-3,6,-9,7,-9,8,-8,9,-6,9,-4,6,-3,6,-4,8,-4,7,-2,3,-2,1,-5,0,-7,-5,-11,-8,-14,-7,-15,-7,-18,-9,-22,-7,-24,-4,-27,-1,-29,1,-28,3,-28,2,-27,3,-24,2,-21,-1,-18"
23.20400619506836,131,"CSI,3768,128,83,49,21,0,15,8,14,6,15,2,15,-1,13,-2,15,-5,16,-8,13,-8,13,-6,15,-5,17,-7,21,-8,21,-8,20,-6,18,-5,17,-4,14,-3,9,-3,7,-3,6,-4,4,-5,1,-7,0,-8,0,-9,0,-9,0,-3,0,0,0,0,0,0,0,0,0,0,0,0,0,0,0,0,0,0,1,1,6,7,6,8,4,9,0,10,-2,10,-3,9,-4,9,-3,8,-2,6,-2,3,1,2,6,2,11,3,13,5,14,7,14,7,14,8,17,12,17,17,16,22,17,24,14,23,12,22,11,20,12,17,15,15"
23.512798070907593,132,"CSI,3780,128,83,49,21,0,-13,12,-12,13,-8,14,-4,15,-1,16,0,16,1,16,3,14,3,14,1,17,0,21,-2,22,-3,20,-1,20,0,19,-1,17,-2,13,-1,10,0,9,0,8,0,4,0,1,4,-1,7,-1,8,0,2,0,0,0,0,0,0,0,0,0,0,0,0,0,0,0,0,0,0,0,-3,-1,-11,-2,-11,-2,-13,-3,-11,-5,-8,-6,-7,-6,-8,-5,-8,-4,-6,-3,-4,-3,-4,-1,-4,2,-6,5,-7,7,-7,9,-12,12,-17,12,-19,10,-21,9,-24,7,-26,7,-25,8,-23,7,-21,5,-19,8,-20,10"
23.719633102416992,133,"CSI,3788,128,83,49,21,0,-4,-15,-5,-13,-4,-10,-7,-10,-12,-11,-14,-11,-14,-7,-15,-1,-14,-3,-13,-8,-13,-8,-15,-8,-17,-8,-18,-7,-18,-7,-14,-8,-10,-8,-7,-6,-8,-4,-8,-4,-6,-4,-4,-1,-3,3,-2,5,-2,6,-1,1,0,0,0,0,0,0,0,0,0,0,0,0,0,0,0,0,0,0,1,-1,8,-3,11,-2,11,-3,10,-2,11,-2,11,-2,9,-2,7,-3,5,-2,3,-1,3,-3,2,-6,2,-10,1,-12,1,-15,2,-19,4,-21,7,-22,9,-21,9,-21,9,-22,11,-21,11,-19,13,-19,14,-22,13,-22"
23.822468042373657,134,"CSI,3792,128,83,49,21,0,-13,-6,-16,-3,-15,-3,-14,-2,-14,2,-14,4,-13,2,-12,-1,-15,1,-19,7,-22,8,-22,7,-20,6,-17,4,-17,1,-16,-1,-14,0,-11,1,-7,2,-5,2,-4,1,-1,2,2,3,3,4,2,4,0,0,0,0,0,0,0,0,0,0,0,0,0,0,0,0,0,0,0,0,-2,-3,-7,-10,-5,-9,-3,-8,-1,-10,-1,-11,0,-10,1,-8,-1,-8,0,-7,2,-5,0,-5,-2,-4,-5,-3,-11,-4,-15,-7,-20,-9,-21,-9,-17,-12,-15,-17,-18,-21,-18,-20,-14,-19,-13,-18,-14,-16,-15,-15,-15,-16"
23.92375111579895,135,"CSI,3796,128,83,49,21,0,11,-11,7,-9,4,-9,2,-13,1,-16,0,-17,-1,-13,-2,-9,-1,-12,-2,-17,-5,-18,-7,-18,-7,-18,-3,-15,-2,-14,-4,-15,-2,-12,-2,-9,-4,-6,-4,-3,-2,-2,-2,-1,-4,2,-4,5,-4,7,-1,2,0,0,0,0,0,0,0,0,0,0,0,0,0,0,0,0,0,0,0,0,3,3,4,7,5,10,3,10,3,9,2,9,2,9,4,7,4,6,1,4,0,3,3,2,7,-2,10,-7,14,-8,18,-6,20,-5,23,-7,25,-9,25,-7,25,-3,26,-1,23,-1,20,-3,16,-3,14,1"
23.951689958572388,136,"CSI,84,128,77,-47,20,0,4,9,4,10,8,9,12,5,14,2,17,1,17,-1,15,-5,15,-7,16,-5,17,-4,18,0,19,2,19,2,19,1,17,1,13,0,10,0,8,-1,6,-3,4,-4,1,-5,-2,-6,-3,-8,-3,-9,-1,-3,0,0,0,0,0,0,0,0,0,0,0,0,0,0,0,0,0,0,-2,1,-8,4,-9,3,-10,3,-10,2,-9,1,-9,2,-7,2,-6,1,-6,-1,-5,-1,-4,1,-2,2,0,4,3,8,5,14,4,18,3,21,1,24,-1,24,-4,24,-7,25,-9,26,-7,24,-2,21,1,20,-1,18"
23.98382306098938,137,"CSI,85,128,77,-47,20,0,-16,2,-12,5,-9,7,-8,9,-8,11,-7,14,-4,17,-1,21,0,20,0,18,-1,18,-3,20,-5,20,-5,18,-5,16,-6,13,-4,10,-3,8,-2,7,0,5,2,2,3,2,4,1,5,-1,7,1,1,0,0,0,0,0,0,0,0,0,0,0,0,0,0,0,0,0,0,0,-1,-2,-3,-8,-4,-10,-4,-11,-1,-11,1,-11,1,-10,1,-10,0,-9,-2,-9,-4,-7,-5,-4,-5,0,-6,2,-10,3,-15,0,-19,-3,-22,-4,-24,-7,-24,-8,-25,-7,-28,-8,-27,-10,-23,-10,-20,-10,-20,-9,-20,-5"
24.023032188415527,138,"CSI,3799,128,83,49,21,0,-3,15,0,12,5,9,8,9,11,10,13,12,14,7,16,1,18,-1,20,4,19,7,18,8,20,8,19,9,16,10,14,10,13,6,10,3,7,1,5,0,3,-1,2,-3,2,-5,2,-6,4,-8,1,-3,0,0,0,0,0,0,0,0,0,0,0,0,0,0,0,0,0,0,-3,-1,-10,-2,-12,-2,-14,-4,-11,-6,-10,-6,-11,-5,-9,-3,-8,-2,-8,-3,-7,-1,-4,2,-3,4,-1,6,-2,9,-6,13,-8,17,-9,19,-10,19,-12,20,-14,22,-15,20,-14,17,-14,15,-15,15,-13,15,-11,13"
24.185949325561523,139,"CSI,87,128,77,-47,20,0,14,3,13,2,11,-1,9,-4,11,-6,12,-10,11,-10,13,-6,16,-9,17,-14,15,-16,14,-17,15,-15,17,-11,17,-9,16,-7,14,-6,10,-5,7,-5,6,-4,5,-4,2,-5,-1,-5,-2,-5,-2,-5,-1,-2,0,0,0,0,0,0,0,0,0,0,0,0,0,0,0,0,0,0,0,1,5,6,7,7,7,7,5,8,3,8,1,8,-1,7,-1,9,2,10,4,7,4,2,6,1,11,1,14,-2,17,-4,19,-4,19,0,19,3,20,7,22,9,23,10,22,11,21,11,20,9,17,8,14,7"
24.216471195220947,140,"CSI,88,128,77,-47,20,0,8,9,10,7,12,2,13,-2,13,-5,13,-6,13,-6,9,-5,11,-5,16,-6,18,-7,19,-8,18,-7,16,-6,18,-4,18,-2,14,0,8,-1,6,-2,7,-1,5,-1,1,-3,-1,-5,-3,-7,-6,-8,-2,-3,0,0,0,0,0,0,0,0,0,0,0,0,0,0,0,0,0,0,0,2,0,9,-2,9,-5,10,-6,7,-7,5,-8,4,-8,4,-8,6,-7,6,-3,6,2,6,5,7,4,7,5,8,9,10,12,12,12,14,11,18,12,21,14,21,13,22,11,22,9,20,7,19,6,18,7,16"
24.244988203048706,141,"CSI,3808,128,83,49,21,0,13,1,14,-4,12,-9,8,-11,8,-13,9,-16,11,-14,12,-11,11,-14,8,-20,7,-21,8,-19,9,-18,10,-16,9,-14,8,-14,6,-13,5,-13,5,-9,4,-5,3,-4,2,-2,-1,-1,-5,-2,-7,-7,-2,-3,0,0,0,0,0,0,0,0,0,0,0,0,0,0,0,0,0,0,1,1,6,6,6,5,5,6,4,9,1,12,1,11,1,7,0,5,1,5,1,5,2,2,6,0,10,0,13,-1,15,-1,17,2,18,4,21,3,25,3,26,5,25,6,24,6,22,6,20,7,19,7,19,7"
24.33605194091797,142,"CSI,3812,128,83,49,21,0,-12,-6,-12,-5,-13,-2,-14,3,-15,6,-13,7,-11,7,-12,5,-17,6,-20,9,-19,10,-19,11,-19,10,-19,7,-16,5,-15,3,-15,3,-12,3,-10,1,-9,2,-7,3,-3,3,0,3,2,3,2,4,0,1,0,0,0,0,0,0,0,0,0,0,0,0,0,0,0,0,0,0,-1,-2,-4,-7,-3,-8,-1,-10,1,-10,2,-10,2,-9,3,-8,3,-8,1,-7,1,-5,-1,-3,-5,-1,-9,-1,-12,-4,-16,-6,-19,-5,-18,-8,-18,-13,-21,-14,-19,-17,-16,-18,-16,-17,-17,-16,-18,-18,-16,-17,-13,-13"
24.36816120147705,143,"CSI,90,128,75,-79,20,0,2,-12,-1,-11,-2,-9,-4,-10,-7,-12,-12,-11,-16,-11,-15,-12,-17,-14,-21,-14,-20,-12,-19,-10,-19,-9,-16,-9,-14,-9,-13,-11,-12,-9,-9,-3,-7,0,-8,-1,-7,-1,-4,-1,-2,-1,-2,2,-3,6,-1,2,0,0,0,0,0,0,0,0,0,0,0,0,0,0,0,0,0,0,2,-1,10,-3,12,-3,11,-3,9,-2,8,1,7,3,6,3,5,3,4,1,3,-2,-2,-4,-3,-6,1,-7,2,-11,2,-15,4,-18,6,-21,8,-21,10,-22,11,-26,13,-27,15,-23,15,-18,13,-19,10,-20,9,-18"
24.435514211654663,144,"CSI,3816,128,83,49,21,0,8,11,11,1,15,-2,14,1,12,0,14,-3,7,-4,-3,-7,5,-10,16,-10,16,-11,15,-12,15,-15,12,-18,10,-18,12,-15,11,-12,8,-10,4,-8,1,-7,0,-4,-2,-2,-4,-1,-6,-3,-8,-6,-2,-2,0,0,0,0,0,0,0,0,0,0,0,0,0,0,0,0,0,0,-3,-1,-11,-2,-11,-4,-10,-6,-8,-6,-8,-7,-8,-10,-6,-8,-5,-4,-7,-1,-5,-1,0,1,1,2,1,4,-2,9,-4,16,-4,19,-2,20,-3,22,-7,24,-8,24,-6,23,-4,20,-4,18,-4,19,-4,21,-2,21"
25.25369429588318,145,"CSI,3848,128,83,49,21,0,12,2,13,2,13,-2,12,-5,11,-7,11,-11,11,-10,10,-6,12,-8,14,-14,11,-18,10,-18,10,-17,10,-16,8,-14,6,-12,4,-9,2,-7,2,-7,1,-8,-2,-6,-5,-4,-7,-3,-7,-3,-8,-3,-2,-1,0,0,0,0,0,0,0,0,0,0,0,0,0,0,0,0,0,0,0,3,-2,11,-5,10,-6,10,-8,8,-10,4,-12,1,-10,2,-8,5,-7,4,-5,3,-1,4,-1,4,2,5,6,8,10,10,15,12,18,15,16,18,16,19,16,21,13,21,11,20,12,19,13,19,9,18,5,16"
26.035328149795532,146,"CSI,394,128,83,49,21,0,11,-8,8,-4,4,-2,0,-3,-2,-5,-4,-7,-2,-6,0,-1,-2,-1,-7,-4,-9,-4,-8,-2,-7,-2,-5,-3,-5,-3,-6,-3,-6,-1,-3,-2,-1,-2,-1,-2,-1,0,-2,1,-2,0,-1,0,-2,0,-1,0,0,0,0,0,0,0,0,0,0,0,0,0,0,0,0,0,0,0,-1,0,-5,1,-5,3,-4,3,-2,2,-1,4,0,5,0,6,-2,6,-4,7,-4,8,-4,8,-5,8,-3,6,-1,6,0,5,1,3,3,1,3,-1,5,-1,8,-2,10,-6,13,-8,13,-6,11,-4,12,-4,15,-6"
27.72764015197754,147,"CSI,92,128,77,-47,20,0,-4,-12,-5,-9,-6,-5,-8,-5,-10,-3,-14,1,-14,2,-10,1,-10,2,-15,5,-18,6,-16,7,-14,7,-13,5,-13,3,-11,4,-10,6,-8,3,-4,0,-1,2,0,4,1,4,2,4,2,2,2,2,0,0,0,0,0,0,0,0,0,0,0,0,0,0,0,0,0,0,0,0,2,-2,8,-5,9,-1,12,1,12,3,8,4,8,5,8,6,5,4,4,2,2,1,0,1,-1,-1,1,-3,2,-7,2,-12,2,-17,4,-19,7,-21,9,-24,10,-24,9,-24,7,-23,7,-21,7,-22,7,-22,6,-21"
27.857911109924316,148,"CSI,94,128,75,-79,20,0,-2,14,1,12,3,10,5,7,7,4,11,2,13,5,11,7,12,7,16,7,18,7,18,7,15,7,11,8,9,7,7,7,6,7,7,6,5,2,2,0,3,-2,4,-4,4,-5,4,-6,5,-7,1,-2,0,0,0,0,0,0,0,0,0,0,0,0,0,0,0,0,0,0,-2,1,-7,4,-9,4,-11,5,-11,5,-11,3,-9,2,-7,1,-7,-1,-8,-1,-6,0,-2,1,0,3,1,6,-1,11,-3,15,-4,16,-4,17,-3,19,-3,21,-5,23,-6,23,-5,22,-6,21,-7,22,-6,18,-3,12"
28.222326040267944,149,"CSI,3964,128,83,49,21,0,14,-1,12,-5,10,-8,7,-11,3,-15,3,-16,2,-13,-2,-11,-3,-13,-2,-18,1,-22,4,-22,3,-20,2,-18,4,-16,4,-14,0,-11,-2,-9,-2,-7,-4,-6,-4,-3,-4,2,-5,4,-6,2,-7,0,-2,0,0,0,0,0,0,0,0,0,0,0,0,0,0,0,0,0,0,0,-1,2,-2,9,-5,10,-6,9,-5,9,-6,9,-7,9,-6,9,-5,6,-3,4,-2,4,0,3,3,1,5,-1,8,-1,13,1,18,2,20,5,19,7,21,9,24,13,25,15,23,14,23,14,25,15,23,13,17,9"
28.359110116958618,150,"CSI,95,128,77,-47,20,0,-13,-3,-12,1,-8,3,-7,4,-9,6,-10,10,-9,14,-12,18,-12,19,-10,18,-9,18,-8,20,-8,21,-8,19,-8,16,-8,13,-6,8,-5,5,-3,4,1,3,2,2,3,2,4,2,6,1,8,1,2,0,0,0,0,0,0,0,0,0,0,0,0,0,0,0,0,0,0,0,1,-4,5,-14,4,-13,3,-13,3,-11,4,-9,6,-10,7,-11,10,-9,8,-7,3,-7,-1,-7,-2,-6,-7,-3,-13,-1,-16,-4,-17,-10,-19,-13,-20,-14,-22,-15,-21,-16,-21,-17,-22,-18,-20,-18,-18,-18,-17,-16,-17,-15"
28.390537977218628,151,"CSI,96,128,77,-47,20,0,3,12,4,11,5,11,8,9,11,6,13,5,18,6,22,6,22,2,20,-1,20,-2,20,-1,19,-1,18,0,17,3,16,3,12,1,7,1,3,0,2,-2,1,-2,-1,-2,-2,-3,-1,-5,1,-5,0,-2,0,0,0,0,0,0,0,0,0,0,0,0,0,0,0,0,0,0,-2,0,-9,0,-11,-1,-13,-3,-13,-5,-11,-7,-10,-6,-8,-5,-8,-6,-7,-7,-5,-5,-3,0,-1,4,0,7,0,10,-2,13,-4,16,-6,20,-9,21,-12,21,-13,23,-16,25,-18,25,-16,24,-14,22,-13,21,-13,18"
28.83471417427063,152,"CSI,3987,128,83,49,21,0,9,5,11,-1,9,-6,7,-7,8,-9,8,-16,6,-16,2,-12,2,-14,4,-20,5,-21,7,-19,8,-18,9,-16,7,-15,2,-12,1,-10,0,-9,-2,-8,-2,-7,-2,-5,-5,-3,-7,-2,-10,-2,-11,-2,-3,-1,0,0,0,0,0,0,0,0,0,0,0,0,0,0,0,0,0,0,0,1,2,8,0,9,-2,9,-5,8,-5,7,-7,8,-7,9,-6,8,-6,4,-5,0,-3,0,-1,0,1,0,6,2,10,5,13,7,16,6,20,5,22,7,22,10,20,13,19,14,19,14,17,14,15,14,15,15"
29.29357123374939,153,"CSI,97,128,75,-79,20,0,-6,-14,-6,-11,-7,-9,-6,-6,-7,-3,-10,-1,-12,4,-13,8,-16,4,-18,1,-20,2,-20,2,-19,5,-18,4,-15,-2,-13,-3,-10,-1,-7,1,-4,3,-2,3,0,3,1,5,1,6,1,7,0,11,-1,3,0,0,0,0,0,0,0,0,0,0,0,0,0,0,0,0,0,0,2,-1,11,-2,12,-2,12,-3,12,-4,10,-2,8,0,7,2,9,1,10,-2,7,-2,1,-2,-2,-4,-1,-10,2,-15,1,-17,-2,-19,-1,-21,2,-22,3,-23,4,-26,6,-26,7,-23,5,-21,7,-21,9,-21,5,-16"
29.325712203979492,154,"CSI,98,128,75,-79,20,0,4,-12,-1,-11,-5,-11,-7,-12,-7,-14,-7,-13,-11,-11,-12,-9,-12,-10,-14,-13,-14,-17,-13,-18,-13,-17,-12,-17,-9,-17,-7,-14,-6,-10,-4,-7,-3,-4,-4,-2,-5,2,-6,4,-7,4,-9,5,-10,7,-3,1,0,0,0,0,0,0,0,0,0,0,0,0,0,0,0,0,0,0,3,1,11,5,9,1,8,1,10,2,10,4,8,6,6,8,5,8,7,5,5,3,4,3,7,-3,10,-7,10,-9,10,-10,12,-12,12,-13,15,-17,18,-20,20,-18,21,-18,20,-16,19,-12,17,-10,15,-11,14,-10"
29.453039169311523,155,"CSI,4012,128,83,49,21,0,-9,-12,-11,-9,-10,-8,-9,-5,-10,1,-13,5,-14,5,-14,6,-18,6,-20,6,-20,7,-20,8,-19,7,-18,6,-17,4,-16,1,-13,-1,-8,2,-4,3,-1,2,-1,3,-1,5,1,8,3,9,3,9,1,2,0,0,0,0,0,0,0,0,0,0,0,0,0,0,0,0,0,0,1,-2,5,-8,8,-7,10,-6,12,-6,12,-5,10,-4,7,-1,6,-1,6,-4,3,-6,0,-8,-1,-10,-3,-11,-4,-12,-7,-15,-8,-20,-7,-21,-8,-21,-8,-23,-5,-24,-5,-26,-5,-28,-2,-27,-2,-24,-4,-22,-3,-19"
29.65751028060913,156,"CSI,4020,128,83,49,21,0,-6,10,-2,12,2,12,6,10,8,9,10,11,15,10,20,8,20,9,17,7,15,5,17,9,18,13,16,13,13,13,10,12,8,9,5,6,4,5,3,3,4,-1,2,-5,2,-6,4,-9,6,-13,1,-4,0,0,0,0,0,0,0,0,0,0,0,0,0,0,0,0,0,0,-3,0,-11,2,-11,-1,-11,-4,-11,-5,-11,-7,-11,-9,-10,-10,-8,-7,-5,-3,-3,-1,-2,-1,-1,2,-2,7,-4,9,-5,11,-8,14,-10,17,-11,19,-16,19,-20,18,-21,17,-22,16,-23,18,-20,18,-17,15,-12,14"
30.168227195739746,157,"CSI,4040,128,83,49,21,0,9,-3,9,-6,10,-9,10,-10,9,-12,8,-12,5,-15,0,-21,-4,-21,-3,-20,1,-23,3,-23,3,-21,2,-20,2,-20,2,-18,2,-16,2,-13,1,-10,-1,-9,-2,-7,-3,-4,-6,-2,-9,-1,-9,1,-3,0,0,0,0,0,0,0,0,0,0,0,0,0,0,0,0,0,0,0,0,2,2,9,0,9,-1,10,-1,11,-2,11,-5,11,-9,10,-8,10,-5,6,-4,2,-2,2,1,0,4,-2,7,0,12,0,17,2,19,6,18,8,19,9,19,11,23,13,24,14,22,13,19,13,14,11,11,9"
30.271953105926514,158,"CSI,4044,128,83,49,21,0,12,3,10,-2,8,-5,8,-7,6,-7,5,-10,3,-8,-3,-2,-1,-10,2,-19,-1,-19,-3,-19,-2,-21,-1,-22,-3,-20,-4,-19,-4,-17,-2,-12,-1,-8,-1,-6,-3,-3,-6,-2,-9,-1,-8,-1,-6,-1,-2,-1,0,0,0,0,0,0,0,0,0,0,0,0,0,0,0,0,0,0,-2,2,-8,6,-9,3,-10,-2,-12,-5,-13,-5,-13,-4,-11,-5,-11,-4,-10,-4,-7,-6,-4,-7,-1,-3,0,1,4,6,8,12,8,15,6,17,6,20,7,21,9,22,10,23,9,23,7,22,8,21,9,22,8,20"
30.986704111099243,159,"CSI,4072,128,83,49,21,0,10,-2,8,-5,7,-9,7,-13,5,-14,3,-18,2,-18,-1,-16,-1,-16,1,-18,2,-19,2,-20,2,-19,3,-15,5,-12,4,-14,1,-12,-2,-9,-2,-7,-3,-5,-3,-1,-4,1,-6,1,-8,0,-7,-1,-2,-1,0,0,0,0,0,0,0,0,0,0,0,0,0,0,0,0,0,0,1,2,5,8,2,10,1,11,0,10,-2,10,-4,9,-4,8,-4,9,-5,8,-3,5,2,1,6,-1,9,-1,13,0,16,2,20,1,22,1,23,3,26,6,28,7,27,7,26,10,25,12,24,12,23,11,20,10"
31.08952498435974,160,"CSI,4076,128,83,49,21,0,13,-3,7,-5,5,-6,5,-8,2,-12,0,-17,-1,-11,0,-1,3,-9,5,-19,3,-19,1,-17,2,-18,-1,-19,-3,-16,-2,-12,-2,-11,-4,-10,-5,-7,-6,-2,-8,1,-8,0,-9,0,-9,-1,-8,-4,-2,-2,0,0,0,0,0,0,0,0,0,0,0,0,0,0,0,0,0,0,1,3,5,11,0,9,-4,7,-3,8,-4,12,-5,13,-6,10,-5,7,-3,5,-2,4,0,2,3,0,4,-2,9,-1,16,0,18,1,19,5,21,7,21,8,23,9,24,10,23,11,22,10,23,11,21,14,16,16"
31.192472219467163,161,"CSI,4080,128,83,49,21,0,-5,-10,-7,-6,-10,-2,-12,-1,-15,2,-18,7,-15,6,-12,2,-15,5,-18,10,-19,11,-20,10,-17,8,-16,6,-17,5,-14,4,-10,3,-6,3,-4,4,-4,3,-2,2,1,4,3,5,5,6,7,6,2,1,0,0,0,0,0,0,0,0,0,0,0,0,0,0,0,0,0,0,2,-1,10,-4,12,-3,12,0,12,1,11,1,9,0,8,0,6,2,4,3,5,1,5,-2,0,-6,-4,-9,-4,-13,-3,-17,-2,-20,-3,-21,-2,-23,2,-26,1,-28,0,-29,2,-29,4,-26,4,-23,3,-22,2,-21"
31.26353096961975,162,"CSI,99,128,77,-47,20,0,5,-9,0,-10,-3,-11,-6,-12,-10,-13,-12,-14,-15,-17,-17,-20,-20,-18,-20,-15,-19,-15,-18,-15,-15,-14,-10,-14,-8,-14,-10,-12,-10,-10,-7,-8,-4,-3,-4,0,-4,0,-3,2,-3,5,-6,6,-6,5,-2,1,0,0,0,0,0,0,0,0,0,0,0,0,0,0,0,0,0,0,2,1,7,5,7,6,7,7,6,8,4,9,2,9,0,6,-1,6,0,6,2,3,1,-2,1,-5,2,-7,3,-10,8,-12,13,-11,15,-13,17,-16,20,-14,22,-10,23,-9,25,-8,25,-8,22,-9,20,-10,21,-14"
31.353426218032837,163,"CSI,100,128,77,-47,20,0,-9,5,-5,5,-3,7,0,12,3,15,4,14,5,16,7,19,9,19,9,17,9,15,9,16,6,16,3,15,2,14,2,11,1,6,1,4,2,4,3,1,4,-2,4,-4,5,-5,7,-6,6,-4,1,-1,0,0,0,0,0,0,0,0,0,0,0,0,0,0,0,0,0,0,-2,-3,-7,-9,-6,-9,-6,-11,-6,-11,-3,-10,1,-11,1,-10,-2,-8,-3,-5,1,-2,0,1,-5,4,-8,5,-11,4,-16,4,-19,5,-20,5,-21,6,-23,6,-25,3,-27,0,-26,0,-25,1,-23,2,-21,2,-19,2"
31.396562337875366,164,"CSI,4088,128,83,49,21,0,9,6,7,4,7,0,6,-7,8,-12,9,-14,7,-14,4,-12,5,-15,8,-20,11,-19,9,-17,8,-17,8,-16,7,-14,5,-12,3,-9,1,-5,-3,-3,-5,-2,-5,-1,-4,-1,-4,-1,-5,-1,-8,0,-3,0,0,0,0,0,0,0,0,0,0,0,0,0,0,0,0,0,0,0,-3,0,-10,2,-10,3,-10,2,-9,0,-10,-1,-11,-4,-10,-4,-9,-2,-9,0,-6,1,-2,2,2,5,4,7,7,9,8,13,8,17,8,19,7,21,7,24,9,26,9,26,10,23,10,21,11,20,9,17,3,14"
32.440765142440796,165,"CSI,101,128,77,-47,20,0,-6,-12,-6,-8,-6,-3,-7,1,-9,3,-13,4,-16,3,-17,0,-17,2,-16,8,-17,13,-17,13,-16,11,-16,10,-15,8,-11,5,-6,2,-4,0,-1,-1,1,0,1,2,3,1,6,-1,8,0,6,1,1,0,0,0,0,0,0,0,0,0,0,0,0,0,0,0,0,0,0,0,1,-1,7,-3,8,-1,10,0,11,1,10,3,9,5,8,6,5,5,4,2,2,1,2,-3,2,-7,0,-10,-1,-14,-2,-16,-3,-17,-3,-20,0,-23,-1,-25,-3,-26,0,-26,5,-25,5,-22,2,-20,0,-17,-1,-16"
32.469895124435425,166,"CSI,102,128,77,-47,20,0,-7,0,-7,5,-3,8,1,9,1,10,1,12,-1,12,-2,12,2,13,6,16,7,16,10,14,9,13,6,14,4,14,2,10,0,6,0,5,0,2,2,-1,2,-2,1,-4,1,-6,3,-8,4,-8,1,-2,0,0,0,0,0,0,0,0,0,0,0,0,0,0,0,0,0,0,0,-3,2,-9,3,-8,5,-8,9,-8,9,-7,6,-6,3,-5,3,-4,1,-2,-2,-1,-2,-2,-4,0,-7,1,-11,-2,-14,-6,-16,-9,-19,-9,-21,-10,-21,-12,-22,-13,-24,-13,-23,-11,-21,-11,-19,-11,-16,-9,-14,-6"
32.735865116119385,167,"CSI,103,128,77,-47,20,0,10,-7,6,-7,2,-7,1,-7,-1,-9,-7,-12,-7,-12,-5,-10,-7,-13,-10,-17,-8,-16,-6,-14,-6,-16,-4,-16,-4,-14,-5,-11,-3,-7,-2,-4,-4,-1,-5,0,-4,0,-3,1,-3,3,-6,4,-8,5,-3,1,0,0,0,0,0,0,0,0,0,0,0,0,0,0,0,0,0,0,2,2,7,8,4,9,1,10,0,11,2,12,2,10,1,10,0,9,0,8,1,5,3,0,5,-2,7,-3,11,-4,15,-5,16,-7,18,-7,20,-5,22,-3,25,-3,27,-4,26,-2,27,1,27,0,21,-3,16,-4"
32.972445249557495,168,"CSI,104,128,77,-47,20,0,-9,3,-7,6,-2,9,-1,11,-2,13,1,14,1,12,-1,14,1,17,4,18,4,20,2,21,2,20,1,19,-2,17,-3,13,-5,8,-5,8,-2,7,1,4,2,0,3,-4,3,-4,3,-3,4,-4,1,-1,0,0,0,0,0,0,0,0,0,0,0,0,0,0,0,0,0,0,-2,-1,-7,-3,-8,-5,-8,-7,-7,-8,-5,-9,-4,-9,-5,-7,-5,-6,-5,-7,-3,-6,-3,-1,-4,3,-5,6,-8,7,-12,6,-14,9,-18,10,-23,7,-26,6,-26,8,-26,12,-23,6,-21,-2,-21,0,-17,4,-7,-1"
33.30379009246826,169,"CSI,2741,128,-89,112,10,0,-22,13,-21,9,-18,8,-16,9,-16,7,-15,4,-11,6,-4,9,-1,6,-1,4,0,1,1,-2,4,0,10,4,13,5,13,4,11,5,10,5,10,5,8,5,6,5,4,4,2,2,1,1,2,1,0,0,0,0,0,0,0,0,0,0,0,0,0,0,0,0,0,0,0,0,0,0,0,2,-1,0,-4,-2,-5,-5,-5,-7,-6,-8,-6,-10,-4,-12,-2,-15,0,-20,0,-22,0,-23,2,-22,2,-19,0,-15,-3,-13,-3,-15,-3,-14,-3,-10,-5,-7,-8,-3,-12,2,-14,5,-14,7,-15,9,-14,9"
33.331780195236206,170,"CSI,2743,128,-89,112,10,0,3,24,4,25,3,24,0,22,-1,19,1,15,4,10,6,2,5,-1,1,0,2,0,6,-2,8,-5,7,-5,9,-4,11,-4,12,-5,11,-7,10,-8,10,-4,9,-2,9,-3,7,-1,5,-1,2,-1,0,-1,0,0,0,0,0,0,0,0,0,0,0,0,0,0,0,0,0,0,0,-1,2,-3,1,-1,-1,2,-2,5,-3,5,-4,7,-6,11,-8,12,-10,12,-13,11,-15,12,-15,11,-15,10,-16,8,-17,6,-17,6,-14,4,-12,4,-12,6,-8,4,-3,5,1,7,4,12,6,16,8,19,8,21"
33.365066051483154,171,"CSI,2744,128,-85,-79,26,0,-6,-27,-6,-25,-4,-26,-2,-25,-3,-21,-4,-17,-4,-12,-5,-7,-4,-6,-3,-5,-3,-3,-4,-1,-6,2,-9,4,-12,4,-15,3,-14,2,-12,1,-13,2,-14,3,-14,1,-12,0,-10,0,-8,-1,-6,0,-2,0,0,0,0,0,0,0,0,0,0,0,0,0,0,0,0,0,0,0,-1,0,-1,0,-1,0,0,-2,1,-6,3,-9,3,-10,5,-10,8,-10,11,-10,14,-9,15,-8,16,-9,17,-10,17,-8,16,-6,16,-5,13,-4,9,-4,7,-6,7,-7,4,-7,-1,-7,-3,-9,-5,-14,-7,-21,-8,-27"
33.39827609062195,172,"CSI,2745,128,-126,32,8,0,-22,13,-22,14,-22,14,-21,12,-18,10,-15,8,-10,8,-4,6,-3,4,-3,3,0,2,2,3,2,3,5,4,10,7,12,7,11,6,10,5,9,6,8,7,8,5,7,5,5,5,4,4,4,3,1,0,0,0,0,0,0,0,0,0,0,0,0,0,0,0,0,0,0,0,1,0,4,2,2,1,-2,-1,-6,-1,-9,-1,-9,-5,-11,-9,-13,-10,-12,-12,-11,-14,-11,-15,-12,-15,-11,-15,-11,-16,-9,-16,-7,-15,-6,-14,-5,-10,-7,-6,-6,-2,-6,-1,-7,-1,-9,4,-11,10,-15,14,-17,14"
33.42896008491516,173,"CSI,2746,128,-102,-96,9,0,27,-8,27,-6,25,-6,24,-6,21,-6,16,-4,14,-3,13,-3,9,-4,4,-5,-1,-5,-6,-6,-8,-5,-8,-4,-11,-5,-13,-5,-14,-5,-13,-7,-11,-8,-10,-6,-10,-4,-10,-2,-6,-2,-2,-2,0,-2,0,-1,0,0,0,0,0,0,0,0,0,0,0,0,0,0,0,0,0,0,0,-2,1,-6,1,-4,2,0,1,4,0,7,-1,9,-3,11,-4,14,-4,16,-6,17,-8,18,-9,19,-10,17,-10,16,-9,15,-8,14,-6,12,-4,9,0,9,3,8,5,5,10,2,16,0,21,-2,23,-5,25,-6"
33.45949411392212,174,"CSI,2747,128,-126,32,8,0,16,24,12,23,9,20,9,17,10,16,9,16,5,9,2,2,2,1,3,1,2,-2,0,-4,2,-6,3,-7,1,-10,1,-14,3,-14,3,-12,2,-11,1,-14,1,-14,2,-10,1,-7,1,-4,2,-4,0,-1,0,0,0,0,0,0,0,0,0,0,0,0,0,0,0,0,0,0,0,-1,0,-2,0,1,-1,3,-4,3,-7,3,-9,4,-13,6,-16,8,-15,8,-16,6,-20,6,-23,6,-22,4,-21,4,-20,3,-19,2,-18,2,-14,5,-10,7,-7,7,-3,9,1,11,5,12,9,14,10,17,9,17"
33.49274802207947,175,"CSI,67,128,83,49,21,0,-4,-26,-2,-22,1,-19,2,-19,1,-19,-1,-16,-3,-13,-6,-14,-6,-13,-5,-8,-4,-3,-4,2,-6,4,-10,3,-12,1,-12,1,-12,3,-13,4,-12,3,-12,1,-12,0,-10,-2,-8,-4,-5,-2,-2,0,0,0,0,0,0,0,0,0,0,0,0,0,0,0,0,0,0,0,0,0,-2,2,-4,6,-2,2,1,-2,2,-4,3,-6,7,-6,11,-6,13,-7,14,-9,15,-9,17,-8,19,-7,20,-7,21,-4,21,-2,19,-2,18,-3,14,-5,11,-7,8,-6,4,-7,0,-12,-2,-16,-4,-20,-4,-26,-5,-30"
33.52065300941467,176,"CSI,2748,128,106,-96,6,0,9,21,8,21,6,21,7,20,8,18,8,16,9,11,10,5,6,1,3,1,3,1,4,-2,6,-5,7,-6,6,-8,7,-10,8,-11,9,-9,9,-7,9,-6,10,-5,10,-4,6,-4,4,-1,3,1,0,0,0,0,0,0,0,0,0,0,0,0,0,0,0,0,0,0,0,0,0,0,1,0,2,1,1,4,-1,4,-1,6,-1,9,-5,10,-9,8,-12,9,-17,9,-19,10,-20,11,-20,10,-18,8,-14,7,-14,6,-14,5,-11,6,-7,7,-3,6,-1,4,1,6,5,11,9,15,9,19,8,22"
33.5512011051178,177,"CSI,2749,128,106,-96,6,0,28,11,24,11,20,10,17,10,16,9,13,8,10,5,13,-1,12,-4,7,-2,5,-2,2,-4,0,-6,0,-11,-2,-14,-2,-15,0,-16,2,-15,2,-12,3,-12,3,-11,2,-8,3,-7,3,-6,1,-6,-1,-2,0,0,0,0,0,0,0,0,0,0,0,0,0,0,0,0,0,0,0,-1,-1,-1,-1,0,0,0,1,2,2,5,4,9,2,12,-2,15,-4,17,-5,18,-6,19,-6,20,-6,19,-8,18,-12,18,-11,17,-7,14,-5,11,-3,8,1,5,4,4,8,4,11,5,16,6,22,8,27,10"
33.58165717124939,178,"CSI,71,128,83,49,21,0,2,26,3,25,4,23,4,18,5,15,6,13,7,11,9,7,9,1,5,-2,3,-4,4,-8,6,-11,8,-10,9,-9,9,-9,9,-8,8,-8,9,-7,12,-6,12,-6,10,-5,7,-3,4,-1,3,0,0,0,0,0,0,0,0,0,0,0,0,0,0,0,0,0,0,0,0,0,-1,-1,-1,-3,-1,-2,-3,0,-4,2,-5,5,-6,8,-7,8,-9,6,-12,5,-14,3,-16,4,-18,6,-20,6,-21,4,-19,3,-16,1,-13,0,-11,1,-10,2,-6,2,1,5,6,10,7,14,7,17,8,21,9,23"
33.612908124923706,179,"CSI,75,128,83,49,21,0,4,-25,4,-22,5,-18,4,-18,1,-19,0,-15,1,-13,1,-15,-3,-13,-5,-8,-7,-5,-9,-3,-10,-1,-10,0,-12,1,-15,1,-15,2,-13,1,-13,-1,-12,-2,-11,-1,-10,0,-9,0,-6,-1,-2,-3,0,-2,0,0,0,0,0,0,0,0,0,0,0,0,0,0,0,0,0,0,-1,1,-2,3,-1,0,0,-3,1,-5,2,-8,4,-10,7,-12,11,-12,14,-11,15,-10,18,-9,18,-7,18,-3,19,-2,18,-2,14,-1,12,0,11,-2,9,-3,5,-4,4,-9,3,-12,1,-11,-3,-16,-3,-22,-2,-22"
33.64896011352539,180,"CSI,78,128,83,49,21,0,18,-10,19,-11,17,-12,14,-12,10,-11,7,-9,6,-10,5,-14,2,-12,0,-6,-3,-4,-6,-4,-8,-5,-11,-6,-13,-6,-13,-5,-12,-6,-11,-8,-11,-8,-10,-8,-9,-8,-6,-7,-4,-6,-3,-5,-2,-4,-1,-1,0,0,0,0,0,0,0,0,0,0,0,0,0,0,0,0,0,0,-1,-1,-2,-4,0,-3,4,-2,6,0,7,4,7,8,8,8,11,9,11,11,10,12,10,15,10,18,9,21,7,21,4,18,2,16,4,14,5,12,5,7,6,2,8,-2,10,-6,12,-9,14,-11,19,-12,21,-12"
33.85514712333679,181,"CSI,87,128,83,49,21,0,8,-23,8,-23,7,-23,6,-20,5,-17,2,-15,-3,-6,-4,3,2,-1,2,-6,-4,-5,-7,-3,-7,-3,-9,-5,-14,-5,-16,-1,-16,-2,-13,-7,-8,-7,-7,-7,-7,-7,-8,-7,-7,-6,-5,-6,-5,-6,-2,-2,0,0,0,0,0,0,0,0,0,0,0,0,0,0,0,0,0,0,-1,2,-4,9,-3,3,0,-3,1,-6,0,-9,-1,-12,2,-12,7,-13,10,-13,14,-10,17,-6,18,0,18,4,18,2,15,-2,12,1,10,8,8,5,6,-3,4,-5,5,-4,6,-8,2,-11,-2,-13,0,-16,6,-16"
34.412644147872925,182,"CSI,105,128,77,-47,20,0,-24,-7,-24,-6,-22,-5,-19,-3,-18,-3,-17,-1,-12,1,-6,2,-4,1,-3,1,-2,0,-2,2,-1,6,1,10,2,12,4,12,6,12,5,12,3,12,3,13,1,14,-2,12,-2,8,0,5,3,6,1,2,0,0,0,0,0,0,0,0,0,0,0,0,0,0,0,0,0,0,-1,0,-3,2,-4,1,-5,0,-4,0,-2,-4,-2,-7,-3,-8,-3,-10,-1,-16,3,-21,6,-23,8,-21,9,-19,9,-16,10,-14,11,-14,10,-11,6,-10,2,-10,-2,-9,-6,-8,-9,-7,-13,-6,-16,-5,-18,-6,-17,-6"
34.44316911697388,183,"CSI,106,128,77,-47,20,0,22,2,22,1,20,-1,17,0,17,1,17,1,13,-2,7,-4,4,-3,2,-2,1,-2,0,-4,-2,-8,-4,-11,-5,-13,-5,-15,-6,-16,-5,-16,-3,-17,-2,-16,-1,-11,0,-7,-1,-5,-1,-3,0,-2,0,-1,0,0,0,0,0,0,0,0,0,0,0,0,0,0,0,0,0,0,-1,-2,-3,-4,-2,-3,1,-2,4,-1,6,2,8,5,10,8,10,10,8,12,5,13,3,18,3,19,3,18,1,17,-2,17,-2,15,-2,13,-1,11,0,7,2,5,4,5,8,3,16,0,20,-3,18,-6,18,-5"
34.47648906707764,184,"CSI,107,128,77,-47,20,0,-12,19,-12,19,-12,18,-12,14,-9,13,-6,14,-6,11,-7,4,-7,3,-4,4,1,0,5,-4,9,-4,12,-4,12,-6,13,-7,13,-9,12,-8,11,-5,10,-4,9,-3,8,-3,7,-2,6,-2,5,-3,1,-1,0,0,0,0,0,0,0,0,0,0,0,0,0,0,0,0,0,0,1,0,5,3,0,2,-4,0,-7,-2,-8,-4,-9,-5,-10,-7,-12,-9,-12,-12,-13,-19,-10,-23,-8,-21,-8,-19,-6,-17,-4,-16,-3,-14,-3,-12,-6,-9,-9,-4,-9,-1,-9,1,-10,4,-11,6,-13,10,-13,15,-12,21"
34.509737968444824,185,"CSI,108,128,77,-47,20,0,17,15,16,15,15,11,15,8,14,8,10,6,8,6,10,9,8,6,5,-1,1,-4,-2,-8,-4,-11,-5,-11,-6,-11,-8,-11,-11,-11,-9,-10,-6,-10,-6,-11,-7,-10,-7,-8,-6,-7,-4,-7,-2,-6,-1,-2,0,0,0,0,0,0,0,0,0,0,0,0,0,0,0,0,0,0,0,0,3,2,1,3,-1,2,-5,2,-7,4,-9,4,-12,1,-15,-3,-17,-3,-19,-2,-20,-2,-20,-5,-20,-6,-18,-5,-16,-7,-15,-6,-13,-4,-11,-1,-8,1,-5,3,-2,6,3,10,8,12,11,14,13,16,14,18"
34.539754152297974,186,"CSI,111,128,83,49,21,0,-18,-15,-17,-12,-15,-13,-14,-14,-13,-10,-9,-8,-7,-6,-9,-1,-7,1,-3,3,0,5,0,6,-1,6,-2,7,0,9,0,12,0,14,0,14,-1,11,-3,10,-3,9,-3,8,-2,6,-1,5,-1,4,-1,1,0,0,0,0,0,0,0,0,0,0,0,0,0,0,0,0,0,0,-1,0,-3,2,-3,2,-2,-1,0,-4,-1,-9,0,-11,2,-11,5,-12,8,-14,10,-15,13,-16,15,-15,15,-13,14,-10,11,-9,9,-8,9,-7,6,-5,0,-5,-4,-6,-4,-8,-4,-9,-6,-7,-10,-6,-12,-10,-13,-12"
34.77633833885193,187,"CSI,123,128,83,49,21,0,-24,-2,-24,-2,-23,-2,-21,-4,-18,-2,-16,1,-12,3,-8,4,-5,2,-4,0,-3,-1,-2,1,1,4,4,6,6,10,5,13,5,15,3,14,2,11,2,8,2,8,1,7,-2,4,-2,3,0,2,0,0,0,0,0,0,0,0,0,0,0,0,0,0,0,0,0,0,0,0,0,1,0,2,-1,0,-4,-1,-6,-2,-7,-6,-5,-8,-3,-10,-1,-14,0,-17,-1,-19,1,-20,6,-20,8,-21,8,-21,8,-18,7,-16,5,-14,0,-12,-3,-8,-5,-5,-6,-7,-9,-9,-13,-7,-16,-4,-17,-4,-18,-4"
34.87821006774902,188,"CSI,127,128,83,49,21,0,-1,-25,0,-25,1,-23,2,-19,0,-16,-2,-14,-4,-10,-5,-5,-3,-4,-2,-3,-5,-2,-7,0,-7,4,-7,6,-10,7,-11,9,-11,10,-12,8,-12,7,-10,5,-9,2,-8,1,-7,1,-5,1,-3,1,-1,0,0,0,0,0,0,0,0,0,0,0,0,0,0,0,0,0,0,0,-1,-1,-3,-1,-1,-3,0,-4,1,-3,4,-1,7,-2,10,-3,12,-1,14,3,17,4,20,6,19,8,17,9,18,9,16,8,13,6,10,3,7,0,4,-1,4,-3,6,-6,4,-8,2,-10,2,-13,5,-16,7,-20"
35.08224010467529,189,"CSI,135,128,83,49,21,0,9,23,11,20,10,18,6,16,6,14,8,13,7,10,8,3,6,-1,3,-1,4,-3,5,-6,5,-6,8,-7,11,-9,12,-7,12,-6,12,-5,13,-4,11,-4,8,-3,6,-1,4,1,1,2,0,2,-1,0,0,0,0,0,0,0,0,0,0,0,0,0,0,0,0,0,0,0,-1,-2,-4,-3,-2,0,1,1,2,3,1,5,0,6,0,8,-2,12,-5,14,-6,15,-8,14,-12,13,-15,14,-14,13,-12,12,-12,11,-8,10,-5,9,-3,6,-1,5,1,6,5,7,10,10,10,16,10,20,13,21"
35.21888303756714,190,"CSI,109,128,77,-47,20,0,-20,-16,-19,-16,-14,-13,-13,-9,-14,-8,-15,-9,-12,-10,-8,-12,-7,-9,-7,-3,-5,0,-1,3,3,7,4,8,2,9,1,11,0,14,-1,14,-1,11,-2,12,-3,12,-3,10,-3,7,-3,4,-2,2,-1,0,0,0,0,0,0,0,0,0,0,0,0,0,0,0,0,0,0,0,0,-1,3,-1,3,-1,0,-2,-1,-5,1,-6,3,-5,5,-5,10,-7,17,-6,18,-6,17,-7,19,-8,20,-9,18,-10,16,-9,16,-6,13,-3,10,-4,6,-6,3,-8,-3,-9,-7,-12,-8,-13,-10,-15,-15,-17,-17,-16"
35.27244019508362,191,"CSI,110,128,98,32,6,0,16,13,13,11,15,11,15,11,12,12,8,10,11,7,15,5,11,3,4,-1,3,-5,3,-8,1,-11,-1,-11,-2,-11,-1,-12,0,-13,1,-15,1,-14,0,-11,0,-8,0,-6,1,-6,2,-6,1,-5,0,-1,0,0,0,0,0,0,0,0,0,0,0,0,0,0,0,0,0,0,-1,-1,-2,-1,-2,-1,-1,1,-2,3,-5,5,-6,8,-5,11,-6,12,-9,13,-12,14,-15,14,-15,13,-15,12,-15,10,-15,7,-14,7,-12,9,-9,9,-5,8,-1,7,2,6,4,8,7,10,11,11,15,14,15,17"
35.300395011901855,192,"CSI,111,128,98,32,6,0,-4,21,-5,21,-4,19,-2,16,-2,16,-2,17,1,14,6,9,5,5,4,1,8,-3,10,-5,10,-3,10,-2,12,-4,12,-5,13,-4,13,-3,12,-2,12,0,10,2,9,3,8,4,6,4,6,4,1,1,0,0,0,0,0,0,0,0,0,0,0,0,0,0,0,0,0,0,0,-2,0,-5,1,0,0,4,-2,5,-4,6,-6,6,-9,7,-11,9,-13,10,-18,10,-21,10,-20,7,-16,5,-16,6,-16,5,-13,5,-13,4,-12,4,-6,6,-2,7,-1,7,-1,10,0,14,2,17,2,21,2,24"
35.33008003234863,193,"CSI,143,128,83,49,21,0,26,7,25,4,21,3,18,4,19,3,17,4,14,4,14,0,9,-1,4,-2,1,-4,-2,-6,-4,-9,-2,-13,-2,-14,-4,-13,-3,-15,-3,-15,0,-13,3,-12,2,-11,1,-8,0,-5,0,-4,0,-4,0,-1,0,0,0,0,0,0,0,0,0,0,0,0,0,0,0,0,0,0,-1,-1,-3,-1,-2,0,-1,1,2,3,5,5,5,7,5,9,6,12,4,14,2,16,-1,18,-2,18,-1,18,0,18,-3,16,-5,14,-4,12,0,11,3,10,4,6,5,4,8,2,13,1,17,3,20,3,20,3"
35.39283609390259,194,"CSI,147,128,83,49,21,0,-23,-9,-21,-6,-19,-4,-19,-5,-18,-5,-15,-7,-13,-3,-11,5,-8,6,-3,3,-1,1,-2,2,-3,5,-1,8,-1,10,-3,11,-5,12,-7,10,-6,9,-4,8,-5,7,-6,6,-5,5,-4,4,-3,1,-1,-1,0,0,0,0,0,0,0,0,0,0,0,0,0,0,0,0,0,0,0,-2,-1,-5,-3,-4,-5,-3,-6,-4,-7,-5,-8,-5,-8,-8,-8,-12,-9,-15,-8,-18,-5,-20,-4,-19,-2,-20,-3,-20,-5,-19,-4,-17,-1,-14,-1,-11,-4,-8,-7,-6,-8,-2,-11,0,-15,-2,-17,-2,-19,-2,-22,-3"
35.59827208518982,195,"CSI,155,128,83,49,21,0,-18,-22,-16,-22,-13,-20,-13,-16,-11,-12,-9,-8,-7,-5,-5,0,-5,0,-6,0,-3,5,-1,8,-3,11,-2,14,-1,14,-3,10,-3,10,0,11,0,11,0,11,0,10,0,7,1,5,0,4,0,2,0,0,0,0,0,0,0,0,0,0,0,0,0,0,0,0,0,0,0,0,0,-1,1,0,0,-1,2,-2,4,-4,7,-5,11,-7,14,-6,16,-4,17,-3,18,-2,19,-1,19,0,19,0,20,0,16,3,14,3,12,0,8,-3,4,-7,-1,-8,-4,-9,-4,-10,-7,-15,-10,-19,-12,-21,-11,-21"
35.63025116920471,196,"CSI,112,128,77,-47,20,0,-23,-16,-21,-14,-15,-13,-10,-14,-11,-12,-11,-9,-13,-6,-16,-3,-12,-1,-2,2,2,4,1,5,0,8,-2,11,-2,13,-2,15,-3,15,-4,15,-4,14,-2,11,0,8,-2,8,-3,7,-3,4,-3,2,-1,0,0,0,0,0,0,0,0,0,0,0,0,0,0,0,0,0,0,0,0,0,1,2,-1,-1,-2,-5,-2,-8,0,-12,4,-14,5,-12,6,-9,12,-13,14,-16,12,-17,14,-15,17,-12,17,-11,15,-6,13,-3,10,-3,7,-5,4,-7,-1,-7,-6,-9,-9,-13,-10,-15,-13,-13,-18,-12,-21,-12"
35.72662615776062,197,"CSI,113,128,75,-79,20,0,22,-5,21,-4,17,-2,15,0,12,-1,10,-2,8,-5,6,-10,4,-10,0,-8,-4,-8,-5,-8,-5,-8,-7,-10,-9,-11,-9,-10,-9,-11,-8,-11,-7,-7,-7,-7,-5,-8,-4,-8,-4,-7,-3,-4,-3,-3,-1,-1,0,0,0,0,0,0,0,0,0,0,0,0,0,0,0,0,0,0,-1,-2,-4,-5,-2,-3,1,-1,5,0,8,1,7,4,8,8,7,11,4,14,5,17,6,20,5,20,4,17,3,17,-1,17,-3,17,-1,15,0,9,4,5,5,2,6,0,10,-1,14,-2,20,0,24,1,25,-1"
35.79989409446716,198,"CSI,163,128,83,49,21,0,-20,6,-19,8,-16,10,-14,11,-14,9,-14,7,-10,6,-1,8,1,5,0,0,2,-1,5,2,6,4,7,4,10,4,11,5,9,7,9,7,9,6,9,7,9,7,9,6,6,5,4,3,2,2,0,0,0,0,0,0,0,0,0,0,0,0,0,0,0,0,0,0,0,0,-1,0,-3,1,-3,2,-4,-1,-6,-5,-7,-6,-8,-7,-9,-8,-9,-11,-9,-15,-8,-17,-7,-18,-5,-19,-4,-18,-4,-15,-4,-15,-2,-16,-1,-12,-1,-7,-4,-4,-6,-2,-6,-1,-8,2,-14,5,-18,9,-20,11,-22,9"
36.31496715545654,199,"CSI,177,128,83,49,21,0,-19,-23,-19,-21,-15,-18,-11,-19,-12,-17,-11,-13,-10,-9,-11,-4,-9,-2,-7,-1,-7,2,-7,4,-6,7,-5,9,-6,11,-8,11,-8,11,-8,12,-9,10,-9,8,-9,7,-8,7,-6,4,-5,2,-3,1,-1,0,0,0,0,0,0,0,0,0,0,0,0,0,0,0,0,0,0,0,0,0,-1,0,-2,0,-2,-3,0,-6,1,-8,1,-11,4,-14,7,-16,8,-17,8,-19,10,-23,12,-22,14,-17,15,-14,13,-13,11,-12,10,-10,5,-9,1,-10,-1,-12,-4,-14,-6,-15,-8,-15,-10,-16,-12,-19,-13,-19"
36.41462302207947,200,"CSI,181,128,83,49,21,0,2,29,2,25,4,22,6,17,6,16,5,18,5,17,7,15,5,11,5,5,6,1,7,-2,8,-3,11,-5,11,-6,10,-8,10,-9,12,-6,13,-3,13,-2,13,-1,11,-1,9,0,6,0,4,-1,0,-1,0,0,0,0,0,0,0,0,0,0,0,0,0,0,0,0,0,0,0,-1,1,-1,-1,2,-2,4,-3,7,-3,9,-5,11,-10,13,-14,12,-17,8,-19,7,-21,10,-22,10,-22,6,-21,4,-20,3,-19,2,-14,2,-8,2,-5,3,-3,8,-1,12,1,14,2,16,2,20,4,23,4,23"
36.515634298324585,201,"CSI,185,128,83,49,21,0,27,0,23,-3,21,-3,20,1,18,3,15,1,13,1,9,5,8,4,8,0,5,-4,1,-9,-2,-12,-2,-12,-1,-13,0,-15,0,-15,1,-16,3,-15,5,-14,6,-12,5,-9,4,-7,2,-5,0,-4,-1,-1,0,0,0,0,0,0,0,0,0,0,0,0,0,0,0,0,0,0,-1,0,-2,-1,-1,-2,1,-2,3,1,5,3,8,4,10,7,12,11,12,15,10,18,7,20,4,21,3,20,0,18,-3,18,-3,16,1,12,6,7,9,3,12,2,13,3,15,3,17,3,19,2,21,0,25,-6"
36.881240129470825,202,"CSI,115,128,77,-47,20,0,13,22,13,20,11,16,12,15,10,14,7,12,9,8,11,3,8,-1,5,-3,6,-4,7,-4,7,-5,6,-9,4,-11,7,-11,10,-13,11,-14,9,-14,7,-12,8,-10,7,-8,6,-5,4,-4,2,-4,0,-1,0,0,0,0,0,0,0,0,0,0,0,0,0,0,0,0,0,0,0,-2,0,-4,-1,-1,-2,2,-2,4,-3,7,-6,8,-10,10,-14,12,-17,12,-18,14,-19,15,-20,12,-18,8,-16,7,-15,6,-15,5,-14,5,-10,4,-6,5,1,8,7,8,10,10,12,15,12,21,11,23,11,24"
37.336403369903564,203,"CSI,217,128,83,49,21,0,19,21,18,20,16,18,13,16,12,16,11,14,11,11,14,8,13,4,9,-1,7,-5,7,-7,8,-9,7,-10,6,-11,7,-13,7,-14,7,-13,8,-11,7,-9,7,-7,8,-4,6,-3,5,-3,3,-2,0,-1,0,0,0,0,0,0,0,0,0,0,0,0,0,0,0,0,0,0,-2,-2,-4,-5,-1,-2,1,2,2,6,0,10,-4,13,-6,13,-8,13,-10,15,-12,18,-14,18,-16,16,-17,13,-17,12,-15,11,-12,7,-11,5,-7,7,-3,9,0,9,3,8,8,10,11,12,13,15,14,17,14,17"
37.61733293533325,204,"CSI,116,128,75,-79,20,0,23,-12,21,-11,21,-14,20,-15,18,-12,15,-11,15,-9,17,-6,12,-6,4,-8,0,-7,-5,-6,-9,-5,-10,-7,-12,-8,-13,-8,-13,-10,-13,-10,-13,-9,-12,-10,-9,-9,-8,-7,-7,-5,-6,-3,-5,-3,-1,-1,0,0,0,0,0,0,0,0,0,0,0,0,0,0,0,0,0,0,0,-1,1,-3,2,0,3,3,5,5,8,6,8,8,7,9,7,10,8,12,8,13,9,17,10,21,9,22,8,20,6,18,4,16,4,12,5,9,5,6,8,2,12,-1,14,-3,13,-8,16,-12,20,-15,21,-17"
38.15587615966797,205,"CSI,249,128,83,49,21,0,-29,3,-26,3,-23,3,-21,3,-18,3,-17,4,-14,4,-6,2,-5,4,-6,5,-3,4,1,7,3,10,4,12,6,13,9,13,10,12,10,12,7,12,6,11,4,11,4,11,4,9,0,7,-3,6,-1,1,0,0,0,0,0,0,0,0,0,0,0,0,0,0,0,0,0,0,0,0,0,1,-2,1,-4,0,-5,-5,-7,-8,-7,-9,-6,-11,-6,-14,-7,-14,-5,-17,-3,-23,-3,-26,-2,-25,-1,-23,1,-21,1,-19,2,-17,1,-15,0,-10,0,-7,-4,-4,-11,-2,-15,-1,-18,3,-23,8,-27,10"
38.25879716873169,206,"CSI,253,128,83,49,21,0,-21,15,-20,13,-19,13,-18,13,-17,13,-16,10,-11,8,-6,8,-3,8,-1,7,1,7,2,6,5,6,8,7,9,7,11,7,13,8,12,8,11,11,13,12,12,10,8,8,6,8,4,7,1,5,0,0,0,0,0,0,0,0,0,0,0,0,0,0,0,0,0,0,0,0,0,0,2,0,1,1,-1,0,-4,0,-8,-2,-10,-5,-13,-7,-15,-8,-16,-10,-15,-16,-14,-19,-14,-19,-13,-20,-7,-20,-6,-20,-8,-18,-8,-12,-5,-7,-3,-4,-5,-1,-7,0,-8,0,-14,3,-21,8,-23,11,-24,13"
38.77080011367798,207,"CSI,273,128,83,49,21,0,-30,-1,-27,-1,-25,-2,-24,-2,-22,-1,-20,1,-19,5,-19,6,-15,6,-8,8,-3,7,1,6,2,7,2,10,2,13,3,16,4,15,5,13,3,13,1,14,1,14,1,12,0,10,1,6,0,3,0,0,0,0,0,0,0,0,0,0,0,0,0,0,0,0,0,0,0,0,0,-1,1,-1,0,-1,-2,-2,-5,-3,-6,-3,-5,-6,-5,-11,-5,-14,-6,-18,-4,-23,-1,-26,2,-24,5,-21,6,-19,6,-17,4,-16,1,-14,1,-12,2,-10,-1,-10,-7,-10,-9,-8,-11,-3,-16,-1,-22,-1,-22,-3"
38.97404217720032,208,"CSI,281,128,83,49,21,0,11,24,13,17,16,14,14,13,11,11,11,10,8,4,3,-4,3,0,4,4,5,-1,5,-5,5,-8,6,-9,8,-10,10,-10,11,-12,11,-11,8,-12,4,-15,5,-16,6,-12,5,-7,4,-5,3,-3,0,-1,0,0,0,0,0,0,0,0,0,0,0,0,0,0,0,0,0,0,1,1,5,4,2,4,0,2,-2,0,-5,3,-9,8,-11,10,-12,9,-13,8,-16,10,-21,10,-25,7,-26,5,-24,2,-19,3,-17,3,-16,2,-13,2,-13,1,-10,3,-5,8,0,8,3,9,5,13,6,17,9,18"
39.0779812335968,209,"CSI,285,128,83,49,21,0,21,-13,18,-11,17,-14,16,-12,16,-4,14,-7,9,-7,5,1,7,-2,5,-5,1,-5,-1,-8,-5,-8,-11,-6,-12,-9,-8,-10,-8,-10,-9,-10,-9,-9,-8,-10,-7,-11,-5,-10,-7,-9,-9,-7,-8,-6,-2,-2,0,0,0,0,0,0,0,0,0,0,0,0,0,0,0,0,0,0,-1,-1,-4,-2,-2,-2,0,0,3,1,5,3,6,5,10,7,12,10,12,14,13,17,13,17,13,16,15,15,14,16,10,18,6,17,5,14,5,10,9,8,10,8,9,5,8,-1,10,-5,13,-8,16,-12,16,-12"
39.182021141052246,210,"CSI,289,128,83,49,21,0,-25,13,-24,12,-22,14,-19,14,-18,12,-16,9,-11,7,-3,7,0,7,0,5,1,3,3,3,4,3,7,4,11,6,11,7,10,5,10,3,11,3,11,4,10,6,9,7,9,6,7,3,4,1,0,-1,0,0,0,0,0,0,0,0,0,0,0,0,0,0,0,0,0,0,-1,0,-1,2,-1,1,-3,-2,-6,-6,-8,-6,-10,-6,-11,-9,-11,-12,-10,-13,-12,-17,-13,-21,-10,-20,-7,-20,-6,-20,-7,-19,-8,-16,-8,-15,-6,-12,-6,-6,-9,-3,-11,-5,-11,-3,-12,5,-16,11,-19,11,-19,10"
39.30894207954407,211,"CSI,117,128,101,80,6,0,25,7,25,8,23,5,22,3,20,1,18,-1,13,-3,8,-6,5,-5,4,-1,1,-1,1,-5,0,-8,-1,-11,-2,-13,-3,-14,-2,-13,0,-11,2,-11,1,-12,0,-12,1,-11,1,-7,1,-4,2,0,0,0,0,0,0,0,0,0,0,0,0,0,0,0,0,0,0,0,0,0,-1,0,-3,0,-2,0,2,2,4,3,3,5,3,7,4,8,6,11,4,15,2,20,2,21,2,20,-2,21,-6,23,-6,21,-5,17,-4,15,-2,12,0,11,0,10,5,7,11,4,14,3,18,3,23,4,27,5"
39.593175172805786,212,"CSI,305,128,83,49,21,0,-13,-25,-10,-25,-8,-24,-9,-21,-9,-19,-10,-16,-7,-10,-3,-5,-3,-7,-6,-7,-7,-3,-7,0,-8,1,-11,2,-13,4,-15,5,-16,4,-15,2,-14,1,-12,2,-12,1,-12,2,-12,2,-11,-1,-8,-3,-2,-1,0,0,0,0,0,0,0,0,0,0,0,0,0,0,0,0,0,0,-1,1,-2,4,-1,0,-3,-5,-5,-7,-5,-8,-5,-10,-2,-13,1,-17,3,-18,7,-20,10,-20,10,-19,12,-18,13,-17,12,-16,11,-14,10,-12,7,-9,6,-8,4,-12,-1,-13,-7,-13,-11,-16,-12,-19,-14,-21,-16,-21"
39.69255805015564,213,"CSI,309,128,83,49,21,0,-27,0,-26,1,-24,-1,-20,-1,-18,2,-19,5,-15,3,-9,1,-6,1,-6,3,-4,4,-1,5,0,7,2,9,3,9,3,11,2,13,2,13,2,11,1,11,1,12,0,12,0,11,-1,9,-3,7,-1,1,0,0,0,0,0,0,0,0,0,0,0,0,0,0,0,0,0,0,0,-1,1,-3,-1,-2,-3,-3,-5,-5,-7,-6,-8,-7,-8,-10,-7,-15,-7,-17,-6,-18,-5,-21,-2,-22,1,-22,1,-23,1,-22,1,-19,0,-15,-1,-12,-3,-9,-6,-5,-9,-4,-13,-5,-17,-4,-21,-1,-24,-1,-26,0"
39.7951762676239,214,"CSI,313,128,83,49,21,0,-25,-10,-23,-9,-23,-7,-21,-4,-18,-4,-17,-3,-14,1,-8,2,-5,2,-6,3,-3,3,1,5,1,8,1,11,4,13,6,15,6,16,4,12,2,9,3,10,6,12,6,12,3,9,2,6,3,4,1,1,0,0,0,0,0,0,0,0,0,0,0,0,0,0,0,0,0,0,0,0,-1,2,-3,0,-2,-4,-1,-7,-1,-10,1,-13,4,-16,8,-17,11,-18,13,-20,15,-19,18,-18,19,-18,18,-15,15,-14,12,-14,10,-12,7,-10,5,-9,1,-9,-4,-10,-8,-10,-12,-8,-16,-8,-18,-10,-19,-13"
39.99817705154419,215,"CSI,321,128,83,49,21,0,4,25,4,26,5,25,3,22,2,19,2,17,2,16,4,17,5,14,5,6,7,2,9,0,11,0,10,-2,11,-4,14,-4,15,-3,15,-4,14,-3,12,-2,10,0,10,0,10,0,9,0,6,-2,1,-1,0,0,0,0,0,0,0,0,0,0,0,0,0,0,0,0,0,0,-1,-2,-2,-4,-2,-1,-1,1,-1,4,-4,8,-6,11,-8,13,-9,14,-10,13,-14,12,-20,12,-21,11,-19,8,-19,5,-20,4,-19,6,-17,6,-13,3,-10,3,-7,6,-4,10,-1,11,1,12,4,15,6,19,5,23"
40.12472915649414,216,"CSI,3472,128,77,-47,20,0,-15,1,-15,1,-15,0,-16,0,-14,1,-13,1,-9,2,-2,3,0,2,-2,-1,-3,-2,-4,0,-3,2,-1,1,-1,3,-1,5,0,6,2,6,3,7,2,10,-1,10,-1,8,0,8,1,6,1,3,0,0,0,0,0,0,0,0,0,0,0,0,0,0,0,0,0,0,0,0,1,-1,3,-2,3,-2,5,-2,3,-2,1,-3,2,-4,2,-2,1,0,-3,-3,-3,-5,-2,-5,-4,-6,-6,-7,-5,-11,-1,-14,-2,-13,-3,-12,-3,-12,-2,-9,-2,-7,-3,-8,-3,-8,-3,-6,-5,-4,-7,-2,-7,0"
40.40924525260925,217,"CSI,337,128,83,49,21,0,-26,-8,-26,-9,-23,-9,-21,-8,-18,-6,-16,-5,-15,0,-15,5,-12,6,-7,4,-6,4,-6,4,-7,5,-6,9,-3,13,-4,14,-4,15,-3,17,-3,16,-3,14,-4,13,-4,12,-4,10,-4,8,-4,6,-1,1,0,0,0,0,0,0,0,0,0,0,0,0,0,0,0,0,0,0,0,1,2,4,0,2,-2,-1,-4,-3,-4,-3,-4,-5,-4,-9,-3,-14,-1,-17,-1,-18,-1,-20,-1,-22,-2,-23,0,-23,4,-20,5,-17,2,-16,0,-16,0,-14,-1,-7,-6,-5,-10,-5,-14,-3,-19,-2,-21,-3,-23,-4"
40.57721018791199,218,"CSI,119,128,77,-47,20,0,6,-27,6,-24,5,-22,3,-23,2,-23,1,-21,0,-15,1,-10,1,-10,-2,-10,-5,-6,-6,-3,-6,-2,-8,0,-12,2,-15,2,-18,3,-17,3,-16,1,-18,0,-19,1,-16,2,-14,1,-12,-1,-8,-2,-2,-1,0,0,0,0,0,0,0,0,0,0,0,0,0,0,0,0,0,0,-1,0,-3,1,-2,0,1,-1,5,-2,7,-3,7,-3,8,-1,13,0,19,1,19,3,18,5,20,6,22,7,18,8,14,10,11,13,8,11,7,5,6,1,6,-3,5,-8,4,-12,3,-13,5,-18,7,-24,6,-25"
40.61348295211792,219,"CSI,345,128,83,49,21,0,-13,-28,-15,-27,-11,-25,-8,-19,-12,-12,-14,-13,-5,-14,1,-7,-5,-1,-6,-2,-4,-3,-3,-1,-3,5,-3,11,-4,13,-6,10,-5,12,-2,16,0,20,1,18,2,13,3,12,1,11,0,8,1,7,0,2,0,0,0,0,0,0,0,0,0,0,0,0,0,0,0,0,0,0,0,-1,0,-2,-2,-2,1,-1,5,-2,5,-2,7,2,12,4,14,3,13,4,14,7,17,7,18,8,19,9,18,11,18,11,18,10,14,10,10,7,8,0,8,-7,7,-11,1,-12,-5,-14,-6,-18,-5,-22,-3,-23"
40.73537516593933,220,"CSI,120,128,77,-47,20,0,-27,-9,-25,-9,-24,-10,-22,-9,-21,-6,-21,-4,-20,1,-19,5,-14,3,-10,1,-6,4,-1,6,3,7,5,11,5,14,4,13,4,14,6,16,9,16,7,14,4,14,4,12,3,10,1,10,1,8,0,1,0,0,0,0,0,0,0,0,0,0,0,0,0,0,0,0,0,0,0,0,0,1,-2,1,-2,1,-3,-1,-4,-5,-2,-9,-1,-12,2,-15,6,-16,9,-18,11,-19,12,-17,14,-16,16,-16,16,-14,18,-14,17,-13,11,-9,7,-6,4,-7,-4,-6,-12,-6,-18,-8,-23,-8,-24,-9,-24,-10"
40.92213726043701,221,"CSI,357,128,83,49,21,0,-19,14,-18,15,-19,14,-17,13,-13,13,-12,13,-8,12,-4,7,-3,4,-3,4,-1,4,3,2,8,0,12,-1,14,-2,14,-2,15,-2,14,-1,13,0,13,0,12,0,10,0,10,2,9,1,6,-1,1,-1,0,0,0,0,0,0,0,0,0,0,0,0,0,0,0,0,0,0,1,1,4,3,-1,1,-4,1,-3,0,-4,-5,-7,-8,-10,-8,-12,-10,-13,-14,-13,-16,-11,-19,-10,-24,-9,-26,-8,-24,-6,-22,-3,-20,-3,-15,-4,-10,-5,-5,-8,-1,-10,1,-11,2,-13,5,-14,9,-17,11,-22,12"
41.02522110939026,222,"CSI,361,128,83,49,21,0,1,-31,1,-29,-1,-26,-2,-24,-1,-21,-1,-18,-5,-15,-9,-12,-9,-9,-5,-5,-4,-3,-7,-3,-10,-1,-13,2,-17,3,-18,4,-17,2,-17,-1,-16,-1,-15,-1,-12,-3,-11,-3,-11,-2,-9,-1,-6,0,-2,0,0,0,0,0,0,0,0,0,0,0,0,0,0,0,0,0,0,0,0,1,0,5,-1,2,-1,2,0,0,2,-5,2,-10,2,-13,5,-12,11,-11,16,-14,18,-15,19,-11,20,-5,17,-3,15,-2,13,-1,12,-1,11,-2,10,-3,7,-6,3,-11,-1,-14,-3,-15,-5,-19,-6,-22,-4,-24"
41.29184103012085,223,"CSI,990,128,83,49,21,0,11,-12,12,-13,13,-10,11,-8,8,-8,7,-9,4,-7,-1,-5,1,-4,4,-4,3,-4,-1,-4,-3,-2,-4,-1,-5,-2,-4,-4,-4,-4,-5,-4,-4,-5,-3,-6,-5,-6,-6,-5,-5,-5,-5,-3,-5,-1,-2,-1,0,0,0,0,0,0,0,0,0,0,0,0,0,0,0,0,0,0,0,1,-1,6,-2,5,-1,5,0,5,-1,5,0,4,3,4,2,4,2,5,4,5,6,4,7,2,9,1,11,3,9,6,8,8,8,8,9,8,10,9,8,7,5,3,3,2,2,2,2,0,5,-2,8,-3"
41.34605622291565,224,"CSI,121,128,77,-47,20,0,-10,24,-11,25,-9,24,-4,19,-1,17,0,17,0,13,2,7,3,6,2,6,1,3,1,-2,5,-4,9,-4,11,-7,10,-10,9,-11,9,-11,10,-9,10,-8,11,-8,10,-7,8,-7,6,-6,3,-3,0,-1,0,0,0,0,0,0,0,0,0,0,0,0,0,0,0,0,0,0,-1,1,0,2,0,-2,-2,-3,-5,-1,-7,0,-9,0,-12,-1,-14,-3,-16,-6,-18,-10,-20,-14,-19,-14,-18,-14,-17,-17,-15,-18,-12,-15,-9,-13,-7,-8,-7,-2,-7,0,-7,1,-8,6,-7,13,-7,17,-8,19,-8,19"
41.3978271484375,225,"CSI,994,128,83,49,21,0,-7,-11,-9,-14,-7,-14,-5,-14,-4,-14,-4,-13,-1,-12,4,-10,2,-10,-1,-9,-4,-8,-5,-6,-4,-4,-5,-3,-6,-1,-5,-1,-6,-3,-9,-3,-9,-2,-8,-2,-6,-4,-6,-7,-7,-6,-6,-5,-4,-4,-1,-1,0,0,0,0,0,0,0,0,0,0,0,0,0,0,0,0,0,0,0,-2,1,-6,2,-2,2,-1,2,-2,2,-2,2,-2,1,-2,-1,-3,-1,-5,-1,-7,0,-8,0,-8,-1,-9,-2,-12,0,-11,4,-9,6,-12,6,-14,6,-12,5,-11,4,-10,3,-8,4,-6,2,-5,-1,-5,-3,-7"
41.43695616722107,226,"CSI,377,128,83,49,21,0,-11,-25,-12,-21,-13,-19,-13,-18,-12,-18,-12,-14,-12,-12,-11,-13,-12,-8,-14,-2,-14,1,-11,4,-7,6,-4,8,-3,11,-4,13,-5,13,-6,13,-5,13,-6,14,-8,13,-8,10,-8,7,-6,4,-5,2,-2,0,0,0,0,0,0,0,0,0,0,0,0,0,0,0,0,0,0,0,0,1,1,3,0,1,-2,-2,-2,-5,1,-5,4,-6,4,-9,6,-11,11,-12,15,-13,18,-11,19,-9,20,-8,20,-6,19,-3,17,-4,14,-4,8,-5,4,-7,2,-8,-3,-6,-10,-8,-13,-14,-14,-20,-16,-23,-19,-24"
41.467124938964844,227,"CSI,122,128,77,-47,20,0,24,18,23,15,20,12,17,10,17,8,17,6,12,4,7,4,8,3,10,1,9,-3,5,-7,2,-10,0,-10,-1,-11,-1,-15,-2,-15,-2,-14,-1,-15,-2,-16,-1,-14,1,-12,0,-11,-1,-11,1,-11,0,-3,0,0,0,0,0,0,0,0,0,0,0,0,0,0,0,0,0,0,-1,-2,-1,-5,1,-2,1,2,1,3,2,3,-1,6,-8,9,-11,10,-10,9,-11,13,-15,20,-19,18,-21,15,-20,12,-19,9,-18,7,-16,3,-12,3,-8,6,-7,7,-1,9,7,12,13,13,16,14,17,18,18,20"
41.55808711051941,228,"CSI,123,128,77,-47,20,0,-15,-23,-13,-22,-10,-20,-10,-19,-13,-17,-14,-14,-12,-14,-11,-18,-11,-14,-10,-7,-8,-3,-7,1,-9,4,-11,5,-11,8,-10,11,-8,11,-8,9,-10,7,-13,6,-12,6,-11,4,-11,3,-9,2,-7,-1,-2,-1,0,0,0,0,0,0,0,0,0,0,0,0,0,0,0,0,0,0,0,1,0,4,-1,3,-1,0,1,-4,2,-7,2,-8,4,-10,7,-14,8,-17,12,-18,15,-20,17,-19,19,-15,19,-12,17,-10,16,-9,11,-8,5,-8,4,-7,4,-8,1,-11,-2,-12,-6,-13,-11,-17,-13,-20,-15,-20"
41.740440130233765,229,"CSI,389,128,83,49,21,0,11,-27,11,-27,9,-24,7,-20,5,-19,4,-19,2,-18,-3,-15,-4,-11,-3,-8,-3,-6,-4,-4,-7,-2,-9,0,-11,0,-14,0,-16,0,-16,0,-14,-2,-13,-5,-12,-6,-11,-5,-11,-4,-10,-5,-7,-5,-2,-2,0,0,0,0,0,0,0,0,0,0,0,0,0,0,0,0,0,0,-2,0,-4,1,-1,-2,1,-5,1,-5,3,-3,6,-2,8,-2,11,-1,16,0,18,-2,20,-1,20,3,17,6,16,8,17,11,15,10,12,8,11,5,10,2,9,-2,7,-6,6,-9,6,-13,5,-20,5,-24,7,-26"
42.317793130874634,230,"CSI,1030,128,83,49,21,0,-2,-15,-2,-19,-1,-19,0,-18,0,-15,2,-12,0,-10,-5,-7,-3,-6,0,-6,-2,-6,-4,-4,-4,-2,-5,-2,-7,-2,-8,-2,-9,-1,-8,-1,-6,-2,-7,-4,-8,-4,-6,-2,-6,-1,-5,-1,-3,-2,-1,-1,0,0,0,0,0,0,0,0,0,0,0,0,0,0,0,0,0,0,1,0,3,4,2,5,-1,6,-2,5,-1,3,0,3,2,2,3,1,1,1,1,-1,3,-2,6,-2,7,-3,9,-4,12,-3,12,-2,11,-1,11,-1,10,0,9,-1,10,-2,9,-2,3,-1,1,-4,1,-5,-1,-5"
42.35343790054321,231,"CSI,412,128,83,49,21,0,-18,18,-19,17,-18,15,-14,14,-12,14,-10,14,-10,14,-11,15,-5,14,-1,13,1,9,4,6,6,6,9,8,11,7,13,7,12,7,10,8,11,6,11,4,9,3,7,4,5,5,6,5,8,4,2,1,0,0,0,0,0,0,0,0,0,0,0,0,0,0,0,0,0,0,0,-1,2,-2,1,-1,-2,1,-6,2,-8,2,-10,2,-13,1,-16,-2,-17,-6,-19,-9,-20,-12,-20,-13,-19,-12,-18,-13,-15,-15,-11,-14,-8,-11,-8,-6,-9,-4,-10,-4,-9,0,-9,5,-10,10,-13,16,-16,19,-18,20"
42.41979908943176,232,"CSI,1033,128,83,49,21,0,-1,-16,1,-14,2,-14,2,-13,0,-14,-1,-15,0,-10,-1,-4,0,-3,3,-5,4,-6,2,-8,0,-7,-3,-3,-7,-1,-8,-1,-5,-1,-5,-1,-5,-4,-5,-5,-7,-7,-6,-7,-5,-6,-4,-4,-2,-4,-1,-2,0,0,0,0,0,0,0,0,0,0,0,0,0,0,0,0,0,0,1,0,3,3,2,2,1,1,1,1,2,1,3,1,3,0,3,0,3,0,2,-3,3,-4,4,-2,6,-2,9,-3,10,-3,8,-4,9,-4,10,-2,8,-2,8,-3,9,-3,9,-3,6,-6,4,-9,2,-9,2,-11"
42.44746923446655,233,"CSI,3475,128,75,-79,20,0,11,-2,15,-2,17,-1,14,0,11,0,10,0,6,-1,2,-1,1,3,2,6,2,4,2,1,2,-2,2,-4,3,-5,4,-6,3,-5,7,-4,10,-4,11,-5,9,-4,6,-3,5,-4,5,-5,5,-2,1,0,0,0,0,0,0,0,0,0,0,0,0,0,0,0,0,0,0,0,0,0,2,1,2,3,1,4,2,5,3,6,3,4,1,2,0,2,-1,3,0,2,2,2,4,3,4,5,5,6,9,7,12,6,10,7,7,7,5,7,4,8,5,7,4,5,4,4,4,3,7,0,10,-4"
42.47794723510742,234,"CSI,124,128,75,-79,20,0,23,11,24,11,21,10,19,9,19,8,17,7,14,3,10,-3,7,-4,4,-2,4,-2,5,-4,6,-7,6,-10,4,-12,2,-15,3,-16,2,-15,1,-15,1,-14,2,-12,3,-12,3,-12,3,-10,3,-9,0,-2,0,0,0,0,0,0,0,0,0,0,0,0,0,0,0,0,0,0,-1,-1,-1,-2,1,-1,3,1,2,3,0,5,0,9,2,12,3,16,0,18,-2,17,-4,19,-6,22,-8,22,-10,18,-10,15,-9,16,-9,13,-7,8,-3,5,2,6,5,7,9,7,13,6,15,5,19,5,23,7"
42.505956172943115,235,"CSI,125,128,75,-79,20,0,9,29,7,26,5,23,4,21,6,18,7,16,8,16,12,14,9,8,6,4,7,1,7,-2,11,-5,15,-7,14,-6,12,-6,11,-6,10,-5,10,-5,11,-6,10,-6,8,-7,8,-6,8,-3,8,-2,2,-1,0,0,0,0,0,0,0,0,0,0,0,0,0,0,0,0,0,0,0,-2,1,-5,-1,-3,-1,0,-2,4,-2,7,-2,9,-6,11,-10,12,-11,13,-12,13,-17,12,-21,10,-22,9,-19,8,-17,7,-17,6,-15,4,-13,3,-8,5,-2,7,2,8,2,9,3,11,6,16,7,19,8,21"
42.53917908668518,236,"CSI,417,128,83,49,21,0,-7,-30,-7,-28,-6,-26,-4,-24,-5,-19,-8,-17,-9,-15,-8,-9,-5,-7,-5,-6,-7,-1,-9,1,-10,1,-11,3,-12,7,-14,9,-14,7,-13,5,-14,3,-15,1,-13,1,-11,1,-10,2,-8,3,-7,2,-2,0,0,0,0,0,0,0,0,0,0,0,0,0,0,0,0,0,0,0,0,0,0,1,0,0,0,-1,3,-3,7,-6,8,-5,8,-4,13,-7,17,-9,18,-7,22,-4,25,-3,25,-4,23,-3,20,1,15,1,12,-1,9,-1,8,-2,4,-4,0,-6,-2,-9,-4,-13,-6,-21,-8,-25,-8,-25"
42.57027816772461,237,"CSI,421,128,83,49,21,0,-16,29,-15,27,-13,23,-10,20,-7,18,-5,17,-4,17,-1,17,2,13,3,7,5,5,5,4,4,3,10,0,16,-4,16,-3,14,0,12,-1,10,-1,9,-1,11,-3,12,-3,11,-2,9,0,8,2,1,0,0,0,0,0,0,0,0,0,0,0,0,0,0,0,0,0,0,0,0,-1,1,-1,1,0,-1,-1,-4,0,-8,3,-11,3,-12,0,-13,-3,-16,-5,-19,-8,-21,-11,-23,-11,-23,-14,-21,-17,-18,-18,-15,-16,-12,-12,-10,-6,-9,-3,-8,0,-7,4,-5,8,-3,11,-5,15,-9,19,-11,23"
43.17255115509033,238,"CSI,445,128,83,49,21,0,19,19,17,20,15,20,15,16,16,11,14,10,14,8,16,4,13,2,10,0,7,-2,6,-3,9,-4,10,-5,10,-7,8,-7,8,-7,11,-8,13,-7,11,-6,9,-6,9,-6,8,-6,9,-5,8,-1,2,0,0,0,0,0,0,0,0,0,0,0,0,0,0,0,0,0,0,0,0,-1,-1,-2,-2,-1,-1,0,1,1,3,4,1,8,-2,10,-3,12,-6,16,-7,19,-8,21,-7,19,-7,16,-10,15,-12,16,-11,15,-8,12,-6,10,-6,10,-2,8,1,9,4,11,8,11,14,11,17,13,14,14"
43.380866050720215,239,"CSI,453,128,83,49,21,0,-27,-11,-25,-10,-22,-11,-20,-11,-17,-8,-14,-7,-13,-6,-15,-3,-14,2,-11,3,-8,4,-8,4,-9,5,-9,9,-9,9,-12,7,-14,7,-13,7,-13,7,-12,8,-13,7,-13,6,-11,5,-8,5,-7,3,-2,0,0,0,0,0,0,0,0,0,0,0,0,0,0,0,0,0,0,0,1,-1,2,0,-1,0,-4,0,-6,-1,-7,-2,-7,-4,-9,-8,-9,-11,-9,-14,-8,-18,-8,-19,-7,-20,-6,-22,-4,-20,-2,-18,-2,-17,-1,-17,1,-12,-2,-10,-6,-9,-7,-7,-10,-6,-15,-5,-21,-4,-23,-6,-22,-10"
43.582173347473145,240,"CSI,461,128,83,49,21,0,23,15,21,15,20,12,20,10,18,8,16,4,12,0,5,-2,5,-1,8,-2,8,-5,8,-5,6,-6,2,-9,0,-10,1,-12,1,-15,2,-15,3,-14,4,-16,4,-14,3,-13,1,-13,2,-9,3,-6,1,-2,0,0,0,0,0,0,0,0,0,0,0,0,0,0,0,0,0,0,0,-1,2,-2,1,0,0,3,0,4,-1,7,-2,13,-3,14,-3,13,-3,14,-4,17,-7,21,-10,21,-10,20,-10,18,-10,15,-10,13,-10,10,-8,8,-6,9,-3,8,3,6,10,6,14,7,17,8,21,11,22,13"
43.6868212223053,241,"CSI,465,128,83,49,21,0,-26,13,-21,11,-16,11,-12,11,-12,10,-12,8,-7,2,-1,-4,-4,1,-6,8,-2,7,0,5,-1,8,0,11,7,9,14,8,16,10,13,11,11,11,11,9,10,6,8,5,6,6,4,8,2,8,0,2,0,0,0,0,0,0,0,0,0,0,0,0,0,0,0,0,0,0,0,0,0,0,-2,0,-1,2,-2,2,-6,-4,-8,-8,-11,-7,-13,-8,-15,-13,-17,-17,-14,-18,-12,-19,-12,-21,-11,-20,-10,-17,-9,-17,-6,-16,-5,-13,-9,-10,-12,-5,-9,0,-8,3,-10,6,-15,12,-16,13,-15,12"
44.198437213897705,242,"CSI,485,128,83,49,21,0,30,-10,26,-11,22,-7,17,-6,16,-7,17,-6,16,-9,12,-13,7,-15,5,-12,3,-11,2,-10,1,-8,2,-10,1,-12,0,-14,0,-15,1,-14,2,-12,2,-13,2,-13,3,-12,4,-12,3,-11,1,-9,0,-2,0,0,0,0,0,0,0,0,0,0,0,0,0,0,0,0,0,0,-1,0,-2,-1,-2,-1,-1,-2,2,-4,5,-5,8,-4,11,-2,14,-2,16,-2,19,-2,22,1,25,6,24,10,21,12,19,13,16,13,14,11,11,7,7,4,7,0,10,-5,14,-10,18,-15,21,-18,22,-17,24,-14"
44.34256315231323,243,"CSI,126,128,75,-79,20,0,-14,-27,-12,-25,-13,-22,-14,-20,-13,-18,-11,-16,-13,-14,-17,-11,-14,-9,-10,-6,-10,-2,-9,0,-8,0,-10,1,-11,3,-12,4,-10,6,-11,9,-14,7,-16,5,-15,3,-14,1,-14,1,-12,1,-8,0,-2,-1,0,0,0,0,0,0,0,0,0,0,0,0,0,0,0,0,0,0,0,1,0,3,-2,1,-1,-2,0,-6,-1,-9,0,-12,3,-15,5,-17,8,-17,10,-17,12,-15,15,-15,17,-14,17,-12,16,-10,13,-10,10,-11,8,-10,6,-9,3,-7,-2,-8,-7,-12,-11,-17,-14,-21,-16,-22,-17,-24"
44.50518608093262,244,"CSI,497,128,83,49,21,0,-20,25,-19,21,-15,21,-13,19,-13,17,-11,16,-13,15,-14,14,-9,13,-2,12,0,11,2,8,6,4,8,4,10,8,12,9,12,10,11,10,10,8,9,8,8,9,7,8,6,4,5,3,4,2,0,0,0,0,0,0,0,0,0,0,0,0,0,0,0,0,0,0,0,0,0,-1,1,-2,1,-1,-1,0,-3,1,-7,2,-10,3,-12,3,-14,1,-16,1,-20,-1,-25,-4,-24,-6,-20,-7,-20,-9,-20,-10,-16,-9,-10,-8,-10,-8,-11,-7,-9,-2,-7,4,-10,7,-13,9,-13,15,-13,22,-15,27"
44.59884715080261,245,"CSI,128,128,77,-47,20,0,21,-17,22,-16,19,-15,15,-15,12,-15,12,-15,13,-15,13,-14,8,-12,2,-11,-1,-11,-2,-11,-4,-11,-9,-11,-14,-12,-14,-11,-15,-9,-16,-8,-14,-8,-12,-9,-10,-11,-11,-10,-11,-8,-8,-7,-5,-8,-2,-3,0,0,0,0,0,0,0,0,0,0,0,0,0,0,0,0,0,0,-2,-1,-6,-3,-3,-4,1,-3,3,0,4,1,6,2,8,5,11,7,14,9,17,12,18,14,17,15,14,17,11,16,10,14,9,13,7,12,5,10,4,8,4,6,5,2,8,-2,12,-8,16,-13,18,-15,19,-14"
44.627833127975464,246,"CSI,501,128,83,49,21,0,17,26,16,27,14,22,12,17,13,14,13,11,10,8,7,7,9,7,11,4,11,-2,11,-5,10,-5,8,-7,6,-12,8,-13,9,-13,9,-14,9,-14,8,-13,6,-13,7,-11,8,-9,8,-8,4,-10,0,-3,0,0,0,0,0,0,0,0,0,0,0,0,0,0,0,0,0,0,0,-1,0,-3,-1,-2,-1,-1,-1,3,-3,6,-6,8,-8,8,-9,8,-11,11,-15,16,-18,17,-19,14,-19,10,-18,9,-18,10,-17,8,-14,6,-9,3,-7,2,-6,4,-3,6,2,9,8,11,12,13,13,20,14,25"
44.707396268844604,247,"CSI,505,128,83,49,21,0,-6,31,-5,26,-5,22,-5,21,-1,22,1,19,2,15,5,14,7,14,7,11,6,7,7,4,8,5,8,5,10,2,12,1,13,3,13,4,14,4,13,4,11,6,11,8,10,8,7,8,6,7,1,1,0,0,0,0,0,0,0,0,0,0,0,0,0,0,0,0,0,0,0,-2,1,-5,1,-1,1,2,3,4,2,6,-1,10,-3,12,-5,12,-10,13,-16,14,-19,15,-19,13,-19,8,-19,5,-18,5,-16,4,-14,2,-12,2,-9,2,-6,4,-3,7,0,11,2,16,3,20,5,25,6,28"
44.91298007965088,248,"CSI,513,128,83,49,21,0,28,11,28,10,25,10,21,10,19,9,18,7,16,4,12,-2,9,-5,7,-4,6,-5,7,-7,6,-9,3,-9,1,-11,1,-17,1,-19,0,-16,0,-16,1,-16,1,-15,1,-13,1,-11,4,-9,7,-8,2,-2,0,0,0,0,0,0,0,0,0,0,0,0,0,0,0,0,0,0,0,-2,1,-4,1,-3,2,-1,3,3,4,6,4,8,4,10,1,13,-1,16,-2,19,-3,21,-6,20,-8,20,-7,21,-10,21,-10,20,-9,17,-6,12,-2,9,1,7,4,7,7,6,10,6,15,7,20,10,23,11"
45.01838517189026,249,"CSI,517,128,83,49,21,0,24,-20,24,-17,25,-14,22,-16,17,-18,13,-17,11,-13,8,-6,7,-5,6,-8,2,-9,-2,-10,-6,-10,-10,-8,-13,-8,-15,-9,-15,-11,-15,-10,-15,-10,-14,-11,-13,-10,-12,-10,-9,-8,-6,-5,-6,-3,-2,-1,0,0,0,0,0,0,0,0,0,0,0,0,0,0,0,0,0,0,-1,-1,-3,-3,-2,-2,1,-2,4,-1,5,0,6,3,7,6,8,10,8,12,9,12,11,15,11,20,10,22,9,22,7,21,5,18,4,16,5,14,8,11,8,6,8,1,11,-4,14,-8,17,-11,23,-14,29,-12"
45.121084213256836,250,"CSI,521,128,83,49,21,0,-30,13,-24,10,-22,8,-23,9,-19,12,-16,11,-14,11,-8,14,-6,12,-7,9,-5,7,0,6,4,8,6,11,7,11,8,10,10,10,9,11,8,12,8,13,8,12,7,10,5,11,3,11,2,9,0,1,0,0,0,0,0,0,0,0,0,0,0,0,0,0,0,0,0,0,1,-1,6,-1,2,0,-2,0,-5,-1,-7,-2,-9,-2,-12,-4,-14,-6,-15,-9,-19,-10,-20,-11,-18,-14,-16,-16,-16,-17,-14,-18,-13,-18,-12,-15,-10,-13,-10,-7,-11,-3,-10,0,-11,2,-15,5,-19,9,-21,13,-21,11"
45.22339200973511,251,"CSI,525,128,83,49,21,0,-30,0,-31,1,-30,-1,-25,-1,-21,0,-20,-2,-18,-1,-11,7,-7,7,-7,3,-6,2,-4,3,-2,5,1,10,3,13,0,15,-1,14,-1,13,-3,15,-4,15,-3,14,-3,12,-3,9,-3,8,-4,9,-1,2,0,0,0,0,0,0,0,0,0,0,0,0,0,0,0,0,0,0,1,1,5,3,1,0,-2,-1,-4,-1,-7,-2,-11,-4,-13,-7,-13,-8,-14,-11,-14,-15,-17,-18,-16,-20,-12,-22,-8,-22,-5,-23,-6,-23,-6,-17,-5,-12,-5,-10,-7,-7,-10,-4,-14,0,-17,2,-21,2,-24,1,-23,1"
45.32454705238342,252,"CSI,529,128,83,49,21,0,31,-12,28,-10,23,-9,21,-10,20,-9,18,-9,16,-6,13,-1,9,-2,6,-6,2,-7,0,-7,-2,-10,-3,-11,-5,-12,-6,-14,-6,-16,-6,-16,-7,-15,-5,-13,-4,-14,-3,-13,-2,-9,-2,-7,-3,-7,-1,-2,0,0,0,0,0,0,0,0,0,0,0,0,0,0,0,0,0,0,-2,0,-6,2,-5,1,-1,-1,3,0,7,1,9,3,11,5,12,5,14,7,17,11,17,14,16,17,14,19,12,19,10,18,8,17,7,15,6,12,7,8,9,4,11,2,13,-1,15,-5,19,-9,23,-14,24,-17"
45.529983043670654,253,"CSI,537,128,83,49,21,0,27,-18,25,-17,22,-15,21,-12,18,-9,13,-7,10,-10,8,-17,6,-18,4,-15,1,-13,-3,-11,-5,-11,-4,-15,-5,-16,-7,-15,-7,-14,-6,-14,-5,-14,-4,-14,-3,-13,-2,-12,-2,-9,-1,-8,0,-9,0,-3,0,0,0,0,0,0,0,0,0,0,0,0,0,0,0,0,0,0,-1,0,-3,0,-2,1,0,0,0,-2,3,-3,6,-3,8,-1,10,-2,14,-3,19,1,19,5,19,6,19,7,18,9,16,12,15,13,15,10,11,6,9,2,10,-2,10,-4,9,-7,10,-12,13,-17,16,-21,20,-23"
45.63377118110657,254,"CSI,541,128,83,49,21,0,-19,-25,-17,-24,-13,-19,-12,-15,-13,-13,-12,-11,-12,-14,-11,-16,-8,-12,-8,-4,-8,1,-9,5,-8,6,-8,7,-9,11,-9,13,-8,13,-7,13,-8,12,-10,11,-9,8,-7,7,-7,8,-5,7,-2,7,-1,1,0,0,0,0,0,0,0,0,0,0,0,0,0,0,0,0,0,0,-1,0,-1,1,-1,1,0,-3,1,-7,3,-9,4,-11,5,-11,7,-10,10,-11,13,-14,15,-16,15,-14,19,-13,21,-15,20,-13,18,-9,16,-8,14,-8,9,-8,3,-9,-2,-10,-6,-11,-9,-13,-11,-15,-14,-19,-16,-23"
45.73330616950989,255,"CSI,545,128,83,49,21,0,-31,-13,-29,-12,-26,-10,-22,-6,-19,3,-19,1,-15,-8,-5,-8,-2,3,-6,11,-7,10,-3,8,3,8,5,11,5,12,10,12,13,10,11,7,7,7,7,7,9,9,9,11,8,7,7,3,5,3,0,1,0,0,0,0,0,0,0,0,0,0,0,0,0,0,0,0,0,0,-2,1,-7,3,-4,-1,-2,-1,1,-2,4,-5,4,-2,8,-2,14,-5,15,-6,16,-3,19,-1,23,-4,24,-7,23,-6,21,-5,18,-6,15,-7,12,-7,9,-8,6,-6,3,-4,0,-6,-6,-9,-14,-12,-19,-14,-25,-14"
46.14469623565674,256,"CSI,561,128,83,49,21,0,-28,-13,-26,-13,-22,-9,-21,-7,-19,-6,-16,-4,-17,-1,-19,2,-15,4,-9,5,-7,6,-5,6,-4,6,-5,8,-4,10,-2,12,-2,14,-3,14,-2,12,-2,10,-3,9,-5,9,-4,10,-4,9,-4,6,-1,1,0,0,0,0,0,0,0,0,0,0,0,0,0,0,0,0,0,0,0,0,2,0,1,-1,-1,-1,-3,-2,-3,-7,-3,-9,-3,-10,-4,-14,-4,-17,-3,-20,-2,-25,-1,-27,1,-22,3,-18,4,-18,5,-16,2,-13,-1,-10,-4,-8,-6,-5,-7,-4,-10,-4,-16,-3,-22,-4,-26,-8,-29,-8"
46.41285300254822,257,"CSI,129,128,75,-79,20,0,25,-17,22,-16,18,-13,16,-11,16,-13,13,-12,13,-9,15,-9,9,-12,3,-11,0,-7,-3,-7,-5,-9,-5,-12,-6,-13,-8,-12,-7,-13,-7,-13,-6,-12,-5,-12,-6,-11,-6,-10,-4,-10,-3,-10,-4,-8,-2,-2,0,0,0,0,0,0,0,0,0,0,0,0,0,0,0,0,0,0,-2,0,-4,-1,-1,-1,2,-1,6,-1,8,-1,10,-1,12,-1,14,1,16,5,16,8,16,9,17,13,16,14,14,14,13,13,12,12,9,11,9,8,9,3,8,0,8,-4,9,-5,10,-8,12,-13,18,-17,22,-19"
46.65605807304382,258,"CSI,581,128,83,49,21,0,-9,27,-8,23,-7,19,-3,18,-1,20,-1,21,-2,15,-1,8,0,8,1,7,2,4,5,4,7,2,10,-3,14,-5,16,-4,16,-5,15,-5,15,-2,14,0,13,-2,13,-6,12,-5,10,-2,6,-2,1,-1,0,0,0,0,0,0,0,0,0,0,0,0,0,0,0,0,0,0,0,-2,1,-4,1,-3,-1,-1,-4,-1,-5,0,-6,0,-10,2,-13,3,-15,-1,-18,-6,-21,-10,-24,-11,-23,-10,-19,-13,-16,-14,-14,-12,-12,-10,-7,-7,-7,-1,-9,3,-7,8,-5,12,-7,15,-7,19,-7,21,-9,21"
47.16363596916199,259,"CSI,600,128,83,49,21,0,24,9,23,7,21,6,20,7,20,5,18,4,17,2,18,-3,13,-2,8,-2,6,-4,3,-5,2,-7,1,-10,2,-12,2,-15,0,-18,0,-18,3,-17,4,-16,5,-16,6,-15,6,-12,5,-8,3,-6,0,-2,0,0,0,0,0,0,0,0,0,0,0,0,0,0,0,0,0,0,-1,0,-2,-1,-1,-1,1,0,2,2,4,2,5,4,6,8,4,12,0,15,-2,19,0,23,-2,23,-4,22,-7,20,-10,17,-10,15,-8,13,-5,10,-3,6,0,4,4,5,8,5,9,3,13,2,20,2,27,3"
47.37169814109802,260,"CSI,609,128,83,49,21,0,-27,9,-28,7,-26,8,-23,8,-18,7,-13,7,-12,8,-15,10,-11,10,-4,9,0,7,4,7,4,8,5,7,9,7,11,8,10,8,11,7,12,6,12,7,10,8,9,9,8,9,7,7,6,4,1,0,0,0,0,0,0,0,0,0,0,0,0,0,0,0,0,0,0,0,-1,0,0,1,0,0,-3,1,-6,-1,-7,-6,-6,-8,-6,-9,-6,-11,-8,-14,-10,-19,-11,-22,-8,-25,-5,-25,-2,-22,0,-20,-1,-19,-1,-16,0,-13,-2,-11,-3,-7,-5,-4,-9,-2,-15,3,-20,10,-21,12,-20,9"
47.57631325721741,261,"CSI,617,128,83,49,21,0,8,-31,7,-28,6,-26,4,-22,2,-20,0,-20,0,-15,4,-9,2,-6,-4,-6,-6,-5,-8,-4,-12,-4,-13,-1,-13,2,-15,3,-19,2,-20,1,-17,1,-15,1,-15,1,-13,0,-11,-2,-9,-2,-6,-2,-1,-1,0,0,0,0,0,0,0,0,0,0,0,0,0,0,0,0,0,0,0,0,0,1,-1,0,0,-1,3,-5,5,-7,8,-6,11,-6,14,-7,16,-6,19,-4,23,-1,23,2,22,4,21,5,19,6,16,7,14,5,11,4,8,2,6,-3,6,-10,4,-14,4,-16,5,-21,4,-26,6,-27"
47.67892813682556,262,"CSI,621,128,83,49,21,0,-1,28,-3,26,-3,23,-2,24,-1,23,3,18,6,12,8,8,7,6,6,4,7,2,8,0,10,-3,11,-4,12,-4,13,-5,14,-7,14,-7,15,-7,14,-5,12,-5,10,-5,8,-3,8,-2,6,-5,1,-2,0,0,0,0,0,0,0,0,0,0,0,0,0,0,0,0,0,0,0,-1,2,-1,1,1,-1,2,-2,2,-4,2,-7,2,-13,2,-17,5,-20,4,-23,1,-23,-2,-23,-4,-23,-5,-21,-6,-20,-8,-18,-9,-18,-7,-16,-3,-11,-1,-7,0,-4,3,-2,7,-1,11,-1,16,-2,22,-4,26"
47.782772064208984,263,"CSI,625,128,83,49,21,0,-17,24,-16,23,-14,20,-12,20,-8,19,-7,15,-4,12,1,12,2,8,2,5,3,4,6,1,11,0,13,1,13,0,13,-1,14,-2,15,-2,16,0,14,2,11,2,10,1,10,0,8,1,4,2,0,0,0,0,0,0,0,0,0,0,0,0,0,0,0,0,0,0,0,0,1,-1,3,-2,-1,0,-2,0,-3,-1,-6,-2,-9,-1,-12,0,-16,-2,-21,-7,-24,-11,-22,-14,-20,-15,-18,-17,-18,-16,-17,-17,-15,-20,-12,-16,-9,-9,-8,-3,-8,2,-11,5,-11,7,-10,12,-11,17,-10,20,-8,22"
47.98718619346619,264,"CSI,633,128,83,49,21,0,18,-24,17,-25,14,-25,12,-22,10,-18,8,-17,1,-12,-6,-5,-2,-3,3,-6,0,-9,-4,-9,-7,-6,-7,-5,-9,-7,-12,-11,-13,-12,-12,-12,-12,-11,-11,-11,-9,-11,-6,-11,-5,-10,-3,-9,1,-8,1,-2,0,0,0,0,0,0,0,0,0,0,0,0,0,0,0,0,0,0,-2,1,-7,4,-3,2,2,0,5,-2,6,-6,9,-8,13,-7,17,-6,18,-5,19,-4,23,-1,28,1,30,0,26,3,19,8,17,8,16,4,14,3,12,4,8,1,5,-5,6,-11,6,-15,5,-17,7,-19,9,-18"
48.10240411758423,265,"CSI,130,128,77,-47,20,0,-29,15,-26,13,-22,10,-18,10,-16,13,-14,12,-13,10,-15,8,-12,7,-6,6,0,6,4,8,6,8,6,6,7,6,10,6,13,8,14,8,12,8,12,8,12,9,9,9,7,7,5,4,3,1,0,0,0,0,0,0,0,0,0,0,0,0,0,0,0,0,0,0,0,0,0,0,3,0,3,-1,1,-3,-3,-6,-5,-8,-5,-8,-5,-9,-4,-12,-4,-15,-7,-18,-8,-22,-6,-24,-6,-24,-6,-24,-3,-23,-4,-23,-6,-22,-4,-16,-3,-10,-6,-9,-8,-6,-8,0,-11,3,-17,6,-24,10,-31,10"
48.13367509841919,266,"CSI,131,128,77,-47,20,0,-27,12,-27,11,-24,8,-20,7,-19,8,-18,9,-13,7,-9,3,-7,4,-4,6,-1,7,1,8,4,9,6,10,6,11,7,12,7,13,9,13,9,14,7,14,6,12,4,11,2,10,1,9,0,8,-1,2,0,0,0,0,0,0,0,0,0,0,0,0,0,0,0,0,0,0,0,-1,3,-3,0,-2,-5,-2,-6,-4,-5,-6,-7,-5,-11,-6,-13,-9,-15,-11,-15,-14,-14,-20,-11,-25,-10,-24,-11,-20,-10,-17,-10,-17,-8,-17,-6,-17,-6,-14,-9,-8,-9,0,-9,4,-13,5,-18,9,-23,16,-27,17"
48.29127812385559,267,"CSI,645,128,83,49,21,0,30,3,29,3,28,5,26,3,22,0,18,1,13,0,8,-3,6,-1,6,1,7,-3,7,-5,5,-7,4,-11,4,-17,6,-17,7,-14,7,-12,8,-12,10,-12,11,-10,9,-9,7,-7,7,-6,6,-6,1,-2,0,0,0,0,0,0,0,0,0,0,0,0,0,0,0,0,0,0,-1,0,-2,2,0,1,0,-1,2,-1,6,1,8,3,10,4,13,4,15,7,16,12,17,17,15,20,12,21,11,21,10,19,7,18,6,16,4,11,3,8,7,6,10,4,10,2,12,2,16,2,22,-1,26,-2"
48.395655155181885,268,"CSI,649,128,83,49,21,0,8,24,11,22,15,20,16,19,14,17,11,15,6,12,0,10,3,9,8,5,9,1,7,-3,7,-7,9,-8,10,-10,9,-11,10,-9,12,-10,11,-10,10,-11,11,-11,10,-9,9,-6,8,-3,7,-3,1,-1,0,0,0,0,0,0,0,0,0,0,0,0,0,0,0,0,0,0,-1,-1,-2,-1,0,1,0,2,-3,2,-5,6,-6,10,-8,13,-9,13,-12,13,-17,15,-19,15,-18,12,-19,9,-22,8,-22,8,-21,7,-17,5,-13,3,-11,6,-6,8,0,9,3,11,6,13,10,15,10,18,7,23"
48.57274603843689,269,"CSI,132,128,75,-79,20,0,-24,-19,-22,-18,-20,-18,-21,-16,-20,-13,-16,-12,-13,-11,-9,-9,-9,-6,-12,-3,-13,1,-11,4,-8,8,-8,9,-8,8,-8,10,-9,12,-11,12,-12,12,-12,11,-12,10,-11,9,-11,8,-8,6,-3,6,0,1,0,0,0,0,0,0,0,0,0,0,0,0,0,0,0,0,0,0,0,0,1,2,0,-1,-2,-4,-3,-6,-4,-8,-4,-13,-4,-17,-3,-18,1,-18,2,-19,3,-21,6,-23,10,-23,12,-22,12,-19,9,-16,7,-14,7,-10,3,-9,-2,-9,-5,-10,-9,-10,-14,-8,-17,-9,-20,-14,-23,-19"
48.60238814353943,270,"CSI,657,128,83,49,21,0,21,16,21,17,19,15,17,11,16,7,18,6,20,10,18,11,11,4,6,-2,3,-5,4,-7,8,-9,7,-8,6,-8,9,-11,7,-13,6,-14,8,-16,8,-16,5,-14,5,-11,6,-7,5,-6,2,-6,0,-2,0,0,0,0,0,0,0,0,0,0,0,0,0,0,0,0,0,0,-1,-2,-2,-3,-4,1,-3,4,-1,5,0,7,1,9,1,9,0,13,-1,19,-4,22,-9,23,-10,21,-12,19,-14,17,-12,17,-11,18,-11,14,-9,11,-6,10,-2,8,4,8,7,8,12,7,17,10,19,15,19,17"
48.70288324356079,271,"CSI,661,128,83,49,21,0,-6,30,-7,29,-8,27,-8,24,-7,23,-3,19,-3,13,-3,9,-3,8,-2,8,1,8,6,6,11,3,14,0,13,-1,13,-1,15,-2,17,-2,16,-1,12,1,11,2,12,2,9,3,6,3,6,3,1,0,0,0,0,0,0,0,0,0,0,0,0,0,0,0,0,0,0,0,0,-1,1,-2,-1,0,-4,0,-5,2,-7,6,-10,7,-12,7,-15,5,-19,1,-22,0,-24,-1,-24,-5,-25,-7,-25,-7,-22,-5,-20,-5,-18,-5,-14,-3,-10,0,-8,4,-6,10,-6,13,-6,15,-6,21,-7,26,-8,27"
48.90899109840393,272,"CSI,669,128,83,49,21,0,-25,20,-22,17,-20,14,-21,13,-17,13,-13,13,-10,13,-6,16,-3,13,-2,9,2,8,4,7,4,7,5,8,8,9,11,9,12,9,10,10,8,12,8,11,7,11,5,10,3,8,3,8,3,9,0,2,0,0,0,0,0,0,0,0,0,0,0,0,0,0,0,0,0,0,0,-1,0,-1,-2,-1,-5,2,-7,2,-8,0,-10,2,-13,3,-16,-2,-19,-6,-22,-8,-23,-10,-21,-11,-18,-11,-17,-12,-15,-12,-12,-12,-9,-11,-8,-7,-9,-3,-12,0,-14,3,-14,8,-14,13,-15,17,-17,19,-19,19"
48.978408336639404,273,"CSI,134,128,77,-47,20,0,-1,29,-1,27,0,26,1,24,2,21,2,20,1,19,-2,17,1,13,6,7,9,3,9,0,9,-1,13,-3,15,-4,15,-5,17,-5,18,-5,17,-5,17,-5,15,-2,12,-1,11,-2,10,-1,10,2,2,1,0,0,0,0,0,0,0,0,0,0,0,0,0,0,0,0,0,0,-1,0,-1,0,0,1,-2,2,-5,3,-6,5,-8,6,-10,7,-13,7,-19,7,-25,6,-25,3,-23,2,-23,1,-23,0,-22,0,-19,-1,-16,-3,-12,-1,-10,4,-7,7,-5,9,-5,10,-3,13,1,20,3,25,5,29"
49.00911903381348,274,"CSI,135,128,77,-47,20,0,22,16,20,15,17,15,14,14,15,13,14,10,14,8,17,7,14,4,8,0,6,-2,5,-5,5,-10,5,-13,4,-15,2,-17,2,-17,4,-16,5,-15,5,-14,6,-13,6,-12,5,-10,7,-7,8,-6,2,-2,0,0,0,0,0,0,0,0,0,0,0,0,0,0,0,0,0,0,-1,-2,-2,-5,-1,-5,-1,-2,-1,4,-1,8,-2,9,-4,11,-8,14,-9,16,-11,17,-13,17,-15,17,-17,17,-17,16,-16,15,-17,11,-17,7,-13,7,-7,7,-3,7,3,8,8,10,11,11,15,13,20,15,21,17"
49.039868116378784,275,"CSI,673,128,83,49,21,0,29,-8,27,-9,23,-11,23,-10,22,-8,18,-6,17,-7,18,-10,14,-11,5,-10,0,-8,1,-9,0,-12,-4,-13,-6,-13,-6,-15,-7,-17,-6,-16,-5,-15,-3,-16,-2,-16,-1,-13,-2,-12,-2,-11,0,-11,0,-3,0,0,0,0,0,0,0,0,0,0,0,0,0,0,0,0,0,0,-1,0,-2,0,0,-1,2,0,4,1,5,2,6,6,11,10,14,12,13,14,9,16,8,19,9,21,9,22,7,23,3,23,0,20,1,14,3,10,4,9,6,8,8,3,10,-3,13,-6,17,-6,24,-7,28,-10"
49.11197805404663,276,"CSI,677,128,83,49,21,0,-21,21,-22,20,-21,16,-19,14,-17,13,-13,13,-7,11,-1,7,-1,5,-1,6,0,7,2,8,5,11,8,12,8,12,9,11,11,12,9,13,7,13,6,15,5,13,4,12,3,11,1,9,0,7,0,1,0,0,0,0,0,0,0,0,0,0,0,0,0,0,0,0,0,0,-1,-2,-2,-4,-1,0,-1,1,-3,2,-6,4,-10,5,-12,4,-14,3,-19,0,-20,0,-21,0,-24,-3,-24,-7,-24,-10,-23,-10,-21,-9,-17,-9,-13,-8,-12,-5,-13,-1,-13,4,-12,7,-11,11,-11,16,-12,19,-11,22"
49.3217191696167,277,"CSI,685,128,83,49,21,0,-2,-28,-2,-23,-2,-21,-2,-21,-2,-21,-2,-20,-3,-17,-7,-10,-7,-5,-6,-5,-8,-5,-11,-4,-11,-2,-12,-1,-12,-1,-14,-1,-15,-1,-16,-1,-16,-1,-14,-1,-11,-2,-9,-4,-10,-4,-8,-4,-5,-6,-1,-2,0,0,0,0,0,0,0,0,0,0,0,0,0,0,0,0,0,0,1,0,4,1,2,1,-1,-1,-1,-7,1,-10,3,-12,4,-13,6,-15,11,-15,16,-15,20,-14,19,-14,18,-12,20,-8,21,-5,19,-4,16,-5,11,-6,9,-7,6,-8,3,-10,-1,-12,-3,-15,-3,-20,-1,-23,-1,-21"
49.35498332977295,278,"CSI,136,128,77,-47,20,0,14,-24,15,-23,14,-20,12,-19,10,-18,5,-17,7,-19,12,-17,7,-15,-1,-11,-6,-6,-9,-3,-8,-2,-8,-3,-13,-1,-17,0,-16,-1,-15,-1,-16,-1,-18,-2,-19,-2,-16,-2,-12,-1,-9,0,-7,-2,-2,-1,0,0,0,0,0,0,0,0,0,0,0,0,0,0,0,0,0,0,-2,-1,-5,0,-2,0,1,0,6,-1,10,0,10,1,12,4,13,8,13,12,16,14,16,16,15,18,14,18,11,16,9,15,9,13,9,10,8,4,10,1,9,-2,8,-6,9,-8,10,-10,9,-15,11,-20,13,-21"
49.38380217552185,279,"CSI,137,128,77,-47,20,0,19,19,19,19,18,15,15,11,13,11,14,10,13,11,8,13,6,12,8,7,8,2,10,-2,11,-4,9,-7,8,-9,8,-9,9,-9,11,-9,12,-10,10,-10,10,-8,12,-7,12,-7,9,-5,6,-2,1,-1,0,0,0,0,0,0,0,0,0,0,0,0,0,0,0,0,0,0,-1,-1,-4,-4,-3,-2,0,-1,2,2,6,6,8,9,6,11,5,15,3,19,-1,22,-3,25,-5,25,-5,23,-3,20,-6,20,-8,18,-6,15,-3,11,-1,6,0,5,4,9,9,11,13,10,17,10,20,11,18,10"
49.42050004005432,280,"CSI,689,128,83,49,21,0,-29,-6,-26,-6,-24,-4,-23,-5,-20,-4,-17,1,-15,1,-12,-1,-13,1,-11,5,-6,7,-3,8,0,8,5,8,9,10,9,10,8,12,5,13,5,12,8,11,7,10,5,10,3,8,2,6,4,6,1,1,0,0,0,0,0,0,0,0,0,0,0,0,0,0,0,0,0,0,0,1,0,4,-1,0,-2,-3,-3,-6,-4,-8,-2,-10,-1,-13,1,-13,2,-16,2,-20,5,-21,10,-21,13,-22,14,-21,13,-19,10,-17,7,-16,5,-14,1,-9,-4,-8,-6,-9,-10,-9,-17,-5,-20,-3,-22,-6,-23,-9"
49.523853063583374,281,"CSI,693,128,83,49,21,0,-31,-5,-28,-4,-22,-5,-19,-2,-20,0,-18,-1,-15,-1,-14,-2,-14,1,-12,5,-8,6,-6,6,-3,8,-2,10,-2,12,-2,13,-1,14,2,15,1,15,-3,15,-4,13,-3,11,-3,9,-2,7,-1,7,0,2,0,0,0,0,0,0,0,0,0,0,0,0,0,0,0,0,0,0,1,-1,4,0,1,1,-3,0,-5,-2,-5,-5,-5,-8,-5,-11,-5,-16,-4,-19,-4,-21,-4,-26,-2,-29,3,-27,4,-25,2,-21,3,-17,3,-15,1,-11,0,-8,-4,-6,-9,-5,-11,-6,-14,-3,-19,-2,-25,-4,-26,-4"
49.62729024887085,282,"CSI,697,128,83,49,21,0,-4,-28,-3,-25,-2,-23,-2,-21,-4,-19,-4,-17,-6,-13,-10,-10,-9,-9,-6,-7,-7,-5,-8,-4,-9,-1,-10,2,-10,3,-12,2,-15,1,-16,3,-15,2,-13,1,-13,2,-13,1,-11,1,-9,0,-8,-1,-2,-1,0,0,0,0,0,0,0,0,0,0,0,0,0,0,0,0,0,0,0,0,1,0,-1,0,-1,-2,0,-5,2,-8,2,-11,2,-13,6,-14,11,-14,15,-13,17,-14,20,-12,23,-10,23,-10,21,-8,18,-8,15,-6,14,-3,11,-4,6,-7,2,-9,-1,-10,-3,-16,-5,-21,-6,-25,-8,-26"
49.93380308151245,283,"CSI,709,128,83,49,21,0,-24,14,-21,13,-17,12,-15,13,-16,16,-15,14,-13,14,-13,15,-11,12,-4,10,3,9,7,6,9,5,10,6,12,8,14,9,15,8,15,7,13,8,10,9,9,10,7,10,7,8,6,5,5,6,1,1,0,0,0,0,0,0,0,0,0,0,0,0,0,0,0,0,0,0,0,-1,2,-3,0,-3,-3,-2,-7,-2,-9,-3,-10,-4,-12,-6,-14,-7,-15,-9,-16,-12,-16,-16,-13,-21,-12,-21,-13,-18,-13,-18,-13,-17,-12,-13,-8,-11,-4,-9,-5,-6,-6,-4,-7,0,-13,8,-20,14,-21,13,-17,12"
50.03476023674011,284,"CSI,713,128,83,49,21,0,8,-24,8,-23,9,-20,8,-20,6,-21,3,-18,4,-13,7,-10,5,-9,-1,-8,-2,-5,-4,-4,-5,-5,-7,-4,-12,-2,-15,-2,-15,-3,-15,-3,-16,-3,-14,-4,-11,-2,-10,-3,-9,-4,-7,-3,-6,-3,-2,-2,0,0,0,0,0,0,0,0,0,0,0,0,0,0,0,0,0,0,-1,0,-1,2,-1,0,-1,-2,2,-2,6,-3,7,-6,8,-7,11,-3,14,-1,18,0,21,2,23,4,23,5,22,4,21,5,19,6,15,4,13,2,11,-2,8,-4,5,-7,2,-11,1,-11,2,-12,3,-18,4,-27"
50.444659948349,285,"CSI,729,128,83,49,21,0,27,-16,25,-15,21,-14,19,-12,17,-11,16,-13,14,-11,12,-7,9,-7,5,-10,1,-12,-4,-12,-9,-10,-9,-8,-10,-8,-13,-9,-13,-9,-10,-8,-11,-7,-13,-8,-14,-8,-13,-8,-10,-7,-6,-7,-6,-9,-2,-3,0,0,0,0,0,0,0,0,0,0,0,0,0,0,0,0,0,0,-1,1,0,3,1,1,1,-2,1,-3,5,0,9,3,10,6,10,10,11,12,11,14,10,20,8,22,8,20,7,19,5,20,3,18,2,14,4,11,8,8,9,4,9,2,9,-2,10,-8,14,-11,17,-12,20,-11"
50.54550313949585,286,"CSI,733,128,83,49,21,0,16,22,16,19,15,15,15,14,15,11,15,8,12,8,6,9,6,7,8,2,9,-1,8,-4,6,-8,5,-10,4,-11,2,-12,3,-14,5,-15,7,-14,8,-12,6,-12,4,-12,5,-9,7,-7,8,-7,2,-2,0,0,0,0,0,0,0,0,0,0,0,0,0,0,0,0,0,0,1,-1,5,-3,4,-2,2,0,0,3,-1,6,-4,9,-8,11,-12,12,-13,11,-17,9,-22,8,-24,8,-22,9,-19,8,-18,7,-16,6,-13,3,-12,2,-11,4,-7,6,-2,8,4,8,8,9,11,12,11,17,10,21"
50.64791131019592,287,"CSI,737,128,83,49,21,0,-4,25,-4,26,-2,27,0,24,0,20,0,19,2,16,3,10,3,8,5,9,7,6,7,3,7,1,8,0,10,-4,11,-4,14,-4,14,-5,13,-5,11,-4,9,-4,10,-4,10,-2,6,1,2,4,0,1,0,0,0,0,0,0,0,0,0,0,0,0,0,0,0,0,0,0,0,-1,1,-2,0,0,-2,0,-4,1,-6,3,-10,3,-13,5,-13,7,-16,5,-21,3,-25,0,-25,-4,-22,-5,-20,-6,-19,-7,-17,-6,-14,-6,-12,-5,-10,-1,-8,3,-4,6,-2,10,-2,16,-4,22,-5,25,-6,25"
50.95432806015015,288,"CSI,749,128,83,49,21,0,-8,29,-9,25,-8,23,-5,21,-3,19,-1,17,1,13,2,8,0,6,2,6,4,7,5,4,7,3,7,4,7,4,11,3,13,1,13,1,15,3,16,3,14,2,11,3,8,5,7,4,7,1,1,0,0,0,0,0,0,0,0,0,0,0,0,0,0,0,0,0,0,0,2,-2,7,-4,4,0,1,3,-2,3,-4,4,-6,6,-10,7,-14,8,-17,9,-23,6,-26,1,-25,-2,-22,-3,-21,-4,-20,-4,-18,-5,-16,-6,-15,-6,-11,-4,-9,0,-9,5,-7,10,-4,14,-3,19,-2,23,-1,25"
51.36396908760071,289,"CSI,765,128,83,49,21,0,29,13,24,14,18,12,17,12,21,16,25,18,17,8,3,-5,-2,-3,1,-1,4,-4,6,-3,6,-3,6,-4,8,-6,9,-9,9,-13,10,-15,11,-15,12,-13,14,-11,14,-8,11,-3,8,0,5,1,1,0,0,0,0,0,0,0,0,0,0,0,0,0,0,0,0,0,0,0,-1,-1,-2,-1,-2,0,2,0,6,1,8,5,9,10,8,11,5,10,3,12,1,17,0,21,-2,23,-8,23,-8,20,-5,16,-3,11,-4,9,-5,10,-4,12,1,10,5,3,8,2,13,7,15,9,19,7,24,4"
51.57035803794861,290,"CSI,773,128,83,49,21,0,10,-29,10,-28,6,-22,3,-20,6,-21,5,-19,2,-13,2,-8,0,-8,-5,-7,-10,-5,-11,-4,-12,-5,-13,-4,-15,-2,-17,1,-18,1,-18,0,-17,0,-16,1,-15,1,-13,1,-11,-1,-8,-3,-7,-4,-2,-1,0,0,0,0,0,0,0,0,0,0,0,0,0,0,0,0,0,0,-1,0,-2,2,-3,0,-2,-2,1,-4,4,-5,9,-3,12,-2,14,-2,17,0,19,5,20,8,20,8,18,9,17,10,15,10,12,9,10,7,9,5,7,1,4,-3,3,-7,3,-9,3,-10,3,-16,4,-23,4,-25"
51.87756633758545,291,"CSI,785,128,83,49,21,0,28,5,26,3,23,1,21,1,20,0,18,-3,15,-4,9,-2,4,-2,4,-7,4,-7,3,-6,-1,-9,-5,-12,-5,-14,-7,-14,-10,-14,-7,-14,-3,-13,-4,-12,-4,-12,-4,-11,-3,-10,-3,-10,-1,-10,0,-3,0,0,0,0,0,0,0,0,0,0,0,0,0,0,0,0,0,0,-1,-2,-1,-7,1,-4,1,1,1,5,2,7,3,8,2,9,0,13,-1,16,-4,17,-7,20,-8,22,-9,22,-11,19,-11,16,-11,12,-10,8,-8,7,-3,6,2,5,6,2,9,-1,15,-1,21,-1,24,-1,25,-2"
52.08142328262329,292,"CSI,793,128,83,49,21,0,-14,22,-14,21,-12,19,-9,19,-5,20,-2,18,-1,12,1,5,0,4,-2,7,-2,7,0,7,4,7,7,6,9,5,12,5,14,6,15,5,14,5,11,8,9,7,7,5,7,5,7,5,4,3,0,0,0,0,0,0,0,0,0,0,0,0,0,0,0,0,0,0,0,0,2,-1,5,-1,-1,0,-4,1,-4,2,-4,2,-6,3,-9,3,-11,3,-13,2,-17,-1,-22,-5,-22,-6,-20,-7,-16,-9,-16,-12,-17,-12,-14,-9,-10,-4,-7,-2,-6,0,-5,2,-5,7,-4,15,-6,21,-9,23,-11,23"
52.350346088409424,293,"CSI,1421,128,83,49,21,0,12,-6,12,-4,13,-2,15,-2,15,-4,13,-3,7,-1,1,-2,0,-1,2,0,2,-1,2,-2,1,-3,-2,-4,-1,-5,0,-6,0,-8,0,-9,-1,-8,-1,-7,1,-7,2,-7,3,-7,4,-6,3,-5,0,,0,0,0,-1,1,-2,4,-3,3,-4,4,-3,3,-2,3,-2,2,-4,3,-3,3,1,1,1,0,1,3,3,5,4,4,2,4,3,5,6,9,6,11,5,12,6,12,7,10,6,9,3,9,3,6,4,2,6,1,8,2"
52.69575119018555,294,"CSI,817,128,83,49,21,0,20,22,18,21,17,19,16,17,13,11,16,10,13,9,-1,-1,-5,-1,4,5,8,3,10,0,11,-2,9,-2,11,-4,14,-8,13,-9,14,-8,15,-9,15,-9,13,-8,11,-7,8,-3,5,1,3,3,0,1,0,0,0,0,0,0,0,0,0,0,0,0,0,0,0,0,0,0,-2,-2,-4,-5,0,-1,3,1,0,4,-1,6,1,7,3,12,5,15,4,16,1,19,-3,21,-5,20,-5,18,-9,18,-12,19,-10,16,-9,14,-9,12,-5,11,2,10,6,11,10,10,16,8,21,9,21,12,16,10"
52.793564319610596,295,"CSI,138,128,77,-47,20,0,12,31,12,22,18,18,18,18,13,12,15,3,17,1,13,3,10,-4,11,-12,8,-11,2,-8,-5,-9,-8,-12,-9,-11,-12,-9,-16,-10,-15,-11,-10,-7,-11,-2,-13,-4,-11,-3,-11,2,-12,1,-9,-2,-2,-1,0,0,0,0,0,0,0,0,0,0,0,0,0,0,0,0,0,0,0,1,-1,4,-2,-1,0,-7,4,-7,2,-8,0,-15,0,-17,2,-16,3,-17,3,-20,3,-25,5,-26,2,-21,-3,-20,-3,-21,-1,-16,-5,-11,-8,-12,-5,-7,-4,4,-8,8,-8,10,-4,15,-5,23,-5,31,-3,34"
53.224088191986084,296,"CSI,139,128,77,-47,20,0,3,31,4,29,7,25,7,22,5,20,3,17,5,11,10,4,11,4,11,2,10,-1,10,-1,11,-2,11,-5,10,-7,12,-7,12,-8,11,-10,10,-8,10,-8,10,-10,11,-9,10,-8,8,-7,7,-5,1,-2,0,0,0,0,0,0,0,0,0,0,0,0,0,0,0,0,0,0,0,-1,2,-1,3,-1,1,1,-3,3,-6,2,-10,5,-14,7,-16,5,-17,4,-20,4,-22,2,-23,-1,-26,-4,-26,-7,-23,-8,-20,-8,-14,-5,-11,-3,-8,-3,-5,1,0,6,2,11,4,16,5,20,4,23,3,27"
53.2541401386261,297,"CSI,140,128,77,-47,20,0,4,-32,4,-31,1,-27,0,-25,0,-23,-1,-20,-5,-16,-12,-11,-13,-8,-10,-5,-9,-4,-8,-3,-8,-1,-11,0,-14,3,-14,4,-13,5,-13,5,-14,5,-13,3,-13,3,-13,3,-12,4,-9,2,-6,0,-2,0,0,0,0,0,0,0,0,0,0,0,0,0,0,0,0,0,0,0,-1,-1,-2,-2,-3,-3,-1,-4,3,-5,5,-4,9,-5,13,-6,15,-2,16,3,18,5,18,6,18,8,18,11,18,14,16,13,13,11,9,8,7,3,6,0,4,0,3,-4,4,-11,4,-17,1,-22,1,-26,5,-28"
53.619744062423706,298,"CSI,853,128,83,49,21,0,-26,-14,-22,-13,-19,-10,-19,-9,-20,-8,-18,-6,-16,-1,-17,4,-13,4,-8,4,-8,6,-7,6,-5,6,-3,9,-2,13,1,13,3,13,3,13,1,13,-1,15,-1,14,0,11,0,10,-1,10,0,8,0,2,0,0,0,0,0,0,0,0,0,0,0,0,0,0,0,0,0,0,-1,2,-1,7,-1,4,-1,0,-1,-4,-1,-8,-2,-11,-1,-14,1,-16,3,-17,5,-17,8,-19,12,-19,13,-19,12,-18,13,-17,14,-15,12,-11,7,-8,2,-7,0,-6,-3,-5,-9,-5,-14,-6,-19,-7,-24,-9,-29,-12"
53.92579913139343,299,"CSI,865,128,83,49,21,0,20,-17,20,-16,19,-15,17,-15,13,-17,9,-18,8,-15,8,-13,5,-12,2,-11,0,-10,-3,-11,-8,-11,-9,-9,-10,-8,-13,-8,-15,-10,-13,-11,-12,-9,-12,-8,-11,-7,-11,-7,-11,-6,-11,-4,-10,-4,-3,-2,0,0,0,0,0,0,0,0,0,0,0,0,0,0,0,0,0,0,0,-1,1,-2,0,-1,1,-2,4,-2,6,0,8,0,10,3,12,7,14,11,15,13,17,16,16,19,13,19,11,16,9,15,7,14,6,12,5,8,3,5,3,0,4,-5,5,-10,9,-11,15,-12,19,-16,22,-20"
54.08703017234802,300,"CSI,141,128,75,-79,20,0,2,29,0,28,2,26,3,23,3,22,5,21,5,16,5,8,6,5,6,6,7,6,8,4,9,1,8,-3,8,-5,10,-6,13,-7,12,-8,11,-7,14,-6,14,-6,12,-6,10,-4,8,-1,6,0,1,0,0,0,0,0,0,0,0,0,0,0,0,0,0,0,0,0,0,0,0,-2,3,-5,2,-1,-1,3,-5,5,-7,5,-9,6,-11,5,-13,5,-17,4,-20,4,-22,4,-22,2,-22,0,-22,1,-20,0,-17,-1,-13,0,-10,1,-8,3,-5,5,-2,9,-1,12,0,16,3,22,3,24,1,26"
54.11813926696777,301,"CSI,142,128,75,-79,20,0,-16,22,-16,24,-14,23,-10,19,-7,18,-6,18,-7,16,-11,14,-8,13,-3,10,0,7,2,6,6,6,9,6,10,4,11,2,14,2,16,2,16,2,14,3,12,4,11,5,9,6,6,6,6,3,1,0,0,0,0,0,0,0,0,0,0,0,0,0,0,0,0,0,0,0,1,0,3,0,0,1,-4,2,-7,2,-9,2,-11,1,-15,0,-17,-3,-17,-3,-18,-4,-22,-8,-22,-13,-18,-13,-16,-14,-15,-16,-14,-16,-13,-15,-11,-10,-8,-3,-8,4,-7,7,-8,8,-9,12,-10,21,-13,28,-13,28"
54.23059415817261,302,"CSI,143,128,77,-47,20,0,-28,-12,-29,-11,-26,-10,-23,-8,-22,-6,-20,-3,-18,-4,-17,-7,-15,-4,-13,1,-9,2,-7,5,-5,8,-5,12,-4,13,-1,15,-2,16,-5,16,-5,15,-4,13,-5,12,-5,12,-5,10,-5,8,-6,6,-2,1,0,0,0,0,0,0,0,0,0,0,0,0,0,0,0,0,0,0,0,0,0,1,-2,1,-4,-2,-4,-4,-5,-7,-4,-12,-3,-18,-2,-19,-1,-17,1,-19,4,-22,7,-22,9,-20,10,-20,8,-20,6,-18,5,-13,5,-10,3,-8,-1,-6,-6,-5,-12,-5,-15,-5,-16,-6,-20,-11,-25,-13"
54.263925075531006,303,"CSI,877,128,83,49,21,0,-27,-6,-24,-5,-21,-2,-21,-2,-22,-4,-22,-3,-21,2,-18,9,-14,12,-9,9,-4,8,-3,9,-4,9,-4,10,-3,13,-3,16,-3,16,-2,17,-4,17,-5,14,-5,11,-4,9,-5,8,-5,7,-4,7,-1,1,0,0,0,0,0,0,0,0,0,0,0,0,0,0,0,0,0,0,-1,0,-2,3,-3,1,-3,-1,-4,-3,-8,-5,-12,-8,-11,-12,-8,-17,-8,-18,-9,-18,-7,-22,-3,-23,1,-21,0,-20,-1,-20,1,-18,2,-13,0,-8,-2,-6,-4,-4,-7,-2,-11,-3,-14,-3,-20,-2,-26,0,-29,0"
54.295427083969116,304,"CSI,144,128,77,-47,20,0,-26,6,-24,8,-25,8,-23,4,-20,3,-16,5,-17,3,-19,0,-17,2,-12,5,-9,6,-7,7,-5,9,-4,12,-2,14,-1,15,-2,15,-3,16,-4,16,-4,16,-5,16,-6,13,-6,8,-5,6,-5,6,-2,1,0,0,0,0,0,0,0,0,0,0,0,0,0,0,0,0,0,0,0,-2,2,-6,2,-4,-2,-2,-7,2,-7,4,-11,1,-16,1,-17,0,-18,-2,-21,-5,-22,-8,-20,-10,-17,-13,-16,-14,-16,-17,-14,-17,-9,-14,-9,-10,-12,-5,-10,-3,-6,-1,-8,2,-14,6,-22,8,-28,10,-29,13"
54.33549213409424,305,"CSI,881,128,83,49,21,0,3,-30,3,-28,2,-25,0,-23,-3,-23,-2,-21,-1,-17,0,-13,-1,-10,-4,-8,-7,-5,-10,-3,-11,0,-12,2,-13,2,-16,2,-16,4,-13,5,-14,5,-15,3,-16,3,-16,4,-12,3,-9,1,-8,-3,-2,-1,0,0,0,0,0,0,0,0,0,0,0,0,0,0,0,0,0,0,-2,0,-4,-1,-2,-4,1,-5,3,-4,5,-4,8,-4,12,-4,16,-3,19,-2,21,2,23,6,24,7,22,6,20,6,19,8,17,7,14,3,10,-2,7,-5,6,-6,4,-9,2,-13,1,-15,2,-19,2,-23,2,-24"
54.64149713516235,306,"CSI,893,128,83,49,21,0,30,-9,28,-7,24,-4,20,-5,18,-6,17,-4,18,-4,15,-10,10,-12,9,-9,8,-8,5,-11,2,-13,0,-13,1,-15,2,-16,2,-15,1,-16,1,-17,3,-16,2,-14,2,-14,4,-12,3,-10,2,-7,0,-2,0,0,0,0,0,0,0,0,0,0,0,0,0,0,0,0,0,0,-1,0,-3,2,-2,2,0,1,3,0,6,-1,7,-2,9,0,12,3,13,9,13,12,15,15,13,16,12,15,9,17,6,17,5,16,4,15,3,12,3,8,5,6,8,3,11,-3,13,-8,17,-10,21,-11,24,-11"
54.84887218475342,307,"CSI,901,128,83,49,21,0,-8,30,-7,28,-5,23,-4,21,-5,20,-5,18,-5,9,-7,-5,-5,-7,-2,-1,1,4,5,4,9,1,11,-3,11,-4,11,-2,9,-5,11,-10,14,-9,12,-5,10,-3,10,-3,10,-2,9,-1,7,-2,1,-1,0,0,0,0,0,0,0,0,0,0,0,0,0,0,0,0,0,0,1,0,2,-1,0,-2,-2,0,-5,1,-8,-4,-11,-7,-15,-6,-17,-4,-18,-5,-20,-10,-20,-14,-20,-16,-20,-18,-19,-17,-17,-14,-14,-12,-15,-10,-15,-9,-10,-5,-7,0,-8,3,-8,5,-4,9,-6,16,-12,24,-15,30"
55.07417416572571,308,"CSI,145,128,75,-79,20,0,3,-31,3,-29,2,-23,1,-21,-1,-20,-2,-16,-3,-14,-3,-16,-4,-13,-9,-9,-13,-6,-13,-5,-13,-1,-11,2,-10,1,-12,0,-14,0,-14,-1,-14,-4,-13,-4,-12,-4,-11,-4,-9,-4,-7,-3,-6,-2,-2,-1,0,0,0,0,0,0,0,0,0,0,0,0,0,0,0,0,0,0,-1,1,-1,4,-1,2,1,-1,3,-5,3,-7,5,-8,8,-10,12,-11,15,-10,18,-9,20,-8,21,-7,20,-6,18,-5,18,-2,18,-1,16,-4,14,-7,11,-8,7,-8,4,-10,1,-12,-2,-14,-5,-19,-4,-24,1,-24"
55.25697922706604,309,"CSI,917,128,83,49,21,0,12,-27,12,-25,10,-23,7,-22,5,-19,2,-18,1,-13,0,-6,0,-6,1,-9,-2,-11,-5,-12,-7,-11,-9,-7,-11,-5,-12,-5,-11,-7,-11,-9,-11,-8,-11,-6,-10,-7,-8,-7,-5,-8,-4,-9,-3,-9,-1,-3,0,0,0,0,0,0,0,0,0,0,0,0,0,0,0,0,0,0,0,0,0,2,-2,0,-1,-1,2,-1,3,-4,6,-6,8,-6,12,-6,18,-6,20,-5,22,-2,24,1,23,2,23,3,21,5,16,7,11,5,8,2,8,0,7,-2,4,-4,4,-9,4,-14,5,-19,7,-22,6,-23"
55.66603326797485,310,"CSI,933,128,83,49,21,0,-15,25,-15,25,-13,24,-9,22,-7,18,-7,15,-4,13,3,10,5,6,4,5,4,4,5,3,7,3,8,2,12,1,16,0,15,0,13,1,13,0,12,0,10,1,8,2,8,1,6,1,4,2,1,0,0,0,0,0,0,0,0,0,0,0,0,0,0,0,0,0,0,0,0,-1,3,-2,1,0,-3,2,-6,2,-9,2,-12,1,-15,0,-16,-2,-17,-3,-17,-4,-19,-7,-20,-11,-17,-10,-14,-11,-14,-13,-14,-13,-12,-11,-8,-6,-7,1,-7,5,-8,6,-9,8,-10,12,-11,17,-13,21,-16,24"
55.873714208602905,311,"CSI,941,128,83,49,21,0,-7,-28,-6,-26,-7,-24,-9,-24,-10,-19,-11,-15,-9,-13,-3,-10,-3,-11,-7,-10,-10,-5,-13,0,-14,4,-13,5,-13,5,-16,5,-18,5,-18,5,-16,5,-12,5,-11,4,-11,2,-10,1,-8,0,-7,-1,-2,-1,0,0,0,0,0,0,0,0,0,0,0,0,0,0,0,0,0,0,0,0,0,1,-1,0,-1,-2,-1,-4,-2,-7,-1,-11,4,-13,6,-15,9,-14,15,-14,18,-15,20,-13,21,-12,21,-10,19,-6,16,-3,14,-3,10,-6,5,-6,2,-8,-1,-10,-5,-12,-7,-14,-10,-17,-12,-22,-14,-28"
55.97373700141907,312,"CSI,945,128,83,49,21,0,-31,-2,-26,-3,-21,-1,-23,2,-22,2,-18,4,-15,3,-12,2,-8,3,-5,5,-4,7,-3,10,0,10,2,8,4,7,8,10,11,11,11,10,11,10,10,10,9,9,8,7,6,7,4,6,5,4,1,1,0,0,0,0,0,0,0,0,0,0,0,0,0,0,0,0,0,0,-1,1,-4,4,-5,0,-4,-4,-1,-5,0,-7,-3,-11,-2,-12,2,-14,4,-17,7,-18,11,-19,11,-20,9,-20,9,-18,9,-17,11,-15,10,-10,6,-8,1,-9,-3,-8,-7,-5,-11,-2,-15,0,-20,-2,-24,-5,-23,-5"
56.21497702598572,313,"CSI,147,128,75,-79,20,0,-31,-12,-29,-11,-26,-10,-25,-7,-22,-7,-20,-6,-15,-2,-12,5,-11,6,-7,5,-5,5,-5,7,-5,8,-1,8,1,12,-1,16,-2,17,1,17,2,18,0,18,-2,15,-3,12,-1,10,-1,6,-2,5,-1,1,0,0,0,0,0,0,0,0,0,0,0,0,0,0,0,0,0,0,0,0,0,-1,-1,-2,-1,-2,-1,-3,-1,-6,-3,-9,-7,-12,-7,-15,-1,-18,4,-21,6,-22,8,-23,8,-22,9,-20,12,-18,10,-16,5,-13,3,-12,2,-11,0,-10,-5,-9,-12,-8,-17,-7,-20,-9,-21,-11,-20,-12"
56.245848178863525,314,"CSI,148,128,75,-79,20,0,26,-16,22,-15,18,-15,17,-15,18,-15,16,-14,11,-14,8,-17,4,-16,1,-12,0,-10,-2,-9,-4,-8,-6,-10,-8,-11,-10,-11,-9,-11,-8,-12,-8,-13,-9,-14,-8,-13,-6,-11,-4,-9,-2,-8,0,-7,0,-2,0,0,0,0,0,0,0,0,0,0,0,0,0,0,0,0,0,0,-2,-1,-5,-1,-2,-2,1,-3,3,-3,5,0,8,2,11,3,12,3,14,6,16,8,18,10,18,11,16,12,16,14,16,15,12,14,8,13,7,11,7,6,6,1,6,-2,8,-7,12,-11,15,-15,17,-16,22,-15"
56.44968509674072,315,"CSI,149,128,75,-79,20,0,2,30,0,29,1,25,-1,24,-1,24,3,21,6,19,10,16,12,10,10,7,10,7,9,5,9,2,9,0,12,1,14,5,15,5,15,4,16,2,16,4,13,8,11,9,8,6,6,4,6,3,1,0,0,0,0,0,0,0,0,0,0,0,0,0,0,0,0,0,0,0,-1,-1,-1,-3,1,-2,2,1,3,5,3,9,1,10,-2,11,-7,12,-10,14,-13,16,-17,15,-18,12,-19,11,-20,12,-19,11,-16,9,-12,6,-11,4,-12,5,-9,7,-4,9,1,12,2,15,5,18,9,23,10,26"
56.4801390171051,316,"CSI,150,128,75,-79,20,0,6,29,3,26,0,23,2,23,7,21,8,16,9,15,13,15,12,8,10,4,9,4,8,3,7,0,11,-3,17,-4,17,-4,16,-3,17,-4,19,-3,18,-1,15,1,11,2,9,1,9,1,10,1,2,0,0,0,0,0,0,0,0,0,0,0,0,0,0,0,0,0,0,0,-1,0,-1,0,1,0,2,0,1,3,0,6,0,9,-2,13,-6,15,-8,15,-12,16,-16,17,-19,17,-20,13,-18,9,-15,8,-14,7,-13,4,-9,3,-8,5,-5,9,-2,9,-1,11,0,13,3,17,6,22,8,26"
56.508164167404175,317,"CSI,965,128,83,49,21,0,27,5,27,6,24,5,21,3,20,0,19,-1,19,-2,20,-5,17,-8,12,-9,9,-9,5,-10,4,-11,5,-12,4,-12,2,-12,1,-13,1,-17,3,-19,4,-17,4,-13,4,-8,3,-7,3,-7,3,-8,0,-2,0,0,0,0,0,0,0,0,0,0,0,0,0,0,0,0,0,0,0,-1,-1,-1,0,-1,3,-1,6,0,7,2,7,5,9,9,11,12,11,14,10,16,8,19,7,20,5,20,2,22,0,23,0,21,0,17,-1,13,1,10,5,6,8,3,10,2,16,0,22,-1,26,0,27,2"
56.59217715263367,318,"CSI,969,128,83,49,21,0,-20,-27,-17,-25,-14,-23,-14,-20,-14,-15,-15,-11,-15,-8,-15,-3,-13,-1,-11,-2,-11,-3,-10,-1,-11,3,-11,4,-13,6,-13,9,-13,10,-15,10,-14,10,-13,9,-12,6,-11,5,-11,5,-10,3,-7,0,-2,0,0,0,0,0,0,0,0,0,0,0,0,0,0,0,0,0,0,0,1,1,4,3,2,-1,-1,-4,-3,-5,-3,-8,-2,-10,-1,-11,1,-14,5,-17,8,-20,10,-22,11,-21,14,-20,15,-16,13,-12,14,-12,12,-13,9,-11,7,-11,1,-12,-7,-11,-10,-10,-11,-14,-16,-19,-19,-23,-17,-27"
56.99686622619629,319,"CSI,985,128,83,49,21,0,20,-22,19,-23,17,-21,10,-17,6,-18,5,-15,4,3,3,14,0,2,0,-7,1,-7,-4,-5,-11,0,-14,-1,-13,-2,-12,1,-15,3,-16,2,-17,0,-18,-1,-15,-1,-13,-1,-11,0,-8,0,-7,0,-2,0,0,0,0,0,0,0,0,0,0,0,0,0,0,0,0,0,0,0,-1,-2,-1,-4,0,-1,3,2,5,4,5,6,6,5,8,8,11,12,12,15,13,17,14,17,12,18,11,19,8,19,7,18,6,15,4,14,4,13,7,11,9,9,9,2,7,-5,6,-11,9,-16,15,-20,18,-19"
57.270297050476074,320,"CSI,1614,128,83,49,21,0,-3,15,-4,14,-2,12,-1,11,-1,11,-1,10,-2,7,-2,0,-1,-1,2,2,3,1,3,1,3,2,3,1,2,-1,0,-1,1,-2,3,-4,4,-4,3,-4,2,-3,3,-3,3,-5,4,-7,4,-5,1,-1,0,0,0,0,0,0,0,0,0,0,0,0,0,0,0,0,0,0,0,-1,3,-2,3,-2,2,-3,1,-3,1,-3,1,-3,1,-2,-1,-1,0,-2,1,-4,0,-5,-4,-3,-7,-2,-8,-4,-8,-6,-8,-7,-7,-6,-6,-5,-6,-5,-7,-4,-6,-2,-5,-1,-4,0,-5,4,-5,7,-4,5"
57.38800525665283,321,"CSI,152,128,77,-47,20,0,-12,-33,-12,-28,-12,-23,-11,-21,-12,-18,-12,-14,-10,-8,-9,0,-9,2,-7,1,-6,0,-8,-1,-10,1,-9,6,-10,10,-10,13,-10,12,-11,9,-10,8,-9,7,-6,8,-6,9,-7,9,-8,7,-8,5,-2,1,0,0,0,0,0,0,0,0,0,0,0,0,0,0,0,0,0,0,-1,1,-1,4,0,0,1,-3,1,-5,3,-8,7,-9,10,-8,11,-9,13,-11,17,-13,20,-14,21,-13,20,-9,18,-4,17,-3,16,-3,15,-4,11,-5,6,-3,3,-4,1,-9,-4,-13,-9,-13,-12,-18,-12,-24,-12,-25"
57.61133003234863,322,"CSI,1009,128,83,49,21,0,29,10,28,9,26,6,22,5,18,5,16,3,14,1,11,1,10,-2,9,-6,7,-9,6,-13,3,-13,1,-13,-2,-15,-5,-17,-4,-16,-1,-15,0,-15,1,-16,1,-15,2,-13,2,-12,2,-11,1,-9,-1,-2,0,0,0,0,0,0,0,0,0,0,0,0,0,0,0,0,0,0,-2,-1,-5,-1,-2,0,1,1,2,2,3,5,4,9,3,11,2,15,1,19,-2,23,-8,25,-12,25,-13,25,-14,22,-14,19,-11,15,-7,10,-5,8,-3,10,1,10,6,6,12,4,17,6,22,6,25,5,27,6"
57.81929397583008,323,"CSI,1017,128,83,49,21,0,-25,-19,-26,-20,-24,-18,-23,-16,-22,-16,-16,-14,-9,-13,-8,-9,-13,-3,-14,1,-9,5,-6,7,-5,7,-5,8,-6,10,-7,11,-6,14,-4,17,-7,17,-9,14,-8,12,-5,13,-6,11,-4,7,0,5,0,1,0,0,0,0,0,0,0,0,0,0,0,0,0,0,0,0,0,0,-1,0,-1,0,-2,-1,-2,-5,-2,-8,-4,-10,-6,-10,-3,-14,2,-17,5,-18,7,-20,9,-24,8,-25,8,-23,10,-19,12,-15,13,-13,10,-14,6,-13,1,-9,-2,-8,-4,-7,-9,-7,-18,-8,-22,-9,-24,-12,-27,-13"
58.146584033966064,324,"CSI,153,128,75,-79,20,0,-32,-7,-29,-6,-25,-3,-24,-2,-21,-2,-16,1,-14,1,-13,-4,-11,-3,-10,4,-8,8,-4,10,0,12,3,13,4,12,4,13,4,15,4,18,3,17,1,13,-1,11,-1,12,-1,12,-2,9,0,8,0,2,0,0,0,0,0,0,0,0,0,0,0,0,0,0,0,0,0,0,0,0,1,1,-1,0,-4,-3,-6,-6,-8,-10,-9,-12,-7,-13,-6,-14,-6,-16,-5,-21,-5,-23,-4,-25,-1,-26,0,-26,1,-23,1,-21,0,-16,-1,-11,-3,-9,-3,-8,-5,-6,-11,-3,-17,-1,-23,-1,-30,-1,-36,-1"
58.189226150512695,325,"CSI,154,128,75,-79,20,0,-27,-14,-24,-12,-23,-10,-22,-10,-19,-10,-17,-8,-14,-6,-10,-6,-10,-5,-12,-3,-11,0,-9,5,-10,8,-11,8,-11,9,-13,12,-12,14,-9,14,-7,12,-6,9,-6,7,-7,6,-7,7,-6,7,-7,6,-2,1,0,0,0,0,0,0,0,0,0,0,0,0,0,0,0,0,0,0,0,-1,0,-2,-1,-1,-3,-2,-4,-5,-4,-9,-6,-11,-7,-13,-6,-16,-3,-19,-1,-23,2,-25,5,-25,5,-24,5,-26,4,-25,3,-20,1,-16,0,-12,-2,-10,-4,-9,-6,-9,-10,-7,-15,-6,-21,-8,-26,-11,-25,-13"
58.22526216506958,326,"CSI,155,128,75,-79,20,0,-14,-31,-14,-30,-13,-26,-13,-21,-12,-18,-11,-16,-10,-16,-10,-14,-12,-9,-12,-4,-11,0,-12,5,-12,7,-12,7,-9,10,-9,14,-11,13,-10,11,-9,11,-9,11,-11,8,-11,7,-11,5,-8,4,-4,4,-1,1,0,0,0,0,0,0,0,0,0,0,0,0,0,0,0,0,0,0,-1,1,-2,3,-2,0,0,-4,4,-6,6,-8,7,-11,8,-14,11,-14,14,-13,15,-15,17,-16,20,-14,20,-11,20,-10,20,-9,19,-6,15,-4,11,-4,8,-5,4,-9,-3,-13,-8,-16,-10,-15,-13,-18,-14,-25,-15,-30"
58.255983114242554,327,"CSI,156,128,75,-79,20,0,-31,5,-28,4,-24,3,-20,4,-18,7,-16,10,-14,7,-13,2,-10,4,-7,7,-3,9,1,10,4,9,5,10,6,13,7,13,9,12,10,11,9,10,7,10,7,11,7,10,5,9,3,6,2,4,0,1,0,0,0,0,0,0,0,0,0,0,0,0,0,0,0,0,0,0,1,0,3,0,-1,0,-4,0,-5,-2,-8,-5,-10,-8,-10,-13,-11,-17,-11,-19,-10,-21,-11,-22,-8,-23,-4,-24,-3,-23,-4,-22,-5,-20,-4,-16,-5,-13,-7,-10,-8,-7,-9,-4,-13,-1,-19,3,-24,6,-27,6,-29,5"
58.288496255874634,328,"CSI,1033,128,83,49,21,0,26,-19,23,-17,17,-16,13,-17,11,-18,10,-19,9,-14,7,-7,3,-7,1,-9,1,-11,-3,-12,-8,-10,-11,-9,-16,-7,-17,-5,-15,-8,-15,-8,-15,-6,-13,-7,-11,-9,-10,-9,-9,-8,-6,-7,-3,-6,-1,-2,0,0,0,0,0,0,0,0,0,0,0,0,0,0,0,0,0,0,-1,0,-1,2,-1,1,1,1,6,1,9,2,11,4,12,6,14,8,15,10,16,11,15,13,13,16,12,19,11,21,11,18,10,14,8,11,7,7,9,3,11,-1,12,-5,13,-6,13,-9,16,-14,22,-16,27,-14"
58.332295179367065,329,"CSI,1037,128,83,49,21,0,-18,-21,-17,-18,-18,-17,-16,-16,-12,-16,-10,-17,-11,-9,-12,0,-9,-2,-7,-8,-9,-9,-11,-5,-13,0,-14,3,-15,4,-15,3,-14,3,-14,4,-13,2,-11,3,-13,5,-13,5,-12,4,-11,0,-10,-3,-3,-1,0,0,0,0,0,0,0,0,0,0,0,0,0,0,0,0,0,0,0,1,1,3,0,0,-3,-5,-5,-7,-4,-9,-5,-12,-5,-15,-4,-17,-1,-19,3,-22,9,-28,12,-27,13,-24,12,-22,11,-19,9,-17,6,-15,3,-11,0,-8,-3,-9,-6,-11,-10,-12,-13,-13,-13,-16,-16,-19,-21,-21"
58.43082904815674,330,"CSI,1041,128,83,49,21,0,10,28,7,27,5,22,5,18,5,18,7,16,8,13,8,12,8,8,10,2,10,0,8,-2,9,-5,11,-7,11,-8,12,-9,12,-10,11,-9,11,-8,11,-8,11,-7,10,-7,9,-6,6,-4,4,-2,0,-1,0,0,0,0,0,0,0,0,0,0,0,0,0,0,0,0,0,0,-1,-1,-1,-4,-2,-3,-1,2,-1,7,-6,9,-10,9,-12,9,-15,9,-17,11,-19,13,-22,12,-25,10,-26,8,-23,7,-21,8,-19,7,-16,4,-10,3,-7,5,-4,9,1,11,6,13,8,17,9,23,10,28,11,27"
58.73505520820618,331,"CSI,1053,128,83,49,21,0,29,8,27,7,25,2,21,-1,19,0,16,0,15,1,15,1,14,-2,11,-6,8,-7,6,-8,7,-8,7,-8,6,-10,6,-12,6,-12,6,-12,8,-12,7,-11,5,-9,6,-6,7,-4,5,-4,2,-4,0,-1,0,0,0,0,0,0,0,0,0,0,0,0,0,0,0,0,0,0,-1,-2,-2,-4,0,-3,2,-3,5,-2,8,0,10,2,13,4,15,8,16,14,15,21,14,24,10,23,7,20,7,21,7,21,5,18,4,15,5,12,6,9,7,5,10,2,15,1,18,2,21,2,26,1,30,0"
58.882498025894165,332,"CSI,158,128,101,80,6,0,8,-27,8,-25,7,-24,6,-22,2,-21,1,-19,-1,-13,-7,-9,-8,-10,-5,-8,-6,-6,-8,-5,-11,-4,-14,-4,-14,-2,-14,0,-15,0,-14,0,-13,-1,-12,-2,-11,-2,-10,-2,-11,-4,-11,-5,-10,-5,-3,-1,0,0,0,0,0,0,0,0,0,0,0,0,0,0,0,0,0,0,-1,0,-4,2,-2,0,2,-1,6,-3,11,-4,14,-3,16,0,20,3,22,6,21,8,20,8,20,9,19,10,20,10,19,9,16,8,13,7,12,6,12,2,12,-3,10,-7,6,-10,3,-15,6,-22,10,-26,11,-27"
59.251410245895386,333,"CSI,1073,128,83,49,21,0,-28,-10,-28,-9,-26,-5,-24,-5,-22,-5,-15,-5,-5,-6,-1,-4,-1,2,-1,5,-3,6,-3,7,0,10,1,10,0,9,0,10,1,11,0,10,-2,11,-2,13,1,12,3,10,4,9,2,6,1,4,0,0,0,0,0,0,0,0,0,0,0,0,0,0,0,0,0,0,0,0,-1,1,-3,5,-3,1,-3,-3,-3,-6,-2,-9,-1,-12,-1,-15,1,-16,4,-18,7,-20,9,-22,8,-22,7,-22,9,-21,10,-18,10,-15,9,-13,7,-11,4,-11,1,-12,-4,-12,-12,-10,-16,-7,-21,-6,-26,-9,-29,-10"
59.356051206588745,334,"CSI,1077,128,83,49,21,0,-20,-23,-21,-22,-21,-22,-20,-20,-19,-14,-18,-10,-14,-7,-10,-3,-8,-2,-7,-1,-8,1,-10,3,-11,5,-11,8,-12,11,-14,12,-15,12,-12,11,-12,8,-13,4,-12,3,-10,4,-10,3,-9,2,-6,1,-1,-1,0,0,0,0,0,0,0,0,0,0,0,0,0,0,0,0,0,0,0,0,2,2,0,0,-1,-3,-3,-6,-5,-8,-6,-10,-3,-13,-2,-17,0,-20,3,-20,6,-21,7,-23,8,-25,10,-24,9,-20,7,-16,5,-15,2,-14,3,-11,1,-8,-4,-8,-9,-12,-13,-14,-18,-16,-21,-18,-21,-20"
59.45954418182373,335,"CSI,1081,128,83,49,21,0,-23,-17,-23,-17,-22,-16,-19,-17,-16,-16,-13,-12,-13,-9,-15,-5,-15,-3,-13,-1,-12,1,-10,3,-9,5,-11,6,-14,7,-15,7,-15,7,-13,6,-14,4,-15,1,-14,1,-12,2,-10,2,-9,0,-9,0,-2,0,0,0,0,0,0,0,0,0,0,0,0,0,0,0,0,0,0,0,0,0,2,-1,0,-2,-2,-3,-6,-3,-9,-6,-9,-8,-10,-9,-10,-12,-10,-16,-8,-21,-6,-26,-6,-25,-6,-23,-3,-22,0,-20,1,-17,-1,-15,-2,-13,-1,-11,-1,-10,-5,-11,-11,-13,-18,-13,-23,-14,-25,-15,-26,-13"
59.79483914375305,336,"CSI,159,128,75,-79,20,0,-29,-6,-27,-7,-24,-8,-23,-7,-23,-4,-22,-2,-23,-2,-23,-2,-15,3,-9,4,-8,1,-8,3,-7,8,-5,11,-4,14,-5,15,-7,14,-10,13,-11,10,-10,7,-7,7,-6,8,-6,6,-7,4,-7,3,-2,0,0,0,0,0,0,0,0,0,0,0,0,0,0,0,0,0,0,0,0,-1,0,-1,0,0,-1,0,-3,-2,-5,-4,-7,-5,-7,-7,-7,-12,-9,-16,-12,-19,-13,-23,-8,-22,-5,-20,-5,-21,-5,-20,-4,-18,-4,-15,-5,-12,-8,-12,-9,-10,-10,-6,-12,-4,-15,-3,-20,-2,-27,-3,-31,-5"
59.8662052154541,337,"CSI,1097,128,83,49,21,0,-22,17,-22,16,-21,16,-19,13,-18,9,-15,10,-11,10,-7,9,-8,9,-7,9,-2,8,3,7,6,7,8,7,9,8,11,8,11,8,11,7,12,8,12,10,10,10,7,7,5,6,4,3,3,1,0,0,0,0,0,0,0,0,0,0,0,0,0,0,0,0,0,0,0,0,0,-1,1,-2,-1,-1,-3,-1,-6,0,-9,-2,-10,-3,-13,-3,-15,-6,-15,-10,-15,-14,-16,-18,-14,-21,-12,-21,-9,-19,-9,-18,-9,-19,-10,-16,-10,-10,-9,-6,-9,-3,-9,1,-13,4,-18,6,-21,9,-23,12,-25,11"
59.96700429916382,338,"CSI,1101,128,83,49,21,0,18,20,16,21,16,18,15,15,13,13,12,10,8,9,3,10,5,9,10,3,10,-1,9,-5,7,-9,6,-10,7,-11,8,-11,8,-11,10,-10,12,-9,10,-12,9,-12,7,-10,6,-8,5,-6,3,-7,0,-2,0,0,0,0,0,0,0,0,0,0,0,0,0,0,0,0,0,0,-1,-1,-2,0,0,0,1,-1,2,1,2,6,1,9,0,14,-3,17,-7,18,-11,20,-15,21,-15,21,-15,19,-16,16,-16,14,-14,12,-11,9,-5,10,-1,11,1,8,5,8,9,12,12,13,16,14,20,18,21,20"
60.16181707382202,339,"CSI,1116,384,34,37,82,0,14,-22,12,-22,9,-20,9,-18,10,-17,8,-15,7,-14,9,-13,8,-13,3,-11,-2,-10,-8,-9,-10,-8,-9,-9,-10,-7,-11,-6,-11,-9,-10,-11,-10,-9,-10,-9,-9,-8,-8,-7,-6,-8,-4,-7,-3,-6,-1,-2,0,0,0,0,0,0,0,0,0,0,0,0,0,0,0,0,0,0,0,0,0,2,1,-1,2,-4,4,-5,7,-6,8,-7,11,-7,15,-6,19,-4,21,-3,22,-3,21,-1,20,1,18,3,17,4,14,6,13,4,11,0,9,-2,9,-5,9,-8,6,-10,4,-14,8,-19,10,-24,11,-25,-16,0,5,-14,3,-12,0,-11,-2,-10,-5,-12,-7,-12,-8,-9,-7,-3,-4,4,-1,6,0,3,-1,-2,-3,-7,-6,-7,-7,-5,-8,-4,-9,-3,-10,-4,-11,-4,-10,-2,-9,1,-9,3,-8,3,-8,1,-7,-1,-6,-3,-4,-2,-2,0,-1,0,0,0,-1,0,-1,-1,-1,-1,1,-1,3,0,10,1,9,1,9,1,8,1,11,1,11,3,13,4,13,5,13,5,11,3,11,1,11,1,12,1,11,1,12,0,13,0,16,-1,19,-1,21,-2,21,-2,18,-5,15,-8,14,-10,13,-11,11,-14,8,-15,5,-18,1,-20,-16,0,34,-14,32,-15,29,-14,26,-13,24,-12,21,-13,19,-17,18,-23,17,-28,16,-29,16,-28,15,-25,14,-23,13,-21,14,-21,14,-22,13,-24,13,-22,10,-20,8,-18,6,-14,4,-10,2,-8,0,-8,-2,-9,-3,-8,-4,-6,-3,-4,-1,-1,-1,0,0,0,-1,-1,-1,-1,1,0,4,1,11,4,13,3,13,4,13,3,12,2,11,-1,10,-2,11,-4,11,-4,14,-4,18,-3,24,-5,28,-5,31,-7,32,-7,31,-7,30,-5,30,-5,31,-6,29,-7,26,-8,25,-8,29,-8,33,-8,38,-9,40,-12,40,-15,37,-17"
60.26749014854431,340,"CSI,1116,384,34,37,82,0,-13,-22,-11,-21,-9,-20,-10,-19,-11,-16,-10,-13,-11,-11,-14,-7,-11,-4,-8,-1,-5,2,-4,5,-5,6,-6,8,-6,10,-6,10,-8,11,-9,11,-8,9,-9,8,-9,7,-8,7,-7,6,-6,5,-5,4,-2,1,0,0,0,0,0,0,0,0,0,0,0,0,0,0,0,0,0,0,-1,1,-3,4,-1,2,0,-1,3,-4,5,-6,6,-8,9,-8,11,-9,12,-11,16,-13,19,-12,20,-8,20,-5,18,-4,16,-3,13,-4,11,-5,9,-5,6,-5,2,-7,-3,-8,-5,-11,-5,-16,-4,-20,-4,-21,-6,-24,-19,0,-17,-1,-16,0,-16,3,-13,6,-9,8,-8,9,-10,7,-13,6,-17,5,-17,8,-15,11,-10,12,-7,13,-8,11,-8,10,-7,8,-6,7,-3,7,1,7,5,8,5,10,5,11,5,11,6,10,6,9,6,8,5,6,4,6,0,2,-1,0,-1,-1,0,0,-1,0,-1,-2,0,-5,0,-11,0,-11,0,-12,-1,-12,-3,-13,-6,-16,-8,-16,-9,-15,-9,-14,-7,-12,-4,-11,-2,-10,-5,-11,-9,-12,-13,-12,-14,-11,-13,-13,-11,-12,-10,-12,-11,-11,-13,-12,-15,-13,-17,-11,-17,-11,-18,-10,-18,-8,-18,-6,-17,-4,-19,0,-20,-26,-21,-26,-21,-25,-21,-22,-22,-17,-21,-13,-22,-13,-22,-14,-21,-16,-18,-17,-17,-15,-19,-11,-24,-9,-25,-9,-26,-11,-22,-11,-18,-9,-15,-5,-13,-2,-14,-1,-16,-2,-16,-3,-14,-4,-13,-4,-11,-3,-9,-2,-4,-1,-1,0,0,0,0,0,0,-1,0,0,0,0,-1,-1,-2,-2,-6,-6,-6,-7,-7,-7,-7,-8,-8,-8,-10,-7,-12,-7,-14,-8,-15,-10,-16,-11,-16,-13,-15,-16,-15,-18,-17,-19,-19,-21,-21,-23,-22,-24,-23,-27,-24,-28,-23,-29,-21,-28,-19,-27,-20,-27,-23,-27,-27,-26,-29,-25,-29,-22,-26,-20"
60.29807734489441,341,"CSI,1148,128,34,37,82,0,-12,25,-12,26,-11,27,-10,23,-8,20,-5,18,-1,15,3,10,4,7,4,4,5,2,5,2,6,2,10,2,14,1,17,1,16,2,15,0,14,-1,11,2,11,3,10,3,8,2,6,1,5,0,1,0,0,0,0,0,0,0,0,0,0,0,0,0,0,0,0,0,0,0,0,-2,1,-4,-1,-1,-3,1,-5,3,-6,4,-7,3,-11,2,-14,3,-17,2,-21,0,-23,-3,-23,-5,-24,-7,-21,-8,-18,-9,-15,-8,-12,-7,-9,-5,-8,-2,-8,4,-8,11,-7,14,-7,17,-8,21,-10,23,-11,24"
60.331441164016724,342,"CSI,1148,128,34,37,82,0,-13,-26,-13,-24,-12,-23,-10,-22,-10,-19,-9,-15,-7,-9,-7,-2,-6,-1,-3,-2,-4,0,-9,4,-10,5,-9,6,-10,8,-12,10,-11,10,-11,8,-12,7,-14,6,-13,6,-10,6,-7,5,-5,2,-4,-1,-1,-1,0,0,0,0,0,0,0,0,0,0,0,0,0,0,0,0,0,0,0,0,0,3,0,2,-1,-2,-1,-6,2,-8,4,-9,6,-10,7,-11,11,-15,17,-17,19,-16,18,-14,17,-11,19,-9,20,-7,15,-6,10,-7,8,-8,5,-7,0,-9,-5,-13,-6,-16,-7,-18,-7,-17,-9,-21,-11,-27"
60.36740016937256,343,"CSI,1149,128,34,37,82,0,-1,-29,-1,-28,-1,-25,-2,-22,-1,-22,0,-23,3,-20,5,-14,2,-9,-2,-7,-5,-5,-9,-4,-12,-2,-13,-3,-14,-4,-13,-3,-12,-3,-14,-2,-15,-2,-15,-4,-13,-5,-11,-4,-9,-3,-8,-3,-6,-4,-2,-1,0,0,0,0,0,0,0,0,0,0,0,0,0,0,0,0,0,0,-1,1,-1,4,0,0,-1,-3,0,-4,2,-8,4,-12,7,-13,9,-14,9,-15,13,-18,18,-19,19,-16,17,-10,19,-6,19,-5,17,-5,12,-6,8,-7,5,-8,3,-10,1,-15,-1,-18,-3,-17,-4,-21,-6,-26,-10,-27"
60.397988080978394,344,"CSI,1149,128,34,37,82,0,2,-28,3,-28,1,-27,-2,-24,-4,-22,-7,-20,-4,-17,4,-15,2,-10,-6,-6,-7,-4,-8,-1,-9,2,-8,2,-9,3,-13,5,-15,7,-16,7,-15,6,-12,5,-9,4,-8,2,-7,2,-8,3,-8,1,-2,-1,0,0,0,0,0,0,0,0,0,0,0,0,0,0,0,0,0,0,0,0,0,2,0,0,1,-3,4,-6,5,-7,8,-8,12,-8,15,-6,20,-5,24,-5,24,-5,24,-3,24,-1,23,1,20,1,18,1,14,0,9,-4,7,-7,7,-7,4,-9,2,-13,2,-20,2,-26,0,-26,-1,-24"
60.4312801361084,345,"CSI,1150,128,34,37,82,0,10,-28,10,-26,8,-21,4,-19,1,-20,0,-20,1,-18,3,-18,0,-17,-5,-14,-6,-9,-10,-5,-12,-5,-12,-7,-12,-5,-14,-2,-14,-2,-14,-4,-13,-5,-14,-5,-14,-6,-11,-5,-10,-3,-10,-4,-7,-7,-2,-2,0,0,0,0,0,0,0,0,0,0,0,0,0,0,0,0,0,0,-2,0,-4,2,-2,3,1,-1,3,-6,7,-6,11,-4,13,-3,14,-4,17,-4,21,-3,23,-1,22,1,21,3,20,5,20,6,17,5,14,4,11,1,8,-2,6,-4,6,-7,6,-9,5,-14,5,-18,5,-20,5,-22"
60.464617013931274,346,"CSI,1113,128,83,49,21,0,-29,3,-26,5,-24,5,-24,1,-21,0,-16,0,-15,3,-17,5,-17,6,-11,7,-4,7,0,8,0,11,2,13,2,12,-1,11,-1,11,0,14,0,16,0,15,1,13,-1,12,-3,10,-2,7,-1,4,-1,0,0,0,0,0,0,0,0,0,0,0,0,0,0,0,0,0,0,0,0,-2,1,-3,-1,-1,-3,-1,-5,-2,-9,-3,-12,-6,-12,-9,-12,-12,-12,-16,-12,-16,-10,-17,-10,-21,-9,-22,-6,-21,-4,-19,-6,-17,-5,-13,-3,-10,-3,-8,-6,-4,-10,-2,-15,0,-20,3,-24,6,-28,6,-32,7"
60.49523615837097,347,"CSI,1117,128,83,49,21,0,5,-27,2,-28,4,-25,5,-22,3,-19,0,-16,-1,-12,-4,-9,-5,-7,-4,-6,-6,-4,-9,-2,-11,-1,-13,1,-15,3,-17,3,-18,2,-18,1,-14,1,-13,0,-13,-2,-13,-1,-11,-1,-8,-1,-8,0,-2,0,0,0,0,0,0,0,0,0,0,0,0,0,0,0,0,0,0,0,0,0,0,3,0,1,1,-1,4,-2,6,-4,9,-5,10,-4,13,-2,17,-1,21,0,24,1,22,3,18,7,17,7,17,6,16,5,15,4,11,3,8,0,5,-3,4,-6,2,-10,-1,-15,0,-20,5,-23,6,-24"
60.524012088775635,348,"CSI,1121,128,83,49,21,0,28,-2,26,-3,24,-2,22,-1,19,1,17,2,16,3,16,3,14,-2,10,-6,7,-7,4,-8,4,-10,4,-13,3,-13,1,-11,3,-12,6,-14,6,-14,5,-11,5,-9,6,-7,7,-6,6,-3,4,-1,0,-1,0,0,0,0,0,0,0,0,0,0,0,0,0,0,0,0,0,0,1,-1,3,0,2,1,4,0,6,-2,7,0,11,2,15,0,17,3,18,8,18,11,18,12,16,14,12,15,10,17,11,17,10,15,7,12,5,7,6,5,8,5,10,1,13,-4,17,-6,20,-8,23,-9,25,-11"
60.681387186050415,349,"CSI,1129,128,83,49,21,0,-4,27,-4,27,-4,27,-4,22,-2,18,1,17,3,14,6,9,7,8,6,6,7,4,9,3,9,4,10,1,12,-1,15,0,15,2,12,2,10,2,10,2,10,3,10,5,10,6,8,5,5,5,0,1,0,0,0,0,0,0,0,0,0,0,0,0,0,0,0,0,0,0,0,-2,0,-5,0,-3,-2,1,-3,3,-5,4,-8,5,-11,8,-11,9,-14,8,-19,7,-24,3,-24,2,-23,2,-21,-1,-19,-1,-18,1,-14,1,-12,1,-8,4,-3,6,-3,8,-3,12,-3,17,-4,22,-4,26,-4,29"
61.09556031227112,350,"CSI,1145,128,83,49,21,0,-22,-20,-21,-22,-19,-21,-18,-18,-16,-16,-13,-15,-13,-11,-15,-3,-12,2,-9,2,-6,2,-5,5,-5,8,-6,11,-7,14,-6,14,-6,13,-6,13,-6,11,-6,9,-4,9,-4,9,-4,8,-3,7,-2,5,-1,1,0,0,0,0,0,0,0,0,0,0,0,0,0,0,0,0,0,0,0,0,0,1,-2,0,-1,-3,1,-4,3,-6,3,-11,5,-14,10,-14,14,-14,16,-13,16,-12,18,-11,20,-11,20,-9,16,-7,14,-7,14,-5,11,-5,4,-6,-2,-5,-4,-5,-4,-9,-6,-12,-11,-15,-18,-21,-20,-27"
61.29834604263306,351,"CSI,1153,128,83,49,21,0,4,-27,5,-26,7,-26,7,-24,4,-22,1,-20,-1,-19,-3,-17,-4,-11,-6,-5,-9,-3,-11,-3,-12,-2,-15,0,-17,-1,-16,1,-14,4,-13,4,-12,1,-13,0,-13,0,-12,-1,-10,0,-8,0,-3,0,-1,0,0,0,0,0,0,0,0,0,0,0,0,0,0,0,0,0,0,0,-1,-1,-2,-1,-1,-2,4,-3,6,-5,6,-4,9,-3,14,-3,15,-1,13,2,17,4,23,5,22,7,18,8,16,8,15,9,14,9,11,7,7,3,6,0,7,-3,6,-9,5,-13,3,-14,0,-18,1,-21,4,-19"
61.4007351398468,352,"CSI,1157,128,83,49,21,0,27,-9,26,-7,24,-6,20,-6,18,-7,16,-8,10,-9,3,-9,1,-7,0,-5,-2,-8,-6,-8,-8,-7,-8,-7,-9,-7,-10,-7,-12,-8,-13,-8,-12,-7,-10,-7,-9,-8,-8,-8,-8,-6,-5,-4,-3,-4,-1,-1,0,0,0,0,0,0,0,0,0,0,0,0,0,0,0,0,0,0,-1,-1,-1,-1,0,0,3,1,5,4,5,8,4,11,4,12,3,13,3,17,2,20,1,22,-1,24,-4,23,-6,19,-4,18,-3,17,-4,13,-3,8,0,4,3,2,7,2,12,-1,14,-6,18,-10,21,-10,21,-7"
61.50475215911865,353,"CSI,1161,128,83,49,21,0,18,19,15,17,16,14,17,13,16,11,13,11,10,8,5,4,3,2,4,-2,6,-6,7,-9,7,-10,6,-9,4,-10,4,-12,4,-13,5,-15,4,-14,2,-14,1,-12,0,-10,1,-7,3,-6,3,-6,0,-2,0,0,0,0,0,0,0,0,0,0,0,0,0,0,0,0,0,0,0,0,1,0,0,1,-2,4,-4,6,-4,7,-3,11,-4,13,-9,11,-13,11,-16,12,-18,14,-17,13,-17,10,-16,9,-17,8,-16,7,-12,6,-10,5,-10,5,-7,6,2,5,9,5,13,9,17,15,18,17,17,15"
61.53542232513428,354,"CSI,160,128,75,-79,20,0,24,14,23,12,20,7,19,7,19,6,19,4,14,2,7,0,3,-2,2,-5,1,-8,1,-11,-1,-12,-5,-12,-8,-14,-8,-16,-7,-14,-6,-12,-6,-11,-7,-10,-6,-9,-6,-10,-5,-9,-3,-7,-2,-6,-1,-2,0,0,0,0,0,0,0,0,0,0,0,0,0,0,0,0,0,0,1,-2,3,-4,1,0,1,4,-2,6,-4,7,-4,10,-6,12,-9,12,-10,11,-12,14,-14,17,-16,17,-16,13,-16,9,-16,8,-16,7,-14,5,-9,6,-4,9,-1,8,4,6,10,6,15,6,18,7,21,11,21,14"
61.56634712219238,355,"CSI,161,128,75,-79,20,0,-6,29,-5,27,-4,25,-2,25,0,22,1,18,1,11,0,4,2,2,6,1,5,0,5,-1,7,-4,8,-7,8,-8,7,-8,9,-9,11,-9,12,-10,10,-8,8,-8,8,-9,8,-10,7,-7,5,-4,1,-1,0,0,0,0,0,0,0,0,0,0,0,0,0,0,0,0,0,0,0,0,0,2,-2,1,-4,0,-5,0,-7,0,-11,-1,-14,-4,-17,-6,-20,-5,-21,-6,-22,-10,-22,-12,-19,-11,-17,-12,-16,-14,-14,-13,-11,-11,-7,-9,-5,-6,-5,-1,-4,6,-1,11,-1,15,-2,19,-2,23,-1,25"
61.914040088653564,356,"CSI,1177,128,83,49,21,0,17,-23,17,-21,17,-21,14,-18,11,-13,9,-13,7,-11,6,-6,2,-7,-2,-9,-6,-10,-8,-12,-8,-11,-8,-10,-8,-11,-8,-12,-8,-11,-8,-10,-7,-10,-7,-10,-7,-9,-6,-9,-4,-8,-2,-8,-4,-8,-2,-2,0,0,0,0,0,0,0,0,0,0,0,0,0,0,0,0,0,0,-1,0,-2,-1,-2,-3,-1,-5,2,-7,3,-8,6,-6,11,-5,13,-5,16,-3,20,-1,23,1,21,3,20,4,19,3,16,4,14,6,13,6,10,3,7,0,7,-3,7,-6,5,-11,5,-14,9,-18,13,-23,15,-27"
62.01516628265381,357,"CSI,1181,128,83,49,21,0,-33,-5,-30,-7,-26,-6,-19,-2,-16,1,-16,2,-14,7,-11,11,-8,8,-5,6,-2,7,-2,9,-1,8,2,8,2,11,2,13,3,12,4,11,5,11,7,10,7,10,6,10,5,8,3,6,-1,6,-1,1,0,0,0,0,0,0,0,0,0,0,0,0,0,0,0,0,0,0,0,0,0,1,-3,0,-5,-3,-5,-6,-5,-8,-5,-12,-3,-16,1,-17,3,-19,2,-20,3,-20,6,-21,7,-21,5,-20,4,-19,6,-17,4,-13,1,-9,-1,-6,-4,-5,-10,-4,-16,-4,-19,-1,-24,1,-30,1,-34,1"
62.11833906173706,358,"CSI,1185,128,83,49,21,0,8,-31,5,-29,3,-24,4,-20,4,-17,2,-14,-4,-14,-9,-15,-7,-10,-6,-5,-8,-4,-10,-4,-9,-4,-11,-4,-15,-1,-18,2,-18,2,-15,2,-14,2,-14,0,-13,0,-12,1,-12,0,-11,-1,-8,-3,-2,-1,0,0,0,0,0,0,0,0,0,0,0,0,0,0,0,0,0,0,-2,-1,-7,-3,-4,-4,1,-5,4,-7,7,-7,10,-7,14,-6,18,-4,20,-1,22,1,23,3,21,6,18,7,17,7,16,7,15,6,12,3,9,1,7,-1,3,-6,2,-12,4,-14,2,-16,2,-20,4,-23,6,-26"
62.22228407859802,359,"CSI,1189,128,83,49,21,0,-20,-24,-20,-21,-19,-18,-18,-17,-18,-14,-14,-10,-10,-4,-12,0,-10,1,-7,2,-8,5,-7,8,-5,8,-5,7,-7,10,-9,13,-8,15,-7,14,-7,11,-6,9,-5,8,-7,8,-7,8,-5,6,-5,4,-1,0,0,0,0,0,0,0,0,0,0,0,0,0,0,0,0,0,0,0,0,0,-1,1,-1,0,-2,-4,-3,-6,-3,-8,-1,-13,1,-18,4,-19,8,-20,10,-22,13,-23,15,-20,15,-17,15,-17,14,-15,11,-11,8,-8,8,-7,6,-7,0,-5,-6,-5,-12,-8,-18,-12,-22,-15,-24,-18,-28,-19"
62.32463812828064,360,"CSI,1193,128,83,49,21,0,-21,-19,-20,-19,-17,-16,-16,-14,-17,-10,-14,-6,-8,-2,-6,4,-6,6,-4,4,-5,5,-6,8,-5,11,-1,12,0,13,-1,13,0,13,-1,11,-4,11,-4,11,-2,11,-3,11,-3,10,-2,7,-2,6,-1,1,0,0,0,0,0,0,0,0,0,0,0,0,0,0,0,0,0,0,-1,0,-4,3,-3,1,-3,-3,-3,-7,-1,-9,2,-11,6,-12,9,-14,10,-17,11,-18,15,-18,17,-16,17,-12,16,-9,16,-10,16,-11,11,-8,5,-5,1,-5,-1,-6,-2,-8,-5,-9,-12,-9,-18,-12,-21,-16,-23,-16"
62.56841802597046,361,"CSI,162,128,77,-47,20,0,16,19,16,18,15,16,13,14,14,13,14,10,8,4,4,-5,4,-8,4,-7,4,-6,3,-8,2,-10,1,-10,1,-13,2,-17,5,-15,4,-12,3,-13,5,-15,4,-13,3,-11,4,-9,5,-7,7,-7,2,-2,0,0,0,0,0,0,0,0,0,0,0,0,0,0,0,0,0,0,1,-1,3,-1,1,-1,-1,3,-3,6,-6,7,-7,10,-7,12,-12,10,-16,8,-18,10,-21,11,-22,9,-21,7,-21,7,-19,6,-17,3,-13,3,-11,5,-9,6,-6,7,0,10,6,12,11,14,14,15,16,18,17,23"
62.73220920562744,362,"CSI,1209,128,83,49,21,0,27,-7,26,-5,23,-3,20,-5,19,-8,15,-9,10,-6,5,-2,4,-4,4,-7,1,-6,-3,-4,-6,-6,-10,-8,-13,-9,-15,-7,-15,-6,-14,-8,-12,-8,-11,-7,-10,-7,-9,-6,-7,-4,-6,-1,-3,0,-1,0,0,0,0,0,0,0,0,0,0,0,0,0,0,0,0,0,0,0,-1,-1,-2,-1,-1,-1,0,1,-1,5,0,8,1,9,2,11,2,15,0,19,-2,22,-3,24,-4,24,-4,22,-5,19,-6,17,-5,19,-3,18,-1,14,1,7,4,3,7,-1,11,-5,15,-6,20,-5,27,-5,28,-4"
63.03988194465637,363,"CSI,1221,128,83,49,21,0,-24,20,-23,19,-19,17,-15,16,-13,15,-10,13,-5,9,3,4,6,3,5,3,5,4,8,5,9,3,11,1,15,1,14,1,12,2,13,1,13,1,12,2,11,2,9,0,9,0,8,1,7,2,1,0,0,0,0,0,0,0,0,0,0,0,0,0,0,0,0,0,0,0,0,1,2,2,0,-2,-4,-2,-7,-2,-8,-5,-9,-7,-11,-8,-12,-10,-14,-12,-16,-14,-18,-19,-17,-23,-15,-23,-12,-21,-10,-19,-7,-19,-6,-16,-6,-12,-7,-8,-9,-4,-10,0,-9,3,-10,7,-13,14,-18,17,-20,18"
63.37717819213867,364,"CSI,163,128,75,-79,20,0,27,13,27,12,21,11,17,9,18,6,18,3,17,4,16,5,13,1,8,-2,3,-5,1,-10,0,-11,-2,-11,-2,-15,-1,-16,-2,-14,-2,-13,-1,-12,0,-12,-1,-12,-2,-11,0,-8,2,-7,2,-5,0,-1,0,0,0,0,0,0,0,0,0,0,0,0,0,0,0,0,0,0,0,0,0,-1,-1,0,0,3,3,6,2,10,0,13,-3,15,-6,17,-8,18,-9,19,-12,20,-14,20,-15,18,-14,17,-13,16,-10,15,-5,11,-3,9,-1,7,1,4,4,4,9,6,13,7,18,10,18,13,14,15"
63.41047120094299,365,"CSI,164,128,75,-79,20,0,15,-26,15,-24,13,-24,8,-22,6,-18,7,-15,9,-13,10,-10,6,-7,-1,-5,-5,-5,-9,-4,-11,-3,-12,-2,-14,-2,-15,-3,-15,-6,-13,-7,-12,-5,-12,-5,-11,-7,-11,-6,-8,-5,-5,-5,-3,-3,-1,-1,0,0,0,0,0,0,0,0,0,0,0,0,0,0,0,0,0,0,-2,-1,-3,-2,0,-3,3,-4,5,-3,9,-4,11,-4,12,-1,13,-1,15,1,19,5,23,7,24,8,25,8,22,9,16,10,12,8,11,6,11,3,10,-1,7,-4,5,-8,5,-12,6,-15,10,-19,13,-23,11,-25"
63.44099831581116,366,"CSI,1853,128,83,49,21,0,18,-2,19,-2,17,-1,12,0,10,0,12,0,8,-1,1,-1,1,-2,4,-2,5,-2,3,-5,-1,-6,-6,-6,-7,-6,-6,-7,-6,-7,-7,-4,-7,-2,-9,-4,-10,-6,-7,-5,-6,-6,-6,-7,-4,-5,-1,-1,0,0,0,0,0,0,0,0,0,0,0,0,0,0,0,0,0,0,-1,-1,-3,-2,-2,-3,0,-2,0,-2,-2,-1,-2,-1,-3,1,-5,0,-5,-2,-2,0,-3,4,-4,6,-4,5,-3,4,-5,4,-7,6,-8,8,-9,9,-8,9,-7,8,-6,7,-7,6,-6,4,-1,2,5,2,8,3"
63.47034025192261,367,"CSI,1237,128,83,49,21,0,-33,-3,-29,-2,-25,0,-23,1,-23,1,-19,1,-17,3,-18,6,-14,6,-5,6,-1,7,1,9,4,11,5,9,6,7,8,10,8,14,5,13,2,11,3,11,3,11,1,10,1,8,1,8,0,5,0,1,0,0,0,0,0,0,0,0,0,0,0,0,0,0,0,0,0,0,-1,0,-1,0,-3,-1,-5,-4,-6,-5,-6,-6,-5,-10,-5,-14,-5,-16,-1,-19,1,-21,1,-21,2,-22,4,-22,5,-22,6,-19,6,-17,2,-17,0,-11,-1,-7,-6,-6,-9,-5,-12,-4,-16,-4,-22,-3,-25,-2,-26,-2"
63.61691331863403,368,"CSI,1861,128,83,49,21,0,-12,-10,-11,-9,-11,-9,-10,-9,-8,-8,-10,-10,-8,-9,-2,-6,-3,-7,-6,-8,-5,-5,-4,-2,-4,1,-7,5,-8,6,-7,6,-5,6,-5,6,-7,5,-6,4,-6,5,-7,6,-7,5,-7,4,-7,2,-2,0,0,0,0,0,0,0,0,0,0,0,0,0,0,0,0,0,0,0,-1,-1,-2,-2,1,-1,3,-1,3,0,4,2,3,1,2,-1,2,-2,1,-5,0,-6,1,-6,3,-6,3,-7,3,-7,3,-9,3,-10,4,-9,5,-8,7,-8,8,-8,7,-7,6,-6,4,-6,-2,-5,-3,-5,-1,-5"
63.75805902481079,369,"CSI,1249,128,83,49,21,0,-23,-13,-22,-11,-22,-9,-21,-9,-20,-7,-18,-4,-15,-3,-10,-4,-8,-5,-6,-1,-5,4,-6,7,-5,9,-1,12,1,12,0,13,-1,14,-2,14,-2,13,-2,12,-2,13,-2,11,-2,7,-2,5,-1,5,0,1,0,0,0,0,0,0,0,0,0,0,0,0,0,0,0,0,0,0,0,1,2,3,-1,0,-4,-3,-4,-5,-2,-9,-1,-12,-1,-15,2,-17,6,-19,8,-21,10,-23,12,-22,12,-19,12,-17,12,-16,11,-13,7,-11,4,-10,1,-9,-3,-8,-8,-8,-11,-10,-13,-10,-18,-9,-22,-9,-21,-11"
64.0746841430664,370,"CSI,165,128,77,-47,20,0,21,-34,24,-33,23,-31,18,-27,15,-24,12,-22,13,-18,14,-11,10,-9,2,-12,-3,-12,-8,-10,-11,-8,-12,-7,-13,-8,-13,-11,-13,-14,-12,-16,-12,-14,-10,-12,-7,-13,-6,-13,-5,-9,-4,-6,-3,-5,-1,-2,0,0,0,0,0,0,0,0,0,0,0,0,0,0,0,0,0,0,-1,-1,-3,-1,-3,1,0,-1,3,-2,6,-1,9,1,12,4,14,6,15,9,17,11,20,12,22,13,21,13,19,12,17,9,15,10,16,10,15,5,15,-1,12,-5,11,-6,12,-10,12,-16,12,-22,15,-26,19,-27"
64.10513925552368,371,"CSI,166,128,75,-79,20,0,29,3,27,2,26,0,22,0,16,0,13,-2,11,-4,8,-8,6,-9,3,-7,0,-6,-2,-6,-1,-10,0,-14,0,-18,-1,-19,-1,-17,-1,-15,-2,-14,-2,-14,1,-12,2,-10,0,-10,0,-9,1,-10,0,-3,0,0,0,0,0,0,0,0,0,0,0,0,0,0,0,0,0,0,-1,0,-3,0,0,0,4,1,7,2,8,3,8,5,8,9,7,13,8,17,8,21,7,23,4,25,2,23,1,20,1,19,1,19,0,14,1,9,2,5,6,4,9,4,12,2,17,-1,22,-2,26,-1,27,-3"
64.13526010513306,372,"CSI,167,128,75,-79,20,0,27,-9,26,-7,23,-5,19,-6,16,-7,14,-7,10,-11,5,-14,2,-11,0,-9,-3,-9,-4,-9,-4,-12,-4,-13,-6,-13,-8,-11,-6,-12,-4,-12,-4,-11,-4,-11,-5,-12,-4,-11,-3,-9,-3,-9,-3,-9,-1,-3,0,0,0,0,0,0,0,0,0,0,0,0,0,0,0,0,0,0,-1,0,-2,-1,0,-1,2,-1,4,-2,7,-3,9,0,11,4,13,6,14,9,14,12,15,16,13,19,10,20,9,19,8,18,6,15,5,12,5,9,5,5,5,1,9,-2,12,-4,14,-8,17,-11,17,-12,15,-10"
64.17041516304016,373,"CSI,1265,128,83,49,21,0,-29,2,-27,0,-26,0,-24,2,-21,4,-19,2,-15,2,-11,6,-8,6,-5,6,-3,8,-1,9,0,10,1,14,0,15,-2,15,-3,16,-4,15,-3,13,-2,11,-1,10,-3,9,-4,8,-4,6,-5,5,-2,1,0,0,0,0,0,0,0,0,0,0,0,0,0,0,0,0,0,0,0,0,2,2,0,0,-1,-3,-4,-2,-6,-2,-7,-5,-10,-7,-14,-10,-17,-12,-17,-16,-15,-20,-11,-22,-8,-22,-6,-23,-5,-24,-4,-21,-4,-15,-2,-10,-3,-7,-6,-4,-10,-1,-14,1,-18,3,-23,3,-29,3,-32,4"
64.26871395111084,374,"CSI,1269,128,83,49,21,0,24,20,25,18,21,17,17,14,16,7,15,3,9,2,-2,2,-1,0,5,-3,2,-4,-2,-8,-3,-14,-2,-15,-1,-13,-1,-14,1,-16,5,-15,3,-12,-1,-12,0,-13,2,-11,0,-6,-1,-5,1,-5,0,-2,0,0,0,0,0,0,0,0,0,0,0,0,0,0,0,0,0,0,-1,-1,-3,-1,-2,0,-1,2,-2,6,-6,9,-7,13,-10,14,-13,12,-15,13,-18,13,-19,12,-18,14,-17,13,-15,9,-15,7,-15,8,-12,7,-9,5,-6,6,-1,7,2,8,5,11,13,13,19,14,20,18,15,24"
64.36950302124023,375,"CSI,1273,128,83,49,21,0,24,16,21,15,20,12,20,10,19,9,16,8,11,8,7,8,5,4,5,0,5,-3,5,-6,5,-9,6,-10,6,-12,5,-14,5,-14,4,-15,3,-14,5,-11,7,-11,6,-9,5,-7,5,-6,3,-5,0,-2,0,0,0,0,0,0,0,0,0,0,0,0,0,0,0,0,0,0,-1,-1,-4,-1,-3,-1,-1,1,1,3,3,5,4,8,4,13,1,16,-4,16,-7,18,-10,21,-12,22,-11,20,-12,20,-13,18,-11,16,-8,13,-5,10,-3,8,0,9,6,8,11,9,14,10,17,12,20,14,21,13"
64.78170228004456,376,"CSI,1289,128,83,49,21,0,-21,17,-18,17,-18,15,-18,14,-15,12,-13,12,-10,9,-6,4,-4,3,-3,6,-1,8,3,7,8,5,11,5,12,7,12,8,12,8,11,9,11,9,9,9,7,10,6,10,5,8,4,6,3,5,0,1,0,0,0,0,0,0,0,0,0,0,0,0,0,0,0,0,0,0,0,-1,0,-2,-2,-2,-4,-1,-5,-1,-8,-1,-13,-4,-17,-5,-17,-5,-17,-8,-17,-12,-17,-15,-18,-18,-17,-19,-17,-19,-16,-18,-14,-14,-11,-11,-11,-10,-11,-7,-11,-1,-12,4,-13,7,-14,12,-17,16,-20,18,-25,18"
64.98776316642761,377,"CSI,1297,128,83,49,21,0,-11,-26,-9,-26,-10,-25,-10,-22,-11,-19,-12,-15,-8,-11,-4,-12,-6,-10,-10,-6,-11,-4,-9,-1,-8,2,-10,3,-11,5,-11,9,-11,12,-11,9,-11,6,-11,5,-10,6,-9,5,-7,4,-5,3,-4,1,-1,0,0,0,0,0,0,0,0,0,0,0,0,0,0,0,0,0,0,0,-1,0,-1,0,0,-2,0,-5,0,-7,1,-9,2,-10,5,-10,8,-12,14,-12,18,-11,20,-12,20,-13,20,-13,20,-12,18,-10,18,-8,16,-7,11,-7,5,-7,2,-7,-1,-11,-6,-13,-11,-16,-15,-22,-16,-26,-12,-28"
65.1928482055664,378,"CSI,1305,128,83,49,21,0,-24,-10,-21,-13,-18,-14,-17,-13,-18,-10,-18,-7,-15,-2,-10,3,-5,3,-5,1,-9,2,-10,3,-10,5,-10,7,-11,8,-12,8,-11,8,-11,8,-12,4,-11,1,-9,1,-9,0,-10,1,-9,1,-7,0,-2,0,0,0,0,0,0,0,0,0,0,0,0,0,0,0,0,0,0,0,1,-1,5,-2,3,-1,0,-1,-4,-1,-8,-2,-11,-5,-15,-7,-17,-7,-14,-9,-12,-13,-13,-17,-13,-19,-9,-18,-6,-17,-6,-15,-4,-16,-3,-15,-3,-11,-6,-7,-8,-6,-8,-6,-12,-5,-18,-3,-23,-3,-26,-1,-26,-2"
65.29237723350525,379,"CSI,1309,128,83,49,21,0,26,-5,25,-4,25,-6,23,-6,18,-6,12,-7,5,-6,1,-3,1,-3,1,-5,-2,-7,-4,-9,-6,-8,-8,-9,-10,-10,-13,-12,-16,-10,-15,-9,-11,-11,-10,-10,-9,-10,-7,-9,-5,-6,-4,-3,-4,-3,-2,-1,0,0,0,0,0,0,0,0,0,0,0,0,0,0,0,0,0,0,-1,-1,-3,-3,-1,0,-1,4,-1,6,2,8,4,10,6,12,6,15,6,18,5,19,1,20,-2,20,-1,19,1,17,0,17,-1,17,-1,16,2,12,5,7,4,4,6,2,11,-1,14,-2,17,-3,22,-4,25,-1"
65.39592599868774,380,"CSI,1313,128,83,49,21,0,27,-6,26,-1,23,0,18,-4,16,-5,16,-4,11,-3,5,-3,4,-3,5,-4,0,-5,-3,-7,-3,-9,-3,-10,-4,-13,-5,-17,-6,-18,-6,-18,-4,-17,-4,-13,-4,-11,-4,-9,-2,-7,-2,-6,-2,-6,-1,-2,0,0,0,0,0,0,0,0,0,0,0,0,0,0,0,0,0,0,-2,-1,-5,-1,-3,0,2,1,6,2,7,2,7,5,9,10,10,12,7,13,6,16,9,19,6,20,2,20,2,21,3,22,1,18,0,13,1,12,5,9,9,3,10,0,12,-1,14,-1,18,0,23,-2,26,-4"
65.42630910873413,381,"CSI,168,128,75,-79,20,0,-14,23,-15,21,-13,17,-10,15,-8,16,-4,15,-3,13,-5,15,-3,13,2,7,4,4,6,3,10,2,11,2,12,1,14,2,14,5,11,5,10,2,10,0,10,0,11,0,9,2,6,3,6,0,1,-1,0,0,0,0,0,0,0,0,0,0,0,0,0,0,0,0,0,0,1,-1,5,-1,1,1,-4,2,-7,1,-9,0,-12,-1,-14,-2,-17,-3,-19,-6,-19,-10,-19,-11,-20,-10,-19,-11,-19,-11,-18,-12,-17,-13,-14,-12,-9,-8,-8,-4,-9,1,-7,7,-6,9,-8,11,-13,14,-16,19,-18,25"
65.49503517150879,382,"CSI,1316,128,83,49,21,0,27,14,25,16,20,15,17,11,16,6,14,5,10,5,4,3,3,0,3,-3,1,-4,2,-6,3,-9,1,-13,-2,-15,-1,-16,1,-15,0,-14,0,-13,0,-12,0,-11,0,-11,0,-10,0,-8,-1,-5,-1,-1,0,0,0,0,0,0,0,0,0,0,0,0,0,0,0,0,0,0,-1,0,-3,0,-1,1,-1,1,-2,4,-3,8,-4,11,-4,14,-7,15,-10,17,-13,17,-14,17,-14,17,-16,14,-16,11,-15,10,-13,10,-11,9,-8,8,-4,9,1,10,6,7,7,5,9,8,11,12,14,15,18,17"
65.5662841796875,383,"CSI,169,128,77,-47,20,0,4,25,4,24,5,20,5,20,7,21,5,17,2,15,3,16,8,13,10,6,9,2,8,-1,8,-3,10,-3,12,-3,13,-3,13,-3,12,-3,12,-4,12,-4,12,-1,8,2,6,1,8,0,6,1,1,0,0,0,0,0,0,0,0,0,0,0,0,0,0,0,0,0,0,0,-1,-2,-3,-4,0,-2,2,-1,3,1,2,5,2,10,0,12,-6,14,-8,17,-7,19,-9,18,-13,16,-15,15,-15,14,-14,10,-15,9,-14,9,-10,8,-8,8,-6,8,-1,9,4,14,7,17,9,18,10,19,10,21"
65.70233917236328,384,"CSI,1325,128,83,49,21,0,-26,14,-23,13,-21,12,-18,11,-15,9,-14,8,-11,7,-7,3,-5,2,-2,3,2,4,3,7,4,9,8,7,10,7,11,7,13,7,13,6,12,9,12,11,12,10,10,9,7,6,5,4,3,4,0,1,0,0,0,0,0,0,0,0,0,0,0,0,0,0,0,0,0,0,0,-1,2,0,-1,2,-3,2,-5,0,-8,-4,-13,-7,-14,-7,-12,-8,-12,-13,-14,-18,-17,-21,-16,-21,-14,-20,-12,-19,-9,-18,-8,-15,-9,-11,-8,-8,-6,-5,-5,-2,-6,0,-8,3,-10,6,-16,11,-22,15,-25,17"
65.90716433525085,385,"CSI,1333,128,83,49,21,0,-24,21,-25,20,-22,17,-17,15,-13,16,-11,14,-5,11,0,12,2,9,2,5,1,5,4,3,8,4,10,4,13,3,15,2,14,3,12,2,10,3,8,3,9,3,10,4,9,4,8,3,7,3,1,1,0,0,0,0,0,0,0,0,0,0,0,0,0,0,0,0,0,0,-1,0,-2,1,-1,0,-4,-1,-8,-2,-10,-4,-11,-7,-12,-9,-11,-12,-9,-15,-9,-17,-11,-20,-11,-22,-10,-21,-9,-20,-10,-20,-9,-18,-6,-12,-7,-9,-8,-8,-8,-7,-9,-2,-9,4,-12,8,-15,13,-17,15,-20,13"
66.2142379283905,386,"CSI,1345,128,83,49,21,0,1,-31,1,-30,2,-24,2,-20,1,-19,-1,-18,-4,-13,-7,-9,-6,-5,-4,-3,-5,-1,-7,0,-9,1,-11,1,-14,-1,-17,-1,-17,3,-16,3,-16,4,-16,2,-13,0,-10,-1,-9,-1,-8,-3,-7,-5,-2,-2,0,0,0,0,0,0,0,0,0,0,0,0,0,0,0,0,0,0,-1,-1,-2,-4,-2,-4,1,-6,4,-9,5,-10,7,-9,11,-8,14,-7,17,-3,21,-1,25,0,25,1,24,2,21,3,17,4,14,2,13,0,11,-2,8,-4,7,-6,7,-10,5,-15,2,-20,2,-23,3,-27,4,-31"
66.31759214401245,387,"CSI,1349,128,83,49,21,0,-15,25,-13,24,-11,22,-8,20,-6,19,-5,18,-3,13,0,5,-1,2,-1,2,3,2,7,1,8,0,9,-1,12,-4,16,-3,18,-3,16,-5,15,-5,14,-4,13,-3,11,-3,9,-1,6,0,2,-1,0,-1,0,0,0,0,0,0,0,0,0,0,0,0,0,0,0,0,0,0,1,0,4,2,1,2,-4,3,-8,3,-11,2,-15,0,-18,-2,-20,-6,-21,-8,-21,-10,-23,-13,-21,-14,-19,-16,-17,-18,-15,-16,-13,-9,-12,-3,-11,-1,-11,-3,-9,-2,-7,2,-8,8,-10,14,-12,18,-11,19,-10,21"
66.52066206932068,388,"CSI,1357,128,83,49,21,0,29,2,26,3,22,2,22,0,21,-1,16,-2,14,0,14,2,10,-2,4,-8,0,-10,-4,-11,-4,-13,-4,-14,-6,-14,-7,-13,-7,-13,-6,-14,-4,-15,-4,-16,-3,-14,-2,-13,-3,-12,-1,-9,3,-8,1,-2,0,0,0,0,0,0,0,0,0,0,0,0,0,0,0,0,0,0,-1,-1,-1,-2,1,0,4,2,6,4,7,8,6,12,4,15,2,17,-1,19,-2,20,-2,22,-2,22,-3,21,-3,20,-2,18,-3,15,-2,10,-1,6,2,7,5,7,8,3,13,0,17,-1,20,-1,24,-1,26,-1"
66.6249270439148,389,"CSI,1361,128,83,49,21,0,-25,16,-22,15,-19,15,-17,15,-15,14,-12,13,-12,11,-12,4,-8,4,-3,7,0,7,4,7,7,6,10,4,13,5,14,6,15,7,14,5,12,4,11,4,10,4,10,4,11,2,8,1,6,3,1,0,0,0,0,0,0,0,0,0,0,0,0,0,0,0,0,0,0,0,-2,1,-4,4,-3,3,-7,2,-10,-1,-11,-5,-10,-8,-10,-10,-12,-13,-12,-16,-12,-18,-12,-21,-10,-21,-7,-20,-7,-19,-7,-18,-5,-16,-3,-12,-3,-6,-5,-4,-8,-2,-9,3,-11,8,-15,10,-19,13,-23,17,-25,20"
66.72672724723816,390,"CSI,1365,128,83,49,21,0,-28,-9,-24,-8,-22,-7,-20,-5,-18,-5,-16,-4,-14,1,-15,7,-12,7,-6,6,-2,8,-1,8,1,10,3,13,2,14,1,13,2,13,4,12,5,11,6,12,6,13,5,10,3,9,0,9,-1,7,-1,1,0,0,0,0,0,0,0,0,0,0,0,0,0,0,0,0,0,0,-1,1,-2,4,-2,0,-2,-4,-2,-6,-2,-8,-1,-11,2,-15,4,-18,8,-20,12,-21,14,-19,12,-20,13,-23,14,-21,12,-17,11,-12,11,-9,8,-8,4,-7,-1,-6,-8,-6,-14,-6,-17,-5,-19,-3,-20,-4,-20,-6"
66.83070111274719,391,"CSI,1369,128,83,49,21,0,-25,-16,-24,-17,-21,-15,-18,-13,-16,-13,-17,-11,-16,-8,-14,-9,-13,-4,-9,4,-6,7,-5,9,-6,11,-7,12,-5,13,-2,14,-3,15,-3,16,-2,16,-3,15,-2,13,-2,12,-3,10,-4,8,-3,6,-1,1,0,0,0,0,0,0,0,0,0,0,0,0,0,0,0,0,0,0,0,1,-1,3,-3,1,-5,-2,-7,-4,-5,-8,-1,-12,2,-15,5,-16,8,-18,9,-19,10,-20,12,-20,13,-20,14,-17,13,-15,11,-14,8,-11,6,-9,4,-9,2,-9,-3,-8,-9,-6,-13,-7,-16,-10,-18,-13,-20,-15"
66.92941999435425,392,"CSI,1373,128,83,49,21,0,-4,30,-5,26,-7,23,-7,20,-5,17,-3,15,-1,13,0,8,0,4,0,4,5,5,9,7,12,7,13,5,13,6,11,8,11,9,11,9,11,9,8,10,6,9,6,8,6,8,4,7,2,6,0,1,0,0,0,0,0,0,0,0,0,0,0,0,0,0,0,0,0,0,-1,-2,-1,-4,1,-1,3,1,3,2,2,5,0,9,-3,11,-6,12,-11,13,-16,15,-18,12,-18,11,-18,9,-19,6,-21,5,-18,4,-14,2,-10,2,-8,4,-7,7,-5,10,-3,11,-3,14,-1,19,3,25,5,32"
66.95996522903442,393,"CSI,170,128,75,-79,20,0,29,-4,28,-2,24,-1,21,-2,18,-2,15,-1,16,0,19,-2,15,-6,8,-8,5,-9,2,-9,1,-11,1,-12,0,-12,0,-11,1,-12,3,-16,4,-16,5,-15,5,-13,5,-11,5,-11,4,-9,2,-7,0,-2,0,0,0,0,0,0,0,0,0,0,0,0,0,0,0,0,0,0,-1,0,-3,0,-3,-1,-2,-3,2,-3,4,-2,8,0,13,3,15,6,15,8,15,13,14,16,14,19,12,18,10,17,6,17,4,17,6,16,6,13,6,10,7,3,9,-1,11,-3,14,-5,18,-8,22,-10,24,-13"
66.99057626724243,394,"CSI,171,128,75,-79,20,0,16,22,13,21,10,19,12,17,14,14,13,14,12,10,14,3,13,1,9,-1,7,-4,7,-4,7,-4,6,-7,8,-12,9,-14,8,-13,7,-14,6,-15,5,-12,5,-9,6,-8,7,-6,7,-5,5,-5,1,-2,0,0,0,0,0,0,0,0,0,0,0,0,0,0,0,0,0,0,-2,-1,-8,-3,-5,-2,0,2,2,5,-1,4,-5,8,-9,13,-11,13,-14,13,-17,14,-21,12,-24,9,-20,6,-17,4,-16,5,-16,6,-16,4,-13,6,-7,8,-4,8,0,10,4,11,9,13,11,16,10,19,8,25"
67.02386832237244,395,"CSI,172,128,75,-79,20,0,26,-20,22,-20,18,-16,16,-14,12,-14,8,-12,6,-11,3,-7,1,-4,1,-5,0,-8,-2,-9,-6,-8,-9,-8,-11,-8,-11,-8,-12,-10,-15,-11,-13,-13,-11,-12,-9,-10,-7,-9,-6,-7,-5,-6,-5,-5,-1,-2,0,0,0,0,0,0,0,0,0,0,0,0,0,0,0,0,0,0,-1,-1,-3,-1,0,-2,3,-3,7,-4,9,-3,11,-1,15,2,17,4,19,6,19,9,18,13,17,15,15,16,12,15,11,15,10,14,7,10,4,8,6,6,7,1,6,-4,7,-8,11,-11,16,-17,18,-20,16,-18"
67.0574243068695,396,"CSI,1377,128,83,49,21,0,-2,-29,-1,-28,-3,-23,-3,-19,-2,-18,-4,-17,-3,-13,3,-9,1,-8,-6,-8,-8,-7,-9,-6,-12,-2,-13,2,-14,2,-13,2,-13,2,-13,0,-13,-1,-12,-1,-11,-2,-9,-1,-9,-1,-7,-3,-5,-4,-1,-2,0,0,0,0,0,0,0,0,0,0,0,0,0,0,0,0,0,0,-1,1,-2,4,-3,3,-1,-1,0,-6,1,-10,3,-11,5,-11,7,-12,12,-14,17,-15,19,-14,17,-12,16,-13,16,-12,17,-8,16,-6,12,-6,8,-6,7,-8,4,-10,0,-9,-3,-10,-5,-16,-6,-23,-9,-25,-10,-26"
67.23891830444336,397,"CSI,1385,128,83,49,21,0,-17,25,-17,24,-16,22,-12,19,-9,18,-9,18,-9,12,-8,5,-6,6,-3,8,1,8,5,9,7,7,9,4,12,3,14,3,13,3,14,4,15,2,13,1,10,2,9,3,8,4,7,5,4,3,0,0,0,0,0,0,0,0,0,0,0,0,0,0,0,0,0,0,0,0,1,-1,3,-2,-1,-2,-2,-2,-3,-2,-5,-1,-7,-1,-10,-2,-15,-4,-18,-7,-19,-11,-21,-14,-19,-16,-17,-19,-18,-19,-18,-17,-15,-15,-12,-12,-10,-9,-10,-7,-8,-4,-7,2,-9,9,-11,14,-14,18,-18,21,-22,23"
67.44010615348816,398,"CSI,1393,128,83,49,21,0,9,27,8,24,8,22,9,20,7,18,7,15,6,12,3,10,3,10,6,7,7,4,10,3,11,1,10,-2,13,-5,13,-5,10,-4,10,-5,11,-3,14,-2,15,-2,15,0,11,1,7,0,5,-1,1,-1,0,0,0,0,0,0,0,0,0,0,0,0,0,0,0,0,0,0,-2,-2,-4,-5,-1,-1,0,2,-1,5,-3,7,-3,11,-3,14,-6,15,-10,16,-13,16,-17,17,-21,17,-22,14,-20,11,-17,9,-15,7,-13,5,-12,4,-8,5,-3,7,2,9,6,11,8,14,10,19,11,23,11,23"
67.64739918708801,399,"CSI,1401,128,83,49,21,0,-5,27,-8,24,-7,23,-5,21,-2,20,2,19,0,16,-3,9,-1,6,4,6,9,3,9,0,8,-3,8,-6,9,-9,10,-10,11,-9,12,-8,11,-8,10,-8,10,-8,9,-9,8,-7,6,-3,4,-2,1,-1,0,0,0,0,0,0,0,0,0,0,0,0,0,0,0,0,0,0,0,0,1,0,0,1,-3,2,-6,1,-8,0,-11,0,-14,0,-16,-1,-20,-5,-24,-8,-26,-8,-26,-8,-23,-11,-20,-12,-18,-10,-16,-8,-14,-6,-13,-2,-13,0,-11,2,-9,7,-5,10,-3,13,-4,17,-6,21,-7,25"
67.8509681224823,400,"CSI,1409,128,83,49,21,0,-5,28,-10,27,-10,25,-5,22,-2,20,-3,20,3,16,12,10,7,4,0,4,1,6,7,7,11,5,11,3,13,6,16,8,15,7,13,6,11,7,11,6,11,6,9,7,6,7,3,8,0,10,-1,2,0,0,0,0,0,0,0,0,0,0,0,0,0,0,0,0,0,0,-2,-1,-5,-2,-1,1,1,4,1,7,2,10,1,10,-2,10,-7,11,-11,12,-14,14,-17,14,-19,11,-22,8,-22,7,-20,5,-16,4,-13,2,-10,1,-7,4,-5,9,-3,14,-4,15,-5,16,-3,20,-4,25,-6,28"
68.05725908279419,401,"CSI,1417,128,83,49,21,0,-20,22,-18,23,-16,22,-13,18,-12,14,-10,13,-8,10,-8,4,-7,5,-3,8,2,8,7,5,11,3,12,2,14,4,15,6,13,6,12,5,12,5,11,7,9,8,8,7,6,6,3,5,3,3,0,0,0,0,0,0,0,0,0,0,0,0,0,0,0,0,0,0,0,0,1,0,3,0,1,1,-3,2,-6,4,-8,3,-8,0,-12,2,-16,3,-19,-2,-20,-8,-23,-8,-24,-10,-20,-14,-18,-16,-16,-15,-15,-13,-13,-11,-10,-7,-9,-2,-10,3,-10,8,-8,11,-10,12,-11,15,-13,21,-17,24"
68.15912508964539,402,"CSI,1421,128,83,49,21,0,25,4,23,3,22,0,23,-3,21,-4,17,-4,12,-2,7,2,5,-1,4,-5,2,-6,-2,-6,-5,-8,-8,-10,-9,-13,-9,-16,-9,-16,-7,-15,-5,-13,-6,-13,-6,-14,-5,-14,-5,-12,-3,-9,-1,-8,0,-2,0,0,0,0,0,0,0,0,0,0,0,0,0,0,0,0,0,0,0,0,1,0,2,0,2,3,2,6,0,8,-1,11,0,12,0,13,-3,16,-4,21,-6,24,-9,24,-10,23,-10,21,-10,19,-12,15,-9,11,-4,12,0,13,3,11,7,8,12,3,15,1,19,2,23,3,25,3"
68.26210713386536,403,"CSI,1425,128,83,49,21,0,-28,4,-29,5,-26,6,-21,7,-19,8,-19,8,-19,4,-18,1,-15,5,-9,8,-2,8,3,8,3,8,2,7,6,9,9,13,9,14,8,12,7,11,7,10,6,11,5,10,4,8,2,7,1,7,0,1,0,0,0,0,0,0,0,0,0,0,0,0,0,0,0,0,0,0,-1,0,-1,1,0,1,-2,0,-6,-1,-7,-3,-8,-6,-9,-9,-11,-13,-12,-15,-12,-15,-12,-19,-13,-25,-11,-27,-7,-25,-3,-21,-3,-18,-4,-17,-5,-13,-6,-7,-8,-4,-11,-1,-13,2,-14,4,-18,6,-24,7,-27,6"
68.46619319915771,404,"CSI,1433,128,83,49,21,0,30,-4,28,-4,26,-1,24,-1,21,-6,19,-7,15,-7,10,-9,7,-9,5,-7,3,-5,2,-4,3,-6,1,-12,-4,-16,-6,-15,-5,-14,-5,-14,-5,-15,-2,-16,-1,-14,-1,-12,-1,-12,0,-11,4,-8,1,-2,0,0,0,0,0,0,0,0,0,0,0,0,0,0,0,0,0,0,-1,0,-3,-1,-4,-4,-1,-3,4,-2,7,-1,12,1,14,3,13,6,12,9,11,14,10,18,9,18,10,18,9,18,7,17,8,15,7,13,4,11,3,8,4,6,7,3,9,0,14,-3,21,-6,26,-10,29,-11"
68.57031607627869,405,"CSI,1437,128,83,49,21,0,29,-1,27,-1,26,-1,24,-2,20,-4,17,-4,15,-2,12,0,9,-2,8,-5,6,-6,5,-9,4,-12,0,-12,-3,-12,-4,-14,-3,-17,-2,-16,-2,-14,-2,-12,-1,-13,-3,-16,-4,-15,-1,-11,2,-7,0,-2,0,0,0,0,0,0,0,0,0,0,0,0,0,0,0,0,0,0,-1,-2,-1,-4,0,-1,1,-1,5,0,8,3,9,7,9,11,8,14,7,16,7,20,8,23,7,23,4,22,2,22,0,21,-1,19,-2,16,1,11,6,7,6,5,9,4,13,2,15,0,20,0,24,0,26,-1"
68.60089802742004,406,"CSI,173,128,77,-47,20,0,-10,30,-7,28,-6,25,-6,24,-4,23,-3,20,-4,17,-5,11,-3,9,0,8,4,4,7,2,10,0,11,-2,11,-2,13,-2,15,-2,15,0,15,0,14,1,14,1,14,0,11,1,7,2,4,2,0,0,0,0,0,0,0,0,0,0,0,0,0,0,0,0,0,0,0,0,1,-1,3,-3,0,2,-2,5,-5,6,-8,7,-11,8,-14,5,-15,4,-17,4,-21,2,-24,-1,-23,-4,-22,-5,-21,-5,-19,-5,-17,-5,-14,-7,-10,-4,-7,2,-6,6,-5,8,-3,10,-5,14,-7,19,-6,22,-5,22"
68.63318610191345,407,"CSI,174,128,77,-47,20,0,-28,-15,-24,-12,-22,-9,-21,-8,-21,-9,-20,-8,-17,-4,-17,1,-15,2,-11,2,-7,3,-3,5,-2,10,-3,15,-3,16,-5,16,-6,16,-5,16,-4,16,-4,15,-6,15,-8,13,-7,9,-5,6,-4,4,-1,1,0,0,0,0,0,0,0,0,0,0,0,0,0,0,0,0,0,0,-1,0,-3,1,-2,-2,-5,-2,-6,-1,-6,-4,-7,-10,-6,-15,-4,-18,-2,-20,0,-19,-1,-20,1,-20,8,-21,14,-22,13,-20,9,-18,8,-17,7,-13,1,-10,-3,-7,-7,-3,-12,-4,-17,-6,-20,-6,-23,-7,-26,-7"
68.6701192855835,408,"CSI,1441,128,83,49,21,0,0,28,0,26,2,24,3,23,4,24,4,21,3,17,2,17,4,15,7,10,8,6,11,3,12,1,11,0,12,-2,14,-3,14,-2,15,-1,17,-2,17,-2,15,-1,11,-1,9,-1,8,1,5,3,0,1,0,0,0,0,0,0,0,0,0,0,0,0,0,0,0,0,0,0,1,0,5,-1,2,-2,2,2,1,7,-3,9,-4,10,-4,11,-7,12,-13,11,-16,12,-17,15,-19,15,-19,12,-20,8,-19,5,-16,3,-13,1,-11,3,-10,6,-7,8,-2,11,1,17,1,20,3,22,3,24,3,24"
68.77272915840149,409,"CSI,1445,128,83,49,21,0,-5,31,-3,29,-2,22,-3,18,-6,20,-6,19,-11,10,-17,4,-10,10,-1,14,2,10,4,7,7,5,11,3,13,-2,11,-3,13,1,14,4,13,5,12,6,11,8,10,9,9,7,8,5,6,2,1,0,0,0,0,0,0,0,0,0,0,0,0,0,0,0,0,0,0,0,1,-1,5,-3,1,0,-3,1,-4,3,-7,6,-9,8,-11,9,-14,8,-14,6,-16,4,-20,5,-21,8,-19,6,-19,1,-20,-2,-21,-2,-19,-1,-12,0,-7,1,-6,4,-4,8,0,12,3,16,1,19,-1,23,-4,26"
68.87593412399292,410,"CSI,1449,128,83,49,21,0,26,-9,27,-8,26,-6,23,-7,21,-7,19,-5,14,-3,9,-1,7,-2,6,-5,3,-8,0,-11,-3,-11,-6,-9,-7,-9,-7,-12,-6,-15,-5,-15,-5,-13,-5,-12,-5,-12,-6,-11,-4,-10,-1,-9,0,-9,0,-3,0,0,0,0,0,0,0,0,0,0,0,0,0,0,0,0,0,0,-2,-1,-4,-3,0,-1,4,-1,6,0,9,1,12,3,10,7,8,9,10,13,13,18,12,20,11,19,11,18,9,19,7,17,5,14,4,14,4,11,7,9,9,6,11,1,14,-2,17,-3,20,-4,23,-6,25,-8"
69.07981014251709,411,"CSI,1457,128,83,49,21,0,-2,31,-4,29,-3,27,0,24,3,21,3,20,5,16,8,10,6,7,3,4,5,3,6,3,7,-1,11,-4,13,-6,13,-5,13,-5,13,-7,14,-7,13,-6,11,-5,10,-3,10,-1,8,0,5,-2,1,-1,0,0,0,0,0,0,0,0,0,0,0,0,0,0,0,0,0,0,-1,0,-2,1,0,1,1,1,0,3,-4,5,-8,6,-12,6,-16,5,-19,4,-22,3,-23,0,-22,-1,-22,-4,-20,-6,-20,-7,-18,-7,-13,-4,-9,-1,-6,3,-6,6,-6,9,-3,11,0,14,0,20,1,25,2,26"
69.18909692764282,412,"CSI,1461,128,83,49,21,0,23,-17,22,-15,21,-12,19,-11,16,-14,14,-15,10,-11,7,-4,7,-4,5,-8,1,-8,-3,-8,-4,-10,-4,-10,-8,-8,-11,-9,-11,-10,-9,-11,-8,-11,-9,-11,-9,-11,-6,-10,-4,-9,-4,-8,-4,-8,-1,-2,0,0,0,0,0,0,0,0,0,0,0,0,0,0,0,0,0,0,-2,-1,-4,-2,-1,-1,0,-1,2,-3,6,-5,9,-3,12,-2,13,-1,17,3,20,8,20,11,21,12,20,15,19,16,16,15,12,13,9,12,8,8,10,3,11,-2,11,-6,13,-10,12,-14,12,-17,17,-17,21,-19"
69.38743925094604,413,"CSI,1469,128,83,49,21,0,16,25,15,24,13,21,11,19,12,17,12,14,11,8,9,2,5,0,5,1,6,1,8,0,9,-2,9,-6,8,-9,9,-10,11,-9,11,-8,10,-8,10,-8,12,-6,13,-5,11,-3,8,-2,5,-1,1,-1,0,0,0,0,0,0,0,0,0,0,0,0,0,0,0,0,0,0,0,-1,-1,-5,0,-5,2,0,3,3,1,5,0,7,-1,9,-1,13,-2,15,-6,15,-10,17,-12,20,-12,19,-13,16,-14,14,-12,12,-7,8,-5,6,-3,7,-2,10,0,10,3,9,9,9,14,12,14,16,14,19"
69.48869824409485,414,"CSI,1473,128,83,49,21,0,24,17,25,14,23,8,21,6,21,8,20,9,13,0,8,-10,6,-6,7,0,7,-1,8,-5,7,-8,4,-8,6,-10,8,-11,7,-11,7,-11,10,-11,12,-12,11,-12,10,-12,9,-8,7,-3,5,0,1,0,0,0,0,0,0,0,0,0,0,0,0,0,0,0,0,0,0,0,-1,-1,-2,-3,0,-3,1,1,4,3,7,3,9,5,10,9,8,13,6,16,5,21,5,24,4,24,2,23,1,20,-4,19,-8,21,-6,16,-4,9,0,4,4,2,6,2,11,1,16,5,19,11,20,11,23,9"
69.69659519195557,415,"CSI,1481,128,83,49,21,0,31,-12,27,-13,21,-10,17,-10,16,-12,15,-11,10,-9,5,-10,3,-8,0,-6,-3,-7,-4,-8,-7,-10,-10,-11,-12,-11,-11,-11,-9,-12,-7,-13,-7,-14,-9,-14,-9,-13,-8,-11,-6,-9,-3,-9,0,-7,0,-2,0,0,0,0,0,0,0,0,0,0,0,0,0,0,0,0,0,0,-1,-1,-4,-3,-3,-3,-1,-3,3,-2,9,1,13,4,13,6,13,6,15,9,14,12,11,15,12,17,12,18,10,18,9,17,7,16,5,14,5,11,7,6,7,3,7,0,9,-5,13,-8,16,-12,19,-13,21,-11"
70.30693030357361,416,"CSI,1505,128,83,49,21,0,5,25,5,26,6,24,7,19,7,18,5,18,7,16,10,12,8,6,7,3,7,2,7,0,9,0,13,2,15,5,16,4,17,2,18,1,16,3,16,5,13,5,11,5,10,6,8,6,5,6,1,1,0,0,0,0,0,0,0,0,0,0,0,0,0,0,0,0,0,0,-1,-2,-1,-5,0,-3,1,1,2,3,2,5,2,8,0,11,-4,14,-6,14,-6,17,-8,21,-11,22,-12,18,-14,14,-14,11,-12,9,-10,8,-8,7,-5,8,0,11,3,13,5,14,6,14,7,18,9,22,11,23"
70.55890321731567,417,"CSI,175,128,75,-79,20,0,-11,23,-11,22,-11,23,-10,24,-8,22,-5,19,-5,16,-5,13,-2,10,2,9,5,9,8,10,9,7,11,6,14,6,15,7,14,6,13,5,12,4,14,3,16,5,16,8,12,8,6,6,3,4,0,0,0,0,0,0,0,0,0,0,0,0,0,0,0,0,0,0,0,0,0,-1,2,-1,0,0,-2,3,-3,3,-4,4,-8,4,-13,2,-16,1,-18,2,-21,-1,-21,-5,-21,-7,-19,-7,-18,-8,-16,-8,-15,-7,-15,-7,-12,-6,-11,-1,-10,5,-8,8,-8,11,-10,14,-11,20,-11,24,-12,27"
70.71953511238098,418,"CSI,1521,128,83,49,21,0,-16,24,-13,23,-12,21,-11,21,-8,21,-6,19,-5,15,-7,9,-5,6,0,5,5,5,9,5,11,4,13,2,16,0,19,1,21,1,18,1,14,3,16,4,16,4,14,4,12,3,10,3,7,4,1,1,0,0,0,0,0,0,0,0,0,0,0,0,0,0,0,0,0,0,0,-1,3,0,1,1,-3,2,-6,2,-9,1,-10,-1,-12,-1,-15,-2,-15,-5,-19,-5,-21,-4,-18,-9,-16,-14,-16,-13,-14,-12,-12,-11,-12,-9,-12,-7,-9,-4,-7,1,-6,6,-6,10,-5,15,-6,21,-9,26,-12,27"
70.81999611854553,419,"CSI,1525,128,83,49,21,0,0,30,0,27,0,23,2,21,4,20,7,20,7,17,0,12,0,10,4,8,5,4,8,2,11,0,12,-3,15,-4,17,-5,16,-7,15,-7,15,-7,15,-5,14,-4,11,-3,10,-1,9,2,8,2,2,0,0,0,0,0,0,0,0,0,0,0,0,0,0,0,0,0,0,0,0,0,2,2,1,2,1,4,-1,5,-3,5,-5,6,-8,8,-11,8,-16,6,-21,4,-23,2,-23,0,-23,-1,-22,-3,-20,-3,-18,-2,-17,-3,-13,-2,-8,3,-4,7,-3,8,-3,9,1,12,4,18,1,24,-2,27"
70.92369818687439,420,"CSI,1529,128,83,49,21,0,13,29,12,26,10,23,10,20,12,19,11,18,13,16,16,15,15,11,9,4,5,0,6,-3,9,-6,12,-7,12,-8,12,-11,13,-11,13,-8,12,-7,11,-8,11,-9,13,-7,11,-5,8,-3,6,-1,1,-1,0,0,0,0,0,0,0,0,0,0,0,0,0,0,0,0,0,0,0,-1,1,-2,1,0,-1,2,-1,4,-1,6,-6,7,-10,9,-9,11,-11,11,-15,10,-17,11,-20,9,-20,6,-19,7,-18,8,-16,6,-13,5,-10,5,-8,7,-5,8,-2,8,2,9,5,13,8,17,10,20,9,22"
71.0284972190857,421,"CSI,1533,128,83,49,21,0,-15,-26,-16,-24,-14,-20,-13,-16,-14,-15,-12,-14,-12,-12,-14,-13,-14,-10,-11,-4,-10,1,-9,6,-7,10,-6,11,-8,11,-9,14,-9,17,-6,18,-6,16,-8,15,-7,12,-6,9,-6,8,-5,8,-4,7,-1,1,0,0,0,0,0,0,0,0,0,0,0,0,0,0,0,0,0,0,-2,0,-4,0,-3,-4,-3,-6,-1,-7,2,-8,5,-9,7,-9,10,-9,11,-9,14,-9,18,-9,22,-10,24,-9,23,-6,20,-2,17,0,13,0,9,-2,7,-3,3,-4,-2,-8,-5,-9,-8,-9,-11,-13,-13,-18,-16,-21"
71.1310031414032,422,"CSI,1537,128,83,49,21,0,-32,-14,-27,-12,-19,-7,-19,-5,-21,-4,-22,0,-24,5,-26,6,-21,4,-12,4,-8,6,-6,6,-6,5,-6,7,-5,11,-4,16,-5,19,-5,18,-5,15,-7,13,-8,11,-8,9,-8,7,-8,5,-6,5,-2,1,0,0,0,0,0,0,0,0,0,0,0,0,0,0,0,0,0,0,-1,-1,-1,-1,-1,-1,-2,0,-6,-1,-9,-4,-10,-7,-9,-8,-6,-11,-4,-16,-2,-19,-3,-20,-5,-19,-1,-20,2,-21,2,-18,4,-14,4,-12,0,-11,-5,-9,-7,-8,-10,-5,-11,-2,-13,-2,-22,-2,-26,-2,-22,-3"
71.74596405029297,423,"CSI,1561,128,83,49,21,0,-26,-25,-22,-26,-20,-21,-20,-15,-21,-12,-18,-10,-14,-6,-11,2,-9,5,-9,5,-8,8,-9,9,-10,11,-9,14,-8,16,-6,18,-5,19,-5,18,-5,14,-5,13,-4,14,-4,13,-3,12,-2,9,-3,7,-1,1,0,0,0,0,0,0,0,0,0,0,0,0,0,0,0,0,0,0,0,1,0,3,-2,-1,-3,-4,-1,-5,1,-7,1,-10,3,-11,7,-12,12,-15,14,-18,16,-19,17,-15,17,-11,18,-11,19,-12,17,-11,13,-10,7,-8,4,-7,1,-7,-4,-8,-11,-9,-15,-12,-17,-17,-21,-21,-23,-23"
71.84591627120972,424,"CSI,1565,128,83,49,21,0,32,13,32,16,29,16,25,13,22,7,19,4,19,1,19,-3,12,-6,6,-8,5,-9,3,-11,1,-13,1,-17,-1,-21,-3,-22,-4,-20,-3,-19,-2,-19,-2,-19,0,-16,2,-15,2,-14,2,-10,1,-7,0,-2,0,0,0,0,0,0,0,0,0,0,0,0,0,0,0,0,0,0,0,-1,1,-4,2,-4,3,-2,2,1,2,3,0,8,-3,13,-4,16,-4,17,-7,17,-9,20,-12,22,-14,22,-18,20,-21,17,-20,15,-15,13,-10,11,-8,7,-3,5,4,6,9,6,15,6,20,7,22,8,27,10"
72.15431118011475,425,"CSI,1577,128,83,49,21,0,-28,2,-27,6,-25,7,-24,5,-21,5,-18,5,-16,7,-16,9,-12,6,-7,5,-4,5,-2,6,1,8,3,11,4,14,3,15,3,16,2,17,0,17,0,15,1,14,1,14,0,12,-2,10,-3,7,-1,1,0,0,0,0,0,0,0,0,0,0,0,0,0,0,0,0,0,0,-1,0,-2,1,0,0,-1,-2,-5,-4,-6,-5,-7,-5,-10,-6,-12,-9,-12,-12,-11,-15,-10,-18,-9,-18,-11,-18,-13,-19,-10,-21,-7,-23,-4,-20,-2,-15,-4,-11,-6,-8,-7,-6,-9,-3,-13,1,-18,5,-22,9,-25,11"
72.25129127502441,426,"CSI,1580,128,83,49,21,0,1,30,1,30,2,29,1,25,1,22,1,19,3,18,7,19,7,15,7,7,8,3,9,0,11,-2,13,0,14,1,15,1,18,1,18,0,17,-1,16,0,14,1,13,1,11,2,9,2,8,3,2,1,0,0,0,0,0,0,0,0,0,0,0,0,0,0,0,0,0,0,0,-1,2,-2,1,0,-2,2,-4,5,-4,7,-7,9,-9,9,-9,9,-12,10,-17,11,-19,11,-19,7,-19,6,-19,6,-21,6,-21,4,-17,3,-14,2,-10,1,-6,2,-3,6,1,11,3,15,3,21,4,26,5,28"
72.46267819404602,427,"CSI,1589,128,83,49,21,0,-11,-31,-9,-29,-6,-26,-7,-22,-11,-19,-11,-18,-10,-14,-12,-11,-12,-8,-10,-4,-8,-1,-5,0,-7,3,-11,6,-13,6,-14,5,-14,7,-14,8,-16,8,-17,7,-15,8,-13,7,-11,2,-11,0,-12,0,-3,0,0,0,0,0,0,0,0,0,0,0,0,0,0,0,0,0,0,0,-1,0,-2,2,-2,0,-1,-2,0,-6,0,-8,1,-8,3,-10,4,-11,7,-13,10,-17,15,-18,17,-15,17,-13,17,-12,17,-7,14,-5,11,-5,10,-2,8,-1,3,-5,0,-10,-1,-12,-5,-13,-10,-17,-14,-22,-17,-23"
72.56450605392456,428,"CSI,1593,128,83,49,21,0,-25,14,-25,15,-25,13,-22,11,-22,13,-21,12,-19,10,-16,11,-11,10,-6,9,-4,7,-3,7,-1,9,1,11,1,14,-2,16,-4,16,-3,14,-4,14,-4,14,-4,13,-5,12,-6,11,-4,7,-2,5,-1,1,0,0,0,0,0,0,0,0,0,0,0,0,0,0,0,0,0,0,-1,-2,0,-5,-1,-1,-3,1,-5,3,-7,6,-9,6,-12,5,-14,4,-17,2,-20,-2,-22,-3,-23,-2,-25,-2,-24,-3,-21,-6,-20,-8,-17,-8,-11,-6,-10,-3,-11,-2,-11,1,-11,5,-15,9,-18,14,-19,19,-21,22"
72.86842322349548,429,"CSI,1605,128,83,49,21,0,0,32,2,32,1,31,0,27,1,23,1,20,5,19,11,17,8,11,3,6,5,3,8,1,10,1,12,3,16,2,18,1,18,1,17,3,16,4,16,6,15,5,15,4,13,4,10,4,7,6,1,1,0,0,0,0,0,0,0,0,0,0,0,0,0,0,0,0,0,0,-1,0,-3,0,-4,-1,-4,1,-3,4,-3,6,-4,10,-7,11,-10,11,-12,12,-14,15,-16,16,-18,15,-18,15,-21,14,-25,11,-24,9,-21,6,-17,5,-13,8,-9,10,-5,11,-2,13,3,17,8,22,7,29,3,30"
73.07533311843872,430,"CSI,1613,128,83,49,21,0,30,-3,30,-3,26,-4,24,-7,21,-7,17,-7,13,-4,10,0,9,-3,6,-8,0,-9,-3,-10,-5,-10,-9,-10,-13,-9,-15,-9,-14,-10,-11,-9,-12,-9,-13,-10,-12,-9,-8,-9,-7,-8,-6,-5,-5,-1,-2,0,0,0,0,0,0,0,0,0,0,0,0,0,0,0,0,0,0,0,-1,0,-3,-1,-3,-2,-3,-3,1,0,5,4,5,8,0,12,-2,14,-1,16,-1,20,-2,22,-5,23,-7,24,-8,25,-9,23,-9,21,-10,17,-8,13,-4,12,-2,9,0,4,5,1,11,-2,18,-6,26,-6,31,-7"
73.17851901054382,431,"CSI,1617,128,83,49,21,0,22,-22,17,-21,14,-21,15,-19,16,-16,14,-16,7,-10,2,2,7,0,8,-7,1,-12,-5,-17,-7,-16,-4,-15,-5,-18,-7,-21,-6,-21,-4,-20,-4,-19,-3,-19,-3,-18,-3,-17,-2,-14,-1,-10,0,-7,0,-2,0,0,0,0,0,0,0,0,0,0,0,0,0,0,0,0,0,0,-1,1,-5,3,-5,1,-2,1,0,0,4,-4,7,-7,7,-7,9,-8,14,-7,18,-5,22,-2,25,3,25,9,23,10,22,6,21,3,17,3,10,2,9,-1,9,-3,6,-5,5,-7,6,-13,10,-18,12,-19,13,-19"
73.27842831611633,432,"CSI,1621,128,83,49,21,0,27,1,25,-1,23,-3,22,-3,23,-5,22,-5,12,-8,0,-15,-4,-9,-2,-1,2,-1,4,-3,3,-8,1,-15,1,-18,2,-16,4,-16,6,-17,7,-16,8,-15,9,-13,6,-10,4,-7,6,-6,10,-4,2,-1,0,0,0,0,0,0,0,0,0,0,0,0,0,0,0,0,0,0,-2,0,-6,3,-5,2,0,1,4,-1,6,-4,8,-4,10,-1,12,3,13,5,14,8,15,11,15,16,15,19,15,16,14,14,12,15,6,14,2,12,1,8,2,5,5,3,7,-1,9,-6,12,-9,19,-9,24,-8"
73.38404726982117,433,"CSI,1625,128,83,49,21,0,-26,-15,-24,-17,-24,-17,-22,-13,-20,-10,-18,-9,-17,-4,-17,-1,-14,-1,-9,0,-7,0,-6,3,-5,8,-5,13,-4,16,-3,15,-2,14,-2,14,-1,15,-2,15,-5,14,-6,11,-6,9,-4,10,-2,10,-1,2,0,0,0,0,0,0,0,0,0,0,0,0,0,0,0,0,0,0,1,0,4,3,2,2,-1,0,-2,-3,-3,-8,-3,-12,-4,-13,-4,-15,-2,-19,0,-20,1,-21,4,-22,6,-23,7,-21,10,-19,11,-17,10,-15,6,-14,3,-12,1,-9,-2,-8,-7,-8,-12,-7,-18,-8,-23,-10,-25,-10"
73.5881700515747,434,"CSI,1633,128,83,49,21,0,23,-18,22,-15,20,-12,18,-11,17,-13,15,-16,13,-14,13,-8,14,-6,11,-9,3,-11,-2,-9,-3,-7,-6,-7,-8,-10,-10,-13,-12,-15,-12,-14,-11,-14,-10,-14,-9,-14,-7,-12,-5,-11,-4,-9,-3,-6,-1,-2,0,0,0,0,0,0,0,0,0,0,0,0,0,0,0,0,0,0,-1,0,-4,0,-3,1,0,2,1,2,3,1,8,1,10,6,10,10,12,12,12,15,13,15,14,15,14,17,12,18,10,19,10,19,8,16,7,14,8,11,7,6,6,1,8,-2,12,-5,16,-11,21,-14,24,-12"
73.6911952495575,435,"CSI,1637,128,83,49,21,0,-18,-20,-16,-20,-16,-21,-18,-19,-18,-15,-16,-11,-13,-6,-9,-2,-6,-2,-6,-2,-7,2,-7,3,-7,7,-7,11,-7,13,-7,15,-8,16,-10,15,-11,14,-10,13,-10,11,-10,9,-10,7,-9,5,-7,2,-2,0,0,0,0,0,0,0,0,0,0,0,0,0,0,0,0,0,0,0,0,1,0,4,0,1,-1,0,-2,-1,-4,-4,-3,-7,1,-9,3,-11,5,-14,7,-18,10,-19,14,-18,16,-18,12,-17,10,-13,11,-10,13,-9,11,-9,9,-8,5,-6,0,-7,-4,-8,-9,-8,-13,-11,-15,-15,-16,-17"
73.75437521934509,436,"CSI,2243,128,83,49,21,0,-10,8,-12,12,-15,16,-13,16,-10,12,-7,10,-6,5,-3,-1,-3,2,-6,5,-5,5,-1,5,2,2,3,-1,5,-2,6,0,8,1,8,1,6,1,6,1,7,0,6,-1,5,0,4,2,2,2,0,0,0,0,0,0,0,0,0,0,0,0,0,0,0,0,0,0,0,0,1,-1,4,-1,5,-2,7,-3,7,-4,5,-4,3,-3,0,-3,-1,-6,-2,-6,-3,-7,-3,-8,-3,-9,-5,-9,-7,-11,-7,-13,-7,-15,-5,-15,-4,-12,-4,-9,-5,-7,-5,-8,-4,-8,-3,-5,-4,1,-7,5,-9,5"
73.79233622550964,437,"CSI,176,128,77,-47,20,0,-26,-21,-25,-20,-25,-16,-24,-14,-20,-14,-19,-11,-17,-9,-12,-11,-13,-10,-12,-4,-7,3,-3,6,-2,8,-2,11,-2,13,-1,17,-2,21,-5,20,-6,18,-5,17,-4,14,-3,13,-3,12,-3,9,-4,6,-2,1,0,0,0,0,0,0,0,0,0,0,0,0,0,0,0,0,0,0,-1,0,-3,3,-3,3,-1,0,0,-5,-1,-8,2,-9,6,-9,10,-9,16,-11,21,-11,23,-11,23,-13,21,-14,20,-12,20,-11,19,-10,15,-9,12,-8,10,-8,6,-7,0,-7,-5,-9,-9,-8,-12,-8,-16,-12,-16,-15"
73.82338523864746,438,"CSI,1641,128,83,49,21,0,29,-7,26,-6,22,-8,19,-10,19,-8,18,-6,17,-10,14,-15,7,-13,2,-8,0,-6,-1,-5,-4,-4,-9,-6,-13,-9,-13,-11,-12,-13,-13,-13,-15,-13,-15,-12,-12,-12,-10,-11,-7,-10,-5,-9,-4,-7,-1,-2,0,0,0,0,0,0,0,0,0,0,0,0,0,0,0,0,0,0,-2,-2,-4,-5,-2,-4,-2,-1,-1,3,2,5,3,5,3,8,3,12,2,16,1,18,1,20,-2,22,-5,22,-5,22,-6,22,-7,20,-5,18,-2,14,1,11,3,7,5,5,5,2,8,-3,13,-8,17,-8,20,-5"
73.89447236061096,439,"CSI,1645,128,83,49,21,0,2,-30,1,-29,0,-26,1,-24,-2,-23,-3,-18,0,-16,2,-18,-2,-15,-4,-8,-6,-4,-11,1,-13,5,-10,4,-10,3,-15,5,-18,4,-18,2,-18,2,-17,0,-15,-1,-13,0,-10,0,-6,-3,-3,-6,-1,-2,0,0,0,0,0,0,0,0,0,0,0,0,0,0,0,0,0,0,-1,1,-3,3,-2,2,-2,0,0,-3,1,-5,3,-7,6,-9,8,-10,12,-10,17,-11,21,-10,21,-9,22,-8,24,-4,24,-1,19,0,13,1,9,1,10,0,7,0,3,-2,1,-8,-1,-13,-4,-18,-6,-22,-8,-23"
73.99644422531128,440,"CSI,1649,128,83,49,21,0,-23,11,-27,10,-27,8,-24,9,-20,10,-16,9,-12,8,-6,10,-4,6,-4,2,-2,2,2,4,7,6,11,7,14,6,15,4,13,4,12,5,13,4,13,5,11,5,10,6,7,7,5,5,2,3,0,0,0,0,0,0,0,0,0,0,0,0,0,0,0,0,0,0,0,0,0,1,0,3,-2,0,-4,-3,-6,-5,-8,-8,-8,-11,-9,-12,-9,-13,-8,-16,-7,-19,-5,-22,-2,-22,-1,-22,-1,-23,-1,-22,-1,-20,-1,-18,-3,-15,-4,-12,-4,-8,-7,-2,-11,5,-13,8,-16,9,-20,9,-23,9"
74.09997797012329,441,"CSI,1653,128,83,49,21,0,-10,-28,-13,-26,-14,-22,-12,-18,-12,-14,-13,-12,-8,-10,-1,-6,-3,-2,-8,1,-7,1,-6,3,-4,9,-2,12,-2,13,-2,16,-3,16,-4,15,-5,14,-6,12,-6,9,-6,9,-5,10,-3,7,-1,2,0,0,0,0,0,0,0,0,0,0,0,0,0,0,0,0,0,0,0,0,-2,-1,-5,-4,-1,-5,3,-5,5,-7,6,-7,9,-8,13,-10,17,-9,20,-6,22,-7,24,-8,25,-5,24,-2,21,-1,20,0,16,1,12,0,11,-2,10,-3,6,-5,3,-8,0,-9,-5,-11,-11,-17,-14,-20,-12,-21"
74.20076322555542,442,"CSI,1656,128,83,49,21,0,0,-25,0,-24,-2,-23,-4,-21,-6,-19,-5,-18,-2,-13,1,-5,-1,-3,-4,-4,-7,-3,-11,0,-12,3,-11,5,-10,7,-10,11,-9,12,-7,11,-6,9,-6,9,-6,10,-5,8,-5,7,-5,6,-4,3,-1,0,0,0,0,0,0,0,0,0,0,0,0,0,0,0,0,0,0,0,-2,-1,-5,-2,-2,-2,2,-3,6,-4,9,-3,10,-2,13,0,17,2,20,3,20,6,19,9,21,8,23,8,20,10,14,11,10,12,9,10,7,5,6,0,4,-4,2,-7,1,-10,1,-13,-2,-17,-6,-20,-5,-20"
74.23403906822205,443,"CSI,177,128,75,-79,20,0,-26,-18,-23,-17,-19,-14,-17,-9,-17,-7,-15,-5,-15,-2,-16,-1,-13,1,-5,3,-2,5,-3,8,-4,9,-3,10,1,10,3,11,3,12,4,12,4,12,5,11,6,9,4,9,2,10,0,8,0,7,0,1,0,0,0,0,0,0,0,0,0,0,0,0,0,0,0,0,0,0,-1,0,-3,1,-3,-2,-2,-6,-2,-9,0,-11,4,-12,8,-12,13,-15,15,-16,15,-16,17,-17,20,-15,21,-11,20,-8,19,-6,17,-6,14,-7,8,-7,2,-7,0,-7,-1,-6,-6,-8,-12,-8,-18,-10,-21,-14,-20,-15"
74.2649872303009,444,"CSI,178,128,75,-79,20,0,-17,-25,-16,-24,-15,-21,-14,-17,-13,-14,-13,-12,-16,-11,-16,-8,-12,-3,-7,1,-3,3,-3,6,-5,9,-6,9,-5,11,-2,14,-1,15,0,13,0,11,-2,9,-3,8,-2,10,-3,10,-2,8,-2,6,-1,1,0,0,0,0,0,0,0,0,0,0,0,0,0,0,0,0,0,0,-2,-1,-5,-2,-1,-5,0,-6,-1,-7,3,-9,9,-7,12,-5,13,-7,14,-6,17,-5,23,-5,24,-3,22,0,20,2,18,3,17,4,16,3,12,0,8,-2,4,-3,-1,-5,-5,-9,-9,-11,-13,-13,-16,-18,-19,-22"
74.47210431098938,445,"CSI,2271,128,83,49,21,0,-13,10,-15,9,-15,7,-15,5,-16,6,-13,7,-10,2,-9,-4,-8,-2,-6,2,-4,2,-3,2,-2,2,-1,2,1,3,4,3,3,4,2,5,3,4,3,5,4,7,4,7,2,6,1,5,0,2,0,0,0,0,0,0,0,0,0,0,0,0,0,0,0,0,0,0,0,0,0,-3,2,-10,2,-9,2,-9,2,-11,3,-11,2,-8,1,-7,-2,-4,-5,-2,-6,-2,-8,-2,-9,-5,-11,-6,-14,-4,-15,-6,-14,-13,-12,-14,-11,-12,-12,-11,-13,-10,-8,-6,-5,-4,-5,-4,-6,-3,-8,1,-10,7"
74.61604809761047,446,"CSI,179,128,77,-47,20,0,19,26,18,24,17,20,16,19,17,16,15,12,13,8,13,4,12,2,10,2,8,0,8,-1,7,-2,5,-5,5,-9,7,-11,8,-13,8,-14,8,-13,7,-13,8,-14,10,-12,11,-9,9,-7,6,-6,1,-2,0,0,0,0,0,0,0,0,0,0,0,0,0,0,0,0,0,0,1,-1,5,-3,4,-2,2,0,2,4,2,6,1,9,-1,12,-2,13,-4,14,-7,16,-11,17,-16,16,-19,14,-18,13,-17,12,-17,11,-15,10,-11,8,-6,8,-2,8,2,8,6,9,10,11,13,12,15,13,16,15"
74.64689826965332,447,"CSI,180,128,77,-47,20,0,-22,20,-21,22,-19,20,-16,16,-16,15,-15,15,-15,16,-14,19,-9,17,-4,14,-1,13,2,10,2,7,4,7,9,10,12,12,12,12,10,12,8,11,7,12,7,12,6,12,5,13,2,12,-1,10,-1,2,0,0,0,0,0,0,0,0,0,0,0,0,0,0,0,0,0,0,1,-1,4,-1,1,-1,-1,1,-2,3,-4,4,-9,3,-13,3,-15,4,-16,3,-17,0,-21,-3,-24,-6,-25,-9,-23,-11,-21,-11,-18,-12,-14,-12,-11,-9,-8,-3,-7,1,-8,1,-9,5,-11,10,-13,15,-16,19,-17,22"
75.32884097099304,448,"CSI,1700,128,83,49,21,0,15,25,15,24,14,20,13,16,14,13,14,11,11,6,6,3,5,2,5,-1,4,-4,4,-5,2,-7,-1,-9,-2,-8,-2,-12,-3,-15,-5,-13,-5,-13,-5,-13,-4,-12,-4,-12,-3,-12,-2,-11,-3,-9,-1,-2,0,0,0,0,0,0,0,0,0,0,0,0,0,0,0,0,0,0,1,0,3,2,0,3,-3,2,-6,-1,-9,-4,-11,-5,-12,-5,-13,-6,-16,-8,-18,-12,-19,-16,-20,-17,-16,-19,-13,-19,-14,-16,-12,-14,-7,-11,-5,-7,-3,-3,0,2,2,5,4,8,4,12,6,16,6,21,5,25"
75.4950361251831,449,"CSI,2312,128,83,49,21,0,-3,13,-1,13,0,13,-1,11,-1,12,0,14,0,10,1,1,1,3,-1,7,1,7,4,5,4,4,5,4,5,2,5,1,4,0,3,0,2,-1,1,-1,1,1,2,0,2,-2,2,-2,4,0,1,0,0,0,0,0,0,0,0,0,0,0,0,0,0,0,0,0,0,0,-1,-2,-2,-7,0,-6,-1,-5,-3,-3,-3,-3,-3,-4,-4,-4,-5,-4,-6,-2,-6,0,-8,1,-10,-1,-10,-1,-10,0,-11,0,-14,0,-14,-3,-13,-4,-12,-3,-11,0,-7,2,-6,4,-7,3,-6,1,-3,3,-4,5"
75.53391718864441,450,"CSI,1708,128,83,49,21,0,30,-20,33,-20,28,-17,23,-14,21,-15,17,-15,15,-15,13,-18,9,-15,3,-11,-3,-9,-6,-4,-8,-2,-10,-1,-13,0,-16,-1,-19,-2,-19,-3,-17,0,-16,1,-16,-1,-15,-4,-11,-4,-9,-3,-9,-4,-2,-2,0,0,0,0,0,0,0,0,0,0,0,0,0,0,0,0,0,0,-1,-2,-1,-7,-1,-8,0,-5,1,-2,2,1,1,5,0,11,-1,14,-1,17,-1,20,-2,23,-3,24,-3,25,-6,24,-9,23,-8,23,-7,20,-5,16,-2,12,0,10,3,7,5,2,9,-2,16,-8,22,-12,26,-13"
75.73734307289124,451,"CSI,1716,128,83,49,21,0,35,8,33,8,30,8,25,6,21,3,17,2,16,1,15,-2,7,-4,0,-6,-2,-7,-6,-3,-10,0,-14,-1,-16,-2,-16,-1,-17,2,-16,3,-14,3,-14,1,-14,0,-12,2,-11,3,-8,1,-5,0,-1,0,0,0,0,0,0,0,0,0,0,0,0,0,0,0,0,0,0,0,1,1,5,6,1,3,-3,1,-5,0,-7,0,-9,-1,-12,-3,-14,-4,-17,-3,-23,-2,-25,-2,-25,-4,-26,-7,-27,-8,-23,-7,-17,-7,-14,-6,-12,-3,-10,-2,-5,-3,1,-3,7,-2,12,-1,17,0,21,4,25,7"
76.00757026672363,452,"CSI,2332,128,83,49,21,0,-9,13,-9,13,-9,13,-9,11,-7,11,-4,12,-5,8,-5,1,-5,0,-4,2,-3,1,-3,2,-3,2,-2,0,2,0,6,-2,6,0,7,2,7,1,6,2,6,2,5,2,3,2,1,1,0,-2,-1,-1,0,0,0,0,0,0,0,0,0,0,0,0,0,0,0,0,0,0,-1,-3,-1,-10,0,-11,2,-11,3,-10,2,-7,0,-5,0,-5,0,-2,-3,-1,-6,-2,-7,-2,-9,-3,-12,-4,-13,-6,-16,-8,-18,-8,-15,-10,-10,-9,-9,-5,-9,-4,-7,-4,-5,-3,-5,-2,-8,2,-9,5,-5,9"
76.4564311504364,453,"CSI,1744,128,83,49,21,0,-13,-26,-13,-28,-15,-27,-14,-24,-12,-21,-9,-19,-5,-20,-3,-18,-5,-12,-9,-6,-9,-2,-9,1,-9,2,-11,2,-13,4,-14,7,-14,7,-14,6,-13,5,-14,4,-16,2,-16,0,-14,-2,-10,-3,-6,-2,-1,-1,0,0,0,0,0,0,0,0,0,0,0,0,0,0,0,0,0,0,0,0,0,1,1,-1,1,-4,-1,-8,-1,-10,0,-12,1,-12,4,-12,6,-15,6,-18,8,-19,9,-20,9,-19,10,-18,9,-18,9,-19,8,-16,4,-13,0,-12,0,-10,1,-10,-1,-12,-7,-12,-12,-15,-14,-20,-15,-21"
76.7628321647644,454,"CSI,1756,128,83,49,21,0,-25,18,-25,16,-24,15,-22,13,-19,12,-18,13,-15,10,-8,5,-7,4,-7,5,0,5,2,6,2,7,5,8,9,9,9,12,7,12,6,11,5,13,4,14,2,14,0,14,-1,15,-2,12,-4,7,-1,1,0,0,0,0,0,0,0,0,0,0,0,0,0,0,0,0,0,0,0,-1,-2,-2,-5,0,-9,1,-12,0,-13,-4,-12,-6,-13,-8,-14,-10,-15,-10,-17,-12,-18,-13,-18,-12,-18,-11,-15,-10,-12,-13,-13,-12,-13,-8,-11,-5,-11,-6,-13,-4,-14,1,-15,5,-16,6,-17,9,-18,13,-20,12"
76.83006429672241,455,"CSI,181,128,75,-79,20,0,2,-20,4,-20,4,-20,3,-18,4,-18,4,-17,3,-16,2,-16,-2,-13,-3,-7,-3,-2,-5,-1,-7,-1,-9,-1,-9,0,-9,1,-9,2,-9,5,-9,6,-10,4,-11,3,-11,4,-11,3,-11,1,-11,0,-3,-1,0,0,0,0,0,0,0,0,0,0,0,0,0,0,0,0,0,0,1,-1,4,-4,5,-5,8,-3,11,1,12,4,13,5,13,4,13,4,10,6,9,8,11,8,10,7,6,5,4,5,3,6,3,6,2,4,1,1,3,-1,4,-5,3,-8,1,-8,2,-8,3,-9,3,-13,3,-17"
77.33944129943848,456,"CSI,2384,128,83,49,21,0,11,-6,15,-6,17,-6,15,-6,12,-5,11,-3,12,-1,15,-2,11,-4,5,-4,1,-2,-3,0,-7,1,-9,1,-10,1,-10,2,-11,3,-12,5,-12,6,-12,6,-11,3,-11,2,-10,2,-7,0,-4,-2,-1,-1,0,0,0,0,0,0,0,0,0,0,0,0,0,0,0,0,0,0,2,-1,9,-1,9,-1,7,0,6,2,6,1,5,0,4,1,2,1,-2,1,-4,1,-6,2,-7,1,-9,1,-11,-3,-14,-6,-15,-5,-14,-2,-14,-2,-12,-2,-9,-1,-9,-1,-10,-1,-7,-3,-2,-1,4,-1,10,-4"
77.44089698791504,457,"CSI,2388,128,83,49,21,0,-16,6,-16,6,-15,6,-16,6,-18,5,-17,4,-17,6,-18,6,-13,2,-6,1,-2,2,1,0,4,-2,8,-4,10,-4,11,-7,11,-10,10,-10,10,-9,12,-9,12,-9,10,-8,7,-7,5,-5,2,-4,0,-1,0,0,0,0,0,0,0,0,0,0,0,0,0,0,0,0,0,0,-2,-1,-9,-1,-12,2,-12,1,-9,-1,-7,0,-5,1,-3,0,-1,0,2,0,5,-1,5,0,6,2,7,3,11,3,14,5,15,6,14,2,14,-2,13,-4,13,-3,11,-2,7,-1,5,2,3,4,-2,3,-5,2"
77.54316902160645,458,"CSI,2391,128,83,49,21,0,-21,7,-23,5,-25,5,-23,6,-18,7,-16,5,-16,0,-14,-5,-12,-3,-9,1,-2,3,4,3,7,1,8,1,11,2,14,4,14,4,14,2,15,2,14,4,13,4,12,5,11,6,8,3,6,2,1,0,0,0,0,0,0,0,0,0,0,0,0,0,0,0,0,0,0,0,0,2,2,11,2,10,1,11,-1,11,-1,9,0,7,0,4,0,1,1,-1,4,-4,6,-8,8,-10,10,-11,11,-12,12,-12,13,-13,14,-14,14,-13,11,-11,9,-8,8,-6,5,-5,1,-3,-2,-2,-6,0,-10,3"
77.64604210853577,459,"CSI,2395,128,83,49,21,0,2,18,3,19,2,19,2,20,1,20,0,15,3,10,9,9,8,5,5,1,3,-2,1,-4,2,-6,2,-9,0,-13,-1,-16,-3,-17,-3,-18,-3,-19,-1,-18,0,-18,0,-14,1,-10,2,-9,3,-8,0,-2,0,0,0,0,0,0,0,0,0,0,0,0,0,0,0,0,0,0,2,1,8,6,6,10,6,12,6,11,6,9,5,6,4,3,1,0,-3,-3,-4,-6,-2,-8,0,-7,-3,-10,-6,-16,-5,-18,-4,-17,-3,-15,-3,-15,-2,-15,-1,-14,0,-13,0,-11,-1,-7,-1,-1,-1,4,1,7"
77.83782029151917,460,"CSI,183,128,75,-79,20,0,6,22,6,21,5,20,6,19,7,19,6,17,6,16,8,18,5,16,3,12,3,10,3,8,1,6,2,3,4,0,4,0,6,4,9,7,8,6,6,6,6,7,5,9,2,10,0,10,-1,10,-1,2,0,0,0,0,0,0,0,0,0,0,0,0,0,0,0,0,0,0,0,2,-2,8,-3,7,-2,7,0,7,0,8,0,10,0,12,2,11,3,9,3,10,5,13,5,13,4,14,4,17,2,19,1,20,2,19,1,17,-2,17,-4,14,-5,12,-4,14,-1,14,1,12,2,13,4,14"
77.87094497680664,461,"CSI,2404,128,83,49,21,0,8,15,8,12,9,12,8,14,7,14,8,13,6,8,6,1,5,-1,3,1,2,-1,-3,-5,-5,-10,-4,-12,-5,-11,-7,-11,-7,-12,-5,-11,-3,-11,-2,-11,-1,-13,-3,-12,-5,-8,-6,-6,-5,-4,-1,-1,0,0,0,0,0,0,0,0,0,0,0,0,0,0,0,0,0,0,-1,1,-1,5,2,6,3,5,2,3,1,4,1,4,1,2,1,2,-1,0,-2,-4,-1,-7,-2,-8,-3,-10,-1,-13,1,-15,1,-13,0,-13,0,-15,-1,-14,-2,-12,-3,-10,-3,-6,0,-3,4,-1,4,1,1,4"
77.8961501121521,462,"CSI,184,128,75,-79,20,0,20,4,19,6,18,6,21,5,22,3,18,4,18,5,21,8,17,6,12,3,11,2,9,1,6,-1,4,-2,4,-3,4,-5,5,-7,7,-9,8,-9,8,-8,7,-6,8,-6,9,-5,8,-2,5,-1,1,0,0,0,0,0,0,0,0,0,0,0,0,0,0,0,0,0,0,0,0,1,2,5,4,6,5,6,6,6,6,8,6,7,5,5,4,5,4,6,6,8,9,9,11,9,12,8,11,9,9,12,9,15,9,16,11,15,10,12,8,11,9,12,11,11,13,6,14,2,12,4,10,7"
77.93207311630249,463,"CSI,185,128,75,-79,20,0,-20,6,-24,8,-24,6,-21,3,-19,3,-19,6,-16,4,-10,1,-10,-2,-13,-4,-12,-1,-11,1,-8,2,-5,3,-3,6,-5,9,-6,8,-8,7,-10,8,-8,10,-7,10,-8,7,-9,5,-9,3,-10,2,-3,0,0,0,0,0,0,0,0,0,0,0,0,0,0,0,0,0,0,0,-3,-1,-9,-2,-8,-3,-9,-3,-10,-2,-10,-2,-10,-3,-11,-2,-12,1,-12,1,-13,-2,-16,-2,-18,-1,-18,-1,-18,-3,-18,-5,-18,-6,-17,-4,-16,-4,-16,-5,-17,-5,-17,-4,-15,-3,-16,-3,-16,-2,-15,0,-15,2"
77.96101808547974,464,"CSI,2407,128,83,49,21,0,11,-9,11,-10,12,-10,16,-8,16,-7,14,-8,8,-9,1,-6,0,-3,2,-2,1,-2,-3,-2,-7,0,-8,2,-8,3,-10,4,-13,2,-15,1,-16,1,-16,1,-13,2,-9,0,-5,-2,-4,-2,-4,-2,-2,-1,0,0,0,0,0,0,0,0,0,0,0,0,0,0,0,0,0,0,0,-4,-1,-11,-1,-9,-1,-9,-1,-8,-1,-6,0,-4,0,-2,-1,-1,-2,0,-4,0,-6,2,-7,7,-7,10,-9,10,-10,10,-9,11,-7,11,-6,9,-7,8,-8,7,-8,7,-9,4,-6,0,-2,0,2,-1,6,-3"
78.0550320148468,465,"CSI,2411,128,83,49,21,0,-8,13,-10,13,-10,12,-9,13,-9,13,-10,12,-7,10,0,5,0,2,-1,2,1,2,1,1,2,-1,4,-4,4,-6,6,-6,9,-4,12,-5,11,-5,10,-2,10,-1,9,-2,7,-3,5,-2,3,-1,0,0,0,0,0,0,0,0,0,0,0,0,0,0,0,0,0,0,0,0,1,0,5,1,6,3,7,5,6,5,4,4,1,3,0,1,1,-2,1,-4,-1,-5,-4,-6,-5,-9,-4,-11,-2,-14,-1,-15,1,-11,0,-9,-2,-9,-1,-10,-1,-11,-2,-9,-3,-6,-3,-2,-2,0,-1,4,1,8"
78.29646015167236,466,"CSI,1816,128,83,49,21,0,19,-11,20,-13,19,-13,19,-11,17,-6,16,-5,14,-6,10,-5,8,-1,12,1,11,2,10,1,9,-2,6,-4,6,-6,8,-10,7,-10,5,-10,5,-11,6,-11,8,-9,9,-7,10,-4,9,-3,7,-3,1,-1,0,0,0,0,0,0,0,0,0,0,0,0,0,0,0,0,0,0,2,-1,8,-1,6,-3,6,-4,6,-4,7,-5,9,-4,10,-4,9,-4,9,-4,11,-3,15,-2,18,-3,21,-4,21,-3,21,-1,21,-2,19,-2,18,-2,19,-3,16,-3,13,0,15,1,19,-2,20,-5,21,-5,24,-4"
78.40516710281372,467,"CSI,1820,128,83,49,21,0,-22,-9,-24,-11,-21,-10,-18,-10,-18,-12,-18,-14,-15,-13,-15,-9,-15,-7,-13,-7,-11,-6,-10,-5,-9,-3,-10,0,-10,0,-11,-1,-12,0,-12,0,-12,0,-14,-1,-14,0,-12,0,-10,-1,-8,-4,-8,-5,-2,-2,0,0,0,0,0,0,0,0,0,0,0,0,0,0,0,0,0,0,-1,-3,-2,-8,-3,-8,-4,-8,-6,-8,-5,-7,-5,-9,-7,-9,-8,-8,-9,-9,-9,-11,-11,-12,-15,-13,-14,-13,-12,-15,-11,-18,-13,-19,-13,-18,-10,-17,-9,-17,-10,-15,-10,-15,-10,-14,-10,-13,-12,-13,-12,-11,-13,-9"
