timestamp,sample_number,csi_data
0.04813814163208008,1,"CSI,864,128,83,49,21,0,-9,7,-9,11,-10,15,-10,16,-8,16,-6,18,-8,18,-9,13,-12,13,-13,16,-14,14,-13,11,-11,11,-7,10,-3,9,-1,10,-1,11,1,10,4,8,4,6,2,7,4,10,5,10,4,8,4,5,1,1,0,0,0,0,0,0,0,0,0,0,0,0,0,0,0,0,0,0,-3,-1,-9,-5,-8,-7,-6,-9,-6,-10,-5,-9,-3,-7,-2,-7,-3,-6,-2,-2,-1,0,-6,3,-12,6,-14,5,-15,0,-19,-1,-22,2,-22,2,-20,0,-21,-1,-23,-1,-24,-2,-21,-4,-20,-4,-19,-4,-15,-4,-11,-3"
0.14990806579589844,2,"CSI,868,128,83,49,21,0,12,-12,9,-14,7,-16,7,-16,7,-17,6,-19,6,-20,6,-22,7,-21,8,-19,9,-17,11,-13,10,-10,9,-9,6,-8,4,-9,3,-8,2,-6,2,-8,2,-9,1,-9,0,-9,0,-6,-2,-5,-5,-6,-2,-2,0,0,0,0,0,0,0,0,0,0,0,0,0,0,0,0,0,0,1,-2,6,-7,8,-5,9,-4,8,-2,8,-3,8,-2,7,-2,7,-2,5,-4,4,-7,4,-9,6,-10,7,-10,7,-13,8,-14,12,-14,15,-15,14,-15,15,-16,18,-16,20,-14,19,-13,19,-11,20,-11,21,-13,19,-14"
0.24957489967346191,3,"CSI,873,128,83,49,21,0,-3,15,2,13,5,9,8,11,10,14,13,15,14,17,9,22,10,22,13,20,12,18,9,16,7,14,7,11,7,10,7,8,6,7,6,6,6,5,7,3,7,2,8,3,7,3,5,3,6,4,1,1,0,0,0,0,0,0,0,0,0,0,0,0,0,0,0,0,0,0,-1,2,-4,7,-6,6,-7,7,-8,7,-9,6,-12,6,-12,4,-9,3,-7,3,-6,4,-6,6,-5,9,-4,10,-2,9,-1,10,-1,15,-2,17,-1,19,-1,24,-3,28,-5,27,-7,26,-8,25,-7,26,-8,27,-9,28"
0.3521130084991455,4,"CSI,876,128,83,49,21,0,-5,23,-1,22,2,20,5,18,8,16,10,14,13,16,18,22,19,22,17,21,14,22,11,21,8,20,5,18,2,15,2,12,2,10,3,7,3,7,4,8,4,8,4,6,5,4,8,2,8,2,1,0,0,0,0,0,0,0,0,0,0,0,0,0,0,0,0,0,0,0,-2,1,-6,7,-4,7,-4,8,-7,7,-9,5,-9,4,-8,6,-7,5,-6,5,-6,6,-6,5,-3,5,0,7,0,11,-1,15,0,18,0,20,-1,22,-2,24,-5,27,-5,27,-5,26,-8,29,-10,32,-11,32,-11,34"
0.45709705352783203,5,"CSI,880,128,83,49,21,0,16,2,12,-2,10,-5,10,-11,11,-17,11,-20,13,-23,14,-28,14,-28,14,-23,13,-20,12,-19,14,-18,17,-17,16,-14,10,-11,6,-11,4,-10,1,-7,-2,-6,-2,-6,-1,-7,-3,-7,-5,-7,-5,-6,-1,-2,0,0,0,0,0,0,0,0,0,0,0,0,0,0,0,0,0,0,1,1,5,7,5,9,4,10,2,12,0,13,-3,11,-5,11,-5,12,-5,10,-2,8,2,6,5,1,10,-2,14,-1,15,2,17,2,19,2,20,5,22,6,27,6,31,7,32,11,28,13,28,15,29,16,30,13"
0.549860954284668,6,"CSI,548,128,101,81,22,0,0,-23,-1,-23,-1,-23,-1,-22,-1,-22,-1,-22,-2,-22,-3,-22,-3,-23,-3,-23,-3,-23,-3,-22,-3,-22,-3,-22,-2,-21,-2,-22,-2,-21,-2,-21,-1,-20,-1,-19,0,-18,0,-18,0,-17,1,-17,1,-16,0,-4,0,0,0,0,0,0,0,0,0,0,0,0,0,0,0,0,0,0,-1,-4,-4,-14,-4,-15,-3,-16,-3,-17,-3,-17,-3,-18,-3,-19,-2,-20,-1,-20,-1,-21,0,-21,0,-22,0,-22,0,-22,0,-22,0,-22,0,-22,0,-22,1,-22,1,-22,0,-22,0,-23,-1,-23,-1,-23,0,-23,-1,-24"
0.5815649032592773,7,"CSI,885,128,83,49,21,0,-2,8,4,4,9,1,15,-1,19,-1,21,-1,20,-1,18,0,21,1,25,3,25,5,24,7,22,6,18,4,16,0,13,-1,8,0,3,-2,-1,-4,-4,-5,-6,-5,-6,-7,-5,-9,-7,-9,-8,-9,-2,-3,0,0,0,0,0,0,0,0,0,0,0,0,0,0,0,0,0,0,-2,-2,-5,-7,-6,-8,-8,-9,-7,-9,-5,-11,-4,-12,-1,-11,1,-10,1,-7,1,-1,1,2,-2,3,-5,7,-5,12,-6,14,-8,15,-11,17,-14,20,-16,22,-16,22,-17,23,-20,24,-21,25,-18,25,-15,23,-14,19"
0.6603469848632812,8,"CSI,889,128,83,49,21,0,6,17,8,12,9,6,13,1,16,-1,18,-1,22,1,24,5,26,4,27,0,25,0,26,0,25,0,20,2,18,3,15,2,10,1,7,-1,6,-1,5,-2,3,-3,0,-2,0,-5,2,-8,3,-7,0,-2,0,0,0,0,0,0,0,0,0,0,0,0,0,0,0,0,0,0,0,1,-2,6,-5,8,-9,8,-10,8,-11,7,-11,5,-9,5,-8,5,-9,4,-9,4,-5,4,-1,5,2,8,4,10,4,13,7,17,9,21,6,23,5,24,5,27,6,29,4,27,3,27,3,30,4,30,4,31"
0.6958668231964111,9,"CSI,549,128,101,81,22,0,-5,-23,-5,-23,-6,-23,-6,-22,-6,-22,-6,-22,-7,-22,-7,-22,-7,-22,-8,-22,-8,-22,-8,-22,-8,-21,-8,-21,-8,-21,-7,-21,-7,-21,-6,-21,-6,-20,-5,-19,-5,-18,-5,-18,-4,-17,-4,-17,-3,-17,-1,-5,0,0,0,0,0,0,0,0,0,0,0,0,0,0,0,0,0,0,-2,-4,-6,-13,-6,-14,-6,-15,-6,-16,-6,-17,-6,-18,-6,-19,-5,-20,-5,-20,-4,-21,-4,-21,-4,-22,-3,-23,-3,-23,-3,-23,-3,-23,-4,-23,-3,-23,-3,-22,-4,-22,-4,-22,-4,-23,-5,-23,-5,-23,-5,-23,-6,-24"
0.7653567790985107,10,"CSI,892,128,83,49,21,0,-7,0,-9,5,-11,9,-14,13,-17,15,-20,16,-19,14,-15,13,-17,12,-22,12,-21,12,-15,10,-11,8,-8,6,-6,4,-1,4,2,5,4,3,6,0,6,1,6,2,7,3,8,3,7,1,5,2,1,0,0,0,0,0,0,0,0,0,0,0,0,0,0,0,0,0,0,0,2,0,10,1,11,1,11,2,10,3,9,3,9,3,6,2,2,2,2,0,0,-2,-3,-3,-5,-6,-5,-11,-5,-15,-7,-17,-9,-20,-8,-22,-7,-26,-6,-28,-5,-27,-6,-27,-5,-27,-2,-23,0,-23,-2,-21,-7,-17"
0.8010997772216797,11,"CSI,550,128,101,81,22,0,-23,-8,-23,-7,-23,-7,-24,-6,-23,-5,-23,-5,-23,-5,-24,-5,-24,-5,-24,-5,-23,-5,-23,-5,-23,-4,-23,-4,-23,-4,-23,-4,-22,-5,-22,-5,-21,-5,-20,-5,-19,-5,-19,-5,-18,-5,-17,-6,-17,-6,-4,-2,0,0,0,0,0,0,0,0,0,0,0,0,0,0,0,0,0,0,-4,-1,-16,-3,-16,-3,-16,-4,-17,-4,-18,-4,-19,-5,-20,-6,-20,-7,-21,-7,-21,-7,-21,-8,-21,-9,-21,-10,-21,-10,-21,-9,-22,-9,-22,-10,-22,-9,-22,-8,-22,-8,-23,-8,-23,-8,-23,-8,-23,-8,-24,-8,-25,-8"
0.8679978847503662,12,"CSI,897,128,83,49,21,0,-8,0,-7,5,-5,10,-6,13,-8,16,-9,19,-9,18,-10,13,-10,15,-11,17,-9,16,-7,14,-4,11,-1,7,0,5,2,7,2,10,3,9,6,7,5,6,4,4,4,2,5,2,4,-1,1,-4,0,-2,0,0,0,0,0,0,0,0,0,0,0,0,0,0,0,0,0,0,0,-2,1,-10,0,-12,1,-12,4,-11,6,-11,6,-12,6,-11,6,-10,5,-7,4,-6,1,-6,-5,-3,-9,-1,-11,-3,-16,-5,-20,-7,-21,-9,-22,-10,-25,-11,-28,-14,-28,-17,-26,-18,-24,-16,-21,-13,-21,-12,-21,-12"
0.9047119617462158,13,"CSI,551,128,101,81,22,0,-18,-8,-18,-8,-18,-7,-18,-6,-18,-6,-18,-5,-18,-6,-18,-5,-18,-5,-18,-5,-18,-5,-17,-5,-17,-4,-18,-4,-18,-4,-17,-4,-17,-5,-16,-5,-15,-5,-15,-5,-14,-4,-14,-5,-14,-5,-13,-5,-12,-5,-3,-2,0,0,0,0,0,0,0,0,0,0,0,0,0,0,0,0,0,0,-4,-1,-13,-3,-14,-3,-14,-4,-15,-4,-15,-4,-15,-5,-16,-6,-17,-7,-17,-7,-17,-7,-17,-8,-17,-9,-17,-9,-17,-9,-17,-9,-17,-9,-17,-9,-17,-9,-17,-8,-17,-8,-18,-8,-18,-8,-18,-8,-18,-8,-19,-8,-19,-7"
0.970257043838501,14,"CSI,900,128,83,49,21,0,-5,0,-3,6,-4,12,-8,16,-11,18,-10,18,-13,16,-18,16,-14,19,-8,20,-7,16,-8,12,-7,9,-3,7,1,4,4,3,5,4,6,2,7,0,6,1,5,1,5,1,5,0,5,-2,6,-3,1,-1,0,0,0,0,0,0,0,0,0,0,0,0,0,0,0,0,0,0,2,-1,9,-1,11,-1,12,2,10,6,8,7,7,5,7,4,5,3,1,2,-2,3,-3,2,-3,-5,-5,-9,-7,-8,-9,-11,-11,-18,-11,-22,-9,-24,-10,-26,-11,-25,-8,-22,-9,-21,-11,-22,-10,-21,-8,-17,-9,-13"
1.0091137886047363,15,"CSI,552,128,101,81,22,0,-8,-24,-9,-23,-9,-23,-9,-23,-9,-22,-10,-22,-11,-22,-11,-22,-11,-22,-11,-22,-12,-22,-12,-22,-12,-21,-12,-21,-11,-21,-11,-21,-11,-21,-10,-20,-10,-20,-9,-19,-8,-18,-8,-17,-8,-17,-7,-17,-7,-17,-2,-4,0,0,0,0,0,0,0,0,0,0,0,0,0,0,0,0,0,0,-3,-4,-9,-14,-9,-15,-9,-16,-8,-17,-9,-18,-9,-19,-9,-20,-9,-21,-8,-22,-7,-22,-7,-23,-6,-24,-6,-24,-6,-24,-6,-24,-7,-24,-7,-24,-7,-24,-6,-24,-7,-23,-7,-24,-8,-24,-8,-24,-8,-24,-8,-24,-9,-25"
1.0396497249603271,16,"CSI,333,128,-117,-78,40,0,21,11,22,11,22,11,22,10,22,9,22,8,22,8,22,8,23,8,22,8,22,8,22,7,22,7,23,7,22,6,22,7,21,8,20,8,19,8,19,7,18,6,17,7,17,6,16,7,15,7,3,1,0,0,0,0,0,0,0,0,0,0,0,0,0,0,0,0,0,0,4,1,16,4,17,4,17,5,18,5,19,6,19,8,20,9,20,10,21,10,21,11,21,12,21,13,20,13,20,13,20,13,21,13,21,13,21,13,21,12,22,12,22,11,22,12,22,12,22,12,23,12,24,11"
1.0758628845214844,17,"CSI,3455,128,122,-96,7,0,18,-16,18,-16,18,-16,18,-16,17,-16,17,-17,16,-17,15,-17,15,-17,15,-18,14,-18,14,-17,14,-17,15,-17,15,-17,15,-17,14,-16,13,-15,13,-15,13,-14,13,-14,12,-13,12,-13,12,-12,11,-11,2,-3,0,0,0,0,0,0,0,0,0,0,0,0,0,0,0,0,0,0,2,-4,11,-13,12,-14,12,-14,14,-14,14,-15,15,-15,16,-15,17,-15,18,-15,19,-15,20,-15,19,-14,19,-14,20,-14,20,-14,20,-14,20,-14,20,-14,20,-14,20,-15,20,-15,19,-15,19,-15,19,-15,20,-15,20,-15"
1.1092407703399658,18,"CSI,3456,128,-5,-79,31,0,22,-8,22,-8,22,-8,22,-9,22,-9,21,-10,21,-10,20,-10,20,-11,19,-11,19,-11,19,-11,19,-11,20,-11,20,-11,19,-10,19,-10,18,-9,17,-9,17,-8,17,-8,16,-8,16,-7,15,-7,14,-6,3,-2,0,0,0,0,0,0,0,0,0,0,0,0,0,0,0,0,0,0,3,-3,15,-9,16,-8,16,-8,18,-8,19,-8,19,-8,20,-8,21,-8,22,-7,23,-7,23,-6,23,-6,23,-6,23,-5,23,-6,23,-5,23,-5,23,-6,23,-6,24,-7,24,-7,23,-7,22,-7,23,-7,24,-7,25,-8"
1.142530918121338,19,"CSI,905,128,83,49,21,0,0,-7,-4,-7,-11,-6,-16,-7,-20,-10,-23,-11,-20,-11,-13,-13,-14,-13,-18,-12,-18,-11,-17,-9,-16,-7,-13,-6,-9,-4,-6,-1,-3,3,-1,6,-2,8,-3,10,-3,11,-3,9,-3,7,-1,6,-1,7,0,2,0,0,0,0,0,0,0,0,0,0,0,0,0,0,0,0,0,0,0,1,0,6,-2,7,-3,10,-4,12,-6,10,-7,8,-5,6,-3,4,-1,1,0,0,1,-2,5,-4,7,-4,10,-5,14,-10,17,-13,16,-11,18,-10,20,-10,22,-10,23,-9,23,-8,24,-7,22,-6,21,-7,18,-8"
1.1787338256835938,20,"CSI,553,128,101,81,22,0,19,-11,18,-11,19,-12,19,-12,19,-12,18,-12,17,-12,17,-13,17,-13,16,-13,16,-13,16,-13,16,-13,16,-13,17,-12,16,-12,16,-11,15,-11,15,-10,15,-10,14,-9,14,-9,14,-9,13,-8,13,-7,3,-2,0,0,0,0,0,0,0,0,0,0,0,0,0,0,0,0,0,0,2,-3,10,-12,11,-12,12,-12,13,-12,13,-12,14,-12,15,-13,16,-13,17,-13,18,-12,18,-12,18,-12,18,-11,19,-11,19,-11,19,-11,19,-11,19,-11,20,-11,20,-11,20,-12,19,-11,19,-11,19,-11,20,-12,20,-12"
1.2090880870819092,21,"CSI,957,128,83,49,21,0,8,13,10,16,10,19,9,20,7,19,5,16,6,11,9,7,7,8,5,7,3,4,2,3,4,1,7,-2,7,-2,8,-3,9,-3,9,-2,8,-2,8,-1,7,1,7,0,7,0,8,2,8,3,2,0,0,0,0,0,0,0,0,0,0,0,0,0,0,0,0,0,0,0,-2,-2,-7,-7,-5,-6,-4,-4,-5,-3,-5,-2,-6,-1,-6,-1,-4,-1,-1,-2,-2,-1,-4,2,-5,5,-5,8,-6,9,-10,10,-12,8,-11,7,-10,8,-10,8,-9,6,-8,5,-7,3,-5,3,-3,6,-1,7,4,8"
1.2371017932891846,22,"CSI,908,128,83,49,21,0,-2,-11,-4,-14,-7,-16,-9,-19,-9,-22,-9,-22,-5,-23,0,-26,-1,-24,-3,-20,-3,-19,-3,-17,-2,-11,-1,-6,-2,-1,-3,3,-3,4,-4,4,-6,5,-8,5,-8,6,-6,4,-5,4,-4,4,-3,2,-1,0,0,0,0,0,0,0,0,0,0,0,0,0,0,0,0,0,0,0,-3,1,-10,7,-8,8,-8,8,-8,6,-8,3,-6,2,-6,3,-4,4,0,2,3,0,5,0,9,0,12,3,15,6,19,8,18,9,17,7,20,6,21,8,20,9,21,9,23,6,22,4,19,2,17,2,17,3"
1.2703781127929688,23,"CSI,554,128,101,81,22,0,15,17,16,17,16,16,16,15,16,14,16,14,17,14,17,14,17,13,17,13,17,13,17,13,17,12,17,12,17,12,16,12,15,12,15,12,14,12,13,11,13,10,12,10,11,10,11,10,10,10,2,2,0,0,0,0,0,0,0,0,0,0,0,0,0,0,0,0,0,0,4,2,16,10,16,10,16,11,16,12,17,13,17,14,17,15,17,16,17,17,17,17,16,18,16,19,16,20,16,20,16,19,16,19,16,20,16,19,16,18,16,17,16,17,16,18,17,18,16,18,17,18,18,18"
1.3010897636413574,24,"CSI,912,128,83,49,21,0,9,6,5,3,-1,-2,-8,-5,-13,-9,-15,-12,-16,-17,-19,-20,-21,-20,-19,-19,-18,-20,-16,-19,-14,-18,-9,-15,-5,-11,-4,-8,-6,-4,-7,1,-5,3,-4,3,-2,3,0,4,1,5,0,6,0,6,-1,1,0,0,0,0,0,0,0,0,0,0,0,0,0,0,0,0,0,0,-2,0,-6,2,-8,2,-10,1,-13,-2,-12,-2,-11,0,-11,2,-11,1,-10,-1,-7,-2,-4,-2,-3,-1,0,1,3,2,5,3,8,3,11,6,16,8,19,8,20,10,23,10,27,8,27,7,26,8,26,8,24,7"
1.3362550735473633,25,"CSI,555,128,101,81,22,0,-5,21,-5,21,-5,21,-5,21,-4,21,-4,21,-3,21,-3,21,-3,21,-2,21,-2,21,-2,21,-2,21,-2,20,-3,20,-3,20,-3,20,-3,19,-3,18,-4,17,-4,16,-4,16,-4,15,-4,14,-4,14,-1,3,0,0,0,0,0,0,0,0,0,0,0,0,0,0,0,0,0,0,-1,3,-1,15,-1,16,-2,16,-3,17,-3,18,-3,19,-3,20,-4,20,-5,20,-6,21,-6,21,-6,21,-7,21,-7,21,-7,21,-7,21,-7,21,-7,21,-7,21,-7,21,-6,21,-6,21,-5,22,-6,22,-6,22,-6,23"
1.3783698081970215,26,"CSI,917,128,83,49,21,0,0,-3,-4,-7,-7,-10,-11,-11,-13,-15,-10,-19,-11,-19,-14,-17,-11,-19,-7,-21,-6,-21,-5,-19,-5,-16,-5,-11,-5,-6,-4,-4,-4,-3,-5,1,-7,5,-6,7,-4,7,-5,6,-4,5,-1,5,0,6,0,1,0,0,0,0,0,0,0,0,0,0,0,0,0,0,0,0,0,0,-3,0,-10,3,-11,4,-11,3,-9,1,-8,-1,-9,-2,-7,0,-3,1,-1,2,1,3,3,3,7,3,11,2,12,4,12,7,15,9,19,9,22,11,22,13,23,12,23,11,22,11,21,10,19,9,15,7,11,2"
1.4476799964904785,27,"CSI,556,128,101,81,22,0,-19,6,-18,7,-18,7,-18,7,-18,7,-18,8,-17,8,-17,8,-17,8,-17,8,-16,8,-16,9,-17,8,-17,9,-17,8,-17,8,-16,7,-16,7,-15,7,-15,6,-15,6,-14,6,-14,5,-14,5,-13,4,-4,1,0,0,0,0,0,0,0,0,0,0,0,0,0,0,0,0,0,0,-3,1,-12,7,-12,7,-13,7,-14,7,-15,7,-15,7,-16,7,-17,7,-18,6,-18,6,-19,6,-18,5,-19,5,-19,5,-19,5,-19,5,-19,5,-19,5,-19,6,-19,6,-19,6,-19,6,-19,6,-19,6,-20,6,-20,6"
1.4812910556793213,28,"CSI,921,128,83,49,21,0,-2,-5,4,-3,8,-1,13,-1,17,-2,20,-3,25,-3,31,-2,30,-4,23,-4,20,-4,20,-6,17,-5,12,-2,7,0,2,-2,-1,-3,-1,-4,-2,-4,-6,-5,-8,-4,-8,-2,-9,-1,-9,0,-7,1,-2,0,0,0,0,0,0,0,0,0,0,0,0,0,0,0,0,0,0,0,3,-1,13,-1,13,0,10,3,9,3,8,3,6,3,4,4,4,2,3,1,2,2,-3,2,-9,0,-12,-1,-14,-1,-18,-2,-21,-5,-21,-5,-22,-3,-25,-2,-26,-2,-28,-2,-29,-1,-27,-2,-24,-2,-24,1,-23,3"
1.5663750171661377,29,"CSI,557,128,101,81,22,0,22,-6,22,-6,22,-6,22,-7,22,-7,21,-7,21,-7,20,-7,20,-8,20,-8,19,-9,19,-9,19,-9,20,-8,20,-8,20,-8,19,-7,18,-6,18,-6,17,-6,17,-6,16,-6,16,-5,15,-5,15,-4,3,-1,0,0,0,0,0,0,0,0,0,0,0,0,0,0,0,0,0,0,3,-2,15,-6,15,-6,16,-6,17,-6,18,-6,19,-5,20,-5,21,-5,21,-5,22,-5,22,-4,22,-3,22,-3,22,-3,23,-3,23,-3,23,-3,23,-3,23,-4,23,-4,23,-4,23,-4,22,-4,23,-5,24,-5,24,-5"
1.5986981391906738,30,"CSI,924,128,83,49,21,0,-2,-8,1,-7,5,-6,11,-5,17,-5,22,-3,26,-5,24,-9,22,-8,21,-6,19,-6,18,-7,16,-6,12,-5,9,-3,7,-1,5,1,0,2,-3,3,-4,2,-5,2,-4,3,-4,5,-5,7,-3,10,-1,2,0,0,0,0,0,0,0,0,0,0,0,0,0,0,0,0,0,0,0,1,1,7,1,8,2,10,0,11,-2,11,-3,10,-4,5,-5,3,-6,4,-6,1,-6,-3,-8,-5,-9,-7,-10,-10,-13,-14,-13,-15,-12,-14,-14,-15,-17,-18,-19,-19,-21,-19,-24,-18,-24,-17,-24,-15,-21,-12,-15,-11"
1.6735539436340332,31,"CSI,558,128,101,81,22,0,18,17,18,17,18,17,19,16,19,15,19,15,19,15,20,15,20,14,19,14,19,14,19,14,19,14,20,13,19,13,18,14,18,14,17,14,16,14,16,13,15,12,14,12,13,12,12,12,12,12,2,3,0,0,0,0,0,0,0,0,0,0,0,0,0,0,0,0,0,0,3,2,15,8,15,9,16,10,16,11,17,12,17,13,18,14,18,15,18,16,18,16,17,17,17,18,17,19,17,19,17,19,17,19,17,19,17,19,17,18,18,17,18,17,18,18,18,18,18,18,19,18,20,18"
1.7044789791107178,32,"CSI,928,128,83,49,21,0,6,-1,3,3,1,8,0,12,-2,14,-2,17,-4,23,-7,25,-4,26,2,27,3,24,3,22,3,19,3,14,2,11,-1,6,-3,1,-3,-1,-1,-4,-2,-5,-3,-5,-3,-4,-4,-3,-7,-3,-7,-4,-2,-1,0,0,0,0,0,0,0,0,0,0,0,0,0,0,0,0,0,0,-3,-3,-9,-9,-9,-8,-10,-9,-9,-9,-6,-11,-4,-12,-2,-11,0,-9,2,-8,3,-8,6,-7,11,-5,13,-4,13,-2,14,-2,17,-3,19,-2,22,-2,23,-2,24,-2,25,-4,25,-6,24,-8,21,-11,19,-12,17,-7"
1.7887029647827148,33,"CSI,559,128,101,81,22,0,-14,18,-13,18,-13,18,-13,18,-13,18,-12,18,-11,18,-10,18,-10,18,-10,18,-9,18,-9,18,-10,18,-10,17,-10,17,-10,17,-10,16,-9,15,-9,14,-9,13,-9,12,-9,12,-9,11,-9,11,-9,10,-3,2,0,0,0,0,0,0,0,0,0,0,0,0,0,0,0,0,0,0,-2,4,-8,17,-9,18,-10,18,-11,19,-12,19,-12,20,-13,20,-14,20,-15,20,-16,20,-16,20,-16,20,-16,20,-17,20,-17,19,-17,19,-16,19,-16,19,-16,19,-16,19,-16,19,-15,19,-14,19,-15,19,-15,19,-15,20"
1.8199069499969482,34,"CSI,933,128,83,49,21,0,-3,7,-3,3,-1,-3,1,-7,3,-13,4,-19,2,-20,4,-18,9,-21,9,-24,6,-23,7,-22,8,-20,8,-17,6,-14,3,-11,0,-8,-1,-6,-2,-3,-3,-1,-5,1,-7,1,-6,3,-5,6,-3,7,-1,1,0,0,0,0,0,0,0,0,0,0,0,0,0,0,0,0,0,0,-2,-3,-5,-10,-3,-10,0,-9,1,-11,2,-12,2,-11,2,-9,2,-6,3,-6,1,-5,1,0,2,4,2,6,0,10,-2,11,-3,13,-5,16,-7,18,-6,20,-6,22,-9,23,-10,24,-9,26,-7,26,-6,22,-4,18"
1.8918819427490234,35,"CSI,937,128,83,49,21,0,-2,-4,1,0,6,1,11,3,15,6,19,6,23,7,27,10,27,7,25,3,21,1,18,0,18,0,16,3,12,5,9,3,8,1,4,-1,-1,-2,-5,-2,-7,-1,-8,-2,-10,-2,-9,-2,-7,-2,-2,-1,0,0,0,0,0,0,0,0,0,0,0,0,0,0,0,0,0,0,2,1,10,5,10,4,10,3,11,4,11,6,9,6,6,6,5,7,6,5,4,2,0,2,-3,3,-5,-1,-7,-3,-13,-4,-18,-8,-19,-10,-19,-10,-21,-11,-22,-11,-24,-11,-24,-12,-24,-10,-26,-9,-22,-8,-15,-8"
1.919278860092163,36,"CSI,560,128,101,81,22,0,0,23,0,23,1,22,1,22,1,21,1,21,2,21,3,21,3,21,3,21,3,21,3,21,3,21,3,20,3,20,3,20,3,20,3,20,2,19,2,18,1,17,1,16,1,16,1,15,0,15,0,3,0,0,0,0,0,0,0,0,0,0,0,0,0,0,0,0,0,0,1,3,4,14,4,15,3,16,3,17,3,18,3,19,2,20,2,21,1,21,0,21,-1,22,-1,23,-1,23,-1,23,-1,23,-2,23,-1,23,-1,23,-1,22,-1,22,-1,22,0,23,0,23,0,23,-1,23,-1,23"
1.9943828582763672,37,"CSI,941,128,83,49,21,0,-2,-8,2,-3,6,4,10,8,13,11,16,13,19,13,21,10,20,11,18,14,16,15,15,14,15,12,14,9,13,8,10,6,6,4,1,1,-1,-1,-1,-4,-3,-5,-5,-7,-6,-8,-6,-6,-5,-6,-1,-2,0,0,0,0,0,0,0,0,0,0,0,0,0,0,0,0,0,0,1,1,6,7,6,9,6,10,6,12,6,12,5,8,3,6,2,5,0,4,-2,2,-5,0,-5,-4,-5,-4,-7,-3,-9,-7,-11,-12,-12,-15,-12,-17,-13,-20,-16,-22,-16,-23,-15,-22,-16,-19,-16,-17,-16,-16,-17,-12"
2.0306038856506348,38,"CSI,561,128,101,81,22,0,-16,-3,-16,-3,-16,-3,-16,-2,-15,-2,-15,-1,-15,-1,-15,-1,-15,-1,-15,-1,-15,-1,-15,-1,-15,-1,-15,-1,-15,-1,-15,-1,-14,-1,-14,-1,-14,-1,-13,-1,-13,-1,-12,-1,-12,-1,-11,-2,-11,-2,-3,-1,0,0,0,0,0,0,0,0,0,0,0,0,0,0,0,0,0,0,-3,-1,-11,-1,-11,-2,-12,-2,-12,-2,-13,-2,-13,-3,-13,-3,-14,-4,-14,-4,-15,-4,-15,-4,-14,-5,-14,-5,-14,-5,-14,-5,-15,-5,-15,-5,-15,-5,-15,-4,-15,-4,-15,-4,-15,-4,-15,-4,-15,-4,-15,-3,-15,-4"
2.074831962585449,39,"CSI,343,128,-117,-78,40,0,-14,-19,-14,-19,-14,-18,-15,-17,-14,-17,-15,-16,-15,-17,-16,-17,-16,-16,-16,-16,-16,-16,-16,-16,-16,-15,-16,-15,-16,-15,-15,-15,-15,-15,-14,-15,-14,-15,-13,-14,-12,-13,-12,-13,-12,-13,-11,-13,-10,-13,-3,-4,0,0,0,0,0,0,0,0,0,0,0,0,0,0,0,0,0,0,-4,-3,-13,-11,-13,-12,-13,-13,-13,-14,-14,-15,-14,-16,-14,-17,-14,-18,-14,-18,-13,-19,-13,-19,-13,-20,-13,-21,-13,-21,-13,-21,-13,-21,-13,-21,-13,-20,-13,-19,-13,-19,-13,-19,-14,-20,-14,-20,-14,-19,-14,-19,-15,-20"
2.10263991355896,40,"CSI,3459,128,-5,-79,31,0,3,24,3,24,4,24,4,23,4,23,5,22,6,23,6,22,6,22,6,23,7,22,6,22,6,22,7,21,6,21,6,21,6,21,6,20,5,20,4,19,4,18,4,17,3,17,3,16,2,16,0,4,0,0,0,0,0,0,0,0,0,0,0,0,0,0,0,0,0,0,1,4,6,16,5,17,5,18,4,19,4,20,5,21,4,22,4,23,3,24,2,24,1,25,1,25,1,25,1,25,1,25,1,25,1,25,1,25,1,24,1,24,2,24,3,25,3,25,2,25,2,25,3,25"
2.13594388961792,41,"CSI,944,128,83,49,21,0,-7,-8,-2,-4,5,-4,11,-5,16,-4,20,-1,19,1,16,-1,18,-3,21,-2,20,-4,19,-7,16,-6,12,-5,10,-5,7,-5,3,-4,-1,-1,-3,3,-3,5,-3,5,-5,5,-6,5,-6,6,-7,6,-2,1,0,0,0,0,0,0,0,0,0,0,0,0,0,0,0,0,0,0,-1,2,-2,9,-4,9,-5,10,-4,11,-2,11,-2,8,-4,6,-4,6,-4,6,-7,3,-4,0,-2,-1,-5,-5,-8,-9,-9,-11,-10,-13,-11,-17,-13,-19,-16,-20,-18,-20,-17,-19,-17,-16,-19,-15,-18,-15,-17,-15,-14,-13"
2.1667139530181885,42,"CSI,562,128,101,81,22,0,16,-7,16,-8,16,-8,16,-8,16,-9,16,-9,16,-9,15,-9,15,-9,15,-9,15,-10,15,-10,15,-10,15,-9,15,-9,15,-9,15,-8,14,-8,14,-8,14,-7,13,-7,13,-7,13,-6,12,-6,12,-5,2,-2,0,0,0,0,0,0,0,0,0,0,0,0,0,0,0,0,0,0,2,-2,10,-8,10,-8,11,-8,12,-8,12,-8,12,-8,13,-8,14,-8,15,-8,16,-7,16,-7,16,-7,16,-6,16,-6,16,-6,17,-6,17,-6,17,-7,17,-7,17,-7,17,-7,16,-7,16,-7,17,-7,17,-8,18,-8"
2.2000019550323486,43,"CSI,948,128,83,49,21,0,-4,6,4,2,10,-3,13,-5,15,-6,18,-9,20,-8,19,-5,21,-6,24,-10,23,-10,20,-9,18,-8,16,-6,14,-5,10,-4,5,-2,1,-1,-4,-2,-7,-4,-7,-3,-7,-2,-6,-1,-8,0,-10,-1,-3,-1,0,0,0,0,0,0,0,0,0,0,0,0,0,0,0,0,0,0,0,-3,3,-10,2,-11,2,-12,1,-11,3,-10,4,-9,2,-9,-1,-7,-2,-5,-2,-2,-2,0,-2,3,-3,7,-5,9,-8,10,-11,11,-13,12,-14,15,-15,18,-16,19,-19,18,-20,18,-18,18,-15,16,-14,12,-15,8"
2.2305970191955566,44,"CSI,2604,128,75,-79,20,0,3,-1,-3,1,-8,0,-14,-3,-19,-4,-22,-5,-22,-5,-17,-4,-15,-6,-18,-6,-19,-6,-20,-7,-18,-6,-13,-3,-9,-2,-7,-3,-4,-3,0,-1,1,2,1,4,4,6,7,5,6,3,5,4,5,5,1,1,0,0,0,0,0,0,0,0,0,0,0,0,0,0,0,0,0,0,-3,0,-10,3,-10,2,-11,2,-11,1,-10,-1,-9,0,-7,3,-6,2,-5,0,1,-1,5,1,8,0,10,-2,10,-3,14,-1,17,2,18,1,19,-3,21,-3,23,1,25,2,26,-1,25,-2,22,-1,20,-1,18,-2"
2.261173725128174,45,"CSI,2605,128,75,-79,20,0,1,-3,-1,-4,-6,-5,-11,-6,-16,-7,-20,-8,-20,-11,-15,-17,-16,-18,-18,-14,-17,-11,-16,-10,-14,-11,-10,-11,-6,-8,-5,-3,-4,1,-1,3,1,5,1,5,0,6,0,6,1,4,3,4,4,6,1,1,0,0,0,0,0,0,0,0,0,0,0,0,0,0,0,0,0,0,-2,0,-8,1,-9,1,-12,0,-10,0,-8,1,-9,1,-6,1,-3,0,-1,0,3,0,7,0,9,1,12,2,14,2,16,2,17,2,17,2,18,2,21,3,24,4,25,5,23,5,20,2,18,2,17,4,16,3"
2.291524887084961,46,"CSI,563,128,101,81,22,0,19,4,19,4,19,4,19,3,19,2,19,2,19,2,19,2,19,2,19,2,19,2,18,2,19,2,19,1,19,1,19,2,18,2,18,3,17,3,16,2,16,2,15,2,15,3,14,3,14,4,3,1,0,0,0,0,0,0,0,0,0,0,0,0,0,0,0,0,0,0,3,-1,12,-1,12,-1,13,-1,13,0,14,0,15,1,15,1,16,2,17,2,17,3,17,4,17,4,17,5,17,5,18,5,18,5,18,5,18,5,18,4,19,4,19,4,19,4,19,5,19,5,20,4,21,4"
2.322097063064575,47,"CSI,953,128,83,49,21,0,2,4,1,-1,0,-6,-3,-11,-3,-16,-4,-19,-4,-19,-2,-16,-2,-18,-5,-21,-6,-20,-5,-19,-3,-18,-3,-14,-5,-11,-3,-9,-3,-5,-3,-3,-2,-1,-1,3,-1,4,-1,3,0,4,2,5,3,6,1,1,0,0,0,0,0,0,0,0,0,0,0,0,0,0,0,0,0,0,0,-3,-1,-9,-1,-9,0,-8,1,-8,1,-9,1,-9,1,-9,1,-7,1,-5,1,-3,0,0,-1,5,-2,10,0,11,0,12,-1,16,-1,17,0,19,1,23,1,25,1,25,0,22,0,20,2,19,2,20,0,21"
2.355799913406372,48,"CSI,564,128,101,81,22,0,13,-21,12,-21,12,-21,12,-21,12,-21,11,-22,10,-22,10,-22,10,-22,9,-22,9,-22,9,-22,9,-22,9,-22,10,-21,10,-21,10,-21,9,-20,9,-19,9,-18,9,-18,9,-17,10,-16,9,-15,9,-15,2,-4,0,0,0,0,0,0,0,0,0,0,0,0,0,0,0,0,0,0,1,-5,6,-17,7,-17,7,-18,8,-19,9,-19,9,-20,10,-20,11,-20,12,-21,14,-21,14,-20,14,-21,14,-21,14,-21,15,-20,15,-20,14,-20,14,-20,15,-20,15,-20,14,-21,14,-21,13,-21,14,-21,14,-21,14,-22"
2.4012608528137207,49,"CSI,957,128,83,49,21,0,9,3,8,0,5,-6,1,-14,0,-18,0,-17,4,-18,10,-23,8,-26,5,-25,4,-24,4,-22,8,-18,11,-15,7,-10,4,-4,1,-2,-2,-3,-5,-3,-6,-3,-5,-3,-7,-2,-9,-1,-9,-1,-6,-2,-2,-1,0,0,0,0,0,0,0,0,0,0,0,0,0,0,0,0,0,0,-1,3,-1,13,-1,12,-2,11,-3,11,-4,12,-3,13,0,11,-1,7,-3,5,-2,6,0,7,2,5,6,2,10,2,13,3,14,3,16,1,20,1,23,2,22,2,23,3,25,5,22,6,21,5,21,5,19,7"
2.4821319580078125,50,"CSI,565,128,101,81,22,0,-16,18,-15,18,-15,18,-15,18,-15,18,-14,18,-13,18,-12,18,-12,18,-12,18,-11,18,-11,18,-11,18,-12,17,-12,17,-12,17,-11,16,-11,15,-10,14,-11,14,-10,13,-10,12,-10,12,-10,11,-10,10,-3,2,0,0,0,0,0,0,0,0,0,0,0,0,0,0,0,0,0,0,-3,4,-12,17,-12,18,-13,18,-14,18,-15,19,-15,19,-16,20,-17,20,-18,20,-19,20,-19,19,-19,19,-19,19,-19,19,-19,18,-19,18,-19,18,-18,18,-19,19,-18,19,-18,19,-17,19,-16,19,-17,19,-18,19,-18,20"
2.5774989128112793,51,"CSI,566,128,101,81,22,0,3,-23,3,-22,3,-22,3,-22,3,-21,2,-21,1,-21,1,-21,0,-21,0,-21,0,-21,0,-21,0,-20,0,-20,1,-19,1,-19,1,-19,1,-19,1,-18,2,-16,2,-16,2,-15,2,-15,3,-14,3,-14,0,-4,0,0,0,0,0,0,0,0,0,0,0,0,0,0,0,0,0,0,0,-6,1,-22,1,-22,2,-23,2,-24,3,-24,3,-25,3,-26,4,-26,5,-26,5,-26,6,-26,6,-27,6,-26,6,-26,6,-26,6,-25,5,-25,5,-25,5,-24,5,-24,5,-24,4,-24,3,-24,3,-24,4,-24,4,-24"
2.6081008911132812,52,"CSI,964,128,83,49,21,0,6,0,2,-3,-1,-8,-4,-11,-6,-13,-6,-17,-8,-18,-12,-18,-11,-18,-8,-18,-6,-19,-5,-18,-2,-16,0,-14,1,-13,-1,-11,-1,-7,1,-1,0,1,-2,1,-3,3,-4,4,-3,5,-3,6,-4,6,-2,1,0,0,0,0,0,0,0,0,0,0,0,0,0,0,0,0,0,0,-2,0,-8,3,-10,3,-11,2,-12,2,-11,1,-9,1,-7,2,-4,3,-4,3,-3,2,0,2,4,3,8,4,10,3,12,6,13,10,13,8,14,8,17,10,21,12,22,12,21,12,21,12,21,11,19,8,13,7"
2.6684889793395996,53,"CSI,1018,128,83,49,21,0,-4,-16,-6,-17,-5,-18,-3,-16,-4,-15,-5,-16,-3,-12,-3,-4,-4,-3,-2,-6,-1,-6,-2,-4,-2,-3,-4,-3,-9,-1,-10,1,-9,3,-8,2,-7,1,-9,0,-11,-2,-11,-2,-8,-2,-6,-2,-5,-3,-2,-2,0,0,0,0,0,0,0,0,0,0,0,0,0,0,0,0,0,0,-1,0,-3,3,-2,4,-1,4,-2,3,-2,2,-2,1,-1,0,2,-1,4,-2,4,-2,4,-3,5,-3,6,-4,7,-3,7,-2,6,-1,8,1,9,0,8,-2,7,-2,6,-2,5,-3,2,-5,1,-8,0,-9,-1,-8"
2.6992619037628174,54,"CSI,567,128,101,81,22,0,-5,21,-4,21,-3,20,-3,20,-4,19,-3,19,-2,19,-1,19,-2,19,-1,19,-1,19,-1,18,-1,18,-1,17,-2,17,-2,17,-2,16,-2,16,-2,15,-3,13,-3,12,-3,12,-4,11,-4,11,-4,10,-1,2,0,0,0,0,0,0,0,0,0,0,0,0,0,0,0,0,0,0,-1,5,-2,20,-2,21,-3,22,-4,22,-4,23,-4,24,-5,25,-5,25,-6,25,-7,25,-8,25,-8,25,-8,25,-8,25,-8,24,-8,24,-7,24,-7,23,-7,23,-7,23,-6,22,-5,22,-5,22,-5,22,-5,22,-5,23"
2.7298998832702637,55,"CSI,968,128,83,49,21,0,-4,2,1,3,6,5,10,8,14,12,17,13,20,16,24,17,24,14,19,12,14,10,11,11,10,11,9,9,8,7,5,2,0,-2,-2,-5,-1,-7,0,-8,0,-9,1,-9,0,-8,-2,-7,-3,-7,-1,-2,0,0,0,0,0,0,0,0,0,0,0,0,0,0,0,0,0,0,2,-2,8,-9,8,-10,6,-7,5,-4,5,-2,3,0,1,1,1,2,0,3,-3,5,-5,5,-10,5,-14,3,-15,2,-17,1,-19,1,-19,-1,-21,-3,-24,-3,-24,-5,-21,-6,-18,-4,-16,-1,-15,-3,-14,-3,-12,-2"
2.804534912109375,56,"CSI,568,128,101,81,22,0,-13,8,-12,8,-12,8,-12,8,-12,8,-12,8,-11,8,-11,9,-11,9,-11,9,-11,9,-11,9,-11,9,-11,9,-11,8,-11,8,-10,8,-10,7,-10,7,-10,6,-10,6,-10,6,-9,5,-9,5,-9,4,-3,1,0,0,0,0,0,0,0,0,0,0,0,0,0,0,0,0,0,0,-3,1,-10,6,-10,6,-10,6,-11,6,-12,6,-12,6,-12,6,-13,6,-13,6,-14,6,-14,6,-14,6,-14,6,-14,6,-14,6,-14,6,-14,6,-13,6,-14,7,-14,7,-13,7,-13,7,-13,7,-13,7,-13,7,-13,7"
2.8339128494262695,57,"CSI,973,128,83,49,21,0,-10,-4,-10,-4,-12,-6,-17,-9,-18,-9,-19,-9,-19,-13,-17,-18,-17,-14,-15,-7,-13,-4,-14,-2,-12,-2,-9,-4,-6,-5,0,-3,4,-2,2,-1,5,0,8,0,9,0,9,2,8,0,6,-3,4,-4,1,-1,0,0,0,0,0,0,0,0,0,0,0,0,0,0,0,0,0,0,0,-3,3,-11,3,-11,4,-9,4,-8,2,-6,1,-3,3,0,2,3,1,5,4,8,6,11,6,13,4,16,3,17,3,18,1,22,0,24,1,23,5,21,6,19,5,16,5,14,5,11,3,8,2,5,0,1"
2.9115939140319824,58,"CSI,569,128,101,81,22,0,-5,20,-5,20,-5,21,-5,20,-5,21,-4,21,-4,21,-3,21,-3,21,-3,22,-2,22,-3,22,-3,22,-3,22,-3,22,-4,22,-4,22,-4,21,-4,20,-5,19,-5,18,-5,18,-5,17,-5,17,-5,17,-2,4,0,0,0,0,0,0,0,0,0,0,0,0,0,0,0,0,0,0,0,2,1,10,0,11,0,12,-1,12,-1,13,-1,14,-1,14,-2,15,-3,15,-4,16,-4,16,-4,17,-4,17,-4,17,-5,17,-5,17,-5,18,-5,18,-5,18,-5,18,-5,18,-5,19,-4,19,-5,19,-5,20,-4,21"
3.0451700687408447,59,"CSI,570,128,101,81,22,0,9,16,9,16,10,16,10,16,10,15,10,15,11,15,11,15,11,15,11,15,11,15,11,15,11,14,11,14,10,14,10,14,9,14,9,14,8,13,7,13,7,12,6,12,6,11,5,11,5,11,1,2,0,0,0,0,0,0,0,0,0,0,0,0,0,0,0,0,0,0,1,2,7,9,7,9,7,10,7,11,8,11,8,12,8,13,8,14,8,14,8,15,8,16,8,16,8,17,8,16,8,16,8,16,8,17,8,17,8,16,9,16,9,16,9,16,10,17,10,16,10,16,10,17"
3.1062920093536377,60,"CSI,354,128,-117,-78,40,0,-13,9,-13,9,-13,9,-13,9,-13,9,-12,9,-12,10,-12,10,-12,10,-11,10,-11,10,-11,10,-11,10,-12,10,-12,9,-12,9,-11,9,-11,8,-11,8,-11,7,-10,7,-10,7,-10,6,-10,6,-10,5,-3,1,0,0,0,0,0,0,0,0,0,0,0,0,0,0,0,0,0,0,-2,1,-8,6,-8,6,-9,6,-9,7,-10,7,-10,7,-10,7,-11,7,-12,7,-13,7,-13,7,-13,7,-13,7,-13,7,-13,7,-13,7,-13,7,-13,7,-13,7,-13,7,-13,8,-13,8,-13,8,-13,8,-13,8,-13,8"
3.1434667110443115,61,"CSI,571,128,101,81,22,0,0,-24,-1,-24,-1,-24,-1,-23,0,-23,-1,-23,-1,-24,-2,-24,-2,-24,-2,-24,-3,-24,-2,-23,-2,-23,-2,-23,-1,-23,-1,-23,0,-22,0,-22,0,-21,1,-20,1,-19,1,-18,1,-18,2,-17,2,-16,0,-4,0,0,0,0,0,0,0,0,0,0,0,0,0,0,0,0,0,0,-1,-4,-3,-14,-3,-15,-3,-16,-2,-16,-2,-17,-2,-18,-2,-19,-2,-20,-1,-20,0,-21,0,-21,0,-22,0,-22,0,-22,0,-22,0,-22,0,-23,0,-23,1,-22,1,-22,0,-23,0,-23,-1,-24,-1,-24,0,-24,-1,-25"
3.2161059379577637,62,"CSI,988,128,83,49,21,0,12,-2,10,1,12,0,10,0,8,3,7,5,6,6,4,5,7,7,12,9,14,6,13,5,12,4,11,1,10,-1,9,-2,7,-3,7,-2,8,-1,6,0,4,2,3,2,2,1,2,0,3,1,1,0,0,0,0,0,0,0,0,0,0,0,0,0,0,0,0,0,0,0,2,0,7,2,5,1,6,0,8,0,9,1,8,3,7,4,8,4,8,5,7,6,7,7,8,8,8,8,9,7,10,8,12,9,12,11,8,14,6,11,10,9,14,9,15,8,16,6,19,3,20,2,19,3"
3.255225896835327,63,"CSI,572,128,101,81,22,0,-22,12,-21,12,-21,12,-22,13,-21,13,-21,13,-20,13,-19,13,-20,14,-19,14,-19,14,-18,14,-19,14,-19,14,-19,13,-19,13,-18,12,-17,11,-17,11,-17,10,-17,10,-16,9,-16,8,-15,8,-15,7,-4,1,0,0,0,0,0,0,0,0,0,0,0,0,0,0,0,0,0,0,-4,2,-13,10,-14,10,-14,11,-15,11,-16,11,-17,11,-17,12,-18,12,-20,12,-21,11,-21,11,-21,11,-21,10,-22,10,-22,10,-22,10,-22,10,-22,11,-22,11,-22,12,-22,12,-22,12,-21,12,-22,12,-23,12,-23,12"
3.3256547451019287,64,"CSI,992,128,83,49,21,0,-6,-10,-2,-13,2,-12,2,-11,1,-11,0,-14,-2,-16,-6,-15,-4,-14,-1,-16,-1,-17,-2,-15,-2,-13,-3,-11,-4,-9,-3,-8,-1,-8,1,-7,2,-5,3,-2,3,-3,3,-4,2,-6,3,-7,5,-8,1,-2,0,0,0,0,0,0,0,0,0,0,0,0,0,0,0,0,0,0,-2,-3,-7,-10,-7,-10,-6,-8,-4,-6,-2,-5,-1,-4,-3,-3,-4,-5,-3,-3,0,-3,1,-6,3,-7,6,-6,5,-8,5,-10,6,-11,4,-11,1,-12,0,-13,0,-13,-3,-14,-6,-16,-7,-16,-8,-17,-6,-18,-4,-15"
3.3673958778381348,65,"CSI,573,128,101,81,22,0,23,-4,22,-4,23,-5,23,-5,23,-6,23,-6,22,-6,22,-6,22,-6,22,-6,21,-6,21,-6,21,-6,21,-7,22,-6,21,-6,20,-5,19,-4,19,-4,18,-4,18,-4,17,-3,17,-3,16,-2,15,-1,3,-1,0,0,0,0,0,0,0,0,0,0,0,0,0,0,0,0,0,0,3,-2,13,-5,14,-5,14,-5,15,-5,16,-5,17,-4,18,-4,19,-4,20,-4,21,-4,21,-3,21,-2,21,-2,21,-2,22,-2,22,-3,22,-2,22,-3,22,-3,23,-4,23,-4,23,-4,23,-4,23,-4,24,-4,25,-5"
3.425412893295288,66,"CSI,996,128,83,49,21,0,7,4,2,3,-5,0,-9,-2,-8,-1,-10,-3,-11,-2,-13,0,-18,-1,-19,-3,-16,-4,-14,-5,-15,-5,-13,-2,-11,0,-11,0,-9,1,-5,1,-2,2,0,2,1,1,2,-1,3,-1,5,1,7,1,1,0,0,0,0,0,0,0,0,0,0,0,0,0,0,0,0,0,0,0,-3,-1,-9,-5,-8,-7,-6,-7,-6,-7,-7,-9,-6,-8,-4,-4,-4,-4,-3,-6,-2,-5,0,-1,2,2,3,4,6,5,9,6,8,8,7,8,10,8,14,10,16,13,15,15,17,14,19,14,16,14,14,12,15,9"
3.4762377738952637,67,"CSI,574,128,101,81,22,0,-24,9,-23,9,-23,9,-24,10,-23,10,-23,10,-22,10,-22,11,-22,11,-22,11,-22,11,-22,11,-22,11,-22,11,-22,10,-22,10,-21,9,-21,8,-20,7,-20,7,-20,7,-19,6,-19,5,-18,4,-17,3,-5,0,0,0,0,0,0,0,0,0,0,0,0,0,0,0,0,0,0,0,-4,1,-15,7,-16,7,-16,7,-17,7,-18,7,-19,7,-19,7,-20,7,-21,7,-23,7,-23,7,-22,6,-23,6,-23,6,-23,6,-23,6,-23,6,-23,7,-23,8,-24,8,-24,8,-23,8,-23,8,-24,8,-25,9,-25,9"
3.5275609493255615,68,"CSI,1001,128,83,49,21,0,-6,-7,-7,-10,-8,-13,-9,-14,-8,-14,-9,-15,-7,-15,-2,-14,-2,-13,-4,-12,-4,-9,-5,-8,-4,-7,-2,-6,1,-5,2,-1,1,2,1,1,3,1,4,2,5,1,4,0,3,-1,3,-3,4,-3,1,-1,0,0,0,0,0,0,0,0,0,0,0,0,0,0,0,0,0,0,1,0,7,3,8,4,7,5,7,5,8,4,5,3,2,3,-2,2,-7,1,-9,1,-10,3,-12,4,-15,6,-17,6,-18,5,-17,8,-16,12,-16,15,-16,13,-14,10,-12,11,-9,11,-6,9,-5,9,-6,7,-8,3"
3.5877609252929688,69,"CSI,575,128,101,81,22,0,-25,4,-25,4,-25,4,-25,5,-25,6,-24,6,-24,6,-23,6,-23,6,-23,6,-22,7,-22,7,-22,7,-23,7,-23,7,-22,6,-21,6,-20,5,-20,5,-19,5,-19,4,-18,4,-17,4,-17,3,-16,2,-4,0,0,0,0,0,0,0,0,0,0,0,0,0,0,0,0,0,0,0,-5,1,-19,4,-19,4,-20,3,-21,3,-22,3,-23,3,-23,2,-24,2,-25,2,-26,2,-26,1,-26,0,-26,0,-26,0,-26,0,-26,0,-26,0,-26,1,-26,2,-27,2,-26,3,-26,3,-26,2,-26,2,-27,2,-27,2"
3.630100965499878,70,"CSI,1005,128,83,49,21,0,0,-1,-1,2,-4,4,-9,5,-12,4,-15,4,-18,3,-21,0,-21,1,-18,4,-15,5,-14,4,-13,3,-10,2,-7,3,-3,4,-1,1,1,-2,4,-2,6,1,6,2,5,1,5,-2,6,-2,8,0,2,0,0,0,0,0,0,0,0,0,0,0,0,0,0,0,0,0,0,0,-3,2,-10,7,-9,4,-8,4,-8,4,-6,3,-4,3,-2,4,0,4,0,3,1,0,5,-2,10,-3,14,-3,16,-4,15,-5,16,-6,19,-6,20,-9,19,-11,19,-10,18,-10,16,-8,12,-6,9,-5,9,-4,9,-3"
3.7012298107147217,71,"CSI,576,128,101,81,22,0,3,-25,2,-25,2,-25,2,-24,2,-24,1,-24,0,-24,-1,-24,-1,-24,-1,-24,-1,-24,-1,-23,-1,-23,-1,-22,0,-22,0,-22,0,-21,0,-21,0,-20,1,-18,1,-18,1,-17,1,-16,1,-16,1,-15,0,-4,0,0,0,0,0,0,0,0,0,0,0,0,0,0,0,0,0,0,-1,-6,-1,-22,-1,-23,0,-24,0,-24,1,-25,1,-26,2,-27,2,-28,4,-28,5,-28,5,-28,5,-29,5,-29,5,-28,5,-28,5,-28,5,-28,5,-27,5,-27,5,-27,5,-27,4,-27,3,-27,3,-26,4,-27,3,-28"
3.7359960079193115,72,"CSI,1009,128,83,49,21,0,0,-6,-4,-6,-8,-5,-14,-5,-18,-8,-19,-10,-19,-13,-20,-19,-19,-18,-17,-12,-16,-9,-14,-8,-12,-7,-9,-6,-6,-5,-4,-3,-3,-1,-3,1,-4,1,-5,3,-6,5,-7,7,-8,8,-8,7,-8,4,-2,0,0,0,0,0,0,0,0,0,0,0,0,0,0,0,0,0,0,0,2,0,9,-1,7,-2,5,0,6,1,7,1,7,1,7,-2,5,-3,5,-2,6,-2,6,-6,5,-11,3,-14,4,-14,7,-15,10,-16,11,-15,10,-17,10,-20,11,-20,13,-18,11,-16,8,-12,5,-11,3,-11,3,-9"
3.792409896850586,73,"CSI,1062,128,83,49,21,0,7,-21,9,-20,12,-19,13,-17,13,-15,10,-13,10,-9,10,-3,9,-2,8,-4,5,-6,-1,-9,-5,-6,-4,-6,-5,-8,-5,-8,-5,-10,-6,-9,-6,-7,-4,-8,-4,-9,-4,-9,-5,-8,-5,-7,-5,-4,-2,-1,0,0,0,0,0,0,0,0,0,0,0,0,0,0,0,0,0,0,0,1,0,6,0,5,0,5,-2,5,-2,6,-2,6,0,5,2,3,4,2,6,1,8,-2,11,-2,14,-1,16,1,17,3,15,3,15,2,14,2,12,4,12,6,10,5,8,3,6,1,4,-2,2,-7,1,-13"
3.8285348415374756,74,"CSI,577,128,101,81,22,0,13,-18,12,-18,12,-18,12,-18,12,-18,12,-19,11,-19,10,-19,10,-19,10,-19,9,-19,9,-19,10,-19,10,-18,10,-18,10,-18,10,-17,10,-16,10,-15,10,-15,10,-14,9,-14,9,-13,9,-12,9,-11,2,-3,0,0,0,0,0,0,0,0,0,0,0,0,0,0,0,0,0,0,2,-4,8,-15,8,-15,9,-16,10,-16,10,-16,11,-17,11,-17,12,-18,13,-18,14,-18,14,-18,14,-18,14,-18,14,-18,14,-18,14,-17,14,-17,14,-18,14,-18,14,-18,14,-18,13,-18,13,-18,13,-18,14,-18,14,-19"
3.861781120300293,75,"CSI,1013,128,83,49,21,0,4,-4,6,-8,11,-12,13,-16,13,-20,15,-21,13,-18,10,-15,12,-14,15,-13,14,-12,12,-10,10,-8,7,-8,4,-6,1,-6,0,-4,-3,-1,-6,1,-8,-1,-9,-1,-10,0,-10,1,-9,1,-7,-1,-2,-1,0,0,0,0,0,0,0,0,0,0,0,0,0,0,0,0,0,0,-2,-2,-6,-7,-4,-9,-5,-10,-5,-9,-3,-8,-4,-7,-4,-6,-3,-6,-2,-4,-2,0,-5,2,-7,7,-5,14,-6,14,-9,15,-9,19,-5,21,-4,21,-6,22,-9,24,-11,25,-12,23,-12,20,-12,17,-9,12,-5,6"
3.9335319995880127,76,"CSI,578,128,101,81,22,0,0,-25,-1,-25,-2,-25,-1,-25,-1,-24,-2,-25,-3,-25,-3,-25,-4,-25,-4,-25,-5,-25,-4,-25,-4,-25,-4,-25,-3,-25,-3,-25,-2,-25,-2,-25,-2,-24,-1,-23,-1,-22,-1,-21,0,-21,0,-20,0,-20,0,-5,0,0,0,0,0,0,0,0,0,0,0,0,0,0,0,0,0,0,-1,-4,-4,-16,-4,-16,-3,-17,-3,-18,-3,-19,-2,-20,-2,-21,-1,-22,0,-22,0,-23,0,-23,0,-24,1,-24,1,-24,1,-24,1,-24,1,-24,1,-24,1,-23,1,-23,1,-24,1,-24,0,-24,0,-24,0,-25,-1,-26"
3.96425199508667,77,"CSI,1016,128,83,49,21,0,3,1,3,-4,-1,-10,-4,-15,-5,-19,-6,-23,-3,-24,4,-23,1,-25,-5,-29,-5,-26,-5,-22,-6,-20,-4,-17,-5,-12,-4,-8,-1,-4,-1,1,-3,4,-3,6,-3,7,-4,9,-1,10,0,10,0,9,0,2,0,0,0,0,0,0,0,0,0,0,0,0,0,0,0,0,0,0,-1,-3,-2,-10,-4,-12,-3,-13,-2,-12,-2,-10,-2,-7,-1,-6,0,-3,-2,-1,1,-1,4,2,3,7,4,9,5,12,4,14,4,17,2,21,1,23,4,25,5,29,3,29,2,27,2,23,0,21,0,23,1,24"
4.0397820472717285,78,"CSI,1020,128,83,49,21,0,0,3,4,5,8,8,11,11,13,14,14,16,16,18,21,18,21,17,17,15,12,14,5,15,3,14,3,10,4,6,5,5,3,4,2,1,2,-2,3,-4,6,-7,9,-7,6,-6,3,-6,2,-6,0,-2,0,0,0,0,0,0,0,0,0,0,0,0,0,0,0,0,0,0,0,-2,2,-8,1,-10,-1,-12,0,-11,2,-7,1,-4,-1,-4,-2,-5,-4,-5,-4,-4,-4,-4,-7,-3,-9,-1,-11,2,-15,2,-19,1,-20,2,-20,5,-23,4,-26,3,-27,1,-26,-1,-23,-1,-21,0,-20,2,-18,5"
4.144541025161743,79,"CSI,1024,128,83,49,21,0,6,-12,3,-13,-1,-14,-6,-18,-9,-21,-8,-22,-6,-27,-4,-30,-6,-26,-8,-24,-5,-23,-3,-19,-2,-14,-1,-11,-1,-8,-2,-6,-4,-5,-8,-4,-9,-4,-8,-2,-8,1,-8,3,-8,3,-9,2,-11,4,-3,1,0,0,0,0,0,0,0,0,0,0,0,0,0,0,0,0,0,0,0,2,3,9,3,8,2,9,2,9,2,9,3,8,2,7,3,6,3,4,4,-1,5,-4,8,-3,14,-2,18,-5,19,-7,22,-6,25,-5,24,-4,24,-3,25,0,25,1,22,2,17,2,16,-3,17,-4,13,-3"
4.172394037246704,80,"CSI,360,128,-117,-78,40,0,19,4,19,4,19,3,19,3,19,2,19,2,18,2,18,2,18,1,18,1,17,1,17,1,17,1,18,0,18,0,17,1,16,2,16,2,15,1,14,1,14,1,13,1,13,1,12,2,12,2,3,0,0,0,0,0,0,0,0,0,0,0,0,0,0,0,0,0,0,0,3,-1,15,-1,15,0,16,0,16,1,17,1,18,2,19,3,19,3,20,3,20,4,20,5,20,6,20,6,20,6,20,6,20,6,20,6,20,5,20,5,20,5,20,4,20,5,20,5,20,5,21,5,21,5"
4.203084945678711,81,"CSI,580,128,101,81,22,0,10,21,10,20,11,20,11,19,11,18,11,18,12,18,12,18,12,17,12,18,12,17,12,17,12,17,12,16,12,16,11,16,11,16,10,16,10,15,9,14,8,13,8,13,7,13,7,12,7,12,1,3,0,0,0,0,0,0,0,0,0,0,0,0,0,0,0,0,0,0,2,3,11,13,11,13,11,14,11,15,12,16,12,17,12,18,12,19,12,20,11,21,10,21,10,22,10,23,10,23,10,22,10,22,10,22,10,22,10,21,10,21,10,21,11,21,11,22,11,21,11,21,12,22"
4.244495868682861,82,"CSI,3462,128,-5,-79,31,0,-20,-10,-20,-10,-21,-9,-20,-8,-20,-8,-20,-7,-20,-7,-20,-8,-20,-7,-20,-7,-20,-7,-19,-6,-19,-6,-20,-5,-20,-5,-19,-6,-18,-6,-18,-7,-17,-6,-17,-6,-16,-5,-15,-5,-15,-5,-14,-6,-14,-6,-4,-2,0,0,0,0,0,0,0,0,0,0,0,0,0,0,0,0,0,0,-5,-1,-17,-4,-17,-4,-18,-5,-19,-6,-20,-6,-20,-7,-21,-8,-21,-9,-21,-9,-21,-10,-21,-11,-21,-12,-21,-12,-21,-12,-21,-12,-21,-12,-21,-12,-21,-12,-21,-11,-21,-11,-21,-10,-21,-11,-21,-11,-21,-11,-22,-11,-23,-10"
4.272482872009277,83,"CSI,1077,128,83,49,21,0,11,-13,11,-13,11,-15,12,-17,14,-15,11,-15,9,-11,10,-4,9,-6,6,-8,0,-6,-3,-6,-1,-6,0,-7,-3,-7,-5,-6,-5,-5,-4,-4,-4,-4,-4,-3,-4,-3,-3,-2,-3,1,-3,3,-1,3,0,0,0,0,0,0,0,0,0,0,0,0,0,0,0,0,0,0,0,0,-3,1,-9,3,-9,3,-10,3,-9,1,-7,0,-6,2,-6,2,-4,-1,0,-1,3,4,7,7,9,9,8,12,7,14,5,15,4,15,5,15,4,14,4,14,3,10,2,5,4,3,9,2,8,3,5,2,5,-2"
4.305660963058472,84,"CSI,1028,128,83,49,21,0,11,-6,8,-14,6,-17,3,-19,0,-24,3,-27,6,-27,6,-25,8,-24,10,-24,12,-22,14,-19,10,-19,5,-18,2,-14,-2,-10,-2,-8,-1,-7,-2,-6,-6,-5,-9,-5,-12,-6,-13,-6,-12,-6,-11,-7,-3,-2,0,0,0,0,0,0,0,0,0,0,0,0,0,0,0,0,0,0,0,2,0,10,1,10,0,10,-2,10,-2,10,-2,11,-2,10,-1,7,0,8,1,9,4,6,8,4,12,4,14,6,15,6,21,5,26,7,27,10,28,9,27,10,24,12,22,14,23,14,22,12,18,9,13,11"
4.344501733779907,85,"CSI,581,128,101,81,22,0,-18,-9,-18,-9,-18,-9,-18,-8,-18,-7,-18,-7,-18,-7,-18,-7,-18,-7,-18,-7,-18,-7,-18,-6,-18,-6,-18,-6,-18,-6,-17,-6,-17,-7,-16,-7,-16,-7,-15,-6,-14,-6,-14,-6,-13,-6,-13,-6,-12,-6,-3,-2,0,0,0,0,0,0,0,0,0,0,0,0,0,0,0,0,0,0,-4,-1,-15,-4,-15,-5,-15,-5,-16,-6,-16,-6,-17,-7,-17,-8,-18,-9,-18,-9,-18,-9,-18,-10,-18,-11,-18,-11,-17,-11,-17,-11,-18,-11,-18,-11,-18,-11,-18,-10,-18,-9,-18,-9,-18,-10,-18,-10,-18,-10,-19,-9,-20,-9"
4.375089883804321,86,"CSI,1032,128,83,49,21,0,-4,1,-5,6,-7,10,-7,14,-7,18,-7,21,-9,24,-11,29,-10,28,-8,24,-8,18,-9,15,-9,16,-6,14,-4,11,-2,7,1,4,2,1,2,2,3,1,4,-1,5,-4,5,-7,5,-5,5,-3,1,-1,0,0,0,0,0,0,0,0,0,0,0,0,0,0,0,0,0,0,2,1,9,4,9,4,8,3,7,4,7,5,7,5,4,5,1,4,2,3,1,0,-3,-4,-6,-5,-7,-8,-6,-12,-5,-19,-6,-23,-6,-24,-5,-25,-7,-25,-10,-26,-9,-28,-6,-26,-4,-21,-4,-19,-4,-20,-3,-18"
4.410531997680664,87,"CSI,582,128,101,81,22,0,-24,-6,-24,-6,-24,-5,-24,-4,-24,-4,-24,-3,-24,-3,-24,-3,-24,-3,-24,-3,-23,-3,-23,-2,-23,-2,-24,-1,-23,-2,-23,-2,-22,-3,-21,-3,-20,-3,-20,-3,-19,-3,-18,-3,-18,-3,-17,-3,-16,-4,-4,-1,0,0,0,0,0,0,0,0,0,0,0,0,0,0,0,0,0,0,-5,-1,-19,-2,-19,-2,-20,-3,-20,-3,-21,-4,-22,-5,-23,-6,-23,-6,-24,-6,-24,-7,-24,-8,-24,-9,-24,-9,-24,-9,-24,-9,-25,-9,-25,-9,-24,-9,-24,-8,-25,-7,-25,-7,-25,-7,-25,-7,-25,-7,-26,-7,-27,-6"
4.451014041900635,88,"CSI,1036,128,83,49,21,0,7,-4,0,-8,-7,-10,-13,-12,-18,-13,-21,-15,-20,-19,-16,-24,-18,-23,-22,-20,-21,-19,-19,-17,-17,-14,-14,-12,-11,-10,-8,-7,-6,-3,-4,-1,-3,0,-2,3,-1,7,2,8,2,9,0,9,0,9,0,2,0,0,0,0,0,0,0,0,0,0,0,0,0,0,0,0,0,0,-3,2,-11,10,-9,9,-9,8,-10,9,-11,10,-13,8,-13,6,-11,3,-7,1,-4,1,-1,2,3,0,8,-1,13,-1,18,-2,24,-3,26,0,29,2,32,2,34,1,34,2,32,5,29,7,28,8,27,5,24,2"
4.509292840957642,89,"CSI,1090,128,83,49,21,0,4,17,4,18,3,17,2,17,2,16,2,14,0,10,-2,5,-3,3,-5,5,-6,6,-3,5,0,3,2,2,1,-1,2,-3,5,-2,7,-3,7,-5,6,-5,7,-3,8,-3,5,-3,3,-2,4,-1,1,-1,0,0,0,0,0,0,0,0,0,0,0,0,0,0,0,0,0,0,-2,-3,-6,-10,-6,-9,-6,-9,-6,-8,-5,-5,-4,-4,-3,-5,-3,-5,-5,-3,-7,-1,-7,1,-9,3,-12,2,-14,-1,-15,0,-15,2,-14,2,-14,2,-13,2,-12,0,-13,-1,-13,0,-10,1,-5,0,-1,-1,-2,2"
4.547957897186279,90,"CSI,583,128,101,81,22,0,-17,17,-17,17,-16,17,-16,17,-16,17,-16,18,-14,18,-14,18,-14,18,-14,18,-13,18,-13,18,-13,18,-14,18,-14,17,-14,17,-13,16,-13,15,-13,15,-13,14,-13,13,-12,13,-12,12,-12,11,-12,11,-3,2,0,0,0,0,0,0,0,0,0,0,0,0,0,0,0,0,0,0,-3,3,-11,14,-11,15,-12,15,-13,16,-14,16,-14,16,-15,17,-16,17,-17,17,-18,17,-19,17,-18,17,-19,17,-19,16,-19,16,-19,16,-19,16,-19,16,-19,16,-19,17,-19,17,-18,17,-17,17,-18,17,-19,17,-19,18"
4.581313848495483,91,"CSI,1041,128,83,49,21,0,-1,8,5,5,9,2,14,-2,16,-6,17,-9,18,-11,18,-13,21,-11,24,-8,27,-7,25,-5,21,-5,17,-6,14,-6,13,-5,11,-1,6,0,4,-4,2,-5,-1,-2,-5,-2,-8,-2,-11,-1,-12,-3,-3,-1,0,0,0,0,0,0,0,0,0,0,0,0,0,0,0,0,0,0,-2,-3,-7,-9,-7,-10,-7,-10,-7,-12,-5,-12,-4,-10,-4,-11,-3,-10,-2,-7,-2,-6,-3,-5,-4,0,-5,5,-7,8,-8,12,-8,15,-9,19,-11,24,-13,25,-13,24,-13,26,-16,26,-19,26,-19,26,-17,24,-15,20"
4.612865924835205,92,"CSI,584,128,101,81,22,0,-20,7,-20,7,-20,7,-20,7,-19,8,-19,8,-18,8,-18,8,-18,9,-17,9,-17,9,-17,10,-17,10,-18,9,-18,9,-17,9,-17,8,-16,8,-16,7,-16,7,-15,7,-15,6,-14,6,-14,6,-14,5,-4,1,0,0,0,0,0,0,0,0,0,0,0,0,0,0,0,0,0,0,-4,1,-14,6,-14,6,-15,6,-16,6,-17,6,-17,5,-18,5,-19,5,-20,5,-20,5,-20,5,-20,4,-20,4,-20,4,-21,4,-21,4,-21,4,-21,4,-21,5,-21,5,-21,6,-20,6,-20,6,-20,6,-20,6,-20,6"
4.658222913742065,93,"CSI,1044,128,83,49,21,0,7,-17,2,-15,-1,-14,-6,-14,-10,-16,-15,-18,-21,-20,-24,-21,-21,-22,-16,-25,-13,-26,-13,-25,-12,-23,-10,-20,-8,-17,-8,-15,-7,-12,-7,-8,-8,-4,-7,-2,-7,0,-10,1,-12,1,-12,3,-10,4,-3,1,0,0,0,0,0,0,0,0,0,0,0,0,0,0,0,0,0,0,2,-1,8,-2,9,-4,10,-4,10,-1,10,4,11,4,12,3,11,2,10,-1,9,-3,9,-3,8,-5,5,-8,4,-11,4,-15,6,-20,8,-24,10,-25,13,-26,15,-27,18,-26,21,-25,20,-23,19,-24,19,-24,17,-22"
4.713721990585327,94,"CSI,585,128,101,81,22,0,-1,23,-1,23,0,23,-1,23,0,22,0,22,1,23,2,23,1,23,1,23,1,23,1,23,1,23,1,22,1,22,0,22,0,22,0,21,0,20,-1,19,-1,18,-2,18,-2,17,-3,17,-3,16,-1,4,0,0,0,0,0,0,0,0,0,0,0,0,0,0,0,0,0,0,0,3,2,14,1,15,1,16,0,17,0,17,1,19,1,20,0,20,-1,20,-2,21,-3,21,-3,22,-3,22,-3,22,-3,22,-3,22,-3,22,-3,22,-3,22,-2,22,-2,22,-1,22,-1,23,-1,23,-2,23,-1,24"
4.75941801071167,95,"CSI,1049,128,83,49,21,0,-9,11,-10,15,-9,19,-8,24,-9,28,-9,28,-8,27,-5,24,-6,24,-10,23,-10,22,-9,22,-8,19,-6,17,-4,15,-2,13,0,9,1,6,3,5,5,6,7,7,8,5,8,6,8,6,9,5,2,0,0,0,0,0,0,0,0,0,0,0,0,0,0,0,0,0,0,0,-2,-3,-6,-10,-7,-11,-7,-12,-5,-12,-4,-11,-4,-10,-3,-8,-5,-6,-7,-4,-7,0,-7,2,-8,4,-13,3,-18,2,-19,2,-21,4,-24,4,-28,2,-30,0,-30,0,-29,-4,-26,-9,-24,-9,-25,-6,-24,-4,-18,-4"
4.822237014770508,96,"CSI,586,128,101,81,22,0,4,22,5,22,5,22,5,21,5,20,6,20,7,20,7,21,7,20,7,21,7,20,7,20,7,20,7,19,6,19,6,19,6,19,5,19,5,18,4,17,4,16,3,16,3,15,2,15,2,15,0,3,0,0,0,0,0,0,0,0,0,0,0,0,0,0,0,0,0,0,1,3,7,15,7,16,6,17,6,18,6,18,6,20,6,21,6,21,5,21,4,22,4,22,4,23,4,23,3,23,3,23,3,23,3,23,3,23,3,22,3,22,4,22,4,22,5,22,5,22,5,22,6,23"
4.858811855316162,97,"CSI,1052,128,83,49,21,0,10,-1,8,-5,6,-8,4,-12,1,-16,-2,-19,-1,-22,5,-25,4,-24,0,-22,-1,-21,0,-21,0,-20,1,-16,0,-15,-1,-14,-2,-9,-5,-6,-6,-4,-5,-2,-5,0,-4,2,-6,3,-9,3,-10,3,-3,0,0,0,0,0,0,0,0,0,0,0,0,0,0,0,0,0,0,0,0,2,0,10,-2,11,-5,10,-7,8,-7,6,-6,5,-3,5,1,6,3,5,5,5,6,5,8,4,9,3,12,2,18,3,21,5,20,7,19,10,19,12,20,12,21,11,21,10,18,7,17,2,18,2,16,6"
4.938553810119629,98,"CSI,587,128,101,81,22,0,18,10,18,10,19,9,19,8,19,8,19,7,19,7,19,7,19,7,19,6,19,6,18,6,18,6,19,5,18,5,18,6,17,6,17,6,16,6,15,6,15,5,14,5,13,5,13,6,12,6,3,1,0,0,0,0,0,0,0,0,0,0,0,0,0,0,0,0,0,0,4,1,16,5,16,5,16,6,17,7,18,7,18,9,19,9,19,10,19,10,19,11,19,11,19,12,19,13,18,12,18,12,19,12,19,12,19,12,19,11,19,11,19,11,19,11,19,11,19,11,20,10,20,10"
4.96829891204834,99,"CSI,1057,128,83,49,21,0,-9,-5,-11,-2,-14,2,-18,8,-21,11,-23,11,-26,11,-29,8,-28,8,-26,11,-24,12,-22,8,-18,5,-15,3,-13,2,-10,2,-4,3,2,5,5,6,6,5,6,2,7,2,7,3,7,3,6,3,1,0,0,0,0,0,0,0,0,0,0,0,0,0,0,0,0,0,0,0,2,2,9,9,10,7,9,8,8,9,7,9,7,5,5,4,2,4,1,3,-2,-1,-4,-7,0,-11,3,-15,3,-18,3,-21,4,-25,6,-27,5,-28,4,-28,5,-29,8,-30,9,-29,7,-28,7,-25,6,-20,2,-17"
5.0580267906188965,100,"CSI,588,128,101,81,22,0,-11,-11,-11,-12,-11,-11,-11,-10,-11,-10,-11,-10,-12,-10,-12,-9,-12,-9,-12,-9,-12,-9,-12,-9,-12,-9,-12,-8,-12,-8,-11,-8,-11,-9,-11,-9,-11,-8,-10,-8,-10,-7,-9,-7,-9,-7,-8,-7,-8,-7,-2,-2,0,0,0,0,0,0,0,0,0,0,0,0,0,0,0,0,0,0,-3,-2,-9,-7,-9,-8,-9,-9,-9,-9,-9,-9,-10,-10,-10,-11,-10,-11,-10,-11,-10,-12,-10,-12,-10,-13,-9,-13,-9,-13,-10,-13,-10,-13,-10,-13,-10,-13,-10,-12,-10,-12,-10,-12,-11,-12,-11,-12,-11,-12,-11,-11,-11,-11"
5.091079950332642,101,"CSI,1060,128,83,49,21,0,8,-9,2,-8,-3,-10,-5,-14,-4,-18,-5,-21,-10,-25,-15,-30,-15,-30,-10,-28,-6,-27,-4,-25,-4,-21,-4,-19,-4,-19,-4,-17,-3,-14,-3,-12,-4,-9,-4,-7,-5,-6,-5,-4,-6,-1,-7,0,-9,-1,-3,-1,0,0,0,0,0,0,0,0,0,0,0,0,0,0,0,0,0,0,2,1,8,4,8,3,6,4,5,6,5,8,4,8,3,7,2,6,1,5,1,1,0,-3,2,-5,5,-9,5,-12,6,-12,10,-14,12,-15,15,-13,20,-12,23,-14,24,-13,24,-11,22,-9,23,-7,22,-9,19,-13"
5.164313793182373,102,"CSI,589,128,101,81,22,0,7,-10,7,-10,7,-10,7,-10,7,-10,7,-11,6,-11,6,-11,6,-11,6,-11,5,-11,5,-11,6,-11,6,-11,6,-11,6,-11,6,-10,6,-10,6,-9,6,-9,6,-9,6,-8,6,-8,6,-7,5,-7,1,-2,0,0,0,0,0,0,0,0,0,0,0,0,0,0,0,0,0,0,1,-2,5,-8,5,-8,5,-8,6,-9,6,-9,6,-9,6,-9,7,-9,8,-9,8,-9,8,-9,8,-9,8,-9,8,-9,9,-9,8,-9,8,-9,8,-9,8,-9,8,-9,8,-10,8,-10,7,-10,8,-10,8,-10,8,-10"
5.1974427700042725,103,"CSI,366,128,-117,-78,40,0,0,12,0,12,0,12,0,11,0,11,0,11,1,11,1,11,1,11,1,11,2,11,2,11,1,11,1,11,1,11,1,11,1,11,1,10,1,10,0,9,0,9,0,9,0,8,0,8,0,8,0,2,0,0,0,0,0,0,0,0,0,0,0,0,0,0,0,0,0,0,0,2,1,9,1,9,1,10,1,10,0,10,0,11,0,11,0,12,0,12,-1,12,-1,12,-1,12,-1,12,-1,12,-1,12,-1,12,-1,12,-1,12,-1,12,-1,12,-1,12,-1,12,0,12,0,12,-1,12,-1,12"
5.228789806365967,104,"CSI,3464,128,122,-96,7,0,-19,5,-18,5,-18,6,-18,6,-18,7,-18,7,-17,7,-17,7,-17,7,-17,7,-16,7,-16,7,-16,7,-17,8,-17,8,-16,7,-16,6,-15,6,-15,6,-14,5,-14,5,-14,5,-13,4,-13,4,-13,3,-4,0,0,0,0,0,0,0,0,0,0,0,0,0,0,0,0,0,0,0,-4,1,-14,5,-14,5,-15,5,-16,6,-16,6,-17,5,-17,5,-18,5,-19,5,-20,5,-20,4,-20,3,-20,3,-20,3,-20,3,-20,3,-20,3,-20,4,-20,4,-20,5,-20,5,-19,5,-19,5,-19,5,-20,5,-21,6"
5.27367091178894,105,"CSI,1068,128,83,49,21,0,-12,3,-11,7,-10,10,-11,14,-14,20,-15,24,-14,23,-12,19,-16,17,-19,19,-20,19,-20,16,-18,14,-12,14,-9,12,-8,12,-5,12,-2,10,0,8,1,8,1,8,2,9,4,10,5,8,6,8,1,2,0,0,0,0,0,0,0,0,0,0,0,0,0,0,0,0,0,0,-2,-2,-5,-9,-3,-11,-2,-12,-1,-13,0,-13,0,-11,0,-11,1,-11,0,-9,-3,-5,-7,-4,-11,-5,-12,-4,-12,-5,-15,-5,-20,-4,-22,-5,-25,-7,-29,-9,-30,-13,-31,-16,-30,-17,-27,-17,-24,-17,-21,-15,-20,-14"
5.309799909591675,106,"CSI,590,128,101,81,22,0,-19,17,-18,17,-18,17,-18,17,-18,17,-18,17,-17,18,-16,18,-17,18,-16,18,-16,18,-16,18,-16,18,-16,18,-17,17,-17,17,-17,16,-16,15,-16,14,-16,13,-16,13,-15,12,-15,11,-15,10,-14,10,-4,2,0,0,0,0,0,0,0,0,0,0,0,0,0,0,0,0,0,0,-3,3,-11,13,-12,14,-13,14,-14,14,-14,15,-15,15,-15,15,-16,16,-18,16,-19,15,-19,15,-19,15,-19,15,-19,15,-19,15,-20,15,-19,15,-19,15,-20,15,-20,16,-19,16,-19,16,-18,16,-19,16,-20,17,-20,18"
5.37348198890686,107,"CSI,1072,128,83,49,21,0,-6,-8,-9,-6,-11,-6,-17,-7,-20,-9,-23,-10,-24,-15,-23,-20,-23,-18,-23,-13,-22,-10,-19,-8,-16,-6,-14,-4,-13,-4,-11,-2,-10,2,-9,5,-7,6,-8,8,-9,8,-6,7,-4,7,-4,9,-4,10,-1,2,0,0,0,0,0,0,0,0,0,0,0,0,0,0,0,0,0,0,2,1,7,6,5,6,6,7,6,7,6,5,5,3,3,2,3,2,4,1,4,0,3,-2,3,-6,4,-10,5,-13,5,-15,8,-19,12,-20,15,-20,16,-21,16,-21,17,-18,15,-16,14,-16,16,-18,17,-17,13,-12"
5.403903007507324,108,"CSI,591,128,101,81,22,0,0,23,1,23,2,23,2,22,1,22,2,21,3,21,4,21,4,21,4,21,4,21,4,21,4,21,4,20,4,20,3,20,3,20,3,19,2,18,2,17,1,16,1,16,1,15,0,15,0,14,0,3,0,0,0,0,0,0,0,0,0,0,0,0,0,0,0,0,0,0,0,4,3,16,2,17,2,18,1,19,1,20,1,21,1,22,0,22,0,23,-1,23,-2,23,-2,24,-2,24,-2,24,-2,24,-2,24,-2,24,-2,24,-2,23,-1,23,-1,23,0,23,0,24,0,24,0,24,1,24"
5.431092977523804,109,"CSI,1125,128,83,49,21,0,3,-9,6,-11,10,-11,11,-11,10,-12,7,-11,4,-9,1,-7,1,-5,2,-4,2,-4,3,-5,3,-7,1,-6,-1,-8,-2,-8,-2,-7,-2,-5,-2,-3,-1,-4,-1,-5,-2,-5,-4,-4,-3,-3,-1,-4,0,-1,0,0,0,0,0,0,0,0,0,0,0,0,0,0,0,0,0,0,0,1,1,4,1,5,1,6,1,5,0,5,1,4,2,1,3,0,6,-3,10,-4,9,-3,7,-2,7,0,9,2,11,1,13,2,14,4,15,3,14,4,13,4,9,4,6,3,5,-1,5,-5,5,-4,4,0"
5.478749990463257,110,"CSI,1077,128,83,49,21,0,-18,5,-21,6,-21,7,-21,8,-23,10,-25,11,-31,9,-36,8,-33,8,-27,5,-21,1,-17,0,-15,3,-14,3,-13,3,-12,5,-8,6,-6,7,-5,10,-5,11,-5,10,-4,10,-3,12,-3,11,-3,9,-1,2,0,0,0,0,0,0,0,0,0,0,0,0,0,0,0,0,0,0,-1,-4,-3,-15,-5,-13,-3,-11,2,-11,3,-11,0,-12,-3,-10,-4,-8,-4,-7,-6,-4,-9,-3,-13,-3,-17,-7,-19,-12,-22,-17,-26,-18,-26,-20,-23,-19,-21,-21,-20,-24,-19,-24,-17,-19,-14,-16,-16,-15,-18,-13,-20,-9"
5.517465829849243,111,"CSI,592,128,101,81,22,0,-22,14,-22,14,-22,14,-22,15,-22,15,-21,15,-20,15,-20,15,-20,16,-20,16,-19,16,-19,16,-19,16,-20,16,-20,16,-20,15,-19,15,-19,14,-19,13,-18,12,-18,12,-18,11,-17,10,-17,10,-17,9,-4,2,0,0,0,0,0,0,0,0,0,0,0,0,0,0,0,0,0,0,-4,2,-13,11,-14,11,-15,12,-16,12,-17,12,-17,12,-18,12,-19,13,-20,12,-22,12,-22,12,-22,12,-22,11,-22,11,-22,11,-22,11,-22,12,-22,12,-23,13,-23,13,-23,13,-22,13,-22,13,-22,13,-23,14,-24,14"
5.548112869262695,112,"CSI,1129,128,83,49,21,0,-1,18,-2,20,-2,19,-3,18,-7,17,-7,16,-7,15,-8,13,-3,13,1,11,0,7,2,4,6,4,8,3,9,0,9,-1,10,-1,12,-1,10,-1,7,-2,4,-2,4,-2,5,-3,6,-2,5,-1,1,-1,0,0,0,0,0,0,0,0,0,0,0,0,0,0,0,0,0,0,0,0,3,-2,3,-4,3,-5,4,-4,3,-3,2,-2,2,-1,1,-2,-1,-4,-5,-4,-8,-6,-9,-7,-8,-6,-9,-7,-12,-10,-14,-14,-14,-16,-14,-14,-13,-13,-8,-13,-6,-11,-8,-9,-9,-5,-7,1,-7,6,-9,9"
5.578804016113281,113,"CSI,1080,128,83,49,21,0,6,0,6,-3,8,-5,11,-5,13,-5,16,-5,19,-3,19,0,17,-3,16,-6,14,-5,12,-4,10,-4,9,-3,6,0,3,-1,1,-3,-1,-3,-3,-2,-4,-2,-6,-2,-7,-2,-7,-1,-8,0,-9,-2,-3,-1,0,0,0,0,0,0,0,0,0,0,0,0,0,0,0,0,0,0,-1,-4,-1,-12,-2,-10,-3,-7,-3,-6,-3,-6,-3,-6,-2,-2,-4,1,-5,2,-5,3,-8,5,-10,7,-10,10,-13,11,-16,10,-15,11,-15,14,-16,15,-18,13,-17,12,-14,12,-12,11,-10,8,-7,9,-4,10,-3,9"
5.619253873825073,114,"CSI,593,128,101,81,22,0,-24,-3,-24,-2,-24,-2,-24,-1,-24,0,-24,0,-24,0,-24,0,-24,0,-24,0,-23,1,-23,1,-23,1,-24,1,-24,1,-23,1,-22,0,-22,-1,-21,-1,-20,0,-20,0,-19,-1,-18,-1,-17,-1,-17,-2,-4,-1,0,0,0,0,0,0,0,0,0,0,0,0,0,0,0,0,0,0,-5,0,-18,1,-18,0,-19,0,-20,-1,-20,-1,-21,-2,-21,-3,-22,-3,-23,-3,-24,-3,-23,-4,-23,-5,-23,-5,-23,-5,-24,-5,-24,-6,-24,-5,-24,-5,-24,-4,-24,-4,-24,-3,-24,-3,-24,-4,-25,-3,-26,-3,-27,-3"
5.646929025650024,115,"CSI,1134,128,83,49,21,0,-17,0,-20,2,-21,5,-17,4,-15,1,-15,0,-11,2,-4,3,-4,1,-6,-1,-3,-2,1,0,1,3,1,5,3,4,4,3,3,4,4,5,4,5,3,5,4,4,4,2,2,2,2,1,3,0,0,0,0,0,0,0,0,0,0,0,0,0,0,0,0,0,0,0,0,0,0,0,4,0,5,1,5,3,3,4,2,4,1,4,-1,2,-1,1,0,1,-1,-2,1,-7,2,-9,0,-10,3,-15,7,-18,7,-18,6,-17,6,-15,7,-12,7,-8,5,-8,4,-8,0,-4,-3,-1,-5,0,-8,1"
5.728221893310547,116,"CSI,594,128,101,81,22,0,4,-23,4,-23,4,-23,4,-23,4,-22,3,-22,2,-22,2,-23,2,-23,1,-23,1,-22,1,-22,1,-22,2,-21,2,-21,2,-21,2,-20,2,-20,3,-19,3,-18,3,-17,3,-16,3,-15,3,-15,3,-14,0,-4,0,0,0,0,0,0,0,0,0,0,0,0,0,0,0,0,0,0,0,-4,1,-17,2,-17,2,-18,3,-19,3,-20,3,-20,4,-21,4,-22,5,-22,6,-22,6,-23,6,-23,6,-23,7,-23,7,-23,7,-23,6,-23,6,-23,6,-23,6,-23,6,-23,5,-23,4,-23,5,-23,5,-23,6,-24"
5.841307878494263,117,"CSI,595,128,101,81,22,0,-5,19,-4,19,-4,19,-4,19,-4,18,-4,18,-3,19,-2,19,-2,19,-2,19,-2,19,-2,18,-2,18,-2,18,-3,17,-3,17,-3,17,-3,16,-3,16,-4,15,-4,14,-4,14,-4,13,-4,12,-4,12,-1,3,0,0,0,0,0,0,0,0,0,0,0,0,0,0,0,0,0,0,-1,3,-2,14,-2,14,-3,15,-3,16,-3,16,-3,17,-4,18,-4,18,-5,19,-6,19,-6,19,-6,19,-6,19,-6,19,-6,19,-6,19,-6,19,-6,19,-6,19,-6,19,-6,19,-5,19,-4,19,-5,19,-5,20,-4,20"
5.948794841766357,118,"CSI,596,128,101,81,22,0,4,26,4,26,4,25,4,25,4,24,5,24,6,24,6,24,6,24,6,24,6,24,6,24,6,23,6,23,6,22,5,23,5,23,4,22,4,21,3,20,3,18,2,18,2,17,1,17,1,16,0,4,0,0,0,0,0,0,0,0,0,0,0,0,0,0,0,0,0,0,1,4,5,17,5,18,5,19,5,19,5,20,5,22,5,23,4,24,4,24,3,25,2,25,2,26,2,27,2,26,2,26,2,26,2,26,2,26,2,26,2,25,3,26,4,26,4,26,4,26,3,26,4,27"
5.984863042831421,119,"CSI,1096,128,83,49,21,0,-1,-3,0,-4,1,-3,1,-4,0,-9,-1,-11,0,-9,4,-11,1,-12,-4,-12,-6,-11,-5,-9,-3,-8,-3,-7,-7,-5,-8,-5,-5,-3,-4,-1,-4,0,-5,0,-2,1,1,1,3,0,5,-3,6,-3,1,-1,0,0,0,0,0,0,0,0,0,0,0,0,0,0,0,0,0,0,2,0,8,2,5,2,4,3,5,4,3,5,1,7,0,7,1,4,1,6,-1,7,-4,4,-8,5,-10,8,-12,9,-12,8,-12,8,-12,9,-11,8,-12,5,-14,4,-14,7,-13,8,-13,9,-13,10,-13,7,-12,3"
6.065005779266357,120,"CSI,597,128,101,81,22,0,-11,7,-11,8,-11,8,-11,8,-10,8,-10,8,-9,8,-9,8,-9,8,-9,8,-9,8,-9,9,-9,8,-9,8,-9,8,-9,7,-9,7,-8,7,-8,7,-8,6,-8,6,-8,5,-8,5,-8,5,-8,4,-2,1,0,0,0,0,0,0,0,0,0,0,0,0,0,0,0,0,0,0,-2,1,-6,5,-6,5,-7,6,-8,6,-8,6,-8,6,-9,6,-9,6,-10,6,-10,6,-10,6,-10,7,-10,7,-11,6,-11,6,-11,6,-11,6,-11,6,-11,7,-11,7,-11,7,-10,7,-10,7,-10,7,-11,7,-11,7"
6.0966269969940186,121,"CSI,1101,128,83,49,21,0,1,-3,-1,-4,-4,-5,-9,-6,-10,-7,-9,-9,-10,-9,-9,-11,-9,-13,-10,-14,-11,-12,-10,-9,-11,-7,-9,-7,-6,-8,-4,-8,-3,-5,-4,-2,-4,0,-2,1,0,1,-1,3,-3,6,-4,7,-4,5,-1,1,0,0,0,0,0,0,0,0,0,0,0,0,0,0,0,0,0,0,1,1,6,5,6,3,5,3,3,4,2,4,2,2,0,0,-2,-1,-4,-2,-2,-2,2,-3,4,-6,3,-11,2,-11,3,-11,5,-14,6,-15,11,-14,15,-12,15,-12,13,-11,13,-9,15,-7,17,-7,16,-8,14,-9"
6.17877197265625,122,"CSI,598,128,101,81,22,0,7,-12,7,-11,7,-11,7,-11,6,-11,6,-11,6,-11,5,-11,5,-11,5,-11,5,-11,5,-11,5,-11,5,-11,5,-10,5,-10,5,-10,5,-10,5,-9,5,-9,5,-8,5,-8,5,-8,5,-7,5,-7,1,-2,0,0,0,0,0,0,0,0,0,0,0,0,0,0,0,0,0,0,1,-3,4,-10,4,-10,5,-11,5,-11,6,-11,6,-12,6,-12,7,-12,7,-12,8,-12,8,-12,8,-12,8,-12,8,-12,8,-12,8,-12,8,-12,8,-12,8,-12,8,-11,8,-11,7,-12,7,-12,7,-12,7,-11,6,-11"
6.208893060684204,123,"CSI,1104,128,83,49,21,0,-7,-10,-9,-12,-9,-12,-11,-12,-11,-11,-9,-11,-11,-12,-13,-12,-11,-10,-9,-8,-10,-6,-8,-3,-6,-1,-5,-1,-4,0,-3,-1,-2,0,-2,3,-3,2,-5,2,-5,2,-2,2,0,1,1,1,1,3,0,1,0,0,0,0,0,0,0,0,0,0,0,0,0,0,0,0,0,0,-2,2,-5,7,-4,6,-5,5,-5,5,-4,3,-3,-1,-1,-4,2,-4,5,-2,7,-4,10,-7,15,-6,19,-5,18,-2,17,1,17,3,17,3,17,3,16,2,17,0,15,1,13,2,11,0,6,0,3,-1,3,-6"
6.254048824310303,124,"CSI,372,128,-117,-78,40,0,-3,24,-3,24,-2,24,-2,24,-2,23,-2,23,-1,23,0,24,0,23,0,24,0,23,0,23,0,23,0,22,-1,22,-1,22,-1,22,-1,21,-2,20,-3,19,-3,18,-3,17,-3,17,-4,16,-3,16,-1,4,0,0,0,0,0,0,0,0,0,0,0,0,0,0,0,0,0,0,0,4,-1,19,-1,20,-2,21,-2,21,-2,22,-2,23,-2,24,-3,25,-4,25,-5,25,-5,26,-5,26,-5,26,-5,26,-5,26,-6,25,-5,25,-5,25,-5,25,-5,25,-4,25,-4,25,-3,25,-3,25,-3,25,-3,26"
6.294224977493286,125,"CSI,599,128,101,81,22,0,-4,22,-4,21,-3,21,-4,21,-4,20,-3,20,-2,20,-2,20,-2,20,-1,20,-1,20,-1,20,-1,20,-2,19,-2,19,-2,19,-2,19,-2,18,-2,17,-3,16,-3,15,-3,15,-3,14,-4,13,-4,13,-1,3,0,0,0,0,0,0,0,0,0,0,0,0,0,0,0,0,0,0,0,3,0,15,-1,16,-1,17,-2,17,-2,18,-2,19,-2,20,-3,21,-4,21,-4,21,-5,21,-5,22,-5,22,-5,22,-5,22,-6,22,-5,22,-5,22,-5,21,-5,21,-5,21,-4,22,-4,22,-4,22,-4,22,-4,23"
6.40412974357605,126,"CSI,1114,128,83,49,21,0,3,-2,6,-2,11,-2,15,3,17,6,16,4,14,3,11,7,13,8,18,3,17,1,12,0,10,0,10,1,6,0,1,0,-1,-1,-4,-4,-6,-4,-7,-2,-7,-2,-7,0,-8,2,-7,3,-5,2,-1,0,0,0,0,0,0,0,0,0,0,0,0,0,0,0,0,0,0,0,0,1,0,8,0,10,1,9,0,7,-2,6,-4,5,-4,2,-4,-1,-5,-3,-8,-5,-10,-8,-10,-10,-10,-12,-11,-14,-12,-16,-10,-19,-10,-20,-12,-17,-13,-15,-12,-15,-12,-16,-12,-15,-10,-11,-7,-9,-5,-12,-4,-13"
6.435368061065674,127,"CSI,600,128,101,81,22,0,13,-6,13,-6,13,-6,13,-6,13,-6,12,-6,12,-6,11,-7,11,-7,11,-7,11,-7,10,-7,10,-7,11,-7,11,-7,10,-6,10,-6,10,-5,9,-5,9,-5,9,-5,8,-5,8,-4,8,-4,8,-3,2,-1,0,0,0,0,0,0,0,0,0,0,0,0,0,0,0,0,0,0,2,-2,10,-5,10,-5,10,-5,11,-5,12,-5,12,-5,12,-5,13,-5,14,-5,14,-5,14,-4,14,-4,14,-4,14,-4,14,-4,14,-4,14,-4,14,-4,14,-5,14,-5,14,-5,14,-5,13,-5,13,-5,14,-5,14,-5"
6.499859094619751,128,"CSI,1117,128,83,49,21,0,-4,-4,-7,-2,-12,2,-16,6,-19,7,-21,6,-23,7,-25,3,-26,3,-27,8,-24,9,-18,8,-15,9,-13,8,-10,5,-7,3,-5,3,-2,4,2,5,3,5,4,5,5,5,8,6,10,4,9,3,2,0,0,0,0,0,0,0,0,0,0,0,0,0,0,0,0,0,0,0,0,2,3,8,3,9,2,11,-1,10,-2,7,-3,5,-3,5,-3,4,-3,1,-2,-3,-1,-8,-1,-12,1,-15,5,-16,9,-19,10,-20,11,-18,13,-17,15,-19,15,-21,14,-23,13,-24,12,-21,12,-17,10,-11,6,-7"
6.530691862106323,129,"CSI,601,128,101,81,22,0,17,-2,16,-2,17,-3,17,-3,16,-4,16,-4,16,-4,16,-4,16,-4,15,-4,15,-4,14,-4,15,-4,15,-4,15,-4,15,-4,14,-3,13,-3,13,-2,13,-2,12,-2,12,-2,11,-2,11,-1,10,-1,2,-1,0,0,0,0,0,0,0,0,0,0,0,0,0,0,0,0,0,0,3,-1,14,-4,14,-4,15,-4,15,-4,16,-3,16,-3,17,-3,18,-2,18,-2,19,-2,19,-1,19,-1,19,0,19,0,19,-1,19,-1,18,-1,18,-1,18,-1,18,-2,18,-2,18,-2,18,-2,18,-2,19,-2,19,-3"
6.602304697036743,130,"CSI,1120,128,83,49,21,0,-3,-4,-5,0,-4,3,0,10,-1,15,-4,16,-8,16,-12,15,-10,17,-7,21,-5,22,-5,20,-8,16,-8,13,-6,11,-4,8,-2,7,0,9,2,6,5,2,5,1,5,-1,5,-2,5,-3,4,-6,1,-2,0,0,0,0,0,0,0,0,0,0,0,0,0,0,0,0,0,0,2,-1,7,-3,8,-4,9,-3,9,1,8,2,7,1,7,2,5,2,5,3,4,0,2,-3,-2,-5,-6,-7,-8,-7,-8,-6,-10,-10,-10,-14,-8,-18,-9,-22,-11,-24,-10,-25,-8,-24,-8,-22,-10,-22,-13,-21,-15,-19"
6.630192995071411,131,"CSI,602,128,101,81,22,0,22,3,22,3,23,3,23,2,23,1,23,1,23,1,22,1,23,0,23,0,22,0,22,0,22,-1,23,-1,23,-1,23,0,22,1,21,1,21,1,20,0,19,0,19,1,18,1,18,2,17,2,4,0,0,0,0,0,0,0,0,0,0,0,0,0,0,0,0,0,0,0,3,-1,15,-2,16,-1,16,-1,17,0,18,0,19,1,19,2,20,2,21,2,21,3,21,4,21,5,21,5,21,5,21,5,21,5,21,5,22,5,22,4,22,4,22,4,22,4,22,4,22,4,23,4,24,4"
6.659557819366455,132,"CSI,1174,128,83,49,21,0,15,5,15,9,14,10,13,8,13,7,14,7,9,3,5,-3,3,-3,3,1,2,2,0,0,-1,-1,-2,-3,-4,-7,-2,-7,1,-5,-1,-6,-2,-9,-2,-10,-1,-9,1,-7,2,-5,2,-5,1,-5,0,-2,0,0,0,0,0,0,0,0,0,0,0,0,0,0,0,0,0,0,-2,-1,-6,-6,-5,-7,-3,-6,-3,-5,-3,-4,-5,-3,-5,-2,-4,-2,-3,-2,-1,0,1,2,0,2,-2,5,-6,10,-6,12,-4,11,-4,10,-5,12,-5,12,-8,11,-9,12,-5,13,-3,10,0,7,4,6,4,5"
6.702259063720703,133,"CSI,1124,128,83,49,21,0,2,-5,3,-9,3,-13,4,-16,6,-20,9,-23,8,-21,1,-17,1,-16,5,-17,6,-15,5,-11,4,-9,4,-6,1,-4,-3,-4,-6,-5,-7,-2,-6,-1,-7,-1,-7,-1,-7,-1,-8,1,-9,2,-9,2,-3,0,0,0,0,0,0,0,0,0,0,0,0,0,0,0,0,0,0,0,-3,0,-12,0,-13,-2,-13,-4,-11,-5,-10,-5,-10,-4,-9,-4,-5,-3,-1,-2,1,1,1,6,-1,8,3,11,6,13,6,16,6,18,7,19,8,20,8,21,6,21,4,22,3,21,4,17,6,15,7,11,7,4"
6.747684001922607,134,"CSI,603,128,101,81,22,0,-5,-26,-6,-26,-6,-25,-6,-25,-6,-24,-6,-24,-7,-24,-8,-24,-8,-24,-8,-24,-8,-24,-8,-24,-8,-24,-8,-23,-7,-23,-7,-23,-6,-23,-6,-22,-6,-22,-5,-21,-5,-20,-4,-19,-4,-18,-3,-18,-3,-18,-1,-5,0,0,0,0,0,0,0,0,0,0,0,0,0,0,0,0,0,0,-2,-5,-7,-18,-7,-19,-7,-20,-7,-21,-7,-22,-7,-23,-7,-24,-6,-25,-6,-25,-5,-25,-4,-26,-4,-27,-4,-27,-4,-27,-4,-27,-3,-27,-4,-27,-4,-27,-4,-26,-4,-26,-4,-26,-5,-26,-5,-26,-5,-26,-5,-26,-6,-27"
6.778158903121948,135,"CSI,1178,128,83,49,21,0,10,-10,12,-12,14,-13,14,-10,14,-6,11,-7,8,-5,7,0,9,-2,11,-5,7,-5,2,-5,-2,-5,-2,-6,-2,-7,-4,-8,-4,-10,-4,-11,-4,-11,-4,-11,-4,-9,-5,-7,-3,-8,-1,-8,0,-7,0,-2,0,0,0,0,0,0,0,0,0,0,0,0,0,0,0,0,0,0,-1,1,-4,4,-4,3,-3,4,-3,3,-4,2,-6,4,-6,7,-4,6,-1,4,0,3,1,1,3,1,5,2,7,4,9,4,11,4,11,4,11,3,11,5,9,8,6,8,3,6,4,4,5,2,6,1,9,0"
6.807399034500122,136,"CSI,1129,128,83,49,21,0,1,-4,10,-7,17,-9,19,-8,19,-7,19,-9,22,-11,26,-9,24,-10,20,-13,18,-12,12,-10,9,-8,7,-8,3,-7,0,-3,-2,0,-4,0,-4,0,-6,3,-7,6,-5,7,-5,7,-4,8,-2,9,-1,2,0,0,0,0,0,0,0,0,0,0,0,0,0,0,0,0,0,0,2,1,10,5,8,8,6,9,5,7,5,4,4,3,3,3,2,5,0,3,-3,1,-6,-1,-10,-2,-14,-4,-15,-7,-18,-8,-21,-8,-22,-7,-24,-6,-25,-7,-25,-8,-24,-6,-22,-4,-21,-3,-19,-3,-14,-5,-12,-9"
6.8608129024505615,137,"CSI,604,128,101,81,22,0,-21,-11,-21,-11,-21,-10,-21,-10,-21,-9,-21,-8,-21,-9,-21,-9,-21,-8,-21,-8,-21,-8,-21,-8,-21,-7,-21,-7,-21,-7,-20,-7,-19,-8,-19,-8,-18,-8,-17,-7,-17,-7,-16,-7,-15,-7,-15,-7,-14,-8,-4,-2,0,0,0,0,0,0,0,0,0,0,0,0,0,0,0,0,0,0,-4,-2,-15,-5,-15,-5,-15,-6,-16,-7,-17,-7,-18,-8,-18,-9,-19,-10,-19,-10,-19,-11,-19,-12,-19,-13,-19,-13,-19,-13,-19,-13,-20,-13,-20,-13,-20,-13,-20,-12,-20,-11,-20,-11,-21,-12,-21,-12,-21,-12,-22,-11,-22,-11"
6.90635871887207,138,"CSI,1132,128,83,49,21,0,1,4,5,12,5,16,4,18,2,17,1,17,-1,18,-2,14,-1,14,-2,17,-2,15,-1,14,1,13,2,8,1,3,0,2,-1,1,-2,-1,0,-4,0,-6,0,-7,-1,-7,-1,-7,0,-7,-1,-7,-1,-2,0,0,0,0,0,0,0,0,0,0,0,0,0,0,0,0,0,0,1,2,4,10,4,7,2,7,0,8,1,8,0,7,0,5,1,3,0,1,0,-2,1,-8,2,-12,2,-13,0,-15,0,-19,1,-22,1,-22,0,-22,0,-23,0,-25,-1,-27,-1,-24,-1,-18,0,-17,0,-15,-2,-10"
6.966852903366089,139,"CSI,1186,128,83,49,21,0,11,3,14,4,16,3,16,4,17,6,16,4,11,3,4,3,3,2,5,0,7,-1,6,0,3,-2,0,-7,-1,-9,1,-10,2,-11,1,-10,1,-9,3,-10,3,-11,4,-10,4,-9,3,-7,3,-4,0,-1,0,0,0,0,0,0,0,0,0,0,0,0,0,0,0,0,0,0,-1,-1,-4,-2,-5,-2,-4,-1,-3,-2,-6,-3,-7,-3,-5,-2,-3,0,-1,2,0,3,-1,3,-3,5,-5,6,-4,7,-1,9,0,11,-1,12,-2,10,-1,12,-3,12,-4,10,-3,7,-3,5,-3,1,0,-1,1,1"
7.002842903137207,140,"CSI,605,128,101,81,22,0,-24,11,-24,12,-23,12,-23,12,-23,13,-23,13,-21,13,-21,13,-21,14,-21,13,-20,14,-20,14,-20,14,-21,14,-21,14,-20,13,-19,12,-19,12,-18,11,-18,11,-18,10,-17,10,-17,9,-17,8,-16,8,-4,1,0,0,0,0,0,0,0,0,0,0,0,0,0,0,0,0,0,0,-4,2,-15,11,-15,11,-16,12,-18,12,-19,12,-19,12,-20,12,-21,12,-23,12,-24,11,-24,11,-24,10,-24,10,-25,10,-25,10,-25,9,-25,9,-25,10,-25,10,-25,11,-25,11,-24,11,-24,11,-25,11,-26,11,-26,12"
7.085569858551025,141,"CSI,606,128,101,81,22,0,-21,-8,-21,-8,-22,-8,-21,-7,-21,-6,-21,-6,-22,-6,-22,-6,-22,-6,-22,-5,-21,-5,-21,-5,-21,-5,-22,-4,-21,-4,-21,-5,-20,-5,-19,-6,-19,-6,-18,-5,-17,-5,-17,-5,-16,-5,-15,-5,-15,-6,-4,-2,0,0,0,0,0,0,0,0,0,0,0,0,0,0,0,0,0,0,-4,-1,-15,-2,-16,-3,-16,-3,-17,-4,-18,-4,-18,-5,-19,-6,-19,-6,-20,-7,-20,-7,-20,-8,-20,-9,-20,-10,-20,-9,-20,-9,-21,-9,-21,-10,-20,-10,-20,-9,-21,-8,-21,-8,-21,-8,-22,-9,-22,-9,-22,-8,-23,-8"
7.115758895874023,142,"CSI,1141,128,83,49,21,0,3,-2,5,-3,7,-6,11,-9,16,-10,15,-11,14,-10,14,-7,16,-7,16,-10,13,-10,9,-8,9,-7,9,-6,7,-4,3,-1,0,1,-1,0,-3,1,-5,3,-7,3,-7,3,-6,5,-6,5,-6,3,-2,0,0,0,0,0,0,0,0,0,0,0,0,0,0,0,0,0,0,0,0,-3,2,-10,5,-8,7,-8,7,-7,6,-5,5,-5,4,-4,2,1,0,3,-3,3,-4,5,-6,8,-12,8,-18,7,-19,8,-19,10,-19,10,-18,9,-18,12,-15,13,-14,11,-15,10,-13,10,-10,12,-9,12,-9,11"
7.196792840957642,143,"CSI,607,128,101,81,22,0,0,-21,-1,-21,-1,-21,-1,-20,0,-20,-1,-20,-2,-20,-2,-21,-2,-21,-3,-21,-3,-21,-3,-20,-3,-20,-3,-20,-2,-19,-2,-19,-1,-19,-1,-19,-1,-18,0,-17,0,-16,0,-16,0,-15,0,-15,0,-14,0,-4,0,0,0,0,0,0,0,0,0,0,0,0,0,0,0,0,0,0,-1,-4,-4,-14,-4,-15,-3,-16,-3,-17,-3,-17,-3,-18,-2,-19,-2,-20,-1,-20,0,-20,0,-21,0,-21,0,-22,1,-21,1,-21,1,-21,0,-21,1,-21,1,-21,1,-21,1,-21,0,-21,-1,-21,0,-21,0,-21,-1,-22"
7.227499723434448,144,"CSI,1144,128,83,49,21,0,-4,-2,-1,-4,5,-7,8,-11,8,-16,9,-18,14,-17,18,-18,18,-19,15,-19,12,-16,10,-13,10,-11,11,-9,7,-7,2,-4,0,-1,0,2,-2,2,-4,2,-5,4,-6,7,-6,7,-5,5,-3,3,-1,0,0,0,0,0,0,0,0,0,0,0,0,0,0,0,0,0,0,0,2,-2,9,-8,8,-9,8,-8,8,-7,8,-6,8,-3,7,0,5,2,2,3,0,2,-4,3,-9,6,-10,7,-11,8,-17,10,-19,10,-18,10,-17,11,-19,12,-21,15,-19,16,-15,15,-13,11,-14,9,-12,9,-7,8"
7.305728912353516,145,"CSI,378,128,-117,-78,40,0,17,-17,16,-17,16,-17,16,-17,16,-18,15,-18,14,-18,14,-18,14,-18,13,-18,13,-18,13,-18,13,-18,13,-18,14,-18,14,-18,13,-17,12,-16,12,-15,13,-15,12,-14,12,-13,12,-13,12,-12,11,-11,2,-3,0,0,0,0,0,0,0,0,0,0,0,0,0,0,0,0,0,0,2,-4,10,-13,10,-14,11,-14,12,-15,13,-15,13,-15,13,-16,14,-16,16,-16,17,-16,17,-16,17,-15,17,-15,18,-15,18,-15,18,-15,17,-15,17,-15,18,-16,18,-16,18,-16,17,-17,17,-17,17,-17,18,-17,18,-17"
7.338994026184082,146,"CSI,608,128,101,81,22,0,7,-22,7,-22,6,-22,6,-22,6,-22,6,-22,5,-22,4,-22,4,-22,4,-22,4,-22,4,-22,4,-22,4,-21,4,-21,4,-21,4,-21,4,-20,4,-19,5,-18,5,-18,5,-17,5,-16,5,-16,5,-15,1,-4,0,0,0,0,0,0,0,0,0,0,0,0,0,0,0,0,0,0,0,-4,2,-15,2,-16,2,-16,3,-17,4,-18,4,-19,4,-20,5,-20,6,-20,7,-21,8,-21,8,-21,8,-21,8,-21,8,-21,8,-21,8,-21,8,-21,8,-21,8,-21,8,-22,7,-22,7,-22,7,-22,8,-22,8,-23"
7.368129730224609,147,"CSI,1148,128,83,49,21,0,-2,-1,-5,2,-7,4,-11,9,-17,12,-19,11,-19,8,-19,4,-19,7,-17,10,-15,9,-14,6,-12,5,-9,3,-7,3,-4,3,1,2,4,-1,4,-2,4,-3,5,-4,8,-5,8,-4,7,-4,6,-5,1,-2,0,0,0,0,0,0,0,0,0,0,0,0,0,0,0,0,0,0,-4,2,-12,8,-11,5,-10,5,-9,5,-9,3,-7,1,-3,2,-2,3,0,1,4,-1,6,-2,7,-4,8,-7,11,-8,15,-6,18,-5,19,-6,18,-7,18,-8,19,-9,19,-10,17,-11,15,-10,14,-8,14,-8,13,-9"
7.419724941253662,148,"CSI,609,128,101,81,22,0,9,-21,8,-21,8,-21,8,-21,8,-21,7,-21,6,-21,6,-21,6,-21,5,-21,5,-21,5,-21,5,-21,5,-20,5,-20,5,-20,5,-19,5,-19,5,-18,5,-17,5,-16,5,-15,5,-15,5,-14,5,-13,1,-4,0,0,0,0,0,0,0,0,0,0,0,0,0,0,0,0,0,0,1,-5,7,-18,7,-18,8,-19,9,-20,9,-20,9,-21,10,-21,11,-21,12,-21,13,-21,13,-21,13,-21,13,-21,13,-21,13,-21,13,-21,12,-21,12,-21,12,-21,12,-21,12,-21,11,-21,10,-21,10,-21,11,-21,12,-22"
7.523788928985596,149,"CSI,1156,128,83,49,21,0,-3,-2,-5,-2,-8,-5,-12,-9,-15,-12,-14,-14,-13,-12,-12,-5,-12,-5,-12,-10,-10,-11,-8,-11,-7,-9,-6,-6,-4,-4,-3,-2,-3,1,-1,2,0,3,1,2,3,2,6,4,6,5,4,3,4,2,1,0,0,0,0,0,0,0,0,0,0,0,0,0,0,0,0,0,0,0,-2,-4,-5,-15,-5,-15,-4,-15,-3,-11,-1,-6,0,-4,0,-4,0,-4,1,-5,2,-3,5,1,6,6,4,9,4,10,5,11,6,16,9,17,10,17,10,19,10,22,11,23,12,20,13,17,11,15,8,14,9,11"
7.559317111968994,150,"CSI,610,128,101,81,22,0,-18,15,-17,15,-17,15,-17,16,-17,16,-16,16,-15,16,-15,16,-15,16,-14,16,-14,16,-14,16,-14,16,-14,16,-15,16,-14,15,-14,15,-13,14,-13,13,-13,12,-13,12,-13,11,-13,11,-12,10,-12,9,-3,2,0,0,0,0,0,0,0,0,0,0,0,0,0,0,0,0,0,0,-3,3,-11,12,-12,12,-13,13,-14,13,-14,13,-15,14,-15,14,-16,14,-18,14,-19,14,-19,14,-19,14,-19,14,-19,14,-19,13,-19,13,-19,13,-19,14,-19,14,-19,14,-19,15,-18,15,-17,15,-18,15,-19,15,-19,16"
7.62636399269104,151,"CSI,1160,128,83,49,21,0,4,6,10,3,12,0,15,1,21,2,23,0,23,3,23,8,22,7,19,5,14,5,11,3,9,2,7,2,4,0,2,-2,1,-6,1,-8,0,-8,-1,-9,0,-10,1,-10,1,-9,-1,-7,-2,-4,-1,-1,0,0,0,0,0,0,0,0,0,0,0,0,0,0,0,0,0,0,-2,-2,-8,-6,-9,-7,-9,-7,-7,-8,-5,-9,-5,-7,-6,-5,-7,-3,-6,-1,-5,3,-4,7,-5,11,-7,13,-8,14,-8,16,-9,20,-9,22,-12,21,-14,20,-14,20,-15,18,-15,18,-14,19,-14,17,-13,16,-10,15"
7.661118030548096,152,"CSI,611,128,101,81,22,0,16,-11,16,-11,16,-11,16,-11,16,-12,15,-12,14,-12,14,-12,14,-12,13,-13,13,-13,13,-13,13,-12,14,-12,14,-12,14,-12,13,-11,13,-10,12,-10,12,-9,12,-9,11,-9,11,-8,11,-8,10,-7,2,-2,0,0,0,0,0,0,0,0,0,0,0,0,0,0,0,0,0,0,2,-3,10,-10,10,-10,11,-10,12,-10,12,-10,13,-10,13,-10,14,-10,15,-10,16,-10,16,-10,16,-10,16,-10,17,-10,17,-9,17,-9,17,-9,17,-10,17,-10,17,-10,17,-10,17,-10,16,-10,16,-11,17,-11,18,-11"
7.726006746292114,153,"CSI,1164,128,83,49,21,0,2,-4,1,-9,2,-11,2,-13,0,-17,-1,-19,1,-19,5,-21,3,-23,1,-21,0,-17,1,-13,1,-11,0,-8,-1,-3,-2,0,-3,0,-4,1,-5,4,-6,5,-6,6,-6,5,-6,4,-7,3,-8,2,-2,0,0,0,0,0,0,0,0,0,0,0,0,0,0,0,0,0,0,0,-3,2,-10,8,-9,6,-10,4,-9,2,-6,1,-4,2,-3,2,0,2,3,2,5,3,8,4,9,5,9,5,11,5,14,7,16,10,17,13,18,14,20,15,20,15,18,15,14,15,12,13,12,11,13,8,13,5"
7.762383937835693,154,"CSI,612,128,101,81,22,0,-22,13,-22,13,-22,13,-22,13,-22,14,-21,14,-20,14,-19,14,-19,15,-19,15,-18,15,-18,15,-18,15,-19,15,-19,15,-19,14,-18,14,-17,13,-17,12,-17,12,-16,11,-16,11,-16,10,-15,9,-15,9,-4,2,0,0,0,0,0,0,0,0,0,0,0,0,0,0,0,0,0,0,-4,3,-14,12,-15,12,-16,13,-17,13,-18,13,-19,13,-19,14,-21,14,-22,13,-23,13,-24,13,-23,12,-24,12,-24,11,-24,11,-24,11,-24,11,-24,11,-24,12,-24,12,-24,12,-23,12,-23,12,-23,12,-24,13,-24,13"
7.829392910003662,155,"CSI,1168,128,83,49,21,0,8,1,9,-2,12,-2,16,-4,19,-6,22,-4,21,-3,16,-4,14,-5,15,-5,16,-5,16,-3,13,-1,7,-2,2,-2,-1,-1,-3,-1,-4,0,-7,-1,-9,-2,-9,-2,-9,-2,-8,-2,-7,-2,-6,0,-2,0,0,0,0,0,0,0,0,0,0,0,0,0,0,0,0,0,0,0,2,-3,10,-8,10,-8,10,-6,9,-5,7,-5,6,-4,3,-2,0,-2,-2,-2,-5,0,-9,1,-12,0,-16,0,-17,0,-17,2,-18,6,-20,8,-23,7,-25,7,-26,8,-25,8,-23,6,-19,4,-15,5,-13,6,-10,4"
7.872773885726929,156,"CSI,613,128,101,81,22,0,18,-15,18,-15,18,-16,18,-16,18,-16,17,-17,16,-17,16,-17,16,-17,15,-17,15,-17,15,-17,15,-17,15,-17,16,-17,16,-17,15,-16,15,-15,15,-15,14,-14,14,-14,14,-13,14,-12,13,-11,13,-10,3,-3,0,0,0,0,0,0,0,0,0,0,0,0,0,0,0,0,0,0,2,-3,11,-12,12,-12,12,-12,13,-13,14,-13,15,-13,15,-13,16,-13,17,-13,19,-13,19,-13,19,-12,19,-12,19,-12,19,-12,19,-12,19,-13,19,-13,19,-13,19,-14,19,-14,19,-14,18,-14,19,-14,20,-15,20,-15"
7.976485013961792,157,"CSI,614,128,101,81,22,0,4,22,4,22,5,21,5,21,5,20,5,20,6,20,7,20,7,20,7,20,7,21,7,20,7,20,7,20,6,20,6,20,5,20,5,19,5,18,4,17,3,16,3,16,3,16,2,15,2,15,0,3,0,0,0,0,0,0,0,0,0,0,0,0,0,0,0,0,0,0,1,3,5,13,5,14,4,15,4,16,4,17,4,18,4,19,4,20,3,20,3,20,2,21,2,22,2,22,2,22,2,22,2,22,2,22,2,22,2,21,3,21,3,21,3,22,4,22,4,22,4,22,4,23"
8.035950899124146,158,"CSI,1176,128,83,49,21,0,-6,4,-1,3,5,1,8,-4,11,-8,15,-8,20,-8,25,-9,25,-11,22,-13,19,-12,15,-8,14,-4,14,-4,11,-6,6,-4,2,-3,-2,-2,-4,-4,-4,-5,-4,-4,-4,0,-6,1,-7,-1,-7,-1,-2,-1,0,0,0,0,0,0,0,0,0,0,0,0,0,0,0,0,0,0,0,-3,3,-10,3,-11,5,-9,6,-8,6,-9,5,-8,5,-6,5,-6,5,-5,4,-2,1,2,-1,5,-4,7,-9,7,-12,7,-15,8,-17,11,-17,12,-18,11,-19,14,-22,16,-25,14,-25,12,-22,11,-19,11,-17,9"
8.066601037979126,159,"CSI,2610,128,77,-47,20,0,-2,4,-2,-2,-3,-6,-3,-9,-4,-15,-6,-20,-5,-20,-3,-18,-4,-21,-4,-23,-3,-20,-4,-18,-5,-16,-4,-13,-5,-9,-5,-6,-5,-3,-5,0,-4,3,-2,4,-2,6,-4,8,-2,9,3,6,5,5,1,1,0,0,0,0,0,0,0,0,0,0,0,0,0,0,0,0,0,0,0,-2,1,-8,3,-10,3,-10,1,-9,3,-9,5,-10,5,-10,5,-10,5,-7,2,-3,-1,0,1,3,4,5,3,8,-1,12,-2,15,-4,17,-5,19,-4,21,-3,22,-3,22,-2,22,-2,24,-1,23,-1,19,-4,18"
8.099787712097168,160,"CSI,2611,128,77,-47,20,0,-2,-2,-2,4,-3,8,-7,10,-10,13,-11,14,-12,12,-15,9,-15,12,-14,15,-14,13,-12,10,-8,11,-7,10,-3,8,0,6,0,5,1,2,4,-2,6,-3,7,-4,8,-2,6,-2,6,-2,5,-4,1,-2,0,0,0,0,0,0,0,0,0,0,0,0,0,0,0,0,0,0,-1,1,-2,7,-3,8,-4,7,-6,6,-9,6,-8,6,-5,4,-4,3,-3,1,-2,-1,0,-5,5,-9,8,-8,9,-8,9,-11,9,-15,11,-17,14,-19,14,-20,14,-20,14,-18,16,-18,17,-19,14,-18,10,-18,10,-17"
8.135984897613525,161,"CSI,615,128,101,81,22,0,14,-20,13,-20,13,-20,14,-20,13,-21,13,-21,11,-21,11,-21,11,-21,11,-21,10,-21,10,-21,10,-21,11,-21,11,-21,11,-20,11,-20,11,-19,11,-18,11,-17,10,-17,10,-16,10,-15,10,-14,10,-13,2,-4,0,0,0,0,0,0,0,0,0,0,0,0,0,0,0,0,0,0,1,-4,7,-14,8,-15,9,-16,9,-16,10,-17,10,-17,11,-18,12,-18,13,-18,14,-18,15,-18,15,-18,15,-18,15,-18,15,-18,15,-18,15,-18,15,-19,15,-19,15,-19,15,-19,14,-19,14,-20,14,-19,15,-20,15,-20"
8.165663003921509,162,"CSI,1180,128,83,49,21,0,-3,5,1,3,6,4,8,6,11,7,15,8,15,6,12,3,12,5,14,7,14,8,10,8,8,8,6,6,4,4,3,3,3,0,4,-4,2,-6,1,-5,2,-6,2,-7,2,-6,0,-5,-4,-5,-2,-2,0,0,0,0,0,0,0,0,0,0,0,0,0,0,0,0,0,0,-1,-3,-4,-12,-3,-12,-2,-12,-2,-10,-4,-10,-3,-10,-1,-8,-2,-5,-2,-4,0,-2,-2,1,-6,2,-8,6,-8,8,-11,9,-15,11,-18,11,-18,11,-18,12,-18,11,-18,8,-19,7,-19,8,-16,8,-15,8,-16,9"
8.214946746826172,163,"CSI,616,128,101,81,22,0,-13,-17,-14,-16,-14,-16,-14,-16,-14,-15,-14,-15,-14,-15,-14,-15,-15,-15,-15,-15,-15,-15,-15,-15,-14,-14,-15,-14,-14,-14,-14,-14,-13,-15,-12,-15,-12,-14,-11,-13,-11,-13,-10,-13,-10,-12,-9,-12,-8,-12,-2,-3,0,0,0,0,0,0,0,0,0,0,0,0,0,0,0,0,0,0,-3,-3,-11,-9,-11,-9,-11,-10,-11,-11,-12,-12,-12,-13,-12,-14,-12,-14,-12,-15,-12,-15,-12,-16,-12,-17,-12,-17,-12,-17,-12,-17,-12,-17,-12,-17,-12,-17,-12,-16,-12,-16,-13,-16,-13,-17,-13,-17,-13,-17,-14,-17,-15,-17"
8.248109817504883,164,"CSI,2613,128,75,-79,20,0,-7,-1,-2,3,3,6,3,7,4,9,5,12,3,14,-1,16,-1,18,0,18,1,18,5,18,6,14,5,11,2,9,2,5,3,1,4,-2,4,-4,3,-6,2,-6,2,-5,2,-4,2,-4,4,-3,1,-1,0,0,0,0,0,0,0,0,0,0,0,0,0,0,0,0,0,0,3,0,11,1,10,-1,10,-2,11,-2,12,-1,10,1,7,1,7,0,4,0,0,-3,-2,-4,-3,-5,-5,-4,-8,-3,-13,-8,-16,-14,-15,-16,-18,-16,-20,-14,-21,-11,-21,-12,-19,-14,-18,-13,-19,-14,-19,-15,-17,-14"
8.27780795097351,165,"CSI,1184,128,83,49,21,0,5,-2,4,-7,2,-10,0,-15,-1,-19,-2,-20,-2,-20,-2,-22,-1,-22,-1,-21,-1,-18,-1,-16,0,-15,0,-11,1,-7,2,-5,-1,-4,-5,-3,-6,-2,-7,0,-9,2,-8,4,-5,5,-2,6,-3,5,-1,1,0,0,0,0,0,0,0,0,0,0,0,0,0,0,0,0,0,0,-2,0,-8,3,-8,3,-10,2,-13,1,-13,1,-11,0,-9,-2,-8,-1,-6,0,-3,1,-1,2,2,4,6,4,9,5,11,8,14,12,16,14,17,15,17,17,15,16,15,18,16,20,15,19,13,17,10,15,9,17"
8.320924997329712,166,"CSI,617,128,101,81,22,0,3,-19,2,-19,2,-19,2,-19,2,-19,2,-19,1,-19,1,-19,1,-19,1,-20,0,-20,0,-20,0,-19,1,-19,1,-19,2,-19,2,-19,2,-18,2,-17,2,-17,2,-16,2,-15,3,-15,3,-14,3,-14,0,-4,0,0,0,0,0,0,0,0,0,0,0,0,0,0,0,0,0,0,-1,-3,-1,-12,-1,-13,0,-14,0,-14,0,-15,0,-16,1,-16,1,-17,2,-17,3,-17,3,-18,3,-18,3,-18,4,-18,4,-18,4,-18,3,-19,3,-19,4,-19,4,-18,3,-19,3,-19,2,-19,3,-19,3,-20,3,-20"
8.351498126983643,167,"CSI,1189,128,83,49,21,0,-3,0,0,3,3,5,9,6,15,10,18,13,17,17,13,22,13,20,17,16,17,16,15,13,13,9,10,6,7,5,6,2,4,-1,2,-5,1,-7,0,-9,0,-9,0,-7,0,-5,-1,-5,1,-6,0,-2,0,0,0,0,0,0,0,0,0,0,0,0,0,0,0,0,0,0,1,-2,6,-7,7,-7,8,-5,8,-5,6,-3,5,-1,4,0,4,1,6,-2,4,-4,-3,-2,-7,1,-10,1,-14,-2,-20,-3,-23,-3,-23,-3,-24,-3,-27,-6,-29,-8,-29,-7,-26,-6,-22,-3,-21,-3,-19,-2,-18,1"
8.392950773239136,168,"CSI,384,128,-117,-78,40,0,-18,-10,-18,-10,-18,-10,-18,-9,-18,-9,-18,-8,-18,-8,-18,-8,-18,-8,-18,-8,-18,-8,-18,-8,-18,-8,-18,-7,-18,-7,-18,-8,-17,-8,-16,-9,-16,-8,-15,-8,-15,-8,-14,-8,-14,-8,-13,-8,-12,-8,-3,-2,0,0,0,0,0,0,0,0,0,0,0,0,0,0,0,0,0,0,-4,-2,-13,-5,-13,-5,-14,-6,-14,-6,-15,-7,-15,-7,-15,-8,-16,-9,-16,-9,-16,-10,-16,-10,-16,-11,-16,-12,-16,-11,-16,-11,-17,-11,-17,-11,-17,-11,-17,-11,-17,-10,-17,-10,-17,-11,-18,-11,-18,-11,-18,-10,-19,-10"
8.42370891571045,169,"CSI,3466,128,-5,-79,31,0,-7,23,-7,24,-6,23,-6,23,-7,23,-6,23,-5,23,-4,24,-4,24,-4,24,-4,24,-4,24,-4,23,-4,23,-5,23,-5,23,-5,22,-5,21,-6,21,-6,19,-6,19,-6,18,-6,17,-7,16,-7,16,-2,4,0,0,0,0,0,0,0,0,0,0,0,0,0,0,0,0,0,0,-1,4,-1,16,-2,17,-2,17,-3,18,-3,19,-3,20,-4,21,-5,21,-6,22,-7,22,-7,22,-7,23,-7,23,-8,23,-8,23,-8,22,-8,23,-8,23,-8,22,-8,22,-8,23,-7,23,-7,23,-7,23,-7,24,-7,25"
8.462536096572876,170,"CSI,618,128,101,81,22,0,-19,-8,-19,-8,-20,-7,-20,-7,-20,-6,-20,-6,-20,-6,-20,-6,-20,-6,-20,-6,-20,-5,-20,-5,-20,-5,-20,-5,-20,-5,-19,-5,-19,-6,-18,-6,-17,-6,-17,-5,-16,-5,-16,-5,-15,-5,-14,-6,-14,-6,-4,-2,0,0,0,0,0,0,0,0,0,0,0,0,0,0,0,0,0,0,-4,-1,-14,-3,-14,-4,-15,-4,-15,-4,-16,-5,-17,-6,-17,-7,-18,-7,-18,-7,-18,-8,-18,-9,-18,-10,-18,-10,-18,-10,-18,-10,-19,-10,-19,-10,-18,-9,-19,-9,-19,-8,-19,-8,-19,-8,-19,-8,-20,-8,-20,-8,-21,-8"
8.491262912750244,171,"CSI,1192,128,83,49,21,0,0,-1,0,5,-2,9,-2,13,0,17,0,18,2,17,6,18,4,18,2,19,3,19,1,16,3,11,4,8,3,6,3,4,4,2,5,1,6,-1,6,-4,5,-7,4,-8,4,-8,3,-8,2,-8,0,-3,0,0,0,0,0,0,0,0,0,0,0,0,0,0,0,0,0,0,1,1,7,4,7,6,7,7,7,8,6,7,3,7,3,6,3,4,1,3,-1,2,-2,-1,-2,-5,-3,-9,-4,-12,-6,-15,-7,-18,-6,-17,-7,-18,-10,-22,-10,-25,-11,-26,-10,-28,-8,-28,-8,-25,-8,-23,-7,-23"
8.544801950454712,172,"CSI,619,128,101,81,22,0,-5,19,-5,19,-5,19,-4,19,-4,18,-4,18,-3,19,-3,19,-3,19,-2,19,-2,19,-2,19,-3,19,-3,18,-3,18,-3,18,-3,18,-3,17,-3,16,-4,15,-4,15,-4,14,-4,14,-4,13,-4,13,-1,3,0,0,0,0,0,0,0,0,0,0,0,0,0,0,0,0,0,0,-1,3,-1,13,-1,13,-2,14,-2,15,-2,15,-3,16,-3,17,-4,17,-5,18,-5,18,-6,18,-6,18,-6,19,-6,19,-6,18,-6,18,-6,18,-6,18,-6,18,-6,18,-6,18,-5,19,-5,19,-5,19,-6,19,-5,20"
8.575411081314087,173,"CSI,1196,128,83,49,21,0,1,8,0,3,0,-3,-1,-7,-1,-11,-2,-15,-6,-21,-8,-27,-8,-25,-7,-21,-5,-19,-4,-17,-3,-14,-3,-12,-2,-10,-2,-8,-2,-4,-2,0,-2,1,0,3,0,5,0,6,1,6,2,6,2,6,0,1,0,0,0,0,0,0,0,0,0,0,0,0,0,0,0,0,0,0,0,-3,0,-10,0,-10,0,-11,2,-13,2,-14,1,-12,2,-11,4,-8,5,-6,5,-5,3,-2,1,2,0,5,-1,9,-2,12,-2,15,-3,18,-4,19,-6,20,-7,21,-5,24,-3,25,-5,23,-5,24,-3,26,-2,26"
8.647679090499878,174,"CSI,1201,128,83,49,21,0,-6,3,0,3,4,0,8,-2,10,-3,13,-4,17,-6,16,-6,14,-4,18,-4,21,-6,21,-6,18,-4,14,-5,10,-5,7,-4,5,-2,0,-2,-3,-3,-3,-2,-4,0,-7,0,-8,0,-9,1,-8,2,-2,0,0,0,0,0,0,0,0,0,0,0,0,0,0,0,0,0,0,0,1,-2,5,-6,8,-6,10,-5,9,-6,9,-5,8,-3,6,-3,5,-2,5,0,2,1,-3,0,-5,0,-6,2,-11,3,-15,5,-15,6,-17,6,-21,7,-23,9,-23,10,-23,7,-24,5,-24,5,-23,6,-20,7,-16,5"
8.680452823638916,175,"CSI,620,128,101,81,22,0,-20,5,-19,4,-20,5,-20,6,-20,6,-19,6,-19,6,-18,7,-18,7,-19,6,-18,7,-18,7,-18,7,-19,7,-19,7,-18,7,-18,6,-17,5,-17,5,-17,5,-16,5,-16,4,-15,3,-15,3,-14,2,-4,0,0,0,0,0,0,0,0,0,0,0,0,0,0,0,0,0,0,0,-3,1,-12,5,-13,5,-13,5,-14,5,-15,5,-16,4,-16,4,-17,4,-18,4,-19,4,-19,3,-19,3,-19,2,-19,3,-19,3,-20,3,-20,3,-19,3,-20,4,-20,4,-20,4,-20,4,-19,4,-20,4,-21,4,-21,5"
8.752678871154785,176,"CSI,1204,128,83,49,21,0,2,-6,-2,-10,-2,-11,-5,-12,-10,-11,-14,-11,-15,-10,-15,-7,-12,-11,-10,-16,-8,-16,-6,-12,-5,-10,-5,-8,-7,-5,-8,-4,-5,-3,-4,-2,-4,-2,-4,-1,-4,0,-4,3,-3,3,-2,3,-1,5,-1,1,0,0,0,0,0,0,0,0,0,0,0,0,0,0,0,0,0,0,0,1,2,6,3,8,2,7,0,4,-2,3,-3,3,-2,3,0,3,2,1,2,-1,1,-4,2,-6,3,-6,6,-6,9,-8,10,-9,10,-9,15,-9,19,-11,21,-12,21,-12,20,-10,18,-7,17,-4,15,-3,11,-3"
8.785346746444702,177,"CSI,621,128,101,81,22,0,8,-23,7,-23,7,-23,7,-23,7,-23,6,-23,5,-23,5,-23,5,-23,4,-23,4,-23,4,-23,4,-23,4,-22,5,-22,5,-22,5,-21,4,-21,5,-20,5,-19,5,-18,5,-17,5,-16,5,-16,5,-15,1,-4,0,0,0,0,0,0,0,0,0,0,0,0,0,0,0,0,0,0,0,-5,3,-17,3,-18,4,-19,5,-19,5,-20,6,-21,6,-22,7,-22,8,-22,9,-22,9,-23,9,-23,10,-23,10,-23,10,-23,10,-23,10,-23,10,-23,10,-23,10,-23,10,-23,9,-23,8,-23,8,-23,9,-23,10,-24"
8.903903007507324,178,"CSI,622,128,101,81,22,0,-25,-11,-25,-10,-25,-10,-25,-9,-25,-8,-25,-8,-25,-8,-25,-8,-25,-7,-25,-7,-25,-7,-25,-6,-25,-6,-26,-6,-26,-6,-25,-7,-24,-7,-23,-8,-23,-8,-22,-7,-22,-7,-21,-7,-20,-7,-19,-8,-18,-8,-5,-2,0,0,0,0,0,0,0,0,0,0,0,0,0,0,0,0,0,0,-5,-1,-19,-3,-19,-4,-20,-5,-20,-5,-21,-6,-22,-7,-22,-8,-23,-9,-23,-9,-24,-10,-24,-11,-23,-12,-23,-13,-23,-13,-23,-12,-24,-13,-24,-13,-23,-12,-24,-11,-24,-11,-24,-11,-24,-11,-24,-11,-25,-11,-26,-11,-27,-11"
8.954521894454956,179,"CSI,1213,128,83,49,21,0,-1,-8,-2,-2,-4,2,-8,4,-13,8,-19,10,-19,8,-16,4,-20,3,-24,6,-21,5,-18,3,-17,2,-15,1,-11,1,-10,1,-7,0,-3,1,1,3,1,5,0,6,1,6,2,5,2,5,3,7,0,2,0,0,0,0,0,0,0,0,0,0,0,0,0,0,0,0,0,0,1,0,9,2,11,4,10,5,8,4,8,4,7,5,5,5,4,2,5,-1,4,-3,2,-6,1,-6,0,-8,-3,-12,-2,-16,-1,-19,0,-20,2,-20,2,-21,0,-23,-1,-25,-1,-26,0,-25,1,-26,0,-25,-2,-22"
8.994808912277222,180,"CSI,623,128,101,81,22,0,21,-6,20,-6,20,-6,21,-7,20,-7,20,-8,19,-8,19,-8,19,-8,19,-8,19,-8,19,-8,19,-8,19,-8,19,-8,19,-8,18,-7,18,-7,17,-6,17,-6,17,-6,16,-5,16,-5,15,-4,15,-3,3,-1,0,0,0,0,0,0,0,0,0,0,0,0,0,0,0,0,0,0,3,-2,14,-8,14,-8,15,-8,16,-8,16,-8,17,-7,18,-7,19,-7,20,-7,21,-6,21,-5,21,-4,21,-4,21,-4,21,-5,21,-4,21,-4,21,-5,21,-5,21,-6,21,-6,21,-6,21,-5,21,-5,22,-5,23,-6"
9.058202981948853,181,"CSI,1216,128,83,49,21,0,5,5,3,1,0,-1,-5,-4,-6,-9,-6,-10,-12,-11,-18,-15,-17,-17,-12,-17,-9,-16,-8,-15,-8,-15,-8,-13,-7,-11,-6,-8,-3,-5,0,-3,1,-1,2,3,3,3,5,3,6,4,5,5,4,5,1,1,0,0,0,0,0,0,0,0,0,0,0,0,0,0,0,0,0,0,-2,-1,-8,-3,-9,-5,-10,-7,-9,-6,-9,-5,-9,-6,-8,-5,-6,-3,-3,-3,-1,-3,1,0,0,4,3,8,4,11,4,14,6,16,7,17,8,18,12,19,14,18,16,18,16,18,15,18,17,16,18,14,16,13"
9.107892036437988,182,"CSI,624,128,101,81,22,0,8,-21,8,-21,8,-21,8,-21,7,-21,7,-21,6,-21,5,-22,5,-22,5,-21,4,-21,4,-21,4,-21,4,-20,5,-20,5,-20,5,-20,4,-19,5,-18,5,-17,5,-17,5,-16,5,-16,5,-15,5,-15,1,-4,0,0,0,0,0,0,0,0,0,0,0,0,0,0,0,0,0,0,0,-4,3,-16,3,-17,4,-18,5,-18,5,-19,5,-19,6,-20,7,-21,8,-21,9,-21,9,-21,9,-21,10,-21,10,-21,10,-21,10,-21,10,-21,10,-21,10,-21,10,-21,9,-21,9,-21,8,-21,9,-21,9,-22,9,-22"
9.16080093383789,183,"CSI,1220,128,83,49,21,0,-5,-12,-4,-7,-2,-3,-3,3,-5,9,-7,12,-12,14,-16,18,-14,22,-13,22,-14,18,-14,15,-12,13,-12,11,-11,10,-8,7,-6,6,-4,5,-2,1,1,-1,3,0,5,-2,8,-3,9,-4,9,-5,2,-2,0,0,0,0,0,0,0,0,0,0,0,0,0,0,0,0,0,0,1,-1,6,-1,7,2,8,4,8,3,7,3,7,3,8,1,6,1,4,2,2,1,2,-3,3,-6,2,-7,-1,-9,-3,-12,-3,-16,-3,-17,-3,-18,-4,-22,-3,-25,-3,-24,-4,-25,-4,-25,-4,-24,-3,-23,-3,-24"
9.219135999679565,184,"CSI,625,128,101,81,22,0,11,16,11,15,12,15,12,14,11,14,12,14,12,13,12,13,12,13,12,13,12,13,12,13,12,12,12,12,12,12,11,12,11,12,10,12,10,12,9,11,8,10,8,10,8,10,7,9,7,9,1,2,0,0,0,0,0,0,0,0,0,0,0,0,0,0,0,0,0,0,2,2,11,10,11,11,11,12,11,12,11,13,11,14,11,15,11,16,11,16,11,16,10,17,10,18,10,18,10,18,10,18,10,18,10,18,10,17,10,17,10,16,11,16,11,17,11,17,11,17,11,17,12,17"
9.259917974472046,185,"CSI,1224,128,83,49,21,0,2,13,3,10,7,8,9,5,9,2,12,-2,18,0,22,5,22,2,19,1,16,3,16,5,17,6,16,5,14,3,12,2,10,2,8,0,6,-2,3,-3,1,-4,1,-4,3,-6,3,-5,1,-3,0,-1,0,0,0,0,0,0,0,0,0,0,0,0,0,0,0,0,0,0,-2,2,-5,8,-8,7,-10,5,-9,4,-8,4,-8,5,-7,5,-5,4,-3,3,-2,4,-1,6,2,7,6,8,6,12,3,16,2,19,2,21,3,21,4,22,2,22,-1,24,-2,27,-1,24,2,22,4,22,5,20"
9.322060823440552,186,"CSI,1278,128,83,49,21,0,-16,-4,-19,-5,-20,-9,-16,-12,-13,-9,-12,-7,-11,-6,-6,-3,-3,-4,-3,-7,-3,-5,-5,-3,-6,-1,-5,1,-4,3,-4,5,-3,7,-2,7,-2,6,-5,5,-8,5,-6,5,-4,5,-3,3,-4,1,-1,0,0,0,0,0,0,0,0,0,0,0,0,0,0,0,0,0,0,0,2,0,8,0,9,0,9,0,7,-1,5,-3,3,-3,4,-4,5,-1,4,1,3,-2,2,-4,2,-5,2,-6,1,-10,1,-12,2,-12,2,-12,2,-11,2,-10,2,-8,4,-6,5,-6,4,-7,0,-7,-4,-7,-7,-9"
9.355238914489746,187,"CSI,626,128,101,81,22,0,17,15,17,14,17,13,17,12,17,12,17,11,17,11,18,11,17,11,17,11,17,10,17,10,17,10,18,9,17,9,16,9,16,10,15,10,15,10,14,9,14,8,13,8,13,8,12,8,11,8,2,2,0,0,0,0,0,0,0,0,0,0,0,0,0,0,0,0,0,0,4,2,17,11,17,11,17,12,18,13,18,13,18,15,19,16,19,17,19,17,18,17,18,18,18,19,17,19,17,19,17,18,17,18,17,18,17,17,17,17,17,16,17,16,17,16,17,16,17,16,18,15,19,15"
9.385843992233276,188,"CSI,1229,128,83,49,21,0,-4,-10,-7,-3,-8,-2,-8,-1,-11,4,-16,5,-17,2,-16,1,-17,3,-18,6,-18,6,-17,5,-15,3,-14,0,-13,-1,-9,0,-4,1,-1,2,0,3,1,5,2,6,3,5,5,4,6,4,4,7,0,2,0,0,0,0,0,0,0,0,0,0,0,0,0,0,0,0,0,0,3,-2,11,-5,10,-2,12,0,14,-1,11,0,9,1,9,1,7,1,7,0,6,-2,2,-7,-2,-12,-3,-13,-4,-14,-4,-18,-1,-21,0,-22,-1,-24,0,-26,2,-26,3,-25,3,-26,2,-27,2,-24,0,-22,-4,-22"
9.4218909740448,189,"CSI,388,128,-117,-78,40,0,-26,-3,-25,-2,-26,-2,-26,-1,-26,-1,-25,0,-25,0,-25,0,-25,0,-24,0,-24,1,-24,1,-24,1,-24,2,-24,2,-24,1,-23,0,-22,0,-21,0,-20,0,-20,0,-19,0,-19,-1,-18,-1,-17,-2,-5,-1,0,0,0,0,0,0,0,0,0,0,0,0,0,0,0,0,0,0,-5,0,-20,3,-21,2,-21,2,-22,1,-23,1,-24,0,-25,-1,-25,-1,-26,-2,-27,-2,-27,-3,-26,-4,-26,-5,-26,-5,-27,-4,-27,-4,-27,-5,-26,-4,-27,-4,-27,-3,-27,-3,-26,-3,-26,-4,-27,-4,-28,-3,-29,-3"
9.45805287361145,190,"CSI,627,128,101,81,22,0,16,-12,15,-12,16,-12,16,-12,16,-13,15,-13,15,-13,15,-13,14,-14,14,-14,13,-14,13,-14,13,-14,14,-14,14,-14,14,-14,13,-13,13,-12,13,-12,12,-11,12,-11,12,-11,11,-10,11,-10,11,-9,2,-3,0,0,0,0,0,0,0,0,0,0,0,0,0,0,0,0,0,0,2,-3,8,-10,8,-10,9,-10,10,-11,11,-11,11,-11,12,-11,13,-11,14,-11,15,-11,15,-11,15,-11,15,-10,15,-10,16,-10,16,-10,16,-10,16,-11,16,-11,17,-11,16,-11,16,-11,15,-11,16,-11,17,-12,17,-12"
9.489131927490234,191,"CSI,1232,128,83,49,21,0,0,0,-1,-7,-4,-10,-7,-11,-7,-13,-8,-16,-10,-16,-14,-17,-11,-20,-4,-20,-3,-17,-4,-14,-6,-12,-5,-10,-3,-9,-1,-7,1,-5,1,-2,0,0,1,2,2,4,4,4,7,5,7,5,7,5,1,1,0,0,0,0,0,0,0,0,0,0,0,0,0,0,0,0,0,0,2,-3,11,-11,11,-9,11,-8,10,-8,7,-7,3,-5,1,-5,2,-4,3,-3,1,-2,0,1,-2,4,-4,7,-6,10,-10,14,-15,16,-16,17,-15,18,-13,19,-12,20,-13,20,-11,20,-8,20,-8,18,-6,15,-3,13"
9.56116795539856,192,"CSI,628,128,101,81,22,0,1,24,1,24,2,23,2,23,2,22,2,21,3,21,4,21,3,21,4,21,4,20,4,20,4,19,4,19,3,18,2,18,2,18,2,17,2,16,1,15,1,14,0,14,0,13,-1,12,-1,12,-1,3,0,0,0,0,0,0,0,0,0,0,0,0,0,0,0,0,0,0,0,5,3,22,3,23,2,24,2,25,2,25,2,27,1,28,1,28,0,29,-1,29,-2,29,-2,29,-2,29,-2,29,-2,29,-2,28,-2,28,-2,28,-2,27,-1,27,-1,26,0,26,1,26,0,26,0,26,0,27"
9.591951847076416,193,"CSI,1237,128,83,49,21,0,0,7,4,7,6,7,7,6,11,7,15,8,16,10,14,13,14,14,16,11,16,8,15,7,12,8,7,7,3,3,2,0,1,-1,0,-2,0,-3,0,-5,-1,-8,-1,-7,-1,-6,-1,-7,1,-7,0,-2,0,0,0,0,0,0,0,0,0,0,0,0,0,0,0,0,0,0,-1,-3,-6,-10,-7,-13,-6,-14,-4,-11,-2,-10,-1,-10,-1,-8,-1,-5,-3,-2,-5,2,-8,6,-10,9,-12,9,-15,10,-19,11,-22,12,-23,11,-24,8,-25,9,-24,9,-22,8,-20,7,-21,8,-21,11,-18,10,-15,9"
9.627481937408447,194,"CSI,1289,128,83,49,21,0,-15,1,-16,1,-18,1,-17,-2,-15,-3,-13,-2,-12,-3,-9,-6,-7,-3,-8,1,-8,1,-5,4,-2,6,-2,4,0,5,4,7,6,9,4,11,2,10,2,9,2,7,0,6,0,6,0,6,-2,5,-1,1,0,0,0,0,0,0,0,0,0,0,0,0,0,0,0,0,0,0,1,1,6,6,6,5,4,4,5,3,6,2,5,1,3,1,1,2,-1,1,-1,-1,2,-5,2,-8,2,-8,5,-9,6,-10,3,-11,2,-11,3,-9,3,-8,3,-7,2,-6,-2,-6,-5,-6,-7,-4,-11,0,-15,4"
9.679812908172607,195,"CSI,629,128,101,81,22,0,-11,-16,-12,-15,-12,-15,-12,-14,-12,-14,-12,-14,-12,-14,-12,-14,-12,-14,-13,-14,-13,-14,-12,-13,-12,-13,-12,-13,-12,-13,-11,-13,-11,-13,-10,-13,-10,-13,-9,-12,-9,-11,-8,-11,-8,-11,-7,-11,-6,-11,-2,-3,0,0,0,0,0,0,0,0,0,0,0,0,0,0,0,0,0,0,-3,-3,-11,-10,-11,-10,-11,-11,-11,-12,-11,-13,-12,-14,-12,-14,-12,-15,-12,-15,-11,-16,-11,-17,-11,-17,-11,-17,-11,-17,-11,-17,-11,-17,-11,-17,-11,-17,-11,-16,-11,-16,-11,-16,-11,-16,-12,-16,-12,-16,-12,-16,-13,-16"
9.712694883346558,196,"CSI,1241,128,83,49,21,0,-17,-4,-12,-1,-10,2,-7,7,-4,14,-4,18,-4,20,-1,24,-1,26,-4,22,-6,17,-6,14,-5,14,-6,14,-5,12,-4,7,-3,5,1,6,3,7,4,5,5,3,6,2,8,3,9,2,7,1,1,0,0,0,0,0,0,0,0,0,0,0,0,0,0,0,0,0,0,0,0,-2,2,-9,4,-11,5,-11,5,-10,5,-10,5,-9,5,-9,3,-10,0,-11,-2,-10,-3,-9,-4,-9,-7,-8,-11,-8,-15,-9,-17,-10,-17,-12,-18,-14,-20,-13,-22,-11,-25,-13,-25,-16,-24,-15,-25,-14,-22,-14,-14,-16"
9.776672840118408,197,"CSI,1244,128,83,49,21,0,3,11,6,9,6,5,7,2,10,-2,12,-5,14,-7,16,-11,16,-10,15,-4,16,0,16,1,14,1,10,2,6,2,5,0,4,-1,2,-4,0,-6,-1,-6,-2,-5,-3,-5,-5,-7,-4,-8,-3,-8,-1,-2,0,0,0,0,0,0,0,0,0,0,0,0,0,0,0,0,0,0,-2,-3,-8,-9,-10,-9,-9,-9,-6,-9,-4,-8,-3,-6,-4,-4,-4,-4,-1,-2,-1,1,-1,4,-1,6,-3,10,-7,12,-11,14,-12,16,-8,17,-9,18,-14,19,-14,18,-12,18,-12,17,-13,15,-12,15,-12,17,-12,17"
9.81039810180664,198,"CSI,630,128,101,81,22,0,-11,15,-10,15,-10,15,-10,15,-10,15,-10,15,-9,16,-9,16,-9,16,-8,17,-8,17,-8,17,-8,17,-9,17,-9,17,-9,17,-9,16,-9,16,-9,15,-9,14,-9,14,-9,14,-9,13,-9,12,-9,12,-3,3,0,0,0,0,0,0,0,0,0,0,0,0,0,0,0,0,0,0,-2,2,-5,10,-5,11,-6,11,-6,11,-7,12,-7,12,-8,13,-8,13,-9,13,-10,13,-11,13,-11,13,-11,13,-11,13,-11,13,-11,13,-11,13,-11,13,-12,13,-12,14,-11,14,-11,14,-10,14,-11,14,-11,15,-11,15"
9.879231929779053,199,"CSI,1249,128,83,49,21,0,0,-2,3,4,4,7,3,7,1,9,1,13,0,17,-3,21,-3,22,0,20,2,17,3,14,1,11,-1,10,-2,11,-2,9,-1,5,-1,1,-1,-2,-1,-5,-1,-6,-3,-6,-4,-7,-4,-7,-4,-8,-1,-2,0,0,0,0,0,0,0,0,0,0,0,0,0,0,0,0,0,0,-3,-1,-10,1,-8,2,-9,1,-8,-1,-7,-3,-6,-4,-5,-2,-2,-2,1,-4,3,-6,5,-7,5,-10,7,-12,12,-11,15,-10,18,-10,19,-11,18,-11,17,-11,17,-12,16,-12,16,-13,15,-14,11,-16,8,-16,7,-15"
9.919322967529297,200,"CSI,631,128,101,81,22,0,-13,-23,-13,-23,-13,-23,-13,-22,-13,-21,-13,-21,-14,-21,-15,-21,-14,-21,-14,-21,-15,-20,-14,-20,-14,-20,-14,-19,-13,-19,-12,-19,-12,-19,-11,-19,-11,-18,-10,-17,-9,-16,-9,-16,-8,-16,-7,-15,-7,-15,-2,-4,0,0,0,0,0,0,0,0,0,0,0,0,0,0,0,0,0,0,-3,-4,-12,-15,-12,-16,-12,-17,-12,-18,-12,-19,-13,-20,-13,-21,-13,-22,-12,-23,-12,-23,-11,-24,-11,-25,-11,-25,-11,-25,-11,-25,-11,-25,-12,-25,-11,-25,-11,-24,-12,-23,-12,-23,-13,-24,-13,-24,-13,-24,-13,-24,-14,-24"
9.978011846542358,201,"CSI,1253,128,83,49,21,0,1,6,-5,5,-9,5,-13,6,-15,5,-16,4,-15,5,-12,9,-14,8,-17,6,-18,6,-14,7,-10,7,-8,5,-7,4,-4,4,-2,1,-1,-4,0,-5,0,-7,0,-10,1,-12,-1,-11,-4,-9,-4,-9,-1,-3,0,0,0,0,0,0,0,0,0,0,0,0,0,0,0,0,0,0,1,-2,6,-6,6,-7,7,-6,8,-5,8,-3,8,0,9,1,7,1,6,2,5,5,0,8,-4,11,-2,14,0,15,0,16,1,19,4,21,5,21,6,19,7,19,6,20,4,16,4,13,5,14,4,14,5,13"
10.012744903564453,202,"CSI,632,128,101,81,22,0,-3,20,-3,20,-3,20,-3,20,-3,20,-3,20,-2,20,-1,20,-1,20,-1,20,-1,20,-1,20,-1,20,-2,20,-2,19,-3,20,-3,19,-3,19,-3,18,-4,17,-4,16,-4,15,-4,15,-4,14,-5,13,-2,3,0,0,0,0,0,0,0,0,0,0,0,0,0,0,0,0,0,0,0,2,0,11,0,12,-1,12,-1,13,-1,14,-1,15,-1,16,-2,16,-3,17,-3,17,-3,18,-3,18,-4,18,-4,19,-4,18,-4,18,-4,19,-4,19,-4,19,-4,19,-4,19,-3,19,-3,20,-3,20,-3,20,-3,21"
10.080507040023804,203,"CSI,1257,128,83,49,21,0,2,-9,4,-3,5,3,5,5,7,6,9,8,13,8,18,7,18,5,14,5,12,8,11,9,10,8,9,4,7,2,5,1,3,0,0,-2,-2,-2,-3,-2,-3,-1,-5,0,-6,0,-4,1,-4,3,-2,1,0,0,0,0,0,0,0,0,0,0,0,0,0,0,0,0,0,0,-3,0,-10,3,-9,2,-9,1,-9,1,-10,1,-9,0,-6,1,-4,2,-4,0,-4,-4,-1,-7,1,-9,1,-10,3,-12,4,-14,4,-13,7,-13,7,-17,5,-20,6,-20,6,-20,3,-19,0,-17,1,-17,3,-16,4,-13"
10.128680944442749,204,"CSI,633,128,101,81,22,0,-8,-31,-8,-31,-9,-30,-10,-30,-10,-29,-10,-29,-11,-30,-12,-30,-12,-30,-13,-30,-13,-30,-13,-30,-13,-29,-13,-29,-12,-29,-11,-29,-11,-29,-10,-29,-10,-28,-9,-26,-9,-25,-8,-25,-8,-24,-7,-24,-7,-23,-2,-6,0,0,0,0,0,0,0,0,0,0,0,0,0,0,0,0,0,0,-2,-3,-6,-13,-7,-14,-8,-14,-8,-16,-8,-18,-9,-20,-8,-21,-8,-22,-7,-22,-7,-22,-6,-23,-6,-25,-6,-26,-6,-27,-6,-27,-6,-27,-7,-27,-7,-28,-7,-28,-7,-27,-7,-28,-8,-29,-8,-29,-8,-29,-8,-29,-9,-30"
10.18066692352295,205,"CSI,1260,128,83,49,21,0,7,1,6,3,2,3,0,2,-3,3,-7,6,-7,5,-7,6,-7,11,-5,13,-4,12,-4,10,-1,8,0,8,1,7,2,6,1,4,0,2,0,-1,-1,-4,-2,-3,-4,-1,-5,-1,-4,0,-5,2,-2,0,0,0,0,0,0,0,0,0,0,0,0,0,0,0,0,0,0,0,0,-1,4,-3,6,-5,7,-5,7,-5,7,-3,7,-2,8,-1,8,0,8,3,6,4,4,7,5,8,5,7,3,7,2,9,2,11,3,10,5,10,7,11,9,13,9,14,8,10,9,8,11,7,9,7,8,10"
10.236761808395386,206,"CSI,634,128,101,81,22,0,16,-10,16,-10,16,-10,16,-10,16,-10,15,-10,15,-10,14,-10,14,-11,14,-11,13,-11,13,-11,13,-10,13,-10,14,-10,13,-9,13,-9,12,-8,11,-8,11,-7,11,-7,11,-7,10,-6,10,-6,9,-5,2,-2,0,0,0,0,0,0,0,0,0,0,0,0,0,0,0,0,0,0,2,-2,11,-8,12,-8,12,-9,13,-9,14,-9,14,-9,15,-9,16,-9,17,-9,17,-9,17,-9,17,-8,17,-8,18,-8,18,-8,18,-8,17,-8,17,-8,18,-9,18,-9,18,-9,17,-9,17,-9,17,-9,18,-9,18,-10"
10.288989067077637,207,"CSI,1264,128,83,49,21,0,-13,-7,-11,-6,-9,-7,-3,-9,1,-9,1,-11,3,-11,5,-9,6,-11,5,-15,4,-17,3,-18,2,-16,1,-14,-1,-14,-2,-11,-2,-8,-4,-5,-2,-3,0,-1,1,-1,2,-1,6,0,7,1,6,0,1,0,0,0,0,0,0,0,0,0,0,0,0,0,0,0,0,0,0,0,-3,0,-8,3,-9,3,-10,2,-9,1,-8,1,-10,3,-11,4,-11,3,-11,1,-11,-1,-11,-3,-9,-5,-6,-5,-4,-5,-6,-5,-7,-6,-5,-10,-7,-11,-10,-10,-12,-12,-13,-16,-16,-17,-18,-13,-18,-10,-18,-10,-18,-11"
10.346132040023804,208,"CSI,635,128,101,81,22,0,23,-4,23,-4,24,-4,24,-5,24,-5,23,-6,23,-6,23,-6,23,-7,23,-7,22,-7,22,-7,23,-7,23,-7,23,-7,23,-6,22,-5,21,-5,21,-4,20,-4,20,-4,19,-4,18,-3,18,-3,17,-2,4,-1,0,0,0,0,0,0,0,0,0,0,0,0,0,0,0,0,0,0,3,-1,12,-4,12,-4,13,-4,14,-4,15,-4,15,-3,16,-3,17,-3,18,-3,19,-3,19,-3,19,-2,20,-2,20,-2,21,-2,21,-2,21,-2,21,-2,22,-3,22,-3,22,-3,22,-3,22,-3,23,-3,24,-4,25,-4"
10.387977123260498,209,"CSI,1269,128,83,49,21,0,5,4,1,3,-3,3,-6,3,-9,5,-12,6,-14,8,-14,10,-14,8,-15,5,-14,3,-13,3,-14,5,-11,2,-6,-1,-5,0,-4,-2,0,-4,2,-3,3,-2,3,-3,2,-5,2,-5,4,-6,4,-7,1,-2,0,0,0,0,0,0,0,0,0,0,0,0,0,0,0,0,0,0,-2,-3,-5,-11,-3,-11,-3,-11,-2,-10,0,-7,1,-7,-1,-8,-2,-7,0,-2,1,2,1,3,2,6,4,8,6,8,7,8,8,8,9,8,11,9,11,11,10,11,12,12,14,11,13,9,13,8,14,6,13,4"
10.445269107818604,210,"CSI,392,128,-117,-78,40,0,-10,-8,-10,-8,-11,-8,-11,-8,-10,-7,-11,-7,-11,-7,-11,-7,-11,-7,-11,-7,-11,-7,-10,-6,-10,-6,-11,-6,-10,-6,-10,-6,-9,-6,-9,-6,-8,-6,-8,-6,-8,-6,-8,-6,-7,-6,-7,-5,-6,-6,-2,-2,0,0,0,0,0,0,0,0,0,0,0,0,0,0,0,0,0,0,-2,-1,-8,-4,-8,-5,-9,-5,-9,-6,-9,-6,-9,-6,-10,-7,-10,-7,-10,-8,-10,-8,-10,-9,-10,-9,-10,-9,-9,-9,-9,-9,-10,-9,-10,-9,-10,-9,-10,-9,-10,-8,-10,-8,-10,-8,-10,-9,-10,-9,-11,-8,-11,-8"
10.48695993423462,211,"CSI,636,128,101,81,22,0,-15,-23,-16,-22,-16,-22,-16,-22,-16,-21,-16,-21,-17,-21,-18,-21,-18,-21,-18,-21,-18,-21,-18,-21,-18,-20,-18,-20,-17,-20,-17,-20,-16,-21,-15,-21,-14,-20,-13,-19,-13,-18,-12,-18,-12,-18,-11,-17,-10,-17,-3,-5,0,0,0,0,0,0,0,0,0,0,0,0,0,0,0,0,0,0,-3,-3,-12,-12,-12,-13,-12,-14,-12,-15,-12,-16,-13,-17,-13,-18,-13,-19,-13,-20,-13,-20,-12,-21,-12,-22,-12,-23,-12,-23,-13,-23,-13,-23,-13,-23,-13,-23,-13,-22,-13,-22,-14,-22,-14,-22,-15,-23,-15,-23,-15,-23,-16,-23"
10.522901773452759,212,"CSI,1273,128,83,49,21,0,-9,-6,-8,-8,-7,-10,-4,-12,-1,-14,0,-15,-2,-18,-2,-23,-2,-24,-3,-20,-4,-19,-3,-16,-3,-13,-2,-11,-1,-8,-1,-7,1,-7,4,-5,6,-3,7,-3,8,-3,8,-4,8,-6,8,-6,7,-5,1,-1,0,0,0,0,0,0,0,0,0,0,0,0,0,0,0,0,0,0,-2,0,-7,3,-9,4,-11,3,-10,2,-10,1,-11,0,-8,0,-6,0,-6,-2,-8,-1,-8,-4,-6,-8,-5,-11,-4,-12,-5,-12,-7,-14,-9,-15,-11,-14,-14,-15,-17,-14,-16,-13,-14,-14,-13,-14,-14,-12,-16,-8,-18,-6"
10.553446054458618,213,"CSI,1326,128,83,49,21,0,-11,14,-13,13,-16,12,-17,12,-15,12,-15,10,-13,10,-8,11,-4,7,-2,4,-2,1,-2,-1,0,-1,4,-1,6,-2,6,-3,8,-2,10,-2,8,-2,5,-2,4,-2,6,-1,8,0,8,1,7,1,1,0,0,0,0,0,0,0,0,0,0,0,0,0,0,0,0,0,0,0,1,1,6,4,5,5,4,5,4,6,5,7,4,7,3,6,0,5,-2,1,-3,-2,-2,-6,0,-10,2,-11,2,-12,0,-14,-2,-15,-3,-16,-1,-16,0,-15,-1,-13,-1,-12,-1,-10,-2,-8,-4,-4,-7,0,-9,3"
10.584108829498291,214,"CSI,637,128,101,81,22,0,13,13,13,13,13,12,13,12,14,11,14,11,14,11,14,11,14,11,15,11,15,11,15,11,15,11,15,11,15,11,14,11,14,11,13,11,13,11,12,10,12,10,11,10,11,9,10,9,10,10,2,2,0,0,0,0,0,0,0,0,0,0,0,0,0,0,0,0,0,0,2,1,10,4,10,5,10,5,10,6,11,7,11,8,11,9,12,9,12,10,12,10,11,11,11,12,11,12,11,12,11,12,12,13,12,13,12,13,12,12,12,12,12,12,13,12,13,13,13,13,13,13,14,13"
10.615421056747437,215,"CSI,1276,128,83,49,21,0,1,0,3,-1,3,4,5,8,10,9,14,11,14,11,13,8,11,10,7,12,7,12,6,12,4,12,3,10,2,7,2,3,3,-1,3,-4,3,-5,1,-7,2,-8,3,-8,2,-10,2,-11,2,-10,0,-3,0,0,0,0,0,0,0,0,0,0,0,0,0,0,0,0,0,0,2,-2,11,-5,10,-5,9,-4,7,-1,6,1,6,0,4,-3,1,-4,0,-4,-1,-4,-2,-5,-5,-8,-7,-9,-7,-12,-10,-16,-14,-15,-15,-11,-15,-11,-15,-13,-14,-14,-14,-13,-12,-13,-11,-11,-11,-10,-8,-13,-5,-12"
10.65344786643982,216,"CSI,1330,128,83,49,21,0,16,17,15,17,14,17,12,19,11,19,11,15,7,14,1,13,2,10,7,6,7,1,6,-2,5,-5,4,-6,4,-8,4,-12,4,-12,5,-10,6,-8,5,-8,3,-8,3,-8,4,-8,3,-7,3,-5,1,-2,0,0,0,0,0,0,0,0,0,0,0,0,0,0,0,0,0,0,0,-2,2,-8,3,-8,6,-7,6,-6,5,-5,4,-3,3,-2,2,-2,-1,-1,-6,-2,-10,-2,-12,-1,-11,1,-13,3,-15,5,-17,2,-18,0,-15,-1,-15,0,-17,-1,-15,-1,-10,1,-4,3,-3,4,-1,7,3,9"
10.686734914779663,217,"CSI,638,128,101,81,22,0,-8,17,-7,17,-7,16,-7,16,-7,16,-6,16,-5,16,-5,16,-5,17,-5,17,-5,17,-5,16,-5,16,-5,16,-5,16,-6,16,-5,15,-5,15,-5,14,-5,13,-6,12,-5,12,-5,11,-5,11,-5,11,-2,2,0,0,0,0,0,0,0,0,0,0,0,0,0,0,0,0,0,0,-1,2,-3,12,-3,12,-4,13,-4,13,-5,13,-5,14,-5,15,-6,15,-7,15,-7,16,-8,16,-8,16,-8,16,-8,16,-8,16,-8,16,-8,16,-8,16,-8,16,-8,16,-8,16,-8,16,-7,16,-7,17,-8,17,-8,17"
10.71888279914856,218,"CSI,1281,128,83,49,21,0,-12,0,-10,3,-2,3,6,6,9,11,10,15,8,19,2,23,1,24,5,22,8,21,9,22,8,21,5,18,5,16,5,11,6,5,6,2,5,0,4,-4,4,-9,4,-11,5,-11,6,-12,7,-13,1,-3,0,0,0,0,0,0,0,0,0,0,0,0,0,0,0,0,0,0,1,-2,8,-6,10,-6,11,-7,12,-7,12,-7,12,-7,11,-5,9,-3,10,-2,9,-3,5,-3,-1,-4,-6,-7,-8,-11,-10,-12,-14,-13,-17,-12,-19,-13,-21,-15,-21,-15,-23,-15,-25,-17,-24,-19,-22,-19,-21,-20,-22,-20"
10.794571161270142,219,"CSI,639,128,101,81,22,0,18,4,18,4,18,3,18,3,18,2,18,2,18,2,18,2,18,2,18,2,18,2,17,2,17,1,18,1,18,1,17,2,17,2,16,3,16,3,15,2,15,2,14,3,13,3,13,3,12,3,3,0,0,0,0,0,0,0,0,0,0,0,0,0,0,0,0,0,0,0,3,0,12,0,13,0,13,1,14,1,14,1,15,2,15,3,16,3,16,3,17,4,17,4,16,5,16,5,16,5,17,5,17,5,17,5,17,5,17,4,18,4,18,4,18,4,18,4,18,4,19,4,19,3"
10.823587894439697,220,"CSI,1285,128,83,49,21,0,6,3,6,-6,7,-13,7,-16,5,-18,3,-21,6,-20,10,-15,12,-16,13,-19,10,-19,8,-17,8,-16,5,-14,3,-11,2,-8,-1,-4,-3,-2,-5,-1,-5,0,-6,1,-8,3,-11,4,-13,4,-12,4,-3,1,0,0,0,0,0,0,0,0,0,0,0,0,0,0,0,0,0,0,-3,-1,-10,-5,-11,-6,-11,-9,-9,-9,-6,-8,-5,-8,-4,-7,0,-5,1,-2,0,1,0,5,1,9,2,13,3,16,1,20,0,22,0,21,0,22,1,26,0,29,-1,28,-1,27,0,25,2,21,1,18,-2,15"
10.905958890914917,221,"CSI,1289,128,83,49,21,0,-12,-6,-14,-5,-15,-1,-16,2,-17,3,-20,5,-20,7,-16,9,-15,5,-14,0,-15,-2,-17,-3,-15,-2,-11,-3,-12,-1,-11,2,-9,3,-10,3,-12,3,-12,3,-11,4,-11,5,-9,4,-8,1,-8,0,-2,0,0,0,0,0,0,0,0,0,0,0,0,0,0,0,0,0,0,0,-3,-3,-9,-9,-6,-8,-4,-9,-2,-8,-2,-6,-4,-6,-6,-4,-7,-2,-9,0,-12,1,-15,1,-16,-1,-18,-3,-20,-6,-21,-7,-21,-9,-22,-12,-23,-13,-21,-12,-16,-11,-15,-15,-15,-18,-14,-16,-14,-13,-15,-11,-14,-9"
10.94195008277893,222,"CSI,640,128,101,81,22,0,14,-12,13,-12,13,-13,13,-13,14,-13,13,-13,12,-13,12,-13,12,-14,11,-14,11,-14,11,-14,11,-14,12,-14,12,-13,12,-13,11,-13,11,-12,11,-11,11,-11,11,-10,10,-10,10,-10,10,-9,10,-8,2,-2,0,0,0,0,0,0,0,0,0,0,0,0,0,0,0,0,0,0,1,-3,7,-10,8,-10,8,-10,9,-11,10,-11,10,-11,11,-11,11,-11,12,-11,13,-12,13,-12,13,-11,13,-11,14,-11,14,-11,14,-11,14,-11,14,-11,14,-11,15,-11,14,-12,14,-12,13,-12,14,-12,14,-13,15,-13"
11.005707740783691,223,"CSI,1293,128,83,49,21,0,-7,7,1,5,6,4,10,5,12,4,13,3,18,0,22,-5,21,-6,19,-4,19,1,18,4,16,5,15,4,12,5,8,6,4,4,2,0,1,-4,0,-5,0,-5,-1,-5,-2,-6,-3,-9,-4,-10,-1,-3,0,0,0,0,0,0,0,0,0,0,0,0,0,0,0,0,0,0,-2,-2,-6,-7,-5,-9,-5,-10,-8,-7,-8,-6,-8,-8,-8,-10,-5,-10,-3,-9,-4,-6,-5,-2,-7,3,-11,5,-13,6,-13,7,-13,10,-14,12,-14,13,-16,15,-17,16,-17,16,-18,16,-18,16,-18,20,-20,22,-20,18"
11.03356385231018,224,"CSI,641,128,101,81,22,0,22,7,21,7,22,6,22,5,21,4,21,4,21,4,21,4,21,3,20,3,20,3,19,3,19,2,19,2,19,2,19,2,18,3,17,3,16,3,15,2,15,2,14,2,14,2,13,2,12,3,3,0,0,0,0,0,0,0,0,0,0,0,0,0,0,0,0,0,0,0,5,0,20,1,21,2,22,2,23,3,23,4,24,5,24,6,25,7,26,7,26,8,26,9,25,10,25,10,25,10,25,10,25,10,25,10,24,10,24,9,24,8,24,8,24,8,24,9,24,8,24,8,25,7"
11.06492280960083,225,"CSI,1345,128,83,49,21,0,13,-1,15,-1,15,-1,14,-1,13,-2,13,-1,8,1,2,-1,2,-2,6,-3,5,-3,2,-1,-1,-1,-3,-1,-3,-2,-3,-5,-4,-5,-4,-4,-3,-3,-3,-2,-4,-3,-4,-2,-4,1,-5,2,-7,0,-2,-1,0,0,0,0,0,0,0,0,0,0,0,0,0,0,0,0,0,0,-1,-3,-3,-11,-2,-12,-2,-11,-4,-11,-4,-10,-3,-7,-3,-4,-1,-3,-2,-1,-5,1,-7,4,-8,6,-9,9,-9,10,-10,10,-9,10,-9,11,-11,12,-10,11,-8,9,-5,9,-3,7,-1,3,2,1,4,3,2,5"
11.110626935958862,226,"CSI,1297,128,83,49,21,0,-10,-9,-12,-2,-12,2,-11,5,-13,9,-15,14,-18,12,-21,7,-21,8,-21,9,-20,9,-16,13,-14,14,-13,9,-10,5,-6,6,-5,7,-2,5,0,4,1,6,2,8,5,6,7,5,8,6,7,4,1,0,0,0,0,0,0,0,0,0,0,0,0,0,0,0,0,0,0,0,2,-3,9,-11,9,-12,9,-10,10,-9,10,-7,9,-8,10,-9,9,-9,5,-9,3,-10,1,-8,-2,-6,-8,-8,-11,-11,-14,-14,-16,-18,-15,-21,-14,-23,-12,-26,-11,-28,-12,-29,-13,-29,-13,-27,-13,-25,-10,-21,-6,-18"
11.142746925354004,227,"CSI,642,128,101,81,22,0,23,-9,23,-9,23,-9,23,-10,23,-10,22,-11,22,-11,21,-11,21,-11,21,-12,20,-12,20,-12,20,-12,21,-12,21,-12,21,-12,20,-11,19,-10,19,-9,19,-9,18,-9,18,-8,17,-8,17,-7,16,-6,4,-2,0,0,0,0,0,0,0,0,0,0,0,0,0,0,0,0,0,0,4,-3,17,-10,18,-10,19,-10,20,-10,21,-9,22,-9,22,-8,23,-8,25,-8,25,-8,25,-7,25,-6,25,-6,25,-6,25,-6,25,-5,25,-5,25,-6,25,-7,25,-7,25,-7,24,-7,24,-7,24,-7,25,-8,25,-8"
11.20916485786438,228,"CSI,1301,128,83,49,21,0,7,5,8,2,8,-2,8,-7,10,-10,13,-11,13,-9,14,-7,15,-10,17,-14,15,-15,12,-14,10,-11,8,-10,6,-12,4,-12,2,-11,0,-9,-3,-8,-5,-6,-4,-4,-4,-4,-7,-4,-8,-5,-7,-6,-2,-2,0,0,0,0,0,0,0,0,0,0,0,0,0,0,0,0,0,0,-3,2,-11,10,-13,8,-14,6,-15,6,-15,6,-13,4,-12,5,-12,6,-9,4,-7,3,-4,4,-1,6,3,8,6,13,8,15,11,15,13,15,12,17,11,21,12,26,11,28,10,27,8,24,7,23,6,25,3,27"
11.249611139297485,229,"CSI,643,128,101,81,22,0,-22,6,-21,6,-21,6,-21,7,-21,7,-20,8,-20,8,-19,8,-19,8,-19,8,-18,8,-18,8,-18,8,-18,9,-18,8,-18,8,-17,7,-16,7,-16,6,-15,6,-15,6,-15,5,-14,5,-14,4,-13,4,-4,0,0,0,0,0,0,0,0,0,0,0,0,0,0,0,0,0,0,0,-5,1,-17,7,-18,7,-18,7,-20,7,-20,7,-21,6,-22,6,-23,6,-24,6,-24,5,-24,5,-24,4,-24,4,-24,4,-24,4,-24,4,-24,4,-24,4,-24,4,-24,5,-24,5,-23,5,-23,5,-23,5,-24,6,-24,6"
11.310487747192383,230,"CSI,1304,128,83,49,21,0,2,-11,-1,-9,-5,-4,-10,0,-13,3,-18,2,-20,4,-16,8,-19,7,-23,6,-24,6,-23,5,-19,4,-16,4,-13,4,-12,3,-10,3,-7,2,-4,3,0,3,2,4,3,5,5,5,7,6,7,7,1,1,0,0,0,0,0,0,0,0,0,0,0,0,0,0,0,0,0,0,2,1,9,6,6,8,7,10,7,12,4,12,1,11,0,9,0,7,-1,7,-3,6,-3,4,-2,-1,-1,-6,1,-10,4,-14,7,-16,10,-18,11,-20,13,-20,17,-20,19,-22,19,-24,17,-23,17,-23,17,-23,16,-22"
11.360643863677979,231,"CSI,644,128,101,81,22,0,-4,18,-3,18,-3,18,-3,17,-3,17,-2,17,-2,17,-1,17,-1,17,-1,17,-1,17,-1,17,-1,17,-1,16,-1,16,-2,16,-2,16,-2,15,-2,14,-2,13,-2,13,-2,12,-3,12,-3,11,-3,11,-1,2,0,0,0,0,0,0,0,0,0,0,0,0,0,0,0,0,0,0,0,3,0,14,0,14,-1,15,-1,15,-2,16,-2,17,-2,17,-3,18,-3,18,-4,18,-4,18,-4,19,-5,19,-5,19,-5,18,-5,18,-5,18,-5,18,-5,18,-5,18,-4,18,-4,18,-3,18,-4,18,-4,18,-4,19"
11.414444923400879,232,"CSI,1308,128,83,49,21,0,-1,-6,-3,-2,-4,3,-6,7,-10,11,-10,14,-9,13,-12,11,-14,15,-13,18,-10,17,-7,17,-6,14,-5,10,-3,7,-2,4,-1,0,0,-2,2,-3,1,-4,1,-5,4,-7,6,-9,7,-8,9,-6,2,-2,0,0,0,0,0,0,0,0,0,0,0,0,0,0,0,0,0,0,-1,1,-1,7,0,9,-2,10,-6,10,-8,10,-8,9,-7,6,-6,4,-5,2,-2,0,2,-3,6,-9,8,-11,9,-10,12,-11,14,-14,15,-16,15,-18,16,-20,15,-20,14,-18,14,-18,13,-18,12,-19,11,-17,11,-12"
11.473055124282837,233,"CSI,645,128,101,81,22,0,-23,2,-23,3,-23,3,-23,4,-23,4,-22,5,-22,4,-22,5,-22,5,-21,5,-21,5,-21,6,-21,6,-21,6,-21,6,-21,5,-20,5,-19,4,-19,4,-18,4,-18,4,-17,3,-17,3,-16,2,-15,2,-4,0,0,0,0,0,0,0,0,0,0,0,0,0,0,0,0,0,0,0,-5,1,-17,4,-18,4,-19,3,-20,3,-21,3,-21,2,-22,2,-23,2,-23,1,-24,1,-24,0,-24,0,-24,-1,-24,-1,-24,-1,-24,-1,-24,-1,-24,0,-24,1,-24,1,-24,1,-24,1,-23,1,-24,1,-24,2,-25,2"
11.511791944503784,234,"CSI,396,128,-117,-78,40,0,-16,16,-16,17,-16,16,-16,16,-15,17,-15,17,-13,17,-13,17,-13,17,-13,17,-12,17,-12,17,-12,17,-12,17,-13,17,-12,16,-12,16,-11,15,-11,14,-11,14,-11,13,-11,13,-11,12,-11,11,-10,10,-3,2,0,0,0,0,0,0,0,0,0,0,0,0,0,0,0,0,0,0,-3,3,-11,14,-11,14,-12,14,-13,14,-14,15,-14,15,-15,15,-16,16,-17,16,-18,16,-19,15,-18,15,-18,15,-19,15,-19,15,-19,15,-18,15,-18,15,-18,15,-18,15,-18,15,-17,16,-16,16,-17,16,-18,15,-19,15"
11.541152715682983,235,"CSI,1313,128,83,49,21,0,-6,-9,-8,-5,-11,-1,-13,3,-14,3,-15,2,-19,2,-25,3,-22,4,-16,3,-15,2,-16,2,-15,1,-11,2,-7,3,-5,3,-4,2,-2,3,-1,3,0,5,-1,5,-2,4,1,5,3,6,3,4,0,0,0,0,0,0,0,0,0,0,0,0,0,0,0,0,0,0,0,0,2,-1,11,-4,13,-4,12,-3,10,-1,10,2,10,4,7,4,3,4,0,1,-1,-4,-1,-7,1,-9,1,-12,-1,-16,-1,-18,0,-21,1,-24,3,-25,4,-22,4,-21,3,-22,4,-23,5,-23,3,-21,1,-17,1,-12"
11.597471952438354,236,"CSI,646,128,101,81,22,0,-12,-15,-12,-15,-13,-14,-13,-14,-12,-13,-12,-13,-13,-13,-13,-13,-13,-12,-13,-12,-13,-12,-13,-12,-13,-11,-13,-11,-13,-11,-12,-11,-12,-11,-12,-11,-11,-11,-10,-10,-10,-9,-10,-9,-9,-9,-9,-9,-8,-9,-2,-3,0,0,0,0,0,0,0,0,0,0,0,0,0,0,0,0,0,0,-3,-3,-11,-11,-11,-11,-11,-12,-12,-13,-12,-13,-12,-14,-12,-15,-12,-16,-12,-16,-12,-17,-11,-17,-11,-18,-11,-18,-11,-18,-11,-18,-11,-18,-11,-18,-11,-17,-11,-16,-11,-16,-12,-16,-12,-16,-12,-16,-12,-16,-13,-16,-13,-16"
11.628036975860596,237,"CSI,1317,128,83,49,21,0,-3,-5,-6,-4,-10,-1,-10,2,-9,2,-10,0,-11,3,-12,9,-11,10,-10,8,-9,9,-8,8,-6,4,-4,1,-5,1,-7,1,-5,0,-2,-1,-1,0,-1,1,1,1,2,-1,3,-2,3,-2,3,-3,1,-1,0,0,0,0,0,0,0,0,0,0,0,0,0,0,0,0,0,0,-1,1,-3,7,-6,9,-7,9,-8,6,-8,5,-7,5,-6,3,-5,-1,-3,-4,-1,-3,2,-3,8,-7,12,-8,14,-8,17,-9,19,-10,21,-10,22,-10,22,-9,21,-7,20,-5,18,-5,15,-7,13,-7,10,-6,8,-7"
11.705307960510254,238,"CSI,647,128,101,81,22,0,14,-20,13,-20,13,-20,14,-20,14,-20,13,-20,12,-20,11,-21,11,-21,10,-21,10,-21,10,-21,10,-21,10,-21,10,-21,11,-20,10,-20,10,-19,10,-18,10,-17,10,-17,10,-16,10,-15,10,-14,9,-14,2,-4,0,0,0,0,0,0,0,0,0,0,0,0,0,0,0,0,0,0,2,-5,8,-17,9,-17,10,-18,11,-19,12,-19,12,-19,13,-20,14,-20,16,-20,17,-20,17,-20,17,-19,17,-19,17,-19,17,-19,17,-19,17,-19,17,-19,17,-19,17,-19,17,-19,16,-19,15,-20,16,-20,16,-20,16,-21"
11.734206914901733,239,"CSI,1320,128,83,49,21,0,-9,3,-5,0,0,-1,6,0,11,1,13,2,16,0,19,-3,20,-3,19,-1,17,0,16,0,15,1,11,0,7,-1,7,0,6,-1,2,-3,-3,-2,-4,-3,-4,-3,-5,-1,-6,0,-6,0,-8,0,-3,0,0,0,0,0,0,0,0,0,0,0,0,0,0,0,0,0,0,0,2,0,11,0,10,0,9,-3,11,-4,11,-3,11,-1,9,0,8,0,7,1,2,2,-3,2,-7,1,-11,2,-14,2,-15,-1,-18,-4,-20,-7,-21,-7,-23,-5,-24,-5,-24,-8,-24,-7,-23,-5,-23,-3,-21,0,-18,1"
11.816874742507935,240,"CSI,648,128,101,81,22,0,-15,19,-15,19,-14,19,-14,19,-14,19,-14,19,-12,19,-12,20,-12,20,-11,20,-10,20,-10,20,-11,20,-11,19,-11,19,-11,19,-11,19,-10,18,-10,17,-10,16,-10,15,-10,15,-10,14,-10,13,-9,13,-3,3,0,0,0,0,0,0,0,0,0,0,0,0,0,0,0,0,0,0,-3,4,-10,17,-10,17,-11,18,-13,18,-13,18,-14,19,-14,20,-15,20,-17,20,-18,20,-18,20,-18,19,-18,19,-18,19,-18,19,-18,18,-18,18,-18,18,-18,19,-18,19,-17,19,-17,19,-16,19,-16,19,-17,20,-17,20"
11.847312927246094,241,"CSI,1324,128,83,49,21,0,8,-3,3,-8,0,-12,-3,-10,-8,-10,-9,-13,-8,-17,-8,-19,-10,-18,-13,-16,-13,-14,-13,-13,-11,-13,-8,-13,-6,-11,-6,-6,-5,-3,-5,-1,-3,1,-3,4,-4,6,-4,5,-2,5,-2,5,-4,6,-2,1,0,0,0,0,0,0,0,0,0,0,0,0,0,0,0,0,0,0,-1,1,-2,6,-2,9,-2,11,-4,12,-5,12,-4,11,-4,8,-5,4,-6,3,-6,4,-5,3,0,-1,7,-4,11,-4,16,-2,19,-1,21,0,23,1,26,2,25,3,23,4,21,3,20,2,21,2,20,1,17,-1"
11.882430076599121,242,"CSI,1378,128,83,49,21,0,-1,14,-4,16,-7,17,-7,17,-6,15,-7,13,-4,11,2,7,0,6,-3,6,-1,4,0,3,2,2,4,1,4,0,2,-1,3,-3,4,-4,2,-3,1,-1,2,-1,5,-3,4,-4,3,-3,2,-3,0,-1,0,0,0,0,0,0,0,0,0,0,0,0,0,0,0,0,0,0,1,-2,4,-6,3,-6,2,-8,4,-7,2,-6,0,-6,0,-6,0,-4,-3,-3,-6,-3,-8,-4,-9,-4,-10,-5,-10,-7,-13,-10,-13,-11,-12,-9,-13,-7,-13,-7,-12,-5,-14,-3,-13,-3,-9,-1,-6,2,-6,3,-5,4"
11.924535751342773,243,"CSI,1329,128,83,49,21,0,4,14,7,8,9,3,12,0,15,-2,18,-3,17,-4,14,-6,18,-4,23,1,25,2,24,-1,20,-2,16,-3,13,-2,11,-1,9,-3,7,-5,5,-4,2,-3,1,-5,0,-7,-1,-10,1,-9,2,-7,0,-2,0,0,0,0,0,0,0,0,0,0,0,0,0,0,0,0,0,0,-3,2,-10,9,-11,9,-13,8,-16,6,-16,6,-14,5,-13,4,-11,2,-8,2,-9,4,-8,4,-2,5,4,8,7,13,9,18,8,21,5,23,3,25,4,26,3,26,2,27,2,26,1,26,0,26,1,24,1,23"
11.96100378036499,244,"CSI,649,128,101,81,22,0,17,-15,17,-15,17,-15,16,-15,16,-15,16,-15,14,-15,14,-16,14,-16,13,-16,12,-16,12,-16,12,-16,13,-16,13,-16,13,-15,12,-15,11,-14,11,-13,11,-13,11,-12,11,-12,11,-11,10,-10,10,-10,2,-3,0,0,0,0,0,0,0,0,0,0,0,0,0,0,0,0,0,0,3,-4,13,-15,13,-15,14,-15,16,-15,16,-15,17,-16,18,-16,19,-16,20,-16,21,-15,21,-15,21,-15,21,-14,21,-14,21,-14,21,-14,20,-14,20,-14,20,-14,20,-14,20,-14,19,-14,19,-15,19,-15,19,-15,19,-15"
12.030160903930664,245,"CSI,1333,128,83,49,21,0,-5,3,-2,1,2,1,6,-2,8,-6,8,-9,11,-11,18,-11,20,-14,16,-16,14,-14,15,-12,15,-10,13,-6,9,-3,6,-3,3,-2,0,0,0,0,-1,0,-4,1,-6,2,-7,3,-9,2,-11,0,-3,0,0,0,0,0,0,0,0,0,0,0,0,0,0,0,0,0,0,0,-2,-3,-4,-9,-4,-11,-4,-12,-5,-14,-5,-13,-3,-12,-1,-12,-2,-10,-3,-6,-3,-5,-1,-2,1,2,1,6,-2,10,-8,14,-11,18,-11,21,-12,20,-13,19,-15,21,-15,21,-15,20,-16,21,-16,24,-13,23,-9,19"
12.061799049377441,246,"CSI,650,128,101,81,22,0,18,14,18,13,19,13,19,12,19,11,19,11,19,11,19,11,19,11,19,11,19,10,19,10,19,10,20,10,19,10,18,10,18,11,17,11,16,11,15,10,15,10,14,10,14,9,13,9,12,10,3,2,0,0,0,0,0,0,0,0,0,0,0,0,0,0,0,0,0,0,3,1,15,6,15,7,15,7,16,8,17,9,17,10,17,12,18,12,18,13,18,13,17,14,17,15,17,16,17,15,17,15,17,15,17,15,17,15,17,14,18,14,18,14,18,14,18,14,18,14,19,14,20,14"
12.13208293914795,247,"CSI,1336,128,83,49,21,0,-7,10,-5,8,-3,7,0,8,3,10,5,13,7,16,11,20,13,20,10,20,8,19,7,13,6,11,5,13,5,12,3,9,1,7,1,5,2,4,2,3,1,3,2,2,5,-2,7,-4,5,-4,1,-1,0,0,0,0,0,0,0,0,0,0,0,0,0,0,0,0,0,0,-4,-1,-14,-3,-12,-5,-10,-6,-8,-6,-6,-4,-5,-3,-6,-5,-7,-4,-11,-1,-14,0,-12,2,-8,5,-10,8,-15,9,-16,9,-15,10,-17,11,-17,12,-18,12,-20,13,-22,15,-22,13,-19,10,-18,10,-22,9,-24,7"
12.164514780044556,248,"CSI,651,128,101,81,22,0,-8,21,-8,21,-7,21,-7,20,-7,20,-6,20,-5,20,-4,20,-4,20,-4,20,-3,20,-3,20,-3,19,-3,19,-4,19,-4,18,-3,18,-3,17,-3,17,-4,16,-4,15,-3,14,-4,14,-4,13,-4,13,-1,3,0,0,0,0,0,0,0,0,0,0,0,0,0,0,0,0,0,0,-1,4,-4,19,-5,20,-6,20,-7,21,-7,22,-8,23,-8,23,-9,24,-10,23,-12,23,-12,23,-12,23,-12,23,-12,23,-12,22,-12,22,-12,22,-12,22,-11,21,-11,21,-11,21,-10,21,-9,21,-9,21,-10,22,-10,23"
12.231664896011353,249,"CSI,1340,128,83,49,21,0,12,-4,7,-6,3,-11,0,-15,-1,-16,0,-19,1,-24,2,-28,-1,-26,-2,-23,-1,-21,0,-19,3,-19,6,-18,5,-17,2,-13,1,-9,1,-7,-1,-4,-4,-4,-7,-2,-6,2,-6,3,-8,0,-11,-2,-3,-1,0,0,0,0,0,0,0,0,0,0,0,0,0,0,0,0,0,0,1,1,7,8,5,9,2,9,3,7,4,4,4,5,4,6,7,6,9,5,9,2,8,1,8,2,9,0,14,-4,17,-5,20,-5,23,-4,22,-3,22,-4,25,-4,29,-2,30,-1,27,0,23,-1,20,0,16,0"
12.267704963684082,250,"CSI,652,128,101,81,22,0,-21,10,-20,10,-20,10,-20,11,-20,11,-19,11,-18,11,-18,11,-18,11,-17,11,-17,11,-17,12,-17,12,-17,12,-17,11,-17,11,-17,10,-16,9,-16,9,-16,9,-15,8,-15,8,-15,7,-14,6,-14,6,-4,1,0,0,0,0,0,0,0,0,0,0,0,0,0,0,0,0,0,0,-4,2,-15,11,-15,11,-16,11,-18,11,-18,11,-19,11,-20,11,-21,11,-22,10,-23,10,-23,10,-23,9,-23,8,-23,8,-23,8,-23,8,-22,8,-22,8,-22,9,-22,9,-22,10,-22,9,-21,9,-22,9,-22,10,-23,11"
12.295881032943726,251,"CSI,1394,128,83,49,21,0,-2,14,-2,16,-2,17,-2,15,-2,13,-3,12,-3,8,-3,3,-4,3,-3,3,-2,5,-1,5,3,3,7,0,7,-2,6,-1,5,-1,4,-3,5,-5,6,-6,4,-5,4,-4,5,-4,4,-4,4,-3,1,-1,0,0,0,0,0,0,0,0,0,0,0,0,0,0,0,0,0,0,1,0,6,1,6,1,5,2,4,1,3,0,2,0,2,-1,2,-1,-2,-1,-6,-3,-4,-5,-3,-5,-6,-6,-6,-8,-7,-8,-9,-7,-8,-8,-8,-8,-8,-8,-7,-5,-6,-4,-6,-4,-6,-2,-4,1,0,4,3,7"
12.337194681167603,252,"CSI,1345,128,83,49,21,0,3,-14,1,-11,-1,-7,-5,-4,-12,-6,-14,-8,-16,-12,-20,-14,-23,-11,-22,-10,-19,-11,-15,-11,-12,-12,-11,-10,-11,-9,-8,-7,-4,-7,-3,-5,-4,-1,-3,0,-4,0,-4,0,-2,2,-3,4,-6,7,-2,1,0,0,0,0,0,0,0,0,0,0,0,0,0,0,0,0,0,0,3,-2,14,-3,13,-1,11,-1,10,0,11,1,9,-1,6,-2,6,-1,6,0,4,-1,2,-5,0,-10,2,-14,4,-18,4,-20,4,-21,6,-23,8,-23,9,-21,13,-21,15,-22,13,-21,11,-21,13,-23,13,-24,10,-24"
12.379670858383179,253,"CSI,653,128,101,81,22,0,-14,18,-14,19,-14,18,-14,18,-14,18,-13,18,-12,18,-11,18,-11,18,-11,19,-10,19,-10,19,-10,19,-10,18,-11,18,-11,18,-10,17,-10,16,-10,16,-10,15,-10,14,-9,14,-9,13,-9,12,-9,11,-3,2,0,0,0,0,0,0,0,0,0,0,0,0,0,0,0,0,0,0,-2,3,-8,14,-9,14,-10,15,-11,15,-12,16,-12,16,-12,17,-13,17,-14,17,-16,17,-16,17,-16,17,-16,17,-16,17,-16,17,-16,17,-16,17,-16,17,-16,17,-16,17,-16,18,-15,18,-14,18,-15,18,-16,17,-16,17"
12.438869714736938,254,"CSI,1348,128,83,49,21,0,-9,-17,-10,-10,-10,-5,-7,0,-11,2,-18,4,-20,10,-20,16,-21,15,-22,13,-23,12,-24,11,-23,7,-21,5,-19,4,-13,3,-7,2,-2,3,-1,4,-1,6,1,6,3,6,4,8,5,9,4,9,1,2,0,0,0,0,0,0,0,0,0,0,0,0,0,0,0,0,0,0,2,-2,8,-5,9,-4,10,-5,10,-6,10,-4,9,-4,7,-5,6,-4,4,-4,3,-6,1,-9,0,-11,-1,-14,-3,-17,-3,-21,-4,-24,-4,-27,-4,-28,-4,-26,-6,-25,-8,-28,-7,-31,-6,-30,-7,-30,-6,-32,-2,-32"
12.492496967315674,255,"CSI,654,128,101,81,22,0,-22,-8,-22,-8,-22,-8,-22,-7,-22,-6,-22,-6,-22,-6,-22,-6,-22,-5,-22,-5,-22,-5,-22,-5,-22,-4,-22,-4,-22,-4,-21,-4,-20,-5,-20,-5,-19,-5,-19,-5,-18,-5,-17,-5,-17,-5,-16,-5,-15,-5,-4,-2,0,0,0,0,0,0,0,0,0,0,0,0,0,0,0,0,0,0,-4,-2,-16,-5,-17,-6,-17,-6,-18,-7,-18,-7,-19,-8,-19,-9,-20,-10,-20,-10,-20,-10,-20,-11,-20,-12,-20,-12,-20,-12,-20,-12,-21,-12,-21,-12,-21,-11,-21,-10,-21,-10,-21,-10,-21,-10,-21,-10,-21,-10,-22,-10,-23,-10"
12.544235706329346,256,"CSI,1352,128,83,49,21,0,-1,-12,-5,-12,-9,-12,-9,-13,-9,-13,-9,-14,-8,-12,-7,-10,-5,-12,-5,-15,-5,-13,-6,-12,-7,-11,-7,-10,-6,-9,-6,-9,-7,-8,-8,-6,-8,-6,-5,-8,-5,-8,-7,-6,-8,-6,-8,-6,-7,-4,-2,-1,0,0,0,0,0,0,0,0,0,0,0,0,0,0,0,0,0,0,0,-3,2,-12,3,-12,4,-11,5,-9,5,-8,3,-7,2,-5,1,-4,0,-6,0,-10,0,-13,-3,-15,-4,-16,-3,-18,-3,-21,-2,-21,1,-21,2,-20,2,-18,4,-19,5,-21,5,-19,5,-17,4,-16,2,-13,0,-10"
12.58594012260437,257,"CSI,400,128,-117,-78,40,0,-17,-19,-18,-19,-18,-18,-18,-17,-18,-16,-19,-16,-19,-16,-19,-16,-19,-16,-19,-16,-20,-15,-20,-15,-20,-15,-20,-14,-19,-14,-19,-15,-18,-15,-18,-15,-17,-15,-16,-14,-15,-13,-15,-13,-14,-13,-13,-13,-12,-13,-3,-4,0,0,0,0,0,0,0,0,0,0,0,0,0,0,0,0,0,0,-4,-3,-15,-12,-15,-13,-15,-14,-15,-15,-16,-16,-16,-17,-16,-19,-16,-19,-16,-20,-16,-20,-15,-21,-15,-22,-15,-22,-15,-22,-15,-22,-15,-22,-16,-22,-15,-21,-16,-20,-16,-19,-16,-19,-17,-20,-17,-20,-17,-20,-18,-19,-19,-20"
12.622168779373169,258,"CSI,655,128,101,81,22,0,14,-18,14,-18,14,-18,14,-18,14,-18,13,-19,12,-19,12,-19,12,-19,12,-19,12,-19,12,-19,12,-19,12,-19,13,-19,13,-18,12,-18,12,-17,11,-16,12,-16,12,-15,12,-14,12,-13,11,-12,11,-12,2,-3,0,0,0,0,0,0,0,0,0,0,0,0,0,0,0,0,0,0,2,-4,8,-13,8,-13,9,-13,10,-14,11,-14,11,-15,11,-15,12,-16,13,-16,14,-16,15,-15,15,-15,15,-15,15,-15,15,-16,15,-16,15,-16,15,-16,16,-16,16,-17,15,-17,15,-17,14,-17,15,-17,16,-17,16,-18"
12.652108907699585,259,"CSI,1356,128,83,49,21,0,-7,-5,-10,-3,-13,0,-16,3,-19,3,-22,4,-22,3,-22,-2,-20,-2,-17,2,-16,4,-15,4,-12,4,-10,3,-7,3,-2,3,2,4,2,5,4,6,4,8,2,11,2,12,4,11,4,10,3,10,0,2,0,0,0,0,0,0,0,0,0,0,0,0,0,0,0,0,0,0,2,-2,11,-3,11,-1,10,1,9,2,8,2,8,1,7,-2,6,-5,4,-4,2,-4,0,-8,-2,-13,-3,-17,-2,-20,0,-23,0,-27,1,-28,2,-26,4,-26,5,-27,6,-25,5,-22,3,-20,2,-18,2,-13,2,-12"
12.70139193534851,260,"CSI,1410,128,83,49,21,0,-12,15,-12,14,-13,14,-16,15,-16,13,-13,10,-9,8,-6,7,-6,5,-4,4,-1,2,1,1,1,0,4,0,5,0,5,2,7,3,9,3,9,2,8,0,7,-2,6,-1,6,0,5,0,5,1,1,0,0,0,0,0,0,0,0,0,0,0,0,0,0,0,0,0,0,0,1,0,5,0,7,1,8,0,6,-1,4,-2,2,0,3,2,5,2,2,1,-3,-1,-5,-3,-6,-6,-5,-10,-5,-11,-6,-12,-6,-14,-5,-14,-5,-15,-5,-14,-5,-10,-5,-7,-4,-7,-4,-8,-2,-5,-2,0,-2,4"
12.737308025360107,261,"CSI,656,128,101,81,22,0,-12,19,-12,19,-12,19,-12,19,-12,19,-11,19,-10,19,-10,19,-10,20,-10,20,-10,20,-10,20,-10,19,-10,19,-11,19,-11,18,-10,18,-10,17,-10,16,-11,15,-10,15,-10,14,-10,13,-10,12,-10,12,-3,2,0,0,0,0,0,0,0,0,0,0,0,0,0,0,0,0,0,0,-2,3,-7,13,-7,13,-8,14,-9,15,-9,15,-9,16,-10,16,-10,17,-11,17,-12,17,-13,17,-13,17,-13,17,-13,17,-13,17,-13,17,-13,17,-13,17,-13,17,-13,18,-13,18,-12,18,-12,18,-12,18,-13,18,-14,19"
12.826313972473145,262,"CSI,657,128,101,81,22,0,6,-19,6,-19,6,-19,6,-19,6,-19,5,-19,5,-19,4,-19,4,-19,4,-20,4,-20,4,-20,4,-20,4,-19,4,-19,5,-19,5,-19,5,-18,5,-17,5,-17,5,-16,5,-15,5,-15,5,-14,5,-14,1,-4,0,0,0,0,0,0,0,0,0,0,0,0,0,0,0,0,0,0,0,-3,2,-11,3,-12,3,-12,4,-13,4,-13,4,-14,4,-15,5,-15,6,-15,7,-15,7,-16,7,-16,7,-16,7,-16,7,-16,7,-16,7,-16,7,-17,7,-17,7,-17,7,-17,6,-17,6,-18,6,-18,7,-18,7,-19"
12.947107791900635,263,"CSI,658,128,101,81,22,0,-17,20,-16,20,-16,20,-16,20,-16,20,-15,20,-14,20,-13,20,-14,20,-13,20,-13,20,-13,20,-13,20,-13,20,-14,20,-14,19,-13,18,-13,17,-12,17,-13,16,-13,15,-13,14,-13,13,-12,13,-12,12,-3,3,0,0,0,0,0,0,0,0,0,0,0,0,0,0,0,0,0,0,-3,3,-10,15,-11,15,-11,16,-12,16,-13,17,-13,17,-14,18,-15,18,-16,18,-17,18,-18,18,-17,18,-18,18,-18,18,-18,18,-18,18,-18,18,-18,18,-18,18,-18,19,-18,19,-17,19,-16,19,-17,19,-18,20,-19,20"
12.976919889450073,264,"CSI,1369,128,83,49,21,0,1,-9,3,-11,5,-10,5,-10,3,-12,3,-13,5,-16,4,-21,3,-20,2,-16,1,-14,1,-12,3,-8,3,-5,2,-3,1,-2,2,-2,5,-1,7,2,8,3,7,2,6,3,6,3,6,2,5,3,1,0,0,0,0,0,0,0,0,0,0,0,0,0,0,0,0,0,0,0,-2,1,-5,7,-5,5,-5,4,-6,4,-4,3,-2,1,-3,-1,-3,-4,0,-5,-1,-4,-2,-5,-3,-8,-5,-9,-8,-11,-7,-14,-6,-15,-8,-14,-10,-13,-11,-12,-10,-10,-9,-6,-10,-3,-10,-4,-8,-5,-6,-4,-6,-3"
13.04754114151001,265,"CSI,659,128,101,81,22,0,2,22,3,22,3,22,3,22,3,21,3,21,4,22,5,22,5,22,5,22,5,21,5,21,5,21,5,21,4,20,4,20,4,20,3,20,3,19,2,18,2,17,2,17,1,16,1,15,1,15,0,3,0,0,0,0,0,0,0,0,0,0,0,0,0,0,0,0,0,0,0,3,3,13,3,13,2,14,2,15,2,16,3,17,3,18,2,19,2,19,1,19,1,20,1,21,1,21,1,21,0,21,0,21,1,21,1,21,1,21,1,21,2,21,2,22,3,22,2,22,2,22,3,23"
13.07762598991394,266,"CSI,1372,128,83,49,21,0,-15,-5,-11,-7,-8,-8,-6,-8,-3,-10,1,-10,4,-10,5,-10,6,-14,3,-19,-2,-19,-1,-17,3,-15,2,-13,0,-10,2,-9,3,-8,2,-5,1,-3,2,-2,6,0,9,2,8,1,5,1,5,4,1,1,0,0,0,0,0,0,0,0,0,0,0,0,0,0,0,0,0,0,-1,1,-5,6,-6,6,-6,5,-5,5,-5,6,-4,5,-3,4,-5,3,-6,2,-6,1,-7,0,-7,-1,-6,-2,-7,-2,-9,-4,-9,-7,-11,-10,-13,-10,-13,-10,-13,-9,-13,-9,-15,-11,-17,-10,-19,-7,-19,-6,-17,-5"
13.153303861618042,267,"CSI,1376,128,83,49,21,0,8,-5,8,-2,6,1,4,5,5,8,6,12,6,15,5,19,7,19,10,15,9,13,7,12,5,11,6,10,5,8,2,4,0,2,1,2,-2,2,-5,1,-6,1,-5,2,-4,3,-4,5,-4,9,-1,2,0,0,0,0,0,0,0,0,0,0,0,0,0,0,0,0,0,0,-1,-3,-2,-8,-2,-8,0,-7,2,-7,1,-7,2,-6,3,-5,4,-4,5,-4,4,-2,4,-1,6,-2,8,-2,9,2,9,3,10,4,11,5,12,2,12,-1,12,-1,12,-1,13,-3,13,-3,14,-5,14,-7,12,-5"
13.184119939804077,268,"CSI,660,128,101,81,22,0,2,-15,2,-15,1,-15,2,-15,2,-14,1,-15,1,-15,0,-15,0,-15,0,-15,0,-15,0,-15,0,-15,0,-14,0,-14,0,-14,0,-14,1,-14,1,-13,1,-12,1,-12,1,-12,1,-11,1,-11,1,-11,0,-3,0,0,0,0,0,0,0,0,0,0,0,0,0,0,0,0,0,0,0,-2,0,-8,0,-8,0,-9,0,-9,1,-10,0,-10,0,-11,1,-11,1,-11,2,-12,2,-12,2,-13,2,-13,3,-13,3,-13,2,-13,2,-13,2,-13,3,-13,3,-13,2,-14,2,-14,2,-14,2,-14,2,-14,2,-14"
13.255618810653687,269,"CSI,1381,128,83,49,21,0,4,6,0,5,-2,-1,-4,-6,-8,-7,-10,-7,-11,-7,-12,-5,-11,-10,-11,-16,-11,-19,-12,-18,-9,-14,-3,-10,-1,-9,-3,-7,-4,-3,-3,-1,-2,-1,0,0,1,5,1,8,1,7,0,6,0,8,0,2,0,0,0,0,0,0,0,0,0,0,0,0,0,0,0,0,0,0,-2,1,-7,4,-9,4,-11,5,-10,4,-9,2,-7,0,-7,-2,-6,-1,-3,0,0,0,0,0,0,3,3,4,7,3,10,3,11,3,13,3,15,4,16,8,17,9,19,6,18,5,19,7,21,6,20,4,19,1"
13.29427194595337,270,"CSI,661,128,101,81,22,0,-23,-9,-23,-9,-23,-9,-23,-8,-23,-7,-23,-7,-23,-7,-23,-7,-22,-7,-22,-7,-22,-6,-21,-6,-21,-6,-22,-5,-21,-5,-20,-6,-19,-6,-19,-6,-18,-6,-17,-6,-17,-6,-16,-6,-15,-6,-14,-6,-14,-6,-4,-2,0,0,0,0,0,0,0,0,0,0,0,0,0,0,0,0,0,0,-5,-2,-18,-5,-18,-5,-19,-6,-20,-6,-20,-7,-21,-8,-22,-8,-22,-9,-23,-10,-23,-10,-23,-11,-22,-12,-23,-13,-23,-12,-23,-12,-23,-12,-23,-12,-23,-12,-23,-11,-23,-10,-24,-10,-24,-10,-23,-11,-24,-11,-24,-10,-25,-10"
13.360803842544556,271,"CSI,1385,128,83,49,21,0,-1,-10,0,-6,4,-6,7,-7,8,-6,7,-6,7,-9,8,-12,8,-13,7,-13,7,-13,7,-12,7,-11,5,-9,3,-7,2,-6,2,-6,2,-4,0,0,1,1,1,3,3,4,4,4,3,1,4,1,1,0,0,0,0,0,0,0,0,0,0,0,0,0,0,0,0,0,0,0,-2,0,-6,0,-8,-1,-8,-2,-6,-2,-4,-2,-3,-3,-4,-4,-5,-5,-4,-7,-1,-7,0,-7,-1,-9,-1,-13,0,-14,0,-14,0,-14,1,-15,0,-16,-2,-18,-3,-20,-4,-19,-3,-17,0,-13,-1,-12,-5,-11,-5,-12"
13.393851041793823,272,"CSI,662,128,101,81,22,0,-20,-1,-20,-1,-21,0,-21,0,-20,1,-20,1,-20,1,-20,1,-20,1,-20,1,-20,1,-19,2,-19,2,-20,2,-20,2,-20,2,-19,1,-18,1,-18,0,-17,1,-17,1,-17,0,-16,0,-16,-1,-15,-1,-4,-1,0,0,0,0,0,0,0,0,0,0,0,0,0,0,0,0,0,0,-4,0,-15,1,-15,1,-16,0,-17,0,-17,0,-18,-1,-18,-1,-19,-1,-20,-1,-20,-1,-20,-2,-20,-3,-20,-4,-20,-3,-20,-3,-20,-3,-20,-3,-20,-3,-20,-2,-21,-1,-21,-1,-20,-1,-20,-2,-21,-2,-21,-1,-22,0"
13.460370063781738,273,"CSI,1389,128,83,49,21,0,0,5,-5,0,-9,-4,-9,-5,-7,-8,-8,-12,-14,-12,-18,-12,-17,-14,-14,-15,-12,-13,-9,-11,-8,-10,-5,-6,-4,-5,-3,-4,0,-3,0,1,0,3,1,4,1,4,3,4,4,4,5,4,7,3,1,0,0,0,0,0,0,0,0,0,0,0,0,0,0,0,0,0,0,0,-1,-3,-2,-10,1,-9,3,-11,1,-11,-1,-7,0,-5,1,-5,1,-3,2,-2,1,1,-1,4,1,7,2,10,2,12,2,15,2,16,-1,14,-2,15,-1,17,2,19,5,20,8,18,8,15,5,12,2,9,0,9"
13.49538803100586,274,"CSI,663,128,101,81,22,0,5,24,5,24,6,24,6,23,6,23,6,23,7,23,8,23,8,23,8,23,8,23,8,23,8,23,8,22,8,22,7,22,7,22,6,22,6,21,5,20,5,19,4,19,4,18,3,17,3,17,0,4,0,0,0,0,0,0,0,0,0,0,0,0,0,0,0,0,0,0,1,3,5,14,5,15,5,16,4,16,5,17,5,19,5,20,4,20,4,21,3,21,3,22,3,23,3,23,2,23,2,23,2,23,3,23,3,23,3,23,3,22,4,23,4,23,5,23,5,23,5,24,5,24"
13.565441846847534,275,"CSI,1392,128,83,49,21,0,1,-9,0,-9,-3,-7,-6,-9,-10,-12,-11,-14,-13,-13,-15,-12,-11,-11,-7,-11,-6,-13,-6,-14,-5,-13,-5,-9,-3,-5,-1,-4,0,-3,-1,0,-4,1,-5,0,-4,0,-3,2,-4,2,-5,2,-5,3,-1,0,0,0,0,0,0,0,0,0,0,0,0,0,0,0,0,0,0,0,1,1,4,7,4,8,4,8,4,6,2,6,0,6,0,4,2,1,4,-1,6,-3,7,-5,9,-8,12,-7,15,-4,17,-5,18,-7,20,-7,21,-9,21,-8,19,-7,20,-5,20,-2,19,0,19,-1,14,-5,11,-6"
13.598902940750122,276,"CSI,404,128,-117,-78,40,0,-23,10,-23,10,-23,10,-23,10,-23,11,-22,11,-21,11,-21,12,-21,12,-20,12,-20,12,-20,12,-20,12,-20,12,-21,12,-20,12,-19,11,-18,10,-18,9,-18,9,-18,9,-17,8,-17,8,-16,7,-16,6,-4,1,0,0,0,0,0,0,0,0,0,0,0,0,0,0,0,0,0,0,-5,2,-18,9,-19,9,-19,9,-21,9,-22,9,-22,9,-23,9,-24,9,-25,9,-26,8,-26,8,-26,7,-26,7,-26,7,-26,7,-26,7,-26,7,-25,7,-25,8,-26,9,-25,9,-25,9,-24,9,-25,9,-25,9,-26,9"
13.626199960708618,277,"CSI,664,128,101,81,22,0,5,21,5,22,5,21,5,20,6,20,6,19,7,19,7,20,7,20,8,19,8,19,8,19,8,18,8,18,7,18,7,18,7,18,6,17,6,17,5,16,5,15,4,15,4,14,3,14,3,14,0,3,0,0,0,0,0,0,0,0,0,0,0,0,0,0,0,0,0,0,1,4,4,16,4,17,4,18,4,19,4,19,4,20,4,22,3,22,3,23,2,23,2,23,2,24,2,24,2,24,2,23,2,23,2,23,2,23,2,22,3,22,3,22,4,22,4,22,4,22,4,22,3,23"
13.665559768676758,278,"CSI,1397,128,83,49,21,0,15,4,12,1,8,-5,5,-10,2,-13,3,-16,7,-16,8,-13,7,-16,7,-22,8,-23,9,-21,8,-18,7,-14,6,-11,2,-10,1,-6,-1,-3,-3,-3,-4,-5,-4,-4,-4,-2,-6,1,-8,2,-8,1,-2,0,0,0,0,0,0,0,0,0,0,0,0,0,0,0,0,0,0,0,-2,1,-6,7,-8,8,-8,9,-8,9,-8,9,-9,7,-8,6,-6,6,-3,6,0,3,1,1,4,3,9,7,12,8,14,8,17,10,20,12,22,11,22,11,21,15,22,16,24,15,23,14,24,16,24,17,18,16"
13.727125883102417,279,"CSI,665,128,101,81,22,0,9,-17,8,-17,8,-18,8,-17,8,-17,8,-17,7,-18,6,-18,6,-18,6,-18,5,-18,5,-18,5,-18,6,-17,6,-17,6,-17,6,-17,6,-16,6,-16,6,-15,6,-14,6,-14,6,-13,6,-13,6,-12,1,-3,0,0,0,0,0,0,0,0,0,0,0,0,0,0,0,0,0,0,1,-4,6,-16,7,-16,7,-17,8,-17,8,-17,9,-18,9,-18,10,-18,11,-18,12,-18,12,-18,12,-18,12,-18,12,-18,12,-18,12,-17,12,-17,12,-17,12,-17,11,-17,11,-17,10,-18,10,-18,10,-18,10,-18,10,-19"
13.768414974212646,280,"CSI,1401,128,83,49,21,0,-3,-9,-5,-7,-9,-5,-14,-2,-17,1,-20,2,-22,-1,-21,-6,-19,-3,-21,2,-21,4,-21,4,-19,3,-16,3,-13,3,-9,2,-3,2,2,3,3,4,2,4,3,1,6,0,7,1,7,-1,8,-1,2,0,0,0,0,0,0,0,0,0,0,0,0,0,0,0,0,0,0,0,-2,3,-8,11,-10,9,-13,8,-12,6,-8,4,-6,2,-7,1,-7,1,-4,-1,3,-3,8,-3,12,-5,16,-8,16,-9,16,-7,20,-6,23,-7,25,-6,25,-5,24,-7,25,-9,26,-11,26,-9,21,-7,18,-8,20,-9"
13.841280698776245,281,"CSI,666,128,101,81,22,0,-20,-2,-20,-1,-20,-1,-20,0,-20,0,-19,1,-19,1,-19,1,-19,1,-19,1,-18,1,-18,2,-18,2,-19,2,-19,2,-18,2,-17,1,-17,0,-16,0,-16,0,-15,0,-15,0,-14,0,-14,-1,-13,-1,-4,-1,0,0,0,0,0,0,0,0,0,0,0,0,0,0,0,0,0,0,-4,0,-16,0,-17,0,-17,-1,-18,-1,-19,-1,-19,-2,-19,-2,-20,-3,-21,-3,-21,-3,-21,-4,-21,-5,-21,-5,-21,-5,-21,-5,-21,-5,-21,-5,-21,-4,-21,-3,-21,-3,-21,-2,-20,-3,-20,-3,-21,-3,-21,-2,-22,-2"
13.871888875961304,282,"CSI,1405,128,83,49,21,0,-4,4,1,1,5,2,8,2,9,0,13,0,15,0,17,-2,19,-1,19,3,15,4,13,3,13,2,11,3,7,1,5,-2,4,-2,0,-1,-3,-1,-4,-2,-5,-4,-3,-7,-2,-8,-4,-7,-6,-8,-2,-2,0,0,0,0,0,0,0,0,0,0,0,0,0,0,0,0,0,0,-1,-2,-2,-9,-1,-11,0,-13,1,-12,3,-10,4,-9,2,-8,-1,-7,-3,-6,-5,-5,-6,-1,-6,3,-9,5,-11,5,-16,5,-21,8,-21,10,-19,11,-20,11,-21,11,-21,10,-20,9,-20,8,-23,8,-21,8,-18,10"
13.95005989074707,283,"CSI,667,128,101,81,22,0,14,2,13,2,14,2,14,1,14,1,13,1,13,0,13,0,13,0,13,0,13,0,12,0,12,0,13,0,13,0,12,0,12,1,11,1,11,1,10,1,10,1,10,1,9,1,9,1,8,1,2,0,0,0,0,0,0,0,0,0,0,0,0,0,0,0,0,0,0,0,2,-1,11,-1,11,-1,12,0,12,0,13,0,13,1,14,1,14,2,15,2,15,2,15,2,15,3,15,3,15,3,15,3,15,3,15,3,14,3,14,3,15,2,15,2,15,3,14,3,15,2,15,2,15,1"
13.9807288646698,284,"CSI,1409,128,83,49,21,0,-2,4,2,0,6,-7,8,-12,8,-13,11,-14,10,-13,5,-14,4,-16,8,-17,10,-16,11,-14,10,-12,8,-12,4,-9,2,-4,-1,-2,-4,-1,-5,0,-5,1,-6,3,-6,3,-6,2,-5,3,-4,5,-1,1,0,0,0,0,0,0,0,0,0,0,0,0,0,0,0,0,0,0,-1,-3,-3,-10,-2,-12,-2,-13,-2,-12,-3,-12,-2,-10,0,-9,1,-9,0,-6,-1,-2,-2,-1,-1,2,-2,6,-4,10,-6,12,-6,16,-6,18,-9,21,-10,23,-8,22,-10,21,-12,20,-11,20,-10,22,-9,21,-7,16"
14.066656827926636,285,"CSI,668,128,101,81,22,0,21,-10,20,-10,20,-10,20,-11,20,-11,20,-11,19,-11,18,-11,18,-12,17,-12,17,-12,17,-12,17,-12,17,-11,17,-11,17,-11,16,-10,16,-9,15,-8,15,-8,15,-8,14,-8,13,-7,13,-6,13,-5,3,-2,0,0,0,0,0,0,0,0,0,0,0,0,0,0,0,0,0,0,3,-3,15,-11,16,-11,17,-11,18,-11,19,-11,19,-11,20,-10,21,-10,22,-10,23,-11,23,-10,23,-10,23,-9,23,-9,23,-9,23,-9,23,-9,23,-9,23,-9,23,-9,23,-9,22,-9,22,-9,22,-10,23,-10,23,-11"
14.097792863845825,286,"CSI,1413,128,83,49,21,0,4,-3,0,-5,-4,-11,-7,-14,-9,-13,-9,-14,-8,-14,-9,-13,-10,-14,-8,-15,-5,-15,-4,-15,-5,-14,-5,-10,-6,-7,-6,-5,-4,-5,-4,-1,-5,2,-7,2,-6,3,-3,5,-2,5,-3,3,-2,3,-1,1,0,0,0,0,0,0,0,0,0,0,0,0,0,0,0,0,0,0,-1,2,-2,10,-2,9,-2,9,-3,8,-3,6,-4,5,-3,4,0,3,2,1,3,1,6,0,8,-1,12,-3,14,-4,18,-4,20,-4,19,-4,20,-4,21,-4,21,-2,21,-2,22,-2,20,1,18,2,16,-1,14,-1"
14.177386045455933,287,"CSI,1416,128,83,49,21,0,1,9,-1,1,-2,-5,-2,-8,1,-11,3,-14,5,-18,7,-24,5,-25,3,-23,2,-23,1,-22,2,-18,2,-14,2,-12,1,-9,1,-7,0,-5,0,-2,-2,1,-2,2,0,2,1,2,-1,4,-2,6,-1,1,0,0,0,0,0,0,0,0,0,0,0,0,0,0,0,0,0,0,-1,-2,-4,-9,-3,-10,-4,-11,-4,-10,-2,-8,-1,-8,0,-9,0,-9,0,-8,0,-6,1,-1,1,3,2,5,3,8,3,12,2,16,0,18,-3,19,-4,19,-2,21,-1,25,-1,25,-2,24,-1,25,0,25,2,23"
14.214643001556396,288,"CSI,669,128,101,81,22,0,-4,-24,-4,-24,-5,-24,-5,-23,-5,-23,-5,-23,-7,-23,-7,-23,-7,-23,-7,-23,-8,-23,-7,-22,-7,-22,-7,-21,-7,-21,-6,-21,-6,-21,-6,-20,-6,-20,-5,-18,-5,-18,-4,-17,-4,-16,-3,-16,-3,-16,-1,-4,0,0,0,0,0,0,0,0,0,0,0,0,0,0,0,0,0,0,-2,-5,-6,-17,-5,-18,-5,-19,-5,-20,-5,-21,-5,-22,-5,-23,-4,-24,-3,-24,-2,-25,-2,-25,-2,-26,-2,-26,-1,-26,-1,-26,-2,-26,-2,-26,-2,-26,-2,-25,-2,-25,-3,-25,-3,-25,-4,-25,-4,-25,-4,-25,-5,-26"
14.282546997070312,289,"CSI,1420,128,83,49,21,0,-5,4,-1,0,3,-2,7,-2,10,-4,13,-7,14,-9,12,-7,14,-4,18,-4,20,-5,20,-3,17,-3,14,-5,12,-5,9,-6,6,-5,2,-2,0,-1,1,-2,0,-2,-4,-3,-6,-4,-7,-5,-9,-4,-3,-1,0,0,0,0,0,0,0,0,0,0,0,0,0,0,0,0,0,0,-2,-2,-5,-9,-4,-12,-3,-13,-4,-12,-4,-11,-2,-10,-1,-6,-1,-3,-1,-2,-2,1,-4,2,-4,3,-3,8,-4,11,-6,15,-7,17,-8,15,-8,17,-10,20,-13,18,-13,17,-13,18,-14,17,-14,17,-12,16,-8,13"
14.314864873886108,290,"CSI,670,128,101,81,22,0,-24,5,-24,6,-24,6,-24,7,-24,7,-23,7,-23,7,-23,8,-23,8,-22,8,-22,9,-22,9,-22,9,-22,9,-22,9,-22,8,-21,8,-21,7,-20,6,-20,6,-20,6,-19,6,-18,5,-18,5,-17,4,-5,1,0,0,0,0,0,0,0,0,0,0,0,0,0,0,0,0,0,0,-4,1,-16,7,-16,7,-17,7,-19,7,-20,7,-20,6,-21,6,-22,6,-23,6,-24,5,-24,5,-24,4,-24,4,-24,4,-25,4,-25,3,-25,3,-25,4,-25,4,-25,5,-25,5,-24,5,-24,5,-25,5,-25,6,-26,6"
14.384795904159546,291,"CSI,1425,128,83,49,21,0,3,5,3,0,0,-8,-2,-13,-2,-14,-1,-19,1,-21,-2,-20,-2,-22,0,-25,0,-24,1,-21,3,-15,3,-11,0,-10,-4,-9,-5,-6,-4,-3,-3,0,-3,2,-2,5,-2,6,-3,7,-4,8,-4,8,-1,2,0,0,0,0,0,0,0,0,0,0,0,0,0,0,0,0,0,0,-2,-4,-5,-13,-4,-12,-4,-11,-5,-11,-5,-11,-4,-11,-2,-10,0,-9,1,-5,1,-2,0,1,-2,5,-3,10,-1,14,2,17,0,21,-3,23,-5,23,-5,24,-4,26,-2,27,-2,26,-4,23,-2,20,1,17,1,13"
14.41863203048706,292,"CSI,671,128,101,81,22,0,-13,22,-12,22,-12,23,-12,23,-12,23,-11,23,-10,23,-9,24,-9,24,-9,24,-8,24,-8,24,-8,24,-9,24,-9,24,-9,24,-9,23,-9,22,-9,21,-9,20,-9,20,-9,19,-9,18,-10,18,-9,17,-3,4,0,0,0,0,0,0,0,0,0,0,0,0,0,0,0,0,0,0,-2,3,-6,14,-6,14,-7,15,-8,16,-8,17,-8,17,-9,18,-10,19,-11,19,-13,19,-13,19,-13,19,-14,19,-14,19,-14,19,-14,19,-14,20,-14,20,-14,20,-14,20,-14,21,-13,21,-12,21,-13,21,-14,22,-14,23"
14.48710584640503,293,"CSI,1429,128,83,49,21,0,11,0,5,1,-1,1,-7,0,-11,1,-13,5,-10,5,-9,1,-14,-2,-19,-3,-19,-1,-17,3,-15,2,-13,-2,-12,-2,-10,0,-5,-2,0,-3,1,-3,1,-3,2,-3,4,-3,5,-4,5,-4,5,-1,1,0,0,0,0,0,0,0,0,0,0,0,0,0,0,0,0,0,0,0,-3,-1,-9,-4,-10,-5,-13,-7,-12,-7,-9,-7,-8,-6,-8,-4,-6,-2,-3,-3,-1,-4,1,-3,1,0,4,1,8,2,9,3,12,3,14,3,16,7,21,8,24,7,25,6,22,5,21,2,22,-1,23,-1,22,2"
14.522887945175171,294,"CSI,672,128,101,81,22,0,-7,-24,-8,-24,-8,-24,-8,-23,-8,-22,-8,-22,-9,-22,-10,-22,-10,-22,-10,-22,-10,-22,-10,-21,-10,-21,-10,-20,-10,-20,-9,-21,-9,-21,-9,-20,-8,-19,-7,-18,-7,-18,-7,-17,-6,-17,-5,-16,-5,-16,-2,-4,0,0,0,0,0,0,0,0,0,0,0,0,0,0,0,0,0,0,-2,-5,-8,-17,-7,-18,-7,-19,-7,-20,-7,-21,-7,-22,-7,-23,-7,-24,-6,-24,-5,-24,-5,-25,-5,-26,-4,-26,-4,-26,-4,-25,-5,-25,-5,-25,-5,-25,-5,-25,-5,-24,-6,-24,-6,-24,-7,-24,-6,-24,-6,-24,-6,-25"
14.588718891143799,295,"CSI,1433,128,83,49,21,0,2,4,-2,0,-7,-4,-10,-6,-10,-11,-11,-14,-12,-18,-12,-24,-15,-24,-16,-20,-13,-16,-11,-15,-8,-14,-4,-12,-2,-8,0,-4,0,0,0,1,0,2,-1,5,1,7,3,8,3,8,1,9,-1,11,-1,3,0,0,0,0,0,0,0,0,0,0,0,0,0,0,0,0,0,0,-3,-1,-10,-3,-10,-6,-11,-7,-11,-6,-10,-5,-8,-4,-4,-4,-2,-3,-1,-2,2,1,6,3,5,3,6,4,8,6,10,9,13,13,15,16,16,17,17,15,16,13,16,15,15,16,16,14,18,11,17,10,15,8"
14.627075910568237,296,"CSI,673,128,101,81,22,0,-18,4,-18,4,-18,5,-18,5,-18,6,-18,6,-17,6,-17,6,-17,6,-17,6,-16,7,-16,7,-16,7,-17,7,-17,7,-17,7,-16,6,-15,5,-15,5,-15,5,-15,5,-14,4,-14,4,-14,3,-13,3,-4,0,0,0,0,0,0,0,0,0,0,0,0,0,0,0,0,0,0,0,-4,1,-13,5,-13,5,-13,5,-14,5,-15,5,-15,5,-16,4,-17,4,-18,4,-18,4,-18,3,-18,3,-18,3,-18,3,-18,3,-19,3,-19,2,-18,3,-18,3,-19,4,-19,4,-18,4,-18,3,-18,4,-19,5,-19,5"
14.665812969207764,297,"CSI,408,128,-117,-78,40,0,20,-13,20,-13,20,-14,20,-14,20,-14,19,-15,18,-15,18,-15,18,-16,17,-16,17,-16,17,-16,17,-16,18,-16,18,-16,18,-15,17,-15,17,-14,16,-13,16,-13,16,-12,15,-12,15,-11,15,-10,14,-10,3,-3,0,0,0,0,0,0,0,0,0,0,0,0,0,0,0,0,0,0,3,-3,14,-12,14,-12,15,-12,16,-13,17,-13,18,-12,19,-12,20,-12,21,-12,22,-12,22,-11,22,-11,22,-11,22,-11,22,-11,22,-11,22,-11,22,-11,22,-11,22,-12,22,-12,21,-12,21,-12,21,-12,22,-13,22,-13"
14.694260120391846,298,"CSI,1437,128,83,49,21,0,3,9,5,6,6,4,7,1,8,-4,11,-7,13,-12,14,-17,14,-14,14,-8,14,-5,14,-4,12,-3,10,-5,9,-6,9,-6,7,-5,2,-4,0,-6,2,-8,4,-8,2,-7,-3,-5,-6,-3,-6,-5,-2,-2,0,0,0,0,0,0,0,0,0,0,0,0,0,0,0,0,0,0,-3,0,-10,4,-10,4,-9,2,-9,-1,-9,-3,-10,-3,-10,-3,-7,-3,-5,-3,-3,-1,-1,3,1,5,1,9,0,13,1,16,2,19,1,21,0,19,0,19,0,21,2,21,3,21,2,21,-1,20,-4,19,-2,20"
14.754357099533081,299,"CSI,674,128,101,81,22,0,1,-26,0,-26,0,-26,0,-26,0,-25,-1,-25,-2,-26,-2,-26,-2,-26,-3,-26,-3,-27,-3,-26,-3,-26,-3,-26,-2,-25,-2,-25,-1,-25,-1,-25,-1,-24,0,-23,0,-22,0,-21,1,-20,1,-20,2,-19,0,-5,0,0,0,0,0,0,0,0,0,0,0,0,0,0,0,0,0,0,-1,-5,-3,-19,-3,-20,-2,-21,-2,-21,-1,-22,-1,-23,-1,-24,-1,-25,1,-25,2,-25,2,-26,2,-26,3,-26,3,-26,3,-26,3,-26,2,-26,2,-26,3,-26,3,-25,2,-26,1,-26,1,-26,1,-26,1,-27,1,-28"
14.792748928070068,300,"CSI,1440,128,83,49,21,0,2,-9,-4,-9,-6,-7,-8,-4,-12,-2,-16,-3,-20,-3,-26,-3,-24,-2,-22,-5,-20,-6,-15,-6,-13,-7,-12,-7,-11,-5,-10,-2,-8,0,-6,2,-6,3,-6,4,-4,5,-2,5,-1,5,-2,5,-2,5,-1,1,0,0,0,0,0,0,0,0,0,0,0,0,0,0,0,0,0,0,2,1,9,4,9,4,8,6,8,8,9,7,7,6,4,7,3,7,2,6,1,3,1,-1,-1,-4,0,-7,4,-9,7,-13,9,-16,8,-16,8,-17,11,-20,13,-23,15,-23,17,-21,17,-19,17,-20,16,-20,15,-18"
14.856520891189575,301,"CSI,675,128,101,81,22,0,-4,-19,-4,-19,-5,-19,-5,-18,-5,-18,-5,-18,-6,-18,-6,-18,-6,-18,-7,-19,-7,-19,-7,-18,-7,-18,-7,-18,-6,-17,-6,-18,-6,-18,-5,-17,-5,-17,-5,-16,-4,-15,-4,-15,-3,-14,-3,-14,-3,-14,-1,-4,0,0,0,0,0,0,0,0,0,0,0,0,0,0,0,0,0,0,-2,-4,-4,-13,-4,-14,-4,-14,-4,-15,-4,-16,-4,-16,-4,-17,-3,-18,-3,-18,-2,-18,-2,-19,-2,-19,-2,-20,-2,-20,-2,-19,-2,-19,-2,-19,-2,-19,-2,-19,-2,-19,-3,-19,-3,-19,-4,-19,-4,-19,-4,-20,-4,-20"
14.894717931747437,302,"CSI,1444,128,83,49,21,0,-14,-2,-9,-2,-4,0,3,0,9,-1,13,1,20,4,27,6,27,3,23,1,21,4,21,6,20,6,18,7,14,6,9,3,6,0,3,0,2,-2,1,-4,-2,-5,-4,-4,-5,-2,-5,0,-5,-1,-2,-1,0,0,0,0,0,0,0,0,0,0,0,0,0,0,0,0,0,0,2,-2,9,-6,10,-5,11,-5,12,-4,13,-4,11,-3,10,-2,10,-2,9,-3,7,-3,5,-1,0,2,-2,1,-4,0,-9,-2,-12,-2,-14,-2,-16,-2,-20,-2,-25,-2,-28,-2,-28,-3,-27,0,-28,1,-30,-1,-31,-2"
14.973464965820312,303,"CSI,676,128,101,81,22,0,-11,-18,-12,-18,-12,-17,-12,-17,-12,-16,-12,-16,-13,-16,-13,-16,-13,-16,-13,-16,-13,-15,-13,-15,-13,-15,-13,-15,-13,-15,-12,-15,-12,-15,-12,-15,-11,-14,-10,-13,-10,-13,-9,-13,-9,-12,-8,-12,-8,-12,-2,-3,0,0,0,0,0,0,0,0,0,0,0,0,0,0,0,0,0,0,-3,-3,-10,-11,-10,-11,-10,-12,-10,-13,-11,-14,-11,-15,-11,-16,-11,-16,-11,-16,-10,-17,-10,-18,-10,-18,-10,-19,-10,-19,-10,-19,-10,-19,-10,-19,-10,-18,-10,-18,-11,-17,-11,-17,-11,-18,-12,-18,-12,-18,-12,-18,-13,-18"
15.00412392616272,304,"CSI,1448,128,83,49,21,0,4,-6,0,-2,-4,2,-4,1,-7,-2,-13,-1,-17,-1,-16,-3,-18,-1,-20,1,-18,2,-17,1,-15,-1,-13,-2,-10,-1,-5,0,-2,0,-1,0,2,1,5,3,5,4,4,2,5,0,5,0,4,-1,0,-1,0,0,0,0,0,0,0,0,0,0,0,0,0,0,0,0,0,0,-2,1,-5,8,-5,8,-7,9,-8,9,-8,7,-7,6,-7,6,-5,5,-3,3,-2,2,1,-1,4,-4,6,-3,8,-3,11,-4,13,-4,14,-6,15,-9,18,-9,20,-9,20,-8,19,-8,20,-9,19,-11,19,-14,19,-13"
15.075026988983154,305,"CSI,677,128,101,81,22,0,22,8,22,7,23,7,23,6,23,5,23,5,23,5,23,5,23,5,23,5,22,5,22,5,22,4,23,4,23,4,22,5,21,6,20,6,20,6,19,5,18,5,17,5,17,5,16,6,15,6,3,1,0,0,0,0,0,0,0,0,0,0,0,0,0,0,0,0,0,0,4,0,16,1,16,2,17,2,17,3,18,3,19,4,20,5,20,6,21,6,21,6,21,7,21,9,21,9,21,9,21,9,21,9,21,9,21,9,21,8,22,7,22,7,22,8,22,8,23,8,23,8,24,8"
15.103385925292969,306,"CSI,1453,128,83,49,21,0,6,-2,5,-4,4,-6,0,-8,-4,-14,-7,-17,-9,-17,-12,-19,-13,-20,-10,-19,-7,-15,-7,-12,-6,-10,-3,-10,-2,-9,-2,-8,-3,-4,-4,-1,-5,0,-4,1,-3,2,-4,3,-5,5,-5,5,-4,3,-1,0,0,0,0,0,0,0,0,0,0,0,0,0,0,0,0,0,0,0,-1,1,-4,6,-6,7,-7,8,-6,6,-6,5,-5,5,-4,4,-2,2,0,0,2,-1,4,-1,8,0,12,0,15,-2,16,-2,16,0,20,3,23,6,24,8,22,6,21,6,22,7,22,6,20,2,15,2,9,4"
15.192643880844116,307,"CSI,678,128,101,81,22,0,0,13,0,13,0,13,0,13,1,12,1,12,2,12,2,13,2,12,2,12,2,12,2,12,2,12,2,12,2,12,2,12,2,12,2,11,2,11,1,10,1,10,1,9,0,9,0,9,0,9,0,2,0,0,0,0,0,0,0,0,0,0,0,0,0,0,0,0,0,0,0,2,1,8,1,9,0,9,0,10,0,10,0,11,0,11,0,12,0,12,-1,12,-1,12,-1,13,-1,13,-1,13,-1,13,-1,12,-1,13,-1,13,-1,13,-1,12,-1,13,0,13,0,13,0,13,0,13,0,12"
15.223005056381226,308,"CSI,1457,128,83,49,21,0,0,-6,-4,-1,-8,-1,-12,-3,-14,-1,-16,-1,-20,0,-23,2,-22,1,-22,-1,-23,-4,-20,-6,-16,-4,-13,-2,-11,-1,-10,0,-9,0,-6,1,-4,1,-4,2,-3,5,-1,6,2,6,4,6,6,6,1,1,0,0,0,0,0,0,0,0,0,0,0,0,0,0,0,0,0,0,0,2,2,8,1,9,0,11,-1,11,-1,10,-3,8,-4,7,-2,5,-1,3,-1,2,4,-1,6,-4,7,-7,9,-8,10,-9,13,-11,16,-13,19,-14,22,-16,23,-16,21,-15,21,-18,22,-17,20,-15,19,-15,19,-13"
15.305698871612549,309,"CSI,679,128,101,81,22,0,-17,8,-16,8,-17,8,-17,9,-17,9,-16,9,-15,10,-15,10,-15,10,-15,10,-15,10,-15,10,-15,10,-15,10,-15,10,-15,10,-15,9,-14,9,-14,8,-14,8,-14,8,-13,7,-13,7,-13,6,-12,5,-3,1,0,0,0,0,0,0,0,0,0,0,0,0,0,0,0,0,0,0,-3,1,-11,7,-11,7,-12,7,-12,7,-13,7,-13,7,-14,7,-15,7,-15,7,-16,7,-17,7,-17,6,-17,6,-17,6,-17,6,-17,6,-17,6,-17,7,-17,7,-18,7,-17,7,-17,7,-17,7,-17,8,-18,8,-19,8"
15.336289882659912,310,"CSI,2616,128,77,-47,20,0,-1,-9,-4,-1,-8,3,-12,3,-16,3,-20,5,-20,7,-16,6,-18,3,-21,1,-20,1,-17,1,-16,0,-14,-2,-11,1,-7,4,-5,4,-4,2,-3,3,-2,6,-1,6,1,6,3,7,4,6,5,4,1,1,0,0,0,0,0,0,0,0,0,0,0,0,0,0,0,0,0,0,1,-2,8,-3,10,0,10,-1,9,0,8,3,6,4,5,5,4,5,2,3,0,0,-1,-4,-2,-7,-2,-11,-2,-14,-3,-15,-3,-18,-2,-20,0,-21,2,-24,1,-25,2,-26,3,-25,3,-23,4,-22,2,-18,-3,-15"
15.365589141845703,311,"CSI,2617,128,77,-47,20,0,-12,0,-7,3,0,9,3,13,2,17,3,18,5,16,5,13,5,14,4,16,1,16,3,15,5,14,2,11,0,9,2,7,5,2,8,-2,9,-3,7,-4,3,-5,2,-5,2,-6,4,-7,7,-8,2,-3,0,0,0,0,0,0,0,0,0,0,0,0,0,0,0,0,0,0,1,-3,7,-9,8,-8,6,-7,8,-6,10,-5,11,-4,11,-3,6,-4,2,-5,0,-4,-5,-3,-8,-2,-10,-1,-13,-2,-16,-3,-18,-3,-19,-4,-20,-9,-19,-11,-19,-10,-19,-11,-19,-12,-18,-11,-16,-9,-15,-7,-12,-7"
15.406090021133423,312,"CSI,1464,128,83,49,21,0,-2,-4,-5,-4,-9,-6,-12,-9,-12,-13,-11,-13,-12,-16,-12,-21,-14,-18,-16,-14,-14,-12,-11,-9,-10,-8,-9,-7,-8,-5,-4,0,-1,3,0,3,2,3,0,4,-2,4,1,3,4,4,3,6,2,5,0,1,0,0,0,0,0,0,0,0,0,0,0,0,0,0,0,0,0,0,-2,1,-9,5,-10,4,-11,5,-12,3,-10,1,-8,1,-6,0,-3,0,0,1,2,1,4,0,7,0,11,2,13,4,17,4,20,5,21,7,19,7,18,7,20,8,23,8,23,7,19,7,17,6,15,2,12,-1"
15.434997797012329,313,"CSI,680,128,101,81,22,0,17,9,17,9,17,8,18,7,18,7,18,6,18,6,18,6,18,6,18,6,18,5,18,5,18,5,18,5,18,5,17,5,17,6,16,6,16,6,15,5,14,5,14,5,13,5,13,5,12,6,3,1,0,0,0,0,0,0,0,0,0,0,0,0,0,0,0,0,0,0,3,0,13,3,13,4,14,5,14,5,15,6,15,6,16,7,16,8,16,8,16,9,16,9,16,10,16,11,16,11,16,10,17,10,17,11,16,10,17,10,17,9,17,9,17,9,17,10,17,9,18,9,19,9"
15.511090993881226,314,"CSI,1468,128,83,49,21,0,4,3,-3,2,-10,1,-13,-1,-16,-3,-18,-2,-24,1,-30,-1,-29,-2,-23,1,-20,3,-20,1,-19,0,-16,-2,-13,-3,-9,-2,-7,1,-4,3,0,3,2,2,3,1,4,0,5,0,6,-1,9,-2,2,-1,0,0,0,0,0,0,0,0,0,0,0,0,0,0,0,0,0,0,-2,0,-9,0,-12,-1,-12,-2,-11,-2,-11,-3,-10,-3,-11,-3,-10,-1,-7,0,-3,-1,0,-1,2,-2,5,-2,8,3,11,7,14,4,17,1,18,1,20,2,23,2,24,4,23,5,22,3,23,0,21,-2,19,0"
15.53801679611206,315,"CSI,681,128,101,81,22,0,8,16,8,15,9,15,9,14,9,14,9,14,10,14,10,14,10,14,10,14,11,14,10,14,10,13,11,13,11,13,10,13,10,13,9,13,9,13,8,12,8,11,8,11,7,11,7,11,6,11,1,2,0,0,0,0,0,0,0,0,0,0,0,0,0,0,0,0,0,0,2,2,8,9,8,10,8,11,8,11,8,12,8,13,8,14,8,14,8,15,8,15,7,16,7,17,7,17,7,17,7,16,7,16,7,16,7,16,7,16,7,15,8,16,8,16,8,16,8,16,8,16,9,16"
15.613648891448975,316,"CSI,1473,128,83,49,21,0,4,-9,2,-4,1,1,-1,6,-4,11,-6,14,-7,18,-9,23,-10,23,-10,20,-10,16,-8,15,-7,17,-5,18,-7,15,-7,10,-6,5,-4,3,-1,0,1,-4,0,-5,0,-5,2,-8,3,-9,3,-10,0,-3,0,0,0,0,0,0,0,0,0,0,0,0,0,0,0,0,0,0,-1,2,-3,8,-3,8,-5,9,-6,11,-5,10,-7,8,-8,6,-4,5,-3,4,-5,3,-3,1,0,-2,1,-4,4,-8,8,-11,10,-13,11,-15,12,-16,13,-18,12,-20,11,-23,12,-23,13,-23,14,-25,13,-25,10,-26"
15.655215978622437,317,"CSI,682,128,101,81,22,0,-15,-13,-15,-13,-15,-12,-15,-11,-15,-11,-15,-11,-16,-11,-16,-11,-16,-11,-16,-11,-16,-10,-16,-10,-16,-10,-16,-9,-16,-9,-15,-10,-14,-10,-14,-10,-13,-10,-13,-9,-12,-9,-12,-9,-11,-9,-11,-9,-10,-9,-3,-3,0,0,0,0,0,0,0,0,0,0,0,0,0,0,0,0,0,0,-3,-2,-12,-6,-12,-7,-13,-8,-13,-8,-14,-9,-14,-10,-14,-11,-14,-11,-15,-11,-15,-12,-14,-13,-14,-14,-14,-14,-14,-14,-14,-14,-14,-14,-14,-14,-14,-14,-14,-13,-14,-13,-15,-13,-15,-13,-15,-13,-15,-13,-16,-13,-17,-13"
15.696907043457031,318,"CSI,412,128,-117,-78,40,0,-17,-17,-18,-17,-18,-17,-18,-16,-18,-15,-18,-15,-18,-15,-19,-15,-19,-15,-19,-15,-19,-15,-19,-14,-19,-14,-19,-14,-19,-14,-18,-14,-18,-14,-17,-15,-16,-14,-16,-13,-15,-13,-15,-13,-14,-12,-13,-12,-13,-13,-3,-4,0,0,0,0,0,0,0,0,0,0,0,0,0,0,0,0,0,0,-4,-3,-13,-9,-13,-10,-14,-11,-14,-11,-14,-12,-15,-13,-15,-14,-15,-15,-15,-16,-15,-16,-15,-17,-15,-18,-15,-18,-15,-18,-15,-18,-15,-18,-15,-19,-15,-18,-15,-18,-16,-17,-16,-17,-16,-18,-17,-18,-17,-18,-17,-18,-17,-19"
15.72750186920166,319,"CSI,1477,128,83,49,21,0,3,14,1,10,-1,5,-2,-1,-1,-7,0,-11,4,-15,9,-18,5,-22,0,-25,-1,-25,1,-25,2,-22,1,-20,0,-19,-1,-15,-2,-10,-2,-7,-1,-5,0,-2,1,1,2,3,2,5,3,6,4,7,1,1,0,0,0,0,0,0,0,0,0,0,0,0,0,0,0,0,0,0,0,-3,2,-10,1,-12,1,-12,1,-13,1,-14,2,-12,2,-11,3,-10,3,-7,3,-6,3,-5,3,-3,1,2,-1,7,-3,10,-3,14,-1,17,-2,21,-5,25,-4,28,-2,30,-1,30,-1,29,-2,30,-2,28,-1,24"
15.758500814437866,320,"CSI,683,128,101,81,22,0,6,-23,6,-23,6,-22,6,-22,6,-22,5,-22,4,-22,3,-22,3,-22,2,-22,2,-22,2,-22,2,-21,2,-21,3,-21,3,-20,2,-20,2,-20,2,-19,3,-18,3,-17,3,-16,3,-16,3,-15,3,-15,0,-4,0,0,0,0,0,0,0,0,0,0,0,0,0,0,0,0,0,0,0,-5,2,-17,3,-18,4,-19,4,-20,5,-20,5,-21,5,-22,6,-22,7,-23,8,-23,9,-23,9,-23,9,-23,9,-23,9,-23,9,-23,9,-23,9,-23,9,-23,9,-23,8,-23,8,-23,7,-23,7,-23,8,-23,9,-23"
15.818578958511353,321,"CSI,1480,128,83,49,21,0,-16,-8,-14,-3,-12,5,-9,11,-7,13,-7,15,-5,13,-3,10,-6,14,-12,19,-14,18,-14,16,-14,15,-14,13,-14,12,-13,10,-9,7,-5,3,-2,2,0,1,2,2,3,3,3,2,4,0,7,1,2,0,0,0,0,0,0,0,0,0,0,0,0,0,0,0,0,0,0,0,-1,-2,-4,-8,-4,-9,-2,-9,0,-10,0,-11,0,-10,0,-8,-1,-8,-1,-8,-1,-7,-1,-6,-4,-3,-8,0,-12,-1,-16,-4,-17,-8,-19,-8,-20,-4,-22,-3,-22,-4,-22,-5,-25,-8,-28,-9,-27,-9,-25,-9,-22,-7"
15.870338916778564,322,"CSI,684,128,101,81,22,0,-4,-22,-4,-22,-4,-21,-4,-20,-4,-20,-5,-19,-6,-19,-6,-19,-6,-19,-6,-19,-6,-19,-6,-19,-6,-18,-6,-17,-6,-17,-5,-17,-5,-17,-5,-17,-4,-16,-4,-15,-3,-14,-3,-13,-3,-13,-2,-12,-2,-12,-1,-3,0,0,0,0,0,0,0,0,0,0,0,0,0,0,0,0,0,0,-2,-5,-7,-18,-7,-19,-6,-20,-6,-21,-6,-22,-6,-23,-6,-24,-5,-24,-4,-25,-4,-25,-3,-25,-3,-26,-3,-26,-2,-26,-2,-25,-2,-25,-3,-25,-3,-25,-3,-24,-3,-23,-3,-23,-4,-23,-4,-24,-4,-23,-4,-23,-5,-24"
15.919030904769897,323,"CSI,1484,128,83,49,21,0,1,8,5,9,9,9,10,8,12,7,13,7,13,6,12,5,12,7,14,9,17,9,17,9,14,9,11,9,9,7,8,3,7,-1,5,-2,5,-5,5,-7,3,-7,2,-7,2,-8,-1,-7,-4,-8,-2,-2,0,0,0,0,0,0,0,0,0,0,0,0,0,0,0,0,0,0,-2,-2,-8,-7,-9,-7,-9,-8,-8,-9,-7,-9,-5,-9,-2,-7,-1,-4,-1,-2,-3,0,-6,2,-7,5,-7,10,-9,14,-11,15,-12,15,-14,15,-18,16,-20,16,-18,15,-16,16,-15,17,-15,14,-15,13,-16,13,-19,11"
15.983957052230835,324,"CSI,685,128,101,81,22,0,-13,20,-12,20,-12,20,-12,20,-12,19,-11,19,-10,19,-9,20,-9,20,-9,20,-9,20,-8,20,-9,19,-9,19,-10,18,-10,18,-9,18,-9,17,-9,16,-9,15,-9,14,-9,14,-9,13,-9,12,-9,12,-3,3,0,0,0,0,0,0,0,0,0,0,0,0,0,0,0,0,0,0,-2,4,-8,18,-9,18,-10,19,-11,19,-11,20,-11,21,-12,21,-13,21,-14,21,-15,21,-15,22,-15,22,-15,21,-15,21,-15,21,-15,20,-15,20,-15,21,-15,21,-15,21,-14,21,-13,21,-13,21,-13,21,-14,21,-14,22"
16.018451929092407,325,"CSI,1488,128,83,49,21,0,7,9,10,6,12,3,10,-1,12,-2,15,-1,14,-1,11,2,12,5,16,4,16,2,17,2,16,3,13,2,10,1,8,2,7,1,5,0,3,-2,2,-4,0,-4,-2,-5,-1,-8,-1,-9,0,-11,0,-3,0,0,0,0,0,0,0,0,0,0,0,0,0,0,0,0,0,0,-1,2,-4,8,-6,8,-6,7,-4,5,-4,5,-6,5,-7,4,-6,3,-3,4,1,5,4,5,6,5,7,7,8,12,9,16,9,17,6,17,4,19,5,20,4,20,2,20,1,17,1,16,0,17,1,14,1,11"
16.091035842895508,326,"CSI,686,128,101,81,22,0,4,-19,4,-19,3,-19,4,-19,4,-18,3,-19,2,-19,2,-19,2,-19,1,-19,1,-19,1,-19,1,-18,1,-18,2,-18,2,-18,2,-18,1,-17,2,-17,2,-16,2,-15,2,-15,2,-14,2,-14,2,-13,0,-4,0,0,0,0,0,0,0,0,0,0,0,0,0,0,0,0,0,0,0,-5,0,-18,1,-18,1,-19,2,-19,2,-20,2,-20,3,-21,3,-22,4,-22,5,-22,6,-22,5,-22,6,-22,6,-21,6,-21,6,-20,6,-21,6,-20,6,-20,6,-20,5,-20,5,-20,4,-20,4,-20,5,-20,4,-21"
16.124055862426758,327,"CSI,1492,128,83,49,21,0,-1,-4,3,-1,5,1,9,2,14,1,16,-1,20,-4,26,-6,23,-5,18,-3,16,-1,15,0,13,-1,11,-3,9,-3,6,-2,2,-1,-1,1,-3,2,-6,2,-7,0,-5,0,-5,1,-6,2,-7,3,-2,0,0,0,0,0,0,0,0,0,0,0,0,0,0,0,0,0,0,0,1,2,7,10,8,8,7,8,7,9,6,9,4,9,3,10,4,7,3,3,2,2,0,4,-3,2,-4,-1,-7,-3,-10,-6,-12,-8,-15,-11,-17,-15,-19,-16,-19,-15,-20,-14,-19,-14,-17,-15,-16,-13,-14,-9,-10,-5"
16.227927923202515,328,"CSI,1496,128,83,49,21,0,7,1,7,0,7,-4,6,-9,7,-12,8,-12,12,-14,14,-17,11,-16,7,-14,8,-12,10,-11,10,-11,7,-13,6,-11,7,-7,5,-5,1,-5,0,-4,-3,-4,-7,-4,-8,-3,-6,-2,-6,-3,-7,-5,-2,-2,0,0,0,0,0,0,0,0,0,0,0,0,0,0,0,0,0,0,0,2,0,11,-1,11,-5,11,-7,10,-6,7,-7,6,-7,5,-5,4,-2,5,1,5,3,4,5,3,7,3,9,4,12,7,14,9,16,10,16,11,18,13,19,13,18,12,15,12,14,13,14,14,12,13,12,12"
16.254989862442017,329,"CSI,687,128,101,81,22,0,15,7,15,7,15,6,15,6,15,5,15,5,15,5,15,5,15,4,15,4,15,4,14,4,14,4,15,4,15,4,15,4,14,5,14,5,13,5,13,4,12,4,12,4,11,5,10,5,10,5,2,1,0,0,0,0,0,0,0,0,0,0,0,0,0,0,0,0,0,0,3,1,15,6,15,7,16,7,16,8,17,8,17,9,17,10,17,10,18,10,17,11,17,11,17,12,16,12,16,12,16,11,16,11,16,11,16,10,16,10,16,9,16,9,16,9,16,9,16,9,16,8,17,8"
16.328298091888428,330,"CSI,1501,128,83,49,21,0,2,7,5,6,8,7,10,7,12,6,15,6,15,7,10,8,9,10,11,11,9,10,8,9,9,8,8,7,5,5,1,2,0,0,0,-2,-1,-4,-1,-7,2,-9,4,-9,2,-8,0,-7,0,-6,0,-2,0,0,0,0,0,0,0,0,0,0,0,0,0,0,0,0,0,0,-3,-4,-8,-14,-6,-12,-5,-12,-4,-11,-1,-8,0,-7,-1,-4,-2,1,-1,3,-1,3,-6,6,-10,11,-12,13,-15,13,-17,14,-19,12,-20,11,-20,10,-19,10,-17,11,-14,10,-14,8,-16,10,-12,10,-8,7,-7,6"
16.42747974395752,331,"CSI,1504,128,83,49,21,0,13,4,11,3,11,3,12,1,12,-1,13,-3,13,-4,12,-2,14,4,17,6,18,4,17,5,15,6,13,5,11,4,8,2,6,2,6,0,4,-2,2,-3,2,-2,3,-2,4,-4,4,-5,3,-4,0,-1,0,0,0,0,0,0,0,0,0,0,0,0,0,0,0,0,0,0,2,1,9,7,7,6,6,7,4,8,3,7,4,4,4,2,3,2,3,1,5,-1,10,0,15,0,17,1,17,1,19,3,22,6,22,8,20,7,16,8,14,10,15,12,15,11,15,8,13,5,11,6,12,8"
16.531774044036865,332,"CSI,1509,128,83,49,21,0,-5,4,-4,3,-2,1,3,2,5,8,3,12,4,15,8,18,12,17,12,13,9,10,6,12,6,13,5,10,4,9,1,9,1,5,2,2,1,2,1,0,4,-2,2,-2,0,-4,1,-6,1,-7,0,-2,0,0,0,0,0,0,0,0,0,0,0,0,0,0,0,0,0,0,0,-3,2,-11,2,-10,1,-9,2,-8,3,-7,2,-7,1,-4,1,-3,0,-2,-1,-2,-3,1,-7,5,-12,5,-14,4,-13,4,-14,4,-17,3,-19,2,-20,2,-16,1,-13,-1,-15,-3,-16,-2,-15,-1,-15,1,-15,1"
16.635112047195435,333,"CSI,1513,128,83,49,21,0,6,1,4,-2,1,-6,0,-9,2,-13,3,-15,1,-17,-2,-19,-4,-19,-2,-16,0,-14,0,-13,-1,-13,-1,-11,1,-9,3,-7,3,-6,1,-4,0,-2,-2,-1,-4,1,-4,2,-4,1,-2,1,0,2,0,0,0,0,0,0,0,0,0,0,0,0,0,0,0,0,0,0,0,0,-1,-3,-2,-8,-2,-8,1,-9,3,-7,2,-6,2,-7,2,-3,2,2,3,1,1,1,-2,4,-1,6,-1,8,-3,12,-4,15,-4,17,-4,16,-5,13,-4,13,-3,13,-2,14,-3,16,-5,14,-3,13,0,14,0,15"
16.738563776016235,334,"CSI,1516,128,83,49,21,0,-4,-1,0,0,3,-1,7,-2,10,1,13,2,14,-1,13,-2,14,1,16,0,15,-1,14,-2,13,-3,13,-4,10,-4,6,-3,4,-2,3,-2,1,-2,-2,-2,-4,-1,-4,0,-4,2,-4,4,-4,3,-2,0,0,0,0,0,0,0,0,0,0,0,0,0,0,0,0,0,0,0,1,1,5,6,4,8,2,9,1,9,2,9,2,10,1,9,-1,6,-2,3,-5,1,-7,2,-7,1,-7,-2,-6,-4,-8,-7,-10,-10,-11,-13,-13,-13,-16,-12,-14,-13,-12,-15,-14,-13,-14,-12,-13,-11,-12,-10,-10,-13"
16.818755865097046,335,"CSI,2618,128,75,-79,20,0,2,5,0,3,-3,0,-6,-1,-6,-1,-8,-1,-13,-4,-17,-7,-18,-5,-19,-2,-18,0,-17,2,-18,1,-18,-3,-15,-1,-10,2,-8,1,-6,-2,-3,-3,-1,-2,0,-1,1,-4,2,-7,2,-6,3,-5,1,-2,0,0,0,0,0,0,0,0,0,0,0,0,0,0,0,0,0,0,1,-2,7,-5,8,-4,10,-3,10,-2,7,0,6,3,5,1,6,1,5,3,3,4,3,4,2,5,0,6,-3,7,-5,8,-5,11,-5,12,-5,13,-5,14,-5,15,-4,18,-1,19,-1,19,0,17,4,15,6,17"
16.942133903503418,336,"CSI,1525,128,83,49,21,0,-5,-3,-2,-1,-2,3,1,6,5,4,6,3,9,7,14,11,14,8,13,6,12,7,12,9,12,8,10,8,8,10,7,10,8,5,7,2,5,1,3,1,1,0,0,-1,-1,-2,-4,-4,-7,-6,-2,-2,0,0,0,0,0,0,0,0,0,0,0,0,0,0,0,0,0,0,1,-1,5,-5,6,-5,7,-3,5,0,4,1,5,1,4,0,2,2,-2,3,-6,0,-6,0,-6,2,-8,2,-10,-2,-11,-4,-12,-2,-11,-2,-13,-6,-18,-9,-19,-9,-17,-10,-16,-10,-15,-7,-17,-5,-15,-5,-12,-5"
17.357157945632935,337,"CSI,1541,128,83,49,21,0,-4,-15,-9,-15,-10,-15,-9,-17,-9,-22,-12,-21,-14,-20,-13,-27,-13,-28,-14,-22,-13,-21,-8,-20,-5,-14,-3,-10,-2,-9,-2,-6,-3,-3,-5,-1,-6,0,-6,0,-7,0,-8,3,-9,6,-9,5,-9,2,-3,0,0,0,0,0,0,0,0,0,0,0,0,0,0,0,0,0,0,0,2,-2,9,-5,10,-3,11,-1,10,-1,8,-2,6,-2,6,-2,7,-2,6,-4,4,-7,2,-12,1,-14,2,-14,5,-18,7,-23,8,-24,9,-21,10,-19,13,-21,14,-21,13,-16,14,-13,13,-14,10,-14,8,-14,7,-16"
17.455368041992188,338,"CSI,1544,128,83,49,21,0,8,-2,3,-5,0,-7,-1,-11,-2,-15,-4,-18,-8,-23,-11,-28,-12,-29,-11,-26,-9,-23,-9,-21,-8,-20,-6,-19,-5,-14,-6,-10,-7,-7,-6,-4,-6,-3,-6,-1,-3,1,-2,3,-3,7,-5,11,-5,11,-2,2,0,0,0,0,0,0,0,0,0,0,0,0,0,0,0,0,0,0,-1,3,-4,11,-6,9,-8,7,-9,6,-10,3,-9,3,-9,4,-9,3,-8,0,-4,0,2,0,6,-2,8,-3,11,-1,15,2,21,3,25,4,27,4,28,5,28,8,26,11,26,10,23,7,18,6,15,4,17,2"
17.558379888534546,339,"CSI,1548,128,83,49,21,0,9,10,14,11,19,10,22,10,21,11,20,12,17,11,13,11,14,12,14,13,11,12,10,9,8,5,6,1,3,-1,2,-4,1,-6,2,-7,3,-10,5,-12,6,-11,5,-12,4,-12,5,-9,6,-8,1,-2,0,0,0,0,0,0,0,0,0,0,0,0,0,0,0,0,0,0,-3,-2,-11,-7,-11,-8,-10,-7,-9,-5,-9,-2,-6,1,-2,3,-2,4,-2,5,-2,6,-3,9,-4,14,-6,20,-8,24,-11,28,-14,28,-15,24,-15,22,-17,23,-17,23,-15,19,-12,18,-9,17,-6,14,-1,13,1,11"
17.662923097610474,340,"CSI,1553,128,83,49,21,0,-15,1,-17,3,-18,5,-17,7,-16,8,-18,8,-21,9,-24,14,-21,11,-17,7,-15,6,-13,7,-12,4,-13,2,-11,3,-8,5,-8,6,-6,7,-5,7,-6,7,-6,6,-3,4,0,5,0,6,-1,4,-1,1,0,0,0,0,0,0,0,0,0,0,0,0,0,0,0,0,0,0,0,-3,-1,-12,-2,-11,-2,-12,-1,-12,-1,-11,0,-10,-1,-7,-4,-4,-6,-2,-6,-1,-8,0,-12,-1,-15,-3,-19,-6,-22,-8,-23,-11,-22,-14,-20,-18,-18,-19,-19,-17,-20,-17,-18,-16,-14,-13,-14,-12,-13,-10,-10,-5"
17.762892961502075,341,"CSI,1557,128,83,49,21,0,-3,17,2,14,6,13,9,12,13,12,14,11,17,10,23,13,26,14,23,16,21,16,17,15,14,16,12,18,11,17,8,12,6,8,7,7,6,5,5,0,6,-4,5,-5,6,-5,7,-7,9,-9,2,-3,0,0,0,0,0,0,0,0,0,0,0,0,0,0,0,0,0,0,-3,1,-11,3,-13,1,-15,1,-15,0,-14,-2,-13,-2,-11,-2,-10,-3,-9,-3,-5,-1,-1,3,1,6,1,8,-1,12,-2,19,-4,23,-7,24,-11,26,-16,26,-17,26,-16,26,-17,27,-17,27,-14,26,-11,24,-8,22"
17.866760969161987,342,"CSI,1561,128,83,49,21,0,-11,5,-9,7,-8,10,-8,12,-5,15,-2,18,-2,18,-2,16,-5,18,-7,23,-5,26,-4,24,-5,21,-6,17,-5,15,-3,13,-2,9,-2,5,2,1,4,-1,3,-1,3,-1,8,-3,11,-1,11,1,3,0,0,0,0,0,0,0,0,0,0,0,0,0,0,0,0,0,0,0,0,-4,3,-13,6,-14,8,-15,8,-13,7,-12,6,-9,6,-6,5,-5,2,-6,0,-6,-1,-4,-4,-3,-10,-4,-17,-5,-22,-9,-23,-10,-23,-10,-23,-12,-27,-14,-29,-16,-27,-17,-24,-15,-21,-13,-22,-12,-21,-11,-19,-10"
17.967466831207275,343,"CSI,1564,128,83,49,21,0,1,12,5,12,8,10,9,10,12,13,16,15,17,16,13,15,13,16,17,17,18,16,16,16,12,15,9,13,6,11,5,8,4,5,4,3,5,2,5,1,5,-2,5,-5,6,-7,6,-7,8,-4,2,-1,0,0,0,0,0,0,0,0,0,0,0,0,0,0,0,0,0,0,-3,0,-11,3,-11,3,-12,0,-13,-2,-13,-2,-12,-1,-10,0,-7,0,-5,0,-4,2,-3,3,-2,5,-3,10,-5,16,-6,21,-9,22,-10,22,-10,23,-12,23,-15,23,-17,24,-14,25,-12,24,-12,24,-12,24,-12,21"
18.072895050048828,344,"CSI,1568,128,83,49,21,0,-3,-15,-8,-12,-12,-11,-14,-12,-15,-12,-18,-11,-20,-11,-20,-10,-18,-11,-20,-13,-21,-16,-17,-18,-14,-18,-13,-16,-11,-13,-8,-10,-7,-7,-6,-4,-7,-3,-7,-1,-6,1,-6,2,-9,3,-9,3,-8,3,-2,0,0,0,0,0,0,0,0,0,0,0,0,0,0,0,0,0,0,0,1,-3,8,-10,10,-10,9,-9,8,-8,9,-6,10,-6,11,-6,8,-2,7,-1,5,-4,0,-7,-3,-9,-5,-12,-6,-16,-7,-21,-7,-26,-6,-29,-3,-28,2,-27,4,-27,5,-27,5,-28,5,-28,4,-28,2,-27,0,-24"
18.173398733139038,345,"CSI,1572,128,83,49,21,0,-1,-5,-4,0,-8,5,-12,11,-13,15,-14,15,-15,12,-16,11,-17,13,-16,16,-14,15,-13,17,-12,17,-9,15,-6,12,-4,8,-1,6,0,4,1,2,3,-1,3,-3,4,-6,4,-7,5,-8,5,-7,1,-2,0,0,0,0,0,0,0,0,0,0,0,0,0,0,0,0,0,0,-1,2,-1,10,-1,12,-3,12,-6,9,-9,6,-11,6,-11,5,-8,3,-6,1,-4,0,-3,-3,-2,-5,1,-9,4,-13,7,-17,10,-18,13,-17,15,-18,16,-21,18,-21,18,-20,17,-20,17,-19,16,-19,12,-18,9,-15"
18.27381682395935,346,"CSI,1577,128,83,49,21,0,8,-3,2,-4,-3,-5,-8,-5,-13,-5,-17,-6,-20,-10,-24,-15,-27,-13,-27,-11,-25,-11,-23,-11,-20,-11,-15,-9,-13,-7,-10,-5,-5,-2,0,-1,1,2,-1,5,-1,6,1,7,4,4,4,3,2,6,0,2,0,0,0,0,0,0,0,0,0,0,0,0,0,0,0,0,0,0,-2,1,-8,7,-9,6,-11,6,-12,6,-13,3,-13,1,-11,2,-8,2,-7,0,-7,-1,-2,0,3,0,6,0,9,-1,13,-2,18,0,21,1,23,0,24,2,25,4,26,4,26,5,26,2,26,0,26,0,25,1"
18.380334854125977,347,"CSI,1580,128,83,49,21,0,-12,-15,-14,-8,-17,-2,-15,3,-14,8,-17,10,-20,10,-24,11,-26,15,-24,15,-25,9,-27,8,-26,8,-24,6,-22,6,-18,7,-13,5,-9,3,-7,2,-6,4,-5,5,-3,6,-1,8,1,10,1,8,0,1,0,0,0,0,0,0,0,0,0,0,0,0,0,0,0,0,0,0,-1,-3,-4,-11,-3,-13,1,-15,3,-15,3,-17,5,-18,6,-16,6,-12,7,-10,5,-10,0,-9,-5,-8,-9,-7,-12,-9,-14,-12,-18,-12,-21,-15,-21,-19,-20,-20,-20,-21,-22,-23,-22,-27,-20,-28,-20,-26,-20,-26,-21,-28"
18.434732913970947,348,"CSI,1634,128,83,49,21,0,5,-19,6,-19,5,-20,2,-17,2,-14,5,-13,7,-8,3,-2,3,-3,4,-5,2,-5,1,-5,-1,-5,-5,-6,-6,-6,-5,-6,-4,-4,-1,-2,1,-3,0,-4,-1,-4,-1,-3,-2,-2,-4,0,-3,1,-1,0,0,0,0,0,0,0,0,0,0,0,0,0,0,0,0,0,0,0,1,2,5,9,3,7,1,5,-1,5,0,5,1,4,2,4,3,4,4,2,6,-1,9,-5,9,-7,11,-4,13,-1,15,1,16,3,15,2,14,-1,14,-1,12,1,10,1,7,-1,5,-3,5,-8,5,-12,5,-12"
18.480958938598633,349,"CSI,1585,128,83,49,21,0,0,-11,-2,-10,-6,-10,-10,-9,-12,-7,-14,-8,-16,-4,-19,2,-20,0,-20,-5,-20,-7,-20,-7,-19,-7,-18,-6,-16,-6,-16,-4,-12,-1,-8,1,-7,1,-7,0,-5,-1,-5,1,-5,5,-6,7,-7,8,-2,2,0,0,0,0,0,0,0,0,0,0,0,0,0,0,0,0,0,0,1,-2,7,-4,10,-1,12,0,12,-1,11,-1,11,-1,9,-3,10,-3,8,-2,4,-2,2,-5,3,-11,2,-15,-1,-16,-3,-18,-3,-22,-3,-23,-1,-24,2,-26,4,-26,6,-25,8,-23,8,-20,6,-21,5,-22,8,-17"
18.53516983985901,350,"CSI,2620,128,75,-79,20,0,4,-11,-1,-12,-4,-12,-7,-15,-9,-18,-11,-18,-11,-17,-8,-16,-10,-16,-13,-15,-11,-16,-9,-19,-9,-17,-7,-12,-3,-10,-3,-7,-4,-5,-4,-4,-2,-2,-2,0,-3,1,-5,1,-5,2,-6,3,-6,2,-2,0,0,0,0,0,0,0,0,0,0,0,0,0,0,0,0,0,0,0,3,0,13,3,11,3,10,3,10,5,8,5,7,5,7,5,6,2,4,-1,3,-4,3,-9,4,-10,5,-10,8,-13,13,-17,15,-19,16,-18,17,-18,21,-20,24,-19,23,-17,21,-16,19,-15,16,-14,14,-15,13,-14"
18.565719842910767,351,"CSI,2621,128,75,-79,20,0,11,-2,9,-5,10,-10,11,-11,9,-11,9,-16,11,-16,9,-10,10,-10,13,-14,13,-17,11,-16,10,-11,10,-6,9,-6,6,-8,3,-8,1,-6,0,-5,1,-5,1,-5,-2,-5,-4,-5,-6,-5,-8,-3,-3,-1,0,0,0,0,0,0,0,0,0,0,0,0,0,0,0,0,0,0,0,2,3,10,1,11,0,11,-1,10,0,10,0,10,0,7,2,7,3,7,5,6,7,6,9,6,11,4,14,4,19,7,23,10,26,12,26,13,25,13,24,15,20,15,20,13,21,11,20,9,21,7,23,8"
18.596084117889404,352,"CSI,1588,128,83,49,21,0,-9,8,-8,9,-7,13,-6,16,-5,18,-5,20,-4,21,-1,20,-3,19,-5,18,-4,17,-4,17,-6,17,-7,15,-6,11,-4,9,-2,7,-1,4,-2,2,-1,2,2,2,6,0,8,-1,8,-1,5,2,1,0,0,0,0,0,0,0,0,0,0,0,0,0,0,0,0,0,0,0,-2,-3,-8,-9,-6,-8,-5,-8,-5,-9,-4,-10,-4,-8,-5,-7,-5,-7,-5,-6,-6,-2,-7,2,-9,1,-13,1,-17,0,-21,-1,-26,0,-29,0,-29,-2,-28,-2,-27,-3,-28,-5,-27,-5,-25,-6,-24,-6,-23,-5,-22,-5"
18.64082384109497,353,"CSI,1642,128,83,49,21,0,-19,-8,-20,-9,-21,-9,-21,-10,-19,-11,-17,-11,-11,-12,-4,-13,-6,-11,-10,-9,-8,-3,-5,3,-3,4,-3,2,-2,4,-1,4,-1,3,0,5,-1,7,-2,7,-1,5,-1,5,-1,4,0,1,0,0,0,0,0,0,0,0,0,0,0,0,0,0,0,0,0,0,0,0,0,0,-1,2,0,8,2,8,1,8,0,7,0,6,0,4,0,3,0,2,2,0,5,-2,7,-5,8,-7,9,-8,10,-9,13,-11,18,-13,18,-13,16,-11,15,-8,13,-8,10,-8,6,-8,4,-8,3,-7,-3,-7,-11,-9"
18.68644094467163,354,"CSI,1592,128,83,49,21,0,-6,-9,-12,-9,-15,-8,-16,-8,-19,-10,-21,-10,-19,-14,-21,-21,-24,-19,-23,-15,-20,-13,-18,-14,-14,-13,-9,-11,-6,-10,-5,-10,-4,-8,-4,-4,-3,0,-2,3,-3,3,-3,4,-4,6,-6,7,-6,7,-2,1,0,0,0,0,0,0,0,0,0,0,0,0,0,0,0,0,0,0,2,-2,12,-4,12,-2,11,-1,9,-1,7,-3,6,-4,6,-4,7,-5,4,-5,2,-7,2,-10,3,-14,2,-18,0,-21,0,-23,2,-24,5,-23,7,-23,9,-24,10,-24,12,-22,14,-23,12,-22,10,-19,7,-18,5,-17"
18.773617029190063,355,"CSI,2622,128,75,-79,20,0,-7,-8,-11,-8,-15,-9,-15,-6,-17,-3,-20,-4,-21,-4,-19,0,-18,-4,-19,-9,-17,-9,-16,-9,-16,-8,-14,-5,-10,-5,-7,-6,-5,-3,-2,0,-2,1,-2,2,-3,3,-4,6,-5,7,-5,7,-6,7,-2,1,0,0,0,0,0,0,0,0,0,0,0,0,0,0,0,0,0,0,2,-1,8,-4,7,-5,8,-5,7,-4,4,-2,3,-3,4,-4,2,-6,-3,-9,-5,-10,-4,-12,-5,-18,-6,-20,-3,-18,0,-20,-1,-23,0,-23,2,-26,2,-27,3,-24,4,-24,5,-21,4,-16,3,-16,3,-14,5,-8"
18.80668807029724,356,"CSI,1596,128,83,49,21,0,-1,-10,-3,-11,-6,-15,-7,-18,-6,-21,-9,-20,-14,-19,-16,-21,-15,-21,-12,-17,-11,-15,-9,-14,-7,-15,-7,-16,-5,-15,-2,-11,-1,-7,-1,-4,-5,-1,-7,2,-6,2,-6,1,-7,1,-7,0,-7,0,-2,-1,0,0,0,0,0,0,0,0,0,0,0,0,0,0,0,0,0,0,2,1,7,5,6,6,5,8,4,8,4,6,4,2,1,0,-1,0,1,-2,4,-6,9,-8,13,-11,13,-15,13,-15,16,-12,17,-10,16,-13,18,-14,22,-13,24,-11,22,-8,19,-6,17,-6,15,-8,10,-7,3,-7"
18.892096042633057,357,"CSI,1600,128,83,49,21,0,-9,-13,-13,-10,-17,-6,-18,-4,-19,-2,-23,-2,-27,-1,-27,1,-23,0,-23,-4,-23,-6,-20,-6,-17,-6,-14,-6,-12,-5,-11,-4,-8,-1,-6,3,-5,4,-5,5,-5,7,-5,9,-5,9,-5,9,-6,7,-2,1,0,0,0,0,0,0,0,0,0,0,0,0,0,0,0,0,0,0,0,-4,3,-13,6,-11,8,-10,7,-7,10,-4,11,-4,6,-6,2,-5,2,-5,0,-6,-3,-8,-6,-11,-9,-15,-12,-20,-11,-22,-12,-24,-13,-27,-11,-29,-9,-29,-10,-28,-8,-28,-4,-27,-4,-25,-4,-24,-5,-23,-8,-22"
18.99515700340271,358,"CSI,1604,128,83,49,21,0,-10,-13,-10,-13,-11,-11,-11,-7,-11,-5,-15,-5,-16,-3,-14,-3,-17,-5,-23,-8,-23,-9,-20,-12,-17,-13,-15,-11,-13,-11,-13,-11,-11,-8,-6,-7,-3,-5,-4,-3,-6,-4,-6,-2,-7,2,-8,5,-9,5,-3,1,0,0,0,0,0,0,0,0,0,0,0,0,0,0,0,0,0,0,0,-2,0,-8,1,-9,2,-10,4,-9,5,-9,4,-8,2,-6,2,-6,1,-5,-2,-6,-5,-6,-7,-6,-7,-8,-8,-10,-11,-12,-13,-15,-11,-17,-9,-20,-8,-24,-9,-23,-9,-20,-7,-20,-7,-19,-8,-21,-7,-20,-8,-18"
19.094581127166748,359,"CSI,1609,128,83,49,21,0,7,-3,9,-6,10,-10,11,-12,11,-12,12,-15,14,-20,16,-22,15,-20,13,-17,12,-15,11,-13,8,-13,6,-12,5,-10,3,-8,-1,-8,-3,-9,-3,-10,-5,-10,-7,-9,-5,-7,-4,-7,-4,-6,-4,-5,-1,-1,0,0,0,0,0,0,0,0,0,0,0,0,0,0,0,0,0,0,-1,2,-4,12,-3,13,-3,15,-6,16,-8,13,-7,9,-6,7,-5,4,-3,1,2,1,8,1,13,0,16,1,18,4,19,7,19,9,19,13,20,16,22,17,20,17,17,18,16,20,16,19,17,17,17,12,14,6"
19.197914838790894,360,"CSI,1613,128,83,49,21,0,-2,-4,-5,-4,-9,-8,-14,-10,-19,-10,-20,-10,-17,-10,-18,-10,-18,-10,-15,-11,-12,-12,-10,-13,-10,-11,-7,-9,-2,-7,1,-3,0,3,-1,5,0,5,-1,5,-2,6,-1,8,0,10,0,11,0,10,-1,2,0,0,0,0,0,0,0,0,0,0,0,0,0,0,0,0,0,0,-1,2,-1,10,-2,9,-3,7,-3,7,-2,8,-1,7,-1,5,0,3,3,1,7,-1,9,-2,11,-4,13,-6,16,-7,19,-8,19,-8,18,-7,20,-5,22,-5,23,-6,22,-7,19,-8,15,-8,12,-6,11,-3,11,-3"
19.228452920913696,361,"CSI,2625,128,77,-47,20,0,-6,0,-10,5,-12,6,-12,5,-14,5,-17,4,-22,6,-26,10,-23,9,-19,5,-17,4,-14,4,-12,1,-10,-3,-9,-3,-5,-1,-2,-1,0,-1,3,0,4,2,4,2,6,2,6,3,5,4,4,6,1,1,0,0,0,0,0,0,0,0,0,0,0,0,0,0,0,0,0,0,1,1,6,6,7,7,6,7,4,6,4,6,3,5,2,2,2,0,1,-2,1,-6,4,-9,4,-11,4,-11,7,-11,7,-13,7,-14,8,-16,9,-19,9,-17,7,-15,8,-15,10,-17,9,-15,6,-12,3,-11,2,-10"
19.258939027786255,362,"CSI,784,128,77,-47,20,0,-8,-18,-9,-20,-8,-21,-6,-20,-4,-18,-3,-19,-1,-16,0,-10,-3,-10,-4,-12,-1,-9,-1,-4,-3,0,-2,4,-1,7,-4,8,-6,10,-6,8,-5,5,-5,7,-4,8,-1,7,0,6,-2,6,-2,5,-1,1,0,0,0,0,0,0,0,0,0,0,0,0,0,0,0,0,0,0,-3,-1,-11,0,-10,2,-11,0,-10,-2,-10,-1,-11,1,-9,0,-6,1,-4,2,0,2,4,2,5,1,5,2,7,6,9,9,10,8,11,8,12,7,13,7,11,8,9,7,9,5,10,4,10,1,6,-5,1,-10"
19.289597034454346,363,"CSI,2626,128,77,-47,20,0,-4,0,-4,6,-4,10,-5,13,-7,15,-7,15,-6,15,-4,10,-7,8,-12,9,-11,9,-11,7,-12,7,-10,7,-5,5,-2,3,-1,2,0,2,2,2,3,2,3,1,4,-1,6,-1,8,-1,9,-2,2,-1,0,0,0,0,0,0,0,0,0,0,0,0,0,0,0,0,0,0,1,-1,6,-3,7,-3,8,-2,7,-1,6,-1,6,-1,6,-2,5,-4,2,-4,-1,-2,-5,-2,-7,-7,-7,-13,-7,-14,-8,-14,-9,-15,-8,-17,-7,-19,-8,-20,-7,-19,-6,-16,-6,-15,-6,-14,-5,-13,-4,-11,-6,-9"
19.320415019989014,364,"CSI,1617,128,83,49,21,0,-4,4,-5,7,-8,10,-10,13,-9,15,-10,14,-12,18,-10,23,-10,18,-10,11,-8,5,-9,3,-10,2,-10,2,-8,-1,-3,-2,1,-3,2,-3,5,0,7,1,5,1,3,1,4,-1,4,-3,4,-3,1,-1,0,0,0,0,0,0,0,0,0,0,0,0,0,0,0,0,0,0,3,1,11,3,10,2,8,1,6,0,4,-1,3,-3,2,-3,1,-5,1,-8,0,-9,-1,-10,-4,-13,-6,-16,-7,-17,-6,-20,-5,-20,-3,-19,-2,-19,-2,-21,0,-23,0,-21,1,-17,0,-14,-3,-14,-4,-11,-5,-7"
19.502805709838867,365,"CSI,1624,128,83,49,21,0,-5,2,-6,1,-9,0,-10,-2,-13,-3,-15,-3,-20,-3,-24,-3,-20,-2,-16,-1,-14,-1,-12,-2,-14,-2,-14,-2,-11,-3,-8,-4,-4,-6,0,-7,1,-6,1,-5,2,-5,3,-6,3,-8,3,-8,1,-8,0,-3,0,0,0,0,0,0,0,0,0,0,0,0,0,0,0,0,0,0,2,-2,10,-6,7,-5,5,-5,6,-7,5,-4,3,-2,2,-2,4,-1,2,-2,0,-1,-3,2,-7,6,-8,9,-6,10,-3,12,-2,13,-3,13,-3,13,0,14,1,15,1,14,0,14,0,15,2,16,0,14,-2,12"
19.60419988632202,366,"CSI,1628,128,83,49,21,0,-9,-1,-6,-2,-2,-3,3,-3,6,-4,7,-7,11,-6,14,-3,15,-6,14,-13,11,-17,8,-17,8,-14,9,-12,9,-12,8,-12,7,-8,3,-5,0,-3,1,-1,2,1,3,2,5,3,4,5,3,8,0,2,0,0,0,0,0,0,0,0,0,0,0,0,0,0,0,0,0,0,0,1,3,4,4,4,3,5,3,6,4,6,4,6,3,6,1,6,1,6,2,7,-1,7,-6,4,-11,3,-13,3,-13,1,-13,0,-12,-2,-14,-4,-17,-5,-17,-4,-18,-2,-20,-2,-21,-2,-24,1,-24,3,-21,1"
19.706727981567383,367,"CSI,1632,128,83,49,21,0,3,-7,1,-3,0,1,-1,4,0,8,0,10,-1,11,1,14,3,15,2,16,2,14,1,13,0,14,-1,13,0,10,0,8,0,7,-2,5,-2,1,-1,-3,-2,-4,-2,-3,-2,-4,-2,-6,-2,-7,-1,-2,0,0,0,0,0,0,0,0,0,0,0,0,0,0,0,0,0,0,-1,1,-1,6,-1,6,-2,6,-4,5,-5,4,-5,3,-4,3,-2,2,0,0,-1,-2,-2,-4,0,-8,3,-9,5,-10,6,-11,7,-12,8,-14,7,-16,8,-18,8,-19,6,-20,6,-19,5,-16,2,-13,0,-15,1,-19"
19.80963897705078,368,"CSI,1636,128,83,49,21,0,-4,-4,0,-1,1,1,0,5,-1,9,-1,11,-1,10,-1,10,-1,13,-3,14,-4,13,-3,12,-1,11,-1,9,-2,7,-2,5,-2,1,-2,0,-1,-1,0,-1,0,-2,0,-5,-1,-6,-3,-8,-3,-10,-1,-3,0,0,0,0,0,0,0,0,0,0,0,0,0,0,0,0,0,0,1,1,4,6,2,7,1,8,1,7,0,5,1,3,1,4,1,3,2,1,2,-1,0,-2,-2,-4,-4,-8,-2,-12,-1,-14,-3,-16,0,-19,3,-20,2,-19,1,-19,0,-20,-1,-19,0,-17,-1,-18,-4,-21,-7,-17"
19.911780834197998,369,"CSI,1640,128,83,49,21,0,2,6,0,2,-1,-2,0,-4,0,-5,-4,-8,-8,-9,-11,-6,-13,-5,-12,-9,-11,-12,-11,-12,-10,-12,-9,-11,-8,-9,-8,-8,-6,-7,-3,-6,-2,-4,-2,-3,-3,-1,0,-1,4,1,5,3,6,3,1,0,0,0,0,0,0,0,0,0,0,0,0,0,0,0,0,0,0,0,-1,-3,-4,-9,-4,-9,-6,-9,-6,-9,-4,-8,-3,-6,-1,-5,0,-5,0,-1,0,1,2,2,2,4,4,5,6,6,5,10,4,14,5,16,6,15,7,17,7,18,7,18,6,18,7,16,8,16,11,17,13,17"
20.014752864837646,370,"CSI,1644,128,83,49,21,0,0,-6,-3,-6,-4,-8,-3,-9,-3,-9,-4,-11,-7,-13,-12,-12,-12,-12,-9,-12,-7,-12,-5,-11,-5,-11,-6,-9,-6,-6,-4,-4,-2,-2,-2,2,-2,2,-1,2,-1,4,-1,6,-1,5,-2,5,-3,6,-1,1,0,0,0,0,0,0,0,0,0,0,0,0,0,0,0,0,0,0,-1,3,-3,13,-2,9,-4,6,-6,5,-4,4,-2,2,0,1,0,0,1,0,3,-3,5,-6,11,-7,13,-6,12,-5,15,-4,17,-4,16,0,17,2,19,2,20,2,19,3,18,2,16,0,15,-3,14,-5,13,-4"
20.119282960891724,371,"CSI,1648,128,83,49,21,0,2,7,3,5,6,4,11,4,14,3,16,4,17,6,21,5,21,2,19,1,18,3,16,4,14,3,11,2,7,2,5,1,4,3,3,3,0,1,-2,1,-2,0,-3,-1,-5,0,-7,0,-7,-2,-2,-1,0,0,0,0,0,0,0,0,0,0,0,0,0,0,0,0,0,0,2,0,9,3,10,3,10,2,9,3,6,3,2,2,-1,2,-4,1,-5,0,-4,-1,-8,0,-14,0,-17,-3,-18,-7,-18,-10,-17,-14,-19,-15,-21,-12,-19,-10,-17,-10,-17,-11,-16,-10,-14,-8,-12,-6,-10,-1,-8,-1"
20.148926973342896,372,"CSI,2627,128,77,-47,20,0,-7,-3,-6,-2,-7,0,-11,4,-13,7,-14,8,-15,10,-11,10,-11,8,-15,6,-15,5,-15,4,-15,4,-13,3,-11,2,-9,3,-5,1,-2,-2,-1,-2,2,-2,5,-1,6,-1,6,-2,5,-2,6,-2,1,-1,0,0,0,0,0,0,0,0,0,0,0,0,0,0,0,0,0,0,-1,1,-1,8,-1,9,-3,9,-6,7,-6,6,-4,5,-2,4,-1,1,0,-2,0,-5,2,-7,6,-10,9,-12,9,-14,11,-14,16,-13,20,-10,20,-11,16,-15,15,-15,15,-13,15,-11,13,-10,9,-10,6,-10,6,-8"
20.22187089920044,373,"CSI,1652,128,83,49,21,0,-11,4,-10,8,-11,11,-11,11,-10,11,-10,13,-9,12,-5,9,-5,9,-13,10,-15,11,-12,9,-13,9,-13,8,-9,5,-4,5,0,6,0,5,1,4,2,3,3,3,5,4,6,5,5,7,6,8,1,2,0,0,0,0,0,0,0,0,0,0,0,0,0,0,0,0,0,0,-1,-3,-2,-12,0,-13,0,-14,-2,-12,0,-9,3,-6,1,-6,-3,-5,-5,-1,-6,-1,-9,-2,-11,-2,-13,-2,-17,-3,-21,-4,-24,-7,-23,-11,-22,-14,-21,-13,-17,-12,-14,-11,-13,-11,-13,-10,-13,-8,-14,-8,-16,-7"
20.322242975234985,374,"CSI,1656,128,83,49,21,0,2,-13,0,-8,-2,-4,-6,-3,-13,-3,-18,-2,-21,-2,-24,-3,-27,0,-27,2,-24,0,-23,-1,-21,-1,-18,-4,-15,-6,-13,-4,-10,1,-5,3,-2,3,-2,4,-2,5,0,5,2,6,3,7,3,8,0,2,0,0,0,0,0,0,0,0,0,0,0,0,0,0,0,0,0,0,0,1,2,7,4,8,4,9,4,9,5,11,3,11,-1,9,-2,9,-1,9,0,8,-1,5,0,0,5,-5,8,-8,7,-10,9,-15,13,-18,15,-17,15,-16,17,-18,18,-18,17,-17,17,-18,18,-19,18,-17,16,-16"
20.42464590072632,375,"CSI,1661,128,83,49,21,0,2,-10,0,-7,-2,-5,-7,-5,-14,-2,-19,2,-23,4,-27,5,-25,6,-21,4,-19,1,-18,0,-17,-1,-17,-4,-18,-4,-16,-4,-10,-4,-6,-3,-3,-1,-2,1,0,2,2,3,4,5,4,6,4,8,0,2,0,0,0,0,0,0,0,0,0,0,0,0,0,0,0,0,0,0,2,1,10,4,11,5,11,6,12,6,11,7,9,8,7,9,8,9,8,9,7,6,7,2,6,-2,4,-5,5,-10,8,-15,10,-18,10,-20,11,-20,12,-20,13,-21,12,-24,13,-23,12,-21,12,-21,13,-21,13,-19"
20.525105953216553,376,"CSI,1665,128,83,49,21,0,5,8,9,5,9,2,10,0,13,-2,18,-3,22,-2,24,3,24,1,24,-4,22,-3,20,-1,18,0,17,1,14,2,9,2,7,0,6,-3,5,-4,4,-3,3,-3,3,-5,2,-5,1,-5,1,-6,0,-2,0,0,0,0,0,0,0,0,0,0,0,0,0,0,0,0,0,0,-3,1,-11,4,-11,4,-11,3,-11,1,-8,0,-8,1,-11,2,-10,1,-9,0,-7,0,-4,1,-1,3,2,7,3,11,5,14,6,18,5,20,4,19,4,21,0,25,-3,26,-3,25,-3,24,-2,26,1,27,3,25"
20.629600763320923,377,"CSI,1669,128,83,49,21,0,5,-6,1,-3,-4,-1,-8,-1,-10,1,-11,3,-13,1,-18,-3,-22,0,-22,5,-21,7,-19,6,-16,3,-12,1,-9,1,-8,1,-7,1,-5,1,-3,0,-1,2,2,3,2,1,2,-2,4,-2,7,-3,2,-2,0,0,0,0,0,0,0,0,0,0,0,0,0,0,0,0,0,0,-2,2,-4,10,-3,12,-4,12,-6,10,-5,9,-5,10,-5,11,-4,10,-1,6,0,1,0,-2,2,-3,5,-6,7,-8,11,-9,17,-9,21,-10,23,-13,25,-13,26,-9,25,-10,23,-13,22,-13,22,-12,21,-9,17,-4"
20.732969045639038,378,"CSI,1673,128,83,49,21,0,-1,3,-3,-2,-2,-4,-2,-7,-3,-11,-6,-16,-6,-18,-2,-16,-2,-18,-5,-22,-6,-21,-4,-19,-3,-19,-4,-18,-4,-14,-3,-11,-4,-8,-4,-5,-4,-3,-4,1,-2,5,0,5,2,3,4,2,3,4,0,1,0,0,0,0,0,0,0,0,0,0,0,0,0,0,0,0,0,0,-1,-3,0,-10,2,-13,1,-14,1,-13,2,-13,3,-12,1,-9,-1,-7,-2,-6,0,-3,1,0,1,2,1,8,3,14,3,15,-1,17,-2,19,0,20,1,26,-1,30,-2,29,-1,28,0,25,1,23,-1,23,0,24"
20.834102869033813,379,"CSI,1676,128,83,49,21,0,-4,2,-5,6,-5,6,-3,8,-5,12,-6,15,-5,19,-7,23,-5,21,-3,20,-4,20,-2,17,0,15,-1,13,-3,10,-2,8,-2,5,-3,1,-4,-1,-3,-2,-1,-3,1,-3,1,-5,-1,-7,-1,-6,0,-2,0,0,0,0,0,0,0,0,0,0,0,0,0,0,0,0,0,0,0,2,1,11,-2,10,-3,9,-1,10,0,10,-1,8,-1,7,-1,5,-2,4,-4,1,-4,-4,-2,-9,0,-12,2,-15,2,-18,2,-19,3,-19,5,-22,7,-23,6,-22,6,-22,5,-22,0,-21,-1,-20,0,-16,0,-11"
20.938730716705322,380,"CSI,1680,128,83,49,21,0,5,11,6,5,5,-1,8,-4,12,-6,11,-10,12,-11,17,-9,18,-11,17,-13,18,-12,16,-11,14,-10,14,-7,12,-7,9,-6,5,-5,2,-3,-1,-2,-4,-3,-4,-3,-4,-2,-6,-1,-7,0,-5,3,-1,1,0,0,0,0,0,0,0,0,0,0,0,0,0,0,0,0,0,0,-2,-2,-5,-7,-4,-10,-3,-10,-2,-8,0,-8,0,-8,-1,-6,-2,-4,-3,-3,-1,-1,0,3,-2,6,-5,9,-6,14,-10,17,-14,19,-15,20,-15,18,-15,19,-14,20,-12,19,-12,20,-12,21,-9,21,-10,21,-15,19"
21.040647983551025,381,"CSI,1684,128,83,49,21,0,-6,-7,-7,-1,-4,4,-2,9,-2,14,-3,17,-5,17,-7,15,-9,16,-9,19,-9,20,-7,22,-5,19,-5,13,-6,10,-4,7,-2,5,-1,3,1,0,4,-2,5,-3,5,-3,4,-3,4,-3,6,-3,1,-1,0,0,0,0,0,0,0,0,0,0,0,0,0,0,0,0,0,0,2,-2,11,-3,12,0,13,2,13,2,10,2,8,2,8,1,7,0,5,-2,2,-3,-2,-4,-4,-6,-6,-10,-9,-13,-11,-15,-12,-18,-12,-19,-11,-23,-11,-24,-12,-25,-14,-26,-15,-26,-16,-25,-14,-25,-11,-23,-8,-20"
21.141847848892212,382,"CSI,1688,128,83,49,21,0,-8,1,-2,2,4,4,9,3,13,0,17,-1,16,-3,13,-6,16,-4,21,-1,24,2,23,3,19,0,16,0,15,2,11,4,6,5,2,2,-1,-1,-4,-1,-6,0,-7,-1,-7,-2,-7,-2,-6,-1,-2,-1,0,0,0,0,0,0,0,0,0,0,0,0,0,0,0,0,0,0,0,-3,3,-10,5,-10,5,-11,4,-10,5,-10,5,-8,6,-6,5,-5,2,-2,1,0,-1,0,-4,3,-9,8,-12,10,-14,10,-17,12,-20,13,-22,12,-23,10,-25,11,-26,13,-25,13,-26,13,-28,13,-26,15,-24,19"
21.24598789215088,383,"CSI,1692,128,83,49,21,0,-13,0,-12,2,-13,6,-11,10,-10,11,-10,10,-13,11,-19,15,-17,15,-12,12,-11,11,-11,11,-9,9,-7,6,-6,6,-8,5,-8,4,-4,5,0,4,3,3,2,4,2,5,2,4,1,3,0,4,-1,1,0,0,0,0,0,0,0,0,0,0,0,0,0,0,0,0,0,0,-2,-3,-4,-10,-3,-12,-3,-12,-3,-12,-2,-9,-2,-8,-2,-8,-4,-5,-5,-2,-5,-1,-5,0,-6,3,-10,7,-14,6,-17,1,-21,-2,-24,-4,-24,-5,-23,-6,-23,-8,-25,-9,-24,-10,-22,-11,-22,-12,-20,-9,-16,-4"
21.34801697731018,384,"CSI,1697,128,83,49,21,0,7,7,9,5,10,1,10,-1,10,-3,12,-6,17,-8,19,-8,17,-10,15,-12,10,-10,8,-10,11,-9,11,-7,6,-6,4,-5,5,-4,3,-3,0,-1,-3,-1,-4,-3,-4,-4,-4,-2,-4,-2,-2,-2,0,-1,0,0,0,0,0,0,0,0,0,0,0,0,0,0,0,0,0,0,-3,0,-9,1,-10,2,-12,1,-11,-1,-8,-3,-6,-4,-5,-4,-6,-2,-6,-1,-5,1,-1,2,2,5,1,8,0,10,4,15,7,21,6,24,3,25,2,24,3,24,4,25,2,26,-1,23,-2,21,-1,19,1,15"
21.376126050949097,385,"CSI,2629,128,75,-79,20,0,-6,8,1,9,5,9,6,10,6,12,9,11,10,7,10,3,11,6,11,9,9,9,7,6,8,6,6,7,3,6,5,5,5,3,3,2,3,-1,3,-3,2,-3,1,-3,2,-5,2,-6,-1,-5,-1,-1,0,0,0,0,0,0,0,0,0,0,0,0,0,0,0,0,0,0,-1,-3,-6,-8,-6,-8,-5,-9,-5,-10,-5,-8,-5,-8,-4,-7,-3,-5,-3,-3,-3,-1,-3,1,-5,5,-7,8,-8,8,-9,9,-12,12,-15,12,-16,11,-18,12,-20,14,-21,12,-22,10,-21,11,-20,10,-19,8,-19,4"
21.44794774055481,386,"CSI,1700,128,83,49,21,0,1,-6,-4,-4,-7,-1,-12,4,-16,5,-17,1,-19,-1,-22,-2,-23,1,-21,2,-19,2,-16,2,-14,3,-15,2,-14,1,-10,1,-7,0,-6,1,-3,3,1,2,3,1,3,1,5,2,6,2,6,3,1,0,0,0,0,0,0,0,0,0,0,0,0,0,0,0,0,0,0,0,1,1,4,8,4,9,3,10,4,10,3,9,2,8,0,7,-1,5,1,4,2,2,1,-2,0,-8,0,-12,4,-15,9,-16,11,-18,11,-20,14,-20,18,-21,19,-22,18,-21,15,-18,13,-17,14,-18,14,-18,10,-18"
21.549205780029297,387,"CSI,1704,128,83,49,21,0,-5,-4,-6,0,-9,2,-13,2,-15,2,-19,2,-22,4,-23,5,-20,6,-17,6,-13,5,-11,5,-11,2,-11,0,-9,0,-5,1,-5,3,-2,5,0,4,1,4,2,5,3,5,2,5,2,5,1,5,0,1,0,0,0,0,0,0,0,0,0,0,0,0,0,0,0,0,0,0,2,0,9,2,9,3,8,5,8,6,8,6,8,6,7,4,5,3,2,1,1,-1,-1,-3,-1,-8,-1,-14,-1,-17,0,-20,2,-24,4,-23,5,-22,2,-24,1,-24,5,-22,7,-22,6,-22,8,-19,6,-16,3,-16"
21.605951070785522,388,"CSI,2630,128,75,-79,20,0,-8,2,-6,7,-2,12,1,15,0,18,0,19,0,16,-1,10,-1,10,-2,13,-4,13,-4,14,0,13,0,9,0,6,2,5,3,4,3,3,6,2,7,0,6,-2,6,-2,4,-2,3,-3,2,-4,0,-1,0,0,0,0,0,0,0,0,0,0,0,0,0,0,0,0,0,0,2,-1,9,-5,9,-7,10,-6,11,-5,9,-4,7,-3,7,-2,6,-2,3,-1,-1,0,-5,0,-7,-3,-9,-6,-11,-8,-16,-10,-19,-12,-20,-16,-19,-17,-17,-17,-17,-16,-18,-16,-19,-15,-17,-14,-16,-12,-13,-13,-8,-14"
21.653669834136963,389,"CSI,1708,128,83,49,21,0,-3,5,-2,7,-1,6,-1,10,-1,16,-1,16,-3,18,-5,24,-4,24,0,20,2,16,1,12,1,12,1,11,0,10,0,7,1,3,1,1,1,2,2,1,3,1,5,-1,6,-2,6,-2,7,-2,2,-1,0,0,0,0,0,0,0,0,0,0,0,0,0,0,0,0,0,0,2,-3,7,-8,6,-7,6,-7,6,-9,4,-9,5,-6,5,-4,3,-3,0,-2,-2,-1,-3,0,-6,0,-11,-2,-16,-3,-18,-5,-20,-8,-20,-11,-20,-15,-21,-17,-21,-16,-17,-15,-14,-13,-14,-12,-15,-11,-12,-9,-9,-6"
21.756035804748535,390,"CSI,1713,128,83,49,21,0,-9,2,-5,4,1,7,4,8,3,10,5,13,9,15,13,17,12,17,10,16,9,14,8,14,6,13,5,12,4,8,3,7,3,6,2,4,1,-1,2,-3,4,-4,5,-4,3,-4,1,-4,0,-5,0,-2,0,0,0,0,0,0,0,0,0,0,0,0,0,0,0,0,0,0,2,-3,9,-8,8,-7,7,-6,7,-7,6,-6,6,-4,5,-4,4,-4,2,-3,-1,-2,-4,-2,-7,-1,-12,-2,-17,-5,-22,-7,-24,-9,-23,-11,-21,-11,-22,-10,-23,-11,-23,-12,-21,-12,-19,-10,-19,-9,-18,-9,-16,-7"
21.857486963272095,391,"CSI,1717,128,83,49,21,0,6,9,8,4,8,1,8,-1,11,-3,14,-6,16,-9,16,-13,13,-13,11,-11,13,-9,15,-7,13,-5,11,-3,9,-3,7,-3,5,-4,3,-5,1,-6,0,-6,-2,-5,-3,-5,-5,-5,-6,-5,-4,-6,-1,-2,0,0,0,0,0,0,0,0,0,0,0,0,0,0,0,0,0,0,-3,0,-10,3,-8,3,-9,4,-10,2,-8,-1,-6,-1,-7,-1,-6,-2,-5,-1,-2,1,3,3,6,5,8,9,10,17,10,19,7,19,4,21,3,24,1,25,-1,22,1,21,2,20,3,19,3,20,3,18,1,15"
21.961002111434937,392,"CSI,1720,128,83,49,21,0,-2,-11,-5,-6,-9,-2,-13,0,-16,1,-16,1,-21,1,-27,-1,-25,-1,-21,1,-19,1,-18,-1,-17,-3,-15,-2,-14,-2,-12,-1,-8,0,-6,2,-4,4,-1,6,0,8,0,6,1,5,-1,6,-1,7,-1,1,0,0,0,0,0,0,0,0,0,0,0,0,0,0,0,0,0,0,2,-2,8,-4,7,-1,10,-1,12,-2,11,-1,8,1,7,3,7,2,4,0,4,-2,3,-4,0,-6,-3,-11,-5,-16,-5,-19,-2,-20,0,-21,2,-24,4,-27,5,-26,4,-25,4,-27,7,-26,9,-24,7,-25,1,-25"
22.062262773513794,393,"CSI,1725,128,83,49,21,0,-2,-1,-4,2,-6,1,-12,1,-16,4,-17,5,-15,6,-10,9,-11,9,-13,9,-15,8,-17,4,-12,3,-9,5,-8,5,-6,2,-3,0,1,-3,2,-5,3,-6,7,-7,7,-8,4,-7,5,-6,6,-6,1,-2,0,0,0,0,0,0,0,0,0,0,0,0,0,0,0,0,0,0,-3,-3,-8,-9,-7,-8,-8,-8,-8,-8,-7,-7,-6,-7,-4,-5,-3,-5,-2,-5,0,-2,4,-2,6,-2,10,2,14,6,15,6,18,6,22,8,24,8,24,10,22,11,20,9,19,6,18,6,16,6,15,4,14,3"
22.166215896606445,394,"CSI,1728,128,83,49,21,0,8,6,5,2,1,-2,-3,-6,-6,-10,-9,-14,-8,-17,-7,-20,-9,-22,-11,-24,-11,-23,-12,-21,-7,-19,-3,-17,-5,-14,-5,-10,-3,-7,-1,-3,0,1,-1,3,0,4,0,7,-2,8,-3,7,-3,6,-1,1,0,0,0,0,0,0,0,0,0,0,0,0,0,0,0,0,0,0,-3,-1,-12,-1,-11,0,-11,1,-12,0,-13,0,-11,-1,-9,-1,-7,0,-7,1,-6,1,-3,1,0,2,3,4,5,6,10,9,15,12,16,13,15,13,16,14,18,14,20,15,22,18,22,19,21,16,20,16,19,16"
22.269990921020508,395,"CSI,1733,128,83,49,21,0,-9,-10,-6,-7,-4,-4,-3,4,-2,11,-3,14,-4,14,-5,10,-9,11,-13,16,-14,17,-13,16,-12,13,-11,8,-12,5,-9,3,-4,1,-2,-1,-2,-4,0,-4,1,-2,3,-2,5,-1,7,0,7,0,1,0,0,0,0,0,0,0,0,0,0,0,0,0,0,0,0,0,0,0,1,-3,4,-9,5,-10,6,-11,6,-11,7,-9,6,-8,4,-6,3,-6,3,-7,3,-6,3,-5,1,-4,-2,-4,-7,-5,-10,-7,-11,-9,-13,-11,-14,-11,-16,-12,-17,-12,-16,-12,-16,-14,-19,-16,-22,-18,-23,-19,-23,-17"
22.371033906936646,396,"CSI,1737,128,83,49,21,0,3,-9,0,-7,-4,-8,-9,-8,-12,-7,-14,-7,-18,-7,-22,-6,-23,-6,-20,-7,-19,-7,-17,-8,-14,-11,-13,-10,-11,-7,-8,-5,-6,-2,-5,-1,-5,1,-4,2,-1,3,-2,4,-3,5,-1,7,0,8,0,2,0,0,0,0,0,0,0,0,0,0,0,0,0,0,0,0,0,0,2,1,9,5,8,7,6,9,6,9,6,9,5,7,3,4,4,3,5,2,5,-2,3,-6,3,-8,3,-10,6,-14,10,-15,11,-14,10,-13,14,-15,16,-15,14,-15,14,-17,15,-17,15,-15,13,-16,12,-16,13,-14"
22.47232484817505,397,"CSI,1740,128,83,49,21,0,-11,5,-8,7,-3,7,-2,9,-3,14,-1,15,-3,15,-9,20,-8,24,-6,21,-9,15,-9,12,-9,11,-10,10,-10,8,-8,5,-5,3,-2,2,-1,1,-1,2,0,4,2,4,2,4,1,4,2,6,0,1,0,0,0,0,0,0,0,0,0,0,0,0,0,0,0,0,0,0,-3,0,-10,1,-10,3,-9,4,-9,3,-8,0,-9,0,-9,0,-7,1,-7,3,-8,5,-5,6,-3,7,-3,9,-4,10,-7,12,-11,14,-13,14,-15,13,-19,14,-19,13,-18,12,-19,10,-20,9,-18,9,-17,11,-16,12"
22.577167987823486,398,"CSI,1744,128,83,49,21,0,-12,0,-14,4,-15,8,-15,10,-14,12,-13,12,-11,12,-9,13,-11,12,-13,12,-11,12,-10,11,-10,10,-10,9,-10,7,-8,4,-5,4,-2,5,0,5,1,4,4,2,6,2,7,2,6,3,4,4,1,1,0,0,0,0,0,0,0,0,0,0,0,0,0,0,0,0,0,0,1,-3,4,-11,5,-11,5,-9,4,-7,2,-5,2,-4,1,-5,0,-4,1,-3,-2,0,-8,1,-13,-1,-15,-7,-14,-10,-15,-12,-19,-15,-21,-18,-21,-18,-18,-18,-15,-19,-14,-18,-13,-16,-12,-14,-10,-13,-10,-10,-10,-3"
22.679406881332397,399,"CSI,1748,128,83,49,21,0,4,-5,-1,-5,-7,-7,-8,-10,-9,-11,-14,-11,-15,-11,-17,-15,-19,-15,-18,-11,-18,-11,-17,-12,-14,-12,-12,-12,-10,-11,-6,-9,-5,-5,-5,-1,-3,-1,-2,-1,-2,2,-2,6,-1,7,0,7,0,9,0,2,0,0,0,0,0,0,0,0,0,0,0,0,0,0,0,0,0,0,1,2,5,10,5,10,3,11,1,10,0,9,0,8,2,6,2,3,-1,2,-1,0,1,-3,2,-5,7,-8,11,-12,13,-14,14,-11,17,-10,18,-12,20,-13,22,-12,22,-10,22,-9,22,-9,19,-10,15,-10,13,-9"
22.782016038894653,400,"CSI,1753,128,83,49,21,0,-16,1,-12,3,-8,6,-6,7,-8,9,-7,12,-11,14,-16,16,-14,19,-9,19,-6,16,-7,16,-12,15,-13,12,-10,11,-7,10,-5,9,-3,8,-1,6,1,6,2,5,4,3,5,3,5,3,6,2,1,0,0,0,0,0,0,0,0,0,0,0,0,0,0,0,0,0,0,0,-1,-3,-4,-11,-3,-11,-2,-12,-1,-12,1,-11,1,-10,2,-9,1,-7,-1,-5,-1,-4,-1,-5,-3,-2,-8,0,-15,1,-20,1,-21,-2,-20,-6,-19,-9,-21,-11,-23,-12,-22,-13,-22,-13,-23,-12,-24,-11,-20,-9,-15,-5"
22.88196110725403,401,"CSI,1756,128,83,49,21,0,4,3,-1,2,-5,1,-12,1,-18,1,-21,0,-19,1,-17,3,-19,2,-21,2,-21,4,-21,4,-20,4,-16,7,-14,9,-12,7,-9,4,-6,2,-3,0,0,-5,2,-7,4,-5,5,-5,4,-8,3,-7,0,-2,0,0,0,0,0,0,0,0,0,0,0,0,0,0,0,0,0,0,-2,-2,-8,-8,-8,-8,-10,-9,-11,-9,-9,-9,-7,-9,-5,-10,-4,-9,-2,-6,0,-6,3,-6,5,-4,8,1,12,4,14,6,14,10,14,13,16,15,20,15,22,15,22,13,21,10,20,9,19,10,20,9,19,7"
22.98484206199646,402,"CSI,1761,128,83,49,21,0,5,6,7,4,11,6,14,9,15,11,17,12,20,12,23,9,19,7,16,8,14,10,13,8,11,7,9,5,4,1,0,-2,-1,-2,-1,-3,-1,-6,0,-9,0,-10,0,-8,0,-7,0,-7,0,-9,0,-3,0,0,0,0,0,0,0,0,0,0,0,0,0,0,0,0,0,0,0,-3,0,-11,-1,-12,-1,-13,0,-11,1,-8,2,-7,-1,-6,-3,-5,-3,-5,-4,-3,-6,1,-9,5,-14,10,-18,11,-20,12,-22,15,-24,12,-25,9,-25,10,-26,8,-25,5,-23,7,-21,9,-17,10,-13,9,-11,6"
23.08721089363098,403,"CSI,1764,128,83,49,21,0,-3,-2,-5,1,-8,3,-10,6,-12,8,-12,7,-15,7,-20,8,-20,11,-18,11,-18,9,-15,8,-11,8,-11,7,-9,4,-4,1,-1,0,0,-1,2,-3,4,-4,4,-4,4,-3,4,-3,3,-3,4,-4,1,-1,0,0,0,0,0,0,0,0,0,0,0,0,0,0,0,0,0,0,-1,3,-1,14,-2,12,-4,11,-4,9,-2,8,1,6,2,4,0,2,0,0,2,-3,6,-4,7,-6,10,-10,12,-14,12,-17,14,-19,14,-18,15,-18,16,-19,16,-18,14,-15,10,-12,7,-12,6,-13,7,-12,4,-9"
23.190186738967896,404,"CSI,1769,128,83,49,21,0,8,-5,2,-3,-1,-3,-5,-1,-11,2,-13,5,-13,8,-16,13,-16,15,-16,15,-15,16,-17,14,-19,11,-16,10,-13,9,-11,7,-9,4,-5,2,-3,2,-1,3,0,0,1,-5,1,-7,1,-7,2,-5,0,-2,0,0,0,0,0,0,0,0,0,0,0,0,0,0,0,0,0,0,-3,1,-9,4,-10,4,-12,3,-11,0,-9,-1,-8,-1,-7,-2,-6,-2,-4,-2,-2,-2,0,-3,3,-5,7,-4,11,-5,14,-6,17,-6,20,-4,21,-2,22,-2,24,-3,24,-3,25,-3,26,-4,25,-6,22,-7,21,-8"
23.289345741271973,405,"CSI,1773,128,83,49,21,0,-1,-3,-6,0,-9,0,-9,0,-9,3,-10,5,-7,7,-2,10,-3,9,-8,7,-10,6,-9,6,-8,6,-8,3,-7,1,-5,1,0,-1,3,-2,4,-1,4,0,4,2,4,1,6,-1,7,-1,5,0,1,0,0,0,0,0,0,0,0,0,0,0,0,0,0,0,0,0,0,0,2,0,8,4,8,5,8,7,7,7,5,6,3,5,1,3,0,1,-1,0,-1,-1,1,-5,1,-11,0,-14,0,-14,2,-15,5,-18,8,-19,8,-19,8,-18,7,-17,7,-17,5,-15,5,-12,6,-10,5,-12,2,-16"
23.49665379524231,406,"CSI,1781,128,83,49,21,0,-11,-8,-9,-7,-2,-5,4,-5,4,-6,5,-8,5,-7,1,-2,5,-2,13,-5,15,-8,13,-10,11,-9,9,-7,7,-6,6,-5,6,-5,4,-3,2,-1,1,0,2,-1,2,0,1,3,1,4,1,3,0,0,0,0,0,0,0,0,0,0,0,0,0,0,0,0,0,0,0,0,-1,3,2,13,5,11,3,9,1,8,0,6,-1,5,-1,6,-2,5,-4,1,-7,0,-9,2,-9,1,-10,0,-10,-2,-12,-5,-16,-8,-16,-9,-15,-10,-14,-11,-15,-13,-17,-11,-17,-9,-16,-8,-16,-10,-16,-11,-16,-11"
23.59584093093872,407,"CSI,1785,128,83,49,21,0,6,3,5,4,1,5,0,5,-1,6,-2,5,-3,7,-2,12,-2,10,-5,9,-6,11,-5,12,-4,11,-4,12,-5,13,-6,12,-4,9,-2,6,-1,5,-1,5,-2,1,-1,-1,-3,-1,-6,-2,-7,-3,-2,-1,0,0,0,0,0,0,0,0,0,0,0,0,0,0,0,0,0,0,0,-2,3,-8,3,-7,5,-4,7,-3,7,-2,7,0,5,1,3,2,4,3,6,4,7,4,6,6,7,8,7,9,7,9,8,9,8,11,8,14,7,16,9,15,12,12,12,11,10,9,9,8,9,8,9,7"
23.701349020004272,408,"CSI,1789,128,83,49,21,0,-11,6,-8,2,-7,-1,-6,-2,-5,-6,-6,-10,-4,-12,-2,-15,-6,-18,-12,-19,-12,-19,-7,-18,-8,-17,-10,-16,-9,-13,-7,-10,-6,-8,-4,-6,-1,-2,2,-1,3,-2,3,-2,3,-1,6,-1,7,-3,2,-1,0,0,0,0,0,0,0,0,0,0,0,0,0,0,0,0,0,0,1,1,5,5,2,6,2,5,4,6,6,8,4,8,0,7,-1,7,1,7,1,6,2,6,1,6,-2,7,-5,6,-8,6,-9,6,-9,6,-13,5,-16,6,-18,6,-20,5,-21,6,-19,7,-17,7,-17,8,-16,8"
24.008633852005005,409,"CSI,1801,128,83,49,21,0,4,0,8,1,11,1,12,0,15,-1,19,-3,19,-1,15,3,17,6,19,6,17,5,15,5,14,4,10,3,6,1,2,-1,-1,0,-2,-1,-3,-2,-5,-3,-8,-5,-8,-6,-8,-7,-9,-7,-8,-6,-2,-2,0,0,0,0,0,0,0,0,0,0,0,0,0,0,0,0,0,0,0,-2,0,-8,-1,-8,-1,-8,0,-9,1,-11,-1,-11,-3,-10,-3,-7,-3,-3,-4,-3,-5,-2,-7,3,-9,7,-10,8,-12,7,-14,9,-16,9,-19,8,-20,8,-18,8,-17,7,-16,5,-15,1,-14,2,-12,4,-11,6"
24.067843914031982,410,"CSI,1851,128,83,49,21,0,-4,-19,-1,-22,2,-26,3,-26,2,-23,1,-20,2,-14,4,-6,5,-6,3,-8,0,-7,-2,-5,-4,-4,-5,-4,-7,-3,-11,-3,-12,-2,-10,0,-9,0,-8,-1,-7,-2,-8,-2,-6,-1,-4,-3,-4,-5,-2,-2,0,0,0,0,0,0,0,0,0,0,0,0,0,0,0,0,0,0,0,1,2,6,1,7,-1,7,-1,7,-1,7,-1,6,0,5,3,3,4,1,4,0,7,-2,12,-4,14,-4,13,-6,14,-6,17,-4,18,-3,17,-1,17,0,17,2,15,4,12,0,8,-4,7,-4,7,-5,5,-9"
24.110076904296875,411,"CSI,1805,128,83,49,21,0,-5,-3,-8,-4,-10,-4,-13,-7,-17,-8,-20,-7,-17,-7,-11,-5,-11,-4,-16,-7,-16,-10,-14,-9,-12,-7,-8,-4,-6,-1,-5,1,-3,3,0,5,2,6,1,6,2,7,3,8,4,8,4,8,5,8,1,2,0,0,0,0,0,0,0,0,0,0,0,0,0,0,0,0,0,0,-2,2,-9,8,-10,7,-10,7,-7,7,-4,5,-5,3,-4,3,-1,2,2,1,6,2,10,1,11,-2,11,-2,13,-1,16,0,19,-1,22,-1,22,2,21,1,22,0,21,1,18,3,13,4,9,4,5,-2,2,-8"
24.16927695274353,412,"CSI,1855,128,83,49,21,0,9,14,9,16,6,15,6,14,9,14,10,13,7,15,5,18,6,15,8,9,8,3,7,0,7,-1,5,-3,4,-4,4,-5,6,-5,9,-4,9,-4,6,-6,4,-4,4,-2,4,-4,5,-5,5,-4,1,-1,0,0,0,0,0,0,0,0,0,0,0,0,0,0,0,0,0,0,-1,-3,-3,-9,-3,-9,-3,-8,-1,-8,0,-6,2,-5,2,-4,-1,-3,-3,-1,-3,2,-4,6,-7,7,-9,5,-11,6,-14,7,-14,6,-14,6,-15,6,-15,3,-12,1,-10,1,-9,1,-8,2,-6,4,-2,5,-1,7"
24.212437868118286,413,"CSI,1809,128,83,49,21,0,16,-3,17,-2,19,1,23,1,25,0,24,2,23,-1,24,-6,23,-3,18,0,13,0,11,0,10,-1,8,-3,7,-5,7,-8,6,-9,4,-10,4,-9,4,-8,2,-7,2,-7,2,-7,2,-7,1,-5,0,-1,0,0,0,0,0,0,0,0,0,0,0,0,0,0,0,0,0,0,-3,1,-11,3,-11,1,-11,0,-10,-1,-9,-2,-7,0,-6,2,-6,2,-6,2,-3,3,-3,5,-2,7,1,12,1,18,-2,21,-5,23,-4,26,-4,25,-6,21,-8,19,-6,21,-3,19,-3,14,-2,9,0,7,4,6"
24.31842279434204,414,"CSI,1813,128,83,49,21,0,2,-2,7,-5,12,-6,15,-8,18,-8,20,-10,19,-9,17,-5,19,-4,21,-5,19,-5,18,-5,18,-5,15,-3,11,-1,7,-1,2,-2,-3,-5,-3,-5,-2,-5,-2,-6,-4,-7,-6,-7,-8,-7,-8,-5,-2,-2,0,0,0,0,0,0,0,0,0,0,0,0,0,0,0,0,0,0,-2,-3,-8,-10,-8,-9,-10,-9,-11,-7,-8,-5,-5,-4,-4,-4,-5,-3,-5,-1,-5,0,-5,3,-2,7,-2,10,-4,15,-6,21,-6,24,-6,24,-7,22,-9,22,-10,22,-12,22,-13,23,-14,22,-13,20,-9,18,-5,16"
24.4175808429718,415,"CSI,1816,128,83,49,21,0,6,2,10,-3,13,-6,13,-9,12,-11,14,-12,16,-11,16,-7,16,-6,19,-7,21,-7,19,-5,17,-4,14,-3,12,-3,9,-4,4,-4,3,-7,1,-8,-2,-6,-2,-4,-3,-4,-3,-4,-5,-5,-8,-6,-3,-2,0,0,0,0,0,0,0,0,0,0,0,0,0,0,0,0,0,0,-3,1,-9,7,-8,7,-9,6,-9,5,-7,5,-4,6,-5,7,-8,6,-7,4,-4,3,-3,2,0,5,3,8,6,9,11,10,13,13,11,16,11,17,11,19,9,21,7,23,9,25,11,23,10,19,7,18,5,20"
24.523460865020752,416,"CSI,1820,128,83,49,21,0,-12,3,-13,6,-13,8,-11,12,-12,15,-13,17,-13,21,-12,25,-8,22,-7,17,-8,17,-12,16,-14,15,-12,12,-10,9,-9,9,-6,10,-3,9,-3,8,-2,7,-1,5,0,4,3,4,7,5,9,6,2,1,0,0,0,0,0,0,0,0,0,0,0,0,0,0,0,0,0,0,-1,-3,-2,-11,-2,-12,-1,-13,0,-13,0,-12,1,-12,2,-12,2,-12,3,-10,4,-8,4,-6,1,-4,-5,-3,-10,-1,-14,-1,-19,-3,-22,-5,-23,-8,-25,-11,-26,-13,-27,-16,-26,-17,-23,-16,-19,-15,-16,-14,-15,-11"
24.625393867492676,417,"CSI,1825,128,83,49,21,0,-13,2,-11,3,-12,6,-13,9,-11,9,-10,11,-10,12,-13,9,-16,11,-16,15,-14,12,-11,11,-11,13,-11,13,-9,10,-6,6,-5,4,-5,4,-4,5,-2,5,0,4,3,1,4,-1,5,0,4,2,1,0,0,0,0,0,0,0,0,0,0,0,0,0,0,0,0,0,0,0,1,-3,5,-10,7,-9,9,-8,8,-10,6,-11,5,-9,4,-10,3,-9,2,-6,1,-4,-1,-3,-5,-3,-8,-6,-11,-8,-14,-11,-19,-13,-20,-16,-19,-20,-20,-22,-19,-22,-15,-22,-11,-21,-10,-19,-12,-17,-12,-14,-8,-11"
24.726610898971558,418,"CSI,1829,128,83,49,21,0,13,3,13,-1,11,-6,10,-10,8,-12,9,-15,9,-17,6,-19,10,-20,16,-21,17,-23,18,-22,18,-19,14,-15,11,-12,7,-10,3,-9,2,-8,2,-8,0,-6,-3,-6,-6,-5,-8,-3,-7,-1,-6,0,-2,0,0,0,0,0,0,0,0,0,0,0,0,0,0,0,0,0,0,0,-2,2,-6,7,-7,6,-10,7,-12,10,-12,10,-12,7,-13,5,-11,4,-8,3,-6,3,-5,4,-4,5,0,6,6,8,9,10,11,12,14,13,16,16,16,18,15,19,14,21,14,21,16,20,17,24,16,25,11,24"
24.827619791030884,419,"CSI,1833,128,83,49,21,0,0,-1,-4,0,-7,-2,-11,-3,-17,-5,-22,-6,-21,-5,-20,0,-22,0,-24,-4,-24,-5,-21,-1,-19,3,-17,5,-12,5,-11,3,-10,2,-6,2,-3,1,-1,1,3,1,6,2,7,3,7,3,7,1,1,0,0,0,0,0,0,0,0,0,0,0,0,0,0,0,0,0,0,0,-2,-1,-9,-3,-10,-3,-12,-4,-12,-3,-11,-2,-10,-4,-9,-4,-7,-3,-4,-4,-3,-5,-1,-4,3,-3,6,-1,9,0,10,2,13,4,18,5,21,6,25,6,29,8,28,8,25,7,22,7,19,4,16,4,15,6"
24.931129932403564,420,"CSI,1837,128,83,49,21,0,2,-4,-1,-6,-4,-7,-10,-6,-15,-5,-19,-4,-20,-6,-16,-9,-18,-12,-22,-12,-21,-10,-20,-7,-19,-6,-17,-4,-16,-4,-14,-4,-7,-1,-2,1,-2,2,-2,4,0,6,0,8,2,8,2,7,1,6,0,1,0,0,0,0,0,0,0,0,0,0,0,0,0,0,0,0,0,0,-1,1,-2,7,-2,8,-3,11,-4,11,-4,10,-5,9,-8,11,-9,10,-8,7,-8,5,-8,4,-4,3,1,0,4,-2,8,-5,13,-9,15,-9,18,-8,23,-10,26,-10,27,-9,27,-8,28,-8,29,-5,26,-4,24,-5"
25.032466888427734,421,"CSI,1840,128,83,49,21,0,5,10,7,6,7,1,9,-3,11,-6,12,-8,15,-11,19,-15,19,-15,18,-13,18,-10,17,-6,16,-5,14,-6,12,-5,12,-3,10,-2,7,-4,6,-5,5,-2,2,-2,-1,-3,-2,-2,-1,-4,-2,-4,-1,-1,0,0,0,0,0,0,0,0,0,0,0,0,0,0,0,0,0,0,-2,1,-7,8,-8,8,-8,9,-8,10,-11,11,-13,9,-12,7,-9,5,-7,3,-5,2,-5,4,-2,5,1,6,4,9,7,11,11,13,12,16,11,19,10,23,11,27,11,26,9,23,7,25,9,27,10,26,10,24"
25.134686946868896,422,"CSI,1844,128,83,49,21,0,-7,6,-2,9,3,11,8,11,10,14,8,18,5,17,3,13,4,14,7,17,7,19,7,19,8,18,5,14,3,10,6,7,6,5,5,2,5,1,5,1,3,1,2,1,2,-1,2,-4,3,-4,0,-1,0,0,0,0,0,0,0,0,0,0,0,0,0,0,0,0,0,0,-1,-3,-2,-12,-3,-14,-2,-14,-1,-14,-1,-13,-2,-13,-3,-13,-3,-11,-2,-8,-3,-5,-4,-3,-5,-1,-7,0,-11,2,-17,6,-21,5,-22,3,-24,7,-27,7,-28,3,-27,1,-25,0,-22,-1,-22,0,-21,3,-18,5"
25.239578008651733,423,"CSI,1849,128,83,49,21,0,2,-10,-2,-8,-6,-6,-9,-7,-12,-8,-15,-9,-11,-10,-8,-10,-14,-12,-18,-14,-16,-15,-14,-13,-13,-12,-11,-12,-9,-10,-6,-5,-4,0,-3,0,-1,-2,-1,-2,-2,1,-2,4,-3,5,-4,6,-3,6,-1,1,0,0,0,0,0,0,0,0,0,0,0,0,0,0,0,0,0,0,1,1,6,7,5,8,4,8,5,7,5,8,4,8,5,7,4,7,2,5,4,1,6,-2,5,-5,5,-9,8,-11,12,-12,14,-14,14,-16,15,-16,16,-14,18,-13,18,-14,18,-14,19,-13,19,-12,19,-13,16,-13"
25.342914819717407,424,"CSI,1852,128,83,49,21,0,-14,-3,-13,1,-10,5,-9,8,-9,11,-11,12,-10,13,-6,15,-5,14,-8,14,-12,14,-13,11,-13,10,-14,10,-12,8,-7,5,-4,3,-5,2,-4,2,-2,2,1,2,2,2,4,3,5,4,3,5,0,1,0,0,0,0,0,0,0,0,0,0,0,0,0,0,0,0,0,0,-1,-4,-2,-14,-1,-14,-1,-15,-1,-13,0,-10,0,-10,-1,-10,-1,-8,1,-7,-1,-5,-6,-3,-9,-3,-11,-3,-14,-3,-17,-5,-19,-6,-21,-8,-24,-10,-26,-12,-27,-12,-26,-15,-24,-16,-22,-16,-21,-14,-22,-12,-23,-10"
25.44455885887146,425,"CSI,1856,128,83,49,21,0,-8,-17,-8,-11,-7,-5,-10,-3,-15,-3,-18,0,-20,-1,-22,-7,-25,-7,-28,-3,-26,-3,-24,-4,-23,-4,-18,-4,-15,-6,-12,-5,-10,-2,-9,0,-7,1,-5,3,-5,4,-4,5,-2,5,-1,4,0,4,0,1,0,0,0,0,0,0,0,0,0,0,0,0,0,0,0,0,0,0,2,-3,8,-9,7,-6,8,-7,11,-10,12,-10,9,-9,8,-8,9,-6,9,-6,8,-6,5,-7,0,-9,-4,-10,-5,-13,-7,-18,-8,-20,-6,-21,-5,-23,-5,-25,-5,-29,-6,-31,-5,-31,-4,-31,-6,-29,-5,-27,-2,-25"
25.547510862350464,426,"CSI,1861,128,83,49,21,0,0,-14,-6,-13,-10,-9,-11,-11,-14,-13,-19,-13,-24,-16,-27,-19,-26,-17,-24,-17,-21,-16,-18,-15,-15,-14,-10,-14,-8,-12,-8,-9,-7,-4,-8,-2,-9,-2,-8,-1,-6,1,-7,2,-9,4,-10,4,-9,4,-2,1,0,0,0,0,0,0,0,0,0,0,0,0,0,0,0,0,0,0,1,-2,7,-4,8,-3,8,-5,9,-6,9,-4,9,-4,8,-6,6,-4,3,-3,2,-5,0,-8,-2,-12,-1,-15,2,-18,3,-20,3,-21,3,-23,4,-24,7,-25,10,-23,11,-22,10,-22,9,-22,10,-23,10,-23,9,-20"
25.64795994758606,427,"CSI,1865,128,83,49,21,0,-4,1,0,2,3,6,7,9,9,12,9,14,11,18,14,24,15,23,14,19,12,18,9,18,6,17,3,14,-2,9,-4,6,-3,3,-3,-1,-3,-4,-1,-5,0,-7,1,-8,0,-7,0,-7,1,-8,0,-3,0,0,0,0,0,0,0,0,0,0,0,0,0,0,0,0,0,0,1,-1,6,-2,6,-2,6,-3,6,-2,5,-3,5,-2,6,-1,4,-2,1,-4,-1,-5,-5,-5,-9,-5,-11,-4,-12,-4,-13,-7,-16,-10,-19,-11,-20,-11,-21,-11,-20,-12,-22,-14,-22,-12,-19,-8,-18,-6,-19,-6,-18,-4"
25.751487970352173,428,"CSI,1868,128,83,49,21,0,1,-9,-4,-9,-8,-11,-12,-13,-15,-15,-17,-17,-16,-22,-10,-27,-11,-27,-15,-24,-14,-20,-12,-17,-12,-16,-11,-14,-10,-12,-11,-9,-10,-5,-10,-2,-10,1,-10,3,-10,4,-9,6,-10,7,-9,7,-8,8,-2,2,0,0,0,0,0,0,0,0,0,0,0,0,0,0,0,0,0,0,0,1,4,7,7,9,8,9,8,8,4,6,3,6,4,8,4,6,4,2,3,2,3,1,2,-4,4,-8,9,-8,13,-10,16,-13,18,-16,21,-16,24,-14,26,-14,26,-12,26,-9,24,-6,21,-6,18,-9,18,-9"
25.817580938339233,429,"CSI,2632,128,75,-79,20,0,7,5,10,4,11,1,13,0,20,0,26,0,29,1,33,3,31,1,27,-1,24,2,20,5,19,6,17,5,12,3,6,0,5,-1,6,-2,5,-6,5,-8,5,-7,3,-9,1,-13,1,-14,2,-12,0,-3,0,0,0,0,0,0,0,0,0,0,0,0,0,0,0,0,0,0,-2,1,-7,6,-10,5,-12,4,-14,4,-13,4,-12,3,-11,2,-9,2,-9,2,-8,3,-4,5,-2,8,0,11,0,14,2,18,3,22,3,23,2,23,0,27,0,29,-1,29,-3,31,-5,29,-5,25,-3,22,-1,20"
25.85100793838501,430,"CSI,2633,128,75,-79,20,0,-13,7,-10,8,-5,12,-1,18,-1,22,-2,23,-7,24,-12,27,-12,29,-9,28,-8,25,-6,23,-4,21,-4,16,-4,10,-2,7,0,7,1,6,4,3,7,2,9,1,9,0,10,0,10,0,9,-1,2,-1,0,0,0,0,0,0,0,0,0,0,0,0,0,0,0,0,0,0,-1,-3,-2,-13,-2,-13,0,-12,-1,-12,0,-13,1,-14,0,-14,0,-12,1,-9,-1,-6,-4,-4,-7,-5,-11,-3,-15,-1,-20,-2,-24,-5,-24,-6,-23,-5,-26,-7,-28,-11,-26,-11,-25,-11,-25,-12,-24,-11,-22,-9,-19,-9"
25.884387969970703,431,"CSI,1872,128,83,49,21,0,-13,-8,-12,-6,-14,-3,-16,-1,-19,0,-21,1,-23,-1,-23,-5,-22,-6,-24,-4,-22,-5,-16,-5,-14,-4,-12,-4,-12,-3,-11,-2,-10,-1,-10,0,-8,4,-7,7,-7,7,-4,7,-3,8,-5,8,-7,7,-2,1,0,0,0,0,0,0,0,0,0,0,0,0,0,0,0,0,0,0,0,-1,2,-6,3,-8,5,-6,5,-6,4,-7,3,-6,2,-7,1,-9,2,-10,2,-8,0,-8,-3,-11,-4,-15,-5,-15,-6,-16,-7,-17,-8,-18,-9,-19,-8,-22,-7,-23,-8,-22,-7,-19,-6,-17,-7,-18,-7,-20,-7,-21"
25.955745935440063,432,"CSI,1876,128,83,49,21,0,9,2,13,-1,17,-4,19,-7,21,-10,23,-10,21,-7,20,-3,23,0,23,0,20,1,16,1,12,0,8,-1,5,-3,2,-7,0,-9,-2,-11,-3,-12,-5,-12,-5,-12,-4,-13,-2,-14,-3,-15,-5,-13,-2,-3,0,0,0,0,0,0,0,0,0,0,0,0,0,0,0,0,0,0,-5,-1,-15,-2,-14,0,-14,1,-13,-1,-12,-2,-9,-2,-7,-2,-6,-3,-4,-2,-2,1,-1,4,1,9,1,13,0,18,-2,23,-2,27,-2,28,-4,28,-4,28,-5,30,-6,29,-5,23,-4,19,-4,17,-1,13,-2,11"
26.26046085357666,433,"CSI,1889,128,83,49,21,0,0,5,1,7,4,10,5,14,4,16,5,17,4,16,1,17,3,17,5,18,3,17,3,12,2,8,2,7,1,6,0,4,-1,1,-3,-3,-4,-5,-5,-6,-6,-6,-6,-6,-5,-6,-4,-5,-6,-4,-2,-1,0,0,0,0,0,0,0,0,0,0,0,0,0,0,0,0,0,0,-4,2,-11,7,-7,5,-6,3,-5,3,-4,3,-4,0,-3,-1,-2,-1,-1,-2,1,-3,5,-7,8,-9,8,-10,7,-13,9,-14,11,-14,11,-13,9,-13,8,-15,8,-16,7,-15,3,-13,2,-9,6,-6,8,-4,8,-6"
26.360320806503296,434,"CSI,1892,128,83,49,21,0,9,5,10,4,8,6,6,8,4,11,3,10,3,13,2,19,3,18,5,15,4,14,3,14,4,13,4,11,2,10,1,10,-1,9,-2,6,-3,5,-4,5,-3,3,-4,2,-3,3,-2,4,-3,5,-1,1,0,0,0,0,0,0,0,0,0,0,0,0,0,0,0,0,0,0,1,-2,5,-7,5,-6,7,-7,7,-7,6,-6,5,-4,5,-4,6,-3,7,-2,7,-1,7,0,8,1,8,2,7,4,7,6,8,8,9,8,10,8,12,8,14,7,15,7,14,8,11,8,13,6,17,6,18,3"
26.568721055984497,435,"CSI,1901,128,83,49,21,0,-5,4,-5,2,-5,1,-4,-2,-4,-7,-6,-14,-8,-20,-8,-24,-9,-21,-9,-20,-9,-19,-7,-16,-7,-15,-6,-15,-5,-10,-3,-7,-1,-6,0,-4,1,-1,3,2,4,3,3,2,5,1,7,1,7,2,1,0,0,0,0,0,0,0,0,0,0,0,0,0,0,0,0,0,0,0,3,-2,12,-4,11,-2,10,-1,8,-2,7,-3,6,-2,5,0,3,0,2,1,2,1,0,1,-5,3,-7,4,-7,5,-10,6,-14,7,-14,8,-14,9,-12,11,-11,14,-12,15,-13,15,-13,13,-11,12,-10,15,-10,17"
26.87522292137146,436,"CSI,1912,128,83,49,21,0,-1,-3,1,-5,-3,-9,-6,-12,-8,-10,-11,-9,-9,-10,-5,-11,-6,-15,-8,-18,-5,-15,-4,-15,-4,-15,-3,-11,-3,-7,-3,-5,-2,-2,-1,0,-1,2,-2,4,-1,4,0,4,-1,3,-3,5,-2,8,-1,2,0,0,0,0,0,0,0,0,0,0,0,0,0,0,0,0,0,0,-2,1,-5,7,-5,8,-8,8,-10,7,-9,4,-4,1,0,1,1,0,2,-1,3,-1,5,-2,9,-3,14,-3,16,-2,16,0,16,2,18,4,19,7,19,7,20,6,18,5,14,4,12,1,10,-3,6,-6,2,-8"
26.979106903076172,437,"CSI,1916,128,83,49,21,0,2,-4,-3,-7,-7,-8,-12,-9,-18,-11,-21,-10,-20,-12,-18,-18,-22,-16,-22,-10,-18,-10,-17,-12,-15,-10,-11,-7,-7,-5,-5,-4,-5,-3,-3,2,0,5,1,5,0,7,0,9,1,8,1,9,0,11,0,3,0,0,0,0,0,0,0,0,0,0,0,0,0,0,0,0,0,0,-1,3,-3,10,-5,7,-5,6,-4,7,-5,8,-8,7,-8,5,-6,4,-4,1,-4,-4,-3,-6,2,-6,8,-7,14,-9,19,-9,22,-7,21,-3,19,-1,23,-2,24,-2,24,-1,23,0,19,2,16,1,15,-5,14,-10"
27.079962968826294,438,"CSI,1920,128,83,49,21,0,-8,3,-2,4,4,6,8,8,10,9,13,11,14,11,12,11,12,16,15,18,16,18,13,19,12,17,12,15,9,13,6,10,5,6,5,4,2,1,1,-2,2,-5,2,-8,1,-9,1,-9,2,-10,0,-3,0,0,0,0,0,0,0,0,0,0,0,0,0,0,0,0,0,0,-1,-3,1,-10,4,-11,4,-11,2,-10,4,-8,5,-9,4,-10,3,-6,3,-3,4,-3,0,-1,-6,1,-9,2,-11,1,-15,1,-19,2,-21,2,-24,0,-27,0,-28,0,-28,-1,-28,-1,-26,1,-21,2,-19,2,-19,0"
27.184381008148193,439,"CSI,1925,128,83,49,21,0,-3,-3,-4,-1,-9,4,-13,5,-13,5,-15,7,-20,11,-22,14,-17,15,-16,15,-17,14,-13,12,-12,10,-10,7,-7,5,-4,4,-2,2,1,0,4,-3,4,-3,3,-4,4,-7,5,-8,5,-9,4,-9,1,-3,0,0,0,0,0,0,0,0,0,0,0,0,0,0,0,0,0,0,-3,-1,-10,-3,-11,-4,-11,-4,-12,-4,-12,-3,-10,-3,-7,-4,-5,-4,-2,-3,-1,-3,1,-5,5,-5,10,-5,14,-3,19,-2,21,-3,21,-1,21,-2,23,-4,23,-2,22,-2,19,-3,17,-3,15,-2,11,0,10,0"
27.285078763961792,440,"CSI,1928,128,83,49,21,0,-6,-4,-8,0,-8,3,-8,7,-8,13,-9,15,-7,17,-6,20,-7,20,-11,18,-12,15,-11,14,-8,13,-7,11,-7,6,-5,1,-4,-2,-3,-1,1,-1,4,-1,6,-1,8,-1,7,-2,5,-4,4,-3,1,-1,0,0,0,0,0,0,0,0,0,0,0,0,0,0,0,0,0,0,3,1,11,4,9,4,8,3,8,5,7,7,6,7,4,6,3,4,2,2,1,-1,-1,-2,-2,-4,-3,-8,-5,-12,-6,-16,-5,-18,-1,-20,0,-20,0,-20,1,-21,2,-23,1,-23,0,-21,-1,-19,-3,-16,-5,-14"
27.34242582321167,441,"CSI,1979,128,83,49,21,0,5,-11,7,-13,4,-14,2,-14,2,-14,0,-14,0,-9,0,-4,0,-5,0,-5,0,-2,-1,-3,-2,-2,-2,0,-3,2,-6,4,-7,3,-7,1,-7,0,-6,0,-5,3,-6,2,-5,0,-4,-1,-4,0,-1,0,0,0,0,0,0,0,0,0,0,0,0,0,0,0,0,0,0,0,-2,0,-8,1,-8,1,-8,0,-6,1,-3,-2,-1,-3,0,-2,-1,-2,-2,-1,-2,0,-1,1,3,2,7,3,5,3,4,3,6,5,6,5,6,2,5,2,5,4,5,5,3,3,3,2,3,0,0,-1,-3,-4"
27.38774800300598,442,"CSI,1932,128,83,49,21,0,-2,3,1,7,5,9,8,11,11,12,12,15,11,13,9,7,10,7,11,10,10,9,8,8,7,8,6,8,4,7,1,6,-1,1,0,-4,0,-5,-1,-5,-2,-7,-1,-9,-3,-8,-2,-8,0,-9,0,-3,0,0,0,0,0,0,0,0,0,0,0,0,0,0,0,0,0,0,2,-2,10,-6,8,-5,8,-4,8,-4,7,-4,6,-3,4,-2,3,-2,1,-3,-3,-2,-4,1,-5,-1,-10,-3,-13,-3,-15,-5,-15,-7,-15,-7,-16,-7,-20,-7,-22,-7,-21,-5,-19,-5,-16,-5,-14,-6,-13,-7,-11,-7"
27.49201798439026,443,"CSI,1937,128,83,49,21,0,-4,-10,-9,-5,-12,-2,-14,-3,-16,-5,-16,-6,-17,-7,-22,-8,-24,-5,-21,-2,-19,-5,-17,-8,-14,-9,-11,-9,-8,-9,-6,-7,-4,-3,-3,0,-4,2,-3,3,-4,3,-5,4,-5,5,-3,5,0,5,0,1,0,0,0,0,0,0,0,0,0,0,0,0,0,0,0,0,0,0,2,-2,9,-6,9,-3,10,-2,11,-3,11,-2,8,-1,5,-1,4,-1,3,-2,0,-5,-1,-8,-3,-10,-3,-11,-3,-14,-1,-17,-1,-17,-1,-19,1,-20,4,-21,4,-23,4,-23,3,-21,4,-19,5,-18,3,-15,1,-15"
27.592082023620605,444,"CSI,1941,128,83,49,21,0,13,-6,9,-9,5,-11,3,-12,4,-13,2,-15,0,-15,0,-14,2,-17,3,-20,5,-19,7,-19,7,-18,5,-16,5,-13,6,-10,5,-8,4,-6,2,-4,-2,-4,-3,-3,-2,-2,-3,-1,-5,-4,-6,-7,-2,-2,0,0,0,0,0,0,0,0,0,0,0,0,0,0,0,0,0,0,2,-1,9,0,10,3,11,5,9,6,7,6,6,6,7,5,6,4,5,3,5,1,7,-3,8,-3,8,-2,10,-3,13,-4,13,-9,14,-10,17,-5,20,-4,20,-5,24,-4,26,-4,24,-4,21,-4,17,-4,15,-3"
27.6953387260437,445,"CSI,1944,128,83,49,21,0,-4,1,1,2,4,3,6,4,10,6,15,9,19,11,24,11,23,12,19,11,14,7,11,7,11,10,11,9,10,6,7,5,3,4,0,2,-1,0,-1,-3,-1,-8,-4,-9,-4,-8,-4,-8,-6,-8,-2,-2,0,0,0,0,0,0,0,0,0,0,0,0,0,0,0,0,0,0,1,-3,6,-11,8,-12,8,-12,9,-12,11,-8,11,-4,10,-3,8,-3,5,-3,1,0,-3,2,-5,1,-7,1,-11,0,-16,-3,-21,-4,-22,-4,-22,-5,-24,-6,-26,-8,-25,-5,-22,-3,-20,-1,-20,-1,-21,-2,-20,0"
27.899606943130493,446,"CSI,1952,128,83,49,21,0,3,0,2,-4,2,-9,1,-14,0,-18,0,-18,1,-20,-2,-22,-3,-20,-2,-19,-2,-19,0,-18,3,-16,3,-14,1,-8,0,-4,-1,-4,-3,-2,-4,-1,-6,0,-6,1,-6,3,-6,4,-8,3,-9,4,-3,1,0,0,0,0,0,0,0,0,0,0,0,0,0,0,0,0,0,0,-3,1,-12,6,-12,5,-14,3,-16,2,-14,2,-12,1,-9,0,-6,1,-4,2,-2,3,0,2,1,3,5,5,8,9,10,11,11,11,11,11,13,12,16,14,17,19,16,22,13,23,13,22,13,18,12,15,10,14"
28.00329089164734,447,"CSI,1957,128,83,49,21,0,-5,4,2,-2,6,-6,8,-6,13,-4,16,-6,17,-5,17,0,17,-1,18,-7,16,-8,14,-8,14,-6,13,-3,11,-2,7,-3,3,-3,0,-1,-2,1,-4,0,-5,-1,-6,-2,-7,-1,-8,0,-7,0,-2,0,0,0,0,0,0,0,0,0,0,0,0,0,0,0,0,0,0,0,-1,-4,-3,-13,-2,-12,1,-13,3,-13,6,-13,8,-13,8,-12,4,-9,0,-6,0,-5,1,-1,0,3,-4,5,-7,5,-9,8,-13,11,-16,11,-18,12,-21,17,-22,20,-23,18,-24,16,-23,15,-20,16,-16,18,-12,17"
28.104440927505493,448,"CSI,1960,128,83,49,21,0,-1,1,-6,5,-11,8,-14,8,-14,7,-17,9,-16,8,-11,7,-13,6,-17,9,-15,10,-13,7,-11,5,-6,4,-2,3,-1,3,-1,2,2,2,7,1,7,0,5,-1,5,-3,4,-5,3,-5,2,-5,0,-2,0,0,0,0,0,0,0,0,0,0,0,0,0,0,0,0,0,0,-3,0,-12,0,-12,-2,-13,-3,-14,-2,-14,0,-13,-1,-11,-3,-7,-6,-4,-8,-3,-7,-1,-4,3,-3,8,-2,14,-2,18,-3,19,-2,19,0,22,0,25,-1,23,-1,22,0,23,1,23,1,21,-1,19,-2,19,-4"
28.207610845565796,449,"CSI,1964,128,83,49,21,0,7,4,10,4,13,5,16,6,18,5,17,5,17,1,17,-3,15,-2,12,-1,11,2,10,4,10,1,9,-1,6,-2,6,-4,5,-3,1,-2,0,-4,1,-8,2,-9,1,-8,2,-8,1,-7,-1,-5,-1,-2,0,0,0,0,0,0,0,0,0,0,0,0,0,0,0,0,0,0,-3,-1,-11,-2,-13,-2,-13,-4,-10,-7,-7,-8,-6,-7,-6,-6,-6,-5,-4,-3,-2,0,-2,5,-4,7,-5,9,-6,13,-8,15,-10,18,-11,19,-12,17,-13,17,-16,17,-16,17,-16,15,-14,12,-9,10,-4,11,-3,11"
28.31150794029236,450,"CSI,1969,128,83,49,21,0,-1,9,4,7,8,7,11,10,13,11,14,12,10,12,6,10,7,11,11,11,12,9,12,9,11,8,8,8,6,6,6,2,7,-3,7,-6,8,-6,8,-5,6,-5,3,-5,3,-4,3,-4,2,-6,0,-2,0,0,0,0,0,0,0,0,0,0,0,0,0,0,0,0,0,0,-3,-1,-10,-4,-11,-5,-11,-9,-11,-11,-10,-11,-9,-12,-7,-9,-6,-4,-6,-3,-6,-2,-7,-1,-8,2,-9,8,-10,13,-12,13,-15,12,-19,12,-19,14,-20,16,-23,14,-23,12,-19,12,-17,12,-19,13,-18,12,-13,7"
28.34210181236267,451,"CSI,2635,128,77,-47,20,0,-10,10,-8,12,-3,13,2,17,4,20,3,17,0,19,-3,26,1,24,6,18,5,14,1,13,-2,13,-2,11,1,10,3,9,2,5,1,3,4,3,6,3,6,4,5,3,5,1,4,1,4,1,1,0,0,0,0,0,0,0,0,0,0,0,0,0,0,0,0,0,0,0,-3,0,-9,2,-10,2,-11,1,-12,0,-12,-2,-9,-3,-6,-4,-6,-3,-6,-2,-6,0,-6,5,-6,8,-6,10,-8,13,-10,15,-13,18,-17,18,-19,13,-19,13,-23,15,-26,12,-25,10,-22,9,-18,9,-16,10,-14,11"
28.37316393852234,452,"CSI,2636,128,77,-47,20,0,-12,8,-13,10,-13,14,-9,17,-7,16,-10,16,-12,12,-11,8,-11,9,-11,9,-8,9,-5,10,-5,9,-6,8,-4,9,0,8,1,7,1,8,2,9,3,9,1,9,0,9,1,7,2,3,2,1,0,-1,0,0,0,0,0,0,0,0,0,0,0,0,0,0,0,0,0,0,-3,0,-9,0,-10,-2,-10,-5,-12,-5,-12,-5,-9,-6,-7,-5,-5,-4,-5,-4,-9,-1,-12,3,-14,5,-14,6,-15,7,-18,7,-20,8,-23,6,-25,3,-26,1,-26,-1,-26,-1,-26,-1,-22,-2,-17,-1,-16,0,-16,2"
28.41292691230774,453,"CSI,1972,128,83,49,21,0,-10,2,-5,6,-2,9,-1,13,1,15,2,16,-2,20,-7,25,-3,25,3,24,3,23,1,21,-1,17,-1,13,-1,10,0,7,0,5,2,4,5,2,5,0,6,-1,7,-3,5,-2,5,-1,6,-2,1,-1,0,0,0,0,0,0,0,0,0,0,0,0,0,0,0,0,0,0,-1,-2,-5,-9,-7,-11,-8,-12,-6,-13,-5,-15,-4,-14,-2,-12,-2,-11,-2,-9,-3,-6,-4,-1,-6,1,-8,2,-13,6,-19,7,-23,4,-22,0,-22,-1,-26,-2,-30,-3,-31,-3,-28,-2,-25,-2,-24,-3,-21,-3,-17,-3"
28.51574683189392,454,"CSI,1977,128,83,49,21,0,-5,-3,-11,-3,-12,-1,-14,1,-17,1,-20,-2,-17,-1,-12,0,-15,-3,-18,-4,-17,-6,-15,-6,-12,-4,-10,-4,-7,-2,-4,1,-3,4,-1,6,1,6,0,6,0,7,-1,7,-1,8,-1,8,0,7,0,1,0,0,0,0,0,0,0,0,0,0,0,0,0,0,0,0,0,0,2,-1,10,-5,10,-6,10,-5,11,-4,12,-4,11,-2,10,-1,8,-1,5,-2,1,-5,-2,-6,-2,-8,-3,-11,-3,-14,-4,-15,-4,-18,-3,-21,-3,-22,0,-22,3,-21,4,-19,3,-20,2,-21,3,-19,2,-19,-2,-20"
28.616508960723877,455,"CSI,1980,128,83,49,21,0,-1,4,-4,-1,-6,-6,-7,-12,-8,-17,-7,-16,-9,-19,-13,-22,-14,-20,-12,-16,-9,-15,-6,-14,-6,-11,-5,-7,-4,-6,-1,-5,3,-1,2,2,-1,5,0,6,2,5,4,7,4,8,3,5,3,2,0,0,0,0,0,0,0,0,0,0,0,0,0,0,0,0,0,0,0,0,-2,-4,-5,-13,-2,-12,1,-12,1,-15,0,-14,0,-10,0,-7,-1,-4,-2,-2,-1,-1,2,2,3,5,0,7,0,10,1,11,-1,12,-1,16,2,20,5,22,5,22,1,20,-3,18,-2,17,0,16,0,15,1,12"
28.71872901916504,456,"CSI,1985,128,83,49,21,0,2,-3,0,-8,-1,-11,-2,-13,-4,-14,-6,-16,-8,-15,-9,-13,-7,-12,-6,-13,-6,-13,-6,-13,-8,-12,-7,-9,-4,-6,-2,-2,-1,1,-2,2,-1,4,-1,6,-1,5,-2,4,-2,4,-1,5,1,5,0,1,0,0,0,0,0,0,0,0,0,0,0,0,0,0,0,0,0,0,-3,-2,-9,-6,-7,-8,-7,-10,-6,-12,-5,-11,-5,-8,-4,-7,0,-6,4,-2,4,1,3,3,5,6,5,9,6,10,7,12,6,18,4,20,4,18,4,20,3,23,5,21,5,18,3,18,4,14,7,10,6,9"
28.820828914642334,457,"CSI,1989,128,83,49,21,0,-4,-2,-7,3,-10,6,-13,6,-16,7,-19,7,-17,4,-13,3,-14,5,-14,9,-12,9,-11,8,-10,8,-8,6,-3,4,0,2,1,-2,1,-3,2,-4,3,-6,4,-7,4,-8,5,-8,6,-9,5,-9,1,-3,0,0,0,0,0,0,0,0,0,0,0,0,0,0,0,0,0,0,-3,-4,-9,-13,-9,-9,-10,-8,-10,-9,-8,-10,-5,-9,-3,-9,-2,-9,-1,-10,3,-9,5,-4,6,0,8,3,11,5,14,8,16,8,17,8,18,8,19,9,20,8,21,6,22,5,20,4,18,3,15,2,10,1"
28.924750804901123,458,"CSI,1992,128,83,49,21,0,0,0,-3,4,-5,7,-11,10,-15,12,-16,11,-15,8,-16,6,-18,9,-18,14,-15,14,-12,12,-9,10,-4,8,-2,4,-3,2,-1,2,2,1,4,-1,5,-5,6,-7,7,-8,5,-8,4,-9,5,-9,1,-3,0,0,0,0,0,0,0,0,0,0,0,0,0,0,0,0,0,0,-3,0,-13,1,-15,0,-16,-1,-14,0,-12,0,-12,-1,-12,0,-12,0,-10,0,-6,0,-3,-1,-1,-5,5,-8,11,-8,15,-7,18,-5,20,-4,20,-7,21,-10,24,-11,24,-10,22,-8,21,-8,20,-9,18,-7,17,-6"
29.026723861694336,459,"CSI,1997,128,83,49,21,0,2,4,-2,0,-5,-4,-9,-6,-12,-6,-17,-5,-23,-7,-27,-11,-27,-9,-24,-6,-21,-5,-17,-4,-13,-5,-13,-7,-11,-7,-6,-4,-2,-1,0,-1,1,1,2,0,4,2,6,3,6,3,6,2,9,3,2,1,0,0,0,0,0,0,0,0,0,0,0,0,0,0,0,0,0,0,-2,-2,-8,-6,-9,-7,-11,-8,-12,-9,-11,-10,-10,-9,-7,-8,-4,-8,-3,-7,-2,-4,2,0,3,3,3,3,3,5,7,9,10,12,12,12,14,11,16,13,17,14,17,13,16,13,18,10,17,9,14,10,13,10"
29.128425121307373,460,"CSI,2000,128,83,49,21,0,1,8,-3,4,-6,0,-9,-4,-12,-7,-12,-9,-11,-8,-13,-7,-15,-9,-15,-12,-14,-14,-14,-12,-14,-9,-12,-8,-9,-8,-6,-8,-4,-8,-2,-6,1,-3,6,1,8,3,7,3,6,2,7,1,10,-1,2,-1,0,0,0,0,0,0,0,0,0,0,0,0,0,0,0,0,0,0,0,-3,1,-10,1,-9,2,-11,4,-14,4,-12,3,-11,3,-13,3,-11,2,-7,2,-4,1,-3,1,-1,2,4,1,5,-1,8,-4,12,-3,13,0,15,0,17,-1,18,1,18,4,20,5,22,6,23,9,20,11,17"
29.23143196105957,461,"CSI,2005,128,83,49,21,0,4,-2,-2,-6,-5,-9,-7,-12,-11,-15,-12,-16,-9,-13,-7,-12,-10,-16,-11,-18,-10,-14,-9,-11,-8,-9,-7,-8,-6,-7,-3,-3,-1,1,1,4,2,6,-1,8,-2,9,1,9,2,8,1,10,1,10,0,2,0,0,0,0,0,0,0,0,0,0,0,0,0,0,0,0,0,0,-4,0,-14,1,-15,0,-15,-2,-14,-4,-11,-6,-8,-6,-6,-4,-4,-4,0,-4,2,-1,4,2,5,4,6,6,7,9,8,10,11,13,14,15,13,14,13,14,14,15,13,15,11,14,12,11,15,9,15,8,12,8"
29.334718942642212,462,"CSI,2008,128,83,49,21,0,0,3,3,-2,4,-6,6,-10,10,-12,11,-12,10,-16,11,-23,11,-22,10,-15,9,-13,9,-14,10,-10,8,-6,5,-4,4,-3,2,-1,-1,1,-2,3,-2,4,-4,2,-7,0,-6,1,-6,3,-8,4,-3,1,0,0,0,0,0,0,0,0,0,0,0,0,0,0,0,0,0,0,-1,-2,-3,-8,-1,-12,0,-15,1,-14,2,-12,3,-10,3,-8,2,-4,1,-4,0,-2,-1,3,-2,7,-4,9,-7,10,-11,11,-12,13,-12,12,-12,11,-12,15,-13,18,-15,19,-12,18,-10,15,-10,15,-7,17,-4,15"
29.437323093414307,463,"CSI,2013,128,83,49,21,0,2,1,8,0,10,1,12,5,14,7,17,8,18,8,15,6,15,7,17,9,18,8,18,7,16,6,12,6,9,7,5,4,1,1,-1,-2,-4,-2,-7,-5,-10,-6,-10,-7,-10,-7,-10,-5,-10,-3,-3,-1,0,0,0,0,0,0,0,0,0,0,0,0,0,0,0,0,0,0,2,-1,10,-2,11,0,10,4,10,6,12,6,11,5,8,5,4,4,1,1,-3,-1,-7,-2,-10,-3,-13,-5,-15,-6,-15,-8,-17,-11,-20,-11,-21,-10,-22,-12,-23,-13,-23,-10,-23,-11,-21,-14,-19,-12,-17,-7,-12,-5"
29.541783809661865,464,"CSI,2017,128,83,49,21,0,8,1,9,-2,11,-6,12,-11,13,-11,13,-12,11,-16,11,-18,12,-16,15,-14,16,-13,15,-11,12,-8,9,-5,6,-5,4,-7,3,-7,1,-6,-2,-6,-3,-6,-5,-6,-5,-5,-4,-5,-3,-4,-4,-5,-1,-2,0,0,0,0,0,0,0,0,0,0,0,0,0,0,0,0,0,0,-1,3,-5,12,-6,10,-6,9,-7,7,-6,5,-3,4,-4,4,-5,4,-2,4,2,3,5,3,7,6,10,9,12,10,15,11,17,14,18,17,15,18,13,17,14,17,12,18,11,20,12,18,11,15,9,14,10,15"
29.640767097473145,465,"CSI,2020,128,83,49,21,0,7,2,1,2,-1,2,-6,5,-13,8,-16,11,-16,11,-13,10,-16,12,-18,14,-15,14,-14,14,-14,15,-13,13,-9,11,-8,10,-7,8,-4,5,0,3,2,0,3,-2,2,-6,0,-8,0,-8,0,-8,0,-3,0,0,0,0,0,0,0,0,0,0,0,0,0,0,0,0,0,0,-2,-1,-9,-5,-11,-7,-13,-8,-13,-9,-10,-10,-8,-10,-8,-9,-6,-7,-6,-6,-5,-5,0,-2,5,-2,7,-2,11,1,14,4,17,5,18,4,19,1,22,2,22,4,20,2,20,1,19,4,19,5,20,2,19,-1"
29.735851764678955,466,"CSI,1350,128,-128,-128,7,0,27,3,24,3,23,2,21,0,19,-3,17,-5,14,-7,12,-9,11,-12,11,-14,12,-15,13,-17,15,-17,18,-17,19,-15,18,-12,17,-9,16,-6,14,-4,11,-3,9,-3,6,-3,5,-5,4,-7,5,-8,1,-3,0,0,0,0,0,0,0,0,0,0,0,0,0,0,0,0,0,0,3,-1,15,-1,16,0,18,1,20,3,21,6,21,8,22,11,21,13,21,15,20,16,19,17,17,16,16,15,16,13,16,12,17,11,17,9,19,7,23,6,25,5,26,4,27,4,28,4,30,3,31,3,30,3"
29.765666961669922,467,"CSI,2024,128,83,49,21,0,-7,-1,-3,0,3,-1,10,-2,13,-3,15,-5,18,-8,21,-12,19,-11,20,-9,21,-9,18,-11,16,-9,16,-6,14,-3,10,-1,5,1,0,1,-2,1,-4,2,-7,1,-7,2,-8,3,-10,3,-11,2,-3,0,0,0,0,0,0,0,0,0,0,0,0,0,0,0,0,0,0,0,1,-1,7,-1,10,0,14,0,14,-1,11,1,10,4,9,5,7,3,5,1,4,0,1,2,-3,1,-6,0,-9,-2,-11,-4,-15,-3,-19,-2,-21,-6,-22,-8,-23,-5,-24,-1,-25,0,-24,-1,-24,0,-23,1,-21,2"
29.84521198272705,468,"CSI,2028,128,83,49,21,0,-2,10,1,14,5,16,5,21,4,22,5,19,5,19,-1,20,-2,20,1,19,3,15,3,11,3,8,2,3,-2,0,-4,-1,-2,-3,1,-6,2,-9,2,-12,0,-13,1,-11,2,-9,0,-8,-5,-8,-2,-2,0,0,0,0,0,0,0,0,0,0,0,0,0,0,0,0,0,0,1,1,6,7,5,8,5,7,4,8,2,8,2,7,2,5,1,1,-1,-3,-2,-6,-4,-9,-5,-13,-6,-17,-5,-20,-4,-22,-6,-24,-8,-26,-9,-25,-10,-24,-8,-24,-8,-21,-6,-18,-2,-17,0,-13,-1,-7,-3,-2"
29.9461190700531,469,"CSI,2033,128,83,49,21,0,5,4,7,8,6,9,4,9,7,10,9,9,9,9,14,14,15,14,11,10,8,7,9,8,9,9,6,8,1,5,-2,4,-2,4,-3,3,-5,2,-6,2,-5,2,-4,1,-5,0,-5,0,-4,1,-1,0,0,0,0,0,0,0,0,0,0,0,0,0,0,0,0,0,0,0,-2,1,-9,4,-11,4,-9,3,-7,1,-7,-2,-7,-2,-6,-2,-4,-1,-1,-3,3,-6,4,-8,6,-11,8,-13,9,-13,9,-14,8,-16,6,-15,5,-14,5,-17,5,-18,6,-18,5,-17,2,-13,1,-9,2,-8,4,-11"
30.040459156036377,470,"CSI,1354,128,-118,32,8,0,20,7,23,6,26,5,27,4,28,4,28,5,27,7,25,7,22,7,19,7,16,7,13,5,10,2,9,-2,8,-5,7,-8,8,-10,9,-12,12,-13,14,-13,16,-11,17,-8,18,-5,17,-1,15,2,3,0,0,0,0,0,0,0,0,0,0,0,0,0,0,0,0,0,0,0,0,4,0,18,-2,18,-3,17,-4,16,-5,16,-5,15,-4,15,-2,15,0,16,1,17,2,19,3,21,3,23,4,25,4,26,4,27,3,28,3,29,4,29,4,28,4,26,4,24,5,22,7,19,9,15,11,12"
30.073834896087646,471,"CSI,1355,128,-98,96,9,0,-9,-11,-11,-11,-12,-12,-12,-12,-13,-12,-12,-13,-12,-13,-11,-13,-10,-12,-9,-11,-8,-10,-6,-8,-6,-6,-5,-3,-5,-1,-6,0,-7,1,-9,2,-10,1,-11,1,-12,-1,-12,-2,-11,-4,-10,-5,-8,-7,-2,-2,0,0,0,0,0,0,0,0,0,0,0,0,0,0,0,0,0,0,1,-3,5,-10,5,-9,6,-8,6,-8,6,-7,6,-7,6,-7,5,-8,4,-9,4,-10,4,-12,4,-13,4,-14,5,-15,5,-16,6,-16,6,-16,7,-17,7,-16,7,-16,6,-15,5,-14,4,-14,2,-12,0,-11,-2,-11"
30.106322050094604,472,"CSI,2037,128,83,49,21,0,0,7,-1,10,-2,11,-2,11,-1,13,-1,14,-2,14,0,15,0,14,-3,14,-6,13,-6,8,-3,5,-2,4,-3,3,-2,1,0,-1,1,-1,3,-1,4,-2,3,-3,3,-3,3,-4,3,-4,5,-3,1,-1,0,0,0,0,0,0,0,0,0,0,0,0,0,0,0,0,0,0,1,-1,5,-4,6,-6,7,-8,6,-6,4,-3,1,-2,-1,-4,-2,-4,-3,-3,-5,-4,-7,-5,-11,-4,-15,-1,-14,0,-15,-4,-18,-8,-18,-10,-18,-10,-17,-10,-14,-11,-13,-14,-12,-14,-10,-11,-9,-8,-10,-5,-11,-1"
30.20941400527954,473,"CSI,2638,128,75,-79,20,0,-4,6,-6,4,-8,3,-11,2,-12,4,-13,6,-18,7,-22,10,-17,11,-12,11,-12,10,-12,9,-9,9,-7,8,-5,8,-4,6,-3,2,-1,0,0,-2,2,-3,3,-4,2,-5,-2,-5,-2,-7,-2,-9,-1,-3,0,0,0,0,0,0,0,0,0,0,0,0,0,0,0,0,0,0,-1,-3,-3,-11,0,-10,4,-8,6,-8,6,-7,6,-7,4,-6,1,-2,1,-2,4,-2,6,1,9,4,9,6,9,9,11,13,11,16,9,15,8,12,8,10,11,9,12,9,11,8,11,7,12,7,11,7,9,4"
30.242787837982178,474,"CSI,2639,128,75,-79,20,0,-8,-4,-10,-8,-10,-11,-8,-11,-6,-13,-7,-14,-10,-13,-9,-13,-10,-12,-14,-12,-15,-11,-14,-7,-12,-5,-8,-4,-7,-4,-6,-3,-5,-2,-2,-2,0,-4,1,-4,0,-3,-1,-3,-3,-4,-2,-7,-1,-7,-1,-2,0,0,0,0,0,0,0,0,0,0,0,0,0,0,0,0,0,0,-3,1,-9,5,-7,5,-6,5,-7,6,-9,4,-8,2,-7,1,-7,0,-7,0,-6,-3,-6,-4,-8,-5,-9,-7,-9,-8,-9,-8,-11,-8,-13,-8,-13,-7,-15,-2,-18,0,-17,1,-15,4,-15,2,-15,2,-14,2,-12,-1"
30.273302793502808,475,"CSI,2045,128,83,49,21,0,5,-3,7,-4,10,-4,14,-4,17,-4,17,-3,16,0,14,2,14,-3,15,-6,13,-7,10,-7,7,-5,5,-3,3,-3,2,-1,2,0,1,1,1,1,2,0,2,0,2,2,4,5,5,6,5,6,1,1,0,0,0,0,0,0,0,0,0,0,0,0,0,0,0,0,0,0,-2,-2,-9,-5,-9,-4,-8,-4,-6,-4,-4,-3,-4,-2,-3,-3,-2,-5,0,-7,3,-8,4,-8,3,-10,4,-11,6,-13,8,-15,8,-15,7,-14,5,-13,3,-14,1,-17,1,-17,2,-16,1,-14,-1,-11,0,-10,1,-10"
30.304380893707275,476,"CSI,2641,128,75,-79,20,0,-9,2,-11,3,-11,2,-11,-2,-12,-3,-11,0,-10,0,-9,-1,-10,-1,-13,-1,-13,-2,-13,-1,-12,1,-10,3,-6,1,-3,-1,-3,-3,-4,-4,-4,-4,-4,-3,-3,-3,-2,-3,-3,-4,-4,-5,-3,-2,-1,-1,0,0,0,0,0,0,0,0,0,0,0,0,0,0,0,0,0,0,1,1,7,5,8,6,6,7,3,7,2,7,1,7,0,8,-3,8,-4,6,-4,6,-5,9,-6,9,-8,10,-10,10,-10,8,-11,8,-10,10,-9,11,-8,12,-8,15,-7,15,-5,13,-4,10,-5,9,-5,8,-4,8"
30.35672688484192,477,"CSI,2049,128,83,49,21,0,-7,3,-6,0,-7,-2,-8,-1,-10,0,-9,-1,-6,-2,-4,-1,-6,-4,-8,-7,-9,-8,-10,-5,-12,-3,-11,-3,-7,-3,-4,-4,-4,-5,-4,-5,-4,-4,-4,-3,-3,-3,-1,-3,0,-3,-1,-2,-4,-3,-2,-1,0,0,0,0,0,0,0,0,0,0,0,0,0,0,0,0,0,0,1,1,4,5,3,5,3,5,2,5,0,3,1,1,0,1,-3,3,-3,5,-3,5,-4,5,-4,5,-8,5,-10,6,-9,8,-11,7,-12,5,-11,5,-12,8,-12,9,-12,9,-11,8,-8,7,-8,5,-9,7,-8,5"
30.45835781097412,478,"CSI,2052,128,83,49,21,0,12,-4,11,-5,11,-3,14,0,15,-2,13,-2,13,-3,12,-7,12,-9,11,-5,9,-4,8,-4,8,-3,8,-3,8,-1,8,3,8,4,5,3,2,4,1,4,3,3,4,1,5,0,6,-1,4,-3,0,-1,0,0,0,0,0,0,0,0,0,0,0,0,0,0,0,0,0,0,0,-3,2,-8,2,-7,1,-8,1,-8,4,-5,5,-4,4,-5,4,-5,6,-4,9,-3,10,-5,11,-3,11,0,11,1,11,-1,11,-4,11,-4,10,-4,9,-7,9,-10,9,-10,10,-9,11,-7,13,-7,14,-6,13,-5"
30.558150053024292,479,"CSI,2057,128,83,49,21,0,15,-3,17,-2,15,-1,13,1,13,1,13,0,14,1,15,4,15,4,14,2,13,-1,13,-4,15,-4,14,-2,11,-2,8,-3,8,-1,7,0,6,3,5,4,5,3,4,4,4,3,7,1,8,0,1,0,0,0,0,0,0,0,0,0,0,0,0,0,0,0,0,0,0,0,1,1,8,4,8,3,7,2,7,1,7,0,6,0,6,0,5,1,3,2,4,3,5,4,4,4,5,4,8,7,8,8,8,5,10,2,13,1,15,2,14,3,14,2,16,0,18,0,16,0,14,-3,15,-6"
30.663933992385864,480,"CSI,2060,128,83,49,21,0,-8,9,-10,12,-10,11,-9,11,-9,14,-10,15,-11,16,-13,17,-12,16,-9,13,-6,8,-3,4,-3,1,-3,-3,-2,-7,0,-9,2,-11,3,-11,3,-9,3,-8,2,-8,2,-7,2,-7,0,-7,-1,-7,-1,-2,0,0,0,0,0,0,0,0,0,0,0,0,0,0,0,0,0,0,-3,0,-9,1,-9,1,-9,1,-6,2,-3,3,-2,2,0,0,1,-1,3,0,6,-1,10,-1,14,-1,17,0,19,1,17,1,18,0,18,-3,16,-5,14,-5,11,-3,10,-3,8,-2,4,-1,1,-1,1,-2,2,-2"
30.82888412475586,481,"CSI,2115,128,83,49,21,0,15,-12,17,-12,17,-12,15,-11,16,-11,16,-10,15,-6,16,-4,13,-6,7,-7,2,-7,-2,-7,-3,-7,-4,-5,-6,-4,-7,-5,-9,-4,-11,-3,-11,-2,-9,-4,-7,-4,-6,-4,-6,-6,-5,-6,-4,-2,-1,0,0,0,0,0,0,0,0,0,0,0,0,0,0,0,0,0,0,0,-2,0,-8,0,-8,-2,-7,-4,-5,-5,-5,-2,-4,0,-2,-1,-1,0,0,1,1,2,3,5,5,7,6,7,4,9,3,12,2,14,0,14,2,15,4,14,3,13,1,11,0,8,0,4,2,0,4,-5,7,-10"
30.85947895050049,482,"CSI,590,128,101,81,22,0,18,12,18,12,19,11,19,11,19,10,19,10,19,10,19,10,19,9,19,10,19,9,19,9,19,9,19,8,19,8,18,9,17,10,17,10,16,9,15,9,14,8,14,8,13,8,12,8,11,8,2,2,0,0,0,0,0,0,0,0,0,0,0,0,0,0,0,0,0,0,3,1,13,7,13,7,14,8,14,9,15,9,15,10,15,11,16,12,16,12,16,12,16,13,16,14,16,14,16,14,16,14,16,14,16,14,16,14,17,13,17,12,18,12,18,13,18,13,18,13,19,12,20,13"
30.89016103744507,483,"CSI,2068,128,83,49,21,0,2,-5,5,-4,8,-3,11,-3,15,-1,15,1,16,-1,21,-6,23,-9,18,-6,9,-2,5,-1,6,-2,4,-3,1,-1,-1,1,-4,1,-5,-1,-5,-2,-7,-4,-9,-5,-10,-5,-10,-6,-11,-6,-13,-4,-4,-1,0,0,0,0,0,0,0,0,0,0,0,0,0,0,0,0,0,0,-1,-4,-2,-12,-1,-11,1,-11,2,-10,1,-7,-1,-7,-2,-6,-4,-3,-5,0,-5,4,-7,5,-9,5,-12,6,-13,9,-16,11,-17,10,-16,10,-15,11,-14,10,-15,10,-16,12,-15,10,-11,7,-7,6,-4,5,-2,3"
30.961740732192993,484,"CSI,591,128,101,81,22,0,-5,-25,-5,-26,-5,-25,-5,-25,-5,-24,-6,-24,-7,-24,-7,-25,-7,-25,-7,-25,-8,-25,-7,-24,-7,-24,-7,-24,-6,-23,-6,-23,-5,-23,-5,-23,-5,-22,-4,-21,-3,-20,-3,-20,-3,-19,-2,-18,-2,-18,-1,-5,0,0,0,0,0,0,0,0,0,0,0,0,0,0,0,0,0,0,-2,-4,-5,-15,-5,-16,-4,-17,-4,-18,-4,-19,-4,-20,-4,-21,-4,-22,-3,-22,-3,-23,-2,-23,-2,-24,-2,-24,-2,-24,-2,-24,-2,-24,-3,-25,-3,-25,-2,-24,-3,-24,-3,-24,-4,-25,-4,-25,-4,-25,-4,-25,-4,-26"
30.990333080291748,485,"CSI,2072,128,83,49,21,0,-1,3,-2,6,-2,11,-4,14,-8,14,-10,14,-13,13,-14,11,-13,11,-12,13,-9,13,-6,9,-6,5,-6,5,-5,3,-5,-1,-3,-3,2,-4,4,-5,4,-4,5,-4,7,-6,5,-7,2,-5,2,-1,0,0,0,0,0,0,0,0,0,0,0,0,0,0,0,0,0,0,0,0,0,2,2,9,2,8,2,9,2,9,2,8,2,7,2,5,0,2,-2,1,-2,1,0,-2,4,-6,7,-8,8,-10,10,-12,9,-12,8,-13,6,-13,7,-15,8,-18,5,-16,2,-12,4,-13,3,-14,1,-11,1,-7"
31.07193398475647,486,"CSI,0,128,-118,32,8,0,-25,-15,-24,-15,-24,-15,-23,-14,-21,-13,-20,-12,-18,-11,-16,-9,-14,-6,-13,-4,-12,-2,-12,1,-13,3,-15,6,-16,7,-17,6,-18,4,-19,2,-19,0,-18,-1,-16,-3,-14,-5,-11,-5,-9,-5,-7,-5,-2,-2,0,0,0,0,0,0,0,0,0,0,0,0,0,0,0,0,0,0,-3,-4,-9,-13,-9,-13,-9,-13,-9,-13,-10,-14,-11,-16,-11,-18,-12,-20,-12,-22,-12,-24,-10,-26,-9,-27,-8,-28,-7,-27,-6,-27,-6,-25,-6,-24,-6,-23,-8,-22,-10,-20,-12,-18,-13,-17,-15,-17,-18,-16,-20,-14,-22,-14"
31.10242009162903,487,"CSI,0,128,-98,96,9,0,13,28,13,28,12,27,11,25,10,23,9,21,9,19,9,15,9,11,10,9,11,7,13,5,16,4,19,4,20,4,19,7,19,9,17,12,15,13,11,12,8,12,6,10,4,8,3,5,4,4,1,1,0,0,0,0,0,0,0,0,0,0,0,0,0,0,0,0,0,0,0,4,1,18,0,18,-1,17,-1,17,0,17,0,19,0,21,1,23,0,25,-1,27,-3,29,-5,30,-7,30,-8,30,-9,29,-9,28,-8,26,-8,25,-6,24,-4,23,-1,23,2,23,4,24,7,24,10,23,11,24"
31.138648986816406,488,"CSI,592,128,101,81,22,0,-20,17,-20,17,-20,17,-20,18,-20,18,-19,18,-18,18,-18,19,-18,19,-18,19,-17,19,-17,19,-17,19,-18,19,-18,19,-18,19,-17,18,-17,17,-17,16,-17,15,-17,14,-16,14,-16,13,-16,12,-15,11,-4,2,0,0,0,0,0,0,0,0,0,0,0,0,0,0,0,0,0,0,-4,3,-14,11,-15,12,-16,12,-17,12,-17,13,-18,13,-18,13,-19,13,-21,13,-22,13,-22,13,-21,13,-21,13,-22,13,-22,13,-22,13,-21,13,-21,14,-22,14,-21,15,-21,15,-21,15,-20,16,-20,16,-22,16,-22,16"
31.171767950057983,489,"CSI,2077,128,83,49,21,0,-8,-3,-12,-6,-14,-9,-14,-10,-15,-9,-18,-10,-18,-8,-15,-4,-14,-5,-16,-8,-16,-10,-12,-9,-11,-7,-8,-5,-4,-5,-1,-4,0,-5,2,-5,4,-2,6,-1,7,-3,8,-3,9,-2,8,-1,7,0,1,0,0,0,0,0,0,0,0,0,0,0,0,0,0,0,0,0,0,0,3,-1,12,-2,10,-4,6,-4,5,-4,7,-4,8,-2,7,-1,4,0,1,2,0,4,-3,6,-4,9,-5,12,-5,13,-5,16,-6,19,-6,17,-6,15,-6,17,-5,18,-3,16,-3,15,-4,17,-3,15,-2,9,0,4"
31.208021879196167,490,"CSI,1367,128,-128,-128,7,0,-8,-32,-7,-30,-7,-26,-8,-21,-9,-17,-11,-13,-13,-10,-15,-8,-17,-5,-21,-4,-24,-4,-26,-5,-27,-6,-27,-8,-26,-10,-23,-12,-20,-13,-17,-14,-13,-13,-9,-10,-7,-7,-6,-4,-7,-1,-9,1,-11,1,-3,0,0,0,0,0,0,0,0,0,0,0,0,0,0,0,0,0,0,0,-1,-4,-2,-15,-2,-17,-1,-19,0,-21,1,-24,4,-26,6,-27,9,-28,11,-28,12,-27,13,-26,14,-25,14,-24,12,-22,10,-21,7,-21,5,-21,2,-22,-1,-23,-4,-25,-6,-27,-8,-30,-10,-32,-11,-33,-12,-33,-12,-34"
31.238635778427124,491,"CSI,2081,128,83,49,21,0,5,6,6,2,8,0,12,-2,16,-3,18,-3,22,-3,25,-3,24,-4,21,-5,19,-3,18,-3,17,-2,14,1,11,3,8,3,5,1,2,-2,2,-5,3,-7,1,-7,-2,-6,-3,-6,-3,-7,-5,-10,-2,-3,0,0,0,0,0,0,0,0,0,0,0,0,0,0,0,0,0,0,-3,0,-11,1,-10,0,-10,0,-12,-1,-12,-3,-12,-3,-12,0,-10,0,-7,-2,-5,-1,-4,3,-3,6,1,9,2,14,0,18,-1,21,-1,22,-4,21,-5,22,-4,22,-6,20,-8,18,-8,17,-6,19,-4,19,-2,17"
31.27455186843872,492,"CSI,593,128,101,81,22,0,9,-24,8,-24,8,-24,8,-24,8,-24,8,-24,7,-24,6,-24,5,-24,5,-25,5,-24,4,-24,5,-24,5,-23,5,-23,6,-23,6,-23,6,-22,6,-21,6,-20,6,-19,6,-18,6,-17,6,-17,6,-16,1,-4,0,0,0,0,0,0,0,0,0,0,0,0,0,0,0,0,0,0,0,-5,3,-17,4,-18,4,-19,5,-20,6,-20,6,-21,7,-22,8,-22,9,-22,10,-23,10,-23,10,-23,11,-23,11,-23,11,-23,11,-23,10,-23,10,-23,11,-23,11,-23,11,-23,10,-23,9,-24,9,-24,10,-24,10,-25"
31.30528998374939,493,"CSI,2085,128,83,49,21,0,-10,4,-8,8,-6,9,-7,11,-6,14,-4,15,-2,14,-1,13,-5,13,-10,12,-12,10,-11,9,-8,8,-7,7,-6,4,-4,2,0,2,3,2,4,2,5,2,5,2,4,2,5,3,5,4,4,3,1,0,0,0,0,0,0,0,0,0,0,0,0,0,0,0,0,0,0,0,-1,-3,-1,-10,0,-9,1,-8,1,-7,0,-7,-2,-6,-2,-4,-3,-3,-6,-5,-7,-5,-10,-4,-14,-6,-15,-5,-16,-4,-17,-4,-18,-5,-19,-8,-19,-12,-21,-14,-21,-16,-21,-18,-18,-16,-13,-13,-12,-11,-14,-7,-16,-2"
31.344058990478516,494,"CSI,594,128,101,81,22,0,-8,-17,-8,-17,-8,-17,-8,-17,-8,-16,-8,-16,-9,-16,-9,-16,-9,-16,-10,-16,-10,-16,-10,-16,-9,-15,-9,-15,-9,-15,-9,-15,-8,-15,-8,-15,-7,-14,-7,-13,-6,-13,-6,-13,-6,-12,-5,-12,-5,-12,-2,-3,0,0,0,0,0,0,0,0,0,0,0,0,0,0,0,0,0,0,-3,-3,-9,-12,-8,-13,-8,-14,-8,-14,-8,-15,-8,-16,-8,-17,-8,-17,-7,-18,-7,-18,-7,-18,-7,-19,-6,-19,-6,-19,-6,-19,-6,-19,-6,-19,-6,-18,-6,-18,-7,-17,-7,-17,-7,-18,-8,-18,-8,-18,-8,-18,-8,-18"
31.38030505180359,495,"CSI,2895,128,-117,-78,40,0,-20,14,-19,15,-19,14,-19,15,-19,15,-18,15,-17,16,-17,16,-17,16,-16,16,-16,16,-16,17,-16,16,-17,16,-17,16,-16,16,-16,15,-15,14,-15,13,-15,13,-15,12,-14,12,-14,11,-14,10,-13,10,-4,2,0,0,0,0,0,0,0,0,0,0,0,0,0,0,0,0,0,0,-4,3,-15,12,-15,12,-16,12,-17,12,-18,13,-18,13,-19,13,-20,13,-21,13,-22,12,-22,12,-22,12,-22,12,-22,11,-22,11,-22,11,-21,11,-21,12,-21,12,-22,13,-21,13,-20,13,-20,13,-20,13,-21,13,-22,13"
31.416217803955078,496,"CSI,1609,128,-5,-79,31,0,8,-23,7,-24,8,-23,8,-23,8,-23,7,-23,5,-24,5,-24,5,-24,4,-24,4,-24,4,-24,4,-24,4,-23,5,-23,5,-23,5,-23,5,-22,5,-21,6,-20,6,-19,5,-19,6,-18,6,-17,6,-17,1,-4,0,0,0,0,0,0,0,0,0,0,0,0,0,0,0,0,0,0,1,-5,4,-17,5,-18,5,-19,6,-19,7,-20,7,-21,7,-21,8,-22,9,-22,11,-22,11,-22,10,-22,11,-22,11,-22,11,-22,11,-22,10,-22,10,-22,11,-22,10,-22,10,-22,9,-23,8,-23,9,-23,10,-23,10,-24"
31.44692301750183,497,"CSI,2089,128,83,49,21,0,17,-2,12,-5,6,-7,1,-10,-4,-16,-9,-21,-14,-23,-19,-27,-19,-28,-16,-27,-12,-25,-9,-24,-8,-22,-4,-20,-2,-18,-1,-15,0,-10,-1,-7,-3,-3,-5,-1,-7,0,-9,2,-10,4,-10,6,-9,7,-2,2,0,0,0,0,0,0,0,0,0,0,0,0,0,0,0,0,0,0,0,2,2,11,3,12,4,13,5,15,4,15,4,17,3,18,1,18,0,17,-1,15,-2,12,0,7,5,3,10,-2,15,-3,18,0,20,0,24,-5,31,-8,34,-4,35,0,35,-2,32,-4,31,-1,32,1,32,0"
31.488497018814087,498,"CSI,595,128,101,81,22,0,-20,-13,-20,-13,-21,-12,-21,-11,-21,-11,-21,-10,-21,-10,-21,-10,-21,-10,-21,-10,-21,-10,-21,-10,-21,-9,-22,-9,-21,-9,-21,-10,-20,-10,-19,-10,-19,-10,-18,-9,-17,-9,-16,-9,-16,-9,-15,-9,-14,-10,-4,-3,0,0,0,0,0,0,0,0,0,0,0,0,0,0,0,0,0,0,-4,-2,-16,-7,-16,-7,-17,-8,-17,-9,-18,-10,-18,-11,-19,-12,-19,-12,-19,-13,-19,-13,-19,-15,-19,-16,-18,-16,-18,-16,-19,-15,-19,-15,-19,-15,-19,-15,-19,-14,-19,-13,-20,-13,-20,-14,-20,-14,-20,-14,-21,-13,-22,-13"
31.519171953201294,499,"CSI,2092,128,83,49,21,0,5,9,6,2,4,-5,1,-10,2,-15,1,-19,-2,-21,-3,-21,0,-24,3,-28,3,-30,3,-27,2,-23,3,-19,4,-16,5,-15,4,-12,1,-11,-1,-7,-2,0,-4,4,-7,4,-6,7,-5,9,-7,9,-2,2,0,0,0,0,0,0,0,0,0,0,0,0,0,0,0,0,0,0,-3,-1,-11,-1,-15,-1,-18,-3,-15,-4,-12,-4,-13,-6,-14,-6,-11,-3,-8,-3,-6,-3,-4,0,-2,3,2,5,5,7,5,10,6,14,10,18,14,22,14,25,13,28,14,29,14,31,11,31,10,28,9,23,9,20"
31.553231954574585,500,"CSI,596,128,101,81,22,0,22,-9,22,-9,22,-9,22,-10,22,-11,21,-11,20,-11,20,-11,20,-11,19,-12,19,-12,18,-12,18,-12,19,-12,19,-12,19,-11,18,-11,17,-10,17,-10,16,-9,16,-9,15,-8,15,-8,14,-7,14,-6,3,-2,0,0,0,0,0,0,0,0,0,0,0,0,0,0,0,0,0,0,4,-3,18,-10,19,-10,20,-10,21,-10,22,-10,23,-9,23,-9,24,-9,25,-8,26,-8,26,-7,26,-6,26,-6,26,-6,26,-6,26,-6,25,-6,25,-7,25,-7,25,-8,25,-8,24,-8,24,-7,24,-8,25,-8,26,-9"
31.587371826171875,501,"CSI,2097,128,83,49,21,0,-6,-4,-6,2,-7,7,-3,11,0,14,-1,17,-1,20,2,26,4,29,0,28,-3,25,-3,23,-3,23,-2,21,-2,16,-1,10,0,6,1,3,-1,3,0,3,4,-1,5,-4,5,-7,7,-9,7,-9,1,-3,0,0,0,0,0,0,0,0,0,0,0,0,0,0,0,0,0,0,1,-1,8,-1,10,1,12,2,12,2,10,1,8,1,7,3,7,4,6,2,3,0,0,-2,-1,-3,-4,-6,-6,-11,-9,-16,-13,-20,-16,-21,-16,-23,-15,-26,-13,-30,-11,-31,-10,-29,-10,-27,-11,-25,-10,-21,-10,-18"
31.634158849716187,502,"CSI,597,128,101,81,22,0,-22,10,-21,10,-21,10,-21,11,-21,11,-20,11,-19,11,-19,12,-18,12,-18,12,-17,12,-17,13,-18,12,-18,12,-18,12,-18,12,-17,11,-17,10,-16,10,-16,9,-16,9,-15,8,-15,8,-15,8,-14,7,-4,1,0,0,0,0,0,0,0,0,0,0,0,0,0,0,0,0,0,0,-5,2,-17,11,-17,11,-18,11,-19,11,-20,11,-21,11,-21,10,-23,10,-24,10,-24,10,-24,9,-24,9,-24,9,-24,8,-24,8,-24,8,-24,8,-24,8,-24,8,-24,9,-24,9,-23,9,-22,9,-22,10,-23,10,-23,10"
31.689759016036987,503,"CSI,2100,128,83,49,21,0,-10,0,-9,1,-9,5,-9,7,-9,9,-9,13,-11,15,-10,12,-10,11,-13,14,-13,14,-8,12,-7,10,-9,10,-7,11,-4,8,0,4,2,2,4,3,6,5,5,5,4,5,4,3,6,1,6,1,1,0,0,0,0,0,0,0,0,0,0,0,0,0,0,0,0,0,0,0,1,-2,6,-8,7,-8,7,-7,7,-5,6,-5,5,-6,3,-6,2,-7,3,-7,3,-6,-1,-7,-5,-8,-8,-9,-10,-9,-13,-10,-15,-16,-15,-20,-15,-20,-15,-20,-15,-22,-14,-25,-13,-23,-12,-18,-10,-17,-8,-16,-7,-14"
31.745589017868042,504,"CSI,598,128,101,81,22,0,18,16,18,16,19,16,19,15,19,14,19,14,19,14,19,14,19,13,20,13,20,13,19,13,19,12,20,12,19,12,18,12,18,13,17,13,16,13,15,12,14,11,14,11,13,11,12,11,12,11,2,2,0,0,0,0,0,0,0,0,0,0,0,0,0,0,0,0,0,0,3,2,14,9,15,10,15,11,15,11,16,12,16,14,17,15,17,16,17,16,17,16,16,17,16,18,16,18,16,18,16,18,17,18,17,18,17,18,17,17,17,17,17,17,18,17,18,17,18,17,19,17,20,17"
31.79144310951233,505,"CSI,2104,128,83,49,21,0,-9,6,-5,10,-3,14,-2,16,-1,17,-2,19,-2,18,-3,15,-6,18,-7,23,-9,23,-9,21,-6,17,-6,13,-6,12,-3,11,0,8,2,6,3,6,3,6,4,7,5,6,6,4,7,3,6,3,1,0,0,0,0,0,0,0,0,0,0,0,0,0,0,0,0,0,0,0,-4,-1,-12,-3,-11,-5,-12,-5,-12,-7,-11,-9,-10,-9,-8,-9,-7,-6,-7,-4,-7,-2,-9,1,-11,5,-12,8,-14,9,-17,11,-22,10,-26,8,-27,6,-28,6,-29,5,-30,4,-31,5,-26,5,-21,3,-22,4,-24,2"
31.86040186882019,506,"CSI,599,128,101,81,22,0,24,-3,24,-3,24,-3,24,-4,24,-5,24,-5,23,-5,23,-5,23,-6,22,-6,22,-6,22,-6,22,-6,23,-6,23,-6,22,-5,21,-4,20,-4,20,-3,19,-3,18,-3,18,-3,17,-2,17,-2,16,-1,4,-1,0,0,0,0,0,0,0,0,0,0,0,0,0,0,0,0,0,0,4,-2,18,-6,18,-6,19,-6,20,-6,21,-5,22,-5,23,-4,24,-4,24,-3,25,-3,25,-2,25,-1,25,-1,25,-1,25,-1,25,-1,25,-1,25,-1,25,-2,25,-2,25,-3,25,-2,25,-2,25,-2,26,-3,27,-3"
31.89411997795105,507,"CSI,2108,128,83,49,21,0,-10,6,-8,7,-3,11,2,13,4,16,5,19,4,21,2,25,5,26,7,23,6,23,5,22,3,18,2,16,1,13,0,7,-1,3,1,0,5,-3,6,-4,5,-5,4,-4,4,-4,7,-4,9,-7,2,-2,0,0,0,0,0,0,0,0,0,0,0,0,0,0,0,0,0,0,-1,-3,-2,-11,-1,-10,-2,-11,-2,-13,-1,-14,-1,-11,-3,-9,-4,-7,-4,-5,-4,-2,-6,0,-12,2,-15,4,-17,3,-19,2,-22,2,-27,0,-31,0,-32,1,-30,-1,-28,-5,-24,-6,-21,-4,-19,-3,-17,-4,-16,-4"
31.971317052841187,508,"CSI,600,128,101,81,22,0,19,-1,19,-2,19,-2,19,-3,19,-3,19,-3,18,-3,18,-3,18,-4,17,-4,17,-4,17,-4,17,-4,17,-4,17,-4,17,-4,16,-3,15,-2,15,-2,14,-2,14,-2,13,-2,13,-2,12,-1,12,-1,2,-1,0,0,0,0,0,0,0,0,0,0,0,0,0,0,0,0,0,0,3,-2,15,-5,15,-5,16,-5,17,-4,17,-4,18,-3,19,-3,19,-2,20,-2,21,-2,21,-1,21,0,21,0,21,0,21,0,21,0,21,0,21,0,21,-1,21,-1,21,-1,20,-1,20,-1,20,-1,21,-1,21,-2"
32.00054311752319,509,"CSI,2113,128,83,49,21,0,-2,-11,-5,-8,-7,-3,-8,2,-12,6,-16,9,-15,11,-15,11,-17,7,-20,2,-23,2,-24,2,-22,2,-18,1,-15,0,-11,-1,-7,0,-4,2,0,2,4,1,6,2,8,3,9,3,8,4,7,6,1,1,0,0,0,0,0,0,0,0,0,0,0,0,0,0,0,0,0,0,2,1,8,4,9,5,9,5,8,5,7,6,6,7,6,6,6,4,5,2,6,-1,7,-4,5,-8,6,-14,6,-18,7,-20,8,-22,8,-23,8,-24,13,-27,15,-28,13,-29,13,-27,14,-23,13,-19,11,-17,6,-15"
32.09161615371704,510,"CSI,601,128,101,81,22,0,17,-16,16,-16,16,-16,16,-16,16,-17,15,-17,14,-17,13,-17,13,-18,13,-18,12,-17,12,-17,12,-17,12,-17,13,-17,12,-16,12,-16,11,-15,11,-14,11,-14,11,-13,10,-13,10,-12,10,-11,10,-11,2,-3,0,0,0,0,0,0,0,0,0,0,0,0,0,0,0,0,0,0,2,-4,11,-15,12,-15,13,-15,14,-16,15,-16,15,-16,16,-16,17,-16,18,-16,19,-16,20,-15,20,-15,20,-15,20,-15,20,-15,20,-15,20,-15,19,-15,20,-15,19,-15,19,-16,18,-16,18,-16,18,-15,19,-16,20,-17"
32.12132382392883,511,"CSI,2117,128,83,49,21,0,7,-6,4,-11,1,-12,-3,-11,-9,-13,-11,-17,-9,-23,-8,-28,-11,-27,-11,-24,-9,-23,-6,-22,-3,-19,-1,-16,-1,-13,-1,-8,-1,-5,-2,-1,-3,4,-6,4,-6,3,-5,5,-8,8,-9,8,-7,9,-2,2,0,0,0,0,0,0,0,0,0,0,0,0,0,0,0,0,0,0,-1,2,-3,8,-4,8,-4,9,-3,11,-3,9,-3,7,-3,6,-3,4,-2,3,2,2,8,1,12,0,12,0,14,0,20,3,25,6,26,5,26,4,27,5,31,6,32,8,27,10,25,9,25,6,22,2,18,1"
32.194007873535156,512,"CSI,602,128,101,81,22,0,3,24,4,24,4,23,4,23,4,22,5,22,6,22,6,22,6,22,6,22,7,22,6,22,6,22,6,21,6,21,5,21,5,21,4,20,4,20,3,18,3,18,3,17,2,17,2,16,1,16,0,4,0,0,0,0,0,0,0,0,0,0,0,0,0,0,0,0,0,0,1,3,5,16,5,17,4,17,4,18,4,19,4,21,4,22,4,22,3,22,2,23,1,24,1,24,1,25,1,24,1,24,1,24,1,24,1,24,1,23,2,23,2,23,3,24,3,24,3,24,3,24,4,25"
32.22251772880554,513,"CSI,2121,128,83,49,21,0,-7,12,-1,10,4,8,7,9,9,11,11,15,11,18,8,17,7,18,8,19,7,19,5,20,3,20,2,17,2,11,0,6,0,3,3,2,5,-1,6,-3,7,-5,9,-6,8,-6,7,-6,8,-7,2,-2,0,0,0,0,0,0,0,0,0,0,0,0,0,0,0,0,0,0,-2,-2,-7,-7,-6,-6,-5,-8,-6,-10,-6,-11,-7,-8,-6,-7,-4,-4,-3,-1,-6,0,-9,1,-8,3,-10,4,-14,7,-16,9,-18,10,-21,9,-24,9,-27,11,-28,11,-28,8,-27,6,-25,5,-22,6,-19,7,-19,5"
32.30242896080017,514,"CSI,2124,128,83,49,21,0,-3,8,-2,11,0,9,3,12,5,16,6,17,4,16,-1,19,0,21,4,19,6,19,6,18,5,17,0,13,-4,8,-3,3,1,0,2,0,3,0,6,0,8,1,8,1,9,1,8,1,8,1,2,0,0,0,0,0,0,0,0,0,0,0,0,0,0,0,0,0,0,0,-2,-2,-7,-6,-7,-4,-9,-4,-11,-7,-9,-7,-7,-5,-5,-4,-4,-3,-6,-3,-6,-2,-6,0,-9,3,-13,6,-16,7,-18,9,-20,11,-21,11,-23,10,-24,8,-23,8,-23,8,-22,6,-20,3,-20,4,-21,6,-22,9"
32.338602781295776,515,"CSI,603,128,101,81,22,0,14,-18,13,-18,13,-19,14,-19,14,-19,13,-19,12,-19,12,-19,12,-19,11,-20,11,-20,11,-20,11,-19,12,-19,12,-19,12,-19,12,-18,11,-17,11,-16,11,-15,11,-15,11,-14,11,-14,11,-13,10,-12,2,-3,0,0,0,0,0,0,0,0,0,0,0,0,0,0,0,0,0,0,1,-4,6,-13,7,-14,8,-14,8,-15,9,-15,9,-16,10,-16,11,-16,12,-16,13,-17,14,-17,13,-16,14,-17,14,-17,14,-17,14,-17,14,-17,14,-17,14,-17,15,-17,15,-17,14,-18,14,-18,14,-18,15,-18,15,-19"
32.36899495124817,516,"CSI,2905,128,-117,-78,40,0,21,7,21,7,22,7,22,6,22,5,22,5,22,5,22,5,22,4,22,4,22,4,22,4,22,4,22,4,22,4,21,4,20,5,20,6,19,6,18,5,17,5,17,5,16,5,15,5,15,6,3,1,0,0,0,0,0,0,0,0,0,0,0,0,0,0,0,0,0,0,3,0,15,2,15,2,16,3,16,3,17,4,18,5,18,6,19,7,19,7,19,7,20,8,20,9,20,9,20,9,20,9,20,9,20,9,20,9,20,8,21,8,21,7,21,8,21,8,22,8,23,7,24,7"
32.399627923965454,517,"CSI,1611,128,-5,-79,31,0,12,15,12,14,13,14,13,13,13,13,13,13,14,13,14,13,14,13,14,13,14,13,13,13,13,13,14,12,13,12,13,12,12,13,12,13,11,12,10,11,10,11,9,11,9,10,8,10,8,11,1,2,0,0,0,0,0,0,0,0,0,0,0,0,0,0,0,0,0,0,2,1,10,7,10,8,10,8,10,9,10,10,11,11,11,12,11,12,11,12,11,13,11,14,11,15,11,15,11,15,11,15,11,15,11,15,11,15,11,14,12,14,12,14,12,14,12,15,12,15,13,14,14,15"
32.43018198013306,518,"CSI,2129,128,83,49,21,0,7,-6,3,-9,-2,-11,-4,-14,-4,-18,-5,-19,0,-18,7,-18,6,-19,3,-20,4,-20,5,-17,3,-15,1,-13,0,-10,1,-7,0,-4,-2,-1,-5,1,-8,1,-10,1,-12,2,-12,3,-13,2,-13,0,-4,-1,0,0,0,0,0,0,0,0,0,0,0,0,0,0,0,0,0,0,-2,1,-7,6,-8,7,-8,7,-7,6,-5,5,-5,4,-4,3,-2,3,2,2,4,2,6,2,8,4,12,5,15,6,15,9,16,9,18,10,20,11,23,10,23,11,18,14,15,14,15,12,12,11,10,6,10,1"
32.46675491333008,519,"CSI,604,128,101,81,22,0,-3,-24,-4,-24,-4,-24,-3,-23,-3,-23,-4,-23,-5,-23,-5,-23,-5,-23,-6,-23,-6,-23,-6,-23,-6,-23,-6,-22,-5,-22,-4,-22,-4,-22,-4,-21,-4,-21,-3,-20,-2,-19,-2,-18,-2,-17,-1,-17,-1,-17,-1,-5,0,0,0,0,0,0,0,0,0,0,0,0,0,0,0,0,0,0,-1,-4,-4,-15,-3,-16,-3,-17,-3,-18,-3,-18,-3,-19,-3,-20,-2,-21,-2,-21,-1,-21,-1,-22,-1,-23,-1,-23,0,-23,0,-23,0,-23,-1,-23,-1,-23,-1,-23,-1,-23,-1,-23,-2,-23,-3,-24,-3,-23,-2,-24,-2,-24"
32.509872913360596,520,"CSI,2132,128,83,49,21,0,4,6,7,1,13,-4,15,-9,15,-14,18,-14,19,-16,20,-18,21,-16,20,-12,20,-11,20,-12,17,-9,13,-6,10,-5,7,-5,4,-3,0,-1,-6,-3,-6,-6,-6,-6,-9,-8,-12,-8,-11,-9,-8,-10,-2,-3,0,0,0,0,0,0,0,0,0,0,0,0,0,0,0,0,0,0,-3,-1,-9,-1,-9,-2,-12,-4,-13,-6,-10,-6,-7,-5,-6,-5,-5,-3,-2,-1,-1,0,-1,5,0,11,1,13,0,15,0,19,2,20,0,20,-1,23,-1,25,-2,27,-4,28,-6,27,-8,25,-6,22,0,17,6,11"
32.538458824157715,521,"CSI,605,128,101,81,22,0,21,9,21,9,22,8,22,8,22,7,22,6,22,6,22,6,22,6,22,6,22,6,22,6,22,6,23,5,22,5,22,6,21,7,20,7,19,7,19,6,18,6,17,6,17,7,16,7,15,7,3,1,0,0,0,0,0,0,0,0,0,0,0,0,0,0,0,0,0,0,3,1,16,4,16,4,16,5,17,5,18,6,18,7,19,8,19,9,20,9,20,9,20,10,20,11,20,12,20,12,20,11,20,11,20,11,20,11,21,10,21,9,21,9,21,10,21,10,21,10,22,9,24,9"
32.61008596420288,522,"CSI,2137,128,83,49,21,0,3,-4,4,-10,8,-14,12,-16,12,-19,12,-21,10,-22,6,-23,6,-20,8,-16,6,-11,5,-8,6,-7,6,-4,5,-2,2,0,-2,2,-6,2,-8,0,-8,0,-8,2,-8,3,-8,3,-8,4,-9,5,-3,1,0,0,0,0,0,0,0,0,0,0,0,0,0,0,0,0,0,0,-2,-2,-6,-6,-7,-6,-7,-6,-5,-7,-3,-5,-4,-1,-5,2,-4,2,-2,3,-1,5,-1,9,-1,11,-1,12,-1,14,-1,18,-2,20,-3,19,-5,20,-7,21,-5,20,-2,19,-4,18,-4,14,-2,8,0,1,1,-3"
32.6693549156189,523,"CSI,2187,128,83,49,21,0,5,17,5,16,6,16,6,14,6,11,6,10,2,10,-2,6,-2,4,0,4,-1,2,-1,-1,1,-5,1,-8,1,-7,0,-6,-2,-6,-3,-8,-3,-7,-4,-4,-4,-2,-5,-1,-5,-1,-4,-3,-4,-3,-1,-1,0,0,0,0,0,0,0,0,0,0,0,0,0,0,0,0,0,0,1,1,5,4,6,3,5,4,4,4,2,3,1,1,1,1,1,0,0,-2,-4,-4,-8,-6,-6,-6,-3,-7,-4,-8,-8,-8,-8,-10,-8,-12,-7,-12,-5,-11,-3,-9,-4,-6,-4,-3,-2,0,-1,2,0,6,4,11"
32.70446801185608,524,"CSI,606,128,101,81,22,0,-14,20,-13,20,-13,20,-13,20,-13,20,-12,20,-11,20,-10,21,-10,21,-9,21,-9,21,-9,21,-9,21,-9,20,-10,20,-10,19,-9,19,-9,18,-9,17,-9,16,-9,15,-9,15,-9,14,-9,13,-9,13,-3,3,0,0,0,0,0,0,0,0,0,0,0,0,0,0,0,0,0,0,-2,4,-8,16,-8,17,-9,17,-10,18,-11,18,-12,19,-12,20,-13,20,-14,20,-15,20,-16,20,-16,20,-16,20,-16,20,-16,20,-16,19,-16,19,-16,20,-16,20,-16,20,-15,20,-14,20,-14,20,-14,20,-15,21,-15,22"
32.77025485038757,525,"CSI,607,128,101,81,22,0,18,4,18,4,18,3,18,3,18,2,18,2,18,2,18,2,18,2,18,2,18,1,18,1,18,1,18,1,18,1,17,1,17,2,16,2,15,2,15,2,14,2,14,2,13,2,13,2,12,3,3,0,0,0,0,0,0,0,0,0,0,0,0,0,0,0,0,0,0,0,3,0,12,0,13,0,13,0,14,0,14,1,15,2,15,2,16,3,17,3,17,3,17,4,17,5,17,6,17,5,17,5,17,5,17,5,17,5,18,4,18,4,18,4,18,4,18,5,19,4,19,4,20,4"
32.8147668838501,526,"CSI,2144,128,83,49,21,0,3,-6,3,-6,8,-8,11,-8,13,-7,15,-9,16,-11,17,-14,16,-13,13,-11,10,-8,11,-7,12,-7,10,-6,7,-2,5,0,2,3,0,5,1,4,5,3,4,3,1,4,1,4,1,6,2,7,0,1,0,0,0,0,0,0,0,0,0,0,0,0,0,0,0,0,0,0,-1,0,-4,1,-5,2,-6,3,-7,3,-8,4,-6,3,-5,3,-3,2,-2,0,-3,0,-2,-1,-1,-3,0,-4,-1,-7,-3,-10,-3,-11,0,-12,-2,-14,-5,-14,-5,-13,-5,-12,-6,-13,-7,-13,-7,-12,-5,-12,-6,-11"
32.87038969993591,527,"CSI,608,128,101,81,22,0,16,9,16,9,17,8,17,7,16,7,16,7,16,7,16,7,16,7,16,6,16,6,16,6,16,6,16,6,16,6,15,6,14,7,14,7,13,6,12,6,12,6,11,6,11,5,10,6,9,6,2,1,0,0,0,0,0,0,0,0,0,0,0,0,0,0,0,0,0,0,3,1,12,4,13,4,13,5,13,5,14,6,14,7,15,8,15,8,16,8,16,9,15,9,15,10,15,10,15,10,15,10,16,10,16,10,16,10,16,9,16,9,16,9,17,9,16,9,17,9,17,9,18,9"
32.919456005096436,528,"CSI,2148,128,83,49,21,0,-13,0,-13,-2,-12,-2,-10,-2,-12,-5,-12,-7,-15,-9,-21,-11,-19,-11,-16,-10,-15,-9,-14,-7,-12,-8,-13,-10,-12,-9,-7,-8,-3,-5,-3,-4,-3,-6,-1,-5,1,-3,2,-5,2,-8,3,-9,2,-8,0,-2,0,0,0,0,0,0,0,0,0,0,0,0,0,0,0,0,0,0,-1,1,-3,6,-3,8,-4,9,-4,9,-5,9,-5,6,-5,4,-6,4,-5,3,-5,1,-8,0,-13,-2,-17,-2,-18,0,-17,2,-17,1,-16,0,-17,0,-17,0,-17,2,-18,4,-19,5,-18,5,-21,5,-21,7,-17,8"
32.98220086097717,529,"CSI,609,128,101,81,22,0,24,-1,24,-1,24,-2,25,-3,24,-3,24,-4,24,-4,24,-4,24,-4,23,-3,23,-3,23,-3,23,-4,23,-4,24,-4,23,-3,22,-2,21,-2,20,-2,20,-2,19,-2,18,-1,18,-1,17,0,16,1,4,0,0,0,0,0,0,0,0,0,0,0,0,0,0,0,0,0,0,0,3,-1,15,-3,15,-3,16,-3,17,-3,18,-3,19,-2,19,-2,20,-2,21,-2,22,-1,22,0,22,1,22,1,22,1,23,0,23,0,23,1,23,0,24,-1,24,-1,24,-2,24,-1,24,-1,25,-1,26,-1,26,-1"
33.0213840007782,530,"CSI,2153,128,83,49,21,0,-8,-11,-6,-11,-6,-11,-4,-9,-2,-9,1,-10,2,-10,0,-11,3,-12,7,-11,6,-12,7,-15,7,-16,2,-13,0,-10,4,-10,5,-9,3,-7,3,-4,3,0,2,1,1,1,2,2,4,2,5,0,1,-1,0,0,0,0,0,0,0,0,0,0,0,0,0,0,0,0,0,0,-2,0,-5,1,-7,0,-10,1,-11,3,-11,3,-10,2,-9,2,-8,1,-7,1,-7,1,-7,-1,-7,-2,-7,-1,-7,-3,-7,-7,-6,-10,-7,-10,-9,-10,-8,-12,-8,-15,-9,-17,-11,-17,-13,-17,-15,-16,-16,-14,-16,-13"
33.10607194900513,531,"CSI,610,128,101,81,22,0,-21,-2,-21,-2,-21,-2,-21,-1,-21,-1,-21,0,-20,0,-20,0,-20,0,-20,0,-19,0,-19,0,-19,0,-20,0,-20,0,-19,0,-18,-1,-17,-1,-17,-1,-16,-1,-16,-1,-15,-1,-15,-1,-14,-2,-13,-2,-4,-1,0,0,0,0,0,0,0,0,0,0,0,0,0,0,0,0,0,0,-4,0,-15,2,-15,1,-16,1,-17,1,-17,1,-18,0,-19,-1,-19,-1,-20,-1,-21,-2,-21,-2,-21,-3,-21,-3,-21,-3,-21,-3,-21,-3,-21,-4,-21,-4,-21,-3,-21,-2,-21,-2,-21,-2,-21,-3,-22,-3,-22,-2,-23,-2"
33.13427782058716,532,"CSI,2157,128,83,49,21,0,10,-3,9,-1,8,-1,7,0,7,5,5,11,8,12,15,8,17,8,13,10,10,13,9,14,11,10,11,7,10,6,7,8,4,8,1,7,0,3,-2,2,-4,4,-5,6,-5,7,-4,7,-2,8,-1,2,0,0,0,0,0,0,0,0,0,0,0,0,0,0,0,0,0,0,0,-2,1,-6,1,-8,2,-8,2,-7,2,-7,3,-8,4,-5,4,-4,5,-4,7,-4,7,-4,7,-3,9,-1,9,1,10,2,12,1,12,2,14,2,16,0,16,-1,17,1,19,1,20,-3,18,-5,18,-6,18,-6"
33.211369037628174,533,"CSI,611,128,101,81,22,0,-25,9,-25,9,-25,9,-25,9,-25,10,-25,11,-24,11,-24,11,-24,11,-23,11,-23,11,-23,11,-23,12,-23,12,-23,11,-23,11,-22,10,-21,9,-21,9,-20,9,-20,8,-20,8,-19,7,-19,6,-18,5,-5,1,0,0,0,0,0,0,0,0,0,0,0,0,0,0,0,0,0,0,-4,1,-15,6,-15,7,-16,7,-17,7,-18,7,-19,7,-19,7,-21,7,-22,7,-23,7,-23,6,-23,6,-24,5,-24,5,-24,6,-25,6,-25,6,-25,6,-25,7,-26,8,-25,8,-25,8,-25,7,-25,7,-27,8,-27,8"
33.239436864852905,534,"CSI,2160,128,83,49,21,0,2,8,-2,7,-3,7,-4,7,-7,7,-9,6,-8,3,-8,1,-10,3,-11,8,-10,9,-11,9,-9,10,-7,8,-8,7,-6,5,-4,2,-4,-1,-2,0,-1,-3,-1,-7,-2,-6,-3,-5,-3,-5,-1,-7,0,-2,0,0,0,0,0,0,0,0,0,0,0,0,0,0,0,0,0,0,0,-2,2,-6,3,-6,6,-7,7,-7,6,-7,7,-6,10,-3,9,0,7,0,8,-1,10,0,12,2,11,4,10,6,10,8,11,10,12,10,12,9,11,10,12,10,12,11,10,12,12,12,15,11,15,8,13,3"
33.320663928985596,535,"CSI,612,128,101,81,22,0,3,-13,2,-13,2,-13,2,-12,2,-12,2,-12,2,-12,1,-12,1,-12,1,-12,1,-12,1,-12,1,-12,1,-12,1,-11,2,-11,1,-11,1,-11,1,-10,1,-10,2,-9,2,-9,2,-8,2,-8,2,-8,0,-2,0,0,0,0,0,0,0,0,0,0,0,0,0,0,0,0,0,0,0,-2,1,-9,1,-9,1,-9,1,-9,2,-10,2,-10,2,-11,2,-11,3,-11,3,-11,3,-11,4,-12,4,-12,4,-12,4,-12,4,-12,4,-12,4,-12,4,-12,3,-12,3,-12,3,-13,3,-13,3,-13,3,-12,3,-13"
33.411866903305054,536,"CSI,2916,128,-117,-78,40,0,-14,-14,-14,-14,-15,-14,-15,-13,-14,-13,-15,-12,-15,-12,-15,-12,-15,-12,-15,-12,-15,-12,-14,-12,-14,-11,-14,-11,-14,-11,-13,-11,-13,-11,-12,-11,-11,-11,-11,-10,-10,-10,-10,-9,-9,-9,-9,-9,-8,-9,-2,-3,0,0,0,0,0,0,0,0,0,0,0,0,0,0,0,0,0,0,-3,-3,-12,-9,-12,-10,-12,-11,-13,-11,-13,-12,-14,-13,-14,-14,-14,-14,-14,-14,-14,-15,-14,-16,-14,-16,-14,-17,-13,-17,-14,-16,-14,-16,-14,-16,-14,-16,-14,-15,-14,-15,-14,-15,-15,-15,-15,-15,-15,-15,-15,-15,-16,-15"
33.44500207901001,537,"CSI,2168,128,83,49,21,0,1,-9,4,-7,5,-5,6,-3,9,-1,12,0,11,1,11,1,15,1,17,-1,18,-2,19,-3,17,-2,13,2,10,4,6,3,2,3,0,4,0,3,-1,2,-3,0,-4,0,-4,3,-4,5,-4,4,-1,0,0,0,0,0,0,0,0,0,0,0,0,0,0,0,0,0,0,0,-2,0,-6,2,-6,4,-8,3,-10,2,-9,2,-8,0,-7,-1,-5,-1,-5,-2,-5,-4,-4,-5,-4,-8,-4,-11,-4,-15,-3,-18,-1,-16,0,-14,1,-15,-1,-19,-3,-20,-2,-21,-2,-19,-4,-18,-7,-16,-10,-14,-10,-11"
33.4846830368042,538,"CSI,613,128,101,81,22,0,-17,-21,-17,-21,-17,-20,-17,-19,-17,-19,-17,-19,-17,-19,-18,-19,-18,-19,-18,-18,-18,-18,-18,-18,-18,-18,-18,-17,-17,-17,-16,-17,-15,-18,-15,-18,-14,-17,-13,-16,-12,-16,-12,-15,-11,-15,-10,-14,-10,-15,-3,-4,0,0,0,0,0,0,0,0,0,0,0,0,0,0,0,0,0,0,-4,-4,-15,-13,-15,-14,-15,-15,-15,-15,-16,-16,-16,-18,-16,-19,-16,-20,-16,-20,-16,-21,-16,-21,-16,-22,-16,-23,-16,-23,-16,-22,-16,-22,-16,-23,-16,-22,-16,-21,-16,-21,-16,-21,-17,-22,-17,-22,-17,-21,-18,-21,-19,-22"
33.53370499610901,539,"CSI,2172,128,83,49,21,0,0,2,-2,4,-5,6,-9,7,-12,10,-10,11,-10,14,-9,19,-8,19,-9,14,-10,11,-8,13,-9,16,-9,13,-7,7,-5,3,-4,-1,-3,-2,-3,-3,-3,-5,-6,-6,-7,-7,-6,-7,-5,-7,-4,-7,-1,-2,0,0,0,0,0,0,0,0,0,0,0,0,0,0,0,0,0,0,-2,-3,-5,-8,-3,-7,-1,-8,1,-10,2,-8,3,-5,3,-3,5,-3,5,-1,6,1,8,4,11,7,12,7,12,7,12,10,14,12,16,11,17,8,16,6,15,7,16,6,17,4,15,5,13,5,10,5,7,6"
33.56179475784302,540,"CSI,614,128,101,81,22,0,11,20,11,21,11,20,11,19,12,19,12,19,13,19,13,19,13,19,14,19,14,19,14,18,14,18,14,18,14,17,13,18,12,18,12,18,12,17,11,16,10,15,10,15,9,15,8,14,8,15,2,3,0,0,0,0,0,0,0,0,0,0,0,0,0,0,0,0,0,0,2,3,8,13,8,13,8,14,8,15,8,16,9,17,9,19,9,19,8,19,8,20,7,20,7,21,7,22,7,22,7,22,7,22,8,22,8,21,8,21,8,20,9,20,10,21,10,21,10,21,10,21,10,22"
33.63346886634827,541,"CSI,2176,128,83,49,21,0,3,1,0,0,-3,-4,-4,-10,-5,-13,-7,-14,-8,-12,-5,-13,-6,-17,-9,-19,-10,-18,-11,-18,-11,-17,-6,-13,-3,-9,-2,-6,1,-5,2,-4,1,0,0,2,1,3,2,4,4,7,4,8,3,7,0,1,0,0,0,0,0,0,0,0,0,0,0,0,0,0,0,0,0,0,-2,-1,-6,-5,-6,-8,-6,-10,-5,-8,-2,-4,0,-3,0,-3,1,-1,1,0,2,4,5,7,8,8,8,10,6,13,6,16,7,18,7,19,7,19,7,19,7,18,6,17,6,17,7,15,7,11,6,7,6,7"
33.6614089012146,542,"CSI,615,128,101,81,22,0,23,5,23,5,23,5,23,4,22,3,22,2,22,3,22,2,22,2,21,2,21,1,21,1,21,1,21,0,21,0,21,1,20,2,19,2,18,2,18,2,17,1,16,2,16,2,15,2,14,3,3,0,0,0,0,0,0,0,0,0,0,0,0,0,0,0,0,0,0,0,4,0,19,3,19,3,20,4,21,4,22,5,22,6,23,7,23,8,24,8,24,8,24,8,24,9,24,10,24,9,24,9,24,9,24,9,23,9,23,8,24,7,24,7,24,7,24,7,24,7,24,6,25,6"
33.77582287788391,543,"CSI,616,128,101,81,22,0,-22,-3,-22,-3,-22,-2,-22,-2,-21,-1,-21,-1,-21,-1,-21,-1,-21,-1,-20,0,-20,0,-20,0,-20,0,-20,1,-20,1,-19,0,-18,-1,-18,-2,-18,-2,-17,-1,-16,-1,-16,-1,-15,-2,-14,-2,-14,-3,-4,-1,0,0,0,0,0,0,0,0,0,0,0,0,0,0,0,0,0,0,-5,-1,-20,-2,-21,-2,-21,-3,-22,-3,-23,-4,-23,-4,-24,-5,-24,-6,-25,-6,-25,-6,-25,-7,-24,-7,-24,-8,-24,-8,-24,-7,-24,-7,-24,-7,-23,-6,-23,-6,-23,-5,-23,-5,-23,-5,-23,-5,-23,-5,-23,-5,-24,-5"
33.84267973899841,544,"CSI,2184,128,83,49,21,0,-9,-9,-10,-7,-11,-3,-8,0,-9,1,-11,3,-16,4,-22,2,-24,1,-22,3,-22,5,-20,4,-17,1,-13,-3,-10,-4,-8,-3,-8,-1,-6,1,-6,4,-6,5,-5,5,-3,4,-2,5,-2,5,-3,4,-1,1,0,0,0,0,0,0,0,0,0,0,0,0,0,0,0,0,0,0,-2,-3,-3,-11,-2,-10,-2,-10,-3,-11,-1,-9,-1,-8,-1,-9,0,-7,0,-5,-2,-5,-3,-6,-5,-8,-9,-10,-10,-10,-9,-11,-12,-12,-12,-13,-10,-12,-12,-14,-15,-17,-14,-18,-13,-19,-14,-20,-17,-23,-17,-20,-15,-16"
33.88157081604004,545,"CSI,617,128,101,81,22,0,20,10,20,10,20,9,20,9,20,8,20,8,20,8,20,7,20,7,20,7,20,7,20,6,20,6,20,6,20,6,20,7,19,7,18,8,18,7,17,7,16,6,16,7,15,7,15,7,14,7,3,2,0,0,0,0,0,0,0,0,0,0,0,0,0,0,0,0,0,0,4,1,16,4,16,5,17,5,17,6,18,6,19,8,19,9,20,9,20,10,20,10,20,11,20,12,20,12,20,12,20,12,20,12,20,12,20,12,20,11,20,10,20,10,20,11,20,11,20,11,21,10,22,10"
33.94173884391785,546,"CSI,2188,128,83,49,21,0,-6,4,-3,4,4,8,11,12,13,12,13,11,15,14,16,19,17,18,16,16,15,14,14,10,10,8,7,8,6,7,6,6,4,2,5,-2,5,-4,5,-7,4,-8,0,-8,-1,-9,0,-10,0,-10,0,-3,0,0,0,0,0,0,0,0,0,0,0,0,0,0,0,0,0,0,1,-3,7,-10,6,-8,6,-7,8,-6,11,-7,10,-5,7,-2,5,-2,6,-2,5,-2,0,-1,-6,1,-11,1,-14,-1,-14,-3,-15,-4,-18,-3,-23,-4,-26,-6,-26,-6,-23,-6,-20,-6,-18,-6,-18,-6,-19,-5,-18,-6"
33.99731206893921,547,"CSI,618,128,101,81,22,0,-24,3,-23,4,-23,4,-23,4,-23,5,-22,5,-22,5,-22,5,-21,6,-21,6,-21,6,-20,6,-20,6,-21,6,-20,6,-20,6,-19,5,-18,4,-18,4,-18,4,-17,4,-16,3,-16,3,-15,2,-15,1,-4,0,0,0,0,0,0,0,0,0,0,0,0,0,0,0,0,0,0,0,-5,1,-18,4,-19,3,-20,3,-21,3,-22,3,-22,3,-23,2,-24,2,-25,2,-25,2,-25,1,-25,0,-25,0,-25,0,-25,0,-25,0,-25,0,-25,1,-25,1,-25,2,-25,2,-25,2,-24,2,-25,2,-25,3,-26,3"
34.03948974609375,548,"CSI,1396,128,-118,32,8,0,21,-21,19,-21,18,-20,17,-19,15,-19,13,-19,10,-19,7,-19,6,-20,4,-21,4,-22,3,-24,4,-25,6,-25,7,-24,9,-23,9,-22,10,-20,11,-18,11,-15,11,-13,10,-11,9,-10,8,-10,8,-10,2,-3,0,0,0,0,0,0,0,0,0,0,0,0,0,0,0,0,0,0,2,-3,9,-10,9,-11,10,-12,11,-13,13,-14,16,-15,18,-15,21,-14,23,-11,25,-9,25,-8,24,-7,23,-6,22,-6,20,-6,19,-7,17,-9,18,-11,19,-13,19,-15,19,-17,19,-20,19,-21,20,-22,21,-22,21,-22"
34.0726900100708,549,"CSI,1397,128,-98,96,9,0,-16,7,-15,7,-14,7,-13,7,-12,7,-11,8,-9,8,-8,8,-7,9,-6,10,-6,11,-6,11,-7,12,-8,12,-9,12,-9,11,-9,9,-9,8,-9,7,-9,5,-9,4,-8,4,-7,4,-7,3,-7,3,-2,1,0,0,0,0,0,0,0,0,0,0,0,0,0,0,0,0,0,0,-2,1,-7,4,-7,4,-8,4,-9,4,-10,5,-11,5,-13,4,-14,3,-15,2,-16,0,-16,0,-15,-1,-14,-1,-13,-1,-13,-1,-12,0,-12,1,-12,2,-13,3,-14,4,-14,5,-14,6,-14,7,-15,8,-16,8,-16,8"
34.103347063064575,550,"CSI,2192,128,83,49,21,0,-2,-4,-5,-6,-8,-6,-10,-8,-10,-12,-9,-13,-9,-14,-8,-16,-11,-14,-15,-12,-16,-11,-15,-8,-11,-8,-7,-9,-6,-9,-6,-5,-5,-1,-4,1,-3,4,-3,5,-1,3,2,3,3,3,3,4,4,6,1,1,0,0,0,0,0,0,0,0,0,0,0,0,0,0,0,0,0,0,-3,0,-9,1,-9,0,-10,0,-10,-1,-8,-2,-5,-4,-4,-4,-2,-3,0,-2,0,0,2,1,7,2,11,4,12,5,12,8,14,10,14,10,15,10,15,10,12,11,13,11,15,12,14,12,12,11,10,7,8,2"
34.13658404350281,551,"CSI,619,128,101,81,22,0,12,19,13,18,13,18,13,17,13,16,13,16,14,16,14,16,14,16,14,16,14,15,14,15,14,15,14,14,14,14,13,14,13,15,12,15,11,14,11,13,10,12,10,12,9,12,8,12,8,12,2,3,0,0,0,0,0,0,0,0,0,0,0,0,0,0,0,0,0,0,3,2,12,12,12,12,12,13,12,14,12,15,13,16,13,17,13,18,13,19,12,19,12,20,12,21,12,21,11,21,11,21,11,21,12,21,12,20,11,20,12,19,12,19,13,20,13,20,13,20,13,19,14,20"
34.16633081436157,552,"CSI,2196,128,83,49,21,0,-3,11,0,11,4,9,10,5,14,0,17,-2,18,-4,17,-7,17,-5,18,-2,21,-2,22,-2,19,-1,14,-1,13,-1,12,0,9,-1,6,-2,4,-1,3,-2,1,-5,-3,-5,-5,-6,-5,-7,-6,-8,-2,-3,0,0,0,0,0,0,0,0,0,0,0,0,0,0,0,0,0,0,-1,-1,-4,-1,-7,-1,-10,-4,-9,-6,-7,-5,-7,-6,-6,-8,-7,-7,-7,-7,-3,-5,1,-2,0,4,-2,8,-1,10,0,13,-3,17,-5,18,-5,19,-8,21,-9,21,-9,21,-10,23,-11,23,-10,23,-9,21,-8,19"
34.21608877182007,553,"CSI,620,128,101,81,22,0,4,11,4,11,5,11,5,10,5,10,5,9,5,10,5,10,5,10,6,10,6,9,5,9,6,9,6,9,5,9,5,9,5,9,5,9,5,9,4,8,4,8,4,7,4,7,3,7,3,7,0,1,0,0,0,0,0,0,0,0,0,0,0,0,0,0,0,0,0,0,0,1,3,6,3,7,3,7,3,8,3,8,3,9,4,9,3,10,3,10,3,10,3,10,3,11,2,11,3,11,3,11,3,11,3,11,3,11,3,11,3,10,3,10,4,11,4,11,4,11,4,10,4,10"
34.3353590965271,554,"CSI,621,128,101,81,22,0,-2,13,-2,13,-2,12,-2,12,-1,13,-1,13,-1,13,0,12,0,12,0,12,0,13,0,13,0,13,0,12,-1,12,-1,12,-1,12,-1,12,-1,11,-2,11,-2,10,-1,10,-2,10,-2,9,-2,9,-1,2,0,0,0,0,0,0,0,0,0,0,0,0,0,0,0,0,0,0,0,1,1,7,0,8,0,8,0,9,0,9,0,10,0,11,0,11,-1,11,-2,11,-2,11,-2,12,-2,12,-2,12,-2,12,-2,12,-2,12,-2,12,-3,12,-3,12,-2,12,-2,12,-1,12,-2,12,-2,13,-2,13"
34.36528182029724,555,"CSI,2205,128,83,49,21,0,3,-10,1,-11,-1,-9,-5,-6,-11,-4,-15,-4,-16,-2,-16,1,-18,0,-22,-2,-21,-6,-19,-9,-20,-9,-18,-6,-14,-5,-13,-5,-11,-3,-6,-2,-4,-3,-2,-2,0,1,1,3,2,3,4,3,6,4,1,1,0,0,0,0,0,0,0,0,0,0,0,0,0,0,0,0,0,0,0,2,4,9,4,10,3,12,3,13,2,11,2,9,1,8,-1,7,-1,6,0,4,0,2,3,-1,5,-6,8,-10,12,-11,15,-12,15,-14,17,-14,19,-14,20,-13,21,-13,20,-13,19,-14,19,-16,19,-14,18,-12"
34.45308709144592,556,"CSI,622,128,101,81,22,0,-2,-26,-2,-27,-3,-27,-3,-26,-3,-26,-3,-26,-4,-26,-5,-26,-5,-27,-6,-27,-6,-27,-6,-27,-6,-27,-6,-26,-5,-26,-5,-26,-4,-26,-4,-26,-4,-25,-3,-24,-3,-23,-3,-22,-2,-22,-1,-21,-1,-21,-1,-6,0,0,0,0,0,0,0,0,0,0,0,0,0,0,0,0,0,0,-2,-4,-4,-15,-4,-15,-4,-17,-3,-17,-3,-18,-3,-20,-3,-21,-3,-22,-2,-22,-1,-23,-1,-24,-1,-24,0,-25,0,-25,0,-25,0,-25,0,-25,0,-25,0,-25,0,-25,0,-25,-1,-25,-2,-26,-2,-26,-2,-27,-2,-27"
34.48645377159119,557,"CSI,2922,128,-117,-78,40,0,-9,22,-9,22,-8,22,-8,22,-8,22,-8,22,-7,23,-6,23,-6,23,-6,23,-5,24,-6,24,-6,23,-6,23,-7,23,-7,23,-7,23,-7,22,-7,21,-7,20,-7,19,-7,19,-8,18,-8,17,-8,17,-2,4,0,0,0,0,0,0,0,0,0,0,0,0,0,0,0,0,0,0,-1,3,-2,13,-3,13,-4,14,-4,15,-5,16,-5,17,-5,18,-6,18,-7,18,-9,19,-9,19,-9,20,-9,20,-9,20,-10,20,-10,20,-10,20,-10,20,-10,20,-10,20,-10,21,-9,21,-9,21,-9,21,-10,22,-10,23"
34.51717686653137,558,"CSI,2209,128,83,49,21,0,3,-6,-1,-4,-3,0,-6,2,-10,3,-13,8,-14,10,-14,6,-16,6,-18,11,-18,12,-16,12,-16,11,-15,8,-14,6,-11,5,-7,4,-3,2,-1,2,1,1,2,-2,3,-4,6,-5,8,-7,8,-6,2,-2,0,0,0,0,0,0,0,0,0,0,0,0,0,0,0,0,0,0,-1,2,-3,10,-5,10,-8,11,-11,10,-12,10,-11,9,-9,7,-7,4,-6,4,-4,1,-2,-1,0,-3,5,-6,8,-7,12,-8,17,-8,17,-9,17,-9,18,-10,18,-13,18,-14,19,-14,20,-16,20,-17,18,-16,17,-14"
34.555991888046265,559,"CSI,1614,128,-5,-79,31,0,-7,-23,-7,-23,-8,-23,-7,-22,-7,-22,-8,-22,-9,-22,-10,-22,-10,-22,-11,-22,-11,-22,-11,-22,-11,-22,-11,-22,-10,-21,-10,-22,-9,-21,-9,-21,-9,-21,-8,-20,-8,-19,-8,-19,-7,-18,-7,-18,-6,-18,-2,-5,0,0,0,0,0,0,0,0,0,0,0,0,0,0,0,0,0,0,-2,-3,-6,-12,-6,-13,-6,-14,-6,-15,-6,-16,-6,-17,-6,-18,-6,-19,-5,-19,-5,-20,-5,-21,-5,-21,-4,-22,-4,-22,-4,-22,-4,-22,-4,-22,-5,-22,-4,-22,-5,-22,-5,-22,-6,-22,-6,-22,-6,-22,-6,-23,-6,-23"
34.58660888671875,560,"CSI,2212,128,83,49,21,0,-6,8,0,5,4,3,7,0,10,-4,13,-4,14,-4,13,-7,14,-7,18,-7,20,-7,20,-3,19,-2,17,-4,13,-4,10,-1,8,1,4,0,1,-3,-1,-4,-2,-3,-5,-3,-8,-3,-9,-1,-11,0,-3,0,0,0,0,0,0,0,0,0,0,0,0,0,0,0,0,0,0,0,0,-2,4,-9,4,-11,5,-11,7,-11,7,-10,4,-9,4,-8,6,-7,7,-6,5,-5,2,-2,-1,2,-5,4,-6,5,-9,7,-14,8,-18,8,-18,9,-19,12,-21,13,-23,13,-25,11,-24,9,-23,12,-23,13,-22,13"
34.6170129776001,561,"CSI,623,128,101,81,22,0,21,8,22,8,22,7,22,6,22,6,22,6,22,6,22,6,22,5,22,5,22,5,21,4,22,5,22,4,22,4,21,5,21,6,20,6,19,6,18,6,18,5,17,5,17,5,16,6,15,6,3,1,0,0,0,0,0,0,0,0,0,0,0,0,0,0,0,0,0,0,4,0,16,2,16,3,17,3,18,4,18,5,19,6,20,7,20,7,21,8,21,8,21,9,20,10,21,10,21,10,21,10,21,10,21,10,21,10,21,9,21,8,21,8,22,9,22,9,22,8,23,8,24,8"
34.64763879776001,562,"CSI,2642,128,75,-79,20,0,-8,2,-3,1,1,-3,5,-6,9,-5,14,-2,19,-2,24,-4,25,-7,21,-7,17,-6,19,-5,20,-3,16,-2,13,-2,9,0,3,0,0,-3,-3,-2,-7,1,-8,2,-7,1,-7,1,-8,2,-11,2,-3,0,0,0,0,0,0,0,0,0,0,0,0,0,0,0,0,0,0,0,2,-1,9,-2,11,-3,11,-2,12,-1,13,-3,11,-4,9,-2,8,-2,7,-3,5,-2,1,0,-2,1,-3,1,-6,-1,-11,-2,-17,-1,-19,-1,-20,-3,-21,-1,-24,1,-25,1,-25,3,-26,3,-29,0,-28,-2,-25,-1"
34.67824912071228,563,"CSI,2643,128,75,-79,20,0,3,7,2,1,1,-4,-1,-5,-2,-7,-1,-14,0,-21,-2,-26,-4,-24,-3,-21,-1,-22,-1,-23,-2,-22,-1,-19,1,-13,2,-8,2,-3,0,0,0,3,-2,5,-4,6,-3,6,-2,6,-2,6,-3,7,-1,1,0,0,0,0,0,0,0,0,0,0,0,0,0,0,0,0,0,0,-2,-3,-7,-10,-9,-10,-7,-10,-3,-9,-1,-10,-2,-12,-2,-11,-2,-9,-2,-10,-2,-8,-1,-4,1,0,0,5,-1,8,0,13,1,16,0,17,0,19,0,25,0,26,0,25,0,25,1,25,1,27,0,28,0,27"
34.708815813064575,564,"CSI,2217,128,83,49,21,0,8,-3,2,-4,-5,-3,-9,-2,-12,-3,-15,-3,-17,-1,-18,3,-19,2,-20,-3,-19,-5,-17,-5,-16,-4,-13,-4,-10,-4,-8,-4,-4,-3,-1,-2,-1,2,0,4,4,3,6,3,6,3,6,3,8,1,2,0,0,0,0,0,0,0,0,0,0,0,0,0,0,0,0,0,0,0,-2,0,-8,1,-11,3,-11,4,-10,4,-10,3,-11,2,-12,1,-10,0,-7,-2,-5,-3,-2,-1,2,-1,6,-1,8,0,11,0,16,0,18,0,18,0,21,2,24,2,24,2,24,4,23,4,20,2,18,1,17,1"
34.74477505683899,565,"CSI,624,128,101,81,22,0,1,-23,0,-23,0,-23,0,-22,0,-22,0,-22,-1,-22,-2,-22,-2,-22,-2,-23,-2,-22,-2,-22,-2,-22,-2,-21,-2,-21,-1,-21,-1,-21,-1,-21,0,-20,0,-19,0,-18,0,-17,1,-17,1,-16,1,-16,0,-4,0,0,0,0,0,0,0,0,0,0,0,0,0,0,0,0,0,0,-1,-4,-3,-15,-2,-16,-2,-17,-2,-17,-1,-18,-1,-19,-1,-20,0,-21,0,-21,1,-21,2,-22,2,-23,2,-23,2,-23,2,-23,2,-23,2,-23,2,-23,2,-22,2,-22,2,-22,1,-23,1,-23,1,-23,1,-23,1,-24"
34.772706747055054,566,"CSI,2221,128,83,49,21,0,5,-4,4,-6,3,-9,3,-10,3,-12,2,-17,3,-17,7,-13,9,-14,6,-18,5,-16,6,-13,5,-11,2,-9,-1,-7,-3,-4,-3,-2,-4,-1,-4,0,-5,1,-7,0,-8,-1,-8,-3,-9,-3,-9,-3,-2,-1,0,0,0,0,0,0,0,0,0,0,0,0,0,0,0,0,0,0,1,2,4,9,3,9,1,9,0,10,-1,10,-1,9,0,7,1,6,0,4,0,1,1,1,4,1,9,-1,15,-1,18,1,20,3,20,5,20,5,20,4,19,4,20,4,20,5,19,6,17,7,17,6,18,5"
34.80865287780762,567,"CSI,625,128,101,81,22,0,19,-12,19,-12,19,-12,19,-12,19,-13,18,-13,17,-13,17,-13,17,-13,17,-14,16,-14,16,-14,16,-14,17,-14,17,-13,17,-13,16,-12,16,-12,15,-11,15,-11,14,-10,14,-10,14,-9,14,-8,13,-8,3,-2,0,0,0,0,0,0,0,0,0,0,0,0,0,0,0,0,0,0,3,-3,13,-10,13,-10,14,-10,15,-10,16,-10,16,-10,16,-10,17,-10,18,-10,19,-10,19,-9,19,-9,19,-9,20,-9,20,-9,20,-9,20,-9,20,-9,20,-10,20,-10,20,-11,19,-11,19,-10,19,-11,20,-11,21,-11"
34.864431858062744,568,"CSI,2224,128,83,49,21,0,-9,-1,-9,3,-10,7,-9,8,-8,10,-10,14,-10,15,-8,14,-9,11,-13,11,-14,11,-13,9,-10,8,-7,6,-5,4,-5,4,-4,5,-2,5,1,5,3,7,2,6,1,5,2,4,3,5,2,6,0,1,0,0,0,0,0,0,0,0,0,0,0,0,0,0,0,0,0,0,-1,-2,-3,-10,-2,-13,-1,-14,2,-11,5,-9,5,-9,4,-8,4,-7,0,-6,-4,-3,-6,0,-9,0,-13,-2,-15,-4,-16,-4,-19,-6,-22,-8,-22,-5,-20,-5,-19,-9,-18,-11,-18,-13,-19,-13,-18,-11,-15,-10,-10,-7"
34.89996814727783,569,"CSI,626,128,101,81,22,0,-15,1,-15,1,-15,1,-15,2,-15,2,-15,3,-14,2,-14,3,-14,3,-14,3,-14,3,-14,3,-14,3,-14,3,-14,3,-14,3,-13,3,-13,2,-13,2,-12,2,-12,2,-12,2,-11,2,-11,1,-11,1,-3,0,0,0,0,0,0,0,0,0,0,0,0,0,0,0,0,0,0,0,-3,0,-10,1,-10,1,-11,1,-11,1,-12,0,-12,0,-12,0,-13,0,-13,0,-14,0,-14,-1,-14,-1,-14,-1,-14,-1,-14,-1,-14,-1,-14,-1,-14,-1,-15,-1,-15,0,-15,0,-15,0,-14,0,-15,0,-15,0,-15,0"
34.965648889541626,570,"CSI,2228,128,83,49,21,0,-7,4,-1,6,5,7,10,5,14,4,17,6,16,9,15,8,15,11,16,14,15,13,13,12,9,10,6,8,4,7,4,4,3,0,1,-2,1,-4,0,-6,-1,-7,-1,-8,0,-9,0,-10,-2,-10,-1,-3,0,0,0,0,0,0,0,0,0,0,0,0,0,0,0,0,0,0,-1,-2,-4,-8,-3,-10,-2,-11,-2,-11,0,-12,2,-12,1,-10,1,-8,2,-7,0,-4,-1,-3,-4,0,-8,6,-11,9,-12,9,-15,7,-19,7,-21,8,-22,10,-22,12,-24,11,-26,8,-24,6,-21,6,-22,7,-22,11"
35.00944995880127,571,"CSI,627,128,101,81,22,0,13,12,14,12,14,12,14,11,14,11,14,10,15,11,15,10,15,10,15,10,15,10,15,10,15,10,15,9,15,9,15,10,14,10,14,10,13,10,12,9,12,9,11,9,11,9,10,9,10,9,2,2,0,0,0,0,0,0,0,0,0,0,0,0,0,0,0,0,0,0,2,1,10,7,11,7,11,8,11,8,11,9,12,10,12,11,12,12,12,12,12,12,12,13,12,14,12,14,12,14,12,14,12,14,12,14,12,14,12,13,12,12,13,13,13,13,14,13,14,13,14,13,15,13"
35.067309856414795,572,"CSI,2232,128,83,49,21,0,5,-2,4,-1,1,-1,-4,-4,-10,-7,-13,-9,-16,-8,-17,-5,-13,-5,-13,-7,-14,-11,-13,-12,-13,-11,-12,-10,-9,-7,-5,-4,-3,-1,-2,1,-1,-1,0,-1,0,2,1,3,3,5,5,4,4,5,0,1,0,0,0,0,0,0,0,0,0,0,0,0,0,0,0,0,0,0,-2,2,-9,10,-10,8,-11,5,-12,3,-13,2,-10,3,-7,2,-5,2,-3,1,-2,1,0,2,3,2,6,2,8,3,10,4,14,4,17,2,17,4,16,4,19,4,25,4,26,4,24,5,23,5,22,4,19,3"
35.12035894393921,573,"CSI,628,128,101,81,22,0,18,2,18,1,19,1,19,0,19,0,19,0,18,0,18,-1,18,-1,18,-1,18,-1,18,-1,18,-1,18,-2,19,-1,18,-1,17,0,17,0,16,0,16,0,15,0,15,0,14,0,14,1,13,1,3,0,0,0,0,0,0,0,0,0,0,0,0,0,0,0,0,0,0,0,3,-1,12,-2,13,-1,13,-1,14,-1,15,0,15,0,15,1,16,1,17,2,17,2,17,2,17,3,17,3,17,3,17,3,18,3,18,3,18,3,18,2,18,2,18,2,18,2,18,2,19,2,19,1,20,1"
35.24130177497864,574,"CSI,629,128,101,81,22,0,3,-25,3,-25,3,-25,3,-25,3,-24,2,-24,1,-24,1,-25,0,-25,0,-25,0,-25,0,-25,0,-25,0,-24,1,-24,1,-24,1,-23,1,-23,1,-22,2,-21,2,-20,2,-19,3,-18,3,-18,3,-17,0,-5,0,0,0,0,0,0,0,0,0,0,0,0,0,0,0,0,0,0,0,-5,1,-18,1,-19,2,-20,2,-20,3,-21,3,-22,3,-23,4,-23,5,-23,6,-23,6,-24,6,-24,7,-24,7,-24,7,-24,7,-24,6,-24,6,-24,6,-24,6,-24,6,-24,5,-24,4,-24,4,-24,5,-24,6,-25"
35.27517485618591,575,"CSI,2241,128,83,49,21,0,-5,-8,-2,-4,-1,2,-1,6,-1,9,1,13,2,13,2,10,-1,12,-3,17,-4,17,-7,16,-5,13,-2,10,-3,9,-2,7,0,4,-1,2,1,0,4,-3,4,-3,4,-3,4,-4,5,-5,5,-4,1,-1,0,0,0,0,0,0,0,0,0,0,0,0,0,0,0,0,0,0,1,-2,5,-5,6,-5,6,-4,6,-4,6,-3,6,-4,6,-4,6,-3,3,-1,0,-1,-1,-2,-2,-3,-5,-3,-7,-4,-9,-4,-14,-3,-16,-5,-16,-8,-15,-13,-16,-17,-20,-17,-19,-18,-17,-21,-17,-18,-18,-13,-16,-7"
35.354060888290405,576,"CSI,630,128,101,81,22,0,-1,-20,-1,-20,-1,-20,-1,-20,-1,-19,-2,-19,-2,-20,-3,-20,-3,-20,-3,-20,-4,-20,-4,-19,-3,-19,-3,-19,-3,-19,-2,-19,-2,-19,-2,-18,-2,-17,-1,-17,-1,-16,-1,-16,-1,-15,0,-14,0,-14,0,-4,0,0,0,0,0,0,0,0,0,0,0,0,0,0,0,0,0,0,-1,-4,-3,-14,-2,-15,-2,-15,-2,-16,-1,-17,-1,-18,-1,-18,-1,-19,0,-19,1,-19,1,-20,1,-20,1,-20,1,-20,1,-20,1,-20,1,-20,1,-20,1,-20,1,-20,1,-20,0,-20,-1,-20,0,-20,0,-20,-1,-21"
35.466980934143066,577,"CSI,631,128,101,81,22,0,14,-11,14,-12,14,-12,14,-12,14,-13,13,-13,13,-13,12,-13,12,-13,12,-13,11,-13,11,-13,11,-13,12,-13,12,-13,12,-13,11,-12,11,-11,11,-11,10,-10,10,-10,10,-10,10,-9,10,-8,9,-8,2,-2,0,0,0,0,0,0,0,0,0,0,0,0,0,0,0,0,0,0,2,-3,9,-10,9,-10,10,-10,11,-11,11,-11,12,-11,12,-11,13,-11,14,-11,15,-11,15,-11,15,-10,15,-10,15,-10,15,-10,16,-10,15,-10,15,-11,16,-11,16,-11,15,-11,15,-11,14,-11,15,-11,15,-12,16,-12"
35.49763584136963,578,"CSI,2249,128,83,49,21,0,4,-3,3,-7,2,-10,0,-12,-3,-15,-3,-17,-1,-16,-1,-13,-1,-14,-2,-16,-3,-17,-4,-17,-2,-16,1,-11,2,-8,2,-6,-1,-3,-4,-2,-6,-1,-7,1,-6,1,-4,2,-2,5,-3,6,-6,3,-2,0,0,0,0,0,0,0,0,0,0,0,0,0,0,0,0,0,0,0,-3,0,-12,2,-12,3,-13,3,-12,0,-9,-1,-8,-1,-9,-2,-10,-2,-8,2,-4,5,2,4,6,4,8,6,10,10,13,12,15,14,16,17,15,18,15,19,16,21,16,19,14,17,12,17,11,16,11,13,9,10"
35.52653503417969,579,"CSI,2928,128,-117,-78,40,0,25,2,25,2,25,1,26,1,25,0,25,0,24,0,24,0,24,-1,24,-1,24,-2,23,-2,24,-2,24,-2,24,-2,23,-1,22,0,21,1,21,1,20,0,19,0,18,0,18,0,17,1,16,2,4,0,0,0,0,0,0,0,0,0,0,0,0,0,0,0,0,0,0,0,4,-1,19,-3,20,-2,20,-2,21,-2,22,-1,23,0,24,1,25,1,25,2,26,2,26,2,26,3,26,4,26,4,26,4,26,4,26,4,26,4,26,3,26,3,26,2,26,3,26,3,26,2,27,2,28,2"
35.57994294166565,580,"CSI,632,128,101,81,22,0,-23,7,-23,7,-23,7,-23,8,-23,8,-23,9,-22,9,-21,9,-21,10,-21,10,-21,10,-20,10,-21,11,-21,11,-21,10,-21,10,-20,9,-19,9,-19,8,-19,8,-18,8,-18,7,-17,7,-17,6,-16,5,-4,1,0,0,0,0,0,0,0,0,0,0,0,0,0,0,0,0,0,0,-5,1,-17,5,-17,5,-18,5,-19,5,-20,5,-21,5,-21,4,-22,4,-23,4,-24,4,-24,3,-24,3,-23,3,-24,3,-24,3,-24,3,-24,3,-24,3,-24,4,-25,5,-24,5,-24,5,-23,5,-24,5,-25,5,-25,5"
35.607666969299316,581,"CSI,2252,128,83,49,21,0,-3,-5,-6,-4,-11,0,-13,3,-13,5,-16,7,-16,7,-13,7,-13,6,-14,6,-12,6,-12,5,-12,5,-10,3,-8,2,-6,3,-3,1,0,-1,0,2,0,3,2,1,2,0,3,-1,5,-1,5,0,1,0,0,0,0,0,0,0,0,0,0,0,0,0,0,0,0,0,0,0,2,0,10,1,12,2,10,3,9,4,9,4,7,3,5,2,4,1,3,-1,1,-3,-1,-4,-1,-7,-2,-9,-2,-14,1,-19,2,-20,0,-20,0,-20,2,-21,3,-24,4,-26,5,-25,5,-21,4,-21,3,-20,2,-16"
35.68342089653015,582,"CSI,2256,128,83,49,21,0,1,-10,-2,-8,-6,-6,-13,-8,-17,-10,-18,-9,-16,-9,-14,-12,-17,-13,-19,-11,-18,-11,-16,-11,-13,-10,-10,-9,-8,-8,-6,-6,-5,-3,-4,-2,-4,-2,-5,-2,-5,0,-4,3,-3,5,-2,5,0,5,0,1,0,0,0,0,0,0,0,0,0,0,0,0,0,0,0,0,0,0,2,-1,10,-3,10,-1,11,0,10,1,8,1,7,2,8,2,6,1,3,0,2,-2,0,-5,-1,-8,0,-11,1,-13,2,-14,5,-17,5,-20,6,-20,8,-22,9,-26,9,-27,9,-23,9,-17,9,-16,8,-17,6,-15"
35.783977031707764,583,"CSI,2260,128,83,49,21,0,9,0,6,-4,5,-8,5,-12,2,-16,0,-18,1,-19,1,-23,-1,-22,-2,-18,-1,-18,1,-16,2,-15,5,-16,7,-13,5,-10,2,-9,-3,-6,-6,-5,-7,-3,-6,-1,-5,-2,-7,-1,-8,1,-8,0,-2,0,0,0,0,0,0,0,0,0,0,0,0,0,0,0,0,0,0,0,-1,2,-3,8,-4,8,-5,10,-6,11,-6,10,-4,8,-2,4,1,3,2,5,4,4,6,1,9,1,12,2,13,3,16,3,20,3,19,4,19,7,23,9,28,8,27,10,21,11,17,10,18,10,19,10,17,8"
35.82057785987854,584,"CSI,634,128,101,81,22,0,18,-11,18,-11,18,-11,19,-12,19,-12,18,-12,17,-12,17,-12,17,-13,16,-13,16,-13,16,-13,16,-13,17,-13,17,-12,17,-12,16,-12,15,-11,15,-10,15,-10,15,-9,14,-9,14,-8,14,-8,13,-7,3,-2,0,0,0,0,0,0,0,0,0,0,0,0,0,0,0,0,0,0,2,-3,11,-11,12,-11,12,-11,13,-11,14,-11,15,-11,15,-11,16,-11,18,-11,18,-11,19,-11,19,-10,19,-10,19,-10,19,-10,19,-10,19,-10,19,-10,19,-10,20,-11,19,-11,19,-11,18,-11,19,-11,20,-11,20,-12"
35.88892889022827,585,"CSI,2264,128,83,49,21,0,0,-5,-4,-5,-7,-4,-11,-1,-15,0,-19,0,-21,3,-20,4,-19,2,-19,0,-19,-1,-18,-2,-16,0,-15,0,-12,2,-8,3,-5,1,-3,0,0,3,1,6,3,7,4,6,5,7,6,7,6,8,1,2,0,0,0,0,0,0,0,0,0,0,0,0,0,0,0,0,0,0,2,2,9,9,8,10,7,10,5,10,5,11,4,12,1,11,0,9,0,8,0,5,-1,1,-3,-2,-3,-6,2,-9,7,-11,8,-13,8,-15,10,-19,12,-23,13,-25,13,-24,13,-22,15,-19,17,-19,15,-19,13,-18"
35.91968297958374,586,"CSI,2645,128,75,-79,20,0,6,-7,-2,-10,-7,-9,-11,-9,-14,-14,-15,-18,-15,-21,-16,-23,-17,-22,-15,-17,-12,-13,-10,-12,-8,-11,-6,-11,-5,-10,-5,-7,-6,-5,-5,-1,-5,3,-8,4,-7,4,-5,3,-3,3,-3,5,-4,4,-2,1,0,0,0,0,0,0,0,0,0,0,0,0,0,0,0,0,0,0,1,3,4,13,0,12,-2,12,-3,11,-4,10,-3,8,-1,8,-2,7,-5,4,-6,1,-2,1,4,1,11,-1,15,-3,15,-3,16,-4,18,-5,19,-4,23,-5,27,-5,27,-3,25,0,23,3,23,2,24,-1,19,-1"
35.95601487159729,587,"CSI,635,128,101,81,22,0,14,-17,13,-17,13,-17,13,-17,13,-17,13,-17,12,-17,11,-17,11,-18,10,-18,10,-18,10,-18,10,-18,10,-17,11,-17,11,-17,10,-16,10,-15,10,-14,10,-14,10,-13,9,-13,9,-12,9,-11,9,-11,2,-3,0,0,0,0,0,0,0,0,0,0,0,0,0,0,0,0,0,0,2,-4,8,-14,9,-14,9,-15,10,-15,11,-15,11,-16,12,-16,13,-16,14,-16,15,-16,15,-16,15,-16,15,-16,15,-16,15,-16,15,-16,15,-16,15,-16,15,-16,15,-16,15,-16,14,-17,14,-17,14,-17,15,-17,15,-17"
35.988672733306885,588,"CSI,2269,128,83,49,21,0,1,-6,-4,0,-7,3,-9,4,-13,4,-17,2,-15,2,-11,3,-13,3,-17,4,-16,6,-16,7,-15,8,-12,7,-10,4,-7,0,-2,1,-1,3,0,2,2,2,3,1,5,0,7,0,8,1,9,0,2,-1,0,0,0,0,0,0,0,0,0,0,0,0,0,0,0,0,0,0,0,2,3,10,4,11,4,13,4,13,3,13,0,13,-1,10,0,6,1,3,3,0,3,-4,2,-8,4,-10,7,-11,8,-13,10,-14,9,-18,10,-21,13,-21,13,-22,15,-23,17,-23,15,-20,12,-18,9,-19,9,-18"
36.03043580055237,589,"CSI,636,128,101,81,22,0,-14,-7,-14,-8,-14,-7,-14,-7,-14,-6,-14,-6,-14,-6,-14,-6,-14,-6,-14,-5,-14,-5,-14,-5,-14,-5,-14,-4,-14,-4,-14,-5,-13,-5,-13,-5,-13,-5,-12,-5,-12,-4,-11,-4,-11,-4,-10,-4,-10,-4,-3,-2,0,0,0,0,0,0,0,0,0,0,0,0,0,0,0,0,0,0,-3,-1,-10,-5,-10,-5,-10,-5,-10,-6,-11,-6,-11,-7,-11,-7,-11,-8,-12,-8,-12,-8,-12,-9,-11,-9,-11,-9,-11,-9,-12,-9,-12,-9,-12,-9,-12,-9,-12,-8,-12,-8,-13,-8,-13,-8,-13,-8,-13,-8,-13,-8,-13,-8"
36.05938100814819,590,"CSI,2319,128,83,49,21,0,-24,-2,-23,-2,-21,0,-21,-2,-20,-3,-18,-2,-16,-3,-15,-9,-14,-9,-12,-3,-7,1,-4,1,-4,4,-5,5,-3,7,-2,9,-2,10,-1,11,0,11,0,10,0,9,0,8,-2,7,-3,5,-3,4,-1,1,0,0,0,0,0,0,0,0,0,0,0,0,0,0,0,0,0,0,1,0,4,3,4,4,4,4,3,4,4,4,4,3,6,1,7,0,6,-2,5,-6,4,-8,6,-9,5,-10,1,-10,-1,-12,1,-15,3,-15,5,-13,4,-12,2,-11,2,-9,1,-8,-2,-7,-3,-6,-4,-4,-7,-3"
36.0927460193634,591,"CSI,2273,128,83,49,21,0,-7,5,-1,2,2,0,6,-2,10,-5,13,-6,14,-7,13,-10,16,-10,19,-9,19,-8,17,-7,16,-7,15,-5,14,-6,10,-7,7,-5,5,-3,4,-2,1,0,-4,0,-7,-1,-8,-1,-8,0,-7,1,-2,0,0,0,0,0,0,0,0,0,0,0,0,0,0,0,0,0,0,0,2,-3,8,-9,10,-9,11,-8,11,-6,10,-3,9,-2,9,-3,8,-2,5,-2,3,-5,2,-3,-1,2,-7,4,-9,2,-11,3,-15,4,-20,4,-21,4,-21,6,-21,6,-21,5,-23,6,-24,8,-21,10,-20,10,-20,10"
36.14192175865173,592,"CSI,637,128,101,81,22,0,-6,-25,-6,-25,-7,-25,-7,-24,-7,-24,-7,-24,-8,-24,-9,-24,-9,-24,-9,-24,-9,-24,-9,-24,-10,-23,-10,-23,-9,-23,-8,-23,-8,-23,-8,-22,-7,-22,-7,-20,-6,-19,-6,-19,-5,-18,-5,-18,-4,-18,-1,-5,0,0,0,0,0,0,0,0,0,0,0,0,0,0,0,0,0,0,-2,-4,-7,-15,-7,-15,-7,-17,-6,-18,-6,-18,-7,-20,-6,-21,-6,-22,-5,-22,-5,-23,-4,-24,-4,-25,-4,-25,-4,-25,-4,-25,-4,-25,-4,-25,-4,-25,-4,-25,-4,-25,-5,-25,-5,-25,-6,-26,-6,-26,-6,-26,-7,-26"
36.19415783882141,593,"CSI,2276,128,83,49,21,0,-4,-7,-3,-4,0,1,2,7,3,12,7,15,6,16,1,19,1,24,5,24,7,22,6,20,3,19,0,16,0,13,0,10,-3,7,-2,4,2,1,3,-2,3,-3,3,-5,3,-8,1,-9,1,-9,0,-2,0,0,0,0,0,0,0,0,0,0,0,0,0,0,0,0,0,0,2,0,8,1,8,-1,9,-1,9,1,10,3,9,3,8,3,7,4,3,3,-1,2,-3,-1,-6,-4,-8,-7,-9,-8,-9,-10,-11,-13,-13,-15,-13,-15,-13,-15,-13,-17,-14,-18,-15,-18,-16,-19,-17,-18,-18,-14,-18,-14"
36.25232195854187,594,"CSI,638,128,101,81,22,0,-8,-11,-8,-11,-8,-10,-8,-10,-8,-9,-8,-9,-9,-9,-9,-9,-9,-9,-9,-9,-9,-9,-9,-9,-8,-9,-8,-8,-8,-8,-8,-8,-8,-8,-7,-8,-7,-8,-7,-7,-6,-7,-6,-6,-5,-6,-5,-6,-5,-6,-2,-2,0,0,0,0,0,0,0,0,0,0,0,0,0,0,0,0,0,0,-2,-2,-7,-7,-7,-7,-7,-8,-7,-8,-7,-9,-7,-10,-7,-10,-8,-10,-8,-11,-7,-11,-7,-11,-7,-12,-7,-12,-7,-12,-7,-12,-7,-12,-7,-12,-7,-12,-7,-11,-7,-11,-8,-11,-8,-11,-8,-11,-8,-11,-8,-11,-8,-11"
36.35325503349304,595,"CSI,2331,128,83,49,21,0,19,3,20,3,17,5,15,7,15,8,16,8,14,6,9,2,5,3,5,5,6,5,5,2,5,-1,6,-5,7,-5,8,-6,8,-6,7,-6,8,-6,9,-4,10,-2,9,-3,7,-3,6,-3,5,-2,1,-1,0,0,0,0,0,0,0,0,0,0,0,0,0,0,0,0,0,0,-3,1,-9,4,-7,4,-7,3,-8,2,-8,2,-6,0,-3,-1,-2,1,-2,2,-3,3,-2,3,0,4,0,6,0,7,2,9,3,11,2,9,-1,9,-2,9,-2,9,-2,10,0,8,2,4,3,1,5,0,8,0"
36.389317989349365,596,"CSI,639,128,101,81,22,0,-24,-2,-24,-2,-24,-2,-24,-1,-24,0,-23,1,-23,0,-23,0,-23,1,-22,1,-22,1,-21,1,-21,2,-22,2,-22,2,-21,2,-20,1,-19,0,-18,0,-18,1,-17,1,-16,0,-16,0,-15,0,-14,-1,-4,-1,0,0,0,0,0,0,0,0,0,0,0,0,0,0,0,0,0,0,-5,-1,-20,-1,-21,-2,-21,-2,-22,-2,-23,-3,-24,-4,-24,-4,-25,-5,-26,-5,-26,-5,-26,-6,-26,-7,-26,-7,-26,-7,-26,-7,-26,-7,-26,-6,-26,-6,-26,-5,-26,-4,-26,-4,-25,-4,-25,-4,-26,-4,-26,-4,-27,-5"
36.42034292221069,597,"CSI,2285,128,83,49,21,0,-4,-11,-9,-9,-11,-6,-13,-4,-16,-4,-20,-3,-19,-3,-15,-5,-16,-6,-19,-5,-20,-4,-18,-5,-17,-4,-15,-3,-13,-4,-10,-4,-6,-2,-3,0,-1,3,-1,5,-1,6,-1,6,1,8,0,8,1,5,0,1,0,0,0,0,0,0,0,0,0,0,0,0,0,0,0,0,0,0,1,0,8,3,10,3,10,4,9,5,8,5,7,4,4,3,2,3,1,4,0,1,-1,-2,-2,-7,0,-12,4,-14,6,-13,6,-14,6,-18,8,-21,12,-22,14,-22,14,-22,15,-19,13,-15,11,-14,10,-15,7,-16"
36.473015785217285,598,"CSI,640,128,101,81,22,0,21,11,21,11,21,10,21,9,20,9,20,8,20,8,20,8,20,8,20,7,19,7,19,7,19,6,19,6,19,6,18,6,17,7,16,7,16,7,15,6,14,5,13,5,13,5,12,5,11,6,2,1,0,0,0,0,0,0,0,0,0,0,0,0,0,0,0,0,0,0,4,2,19,8,19,9,20,9,20,10,21,11,21,12,22,13,22,14,22,14,22,15,22,15,22,16,22,16,22,16,22,16,22,16,22,16,22,15,22,14,22,13,22,13,22,13,22,13,22,13,22,13,23,14"
36.50443387031555,599,"CSI,2288,128,83,49,21,0,8,8,7,5,6,1,1,-5,-3,-11,-4,-16,-7,-20,-12,-23,-14,-20,-13,-19,-10,-21,-6,-22,-4,-22,-2,-20,-1,-18,-1,-15,-2,-10,-1,-5,0,-2,-1,0,-3,3,-3,5,-3,6,-4,7,-4,8,-1,2,0,0,0,0,0,0,0,0,0,0,0,0,0,0,0,0,0,0,-2,1,-8,6,-8,5,-10,5,-11,5,-10,3,-10,1,-12,1,-13,1,-10,3,-7,5,-6,5,-4,2,-1,1,1,2,3,3,7,5,13,7,17,8,18,9,20,8,23,8,25,11,24,11,24,11,25,12,23,12"
36.550819873809814,600,"CSI,2934,128,-117,-78,40,0,1,-25,0,-25,0,-25,0,-24,1,-23,0,-23,-1,-23,-2,-23,-2,-23,-2,-23,-3,-23,-3,-22,-2,-22,-2,-21,-2,-21,-1,-21,-1,-20,-1,-20,-1,-19,0,-18,0,-17,0,-16,0,-15,1,-15,1,-14,0,-4,0,0,0,0,0,0,0,0,0,0,0,0,0,0,0,0,0,0,-1,-6,-2,-21,-2,-22,-2,-23,-1,-24,-1,-24,-1,-26,0,-27,1,-27,2,-27,2,-28,3,-28,3,-28,3,-28,3,-28,3,-28,3,-27,3,-27,3,-27,3,-27,3,-26,3,-26,2,-26,1,-27,1,-26,1,-26,1,-27"
36.59418511390686,601,"CSI,641,128,101,81,22,0,-24,-1,-23,0,-23,0,-23,1,-23,1,-23,2,-23,2,-23,2,-23,2,-22,3,-22,3,-22,3,-22,3,-22,3,-22,4,-22,3,-21,2,-20,2,-20,2,-20,2,-19,2,-19,1,-18,1,-17,1,-17,0,-4,0,0,0,0,0,0,0,0,0,0,0,0,0,0,0,0,0,0,0,-5,0,-19,2,-19,1,-20,1,-21,1,-21,1,-22,0,-22,-1,-23,-1,-24,-1,-24,-2,-24,-3,-24,-3,-24,-4,-24,-4,-24,-4,-24,-3,-24,-3,-24,-3,-24,-2,-24,-2,-24,-1,-24,-2,-24,-2,-24,-2,-25,-1,-25,-1"
36.626368045806885,602,"CSI,2293,128,83,49,21,0,7,12,3,7,-1,1,-5,-2,-8,-4,-10,-12,-13,-18,-13,-15,-12,-17,-12,-23,-13,-26,-14,-25,-13,-22,-13,-19,-12,-16,-8,-14,-6,-11,-5,-7,-3,-3,-1,0,1,4,4,6,4,8,4,10,5,11,1,2,0,0,0,0,0,0,0,0,0,0,0,0,0,0,0,0,0,0,-1,-1,-4,-3,-4,-5,-7,-9,-7,-11,-6,-10,-4,-10,-5,-11,-6,-12,-6,-12,-2,-11,-1,-11,-2,-8,0,-3,2,1,2,5,6,9,8,13,9,15,12,17,14,21,14,24,15,28,16,30,18,31,17,28,14,25"
36.70658898353577,603,"CSI,642,128,101,81,22,0,18,-13,17,-13,17,-13,17,-13,17,-13,17,-13,16,-13,15,-13,15,-14,14,-14,14,-14,14,-14,14,-14,14,-13,15,-13,15,-13,14,-12,13,-11,13,-10,13,-10,13,-10,12,-9,12,-9,12,-8,11,-7,2,-2,0,0,0,0,0,0,0,0,0,0,0,0,0,0,0,0,0,0,4,-4,16,-13,17,-13,17,-13,19,-14,19,-14,20,-13,20,-13,21,-13,22,-13,23,-13,23,-13,22,-12,22,-12,22,-12,22,-12,22,-11,21,-11,21,-12,21,-12,21,-12,21,-13,20,-13,19,-12,19,-13,20,-13,20,-13"
36.737163066864014,604,"CSI,2296,128,83,49,21,0,-2,2,-6,-2,-9,-6,-9,-9,-11,-12,-13,-14,-13,-15,-13,-15,-12,-18,-11,-19,-11,-16,-14,-14,-14,-14,-11,-11,-7,-7,-3,-4,-2,-1,0,1,2,4,4,6,5,6,6,6,6,6,6,5,5,3,1,0,0,0,0,0,0,0,0,0,0,0,0,0,0,0,0,0,0,0,-3,-4,-8,-12,-7,-11,-6,-10,-6,-8,-4,-8,-3,-7,-2,-5,-1,-3,2,-1,5,2,7,7,7,10,6,12,7,13,9,15,12,17,12,18,10,15,9,16,11,19,12,18,13,16,13,15,12,13,10,10,8,6"
36.81069898605347,605,"CSI,2301,128,83,49,21,0,-9,2,-9,-1,-10,-2,-12,-5,-13,-7,-13,-7,-12,-9,-15,-16,-20,-17,-20,-13,-17,-10,-17,-10,-16,-11,-14,-10,-12,-8,-9,-6,-5,-3,-2,-2,-1,-3,1,-4,4,-3,6,-2,7,-5,5,-6,3,-8,0,-2,0,0,0,0,0,0,0,0,0,0,0,0,0,0,0,0,0,0,2,0,10,1,8,2,7,4,6,5,5,4,2,3,1,5,0,5,0,4,0,5,-2,7,-5,9,-7,10,-8,11,-11,12,-14,13,-15,13,-15,15,-14,16,-12,17,-12,18,-11,17,-9,15,-10,14,-8,12,-7,10"
36.84464192390442,606,"CSI,643,128,101,81,22,0,17,-10,17,-10,17,-10,17,-10,17,-11,17,-11,16,-11,16,-11,16,-12,15,-12,15,-12,15,-12,15,-12,16,-11,16,-11,15,-11,15,-10,14,-10,14,-9,14,-9,14,-9,13,-8,13,-7,13,-7,12,-6,3,-2,0,0,0,0,0,0,0,0,0,0,0,0,0,0,0,0,0,0,2,-2,10,-8,10,-9,11,-9,12,-9,13,-9,13,-9,13,-9,14,-9,15,-9,16,-9,16,-8,16,-8,16,-8,17,-8,17,-8,17,-8,17,-8,17,-8,17,-9,17,-9,17,-9,17,-9,17,-9,17,-9,18,-10,19,-10"
36.913151025772095,607,"CSI,2304,128,83,49,21,0,1,-8,4,-8,5,-8,6,-9,7,-11,10,-13,11,-10,8,-7,7,-10,8,-14,7,-15,4,-14,0,-12,-1,-11,1,-11,0,-10,-1,-8,1,-5,4,-2,4,-2,4,-3,6,-2,7,-1,6,-1,4,-2,0,-1,0,0,0,0,0,0,0,0,0,0,0,0,0,0,0,0,0,0,-2,-2,-8,-7,-6,-8,-6,-9,-8,-10,-9,-11,-8,-12,-5,-12,-2,-10,-1,-9,-1,-11,0,-12,2,-11,3,-10,4,-10,4,-11,2,-14,1,-16,2,-17,3,-18,1,-20,0,-20,1,-19,1,-18,-2,-18,-6,-18,-4,-16"
36.94096088409424,608,"CSI,644,128,101,81,22,0,1,18,2,18,2,18,2,17,2,17,3,17,3,17,4,17,4,17,4,17,4,17,4,17,4,16,4,16,3,16,3,16,3,16,3,16,3,15,2,14,2,13,1,13,1,12,1,12,1,12,0,3,0,0,0,0,0,0,0,0,0,0,0,0,0,0,0,0,0,0,1,2,4,11,3,12,3,12,3,13,3,14,3,15,3,15,3,16,2,16,2,17,1,17,1,18,1,18,1,18,1,18,1,18,1,18,1,18,1,17,1,17,2,17,2,18,2,18,2,18,2,18,2,19"
37.01546502113342,609,"CSI,2309,128,83,49,21,0,-1,1,0,5,1,6,1,8,5,11,6,14,7,17,11,18,14,16,13,15,11,14,10,12,10,9,9,6,6,5,2,5,-1,2,-3,-1,-4,-1,-5,-2,-6,-3,-8,-2,-10,0,-10,1,-9,1,-2,0,0,0,0,0,0,0,0,0,0,0,0,0,0,0,0,0,0,0,-2,-1,-7,-1,-8,-1,-7,-2,-6,-4,-5,-5,-2,-6,-2,-7,-5,-7,-6,-7,-2,-8,1,-9,2,-9,2,-9,4,-11,8,-13,11,-12,9,-12,8,-13,9,-12,8,-12,9,-11,9,-10,8,-12,9,-11,9,-8,7,-9"
37.04616093635559,610,"CSI,645,128,101,81,22,0,24,-5,23,-6,24,-6,24,-7,24,-7,23,-8,23,-8,22,-8,22,-8,22,-8,21,-8,21,-8,21,-8,22,-9,22,-9,22,-8,21,-7,20,-6,19,-6,19,-6,18,-6,18,-6,17,-5,17,-4,16,-4,4,-1,0,0,0,0,0,0,0,0,0,0,0,0,0,0,0,0,0,0,3,-2,15,-7,16,-7,17,-7,18,-7,19,-7,19,-7,20,-6,21,-6,22,-6,23,-6,23,-5,23,-4,24,-4,24,-4,24,-4,24,-4,24,-4,24,-4,25,-5,25,-5,25,-6,24,-5,24,-5,25,-5,26,-6,26,-6"
37.11229705810547,611,"CSI,2313,128,83,49,21,0,7,-1,7,1,7,4,9,5,12,6,11,6,11,3,13,1,13,2,13,3,12,3,11,2,11,4,10,4,6,3,3,5,2,7,3,5,4,5,2,6,1,7,1,6,1,5,0,7,0,10,0,2,0,0,0,0,0,0,0,0,0,0,0,0,0,0,0,0,0,0,1,-3,3,-12,2,-11,1,-8,0,-7,-2,-5,0,-2,2,0,4,1,6,1,8,3,9,3,11,1,12,0,13,0,15,0,14,0,13,0,13,-2,13,-3,14,-5,12,-6,11,-5,10,-3,8,-1,7,0,8,3"
37.14652395248413,612,"CSI,646,128,101,81,22,0,3,25,4,24,4,24,4,23,4,23,4,23,5,23,6,23,6,23,6,23,6,23,6,22,5,22,5,21,5,21,4,21,4,21,4,20,3,19,2,18,2,17,2,17,1,16,1,15,1,15,0,3,0,0,0,0,0,0,0,0,0,0,0,0,0,0,0,0,0,0,1,3,5,15,4,16,4,17,4,18,4,18,5,20,5,21,4,22,3,22,3,23,2,23,2,24,2,25,2,25,2,24,2,24,2,25,2,24,2,24,2,24,3,24,4,24,4,25,4,25,4,25,4,26"
37.21879196166992,613,"CSI,2317,128,83,49,21,0,-11,-2,-9,0,-8,-1,-7,-5,-8,-8,-8,-9,-11,-10,-16,-12,-17,-11,-14,-11,-12,-10,-8,-8,-5,-7,-5,-8,-5,-8,-4,-7,-3,-5,-2,-3,0,-3,1,-4,2,-6,3,-5,4,-5,4,-5,3,-4,0,-1,0,0,0,0,0,0,0,0,0,0,0,0,0,0,0,0,0,0,0,1,0,8,-1,9,-2,9,-2,10,-3,9,-5,6,-5,3,-5,3,-5,4,-6,4,-6,4,-8,3,-8,3,-9,2,-11,1,-13,1,-14,3,-13,5,-15,4,-17,3,-16,2,-14,3,-15,4,-17,5,-16,6,-11,7"
37.26613092422485,614,"CSI,647,128,101,81,22,0,25,-3,24,-3,25,-4,25,-4,25,-5,24,-5,24,-5,24,-6,24,-6,23,-6,23,-7,23,-7,23,-7,24,-7,24,-7,23,-6,22,-5,21,-5,21,-5,20,-5,20,-5,19,-5,19,-4,18,-3,17,-3,4,-1,0,0,0,0,0,0,0,0,0,0,0,0,0,0,0,0,0,0,3,-2,14,-6,14,-6,15,-6,16,-6,17,-5,18,-5,18,-4,20,-4,21,-4,22,-4,22,-3,22,-2,22,-2,23,-2,23,-2,23,-1,23,-1,23,-2,24,-3,24,-3,25,-3,24,-3,24,-3,25,-3,26,-3,26,-3"
37.32072305679321,615,"CSI,2320,128,83,49,21,0,-7,5,-9,1,-10,-1,-10,-3,-12,-4,-14,-3,-13,-3,-13,-4,-12,-5,-13,-7,-14,-5,-12,-3,-9,-2,-8,-1,-10,-1,-8,-2,-6,-3,-5,-5,-3,-5,1,-4,4,-5,5,-4,4,-5,3,-6,2,-5,0,-2,0,0,0,0,0,0,0,0,0,0,0,0,0,0,0,0,0,0,1,2,5,8,3,8,0,9,1,8,3,7,1,4,-1,1,-2,3,-2,5,-3,5,-5,6,-7,5,-6,3,-6,2,-9,3,-14,5,-16,7,-12,6,-8,3,-8,3,-12,8,-15,10,-13,11,-13,12,-12,13,-9,12"
37.379497051239014,616,"CSI,648,128,101,81,22,0,15,-11,14,-11,14,-11,14,-11,14,-11,14,-12,13,-11,12,-11,13,-12,12,-12,12,-12,11,-12,11,-11,12,-11,12,-11,12,-11,11,-10,11,-9,10,-9,10,-8,10,-8,9,-7,9,-7,9,-6,8,-6,2,-2,0,0,0,0,0,0,0,0,0,0,0,0,0,0,0,0,0,0,2,-3,9,-10,10,-10,10,-10,11,-10,12,-10,12,-10,13,-11,13,-11,14,-11,15,-11,15,-11,15,-10,15,-10,15,-10,16,-10,16,-10,15,-10,15,-10,16,-11,16,-11,16,-11,15,-11,15,-11,15,-11,16,-12,16,-12"
37.421594858169556,617,"CSI,2324,128,83,49,21,0,2,7,-1,6,-3,6,-4,6,-4,6,-7,8,-9,11,-6,12,-6,10,-6,7,-6,6,-9,8,-9,11,-5,10,-3,7,-4,5,-4,2,-3,-1,-2,-3,-3,-4,-4,-5,-3,-5,-3,-5,-5,-3,-5,-1,-1,0,0,0,0,0,0,0,0,0,0,0,0,0,0,0,0,0,0,0,1,-3,6,-8,6,-6,7,-4,7,-4,6,-4,4,-4,2,-3,2,-3,3,-2,5,2,5,7,3,8,4,8,5,11,3,15,3,15,4,15,5,17,8,16,11,13,10,13,10,12,11,11,9,11,10,10,11,11"
37.486013889312744,618,"CSI,649,128,101,81,22,0,3,18,3,18,3,18,3,18,3,18,4,18,5,18,5,18,5,18,5,18,5,18,5,18,5,18,5,18,5,17,5,18,4,18,4,17,4,17,3,16,3,15,3,15,2,14,2,14,1,14,0,3,0,0,0,0,0,0,0,0,0,0,0,0,0,0,0,0,0,0,1,2,4,10,4,11,4,12,3,12,3,13,4,14,4,15,3,15,3,16,2,16,2,16,2,17,1,18,1,17,1,17,1,17,1,18,1,17,1,17,2,17,2,17,2,18,3,18,3,18,2,18,3,19"
37.59528303146362,619,"CSI,2940,128,-117,-78,40,0,17,6,18,6,18,6,18,5,19,5,19,4,19,5,19,4,19,4,19,4,19,4,19,4,19,4,19,4,19,4,19,5,18,6,18,6,17,6,16,5,16,5,15,6,14,6,14,6,13,7,3,1,0,0,0,0,0,0,0,0,0,0,0,0,0,0,0,0,0,0,2,0,10,3,10,3,10,3,11,4,11,4,12,5,12,5,13,6,13,6,14,6,14,7,14,7,14,7,14,7,14,7,15,7,15,7,15,7,16,6,16,6,16,6,16,6,17,7,17,6,18,6,19,6"
37.634169816970825,620,"CSI,650,128,101,81,22,0,-9,-25,-10,-26,-10,-26,-10,-25,-10,-25,-11,-25,-12,-25,-12,-25,-12,-25,-13,-25,-13,-25,-13,-25,-13,-25,-12,-25,-12,-25,-11,-25,-11,-26,-10,-25,-9,-25,-8,-23,-8,-22,-8,-22,-7,-21,-6,-21,-6,-21,-2,-6,0,0,0,0,0,0,0,0,0,0,0,0,0,0,0,0,0,0,-1,-4,-4,-13,-4,-14,-4,-15,-4,-16,-4,-17,-5,-18,-5,-19,-5,-20,-5,-20,-4,-20,-4,-21,-5,-22,-5,-23,-5,-23,-5,-23,-5,-23,-5,-23,-6,-23,-6,-23,-6,-23,-7,-23,-8,-24,-8,-24,-9,-24,-8,-24,-8,-26"
37.66223192214966,621,"CSI,2333,128,83,49,21,0,8,-13,8,-11,8,-10,8,-9,8,-11,9,-11,8,-11,6,-10,5,-8,6,-9,7,-10,8,-7,8,-4,7,-4,7,-4,7,-2,5,0,4,1,5,3,5,5,5,6,6,5,6,2,5,0,5,-3,1,-1,0,0,0,0,0,0,0,0,0,0,0,0,0,0,0,0,0,0,-2,-1,-6,-4,-6,-4,-3,-5,-2,-7,-1,-8,1,-7,3,-8,4,-7,5,-6,5,-8,5,-9,6,-10,6,-10,7,-10,5,-11,3,-13,3,-13,5,-14,4,-15,2,-14,2,-14,1,-13,2,-12,4,-11,4,-10,2,-12"
37.717899799346924,622,"CSI,651,128,101,81,22,0,-2,20,-1,19,-1,19,-1,19,-1,19,0,19,1,19,1,19,1,19,1,19,1,19,1,19,1,19,1,18,1,18,0,19,0,18,0,18,-1,17,-1,16,-1,15,-1,15,-2,14,-2,14,-2,13,-1,3,0,0,0,0,0,0,0,0,0,0,0,0,0,0,0,0,0,0,0,3,0,13,0,14,-1,14,-1,15,-1,15,-1,16,-1,17,-2,18,-2,18,-3,18,-3,18,-3,19,-3,19,-3,19,-3,19,-3,19,-3,19,-3,19,-3,18,-3,19,-2,19,-2,19,-1,19,-2,19,-2,20,-2,21"
37.82761597633362,623,"CSI,652,128,101,81,22,0,8,-25,8,-25,8,-25,8,-25,8,-25,8,-25,7,-26,6,-26,6,-26,6,-27,5,-27,6,-26,6,-26,7,-25,7,-25,8,-25,8,-25,8,-24,8,-23,9,-22,9,-21,9,-20,9,-19,9,-18,9,-17,2,-5,0,0,0,0,0,0,0,0,0,0,0,0,0,0,0,0,0,0,0,-4,3,-16,3,-17,4,-17,5,-18,5,-19,5,-20,6,-20,6,-21,7,-21,8,-21,8,-22,8,-22,9,-23,9,-23,9,-23,9,-22,9,-23,9,-23,9,-23,9,-23,9,-23,8,-24,7,-24,8,-24,8,-25,8,-26"
37.85883712768555,624,"CSI,2341,128,83,49,21,0,2,2,3,2,6,5,10,10,13,12,12,12,12,17,12,24,16,22,16,19,13,18,11,15,8,13,6,11,7,7,5,4,3,1,2,0,0,-1,-3,-2,-3,-2,-3,-5,-2,-9,-2,-10,-4,-9,-1,-3,0,0,0,0,0,0,0,0,0,0,0,0,0,0,0,0,0,0,1,0,7,1,7,-1,8,-2,9,1,8,3,6,4,4,5,2,5,0,4,-2,3,-2,0,-4,-2,-8,-5,-10,-5,-10,-6,-11,-8,-16,-10,-20,-12,-20,-16,-20,-18,-18,-18,-18,-16,-18,-14,-17,-13,-15,-10,-15,-5"
37.888915061950684,625,"CSI,2391,128,83,49,21,0,8,14,8,17,6,18,4,16,4,14,4,13,2,9,-1,4,-2,2,-1,2,-2,3,-3,5,0,5,4,5,6,7,7,8,7,7,7,6,5,5,4,3,5,2,4,1,3,0,2,2,2,4,0,1,0,0,0,0,0,0,0,0,0,0,0,0,0,0,0,0,0,0,-1,1,-4,4,-4,4,-4,3,-3,2,-3,1,-2,0,-2,2,-2,4,0,4,1,4,-1,6,-1,8,1,9,0,11,-1,11,-1,13,-1,14,-2,13,-2,12,-4,12,-5,9,-4,4,-4,4,-3,8,3,10,8,10"
37.9371600151062,626,"CSI,2344,128,83,49,21,0,-3,5,-1,7,4,9,6,12,6,13,6,15,9,17,12,18,9,16,6,15,6,15,5,15,4,12,3,10,1,9,1,7,2,4,2,0,2,-2,2,-2,2,-2,2,-4,2,-7,3,-9,5,-8,1,-2,0,0,0,0,0,0,0,0,0,0,0,0,0,0,0,0,0,0,2,0,6,-1,6,-3,8,-3,9,-1,7,0,5,-1,1,-3,-1,-3,-3,-3,-3,-4,-4,-3,-9,-3,-11,-4,-10,-4,-12,-6,-16,-10,-15,-12,-14,-13,-14,-13,-15,-13,-16,-13,-16,-13,-13,-12,-12,-11,-12,-10,-11,-8"
37.977351903915405,627,"CSI,653,128,101,81,22,0,-14,-15,-15,-15,-15,-15,-15,-14,-15,-14,-15,-13,-16,-14,-16,-14,-16,-13,-16,-13,-16,-13,-16,-13,-16,-13,-16,-13,-16,-13,-15,-13,-15,-14,-14,-14,-14,-13,-13,-13,-12,-12,-12,-12,-11,-12,-10,-12,-10,-12,-3,-3,0,0,0,0,0,0,0,0,0,0,0,0,0,0,0,0,0,0,-3,-3,-12,-10,-12,-11,-12,-12,-12,-12,-12,-13,-13,-14,-13,-15,-13,-15,-13,-16,-13,-16,-12,-17,-12,-17,-12,-17,-12,-17,-12,-17,-13,-17,-13,-17,-13,-17,-13,-16,-13,-16,-13,-16,-14,-16,-14,-16,-14,-16,-15,-16,-16,-16"
38.03939199447632,628,"CSI,2349,128,83,49,21,0,-3,-6,-6,-2,-10,3,-13,8,-15,9,-18,10,-19,9,-18,7,-21,6,-26,7,-23,7,-21,6,-18,6,-13,6,-10,5,-7,3,-4,2,1,3,5,4,4,6,4,7,5,8,7,9,7,9,6,10,1,2,0,0,0,0,0,0,0,0,0,0,0,0,0,0,0,0,0,0,3,0,11,2,9,3,9,2,8,1,5,3,4,2,3,-2,2,-3,2,-3,3,-5,1,-7,-1,-11,-1,-15,-4,-17,-5,-20,-3,-21,-1,-19,-2,-20,-2,-24,-2,-26,-4,-26,-4,-26,-2,-24,0,-22,0,-20,-3,-17"
38.06947898864746,629,"CSI,654,128,101,81,22,0,13,-3,13,-3,13,-3,13,-3,13,-4,12,-4,12,-4,12,-4,12,-4,12,-5,12,-5,12,-5,12,-5,12,-5,12,-4,12,-4,12,-4,11,-3,11,-3,11,-3,10,-3,10,-3,10,-3,9,-2,9,-2,2,-1,0,0,0,0,0,0,0,0,0,0,0,0,0,0,0,0,0,0,2,-1,8,-3,8,-3,8,-3,9,-2,9,-2,10,-2,10,-2,10,-2,11,-2,11,-2,11,-2,11,-1,11,-1,12,-1,12,-1,12,-1,12,-1,12,-2,12,-2,12,-2,12,-2,12,-2,12,-2,12,-2,13,-3,13,-3"
38.14190196990967,630,"CSI,2352,128,83,49,21,0,9,5,10,5,13,6,17,9,17,7,19,6,19,5,16,4,15,6,14,8,11,8,10,7,11,6,11,4,8,1,6,0,7,-2,7,-6,5,-8,5,-9,4,-8,2,-7,2,-7,2,-8,3,-8,1,-3,0,0,0,0,0,0,0,0,0,0,0,0,0,0,0,0,0,0,-2,-1,-9,-5,-9,-7,-7,-8,-7,-5,-8,-3,-7,-2,-4,1,-4,5,-6,7,-8,7,-11,8,-11,8,-9,10,-7,15,-10,21,-14,20,-14,18,-11,20,-12,21,-12,20,-11,20,-11,21,-12,18,-12,13,-10,12,-7,13"
38.17274284362793,631,"CSI,655,128,101,81,22,0,-23,6,-23,6,-23,6,-23,7,-22,7,-22,8,-21,8,-21,8,-21,8,-20,9,-20,9,-19,9,-20,10,-20,10,-20,10,-20,9,-19,9,-18,8,-18,8,-18,7,-17,7,-17,7,-17,7,-16,6,-16,5,-4,1,0,0,0,0,0,0,0,0,0,0,0,0,0,0,0,0,0,0,-5,1,-18,5,-18,5,-19,5,-20,5,-21,5,-22,4,-22,4,-23,4,-24,4,-25,3,-25,3,-25,2,-25,2,-25,2,-25,2,-25,2,-24,2,-24,2,-25,3,-25,4,-25,4,-24,4,-24,4,-24,4,-25,4,-25,3"
38.28074598312378,632,"CSI,656,128,101,81,22,0,-13,15,-12,15,-12,15,-12,15,-12,15,-11,15,-10,15,-10,15,-10,15,-9,16,-9,16,-9,16,-9,16,-9,15,-10,15,-10,15,-9,15,-9,14,-9,13,-9,13,-9,12,-9,12,-9,11,-9,11,-9,10,-3,2,0,0,0,0,0,0,0,0,0,0,0,0,0,0,0,0,0,0,-2,3,-7,15,-8,15,-9,16,-10,16,-11,16,-11,17,-12,17,-12,17,-14,17,-15,17,-15,17,-15,17,-15,16,-15,16,-15,16,-15,15,-15,15,-15,15,-15,15,-15,15,-15,15,-14,15,-13,15,-13,15,-14,16,-14,17"
38.308931827545166,633,"CSI,2407,128,83,49,21,0,14,-8,14,-7,15,-6,17,-5,14,-5,11,-3,10,-2,5,-3,3,-3,2,-1,0,1,1,0,1,-2,-3,-4,-4,-6,-1,-8,0,-8,0,-8,-1,-9,-1,-8,1,-6,2,-5,2,-6,2,-6,0,-4,-1,-1,0,0,0,0,0,0,0,0,0,0,0,0,0,0,0,0,0,0,-1,1,-2,6,-3,6,-4,6,-3,4,-3,3,-4,3,-3,4,-1,5,3,6,6,5,6,3,6,5,9,7,10,7,8,8,9,10,9,12,9,14,10,14,9,11,7,8,5,5,3,3,3,1,6,-4,10,-8"
38.34380888938904,634,"CSI,2361,128,83,49,21,0,6,5,10,1,14,0,18,0,22,0,25,0,29,1,32,2,32,1,28,2,25,3,23,1,19,-1,15,-2,10,-2,6,-3,6,-5,5,-9,3,-10,2,-10,1,-9,2,-8,2,-10,1,-12,0,-12,0,-4,0,0,0,0,0,0,0,0,0,0,0,0,0,0,0,0,0,0,-4,1,-13,3,-12,0,-11,0,-10,0,-9,0,-9,1,-9,2,-8,3,-7,3,-5,3,-6,7,-4,11,1,12,3,14,3,18,3,22,3,25,0,28,-3,29,-3,30,-3,31,-6,31,-9,28,-7,26,-6,20,-5,15"
38.394370794296265,635,"CSI,657,128,101,81,22,0,-11,22,-10,22,-10,22,-10,22,-10,22,-9,22,-8,21,-8,22,-7,22,-7,22,-6,22,-6,22,-7,21,-7,21,-7,20,-8,20,-7,20,-7,19,-7,18,-8,17,-8,16,-7,15,-7,15,-8,14,-7,13,-2,3,0,0,0,0,0,0,0,0,0,0,0,0,0,0,0,0,0,0,-2,4,-5,18,-6,19,-7,20,-8,20,-8,21,-8,22,-9,22,-10,23,-11,23,-12,23,-12,23,-12,23,-12,23,-13,23,-13,22,-13,22,-13,22,-13,22,-13,22,-13,22,-12,23,-11,23,-11,23,-11,23,-11,23,-11,24"
38.42211580276489,636,"CSI,2411,128,83,49,21,0,12,4,13,5,11,7,10,8,10,6,10,7,8,7,4,2,1,1,3,3,6,4,6,3,6,2,6,-1,5,-2,5,-2,5,-1,6,0,6,1,6,0,6,0,4,0,2,0,2,0,3,0,0,0,0,0,0,0,0,0,0,0,0,0,0,0,0,0,0,0,0,0,-3,-1,-9,0,-7,1,-7,0,-8,-3,-7,-2,-5,2,-5,4,-3,3,-2,3,-1,5,-1,8,-1,8,1,8,1,10,1,10,1,11,0,14,-1,14,-2,11,-3,8,-4,6,-4,5,-1,5,3,4,3,5,2,6"
38.45099997520447,637,"CSI,2365,128,83,49,21,0,2,4,5,10,4,16,2,20,1,21,4,24,1,25,-5,22,-4,25,-2,27,0,23,1,19,1,15,0,10,2,8,3,5,3,0,4,-5,5,-6,4,-6,3,-7,3,-8,2,-9,1,-8,-1,-9,-1,-3,0,0,0,0,0,0,0,0,0,0,0,0,0,0,0,0,0,0,1,2,6,8,6,8,7,8,6,8,4,6,4,4,5,1,5,-1,3,-1,1,-1,0,-4,-2,-8,-6,-12,-6,-16,-6,-20,-8,-23,-11,-23,-12,-26,-13,-30,-14,-30,-13,-28,-11,-29,-8,-28,-7,-25,-7,-21,-9,-16"
38.503082036972046,638,"CSI,658,128,101,81,22,0,18,-3,18,-3,19,-4,19,-4,19,-5,19,-5,18,-5,18,-5,18,-5,18,-6,18,-6,18,-6,18,-6,19,-6,19,-6,19,-5,18,-4,18,-4,17,-4,17,-3,16,-3,16,-3,15,-2,15,-2,15,-1,3,0,0,0,0,0,0,0,0,0,0,0,0,0,0,0,0,0,0,0,3,-1,14,-4,14,-3,15,-3,15,-3,16,-3,17,-2,17,-2,17,-2,18,-1,19,-1,19,-1,18,0,18,0,18,0,18,0,18,0,18,0,18,-1,19,-1,19,-2,19,-2,18,-2,18,-2,19,-2,19,-3,20,-3"
38.530972957611084,639,"CSI,2415,128,83,49,21,0,4,21,2,24,1,25,0,23,0,20,-1,19,1,18,6,17,4,14,1,10,2,8,2,8,4,5,8,1,10,0,9,1,10,3,10,4,9,4,9,2,8,0,7,0,6,2,5,2,4,0,0,0,0,0,0,0,0,0,0,0,0,0,0,0,0,0,0,0,0,0,-2,-3,-6,-8,-6,-6,-5,-5,-4,-5,-2,-5,-3,-5,-4,-2,-4,1,-5,1,-7,3,-9,7,-10,9,-11,7,-13,7,-15,8,-16,7,-15,7,-15,6,-17,4,-17,4,-14,6,-10,6,-8,4,-6,4,-2,7,-2,10"
38.561420917510986,640,"CSI,2369,128,83,49,21,0,-7,-4,-11,-3,-15,-4,-20,-7,-23,-6,-22,-7,-21,-5,-23,0,-21,1,-18,-1,-20,-1,-19,0,-16,-3,-14,-6,-9,-4,-3,-2,1,0,3,0,5,2,5,4,6,3,6,2,6,0,7,0,10,-1,2,-1,0,0,0,0,0,0,0,0,0,0,0,0,0,0,0,0,0,0,-3,0,-9,0,-8,-1,-7,0,-8,0,-7,0,-4,-1,-4,0,-3,2,-2,2,1,1,5,-1,8,-3,12,-3,16,-1,18,4,22,5,24,4,23,3,25,2,26,4,25,6,23,6,17,5,14,4,13,3,10,2"
38.60865116119385,641,"CSI,2419,128,83,49,21,0,4,-22,7,-22,5,-20,5,-19,5,-18,4,-14,5,-8,6,-2,4,-4,2,-9,0,-8,-1,-6,-1,-5,-1,-5,-3,-4,-5,-6,-6,-7,-6,-6,-5,-5,-6,-6,-7,-4,-5,-2,-5,-2,-4,-3,-3,-4,-1,-1,0,0,0,0,0,0,0,0,0,0,0,0,0,0,0,0,0,0,0,2,1,7,1,6,1,5,-1,4,1,1,4,1,4,0,4,-1,6,-1,8,-2,10,-2,11,-1,11,-1,11,-2,10,-2,12,2,16,3,15,2,11,1,11,1,9,0,7,0,7,-1,8,-3,8,-7,5,-11"
38.6391818523407,642,"CSI,659,128,101,81,22,0,19,11,19,10,19,10,19,9,19,9,19,8,19,8,20,8,19,8,19,7,19,7,19,7,19,7,19,7,19,7,18,7,18,8,17,8,16,8,15,7,15,7,14,6,14,6,13,7,12,7,3,1,0,0,0,0,0,0,0,0,0,0,0,0,0,0,0,0,0,0,4,1,16,5,17,5,17,6,17,7,18,7,19,9,19,10,19,10,20,11,20,11,19,12,19,13,19,13,19,13,19,13,19,13,19,13,19,13,19,12,19,11,19,11,19,11,19,11,20,11,21,11,22,11"
38.66960692405701,643,"CSI,2945,128,-117,-78,40,0,1,22,1,22,2,22,2,21,1,21,2,21,3,21,4,21,4,21,4,21,4,21,4,20,4,20,4,19,4,19,3,19,3,19,3,19,3,18,2,17,2,16,2,15,1,15,1,14,1,14,0,3,0,0,0,0,0,0,0,0,0,0,0,0,0,0,0,0,0,0,1,4,3,16,3,17,3,18,2,18,2,19,2,20,2,21,1,22,1,22,0,23,-1,23,-1,24,-1,24,-1,24,-1,23,-1,23,-1,23,-1,23,-1,23,-1,23,0,23,0,23,1,23,1,23,0,23,1,24"
38.70030498504639,644,"CSI,2372,128,83,49,21,0,-1,-2,-6,-3,-11,-6,-13,-10,-14,-11,-17,-12,-16,-12,-13,-9,-11,-8,-12,-9,-13,-8,-12,-10,-11,-11,-8,-9,-5,-4,-5,-2,-3,0,-2,3,-4,4,-5,3,-4,4,-2,6,-1,6,-1,5,0,6,0,1,0,0,0,0,0,0,0,0,0,0,0,0,0,0,0,0,0,0,-1,2,-2,9,-1,6,-1,7,-1,8,-1,7,-1,5,0,3,2,2,4,2,5,1,6,1,8,0,9,-3,10,-7,12,-9,17,-10,19,-11,19,-10,22,-7,24,-8,21,-8,20,-7,20,-5,19,-4,15,-5,13,-4"
38.736433029174805,645,"CSI,1616,128,-5,-79,31,0,13,-17,13,-17,13,-17,13,-17,13,-17,12,-17,11,-17,11,-17,11,-18,11,-18,10,-17,10,-17,10,-17,10,-17,10,-16,11,-16,10,-16,10,-15,9,-14,10,-14,9,-13,9,-12,9,-12,9,-11,9,-10,2,-3,0,0,0,0,0,0,0,0,0,0,0,0,0,0,0,0,0,0,1,-4,7,-15,7,-15,8,-16,9,-16,10,-16,10,-17,11,-17,12,-17,13,-17,14,-17,15,-17,14,-17,14,-17,15,-17,15,-17,15,-16,15,-16,15,-17,15,-17,15,-17,15,-17,14,-17,14,-17,14,-17,15,-17,15,-18"
38.769587993621826,646,"CSI,2423,128,83,49,21,0,7,14,9,12,12,12,9,14,7,14,10,11,-1,3,-11,-5,-2,-2,4,2,3,0,4,-3,4,-4,2,-6,-1,-8,-2,-7,-4,-7,-3,-8,-1,-7,-1,-7,-1,-5,-2,-4,-3,-5,-2,-5,-2,-6,-1,-2,0,0,0,0,0,0,0,0,0,0,0,0,0,0,0,0,0,0,-1,-3,-1,-8,1,-6,2,-6,1,-6,0,-7,-3,-9,-4,-10,-4,-8,-8,-6,-10,-2,-11,1,-13,0,-16,0,-17,3,-18,6,-19,7,-19,4,-17,4,-16,7,-16,9,-14,7,-12,6,-10,8,-7,9,-1,9,2,11"
38.8030948638916,647,"CSI,660,128,101,81,22,0,-23,-2,-23,-2,-23,-1,-23,0,-23,1,-23,1,-22,1,-22,1,-22,1,-22,1,-22,2,-22,2,-22,2,-22,2,-22,2,-21,2,-21,1,-20,0,-19,0,-19,0,-18,1,-17,0,-17,0,-16,0,-15,-1,-4,-1,0,0,0,0,0,0,0,0,0,0,0,0,0,0,0,0,0,0,-4,0,-16,2,-17,2,-17,1,-18,1,-19,1,-20,0,-21,0,-21,-1,-22,-1,-23,-1,-23,-2,-23,-3,-23,-3,-23,-3,-23,-3,-24,-3,-24,-3,-23,-3,-23,-2,-24,-2,-24,-2,-24,-2,-23,-2,-24,-2,-25,-1,-25,-1"
38.83370780944824,648,"CSI,2646,128,101,80,6,0,1,7,-1,11,2,14,7,14,9,13,10,14,11,16,14,15,15,15,12,16,8,16,5,15,3,11,3,7,4,5,5,4,4,1,3,-1,2,-2,3,-5,3,-6,3,-6,3,-7,4,-10,4,-12,0,-4,0,0,0,0,0,0,0,0,0,0,0,0,0,0,0,0,0,0,0,-3,4,-10,6,-9,7,-10,5,-10,4,-9,3,-8,-1,-6,-2,-6,-1,-6,-2,-4,-6,-1,-11,1,-13,2,-15,1,-18,-1,-21,-4,-23,-6,-23,-4,-23,-4,-23,-8,-22,-9,-22,-9,-21,-7,-17,-3,-15,-4,-14,-7"
38.870795011520386,649,"CSI,661,128,101,81,22,0,18,-17,18,-18,18,-18,18,-18,18,-18,17,-19,16,-19,15,-19,15,-19,15,-20,14,-20,14,-20,14,-19,15,-19,15,-19,15,-18,14,-18,14,-17,14,-16,14,-16,14,-15,13,-14,13,-14,13,-13,12,-12,3,-3,0,0,0,0,0,0,0,0,0,0,0,0,0,0,0,0,0,0,2,-4,11,-14,11,-14,12,-14,13,-15,14,-15,15,-15,15,-15,17,-15,18,-16,19,-16,19,-15,19,-15,19,-15,19,-15,20,-15,20,-15,20,-15,20,-15,20,-16,20,-16,20,-16,19,-16,19,-16,19,-17,20,-17,20,-17"
38.953598976135254,650,"CSI,662,128,101,81,22,0,14,-3,14,-3,14,-3,14,-4,14,-4,13,-4,13,-5,13,-5,13,-5,13,-5,13,-5,12,-5,12,-5,13,-5,13,-5,13,-5,12,-4,12,-4,11,-4,11,-4,11,-4,11,-3,10,-3,10,-3,9,-2,2,-1,0,0,0,0,0,0,0,0,0,0,0,0,0,0,0,0,0,0,2,-1,8,-3,9,-3,9,-3,10,-3,10,-3,11,-3,11,-2,12,-2,12,-2,13,-2,13,-2,13,-1,13,-1,13,-1,13,-2,13,-2,13,-2,13,-2,14,-2,14,-3,14,-3,14,-3,14,-3,14,-3,14,-3,14,-3"
38.98414492607117,651,"CSI,2384,128,83,49,21,0,-11,5,-7,8,-1,8,3,11,4,14,5,16,3,16,0,15,1,16,1,18,1,18,2,15,1,14,0,16,-2,16,0,11,1,6,1,4,1,3,3,1,5,-1,6,-2,7,-3,6,-3,7,-3,1,-1,0,0,0,0,0,0,0,0,0,0,0,0,0,0,0,0,0,0,-1,-3,-2,-10,0,-10,2,-7,1,-6,-1,-5,-1,-5,-1,-5,-2,-4,-4,-4,-6,-4,-7,-3,-10,-1,-13,0,-14,1,-14,2,-18,1,-21,0,-21,0,-22,-1,-21,-2,-21,-2,-24,-1,-24,-2,-22,-4,-20,-3,-18,-4"
39.063477754592896,652,"CSI,2388,128,83,49,21,0,1,5,2,7,1,10,-1,15,0,18,1,18,-2,20,-2,23,0,21,2,17,1,15,-1,12,-2,7,-1,2,2,-2,3,-1,4,-1,5,-3,5,-6,6,-7,7,-5,7,-2,6,-4,5,-5,5,-5,1,-2,0,0,0,0,0,0,0,0,0,0,0,0,0,0,0,0,0,0,1,0,7,4,6,3,7,1,8,1,8,1,7,-1,6,0,3,0,-1,-3,-4,-7,-6,-7,-7,-8,-8,-11,-10,-12,-13,-15,-11,-19,-8,-19,-8,-17,-10,-19,-11,-20,-7,-18,-4,-18,-4,-16,-6,-15,-8,-12,-10,-7"
39.09425377845764,653,"CSI,663,128,101,81,22,0,15,18,15,18,16,17,16,16,16,16,16,15,17,16,18,16,18,16,18,16,18,15,18,15,18,15,18,15,17,15,17,15,16,16,16,16,15,15,14,14,13,14,12,14,12,13,11,13,10,13,2,3,0,0,0,0,0,0,0,0,0,0,0,0,0,0,0,0,0,0,2,2,11,11,12,11,12,12,12,13,12,13,13,15,13,16,13,17,13,17,13,17,12,18,12,19,12,19,12,19,12,19,12,19,13,19,13,19,13,18,13,17,14,17,14,18,15,18,15,18,15,18,17,18"
39.12758493423462,654,"CSI,2439,128,83,49,21,0,-17,-10,-16,-13,-13,-17,-11,-18,-10,-16,-8,-14,-10,-15,-14,-16,-11,-13,-6,-10,-5,-6,-7,0,-8,3,-9,1,-11,0,-14,2,-14,3,-12,0,-11,-2,-9,-1,-8,-1,-9,-4,-9,-4,-7,-3,-6,-2,-2,-1,0,0,0,0,0,0,0,0,0,0,0,0,0,0,0,0,0,0,1,-2,6,-6,7,-5,6,-5,5,-6,4,-5,3,-4,2,-6,2,-8,2,-6,1,-5,-1,-7,-2,-10,-1,-13,-2,-14,-2,-13,1,-13,2,-13,3,-12,3,-11,3,-12,4,-11,4,-9,2,-8,-1,-10,-6,-9,-13,-5"
39.165923833847046,655,"CSI,2392,128,83,49,21,0,7,-4,14,-4,18,-8,19,-11,19,-10,19,-6,22,-8,24,-13,21,-13,16,-10,13,-7,9,-4,7,-5,6,-6,3,-5,-1,-3,-4,-1,-7,0,-9,-1,-10,-2,-10,-1,-11,1,-11,3,-11,1,-10,2,-3,0,0,0,0,0,0,0,0,0,0,0,0,0,0,0,0,0,0,0,1,-3,6,-10,6,-11,5,-11,4,-10,4,-8,4,-6,4,-3,1,-1,-5,-1,-6,1,-6,6,-9,9,-14,10,-17,11,-20,14,-22,17,-22,18,-22,15,-22,12,-22,10,-20,9,-19,9,-19,7,-14,6,-8,4,-8,2"
39.19644284248352,656,"CSI,664,128,101,81,22,0,17,1,17,1,17,0,18,0,18,-1,17,-1,17,-1,17,-1,17,-1,17,-1,17,-1,17,-2,17,-2,17,-2,17,-2,17,-1,17,-1,16,0,16,0,15,0,15,0,14,0,14,1,13,1,13,1,3,0,0,0,0,0,0,0,0,0,0,0,0,0,0,0,0,0,0,0,3,-1,12,-2,12,-2,13,-2,13,-1,14,-1,14,0,15,0,15,0,16,1,16,1,16,2,16,2,16,2,17,2,17,2,17,2,17,2,17,2,17,1,17,1,17,1,17,1,17,1,17,1,18,1,19,0"
39.2267107963562,657,"CSI,2443,128,83,49,21,0,-8,17,-7,15,-10,16,-12,17,-11,13,-11,10,-8,9,-2,9,-3,7,-3,5,-2,3,-2,3,-2,6,1,6,3,6,4,7,4,7,5,7,7,9,5,10,3,10,2,9,2,8,2,7,2,8,0,2,0,0,0,0,0,0,0,0,0,0,0,0,0,0,0,0,0,0,-2,-2,-5,-6,-3,-7,-3,-10,-3,-10,-1,-9,-1,-8,-2,-6,-3,-3,-4,-2,-6,-2,-10,-2,-13,-1,-13,-1,-13,-3,-15,-4,-17,-4,-16,-3,-15,-3,-14,-4,-11,-7,-10,-7,-8,-3,-6,0,-5,3,-5,4,-5,3"
39.268040895462036,658,"CSI,2396,128,83,49,21,0,0,-5,-5,-8,-5,-12,-5,-15,-8,-17,-9,-18,-11,-20,-17,-22,-17,-20,-13,-18,-11,-18,-7,-18,-5,-14,-3,-10,0,-6,1,-3,0,-1,0,1,-1,6,-2,10,-1,8,0,6,-1,7,-1,8,0,10,0,2,0,0,0,0,0,0,0,0,0,0,0,0,0,0,0,0,0,0,-4,0,-12,2,-10,4,-10,6,-10,5,-8,2,-9,0,-10,0,-7,-1,-3,-1,-1,1,1,3,6,2,9,3,13,6,16,8,17,11,17,14,20,13,20,11,21,11,21,12,19,12,16,11,14,8,13,8,11,10"
39.304271936416626,659,"CSI,665,128,101,81,22,0,-6,-18,-7,-18,-7,-18,-7,-18,-7,-17,-7,-17,-8,-17,-8,-17,-9,-18,-9,-18,-9,-18,-9,-17,-9,-17,-9,-17,-8,-17,-8,-17,-8,-17,-7,-17,-7,-16,-6,-16,-6,-15,-6,-15,-5,-15,-5,-14,-4,-14,-1,-4,0,0,0,0,0,0,0,0,0,0,0,0,0,0,0,0,0,0,-2,-3,-7,-12,-6,-13,-6,-13,-6,-14,-6,-15,-6,-16,-6,-17,-6,-17,-5,-17,-5,-18,-4,-18,-4,-19,-4,-19,-4,-19,-4,-19,-4,-19,-5,-19,-4,-19,-4,-18,-5,-18,-5,-18,-5,-18,-6,-19,-6,-18,-6,-18,-7,-19"
39.36758589744568,660,"CSI,2401,128,83,49,21,0,5,0,6,-4,6,-9,7,-10,9,-12,10,-13,9,-14,9,-15,11,-16,13,-13,12,-8,11,-7,10,-7,7,-6,3,-2,0,1,-1,1,-1,-1,-2,-2,-5,-3,-7,-3,-7,-4,-7,-6,-7,-7,-8,-7,-2,-2,0,0,0,0,0,0,0,0,0,0,0,0,0,0,0,0,0,0,-2,1,-7,7,-8,7,-7,7,-6,7,-5,5,-4,2,-3,2,-2,3,-1,5,2,7,6,7,8,6,7,8,6,10,8,11,12,12,13,12,12,11,11,12,9,14,7,15,6,14,6,13,8,12,7,9,6,7"
39.40165901184082,661,"CSI,666,128,101,81,22,0,13,0,13,0,13,-1,13,-1,13,-2,13,-2,13,-2,13,-2,13,-2,13,-2,12,-2,12,-2,12,-2,13,-2,13,-2,12,-2,12,-1,12,-1,11,-1,11,-1,10,-1,10,-1,10,-1,9,0,9,0,2,0,0,0,0,0,0,0,0,0,0,0,0,0,0,0,0,0,0,0,2,-1,9,-2,9,-2,10,-2,10,-1,11,-1,11,-1,12,0,12,0,13,0,13,0,13,1,13,1,13,1,13,1,13,1,13,1,13,1,13,1,13,0,14,0,14,0,14,0,14,0,14,0,14,-1,14,-1"
39.47122383117676,662,"CSI,2405,128,83,49,21,0,1,1,3,4,5,6,5,6,9,8,12,10,16,11,20,12,17,12,12,9,11,8,9,9,7,9,4,6,2,3,1,2,-1,1,-1,-1,-2,-3,-2,-5,-3,-6,-3,-6,-2,-5,-3,-5,-3,-7,-1,-2,0,0,0,0,0,0,0,0,0,0,0,0,0,0,0,0,0,0,2,1,11,4,10,2,10,1,8,2,6,2,4,2,2,0,1,-1,0,-1,0,-4,-1,-6,-5,-6,-10,-7,-11,-8,-12,-11,-15,-12,-16,-10,-16,-9,-16,-9,-16,-9,-16,-11,-15,-13,-14,-13,-13,-10,-9,-7,-8,-6"
39.51849889755249,663,"CSI,667,128,101,81,22,0,-10,18,-10,18,-10,18,-10,17,-10,17,-9,17,-8,18,-7,18,-7,18,-7,18,-7,18,-7,18,-7,18,-8,17,-8,17,-8,17,-8,16,-8,16,-8,15,-8,14,-8,13,-7,13,-8,12,-8,11,-7,11,-2,2,0,0,0,0,0,0,0,0,0,0,0,0,0,0,0,0,0,0,-1,3,-4,12,-5,12,-5,13,-6,13,-7,14,-7,15,-7,15,-8,16,-9,16,-10,16,-10,16,-10,17,-10,17,-11,17,-11,17,-11,16,-11,17,-11,17,-11,17,-11,17,-11,17,-10,17,-10,17,-10,17,-11,17,-11,18"
39.57185387611389,664,"CSI,2409,128,83,49,21,0,1,2,-2,5,-4,4,-6,2,-10,4,-14,5,-15,2,-14,-1,-16,-1,-15,2,-11,4,-11,3,-12,1,-10,-2,-8,-1,-7,1,-7,-1,-5,-1,-2,0,0,0,2,0,2,1,2,1,5,1,6,0,1,0,0,0,0,0,0,0,0,0,0,0,0,0,0,0,0,0,0,0,-2,1,-7,5,-8,4,-8,3,-6,2,-3,3,-1,4,1,3,1,1,2,0,6,-1,5,-1,5,0,8,-1,8,-2,7,-2,10,-3,12,-4,11,-4,13,-6,15,-7,15,-8,13,-8,13,-7,12,-7,9,-8,9,-10"
39.62713885307312,665,"CSI,668,128,101,81,22,0,18,0,18,-1,18,-1,18,-2,18,-2,18,-2,18,-2,18,-2,17,-3,17,-3,17,-3,17,-3,17,-3,17,-3,17,-3,17,-3,16,-2,15,-1,15,-1,14,-2,14,-2,13,-1,13,-1,12,-1,12,0,2,0,0,0,0,0,0,0,0,0,0,0,0,0,0,0,0,0,0,0,3,-1,12,-2,13,-2,13,-2,14,-1,15,-1,15,-1,16,0,16,0,17,0,18,0,18,1,18,2,18,2,18,2,18,2,18,2,18,2,18,1,18,1,19,0,19,0,19,0,19,0,19,0,20,0,20,-1"
39.7004759311676,666,"CSI,2949,128,-117,-78,40,0,15,-17,15,-18,15,-18,15,-18,16,-18,15,-18,14,-18,13,-18,14,-19,13,-19,13,-19,13,-19,13,-19,14,-18,14,-18,14,-18,14,-17,14,-16,14,-15,14,-15,13,-14,13,-13,13,-12,13,-12,12,-11,3,-3,0,0,0,0,0,0,0,0,0,0,0,0,0,0,0,0,0,0,1,-3,7,-12,7,-12,8,-13,9,-13,9,-14,9,-14,10,-15,11,-15,12,-15,13,-15,14,-15,14,-15,14,-16,14,-16,15,-16,15,-15,15,-16,15,-16,15,-16,15,-16,15,-17,15,-17,14,-17,15,-17,16,-18,16,-19"
39.749868869781494,667,"CSI,669,128,101,81,22,0,-20,-3,-19,-3,-20,-2,-19,-2,-19,-1,-19,-1,-19,-1,-19,-1,-19,-1,-19,-1,-18,-1,-18,-1,-18,-1,-18,-1,-18,-1,-18,-1,-17,-2,-16,-2,-16,-2,-15,-2,-15,-2,-14,-2,-14,-2,-13,-3,-13,-3,-3,-1,0,0,0,0,0,0,0,0,0,0,0,0,0,0,0,0,0,0,-4,0,-13,1,-13,0,-14,0,-15,0,-15,-1,-16,-1,-17,-1,-17,-2,-18,-2,-18,-2,-18,-3,-18,-4,-19,-4,-19,-4,-19,-4,-19,-4,-19,-4,-19,-4,-19,-3,-20,-2,-20,-2,-19,-3,-19,-3,-20,-3,-21,-2,-21,-2"
39.77962875366211,668,"CSI,2416,128,83,49,21,0,-7,8,-6,7,-6,2,-7,-1,-8,-3,-10,-6,-11,-4,-12,-1,-13,-2,-13,-4,-12,-3,-12,-4,-14,-7,-14,-7,-13,-6,-11,-5,-7,-3,-3,-1,-1,0,0,-1,0,-3,2,-4,4,-4,5,-4,6,-4,1,-1,0,0,0,0,0,0,0,0,0,0,0,0,0,0,0,0,0,0,0,0,1,5,3,7,4,8,4,8,1,7,-1,7,-1,7,-2,7,-3,6,-4,8,-4,9,-5,6,-6,4,-7,5,-9,5,-10,5,-10,5,-12,5,-14,6,-16,6,-17,9,-18,12,-18,13,-17,13,-19,14,-17,13"
39.8661048412323,669,"CSI,670,128,101,81,22,0,-21,12,-20,12,-20,12,-20,12,-20,13,-19,13,-19,13,-18,13,-18,13,-18,13,-17,13,-17,13,-17,13,-17,13,-18,13,-17,12,-17,11,-16,11,-16,10,-16,10,-15,9,-15,9,-14,8,-14,8,-13,7,-4,1,0,0,0,0,0,0,0,0,0,0,0,0,0,0,0,0,0,0,-3,2,-12,10,-13,10,-13,10,-15,10,-15,11,-16,11,-16,11,-17,11,-19,11,-20,11,-20,11,-20,11,-20,11,-20,11,-21,10,-21,10,-21,10,-21,10,-21,11,-21,11,-21,12,-21,12,-20,12,-21,12,-22,12,-22,12"
39.89233183860779,670,"CSI,2420,128,83,49,21,0,8,-2,3,3,2,3,4,3,4,7,1,11,1,9,2,7,1,8,0,13,1,16,2,16,5,13,7,9,5,8,5,8,5,6,2,3,-1,0,-2,0,-3,1,-5,-1,-7,-1,-7,1,-6,2,-2,0,0,0,0,0,0,0,0,0,0,0,0,0,0,0,0,0,0,0,0,-1,1,-6,-1,-9,-2,-9,-2,-7,-2,-5,1,-5,2,-4,4,-4,5,-5,5,-6,5,-5,5,-2,5,0,7,1,9,2,10,0,12,-2,14,0,17,1,19,1,19,0,19,-2,19,-3,16,-2,15,-2,16,-2"
39.97727084159851,671,"CSI,671,128,101,81,22,0,0,-14,0,-14,0,-14,0,-14,0,-14,-1,-14,-1,-14,-1,-14,-1,-14,-1,-14,-1,-14,-1,-14,-1,-14,-2,-14,-1,-14,-1,-13,-1,-13,-1,-13,-1,-13,-1,-12,0,-11,0,-11,0,-11,1,-10,1,-10,0,-3,0,0,0,0,0,0,0,0,0,0,0,0,0,0,0,0,0,0,-1,-2,-1,-8,-1,-8,-1,-9,-1,-9,-1,-10,-1,-10,-1,-11,-1,-11,0,-12,1,-12,1,-12,1,-13,1,-13,1,-13,1,-13,1,-13,1,-13,1,-13,1,-13,1,-13,0,-13,0,-14,0,-14,1,-14,1,-13,0,-13"
40.07998085021973,672,"CSI,672,128,101,81,22,0,8,-13,7,-13,7,-13,8,-13,7,-13,7,-13,6,-13,6,-13,6,-14,5,-13,5,-13,5,-13,5,-13,5,-13,5,-13,5,-12,5,-12,5,-12,5,-11,5,-11,5,-10,5,-10,5,-9,5,-9,4,-8,1,-2,0,0,0,0,0,0,0,0,0,0,0,0,0,0,0,0,0,0,1,-3,4,-9,5,-9,5,-10,6,-10,6,-10,6,-11,7,-11,7,-11,8,-11,9,-12,9,-12,9,-12,9,-12,9,-12,9,-12,9,-12,9,-12,9,-12,9,-12,9,-12,9,-13,8,-13,8,-13,8,-13,8,-13,9,-13"
40.1097629070282,673,"CSI,2429,128,83,49,21,0,0,-5,-2,-5,-6,-4,-7,-2,-7,0,-10,4,-13,3,-18,0,-17,1,-15,4,-15,4,-14,4,-12,2,-11,1,-9,3,-8,5,-6,5,-2,6,-1,6,-1,4,1,5,3,5,3,1,3,1,3,3,1,1,0,0,0,0,0,0,0,0,0,0,0,0,0,0,0,0,0,0,0,2,1,10,-2,9,-3,9,-3,8,-3,7,-5,6,-6,6,-6,4,-4,0,-1,-5,1,-7,4,-6,7,-7,9,-9,10,-10,11,-10,9,-10,8,-11,11,-11,13,-11,14,-13,15,-11,13,-10,10,-12,7,-13,6,-10"
40.195616722106934,674,"CSI,673,128,101,81,22,0,20,-12,20,-12,20,-12,20,-12,20,-12,19,-13,18,-13,18,-12,18,-13,17,-13,16,-13,16,-13,16,-13,17,-13,17,-13,17,-12,16,-11,15,-10,15,-10,15,-9,14,-9,14,-9,13,-8,13,-7,12,-7,3,-2,0,0,0,0,0,0,0,0,0,0,0,0,0,0,0,0,0,0,3,-3,14,-9,14,-9,15,-9,16,-10,17,-10,18,-10,18,-10,19,-10,20,-10,21,-10,21,-9,21,-9,21,-9,21,-9,21,-9,22,-9,21,-9,21,-10,22,-10,22,-10,22,-11,21,-11,21,-11,21,-11,22,-11,22,-10"
40.2923538684845,675,"CSI,2436,128,83,49,21,0,8,7,9,6,10,8,12,11,12,12,12,13,15,11,18,7,15,2,12,1,11,4,5,6,2,7,2,6,0,4,0,1,-2,0,-4,-1,-6,-5,-7,-7,-8,-5,-7,-3,-5,-2,-3,-1,-3,0,-1,0,0,0,0,0,0,0,0,0,0,0,0,0,0,0,0,0,0,0,2,0,11,2,9,4,5,5,1,3,-2,0,-3,1,-3,1,-6,-3,-8,-7,-11,-8,-14,-8,-16,-11,-18,-11,-20,-11,-20,-13,-19,-15,-18,-16,-19,-17,-19,-16,-17,-14,-13,-11,-10,-9,-9,-8,-6,-5,-2,0,0,7"
40.32397198677063,676,"CSI,674,128,101,81,22,0,-24,7,-24,7,-24,7,-24,8,-24,9,-24,9,-23,9,-23,9,-23,9,-22,9,-22,9,-22,9,-22,10,-23,10,-23,10,-23,9,-22,8,-21,7,-21,7,-20,7,-20,7,-19,6,-19,5,-18,5,-18,4,-5,1,0,0,0,0,0,0,0,0,0,0,0,0,0,0,0,0,0,0,-5,1,-18,6,-18,6,-19,6,-20,6,-21,6,-21,6,-22,5,-23,5,-24,5,-25,5,-25,4,-24,3,-25,3,-25,3,-25,4,-25,3,-25,4,-25,4,-25,5,-25,6,-25,6,-24,6,-24,5,-25,6,-26,6,-27,7"
40.39462399482727,677,"CSI,2441,128,83,49,21,0,0,-7,-2,-9,-3,-9,-6,-8,-9,-8,-9,-8,-6,-13,-5,-21,-8,-21,-11,-15,-10,-12,-9,-11,-6,-10,-4,-11,-6,-10,-8,-9,-6,-7,-3,-4,-2,-2,-3,-1,-4,1,-5,2,-3,3,-2,4,-2,5,-1,1,0,0,0,0,0,0,0,0,0,0,0,0,0,0,0,0,0,0,1,2,4,9,3,9,1,10,0,10,0,6,0,3,1,2,1,-2,3,-6,5,-7,8,-6,8,-8,10,-11,14,-13,17,-12,19,-10,21,-8,20,-6,18,-5,16,-3,15,-2,14,-4,14,-5,13,-5,9,-6,8,-4"
40.42431902885437,678,"CSI,675,128,101,81,22,0,23,-1,23,-1,23,-2,23,-2,23,-3,22,-3,22,-3,21,-3,21,-4,21,-4,20,-4,20,-4,20,-4,21,-4,21,-4,20,-3,19,-2,19,-2,18,-1,18,-1,17,-1,16,-1,16,-1,15,0,14,1,3,0,0,0,0,0,0,0,0,0,0,0,0,0,0,0,0,0,0,0,5,-1,21,-3,21,-3,22,-3,23,-2,24,-2,24,-1,25,0,26,0,27,0,27,1,27,1,26,2,26,2,26,2,26,2,26,2,26,2,25,1,25,1,25,0,25,0,25,0,24,0,24,0,25,-1,25,-1"
40.49301886558533,679,"CSI,2445,128,83,49,21,0,16,7,14,2,13,0,12,-1,12,-3,14,-5,14,-10,11,-14,11,-12,15,-7,19,-7,21,-7,20,-4,19,-3,17,-3,14,-3,12,-3,10,-2,8,-2,7,-2,6,-2,2,-4,0,-6,0,-7,0,-7,0,-2,0,0,0,0,0,0,0,0,0,0,0,0,0,0,0,0,0,0,1,1,7,4,7,5,7,8,7,8,5,7,5,4,7,2,8,2,8,3,9,2,12,2,14,3,15,2,16,2,20,4,24,4,24,3,22,6,21,7,22,5,24,5,22,6,20,6,21,6,23,8,26,10"
40.530773878097534,680,"CSI,676,128,101,81,22,0,-21,9,-20,9,-20,9,-20,9,-19,10,-18,10,-17,9,-17,9,-16,9,-16,9,-15,9,-15,9,-15,9,-15,9,-15,9,-15,9,-14,8,-13,6,-13,6,-13,6,-13,6,-12,5,-12,5,-12,4,-11,3,-3,0,0,0,0,0,0,0,0,0,0,0,0,0,0,0,0,0,0,0,-6,2,-22,10,-22,10,-23,10,-24,10,-25,10,-26,10,-26,10,-27,9,-28,9,-28,9,-28,8,-28,8,-28,7,-27,7,-27,7,-27,7,-26,7,-26,8,-26,8,-25,8,-25,9,-24,8,-23,8,-23,8,-24,9,-24,9"
40.59893798828125,681,"CSI,2448,128,83,49,21,0,-12,19,-7,12,-1,6,2,2,7,1,13,0,19,0,24,3,27,1,27,-2,25,-3,23,-3,24,-3,24,-1,22,0,18,1,14,2,8,1,4,-3,2,-4,0,-1,-2,-1,-3,-3,-5,-4,-6,-6,-2,-2,0,0,0,0,0,0,0,0,0,0,0,0,0,0,0,0,0,0,-2,-3,-6,-8,-5,-7,-5,-8,-6,-10,-5,-11,-4,-12,-5,-11,-6,-8,-6,-6,-6,-4,-7,-4,-5,-5,-3,-3,-4,0,-6,5,-7,9,-9,13,-11,14,-11,18,-11,23,-13,26,-14,27,-16,27,-20,28,-21,30,-20,29"
40.63471603393555,682,"CSI,2648,128,77,-47,20,0,-16,10,-8,7,-3,4,2,3,7,4,11,5,12,5,12,5,15,4,20,4,21,4,21,4,19,6,14,7,14,8,14,8,10,7,6,4,7,-1,5,-3,2,-2,-1,-2,-2,-5,-3,-9,-5,-11,-2,-3,0,0,0,0,0,0,0,0,0,0,0,0,0,0,0,0,0,0,-2,-1,-6,-3,-5,-5,-4,-8,-2,-8,-2,-7,0,-8,1,-9,1,-8,-1,-6,-4,-4,-3,-3,-2,-1,-4,4,-7,6,-7,6,-8,6,-10,7,-13,9,-16,12,-21,15,-25,17,-25,16,-22,15,-19,16,-18,17,-20,15"
40.66553092002869,683,"CSI,677,128,101,81,22,0,19,-3,18,-3,18,-3,18,-4,18,-4,18,-5,17,-5,17,-5,17,-5,16,-6,16,-6,16,-6,16,-6,17,-6,17,-6,16,-6,16,-5,15,-5,15,-5,14,-5,14,-5,14,-4,13,-4,13,-4,13,-3,3,-1,0,0,0,0,0,0,0,0,0,0,0,0,0,0,0,0,0,0,3,-2,15,-5,15,-5,16,-4,17,-4,18,-4,18,-4,19,-3,19,-3,20,-3,21,-3,20,-2,20,-1,20,-1,20,-1,20,-1,20,-1,20,-1,20,-1,20,-2,20,-2,20,-2,20,-2,19,-2,19,-2,20,-3,21,-3"
40.75230288505554,684,"CSI,2953,128,-117,-78,40,0,-18,-2,-18,-2,-18,-2,-18,-1,-18,-1,-17,0,-17,-1,-17,-1,-17,-1,-17,-1,-17,0,-16,0,-16,0,-17,0,-17,0,-16,0,-15,-1,-15,-1,-14,-1,-14,-1,-14,-1,-13,-1,-13,-2,-12,-2,-12,-3,-3,-1,0,0,0,0,0,0,0,0,0,0,0,0,0,0,0,0,0,0,-4,0,-15,1,-15,0,-16,0,-17,0,-17,-1,-18,-1,-18,-2,-19,-2,-19,-2,-20,-3,-19,-3,-19,-4,-19,-4,-19,-4,-19,-4,-19,-4,-19,-4,-19,-4,-19,-3,-19,-3,-19,-3,-19,-3,-19,-3,-19,-3,-19,-2,-20,-2"
40.7885000705719,685,"CSI,678,128,101,81,22,0,-18,-7,-17,-7,-18,-6,-18,-6,-17,-5,-17,-5,-17,-5,-17,-5,-17,-4,-17,-5,-17,-4,-17,-4,-17,-4,-17,-4,-17,-4,-16,-4,-15,-5,-15,-5,-14,-5,-14,-5,-13,-4,-13,-4,-12,-4,-12,-5,-11,-5,-3,-2,0,0,0,0,0,0,0,0,0,0,0,0,0,0,0,0,0,0,-4,-1,-15,-4,-15,-4,-16,-5,-16,-5,-17,-5,-17,-6,-18,-7,-18,-7,-18,-8,-18,-8,-18,-9,-18,-9,-18,-9,-18,-9,-18,-9,-18,-9,-18,-9,-18,-9,-18,-8,-18,-8,-18,-8,-18,-8,-18,-8,-18,-8,-19,-7,-19,-7"
40.81831097602844,686,"CSI,2457,128,83,49,21,0,6,8,8,1,7,-2,7,-2,10,-7,12,-11,15,-14,19,-16,19,-16,18,-13,18,-10,17,-9,15,-7,14,-5,14,-5,12,-3,9,-2,6,-2,3,-2,2,-3,1,-3,-1,-3,-3,-5,-4,-8,-5,-9,-2,-3,0,0,0,0,0,0,0,0,0,0,0,0,0,0,0,0,0,0,0,2,-1,8,-4,8,-5,9,-6,9,-5,7,-4,6,-4,5,-4,4,-2,4,1,3,1,4,3,5,8,5,11,6,12,9,14,12,16,13,17,15,17,17,16,19,15,21,14,22,13,21,11,21,13,20,16,17"
40.86850190162659,687,"CSI,679,128,101,81,22,0,-22,4,-21,4,-21,4,-21,5,-21,5,-21,6,-20,5,-20,5,-20,6,-19,6,-19,6,-19,6,-19,6,-19,6,-19,6,-19,6,-18,5,-17,4,-17,4,-16,4,-16,4,-15,3,-15,3,-14,2,-14,2,-4,0,0,0,0,0,0,0,0,0,0,0,0,0,0,0,0,0,0,0,-5,1,-17,5,-17,5,-18,5,-19,5,-20,5,-21,5,-21,4,-22,4,-23,4,-23,3,-24,3,-23,2,-23,2,-23,2,-24,2,-24,2,-23,2,-23,2,-23,3,-23,3,-23,3,-23,3,-22,3,-23,3,-24,4,-24,4"
40.90503406524658,688,"CSI,2460,128,83,49,21,0,2,5,5,3,7,0,10,-2,12,-4,14,-8,15,-9,13,-8,11,-6,15,-5,18,-6,17,-7,15,-6,12,-4,9,-2,5,-1,2,-3,0,-3,0,-1,-3,-1,-5,-2,-5,-2,-7,-2,-8,-1,-7,1,-2,0,0,0,0,0,0,0,0,0,0,0,0,0,0,0,0,0,0,0,-4,-1,-12,-4,-9,-6,-7,-8,-6,-9,-5,-7,-4,-7,-3,-6,-4,-5,-3,-3,-3,1,-3,4,-2,7,0,10,0,12,-2,14,-4,18,-6,21,-9,20,-9,18,-8,18,-8,21,-7,21,-6,17,-7,16,-8,15,-8,15"
40.98652982711792,689,"CSI,680,128,101,81,22,0,-6,22,-6,22,-6,22,-6,21,-6,21,-5,21,-4,21,-3,22,-3,22,-3,22,-3,21,-3,21,-3,21,-3,21,-4,21,-4,21,-4,20,-4,20,-4,19,-5,18,-5,17,-5,16,-5,16,-6,15,-6,14,-2,3,0,0,0,0,0,0,0,0,0,0,0,0,0,0,0,0,0,0,0,4,-1,16,-1,16,-2,17,-2,18,-3,19,-3,19,-3,20,-4,21,-5,21,-6,22,-7,22,-7,22,-7,22,-7,22,-8,22,-8,22,-7,22,-7,22,-8,22,-7,22,-7,22,-6,22,-6,22,-6,22,-7,22,-6,23"
41.01732897758484,690,"CSI,2465,128,83,49,21,0,-7,2,-3,-1,1,-4,8,-5,12,-5,14,-6,18,-7,24,-8,24,-9,20,-10,16,-11,14,-10,16,-9,15,-7,11,-7,8,-7,4,-5,1,-4,-2,-3,-3,-2,-3,-1,-4,0,-4,2,-3,3,-3,5,-1,1,0,0,0,0,0,0,0,0,0,0,0,0,0,0,0,0,0,0,1,-2,8,-6,9,-4,9,-2,9,-1,11,-2,13,0,12,3,11,3,8,1,3,2,-1,2,-2,3,-4,3,-7,3,-11,2,-15,4,-16,4,-17,3,-18,6,-20,8,-23,7,-21,7,-19,10,-22,10,-24,12,-22,14"
41.09422278404236,691,"CSI,681,128,101,81,22,0,-3,24,-3,24,-2,24,-2,23,-3,23,-2,23,-1,23,0,23,0,24,0,24,1,24,0,24,0,23,0,23,0,23,-1,23,-1,23,-1,22,-1,21,-2,20,-2,19,-2,19,-2,18,-3,17,-3,17,-1,4,0,0,0,0,0,0,0,0,0,0,0,0,0,0,0,0,0,0,0,3,1,14,1,15,0,16,-1,17,-1,18,-1,19,-1,20,-2,21,-3,21,-4,21,-4,22,-4,22,-4,23,-5,23,-5,23,-5,23,-5,23,-5,23,-5,23,-5,23,-4,23,-4,23,-3,24,-4,24,-4,24,-3,25"
41.124764919281006,692,"CSI,2468,128,83,49,21,0,8,1,10,0,11,-3,10,-6,11,-9,9,-11,10,-12,14,-12,14,-14,11,-16,9,-15,8,-13,9,-11,9,-11,9,-12,10,-10,10,-8,6,-6,3,-3,1,-3,-1,-4,-3,-3,-5,-2,-7,-3,-10,-3,-3,-1,0,0,0,0,0,0,0,0,0,0,0,0,0,0,0,0,0,0,0,1,3,6,1,8,-1,11,-2,10,-2,8,-3,5,-3,3,0,2,3,2,3,2,6,2,10,1,10,1,9,2,11,3,14,3,18,6,19,9,16,10,15,9,15,10,14,11,14,10,13,7,12,5,11,5"
41.15536069869995,693,"CSI,2650,128,98,32,6,0,9,6,8,2,8,-1,10,-4,10,-5,11,-7,15,-8,23,-8,23,-10,18,-14,15,-15,14,-12,13,-10,12,-8,12,-5,12,-3,9,-2,4,-2,3,-3,2,-3,-1,-2,-2,-1,-4,-2,-5,-3,-4,-6,-1,-2,0,0,0,0,0,0,0,0,0,0,0,0,0,0,0,0,0,0,-1,4,-3,15,-2,12,-5,9,-8,6,-7,3,-4,2,-3,2,-4,-1,-2,0,1,3,4,4,6,4,9,5,9,8,10,12,13,16,12,17,11,16,11,15,11,15,11,18,11,18,10,16,11,13,15,13,15,14"
41.18325209617615,694,"CSI,2518,128,83,49,21,0,18,3,19,3,19,7,18,8,17,6,17,6,13,5,8,-1,7,-1,7,0,3,-2,-1,-2,0,-4,0,-7,-1,-10,1,-9,1,-10,1,-11,0,-11,0,-9,-1,-8,0,-9,1,-8,3,-5,3,-2,0,-1,0,0,0,0,0,0,0,0,0,0,0,0,0,0,0,0,0,0,0,-1,1,-4,2,-5,0,-4,0,-4,0,-4,-1,-2,-1,-2,0,-3,-2,-2,-4,1,-5,1,-7,2,-6,2,-5,5,-5,8,-7,7,-9,4,-10,4,-9,5,-7,4,-5,2,-3,2,-1,4,3,5,6,3,8,1"
41.216524839401245,695,"CSI,682,128,101,81,22,0,-13,7,-13,7,-13,7,-13,7,-13,8,-12,8,-12,8,-12,9,-12,9,-11,9,-11,9,-11,10,-11,10,-12,10,-12,9,-11,9,-11,9,-11,9,-11,8,-11,8,-10,8,-10,7,-10,7,-10,7,-10,6,-3,1,0,0,0,0,0,0,0,0,0,0,0,0,0,0,0,0,0,0,-2,1,-8,5,-8,5,-8,5,-9,5,-10,5,-10,5,-10,5,-11,5,-12,5,-12,5,-12,5,-12,5,-12,5,-13,5,-13,5,-13,5,-13,5,-13,5,-13,5,-14,6,-13,6,-13,6,-13,6,-13,6,-13,6,-13,6"
41.247437953948975,696,"CSI,2472,128,83,49,21,0,-10,12,-5,11,-2,12,1,13,4,15,4,15,3,14,4,13,2,14,-1,19,-1,18,-2,15,-4,16,-4,17,-3,15,-2,14,-1,10,-1,6,-1,5,1,5,2,3,1,2,2,2,4,2,5,0,1,-1,0,0,0,0,0,0,0,0,0,0,0,0,0,0,0,0,0,0,-4,0,-14,2,-13,-1,-13,-3,-13,-4,-11,-4,-8,-2,-6,0,-6,0,-7,0,-7,2,-8,4,-7,7,-7,9,-8,12,-9,14,-10,14,-13,14,-15,15,-17,15,-19,14,-22,15,-23,15,-20,12,-18,11,-18,13,-19,14"
41.31626772880554,697,"CSI,2477,128,83,49,21,0,-8,9,-6,5,-3,-1,3,-3,10,-4,14,-8,14,-8,13,-4,16,-4,19,-8,18,-10,18,-12,18,-12,15,-9,11,-7,9,-4,7,-2,3,-1,0,0,-1,1,-1,3,-3,4,-5,3,-7,3,-7,4,-2,0,0,0,0,0,0,0,0,0,0,0,0,0,0,0,0,0,0,0,0,-3,3,-10,6,-8,10,-8,10,-9,9,-6,8,-5,7,-5,5,-5,4,-4,2,-2,-1,0,-3,4,-7,6,-9,7,-12,9,-14,9,-16,9,-19,9,-22,10,-22,10,-21,12,-20,15,-19,15,-18,14,-18,11,-15,12"
41.349400997161865,698,"CSI,683,128,101,81,22,0,10,-22,9,-22,9,-22,10,-22,10,-22,9,-22,8,-22,7,-22,7,-23,7,-23,6,-23,6,-23,6,-23,7,-22,7,-22,7,-22,7,-22,7,-21,7,-20,7,-19,7,-18,7,-18,7,-17,7,-16,7,-16,1,-4,0,0,0,0,0,0,0,0,0,0,0,0,0,0,0,0,0,0,1,-4,5,-15,5,-16,6,-17,7,-17,8,-18,8,-18,8,-19,9,-19,10,-19,12,-20,12,-20,12,-20,12,-20,12,-20,12,-20,12,-20,12,-20,12,-21,12,-21,12,-21,12,-21,11,-21,10,-21,11,-21,12,-21,13,-22"
41.418663024902344,699,"CSI,2480,128,83,49,21,0,-4,3,-6,8,-5,12,-4,11,-3,10,-2,13,-2,19,-1,21,0,18,-1,15,-1,13,-1,11,-1,9,-3,7,-3,5,-2,2,-1,2,1,0,3,-3,4,-3,3,-3,2,-4,0,-4,-2,-4,0,-5,0,-2,0,0,0,0,0,0,0,0,0,0,0,0,0,0,0,0,0,0,1,2,4,10,3,12,0,12,-2,10,-3,10,-3,10,-3,8,-2,3,-1,-1,-1,-4,-3,-8,-3,-11,-3,-12,-2,-15,1,-18,2,-20,4,-21,7,-23,6,-23,3,-22,0,-22,0,-20,4,-18,5,-17,2,-15,-1,-14"
41.44490671157837,700,"CSI,684,128,101,81,22,0,4,22,5,22,5,22,5,21,5,21,6,20,7,20,7,20,7,20,7,21,8,20,8,20,7,20,8,19,8,19,7,19,7,19,7,19,6,18,6,17,5,16,5,16,4,15,4,15,3,15,0,3,0,0,0,0,0,0,0,0,0,0,0,0,0,0,0,0,0,0,1,3,6,14,6,15,5,16,5,16,5,17,5,19,5,20,5,21,4,21,3,21,3,22,2,23,2,23,2,23,2,23,2,22,2,23,2,23,2,22,3,22,3,22,4,22,4,23,4,23,4,23,5,23"
41.518454790115356,701,"CSI,2484,128,83,49,21,0,8,0,6,-2,6,-6,5,-10,3,-12,3,-14,4,-14,7,-15,8,-18,7,-20,7,-18,5,-17,4,-16,4,-15,2,-14,1,-11,2,-8,1,-6,-1,-4,-3,-4,-5,-4,-6,-1,-6,0,-5,0,-6,0,-2,0,0,0,0,0,0,0,0,0,0,0,0,0,0,0,0,0,0,0,0,2,-1,10,-4,9,-7,7,-8,7,-7,8,-7,8,-8,6,-7,2,-7,3,-5,3,1,0,6,-1,9,1,10,4,10,7,12,9,13,12,14,15,18,16,21,15,21,13,20,13,21,13,20,12,15,12,8,13"
41.55113101005554,702,"CSI,685,128,101,81,22,0,4,-14,4,-14,3,-14,3,-14,3,-14,3,-14,2,-14,2,-15,2,-15,2,-15,1,-15,2,-15,2,-14,2,-14,2,-14,2,-14,2,-14,2,-13,2,-13,3,-12,3,-12,3,-11,3,-11,3,-10,3,-10,0,-3,0,0,0,0,0,0,0,0,0,0,0,0,0,0,0,0,0,0,0,-3,1,-10,2,-10,2,-10,3,-11,3,-11,3,-11,3,-12,3,-12,4,-12,5,-12,5,-12,5,-13,5,-13,5,-13,5,-13,5,-13,5,-13,5,-13,5,-13,5,-13,4,-13,4,-13,4,-14,4,-14,4,-14,3,-14"
41.59236192703247,703,"CSI,2651,128,75,-79,20,0,4,7,6,2,5,-4,5,-6,9,-9,10,-13,12,-13,16,-12,17,-12,14,-13,10,-14,9,-12,10,-6,9,-2,7,-3,4,-5,4,-6,4,-7,1,-4,-3,-3,-4,-4,-5,-3,-6,-2,-6,-1,-5,2,-2,0,0,0,0,0,0,0,0,0,0,0,0,0,0,0,0,0,0,0,-2,2,-7,8,-9,7,-10,5,-9,3,-8,1,-6,2,-4,2,-3,0,-1,1,2,1,4,3,5,5,8,7,10,9,10,12,10,15,8,16,8,17,9,19,10,20,9,20,9,19,9,16,7,14,5,13,6,13"
41.62289786338806,704,"CSI,2489,128,83,49,21,0,6,-8,4,-7,-2,-7,-7,-9,-8,-11,-10,-12,-14,-14,-18,-17,-17,-17,-16,-14,-17,-11,-14,-10,-11,-9,-10,-8,-9,-6,-8,-4,-5,-3,-3,-1,-2,3,-2,5,-1,5,1,3,2,1,1,1,1,3,0,1,0,0,0,0,0,0,0,0,0,0,0,0,0,0,0,0,0,0,-3,2,-10,7,-10,4,-10,3,-9,2,-7,1,-7,2,-9,3,-8,4,-4,4,-2,2,1,0,6,0,8,0,10,3,13,5,15,4,17,6,18,7,21,5,22,4,23,5,23,5,21,3,18,-1,19,-1,17,7"
41.655115842819214,705,"CSI,686,128,101,81,22,0,15,11,15,10,15,10,15,9,15,9,15,9,15,8,16,8,16,8,16,8,15,8,15,8,15,8,15,7,15,7,15,8,14,8,14,8,13,8,12,7,12,7,11,7,11,7,10,7,9,7,2,1,0,0,0,0,0,0,0,0,0,0,0,0,0,0,0,0,0,0,3,1,12,5,12,6,12,6,13,7,13,7,13,8,14,10,14,10,14,10,14,10,14,11,14,12,14,12,14,12,14,12,14,12,14,12,14,12,14,11,14,11,15,11,15,11,15,11,15,11,16,11,16,11"
41.7235951423645,706,"CSI,2492,128,83,49,21,0,-2,-12,-5,-10,-7,-6,-10,-3,-14,0,-16,1,-18,2,-23,4,-24,6,-21,4,-19,2,-17,0,-15,-1,-14,-1,-13,-3,-9,-4,-5,0,-3,1,-2,1,-1,1,0,1,3,2,4,3,5,3,9,2,2,0,0,0,0,0,0,0,0,0,0,0,0,0,0,0,0,0,0,0,2,-1,8,-2,10,-1,11,0,10,2,8,4,7,3,7,1,6,1,3,0,1,-1,1,-2,1,-3,0,-6,-2,-10,-4,-14,-3,-17,-2,-20,-1,-23,1,-25,5,-25,6,-26,4,-27,3,-28,3,-27,4,-23,4,-21"
41.77507495880127,707,"CSI,687,128,101,81,22,0,-12,15,-12,15,-11,15,-12,15,-12,15,-11,15,-10,16,-10,16,-10,16,-10,16,-9,16,-9,16,-10,16,-10,16,-10,16,-10,16,-10,15,-10,15,-10,14,-10,13,-10,12,-10,12,-10,11,-10,11,-9,10,-3,2,0,0,0,0,0,0,0,0,0,0,0,0,0,0,0,0,0,0,-2,2,-6,10,-6,11,-7,11,-8,11,-8,12,-8,12,-9,13,-10,13,-11,13,-12,13,-12,13,-12,13,-12,13,-12,13,-13,13,-13,13,-12,13,-12,13,-13,14,-13,14,-12,14,-12,14,-11,14,-12,14,-13,15,-13,15"
41.803070068359375,708,"CSI,2957,128,-117,-78,40,0,24,2,24,1,25,1,25,0,25,-1,25,-2,24,-2,24,-2,24,-2,24,-2,24,-2,24,-3,24,-3,25,-3,25,-3,24,-2,23,-2,23,-1,22,-1,21,-1,21,-1,20,-1,19,0,19,0,18,1,4,0,0,0,0,0,0,0,0,0,0,0,0,0,0,0,0,0,0,0,4,-1,16,-1,16,-1,17,0,18,0,19,0,20,1,20,2,21,2,22,2,23,3,22,4,22,4,22,5,23,5,23,5,23,5,23,5,23,4,24,3,24,3,24,2,24,2,24,3,24,3,25,2,26,2"
41.83545780181885,709,"CSI,2496,128,83,49,21,0,-6,2,-7,6,-6,9,-5,11,-4,13,-4,14,-5,15,-3,20,0,22,0,17,-3,13,-3,13,-3,13,-2,10,-1,8,-2,6,-2,6,1,5,4,3,3,2,2,1,3,-1,4,-2,4,-3,4,-4,1,-1,0,0,0,0,0,0,0,0,0,0,0,0,0,0,0,0,0,0,-2,-3,-3,-10,-1,-9,2,-10,5,-10,5,-8,2,-7,-1,-6,0,-6,3,-6,1,-4,-4,-3,-7,-3,-8,-2,-10,0,-15,-3,-21,-5,-21,-6,-19,-6,-21,-8,-23,-11,-22,-13,-20,-14,-19,-13,-19,-12,-18,-13,-17,-12"
41.895792961120605,710,"CSI,688,128,101,81,22,0,-15,-12,-15,-12,-16,-11,-16,-11,-16,-10,-16,-10,-16,-10,-16,-10,-16,-10,-16,-10,-16,-10,-16,-10,-16,-10,-17,-9,-16,-9,-16,-10,-15,-10,-15,-10,-14,-10,-14,-9,-13,-9,-12,-9,-12,-9,-11,-9,-11,-9,-3,-3,0,0,0,0,0,0,0,0,0,0,0,0,0,0,0,0,0,0,-3,-2,-12,-6,-12,-6,-13,-7,-13,-7,-14,-8,-14,-9,-14,-10,-15,-10,-15,-11,-15,-11,-14,-12,-14,-13,-14,-13,-14,-13,-14,-13,-15,-13,-15,-13,-14,-13,-14,-12,-15,-12,-15,-12,-15,-12,-15,-12,-15,-12,-16,-12,-17,-12"
41.92898106575012,711,"CSI,0,128,-76,-64,10,0,30,11,31,12,32,13,31,13,29,12,26,12,23,11,18,9,15,6,12,3,9,-1,7,-5,7,-9,8,-14,10,-17,11,-18,13,-17,16,-16,18,-15,19,-12,19,-9,17,-5,15,-2,11,0,9,1,2,0,0,0,0,0,0,0,0,0,0,0,0,0,0,0,0,0,0,0,-3,4,-12,15,-13,13,-12,11,-11,9,-8,9,-6,9,-4,11,-2,14,-1,18,0,22,-1,25,-2,27,-4,29,-5,30,-6,30,-7,29,-7,28,-7,26,-5,24,-3,22,0,19,3,17,7,14,12,12,17,10,21,9"
41.95950794219971,712,"CSI,2501,128,83,49,21,0,-9,-1,-10,4,-10,8,-8,12,-7,16,-8,16,-7,14,-3,12,-4,12,-5,15,-5,16,-6,15,-6,12,-5,10,-4,10,-4,9,-2,5,0,2,3,3,5,4,4,6,3,6,2,5,2,3,2,2,0,0,0,0,0,0,0,0,0,0,0,0,0,0,0,0,0,0,0,0,-2,-4,-7,-13,-5,-11,-2,-12,0,-12,-1,-8,-1,-6,-1,-6,-2,-4,-1,-3,-3,-2,-5,-1,-10,0,-14,-1,-15,-1,-15,0,-18,0,-23,-1,-25,-6,-26,-7,-26,-5,-26,-6,-26,-7,-23,-9,-20,-10,-18,-9,-18,-8"
41.99827289581299,713,"CSI,689,128,101,81,22,0,22,-12,21,-12,21,-12,21,-13,21,-13,21,-14,20,-14,20,-14,20,-14,19,-14,19,-14,19,-14,19,-15,19,-14,20,-14,19,-14,19,-13,18,-12,18,-12,17,-12,17,-11,17,-10,16,-9,16,-9,15,-8,3,-2,0,0,0,0,0,0,0,0,0,0,0,0,0,0,0,0,0,0,3,-3,14,-10,15,-11,15,-11,17,-11,18,-11,18,-10,19,-11,20,-10,21,-10,22,-10,22,-10,22,-9,22,-9,23,-9,23,-9,23,-9,22,-9,22,-9,23,-10,23,-10,23,-11,22,-11,22,-10,22,-10,23,-11,24,-12"
42.03143000602722,714,"CSI,2504,128,83,49,21,0,-3,-5,-6,0,-6,4,-7,7,-10,9,-10,11,-11,12,-15,9,-16,10,-14,13,-14,12,-12,12,-8,12,-6,10,-6,7,-7,6,-5,5,0,4,4,3,5,3,4,2,3,1,4,0,5,0,6,1,1,0,0,0,0,0,0,0,0,0,0,0,0,0,0,0,0,0,0,0,3,-1,12,1,11,3,9,4,8,4,9,4,8,5,4,4,2,4,1,4,1,1,-2,-3,-7,-6,-8,-11,-5,-14,-3,-15,-4,-19,-5,-23,-6,-24,-5,-23,-4,-23,-4,-24,-4,-24,-4,-23,-4,-20,-4,-18,-4,-17"
42.10740375518799,715,"CSI,690,128,101,81,22,0,11,21,11,20,12,20,12,19,12,19,12,19,13,19,13,19,13,19,14,19,14,19,13,19,13,19,13,18,13,18,12,19,12,19,11,18,10,18,10,17,9,16,9,16,8,15,7,15,6,15,1,3,0,0,0,0,0,0,0,0,0,0,0,0,0,0,0,0,0,0,2,2,10,10,10,11,10,12,10,13,11,14,11,15,11,16,11,17,11,18,10,18,10,19,10,20,10,21,10,20,10,20,10,20,10,20,10,20,10,20,10,19,11,20,11,20,12,21,11,20,12,21,13,21"
42.138237953186035,716,"CSI,2508,128,83,49,21,0,-8,-1,-4,5,-2,10,-5,12,-4,14,-2,15,-2,19,-6,26,-5,27,-3,22,-4,18,-4,16,-2,14,0,13,2,11,3,7,4,3,4,1,5,1,4,2,5,2,5,1,5,-1,4,-2,5,-2,1,-1,0,0,0,0,0,0,0,0,0,0,0,0,0,0,0,0,0,0,2,-2,9,-5,10,-4,10,-2,9,0,7,1,6,1,7,0,4,1,0,3,-2,2,-3,0,-4,-3,-6,-6,-9,-7,-13,-10,-15,-13,-15,-15,-15,-16,-15,-19,-13,-20,-12,-21,-10,-21,-10,-20,-12,-16,-12,-12,-9,-10"
42.22559690475464,717,"CSI,691,128,101,81,22,0,-5,-19,-5,-19,-5,-19,-5,-18,-5,-18,-6,-18,-6,-18,-7,-18,-7,-18,-7,-19,-7,-18,-7,-18,-7,-18,-7,-18,-7,-18,-6,-18,-6,-18,-6,-17,-5,-17,-5,-16,-4,-16,-4,-15,-4,-15,-3,-14,-3,-14,-1,-4,0,0,0,0,0,0,0,0,0,0,0,0,0,0,0,0,0,0,-2,-3,-5,-12,-5,-13,-5,-14,-5,-14,-5,-15,-5,-16,-5,-17,-4,-17,-4,-18,-3,-18,-3,-18,-3,-19,-3,-19,-3,-19,-3,-19,-3,-19,-3,-19,-3,-19,-3,-18,-3,-18,-3,-19,-4,-19,-4,-19,-4,-19,-4,-19,-5,-20"
42.25590896606445,718,"CSI,2512,128,83,49,21,0,-11,4,-9,5,-5,9,-3,13,-3,14,-3,15,-2,17,0,19,0,19,-1,19,-2,16,-4,13,-5,12,-4,13,-2,12,-3,10,-2,8,0,8,2,7,3,5,2,4,2,3,3,1,3,-1,3,0,0,0,0,0,0,0,0,0,0,0,0,0,0,0,0,0,0,0,0,0,-2,-1,-6,-4,-7,-7,-7,-9,-6,-8,-6,-9,-5,-10,-2,-9,-2,-7,-3,-5,-4,-2,-5,1,-7,3,-10,2,-12,2,-14,2,-17,2,-19,1,-20,1,-21,1,-25,-1,-26,-2,-23,-3,-23,-6,-25,-8,-24,-6,-20,-5"
42.34021472930908,719,"CSI,2516,128,83,49,21,0,-4,4,-6,8,-7,10,-9,10,-9,12,-10,17,-13,17,-16,12,-15,12,-12,15,-10,14,-9,12,-8,11,-6,8,-3,5,-3,2,-2,-1,1,-2,3,-3,5,-5,5,-5,5,-4,6,-3,4,-2,3,-4,0,-2,0,0,0,0,0,0,0,0,0,0,0,0,0,0,0,0,0,0,1,2,6,9,4,8,3,8,1,8,0,8,1,6,-1,3,-4,2,-4,1,-2,0,-2,-3,-1,-8,-1,-12,-1,-14,-1,-17,1,-20,1,-21,2,-23,3,-25,5,-26,5,-25,4,-22,5,-20,3,-21,-1,-19,-5,-14"
42.36923694610596,720,"CSI,692,128,101,81,22,0,-9,10,-8,10,-8,10,-8,10,-8,10,-8,10,-7,10,-7,10,-7,10,-7,10,-6,11,-6,11,-7,10,-7,10,-7,10,-7,10,-7,10,-7,9,-7,9,-7,8,-7,8,-7,7,-6,7,-6,7,-6,6,-2,1,0,0,0,0,0,0,0,0,0,0,0,0,0,0,0,0,0,0,-2,2,-5,8,-5,8,-5,9,-6,9,-6,9,-7,9,-7,9,-7,10,-8,10,-9,10,-9,10,-9,10,-9,10,-9,10,-9,9,-9,9,-9,9,-9,9,-9,9,-9,10,-9,10,-9,10,-8,10,-8,10,-9,10,-8,10"
42.442034006118774,721,"CSI,693,128,101,81,22,0,14,2,14,2,14,1,14,1,14,0,14,0,14,0,13,0,13,0,13,0,13,0,13,-1,13,-1,14,-1,14,-1,13,-1,13,0,13,0,12,0,12,0,11,0,11,0,10,0,10,1,10,1,2,0,0,0,0,0,0,0,0,0,0,0,0,0,0,0,0,0,0,0,2,-1,10,-2,10,-2,10,-1,11,-1,11,-1,12,0,12,0,13,1,13,1,13,1,13,2,13,2,14,2,14,2,14,2,14,2,14,3,14,2,14,2,14,2,14,2,14,2,14,2,14,2,15,1,15,1"
42.56014084815979,722,"CSI,694,128,101,81,22,0,-21,-1,-21,-1,-21,0,-21,0,-21,1,-21,1,-20,1,-20,2,-21,2,-20,2,-20,2,-20,2,-20,2,-21,3,-21,3,-20,2,-19,1,-19,1,-18,1,-18,1,-18,1,-17,0,-17,0,-16,-1,-15,-1,-4,-1,0,0,0,0,0,0,0,0,0,0,0,0,0,0,0,0,0,0,-4,0,-15,2,-15,2,-16,2,-17,1,-17,1,-18,1,-18,0,-19,0,-20,-1,-20,-1,-20,-2,-20,-3,-20,-3,-20,-3,-20,-3,-21,-3,-21,-3,-21,-3,-21,-2,-21,-1,-21,-1,-21,-2,-21,-2,-21,-2,-22,-1,-22,-1"
42.64475607872009,723,"CSI,2527,128,83,49,21,0,3,13,5,6,4,0,2,-5,3,-10,4,-13,7,-16,10,-20,8,-23,4,-22,4,-21,6,-20,9,-18,9,-15,7,-14,4,-13,2,-10,1,-3,0,1,-2,-2,-3,-2,-2,0,-3,2,-7,4,-9,6,-3,1,0,0,0,0,0,0,0,0,0,0,0,0,0,0,0,0,0,0,-3,0,-10,1,-9,-1,-9,-2,-10,-3,-8,-5,-7,-5,-8,-5,-6,-4,-5,-3,-5,-4,-4,-4,-2,-2,1,2,2,5,1,9,2,12,3,13,5,13,8,16,9,21,8,24,9,26,10,26,9,23,6,19,4,17"
42.6811637878418,724,"CSI,695,128,101,81,22,0,-21,12,-21,12,-21,12,-21,13,-20,13,-20,13,-19,13,-18,14,-18,14,-18,14,-17,14,-17,15,-17,15,-18,15,-18,14,-18,14,-17,13,-16,13,-16,12,-16,12,-16,11,-15,11,-15,10,-15,9,-14,8,-4,2,0,0,0,0,0,0,0,0,0,0,0,0,0,0,0,0,0,0,-4,2,-14,10,-15,10,-15,10,-17,10,-17,10,-18,10,-19,10,-20,10,-21,10,-22,10,-22,10,-22,10,-22,9,-22,9,-23,9,-23,9,-22,9,-22,10,-23,10,-23,10,-23,11,-22,11,-21,11,-22,11,-23,11,-23,11"
42.74939203262329,725,"CSI,2530,128,83,49,21,0,-7,-6,-6,-2,-4,4,-1,7,-1,8,-3,10,-3,12,-4,11,-8,13,-11,17,-10,21,-8,20,-7,15,-8,13,-8,12,-7,8,-5,5,-2,4,1,1,2,-1,2,-1,3,0,4,0,4,0,6,-2,1,-1,0,0,0,0,0,0,0,0,0,0,0,0,0,0,0,0,0,0,0,-3,2,-10,5,-10,7,-9,6,-8,5,-6,7,-6,8,-6,7,-5,7,-5,5,-4,3,-3,-1,-2,-3,-3,-4,-5,-9,-7,-13,-7,-14,-10,-15,-13,-15,-13,-18,-14,-21,-17,-22,-18,-20,-18,-18,-18,-16,-19,-15,-17"
42.78820204734802,726,"CSI,696,128,101,81,22,0,13,-18,13,-18,13,-18,13,-18,13,-18,13,-18,12,-19,11,-19,11,-19,10,-20,10,-20,10,-20,10,-19,10,-19,11,-19,11,-19,11,-18,10,-17,10,-16,11,-16,10,-15,10,-14,10,-14,10,-13,10,-13,2,-4,0,0,0,0,0,0,0,0,0,0,0,0,0,0,0,0,0,0,1,-4,6,-14,7,-15,8,-15,9,-16,9,-16,10,-17,10,-17,11,-17,13,-18,14,-18,14,-18,14,-18,14,-18,14,-18,15,-17,15,-17,15,-17,15,-17,15,-17,15,-18,15,-18,14,-18,14,-18,14,-18,15,-18,15,-19"
42.84038305282593,727,"CSI,2961,128,-117,-78,40,0,13,6,13,6,13,6,13,5,13,4,13,4,13,4,13,4,13,3,13,3,12,3,12,3,12,3,12,2,12,2,12,2,12,3,11,3,11,3,10,2,10,2,9,2,9,2,9,2,8,3,2,0,0,0,0,0,0,0,0,0,0,0,0,0,0,0,0,0,0,0,2,0,11,3,11,4,11,4,12,5,12,5,12,6,12,7,13,7,13,7,13,8,13,8,13,9,13,9,13,9,13,9,13,9,13,9,13,8,13,8,13,7,13,7,13,7,13,7,13,7,13,7,13,7"
42.86895298957825,728,"CSI,2534,128,83,49,21,0,-5,8,-2,7,4,7,8,9,9,10,9,11,7,12,4,11,6,12,11,14,13,16,12,17,10,14,6,13,5,12,4,10,3,5,2,0,2,-1,3,-1,5,-2,5,-3,4,-2,3,-2,3,-2,0,-1,0,0,0,0,0,0,0,0,0,0,0,0,0,0,0,0,0,0,-2,-1,-7,-3,-9,-4,-7,-5,-4,-6,-3,-6,-4,-5,-4,-4,-3,-5,-5,-3,-7,-1,-5,2,-3,5,-5,8,-7,9,-8,7,-9,7,-11,8,-13,10,-14,12,-16,12,-17,10,-17,10,-16,10,-14,9,-13,11,-14,13"
42.91466689109802,729,"CSI,697,128,101,81,22,0,-6,19,-6,18,-6,18,-6,18,-6,18,-5,18,-4,18,-4,17,-4,17,-3,17,-3,17,-3,17,-3,17,-3,16,-4,16,-4,16,-4,15,-4,15,-4,14,-4,13,-4,12,-4,12,-4,11,-5,11,-5,10,-1,2,0,0,0,0,0,0,0,0,0,0,0,0,0,0,0,0,0,0,-1,3,-2,16,-2,16,-3,17,-3,17,-4,18,-4,19,-4,20,-5,20,-6,20,-7,20,-7,20,-7,20,-7,21,-8,21,-8,20,-8,20,-8,20,-8,20,-8,19,-8,19,-7,20,-7,20,-6,19,-6,19,-7,20,-7,20"
42.954113721847534,730,"CSI,2652,128,75,-79,20,0,-2,-7,-3,-7,-6,-6,-10,-9,-13,-11,-15,-11,-13,-12,-8,-11,-8,-10,-11,-10,-14,-9,-16,-11,-16,-10,-12,-8,-11,-8,-9,-7,-6,-4,-3,-1,-2,1,-2,3,-4,3,-3,5,0,6,0,7,0,8,0,2,0,0,0,0,0,0,0,0,0,0,0,0,0,0,0,0,0,0,0,2,1,10,-2,8,-4,6,-6,5,-8,7,-8,8,-6,6,-3,2,-1,0,0,0,0,0,3,-1,7,-1,11,-2,15,-2,18,-1,20,0,20,0,19,-1,19,-3,20,-4,21,-2,18,-1,15,-2,14,-5,14,-6"
43.012691020965576,731,"CSI,698,128,101,81,22,0,-24,-1,-24,-1,-24,0,-24,0,-24,1,-23,1,-23,1,-23,1,-22,2,-22,2,-22,3,-22,3,-22,3,-22,3,-22,3,-21,3,-21,2,-20,1,-19,1,-19,1,-18,1,-18,1,-17,1,-16,0,-16,0,-4,-1,0,0,0,0,0,0,0,0,0,0,0,0,0,0,0,0,0,0,-5,0,-21,0,-21,0,-21,-1,-22,-1,-23,-1,-24,-2,-24,-3,-25,-3,-26,-4,-26,-3,-26,-4,-26,-5,-26,-5,-26,-5,-26,-5,-26,-5,-26,-5,-25,-4,-25,-3,-26,-3,-25,-3,-25,-3,-25,-3,-25,-2,-26,-2,-27,-2"
43.04545187950134,732,"CSI,1486,128,-118,32,8,0,19,23,17,22,16,19,15,15,15,12,15,9,15,6,15,3,16,1,18,-1,19,-2,21,-2,22,-2,24,-1,23,0,21,3,19,5,17,6,14,7,11,6,9,4,7,3,6,1,7,-1,8,-2,2,-1,0,0,0,0,0,0,0,0,0,0,0,0,0,0,0,0,0,0,0,2,3,10,4,10,6,10,8,12,9,14,10,17,9,21,8,24,7,26,5,28,2,29,-1,28,-2,26,-3,24,-2,22,0,20,2,18,5,17,9,16,12,16,16,17,19,19,21,21,23,21,23,22,23,22"
43.07592988014221,733,"CSI,2543,128,83,49,21,0,8,0,3,-3,3,-9,4,-13,6,-13,8,-14,10,-15,15,-13,14,-15,9,-17,9,-15,11,-15,9,-15,6,-12,6,-9,4,-7,2,-7,1,-7,0,-6,-2,-5,-4,-4,-3,-4,-2,-3,-5,-2,-8,-3,-3,-1,0,0,0,0,0,0,0,0,0,0,0,0,0,0,0,0,0,0,-1,1,-3,7,-6,8,-6,6,-6,4,-5,5,-4,5,-5,5,-5,4,-3,2,0,2,1,4,3,6,8,6,13,7,14,11,14,14,15,15,15,14,14,12,13,13,14,16,14,17,11,17,11,14,10,11,10,10"
43.121642112731934,734,"CSI,699,128,101,81,22,0,-23,1,-23,2,-23,2,-23,3,-23,3,-23,3,-22,3,-22,3,-22,4,-22,4,-21,4,-21,5,-21,5,-21,5,-22,5,-21,4,-20,4,-20,3,-19,3,-19,3,-18,3,-18,3,-17,2,-17,2,-16,1,-4,0,0,0,0,0,0,0,0,0,0,0,0,0,0,0,0,0,0,0,-6,1,-22,6,-22,5,-23,5,-24,5,-24,4,-25,4,-26,3,-27,2,-27,2,-28,2,-27,1,-27,0,-27,0,-27,0,-27,0,-27,0,-26,0,-26,0,-26,1,-26,1,-26,1,-25,1,-25,1,-25,1,-26,1,-27,2"
43.15797686576843,735,"CSI,2546,128,83,49,21,0,4,4,6,4,9,7,11,8,14,6,16,4,16,0,15,-1,14,2,16,3,18,2,17,4,16,4,16,2,13,0,10,-1,9,-1,8,-1,6,-3,6,-6,4,-7,2,-9,1,-10,0,-9,-1,-10,-1,-3,0,0,0,0,0,0,0,0,0,0,0,0,0,0,0,0,0,0,-3,-1,-12,-6,-12,-9,-10,-8,-8,-6,-6,-6,-4,-5,0,-5,0,-4,-4,0,-4,3,-1,5,0,6,-3,10,-6,12,-8,15,-12,19,-13,21,-13,20,-14,18,-16,18,-17,18,-16,14,-16,11,-16,10,-15,9,-14,11"
43.23345398902893,736,"CSI,700,128,101,81,22,0,18,6,18,6,18,5,19,5,18,4,18,4,18,4,18,3,18,3,18,3,18,3,18,3,18,2,18,2,19,2,18,2,18,3,17,3,16,3,16,3,15,2,15,3,14,3,14,3,13,3,3,1,0,0,0,0,0,0,0,0,0,0,0,0,0,0,0,0,0,0,3,0,13,1,14,2,14,2,15,2,15,3,16,4,16,5,17,5,17,5,18,6,17,6,17,7,17,8,17,8,17,8,18,8,18,8,18,7,18,7,18,6,18,6,18,7,18,7,18,7,19,7,20,6"
43.262300968170166,737,"CSI,2550,128,83,49,21,0,-1,1,-4,-2,-5,-6,-7,-10,-10,-14,-11,-16,-15,-16,-21,-15,-21,-15,-17,-14,-14,-11,-13,-9,-14,-8,-13,-8,-11,-7,-7,-6,-4,-3,-3,1,-2,2,0,3,2,5,4,4,7,3,7,2,6,2,1,0,0,0,0,0,0,0,0,0,0,0,0,0,0,0,0,0,0,0,0,-2,-1,-8,-2,-10,-2,-12,-2,-11,0,-9,1,-8,1,-6,-1,-3,0,0,2,1,3,4,4,7,3,9,2,13,3,18,4,20,3,19,4,21,8,23,8,24,6,25,7,23,6,18,6,14,5,15,0,18"
43.32164192199707,738,"CSI,2603,128,83,49,21,0,-8,9,-9,10,-10,11,-11,13,-11,13,-11,10,-10,4,-8,0,-7,0,-7,5,-7,7,-5,6,0,3,1,2,-2,4,-1,5,3,6,5,7,5,8,3,9,1,9,0,9,-1,7,-3,4,-3,5,-1,1,0,0,0,0,0,0,0,0,0,0,0,0,0,0,0,0,0,0,-1,-1,-3,-4,-2,-5,0,-6,1,-6,0,-6,-1,-4,-2,-2,-3,-1,-3,-3,-3,-4,-3,-4,-6,-4,-11,-4,-14,-5,-11,-5,-8,-5,-8,-4,-9,-5,-9,-7,-10,-6,-9,-4,-6,-3,-5,-1,-7,1,-6,0,-5,0"
43.34953594207764,739,"CSI,701,128,101,81,22,0,16,7,16,7,16,6,16,5,16,5,16,5,16,5,15,5,15,5,15,5,15,5,14,5,14,4,15,4,14,4,14,5,13,5,12,5,12,5,11,5,10,4,10,5,9,5,9,5,8,5,2,1,0,0,0,0,0,0,0,0,0,0,0,0,0,0,0,0,0,0,4,1,18,6,18,7,18,8,19,8,20,8,20,9,20,10,20,10,20,10,20,11,20,12,19,12,19,12,19,12,19,11,19,11,19,11,18,10,18,10,18,9,18,9,18,9,18,9,18,9,19,8,20,8"
43.37830471992493,740,"CSI,2555,128,83,49,21,0,-3,-5,2,-6,4,-7,5,-9,9,-10,11,-13,12,-15,13,-15,12,-16,9,-18,7,-17,4,-15,4,-14,5,-11,5,-9,5,-6,3,-1,2,3,2,4,1,4,0,5,1,8,1,9,0,8,0,8,0,2,0,0,0,0,0,0,0,0,0,0,0,0,0,0,0,0,0,0,2,1,7,4,5,4,3,6,4,7,6,6,6,5,4,6,0,6,-4,4,-8,1,-10,-1,-12,0,-13,1,-15,1,-16,1,-18,-3,-20,-6,-19,-5,-19,-4,-21,-4,-22,-2,-20,1,-18,2,-15,2,-14,3,-15,4"
43.42548394203186,741,"CSI,2653,128,75,-79,20,0,4,3,10,-1,12,-7,13,-10,16,-10,18,-9,16,-12,12,-13,11,-10,13,-8,13,-9,13,-8,12,-5,8,-5,5,-6,5,-5,3,-2,1,1,-2,1,-4,1,-6,-1,-9,-1,-10,0,-9,0,-7,0,-2,-1,0,0,0,0,0,0,0,0,0,0,0,0,0,0,0,0,0,0,-1,-3,-1,-12,1,-9,2,-7,3,-7,4,-7,4,-6,2,-3,0,0,1,1,1,1,0,3,-4,9,-9,13,-11,14,-13,15,-17,15,-18,16,-18,17,-17,17,-15,17,-15,17,-15,15,-14,11,-12,8,-10,7,-7,7"
43.46432900428772,742,"CSI,702,128,101,81,22,0,-6,17,-6,17,-5,17,-5,17,-5,17,-5,17,-4,17,-3,17,-4,17,-3,17,-3,17,-3,17,-3,17,-3,16,-4,16,-4,16,-4,16,-4,15,-4,15,-4,14,-5,13,-5,13,-5,12,-5,12,-5,11,-2,2,0,0,0,0,0,0,0,0,0,0,0,0,0,0,0,0,0,0,-1,3,-3,13,-4,14,-4,14,-5,15,-5,15,-5,16,-5,16,-6,17,-7,17,-8,17,-8,17,-8,17,-8,17,-8,17,-8,17,-8,17,-7,17,-8,17,-8,17,-7,17,-7,17,-6,17,-6,17,-6,17,-7,18,-6,18"
43.4955108165741,743,"CSI,2560,128,83,49,21,0,-4,0,-8,0,-11,1,-15,1,-17,0,-18,-1,-20,-5,-21,-8,-22,-3,-21,0,-18,1,-14,1,-11,-1,-10,-3,-8,-3,-5,-2,-1,-1,1,-2,0,-1,1,1,3,2,4,1,5,1,5,3,4,6,1,2,0,0,0,0,0,0,0,0,0,0,0,0,0,0,0,0,0,0,-1,2,-4,10,-4,10,-3,9,-2,9,-2,6,-2,4,-1,1,0,-1,0,-1,1,-2,3,-6,7,-8,10,-8,10,-8,11,-11,11,-12,12,-12,15,-12,18,-13,17,-13,17,-10,17,-9,14,-9,12,-9,11,-11,10,-12"
43.56651973724365,744,"CSI,2562,128,83,49,21,0,-1,7,0,10,2,12,4,10,6,11,4,14,6,13,11,9,10,6,7,7,4,10,1,12,2,10,2,6,0,4,-1,5,-1,4,1,1,2,-2,3,-3,4,1,3,2,4,1,5,0,5,0,1,0,0,0,0,0,0,0,0,0,0,0,0,0,0,0,0,0,0,0,-2,-2,-7,-8,-5,-9,-4,-8,-2,-8,-2,-8,-2,-6,-1,-5,-3,-2,-4,3,-4,5,-4,5,-7,7,-11,9,-14,11,-15,10,-16,10,-18,9,-18,7,-17,6,-17,4,-18,3,-17,3,-14,1,-13,1,-9,4,-6,7"
43.59822082519531,745,"CSI,703,128,101,81,22,0,6,-14,6,-15,6,-14,6,-14,6,-14,5,-14,5,-14,4,-14,4,-15,4,-15,4,-15,4,-15,4,-14,4,-14,5,-14,5,-14,5,-13,4,-13,5,-12,5,-11,5,-11,5,-10,5,-10,5,-9,5,-9,1,-3,0,0,0,0,0,0,0,0,0,0,0,0,0,0,0,0,0,0,0,-3,3,-10,3,-11,3,-11,4,-12,4,-12,4,-12,4,-13,5,-13,6,-13,7,-14,7,-14,7,-14,7,-14,7,-14,7,-14,7,-14,7,-14,7,-14,7,-14,7,-14,7,-14,6,-14,6,-14,6,-15,6,-15,6,-15"
43.66883111000061,746,"CSI,2566,128,83,49,21,0,2,2,-4,2,-6,-1,-7,-4,-8,-3,-10,-2,-13,2,-16,6,-17,5,-14,5,-11,7,-9,6,-10,3,-12,1,-11,1,-7,2,-6,2,-5,1,0,0,4,0,5,0,3,-3,1,-4,1,-5,2,-3,0,-1,0,0,0,0,0,0,0,0,0,0,0,0,0,0,0,0,0,0,-1,-2,-3,-8,-3,-9,-3,-8,-2,-6,-2,-6,0,-5,2,-4,2,-5,2,-4,4,0,6,3,7,4,7,5,9,8,9,11,9,10,8,9,9,11,12,12,13,10,14,7,14,8,12,8,11,5,11,4,12,8"
43.69697380065918,747,"CSI,704,128,101,81,22,0,1,24,1,24,2,24,1,23,1,23,2,22,3,23,4,23,4,22,4,22,4,22,4,22,4,22,4,21,3,21,3,20,3,20,3,19,2,18,1,17,1,16,1,16,1,15,0,15,0,14,0,3,0,0,0,0,0,0,0,0,0,0,0,0,0,0,0,0,0,0,0,4,2,16,1,17,1,18,1,18,1,19,1,21,1,22,0,22,-1,23,-1,23,-1,24,-1,24,-1,25,-2,25,-2,24,-2,24,-2,25,-1,24,-1,24,-1,24,-1,24,0,24,1,24,1,24,0,24,-1,25"
43.773799896240234,748,"CSI,2571,128,83,49,21,0,-6,-4,-2,-7,-1,-8,-1,-8,2,-8,2,-8,2,-13,3,-18,2,-19,1,-17,0,-15,0,-13,1,-14,1,-13,1,-11,0,-9,0,-5,-1,-1,-1,0,0,-1,2,0,3,0,5,-1,7,-1,6,0,1,0,0,0,0,0,0,0,0,0,0,0,0,0,0,0,0,0,0,0,-2,1,-8,5,-8,4,-8,1,-7,0,-5,-2,-2,-3,-1,-2,-2,-2,-3,-4,-3,-5,-3,-6,-3,-7,-4,-9,-5,-9,-7,-9,-6,-12,-6,-11,-8,-9,-10,-8,-11,-10,-10,-10,-9,-7,-9,-6,-8,-6,-10,-2,-14,2"
43.80956292152405,749,"CSI,705,128,101,81,22,0,16,-19,16,-19,16,-19,16,-19,16,-20,15,-20,14,-20,13,-20,13,-20,12,-20,12,-20,12,-20,12,-20,12,-20,13,-19,13,-19,12,-19,11,-18,11,-17,11,-16,11,-15,11,-15,11,-14,10,-13,10,-12,2,-3,0,0,0,0,0,0,0,0,0,0,0,0,0,0,0,0,0,0,2,-4,9,-13,9,-14,10,-14,11,-15,12,-15,12,-16,13,-16,14,-17,15,-17,16,-17,17,-17,17,-17,17,-17,17,-17,17,-17,17,-17,17,-17,17,-17,18,-18,18,-18,17,-18,16,-18,16,-19,17,-19,17,-19,18,-19"
43.876320123672485,750,"CSI,2575,128,83,49,21,0,-4,-2,-3,-5,-4,-7,-3,-9,-2,-11,-3,-10,-4,-14,-7,-21,-10,-21,-11,-17,-12,-14,-12,-12,-9,-10,-7,-11,-7,-13,-5,-11,-4,-7,-4,-3,-2,-2,0,-1,1,0,2,0,4,-3,4,-4,2,-3,0,-1,0,0,0,0,0,0,0,0,0,0,0,0,0,0,0,0,0,0,0,2,0,10,0,8,-2,8,-3,6,-4,6,-6,5,-5,4,-4,4,-5,3,-6,3,-8,5,-11,5,-12,4,-11,2,-15,1,-18,1,-17,2,-17,1,-16,-2,-16,-2,-18,0,-18,0,-17,0,-18,0,-16,-1,-13,0"
43.909541845321655,751,"CSI,2965,128,-117,-78,40,0,19,15,19,15,20,14,20,13,20,13,20,12,20,12,21,13,20,13,20,12,20,12,20,12,20,12,20,11,20,11,19,12,18,12,17,12,17,12,16,11,15,11,14,11,13,10,13,10,12,11,3,2,0,0,0,0,0,0,0,0,0,0,0,0,0,0,0,0,0,0,3,1,12,6,12,7,13,8,13,8,14,9,15,10,15,11,16,12,16,12,16,13,16,14,16,15,17,15,17,15,17,15,17,15,18,15,18,15,18,14,18,14,19,14,19,14,19,15,19,15,20,15,21,15"
43.9401638507843,752,"CSI,706,128,101,81,22,0,13,-5,13,-5,13,-5,13,-5,13,-5,13,-6,12,-6,12,-6,12,-6,12,-6,12,-6,12,-6,12,-6,12,-6,12,-6,12,-5,12,-5,11,-5,11,-4,11,-4,10,-4,10,-4,10,-3,9,-3,9,-2,2,-1,0,0,0,0,0,0,0,0,0,0,0,0,0,0,0,0,0,0,1,-1,7,-4,7,-4,8,-4,8,-5,9,-5,9,-5,9,-5,10,-4,11,-4,12,-4,12,-4,11,-4,12,-4,12,-4,12,-4,12,-4,12,-4,12,-4,13,-4,13,-5,13,-5,13,-5,13,-5,13,-5,13,-5,14,-5"
44.02134299278259,753,"CSI,707,128,101,81,22,0,12,20,12,20,12,20,12,19,12,18,13,18,13,19,14,19,14,18,14,18,14,18,14,18,14,18,14,17,13,17,12,18,12,18,11,17,11,17,10,16,9,15,9,15,8,14,7,14,7,14,1,3,0,0,0,0,0,0,0,0,0,0,0,0,0,0,0,0,0,0,2,3,10,13,10,14,10,15,10,15,10,16,10,17,10,18,10,19,10,19,10,20,9,21,9,21,9,22,9,22,10,21,10,21,10,21,10,21,10,20,10,20,11,20,11,20,12,21,12,21,12,21,13,21"
44.075291872024536,754,"CSI,2582,128,83,49,21,0,13,-5,9,-3,6,-3,5,1,5,8,4,11,3,11,4,12,7,12,9,10,10,11,9,13,9,12,9,9,7,9,7,9,7,7,4,6,2,5,2,4,0,3,-3,2,-3,3,-3,4,-5,3,-2,0,0,0,0,0,0,0,0,0,0,0,0,0,0,0,0,0,0,0,1,-1,4,-5,4,-5,3,-4,2,-5,4,-6,4,-5,3,-3,3,-1,2,-1,2,-2,3,-2,4,-1,3,-1,3,1,5,2,7,3,8,4,8,5,11,5,14,3,15,0,17,3,20,4,21,2,21,0,18,-1"
44.1394898891449,755,"CSI,708,128,101,81,22,0,-24,11,-24,11,-24,12,-24,12,-24,13,-24,13,-23,13,-23,13,-23,14,-22,14,-22,14,-22,14,-22,14,-23,14,-23,14,-23,14,-22,13,-21,11,-21,11,-21,10,-20,10,-19,9,-19,9,-19,8,-18,7,-5,1,0,0,0,0,0,0,0,0,0,0,0,0,0,0,0,0,0,0,-4,2,-15,8,-16,8,-16,8,-17,9,-18,8,-19,8,-19,8,-20,8,-22,8,-23,8,-23,8,-23,7,-23,7,-23,7,-23,8,-24,8,-24,8,-24,8,-24,9,-25,9,-25,10,-24,10,-23,10,-24,10,-25,11,-26,11"
44.17271590232849,756,"CSI,2657,128,77,-47,20,0,-8,-11,-4,-10,0,-7,0,-7,2,-8,6,-7,5,-8,4,-11,7,-11,9,-12,9,-12,8,-11,7,-12,5,-14,2,-14,3,-13,3,-10,2,-7,2,-6,2,-4,1,-1,1,-1,2,-2,4,-1,6,0,1,0,0,0,0,0,0,0,0,0,0,0,0,0,0,0,0,0,0,0,-2,-3,-6,-8,-6,-5,-4,-3,-4,-4,-4,-4,-4,-5,-2,-5,-1,-4,-2,-2,-2,-2,-2,-4,-2,-7,-1,-8,1,-7,2,-6,2,-8,1,-10,-1,-12,-1,-15,1,-17,2,-17,2,-19,-2,-20,-6,-19,-6,-16,-4,-15"
44.201358795166016,757,"CSI,2586,128,83,49,21,0,-5,13,-5,10,-4,5,-5,0,-6,-3,-7,-4,-6,-3,-5,-3,-7,-6,-11,-7,-14,-8,-16,-7,-16,-5,-15,-6,-14,-7,-13,-6,-10,-3,-8,-2,-7,0,-5,0,-3,-3,-3,-4,-2,-3,-1,-4,0,-4,0,-1,0,0,0,0,0,0,0,0,0,0,0,0,0,0,0,0,0,0,1,1,4,4,3,3,2,3,3,2,2,2,0,2,0,2,0,2,0,3,-1,3,-3,3,-5,2,-7,1,-8,0,-7,4,-7,7,-10,5,-12,3,-11,5,-10,8,-8,11,-7,12,-10,13,-11,13,-9,9,-5,5"
44.24526381492615,758,"CSI,709,128,101,81,22,0,11,23,12,23,12,23,12,22,12,22,12,22,13,22,13,22,14,22,14,22,14,22,14,22,14,22,14,21,13,21,13,21,12,21,11,21,11,20,10,19,9,18,9,18,9,17,8,17,7,17,1,4,0,0,0,0,0,0,0,0,0,0,0,0,0,0,0,0,0,0,1,2,7,11,7,12,7,13,7,14,7,15,8,16,8,18,8,18,8,19,7,19,7,20,8,21,8,21,8,22,7,22,8,22,8,22,8,22,8,21,9,21,9,22,10,22,10,23,10,23,10,23,11,24"
44.36821484565735,759,"CSI,710,128,101,81,22,0,-16,-11,-16,-10,-17,-10,-17,-9,-17,-9,-17,-9,-17,-9,-17,-9,-17,-8,-17,-8,-17,-8,-16,-8,-16,-8,-16,-7,-16,-7,-16,-8,-15,-8,-14,-9,-14,-8,-13,-8,-12,-7,-12,-7,-11,-7,-11,-7,-10,-8,-3,-2,0,0,0,0,0,0,0,0,0,0,0,0,0,0,0,0,0,0,-4,-2,-13,-7,-13,-8,-13,-9,-14,-9,-14,-9,-15,-10,-15,-11,-15,-11,-15,-12,-15,-12,-15,-13,-15,-13,-15,-14,-15,-13,-15,-13,-15,-13,-16,-13,-15,-13,-15,-12,-16,-11,-16,-11,-16,-11,-16,-12,-17,-11,-17,-11,-18,-11"
44.476470947265625,760,"CSI,711,128,101,81,22,0,-14,2,-14,2,-14,2,-14,3,-14,3,-14,3,-14,3,-14,3,-14,4,-14,4,-14,4,-14,4,-14,4,-14,4,-14,4,-14,3,-13,3,-13,2,-13,2,-12,2,-12,2,-12,1,-11,1,-11,1,-11,0,-3,0,0,0,0,0,0,0,0,0,0,0,0,0,0,0,0,0,0,0,-3,0,-9,2,-9,1,-10,1,-10,1,-11,1,-11,1,-11,1,-12,1,-12,1,-13,1,-13,0,-13,0,-13,0,-13,0,-13,0,-13,0,-13,0,-13,1,-14,1,-14,1,-14,2,-14,2,-14,2,-14,2,-14,2,-14,2"
44.506701946258545,761,"CSI,2599,128,83,49,21,0,5,2,8,0,11,-1,13,0,17,0,18,-2,16,-1,14,7,17,9,20,6,17,5,12,6,8,5,5,4,3,3,0,2,-3,1,-3,0,-3,-3,-2,-6,-2,-6,-2,-7,-3,-7,-4,-7,-2,-8,-1,-2,0,0,0,0,0,0,0,0,0,0,0,0,0,0,0,0,0,0,-2,-1,-5,-4,-4,-5,-4,-5,-6,-5,-6,-3,-6,0,-5,3,-3,3,-3,2,-4,2,-4,5,-4,10,-5,12,-7,12,-8,13,-11,13,-14,11,-13,12,-12,15,-11,13,-10,12,-9,10,-8,9,-7,8,-5,7,-4,9"
44.59569787979126,762,"CSI,712,128,101,81,22,0,-6,-25,-6,-25,-6,-25,-6,-24,-6,-24,-7,-24,-8,-25,-8,-25,-8,-25,-9,-25,-9,-25,-9,-25,-9,-25,-9,-24,-8,-24,-7,-24,-7,-24,-6,-24,-6,-23,-5,-22,-5,-21,-5,-21,-4,-20,-4,-20,-3,-20,-1,-5,0,0,0,0,0,0,0,0,0,0,0,0,0,0,0,0,0,0,-2,-4,-6,-15,-5,-15,-5,-16,-5,-17,-5,-18,-5,-19,-5,-21,-5,-21,-4,-21,-4,-22,-3,-23,-3,-23,-3,-24,-3,-24,-3,-24,-3,-24,-3,-24,-3,-24,-3,-24,-4,-23,-4,-24,-5,-24,-6,-25,-6,-25,-5,-25,-6,-26"
44.623780965805054,763,"CSI,2602,128,83,49,21,0,9,6,9,4,9,2,12,1,17,1,18,0,21,4,25,9,24,5,21,1,18,-1,15,0,13,2,12,3,10,3,7,4,5,3,4,-2,1,-5,-1,-6,0,-6,1,-7,-1,-7,-3,-7,-3,-8,-1,-2,0,0,0,0,0,0,0,0,0,0,0,0,0,0,0,0,0,0,-2,0,-8,1,-9,2,-9,2,-8,1,-7,0,-9,-1,-10,-2,-8,-1,-7,1,-4,1,-4,2,-5,5,-3,9,0,14,0,19,1,21,0,23,-2,25,-5,26,-5,27,-7,27,-8,26,-6,23,-6,21,-7,18,-4,14"
44.69559192657471,764,"CSI,2607,128,83,49,21,0,0,-3,-3,0,-4,5,-5,7,-6,10,-6,15,-8,16,-10,12,-9,12,-8,16,-7,17,-7,16,-6,14,-4,12,1,10,3,8,2,5,-1,1,1,-2,4,-3,2,-4,0,-6,0,-8,0,-8,-1,-8,-1,-2,0,0,0,0,0,0,0,0,0,0,0,0,0,0,0,0,0,0,-3,1,-10,5,-9,3,-9,1,-10,2,-11,3,-10,2,-7,1,-5,-1,-4,-3,-4,-4,-1,-6,6,-5,11,-4,11,-5,12,-9,13,-12,15,-11,17,-11,20,-13,21,-15,20,-13,20,-12,19,-14,17,-13,15,-9,16,-6"
44.72712302207947,765,"CSI,713,128,101,81,22,0,-15,3,-15,3,-15,3,-15,3,-14,4,-14,4,-14,4,-14,4,-14,4,-14,5,-14,5,-14,5,-14,5,-14,5,-14,5,-14,5,-13,5,-13,4,-13,4,-13,4,-12,3,-12,3,-12,3,-11,3,-11,2,-3,0,0,0,0,0,0,0,0,0,0,0,0,0,0,0,0,0,0,0,-3,0,-10,2,-10,1,-10,1,-11,1,-11,1,-12,1,-12,1,-13,1,-13,1,-13,1,-14,1,-13,0,-13,0,-14,0,-14,0,-14,0,-14,0,-14,1,-14,1,-15,2,-14,2,-14,2,-14,2,-14,2,-15,2,-15,2"
44.79542398452759,766,"CSI,2611,128,83,49,21,0,4,11,8,11,9,10,10,12,11,14,14,14,12,13,3,11,3,11,7,13,6,13,3,10,3,8,5,6,6,3,6,3,8,4,7,3,5,0,7,0,7,0,5,-3,5,-5,3,-4,2,-3,0,-1,0,0,0,0,0,0,0,0,0,0,0,0,0,0,0,0,0,0,-2,-1,-7,-2,-7,-3,-5,-4,-5,-5,-6,-3,-7,-2,-6,-2,-6,0,-7,3,-6,6,-4,9,-6,10,-8,11,-9,14,-8,16,-10,17,-13,17,-15,17,-17,18,-18,18,-18,15,-20,10,-20,6,-18,6,-16,9,-11,10"
44.82869482040405,767,"CSI,714,128,101,81,22,0,5,-17,4,-17,4,-17,4,-17,4,-17,3,-17,3,-17,2,-17,2,-17,2,-17,1,-17,1,-17,1,-17,2,-16,2,-16,2,-16,2,-16,2,-15,2,-15,3,-14,3,-14,3,-13,3,-12,3,-12,3,-11,0,-3,0,0,0,0,0,0,0,0,0,0,0,0,0,0,0,0,0,0,0,-4,1,-14,2,-15,2,-15,3,-16,3,-16,3,-17,4,-18,4,-18,5,-18,6,-18,7,-18,7,-18,7,-18,7,-18,7,-18,7,-18,7,-18,6,-18,7,-17,6,-17,6,-17,5,-18,5,-18,5,-18,6,-18,5,-18"
44.85775899887085,768,"CSI,2663,128,83,49,21,0,1,-12,2,-12,6,-12,9,-12,9,-13,7,-12,3,-10,-3,-9,-1,-9,2,-7,2,-5,1,-4,0,-4,-1,-5,-3,-5,-5,-4,-6,-3,-4,-4,-2,-3,-1,-3,-1,-5,-1,-5,-2,-5,-5,-4,-6,-3,-2,-1,0,0,0,0,0,0,0,0,0,0,0,0,0,0,0,0,0,0,1,2,4,8,3,9,4,10,4,10,5,9,4,8,3,6,3,5,3,3,3,0,6,-2,8,-2,9,-2,10,-2,13,-2,16,-1,16,1,14,0,13,0,12,2,10,2,10,3,9,3,7,1,7,-2,4,-1"
44.89763689041138,769,"CSI,2614,128,83,49,21,0,14,8,17,4,16,1,18,0,21,-1,22,-3,21,-1,21,4,23,3,27,1,28,-1,27,-1,22,0,17,0,14,1,13,0,11,-1,10,1,11,1,8,-1,5,-3,5,-5,5,-7,3,-9,3,-9,1,-2,0,0,0,0,0,0,0,0,0,0,0,0,0,0,0,0,0,0,1,3,4,13,3,12,3,12,3,13,2,14,2,14,1,11,0,9,-1,8,3,9,7,9,9,8,11,7,15,9,18,11,20,12,20,15,21,18,22,23,21,26,19,26,17,26,15,26,11,24,8,21,7,17"
44.9310028553009,770,"CSI,715,128,101,81,22,0,-22,0,-22,1,-22,1,-22,2,-22,3,-21,3,-21,3,-21,3,-21,4,-20,4,-20,4,-20,4,-20,4,-21,4,-20,4,-20,4,-19,3,-19,3,-18,2,-18,3,-17,3,-17,2,-16,2,-16,1,-15,1,-4,0,0,0,0,0,0,0,0,0,0,0,0,0,0,0,0,0,0,0,-4,0,-17,3,-17,3,-18,2,-19,2,-20,2,-20,1,-21,1,-22,0,-22,0,-23,0,-23,-1,-23,-2,-23,-2,-23,-2,-23,-2,-23,-2,-23,-2,-23,-2,-23,-1,-23,0,-23,0,-23,0,-23,-1,-23,0,-23,0,-24,1"
44.96975588798523,771,"CSI,2969,128,-117,-78,40,0,-3,-26,-4,-26,-4,-26,-4,-25,-4,-24,-5,-24,-6,-24,-7,-24,-7,-24,-7,-24,-8,-24,-8,-24,-8,-23,-8,-23,-7,-22,-7,-23,-7,-22,-6,-22,-6,-21,-5,-20,-5,-19,-4,-18,-4,-18,-3,-17,-3,-17,-1,-5,0,0,0,0,0,0,0,0,0,0,0,0,0,0,0,0,0,0,-2,-5,-6,-20,-5,-20,-5,-22,-5,-23,-4,-24,-4,-25,-4,-26,-3,-27,-2,-27,-1,-27,-1,-28,-1,-28,-1,-29,0,-28,0,-28,-1,-28,-1,-28,-1,-28,-1,-27,-1,-27,-2,-27,-2,-27,-3,-27,-3,-27,-3,-27,-3,-28"
45.00047183036804,772,"CSI,2667,128,83,49,21,0,-19,0,-23,0,-23,0,-19,-2,-16,-2,-18,-1,-17,-5,-12,-11,-9,-8,-7,0,-7,6,-6,7,-5,6,-6,7,-6,9,-5,9,-5,10,-4,9,-4,6,-6,4,-6,4,-3,4,-2,3,-2,1,-2,0,-1,0,0,0,0,0,0,0,0,0,0,0,0,0,0,0,0,0,0,0,2,-2,9,-5,11,-3,12,-2,11,-1,9,-2,7,-4,5,-2,3,-3,2,-7,1,-10,-2,-12,-3,-13,-2,-14,-1,-16,1,-19,0,-20,-1,-18,-2,-17,-3,-17,-4,-15,-5,-11,-5,-9,-4,-8,-6,-6,-11,-5,-16,-4"
45.03103995323181,773,"CSI,2618,128,83,49,21,0,2,1,7,2,9,3,13,6,20,9,25,10,28,8,32,7,31,7,26,6,20,6,16,8,13,11,10,11,10,7,7,3,2,0,0,-2,-1,-3,-2,-5,-4,-6,-5,-6,-6,-6,-5,-8,-5,-11,-2,-3,0,0,0,0,0,0,0,0,0,0,0,0,0,0,0,0,0,0,1,-3,5,-12,4,-10,5,-9,6,-10,7,-10,4,-9,3,-7,4,-6,4,-6,2,-4,-2,-3,-6,-1,-10,1,-15,5,-21,8,-23,9,-24,6,-27,5,-29,6,-28,4,-29,3,-26,4,-22,3,-24,1,-25,4,-25,3"
45.061639070510864,774,"CSI,716,128,101,81,22,0,-2,20,-1,20,-1,20,-1,19,-1,19,-1,19,0,19,1,19,1,19,1,19,1,19,1,19,1,19,1,18,1,18,0,19,0,19,0,18,0,17,-1,16,-1,15,-1,15,-2,15,-2,14,-2,14,-1,3,0,0,0,0,0,0,0,0,0,0,0,0,0,0,0,0,0,0,0,3,2,14,2,15,1,16,1,17,0,17,0,18,0,19,-1,20,-2,20,-2,20,-3,21,-3,21,-3,21,-4,21,-4,20,-4,20,-3,20,-3,20,-3,20,-3,20,-3,20,-2,20,-2,20,-2,20,-3,20,-2,21"
45.10192894935608,775,"CSI,2623,128,83,49,21,0,12,-5,9,-7,8,-11,6,-14,4,-18,4,-23,6,-27,7,-30,5,-29,3,-26,5,-21,9,-16,9,-14,5,-13,5,-14,6,-14,4,-9,0,-7,-3,-6,-4,-5,-5,-4,-7,-3,-9,-3,-7,-4,-4,-4,-1,-1,0,0,0,0,0,0,0,0,0,0,0,0,0,0,0,0,0,0,0,2,3,10,3,9,3,9,3,10,3,11,3,11,1,9,1,9,3,9,3,6,2,5,5,5,9,4,10,3,13,1,18,-3,23,-4,24,-3,25,-2,28,0,29,1,28,1,26,3,23,1,20,1,19,2"
45.15195608139038,776,"CSI,717,128,101,81,22,0,-12,19,-12,19,-12,19,-12,19,-12,19,-11,19,-10,19,-9,20,-9,20,-9,20,-9,20,-9,20,-9,20,-9,20,-10,19,-10,19,-9,19,-9,18,-9,17,-9,17,-10,16,-10,15,-10,14,-10,14,-10,13,-3,3,0,0,0,0,0,0,0,0,0,0,0,0,0,0,0,0,0,0,-2,3,-7,14,-8,15,-9,15,-10,16,-10,16,-10,17,-11,17,-12,18,-13,18,-14,18,-15,17,-15,17,-15,17,-15,17,-15,17,-15,17,-14,17,-14,17,-14,17,-14,18,-14,18,-13,18,-13,18,-13,18,-14,18,-15,19"
45.20628476142883,777,"CSI,2626,128,83,49,21,0,-6,2,-3,5,-2,8,-1,10,0,15,-1,18,-5,20,-7,20,-4,21,-2,19,-1,16,-2,14,-4,13,-4,12,0,9,1,6,1,2,1,1,3,1,6,2,5,3,3,3,3,0,5,-1,4,-2,1,-1,0,0,0,0,0,0,0,0,0,0,0,0,0,0,0,0,0,0,-1,-3,-3,-10,-4,-10,-3,-10,-1,-10,-1,-9,-3,-10,-3,-12,-1,-11,0,-9,0,-8,-3,-4,-5,0,-7,2,-10,3,-14,2,-17,1,-21,-2,-24,-3,-24,-3,-24,-3,-25,-5,-27,-7,-25,-9,-21,-8,-22,-4,-22,0"
45.26434373855591,778,"CSI,718,128,101,81,22,0,19,-12,19,-12,19,-12,19,-13,19,-13,18,-13,18,-13,17,-14,17,-14,17,-14,16,-15,16,-15,16,-15,17,-15,17,-15,17,-14,17,-13,16,-12,16,-12,16,-11,15,-11,15,-11,15,-10,14,-9,14,-8,3,-2,0,0,0,0,0,0,0,0,0,0,0,0,0,0,0,0,0,0,3,-3,12,-9,13,-9,14,-9,15,-10,15,-10,16,-10,16,-10,17,-9,18,-9,19,-9,19,-9,19,-9,19,-9,20,-9,20,-9,20,-9,20,-9,19,-9,20,-10,20,-10,20,-10,19,-10,19,-10,19,-10,20,-11,21,-11"
45.30820274353027,779,"CSI,2630,128,83,49,21,0,3,-8,3,-9,-1,-12,-5,-16,-6,-19,-6,-22,-6,-20,-6,-13,-5,-14,-5,-19,-5,-19,-2,-18,-2,-18,-3,-14,-3,-9,-3,-5,-3,-5,-5,-3,-7,-2,-8,-1,-7,0,-7,0,-8,0,-7,2,-6,2,-2,0,0,0,0,0,0,0,0,0,0,0,0,0,0,0,0,0,0,0,1,1,5,7,6,9,8,9,8,6,6,5,5,7,4,7,4,6,3,5,3,2,3,0,3,-4,6,-6,10,-7,14,-10,17,-10,20,-11,22,-12,25,-11,27,-8,28,-7,27,-7,23,-5,18,-2,14,-2,13,-6"
45.37370204925537,780,"CSI,719,128,101,81,22,0,-22,4,-22,4,-22,5,-22,5,-22,6,-21,6,-20,6,-20,6,-20,6,-19,6,-19,6,-19,7,-19,7,-19,7,-19,7,-19,6,-18,5,-17,5,-17,4,-17,4,-16,4,-15,4,-15,3,-14,3,-13,2,-4,0,0,0,0,0,0,0,0,0,0,0,0,0,0,0,0,0,0,0,-4,1,-16,7,-17,7,-18,7,-19,7,-20,7,-20,6,-21,6,-22,6,-23,5,-24,5,-24,4,-24,3,-24,3,-24,3,-24,3,-24,3,-24,3,-24,3,-24,3,-24,4,-24,4,-23,4,-23,4,-23,4,-24,4,-25,5"
45.40952682495117,781,"CSI,2635,128,83,49,21,0,2,-8,-3,-3,-7,0,-11,4,-15,6,-18,6,-18,6,-18,3,-21,3,-23,6,-22,7,-20,6,-18,5,-15,3,-12,3,-10,4,-8,4,-4,2,-1,1,1,3,4,3,5,1,5,1,4,2,4,3,1,0,0,0,0,0,0,0,0,0,0,0,0,0,0,0,0,0,0,0,1,2,7,9,7,10,5,10,4,9,4,9,2,10,3,10,2,7,0,5,0,5,1,3,0,-3,-1,-7,1,-9,4,-14,8,-17,9,-20,10,-24,12,-26,15,-27,15,-27,13,-25,14,-21,16,-21,13,-21,10,-16"
45.493167877197266,782,"CSI,720,128,101,81,22,0,2,-25,1,-25,1,-25,1,-24,1,-24,0,-24,-1,-24,-2,-24,-2,-24,-2,-24,-3,-24,-3,-24,-3,-23,-3,-23,-2,-23,-1,-23,-2,-22,-2,-22,-1,-21,-1,-20,0,-19,0,-18,0,-18,0,-17,1,-16,0,-4,0,0,0,0,0,0,0,0,0,0,0,0,0,0,0,0,0,0,-1,-5,-2,-20,-1,-21,-1,-22,0,-23,0,-23,0,-24,1,-26,2,-26,3,-26,4,-26,5,-27,5,-27,5,-28,5,-27,5,-27,5,-26,4,-26,4,-26,5,-26,4,-26,4,-26,3,-26,2,-26,2,-26,3,-26,2,-27"
45.59944677352905,783,"CSI,721,128,101,81,22,0,18,0,18,-1,18,-1,19,-2,19,-2,18,-2,18,-2,18,-3,18,-3,18,-3,17,-3,17,-3,17,-3,18,-3,18,-3,18,-2,17,-2,16,-1,16,-1,15,-1,15,-1,14,-1,14,0,13,0,13,0,3,0,0,0,0,0,0,0,0,0,0,0,0,0,0,0,0,0,0,0,3,-1,13,-3,13,-2,14,-2,14,-2,15,-2,16,-1,16,0,17,0,18,0,18,0,18,1,18,2,18,2,18,2,18,2,18,1,18,1,18,1,18,0,18,0,18,0,18,0,18,0,19,0,19,-1,20,-1"
45.629749059677124,784,"CSI,2643,128,83,49,21,0,0,-9,-5,-10,-7,-11,-11,-8,-14,-5,-15,-6,-19,-6,-25,-6,-23,-6,-19,-6,-18,-6,-18,-6,-18,-7,-17,-8,-16,-7,-16,-5,-13,-2,-10,-1,-7,0,-6,1,-5,1,-2,3,0,5,-3,6,-7,9,-2,2,0,0,0,0,0,0,0,0,0,0,0,0,0,0,0,0,0,0,2,-2,10,-5,11,-2,12,0,10,1,10,2,11,2,9,2,7,2,6,2,5,0,4,-2,2,-6,0,-12,-1,-13,0,-13,0,-15,1,-18,3,-21,3,-25,6,-25,9,-24,9,-22,9,-22,12,-22,12,-20,9,-18"
45.67360997200012,785,"CSI,2695,128,83,49,21,0,21,2,20,3,18,7,18,7,17,6,15,7,11,5,3,0,0,0,2,0,3,-1,3,-2,3,-6,2,-9,0,-10,1,-10,2,-7,2,-5,3,-4,5,-3,5,-3,3,-2,2,-1,1,-2,1,-4,0,-1,0,0,0,0,0,0,0,0,0,0,0,0,0,0,0,0,0,0,-2,-1,-7,-2,-9,-5,-12,-5,-12,-5,-9,-5,-4,-2,-1,1,-1,2,-1,3,-2,5,-1,8,-1,13,-3,16,-3,15,-4,17,-8,20,-8,19,-7,16,-7,15,-7,13,-5,9,-3,7,1,6,3,3,7,0,13,2"
45.718005895614624,786,"CSI,722,128,101,81,22,0,-16,20,-15,20,-15,20,-15,20,-15,20,-14,20,-13,20,-12,21,-12,21,-12,21,-11,21,-11,21,-11,21,-12,20,-12,20,-12,20,-12,19,-11,18,-11,18,-12,17,-12,16,-11,15,-11,14,-11,13,-11,13,-3,3,0,0,0,0,0,0,0,0,0,0,0,0,0,0,0,0,0,0,-3,4,-9,17,-10,17,-11,18,-12,18,-12,19,-13,19,-13,20,-15,20,-16,20,-17,20,-18,20,-17,20,-18,20,-18,19,-18,19,-18,19,-17,19,-17,19,-17,19,-17,19,-17,20,-16,20,-16,20,-16,20,-17,21,-17,21"
45.751428842544556,787,"CSI,2646,128,83,49,21,0,-14,-2,-10,1,-11,4,-10,7,-10,10,-12,12,-13,16,-14,18,-15,15,-15,14,-15,11,-13,7,-11,7,-10,8,-11,7,-12,5,-10,5,-6,4,-3,6,-1,6,0,4,2,2,3,2,1,4,0,6,-1,1,0,0,0,0,0,0,0,0,0,0,0,0,0,0,0,0,0,0,-2,-3,-5,-11,-4,-9,-4,-10,-6,-11,-6,-10,-3,-9,-2,-6,-4,-6,-5,-7,-6,-6,-9,-5,-12,-4,-14,-4,-16,-5,-17,-5,-19,-5,-21,-7,-22,-9,-23,-9,-25,-9,-24,-11,-21,-13,-18,-14,-17,-12,-17,-7,-17,-3"
45.77931880950928,788,"CSI,2699,128,83,49,21,0,21,8,20,9,18,10,18,10,15,9,10,9,10,8,12,8,11,5,8,2,5,2,4,2,4,-3,5,-5,7,-4,6,-4,6,-3,6,-4,5,-3,3,-2,5,-3,5,-4,3,-3,0,-3,0,-2,0,-1,0,0,0,0,0,0,0,0,0,0,0,0,0,0,0,0,0,0,-3,0,-9,1,-10,3,-10,3,-10,2,-9,1,-8,1,-7,0,-6,2,-3,4,-1,5,1,6,2,10,3,15,2,16,1,17,0,18,-2,18,-3,16,-2,16,-4,14,-3,10,-1,9,-1,9,2,9,8,7,14,4"
45.81933403015137,789,"CSI,2650,128,83,49,21,0,4,5,8,4,10,0,12,-5,17,-6,20,-5,22,-6,25,-9,24,-7,20,-6,17,-6,14,-4,14,-4,15,-6,13,-5,9,-2,6,-2,3,-4,2,-4,1,-5,-1,-7,-3,-7,-2,-5,-3,-4,-6,-4,-2,-1,0,0,0,0,0,0,0,0,0,0,0,0,0,0,0,0,0,0,-2,0,-9,0,-11,0,-12,0,-13,0,-12,-1,-10,-2,-8,0,-6,0,-4,1,-1,3,1,4,1,5,2,8,3,11,4,16,4,21,3,24,0,24,-2,24,0,27,-1,30,-2,27,-2,24,-1,21,1,18,4,14"
45.85758399963379,790,"CSI,723,128,101,81,22,0,-8,-23,-9,-23,-9,-23,-9,-22,-8,-22,-9,-22,-9,-22,-10,-22,-10,-22,-10,-22,-11,-22,-10,-22,-10,-21,-10,-21,-9,-21,-9,-21,-8,-21,-8,-21,-7,-20,-6,-19,-6,-18,-6,-18,-5,-17,-5,-17,-4,-16,-1,-4,0,0,0,0,0,0,0,0,0,0,0,0,0,0,0,0,0,0,-3,-4,-9,-14,-9,-15,-9,-16,-9,-17,-9,-18,-10,-19,-10,-20,-9,-21,-8,-21,-8,-22,-8,-23,-8,-23,-7,-24,-7,-24,-7,-24,-7,-24,-7,-24,-7,-24,-7,-23,-7,-23,-7,-23,-8,-23,-9,-24,-9,-23,-9,-24,-9,-25"
45.924432039260864,791,"CSI,2654,128,83,49,21,0,-7,1,-9,4,-10,9,-11,13,-11,15,-11,17,-12,15,-15,10,-16,13,-16,17,-14,14,-11,13,-9,10,-8,5,-9,4,-6,6,-2,4,0,2,1,2,2,1,4,0,6,1,6,1,6,0,6,0,1,0,0,0,0,0,0,0,0,0,0,0,0,0,0,0,0,0,0,0,2,-2,11,-6,12,-6,10,-4,8,-3,9,-3,7,-2,4,-2,2,-2,1,-2,-1,-4,-4,-7,-8,-8,-11,-9,-12,-11,-12,-16,-14,-18,-14,-16,-13,-17,-13,-20,-13,-24,-12,-24,-9,-22,-6,-18,-5,-15,-6,-13,-7,-10"
45.95769786834717,792,"CSI,724,128,101,81,22,0,-6,23,-5,23,-5,23,-6,23,-6,22,-5,22,-3,22,-3,22,-3,23,-2,23,-2,23,-2,23,-2,22,-3,22,-3,22,-3,22,-3,21,-3,21,-3,20,-4,19,-4,18,-4,17,-4,17,-5,16,-5,15,-2,3,0,0,0,0,0,0,0,0,0,0,0,0,0,0,0,0,0,0,-1,4,-2,17,-3,17,-3,18,-4,19,-5,20,-5,20,-5,21,-6,22,-7,22,-8,22,-8,22,-8,23,-8,23,-9,23,-9,23,-9,22,-9,23,-8,22,-9,22,-8,22,-8,23,-7,23,-6,23,-7,23,-8,23,-8,24"
45.9910888671875,793,"CSI,2973,128,-117,-78,40,0,2,-19,2,-19,1,-19,2,-18,2,-18,1,-18,0,-18,0,-18,0,-19,-1,-19,-1,-19,-1,-18,-1,-18,0,-18,0,-18,0,-17,1,-17,1,-17,1,-16,1,-15,1,-15,1,-14,1,-14,1,-13,1,-13,0,-3,0,0,0,0,0,0,0,0,0,0,0,0,0,0,0,0,0,0,-1,-4,-1,-14,-1,-14,-1,-15,0,-16,0,-16,0,-17,0,-18,1,-18,2,-19,2,-19,2,-19,2,-20,3,-20,3,-20,3,-19,3,-19,3,-19,3,-19,3,-19,3,-19,3,-19,2,-19,2,-19,2,-19,2,-20,1,-20"
46.02169680595398,794,"CSI,2661,128,77,-47,20,0,-7,1,-6,4,-3,9,3,12,5,13,4,16,0,17,-2,14,-3,16,-3,17,0,15,2,15,2,15,2,14,2,12,4,9,6,6,5,4,4,3,5,0,4,-2,2,-4,3,-5,3,-6,2,-9,0,-3,0,0,0,0,0,0,0,0,0,0,0,0,0,0,0,0,0,0,1,-1,7,-4,9,-3,8,-1,8,0,8,1,6,2,4,2,5,2,3,1,-2,-2,-5,-4,-5,-5,-7,-6,-11,-6,-14,-9,-16,-13,-17,-15,-20,-16,-21,-19,-21,-22,-18,-23,-14,-22,-12,-21,-13,-20,-14,-17,-15,-14"
46.054818868637085,795,"CSI,2658,128,83,49,21,0,-8,0,-5,5,-4,8,-4,10,-1,13,2,17,2,21,3,25,6,24,5,24,2,23,1,21,1,21,2,18,1,14,0,11,1,9,2,7,1,5,1,2,2,1,4,0,5,-1,4,-5,5,-6,1,-2,0,0,0,0,0,0,0,0,0,0,0,0,0,0,0,0,0,0,0,-3,3,-9,4,-8,4,-7,4,-6,5,-6,6,-5,7,-5,6,-4,3,-2,1,-2,-1,-3,-5,-2,-9,0,-11,-1,-12,-1,-15,-2,-20,-4,-22,-7,-24,-9,-26,-11,-28,-14,-26,-16,-24,-15,-24,-11,-20,-8,-13,-8"
46.08978271484375,796,"CSI,725,128,101,81,22,0,19,-17,18,-17,18,-17,18,-17,18,-17,18,-18,17,-18,16,-18,16,-19,15,-19,15,-19,15,-19,15,-19,16,-18,16,-18,16,-18,16,-17,15,-16,15,-15,15,-15,15,-14,14,-13,14,-13,14,-12,14,-11,3,-3,0,0,0,0,0,0,0,0,0,0,0,0,0,0,0,0,0,0,2,-4,10,-14,11,-15,12,-15,13,-15,14,-16,14,-16,15,-16,16,-16,18,-16,19,-16,19,-16,19,-16,19,-16,20,-16,20,-15,20,-15,19,-15,19,-15,20,-16,20,-16,20,-16,19,-16,19,-16,19,-16,20,-17,20,-17"
46.12651085853577,797,"CSI,2663,128,83,49,21,0,18,2,19,-1,16,-4,14,-5,15,-9,16,-16,18,-15,21,-8,22,-10,23,-15,21,-14,20,-13,21,-13,20,-11,18,-8,15,-6,13,-4,11,-5,8,-5,4,-4,2,-5,2,-7,3,-9,2,-11,1,-12,0,-3,0,0,0,0,0,0,0,0,0,0,0,0,0,0,0,0,0,0,0,0,3,4,4,7,4,7,4,7,6,9,6,11,4,12,3,11,1,11,-1,9,0,7,4,6,9,3,9,1,11,3,17,5,19,5,20,6,25,5,28,7,27,11,27,15,26,17,25,16,24,14,23,14"
46.16268801689148,798,"CSI,726,128,101,81,22,0,2,-14,2,-14,1,-13,2,-13,2,-13,1,-13,1,-13,0,-13,0,-13,0,-13,0,-13,0,-13,0,-13,0,-12,0,-12,0,-12,0,-12,0,-12,0,-11,1,-11,1,-10,1,-10,1,-10,1,-9,1,-9,0,-3,0,0,0,0,0,0,0,0,0,0,0,0,0,0,0,0,0,0,-1,-3,-1,-10,-1,-11,-1,-11,0,-12,0,-12,0,-13,0,-13,1,-14,1,-14,2,-14,2,-14,2,-14,2,-14,2,-14,2,-14,2,-14,2,-14,3,-14,3,-14,3,-14,2,-14,2,-14,1,-14,2,-14,2,-14,1,-14"
46.233278036117554,799,"CSI,2667,128,83,49,21,0,-4,-16,-7,-14,-8,-13,-9,-14,-13,-16,-14,-18,-10,-18,-5,-21,-8,-23,-11,-22,-10,-20,-8,-19,-8,-18,-7,-16,-4,-14,-2,-12,-4,-12,-7,-9,-8,-5,-8,-5,-7,-4,-9,-1,-10,0,-10,-1,-10,-2,-3,-1,0,0,0,0,0,0,0,0,0,0,0,0,0,0,0,0,0,0,2,-3,8,-10,9,-7,11,-6,11,-5,10,-3,10,-1,9,-2,6,-3,4,-4,4,-3,2,-6,-2,-11,0,-12,2,-14,1,-21,0,-23,0,-23,3,-22,9,-23,13,-24,14,-24,14,-22,14,-19,15,-18,13,-20,9,-20"
46.27476191520691,800,"CSI,727,128,101,81,22,0,-5,19,-4,19,-4,19,-4,18,-4,18,-4,18,-3,18,-3,18,-2,19,-2,19,-2,19,-2,19,-2,19,-3,18,-3,18,-4,18,-4,18,-4,17,-4,16,-4,15,-4,14,-4,14,-5,13,-5,13,-5,12,-2,3,0,0,0,0,0,0,0,0,0,0,0,0,0,0,0,0,0,0,0,3,0,12,0,13,-1,14,-2,14,-2,15,-2,16,-2,17,-3,17,-4,17,-4,18,-5,18,-4,18,-5,18,-5,18,-5,18,-6,18,-5,18,-5,18,-6,18,-6,18,-5,18,-4,18,-4,19,-4,19,-5,19,-4,20"
46.330804109573364,801,"CSI,2671,128,83,49,21,0,-1,7,1,12,5,15,6,15,5,13,5,14,3,12,-2,10,-2,14,2,16,5,12,5,8,4,7,5,5,7,4,7,3,7,0,6,-1,6,0,8,1,8,1,6,0,4,0,4,-1,5,-4,1,-2,0,0,0,0,0,0,0,0,0,0,0,0,0,0,0,0,0,0,-3,-1,-9,-3,-8,-7,-8,-10,-8,-10,-7,-8,-6,-7,-3,-6,-2,-3,-1,0,0,1,-1,3,-3,6,-6,7,-9,6,-12,6,-14,8,-13,11,-15,11,-17,8,-19,7,-21,8,-21,7,-17,4,-13,-1,-12,-2,-12,0"
46.43436598777771,802,"CSI,2674,128,83,49,21,0,1,-12,1,-20,1,-22,2,-21,1,-22,1,-25,-1,-24,-2,-21,1,-19,5,-18,5,-17,2,-14,1,-12,0,-11,-3,-8,-6,-2,-8,0,-11,-2,-12,-4,-11,-4,-12,-3,-12,-3,-12,-4,-11,-3,-10,-2,-3,-1,0,0,0,0,0,0,0,0,0,0,0,0,0,0,0,0,0,0,0,3,1,13,2,12,1,12,0,10,1,9,3,10,2,9,1,6,3,4,7,3,11,2,16,2,20,0,22,-3,24,-5,28,-4,29,0,28,1,28,1,27,3,26,7,24,10,20,9,19,6,18,4,18,0"
46.54834175109863,803,"CSI,729,128,101,81,22,0,-16,-19,-16,-19,-17,-18,-17,-17,-16,-17,-16,-17,-17,-17,-18,-17,-18,-17,-18,-17,-18,-16,-18,-16,-18,-16,-18,-15,-18,-16,-17,-16,-16,-16,-16,-16,-15,-16,-14,-15,-13,-14,-13,-14,-12,-14,-11,-13,-11,-14,-3,-4,0,0,0,0,0,0,0,0,0,0,0,0,0,0,0,0,0,0,-4,-3,-14,-11,-14,-11,-14,-13,-14,-13,-14,-14,-15,-15,-15,-16,-15,-17,-15,-18,-14,-18,-14,-19,-14,-20,-14,-20,-14,-20,-14,-20,-14,-20,-14,-20,-14,-20,-14,-19,-14,-18,-15,-18,-15,-19,-16,-19,-16,-19,-17,-19,-18,-19"
46.62565493583679,804,"CSI,730,128,101,81,22,0,-17,-12,-17,-12,-18,-11,-18,-10,-17,-10,-17,-10,-18,-10,-18,-10,-18,-10,-18,-10,-18,-9,-18,-9,-18,-9,-18,-9,-18,-8,-17,-9,-16,-9,-16,-10,-15,-10,-14,-9,-14,-9,-13,-8,-13,-8,-12,-8,-11,-9,-3,-3,0,0,0,0,0,0,0,0,0,0,0,0,0,0,0,0,0,0,-3,-2,-13,-6,-13,-7,-13,-7,-13,-8,-14,-8,-14,-9,-15,-10,-15,-10,-15,-11,-15,-11,-15,-12,-15,-13,-15,-13,-15,-13,-15,-13,-16,-13,-16,-13,-16,-13,-16,-12,-16,-11,-17,-11,-17,-12,-17,-12,-17,-12,-18,-12,-19,-12"
46.80006408691406,805,"CSI,2739,128,83,49,21,0,-3,9,-4,14,-3,15,-4,13,-4,10,-3,10,-2,6,0,0,-2,0,-3,3,-3,3,-4,3,-4,2,0,0,2,1,3,2,4,4,3,3,1,2,1,2,3,2,5,2,4,5,2,5,1,3,0,0,0,0,0,0,0,0,0,0,0,0,0,0,0,0,0,0,0,0,-2,-1,-6,-3,-5,-4,-4,-5,-3,-6,-3,-7,-4,-5,-4,-3,-4,-2,-5,-2,-6,-1,-7,1,-8,3,-9,2,-10,0,-12,1,-13,0,-12,-2,-10,-2,-9,2,-8,2,-10,-1,-10,-2,-9,1,-8,4,-7,4,-5,4"
46.84241795539856,806,"CSI,2690,128,83,49,21,0,-13,5,-12,5,-10,7,-7,3,-6,-3,-6,-6,-2,-10,4,-14,1,-18,-4,-19,-6,-19,-5,-17,-4,-15,-3,-14,-4,-15,-3,-12,2,-8,3,-6,2,-5,1,-4,1,-2,2,0,3,1,4,1,5,2,1,0,0,0,0,0,0,0,0,0,0,0,0,0,0,0,0,0,0,0,1,-1,5,-1,6,0,6,2,5,3,5,2,4,4,1,7,1,6,0,4,1,3,2,4,0,5,-2,7,-4,7,-4,7,-5,9,-6,7,-8,5,-9,6,-12,5,-17,5,-18,7,-16,8,-13,9,-9,10,-8,10"
46.945679903030396,807,"CSI,2694,128,83,49,21,0,-1,2,-2,3,-4,2,-5,-2,-5,-5,-8,-6,-9,-8,-8,-9,-11,-9,-14,-7,-13,-5,-13,-7,-14,-8,-14,-7,-10,-5,-6,-5,-7,-4,-6,-4,-3,-3,0,-1,0,0,1,-3,2,-6,2,-7,3,-6,1,-2,0,0,0,0,0,0,0,0,0,0,0,0,0,0,0,0,0,0,1,1,5,3,5,-1,6,-3,6,-3,4,-1,6,1,7,2,4,2,1,3,1,5,0,7,-3,6,-5,5,-5,5,-5,6,-6,7,-8,7,-10,6,-9,10,-7,13,-6,13,-7,13,-6,14,-5,13,-6,11,-5,11"
47.15044093132019,808,"CSI,2702,128,83,49,21,0,-4,0,-4,-3,-3,-5,-2,-7,0,-8,0,-9,-1,-9,0,-9,0,-13,-2,-15,-4,-13,-4,-12,-3,-12,-2,-10,-2,-10,-3,-7,-3,-3,-1,-1,-1,1,-2,3,-2,2,-1,1,0,1,2,3,2,5,0,1,0,0,0,0,0,0,0,0,0,0,0,0,0,0,0,0,0,0,0,-3,2,-11,4,-9,5,-7,4,-6,4,-6,3,-4,3,-1,2,1,0,3,0,4,0,3,0,5,-4,8,-5,10,-4,9,-7,9,-9,11,-8,12,-6,12,-5,14,-4,14,-5,14,-6,15,-4,14,-3,11,-2,9"
47.355249881744385,809,"CSI,2711,128,83,49,21,0,0,-1,-5,4,-6,7,-6,8,-7,10,-10,12,-9,11,-7,10,-8,11,-9,10,-7,9,-4,8,-3,10,-3,10,-3,8,-4,4,-4,2,-2,0,-1,-2,-3,-3,-5,-4,-4,-4,-4,-3,-4,-4,-4,-6,-1,-2,0,0,0,0,0,0,0,0,0,0,0,0,0,0,0,0,0,0,-1,-3,-2,-10,-2,-8,-3,-7,-4,-5,-2,-4,-1,-4,0,-5,0,-4,1,-2,2,0,4,2,9,2,11,5,10,8,11,9,11,9,12,8,13,5,14,3,13,3,15,1,16,0,14,1,13,0,11,1,10,2"
47.45812487602234,810,"CSI,2715,128,83,49,21,0,0,-3,-5,-5,-8,-5,-10,-7,-12,-10,-11,-12,-13,-15,-18,-18,-18,-15,-14,-12,-12,-11,-11,-9,-10,-9,-9,-10,-8,-11,-7,-10,-4,-6,-1,-1,0,1,0,0,0,2,3,2,4,2,3,3,3,4,1,1,0,0,0,0,0,0,0,0,0,0,0,0,0,0,0,0,0,0,-2,-2,-6,-5,-7,-6,-7,-6,-7,-6,-5,-6,-1,-3,1,-1,2,0,2,1,2,3,4,5,4,7,5,11,6,13,7,14,8,15,8,16,9,17,10,18,8,16,7,14,8,14,8,14,6,11,2,6,-1,3"
47.55970907211304,811,"CSI,2718,128,83,49,21,0,-3,11,1,13,4,14,3,14,3,16,6,17,7,15,4,13,1,15,1,17,1,16,1,16,1,13,0,9,1,8,0,8,-1,6,0,4,0,2,-1,2,0,2,2,3,3,3,6,2,9,2,2,0,0,0,0,0,0,0,0,0,0,0,0,0,0,0,0,0,0,0,-3,0,-11,2,-10,0,-9,0,-8,2,-8,3,-6,1,-4,1,-4,1,-3,2,-3,4,-2,8,-1,9,-2,10,-4,13,-8,15,-11,16,-12,17,-12,15,-13,13,-14,15,-14,16,-14,14,-14,11,-13,11,-11,12,-10,12"
47.66243290901184,812,"CSI,2722,128,83,49,21,0,-2,0,-1,4,0,5,3,7,6,12,6,14,8,16,12,16,11,17,9,18,8,16,7,12,7,11,6,9,4,7,3,5,4,4,5,1,4,-1,1,-3,0,-4,0,-4,-3,-4,-6,-4,-8,-4,-2,-1,0,0,0,0,0,0,0,0,0,0,0,0,0,0,0,0,0,0,0,2,0,11,0,11,1,12,0,11,-1,8,-2,6,-4,6,-4,6,-3,4,-3,1,-3,-2,-3,-5,-5,-9,-4,-13,-2,-16,-2,-19,-1,-21,2,-23,3,-23,1,-24,-2,-26,-2,-27,1,-24,3,-21,1,-19,-1,-19"
47.86745285987854,813,"CSI,2731,128,83,49,21,0,-5,-3,1,-5,7,-6,10,-8,10,-8,11,-7,9,-9,7,-13,8,-11,10,-9,11,-11,11,-12,9,-11,6,-11,3,-11,2,-8,1,-5,0,-3,-2,-1,-3,0,-3,0,-3,0,-4,1,-3,4,-2,6,-1,1,0,0,0,0,0,0,0,0,0,0,0,0,0,0,0,0,0,0,2,1,8,5,6,5,7,5,9,8,9,9,7,7,4,5,2,2,2,3,2,3,-1,1,-4,2,-9,2,-11,-2,-13,-3,-16,-4,-18,-6,-17,-6,-17,-5,-19,-3,-21,-3,-20,-4,-19,-1,-19,3,-19,3,-17,1"
47.96978497505188,814,"CSI,2735,128,83,49,21,0,-5,2,0,-1,4,-3,8,-5,11,-6,13,-7,15,-7,13,-4,15,-3,18,-6,16,-8,14,-9,12,-9,9,-9,6,-8,7,-8,5,-6,2,-3,1,0,-1,1,-3,1,-3,1,-5,1,-7,3,-8,5,-2,1,0,0,0,0,0,0,0,0,0,0,0,0,0,0,0,0,0,0,2,-2,9,-7,9,-9,8,-8,9,-7,10,-7,8,-6,6,-5,6,-4,8,-1,5,0,-1,0,-6,2,-7,5,-7,6,-12,6,-16,5,-17,6,-20,7,-22,10,-19,12,-18,10,-20,6,-19,5,-19,7,-21,7,-18,4"
48.0718629360199,815,"CSI,2738,128,83,49,21,0,10,4,6,0,2,-3,1,-7,-1,-9,-3,-11,-1,-15,4,-15,7,-16,5,-18,2,-18,3,-18,1,-18,0,-16,3,-12,3,-9,2,-8,1,-8,-1,-6,-1,-2,-2,0,-4,2,-3,3,-2,5,-2,7,-1,2,0,0,0,0,0,0,0,0,0,0,0,0,0,0,0,0,0,0,-1,1,-4,7,-5,8,-5,9,-6,11,-6,10,-6,5,-8,4,-9,3,-6,2,-2,2,-1,3,0,5,3,4,7,2,10,2,12,2,16,2,20,6,24,11,26,13,24,14,21,14,21,14,21,15,19,13,19,9"
48.17560410499573,816,"CSI,2742,128,83,49,21,0,7,-3,4,-4,1,-6,-4,-7,-9,-9,-12,-11,-12,-12,-10,-14,-11,-17,-14,-17,-15,-13,-14,-13,-12,-13,-11,-13,-10,-11,-8,-8,-5,-6,-3,-4,-2,-2,-4,0,-3,2,1,2,3,1,1,4,1,6,0,1,0,0,0,0,0,0,0,0,0,0,0,0,0,0,0,0,0,0,-3,1,-8,7,-6,6,-9,5,-9,5,-9,2,-8,-1,-6,-1,-5,-1,-3,-2,1,-4,4,-5,6,-3,9,-2,11,-3,13,-3,15,-1,17,1,19,4,21,5,22,3,22,3,22,4,22,6,20,6,18,3,16,2"
48.27683091163635,817,"CSI,2746,128,83,49,21,0,-4,2,1,1,7,1,11,1,17,0,19,1,16,1,11,-1,13,1,16,5,16,6,15,3,14,2,13,0,11,-2,9,-1,6,0,3,-1,3,-3,1,-4,-3,-4,-4,-5,-5,-3,-6,-1,-6,-3,-2,-2,0,0,0,0,0,0,0,0,0,0,0,0,0,0,0,0,0,0,1,-3,4,-9,5,-8,5,-9,6,-9,6,-6,6,-7,6,-7,5,-4,2,-1,-3,-2,-7,-1,-9,0,-12,1,-14,3,-16,6,-18,6,-21,7,-24,8,-27,7,-27,6,-27,6,-24,4,-21,2,-21,1,-19,3,-16,5"
48.33850693702698,818,"CSI,2664,128,75,-79,20,0,-11,6,-7,8,-4,12,-2,12,0,12,3,17,2,19,-3,14,-7,14,-8,18,-7,17,-7,13,-8,10,-9,10,-7,11,-4,11,-2,7,-1,5,0,3,1,4,2,3,2,1,2,2,5,4,7,4,1,0,0,0,0,0,0,0,0,0,0,0,0,0,0,0,0,0,0,0,-3,0,-12,-1,-13,-3,-12,-5,-10,-7,-8,-7,-6,-6,-6,-7,-7,-5,-7,-2,-7,1,-6,3,-7,5,-10,9,-12,9,-15,7,-19,9,-21,9,-24,7,-27,7,-27,8,-26,7,-26,7,-27,4,-22,3,-18,6,-16,9"
48.36888003349304,819,"CSI,2665,128,75,-79,20,0,7,8,10,7,11,4,10,2,12,0,15,-3,15,-3,13,-2,15,-1,19,-1,19,-2,17,-4,15,-5,14,-5,13,-4,11,-4,7,-5,5,-4,3,-3,1,-3,-1,-3,-2,-4,-4,-6,-5,-7,-5,-5,-1,-1,0,0,0,0,0,0,0,0,0,0,0,0,0,0,0,0,0,0,-4,0,-13,-1,-13,-3,-14,-4,-14,-6,-14,-6,-12,-6,-10,-5,-7,-5,-3,-1,0,5,0,8,-1,9,-1,10,-1,13,-1,17,-1,20,-3,21,-5,23,-7,25,-7,26,-6,26,-5,25,-5,21,-6,18,-6,17,-8,16"
48.48334193229675,820,"CSI,2755,128,83,49,21,0,-1,6,2,8,4,8,7,8,10,11,12,14,15,14,18,13,15,10,10,9,11,10,12,10,9,7,5,3,3,0,2,0,0,0,0,-3,-2,-8,-2,-8,-1,-7,-3,-4,-5,-3,-3,-4,-1,-3,0,-1,0,0,0,0,0,0,0,0,0,0,0,0,0,0,0,0,0,0,2,-1,9,-2,10,-2,9,-1,10,1,11,2,8,3,3,4,3,1,2,-1,-3,1,-8,0,-13,-2,-17,-3,-19,-4,-19,-7,-21,-10,-22,-10,-23,-10,-25,-12,-26,-14,-24,-13,-20,-10,-18,-9,-16,-11,-14,-9,-11,-3"
48.58669710159302,821,"CSI,2758,128,83,49,21,0,-1,4,3,0,4,-3,2,-5,2,-10,2,-13,0,-17,-2,-22,-2,-24,-1,-23,-1,-21,-1,-18,-1,-16,0,-14,0,-11,1,-7,2,-6,0,-4,-1,-2,-1,0,-1,3,1,6,3,6,2,6,1,6,0,1,0,0,0,0,0,0,0,0,0,0,0,0,0,0,0,0,0,0,0,-2,3,-7,3,-8,4,-7,6,-6,8,-7,7,-6,5,-4,5,-3,6,0,5,3,2,5,0,9,-3,12,-6,12,-8,15,-10,18,-13,16,-15,16,-16,17,-15,20,-15,23,-15,21,-12,19,-8,16,-5,14,-4,15"
48.617449045181274,822,"CSI,2667,128,77,-47,20,0,0,-7,-1,-2,-3,3,-6,8,-8,12,-10,15,-12,15,-15,13,-13,14,-11,18,-10,19,-8,18,-6,17,-6,15,-4,13,-2,9,-2,6,-1,3,0,-2,2,-4,1,-4,1,-5,2,-5,1,-5,0,-8,0,-3,0,0,0,0,0,0,0,0,0,0,0,0,0,0,0,0,0,0,-2,1,-8,6,-10,4,-10,2,-10,1,-10,1,-10,1,-10,0,-8,-2,-5,-4,-2,-4,0,-5,1,-7,5,-7,11,-7,14,-10,14,-12,15,-11,18,-11,20,-15,20,-16,18,-16,17,-16,15,-16,15,-14,14,-12,12,-12"
48.649163007736206,823,"CSI,2668,128,77,-47,20,0,7,0,2,-2,-3,-5,-7,-7,-12,-9,-15,-11,-15,-16,-13,-19,-14,-17,-15,-13,-15,-13,-14,-12,-10,-9,-7,-7,-8,-7,-7,-6,-4,-3,-1,0,1,1,2,1,3,1,3,2,3,3,5,3,7,2,2,0,0,0,0,0,0,0,0,0,0,0,0,0,0,0,0,0,0,0,-2,-2,-6,-8,-6,-9,-4,-10,-3,-11,-3,-9,0,-5,3,-5,4,-7,2,-6,2,-3,4,-1,4,0,7,3,8,11,8,18,11,22,12,22,11,21,12,21,12,23,12,25,11,25,11,21,12,18,12,17,8,14"
48.686760902404785,824,"CSI,2763,128,83,49,21,0,0,9,1,5,2,-1,3,-7,4,-10,8,-13,8,-16,4,-17,6,-18,10,-20,12,-19,10,-17,8,-17,7,-15,5,-13,3,-10,2,-8,0,-6,0,-4,-2,-3,-4,-2,-4,0,-5,1,-6,3,-4,5,-1,1,0,0,0,0,0,0,0,0,0,0,0,0,0,0,0,0,0,0,-3,-1,-9,-5,-8,-7,-6,-9,-6,-11,-5,-12,-4,-11,-4,-9,-2,-5,1,-2,4,-1,4,3,3,7,2,9,3,11,3,16,1,18,-2,17,-2,17,-1,22,2,25,1,25,0,25,-1,24,0,22,1,19,0,17"
48.79002594947815,825,"CSI,2766,128,83,49,21,0,-2,-2,-2,5,-3,9,-3,10,-3,13,-6,17,-4,20,-1,25,-4,24,-6,21,-5,21,-2,19,-1,15,-2,11,-2,9,-2,8,0,4,2,1,2,1,3,1,3,-2,3,-6,1,-6,0,-7,-1,-9,-1,-3,0,0,0,0,0,0,0,0,0,0,0,0,0,0,0,0,0,0,-3,2,-8,9,-7,7,-7,5,-9,6,-8,6,-8,6,-7,5,-7,1,-6,-3,-3,-5,-2,-5,0,-7,5,-10,9,-13,11,-15,13,-16,15,-17,17,-20,16,-22,14,-21,14,-22,15,-23,15,-20,13,-18,9,-17,7,-14"
48.89126682281494,826,"CSI,2771,128,83,49,21,0,-8,0,-4,1,0,4,4,6,8,5,10,4,15,3,20,4,21,6,16,8,13,11,12,13,11,11,9,8,9,7,9,6,8,4,5,1,2,-2,0,-4,2,-5,2,-5,0,-8,-2,-7,-4,-6,-1,-2,0,0,0,0,0,0,0,0,0,0,0,0,0,0,0,0,0,0,-1,-2,-1,-5,2,-6,5,-8,7,-9,8,-8,9,-6,10,-5,9,-2,8,-1,6,-1,2,-2,-4,0,-7,4,-9,4,-12,2,-14,2,-16,1,-20,-1,-24,-3,-26,-3,-26,-2,-26,-2,-25,-3,-25,-3,-25,-1,-22,1"
48.939728021621704,827,"CSI,2669,128,77,-47,20,0,-11,5,-5,3,0,1,3,-3,7,-5,11,-4,15,-6,21,-12,21,-11,18,-8,19,-6,19,-4,17,-6,15,-7,12,-7,10,-6,6,-5,3,-5,0,-4,-2,-5,-2,-4,-3,-4,-6,-4,-7,-1,-7,1,-2,0,0,0,0,0,0,0,0,0,0,0,0,0,0,0,0,0,0,0,0,-3,0,-12,-1,-14,0,-14,2,-13,4,-12,4,-12,3,-12,2,-9,2,-6,3,-4,3,-3,0,-1,-3,3,-4,5,-6,7,-11,9,-15,12,-15,16,-15,18,-18,16,-19,14,-19,13,-20,13,-20,15,-19,17,-18,17"
48.99580693244934,828,"CSI,2774,128,83,49,21,0,-3,7,1,3,5,-1,8,-3,9,-2,12,-1,14,-3,13,-7,13,-5,15,-3,14,-4,14,-4,15,-4,14,-3,12,-3,8,-2,5,-2,2,-5,2,-7,1,-6,-2,-3,-3,-3,-4,-4,-6,-3,-6,-2,-2,-1,0,0,0,0,0,0,0,0,0,0,0,0,0,0,0,0,0,0,0,-2,-1,-9,-2,-11,-3,-12,-2,-12,0,-13,1,-11,0,-9,0,-8,2,-6,2,-4,-1,0,-3,4,-3,6,-5,8,-8,10,-11,12,-15,16,-16,19,-15,21,-16,20,-18,19,-19,19,-20,20,-19,21,-19,18,-22,15"
49.03937387466431,829,"CSI,2670,128,77,-47,20,0,-3,-9,-4,-6,-8,-3,-10,2,-12,6,-15,9,-18,11,-20,13,-17,12,-16,8,-17,8,-15,8,-13,7,-14,7,-13,7,-10,5,-7,4,-5,5,-4,6,-3,8,-2,6,0,3,2,4,1,5,3,4,1,1,0,0,0,0,0,0,0,0,0,0,0,0,0,0,0,0,0,0,0,-2,4,-8,6,-7,9,-5,11,-4,11,-3,10,-2,11,-1,10,0,5,0,1,-2,-1,-4,-3,-4,-3,-6,-6,-9,-8,-11,-7,-14,-6,-18,-7,-21,-9,-23,-10,-24,-9,-26,-8,-26,-5,-24,-4,-22,-3,-20,-3,-17"
49.082414865493774,830,"CSI,2672,128,77,-47,20,0,-4,8,0,4,3,1,6,-3,9,-8,11,-14,14,-18,17,-20,14,-22,12,-21,13,-18,12,-15,10,-14,9,-13,8,-13,8,-10,5,-7,1,-5,-4,-5,-5,-5,-4,-3,-4,-1,-6,2,-10,3,-11,2,-3,0,0,0,0,0,0,0,0,0,0,0,0,0,0,0,0,0,0,0,-3,-2,-8,-7,-7,-7,-7,-8,-6,-12,-6,-14,-6,-14,-5,-12,-3,-10,-2,-8,-2,-6,-1,-2,0,3,0,6,-2,8,-4,11,-3,15,-1,18,-4,20,-8,23,-9,25,-10,23,-10,21,-9,21,-8,22,-8,25,-10,28"
49.113462924957275,831,"CSI,2778,128,83,49,21,0,9,-3,3,-4,-2,-5,-8,-5,-14,-5,-17,-4,-19,-2,-19,1,-19,0,-21,-1,-22,-3,-19,-2,-15,1,-12,2,-13,-1,-12,-3,-7,-2,-2,0,0,3,-1,6,2,5,5,4,6,3,7,1,6,-1,1,-1,0,0,0,0,0,0,0,0,0,0,0,0,0,0,0,0,0,0,-2,0,-8,2,-9,3,-10,4,-11,3,-12,4,-13,4,-12,1,-10,-1,-8,-2,-4,-3,1,-3,5,-3,7,-3,10,-1,14,2,16,1,18,0,20,-1,22,-2,24,-2,26,-2,26,-1,24,-1,23,-1,21,0,17,2"
49.19894003868103,832,"CSI,2782,128,83,49,21,0,-8,1,-4,2,-1,3,3,6,5,10,5,15,3,20,3,24,6,22,7,17,5,16,4,15,3,12,1,12,0,11,-1,7,-1,3,-2,0,1,-1,4,-1,5,-3,4,-4,4,-5,5,-5,5,-4,1,-1,0,0,0,0,0,0,0,0,0,0,0,0,0,0,0,0,0,0,-2,-2,-6,-7,-3,-9,-3,-9,-4,-10,-2,-10,-1,-7,-2,-4,-4,-3,-4,-2,-3,-2,-3,-2,-5,0,-8,3,-12,6,-14,6,-14,3,-14,2,-17,1,-20,2,-22,1,-25,-1,-25,-2,-22,-2,-20,0,-20,3,-20,4"
49.301831007003784,833,"CSI,2786,128,83,49,21,0,-7,6,-3,5,1,5,5,6,11,6,14,6,18,4,22,2,19,5,18,6,19,7,18,8,15,8,12,7,12,3,11,1,8,2,6,2,4,-1,3,-3,1,-5,-1,-5,-2,-3,-3,-3,-4,-4,-1,-2,0,0,0,0,0,0,0,0,0,0,0,0,0,0,0,0,0,0,-1,-2,-1,-6,-3,-7,-3,-8,-2,-10,-3,-11,-2,-10,1,-9,2,-9,1,-8,-2,-6,-2,-2,-3,1,-4,4,-6,6,-10,7,-14,9,-17,10,-18,12,-18,13,-19,14,-22,15,-25,15,-27,13,-24,11,-20,10,-18,9"
49.404892921447754,834,"CSI,2791,128,83,49,21,0,-8,-1,-7,4,-5,9,-1,11,0,14,0,18,-2,19,-5,16,-3,16,-1,17,-2,15,-1,13,1,13,2,12,3,9,6,6,6,5,4,1,4,-1,4,-2,5,-2,6,-3,4,-4,1,-5,0,-6,0,-2,0,0,0,0,0,0,0,0,0,0,0,0,0,0,0,0,0,0,1,-2,7,-5,9,-2,11,-1,12,-1,11,-1,8,0,7,-1,4,0,3,0,3,1,0,0,-5,-3,-8,-5,-10,-7,-11,-10,-15,-10,-17,-10,-18,-13,-21,-16,-19,-17,-16,-18,-13,-21,-11,-20,-11,-15,-13,-11,-15,-9"
49.506915807724,835,"CSI,2794,128,83,49,21,0,4,-7,1,-7,-2,-10,-5,-16,-8,-19,-7,-19,-8,-18,-14,-17,-15,-14,-12,-14,-8,-13,-6,-11,-6,-12,-4,-12,-3,-10,-4,-7,-3,-5,-3,-3,-4,0,-4,3,-4,6,-4,6,-2,6,-2,6,-2,6,-1,1,0,0,0,0,0,0,0,0,0,0,0,0,0,0,0,0,0,0,-2,1,-7,6,-7,7,-9,5,-9,3,-8,1,-8,-1,-8,-2,-6,-1,-4,-1,-1,-1,3,-2,6,-2,9,-3,12,-4,15,-1,18,1,20,3,21,5,23,4,24,6,25,8,23,9,19,8,17,6,16,5,13,3"
49.60998797416687,836,"CSI,2799,128,83,49,21,0,2,2,3,-2,4,-7,5,-14,7,-17,6,-16,8,-15,13,-15,13,-16,9,-18,8,-16,6,-13,2,-10,1,-7,2,-8,2,-8,-1,-3,-4,3,-3,4,-4,3,-5,4,-5,5,-4,5,-4,4,-4,4,-1,0,0,0,0,0,0,0,0,0,0,0,0,0,0,0,0,0,0,0,-1,-3,-1,-12,0,-13,-1,-14,-1,-13,-1,-10,0,-8,1,-7,0,-5,-2,-4,0,-1,1,4,-1,8,-1,12,0,15,-3,18,-3,20,-3,21,-6,22,-7,22,-9,22,-10,23,-9,22,-7,17,-5,15,-5,13,-4,10"
49.710155725479126,837,"CSI,2803,128,83,49,21,0,-2,0,3,-5,6,-7,7,-9,8,-11,12,-13,12,-15,7,-18,4,-19,6,-18,7,-17,8,-15,8,-15,4,-13,2,-12,3,-11,3,-8,1,-4,0,-1,0,3,2,4,3,3,3,4,3,5,0,5,-1,1,0,0,0,0,0,0,0,0,0,0,0,0,0,0,0,0,0,0,2,0,10,3,10,4,9,4,9,4,7,3,5,5,4,6,2,5,-3,5,-4,3,-6,2,-7,2,-9,2,-14,1,-19,0,-21,-1,-22,0,-24,0,-26,0,-27,3,-26,4,-23,0,-20,-2,-18,1,-18,2,-18,-1"
49.81486392021179,838,"CSI,2807,128,83,49,21,0,6,-6,-1,-2,-6,1,-11,4,-13,5,-13,6,-15,7,-19,9,-18,11,-15,13,-13,16,-15,16,-16,12,-14,10,-9,10,-6,8,-5,7,-5,6,-2,3,3,1,4,-1,3,-2,4,-6,5,-8,4,-6,1,-1,0,0,0,0,0,0,0,0,0,0,0,0,0,0,0,0,0,0,-2,1,-6,7,-7,8,-9,7,-10,6,-10,6,-8,5,-6,3,-7,0,-7,-1,-5,-2,-3,-2,1,-3,5,-6,9,-7,13,-8,16,-10,16,-11,16,-11,18,-13,21,-14,26,-15,26,-14,22,-12,18,-15,19,-16,20,-13"
49.91674184799194,839,"CSI,2810,128,83,49,21,0,-1,5,-2,2,-4,-3,-8,-7,-8,-11,-6,-16,-4,-17,-3,-14,-5,-17,-7,-20,-8,-19,-7,-19,-8,-19,-10,-15,-10,-14,-7,-14,-3,-10,-3,-5,-2,-3,-1,-3,2,-1,4,3,4,6,6,5,7,4,1,1,0,0,0,0,0,0,0,0,0,0,0,0,0,0,0,0,0,0,2,-3,7,-11,6,-11,4,-11,4,-9,5,-7,4,-6,3,-5,3,-4,3,-3,4,1,4,3,3,5,-1,7,-4,10,-6,13,-7,16,-6,19,-5,21,-5,22,-5,23,-7,27,-8,30,-5,28,-2,26,-3,22,-1,20"
50.01906490325928,840,"CSI,2814,128,83,49,21,0,-2,13,2,8,5,4,8,2,9,-1,11,-4,12,-6,10,-8,12,-8,17,-6,18,-6,18,-6,19,-6,16,-6,12,-8,11,-7,8,-4,3,-1,2,-2,3,-2,0,-2,-2,-4,-5,-4,-7,-3,-7,-5,-2,-2,0,0,0,0,0,0,0,0,0,0,0,0,0,0,0,0,0,0,-3,-1,-12,-2,-12,-3,-12,-5,-11,-7,-11,-7,-10,-6,-7,-6,-5,-5,-2,-4,0,-1,0,-1,1,-1,2,3,2,10,2,14,1,16,-2,18,-3,19,-2,22,-1,25,-2,25,-7,23,-8,22,-8,23,-8,24,-7,24"
50.12106680870056,841,"CSI,2819,128,83,49,21,0,-3,-7,-6,-7,-7,-4,-9,-4,-12,-5,-15,-5,-17,-6,-15,-8,-15,-5,-16,-2,-16,0,-16,0,-14,-3,-13,-3,-13,-3,-12,-3,-9,-1,-5,1,-2,0,-3,0,-3,1,0,4,3,6,4,5,4,4,0,1,0,0,0,0,0,0,0,0,0,0,0,0,0,0,0,0,0,0,1,1,7,7,6,6,6,6,6,7,6,6,4,4,1,3,1,2,0,-1,-1,-5,1,-6,2,-8,4,-11,5,-13,7,-13,7,-14,8,-16,10,-15,11,-15,11,-16,12,-16,14,-16,15,-14,14,-10,10,-10,6,-11"
50.22288703918457,842,"CSI,2823,128,83,49,21,0,-3,8,-3,8,0,11,2,14,2,17,3,17,0,15,-5,12,-4,13,0,15,1,16,2,18,2,15,0,11,0,10,2,11,2,8,1,5,2,3,2,1,2,-1,3,-3,2,-4,2,-4,4,-3,1,-1,0,0,0,0,0,0,0,0,0,0,0,0,0,0,0,0,0,0,-3,-2,-10,-6,-10,-7,-8,-8,-5,-10,-5,-9,-4,-7,-4,-6,-4,-5,-3,-2,-4,0,-6,3,-7,5,-10,6,-15,7,-19,9,-20,8,-20,6,-22,5,-23,3,-22,0,-23,-3,-23,-3,-18,-1,-17,1,-19,3,-19,4"
50.32512092590332,843,"CSI,2826,128,83,49,21,0,-2,0,2,5,4,9,6,10,6,13,3,15,4,17,9,20,9,18,7,13,4,12,2,11,2,11,4,10,3,9,2,5,2,2,3,0,3,-1,3,-2,3,-3,4,-5,4,-6,2,-5,2,-6,0,-2,0,0,0,0,0,0,0,0,0,0,0,0,0,0,0,0,0,0,0,-2,1,-8,0,-9,2,-10,3,-10,3,-8,4,-7,3,-6,3,-5,2,-4,-3,-1,-8,0,-11,-1,-11,2,-12,3,-15,0,-18,-2,-20,-2,-23,-3,-23,-4,-22,-4,-23,-5,-24,-5,-22,-5,-21,-4,-20,-3,-18,0"
50.42765188217163,844,"CSI,2830,128,83,49,21,0,-7,9,-5,12,-2,15,0,19,0,20,-2,20,0,19,3,19,0,19,-3,16,-4,14,-4,15,-3,12,-3,6,-1,5,3,5,4,4,4,5,5,5,6,2,6,1,5,1,5,1,6,-1,6,-4,1,-2,0,0,0,0,0,0,0,0,0,0,0,0,0,0,0,0,0,0,0,-3,0,-11,-1,-9,-1,-8,0,-9,1,-9,1,-5,0,-2,-2,-1,-3,1,-5,3,-9,3,-16,2,-21,2,-21,1,-20,-2,-23,-4,-24,-4,-24,-3,-24,-4,-22,-7,-21,-9,-19,-8,-17,-5,-12,-4,-11,-5,-14,-5"
50.53187894821167,845,"CSI,2835,128,83,49,21,0,-10,-4,-11,0,-13,4,-14,6,-13,8,-14,9,-15,6,-16,0,-19,0,-19,1,-16,1,-14,2,-14,2,-11,0,-7,0,-7,1,-8,0,-5,1,0,4,3,5,2,5,2,7,3,8,3,6,1,3,0,0,0,0,0,0,0,0,0,0,0,0,0,0,0,0,0,0,0,0,1,-2,6,-6,8,-7,8,-5,6,-2,3,-2,1,-3,-1,-2,-2,-3,-4,-5,-6,-9,-8,-13,-10,-14,-10,-14,-10,-16,-11,-20,-9,-21,-7,-21,-9,-20,-10,-19,-8,-17,-6,-15,-5,-15,-6,-15,-7,-13,-9,-11,-9,-10"
50.630117893218994,846,"CSI,2839,128,83,49,21,0,-3,11,1,10,6,8,9,7,11,8,11,7,11,5,8,5,9,6,13,7,13,9,12,10,12,9,10,9,8,7,4,5,2,5,2,3,4,-2,5,-4,3,-4,3,-5,3,-6,3,-7,4,-8,1,-2,0,0,0,0,0,0,0,0,0,0,0,0,0,0,0,0,0,0,-2,1,-7,3,-7,1,-8,0,-9,0,-9,0,-6,-1,-3,-1,0,0,1,0,1,2,1,4,0,6,0,10,1,14,1,14,-1,14,-3,15,-4,17,-6,17,-7,16,-7,19,-7,19,-8,17,-8,15,-8,13,-5,11"
50.73597693443298,847,"CSI,2842,128,83,49,21,0,1,-2,3,1,5,2,8,2,9,0,10,-3,16,-4,20,-1,17,0,14,-3,13,-7,12,-11,10,-10,10,-6,8,-4,6,-4,5,-5,3,-4,-1,-1,-1,0,0,2,-2,4,-3,5,-1,4,0,3,0,0,0,0,0,0,0,0,0,0,0,0,0,0,0,0,0,0,0,0,0,1,0,7,0,7,-2,8,-2,6,-3,3,-4,1,-3,-1,-2,-2,-3,-3,-4,-6,-6,-9,-9,-10,-9,-10,-7,-13,-8,-15,-10,-16,-11,-16,-11,-16,-11,-15,-11,-15,-11,-14,-10,-14,-8,-11,-7,-5,-7,-1,-10,1"
51.04400086402893,848,"CSI,2855,128,83,49,21,0,-13,-7,-10,-9,-4,-11,0,-12,1,-12,1,-12,3,-13,7,-11,8,-12,5,-13,4,-13,4,-15,3,-14,2,-12,-1,-11,-2,-8,-2,-5,1,-4,3,-2,4,-1,4,0,3,2,2,3,3,3,6,1,1,-1,0,0,0,0,0,0,0,0,0,0,0,0,0,0,0,0,0,0,-2,1,-4,5,-2,7,-2,10,-3,10,-3,8,-3,4,-2,2,-2,1,-4,0,-5,-2,-7,-2,-8,-3,-6,-5,-6,-5,-9,-5,-12,-7,-14,-8,-15,-9,-16,-10,-15,-11,-15,-13,-15,-11,-15,-8,-15,-6,-16,-3,-17,1"
51.24593806266785,849,"CSI,2863,128,83,49,21,0,3,1,3,3,4,4,4,6,5,9,3,12,3,9,3,5,1,7,1,11,3,10,4,9,3,9,1,5,-1,3,-1,1,-1,-1,-3,-2,-4,-3,-4,-5,-3,-5,-3,-4,-4,-2,-5,-1,-6,-1,-2,-1,0,0,0,0,0,0,0,0,0,0,0,0,0,0,0,0,0,0,-1,1,-2,6,-3,9,-3,9,-3,5,-3,3,-2,2,-2,0,-1,-2,2,-4,2,-6,0,-7,1,-8,1,-10,0,-15,2,-20,2,-19,2,-16,3,-16,5,-18,5,-18,4,-15,3,-13,2,-13,1,-13,-1,-11,-3,-4"
51.34854197502136,850,"CSI,2867,128,83,49,21,0,-6,-4,-5,-8,-5,-11,-6,-13,-6,-16,-4,-17,-6,-14,-11,-11,-9,-9,-5,-11,-5,-12,-4,-11,-6,-10,-8,-5,-4,-1,-1,0,0,0,-1,0,0,1,2,0,5,0,6,0,6,-2,6,-2,7,1,1,0,0,0,0,0,0,0,0,0,0,0,0,0,0,0,0,0,0,0,2,0,8,0,7,1,5,1,4,0,5,2,4,3,0,1,-3,1,-4,3,-3,3,-5,4,-8,5,-7,7,-7,7,-12,7,-17,7,-18,8,-18,9,-18,9,-16,8,-13,7,-12,5,-8,4,-6,4,-8,3,-9,2"
51.452556848526,851,"CSI,2871,128,83,49,21,0,-3,-8,-5,-10,-4,-11,-6,-12,-6,-14,-5,-19,-6,-18,-10,-14,-9,-14,-4,-17,-2,-17,-1,-15,-1,-14,-2,-11,-2,-8,-3,-5,-3,-2,-3,2,-5,3,-8,2,-9,1,-9,2,-10,1,-11,1,-12,2,-3,0,0,0,0,0,0,0,0,0,0,0,0,0,0,0,0,0,0,0,1,2,4,11,4,11,3,10,3,7,3,6,2,4,1,1,3,0,6,-1,10,-3,13,-6,11,-8,10,-7,12,-5,16,-3,19,-2,19,-2,19,-3,20,-4,20,-2,17,0,15,0,12,-2,9,-2,6,-3,5,-7"
51.55653691291809,852,"CSI,2874,128,83,49,21,0,-6,-3,-7,2,-7,5,-8,6,-11,7,-14,6,-14,9,-12,11,-13,7,-15,2,-17,-2,-16,-3,-14,-2,-12,-2,-11,-1,-9,0,-6,1,-3,1,-1,1,-3,3,-4,3,-2,2,1,2,2,3,2,4,0,1,0,0,0,0,0,0,0,0,0,0,0,0,0,0,0,0,0,0,0,-2,0,-8,-2,-9,-3,-11,-1,-11,0,-11,2,-10,2,-8,2,-7,1,-7,-3,-8,-8,-9,-10,-9,-11,-6,-15,-7,-17,-8,-16,-10,-15,-13,-16,-15,-17,-14,-14,-12,-9,-12,-8,-15,-9,-15,-8,-14,-8,-13,-9,-11"
51.658283710479736,853,"CSI,2879,128,83,49,21,0,7,-1,11,1,11,1,12,0,15,1,17,1,16,2,12,1,11,1,12,3,12,3,13,2,12,-1,7,-3,4,-4,2,-4,-2,-3,-6,-1,-6,-1,-6,-2,-6,-1,-6,0,-7,-2,-8,-2,-9,-1,-3,0,0,0,0,0,0,0,0,0,0,0,0,0,0,0,0,0,0,0,0,1,1,7,2,8,2,9,1,8,0,5,-2,2,-2,2,-3,2,-3,-1,-4,-5,-5,-7,-7,-9,-11,-13,-11,-16,-12,-17,-14,-19,-14,-19,-12,-17,-13,-17,-15,-18,-16,-18,-13,-17,-10,-15,-9,-13,-10,-12,-7,-10"
51.76352071762085,854,"CSI,2883,128,83,49,21,0,-3,-14,-7,-13,-9,-13,-10,-15,-12,-15,-12,-14,-15,-15,-17,-20,-17,-20,-15,-16,-14,-15,-13,-18,-15,-18,-14,-15,-11,-14,-8,-14,-6,-13,-5,-12,-5,-10,-5,-7,-5,-3,-6,-3,-7,-2,-7,0,-9,0,-3,-1,0,0,0,0,0,0,0,0,0,0,0,0,0,0,0,0,0,0,0,-3,3,-9,4,-10,5,-9,3,-7,1,-6,3,-5,4,-5,2,-6,1,-8,-1,-10,-2,-11,-3,-12,-5,-12,-5,-14,-5,-17,-2,-21,-2,-24,-2,-26,2,-28,4,-27,6,-26,8,-25,8,-24,7,-24,3,-22,0,-19"
51.862452030181885,855,"CSI,2886,128,83,49,21,0,-11,5,-7,7,-4,11,-1,14,-1,17,-4,19,-6,21,-7,24,-6,23,-3,21,-1,20,-1,20,-1,17,-2,15,-4,14,-3,13,-2,11,-3,7,-2,4,0,5,1,6,1,4,2,3,4,2,7,1,2,0,0,0,0,0,0,0,0,0,0,0,0,0,0,0,0,0,0,0,-4,-1,-14,-1,-12,-1,-9,0,-8,1,-10,0,-11,0,-9,1,-7,0,-8,-1,-9,1,-9,7,-9,10,-12,10,-13,11,-14,11,-16,11,-17,12,-19,11,-22,12,-26,14,-27,11,-26,5,-24,3,-22,4,-21,7,-19,9"
51.96612215042114,856,"CSI,2890,128,83,49,21,0,-15,10,-7,13,-1,12,1,11,3,13,6,17,10,22,15,26,15,24,12,20,11,20,10,23,8,24,6,20,4,16,5,15,5,12,4,6,3,3,3,2,4,2,6,-1,7,-4,8,-4,9,-6,2,-2,0,0,0,0,0,0,0,0,0,0,0,0,0,0,0,0,0,0,-4,-2,-13,-8,-13,-8,-14,-9,-15,-9,-15,-10,-13,-12,-10,-13,-8,-11,-5,-8,-6,-7,-10,-4,-10,0,-9,4,-10,8,-14,9,-18,10,-20,11,-21,13,-24,16,-28,16,-30,13,-30,13,-30,12,-32,10,-29,5,-23,-1"
52.06787586212158,857,"CSI,2895,128,83,49,21,0,6,6,8,1,7,-2,8,-6,12,-12,14,-16,12,-20,10,-26,12,-25,14,-21,16,-18,15,-17,15,-17,13,-16,11,-15,10,-13,8,-10,4,-7,-1,-5,-4,-4,-5,-3,-7,-3,-8,-4,-10,-3,-12,-4,-3,-1,0,0,0,0,0,0,0,0,0,0,0,0,0,0,0,0,0,0,-4,0,-13,2,-14,-2,-16,-3,-16,-4,-15,-4,-13,-4,-12,-4,-10,-4,-9,-1,-8,1,-7,2,-5,4,-2,7,1,9,3,12,4,16,4,20,7,23,8,25,6,28,4,29,3,31,4,33,3,33,1,32,0,29"
52.17133402824402,858,"CSI,2898,128,83,49,21,0,-12,-4,-9,0,-4,6,-3,12,-3,17,-3,21,-7,23,-13,26,-12,27,-7,25,-5,23,-6,21,-6,20,-5,19,-5,18,-4,16,-2,11,-1,7,0,6,0,5,2,3,4,0,6,-3,6,-2,7,-2,2,-1,0,0,0,0,0,0,0,0,0,0,0,0,0,0,0,0,0,0,0,-3,2,-11,5,-11,5,-12,6,-12,7,-11,7,-10,5,-10,3,-10,3,-10,3,-8,1,-7,-1,-6,-5,-5,-11,-6,-16,-8,-19,-10,-21,-12,-24,-15,-26,-16,-25,-17,-25,-18,-27,-18,-27,-18,-24,-20,-20,-20,-20,-17"
52.274121046066284,859,"CSI,2903,128,83,49,21,0,11,-10,5,-9,-1,-9,-4,-11,-8,-15,-12,-20,-11,-24,-8,-24,-11,-25,-14,-27,-11,-25,-9,-24,-11,-25,-11,-22,-8,-19,-8,-18,-8,-15,-7,-11,-6,-7,-6,-4,-6,-3,-6,-2,-7,1,-8,3,-7,2,-2,0,0,0,0,0,0,0,0,0,0,0,0,0,0,0,0,0,0,0,1,3,5,13,5,11,7,10,7,11,5,12,5,12,6,11,6,11,3,9,3,7,4,6,5,4,7,0,10,-3,13,-3,18,-4,20,-7,22,-12,28,-13,33,-10,34,-9,32,-7,31,-5,31,-5,30,-7,27,-6"
52.37540102005005,860,"CSI,2907,128,83,49,21,0,-9,0,-9,3,-7,7,-5,10,-3,14,-1,20,2,24,2,23,-3,22,-8,22,-10,22,-7,20,-5,17,-5,17,-4,16,-4,12,-2,9,1,6,3,4,2,3,4,1,7,1,8,1,8,-1,7,-2,1,-1,0,0,0,0,0,0,0,0,0,0,0,0,0,0,0,0,0,0,-2,-3,-5,-13,-4,-13,-3,-13,-3,-14,-2,-13,-2,-12,-3,-12,-3,-12,-2,-10,-2,-8,-4,-5,-8,-2,-11,0,-14,0,-17,1,-19,2,-22,1,-26,-1,-29,-3,-31,-5,-31,-6,-27,-8,-24,-8,-25,-4,-25,-2,-20,-3"
52.47967076301575,861,"CSI,2910,128,83,49,21,0,-12,-5,-16,1,-17,6,-16,7,-16,7,-17,6,-19,6,-20,3,-22,3,-22,5,-19,4,-17,2,-18,2,-17,2,-14,3,-11,4,-8,4,-7,4,-7,3,-4,4,-1,7,0,8,0,8,0,9,0,7,0,1,0,0,0,0,0,0,0,0,0,0,0,0,0,0,0,0,0,0,-1,-4,-3,-14,-2,-14,-2,-15,-2,-15,-1,-14,-1,-13,-2,-11,-3,-10,-5,-8,-5,-4,-7,-3,-10,-5,-13,-7,-15,-9,-16,-10,-18,-13,-21,-15,-23,-16,-23,-19,-20,-20,-20,-21,-20,-23,-16,-23,-14,-19,-12,-15,-12,-13"
52.57625603675842,862,"CSI,2914,128,83,49,21,0,3,10,9,8,13,6,14,5,15,6,17,8,18,9,16,11,17,12,19,12,18,10,17,8,17,8,15,9,13,6,11,3,7,2,4,2,4,1,5,0,5,-3,5,-5,5,-6,4,-7,4,-7,0,-2,0,0,0,0,0,0,0,0,0,0,0,0,0,0,0,0,0,0,-2,1,-6,7,-8,9,-8,10,-10,8,-10,7,-10,7,-8,7,-7,5,-8,4,-7,3,-3,5,2,7,7,9,7,11,4,15,4,18,5,22,5,28,5,31,2,31,-1,31,-3,29,-5,26,-5,26,-2,24,0,20"
52.6807587146759,863,"CSI,2918,128,83,49,21,0,4,-5,-1,-7,-6,-10,-8,-12,-8,-15,-9,-17,-10,-14,-8,-12,-7,-14,-8,-16,-9,-16,-10,-14,-12,-12,-13,-11,-9,-10,-5,-9,-4,-8,-4,-5,-4,-1,-3,2,-2,4,-1,4,-1,6,-2,7,-3,7,-1,1,0,0,0,0,0,0,0,0,0,0,0,0,0,0,0,0,0,0,-1,2,-4,9,-4,8,-5,9,-7,8,-5,5,0,3,2,5,1,7,0,5,2,2,5,0,7,-1,11,-2,16,-2,18,0,20,0,22,1,23,0,23,-1,25,-1,26,2,24,4,21,4,19,3,18,2,16,0"
52.78236985206604,864,"CSI,2923,128,83,49,21,0,8,0,9,-2,8,-2,9,-4,12,-9,12,-12,15,-13,19,-15,16,-18,14,-19,12,-19,9,-16,10,-12,12,-11,12,-9,7,-6,2,-4,2,-3,1,-2,-1,-3,-3,-4,-3,-2,-4,1,-7,0,-8,-4,-2,-2,0,0,0,0,0,0,0,0,0,0,0,0,0,0,0,0,0,0,-2,0,-7,0,-7,0,-8,0,-7,-1,-6,-2,-4,0,-2,1,-1,3,1,2,4,1,5,2,7,7,8,10,8,13,7,16,7,20,7,21,8,21,9,22,8,25,4,25,3,22,4,18,5,15,3,14,2,12"
52.88368797302246,865,"CSI,2927,128,83,49,21,0,12,7,11,5,12,2,15,-1,16,-2,18,0,17,2,12,3,13,4,17,4,19,1,17,1,14,0,13,-2,12,-3,10,-2,7,-1,7,-3,9,-5,9,-5,7,-5,7,-5,5,-5,2,-4,2,-3,0,-1,0,0,0,0,0,0,0,0,0,0,0,0,0,0,0,0,0,0,0,1,-2,6,-5,7,-6,7,-7,6,-7,6,-5,5,-2,4,-3,4,-2,4,0,5,4,6,8,8,7,11,6,13,7,15,6,18,2,21,2,22,3,21,3,22,0,22,-2,22,-2,20,1,17,3,16,0,15"
52.989237785339355,866,"CSI,2675,128,77,-47,20,0,-9,-3,-10,0,-9,3,-8,8,-9,13,-9,16,-11,17,-17,17,-18,15,-14,15,-11,16,-11,14,-13,10,-12,7,-9,6,-6,5,-5,4,-1,2,2,1,2,2,3,3,5,2,6,2,6,3,8,3,2,0,0,0,0,0,0,0,0,0,0,0,0,0,0,0,0,0,0,0,1,-2,7,-4,9,-2,10,0,9,0,8,-1,6,-1,2,-2,1,-3,2,-2,1,-3,-4,-4,-8,-6,-9,-10,-9,-15,-10,-16,-10,-18,-10,-19,-12,-18,-12,-18,-10,-20,-8,-21,-9,-21,-11,-22,-12,-22,-12,-20,-11,-17"
53.02242112159729,867,"CSI,2930,128,83,49,21,0,-9,3,-6,6,-3,8,-3,12,-2,15,0,18,-3,22,-9,25,-8,24,-4,24,-3,22,-1,16,-2,13,-5,13,-5,11,-2,7,0,6,1,5,3,1,5,0,6,0,7,-1,7,-1,6,0,6,2,1,0,0,0,0,0,0,0,0,0,0,0,0,0,0,0,0,0,0,0,0,-3,1,-10,3,-9,6,-9,6,-9,4,-8,2,-6,1,-5,-1,-6,-2,-6,-3,-4,-7,-3,-8,-3,-10,-2,-14,-1,-17,-4,-21,-7,-21,-9,-19,-9,-19,-7,-22,-9,-21,-12,-17,-13,-17,-11,-17,-10,-17,-7,-17,-2"
53.0500009059906,868,"CSI,2676,128,77,-47,20,0,6,-2,4,-5,4,-6,4,-10,4,-15,5,-18,6,-18,5,-14,5,-14,8,-17,9,-17,8,-15,8,-13,8,-10,7,-11,4,-9,1,-6,1,-6,-1,-7,-3,-7,-2,-6,-2,-5,-5,-3,-7,-2,-6,-3,-1,-1,0,0,0,0,0,0,0,0,0,0,0,0,0,0,0,0,0,0,0,2,2,9,0,9,0,8,-1,8,-2,8,-2,6,-1,6,1,5,3,4,5,3,7,0,9,0,9,0,10,1,14,2,15,1,16,2,18,4,18,7,17,8,16,7,17,6,18,6,17,6,16,6,16,6"
53.08884382247925,869,"CSI,2935,128,83,49,21,0,3,-6,1,-8,0,-11,0,-14,1,-14,2,-13,5,-11,8,-9,8,-9,6,-11,2,-12,-2,-13,-2,-10,-1,-7,0,-6,-1,-5,-3,-3,-6,0,-6,1,-6,1,-6,1,-6,1,-6,0,-6,1,-6,4,-2,1,0,0,0,0,0,0,0,0,0,0,0,0,0,0,0,0,0,0,-2,1,-7,4,-7,3,-7,5,-7,4,-8,1,-9,-1,-6,-1,1,2,5,2,5,2,6,5,8,7,9,10,11,12,11,11,13,12,13,14,12,15,12,17,9,18,6,17,5,12,2,7,1,6,4,5,3,1"
53.19586682319641,870,"CSI,2938,128,83,49,21,0,-6,-1,-8,4,-10,10,-10,13,-11,14,-12,16,-13,17,-15,14,-18,15,-19,16,-18,12,-17,9,-14,10,-10,9,-6,6,-4,4,-3,5,-1,8,3,7,7,5,6,6,5,7,6,6,8,5,9,6,2,1,0,0,0,0,0,0,0,0,0,0,0,0,0,0,0,0,0,0,-1,-3,-1,-11,0,-13,1,-13,2,-13,3,-12,2,-9,2,-7,0,-8,-2,-8,-3,-8,-7,-9,-11,-10,-13,-9,-13,-9,-18,-11,-24,-13,-24,-14,-23,-16,-23,-17,-23,-16,-21,-17,-20,-21,-18,-24,-17,-22,-16,-17,-12,-13"
53.29583191871643,871,"CSI,2943,128,83,49,21,0,-10,7,-7,6,-4,5,-4,8,-4,11,-3,13,-3,12,-5,6,-5,4,-5,6,-4,7,-4,9,-3,12,-3,11,-4,9,-2,7,0,6,0,4,2,2,4,2,5,2,5,1,6,-1,6,0,5,3,1,1,0,0,0,0,0,0,0,0,0,0,0,0,0,0,0,0,0,0,0,-3,0,-9,1,-8,1,-6,0,-5,-3,-4,-6,-4,-7,-4,-7,-3,-8,-1,-11,-2,-15,-3,-17,-4,-17,-4,-18,-5,-18,-9,-17,-10,-16,-10,-14,-12,-12,-13,-12,-11,-11,-8,-10,-6,-8,-5,-10,-2,-13,2,-14,3"
53.90827202796936,872,"CSI,2967,128,83,49,21,0,0,-9,-3,-5,-7,-2,-9,-3,-10,-2,-13,1,-12,2,-7,1,-8,0,-12,0,-16,1,-19,1,-17,1,-13,0,-9,2,-6,2,-5,1,-4,1,-3,3,-3,2,-2,1,0,1,2,2,4,1,2,0,0,0,0,0,0,0,0,0,0,0,0,0,0,0,0,0,0,0,0,0,2,1,10,4,7,5,2,6,0,5,0,3,1,2,0,0,1,-2,1,-2,-1,-2,0,-6,3,-10,5,-12,6,-14,9,-15,10,-14,8,-13,6,-14,5,-14,7,-13,9,-10,6,-8,4,-12,5,-15,4,-13,2,-8"
54.01125693321228,873,"CSI,2970,128,83,49,21,0,3,3,1,4,0,6,2,9,4,11,4,14,2,15,-2,13,0,12,4,11,5,10,4,10,2,9,1,8,3,7,3,5,1,3,1,0,1,-1,-1,-1,-1,-1,-1,-3,-2,-6,-1,-7,0,-4,0,-1,0,0,0,0,0,0,0,0,0,0,0,0,0,0,0,0,0,0,-1,1,-1,6,-1,6,-1,5,1,5,0,5,-2,3,-3,1,-1,-1,-2,-2,-2,-5,-1,-9,0,-12,-1,-13,-1,-14,-1,-17,-2,-20,-1,-19,0,-17,1,-18,2,-17,2,-14,0,-14,0,-16,-3,-15,-4,-12,-2,-8"
54.11412191390991,874,"CSI,2975,128,83,49,21,0,2,0,5,5,4,7,5,8,7,9,7,12,10,16,12,18,11,13,11,8,10,8,10,7,9,5,6,6,6,5,5,2,3,0,1,-1,-1,-1,-2,0,-3,0,-3,0,-4,-1,-5,0,-5,0,-1,0,0,0,0,0,0,0,0,0,0,0,0,0,0,0,0,0,0,0,0,2,1,8,0,8,1,7,1,6,0,5,-3,3,-4,1,-2,-1,-1,-1,-5,-2,-7,-5,-9,-8,-10,-12,-8,-15,-5,-16,-6,-16,-7,-17,-4,-19,-4,-20,-9,-19,-9,-17,-5,-16,-4,-14,-8,-13,-11,-12,-11,-10"
54.22216296195984,875,"CSI,2978,128,83,49,21,0,-15,-12,-13,-10,-12,-11,-12,-10,-12,-7,-14,-7,-15,-4,-15,1,-14,-1,-15,-4,-15,-3,-13,-5,-12,-7,-11,-7,-10,-8,-8,-10,-7,-10,-7,-10,-6,-7,-4,-5,-2,-4,-4,-2,-7,1,-8,2,-7,0,-2,-1,0,0,0,0,0,0,0,0,0,0,0,0,0,0,0,0,0,0,-2,-1,-7,-4,-8,-6,-8,-6,-8,-6,-6,-6,-5,-5,-6,-4,-7,-2,-7,-1,-9,-2,-13,-2,-16,0,-17,-2,-17,-6,-18,-9,-20,-10,-21,-12,-19,-13,-18,-13,-17,-14,-16,-15,-16,-15,-17,-13,-18,-12,-18,-11,-20,-11"
54.31930088996887,876,"CSI,2983,128,83,49,21,0,0,14,2,14,3,13,5,12,9,12,12,13,14,11,15,6,12,5,11,10,11,11,11,11,10,12,8,13,6,13,5,10,5,6,4,4,3,1,3,2,3,1,4,0,2,-1,1,-3,2,-4,0,-2,0,0,0,0,0,0,0,0,0,0,0,0,0,0,0,0,0,0,-2,0,-8,2,-10,1,-10,-1,-10,-1,-10,-1,-9,-1,-6,-2,-6,-1,-6,0,-5,3,-3,7,-3,9,-4,9,-6,12,-7,17,-8,18,-9,18,-10,18,-11,17,-12,18,-14,19,-14,18,-13,16,-13,16,-12,16,-13,14"
54.42055296897888,877,"CSI,2986,128,83,49,21,0,-3,-8,-2,-3,-1,1,-3,3,-3,7,-2,12,-2,15,-3,13,0,15,3,19,5,18,7,18,6,17,3,14,2,12,4,9,4,8,2,6,1,3,1,0,1,-2,0,-5,-2,-8,-3,-9,-2,-10,-1,-3,0,0,0,0,0,0,0,0,0,0,0,0,0,0,0,0,0,0,0,0,0,4,0,7,0,10,-1,10,-2,8,-1,8,-3,8,-3,7,-5,6,-7,6,-6,5,-4,2,-3,-2,-2,-6,0,-11,1,-15,1,-19,1,-20,0,-21,2,-24,4,-26,3,-25,2,-25,2,-25,1,-24,2,-20"
54.525144815444946,878,"CSI,2991,128,83,49,21,0,-3,-10,-5,-7,-8,-5,-10,0,-13,3,-14,3,-16,4,-19,7,-19,9,-20,9,-18,8,-18,6,-17,4,-15,4,-14,3,-12,1,-10,1,-8,-1,-4,-1,-4,1,-5,2,-4,1,-1,1,-1,4,0,7,0,1,0,0,0,0,0,0,0,0,0,0,0,0,0,0,0,0,0,0,-1,-3,2,-9,6,-8,8,-6,7,-5,6,-3,6,-3,6,-4,5,-3,4,-2,2,0,1,1,-2,-3,-6,-7,-7,-9,-6,-12,-6,-14,-7,-14,-7,-15,-5,-18,-6,-22,-7,-22,-5,-23,-6,-21,-7,-18,-6,-18,-5,-19"
54.62628793716431,879,"CSI,2994,128,83,49,21,0,5,4,5,0,7,-3,8,-7,9,-10,9,-13,10,-12,10,-7,9,-10,11,-14,12,-15,12,-14,13,-13,11,-12,9,-11,8,-10,6,-8,6,-6,3,-5,-2,-4,-2,-2,-2,-1,-3,-1,-6,-2,-7,-3,-2,-1,0,0,0,0,0,0,0,0,0,0,0,0,0,0,0,0,0,0,-2,1,-9,5,-9,5,-10,6,-10,4,-8,2,-7,0,-6,-1,-5,-2,-2,-2,-1,-1,-1,-1,3,1,8,5,9,8,8,10,9,11,9,12,8,13,8,15,8,18,7,20,8,22,10,24,12,24,13,20,10,17"
54.72979211807251,880,"CSI,2999,128,83,49,21,0,-4,8,4,6,8,2,9,-2,12,-5,16,-4,16,-4,17,-7,18,-4,18,-1,18,-3,16,-3,16,-4,15,-3,14,-2,13,-1,11,0,10,1,7,1,3,1,0,0,-2,-2,-4,-3,-6,-5,-7,-7,-2,-2,0,0,0,0,0,0,0,0,0,0,0,0,0,0,0,0,0,0,-2,-2,-9,-4,-9,-4,-9,-6,-10,-7,-10,-8,-8,-8,-5,-6,-4,-5,-2,-5,0,-1,1,2,0,5,-2,8,-3,11,-5,14,-8,18,-9,19,-9,19,-11,20,-14,21,-15,20,-16,18,-16,16,-15,16,-11,16,-7,15"
54.830169916152954,881,"CSI,3003,128,83,49,21,0,5,-4,7,-6,9,-10,9,-12,9,-11,10,-11,9,-12,5,-13,5,-11,10,-9,9,-10,6,-11,7,-11,7,-9,5,-7,4,-7,3,-8,1,-6,-2,-4,-3,-4,-3,-4,-3,-2,-3,-1,-5,-1,-6,2,-2,0,0,0,0,0,0,0,0,0,0,0,0,0,0,0,0,0,0,0,-2,1,-6,4,-7,4,-7,2,-5,1,-4,2,-5,3,-4,1,-2,1,0,3,2,3,3,4,5,5,8,7,11,9,14,13,15,17,15,16,15,15,13,15,12,17,11,17,8,15,7,15,6,13,5,9,4,7"
54.938347816467285,882,"CSI,3006,128,83,49,21,0,-11,-3,-9,2,-9,6,-9,8,-8,11,-7,10,-12,11,-18,16,-16,19,-15,19,-15,17,-14,15,-13,12,-12,9,-11,7,-11,6,-9,4,-6,3,-4,4,-3,3,0,2,2,1,3,1,4,1,7,2,2,0,0,0,0,0,0,0,0,0,0,0,0,0,0,0,0,0,0,0,-1,-3,-1,-13,1,-13,1,-12,0,-12,-1,-10,0,-8,2,-8,2,-7,-1,-6,-2,-7,-2,-7,-4,-4,-8,-2,-11,-4,-14,-9,-15,-13,-16,-13,-19,-12,-23,-11,-23,-12,-21,-15,-21,-17,-22,-17,-21,-16,-20,-15,-17,-14"
54.9716579914093,883,"CSI,2677,128,75,-79,20,0,-2,-15,-5,-10,-6,-7,-8,-8,-12,-7,-13,-6,-15,-8,-17,-10,-18,-8,-18,-6,-19,-7,-18,-9,-16,-9,-15,-10,-13,-10,-11,-7,-9,-4,-7,-4,-4,-4,-2,-1,-1,2,-1,2,0,3,0,6,-1,6,-1,1,0,0,0,0,0,0,0,0,0,0,0,0,0,0,0,0,0,0,1,-1,5,-1,8,-1,11,-1,12,1,10,2,8,2,8,0,8,0,5,-1,4,-4,4,-4,4,-6,3,-11,4,-14,5,-14,5,-18,5,-20,5,-20,5,-21,6,-22,10,-24,13,-25,14,-23,14,-22,13,-23,11,-21"
55.00003790855408,884,"CSI,2678,128,75,-79,20,0,-6,7,-3,8,2,10,3,11,5,15,8,16,13,15,17,12,14,12,10,15,10,19,10,20,10,19,7,15,3,13,0,13,-1,11,-2,7,0,5,2,4,3,3,2,1,2,0,5,-1,10,-2,2,-1,0,0,0,0,0,0,0,0,0,0,0,0,0,0,0,0,0,0,-2,1,-7,5,-7,4,-10,3,-11,2,-10,1,-9,0,-8,0,-5,0,-4,1,-3,1,-4,3,-2,8,2,12,1,13,-3,16,-4,21,-5,21,-7,19,-10,21,-11,23,-13,20,-14,18,-13,18,-14,19,-13,17,-9,14"
55.03385782241821,885,"CSI,3010,128,83,49,21,0,6,10,8,6,6,1,8,-1,13,-3,13,-6,15,-6,21,-4,21,-5,17,-7,16,-6,16,-4,13,-3,12,-2,13,0,12,3,9,2,4,0,0,-2,0,-6,1,-5,0,-2,-2,-3,-2,-5,-2,-6,-1,-2,0,0,0,0,0,0,0,0,0,0,0,0,0,0,0,0,0,0,-2,1,-6,6,-7,6,-7,4,-7,4,-7,4,-6,3,-7,3,-7,3,-5,1,-3,1,0,4,3,7,6,10,5,12,5,12,7,13,8,17,9,20,8,20,6,19,3,22,3,24,3,21,3,21,3,20,2,17"
55.139111042022705,886,"CSI,3015,128,83,49,21,0,4,-1,3,-4,0,-7,-4,-10,-4,-15,-2,-18,-1,-19,-2,-23,-3,-26,-3,-24,-3,-20,-2,-16,-1,-14,-1,-13,0,-14,0,-12,-2,-8,-4,-4,-4,-2,-5,-3,-5,-2,-4,0,-4,1,-4,3,-4,4,-1,0,0,0,0,0,0,0,0,0,0,0,0,0,0,0,0,0,0,0,-1,2,-4,6,-7,4,-9,3,-10,3,-11,3,-10,2,-8,2,-7,4,-6,4,-5,0,-1,0,4,2,6,3,7,5,12,8,17,10,17,12,17,13,18,13,18,13,18,15,19,18,18,16,16,15,15,13,12,11"
55.24327516555786,887,"CSI,3018,128,83,49,21,0,-6,-9,-6,-6,-7,0,-11,3,-12,6,-11,10,-13,10,-18,8,-18,10,-17,12,-16,12,-13,11,-14,9,-15,7,-12,5,-7,5,-4,4,-4,3,-3,2,-2,2,-2,3,-2,3,-1,2,1,3,1,2,0,0,0,0,0,0,0,0,0,0,0,0,0,0,0,0,0,0,0,0,-2,-3,-4,-11,-2,-12,-1,-13,1,-11,2,-8,2,-7,3,-8,3,-7,3,-9,1,-9,-3,-7,-8,-5,-9,-3,-9,-3,-13,-4,-18,-7,-18,-10,-16,-11,-17,-11,-18,-13,-16,-16,-17,-16,-18,-17,-16,-19,-16,-20,-18,-16"
55.34365391731262,888,"CSI,3022,128,83,49,21,0,-3,7,0,4,5,1,9,1,12,1,14,0,16,4,17,10,18,8,19,2,18,1,17,0,14,1,11,1,10,-1,8,-2,5,-2,3,-2,1,-3,0,-4,-1,-7,-5,-7,-6,-4,-5,-3,-6,-4,-2,-1,0,0,0,0,0,0,0,0,0,0,0,0,0,0,0,0,0,0,-2,-2,-6,-8,-5,-9,-6,-11,-3,-12,0,-10,1,-6,2,-7,1,-9,1,-8,-1,-4,-2,1,-3,4,-4,5,-6,7,-10,8,-14,10,-15,12,-15,12,-18,14,-21,17,-22,17,-23,14,-22,11,-21,11,-20,10,-16,6"
55.44525980949402,889,"CSI,3027,128,83,49,21,0,-3,8,0,14,3,16,5,17,5,19,5,21,8,21,11,21,8,18,6,16,4,15,2,15,0,11,1,8,1,6,1,7,2,6,6,3,7,1,6,1,5,2,4,2,3,1,2,-2,4,-3,1,-1,0,0,0,0,0,0,0,0,0,0,0,0,0,0,0,0,0,0,-4,-2,-12,-7,-9,-8,-8,-7,-8,-7,-8,-6,-7,-4,-7,-4,-5,-4,-4,-4,-3,-3,-4,3,-6,8,-9,8,-13,10,-16,11,-19,11,-19,10,-18,11,-18,12,-22,11,-26,10,-26,8,-23,6,-21,5,-19,6,-17,7"
55.54759407043457,890,"CSI,3030,128,83,49,21,0,6,-1,7,-7,9,-12,8,-14,6,-15,8,-16,9,-17,8,-21,8,-20,11,-15,12,-12,12,-12,12,-13,8,-12,5,-10,4,-9,5,-7,2,-5,-1,-4,-2,-5,-3,-7,-3,-6,-4,-5,-5,-5,-5,-5,-1,-2,0,0,0,0,0,0,0,0,0,0,0,0,0,0,0,0,0,0,0,2,0,8,0,7,0,7,0,8,-1,9,-2,9,-3,9,-2,8,-1,6,1,5,5,5,9,3,12,2,14,3,16,5,19,5,19,6,21,8,24,11,24,13,24,13,23,12,20,13,20,12,17,10,10,10"
55.65303587913513,891,"CSI,3034,128,83,49,21,0,-7,0,-9,6,-10,13,-12,14,-12,13,-12,13,-17,13,-23,12,-21,11,-15,10,-12,11,-11,11,-12,6,-12,3,-10,5,-6,6,-2,6,0,5,-2,5,-3,4,-2,3,1,2,2,3,4,3,6,0,1,-1,0,0,0,0,0,0,0,0,0,0,0,0,0,0,0,0,0,0,0,-3,2,-9,2,-10,2,-10,4,-8,6,-6,6,-6,3,-6,2,-4,1,-2,-2,-4,-4,-8,-6,-10,-9,-10,-11,-8,-13,-8,-16,-12,-18,-14,-18,-16,-18,-16,-17,-17,-15,-21,-13,-21,-13,-17,-12,-15,-13,-14,-14,-12"
55.753835916519165,892,"CSI,3039,128,83,49,21,0,-5,5,-5,8,-5,12,-1,15,3,17,1,18,-1,20,2,20,4,19,1,18,-2,19,-4,20,-4,17,-5,12,-3,9,-1,6,1,2,2,3,3,3,5,2,6,1,5,1,5,1,5,0,4,-1,0,-1,0,0,0,0,0,0,0,0,0,0,0,0,0,0,0,0,0,0,0,-3,3,-11,3,-11,3,-10,3,-9,4,-8,5,-7,5,-5,4,-5,2,-7,-2,-6,-6,-3,-7,-1,-8,0,-10,-3,-13,-6,-16,-8,-18,-9,-19,-6,-24,-5,-27,-9,-26,-10,-26,-9,-23,-11,-20,-12,-18,-11,-17,-10"
55.854651927948,893,"CSI,3042,128,83,49,21,0,8,0,5,-4,3,-8,3,-12,6,-15,5,-18,4,-20,8,-21,12,-22,12,-21,10,-19,8,-17,8,-15,6,-13,4,-10,3,-8,-1,-7,-3,-7,-2,-6,-2,-4,-4,-2,-5,-2,-5,-2,-5,0,-5,2,-2,0,0,0,0,0,0,0,0,0,0,0,0,0,0,0,0,0,0,0,-1,2,-4,10,-3,11,-3,11,-4,9,-6,8,-8,8,-6,9,-5,8,-4,6,-2,4,2,4,4,5,5,5,6,6,10,7,16,7,18,7,20,9,23,12,23,13,22,16,24,17,23,16,22,14,19,12,16,11"
55.957226037979126,894,"CSI,3046,128,83,49,21,0,14,3,11,-1,9,-5,7,-10,7,-16,8,-19,9,-21,9,-26,10,-27,9,-22,9,-16,8,-15,11,-15,13,-13,13,-10,10,-8,6,-8,3,-10,1,-9,-1,-7,-2,-4,-2,-2,-2,-3,-3,-5,-6,-4,-2,-1,0,0,0,0,0,0,0,0,0,0,0,0,0,0,0,0,0,0,0,2,1,9,2,9,1,11,0,11,0,10,-1,10,-2,11,-1,10,1,8,2,4,3,1,5,3,7,4,9,3,12,2,16,2,18,4,21,5,25,5,26,5,26,7,27,10,26,12,26,14,26,13,25,11"
56.06114602088928,895,"CSI,3051,128,83,49,21,0,4,-5,-1,-8,-3,-10,-7,-9,-12,-10,-15,-14,-17,-14,-17,-9,-15,-10,-13,-12,-12,-12,-10,-13,-11,-12,-11,-8,-10,-7,-7,-6,-5,-3,-5,-1,-5,0,-4,2,-3,3,-2,3,-1,4,0,6,0,7,-1,1,0,0,0,0,0,0,0,0,0,0,0,0,0,0,0,0,0,0,0,2,2,11,0,11,-1,11,-1,11,-2,10,-4,9,-2,8,1,6,3,5,4,3,3,0,5,-1,8,-3,11,-4,13,-5,14,-6,17,-8,21,-8,22,-6,24,-8,26,-8,24,-5,23,-5,23,-6,19,-3,17,0"
56.12269592285156,896,"CSI,3101,128,83,49,21,0,-14,-2,-11,-3,-9,-2,-8,-1,-8,0,-8,3,-7,3,-6,1,-6,5,-6,11,-4,12,-3,11,-4,10,-3,8,-3,5,-3,2,-4,2,-2,4,0,5,-2,4,-3,2,-1,0,0,0,1,0,3,0,0,0,0,0,0,0,0,0,0,0,0,0,0,0,0,0,0,0,0,0,-1,-1,-2,-3,-1,-4,0,-6,1,-7,1,-8,2,-7,3,-7,4,-6,5,-5,6,-6,5,-8,2,-8,0,-6,-1,-5,-3,-4,-5,-2,-6,0,-6,-2,-8,-3,-12,-1,-15,1,-17,0,-21,-2,-23,-3,-19,-5,-17,-9"
56.264389991760254,897,"CSI,3059,128,83,49,21,0,-1,-9,-5,-7,-9,-3,-12,-1,-16,-1,-18,0,-18,-2,-19,-5,-22,-4,-22,1,-21,4,-19,3,-15,2,-12,2,-10,3,-7,2,-4,2,-3,2,-2,3,-1,3,-2,3,-1,2,2,2,3,2,3,4,1,1,0,0,0,0,0,0,0,0,0,0,0,0,0,0,0,0,0,0,2,0,7,4,7,5,8,6,7,7,5,8,3,7,1,4,1,2,1,2,-1,0,-1,-3,1,-6,3,-9,3,-13,5,-16,5,-16,7,-18,9,-19,12,-19,13,-20,14,-20,15,-19,12,-19,10,-20,12,-17,14,-14"
56.366978883743286,898,"CSI,3062,128,83,49,21,0,-1,-7,-4,-3,-5,2,-6,7,-9,10,-13,13,-17,14,-20,16,-18,19,-12,18,-7,17,-7,15,-9,13,-11,13,-9,12,-6,8,-4,4,-1,2,1,1,1,-2,1,-4,1,-5,2,-5,2,-6,3,-7,0,-2,0,0,0,0,0,0,0,0,0,0,0,0,0,0,0,0,0,0,1,2,4,10,3,10,3,11,5,12,5,12,3,12,1,11,0,9,-2,8,-2,7,-1,4,0,-1,0,-7,-1,-10,0,-12,2,-17,4,-21,5,-21,4,-20,3,-22,4,-23,5,-22,5,-22,7,-22,9,-20,8,-17"
56.469369888305664,899,"CSI,3067,128,83,49,21,0,-11,5,-7,7,-2,7,3,11,4,14,5,16,6,20,4,24,4,23,5,21,1,21,0,19,2,17,1,15,1,13,2,11,2,8,4,4,4,2,3,2,3,3,4,2,5,0,5,-2,3,-3,0,-1,0,0,0,0,0,0,0,0,0,0,0,0,0,0,0,0,0,0,-2,-3,-6,-11,-5,-11,-5,-12,-7,-13,-6,-13,-3,-11,-2,-8,-4,-6,-4,-6,-3,-6,-5,-5,-7,-1,-8,1,-11,2,-15,4,-17,6,-19,6,-21,4,-22,4,-22,5,-24,5,-25,4,-25,0,-25,-1,-23,0,-22,-1"
56.57175302505493,900,"CSI,3071,128,83,49,21,0,11,-6,7,-7,4,-7,0,-8,-4,-10,-8,-13,-9,-14,-7,-12,-6,-16,-6,-20,-6,-19,-5,-19,-3,-19,-3,-17,-3,-13,-1,-10,-1,-9,-2,-6,-1,-3,-2,-4,-4,-2,-5,1,-6,2,-6,4,-5,7,-1,2,0,0,0,0,0,0,0,0,0,0,0,0,0,0,0,0,0,0,1,1,7,6,8,7,7,8,4,9,3,9,4,8,5,8,4,8,4,6,6,6,6,6,8,4,10,0,10,-3,10,-5,13,-5,16,-6,17,-7,19,-8,22,-9,23,-8,24,-6,24,-4,20,-5,21,-6,25,-4"
56.674192905426025,901,"CSI,3075,128,83,49,21,0,-5,9,0,9,2,10,5,12,8,13,9,12,10,11,11,8,12,9,12,12,7,14,4,15,5,14,5,10,4,9,4,9,3,7,1,6,2,4,3,2,3,1,3,-1,3,-4,3,-4,3,-4,0,-1,0,0,0,0,0,0,0,0,0,0,0,0,0,0,0,0,0,0,-2,0,-8,3,-10,3,-12,1,-11,0,-8,-1,-7,-2,-7,-2,-7,-1,-5,1,-4,4,-2,5,-1,4,-1,7,-3,12,-5,16,-8,19,-11,18,-11,17,-12,19,-13,20,-13,20,-16,17,-18,16,-18,17,-15,18,-11,19"
56.73949074745178,902,"CSI,2679,128,75,-79,20,0,7,-5,4,-6,1,-7,2,-11,0,-14,-3,-16,-2,-19,6,-20,5,-20,-2,-23,-4,-23,-4,-19,-2,-16,0,-13,-2,-11,-2,-10,0,-8,-2,-5,-2,-5,-2,-4,-3,-1,-4,1,-5,3,-7,3,-9,1,-3,0,0,0,0,0,0,0,0,0,0,0,0,0,0,0,0,0,0,0,1,3,6,12,4,11,0,10,-2,9,-1,11,-1,11,-1,7,0,4,1,3,2,1,2,-1,4,-2,7,-3,10,-3,13,-3,15,-4,17,-3,19,-2,20,-4,20,-5,21,-1,22,2,20,1,19,-3,19,-7,18,-7"
56.77013897895813,903,"CSI,2680,128,75,-79,20,0,3,-9,-3,-11,-5,-11,-3,-7,-5,-6,-11,-11,-9,-12,-2,-8,-7,-8,-14,-11,-14,-12,-13,-12,-13,-12,-11,-11,-11,-9,-9,-7,-5,-4,0,-2,1,1,-2,4,-3,4,-3,4,-3,4,0,5,2,7,0,2,0,0,0,0,0,0,0,0,0,0,0,0,0,0,0,0,0,0,0,2,3,9,2,8,1,8,1,9,0,10,0,9,0,6,0,4,1,3,4,2,7,-1,8,-5,8,-8,10,-8,12,-8,12,-9,13,-10,14,-9,15,-11,15,-10,16,-7,17,-8,18,-10,19,-10,17,-9,17,-8"
56.8003830909729,904,"CSI,3078,128,83,49,21,0,-2,8,0,5,6,3,11,3,12,4,13,5,13,3,12,-1,13,0,15,4,17,5,17,3,15,1,12,0,10,1,7,3,5,3,4,2,3,0,1,-2,0,-3,1,-4,0,-5,-2,-5,-5,-5,-2,-2,0,0,0,0,0,0,0,0,0,0,0,0,0,0,0,0,0,0,-2,-2,-7,-7,-7,-7,-7,-8,-7,-8,-6,-8,-6,-6,-6,-4,-4,-3,-3,-4,-3,-4,-3,0,-4,3,-6,5,-7,8,-6,10,-9,11,-12,12,-13,15,-13,16,-14,17,-17,18,-19,18,-18,16,-15,15,-15,16,-17,15"
56.863667011260986,905,"CSI,2681,128,77,-47,20,0,1,9,5,8,10,4,11,2,12,-1,15,-4,16,-5,15,-3,17,-1,19,-2,19,-4,20,0,19,2,16,1,16,3,15,2,11,-1,9,-1,7,-1,4,-2,1,-2,-1,-3,-2,-6,-3,-7,-3,-5,-1,-1,0,0,0,0,0,0,0,0,0,0,0,0,0,0,0,0,0,0,-2,2,-6,8,-8,7,-10,4,-11,2,-11,2,-9,1,-7,0,-5,-1,-5,-1,-6,1,-3,4,0,6,3,9,3,12,2,13,1,14,2,16,3,22,5,25,6,26,4,26,-1,27,-5,26,-4,23,-2,20,0,20"
56.93719410896301,906,"CSI,3133,128,83,49,21,0,13,-3,9,-4,5,-3,2,-5,0,-6,0,-7,-3,-5,-7,-1,-9,-4,-8,-8,-7,-9,-5,-11,-4,-12,-4,-8,-6,-6,-7,-7,-6,-6,-4,-4,-2,-2,0,-1,-1,0,-3,0,-3,2,-3,5,-4,4,-1,0,0,0,0,0,0,0,0,0,0,0,0,0,0,0,0,0,0,0,-1,0,-2,2,-2,3,0,4,2,4,3,5,2,6,4,6,5,7,5,8,3,8,1,8,0,9,-1,8,-1,6,1,5,2,4,1,1,1,-4,3,-7,5,-7,9,-7,11,-9,13,-9,16,-9,19,-11,20,-13"
56.97809386253357,907,"CSI,3086,128,83,49,21,0,9,11,9,8,11,7,13,8,15,8,15,6,16,7,19,11,19,9,16,6,14,7,13,8,10,7,7,8,9,9,8,7,5,4,3,4,4,3,4,1,3,-1,1,-2,1,-3,1,-4,0,-7,-1,-3,0,0,0,0,0,0,0,0,0,0,0,0,0,0,0,0,0,0,1,2,4,8,2,8,1,8,0,8,-3,8,-3,7,-3,6,-4,7,-1,5,2,5,3,5,6,4,9,6,9,8,11,12,12,15,10,16,9,17,9,19,7,22,4,22,4,20,3,19,2,18,6,15,11,13"
57.08123302459717,908,"CSI,3090,128,83,49,21,0,12,11,13,11,14,10,14,10,13,7,13,6,16,5,17,0,16,-1,16,3,16,6,15,7,15,7,15,8,15,9,13,10,9,9,7,8,7,7,6,6,3,6,1,3,2,-1,4,-4,5,-6,1,-2,0,0,0,0,0,0,0,0,0,0,0,0,0,0,0,0,0,0,1,0,7,2,8,5,8,7,8,6,7,4,9,4,10,5,9,6,7,7,6,6,7,7,10,7,12,4,14,3,15,5,17,8,17,12,16,15,19,15,20,14,18,17,17,18,15,16,14,17,15,17,20,14"
57.18569779396057,909,"CSI,3094,128,83,49,21,0,9,1,7,-3,7,-6,6,-10,5,-13,8,-16,8,-16,7,-14,14,-14,19,-15,17,-14,14,-10,11,-7,10,-6,9,-7,7,-8,5,-8,4,-7,3,-6,1,-6,-3,-5,-4,-4,-5,-3,-6,-4,-7,-7,-2,-2,0,0,0,0,0,0,0,0,0,0,0,0,0,0,0,0,0,0,1,2,4,9,3,9,0,9,-1,11,-1,12,-1,10,0,6,0,4,-1,6,-1,7,-1,6,1,6,6,5,10,1,13,1,17,4,19,6,19,9,21,11,22,13,23,15,22,16,18,15,16,16,19,18,21,18"
57.289510011672974,910,"CSI,3099,128,83,49,21,0,-2,-9,-6,-8,-10,-5,-13,-1,-17,1,-18,1,-16,-1,-15,-4,-20,-6,-23,-5,-21,-3,-18,-3,-13,-5,-8,-4,-9,-3,-10,-3,-6,-3,-3,0,-3,2,-2,3,1,4,4,5,5,7,6,7,5,7,1,1,0,0,0,0,0,0,0,0,0,0,0,0,0,0,0,0,0,0,1,2,5,7,6,6,7,7,6,9,5,10,4,7,3,2,4,1,2,1,0,-1,1,-3,3,-7,4,-11,7,-14,10,-16,11,-18,12,-18,14,-19,14,-19,12,-18,13,-19,15,-19,13,-16,11,-14,10,-11,9,-8"
57.390645027160645,911,"CSI,3102,128,83,49,21,0,-8,3,-3,6,1,9,5,11,8,11,10,11,11,10,10,7,9,11,7,17,6,18,7,17,7,16,6,12,3,10,1,9,2,6,5,1,6,-3,6,-4,5,-3,5,-1,6,-1,5,-5,6,-7,1,-2,0,0,0,0,0,0,0,0,0,0,0,0,0,0,0,0,0,0,-2,-1,-5,-5,-6,-6,-5,-7,-4,-7,-4,-7,-3,-8,-3,-8,-1,-6,0,-4,-3,-3,-5,-1,-5,3,-8,4,-10,3,-12,6,-16,9,-18,6,-18,5,-20,6,-21,7,-20,6,-20,5,-21,4,-21,4,-20,5,-17,5"
57.493062019348145,912,"CSI,3106,128,83,49,21,0,3,4,6,0,6,-5,8,-8,9,-9,10,-11,8,-16,5,-18,5,-15,9,-14,12,-14,12,-14,11,-13,10,-10,10,-8,8,-8,4,-7,0,-6,-1,-4,-2,-2,-4,-2,-5,-3,-6,-3,-7,-3,-8,-3,-3,-1,0,0,0,0,0,0,0,0,0,0,0,0,0,0,0,0,0,0,-3,0,-10,1,-10,0,-10,0,-9,0,-8,-2,-6,-5,-5,-6,-5,-4,-3,-1,-1,0,3,1,6,3,7,6,7,10,9,13,8,15,8,16,8,19,9,19,8,19,7,22,4,23,2,22,3,19,4,16,7,13"
57.8004629611969,913,"CSI,3119,128,83,49,21,0,4,-9,5,-4,7,-1,7,0,7,3,8,5,5,5,2,9,7,12,11,12,12,11,11,10,9,8,10,5,11,4,8,3,6,3,4,3,0,2,-1,0,-1,0,-3,1,-5,2,-8,3,-8,3,-2,0,0,0,0,0,0,0,0,0,0,0,0,0,0,0,0,0,0,0,-3,0,-11,2,-8,1,-8,-1,-7,-1,-7,0,-6,-1,-6,-3,-7,-5,-7,-3,-6,-1,-5,-3,-2,-7,1,-10,1,-11,1,-12,0,-11,1,-9,3,-11,5,-16,7,-19,10,-21,10,-20,7,-19,7,-18,7,-19,7,-19"
57.90032386779785,914,"CSI,3123,128,83,49,21,0,-1,4,-4,5,-6,6,-9,5,-10,4,-12,1,-11,2,-7,7,-5,7,-8,2,-10,2,-9,3,-8,4,-7,5,-6,5,-4,3,-3,3,-1,3,1,1,1,0,-1,-1,-3,-2,-4,-4,-4,-6,-4,-6,-1,-2,0,0,0,0,0,0,0,0,0,0,0,0,0,0,0,0,0,0,1,-2,5,-6,5,-6,5,-5,4,-3,3,-3,3,0,3,3,3,3,1,5,0,8,1,9,3,8,3,8,2,10,4,14,6,15,5,13,4,13,3,14,5,13,6,12,4,13,2,12,3,9,2,8,0,11"
58.00904893875122,915,"CSI,3127,128,83,49,21,0,-13,0,-11,-1,-12,-4,-13,-8,-10,-8,-9,-8,-7,-10,-3,-13,-4,-11,-9,-7,-10,-5,-10,-5,-13,-4,-15,-2,-16,-1,-13,-2,-10,-2,-7,-1,-6,-2,-4,-2,-3,-1,-3,-2,-2,-3,-3,-5,-4,-6,-1,-2,0,0,0,0,0,0,0,0,0,0,0,0,0,0,0,0,0,0,-2,1,-5,5,-4,2,-4,2,-5,5,-5,4,-5,1,-5,-1,-6,-2,-7,-3,-7,-1,-8,-1,-8,-3,-9,-3,-9,-3,-11,-5,-13,-4,-12,-2,-11,-1,-12,-2,-16,-2,-18,-2,-19,-2,-21,-2,-21,-2,-20,-1,-21,3"
58.10753583908081,916,"CSI,3131,128,83,49,21,0,-4,0,0,0,3,0,5,1,10,4,12,6,11,4,10,3,11,6,11,7,10,6,9,5,8,6,5,7,4,6,5,3,5,3,2,0,1,-2,2,-3,0,-3,-1,-4,-1,-6,-3,-6,-4,-5,-1,-1,0,0,0,0,0,0,0,0,0,0,0,0,0,0,0,0,0,0,1,-1,5,-4,3,-4,3,-3,3,-3,1,-4,2,-3,3,-2,1,-3,-1,-1,-1,1,-6,2,-11,3,-11,3,-10,3,-13,1,-14,0,-13,0,-13,-1,-16,-1,-18,-1,-17,0,-15,1,-12,0,-11,-3,-13,-5,-15,-6"
58.305606842041016,917,"CSI,1637,128,-118,32,8,0,-34,8,-33,8,-31,7,-28,7,-24,6,-20,4,-15,3,-9,1,-3,0,2,-1,7,-2,12,-2,17,-2,22,0,24,2,24,3,23,5,21,7,19,8,16,9,12,9,8,8,4,6,1,3,-1,1,-1,0,0,0,0,0,0,0,0,0,0,0,0,0,0,0,0,0,0,0,1,2,6,8,5,5,5,2,6,-2,8,-6,10,-9,13,-13,17,-15,20,-18,24,-19,25,-20,26,-19,26,-19,25,-18,23,-17,20,-16,16,-14,12,-12,7,-11,1,-9,-4,-6,-10,-4,-15,-1,-21,1,-26,3,-29,4"
58.337472915649414,918,"CSI,1638,128,-98,96,9,0,34,15,33,15,31,14,27,12,23,10,17,8,12,5,5,2,-1,-2,-6,-5,-11,-9,-15,-12,-18,-16,-20,-20,-20,-23,-17,-23,-14,-23,-10,-23,-7,-21,-4,-17,-2,-13,0,-8,1,-2,0,2,-1,5,-1,1,0,0,0,0,0,0,0,0,0,0,0,0,0,0,0,0,0,0,0,-5,0,-19,0,-16,-1,-12,-3,-8,-6,-5,-10,-2,-15,0,-20,1,-26,3,-30,3,-34,3,-36,2,-36,1,-36,1,-34,0,-32,1,-27,1,-22,2,-17,3,-10,4,-3,6,3,8,10,10,18,11,25,12,29,13"
58.41407895088196,919,"CSI,3142,128,83,49,21,0,3,-4,1,-10,-1,-11,-2,-11,-2,-12,0,-15,4,-16,9,-13,11,-11,7,-13,3,-14,1,-15,1,-12,1,-7,2,-6,1,-6,-2,-3,-2,-1,-3,0,-3,-2,-4,-1,-5,1,-6,3,-7,3,-7,2,-2,0,0,0,0,0,0,0,0,0,0,0,0,0,0,0,0,0,0,0,-2,2,-7,9,-6,7,-5,5,-5,2,-6,1,-5,1,-3,1,0,1,1,3,2,5,5,7,8,9,10,9,10,7,12,9,12,12,11,14,13,15,15,15,12,16,9,16,9,15,7,13,5,8,7,6,8,7"
58.51708698272705,920,"CSI,3147,128,83,49,21,0,5,-2,0,-4,-3,-7,-2,-11,-2,-15,-3,-16,0,-19,4,-22,1,-21,-1,-18,-1,-14,-2,-11,-2,-11,-1,-11,-2,-10,-4,-7,-2,-4,1,-2,3,2,1,4,0,3,-1,3,-1,5,-2,7,-4,9,-2,2,0,0,0,0,0,0,0,0,0,0,0,0,0,0,0,0,0,0,-2,-1,-8,-5,-8,-5,-8,-3,-7,-3,-5,-1,-3,1,-2,2,-2,3,-2,5,-3,5,-2,4,2,6,3,8,3,11,4,13,6,14,7,13,8,14,8,18,6,18,5,16,4,13,4,11,5,11,7,10,6,9"
58.6225848197937,921,"CSI,3151,128,83,49,21,0,-6,-8,-7,-2,-5,2,-3,6,-6,11,-8,15,-11,20,-15,23,-14,23,-9,22,-6,21,-6,20,-5,21,-5,21,-4,16,-2,12,-2,9,-3,7,-2,3,1,0,2,-2,2,-4,3,-6,1,-8,1,-10,0,-3,0,0,0,0,0,0,0,0,0,0,0,0,0,0,0,0,0,0,0,1,2,8,2,9,3,9,3,9,2,8,1,7,0,7,0,6,-2,4,-5,1,-7,-2,-8,-4,-5,-8,-2,-10,-2,-14,-1,-19,1,-22,3,-24,2,-26,1,-27,1,-28,2,-28,2,-26,4,-24,6,-23,6,-25"
58.653207778930664,922,"CSI,2682,128,75,-79,20,0,-3,6,1,0,3,-1,9,0,15,0,17,-2,16,0,18,4,22,5,23,0,21,-3,21,-4,20,-5,18,-5,16,-3,11,-1,6,2,2,1,0,-2,-1,-3,-2,-2,-4,-2,-6,-3,-8,-3,-9,-3,-3,-1,0,0,0,0,0,0,0,0,0,0,0,0,0,0,0,0,0,0,-1,-3,-2,-9,-2,-8,0,-9,2,-8,4,-8,4,-9,4,-9,4,-5,4,-1,3,0,0,3,-2,8,-4,11,-7,10,-10,12,-13,15,-14,14,-15,14,-19,16,-23,17,-24,15,-23,14,-23,15,-23,15,-20,14,-18,15"
58.68113994598389,923,"CSI,3201,128,83,49,21,0,-6,-10,-5,-6,-5,-2,-5,2,-5,5,-5,8,-2,8,2,5,0,5,-3,8,-4,9,-3,10,-1,9,-1,8,-1,7,0,5,-1,4,-1,1,1,-2,4,-1,5,1,4,1,3,-1,3,-2,4,0,1,0,0,0,0,0,0,0,0,0,0,0,0,0,0,0,0,0,0,0,-1,0,-1,2,1,0,3,1,6,3,9,4,9,5,10,8,11,9,11,6,11,4,9,4,6,4,4,3,3,3,1,1,0,-2,-2,-6,-3,-7,-5,-9,-9,-12,-10,-15,-10,-17,-12,-20,-11,-22,-7,-18,-4,-14"
58.71426177024841,924,"CSI,2683,128,75,-79,20,0,-3,4,-4,10,-6,16,-7,17,-7,15,-7,15,-5,16,-1,20,1,18,-3,14,-4,14,-1,14,1,13,0,8,-1,5,-2,6,-2,5,-1,1,2,-1,5,-2,4,-4,0,-7,0,-7,1,-7,2,-7,0,-2,0,0,0,0,0,0,0,0,0,0,0,0,0,0,0,0,0,0,-1,1,-3,8,-5,8,-5,6,-6,5,-5,4,-4,3,-4,0,-4,-4,-3,-5,-2,-6,0,-9,2,-12,4,-16,5,-19,6,-19,8,-20,10,-20,10,-20,9,-20,10,-20,10,-20,10,-19,10,-16,8,-13,5,-11,3,-9"
58.744874000549316,925,"CSI,2684,128,75,-79,20,0,4,4,8,0,12,0,14,2,15,3,16,3,16,4,16,8,16,9,15,5,13,6,13,5,12,1,10,-1,8,0,6,-1,3,-1,2,-2,1,-4,-1,-5,-1,-5,-1,-6,-3,-5,-3,-5,-2,-5,-1,-2,0,0,0,0,0,0,0,0,0,0,0,0,0,0,0,0,0,0,0,-3,0,-10,1,-7,1,-5,1,-6,1,-7,0,-6,-1,-4,-2,0,-4,3,-7,6,-8,9,-8,10,-10,10,-13,10,-17,12,-16,14,-15,15,-17,14,-21,13,-22,12,-20,12,-15,11,-10,9,-10,9,-11,7,-8,1"
58.77542304992676,926,"CSI,3154,128,83,49,21,0,-5,10,-4,13,-1,15,2,16,1,18,-1,19,-2,20,-5,22,-4,19,1,15,1,13,2,13,0,13,-1,12,1,10,4,8,5,5,5,5,4,4,5,3,5,1,6,0,8,0,9,-1,8,-3,1,-1,0,0,0,0,0,0,0,0,0,0,0,0,0,0,0,0,0,0,0,-3,2,-11,3,-8,2,-6,1,-5,1,-5,0,-5,-1,-3,-2,-1,-2,1,-5,2,-7,3,-12,4,-16,4,-17,0,-19,-4,-23,-5,-23,-3,-22,-2,-24,-4,-24,-6,-20,-6,-17,-5,-15,-6,-14,-4,-11,-1,-7,1"
58.805964946746826,927,"CSI,2685,128,75,-79,20,0,12,4,15,1,15,-3,16,-7,19,-8,20,-8,24,-6,30,-3,28,-4,24,-7,21,-7,18,-5,17,-4,16,-4,13,-3,9,-2,6,-2,6,-4,4,-9,0,-11,0,-10,-1,-10,-3,-9,-3,-8,-3,-8,-1,-2,0,0,0,0,0,0,0,0,0,0,0,0,0,0,0,0,0,0,-2,2,-5,7,-6,7,-7,7,-6,7,-5,4,-5,4,-3,4,-1,2,3,2,6,4,5,6,5,6,9,8,11,9,12,10,13,15,14,18,13,17,11,20,9,23,9,23,9,21,8,18,7,16,6,16,3,18"
58.83656191825867,928,"CSI,3159,128,83,49,21,0,5,-5,6,-10,7,-14,6,-16,6,-18,7,-17,14,-18,21,-19,18,-18,10,-17,7,-18,8,-18,7,-16,6,-13,4,-11,1,-9,-1,-9,0,-7,-1,-6,-4,-8,-7,-9,-7,-9,-6,-8,-6,-7,-6,-5,-2,-1,0,0,0,0,0,0,0,0,0,0,0,0,0,0,0,0,0,0,-2,1,-5,6,-4,5,-4,4,-3,4,0,4,0,4,-1,2,0,-1,1,-2,3,-2,4,-1,6,-1,10,1,14,2,16,4,18,6,19,7,20,9,21,12,21,11,21,10,19,11,16,11,14,10,12,8,10,6"
58.86583995819092,929,"CSI,2686,128,101,80,6,0,5,-5,5,-10,4,-13,5,-17,7,-20,5,-20,7,-21,10,-21,9,-23,6,-22,3,-18,2,-16,5,-15,4,-14,1,-12,0,-8,-2,-7,-3,-7,-3,-6,-6,-5,-7,-4,-7,-2,-8,0,-8,0,-7,-2,-2,-1,0,0,0,0,0,0,0,0,0,0,0,0,0,0,0,0,0,0,-1,1,-3,7,-5,6,-6,5,-4,6,-3,5,-3,4,-3,3,-1,2,1,1,3,1,6,1,10,2,14,4,17,6,17,5,18,7,19,11,21,11,23,13,20,14,19,13,17,12,14,12,11,10,10,6,11,5"
58.926772117614746,930,"CSI,3163,128,83,49,21,0,-5,13,1,14,2,17,3,18,5,19,4,22,4,21,7,16,9,16,5,19,1,18,0,15,2,12,3,12,4,14,4,13,3,10,1,6,2,4,3,3,5,2,7,2,7,2,7,2,10,2,3,0,0,0,0,0,0,0,0,0,0,0,0,0,0,0,0,0,0,0,-2,0,-9,1,-10,0,-9,0,-8,0,-8,1,-9,2,-11,3,-12,5,-11,5,-9,5,-9,7,-9,9,-9,12,-10,15,-12,17,-15,18,-17,18,-19,20,-20,21,-21,20,-19,17,-18,14,-19,10,-17,9,-15,11,-16,12"
59.033504009246826,931,"CSI,3167,128,83,49,21,0,2,-21,0,-20,-4,-15,-8,-14,-13,-17,-14,-19,-13,-20,-14,-22,-16,-22,-16,-20,-15,-17,-13,-15,-11,-17,-9,-17,-7,-15,-5,-13,-2,-9,-2,-8,-4,-7,-5,-4,-4,-3,-6,-3,-8,-3,-7,-1,-6,-1,-2,-1,0,0,0,0,0,0,0,0,0,0,0,0,0,0,0,0,0,0,1,-2,5,-7,6,-9,7,-9,7,-10,8,-11,9,-11,7,-13,5,-13,6,-10,7,-10,6,-13,4,-17,2,-17,3,-19,2,-21,0,-23,2,-25,5,-27,6,-29,9,-28,13,-26,13,-27,11,-28,9,-28,9,-24,11,-18"
59.13568091392517,932,"CSI,3170,128,83,49,21,0,-11,-10,-16,-8,-18,-5,-20,-3,-22,-2,-24,-4,-24,-2,-23,0,-21,-2,-21,-4,-21,-3,-19,-4,-18,-8,-17,-9,-15,-7,-11,-3,-9,1,-8,0,-7,-1,-6,1,-6,3,-6,5,-6,5,-6,5,-6,5,-2,1,0,0,0,0,0,0,0,0,0,0,0,0,0,0,0,0,0,0,0,-4,2,-11,3,-9,4,-10,3,-11,3,-9,3,-9,3,-9,3,-8,2,-8,-1,-10,-4,-11,-7,-12,-8,-13,-10,-15,-10,-20,-11,-26,-11,-27,-9,-27,-8,-29,-8,-31,-6,-33,-3,-32,-1,-28,-3,-25,-4,-24,-3,-21"
59.233941078186035,933,"CSI,3175,128,83,49,21,0,7,13,13,12,19,8,22,8,25,9,26,9,29,11,31,15,28,14,26,12,23,9,21,5,20,6,17,8,14,8,10,6,7,1,4,-4,4,-5,6,-3,6,-3,5,-5,4,-8,4,-12,4,-12,0,-3,0,0,0,0,0,0,0,0,0,0,0,0,0,0,0,0,0,0,-1,2,-7,9,-12,7,-14,6,-14,4,-13,3,-11,2,-11,3,-12,5,-10,8,-6,9,0,9,3,12,3,17,2,21,2,25,2,27,2,26,-2,27,-6,31,-7,32,-7,32,-10,30,-8,27,-3,26,-2,24,-4,21"
59.32968592643738,934,"CSI,1649,128,-118,32,8,0,7,-13,1,-10,-5,-7,-9,-3,-13,-1,-18,2,-22,3,-24,5,-26,6,-28,7,-28,6,-27,6,-25,4,-23,2,-19,0,-14,-1,-9,-1,-4,-1,1,0,5,1,9,3,12,7,13,10,12,13,10,16,2,4,0,0,0,0,0,0,0,0,0,0,0,0,0,0,0,0,0,0,2,3,11,15,10,19,9,24,7,28,4,31,1,32,-2,32,-4,31,-5,28,-5,24,-3,19,0,14,4,9,7,5,11,0,15,-5,20,-8,24,-12,27,-15,30,-18,31,-20,32,-21,31,-22,28,-22,25,-20,22,-18"
59.358997106552124,935,"CSI,3178,128,83,49,21,0,7,14,11,13,12,14,13,15,16,14,16,15,16,17,22,15,22,15,16,18,10,17,6,15,6,12,6,10,6,9,6,8,7,5,8,2,7,0,8,0,8,1,8,-1,9,-4,8,-5,7,-5,1,-2,0,0,0,0,0,0,0,0,0,0,0,0,0,0,0,0,0,0,-2,2,-8,8,-9,9,-12,9,-11,7,-9,7,-8,7,-7,7,-7,8,-7,9,-6,9,-5,12,-6,16,-5,17,-1,16,-1,18,-4,20,-7,20,-7,23,-6,25,-6,26,-8,26,-9,25,-10,22,-9,21,-9,23,-12,21"
59.542229890823364,936,"CSI,3187,128,83,49,21,0,-6,12,0,11,6,8,10,10,12,14,12,14,13,17,15,22,16,20,17,17,17,17,15,14,12,12,9,13,7,11,6,8,2,5,1,2,3,0,5,-4,5,-6,5,-7,3,-8,3,-7,4,-4,1,-1,0,0,0,0,0,0,0,0,0,0,0,0,0,0,0,0,0,0,-2,-2,-7,-7,-5,-9,-4,-9,-5,-9,-6,-8,-4,-8,-3,-8,-1,-7,0,-5,-2,-1,-3,4,-5,7,-6,7,-8,9,-12,13,-16,15,-18,15,-19,14,-23,13,-25,13,-25,12,-24,10,-23,9,-20,8,-15,8,-13,10"
59.64425301551819,937,"CSI,3190,128,83,49,21,0,11,3,13,-3,11,-9,9,-12,11,-13,11,-17,14,-19,21,-18,19,-18,15,-18,13,-17,13,-13,13,-11,12,-12,11,-12,11,-10,7,-10,4,-9,2,-5,1,-5,0,-7,-1,-8,-1,-9,-1,-9,-4,-9,-2,-3,0,0,0,0,0,0,0,0,0,0,0,0,0,0,0,0,0,0,0,1,1,7,1,7,-2,6,-5,7,-6,5,-7,2,-6,2,-4,5,-1,6,2,6,4,6,8,4,13,4,14,4,16,6,18,9,17,9,18,9,21,14,21,20,19,22,17,22,17,20,14,17,11,13,11,11"
59.746334075927734,938,"CSI,3194,128,83,49,21,0,13,-11,10,-13,8,-15,7,-19,5,-23,6,-23,7,-22,8,-25,9,-24,6,-20,5,-18,5,-16,3,-15,3,-14,4,-12,2,-9,-1,-8,-3,-8,-3,-7,-4,-7,-6,-8,-7,-7,-5,-8,-5,-8,-5,-8,-1,-2,0,0,0,0,0,0,0,0,0,0,0,0,0,0,0,0,0,0,2,1,8,6,7,7,7,6,9,7,8,8,5,6,5,4,8,1,11,-1,12,-2,12,-4,14,-6,16,-8,17,-8,20,-5,21,-3,21,-4,24,-4,28,-2,28,2,28,5,25,5,19,3,15,0,15,-3,15,-6"
59.84910988807678,939,"CSI,3198,128,83,49,21,0,6,5,9,1,14,1,19,1,20,2,21,4,20,8,18,13,17,13,17,9,14,6,12,4,12,3,10,4,8,2,6,-1,4,-4,2,-6,1,-7,3,-8,6,-9,4,-8,2,-8,3,-10,4,-12,1,-3,0,0,0,0,0,0,0,0,0,0,0,0,0,0,0,0,0,0,-3,-2,-10,-4,-10,-5,-10,-7,-10,-8,-10,-6,-8,-2,-6,1,-4,1,-2,3,-2,5,-3,6,-3,9,-3,13,-5,16,-8,20,-9,23,-10,23,-11,22,-12,23,-13,21,-12,20,-12,20,-11,19,-5,17,-2,14,-3,13"
59.950716972351074,940,"CSI,3203,128,83,49,21,0,3,0,-1,0,-5,-4,-7,-10,-9,-13,-12,-15,-11,-14,-5,-13,-5,-17,-7,-20,-5,-18,-4,-16,-5,-13,-4,-10,-3,-10,-2,-8,-1,-4,0,0,-1,2,-3,2,-4,3,-4,4,-4,5,-5,6,-5,7,-1,1,0,0,0,0,0,0,0,0,0,0,0,0,0,0,0,0,0,0,-1,1,-3,5,-1,6,0,7,-1,8,-3,6,-3,4,-1,4,2,2,4,0,5,0,6,2,8,2,10,1,12,0,14,0,17,1,17,-2,17,-6,17,-4,18,0,17,0,17,-1,17,0,17,1,17,-2,16,-2"
60.0533709526062,941,"CSI,3207,128,83,49,21,0,6,8,8,7,9,7,10,7,11,10,10,11,10,9,12,6,11,4,7,5,6,7,6,5,5,3,4,1,4,1,2,3,-2,2,-2,-1,-1,-3,-2,-4,-4,-7,-1,-9,-1,-9,-1,-9,3,-9,1,-2,0,0,0,0,0,0,0,0,0,0,0,0,0,0,0,0,0,0,1,-2,5,-6,3,-6,4,-6,4,-5,3,-4,0,-3,-3,-3,-4,-5,-5,-6,-8,-4,-13,-4,-17,-6,-17,-7,-18,-7,-22,-6,-23,-8,-19,-8,-17,-9,-16,-9,-15,-7,-12,-6,-10,-3,-8,-2,-6,0,-4,5,-3,8"
60.156375885009766,942,"CSI,3210,128,83,49,21,0,0,-2,3,-5,6,-7,8,-8,8,-12,10,-15,9,-16,4,-17,3,-16,6,-14,9,-11,10,-8,8,-7,6,-5,4,-3,4,-4,2,-5,-1,-3,-2,-2,-3,-2,-4,-1,-4,4,-5,4,-6,1,-5,0,-1,0,0,0,0,0,0,0,0,0,0,0,0,0,0,0,0,0,0,0,-2,-2,-7,-8,-6,-9,-5,-9,-5,-9,-5,-8,-4,-5,-2,-3,-1,-2,-2,1,-5,4,-7,5,-7,9,-6,13,-6,13,-7,16,-5,19,-4,20,-4,20,-4,20,-4,20,-5,17,-6,15,-7,15,-7,16,-6,13,-6,7"
60.257450103759766,943,"CSI,3215,128,83,49,21,0,1,-2,2,-5,5,-7,6,-8,7,-10,9,-13,8,-12,3,-9,5,-8,8,-8,7,-8,7,-6,8,-6,7,-5,5,-4,4,-4,1,-4,-1,-3,-2,-1,-3,-1,-3,-1,-5,-2,-6,-3,-7,-3,-6,-2,-2,-1,0,0,0,0,0,0,0,0,0,0,0,0,0,0,0,0,0,0,-2,-1,-7,-2,-8,-2,-6,-1,-6,1,-5,1,-3,-2,-4,-3,-3,-1,0,3,1,6,0,9,3,10,3,9,1,11,0,14,0,16,1,16,2,17,0,19,-1,19,0,18,0,15,-2,12,-2,10,-3,9,-4,9"
60.36344289779663,944,"CSI,3219,128,83,49,21,0,-10,-1,-10,-1,-9,-4,-7,-6,-8,-7,-10,-6,-13,-11,-15,-16,-17,-13,-17,-8,-14,-6,-11,-5,-11,-5,-12,-3,-11,-1,-9,-1,-8,-2,-6,-1,-3,-1,-1,-1,-1,-1,-1,-4,0,-6,2,-6,4,-6,1,-2,0,0,0,0,0,0,0,0,0,0,0,0,0,0,0,0,0,0,-1,1,-3,6,-4,8,-4,7,-5,2,-6,1,-5,2,-5,0,-6,-2,-7,-1,-10,-1,-11,-2,-11,-1,-11,-1,-11,-1,-12,0,-13,3,-13,3,-11,1,-12,1,-13,2,-13,1,-12,-2,-10,-1,-12,2,-15,3,-12,1"
60.56446075439453,945,"CSI,3227,128,83,49,21,0,-4,6,-4,7,-6,7,-9,8,-12,11,-14,11,-11,7,-6,3,-8,4,-10,7,-9,9,-8,9,-6,11,-4,11,-2,9,-2,6,-4,3,-3,1,-1,-2,-3,-4,-5,-3,-6,-2,-6,-3,-7,-5,-6,-5,-2,-2,0,0,0,0,0,0,0,0,0,0,0,0,0,0,0,0,0,0,2,0,8,2,7,2,6,2,5,3,3,2,2,1,1,3,0,5,-1,6,-3,6,-4,7,-2,8,-1,10,-3,12,-5,13,-2,13,0,14,0,16,2,17,4,15,4,14,2,13,3,13,7,13,4,14,0,16"
60.664846897125244,946,"CSI,3230,128,83,49,21,0,9,4,9,6,8,5,5,5,2,7,1,9,5,11,10,13,11,13,8,12,6,12,5,12,5,11,7,9,8,8,6,5,3,5,-1,3,-3,2,-3,1,-3,0,-5,1,-5,3,-5,3,-3,2,-1,0,0,0,0,0,0,0,0,0,0,0,0,0,0,0,0,0,0,0,0,-3,2,-9,1,-10,2,-9,3,-8,4,-7,5,-5,4,-3,5,-3,8,-2,11,0,12,2,9,3,8,5,11,4,13,1,14,2,14,2,13,0,14,2,15,4,14,3,12,3,12,2,14,-1,13,-4,11,-5"
60.7695689201355,947,"CSI,3234,128,83,49,21,0,1,-1,4,5,5,9,5,12,6,12,7,12,8,11,8,8,7,9,8,11,8,10,5,9,6,9,8,6,7,4,3,3,-1,3,-2,2,0,1,-2,0,-4,-2,-4,-2,-4,-1,-4,-1,-6,-3,-2,-1,0,0,0,0,0,0,0,0,0,0,0,0,0,0,0,0,0,0,-3,2,-10,6,-8,4,-5,2,-5,2,-7,1,-7,-1,-5,-3,-2,-4,-1,-3,-1,-2,0,-5,2,-10,2,-12,3,-14,6,-17,9,-19,9,-20,9,-20,11,-18,11,-15,10,-15,8,-16,5,-15,2,-11,0,-9,0,-6"
60.9736590385437,948,"CSI,3243,128,83,49,21,0,-6,0,-9,-4,-9,-6,-9,-5,-13,-4,-15,-7,-16,-6,-20,-2,-19,-1,-14,-2,-13,0,-11,0,-10,-2,-8,-3,-5,-1,-3,0,-2,2,2,2,5,1,5,2,5,2,6,2,7,2,5,3,5,2,1,0,0,0,0,0,0,0,0,0,0,0,0,0,0,0,0,0,0,0,-3,0,-10,2,-10,3,-9,4,-8,4,-6,4,-3,4,-2,2,-2,0,2,1,6,2,9,1,13,0,16,0,16,1,17,2,21,2,22,1,21,1,21,3,22,6,21,6,19,4,16,2,13,0,12,-2,11,0"
61.07721304893494,949,"CSI,3247,128,83,49,21,0,-7,4,-2,6,1,8,4,10,5,14,4,16,5,13,9,10,7,12,2,14,1,14,1,12,2,11,1,9,0,7,1,5,2,2,1,-1,2,-2,4,-4,5,-5,4,-4,4,-6,5,-8,8,-8,2,-3,0,0,0,0,0,0,0,0,0,0,0,0,0,0,0,0,0,0,-1,-3,-2,-9,-1,-9,-1,-9,-2,-9,-4,-7,-5,-6,-4,-6,-4,-6,-6,-5,-8,-1,-12,3,-14,6,-17,5,-21,2,-24,1,-25,1,-25,0,-21,1,-18,3,-20,3,-24,3,-24,2,-21,3,-20,4,-20,4,-18,3"
61.13918590545654,950,"CSI,2687,128,75,-79,20,0,16,-2,12,-4,9,-5,5,-9,4,-15,3,-18,3,-21,5,-26,6,-27,5,-23,5,-20,7,-17,7,-16,6,-14,5,-11,4,-8,3,-6,1,-2,-1,0,-3,-1,-4,-2,-5,-4,-6,-5,-7,-6,-6,-7,-2,-2,0,0,0,0,0,0,0,0,0,0,0,0,0,0,0,0,0,0,1,1,7,6,7,5,7,6,6,4,4,2,5,3,6,3,8,2,10,2,10,1,12,-1,15,-4,14,-5,14,-4,15,-4,18,-6,21,-3,20,0,20,0,20,0,22,-1,24,-1,25,0,25,-2,24,-4,24,-4"
61.1724579334259,951,"CSI,2688,128,75,-79,20,0,-15,1,-12,2,-9,4,-5,8,-5,11,-5,10,-6,13,-6,19,-5,19,-5,17,-4,17,-5,17,-9,14,-11,12,-10,10,-7,7,-3,4,-1,3,0,3,2,4,4,5,4,4,5,3,7,3,9,3,2,0,0,0,0,0,0,0,0,0,0,0,0,0,0,0,0,0,0,0,-3,-2,-9,-6,-7,-9,-6,-11,-5,-9,-5,-6,-7,-5,-8,-4,-7,-4,-6,-2,-9,-1,-14,-2,-15,-2,-14,-4,-17,-4,-19,-3,-19,-1,-21,0,-24,-1,-25,-4,-25,-4,-25,-4,-24,-1,-25,1,-26,-2,-24,-4,-24,-4"
61.20292091369629,952,"CSI,2689,128,75,-79,20,0,-5,15,-2,10,1,9,4,8,9,5,13,7,13,9,11,7,10,9,12,15,12,17,9,16,5,15,4,13,4,9,3,8,2,7,2,4,2,1,2,0,4,-1,6,-4,6,-5,7,-3,8,-2,2,-1,0,0,0,0,0,0,0,0,0,0,0,0,0,0,0,0,0,0,-3,2,-8,10,-7,9,-5,8,-5,8,-6,8,-4,6,-2,5,-3,6,-6,6,-5,6,-1,9,0,12,-2,13,-4,16,-4,17,-5,17,-6,18,-7,22,-5,24,-4,26,-7,25,-9,25,-7,25,-7,24,-7,23,-5,19"
61.235461950302124,953,"CSI,3251,128,83,49,21,0,-1,-17,-3,-14,-7,-8,-11,-4,-13,-4,-15,-4,-18,-6,-20,-13,-23,-12,-24,-8,-22,-7,-20,-8,-19,-9,-16,-9,-13,-8,-10,-6,-7,-6,-6,-6,-4,-2,-4,0,-5,2,-5,5,-6,6,-7,6,-5,7,-1,2,0,0,0,0,0,0,0,0,0,0,0,0,0,0,0,0,0,0,0,-4,4,-11,5,-8,7,-7,6,-7,3,-8,3,-7,4,-9,1,-9,-2,-8,-3,-6,-4,-6,-6,-12,-4,-17,-2,-19,-4,-21,-7,-21,-6,-16,-6,-15,-6,-21,-4,-26,-2,-25,-4,-26,-5,-28,-4,-28,-2,-26,-2,-23"
61.284043073654175,954,"CSI,3255,128,83,49,21,0,5,-10,0,-9,-3,-7,-9,-7,-13,-9,-15,-9,-18,-11,-21,-18,-19,-18,-18,-14,-17,-13,-14,-11,-11,-9,-11,-10,-10,-11,-8,-9,-8,-5,-8,-2,-8,1,-7,2,-6,3,-4,5,-4,6,-5,7,-5,8,-2,2,0,0,0,0,0,0,0,0,0,0,0,0,0,0,0,0,0,0,1,0,5,3,7,7,8,6,8,4,7,4,5,5,3,7,3,7,4,3,5,0,6,-2,5,-5,5,-8,6,-10,8,-11,13,-14,18,-17,19,-17,19,-18,19,-20,20,-20,22,-17,22,-18,21,-18,21,-17,22,-17"
61.386475801467896,955,"CSI,3259,128,83,49,21,0,-10,8,-7,5,-3,-2,3,-7,9,-9,11,-13,14,-15,17,-11,18,-13,19,-19,18,-22,16,-20,14,-18,12,-16,10,-14,8,-11,5,-9,2,-6,1,-3,-2,-2,-3,1,-5,3,-6,5,-5,7,-5,8,-2,2,0,0,0,0,0,0,0,0,0,0,0,0,0,0,0,0,0,0,0,-2,3,-8,5,-10,7,-12,7,-9,8,-4,9,-2,8,-2,7,-2,5,-2,1,-2,-1,0,-4,2,-7,5,-9,7,-11,9,-13,12,-14,13,-15,13,-19,13,-22,14,-23,16,-23,18,-22,18,-20,17,-18,16,-18,12"
61.489306926727295,956,"CSI,3263,128,83,49,21,0,-7,10,-3,8,0,3,3,-2,8,-7,9,-11,14,-11,23,-9,24,-12,19,-14,16,-13,15,-11,15,-7,15,-5,13,-4,11,0,9,0,6,-1,2,0,-1,-2,-1,-3,-5,-1,-10,0,-12,0,-13,-1,-4,-1,0,0,0,0,0,0,0,0,0,0,0,0,0,0,0,0,0,0,-2,-3,-6,-9,-7,-8,-5,-8,-3,-10,-1,-10,0,-9,0,-8,0,-6,-2,-5,-3,-3,-3,-1,-2,2,-1,6,-4,9,-8,11,-8,16,-8,20,-10,20,-12,20,-14,20,-17,21,-19,22,-14,22,-12,19,-14,17,-15,18"
61.544994831085205,957,"CSI,3313,128,83,49,21,0,-5,-13,-6,-9,-6,-5,-4,-4,-3,-3,-4,-1,-1,2,2,5,-1,5,-4,7,-4,12,-5,14,-5,11,-4,10,-4,11,-2,10,-2,9,-2,7,0,4,0,1,0,-1,1,-4,1,-6,2,-4,5,-3,1,-1,0,0,0,0,0,0,0,0,0,0,0,0,0,0,0,0,0,0,-1,0,-1,0,0,1,1,2,2,3,3,3,4,3,6,5,4,6,3,5,5,4,6,4,5,4,5,3,6,2,6,2,4,0,3,-4,2,-7,0,-9,-3,-11,-3,-13,-3,-12,-6,-11,-7,-16,-6,-20,-3,-20"
61.59181189537048,958,"CSI,3267,128,83,49,21,0,-2,-13,-4,-8,-6,-4,-8,-2,-13,-1,-18,-1,-18,-2,-15,-5,-16,-7,-17,-6,-17,-3,-18,-2,-19,-3,-17,-4,-14,-4,-10,-4,-8,-3,-8,-1,-8,2,-6,3,-5,2,-3,2,-2,4,-2,6,-3,4,-1,0,0,0,0,0,0,0,0,0,0,0,0,0,0,0,0,0,0,0,1,-2,6,-6,7,-5,7,-5,8,-5,8,-4,7,-2,4,-3,2,-5,2,-6,0,-7,-2,-8,-2,-10,-1,-11,0,-14,-2,-17,-4,-19,-5,-20,-5,-21,-4,-24,-3,-28,-3,-28,-2,-27,0,-26,0,-24,-1,-23,0,-23"
61.6907799243927,959,"CSI,3271,128,83,49,21,0,11,0,7,-4,3,-7,0,-10,0,-13,3,-16,3,-18,0,-18,1,-17,3,-17,4,-19,5,-18,5,-16,5,-13,5,-13,5,-12,4,-10,4,-8,1,-7,-3,-6,-5,-5,-5,-4,-6,-3,-7,-3,-7,-4,-2,-2,0,0,0,0,0,0,0,0,0,0,0,0,0,0,0,0,0,0,1,1,6,4,5,6,3,8,2,9,2,7,1,5,0,3,1,3,3,2,6,-1,8,-3,11,-3,12,-4,13,-6,14,-3,16,0,20,0,22,0,21,0,21,2,23,3,23,6,18,7,15,5,16,2,17,-1"
61.7950758934021,960,"CSI,3274,128,83,49,21,0,5,-11,3,-13,1,-14,-2,-13,-6,-13,-8,-15,-9,-16,-9,-15,-9,-16,-9,-17,-8,-17,-6,-16,-6,-14,-7,-13,-7,-13,-7,-12,-6,-8,-6,-5,-8,-4,-6,-2,-5,0,-5,1,-5,2,-6,3,-8,3,-3,0,0,0,0,0,0,0,0,0,0,0,0,0,0,0,0,0,0,0,0,1,3,4,4,6,4,7,3,7,3,6,1,5,1,4,2,3,3,2,2,-2,4,-6,6,-7,7,-9,9,-10,12,-11,16,-13,19,-11,21,-7,22,-7,21,-8,20,-8,20,-7,19,-6,15,-7,12,-5,12,-1"
61.89687395095825,961,"CSI,3279,128,83,49,21,0,-15,-3,-10,-2,-5,1,0,6,3,9,3,10,5,12,9,14,9,15,6,18,3,19,1,18,2,17,3,17,2,14,0,11,-2,8,-2,6,0,4,3,2,4,0,2,-3,2,-3,3,-3,3,-3,0,-1,0,0,0,0,0,0,0,0,0,0,0,0,0,0,0,0,0,0,-1,-2,-1,-8,1,-8,4,-8,4,-8,3,-10,3,-8,4,-5,3,-5,2,-6,-1,-5,-1,-5,-1,-4,-5,-3,-9,-3,-12,-5,-14,-5,-17,-4,-19,-6,-23,-8,-26,-7,-24,-6,-21,-9,-23,-8,-25,-7,-22,-6,-20,-6"
61.999013900756836,962,"CSI,3282,128,83,49,21,0,3,14,3,9,6,3,7,-1,9,-5,12,-7,15,-9,17,-13,17,-14,16,-13,15,-11,15,-7,17,-6,15,-5,13,-3,12,-3,9,-3,5,-2,2,-2,-2,-4,-3,-4,-3,-5,-2,-6,-2,-5,-3,-4,-1,-1,0,0,0,0,0,0,0,0,0,0,0,0,0,0,0,0,0,0,-3,0,-10,2,-11,2,-11,3,-10,3,-10,1,-8,0,-9,1,-10,1,-8,-1,-3,-1,0,2,-2,4,-2,5,0,7,2,11,2,14,0,15,-1,18,-2,23,-1,26,0,26,2,25,3,24,1,24,1,24,1,21"
62.103447914123535,963,"CSI,3286,128,83,49,21,0,-6,-10,-8,-4,-8,-3,-7,2,-9,7,-12,9,-17,10,-20,12,-18,11,-17,12,-16,13,-14,12,-12,9,-11,4,-12,2,-12,1,-10,1,-5,1,-1,2,2,3,5,2,6,1,6,2,6,3,7,3,2,0,0,0,0,0,0,0,0,0,0,0,0,0,0,0,0,0,0,0,0,-2,4,-6,7,-8,8,-7,9,-5,10,-5,9,-5,8,-3,7,-2,5,-1,4,-1,3,-3,-1,-5,-5,-6,-9,-7,-11,-9,-10,-13,-10,-16,-11,-19,-12,-20,-11,-21,-11,-22,-11,-23,-8,-25,-8,-26,-9,-25,-10,-24"
62.203428983688354,964,"CSI,3291,128,83,49,21,0,4,8,3,3,3,-2,4,-5,5,-8,5,-11,7,-11,12,-13,14,-17,14,-18,14,-18,13,-16,12,-13,10,-10,8,-8,6,-7,4,-5,1,-3,-1,-3,-1,-4,-3,-4,-4,-3,-5,-3,-7,-3,-6,-2,-2,0,0,0,0,0,0,0,0,0,0,0,0,0,0,0,0,0,0,0,0,2,1,7,-3,7,-5,8,-6,7,-7,6,-8,5,-8,3,-8,2,-6,1,-4,0,-2,0,1,2,5,5,6,8,7,8,9,6,12,7,15,9,17,11,18,11,18,15,17,20,17,20,18,17,18,16,21,15"
62.306824922561646,965,"CSI,3294,128,83,49,21,0,4,-4,-2,-2,-7,-1,-10,-1,-15,-1,-19,-1,-18,-2,-16,-5,-16,-7,-18,-6,-22,-4,-22,-3,-16,0,-13,2,-12,2,-10,2,-9,2,-4,2,2,3,3,6,2,6,3,6,5,4,5,4,5,3,1,0,0,0,0,0,0,0,0,0,0,0,0,0,0,0,0,0,0,0,0,2,0,8,-1,8,-1,10,-1,9,-1,7,-1,6,-1,5,-1,2,0,-1,3,0,5,-2,6,-8,8,-11,10,-9,13,-10,18,-13,19,-13,20,-13,21,-14,24,-13,26,-12,24,-10,21,-9,17,-8,14,-7,14,-8"
62.407577991485596,966,"CSI,3299,128,83,49,21,0,-5,3,1,3,5,3,7,3,12,3,16,4,15,3,11,1,12,5,16,8,17,6,15,5,14,5,12,6,8,5,6,4,5,2,4,0,5,-3,4,-5,1,-6,0,-6,-1,-7,-1,-7,-2,-8,-1,-2,0,0,0,0,0,0,0,0,0,0,0,0,0,0,0,0,0,0,0,-2,0,-9,-1,-11,-1,-12,1,-10,2,-8,2,-7,0,-7,1,-7,2,-5,2,-3,0,1,-4,2,-9,2,-11,3,-13,5,-18,6,-21,7,-22,8,-23,8,-24,7,-23,5,-21,4,-19,3,-18,2,-17,2,-16,1"
62.4693169593811,967,"CSI,2690,128,77,-47,20,0,4,5,0,-1,-3,-3,-6,-4,-9,-9,-13,-14,-13,-17,-9,-20,-10,-20,-12,-18,-13,-15,-13,-14,-12,-12,-9,-10,-7,-8,-4,-8,-3,-7,-4,-4,-3,1,-2,4,-2,6,-1,4,0,4,1,6,3,7,1,2,0,0,0,0,0,0,0,0,0,0,0,0,0,0,0,0,0,0,-3,0,-10,2,-10,3,-10,3,-10,0,-9,-1,-11,0,-11,-1,-9,-4,-6,-3,-4,-1,0,0,4,0,7,0,9,1,12,4,14,9,16,12,18,11,22,11,24,12,23,14,24,15,23,16,21,17,20,13,18,7"
62.50251770019531,968,"CSI,2691,128,77,-47,20,0,-6,1,-3,-4,4,-4,7,-6,8,-10,10,-13,10,-15,10,-18,14,-17,18,-13,17,-12,13,-13,10,-14,8,-12,7,-9,5,-8,1,-7,-1,-3,-1,0,-1,1,-5,1,-8,2,-5,3,-3,4,-4,3,-1,0,0,0,0,0,0,0,0,0,0,0,0,0,0,0,0,0,0,0,1,-3,3,-9,1,-9,2,-9,4,-9,6,-8,7,-7,7,-7,6,-6,4,-4,4,-4,3,-3,0,0,-4,3,-8,4,-12,6,-13,9,-16,10,-19,9,-20,11,-20,12,-21,12,-21,13,-20,15,-20,16,-18,16,-14,16"
62.53014898300171,969,"CSI,3303,128,83,49,21,0,1,-2,0,1,1,5,2,8,2,12,3,15,0,21,-4,27,-1,26,2,22,4,19,3,17,0,15,1,12,2,12,1,11,3,5,4,1,4,-1,4,-4,2,-6,-3,-6,-6,-7,-8,-7,-6,-5,-2,-1,0,0,0,0,0,0,0,0,0,0,0,0,0,0,0,0,0,0,-1,1,-3,9,-4,10,-5,9,-6,7,-5,6,-5,6,-5,6,-2,4,-1,1,-3,-2,-4,-4,-2,-6,1,-7,2,-8,4,-10,6,-14,6,-18,6,-21,8,-22,8,-23,8,-25,8,-23,6,-20,3,-20,3,-21,4,-20"
62.61258673667908,970,"CSI,3307,128,83,49,21,0,1,8,4,7,7,5,10,5,13,5,15,5,18,6,21,8,21,9,18,6,13,5,8,4,9,4,11,3,10,1,7,-1,5,-3,7,-5,10,-4,8,-4,6,-2,3,-1,1,-3,1,-5,3,-4,0,-1,0,0,0,0,0,0,0,0,0,0,0,0,0,0,0,0,0,0,-3,0,-9,3,-8,4,-8,4,-8,2,-7,0,-7,-2,-7,-2,-6,1,-5,4,-5,4,-5,4,-4,7,-4,11,-4,13,-3,12,-4,14,-5,17,-5,19,-5,20,-8,21,-10,20,-11,20,-13,18,-12,16,-9,15,-7,16"
62.71554183959961,971,"CSI,3310,128,83,49,21,0,-2,-5,-4,-5,-8,-2,-14,0,-19,-1,-22,0,-23,-3,-20,-8,-19,-7,-18,-3,-16,-2,-14,-1,-13,1,-11,1,-11,0,-8,-1,-3,2,-1,4,0,4,3,4,2,4,2,4,6,5,8,4,5,3,0,0,0,0,0,0,0,0,0,0,0,0,0,0,0,0,0,0,0,0,-1,1,-4,7,-5,10,-5,9,-5,6,-4,5,-4,3,-4,2,-2,4,0,4,1,1,3,-4,8,-7,11,-7,12,-6,14,-6,17,-8,21,-6,22,-4,22,-6,21,-8,20,-6,19,-5,20,-3,18,-5,13,-6,9,-4"
62.817903995513916,972,"CSI,3314,128,83,49,21,0,1,-5,-2,0,-1,5,-1,8,-3,11,-3,15,-4,21,-7,27,-6,27,-6,25,-7,23,-5,19,-2,15,-1,13,-2,11,-3,8,-3,6,-2,5,1,1,3,-2,1,-3,-2,-4,-1,-5,1,-6,1,-7,0,-2,0,0,0,0,0,0,0,0,0,0,0,0,0,0,0,0,0,0,0,1,3,6,3,8,2,8,2,8,1,8,1,6,1,5,0,6,-1,4,-2,3,-2,2,-2,-3,-3,-9,-4,-12,-4,-13,-2,-17,-1,-21,-2,-21,2,-24,3,-29,2,-30,5,-28,4,-27,2,-27,1,-23,-2,-20"
62.85111093521118,973,"CSI,2692,128,75,-79,20,0,-8,0,-3,0,4,-2,8,-2,13,-2,18,-2,22,-3,26,-5,24,-4,21,-2,20,-3,19,-4,18,-4,17,-3,13,-3,9,-4,4,-3,0,-1,-2,0,-4,-2,-5,-2,-6,1,-7,3,-8,3,-10,1,-3,-1,0,0,0,0,0,0,0,0,0,0,0,0,0,0,0,0,0,0,3,0,12,0,12,0,10,1,6,2,5,2,6,2,6,3,5,3,4,1,1,-1,-2,-1,-6,-1,-9,0,-13,-2,-15,-4,-15,-5,-17,-6,-20,-8,-22,-10,-23,-11,-25,-10,-24,-9,-22,-10,-22,-10,-21,-9,-19,-7"
62.88161587715149,974,"CSI,2693,128,75,-79,20,0,4,-5,3,-4,2,1,-3,7,-8,11,-9,14,-12,17,-17,20,-16,20,-12,19,-10,16,-9,12,-8,13,-7,14,-5,11,-4,8,-1,4,2,0,4,-2,4,-4,3,-5,3,-5,2,-7,2,-9,3,-8,0,-2,0,0,0,0,0,0,0,0,0,0,0,0,0,0,0,0,0,0,-1,2,-4,8,-5,9,-6,7,-7,6,-7,7,-8,6,-9,3,-8,0,-7,0,-5,0,-2,-1,1,-2,5,-5,7,-8,7,-10,10,-13,13,-14,16,-14,16,-17,18,-19,19,-19,22,-19,23,-20,22,-21,20,-19,15,-18"
62.92065691947937,975,"CSI,3319,128,83,49,21,0,0,-5,3,-4,6,-1,9,1,12,1,15,-1,16,2,17,8,18,8,18,4,18,4,17,3,15,0,12,-1,8,0,4,2,0,0,-1,-2,-4,-2,-7,-1,-7,1,-6,3,-7,3,-8,3,-11,3,-3,0,0,0,0,0,0,0,0,0,0,0,0,0,0,0,0,0,0,0,2,0,10,1,8,1,7,1,7,1,6,2,6,3,4,4,2,2,1,0,0,-1,-2,-2,-4,-1,-6,-3,-9,-4,-15,-7,-19,-9,-20,-9,-21,-10,-21,-13,-22,-12,-23,-10,-22,-10,-18,-9,-18,-7,-17,-6,-15,-5"
63.0239839553833,976,"CSI,3323,128,83,49,21,0,0,4,1,-1,-1,-5,1,-9,3,-13,1,-16,2,-20,7,-21,7,-21,5,-21,3,-21,0,-18,-1,-15,0,-14,-1,-10,-1,-4,0,-2,-1,-2,-3,0,-3,4,-3,6,-4,6,-4,5,-2,6,-1,8,-1,2,0,0,0,0,0,0,0,0,0,0,0,0,0,0,0,0,0,0,-2,-2,-5,-8,-3,-10,-1,-10,0,-11,0,-10,0,-8,-1,-6,-2,-4,-1,-4,1,-2,0,4,-2,8,-1,11,1,12,-1,15,-3,18,-6,19,-9,20,-10,21,-7,22,-5,21,-6,21,-5,23,-4,20,-4,17,-3,16"
63.12577486038208,977,"CSI,3327,128,83,49,21,0,4,-7,-1,-3,-5,1,-8,2,-13,1,-16,2,-18,-1,-21,-8,-24,-6,-24,0,-22,-1,-20,-1,-16,0,-13,-1,-12,-2,-9,1,-5,4,-3,3,-1,2,-1,3,-1,5,0,6,4,4,6,2,5,2,1,0,0,0,0,0,0,0,0,0,0,0,0,0,0,0,0,0,0,0,0,1,4,8,4,10,3,9,1,7,0,8,-1,8,-2,5,-2,3,-1,1,0,-1,2,-2,4,-3,4,-7,5,-11,8,-13,10,-13,11,-14,14,-17,16,-20,17,-18,18,-15,18,-13,16,-12,16,-13,15,-13,14,-13"
63.330302000045776,978,"CSI,3334,128,83,49,21,0,-5,-19,-3,-13,-3,-4,-3,1,-6,4,-10,9,-7,16,-2,23,-2,24,-6,20,-8,17,-8,19,-8,21,-7,21,-8,15,-10,11,-8,10,-5,6,-2,3,-1,1,0,-1,1,-4,2,-6,4,-5,6,-5,1,-2,0,0,0,0,0,0,0,0,0,0,0,0,0,0,0,0,0,0,1,0,6,2,7,2,8,4,8,6,8,6,8,5,7,4,7,4,6,5,4,3,5,0,5,-3,2,-6,1,-10,1,-11,-1,-14,-4,-17,-4,-18,-4,-18,-6,-21,-5,-27,-3,-30,-5,-30,-7,-29,-7,-28,-6,-26"
63.43483090400696,979,"CSI,3339,128,83,49,21,0,-10,11,-7,8,-2,4,4,0,9,-2,13,-3,19,-6,24,-9,25,-8,23,-6,20,-6,19,-6,20,-4,18,-3,16,-3,13,-2,9,-1,6,-1,3,-3,-1,-3,-4,-3,-4,-1,-5,-1,-8,-2,-9,-3,-2,-1,0,0,0,0,0,0,0,0,0,0,0,0,0,0,0,0,0,0,-2,-2,-5,-7,-2,-8,1,-10,0,-11,0,-10,0,-9,-1,-8,-2,-4,-3,-3,-4,-4,-4,-3,-3,-3,-4,-1,-4,2,-6,4,-9,8,-10,12,-12,13,-16,14,-17,14,-19,16,-19,18,-18,17,-17,17,-18,17,-16,17"
63.535287857055664,980,"CSI,3343,128,83,49,21,0,-4,-5,-1,-1,0,3,2,5,6,7,7,10,7,12,8,12,8,13,9,15,10,15,9,14,9,12,8,10,7,9,4,7,2,6,1,3,-2,-1,-3,-3,-3,-4,-3,-5,-2,-5,-2,-6,-2,-8,-1,-3,0,0,0,0,0,0,0,0,0,0,0,0,0,0,0,0,0,0,2,0,9,3,7,4,4,6,3,7,5,7,6,7,5,6,4,5,2,2,0,0,-1,-4,-3,-7,-4,-8,-5,-9,-8,-11,-10,-14,-11,-16,-12,-18,-13,-22,-13,-23,-12,-22,-12,-22,-13,-21,-12,-19,-12,-16,-9,-13"
63.63788080215454,981,"CSI,3346,128,83,49,21,0,-10,8,-9,6,-5,5,4,3,13,1,16,1,15,4,14,9,17,11,20,9,20,8,19,7,17,6,16,7,16,7,15,5,11,4,6,2,2,-1,2,-3,2,-4,0,-5,-1,-7,-2,-8,-2,-6,-1,-2,0,0,0,0,0,0,0,0,0,0,0,0,0,0,0,0,0,0,-2,-2,-5,-8,-2,-9,0,-9,0,-10,-2,-9,-2,-7,0,-6,2,-4,1,-2,-1,-2,-2,-1,-4,1,-5,6,-7,9,-10,8,-12,8,-14,9,-16,10,-17,10,-20,12,-21,14,-22,13,-21,13,-20,14,-21,15,-24,15"
63.74075770378113,982,"CSI,3350,128,83,49,21,0,-5,10,0,7,7,6,12,5,15,4,18,6,19,10,15,15,13,13,15,9,15,8,15,7,15,7,14,7,11,6,8,5,8,1,8,-2,6,-3,3,-4,3,-3,2,-4,-1,-7,-1,-9,-2,-11,-1,-3,0,0,0,0,0,0,0,0,0,0,0,0,0,0,0,0,0,0,-2,-1,-8,-2,-9,-2,-11,-1,-11,-2,-12,-3,-13,-2,-10,-1,-9,-1,-7,-1,-6,2,-4,5,-3,8,-3,9,-5,11,-6,14,-5,18,-7,21,-8,22,-8,21,-9,21,-10,21,-12,20,-13,18,-13,18,-10,18,-7,17"
63.84420204162598,983,"CSI,3355,128,83,49,21,0,-6,4,0,3,6,3,10,6,12,9,13,12,10,15,7,15,10,14,14,13,14,12,12,11,10,10,9,11,9,8,9,4,6,0,4,-3,3,-5,3,-4,2,-4,-1,-5,-3,-7,-2,-9,-1,-10,0,-3,0,0,0,0,0,0,0,0,0,0,0,0,0,0,0,0,0,0,0,-3,2,-10,3,-10,4,-8,4,-9,7,-9,7,-6,5,-5,2,-5,0,-5,0,-4,-2,-2,-7,1,-12,1,-15,1,-15,0,-17,-1,-19,-1,-20,-1,-23,-1,-25,-2,-25,-5,-26,-7,-25,-6,-21,-4,-18,-1,-15,2"
63.94490098953247,984,"CSI,3358,128,83,49,21,0,2,-1,-2,7,-6,11,-5,14,-7,16,-6,19,-7,22,-11,24,-6,21,-1,19,1,17,3,15,1,14,-2,12,-1,9,0,5,0,3,0,0,1,-3,2,-5,1,-5,-1,-5,0,-7,-1,-8,-2,-7,-1,-2,0,0,0,0,0,0,0,0,0,0,0,0,0,0,0,0,0,0,-2,1,-7,7,-6,8,-8,7,-8,7,-8,5,-6,4,-4,2,-4,0,-4,-2,-4,-3,-2,-4,0,-6,3,-9,6,-13,7,-15,9,-17,12,-18,14,-20,14,-22,12,-22,13,-20,13,-18,9,-16,8,-15,5,-14,4,-11"
64.00222396850586,985,"CSI,3409,128,83,49,21,0,3,16,2,12,2,5,1,1,1,2,2,2,-1,1,-3,2,4,-1,9,-6,9,-8,10,-8,11,-8,13,-6,12,-4,9,-3,9,-2,7,0,4,-1,2,-2,1,-2,-1,-2,-3,-3,-3,-4,-3,-4,-1,-1,0,0,0,0,0,0,0,0,0,0,0,0,0,0,0,0,0,0,-1,-1,-3,-2,-6,-1,-6,0,-5,2,-6,2,-7,0,-7,1,-9,2,-10,3,-9,3,-9,0,-10,-2,-9,0,-7,3,-1,2,3,1,3,1,3,4,4,4,5,5,4,9,5,11,8,14,8,16,7,15,5,17"
64.0440788269043,986,"CSI,3362,128,83,49,21,0,6,15,5,10,6,6,9,2,11,1,14,2,14,3,11,6,12,7,13,6,13,6,14,7,13,6,10,6,10,7,8,7,6,5,7,3,5,1,2,0,2,0,4,-2,4,-4,5,-5,6,-6,1,-2,0,0,0,0,0,0,0,0,0,0,0,0,0,0,0,0,0,0,0,2,0,9,0,9,0,9,1,10,1,12,1,12,-1,9,-1,8,-2,9,-3,12,-3,14,0,12,3,10,7,8,8,8,7,9,9,11,10,14,11,17,14,20,11,23,7,24,7,23,6,23,4,22,5,17"
64.14780497550964,987,"CSI,3366,128,83,49,21,0,-4,13,-1,8,5,6,11,5,14,6,14,6,18,9,22,14,24,12,22,7,20,6,18,7,15,8,13,7,13,9,11,10,8,7,6,3,4,0,2,1,2,-1,3,-4,2,-4,2,-4,3,-5,0,-2,0,0,0,0,0,0,0,0,0,0,0,0,0,0,0,0,0,0,-2,1,-7,6,-9,6,-10,6,-9,4,-6,2,-7,3,-8,4,-9,3,-7,3,-4,3,-2,5,1,10,1,13,0,14,0,16,0,19,-2,20,-2,22,-1,24,-1,25,-3,25,-5,25,-6,23,-4,22,0,21,3,18"
64.25150084495544,988,"CSI,3371,128,83,49,21,0,3,0,0,-3,-2,-7,-4,-12,-5,-17,-4,-19,0,-20,3,-21,-1,-21,-4,-20,-4,-18,-3,-18,-1,-17,1,-14,0,-10,-1,-7,-2,-7,-2,-6,-3,-5,-4,-2,-5,0,-6,0,-9,1,-9,0,-8,-1,-2,-1,0,0,0,0,0,0,0,0,0,0,0,0,0,0,0,0,0,0,1,1,7,5,7,6,5,8,3,7,2,6,2,7,4,4,6,1,6,1,6,0,7,-2,8,-3,12,-4,14,-3,17,-2,19,-5,19,-5,19,-3,22,-3,23,-2,23,0,22,0,19,0,17,1,15,-1,15,-5"
64.35491585731506,989,"CSI,3374,128,83,49,21,0,-2,3,0,3,6,1,9,-2,10,-5,13,-6,14,-6,11,-5,11,-4,14,-2,16,-2,18,-2,15,-4,10,-4,8,-2,7,-2,4,-3,-1,-3,-3,-2,-2,-1,-1,-2,-4,-1,-8,-1,-10,-3,-9,-3,-2,-1,0,0,0,0,0,0,0,0,0,0,0,0,0,0,0,0,0,0,1,-3,3,-8,3,-7,5,-7,6,-7,5,-5,3,-4,2,-3,1,-1,0,1,-2,3,-6,7,-9,9,-11,9,-14,6,-16,6,-18,8,-19,9,-18,11,-17,12,-16,13,-17,13,-19,10,-19,9,-17,7,-14,6,-15,7"
64.45633888244629,990,"CSI,3379,128,83,49,21,0,-1,11,-2,6,-2,2,0,-3,3,-6,5,-9,7,-10,9,-8,13,-10,12,-12,10,-12,8,-13,8,-11,9,-10,10,-9,9,-6,5,-4,4,-4,3,-5,1,-6,-2,-4,-4,-2,-7,-1,-8,0,-6,1,-2,0,0,0,0,0,0,0,0,0,0,0,0,0,0,0,0,0,0,0,-3,-1,-9,-4,-9,-5,-8,-5,-6,-5,-5,-5,-5,-5,-4,-5,-3,-3,-2,0,-3,2,-3,5,-2,7,-3,8,-4,7,-2,6,0,7,0,9,0,11,1,15,2,17,2,19,1,20,1,18,1,17,1,19,-1,21"
64.55833101272583,991,"CSI,3382,128,83,49,21,0,5,-6,6,-3,6,-1,6,-1,8,3,11,8,10,5,10,0,11,-1,11,-1,10,1,9,1,10,-2,12,-2,10,0,6,0,3,0,1,1,-1,3,-1,5,-2,4,-3,4,-2,5,0,5,-1,5,-1,1,0,0,0,0,0,0,0,0,0,0,0,0,0,0,0,0,0,0,-1,-2,-1,-6,-2,-6,-3,-6,-3,-7,-4,-7,-1,-7,3,-7,3,-6,1,-5,2,-5,4,-3,4,-1,5,-3,8,-3,9,-2,10,-3,12,-5,13,-6,12,-7,11,-8,12,-9,12,-11,12,-15,9,-16,6,-13,5,-10"
64.66106081008911,992,"CSI,3386,128,83,49,21,0,1,-11,4,-7,6,-5,5,-3,7,2,10,5,12,8,11,10,14,8,18,5,17,3,14,2,12,2,10,3,8,1,6,-1,2,2,-2,5,-3,5,-4,4,-4,2,-4,1,-4,2,-4,3,-6,5,-2,1,0,0,0,0,0,0,0,0,0,0,0,0,0,0,0,0,0,0,-2,-1,-8,-1,-9,0,-8,-1,-7,-2,-6,-2,-6,-2,-5,-2,-4,-4,-3,-6,-3,-7,-1,-5,1,-6,4,-9,6,-9,6,-9,6,-10,7,-10,6,-11,4,-14,2,-17,1,-18,1,-18,1,-18,0,-16,1,-13,4,-10"
65.06970715522766,993,"CSI,3402,128,83,49,21,0,0,-1,0,-6,-1,-9,-4,-11,-2,-13,-2,-14,-1,-17,2,-20,2,-19,-2,-17,-4,-15,-3,-11,0,-9,3,-8,3,-8,0,-6,0,-3,-1,0,-2,3,-2,4,-2,5,-3,5,-2,4,-2,5,-3,7,-1,2,0,0,0,0,0,0,0,0,0,0,0,0,0,0,0,0,0,0,-3,0,-9,0,-8,1,-8,1,-8,0,-6,0,-4,0,-3,1,-3,3,0,6,4,6,6,6,9,7,12,9,12,9,9,10,7,10,8,10,9,10,11,13,13,14,10,14,7,11,4,8,4,7,6,5,8,3"
65.17198395729065,994,"CSI,3406,128,83,49,21,0,0,0,2,3,4,6,2,8,2,14,1,17,-2,20,-2,24,0,22,1,15,-2,10,-4,10,-6,12,-6,13,-5,9,-4,4,-4,0,-5,-1,-5,-2,-3,-4,-3,-4,-1,-4,1,-6,0,-8,0,-9,0,-3,0,0,0,0,0,0,0,0,0,0,0,0,0,0,0,0,0,0,0,1,1,6,0,7,0,6,0,7,1,8,2,7,2,2,1,-1,2,-3,2,-3,2,-5,3,-8,3,-9,3,-13,3,-16,4,-18,4,-18,2,-18,0,-17,0,-17,2,-18,4,-18,5,-14,5,-12,5,-12,3,-10"
65.23170495033264,995,"CSI,3456,128,83,49,21,0,5,5,4,5,3,4,1,1,0,-3,0,-7,-2,-7,-7,-6,-7,-9,-3,-13,0,-14,1,-15,1,-14,-1,-11,-3,-9,-2,-9,-1,-9,1,-7,2,-4,0,-3,-3,-3,-2,0,-1,3,-2,3,-5,1,-2,0,0,0,0,0,0,0,0,0,0,0,0,0,0,0,0,0,0,0,-1,-1,-3,-3,-2,-1,-1,2,-1,2,-3,2,-5,1,-7,1,-8,3,-8,3,-8,2,-8,2,-8,0,-6,-2,-4,-1,-3,1,-1,1,0,3,4,5,7,5,8,4,9,5,11,6,11,6,9,10,11,15,17,15"
65.27601075172424,996,"CSI,3411,128,83,49,21,0,4,2,11,4,13,4,14,4,14,6,14,6,17,9,18,12,17,10,14,6,9,6,6,7,4,5,3,3,2,2,0,1,-3,-1,-4,-1,-2,-2,0,-3,-1,-6,-3,-7,-3,-7,-2,-7,-3,-8,-1,-2,0,0,0,0,0,0,0,0,0,0,0,0,0,0,0,0,0,0,0,-3,0,-11,0,-10,-2,-9,-3,-8,-3,-8,-4,-6,-5,-4,-8,-3,-9,-2,-10,0,-13,2,-15,3,-16,1,-15,2,-15,5,-17,7,-20,6,-20,6,-19,8,-18,9,-18,9,-16,7,-13,5,-11,5,-11,6,-14,3"
65.37879681587219,997,"CSI,3414,128,83,49,21,0,-5,-9,-6,-11,-9,-14,-12,-15,-13,-17,-13,-21,-7,-26,-2,-27,-4,-24,-8,-18,-9,-13,-8,-11,-7,-10,-5,-8,-3,-5,-2,-4,-3,-4,-5,-2,-5,1,-6,3,-6,3,-8,3,-10,4,-9,4,-6,4,-2,1,0,0,0,0,0,0,0,0,0,0,0,0,0,0,0,0,0,0,0,2,1,8,0,8,-1,8,-1,5,-1,3,-1,4,0,4,3,5,5,3,7,-1,9,-1,12,-2,13,-3,16,-2,19,-1,18,0,17,1,19,-1,21,-1,19,2,18,4,18,3,16,-1,13,-2,9,-2,5,-2"
65.48164987564087,998,"CSI,3419,128,83,49,21,0,-5,-2,-3,4,-3,8,-1,11,0,16,-1,20,-4,17,-10,14,-13,14,-11,15,-8,13,-5,10,-4,9,-4,7,-3,6,0,5,2,4,2,4,1,3,2,1,3,1,4,3,5,2,6,0,7,1,1,0,0,0,0,0,0,0,0,0,0,0,0,0,0,0,0,0,0,0,1,-2,5,-6,4,-8,4,-9,3,-7,4,-4,3,-5,1,-6,-1,-5,-2,-5,-3,-4,-7,-4,-8,-4,-8,-5,-9,-8,-10,-11,-13,-12,-15,-11,-17,-12,-19,-14,-17,-14,-16,-14,-15,-17,-12,-17,-9,-15,-9,-9,-8,-4"
65.5829348564148,999,"CSI,3423,128,83,49,21,0,-6,12,-3,12,0,12,2,13,2,16,0,17,-3,18,-7,21,-7,19,-4,13,-3,10,-3,10,-4,10,-6,8,-4,6,-4,6,-3,6,-1,3,2,1,3,1,2,3,2,4,3,4,2,5,2,5,0,1,0,0,0,0,0,0,0,0,0,0,0,0,0,0,0,0,0,0,-2,1,-7,4,-7,4,-8,5,-8,5,-8,5,-6,7,-6,8,-8,8,-8,7,-8,7,-9,13,-10,17,-10,17,-10,16,-11,15,-13,13,-13,12,-14,13,-15,16,-15,15,-16,11,-14,8,-11,6,-9,6,-7,11,-7,18"
65.68824100494385,1000,"CSI,3426,128,83,49,21,0,-8,-5,-7,-2,-8,3,-9,8,-11,15,-12,19,-11,17,-7,15,-9,15,-14,15,-16,14,-16,13,-15,12,-11,10,-9,10,-8,9,-7,6,-4,4,0,4,0,4,-1,5,0,5,4,4,8,4,7,5,1,1,0,0,0,0,0,0,0,0,0,0,0,0,0,0,0,0,0,0,-1,-3,-1,-10,-1,-11,0,-10,3,-9,2,-10,1,-11,2,-9,2,-9,1,-9,-1,-8,-2,-5,-4,-4,-8,-6,-11,-8,-15,-7,-18,-6,-22,-8,-24,-9,-24,-10,-24,-13,-24,-16,-23,-18,-22,-16,-20,-12,-19,-12,-19,-13"
65.89093208312988,1001,"CSI,3434,128,83,49,21,0,9,1,6,-4,4,-8,2,-9,1,-10,-2,-14,-7,-18,-13,-20,-11,-20,-8,-19,-8,-16,-9,-14,-10,-14,-9,-14,-6,-15,-4,-15,-4,-12,-3,-8,-3,-6,-3,-6,-4,-3,-4,0,-4,3,-5,4,-6,3,-2,0,0,0,0,0,0,0,0,0,0,0,0,0,0,0,0,0,0,0,-2,1,-6,7,-8,9,-9,8,-8,5,-7,5,-7,5,-7,3,-5,2,-4,2,-3,2,-1,2,1,2,4,2,8,2,11,2,14,5,16,8,18,9,20,12,20,13,20,14,20,15,16,15,16,12,16,10,11,10"
65.99203205108643,1002,"CSI,3439,128,83,49,21,0,-7,-3,-8,2,-7,3,-1,6,3,11,3,14,4,19,5,22,7,18,5,15,3,16,1,18,-1,18,-2,16,-1,13,0,10,1,8,3,6,3,5,3,3,2,0,2,-3,2,-6,1,-5,0,-7,0,-3,0,0,0,0,0,0,0,0,0,0,0,0,0,0,0,0,0,0,0,-1,4,1,7,4,8,5,8,4,7,3,6,4,4,6,2,6,0,3,-1,1,-1,0,-2,-2,-5,-5,-6,-10,-6,-14,-7,-16,-9,-18,-8,-20,-6,-23,-6,-23,-7,-24,-7,-21,-6,-17,-7,-15,-7,-14,-6,-10"
66.09600591659546,1003,"CSI,3443,128,83,49,21,0,6,-1,0,-1,-3,-2,-6,-4,-9,-6,-13,-7,-14,-9,-12,-11,-13,-9,-17,-8,-19,-7,-19,-8,-19,-11,-17,-12,-13,-12,-11,-7,-10,-1,-8,1,-5,1,-2,2,1,3,3,3,3,2,6,1,6,-1,1,-1,0,0,0,0,0,0,0,0,0,0,0,0,0,0,0,0,0,0,-2,-1,-8,-3,-8,-2,-8,-3,-9,-3,-9,-3,-10,-4,-9,-4,-7,-4,-6,-5,-4,-3,-2,-2,0,-3,4,-2,5,-1,8,2,11,5,12,6,13,7,17,9,18,10,18,9,17,7,17,5,18,5,19,6,19,6"
66.30187392234802,1004,"CSI,3451,128,83,49,21,0,8,-10,3,-10,-1,-9,-6,-8,-12,-8,-15,-10,-18,-12,-23,-11,-22,-10,-18,-9,-18,-8,-19,-10,-17,-15,-12,-16,-10,-13,-11,-9,-10,-6,-7,-3,-5,-2,-5,-1,-4,1,-2,3,-2,6,-4,9,-4,8,-1,2,0,0,0,0,0,0,0,0,0,0,0,0,0,0,0,0,0,0,1,0,4,2,4,4,7,7,6,9,5,8,6,8,6,11,5,10,5,9,7,8,6,6,4,3,6,0,9,-4,10,-7,11,-10,13,-12,12,-13,12,-15,17,-18,21,-20,23,-19,23,-16,19,-16,16,-12,16,-8"
66.40403199195862,1005,"CSI,3454,128,83,49,21,0,-6,12,-2,9,4,7,11,8,16,9,15,10,17,12,22,15,23,13,23,11,21,11,17,12,16,11,15,9,12,8,10,9,8,9,7,7,5,4,4,1,5,-2,4,-4,2,-6,2,-7,3,-8,0,-2,0,0,0,0,0,0,0,0,0,0,0,0,0,0,0,0,0,0,-3,-1,-10,-1,-11,-1,-12,-3,-14,-4,-14,-3,-13,-4,-12,-5,-12,-4,-12,-3,-12,-3,-10,-2,-6,0,-6,2,-6,6,-4,11,-5,16,-5,17,-6,20,-11,23,-15,24,-18,27,-20,27,-20,24,-18,22,-16,20,-14,19"
66.50442671775818,1006,"CSI,3458,128,83,49,21,0,-5,13,-1,12,3,12,3,12,3,13,6,17,11,19,13,17,9,15,6,14,3,13,1,12,1,13,0,14,-1,13,0,10,1,6,1,3,2,2,5,3,5,2,5,2,6,2,5,2,5,1,1,0,0,0,0,0,0,0,0,0,0,0,0,0,0,0,0,0,0,0,-1,2,-5,9,-7,10,-8,10,-8,9,-7,9,-5,10,-5,9,-8,8,-11,7,-10,8,-9,10,-9,12,-8,14,-7,14,-6,15,-4,16,-5,17,-8,19,-8,21,-10,21,-14,20,-16,18,-15,18,-14,17,-13,17,-12,17"
66.60895299911499,1007,"CSI,3462,128,83,49,21,0,3,-6,-3,-7,-7,-9,-10,-10,-11,-10,-10,-11,-12,-15,-17,-19,-16,-16,-10,-12,-6,-10,-6,-12,-8,-14,-9,-13,-6,-10,-5,-6,-3,-5,-2,-3,-3,-2,-5,0,-6,4,-7,6,-5,5,-3,4,-3,4,-1,1,0,0,0,0,0,0,0,0,0,0,0,0,0,0,0,0,0,0,1,1,7,3,8,3,8,4,7,5,5,4,4,3,4,2,3,0,3,-1,4,-4,4,-8,3,-10,5,-9,8,-10,9,-11,9,-14,11,-17,15,-17,17,-15,19,-13,20,-14,20,-14,19,-13,16,-10,16,-9,16,-9"
66.70918107032776,1008,"CSI,3467,128,83,49,21,0,4,-1,3,-5,3,-10,3,-14,2,-16,2,-19,4,-20,3,-17,3,-16,5,-17,7,-18,6,-19,2,-19,2,-16,3,-12,1,-10,0,-7,0,-6,-1,-6,-4,-5,-6,-3,-8,-1,-9,0,-9,-1,-8,-1,-2,-1,0,0,0,0,0,0,0,0,0,0,0,0,0,0,0,0,0,0,-1,3,-2,11,-3,10,-4,8,-4,8,-2,7,-1,5,-2,6,-3,8,0,7,4,4,8,2,11,3,12,4,13,4,14,4,17,3,21,2,23,2,23,5,21,6,18,8,16,10,17,12,15,11,14,9,15,9"
66.76892495155334,1009,"CSI,3517,128,83,49,21,0,8,-1,6,-1,5,-1,3,-3,1,-6,-2,-8,-1,-8,4,-7,1,-11,-3,-14,-4,-15,-2,-16,-1,-15,1,-14,0,-13,-1,-9,-1,-5,-1,-4,-4,-5,-4,-4,-2,-2,-2,1,-3,1,-3,0,0,-1,0,-1,0,0,0,0,0,0,0,0,0,0,0,0,0,0,0,0,0,0,-2,0,-5,1,-3,3,-2,5,-2,6,0,8,0,9,-2,8,-5,8,-5,10,-4,10,-4,8,-5,8,-4,9,-3,6,-2,4,0,1,5,-1,8,-2,8,-3,8,-1,11,0,13,0,15,0,17,2,19,5,16,5"
66.82050395011902,1010,"CSI,3470,128,83,49,21,0,-10,-2,-10,3,-10,9,-10,16,-12,17,-15,17,-15,21,-13,24,-15,19,-18,13,-18,10,-17,10,-14,11,-11,9,-10,7,-7,7,-4,6,-4,7,-1,7,2,5,1,5,-1,8,0,10,2,8,3,8,1,2,0,0,0,0,0,0,0,0,0,0,0,0,0,0,0,0,0,0,-2,-2,-7,-6,-8,-6,-7,-7,-6,-10,-4,-11,-5,-12,-6,-12,-6,-10,-5,-10,-7,-9,-9,-8,-11,-8,-13,-5,-13,-1,-16,0,-19,-2,-20,-4,-23,-5,-28,-4,-32,-4,-33,-9,-32,-12,-28,-11,-26,-8,-25,-8,-23,-12"
66.91773796081543,1011,"CSI,3475,128,83,49,21,0,-15,-2,-15,0,-13,4,-11,6,-13,7,-16,7,-17,7,-16,5,-16,4,-18,3,-18,2,-17,2,-14,1,-11,2,-9,4,-7,5,-5,3,-4,4,-3,7,-3,6,-2,4,0,5,2,8,0,8,-2,5,-1,1,0,0,0,0,0,0,0,0,0,0,0,0,0,0,0,0,0,0,-1,-2,-4,-8,-3,-9,-3,-9,-3,-7,-2,-6,-3,-5,-5,-5,-7,-6,-8,-5,-8,-6,-11,-9,-14,-10,-16,-8,-17,-8,-20,-10,-21,-11,-20,-11,-20,-12,-20,-13,-20,-14,-21,-16,-20,-16,-19,-15,-18,-12,-15,-10,-13,-10"
67.0160641670227,1012,"CSI,3479,128,83,49,21,0,5,-5,8,-7,11,-8,14,-8,15,-7,15,-7,17,-8,16,-7,17,-4,18,-3,18,-2,15,-1,12,0,10,-1,8,-3,6,-4,4,-4,3,-6,2,-7,0,-7,-3,-8,-3,-9,-4,-10,-4,-10,-4,-10,-1,-3,0,0,0,0,0,0,0,0,0,0,0,0,0,0,0,0,0,0,-2,1,-8,6,-10,5,-10,6,-8,6,-7,4,-6,4,-6,2,-5,2,-2,6,-1,7,0,5,2,5,3,9,6,15,8,19,9,18,9,16,8,18,6,20,7,20,8,21,7,22,4,20,3,19,4,17,7,15"
67.12170791625977,1013,"CSI,3483,128,83,49,21,0,0,-15,-1,-15,-1,-16,-3,-21,-2,-22,-1,-22,-3,-19,-6,-13,-5,-13,0,-15,2,-16,2,-16,2,-14,2,-12,3,-9,2,-7,-2,-5,-4,-6,-4,-7,-4,-8,-4,-8,-5,-7,-6,-5,-6,-5,-4,-8,-1,-3,0,0,0,0,0,0,0,0,0,0,0,0,0,0,0,0,0,0,1,-1,7,-4,7,-3,7,-2,9,-2,10,-3,8,-3,7,-5,7,-6,5,-6,4,-9,3,-11,1,-11,3,-12,4,-16,4,-16,7,-16,10,-16,11,-16,13,-18,14,-19,14,-17,13,-15,11,-14,9,-15,9,-15,11,-14"
67.22206807136536,1014,"CSI,3486,128,83,49,21,0,10,4,14,1,16,-1,16,-3,20,-4,23,-4,25,-2,27,1,23,-1,17,-1,14,0,12,1,9,0,7,-1,5,-2,2,-4,-2,-5,-3,-6,-4,-9,-4,-10,-1,-9,0,-9,-2,-11,-5,-12,-5,-12,-1,-3,0,0,0,0,0,0,0,0,0,0,0,0,0,0,0,0,0,0,-3,0,-10,2,-9,0,-7,-1,-7,-3,-7,-3,-5,-2,-4,1,-3,3,-2,6,0,8,2,11,1,14,0,16,-2,18,-5,20,-6,20,-5,21,-6,19,-5,17,-3,18,-7,19,-10,18,-4,16,0,15,-1,15,-2,14"
67.28051996231079,1015,"CSI,3537,128,83,49,21,0,-17,5,-12,5,-8,2,-6,2,-5,4,-3,7,-2,9,-4,8,-2,8,3,12,5,14,5,12,3,11,1,14,0,15,-1,13,0,8,0,5,0,4,0,2,3,2,4,3,3,0,3,-2,2,-2,0,-1,0,0,0,0,0,0,0,0,0,0,0,0,0,0,0,0,0,0,0,-1,1,-4,0,-4,0,-5,0,-6,-1,-8,-1,-10,0,-11,1,-11,2,-12,1,-13,1,-12,1,-10,1,-9,-2,-6,-5,-5,-4,-4,-3,0,-6,3,-12,2,-14,1,-13,4,-15,10,-21,10,-25,4,-25,1,-21,3"
67.4253158569336,1016,"CSI,3495,128,83,49,21,0,0,0,-2,-4,-1,-8,3,-10,6,-13,7,-15,6,-13,3,-10,6,-8,9,-4,10,-2,10,-2,8,-1,4,1,3,2,4,2,0,2,-3,2,-5,1,-6,1,-6,1,-7,1,-8,1,-7,0,-6,-3,-2,-2,0,0,0,0,0,0,0,0,0,0,0,0,0,0,0,0,0,0,-1,-1,-3,-3,-5,-3,-8,-1,-9,1,-7,1,-5,1,-4,3,-1,5,0,4,-3,5,-5,9,-2,12,-1,12,-2,13,-1,12,-1,12,-1,13,-1,15,-2,14,-1,12,0,12,0,11,2,10,5,9,5,7,6,4"
67.6907958984375,1017,"CSI,3552,128,83,49,21,0,-4,9,-5,7,-4,5,-1,6,3,6,7,2,9,1,5,2,5,2,9,2,10,0,11,-2,12,-3,10,-2,9,0,8,-1,6,-3,5,-1,3,0,1,-3,0,-4,0,-3,-1,-3,-2,-3,-3,-4,-1,-1,0,0,0,0,0,0,0,0,0,0,0,0,0,0,0,0,0,0,-1,-2,-2,-5,-2,-5,0,-4,0,-5,-2,-10,-2,-12,-1,-11,-1,-10,-1,-10,-1,-10,1,-10,3,-10,-2,-8,-3,-5,-3,-3,-5,-1,-4,1,-3,3,-5,6,-6,6,-6,7,-6,12,-9,14,-12,14,-13,15,-17,14"
67.73874592781067,1018,"CSI,828,128,75,-79,20,0,-10,-3,-6,-2,-2,1,0,4,-2,5,-4,6,-6,6,-6,4,-2,6,1,10,2,10,0,10,-1,10,-2,9,-1,8,0,5,0,5,-1,6,2,4,3,1,2,0,-1,0,-1,0,0,-2,0,-4,0,-2,0,0,0,0,0,0,0,0,0,0,0,0,0,0,0,0,0,0,0,0,2,1,3,1,4,1,4,-1,5,-3,7,-4,8,-3,8,-2,7,-2,8,-3,8,-4,4,-4,2,-4,5,-3,3,-3,0,-4,-2,-4,-4,-4,-8,-5,-10,-5,-11,-5,-14,-6,-16,-5,-19,-5,-20,-8,-18,-10"
67.93674993515015,1019,"CSI,3514,128,83,49,21,0,4,5,1,4,-1,3,-2,2,-5,1,-9,0,-11,-1,-10,-1,-11,-3,-13,-4,-14,-5,-15,-5,-14,-4,-11,-3,-8,-4,-5,-2,-2,-1,0,-2,1,-3,1,-2,1,-1,1,0,3,0,4,0,5,-2,1,-1,0,0,0,0,0,0,0,0,0,0,0,0,0,0,0,0,0,0,-2,-3,-5,-8,-4,-7,-3,-8,-4,-9,-5,-6,-5,-4,-3,-3,0,-2,0,1,-1,3,0,4,3,5,7,7,8,8,8,7,9,7,9,8,7,9,6,11,9,13,12,12,10,9,9,7,10,6,10,5,8,5"
68.03850507736206,1020,"CSI,3518,128,83,49,21,0,1,-1,3,-2,6,-2,6,4,4,8,5,7,6,8,3,8,3,7,7,7,9,8,9,8,6,8,6,7,7,7,5,5,3,3,2,2,-2,2,-3,1,-3,2,-2,3,-2,2,-4,2,-5,2,-2,0,0,0,0,0,0,0,0,0,0,0,0,0,0,0,0,0,0,0,-1,-3,-2,-9,-3,-8,-5,-8,-5,-7,-2,-7,1,-5,3,-3,4,-3,5,-3,7,-4,10,-5,11,-4,14,-2,13,-3,10,-3,12,-1,14,-3,12,-5,11,-6,10,-7,10,-7,10,-5,8,-5,7,-7,8,-7,7,-7"
68.14216899871826,1021,"CSI,3523,128,83,49,21,0,-6,-2,-2,-3,3,-6,3,-7,3,-6,6,-6,6,-7,5,-5,7,-4,9,-5,8,-6,8,-7,9,-8,7,-7,5,-5,5,-2,6,-1,6,0,4,1,1,1,-2,2,-2,4,-1,5,-2,6,-4,5,-1,1,0,0,0,0,0,0,0,0,0,0,0,0,0,0,0,0,0,0,2,-1,8,-1,6,-1,6,-1,4,1,3,4,3,3,0,2,-3,1,-6,0,-8,-1,-9,1,-11,2,-11,1,-12,-1,-14,-1,-16,0,-15,-1,-13,-1,-12,-1,-14,0,-16,2,-16,1,-16,-2,-15,-2,-10,2,-5,3"
68.34699201583862,1022,"CSI,3531,128,83,49,21,0,-1,8,2,10,3,10,4,9,8,8,11,9,13,10,16,12,14,12,11,11,9,10,6,8,4,6,3,7,4,7,3,5,1,1,2,-3,5,-4,7,-4,6,-4,3,-4,3,-4,3,-4,3,-5,0,-2,0,0,0,0,0,0,0,0,0,0,0,0,0,0,0,0,0,0,-2,-2,-6,-5,-5,-7,-3,-9,-1,-7,-1,-5,-2,-3,-3,-1,-5,2,-6,4,-7,4,-7,5,-9,6,-11,6,-13,7,-15,6,-17,5,-18,6,-18,7,-17,6,-15,4,-15,6,-17,7,-14,7,-10,6,-9,6,-10,9"
68.44955778121948,1023,"CSI,3535,128,83,49,21,0,9,6,10,6,8,2,6,-4,6,-9,11,-11,19,-12,24,-12,22,-11,18,-10,15,-10,14,-8,13,-6,13,-4,12,-2,9,-2,7,-3,5,-2,2,-3,0,-6,-3,-7,-5,-4,-6,-4,-6,-5,-6,-4,-2,-1,0,0,0,0,0,0,0,0,0,0,0,0,0,0,0,0,0,0,-2,1,-6,4,-7,2,-8,2,-7,3,-6,2,-6,1,-7,1,-5,1,-3,2,-1,5,1,8,3,7,6,8,10,11,10,15,8,19,6,20,7,18,8,20,6,22,6,21,7,21,5,19,4,17,6,14,10,10"
68.55143308639526,1024,"CSI,3538,128,83,49,21,0,-7,0,-7,0,-10,-2,-16,0,-17,2,-15,3,-15,4,-14,7,-12,7,-11,4,-13,2,-13,2,-11,3,-5,3,-2,0,0,-1,1,1,2,2,1,4,3,6,5,5,5,5,7,4,7,3,6,1,1,0,0,0,0,0,0,0,0,0,0,0,0,0,0,0,0,0,0,0,1,1,4,6,4,8,4,8,5,6,3,7,1,8,-1,6,0,3,2,0,1,-3,-1,-7,0,-11,2,-13,5,-15,9,-17,10,-20,10,-19,11,-21,13,-23,15,-21,14,-17,13,-14,14,-9,13,-7,7,-8,5,-9"
68.65403985977173,1025,"CSI,3543,128,83,49,21,0,10,-3,7,-7,3,-11,1,-12,0,-12,-4,-14,-4,-13,-1,-10,1,-13,1,-18,0,-17,0,-16,1,-16,2,-16,1,-14,-1,-11,-1,-9,0,-7,-1,-3,-5,-2,-6,-1,-7,1,-7,1,-8,1,-9,3,-3,1,0,0,0,0,0,0,0,0,0,0,0,0,0,0,0,0,0,0,0,1,1,7,0,8,0,9,0,10,-1,9,-3,8,-4,6,-2,7,-1,6,1,6,3,5,5,2,9,1,12,1,14,-1,15,0,16,2,19,2,23,1,23,2,21,4,20,3,20,3,19,5,19,7,17,10"
68.75982284545898,1026,"CSI,3547,128,83,49,21,0,-7,-9,-10,-5,-11,3,-9,6,-10,5,-15,7,-14,7,-11,5,-14,5,-17,5,-17,3,-17,2,-16,3,-17,2,-14,1,-10,1,-8,2,-5,1,-2,2,-2,3,-2,4,-1,6,0,7,3,8,4,9,1,2,0,0,0,0,0,0,0,0,0,0,0,0,0,0,0,0,0,0,-1,-3,-3,-11,-3,-9,-1,-8,0,-9,0,-9,1,-7,3,-6,3,-6,3,-5,1,-4,-2,-6,-6,-6,-11,-5,-14,-4,-15,-4,-18,-5,-20,-7,-19,-10,-17,-15,-18,-18,-18,-17,-15,-17,-15,-16,-14,-13,-11,-12,-6,-10"
68.86210703849792,1027,"CSI,3550,128,83,49,21,0,7,-6,3,-7,-1,-6,-6,-5,-12,-5,-16,-5,-19,-7,-22,-11,-21,-11,-20,-9,-18,-6,-15,-6,-14,-11,-15,-13,-16,-9,-12,-7,-7,-7,-4,-6,-1,-4,2,0,2,1,0,2,0,5,1,6,3,8,0,2,0,0,0,0,0,0,0,0,0,0,0,0,0,0,0,0,0,0,2,0,8,4,7,5,6,8,6,9,6,7,5,5,5,6,6,6,5,3,3,0,2,-1,2,-2,2,-5,2,-7,5,-10,9,-14,10,-18,11,-18,11,-17,13,-16,17,-17,18,-18,17,-19,15,-20,13,-21,14,-18"
68.89186191558838,1028,"CSI,2695,128,77,-47,20,0,8,-2,4,-3,-1,-4,-6,-5,-9,-7,-12,-9,-12,-8,-9,-7,-10,-10,-15,-14,-17,-14,-15,-14,-12,-12,-11,-10,-10,-9,-7,-9,-3,-6,0,-5,0,-4,0,-1,1,1,2,3,3,6,4,7,5,5,1,1,0,0,0,0,0,0,0,0,0,0,0,0,0,0,0,0,0,0,-1,1,-3,6,-4,7,-6,7,-7,7,-6,7,-6,6,-5,7,-3,7,-3,5,-4,3,-1,0,3,-1,6,-2,7,-2,10,-2,13,-2,17,-5,21,-6,23,-5,22,-4,23,-3,25,-2,25,0,23,2,23,-1,23,-5"
68.96270298957825,1029,"CSI,3554,128,83,49,21,0,1,-2,-3,-3,-8,-6,-11,-8,-13,-6,-13,-5,-15,-3,-19,0,-19,-3,-16,-5,-16,-4,-15,-1,-15,-1,-12,-2,-7,-2,-5,-1,-4,-1,-2,-2,1,-3,4,-3,7,-4,7,-5,8,-4,8,-4,7,-4,1,-1,0,0,0,0,0,0,0,0,0,0,0,0,0,0,0,0,0,0,-1,-2,-4,-8,-3,-9,0,-9,1,-8,-1,-6,-2,-4,-1,-3,1,-3,3,-4,2,-1,4,3,5,6,5,9,3,10,4,12,8,16,10,17,12,16,14,17,12,19,9,18,10,17,10,15,9,12,8,8,7,4"
69.06390309333801,1030,"CSI,3558,128,83,49,21,0,-1,-1,2,-2,4,-3,8,-5,10,-8,9,-11,12,-11,17,-10,17,-13,15,-14,13,-12,10,-13,9,-11,8,-7,6,-6,5,-6,2,-2,0,2,1,3,0,3,-1,5,-3,7,-4,8,-3,7,-2,7,-1,1,0,0,0,0,0,0,0,0,0,0,0,0,0,0,0,0,0,0,1,0,6,1,8,1,11,1,9,3,5,4,5,3,3,2,2,1,0,0,-3,2,-5,4,-9,5,-11,3,-12,0,-13,-1,-15,-1,-18,0,-19,0,-19,1,-20,3,-20,1,-19,0,-19,3,-17,5,-14,3,-10,1"
69.16814804077148,1031,"CSI,3563,128,83,49,21,0,-5,-4,-6,1,-6,2,-4,4,-2,11,-1,15,0,15,0,11,-3,10,-6,12,-7,13,-6,12,-4,12,-3,12,-4,9,-5,5,-4,2,-2,0,0,-3,2,-4,3,-3,5,-4,5,-5,5,-6,5,-7,1,-2,0,0,0,0,0,0,0,0,0,0,0,0,0,0,0,0,0,0,1,-1,5,-2,7,-1,7,0,7,1,8,1,8,1,4,0,1,-1,0,-1,0,0,-2,-3,-4,-6,-7,-8,-8,-9,-10,-11,-14,-14,-14,-15,-12,-17,-14,-19,-14,-18,-11,-17,-10,-17,-10,-19,-8,-20,-7,-18,-5,-14"
69.27043581008911,1032,"CSI,3566,128,83,49,21,0,0,0,-1,2,-3,3,-6,4,-9,6,-11,9,-13,12,-17,14,-15,15,-12,13,-11,11,-10,12,-11,11,-10,7,-5,5,-2,4,-2,2,-2,0,-2,-2,-2,-4,-1,-5,0,-6,1,-8,1,-9,1,-8,0,-2,0,0,0,0,0,0,0,0,0,0,0,0,0,0,0,0,0,0,-3,-2,-9,-6,-9,-4,-8,-4,-8,-4,-7,-4,-4,-3,-3,-2,-4,-2,-3,-1,1,-2,5,-1,7,0,10,-2,11,-2,11,-1,13,-3,17,-3,19,-2,18,0,18,0,20,-1,20,-2,19,-2,17,-2,13,-4,11,-6"
69.3713128566742,1033,"CSI,3570,128,83,49,21,0,1,1,0,-1,-2,-4,-1,-8,-2,-12,-3,-14,-4,-12,-4,-9,-4,-10,-6,-13,-6,-15,-5,-16,-4,-16,-3,-14,-2,-10,-3,-8,-2,-7,0,-4,0,-2,0,0,1,1,1,2,0,4,0,5,1,4,0,1,0,0,0,0,0,0,0,0,0,0,0,0,0,0,0,0,0,0,-3,-1,-9,-4,-7,-6,-7,-7,-6,-7,-5,-7,-2,-7,1,-6,2,-4,2,-1,3,-1,5,-1,5,0,2,3,2,8,5,11,7,13,7,14,5,17,4,18,5,18,7,18,9,19,9,18,7,14,7,12,8,13"
69.43149495124817,1034,"CSI,3620,128,83,49,21,0,5,-15,4,-12,2,-8,1,-8,-1,-9,-6,-7,-9,-8,-9,-12,-11,-12,-13,-10,-14,-8,-15,-6,-11,-6,-7,-7,-6,-8,-6,-6,-5,-4,-6,-4,-4,-6,-3,-5,-4,-2,-4,-2,-4,0,-2,2,1,2,0,0,0,0,0,0,0,0,0,0,0,0,0,0,0,0,0,0,0,0,1,-1,4,-3,4,-1,5,0,5,-1,5,-1,8,0,10,1,10,2,10,0,12,-1,12,2,10,4,9,4,6,4,3,2,3,0,3,-4,0,-8,-2,-11,1,-13,3,-16,2,-18,3,-19,5,-19,5,-20,6,-21"
69.47355389595032,1035,"CSI,3575,128,83,49,21,0,1,-5,-4,-6,-6,-4,-9,-4,-12,-6,-14,-4,-13,-6,-8,-10,-10,-10,-14,-6,-15,-4,-14,-3,-11,-4,-6,-4,-5,-3,-6,-1,-6,1,-3,0,0,1,0,3,0,2,2,2,4,3,6,3,8,3,2,0,0,0,0,0,0,0,0,0,0,0,0,0,0,0,0,0,0,0,-2,2,-6,7,-6,6,-7,5,-7,4,-5,0,-4,0,-3,0,-2,-3,0,-4,2,-3,2,-2,4,-1,9,0,11,-1,12,0,16,1,18,1,19,0,20,1,22,1,20,0,18,-1,18,-1,17,0,11,2,7,5"
69.57705497741699,1036,"CSI,3578,128,83,49,21,0,2,-8,-3,-8,-4,-6,-7,-4,-13,-4,-15,-4,-17,-6,-17,-10,-17,-7,-17,-2,-19,-2,-20,-3,-17,-3,-13,-3,-11,-3,-9,-3,-6,-3,-4,-3,-4,-1,-3,2,0,2,1,2,2,4,2,6,3,9,1,2,0,0,0,0,0,0,0,0,0,0,0,0,0,0,0,0,0,0,2,0,9,2,7,3,9,4,10,6,7,6,4,5,4,6,5,4,4,3,4,3,4,0,3,-4,3,-8,5,-10,6,-10,8,-12,8,-14,8,-17,11,-17,13,-15,16,-16,17,-18,14,-18,14,-18,13,-18,13,-17"
69.68030977249146,1037,"CSI,3583,128,83,49,21,0,-3,3,-1,0,2,-4,4,-6,6,-7,7,-10,10,-13,14,-13,14,-15,12,-16,11,-15,11,-14,10,-12,9,-10,7,-9,5,-7,2,-4,-1,-2,-2,-1,-2,-1,-4,1,-6,4,-6,4,-7,4,-7,5,-2,1,0,0,0,0,0,0,0,0,0,0,0,0,0,0,0,0,0,0,-2,-1,-6,-3,-7,-6,-8,-7,-8,-6,-8,-5,-6,-6,-5,-5,-3,-3,-1,-1,-2,0,-2,3,-1,6,-2,10,-3,12,-3,13,-3,15,-4,18,-6,19,-5,19,-5,20,-7,21,-8,20,-5,19,-1,19,0,18,0,16"
69.74018478393555,1038,"CSI,3633,128,83,49,21,0,-10,-13,-8,-8,-5,-6,-6,-4,-7,-3,-9,0,-12,0,-13,-4,-14,-4,-14,2,-14,4,-15,3,-14,1,-10,-1,-9,-3,-11,-3,-8,1,-6,3,-4,1,-3,-1,-3,-1,-4,1,-3,2,-1,2,2,3,0,1,0,0,0,0,0,0,0,0,0,0,0,0,0,0,0,0,0,0,0,-1,0,-2,-3,1,-2,-1,1,-4,3,-5,3,-6,3,-8,3,-8,4,-7,5,-8,6,-9,4,-8,2,-6,2,-2,-1,-1,-3,-4,-4,-7,-5,-7,-8,-7,-12,-6,-16,-6,-17,-7,-14,-10,-14,-13,-14,-15,-11,-17"
69.7814826965332,1039,"CSI,3587,128,83,49,21,0,-3,10,0,10,3,10,6,9,9,8,10,8,11,13,10,19,12,17,12,13,8,13,7,14,8,12,6,9,5,8,5,7,4,5,2,2,1,0,3,0,5,1,4,-2,5,-5,6,-5,6,-6,1,-2,0,0,0,0,0,0,0,0,0,0,0,0,0,0,0,0,0,0,-3,0,-11,1,-11,0,-10,-3,-9,-4,-9,-2,-8,0,-6,1,-6,1,-6,0,-5,2,-4,6,-5,11,-5,14,-7,15,-9,16,-11,17,-12,16,-13,16,-13,17,-15,15,-16,14,-14,13,-11,12,-10,11,-8,11,-6,10"
69.88598108291626,1040,"CSI,3591,128,83,49,21,0,0,-7,9,-6,12,-4,14,-5,17,-6,19,-8,16,-9,14,-8,16,-6,16,-6,13,-8,12,-9,11,-11,8,-9,5,-7,7,-5,6,-2,3,0,0,2,1,4,2,5,0,6,1,7,4,8,5,7,1,1,0,0,0,0,0,0,0,0,0,0,0,0,0,0,0,0,0,0,-2,1,-7,5,-8,5,-9,6,-10,6,-9,5,-5,3,-3,0,-3,-1,-4,-2,-6,-4,-5,-6,-3,-9,-6,-13,-9,-15,-8,-18,-8,-21,-9,-22,-11,-23,-13,-24,-12,-24,-10,-22,-11,-18,-14,-14,-12,-13,-8,-12,-6,-10"
69.98744583129883,1041,"CSI,3594,128,83,49,21,0,-3,7,-1,1,4,-2,7,-4,8,-7,10,-9,12,-10,11,-12,13,-13,18,-11,18,-11,16,-11,14,-8,11,-6,9,-6,8,-4,6,-2,3,-1,0,-2,-4,-2,-5,0,-4,2,-6,0,-9,0,-9,2,-3,0,0,0,0,0,0,0,0,0,0,0,0,0,0,0,0,0,0,0,0,-2,1,-8,0,-8,-2,-6,-1,-6,2,-7,3,-8,1,-5,0,-3,-1,-3,-3,-2,-3,2,-4,5,-5,6,-8,6,-10,9,-10,14,-8,18,-9,19,-12,20,-14,20,-14,21,-13,21,-13,21,-12,21,-10,18,-11,15"
70.04329085350037,1042,"CSI,3645,128,83,49,21,0,11,4,10,1,10,-3,8,-5,6,-4,5,-3,9,-3,15,-6,15,-8,11,-7,10,-6,10,-3,10,-2,9,-1,9,1,8,2,6,0,8,1,6,1,1,1,-1,-1,1,-1,1,-2,-1,-3,0,-1,0,0,0,0,0,0,0,0,0,0,0,0,0,0,0,0,0,0,0,0,1,-1,3,-3,3,-3,5,-2,7,0,8,-1,7,-2,5,1,6,4,7,4,9,3,7,3,6,4,6,4,5,4,3,3,3,-1,4,-3,5,-2,6,-2,7,-5,9,-5,10,-2,11,-1,12,-1,16,-2,18,-1"
70.08871674537659,1043,"CSI,3599,128,83,49,21,0,2,1,-2,-3,-5,-5,-7,-8,-13,-10,-16,-9,-14,-5,-13,-1,-15,-4,-16,-8,-16,-7,-16,-5,-14,-5,-13,-3,-12,-3,-10,-3,-5,-4,-2,-3,1,-1,4,-1,5,-3,5,-4,6,-4,8,-4,8,-4,1,-1,0,0,0,0,0,0,0,0,0,0,0,0,0,0,0,0,0,0,-1,-3,-2,-9,-1,-9,1,-10,3,-9,4,-9,3,-8,2,-6,2,-4,3,-1,4,1,3,3,1,6,1,10,0,14,1,17,4,19,6,20,7,23,6,26,5,25,4,23,2,19,4,16,8,16,6,15,2,13"
70.19211506843567,1044,"CSI,3603,128,83,49,21,0,0,5,5,0,7,-3,8,-6,10,-7,11,-10,13,-12,19,-14,21,-15,18,-13,15,-13,13,-13,12,-11,9,-8,8,-7,8,-6,7,-4,2,-3,-3,-3,-3,-3,-4,-4,-5,-2,-6,1,-8,1,-10,0,-3,-1,0,0,0,0,0,0,0,0,0,0,0,0,0,0,0,0,0,0,-2,-1,-8,-4,-8,-6,-7,-7,-6,-7,-6,-6,-6,-6,-4,-6,-3,-5,-4,-4,-3,-2,0,1,0,7,-3,9,-4,9,-3,12,-2,16,-2,17,-2,18,-3,20,-4,22,-5,22,-6,21,-6,19,-3,17,0,15,2,12"
70.29414200782776,1045,"CSI,3606,128,83,49,21,0,6,7,10,3,12,-1,15,-1,16,2,14,1,15,-1,18,-3,15,-2,9,0,7,1,9,-1,10,-2,9,-1,7,2,4,2,2,-3,1,-6,0,-4,-2,-3,-2,-3,-2,-3,-2,-6,-3,-9,-5,-8,-2,-2,0,0,0,0,0,0,0,0,0,0,0,0,0,0,0,0,0,0,-1,-3,-3,-10,-2,-10,0,-10,1,-10,0,-8,0,-4,2,-2,2,-1,-3,0,-5,4,-5,8,-6,10,-6,10,-8,11,-12,13,-15,16,-16,16,-17,15,-16,14,-16,12,-16,9,-15,7,-14,6,-14,7,-12,8,-8,5"
70.39644384384155,1046,"CSI,3610,128,83,49,21,0,5,-5,-2,-3,-6,0,-9,3,-15,3,-19,4,-22,7,-25,7,-23,7,-17,11,-15,11,-14,9,-14,6,-15,5,-13,4,-9,2,-5,1,-2,1,0,0,2,-1,4,-2,3,-3,3,-6,5,-9,5,-9,1,-3,0,0,0,0,0,0,0,0,0,0,0,0,0,0,0,0,0,0,-2,-1,-8,0,-10,2,-11,2,-12,2,-11,0,-9,-3,-8,-4,-7,-5,-4,-7,-3,-6,0,-6,4,-7,7,-6,9,-4,14,-3,18,-3,20,-5,21,-4,25,-3,27,-5,26,-6,25,-5,21,-6,18,-7,17,-6,16,-2"
70.45119190216064,1047,"CSI,3661,128,83,49,21,0,9,9,9,9,9,7,7,4,6,1,8,0,7,-1,6,-7,8,-7,9,-3,10,-1,11,1,12,0,10,0,9,0,11,-2,8,-2,4,-1,4,-1,3,-1,2,0,1,0,1,0,1,0,1,1,0,0,0,0,0,0,0,0,0,0,0,0,0,0,0,0,0,0,0,0,0,1,0,5,-1,3,-1,3,0,5,1,5,3,7,2,7,1,7,-1,7,-1,7,1,9,1,8,0,5,0,3,1,5,1,8,2,6,4,3,8,5,10,8,9,9,12,10,15,11,14,14,12,14,12,11"
70.49889183044434,1048,"CSI,3615,128,83,49,21,0,-3,-4,-5,-7,-9,-5,-13,-4,-16,-8,-18,-11,-16,-8,-11,-5,-11,-2,-12,-2,-11,-3,-10,-2,-9,-1,-7,1,-5,1,-4,-1,-3,-4,0,-5,2,-2,3,-1,4,-5,3,-8,2,-9,2,-8,2,-6,0,-2,0,0,0,0,0,0,0,0,0,0,0,0,0,0,0,0,0,0,2,-2,9,-7,10,-7,9,-6,8,-5,8,-4,8,-2,5,0,4,-1,4,0,1,5,-4,9,-5,10,-2,13,-2,16,-5,19,-7,22,-8,24,-8,24,-5,23,-1,23,-1,23,-3,22,-3,19,0,16,0,12,-1,7"
70.55738711357117,1049,"CSI,3665,128,83,49,21,0,-12,6,-8,4,-6,5,-6,6,-4,5,-1,5,-1,6,-3,4,-1,5,2,8,2,10,3,11,2,11,0,11,2,11,6,9,4,7,1,7,0,4,-1,0,0,0,1,1,4,-1,5,-3,4,-5,1,-2,0,0,0,0,0,0,0,0,0,0,0,0,0,0,0,0,0,0,-1,-1,-4,-2,-5,-2,-6,-1,-8,0,-9,-4,-9,-6,-7,-5,-5,-6,-7,-8,-9,-7,-9,-6,-7,-8,-3,-9,-3,-6,-3,-3,-4,-1,-5,2,-7,3,-9,4,-10,7,-12,11,-14,13,-14,12,-14,8,-15,6,-14,6"
70.60097002983093,1050,"CSI,3619,128,83,49,21,0,-5,0,-5,3,-4,7,-2,12,-2,15,-4,18,-2,18,2,15,-1,14,-6,17,-6,19,-6,20,-8,20,-8,17,-7,13,-5,10,-3,7,-2,4,-1,2,-1,0,1,-4,4,-5,5,-5,2,-5,0,-5,0,-2,0,0,0,0,0,0,0,0,0,0,0,0,0,0,0,0,0,0,2,1,9,3,9,4,9,7,10,8,9,6,4,5,2,6,2,7,2,6,-1,1,-4,-4,-3,-6,-4,-8,-6,-11,-6,-14,-7,-17,-9,-20,-9,-25,-8,-28,-6,-28,-5,-28,-5,-29,-6,-28,-6,-26,-6,-23,-7,-18"
70.70367074012756,1051,"CSI,3623,128,83,49,21,0,9,17,9,10,8,5,8,0,9,-5,11,-7,15,-11,18,-17,22,-16,24,-12,22,-8,19,-6,19,-5,19,-5,17,-6,14,-5,11,-3,9,-3,6,-6,5,-8,3,-9,0,-9,-3,-9,-4,-9,-3,-8,-1,-2,0,0,0,0,0,0,0,0,0,0,0,0,0,0,0,0,0,0,-1,0,-2,3,-3,6,-3,10,-4,11,-7,10,-9,11,-8,12,-8,10,-8,9,-8,8,-8,8,-5,7,-1,5,2,5,5,6,10,8,14,10,14,12,15,15,17,17,19,22,20,25,19,24,17,24,18,25,19,26"
70.80351901054382,1052,"CSI,3627,128,83,49,21,0,-8,21,-7,17,-5,14,-2,13,1,15,4,16,3,14,1,11,3,14,6,17,7,17,8,16,8,16,5,16,3,16,3,15,2,12,0,11,-1,11,-1,8,-1,4,-1,2,-1,3,2,2,4,2,1,0,0,0,0,0,0,0,0,0,0,0,0,0,0,0,0,0,0,0,0,1,3,5,2,8,1,10,1,10,2,8,1,9,-1,10,-3,11,-3,12,-1,13,0,11,0,11,0,13,0,14,0,15,2,16,4,18,4,19,2,19,0,21,-1,22,0,22,0,24,0,27,-1,28,-1,29"
70.90801501274109,1053,"CSI,3630,128,83,49,21,0,21,2,20,-2,18,-4,20,-4,21,-6,21,-8,18,-8,14,-6,16,-3,19,-2,19,-2,18,-3,18,-1,16,1,15,2,14,1,11,1,9,1,10,1,10,0,8,-2,8,-3,7,-5,6,-6,4,-4,1,-1,0,0,0,0,0,0,0,0,0,0,0,0,0,0,0,0,0,0,2,-1,9,-2,10,-4,12,-4,12,-4,14,-3,15,-1,11,0,9,-2,12,-5,13,-6,12,-7,13,-7,15,-6,18,-7,21,-8,23,-7,24,-7,24,-8,24,-8,25,-6,28,-4,30,-2,31,1,33,2,30,1,24,1"
71.00757384300232,1054,"CSI,3635,128,83,49,21,0,7,15,11,9,11,6,10,6,12,8,16,8,17,8,18,10,19,12,17,13,14,13,11,14,9,15,7,13,6,10,5,9,1,8,0,8,1,8,3,7,5,4,6,2,8,0,9,0,8,1,2,0,0,0,0,0,0,0,0,0,0,0,0,0,0,0,0,0,0,0,1,1,7,6,8,6,9,4,7,5,6,7,6,9,4,9,5,7,7,6,7,6,8,5,11,6,13,6,14,6,14,8,14,10,13,11,14,13,16,15,17,17,17,18,16,17,15,19,14,23,14,26,16,22"
71.10977005958557,1055,"CSI,3638,128,83,49,21,0,8,11,9,10,9,8,9,5,11,4,13,2,16,-3,19,-6,18,-4,16,2,16,5,15,7,11,8,8,7,7,7,5,7,3,6,2,3,3,-1,5,-2,5,-2,3,-2,3,-3,3,-5,3,-8,0,-2,0,0,0,0,0,0,0,0,0,0,0,0,0,0,0,0,0,0,0,1,1,3,2,4,2,5,3,7,5,7,4,9,3,8,3,7,3,7,3,8,6,9,7,8,10,7,12,8,14,10,13,11,12,12,13,13,16,14,16,16,15,19,12,21,11,20,11,18,14,19,16,18"
71.2138500213623,1056,"CSI,3643,128,83,49,21,0,11,1,10,-1,10,-4,8,-4,5,-6,6,-10,4,-12,-1,-15,1,-16,6,-14,10,-12,12,-13,12,-14,10,-12,10,-8,10,-6,10,-5,5,-4,-1,-5,-2,-5,-2,-4,-4,-4,-4,-4,-4,-6,-5,-7,-2,-2,0,0,0,0,0,0,0,0,0,0,0,0,0,0,0,0,0,0,1,2,6,9,6,7,6,8,4,7,3,5,3,7,2,9,3,8,4,6,6,6,7,4,6,2,9,2,12,3,13,2,14,1,14,2,16,1,18,-1,19,0,19,1,21,2,24,2,23,3,19,4,17,5"
71.2751989364624,1057,"CSI,3693,128,83,49,21,0,-14,2,-10,4,-7,5,-5,6,-4,5,-2,5,-4,5,-10,6,-10,8,-9,10,-7,11,-4,11,-3,11,-7,10,-9,8,-8,5,-5,4,-4,2,-3,0,-2,0,-2,-1,-2,0,-2,2,-1,3,-1,3,-1,0,0,0,0,0,0,0,0,0,0,0,0,0,0,0,0,0,0,0,-1,-1,-1,-2,-1,-2,-4,-1,-7,-1,-8,-2,-8,-2,-9,-2,-9,-5,-8,-6,-8,-7,-8,-8,-7,-9,-5,-8,-3,-5,-3,-4,-4,-2,-6,1,-7,2,-10,1,-10,1,-11,3,-12,7,-14,8,-17,7,-18,7,-17,6"
71.42157793045044,1058,"CSI,3651,128,83,49,21,0,15,-9,11,-9,6,-10,4,-12,4,-16,1,-17,2,-17,7,-19,6,-22,4,-23,4,-22,6,-20,8,-20,8,-19,8,-15,9,-11,8,-9,5,-7,2,-5,1,-4,-1,-5,-3,-5,-5,-4,-6,-5,-4,-6,-1,-2,0,0,0,0,0,0,0,0,0,0,0,0,0,0,0,0,0,0,1,-1,6,-3,7,-3,8,-3,10,-4,10,-3,7,-3,7,-1,8,0,7,1,6,0,6,-3,8,-7,10,-8,11,-9,10,-10,12,-11,14,-11,17,-13,20,-14,20,-13,22,-15,22,-16,23,-14,24,-14,24,-13,21,-12"
71.52729296684265,1059,"CSI,3655,128,83,49,21,0,-8,-20,-7,-15,-8,-11,-12,-8,-15,-5,-17,-2,-19,-6,-21,-14,-24,-13,-24,-9,-22,-9,-20,-12,-20,-14,-18,-13,-13,-12,-9,-10,-5,-8,-2,-6,-2,-5,-5,-3,-6,0,-7,2,-7,4,-5,5,-6,5,-2,1,0,0,0,0,0,0,0,0,0,0,0,0,0,0,0,0,0,0,-1,-2,-1,-9,-1,-11,0,-12,1,-11,1,-9,0,-9,0,-11,1,-12,2,-11,2,-10,-3,-9,-7,-8,-7,-10,-7,-13,-7,-16,-9,-19,-13,-19,-12,-20,-11,-23,-14,-24,-14,-24,-10,-24,-7,-26,-8,-28,-10,-28,-10,-27"
71.57901692390442,1060,"CSI,3705,128,83,49,21,0,11,-2,11,-1,8,-1,6,-4,5,-5,5,-6,3,-5,3,0,4,-3,4,-9,5,-9,6,-8,7,-8,7,-8,5,-7,6,-7,8,-5,5,-3,1,-3,1,-3,1,-2,-1,-1,-2,-2,-3,-4,-3,-3,-1,-1,0,0,0,0,0,0,0,0,0,0,0,0,0,0,0,0,0,0,1,0,2,2,0,1,2,2,5,3,6,2,7,3,6,4,5,5,5,7,4,8,4,10,4,12,3,10,2,8,2,6,2,3,3,0,5,-2,7,-2,10,-2,13,-3,12,-3,13,-2,14,0,14,0,15,0"
71.62967586517334,1061,"CSI,3658,128,83,49,21,0,0,-18,-1,-15,-4,-14,-6,-15,-9,-15,-13,-15,-16,-13,-20,-11,-19,-13,-16,-17,-15,-19,-12,-21,-10,-21,-7,-20,-3,-20,-2,-17,-3,-11,-3,-7,-2,-7,-4,-7,-6,-5,-5,-4,-5,-4,-6,-2,-9,0,-3,0,0,0,0,0,0,0,0,0,0,0,0,0,0,0,0,0,0,0,-1,-3,-1,-9,-1,-9,-1,-10,1,-10,3,-10,3,-10,4,-10,2,-10,1,-10,-1,-9,-3,-8,-3,-9,-4,-12,-4,-16,-5,-19,-4,-21,-3,-25,-3,-24,-4,-22,-4,-22,-5,-24,-7,-27,-5,-28,-3,-29,-2,-28,-2,-26"
71.73126292228699,1062,"CSI,3663,128,83,49,21,0,-5,-18,-9,-16,-16,-11,-17,-8,-14,-5,-13,-5,-16,-2,-19,3,-20,-1,-21,-8,-21,-11,-21,-10,-20,-9,-18,-7,-18,-7,-14,-7,-9,-5,-6,-3,-5,-1,-5,1,-5,2,-5,2,-5,3,-3,5,-1,6,0,1,0,0,0,0,0,0,0,0,0,0,0,0,0,0,0,0,0,0,0,-2,2,-8,3,-9,4,-9,5,-10,4,-10,1,-9,2,-7,2,-5,2,-5,1,-5,-4,-6,-7,-10,-7,-13,-9,-14,-10,-14,-11,-14,-14,-16,-14,-20,-12,-22,-11,-23,-13,-25,-12,-26,-12,-26,-9,-28,-6,-28,-6,-24"
71.78636693954468,1063,"CSI,3713,128,83,49,21,0,13,-4,11,-4,7,-5,5,-5,4,-5,3,-6,3,-10,2,-14,0,-13,0,-10,1,-9,3,-9,3,-10,3,-12,4,-11,7,-9,8,-8,5,-5,2,-2,1,-2,0,-3,-1,-2,-1,-1,-1,-2,-2,-3,-1,-1,0,0,0,0,0,0,0,0,0,0,0,0,0,0,0,0,0,0,1,-1,4,-3,4,-3,3,-5,3,-9,4,-10,6,-9,8,-7,10,-6,12,-6,13,-4,13,-1,10,0,4,1,4,1,7,0,6,-3,4,-5,5,-7,6,-8,7,-8,6,-11,8,-12,11,-13,13,-15,13,-16,11,-14"
71.8317379951477,1064,"CSI,3667,128,83,49,21,0,16,6,11,1,7,-4,8,-8,10,-11,10,-13,10,-16,11,-22,11,-24,11,-23,12,-22,12,-20,12,-16,12,-12,12,-11,11,-11,7,-9,3,-7,0,-7,-1,-6,-2,-5,-4,-5,-6,-5,-6,-4,-7,-2,-2,-1,0,0,0,0,0,0,0,0,0,0,0,0,0,0,0,0,0,0,-1,1,-3,6,-3,8,-2,9,-1,10,-1,10,-4,9,-3,7,-2,5,-2,3,0,-1,4,-1,8,1,10,4,11,5,12,5,16,7,20,11,20,12,20,10,20,9,21,10,21,11,23,14,25,14,26,13,26,16"
71.86509490013123,1065,"CSI,2697,128,75,-79,20,0,7,-12,3,-11,3,-10,1,-11,-4,-15,-7,-17,-10,-14,-15,-13,-16,-15,-13,-17,-11,-18,-11,-20,-10,-19,-6,-17,-4,-16,-4,-13,-3,-9,-2,-6,-3,-4,-5,-3,-8,-1,-9,0,-9,1,-9,2,-8,3,-2,0,0,0,0,0,0,0,0,0,0,0,0,0,0,0,0,0,0,0,1,-1,7,0,6,3,5,5,5,5,5,4,4,5,2,6,3,5,3,3,3,1,3,-3,4,-6,6,-10,7,-14,10,-15,12,-15,14,-15,19,-16,21,-17,18,-17,16,-16,17,-18,19,-19,20,-18,22,-18,24,-18"
71.89287686347961,1066,"CSI,833,128,75,-79,20,0,12,1,8,1,7,0,7,-1,7,-1,8,-2,8,-2,4,-2,5,-3,7,-4,7,-4,8,-5,8,-7,8,-6,8,-4,9,-4,7,-4,4,0,2,2,2,2,2,0,2,-2,2,-1,1,-4,-2,-6,-1,-2,0,0,0,0,0,0,0,0,0,0,0,0,0,0,0,0,0,0,1,-1,4,-1,3,-3,3,-3,6,-2,10,-3,11,-4,10,-2,10,-1,11,0,11,3,10,4,10,3,9,4,7,5,6,4,5,0,6,-3,7,-4,8,-5,7,-6,9,-4,15,-3,15,-4,14,-3,15,-1,16,-1"
71.92342686653137,1067,"CSI,2698,128,75,-79,20,0,-6,14,-2,12,3,10,6,10,9,10,12,12,13,14,11,12,10,13,12,17,14,18,13,17,11,16,8,15,5,12,3,9,3,8,3,5,4,1,5,-1,5,-2,4,-2,4,-3,3,-5,4,-4,1,-1,0,0,0,0,0,0,0,0,0,0,0,0,0,0,0,0,0,0,-3,1,-8,6,-6,4,-8,2,-9,-2,-9,-1,-8,1,-7,0,-6,0,-6,3,-5,5,-4,4,-4,6,-3,11,-2,13,-1,16,-1,19,-4,19,-8,18,-10,20,-9,24,-8,27,-10,26,-14,24,-16,25,-13,26,-12,24"
71.95677876472473,1068,"CSI,2699,128,75,-79,20,0,7,-18,2,-15,-2,-13,-3,-14,-5,-14,-9,-14,-11,-12,-11,-9,-13,-12,-12,-19,-10,-18,-9,-15,-7,-15,-4,-15,-3,-17,-3,-17,-3,-13,-4,-6,-5,-2,-6,-2,-6,-2,-5,-2,-6,0,-8,3,-9,6,-3,1,0,0,0,0,0,0,0,0,0,0,0,0,0,0,0,0,0,0,2,-1,10,-2,9,-2,10,0,10,2,8,2,8,1,5,1,3,2,5,3,5,-1,4,-6,3,-11,3,-12,5,-9,7,-10,8,-16,8,-19,5,-18,5,-18,10,-19,14,-19,13,-23,12,-26,13,-28,16,-28,20,-25"
71.99033188819885,1069,"CSI,3670,128,83,49,21,0,7,-14,1,-11,-3,-12,-6,-13,-8,-11,-10,-13,-16,-16,-20,-17,-18,-17,-16,-17,-14,-19,-11,-20,-9,-19,-7,-18,-6,-17,-4,-14,-3,-8,-4,-4,-5,-2,-6,-1,-5,0,-5,0,-7,1,-9,1,-8,3,-2,1,0,0,0,0,0,0,0,0,0,0,0,0,0,0,0,0,0,0,1,-1,6,-1,5,-1,8,-1,11,-1,10,-2,6,-2,3,0,2,0,2,-4,1,-7,1,-8,2,-11,3,-14,5,-14,6,-15,6,-18,7,-19,9,-20,11,-21,13,-20,14,-20,14,-20,14,-22,13,-23,12,-21,13,-19"
72.03270196914673,1070,"CSI,3674,128,83,49,21,0,-4,17,3,15,9,13,11,10,11,9,14,9,16,12,12,16,12,19,16,18,15,18,12,18,9,17,8,17,9,16,6,13,3,10,4,6,7,1,8,0,8,0,7,-1,5,-2,6,-3,8,-4,2,-2,0,0,0,0,0,0,0,0,0,0,0,0,0,0,0,0,0,0,-2,1,-5,6,-5,6,-5,6,-6,6,-7,6,-7,4,-4,2,-4,2,-4,1,-2,3,1,6,4,10,3,14,1,15,-1,15,0,18,1,19,2,18,2,22,1,25,-1,25,-1,25,-3,23,-5,24,-8,26,-7,29"
