timestamp,sample_number,csi_data
0.033966064453125,1,"CSI,739,128,83,49,21,0,0,12,0,7,6,2,10,-1,11,-3,15,-5,15,-5,13,-2,15,0,19,-2,20,-1,21,2,17,4,11,2,8,1,7,2,5,-1,5,-3,5,-5,2,-6,0,-5,-1,-4,-2,-4,-2,-6,-2,-8,-1,-2,0,0,0,0,0,0,0,0,0,0,0,0,0,0,0,0,0,0,-2,0,-6,2,-8,3,-10,2,-10,3,-8,5,-8,6,-9,4,-8,2,-8,2,-7,3,-6,5,-4,7,-2,9,-1,10,0,11,1,13,3,15,7,17,8,19,4,21,0,24,0,24,0,25,-2,28,-2,26,1,20"
0.14033222198486328,2,"CSI,743,128,83,49,21,0,-11,-3,-9,1,-9,5,-8,7,-8,12,-9,17,-8,22,-7,27,-7,26,-11,21,-14,15,-13,11,-14,12,-14,10,-14,6,-11,3,-5,1,-1,2,0,5,3,4,3,3,3,4,3,5,5,5,7,5,2,1,0,0,0,0,0,0,0,0,0,0,0,0,0,0,0,0,0,0,-1,-1,-1,-6,-2,-11,-3,-13,-1,-10,1,-10,1,-12,0,-12,-1,-11,-1,-10,-2,-9,-4,-7,-7,-7,-9,-8,-12,-7,-14,-4,-16,-2,-18,-2,-21,-2,-24,-5,-26,-7,-26,-9,-29,-12,-32,-12,-33,-10,-31,-10,-27,-10"
0.23753809928894043,3,"CSI,746,128,83,49,21,0,4,13,7,6,8,2,9,1,14,2,18,1,19,-1,24,0,25,1,23,2,20,5,16,7,12,9,10,10,10,8,8,4,5,3,3,-1,4,-3,5,-2,5,-2,4,-4,3,-6,3,-7,1,-8,-1,-2,0,0,0,0,0,0,0,0,0,0,0,0,0,0,0,0,0,0,0,1,-2,5,-7,7,-8,10,-8,10,-8,9,-8,8,-8,6,-6,4,-4,4,-5,5,-3,4,0,4,2,6,3,10,5,12,8,13,12,15,12,18,10,20,9,22,9,23,7,23,3,24,1,25,0,27,1,29"
0.29927515983581543,4,"CSI,797,128,83,49,21,0,16,-2,16,-3,13,-4,7,-6,2,-8,0,-8,-1,-9,-4,-14,-4,-15,0,-12,3,-11,3,-12,3,-13,3,-12,1,-11,0,-9,0,-7,0,-5,-1,-5,-1,-3,-3,-2,-5,-2,-5,-2,-4,-2,-3,-2,-1,-1,0,0,0,0,0,0,0,0,0,0,0,0,0,0,0,0,0,0,-1,0,-1,2,1,2,2,1,2,2,2,4,3,5,4,5,5,4,6,3,6,5,6,7,4,9,2,8,2,6,2,4,3,2,3,-1,3,-5,4,-7,5,-8,8,-9,13,-10,16,-10,20,-8,22,-8,23,-8"
0.32990598678588867,5,"CSI,2739,128,77,-47,20,0,-9,10,-5,8,1,8,6,6,11,5,13,3,15,3,19,8,21,10,20,7,18,5,15,4,12,4,11,3,9,4,5,5,2,3,1,0,1,-3,1,-5,1,-6,0,-6,-1,-5,-2,-5,-3,-4,-1,-1,0,0,0,0,0,0,0,0,0,0,0,0,0,0,0,0,0,0,-2,-2,-7,-5,-8,-6,-6,-8,-4,-7,-6,-7,-8,-9,-6,-10,-5,-9,-7,-6,-6,-5,-5,-6,-5,-3,-6,0,-6,2,-6,5,-8,9,-9,10,-9,11,-12,16,-17,20,-20,21,-21,20,-20,18,-20,17,-20,16,-17,16"
0.3576841354370117,6,"CSI,750,128,83,49,21,0,3,17,3,14,6,12,9,8,9,3,8,1,8,0,9,-3,11,-1,14,4,16,7,17,7,15,5,13,4,13,4,12,6,9,6,6,4,5,2,5,0,3,-1,1,-2,2,-4,1,-6,-2,-7,-1,-2,0,0,0,0,0,0,0,0,0,0,0,0,0,0,0,0,0,0,-1,0,-1,4,0,6,-1,7,-1,8,-3,8,-6,7,-6,8,-7,8,-8,9,-4,10,-3,9,-4,8,-3,10,0,10,2,10,4,11,6,12,9,11,10,14,10,19,8,23,6,23,6,22,7,24,4,25,2,25"
0.44728708267211914,7,"CSI,755,128,83,49,21,0,-14,-12,-11,-10,-8,-8,-8,-4,-10,1,-12,3,-16,3,-23,4,-20,6,-16,7,-16,6,-16,5,-16,4,-14,2,-12,2,-11,2,-11,1,-8,-1,-5,0,-3,0,-1,0,0,1,2,2,4,1,4,2,1,0,0,0,0,0,0,0,0,0,0,0,0,0,0,0,0,0,0,0,0,-2,1,-8,0,-10,1,-11,3,-12,3,-12,1,-9,2,-7,3,-8,4,-8,2,-8,1,-9,0,-9,-3,-6,-4,-4,-4,-4,-7,-9,-10,-13,-14,-11,-17,-11,-17,-14,-15,-18,-12,-21,-13,-20,-16,-19,-15,-19,-13,-23"
0.5479881763458252,8,"CSI,758,128,83,49,21,0,12,-9,8,-11,4,-11,0,-12,0,-13,-1,-15,0,-17,2,-19,3,-20,3,-19,4,-19,3,-17,3,-13,3,-13,0,-13,0,-10,2,-8,2,-6,0,-5,-3,-5,-2,-3,-1,-2,-2,-2,-4,-3,-4,-4,-2,-1,0,0,0,0,0,0,0,0,0,0,0,0,0,0,0,0,0,0,1,0,8,0,10,1,11,2,10,2,8,1,8,0,6,1,4,1,4,0,4,-2,4,-4,2,-4,3,-5,8,-9,10,-11,11,-12,12,-12,13,-11,17,-12,20,-12,19,-13,19,-12,19,-9,19,-7,21,-7,22,-8"
0.6455490589141846,9,"CSI,763,128,83,49,21,0,2,13,6,10,8,7,8,7,8,7,9,7,12,6,15,7,13,10,11,9,10,8,8,10,6,11,6,10,6,7,5,5,4,4,2,1,2,0,2,2,3,2,3,2,3,0,3,-2,4,-4,1,-1,0,0,0,0,0,0,0,0,0,0,0,0,0,0,0,0,0,0,0,1,0,7,0,8,-1,9,-4,7,-4,5,-3,4,-1,4,0,4,2,3,2,4,3,7,5,9,6,9,4,11,4,14,5,16,5,17,6,19,6,21,4,23,3,23,2,20,1,17,0,18,2,21,3,22"
0.7541201114654541,10,"CSI,766,128,83,49,21,0,-6,-2,-4,4,-4,10,-6,13,-8,15,-8,15,-11,14,-16,13,-14,14,-11,18,-10,17,-9,13,-7,9,-7,8,-7,10,-4,8,-2,3,0,1,1,1,2,2,1,1,2,1,4,1,6,-2,5,-5,1,-2,0,0,0,0,0,0,0,0,0,0,0,0,0,0,0,0,0,0,1,-2,9,-7,11,-7,10,-6,9,-5,8,-3,7,0,6,1,5,-1,4,-4,1,-4,-3,-3,-7,-4,-8,-7,-8,-9,-11,-10,-13,-12,-14,-15,-16,-17,-19,-18,-19,-19,-17,-21,-16,-22,-15,-22,-14,-20,-14,-17,-16,-16"
0.7986710071563721,11,"CSI,2740,128,77,-47,20,0,2,-9,3,0,6,5,7,7,4,11,4,14,6,19,7,26,9,26,9,22,6,17,4,15,5,14,6,11,4,11,-1,11,0,8,2,3,0,-2,-3,-4,-3,-4,-3,-3,-4,-3,-5,-5,-6,-7,-2,-2,0,0,0,0,0,0,0,0,0,0,0,0,0,0,0,0,0,0,-1,2,-3,7,-2,7,-2,7,-2,7,-3,6,-4,4,-4,4,-3,4,-3,1,-3,-1,-1,-4,1,-5,2,-6,4,-9,4,-12,2,-15,2,-16,2,-18,0,-21,0,-25,0,-27,-1,-27,-3,-26,-3,-25,-3,-23,-1,-22"
0.831732988357544,12,"CSI,2741,128,77,-47,20,0,6,-2,-1,1,-5,3,-10,4,-15,3,-17,3,-20,1,-21,-3,-22,0,-22,6,-20,9,-17,8,-15,7,-15,5,-13,3,-9,1,-5,-1,0,-3,3,-3,2,-1,1,-2,3,-3,6,-3,6,-4,5,-6,1,-2,0,0,0,0,0,0,0,0,0,0,0,0,0,0,0,0,0,0,-1,1,-4,7,-7,7,-8,8,-7,7,-7,5,-6,4,-5,4,-5,4,-4,3,0,2,2,1,3,-1,4,-3,8,-2,11,-2,13,-2,16,-3,17,-6,19,-10,20,-13,20,-13,20,-13,22,-14,23,-12,21,-8,18,-9"
0.859917163848877,13,"CSI,771,128,83,49,21,0,-1,-3,-2,2,-3,4,-6,7,-9,10,-11,12,-14,15,-15,17,-15,15,-13,11,-11,9,-11,10,-12,14,-10,14,-7,10,-6,6,-5,4,-2,2,1,2,4,2,6,0,5,-4,4,-6,6,-4,7,-2,1,-1,0,0,0,0,0,0,0,0,0,0,0,0,0,0,0,0,0,0,1,2,4,8,3,7,1,6,0,6,1,7,1,6,0,5,-1,4,-1,2,-1,-3,0,-5,0,-7,1,-10,2,-12,2,-13,4,-15,5,-18,4,-19,4,-19,6,-20,6,-22,6,-23,6,-22,5,-22,5,-20,6,-18"
0.9090771675109863,14,"CSI,2742,128,75,-79,20,0,1,-1,-4,6,-8,11,-10,14,-10,17,-10,18,-10,18,-7,22,-6,21,-8,16,-9,13,-9,11,-6,10,-4,9,-4,8,-4,6,-1,3,2,0,1,1,1,3,2,2,2,-2,2,-5,2,-8,2,-7,0,-2,0,0,0,0,0,0,0,0,0,0,0,0,0,0,0,0,0,0,1,2,5,9,7,8,5,8,1,8,0,7,0,5,-1,5,-2,3,-4,0,-3,-5,-1,-8,0,-9,2,-13,3,-16,2,-16,5,-17,9,-20,9,-20,5,-22,3,-23,5,-20,7,-19,4,-18,3,-19,3,-19,2,-15"
0.942173957824707,15,"CSI,2743,128,75,-79,20,0,-2,2,1,4,2,6,-7,11,-14,16,-11,16,-13,7,-20,-4,-18,0,-14,10,-11,13,-8,11,-3,10,-2,9,-5,6,-6,2,-1,2,2,2,2,-2,2,-3,4,-2,4,-2,2,-4,0,-6,0,-7,0,-2,0,0,0,0,0,0,0,0,0,0,0,0,0,0,0,0,0,0,1,3,2,14,-1,12,-3,11,-3,11,-2,7,-4,0,-7,-2,-4,0,0,-1,-1,-6,-1,-7,1,-9,4,-12,6,-14,7,-14,7,-14,7,-14,7,-17,9,-19,12,-20,11,-21,8,-20,6,-17,5,-18,5,-18,4,-13"
0.9716241359710693,16,"CSI,775,128,83,49,21,0,-3,2,0,1,5,0,7,-5,8,-7,10,-7,15,-9,21,-11,19,-12,15,-12,12,-9,10,-7,11,-8,11,-7,8,-5,6,-5,2,-5,-1,-4,-3,-4,-4,-4,-3,-5,-3,-5,-3,-3,-5,0,-8,1,-3,0,0,0,0,0,0,0,0,0,0,0,0,0,0,0,0,0,0,0,-1,-2,-2,-9,-1,-9,-1,-9,-1,-8,1,-8,1,-9,1,-6,0,-2,-2,-2,-2,-1,-1,0,-2,3,-5,7,-7,8,-8,8,-11,10,-12,12,-10,13,-8,14,-9,17,-8,18,-9,17,-13,19,-14,18,-11,12,-8,6"
1.0616059303283691,17,"CSI,778,128,83,49,21,0,-2,-5,-3,-9,-1,-12,0,-15,0,-19,-1,-21,-1,-21,-1,-23,-2,-21,-2,-18,-1,-15,0,-12,-2,-9,-3,-6,-2,-4,-2,-4,-1,-2,-1,2,-1,4,-1,4,-2,5,-2,5,-3,5,-4,6,-7,7,-2,2,0,0,0,0,0,0,0,0,0,0,0,0,0,0,0,0,0,0,-1,-3,-3,-10,-3,-10,-2,-10,0,-8,-1,-5,-3,-3,-1,-2,1,0,3,4,3,8,3,11,1,12,-3,14,-4,16,-3,18,-1,18,-2,18,-5,19,-4,19,0,16,4,16,4,17,1,14,0,12,1,11,2,7"
1.0920650959014893,18,"CSI,2744,128,75,-79,20,0,-8,1,-8,4,-7,5,-12,6,-17,8,-19,10,-19,9,-17,6,-21,4,-22,4,-17,4,-15,2,-13,3,-10,4,-6,5,-4,4,-3,3,-1,4,1,5,1,4,1,4,4,4,6,4,7,7,7,9,1,2,0,0,0,0,0,0,0,0,0,0,0,0,0,0,0,0,0,0,3,0,12,3,10,3,8,4,5,6,4,6,3,3,2,1,1,-1,-1,-5,-2,-8,-2,-11,-1,-13,1,-15,4,-16,5,-17,5,-18,5,-19,3,-18,4,-18,5,-20,4,-23,2,-21,2,-18,3,-15,3,-13,5,-13"
1.1222479343414307,19,"CSI,2745,128,75,-79,20,0,1,3,4,0,7,-1,10,-2,12,-4,15,-4,18,-3,17,-3,16,-2,18,1,19,5,16,4,15,1,14,-1,10,-1,8,-1,5,-2,2,-4,1,-7,-1,-8,-2,-7,-2,-5,-3,-4,-4,-4,-4,-6,-1,-2,0,0,0,0,0,0,0,0,0,0,0,0,0,0,0,0,0,0,-3,-2,-9,-6,-7,-6,-7,-8,-5,-9,-2,-8,-2,-6,-4,-3,-4,0,-3,1,-4,2,-4,5,-4,8,-5,8,-7,9,-11,12,-11,14,-10,12,-11,12,-12,13,-11,14,-10,16,-13,18,-15,18,-14,16,-12,15,-9,13"
1.162552833557129,20,"CSI,783,128,83,49,21,0,5,-3,3,1,-1,3,-7,5,-13,8,-14,10,-17,14,-18,16,-16,15,-13,15,-12,14,-13,11,-15,11,-14,10,-12,6,-9,5,-5,4,-1,3,1,1,3,-1,5,-2,6,-2,8,-2,9,-3,10,-4,2,-2,0,0,0,0,0,0,0,0,0,0,0,0,0,0,0,0,0,0,-1,2,-4,9,-4,9,-5,10,-6,9,-4,8,0,8,-1,6,-3,4,-4,2,0,1,3,0,5,-2,7,-5,9,-8,11,-8,10,-9,10,-10,12,-10,15,-12,15,-15,15,-19,15,-18,14,-18,12,-20,13,-21,15,-19"
1.673753261566162,21,"CSI,799,128,83,49,21,0,-9,1,-4,5,0,7,6,9,10,10,9,12,12,17,16,16,12,14,8,15,6,18,4,18,3,15,3,12,3,11,2,8,1,5,2,2,2,-1,0,-1,0,-2,2,-5,3,-6,4,-8,5,-9,1,-3,0,0,0,0,0,0,0,0,0,0,0,0,0,0,0,0,0,0,-1,-2,-4,-8,-6,-8,-5,-9,-2,-10,1,-12,0,-10,-1,-7,-1,-7,-2,-3,-3,-2,-3,-2,-4,-1,-5,-1,-9,2,-13,4,-15,4,-16,4,-18,4,-22,6,-24,8,-24,8,-23,4,-23,0,-23,-2,-20,-3,-17,-1"
1.8775880336761475,22,"CSI,807,128,83,49,21,0,13,12,9,9,6,4,7,0,8,-5,8,-9,6,-11,4,-12,8,-13,10,-15,12,-13,14,-13,14,-13,13,-13,12,-10,11,-6,10,-5,6,-3,3,-1,0,-1,-2,-2,-2,-3,-2,-4,-6,-5,-8,-6,-2,-2,0,0,0,0,0,0,0,0,0,0,0,0,0,0,0,0,0,0,1,1,5,7,3,8,2,8,2,8,0,10,-2,11,-2,10,-2,8,-1,7,1,7,3,7,4,6,7,5,8,6,9,8,11,9,13,8,15,8,17,9,18,8,18,9,20,10,23,10,25,11,23,11,19,13"
1.9812440872192383,23,"CSI,811,128,83,49,21,0,0,12,1,7,4,3,7,-1,9,-3,9,-5,11,-5,14,-2,17,-6,18,-10,18,-10,18,-9,17,-7,17,-4,14,-1,11,0,10,1,6,1,0,2,-2,2,-3,2,-4,3,-4,2,-5,2,-6,2,-2,0,0,0,0,0,0,0,0,0,0,0,0,0,0,0,0,0,0,0,-3,-1,-11,-4,-11,-6,-10,-7,-8,-7,-5,-7,-3,-5,-3,-2,-2,0,-1,-2,-3,-1,-3,5,-1,8,-3,9,-5,11,-5,12,-4,14,-4,17,-6,18,-5,19,-7,20,-9,19,-8,19,-8,19,-9,22,-8,22,-5,18"
2.082987070083618,24,"CSI,815,128,83,49,21,0,11,1,6,0,3,0,-1,-2,-5,-5,-10,-7,-10,-9,-7,-12,-8,-12,-12,-11,-13,-12,-14,-13,-13,-14,-9,-14,-6,-12,-6,-8,-7,-6,-4,-6,-2,-4,1,-2,2,-1,2,2,3,5,5,4,4,3,0,0,0,0,0,0,0,0,0,0,0,0,0,0,0,0,0,0,0,0,-2,2,-6,8,-8,7,-9,7,-11,6,-10,4,-7,0,-7,-2,-7,-1,-5,0,-3,1,-1,0,1,-1,3,0,5,1,8,3,11,5,15,6,16,6,19,3,22,0,21,3,19,7,20,8,21,6,20,3,18,1"
2.147796154022217,25,"CSI,2746,128,77,-47,20,0,-4,10,-2,8,-2,5,0,0,4,-3,8,-7,8,-8,4,-8,6,-8,12,-9,15,-7,17,-6,14,-5,9,-5,7,-6,9,-4,8,-2,2,-2,-2,-2,-2,0,-3,0,-6,-2,-8,-1,-9,0,-9,0,-3,0,0,0,0,0,0,0,0,0,0,0,0,0,0,0,0,0,0,0,-2,-1,-6,-4,-7,-6,-6,-8,-4,-9,-4,-10,-4,-9,-4,-9,-3,-11,-3,-9,-4,-5,-3,-5,-3,-2,-5,2,-6,4,-6,9,-5,14,-7,14,-11,15,-10,16,-9,16,-11,19,-12,21,-11,21,-10,22,-10,23,-11,23"
2.17828106880188,26,"CSI,2747,128,77,-47,20,0,12,3,7,2,4,2,1,1,-5,-5,-11,-9,-14,-11,-15,-15,-15,-17,-13,-16,-11,-15,-11,-14,-10,-14,-9,-13,-8,-12,-6,-10,-4,-7,-3,-3,-3,0,-2,2,0,2,2,2,2,5,0,6,1,7,0,1,0,0,0,0,0,0,0,0,0,0,0,0,0,0,0,0,0,0,-1,2,-2,8,-3,9,-5,9,-8,8,-9,7,-7,5,-6,4,-4,1,-5,0,-5,2,-1,3,2,3,4,3,6,3,7,5,11,8,15,9,17,7,17,7,18,7,19,8,21,8,22,4,22,1,22,1,21,2"
2.2083542346954346,27,"CSI,819,128,83,49,21,0,13,-10,9,-6,5,-2,-1,-1,-7,-4,-10,-6,-15,-11,-19,-13,-19,-10,-19,-8,-20,-10,-19,-10,-16,-9,-13,-11,-10,-13,-7,-10,-6,-7,-5,-3,-2,0,-1,1,-2,5,-3,6,-3,4,-2,5,0,7,0,1,0,0,0,0,0,0,0,0,0,0,0,0,0,0,0,0,0,0,1,1,4,5,4,6,5,6,4,7,4,8,3,8,2,6,1,6,2,7,4,6,6,3,7,0,7,-2,7,-3,10,-6,13,-9,15,-8,16,-5,18,-9,19,-11,21,-11,21,-10,19,-11,19,-10,19,-10,18,-11"
2.243696928024292,28,"CSI,873,128,83,49,21,0,-7,-12,-7,-9,-7,-4,-5,-3,-3,0,-4,5,-3,5,4,-1,7,1,6,8,6,11,5,12,5,11,4,8,4,9,4,10,2,8,0,7,0,4,1,0,2,-2,1,-4,1,-6,1,-6,1,-6,0,-2,0,0,0,0,0,0,0,0,0,0,0,0,0,0,0,0,0,0,-2,0,-5,1,-3,2,-3,3,-1,5,0,9,0,12,0,10,1,7,0,6,1,7,2,8,2,6,3,4,3,4,3,2,1,-1,-3,-4,-6,-6,-5,-8,-5,-9,-6,-10,-7,-12,-10,-15,-11,-17,-10,-15,-7,-12"
2.2877252101898193,29,"CSI,824,128,83,49,21,0,11,1,5,-3,1,-7,1,-11,0,-15,1,-17,2,-13,-1,-11,-3,-14,-2,-17,0,-18,1,-17,2,-15,1,-11,1,-9,0,-8,-3,-7,-4,-5,-4,-4,-4,-1,-6,1,-6,3,-5,5,-5,5,-5,7,-2,2,0,0,0,0,0,0,0,0,0,0,0,0,0,0,0,0,0,0,-2,1,-7,6,-9,8,-9,6,-8,2,-8,4,-8,5,-6,3,-4,3,-4,3,-5,3,-1,3,3,3,6,4,9,6,11,10,10,14,11,13,14,13,15,14,15,12,15,11,14,10,12,10,12,11,14,12,16,10"
2.3905811309814453,30,"CSI,828,128,83,49,21,0,-10,2,-9,2,-7,3,-4,8,-1,12,2,11,4,14,4,20,4,18,3,13,2,10,1,9,0,8,0,6,2,6,2,5,1,5,1,5,2,4,2,1,2,0,3,-1,5,-2,7,-3,9,-3,2,-1,0,0,0,0,0,0,0,0,0,0,0,0,0,0,0,0,0,0,-3,-3,-9,-11,-7,-11,-5,-11,-5,-12,-4,-9,0,-6,1,-4,-2,-4,-5,-3,-8,1,-11,5,-13,4,-15,2,-17,2,-17,0,-17,-3,-16,-5,-16,-6,-16,-5,-16,-4,-16,-3,-19,0,-18,2,-13,3,-14,2,-18,1"
2.492760181427002,31,"CSI,831,128,83,49,21,0,16,0,12,-1,6,-2,-1,-6,-6,-10,-7,-10,-7,-12,-8,-16,-10,-19,-13,-19,-15,-19,-15,-19,-11,-20,-7,-18,-6,-14,-3,-14,1,-13,2,-9,1,-4,-1,0,0,2,1,2,0,4,0,7,-2,9,-1,2,0,0,0,0,0,0,0,0,0,0,0,0,0,0,0,0,0,0,-1,1,-2,7,0,9,-2,9,-6,8,-7,7,-8,7,-9,6,-7,5,-4,5,-2,3,1,-1,1,-2,2,0,6,0,10,1,12,2,12,5,14,7,19,6,22,4,23,3,23,1,24,1,25,1,26,0,26,-2"
2.6978068351745605,32,"CSI,840,128,83,49,21,0,-2,8,-4,4,-6,-1,-5,-3,-5,-4,-6,-6,-6,-7,-5,-7,-7,-11,-9,-14,-10,-13,-12,-11,-14,-10,-12,-9,-10,-6,-9,-4,-8,-3,-6,-3,-4,-4,-2,-5,0,-5,2,-5,3,-5,3,-6,3,-7,0,-2,0,0,0,0,0,0,0,0,0,0,0,0,0,0,0,0,0,0,1,1,6,4,6,4,5,3,4,5,5,7,6,8,5,6,2,5,0,5,-1,6,-4,5,-5,4,-6,4,-8,4,-8,5,-10,5,-12,2,-14,1,-15,4,-14,7,-14,8,-12,7,-9,8,-10,12,-11,13,-11,13"
3.1064469814300537,33,"CSI,856,128,83,49,21,0,0,-9,-1,-7,1,-7,4,-8,6,-7,5,-5,7,-2,13,-1,12,-4,11,-6,13,-8,13,-10,12,-9,12,-5,9,-3,5,-2,3,-1,1,0,1,2,1,4,2,4,3,4,2,5,1,6,1,5,0,1,0,0,0,0,0,0,0,0,0,0,0,0,0,0,0,0,0,0,-2,0,-6,1,-6,1,-8,0,-8,-2,-7,-2,-6,-3,-5,-3,-5,-4,-5,-5,-5,-5,-4,-5,-1,-5,1,-8,1,-9,2,-8,4,-7,5,-7,4,-10,3,-12,2,-10,3,-9,4,-13,4,-17,4,-17,3,-16,2,-15"
3.2089731693267822,34,"CSI,860,128,83,49,21,0,-1,4,-5,5,-7,4,-10,4,-12,5,-13,7,-15,6,-16,2,-15,2,-14,5,-15,5,-14,5,-12,4,-10,2,-8,1,-4,0,-2,-3,-2,-5,-2,-6,-3,-6,-3,-6,-2,-6,-2,-7,-2,-8,-3,-9,-1,-3,0,0,0,0,0,0,0,0,0,0,0,0,0,0,0,0,0,0,2,-1,8,-3,7,-3,6,-2,6,1,7,1,5,-2,3,-2,2,-2,1,0,0,2,-2,5,-3,5,-3,5,-3,8,-3,12,-4,14,-3,14,0,13,0,13,0,13,1,13,2,15,3,15,4,12,4,10,4,9"
3.414618968963623,35,"CSI,868,128,83,49,21,0,3,-10,0,-11,-4,-13,-7,-14,-7,-15,-7,-17,-8,-17,-8,-14,-7,-14,-4,-16,-1,-15,2,-16,2,-17,1,-12,1,-6,-1,-4,-4,-4,-5,-3,-5,-2,-5,0,-7,1,-10,3,-11,3,-10,3,-9,4,-3,1,0,0,0,0,0,0,0,0,0,0,0,0,0,0,0,0,0,0,1,1,5,7,7,8,8,8,9,7,9,6,7,5,6,4,5,5,5,3,7,0,9,-2,11,-4,14,-4,15,-3,16,-4,18,-6,18,-8,18,-6,18,-4,21,-5,23,-7,23,-5,21,-1,16,1,13,0,10,0"
3.5190541744232178,36,"CSI,872,128,83,49,21,0,-11,1,-11,4,-11,6,-10,9,-10,15,-11,17,-10,17,-8,17,-12,13,-16,9,-15,7,-16,6,-16,5,-14,5,-11,5,-7,4,-3,5,-2,7,-2,5,1,3,1,5,1,9,2,11,3,10,2,9,0,2,0,0,0,0,0,0,0,0,0,0,0,0,0,0,0,0,0,0,-3,-2,-8,-8,-8,-8,-8,-8,-8,-8,-5,-8,-4,-7,-4,-6,-4,-4,-5,-3,-8,-2,-10,-1,-11,1,-13,1,-16,0,-18,0,-21,-1,-21,-2,-20,-3,-18,-3,-19,-5,-21,-7,-18,-5,-16,-5,-17,-6,-16,-3,-12,0"
3.6203370094299316,37,"CSI,876,128,83,49,21,0,4,-10,-2,-11,-4,-10,-4,-12,-4,-16,-5,-21,-4,-25,-2,-25,-3,-23,-6,-23,-6,-21,-5,-18,-3,-18,-1,-18,0,-14,-2,-10,-5,-7,-4,-6,-5,-7,-7,-8,-7,-5,-8,-2,-9,-1,-9,0,-8,1,-2,0,0,0,0,0,0,0,0,0,0,0,0,0,0,0,0,0,0,0,1,1,4,6,4,7,4,7,4,7,4,7,4,6,3,5,2,2,3,1,4,0,4,-1,5,-3,7,-7,9,-9,12,-10,14,-12,16,-11,18,-8,19,-7,20,-7,21,-8,20,-7,19,-4,19,-4,18,-6,17,-4"
3.7231571674346924,38,"CSI,879,128,83,49,21,0,2,-1,-2,4,-3,5,-5,6,-9,8,-12,11,-16,15,-18,17,-13,18,-10,19,-12,17,-12,15,-11,15,-10,14,-9,11,-6,9,-3,7,0,4,1,1,2,-1,2,-4,3,-6,4,-7,4,-7,5,-7,1,-2,0,0,0,0,0,0,0,0,0,0,0,0,0,0,0,0,0,0,-2,1,-6,6,-8,6,-11,7,-9,8,-7,7,-9,7,-9,5,-6,2,-2,1,-2,-1,-1,-5,3,-8,6,-9,8,-11,12,-12,16,-13,17,-12,17,-13,18,-14,19,-15,19,-17,18,-18,17,-18,16,-16,15,-13,16,-12"
3.826850175857544,39,"CSI,884,128,83,49,21,0,-11,-6,-8,1,-7,6,-9,9,-9,11,-9,12,-12,14,-16,19,-15,17,-13,12,-12,10,-12,10,-11,11,-8,9,-8,7,-9,6,-6,4,-2,2,2,2,3,3,3,2,5,2,6,2,6,4,7,6,1,1,0,0,0,0,0,0,0,0,0,0,0,0,0,0,0,0,0,0,1,-3,3,-11,3,-10,5,-10,7,-8,5,-7,4,-7,3,-8,2,-8,0,-7,-3,-10,-5,-13,-7,-13,-9,-13,-10,-13,-12,-12,-15,-15,-16,-19,-15,-20,-15,-21,-14,-20,-13,-19,-13,-19,-13,-18,-11,-16,-8,-13,-6,-13"
3.881657838821411,40,"CSI,937,128,83,49,21,0,3,-11,2,-10,0,-8,-3,-4,-5,-2,-7,-3,-6,-3,-2,1,-3,2,-6,0,-6,-1,-8,-2,-9,-2,-7,-3,-7,-2,-8,-1,-8,0,-5,-1,-2,-1,0,0,0,1,0,1,-1,1,-1,0,-2,1,-1,0,0,0,0,0,0,0,0,0,0,0,0,0,0,0,0,0,0,0,-1,0,-1,3,1,2,3,3,2,4,2,4,3,6,6,8,8,8,5,6,4,6,6,8,5,9,4,9,6,10,6,8,4,3,3,-1,3,-3,1,-8,1,-13,4,-15,6,-17,7,-18,9,-19,11,-20,12,-23"
3.928375244140625,41,"CSI,887,128,83,49,21,0,5,-9,1,-10,-6,-11,-11,-11,-13,-12,-15,-13,-13,-13,-7,-12,-9,-15,-13,-19,-14,-18,-14,-16,-11,-16,-7,-16,-6,-12,-7,-7,-6,-4,-4,-1,-3,2,-5,3,-6,3,-4,3,-5,4,-6,5,-5,6,-1,1,0,0,0,0,0,0,0,0,0,0,0,0,0,0,0,0,0,0,1,2,7,9,6,9,6,10,7,11,6,9,5,7,4,8,3,9,4,7,5,3,7,-2,8,-4,7,-6,8,-8,12,-11,16,-13,19,-13,23,-13,26,-13,27,-13,25,-13,25,-13,25,-10,23,-8,19,-8,13,-6"
4.0328309535980225,42,"CSI,2749,128,75,-79,20,0,-1,-17,-3,-16,-5,-11,-8,-6,-9,-8,-11,-14,-11,-17,-8,-18,-9,-19,-11,-20,-10,-21,-9,-20,-9,-19,-7,-15,-4,-12,-3,-9,-4,-5,-6,-3,-5,-3,-4,-3,-3,-1,-5,1,-8,4,-9,6,-8,4,-2,0,0,0,0,0,0,0,0,0,0,0,0,0,0,0,0,0,0,0,2,-2,8,-7,10,-8,12,-6,12,-3,11,-2,10,-3,8,-4,8,-2,10,0,8,-1,7,-3,5,-6,4,-10,5,-14,7,-18,9,-21,11,-22,13,-19,17,-20,19,-21,20,-18,19,-15,15,-17,16,-20,18,-21,13,-20"
4.060400009155273,43,"CSI,892,128,83,49,21,0,15,5,16,1,16,-1,16,-3,14,-5,14,-7,16,-11,18,-15,19,-12,19,-4,17,-1,15,1,14,4,13,5,11,5,9,3,9,1,6,-1,3,-3,2,-5,1,-8,3,-8,5,-8,5,-7,4,-7,1,-2,0,0,0,0,0,0,0,0,0,0,0,0,0,0,0,0,0,0,2,2,8,8,7,5,6,6,7,7,7,9,7,9,6,9,5,11,5,10,5,9,4,6,6,3,10,1,13,-1,16,-1,17,2,18,6,20,13,20,16,21,15,22,18,22,21,17,19,14,18,19,20,25,16"
4.129238128662109,44,"CSI,896,128,83,49,21,0,8,14,10,10,10,7,10,5,12,3,12,2,12,2,13,2,14,4,15,4,17,5,18,8,17,9,15,7,12,5,8,4,7,3,8,2,6,2,6,2,5,-1,2,-4,0,-5,-1,-7,0,-9,0,-3,0,0,0,0,0,0,0,0,0,0,0,0,0,0,0,0,0,0,-2,2,-6,8,-5,9,-4,9,-3,9,-3,11,-6,11,-7,10,-7,11,-9,12,-7,11,-3,9,1,9,2,11,4,14,7,15,9,17,10,18,10,21,9,23,8,23,6,24,6,27,4,29,1,28,0,25,1,22"
4.234992027282715,45,"CSI,900,128,83,49,21,0,12,4,13,-2,10,-7,7,-11,7,-15,8,-19,10,-18,12,-15,13,-18,13,-22,12,-22,10,-20,11,-17,10,-15,8,-13,6,-12,3,-10,1,-8,0,-6,-1,-4,-3,-1,-7,-1,-9,-3,-9,-4,-9,-5,-3,-2,0,0,0,0,0,0,0,0,0,0,0,0,0,0,0,0,0,0,0,2,2,9,-1,10,-5,11,-7,12,-8,14,-9,15,-8,13,-7,12,-7,13,-7,12,-4,7,0,5,4,5,8,5,12,5,17,4,21,6,21,9,23,12,27,14,30,17,28,19,24,20,22,22,22,21,22,18"
4.338310956954956,46,"CSI,903,128,83,49,21,0,7,1,4,-2,0,-5,-4,-9,-10,-12,-13,-14,-14,-17,-17,-22,-19,-22,-20,-18,-20,-15,-20,-12,-19,-13,-16,-12,-14,-9,-12,-7,-10,-5,-6,-4,-1,-4,1,-4,2,-4,4,-2,5,0,6,1,7,4,2,1,0,0,0,0,0,0,0,0,0,0,0,0,0,0,0,0,0,0,-2,-3,-7,-12,-6,-13,-5,-13,-4,-14,-3,-14,-3,-14,-2,-14,0,-12,0,-10,0,-9,1,-7,3,-3,6,2,6,8,7,13,7,18,7,23,6,24,7,23,11,25,12,26,10,27,9,27,10,25,9,21,7,21"
4.439191102981567,47,"CSI,907,128,83,49,21,0,8,0,1,0,-5,1,-11,-1,-16,-2,-19,-3,-23,-3,-29,-2,-30,-1,-25,-1,-19,0,-19,1,-20,0,-18,-2,-12,-4,-7,-5,-5,-2,-4,1,-2,0,0,-1,3,-1,6,0,7,0,8,-1,9,-2,2,-1,0,0,0,0,0,0,0,0,0,0,0,0,0,0,0,0,0,0,-3,-1,-10,-4,-11,-3,-10,-2,-9,-4,-8,-5,-9,-6,-10,-7,-8,-8,-4,-6,-4,-5,-3,-4,2,-4,6,-2,10,1,14,2,16,3,20,5,23,7,25,8,24,9,22,10,22,10,22,7,22,4,21,1,16,1"
4.51459527015686,48,"CSI,2751,128,77,-47,20,0,0,4,0,2,6,2,13,2,17,3,19,3,18,5,15,8,15,7,17,3,17,3,15,1,14,0,12,0,9,0,7,0,4,1,2,-2,0,-5,-2,-7,-5,-7,-6,-5,-6,-4,-6,-5,-5,-6,-1,-2,0,0,0,0,0,0,0,0,0,0,0,0,0,0,0,0,0,0,0,-3,0,-11,0,-11,2,-11,4,-11,2,-10,-1,-9,-1,-9,0,-8,1,-6,-2,-2,-7,1,-9,3,-11,5,-13,8,-16,10,-18,11,-20,10,-21,9,-22,10,-23,11,-24,11,-23,10,-20,10,-18,9,-16,7,-15,6"
4.5426390171051025,49,"CSI,912,128,83,49,21,0,-5,-6,-9,-1,-11,2,-13,3,-17,5,-19,7,-20,10,-21,12,-19,10,-17,7,-15,5,-14,3,-12,3,-7,3,-5,2,-5,1,-4,1,-2,2,0,4,1,4,3,4,5,4,6,3,7,4,6,6,1,1,0,0,0,0,0,0,0,0,0,0,0,0,0,0,0,0,0,0,2,-1,10,-2,10,0,10,3,9,4,7,2,7,3,7,2,5,1,1,-2,-1,-6,1,-8,2,-8,0,-10,0,-17,-1,-21,-2,-22,0,-24,2,-24,3,-25,5,-26,4,-26,5,-23,7,-19,5,-19,3,-22,2,-23"
4.575724124908447,50,"CSI,2753,128,77,-47,20,0,-6,4,-5,7,-4,10,0,11,3,13,2,17,-1,19,-6,19,-6,21,-5,20,-4,15,-4,13,-6,14,-7,11,-5,7,0,5,3,5,5,3,4,0,1,0,3,-2,5,-3,5,-3,5,-2,7,-4,2,-1,0,0,0,0,0,0,0,0,0,0,0,0,0,0,0,0,0,0,-1,-4,-1,-13,0,-11,-1,-11,-1,-12,-1,-12,-1,-9,-1,-9,-4,-9,-5,-5,-4,-2,-7,-2,-10,-2,-13,-3,-16,-3,-20,-2,-24,-1,-27,-3,-27,-5,-25,-5,-25,-7,-26,-10,-25,-10,-21,-9,-21,-9,-20,-8,-14,-4"
4.643365859985352,51,"CSI,915,128,83,49,21,0,-8,4,-6,6,-5,10,-3,13,1,16,2,18,3,18,6,18,5,18,1,16,-1,13,-3,14,-5,15,-4,11,-2,9,-1,8,-1,6,0,3,2,1,4,1,6,0,6,0,6,0,7,0,8,-1,2,-1,0,0,0,0,0,0,0,0,0,0,0,0,0,0,0,0,0,0,-3,-2,-9,-7,-8,-7,-7,-7,-7,-8,-6,-8,-6,-7,-6,-8,-5,-9,-4,-9,-4,-9,-6,-7,-8,-3,-11,-1,-14,-1,-17,2,-21,3,-23,2,-24,1,-25,2,-27,1,-27,2,-26,3,-24,3,-23,3,-20,1,-17,-3"
4.745528936386108,52,"CSI,919,128,83,49,21,0,-3,-5,-1,-1,0,6,0,12,1,16,0,18,-3,16,-5,13,-5,15,-4,18,-1,18,0,18,0,16,1,13,1,11,0,7,0,4,0,1,0,1,0,1,-1,-4,-2,-8,-3,-7,-3,-6,-3,-6,-1,-2,0,0,0,0,0,0,0,0,0,0,0,0,0,0,0,0,0,0,1,1,8,4,9,7,8,8,11,8,11,8,9,9,6,10,5,11,7,10,5,7,0,3,-2,-3,0,-6,2,-8,2,-11,-1,-15,-3,-20,-5,-22,-3,-23,-3,-24,-7,-26,-8,-27,-8,-25,-8,-25,-5,-23,-3,-18"
4.848551988601685,53,"CSI,923,128,83,49,21,0,-4,-8,-5,-2,-5,4,-5,8,-4,12,-5,14,-13,15,-19,17,-15,19,-9,18,-9,16,-6,17,-5,16,-7,13,-8,10,-6,9,-3,6,-1,2,-1,-1,1,-1,4,-3,6,-5,6,-6,7,-6,7,-3,1,-1,0,0,0,0,0,0,0,0,0,0,0,0,0,0,0,0,0,0,2,0,8,3,8,2,10,2,13,2,12,3,9,4,7,4,6,5,6,5,3,4,0,2,0,-2,-1,-5,-3,-8,-4,-11,-7,-14,-7,-17,-7,-20,-8,-22,-7,-24,-6,-26,-5,-28,-5,-27,-4,-26,-3,-25,-1,-22"
4.9502270221710205,54,"CSI,928,128,83,49,21,0,3,0,-3,-3,-7,-6,-13,-7,-17,-9,-19,-9,-17,-8,-14,-7,-15,-9,-17,-11,-15,-9,-15,-9,-14,-8,-12,-5,-11,-1,-8,2,-3,2,1,1,1,3,2,7,2,8,1,8,1,6,2,5,1,7,0,2,0,0,0,0,0,0,0,0,0,0,0,0,0,0,0,0,0,0,-2,1,-6,7,-6,7,-5,8,-5,10,-6,10,-7,8,-7,7,-6,6,-2,5,1,5,3,3,5,-1,8,-1,11,1,13,-1,16,-3,20,-2,22,-2,24,-3,26,-3,27,-1,26,-1,24,-3,23,-2,21,1,14,1"
5.054678201675415,55,"CSI,931,128,83,49,21,0,-8,-4,-10,0,-11,5,-13,9,-15,12,-14,13,-13,12,-14,8,-17,9,-19,12,-17,13,-15,11,-12,10,-9,7,-6,3,-5,4,-3,6,0,4,1,3,2,2,6,2,10,3,10,3,9,2,9,3,2,1,0,0,0,0,0,0,0,0,0,0,0,0,0,0,0,0,0,0,3,-1,13,-2,12,-3,12,-5,13,-2,13,0,13,0,10,-1,7,-2,5,-2,3,-5,1,-8,-3,-10,-6,-12,-6,-13,-5,-14,-8,-18,-10,-21,-7,-22,-5,-22,-6,-23,-7,-26,-5,-27,-1,-23,-2,-22,-1,-21,1,-17"
5.15593409538269,56,"CSI,935,128,83,49,21,0,-3,-7,-4,-6,-6,-7,-9,-7,-13,-7,-19,-6,-24,-7,-27,-10,-27,-10,-24,-9,-20,-9,-17,-8,-16,-7,-16,-7,-13,-5,-9,-3,-5,1,-4,4,-2,5,0,4,1,5,2,6,2,9,4,9,4,9,0,2,0,0,0,0,0,0,0,0,0,0,0,0,0,0,0,0,0,0,0,1,4,4,6,7,7,10,6,10,4,8,2,8,3,9,4,8,2,4,2,1,3,-4,5,-7,5,-9,4,-14,7,-16,12,-16,15,-18,17,-21,20,-22,18,-22,19,-20,20,-17,18,-15,16,-14,15,-13,12,-12"
5.214080095291138,57,"CSI,989,128,83,49,21,0,-15,3,-9,1,-4,-1,-2,-2,0,-1,1,2,0,5,-2,8,1,9,5,9,7,10,8,11,6,14,4,15,4,11,2,7,0,5,1,4,0,2,-1,1,0,0,0,-2,0,-4,1,-3,2,-2,0,-1,0,0,0,0,0,0,0,0,0,0,0,0,0,0,0,0,0,0,1,-1,2,-3,-1,-4,-2,-6,-1,-8,-1,-9,-1,-9,-1,-12,-2,-13,-1,-13,0,-14,1,-15,1,-13,3,-9,2,-9,1,-10,-1,-8,-5,-5,-7,0,-9,4,-11,4,-13,5,-15,3,-15,-1,-15,0,-16,1,-15,1"
5.2569050788879395,58,"CSI,940,128,83,49,21,0,-1,0,5,3,8,2,10,-3,11,-1,12,0,14,0,14,1,14,-2,13,-6,12,-5,10,-4,9,-4,9,-4,9,-2,6,0,4,0,1,1,-3,2,-3,4,-2,5,-4,5,-7,5,-7,6,-6,4,-2,0,0,0,0,0,0,0,0,0,0,0,0,0,0,0,0,0,0,0,2,0,7,2,6,2,7,1,8,0,6,0,4,2,5,1,4,0,3,1,0,2,-6,2,-8,0,-9,-1,-11,-1,-13,-1,-16,-3,-19,-5,-18,-7,-19,-6,-21,-5,-22,-7,-22,-9,-21,-8,-20,-3,-17,-1,-13,-4"
5.358810901641846,59,"CSI,943,128,83,49,21,0,-10,0,-5,-2,-2,-4,2,-6,7,-7,8,-9,9,-16,10,-20,8,-20,6,-22,5,-22,2,-20,0,-18,0,-15,1,-12,2,-8,2,-7,2,-6,0,-6,-1,-5,0,-3,3,-1,4,0,5,0,5,-1,1,-1,0,0,0,0,0,0,0,0,0,0,0,0,0,0,0,0,0,0,1,1,7,5,6,3,5,4,6,6,8,7,5,8,3,9,4,9,3,7,2,6,3,6,0,8,-6,10,-10,7,-13,3,-17,2,-20,2,-22,2,-24,1,-26,2,-27,4,-26,3,-23,5,-20,7,-18,6,-20,5"
5.46680212020874,60,"CSI,947,128,83,49,21,0,-4,-19,-9,-14,-14,-9,-17,-6,-18,-5,-20,-5,-21,-5,-21,-9,-23,-12,-25,-10,-23,-6,-21,-6,-20,-9,-19,-10,-16,-9,-12,-7,-10,-4,-11,-3,-9,-1,-8,2,-8,2,-8,4,-7,5,-6,6,-5,7,-1,1,0,0,0,0,0,0,0,0,0,0,0,0,0,0,0,0,0,0,1,-2,4,-10,4,-13,5,-12,7,-12,8,-14,8,-13,9,-12,10,-9,8,-7,6,-8,4,-9,1,-9,-2,-9,-4,-11,-7,-14,-10,-18,-11,-23,-12,-27,-11,-31,-9,-34,-6,-35,-4,-33,-2,-31,-3,-30,-2,-29,0,-27"
5.5671141147613525,61,"CSI,952,128,83,49,21,0,7,-6,2,-6,-4,-7,-11,-8,-16,-11,-20,-14,-25,-16,-30,-17,-28,-16,-26,-15,-24,-17,-21,-16,-19,-13,-16,-11,-12,-9,-10,-5,-8,-3,-5,-1,-4,0,-4,2,-1,5,0,9,2,10,2,11,0,12,-1,3,0,0,0,0,0,0,0,0,0,0,0,0,0,0,0,0,0,0,-1,1,-3,8,-2,10,0,13,-1,13,-4,13,-6,13,-6,12,-5,10,-2,8,1,7,3,6,5,4,8,1,12,-3,16,-5,21,-5,25,-7,27,-8,30,-7,33,-6,36,-6,36,-5,34,-2,30,-1,27,-3,22,-3"
5.669834136962891,62,"CSI,956,128,83,49,21,0,-20,4,-15,7,-10,8,-6,9,-6,13,-5,19,-7,25,-11,30,-11,28,-10,26,-11,24,-10,24,-12,21,-12,18,-11,14,-10,12,-7,11,-4,9,-2,7,-1,6,1,6,3,6,6,7,6,7,6,7,1,1,0,0,0,0,0,0,0,0,0,0,0,0,0,0,0,0,0,0,-3,-1,-10,-2,-11,-3,-11,-5,-10,-6,-9,-7,-10,-10,-10,-11,-9,-10,-11,-6,-15,-4,-15,-3,-13,-2,-14,0,-17,1,-18,1,-21,1,-24,1,-23,4,-25,6,-29,6,-31,4,-31,2,-32,2,-33,3,-33,2,-30,0"
5.769669055938721,63,"CSI,960,128,83,49,21,0,0,4,4,12,5,14,5,13,9,16,12,20,13,21,15,23,12,21,6,18,3,17,3,15,5,14,4,12,2,9,1,5,0,1,1,-2,4,-2,6,-3,6,-5,5,-6,6,-6,7,-8,7,-9,2,-2,0,0,0,0,0,0,0,0,0,0,0,0,0,0,0,0,0,0,-3,-2,-8,-9,-7,-10,-7,-10,-6,-9,-6,-9,-5,-8,-5,-6,-6,-6,-6,-4,-7,0,-10,3,-13,4,-14,6,-15,7,-20,7,-26,7,-27,7,-26,5,-27,7,-27,6,-26,5,-23,6,-20,4,-20,2,-21,3,-19,5"
5.933378219604492,64,"CSI,1017,128,83,49,21,0,13,-12,14,-9,11,-5,5,-3,0,-4,-4,-5,-6,-4,-3,-3,-4,-4,-10,-4,-12,-3,-12,-3,-12,-1,-11,-1,-9,-1,-8,0,-6,-1,-5,-2,-5,-1,-4,-1,-2,-2,0,-2,1,-2,3,-2,4,-2,1,-1,0,0,0,0,0,0,0,0,0,0,0,0,0,0,0,0,0,0,-1,-1,-3,0,-3,0,-3,2,-4,6,-4,7,-5,7,-7,10,-9,11,-10,11,-10,12,-10,11,-10,8,-8,6,-5,6,-1,4,2,3,4,2,6,-3,9,-7,13,-9,17,-11,19,-11,19,-10,23,-11,28,-11,28,-12"
5.976312160491943,65,"CSI,968,128,83,49,21,0,-5,3,-3,6,-2,9,-2,13,-5,16,-8,16,-10,14,-12,12,-11,13,-9,14,-7,12,-4,7,-4,6,-5,6,-2,5,1,5,3,4,4,4,5,2,6,1,6,0,6,0,6,0,5,-1,4,-1,1,-1,0,0,0,0,0,0,0,0,0,0,0,0,0,0,0,0,0,0,-1,-3,-3,-9,-2,-8,-1,-8,-2,-7,-4,-7,-6,-5,-6,-3,-5,-3,-7,-5,-9,-3,-13,-2,-20,-5,-20,-5,-17,-4,-18,-3,-20,-5,-19,-8,-19,-11,-20,-11,-20,-11,-18,-12,-16,-10,-13,-8,-11,-7,-9,-1,-6,5"
6.076009035110474,66,"CSI,971,128,83,49,21,0,2,3,-4,2,-10,2,-13,2,-13,0,-14,1,-12,1,-9,-2,-11,-3,-12,-3,-11,-5,-13,-4,-12,0,-10,1,-8,-1,-6,-2,-4,-2,-2,-1,-1,0,-1,-2,-1,-5,0,-6,0,-6,2,-5,3,-6,1,-2,0,0,0,0,0,0,0,0,0,0,0,0,0,0,0,0,0,0,-1,-2,-1,-6,0,-6,1,-8,1,-8,0,-7,0,-5,2,-3,4,-1,3,1,2,1,3,2,4,6,4,9,4,9,4,10,2,14,3,15,6,15,8,15,9,15,8,12,8,11,9,12,10,12,9,10,6,8"
6.136570930480957,67,"CSI,1025,128,83,49,21,0,14,-1,11,-1,6,-2,2,-4,1,-6,1,-4,2,-8,0,-14,-4,-15,-7,-12,-9,-11,-9,-10,-6,-10,-3,-11,-1,-12,-1,-9,-2,-5,-2,-4,-1,-4,-1,-6,-3,-4,-5,1,-5,4,-3,4,-2,1,-1,0,0,0,0,0,0,0,0,0,0,0,0,0,0,0,0,0,0,0,-2,1,-4,5,-3,3,-3,3,-3,5,-4,7,-5,7,-5,8,-5,8,-4,9,-5,10,-6,9,-6,7,-4,7,-2,6,-2,4,-3,0,0,-3,5,-2,8,-1,11,-2,13,-3,14,-5,16,-8,17,-7,16,-3,15,2"
6.279268026351929,68,"CSI,980,128,83,49,21,0,7,1,7,3,9,5,9,7,6,9,3,11,0,14,-2,17,1,16,3,15,3,16,4,16,6,16,6,14,5,12,5,9,4,8,1,6,-1,3,-3,2,-3,2,-4,2,-6,3,-7,4,-7,5,-2,1,0,0,0,0,0,0,0,0,0,0,0,0,0,0,0,0,0,0,-1,-2,-2,-7,-1,-8,-1,-7,0,-5,3,-5,5,-4,5,-3,4,-3,6,-1,9,-1,12,2,11,5,10,5,11,3,12,3,13,4,14,4,15,2,15,2,14,3,13,3,13,2,13,1,17,0,18,-3,14,-4"
6.384034156799316,69,"CSI,983,128,83,49,21,0,-4,-8,-1,-4,3,0,4,5,6,8,9,8,12,12,12,18,11,17,11,13,9,12,8,10,8,10,7,9,5,7,3,7,1,6,-1,2,-3,-1,-4,-1,-5,-2,-6,-2,-8,-4,-10,-5,-9,-3,-3,-1,0,0,0,0,0,0,0,0,0,0,0,0,0,0,0,0,0,0,-1,2,-2,10,-2,9,-1,8,2,9,2,9,1,7,1,5,0,4,-4,3,-6,2,-3,0,-1,-2,-2,-5,-2,-7,-2,-9,-2,-10,-1,-11,0,-12,-1,-17,-2,-20,-2,-21,-3,-19,-6,-16,-8,-16,-7,-14,-6,-11"
6.485810995101929,70,"CSI,987,128,83,49,21,0,2,-14,2,-12,3,-8,4,-1,3,4,4,5,7,7,11,10,11,11,10,9,9,9,8,11,8,12,9,13,8,11,5,8,2,6,1,5,1,3,-1,1,-2,1,-4,4,-6,5,-9,4,-8,5,-2,1,0,0,0,0,0,0,0,0,0,0,0,0,0,0,0,0,0,0,-2,0,-7,0,-7,-1,-10,-2,-10,-2,-7,-2,-6,-2,-6,-1,-7,-1,-7,1,-3,0,-2,-2,-3,-2,-1,-2,3,-5,5,-7,6,-6,7,-8,9,-10,9,-12,9,-13,10,-14,9,-17,7,-17,7,-17,6,-17,4,-14"
6.89595103263855,71,"CSI,1003,128,83,49,21,0,1,1,-2,4,-4,5,-7,5,-7,4,-8,7,-10,8,-11,5,-13,5,-14,6,-13,6,-11,6,-10,5,-10,2,-8,1,-6,-1,-5,-2,-2,-2,0,-3,1,-3,3,-3,4,-5,3,-7,2,-7,2,-7,0,-2,0,0,0,0,0,0,0,0,0,0,0,0,0,0,0,0,0,0,-1,0,-5,1,-9,1,-10,2,-8,1,-8,-1,-8,-3,-7,-2,-5,-1,-2,1,2,2,6,1,11,-1,11,-1,10,-1,13,-2,16,-2,16,-1,16,0,16,-1,16,-3,16,-5,15,-6,13,-5,11,-5,9,-6,7,-7"
7.001779079437256,72,"CSI,1008,128,83,49,21,0,-3,-9,-5,-5,-8,0,-10,3,-14,3,-18,3,-19,1,-18,-6,-21,-8,-22,-5,-19,-5,-16,-5,-14,-5,-10,-4,-8,-6,-7,-7,-5,-3,-3,2,-3,4,-3,3,-2,3,-2,5,-3,8,-3,9,-3,9,-1,2,0,0,0,0,0,0,0,0,0,0,0,0,0,0,0,0,0,0,0,-3,1,-9,2,-7,4,-7,4,-9,2,-8,0,-5,-1,-4,-4,-6,-5,-8,-5,-7,-4,-7,-4,-10,-6,-12,-8,-15,-10,-14,-10,-12,-7,-13,-6,-17,-8,-20,-7,-21,-5,-19,-5,-18,-6,-20,-6,-20,-7,-17,-9,-14"
7.101191997528076,73,"CSI,1011,128,83,49,21,0,5,-2,1,-2,-3,3,-5,8,-10,11,-15,10,-20,7,-24,8,-22,12,-19,12,-17,10,-14,6,-13,4,-13,3,-11,2,-6,1,-2,0,-1,-1,0,0,0,1,1,1,2,-2,5,-4,6,-4,8,-3,2,-1,0,0,0,0,0,0,0,0,0,0,0,0,0,0,0,0,0,0,1,1,3,8,1,9,-1,9,-1,8,-1,7,-1,6,-2,5,-3,6,-2,3,1,-1,3,-3,3,-6,5,-9,8,-13,8,-14,10,-13,13,-15,15,-17,14,-19,12,-19,11,-19,13,-17,12,-17,10,-18,7,-18,7,-17"
7.305634021759033,74,"CSI,1020,128,83,49,21,0,-4,3,-5,-3,-8,-7,-13,-8,-15,-8,-16,-9,-18,-13,-16,-19,-14,-18,-13,-13,-11,-10,-9,-8,-7,-6,-7,-5,-6,-3,-2,0,1,1,1,0,1,0,1,1,3,2,6,3,7,3,5,2,4,2,1,0,0,0,0,0,0,0,0,0,0,0,0,0,0,0,0,0,0,0,-2,-1,-7,-3,-9,-3,-10,-4,-8,-5,-6,-6,-6,-5,-6,-4,-4,-3,-3,-3,-2,-1,1,1,4,2,5,4,7,6,8,8,8,9,9,10,8,11,9,12,13,14,14,14,12,14,11,12,13,11,13,9,12,5"
7.4078710079193115,75,"CSI,1024,128,83,49,21,0,3,0,0,-1,-2,-2,-4,-5,-4,-9,-5,-13,-6,-15,-8,-15,-6,-17,-3,-18,-3,-16,-2,-14,0,-15,0,-13,-1,-11,-2,-7,-2,-3,-2,0,-1,2,2,2,2,2,1,4,1,7,2,8,1,6,0,1,0,0,0,0,0,0,0,0,0,0,0,0,0,0,0,0,0,0,-3,-2,-11,-5,-7,-5,-5,-5,-5,-5,-5,-8,-5,-8,-4,-6,-3,-5,-1,-2,1,2,2,5,1,9,-1,12,-1,12,0,12,3,12,5,13,6,15,8,17,9,19,9,20,9,18,8,17,7,15,8,13,10,13"
7.512444972991943,76,"CSI,1028,128,83,49,21,0,-5,5,-3,4,0,3,5,3,8,1,9,-1,12,-1,15,2,18,-1,21,-4,21,-3,17,-4,15,-3,15,-2,12,1,8,2,5,-1,4,-2,1,-1,-2,0,-4,0,-6,-1,-7,-3,-8,-4,-9,-4,-3,-2,0,0,0,0,0,0,0,0,0,0,0,0,0,0,0,0,0,0,-2,-4,-5,-12,-6,-12,-4,-13,-2,-12,-3,-7,-3,-8,-1,-7,-2,-4,-4,-3,-3,0,-4,1,-5,0,-8,3,-11,7,-12,9,-13,10,-13,12,-13,14,-14,15,-14,13,-14,12,-13,15,-14,16,-16,16,-16,16,-15,16"
7.612534046173096,77,"CSI,1031,128,83,49,21,0,-8,-2,-4,-5,2,-8,3,-11,3,-12,5,-13,8,-16,13,-18,12,-18,7,-19,4,-19,5,-18,8,-16,9,-14,7,-11,5,-10,2,-7,0,-1,1,3,4,3,4,2,2,3,3,3,4,5,2,8,0,2,0,0,0,0,0,0,0,0,0,0,0,0,0,0,0,0,0,0,1,1,6,5,6,6,7,7,9,7,8,5,6,3,4,3,2,3,-1,-1,-1,-2,-2,-1,-6,-2,-10,-4,-11,-4,-14,-5,-15,-5,-15,-2,-17,2,-19,1,-18,0,-19,0,-19,0,-19,3,-19,7,-16,7,-12,4"
7.716558218002319,78,"CSI,1036,128,83,49,21,0,3,-4,-2,-3,-6,-2,-8,1,-13,4,-19,3,-23,5,-24,10,-22,10,-19,6,-15,1,-13,0,-16,0,-17,-1,-13,-3,-10,-2,-6,-1,-2,-1,-1,-1,1,-1,3,-1,6,-1,6,-2,5,-1,6,-2,1,-1,0,0,0,0,0,0,0,0,0,0,0,0,0,0,0,0,0,0,0,2,0,10,-1,8,-3,8,-4,8,-3,8,-3,8,-4,7,-5,6,-3,5,-1,2,3,0,4,-1,4,-2,6,-3,9,-4,10,-8,12,-11,16,-11,18,-11,18,-11,18,-12,19,-13,17,-12,17,-10,16,-9,12,-9"
7.758617162704468,79,"CSI,2755,128,77,-47,20,0,2,0,2,-5,2,-8,5,-8,7,-7,9,-10,10,-11,11,-10,10,-11,12,-10,13,-9,11,-9,7,-7,4,-5,2,-4,3,-1,3,0,0,1,-1,3,-1,3,-1,3,-2,3,-3,4,-4,5,-3,6,-1,1,0,0,0,0,0,0,0,0,0,0,0,0,0,0,0,0,0,0,0,-4,4,-12,5,-9,4,-9,4,-10,5,-8,5,-7,4,-6,3,-4,2,-1,0,1,-2,0,-5,2,-8,4,-10,7,-11,9,-12,8,-12,8,-13,11,-13,14,-14,14,-16,14,-16,15,-15,15,-14,12,-12,10,-10,11"
7.818116903305054,80,"CSI,1040,128,83,49,21,0,0,-3,-5,-4,-8,-5,-11,-4,-15,-3,-18,-3,-21,-4,-25,-3,-21,-3,-16,-4,-15,-6,-16,-9,-14,-7,-8,-4,-3,-3,-2,-4,-1,-4,1,-1,3,1,4,3,3,3,3,4,4,5,4,6,3,6,0,1,0,0,0,0,0,0,0,0,0,0,0,0,0,0,0,0,0,0,0,1,0,7,-2,9,-2,11,-3,12,-4,13,-5,9,-4,5,-3,3,-4,1,-4,0,0,0,6,0,9,-3,10,-5,12,-6,12,-6,13,-5,17,-5,20,-7,22,-10,22,-11,21,-8,20,-7,18,-9,16,-10,13,-7"
7.921351909637451,81,"CSI,1044,128,83,49,21,0,1,7,0,8,2,9,5,10,5,12,4,13,5,18,6,24,8,21,10,13,9,9,7,8,5,6,3,5,3,2,2,0,1,-3,0,-6,-1,-6,-1,-6,-1,-5,-4,-6,-6,-8,-5,-10,-5,-8,-2,-2,0,0,0,0,0,0,0,0,0,0,0,0,0,0,0,0,0,0,3,-1,12,-3,10,-4,11,-5,12,-4,10,-2,8,-1,6,0,4,-1,0,-2,-2,-3,-3,-1,-6,1,-12,0,-15,-2,-16,-5,-16,-9,-17,-11,-17,-12,-18,-13,-18,-15,-17,-16,-16,-15,-11,-12,-8,-8,-10,-4,-12,-2"
8.02251410484314,82,"CSI,1047,128,83,49,21,0,-8,-5,-7,-2,-9,3,-13,4,-13,5,-12,7,-11,7,-6,4,-6,4,-11,7,-12,9,-9,9,-7,7,-8,5,-6,3,-4,2,-1,1,1,-1,3,-4,3,-6,3,-7,3,-8,3,-8,2,-8,2,-8,0,-2,0,0,0,0,0,0,0,0,0,0,0,0,0,0,0,0,0,0,-2,0,-8,2,-10,4,-11,5,-12,3,-12,1,-13,0,-11,0,-9,-1,-7,-1,-3,-2,1,-3,3,-2,7,-1,8,-1,10,-1,12,-2,13,-5,17,-7,21,-7,22,-6,20,-7,18,-7,17,-6,17,-4,13,-3,8,-4"
8.227878093719482,83,"CSI,1056,128,83,49,21,0,-1,-6,-6,-2,-12,-1,-13,-2,-13,-2,-17,-1,-17,1,-15,6,-13,6,-12,4,-11,4,-12,3,-12,3,-11,4,-8,3,-3,1,1,-1,2,-1,3,-1,5,0,6,1,5,-1,6,-5,7,-4,6,-1,1,0,0,0,0,0,0,0,0,0,0,0,0,0,0,0,0,0,0,0,-2,0,-9,3,-11,4,-12,5,-11,5,-10,4,-10,3,-9,1,-7,0,-4,-2,-1,-3,0,-2,1,-4,6,-5,9,-4,12,-3,17,-3,19,-3,19,-3,22,-2,26,-2,26,-2,23,-1,21,-2,19,-2,16,-2,12,-2"
8.3296799659729,84,"CSI,1059,128,83,49,21,0,-2,4,-1,9,1,12,2,13,1,15,2,18,5,20,8,19,6,14,2,10,1,8,2,9,1,10,0,7,-1,4,0,2,2,0,3,-1,4,-1,5,-2,5,-4,4,-4,5,-4,5,-5,4,-5,1,-2,0,0,0,0,0,0,0,0,0,0,0,0,0,0,0,0,0,0,0,-3,4,-10,4,-9,4,-9,5,-10,6,-9,6,-7,6,-6,5,-4,2,-2,0,1,-3,1,-7,0,-9,0,-13,-2,-18,-1,-21,-2,-21,-3,-19,-4,-19,-6,-21,-7,-23,-8,-19,-10,-16,-11,-16,-9,-12,-5,-7,-2"
8.430811882019043,85,"CSI,1064,128,83,49,21,0,-5,0,-8,5,-10,7,-11,6,-12,6,-14,7,-15,3,-15,-3,-16,-2,-16,1,-12,3,-8,3,-7,2,-6,0,-5,-1,-3,0,2,2,5,1,5,0,4,0,4,1,4,1,6,-2,7,-3,6,-4,1,-1,0,0,0,0,0,0,0,0,0,0,0,0,0,0,0,0,0,0,1,1,5,6,3,5,3,6,4,8,5,7,5,6,3,6,1,4,1,2,1,-2,0,-5,1,-5,3,-8,4,-13,3,-17,4,-19,7,-19,7,-17,8,-17,7,-18,7,-20,10,-18,10,-15,9,-13,7,-13,5,-13"
8.533530950546265,86,"CSI,1067,128,83,49,21,0,-1,1,0,2,-2,5,-5,11,-8,12,-10,11,-10,10,-11,9,-9,12,-7,14,-7,11,-5,9,-5,8,-4,4,-2,1,1,0,2,-3,2,-5,2,-4,4,-3,5,-5,4,-7,4,-8,4,-7,4,-6,1,-2,0,0,0,0,0,0,0,0,0,0,0,0,0,0,0,0,0,0,0,1,2,5,2,4,3,3,4,5,4,8,1,8,0,6,2,4,3,2,2,-2,1,-4,0,-7,-2,-10,0,-12,3,-12,3,-13,2,-15,2,-17,1,-18,0,-18,1,-18,0,-21,-1,-20,0,-17,0,-15,0,-12"
8.63768196105957,87,"CSI,1072,128,83,49,21,0,5,0,3,4,2,8,2,9,2,10,3,11,5,15,7,20,7,19,6,15,5,12,4,10,6,9,6,6,2,5,-2,3,-3,-1,-3,-2,-5,-1,-6,-3,-7,-3,-7,-1,-8,-1,-8,-2,-9,-2,-3,-1,0,0,0,0,0,0,0,0,0,0,0,0,0,0,0,0,0,0,-2,0,-8,0,-9,-2,-11,-4,-10,-5,-8,-4,-7,-5,-7,-6,-8,-5,-7,-3,-5,-1,-2,-2,2,-5,7,-5,8,-7,9,-8,12,-8,14,-8,15,-10,16,-13,16,-17,17,-16,18,-14,17,-15,15,-16,13,-15,11,-12"
8.739142894744873,88,"CSI,1076,128,83,49,21,0,-1,1,0,-4,4,-8,4,-10,3,-11,3,-10,6,-12,9,-20,8,-22,5,-18,4,-14,4,-13,5,-11,4,-9,2,-6,1,-5,1,-4,-2,-1,-5,3,-6,4,-5,2,-6,2,-6,3,-6,3,-7,1,-2,0,0,0,0,0,0,0,0,0,0,0,0,0,0,0,0,0,0,0,-3,0,-10,2,-10,0,-10,-2,-10,-3,-11,-6,-9,-8,-7,-9,-7,-7,-6,-4,-3,-2,-2,2,-1,5,-1,4,-2,4,-1,7,3,11,7,13,7,14,6,17,7,21,8,24,6,23,4,20,7,17,8,15,6,11"
8.772280931472778,89,"CSI,2756,128,77,-47,20,0,-4,0,-1,0,4,3,8,5,10,7,12,10,14,10,14,6,11,6,8,10,9,11,10,10,10,9,8,6,5,3,2,1,0,0,-1,-2,-2,-5,-2,-6,-1,-6,0,-6,-2,-6,-2,-7,-3,-7,-1,-2,0,0,0,0,0,0,0,0,0,0,0,0,0,0,0,0,0,0,1,-3,4,-10,6,-9,8,-8,9,-6,7,-5,8,-5,7,-5,4,-5,4,-5,4,-4,2,-2,-1,-1,-4,0,-7,0,-10,-1,-14,-2,-18,-2,-20,-1,-22,-3,-22,-3,-21,-3,-20,-4,-20,-4,-20,-3,-18,-2,-14,-1"
8.801206111907959,90,"CSI,2757,128,77,-47,20,0,3,-3,0,-5,-3,-7,-9,-8,-13,-9,-15,-10,-14,-13,-11,-19,-10,-21,-13,-20,-12,-17,-10,-15,-10,-13,-8,-10,-4,-7,-2,-6,0,-2,1,3,-1,4,-3,5,-2,5,-1,4,1,5,2,6,3,6,0,1,0,0,0,0,0,0,0,0,0,0,0,0,0,0,0,0,0,0,-2,0,-8,1,-10,1,-12,1,-13,1,-12,1,-11,2,-8,3,-6,2,-5,2,-3,3,1,3,4,3,5,5,7,5,11,5,15,8,16,8,16,8,20,9,23,11,21,10,21,9,19,10,16,9,15,7,15,7"
8.84214997291565,91,"CSI,1079,128,83,49,21,0,-4,-4,0,-2,3,1,7,6,10,9,12,10,10,8,7,6,9,9,11,12,11,12,9,10,7,9,4,7,3,4,3,2,0,-1,-2,-3,-1,-5,-1,-7,-2,-8,0,-7,-1,-8,-4,-8,-5,-9,-2,-3,0,0,0,0,0,0,0,0,0,0,0,0,0,0,0,0,0,0,2,-1,9,-5,7,-6,7,-5,8,-3,9,-1,8,-1,6,-1,5,-1,4,-2,2,0,0,1,-4,-2,-9,-5,-12,-6,-14,-7,-16,-6,-16,-7,-17,-8,-19,-10,-19,-10,-18,-8,-20,-8,-21,-9,-17,-8,-14,-8,-13,-6"
8.944658041000366,92,"CSI,1084,128,83,49,21,0,-4,-9,-2,-13,0,-14,2,-14,2,-16,1,-19,2,-18,6,-14,4,-14,1,-16,-1,-15,-1,-14,-1,-13,-1,-11,1,-7,3,-3,2,-2,1,-1,2,2,3,4,5,2,5,2,4,3,5,4,6,4,1,1,0,0,0,0,0,0,0,0,0,0,0,0,0,0,0,0,0,0,2,0,9,0,10,-1,11,-3,11,-2,9,-2,6,-3,4,-3,1,-3,-1,-4,-2,-4,-4,-1,-8,3,-12,4,-14,5,-14,6,-13,7,-12,8,-13,10,-16,13,-17,15,-17,14,-16,13,-15,9,-13,6,-12,7,-10,7"
9.047073125839233,93,"CSI,1088,128,83,49,21,0,-5,1,-6,-4,-4,-9,-4,-14,-3,-17,-3,-17,-2,-15,-1,-10,0,-11,-3,-15,-6,-16,-7,-14,-4,-13,-3,-11,-2,-8,-1,-5,1,-2,3,-1,4,0,3,2,4,2,6,3,6,3,8,3,10,3,2,0,0,0,0,0,0,0,0,0,0,0,0,0,0,0,0,0,0,0,2,-1,10,-3,9,-2,10,-1,12,-1,10,-1,7,-1,4,-1,3,-1,5,0,4,1,2,3,-1,5,-5,4,-9,5,-10,8,-12,9,-14,12,-17,13,-17,12,-15,11,-13,11,-12,12,-9,14,-8,14,-6,12,-3,8"
9.149847030639648,94,"CSI,1091,128,83,49,21,0,9,-1,5,2,3,5,2,8,1,12,-1,16,-3,15,-5,11,-4,15,-2,18,-2,20,-4,20,-3,16,-2,12,0,9,-1,7,-3,5,-3,1,-2,-2,-3,-2,-5,-3,-7,-4,-7,-4,-6,-4,-4,-4,-1,-1,0,0,0,0,0,0,0,0,0,0,0,0,0,0,0,0,0,0,-2,-1,-7,-5,-8,-9,-9,-10,-9,-9,-9,-9,-8,-9,-5,-6,-4,-5,-4,-5,-3,-5,-1,-5,1,-4,5,0,9,0,12,-2,13,-2,14,-1,17,0,19,-1,20,-1,22,-2,24,-3,23,-4,20,-7,20,-11,20,-12"
9.252450227737427,95,"CSI,1095,128,83,49,21,0,-2,-8,-2,-4,2,-1,6,2,10,5,13,9,13,14,12,18,15,16,17,10,16,7,17,5,16,2,13,3,12,5,9,4,5,3,2,2,-1,1,-5,0,-6,1,-5,3,-8,5,-10,5,-10,6,-3,1,0,0,0,0,0,0,0,0,0,0,0,0,0,0,0,0,0,0,-3,1,-8,6,-7,7,-9,7,-13,9,-12,10,-11,11,-12,9,-11,6,-11,4,-9,3,-6,1,-4,-2,-3,-4,-3,-6,-5,-11,-6,-18,-3,-22,-1,-23,-3,-22,-5,-23,-4,-26,-3,-27,-5,-25,-7,-24,-5,-21,-4,-19"
9.35556411743164,96,"CSI,1099,128,83,49,21,0,-6,7,-1,1,2,-2,6,-2,9,-2,12,-5,17,-5,21,-3,24,-5,23,-6,21,-6,19,-5,18,-3,16,-3,14,-5,11,-4,9,0,5,2,2,-2,-2,-4,-4,-2,-4,0,-6,1,-8,-1,-7,-4,-2,-2,0,0,0,0,0,0,0,0,0,0,0,0,0,0,0,0,0,0,0,-3,0,-10,0,-9,1,-10,2,-13,1,-15,2,-13,1,-12,0,-11,1,-10,2,-7,-1,-5,-2,-4,-2,-4,-3,-2,-5,2,-9,6,-13,10,-15,13,-16,14,-18,14,-19,13,-18,14,-17,17,-16,16,-15,13,-14,12"
9.456245183944702,97,"CSI,1104,128,83,49,21,0,1,1,4,0,7,-3,10,-4,11,-6,10,-7,13,-8,17,-5,16,-7,14,-8,15,-8,13,-10,11,-9,10,-7,9,-5,7,-3,5,-3,3,-1,0,0,-4,-1,-3,0,-4,1,-8,0,-9,0,-7,0,-2,0,0,0,0,0,0,0,0,0,0,0,0,0,0,0,0,0,0,0,-3,-2,-9,-6,-9,-6,-9,-7,-7,-9,-6,-8,-5,-8,-4,-8,-4,-6,-3,-3,-2,-2,-1,0,0,4,0,7,-1,9,-1,14,-3,19,-5,21,-3,19,-3,18,-4,18,-5,19,-6,20,-6,20,-5,18,-2,12,1,7"
9.56129503250122,98,"CSI,1107,128,83,49,21,0,-12,-6,-9,-3,-10,1,-11,5,-12,7,-16,9,-16,8,-12,5,-15,6,-20,7,-18,7,-16,6,-16,3,-16,-1,-11,0,-8,3,-7,4,-4,3,-2,3,-2,4,-3,4,-1,4,1,5,1,7,3,9,1,2,0,0,0,0,0,0,0,0,0,0,0,0,0,0,0,0,0,0,0,-2,0,-8,0,-9,0,-10,1,-10,1,-10,3,-9,3,-9,2,-9,2,-5,1,-6,-4,-8,-8,-7,-10,-8,-12,-10,-13,-9,-15,-10,-15,-12,-13,-13,-14,-15,-15,-15,-14,-15,-12,-16,-11,-16,-12,-12,-12,-11,-8,-13"
9.66196608543396,99,"CSI,1112,128,83,49,21,0,8,0,4,-1,2,-1,-4,-3,-9,-5,-10,-7,-15,-3,-22,2,-26,0,-25,0,-22,1,-18,-2,-16,-3,-15,-2,-14,-2,-12,-3,-10,-3,-6,-1,-4,1,-2,1,-1,-1,2,-2,5,-1,7,1,8,1,2,0,0,0,0,0,0,0,0,0,0,0,0,0,0,0,0,0,0,0,-2,1,-4,6,-5,7,-8,6,-10,4,-11,4,-10,4,-10,3,-10,0,-8,-1,-6,0,-4,0,-3,-2,-1,-4,4,-4,8,-3,12,-1,14,-2,16,-4,20,-6,22,-5,23,-4,24,-3,26,-2,27,-4,26,-6,25,-9"
9.76266598701477,100,"CSI,1115,128,83,49,21,0,0,-7,-4,-2,-9,2,-11,5,-13,7,-15,8,-15,10,-13,13,-17,11,-22,8,-22,8,-20,8,-18,9,-16,6,-11,3,-8,5,-6,7,-4,7,-1,6,2,4,2,3,3,3,6,4,9,3,10,2,2,0,0,0,0,0,0,0,0,0,0,0,0,0,0,0,0,0,0,0,3,0,12,5,10,8,8,9,9,10,10,9,8,7,6,6,5,4,4,2,4,0,5,-4,6,-6,6,-9,5,-12,7,-15,8,-17,7,-17,5,-18,4,-23,7,-29,11,-28,12,-24,8,-20,6,-19,5,-19,4,-16"
9.866065979003906,101,"CSI,1119,128,83,49,21,0,1,4,3,4,6,4,10,4,12,3,13,3,17,2,20,0,16,1,14,4,12,6,10,8,10,7,9,6,7,5,4,4,-1,1,-1,-3,0,-5,0,-5,0,-5,0,-6,0,-8,0,-9,-1,-9,-1,-3,0,0,0,0,0,0,0,0,0,0,0,0,0,0,0,0,0,0,-3,0,-11,0,-11,-2,-12,-4,-11,-5,-9,-7,-8,-6,-7,-3,-6,-1,-6,1,-6,2,-7,2,-7,5,-8,10,-6,12,-4,15,-6,17,-12,17,-13,17,-12,18,-12,20,-13,21,-15,16,-16,12,-14,15,-11,17,-8,16"
9.967900037765503,102,"CSI,1123,128,83,49,21,0,-1,-1,-8,0,-12,2,-14,2,-18,1,-19,1,-22,0,-25,-3,-24,0,-22,4,-19,4,-17,3,-16,0,-13,-1,-9,-2,-5,-2,-1,0,2,2,3,2,5,3,7,2,10,0,10,-1,9,1,9,3,2,0,0,0,0,0,0,0,0,0,0,0,0,0,0,0,0,0,0,0,-1,0,-5,2,-7,3,-7,5,-8,6,-9,6,-7,6,-5,3,-2,1,-1,1,0,1,1,0,5,-2,10,-5,12,-6,12,-5,16,-4,18,-5,18,-8,20,-8,23,-8,23,-6,23,-4,22,-5,19,-6,16,-6,13,-4"
10.069644212722778,103,"CSI,1127,128,83,49,21,0,-6,4,-8,6,-7,8,-5,9,-7,11,-9,13,-11,17,-12,22,-12,16,-9,9,-6,7,-7,5,-7,6,-3,7,-1,5,-1,4,1,3,3,0,6,-2,7,-1,7,1,6,-1,6,-3,5,-3,5,-3,1,-1,0,0,0,0,0,0,0,0,0,0,0,0,0,0,0,0,0,0,1,1,4,6,3,9,1,9,0,6,0,5,0,6,1,4,-1,0,-1,-4,-1,-6,-3,-11,-3,-13,-1,-14,2,-16,4,-18,4,-18,1,-17,2,-16,5,-17,4,-18,4,-17,3,-14,1,-11,1,-9,1,-6,1,-6"
10.683279991149902,104,"CSI,1151,128,83,49,21,0,0,-2,6,-2,8,0,9,3,11,3,12,4,11,3,7,1,5,4,7,7,9,7,7,7,6,6,5,3,3,1,2,2,2,1,0,1,-2,2,-4,-2,-5,-6,-4,-5,-4,-5,-5,-6,-3,-7,-1,-2,0,0,0,0,0,0,0,0,0,0,0,0,0,0,0,0,0,0,1,-2,4,-9,4,-10,3,-10,4,-7,4,-4,2,-5,0,-4,0,0,1,2,1,1,-4,0,-8,1,-9,5,-10,7,-11,7,-14,6,-17,5,-17,3,-17,1,-17,1,-19,1,-20,1,-16,1,-13,0,-12,1,-11,3"
10.786648035049438,105,"CSI,1156,128,83,49,21,0,7,-6,6,-11,6,-12,6,-12,8,-16,10,-19,7,-19,5,-15,7,-14,11,-14,13,-14,12,-13,8,-11,5,-6,4,-7,3,-8,4,-5,3,-3,1,-4,-3,-6,-7,-5,-8,-4,-7,-5,-6,-6,-6,-7,-2,-2,0,0,0,0,0,0,0,0,0,0,0,0,0,0,0,0,0,0,1,2,5,11,6,11,6,10,5,8,4,7,4,6,4,5,3,7,3,8,4,5,7,0,12,0,14,1,14,0,17,0,20,-1,20,-1,19,3,17,6,19,7,21,8,19,10,16,10,14,7,13,4,11,5"
10.893171072006226,106,"CSI,1160,128,83,49,21,0,-11,1,-14,5,-17,8,-14,8,-12,8,-16,8,-21,8,-22,10,-18,9,-15,5,-12,3,-12,0,-14,-2,-13,-1,-10,0,-8,0,-7,2,-6,3,-4,2,-3,2,-4,5,-3,8,-2,8,-4,8,-5,7,-2,1,0,0,0,0,0,0,0,0,0,0,0,0,0,0,0,0,0,0,-2,-4,-8,-13,-7,-11,-6,-9,-6,-8,-5,-8,-5,-5,-6,-4,-4,-5,-5,-4,-9,-1,-11,-2,-12,-3,-16,-3,-18,-4,-18,-4,-21,-3,-20,-5,-17,-8,-17,-10,-18,-11,-18,-12,-18,-12,-17,-9,-15,-8,-12,-8,-13,-7"
10.992799997329712,107,"CSI,1163,128,83,49,21,0,-7,-7,-9,-12,-8,-13,-9,-14,-11,-15,-11,-15,-8,-16,-4,-17,-4,-17,-7,-15,-8,-13,-8,-11,-7,-9,-3,-6,-2,-5,-5,-3,-7,0,-5,1,-3,1,-5,1,-7,1,-5,2,-5,4,-6,5,-3,4,-1,0,0,0,0,0,0,0,0,0,0,0,0,0,0,0,0,0,0,0,2,2,8,7,7,6,5,5,4,4,3,5,5,7,5,7,4,2,4,-2,4,-3,5,-5,8,-7,12,-6,15,-6,16,-8,14,-9,14,-9,17,-10,19,-10,16,-8,16,-8,16,-9,14,-9,12,-7,12,-5,14,-5"
11.093407154083252,108,"CSI,1168,128,83,49,21,0,3,10,7,6,12,5,15,4,18,2,21,3,21,3,17,-2,17,-1,20,2,22,2,18,2,14,4,13,7,13,9,12,8,9,6,4,3,2,-1,1,-4,0,-4,-2,-4,-2,-5,-1,-6,-1,-6,0,-2,0,0,0,0,0,0,0,0,0,0,0,0,0,0,0,0,0,0,-3,1,-11,6,-13,7,-15,5,-15,4,-13,4,-13,3,-11,4,-9,3,-7,3,-6,4,-5,5,-2,6,1,9,3,12,5,16,5,20,5,21,4,24,3,28,1,30,0,31,0,29,-3,27,-4,27,-2,24,0,18"
11.151803970336914,109,"CSI,1219,128,83,49,21,0,3,20,4,22,3,23,0,21,-2,19,-2,18,0,14,4,9,1,7,-2,7,-1,4,2,1,3,0,5,1,7,3,6,4,5,3,3,1,1,1,2,3,4,5,4,5,2,3,1,1,0,0,0,0,0,0,0,0,0,0,0,0,0,0,0,0,0,0,0,0,0,0,-2,-2,-5,-7,-5,-7,-5,-6,-4,-5,-3,-5,-3,-5,-3,-6,-2,-6,-2,-2,-4,2,-4,2,-5,2,-8,5,-11,5,-11,3,-12,4,-13,4,-14,4,-14,5,-14,5,-12,4,-9,4,-5,4,-2,5,0,6,1,8"
11.300791025161743,110,"CSI,1175,128,83,49,21,0,-8,11,-6,14,-3,16,0,17,2,19,2,23,2,25,6,25,7,23,3,19,1,17,0,17,0,18,0,14,-1,11,-2,13,-1,13,0,9,2,6,3,5,4,3,4,3,5,2,7,1,9,3,2,1,0,0,0,0,0,0,0,0,0,0,0,0,0,0,0,0,0,0,-3,-1,-12,-3,-14,-5,-14,-5,-14,-4,-14,-5,-13,-5,-13,-6,-13,-6,-13,-7,-11,-7,-11,-6,-13,-1,-11,3,-9,4,-11,7,-17,12,-21,13,-23,15,-24,17,-24,15,-26,12,-26,10,-24,8,-25,8,-26,7,-25,4"
11.375004053115845,111,"CSI,2758,128,77,-47,20,0,-6,-1,-9,3,-14,4,-17,5,-19,9,-19,9,-18,10,-16,11,-16,9,-17,8,-16,9,-15,8,-14,8,-12,7,-11,6,-10,7,-9,8,-7,6,-5,4,-3,4,-1,5,4,4,7,3,8,3,7,3,1,0,0,0,0,0,0,0,0,0,0,0,0,0,0,0,0,0,0,0,3,-1,13,-4,14,-3,12,0,10,1,8,0,8,-2,9,-4,7,-3,4,-1,3,-1,3,-3,-1,-7,-6,-10,-7,-12,-8,-16,-10,-20,-9,-21,-6,-23,-6,-27,-6,-28,-5,-29,-3,-29,0,-26,1,-23,-1,-19,-2,-13"
11.405686140060425,112,"CSI,1180,128,83,49,21,0,9,-1,10,-7,10,-12,9,-14,10,-15,11,-17,12,-19,17,-22,17,-22,14,-19,11,-16,8,-16,9,-17,10,-16,9,-14,7,-12,3,-12,3,-10,1,-5,-2,-4,-4,-5,-5,-5,-6,-5,-8,-5,-10,-8,-3,-3,0,0,0,0,0,0,0,0,0,0,0,0,0,0,0,0,0,0,-1,3,-3,12,-4,12,-4,12,-3,12,-3,11,-4,11,-5,8,-3,5,0,3,2,3,4,2,5,2,7,2,12,3,16,5,20,7,23,9,23,9,23,12,24,17,24,18,21,19,17,19,16,17,16,14,15,9"
11.506413221359253,113,"CSI,1184,128,83,49,21,0,2,-10,-3,-12,-6,-11,-9,-10,-14,-13,-16,-15,-18,-13,-23,-12,-25,-13,-22,-11,-18,-10,-13,-10,-13,-8,-13,-8,-11,-9,-9,-8,-8,-5,-7,-2,-6,-1,-4,0,-2,2,-2,4,-1,5,1,7,3,9,1,2,0,0,0,0,0,0,0,0,0,0,0,0,0,0,0,0,0,0,2,1,9,7,9,8,9,8,7,10,6,10,5,8,4,7,3,9,2,9,1,7,3,2,5,-3,7,-7,9,-10,12,-14,14,-17,16,-19,18,-21,21,-22,24,-21,24,-17,24,-15,22,-16,21,-16,19,-14,17,-13"
11.611191034317017,114,"CSI,1188,128,83,49,21,0,-9,-17,-11,-16,-13,-15,-15,-14,-17,-13,-17,-13,-15,-11,-12,-10,-14,-13,-14,-14,-12,-13,-13,-13,-13,-13,-12,-12,-10,-11,-10,-10,-10,-7,-9,-5,-8,-4,-9,-2,-8,1,-6,3,-6,4,-7,4,-6,5,-1,1,0,0,0,0,0,0,0,0,0,0,0,0,0,0,0,0,0,0,2,-3,10,-12,9,-13,9,-13,8,-12,7,-11,7,-9,6,-7,6,-7,5,-8,1,-10,-2,-13,-1,-16,-1,-17,-5,-19,-7,-25,-4,-29,0,-31,2,-31,2,-32,5,-34,9,-35,9,-31,6,-27,5,-25,5,-23,4,-18"
11.711615085601807,115,"CSI,1191,128,83,49,21,0,-12,-5,-13,1,-15,5,-15,7,-14,10,-17,13,-18,12,-15,11,-18,10,-22,9,-21,9,-20,8,-19,5,-17,3,-13,2,-9,2,-8,4,-7,5,-3,3,0,1,1,1,2,3,4,5,4,6,4,7,1,1,0,0,0,0,0,0,0,0,0,0,0,0,0,0,0,0,0,0,2,-3,7,-10,6,-11,5,-9,7,-8,8,-10,9,-11,9,-9,8,-7,7,-6,6,-6,2,-7,-1,-10,-5,-11,-9,-11,-11,-14,-14,-16,-14,-16,-12,-20,-13,-26,-13,-29,-11,-31,-10,-32,-9,-27,-8,-21,-9,-19,-9,-19"
11.81148910522461,116,"CSI,1196,128,83,49,21,0,-8,4,-2,7,0,10,0,15,1,18,2,18,1,17,0,13,-1,16,-2,19,-2,19,-3,18,-4,17,-4,15,-5,12,-5,10,-3,8,-1,8,1,6,3,2,3,1,3,1,5,2,5,2,8,1,2,0,0,0,0,0,0,0,0,0,0,0,0,0,0,0,0,0,0,0,-3,0,-12,0,-12,-1,-12,-2,-11,-2,-9,-4,-8,-6,-6,-6,-7,-3,-8,-2,-7,-4,-6,-2,-7,4,-7,7,-8,9,-12,9,-15,10,-15,11,-19,10,-23,9,-25,9,-25,9,-24,8,-24,6,-22,7,-17,8,-13,7"
11.915417194366455,117,"CSI,1200,128,83,49,21,0,-8,-6,-11,-4,-14,-2,-17,4,-20,7,-22,6,-25,6,-29,7,-26,7,-22,7,-22,5,-21,4,-20,5,-18,5,-14,2,-9,-1,-6,2,-4,4,-2,4,-1,4,1,6,3,7,4,8,4,8,4,7,0,1,0,0,0,0,0,0,0,0,0,0,0,0,0,0,0,0,0,0,2,-1,10,-3,10,-3,12,-3,13,-5,12,-4,12,-3,12,-1,12,1,9,2,5,-1,1,-5,-1,-5,-2,-6,-4,-11,-8,-17,-10,-21,-9,-25,-6,-28,-3,-29,-2,-33,-1,-34,-1,-32,-2,-28,-4,-24,-4,-20,-3,-18"
12.015923023223877,118,"CSI,1204,128,83,49,21,0,11,-2,11,-5,11,-9,11,-12,10,-14,11,-15,12,-13,12,-9,12,-9,12,-13,12,-14,11,-14,12,-13,13,-11,8,-8,4,-7,3,-7,2,-6,0,-4,0,-4,-1,-4,-4,-2,-5,-2,-5,-4,-5,-4,-1,-1,0,0,0,0,0,0,0,0,0,0,0,0,0,0,0,0,0,0,1,3,6,11,5,9,2,11,3,12,3,10,2,8,4,8,5,8,5,7,6,4,8,1,11,-1,12,0,15,2,20,3,24,3,23,4,22,5,25,6,28,8,26,10,24,11,20,12,18,11,17,8,18,7"
12.11834716796875,119,"CSI,1208,128,83,49,21,0,9,-2,3,-7,-1,-12,1,-15,2,-18,0,-21,-1,-26,1,-28,2,-27,2,-27,2,-23,2,-18,2,-18,0,-16,-1,-12,-2,-9,-2,-10,-1,-9,-3,-6,-5,-5,-6,-3,-8,0,-10,1,-10,1,-10,2,-3,0,0,0,0,0,0,0,0,0,0,0,0,0,0,0,0,0,0,0,1,2,4,9,1,10,-2,9,-3,8,-3,7,-3,6,-3,6,-2,6,-1,5,1,4,5,2,8,0,9,1,12,1,16,0,20,0,22,1,23,5,27,7,29,7,27,10,24,14,22,10,20,8,20,6,21,2"
12.224509000778198,120,"CSI,1211,128,83,49,21,0,3,-19,0,-18,-3,-19,-5,-17,-4,-18,-4,-22,-6,-26,-9,-28,-6,-25,-2,-23,-2,-24,-3,-23,0,-21,3,-20,3,-18,3,-15,1,-13,0,-13,-1,-11,-2,-8,-3,-9,-5,-10,-5,-8,-6,-7,-7,-7,-2,-2,0,0,0,0,0,0,0,0,0,0,0,0,0,0,0,0,0,0,1,-4,5,-13,5,-12,4,-12,4,-13,4,-14,4,-15,4,-13,2,-12,0,-12,-1,-12,-1,-15,1,-18,1,-18,0,-17,1,-20,4,-24,2,-25,0,-25,1,-29,6,-29,8,-27,8,-29,10,-31,13,-29,10,-27,7,-29"
12.323619842529297,121,"CSI,1216,128,83,49,21,0,8,9,10,8,11,7,12,9,12,9,13,9,11,10,8,10,8,9,9,7,9,4,10,3,11,2,9,2,7,1,6,-1,4,-4,4,-5,6,-4,5,-3,2,-4,-1,-5,-1,-6,-2,-6,-3,-8,-1,-2,0,0,0,0,0,0,0,0,0,0,0,0,0,0,0,0,0,0,-2,-3,-7,-9,-6,-9,-5,-9,-5,-8,-5,-5,-5,-4,-5,-2,-5,1,-4,4,-5,5,-6,5,-9,9,-13,12,-15,13,-17,15,-18,15,-15,14,-15,12,-18,12,-18,12,-19,11,-16,10,-13,8,-9,4,-4,1,-4,1"
12.426578998565674,122,"CSI,1220,128,83,49,21,0,8,-14,5,-17,4,-20,6,-22,6,-25,5,-26,8,-23,14,-21,14,-22,11,-21,10,-20,9,-20,8,-17,7,-15,4,-13,-1,-11,-5,-8,-5,-7,-6,-6,-9,-7,-9,-7,-7,-6,-7,-6,-7,-7,-7,-7,-2,-2,0,0,0,0,0,0,0,0,0,0,0,0,0,0,0,0,0,0,3,2,12,10,9,12,8,12,7,11,5,10,4,10,4,8,4,4,5,3,7,1,11,-2,15,-4,18,-4,21,-5,22,-5,24,-5,25,-4,27,-3,29,-1,28,2,26,4,24,5,23,5,21,3,17,0,13,-2"
12.48455810546875,123,"CSI,1270,128,83,49,21,0,-17,-4,-18,-5,-21,-4,-22,-4,-19,-3,-17,2,-18,0,-17,-8,-15,-6,-12,0,-9,1,-7,1,-4,2,0,3,2,3,2,2,1,2,1,3,2,4,3,5,4,6,4,6,4,3,3,1,4,3,1,1,0,0,0,0,0,0,0,0,0,0,0,0,0,0,0,0,0,0,0,1,-1,7,-1,8,0,9,0,8,0,6,0,3,-2,1,-2,0,0,-3,1,-6,3,-7,7,-8,10,-10,12,-11,14,-11,13,-11,13,-14,14,-13,12,-8,9,-7,9,-10,7,-11,4,-12,1,-10,-3,-5,-6,-4"
12.528074979782104,124,"CSI,1224,128,83,49,21,0,6,-6,6,-7,7,-9,8,-12,9,-13,10,-16,10,-18,9,-19,8,-16,10,-12,10,-12,11,-11,9,-8,6,-7,5,-7,2,-5,-1,-1,-1,0,-2,0,-6,1,-9,2,-8,3,-7,5,-8,3,-10,1,-3,0,0,0,0,0,0,0,0,0,0,0,0,0,0,0,0,0,0,0,-3,-1,-11,-5,-9,-6,-8,-5,-8,-4,-9,-3,-8,-2,-5,-2,-3,2,0,6,3,7,4,7,4,10,2,13,2,17,2,21,1,24,0,22,0,20,-3,22,-5,24,-6,23,-4,19,-1,15,0,12,2,11,3,10"
12.630356073379517,125,"CSI,1227,128,83,49,21,0,3,-1,1,-5,0,-9,-2,-10,-2,-10,0,-12,1,-12,-3,-12,-5,-12,-3,-14,0,-16,2,-15,0,-13,-2,-10,-1,-8,0,-9,-1,-5,-3,-2,-3,-1,-3,0,-5,3,-7,4,-7,5,-7,6,-7,7,-2,1,0,0,0,0,0,0,0,0,0,0,0,0,0,0,0,0,0,0,-1,1,-2,8,-2,9,-2,10,-2,10,-2,8,-2,6,-2,5,-3,5,-2,3,0,2,2,2,6,1,10,0,12,-1,16,-2,17,1,16,3,15,2,16,3,17,3,16,3,16,4,17,6,16,6,14,4,13,-1"
12.93861699104309,126,"CSI,1239,128,83,49,21,0,-11,5,-7,4,-7,4,-8,2,-10,1,-12,2,-13,3,-14,4,-12,1,-10,-1,-11,-1,-10,1,-11,2,-12,1,-11,1,-8,1,-7,0,-7,-1,-6,0,-5,1,-4,0,-3,-1,-4,-3,-5,-2,-7,-1,-2,0,0,0,0,0,0,0,0,0,0,0,0,0,0,0,0,0,0,0,-2,1,-4,6,-3,6,-4,5,-5,5,-5,5,-5,5,-7,5,-9,4,-9,2,-10,3,-11,5,-11,5,-13,4,-14,2,-13,1,-13,4,-13,6,-10,5,-9,7,-12,9,-14,11,-15,11,-15,8,-15,4,-15,3,-15,5"
13.244434118270874,127,"CSI,1252,128,83,49,21,0,2,6,3,6,2,1,3,-3,5,-5,6,-7,9,-13,13,-19,9,-18,6,-14,8,-12,11,-9,11,-6,10,-5,7,-5,3,-2,4,-1,6,-3,3,-2,1,1,-1,1,-2,-1,-3,0,-3,2,-4,2,-1,0,0,0,0,0,0,0,0,0,0,0,0,0,0,0,0,0,0,0,-3,-1,-9,-4,-10,-4,-10,-4,-10,-4,-9,-4,-7,-5,-4,-4,-2,-4,-2,-3,-1,0,2,4,4,7,4,7,2,9,2,12,4,14,2,15,1,17,2,19,3,19,2,19,-1,19,-2,16,-2,16,-1,17,0,15"
13.4496169090271,128,"CSI,1259,128,83,49,21,0,-3,5,-6,7,-5,11,-4,11,-4,11,-5,13,-5,13,-4,9,-5,7,-6,8,-4,11,-4,11,-5,9,-4,6,-1,3,0,2,-1,2,-2,1,0,-1,-1,-2,-4,-2,-6,-2,-6,-4,-6,-3,-6,-1,-2,-1,0,0,0,0,0,0,0,0,0,0,0,0,0,0,0,0,0,0,-2,-3,-6,-9,-4,-8,-2,-6,-1,-4,0,-2,3,-2,3,-2,3,-3,3,-4,5,-1,9,1,12,-1,15,-2,15,-3,17,-3,17,-2,15,-2,15,-1,16,-2,16,-1,13,1,10,0,9,0,10,1,10,-1,5,-1"
13.549885034561157,129,"CSI,1264,128,83,49,21,0,2,13,5,11,5,11,7,11,9,12,10,13,13,13,16,13,14,10,11,8,9,9,7,10,6,8,4,6,4,7,3,8,2,7,2,4,2,2,2,1,2,0,1,-1,1,-3,2,-4,5,-6,1,-2,0,0,0,0,0,0,0,0,0,0,0,0,0,0,0,0,0,0,-2,1,-9,3,-10,2,-9,2,-7,1,-5,1,-3,1,-3,2,-2,1,0,2,2,3,2,4,2,5,5,7,3,11,1,14,0,17,-1,16,-4,16,-6,18,-6,17,-6,16,-9,15,-8,14,-3,14,-2,15,-6,17"
13.655465126037598,130,"CSI,1268,128,83,49,21,0,-5,-9,-7,-8,-7,-5,-10,1,-12,5,-11,6,-14,9,-20,11,-20,12,-18,13,-15,13,-13,13,-13,11,-11,9,-10,8,-10,6,-9,4,-6,1,-3,0,-1,1,0,1,2,-1,3,-2,5,0,7,3,2,1,0,0,0,0,0,0,0,0,0,0,0,0,0,0,0,0,0,0,1,-2,8,-4,10,-2,11,0,10,1,9,2,9,3,8,3,5,4,4,1,4,-1,3,2,0,1,-2,-3,-5,-8,-6,-12,-6,-16,-6,-18,-5,-18,-5,-21,-7,-23,-8,-23,-7,-24,-6,-24,-6,-23,-5,-21,-4,-16"
13.712544202804565,131,"CSI,1319,128,83,49,21,0,7,-12,9,-14,9,-14,10,-13,11,-11,9,-11,6,-8,1,-1,2,0,3,-3,2,-5,0,-6,0,-5,0,-2,-2,1,-5,-1,-6,-2,-5,0,-5,3,-7,3,-7,1,-7,0,-7,-1,-6,-1,-6,-1,-2,-1,0,0,0,0,0,0,0,0,0,0,0,0,0,0,0,0,0,0,-2,-1,-7,-2,-7,-3,-9,-3,-9,-3,-6,-5,-4,-4,-4,-3,-4,-2,-2,0,3,3,4,5,2,4,-1,5,-1,8,0,9,2,8,4,8,2,8,0,9,1,8,3,5,7,4,8,2,6,-2,4,-6,5,-7"
13.75677490234375,132,"CSI,1272,128,83,49,21,0,7,3,8,-1,8,-6,8,-9,8,-11,10,-14,10,-16,7,-15,8,-15,10,-15,10,-13,14,-11,15,-12,11,-12,9,-11,9,-7,6,-3,3,-2,2,-3,1,-4,-2,-2,-4,0,-6,0,-7,0,-8,-1,-2,-1,0,0,0,0,0,0,0,0,0,0,0,0,0,0,0,0,0,0,0,2,0,11,0,11,-3,9,-6,9,-9,10,-8,9,-6,6,-2,3,-1,0,-4,-1,-4,0,0,0,4,-3,6,-2,11,2,15,4,16,4,16,4,16,5,17,9,19,13,18,13,17,13,16,15,15,13,14,11"
13.859234094619751,133,"CSI,1276,128,83,49,21,0,2,-2,5,0,6,3,8,6,11,8,13,10,16,9,17,6,13,4,11,5,11,5,9,3,11,2,10,1,6,0,6,-1,4,0,-1,0,-1,-1,-1,-1,-4,-1,-6,0,-6,2,-7,3,-7,4,-2,1,0,0,0,0,0,0,0,0,0,0,0,0,0,0,0,0,0,0,-2,1,-6,6,-9,4,-10,3,-9,4,-7,6,-6,5,-6,3,-6,1,-5,-2,-6,-3,-5,-4,-3,-6,-2,-8,1,-9,2,-12,1,-18,1,-20,1,-19,-2,-20,-3,-21,-2,-22,-1,-24,-2,-24,-5,-20,-5,-19,-2,-21"
13.963098049163818,134,"CSI,1280,128,83,49,21,0,2,2,5,-1,5,-4,7,-7,12,-9,14,-8,16,-12,17,-16,14,-15,12,-12,10,-12,8,-11,8,-8,7,-5,6,-6,4,-5,3,-5,1,-6,-1,-6,-4,-3,-6,-1,-7,0,-6,1,-5,0,-6,-1,-2,-1,0,0,0,0,0,0,0,0,0,0,0,0,0,0,0,0,0,0,-3,-2,-9,-6,-7,-6,-5,-7,-4,-10,-6,-11,-6,-11,-4,-10,-4,-9,-5,-8,-2,-5,1,0,3,1,2,2,-1,7,-4,12,-6,14,-5,16,-5,20,-6,20,-6,19,-8,19,-7,20,-2,21,-2,20,-4,16,-5,12"
14.063057899475098,135,"CSI,1283,128,83,49,21,0,-8,4,-8,5,-9,7,-13,7,-16,6,-16,7,-16,11,-16,14,-13,11,-10,8,-8,8,-8,9,-7,8,-5,6,-3,6,-5,4,-5,0,-4,-2,-5,-4,-6,-6,-3,-6,-3,-5,-3,-4,-3,-3,-4,-1,-2,-1,0,0,0,0,0,0,0,0,0,0,0,0,0,0,0,0,0,0,1,1,7,4,9,3,10,1,9,0,7,0,6,3,5,4,6,2,5,2,3,2,3,3,1,6,-2,10,-2,12,-3,14,-5,15,-5,14,-1,14,2,16,4,18,3,20,2,20,1,17,3,14,3,12,0,15"
14.166640043258667,136,"CSI,1287,128,83,49,21,0,-6,-2,-1,2,1,6,3,11,4,15,5,15,4,17,2,20,5,18,5,14,4,14,6,12,7,9,5,8,2,7,-1,4,0,0,0,-1,-2,1,-1,0,-1,-3,-2,-5,-4,-5,-4,-5,-5,-6,-2,-2,0,0,0,0,0,0,0,0,0,0,0,0,0,0,0,0,0,0,2,1,10,6,10,6,9,5,6,5,5,6,3,7,1,6,1,5,2,5,0,5,-3,2,-4,-1,-7,-6,-11,-11,-11,-15,-9,-18,-9,-18,-8,-18,-9,-19,-10,-19,-9,-19,-10,-20,-11,-19,-11,-17,-10,-14,-9,-11"
14.371353149414062,137,"CSI,1295,128,83,49,21,0,0,-1,1,-7,3,-10,4,-11,4,-15,5,-16,6,-16,2,-16,1,-15,4,-13,3,-13,2,-11,3,-8,3,-7,1,-4,1,-3,1,-2,0,0,-2,1,-3,2,-5,4,-5,4,-4,5,-3,6,-2,6,-1,1,0,0,0,0,0,0,0,0,0,0,0,0,0,0,0,0,0,0,0,-3,1,-11,-1,-12,-1,-13,0,-12,3,-10,3,-9,3,-8,5,-6,5,-5,1,-4,-2,-1,-2,5,-2,9,-3,8,-5,8,-8,12,-8,18,-7,21,-4,22,-3,21,-5,21,-7,19,-8,18,-9,18,-6,14,-2,6"
14.678768873214722,138,"CSI,1308,128,83,49,21,0,5,-10,5,-13,2,-14,1,-15,3,-16,4,-15,6,-14,12,-15,7,-13,0,-12,-3,-10,-6,-9,-7,-10,-4,-10,-2,-8,-3,-5,-4,-5,-3,-4,-4,-2,-6,-2,-5,-2,-4,0,-5,2,-4,3,-4,3,-2,1,0,0,0,0,0,0,0,0,0,0,0,0,0,0,0,0,0,0,-1,2,-3,12,-2,13,-2,10,-1,8,1,6,3,3,3,-1,2,-3,5,-2,9,-3,13,-6,17,-6,20,-2,23,2,24,3,24,6,23,7,23,6,21,8,20,8,19,3,17,3,15,5,15,4,14,0,12,-4"
14.783406972885132,139,"CSI,1312,128,83,49,21,0,3,-4,0,-6,-2,-9,-4,-10,-8,-10,-8,-13,-9,-15,-11,-14,-12,-11,-9,-11,-8,-11,-6,-11,-4,-12,-5,-11,-6,-11,-3,-8,0,-2,0,-1,-2,-3,-4,-1,-4,2,-3,2,-4,2,-4,4,-3,4,-1,1,0,0,0,0,0,0,0,0,0,0,0,0,0,0,0,0,0,0,0,3,2,13,1,12,1,10,2,10,1,9,0,9,0,7,-1,3,1,2,3,1,4,0,5,-2,8,-5,11,-6,14,-6,18,-6,19,-7,19,-7,22,-7,24,-5,22,-2,19,0,17,0,15,0,14,-2,13,-5"
14.813196182250977,140,"CSI,2759,128,75,-79,20,0,-7,4,-5,8,-2,12,1,14,1,12,1,11,4,10,6,9,6,12,5,15,5,13,4,13,4,13,3,12,2,9,1,5,0,3,-1,1,0,-3,1,-5,-1,-5,-1,-5,-2,-7,-2,-8,-1,-7,-1,-2,0,0,0,0,0,0,0,0,0,0,0,0,0,0,0,0,0,0,2,0,10,2,12,1,13,2,10,5,8,5,7,4,6,3,4,1,2,-1,-1,-1,-3,0,-6,-3,-7,-7,-8,-10,-11,-11,-14,-13,-14,-14,-15,-16,-15,-17,-14,-18,-12,-20,-12,-21,-12,-19,-12,-17,-10,-13,-7,-9"
14.847361087799072,141,"CSI,2760,128,75,-79,20,0,-6,-1,-3,0,0,0,5,-2,10,-3,12,-2,16,-1,22,-3,20,-5,16,-6,15,-5,13,-3,12,-2,11,-3,9,-3,8,-4,5,-2,3,-2,3,-2,2,-1,0,1,-3,2,-5,2,-5,3,-6,3,-2,0,0,0,0,0,0,0,0,0,0,0,0,0,0,0,0,0,0,0,1,0,6,3,8,4,7,5,7,8,7,10,5,7,2,3,2,4,1,4,-1,3,-2,4,-2,2,-6,0,-12,-2,-14,-7,-14,-9,-15,-8,-18,-8,-20,-9,-21,-9,-21,-9,-22,-10,-22,-11,-20,-10,-20,-8,-24,-7"
14.88484787940979,142,"CSI,1315,128,83,49,21,0,-3,3,-1,0,0,0,3,1,9,-4,12,-11,12,-10,10,-4,12,-5,14,-11,14,-12,13,-9,12,-8,11,-8,8,-7,5,-4,4,-3,1,-3,-2,-2,-2,-2,-1,-1,-3,1,-6,2,-6,3,-4,4,-1,1,0,0,0,0,0,0,0,0,0,0,0,0,0,0,0,0,0,0,-2,-3,-5,-9,-4,-9,-2,-9,-1,-7,0,-7,0,-10,0,-12,1,-9,2,-4,0,-3,-1,-3,-2,0,-1,4,-4,7,-8,8,-9,10,-11,16,-13,17,-12,17,-12,18,-12,17,-13,17,-14,16,-15,18,-14,19,-13,15"
14.985574007034302,143,"CSI,1319,128,83,49,21,0,10,1,9,-5,5,-9,0,-11,-3,-15,-5,-20,-3,-22,2,-22,2,-23,-2,-23,-3,-23,-4,-23,-4,-21,-3,-20,-5,-16,-5,-13,-3,-10,-1,-6,0,-2,0,-1,-2,1,-3,2,-3,2,-4,4,-5,5,-2,1,0,0,0,0,0,0,0,0,0,0,0,0,0,0,0,0,0,0,-1,1,-3,8,-6,9,-7,9,-8,6,-9,5,-10,5,-9,4,-7,3,-6,2,-6,1,-4,0,0,0,6,0,8,0,9,0,12,1,18,3,20,5,24,7,26,9,26,12,25,13,25,14,23,13,18,10,14,7"
15.088985919952393,144,"CSI,1323,128,83,49,21,0,10,-2,5,-5,0,-8,-2,-9,-2,-12,-5,-16,-7,-21,-6,-24,-6,-22,-7,-17,-5,-14,-5,-14,-6,-14,-6,-16,-5,-15,-3,-10,-2,-8,-5,-7,-6,-5,-7,-4,-7,-5,-5,-1,-2,4,-4,5,-6,4,-2,1,0,0,0,0,0,0,0,0,0,0,0,0,0,0,0,0,0,0,-1,1,-5,7,-9,7,-12,6,-11,5,-9,6,-9,5,-8,3,-7,2,-5,2,-2,2,1,3,4,2,5,1,6,2,8,2,13,3,18,6,18,11,19,12,18,10,19,10,19,11,18,11,17,13,15,11,12,7"
15.188717126846313,145,"CSI,1327,128,83,49,21,0,1,12,4,7,7,10,7,10,9,9,13,10,15,8,12,6,9,8,10,11,11,12,11,11,11,8,8,6,6,8,6,9,6,7,5,5,4,2,6,2,5,2,2,2,2,-1,4,-4,5,-4,1,-1,0,0,0,0,0,0,0,0,0,0,0,0,0,0,0,0,0,0,-1,1,-4,6,-6,4,-8,3,-11,2,-10,1,-8,1,-7,1,-6,2,-6,3,-5,2,-4,4,-2,8,0,11,1,10,2,12,0,16,-4,18,-7,18,-7,20,-7,21,-7,20,-6,21,-6,21,-9,21,-8,19,-7,15"
15.293394088745117,146,"CSI,1332,128,83,49,21,0,3,-8,2,-8,0,-11,0,-14,0,-15,-2,-17,-4,-15,-6,-10,-4,-10,-1,-14,-2,-15,-3,-13,-3,-11,-1,-9,0,-8,0,-5,0,-4,-2,-3,-2,-3,-3,-4,-3,-3,-5,-2,-7,-1,-7,0,-7,0,-2,-1,0,0,0,0,0,0,0,0,0,0,0,0,0,0,0,0,0,0,1,1,6,4,7,5,5,6,3,8,2,8,-1,6,-2,5,-1,3,2,0,4,-4,5,-8,5,-9,5,-8,8,-7,12,-7,16,-7,17,-6,17,-6,20,-8,22,-8,23,-5,21,-2,20,-1,20,-3,16,-4,11,-4"
15.392472267150879,147,"CSI,1336,128,83,49,21,0,8,9,9,10,12,9,14,7,14,6,13,6,13,7,16,8,17,6,12,4,9,2,8,2,8,2,10,2,10,3,8,3,7,2,7,1,7,0,5,0,3,-1,1,-4,1,-4,1,-4,2,-6,0,-2,0,0,0,0,0,0,0,0,0,0,0,0,0,0,0,0,0,0,-1,2,-4,8,-7,7,-8,6,-7,5,-6,5,-4,5,-1,3,-1,2,-2,2,0,4,3,7,4,8,5,8,6,11,6,14,6,16,7,17,5,16,3,19,1,21,-1,20,-1,17,0,16,-1,13,-2,10,0,7"
15.456825017929077,148,"CSI,2761,128,75,-79,20,0,13,3,13,2,11,0,9,-1,11,-2,15,-4,14,-2,11,4,15,5,17,2,13,-2,9,-4,8,-3,8,-2,7,-4,8,-6,7,-4,4,-1,2,-2,3,-4,3,-4,1,-3,-1,-5,-1,-6,1,-5,0,-1,0,0,0,0,0,0,0,0,0,0,0,0,0,0,0,0,0,0,-1,2,-5,7,-6,7,-5,7,-6,7,-7,5,-5,4,-4,5,-4,4,-2,3,1,5,4,7,7,8,10,9,11,11,11,14,9,17,9,18,11,18,9,20,6,20,5,20,5,20,3,16,2,13,5,14,7,13"
15.496948003768921,149,"CSI,1340,128,83,49,21,0,11,3,13,1,12,-2,12,-4,13,-5,15,-5,13,-6,7,-8,5,-10,7,-11,9,-9,10,-8,8,-7,6,-6,5,-6,5,-6,4,-7,3,-7,0,-6,-2,-6,-2,-4,-1,-3,-3,-3,-4,-3,-5,-1,-2,0,0,0,0,0,0,0,0,0,0,0,0,0,0,0,0,0,0,0,-3,1,-10,5,-11,4,-10,3,-9,2,-9,1,-8,0,-4,-1,-1,0,-1,1,1,2,5,6,6,10,7,11,9,11,10,13,9,16,8,18,6,18,3,20,2,22,3,21,2,19,1,18,1,15,2,11,5,8"
15.600567102432251,150,"CSI,1343,128,83,49,21,0,-1,6,0,10,0,11,3,11,6,15,5,17,3,18,1,22,4,19,6,16,5,15,2,11,1,7,0,6,0,5,3,2,1,-1,1,-4,4,-5,5,-6,3,-8,0,-7,0,-6,0,-6,-2,-7,-1,-2,0,0,0,0,0,0,0,0,0,0,0,0,0,0,0,0,0,0,2,-1,9,-2,10,-1,10,0,9,1,7,1,4,3,3,3,1,1,-3,0,-4,-2,-4,-3,-8,-6,-13,-9,-15,-11,-16,-14,-17,-16,-15,-17,-15,-19,-16,-19,-15,-19,-13,-19,-10,-15,-7,-11,-6,-10,-7,-6,-8,0"
15.703253030776978,151,"CSI,1347,128,83,49,21,0,7,-3,6,-5,4,-7,9,-10,12,-14,13,-13,16,-12,21,-15,19,-16,14,-14,10,-12,8,-10,6,-9,2,-8,0,-6,1,-2,0,0,-3,1,-4,2,-5,3,-7,3,-6,3,-5,6,-4,8,-2,8,-1,2,0,0,0,0,0,0,0,0,0,0,0,0,0,0,0,0,0,0,0,-3,4,-10,6,-9,8,-7,9,-6,7,-5,5,-3,4,-1,4,0,3,0,2,1,0,4,-5,7,-10,9,-13,11,-15,11,-17,10,-18,10,-20,11,-19,11,-18,10,-18,11,-16,11,-14,10,-13,8,-12,7,-9,8"
15.804696083068848,152,"CSI,1351,128,83,49,21,0,-1,3,5,6,8,6,6,4,9,1,15,1,17,0,15,-2,14,-2,13,2,10,2,9,1,9,0,9,0,8,0,7,-2,5,-2,0,-2,-2,-2,-2,-2,-3,-2,-3,-2,-7,-1,-9,1,-8,1,-2,0,0,0,0,0,0,0,0,0,0,0,0,0,0,0,0,0,0,0,1,-1,5,-3,7,-4,7,-3,8,-2,8,-1,7,0,6,-1,5,1,2,5,-2,2,-7,-2,-10,-3,-10,-3,-14,-1,-18,1,-18,0,-18,0,-19,0,-21,0,-20,-2,-18,-2,-16,0,-16,-1,-16,-3,-15,-2,-13,-1"
16.01048707962036,153,"CSI,1360,128,83,49,21,0,-13,5,-10,6,-6,6,-4,9,-4,12,-6,15,-8,18,-10,19,-8,18,-5,19,-5,18,-5,16,-6,16,-7,15,-7,11,-7,9,-4,7,-1,6,-2,5,-3,4,-2,2,0,2,2,3,3,4,3,3,1,0,0,0,0,0,0,0,0,0,0,0,0,0,0,0,0,0,0,0,-3,-1,-10,-2,-11,-3,-11,-5,-11,-6,-9,-6,-7,-4,-6,-3,-5,-2,-6,1,-4,3,-4,5,-7,7,-9,8,-10,9,-13,7,-17,5,-16,3,-16,3,-18,2,-19,2,-19,3,-18,4,-16,5,-17,4,-18,6,-18,9"
16.11207604408264,154,"CSI,1363,128,83,49,21,0,6,8,3,3,3,-3,7,-3,11,-1,13,-4,18,-9,23,-12,22,-13,17,-11,15,-9,14,-11,14,-10,14,-5,12,-1,10,-2,8,-5,4,-6,0,-3,-1,-1,-1,-2,-3,-3,-4,-5,-4,-7,-4,-7,-2,-2,0,0,0,0,0,0,0,0,0,0,0,0,0,0,0,0,0,0,-1,2,-2,9,-3,9,-5,8,-8,7,-8,9,-6,11,-6,9,-6,4,-6,1,-6,3,-6,6,-3,7,0,5,5,5,7,7,10,7,14,10,13,16,10,18,9,17,10,18,11,19,10,20,8,21,8,21,11,20"
16.214582204818726,155,"CSI,1368,128,83,49,21,0,3,-3,4,-10,6,-11,3,-14,1,-17,3,-16,2,-16,-2,-18,0,-18,2,-15,1,-12,2,-12,4,-13,4,-11,4,-10,5,-10,2,-8,-3,-6,-4,-4,-2,-2,0,-1,-2,1,-5,3,-5,5,-5,6,-2,1,0,0,0,0,0,0,0,0,0,0,0,0,0,0,0,0,0,0,-3,0,-11,2,-10,0,-10,-2,-9,-2,-8,0,-9,-1,-6,-1,-3,-2,-2,-1,0,1,2,3,3,4,6,5,8,6,8,9,9,12,9,15,9,16,11,17,11,19,8,17,9,15,9,16,9,15,10,12,11,9"
16.317877054214478,156,"CSI,1371,128,83,49,21,0,-6,-11,-9,-11,-12,-7,-12,-4,-15,-3,-17,-6,-21,-7,-26,-6,-23,-8,-18,-9,-19,-9,-17,-9,-12,-7,-9,-5,-10,-5,-10,-4,-4,0,0,2,1,5,0,7,-2,7,-1,6,1,6,2,7,4,9,1,2,0,0,0,0,0,0,0,0,0,0,0,0,0,0,0,0,0,0,2,2,8,10,7,9,5,8,3,9,3,9,5,7,5,6,5,5,4,4,3,2,3,-3,4,-7,7,-9,11,-12,14,-15,15,-15,17,-16,20,-16,20,-17,18,-15,17,-12,17,-12,16,-13,12,-12,10,-11,9,-9"
16.3764328956604,157,"CSI,1422,128,83,49,21,0,-11,5,-12,7,-12,8,-13,7,-11,5,-12,3,-10,2,-2,2,-3,0,-8,-1,-8,-2,-6,-1,-2,1,1,3,1,6,2,9,2,10,-1,8,-3,7,-5,8,-6,6,-7,5,-7,5,-6,4,-5,3,-1,0,0,0,0,0,0,0,0,0,0,0,0,0,0,0,0,0,0,0,0,-1,1,-5,0,-5,-1,-6,-2,-6,-1,-4,0,-3,-2,-3,-4,-3,-5,-3,-6,-2,-7,-2,-6,-2,-6,-1,-7,-1,-7,-3,-7,-4,-8,-3,-7,-4,-7,-6,-8,-6,-6,-6,-4,-4,-4,-3,-6,0,-7,4,-6,6"
16.419169187545776,158,"CSI,1376,128,83,49,21,0,1,-4,-3,-6,-6,-6,-7,-5,-7,-6,-6,-11,-8,-11,-8,-7,-7,-9,-6,-12,-7,-12,-5,-13,-3,-10,-2,-7,-2,-4,-1,-5,-1,-4,-1,-1,-3,0,-5,2,-4,3,-3,4,-2,4,0,4,0,4,0,1,0,0,0,0,0,0,0,0,0,0,0,0,0,0,0,0,0,0,-1,2,-3,7,-4,7,-6,7,-5,7,-4,6,-5,3,-3,0,0,-3,0,-4,1,-2,3,-1,5,0,7,-2,9,-5,12,-4,14,-2,15,-1,13,0,13,2,15,3,16,0,14,-2,13,0,13,3,13,4,13,2"
16.52171802520752,159,"CSI,1379,128,83,49,21,0,-1,0,-5,2,-5,5,-7,8,-9,9,-10,8,-15,5,-20,4,-19,8,-16,11,-13,10,-10,6,-9,2,-9,2,-8,3,-4,1,-2,0,-2,-1,-3,-2,-2,-3,2,-4,4,-5,3,-7,3,-8,3,-6,0,-2,0,0,0,0,0,0,0,0,0,0,0,0,0,0,0,0,0,0,-2,0,-9,2,-9,3,-9,1,-8,1,-8,0,-6,0,-2,-1,2,-2,3,-2,3,-3,5,-4,10,-4,13,-4,14,-5,16,-5,18,-2,17,2,17,0,20,-4,23,-5,23,-4,20,-4,15,-5,12,-5,9,-5,8,-3"
16.623775005340576,160,"CSI,1384,128,83,49,21,0,1,4,5,4,7,5,9,8,11,8,11,7,9,7,7,3,7,3,8,5,10,7,11,7,9,5,6,2,6,0,6,0,5,0,2,0,0,0,-1,0,-4,-3,-5,-5,-6,-4,-7,-3,-8,-4,-2,-2,0,0,0,0,0,0,0,0,0,0,0,0,0,0,0,0,0,0,3,0,11,1,8,1,6,1,5,2,3,3,2,3,-1,1,-5,-2,-6,-5,-5,-6,-7,-7,-11,-9,-12,-9,-11,-7,-11,-6,-13,-8,-11,-10,-11,-10,-13,-9,-14,-9,-13,-8,-12,-8,-12,-9,-12,-7,-8,-4,-3,-2"
17.034123182296753,161,"CSI,1399,128,83,49,21,0,-9,1,-11,-1,-11,-4,-10,-6,-10,-7,-12,-7,-12,-4,-9,-2,-6,-7,-6,-10,-10,-12,-12,-12,-9,-9,-5,-8,-3,-6,-4,-3,-4,-3,0,-5,2,-4,2,-1,4,-1,6,-3,7,-4,8,-4,10,-1,2,0,0,0,0,0,0,0,0,0,0,0,0,0,0,0,0,0,0,0,2,-1,9,-4,8,-3,7,-3,5,-3,5,-2,6,0,5,0,3,2,1,2,-1,1,-4,3,-4,6,-5,7,-9,9,-8,11,-6,11,-6,10,-6,10,-4,9,-4,11,-4,12,-4,11,-4,11,-2,10,-1,9,-3,9"
17.238298892974854,162,"CSI,1408,128,83,49,21,0,0,3,2,6,1,10,0,11,0,9,0,9,1,9,1,7,0,7,1,9,1,7,-1,5,-1,5,2,5,1,3,-2,0,-2,-1,-2,-1,-2,-3,-5,-4,-5,-4,-2,-5,-1,-5,-1,-7,2,-8,0,-2,0,0,0,0,0,0,0,0,0,0,0,0,0,0,0,0,0,0,1,1,6,6,6,6,5,6,4,5,3,3,2,1,0,0,0,1,-1,-1,-3,-5,-2,-8,-3,-9,-5,-11,-4,-14,-2,-17,-4,-16,-4,-14,-4,-14,-5,-14,-3,-13,-2,-11,-1,-11,-1,-11,-3,-9,-4,-4,-6,-1"
17.34028697013855,163,"CSI,1411,128,83,49,21,0,-7,-7,-7,-10,-8,-11,-12,-11,-13,-12,-11,-15,-12,-15,-16,-15,-13,-13,-10,-11,-9,-8,-7,-7,-4,-5,-3,-2,-3,0,-2,2,0,4,2,4,1,5,0,5,0,7,2,9,3,11,3,12,3,13,1,3,0,0,0,0,0,0,0,0,0,0,0,0,0,0,0,0,0,0,-2,0,-7,1,-8,1,-8,1,-8,0,-7,-1,-5,-2,-3,-1,0,-1,4,-1,5,0,5,1,6,2,8,4,12,6,14,8,14,8,12,7,11,6,12,8,12,9,11,9,9,8,7,7,7,5,6,2,6,-2"
17.44581699371338,164,"CSI,1416,128,83,49,21,0,-2,-8,-5,-9,-8,-8,-10,-7,-12,-9,-10,-13,-12,-17,-17,-17,-16,-15,-11,-14,-6,-12,-4,-10,-5,-11,-4,-10,-4,-9,-4,-9,-4,-8,-4,-4,-4,0,-4,0,-4,-1,-5,0,-6,3,-9,3,-10,4,-3,1,0,0,0,0,0,0,0,0,0,0,0,0,0,0,0,0,0,0,1,-3,6,-8,9,-6,9,-5,8,-5,7,-4,8,-3,9,-3,5,-5,1,-7,1,-8,3,-9,3,-11,0,-10,1,-8,3,-10,3,-15,4,-17,6,-16,9,-16,10,-15,11,-16,11,-18,10,-15,8,-12,7,-12,8,-11"
17.546200037002563,165,"CSI,1419,128,83,49,21,0,6,-3,2,-6,-2,-7,-8,-7,-12,-12,-15,-15,-13,-14,-10,-16,-10,-20,-10,-20,-10,-20,-11,-17,-12,-11,-9,-9,-5,-10,-1,-7,0,-3,0,0,-1,2,-2,3,-1,5,-2,8,-1,9,-1,8,-3,7,-1,1,0,0,0,0,0,0,0,0,0,0,0,0,0,0,0,0,0,0,-3,1,-11,5,-12,5,-13,5,-12,2,-8,0,-5,1,-5,2,-5,1,-4,3,-1,3,2,1,4,1,6,1,10,1,16,3,19,6,18,7,19,5,21,6,21,7,20,6,19,7,18,8,18,7,17,6,17,4"
17.648890018463135,166,"CSI,1423,128,83,49,21,0,3,0,3,-4,4,-7,7,-10,10,-14,11,-16,10,-21,11,-25,11,-23,9,-19,8,-14,7,-11,8,-9,9,-8,6,-6,3,-4,1,-4,-1,-2,0,1,0,2,-2,3,-6,2,-8,2,-9,2,-9,2,-3,0,0,0,0,0,0,0,0,0,0,0,0,0,0,0,0,0,0,0,-2,-2,-6,-7,-5,-8,-3,-10,-2,-10,-2,-9,-3,-6,-3,0,-4,3,-4,1,-1,2,-1,7,-4,11,-5,11,-6,12,-8,16,-8,18,-7,18,-6,17,-8,19,-10,21,-9,20,-6,18,-3,15,-2,13,0,11,1,10"
17.75425410270691,167,"CSI,1428,128,83,49,21,0,-2,-11,-5,-7,-8,-3,-10,0,-15,-1,-16,-1,-18,0,-24,0,-23,-1,-21,-4,-20,-5,-16,-5,-15,-7,-15,-7,-12,-5,-9,-5,-7,-4,-4,-2,-5,0,-5,2,-4,3,-3,4,-3,4,-3,7,-6,8,-2,2,0,0,0,0,0,0,0,0,0,0,0,0,0,0,0,0,0,0,1,-3,4,-10,3,-9,3,-8,2,-6,1,-5,-1,-6,-3,-6,-5,-6,-4,-7,-2,-7,-2,-8,-5,-11,-8,-12,-7,-11,-6,-11,-6,-13,-6,-16,-7,-17,-7,-16,-6,-17,-5,-19,-6,-18,-7,-16,-9,-17,-9,-18,-9,-17"
17.852180004119873,168,"CSI,1432,128,83,49,21,0,12,2,11,-2,5,-8,0,-9,1,-14,0,-21,0,-23,4,-20,6,-20,6,-22,6,-24,7,-25,6,-22,6,-16,5,-13,2,-12,1,-8,1,-5,0,-4,-2,-4,-3,-4,-6,-2,-9,1,-9,0,-7,-3,-2,-2,0,0,0,0,0,0,0,0,0,0,0,0,0,0,0,0,0,0,0,2,0,11,1,11,2,12,1,13,1,12,2,9,2,8,2,10,0,11,1,10,4,10,4,7,6,3,8,2,11,4,15,2,17,-1,20,-1,25,-2,26,-1,24,1,25,4,28,6,28,6,24,6,19,8"
17.957975149154663,169,"CSI,1436,128,83,49,21,0,6,-11,2,-11,0,-11,-3,-12,-6,-14,-9,-15,-8,-16,-1,-16,2,-18,0,-19,0,-18,1,-17,1,-16,2,-15,1,-13,2,-10,0,-8,-1,-6,-2,-4,-3,-3,-2,-2,-3,-3,-6,-3,-9,-4,-10,-6,-3,-2,0,0,0,0,0,0,0,0,0,0,0,0,0,0,0,0,0,0,2,-3,8,-11,8,-10,8,-8,9,-8,9,-8,7,-7,6,-6,7,-7,6,-10,3,-9,4,-11,5,-13,5,-14,4,-17,4,-21,6,-22,8,-21,11,-23,13,-24,13,-20,12,-17,12,-15,13,-14,13,-15,11,-14,7,-13"
18.05851697921753,170,"CSI,1439,128,83,49,21,0,-6,8,-4,10,-3,9,-1,9,0,10,1,15,-1,15,-3,11,-5,11,-8,15,-7,17,-3,17,-4,15,-6,13,-5,10,-3,7,-2,5,-2,4,-3,3,-3,1,0,0,3,0,4,1,3,0,2,0,0,0,0,0,0,0,0,0,0,0,0,0,0,0,0,0,0,0,0,0,-2,-1,-7,-3,-8,-3,-9,-6,-10,-9,-9,-8,-9,-5,-9,-6,-10,-5,-10,-2,-12,-1,-13,0,-14,1,-13,2,-13,2,-15,4,-17,7,-18,8,-20,8,-22,8,-23,5,-24,2,-24,1,-22,0,-20,1,-19,2,-19,2"
18.15810799598694,171,"CSI,1443,128,83,49,21,0,9,8,14,8,17,5,20,2,23,0,24,-2,21,0,16,6,15,9,17,8,18,6,17,6,17,7,14,5,11,3,9,2,7,0,5,-2,4,-4,5,-3,4,-3,3,-5,3,-7,3,-8,2,-6,0,-2,0,0,0,0,0,0,0,0,0,0,0,0,0,0,0,0,0,0,-1,1,-5,9,-5,12,-5,12,-7,9,-7,8,-6,9,-7,9,-8,8,-6,6,-2,4,0,5,4,8,9,9,11,10,11,14,9,17,10,19,10,21,8,27,7,29,8,30,9,30,4,26,-1,21,0,20,4,21"
18.26311206817627,172,"CSI,1447,128,83,49,21,0,-9,4,-6,8,-3,8,1,9,6,14,6,16,8,19,12,22,11,21,8,20,2,19,1,17,3,15,2,15,1,12,2,8,1,5,-1,2,0,0,2,-4,2,-6,1,-6,0,-7,2,-7,4,-7,1,-2,0,0,0,0,0,0,0,0,0,0,0,0,0,0,0,0,0,0,1,-3,4,-11,4,-10,6,-8,7,-9,8,-8,7,-8,5,-8,4,-6,1,-3,-2,-2,-8,-3,-12,-3,-15,-1,-16,-2,-18,-4,-21,-3,-24,-5,-24,-7,-23,-7,-23,-7,-23,-8,-22,-9,-22,-6,-21,-4,-18,-3,-14,-3"
18.365390062332153,173,"CSI,1451,128,83,49,21,0,-9,2,-3,5,0,7,5,6,10,7,12,10,12,9,16,5,17,6,15,11,15,13,15,14,12,13,9,9,9,6,9,4,6,2,3,1,1,0,1,-2,0,-6,-1,-5,-1,-4,-1,-5,-1,-8,-1,-3,0,0,0,0,0,0,0,0,0,0,0,0,0,0,0,0,0,0,2,-2,8,-8,8,-8,8,-10,8,-11,7,-9,7,-8,5,-7,5,-5,5,-4,1,-5,-2,-4,-3,-2,-8,-2,-13,-3,-17,-3,-19,-5,-21,-4,-24,-2,-28,-1,-28,-4,-25,-7,-23,-4,-24,0,-27,0,-24,-3,-18,-2"
18.46822214126587,174,"CSI,1456,128,83,49,21,0,-13,9,-7,8,-3,10,-1,13,0,13,1,15,0,17,-4,16,-3,19,0,21,0,22,-3,21,-5,17,-5,15,-5,16,-4,15,-3,11,-1,7,0,7,1,5,2,4,3,4,4,3,4,1,4,-1,1,-1,0,0,0,0,0,0,0,0,0,0,0,0,0,0,0,0,0,0,-3,0,-9,-1,-9,-3,-9,-4,-9,-2,-9,2,-9,2,-9,1,-7,3,-4,5,-3,6,-6,8,-9,8,-10,8,-11,11,-14,15,-17,16,-17,14,-19,13,-22,13,-23,11,-22,12,-25,14,-26,15,-22,13,-20,12,-19,12"
18.523653030395508,175,"CSI,2764,128,75,-79,20,0,-10,-11,-12,-7,-15,-3,-18,0,-19,-1,-19,-3,-24,1,-29,5,-27,3,-25,-1,-22,-4,-21,-4,-20,-6,-18,-7,-15,-4,-13,-3,-11,-3,-9,-1,-8,1,-8,2,-6,2,-3,3,-1,4,-1,5,-3,6,-1,1,0,0,0,0,0,0,0,0,0,0,0,0,0,0,0,0,0,0,1,-2,7,-8,9,-8,10,-6,9,-4,10,-4,8,-4,5,-4,4,-3,2,-2,-3,-5,-4,-9,-3,-10,-3,-10,-7,-13,-8,-17,-9,-22,-10,-24,-6,-25,-4,-25,-3,-25,-2,-24,-1,-24,3,-24,2,-24,-4,-20,-4,-15"
18.5543110370636,176,"CSI,2765,128,75,-79,20,0,0,12,4,12,8,12,8,14,10,16,13,15,17,15,24,16,24,14,20,14,17,16,15,15,15,14,13,14,11,14,10,11,8,10,6,9,7,6,8,2,7,0,5,0,6,0,7,-2,8,-3,2,-1,0,0,0,0,0,0,0,0,0,0,0,0,0,0,0,0,0,0,-3,1,-10,4,-10,2,-12,-1,-12,-4,-10,-4,-9,-3,-5,-3,-2,-3,-1,-2,0,1,-2,5,-3,8,-3,9,-4,11,-6,14,-9,19,-9,22,-10,21,-11,22,-12,22,-13,19,-12,17,-12,16,-14,16,-12,14,-9,9"
18.58513116836548,177,"CSI,1459,128,83,49,21,0,0,7,2,9,3,11,6,13,11,13,15,14,16,16,14,19,16,21,18,21,17,19,15,17,11,16,9,17,10,15,10,12,7,7,4,4,4,3,7,2,8,-1,7,-3,8,-2,9,-3,8,-7,2,-2,0,0,0,0,0,0,0,0,0,0,0,0,0,0,0,0,0,0,-4,0,-14,0,-12,-1,-11,-4,-9,-6,-7,-6,-7,-7,-8,-5,-7,-3,-5,-2,-4,0,-2,4,-3,8,-4,11,-5,14,-6,17,-8,18,-10,18,-13,18,-15,19,-17,20,-16,20,-17,18,-20,15,-21,13,-19,13,-16,14"
18.67192816734314,178,"CSI,1463,128,83,49,21,0,19,3,15,0,13,-4,12,-9,12,-14,12,-17,18,-19,26,-17,27,-18,23,-19,20,-18,19,-15,20,-14,21,-13,18,-10,14,-7,11,-8,9,-9,7,-10,5,-11,4,-12,3,-13,1,-12,2,-11,4,-12,1,-4,0,0,0,0,0,0,0,0,0,0,0,0,0,0,0,0,0,0,2,1,9,5,11,4,9,6,8,8,8,9,8,9,7,8,6,6,6,8,8,9,10,8,10,5,12,1,15,0,19,1,22,2,23,2,24,2,28,2,31,2,31,5,29,9,27,9,26,7,28,7,30,7"
18.730797052383423,179,"CSI,1515,128,83,49,21,0,-12,5,-16,5,-19,5,-18,4,-13,1,-13,2,-11,3,-5,3,-5,1,-6,-1,-5,-1,-3,-1,0,-1,0,0,0,0,-1,2,2,4,3,4,1,6,0,7,1,7,0,6,-1,5,-1,5,-1,3,-1,0,0,0,0,0,0,0,0,0,0,0,0,0,0,0,0,0,0,0,1,-2,5,-3,5,-1,6,-1,6,0,6,0,5,1,3,2,1,1,-1,-1,-1,-2,1,-6,2,-8,2,-8,0,-8,-1,-10,-1,-10,0,-11,-3,-14,-6,-15,-5,-13,-4,-12,-2,-10,-2,-6,-5,0,-6,5,-6,5"
18.774434089660645,180,"CSI,1468,128,83,49,21,0,-6,22,-2,22,1,21,2,19,4,18,5,21,6,21,5,19,3,20,0,23,-4,21,-6,18,-7,19,-7,20,-6,18,-4,15,-4,12,-4,9,-2,9,-1,11,-1,12,-1,12,2,12,3,11,4,11,1,2,0,0,0,0,0,0,0,0,0,0,0,0,0,0,0,0,0,0,0,2,1,11,-1,12,-1,11,-1,10,0,9,2,9,2,9,1,10,1,12,3,15,5,15,3,17,0,18,0,19,1,23,0,25,-1,25,-2,23,-4,24,-6,26,-8,27,-10,27,-10,27,-8,27,-6,26,-4,25"
18.88066792488098,181,"CSI,1472,128,83,49,21,0,-5,-16,-8,-15,-10,-13,-11,-10,-13,-9,-17,-11,-22,-10,-25,-9,-23,-9,-19,-9,-15,-11,-14,-11,-14,-12,-12,-11,-10,-9,-8,-7,-9,-6,-10,-3,-8,-1,-7,1,-9,1,-8,1,-6,1,-5,2,-6,3,-2,1,0,0,0,0,0,0,0,0,0,0,0,0,0,0,0,0,0,0,0,-2,2,-9,4,-11,6,-9,8,-7,8,-5,6,-4,5,-5,3,-8,-2,-8,-6,-8,-6,-10,-6,-12,-7,-15,-6,-19,-4,-20,-1,-20,0,-23,-1,-24,-1,-25,1,-25,4,-22,5,-20,2,-21,0,-21,0,-18,1,-18"
18.980336904525757,182,"CSI,1475,128,83,49,21,0,11,-8,10,-9,8,-13,8,-16,9,-17,8,-20,11,-20,15,-16,15,-18,13,-21,12,-20,10,-18,7,-17,7,-14,4,-12,0,-10,-3,-8,-4,-8,-5,-9,-5,-9,-6,-7,-7,-6,-8,-6,-10,-6,-12,-5,-4,-1,0,0,0,0,0,0,0,0,0,0,0,0,0,0,0,0,0,0,0,3,2,13,-1,13,-4,12,-4,12,-5,10,-6,5,-2,1,1,1,3,1,4,0,8,0,13,0,16,2,20,4,22,4,23,5,24,8,23,11,22,10,22,9,22,11,21,12,18,10,16,5,14,3,13,1"
19.036907196044922,183,"CSI,1527,128,83,49,21,0,-6,-12,-5,-12,-5,-11,-7,-12,-6,-15,-5,-14,-5,-8,-6,-3,-4,-4,0,-7,1,-4,1,0,0,1,-2,2,-2,2,-2,4,-1,7,0,7,-1,6,-2,7,-2,7,0,7,1,5,0,4,-2,2,-1,0,0,0,0,0,0,0,0,0,0,0,0,0,0,0,0,0,0,0,-2,2,-7,8,-7,7,-7,5,-8,5,-6,5,-4,4,-4,3,-5,3,-4,3,-1,1,3,1,5,1,7,3,9,3,10,3,12,3,13,2,12,1,10,1,9,2,8,1,6,-1,6,-1,2,-1,-4,-2,-4,-3"
19.08097219467163,184,"CSI,1479,128,83,49,21,0,9,7,12,6,13,7,16,7,20,6,20,7,20,9,24,9,23,8,20,8,18,9,16,10,14,11,10,8,7,4,5,2,4,-1,3,-4,5,-4,7,-5,5,-7,4,-8,5,-10,7,-10,10,-7,2,-2,0,0,0,0,0,0,0,0,0,0,0,0,0,0,0,0,0,0,-2,1,-7,5,-9,4,-10,2,-9,2,-8,1,-6,1,-6,2,-6,2,-5,3,-4,6,-2,8,0,9,-1,12,-1,15,-1,16,-2,20,-2,21,-4,19,-6,22,-8,23,-8,21,-7,19,-8,18,-6,17,-2,16,2,15"
19.140130043029785,185,"CSI,1530,128,83,49,21,0,4,-19,6,-19,4,-18,3,-17,3,-17,6,-17,7,-11,5,-1,6,0,4,-4,0,-6,-3,-5,-5,-4,-5,-2,-6,0,-9,2,-11,2,-12,1,-11,-2,-11,-3,-12,-2,-12,-1,-11,1,-8,2,-9,2,-3,0,0,0,0,0,0,0,0,0,0,0,0,0,0,0,0,0,0,0,-2,2,-6,8,-5,6,-6,4,-7,4,-6,4,-6,2,-3,2,1,3,3,2,6,-2,6,-2,6,1,9,5,12,7,14,7,15,5,15,6,15,8,16,9,16,8,14,8,11,5,7,1,5,-1,4,-4,4,-7"
19.28656792640686,186,"CSI,1487,128,83,49,21,0,-9,14,-6,11,-3,10,-1,12,-1,14,0,12,-2,12,-4,12,-3,12,-2,13,-2,14,-1,13,-1,12,-2,11,-4,9,-4,8,0,7,2,5,1,3,1,2,1,0,3,1,7,2,8,4,6,7,1,2,0,0,0,0,0,0,0,0,0,0,0,0,0,0,0,0,0,0,-3,-1,-10,0,-9,0,-8,-2,-7,-4,-7,-3,-6,-1,-5,0,-6,1,-6,4,-7,6,-10,8,-14,11,-14,11,-16,9,-19,9,-18,10,-16,9,-13,8,-13,8,-14,7,-14,5,-14,5,-12,6,-9,7,-8,9,-10,10"
19.384783029556274,187,"CSI,1492,128,83,49,21,0,3,7,3,10,2,10,-1,9,-2,10,-3,11,-1,9,3,4,3,5,2,7,2,7,2,6,2,6,0,6,-2,7,0,7,1,4,-1,2,-1,2,-1,0,-2,-1,-2,0,-3,1,-5,2,-5,1,-2,0,0,0,0,0,0,0,0,0,0,0,0,0,0,0,0,0,0,0,2,-1,8,-2,7,-2,6,-1,5,1,4,1,4,0,4,3,5,5,5,6,5,9,5,12,4,12,5,13,7,15,8,15,7,15,7,13,7,10,8,8,7,8,5,7,4,7,5,7,6,5,6,3,4,3"
19.596927165985107,188,"CSI,1499,128,83,49,21,0,-13,2,-9,0,-8,-1,-9,-3,-6,-7,-4,-10,-2,-12,0,-10,-5,-11,-10,-13,-10,-14,-10,-13,-10,-10,-11,-9,-9,-8,-8,-6,-9,-7,-9,-8,-6,-6,-1,-4,0,-4,0,-5,-1,-4,-1,-4,-2,-6,-1,-2,0,0,0,0,0,0,0,0,0,0,0,0,0,0,0,0,0,0,-1,1,-4,6,-5,6,-6,5,-5,3,-4,1,-4,0,-5,-2,-7,-2,-8,0,-8,1,-8,-1,-8,-4,-8,-5,-10,-4,-11,-6,-10,-7,-9,-6,-10,-7,-11,-10,-13,-10,-15,-8,-14,-5,-14,-1,-15,2,-15,3,-15,2"
20.00320601463318,189,"CSI,1515,128,83,49,21,0,4,-12,4,-12,5,-11,2,-10,0,-10,3,-12,0,-14,-7,-13,-6,-11,-2,-10,-1,-10,-1,-8,0,-7,-1,-6,-3,-5,-4,-5,-5,-7,-6,-6,-6,-4,-6,-3,-5,-3,-4,-3,-5,1,-4,4,-2,4,-1,0,0,0,0,0,0,0,0,0,0,0,0,0,0,0,0,0,0,0,-1,1,-2,7,-5,8,-5,6,-4,4,-4,2,-4,1,-3,0,0,-1,4,-1,6,0,9,0,12,0,13,0,13,1,13,2,14,4,13,7,13,10,13,9,12,7,11,10,8,12,6,6,4,1,3,-1,2,-4"
20.10516095161438,190,"CSI,1519,128,83,49,21,0,7,-6,8,-8,6,-9,1,-10,-3,-12,-5,-13,0,-13,7,-14,7,-17,3,-17,0,-17,-2,-16,-1,-15,0,-14,1,-12,1,-7,0,-3,-2,-3,-4,-3,-5,-2,-5,-1,-4,1,-4,3,-7,3,-9,2,-3,0,0,0,0,0,0,0,0,0,0,0,0,0,0,0,0,0,0,0,-1,0,-5,4,-5,6,-6,4,-6,4,-4,5,-1,2,0,-1,1,-1,3,-1,7,0,10,0,11,-1,14,-2,15,1,15,4,16,5,14,9,13,9,15,9,16,10,14,7,11,6,8,6,8,4,6,2,3,0"
20.31219506263733,191,"CSI,1528,128,83,49,21,0,-3,-12,-5,-7,-7,-4,-7,-2,-8,3,-11,8,-14,12,-19,16,-19,18,-17,19,-14,16,-13,13,-15,14,-17,15,-18,12,-16,10,-11,8,-7,6,-6,5,-4,3,-1,1,4,0,7,0,7,-1,7,-1,2,-1,0,0,0,0,0,0,0,0,0,0,0,0,0,0,0,0,0,0,1,0,6,0,6,-1,7,-2,9,-2,10,0,10,2,9,3,10,3,10,2,9,3,7,3,4,1,-1,-2,-5,-4,-6,-7,-6,-12,-6,-16,-6,-18,-7,-19,-7,-21,-5,-25,-4,-28,-7,-28,-6,-29,-3,-27,-5,-21"
20.41328501701355,192,"CSI,1531,128,83,49,21,0,7,-4,1,-5,-4,-5,-10,-3,-14,0,-16,2,-14,2,-10,4,-13,3,-16,-3,-16,-5,-14,-5,-13,-5,-11,-4,-8,-2,-6,-1,-5,0,-4,1,-2,3,3,4,7,3,6,3,6,3,7,3,8,4,2,1,0,0,0,0,0,0,0,0,0,0,0,0,0,0,0,0,0,0,0,1,1,6,-1,6,-4,7,-6,10,-6,9,-5,7,-6,7,-6,5,-5,5,-5,4,-3,2,0,-1,3,-3,5,-4,9,-4,12,-5,14,-7,16,-9,17,-10,18,-11,18,-13,18,-14,18,-12,20,-13,20,-13,18,-10"
20.514057159423828,193,"CSI,1535,128,83,49,21,0,-8,3,-5,3,-2,6,1,7,4,6,6,6,8,5,11,4,13,4,12,4,11,4,9,7,9,8,9,6,7,6,5,4,3,0,2,-1,0,-1,0,-4,1,-6,1,-5,-1,-5,-3,-6,-3,-9,-1,-3,0,0,0,0,0,0,0,0,0,0,0,0,0,0,0,0,0,0,0,-1,1,-5,2,-8,4,-11,4,-11,3,-9,4,-7,3,-6,2,-6,4,-2,2,1,-3,1,-5,1,-6,0,-8,0,-10,0,-14,2,-16,2,-18,1,-19,3,-21,3,-22,2,-23,2,-20,3,-17,2,-16,-1,-16,-1"
20.616913080215454,194,"CSI,1540,128,83,49,21,0,-4,0,-2,3,1,4,4,2,6,3,10,6,7,7,3,7,7,10,11,11,11,10,10,9,10,7,9,5,8,4,6,5,4,4,2,2,1,2,-1,1,-2,-1,-3,-3,-4,-4,-5,-6,-5,-7,-2,-2,0,0,0,0,0,0,0,0,0,0,0,0,0,0,0,0,0,0,2,0,8,0,6,-1,5,-1,8,0,9,2,6,3,5,3,6,2,6,1,3,3,-1,3,-4,3,-5,3,-7,0,-12,-3,-15,-5,-16,-7,-14,-8,-14,-7,-17,-7,-21,-11,-22,-12,-21,-11,-21,-9,-20,-5,-18,-2"
20.72018313407898,195,"CSI,1544,128,83,49,21,0,1,6,2,8,5,7,8,4,10,5,12,7,13,6,12,7,14,6,16,3,15,3,14,2,14,0,11,0,8,2,5,1,2,-1,0,-1,0,0,-1,-3,-3,-5,-4,-4,-3,-4,-4,-6,-7,-7,-2,-2,0,0,0,0,0,0,0,0,0,0,0,0,0,0,0,0,0,0,-1,-3,-3,-11,-3,-11,-1,-10,2,-10,1,-10,2,-9,3,-6,4,-2,2,2,0,3,-2,3,-3,5,-7,7,-11,10,-15,11,-18,10,-18,10,-19,10,-20,10,-19,7,-18,5,-18,6,-14,7,-13,8,-12,5,-8,3"
20.750039100646973,196,"CSI,2767,128,77,-47,20,0,-5,7,-3,6,0,6,3,7,7,6,10,6,12,11,12,16,14,15,15,11,15,8,14,7,11,7,7,8,5,7,3,3,1,1,1,3,2,1,2,-3,0,-4,1,-4,2,-6,0,-7,-2,-7,-1,-2,0,0,0,0,0,0,0,0,0,0,0,0,0,0,0,0,0,0,-2,-3,-3,-11,1,-10,4,-11,5,-10,6,-6,6,-4,4,-3,2,-2,-1,-2,-3,1,-4,4,-5,5,-8,6,-12,5,-15,5,-17,5,-18,5,-20,4,-19,4,-18,4,-21,4,-20,3,-17,4,-16,7,-12,6,-6,4"
20.823041200637817,197,"CSI,1547,128,83,49,21,0,4,7,4,3,5,-2,7,-8,8,-12,9,-13,11,-12,14,-12,12,-13,11,-14,13,-13,12,-11,10,-10,9,-9,6,-7,4,-6,4,-4,1,-3,-4,-2,-6,-2,-6,-2,-7,-1,-7,1,-8,0,-9,0,-3,0,0,0,0,0,0,0,0,0,0,0,0,0,0,0,0,0,0,0,-2,-3,-8,-9,-8,-7,-7,-7,-5,-8,-2,-8,0,-6,2,-5,1,-3,-2,-1,-2,0,-1,3,0,7,0,9,2,10,1,12,-4,16,-7,17,-5,15,-4,16,-4,20,-5,22,-5,21,-4,19,-4,14,-3,11,1,9"
20.926019191741943,198,"CSI,1552,128,83,49,21,0,3,-5,2,-8,-1,-11,-4,-14,-8,-14,-12,-12,-12,-14,-8,-19,-9,-20,-13,-18,-13,-16,-12,-16,-10,-15,-7,-13,-6,-10,-3,-5,-2,-1,-3,1,-3,3,-3,5,-4,6,-4,7,-2,7,-1,7,0,7,0,1,0,0,0,0,0,0,0,0,0,0,0,0,0,0,0,0,0,0,-1,2,-3,9,-5,8,-8,7,-8,5,-6,4,-6,2,-5,0,-4,-1,-1,-1,0,-3,3,-6,7,-5,12,-4,14,-4,15,-2,16,1,16,1,18,1,20,2,21,3,23,3,21,4,18,5,17,3,16,-1,15,-3"
21.027209043502808,199,"CSI,1556,128,83,49,21,0,-4,1,-6,1,-10,0,-14,-1,-16,0,-15,1,-15,4,-18,8,-16,7,-13,6,-10,8,-7,5,-7,2,-9,0,-8,-2,-6,-2,-4,-2,-1,-2,2,-2,4,-3,5,-4,4,-6,3,-8,3,-8,5,-8,1,-2,0,0,0,0,0,0,0,0,0,0,0,0,0,0,0,0,0,0,-2,-2,-5,-9,-3,-11,-1,-11,-1,-9,0,-8,1,-8,1,-5,2,-3,5,-1,8,2,9,5,9,5,10,4,13,5,13,8,12,11,12,13,12,14,13,13,14,9,14,10,15,10,13,8,9,5,7,2,8,-2"
21.129956007003784,200,"CSI,1559,128,83,49,21,0,-8,9,-6,12,-3,11,1,12,4,15,5,16,2,19,-2,23,1,22,7,20,7,16,4,13,0,14,-1,13,0,11,-1,9,-1,6,5,3,7,0,5,-1,2,0,1,1,2,0,5,-1,5,0,1,0,0,0,0,0,0,0,0,0,0,0,0,0,0,0,0,0,0,0,-2,-3,-7,-10,-8,-9,-7,-9,-6,-11,-5,-13,-4,-11,-3,-10,-2,-9,0,-5,0,-2,-2,0,-4,3,-5,8,-7,9,-12,8,-18,9,-19,11,-20,10,-23,8,-27,5,-28,3,-26,2,-22,0,-20,0,-20,1,-20,3"
21.18661403656006,201,"CSI,1611,128,83,49,21,0,8,13,5,12,3,12,2,12,3,11,3,11,3,11,7,7,5,3,2,2,2,4,1,4,1,1,2,0,4,0,6,-1,5,-3,8,-3,11,0,9,1,6,1,6,2,7,3,6,3,4,2,1,0,0,0,0,0,0,0,0,0,0,0,0,0,0,0,0,0,0,0,-2,-1,-6,-3,-6,-1,-6,-2,-5,-4,-5,-5,-6,-5,-5,-5,-5,-2,-5,1,-4,3,-5,4,-7,3,-8,5,-7,6,-7,7,-8,7,-10,6,-12,6,-12,7,-11,6,-10,5,-6,5,-3,6,-2,7,0,7,3,6"
21.236686944961548,202,"CSI,1564,128,83,49,21,0,-13,-12,-14,-9,-15,-7,-18,-8,-17,-8,-16,-6,-16,-3,-14,-3,-15,-4,-19,-4,-19,-4,-15,-4,-12,-5,-10,-5,-8,-3,-8,-1,-8,-1,-8,0,-7,1,-8,1,-7,2,-5,3,-5,2,-5,0,-4,0,-1,0,0,0,0,0,0,0,0,0,0,0,0,0,0,0,0,0,0,0,-1,-4,-2,-12,-1,-11,2,-10,4,-10,4,-12,3,-9,1,-5,1,-3,2,-3,-1,-4,-5,-6,-8,-8,-11,-11,-13,-12,-15,-15,-15,-20,-11,-22,-10,-22,-8,-24,-6,-24,-6,-24,-7,-22,-8,-17,-8,-14,-9,-15,-11,-14"
21.335171222686768,203,"CSI,1567,128,83,49,21,0,7,-8,4,-7,0,-9,-3,-11,-5,-14,-7,-15,-6,-17,-5,-21,-9,-20,-11,-17,-7,-15,-7,-12,-9,-11,-10,-11,-9,-11,-6,-10,-4,-8,-6,-6,-5,-4,-4,0,-4,1,-5,0,-5,0,-6,2,-7,5,-2,1,0,0,0,0,0,0,0,0,0,0,0,0,0,0,0,0,0,0,0,1,4,5,7,6,8,7,6,8,5,9,3,8,1,6,1,5,1,4,1,3,2,3,4,-1,7,-5,8,-7,10,-10,11,-11,12,-11,14,-10,17,-8,18,-6,17,-6,17,-8,17,-9,17,-7,13,-5,9,-6"
21.436712980270386,204,"CSI,1571,128,83,49,21,0,2,4,4,2,5,-4,6,-7,9,-6,13,-6,13,-8,14,-4,16,-2,15,-6,12,-10,11,-11,10,-11,9,-7,8,-6,5,-5,2,-3,0,0,-3,2,-5,1,-7,2,-8,3,-7,4,-4,6,-3,6,-1,1,0,0,0,0,0,0,0,0,0,0,0,0,0,0,0,0,0,0,2,-2,9,-6,8,-2,8,-1,7,1,8,3,8,3,7,2,5,2,3,1,2,0,-1,2,-7,3,-12,1,-14,1,-15,1,-18,2,-21,2,-22,-2,-23,-4,-23,-3,-21,-2,-19,-3,-14,-4,-12,-2,-11,0,-9,4"
21.64168620109558,205,"CSI,1579,128,83,49,21,0,-3,8,-2,8,0,13,3,15,6,14,6,14,5,14,4,12,2,13,-1,15,0,14,1,12,2,11,2,10,3,7,2,4,2,2,4,1,5,1,6,1,8,1,8,0,6,-3,5,-5,4,-4,0,-1,0,0,0,0,0,0,0,0,0,0,0,0,0,0,0,0,0,0,-1,-1,-4,-5,-6,-8,-7,-9,-8,-8,-6,-8,-4,-8,-4,-5,-4,-3,-5,-1,-7,-1,-8,1,-10,4,-13,6,-16,6,-18,6,-20,8,-21,7,-19,5,-19,4,-24,3,-26,2,-26,2,-23,1,-19,-2,-15,-3,-14,-1"
21.745192050933838,206,"CSI,1584,128,83,49,21,0,-9,3,-7,6,-4,8,0,12,2,15,-2,14,-7,14,-10,15,-10,17,-7,19,-5,16,-6,13,-5,11,-7,8,-9,6,-6,5,0,3,4,1,6,1,6,2,4,2,4,1,5,2,6,1,7,1,2,0,0,0,0,0,0,0,0,0,0,0,0,0,0,0,0,0,0,0,0,-2,2,-8,2,-10,2,-12,2,-10,2,-7,2,-8,1,-7,0,-4,2,-3,0,-2,-5,-1,-10,0,-11,-2,-11,-4,-15,-3,-18,-3,-19,-6,-20,-8,-23,-8,-24,-8,-22,-9,-22,-10,-21,-12,-19,-13,-17,-10,-15,-5"
21.84487295150757,207,"CSI,1587,128,83,49,21,0,10,0,10,-2,10,-5,8,-8,7,-9,9,-11,9,-11,7,-6,7,-6,10,-8,12,-8,12,-7,9,-5,6,-6,3,-7,2,-6,0,-5,-1,-6,0,-9,0,-9,0,-6,-1,-3,-2,-4,-1,-4,0,-2,0,-1,0,0,0,0,0,0,0,0,0,0,0,0,0,0,0,0,0,0,1,1,6,6,6,7,4,8,2,9,0,7,0,6,1,4,3,1,4,-2,5,-2,8,-1,10,0,11,-3,13,-5,15,-3,16,-1,16,1,17,3,18,4,19,3,20,3,19,6,18,7,16,7,15,6,16,4"
21.94851517677307,208,"CSI,1591,128,83,49,21,0,12,1,12,-1,14,-4,12,-7,11,-8,12,-9,15,-11,18,-10,19,-12,17,-13,15,-10,13,-8,13,-8,12,-6,8,-3,5,-4,4,-5,4,-7,4,-7,2,-6,1,-6,2,-6,2,-5,1,-5,-2,-5,-1,-2,0,0,0,0,0,0,0,0,0,0,0,0,0,0,0,0,0,0,0,2,-1,8,-2,5,-1,5,-1,7,-1,5,-2,3,-1,3,2,3,4,2,5,1,5,1,7,3,13,3,17,2,20,4,22,8,20,10,19,9,18,11,17,13,16,14,16,12,14,9,14,5,15,2,13,3"
22.054051160812378,209,"CSI,1595,128,83,49,21,0,-9,-2,-8,3,-7,7,-7,10,-7,12,-8,16,-11,16,-11,14,-10,15,-10,17,-11,17,-9,17,-8,16,-7,11,-6,9,-4,9,-3,8,-1,6,1,4,3,3,5,1,6,-1,6,-1,6,0,6,-1,1,-1,0,0,0,0,0,0,0,0,0,0,0,0,0,0,0,0,0,0,2,-2,10,-5,11,-4,10,-2,9,-2,7,-1,5,2,4,2,4,-1,2,-1,-2,-1,-7,-3,-9,-6,-11,-8,-13,-10,-13,-14,-13,-15,-13,-15,-12,-16,-11,-19,-11,-22,-13,-23,-13,-22,-11,-20,-12,-16,-12,-14,-11,-12"
22.155066967010498,210,"CSI,2768,128,75,-79,20,0,-7,-10,-11,-8,-12,-5,-14,-4,-17,-5,-17,-5,-17,-6,-18,-7,-19,-5,-20,-4,-19,-3,-18,-1,-16,-1,-13,-4,-10,-3,-7,0,-5,4,-5,6,-5,5,-3,4,-1,5,0,6,1,5,1,4,2,6,0,1,0,0,0,0,0,0,0,0,0,0,0,0,0,0,0,0,0,0,0,1,4,7,3,8,2,8,1,7,1,7,1,7,2,7,1,5,0,2,-1,0,-2,-2,0,-6,5,-11,8,-15,11,-16,13,-18,13,-17,14,-16,14,-18,16,-17,18,-14,17,-13,14,-13,11,-12,9,-12,10,-10"
22.184485912322998,211,"CSI,2769,128,75,-79,20,0,4,-5,4,-7,3,-9,3,-12,4,-15,4,-17,3,-14,2,-10,1,-13,2,-18,4,-17,4,-14,2,-11,0,-10,-1,-10,0,-10,0,-6,-4,-4,-6,-3,-5,-1,-5,-2,-6,0,-7,5,-7,6,-7,4,-2,0,0,0,0,0,0,0,0,0,0,0,0,0,0,0,0,0,0,0,-4,2,-13,7,-12,4,-12,2,-10,1,-7,0,-5,-1,-4,1,-3,4,0,5,4,5,7,4,7,5,8,7,8,10,10,14,13,14,13,12,15,15,18,17,18,18,16,17,13,18,9,18,7,15,7,11,7,9"
22.257045030593872,212,"CSI,1603,128,83,49,21,0,2,8,5,6,5,8,7,9,10,10,11,11,12,14,13,15,14,13,15,12,15,13,14,11,12,8,9,9,6,8,4,6,3,4,4,2,4,-3,4,-4,3,-2,2,-2,2,-4,3,-5,2,-5,0,-2,0,0,0,0,0,0,0,0,0,0,0,0,0,0,0,0,0,0,-3,-2,-11,-6,-9,-6,-8,-6,-6,-7,-4,-6,-4,-5,-1,-4,-1,-3,-4,0,-5,3,-4,7,-3,11,-4,13,-7,11,-9,13,-12,16,-14,18,-14,18,-15,20,-17,18,-17,14,-16,13,-16,12,-17,12,-15,13,-12,15"
22.35792899131775,213,"CSI,1607,128,83,49,21,0,6,7,6,2,7,-3,7,-6,8,-9,10,-11,11,-16,10,-21,9,-21,6,-18,6,-14,8,-11,9,-10,9,-9,8,-6,6,-5,5,-5,4,-3,1,-2,-1,-2,-3,-1,-3,1,-3,2,-4,3,-6,2,-2,0,0,0,0,0,0,0,0,0,0,0,0,0,0,0,0,0,0,0,-2,-1,-8,-3,-9,-4,-8,-5,-8,-6,-5,-6,-3,-6,-2,-5,-2,-3,-1,-4,1,-2,2,1,3,3,4,7,4,9,4,12,5,18,6,21,5,22,6,23,7,24,5,23,2,22,1,20,2,18,3,14,3,10"
22.462043046951294,214,"CSI,1611,128,83,49,21,0,8,-8,6,-11,3,-12,0,-12,-3,-12,-5,-14,-5,-17,-5,-22,-6,-24,-5,-22,-5,-21,-3,-19,-1,-16,-1,-14,2,-14,4,-13,3,-9,0,-7,-3,-5,-4,-4,-4,-3,-4,-2,-6,1,-6,3,-5,5,-1,1,0,0,0,0,0,0,0,0,0,0,0,0,0,0,0,0,0,0,2,1,9,6,7,7,5,9,4,9,1,9,-1,8,-2,6,0,1,-1,-3,-2,-4,0,-4,5,-5,7,-6,8,-6,10,-6,12,-9,14,-12,13,-12,14,-10,19,-9,21,-7,20,-7,17,-8,17,-7,19,-6,19,-8"
22.563374280929565,215,"CSI,1616,128,83,49,21,0,8,0,10,-1,12,-2,11,-6,10,-9,10,-11,10,-9,11,-7,15,-10,17,-13,16,-12,14,-12,13,-10,11,-7,7,-5,7,-2,7,0,3,-1,-1,-3,-1,-4,-1,-3,-2,-2,-3,-1,-5,1,-4,3,-1,0,0,0,0,0,0,0,0,0,0,0,0,0,0,0,0,0,0,0,-3,0,-10,-1,-11,-3,-11,-4,-9,-4,-7,-5,-5,-7,-3,-7,1,-6,1,-3,0,2,2,6,6,8,7,8,7,10,6,14,6,17,6,17,6,18,3,19,3,18,5,18,3,17,2,16,4,16,4,12,5,8"
22.666725873947144,216,"CSI,1620,128,83,49,21,0,1,-8,-3,-6,-8,-4,-8,-5,-10,-5,-14,-5,-15,-5,-14,-9,-18,-10,-20,-10,-19,-10,-18,-9,-17,-10,-13,-11,-7,-11,-5,-9,-5,-6,-4,-4,-4,0,-3,1,-1,1,-2,1,-3,2,-2,4,0,5,0,1,0,0,0,0,0,0,0,0,0,0,0,0,0,0,0,0,0,0,1,0,7,3,8,6,8,7,7,6,6,3,5,3,3,4,3,2,2,-1,2,-4,1,-9,-1,-10,0,-10,3,-11,3,-13,4,-16,6,-17,6,-18,5,-20,5,-21,5,-19,7,-16,8,-16,9,-18,9,-18,8,-18"
22.749688863754272,217,"CSI,2770,128,77,-47,20,0,11,-8,8,-7,5,-10,2,-11,-1,-10,-4,-12,-4,-13,-3,-11,-2,-13,-2,-19,0,-19,0,-17,2,-16,2,-14,1,-15,2,-15,3,-10,2,-6,3,-5,4,-5,2,-2,1,0,-2,0,-5,2,-5,3,-2,1,0,0,0,0,0,0,0,0,0,0,0,0,0,0,0,0,0,0,2,1,7,3,5,3,6,3,6,3,4,2,3,3,4,3,3,-1,4,-3,5,-4,3,-4,5,-5,11,-5,12,-4,11,-6,12,-9,13,-7,15,-5,15,-6,14,-8,14,-7,16,-8,17,-10,16,-11,19,-10,19,-10"
22.78159499168396,218,"CSI,2771,128,77,-47,20,0,-9,-14,-6,-7,-6,-4,-11,-4,-13,-4,-13,-3,-15,-4,-19,-5,-22,-2,-23,0,-21,-2,-20,-1,-17,0,-16,-2,-16,-6,-14,-7,-9,-6,-7,-3,-7,-2,-5,-2,-2,-1,-1,-1,-1,-1,-1,1,-2,3,-1,1,0,0,0,0,0,0,0,0,0,0,0,0,0,0,0,0,0,0,1,-2,5,-5,6,-5,7,-5,7,-5,8,-4,6,-2,5,-2,4,-5,2,-4,0,-3,-2,-4,-1,-5,0,-7,-1,-10,-1,-12,-1,-15,-1,-17,-2,-17,-5,-18,-6,-20,-3,-21,-2,-23,-3,-24,-6,-22,-3,-20,-2,-17"
22.875638008117676,219,"CSI,1628,128,83,49,21,0,-5,-17,-5,-16,-7,-10,-10,-9,-12,-10,-13,-9,-12,-13,-12,-20,-16,-19,-16,-15,-14,-13,-12,-14,-9,-15,-6,-15,-4,-15,-3,-14,-2,-12,-4,-11,-4,-8,-3,-5,-3,-4,-3,-3,-3,-1,-6,0,-8,0,-2,0,0,0,0,0,0,0,0,0,0,0,0,0,0,0,0,0,0,0,0,-4,2,-14,2,-12,2,-10,3,-10,2,-9,0,-5,1,-3,1,-3,-1,-2,-2,-3,-5,-6,-9,-8,-8,-10,-8,-12,-9,-14,-9,-16,-8,-16,-8,-17,-6,-20,-5,-19,-3,-18,-2,-18,-3,-17,-2,-17,-2,-15,-4,-12"
22.971559047698975,220,"CSI,1632,128,83,49,21,0,-3,15,-2,12,0,9,2,7,5,5,10,4,13,8,14,15,14,15,15,10,14,9,15,7,14,7,10,10,9,10,8,10,7,8,7,4,6,3,3,4,2,3,2,1,2,-2,1,-4,1,-4,0,-1,0,0,0,0,0,0,0,0,0,0,0,0,0,0,0,0,0,0,-3,0,-9,2,-9,3,-7,3,-8,1,-8,-1,-7,0,-7,3,-8,4,-9,3,-6,2,-3,5,-3,8,-2,9,-2,9,0,9,-1,10,-2,12,-1,13,-3,15,-5,16,-6,16,-7,18,-5,20,-1,21,-2,20,-6,19"
23.078538179397583,221,"CSI,1636,128,83,49,21,0,2,-15,0,-13,-2,-11,-4,-9,-8,-8,-14,-9,-15,-11,-12,-15,-14,-20,-18,-23,-19,-22,-14,-19,-10,-16,-7,-14,-4,-14,-3,-13,-4,-11,-5,-9,-5,-5,-5,-3,-6,-2,-6,0,-6,2,-7,2,-8,2,-2,0,0,0,0,0,0,0,0,0,0,0,0,0,0,0,0,0,0,0,1,-2,4,-5,6,-5,8,-6,10,-7,9,-8,8,-7,6,-7,4,-8,3,-6,3,-6,3,-7,2,-9,0,-11,0,-15,-1,-16,-4,-15,-7,-17,-6,-21,-2,-23,0,-22,0,-23,-1,-23,-1,-25,-1,-30,0,-33,1,-35"
23.17868185043335,222,"CSI,1639,128,83,49,21,0,4,0,1,-2,-1,-6,-1,-11,-3,-12,-5,-12,-8,-16,-13,-20,-15,-20,-13,-20,-8,-20,-5,-18,-6,-16,-7,-15,-6,-12,-6,-9,-4,-6,-3,-3,-3,-1,-4,0,-3,2,-1,4,1,5,3,5,2,7,0,2,0,0,0,0,0,0,0,0,0,0,0,0,0,0,0,0,0,0,-2,0,-7,-2,-7,-6,-5,-7,-5,-7,-4,-5,-2,-3,0,-2,-1,-2,-1,-3,2,-2,5,0,7,2,7,5,7,7,7,8,9,10,12,12,13,13,14,15,16,17,14,16,12,12,13,10,13,9,12,8,11,9"
23.280487060546875,223,"CSI,1643,128,83,49,21,0,-9,8,-3,6,1,5,4,4,5,7,7,11,8,16,9,21,10,20,11,18,10,16,9,15,9,14,6,12,3,12,2,11,1,6,1,0,2,-2,1,-3,1,-4,3,-5,5,-5,5,-6,5,-7,1,-2,0,0,0,0,0,0,0,0,0,0,0,0,0,0,0,0,0,0,-2,-2,-6,-7,-5,-8,-3,-8,-2,-6,-1,-7,-1,-8,-2,-6,-4,-3,-3,-2,-2,2,-2,6,-2,5,-6,4,-9,4,-12,5,-14,8,-15,10,-14,12,-13,13,-15,12,-18,10,-19,8,-19,10,-21,12,-20,11,-17,10"
23.381799936294556,224,"CSI,1648,128,83,49,21,0,4,-3,4,-9,2,-10,-1,-11,-3,-13,-5,-15,-4,-14,0,-11,1,-14,0,-17,-2,-16,-2,-17,0,-18,0,-13,1,-9,3,-8,1,-6,-1,-2,0,0,2,0,1,-1,-3,0,-6,4,-5,5,-4,6,-1,1,0,0,0,0,0,0,0,0,0,0,0,0,0,0,0,0,0,0,-2,1,-7,5,-7,5,-5,3,-3,1,-3,0,-3,0,-3,1,0,-1,3,-1,6,0,6,-2,7,-3,8,-3,8,-1,10,1,10,1,10,0,14,1,16,5,15,5,14,5,14,5,13,4,11,5,10,4,11,3"
23.79043197631836,225,"CSI,1664,128,83,49,21,0,12,14,10,13,7,13,6,13,2,13,-3,12,-7,8,-12,4,-13,7,-11,11,-11,14,-9,15,-8,14,-9,12,-7,10,-6,9,-6,6,-5,2,-4,2,-4,2,-4,2,-3,1,-4,-2,-7,-4,-8,-4,-2,-1,0,0,0,0,0,0,0,0,0,0,0,0,0,0,0,0,0,0,0,-2,3,-4,5,-2,7,0,9,0,9,0,7,1,5,4,7,4,9,3,9,4,10,4,9,3,9,3,8,3,6,5,2,6,1,7,3,10,4,13,3,14,3,15,6,15,6,14,7,14,9,16,11,16"
24.168238878250122,226,"CSI,2773,128,75,-79,20,0,-2,1,-1,2,1,5,3,8,4,10,7,12,5,11,1,6,-1,8,-2,12,-1,11,2,9,1,7,-1,4,-1,2,1,-1,0,-4,-2,-5,-2,-2,0,-2,1,-3,1,-4,-1,-7,-2,-9,-1,-9,-1,-2,0,0,0,0,0,0,0,0,0,0,0,0,0,0,0,0,0,0,1,0,7,0,8,0,8,0,6,0,4,1,3,0,1,0,0,-1,0,-1,0,-3,-3,-6,-7,-7,-9,-9,-10,-11,-10,-12,-11,-11,-13,-10,-12,-12,-12,-13,-13,-16,-12,-18,-9,-16,-6,-13,-6,-11,-7,-7,-11,-1"
24.198817014694214,227,"CSI,2774,128,75,-79,20,0,0,0,0,3,-4,6,-5,9,-6,10,-7,10,-9,8,-16,5,-16,7,-12,10,-10,10,-11,7,-10,6,-7,5,-4,4,-3,2,-1,3,1,3,2,2,3,2,5,1,6,0,7,0,7,-1,7,-2,1,-1,0,0,0,0,0,0,0,0,0,0,0,0,0,0,0,0,0,0,1,0,7,0,8,-1,6,-3,3,-3,4,-2,4,-1,2,-1,-1,0,-2,-1,0,-3,-2,-3,-6,-4,-8,-8,-8,-10,-9,-11,-9,-12,-9,-13,-10,-14,-8,-15,-5,-17,-3,-17,-3,-15,-4,-14,-4,-13,-4,-8,-3,-4"
24.228361129760742,228,"CSI,1680,128,83,49,21,0,-6,1,-5,4,-5,9,-7,10,-9,7,-10,8,-9,9,-9,5,-11,6,-14,7,-15,7,-13,7,-11,6,-9,3,-7,4,-4,6,1,4,4,3,5,2,5,1,4,1,7,1,8,1,8,2,8,1,1,0,0,0,0,0,0,0,0,0,0,0,0,0,0,0,0,0,0,0,1,-2,7,-6,6,-5,5,-2,5,-3,6,-3,7,-4,6,-5,5,-4,3,-4,1,-5,-2,-7,-4,-9,-7,-11,-10,-11,-11,-12,-11,-16,-10,-17,-10,-16,-10,-16,-8,-19,-6,-21,-4,-22,-3,-20,-4,-16,-5,-12,-5,-10"
24.304054021835327,229,"CSI,1683,128,83,49,21,0,-9,4,-5,5,-2,6,0,8,3,9,5,10,4,11,1,11,-1,13,0,14,3,13,4,13,3,13,2,12,3,9,2,6,0,4,-1,3,1,0,2,1,3,0,4,-2,3,-5,4,-6,6,-3,2,-1,0,0,0,0,0,0,0,0,0,0,0,0,0,0,0,0,0,0,-1,-2,-5,-7,-6,-8,-8,-7,-8,-8,-7,-11,-7,-12,-6,-8,-5,-6,-4,-7,-3,-6,-3,-1,-5,0,-8,0,-11,3,-11,5,-14,6,-19,5,-23,6,-24,6,-22,4,-22,0,-23,-1,-20,0,-18,4,-17,5,-14,2"
24.40733289718628,230,"CSI,1688,128,83,49,21,0,3,-11,-2,-9,-8,-6,-11,-2,-12,0,-15,0,-16,1,-14,3,-16,5,-20,4,-23,1,-24,0,-20,0,-14,1,-13,3,-11,5,-10,4,-7,4,-4,5,-1,6,3,5,4,5,3,6,3,6,3,8,0,2,0,0,0,0,0,0,0,0,0,0,0,0,0,0,0,0,0,0,0,0,2,3,1,6,1,9,2,10,2,9,2,8,1,8,-1,10,-2,9,-3,6,-3,-1,-1,-6,2,-7,4,-6,3,-9,4,-12,8,-14,14,-16,17,-18,19,-19,21,-19,19,-18,16,-17,15,-19,15,-18,15,-14"
24.510486125946045,231,"CSI,1692,128,83,49,21,0,-12,11,-7,14,-3,15,-1,14,1,18,3,24,5,27,6,29,4,26,1,22,0,22,-1,22,-4,21,-5,19,-3,15,-2,10,-2,7,1,5,4,5,7,7,8,7,8,4,8,3,8,4,9,5,2,1,0,0,0,0,0,0,0,0,0,0,0,0,0,0,0,0,0,0,-3,0,-9,1,-10,-1,-11,-4,-11,-4,-10,-3,-10,-3,-11,-4,-12,-3,-12,-3,-10,-2,-9,0,-10,3,-12,5,-11,7,-13,9,-17,12,-18,15,-19,14,-23,15,-27,16,-28,16,-27,13,-27,10,-26,8,-26,8,-25,7"
24.61140513420105,232,"CSI,1696,128,83,49,21,0,6,1,4,-4,6,-7,7,-9,5,-12,4,-13,0,-16,-4,-21,-2,-21,0,-16,2,-13,4,-11,3,-10,3,-13,5,-12,4,-8,1,-6,0,-5,-2,-3,-3,0,-3,0,-5,1,-5,2,-3,3,-4,4,-2,1,0,0,0,0,0,0,0,0,0,0,0,0,0,0,0,0,0,0,-2,-1,-8,-5,-7,-7,-7,-5,-10,-2,-12,-1,-10,-2,-8,-3,-7,-3,-5,-4,-4,-1,-2,4,0,6,3,7,4,10,5,14,7,17,7,19,9,20,11,22,10,24,8,25,6,25,7,22,6,20,5,16,6,11"
24.71605896949768,233,"CSI,1699,128,83,49,21,0,-5,16,-1,13,4,12,9,11,13,11,16,12,16,15,13,18,15,21,17,19,16,16,16,16,14,16,9,14,7,10,8,6,8,4,8,1,8,1,7,0,5,-4,6,-7,7,-6,5,-5,2,-8,0,-3,0,0,0,0,0,0,0,0,0,0,0,0,0,0,0,0,0,0,-2,-1,-9,-3,-10,-3,-10,-3,-11,-4,-12,-6,-11,-8,-10,-9,-11,-7,-11,-6,-9,-6,-7,-4,-6,-1,-6,3,-6,7,-8,12,-11,17,-13,20,-14,22,-17,23,-21,21,-23,19,-23,18,-22,16,-22,17,-21,18,-19,15"
24.816354036331177,234,"CSI,1704,128,83,49,21,0,15,5,16,0,15,-3,13,-7,13,-14,15,-19,17,-17,21,-11,25,-11,24,-14,22,-13,20,-11,18,-10,17,-10,15,-9,12,-5,10,-4,6,-8,4,-8,3,-7,2,-7,1,-7,-1,-8,-2,-8,-2,-8,-1,-3,0,0,0,0,0,0,0,0,0,0,0,0,0,0,0,0,0,0,2,1,6,7,5,11,6,12,7,10,6,8,5,9,3,12,2,14,1,13,1,11,3,6,4,3,7,3,11,2,15,2,21,5,23,6,24,5,27,7,30,12,29,14,26,14,25,13,24,13,21,13,17,11"
24.91909694671631,235,"CSI,1708,128,83,49,21,0,-12,17,-8,17,-4,15,0,13,4,13,6,16,9,17,14,17,13,18,8,19,4,19,2,20,1,20,3,18,3,16,0,15,0,12,2,11,4,9,4,7,2,5,2,3,2,2,4,-1,3,-3,0,-1,0,0,0,0,0,0,0,0,0,0,0,0,0,0,0,0,0,0,-3,1,-10,4,-9,3,-9,1,-11,1,-14,1,-14,1,-13,-1,-12,0,-11,2,-9,1,-10,1,-11,2,-8,3,-6,5,-5,10,-4,16,-5,17,-9,18,-13,21,-17,22,-18,19,-19,18,-21,19,-20,20,-19,18,-19,14"
25.022866010665894,236,"CSI,1711,128,83,49,21,0,22,-8,19,-7,14,-8,10,-10,6,-16,4,-20,3,-22,1,-26,0,-25,1,-22,3,-19,8,-17,11,-16,13,-18,13,-18,10,-16,9,-14,9,-10,6,-6,6,-6,5,-7,1,-5,-3,-5,-4,-5,-3,-5,-1,-2,0,0,0,0,0,0,0,0,0,0,0,0,0,0,0,0,0,0,1,-1,8,-2,9,-2,12,0,13,1,12,1,11,1,10,1,8,0,9,0,9,0,8,-2,9,-2,10,-4,9,-8,9,-9,11,-10,13,-12,16,-11,20,-11,22,-13,22,-14,22,-13,21,-10,21,-11,19,-13,18,-12"
25.127633094787598,237,"CSI,1715,128,83,49,21,0,4,-18,2,-16,0,-15,-5,-15,-10,-15,-11,-18,-12,-16,-13,-13,-13,-15,-11,-17,-10,-19,-8,-19,-6,-18,-5,-17,-6,-17,-8,-15,-8,-11,-7,-8,-6,-7,-5,-7,-6,-7,-6,-6,-6,-4,-6,-5,-8,-6,-3,-2,0,0,0,0,0,0,0,0,0,0,0,0,0,0,0,0,0,0,2,-3,10,-7,10,-5,10,-4,9,-5,10,-5,10,-5,10,-4,10,-4,9,-3,6,-5,5,-9,3,-11,1,-14,1,-16,4,-18,4,-20,4,-21,7,-20,10,-21,12,-23,14,-23,15,-20,11,-17,9,-17,9,-21,11,-24"
25.225611209869385,238,"CSI,1720,128,83,49,21,0,-7,18,-5,15,-3,12,-1,12,3,13,6,13,10,17,13,23,12,22,8,17,4,13,4,12,6,15,5,14,3,12,5,11,4,10,3,7,5,6,7,6,6,4,5,2,5,1,5,1,4,1,0,0,0,0,0,0,0,0,0,0,0,0,0,0,0,0,0,0,0,0,-2,1,-6,5,-7,8,-7,10,-8,9,-7,8,-7,7,-7,7,-6,9,-4,9,-3,10,-4,12,-3,13,-1,15,0,17,0,18,-4,20,-7,22,-9,21,-10,22,-11,23,-11,23,-10,21,-9,19,-10,20,-10,21,-11,20"
25.332196950912476,239,"CSI,1724,128,83,49,21,0,4,-22,0,-17,-1,-15,-2,-15,-6,-16,-11,-16,-12,-18,-8,-24,-9,-27,-11,-25,-10,-24,-9,-24,-7,-23,-3,-21,-1,-21,0,-18,2,-14,1,-11,-2,-9,-4,-9,-4,-9,-5,-7,-5,-6,-6,-6,-8,-7,-3,-2,0,0,0,0,0,0,0,0,0,0,0,0,0,0,0,0,0,0,0,-3,2,-11,5,-10,8,-10,8,-11,7,-10,7,-10,6,-12,4,-10,5,-9,6,-11,6,-12,5,-12,2,-13,0,-14,-1,-15,-1,-19,0,-21,2,-22,6,-24,7,-27,5,-26,4,-24,6,-23,9,-24,13,-26,14,-28"
25.3877170085907,240,"CSI,1775,128,83,49,21,0,7,-18,10,-21,12,-22,11,-18,9,-14,9,-14,5,-12,-1,-8,0,-6,3,-6,3,-6,0,-3,-4,0,-6,0,-7,-2,-9,-3,-10,-2,-8,-1,-6,-2,-6,-4,-7,-2,-7,0,-7,0,-6,-1,-5,0,-2,0,0,0,0,0,0,0,0,0,0,0,0,0,0,0,0,0,0,0,-2,-2,-8,-5,-9,-4,-10,-3,-10,-3,-9,-6,-8,-5,-7,-3,-4,-2,-2,1,-1,4,0,5,2,6,4,7,4,9,4,10,4,12,4,14,4,15,2,14,0,10,1,7,3,7,2,5,2,1,4,-4,5,-11"
25.43018412590027,241,"CSI,1727,128,83,49,21,0,16,-1,11,-5,10,-7,11,-11,10,-16,10,-18,9,-19,7,-21,11,-22,15,-22,16,-19,17,-13,18,-11,17,-12,15,-11,12,-10,10,-10,8,-9,5,-9,1,-8,0,-9,0,-9,0,-7,0,-7,1,-6,0,-2,0,0,0,0,0,0,0,0,0,0,0,0,0,0,0,0,0,0,2,0,8,3,9,5,10,7,10,7,8,8,7,7,7,5,5,6,5,6,7,4,7,3,9,3,9,3,8,2,8,-1,13,-2,18,-3,19,-5,22,-3,27,1,30,4,31,4,28,5,25,6,25,6,25,4"
25.487065076828003,242,"CSI,1779,128,83,49,21,0,17,-4,20,-5,19,-5,17,-1,17,2,18,3,13,2,4,-1,1,1,3,2,6,0,7,-2,6,-4,5,-5,5,-7,6,-9,9,-10,10,-9,9,-7,8,-5,8,-3,6,-2,3,-2,2,-1,1,-1,0,-1,0,0,0,0,0,0,0,0,0,0,0,0,0,0,0,0,0,0,-1,1,-3,4,-5,5,-5,6,-4,6,-3,6,-1,5,0,4,0,3,0,2,1,3,3,4,5,5,6,6,7,7,8,10,9,11,9,10,8,12,7,13,5,8,3,5,3,3,6,1,6,-1,7,-4,8,-7"
25.537988901138306,243,"CSI,1732,128,83,49,21,0,-7,-13,-10,-10,-11,-9,-12,-6,-16,-3,-21,-4,-23,-4,-24,-2,-25,-6,-24,-10,-22,-9,-21,-9,-21,-10,-20,-7,-17,-6,-15,-7,-12,-4,-9,0,-8,2,-9,2,-7,1,-7,3,-9,4,-10,6,-9,7,-3,1,0,0,0,0,0,0,0,0,0,0,0,0,0,0,0,0,0,0,0,-3,1,-12,2,-12,3,-14,4,-14,5,-12,5,-12,3,-12,3,-12,4,-12,6,-12,5,-12,2,-11,-1,-10,-4,-13,-7,-19,-12,-21,-14,-23,-12,-28,-12,-29,-10,-28,-7,-29,-5,-30,-7,-30,-7,-29,-6,-29,-4,-29"
25.635403156280518,244,"CSI,1736,128,83,49,21,0,10,-6,7,-10,7,-12,6,-13,7,-14,10,-15,14,-16,18,-20,16,-22,14,-19,12,-15,10,-13,9,-13,9,-11,7,-9,5,-7,4,-6,4,-6,4,-6,2,-7,1,-6,1,-4,-1,-3,-4,-4,-6,-5,-2,-2,0,0,0,0,0,0,0,0,0,0,0,0,0,0,0,0,0,0,1,0,6,3,6,4,6,5,6,4,7,2,7,1,8,1,9,3,7,3,6,0,9,-4,12,-3,13,-3,14,-5,15,-7,16,-5,17,-2,19,-1,22,-2,22,-1,20,1,17,1,15,-2,17,-3,16,-3,14,-5"
25.745518922805786,245,"CSI,1740,128,83,49,21,0,-7,-22,-10,-20,-11,-19,-11,-17,-14,-16,-17,-13,-19,-14,-21,-22,-22,-24,-21,-20,-18,-19,-16,-20,-15,-19,-13,-18,-11,-18,-11,-18,-10,-14,-10,-9,-10,-9,-10,-9,-10,-10,-8,-10,-8,-7,-10,-5,-10,-5,-3,-2,0,0,0,0,0,0,0,0,0,0,0,0,0,0,0,0,0,0,-1,-3,-1,-10,1,-11,2,-11,1,-11,2,-12,3,-13,2,-11,2,-10,1,-10,-1,-10,-3,-12,-5,-14,-7,-15,-7,-17,-7,-18,-10,-16,-11,-17,-9,-21,-7,-24,-7,-27,-5,-27,-5,-26,-5,-26,-3,-27,-1,-28,-1,-26"
25.846090078353882,246,"CSI,1744,128,83,49,21,0,-19,-7,-22,-6,-22,-7,-21,-7,-21,-6,-21,-5,-25,-5,-27,-5,-22,-4,-18,-6,-16,-8,-13,-7,-13,-6,-10,-7,-9,-5,-11,-3,-10,-4,-8,-5,-8,-4,-8,-3,-7,-3,-7,-2,-8,0,-8,1,-7,-1,-2,-1,0,0,0,0,0,0,0,0,0,0,0,0,0,0,0,0,0,0,-3,-2,-9,-7,-9,-7,-8,-7,-9,-9,-9,-9,-10,-7,-9,-5,-9,-3,-12,-3,-14,-4,-16,-5,-17,-7,-18,-7,-18,-7,-18,-9,-20,-13,-21,-15,-19,-15,-18,-14,-17,-14,-15,-16,-15,-17,-15,-16,-16,-13,-16,-9,-16,-7"
25.899465084075928,247,"CSI,1794,128,83,49,21,0,14,-14,15,-13,15,-9,15,-10,16,-12,16,-8,14,-8,10,-11,5,-8,2,-4,2,-6,1,-7,-2,-6,-3,-4,0,-4,0,-7,-2,-11,-3,-11,-4,-9,-4,-8,-2,-9,-1,-9,-2,-9,-1,-7,0,-4,-1,-1,0,0,0,0,0,0,0,0,0,0,0,0,0,0,0,0,0,0,-2,1,-6,6,-6,7,-4,7,-3,7,-3,5,-4,2,-5,2,-3,3,2,3,5,1,7,1,9,3,10,5,11,8,11,10,10,10,8,11,8,12,10,12,10,13,6,12,4,6,4,2,3,0,3,-4,2,-8"
25.945563077926636,248,"CSI,1748,128,83,49,21,0,-9,9,-11,14,-11,18,-9,20,-8,21,-8,21,-10,23,-11,27,-11,24,-12,18,-13,14,-15,12,-13,12,-11,9,-11,5,-9,5,-4,3,0,0,2,3,3,6,3,6,3,7,3,6,3,6,4,7,1,2,0,0,0,0,0,0,0,0,0,0,0,0,0,0,0,0,0,0,-2,-4,-7,-11,-5,-10,-4,-12,-5,-12,-5,-10,-5,-8,-4,-7,-5,-4,-8,-2,-11,-1,-13,-1,-16,0,-16,-2,-18,-3,-23,-3,-28,-3,-29,-4,-28,-3,-28,-3,-29,-4,-27,-4,-24,-5,-20,-6,-18,-7,-17,-3,-14,0"
26.003534078598022,249,"CSI,1799,128,83,49,21,0,-2,22,0,23,0,20,-3,19,-5,19,-4,17,-6,13,-10,10,-6,9,0,9,1,8,2,6,3,5,5,4,7,4,9,4,8,4,7,4,6,4,5,3,4,3,4,5,5,6,4,6,4,6,1,1,0,0,0,0,0,0,0,0,0,0,0,0,0,0,0,0,0,0,0,-1,0,-5,0,-8,-1,-10,-1,-8,-2,-5,-4,-4,-4,-5,-2,-5,-3,-3,-4,1,-4,4,-5,6,-8,3,-11,1,-13,2,-14,3,-15,3,-13,3,-14,1,-14,0,-12,0,-9,2,-4,3,-2,2,0,4,4,5"
26.045320987701416,250,"CSI,1751,128,83,49,21,0,4,4,6,0,8,-3,10,-6,13,-12,18,-14,17,-13,15,-14,16,-14,16,-11,15,-9,14,-7,13,-4,11,-1,7,1,5,2,4,0,3,-1,0,0,-4,-1,-6,-3,-8,-3,-9,-3,-8,-5,-6,-4,-2,-1,0,0,0,0,0,0,0,0,0,0,0,0,0,0,0,0,0,0,-3,-1,-9,-2,-10,-1,-11,-2,-10,-1,-10,0,-11,-1,-8,0,-6,2,-6,2,-7,2,-6,5,-3,9,2,12,5,15,3,18,1,20,2,20,2,23,1,25,0,27,-1,28,0,27,1,26,0,23,2,21,6,19"
26.103679180145264,251,"CSI,1803,128,83,49,21,0,19,10,19,12,16,12,13,11,13,12,15,12,13,7,8,3,6,5,5,6,2,4,0,2,0,1,0,-1,-2,-6,-3,-9,-3,-10,-3,-11,-3,-12,-3,-12,-4,-10,-3,-9,-1,-9,2,-8,2,-7,0,-2,0,0,0,0,0,0,0,0,0,0,0,0,0,0,0,0,0,0,1,-1,3,-5,2,-5,2,-6,3,-5,4,-5,5,-7,4,-5,0,-1,-3,1,-5,0,-6,1,-7,1,-7,0,-8,2,-9,3,-13,2,-15,1,-14,2,-11,3,-9,2,-8,0,-6,0,-4,2,-2,4,1,4,4,6"
26.14725685119629,252,"CSI,1755,128,83,49,21,0,-7,7,-8,10,-9,10,-10,9,-9,10,-9,12,-12,10,-17,5,-15,4,-12,6,-11,5,-8,3,-3,2,0,0,0,-1,1,-2,3,-2,4,-1,6,0,7,2,7,2,6,0,6,0,6,1,4,2,0,0,0,0,0,0,0,0,0,0,0,0,0,0,0,0,0,0,0,0,1,0,6,1,7,0,8,-1,8,-2,6,-2,3,-2,2,-2,3,-4,1,-7,1,-11,3,-13,1,-13,-1,-14,-1,-13,0,-14,-2,-19,-5,-22,-3,-20,-1,-18,-1,-16,-2,-13,-2,-13,0,-11,-1,-6,-2,1,0,4"
26.25152897834778,253,"CSI,1760,128,83,49,21,0,-9,2,-8,0,-9,-2,-10,-3,-12,-2,-14,-2,-12,-5,-6,-11,-9,-9,-17,-4,-18,0,-15,1,-13,-1,-11,-4,-10,-4,-7,-3,-3,-2,-2,-1,-3,-1,-3,-2,-1,-3,0,-4,0,-6,0,-8,-1,-7,-1,-2,0,0,0,0,0,0,0,0,0,0,0,0,0,0,0,0,0,0,0,1,0,6,-1,5,-2,4,-2,2,-1,1,0,2,-1,2,-2,-1,-4,-2,-5,-1,-8,-2,-10,-3,-11,-1,-11,2,-12,5,-14,6,-15,4,-13,5,-11,7,-12,8,-13,7,-14,7,-13,5,-9,2,-9,3,-9,5"
26.352041006088257,254,"CSI,1764,128,83,49,21,0,3,7,1,3,-1,-4,-4,-11,-6,-15,-5,-17,1,-18,7,-21,7,-21,2,-18,0,-16,1,-18,3,-17,5,-13,5,-11,2,-8,2,-4,1,0,-1,2,-2,3,-1,5,-1,6,-3,6,-5,6,-6,6,-2,1,0,0,0,0,0,0,0,0,0,0,0,0,0,0,0,0,0,0,-3,0,-8,-1,-7,-2,-7,0,-8,1,-9,1,-9,4,-8,5,-7,5,-5,5,-3,7,-2,9,-1,10,-3,11,-3,10,-1,8,2,9,6,9,8,10,10,11,11,13,11,15,8,14,7,14,11,17,14,16,12,13"
26.557801008224487,255,"CSI,1771,128,83,49,21,0,-5,-4,-2,-6,-1,-10,1,-11,2,-10,5,-10,10,-8,14,-5,15,-7,13,-10,11,-11,10,-11,10,-9,8,-7,7,-7,5,-5,1,-2,0,0,2,-1,2,-2,2,1,0,4,0,4,1,4,2,6,0,1,0,0,0,0,0,0,0,0,0,0,0,0,0,0,0,0,0,0,0,2,1,10,1,8,0,7,0,5,1,3,1,2,-1,1,-4,-1,-5,-2,-6,-2,-8,-2,-11,-2,-10,-3,-8,-5,-8,-6,-10,-6,-12,-7,-12,-9,-14,-10,-13,-9,-11,-8,-14,-7,-15,-6,-14,-4,-13,0,-10,2"
26.659403085708618,256,"CSI,1776,128,83,49,21,0,-7,1,-5,-1,-2,-5,-2,-6,-5,-8,-5,-12,-1,-18,3,-20,2,-19,-2,-18,-4,-16,-5,-13,-6,-12,-6,-12,-6,-10,-6,-6,-3,-5,-1,-6,-1,-4,1,-2,3,0,3,3,4,4,5,2,4,-1,0,-1,0,0,0,0,0,0,0,0,0,0,0,0,0,0,0,0,0,0,1,-1,7,-1,7,4,6,8,6,8,5,6,4,3,3,0,3,-1,3,0,3,2,2,4,-2,4,-7,3,-9,2,-9,2,-9,1,-12,2,-16,4,-16,6,-15,8,-16,9,-19,9,-18,10,-16,10,-15,10,-15,12"
26.763293981552124,257,"CSI,1779,128,83,49,21,0,6,7,4,1,-1,-2,-7,-3,-10,-8,-11,-10,-9,-13,-10,-19,-14,-18,-15,-13,-14,-10,-15,-10,-13,-9,-10,-10,-6,-13,-5,-12,-3,-10,-1,-8,0,-4,2,0,2,1,2,1,5,2,6,4,7,4,1,0,0,0,0,0,0,0,0,0,0,0,0,0,0,0,0,0,0,0,-2,-2,-8,-5,-9,-4,-9,-4,-9,-3,-8,-3,-7,-6,-6,-6,-5,-4,-3,-3,-2,-1,-1,1,0,1,2,0,6,3,10,7,11,8,11,9,11,10,13,10,13,11,12,14,14,15,17,14,18,14,17,13,16,12"
26.96757197380066,258,"CSI,1788,128,83,49,21,0,1,-4,-3,-5,-6,-6,-8,-8,-11,-10,-15,-13,-14,-15,-8,-15,-9,-14,-12,-14,-12,-12,-11,-11,-10,-11,-7,-11,-5,-8,-6,-4,-6,0,-4,0,-2,0,-2,3,-2,4,1,4,4,6,4,5,3,5,0,1,0,0,0,0,0,0,0,0,0,0,0,0,0,0,0,0,0,0,-2,1,-6,7,-5,7,-5,7,-7,6,-7,4,-5,3,-3,1,-3,3,-2,3,1,3,4,4,7,3,9,1,9,-1,13,-1,17,0,19,-1,20,0,21,1,22,2,23,1,22,-1,19,-1,17,-1,14,0,12,2"
27.069337129592896,259,"CSI,1792,128,83,49,21,0,-6,4,-2,6,0,9,5,12,5,13,6,13,9,16,13,22,11,22,6,19,2,18,-1,19,-2,18,-2,14,-3,11,-2,10,0,7,0,4,1,2,3,1,4,0,5,-2,5,-2,6,1,7,0,2,-1,0,0,0,0,0,0,0,0,0,0,0,0,0,0,0,0,0,0,-2,-1,-8,-4,-9,-7,-10,-8,-9,-7,-8,-4,-5,-3,-2,-5,-2,-5,-6,-4,-8,-2,-8,0,-8,4,-7,6,-7,7,-9,9,-11,9,-14,8,-17,8,-20,9,-21,10,-23,10,-22,8,-20,6,-19,4,-19,6,-18,10"
27.174011945724487,260,"CSI,1795,128,83,49,21,0,-5,-8,-8,-3,-10,2,-11,1,-13,0,-15,2,-17,0,-21,-5,-23,-6,-22,-2,-20,1,-18,0,-16,-2,-13,-3,-9,-1,-8,-2,-8,-2,-7,-1,-5,1,-4,3,-4,3,-2,1,2,1,3,2,2,4,0,1,0,0,0,0,0,0,0,0,0,0,0,0,0,0,0,0,0,0,1,-3,6,-9,9,-9,10,-7,10,-5,9,-4,7,-5,7,-4,5,-4,4,-4,3,-6,-1,-8,-4,-9,-7,-9,-8,-9,-8,-12,-10,-14,-12,-17,-12,-21,-12,-23,-9,-21,-4,-19,-1,-21,-2,-23,-4,-23,-5,-23,-4,-23"
27.37576723098755,261,"CSI,1803,128,83,49,21,0,11,-1,8,-2,8,-5,5,-8,2,-10,3,-15,4,-16,6,-13,8,-14,10,-17,10,-16,10,-16,11,-14,10,-10,7,-9,6,-7,4,-5,3,-6,2,-7,0,-6,-1,-5,0,-5,-1,-6,-5,-7,-8,-5,-2,-1,0,0,0,0,0,0,0,0,0,0,0,0,0,0,0,0,0,0,1,1,4,6,4,9,4,9,4,9,4,9,5,8,5,7,3,5,4,4,5,5,5,2,7,-2,10,-2,11,-2,13,-1,15,-1,17,-2,19,-3,23,-3,23,-2,21,1,20,4,22,6,22,4,22,3,24,3"
27.478984117507935,262,"CSI,1807,128,83,49,21,0,-5,1,0,0,5,0,6,0,9,-2,12,-5,15,-11,19,-16,19,-15,16,-14,15,-11,16,-7,15,-7,13,-8,11,-8,9,-5,6,-2,2,0,-1,1,-3,0,-3,1,-4,2,-4,2,-4,4,-4,5,-1,1,0,0,0,0,0,0,0,0,0,0,0,0,0,0,0,0,0,0,1,-2,6,-7,6,-6,10,-6,10,-6,7,-5,7,-5,9,-4,8,-3,7,-3,7,-2,6,0,2,2,-2,1,-6,-2,-10,0,-14,5,-18,9,-20,9,-23,8,-22,10,-21,9,-24,6,-26,4,-25,5,-21,8,-17,6"
27.58158302307129,263,"CSI,1812,128,83,49,21,0,9,2,5,0,0,-3,-7,-6,-13,-11,-15,-12,-17,-13,-22,-14,-24,-15,-21,-15,-19,-14,-16,-13,-14,-12,-14,-12,-13,-11,-9,-7,-7,-6,-6,-4,-4,-2,-4,2,-2,3,0,2,1,5,2,8,5,7,1,1,0,0,0,0,0,0,0,0,0,0,0,0,0,0,0,0,0,0,-3,2,-11,6,-11,2,-11,2,-11,1,-9,0,-8,2,-7,3,-6,2,-6,2,-2,2,0,2,0,2,1,4,5,5,9,7,13,7,15,2,18,-1,22,0,23,4,21,6,20,8,22,7,25,5,24,6,21,7"
27.786808967590332,264,"CSI,1819,128,83,49,21,0,-2,-4,-2,-3,-3,-6,-8,-6,-13,-5,-16,-6,-16,-6,-15,-6,-17,-7,-21,-9,-22,-9,-18,-7,-14,-6,-12,-6,-11,-7,-9,-4,-6,1,-4,3,-3,4,-3,4,-2,3,-1,4,-1,7,-1,8,-2,9,-1,2,0,0,0,0,0,0,0,0,0,0,0,0,0,0,0,0,0,0,1,0,6,2,5,2,5,3,6,4,6,6,6,7,5,5,4,3,4,4,4,2,6,-2,6,-4,6,-8,5,-11,6,-12,6,-11,7,-12,8,-15,7,-20,9,-22,12,-21,13,-21,16,-19,20,-18,19,-17,15,-15"
27.891130924224854,265,"CSI,1823,128,83,49,21,0,-3,1,1,-1,6,-2,8,-2,11,0,15,1,16,-2,12,-6,13,-4,17,-1,15,-1,12,0,11,2,10,2,9,0,7,-1,2,-2,0,-2,0,-1,-1,-3,-2,-4,-3,-4,-5,-5,-6,-5,-6,-3,-2,-1,0,0,0,0,0,0,0,0,0,0,0,0,0,0,0,0,0,0,-1,-3,-3,-10,-4,-10,-3,-11,-1,-10,0,-9,0,-8,0,-6,-1,-5,-2,-5,-3,-3,-3,1,-3,2,-3,1,-6,4,-9,9,-9,11,-9,12,-13,11,-15,11,-15,13,-17,14,-19,13,-18,11,-17,12,-14,13,-14,11"
27.921704053878784,266,"CSI,2776,128,77,-47,20,0,-4,-5,-7,-4,-9,-4,-12,-3,-14,-2,-16,-1,-17,-2,-20,-6,-19,-5,-17,-2,-15,-1,-13,-1,-11,-1,-11,-2,-9,-2,-4,-1,-2,-1,-3,-1,-3,0,-2,4,-1,6,-1,5,0,5,1,6,3,6,0,1,0,0,0,0,0,0,0,0,0,0,0,0,0,0,0,0,0,0,2,2,9,8,9,8,9,7,6,5,4,6,6,8,6,8,2,3,1,1,2,-1,4,-5,4,-8,3,-9,3,-10,3,-12,5,-17,8,-18,11,-16,12,-15,14,-15,13,-16,11,-17,12,-16,13,-15,12,-13,8,-10"
27.991019010543823,267,"CSI,1827,128,83,49,21,0,3,6,7,5,10,1,12,2,15,4,17,1,16,0,13,1,15,2,17,2,17,2,17,1,15,1,12,3,11,2,9,-2,5,-4,3,-4,3,-2,4,-2,3,-4,1,-5,-1,-6,-2,-7,0,-6,0,-2,0,0,0,0,0,0,0,0,0,0,0,0,0,0,0,0,0,0,-3,0,-11,1,-13,0,-13,-1,-13,-3,-11,-4,-8,-4,-6,-2,-5,-2,-5,-2,-4,1,-4,5,-2,7,-1,9,-1,13,1,17,3,21,1,23,-1,23,-3,23,-6,23,-8,25,-10,24,-10,21,-7,20,-4,17,-5,13"
28.093560218811035,268,"CSI,1832,128,83,49,21,0,-3,7,1,8,3,9,5,11,7,13,9,14,12,16,12,20,11,17,10,12,8,9,9,8,9,8,5,8,2,5,2,1,2,-1,3,0,4,0,6,-2,5,-4,2,-6,1,-9,3,-9,4,-8,1,-2,0,0,0,0,0,0,0,0,0,0,0,0,0,0,0,0,0,0,0,-2,2,-8,3,-9,6,-9,9,-7,10,-6,8,-5,4,-5,1,-4,-1,-2,-3,-3,-5,-4,-7,-1,-9,0,-13,-1,-18,-4,-21,-5,-21,-3,-21,-2,-23,-4,-22,-6,-21,-5,-19,-4,-18,-5,-18,-4,-17,-3,-12,-1"
28.19630002975464,269,"CSI,1836,128,83,49,21,0,-1,-4,0,-5,-1,-6,-5,-10,-5,-13,-4,-15,-3,-18,1,-22,0,-23,-3,-20,-4,-15,-5,-11,-6,-10,-4,-11,-2,-11,-1,-7,-3,-5,-4,-4,-3,-1,-2,1,-3,1,-5,1,-6,3,-5,4,-3,3,-1,0,0,0,0,0,0,0,0,0,0,0,0,0,0,0,0,0,0,0,-2,1,-9,6,-11,5,-12,3,-10,2,-9,2,-9,2,-7,2,-5,2,-2,1,1,2,6,3,9,3,9,1,8,2,8,5,10,8,13,9,14,10,15,12,18,13,17,13,15,13,14,14,14,16,15,13,14,9"
28.298766136169434,270,"CSI,1840,128,83,49,21,0,-13,1,-8,-1,-2,2,2,7,6,10,10,12,12,13,11,11,13,11,16,13,16,13,11,13,9,12,10,10,11,9,12,10,9,7,4,2,3,0,4,0,3,-2,1,-5,-2,-6,-4,-6,-5,-6,-2,-2,0,0,0,0,0,0,0,0,0,0,0,0,0,0,0,0,0,0,0,-3,1,-10,3,-9,6,-9,7,-9,7,-8,5,-5,5,-4,5,-3,3,-2,-1,-2,-2,-2,-2,0,-3,1,-7,1,-12,0,-16,0,-18,0,-21,-1,-23,1,-23,2,-24,-1,-26,-1,-26,-1,-26,-1,-25,-2,-19,-2"
28.40126609802246,271,"CSI,1844,128,83,49,21,0,5,3,4,-1,1,-7,1,-13,0,-17,0,-20,-1,-17,-4,-12,-3,-15,0,-21,-1,-20,-1,-17,1,-16,-1,-14,-3,-10,-3,-8,-3,-7,-5,-5,-6,-3,-4,0,-4,1,-5,1,-4,2,-3,5,-6,8,-2,2,0,0,0,0,0,0,0,0,0,0,0,0,0,0,0,0,0,0,-2,0,-9,3,-11,3,-12,3,-11,2,-10,1,-9,0,-9,0,-6,-2,-3,-2,-2,2,-2,3,0,3,3,2,7,1,11,2,15,6,16,9,16,10,17,12,17,12,19,14,20,16,17,17,17,18,18,17,18,14"
28.50579309463501,272,"CSI,1848,128,83,49,21,0,4,4,8,1,9,-3,11,-6,15,-6,18,-9,18,-7,17,-2,17,-3,16,-5,14,-5,11,-7,10,-7,8,-5,6,-5,5,-3,2,-1,0,-2,0,-2,-2,-2,-3,-4,-3,-5,-6,-5,-9,-3,-10,1,-3,0,0,0,0,0,0,0,0,0,0,0,0,0,0,0,0,0,0,0,-3,-1,-11,-4,-11,-5,-9,-8,-8,-8,-6,-8,-4,-7,-3,-4,-3,-2,-4,-2,-4,0,-3,2,0,5,0,10,-2,15,-3,17,-4,17,-6,19,-8,21,-7,23,-7,23,-9,21,-9,19,-10,19,-9,19,-7,17,-8,14"
28.606482982635498,273,"CSI,1851,128,83,49,21,0,1,-2,1,3,0,7,2,13,3,13,2,12,0,12,-2,11,0,12,2,13,2,13,1,13,1,10,0,7,0,7,-1,3,-1,-1,0,-2,0,-2,-2,-3,-1,-4,1,-5,-1,-5,-2,-6,-1,-4,0,-1,0,0,0,0,0,0,0,0,0,0,0,0,0,0,0,0,0,0,3,0,11,3,10,3,9,3,8,4,7,5,5,5,3,4,0,2,-2,0,-1,-1,-3,-3,-6,-5,-5,-7,-5,-11,-7,-15,-10,-16,-11,-17,-11,-18,-12,-18,-15,-19,-14,-19,-13,-19,-11,-17,-11,-16,-13,-13,-11,-10"
28.70830225944519,274,"CSI,1855,128,83,49,21,0,-8,-5,-2,-4,4,-5,6,-3,8,-2,13,-2,15,2,16,6,19,5,19,-1,19,-5,20,-3,19,0,17,0,14,0,11,0,8,1,3,1,0,1,-1,1,-2,1,-2,2,-4,3,-6,3,-7,4,-2,1,0,0,0,0,0,0,0,0,0,0,0,0,0,0,0,0,0,0,1,1,6,7,5,8,5,10,5,10,3,9,2,8,3,10,2,8,1,5,-1,4,0,3,1,0,-2,-4,-6,-7,-10,-9,-13,-11,-12,-12,-12,-13,-13,-15,-15,-16,-18,-15,-22,-12,-24,-12,-22,-14,-18,-14,-16,-13"
28.80924916267395,275,"CSI,2778,128,77,-47,20,0,-9,4,-5,0,-1,-3,3,-2,7,-4,8,-8,12,-12,16,-15,14,-17,11,-17,10,-16,9,-16,11,-14,14,-11,12,-9,7,-7,5,-6,3,-5,1,-2,-2,-1,-3,0,-3,3,-3,5,-3,5,-3,6,-1,1,0,0,0,0,0,0,0,0,0,0,0,0,0,0,0,0,0,0,2,-2,7,-6,6,-5,7,-4,9,-3,11,-2,10,-2,9,0,5,0,4,0,4,0,3,-1,0,1,-6,4,-10,3,-11,2,-14,5,-17,6,-18,5,-19,7,-21,10,-22,9,-23,9,-22,11,-21,12,-17,9,-12,7"
28.83916711807251,276,"CSI,1860,128,83,49,21,0,-1,11,0,6,-2,1,-5,-5,-7,-9,-7,-10,-5,-12,-2,-14,-6,-16,-11,-17,-10,-18,-9,-20,-10,-19,-9,-15,-8,-13,-6,-11,-4,-6,-4,-3,-3,-1,0,-1,1,0,3,1,4,4,5,5,5,4,1,1,0,0,0,0,0,0,0,0,0,0,0,0,0,0,0,0,0,0,-1,-2,-4,-8,-5,-10,-5,-12,-3,-12,-2,-11,-1,-11,3,-11,4,-10,2,-7,0,-4,-1,-1,-1,2,-1,3,-1,6,-2,9,-1,12,1,15,1,19,1,22,3,22,5,22,6,22,7,22,6,22,3,21,4,20"
28.882561206817627,277,"CSI,2780,128,77,-47,20,0,-9,0,-3,2,0,-1,2,-7,7,-11,12,-14,13,-14,14,-14,17,-16,18,-20,16,-19,14,-18,13,-16,12,-14,9,-11,8,-10,7,-7,5,-3,4,1,3,4,1,4,-1,5,-2,7,-1,8,0,8,0,2,0,0,0,0,0,0,0,0,0,0,0,0,0,0,0,0,0,0,1,1,6,6,9,6,12,5,12,6,9,8,8,9,7,8,6,7,6,8,4,6,2,4,1,1,-5,-2,-10,-3,-11,-3,-13,-4,-17,-2,-20,0,-21,0,-23,0,-28,3,-30,4,-28,4,-26,3,-24,0,-21,-2"
28.913094997406006,278,"CSI,1864,128,83,49,21,0,-13,0,-9,-3,-6,-5,-3,-7,0,-11,2,-14,2,-19,1,-27,3,-30,3,-27,1,-24,1,-23,1,-23,2,-23,3,-21,2,-16,0,-10,2,-7,3,-4,3,0,4,2,5,2,7,4,7,7,7,9,1,2,0,0,0,0,0,0,0,0,0,0,0,0,0,0,0,0,0,0,1,2,6,9,5,10,4,13,3,13,1,11,0,12,2,12,4,11,4,9,4,6,2,4,-3,3,-6,1,-8,0,-10,-3,-13,-4,-17,-5,-19,-6,-22,-5,-25,-3,-27,-1,-28,2,-28,5,-30,5,-30,5,-28,8"
29.016885995864868,279,"CSI,1867,128,83,49,21,0,12,6,6,4,1,1,-5,-1,-10,-4,-12,-7,-15,-10,-22,-15,-24,-15,-20,-13,-18,-15,-17,-15,-16,-13,-14,-13,-10,-13,-7,-11,-4,-8,-3,-5,-2,-3,1,1,4,2,5,4,6,6,6,8,5,8,1,2,0,0,0,0,0,0,0,0,0,0,0,0,0,0,0,0,0,0,-3,0,-13,0,-13,-1,-13,-2,-13,-3,-11,-4,-9,-5,-10,-2,-9,0,-7,-1,-5,-1,-6,2,-5,5,0,8,4,9,8,10,9,10,8,10,12,12,17,14,20,14,21,14,21,15,21,13,20,8,18,5,15,7"
29.118751049041748,280,"CSI,1871,128,83,49,21,0,-9,-4,-4,0,0,4,-1,6,0,10,1,14,-3,17,-7,21,-6,22,-3,21,-1,18,0,15,0,14,-4,14,-6,15,-4,13,-1,8,0,5,1,3,2,0,3,-2,3,-2,4,-2,7,-2,10,-4,2,-2,0,0,0,0,0,0,0,0,0,0,0,0,0,0,0,0,0,0,0,-3,1,-10,0,-8,2,-9,3,-11,4,-9,3,-6,1,-5,0,-5,1,-4,-1,-3,-3,-2,-5,0,-8,1,-12,0,-16,0,-17,-1,-15,-5,-14,-9,-14,-11,-17,-10,-18,-9,-16,-10,-17,-10,-23,-8,-23,-9,-18,-10"
29.221038103103638,281,"CSI,1876,128,83,49,21,0,4,-6,2,-6,-4,-9,-8,-11,-9,-11,-10,-11,-9,-10,-7,-11,-7,-18,-8,-23,-9,-21,-9,-19,-9,-16,-7,-13,-6,-11,-6,-9,-4,-7,-3,-5,-2,-3,-3,0,-4,0,-3,2,-4,4,-5,4,-7,3,-2,0,0,0,0,0,0,0,0,0,0,0,0,0,0,0,0,0,0,0,2,0,11,3,10,6,9,7,8,8,5,7,3,7,4,5,4,1,5,-1,6,-1,6,0,6,-2,7,-5,7,-6,7,-5,9,-9,11,-13,12,-13,14,-12,16,-12,18,-14,21,-14,22,-12,23,-9,20,-8,13,-9"
29.322938919067383,282,"CSI,1880,128,83,49,21,0,0,-6,-4,-3,-9,-2,-12,-4,-16,-3,-18,1,-20,-3,-22,-7,-23,-5,-20,-1,-17,0,-18,1,-17,1,-17,-1,-16,-2,-11,-2,-6,-2,-4,1,-1,1,1,2,1,3,0,3,2,3,3,4,2,5,0,1,0,0,0,0,0,0,0,0,0,0,0,0,0,0,0,0,0,0,1,1,6,6,7,6,7,8,5,10,1,8,-1,5,-2,4,-2,3,-1,0,0,-2,1,-4,3,-7,5,-11,6,-13,6,-13,8,-13,10,-14,11,-16,11,-17,13,-16,14,-16,14,-14,12,-12,11,-14,9,-15,6,-12"
29.425971031188965,283,"CSI,1883,128,83,49,21,0,2,3,5,-1,9,-2,10,-2,11,-3,13,-6,11,-7,9,-6,10,-2,11,-1,11,-3,11,-3,11,-1,10,-1,7,-1,4,1,1,-1,-1,-3,-2,-5,0,-5,0,-4,-2,-4,-3,-4,-4,-3,-7,-3,-2,-1,0,0,0,0,0,0,0,0,0,0,0,0,0,0,0,0,0,0,-3,-1,-8,-3,-8,-4,-9,-4,-9,-6,-8,-6,-7,-3,-6,-2,-4,-2,-3,1,-3,2,-3,3,-3,7,-3,10,-4,10,-3,12,-3,14,-3,17,-2,19,-2,21,-4,20,-4,17,-8,16,-9,17,-6,16,-7,13,-9,11"
29.528630018234253,284,"CSI,1888,128,83,49,21,0,5,5,10,6,13,3,13,1,15,1,14,-4,15,-2,18,6,19,4,18,-2,16,-3,13,-3,11,-3,9,-3,8,-2,4,-1,0,-2,-2,-3,-5,-2,-6,-2,-6,-3,-7,-3,-7,-4,-8,-5,-7,-5,-2,-2,0,0,0,0,0,0,0,0,0,0,0,0,0,0,0,0,0,0,-2,-2,-7,-7,-6,-9,-4,-10,-5,-10,-6,-7,-4,-3,-2,-1,-2,0,-1,4,1,5,0,8,-5,13,-8,14,-8,13,-8,16,-11,20,-15,21,-16,19,-16,19,-18,19,-17,17,-13,14,-9,12,-8,10,-5,7,0,5"
29.63016414642334,285,"CSI,1892,128,83,49,21,0,4,13,6,13,9,11,11,10,10,9,10,8,14,8,18,12,16,12,13,10,13,8,12,6,10,6,7,7,5,9,5,8,6,5,5,1,5,-2,4,-3,4,-2,3,-3,2,-4,1,-5,2,-7,0,-2,0,0,0,0,0,0,0,0,0,0,0,0,0,0,0,0,0,0,-2,-2,-8,-7,-8,-7,-8,-6,-5,-6,-2,-6,-1,-4,-1,-2,-2,3,-4,6,-5,8,-5,9,-6,12,-9,16,-11,17,-13,15,-17,15,-19,15,-19,15,-18,15,-15,14,-15,12,-15,10,-11,10,-8,12,-6,12,-6,8"
29.71857213973999,286,"CSI,616,128,101,81,22,0,-20,15,-19,15,-19,15,-19,15,-19,15,-18,16,-17,16,-17,16,-17,16,-16,16,-16,17,-16,17,-16,16,-16,16,-16,15,-16,15,-15,14,-15,13,-15,12,-15,12,-15,11,-14,11,-14,10,-13,9,-13,8,-4,2,0,0,0,0,0,0,0,0,0,0,0,0,0,0,0,0,0,0,-4,2,-13,11,-14,12,-14,12,-15,12,-16,13,-16,13,-17,13,-18,13,-19,13,-20,14,-20,14,-20,14,-20,13,-21,13,-21,13,-21,13,-21,13,-20,13,-21,14,-21,14,-21,14,-20,15,-19,15,-20,15,-20,15,-21,16"
29.747195959091187,287,"CSI,1896,128,83,49,21,0,3,14,4,11,3,8,3,5,6,2,8,1,11,-1,14,-5,13,-4,11,-1,12,1,13,3,12,2,12,0,11,0,9,1,5,1,1,-1,1,-2,2,-4,0,-5,-1,-4,-1,-7,0,-10,2,-9,0,-2,0,0,0,0,0,0,0,0,0,0,0,0,0,0,0,0,0,0,-2,-1,-8,-2,-9,-3,-8,-5,-7,-5,-6,-4,-3,-3,-1,-2,0,-1,1,1,-1,5,-5,8,-8,10,-8,13,-8,13,-7,11,-7,11,-8,11,-9,12,-11,12,-11,11,-9,11,-7,13,-6,12,-6,10,-4,8,-3,7"
29.824535131454468,288,"CSI,617,128,101,81,22,0,22,-8,21,-8,21,-8,22,-9,22,-9,21,-9,21,-9,20,-9,20,-10,20,-10,19,-10,19,-9,19,-9,20,-9,20,-9,19,-8,19,-7,18,-6,17,-6,17,-6,16,-5,16,-5,15,-4,15,-4,14,-3,3,-1,0,0,0,0,0,0,0,0,0,0,0,0,0,0,0,0,0,0,3,-2,14,-8,14,-8,15,-8,16,-8,17,-8,17,-8,18,-8,19,-8,20,-8,21,-8,21,-7,21,-7,21,-7,22,-7,22,-7,22,-7,22,-6,22,-7,22,-7,23,-8,22,-8,22,-8,22,-8,22,-8,23,-8,24,-9"
29.85413885116577,289,"CSI,2783,128,75,-79,20,0,-2,1,-1,1,0,-1,2,-3,5,-4,8,-4,9,-2,8,2,10,0,12,-5,10,-6,8,-6,8,-6,9,-5,9,-2,7,-1,4,-3,3,-4,2,-1,0,-1,-3,-2,-6,0,-7,0,-6,-1,-3,-1,-1,-1,0,0,0,0,0,0,0,0,0,0,0,0,0,0,0,0,0,0,0,-3,1,-10,3,-10,2,-9,2,-9,4,-7,3,-3,1,1,2,4,3,4,1,4,-4,4,-10,4,-11,5,-11,5,-12,6,-14,5,-14,6,-15,7,-15,6,-14,5,-12,3,-10,4,-10,7,-10,8,-9,8,-4,7"
29.94083595275879,290,"CSI,618,128,101,81,22,0,-5,-12,-5,-12,-5,-12,-5,-12,-5,-11,-5,-11,-6,-11,-6,-11,-6,-11,-6,-11,-6,-11,-6,-11,-6,-11,-6,-10,-6,-10,-5,-10,-5,-10,-5,-10,-4,-10,-4,-9,-4,-9,-3,-8,-3,-8,-3,-8,-3,-8,-1,-2,0,0,0,0,0,0,0,0,0,0,0,0,0,0,0,0,0,0,-1,-2,-4,-8,-4,-8,-4,-9,-4,-9,-4,-9,-4,-10,-4,-11,-4,-11,-4,-12,-4,-12,-4,-12,-4,-12,-4,-12,-4,-13,-4,-13,-4,-12,-4,-12,-3,-13,-3,-12,-4,-12,-4,-12,-4,-12,-5,-12,-5,-12,-4,-12,-4,-12"
30.044869899749756,291,"CSI,619,128,101,81,22,0,23,4,23,4,24,4,24,3,24,2,24,2,24,2,24,2,24,2,23,1,23,1,23,1,23,1,23,1,23,1,23,1,22,2,22,2,21,2,20,2,19,2,18,2,18,3,17,3,16,3,4,1,0,0,0,0,0,0,0,0,0,0,0,0,0,0,0,0,0,0,3,-1,12,-1,13,0,13,0,14,0,15,1,16,1,17,2,17,2,18,2,19,3,19,4,19,5,19,5,20,5,20,5,21,5,21,5,21,5,21,5,22,4,22,4,22,4,22,5,23,5,24,4,25,4"
30.141638040542603,292,"CSI,1912,128,83,49,21,0,5,16,3,14,2,10,-1,6,-7,5,-10,2,-11,2,-13,6,-15,7,-15,5,-14,4,-16,4,-16,3,-15,2,-13,2,-11,3,-9,3,-7,2,-4,0,-2,-3,-3,-6,-3,-6,-3,-6,-3,-6,-4,-7,-1,-2,0,0,0,0,0,0,0,0,0,0,0,0,0,0,0,0,0,0,1,-1,7,-3,7,-3,7,-3,7,-3,7,2,5,3,5,0,5,-2,2,-2,-1,1,-2,4,-3,4,-3,4,-4,7,-4,8,-6,8,-6,11,-6,14,-6,15,-4,15,-2,13,-2,11,0,13,3,19,4,21,3,20"
30.17483615875244,293,"CSI,620,128,101,81,22,0,11,19,12,19,12,19,12,18,12,17,12,17,13,17,13,17,13,17,13,17,13,16,13,16,13,16,13,15,12,15,12,15,11,15,11,15,10,14,9,13,9,12,8,12,8,11,7,11,7,11,1,2,0,0,0,0,0,0,0,0,0,0,0,0,0,0,0,0,0,0,2,2,9,11,10,11,10,12,10,13,10,14,11,15,11,16,11,17,11,17,10,18,10,19,10,20,10,20,10,20,10,20,10,20,11,20,10,20,10,20,11,19,11,19,12,20,12,20,12,20,12,20,13,20"
30.208345890045166,294,"CSI,385,128,-117,-78,40,0,16,-10,15,-10,16,-11,16,-11,16,-11,15,-11,14,-11,14,-11,14,-12,14,-12,13,-12,13,-12,13,-11,13,-11,14,-11,13,-11,13,-10,12,-9,12,-9,12,-9,11,-8,11,-8,11,-8,10,-7,10,-6,2,-2,0,0,0,0,0,0,0,0,0,0,0,0,0,0,0,0,0,0,2,-2,9,-8,9,-8,10,-9,11,-9,12,-9,12,-9,13,-9,13,-9,14,-9,15,-9,16,-9,16,-9,16,-9,16,-9,16,-9,16,-9,16,-9,16,-9,17,-9,17,-10,17,-10,16,-10,16,-10,16,-10,17,-11,17,-11"
30.241676092147827,295,"CSI,3587,128,122,-96,7,0,-27,1,-27,1,-27,2,-28,2,-27,3,-27,3,-27,3,-27,3,-27,4,-27,4,-26,4,-26,4,-26,4,-27,5,-27,4,-26,4,-25,3,-25,2,-24,2,-23,2,-23,2,-22,1,-21,1,-21,0,-20,0,-5,-1,0,0,0,0,0,0,0,0,0,0,0,0,0,0,0,0,0,0,-4,1,-16,4,-16,3,-17,3,-18,3,-19,3,-20,2,-21,1,-21,1,-23,1,-24,1,-24,0,-24,-1,-24,-1,-25,-1,-25,-1,-26,-1,-26,-1,-26,-1,-26,0,-26,0,-27,1,-27,0,-27,0,-27,0,-28,1,-29,2"
30.272016048431396,296,"CSI,3588,128,-5,-79,31,0,19,5,19,5,20,4,20,4,20,3,20,3,20,3,19,3,19,3,19,2,19,2,19,2,19,2,20,2,20,2,19,3,18,3,18,4,17,4,17,3,16,3,15,3,15,3,14,4,14,4,3,1,0,0,0,0,0,0,0,0,0,0,0,0,0,0,0,0,0,0,2,0,11,0,11,0,12,0,13,0,13,1,14,2,14,3,15,3,16,3,16,3,16,4,16,5,17,5,17,5,17,5,17,5,17,6,17,5,18,5,18,4,18,4,19,5,19,5,19,5,20,5,21,5"
30.295800924301147,297,"CSI,1915,128,83,49,21,0,9,14,6,16,3,14,3,12,5,13,4,12,4,9,8,8,7,7,6,8,6,10,3,9,1,8,3,9,3,11,2,11,3,10,3,9,3,7,0,5,-2,4,-2,5,0,7,3,8,2,9,0,2,0,0,0,0,0,0,0,0,0,0,0,0,0,0,0,0,0,0,1,1,5,5,4,4,4,3,4,5,5,6,5,6,4,5,2,4,0,3,1,4,2,9,2,11,1,9,0,9,-1,11,0,13,2,11,2,9,0,9,0,10,0,13,1,14,6,15,10,16,10,13,9,10"
30.34583306312561,298,"CSI,1920,128,83,49,21,0,-3,1,-3,-1,-4,-2,-6,-3,-8,-5,-10,-6,-9,-6,-4,-7,-4,-8,-7,-9,-10,-8,-11,-7,-10,-6,-7,-4,-5,-3,-3,-2,-1,0,0,1,1,2,5,1,8,0,7,-1,6,1,6,3,5,3,1,0,0,0,0,0,0,0,0,0,0,0,0,0,0,0,0,0,0,0,-3,-1,-11,-2,-10,-4,-9,-4,-10,-4,-9,-2,-6,-1,-4,-2,-4,-2,-2,0,-1,0,1,1,5,4,8,6,7,7,6,7,8,7,10,10,10,12,10,13,9,11,8,10,6,11,5,10,5,9,4,7,4,5"
30.386457204818726,299,"CSI,622,128,101,81,22,0,-4,25,-3,25,-3,25,-3,25,-3,24,-2,24,-1,24,0,24,0,24,0,24,1,24,0,24,0,24,0,24,0,23,-1,23,-1,23,-1,22,-1,21,-2,20,-2,19,-2,18,-2,18,-3,17,-3,17,-1,4,0,0,0,0,0,0,0,0,0,0,0,0,0,0,0,0,0,0,0,4,0,18,0,19,-1,20,-1,21,-1,21,-2,23,-2,24,-3,24,-4,25,-5,25,-5,25,-5,26,-5,26,-5,26,-6,25,-6,25,-5,25,-5,25,-5,25,-5,25,-5,25,-4,25,-3,26,-3,25,-4,26,-4,27"
30.448979139328003,300,"CSI,1923,128,83,49,21,0,2,-1,4,-3,5,-3,7,-3,8,-5,8,-7,8,-7,7,-7,7,-6,9,-4,9,-2,7,-1,6,-2,5,-3,4,-1,3,1,1,1,-1,2,-4,3,-4,3,-4,4,-4,2,-5,1,-6,3,-6,4,-2,1,0,0,0,0,0,0,0,0,0,0,0,0,0,0,0,0,0,0,2,-2,9,-5,8,-4,7,-4,4,-2,2,0,2,-2,2,-5,2,-4,0,-3,-3,-2,-7,-2,-9,-1,-13,0,-14,1,-14,-1,-18,-3,-22,-4,-20,-3,-16,-2,-15,-3,-16,-3,-14,-1,-13,0,-12,0,-10,-1,-7,-2"
30.50283193588257,301,"CSI,623,128,101,81,22,0,-19,8,-19,9,-19,9,-19,9,-19,9,-19,10,-18,10,-18,10,-18,10,-18,10,-18,10,-18,11,-18,10,-18,10,-18,10,-18,10,-18,9,-17,8,-17,8,-17,7,-16,7,-16,6,-15,6,-15,5,-15,4,-4,1,0,0,0,0,0,0,0,0,0,0,0,0,0,0,0,0,0,0,-3,1,-11,5,-12,5,-12,6,-13,6,-13,6,-14,6,-14,6,-15,6,-16,6,-17,6,-17,6,-17,5,-17,5,-17,5,-18,5,-18,5,-18,6,-18,6,-18,6,-19,7,-18,7,-18,7,-18,7,-19,8,-20,8,-20,9"
30.533370971679688,302,"CSI,1975,128,83,49,21,0,8,9,9,8,11,8,11,10,10,10,9,9,4,8,-1,5,1,2,4,2,4,1,3,0,0,-2,-3,-5,-5,-5,-5,-4,-7,-6,-8,-7,-8,-8,-8,-8,-8,-6,-6,-6,-6,-5,-8,-4,-8,-5,-2,-2,0,0,0,0,0,0,0,0,0,0,0,0,0,0,0,0,0,0,1,0,5,3,5,4,4,5,4,4,3,2,2,0,1,-2,0,-3,-2,-1,-3,-2,-6,-4,-7,-6,-8,-7,-10,-9,-10,-11,-11,-11,-10,-12,-10,-12,-9,-12,-8,-11,-8,-9,-8,-4,-6,0,-4,0,-3,0,-1,1"
30.561842918395996,303,"CSI,1927,128,83,49,21,0,1,-6,-2,-8,-4,-9,-3,-11,-3,-16,-4,-18,-5,-18,-6,-14,-4,-11,0,-12,2,-15,4,-11,2,-7,0,-8,-2,-7,-3,-5,-4,-3,-6,0,-6,2,-8,0,-8,-1,-8,1,-9,3,-9,3,-9,0,-3,-1,0,0,0,0,0,0,0,0,0,0,0,0,0,0,0,0,0,0,2,1,8,7,9,5,8,4,7,4,8,4,10,4,10,3,8,2,8,0,9,0,10,-2,12,-3,11,-5,10,-6,13,-7,16,-8,17,-8,20,-9,23,-9,23,-7,21,-5,20,-4,20,-4,18,-6,16,-4,13,1"
30.61341118812561,304,"CSI,624,128,101,81,22,0,-18,8,-17,8,-17,8,-18,9,-17,9,-17,9,-16,9,-16,10,-17,10,-16,9,-16,9,-16,10,-16,10,-16,10,-17,10,-17,9,-16,9,-16,8,-15,7,-15,7,-15,7,-15,6,-14,5,-14,5,-14,4,-4,1,0,0,0,0,0,0,0,0,0,0,0,0,0,0,0,0,0,0,-3,1,-11,6,-11,6,-12,6,-13,6,-13,6,-13,6,-14,6,-14,6,-15,6,-16,6,-17,6,-16,5,-16,5,-17,5,-17,5,-17,6,-17,6,-17,6,-17,6,-17,7,-17,7,-17,7,-17,7,-17,7,-18,8,-19,8"
30.654134035110474,305,"CSI,1932,128,83,49,21,0,5,-2,0,-4,-6,-5,-12,-5,-14,-6,-17,-6,-15,-5,-11,-6,-13,-9,-16,-11,-14,-9,-13,-8,-14,-6,-12,-3,-10,-2,-12,-2,-9,-1,-4,0,-1,2,0,4,1,4,5,3,8,2,7,2,6,1,1,0,0,0,0,0,0,0,0,0,0,0,0,0,0,0,0,0,0,0,-2,1,-7,5,-9,5,-9,5,-9,5,-10,4,-11,3,-11,2,-7,0,-5,-1,-5,-1,-3,-3,3,-6,8,-6,11,-5,13,-3,18,-1,22,2,23,5,24,5,25,4,25,4,24,5,23,6,22,5,20,2,17,1"
30.73748803138733,306,"CSI,625,128,101,81,22,0,-13,-17,-14,-17,-14,-16,-14,-16,-14,-15,-14,-15,-15,-15,-15,-15,-15,-15,-15,-15,-15,-15,-15,-15,-15,-15,-15,-14,-15,-14,-14,-15,-14,-15,-13,-15,-13,-15,-12,-14,-12,-13,-11,-13,-10,-13,-10,-13,-9,-13,-3,-4,0,0,0,0,0,0,0,0,0,0,0,0,0,0,0,0,0,0,-3,-3,-10,-9,-10,-9,-10,-10,-11,-11,-11,-11,-12,-12,-12,-14,-12,-14,-12,-14,-11,-15,-11,-16,-11,-17,-11,-17,-11,-17,-11,-17,-11,-17,-12,-17,-12,-17,-12,-16,-12,-16,-12,-16,-13,-16,-13,-17,-13,-17,-14,-17,-14,-17"
30.768136024475098,307,"CSI,1935,128,83,49,21,0,8,5,10,9,14,13,17,14,16,12,13,9,12,6,14,2,12,1,8,4,7,5,4,4,1,2,1,1,2,-2,4,-7,4,-8,2,-6,1,-4,3,-7,5,-8,4,-7,2,-7,2,-8,0,-8,-1,-2,0,0,0,0,0,0,0,0,0,0,0,0,0,0,0,0,0,0,-2,-2,-8,-7,-8,-5,-7,-4,-6,-4,-7,-3,-7,-1,-6,0,-4,2,-4,6,-5,10,-7,14,-9,15,-10,16,-10,19,-13,21,-17,19,-17,16,-17,15,-18,13,-19,10,-17,9,-15,7,-11,5,-6,5,-1,6,2,6"
30.8389151096344,308,"CSI,626,128,101,81,22,0,-25,1,-25,1,-25,1,-25,2,-25,3,-25,3,-24,3,-24,3,-24,3,-24,3,-24,3,-23,3,-24,4,-24,4,-24,3,-24,3,-23,2,-22,1,-21,1,-21,1,-20,1,-20,0,-19,0,-18,-1,-17,-2,-5,-1,0,0,0,0,0,0,0,0,0,0,0,0,0,0,0,0,0,0,-5,0,-18,3,-18,3,-19,3,-20,3,-21,2,-22,2,-22,1,-23,1,-24,1,-25,0,-25,0,-25,-1,-25,-2,-25,-2,-25,-2,-25,-2,-25,-2,-25,-1,-25,0,-26,0,-26,1,-25,0,-25,0,-26,0,-27,1,-28,1"
30.953817129135132,309,"CSI,627,128,101,81,22,0,-1,-24,-2,-24,-2,-24,-2,-23,-1,-23,-2,-23,-3,-23,-4,-23,-4,-23,-5,-23,-5,-23,-5,-22,-5,-22,-5,-22,-4,-21,-4,-21,-4,-21,-4,-21,-3,-20,-2,-19,-2,-18,-2,-17,-2,-17,-1,-16,-1,-16,-1,-4,0,0,0,0,0,0,0,0,0,0,0,0,0,0,0,0,0,0,-1,-5,-3,-18,-3,-18,-2,-20,-2,-20,-2,-21,-2,-22,-1,-23,0,-24,0,-24,1,-25,1,-25,1,-25,2,-26,2,-26,2,-25,2,-25,2,-25,2,-25,2,-25,2,-24,1,-24,1,-25,0,-25,0,-24,1,-25,1,-25"
30.98723316192627,310,"CSI,1944,128,83,49,21,0,1,10,2,7,3,4,7,0,10,-4,13,-7,17,-7,20,-3,20,-4,21,-7,20,-8,19,-9,17,-9,16,-8,15,-6,13,-3,12,0,8,-2,0,-3,-3,-2,-4,-3,-5,-4,-7,-4,-11,-4,-11,-6,-3,-2,0,0,0,0,0,0,0,0,0,0,0,0,0,0,0,0,0,0,-3,-1,-10,-5,-10,-9,-10,-11,-10,-11,-10,-11,-9,-11,-8,-10,-8,-10,-7,-10,-5,-8,-3,-3,-2,1,-3,5,-4,9,-4,13,-6,19,-8,21,-9,23,-10,25,-11,27,-11,28,-12,27,-14,24,-14,23,-10,22,-7,21"
31.05963706970215,311,"CSI,628,128,101,81,22,0,21,3,21,3,22,2,22,1,21,1,21,0,21,0,21,0,21,0,21,0,20,0,20,-1,20,-1,21,-2,21,-2,20,-1,20,0,19,0,19,0,18,0,17,0,17,0,17,0,16,1,15,2,3,0,0,0,0,0,0,0,0,0,0,0,0,0,0,0,0,0,0,0,4,-1,18,-1,18,-1,19,0,20,0,21,1,21,2,22,3,22,3,22,4,23,4,23,5,22,6,22,6,22,6,22,6,22,6,22,6,22,6,22,5,22,4,22,4,22,4,22,4,22,4,23,4,24,3"
31.16845393180847,312,"CSI,1952,128,83,49,21,0,-2,5,-1,8,-1,9,0,13,1,15,1,16,4,13,3,9,1,12,-2,14,-3,14,-1,14,0,13,-1,11,0,11,1,10,0,8,0,6,3,2,6,0,7,1,6,-1,5,-1,7,-1,6,-2,1,-1,0,0,0,0,0,0,0,0,0,0,0,0,0,0,0,0,0,0,-3,0,-10,0,-9,-2,-9,-5,-10,-6,-10,-4,-10,-3,-9,-3,-8,-3,-5,-4,-5,-3,-6,0,-6,3,-7,6,-7,9,-8,11,-13,14,-15,14,-16,14,-18,13,-23,13,-23,9,-21,5,-20,4,-19,7,-21,8,-23,9"
31.19921898841858,313,"CSI,629,128,101,81,22,0,21,-4,21,-5,22,-5,22,-6,22,-6,21,-7,21,-7,21,-7,21,-7,20,-7,20,-7,20,-8,20,-8,21,-8,21,-8,21,-7,20,-6,19,-6,19,-5,19,-5,18,-5,18,-5,17,-4,17,-3,16,-3,4,-1,0,0,0,0,0,0,0,0,0,0,0,0,0,0,0,0,0,0,3,-2,15,-6,15,-5,16,-5,17,-5,18,-5,18,-5,19,-4,20,-4,21,-4,21,-3,21,-2,21,-2,21,-1,21,-2,21,-2,22,-2,22,-2,21,-2,22,-3,22,-4,22,-4,22,-4,22,-3,22,-3,23,-4,23,-5"
31.232586145401,314,"CSI,395,128,-117,-78,40,0,-20,1,-20,1,-20,2,-20,2,-20,3,-20,3,-20,3,-20,3,-20,3,-20,3,-19,4,-19,4,-19,4,-20,4,-20,4,-20,3,-19,3,-18,2,-18,2,-18,2,-17,2,-17,1,-16,1,-16,0,-15,0,-4,-1,0,0,0,0,0,0,0,0,0,0,0,0,0,0,0,0,0,0,-4,0,-14,3,-15,3,-15,3,-16,3,-17,2,-18,2,-18,1,-19,1,-19,1,-20,1,-20,0,-20,-1,-20,-1,-20,-1,-20,-1,-20,-1,-20,-1,-20,-1,-20,0,-21,1,-21,1,-20,1,-20,0,-21,0,-21,1,-22,1"
31.263011932373047,315,"CSI,3591,128,-5,-79,31,0,23,3,24,2,24,2,24,1,24,0,24,0,24,0,23,-1,23,-1,23,-1,23,-1,23,-1,23,-2,23,-2,24,-2,23,-2,22,-1,22,0,21,0,20,-1,19,-1,19,0,18,0,17,0,17,1,4,0,0,0,0,0,0,0,0,0,0,0,0,0,0,0,0,0,0,0,4,0,18,1,18,2,18,2,19,2,20,3,21,4,21,4,22,5,23,5,23,6,23,7,23,7,23,8,23,7,23,7,23,7,23,7,23,6,23,5,24,5,24,4,23,4,24,5,24,4,25,4,25,5"
31.29366707801819,316,"CSI,1955,128,83,49,21,0,2,-7,-1,-7,-2,-9,-3,-12,-5,-14,-6,-14,-9,-12,-13,-9,-10,-8,-5,-10,-6,-10,-6,-8,-5,-6,-6,-7,-6,-8,-8,-6,-10,-3,-9,-2,-8,-2,-8,-2,-6,-2,-3,-1,-2,2,-3,4,-3,3,-1,0,0,0,0,0,0,0,0,0,0,0,0,0,0,0,0,0,0,0,1,1,6,8,6,9,6,9,5,10,4,11,3,10,3,8,3,5,4,3,3,1,2,1,3,-3,6,-7,8,-11,12,-14,18,-13,22,-11,24,-11,25,-9,24,-6,20,-4,18,-3,18,-5,17,-5,14,-5,10,-6"
31.322531938552856,317,"CSI,630,128,101,81,22,0,17,2,17,1,17,1,17,0,17,0,17,0,17,0,17,0,17,0,16,0,16,-1,16,-1,16,-1,16,-1,16,-1,16,-1,15,0,14,1,14,1,13,0,13,0,12,0,12,1,11,1,11,1,2,0,0,0,0,0,0,0,0,0,0,0,0,0,0,0,0,0,0,0,3,-1,14,-2,14,-2,14,-2,15,-1,16,-1,16,0,17,0,17,1,18,1,18,1,18,2,18,3,18,3,18,3,18,3,18,3,18,3,18,3,18,2,18,2,18,2,18,2,18,2,18,2,19,1,19,1"
31.373250246047974,318,"CSI,1960,128,83,49,21,0,1,7,2,3,5,-4,8,-8,11,-9,13,-10,16,-9,19,-7,18,-11,15,-15,11,-16,11,-16,11,-12,9,-8,6,-8,6,-8,5,-8,1,-7,-2,-5,-3,-5,-4,-4,-4,-1,-5,1,-7,1,-9,0,-3,0,0,0,0,0,0,0,0,0,0,0,0,0,0,0,0,0,0,0,-4,0,-14,0,-14,-2,-13,-4,-13,-6,-12,-6,-10,-6,-8,-5,-7,-5,-7,-3,-6,1,-5,5,-3,6,-2,8,-1,11,-1,15,0,19,1,22,1,23,1,26,-1,28,-4,27,-6,27,-6,24,-3,20,0,19,1,20"
31.403818130493164,319,"CSI,631,128,101,81,22,0,29,0,29,0,30,-1,30,-2,29,-3,29,-3,28,-3,28,-3,28,-4,28,-4,28,-5,27,-5,28,-5,28,-5,28,-5,27,-5,27,-3,26,-2,25,-2,24,-2,23,-2,22,-2,21,-2,21,-1,20,0,4,0,0,0,0,0,0,0,0,0,0,0,0,0,0,0,0,0,0,0,5,-2,21,-4,22,-4,23,-3,24,-3,26,-2,26,-1,27,0,28,1,29,1,30,2,30,2,29,3,29,4,29,4,29,4,30,4,30,4,30,3,30,3,30,2,30,1,30,2,30,2,30,1,31,1,32,1"
31.432050943374634,320,"CSI,2011,128,83,49,21,0,-14,-7,-14,-8,-16,-7,-15,-8,-15,-8,-16,-7,-12,-6,-5,-4,-3,-5,-4,-4,-6,-2,-5,-2,-3,0,-2,3,-2,5,-2,6,0,7,0,8,-2,8,-2,8,0,8,0,8,0,8,-1,7,-3,5,-1,1,0,0,0,0,0,0,0,0,0,0,0,0,0,0,0,0,0,0,0,1,3,6,3,6,1,6,-1,7,0,7,1,4,2,3,2,2,1,-1,2,-4,4,-7,6,-8,10,-9,12,-7,12,-7,10,-8,10,-9,10,-8,10,-8,9,-9,6,-8,5,-7,3,-6,-1,-6,-3,-5,-7,-4"
31.475836038589478,321,"CSI,1964,128,83,49,21,0,-2,-14,-3,-10,-4,-6,-7,-6,-10,-7,-15,-5,-18,-8,-15,-13,-17,-11,-20,-6,-20,-5,-19,-6,-19,-8,-17,-7,-15,-5,-12,-5,-11,-5,-10,-4,-6,-3,-4,-2,-4,0,-2,2,-1,5,-1,6,0,5,0,1,0,0,0,0,0,0,0,0,0,0,0,0,0,0,0,0,0,0,1,0,8,2,10,3,11,4,13,3,12,2,10,1,10,2,11,2,10,1,9,0,6,-2,4,-4,4,-8,5,-12,5,-13,7,-15,10,-18,11,-21,10,-24,11,-25,13,-26,14,-25,11,-22,11,-24,13,-24,13,-21"
31.522693872451782,322,"CSI,632,128,101,81,22,0,-25,-15,-25,-15,-26,-14,-26,-13,-25,-12,-25,-12,-25,-12,-26,-11,-25,-11,-25,-12,-25,-11,-25,-11,-25,-10,-25,-10,-25,-10,-24,-11,-23,-11,-23,-12,-21,-11,-20,-10,-19,-10,-19,-10,-18,-10,-17,-10,-16,-10,-4,-3,0,0,0,0,0,0,0,0,0,0,0,0,0,0,0,0,0,0,-6,-2,-21,-8,-22,-9,-22,-10,-23,-11,-24,-12,-24,-13,-25,-15,-25,-15,-25,-16,-25,-17,-24,-18,-24,-19,-24,-19,-24,-19,-24,-19,-24,-19,-24,-19,-24,-18,-24,-17,-24,-17,-24,-16,-24,-16,-25,-17,-25,-16,-26,-16,-27,-16"
31.555908918380737,323,"CSI,2784,128,75,-79,20,0,10,4,12,4,12,2,13,-2,16,-7,15,-11,16,-15,20,-16,19,-15,16,-15,13,-15,12,-15,14,-13,12,-10,8,-11,7,-11,8,-9,7,-9,3,-10,2,-8,2,-6,-1,-4,-5,-4,-8,-6,-8,-7,-2,-2,0,0,0,0,0,0,0,0,0,0,0,0,0,0,0,0,0,0,-2,2,-5,9,-7,10,-9,12,-11,11,-9,9,-8,9,-11,8,-11,5,-8,4,-6,6,-3,7,1,7,5,10,7,14,9,16,12,18,13,23,12,26,12,28,12,28,10,28,9,28,9,25,9,25,8,26,6,24"
31.591940879821777,324,"CSI,2785,128,75,-79,20,0,-14,-1,-13,1,-14,4,-16,5,-17,7,-16,10,-15,11,-16,9,-18,8,-18,10,-17,12,-17,13,-17,12,-17,11,-16,12,-12,11,-9,8,-9,6,-7,5,-4,4,-3,3,-3,5,0,8,2,10,2,9,0,2,0,0,0,0,0,0,0,0,0,0,0,0,0,0,0,0,0,0,-2,-2,-7,-7,-8,-10,-10,-12,-9,-12,-7,-10,-5,-11,-4,-13,-3,-12,-3,-9,-3,-8,-6,-5,-10,-2,-13,-2,-16,-3,-19,-3,-24,-3,-26,-5,-23,-8,-24,-9,-25,-12,-26,-16,-26,-17,-22,-16,-19,-16,-18,-14,-19,-11"
31.6198890209198,325,"CSI,1967,128,83,49,21,0,2,11,7,7,11,5,13,6,16,7,15,6,14,4,16,1,18,4,19,7,18,6,16,7,17,6,16,3,13,3,12,2,10,1,8,0,8,-1,8,-3,7,-4,5,-5,4,-7,5,-9,7,-9,1,-2,0,0,0,0,0,0,0,0,0,0,0,0,0,0,0,0,0,0,-3,1,-9,7,-10,8,-11,8,-12,6,-11,4,-9,2,-10,1,-10,2,-7,2,-4,3,-2,4,0,8,2,12,3,16,3,20,1,26,-1,27,-2,25,-6,25,-7,28,-5,28,-6,25,-7,21,-6,20,-4,20,-6,17"
31.65591812133789,326,"CSI,633,128,101,81,22,0,12,-22,11,-22,11,-22,11,-22,11,-22,10,-22,9,-22,8,-22,9,-22,8,-22,8,-22,8,-22,8,-22,8,-21,9,-21,9,-21,8,-20,8,-19,8,-19,9,-18,9,-17,8,-16,8,-15,8,-14,8,-14,2,-4,0,0,0,0,0,0,0,0,0,0,0,0,0,0,0,0,0,0,1,-5,7,-18,8,-18,9,-19,10,-19,10,-20,10,-20,11,-21,12,-21,13,-21,14,-21,14,-21,14,-21,14,-21,15,-21,15,-21,15,-21,14,-21,14,-21,14,-21,14,-21,13,-22,13,-22,12,-21,13,-21,13,-22,13,-23"
31.687000036239624,327,"CSI,1971,128,83,49,21,0,-4,-6,-8,-5,-11,-5,-12,-3,-15,-1,-17,0,-22,1,-27,1,-24,2,-20,3,-17,-1,-15,-3,-13,-1,-13,-1,-11,0,-9,1,-8,2,-5,1,-3,2,-1,3,0,5,1,7,0,7,-2,9,-3,12,-1,3,0,0,0,0,0,0,0,0,0,0,0,0,0,0,0,0,0,0,2,-2,10,-7,9,-7,9,-5,10,-3,11,-4,10,-6,7,-4,6,-3,4,-2,2,-3,-2,-7,-4,-10,-5,-14,-6,-17,-3,-18,-2,-21,-2,-22,0,-23,1,-24,-1,-24,0,-25,3,-23,3,-20,1,-18,-1,-18,-3,-18"
31.7469220161438,328,"CSI,634,128,101,81,22,0,-5,-25,-5,-25,-6,-24,-5,-23,-5,-23,-6,-23,-7,-23,-7,-23,-7,-23,-7,-23,-8,-23,-7,-22,-7,-22,-7,-21,-7,-21,-6,-21,-6,-21,-6,-20,-5,-19,-4,-18,-4,-17,-4,-17,-3,-16,-3,-16,-2,-15,-1,-4,0,0,0,0,0,0,0,0,0,0,0,0,0,0,0,0,0,0,-2,-5,-8,-17,-8,-18,-8,-19,-7,-20,-7,-21,-7,-22,-7,-24,-7,-25,-6,-25,-5,-25,-4,-26,-4,-27,-4,-27,-4,-27,-4,-26,-4,-26,-4,-26,-4,-26,-4,-25,-4,-25,-4,-25,-5,-25,-5,-26,-5,-25,-5,-25,-6,-26"
31.780225038528442,329,"CSI,1976,128,83,49,21,0,5,11,7,9,9,7,11,5,11,1,12,-2,17,0,21,5,20,5,19,2,19,0,18,-1,16,0,14,2,12,4,11,5,10,6,6,6,4,3,3,-2,3,-4,1,-3,-1,-4,-2,-7,-2,-7,-1,-2,0,0,0,0,0,0,0,0,0,0,0,0,0,0,0,0,0,0,-2,2,-8,8,-11,6,-13,4,-12,4,-10,3,-11,1,-11,1,-10,2,-7,1,-6,1,-4,4,-1,8,0,9,-2,10,-2,15,0,19,-1,21,-3,23,-5,26,-8,25,-10,26,-8,25,-7,22,-5,22,-3,21,-4,19"
31.857603073120117,330,"CSI,635,128,101,81,22,0,-19,-6,-19,-6,-19,-6,-20,-5,-20,-5,-19,-4,-19,-4,-19,-5,-19,-4,-19,-4,-19,-4,-19,-4,-19,-3,-20,-3,-19,-3,-19,-3,-18,-4,-18,-4,-17,-4,-16,-4,-16,-4,-16,-4,-15,-4,-14,-5,-14,-5,-4,-2,0,0,0,0,0,0,0,0,0,0,0,0,0,0,0,0,0,0,-4,-1,-13,-2,-13,-2,-14,-3,-14,-3,-15,-3,-16,-4,-16,-5,-17,-5,-17,-5,-18,-6,-18,-7,-17,-8,-18,-8,-18,-8,-18,-8,-18,-8,-18,-8,-18,-8,-19,-7,-19,-6,-19,-6,-19,-7,-19,-7,-19,-7,-20,-7,-21,-6"
31.89022207260132,331,"CSI,1979,128,83,49,21,0,-11,6,-10,9,-10,12,-10,15,-8,17,-6,21,-7,16,-7,7,-6,10,-5,16,-4,16,-6,15,-8,13,-6,11,-4,10,-1,8,1,6,0,7,-1,7,-1,5,0,2,3,0,7,1,8,3,7,2,1,0,0,0,0,0,0,0,0,0,0,0,0,0,0,0,0,0,0,0,-1,-4,-3,-13,-2,-12,-1,-12,-2,-12,-3,-12,-2,-10,-2,-10,-3,-10,-3,-10,-5,-9,-8,-8,-11,-8,-15,-4,-17,-3,-19,-5,-23,-6,-25,-5,-26,-7,-25,-8,-25,-11,-24,-14,-22,-15,-20,-14,-17,-12,-13,-8,-10,-6"
31.96226406097412,332,"CSI,636,128,101,81,22,0,-2,19,-1,19,-1,18,-1,18,-1,18,0,17,1,18,1,18,1,18,1,17,1,17,1,17,1,17,1,16,1,16,1,16,1,16,1,15,1,14,0,13,0,13,-1,12,-1,12,-1,11,-1,11,-1,2,0,0,0,0,0,0,0,0,0,0,0,0,0,0,0,0,0,0,0,3,1,14,1,14,0,15,0,16,0,16,0,17,0,18,0,18,-1,19,-2,19,-3,19,-3,20,-3,20,-3,20,-3,19,-3,19,-3,19,-3,19,-3,19,-3,19,-2,19,-2,19,-1,19,-2,19,-2,19,-1,20"
32.09010910987854,333,"CSI,1987,128,83,49,21,0,8,-9,5,-7,0,-8,-4,-12,-7,-15,-8,-17,-7,-20,-5,-19,-3,-20,-3,-21,-3,-22,-4,-21,-4,-18,-3,-14,-2,-13,-4,-10,-6,-5,-6,-2,-6,-1,-7,-3,-8,-6,-8,-5,-10,-2,-12,0,-12,1,-3,0,0,0,0,0,0,0,0,0,0,0,0,0,0,0,0,0,0,0,1,1,6,7,6,7,6,9,3,9,2,7,3,6,3,7,2,5,4,2,6,0,8,-1,10,-2,10,-3,13,-4,15,-7,16,-9,18,-7,22,-5,24,-4,25,-5,26,-7,26,-5,23,-2,22,-1,21,-3,15,-1"
32.123764991760254,334,"CSI,637,128,101,81,22,0,-24,10,-23,10,-23,10,-24,11,-23,11,-23,11,-22,12,-21,12,-21,12,-20,13,-20,13,-20,13,-20,13,-20,13,-21,13,-20,12,-20,12,-19,11,-19,10,-18,10,-18,9,-17,9,-17,9,-16,8,-16,7,-4,1,0,0,0,0,0,0,0,0,0,0,0,0,0,0,0,0,0,0,-4,2,-16,10,-16,9,-17,9,-18,10,-19,10,-20,10,-21,9,-22,9,-23,9,-24,9,-24,9,-24,8,-24,8,-25,8,-25,8,-25,7,-25,7,-25,8,-25,9,-25,9,-25,9,-24,9,-24,9,-24,10,-25,10,-26,10"
32.19227194786072,335,"CSI,1991,128,83,49,21,0,-14,2,-12,5,-9,8,-7,9,-6,12,-6,15,-5,17,-2,16,-3,15,-7,16,-8,15,-7,14,-8,13,-7,11,-6,10,-5,10,-4,9,-1,7,2,6,3,6,4,5,5,4,6,4,6,3,6,4,1,1,0,0,0,0,0,0,0,0,0,0,0,0,0,0,0,0,0,0,-1,-4,-2,-14,-1,-12,-1,-11,1,-12,1,-12,-2,-11,-3,-10,-3,-8,-4,-7,-6,-5,-7,-1,-10,3,-15,1,-20,0,-24,0,-25,-3,-25,-5,-25,-7,-26,-10,-23,-11,-19,-10,-19,-9,-20,-9,-21,-7,-20,-5,-17,-5"
32.26934790611267,336,"CSI,406,128,-117,-78,40,0,23,-2,23,-2,23,-3,23,-3,23,-4,23,-4,23,-4,23,-4,23,-5,22,-5,22,-5,22,-5,22,-5,22,-5,23,-5,22,-4,21,-3,20,-2,20,-2,19,-2,18,-2,18,-2,17,-1,17,-1,16,0,4,0,0,0,0,0,0,0,0,0,0,0,0,0,0,0,0,0,0,0,3,-1,15,-4,15,-4,16,-4,17,-4,18,-4,18,-3,19,-2,20,-2,21,-2,21,-2,22,-1,21,0,22,0,22,0,22,0,22,0,22,0,22,-1,23,-1,23,-2,23,-2,23,-1,23,-1,23,-2,24,-2,25,-3"
32.299947023391724,337,"CSI,1995,128,83,49,21,0,2,11,3,11,5,12,8,14,11,12,12,11,7,12,5,12,4,14,4,15,5,13,6,10,6,8,6,5,7,3,8,2,6,0,5,-1,6,-1,7,-2,6,-3,4,-5,2,-7,3,-7,4,-6,1,-2,0,0,0,0,0,0,0,0,0,0,0,0,0,0,0,0,0,0,-2,-3,-6,-10,-7,-11,-6,-10,-4,-8,-3,-8,-3,-6,-2,-5,-2,-3,-4,0,-8,1,-9,2,-7,5,-7,10,-11,11,-16,12,-19,13,-21,12,-23,11,-23,11,-22,10,-22,9,-22,8,-19,5,-16,5,-14,7,-13,5"
32.333269119262695,338,"CSI,639,128,101,81,22,0,2,-19,1,-20,1,-20,1,-19,1,-20,1,-20,0,-20,0,-20,0,-20,-1,-20,-1,-20,-1,-20,-1,-20,0,-19,0,-19,1,-19,1,-19,1,-19,1,-18,2,-17,2,-16,2,-16,2,-15,2,-14,3,-14,0,-4,0,0,0,0,0,0,0,0,0,0,0,0,0,0,0,0,0,0,-1,-3,-1,-12,-1,-12,0,-13,0,-14,0,-14,0,-15,0,-16,1,-16,1,-17,2,-17,2,-17,2,-18,2,-18,2,-18,2,-18,2,-18,2,-18,2,-18,2,-18,2,-18,2,-19,1,-19,1,-19,1,-19,1,-20,1,-20"
32.36196804046631,339,"CSI,2047,128,83,49,21,0,10,15,7,15,5,15,7,15,8,15,5,14,6,12,9,12,11,10,9,5,5,1,3,0,5,-1,6,-4,4,-6,5,-5,8,-4,7,-5,5,-5,6,-3,6,-2,4,-2,5,-1,5,-2,6,-3,1,-1,0,0,0,0,0,0,0,0,0,0,0,0,0,0,0,0,0,0,-2,-2,-7,-6,-4,-8,-3,-8,-4,-7,-4,-6,-3,-6,-1,-5,0,-3,-3,0,-7,2,-9,1,-9,3,-10,6,-12,8,-13,6,-16,5,-16,4,-15,3,-16,1,-13,1,-9,3,-7,4,-3,4,2,2,8,5,9,8"
32.397475242614746,340,"CSI,1999,128,83,49,21,0,2,1,4,-4,6,-12,7,-18,7,-20,9,-23,12,-23,14,-20,14,-20,13,-19,13,-17,13,-16,9,-15,5,-12,3,-9,1,-6,0,-3,-2,0,-6,3,-6,5,-7,5,-10,7,-12,8,-13,7,-13,4,-4,0,0,0,0,0,0,0,0,0,0,0,0,0,0,0,0,0,0,0,-1,-3,-5,-9,-8,-10,-8,-11,-5,-11,-3,-10,-2,-11,-1,-10,0,-6,0,-2,-1,1,-3,4,-5,8,-6,11,-8,14,-9,17,-7,19,-6,21,-5,23,-5,26,-6,27,-7,25,-7,24,-8,22,-7,21,-3,22,-2,21"
32.43618583679199,341,"CSI,640,128,101,81,22,0,-15,18,-14,18,-14,18,-14,18,-14,18,-14,18,-13,18,-12,18,-12,18,-11,18,-11,19,-11,19,-12,18,-12,18,-12,17,-12,17,-12,17,-11,16,-11,15,-11,14,-11,13,-11,13,-11,12,-11,11,-10,10,-3,2,0,0,0,0,0,0,0,0,0,0,0,0,0,0,0,0,0,0,-3,3,-9,13,-9,14,-10,14,-11,15,-12,15,-12,16,-12,16,-13,16,-14,16,-15,16,-16,17,-15,17,-16,17,-16,17,-16,16,-16,16,-16,16,-16,17,-16,17,-16,17,-16,17,-15,18,-14,18,-15,18,-16,18,-16,18"
32.464696168899536,342,"CSI,2051,128,83,49,21,0,15,10,17,11,18,8,20,8,19,10,16,11,11,11,6,11,7,8,11,5,9,3,7,-1,4,-5,-1,-6,-4,-6,-5,-8,-6,-10,-4,-10,-2,-10,-3,-9,-3,-7,-1,-6,0,-5,-2,-5,-4,-5,-1,-2,0,0,0,0,0,0,0,0,0,0,0,0,0,0,0,0,0,0,1,-2,3,-6,2,-8,2,-10,2,-10,2,-9,0,-7,-2,-6,0,-4,-2,0,-5,2,-7,3,-10,3,-12,3,-14,5,-16,7,-16,5,-15,4,-14,4,-17,4,-16,3,-13,1,-9,2,-5,6,-3,6,2,1,9,-2"
32.500158071517944,343,"CSI,2003,128,83,49,21,0,5,-7,-1,-4,-6,-5,-10,-8,-12,-10,-13,-11,-11,-9,-9,-8,-10,-11,-12,-15,-10,-15,-8,-13,-6,-11,-5,-11,-4,-10,-3,-7,-3,-2,-3,2,-2,2,-2,3,-3,5,-5,7,-6,8,-6,8,-4,6,-1,1,0,0,0,0,0,0,0,0,0,0,0,0,0,0,0,0,0,0,1,1,8,4,9,6,10,7,11,8,11,7,10,5,9,4,7,2,6,0,5,-1,6,-4,10,-6,12,-8,11,-8,11,-8,13,-11,16,-11,17,-13,17,-14,17,-12,16,-11,15,-11,14,-11,14,-12,11,-12,9,-10"
32.53610706329346,344,"CSI,641,128,101,81,22,0,1,-20,1,-20,1,-19,1,-19,1,-19,0,-19,-1,-19,-1,-20,-1,-20,-1,-20,-1,-20,-1,-19,-1,-19,-1,-19,-1,-19,0,-19,0,-19,0,-18,0,-18,1,-17,1,-16,1,-15,1,-15,2,-14,2,-14,0,-4,0,0,0,0,0,0,0,0,0,0,0,0,0,0,0,0,0,0,-1,-4,-2,-13,-2,-14,-1,-14,-1,-15,-1,-16,-1,-16,-1,-17,0,-18,1,-18,2,-18,2,-19,3,-19,3,-19,3,-19,3,-19,3,-19,2,-19,2,-19,3,-19,2,-19,2,-19,2,-19,2,-20,2,-20,2,-20,1,-21"
32.56477117538452,345,"CSI,2054,128,83,49,21,0,-13,-8,-14,-9,-13,-10,-13,-12,-14,-11,-12,-10,-11,-10,-13,-12,-12,-10,-8,-6,-5,-4,-4,-1,-3,2,-2,4,-1,7,-2,10,-3,10,-3,9,-3,7,-5,6,-5,6,-3,6,-1,6,-1,4,0,4,0,1,0,0,0,0,0,0,0,0,0,0,0,0,0,0,0,0,0,0,0,1,3,6,2,7,2,7,2,7,1,7,1,5,0,2,0,2,0,0,0,-5,-1,-9,1,-9,3,-10,6,-11,9,-11,9,-14,9,-14,9,-12,11,-9,11,-10,8,-9,4,-5,2,-4,0,-7,-2,-7,-7,-4"
32.647133111953735,346,"CSI,642,128,101,81,22,0,-11,-23,-11,-23,-12,-23,-11,-22,-11,-21,-12,-21,-13,-21,-13,-21,-13,-21,-13,-22,-14,-21,-14,-21,-13,-21,-13,-21,-13,-20,-12,-20,-11,-20,-11,-20,-10,-20,-10,-19,-9,-18,-9,-17,-8,-17,-7,-16,-7,-16,-2,-4,0,0,0,0,0,0,0,0,0,0,0,0,0,0,0,0,0,0,-2,-4,-8,-13,-8,-14,-8,-15,-8,-15,-9,-16,-9,-18,-9,-19,-9,-20,-9,-20,-8,-20,-8,-21,-8,-22,-8,-22,-8,-22,-8,-22,-8,-22,-9,-23,-9,-22,-9,-22,-9,-21,-9,-22,-10,-22,-11,-23,-11,-22,-10,-22,-10,-24"
32.75280213356018,347,"CSI,643,128,101,81,22,0,19,4,19,4,20,3,20,2,20,2,20,2,20,2,20,2,20,1,20,1,20,1,20,1,20,1,21,1,21,1,21,2,20,2,19,3,19,3,18,3,17,3,17,3,17,3,16,3,15,4,3,1,0,0,0,0,0,0,0,0,0,0,0,0,0,0,0,0,0,0,2,0,11,1,11,2,12,2,12,2,13,2,13,3,14,4,14,4,15,4,15,4,15,5,15,5,15,6,16,6,16,5,16,5,17,5,17,5,17,4,18,4,18,4,18,4,18,4,19,4,19,4,20,4"
32.80468511581421,348,"CSI,2015,128,83,49,21,0,-1,15,-3,11,-8,8,-10,5,-12,3,-15,1,-12,0,-8,0,-8,-3,-12,-7,-13,-8,-16,-8,-18,-6,-15,-3,-11,-4,-11,-5,-10,-4,-5,-1,-3,-1,-2,-3,-1,-4,-1,-4,-1,-4,0,-5,2,-7,0,-2,0,0,0,0,0,0,0,0,0,0,0,0,0,0,0,0,0,0,2,0,8,2,7,3,6,2,7,0,7,-1,5,1,5,2,5,0,4,-1,1,1,-1,3,-1,4,-2,6,-4,6,-4,6,-4,8,-5,10,-5,9,-6,11,-6,13,-4,14,-3,15,-2,17,-4,19,-4,22,-4,23"
32.870243072509766,349,"CSI,644,128,101,81,22,0,20,-14,19,-14,20,-14,20,-15,20,-15,20,-16,19,-16,19,-16,19,-16,18,-17,18,-17,18,-17,18,-17,19,-17,19,-16,19,-16,19,-15,18,-14,18,-14,18,-13,17,-13,17,-12,17,-11,16,-10,16,-9,4,-3,0,0,0,0,0,0,0,0,0,0,0,0,0,0,0,0,0,0,2,-3,10,-9,11,-9,11,-9,12,-10,13,-10,13,-10,14,-10,15,-10,16,-10,17,-11,17,-10,17,-10,17,-10,18,-10,18,-11,18,-10,18,-10,19,-11,19,-12,20,-12,19,-13,19,-13,18,-13,19,-13,21,-13,21,-14"
32.90616416931152,350,"CSI,2019,128,83,49,21,0,9,4,3,3,-1,2,-4,2,-7,2,-9,5,-9,7,-8,4,-8,6,-10,12,-11,15,-10,13,-9,10,-7,9,-6,11,-7,10,-5,6,-3,2,-1,-1,-2,-2,-3,-3,-4,-5,-6,-5,-5,-5,-4,-6,-1,-2,0,0,0,0,0,0,0,0,0,0,0,0,0,0,0,0,0,0,0,-3,1,-11,2,-11,3,-9,3,-7,3,-6,4,-7,5,-6,6,-5,6,-3,7,0,6,2,5,6,5,8,6,9,7,10,7,10,7,10,9,10,9,11,11,11,14,11,12,11,10,10,10,9,12,7,14,5"
32.978793144226074,351,"CSI,645,128,101,81,22,0,4,-20,3,-20,3,-20,3,-20,3,-20,3,-20,2,-20,2,-20,2,-21,1,-21,1,-21,1,-20,1,-20,2,-20,2,-20,2,-20,2,-20,3,-19,3,-18,3,-17,3,-17,3,-16,3,-16,3,-15,4,-14,1,-4,0,0,0,0,0,0,0,0,0,0,0,0,0,0,0,0,0,0,-1,-3,-1,-10,-1,-11,-1,-12,0,-13,0,-13,0,-14,0,-15,1,-15,1,-16,2,-16,2,-17,2,-18,3,-18,3,-18,3,-18,3,-18,3,-18,3,-18,4,-18,4,-18,4,-19,3,-19,3,-19,3,-19,3,-20,3,-21"
33.01128005981445,352,"CSI,2024,128,83,49,21,0,7,8,4,6,-2,3,-6,2,-9,0,-8,-3,-11,-5,-19,-7,-19,-9,-15,-8,-16,-5,-16,-3,-15,-2,-14,-5,-13,-6,-8,-2,-6,-1,-5,-3,-4,-2,-2,-1,1,-2,3,-3,3,-5,3,-5,4,-3,1,-1,0,0,0,0,0,0,0,0,0,0,0,0,0,0,0,0,0,0,0,-2,2,-7,2,-7,4,-8,5,-7,5,-5,5,-5,4,-6,4,-7,4,-7,4,-6,3,-4,1,-2,-1,1,-1,3,-1,5,-2,7,-2,9,0,12,2,15,1,17,0,17,0,16,3,15,8,17,11,18,10,16"
33.09407901763916,353,"CSI,646,128,101,81,22,0,-7,-11,-7,-12,-7,-11,-6,-11,-6,-10,-7,-10,-7,-10,-8,-10,-8,-10,-7,-10,-8,-10,-8,-10,-8,-9,-8,-9,-8,-9,-7,-9,-7,-9,-7,-9,-6,-9,-6,-8,-6,-8,-5,-7,-5,-7,-5,-7,-5,-7,-1,-2,0,0,0,0,0,0,0,0,0,0,0,0,0,0,0,0,0,0,-2,-2,-5,-7,-5,-7,-5,-8,-5,-8,-6,-9,-6,-9,-6,-10,-6,-10,-5,-11,-5,-11,-5,-11,-5,-12,-5,-12,-5,-12,-5,-12,-5,-12,-5,-12,-6,-12,-6,-12,-6,-11,-6,-11,-6,-11,-6,-11,-6,-11,-6,-11,-6,-11"
33.12461018562317,354,"CSI,2027,128,83,49,21,0,-2,7,0,4,3,0,6,-2,6,-5,6,-7,8,-6,9,-5,11,-7,12,-10,13,-10,13,-11,11,-10,10,-10,10,-10,7,-7,4,-5,2,-4,1,-3,0,-1,-3,2,-4,4,-2,5,-2,4,-4,2,-2,0,0,0,0,0,0,0,0,0,0,0,0,0,0,0,0,0,0,0,0,-2,3,-7,4,-8,5,-8,5,-6,6,-3,5,-2,3,-1,2,1,0,2,-1,1,-1,2,-5,5,-9,7,-10,8,-10,6,-12,6,-12,6,-11,6,-12,8,-12,9,-12,9,-14,11,-14,13,-15,11,-16,10,-15,10"
33.20338416099548,355,"CSI,647,128,101,81,22,0,14,19,15,19,15,18,15,17,15,17,15,17,16,17,16,17,16,17,16,16,16,16,15,16,15,16,15,15,15,15,14,15,13,16,13,16,12,15,11,14,10,13,10,13,9,13,8,12,8,12,2,3,0,0,0,0,0,0,0,0,0,0,0,0,0,0,0,0,0,0,3,2,13,10,13,11,13,12,14,13,14,14,15,15,15,16,15,17,15,17,15,18,14,19,14,20,14,20,14,20,14,20,14,20,14,20,14,20,14,19,14,19,15,19,15,20,16,20,15,20,16,20,17,20"
33.32234716415405,356,"CSI,412,128,-117,-78,40,0,-14,20,-13,20,-13,20,-13,20,-13,20,-12,20,-11,20,-11,20,-11,20,-10,20,-10,20,-10,20,-10,19,-11,19,-11,19,-11,18,-11,18,-10,17,-10,16,-11,15,-11,14,-10,14,-10,13,-10,12,-10,11,-3,2,0,0,0,0,0,0,0,0,0,0,0,0,0,0,0,0,0,0,-2,4,-8,16,-9,17,-9,17,-10,18,-11,18,-11,19,-12,20,-12,20,-14,20,-15,20,-15,20,-15,20,-15,20,-16,20,-16,20,-15,20,-15,20,-15,20,-15,20,-15,20,-15,20,-14,20,-13,20,-14,20,-15,21,-15,22"
33.36128902435303,357,"CSI,648,128,101,81,22,0,-24,-10,-24,-10,-24,-9,-24,-9,-23,-8,-23,-8,-23,-8,-23,-8,-23,-8,-23,-8,-23,-7,-22,-7,-22,-7,-23,-6,-22,-6,-22,-7,-21,-7,-20,-8,-19,-8,-18,-7,-17,-7,-17,-7,-16,-7,-15,-7,-14,-7,-4,-2,0,0,0,0,0,0,0,0,0,0,0,0,0,0,0,0,0,0,-5,-2,-19,-6,-20,-6,-20,-7,-21,-7,-22,-8,-22,-9,-23,-10,-23,-10,-24,-10,-24,-11,-24,-12,-23,-13,-23,-13,-23,-13,-23,-13,-24,-13,-24,-13,-24,-12,-24,-11,-24,-11,-24,-11,-24,-11,-24,-11,-24,-11,-25,-11,-26,-11"
33.39449715614319,358,"CSI,3594,128,-5,-79,31,0,13,20,13,20,14,19,14,18,13,18,14,17,14,17,14,17,14,17,14,17,14,17,14,17,14,16,14,16,13,16,13,16,12,16,11,16,10,15,9,14,9,13,8,13,8,13,7,13,6,13,1,3,0,0,0,0,0,0,0,0,0,0,0,0,0,0,0,0,0,0,3,3,13,14,13,14,13,15,13,16,13,17,14,18,14,19,14,20,14,21,13,21,13,22,13,23,13,23,13,23,13,22,13,22,13,22,13,21,13,21,13,21,13,20,14,21,14,21,14,21,14,21,15,21"
33.42519998550415,359,"CSI,3595,128,122,-96,7,0,11,21,12,21,12,20,12,19,12,19,12,18,13,19,13,18,13,18,13,18,13,18,13,18,12,17,12,17,12,17,11,17,10,17,10,17,9,16,8,15,8,14,7,14,7,13,6,13,5,13,1,3,0,0,0,0,0,0,0,0,0,0,0,0,0,0,0,0,0,0,3,3,12,15,12,15,12,16,12,17,12,18,13,19,13,20,13,21,12,21,12,22,12,22,12,23,12,23,12,23,11,23,11,23,12,23,11,22,11,22,11,21,12,21,12,22,13,22,13,21,13,22,14,22"
33.45584321022034,360,"CSI,2040,128,83,49,21,0,-3,-5,-5,-6,-8,-6,-11,-5,-13,-4,-12,-1,-19,0,-26,-4,-24,-6,-19,-2,-16,-1,-15,-1,-17,-1,-15,-3,-9,-3,-3,-2,-1,-1,0,-1,2,-1,4,0,4,1,3,-1,4,-2,5,0,5,0,0,-1,0,0,0,0,0,0,0,0,0,0,0,0,0,0,0,0,0,0,-2,1,-7,5,-6,7,-6,7,-6,6,-5,4,-4,2,-2,2,1,2,3,-1,5,-2,8,-2,10,-3,10,-4,12,-3,17,1,20,1,22,-2,21,-5,19,-5,17,-6,17,-6,15,-6,14,-7,13,-9,10,-8,9,-6"
33.4869909286499,361,"CSI,649,128,101,81,22,0,17,15,17,15,18,14,17,13,17,12,17,12,17,12,17,11,17,11,17,11,17,11,16,10,16,10,17,9,16,9,15,9,15,10,14,10,14,9,12,8,12,8,11,8,11,7,10,7,9,7,2,2,0,0,0,0,0,0,0,0,0,0,0,0,0,0,0,0,0,0,4,3,17,13,17,14,18,15,18,16,19,17,19,18,19,19,19,20,19,20,19,20,19,21,18,22,18,22,18,22,18,21,18,21,17,21,17,20,18,19,18,18,18,18,18,18,18,18,18,17,18,17,18,18"
33.521435022354126,362,"CSI,2043,128,83,49,21,0,-9,7,-5,6,0,8,3,10,3,13,5,15,5,18,2,21,5,21,10,19,10,17,7,16,4,16,3,14,1,10,1,8,2,7,1,7,1,5,3,3,6,2,6,0,7,-3,7,-3,7,-2,1,-1,0,0,0,0,0,0,0,0,0,0,0,0,0,0,0,0,0,0,-3,-2,-9,-7,-9,-9,-8,-9,-6,-9,-4,-8,-4,-7,-5,-5,-5,-3,-5,-2,-7,2,-9,6,-9,7,-9,8,-13,8,-17,10,-18,10,-17,9,-17,8,-17,6,-15,5,-16,6,-17,9,-17,10,-16,11,-16,9,-15,5"
33.55684208869934,363,"CSI,650,128,101,81,22,0,-17,10,-16,10,-16,10,-16,10,-16,11,-15,11,-14,10,-13,10,-13,10,-13,10,-12,10,-12,10,-12,10,-12,10,-12,10,-12,10,-11,9,-10,8,-10,8,-10,8,-10,7,-10,7,-10,6,-9,6,-9,5,-3,1,0,0,0,0,0,0,0,0,0,0,0,0,0,0,0,0,0,0,-5,2,-17,11,-18,11,-18,11,-19,11,-20,11,-20,11,-21,11,-22,11,-23,11,-23,11,-23,10,-23,9,-23,9,-23,9,-22,9,-22,9,-22,9,-21,9,-21,10,-21,10,-20,10,-19,10,-19,10,-19,10,-20,10,-20,10"
33.62640404701233,364,"CSI,2048,128,83,49,21,0,6,-5,2,-4,-4,-5,-9,-9,-10,-11,-13,-12,-12,-14,-9,-18,-11,-21,-14,-20,-12,-17,-11,-14,-11,-12,-8,-11,-6,-11,-5,-10,-3,-5,-3,-1,-5,0,-6,1,-6,3,-7,4,-7,3,-6,5,-5,8,-2,2,0,0,0,0,0,0,0,0,0,0,0,0,0,0,0,0,0,0,2,0,10,3,7,5,7,5,6,5,4,5,4,6,4,6,3,3,3,1,5,1,5,0,7,-3,8,-7,8,-7,9,-7,12,-9,15,-10,18,-11,18,-12,17,-12,17,-11,17,-12,20,-13,21,-13,19,-11,18,-10"
33.653796911239624,365,"CSI,651,128,101,81,22,0,21,4,21,4,21,3,21,2,21,2,21,1,21,1,20,1,20,1,20,1,20,0,19,0,19,0,20,0,20,0,19,0,19,1,18,2,17,2,17,1,16,1,16,1,15,2,15,2,14,3,3,0,0,0,0,0,0,0,0,0,0,0,0,0,0,0,0,0,0,0,5,0,20,2,20,2,20,3,21,3,22,4,23,5,23,5,24,6,24,6,24,6,24,7,24,8,24,8,23,8,23,8,23,8,23,7,23,7,23,6,23,6,23,5,23,5,22,5,23,5,23,5,24,5"
33.72821092605591,366,"CSI,2052,128,83,49,21,0,2,-8,-2,-6,-6,-5,-9,-5,-10,-6,-12,-6,-11,-8,-11,-11,-15,-12,-18,-10,-15,-10,-12,-12,-12,-11,-12,-9,-11,-7,-10,-4,-7,-2,-6,-1,-5,-1,-3,-1,-2,1,-3,3,-4,7,-3,10,-2,9,-1,1,0,0,0,0,0,0,0,0,0,0,0,0,0,0,0,0,0,0,2,1,9,3,10,3,10,4,8,4,6,5,5,6,4,7,3,7,2,7,3,5,4,0,3,-6,1,-8,3,-10,5,-11,6,-14,7,-15,7,-15,9,-16,13,-17,13,-17,12,-18,16,-18,18,-18,15,-17,15,-15"
33.769360065460205,367,"CSI,652,128,101,81,22,0,-12,18,-11,18,-11,18,-11,18,-11,17,-10,17,-9,17,-8,17,-8,17,-8,17,-8,17,-8,17,-8,17,-8,16,-8,16,-8,16,-8,15,-8,14,-8,14,-8,13,-8,12,-8,12,-8,11,-8,10,-8,10,-2,2,0,0,0,0,0,0,0,0,0,0,0,0,0,0,0,0,0,0,-2,4,-8,16,-8,16,-9,16,-9,17,-10,17,-10,18,-10,18,-11,19,-12,19,-13,19,-14,19,-13,19,-14,19,-14,19,-14,18,-14,18,-13,18,-13,19,-14,19,-14,19,-13,19,-12,19,-12,19,-12,18,-12,18,-12,19"
33.82341504096985,368,"CSI,2391,128,80,-128,4,0,-8,23,-6,25,-5,27,-5,28,-6,29,-6,30,-5,30,-5,29,-6,27,-6,26,-5,24,-5,21,-4,19,-3,17,-1,15,2,14,4,14,6,15,6,17,6,18,4,20,2,22,-1,22,-5,21,-8,20,-3,4,0,0,0,0,0,0,0,0,0,0,0,0,0,0,0,0,0,0,-5,3,-19,12,-20,10,-21,7,-21,4,-20,3,-19,2,-18,3,-17,3,-16,5,-17,7,-17,9,-18,12,-20,14,-21,14,-23,14,-25,14,-25,14,-26,14,-28,13,-28,13,-26,13,-24,14,-22,15,-19,15,-16,15,-13,16"
33.85139584541321,369,"CSI,2055,128,83,49,21,0,1,-2,1,0,2,2,4,7,4,11,5,12,6,17,7,22,8,20,8,16,6,16,6,14,6,12,1,11,-1,10,0,6,-1,1,-1,-2,0,-4,0,-6,-1,-6,-3,-8,-5,-8,-6,-7,-5,-7,-1,-2,0,0,0,0,0,0,0,0,0,0,0,0,0,0,0,0,0,0,0,2,2,8,3,8,2,8,2,9,2,7,2,5,1,5,1,5,3,4,3,4,-1,4,-4,1,-3,-4,-2,-6,-3,-8,-4,-11,-3,-15,-1,-17,-4,-17,-6,-19,-5,-22,-6,-22,-8,-20,-9,-21,-10,-21,-11,-19"
33.882495164871216,370,"CSI,653,128,101,81,22,0,-2,14,-2,14,-2,13,-2,13,-2,13,-1,13,-1,13,0,13,0,13,0,12,0,12,0,12,0,12,0,12,0,11,0,11,0,11,0,11,0,10,0,10,-1,9,-1,9,-1,8,-1,8,-1,8,-1,2,0,0,0,0,0,0,0,0,0,0,0,0,0,0,0,0,0,0,-1,2,-1,10,-1,10,-2,11,-2,11,-2,12,-2,13,-2,13,-3,13,-3,14,-4,14,-4,14,-4,14,-4,14,-4,14,-4,14,-4,14,-4,14,-4,14,-4,14,-4,14,-4,14,-3,14,-3,14,-3,14,-3,14,-4,14"
33.93067908287048,371,"CSI,2060,128,83,49,21,0,-1,5,3,4,4,5,7,7,11,9,11,10,12,14,14,19,14,18,13,13,12,11,9,14,7,15,7,12,7,8,6,4,4,2,5,3,5,2,5,1,4,-1,3,-4,5,-4,6,-7,5,-9,1,-3,0,0,0,0,0,0,0,0,0,0,0,0,0,0,0,0,0,0,-2,-2,-8,-7,-6,-7,-4,-8,-2,-10,-1,-11,-1,-9,-1,-7,1,-5,1,-4,0,-3,-1,1,-4,5,-8,8,-12,8,-13,9,-15,9,-18,9,-18,6,-19,3,-19,3,-18,4,-20,3,-21,2,-21,3,-18,4,-16,4"
33.98474097251892,372,"CSI,654,128,101,81,22,0,7,10,7,10,7,9,7,8,7,8,7,8,8,8,8,8,8,7,8,7,8,7,8,7,8,7,8,7,8,6,8,6,8,7,7,7,7,7,7,6,6,6,6,6,6,5,5,5,5,5,1,1,0,0,0,0,0,0,0,0,0,0,0,0,0,0,0,0,0,0,1,1,5,6,5,6,5,7,5,7,6,8,6,8,6,9,6,9,6,9,6,9,6,10,5,10,5,11,5,10,5,10,6,10,6,10,6,10,6,10,6,10,6,10,6,10,7,10,7,9,7,9,6,10"
34.0292329788208,373,"CSI,0,128,-118,32,8,0,7,-32,7,-33,7,-33,8,-31,8,-30,8,-29,6,-28,4,-25,3,-22,1,-21,-1,-20,-3,-20,-5,-19,-7,-19,-7,-20,-7,-21,-7,-23,-6,-24,-3,-25,0,-24,3,-23,5,-21,7,-19,8,-16,9,-14,2,-4,0,0,0,0,0,0,0,0,0,0,0,0,0,0,0,0,0,0,2,-4,10,-14,10,-13,11,-12,10,-12,10,-12,10,-14,11,-16,13,-18,14,-18,16,-19,19,-19,21,-20,22,-19,22,-18,22,-17,21,-16,20,-16,19,-16,19,-16,17,-16,15,-18,13,-20,10,-23,9,-24,8,-25,6,-27"
34.05974316596985,374,"CSI,0,128,-98,96,9,0,16,23,16,24,16,23,15,22,15,22,14,21,13,20,12,17,12,14,12,13,12,11,13,9,14,7,16,6,17,5,17,6,18,8,18,10,17,11,15,13,13,14,10,14,8,14,5,14,3,13,0,3,0,0,0,0,0,0,0,0,0,0,0,0,0,0,0,0,0,0,0,3,2,14,1,14,0,13,1,13,1,13,2,15,2,17,2,18,3,20,2,21,1,23,-1,24,-2,25,-3,25,-4,24,-4,23,-4,22,-3,21,-2,20,0,20,2,19,4,20,7,20,9,20,11,19,13,19"
34.09040904045105,375,"CSI,2063,128,83,49,21,0,-10,-4,-5,0,0,2,3,3,7,6,11,9,13,8,14,5,14,7,14,13,12,15,12,14,14,13,14,10,12,10,8,10,4,6,3,3,3,1,2,0,0,-2,-2,-5,-3,-6,-3,-8,-2,-11,-1,-3,0,0,0,0,0,0,0,0,0,0,0,0,0,0,0,0,0,0,1,-1,7,-1,9,-1,11,-1,11,0,9,1,8,2,8,2,6,4,7,4,5,2,1,-1,-4,-2,-8,-2,-11,-3,-12,-7,-14,-11,-15,-12,-14,-12,-14,-12,-13,-12,-15,-11,-18,-11,-18,-13,-20,-13,-21,-11,-21,-9"
34.12077188491821,376,"CSI,655,128,101,81,22,0,5,23,5,23,6,23,6,22,6,22,6,22,7,22,8,22,8,22,8,22,8,21,8,21,8,21,8,21,8,20,7,21,7,21,7,20,6,19,6,18,5,17,5,17,5,16,4,16,4,16,1,4,0,0,0,0,0,0,0,0,0,0,0,0,0,0,0,0,0,0,1,3,6,13,6,14,6,15,6,15,6,16,6,18,6,19,6,20,5,20,4,21,4,21,4,22,4,23,3,23,3,23,3,23,3,23,3,23,3,23,3,22,4,23,4,23,5,23,5,23,5,24,6,24"
34.14956021308899,377,"CSI,2068,128,83,49,21,0,-3,-1,-5,2,-6,4,-6,5,-8,7,-8,10,-10,13,-15,14,-14,15,-10,17,-10,16,-9,14,-9,12,-8,8,-4,4,-2,3,-2,2,0,1,4,2,5,1,5,-3,4,-4,3,-5,3,-7,2,-9,0,-3,0,0,0,0,0,0,0,0,0,0,0,0,0,0,0,0,0,0,0,2,0,9,-4,8,-7,9,-7,9,-5,8,-5,8,-6,8,-6,6,-6,4,-5,2,-3,-2,1,-6,3,-10,4,-11,6,-12,7,-14,7,-15,9,-13,12,-13,14,-14,16,-16,15,-17,14,-16,12,-14,7,-13,3,-13"
34.217560052871704,378,"CSI,656,128,101,81,22,0,25,0,25,-1,25,-1,25,-2,25,-2,25,-3,25,-3,25,-3,25,-4,24,-4,24,-4,24,-4,24,-5,25,-5,25,-5,24,-4,24,-3,23,-3,23,-2,22,-3,22,-3,21,-2,20,-2,20,-1,19,-1,4,0,0,0,0,0,0,0,0,0,0,0,0,0,0,0,0,0,0,0,3,-2,15,-4,16,-4,16,-4,18,-4,19,-3,19,-2,20,-2,21,-1,22,-1,23,-1,23,0,23,1,23,1,23,1,23,1,24,2,24,2,24,1,24,1,24,0,25,0,24,0,24,1,25,0,25,0,26,0"
34.33643412590027,379,"CSI,657,128,101,81,22,0,-15,0,-15,0,-15,0,-15,1,-15,1,-14,1,-14,1,-14,2,-14,2,-14,2,-14,2,-14,2,-14,3,-14,3,-14,3,-14,3,-13,2,-13,2,-13,1,-12,2,-12,2,-11,2,-11,2,-11,1,-10,1,-3,0,0,0,0,0,0,0,0,0,0,0,0,0,0,0,0,0,0,0,-3,0,-11,0,-11,0,-12,0,-12,0,-13,0,-13,-1,-14,-1,-14,-2,-14,-2,-14,-2,-15,-2,-15,-3,-15,-3,-15,-3,-15,-3,-15,-2,-15,-2,-15,-2,-15,-2,-15,-1,-15,-1,-15,-1,-15,-1,-15,-1,-15,-1,-15,-1"
34.36690807342529,380,"CSI,2075,128,83,49,21,0,-5,-1,-2,2,2,5,5,6,5,9,3,13,6,15,12,15,12,13,10,12,10,11,7,9,6,9,7,9,6,8,3,7,2,5,4,2,5,0,3,-1,2,-1,2,-2,2,-4,3,-7,6,-10,1,-3,0,0,0,0,0,0,0,0,0,0,0,0,0,0,0,0,0,0,0,-3,3,-9,3,-8,3,-8,5,-9,7,-8,6,-7,4,-6,4,-4,2,-2,-1,-1,-3,1,-6,2,-7,0,-9,0,-11,1,-14,1,-16,1,-19,1,-18,-1,-17,-3,-19,-4,-20,-4,-18,-3,-18,-2,-17,-3,-15,-2"
34.40325212478638,381,"CSI,418,128,-117,-78,40,0,-8,-23,-8,-23,-8,-23,-8,-23,-8,-22,-9,-22,-9,-22,-10,-22,-10,-21,-11,-22,-11,-21,-11,-21,-11,-21,-11,-20,-10,-20,-10,-20,-9,-20,-9,-20,-8,-19,-8,-18,-7,-17,-7,-17,-7,-16,-6,-16,-6,-16,-2,-4,0,0,0,0,0,0,0,0,0,0,0,0,0,0,0,0,0,0,-2,-4,-7,-16,-7,-17,-7,-18,-7,-19,-7,-20,-7,-21,-7,-22,-6,-23,-6,-23,-5,-23,-5,-24,-5,-25,-5,-25,-5,-25,-5,-24,-5,-24,-5,-25,-5,-25,-5,-24,-5,-24,-6,-24,-6,-24,-7,-24,-7,-24,-6,-24,-6,-25"
34.44306492805481,382,"CSI,2080,128,83,49,21,0,-6,2,-10,-1,-12,-2,-14,-2,-18,-4,-20,-5,-21,-5,-23,-7,-23,-4,-20,0,-17,-1,-14,-2,-14,0,-11,0,-6,2,-4,5,-3,5,-2,5,0,7,1,8,1,8,1,7,2,5,3,2,3,0,1,0,0,0,0,0,0,0,0,0,0,0,0,0,0,0,0,0,0,0,-1,1,-2,5,-5,6,-7,7,-7,8,-8,8,-7,5,-4,2,-2,2,-2,3,-1,1,2,-3,4,-5,7,-5,10,-5,13,-5,17,-5,19,-8,20,-9,22,-6,23,-4,22,-5,19,-6,16,-5,12,-3,9,-3,7,-1"
34.48002791404724,383,"CSI,658,128,101,81,22,0,-6,-14,-6,-13,-6,-13,-6,-13,-6,-12,-6,-12,-7,-12,-7,-12,-7,-12,-7,-12,-7,-12,-7,-12,-7,-12,-7,-11,-7,-11,-6,-12,-6,-12,-6,-11,-5,-11,-5,-10,-5,-10,-5,-10,-4,-9,-4,-9,-4,-9,-1,-3,0,0,0,0,0,0,0,0,0,0,0,0,0,0,0,0,0,0,-2,-2,-6,-9,-6,-9,-6,-10,-6,-10,-6,-11,-6,-11,-6,-12,-6,-13,-6,-13,-5,-13,-5,-14,-5,-14,-5,-14,-5,-14,-5,-14,-5,-14,-5,-14,-5,-14,-5,-14,-5,-14,-5,-14,-5,-14,-6,-14,-6,-14,-6,-14,-6,-14"
34.54565906524658,384,"CSI,2084,128,83,49,21,0,-4,-4,-2,0,0,3,3,4,5,4,8,7,10,10,9,11,9,11,10,11,12,9,13,8,11,8,8,9,7,7,7,4,5,2,3,0,3,-3,2,-3,-1,-3,-2,-4,-2,-6,-2,-7,-2,-7,-1,-2,0,0,0,0,0,0,0,0,0,0,0,0,0,0,0,0,0,0,1,-3,5,-8,5,-8,6,-9,8,-10,9,-8,11,-3,9,-1,6,-2,4,-2,1,-3,-3,-2,-6,0,-6,0,-7,-2,-12,0,-18,0,-19,-3,-19,-7,-19,-8,-18,-9,-22,-9,-24,-5,-19,-2,-18,-3,-18,-4,-14,-4"
34.58307695388794,385,"CSI,659,128,101,81,22,0,-19,-4,-19,-3,-19,-3,-19,-2,-19,-2,-19,-2,-19,-2,-19,-2,-19,-2,-19,-1,-19,-1,-18,-1,-19,-1,-19,-1,-19,-1,-18,-1,-18,-2,-17,-2,-17,-2,-16,-2,-16,-2,-15,-2,-15,-2,-14,-3,-14,-3,-4,-1,0,0,0,0,0,0,0,0,0,0,0,0,0,0,0,0,0,0,-4,-1,-13,-1,-13,-1,-14,-1,-14,-1,-15,-2,-16,-3,-16,-3,-17,-3,-17,-4,-18,-4,-17,-4,-17,-5,-17,-5,-17,-5,-18,-5,-18,-5,-18,-5,-18,-5,-18,-5,-19,-4,-19,-4,-18,-4,-18,-4,-19,-4,-20,-4,-20,-3"
34.64915418624878,386,"CSI,2087,128,83,49,21,0,5,1,6,-3,8,-5,8,-6,8,-6,9,-7,14,-7,17,-4,18,-2,16,-6,10,-10,5,-10,4,-9,6,-8,5,-7,2,-5,-1,-4,-3,-3,-4,-2,-5,-3,-6,-2,-6,1,-7,2,-7,1,-9,0,-3,0,0,0,0,0,0,0,0,0,0,0,0,0,0,0,0,0,0,0,-1,-3,-2,-10,-4,-11,-2,-12,2,-13,3,-11,3,-8,3,-6,3,-5,2,-3,0,-1,-3,1,-4,2,-4,7,-6,12,-10,14,-13,15,-14,15,-12,14,-13,13,-16,14,-16,13,-14,10,-11,8,-9,9,-7,10,-4,8"
34.6984601020813,387,"CSI,660,128,101,81,22,0,-22,9,-21,10,-21,9,-22,10,-21,11,-21,11,-20,11,-20,11,-20,12,-20,12,-20,12,-19,13,-20,13,-20,13,-20,13,-20,12,-20,11,-19,11,-18,10,-18,10,-18,10,-17,9,-17,8,-17,7,-16,7,-4,1,0,0,0,0,0,0,0,0,0,0,0,0,0,0,0,0,0,0,-4,1,-14,7,-14,7,-15,7,-16,7,-17,7,-18,7,-18,7,-19,7,-20,7,-21,7,-21,6,-21,6,-21,6,-21,6,-22,6,-22,6,-22,6,-21,6,-22,7,-22,7,-22,7,-22,7,-21,7,-22,8,-23,8,-24,8"
34.75298595428467,388,"CSI,2091,128,83,49,21,0,-4,2,-1,5,0,8,0,10,2,14,0,17,2,15,7,12,6,12,3,14,2,13,1,11,3,11,6,11,4,11,3,8,5,4,7,3,8,4,6,2,5,-1,4,-2,2,-3,3,-5,4,-8,1,-2,0,0,0,0,0,0,0,0,0,0,0,0,0,0,0,0,0,0,0,-2,1,-6,4,-7,6,-7,7,-8,6,-7,4,-4,2,-3,0,-3,1,-2,2,-3,-1,-3,-5,-4,-8,-4,-10,-3,-12,-3,-14,-3,-18,-6,-20,-8,-20,-10,-18,-12,-16,-12,-16,-11,-15,-10,-15,-9,-15,-9,-14,-9"
34.783567905426025,389,"CSI,661,128,101,81,22,0,-7,18,-7,19,-6,19,-6,19,-6,19,-6,19,-5,19,-4,19,-5,19,-4,19,-4,19,-4,19,-4,19,-5,19,-5,18,-5,18,-5,18,-5,17,-5,17,-6,16,-6,15,-6,14,-6,14,-6,13,-6,12,-2,3,0,0,0,0,0,0,0,0,0,0,0,0,0,0,0,0,0,0,-1,3,-3,13,-3,13,-3,14,-4,14,-4,15,-4,16,-5,16,-5,17,-6,17,-7,17,-8,17,-8,18,-8,18,-8,18,-8,17,-8,17,-8,18,-8,18,-8,18,-8,18,-8,18,-7,18,-7,18,-7,18,-8,19,-7,20"
34.85343599319458,390,"CSI,2096,128,83,49,21,0,-1,-1,3,1,7,0,12,0,16,2,17,1,12,1,6,3,9,2,14,-2,14,-5,13,-5,11,-3,8,-1,7,-3,5,-5,0,-6,-3,-6,-3,-4,-5,-3,-7,-2,-7,-1,-8,-1,-8,-1,-6,-2,-2,-1,0,0,0,0,0,0,0,0,0,0,0,0,0,0,0,0,0,0,2,-1,11,-4,11,-2,10,1,10,3,8,2,6,1,4,2,2,2,0,1,-3,2,-5,1,-7,-1,-10,-1,-14,1,-18,2,-21,0,-21,-3,-22,-4,-25,-5,-25,-6,-24,-5,-24,-4,-24,-2,-21,-2,-16,-3,-13,-3"
34.89621901512146,391,"CSI,662,128,101,81,22,0,-23,11,-23,11,-23,11,-23,11,-23,12,-22,12,-21,12,-21,12,-21,13,-21,13,-20,13,-20,13,-20,13,-21,13,-21,13,-21,12,-20,12,-20,11,-19,10,-19,10,-19,9,-18,9,-18,8,-17,7,-16,7,-4,1,0,0,0,0,0,0,0,0,0,0,0,0,0,0,0,0,0,0,-4,2,-14,9,-14,9,-15,9,-16,9,-17,10,-18,10,-18,10,-20,10,-21,10,-22,9,-22,9,-22,9,-22,9,-22,9,-23,8,-23,8,-23,8,-23,9,-23,9,-24,10,-24,10,-23,10,-22,10,-23,10,-24,10,-25,11"
34.95370817184448,392,"CSI,2403,128,-118,32,8,0,-22,5,-23,8,-25,11,-27,13,-29,15,-31,15,-30,14,-29,13,-28,12,-25,10,-23,9,-20,8,-17,7,-14,8,-10,10,-7,11,-5,13,-5,15,-5,18,-7,20,-10,21,-13,20,-16,18,-18,15,-19,11,-5,2,0,0,0,0,0,0,0,0,0,0,0,0,0,0,0,0,0,0,-4,-5,-15,-20,-12,-22,-9,-23,-6,-24,-4,-23,-2,-21,-1,-19,-2,-17,-4,-16,-7,-15,-10,-14,-13,-14,-15,-15,-17,-16,-20,-18,-21,-20,-22,-21,-22,-22,-24,-24,-24,-24,-23,-23,-21,-21,-20,-18,-20,-15,-19,-11,-19,-7"
34.98713207244873,393,"CSI,2404,128,-98,96,9,0,3,-20,1,-23,1,-25,0,-27,0,-29,0,-31,0,-30,0,-28,1,-26,1,-25,1,-23,0,-20,-1,-17,-2,-14,-4,-12,-7,-10,-10,-9,-12,-10,-14,-12,-14,-14,-13,-17,-12,-18,-9,-20,-5,-20,-3,-20,-1,-5,0,0,0,0,0,0,0,0,0,0,0,0,0,0,0,0,0,0,5,-1,20,-3,21,-1,21,2,21,5,19,7,18,7,16,6,14,5,14,3,14,1,14,-2,16,-5,17,-7,20,-9,22,-9,24,-9,25,-10,26,-10,28,-10,28,-9,27,-8,24,-9,21,-10,19,-10,16,-11,14,-12"
35.01762413978577,394,"CSI,2099,128,83,49,21,0,4,-10,1,-6,-3,-4,-7,-2,-10,-1,-14,0,-19,4,-21,10,-19,10,-18,8,-18,6,-16,4,-14,3,-15,2,-13,2,-8,3,-7,3,-6,2,-2,2,0,4,2,5,3,4,4,4,6,5,4,5,0,1,0,0,0,0,0,0,0,0,0,0,0,0,0,0,0,0,0,0,1,1,7,6,7,6,8,5,8,7,7,9,5,10,4,10,4,8,3,7,3,5,2,0,0,-3,-1,-4,0,-6,4,-9,7,-12,8,-16,8,-19,10,-21,13,-23,14,-22,13,-21,11,-20,9,-18,9,-15,11,-11"
35.05091595649719,395,"CSI,663,128,101,81,22,0,19,-5,19,-5,19,-5,19,-6,19,-6,19,-7,19,-7,19,-7,19,-7,18,-7,18,-7,18,-7,18,-7,19,-7,19,-7,19,-7,18,-6,17,-5,17,-5,17,-5,16,-5,16,-4,15,-3,15,-3,14,-2,3,-1,0,0,0,0,0,0,0,0,0,0,0,0,0,0,0,0,0,0,3,-2,12,-6,12,-6,12,-6,13,-6,14,-6,15,-5,15,-5,16,-5,17,-5,18,-5,18,-4,18,-3,18,-3,18,-3,18,-3,18,-3,18,-3,18,-4,19,-4,19,-5,19,-5,19,-5,19,-5,19,-4,20,-5,21,-6"
35.07985591888428,396,"CSI,2104,128,83,49,21,0,-4,2,-4,5,-5,8,-8,9,-10,12,-9,16,-5,15,-1,12,-3,12,-6,13,-5,14,-4,14,-4,11,-3,7,-1,5,-1,6,0,5,3,1,5,0,6,0,4,-1,3,-4,4,-6,5,-7,5,-6,1,-2,0,0,0,0,0,0,0,0,0,0,0,0,0,0,0,0,0,0,1,0,6,3,7,4,9,5,10,6,10,6,9,3,6,3,3,3,3,3,3,3,1,1,-1,-3,-2,-5,-4,-7,-5,-11,-7,-16,-7,-19,-5,-21,-6,-22,-7,-23,-5,-24,-2,-25,1,-22,1,-19,-2,-18,-5,-15"
35.1189398765564,397,"CSI,664,128,101,81,22,0,-20,2,-19,3,-19,3,-19,3,-19,4,-19,4,-19,4,-18,4,-18,5,-18,5,-18,5,-18,5,-18,5,-18,5,-18,5,-18,5,-17,4,-17,3,-16,3,-16,3,-16,3,-15,3,-15,2,-14,2,-14,1,-4,0,0,0,0,0,0,0,0,0,0,0,0,0,0,0,0,0,0,0,-4,1,-14,5,-14,4,-15,4,-16,4,-16,4,-17,3,-18,3,-18,3,-19,3,-20,2,-20,2,-20,1,-20,1,-20,1,-20,1,-20,1,-20,1,-20,1,-20,1,-20,2,-20,2,-20,2,-20,2,-20,2,-21,2,-21,3"
35.16030287742615,398,"CSI,2108,128,83,49,21,0,2,2,2,-5,0,-9,-2,-10,-1,-12,1,-14,1,-18,2,-22,1,-23,2,-19,4,-15,2,-14,0,-15,0,-15,-2,-11,-4,-6,-4,-3,-4,-3,-5,-1,-4,1,-5,2,-7,3,-8,2,-7,2,-5,2,-1,0,0,0,0,0,0,0,0,0,0,0,0,0,0,0,0,0,0,0,-3,-1,-10,0,-11,1,-12,2,-11,2,-10,1,-9,0,-9,-3,-9,-5,-7,-3,-3,-2,0,0,1,1,4,3,8,5,10,7,11,10,11,13,12,17,12,19,12,18,10,19,9,21,9,20,7,19,5,16,5,13"
35.26327300071716,399,"CSI,2112,128,83,49,21,0,-1,7,-3,0,-2,-4,-4,-8,-10,-10,-12,-11,-13,-13,-16,-11,-17,-10,-15,-10,-13,-9,-11,-10,-13,-11,-12,-8,-9,-5,-8,-6,-6,-5,-3,0,0,4,2,4,4,3,6,2,7,1,9,2,10,3,2,0,0,0,0,0,0,0,0,0,0,0,0,0,0,0,0,0,0,0,0,-2,3,-6,5,-7,8,-8,9,-7,9,-7,9,-6,9,-6,6,-6,5,-4,5,-4,4,-2,3,3,2,8,0,10,-1,13,-3,16,-5,18,-6,21,-7,24,-6,24,-3,22,-4,23,-6,23,-6,21,-4,20,-4,18"
35.343688011169434,400,"CSI,666,128,101,81,22,0,13,21,13,21,14,21,14,19,14,19,14,19,15,19,15,19,15,18,15,18,16,18,15,18,15,17,16,17,15,17,15,17,14,17,14,17,13,16,12,15,12,15,11,15,11,14,10,14,9,14,2,3,0,0,0,0,0,0,0,0,0,0,0,0,0,0,0,0,0,0,3,2,12,11,12,12,12,13,12,14,13,15,13,16,13,18,13,19,13,19,12,20,12,21,12,22,11,23,11,23,11,23,11,23,12,23,12,22,11,21,12,21,12,21,13,22,13,22,13,22,13,22,14,22"
35.41697907447815,401,"CSI,424,128,-117,-78,40,0,21,-8,20,-8,21,-9,21,-9,20,-10,20,-10,19,-10,19,-10,19,-11,19,-11,18,-11,18,-11,18,-11,19,-11,19,-11,19,-11,18,-10,18,-10,17,-9,17,-9,17,-9,16,-8,16,-8,16,-7,15,-6,3,-2,0,0,0,0,0,0,0,0,0,0,0,0,0,0,0,0,0,0,3,-2,12,-8,13,-8,14,-8,15,-8,15,-8,16,-8,17,-8,18,-8,19,-8,20,-8,20,-7,20,-7,20,-7,20,-6,21,-6,21,-6,21,-6,21,-6,21,-7,21,-7,21,-8,21,-8,21,-7,21,-8,22,-9,22,-9"
35.46633291244507,402,"CSI,667,128,101,81,22,0,-14,-4,-14,-4,-14,-3,-14,-3,-14,-2,-14,-2,-14,-2,-14,-2,-14,-2,-13,-2,-13,-2,-13,-1,-13,-1,-13,-1,-13,-1,-13,-2,-13,-2,-12,-2,-12,-2,-11,-2,-11,-2,-11,-2,-10,-2,-10,-2,-10,-2,-3,-1,0,0,0,0,0,0,0,0,0,0,0,0,0,0,0,0,0,0,-3,-1,-10,-1,-11,-1,-11,-2,-12,-2,-12,-2,-12,-3,-13,-3,-13,-3,-13,-3,-14,-4,-14,-4,-14,-5,-14,-5,-14,-5,-14,-5,-14,-5,-14,-5,-14,-5,-14,-5,-14,-4,-14,-4,-14,-4,-14,-4,-14,-4,-14,-4,-14,-4"
35.49541091918945,403,"CSI,2119,128,83,49,21,0,5,-4,2,-2,-4,0,-11,2,-14,2,-16,3,-15,2,-13,0,-15,0,-18,4,-18,7,-18,9,-17,7,-16,2,-14,0,-10,0,-6,1,-2,2,3,1,3,1,1,3,3,4,6,2,9,1,9,3,2,0,0,0,0,0,0,0,0,0,0,0,0,0,0,0,0,0,0,0,0,1,-1,5,-2,4,-3,6,-4,9,-6,8,-7,7,-8,5,-9,2,-7,2,-6,2,-5,1,-4,0,-2,-2,3,-3,7,-4,8,-6,10,-7,14,-10,16,-11,15,-12,16,-12,19,-12,20,-13,18,-13,14,-12,11,-10"
35.52777910232544,404,"CSI,2171,128,83,49,21,0,-16,-2,-19,-2,-20,-5,-18,-7,-15,-7,-13,-5,-15,-3,-17,-2,-15,-2,-13,-3,-11,-3,-5,-1,-5,2,-6,5,-4,6,-3,8,-3,8,-2,7,-1,7,0,7,-2,6,-2,6,0,7,-1,5,-2,4,-1,1,0,0,0,0,0,0,0,0,0,0,0,0,0,0,0,0,0,0,0,0,1,4,1,5,3,6,4,5,4,4,1,3,-2,3,-1,2,1,1,1,-1,2,-6,3,-8,4,-8,5,-8,7,-9,8,-9,7,-11,7,-12,8,-13,8,-12,6,-10,5,-8,4,-6,2,-4,-2,-3,-6,-1"
35.567858934402466,405,"CSI,668,128,101,81,22,0,-2,21,-2,21,-1,20,-1,20,-1,20,-1,20,0,20,0,20,1,19,1,19,1,19,1,19,1,19,1,18,1,18,0,18,0,18,0,17,0,16,-1,16,-1,15,-1,14,-1,14,-2,13,-2,13,-1,3,0,0,0,0,0,0,0,0,0,0,0,0,0,0,0,0,0,0,0,3,2,14,2,15,1,15,1,16,1,17,1,18,1,19,0,19,-1,20,-2,20,-2,21,-2,21,-2,22,-2,21,-3,21,-3,21,-3,21,-3,21,-3,21,-3,21,-3,21,-2,21,-1,21,-2,21,-2,22,-1,22"
35.67453408241272,406,"CSI,2128,128,83,49,21,0,3,-2,1,-6,1,-8,2,-9,3,-11,0,-14,-5,-14,-9,-11,-6,-11,-2,-14,-3,-15,-3,-15,-2,-15,0,-13,0,-8,-1,-6,-1,-6,-1,-4,-3,-1,-4,1,-5,3,-7,2,-8,2,-8,4,-7,7,-2,2,0,0,0,0,0,0,0,0,0,0,0,0,0,0,0,0,0,0,-3,1,-9,5,-7,6,-8,3,-11,1,-10,0,-8,-1,-7,-3,-4,-3,-1,-2,2,-3,4,-6,8,-5,12,-2,14,0,14,2,17,3,19,3,19,6,18,10,17,8,16,7,14,7,13,3,13,2,15,2,17,1"
35.7046480178833,407,"CSI,669,128,101,81,22,0,15,15,16,15,16,14,16,13,16,13,16,13,17,13,17,13,17,12,17,12,17,12,16,12,16,12,17,11,17,11,16,11,15,12,15,12,14,12,13,11,13,10,12,10,12,10,11,10,10,10,2,2,0,0,0,0,0,0,0,0,0,0,0,0,0,0,0,0,0,0,3,1,12,7,13,8,13,8,13,9,14,10,14,11,15,12,15,13,15,13,15,14,14,15,14,16,14,16,14,16,14,16,15,16,15,16,15,16,15,15,15,15,15,15,16,15,16,16,16,15,16,15,17,15"
35.77704095840454,408,"CSI,2131,128,83,49,21,0,3,8,7,6,8,5,9,2,11,-1,13,-4,17,-6,22,-6,21,-5,19,-4,18,-3,18,-3,16,-3,14,-1,13,0,8,0,5,0,5,0,3,-1,-1,-4,-3,-5,-3,-4,-4,-5,-4,-7,-3,-8,-1,-2,0,0,0,0,0,0,0,0,0,0,0,0,0,0,0,0,0,0,-2,-1,-7,-3,-7,-6,-8,-7,-9,-5,-6,-5,-3,-5,-3,-6,-3,-5,-1,-2,-1,2,-1,5,1,7,2,9,0,14,-3,17,-3,19,-3,21,-5,22,-8,24,-9,23,-8,20,-7,19,-5,19,-3,19,-1,18,-1,15"
35.80780601501465,409,"CSI,670,128,101,81,22,0,-20,6,-19,6,-19,6,-19,6,-19,7,-18,7,-17,7,-17,7,-17,7,-16,7,-16,7,-16,7,-16,7,-16,7,-16,7,-15,7,-15,6,-14,5,-13,5,-13,5,-13,5,-12,4,-12,4,-12,3,-11,3,-3,0,0,0,0,0,0,0,0,0,0,0,0,0,0,0,0,0,0,0,-4,1,-15,7,-15,7,-16,7,-17,7,-18,7,-18,7,-19,7,-20,6,-21,6,-22,6,-22,5,-22,5,-22,4,-22,4,-22,4,-22,4,-22,4,-21,5,-21,5,-22,6,-21,6,-21,6,-20,5,-21,5,-21,6,-22,6"
35.879542112350464,410,"CSI,2135,128,83,49,21,0,5,0,7,-1,11,-6,13,-8,14,-9,13,-11,13,-13,15,-18,14,-18,12,-15,12,-11,12,-9,11,-9,9,-9,5,-9,3,-6,2,-5,-1,-4,-4,-3,-6,-2,-7,-2,-8,-3,-8,-4,-9,-3,-11,0,-3,0,0,0,0,0,0,0,0,0,0,0,0,0,0,0,0,0,0,0,-3,-3,-10,-10,-9,-11,-8,-12,-8,-10,-6,-8,-4,-9,-2,-8,0,-6,1,-5,3,-2,4,3,3,7,2,12,3,17,1,18,-1,20,-4,21,-7,19,-8,18,-7,19,-6,19,-7,17,-8,15,-6,13,-4,9,-1,6"
35.914875984191895,411,"CSI,671,128,101,81,22,0,14,-21,14,-21,14,-21,14,-21,13,-21,13,-21,11,-21,11,-21,11,-21,10,-21,9,-21,9,-21,10,-21,10,-20,10,-20,11,-20,10,-19,10,-18,9,-17,10,-17,9,-16,9,-15,9,-14,9,-14,9,-13,2,-4,0,0,0,0,0,0,0,0,0,0,0,0,0,0,0,0,0,0,2,-5,9,-19,9,-20,10,-20,11,-21,12,-21,12,-22,13,-22,14,-23,15,-23,16,-23,16,-23,16,-23,16,-23,17,-22,17,-22,17,-22,16,-22,16,-22,17,-22,17,-22,16,-22,15,-22,15,-22,15,-22,16,-22,16,-23"
35.979527950286865,412,"CSI,2139,128,83,49,21,0,1,5,6,3,10,1,13,0,16,0,16,-1,16,0,16,2,16,-1,19,-2,20,0,19,1,15,0,11,1,10,2,11,1,9,0,4,0,0,0,-2,-3,-2,-5,-4,-6,-7,-6,-8,-7,-9,-6,-3,-2,0,0,0,0,0,0,0,0,0,0,0,0,0,0,0,0,0,0,-1,-3,0,-10,2,-10,4,-11,5,-10,6,-8,5,-6,5,-5,5,-4,3,-3,0,0,-2,3,-5,7,-7,9,-10,12,-14,12,-15,10,-16,10,-18,9,-19,7,-18,7,-16,8,-16,9,-16,9,-15,12,-12,14,-9,10"
36.02398109436035,413,"CSI,672,128,101,81,22,0,-16,18,-15,18,-15,17,-15,17,-14,18,-14,18,-12,18,-12,18,-11,19,-11,19,-11,19,-11,19,-11,19,-11,19,-11,19,-11,19,-10,18,-10,17,-10,17,-10,16,-10,16,-9,15,-9,15,-9,14,-9,13,-3,3,0,0,0,0,0,0,0,0,0,0,0,0,0,0,0,0,0,0,-3,3,-10,15,-11,15,-12,15,-13,16,-13,16,-14,16,-14,17,-15,17,-16,17,-17,17,-17,16,-17,16,-17,16,-17,16,-18,16,-18,16,-17,16,-17,16,-18,16,-18,17,-17,17,-16,17,-16,17,-16,17,-16,17,-16,17"
36.083118200302124,414,"CSI,2143,128,83,49,21,0,-6,0,-6,-2,-6,-4,-9,-8,-13,-11,-15,-13,-15,-14,-13,-14,-12,-14,-13,-16,-16,-15,-20,-11,-17,-9,-12,-9,-11,-9,-8,-8,-6,-5,-5,-3,-2,-2,0,-2,4,0,9,2,10,1,11,0,11,-1,2,-1,0,0,0,0,0,0,0,0,0,0,0,0,0,0,0,0,0,0,-2,-3,-3,-11,-1,-13,0,-14,1,-12,3,-10,4,-9,3,-9,4,-7,5,-5,4,-2,2,0,1,3,2,8,4,13,6,15,7,18,5,21,2,20,3,19,4,20,5,20,7,19,8,18,8,16,9,16,10,13"
36.13245391845703,415,"CSI,673,128,101,81,22,0,14,19,15,19,16,19,16,18,16,17,16,17,17,17,17,17,17,17,18,17,18,17,17,17,18,16,18,16,18,16,17,16,17,17,17,17,16,16,15,15,14,15,14,14,13,14,12,14,12,14,2,3,0,0,0,0,0,0,0,0,0,0,0,0,0,0,0,0,0,0,2,2,11,8,11,9,11,10,11,11,11,11,12,13,12,14,13,15,12,15,12,15,12,17,12,18,12,18,12,18,12,18,12,18,12,19,12,19,13,18,13,18,13,18,14,18,14,19,14,19,15,19,16,19"
36.18377923965454,416,"CSI,2147,128,83,49,21,0,-6,9,-4,12,-3,15,-2,14,-1,12,-2,13,-1,13,6,15,8,15,3,15,-1,14,-1,13,2,14,3,14,1,12,0,9,1,6,2,4,1,4,0,3,3,1,5,0,6,0,7,0,7,-1,1,-1,0,0,0,0,0,0,0,0,0,0,0,0,0,0,0,0,0,0,-2,-2,-8,-6,-9,-6,-8,-7,-7,-8,-6,-9,-5,-9,-4,-9,-3,-6,-3,-3,-3,0,-2,4,-2,5,-5,5,-8,7,-12,9,-16,9,-16,8,-16,6,-19,4,-21,4,-20,5,-18,4,-19,3,-17,3,-14,4,-13,5"
36.24391007423401,417,"CSI,674,128,101,81,22,0,18,-2,18,-2,18,-2,18,-3,17,-4,17,-4,16,-4,16,-4,16,-4,15,-4,15,-4,14,-4,14,-4,15,-4,15,-4,15,-3,14,-3,13,-2,13,-2,12,-2,12,-2,11,-1,11,-1,10,0,10,0,2,0,0,0,0,0,0,0,0,0,0,0,0,0,0,0,0,0,0,0,5,-1,20,-3,20,-2,21,-2,22,-2,22,-2,23,-1,23,0,24,0,24,0,24,0,24,1,24,1,23,2,23,1,23,1,23,1,22,1,22,1,22,0,22,-1,21,-1,20,-1,20,-1,20,-1,20,-1,20,-1"
36.28400707244873,418,"CSI,2151,128,83,49,21,0,4,7,6,5,9,2,9,0,11,-1,15,1,16,1,15,-4,14,-5,15,-2,16,1,14,3,13,4,12,4,10,4,8,4,4,3,2,1,3,-2,4,-5,1,-6,-1,-6,-2,-7,1,-8,2,-8,0,-2,0,0,0,0,0,0,0,0,0,0,0,0,0,0,0,0,0,0,-2,1,-5,6,-6,7,-7,8,-6,6,-5,3,-5,2,-5,2,-4,3,-2,6,1,6,3,5,5,7,6,10,8,11,8,13,7,15,4,16,2,18,3,20,5,22,3,22,1,19,3,15,5,15,6,17,9,15"
36.36379098892212,419,"CSI,675,128,101,81,22,0,-20,11,-19,11,-19,11,-19,11,-19,12,-18,12,-17,12,-17,12,-17,12,-17,12,-16,13,-16,13,-16,13,-16,13,-16,12,-16,12,-15,11,-15,10,-15,10,-15,10,-14,9,-14,9,-14,8,-14,7,-13,6,-4,1,0,0,0,0,0,0,0,0,0,0,0,0,0,0,0,0,0,0,-4,2,-15,10,-15,10,-16,10,-17,10,-18,11,-18,11,-19,11,-20,11,-21,10,-22,10,-22,10,-22,9,-22,9,-22,9,-22,9,-22,9,-22,9,-21,10,-22,10,-22,10,-21,11,-21,11,-20,10,-21,10,-22,11,-22,11"
36.3918092250824,420,"CSI,2156,128,83,49,21,0,-7,5,-3,9,1,10,4,9,6,11,7,13,9,15,11,16,12,14,11,12,10,11,8,9,7,7,9,7,9,6,6,3,3,2,4,1,5,-1,3,-4,1,-6,2,-7,0,-8,-2,-10,-2,-12,-1,-3,0,0,0,0,0,0,0,0,0,0,0,0,0,0,0,0,0,0,0,-4,1,-12,3,-10,5,-8,8,-7,8,-6,6,-4,4,-2,2,-1,-1,-1,-5,-1,-8,-1,-9,1,-12,5,-17,5,-20,2,-20,-2,-19,-3,-20,0,-21,2,-19,0,-19,-1,-18,0,-15,1,-15,1,-13,-2,-10,-5"
36.46920990943909,421,"CSI,430,128,-117,-78,40,0,-20,13,-20,13,-19,13,-20,13,-19,14,-19,14,-17,14,-17,14,-17,14,-16,14,-16,14,-16,14,-16,14,-16,14,-16,14,-16,13,-15,13,-14,11,-14,11,-14,10,-14,10,-13,9,-13,9,-13,8,-12,7,-3,1,0,0,0,0,0,0,0,0,0,0,0,0,0,0,0,0,0,0,-4,2,-15,11,-16,11,-17,11,-18,12,-19,12,-19,12,-20,12,-21,12,-22,12,-23,12,-23,11,-23,11,-23,11,-23,11,-23,11,-23,11,-23,11,-23,11,-23,12,-23,12,-22,12,-22,12,-21,12,-21,12,-22,13,-23,13"
36.499850034713745,422,"CSI,676,128,101,81,22,0,-7,11,-7,11,-6,11,-6,11,-6,10,-6,10,-5,10,-5,11,-5,11,-4,11,-4,11,-4,11,-4,11,-4,10,-4,10,-4,10,-4,10,-4,9,-4,9,-4,8,-4,7,-4,7,-4,7,-4,6,-4,6,-1,1,0,0,0,0,0,0,0,0,0,0,0,0,0,0,0,0,0,0,-2,2,-5,8,-5,8,-6,8,-6,9,-6,9,-7,10,-7,10,-7,10,-8,10,-8,10,-8,10,-8,10,-8,10,-9,10,-9,10,-9,10,-8,10,-8,10,-8,10,-8,10,-8,11,-7,11,-7,11,-7,10,-8,10,-8,10"
36.53066301345825,423,"CSI,2160,128,83,49,21,0,4,-6,1,-5,-5,-2,-9,-2,-13,-4,-17,-3,-17,-2,-13,-3,-15,-3,-21,1,-24,4,-23,4,-20,2,-17,1,-16,1,-15,1,-12,0,-7,0,-3,0,0,-1,2,-1,5,-2,7,-3,8,-5,8,-6,2,-2,0,0,0,0,0,0,0,0,0,0,0,0,0,0,0,0,0,0,-3,-2,-10,-7,-8,-7,-8,-8,-8,-10,-8,-9,-7,-6,-4,-6,-2,-6,-2,-4,1,-3,5,-4,9,-4,11,-1,12,2,15,4,17,5,18,5,20,5,22,9,23,11,22,10,21,9,21,8,22,6,21,5,19,7"
36.58225107192993,424,"CSI,677,128,101,81,22,0,25,3,25,3,25,2,25,2,25,1,25,1,25,1,25,1,25,0,24,0,24,0,24,0,24,0,24,0,24,0,24,1,23,2,22,3,21,3,20,3,19,2,18,2,18,2,17,3,16,3,4,1,0,0,0,0,0,0,0,0,0,0,0,0,0,0,0,0,0,0,3,-1,15,-2,15,-2,16,-1,17,-1,18,-1,19,0,20,1,21,2,22,2,22,2,23,2,23,3,23,3,23,3,24,4,24,4,24,4,24,4,24,3,25,3,25,3,25,3,25,3,25,2,26,2,27,2"
36.69211506843567,425,"CSI,678,128,101,81,22,0,23,3,23,3,23,2,23,2,23,1,23,1,23,1,23,0,23,0,22,0,22,0,22,0,22,-1,22,-1,22,-1,22,0,21,1,20,1,19,1,19,1,18,1,17,1,16,1,16,2,15,2,3,0,0,0,0,0,0,0,0,0,0,0,0,0,0,0,0,0,0,0,3,-1,15,-1,16,-1,16,-1,17,0,18,0,19,1,20,2,20,2,21,2,22,2,22,3,22,4,22,5,22,5,22,5,23,5,23,5,22,5,23,4,23,3,23,3,23,3,23,4,24,4,25,3,25,2"
36.801260232925415,426,"CSI,2172,128,83,49,21,0,-2,-7,0,-8,1,-9,4,-9,6,-12,4,-14,3,-18,6,-23,6,-22,2,-17,-2,-14,-4,-15,0,-14,0,-13,-3,-12,-4,-11,-3,-8,-1,-4,1,0,3,1,4,1,3,1,2,1,4,1,3,2,0,0,0,0,0,0,0,0,0,0,0,0,0,0,0,0,0,0,0,0,-1,1,-1,7,-2,8,-4,8,-6,7,-6,6,-5,3,-4,1,-5,3,-7,4,-11,2,-12,-2,-10,-3,-10,-6,-12,-9,-14,-9,-13,-10,-12,-12,-14,-12,-14,-10,-14,-9,-15,-9,-11,-8,-9,-7,-14,-7,-16,-4,-14,-3"
36.842365026474,427,"CSI,679,128,101,81,22,0,-20,-18,-20,-18,-20,-18,-20,-17,-20,-16,-20,-15,-21,-16,-21,-16,-21,-15,-21,-15,-21,-15,-20,-15,-20,-14,-20,-14,-20,-14,-19,-14,-18,-14,-18,-14,-17,-14,-16,-13,-15,-12,-14,-12,-14,-12,-13,-12,-12,-12,-3,-3,0,0,0,0,0,0,0,0,0,0,0,0,0,0,0,0,0,0,-4,-3,-13,-10,-13,-10,-14,-11,-14,-12,-15,-13,-15,-14,-16,-15,-16,-15,-16,-16,-17,-16,-17,-17,-16,-18,-17,-19,-17,-19,-17,-19,-18,-19,-18,-19,-18,-19,-18,-18,-18,-18,-19,-18,-19,-18,-19,-19,-19,-18,-20,-18,-20,-20"
36.91819095611572,428,"CSI,680,128,101,81,22,0,0,24,1,24,1,24,1,23,1,23,1,23,2,23,3,23,3,23,3,23,3,23,3,22,3,22,2,21,2,21,1,21,1,21,1,20,1,19,0,18,0,17,0,17,-1,16,-1,15,-2,15,-1,3,0,0,0,0,0,0,0,0,0,0,0,0,0,0,0,0,0,0,0,4,3,17,3,18,2,19,2,19,2,20,2,21,1,22,1,23,0,23,-1,24,-1,24,-1,25,-1,25,-1,24,-1,24,-1,24,-1,24,-1,24,-1,24,-1,24,0,24,0,24,1,25,0,24,0,25,1,25"
37.00330090522766,429,"CSI,2180,128,83,49,21,0,5,4,4,3,4,3,2,5,-3,7,-8,7,-8,10,-5,14,-3,10,-5,10,-7,14,-4,15,-1,17,-1,16,-1,15,-2,13,-5,8,-5,3,-4,1,-2,0,-2,-2,-2,-2,-4,-1,-7,-1,-9,-2,-3,-1,0,0,0,0,0,0,0,0,0,0,0,0,0,0,0,0,0,0,1,-1,7,-1,8,1,9,2,9,2,7,2,5,3,3,2,2,2,2,2,3,2,2,3,-1,3,-1,2,-1,4,-3,9,-4,10,-4,10,-3,10,-2,11,-3,11,-3,14,-2,16,1,13,4,10,5,9,6,8"
37.03025484085083,430,"CSI,681,128,101,81,22,0,25,5,25,5,26,5,26,4,26,3,26,2,26,2,26,2,26,2,26,2,26,2,26,1,26,1,27,1,27,1,26,2,25,2,24,3,24,3,23,2,22,2,21,2,20,3,20,3,19,4,4,1,0,0,0,0,0,0,0,0,0,0,0,0,0,0,0,0,0,0,3,-1,13,-1,13,0,14,0,15,0,16,1,17,2,18,3,19,3,19,3,20,4,20,5,20,6,20,6,21,6,21,6,22,6,22,7,22,6,23,5,23,5,24,5,24,5,24,6,24,6,25,6,26,6"
37.15653419494629,431,"CSI,682,128,101,81,22,0,-20,-14,-20,-14,-21,-13,-21,-13,-21,-12,-21,-11,-21,-11,-21,-11,-21,-11,-21,-11,-20,-11,-20,-10,-20,-10,-20,-10,-20,-10,-19,-10,-19,-10,-18,-10,-17,-10,-16,-9,-16,-9,-15,-9,-14,-9,-13,-9,-13,-9,-4,-3,0,0,0,0,0,0,0,0,0,0,0,0,0,0,0,0,0,0,-4,-2,-15,-7,-16,-8,-16,-8,-17,-9,-18,-10,-18,-11,-19,-12,-19,-12,-19,-13,-19,-13,-19,-14,-19,-16,-19,-16,-19,-16,-19,-16,-20,-16,-20,-16,-20,-16,-20,-15,-20,-14,-20,-14,-20,-14,-21,-15,-21,-15,-21,-15,-22,-15"
37.18696212768555,432,"CSI,2786,128,77,-47,20,0,4,8,8,7,7,8,7,8,11,8,12,9,11,7,12,3,10,3,9,5,7,5,5,5,5,5,8,4,11,2,10,0,9,-2,10,-2,8,0,5,-1,3,-5,3,-7,3,-6,3,-6,4,-7,1,-2,0,0,0,0,0,0,0,0,0,0,0,0,0,0,0,0,0,0,-2,-3,-3,-8,-1,-7,-2,-6,-3,-5,-3,-3,-2,-2,-3,0,-4,3,-6,5,-7,4,-8,6,-8,9,-10,10,-12,9,-14,8,-17,4,-17,3,-16,5,-17,7,-17,6,-16,4,-12,0,-8,-1,-5,2,-6,6,-8,8"
37.21752619743347,433,"CSI,2187,128,83,49,21,0,-2,-8,-3,-8,-6,-6,-9,-5,-11,-6,-10,-8,-11,-7,-11,-4,-9,-5,-8,-9,-8,-8,-6,-7,-6,-8,-6,-12,-5,-11,-6,-8,-6,-5,-7,-1,-6,0,-4,1,-5,2,-5,2,-4,4,-5,6,-5,6,-2,1,0,0,0,0,0,0,0,0,0,0,0,0,0,0,0,0,0,0,1,0,6,3,6,4,6,4,5,2,5,1,5,0,3,-1,1,0,0,-1,0,-3,3,-6,6,-9,7,-9,7,-9,9,-10,9,-13,10,-13,13,-9,12,-6,11,-6,10,-8,11,-7,12,-4,8,-4,3,-7,3,-8"
37.24537920951843,434,"CSI,2788,128,77,-47,20,0,4,-4,0,-5,0,-7,3,-8,4,-11,2,-14,3,-15,9,-12,9,-12,5,-17,4,-17,6,-14,6,-12,5,-10,4,-8,2,-7,0,-6,-2,-6,-3,-5,-2,-5,-1,-5,-6,-7,-8,-7,-7,-5,-7,-4,-2,-1,0,0,0,0,0,0,0,0,0,0,0,0,0,0,0,0,0,0,0,2,3,8,1,9,0,8,1,6,1,5,2,3,4,2,5,3,6,3,5,0,6,-1,8,2,11,4,13,3,14,1,15,1,15,3,14,4,13,5,11,7,10,7,7,7,6,5,8,2,9,1,8,1"
37.27863883972168,435,"CSI,683,128,101,81,22,0,9,-17,9,-17,9,-16,9,-16,9,-16,9,-16,8,-17,7,-17,7,-17,7,-17,7,-16,7,-16,7,-16,7,-16,7,-15,8,-15,7,-15,7,-14,7,-13,7,-12,7,-12,7,-11,6,-11,6,-10,6,-10,1,-3,0,0,0,0,0,0,0,0,0,0,0,0,0,0,0,0,0,0,1,-4,4,-13,5,-14,5,-14,6,-15,6,-15,6,-16,7,-16,8,-16,9,-17,10,-17,10,-17,10,-17,10,-17,10,-17,11,-17,10,-17,10,-17,10,-17,11,-17,11,-17,10,-17,10,-17,10,-17,10,-17,11,-17,11,-18"
37.37286901473999,436,"CSI,684,128,101,81,22,0,21,-8,21,-8,21,-8,21,-9,21,-9,20,-10,20,-10,20,-10,20,-11,19,-11,19,-11,19,-11,19,-11,19,-11,20,-11,19,-11,19,-10,18,-9,17,-9,17,-9,17,-8,16,-8,16,-7,15,-7,15,-6,3,-2,0,0,0,0,0,0,0,0,0,0,0,0,0,0,0,0,0,0,3,-2,14,-8,14,-8,15,-8,16,-8,17,-8,17,-8,18,-8,19,-7,20,-7,21,-7,21,-7,21,-6,21,-6,21,-5,21,-5,21,-5,21,-5,21,-6,22,-7,22,-7,22,-7,21,-7,21,-7,22,-7,22,-7,23,-7"
37.4123740196228,437,"CSI,2789,128,101,80,6,0,-6,3,-8,-1,-6,-3,-9,-4,-13,-4,-15,-6,-17,-6,-18,-4,-14,-2,-11,-2,-12,-3,-11,-3,-8,-4,-5,-4,-6,-2,-5,-2,-3,-2,-3,0,-1,2,0,4,0,5,1,4,3,4,4,5,3,5,0,1,0,0,0,0,0,0,0,0,0,0,0,0,0,0,0,0,0,0,-2,1,-6,4,-7,3,-6,3,-4,1,-4,2,-6,4,-6,4,-2,2,4,1,9,2,12,4,13,5,13,3,15,2,16,2,17,1,17,1,15,2,15,4,16,3,16,1,15,0,14,0,10,0,9,-3,9,-7"
37.48775315284729,438,"CSI,685,128,101,81,22,0,-19,-2,-19,-2,-19,-2,-19,-1,-19,0,-19,0,-19,0,-19,0,-19,0,-19,0,-19,0,-19,1,-19,1,-19,1,-19,1,-19,1,-18,0,-18,0,-17,-1,-17,0,-16,0,-16,-1,-15,-1,-15,-2,-14,-2,-4,-1,0,0,0,0,0,0,0,0,0,0,0,0,0,0,0,0,0,0,-4,0,-14,0,-14,-1,-14,-1,-15,-1,-16,-1,-17,-2,-17,-3,-17,-3,-18,-3,-18,-3,-18,-4,-18,-5,-18,-5,-18,-5,-18,-5,-19,-4,-19,-4,-19,-4,-19,-3,-19,-3,-19,-2,-19,-3,-19,-3,-19,-3,-20,-3,-21,-2"
37.51818609237671,439,"CSI,436,128,-117,-78,40,0,16,9,17,9,17,9,17,8,17,8,17,7,18,7,18,7,18,7,18,7,18,7,18,6,18,6,19,6,18,7,18,7,17,8,16,8,16,8,15,7,15,7,14,7,14,7,13,7,12,8,3,2,0,0,0,0,0,0,0,0,0,0,0,0,0,0,0,0,0,0,2,1,11,4,11,5,11,5,12,6,12,6,13,7,13,8,13,8,14,9,14,9,14,10,14,10,14,10,14,10,14,10,14,10,14,11,15,10,15,10,15,9,15,9,16,9,16,10,16,9,17,9,18,9"
37.551584005355835,440,"CSI,2199,128,83,49,21,0,-12,-3,-10,2,-7,9,-8,13,-12,16,-15,17,-18,16,-22,17,-21,17,-17,16,-15,15,-14,15,-14,13,-12,10,-11,8,-11,8,-9,6,-6,4,-3,4,1,3,3,3,4,3,5,3,5,5,5,7,1,1,0,0,0,0,0,0,0,0,0,0,0,0,0,0,0,0,0,0,1,-2,4,-9,3,-13,4,-14,5,-11,4,-9,4,-9,3,-8,0,-6,-3,-4,-6,-2,-8,0,-8,-3,-11,-5,-13,-6,-14,-9,-15,-12,-16,-13,-16,-13,-16,-13,-16,-13,-15,-12,-14,-12,-13,-13,-14,-13,-15,-13,-13,-12"
37.579411029815674,441,"CSI,3598,128,-5,-79,31,0,24,4,24,4,24,3,24,2,24,2,24,1,24,1,24,1,24,0,24,0,23,0,23,0,23,0,24,0,24,0,23,0,22,1,22,2,21,2,20,1,19,1,19,1,18,2,17,2,17,3,4,0,0,0,0,0,0,0,0,0,0,0,0,0,0,0,0,0,0,0,4,0,16,0,16,1,17,1,18,1,19,2,19,3,20,4,20,4,21,4,22,5,22,5,22,6,22,6,22,6,22,6,22,6,22,6,22,6,23,5,23,5,23,4,23,5,23,5,23,4,24,4,25,5"
37.609923124313354,442,"CSI,686,128,101,81,22,0,26,11,26,10,27,10,27,8,27,7,27,7,27,7,27,7,27,6,27,6,27,6,26,5,27,5,28,5,28,5,27,5,26,6,25,7,24,7,23,6,23,5,22,6,21,6,20,7,19,7,4,2,0,0,0,0,0,0,0,0,0,0,0,0,0,0,0,0,0,0,5,1,21,5,21,6,21,6,22,7,23,8,24,9,24,11,25,11,26,12,26,12,25,13,25,15,25,15,25,15,25,15,25,15,25,15,25,14,25,13,26,12,26,12,26,12,26,12,26,12,27,11,28,11"
37.6395320892334,443,"CSI,2203,128,83,49,21,0,9,-3,6,-5,3,-7,1,-11,1,-16,-1,-19,1,-21,7,-24,6,-25,4,-25,5,-23,5,-20,5,-16,7,-13,4,-13,1,-12,-1,-10,-2,-8,-3,-4,-4,-2,-5,-3,-6,-5,-8,-3,-10,-2,-12,0,-4,0,0,0,0,0,0,0,0,0,0,0,0,0,0,0,0,0,0,0,0,1,4,8,4,10,4,11,3,10,1,8,0,9,0,9,-1,6,-2,5,1,4,5,1,7,-1,10,-2,11,-4,13,-4,17,-4,19,-2,20,-1,22,-2,24,-1,26,3,27,5,26,6,25,8,22,7,19,2"
37.71595907211304,444,"CSI,687,128,101,81,22,0,13,-21,13,-21,13,-20,13,-20,13,-20,12,-20,11,-20,10,-21,10,-21,9,-21,9,-21,9,-21,9,-21,9,-20,10,-20,10,-20,9,-19,9,-18,9,-17,9,-17,9,-16,9,-16,8,-15,8,-14,8,-14,2,-4,0,0,0,0,0,0,0,0,0,0,0,0,0,0,0,0,0,0,1,-4,7,-16,7,-16,8,-17,9,-17,10,-18,10,-18,11,-19,12,-19,13,-19,14,-19,14,-20,14,-20,15,-20,15,-19,15,-19,15,-19,15,-19,15,-19,15,-20,16,-19,15,-20,15,-20,14,-20,14,-20,15,-20,15,-20"
37.75171113014221,445,"CSI,2208,128,83,49,21,0,-7,-15,-10,-12,-10,-9,-11,-10,-13,-14,-14,-13,-15,-14,-13,-20,-12,-20,-13,-17,-12,-17,-11,-16,-11,-12,-9,-13,-6,-16,-4,-12,-4,-6,-5,-4,-6,-4,-5,-2,-5,0,-6,0,-7,-1,-10,-1,-12,0,-3,0,0,0,0,0,0,0,0,0,0,0,0,0,0,0,0,0,0,0,1,-4,5,-13,4,-12,2,-12,1,-11,0,-10,-2,-12,-1,-12,-2,-10,-2,-10,-1,-11,-2,-13,-3,-16,-6,-19,-5,-21,-2,-22,1,-22,1,-22,1,-22,0,-25,-1,-26,-1,-25,1,-24,1,-23,2,-21,4,-20,2,-21"
37.82625412940979,446,"CSI,688,128,101,81,22,0,14,-14,14,-14,14,-14,14,-15,13,-15,13,-15,12,-15,11,-15,11,-15,10,-16,10,-16,10,-16,10,-15,11,-15,11,-15,11,-15,10,-14,10,-13,10,-13,10,-12,9,-12,9,-11,9,-10,9,-10,8,-9,2,-3,0,0,0,0,0,0,0,0,0,0,0,0,0,0,0,0,0,0,2,-4,10,-14,10,-14,11,-14,12,-14,13,-15,13,-15,14,-15,15,-15,16,-15,17,-15,17,-14,17,-14,17,-14,17,-14,17,-13,17,-13,17,-13,16,-13,17,-14,16,-14,16,-14,15,-14,15,-14,15,-14,16,-15,16,-15"
37.92767405509949,447,"CSI,2215,128,83,49,21,0,13,7,12,3,11,0,14,-5,18,-9,19,-11,20,-9,21,-6,21,-8,22,-11,21,-11,20,-12,21,-10,19,-5,17,-3,13,-2,9,-1,7,-2,5,-3,3,-3,-1,-4,-2,-5,-2,-6,-2,-6,-1,-8,0,-3,0,0,0,0,0,0,0,0,0,0,0,0,0,0,0,0,0,0,1,2,3,11,0,12,-2,13,-2,13,-2,14,-3,14,-3,9,-3,7,-1,7,-1,8,1,8,4,7,6,7,7,9,10,11,16,11,17,11,17,10,17,11,18,12,20,15,18,19,14,19,15,19,18,18,18,14"
37.96389603614807,448,"CSI,689,128,101,81,22,0,17,-15,16,-15,16,-15,16,-15,16,-15,15,-16,14,-16,13,-16,13,-17,12,-17,12,-17,12,-17,12,-17,12,-16,13,-16,13,-16,12,-15,11,-15,11,-14,11,-14,11,-13,11,-13,11,-12,10,-11,10,-11,2,-3,0,0,0,0,0,0,0,0,0,0,0,0,0,0,0,0,0,0,3,-4,13,-14,14,-14,15,-15,16,-15,17,-15,17,-15,18,-15,18,-15,20,-15,21,-14,21,-14,20,-14,20,-14,20,-14,20,-13,20,-13,20,-13,20,-13,20,-14,20,-14,19,-14,19,-14,18,-14,18,-15,19,-15,19,-15"
37.997294187545776,449,"CSI,2790,128,75,-79,20,0,-19,2,-15,3,-11,5,-10,11,-9,15,-9,19,-13,23,-18,23,-16,25,-13,25,-11,23,-11,22,-12,21,-13,19,-12,15,-8,10,-8,8,-6,8,-3,8,-1,6,2,5,4,3,5,2,7,5,8,7,2,2,0,0,0,0,0,0,0,0,0,0,0,0,0,0,0,0,0,0,-3,-2,-9,-8,-10,-8,-11,-9,-11,-13,-9,-15,-7,-12,-7,-10,-7,-10,-7,-10,-7,-7,-9,-4,-10,-4,-11,-3,-11,-2,-12,0,-17,1,-21,1,-23,-2,-25,-4,-28,-2,-31,-2,-32,-6,-30,-7,-28,-5,-26,-3,-26,-2"
38.030426025390625,450,"CSI,2791,128,75,-79,20,0,18,3,15,-2,10,-4,8,-8,10,-12,14,-14,18,-15,21,-14,22,-15,20,-16,18,-14,18,-13,17,-13,16,-12,14,-11,11,-9,8,-8,5,-8,3,-7,0,-4,-2,-3,-3,-4,-3,-7,-4,-10,-4,-14,-1,-4,0,0,0,0,0,0,0,0,0,0,0,0,0,0,0,0,0,0,1,2,6,8,8,7,7,10,6,11,5,11,5,12,4,12,4,12,5,11,4,9,5,8,7,8,8,6,11,4,16,2,19,1,22,1,23,1,24,3,26,7,25,11,23,13,24,12,26,11,22,10,15,6"
38.059484004974365,451,"CSI,2220,128,83,49,21,0,17,-4,15,-8,10,-10,9,-14,10,-17,12,-18,15,-18,17,-16,17,-18,14,-22,12,-24,12,-23,12,-20,12,-18,12,-15,9,-12,7,-10,5,-9,3,-7,0,-6,-3,-5,-6,-5,-7,-8,-7,-10,-7,-10,-2,-3,0,0,0,0,0,0,0,0,0,0,0,0,0,0,0,0,0,0,1,2,5,9,6,8,9,8,10,12,9,15,8,13,8,9,7,9,6,9,7,8,8,9,9,8,10,5,11,3,13,2,19,1,24,-1,25,-2,28,-1,30,1,30,3,29,5,25,4,26,5,28,8,25,10"
38.13245606422424,452,"CSI,2223,128,83,49,21,0,13,-4,9,-7,5,-12,1,-14,0,-16,2,-17,6,-22,7,-30,4,-32,3,-25,6,-19,9,-17,10,-15,10,-12,10,-10,9,-9,8,-8,4,-7,0,-5,-1,-6,-2,-7,-5,-7,-6,-6,-5,-8,-7,-11,-3,-4,0,0,0,0,0,0,0,0,0,0,0,0,0,0,0,0,0,0,2,0,9,0,9,0,12,1,14,2,16,3,16,3,14,3,12,3,11,3,11,3,11,2,10,0,7,-2,6,-5,10,-7,14,-7,14,-6,17,-7,21,-10,22,-12,25,-12,28,-9,28,-5,26,-4,23,-5,22,-6"
38.17249798774719,453,"CSI,691,128,101,81,22,0,-13,-21,-13,-20,-14,-20,-14,-19,-13,-19,-14,-18,-14,-18,-15,-18,-15,-18,-15,-18,-15,-18,-15,-17,-15,-17,-15,-16,-14,-16,-14,-16,-13,-16,-13,-16,-12,-16,-11,-14,-10,-14,-10,-13,-10,-13,-9,-13,-9,-13,-2,-4,0,0,0,0,0,0,0,0,0,0,0,0,0,0,0,0,0,0,-4,-4,-14,-14,-14,-15,-14,-17,-14,-17,-14,-18,-14,-20,-14,-21,-14,-22,-14,-22,-13,-22,-12,-23,-12,-24,-12,-24,-12,-24,-12,-24,-12,-24,-12,-24,-11,-23,-12,-22,-12,-22,-12,-22,-13,-22,-13,-22,-13,-22,-13,-22,-14,-22"
38.23307394981384,454,"CSI,2228,128,83,49,21,0,17,-2,12,-5,9,-7,8,-9,8,-15,8,-22,7,-22,5,-16,7,-16,11,-19,12,-18,12,-16,12,-13,12,-12,11,-13,9,-12,6,-10,4,-6,3,-2,2,-1,-1,-2,-5,-5,-6,-7,-5,-7,-4,-9,-1,-3,0,0,0,0,0,0,0,0,0,0,0,0,0,0,0,0,0,0,2,1,7,5,8,6,11,4,13,2,14,3,15,5,12,8,10,9,11,9,11,9,10,7,10,3,10,2,12,3,15,0,17,-5,20,-6,23,-6,25,-4,28,-1,30,-1,29,-2,28,-2,29,-3,29,-2,28,2"
38.27442216873169,455,"CSI,692,128,101,81,22,0,-10,16,-9,16,-9,16,-9,15,-9,16,-8,16,-8,16,-7,16,-7,16,-7,16,-6,16,-7,16,-7,16,-7,15,-8,15,-8,15,-7,15,-7,14,-7,13,-8,12,-8,12,-7,11,-7,11,-7,10,-7,10,-2,2,0,0,0,0,0,0,0,0,0,0,0,0,0,0,0,0,0,0,-1,3,-4,13,-5,14,-5,14,-6,15,-7,15,-7,16,-7,16,-8,16,-9,17,-10,17,-10,16,-10,16,-10,16,-11,16,-11,16,-11,16,-11,16,-11,16,-11,15,-11,15,-10,16,-10,16,-9,16,-10,16,-10,16,-10,17"
38.33401393890381,456,"CSI,2231,128,83,49,21,0,21,1,18,-1,13,-4,8,-9,5,-12,0,-15,0,-21,6,-25,8,-27,5,-31,6,-32,7,-27,6,-23,6,-21,7,-20,5,-16,4,-11,4,-8,2,-6,-2,-2,-3,0,-5,0,-8,1,-11,2,-12,0,-3,-1,0,0,0,0,0,0,0,0,0,0,0,0,0,0,0,0,0,0,1,2,4,11,4,12,3,13,2,13,2,13,1,15,1,16,2,14,2,15,1,14,1,10,5,8,8,5,10,3,12,2,15,2,17,0,19,0,23,0,27,2,30,3,30,4,30,5,31,5,32,5,30,3"
38.38246297836304,457,"CSI,693,128,101,81,22,0,22,4,22,3,22,2,22,1,22,1,22,0,21,0,21,0,21,-1,20,-1,20,-1,20,-1,20,-2,20,-2,20,-2,19,-1,19,-1,18,0,17,0,17,-1,16,-1,15,-1,15,0,14,0,14,1,3,0,0,0,0,0,0,0,0,0,0,0,0,0,0,0,0,0,0,0,5,-1,20,-1,20,0,21,0,22,1,23,2,24,2,24,3,25,4,26,4,26,5,26,6,25,7,25,7,25,7,25,7,25,7,24,7,24,6,24,6,24,5,24,5,24,5,24,5,24,5,25,4,25,3"
38.43566918373108,458,"CSI,2235,128,83,49,21,0,3,13,4,8,7,5,10,4,14,2,16,1,20,-4,25,-7,24,-4,22,-1,21,-1,21,-1,19,-1,15,-1,12,0,11,1,11,1,8,0,6,1,5,2,3,-1,1,-6,0,-7,1,-7,1,-7,0,-2,0,0,0,0,0,0,0,0,0,0,0,0,0,0,0,0,0,0,-2,1,-8,6,-9,7,-9,9,-9,8,-8,7,-7,7,-9,10,-11,11,-9,9,-6,7,-6,5,-4,7,-2,10,0,12,2,13,3,16,4,17,6,19,7,21,8,23,8,27,5,28,3,28,4,27,3,27,2,27"
38.50342297554016,459,"CSI,694,128,101,81,22,0,17,-17,17,-17,17,-17,17,-17,16,-18,15,-18,14,-18,13,-18,13,-18,12,-18,12,-18,11,-19,11,-18,12,-18,12,-18,12,-18,11,-17,10,-16,10,-16,10,-15,10,-14,10,-14,10,-13,9,-13,9,-12,2,-3,0,0,0,0,0,0,0,0,0,0,0,0,0,0,0,0,0,0,3,-5,14,-16,14,-17,15,-17,17,-17,17,-17,18,-18,19,-18,20,-18,21,-18,22,-18,22,-17,22,-17,22,-16,22,-16,22,-16,22,-16,21,-16,21,-16,21,-16,21,-16,21,-17,20,-17,19,-17,19,-16,20,-17,20,-17"
38.54206609725952,460,"CSI,2240,128,83,49,21,0,16,1,13,-2,12,-6,12,-10,12,-13,13,-16,13,-18,10,-18,12,-17,15,-19,13,-20,11,-19,13,-17,15,-14,13,-14,11,-14,9,-12,6,-10,4,-8,2,-6,-1,-4,-4,-4,-7,-4,-8,-5,-5,-6,-1,-2,0,0,0,0,0,0,0,0,0,0,0,0,0,0,0,0,0,0,2,1,8,7,5,8,3,9,3,12,3,13,3,12,4,11,3,10,0,9,-1,8,0,6,2,5,6,2,9,0,14,-1,19,-2,21,1,24,5,28,6,28,4,27,5,29,7,30,9,27,11,23,10,22,9"
38.578283071517944,461,"CSI,440,128,-117,-78,40,0,16,-16,16,-17,15,-17,15,-17,15,-17,14,-17,14,-17,13,-17,13,-18,12,-18,12,-18,12,-18,12,-18,12,-18,13,-17,13,-17,12,-16,12,-16,11,-15,12,-14,11,-14,11,-13,11,-13,10,-12,10,-11,2,-3,0,0,0,0,0,0,0,0,0,0,0,0,0,0,0,0,0,0,2,-4,9,-14,10,-14,11,-15,12,-15,13,-15,13,-15,14,-16,15,-16,16,-16,17,-16,17,-16,17,-16,17,-16,18,-16,18,-15,18,-15,17,-15,17,-15,18,-16,18,-16,17,-16,17,-16,16,-16,16,-16,17,-17,17,-17"
38.60891103744507,462,"CSI,2291,128,83,49,21,0,-5,-25,-5,-24,-8,-21,-6,-21,0,-22,2,-20,2,-18,1,-17,-1,-14,-2,-8,-1,-4,-1,-3,-3,-3,-4,-4,-6,-3,-6,1,-5,0,-6,-1,-6,-1,-5,-1,-5,0,-5,0,-4,-1,-4,-2,-4,-2,-1,-1,0,0,0,0,0,0,0,0,0,0,0,0,0,0,0,0,0,0,1,2,6,9,6,9,4,10,3,11,2,10,2,7,3,4,4,1,4,-2,5,-3,7,-4,9,-5,11,-7,13,-7,16,-8,19,-9,19,-9,19,-7,19,-2,19,0,16,-2,11,-2,7,-1,4,-5,1,-10,-4,-15"
38.642159938812256,463,"CSI,695,128,101,81,22,0,14,17,15,17,15,16,15,15,15,15,16,14,16,14,17,14,17,14,16,14,16,14,16,14,16,13,17,13,17,13,16,13,15,14,15,13,14,13,13,12,13,11,12,11,11,11,11,11,10,11,2,2,0,0,0,0,0,0,0,0,0,0,0,0,0,0,0,0,0,0,2,2,11,9,11,10,11,11,12,11,12,12,13,14,13,15,13,15,13,16,13,16,12,17,12,18,12,18,12,18,13,18,13,18,13,18,13,18,13,17,13,17,14,17,14,17,14,17,14,18,15,18,16,18"
38.672723054885864,464,"CSI,2244,128,83,49,21,0,14,2,9,-1,7,-6,8,-10,7,-13,5,-16,5,-16,6,-16,8,-20,8,-24,8,-26,8,-27,7,-26,8,-21,9,-17,8,-16,6,-14,5,-7,3,-3,-1,-3,-5,-3,-8,-1,-11,0,-12,0,-12,-2,-3,-1,0,0,0,0,0,0,0,0,0,0,0,0,0,0,0,0,0,0,0,2,1,8,-2,9,-5,10,-5,11,-5,11,-3,11,-3,10,-5,7,-4,6,-3,5,-3,5,-1,5,5,4,10,4,13,5,16,5,18,5,19,6,22,7,26,9,27,9,26,9,26,13,27,15,28,12,27,12"
38.70600509643555,465,"CSI,2792,128,77,-47,20,0,11,12,13,8,15,3,14,0,10,-5,10,-11,14,-14,14,-14,16,-12,22,-12,25,-14,25,-16,23,-15,18,-12,18,-9,15,-6,9,-5,6,-4,4,-2,-1,-3,-5,-5,-5,-6,-6,-8,-7,-10,-8,-11,-3,-3,0,0,0,0,0,0,0,0,0,0,0,0,0,0,0,0,0,0,-2,1,-6,6,-7,6,-9,7,-10,7,-11,4,-12,4,-13,6,-13,5,-12,5,-10,5,-7,5,-3,3,0,3,2,5,5,8,9,12,12,15,14,20,15,24,15,25,14,26,14,27,12,28,12,28,11,27,9,27"
38.73654317855835,466,"CSI,696,128,101,81,22,0,-11,8,-11,8,-11,8,-11,8,-11,8,-10,9,-9,9,-9,9,-9,9,-9,9,-9,9,-9,9,-9,9,-9,9,-9,9,-9,9,-9,8,-8,8,-8,8,-8,7,-8,7,-8,7,-8,6,-7,6,-7,6,-2,1,0,0,0,0,0,0,0,0,0,0,0,0,0,0,0,0,0,0,-2,1,-7,6,-8,6,-8,6,-9,7,-9,7,-10,7,-10,7,-10,7,-11,7,-12,7,-12,7,-12,7,-12,7,-12,6,-12,6,-12,7,-12,7,-12,7,-12,7,-12,7,-12,7,-12,7,-11,8,-12,8,-12,7,-12,7"
38.7653021812439,467,"CSI,2247,128,83,49,21,0,-9,9,-6,10,-3,9,2,8,8,10,9,12,12,13,14,13,12,16,10,19,7,17,6,16,6,16,5,14,3,13,3,12,1,8,-1,4,-2,0,-2,-2,0,-4,2,-4,4,-5,6,-7,7,-7,1,-2,0,0,0,0,0,0,0,0,0,0,0,0,0,0,0,0,0,0,-2,-2,-5,-5,-6,-8,-7,-8,-8,-7,-8,-8,-7,-8,-7,-6,-7,-6,-5,-8,-3,-7,-5,-1,-7,1,-6,1,-8,2,-11,3,-13,4,-13,6,-15,7,-19,8,-22,9,-23,9,-23,9,-23,9,-22,9,-20,9,-19,10"
38.8394730091095,468,"CSI,697,128,101,81,22,0,20,-9,20,-10,20,-10,20,-10,20,-11,20,-11,19,-11,19,-11,18,-12,18,-12,17,-12,17,-12,18,-12,18,-12,18,-12,18,-11,18,-11,17,-10,17,-9,16,-9,16,-9,15,-8,15,-8,15,-7,14,-7,3,-2,0,0,0,0,0,0,0,0,0,0,0,0,0,0,0,0,0,0,3,-3,13,-9,13,-9,14,-9,15,-9,16,-9,16,-9,17,-9,18,-9,19,-9,20,-9,20,-9,20,-8,20,-8,20,-8,21,-8,21,-8,21,-8,21,-8,21,-8,21,-9,21,-9,21,-9,20,-9,21,-9,22,-10,22,-11"
38.87038803100586,469,"CSI,2252,128,83,49,21,0,-15,7,-11,9,-7,12,-7,15,-7,17,-7,17,-7,14,-9,11,-12,15,-13,18,-11,17,-10,15,-12,14,-12,12,-10,13,-5,13,-4,10,-5,7,-2,4,2,3,4,2,5,3,6,3,6,3,7,5,1,1,0,0,0,0,0,0,0,0,0,0,0,0,0,0,0,0,0,0,-2,-3,-6,-10,-6,-10,-6,-8,-7,-8,-6,-8,-4,-6,-5,-5,-5,-5,-6,-3,-6,-1,-6,2,-7,3,-10,3,-14,4,-17,7,-20,8,-23,6,-24,3,-25,1,-27,2,-26,2,-24,1,-23,1,-24,2,-24,0,-20,-2"
38.94965314865112,470,"CSI,698,128,101,81,22,0,-24,3,-23,4,-23,4,-24,4,-23,5,-22,5,-22,6,-21,6,-21,6,-21,6,-21,6,-20,7,-21,7,-21,7,-21,7,-20,6,-19,6,-18,5,-18,5,-18,5,-17,5,-16,4,-16,4,-15,3,-15,2,-4,0,0,0,0,0,0,0,0,0,0,0,0,0,0,0,0,0,0,0,-5,0,-19,3,-20,2,-21,2,-22,2,-22,2,-23,1,-23,1,-24,1,-25,0,-25,0,-25,-1,-25,-1,-25,-2,-25,-2,-25,-1,-25,-1,-25,-1,-25,0,-25,1,-25,1,-25,1,-24,1,-24,1,-24,1,-25,1,-26,1"
38.9844970703125,471,"CSI,2255,128,83,49,21,0,-23,-6,-24,-1,-23,1,-22,2,-24,4,-26,4,-29,4,-33,4,-31,4,-25,3,-22,0,-21,-1,-19,-3,-18,-4,-16,-5,-13,-4,-9,-1,-9,0,-11,0,-10,2,-10,4,-12,6,-11,5,-12,6,-14,7,-4,1,0,0,0,0,0,0,0,0,0,0,0,0,0,0,0,0,0,0,-4,1,-14,3,-13,0,-13,-2,-13,-1,-12,-1,-13,-3,-13,-2,-13,-1,-15,-2,-15,-3,-17,0,-19,4,-20,3,-19,1,-21,1,-24,0,-26,0,-26,-1,-29,-1,-31,-1,-29,-3,-28,-7,-27,-7,-29,-8,-33,-9,-33,-9"
39.057027101516724,472,"CSI,2260,128,83,49,21,0,-21,-5,-23,-2,-23,0,-22,-1,-21,-4,-20,-5,-20,-1,-18,1,-15,-5,-16,-10,-18,-10,-17,-8,-15,-7,-13,-6,-12,-5,-10,-6,-9,-6,-10,-3,-10,-2,-10,-2,-10,-1,-8,0,-6,1,-8,0,-10,-2,-3,-1,0,0,0,0,0,0,0,0,0,0,0,0,0,0,0,0,0,0,-2,-1,-9,-1,-11,-1,-12,-2,-10,-2,-8,-3,-9,-1,-9,3,-9,2,-13,0,-15,2,-17,4,-20,4,-20,2,-21,-2,-22,-5,-22,-8,-21,-8,-20,-9,-19,-9,-18,-8,-17,-7,-20,-7,-19,-6,-17,-5,-17,-5,-19,-9"
39.09039306640625,473,"CSI,699,128,101,81,22,0,-19,8,-18,8,-18,8,-18,9,-18,9,-18,9,-17,9,-17,10,-17,10,-17,10,-16,10,-16,10,-16,10,-16,10,-16,10,-16,10,-16,9,-15,8,-15,8,-15,8,-14,7,-14,7,-13,6,-13,6,-12,5,-3,1,0,0,0,0,0,0,0,0,0,0,0,0,0,0,0,0,0,0,-3,1,-12,7,-12,7,-13,7,-14,7,-15,8,-15,7,-16,7,-17,7,-18,7,-19,7,-19,7,-19,6,-19,6,-19,6,-19,6,-20,6,-19,6,-19,7,-19,7,-20,7,-20,7,-19,7,-19,7,-19,8,-20,8,-21,8"
39.15653681755066,474,"CSI,2263,128,83,49,21,0,8,-4,7,-8,5,-13,3,-17,4,-22,7,-24,11,-26,10,-29,7,-27,8,-20,9,-15,10,-14,10,-15,7,-13,5,-11,5,-9,3,-7,0,-6,-1,-5,-4,-4,-7,-4,-10,-4,-11,-6,-10,-7,-7,-7,-2,-2,0,0,0,0,0,0,0,0,0,0,0,0,0,0,0,0,0,0,0,2,0,9,1,10,1,12,1,14,0,12,-1,8,-1,4,-1,3,0,4,2,3,6,1,11,0,15,-1,16,-1,18,2,21,5,23,5,23,4,23,5,21,8,20,10,21,10,21,9,19,5,19,2,21,1"
39.19021701812744,475,"CSI,700,128,101,81,22,0,-2,-14,-2,-14,-2,-14,-2,-14,-2,-13,-3,-13,-3,-13,-4,-13,-3,-13,-4,-13,-4,-13,-4,-13,-4,-13,-4,-12,-3,-12,-3,-12,-3,-12,-3,-12,-3,-11,-2,-11,-2,-10,-2,-10,-2,-9,-2,-9,-2,-9,-1,-3,0,0,0,0,0,0,0,0,0,0,0,0,0,0,0,0,0,0,-1,-3,-2,-10,-2,-11,-2,-11,-1,-12,-1,-12,-1,-13,-1,-13,-1,-14,-1,-14,0,-14,0,-14,0,-15,0,-15,0,-15,0,-15,0,-15,0,-15,0,-15,0,-15,0,-14,-1,-14,-1,-14,-1,-14,-1,-14,-1,-14,-1,-14"
39.25641918182373,476,"CSI,2268,128,83,49,21,0,0,9,2,4,7,-1,8,-2,9,0,13,2,12,2,7,4,10,5,13,7,12,9,11,10,10,10,7,9,5,6,4,3,2,1,2,0,2,-2,2,-6,3,-8,3,-8,3,-7,4,-8,5,-9,1,-3,0,0,0,0,0,0,0,0,0,0,0,0,0,0,0,0,0,0,-2,0,-6,0,-6,-1,-8,0,-9,1,-7,1,-6,-1,-7,1,-7,3,-6,4,-4,4,-3,6,-3,8,-4,9,-5,10,-4,13,-4,16,-5,15,-5,15,-3,17,-2,17,-2,19,-3,19,-6,16,-5,14,-2,14,-1,13"
39.28931212425232,477,"CSI,701,128,101,81,22,0,-9,20,-9,20,-9,20,-9,20,-9,20,-8,20,-7,21,-7,21,-7,21,-7,21,-6,21,-6,21,-7,21,-7,21,-7,20,-7,20,-7,20,-7,19,-8,19,-8,17,-8,17,-8,16,-8,15,-8,14,-8,14,-2,3,0,0,0,0,0,0,0,0,0,0,0,0,0,0,0,0,0,0,-1,3,-5,14,-5,14,-6,15,-6,15,-7,16,-7,17,-7,17,-8,18,-9,18,-10,18,-10,18,-10,18,-10,18,-11,18,-11,18,-11,18,-11,18,-11,19,-11,19,-11,19,-10,19,-10,19,-9,19,-10,19,-10,20,-10,20"
39.356903076171875,478,"CSI,2271,128,83,49,21,0,10,2,4,-2,0,-5,0,-5,1,-6,1,-9,-2,-8,-5,-7,-3,-11,-1,-15,0,-15,1,-13,2,-12,3,-12,2,-13,3,-11,5,-8,6,-5,5,-1,2,0,-1,0,-4,3,-8,4,-9,4,-8,4,-2,0,0,0,0,0,0,0,0,0,0,0,0,0,0,0,0,0,0,0,-2,1,-6,5,-5,5,-4,5,-3,7,-2,10,0,10,2,8,1,8,0,8,0,8,0,8,3,8,6,9,6,10,6,7,9,5,12,5,12,7,11,6,10,4,12,2,15,2,16,3,16,4,17,5,18,7"
39.3950560092926,479,"CSI,702,128,101,81,22,0,17,4,17,4,18,3,18,3,18,2,17,2,17,2,18,2,18,2,17,2,17,2,17,1,17,1,17,1,17,1,17,2,16,2,16,3,15,2,14,2,14,2,13,2,13,2,12,3,11,3,2,0,0,0,0,0,0,0,0,0,0,0,0,0,0,0,0,0,0,0,3,0,12,1,13,1,13,2,14,2,15,2,15,3,15,4,16,4,16,4,16,4,16,5,16,6,17,6,17,6,17,6,17,6,17,6,17,6,17,5,17,4,17,4,17,4,17,5,18,5,18,4,19,4"
39.50739789009094,480,"CSI,703,128,101,81,22,0,13,4,13,4,13,4,13,3,13,3,13,2,13,2,13,2,13,2,13,2,12,2,13,2,13,2,13,2,13,2,13,2,12,2,11,2,11,2,11,2,11,2,10,2,10,2,9,2,9,3,2,0,0,0,0,0,0,0,0,0,0,0,0,0,0,0,0,0,0,0,2,0,8,1,8,1,8,2,9,2,9,3,9,3,10,3,10,4,10,4,11,4,11,5,11,5,11,5,11,5,11,5,11,5,11,5,11,5,11,5,12,4,12,4,12,4,12,4,12,4,13,4,13,4"
39.56159281730652,481,"CSI,2280,128,83,49,21,0,4,-1,0,-2,-2,-3,1,-4,4,-6,5,-7,5,-9,2,-13,0,-12,1,-8,1,-7,-1,-9,1,-12,4,-12,5,-9,5,-4,4,-1,2,-1,1,-2,0,-1,-2,0,-3,2,-3,2,-6,3,-8,4,-3,1,0,0,0,0,0,0,0,0,0,0,0,0,0,0,0,0,0,0,-2,0,-7,3,-8,4,-7,3,-5,1,-5,2,-6,3,-6,2,-5,2,-3,3,-1,3,2,4,4,5,6,5,9,6,10,7,9,9,9,10,8,12,7,12,10,12,11,12,9,14,7,15,6,12,5,7,4,3"
39.61609506607056,482,"CSI,444,128,-117,-78,40,0,-26,0,-26,0,-26,0,-27,1,-27,2,-27,2,-26,2,-26,2,-26,3,-26,3,-26,3,-26,3,-27,3,-27,3,-27,3,-26,2,-25,1,-25,1,-24,0,-24,0,-23,0,-22,0,-21,-1,-21,-1,-20,-2,-5,-1,0,0,0,0,0,0,0,0,0,0,0,0,0,0,0,0,0,0,-4,0,-16,1,-16,1,-17,1,-18,1,-18,0,-19,0,-19,-1,-20,-1,-21,-1,-22,-1,-22,-2,-22,-3,-23,-3,-23,-3,-23,-3,-24,-3,-24,-3,-24,-3,-24,-2,-25,-1,-25,-1,-25,-1,-25,-1,-25,-1,-27,0,-28,0"
39.65491008758545,483,"CSI,704,128,101,81,22,0,-23,-9,-23,-9,-24,-9,-24,-8,-23,-8,-24,-7,-24,-8,-24,-8,-24,-8,-24,-8,-24,-7,-24,-7,-24,-7,-25,-7,-24,-7,-24,-8,-23,-8,-22,-9,-21,-9,-21,-8,-20,-8,-19,-8,-19,-8,-18,-9,-17,-9,-4,-3,0,0,0,0,0,0,0,0,0,0,0,0,0,0,0,0,0,0,-4,-1,-15,-4,-15,-4,-15,-5,-16,-5,-17,-5,-18,-6,-18,-7,-19,-8,-19,-8,-20,-9,-20,-10,-20,-10,-20,-11,-20,-11,-20,-10,-21,-11,-21,-11,-21,-10,-21,-10,-21,-9,-22,-9,-22,-10,-22,-10,-23,-10,-24,-9,-25,-9"
39.6833438873291,484,"CSI,2283,128,83,49,21,0,-14,-2,-13,-1,-10,-3,-5,-6,-1,-8,1,-8,2,-7,2,-6,5,-7,6,-11,2,-13,3,-13,7,-13,9,-12,6,-11,2,-9,2,-7,3,-4,3,-4,2,-5,2,-4,3,-1,4,1,3,2,4,2,1,0,0,0,0,0,0,0,0,0,0,0,0,0,0,0,0,0,0,0,0,1,1,5,1,5,3,5,3,5,3,3,4,5,4,6,3,5,3,4,3,4,2,0,-1,-5,-3,-4,-2,-2,-5,-1,-9,1,-10,2,-11,0,-14,-2,-14,-4,-15,-4,-18,-2,-21,-3,-23,-3,-24,-3,-26,-4"
39.73739814758301,485,"CSI,705,128,101,81,22,0,15,20,16,20,16,20,16,19,16,18,16,18,17,18,17,18,17,18,17,18,16,18,16,17,16,17,16,17,16,16,15,17,14,17,13,17,13,16,12,15,11,14,10,14,9,14,9,13,8,13,2,3,0,0,0,0,0,0,0,0,0,0,0,0,0,0,0,0,0,0,3,2,13,11,13,11,13,12,14,13,14,14,15,15,15,17,15,17,15,18,15,18,14,20,15,21,15,21,15,21,15,21,15,21,15,21,15,21,15,20,15,20,16,20,16,20,16,21,16,20,17,20,18,21"
39.87026500701904,486,"CSI,2292,128,83,49,21,0,-2,-9,1,-7,2,-4,7,-1,10,1,9,2,8,1,7,0,8,4,10,7,11,6,11,4,10,5,9,6,8,5,6,5,4,5,3,4,0,3,-3,1,-6,0,-7,0,-6,0,-7,2,-7,3,-2,0,0,0,0,0,0,0,0,0,0,0,0,0,0,0,0,0,0,0,0,1,3,5,3,5,1,7,0,8,2,8,1,5,-1,2,0,1,0,0,0,-3,-3,-5,-4,-6,-4,-7,-4,-9,-6,-9,-6,-12,-5,-14,-5,-15,-7,-16,-9,-15,-10,-13,-10,-12,-12,-12,-12,-13,-11,-12,-11,-11"
39.957277059555054,487,"CSI,707,128,101,81,22,0,2,12,2,12,2,12,2,11,2,11,2,11,2,11,3,11,3,11,3,11,3,11,3,11,3,10,3,10,2,10,2,10,2,10,2,9,1,9,1,8,1,8,1,7,1,7,0,7,0,7,0,1,0,0,0,0,0,0,0,0,0,0,0,0,0,0,0,0,0,0,0,1,2,7,2,8,2,8,2,9,2,9,2,10,2,10,2,11,2,11,1,11,2,11,2,12,1,12,1,12,1,12,1,12,1,12,1,12,1,12,1,12,1,11,2,12,2,12,2,12,2,12,2,11"
40.075769901275635,488,"CSI,2300,128,83,49,21,0,3,-3,1,-1,0,-1,-1,0,0,3,0,7,3,10,8,13,8,14,5,13,5,10,5,10,6,11,8,9,9,7,7,7,3,6,1,5,0,6,-1,5,-3,2,-4,1,-6,1,-6,2,-5,2,-1,0,0,0,0,0,0,0,0,0,0,0,0,0,0,0,0,0,0,0,-2,0,-8,-2,-7,-5,-5,-7,-5,-7,-4,-6,-2,-6,-1,-7,-1,-7,-1,-6,-2,-6,1,-7,5,-6,8,-3,11,-1,13,-3,16,-3,17,-3,16,-3,15,-4,16,-4,18,-4,17,-5,15,-5,14,-4,13,-6,11,-7"
40.11224722862244,489,"CSI,708,128,101,81,22,0,-6,-15,-6,-15,-6,-14,-5,-14,-6,-13,-6,-13,-6,-13,-7,-13,-7,-13,-7,-13,-7,-13,-7,-13,-7,-12,-7,-12,-6,-12,-6,-12,-6,-12,-6,-12,-6,-11,-5,-11,-5,-10,-5,-10,-4,-10,-4,-10,-4,-10,-1,-3,0,0,0,0,0,0,0,0,0,0,0,0,0,0,0,0,0,0,-2,-3,-5,-11,-5,-11,-5,-12,-5,-12,-5,-13,-5,-14,-5,-14,-5,-15,-5,-15,-4,-15,-4,-16,-4,-16,-4,-16,-4,-16,-4,-16,-4,-16,-4,-16,-4,-15,-4,-15,-4,-15,-4,-15,-5,-15,-5,-15,-5,-15,-5,-14,-4,-14"
40.18945789337158,490,"CSI,709,128,101,81,22,0,20,12,21,12,21,11,22,11,22,10,22,9,22,9,23,9,23,9,23,9,23,9,22,9,23,9,23,8,23,8,23,9,22,10,21,10,21,9,20,9,19,8,19,8,18,9,17,9,16,9,4,2,0,0,0,0,0,0,0,0,0,0,0,0,0,0,0,0,0,0,3,0,15,3,15,4,16,4,16,5,17,6,18,7,18,8,19,9,19,9,19,10,19,11,19,12,19,13,19,12,19,12,19,12,19,13,19,13,19,12,20,11,20,11,20,12,20,12,20,12,21,12,23,12"
40.280519008636475,491,"CSI,2308,128,83,49,21,0,9,3,9,0,8,-1,8,-5,10,-9,10,-8,9,-10,11,-15,12,-14,13,-11,13,-9,13,-7,14,-4,14,-3,11,-5,6,-5,2,-2,1,-1,-1,-1,-4,-4,-5,-7,-5,-6,-5,-5,-5,-5,-7,-6,-2,-2,0,0,0,0,0,0,0,0,0,0,0,0,0,0,0,0,0,0,-1,2,-4,8,-5,7,-7,7,-7,6,-5,4,-3,3,-2,2,-1,2,-1,2,-1,2,2,3,6,6,9,10,8,12,6,14,8,16,7,16,4,16,3,16,4,16,7,16,6,16,7,15,11,12,11,10,11,8"
40.32050108909607,492,"CSI,710,128,101,81,22,0,-19,-13,-19,-13,-20,-12,-20,-11,-19,-11,-19,-10,-20,-10,-20,-10,-20,-10,-19,-10,-19,-9,-19,-9,-19,-8,-20,-8,-19,-8,-19,-8,-18,-9,-18,-9,-17,-8,-16,-7,-16,-7,-15,-7,-14,-7,-14,-7,-13,-8,-4,-2,0,0,0,0,0,0,0,0,0,0,0,0,0,0,0,0,0,0,-5,-3,-19,-9,-19,-10,-19,-11,-19,-11,-20,-12,-21,-13,-21,-14,-21,-15,-21,-15,-21,-16,-20,-17,-20,-18,-20,-18,-20,-18,-20,-17,-20,-17,-20,-17,-20,-17,-20,-16,-20,-15,-20,-15,-20,-15,-20,-15,-20,-15,-20,-15,-21,-15"
40.41258907318115,493,"CSI,711,128,101,81,22,0,-3,25,-3,25,-2,24,-3,24,-3,24,-2,24,-1,24,0,24,0,24,0,24,0,24,0,24,0,24,0,23,0,23,-1,23,-1,23,-1,22,-1,21,-2,20,-2,19,-2,19,-3,18,-3,17,-3,17,-1,4,0,0,0,0,0,0,0,0,0,0,0,0,0,0,0,0,0,0,0,4,0,18,0,19,-1,20,-2,20,-2,21,-2,22,-2,23,-3,24,-4,24,-5,24,-6,24,-6,25,-6,25,-6,25,-6,25,-6,25,-6,25,-5,24,-6,24,-5,24,-5,25,-4,25,-4,25,-4,25,-5,25,-4,26"
40.484856843948364,494,"CSI,2316,128,83,49,21,0,-6,0,-10,-2,-12,-2,-15,-1,-15,1,-17,1,-15,0,-12,3,-13,5,-15,3,-15,3,-14,5,-11,4,-7,3,-5,2,-3,1,-2,0,0,0,4,0,6,-1,7,-1,9,0,10,1,8,1,8,2,2,0,0,0,0,0,0,0,0,0,0,0,0,0,0,0,0,0,0,0,-2,0,-7,2,-8,2,-9,0,-10,-3,-11,-3,-9,-1,-6,-1,-3,-2,-1,-2,2,0,4,1,5,0,7,-1,10,0,13,-1,16,1,17,2,16,2,14,1,12,2,10,2,10,0,12,-1,14,-2,13,-4,8,-5"
40.52979111671448,495,"CSI,712,128,101,81,22,0,12,21,12,21,13,20,13,19,13,19,13,19,14,19,14,19,14,18,14,18,14,18,14,17,14,17,14,17,13,17,13,17,12,17,12,17,11,16,10,15,9,15,9,14,8,14,8,14,7,14,1,3,0,0,0,0,0,0,0,0,0,0,0,0,0,0,0,0,0,0,3,4,12,16,12,17,12,18,12,19,12,20,13,21,13,22,13,23,12,23,12,23,12,24,11,25,11,25,11,25,11,25,11,24,11,24,11,24,11,23,11,22,12,22,12,23,13,23,13,22,13,22,14,23"
40.587687969207764,496,"CSI,2320,128,83,49,21,0,9,-3,7,-5,4,-7,-1,-9,-2,-12,-2,-14,-3,-17,-6,-23,-7,-24,-5,-22,-4,-19,-4,-16,-2,-15,0,-14,1,-13,4,-11,4,-7,1,-2,-2,1,-3,2,-4,1,-5,1,-6,3,-7,3,-8,2,-3,0,0,0,0,0,0,0,0,0,0,0,0,0,0,0,0,0,0,0,0,2,-1,8,-4,7,-6,7,-6,7,-6,4,-7,1,-8,1,-7,4,-5,3,-3,-1,0,-2,3,-1,6,2,9,4,12,5,14,6,16,9,16,10,15,10,15,10,17,9,17,8,17,9,18,8,14,5,11,0"
40.633644104003906,497,"CSI,713,128,101,81,22,0,3,11,4,11,4,11,4,10,4,10,4,10,4,10,4,10,4,10,4,10,4,9,4,9,4,9,4,9,4,9,4,9,3,9,3,9,3,8,2,8,2,7,2,7,2,7,1,6,1,6,0,1,0,0,0,0,0,0,0,0,0,0,0,0,0,0,0,0,0,0,1,2,4,9,4,9,4,9,4,10,4,10,4,11,3,11,3,12,3,12,3,12,3,13,2,13,2,13,2,13,3,13,2,13,3,13,3,12,3,12,3,12,3,12,3,12,3,12,3,12,3,12,4,12"
40.66994595527649,498,"CSI,448,128,-117,-78,40,0,-3,-14,-3,-14,-3,-14,-3,-13,-3,-13,-4,-13,-4,-12,-4,-12,-4,-12,-5,-12,-5,-12,-5,-12,-5,-12,-5,-11,-4,-11,-4,-11,-4,-11,-4,-11,-4,-10,-3,-10,-3,-9,-3,-9,-3,-8,-2,-8,-2,-8,-1,-2,0,0,0,0,0,0,0,0,0,0,0,0,0,0,0,0,0,0,-1,-3,-3,-11,-3,-11,-3,-12,-3,-12,-3,-13,-3,-13,-3,-14,-2,-14,-2,-14,-2,-15,-1,-15,-1,-15,-1,-15,-1,-15,-1,-15,-1,-15,-2,-15,-2,-15,-2,-15,-2,-14,-2,-14,-3,-14,-3,-14,-3,-14,-2,-14,-2,-14"
40.70410704612732,499,"CSI,2323,128,83,49,21,0,-3,-14,-4,-12,-6,-13,-7,-14,-11,-15,-17,-15,-19,-17,-20,-20,-18,-20,-17,-17,-14,-14,-9,-15,-7,-17,-5,-15,-2,-11,-1,-8,-3,-6,-5,-4,-6,-1,-7,-2,-7,-2,-8,0,-9,-1,-10,-2,-9,-1,-2,0,0,0,0,0,0,0,0,0,0,0,0,0,0,0,0,0,0,0,1,-3,5,-10,8,-10,8,-10,7,-10,7,-9,9,-8,9,-7,6,-7,5,-8,4,-9,3,-11,1,-12,-2,-13,-1,-16,1,-18,2,-20,3,-21,5,-20,6,-21,7,-21,7,-20,4,-21,4,-22,4,-21,2,-20,-1,-22"
40.76148509979248,500,"CSI,714,128,101,81,22,0,-20,11,-19,12,-19,12,-19,12,-19,12,-18,12,-17,12,-16,12,-16,12,-15,12,-15,12,-15,12,-15,12,-15,12,-15,12,-15,11,-14,11,-13,10,-13,9,-13,9,-13,8,-12,8,-12,7,-12,6,-11,6,-3,1,0,0,0,0,0,0,0,0,0,0,0,0,0,0,0,0,0,0,-4,2,-15,11,-15,11,-16,11,-17,11,-18,11,-18,12,-19,12,-20,11,-21,11,-22,12,-22,11,-22,11,-22,11,-22,11,-22,10,-22,10,-22,10,-22,10,-22,11,-22,11,-22,11,-21,11,-20,11,-21,11,-21,12,-22,12"
40.79420614242554,501,"CSI,2327,128,83,49,21,0,-1,2,0,1,1,0,7,0,12,1,12,4,12,8,15,13,17,10,16,7,15,8,13,7,9,6,7,6,4,5,0,1,-3,-1,-5,-2,-4,-3,-4,-5,-3,-7,-2,-7,-2,-7,-2,-6,-5,-7,-2,-2,0,0,0,0,0,0,0,0,0,0,0,0,0,0,0,0,0,0,0,-3,3,-12,5,-11,6,-11,4,-11,2,-11,3,-10,4,-9,4,-7,4,-6,2,-3,-2,-1,-4,-1,-5,0,-7,0,-11,2,-14,5,-15,3,-15,2,-17,5,-18,5,-19,4,-18,3,-16,3,-14,4,-9,5,-4,7"
40.861518144607544,502,"CSI,715,128,101,81,22,0,20,11,20,11,21,11,20,10,20,9,20,8,20,8,20,8,20,8,20,8,20,8,19,7,19,7,20,6,19,6,19,7,18,7,17,8,16,7,15,7,15,6,14,6,13,6,13,6,12,7,3,1,0,0,0,0,0,0,0,0,0,0,0,0,0,0,0,0,0,0,4,1,17,5,18,5,18,6,19,7,20,8,20,9,21,10,21,11,22,11,22,12,21,13,21,14,21,14,21,14,21,14,21,14,21,14,21,13,21,13,21,12,21,12,21,12,22,13,22,12,22,12,23,12"
40.895004987716675,503,"CSI,2331,128,83,49,21,0,1,-9,0,-4,0,1,2,5,6,7,10,9,11,9,12,5,13,9,12,16,12,16,12,15,12,14,11,11,9,10,5,9,2,7,-2,5,-5,2,-6,-1,-5,-2,-5,-2,-6,-3,-9,-2,-10,-2,-3,-1,0,0,0,0,0,0,0,0,0,0,0,0,0,0,0,0,0,0,-2,1,-6,8,-4,9,-5,7,-6,6,-6,8,-6,7,-6,5,-6,5,-3,3,0,-2,-1,-4,-3,-4,-1,-5,2,-7,2,-11,1,-17,3,-20,3,-21,4,-21,5,-20,4,-20,1,-22,-2,-23,-3,-22,-1,-19,-1,-20"
40.9791419506073,504,"CSI,716,128,101,81,22,0,23,1,23,0,23,0,23,-1,23,-2,23,-2,22,-2,22,-2,22,-3,22,-3,21,-3,21,-3,21,-3,22,-3,22,-3,21,-3,21,-2,20,-1,19,-1,19,-1,18,-2,17,-1,17,-1,16,0,15,0,3,0,0,0,0,0,0,0,0,0,0,0,0,0,0,0,0,0,0,0,4,-1,16,-4,16,-3,17,-3,18,-3,19,-2,20,-2,20,-1,21,0,22,0,23,0,23,1,23,2,23,2,23,2,23,2,23,2,23,2,23,2,23,1,24,1,24,1,23,1,23,1,24,1,24,1,25,0"
41.01036715507507,505,"CSI,2336,128,83,49,21,0,-3,-6,-2,0,-1,8,0,13,0,15,-1,17,-2,17,-3,13,-6,14,-8,17,-6,17,-5,17,-5,16,-5,12,-6,9,-6,7,-5,5,-3,2,0,-1,0,-4,2,-6,3,-7,3,-6,4,-6,5,-6,1,-2,0,0,0,0,0,0,0,0,0,0,0,0,0,0,0,0,0,0,2,1,8,6,7,4,6,5,6,6,6,8,5,7,2,5,-1,3,-2,0,-1,-3,-2,-7,-4,-9,-3,-10,-2,-13,-2,-17,-2,-19,-3,-21,-4,-23,-8,-23,-8,-24,-6,-26,-5,-26,-5,-24,-7,-22,-8,-19,-6,-17"
41.089767932891846,506,"CSI,717,128,101,81,22,0,8,-23,7,-23,7,-23,7,-23,7,-23,7,-23,5,-23,5,-23,5,-23,4,-23,4,-23,4,-23,4,-23,4,-22,4,-22,5,-22,5,-22,4,-21,5,-20,5,-19,5,-18,5,-18,5,-17,5,-16,5,-16,1,-4,0,0,0,0,0,0,0,0,0,0,0,0,0,0,0,0,0,0,0,-4,2,-16,2,-17,3,-18,4,-19,4,-19,4,-20,5,-21,5,-21,7,-22,8,-22,9,-22,9,-23,9,-23,9,-23,9,-23,9,-22,9,-22,9,-22,9,-22,9,-22,9,-23,8,-23,8,-23,8,-23,9,-24,9,-24"
41.12044024467468,507,"CSI,2339,128,83,49,21,0,4,6,6,2,10,-1,13,-2,15,-4,18,-4,17,-4,12,-3,13,-2,17,-3,18,-4,17,0,14,3,11,4,8,1,5,-1,3,-1,2,-1,1,-3,0,-4,-2,-5,-5,-7,-6,-8,-5,-9,-5,-10,-2,-3,0,0,0,0,0,0,0,0,0,0,0,0,0,0,0,0,0,0,-4,0,-13,1,-14,-1,-13,-2,-10,-1,-7,-2,-6,-1,-6,0,-4,-1,-3,1,-4,4,-4,6,-4,10,-3,13,-1,15,0,16,-1,19,-2,21,-3,21,-4,20,-4,20,-4,20,-4,20,-4,17,-1,16,0,14,0,9"
41.165611028671265,508,"CSI,2794,128,77,-47,20,0,9,-7,9,-8,7,-10,7,-12,9,-11,9,-14,9,-13,10,-6,12,-5,12,-8,10,-9,7,-8,5,-8,4,-7,2,-3,0,1,-3,2,-6,1,-5,2,-5,3,-6,4,-7,5,-7,5,-7,4,-7,2,-2,0,0,0,0,0,0,0,0,0,0,0,0,0,0,0,0,0,0,0,-2,-2,-6,-7,-4,-10,-3,-11,-4,-9,-4,-8,-3,-6,-4,-2,-5,0,-4,2,-5,4,-5,7,-3,10,-5,12,-7,14,-8,15,-8,16,-6,16,-6,17,-7,18,-6,18,-7,17,-10,16,-10,14,-6,12,-3,7,-3,2"
41.20490908622742,509,"CSI,2343,128,83,49,21,0,5,-1,9,-5,14,-7,18,-6,20,-4,19,-4,19,-4,22,-3,21,-6,16,-10,13,-8,13,-4,12,-2,9,-1,4,0,0,2,-1,4,-1,5,-3,4,-4,3,-3,3,-3,3,-4,4,-7,5,-9,5,-2,1,0,0,0,0,0,0,0,0,0,0,0,0,0,0,0,0,0,0,2,1,10,6,7,5,6,4,6,4,5,4,3,2,0,1,-2,-1,-4,-3,-7,-6,-10,-7,-10,-6,-12,-7,-14,-8,-16,-8,-19,-8,-20,-8,-21,-8,-23,-7,-22,-6,-21,-8,-18,-7,-13,-4,-12,-2,-12,-2,-11,-3"
41.23721194267273,510,"CSI,718,128,101,81,22,0,-9,17,-8,17,-8,17,-8,16,-8,16,-7,16,-6,16,-6,16,-6,16,-5,16,-5,16,-5,16,-5,16,-6,15,-6,15,-6,15,-6,14,-6,13,-6,13,-6,12,-6,11,-6,11,-6,10,-6,10,-6,9,-2,2,0,0,0,0,0,0,0,0,0,0,0,0,0,0,0,0,0,0,-1,3,-4,14,-4,14,-5,15,-6,15,-6,16,-6,16,-7,17,-8,18,-9,18,-10,18,-10,18,-10,18,-10,18,-10,18,-10,18,-10,17,-10,17,-10,17,-10,17,-10,17,-10,17,-9,17,-9,17,-9,17,-10,18,-9,19"
41.30440926551819,511,"CSI,2347,128,83,49,21,0,2,-11,4,-13,3,-11,2,-13,0,-16,0,-17,1,-19,1,-22,-1,-19,-1,-15,1,-13,1,-12,0,-9,0,-5,1,-5,3,-4,5,1,7,6,7,6,6,5,6,3,5,2,5,3,6,5,6,4,1,0,0,0,0,0,0,0,0,0,0,0,0,0,0,0,0,0,0,0,2,1,7,7,5,7,6,5,7,6,5,7,3,6,1,4,-1,3,-4,1,-7,-1,-8,-2,-11,-4,-14,-3,-16,0,-18,2,-21,1,-21,-1,-20,1,-19,4,-17,4,-16,4,-15,4,-13,2,-11,1,-9,-1,-8,-2"
41.3360071182251,512,"CSI,719,128,101,81,22,0,13,19,13,19,13,18,13,17,13,17,13,16,14,16,14,16,14,15,14,15,15,15,14,15,14,14,14,14,14,14,13,14,13,14,13,14,12,14,11,13,10,12,10,12,9,11,9,11,9,12,2,3,0,0,0,0,0,0,0,0,0,0,0,0,0,0,0,0,0,0,3,3,12,14,12,15,12,15,12,16,12,17,13,18,13,20,13,20,12,20,12,21,12,21,11,22,12,22,11,22,11,22,11,22,11,22,12,21,12,21,12,20,12,20,12,20,13,20,13,20,13,20,13,20"
41.40954303741455,513,"CSI,2351,128,83,49,21,0,-3,-6,-1,-9,1,-10,3,-13,3,-16,2,-17,0,-19,-4,-22,-5,-20,-2,-14,1,-11,4,-11,4,-13,3,-11,4,-8,5,-6,5,-5,4,-2,1,2,-1,4,0,4,1,3,2,6,2,9,2,9,0,2,0,0,0,0,0,0,0,0,0,0,0,0,0,0,0,0,0,0,2,-2,11,-5,12,-4,11,-3,8,-5,8,-5,8,-2,6,1,3,3,0,2,-3,0,-5,3,-8,6,-10,5,-10,4,-13,6,-18,9,-19,10,-18,10,-19,9,-23,9,-22,10,-18,11,-14,11,-11,9,-8,8,-6,7"
41.435643911361694,514,"CSI,720,128,101,81,22,0,8,15,8,15,9,14,9,14,9,13,9,13,9,13,10,13,10,13,10,13,9,13,9,13,9,12,9,12,9,12,8,12,8,12,8,12,7,12,6,11,6,11,6,10,5,10,5,10,4,10,1,2,0,0,0,0,0,0,0,0,0,0,0,0,0,0,0,0,0,0,2,2,9,11,9,11,9,12,9,13,9,13,9,14,9,15,9,16,9,16,9,16,8,17,8,17,8,17,8,17,8,17,8,17,8,17,8,16,8,16,8,15,8,15,8,16,9,16,9,16,9,15,10,16"
41.509881019592285,515,"CSI,2355,128,83,49,21,0,0,-19,3,-14,7,-7,11,-1,14,3,16,6,20,9,27,8,28,5,25,4,25,5,26,7,25,7,22,5,19,3,14,3,10,2,6,1,1,1,-2,1,-4,1,-5,4,-5,8,-6,9,-6,8,-2,1,0,0,0,0,0,0,0,0,0,0,0,0,0,0,0,0,0,0,-3,1,-9,5,-9,7,-12,8,-14,7,-14,8,-14,10,-11,9,-9,8,-10,7,-9,6,-7,6,-5,2,-3,-3,-2,-6,-2,-9,0,-13,0,-14,-1,-17,-1,-23,0,-28,-1,-30,-3,-29,-4,-29,-6,-30,-6,-29,-5,-26"
41.614825963974,516,"CSI,2360,128,83,49,21,0,4,1,0,-2,-7,-4,-13,-6,-17,-9,-20,-11,-21,-14,-20,-18,-25,-17,-29,-12,-28,-9,-26,-8,-24,-7,-21,-7,-17,-7,-14,-5,-9,-2,-4,-3,1,-2,4,1,5,2,8,2,11,1,11,1,13,1,3,0,0,0,0,0,0,0,0,0,0,0,0,0,0,0,0,0,0,0,-4,-4,-12,-14,-12,-15,-11,-15,-10,-13,-10,-11,-9,-12,-6,-11,-3,-7,-2,-4,-1,-3,2,-2,4,2,6,4,9,6,11,11,14,16,16,18,18,18,20,19,22,20,22,19,21,16,22,17,22,20,20,21,19,22"
41.714329957962036,517,"CSI,2364,128,83,49,21,0,-1,-9,1,-10,4,-10,9,-15,13,-19,13,-20,11,-21,7,-21,6,-20,8,-19,10,-16,10,-14,9,-13,8,-11,6,-7,4,-3,2,1,2,3,1,4,-2,6,-2,8,1,8,1,7,0,8,1,12,0,3,0,0,0,0,0,0,0,0,0,0,0,0,0,0,0,0,0,0,3,0,12,1,12,1,12,1,11,2,9,3,6,3,3,0,1,-3,0,-2,-4,0,-9,1,-12,2,-15,2,-17,3,-19,2,-22,2,-24,3,-24,4,-23,5,-23,8,-22,11,-21,9,-18,5,-16,6,-16,7,-13,6"
41.818475008010864,518,"CSI,2368,128,83,49,21,0,-3,1,-4,-4,-7,-8,-12,-11,-16,-15,-19,-18,-17,-16,-13,-10,-13,-11,-14,-13,-12,-15,-10,-15,-10,-12,-9,-10,-6,-9,-2,-6,3,-4,5,-2,6,1,6,4,5,6,5,6,7,7,9,6,8,5,1,1,0,0,0,0,0,0,0,0,0,0,0,0,0,0,0,0,0,0,-3,-3,-9,-9,-9,-9,-9,-9,-8,-9,-7,-9,-8,-7,-6,-6,-3,-4,-2,-2,-2,1,0,4,4,9,7,12,6,14,7,16,8,17,10,16,12,17,13,17,14,16,14,14,15,15,16,16,16,16,14,16,13,14"
42.124398946762085,519,"CSI,2380,128,83,49,21,0,9,-5,10,-5,12,-5,14,-4,15,-4,16,-5,17,-4,16,-2,15,-4,15,-8,13,-10,11,-10,9,-8,8,-6,7,-4,4,-1,3,0,4,-2,3,-3,1,-2,1,1,4,2,4,2,5,4,6,5,1,1,0,0,0,0,0,0,0,0,0,0,0,0,0,0,0,0,0,0,-3,-2,-10,-9,-7,-9,-5,-8,-5,-7,-3,-6,-1,-5,1,-6,3,-6,5,-5,5,-5,6,-9,9,-10,10,-11,10,-12,10,-12,9,-14,7,-14,5,-15,5,-18,4,-19,2,-15,2,-13,2,-15,4,-14,5,-10,3,-4"
42.226608991622925,520,"CSI,2383,128,83,49,21,0,-7,-6,-7,-9,-8,-12,-8,-13,-7,-12,-7,-12,-4,-13,1,-15,1,-15,-2,-15,-3,-16,-2,-13,-1,-10,0,-10,-1,-8,0,-4,3,-1,3,-1,3,-2,3,-1,3,0,3,0,4,1,6,0,6,0,1,0,0,0,0,0,0,0,0,0,0,0,0,0,0,0,0,0,0,0,2,0,10,2,11,2,9,3,6,2,4,1,3,1,1,1,-3,0,-6,-2,-8,0,-10,2,-13,2,-15,3,-15,4,-15,4,-15,6,-13,7,-13,4,-14,3,-13,7,-12,10,-13,10,-15,7,-15,6,-12,4,-7,2"
42.432878255844116,521,"CSI,2392,128,83,49,21,0,-12,-2,-10,2,-10,5,-13,8,-17,10,-19,11,-20,7,-20,2,-20,2,-19,4,-17,4,-15,2,-12,0,-9,0,-7,0,-5,1,-2,2,0,3,0,5,0,8,0,9,-1,8,-1,6,0,7,0,7,0,1,0,0,0,0,0,0,0,0,0,0,0,0,0,0,0,0,0,0,1,-3,5,-9,5,-8,5,-7,5,-6,4,-5,3,-5,2,-4,2,-4,2,-7,-1,-10,-4,-12,-7,-14,-7,-14,-6,-14,-8,-17,-11,-21,-7,-20,-4,-18,-5,-19,-7,-21,-7,-21,-6,-19,-4,-18,-5,-16,-4,-13,-3,-10"
42.534607887268066,522,"CSI,2395,128,83,49,21,0,-4,-2,-11,-5,-15,-7,-18,-8,-21,-9,-21,-12,-22,-13,-25,-12,-24,-10,-20,-9,-16,-9,-11,-7,-8,-5,-8,-5,-7,-2,-4,1,0,2,3,4,3,6,1,7,0,9,-1,9,-1,8,0,8,-1,8,-1,2,0,0,0,0,0,0,0,0,0,0,0,0,0,0,0,0,0,0,0,2,1,10,0,12,-1,14,-2,14,-3,11,-1,11,1,10,1,8,2,5,3,1,6,-1,8,0,8,-2,13,-5,19,-9,22,-11,23,-10,23,-11,25,-11,26,-9,25,-8,23,-7,22,-6,20,-5,16,-5,13,-7"
42.6948139667511,523,"CSI,2451,128,83,49,21,0,16,7,17,7,17,8,18,11,15,12,13,11,13,7,11,3,6,1,3,1,1,2,-1,2,-1,1,1,-2,3,-5,2,-6,1,-5,1,-6,3,-5,5,-5,5,-6,5,-5,4,-4,1,-5,0,-5,-1,-2,0,0,0,0,0,0,0,0,0,0,0,0,0,0,0,0,0,0,-2,-2,-7,-5,-6,-4,-5,-4,-5,-5,-5,-6,-5,-6,-3,-5,-2,-2,-2,1,-4,1,-6,3,-8,5,-6,8,-4,9,-7,12,-8,14,-7,13,-9,10,-11,9,-10,9,-10,9,-8,8,-4,7,0,4,2,-1,6,-5"
42.741294145584106,524,"CSI,2404,128,83,49,21,0,-15,6,-11,8,-7,10,-3,16,-2,21,-4,24,-4,25,-3,22,-8,19,-12,21,-13,21,-14,18,-13,17,-10,16,-9,12,-6,10,-3,11,-1,11,3,10,3,9,3,8,5,8,5,8,5,7,7,8,1,2,0,0,0,0,0,0,0,0,0,0,0,0,0,0,0,0,0,0,-3,-1,-12,-3,-12,-4,-13,-6,-13,-7,-11,-7,-9,-8,-9,-8,-10,-8,-12,-7,-12,-5,-12,-2,-13,0,-13,0,-14,2,-16,4,-20,7,-25,10,-27,11,-30,9,-31,7,-32,4,-32,2,-32,0,-34,-3,-32,-3,-28,-1"
42.845778942108154,525,"CSI,2408,128,83,49,21,0,2,-12,-3,-12,-8,-13,-12,-16,-15,-19,-14,-21,-13,-24,-14,-27,-15,-25,-14,-21,-11,-19,-8,-18,-6,-18,-6,-17,-8,-15,-8,-10,-7,-8,-8,-8,-10,-6,-10,-4,-9,-3,-9,-2,-7,-2,-7,-4,-9,-4,-3,-1,0,0,0,0,0,0,0,0,0,0,0,0,0,0,0,0,0,0,1,-3,8,-9,10,-9,11,-9,11,-8,10,-7,11,-5,12,-4,11,-2,11,-3,10,-6,8,-8,4,-11,2,-16,1,-19,2,-23,4,-27,7,-30,9,-29,11,-30,14,-32,17,-30,20,-27,18,-25,17,-24,15,-23,11,-24"
42.944732904434204,526,"CSI,2412,128,83,49,21,0,3,11,2,5,0,0,-5,-6,-7,-13,-7,-17,-6,-17,-4,-14,-4,-15,-7,-18,-11,-19,-14,-19,-13,-21,-12,-20,-10,-17,-9,-12,-8,-9,-5,-7,-3,-3,0,-1,1,1,2,4,4,5,5,5,5,6,1,1,0,0,0,0,0,0,0,0,0,0,0,0,0,0,0,0,0,0,-1,-2,-4,-8,-3,-10,-2,-11,-1,-11,0,-11,0,-10,1,-9,3,-8,2,-9,1,-8,3,-4,2,-1,1,3,0,8,-2,13,-2,16,-1,16,-2,20,-3,26,-2,29,-1,29,-1,30,-1,28,-1,26,0,25,0,23"
43.04228401184082,527,"CSI,2415,128,83,49,21,0,7,0,5,4,3,8,3,9,4,10,4,12,5,10,8,4,9,3,9,4,7,5,5,4,5,1,8,0,10,1,9,1,5,1,1,1,-1,2,-1,4,1,5,2,4,3,5,1,7,-1,5,-1,1,0,0,0,0,0,0,0,0,0,0,0,0,0,0,0,0,0,0,2,-2,8,-6,6,-5,5,-5,6,-4,6,-2,5,-1,2,-1,-1,0,-1,1,1,1,3,3,4,9,4,12,6,11,11,11,13,13,13,15,14,14,15,11,16,9,15,5,17,1,20,1,17,2,13,4,10,5"
43.25087904930115,528,"CSI,2424,128,83,49,21,0,-5,-5,-1,-3,3,-3,6,-5,10,-5,11,-3,11,-1,13,1,15,0,17,-2,17,-4,16,-5,15,-5,13,-2,10,-3,6,-3,1,-1,0,1,-1,0,-4,-2,-7,-3,-8,-2,-8,0,-8,0,-6,-1,-2,-1,0,0,0,0,0,0,0,0,0,0,0,0,0,0,0,0,0,0,0,0,3,2,5,1,7,2,9,3,7,4,6,2,5,-1,4,-1,3,0,2,1,0,-1,-4,-4,-8,-4,-9,-4,-8,-5,-9,-7,-15,-6,-19,-7,-19,-8,-19,-7,-22,-7,-24,-5,-23,-3,-22,-3,-19,-5,-16,-9"
43.35192513465881,529,"CSI,2428,128,83,49,21,0,7,3,4,3,0,2,-3,4,-4,8,-6,8,-5,10,-4,14,-5,13,-4,11,-2,10,-3,8,-3,8,-2,9,-1,9,-2,8,-3,5,-3,1,0,-2,0,-3,0,-4,-2,-4,-2,-3,-2,-2,-4,-3,-2,-1,0,0,0,0,0,0,0,0,0,0,0,0,0,0,0,0,0,0,-2,-3,-6,-8,-5,-6,-5,-4,-3,-5,-1,-4,0,-4,-1,-5,1,-4,3,-3,3,-3,4,-1,7,2,10,3,11,4,12,5,14,5,17,5,19,5,18,3,19,4,22,5,21,3,17,1,17,1,18,2,20,1"
43.455968141555786,530,"CSI,2432,128,83,49,21,0,-4,9,-7,5,-6,2,-7,0,-10,-4,-12,-7,-16,-10,-20,-15,-21,-13,-21,-8,-22,-7,-20,-7,-18,-5,-13,-4,-10,-3,-7,-2,-4,-2,-2,-2,-3,-1,-1,1,4,2,7,-1,8,-4,10,-2,13,1,3,0,0,0,0,0,0,0,0,0,0,0,0,0,0,0,0,0,0,0,0,-4,-1,-12,0,-10,-1,-9,-4,-9,-6,-8,-3,-7,1,-6,0,-4,-2,-2,-1,-1,1,0,2,4,2,8,2,8,2,10,2,13,3,16,2,17,2,19,4,20,7,20,8,19,7,18,8,20,10,21,10,20"
43.5576012134552,531,"CSI,2436,128,83,49,21,0,-5,4,-6,3,-9,3,-14,4,-18,4,-20,3,-22,3,-25,6,-22,10,-17,11,-14,8,-14,7,-13,7,-9,6,-6,5,-4,3,-3,1,-1,1,-1,-1,1,-2,4,-4,6,-7,6,-9,4,-9,2,-9,0,-3,0,0,0,0,0,0,0,0,0,0,0,0,0,0,0,0,0,0,-1,-3,-2,-10,-2,-10,-3,-11,0,-11,2,-9,2,-9,2,-8,3,-4,4,-2,6,0,6,2,4,4,3,6,3,7,7,10,10,13,8,13,9,15,12,16,14,17,14,17,14,17,12,16,11,16,9,18,5,19"
43.66211700439453,532,"CSI,2439,128,83,49,21,0,2,-4,6,-5,8,-5,9,-7,12,-8,13,-11,13,-11,14,-7,15,-8,14,-10,13,-9,11,-11,9,-12,10,-9,10,-8,7,-8,3,-5,0,-2,-3,-2,-5,-2,-4,-1,-4,0,-7,-1,-8,-1,-9,-1,-3,-1,0,0,0,0,0,0,0,0,0,0,0,0,0,0,0,0,0,0,-2,-3,-4,-10,-3,-11,-2,-12,0,-11,3,-7,4,-4,4,-3,2,-1,3,1,2,1,0,2,-3,6,-4,12,-5,16,-8,16,-11,16,-13,18,-14,19,-15,18,-15,16,-16,15,-14,15,-11,16,-9,16,-6,13,-5,9"
43.763859033584595,533,"CSI,2444,128,83,49,21,0,2,5,2,-2,1,-8,-1,-12,-3,-16,-5,-20,-1,-25,3,-27,-1,-26,-7,-26,-7,-24,-6,-21,-6,-19,-4,-17,-1,-13,-2,-10,-3,-9,-2,-7,-2,-1,-1,4,-1,5,0,7,0,11,0,13,0,13,0,3,0,0,0,0,0,0,0,0,0,0,0,0,0,0,0,0,0,0,-2,-3,-7,-13,-5,-13,-5,-12,-4,-13,-3,-13,-4,-12,-3,-11,-3,-11,-2,-10,-1,-8,1,-5,3,-1,2,3,1,7,0,13,1,18,4,21,4,24,3,25,2,25,2,29,2,29,2,27,3,25,3,21,3,18"
43.86684608459473,534,"CSI,2448,128,83,49,21,0,-1,6,2,-1,5,-4,8,-7,10,-11,11,-13,8,-18,2,-24,3,-25,7,-25,8,-23,7,-20,8,-19,7,-16,5,-14,4,-13,3,-8,2,-4,0,-2,-3,0,-5,1,-6,3,-7,5,-10,4,-13,5,-4,1,0,0,0,0,0,0,0,0,0,0,0,0,0,0,0,0,0,0,-2,-3,-7,-12,-8,-14,-9,-13,-7,-11,-4,-12,-5,-15,-4,-15,-3,-11,-4,-9,-4,-9,-3,-5,-3,1,0,6,1,11,-1,14,-2,17,-4,20,-7,24,-6,28,-5,29,-6,28,-7,26,-7,25,-4,26,-5,24,-8,21"
43.969423055648804,535,"CSI,2452,128,83,49,21,0,-4,-2,1,2,3,5,6,8,11,10,15,10,14,13,13,17,16,17,17,14,17,11,16,9,14,10,10,10,7,8,4,4,-1,1,-1,-1,0,-4,-2,-7,-4,-8,-5,-9,-6,-10,-6,-11,-4,-11,-1,-3,0,0,0,0,0,0,0,0,0,0,0,0,0,0,0,0,0,0,2,-1,9,-1,8,0,10,1,13,2,11,2,7,2,7,1,8,1,6,2,4,2,1,0,-2,-2,-8,-3,-11,-4,-13,-8,-16,-11,-18,-15,-20,-18,-21,-17,-21,-16,-22,-18,-22,-20,-20,-17,-19,-16,-17,-14,-14,-11"
44.07012605667114,536,"CSI,2455,128,83,49,21,0,-7,-3,-9,-1,-13,2,-14,4,-14,5,-16,6,-13,5,-8,6,-10,6,-16,4,-18,4,-17,2,-13,1,-9,2,-7,2,-6,1,-2,0,3,0,5,2,6,4,6,4,7,2,9,1,11,1,12,1,3,0,0,0,0,0,0,0,0,0,0,0,0,0,0,0,0,0,0,0,-1,2,-3,11,-4,11,-4,11,-3,10,-1,9,-1,10,0,10,1,6,2,2,1,1,2,0,6,-4,11,-8,13,-11,14,-14,19,-17,23,-13,23,-10,22,-12,19,-14,17,-13,17,-14,14,-12,12,-12,10,-10,8,-5"
44.172303915023804,537,"CSI,2460,128,83,49,21,0,-1,7,3,12,5,13,3,15,0,19,0,19,4,17,7,15,7,13,3,14,-2,14,-2,13,1,10,1,8,-2,7,-3,5,-3,2,-3,-2,-1,-4,1,-7,1,-8,0,-8,0,-8,1,-8,0,-8,-1,-3,0,0,0,0,0,0,0,0,0,0,0,0,0,0,0,0,0,0,2,2,8,9,7,8,7,8,9,9,7,9,6,7,4,5,2,2,2,0,0,-3,-2,-6,-2,-9,-4,-13,-7,-17,-8,-22,-10,-24,-8,-24,-6,-26,-5,-28,-5,-28,-7,-25,-7,-20,-4,-17,-3,-15,-2,-14,-2,-12"
44.23069906234741,538,"CSI,2511,128,83,49,21,0,8,-8,7,-7,8,-7,10,-6,10,-5,10,-4,8,0,3,3,2,2,1,-1,-1,-2,-3,-4,-4,-4,-5,-2,-6,-1,-7,-1,-9,0,-9,2,-9,3,-9,1,-9,2,-10,3,-11,1,-10,0,-7,-1,-2,-1,0,0,0,0,0,0,0,0,0,0,0,0,0,0,0,0,0,0,1,-2,4,-6,3,-7,4,-7,6,-7,4,-7,2,-6,1,-5,1,-3,0,-2,-3,-2,-6,-2,-8,0,-10,1,-9,1,-9,1,-12,1,-12,0,-8,1,-7,2,-9,2,-8,1,-4,0,-4,0,-4,1,1,0,6,-4"
44.37825107574463,539,"CSI,2468,128,83,49,21,0,4,0,7,5,8,6,10,5,13,3,15,4,17,10,18,16,20,13,19,7,17,4,15,4,13,4,10,3,7,3,4,4,2,3,0,1,-3,1,-5,0,-5,-3,-4,-3,-6,-2,-9,-2,-10,-3,-3,-1,0,0,0,0,0,0,0,0,0,0,0,0,0,0,0,0,0,0,2,2,9,8,10,8,10,8,8,8,6,5,3,4,1,4,0,2,0,-2,-2,-5,-3,-7,-5,-10,-7,-12,-9,-12,-13,-14,-16,-18,-14,-20,-13,-19,-15,-17,-17,-17,-17,-17,-15,-15,-15,-15,-17,-15,-13,-13,-7,-12"
44.47880291938782,540,"CSI,2472,128,83,49,21,0,-4,3,-7,1,-11,0,-13,0,-16,1,-18,2,-15,4,-11,3,-13,1,-17,0,-18,0,-17,1,-14,1,-10,0,-7,0,-8,0,-7,0,-2,-2,3,-2,5,1,4,0,6,-4,7,-5,8,-4,8,-6,2,-2,0,0,0,0,0,0,0,0,0,0,0,0,0,0,0,0,0,0,-3,1,-10,4,-10,3,-10,3,-11,3,-10,3,-8,1,-4,1,-1,0,-1,-1,2,1,5,1,6,-2,11,-2,15,-1,17,0,17,0,17,-1,19,0,20,1,19,1,19,2,20,3,20,1,16,0,13,2,13,0"
44.581897020339966,541,"CSI,2475,128,83,49,21,0,-3,-5,0,-9,4,-12,5,-13,5,-13,5,-16,8,-20,8,-23,6,-22,7,-19,9,-16,8,-14,6,-11,4,-9,4,-7,4,-6,3,-2,2,1,1,1,1,4,-1,8,-2,9,-2,8,-2,6,-1,7,0,2,0,0,0,0,0,0,0,0,0,0,0,0,0,0,0,0,0,0,2,1,10,5,13,4,14,4,12,4,9,4,9,2,9,0,6,0,3,-1,0,-3,-4,-2,-9,-1,-13,-2,-15,-4,-17,-5,-19,-4,-22,-2,-25,-2,-24,-4,-22,-3,-22,-1,-22,0,-20,1,-19,1,-20,1,-19,0"
44.68401789665222,542,"CSI,2480,128,83,49,21,0,13,0,6,0,-2,-1,-9,-3,-14,-5,-15,-5,-18,-3,-24,1,-26,3,-25,0,-22,-2,-19,-1,-19,-2,-18,-5,-17,-6,-14,-3,-10,-2,-6,-2,-3,-3,0,-3,2,-1,5,0,6,3,5,4,6,3,1,0,0,0,0,0,0,0,0,0,0,0,0,0,0,0,0,0,0,0,-2,0,-9,3,-10,6,-11,5,-11,5,-11,4,-10,3,-9,4,-8,4,-8,5,-5,5,-1,5,0,4,2,2,4,3,8,5,12,5,14,3,18,2,21,5,20,3,21,2,24,3,25,3,25,1,22,1,20,3"
44.716140031814575,543,"CSI,2797,128,77,-47,20,0,9,5,5,1,0,-4,-6,-7,-9,-9,-10,-14,-10,-21,-12,-26,-14,-25,-14,-21,-13,-19,-13,-18,-13,-17,-7,-16,-2,-17,-2,-15,-3,-10,-3,-6,-4,-2,-2,-1,1,1,2,6,0,10,-1,11,-2,10,-1,2,0,0,0,0,0,0,0,0,0,0,0,0,0,0,0,0,0,0,-3,1,-12,6,-12,6,-11,6,-11,6,-11,5,-12,3,-11,1,-7,2,-6,4,-7,5,-4,3,0,3,2,6,5,6,10,5,16,6,17,8,17,9,19,12,20,12,21,10,23,8,24,10,24,12,23,11,19,9"
44.889020919799805,544,"CSI,2487,128,83,49,21,0,1,3,-1,8,-3,10,-4,9,-1,10,-2,13,-4,14,-1,12,1,13,-2,15,-4,15,-4,15,-4,15,-3,14,-3,11,-5,7,-5,6,-3,3,-2,0,-1,-2,1,-3,1,-4,1,-4,1,-6,-1,-8,-1,-3,0,0,0,0,0,0,0,0,0,0,0,0,0,0,0,0,0,0,0,2,2,11,2,11,1,10,-2,8,-3,5,-2,6,-2,7,0,5,3,5,4,2,3,-5,4,-10,6,-11,6,-10,7,-14,7,-20,6,-21,7,-19,7,-20,6,-21,6,-20,6,-18,8,-16,5,-15,0,-14,1,-12"
44.99284625053406,545,"CSI,2492,128,83,49,21,0,-4,-1,-6,-3,-6,-6,-7,-9,-8,-10,-9,-10,-10,-12,-13,-15,-14,-14,-12,-14,-11,-14,-9,-11,-9,-10,-9,-9,-8,-7,-7,-6,-7,-7,-5,-5,-1,-2,2,-1,1,0,0,2,1,3,3,3,4,3,1,1,0,0,0,0,0,0,0,0,0,0,0,0,0,0,0,0,0,0,0,-4,2,-14,1,-14,1,-12,2,-11,3,-11,3,-10,2,-7,2,-5,2,-4,1,-1,1,5,0,7,-1,8,-3,12,-4,15,-5,17,-6,17,-6,17,-6,17,-6,20,-4,20,-3,19,-4,18,-4,16,-5,13,-3,8"
45.09392809867859,546,"CSI,2495,128,83,49,21,0,2,8,-2,5,-4,1,-7,3,-9,5,-13,7,-13,10,-8,12,-9,14,-11,15,-9,16,-8,16,-8,15,-7,16,-5,16,-3,13,-5,8,-5,6,-3,4,-3,0,-3,-3,-4,-4,-5,-5,-5,-8,-5,-10,-2,-3,0,0,0,0,0,0,0,0,0,0,0,0,0,0,0,0,0,0,0,-3,5,-8,7,-6,7,-7,6,-8,7,-9,6,-11,6,-10,6,-8,6,-7,6,-3,7,0,8,4,6,6,5,8,6,12,11,15,13,16,12,17,13,21,15,25,16,24,16,21,15,18,15,17,14,16,11,14"
45.19539999961853,547,"CSI,2499,128,83,49,21,0,-1,-3,0,1,0,3,3,4,8,4,9,5,11,7,14,6,15,7,13,7,10,7,9,7,9,7,9,6,9,5,7,6,5,6,2,4,0,2,-2,2,-3,1,-4,1,-5,2,-5,2,-3,1,-1,0,0,0,0,0,0,0,0,0,0,0,0,0,0,0,0,0,0,0,0,2,1,8,-1,9,0,11,1,12,0,11,-1,9,-1,6,0,2,1,-1,1,-1,0,-2,-2,-7,-2,-10,-2,-12,-2,-15,-3,-19,-3,-22,-3,-25,-3,-27,-2,-28,-2,-25,-4,-21,-6,-19,-5,-20,-5,-20,-5,-18"
45.300278186798096,548,"CSI,2504,128,83,49,21,0,8,8,5,1,1,-7,-1,-12,-1,-14,-5,-15,-6,-18,-5,-23,-9,-25,-10,-24,-7,-22,-7,-22,-6,-22,-4,-18,-3,-14,-3,-10,-1,-8,-2,-5,-3,-1,-3,1,-3,1,-3,3,-3,8,-4,9,-4,7,-1,1,0,0,0,0,0,0,0,0,0,0,0,0,0,0,0,0,0,0,-3,1,-11,4,-12,2,-12,1,-12,0,-13,-3,-12,-3,-10,0,-9,1,-8,1,-7,3,-4,4,0,5,4,7,5,10,7,12,11,13,15,15,17,17,17,18,19,20,20,21,17,21,16,19,16,18,14,18,12,18"
45.40288805961609,549,"CSI,2508,128,83,49,21,0,2,4,0,-2,-2,-10,-1,-15,-3,-16,-5,-21,-6,-24,-9,-21,-7,-20,-3,-25,-3,-27,-3,-23,-4,-20,-5,-17,-4,-13,-3,-10,-3,-7,-3,-2,-2,1,-2,2,-3,4,-3,6,-3,6,-4,7,-3,7,-1,1,0,0,0,0,0,0,0,0,0,0,0,0,0,0,0,0,0,0,-2,1,-9,5,-11,3,-13,2,-15,3,-15,5,-14,5,-14,1,-13,0,-11,2,-9,2,-6,1,-1,3,4,4,7,5,10,10,14,15,17,18,19,20,21,20,23,23,22,27,22,26,21,24,16,25,14,24,14,18"
45.50582003593445,550,"CSI,2512,128,83,49,21,0,-5,-5,-3,0,-7,4,-10,8,-10,12,-12,14,-11,17,-8,22,-11,22,-15,17,-14,15,-14,14,-15,14,-13,12,-11,11,-9,11,-6,7,-4,2,-1,1,3,0,6,1,7,2,8,2,9,2,10,4,2,1,0,0,0,0,0,0,0,0,0,0,0,0,0,0,0,0,0,0,3,0,14,-1,12,-2,11,-2,12,-2,12,-2,10,-3,9,-4,8,-3,6,-4,4,-7,1,-9,-2,-9,-3,-10,-6,-14,-9,-17,-9,-19,-7,-22,-6,-26,-7,-29,-8,-30,-6,-30,-5,-28,-5,-27,-4,-26,-4,-22,-6,-20"
45.60598397254944,551,"CSI,2516,128,83,49,21,0,-12,-1,-15,1,-17,-1,-19,-1,-20,1,-20,0,-17,-5,-12,-12,-13,-11,-13,-5,-11,-4,-9,-4,-8,-2,-5,2,-4,3,-1,2,1,3,1,5,1,6,0,5,0,6,1,8,1,7,2,6,1,6,0,1,0,0,0,0,0,0,0,0,0,0,0,0,0,0,0,0,0,0,2,0,9,3,9,3,9,3,8,4,5,4,3,1,3,-2,3,-5,3,-9,3,-12,3,-15,5,-18,7,-20,8,-20,8,-21,9,-23,10,-22,13,-20,14,-20,13,-20,12,-17,12,-14,10,-11,6,-10,0,-8,-4,-6"
45.709136962890625,552,"CSI,2519,128,83,49,21,0,5,-2,-1,-2,-6,-5,-11,-9,-14,-10,-16,-9,-20,-9,-24,-14,-25,-15,-23,-12,-19,-10,-17,-9,-14,-10,-10,-10,-9,-7,-8,-6,-7,-5,-6,-3,-4,1,-1,5,1,6,2,6,3,7,3,8,3,8,1,2,0,0,0,0,0,0,0,0,0,0,0,0,0,0,0,0,0,0,-2,3,-6,12,-7,10,-7,9,-6,9,-5,7,-2,4,-1,4,-3,6,0,5,4,4,7,3,10,0,13,-1,16,-1,19,-2,22,-3,22,-4,23,-3,26,-1,24,-1,23,0,23,2,19,1,16,-1,16,-1,16,-2"
45.76738524436951,553,"CSI,2571,128,83,49,21,0,1,-14,1,-15,3,-14,4,-12,3,-11,3,-11,2,-7,-1,-5,-2,-7,-1,-6,-1,-5,-2,-6,-5,-6,-8,-4,-8,-1,-8,-2,-9,-4,-9,-3,-8,-3,-9,-2,-11,-2,-10,-4,-8,-5,-9,-5,-11,-4,-3,-1,0,0,0,0,0,0,0,0,0,0,0,0,0,0,0,0,0,0,-1,1,-4,6,-4,6,-2,6,-2,6,-3,3,-3,2,-2,2,-2,0,-1,-1,2,-1,5,-1,7,-1,7,-2,8,-1,11,0,12,0,11,1,10,4,10,3,9,1,9,1,7,1,3,1,2,0,3,-4,1,-9"
45.81302309036255,554,"CSI,2524,128,83,49,21,0,-4,-6,-7,-8,-10,-8,-11,-7,-13,-11,-16,-18,-19,-16,-21,-10,-17,-10,-12,-11,-10,-11,-6,-12,-4,-10,-4,-8,-4,-8,-3,-6,-2,-2,-2,2,-4,5,-5,6,-5,7,-5,10,-6,11,-8,8,-9,6,-3,1,0,0,0,0,0,0,0,0,0,0,0,0,0,0,0,0,0,0,2,1,9,5,9,5,7,5,6,7,6,7,6,6,6,4,7,0,7,-5,7,-8,9,-12,10,-13,10,-12,11,-11,13,-14,15,-18,17,-18,19,-17,18,-16,17,-12,19,-8,20,-7,17,-7,11,-8,6,-11,2,-15"
45.91303300857544,555,"CSI,2528,128,83,49,21,0,4,-2,4,1,6,2,5,3,4,5,5,9,5,10,7,6,7,8,6,11,4,12,6,13,8,10,9,6,7,5,4,5,1,4,-1,4,-2,4,-3,3,-5,4,-6,7,-7,6,-6,2,-5,0,-1,0,0,0,0,0,0,0,0,0,0,0,0,0,0,0,0,0,0,0,-3,-2,-9,-4,-9,-4,-8,-4,-8,-4,-7,-5,-6,-4,-5,-3,-3,-1,-3,-1,-2,-3,2,-2,5,-3,8,-5,10,-5,10,-5,13,-7,16,-9,18,-11,18,-11,15,-11,13,-11,14,-11,14,-12,13,-11,11,-10,12,-14"
46.01496887207031,556,"CSI,2532,128,83,49,21,0,5,1,1,3,-2,3,-6,2,-12,3,-15,3,-17,2,-20,-1,-22,1,-21,5,-18,4,-15,3,-15,2,-15,0,-13,-1,-10,-3,-9,-4,-6,-3,-1,-4,2,-5,3,-4,6,-4,8,-5,8,-5,8,-4,2,-1,0,0,0,0,0,0,0,0,0,0,0,0,0,0,0,0,0,0,-2,-1,-9,0,-9,-1,-10,-1,-10,0,-10,1,-6,-1,-5,-2,-5,0,-3,2,1,3,5,4,7,3,9,1,10,1,12,2,14,4,16,7,19,7,21,7,22,6,23,5,24,5,24,5,21,5,15,3,9,1"
46.11771082878113,557,"CSI,2536,128,83,49,21,0,1,2,-3,-2,-6,-4,-9,-4,-10,-6,-8,-8,-13,-7,-20,-5,-17,-7,-13,-9,-11,-8,-9,-6,-9,-5,-8,-4,-4,-5,-3,-6,-4,-6,-2,-4,2,-1,3,1,5,2,8,2,9,2,8,2,9,3,2,0,0,0,0,0,0,0,0,0,0,0,0,0,0,0,0,0,0,0,-3,-3,-8,-9,-6,-8,-5,-5,-5,-4,-6,-5,-6,-4,-4,-3,-1,-1,-1,1,-1,4,1,7,1,8,3,9,5,12,2,12,1,15,3,16,4,14,5,14,4,17,4,17,6,14,8,11,7,10,4,8,4,8"
46.14848709106445,558,"CSI,2798,128,75,-79,20,0,-1,4,-4,5,-5,6,-7,10,-6,10,-7,10,-12,14,-16,18,-12,17,-10,14,-10,11,-8,8,-5,6,-5,3,-4,1,-2,-2,-1,-4,0,-6,1,-5,4,-3,5,-3,4,-5,3,-7,4,-8,4,-9,1,-3,0,0,0,0,0,0,0,0,0,0,0,0,0,0,0,0,0,0,-1,2,-4,10,-5,9,-4,8,-3,7,-2,5,-2,4,-1,4,-1,2,0,1,2,-1,4,-5,6,-7,10,-7,11,-7,11,-10,12,-14,14,-13,16,-10,17,-9,16,-10,14,-10,12,-9,8,-8,6,-7,5,-7,4,-9"
46.220272064208984,559,"CSI,2540,128,83,49,21,0,2,3,2,3,1,2,4,5,8,9,10,10,13,13,17,16,16,15,12,11,9,8,8,7,5,9,2,9,1,7,1,6,0,4,-3,2,-7,1,-9,1,-11,-2,-10,-6,-9,-6,-9,-6,-9,-6,-3,-2,0,0,0,0,0,0,0,0,0,0,0,0,0,0,0,0,0,0,1,2,6,9,5,8,3,8,2,6,3,4,4,3,2,3,1,1,2,-1,0,-3,-3,-6,-4,-8,-5,-12,-6,-16,-6,-18,-6,-19,-6,-19,-6,-20,-5,-22,-5,-20,-4,-16,-5,-16,-10,-15,-13,-13,-12,-11,-10,-10"
46.32260513305664,560,"CSI,2543,128,83,49,21,0,-1,0,-4,1,-5,1,-5,2,-7,4,-8,7,-9,6,-9,3,-10,6,-10,8,-8,7,-7,9,-6,12,-8,12,-8,8,-5,5,-2,4,-2,2,-4,-2,-3,-3,-1,-3,-1,-6,-3,-7,-3,-8,-6,-9,-3,-3,0,0,0,0,0,0,0,0,0,0,0,0,0,0,0,0,0,0,-3,-3,-8,-10,-7,-9,-6,-8,-5,-7,-4,-8,-3,-10,-3,-9,0,-5,3,-3,5,-3,6,0,7,1,10,0,12,-1,15,0,17,3,18,4,19,4,19,5,17,7,16,7,18,5,16,1,12,-1,9,-2,5,-1"
46.42503619194031,561,"CSI,2548,128,83,49,21,0,0,-1,-3,-1,-4,-1,-4,2,-4,7,-7,7,-11,6,-17,6,-17,9,-14,12,-13,11,-11,9,-9,6,-9,4,-9,4,-6,3,-2,0,-1,-1,2,-2,3,-2,3,-2,3,-3,4,-3,5,-1,5,1,1,0,0,0,0,0,0,0,0,0,0,0,0,0,0,0,0,0,0,0,0,2,2,10,1,9,0,8,0,8,-2,8,-2,9,-2,9,-2,5,-2,3,0,2,1,-2,3,-7,5,-12,4,-14,5,-15,8,-16,9,-17,10,-19,12,-19,15,-16,15,-15,11,-17,10,-18,12,-17,10,-16,5,-17"
46.52816915512085,562,"CSI,2552,128,83,49,21,0,2,-3,3,-8,3,-12,4,-14,-1,-17,-5,-18,-4,-15,-4,-13,-2,-14,1,-16,1,-16,0,-16,0,-15,0,-12,-1,-7,-1,-3,-1,-1,-1,3,-3,6,-4,6,-4,6,-4,7,-5,8,-7,7,-7,6,-2,1,0,0,0,0,0,0,0,0,0,0,0,0,0,0,0,0,0,0,-4,-1,-14,-4,-14,-4,-12,-5,-11,-6,-9,-5,-7,-6,-3,-6,-1,-4,-1,0,0,4,2,8,4,12,7,15,8,16,7,19,7,21,9,23,10,24,10,25,11,24,9,21,6,20,4,18,2,12,1,10,1,10"
46.62991499900818,563,"CSI,2555,128,83,49,21,0,1,8,3,8,6,7,8,7,9,10,10,9,12,9,15,13,16,13,14,7,12,5,10,7,8,9,3,9,1,9,1,6,1,2,3,-2,3,-4,4,-6,4,-6,3,-6,3,-7,5,-9,7,-8,1,-2,0,0,0,0,0,0,0,0,0,0,0,0,0,0,0,0,0,0,-3,-2,-12,-7,-11,-8,-8,-9,-6,-8,-4,-4,-2,-2,-2,1,-4,3,-6,3,-7,7,-10,10,-12,13,-13,15,-15,15,-17,16,-16,14,-13,12,-13,10,-16,9,-19,10,-19,10,-13,10,-9,9,-8,7,-7,7,-4,10"
46.73523688316345,564,"CSI,2560,128,83,49,21,0,-4,-10,-4,-9,-7,-4,-12,0,-17,2,-19,3,-20,-2,-18,-6,-20,-4,-22,-1,-19,-3,-17,-5,-16,-5,-15,-6,-12,-8,-8,-6,-4,-2,-3,1,-2,2,-1,2,0,3,1,8,0,12,-3,12,-4,9,-2,2,0,0,0,0,0,0,0,0,0,0,0,0,0,0,0,0,0,0,2,-2,8,-7,9,-8,11,-8,10,-9,8,-9,8,-9,7,-8,4,-9,3,-12,4,-14,2,-16,-3,-19,-3,-19,-1,-18,-3,-21,-4,-24,-3,-23,-3,-23,-2,-26,-3,-28,-5,-27,-5,-27,-4,-26,-5,-23,-5,-18,-4,-13"
46.83784604072571,565,"CSI,2564,128,83,49,21,0,6,-9,1,-11,1,-13,0,-14,-2,-15,-3,-16,-5,-19,-9,-23,-10,-23,-7,-19,-3,-18,0,-17,1,-15,2,-15,3,-15,2,-15,0,-13,-1,-7,-4,-2,-6,0,-6,-2,-7,-5,-9,-6,-9,-4,-9,-3,-3,-1,0,0,0,0,0,0,0,0,0,0,0,0,0,0,0,0,0,0,3,-1,12,-3,11,-3,14,-1,16,1,16,1,13,1,12,0,11,0,9,-1,9,-6,10,-8,9,-8,10,-10,13,-12,14,-13,15,-15,16,-16,18,-17,21,-19,25,-19,27,-18,28,-16,29,-14,28,-14,24,-12,19,-9"
46.93634510040283,566,"CSI,2567,128,83,49,21,0,1,-6,-2,-3,-3,3,-1,9,0,13,0,15,0,20,1,24,1,24,-2,21,-4,19,-4,18,-3,17,-1,18,-1,18,-2,14,0,8,0,2,-1,0,-1,-3,1,-8,3,-9,3,-9,2,-12,2,-13,0,-4,0,0,0,0,0,0,0,0,0,0,0,0,0,0,0,0,0,0,0,1,2,8,3,11,4,14,5,14,5,13,3,13,0,14,0,14,3,12,4,7,1,0,0,-3,2,-5,1,-9,2,-13,1,-15,0,-17,2,-20,4,-23,3,-24,3,-25,2,-28,3,-29,4,-27,4,-24,5,-21"
47.03903603553772,567,"CSI,2571,128,83,49,21,0,3,-7,1,-4,-1,-2,-6,2,-10,6,-12,7,-13,6,-14,5,-16,5,-18,6,-18,6,-19,6,-16,5,-13,2,-12,-1,-11,0,-6,1,-3,1,-2,0,1,-3,5,-4,7,-2,9,0,12,3,13,6,3,1,0,0,0,0,0,0,0,0,0,0,0,0,0,0,0,0,0,0,1,3,5,11,7,9,10,7,10,7,8,10,6,12,5,10,6,9,6,7,5,6,4,4,5,0,6,-3,7,-6,5,-10,5,-13,5,-13,5,-18,8,-23,9,-23,9,-25,9,-27,9,-24,11,-23,10,-23,8,-23"
47.098798990249634,568,"CSI,2623,128,83,49,21,0,-20,-4,-21,-7,-22,-10,-22,-10,-21,-9,-20,-8,-19,-5,-18,-2,-16,-3,-10,-4,-6,-2,-4,0,-5,2,-5,5,-6,7,-6,7,-6,5,-6,5,-6,8,-6,8,-6,7,-6,5,-6,4,-5,4,-4,4,-1,0,0,0,0,0,0,0,0,0,0,0,0,0,0,0,0,0,0,0,1,0,6,1,6,3,8,3,9,2,7,1,5,0,5,-1,6,0,5,1,4,-3,5,-6,3,-8,2,-11,2,-14,5,-14,6,-14,6,-15,6,-15,4,-17,4,-15,5,-12,3,-10,2,-8,-1,-5,-7,-3,-11,-3"
47.14415693283081,569,"CSI,2575,128,83,49,21,0,0,2,2,-1,2,-5,2,-11,4,-18,5,-20,4,-22,1,-25,2,-25,4,-23,5,-21,6,-20,5,-19,4,-14,2,-11,-2,-10,-2,-8,-1,-5,-2,-2,-3,1,-4,4,-5,5,-7,7,-7,10,-9,12,-3,2,0,0,0,0,0,0,0,0,0,0,0,0,0,0,0,0,0,0,-2,-3,-5,-12,-6,-13,-5,-14,-4,-14,-5,-13,-6,-13,-5,-12,-3,-10,-1,-7,0,-4,-1,-1,-2,3,-2,6,-4,9,-5,12,-5,15,-5,18,-7,21,-8,24,-8,24,-9,25,-10,25,-9,24,-6,21,-5,19,-6,18"
47.24553298950195,570,"CSI,2579,128,83,49,21,0,2,3,-1,-1,-3,-4,-4,-10,-4,-14,-5,-15,-6,-14,-7,-12,-7,-16,-8,-21,-7,-21,-5,-20,-6,-18,-7,-17,-7,-16,-6,-13,-4,-8,-3,-5,-1,-1,1,2,1,4,1,6,1,7,0,8,0,10,-1,2,0,0,0,0,0,0,0,0,0,0,0,0,0,0,0,0,0,0,-2,-4,-6,-14,-6,-14,-5,-14,-4,-15,-4,-15,-4,-12,-4,-11,-3,-9,-1,-7,0,-6,1,-2,1,2,1,7,0,10,0,14,0,16,2,17,4,19,6,22,4,24,4,24,5,25,5,27,6,28,7,27,7,24"
47.3022940158844,571,"CSI,2631,128,83,49,21,0,-12,9,-13,11,-12,12,-10,10,-8,8,-10,8,-9,9,-3,7,-4,3,-6,1,-6,0,-5,-1,-3,0,0,0,6,1,8,3,8,3,8,2,8,1,7,1,3,3,3,5,4,7,4,6,5,5,1,1,0,0,0,0,0,0,0,0,0,0,0,0,0,0,0,0,0,0,0,0,4,-1,5,-3,5,-3,6,-1,8,0,7,2,4,2,2,1,1,1,0,0,-1,-4,-2,-6,-2,-8,-3,-9,-6,-9,-8,-10,-6,-12,-4,-14,-2,-14,-5,-12,-8,-11,-7,-11,-3,-7,-2,-3,-1,0,0,1"
47.34920001029968,572,"CSI,2583,128,83,49,21,0,-2,5,5,1,7,0,10,-2,14,-4,18,-5,22,-4,26,-6,25,-9,22,-11,25,-11,26,-8,24,-5,21,-2,16,1,11,1,9,0,6,0,2,1,-1,0,-5,-2,-8,-2,-8,-4,-10,-7,-13,-8,-4,-2,0,0,0,0,0,0,0,0,0,0,0,0,0,0,0,0,0,0,-1,-3,-3,-12,-2,-14,0,-14,2,-13,1,-13,-1,-13,1,-11,2,-7,2,-5,0,-3,-4,0,-7,2,-8,3,-10,5,-12,10,-14,13,-16,13,-18,13,-21,14,-23,15,-23,17,-23,18,-23,17,-21,18,-19,18,-18,16"
47.397310972213745,573,"CSI,2800,128,75,-79,20,0,7,8,5,1,1,-6,0,-9,-1,-11,-2,-15,-3,-17,-6,-15,-5,-17,-2,-24,-1,-25,0,-24,0,-24,-1,-20,-1,-16,1,-14,3,-10,3,-6,2,-3,1,0,-1,2,-4,4,-7,7,-8,9,-9,10,-3,2,0,0,0,0,0,0,0,0,0,0,0,0,0,0,0,0,0,0,-3,1,-12,3,-13,0,-13,-1,-11,-1,-10,-2,-10,-4,-11,-3,-10,0,-7,1,-5,0,-3,1,-1,3,2,6,4,7,5,11,7,12,10,13,12,14,14,16,16,18,17,20,18,23,17,23,17,22,16,21,13,19"
47.45181202888489,574,"CSI,2587,128,83,49,21,0,-7,7,-3,3,0,2,4,-2,8,-6,14,-7,17,-11,18,-16,18,-12,20,-10,20,-10,21,-9,20,-7,16,-5,11,-5,9,-5,10,-3,8,0,3,2,-1,0,-3,-1,-5,-3,-8,-4,-10,-5,-11,-4,-3,-1,0,0,0,0,0,0,0,0,0,0,0,0,0,0,0,0,0,0,-3,-3,-9,-11,-8,-12,-10,-11,-9,-9,-6,-9,-4,-9,-4,-8,-4,-7,-5,-4,-7,0,-6,2,-6,4,-7,6,-6,9,-7,12,-6,15,-6,17,-9,20,-10,25,-10,23,-10,21,-10,23,-14,24,-17,23,-17,24,-14,27"
47.552319049835205,575,"CSI,2592,128,83,49,21,0,-1,-2,3,2,5,4,8,8,11,13,11,15,9,18,6,20,7,19,10,16,11,13,11,12,10,13,7,10,6,7,5,4,1,3,-2,2,-4,1,-6,-1,-7,-2,-9,-4,-11,-6,-11,-4,-10,-3,-3,-1,0,0,0,0,0,0,0,0,0,0,0,0,0,0,0,0,0,0,1,3,2,14,0,15,-1,15,-2,12,-3,10,-3,10,-2,9,-1,7,0,5,0,1,0,-3,1,-6,2,-9,1,-12,2,-16,2,-19,1,-21,-1,-22,-3,-26,-4,-27,-4,-25,-5,-25,-6,-25,-6,-23,-4,-21,-3,-22"
47.65477204322815,576,"CSI,2595,128,83,49,21,0,7,-5,2,-4,-6,-2,-13,0,-14,1,-16,0,-19,1,-19,6,-18,4,-19,0,-20,-1,-20,-2,-19,-4,-17,-5,-13,-6,-10,-3,-7,-1,-6,0,-5,1,-3,2,1,3,5,2,5,3,5,6,8,8,2,2,0,0,0,0,0,0,0,0,0,0,0,0,0,0,0,0,0,0,0,3,1,11,0,10,-2,12,-3,14,-2,14,-3,13,-3,10,-1,8,0,8,2,7,3,2,6,-1,5,-4,5,-5,8,-6,11,-7,14,-11,16,-14,17,-14,18,-15,19,-16,21,-16,21,-15,21,-13,22,-10,23,-9"
47.756935119628906,577,"CSI,2599,128,83,49,21,0,-5,-2,-1,-4,5,-5,9,-8,13,-10,15,-11,14,-16,14,-22,14,-20,13,-17,10,-16,8,-14,8,-13,8,-13,7,-10,5,-6,4,-5,3,-3,0,0,-2,3,-2,4,-3,5,-5,7,-5,10,-5,12,-2,3,0,0,0,0,0,0,0,0,0,0,0,0,0,0,0,0,0,0,2,0,10,0,12,1,12,2,12,2,14,2,14,3,11,4,8,1,6,-2,6,-1,2,-1,-1,-1,-4,-1,-6,0,-10,0,-14,1,-19,3,-22,4,-23,4,-25,6,-26,7,-25,6,-25,5,-26,2,-27,1,-27,2"
47.861254930496216,578,"CSI,2604,128,83,49,21,0,9,-2,3,-3,-3,-3,-7,-3,-10,-5,-14,-6,-17,-9,-22,-13,-24,-11,-23,-8,-21,-7,-19,-8,-17,-9,-15,-8,-13,-6,-9,-4,-4,-4,0,-5,1,-3,1,-1,0,0,2,2,4,5,4,6,2,6,0,1,0,0,0,0,0,0,0,0,0,0,0,0,0,0,0,0,0,0,-2,2,-7,8,-6,9,-7,10,-8,10,-7,8,-7,7,-10,7,-10,6,-7,4,-4,2,0,0,4,-1,6,-2,8,-2,13,-1,17,-3,18,-5,20,-4,24,-3,26,-3,26,-3,25,-2,25,-1,25,-2,24,-2,23,-1"
47.889199018478394,579,"CSI,891,128,77,-47,20,0,-8,-11,-7,-11,-9,-13,-9,-16,-6,-15,-7,-11,-6,-5,-5,-1,-6,-3,-5,-7,-5,-7,-4,-6,-4,-5,-4,-2,-4,3,-3,5,-2,6,-4,8,-5,8,-5,7,-6,8,-7,7,-5,5,-2,4,-1,1,-1,0,0,0,0,0,0,0,0,0,0,0,0,0,0,0,0,0,0,0,-2,1,-6,5,-4,5,-3,5,-3,5,-3,5,-3,5,-4,5,-3,3,-1,1,2,0,5,1,6,1,8,2,9,3,10,3,11,3,12,4,13,2,13,0,13,1,12,2,12,2,10,0,7,-2,4,-4,4,-8"
47.962981939315796,580,"CSI,2608,128,83,49,21,0,-5,-8,-5,-2,-3,4,-2,8,-3,10,-2,11,-3,16,-5,20,-4,19,-2,18,-2,17,-2,15,-1,14,-3,12,-5,8,-4,6,-3,4,-2,1,0,-1,1,-1,3,-2,3,-4,4,-7,5,-7,8,-7,2,-2,0,0,0,0,0,0,0,0,0,0,0,0,0,0,0,0,0,0,2,-1,9,-2,10,-1,12,-1,12,1,11,2,11,1,10,2,7,4,5,4,4,2,3,-2,2,-4,0,-6,-2,-9,-5,-10,-8,-12,-9,-16,-10,-17,-12,-17,-12,-17,-14,-19,-16,-22,-14,-20,-14,-18,-14,-16,-12,-14"
48.06362295150757,581,"CSI,2611,128,83,49,21,0,3,-3,-2,-3,-7,-2,-11,-1,-13,0,-14,-1,-14,-1,-14,-1,-16,-3,-16,-2,-15,-3,-15,-6,-14,-5,-11,-2,-7,-1,-5,-1,-2,-1,0,-1,2,0,3,2,3,3,4,4,5,5,3,7,2,8,0,2,0,0,0,0,0,0,0,0,0,0,0,0,0,0,0,0,0,0,2,0,9,2,9,4,10,5,9,5,6,6,7,5,8,3,7,2,7,1,6,-1,6,-5,6,-7,6,-7,6,-10,7,-13,8,-16,9,-19,9,-20,8,-19,8,-19,12,-22,15,-23,14,-21,12,-17,11,-14,10,-16"
48.166922092437744,582,"CSI,2616,128,83,49,21,0,-2,1,2,1,7,2,10,2,10,3,11,6,14,6,18,3,16,4,13,7,11,7,8,7,8,5,8,3,6,4,5,4,4,2,2,1,3,-1,4,-4,2,-4,0,-5,0,-8,1,-9,3,-9,1,-3,0,0,0,0,0,0,0,0,0,0,0,0,0,0,0,0,0,0,-3,-1,-12,-3,-13,-4,-14,-4,-12,-5,-13,-6,-12,-6,-10,-5,-7,-3,-7,-1,-8,-2,-8,-2,-7,2,-6,7,-7,10,-10,11,-11,12,-11,14,-14,16,-14,19,-11,19,-12,19,-14,18,-14,18,-13,18,-14,16,-13,13"
48.268930196762085,583,"CSI,2619,128,83,49,21,0,8,-5,2,-4,-6,-5,-10,-4,-10,-6,-11,-7,-16,-10,-23,-11,-24,-8,-23,-7,-19,-9,-14,-9,-11,-8,-8,-8,-6,-6,-6,-5,-8,-4,-7,-3,-3,-3,-1,0,-1,4,0,5,2,7,1,8,-2,6,-1,1,0,0,0,0,0,0,0,0,0,0,0,0,0,0,0,0,0,0,1,1,8,4,9,5,9,7,8,7,7,7,5,8,6,6,7,4,6,5,5,4,3,1,3,0,5,-4,8,-7,9,-9,8,-10,9,-12,13,-12,17,-12,19,-12,17,-16,15,-17,15,-14,15,-14,15,-14,13,-13"
48.310723066329956,584,"CSI,2801,128,77,-47,20,0,-8,-2,-6,1,-3,4,1,7,4,10,4,13,4,14,5,12,2,13,-2,16,-4,17,-5,15,-4,14,-2,13,-2,11,-3,9,-3,8,-1,5,2,3,3,1,2,-1,3,-2,5,-2,7,-3,9,-5,2,-2,0,0,0,0,0,0,0,0,0,0,0,0,0,0,0,0,0,0,-1,-2,-3,-8,-5,-10,-5,-12,-4,-11,-3,-11,-2,-11,-1,-11,-1,-10,-3,-8,-3,-6,-5,-7,-9,-6,-11,-3,-13,-2,-15,-2,-16,-4,-15,-4,-15,-1,-17,0,-18,-2,-17,-2,-21,-2,-26,-4,-26,-5,-20,-4,-17,-3"
48.34093499183655,585,"CSI,2802,128,77,-47,20,0,4,10,5,5,4,0,5,-2,9,-5,12,-9,16,-11,19,-14,18,-13,17,-9,17,-6,14,-3,12,-2,12,-4,11,-4,9,-3,5,-1,2,-1,0,-2,-2,-3,-2,-4,-2,-3,-6,-2,-8,-3,-7,-4,-2,-1,0,0,0,0,0,0,0,0,0,0,0,0,0,0,0,0,0,0,-3,2,-9,7,-10,6,-10,6,-10,6,-10,6,-9,5,-9,4,-9,3,-9,5,-6,8,-3,9,-2,9,-2,9,-1,11,1,14,4,17,4,19,6,19,9,18,9,19,8,23,6,24,3,21,1,20,1,22,-1,22"
48.42670226097107,586,"CSI,2803,128,77,-47,20,0,-10,6,-6,7,-1,8,4,7,7,8,10,11,8,11,7,9,10,14,11,17,11,15,11,16,10,16,8,14,5,11,4,7,2,6,0,4,0,0,2,-1,3,-3,3,-6,4,-7,3,-7,1,-6,0,-2,0,0,0,0,0,0,0,0,0,0,0,0,0,0,0,0,0,0,-2,-2,-7,-10,-5,-12,-5,-12,-5,-10,-6,-10,-6,-11,-4,-10,-3,-8,-5,-6,-6,-4,-7,-3,-11,-2,-11,-1,-9,0,-10,2,-13,5,-16,8,-17,9,-21,9,-23,10,-23,9,-23,8,-25,8,-24,8,-20,9,-19,8"
48.45691514015198,587,"CSI,2804,128,77,-47,20,0,-10,3,-6,3,0,3,5,6,10,11,12,13,11,15,9,20,9,21,11,19,13,18,12,15,10,12,10,11,9,12,5,10,2,7,1,4,3,-1,4,-3,4,-4,3,-5,3,-7,4,-7,5,-8,1,-2,0,0,0,0,0,0,0,0,0,0,0,0,0,0,0,0,0,0,-1,-3,-3,-11,-3,-10,-4,-10,-5,-12,-5,-12,-3,-10,-3,-7,-5,-6,-5,-6,-6,-4,-8,-3,-9,-2,-12,1,-15,3,-17,4,-18,4,-18,2,-17,2,-19,5,-21,7,-22,7,-24,4,-23,4,-23,7,-21,6,-15,3"
48.5766179561615,588,"CSI,2631,128,83,49,21,0,-6,2,-3,-2,0,-7,2,-12,7,-15,10,-16,7,-18,1,-19,2,-20,6,-20,5,-18,3,-17,3,-17,4,-15,3,-13,0,-10,0,-3,0,2,-2,2,-2,3,-1,5,-1,7,-3,8,-3,9,-1,9,-1,2,0,0,0,0,0,0,0,0,0,0,0,0,0,0,0,0,0,0,2,-2,10,-7,12,-8,12,-7,11,-6,10,-4,10,0,9,1,8,-1,4,-1,-1,-1,-2,1,-3,1,-5,1,-7,3,-11,5,-16,6,-17,7,-17,6,-19,7,-20,12,-20,15,-18,13,-16,11,-16,13,-16,12,-14,9"
48.67744493484497,589,"CSI,2635,128,83,49,21,0,3,-5,2,-1,0,5,0,11,-1,14,-3,15,-4,19,-6,24,-5,24,-2,21,1,17,2,15,-1,16,-3,13,-5,7,-5,5,-2,3,0,0,2,-1,5,-2,4,-4,1,-7,2,-8,4,-7,6,-7,1,-2,0,0,0,0,0,0,0,0,0,0,0,0,0,0,0,0,0,0,1,0,6,4,7,9,7,12,5,11,5,10,4,8,1,6,0,3,0,-1,0,-4,1,-6,3,-8,4,-10,5,-13,6,-17,4,-19,1,-20,2,-22,3,-24,2,-22,3,-21,1,-22,-1,-19,-3,-20,-2,-22,0,-20"
48.78063702583313,590,"CSI,2639,128,83,49,21,0,-7,-8,-2,-3,1,0,8,2,12,5,13,7,15,5,20,5,21,5,19,4,19,4,19,4,19,3,17,2,15,3,13,6,8,6,3,2,2,2,0,3,-3,4,-7,3,-8,3,-7,3,-8,3,-2,1,0,0,0,0,0,0,0,0,0,0,0,0,0,0,0,0,0,0,0,1,4,7,7,9,7,10,6,10,4,11,4,10,5,5,5,2,3,4,0,3,-1,-1,-3,-3,-5,-4,-7,-5,-6,-9,-7,-13,-9,-15,-11,-14,-13,-15,-15,-17,-19,-17,-23,-16,-22,-17,-21,-15,-20,-13,-18,-11"
48.83978509902954,591,"CSI,2691,128,83,49,21,0,-4,-11,-3,-15,-3,-16,-4,-16,-4,-17,-1,-15,0,-12,-5,-14,-5,-12,0,-9,1,-8,-2,-6,-3,-4,-4,-2,-4,-2,-4,-1,-6,1,-6,0,-6,0,-6,-2,-5,-4,-4,-4,-5,-4,-5,-3,-4,-2,-1,-1,0,0,0,0,0,0,0,0,0,0,0,0,0,0,0,0,0,0,2,0,6,4,4,4,4,5,4,5,4,5,4,4,3,3,0,2,0,-1,1,-2,3,-1,6,-1,7,-4,10,-6,12,-4,12,-3,12,-3,11,-3,11,-4,11,-4,11,-6,9,-6,6,-7,0,-7,-1,-6,2,-3"
48.88339805603027,592,"CSI,2643,128,83,49,21,0,-1,3,3,4,5,8,8,11,11,12,14,12,16,11,14,9,11,11,8,15,7,17,6,15,4,13,1,11,2,6,4,2,2,-1,0,-2,1,-2,4,-3,3,-4,2,-4,5,-3,7,-4,6,-6,1,-2,0,0,0,0,0,0,0,0,0,0,0,0,0,0,0,0,0,0,-3,-3,-11,-12,-8,-11,-6,-9,-6,-9,-5,-11,-3,-12,-2,-11,-3,-9,-5,-7,-8,-5,-9,-2,-9,0,-9,1,-13,1,-15,1,-19,4,-20,4,-20,3,-21,4,-24,4,-22,6,-20,4,-22,0,-20,0,-16,0,-14,-1"
48.99283409118652,593,"CSI,2649,128,83,49,21,0,0,-4,-4,3,-8,6,-9,7,-11,7,-14,10,-16,10,-15,4,-16,5,-19,9,-19,10,-18,8,-18,7,-16,5,-12,3,-9,2,-6,2,-2,-1,3,-1,5,0,5,0,6,-3,8,-4,9,-2,11,-1,3,0,0,0,0,0,0,0,0,0,0,0,0,0,0,0,0,0,0,0,0,2,3,10,3,11,1,13,2,13,3,11,3,7,3,5,2,5,3,3,5,0,8,-2,9,-4,10,-5,10,-8,10,-11,11,-15,11,-18,11,-18,10,-18,10,-22,12,-24,14,-23,13,-22,12,-18,10,-16,7,-13"
49.04409193992615,594,"CSI,2699,128,83,49,21,0,-1,-18,1,-18,1,-19,1,-18,2,-18,2,-16,4,-13,10,-13,8,-16,4,-15,2,-12,0,-6,-3,-2,-3,-2,-5,-1,-7,-2,-8,-3,-8,-4,-7,-4,-8,-4,-8,-3,-7,-4,-6,-4,-3,-4,0,-3,0,-1,0,0,0,0,0,0,0,0,0,0,0,0,0,0,0,0,0,0,0,1,1,7,0,8,-1,9,0,8,-1,7,-1,5,0,4,1,3,2,3,4,2,7,-1,8,-3,7,-2,8,0,10,-1,12,-2,12,-1,11,1,12,1,14,1,11,-1,8,-1,5,-1,4,-3,5,-5,5,-7"
49.08764910697937,595,"CSI,2652,128,83,49,21,0,-1,10,2,8,6,5,10,4,12,6,15,7,16,9,17,14,19,15,19,14,18,12,16,10,11,11,7,14,7,12,7,8,6,4,5,1,2,-2,2,-4,3,-5,3,-6,4,-8,6,-9,7,-7,2,-2,0,0,0,0,0,0,0,0,0,0,0,0,0,0,0,0,0,0,-2,1,-8,4,-10,4,-11,3,-12,1,-11,2,-9,3,-9,2,-8,4,-7,6,-8,7,-7,9,-4,12,-1,15,-2,17,-5,18,-7,20,-6,21,-6,22,-7,23,-7,25,-8,25,-10,23,-9,22,-10,21,-10,20,-10,17"
49.11819100379944,596,"CSI,895,128,75,-79,20,0,-9,16,-13,15,-13,12,-13,13,-15,13,-14,10,-10,13,-7,15,-6,9,-5,2,-3,1,-3,0,-2,1,3,2,5,2,2,3,1,3,2,4,1,6,1,6,1,4,1,5,1,6,3,5,3,2,0,0,0,0,0,0,0,0,0,0,0,0,0,0,0,0,0,0,0,0,0,-2,1,-8,3,-9,3,-9,3,-9,1,-8,1,-6,2,-4,1,-4,-1,-5,-2,-5,-3,-6,-7,-7,-11,-7,-11,-6,-11,-5,-13,-5,-12,-4,-11,-5,-14,-6,-17,-6,-15,-4,-11,-4,-7,-4,-4,-2,-5,0,-6,0"
49.14915990829468,597,"CSI,896,128,75,-79,20,0,-12,-9,-14,-11,-16,-13,-15,-14,-13,-13,-12,-15,-9,-15,-4,-12,-1,-11,-2,-10,-4,-7,-5,-5,-4,-3,-4,-1,-5,1,-6,3,-6,3,-6,3,-5,2,-5,1,-5,0,-5,0,-6,0,-7,1,-7,2,-2,0,0,0,0,0,0,0,0,0,0,0,0,0,0,0,0,0,0,0,2,0,9,2,8,1,8,3,8,5,7,5,5,4,4,2,5,0,5,-2,3,-1,4,-2,5,-6,7,-9,8,-11,8,-12,8,-12,8,-10,9,-11,8,-12,7,-10,5,-8,4,-9,3,-10,1,-8,-3,-5,-6,-4"
49.19034194946289,598,"CSI,2655,128,83,49,21,0,1,7,2,5,5,6,10,9,13,11,13,13,13,16,17,16,18,12,14,11,10,12,6,13,5,12,6,7,6,4,6,3,5,0,3,-2,3,-3,4,-5,4,-6,4,-6,5,-7,6,-9,6,-8,1,-2,0,0,0,0,0,0,0,0,0,0,0,0,0,0,0,0,0,0,-1,-2,-5,-8,-6,-11,-4,-14,-3,-12,-3,-10,-1,-8,-3,-5,-4,0,-4,0,-6,1,-6,3,-6,7,-9,10,-13,11,-16,9,-19,9,-21,10,-22,10,-23,8,-22,6,-22,6,-21,5,-18,4,-18,4,-16,5,-11,6"
49.248000144958496,599,"CSI,2707,128,83,49,21,0,15,2,13,4,11,5,11,6,12,7,12,6,9,5,4,4,2,6,4,6,6,3,5,1,4,-1,3,-3,1,-4,1,-7,1,-8,0,-6,1,-5,1,-6,2,-7,3,-6,3,-6,2,-4,2,-3,0,-1,0,0,0,0,0,0,0,0,0,0,0,0,0,0,0,0,0,0,-3,0,-10,-1,-10,-3,-9,-2,-9,0,-9,-1,-7,-2,-7,-2,-7,-2,-5,-1,-3,2,-2,5,-3,6,-3,7,-4,10,-5,11,-5,12,-6,13,-4,13,-3,12,-5,12,-4,10,-2,7,0,7,2,5,2,2,3,3"
49.29244804382324,600,"CSI,2659,128,83,49,21,0,6,-5,8,-7,12,-9,13,-11,12,-11,13,-11,12,-14,9,-17,6,-15,5,-12,7,-11,7,-8,8,-6,6,-5,1,-7,-2,-8,-3,-8,-4,-9,-4,-8,-3,-6,-4,-6,-5,-5,-6,-2,-7,-2,-7,-3,-2,-2,0,0,0,0,0,0,0,0,0,0,0,0,0,0,0,0,0,0,-2,2,-6,10,-7,10,-9,9,-10,7,-11,6,-9,5,-7,5,-6,4,-3,2,1,2,1,3,4,4,9,5,12,8,14,13,15,17,16,19,14,19,11,20,9,20,8,19,9,18,8,16,8,12,9,7,8,5"
49.35064721107483,601,"CSI,2711,128,83,49,21,0,13,10,15,14,14,15,12,15,10,13,9,12,8,9,8,4,5,2,2,3,1,4,3,1,6,-2,5,-3,4,-3,5,-3,5,-7,4,-8,4,-6,5,-5,5,-5,6,-5,6,-4,4,-4,3,-4,1,-1,0,0,0,0,0,0,0,0,0,0,0,0,0,0,0,0,0,0,-1,-3,-4,-10,-5,-8,-4,-7,-2,-6,-3,-6,-3,-6,-5,-5,-6,-3,-5,-1,-3,0,-3,2,-3,4,-4,7,-5,8,-6,8,-9,10,-10,12,-9,10,-8,8,-10,6,-11,7,-7,7,-3,5,1,4,3,5,4,8"
49.39589214324951,602,"CSI,2664,128,83,49,21,0,-6,12,-4,10,-4,10,-1,13,0,17,-1,19,-4,19,-8,19,-7,20,-5,17,-4,13,-3,13,-4,13,-5,11,-3,9,0,4,0,2,2,3,3,3,5,2,7,1,9,1,9,2,7,0,6,-1,1,-1,0,0,0,0,0,0,0,0,0,0,0,0,0,0,0,0,0,0,-2,-3,-7,-11,-9,-11,-9,-11,-6,-11,-3,-9,-2,-7,-3,-6,-3,-4,-5,-2,-8,2,-10,5,-13,5,-15,6,-17,7,-19,5,-23,5,-24,4,-24,3,-24,2,-26,1,-26,-1,-24,-4,-19,-4,-16,0,-16,2,-16,3"
49.498478174209595,603,"CSI,2667,128,83,49,21,0,-1,3,3,2,7,1,12,-2,15,-5,15,-5,19,-5,25,-6,27,-7,24,-9,21,-10,21,-7,20,-6,16,-6,13,-4,11,-2,7,1,3,2,0,1,-2,0,-5,-1,-6,-2,-8,-2,-8,-1,-6,0,-1,0,0,0,0,0,0,0,0,0,0,0,0,0,0,0,0,0,0,0,0,-3,4,-12,5,-11,6,-9,6,-9,5,-7,4,-5,3,-4,1,-3,-2,-2,-5,0,-8,3,-11,8,-12,9,-13,9,-16,9,-21,9,-24,11,-26,12,-28,12,-27,11,-24,12,-22,11,-22,9,-21,9,-19,10,-18,10"
49.554413080215454,604,"CSI,2719,128,83,49,21,0,15,-12,15,-12,16,-13,17,-11,14,-9,13,-6,11,-1,9,2,10,0,11,-2,8,-4,4,-7,1,-8,2,-6,2,-4,0,-6,0,-9,1,-11,2,-11,3,-10,2,-8,1,-8,2,-8,3,-8,4,-7,1,-2,0,0,0,0,0,0,0,0,0,0,0,0,0,0,0,0,0,0,0,1,1,4,0,5,0,5,-2,5,-2,4,0,2,1,0,3,-1,6,1,8,2,7,0,8,0,11,3,13,5,13,6,15,6,14,5,11,3,10,3,9,4,9,4,9,3,10,2,10,-3,5,-6,0,-5"
49.60169816017151,605,"CSI,2671,128,83,49,21,0,-6,9,0,10,1,13,3,12,10,12,12,15,12,15,14,13,14,14,12,18,10,19,7,19,7,18,6,17,3,15,1,12,3,8,4,3,3,1,5,1,7,0,7,-4,6,-6,5,-5,4,-3,0,-1,0,0,0,0,0,0,0,0,0,0,0,0,0,0,0,0,0,0,-3,0,-12,0,-14,-2,-16,-3,-16,-3,-14,-4,-14,-4,-14,-3,-12,-2,-11,-1,-9,2,-10,4,-10,7,-7,10,-7,13,-10,15,-15,19,-19,20,-20,19,-20,20,-21,20,-23,21,-24,20,-25,17,-25,15,-22,17,-18,19"
49.659701108932495,606,"CSI,2723,128,83,49,21,0,-8,-18,-5,-21,-4,-21,-2,-21,-2,-20,-4,-20,-8,-17,-10,-13,-9,-10,-6,-9,-5,-6,-4,-2,-4,0,-4,2,-5,3,-5,4,-6,4,-9,4,-10,5,-11,6,-9,6,-9,6,-9,5,-8,3,-8,1,-3,0,0,0,0,0,0,0,0,0,0,0,0,0,0,0,0,0,0,0,-1,1,-2,4,0,3,-1,4,-4,5,-4,4,-2,3,-1,4,-2,3,-3,0,-1,-1,3,-2,8,-2,10,-2,11,-3,11,-1,12,1,12,-2,11,-3,11,-1,13,-1,14,-3,11,-4,8,-5,2,-6,0,-8,1,-10"
49.70439100265503,607,"CSI,2676,128,83,49,21,0,-9,-1,-6,3,-3,8,-1,11,-3,14,-4,17,-5,18,-10,17,-12,18,-11,18,-9,15,-9,13,-8,11,-7,8,-7,6,-5,4,-3,3,-2,2,1,1,3,1,4,0,7,-1,8,-1,7,0,6,0,1,0,0,0,0,0,0,0,0,0,0,0,0,0,0,0,0,0,0,0,0,-3,-1,-11,-2,-12,-1,-14,1,-12,1,-9,-3,-7,-3,-6,-2,-6,-4,-6,-6,-5,-9,-3,-11,-2,-12,-2,-15,-6,-19,-7,-21,-6,-21,-7,-21,-7,-22,-7,-22,-7,-20,-8,-19,-8,-19,-7,-20,-8,-19,-6,-17,-4"
49.804466009140015,608,"CSI,2680,128,83,49,21,0,7,0,9,-2,9,-5,9,-6,12,-7,13,-9,10,-7,10,-2,14,-2,17,-4,17,-2,14,-3,12,-4,11,-4,8,-3,5,-2,2,-2,1,-2,0,-4,-3,-5,-3,-5,-3,-4,-4,-4,-4,-6,-5,-8,-2,-3,0,0,0,0,0,0,0,0,0,0,0,0,0,0,0,0,0,0,-1,3,-4,13,-4,12,-4,11,-4,10,-5,8,-6,5,-4,2,0,2,2,4,3,6,6,7,9,5,10,6,12,10,12,13,11,15,12,15,13,18,13,21,12,21,10,18,7,18,5,17,4,16,4,15,4,11"
49.90699505805969,609,"CSI,2684,128,83,49,21,0,-4,3,-1,4,2,3,6,2,9,0,11,-2,13,0,16,1,15,1,13,1,13,2,13,2,11,1,9,0,8,0,7,-1,3,-3,0,-3,-3,-1,-4,0,-4,-4,-4,-4,-4,-2,-5,-3,-6,-3,-2,-1,0,0,0,0,0,0,0,0,0,0,0,0,0,0,0,0,0,0,-1,-2,-1,-9,-1,-11,0,-12,1,-11,3,-8,3,-5,1,-3,0,-4,0,-3,-1,-1,-5,3,-9,4,-10,4,-10,4,-13,5,-14,7,-15,8,-18,6,-20,5,-20,6,-19,7,-18,7,-16,7,-14,6,-16,5,-17,3"
50.00937509536743,610,"CSI,2687,128,83,49,21,0,-4,-5,-2,-5,-2,-6,-2,-8,-4,-8,-2,-9,0,-14,-3,-18,-5,-17,-5,-13,-3,-11,-1,-10,-3,-7,-5,-5,-5,-2,-3,1,-4,2,-3,1,-1,1,2,2,3,1,2,2,3,3,5,4,5,6,1,1,0,0,0,0,0,0,0,0,0,0,0,0,0,0,0,0,0,0,2,-1,8,-2,9,-2,9,-2,7,-2,5,0,4,2,3,4,1,4,-2,4,-5,7,-7,8,-8,7,-11,8,-13,9,-15,9,-13,13,-11,14,-11,10,-13,8,-15,10,-15,11,-15,10,-16,8,-16,7,-11,5,-5,1"
50.11165499687195,611,"CSI,2692,128,83,49,21,0,-6,-6,0,-5,5,-6,3,-6,1,-8,2,-11,3,-10,7,-7,8,-8,6,-11,3,-12,1,-11,1,-10,2,-8,1,-4,-2,-3,-2,-2,1,-1,0,0,0,3,0,5,1,2,3,0,5,0,5,2,1,0,0,0,0,0,0,0,0,0,0,0,0,0,0,0,0,0,0,0,1,2,3,9,3,7,4,7,3,8,0,7,-3,5,-3,4,-3,3,-3,1,-2,-1,-3,-4,-6,-6,-7,-5,-9,-4,-12,-2,-14,-2,-13,-5,-14,-6,-14,-4,-14,-4,-16,-4,-18,-3,-17,-3,-15,-4,-11,-1,-11,1"
50.21401906013489,612,"CSI,2696,128,83,49,21,0,-13,7,-9,8,-8,8,-9,4,-7,-2,-3,-6,2,-7,5,-9,2,-13,-1,-14,-2,-14,-3,-13,-1,-14,1,-13,2,-11,1,-11,-1,-10,-2,-8,-1,-6,1,-7,1,-7,2,-5,5,-3,6,-2,6,-2,1,-1,0,0,0,0,0,0,0,0,0,0,0,0,0,0,0,0,0,0,2,-1,8,-3,8,-2,8,-2,9,-1,7,1,5,2,3,5,2,7,4,6,2,3,-2,3,0,4,-1,6,-4,6,-5,7,-7,6,-9,5,-10,4,-9,5,-10,6,-14,7,-16,8,-16,10,-16,12,-13,13,-9,10"
50.31262397766113,613,"CSI,2700,128,83,49,21,0,9,0,6,-2,6,-1,6,3,5,4,4,5,2,4,-1,2,-1,4,2,6,3,6,5,8,5,8,3,7,1,4,1,2,2,3,2,3,-1,3,-2,2,-1,1,-2,4,-2,7,0,6,0,5,-1,1,0,0,0,0,0,0,0,0,0,0,0,0,0,0,0,0,0,0,1,-1,7,-4,7,-5,7,-5,8,-4,9,-3,9,-2,7,0,5,2,4,2,3,1,3,3,2,7,0,8,1,9,4,11,4,12,5,11,7,12,9,13,10,13,10,13,10,9,11,4,13,4,14,5,14,6"
50.41908621788025,614,"CSI,2703,128,83,49,21,0,7,10,4,8,-1,3,-5,1,-9,-1,-9,-3,-10,-3,-14,0,-13,-1,-11,-7,-11,-8,-11,-6,-12,-6,-11,-4,-8,-4,-7,-6,-8,-5,-7,-3,-4,-2,-1,-2,2,-3,3,-2,4,-2,4,-3,3,-3,0,-1,0,0,0,0,0,0,0,0,0,0,0,0,0,0,0,0,0,0,-2,-3,-5,-12,-4,-12,-4,-11,-2,-9,-2,-8,-3,-8,-2,-5,1,-2,3,-3,3,-3,2,0,2,4,2,7,4,8,5,10,5,13,4,14,5,15,5,16,5,16,6,17,8,16,8,14,8,13,8,13,9,10"
50.521186113357544,615,"CSI,2707,128,83,49,21,0,-4,1,1,1,6,1,6,3,5,7,5,6,7,8,9,14,8,11,5,8,4,8,3,8,1,8,-1,7,-1,6,-2,6,-2,5,1,3,1,0,-1,-2,-1,-3,0,-4,-1,-4,-2,-4,-4,-4,-2,-1,0,0,0,0,0,0,0,0,0,0,0,0,0,0,0,0,0,0,2,1,8,4,7,4,6,4,4,2,3,2,3,2,2,1,-1,0,-4,-2,-5,-4,-7,-5,-10,-6,-10,-7,-10,-8,-11,-11,-11,-14,-11,-15,-10,-14,-12,-12,-12,-12,-12,-12,-11,-9,-9,-9,-8,-9,-9,-6,-10,-4"
50.72635102272034,616,"CSI,2716,128,83,49,21,0,2,-2,2,1,5,3,9,6,11,9,12,10,9,9,3,8,2,11,3,14,2,12,2,9,2,7,2,5,-1,4,-3,3,-4,0,-3,-1,-5,-2,-6,-4,-7,-5,-6,-6,-5,-9,-3,-10,-1,-9,-1,-2,0,0,0,0,0,0,0,0,0,0,0,0,0,0,0,0,0,0,1,0,5,3,5,5,6,7,7,6,6,4,5,3,5,0,3,-3,2,-4,1,-8,2,-13,2,-15,1,-16,0,-17,-1,-18,-2,-19,-1,-18,-2,-16,-5,-16,-5,-17,-5,-18,-6,-17,-8,-17,-10,-16,-9,-15,-10,-16"
50.81354808807373,617,"CSI,2805,128,77,-47,20,0,-4,-4,-7,-3,-8,-2,-10,-1,-14,0,-16,-3,-17,-5,-16,-4,-12,-6,-11,-9,-11,-11,-10,-10,-9,-5,-6,-1,-2,1,-1,2,0,2,0,2,1,4,1,6,1,7,-1,7,0,7,0,6,-1,6,-1,1,0,0,0,0,0,0,0,0,0,0,0,0,0,0,0,0,0,0,0,3,0,12,-1,9,-1,7,0,6,1,7,0,8,-2,4,0,0,4,-1,7,-1,10,-1,12,-3,14,-4,18,-5,19,-5,18,-6,19,-6,19,-6,16,-4,16,-1,17,-3,17,-5,14,-3,13,-2,11,-4,9,-5"
50.84251308441162,618,"CSI,2719,128,83,49,21,0,-3,3,0,5,3,5,5,8,4,13,6,15,7,16,2,19,1,19,0,15,-2,14,-1,13,0,11,0,6,-1,5,0,5,1,3,1,-1,3,-1,5,-3,4,-6,4,-7,6,-6,6,-5,5,-5,1,-2,0,0,0,0,0,0,0,0,0,0,0,0,0,0,0,0,0,0,-1,-3,-2,-12,-1,-12,-1,-11,-2,-10,-2,-8,-3,-6,-5,-4,-6,-3,-8,-2,-12,-2,-13,-2,-15,-1,-18,2,-19,2,-18,1,-20,-1,-23,-2,-21,-1,-19,0,-18,0,-17,-1,-15,0,-13,1,-12,1,-13,2,-11,1"
50.93082618713379,619,"CSI,2723,128,83,49,21,0,-4,-2,-6,-5,-6,-6,-8,-8,-11,-10,-12,-12,-9,-10,-2,-5,0,-7,-3,-12,-6,-12,-5,-8,-3,-6,-2,-6,-2,-4,-2,-2,-2,-1,-2,-2,-3,-1,-6,1,-6,4,-4,5,-4,6,-5,5,-4,3,-1,0,0,0,0,0,0,0,0,0,0,0,0,0,0,0,0,0,0,0,1,1,6,6,4,7,2,9,1,8,2,5,4,3,3,1,3,-2,2,-4,3,-5,7,-5,9,-6,7,-8,8,-8,12,-7,15,-4,17,-2,15,-1,15,-2,16,-4,15,-3,14,0,12,-3,11,-3,9,-2,8,-2"
51.03639507293701,620,"CSI,2727,128,83,49,21,0,7,-12,1,-12,-4,-10,-6,-9,-6,-14,-6,-18,-4,-19,1,-19,2,-20,-1,-20,-2,-17,-3,-16,-2,-14,0,-11,1,-9,1,-7,0,-4,-4,-2,-5,-3,-6,-3,-7,-1,-9,0,-10,-1,-8,-3,-5,-4,-1,-2,0,0,0,0,0,0,0,0,0,0,0,0,0,0,0,0,0,0,2,-1,10,-1,12,-1,13,-2,11,-2,9,-1,8,-1,8,-1,9,-2,10,-4,8,-3,8,-6,8,-13,9,-15,9,-13,10,-13,14,-16,16,-16,17,-13,19,-13,19,-15,17,-15,17,-13,19,-11,19,-10,16,-10,13,-9"
51.13688397407532,621,"CSI,2732,128,83,49,21,0,2,9,4,5,6,2,10,-1,12,-2,14,-1,14,-1,11,-2,14,-3,19,-4,18,-2,16,0,15,3,14,5,11,4,7,1,4,-1,2,-1,0,-3,-2,-4,-4,-7,-5,-11,-5,-9,-4,-6,-4,-8,-1,-3,0,0,0,0,0,0,0,0,0,0,0,0,0,0,0,0,0,0,-4,1,-15,5,-14,2,-14,0,-13,3,-11,5,-10,4,-11,2,-10,2,-7,3,-4,5,-4,8,-6,11,-6,15,-4,18,-2,20,-4,23,-7,26,-7,26,-8,24,-10,22,-10,22,-10,22,-9,20,-9,17,-8,19,-7,22"
51.240034103393555,622,"CSI,2736,128,83,49,21,0,-6,-8,-8,-6,-12,-4,-15,-1,-15,0,-15,-1,-18,-1,-21,0,-20,-4,-15,-6,-12,-4,-13,-4,-11,-7,-7,-4,-6,-3,-4,-5,-4,-1,-4,3,-2,5,0,3,-1,1,-4,2,-5,5,-6,5,-6,6,-2,1,0,0,0,0,0,0,0,0,0,0,0,0,0,0,0,0,0,0,2,-2,11,-6,10,-7,9,-7,9,-7,9,-9,7,-7,6,-5,6,-6,8,-8,8,-11,5,-13,-1,-15,-4,-18,-3,-19,0,-20,0,-20,1,-20,3,-24,4,-26,5,-25,5,-24,5,-22,4,-19,2,-16,2,-16,6,-16"
51.342170000076294,623,"CSI,2740,128,83,49,21,0,6,-8,2,-7,-5,-8,-11,-9,-13,-9,-16,-9,-16,-12,-11,-14,-11,-16,-13,-16,-11,-14,-10,-12,-8,-11,-6,-9,-3,-8,-2,-7,-4,-4,-6,1,-4,5,-4,6,-4,5,-4,6,-5,7,-6,7,-6,7,-2,1,0,0,0,0,0,0,0,0,0,0,0,0,0,0,0,0,0,0,2,1,7,5,7,5,9,5,10,8,9,9,9,8,7,7,6,7,6,6,5,4,6,1,8,-4,9,-8,9,-9,11,-12,15,-16,18,-18,18,-16,19,-15,22,-15,24,-12,22,-11,19,-12,19,-13,17,-15,17,-15"
51.443029165267944,624,"CSI,2743,128,83,49,21,0,6,0,5,-5,4,-5,4,-7,6,-10,8,-13,6,-17,5,-22,7,-20,7,-15,5,-14,6,-13,8,-12,6,-10,4,-7,3,-3,1,-1,-3,-1,-5,-3,-6,-2,-7,-1,-7,0,-7,2,-8,2,-9,2,-3,0,0,0,0,0,0,0,0,0,0,0,0,0,0,0,0,0,0,0,-3,0,-10,1,-12,1,-12,1,-14,-1,-17,-2,-16,-2,-13,-1,-12,-1,-13,-1,-10,0,-6,3,-3,5,0,5,2,8,4,13,7,17,7,20,5,22,7,25,7,28,5,28,5,27,4,26,3,21,2,16,2,16"
51.545799016952515,625,"CSI,2747,128,83,49,21,0,5,-1,8,-2,7,-8,4,-11,3,-12,5,-15,5,-16,3,-14,4,-14,6,-19,7,-19,8,-18,8,-17,4,-12,2,-8,1,-6,1,-5,0,-2,-2,0,-5,-1,-5,-2,-6,-1,-8,2,-10,3,-11,1,-3,0,0,0,0,0,0,0,0,0,0,0,0,0,0,0,0,0,0,0,-3,2,-12,10,-13,10,-14,10,-14,8,-12,5,-11,4,-9,3,-6,3,-5,3,-3,2,1,5,4,7,5,9,8,13,12,14,15,17,17,18,17,18,15,19,15,19,16,19,14,19,10,20,7,18,5,16,7,14"
51.648651123046875,626,"CSI,2751,128,83,49,21,0,-5,7,-2,8,1,6,3,9,5,12,8,10,11,11,12,16,11,15,9,13,7,12,6,13,5,13,3,10,3,6,1,2,-2,-1,0,-1,3,0,3,-2,1,-5,-1,-5,0,-4,2,-5,4,-9,1,-3,0,0,0,0,0,0,0,0,0,0,0,0,0,0,0,0,0,0,-3,-4,-7,-13,-7,-15,-8,-15,-5,-14,-3,-14,-3,-13,-2,-13,-2,-10,-1,-6,-3,-3,-7,1,-10,3,-13,3,-15,3,-17,4,-21,7,-22,7,-23,5,-26,1,-27,1,-25,1,-24,-1,-23,0,-22,0,-21,0,-22,2"
51.850533962249756,627,"CSI,2759,128,83,49,21,0,3,7,5,2,8,0,13,-3,17,-4,17,0,16,0,10,-2,10,0,14,1,14,3,12,5,10,6,7,4,5,2,5,1,6,-2,4,-4,2,-2,2,-2,2,-4,2,-5,2,-5,2,-6,2,-8,0,-3,0,0,0,0,0,0,0,0,0,0,0,0,0,0,0,0,0,0,0,2,1,9,2,10,1,13,-2,14,-2,12,-1,11,0,12,-3,12,-5,11,-1,10,2,10,2,8,3,7,5,8,8,9,11,11,12,16,11,20,10,22,9,21,4,21,2,23,3,23,3,21,4,19,6,18"
51.955129861831665,628,"CSI,2763,128,83,49,21,0,-6,6,-4,0,-4,-3,-3,-7,-2,-12,-4,-16,-2,-16,3,-16,1,-18,-4,-19,-5,-19,-4,-17,-4,-13,-4,-10,-3,-7,-3,-5,-1,-3,1,-2,1,-2,0,1,-2,3,0,3,3,3,4,4,5,5,1,1,0,0,0,0,0,0,0,0,0,0,0,0,0,0,0,0,0,0,-2,-2,-5,-7,-6,-8,-6,-8,-6,-9,-6,-10,-4,-11,-2,-10,-2,-7,-2,-5,0,-4,-1,-1,-1,2,2,5,5,8,4,10,3,15,3,20,1,24,0,25,1,25,4,25,4,25,4,23,4,23,4,19,6,12"
52.017578125,629,"CSI,2815,128,83,49,21,0,-15,0,-16,-1,-18,-1,-20,-1,-19,-2,-16,-4,-12,-2,-10,1,-10,-1,-8,-4,-7,-3,-6,-4,-7,-4,-8,-3,-7,-1,-6,-1,-6,-2,-5,-2,-4,-3,-6,-3,-6,-1,-5,0,-2,0,0,0,-1,-1,-1,-1,0,0,0,0,0,0,0,0,0,0,0,0,0,0,0,0,0,0,-1,-2,-3,-8,-2,-7,-3,-7,-3,-6,-2,-6,-2,-7,-4,-5,-4,-4,-5,-5,-8,-5,-9,-3,-8,-3,-9,-4,-10,-6,-11,-8,-11,-7,-10,-7,-8,-8,-10,-7,-12,-6,-11,-6,-10,-6,-9,-6,-8,-6,-10,-6,-15,-5"
52.057228088378906,630,"CSI,2768,128,83,49,21,0,3,3,-1,2,-6,1,-10,-2,-12,-2,-14,-1,-13,-4,-9,-9,-10,-7,-13,-3,-12,-1,-13,1,-15,3,-13,0,-8,-2,-2,-2,-1,0,-2,1,-1,1,2,0,1,0,0,-1,0,-3,1,-4,1,-3,0,-1,0,0,0,0,0,0,0,0,0,0,0,0,0,0,0,0,0,0,1,-3,4,-10,2,-10,1,-10,1,-9,3,-8,3,-9,3,-9,2,-7,0,-6,0,-3,1,3,-1,5,-2,6,-2,9,0,11,1,13,2,16,4,18,7,20,9,19,9,18,9,19,10,16,12,13,10,13,7,16"
52.16024303436279,631,"CSI,2771,128,83,49,21,0,-10,8,-8,5,-8,3,-9,0,-10,-3,-10,-4,-10,-5,-12,-4,-12,-5,-11,-6,-11,-7,-8,-7,-7,-7,-6,-6,-5,-5,-6,-5,-7,-4,-4,-2,1,-1,2,-1,2,-1,2,0,2,-2,0,-4,1,-4,0,-1,0,0,0,0,0,0,0,0,0,0,0,0,0,0,0,0,0,0,2,0,7,1,7,2,8,2,10,2,10,2,8,4,6,3,5,2,2,2,0,2,-1,3,-4,4,-6,3,-10,4,-12,6,-11,5,-11,4,-13,6,-14,10,-15,13,-16,14,-14,13,-13,15,-13,17,-11,16,-9,14"
52.26293206214905,632,"CSI,2775,128,83,49,21,0,2,18,2,12,-2,7,-5,4,-8,1,-11,-5,-12,-9,-11,-5,-12,-6,-16,-10,-17,-10,-17,-8,-17,-7,-16,-5,-14,-4,-13,-5,-12,-5,-9,-4,-4,-3,1,-2,2,0,3,1,4,-1,5,-4,5,-5,1,-2,0,0,0,0,0,0,0,0,0,0,0,0,0,0,0,0,0,0,1,-2,4,-7,5,-7,5,-8,5,-9,6,-8,8,-9,7,-9,7,-8,7,-6,7,-5,7,-3,4,-1,1,0,-2,1,-3,3,-2,7,-1,13,-1,16,-3,16,-3,20,-2,23,-1,24,-2,23,-2,26,-1,27,-1,25"
52.367177963256836,633,"CSI,2780,128,83,49,21,0,5,10,2,6,0,3,-2,-2,-5,-7,-3,-11,-2,-14,-2,-14,-2,-17,-3,-20,-5,-21,-6,-23,-5,-21,-3,-17,-4,-15,-5,-11,-4,-7,-2,-4,-2,-2,-3,1,-3,2,-3,4,-2,6,-2,9,-1,9,0,2,0,0,0,0,0,0,0,0,0,0,0,0,0,0,0,0,0,0,-2,0,-9,1,-12,-1,-13,-4,-13,-6,-12,-5,-11,-4,-12,-4,-11,-4,-8,-2,-4,-1,-4,-2,-3,0,0,3,4,5,7,8,9,11,9,14,9,16,12,17,14,20,13,21,12,20,14,19,16,20,15,20,12,20"
52.40051794052124,634,"CSI,241,128,101,81,22,0,9,-24,9,-24,8,-24,8,-23,8,-23,7,-23,6,-23,5,-23,5,-23,5,-23,4,-23,4,-23,4,-22,4,-22,5,-22,5,-21,5,-21,4,-20,4,-19,4,-18,5,-17,4,-16,5,-16,5,-15,5,-14,1,-4,0,0,0,0,0,0,0,0,0,0,0,0,0,0,0,0,0,0,0,-6,4,-21,4,-21,5,-22,6,-22,6,-23,7,-24,7,-25,8,-26,10,-26,11,-26,11,-26,11,-26,11,-26,12,-25,12,-25,12,-25,11,-25,11,-25,12,-25,11,-25,11,-25,10,-25,9,-25,10,-25,9,-25,8,-25"
52.46583008766174,635,"CSI,242,128,101,81,22,0,-28,-13,-28,-13,-29,-12,-29,-11,-28,-10,-28,-10,-28,-9,-28,-9,-28,-9,-28,-9,-28,-9,-28,-8,-28,-8,-29,-7,-28,-7,-27,-8,-26,-9,-25,-9,-25,-9,-24,-9,-23,-8,-22,-8,-21,-9,-20,-9,-19,-10,-5,-3,0,0,0,0,0,0,0,0,0,0,0,0,0,0,0,0,0,0,-6,-2,-21,-5,-22,-6,-22,-7,-23,-7,-24,-8,-25,-9,-26,-11,-26,-12,-27,-12,-27,-13,-27,-14,-27,-15,-27,-16,-27,-16,-27,-15,-28,-15,-28,-16,-28,-15,-28,-14,-28,-13,-28,-13,-28,-14,-28,-14,-29,-14,-30,-13,-31,-13"
52.495190143585205,636,"CSI,2784,128,83,49,21,0,3,3,2,-1,0,-6,2,-11,6,-15,7,-19,10,-21,14,-25,11,-25,8,-22,7,-18,5,-16,6,-16,5,-15,4,-13,3,-10,2,-7,1,-5,-1,-4,-3,-1,-4,1,-7,2,-9,3,-9,3,-8,2,-2,0,0,0,0,0,0,0,0,0,0,0,0,0,0,0,0,0,0,0,-3,-1,-11,-3,-11,-4,-10,-7,-8,-11,-7,-10,-7,-7,-6,-5,-4,-5,-4,-4,-5,1,-4,6,-2,7,0,8,2,12,2,15,2,18,2,20,3,21,4,23,3,25,2,26,1,24,-1,22,1,24,2,25,1,21"
52.52802109718323,637,"CSI,2834,128,83,49,21,0,-17,-6,-18,-4,-17,-4,-15,-6,-14,-10,-15,-12,-11,-7,-4,-1,-3,-2,-4,-3,-5,-4,-6,-4,-4,-2,-1,1,1,5,2,7,0,5,0,4,0,5,-2,5,-3,4,-2,3,-2,2,-2,1,-2,0,-1,-1,0,0,0,0,0,0,0,0,0,0,0,0,0,0,0,0,0,0,1,0,6,3,7,3,6,4,6,5,6,4,4,2,2,1,2,0,2,-4,2,-7,1,-9,3,-10,7,-11,8,-11,8,-12,9,-15,10,-18,10,-17,7,-11,4,-8,3,-11,3,-11,2,-8,-1,-7,-2,-8,-3,-11"
52.5720489025116,638,"CSI,2788,128,83,49,21,0,-9,14,-8,15,-5,14,-3,16,-3,18,-1,21,2,21,2,17,1,19,2,22,0,22,-3,21,-4,20,-6,19,-7,17,-5,14,-2,11,-1,10,1,8,4,5,7,5,8,5,8,5,9,6,8,8,2,2,0,0,0,0,0,0,0,0,0,0,0,0,0,0,0,0,0,0,-4,1,-14,6,-14,5,-14,4,-15,1,-16,-2,-15,-3,-12,-1,-10,2,-9,2,-12,3,-13,5,-12,7,-10,11,-10,12,-12,12,-15,14,-16,15,-18,17,-20,18,-22,17,-22,18,-24,17,-24,15,-20,13,-20,11,-21,11"
52.608295917510986,639,"CSI,243,128,101,81,22,0,-18,14,-17,14,-17,14,-17,14,-17,15,-16,15,-16,15,-15,15,-15,15,-14,15,-14,15,-14,16,-15,16,-15,15,-15,15,-15,15,-14,14,-14,13,-14,13,-14,12,-14,12,-13,11,-13,10,-13,10,-12,9,-3,2,0,0,0,0,0,0,0,0,0,0,0,0,0,0,0,0,0,0,-3,2,-11,11,-11,11,-12,11,-13,12,-14,12,-14,12,-15,12,-16,12,-17,13,-18,12,-18,12,-18,12,-18,12,-19,12,-19,12,-19,12,-19,12,-18,12,-19,13,-19,13,-19,13,-18,13,-18,13,-18,13,-19,14,-19,14"
52.674339056015015,640,"CSI,2792,128,83,49,21,0,9,-11,12,-14,12,-18,10,-20,11,-22,13,-23,14,-18,15,-13,16,-11,16,-10,14,-7,12,-7,8,-6,5,-4,4,-4,2,-4,-2,-4,-4,-4,-4,-6,-4,-7,-5,-8,-6,-9,-6,-8,-5,-6,-6,-6,-2,-2,0,0,0,0,0,0,0,0,0,0,0,0,0,0,0,0,0,0,0,3,3,12,3,11,3,10,2,10,2,10,1,9,1,8,4,7,8,6,12,7,15,6,15,5,16,5,19,8,20,9,20,8,21,11,21,12,21,9,22,10,21,11,20,10,17,10,15,9,13,7,11,6"
52.70507287979126,641,"CSI,244,128,101,81,22,0,9,-17,8,-17,8,-17,8,-17,8,-17,8,-17,7,-18,6,-18,6,-18,6,-18,6,-18,6,-18,6,-17,7,-17,7,-17,7,-17,7,-16,7,-16,7,-15,7,-14,7,-13,7,-13,7,-12,7,-12,7,-11,1,-3,0,0,0,0,0,0,0,0,0,0,0,0,0,0,0,0,0,0,0,-4,3,-14,4,-14,4,-14,5,-15,5,-15,6,-16,6,-16,7,-16,8,-16,8,-17,8,-17,8,-17,9,-17,9,-17,9,-17,9,-17,9,-17,9,-17,10,-17,9,-17,9,-17,8,-17,8,-17,8,-17,9,-18,9,-19"
52.776638984680176,642,"CSI,2795,128,83,49,21,0,-4,2,-6,-2,-6,-4,-6,-5,-4,-7,-3,-8,-1,-11,2,-18,0,-21,-5,-20,-7,-19,-6,-18,-4,-16,-3,-15,-2,-14,-1,-11,0,-8,1,-6,1,-3,2,-1,3,2,4,5,2,8,1,8,1,7,0,1,0,0,0,0,0,0,0,0,0,0,0,0,0,0,0,0,0,0,-1,-2,-1,-7,0,-7,0,-7,-2,-7,-3,-5,-2,-2,-1,2,-3,3,-4,2,-5,3,-5,7,-4,9,-4,10,-5,11,-4,13,-5,13,-5,12,-2,12,0,12,1,13,0,12,0,10,1,9,1,11,1,12,1,10"
52.80721116065979,643,"CSI,2806,128,75,-79,20,0,-4,1,0,-1,5,-1,6,-5,5,-8,6,-5,11,-7,13,-13,11,-12,10,-11,11,-11,11,-9,11,-7,9,-6,9,-4,9,-1,7,0,4,0,2,1,1,2,-1,2,-4,1,-7,1,-8,1,-9,-1,-3,-1,0,0,0,0,0,0,0,0,0,0,0,0,0,0,0,0,0,0,-1,-2,-3,-7,0,-8,0,-9,0,-7,0,-6,-1,-5,-1,-4,-1,-2,-2,0,-3,1,-3,3,-5,6,-7,7,-8,9,-10,10,-14,9,-17,8,-18,6,-16,6,-12,8,-10,12,-9,13,-8,11,-10,9,-11,9,-9,11"
52.84228301048279,644,"CSI,245,128,101,81,22,0,16,-16,15,-17,16,-17,16,-17,15,-17,15,-18,14,-18,13,-18,13,-18,13,-19,13,-19,13,-19,13,-19,14,-18,14,-18,14,-18,14,-18,13,-17,13,-16,13,-15,13,-15,13,-14,13,-13,13,-12,12,-12,3,-3,0,0,0,0,0,0,0,0,0,0,0,0,0,0,0,0,0,0,2,-4,10,-13,10,-13,11,-14,12,-14,13,-14,13,-14,13,-15,14,-15,16,-15,17,-15,17,-14,17,-14,17,-14,17,-14,17,-14,17,-14,17,-14,17,-15,17,-15,17,-15,17,-16,16,-16,16,-16,16,-16,17,-16,18,-17"
52.8791561126709,645,"CSI,2799,128,83,49,21,0,-9,3,-6,6,-4,10,-3,13,-3,12,-4,11,-3,9,-1,7,-1,7,-2,9,-6,9,-10,9,-11,8,-8,7,-6,6,-6,5,-3,4,-2,3,0,2,3,2,4,2,5,0,6,-1,5,1,5,2,1,0,0,0,0,0,0,0,0,0,0,0,0,0,0,0,0,0,0,0,-3,-1,-9,-3,-9,-3,-10,-3,-9,-4,-8,-4,-6,-5,-5,-4,-5,-1,-6,3,-11,3,-13,2,-11,3,-13,5,-17,6,-18,6,-18,5,-18,3,-18,2,-18,2,-18,2,-20,1,-20,2,-19,1,-18,-1,-17,1,-17,5"
52.90994691848755,646,"CSI,246,128,101,81,22,0,4,-24,4,-24,3,-24,3,-24,4,-24,3,-24,2,-24,1,-25,1,-25,1,-25,1,-25,1,-25,1,-25,2,-24,2,-24,3,-24,3,-24,3,-23,3,-22,4,-21,4,-21,4,-20,4,-19,5,-18,5,-18,1,-5,0,0,0,0,0,0,0,0,0,0,0,0,0,0,0,0,0,0,-1,-4,-1,-14,-1,-15,0,-16,1,-16,1,-17,1,-18,1,-19,2,-20,3,-20,4,-20,4,-21,4,-21,4,-22,4,-22,5,-22,5,-22,4,-22,5,-22,5,-22,5,-22,4,-23,4,-23,3,-23,4,-23,4,-24,4,-24"
52.94323801994324,647,"CSI,2147,128,-117,-78,40,0,-7,18,-6,18,-6,18,-6,18,-6,18,-6,18,-5,18,-4,18,-4,19,-4,19,-4,19,-5,19,-4,19,-5,18,-5,18,-5,18,-5,18,-5,17,-6,17,-6,16,-6,15,-6,15,-6,14,-7,13,-7,13,-2,3,0,0,0,0,0,0,0,0,0,0,0,0,0,0,0,0,0,0,-1,2,-2,10,-2,11,-3,11,-3,12,-3,13,-3,13,-3,14,-4,15,-5,15,-6,15,-6,15,-6,16,-6,16,-7,16,-7,16,-7,16,-7,16,-7,16,-7,16,-7,16,-7,17,-6,17,-6,17,-6,17,-7,18,-7,19"
52.97652196884155,648,"CSI,2861,128,-5,-79,31,0,-8,24,-7,24,-7,24,-7,24,-7,24,-6,24,-5,24,-5,24,-5,24,-4,25,-4,25,-4,25,-4,25,-5,24,-5,24,-6,24,-6,24,-5,23,-6,22,-6,21,-6,20,-6,19,-6,19,-7,18,-7,17,-2,4,0,0,0,0,0,0,0,0,0,0,0,0,0,0,0,0,0,0,-1,3,-2,14,-3,15,-3,16,-4,16,-4,17,-4,18,-5,19,-6,20,-7,20,-8,21,-8,21,-8,22,-8,22,-8,22,-9,22,-9,22,-8,22,-8,22,-9,22,-9,22,-8,23,-8,23,-7,23,-7,23,-8,24,-8,25"
53.00699496269226,649,"CSI,2803,128,83,49,21,0,-6,-15,-5,-13,-3,-9,0,-8,4,-5,7,-3,9,0,15,1,18,-1,18,-3,17,-2,15,-1,14,2,13,3,10,2,7,3,4,3,1,4,1,4,1,3,0,2,-3,3,-5,6,-6,4,-7,4,-2,1,0,0,0,0,0,0,0,0,0,0,0,0,0,0,0,0,0,0,-1,1,-2,5,-2,6,-2,5,-1,5,0,3,-1,1,-3,1,-4,3,-3,3,1,0,4,0,3,2,4,1,4,-1,3,-4,3,-8,2,-10,-1,-11,0,-10,2,-11,0,-12,-3,-14,-6,-14,-7,-16,-7,-16,-9,-13"
53.04195809364319,650,"CSI,247,128,101,81,22,0,14,-19,14,-19,14,-19,14,-19,14,-20,14,-20,12,-20,12,-20,12,-20,12,-20,11,-20,11,-20,12,-20,12,-20,13,-19,13,-19,13,-18,12,-18,12,-17,12,-16,12,-15,12,-15,12,-14,12,-13,12,-12,3,-3,0,0,0,0,0,0,0,0,0,0,0,0,0,0,0,0,0,0,2,-4,8,-14,8,-15,9,-16,10,-16,11,-16,11,-17,11,-17,12,-17,14,-17,15,-18,15,-17,15,-17,15,-17,15,-17,15,-17,15,-17,15,-17,15,-17,15,-18,15,-18,15,-18,14,-19,14,-19,14,-19,15,-19,15,-19"
53.081443071365356,651,"CSI,2808,128,83,49,21,0,-1,12,-1,12,-5,10,-10,9,-10,9,-8,9,-6,5,-6,-1,-9,-1,-13,0,-13,0,-12,1,-12,-2,-11,-4,-10,-3,-9,-2,-9,-2,-8,-1,-6,-4,-6,-7,-6,-5,-5,-2,-6,-3,-6,-4,-4,-3,-1,-1,0,0,0,0,0,0,0,0,0,0,0,0,0,0,0,0,0,0,1,-1,6,-2,4,-2,2,-3,4,-2,4,-2,2,-2,0,-1,-1,0,-1,0,-3,3,-3,8,-1,9,-1,6,-1,6,0,10,1,13,2,12,3,9,3,8,1,10,0,10,0,10,-1,12,-1,12,1,10,1,10"
53.14169907569885,652,"CSI,248,128,101,81,22,0,-21,-17,-21,-17,-22,-17,-22,-16,-21,-15,-22,-15,-22,-15,-22,-15,-22,-15,-22,-15,-22,-15,-22,-14,-22,-14,-23,-14,-22,-14,-21,-14,-20,-15,-20,-15,-19,-14,-18,-14,-17,-13,-17,-13,-16,-13,-15,-13,-14,-13,-4,-4,0,0,0,0,0,0,0,0,0,0,0,0,0,0,0,0,0,0,-4,-3,-15,-9,-15,-10,-16,-11,-16,-11,-17,-12,-17,-13,-18,-15,-18,-15,-19,-16,-18,-16,-18,-17,-18,-18,-18,-19,-18,-19,-19,-18,-19,-19,-19,-19,-19,-18,-19,-18,-20,-17,-20,-17,-20,-18,-21,-18,-21,-18,-21,-18,-23,-18"
53.1836621761322,653,"CSI,2812,128,83,49,21,0,-1,-11,0,-10,-1,-8,-1,-8,-2,-10,-3,-11,-2,-7,-2,-3,-2,-5,-2,-10,-2,-11,-1,-9,0,-9,0,-8,-2,-7,-2,-8,-1,-10,1,-7,1,-4,1,-5,0,-8,-2,-8,-1,-5,2,-4,1,-6,0,-2,0,0,0,0,0,0,0,0,0,0,0,0,0,0,0,0,0,0,0,-2,3,-5,2,-6,2,-6,1,-5,0,-5,0,-4,0,0,0,2,2,0,2,0,1,2,2,2,3,2,1,2,2,0,6,-2,7,-3,3,-5,0,-7,1,-10,3,-11,2,-12,-1,-12,-2,-10,0,-8,3,-10"
53.2498300075531,654,"CSI,249,128,101,81,22,0,20,-13,20,-13,20,-13,20,-13,20,-13,20,-14,19,-14,19,-14,19,-14,18,-15,18,-15,18,-15,18,-14,19,-14,19,-14,19,-13,18,-12,18,-11,17,-11,17,-10,17,-10,16,-9,16,-9,15,-8,15,-7,3,-2,0,0,0,0,0,0,0,0,0,0,0,0,0,0,0,0,0,0,3,-3,12,-10,12,-10,13,-11,14,-11,15,-11,15,-11,16,-11,17,-11,18,-11,19,-11,19,-11,19,-11,19,-11,20,-11,20,-11,20,-11,20,-11,20,-11,20,-12,21,-12,21,-12,20,-12,20,-12,20,-12,21,-13,22,-13"
53.47479724884033,655,"CSI,251,128,101,81,22,0,-22,4,-22,4,-22,4,-22,5,-22,5,-22,5,-21,5,-21,5,-21,5,-21,5,-20,6,-20,6,-20,5,-20,5,-20,5,-20,5,-19,4,-19,3,-18,3,-18,3,-17,2,-16,2,-16,2,-15,1,-15,1,-4,0,0,0,0,0,0,0,0,0,0,0,0,0,0,0,0,0,0,0,-4,1,-13,5,-14,5,-14,5,-15,5,-16,5,-17,5,-18,5,-18,4,-19,4,-20,5,-21,4,-21,3,-21,3,-21,3,-21,3,-22,3,-22,3,-22,3,-22,4,-22,4,-22,4,-22,4,-22,4,-22,4,-23,5,-24,6"
53.50713300704956,656,"CSI,2823,128,83,49,21,0,-12,4,-10,5,-7,4,-6,0,-5,-1,-4,1,-2,-2,1,-10,-2,-11,-7,-9,-8,-10,-7,-11,-7,-11,-8,-13,-7,-13,-5,-12,-4,-9,-4,-6,-4,-4,-5,-3,-3,-4,-2,-4,-2,-5,-1,-6,-1,-6,-1,-2,0,0,0,0,0,0,0,0,0,0,0,0,0,0,0,0,0,0,-1,1,0,6,0,6,-1,7,-3,6,-4,4,-4,3,-5,1,-7,1,-9,2,-9,2,-10,1,-10,1,-9,-1,-8,-4,-8,-2,-9,-1,-11,-3,-11,-6,-11,-6,-12,-1,-14,-1,-16,-3,-17,-2,-16,1,-15,3,-14,0"
53.58451700210571,657,"CSI,252,128,101,81,22,0,15,-1,15,-1,15,-1,15,-2,15,-2,14,-3,14,-3,14,-2,14,-3,13,-3,13,-3,13,-3,13,-3,13,-3,13,-3,13,-3,12,-2,12,-2,12,-2,11,-2,11,-2,10,-2,10,-2,9,-1,9,-1,2,-1,0,0,0,0,0,0,0,0,0,0,0,0,0,0,0,0,0,0,2,-1,10,-2,10,-2,11,-2,11,-2,12,-1,13,-1,13,0,14,0,14,0,14,0,14,0,14,0,14,1,15,1,15,1,15,1,15,1,15,0,15,0,15,-1,15,-1,15,-1,15,-1,15,-1,15,-1,15,-1"
53.698837995529175,658,"CSI,253,128,101,81,22,0,23,-11,22,-11,23,-11,23,-12,23,-12,22,-12,21,-12,21,-13,21,-13,20,-13,20,-13,19,-13,19,-13,20,-13,20,-13,20,-13,19,-12,18,-11,18,-10,18,-10,17,-10,17,-9,16,-8,16,-7,15,-7,3,-2,0,0,0,0,0,0,0,0,0,0,0,0,0,0,0,0,0,0,4,-3,16,-9,17,-9,18,-9,19,-10,20,-10,20,-10,21,-9,22,-9,23,-9,24,-9,24,-9,24,-8,24,-8,24,-8,24,-8,24,-8,24,-8,24,-9,24,-9,25,-10,24,-10,24,-10,23,-10,24,-10,24,-10,25,-11"
53.798113107681274,659,"CSI,2836,128,83,49,21,0,2,-7,2,-9,2,-7,2,-4,0,-7,-1,-13,0,-13,-2,-8,-2,-8,-2,-12,-3,-12,-1,-11,-1,-9,-2,-9,-2,-9,-4,-7,-4,-5,-1,-3,-1,-2,-3,-2,-4,-2,-4,0,-5,3,-6,3,-6,2,-2,0,0,0,0,0,0,0,0,0,0,0,0,0,0,0,0,0,0,0,0,2,0,9,0,7,-3,6,-4,6,-4,4,-1,2,1,2,2,2,2,1,3,-2,5,-3,8,-2,10,0,11,2,15,3,17,1,15,-1,15,0,15,4,14,6,14,3,13,0,11,0,8,1,6,2,5,2"
53.82989025115967,660,"CSI,254,128,101,81,22,0,17,-4,17,-5,17,-5,17,-5,17,-6,17,-6,16,-6,16,-6,16,-6,15,-6,15,-6,15,-6,15,-6,16,-6,16,-6,15,-6,15,-5,14,-4,14,-4,13,-4,13,-4,12,-3,12,-3,12,-3,11,-2,2,-1,0,0,0,0,0,0,0,0,0,0,0,0,0,0,0,0,0,0,3,-2,13,-5,13,-5,14,-5,14,-5,15,-5,16,-5,16,-4,17,-4,18,-4,18,-4,18,-3,18,-3,18,-3,18,-3,18,-3,18,-3,18,-3,18,-3,18,-4,18,-4,18,-4,18,-4,18,-4,18,-4,18,-4,19,-4"
53.90320014953613,661,"CSI,2839,128,83,49,21,0,-3,-10,-4,-10,-5,-8,-6,-4,-7,-1,-8,2,-7,4,-5,4,-6,2,-9,1,-14,1,-15,1,-14,0,-14,-2,-12,-3,-7,-4,-4,-3,-2,-2,-2,0,-1,2,0,2,1,2,2,2,2,2,1,4,0,1,0,0,0,0,0,0,0,0,0,0,0,0,0,0,0,0,0,0,2,-1,8,-2,8,-2,9,-1,8,-1,6,-1,4,0,3,0,1,0,-1,-3,-2,-5,-1,-7,0,-9,-1,-11,-2,-13,-3,-14,-2,-16,2,-16,2,-15,1,-16,1,-15,0,-13,-2,-13,-4,-15,-4,-16,-3,-15,-3,-12"
53.93930196762085,662,"CSI,255,128,101,81,22,0,-2,-25,-3,-25,-3,-25,-3,-24,-3,-24,-4,-24,-5,-24,-5,-24,-5,-24,-5,-24,-6,-24,-6,-24,-6,-24,-6,-23,-5,-23,-4,-23,-4,-23,-4,-23,-3,-22,-2,-21,-2,-20,-2,-20,-1,-19,-1,-18,0,-18,0,-5,0,0,0,0,0,0,0,0,0,0,0,0,0,0,0,0,0,0,-1,-5,-3,-20,-2,-21,-2,-22,-2,-22,-2,-23,-2,-24,-2,-25,-1,-26,0,-26,1,-26,1,-26,1,-27,1,-27,1,-27,1,-26,0,-26,0,-26,0,-26,0,-25,0,-25,-1,-25,-1,-26,-2,-26,-2,-26,-2,-26,-2,-26"
53.97274613380432,663,"CSI,2151,128,-117,-78,40,0,-19,0,-19,0,-19,1,-19,1,-19,2,-19,2,-19,2,-19,2,-19,2,-19,2,-19,3,-19,3,-19,3,-20,4,-20,4,-20,3,-19,2,-19,2,-18,2,-18,2,-18,2,-17,1,-17,1,-17,1,-16,0,-4,0,0,0,0,0,0,0,0,0,0,0,0,0,0,0,0,0,0,0,-4,0,-15,1,-15,1,-15,1,-16,1,-17,0,-17,0,-17,0,-18,-1,-18,-1,-19,-1,-19,-2,-18,-2,-18,-2,-18,-2,-18,-2,-19,-2,-19,-2,-19,-2,-19,-1,-19,-1,-19,-1,-19,-1,-19,-1,-19,-1,-20,0,-20,0"
54.00600600242615,664,"CSI,2864,128,-5,-79,31,0,16,22,17,22,17,21,17,21,17,20,18,20,19,20,19,21,19,20,20,20,20,21,20,21,20,20,20,20,20,20,19,21,19,22,18,22,17,21,16,20,15,19,15,19,14,19,13,19,13,19,3,4,0,0,0,0,0,0,0,0,0,0,0,0,0,0,0,0,0,0,4,3,16,14,16,15,16,16,16,17,16,18,17,19,17,21,17,21,17,22,16,22,16,23,16,24,16,24,16,24,15,24,15,23,15,24,15,23,15,22,15,22,16,22,16,22,17,23,17,22,17,22,18,23"
54.03665113449097,665,"CSI,2844,128,83,49,21,0,-4,5,-2,3,2,0,4,-4,5,-6,8,-7,9,-8,8,-9,10,-7,13,-4,14,-2,14,-2,12,-1,11,3,10,2,8,0,4,0,0,-1,-3,-2,-3,-2,-2,-3,-3,-4,-6,-3,-8,-4,-6,-5,-2,-2,0,0,0,0,0,0,0,0,0,0,0,0,0,0,0,0,0,0,-2,-2,-6,-7,-6,-8,-5,-8,-4,-7,-4,-6,-3,-4,-3,-3,-3,-3,-3,-2,-5,-2,-7,1,-6,5,-5,5,-6,5,-7,8,-9,10,-10,10,-12,11,-10,10,-8,10,-9,13,-8,14,-7,14,-7,15,-8,13,-9,11"
54.069368839263916,666,"CSI,256,128,101,81,22,0,-24,1,-23,1,-23,2,-23,3,-23,3,-23,4,-22,4,-22,4,-22,4,-22,4,-21,5,-21,5,-21,5,-22,6,-22,5,-22,5,-21,4,-20,4,-20,4,-20,4,-19,3,-19,3,-18,3,-18,2,-17,1,-5,0,0,0,0,0,0,0,0,0,0,0,0,0,0,0,0,0,0,0,-5,1,-20,4,-20,4,-21,4,-22,3,-22,3,-23,3,-24,2,-24,2,-25,2,-26,1,-26,0,-25,-1,-25,-1,-25,-1,-25,-1,-25,-1,-25,-1,-25,-1,-25,0,-25,1,-25,1,-25,0,-24,0,-25,1,-25,1,-26,1"
54.108176946640015,667,"CSI,2848,128,83,49,21,0,-7,21,-5,14,-5,4,-5,-3,0,-7,7,-10,11,-11,15,-9,15,-12,15,-17,16,-19,15,-19,14,-17,15,-14,15,-13,12,-12,8,-6,5,-3,2,-3,0,-3,-2,-2,-3,-1,-4,1,-6,3,-8,5,-3,1,0,0,0,0,0,0,0,0,0,0,0,0,0,0,0,0,0,0,-1,-2,-2,-6,-1,-8,0,-12,-1,-13,0,-12,2,-10,2,-9,0,-10,0,-10,-3,-9,-4,-10,-5,-8,-5,-1,-4,6,-5,7,-8,7,-7,7,-6,10,-8,14,-9,17,-10,18,-11,23,-12,27,-13,26,-13,25,-12,24"
54.14397406578064,668,"CSI,257,128,101,81,22,0,23,6,23,6,23,5,23,4,23,4,23,3,23,3,23,3,23,3,22,3,22,3,22,3,22,3,23,2,23,2,22,3,21,4,20,4,20,4,19,4,18,4,17,4,17,4,16,4,15,5,3,1,0,0,0,0,0,0,0,0,0,0,0,0,0,0,0,0,0,0,4,0,19,2,19,2,20,3,20,3,21,4,22,5,22,6,23,6,23,6,24,7,23,8,23,9,23,9,23,9,23,9,23,9,23,9,23,8,23,7,24,7,24,7,24,7,24,7,24,7,24,6,25,6"
54.20951509475708,669,"CSI,2852,128,83,49,21,0,-20,8,-17,5,-12,0,-4,-1,4,-2,9,-3,13,-2,20,1,22,1,20,-3,19,-3,20,-1,21,1,21,2,19,1,15,2,11,4,10,4,6,2,1,1,-2,1,-5,-2,-8,-2,-8,-3,-7,-7,-2,-2,0,0,0,0,0,0,0,0,0,0,0,0,0,0,0,0,0,0,0,-2,1,-7,0,-7,-2,-8,-2,-9,-1,-11,1,-12,-1,-12,-1,-12,0,-13,0,-12,-2,-10,-1,-8,-2,-7,-5,-5,-7,-3,-6,-1,-6,2,-9,4,-12,6,-15,8,-20,10,-25,12,-28,14,-29,16,-27,18,-26,17"
54.24481797218323,670,"CSI,2807,128,77,-47,20,0,13,14,11,9,4,6,-2,4,-5,-2,-9,-8,-12,-7,-10,-7,-13,-10,-16,-13,-16,-13,-14,-12,-14,-10,-15,-9,-15,-9,-13,-9,-9,-9,-5,-8,-2,-4,-1,0,0,2,0,3,3,2,6,3,7,6,1,1,0,0,0,0,0,0,0,0,0,0,0,0,0,0,0,0,0,0,-2,-1,-8,-1,-7,-2,-8,-4,-9,-4,-8,-4,-8,-2,-9,-3,-9,-6,-9,-7,-9,-6,-10,-5,-9,-3,-4,-3,1,-1,2,3,2,6,7,7,10,7,10,8,12,12,13,15,14,16,17,15,17,14,15,14,14,12"
54.278088092803955,671,"CSI,258,128,101,81,22,0,-21,7,-21,8,-21,8,-21,8,-21,8,-20,8,-19,8,-19,9,-18,9,-18,9,-18,9,-17,9,-18,9,-18,9,-18,9,-18,9,-17,8,-16,7,-16,6,-16,6,-15,6,-15,6,-14,5,-14,5,-13,4,-4,1,0,0,0,0,0,0,0,0,0,0,0,0,0,0,0,0,0,0,-5,2,-17,8,-18,8,-18,8,-19,8,-20,8,-21,7,-21,7,-22,7,-23,7,-24,7,-24,6,-24,6,-24,6,-24,6,-24,6,-24,6,-24,6,-23,6,-23,6,-23,7,-23,7,-23,7,-22,6,-22,7,-23,7,-24,8"
54.30687403678894,672,"CSI,2808,128,77,-47,20,0,8,-6,3,-2,2,-2,-2,0,-9,4,-11,6,-14,5,-18,1,-18,2,-19,6,-18,9,-16,10,-16,9,-15,6,-13,6,-10,7,-7,6,-5,3,-4,0,0,-1,3,-1,6,-1,7,-3,8,-7,9,-9,2,-2,0,0,0,0,0,0,0,0,0,0,0,0,0,0,0,0,0,0,-2,0,-6,3,-8,2,-9,1,-9,0,-7,1,-8,3,-8,2,-7,1,-6,1,-5,-1,-3,-1,-2,1,-2,1,0,0,4,-1,7,-1,9,-2,11,-5,15,-6,17,-6,18,-6,21,-6,22,-5,22,-6,23,-8,23,-8"
54.37177085876465,673,"CSI,259,128,101,81,22,0,19,0,19,0,19,0,19,-1,19,-2,19,-2,18,-2,18,-2,18,-2,18,-2,17,-2,17,-2,17,-2,17,-2,17,-2,17,-2,16,-1,15,-1,15,-1,14,-1,14,-1,13,-1,13,0,12,0,12,1,2,0,0,0,0,0,0,0,0,0,0,0,0,0,0,0,0,0,0,0,3,-1,15,-3,16,-3,16,-2,17,-2,18,-2,19,-1,19,-1,20,0,20,0,21,0,21,1,21,2,21,2,21,2,21,2,21,2,20,2,20,2,21,1,21,0,21,0,20,0,20,1,20,1,21,0,22,0"
54.41231918334961,674,"CSI,2859,128,83,49,21,0,-8,2,-5,2,-2,0,1,1,6,3,10,5,8,2,5,-2,6,1,7,6,5,7,7,7,9,7,7,6,7,6,7,6,5,4,2,1,1,-2,2,-3,3,-3,0,-4,-2,-5,-1,-6,-2,-7,-1,-2,0,0,0,0,0,0,0,0,0,0,0,0,0,0,0,0,0,0,-2,-1,-8,-3,-9,-3,-9,-3,-9,-2,-9,0,-7,-3,-5,-5,-5,-2,-5,0,-5,0,-4,1,-2,2,-2,3,-3,6,-5,9,-6,11,-6,12,-7,12,-10,12,-12,13,-14,14,-14,13,-13,11,-13,11,-11,12,-10,14"
54.522457122802734,675,"CSI,260,128,101,81,22,0,17,-15,17,-16,17,-16,17,-16,16,-16,16,-17,15,-17,14,-17,14,-17,14,-17,13,-17,13,-17,13,-17,14,-17,14,-17,14,-16,13,-16,13,-15,13,-14,13,-14,12,-13,12,-12,12,-12,12,-11,11,-10,2,-3,0,0,0,0,0,0,0,0,0,0,0,0,0,0,0,0,0,0,2,-4,12,-13,12,-13,13,-13,14,-14,15,-14,15,-14,16,-14,17,-14,18,-14,19,-14,19,-14,19,-14,19,-14,19,-14,19,-14,19,-14,19,-14,19,-14,19,-15,19,-15,19,-15,18,-15,18,-15,18,-15,19,-15,19,-16"
54.5978729724884,676,"CSI,261,128,101,81,22,0,-8,11,-8,11,-7,11,-7,11,-7,11,-7,11,-6,11,-6,11,-6,11,-5,11,-5,11,-6,11,-6,11,-6,11,-6,11,-6,11,-5,10,-6,10,-6,9,-6,9,-5,9,-5,8,-5,8,-5,7,-5,7,-2,1,0,0,0,0,0,0,0,0,0,0,0,0,0,0,0,0,0,0,-1,1,-4,7,-4,8,-5,8,-5,9,-6,9,-6,9,-6,9,-7,9,-8,10,-8,10,-8,10,-8,10,-8,10,-8,10,-8,10,-9,9,-8,9,-8,10,-8,10,-8,10,-8,10,-8,10,-8,10,-8,10,-8,10,-8,10"
54.745681047439575,677,"CSI,2810,128,77,-47,20,0,-10,12,-8,8,-3,5,-1,3,1,1,2,-2,6,-5,11,-9,10,-12,8,-13,8,-12,11,-11,12,-10,13,-9,11,-9,8,-8,6,-6,3,-3,3,-1,3,1,0,1,-1,0,-1,1,-3,3,-4,4,-2,0,0,0,0,0,0,0,0,0,0,0,0,0,0,0,0,0,0,0,0,-3,2,-9,2,-8,2,-7,3,-7,3,-6,2,-7,2,-7,3,-7,4,-5,0,-2,-2,-1,-5,-1,-7,-1,-7,1,-7,2,-8,2,-8,2,-8,4,-10,8,-11,11,-12,11,-14,12,-12,13,-11,15,-10,18,-10,17"
54.82631707191467,678,"CSI,263,128,101,81,22,0,-12,15,-11,15,-11,15,-11,15,-11,15,-11,15,-10,15,-9,15,-9,15,-9,15,-9,16,-9,16,-9,16,-9,15,-9,15,-9,15,-9,15,-8,14,-8,13,-9,13,-8,12,-8,12,-8,11,-8,11,-8,10,-2,2,0,0,0,0,0,0,0,0,0,0,0,0,0,0,0,0,0,0,-2,2,-7,11,-7,11,-8,12,-9,12,-9,12,-9,13,-10,13,-11,13,-12,13,-13,13,-13,14,-13,14,-13,14,-13,14,-13,13,-14,13,-13,13,-13,13,-13,14,-14,14,-13,14,-13,14,-12,14,-12,14,-13,15,-13,15"
54.935423135757446,679,"CSI,264,128,101,81,22,0,18,-4,18,-4,18,-5,18,-5,18,-5,18,-6,17,-6,17,-6,17,-6,17,-6,16,-6,16,-6,16,-6,17,-7,17,-7,17,-6,16,-6,15,-5,15,-5,15,-5,14,-5,14,-4,13,-4,13,-3,12,-3,3,-1,0,0,0,0,0,0,0,0,0,0,0,0,0,0,0,0,0,0,2,-2,11,-5,12,-5,12,-5,13,-5,14,-5,14,-5,15,-4,16,-4,17,-4,18,-4,18,-3,17,-3,18,-2,18,-2,18,-2,18,-2,18,-2,18,-3,19,-3,19,-3,19,-4,18,-4,18,-3,19,-3,19,-4,20,-4"
55.012885093688965,680,"CSI,2155,128,-117,-78,40,0,13,0,13,0,13,0,13,-1,13,-1,13,-1,13,-1,13,-2,13,-2,13,-2,13,-2,13,-2,13,-2,13,-2,13,-2,13,-2,12,-2,12,-1,12,-1,11,-1,11,-2,10,-1,10,-1,10,-1,9,0,2,0,0,0,0,0,0,0,0,0,0,0,0,0,0,0,0,0,0,0,2,-1,9,-2,9,-1,9,-1,10,-1,10,-1,11,-1,11,0,11,0,12,0,12,0,12,1,12,1,13,2,13,2,13,2,13,1,13,1,13,1,13,1,13,1,13,0,13,1,13,1,13,0,13,0,13,1"
55.04743814468384,681,"CSI,265,128,101,81,22,0,2,18,2,18,2,18,2,17,2,17,3,17,4,17,4,17,4,17,4,17,4,17,4,17,4,17,4,17,4,16,3,16,3,16,3,16,3,15,2,14,2,14,2,13,1,13,1,13,1,12,0,3,0,0,0,0,0,0,0,0,0,0,0,0,0,0,0,0,0,0,0,2,3,11,3,11,3,12,3,13,3,13,3,14,3,15,2,16,2,16,1,16,1,17,1,18,1,18,1,18,1,18,1,18,1,18,1,18,1,18,1,17,1,18,2,18,2,18,2,18,1,18,2,19"
55.1294002532959,682,"CSI,2887,128,83,49,21,0,-12,-1,-6,-2,-4,-4,-1,-6,2,-6,4,-5,5,-6,6,-5,9,-7,11,-10,10,-11,10,-11,12,-10,10,-9,6,-9,7,-8,8,-4,6,0,5,1,4,1,3,1,0,4,-4,5,-3,5,0,7,0,2,0,0,0,0,0,0,0,0,0,0,0,0,0,0,0,0,0,0,1,-1,6,-3,6,-2,7,-1,6,0,5,0,4,0,2,2,1,3,1,2,1,0,0,0,-2,-1,-4,-2,-5,-2,-6,-1,-8,0,-9,-1,-12,-2,-14,-2,-15,-1,-15,1,-14,2,-17,3,-20,5,-18,6,-15,7"
55.16212797164917,683,"CSI,266,128,101,81,22,0,-20,1,-20,1,-20,1,-20,2,-20,2,-20,3,-19,3,-19,3,-19,3,-19,3,-19,3,-19,3,-19,4,-19,4,-19,4,-19,4,-18,3,-17,2,-17,2,-16,2,-16,2,-16,2,-15,2,-15,1,-14,0,-4,0,0,0,0,0,0,0,0,0,0,0,0,0,0,0,0,0,0,0,-4,0,-14,3,-14,3,-15,3,-15,3,-16,2,-17,2,-17,1,-18,1,-19,1,-20,1,-20,0,-20,-1,-20,-1,-20,-1,-20,-1,-20,-1,-20,-1,-20,-1,-20,0,-20,0,-20,1,-20,0,-20,0,-20,0,-21,1,-22,1"
55.27573800086975,684,"CSI,267,128,101,81,22,0,14,22,14,22,14,21,14,21,14,20,15,20,16,20,16,20,16,20,16,20,16,20,16,19,16,19,16,19,16,18,15,19,14,19,14,19,13,18,12,17,11,16,11,16,10,16,9,15,9,15,2,3,0,0,0,0,0,0,0,0,0,0,0,0,0,0,0,0,0,0,2,3,11,13,11,13,11,15,11,15,12,16,12,17,13,19,12,20,12,20,11,21,11,21,11,23,11,23,11,23,11,23,11,23,11,23,11,23,11,22,12,21,12,22,13,22,13,22,13,22,14,22,15,23"
55.38485407829285,685,"CSI,268,128,101,81,22,0,11,15,11,15,11,14,11,14,11,13,11,13,12,13,12,13,12,13,12,13,12,13,12,13,12,13,12,12,12,12,12,13,11,13,11,13,10,12,9,12,9,11,8,11,8,10,8,10,7,11,1,2,0,0,0,0,0,0,0,0,0,0,0,0,0,0,0,0,0,0,2,2,10,8,10,8,10,9,10,9,10,10,11,11,11,12,11,13,11,13,10,13,10,14,10,15,10,15,10,15,10,15,10,15,10,15,10,15,10,14,10,14,10,14,11,15,11,15,11,15,11,15,12,15"
55.503459215164185,686,"CSI,269,128,101,81,22,0,-14,14,-13,13,-13,13,-13,14,-13,14,-12,14,-12,14,-11,15,-11,15,-11,15,-11,15,-11,15,-11,14,-12,14,-12,14,-12,14,-12,13,-11,13,-11,12,-11,11,-11,11,-11,10,-11,10,-11,9,-11,8,-3,2,0,0,0,0,0,0,0,0,0,0,0,0,0,0,0,0,0,0,-2,2,-7,11,-7,11,-8,11,-9,11,-9,12,-9,12,-10,12,-11,13,-12,13,-13,13,-13,13,-13,13,-13,12,-13,12,-14,12,-14,12,-14,12,-13,12,-14,13,-14,13,-14,13,-13,13,-13,13,-13,13,-14,14,-14,15"
55.54059600830078,687,"CSI,2903,128,83,49,21,0,-2,3,3,1,4,-2,6,-2,11,-1,13,-2,13,0,10,5,11,2,12,-4,12,-4,15,-3,14,-4,10,-5,6,-3,4,0,1,0,-2,-2,-3,-3,-3,-4,-3,-4,-4,-3,-6,-3,-8,-3,-6,-3,-2,-1,0,0,0,0,0,0,0,0,0,0,0,0,0,0,0,0,0,0,-1,-3,-2,-10,-3,-8,-4,-7,-3,-9,-1,-8,-1,-4,-1,-1,0,0,1,0,-1,0,-3,4,-4,7,-7,9,-11,11,-12,12,-13,12,-13,11,-12,10,-12,12,-13,13,-13,14,-13,13,-15,9,-12,8,-8,9,-8,12"
55.61019706726074,688,"CSI,270,128,101,81,22,0,4,18,4,18,5,18,5,17,4,17,5,17,6,17,6,17,6,17,6,17,6,17,6,17,6,17,6,17,6,17,5,17,5,17,5,17,4,16,3,15,3,14,3,14,2,14,2,13,2,13,0,3,0,0,0,0,0,0,0,0,0,0,0,0,0,0,0,0,0,0,1,2,5,10,5,11,5,12,5,12,5,13,5,14,5,15,5,16,4,16,3,16,3,17,3,18,3,18,3,18,3,18,3,18,3,18,3,18,3,17,3,17,3,18,4,18,4,18,4,18,4,18,5,19"
55.64379286766052,689,"CSI,2908,128,83,49,21,0,-9,-5,-9,0,-7,4,-5,6,-5,9,-7,10,-7,11,-3,17,-2,16,-4,13,-7,13,-6,12,-4,11,-4,11,-5,10,-5,8,-1,6,1,4,2,3,4,3,5,2,4,0,3,-2,4,-1,4,1,1,0,0,0,0,0,0,0,0,0,0,0,0,0,0,0,0,0,0,0,0,-2,4,-6,6,-5,8,-3,7,-1,6,0,4,0,1,0,0,0,1,0,-2,-1,-7,-4,-9,-7,-8,-10,-8,-11,-10,-13,-11,-14,-11,-15,-10,-16,-9,-16,-8,-16,-9,-15,-10,-16,-9,-16,-9,-14,-9,-12,-7,-11"
55.72606015205383,690,"CSI,271,128,101,81,22,0,24,6,24,6,25,5,25,4,25,4,25,3,25,3,25,3,25,3,24,3,24,3,24,2,24,2,25,2,25,2,24,3,23,4,22,4,21,4,21,4,20,4,19,4,18,4,18,4,17,5,4,1,0,0,0,0,0,0,0,0,0,0,0,0,0,0,0,0,0,0,4,0,18,1,18,1,19,2,20,2,20,3,21,4,22,5,22,5,23,6,23,6,23,7,23,8,23,8,24,8,24,8,24,8,24,8,23,8,24,7,24,6,24,6,24,7,24,7,25,7,26,6,27,6"
55.83733797073364,691,"CSI,272,128,101,81,22,0,13,-1,13,-1,13,-1,13,-2,13,-2,13,-2,13,-2,13,-3,13,-3,12,-3,12,-3,12,-3,12,-3,13,-3,13,-3,13,-3,12,-2,12,-2,12,-2,11,-2,11,-2,11,-2,10,-2,10,-1,9,-1,2,-1,0,0,0,0,0,0,0,0,0,0,0,0,0,0,0,0,0,0,2,-1,8,-2,8,-2,9,-2,10,-2,10,-2,10,-1,11,-1,11,-1,12,-1,12,-1,12,0,12,0,12,0,12,0,12,0,12,0,12,0,12,0,13,0,13,0,13,0,13,-1,13,-1,13,-1,13,-1,13,-1"
55.950363874435425,692,"CSI,273,128,101,81,22,0,-8,16,-8,16,-7,16,-8,16,-8,16,-7,16,-6,16,-5,17,-5,17,-5,17,-5,17,-5,17,-5,17,-5,16,-5,16,-6,16,-5,16,-5,15,-5,15,-6,14,-6,13,-6,13,-6,12,-6,12,-6,11,-2,2,0,0,0,0,0,0,0,0,0,0,0,0,0,0,0,0,0,0,-2,3,-5,12,-5,12,-5,13,-6,13,-7,13,-7,14,-7,14,-8,15,-9,15,-9,15,-9,15,-9,15,-9,15,-10,15,-10,15,-10,15,-9,15,-9,15,-10,15,-10,15,-9,16,-9,16,-8,16,-8,16,-9,16,-9,16"
56.0538592338562,693,"CSI,2923,128,83,49,21,0,-12,-4,-9,3,-4,5,-1,6,1,8,1,11,2,13,7,13,9,14,7,15,5,16,4,18,2,18,1,15,1,14,1,14,1,11,0,5,-1,3,-1,1,0,-2,-1,-3,-2,-2,-2,-3,-1,-5,0,-2,0,0,0,0,0,0,0,0,0,0,0,0,0,0,0,0,0,0,1,-2,6,-8,8,-7,10,-6,13,-4,13,-3,10,-4,9,-3,9,-1,7,0,4,-1,2,0,-1,1,-5,-1,-8,-3,-11,-6,-12,-9,-14,-11,-17,-13,-21,-16,-20,-19,-20,-19,-21,-17,-20,-15,-19,-16,-19,-17,-18,-15"
56.08714818954468,694,"CSI,2159,128,-117,-78,40,0,-6,18,-5,18,-5,18,-5,17,-5,17,-4,18,-3,18,-3,18,-3,18,-3,18,-3,18,-3,18,-3,18,-3,18,-3,17,-3,18,-3,17,-3,17,-4,16,-4,15,-4,14,-4,14,-4,13,-4,13,-5,13,-2,3,0,0,0,0,0,0,0,0,0,0,0,0,0,0,0,0,0,0,-1,2,-1,11,-2,12,-2,12,-3,13,-3,14,-3,14,-3,15,-4,15,-5,16,-6,16,-6,16,-6,17,-6,17,-6,17,-6,17,-6,16,-6,17,-6,17,-6,16,-6,17,-6,17,-5,17,-5,17,-5,17,-6,18,-5,18"
56.12043023109436,695,"CSI,274,128,101,81,22,0,6,-23,5,-23,5,-23,5,-23,5,-23,4,-23,3,-23,3,-23,3,-23,2,-23,2,-24,2,-23,2,-23,2,-23,2,-23,3,-23,3,-22,3,-22,3,-21,3,-20,4,-19,3,-18,4,-17,4,-17,4,-16,1,-4,0,0,0,0,0,0,0,0,0,0,0,0,0,0,0,0,0,0,0,-4,2,-15,2,-16,2,-17,3,-17,4,-18,4,-19,4,-19,5,-20,6,-20,7,-20,7,-21,7,-21,7,-21,8,-21,8,-21,8,-21,7,-21,7,-21,7,-21,7,-21,7,-22,6,-22,6,-22,6,-22,7,-23,6,-24"
56.14836096763611,696,"CSI,2866,128,-5,-79,31,0,8,24,8,24,9,23,9,23,9,22,9,22,10,22,11,22,11,22,11,22,12,22,12,22,12,22,12,21,11,21,10,21,10,21,10,21,9,20,8,19,8,18,7,18,7,17,6,17,6,17,1,4,0,0,0,0,0,0,0,0,0,0,0,0,0,0,0,0,0,0,2,3,8,14,8,14,7,16,7,16,7,17,7,19,7,20,7,21,7,21,6,21,6,22,6,23,6,24,6,24,5,24,5,24,5,24,6,24,5,23,6,23,6,23,7,24,8,24,8,24,8,24,9,25"
56.178765058517456,697,"CSI,2927,128,83,49,21,0,6,14,7,13,6,11,4,8,5,5,9,1,10,-2,11,-2,12,-1,14,-2,16,-3,17,-2,17,0,15,0,16,1,16,1,12,1,8,2,6,3,6,4,5,2,1,1,-2,0,-2,-1,-3,-1,-1,0,0,0,0,0,0,0,0,0,0,0,0,0,0,0,0,0,0,0,-2,0,-8,3,-11,4,-12,3,-10,3,-10,2,-10,1,-10,1,-9,1,-6,1,-3,3,1,4,1,5,1,8,3,9,2,12,2,17,1,17,1,18,-1,20,-2,21,-2,22,-1,21,-1,19,-3,19,-3,17,-2,17"
56.20877695083618,698,"CSI,275,128,101,81,22,0,-3,23,-3,23,-2,23,-2,22,-2,22,-2,22,-1,22,0,22,-1,22,0,22,0,22,0,22,0,22,0,22,-1,22,-1,22,-1,21,-1,21,-2,20,-2,19,-3,18,-3,17,-3,17,-3,16,-4,15,-1,3,0,0,0,0,0,0,0,0,0,0,0,0,0,0,0,0,0,0,0,3,1,14,0,15,0,16,-1,17,-1,18,-1,19,-1,19,-2,20,-3,20,-4,21,-4,21,-4,22,-4,22,-4,22,-5,22,-4,22,-4,22,-4,22,-4,22,-4,22,-4,22,-3,22,-3,23,-3,23,-3,23,-3,24"
56.258492946624756,699,"CSI,2931,128,83,49,21,0,-10,19,-7,14,-8,11,-6,9,-2,6,3,4,5,4,5,6,11,9,16,9,16,8,14,10,13,14,12,15,11,15,7,15,2,12,0,10,1,9,2,6,1,3,-1,0,-2,-3,-2,-4,-2,-2,-1,-1,0,0,0,0,0,0,0,0,0,0,0,0,0,0,0,0,0,0,-3,0,-9,3,-10,3,-13,2,-13,1,-9,0,-8,-1,-8,1,-8,2,-8,4,-7,5,-6,6,-7,5,-8,7,-9,10,-9,11,-9,13,-10,14,-11,14,-11,15,-12,15,-10,16,-6,19,-6,21,-6,21,-8,22,-12,24"
56.2872850894928,700,"CSI,276,128,101,81,22,0,19,0,19,0,19,-1,19,-1,19,-2,19,-2,18,-2,18,-2,18,-3,18,-3,18,-3,17,-3,17,-3,18,-3,18,-3,18,-3,17,-2,16,-2,15,-2,15,-2,15,-2,14,-1,14,-1,13,-1,13,0,3,0,0,0,0,0,0,0,0,0,0,0,0,0,0,0,0,0,0,0,3,-1,14,-4,14,-3,15,-3,16,-3,17,-3,17,-2,18,-2,18,-1,19,-1,20,-1,20,0,19,1,20,1,20,1,20,1,20,1,20,1,20,1,20,0,20,0,20,0,20,0,20,0,20,0,20,0,21,0"
56.35806226730347,701,"CSI,2936,128,83,49,21,0,7,-18,4,-15,2,-14,0,-12,0,-8,0,-5,-1,-2,-2,0,-5,0,-13,-1,-17,-2,-18,-3,-18,-4,-19,-5,-19,-8,-14,-10,-12,-9,-10,-8,-7,-7,-5,-6,-1,-6,1,-5,1,-2,1,1,2,2,0,0,0,0,0,0,0,0,0,0,0,0,0,0,0,0,0,0,0,0,2,0,9,2,9,1,8,2,9,3,9,2,5,4,3,5,1,3,-1,0,1,0,4,0,6,-2,4,-4,2,-6,5,-8,7,-9,6,-9,4,-11,4,-14,6,-16,7,-18,4,-18,3,-17,4,-18,6,-20,5,-21"
56.41873908042908,702,"CSI,277,128,101,81,22,0,22,3,22,3,22,2,22,2,22,1,22,0,22,0,22,0,21,0,21,0,21,-1,21,-1,21,-1,21,-1,21,-1,21,-1,20,0,19,0,19,0,18,0,18,0,17,0,16,0,16,1,15,1,3,0,0,0,0,0,0,0,0,0,0,0,0,0,0,0,0,0,0,0,4,0,17,0,17,1,17,1,18,1,19,2,20,3,20,3,21,4,22,4,22,4,22,5,22,6,22,6,22,6,22,6,22,6,22,6,22,6,22,5,22,4,23,4,22,4,22,4,22,4,23,4,24,5"
56.461687088012695,703,"CSI,2940,128,83,49,21,0,-12,12,-13,9,-12,8,-9,8,-6,7,-3,7,2,8,9,8,8,7,3,10,4,13,3,11,1,12,1,14,2,16,0,16,-6,13,-7,10,-4,7,-3,3,-4,0,-4,0,-3,0,-1,-2,1,-3,0,-1,0,0,0,0,0,0,0,0,0,0,0,0,0,0,0,0,0,0,-2,-1,-6,-1,-7,-2,-8,-2,-8,-3,-8,-4,-8,-3,-8,-1,-7,0,-5,3,-6,4,-7,5,-6,6,-7,5,-8,5,-10,8,-15,11,-17,12,-16,13,-15,13,-13,12,-14,12,-14,14,-13,15,-14,14,-14,12,-13,12"
56.513208866119385,704,"CSI,278,128,101,81,22,0,20,-1,19,-2,19,-2,19,-3,19,-3,19,-4,18,-4,18,-4,17,-4,17,-4,17,-4,16,-4,16,-5,17,-5,17,-4,16,-4,15,-3,15,-3,14,-3,14,-3,13,-3,13,-3,12,-2,12,-2,11,-1,2,-1,0,0,0,0,0,0,0,0,0,0,0,0,0,0,0,0,0,0,3,-2,15,-5,16,-5,17,-5,17,-5,18,-4,19,-4,19,-3,20,-3,21,-2,22,-2,22,-1,21,-1,22,0,22,0,22,0,22,0,21,0,21,-1,21,-1,21,-1,21,-2,21,-1,21,-1,21,-1,22,-2,22,-2"
56.62559700012207,705,"CSI,279,128,101,81,22,0,19,11,19,11,20,10,20,9,20,8,19,8,19,8,20,8,19,7,19,8,19,7,18,7,18,7,19,6,18,6,18,7,17,8,16,8,15,7,15,6,14,6,13,6,13,6,12,6,11,6,2,1,0,0,0,0,0,0,0,0,0,0,0,0,0,0,0,0,0,0,4,1,17,6,17,7,18,8,18,8,19,9,20,10,20,11,20,11,21,12,21,12,21,13,20,14,20,14,20,14,20,14,20,14,20,14,20,13,20,13,20,12,21,12,21,12,21,12,21,12,21,11,22,11"
56.665562868118286,706,"CSI,2947,128,83,49,21,0,12,-3,9,-7,7,-8,2,-8,-4,-10,-6,-11,-7,-8,-11,-4,-12,-5,-12,-10,-11,-12,-10,-13,-10,-14,-8,-14,-4,-13,0,-11,0,-10,1,-9,2,-5,1,0,3,3,3,3,1,3,-1,5,-3,7,-1,1,0,0,0,0,0,0,0,0,0,0,0,0,0,0,0,0,0,0,0,0,3,4,4,5,5,5,5,4,5,5,5,5,4,6,3,6,1,3,1,-1,3,-2,7,-2,9,-2,10,-3,12,-6,14,-8,13,-7,13,-5,15,-5,16,-5,19,-7,20,-6,19,-5,19,-6,21,-8,21,-9"
56.74339199066162,707,"CSI,280,128,101,81,22,0,-16,19,-15,19,-15,19,-15,19,-15,20,-14,20,-13,19,-12,20,-13,20,-12,20,-11,20,-11,20,-12,20,-12,19,-12,19,-12,19,-12,18,-11,17,-11,16,-12,15,-12,15,-11,14,-12,13,-11,12,-11,12,-3,3,0,0,0,0,0,0,0,0,0,0,0,0,0,0,0,0,0,0,-3,4,-12,18,-13,18,-14,19,-15,19,-15,20,-16,20,-16,20,-17,20,-19,20,-20,20,-20,20,-20,20,-20,20,-20,19,-20,19,-20,19,-19,19,-19,19,-19,19,-19,19,-18,20,-17,20,-17,19,-17,19,-18,20,-18,21"
56.77246403694153,708,"CSI,2952,128,83,49,21,0,12,-6,8,-6,5,-5,4,-6,2,-8,-2,-8,-3,-8,-2,-9,-4,-12,-6,-14,-3,-13,-1,-15,-1,-16,0,-15,1,-13,0,-10,-1,-9,1,-6,2,-4,-2,-2,-5,0,-5,1,-7,1,-9,2,-10,1,-3,0,0,0,0,0,0,0,0,0,0,0,0,0,0,0,0,0,0,0,1,0,6,3,6,5,5,5,5,3,6,0,7,0,4,2,3,0,4,-2,6,-2,7,-3,10,-5,14,-8,13,-9,11,-8,11,-7,14,-8,15,-8,15,-8,13,-6,14,-7,15,-9,16,-8,16,-8,16,-8,17,-5"
56.863030195236206,709,"CSI,281,128,101,81,22,0,-14,-26,-14,-26,-15,-25,-15,-24,-14,-24,-15,-24,-16,-24,-16,-24,-17,-24,-17,-24,-18,-23,-17,-23,-17,-23,-18,-22,-18,-22,-17,-22,-16,-23,-16,-23,-15,-22,-14,-21,-14,-20,-13,-19,-13,-19,-12,-19,-12,-19,-3,-5,0,0,0,0,0,0,0,0,0,0,0,0,0,0,0,0,0,0,-4,-5,-15,-19,-15,-20,-15,-21,-15,-22,-15,-23,-16,-24,-16,-26,-15,-26,-15,-26,-14,-27,-14,-28,-13,-29,-13,-29,-13,-29,-13,-28,-13,-28,-13,-28,-13,-28,-13,-27,-13,-26,-13,-26,-14,-27,-14,-27,-14,-27,-14,-27,-15,-27"
56.890186071395874,710,"CSI,2955,128,83,49,21,0,-2,-18,-1,-13,1,-7,1,-2,-1,1,0,5,-2,10,-9,9,-10,13,-9,16,-9,16,-7,18,-7,16,-8,11,-10,10,-9,8,-5,5,-4,3,-4,-1,-2,-3,2,-5,5,-7,4,-9,4,-9,5,-8,1,-2,0,0,0,0,0,0,0,0,0,0,0,0,0,0,0,0,0,0,0,0,3,2,4,3,6,3,5,4,2,4,3,6,5,7,5,7,3,6,4,4,5,2,5,-1,5,-3,5,-4,4,-6,4,-9,4,-11,4,-13,4,-16,3,-17,4,-18,5,-20,3,-22,1,-21,1,-20,1,-24"
56.960142850875854,711,"CSI,282,128,101,81,22,0,8,10,9,10,9,9,9,9,9,8,9,8,9,8,9,8,9,7,9,7,9,7,9,7,9,7,9,7,9,7,9,7,8,7,8,7,8,7,7,6,7,6,6,6,6,6,6,6,5,6,1,1,0,0,0,0,0,0,0,0,0,0,0,0,0,0,0,0,0,0,1,1,7,7,7,7,7,8,8,8,8,8,8,9,8,10,8,10,8,10,8,11,8,11,7,12,7,12,7,12,7,11,8,11,8,11,8,11,8,10,8,10,8,10,8,10,8,10,8,10,8,10,8,10"
56.990071058273315,712,"CSI,2959,128,83,49,21,0,10,-16,8,-12,7,-7,2,-2,-2,3,-3,6,-4,11,-7,19,-7,21,-6,20,-8,18,-13,18,-14,19,-11,16,-11,13,-11,11,-9,6,-6,1,-4,-2,-3,-4,-1,-5,1,-5,1,-7,1,-9,1,-10,0,-3,0,0,0,0,0,0,0,0,0,0,0,0,0,0,0,0,0,0,-1,0,-3,2,-4,3,-5,5,-5,6,-5,7,-5,7,-5,6,-5,6,-6,5,-7,5,-7,4,-4,3,-1,2,2,-1,3,-5,3,-7,5,-7,10,-9,12,-12,12,-13,13,-17,14,-20,14,-19,16,-21,17,-25,16,-24"
57.07673406600952,713,"CSI,283,128,101,81,22,0,8,-21,7,-21,6,-21,7,-20,7,-20,6,-20,5,-19,4,-19,4,-19,3,-19,3,-18,3,-18,3,-17,4,-16,4,-16,5,-16,4,-15,4,-14,4,-13,5,-12,5,-11,5,-11,5,-10,5,-9,4,-8,1,-2,0,0,0,0,0,0,0,0,0,0,0,0,0,0,0,0,0,0,1,-6,6,-24,7,-24,8,-25,8,-26,9,-26,9,-27,10,-27,11,-27,12,-27,13,-27,13,-27,13,-27,13,-27,13,-26,13,-26,12,-25,12,-25,12,-25,12,-24,11,-24,11,-24,10,-24,9,-23,9,-23,9,-23,9,-24"
57.11472702026367,714,"CSI,2163,128,-117,-78,40,0,11,-21,10,-21,10,-21,10,-21,10,-21,9,-20,8,-20,7,-21,7,-21,6,-21,6,-21,6,-20,6,-20,7,-19,7,-19,7,-19,7,-18,6,-17,6,-16,7,-16,7,-15,7,-14,7,-13,7,-12,7,-12,1,-3,0,0,0,0,0,0,0,0,0,0,0,0,0,0,0,0,0,0,2,-6,9,-21,10,-21,11,-22,12,-22,12,-23,12,-23,13,-24,13,-24,15,-24,16,-24,16,-24,16,-24,16,-23,16,-23,16,-23,15,-23,15,-22,14,-23,14,-22,14,-22,14,-22,13,-22,12,-22,12,-22,13,-22,13,-23"
57.19395422935486,715,"CSI,284,128,101,81,22,0,18,-6,18,-6,18,-6,18,-7,18,-7,18,-7,17,-7,17,-7,17,-8,17,-8,16,-8,16,-8,16,-8,17,-8,17,-8,17,-7,16,-6,16,-5,15,-5,15,-5,15,-5,14,-4,14,-4,13,-3,13,-2,3,-1,0,0,0,0,0,0,0,0,0,0,0,0,0,0,0,0,0,0,3,-2,13,-7,13,-7,14,-7,15,-7,15,-7,16,-6,16,-6,17,-6,18,-6,19,-6,19,-5,19,-5,19,-4,19,-4,19,-4,19,-5,19,-4,19,-5,19,-5,19,-6,19,-6,19,-6,19,-5,19,-5,20,-6,20,-7"
57.30502724647522,716,"CSI,285,128,101,81,22,0,-2,-14,-2,-14,-2,-14,-2,-13,-2,-13,-2,-13,-3,-13,-3,-13,-3,-13,-3,-13,-4,-13,-3,-13,-3,-13,-3,-13,-3,-12,-3,-12,-2,-12,-2,-12,-2,-11,-2,-11,-1,-10,-1,-10,-1,-9,-1,-9,-1,-9,-1,-3,0,0,0,0,0,0,0,0,0,0,0,0,0,0,0,0,0,0,-1,-3,-3,-9,-2,-9,-2,-10,-2,-10,-2,-11,-2,-11,-2,-12,-2,-13,-2,-13,-1,-13,-1,-13,-1,-14,-1,-14,-1,-14,-1,-14,-1,-14,-1,-14,-1,-14,-1,-14,-1,-14,-1,-14,-2,-14,-2,-14,-2,-14,-2,-14,-1,-14"
57.4151930809021,717,"CSI,286,128,101,81,22,0,23,-6,23,-6,24,-7,24,-7,23,-7,23,-8,23,-8,22,-8,22,-9,22,-9,21,-9,21,-9,21,-9,22,-9,22,-9,22,-8,21,-7,20,-7,19,-6,19,-6,18,-6,18,-5,17,-5,17,-4,16,-3,4,-1,0,0,0,0,0,0,0,0,0,0,0,0,0,0,0,0,0,0,3,-2,13,-5,14,-5,15,-5,16,-5,17,-5,17,-5,18,-5,19,-5,20,-5,21,-5,22,-4,22,-3,22,-3,22,-3,22,-3,23,-3,23,-4,23,-4,23,-5,24,-5,24,-5,23,-5,23,-5,24,-5,24,-6,25,-6"
57.52926707267761,718,"CSI,287,128,101,81,22,0,1,-26,0,-26,0,-26,0,-26,0,-25,0,-25,-1,-25,-2,-25,-2,-25,-2,-25,-3,-25,-2,-25,-2,-24,-2,-24,-1,-23,0,-23,0,-23,0,-22,0,-21,1,-20,1,-19,1,-18,1,-17,2,-17,2,-16,0,-4,0,0,0,0,0,0,0,0,0,0,0,0,0,0,0,0,0,0,-1,-5,-2,-17,-2,-18,-1,-19,-1,-20,-1,-20,-1,-22,-1,-23,0,-23,1,-24,2,-24,2,-25,2,-26,2,-26,2,-26,2,-26,2,-26,2,-26,2,-26,3,-26,2,-25,2,-26,1,-26,0,-26,1,-26,1,-27,0,-28"
57.67092299461365,719,"CSI,288,128,101,81,22,0,-16,-18,-17,-18,-17,-18,-17,-17,-17,-17,-17,-16,-18,-17,-18,-17,-18,-17,-18,-17,-18,-16,-18,-16,-18,-16,-18,-16,-18,-16,-17,-16,-16,-16,-15,-16,-15,-16,-14,-15,-13,-14,-13,-14,-12,-14,-11,-14,-11,-14,-3,-4,0,0,0,0,0,0,0,0,0,0,0,0,0,0,0,0,0,0,-3,-2,-12,-8,-12,-9,-12,-10,-12,-10,-13,-11,-14,-12,-14,-13,-14,-14,-14,-14,-14,-15,-14,-16,-14,-17,-14,-18,-14,-18,-15,-17,-15,-18,-15,-18,-15,-18,-15,-17,-16,-17,-16,-17,-16,-18,-17,-18,-17,-18,-17,-18,-18,-18"
57.69840598106384,720,"CSI,2988,128,83,49,21,0,4,8,5,6,5,3,4,1,2,0,-2,0,-4,1,-3,3,-4,3,-6,1,-8,2,-9,3,-10,4,-12,6,-13,7,-13,6,-11,6,-8,3,-5,1,-4,0,-4,-1,-4,-1,-3,-2,0,-3,1,-4,0,-1,0,0,0,0,0,0,0,0,0,0,0,0,0,0,0,0,0,0,0,-2,2,-4,3,-2,3,-1,3,-3,4,-2,6,0,5,0,6,0,8,2,8,5,9,5,7,4,6,5,5,6,4,6,3,6,1,7,-1,7,0,7,0,9,0,10,2,11,1,12,1,12,6,13,9,13"
57.75143623352051,721,"CSI,3038,128,83,49,21,0,-8,-12,-7,-14,-9,-15,-9,-15,-9,-16,-8,-15,-6,-9,-5,-3,-2,-5,0,-8,-2,-7,-2,-5,-1,-3,-2,-1,-5,0,-7,1,-8,0,-8,-1,-8,-3,-9,-5,-9,-4,-9,-2,-8,-2,-6,-2,-4,-4,-1,-2,0,0,0,0,0,0,0,0,0,0,0,0,0,0,0,0,0,0,0,-1,1,-1,4,-1,8,-3,8,-3,3,0,1,0,2,-3,4,-5,3,-6,1,-7,0,-7,2,-8,4,-12,5,-13,6,-10,7,-10,6,-12,5,-10,7,-9,8,-9,8,-7,5,-7,2,-7,-1,-6,-4,-6,-5,-9"
57.78216910362244,722,"CSI,289,128,101,81,22,0,18,19,18,19,18,18,18,17,18,16,18,16,19,16,19,16,19,16,19,16,19,16,18,15,18,15,18,14,17,14,16,15,16,15,15,15,14,14,13,13,12,12,12,12,11,12,10,11,10,12,2,3,0,0,0,0,0,0,0,0,0,0,0,0,0,0,0,0,0,0,3,2,14,11,14,12,14,13,14,14,15,14,16,16,16,17,16,17,16,18,16,18,16,19,16,20,16,21,16,21,16,20,16,21,16,21,16,20,16,19,17,19,17,19,18,19,18,20,18,19,19,19,20,19"
57.89419913291931,723,"CSI,2995,128,83,49,21,0,9,0,5,1,1,1,-3,4,-5,6,-6,7,-8,3,-9,-3,-12,-1,-16,6,-15,8,-13,6,-13,7,-12,6,-12,3,-10,1,-8,-1,-4,-1,-3,-2,-2,-3,1,-3,2,-3,2,-4,4,-5,4,-5,1,-2,0,0,0,0,0,0,0,0,0,0,0,0,0,0,0,0,0,0,-2,-1,-8,-1,-9,-2,-7,-4,-7,-5,-6,-5,-5,-4,-4,-3,-4,-2,-1,0,2,0,3,-1,4,-1,6,-1,7,-1,9,0,10,0,11,1,12,2,16,3,18,2,18,1,18,2,18,2,17,-1,15,-4,15,-4"
57.97692108154297,724,"CSI,291,128,101,81,22,0,-19,5,-18,5,-19,6,-19,6,-19,7,-18,7,-18,7,-17,7,-17,7,-17,7,-16,7,-16,8,-17,8,-17,8,-17,8,-16,7,-16,7,-15,6,-15,6,-15,6,-14,5,-14,5,-13,5,-13,4,-13,3,-3,0,0,0,0,0,0,0,0,0,0,0,0,0,0,0,0,0,0,0,-3,1,-12,6,-13,6,-13,6,-14,6,-15,6,-15,6,-16,6,-17,5,-18,5,-18,5,-19,5,-19,4,-19,4,-19,4,-19,4,-19,4,-19,4,-19,4,-19,5,-20,5,-20,5,-19,5,-19,5,-19,5,-20,6,-21,6"
58.05582118034363,725,"CSI,3050,128,83,49,21,0,-11,-19,-11,-21,-9,-21,-8,-19,-8,-17,-6,-16,-6,-12,-8,-3,-5,-3,-1,-5,-1,-3,-1,-1,-3,-1,-4,2,-4,3,-5,3,-7,3,-7,3,-6,2,-5,1,-5,1,-6,1,-5,1,-5,1,-5,1,-1,0,0,0,0,0,0,0,0,0,0,0,0,0,0,0,0,0,0,0,1,0,4,3,6,4,7,4,7,4,4,6,2,5,1,3,0,1,-1,0,2,-2,5,-5,7,-6,8,-6,11,-7,13,-6,12,-6,11,-6,12,-4,13,-3,11,-2,9,-3,4,-5,2,-7,3,-7,1,-7,-4,-7"
58.102235078811646,726,"CSI,292,128,101,81,22,0,-13,-24,-14,-24,-14,-24,-14,-23,-14,-22,-14,-22,-15,-23,-16,-23,-16,-23,-16,-23,-16,-22,-16,-22,-16,-22,-16,-21,-15,-21,-15,-21,-14,-22,-14,-22,-13,-21,-12,-20,-11,-19,-11,-19,-10,-18,-10,-18,-9,-18,-2,-5,0,0,0,0,0,0,0,0,0,0,0,0,0,0,0,0,0,0,-3,-4,-10,-15,-10,-16,-10,-17,-10,-17,-10,-18,-11,-20,-11,-21,-11,-22,-10,-22,-10,-23,-10,-24,-10,-25,-10,-25,-10,-25,-10,-25,-10,-25,-11,-25,-11,-25,-10,-24,-11,-24,-11,-24,-12,-24,-13,-24,-13,-24,-13,-24,-14,-25"
58.13279604911804,727,"CSI,3004,128,83,49,21,0,-11,4,-7,1,-1,-1,5,-1,10,-1,11,-3,12,0,13,6,14,6,16,5,17,4,17,0,15,-3,11,0,9,2,7,3,3,3,0,2,0,0,0,-2,-1,-3,-3,-2,-5,-3,-5,-6,-5,-7,-2,-2,0,0,0,0,0,0,0,0,0,0,0,0,0,0,0,0,0,0,0,-2,1,-6,3,-9,3,-10,2,-9,0,-6,-1,-7,-1,-8,-1,-7,0,-6,0,-5,-1,-3,-4,-2,-7,0,-8,2,-8,1,-10,2,-10,4,-12,4,-15,5,-16,6,-16,5,-18,7,-19,12,-18,12,-15,9,-15,6"
58.17435598373413,728,"CSI,2167,128,-117,-78,40,0,-11,-23,-12,-24,-12,-23,-13,-23,-13,-22,-13,-22,-14,-23,-15,-23,-15,-23,-15,-23,-15,-23,-15,-23,-15,-23,-16,-23,-15,-23,-14,-23,-14,-23,-14,-23,-13,-23,-12,-22,-12,-21,-11,-20,-10,-20,-10,-20,-9,-20,-3,-5,0,0,0,0,0,0,0,0,0,0,0,0,0,0,0,0,0,0,-3,-3,-9,-11,-9,-11,-9,-12,-9,-13,-9,-14,-10,-15,-10,-17,-10,-17,-9,-18,-9,-18,-8,-19,-8,-20,-8,-21,-9,-21,-9,-21,-9,-21,-9,-22,-9,-22,-9,-21,-9,-21,-10,-21,-10,-22,-11,-22,-11,-22,-11,-23,-12,-24"
58.2048499584198,729,"CSI,3007,128,83,49,21,0,8,2,6,1,3,-3,-1,-9,-1,-12,-3,-12,-1,-15,5,-17,6,-18,3,-18,3,-16,2,-14,3,-12,4,-11,3,-10,1,-6,1,-3,1,-1,0,2,-1,1,-4,2,-8,3,-11,3,-11,1,-12,0,-4,0,0,0,0,0,0,0,0,0,0,0,0,0,0,0,0,0,0,0,-1,1,-3,7,-3,8,-3,6,-2,5,-4,7,-5,8,-3,7,-1,7,0,6,2,5,4,6,6,6,10,5,10,5,10,6,11,9,13,10,13,11,12,11,13,12,14,14,12,11,11,9,12,8,13,7,17,5"
58.233458042144775,730,"CSI,293,128,101,81,22,0,-1,13,-1,13,-1,13,-1,12,-1,12,0,12,0,12,1,12,1,12,1,12,1,12,1,12,1,12,1,11,1,11,0,11,0,11,0,11,0,10,0,9,0,9,0,9,-1,8,-1,8,-1,8,-1,2,0,0,0,0,0,0,0,0,0,0,0,0,0,0,0,0,0,0,0,2,0,10,0,11,-1,11,-1,11,-1,12,-1,12,-1,13,-2,13,-2,13,-3,14,-3,14,-3,14,-3,14,-3,14,-3,14,-3,14,-3,14,-2,14,-3,13,-3,13,-2,13,-2,13,-1,13,-1,13,-2,13,-2,13"
58.306725025177,731,"CSI,3012,128,83,49,21,0,10,-4,7,-3,2,-3,-7,-5,-16,-9,-22,-11,-23,-15,-24,-18,-24,-16,-24,-13,-24,-15,-22,-16,-20,-16,-15,-15,-11,-13,-8,-10,-4,-5,-2,-1,-3,3,-3,5,-2,7,-3,8,-3,9,-2,9,-1,9,0,2,0,0,0,0,0,0,0,0,0,0,0,0,0,0,0,0,0,0,-2,2,-6,11,-4,10,-2,10,-3,12,-4,13,-3,13,-2,13,-3,12,-5,11,-4,12,-1,13,2,11,4,7,7,1,11,-3,14,-3,14,-3,15,-4,19,-5,23,-6,26,-9,28,-8,29,-6,29,-7,28,-8,30,-7"
58.339837074279785,732,"CSI,294,128,101,81,22,0,-2,19,-2,19,-1,19,-1,19,-1,18,-1,18,0,19,1,19,1,19,1,19,1,19,1,18,1,18,1,18,0,18,0,18,0,18,0,17,0,17,-1,16,-1,15,-1,15,-2,14,-2,13,-2,13,-1,3,0,0,0,0,0,0,0,0,0,0,0,0,0,0,0,0,0,0,0,3,1,12,1,13,0,14,0,14,0,15,0,16,0,17,-1,17,-1,17,-2,18,-3,18,-2,19,-3,19,-3,19,-3,19,-3,19,-3,19,-3,19,-3,19,-3,19,-3,19,-2,19,-1,19,-2,19,-2,20,-1,20"
58.36726212501526,733,"CSI,3062,128,83,49,21,0,3,-21,3,-22,5,-21,6,-19,7,-17,7,-14,6,-8,6,-4,5,-8,4,-11,2,-10,-1,-8,-2,-6,-3,-5,-5,-6,-7,-5,-7,-3,-5,-3,-5,-2,-7,-1,-7,-2,-6,-3,-5,-3,-5,-1,-6,0,-2,0,0,0,0,0,0,0,0,0,0,0,0,0,0,0,0,0,0,0,0,1,1,6,0,6,0,5,-1,5,-2,6,0,5,3,1,3,-1,3,-1,4,-1,8,-1,10,0,11,0,14,1,16,4,15,6,14,5,13,5,12,7,9,6,7,3,7,-1,5,-4,4,-6,4,-7,3,-9"
58.40913796424866,734,"CSI,3016,128,83,49,21,0,2,-5,-4,-8,-7,-12,-8,-15,-9,-17,-9,-19,-8,-17,-10,-13,-9,-15,-6,-15,-5,-14,-7,-15,-10,-15,-7,-13,-3,-10,-2,-6,-2,-2,-3,1,-4,2,-5,1,-7,1,-6,3,-5,5,-6,6,-7,5,-2,1,0,0,0,0,0,0,0,0,0,0,0,0,0,0,0,0,0,0,-2,1,-7,6,-8,5,-9,6,-9,5,-10,3,-9,3,-7,2,-5,1,-3,1,-1,1,0,1,5,0,9,1,11,4,14,5,17,5,19,5,19,7,19,7,19,7,19,9,18,10,14,6,12,3,12,1,12,-1"
58.44404697418213,735,"CSI,295,128,101,81,22,0,-15,26,-14,26,-14,26,-14,26,-14,26,-13,27,-12,27,-11,27,-10,28,-10,28,-10,28,-10,28,-10,28,-11,27,-11,27,-12,27,-11,27,-11,26,-11,24,-12,23,-12,22,-12,21,-12,21,-12,20,-12,19,-3,4,0,0,0,0,0,0,0,0,0,0,0,0,0,0,0,0,0,0,-2,4,-7,19,-7,20,-9,21,-10,22,-11,22,-11,23,-12,24,-13,24,-15,24,-16,25,-16,25,-16,25,-16,25,-16,25,-17,24,-17,24,-17,24,-17,24,-17,24,-17,25,-17,25,-16,25,-15,26,-15,26,-16,27,-15,28"
58.511544942855835,736,"CSI,3019,128,83,49,21,0,-11,4,-8,6,-8,10,-7,16,-8,21,-12,24,-13,26,-11,25,-10,20,-10,19,-11,17,-12,13,-11,11,-8,11,-7,9,-5,7,-4,7,-3,6,-1,7,1,9,1,8,0,8,0,9,2,9,2,6,0,1,0,0,0,0,0,0,0,0,0,0,0,0,0,0,0,0,0,0,-2,-3,-8,-12,-6,-11,-4,-12,-4,-11,-4,-9,-4,-9,-4,-9,-2,-8,-2,-5,-4,-3,-5,1,-7,1,-10,0,-14,2,-17,3,-21,0,-24,-1,-22,-2,-21,-3,-23,-4,-24,-5,-22,-7,-22,-10,-21,-9,-19,-4,-18,-1"
58.54211688041687,737,"CSI,296,128,101,81,22,0,12,22,13,22,13,22,13,21,13,20,14,20,14,20,15,20,15,20,15,20,16,20,16,20,16,19,16,19,16,19,15,19,14,19,14,19,13,18,12,17,11,16,11,16,10,16,9,15,9,16,2,4,0,0,0,0,0,0,0,0,0,0,0,0,0,0,0,0,0,0,2,3,9,13,9,14,9,15,9,16,9,17,9,18,10,20,10,20,9,21,9,21,8,22,8,23,8,23,8,23,8,23,8,23,9,23,9,23,9,22,10,22,10,22,11,22,11,22,11,22,11,22,11,23"
58.61602520942688,738,"CSI,3023,128,83,49,21,0,-16,-7,-17,-3,-16,1,-12,4,-10,8,-13,11,-16,12,-16,10,-20,9,-24,13,-27,14,-27,10,-23,7,-18,5,-15,5,-13,4,-11,3,-11,3,-9,4,-4,4,-2,4,-1,5,2,6,3,8,2,9,0,2,0,0,0,0,0,0,0,0,0,0,0,0,0,0,0,0,0,0,-1,-3,-3,-10,-6,-12,-8,-11,-7,-10,-5,-13,-4,-13,-7,-11,-8,-11,-8,-12,-7,-10,-4,-6,-5,-5,-9,-6,-12,-7,-13,-6,-17,-4,-21,-5,-21,-8,-21,-10,-23,-11,-26,-12,-26,-12,-24,-13,-23,-16,-24,-19,-26,-19"
58.651731967926025,739,"CSI,297,128,101,81,22,0,18,12,18,12,19,11,19,10,19,9,19,9,19,9,19,8,19,8,19,8,19,7,19,7,19,6,20,6,20,5,19,6,18,6,18,6,17,6,16,6,16,5,15,5,15,5,14,5,14,6,3,1,0,0,0,0,0,0,0,0,0,0,0,0,0,0,0,0,0,0,4,2,17,8,17,9,17,10,18,11,19,12,19,13,19,14,20,15,20,15,19,16,19,17,18,18,18,18,18,18,18,17,18,17,18,17,18,17,18,16,18,15,18,15,19,15,19,15,19,14,19,14,19,14"
58.71470403671265,740,"CSI,3028,128,83,49,21,0,-8,4,-4,6,-2,9,1,10,4,14,6,19,4,20,0,18,2,20,3,24,2,24,2,23,3,20,1,17,2,15,3,12,3,10,3,7,3,6,4,5,5,3,6,1,7,-1,8,-1,10,-1,2,-1,0,0,0,0,0,0,0,0,0,0,0,0,0,0,0,0,0,0,-3,0,-10,0,-10,-3,-12,-5,-15,-6,-15,-7,-13,-7,-10,-7,-6,-4,-6,-3,-10,-4,-10,-2,-8,0,-8,2,-7,3,-10,7,-15,11,-17,13,-19,13,-21,13,-22,12,-23,11,-23,11,-23,9,-25,9,-28,10,-27,10"
58.767906188964844,741,"CSI,298,128,101,81,22,0,11,13,12,13,12,12,12,12,12,11,13,11,13,11,14,11,13,11,14,11,14,11,14,10,14,10,14,10,14,10,13,10,13,11,13,11,12,10,12,10,11,9,10,9,10,9,9,9,9,9,2,2,0,0,0,0,0,0,0,0,0,0,0,0,0,0,0,0,0,0,2,2,11,9,11,9,11,10,11,11,11,12,11,13,11,14,11,14,11,15,11,15,10,15,10,16,10,16,10,16,10,16,10,16,10,16,10,15,10,15,10,14,11,14,11,14,11,14,11,14,12,14,13,14"
58.818681955337524,742,"CSI,3032,128,83,49,21,0,-3,-10,-8,-8,-12,-6,-15,-8,-16,-10,-17,-10,-19,-8,-20,-4,-19,-4,-16,-7,-14,-8,-12,-9,-11,-11,-12,-10,-12,-9,-12,-7,-10,-4,-6,-1,-3,0,-3,3,-4,5,-4,6,-3,6,-3,5,-4,5,-1,1,0,0,0,0,0,0,0,0,0,0,0,0,0,0,0,0,0,0,1,-3,8,-10,11,-8,14,-6,15,-4,14,-2,11,0,8,-2,8,-2,8,0,8,-1,6,-3,2,-6,0,-11,1,-18,3,-21,4,-21,3,-22,5,-23,11,-25,11,-25,8,-23,7,-18,8,-17,8,-20,7,-20,6,-18"
58.88588285446167,743,"CSI,299,128,101,81,22,0,-20,-14,-20,-14,-21,-13,-21,-12,-20,-11,-20,-11,-21,-11,-21,-11,-21,-10,-21,-10,-21,-10,-20,-10,-21,-9,-21,-9,-21,-9,-20,-9,-19,-9,-19,-10,-18,-9,-17,-9,-17,-8,-16,-8,-16,-8,-15,-8,-14,-9,-4,-3,0,0,0,0,0,0,0,0,0,0,0,0,0,0,0,0,0,0,-5,-3,-20,-9,-20,-10,-20,-11,-21,-12,-21,-13,-22,-14,-22,-15,-22,-16,-22,-17,-22,-17,-21,-18,-21,-19,-21,-19,-20,-19,-20,-19,-20,-19,-20,-19,-20,-18,-20,-17,-20,-16,-21,-16,-21,-16,-21,-16,-21,-16,-22,-15,-23,-15"
58.91868019104004,744,"CSI,3036,128,83,49,21,0,9,0,5,-6,4,-10,6,-12,9,-16,11,-16,15,-16,21,-18,22,-19,20,-18,18,-18,14,-17,12,-15,12,-14,11,-12,9,-9,7,-8,4,-7,2,-7,2,-9,1,-8,-1,-7,-4,-6,-5,-7,-6,-10,-2,-3,0,0,0,0,0,0,0,0,0,0,0,0,0,0,0,0,0,0,2,2,8,9,8,8,8,11,7,14,6,13,4,12,2,13,2,12,2,11,2,9,3,7,4,6,9,4,14,2,18,4,23,6,23,5,21,7,22,11,25,12,27,12,24,13,20,12,21,12,21,10,20,8"
59.02035999298096,745,"CSI,3040,128,83,49,21,0,12,2,15,-1,17,-3,16,-5,18,-6,23,-7,24,-9,23,-11,21,-7,21,-2,22,-1,22,-2,16,-1,10,0,11,1,12,0,11,-2,8,-4,6,-4,6,-3,6,-2,6,-3,7,-4,8,-5,7,-8,1,-3,0,0,0,0,0,0,0,0,0,0,0,0,0,0,0,0,0,0,2,1,11,6,12,6,12,6,11,8,10,11,10,11,8,9,6,8,5,7,5,5,8,5,12,2,13,1,14,1,16,1,20,1,23,2,26,6,28,10,26,11,21,15,19,18,19,18,19,17,18,14,18,10"
59.111778020858765,746,"CSI,301,128,101,81,22,0,3,-14,3,-14,3,-14,3,-14,2,-14,2,-14,1,-14,1,-14,1,-14,0,-14,0,-14,0,-14,0,-14,1,-14,1,-14,1,-14,1,-13,1,-13,1,-12,1,-12,1,-12,1,-11,2,-11,2,-10,2,-10,0,-3,0,0,0,0,0,0,0,0,0,0,0,0,0,0,0,0,0,0,0,-3,0,-11,1,-11,1,-12,1,-12,2,-12,2,-13,2,-13,3,-13,3,-14,4,-14,4,-14,4,-14,4,-14,4,-14,4,-14,4,-14,4,-14,4,-14,4,-14,4,-14,4,-14,4,-14,3,-14,3,-14,3,-14,3,-14"
59.142465114593506,747,"CSI,3044,128,83,49,21,0,8,-8,4,-9,0,-11,-2,-15,-5,-17,-7,-19,-8,-19,-8,-17,-7,-20,-4,-24,-3,-24,-3,-21,-1,-17,2,-14,2,-12,-1,-9,-2,-6,-2,-4,-4,-4,-6,-2,-8,1,-9,2,-9,2,-9,1,-9,2,-3,0,0,0,0,0,0,0,0,0,0,0,0,0,0,0,0,0,0,0,0,2,2,11,4,10,5,11,4,11,3,12,3,12,2,10,1,8,1,6,0,3,2,3,6,2,10,-1,11,-1,13,-1,19,-2,23,-4,25,-5,26,-4,26,-3,27,-3,28,0,25,2,24,1,23,0,22,0"
59.18256902694702,748,"CSI,3095,128,83,49,21,0,-3,17,-5,18,-4,16,-4,17,-6,20,-6,17,-5,16,-1,18,-1,13,-3,7,-2,6,0,3,1,0,5,1,6,3,5,2,5,0,5,1,5,2,4,0,4,-1,4,1,5,3,5,3,3,3,0,0,0,0,0,0,0,0,0,0,0,0,0,0,0,0,0,0,0,0,0,-2,2,-6,2,-8,4,-10,4,-11,2,-10,1,-6,2,-3,1,-2,-1,-1,-4,-3,-9,-5,-11,-4,-11,-3,-14,-4,-15,-5,-14,-6,-15,-6,-13,-6,-11,-6,-12,-5,-11,-4,-7,-4,-6,-1,-2,1,3,4,6,7"
59.21859407424927,749,"CSI,2171,128,-117,-78,40,0,11,-20,11,-20,11,-20,11,-20,11,-20,10,-20,9,-20,8,-20,8,-20,8,-21,7,-21,7,-21,8,-20,8,-20,8,-20,9,-20,8,-19,8,-18,8,-18,8,-17,8,-16,8,-16,8,-15,8,-14,8,-13,2,-4,0,0,0,0,0,0,0,0,0,0,0,0,0,0,0,0,0,0,1,-4,5,-15,5,-16,6,-16,7,-17,8,-17,8,-18,8,-18,9,-18,11,-19,12,-19,12,-19,12,-19,12,-19,12,-19,13,-19,13,-18,12,-19,12,-19,13,-19,13,-19,12,-19,12,-19,11,-19,11,-19,12,-19,12,-20"
59.25004506111145,750,"CSI,302,128,101,81,22,0,-5,18,-4,18,-4,18,-4,18,-4,18,-3,18,-2,18,-2,18,-2,18,-2,18,-1,18,-2,18,-2,18,-2,17,-2,17,-2,17,-2,17,-2,16,-2,16,-3,15,-3,14,-3,14,-3,13,-4,13,-4,12,-1,3,0,0,0,0,0,0,0,0,0,0,0,0,0,0,0,0,0,0,-1,3,-1,13,-1,13,-1,14,-2,14,-2,15,-2,16,-3,17,-3,17,-4,17,-5,18,-5,18,-5,18,-5,18,-6,18,-6,18,-6,18,-5,18,-6,18,-6,18,-6,18,-5,18,-5,18,-4,18,-5,18,-5,19,-4,19"
59.334551095962524,751,"CSI,303,128,101,81,22,0,-23,-4,-23,-4,-23,-3,-23,-3,-23,-2,-23,-2,-23,-2,-23,-2,-23,-1,-22,-2,-22,-2,-22,-1,-22,-1,-22,-1,-22,-1,-22,-1,-21,-2,-20,-3,-19,-3,-19,-2,-18,-2,-18,-2,-17,-3,-16,-3,-15,-4,-4,-1,0,0,0,0,0,0,0,0,0,0,0,0,0,0,0,0,0,0,-5,0,-18,0,-19,-1,-19,-1,-20,-2,-21,-2,-21,-3,-22,-4,-23,-4,-23,-4,-23,-5,-23,-6,-23,-7,-23,-7,-23,-7,-23,-7,-23,-7,-23,-7,-23,-6,-23,-6,-23,-5,-23,-5,-23,-5,-23,-5,-24,-5,-24,-5,-25,-4"
59.36524820327759,752,"CSI,3052,128,83,49,21,0,-14,5,-10,6,-9,7,-5,11,-2,14,-2,17,0,19,1,19,-1,18,-5,18,-7,17,-9,16,-9,15,-8,14,-6,15,-6,15,-6,12,-5,7,-4,4,-2,4,-1,4,0,5,2,6,2,7,0,9,-1,2,0,0,0,0,0,0,0,0,0,0,0,0,0,0,0,0,0,0,-3,0,-9,3,-9,3,-11,2,-13,1,-12,1,-11,-1,-12,-2,-12,-1,-10,-1,-9,1,-7,4,-6,5,-9,6,-13,9,-12,12,-13,14,-15,13,-19,12,-21,14,-23,16,-23,15,-23,11,-24,8,-24,8,-21,7,-18,5"
59.39859890937805,753,"CSI,2812,128,98,32,6,0,5,-10,4,-11,0,-13,-1,-18,-3,-20,-6,-19,-8,-20,-10,-24,-11,-24,-11,-22,-10,-21,-9,-18,-9,-17,-7,-18,-5,-17,-3,-14,-2,-10,-3,-9,-4,-8,-7,-6,-8,-3,-8,-1,-9,-1,-9,0,-10,0,-3,0,0,0,0,0,0,0,0,0,0,0,0,0,0,0,0,0,0,0,2,-1,9,-1,11,0,12,2,11,3,11,4,9,5,7,6,7,5,7,3,8,-1,10,-3,11,-4,11,-5,12,-6,12,-9,12,-11,12,-12,14,-14,18,-15,20,-14,21,-15,23,-15,24,-13,22,-10,20,-9,18,-7"
59.43456792831421,754,"CSI,2813,128,98,32,6,0,-14,-9,-17,-7,-15,-1,-14,5,-16,9,-18,12,-22,12,-25,7,-24,8,-20,12,-19,10,-18,7,-18,6,-16,3,-15,3,-12,4,-8,3,-6,5,-7,6,-8,6,-7,4,-3,5,0,5,-1,6,-1,7,-1,2,0,0,0,0,0,0,0,0,0,0,0,0,0,0,0,0,0,0,-1,-3,-3,-9,0,-11,2,-13,0,-13,-1,-11,1,-10,2,-11,2,-10,1,-10,-1,-9,-3,-8,-4,-8,-7,-7,-11,-7,-14,-9,-16,-13,-17,-15,-17,-16,-17,-18,-17,-17,-18,-17,-18,-19,-19,-20,-19,-19,-16,-20,-15,-22"
59.468005895614624,755,"CSI,3055,128,83,49,21,0,7,-8,3,-9,-1,-11,-7,-10,-10,-12,-9,-16,-11,-20,-16,-23,-16,-20,-13,-16,-10,-16,-7,-18,-5,-19,-4,-18,-3,-19,-2,-17,-1,-12,-1,-7,-3,-4,-6,-3,-7,-3,-7,-2,-8,0,-9,1,-10,0,-3,-1,0,0,0,0,0,0,0,0,0,0,0,0,0,0,0,0,0,0,2,-1,9,-4,9,-2,11,-2,13,-3,13,-2,11,0,11,0,11,1,11,-1,10,-4,8,-5,5,-5,5,-7,6,-8,7,-11,8,-13,9,-12,10,-13,12,-16,13,-16,14,-14,16,-16,16,-18,15,-18,16,-17,17,-15"
59.498515129089355,756,"CSI,304,128,101,81,22,0,10,15,10,15,11,15,11,14,10,14,11,13,11,13,12,13,12,13,12,13,12,13,12,13,12,12,12,12,12,12,11,12,11,12,11,12,10,12,9,11,9,10,8,10,8,10,7,10,7,10,1,2,0,0,0,0,0,0,0,0,0,0,0,0,0,0,0,0,0,0,2,2,10,9,10,10,9,10,9,11,10,12,10,13,10,14,10,15,10,15,9,15,9,16,9,17,9,17,9,17,9,17,9,17,9,17,9,16,9,16,9,16,9,16,10,16,10,16,10,16,10,16,11,16"
59.535406827926636,757,"CSI,3059,128,83,49,21,0,4,-8,2,-13,-1,-18,-1,-20,2,-20,5,-22,3,-20,0,-13,2,-10,5,-11,7,-10,6,-8,3,-7,2,-8,2,-8,2,-6,-1,-4,-2,-5,-2,-8,-2,-8,-4,-9,-4,-9,-3,-8,-2,-7,-2,-8,-1,-3,0,0,0,0,0,0,0,0,0,0,0,0,0,0,0,0,0,0,3,0,14,0,11,1,8,2,7,0,6,-2,7,-2,6,-2,6,-5,5,-6,6,-6,9,-9,10,-10,9,-10,11,-10,14,-12,16,-14,16,-11,16,-7,18,-7,18,-8,17,-8,15,-4,11,-2,8,-4,7,-7,4,-7"
59.571228981018066,758,"CSI,305,128,101,81,22,0,-18,-7,-18,-7,-18,-7,-18,-6,-18,-6,-18,-5,-18,-5,-18,-5,-19,-5,-18,-5,-18,-5,-18,-4,-18,-4,-19,-4,-19,-4,-18,-4,-18,-5,-17,-5,-16,-5,-16,-5,-15,-5,-15,-5,-14,-5,-14,-5,-13,-5,-4,-2,0,0,0,0,0,0,0,0,0,0,0,0,0,0,0,0,0,0,-3,-1,-13,-3,-13,-3,-13,-4,-14,-4,-14,-4,-15,-5,-15,-6,-16,-6,-16,-6,-16,-7,-17,-8,-16,-8,-16,-9,-16,-9,-17,-9,-17,-9,-17,-9,-17,-9,-17,-8,-18,-7,-18,-7,-18,-8,-18,-8,-18,-8,-19,-7,-20,-7"
59.63519811630249,759,"CSI,3063,128,83,49,21,0,6,5,8,-1,11,-5,13,-6,17,-7,19,-6,23,-5,27,-4,24,-5,20,-6,18,-6,18,-3,17,-2,13,-2,11,-2,10,-3,6,-4,3,-7,1,-9,0,-9,0,-10,1,-11,0,-11,-1,-10,0,-11,0,-3,0,0,0,0,0,0,0,0,0,0,0,0,0,0,0,0,0,0,-1,1,-5,7,-8,7,-9,7,-10,7,-10,6,-8,5,-6,6,-7,6,-5,5,0,5,2,7,2,9,2,10,1,9,2,10,6,15,8,19,8,21,6,23,6,23,5,24,3,25,4,22,6,20,6,20,4,19"
59.67250418663025,760,"CSI,306,128,101,81,22,0,-8,-19,-8,-19,-8,-19,-8,-19,-8,-18,-9,-18,-9,-19,-10,-19,-10,-19,-10,-19,-10,-19,-10,-19,-10,-19,-10,-18,-10,-18,-9,-18,-9,-19,-8,-19,-8,-18,-7,-17,-7,-17,-6,-16,-6,-16,-5,-15,-4,-15,-1,-4,0,0,0,0,0,0,0,0,0,0,0,0,0,0,0,0,0,0,-2,-3,-6,-9,-6,-10,-5,-11,-5,-12,-6,-12,-6,-13,-6,-14,-6,-15,-6,-15,-5,-15,-5,-16,-5,-17,-5,-17,-5,-17,-5,-17,-6,-17,-6,-18,-6,-18,-6,-17,-6,-17,-6,-18,-7,-18,-7,-19,-7,-19,-7,-19,-8,-19"
59.74154090881348,761,"CSI,3068,128,83,49,21,0,-11,-2,-12,5,-12,9,-13,11,-15,14,-17,18,-21,17,-25,10,-26,8,-24,12,-20,12,-17,9,-14,6,-11,3,-8,3,-5,4,-1,4,1,4,2,5,2,7,2,8,3,10,3,11,2,12,2,13,0,3,0,0,0,0,0,0,0,0,0,0,0,0,0,0,0,0,0,0,0,-3,1,-11,3,-10,4,-11,3,-12,3,-10,2,-8,0,-7,-2,-8,-4,-8,-5,-9,-4,-11,-7,-11,-11,-10,-13,-9,-15,-10,-17,-14,-17,-17,-15,-17,-15,-16,-16,-17,-17,-16,-16,-15,-15,-15,-16,-15,-16,-15,-14,-15"
59.78278303146362,762,"CSI,307,128,101,81,22,0,-8,17,-7,17,-7,17,-7,17,-7,17,-7,17,-6,17,-6,18,-6,18,-5,18,-5,18,-6,18,-6,18,-6,18,-6,18,-7,18,-6,17,-6,17,-7,16,-7,15,-7,14,-7,14,-7,13,-7,13,-7,12,-2,3,0,0,0,0,0,0,0,0,0,0,0,0,0,0,0,0,0,0,-1,2,-4,10,-4,10,-5,10,-6,11,-6,11,-6,12,-6,13,-7,13,-7,13,-8,13,-8,14,-8,14,-8,14,-9,14,-9,14,-9,14,-8,14,-8,15,-9,15,-9,15,-8,15,-8,15,-7,16,-8,16,-8,16,-8,17"
59.81598210334778,763,"CSI,3119,128,83,49,21,0,-25,-14,-27,-15,-26,-16,-22,-16,-20,-16,-17,-16,-15,-14,-15,-7,-14,-5,-10,-6,-6,-5,-3,-2,-4,2,-3,5,-5,6,-8,8,-8,10,-6,9,-7,8,-6,8,-3,8,-3,8,-5,6,-3,4,0,4,0,1,0,0,0,0,0,0,0,0,0,0,0,0,0,0,0,0,0,0,-1,1,-1,6,1,6,2,6,2,7,3,7,2,6,1,5,1,3,1,-1,1,-4,3,-7,6,-8,9,-9,13,-11,14,-13,14,-14,13,-12,13,-10,15,-8,13,-9,9,-9,6,-7,4,-5,0,-5,-6,-6,-9,-5"
59.84413290023804,764,"CSI,3072,128,83,49,21,0,-1,-6,-7,-5,-9,-3,-9,-3,-9,-6,-9,-10,-7,-11,-6,-10,-5,-10,-5,-11,-5,-11,-4,-13,-3,-12,-1,-7,0,-5,0,-6,-2,-2,-2,3,-4,3,-5,2,-6,3,-6,4,-8,2,-10,0,-10,1,-3,0,0,0,0,0,0,0,0,0,0,0,0,0,0,0,0,0,0,0,1,0,5,2,3,2,6,2,7,1,5,-1,4,-2,4,-2,3,-4,2,-4,4,-4,5,-6,4,-6,3,-5,4,-7,7,-9,6,-10,6,-9,7,-8,8,-11,8,-12,9,-9,8,-6,6,-6,5,-6,5,-4,4,-1"
59.89963698387146,765,"CSI,308,128,101,81,22,0,-4,-18,-4,-19,-4,-18,-4,-18,-4,-18,-5,-18,-5,-18,-6,-18,-6,-18,-6,-18,-6,-18,-6,-18,-6,-18,-6,-17,-5,-17,-5,-17,-4,-17,-4,-17,-4,-16,-3,-16,-3,-15,-3,-14,-2,-14,-2,-13,-2,-13,-1,-4,0,0,0,0,0,0,0,0,0,0,0,0,0,0,0,0,0,0,-2,-3,-5,-12,-5,-13,-4,-14,-4,-14,-4,-15,-4,-16,-4,-16,-4,-17,-3,-17,-3,-18,-2,-18,-3,-19,-2,-19,-2,-19,-2,-19,-2,-18,-3,-19,-3,-19,-2,-18,-3,-18,-3,-18,-3,-19,-4,-19,-4,-19,-4,-19,-4,-19"
59.93019700050354,766,"CSI,3123,128,83,49,21,0,-21,-9,-22,-10,-20,-10,-18,-10,-18,-12,-16,-13,-15,-11,-16,-11,-14,-9,-10,-6,-8,-4,-7,0,-7,5,-8,5,-9,4,-8,4,-6,6,-5,7,-5,6,-5,7,-5,7,-5,6,-4,6,-2,5,-2,4,-1,0,0,0,0,0,0,0,0,0,0,0,0,0,0,0,0,0,0,0,1,1,5,6,2,5,1,4,0,4,0,5,1,5,3,3,2,0,1,-2,2,-4,2,-9,1,-12,2,-10,4,-6,6,-8,8,-11,8,-11,9,-10,10,-10,10,-9,8,-9,5,-9,0,-6,-3,-3,-4,-4,-8,-8"
59.959993839263916,767,"CSI,3075,128,83,49,21,0,-8,3,-4,2,-1,0,3,-3,6,-5,9,-5,12,0,14,3,18,1,20,-1,19,0,17,1,15,3,11,4,7,4,6,3,4,1,1,0,0,-1,-1,-1,-2,-1,-4,-2,-4,-2,-5,-2,-5,-4,-1,-2,0,0,0,0,0,0,0,0,0,0,0,0,0,0,0,0,0,0,0,-2,0,-8,0,-7,-2,-6,-2,-6,-1,-7,-1,-8,-3,-8,-5,-5,-7,-2,-8,0,-6,0,-6,0,-8,0,-9,-2,-9,-1,-9,2,-11,5,-12,7,-11,8,-11,7,-11,8,-11,10,-11,11,-11,12,-11,12,-12,12"
60.008854150772095,768,"CSI,309,128,101,81,22,0,18,18,18,18,18,18,18,17,18,16,19,16,19,16,20,16,20,16,19,16,19,16,19,16,19,16,20,15,19,15,18,16,18,16,17,16,16,16,15,15,15,14,14,14,13,14,12,14,11,14,2,3,0,0,0,0,0,0,0,0,0,0,0,0,0,0,0,0,0,0,3,2,13,8,13,9,14,10,14,10,15,11,15,13,15,14,16,15,16,15,16,16,16,17,15,18,15,18,16,18,16,18,16,18,16,19,16,18,16,17,16,17,17,17,17,18,18,18,18,18,18,18,19,18"
60.04207491874695,769,"CSI,2650,128,-128,-128,7,0,26,13,23,11,22,9,21,6,20,2,19,-1,18,-4,17,-7,18,-10,19,-12,21,-13,23,-13,25,-13,27,-12,27,-10,25,-7,23,-3,20,-1,18,-1,15,-1,13,-2,11,-3,11,-5,11,-6,13,-6,3,-2,0,0,0,0,0,0,0,0,0,0,0,0,0,0,0,0,0,0,1,2,7,8,8,7,10,8,12,9,14,12,14,15,14,18,13,21,12,23,10,24,8,24,5,23,4,22,4,19,5,17,7,15,8,13,11,11,16,11,19,10,22,10,25,10,27,11,29,12,30,12,29,13"
60.07281422615051,770,"CSI,3080,128,83,49,21,0,-7,0,-10,1,-9,6,-9,9,-11,9,-14,7,-13,4,-7,1,-7,0,-12,2,-12,1,-11,-1,-9,0,-6,1,-3,0,-1,-1,1,2,0,6,-2,6,-2,4,-1,2,-2,3,-3,6,-3,7,-4,7,-2,1,0,0,0,0,0,0,0,0,0,0,0,0,0,0,0,0,0,0,-2,-1,-5,-5,-3,-6,-2,-6,-3,-5,-4,-5,-4,-4,-4,-2,-4,-2,-6,-4,-8,-5,-9,-7,-10,-11,-12,-13,-12,-12,-11,-11,-12,-8,-11,-7,-8,-11,-7,-12,-8,-9,-8,-6,-10,-6,-12,-9,-12,-9,-10,-7,-10,-6"
60.12020993232727,771,"CSI,310,128,101,81,22,0,2,-25,2,-25,2,-25,2,-24,2,-24,2,-24,1,-24,0,-24,0,-24,0,-24,-1,-24,0,-24,0,-23,0,-23,0,-22,1,-22,1,-22,1,-21,2,-20,2,-19,2,-18,2,-18,3,-17,3,-16,3,-16,0,-4,0,0,0,0,0,0,0,0,0,0,0,0,0,0,0,0,0,0,-1,-5,-3,-17,-2,-18,-2,-19,-1,-20,-1,-21,-1,-22,-1,-23,0,-24,1,-24,2,-24,3,-25,3,-25,3,-25,3,-25,3,-25,3,-25,3,-25,3,-25,4,-25,3,-25,3,-25,2,-25,2,-25,3,-25,3,-26,2,-27"
60.345123052597046,772,"CSI,0,128,-118,32,8,0,-21,27,-19,25,-15,22,-11,20,-7,18,-2,19,2,19,6,19,9,21,11,24,12,26,12,28,10,30,8,30,5,29,2,27,0,25,0,22,-1,18,-1,15,0,12,2,11,4,11,5,13,6,14,1,3,0,0,0,0,0,0,0,0,0,0,0,0,0,0,0,0,0,0,-4,1,-12,4,-12,6,-12,7,-13,10,-16,12,-19,14,-23,15,-27,14,-30,11,-32,8,-33,5,-32,3,-30,2,-27,1,-24,1,-21,3,-18,6,-16,10,-15,14,-14,18,-14,23,-15,27,-16,31,-18,32,-20,32,-21,32"
60.380760192871094,773,"CSI,0,128,-98,96,9,0,8,-30,7,-27,4,-24,2,-21,-1,-18,-5,-17,-9,-16,-12,-15,-15,-15,-18,-16,-20,-18,-21,-20,-20,-22,-18,-23,-15,-23,-12,-22,-10,-21,-9,-19,-7,-16,-6,-13,-6,-11,-7,-9,-8,-8,-10,-9,-11,-10,-3,-3,0,0,0,0,0,0,0,0,0,0,0,0,0,0,0,0,0,0,2,-2,8,-8,7,-9,7,-11,7,-13,9,-15,12,-18,15,-20,18,-20,21,-18,23,-16,25,-14,25,-13,24,-11,22,-9,19,-9,15,-9,12,-11,9,-14,7,-17,5,-21,4,-24,3,-28,3,-32,4,-33,6,-34,7,-34"
60.556642055511475,774,"CSI,3099,128,83,49,21,0,-2,10,-2,6,-4,1,-6,-3,-6,-5,-6,-9,-8,-10,-7,-8,-6,-10,-5,-12,-6,-11,-6,-10,-6,-10,-4,-9,-3,-7,-5,-7,-7,-7,-6,-7,-5,-4,-3,-2,0,-2,2,1,2,4,2,4,3,4,1,1,0,0,0,0,0,0,0,0,0,0,0,0,0,0,0,0,0,0,0,-2,1,-4,2,-4,5,-4,8,-5,8,-7,6,-5,5,-2,5,-2,4,-2,4,-2,4,-1,3,0,0,2,-1,3,-1,3,-3,4,-5,6,-5,6,-6,8,-7,10,-7,8,-7,8,-5,10,-3,12,-6,15,-8,17"
61.12851905822754,775,"CSI,3170,128,83,49,21,0,-13,-14,-11,-14,-10,-14,-9,-15,-8,-13,-8,-10,-12,-11,-15,-13,-13,-11,-9,-7,-6,-4,-4,-1,-2,1,-3,2,-5,4,-5,5,-4,7,-5,8,-7,7,-6,6,-4,5,-4,5,-5,4,-6,2,-5,2,-2,0,0,0,0,0,0,0,0,0,0,0,0,0,0,0,0,0,0,0,1,2,4,8,3,8,3,9,2,10,1,8,1,5,2,5,3,5,3,2,4,-1,5,-1,9,-3,12,-8,11,-11,12,-9,11,-7,10,-8,11,-9,13,-8,14,-8,14,-8,11,-5,5,-4,1,-5,0,-6,-3,-6"
61.23068904876709,776,"CSI,3175,128,83,49,21,0,-4,15,-5,13,-6,14,-5,16,-5,15,-6,13,-5,7,-1,0,-3,-1,-4,0,-1,2,2,3,1,2,0,1,0,-1,3,-1,5,1,5,1,6,0,6,-1,6,-3,5,-3,4,-3,4,-3,5,-3,1,-1,0,0,0,0,0,0,0,0,0,0,0,0,0,0,0,0,0,0,0,-1,1,-3,2,-4,3,-6,5,-5,5,-4,5,-3,4,-3,2,-4,0,-4,-1,-4,-2,-4,-4,-2,-6,-3,-10,-7,-12,-8,-11,-8,-10,-8,-11,-7,-11,-7,-10,-8,-7,-6,-4,-2,-2,0,-3,2,-4,3,-5,3"
61.36896896362305,777,"CSI,0,128,-118,32,8,0,0,-15,0,-14,0,-13,-1,-11,-2,-10,-3,-9,-5,-8,-6,-7,-7,-7,-8,-7,-10,-7,-11,-7,-11,-8,-11,-9,-10,-9,-9,-10,-8,-10,-6,-10,-5,-9,-4,-8,-3,-7,-3,-6,-3,-5,-4,-4,-4,-4,-1,-1,0,0,0,0,0,0,0,0,0,0,0,0,0,0,0,0,0,0,0,-2,1,-6,1,-6,2,-7,2,-8,3,-9,4,-10,6,-10,7,-10,8,-10,8,-9,9,-8,9,-8,9,-7,8,-7,7,-6,5,-7,4,-7,3,-8,2,-9,1,-11,0,-12,0,-14,-1,-15,-1,-15,0,-16,0,-16"
61.401232957839966,778,"CSI,0,128,-98,96,9,0,-21,25,-19,24,-16,22,-14,20,-11,18,-8,18,-3,18,1,17,3,18,6,19,8,22,9,24,8,26,6,28,4,28,1,27,-1,25,-2,23,-4,20,-5,17,-5,14,-4,12,-2,11,-1,10,0,11,0,2,0,0,0,0,0,0,0,0,0,0,0,0,0,0,0,0,0,0,-3,1,-10,7,-11,8,-13,9,-15,10,-17,11,-20,11,-23,11,-26,9,-28,6,-28,3,-28,2,-27,2,-25,1,-23,1,-21,2,-19,4,-17,6,-16,9,-16,12,-17,16,-17,19,-17,22,-17,25,-18,27,-20,27,-20,27"
61.608027935028076,779,"CSI,2814,128,77,-47,20,0,13,5,8,2,5,-1,4,-1,1,-2,-2,-7,-6,-13,-10,-17,-12,-18,-11,-17,-11,-17,-9,-19,-8,-20,-8,-20,-6,-19,-4,-17,-2,-12,-1,-9,-3,-7,-4,-4,-3,-2,-2,1,0,4,-1,6,-3,9,-1,2,0,0,0,0,0,0,0,0,0,0,0,0,0,0,0,0,0,0,-1,2,-4,7,-5,6,-8,6,-11,5,-12,3,-12,3,-11,2,-9,2,-8,1,-8,1,-7,2,-5,1,-1,1,2,1,3,3,6,5,10,7,13,6,14,6,14,9,16,11,17,7,19,6,21,8,22,9,21,9"
61.74109697341919,780,"CSI,3195,128,83,49,21,0,-16,4,-18,2,-19,0,-16,-1,-14,-2,-15,-3,-13,-2,-5,-1,-3,-2,-5,0,-6,3,-5,1,-4,0,-2,0,0,1,3,3,4,5,4,4,2,3,1,2,4,1,4,1,3,1,3,2,1,4,0,1,0,0,0,0,0,0,0,0,0,0,0,0,0,0,0,0,0,0,2,1,7,4,6,2,5,3,5,5,5,5,3,4,1,3,1,1,3,-1,3,-4,1,-8,1,-9,2,-10,4,-13,5,-14,2,-14,-1,-14,1,-16,2,-18,1,-17,2,-14,3,-12,2,-9,-3,-6,-5,-4,-7,-4"
61.81074500083923,781,"CSI,2815,128,77,-47,20,0,-1,-15,-1,-10,1,-5,3,0,1,6,-3,10,-6,15,-9,21,-8,24,-6,24,-5,23,-6,21,-7,19,-8,19,-8,17,-6,12,-5,6,-4,3,-5,2,-4,-1,-1,-4,0,-5,0,-4,3,-7,4,-12,1,-4,0,0,0,0,0,0,0,0,0,0,0,0,0,0,0,0,0,0,1,2,6,9,6,9,6,8,4,8,3,9,3,9,3,8,3,7,3,5,1,4,2,4,4,0,5,-5,3,-8,1,-11,2,-16,1,-19,-1,-20,0,-22,2,-24,2,-26,1,-27,-1,-27,-3,-29,-3,-30,-2,-27"
61.84404993057251,782,"CSI,3199,128,83,49,21,0,15,8,16,9,17,11,13,13,9,12,8,11,9,9,10,2,7,-2,4,1,2,2,1,1,3,-1,3,-4,2,-4,3,-4,3,-4,2,-4,3,-3,4,-4,4,-4,3,-3,3,-4,5,-4,3,-3,0,-1,0,0,0,0,0,0,0,0,0,0,0,0,0,0,0,0,0,0,-2,-1,-8,-1,-11,1,-11,1,-10,-2,-7,-3,-6,-1,-6,0,-5,2,-3,5,-1,8,1,10,0,11,-1,11,-4,13,-6,15,-7,15,-7,15,-6,15,-5,12,-6,12,-7,12,-4,9,-2,6,2,4,6,0,7,-5"
62.06653594970703,783,"CSI,2817,128,77,-47,20,0,-13,1,-9,1,-3,-1,1,0,4,4,9,6,11,8,10,14,11,17,12,15,13,15,12,15,10,14,8,13,5,11,3,7,3,4,4,2,3,-2,1,-3,2,-4,1,-6,-1,-7,-1,-8,-1,-8,0,-2,0,0,0,0,0,0,0,0,0,0,0,0,0,0,0,0,0,0,-1,-3,-2,-12,-1,-11,1,-11,5,-11,5,-8,3,-5,2,-5,3,-5,1,-4,-1,-3,-1,-2,-2,-1,-6,0,-11,-1,-15,-1,-18,0,-18,2,-15,3,-16,4,-20,5,-22,4,-22,2,-24,1,-23,3,-19,5,-16,4"
62.253101110458374,784,"CSI,3215,128,83,49,21,0,-7,-16,-7,-18,-5,-18,-2,-19,0,-18,-3,-17,-4,-12,0,-7,2,-7,1,-7,0,-2,-1,0,-2,-2,-2,-1,-4,3,-6,5,-8,4,-9,3,-6,4,-3,3,-3,4,-4,5,-5,4,-5,1,-4,2,-2,0,0,0,0,0,0,0,0,0,0,0,0,0,0,0,0,0,0,0,-2,1,-5,5,-5,5,-7,3,-7,2,-7,3,-4,4,-1,4,1,2,4,0,5,1,6,2,7,2,7,2,10,2,12,3,12,3,11,2,13,2,13,2,10,1,8,2,7,4,7,2,4,-2,0,-6,0,-9"
62.56052303314209,785,"CSI,3227,128,83,49,21,0,-18,-5,-19,-5,-18,-5,-17,-6,-17,-6,-15,-8,-11,-8,-7,-6,-6,-5,-6,-2,-4,0,-4,2,-3,3,1,3,2,3,0,5,-1,5,0,3,2,4,2,6,2,5,2,5,1,5,0,3,1,3,0,1,0,0,0,0,0,0,0,0,0,0,0,0,0,0,0,0,0,0,1,1,7,4,5,3,3,4,3,5,4,3,3,2,3,1,3,-2,2,-3,0,-5,0,-7,2,-8,2,-9,4,-11,6,-12,7,-13,6,-15,7,-15,8,-14,6,-12,4,-11,3,-11,0,-10,-2,-6,-3,-2,-6,0"
63.01588416099548,786,"CSI,3194,128,83,49,21,0,7,-3,6,-7,4,-10,0,-12,-2,-14,-2,-14,-5,-16,-10,-20,-8,-22,-4,-21,-4,-19,-4,-18,-3,-17,0,-16,1,-15,-2,-14,-2,-13,-1,-11,-1,-8,-1,-6,-3,-5,-3,-4,-3,-3,-6,-1,-6,2,-2,0,0,0,0,0,0,0,0,0,0,0,0,0,0,0,0,0,0,0,2,0,9,4,9,7,8,9,7,10,6,11,5,12,3,11,3,9,5,6,6,2,5,0,4,0,6,-2,8,-4,11,-5,11,-7,12,-7,17,-8,18,-10,20,-10,22,-6,23,-4,22,-5,21,-3,20,-3,17,-7"
63.078938007354736,787,"CSI,2818,128,75,-79,20,0,5,0,1,-1,-5,-3,-10,-5,-13,-9,-14,-11,-13,-12,-11,-17,-12,-19,-14,-16,-12,-16,-10,-14,-10,-10,-8,-7,-8,-5,-8,-3,-6,-2,-5,-2,-5,0,-4,2,-4,2,-3,2,-1,1,-2,2,-3,3,-1,0,0,0,0,0,0,0,0,0,0,0,0,0,0,0,0,0,0,0,1,1,7,7,8,8,6,8,5,9,5,10,5,10,5,7,5,5,4,4,6,2,6,-2,6,-3,6,-4,7,-9,8,-11,10,-12,11,-13,13,-13,16,-14,18,-14,20,-13,21,-12,20,-10,19,-11,18,-11,17,-10"
63.219773054122925,788,"CSI,3202,128,83,49,21,0,8,-8,5,-7,1,-1,-3,6,-8,7,-13,7,-15,4,-15,-1,-16,1,-15,7,-12,8,-12,10,-12,11,-13,8,-13,6,-11,7,-7,5,-2,3,-1,2,-1,2,1,2,2,0,2,-2,4,-4,6,-4,1,-1,0,0,0,0,0,0,0,0,0,0,0,0,0,0,0,0,0,0,-1,1,-3,7,-6,8,-7,8,-7,7,-6,5,-5,3,-6,4,-6,4,-4,3,1,0,2,-2,0,-3,2,-4,5,-5,9,-6,12,-6,15,-7,15,-9,15,-11,16,-13,17,-13,17,-13,16,-14,14,-15,13,-15,16,-12"
63.426836013793945,789,"CSI,3210,128,83,49,21,0,9,8,4,5,-1,0,-5,-3,-9,-4,-14,-8,-13,-10,-10,-9,-12,-12,-18,-13,-19,-11,-18,-12,-17,-11,-15,-9,-13,-6,-11,-6,-8,-7,-6,-5,-2,-1,2,1,3,2,2,2,3,3,4,4,5,4,1,1,0,0,0,0,0,0,0,0,0,0,0,0,0,0,0,0,0,0,-3,-3,-11,-10,-11,-12,-11,-12,-9,-11,-7,-11,-7,-12,-8,-12,-8,-10,-5,-8,-2,-6,0,-5,0,-2,1,4,1,10,2,12,5,14,9,15,12,14,15,17,15,22,15,22,15,19,14,18,14,19,16,20,17,21"
63.4883348941803,790,"CSI,2819,128,77,-47,20,0,7,-11,4,-8,-1,-5,-8,-2,-14,2,-15,5,-16,4,-22,0,-24,2,-22,5,-20,3,-19,1,-20,1,-21,1,-19,1,-14,0,-8,0,-3,-1,0,-1,2,2,1,3,1,3,3,3,4,5,6,5,1,1,0,0,0,0,0,0,0,0,0,0,0,0,0,0,0,0,0,0,2,1,9,5,10,6,10,7,8,7,6,8,5,9,7,9,6,8,4,6,3,5,0,2,-1,-3,2,-7,6,-11,5,-14,5,-19,8,-20,8,-20,7,-21,7,-22,10,-25,10,-25,9,-25,11,-26,12,-27,12,-25"
63.521536111831665,791,"CSI,2820,128,77,-47,20,0,12,-5,6,-6,1,-6,-3,-6,-7,-8,-9,-9,-9,-14,-10,-21,-12,-19,-13,-16,-11,-17,-9,-16,-7,-15,-7,-15,-6,-17,-3,-14,-2,-12,-1,-10,-1,-5,-2,-1,-3,1,-3,3,-4,5,-5,5,-7,5,-2,1,0,0,0,0,0,0,0,0,0,0,0,0,0,0,0,0,0,0,2,1,8,7,8,7,8,9,7,10,4,10,2,11,1,11,2,9,4,7,2,3,1,1,3,2,6,0,8,-5,12,-8,15,-11,17,-12,19,-11,22,-11,23,-9,24,-8,24,-8,25,-9,26,-10,24,-11,20,-11"
63.5522780418396,792,"CSI,3214,128,83,49,21,0,9,-5,6,-5,2,-6,-5,-7,-9,-8,-9,-10,-10,-7,-13,-2,-13,-5,-12,-12,-12,-13,-12,-12,-10,-13,-7,-11,-5,-9,-3,-9,-5,-7,-6,-2,-5,1,-5,2,-3,4,-4,4,-3,6,-2,8,-3,7,-1,1,0,0,0,0,0,0,0,0,0,0,0,0,0,0,0,0,0,0,1,2,7,9,8,8,8,9,7,11,6,11,4,11,4,11,4,9,2,6,0,4,-1,0,2,-3,7,-7,13,-7,14,-6,13,-8,15,-10,17,-10,20,-10,20,-11,19,-12,22,-13,25,-13,25,-11,24,-11,25,-13"
63.644721031188965,793,"CSI,2821,128,77,-47,20,0,6,-9,2,-2,-1,0,-3,-1,-7,-1,-11,3,-13,6,-16,3,-19,3,-20,5,-19,6,-19,6,-19,6,-17,5,-14,4,-11,1,-9,-3,-8,-4,-5,-1,-1,-1,2,-3,6,-4,7,-3,8,-1,9,-1,2,-1,0,0,0,0,0,0,0,0,0,0,0,0,0,0,0,0,0,0,0,1,1,6,1,9,1,11,1,9,0,7,0,10,-1,9,-1,6,0,5,0,4,2,1,4,-2,5,-6,6,-10,9,-14,11,-15,11,-16,11,-16,13,-16,14,-16,13,-16,13,-15,12,-16,11,-20,12,-23,11,-21"
63.673354148864746,794,"CSI,2822,128,77,-47,20,0,7,-11,2,-7,-4,-4,-6,-3,-7,0,-9,3,-11,1,-14,-4,-20,-4,-24,-1,-23,1,-20,1,-18,-2,-17,-4,-16,-2,-13,0,-9,-1,-5,-2,-3,0,-2,1,1,1,4,2,4,2,7,2,9,4,2,1,0,0,0,0,0,0,0,0,0,0,0,0,0,0,0,0,0,0,1,0,7,3,6,5,7,7,7,7,5,9,3,11,3,10,0,7,-1,5,0,5,1,2,2,-1,2,-5,3,-9,5,-12,7,-15,8,-17,9,-19,10,-19,10,-19,11,-19,10,-19,8,-17,8,-17,10,-16,10,-15"
63.73739290237427,795,"CSI,3222,128,83,49,21,0,11,-16,8,-15,6,-12,0,-11,-6,-11,-7,-12,-6,-13,-12,-15,-16,-16,-16,-17,-12,-18,-11,-18,-11,-19,-10,-20,-7,-18,-5,-17,-5,-16,-4,-12,-1,-6,-2,-4,-5,-3,-5,-1,-5,2,-7,3,-8,5,-3,1,0,0,0,0,0,0,0,0,0,0,0,0,0,0,0,0,0,0,2,-2,9,-6,12,-4,14,-4,16,-1,16,1,13,1,10,0,9,-2,9,-2,8,-1,5,-3,1,-7,0,-11,3,-14,6,-16,9,-16,11,-16,13,-17,15,-18,14,-18,15,-17,17,-18,18,-19,17,-18,13,-18,12,-19"
63.78949522972107,796,"CSI,3275,128,83,49,21,0,14,11,11,9,10,8,10,11,9,12,7,9,5,4,2,-3,0,-3,3,0,4,1,2,1,1,2,2,-1,4,-4,5,-3,4,-2,5,-1,5,-1,4,-2,4,-3,4,-3,2,-2,2,-2,5,-5,1,-2,0,0,0,0,0,0,0,0,0,0,0,0,0,0,0,0,0,0,-2,-1,-5,-3,-6,-3,-6,-3,-6,-1,-6,-1,-5,-2,-3,-4,-2,-4,-3,-2,-3,3,-2,5,-2,7,-3,9,-5,8,-6,10,-5,12,-5,10,-6,9,-5,9,-7,7,-8,8,-5,11,-1,9,1,3,3,2,4,5"
63.92907500267029,797,"CSI,2689,128,-128,-128,7,0,2,23,6,21,10,19,13,17,16,16,19,17,21,18,22,18,23,18,23,19,23,21,21,22,19,22,17,21,14,19,12,16,10,14,10,11,10,9,11,6,12,5,14,5,15,6,16,9,16,12,4,3,0,0,0,0,0,0,0,0,0,0,0,0,0,0,0,0,0,0,0,4,-1,19,-4,21,-8,22,-11,22,-14,21,-17,20,-19,18,-19,16,-18,14,-16,12,-14,12,-12,14,-10,15,-8,17,-6,19,-5,22,-4,25,-4,27,-4,30,-4,32,-5,33,-6,34,-6,34,-5,33,-4,30,-4,27"
63.95796990394592,798,"CSI,3230,128,83,49,21,0,2,17,1,15,-1,12,3,9,6,9,10,11,10,10,6,8,8,12,12,17,12,14,12,9,9,11,5,12,7,11,7,10,3,8,3,9,4,9,3,6,3,3,3,1,4,-2,6,-4,7,-3,2,-1,0,0,0,0,0,0,0,0,0,0,0,0,0,0,0,0,0,0,-1,2,-3,10,-4,9,-5,8,-7,10,-8,11,-7,8,-5,5,-3,6,-1,8,0,9,1,10,3,10,5,12,5,14,2,15,-1,18,-4,20,-6,21,-6,21,-9,22,-6,23,-5,21,-8,22,-9,24,-8,21,-8,18"
64.040372133255,799,"CSI,3234,128,83,49,21,0,6,-12,3,-7,-1,-4,-5,-4,-9,-6,-12,-6,-16,-8,-21,-13,-24,-13,-22,-10,-19,-8,-16,-8,-16,-9,-17,-11,-14,-12,-10,-11,-6,-7,-5,-3,-6,0,-5,1,-3,0,-4,1,-3,4,0,7,0,8,-1,2,0,0,0,0,0,0,0,0,0,0,0,0,0,0,0,0,0,0,1,0,8,3,9,3,9,4,10,7,10,8,9,7,9,5,6,3,3,2,3,0,4,-2,2,-5,2,-8,5,-11,6,-13,7,-14,9,-14,11,-16,13,-16,12,-18,10,-19,11,-18,15,-18,15,-18,11,-18,12,-19"
64.14702105522156,800,"CSI,3238,128,83,49,21,0,-12,-8,-12,-4,-14,0,-13,-1,-15,-2,-21,-1,-18,-1,-13,-6,-14,-11,-16,-9,-16,-4,-15,-3,-11,-3,-5,-3,-4,-2,-4,-2,-3,-2,0,-1,1,0,-1,1,-3,1,-4,1,-5,3,-6,5,-4,4,-1,0,0,0,0,0,0,0,0,0,0,0,0,0,0,0,0,0,0,0,0,-3,2,-11,4,-12,7,-11,7,-9,5,-9,3,-9,2,-7,0,-5,-4,-5,-8,-6,-11,-8,-13,-12,-13,-15,-11,-18,-11,-21,-11,-23,-8,-21,-5,-20,-6,-22,-5,-23,-4,-22,-5,-20,-5,-16,-7,-11,-8,-10,-6,-12"
64.19839119911194,801,"CSI,3291,128,83,49,21,0,-8,14,-8,16,-7,15,-8,14,-9,12,-7,11,-2,8,2,4,-1,3,-1,5,-1,6,-3,3,-1,0,1,-1,2,-3,4,-5,4,-7,4,-7,5,-7,5,-6,3,-5,3,-4,5,-4,3,-4,2,-3,0,-1,0,0,0,0,0,0,0,0,0,0,0,0,0,0,0,0,0,0,1,1,4,7,2,7,2,7,1,6,1,4,0,3,2,2,3,2,1,1,-2,-2,-1,-5,0,-6,-2,-7,-2,-9,0,-10,1,-11,1,-11,1,-10,0,-9,0,-8,0,-6,0,-3,1,-2,0,-2,-3,-1,-5,-1"
64.24705004692078,802,"CSI,3242,128,83,49,21,0,-10,0,-7,5,-7,5,-6,5,-6,9,-6,12,-10,11,-15,9,-13,11,-9,12,-8,11,-7,11,-7,11,-9,8,-8,7,-3,6,0,5,0,3,0,2,2,2,1,1,0,1,1,3,3,3,2,3,0,0,0,0,0,0,0,0,0,0,0,0,0,0,0,0,0,0,0,0,-3,-2,-10,-7,-9,-8,-9,-8,-8,-9,-6,-9,-4,-6,-5,-4,-6,-3,-5,-4,-7,-4,-10,-1,-10,1,-12,1,-15,0,-18,-2,-20,-4,-21,-6,-21,-8,-23,-8,-22,-7,-21,-6,-19,-6,-18,-8,-19,-6,-19,-6,-18,-7"
64.34408211708069,803,"CSI,2694,128,-118,32,8,0,1,-36,1,-37,2,-37,4,-35,5,-33,5,-31,4,-28,2,-24,-1,-21,-4,-19,-7,-17,-10,-16,-13,-16,-15,-16,-17,-18,-16,-20,-15,-22,-13,-24,-10,-25,-6,-25,-3,-24,0,-22,2,-19,3,-16,3,-14,0,-4,0,0,0,0,0,0,0,0,0,0,0,0,0,0,0,0,0,0,3,-3,14,-12,14,-10,13,-9,12,-8,11,-9,11,-11,12,-13,13,-15,14,-17,16,-18,18,-19,21,-20,23,-20,24,-19,24,-18,24,-17,22,-16,21,-15,20,-15,18,-15,15,-16,11,-19,8,-22,5,-24,2,-26,1,-27"
64.37480211257935,804,"CSI,2695,128,-98,96,9,0,6,34,6,35,5,35,4,34,2,32,2,30,3,27,4,22,5,19,7,16,10,14,12,12,15,11,18,11,20,12,20,14,20,17,19,19,16,21,12,21,9,21,5,19,3,17,1,15,0,13,0,3,0,0,0,0,0,0,0,0,0,0,0,0,0,0,0,0,0,0,-3,3,-13,13,-13,12,-13,10,-12,9,-11,10,-10,12,-10,15,-11,17,-11,18,-13,20,-15,22,-18,23,-19,23,-20,23,-21,21,-21,20,-20,19,-19,19,-18,18,-15,18,-12,18,-8,20,-4,22,0,24,3,25,5,26"
64.40636706352234,805,"CSI,3246,128,83,49,21,0,-15,6,-14,6,-12,8,-10,11,-8,12,-7,14,-8,17,-13,18,-13,18,-11,16,-10,12,-10,11,-10,13,-10,12,-9,9,-8,5,-7,3,-5,3,-3,3,0,3,1,4,1,4,2,4,4,5,4,6,0,1,0,0,0,0,0,0,0,0,0,0,0,0,0,0,0,0,0,0,-3,-1,-9,-1,-9,-4,-9,-7,-8,-8,-6,-8,-4,-7,-2,-5,-5,-3,-7,-2,-6,2,-8,6,-10,7,-13,8,-15,8,-17,6,-19,3,-20,0,-20,0,-22,2,-24,2,-21,1,-18,1,-18,2,-20,2,-21,4,-22,9"
64.44782900810242,806,"CSI,3249,128,83,49,21,0,3,12,2,7,1,5,2,3,3,1,4,1,5,0,4,0,7,0,12,-2,15,-4,18,-4,17,-1,14,0,10,1,9,3,7,1,4,-2,0,-3,-2,-2,-2,-2,-4,-3,-4,-3,-3,-5,-2,-7,-1,-2,0,0,0,0,0,0,0,0,0,0,0,0,0,0,0,0,0,0,-3,0,-9,2,-9,0,-9,-2,-9,-2,-7,-1,-6,-2,-4,-3,-2,-2,-3,0,-2,3,-1,5,-1,8,-2,12,-1,13,0,13,-2,14,-5,15,-7,17,-8,18,-7,18,-4,17,-2,16,-2,17,0,18,0,17,-4,15"
64.75442218780518,807,"CSI,3262,128,83,49,21,0,7,1,5,4,4,5,3,3,0,3,-1,2,0,5,0,13,-1,15,-1,12,0,10,2,11,4,12,4,13,3,11,1,8,0,6,0,5,1,2,-1,1,-4,2,-6,2,-7,3,-7,5,-6,6,-2,1,0,0,0,0,0,0,0,0,0,0,0,0,0,0,0,0,0,0,1,-2,5,-5,7,-3,9,-2,8,-2,8,-1,8,-3,8,-3,7,-1,8,-1,7,-1,6,1,6,4,6,4,7,5,6,9,4,15,2,16,1,14,2,14,3,16,6,17,9,13,10,9,11,7,11,8,11,9"
64.85595202445984,808,"CSI,3266,128,83,49,21,0,5,2,4,1,3,2,2,4,-2,3,-5,4,-2,5,1,7,-2,9,-5,8,-4,8,-5,11,-6,11,-5,10,-5,11,-4,10,-3,6,-5,4,-6,2,-6,-1,-6,-3,-6,-3,-6,-4,-6,-5,-4,-6,-1,-2,0,0,0,0,0,0,0,0,0,0,0,0,0,0,0,0,0,0,1,-2,5,-7,5,-5,3,-4,3,-4,2,-6,2,-6,4,-5,5,-3,6,-2,6,-1,6,2,5,5,4,6,5,7,6,10,7,12,7,12,3,12,3,13,6,11,7,8,8,6,8,5,10,5,12,5,12,0"
64.91784191131592,809,"CSI,3318,128,83,49,21,0,16,-11,17,-9,17,-8,17,-8,17,-7,16,-4,12,-1,4,3,4,2,6,-2,3,-3,3,-4,1,-3,-3,-3,-6,-3,-6,-4,-5,-6,-5,-7,-7,-6,-7,-5,-6,-5,-5,-5,-7,-3,-8,-3,-7,-4,-2,-1,0,0,0,0,0,0,0,0,0,0,0,0,0,0,0,0,0,0,-2,-1,-9,-4,-10,-5,-9,-4,-8,-3,-7,-3,-6,-3,-6,-2,-7,0,-8,2,-6,3,-4,5,-3,9,-3,13,-2,14,-3,14,-3,15,-4,19,-5,20,-5,18,-5,14,-4,12,-3,10,-1,6,4,3,7,4,10,1"
64.9638159275055,810,"CSI,3270,128,83,49,21,0,-2,-8,0,-9,3,-10,8,-11,11,-12,10,-12,10,-10,14,-6,14,-9,11,-14,8,-14,6,-13,6,-13,7,-11,7,-9,7,-5,8,-4,6,-3,4,0,4,2,4,3,2,4,3,5,3,5,5,5,1,1,0,0,0,0,0,0,0,0,0,0,0,0,0,0,0,0,0,0,-2,1,-6,5,-7,5,-8,4,-8,3,-7,0,-7,0,-8,0,-7,0,-6,-2,-4,-4,-4,-9,-6,-11,-5,-12,-1,-15,-2,-18,-5,-18,-5,-14,-2,-10,-3,-10,-5,-13,-6,-15,-6,-16,-9,-14,-10,-12,-8,-10,-8,-9"
65.06648206710815,811,"CSI,3274,128,83,49,21,0,-4,-4,-4,-3,-6,-3,-7,-1,-9,3,-10,4,-11,1,-13,-3,-15,-2,-15,3,-14,2,-14,0,-12,-1,-9,-2,-7,-2,-4,-2,-1,-2,1,-1,0,0,-1,2,-2,3,-2,3,-1,3,0,3,-1,5,-1,1,0,0,0,0,0,0,0,0,0,0,0,0,0,0,0,0,0,0,1,-2,7,-7,7,-5,6,-4,5,-3,3,-2,4,-2,3,-2,2,-1,1,-2,0,-4,-1,-6,-4,-9,-6,-11,-6,-12,-6,-12,-4,-13,-2,-12,-1,-13,-3,-14,-5,-14,-5,-13,-2,-10,0,-11,1,-12,-3,-10,-7,-11"
65.22288799285889,812,"CSI,3331,128,83,49,21,0,-3,16,-2,15,-2,14,-1,15,0,14,-1,11,0,7,2,0,1,1,-1,5,-1,6,1,4,2,1,0,-2,1,-5,3,-6,0,-5,-1,-3,0,-3,0,-5,-2,-5,-3,-5,-3,-7,-2,-6,-1,-3,-1,-1,0,0,0,0,0,0,0,0,0,0,0,0,0,0,0,0,0,0,-1,1,0,5,3,5,3,5,2,5,1,5,1,5,1,6,-1,5,0,2,0,-2,-3,-7,-3,-9,0,-8,1,-9,1,-13,1,-13,-1,-14,0,-13,2,-11,3,-10,1,-9,0,-8,1,-6,2,-3,1,2,-1,5"
65.26994109153748,813,"CSI,3282,128,83,49,21,0,0,3,3,-2,5,-1,8,-1,12,-4,12,-5,13,-4,14,1,14,3,16,0,16,-2,14,-2,12,0,11,3,11,4,10,2,4,2,-1,3,-3,3,-3,1,-4,-2,-7,-4,-7,-4,-7,-5,-7,-5,-2,-1,0,0,0,0,0,0,0,0,0,0,0,0,0,0,0,0,0,0,-3,-2,-8,-8,-6,-9,-5,-8,-6,-6,-5,-6,-4,-6,-4,-6,-6,-4,-5,-1,-4,1,-5,2,-7,3,-6,5,-7,8,-8,8,-9,9,-9,10,-10,11,-10,11,-7,10,-7,12,-10,11,-10,9,-8,8,-4,9,-2,11"
65.32749509811401,814,"CSI,3335,128,83,49,21,0,5,-12,8,-10,10,-10,10,-11,8,-11,8,-9,6,-8,3,-4,5,-3,5,-5,3,-3,1,0,-2,1,-7,0,-9,0,-10,-2,-10,-3,-9,-2,-8,0,-7,-1,-6,-1,-7,1,-6,-1,-5,-3,-6,-2,-2,-1,0,0,0,0,0,0,0,0,0,0,0,0,0,0,0,0,0,0,-1,-2,-5,-6,-8,-7,-8,-8,-6,-9,-3,-7,-2,-5,-2,-4,-3,-4,-4,-3,-4,-1,-3,2,-3,6,-4,10,-4,12,-3,11,-4,11,-4,13,-3,12,-1,11,-1,10,-3,9,-3,7,-1,2,2,-1,4,-2,8,-6"
65.37127089500427,815,"CSI,3286,128,83,49,21,0,3,3,5,5,6,6,8,7,12,8,15,9,12,11,7,15,8,15,10,13,9,12,6,12,6,10,5,8,5,5,3,3,1,3,1,3,1,1,3,-1,4,-2,4,-3,4,-4,3,-3,4,-2,1,-1,0,0,0,0,0,0,0,0,0,0,0,0,0,0,0,0,0,0,-3,-1,-9,0,-8,2,-10,1,-12,0,-13,-1,-13,0,-10,2,-8,3,-8,4,-8,6,-8,9,-5,9,-5,9,-6,11,-5,12,-7,13,-9,14,-8,14,-8,17,-8,18,-9,16,-9,17,-11,18,-12,17,-10,16,-9,15"
65.47580194473267,816,"CSI,3290,128,83,49,21,0,-6,7,-4,7,0,8,5,11,8,15,10,17,12,21,16,26,16,24,14,21,12,19,10,18,5,16,3,15,3,15,3,12,1,7,1,4,2,5,3,5,5,2,7,-2,7,-4,7,-5,6,-5,1,-1,0,0,0,0,0,0,0,0,0,0,0,0,0,0,0,0,0,0,-3,1,-12,4,-13,1,-14,-1,-14,-2,-12,-2,-11,-2,-9,-3,-7,-3,-8,0,-10,3,-9,5,-7,7,-8,10,-10,11,-11,12,-12,14,-12,12,-12,13,-14,16,-17,19,-20,20,-21,17,-18,13,-18,13,-20,15,-18,17"
65.53196501731873,817,"CSI,3343,128,83,49,21,0,-12,-20,-10,-21,-12,-22,-12,-23,-10,-23,-8,-19,-4,-16,0,-16,-2,-13,-5,-9,-6,-6,-6,-3,-5,0,-5,2,-5,4,-7,6,-11,6,-11,5,-8,5,-7,5,-8,6,-7,5,-6,4,-6,2,-6,-1,-2,-1,0,0,0,0,0,0,0,0,0,0,0,0,0,0,0,0,0,0,0,2,2,10,3,9,4,8,3,9,1,8,1,7,0,5,1,2,4,-1,6,-4,7,-5,10,-5,12,-7,15,-6,16,-6,17,-7,17,-6,17,-3,16,-3,14,-3,13,-5,9,-6,7,-6,6,-7,2,-8,-2,-10"
65.57617807388306,818,"CSI,3294,128,83,49,21,0,3,-1,6,-1,8,3,12,6,14,8,14,9,17,13,19,19,18,15,15,9,13,6,13,4,10,4,5,4,3,4,1,2,0,0,-1,-4,-3,-6,-4,-7,-4,-7,-4,-7,-4,-7,-3,-6,-1,-5,-1,-1,0,0,0,0,0,0,0,0,0,0,0,0,0,0,0,0,0,0,3,-1,12,-3,11,-1,9,0,8,0,6,-1,3,-1,1,0,1,-1,0,-5,-4,-5,-10,-3,-13,-4,-14,-5,-15,-7,-14,-10,-14,-11,-16,-10,-17,-9,-17,-8,-16,-9,-16,-10,-14,-8,-12,-8,-10,-6,-7,-3,-6,-2"
65.67443990707397,819,"CSI,2823,128,77,-47,20,0,-12,12,-8,12,-5,14,-6,19,-8,22,-8,19,-11,19,-16,23,-14,22,-10,18,-9,15,-8,12,-7,9,-7,9,-5,9,-2,8,-1,6,-1,5,1,7,2,8,2,7,2,7,2,8,1,8,-1,8,-1,2,0,0,0,0,0,0,0,0,0,0,0,0,0,0,0,0,0,0,-3,1,-8,3,-9,1,-11,0,-11,1,-9,1,-8,2,-8,4,-8,6,-9,8,-11,9,-10,10,-12,13,-16,15,-17,15,-18,13,-20,12,-21,11,-20,9,-20,10,-18,11,-18,10,-19,8,-17,9,-15,10,-16,10,-16,11"
65.70574903488159,820,"CSI,3298,128,83,49,21,0,-9,9,-8,11,-9,13,-8,16,-5,17,-6,18,-8,16,-9,11,-9,10,-10,14,-13,13,-13,11,-10,12,-9,12,-8,10,-4,7,-2,5,0,7,1,9,0,8,-1,7,0,8,-2,9,-3,9,-3,8,-1,2,0,0,0,0,0,0,0,0,0,0,0,0,0,0,0,0,0,0,-4,1,-13,5,-12,4,-11,3,-10,3,-7,2,-6,1,-6,2,-7,2,-9,4,-11,9,-12,10,-13,10,-14,12,-15,12,-16,10,-18,13,-19,13,-18,11,-18,10,-20,12,-20,13,-18,11,-18,9,-19,7,-19,6,-20,7"
65.78872609138489,821,"CSI,3302,128,83,49,21,0,-10,-19,-11,-16,-9,-14,-10,-15,-13,-15,-15,-16,-19,-14,-19,-10,-16,-11,-14,-16,-13,-17,-13,-15,-9,-13,-7,-11,-7,-10,-7,-12,-6,-11,-5,-9,-6,-7,-7,-7,-7,-6,-8,-5,-8,-6,-8,-5,-9,-3,-3,-1,0,0,0,0,0,0,0,0,0,0,0,0,0,0,0,0,0,0,-2,-4,-6,-13,-3,-14,-1,-13,-1,-12,-2,-12,0,-13,-1,-12,-4,-13,-4,-15,-4,-18,-5,-20,-5,-18,-6,-15,-9,-16,-10,-20,-10,-21,-10,-22,-9,-23,-8,-24,-6,-25,-5,-27,-3,-28,-2,-28,-3,-27,-1,-27,-1,-28"
65.8387839794159,822,"CSI,3355,128,83,49,21,0,-10,19,-10,22,-10,21,-11,18,-13,15,-13,13,-10,9,-5,4,-4,2,-5,1,-3,0,-2,0,0,0,4,0,8,1,9,2,8,3,9,2,11,1,8,0,6,-1,7,-2,7,0,5,1,4,0,0,-1,0,0,0,0,0,0,0,0,0,0,0,0,0,0,0,0,0,0,1,-1,7,-2,7,-1,7,-2,8,-2,8,-1,7,-1,3,0,1,1,1,-1,-2,-4,-6,-7,-7,-9,-8,-11,-11,-14,-11,-14,-9,-13,-9,-13,-9,-12,-8,-11,-7,-10,-5,-7,-3,-5,-4,-3,-5,0,-4,4,-1,7"
65.89012694358826,823,"CSI,3306,128,83,49,21,0,-9,-16,-11,-16,-13,-15,-12,-16,-11,-17,-12,-17,-15,-17,-12,-18,-10,-20,-11,-20,-11,-19,-10,-20,-10,-19,-9,-16,-6,-13,-4,-13,-4,-13,-7,-10,-9,-8,-10,-7,-9,-6,-8,-4,-8,-4,-8,-4,-9,-5,-3,-2,0,0,0,0,0,0,0,0,0,0,0,0,0,0,0,0,0,0,-1,-3,-2,-10,1,-11,2,-13,0,-16,-1,-15,1,-11,0,-9,-1,-10,1,-10,2,-11,0,-13,-2,-15,-5,-15,-10,-15,-10,-17,-9,-19,-8,-20,-8,-22,-7,-26,-5,-28,-1,-29,3,-30,3,-28,0,-25,-3,-24,-6,-23"
65.98540616035461,824,"CSI,3310,128,83,49,21,0,5,19,8,15,10,11,14,11,17,11,19,10,21,13,21,17,21,14,20,12,18,11,18,10,17,11,16,13,15,15,13,12,13,8,10,8,7,6,7,3,8,0,7,-2,7,-3,9,-5,8,-5,2,-2,0,0,0,0,0,0,0,0,0,0,0,0,0,0,0,0,0,0,0,1,2,7,1,10,-1,10,-2,10,-2,11,-4,12,-5,11,-3,10,-3,9,-4,8,-2,7,3,9,7,11,8,13,8,15,8,18,9,20,8,21,8,22,7,25,4,28,5,28,7,27,4,27,2,24,3,20"
66.04330706596375,825,"CSI,3362,128,83,49,21,0,-20,-15,-19,-17,-19,-17,-20,-17,-18,-15,-15,-10,-12,-11,-10,-16,-10,-13,-9,-8,-7,-3,-6,3,-3,5,0,3,0,3,2,6,3,9,2,11,2,11,3,10,3,10,2,8,3,7,4,6,4,5,0,1,0,0,0,0,0,0,0,0,0,0,0,0,0,0,0,0,0,0,-1,1,-4,4,-8,3,-9,3,-8,2,-8,1,-9,1,-4,2,0,1,3,0,5,-1,7,-3,10,-1,12,1,12,1,13,2,14,2,15,1,11,-1,10,-1,12,1,11,0,7,-3,0,-2,-5,-3,-7,-7,-8,-9"
66.09196710586548,826,"CSI,3314,128,83,49,21,0,-15,-1,-11,5,-9,9,-11,9,-13,12,-13,14,-16,16,-20,19,-19,20,-16,18,-15,15,-15,15,-13,12,-13,10,-11,11,-10,10,-8,8,-5,7,-3,7,-2,6,-1,6,0,6,3,5,3,6,2,8,0,2,0,0,0,0,0,0,0,0,0,0,0,0,0,0,0,0,0,0,-2,-1,-8,-4,-10,-4,-11,-4,-10,-6,-8,-7,-7,-6,-7,-6,-7,-6,-8,-7,-10,-5,-13,-3,-15,-1,-16,1,-17,2,-19,0,-20,-2,-22,-1,-24,2,-26,2,-27,0,-29,-2,-29,-3,-26,-5,-26,-5,-26,-5,-27,-8"
66.19672989845276,827,"CSI,3318,128,83,49,21,0,-10,-11,-13,-6,-13,-3,-13,-3,-17,-1,-20,0,-23,2,-26,5,-26,4,-25,3,-24,2,-21,-1,-19,-4,-16,-4,-16,-4,-15,-4,-13,-2,-10,0,-6,-1,-5,-2,-6,0,-6,3,-7,4,-9,6,-9,7,-2,1,0,0,0,0,0,0,0,0,0,0,0,0,0,0,0,0,0,0,-2,-2,-8,-6,-9,-8,-9,-11,-7,-11,-7,-9,-8,-8,-5,-8,-4,-9,-6,-10,-6,-9,-6,-7,-9,-7,-13,-8,-14,-10,-15,-11,-17,-11,-18,-12,-16,-12,-16,-13,-18,-17,-17,-19,-15,-20,-15,-18,-17,-16,-15,-15,-13,-14"
66.29727101325989,828,"CSI,3322,128,83,49,21,0,-3,-10,-6,-6,-10,-3,-13,-4,-14,-7,-16,-6,-16,-3,-13,-5,-15,-7,-17,-6,-18,-5,-19,-6,-17,-8,-14,-9,-10,-7,-7,-5,-5,-4,-5,-5,-4,-5,-4,-1,-5,4,-3,7,-2,7,-4,6,-6,6,-2,1,0,0,0,0,0,0,0,0,0,0,0,0,0,0,0,0,0,0,1,-2,3,-8,2,-7,2,-8,3,-7,3,-6,3,-7,3,-8,1,-8,-2,-9,-2,-10,-1,-10,-2,-11,-5,-12,-5,-15,-4,-18,-5,-19,-6,-18,-7,-19,-5,-19,-5,-20,-5,-21,-3,-20,-3,-17,-7,-18,-7,-18,-4,-15"
66.39649105072021,829,"CSI,3326,128,83,49,21,0,14,-6,10,-7,10,-9,5,-10,-2,-12,-3,-15,-2,-19,-4,-23,-3,-23,-2,-23,-1,-22,2,-19,4,-17,6,-16,8,-15,8,-14,6,-8,4,-4,1,-3,-1,-2,-3,-1,-4,-1,-5,0,-6,-1,-8,-3,-2,-1,0,0,0,0,0,0,0,0,0,0,0,0,0,0,0,0,0,0,2,0,8,1,8,1,7,2,7,3,8,4,8,3,7,2,8,1,9,0,8,0,9,-2,11,-5,13,-6,12,-5,12,-6,14,-7,16,-6,16,-4,18,-6,20,-9,22,-8,25,-6,26,-5,25,-5,22,-4,21,-4"
66.49967312812805,830,"CSI,3330,128,83,49,21,0,-4,1,-2,4,-2,8,-3,9,-1,12,0,16,2,16,4,12,1,12,-1,13,-1,13,-1,15,-2,17,-2,15,-3,11,-4,9,-4,6,-3,5,0,3,2,0,4,0,6,-2,6,-4,6,-4,6,-4,1,-1,0,0,0,0,0,0,0,0,0,0,0,0,0,0,0,0,0,0,0,-2,3,-7,5,-6,5,-7,6,-5,4,-3,1,-3,-1,-4,-1,-3,-3,-4,-6,-5,-9,-4,-11,-5,-12,-7,-10,-8,-11,-8,-15,-8,-16,-9,-17,-9,-18,-7,-17,-6,-15,-9,-14,-10,-13,-11,-11,-10,-8,-6,-7,-2"
66.60093402862549,831,"CSI,3334,128,83,49,21,0,-7,11,-5,10,-3,11,1,10,5,11,5,13,9,12,14,13,14,13,8,14,4,15,2,15,2,15,3,15,1,13,-1,9,0,7,1,4,3,3,5,2,6,1,6,0,6,1,6,0,8,-2,2,-1,0,0,0,0,0,0,0,0,0,0,0,0,0,0,0,0,0,0,-3,1,-10,6,-11,4,-10,3,-9,2,-9,1,-7,3,-5,5,-5,7,-6,8,-7,8,-8,9,-9,10,-10,10,-11,12,-11,14,-12,15,-13,15,-15,14,-15,14,-14,15,-16,17,-15,17,-14,18,-14,19,-11,18,-7,17"
66.70318603515625,832,"CSI,3338,128,83,49,21,0,-4,-4,-5,-2,-3,1,-4,5,-4,6,-5,7,-10,8,-16,7,-14,11,-10,14,-9,13,-9,12,-10,8,-11,4,-10,3,-9,3,-7,2,-4,-1,-3,-3,-1,-5,1,-6,1,-5,2,-5,1,-4,0,-3,0,-1,0,0,0,0,0,0,0,0,0,0,0,0,0,0,0,0,0,0,0,1,3,7,2,8,0,8,-1,6,1,4,1,1,1,-1,3,-1,3,0,3,-1,5,-5,8,-8,7,-10,6,-12,7,-15,7,-16,5,-15,8,-16,11,-18,7,-20,6,-19,7,-15,6,-13,4,-14,4,-15,5,-16"
66.80326414108276,833,"CSI,3342,128,83,49,21,0,-10,5,-7,6,-5,7,-3,10,0,14,0,16,0,14,2,12,-1,11,-3,11,-4,11,-5,11,-5,10,-5,6,-7,4,-7,5,-3,4,-1,1,0,3,2,6,3,6,4,6,6,5,6,4,6,4,1,1,0,0,0,0,0,0,0,0,0,0,0,0,0,0,0,0,0,0,-2,-1,-9,-3,-10,-5,-9,-5,-9,-4,-8,-2,-6,0,-5,0,-4,0,-6,1,-7,2,-7,5,-8,8,-11,8,-14,7,-15,5,-16,5,-19,6,-22,5,-24,5,-22,6,-20,5,-20,3,-20,3,-20,3,-18,3,-16,3"
66.90727400779724,834,"CSI,3346,128,83,49,21,0,4,-3,-1,-8,-3,-10,-2,-10,-3,-12,-5,-17,0,-20,8,-19,8,-17,5,-18,4,-19,2,-17,2,-13,3,-10,4,-7,4,-4,3,-2,1,0,-2,1,-6,2,-6,1,-5,2,-6,4,-7,4,-8,2,-2,0,0,0,0,0,0,0,0,0,0,0,0,0,0,0,0,0,0,0,-3,2,-9,9,-9,8,-7,6,-5,7,-3,8,-3,7,-4,7,-4,8,-1,8,2,8,4,7,5,10,8,11,9,9,9,9,12,10,13,10,13,7,14,7,16,9,17,9,17,11,14,13,15,11,16,8,14,6"
66.96535205841064,835,"CSI,3399,128,83,49,21,0,-9,-23,-9,-26,-6,-26,-5,-22,-5,-18,-5,-21,-3,-18,-1,-9,-1,-7,-3,-7,-6,-4,-9,-1,-8,2,-7,3,-6,3,-7,5,-9,8,-11,8,-11,6,-11,4,-10,5,-10,7,-10,5,-7,4,-3,5,-1,1,0,0,0,0,0,0,0,0,0,0,0,0,0,0,0,0,0,0,-1,1,-4,4,-6,4,-6,5,-7,4,-6,2,-1,0,1,-1,2,-1,2,-3,4,-4,8,-2,12,1,13,0,14,0,15,3,15,4,14,4,14,3,16,4,13,2,10,-2,7,-2,3,-3,0,-6,-2,-10,-4,-13"
67.0098021030426,836,"CSI,3350,128,83,49,21,0,4,-4,2,-5,-1,-3,-4,-5,-7,-6,-9,-5,-9,-9,-11,-15,-12,-14,-9,-11,-4,-11,0,-12,-1,-14,-1,-16,-1,-15,2,-9,4,-4,1,-2,1,0,2,3,1,5,0,5,-1,4,-4,4,-4,7,-1,2,0,0,0,0,0,0,0,0,0,0,0,0,0,0,0,0,0,0,0,1,2,7,3,8,3,8,1,7,0,5,1,3,2,2,3,1,4,-3,4,-6,5,-6,5,-7,5,-6,7,-5,8,-4,10,-3,12,-2,12,-3,11,-2,11,-2,12,-2,13,-5,12,-6,11,-4,10,-3,9,-5"
67.31648802757263,837,"CSI,3362,128,83,49,21,0,-2,-9,-2,-5,-2,-1,-2,0,0,-1,5,1,9,2,10,-1,10,1,9,4,8,3,8,3,10,5,9,7,6,7,6,4,4,2,1,3,0,4,0,1,-2,1,-4,2,-6,2,-7,2,-7,3,-2,0,0,0,0,0,0,0,0,0,0,0,0,0,0,0,0,0,0,0,-2,2,-7,7,-9,5,-9,5,-9,5,-8,2,-7,0,-6,-1,-6,-2,-5,-5,-3,-5,0,-4,2,-4,4,-6,7,-9,6,-11,5,-10,6,-10,6,-10,7,-10,5,-13,3,-15,2,-15,1,-16,-2,-15,-4,-14,-3,-14"
67.41828989982605,838,"CSI,3366,128,83,49,21,0,7,-12,8,-7,8,-4,6,-2,6,1,8,4,12,7,13,10,14,7,14,5,13,3,14,2,12,4,9,6,8,5,9,3,9,3,9,3,7,2,5,0,3,-1,2,1,1,6,0,8,0,9,0,2,0,0,0,0,0,0,0,0,0,0,0,0,0,0,0,0,0,0,-1,-3,-3,-9,-2,-10,-1,-11,0,-11,1,-9,1,-5,0,-3,-1,-5,-2,-4,0,-4,3,-4,4,-2,3,0,5,-1,7,-1,8,1,9,1,10,-1,12,-1,14,-2,12,-6,12,-8,14,-8,13,-10,10,-16,9,-18"
67.47554516792297,839,"CSI,3419,128,83,49,21,0,-5,-15,-2,-17,0,-18,3,-17,7,-17,7,-17,4,-11,0,-5,-1,-4,1,-3,1,-3,1,-3,0,-2,-5,-1,-6,-2,-6,-3,-8,-3,-9,-4,-10,-4,-8,-3,-5,-4,-4,-4,-6,-3,-7,-2,-6,-1,-2,0,0,0,0,0,0,0,0,0,0,0,0,0,0,0,0,0,0,0,0,1,0,5,-2,6,-2,7,-1,7,-2,6,-4,5,-3,4,0,4,2,3,4,2,3,2,3,2,8,2,9,2,8,3,9,4,8,3,6,4,6,7,7,7,7,6,5,2,3,-1,1,-4,-2,-7,-6,-7"
67.62241101264954,840,"CSI,3374,128,83,49,21,0,12,-4,9,-3,3,0,0,0,0,-1,-4,2,-6,5,-3,7,-5,8,-11,8,-12,8,-11,10,-12,10,-11,7,-12,6,-12,6,-9,3,-7,1,-6,-2,-3,-3,-1,-3,-1,-3,-1,-4,0,-5,0,-7,0,-2,0,0,0,0,0,0,0,0,0,0,0,0,0,0,0,0,0,0,-2,-2,-9,-8,-8,-8,-6,-7,-5,-7,-5,-5,-1,-4,1,-4,-1,-3,-3,-2,-1,0,2,3,5,2,4,3,4,5,6,5,9,5,11,6,14,6,16,5,15,4,14,3,12,2,13,0,17,-3,19,-2,19,0"
67.83072900772095,841,"CSI,3382,128,83,49,21,0,4,-5,0,-2,-4,1,-3,2,-4,4,-8,5,-8,9,-7,12,-6,13,-6,13,-7,12,-8,10,-7,9,-6,10,-4,11,-2,11,-3,7,-6,3,-7,2,-5,0,-3,-3,-2,-4,-3,-5,-3,-6,-2,-8,-1,-2,0,0,0,0,0,0,0,0,0,0,0,0,0,0,0,0,0,0,-3,0,-12,2,-10,2,-10,1,-12,-3,-11,-4,-8,-4,-6,-5,-3,-4,-1,-5,0,-4,2,-5,4,-6,8,-4,14,-3,16,-3,16,-3,18,-3,19,-3,18,-4,16,-6,15,-8,15,-9,14,-10,13,-10,11,-7,4,-6"
68.0328619480133,842,"CSI,3390,128,83,49,21,0,-6,-6,-8,-5,-10,-4,-12,-2,-14,-1,-14,-2,-13,1,-9,6,-9,5,-10,1,-10,0,-12,3,-12,6,-10,7,-10,5,-10,4,-7,3,-3,2,-2,0,-1,0,0,-1,2,-4,2,-3,4,-3,7,-3,2,-1,0,0,0,0,0,0,0,0,0,0,0,0,0,0,0,0,0,0,-4,0,-12,2,-12,0,-12,-2,-11,-3,-10,-4,-8,-5,-4,-4,-2,-2,0,0,3,0,7,-3,11,-5,14,-2,16,2,16,3,17,2,20,2,19,3,17,2,16,3,16,3,14,2,12,3,10,3,7,0,6,-4"
68.13952207565308,843,"CSI,3394,128,83,49,21,0,-13,0,-11,0,-9,-1,-9,3,-7,7,-6,8,-10,8,-16,11,-14,14,-11,14,-10,11,-11,10,-13,8,-13,5,-11,4,-10,2,-9,0,-5,-1,-3,-2,-2,-1,-1,-1,0,-1,1,0,4,1,6,3,1,1,0,0,0,0,0,0,0,0,0,0,0,0,0,0,0,0,0,0,0,-3,1,-11,3,-11,5,-11,5,-10,4,-6,4,-3,0,-4,0,-4,1,-2,-2,-3,-6,-5,-10,-7,-13,-8,-15,-7,-15,-7,-16,-11,-17,-15,-15,-15,-10,-14,-7,-13,-8,-11,-9,-10,-12,-10,-12,-9,-12,-7,-16,-6"
68.24165606498718,844,"CSI,3398,128,83,49,21,0,11,-3,6,-3,2,-2,-3,-4,-9,-9,-13,-10,-14,-11,-14,-17,-17,-21,-20,-18,-20,-17,-20,-17,-19,-17,-15,-18,-12,-19,-12,-17,-7,-11,-1,-8,1,-6,0,-2,0,1,-1,1,-1,4,-1,8,-1,10,-1,3,0,0,0,0,0,0,0,0,0,0,0,0,0,0,0,0,0,0,0,2,2,11,1,12,0,13,-1,13,-2,11,-2,10,-3,8,-4,5,-3,2,0,0,4,-2,6,-4,9,-5,11,-5,13,-6,15,-6,16,-6,17,-7,19,-9,22,-7,23,-4,22,-4,21,-7,22,-9,22,-9,21,-11"
68.34302020072937,845,"CSI,3402,128,83,49,21,0,11,15,9,9,4,1,1,-1,1,-3,0,-8,1,-15,3,-21,-1,-22,-5,-22,-3,-22,-2,-22,-2,-21,-1,-21,0,-20,2,-17,2,-16,1,-14,1,-10,2,-6,2,-4,1,-2,-2,0,-3,2,-4,3,-1,0,0,0,0,0,0,0,0,0,0,0,0,0,0,0,0,0,0,0,-3,-1,-12,-3,-13,-5,-13,-9,-12,-10,-11,-9,-11,-7,-11,-8,-11,-9,-9,-9,-7,-8,-6,-4,-5,0,-2,2,1,5,1,7,2,10,5,14,6,16,7,17,8,19,9,20,12,22,13,23,13,24,13,25,12,27"
68.39782619476318,846,"CSI,3455,128,83,49,21,0,2,-10,2,-11,2,-15,3,-17,5,-15,5,-13,2,-9,-3,-6,-4,-5,-1,-4,-1,-3,-2,-2,-4,1,-4,2,-3,3,-6,4,-8,4,-8,3,-9,3,-7,4,-6,5,-6,6,-6,5,-6,3,-7,2,-2,0,0,0,0,0,0,0,0,0,0,0,0,0,0,0,0,0,0,0,-1,-1,-5,-4,-6,-6,-5,-7,-2,-7,-1,-8,-2,-7,-3,-5,-2,-4,-2,-2,-2,0,-2,2,-1,4,-1,6,2,7,3,8,3,7,3,5,2,7,2,10,2,10,2,10,1,8,1,6,0,1,-1,-4,-2,-5"
68.44517683982849,847,"CSI,3406,128,83,49,21,0,-12,-3,-10,1,-9,5,-8,8,-9,9,-10,11,-11,12,-10,13,-12,11,-16,10,-15,11,-11,9,-11,8,-14,8,-14,7,-11,5,-6,0,-4,-1,-4,0,-3,0,-1,0,1,0,3,0,2,1,2,1,0,0,0,0,0,0,0,0,0,0,0,0,0,0,0,0,0,0,0,0,0,-4,0,-15,2,-14,4,-12,4,-11,3,-9,5,-8,5,-8,3,-7,2,-6,0,-5,-5,-5,-8,-5,-10,-5,-14,-6,-17,-7,-19,-7,-20,-9,-20,-13,-20,-13,-19,-12,-16,-13,-13,-16,-13,-16,-13,-14,-13,-12,-13,-7"
68.54615807533264,848,"CSI,3410,128,83,49,21,0,5,4,8,2,11,0,13,-2,13,-2,15,-3,15,-2,10,1,9,2,13,2,14,3,12,3,10,4,9,4,5,5,4,4,4,0,2,-2,1,-1,0,-2,-1,-5,0,-4,-1,-2,0,-2,3,-3,1,-1,0,0,0,0,0,0,0,0,0,0,0,0,0,0,0,0,0,0,-1,1,0,6,0,8,-1,10,-2,11,-4,10,-6,7,-4,6,-2,5,-1,5,2,5,3,6,6,6,7,6,6,8,8,11,13,13,12,13,12,15,13,16,12,14,10,15,9,17,8,16,7,15,6,13,5,10"
68.57415199279785,849,"CSI,912,128,77,-47,20,0,-5,19,-4,17,-5,17,-6,19,-9,17,-9,15,-8,11,-9,5,-8,6,-4,8,-2,6,-1,4,1,2,2,0,3,-2,4,-3,5,-2,8,-1,11,-2,11,-1,9,0,7,0,6,0,5,-1,4,-1,0,-1,0,0,0,0,0,0,0,0,0,0,0,0,0,0,0,0,0,0,1,-1,6,-2,5,-1,5,1,6,2,5,1,4,-1,3,-2,1,-2,0,-3,-1,-2,-4,-1,-5,-3,-6,-4,-8,-4,-10,-5,-10,-5,-8,-5,-6,-6,-6,-8,-8,-11,-9,-9,-7,-5,-5,-3,-3,-2,-3,3,-6,8"
68.60734510421753,850,"CSI,2824,128,77,-47,20,0,-8,-8,-11,-6,-11,-5,-11,-5,-13,-5,-14,-5,-11,-5,-8,-4,-10,-4,-14,-4,-15,-4,-15,-4,-13,-4,-11,-3,-11,-2,-8,0,-7,3,-8,3,-7,2,-5,1,-2,0,-1,0,0,0,1,0,1,1,0,0,0,0,0,0,0,0,0,0,0,0,0,0,0,0,0,0,0,0,3,-1,13,-3,12,-1,12,1,11,3,9,2,6,2,5,1,3,-1,3,-2,3,-5,1,-7,-1,-10,0,-14,2,-16,4,-16,3,-17,3,-19,4,-18,6,-18,6,-19,4,-20,3,-18,2,-17,3,-17,4,-15,2,-15"
68.6406819820404,851,"CSI,2825,128,77,-47,20,0,-8,-13,-8,-11,-9,-9,-11,-6,-12,-3,-16,1,-16,0,-10,-4,-11,-6,-16,-4,-17,-4,-14,-6,-12,-6,-13,-4,-14,-2,-10,-2,-7,-2,-6,-2,-7,-4,-5,-3,-2,-3,0,-3,0,-1,-1,2,-2,3,-1,0,0,0,0,0,0,0,0,0,0,0,0,0,0,0,0,0,0,0,0,-3,4,-10,6,-8,7,-6,8,-4,8,-4,7,-2,5,-1,2,-3,1,-6,2,-5,0,-4,-2,-5,-2,-9,-2,-14,0,-17,0,-17,-2,-16,-4,-17,-5,-19,-6,-21,-4,-20,-1,-20,0,-20,-2,-20,-4,-20,-3,-18"
68.6728789806366,852,"CSI,3414,128,83,49,21,0,2,-13,-3,-13,-2,-10,-2,-7,-4,-7,-6,-9,-10,-12,-16,-13,-16,-11,-12,-8,-9,-8,-7,-13,-5,-13,-3,-11,-3,-10,-3,-10,-2,-8,-2,-7,-2,-7,-1,-5,-3,-3,-3,-3,-2,-2,-1,2,-4,5,-2,1,0,0,0,0,0,0,0,0,0,0,0,0,0,0,0,0,0,0,2,-1,11,-3,14,-1,13,3,9,6,8,5,6,4,4,3,3,1,2,-1,2,-3,4,-6,6,-9,7,-10,8,-12,10,-13,11,-11,12,-9,13,-11,13,-15,15,-16,15,-14,13,-10,12,-7,13,-9,14,-14,12,-15"
68.85542106628418,853,"CSI,3422,128,83,49,21,0,-6,-9,-5,-5,-3,0,1,3,3,5,0,11,-4,14,-8,13,-8,16,-5,20,-5,19,-6,17,-6,15,-6,14,-6,13,-3,11,-2,9,-3,6,-3,4,-2,3,-3,1,-2,-2,1,-4,1,-5,0,-7,0,-2,0,0,0,0,0,0,0,0,0,0,0,0,0,0,0,0,0,0,2,-1,11,-1,10,1,9,2,9,3,7,4,7,5,5,6,1,2,0,-2,2,-4,2,-4,-3,-7,-6,-10,-7,-12,-9,-13,-10,-17,-12,-21,-12,-20,-12,-18,-14,-19,-15,-20,-13,-20,-12,-20,-14,-21,-15,-19,-15,-15"
68.95573902130127,854,"CSI,3426,128,83,49,21,0,12,-3,9,-3,5,-4,1,-5,-1,-9,-3,-13,-5,-12,-7,-8,-6,-11,-4,-15,-4,-16,-5,-16,-6,-15,-6,-14,-6,-13,-4,-11,-1,-8,0,-6,0,-7,1,-6,2,-3,1,-1,-1,-1,-1,2,0,4,0,1,0,0,0,0,0,0,0,0,0,0,0,0,0,0,0,0,0,0,-2,2,-8,9,-8,10,-11,9,-13,8,-8,7,-4,4,-2,2,-2,1,-1,3,1,4,4,3,5,3,6,4,7,3,9,4,14,7,18,8,18,6,18,7,22,6,24,8,23,11,20,10,18,6,18,4,18,7"
69.05985689163208,855,"CSI,3430,128,83,49,21,0,6,-5,3,-7,2,-6,-1,-5,-5,-5,-7,-6,-12,-7,-14,-7,-10,-8,-7,-9,-6,-10,-6,-11,-5,-9,-4,-9,-3,-11,-2,-9,-2,-5,-2,-2,-2,-2,-2,-1,-1,1,0,2,-1,3,-3,3,-5,4,-2,1,0,0,0,0,0,0,0,0,0,0,0,0,0,0,0,0,0,0,2,-1,10,-1,12,-1,12,1,10,3,8,2,8,1,9,0,9,-2,9,-4,8,-5,6,-6,6,-7,8,-7,8,-10,6,-14,7,-16,9,-16,11,-15,12,-15,11,-15,12,-16,13,-15,14,-14,14,-14,14,-15,14,-15"
69.32030701637268,856,"CSI,3489,128,83,49,21,0,-10,-9,-10,-8,-8,-5,-4,-2,-3,3,-4,5,-3,2,1,-1,-2,4,-4,8,-5,7,-6,6,-5,6,-2,6,-2,7,-3,7,-5,6,-4,5,-2,4,1,3,1,2,1,0,4,-2,5,-2,5,-3,1,-1,0,0,0,0,0,0,0,0,0,0,0,0,0,0,0,0,0,0,0,-1,3,-2,3,-3,3,-5,1,-7,-1,-8,2,-8,7,-7,7,-6,5,-7,4,-6,6,-6,6,-7,4,-6,3,-4,4,-5,1,-4,0,-4,-3,-5,-7,-7,-9,-8,-10,-8,-10,-7,-11,-5,-13,-3,-14,-5,-17,-9"
69.42105412483215,857,"CSI,3492,128,83,49,21,0,6,-8,4,-6,5,-4,3,-4,0,-4,-2,-3,-2,-3,-2,-4,-3,-5,-5,-3,-7,-5,-9,-10,-7,-11,-6,-6,-5,-5,-6,-8,-7,-6,-8,-3,-5,-2,-1,0,0,1,-1,1,-1,1,-3,1,-4,1,-1,0,0,0,0,0,0,0,0,0,0,0,0,0,0,0,0,0,0,0,0,0,2,1,2,-1,3,1,4,2,4,0,6,0,6,1,5,1,4,2,5,2,7,0,10,-1,9,1,6,3,3,3,3,1,4,-1,3,-3,1,-5,0,-6,2,-6,4,-8,6,-12,6,-14,5,-13,6,-14"
69.47050499916077,858,"CSI,3446,128,83,49,21,0,-8,-6,-7,-2,-7,2,-7,6,-9,7,-11,7,-12,4,-11,0,-11,1,-12,6,-12,7,-13,6,-11,4,-10,0,-10,-1,-8,2,-6,4,-5,2,-5,-1,-4,-1,-1,0,0,2,1,3,2,4,1,3,0,0,0,0,0,0,0,0,0,0,0,0,0,0,0,0,0,0,0,0,0,-3,0,-12,3,-13,7,-13,8,-11,5,-9,3,-7,4,-5,3,-6,2,-7,0,-7,-2,-6,-4,-6,-6,-8,-10,-12,-12,-13,-12,-13,-11,-13,-10,-15,-12,-16,-15,-14,-15,-15,-12,-17,-9,-16,-8,-15,-9,-15,-10,-13"
69.56953310966492,859,"CSI,3450,128,83,49,21,0,2,6,3,3,4,-2,2,-6,4,-8,5,-9,7,-14,10,-21,9,-21,6,-18,4,-17,6,-14,6,-11,5,-10,5,-9,3,-6,3,-3,3,-3,2,-3,1,-1,1,0,0,0,-3,1,-6,4,-6,6,-2,1,0,0,0,0,0,0,0,0,0,0,0,0,0,0,0,0,0,0,-2,-1,-8,-2,-11,-2,-13,-2,-13,-2,-12,-3,-9,-3,-8,-3,-6,-3,-5,-1,-3,3,0,6,3,6,5,5,6,6,7,10,8,17,7,20,5,18,6,18,7,19,5,19,4,20,3,19,5,16,6,14,5,17"
69.67275023460388,860,"CSI,3454,128,83,49,21,0,-11,3,-6,5,-2,7,0,9,2,9,3,11,4,13,6,18,5,20,2,16,-1,13,-5,13,-5,14,-4,13,-5,9,-6,6,-5,7,-2,6,0,3,2,2,4,2,3,1,3,1,3,-2,4,-4,1,-2,0,0,0,0,0,0,0,0,0,0,0,0,0,0,0,0,0,0,-4,0,-15,2,-12,-2,-11,-5,-11,-5,-10,-6,-9,-6,-8,-4,-6,-4,-5,-4,-5,-3,-7,-2,-7,0,-5,2,-6,5,-8,8,-10,9,-12,9,-14,10,-15,10,-17,8,-20,8,-21,9,-22,6,-23,4,-22,6,-18,8"
69.88024091720581,861,"CSI,3462,128,83,49,21,0,-10,-6,-8,-4,-6,1,-4,5,-3,8,-4,11,-8,12,-14,12,-17,15,-14,18,-10,17,-10,14,-11,10,-8,8,-6,8,-7,7,-7,6,-4,5,-1,2,1,0,2,0,2,1,3,1,3,0,6,-1,1,-1,0,0,0,0,0,0,0,0,0,0,0,0,0,0,0,0,0,0,1,-2,8,-8,10,-9,10,-10,11,-9,11,-7,10,-6,8,-3,6,-3,5,-2,5,-3,3,-8,-1,-10,-4,-9,-6,-10,-6,-11,-7,-11,-11,-12,-14,-14,-14,-15,-17,-16,-19,-18,-18,-19,-15,-19,-11,-17,-9,-18,-8,-21"
69.97929906845093,862,"CSI,3466,128,83,49,21,0,14,-3,11,-4,9,-6,4,-8,-1,-10,-2,-12,-2,-13,-4,-13,-3,-14,1,-16,4,-18,5,-17,5,-15,2,-13,2,-9,4,-8,3,-6,1,-4,1,-5,-2,-5,-5,-2,-6,2,-4,0,-3,-3,-5,-1,-2,0,0,0,0,0,0,0,0,0,0,0,0,0,0,0,0,0,0,0,1,1,6,7,7,9,8,9,8,11,6,12,2,9,-1,7,0,6,3,4,5,3,6,2,7,2,8,1,8,-2,11,-3,14,-2,15,-2,16,-1,19,-2,20,-3,21,-1,20,1,18,2,18,1,20,2,21,3"
70.08253192901611,863,"CSI,3470,128,83,49,21,0,-1,-11,-2,-5,-5,0,-5,3,-4,7,-4,9,-5,14,-5,19,-6,19,-10,17,-11,16,-11,15,-12,13,-12,11,-11,11,-11,9,-9,7,-6,5,-3,2,-1,-1,-1,-3,1,-4,3,-2,5,-3,7,-4,2,-2,0,0,0,0,0,0,0,0,0,0,0,0,0,0,0,0,0,0,2,1,9,4,8,4,6,5,7,7,7,7,6,7,5,5,4,4,3,4,2,4,-1,2,-1,-1,0,-4,1,-8,3,-11,3,-14,2,-15,0,-16,0,-19,0,-20,-2,-20,-2,-22,-1,-22,-2,-24,-4,-24,-5,-21"
70.18606400489807,864,"CSI,3474,128,83,49,21,0,8,-7,5,-8,1,-4,-5,0,-9,0,-12,-2,-15,-6,-14,-11,-16,-12,-21,-10,-19,-9,-18,-10,-19,-11,-16,-12,-12,-12,-10,-10,-7,-6,-5,-4,-3,-3,-1,-2,-1,-1,1,2,2,4,2,4,3,4,0,1,0,0,0,0,0,0,0,0,0,0,0,0,0,0,0,0,0,0,0,2,2,10,1,9,1,9,1,11,-1,11,-3,10,-2,10,-1,8,0,3,0,3,1,4,4,2,6,-2,7,-3,8,-3,10,-6,12,-6,16,-7,18,-8,17,-7,17,-7,17,-9,17,-10,20,-11,20,-12,17,-13"
70.28535509109497,865,"CSI,3478,128,83,49,21,0,8,13,7,8,7,3,8,0,9,-3,12,-6,13,-6,11,-2,15,0,23,-2,24,-4,21,-3,18,0,14,3,13,4,13,3,10,2,8,2,6,3,3,3,0,0,-1,-3,-2,-5,-2,-7,-1,-6,0,-2,0,0,0,0,0,0,0,0,0,0,0,0,0,0,0,0,0,0,1,1,5,7,1,8,0,9,0,9,0,7,-1,7,-3,8,-3,8,-1,6,2,4,6,5,7,6,10,7,13,7,13,6,13,7,13,10,14,14,16,15,14,11,12,12,15,15,17,18,15,18,15,15,15,12"
70.391037940979,866,"CSI,3482,128,83,49,21,0,-11,1,-8,6,-6,10,-1,11,2,12,3,13,0,13,-3,15,-3,16,-2,17,-2,16,-2,14,-2,12,-2,10,-2,9,-3,7,-2,3,0,1,2,2,2,3,3,2,6,0,6,-1,4,-1,2,-4,0,-2,0,0,0,0,0,0,0,0,0,0,0,0,0,0,0,0,0,0,-1,-4,-3,-12,-2,-13,1,-14,3,-12,3,-10,2,-7,2,-4,2,-3,-2,-3,-6,-4,-8,-3,-8,-1,-11,0,-15,0,-18,-1,-20,-4,-19,-5,-20,-6,-21,-6,-20,-4,-20,-5,-20,-6,-19,-7,-19,-6,-16,-3,-11,0"
70.49396014213562,867,"CSI,3486,128,83,49,21,0,2,-8,-4,-8,-8,-10,-9,-10,-11,-11,-13,-10,-12,-10,-10,-10,-13,-12,-17,-14,-16,-13,-15,-12,-14,-9,-10,-8,-9,-9,-9,-6,-7,-3,-6,-1,-5,-1,-4,1,-5,4,-4,3,-2,1,0,2,0,4,0,1,0,0,0,0,0,0,0,0,0,0,0,0,0,0,0,0,0,0,3,0,12,3,11,5,9,6,9,6,7,7,3,6,1,2,1,0,1,1,1,0,3,-3,5,-5,6,-8,7,-14,10,-18,12,-18,12,-16,11,-16,12,-17,15,-16,16,-14,15,-14,13,-14,10,-13,7,-12,4,-10"
70.59552812576294,868,"CSI,3490,128,83,49,21,0,-7,-5,-5,0,-3,4,-2,7,-2,10,-1,14,-1,15,0,11,-2,11,-4,16,-2,18,0,20,-2,19,-4,15,-3,14,-3,12,-5,8,-4,3,-2,-1,1,-3,2,-3,2,-2,3,-4,3,-7,2,-7,0,-2,0,0,0,0,0,0,0,0,0,0,0,0,0,0,0,0,0,0,3,-1,12,-1,9,0,10,3,13,3,11,3,7,3,4,3,2,2,1,-1,0,-3,0,-4,-2,-7,-4,-10,-7,-11,-9,-15,-8,-19,-7,-20,-6,-20,-7,-22,-9,-23,-8,-22,-7,-21,-6,-19,-6,-17,-7,-16,-10,-16"
70.69699788093567,869,"CSI,3494,128,83,49,21,0,-5,2,-2,5,0,7,3,9,6,11,9,14,10,14,11,14,9,15,5,16,3,15,3,14,4,11,6,9,5,9,4,7,3,4,2,2,2,1,2,-1,1,-2,2,-3,1,-3,1,-2,2,-5,0,-2,0,0,0,0,0,0,0,0,0,0,0,0,0,0,0,0,0,0,0,-2,3,-8,5,-9,7,-10,7,-10,7,-9,9,-8,10,-5,7,-3,3,-2,0,-3,-3,-4,-5,-2,-7,-2,-8,-4,-11,-6,-14,-9,-17,-10,-18,-8,-19,-9,-21,-11,-23,-11,-23,-12,-19,-12,-15,-9,-15,-6,-17,-4"
70.75629806518555,870,"CSI,3545,128,83,49,21,0,0,-22,1,-20,0,-15,-1,-10,-2,-6,-3,-4,-5,-4,-5,-6,-9,-5,-13,-3,-15,-2,-15,-3,-16,-3,-15,-4,-13,-4,-10,-4,-7,-4,-6,-4,-5,-4,-1,-3,0,-2,-1,-1,-2,-1,-2,-2,-1,-2,-1,-1,0,0,0,0,0,0,0,0,0,0,0,0,0,0,0,0,0,0,1,1,6,6,5,3,5,0,6,-1,5,-2,5,-2,6,-2,8,-2,10,-2,11,-3,11,-5,10,-5,10,-2,10,0,8,-3,4,-6,1,-6,-2,-7,-6,-8,-9,-10,-9,-12,-7,-15,-6,-18,-6,-21,-6,-24,-5,-24"
70.80129599571228,871,"CSI,3498,128,83,49,21,0,0,-8,-2,-10,-7,-11,-11,-9,-14,-6,-14,-4,-14,-1,-16,2,-17,-1,-19,-6,-18,-10,-16,-12,-14,-11,-11,-10,-8,-7,-7,-3,-5,-2,-2,-2,-2,-1,-3,2,-4,2,-4,2,-3,3,-4,5,-7,7,-2,2,0,0,0,0,0,0,0,0,0,0,0,0,0,0,0,0,0,0,2,-2,10,-5,10,-5,10,-5,11,-4,9,-2,5,0,5,0,5,0,4,0,2,-2,-1,-6,-1,-9,1,-10,1,-13,3,-17,4,-18,5,-19,3,-20,3,-21,7,-20,9,-19,7,-18,7,-17,8,-19,4,-19,0,-18"
70.85435199737549,872,"CSI,3549,128,83,49,21,0,2,-15,3,-12,5,-9,1,-6,-4,-2,-6,0,-4,-1,0,0,-2,2,-8,4,-12,5,-13,4,-12,4,-10,3,-8,4,-7,5,-5,3,-3,1,-3,0,-5,-2,-2,-2,1,-1,2,-1,1,-1,2,-1,0,0,0,0,0,0,0,0,0,0,0,0,0,0,0,0,0,0,0,0,0,0,0,1,0,2,-2,1,-3,0,0,4,2,9,2,9,3,7,4,7,5,9,6,10,4,9,4,8,5,7,3,4,2,1,2,-1,4,-5,5,-8,4,-10,2,-13,4,-14,7,-16,9,-20,9,-20,11,-19"
70.90406727790833,873,"CSI,3502,128,83,49,21,0,-6,-10,-6,-5,-4,-3,-3,0,-4,4,-2,10,-1,13,-6,12,-7,16,-6,21,-5,21,-7,18,-9,18,-8,17,-7,14,-6,10,-5,5,-4,3,-2,3,-2,2,0,-1,2,-4,4,-5,5,-6,5,-7,1,-2,0,0,0,0,0,0,0,0,0,0,0,0,0,0,0,0,0,0,2,0,11,3,10,3,10,4,10,6,11,7,10,6,9,4,8,4,7,4,4,3,2,-1,-1,-6,-1,-9,1,-10,-2,-11,-5,-15,-5,-19,-3,-20,-1,-20,1,-20,-1,-20,-3,-20,-5,-22,-7,-23,-5,-23,-3,-21"
70.93335819244385,874,"CSI,2826,128,77,-47,20,0,-12,6,-6,4,0,4,6,2,11,-2,15,-6,15,-8,12,-10,13,-9,16,-4,19,-1,20,-1,18,-2,15,-3,14,-2,13,-1,11,-1,6,1,1,0,-2,-2,-4,-2,-5,-2,-6,-2,-8,-1,-9,0,-3,0,0,0,0,0,0,0,0,0,0,0,0,0,0,0,0,0,0,0,0,-3,3,-9,6,-9,6,-10,7,-9,9,-8,9,-6,6,-6,6,-4,6,-3,4,-2,0,1,-4,1,-7,0,-11,1,-14,1,-17,2,-18,4,-16,6,-18,6,-19,3,-21,3,-21,3,-22,4,-22,5,-22,7,-22,8"
71.00203204154968,875,"CSI,3506,128,83,49,21,0,-9,1,-7,3,-6,7,-5,11,-4,13,-2,14,-3,16,-5,14,-6,15,-7,16,-7,15,-4,13,-4,12,-5,9,-3,5,-1,3,0,1,2,1,2,2,0,2,0,-1,2,-3,3,-3,3,-5,2,-6,0,-2,0,0,0,0,0,0,0,0,0,0,0,0,0,0,0,0,0,0,2,1,7,6,8,6,9,7,8,9,6,11,3,8,1,3,1,0,1,-1,0,-3,-1,-7,-1,-9,0,-11,0,-15,1,-20,0,-21,-1,-20,0,-20,1,-21,1,-20,0,-19,-1,-18,-1,-15,-2,-12,-4,-7,-4,-4"
71.05801916122437,876,"CSI,3557,128,83,49,21,0,-6,16,-6,14,-7,10,-5,6,-2,6,2,8,3,6,0,3,-3,7,-2,10,-1,11,-1,11,-2,11,-4,10,-5,9,-3,8,0,8,1,6,1,4,1,1,-1,-1,-3,-1,-1,1,2,2,2,3,0,0,0,0,0,0,0,0,0,0,0,0,0,0,0,0,0,0,0,0,0,0,1,0,1,1,0,4,1,6,3,7,1,7,-2,7,-3,8,-3,9,-3,9,-3,7,-4,5,-6,4,-5,5,-2,7,0,5,1,1,5,3,8,6,8,6,7,7,4,11,5,14,4,17,2,21,1,23"
71.10523509979248,877,"CSI,3510,128,83,49,21,0,-1,12,2,11,5,11,8,13,10,16,9,15,8,16,8,20,8,20,7,19,6,19,4,15,1,11,-2,10,-2,11,-2,8,0,5,4,4,5,4,5,3,4,1,3,1,3,3,3,3,2,4,0,1,0,0,0,0,0,0,0,0,0,0,0,0,0,0,0,0,0,0,-2,0,-6,4,-7,7,-8,7,-9,5,-8,3,-7,2,-5,1,-5,3,-5,3,-3,4,-2,5,-2,9,0,11,-2,12,-4,14,-4,17,-4,19,-6,19,-9,20,-10,20,-12,19,-12,18,-10,18,-9,19,-8,19,-6,19"
71.20918798446655,878,"CSI,3514,128,83,49,21,0,-11,4,-7,6,-4,8,-1,10,1,12,2,13,4,13,6,10,4,9,2,12,1,14,-1,14,-2,11,-1,7,-1,4,0,3,0,1,0,-1,2,-1,3,-2,3,-4,3,-5,4,-6,5,-5,4,-4,1,-1,0,0,0,0,0,0,0,0,0,0,0,0,0,0,0,0,0,0,0,-3,3,-10,3,-10,3,-9,4,-7,2,-6,2,-6,3,-3,1,-1,-3,1,-6,2,-8,2,-11,2,-14,-1,-15,-2,-15,-2,-16,-2,-18,-4,-20,-7,-21,-8,-19,-7,-15,-4,-14,-1,-15,-1,-14,-2,-12,-1,-11,1"
71.31159210205078,879,"CSI,3518,128,83,49,21,0,2,3,4,-1,5,-5,6,-6,9,-6,10,-9,7,-9,5,-4,9,-4,15,-8,16,-11,14,-11,10,-10,8,-8,7,-7,7,-5,5,-3,2,-3,-1,-2,-4,0,-4,0,-4,0,-5,0,-5,1,-5,2,-2,0,0,0,0,0,0,0,0,0,0,0,0,0,0,0,0,0,0,0,-1,-2,-2,-8,-2,-10,-1,-12,0,-11,-1,-9,-1,-7,0,-6,2,-6,4,-2,5,3,5,6,1,8,-2,11,-4,13,-6,14,-8,16,-9,16,-9,15,-10,15,-12,16,-11,15,-9,14,-6,12,-5,10,-6,10,-4,11"
71.41303706169128,880,"CSI,3522,128,83,49,21,0,-3,-9,-5,-6,-6,-2,-7,2,-10,1,-11,-3,-11,1,-10,8,-11,7,-12,4,-12,4,-13,5,-11,4,-10,2,-10,2,-10,3,-7,3,-2,3,0,1,2,2,3,3,3,2,3,3,5,4,5,3,1,0,0,0,0,0,0,0,0,0,0,0,0,0,0,0,0,0,0,0,3,0,12,3,10,4,9,4,6,2,4,2,3,3,2,2,1,-1,2,-2,0,-4,-2,-6,-1,-8,-1,-10,-1,-12,1,-13,2,-15,2,-14,1,-15,2,-19,3,-20,2,-18,1,-16,1,-14,1,-12,2,-11,3,-9"
71.72088408470154,881,"CSI,3533,128,83,49,21,0,-10,9,-8,5,-5,2,-2,-2,-2,-5,-5,-5,-6,-6,-5,-8,-4,-10,-5,-12,-6,-14,-6,-14,-7,-13,-6,-11,-5,-11,-6,-11,-5,-9,-1,-6,-1,-6,-3,-4,-3,-3,-1,-2,0,-3,1,-4,3,-2,1,0,0,0,0,0,0,0,0,0,0,0,0,0,0,0,0,0,0,0,1,1,8,4,9,5,8,5,7,5,5,7,3,8,1,6,1,3,-1,3,-2,5,-2,9,-4,9,-6,7,-7,5,-7,3,-8,2,-9,1,-11,2,-14,2,-18,3,-16,5,-13,5,-14,7,-17,9,-17,10,-14,10"
71.8232729434967,882,"CSI,3537,128,83,49,21,0,-1,-9,1,-8,3,-5,3,-3,5,-3,7,-1,10,-2,12,-6,11,-5,9,-2,9,-1,9,-1,9,-3,10,-4,10,-5,7,-7,4,-6,2,-4,1,-2,1,0,1,-2,1,-2,0,1,0,5,2,6,0,1,0,0,0,0,0,0,0,0,0,0,0,0,0,0,0,0,0,0,-2,0,-7,2,-7,0,-7,-2,-7,-2,-6,-3,-5,-5,-5,-7,-5,-9,-3,-10,-1,-8,-1,-8,-2,-11,0,-11,2,-11,1,-11,0,-11,1,-10,3,-11,6,-13,6,-13,5,-13,4,-14,4,-14,4,-15,2,-15,-1,-12"
71.92480206489563,883,"CSI,3541,128,83,49,21,0,11,0,7,0,2,4,-1,7,-6,8,-10,9,-11,7,-12,6,-14,9,-13,12,-10,12,-10,14,-9,13,-5,10,-3,9,-3,7,-4,4,-4,1,-3,-2,-1,-4,0,-3,0,-6,0,-9,0,-8,-2,-7,-1,-2,0,0,0,0,0,0,0,0,0,0,0,0,0,0,0,0,0,0,-1,-2,-4,-8,-5,-10,-3,-11,-1,-9,0,-6,1,-6,3,-6,3,-4,2,-2,4,-3,4,-2,3,2,4,4,6,8,6,9,8,8,12,8,13,6,12,5,15,7,18,8,18,8,18,8,17,6,17,6,17,6"
72.02699089050293,884,"CSI,3545,128,83,49,21,0,7,-3,5,-6,6,-11,5,-16,4,-16,4,-15,6,-19,9,-23,9,-21,6,-17,5,-15,7,-12,6,-11,4,-10,3,-7,3,-5,2,-4,-1,-1,-4,0,-8,-1,-7,-1,-4,0,-5,0,-7,0,-9,0,-3,0,0,0,0,0,0,0,0,0,0,0,0,0,0,0,0,0,0,0,-3,0,-12,3,-12,3,-10,2,-8,3,-7,2,-4,1,-1,2,-1,2,0,2,4,4,9,9,8,13,6,14,8,15,9,16,7,16,6,14,6,13,7,15,8,17,9,18,8,15,4,12,2,11,2,11,2,9"
72.18808102607727,885,"CSI,3600,128,83,49,21,0,11,-7,10,-5,8,-5,1,-4,-4,-1,-6,-1,-5,-4,-2,-6,-5,-4,-11,-2,-12,-1,-11,0,-11,0,-10,-3,-7,-5,-5,-3,-4,1,-5,1,-6,1,-3,2,1,1,3,0,3,-1,1,1,0,1,0,0,0,0,0,0,0,0,0,0,0,0,0,0,0,0,0,0,0,0,0,-1,0,-2,-1,1,-4,4,-7,6,-9,9,-8,10,-5,11,-5,11,-5,9,-7,9,-8,12,-7,13,-5,11,-5,7,-3,3,-2,2,-1,-1,4,-5,9,-6,11,-5,12,-7,14,-11,16,-14,18,-16,18,-14,16,-11"
72.33627390861511,886,"CSI,3557,128,83,49,21,0,-3,1,-2,2,2,6,6,10,5,13,4,14,6,15,7,18,6,16,4,13,3,12,2,10,1,10,0,10,0,9,-1,7,-2,5,-2,1,0,-1,2,0,1,-1,0,-1,0,-2,1,-5,1,-6,0,-2,0,0,0,0,0,0,0,0,0,0,0,0,0,0,0,0,0,0,2,-1,9,-4,9,-6,8,-6,8,-4,8,-3,6,-3,6,-4,5,-5,2,-6,-3,-6,-7,-5,-9,-4,-11,-6,-12,-8,-13,-10,-13,-11,-13,-11,-13,-12,-15,-12,-15,-11,-14,-11,-12,-11,-13,-11,-13,-10,-11,-9,-7,-6"
72.43506598472595,887,"CSI,3561,128,83,49,21,0,12,8,13,6,11,4,10,2,14,4,16,4,17,5,18,10,17,9,16,6,14,5,11,4,9,5,8,6,5,5,4,5,5,3,5,0,4,-1,1,-1,0,-1,-1,-3,-2,-3,0,-3,3,-6,1,-2,0,0,0,0,0,0,0,0,0,0,0,0,0,0,0,0,0,0,-2,2,-7,8,-7,10,-7,10,-7,8,-5,8,-3,9,-2,8,1,6,3,5,4,8,5,11,6,13,8,13,10,14,8,15,6,18,5,21,2,21,1,20,4,20,6,21,4,20,2,17,3,13,6,13,7,14"
72.546138048172,888,"CSI,3565,128,83,49,21,0,-15,-13,-16,-11,-17,-10,-16,-9,-17,-7,-20,-6,-23,-3,-22,1,-20,1,-18,-2,-17,-5,-17,-7,-19,-8,-17,-8,-14,-9,-11,-5,-11,-1,-10,-1,-8,-1,-4,2,-4,5,-5,5,-5,6,-6,6,-9,5,-3,1,0,0,0,0,0,0,0,0,0,0,0,0,0,0,0,0,0,0,-1,-3,-5,-10,-8,-11,-10,-13,-8,-13,-4,-11,-3,-9,-4,-9,-5,-7,-7,-7,-8,-7,-10,-7,-11,-6,-12,-6,-16,-7,-17,-11,-18,-14,-20,-14,-22,-14,-21,-17,-20,-19,-19,-19,-19,-20,-18,-19,-18,-18,-19,-19,-18,-21"
72.64712905883789,889,"CSI,3569,128,83,49,21,0,-15,-11,-15,-5,-15,0,-15,3,-15,5,-16,7,-17,12,-17,16,-18,15,-18,10,-18,7,-18,4,-17,0,-16,-3,-13,-2,-11,-3,-10,-4,-8,-3,-6,0,-5,2,-3,3,0,4,-1,5,-2,5,-2,7,-1,2,0,0,0,0,0,0,0,0,0,0,0,0,0,0,0,0,0,0,-2,-2,-6,-7,-6,-6,-7,-8,-8,-9,-8,-8,-8,-6,-9,-5,-10,-5,-10,-4,-10,-4,-10,-5,-13,-4,-18,-3,-20,-3,-20,-3,-22,-3,-23,-7,-24,-10,-24,-9,-25,-10,-24,-13,-22,-14,-22,-15,-23,-15,-23,-12,-22,-10"
72.7446641921997,890,"CSI,3573,128,83,49,21,0,13,-2,10,-3,3,-7,-2,-10,-5,-13,-2,-16,1,-17,-1,-16,0,-17,3,-19,4,-21,2,-21,1,-17,1,-13,1,-11,1,-11,0,-10,-1,-8,-3,-6,-3,-5,-4,-3,-6,-3,-5,-2,-4,-1,-7,0,-3,0,0,0,0,0,0,0,0,0,0,0,0,0,0,0,0,0,0,0,0,2,0,9,0,10,1,12,2,13,0,12,-2,12,-2,10,-1,6,1,5,2,3,4,1,6,0,8,-1,10,-1,12,-1,16,-1,19,0,20,1,21,1,22,2,24,3,26,5,26,7,24,8,22,6,21,4"
72.84695601463318,891,"CSI,3577,128,83,49,21,0,15,1,12,-2,6,-6,2,-11,2,-15,0,-19,-2,-17,-1,-13,-1,-17,-2,-22,-3,-22,-3,-21,-2,-19,0,-16,1,-14,1,-11,1,-11,2,-9,2,-5,-1,-2,-4,-1,-5,-1,-5,0,-6,1,-8,3,-3,1,0,0,0,0,0,0,0,0,0,0,0,0,0,0,0,0,0,0,1,2,4,11,3,11,1,12,-3,13,-5,13,-2,13,0,10,-2,6,0,5,3,6,3,4,4,2,7,0,11,1,16,0,19,0,20,3,23,3,25,2,24,2,26,1,29,1,26,3,24,3,24,4,25,6"
72.95067310333252,892,"CSI,3581,128,83,49,21,0,-5,11,-2,11,2,11,7,12,10,14,10,14,6,14,2,13,4,13,9,14,11,16,12,16,11,12,9,9,7,7,8,6,9,7,7,5,5,4,4,5,2,3,1,0,2,-1,3,-1,3,-2,0,-1,0,0,0,0,0,0,0,0,0,0,0,0,0,0,0,0,0,0,-3,-2,-12,-7,-13,-7,-10,-7,-9,-7,-10,-7,-9,-8,-8,-8,-7,-6,-8,-4,-6,-1,-4,2,-5,6,-6,10,-7,12,-9,14,-11,13,-15,14,-17,16,-19,17,-20,18,-20,17,-21,17,-19,18,-18,19,-20,17,-21,13"
73.05204701423645,893,"CSI,3585,128,83,49,21,0,11,3,11,-2,10,-8,8,-11,6,-13,6,-14,5,-17,1,-21,-1,-22,-1,-21,1,-20,4,-19,8,-19,9,-20,9,-20,9,-16,10,-11,9,-9,5,-5,2,-3,1,-3,-1,-2,-3,1,-5,2,-7,3,-2,0,0,0,0,0,0,0,0,0,0,0,0,0,0,0,0,0,0,0,-1,2,-3,9,-4,11,-6,12,-8,10,-8,8,-8,8,-8,8,-7,7,-9,5,-7,4,-2,2,1,1,5,2,8,3,11,2,15,2,16,4,19,8,21,8,23,8,22,10,21,11,21,12,21,14,20,12,18,7"
73.25848722457886,894,"CSI,3593,128,83,49,21,0,-12,13,-10,10,-4,7,3,6,7,5,11,4,15,5,20,9,24,9,25,6,24,7,22,9,20,10,19,9,15,7,13,6,11,5,7,5,4,5,5,3,6,1,3,-1,1,-4,-1,-5,-3,-6,-1,-2,0,0,0,0,0,0,0,0,0,0,0,0,0,0,0,0,0,0,-2,-2,-6,-7,-8,-8,-8,-8,-9,-8,-10,-9,-7,-11,-6,-12,-6,-11,-7,-11,-5,-10,-3,-8,-3,-5,-4,1,-5,7,-9,11,-11,12,-12,13,-16,16,-20,18,-21,20,-22,21,-24,22,-25,22,-26,22,-24,22,-23,20"
73.3639440536499,895,"CSI,3597,128,83,49,21,0,-22,-9,-19,-5,-15,2,-12,6,-12,9,-12,15,-13,20,-18,23,-20,24,-17,24,-16,18,-17,14,-19,15,-21,16,-20,13,-17,11,-13,10,-12,8,-9,5,-6,4,-3,3,-2,5,-3,4,0,4,4,5,1,1,0,0,0,0,0,0,0,0,0,0,0,0,0,0,0,0,0,0,-3,-2,-8,-8,-7,-10,-4,-12,-4,-14,-4,-15,-5,-15,-4,-13,-3,-14,-2,-12,-2,-7,-3,-7,-5,-9,-8,-8,-10,-6,-13,-5,-21,-6,-25,-8,-26,-7,-29,-7,-30,-8,-29,-9,-30,-10,-33,-9,-35,-10,-33,-14,-31,-14"
73.42753481864929,896,"CSI,2827,128,77,-47,20,0,-18,-3,-14,1,-11,6,-8,9,-6,14,-7,18,-12,17,-16,16,-17,17,-14,19,-13,20,-16,21,-17,19,-15,15,-13,12,-12,9,-9,8,-8,8,-8,6,-8,6,-6,5,-3,5,-2,4,-1,2,0,2,0,0,0,0,0,0,0,0,0,0,0,0,0,0,0,0,0,0,0,0,-4,-2,-13,-5,-14,-6,-13,-8,-10,-9,-10,-9,-11,-9,-8,-9,-5,-8,-7,-7,-8,-7,-6,-7,-8,-5,-8,-2,-8,1,-14,2,-19,3,-21,4,-24,3,-27,1,-27,3,-28,5,-29,3,-31,-1,-33,-1,-32,2,-26,1"
73.46060085296631,897,"CSI,3601,128,83,49,21,0,-2,17,1,15,4,11,7,7,10,4,14,1,19,1,25,3,25,4,23,5,20,7,18,8,18,9,15,10,12,10,11,9,9,7,8,4,9,1,8,1,7,0,6,-1,7,-2,6,-4,6,-4,1,-1,0,0,0,0,0,0,0,0,0,0,0,0,0,0,0,0,0,0,-2,2,-8,7,-9,5,-11,4,-11,5,-10,6,-10,5,-11,3,-11,3,-8,3,-5,4,-5,5,-4,,23,1,24,0,25,-1,24,-1,25,-3,28,-5,31,-4,32,-4,30"
73.56496381759644,898,"CSI,3605,128,83,49,21,0,-15,6,-10,6,-6,8,-1,8,3,7,6,9,9,14,14,20,15,21,13,19,11,17,9,15,8,16,6,16,3,14,2,10,1,7,-1,4,1,0,4,-3,3,-4,2,-5,3,-5,4,-4,4,-4,1,-2,0,0,0,0,0,0,0,0,0,0,0,0,0,0,0,0,0,0,-2,-3,-7,-9,-6,-9,-7,-8,-7,-9,-5,-10,-5,-9,-6,-9,-6,-9,-5,-8,-7,-6,-9,-4,-10,-1,-11,2,-12,2,-12,2,-14,6,-14,9,-15,9,-18,8,-23,10,-26,12,-26,12,-25,10,-27,9,-29,10,-29,10"
73.67056202888489,899,"CSI,3609,128,83,49,21,0,-1,-11,-2,-8,-5,-7,-9,-5,-12,-4,-14,-4,-14,-4,-9,-4,-12,-7,-18,-8,-20,-8,-21,-10,-20,-12,-17,-13,-14,-12,-11,-11,-7,-7,-6,-5,-5,-4,-4,-3,-4,-1,-5,2,-6,3,-6,3,-6,4,-2,1,0,0,0,0,0,0,0,0,0,0,0,0,0,0,0,0,0,0,-1,-2,0,-9,3,-11,3,-11,2,-10,2,-9,5,-7,5,-8,2,-11,1,-11,1,-9,0,-10,-2,-10,-4,-11,-3,-12,-3,-13,-3,-13,-5,-12,-7,-14,-9,-19,-7,-23,-5,-25,-7,-26,-9,-25,-6,-24,-5,-24,-7,-25"
73.97410416603088,900,"CSI,3621,128,83,49,21,0,-5,-11,-8,-5,-8,0,-11,4,-15,6,-19,6,-24,7,-30,9,-29,10,-27,8,-25,5,-23,2,-23,2,-22,3,-18,2,-12,0,-6,-1,-4,-1,-2,0,-1,2,-1,3,0,5,3,8,4,10,3,10,0,2,0,0,0,0,0,0,0,0,0,0,0,0,0,0,0,0,0,0,2,-2,9,-7,10,-5,12,-2,13,-1,11,-2,9,-2,9,-2,7,-4,5,-4,3,-4,-1,-7,-3,-10,-4,-14,-3,-15,-3,-17,-8,-21,-7,-23,-5,-23,-5,-25,-3,-28,-1,-28,-2,-27,-5,-29,-6,-30,-6,-29,-5,-29"
74.0760440826416,901,"CSI,3625,128,83,49,21,0,11,9,10,4,9,-2,5,-6,3,-10,3,-13,4,-18,6,-25,5,-26,4,-22,5,-22,6,-22,9,-21,9,-18,7,-15,6,-9,5,-7,3,-8,3,-5,1,-4,-2,-3,-4,0,-7,0,-8,-3,-10,-5,-3,-2,0,0,0,0,0,0,0,0,0,0,0,0,0,0,0,0,0,0,-3,2,-8,8,-8,8,-8,8,-8,7,-9,5,-7,6,-8,7,-10,6,-7,5,-2,4,1,4,2,4,3,6,7,9,12,10,13,10,12,13,12,16,14,16,14,17,14,20,14,20,14,19,16,19,16,21,12,20"
74.17940998077393,902,"CSI,3629,128,83,49,21,0,6,8,8,1,11,-6,15,-8,16,-10,18,-14,19,-14,17,-13,19,-9,24,-8,24,-7,23,-4,21,-3,16,-2,14,0,12,-1,8,-5,5,-8,3,-9,1,-10,0,-10,-2,-11,-3,-12,-3,-11,-2,-9,-1,-3,0,0,0,0,0,0,0,0,0,0,0,0,0,0,0,0,0,0,-1,3,-4,11,-5,10,-6,10,-8,10,-9,8,-7,7,-5,7,-3,9,-5,9,-5,8,-1,10,3,12,5,12,6,13,8,16,10,18,10,20,12,20,15,20,15,22,13,25,11,24,10,22,8,22,7,23,6,22"
74.28315711021423,903,"CSI,3633,128,83,49,21,0,0,-5,-3,-5,-7,-9,-9,-12,-12,-10,-13,-11,-12,-15,-11,-18,-14,-18,-13,-18,-11,-19,-10,-20,-8,-18,-7,-16,-6,-13,-6,-8,-7,-4,-7,-2,-6,0,-7,1,-7,1,-9,1,-10,3,-10,3,-9,0,-3,-1,0,0,0,0,0,0,0,0,0,0,0,0,0,0,0,0,0,0,2,1,8,6,8,8,8,9,8,9,7,7,4,5,2,5,3,5,5,3,7,-1,8,-3,8,-4,9,-6,12,-8,14,-10,18,-12,20,-12,18,-11,17,-11,19,-11,22,-10,23,-11,20,-13,18,-12,19,-9,16,-7"
74.33898305892944,904,"CSI,3685,128,83,49,21,0,-8,-15,-9,-10,-10,-5,-10,-3,-6,-1,-5,3,-7,3,-6,0,-7,3,-9,8,-9,10,-10,11,-9,10,-8,9,-7,7,-6,7,-7,5,-8,4,-7,3,-5,2,-2,0,1,0,2,1,3,2,3,1,0,0,0,0,0,0,0,0,0,0,0,0,0,0,0,0,0,0,0,0,-1,0,0,0,2,-2,3,-1,4,-4,6,-8,7,-8,9,-9,10,-9,9,-9,8,-9,11,-10,13,-8,9,-4,6,-1,3,-2,-1,-3,-3,-3,-5,-3,-10,-5,-12,-8,-13,-11,-14,-16,-17,-19,-19,-18,-18,-17,-16,-18"
74.38511610031128,905,"CSI,3637,128,83,49,21,0,0,-1,3,3,10,7,15,8,19,11,20,15,17,15,14,12,15,13,17,16,15,16,15,16,14,16,9,14,3,9,1,4,0,4,-2,2,-1,-3,-1,-5,-6,-7,-8,-9,-7,-8,-7,-8,-7,-10,-2,-3,0,0,0,0,0,0,0,0,0,0,0,0,0,0,0,0,0,0,2,1,10,6,9,5,8,5,8,4,7,2,6,1,5,0,4,0,3,0,2,-3,-2,-6,-3,-8,-3,-10,-6,-11,-10,-13,-11,-16,-11,-20,-12,-21,-16,-18,-19,-16,-19,-16,-19,-18,-20,-18,-19,-15,-18,-12,-15,-11"
74.44063711166382,906,"CSI,3689,128,83,49,21,0,7,15,5,11,2,5,2,0,4,-3,6,-5,5,-6,3,-4,8,-5,12,-9,11,-10,11,-11,11,-12,11,-10,11,-8,9,-8,6,-7,4,-5,3,-4,0,-4,-2,-5,-4,-7,-7,-6,-8,-4,-9,-4,-3,-1,0,0,0,0,0,0,0,0,0,0,0,0,0,0,0,0,0,0,0,-1,1,-3,-1,-2,-4,0,-7,2,-8,4,-8,4,-9,2,-12,1,-14,2,-14,1,-12,0,-11,0,-10,-2,-8,-3,-3,-2,0,1,3,3,5,6,7,8,11,12,12,17,12,19,11,19,10,20,9,19,6,20"
74.69190502166748,907,"CSI,3649,128,83,49,21,0,-8,-7,-6,-7,-3,-8,-1,-6,1,-5,3,-7,4,-12,5,-17,5,-15,2,-11,1,-11,2,-12,2,-12,-1,-11,-1,-9,1,-7,2,-6,1,-3,1,-3,1,-2,3,0,4,1,5,2,7,2,7,3,1,0,0,0,0,0,0,0,0,0,0,0,0,0,0,0,0,0,0,0,-2,0,-8,2,-9,0,-9,-1,-7,-1,-5,-2,-4,-3,-3,-2,-1,-3,-2,-4,-3,-4,-3,-6,-4,-7,-5,-8,-6,-10,-4,-12,-1,-13,-2,-14,-4,-15,-4,-16,-5,-14,-5,-13,-4,-13,-4,-14,-6,-12,-8,-9,-8,-7"
74.99871397018433,908,"CSI,3661,128,83,49,21,0,-5,-6,-4,-6,-2,-7,3,-6,7,-3,8,-1,10,-2,16,-3,18,-7,16,-9,12,-7,10,-5,11,-6,12,-9,10,-8,8,-6,6,-4,4,-3,2,-3,2,-1,3,2,3,2,1,4,-1,7,1,7,0,1,0,0,0,0,0,0,0,0,0,0,0,0,0,0,0,0,0,0,-1,2,-2,8,-2,9,-3,9,-3,9,-3,6,-4,5,-6,7,-7,8,-7,7,-6,4,-7,2,-9,0,-9,-2,-8,-5,-7,-8,-8,-11,-10,-13,-10,-13,-9,-13,-9,-13,-10,-15,-11,-14,-11,-10,-11,-8,-12,-10,-12,-10"
75.09972620010376,909,"CSI,3665,128,83,49,21,0,10,7,6,5,2,1,-1,-2,-3,-2,-6,0,-9,-4,-13,-10,-16,-7,-20,-3,-21,-1,-19,-1,-16,0,-17,1,-17,2,-16,1,-13,0,-8,-1,-5,-2,-4,-2,-3,-4,-1,-4,2,-4,4,-4,4,-5,1,-2,0,0,0,0,0,0,0,0,0,0,0,0,0,0,0,0,0,0,-2,-2,-4,-6,-2,-8,0,-9,1,-9,1,-10,1,-11,4,-10,6,-7,6,-5,5,-4,6,-3,6,-1,5,3,4,5,5,7,7,9,6,8,5,10,6,12,8,13,8,14,9,15,13,13,14,11,12,11,12,11"
75.20138502120972,910,"CSI,3669,128,83,49,21,0,-6,2,-4,0,-1,-2,1,-4,2,-10,4,-13,4,-10,3,-8,5,-12,7,-16,6,-16,5,-16,4,-17,1,-16,-1,-14,-1,-13,-2,-10,-3,-8,0,-5,3,-3,3,-1,2,3,1,5,1,5,2,4,0,1,0,0,0,0,0,0,0,0,0,0,0,0,0,0,0,0,0,0,1,0,5,4,6,5,7,6,5,7,4,8,4,7,2,7,0,8,0,8,1,7,-1,6,-5,5,-7,5,-7,5,-9,4,-11,2,-13,0,-16,-2,-17,-1,-18,2,-21,4,-21,5,-20,6,-19,6,-20,7,-23,8"
75.25865006446838,911,"CSI,3721,128,83,49,21,0,4,-14,4,-11,2,-8,-2,-8,-4,-6,-7,-5,-6,-2,-3,1,-8,0,-15,0,-17,-1,-15,-4,-13,-4,-12,-6,-11,-7,-12,-5,-11,-3,-8,-2,-6,0,-5,1,-2,2,0,2,0,3,0,4,2,5,0,1,0,0,0,0,0,0,0,0,0,0,0,0,0,0,0,0,0,0,-1,1,-1,4,0,2,2,1,4,1,6,1,6,1,6,1,6,2,8,2,8,0,7,0,6,3,6,5,5,3,4,-1,4,-3,3,-4,1,-6,-1,-8,-1,-11,1,-14,2,-15,2,-16,2,-20,2,-21,2,-20"
75.30544304847717,912,"CSI,3673,128,83,49,21,0,-12,4,-13,7,-12,8,-13,6,-13,7,-12,9,-13,13,-11,17,-7,14,-6,11,-8,10,-8,7,-7,6,-6,7,-7,8,-7,9,-5,7,-1,4,1,3,0,2,-2,-1,-1,1,3,3,5,2,5,0,1,0,0,0,0,0,0,0,0,0,0,0,0,0,0,0,0,0,0,0,2,-1,10,0,11,1,11,2,9,1,4,0,0,1,-2,2,-5,0,-9,0,-10,0,-9,-4,-8,-8,-11,-11,-12,-14,-8,-17,-6,-21,-7,-21,-5,-19,-2,-19,-1,-18,-1,-16,-2,-13,-2,-11,-3,-8,-5,-3,-7,0"
75.40722417831421,913,"CSI,3677,128,83,49,21,0,9,12,11,8,11,3,10,-1,10,-5,12,-6,16,-6,23,-7,27,-10,25,-10,24,-7,22,-6,20,-5,20,-4,19,-2,16,0,12,0,10,1,6,1,2,-2,-1,-5,-4,-4,-5,-5,-4,-7,-3,-11,-1,-3,0,0,0,0,0,0,0,0,0,0,0,0,0,0,0,0,0,0,-3,2,-11,11,-12,8,-11,7,-11,6,-9,3,-6,0,-6,-3,-4,-2,0,3,1,6,-1,8,-2,8,0,9,3,11,6,13,7,14,4,15,5,16,7,16,8,18,10,21,9,21,7,21,7,20,6,19,4,18"
75.51240110397339,914,"CSI,3681,128,83,49,21,0,-8,-10,-8,-7,-11,-3,-13,2,-13,0,-14,-1,-15,0,-14,-2,-16,-3,-20,-1,-20,-2,-20,-5,-17,-7,-14,-7,-14,-9,-12,-7,-7,-5,-5,-5,-5,-2,-3,3,-1,5,-2,5,-3,6,-1,7,0,5,0,1,0,0,0,0,0,0,0,0,0,0,0,0,0,0,0,0,0,0,0,-4,4,-12,5,-9,6,-8,6,-7,6,-5,6,-5,4,-4,4,-3,3,-4,1,-6,-1,-8,-5,-11,-8,-10,-9,-10,-9,-12,-9,-15,-8,-17,-8,-20,-7,-20,-5,-19,-4,-19,-3,-21,-4,-20,-6,-17,-6,-15,-4,-14"
75.61190104484558,915,"CSI,3685,128,83,49,21,0,-1,-2,-3,3,-4,7,-6,11,-9,13,-13,13,-10,14,-6,16,-7,15,-9,16,-10,17,-11,15,-9,13,-7,13,-9,13,-9,10,-6,6,-4,3,-3,1,0,-1,1,-2,2,-2,5,-3,6,-4,6,-4,1,-2,0,0,0,0,0,0,0,0,0,0,0,0,0,0,0,0,0,0,1,3,4,11,3,10,4,9,4,7,2,7,1,7,1,5,2,2,3,1,2,2,2,-1,3,-6,2,-10,0,-13,0,-15,2,-17,5,-19,4,-20,4,-21,5,-23,4,-23,3,-22,3,-21,3,-20,2,-17,-1,-14"
75.6677770614624,916,"CSI,3737,128,83,49,21,0,11,6,9,4,5,3,4,2,5,0,6,-4,3,-7,-2,-7,-1,-7,3,-8,6,-11,6,-15,5,-15,5,-12,5,-11,4,-10,2,-9,2,-6,2,-3,0,-1,1,-1,1,-1,-1,-1,-5,0,-10,0,-3,-1,0,0,0,0,0,0,0,0,0,0,0,0,0,0,0,0,0,0,-1,0,-2,0,-2,0,-3,-2,-5,0,-5,5,-3,7,-2,5,-1,6,-2,7,-2,8,-2,10,-2,9,-2,6,-2,5,-1,3,0,2,0,0,2,-2,7,-1,12,1,13,3,12,5,14,4,18,5,18,8,14,11"
75.71550703048706,917,"CSI,3689,128,83,49,21,0,-8,4,-7,7,-7,9,-5,11,-3,15,-3,17,0,18,0,21,-1,20,-1,16,-1,15,-1,14,-2,12,-3,11,-3,10,-5,9,-5,8,-1,4,1,2,-1,2,0,1,4,1,5,1,5,1,6,1,1,0,0,0,0,0,0,0,0,0,0,0,0,0,0,0,0,0,0,0,-1,-3,-1,-10,0,-12,2,-11,2,-7,0,-6,0,-6,1,-4,0,-3,-4,-2,-7,0,-9,0,-13,-1,-16,-1,-16,-1,-18,-4,-20,-4,-20,-5,-19,-7,-22,-7,-23,-6,-22,-7,-21,-8,-19,-8,-18,-7,-16,-5,-15,-5"
75.81678009033203,918,"CSI,3693,128,83,49,21,0,0,0,-1,0,-5,2,-11,5,-16,5,-19,6,-22,10,-25,12,-24,11,-19,12,-16,11,-16,11,-15,10,-14,7,-12,4,-8,1,-7,0,-6,0,-3,-2,0,-2,1,-2,1,-4,2,-6,2,-8,3,-9,1,-3,0,0,0,0,0,0,0,0,0,0,0,0,0,0,0,0,0,0,-2,-1,-8,-5,-8,-7,-6,-9,-5,-10,-6,-9,-5,-8,-3,-8,-2,-7,1,-5,4,-3,5,-1,5,3,8,4,10,2,12,2,16,2,18,4,18,7,19,8,21,6,21,3,19,2,16,2,14,0,12,-1,13,2"
75.92141199111938,919,"CSI,3697,128,83,49,21,0,8,-2,5,-4,2,-7,-3,-10,-7,-11,-10,-13,-12,-15,-16,-18,-16,-17,-15,-12,-17,-11,-18,-13,-17,-16,-15,-19,-10,-16,-6,-13,-3,-8,-3,-4,-4,-1,-2,0,-1,0,-2,2,-3,3,-3,5,-1,4,0,1,0,0,0,0,0,0,0,0,0,0,0,0,0,0,0,0,0,0,-1,2,-1,10,-1,10,-2,11,-3,11,-3,8,-4,6,-6,6,-4,5,-1,4,2,1,4,0,5,-1,6,-1,10,-1,16,-2,19,-1,18,-1,19,-1,19,-2,18,-2,20,-3,22,-4,22,-3,22,-1,20,0,19,-1"
75.97691917419434,920,"CSI,3749,128,83,49,21,0,0,17,1,14,3,10,6,5,9,1,11,-1,10,-6,7,-10,6,-10,9,-9,12,-9,13,-10,15,-9,14,-5,11,-4,9,-4,9,-4,8,-3,6,-3,4,-3,-1,-3,-4,-4,-4,-5,-5,-5,-6,-6,-2,-2,0,0,0,0,0,0,0,0,0,0,0,0,0,0,0,0,0,0,0,-1,0,-2,-1,-3,-1,-4,-2,-4,-3,-3,-5,-2,-8,-2,-9,-4,-9,-4,-11,-4,-12,-4,-11,-4,-10,-4,-8,-3,-5,-2,-3,1,-1,4,2,5,5,8,5,12,4,15,4,17,4,19,2,22,1,26,-1,27"
76.02420997619629,921,"CSI,3701,128,83,49,21,0,-4,-14,-7,-9,-9,-7,-11,-7,-14,-8,-15,-7,-18,-2,-20,2,-19,-1,-17,-4,-17,-5,-16,-4,-15,-5,-15,-7,-13,-8,-8,-8,-5,-6,-6,-5,-6,-2,-3,-1,-4,0,-5,3,-5,4,-4,5,-4,6,-1,1,0,0,0,0,0,0,0,0,0,0,0,0,0,0,0,0,0,0,1,-3,5,-10,6,-9,8,-7,9,-5,7,-5,4,-4,3,-4,3,-4,4,-4,3,-4,1,-5,-1,-5,-4,-6,-5,-10,-7,-17,-6,-20,-4,-21,-2,-19,-2,-19,-2,-21,-1,-21,1,-21,1,-21,-1,-20,-3,-18,-2,-17"
76.07780504226685,922,"CSI,3753,128,83,49,21,0,1,14,2,11,2,7,3,2,4,-1,7,-5,8,-3,6,1,8,-2,14,-7,15,-9,14,-11,14,-7,13,-3,10,-5,8,-6,10,-4,10,-3,5,-3,1,-4,0,-3,-1,-2,-3,-1,-6,-3,-7,-4,-2,-1,0,0,0,0,0,0,0,0,0,0,0,0,0,0,0,0,0,0,-1,0,-3,1,-2,0,-3,0,-5,2,-5,2,-3,1,-3,0,-8,1,-11,3,-10,3,-11,2,-10,0,-8,0,-6,1,-3,2,-2,3,0,4,1,4,3,3,5,4,7,8,10,15,11,19,9,20,9,21,12,24"
76.18226218223572,923,"CSI,3757,128,83,49,21,0,11,-20,11,-15,8,-12,1,-10,-6,-7,-9,-5,-11,-6,-15,-9,-17,-9,-17,-10,-16,-11,-14,-10,-12,-8,-10,-10,-8,-11,-9,-10,-9,-7,-7,-4,-4,-4,-3,-4,-3,-2,-2,1,-3,2,-5,2,-6,3,-2,0,0,0,0,0,0,0,0,0,0,0,0,0,0,0,0,0,0,0,0,0,1,1,1,2,2,3,4,0,5,-1,6,0,9,1,11,0,11,-1,12,-1,13,2,14,5,11,6,8,4,7,0,5,-2,5,-2,3,-3,1,-9,1,-14,0,-16,0,-19,4,-24,7,-25,7,-24,5,-25"
76.22662305831909,924,"CSI,3709,128,83,49,21,0,-5,5,-2,6,2,4,6,1,9,-1,12,-2,11,-3,9,-6,13,-6,17,-4,18,-5,19,-7,20,-9,19,-8,14,-6,12,-4,11,-2,7,-2,2,-2,-1,0,-1,0,-2,-1,-5,0,-7,1,-6,1,-2,0,0,0,0,0,0,0,0,0,0,0,0,0,0,0,0,0,0,0,2,-1,9,-2,10,-2,12,0,13,0,12,-1,11,0,10,3,6,4,2,3,1,3,-2,1,-5,0,-9,-2,-13,-3,-15,-1,-18,-2,-20,-1,-21,0,-20,0,-20,-2,-20,-2,-19,-1,-17,1,-15,3,-15,4,-16,2"
76.32950520515442,925,"CSI,3713,128,83,49,21,0,-5,7,-1,5,1,2,4,-2,8,-5,13,-8,16,-8,17,-5,19,-8,21,-11,19,-12,18,-12,18,-11,16,-9,13,-7,10,-6,9,-6,8,-4,3,-1,-2,-1,-1,-2,1,-2,-1,0,-5,2,-7,3,-2,1,0,0,0,0,0,0,0,0,0,0,0,0,0,0,0,0,0,0,1,-3,6,-9,7,-10,8,-11,8,-9,7,-6,6,-4,5,-3,2,-3,2,-3,2,-2,0,0,-3,2,-5,4,-10,6,-15,6,-18,6,-18,6,-18,5,-18,4,-17,5,-19,8,-20,11,-17,10,-17,12,-17,14,-16,11"
76.3872320652008,926,"CSI,3765,128,83,49,21,0,-7,-14,-6,-13,-7,-10,-7,-6,-8,-2,-10,0,-9,1,-7,-1,-11,-1,-17,1,-17,3,-15,1,-17,0,-19,1,-17,0,-12,-2,-9,-2,-8,0,-6,1,-4,2,-2,3,-2,3,0,4,2,6,2,7,0,1,0,0,0,0,0,0,0,0,0,0,0,0,0,0,0,0,0,0,1,-1,4,-2,3,-4,2,-5,1,-5,2,-5,4,-7,4,-8,3,-8,4,-8,7,-7,7,-5,5,-4,3,-4,4,-5,4,-4,2,-4,-4,-4,-8,-3,-9,-2,-11,-4,-12,-7,-13,-9,-16,-12,-16,-17,-15,-20,-13,-18"
76.43284511566162,927,"CSI,3717,128,83,49,21,0,-3,-11,-7,-8,-10,-8,-13,-8,-16,-8,-20,-7,-21,-4,-19,-1,-20,-4,-21,-7,-19,-8,-16,-9,-13,-9,-12,-7,-12,-6,-11,-7,-7,-6,-4,-3,-4,-1,-3,1,0,4,2,5,1,5,0,5,2,5,0,1,0,0,0,0,0,0,0,0,0,0,0,0,0,0,0,0,0,0,2,2,8,9,7,10,6,10,4,10,2,9,1,7,1,3,2,0,1,-3,1,-4,4,-6,6,-8,7,-10,8,-13,10,-15,14,-16,15,-16,14,-17,14,-16,15,-13,16,-10,16,-10,13,-11,11,-11,11,-10,8,-8"
76.48883318901062,928,"CSI,3769,128,83,49,21,0,15,-5,11,-6,6,-5,1,-3,-2,-5,-3,-7,-5,-3,-6,3,-8,1,-9,-3,-10,-6,-12,-9,-13,-9,-10,-8,-7,-8,-7,-7,-7,-4,-7,-2,-5,-1,-3,-1,-1,1,-1,3,-2,4,-3,5,-2,4,-1,1,0,0,0,0,0,0,0,0,0,0,0,0,0,0,0,0,0,0,-1,-1,-4,-1,-4,1,-4,2,-3,2,-3,2,-3,3,-2,4,-1,4,-2,6,-3,7,-5,8,-8,9,-7,11,-4,10,-4,8,-3,5,0,1,2,-3,4,-5,8,-5,11,-4,11,-5,12,-9,18,-11,21,-8,21,-6"
76.53488111495972,929,"CSI,3721,128,83,49,21,0,4,-9,-1,-9,-6,-7,-9,-8,-11,-12,-13,-14,-13,-16,-11,-18,-11,-18,-12,-17,-12,-15,-11,-12,-10,-11,-10,-11,-9,-9,-6,-6,-3,-5,-3,-3,-3,1,-2,2,-1,2,-1,3,1,4,1,5,2,4,0,1,0,0,0,0,0,0,0,0,0,0,0,0,0,0,0,0,0,0,-1,3,-5,11,-6,11,-8,10,-9,8,-8,6,-5,4,-4,3,-2,1,3,-1,5,0,7,-2,9,-3,13,-2,15,-3,17,-1,18,1,18,0,20,0,23,0,24,-1,24,-2,22,-1,21,-1,19,0,16,1,15,1"
76.63559198379517,930,"CSI,3725,128,83,49,21,0,3,9,7,5,10,2,11,-1,12,-3,14,-5,13,-6,10,-9,12,-7,17,-3,16,0,14,2,12,3,11,2,12,1,12,-1,10,-1,7,0,3,0,2,-1,2,-2,1,-4,-2,-5,-4,-4,-6,-3,-2,-1,0,0,0,0,0,0,0,0,0,0,0,0,0,0,0,0,0,0,-3,0,-13,0,-14,0,-13,0,-12,-1,-9,-4,-6,-4,-4,-1,-3,2,0,1,2,1,3,5,4,10,2,11,0,11,3,13,5,17,4,18,1,16,-1,15,-2,17,-2,19,-2,19,-2,17,-2,15,0,15,2,16"
76.69267582893372,931,"CSI,3777,128,83,49,21,0,-3,-20,-3,-14,-3,-8,-3,-5,-4,-1,-8,1,-9,0,-4,1,-6,3,-13,3,-15,4,-15,6,-14,7,-10,7,-8,8,-10,8,-8,6,-5,7,-3,6,-1,2,1,0,1,-1,2,0,3,0,4,0,1,-1,0,0,0,0,0,0,0,0,0,0,0,0,0,0,0,0,0,0,-1,0,-1,1,0,1,0,3,0,4,2,3,4,2,5,3,6,3,7,3,8,5,8,5,9,5,7,4,4,2,3,2,2,1,0,-2,-1,-5,-2,-7,-3,-9,-4,-15,-4,-19,-3,-19,-1,-21,-1,-23,-1,-23"
76.73880195617676,932,"CSI,3729,128,83,49,21,0,-9,-8,-10,-7,-10,-4,-14,-1,-19,-1,-19,-1,-19,-4,-18,-7,-19,-6,-20,-3,-20,-1,-19,-2,-18,-3,-15,-4,-13,-3,-12,-2,-9,0,-6,1,-5,2,-4,2,-2,3,1,4,3,4,2,5,1,4,0,0,0,0,0,0,0,0,0,0,0,0,0,0,0,0,0,0,0,0,2,0,8,2,8,4,9,7,7,9,4,9,2,6,1,3,2,1,2,-2,0,-5,1,-9,4,-11,5,-14,6,-20,6,-23,6,-22,7,-22,7,-23,6,-23,7,-22,8,-20,8,-18,5,-17,1,-17,0,-18,1,-16"
76.79388499259949,933,"CSI,3781,128,83,49,21,0,-12,9,-9,6,-6,4,-5,2,-3,2,2,4,5,1,6,-6,7,-5,10,0,12,1,14,3,13,4,13,2,12,2,8,2,5,0,5,1,6,3,4,2,0,-2,-2,-4,-3,-4,-3,-4,-4,-6,-2,-2,0,0,0,0,0,0,0,0,0,0,0,0,0,0,0,0,0,0,0,0,3,-1,3,-3,3,-2,3,-2,2,-5,2,-7,2,-8,1,-7,0,-6,1,-6,0,-9,1,-11,1,-10,0,-9,-1,-8,0,-4,1,-1,1,0,-2,1,-3,3,-5,5,-9,5,-13,7,-14,9,-13,10,-12,8"
76.8396360874176,934,"CSI,3732,128,83,49,21,0,1,-6,-4,-9,-11,-10,-13,-12,-12,-14,-13,-16,-14,-14,-15,-10,-14,-12,-11,-13,-9,-13,-9,-14,-8,-11,-8,-7,-7,-5,-5,-4,-3,-2,1,0,3,1,2,1,2,2,2,4,1,7,1,7,1,9,0,2,0,0,0,0,0,0,0,0,0,0,0,0,0,0,0,0,0,0,-3,3,-12,12,-14,10,-15,8,-14,5,-11,1,-9,-1,-7,0,-3,2,2,2,6,1,10,-1,13,0,15,2,17,0,20,0,20,1,21,3,22,6,23,7,23,8,23,7,22,6,18,4,14,3,14,-1,13,-5"
76.89802098274231,935,"CSI,3785,128,83,49,21,0,-13,10,-10,8,-4,8,3,5,7,3,8,3,8,10,10,18,12,13,13,7,12,8,12,10,15,12,15,12,12,11,8,9,6,6,5,5,4,3,4,1,3,-1,1,-3,0,-6,1,-8,2,-8,0,-2,0,0,0,0,0,0,0,0,0,0,0,0,0,0,0,0,0,0,-1,-1,-3,-4,-3,-5,-3,-7,-4,-7,-4,-8,-4,-8,-4,-8,-6,-9,-8,-8,-7,-8,-6,-8,-5,-8,-4,-8,-2,-8,-1,-6,-1,-3,-3,2,-4,5,-5,5,-4,7,-5,9,-7,10,-9,14,-12,16,-13,15,-16,12"
76.94380807876587,936,"CSI,3737,128,83,49,21,0,-12,4,-7,2,0,0,5,-2,9,-3,13,-2,14,-4,13,-11,15,-10,21,-6,23,-4,22,-3,20,-5,17,-4,15,0,13,0,10,-1,8,-2,6,-3,3,-2,-1,0,-3,1,-6,-1,-8,-2,-8,-2,-2,-1,0,0,0,0,0,0,0,0,0,0,0,0,0,0,0,0,0,0,1,-2,8,-7,11,-8,13,-8,12,-7,10,-5,9,-2,7,1,5,3,3,1,2,-1,-2,-1,-9,0,-13,-1,-14,-2,-17,0,-20,2,-19,1,-19,2,-19,5,-21,3,-23,3,-22,6,-21,7,-23,7,-21,9,-19,9"
77.04625487327576,937,"CSI,3741,128,83,49,21,0,-2,-16,-2,-10,-3,-5,-4,0,-6,4,-8,8,-8,14,-9,18,-9,19,-9,17,-13,16,-15,17,-15,16,-15,12,-14,10,-12,10,-9,7,-6,4,-5,4,-3,2,0,0,3,0,4,0,5,0,6,-1,1,0,0,0,0,0,0,0,0,0,0,0,0,0,0,0,0,0,0,0,2,0,10,2,10,1,10,3,10,6,9,7,7,6,6,6,5,5,5,2,5,0,6,-1,4,-3,-1,-6,-3,-9,-3,-11,-3,-15,-3,-18,-3,-18,-3,-19,-3,-21,-5,-24,-5,-23,-5,-24,-6,-28,-6,-28,-9,-25"
77.14851307868958,938,"CSI,3745,128,83,49,21,0,0,4,4,3,6,1,9,2,15,3,18,3,21,2,25,0,25,-2,23,-1,20,1,17,2,16,3,15,3,12,4,10,6,6,6,2,5,0,1,-1,-2,-3,-1,-6,0,-8,0,-10,-1,-11,-2,-3,-1,0,0,0,0,0,0,0,0,0,0,0,0,0,0,0,0,0,0,2,-2,9,-7,12,-6,14,-4,14,-2,12,0,9,-1,7,-2,4,0,0,-1,-4,0,-8,1,-12,-1,-15,-3,-19,-3,-22,-4,-23,-5,-25,-4,-24,-2,-24,-3,-24,-4,-25,-4,-24,-4,-21,-3,-20,-1,-19,1,-17,2"
77.20400381088257,939,"CSI,3797,128,83,49,21,0,2,19,2,13,5,11,9,7,9,1,8,-1,15,-2,22,-4,22,-3,20,-1,19,1,18,4,19,6,20,6,19,8,16,10,12,9,9,5,8,3,6,2,5,0,5,-3,5,-5,4,-6,2,-8,0,-3,0,0,0,0,0,0,0,0,0,0,0,0,0,0,0,0,0,0,-1,0,-2,2,-3,3,-4,5,-5,5,-5,8,-4,10,-7,9,-11,9,-11,9,-10,8,-12,7,-13,8,-11,7,-8,6,-6,6,-4,7,0,6,5,7,9,8,10,11,11,16,11,20,13,24,14,28,12,31,12,30"
77.25027418136597,940,"CSI,3749,128,83,49,21,0,1,-19,-2,-12,-4,-5,-5,-1,-9,1,-12,4,-15,6,-19,6,-22,9,-23,13,-22,13,-22,10,-22,8,-19,6,-17,2,-16,-1,-12,0,-7,2,-1,0,2,0,3,1,5,0,5,1,6,4,8,6,2,1,0,0,0,0,0,0,0,0,0,0,0,0,0,0,0,0,0,0,3,-1,12,-1,10,1,11,4,12,7,11,7,7,6,5,4,5,4,5,3,4,-1,2,-3,2,-4,2,-7,1,-11,1,-14,3,-14,3,-14,2,-15,4,-18,4,-23,2,-24,2,-24,3,-25,1,-27,1,-28,3,-28"
77.31027698516846,941,"CSI,3801,128,83,49,21,0,-16,-14,-14,-10,-14,-7,-15,-4,-13,-1,-12,1,-10,3,-6,7,-9,6,-15,4,-17,5,-18,4,-18,3,-17,2,-16,1,-16,-2,-14,-4,-12,-3,-9,-1,-7,0,-4,0,-5,0,-3,3,-2,5,-2,5,-1,1,0,0,0,0,0,0,0,0,0,0,0,0,0,0,0,0,0,0,-1,-1,0,-5,1,-7,0,-9,0,-9,-1,-8,1,-7,1,-7,0,-8,0,-12,0,-15,1,-14,3,-11,2,-8,1,-8,-1,-8,-3,-6,-6,-6,-9,-7,-12,-6,-15,-5,-19,-8,-19,-10,-19,-11,-21,-15,-21,-17,-20,-15"
77.35289406776428,942,"CSI,3753,128,83,49,21,0,-1,-6,1,-3,2,1,4,3,4,5,5,10,4,15,0,19,3,21,5,22,2,23,1,20,0,17,-2,15,-2,12,-2,8,-3,6,-4,1,-5,-4,-4,-4,-1,-4,0,-5,0,-6,1,-8,1,-10,0,-3,0,0,0,0,0,0,0,0,0,0,0,0,0,0,0,0,0,0,2,1,8,4,9,4,8,4,5,4,2,3,3,4,5,2,5,0,4,1,4,0,2,-3,-2,-6,-4,-8,-4,-11,-5,-14,-6,-16,-8,-17,-8,-16,-9,-19,-10,-21,-10,-19,-10,-17,-10,-20,-11,-20,-13,-17,-16,-15"
77.45822405815125,943,"CSI,915,128,75,-79,20,0,-10,-13,-10,-12,-10,-10,-11,-6,-9,-3,-8,-2,-10,-4,-13,-8,-15,-4,-17,-1,-18,0,-18,-1,-16,-3,-13,-5,-13,-6,-13,-7,-11,-5,-8,-3,-6,-2,-3,-1,-3,0,-4,0,-4,2,-5,4,-6,5,-2,1,0,0,0,0,0,0,0,0,0,0,0,0,0,0,0,0,0,0,0,-2,0,-8,-1,-7,-4,-6,-4,-7,-3,-9,-2,-10,-3,-9,-2,-10,1,-11,2,-12,1,-12,1,-12,1,-10,0,-7,-2,-7,-3,-6,-3,-6,-5,-4,-8,-4,-13,-6,-19,-9,-20,-10,-16,-12,-15,-16,-15,-19,-16,-21"
77.48889923095703,944,"CSI,2828,128,77,-47,20,0,8,-12,4,-7,-3,-3,-9,-2,-12,-1,-16,2,-22,9,-25,15,-23,14,-21,12,-19,10,-19,8,-20,9,-20,10,-19,9,-16,5,-11,2,-6,1,-5,2,-4,3,-1,4,2,3,4,0,6,1,9,3,2,0,0,0,0,0,0,0,0,0,0,0,0,0,0,0,0,0,0,0,0,2,2,8,3,9,3,11,1,14,0,15,-2,14,-4,13,-5,10,-4,10,-3,10,-3,8,0,4,2,1,3,-3,4,-6,6,-9,12,-13,14,-16,14,-19,15,-21,16,-22,18,-23,21,-25,23,-26,21,-22,18,-17"
77.52219820022583,945,"CSI,917,128,77,-47,20,0,-14,-9,-14,-8,-14,-7,-12,-4,-10,1,-10,5,-10,9,-8,13,-8,11,-11,7,-14,6,-16,5,-17,3,-15,1,-14,-1,-13,-1,-10,-1,-8,0,-7,0,-6,1,-4,1,-2,2,-3,2,-4,4,-1,9,0,2,0,0,0,0,0,0,0,0,0,0,0,0,0,0,0,0,0,0,-1,0,-3,-2,-4,-4,-5,-5,-5,-6,-5,-6,-6,-6,-7,-6,-7,-7,-7,-10,-7,-10,-7,-10,-6,-9,-6,-7,-5,-8,-4,-8,-5,-6,-7,-2,-9,0,-11,1,-13,3,-13,2,-16,-1,-24,-3,-30,-3,-29,-4,-25,-6"
77.55276083946228,946,"CSI,2829,128,77,-47,20,0,8,-12,2,-5,-4,-1,-11,0,-18,1,-21,2,-19,1,-18,-3,-21,-2,-23,2,-24,3,-24,4,-24,5,-23,4,-21,2,-18,2,-13,3,-8,2,-5,1,-2,2,2,4,6,3,7,4,7,4,8,3,2,0,0,0,0,0,0,0,0,0,0,0,0,0,0,0,0,0,0,0,0,2,1,8,1,9,1,11,-1,12,-1,12,0,13,2,12,2,10,0,9,0,10,1,8,1,5,1,3,3,-1,5,-6,9,-9,13,-12,15,-15,16,-19,17,-20,18,-23,21,-25,22,-24,21,-22,21,-20,23,-19"
77.58608913421631,947,"CSI,3808,128,83,49,21,0,-18,-8,-15,-9,-13,-8,-10,-4,-10,0,-10,5,-13,11,-17,15,-16,14,-14,13,-14,12,-13,11,-13,9,-14,8,-13,7,-13,5,-12,3,-9,3,-7,1,-4,1,-1,3,2,3,4,4,4,5,3,5,1,1,0,0,0,0,0,0,0,0,0,0,0,0,0,0,0,0,0,0,0,-1,0,-4,1,-5,1,-5,1,-7,1,-8,0,-7,-1,-8,0,-12,2,-14,3,-13,4,-11,4,-11,2,-9,0,-10,0,-10,-1,-7,-4,-6,-8,-6,-11,-7,-13,-8,-17,-7,-18,-9,-17,-10,-17,-12,-20,-13,-21,-12"
77.61939907073975,948,"CSI,3761,128,83,49,21,0,-19,3,-12,6,-6,9,-1,7,5,7,7,13,10,15,15,14,14,18,12,23,10,24,7,24,4,23,2,21,0,19,-1,15,0,12,2,7,3,4,4,2,5,-1,6,-4,8,-5,9,-5,10,-4,2,-1,0,0,0,0,0,0,0,0,0,0,0,0,0,0,0,0,0,0,-3,-2,-13,-7,-12,-8,-11,-10,-12,-12,-13,-13,-12,-13,-12,-13,-11,-13,-8,-12,-6,-11,-9,-10,-10,-6,-9,-3,-9,-1,-11,2,-12,5,-13,8,-16,10,-22,11,-26,12,-29,11,-31,12,-33,13,-35,13,-35,14,-37,16"
77.64992690086365,949,"CSI,3813,128,83,49,21,0,13,-11,13,-10,10,-9,6,-7,1,-5,0,-5,-3,-6,-9,-7,-10,-9,-6,-12,-5,-12,-5,-12,-5,-12,-3,-12,-2,-13,-3,-12,-3,-11,-2,-9,-1,-6,-1,-3,-1,-1,-1,1,-2,2,-4,2,-5,2,-2,0,0,0,0,0,0,0,0,0,0,0,0,0,0,0,0,0,0,0,0,1,3,5,2,3,2,3,4,3,5,3,5,4,5,4,6,6,8,8,8,7,6,7,4,8,4,7,3,5,3,2,5,0,5,-2,5,-6,6,-9,7,-9,8,-9,12,-10,14,-13,16,-16,17,-17,17,-17"
77.6831750869751,950,"CSI,3765,128,83,49,21,0,7,14,6,9,5,5,4,0,5,-6,8,-11,12,-15,17,-18,18,-19,17,-19,18,-17,18,-16,19,-15,20,-12,19,-8,15,-4,11,-6,9,-6,5,-3,2,-1,0,-2,-1,-3,-3,-3,-5,-2,-7,-2,-2,-1,0,0,0,0,0,0,0,0,0,0,0,0,0,0,0,0,0,0,-2,1,-5,5,-6,6,-10,8,-11,9,-10,9,-11,9,-10,9,-10,9,-10,9,-10,7,-9,7,-5,6,-3,6,-2,8,-2,9,0,12,5,14,10,15,13,16,16,18,15,20,15,22,17,23,16,23,14,23,18,23"
77.71657609939575,951,"CSI,2830,128,75,-79,20,0,-11,-17,-11,-13,-6,-6,-5,1,-10,5,-12,8,-16,13,-22,16,-23,17,-20,14,-19,11,-20,11,-21,9,-21,7,-19,5,-16,2,-13,-1,-9,0,-5,3,-2,4,-1,3,1,2,2,2,2,4,3,5,0,1,0,0,0,0,0,0,0,0,0,0,0,0,0,0,0,0,0,0,-1,-2,-2,-8,2,-10,3,-12,3,-14,3,-14,2,-14,2,-14,3,-12,5,-11,6,-10,6,-10,6,-8,1,-7,-6,-9,-10,-11,-12,-10,-12,-11,-14,-13,-16,-16,-18,-19,-18,-19,-20,-19,-21,-20,-22,-22,-21,-21,-18,-16"
77.74723315238953,952,"CSI,2831,128,75,-79,20,0,18,-6,11,-7,4,-8,0,-10,-3,-10,-8,-13,-9,-13,-6,-12,-6,-16,-7,-21,-9,-23,-9,-22,-9,-21,-8,-19,-6,-20,-4,-20,-4,-18,-3,-14,-2,-9,-3,-4,-5,-1,-6,2,-7,3,-7,4,-7,5,-2,1,0,0,0,0,0,0,0,0,0,0,0,0,0,0,0,0,0,0,0,1,3,7,4,9,6,10,7,11,5,12,1,12,1,11,3,10,3,11,3,13,3,11,4,5,7,2,8,3,9,1,11,-2,14,-5,17,-6,19,-8,22,-10,25,-10,29,-8,28,-7,26,-8,25,-8,25,-4"
77.77694487571716,953,"CSI,3769,128,83,49,21,0,14,11,13,6,10,0,6,-4,1,-9,0,-15,1,-18,-1,-18,2,-19,7,-22,8,-22,7,-21,8,-19,10,-16,12,-14,12,-11,10,-9,6,-5,1,-2,-2,-1,-2,-2,-1,-4,-4,-5,-7,-3,-6,-3,-2,-1,0,0,0,0,0,0,0,0,0,0,0,0,0,0,0,0,0,0,0,2,2,9,3,10,4,11,3,11,3,12,3,12,3,11,3,8,3,7,3,8,3,9,2,9,3,6,7,6,10,7,13,7,14,5,17,3,21,3,21,4,23,5,25,5,28,5,33,7,34,8,32,9"
77.86753416061401,954,"CSI,3773,128,83,49,21,0,-18,7,-16,6,-12,5,-9,9,-6,12,-3,14,-6,14,-11,11,-13,14,-12,18,-12,19,-12,20,-12,18,-14,14,-15,12,-12,10,-10,7,-9,6,-6,7,-4,6,-2,5,0,5,0,5,-1,5,-2,4,-1,0,0,0,0,0,0,0,0,0,0,0,0,0,0,0,0,0,0,0,-3,1,-12,5,-12,6,-11,6,-10,6,-10,5,-10,6,-10,8,-11,8,-11,7,-12,7,-15,8,-16,9,-15,8,-16,8,-17,11,-17,13,-14,13,-16,12,-18,11,-18,12,-19,16,-19,17,-20,14,-23,14,-25,16,-25,15"
77.92132806777954,955,"CSI,3825,128,83,49,21,0,10,-6,10,-6,9,-9,6,-10,3,-8,2,-8,3,-7,2,-4,1,-6,2,-9,2,-9,2,-10,3,-14,4,-12,4,-9,4,-8,4,-8,2,-5,1,-5,0,-7,0,-8,-1,-6,-1,-2,-2,-3,-3,-3,-1,-1,0,0,0,0,0,0,0,0,0,0,0,0,0,0,0,0,0,0,1,-1,5,0,4,0,4,0,6,-1,7,-1,6,0,6,1,7,1,6,-2,5,-3,8,-2,10,-1,6,0,2,0,3,-2,4,-2,3,-3,2,-6,3,-6,5,-5,8,-9,10,-14,13,-16,14,-14,16,-12,17,-12"
77.96633505821228,956,"CSI,3777,128,83,49,21,0,7,12,11,9,15,6,16,3,18,3,21,4,24,6,28,8,28,7,24,6,22,8,18,10,14,10,14,10,11,10,7,8,7,5,8,1,8,-3,8,-5,7,-5,8,-4,7,-4,5,-4,6,-3,1,-1,0,0,0,0,0,0,0,0,0,0,0,0,0,0,0,0,0,0,0,2,3,10,2,14,1,15,-1,13,-3,12,-5,11,-4,9,-2,10,-2,11,-1,12,2,14,3,13,4,11,6,12,9,15,12,17,10,19,9,20,11,21,12,22,13,24,15,26,14,28,10,29,8,27,10,21"
78.07008385658264,957,"CSI,3781,128,83,49,21,0,10,18,11,10,12,2,12,-2,12,-6,16,-9,19,-8,20,-5,22,-5,26,-5,27,-5,24,-3,21,-1,18,-1,18,2,16,4,10,3,5,0,3,-1,1,-4,2,-7,2,-8,2,-8,3,-9,2,-10,0,-3,0,0,0,0,0,0,0,0,0,0,0,0,0,0,0,0,0,0,-1,2,-1,12,-1,13,-1,13,-2,13,-2,12,-3,12,-3,14,-1,13,0,13,1,14,1,15,0,14,1,13,4,14,10,14,13,13,12,15,15,17,17,17,20,18,23,20,23,24,20,26,19,26,18,27,18,28"
78.17465400695801,958,"CSI,3785,128,83,49,21,0,17,-19,10,-14,6,-13,4,-16,0,-19,-3,-19,-8,-22,-14,-25,-12,-24,-7,-24,-6,-25,-5,-25,-2,-23,0,-20,2,-17,3,-15,2,-12,0,-12,0,-10,0,-8,-4,-6,-7,-5,-8,-4,-8,-4,-6,-5,-2,-2,0,0,0,0,0,0,0,0,0,0,0,0,0,0,0,0,0,0,2,-3,10,-8,10,-6,11,-5,12,-4,14,-4,13,-5,13,-7,15,-6,16,-5,15,-6,15,-7,13,-7,12,-8,11,-10,11,-14,13,-18,14,-19,13,-21,14,-25,17,-26,20,-26,20,-27,18,-27,20,-26,25,-24,29,-22"
78.2815911769867,959,"CSI,3789,128,83,49,21,0,-7,-19,-8,-17,-11,-14,-16,-10,-19,-7,-21,-7,-24,-5,-27,-4,-27,-7,-23,-11,-21,-13,-23,-14,-22,-12,-17,-12,-13,-15,-13,-14,-14,-10,-13,-9,-10,-6,-8,-3,-7,0,-9,2,-11,3,-11,3,-10,4,-3,1,0,0,0,0,0,0,0,0,0,0,0,0,0,0,0,0,0,0,-1,-3,-3,-10,-4,-12,-2,-15,-2,-14,-1,-13,0,-14,1,-13,0,-11,-2,-11,-4,-13,-5,-15,-5,-16,-7,-15,-7,-15,-6,-16,-8,-16,-9,-17,-10,-21,-14,-25,-14,-26,-12,-27,-13,-28,-13,-28,-12,-32,-10,-33,-7,-29"
78.36596512794495,960,"CSI,2833,128,77,-47,20,0,22,-1,17,-3,11,-7,7,-11,8,-11,12,-17,12,-21,9,-18,12,-19,18,-25,20,-26,19,-24,20,-21,19,-18,17,-15,14,-12,11,-12,8,-12,5,-10,2,-9,2,-7,2,-9,-2,-10,-2,-12,-2,-14,-1,-4,0,0,0,0,0,0,0,0,0,0,0,0,0,0,0,0,0,0,2,0,10,2,12,1,14,3,14,5,13,7,12,9,13,8,13,7,12,7,10,5,12,3,12,2,13,-1,16,-1,16,2,17,1,18,-2,20,-4,24,-6,29,-9,31,-7,32,-3,36,-2,38,-2,36,-1,35,1"
78.4852831363678,961,"CSI,3797,128,83,49,21,0,-23,-18,-18,-15,-15,-6,-15,1,-18,6,-19,9,-23,12,-29,16,-28,17,-27,15,-28,12,-28,9,-28,7,-27,5,-25,2,-21,0,-18,1,-14,2,-13,1,-12,3,-8,5,-3,6,-2,8,-1,10,-2,11,-1,2,0,0,0,0,0,0,0,0,0,0,0,0,0,0,0,0,0,0,-1,-3,-4,-12,-5,-13,-5,-14,-3,-15,-4,-17,-8,-19,-9,-19,-6,-19,-2,-18,-2,-17,-6,-18,-9,-17,-9,-14,-12,-11,-14,-10,-15,-10,-15,-10,-18,-12,-21,-14,-26,-14,-29,-17,-29,-21,-31,-23,-34,-23,-34,-24,-32,-24"
