timestamp,sample_number,csi_data
0.024035930633544922,1,"CSI,3753,128,83,49,21,0,9,8CSI,3753,128,83,49,21,0,9,8CSI,3753,128,83,49,21,0,9,8CSI,3753,128,83,49,21,0,9,8CSI,3753,128,83,49,21,0,9,8CSI,3753,128,83,49,21,0,9,8CSI,3753,128,83,49,21,0,9,8CSI,3753,128,83,49,21,0,9,8CSI,3753,128,83,49,21,bjbbjbbjbbjbbjbbjbbjbbjbbjbjbjbjbjbjbjbjbjbjbjbjbbjbbjbbbbbbbbbbbbbbbbbbbbjbbjbbjbbjbbjbbjbbjbbjbbjbbjbbjbbjbbjbbbbbbbbbbbbbbbbbbbbbbbbbbbbbj"
0.12738704681396484,2,"CSI,3758,128,83,49,21,0,-12,5,-7,2,1,1,7,2,10,3,11,2,14,4,21,8,22,8,21,7,20,9,18,9,16,8,13,8,11,7,9,6,7,4,4,2,3,-2,3,-3,2,-3,-2,-4,-3,-6,-2,-7,-4,-7,-2,-2,0,0,0,0,0,0,0,0,0,0,0,0,0,0,0,0,0,0,0,-2,0,-8,-1,-9,-1,-9,-1,-10,0,-9,1,-9,2,-11,2,-11,0,-10,-1,-8,-3,-7,-4,-4,-3,-1,-5,1,-11,4,-14,8,-16,8,-18,8,-20,9,-21,10,-23,10,-25,11,-25,14,-25,13,-24,9,-22,10"
0.22996020317077637,3,"CSI,3761,128,83,49,21,0,-12,8,-6,9,-1,11,2,15,4,18,6,18,8,15,11,13,10,15,6,20,3,22,3,20,3,17,3,15,3,12,2,8,2,5,4,3,6,2,7,0,4,-2,3,-1,5,-2,6,-3,7,-4,1,-1,0,0,0,0,0,0,0,0,0,0,0,0,0,0,0,0,0,0,-2,-2,-7,-8,-5,-8,-5,-9,-5,-11,-6,-13,-5,-12,-3,-10,-4,-9,-6,-8,-7,-6,-7,-5,-7,-3,-9,2,-11,4,-11,4,-12,8,-15,11,-20,11,-23,13,-24,11,-25,9,-29,8,-28,8,-25,7,-25,6,-26,4"
0.3371429443359375,4,"CSI,3766,128,83,49,21,0,-19,-7,-15,-5,-12,-2,-13,-2,-15,-2,-15,1,-16,0,-23,-3,-23,0,-18,5,-18,6,-18,4,-16,1,-15,-3,-16,-7,-13,-7,-9,-5,-7,-3,-5,-2,-4,-1,-4,2,-3,3,-4,3,-4,4,-3,6,-1,1,0,0,0,0,0,0,0,0,0,0,0,0,0,0,0,0,0,0,-2,-1,-6,-2,-5,-5,-6,-8,-9,-9,-9,-7,-6,-5,-6,-6,-6,-6,-5,-6,-6,-5,-8,-4,-10,-2,-10,-1,-12,-1,-14,-3,-16,-4,-18,-4,-19,-5,-21,-7,-22,-10,-20,-11,-20,-10,-21,-9,-23,-10,-23,-11,-20,-11"
0.4369320869445801,5,"CSI,3769,128,83,49,21,0,17,-7,13,-9,7,-10,3,-8,1,-11,1,-14,0,-14,-3,-12,0,-16,3,-18,2,-19,2,-20,4,-18,5,-15,7,-11,6,-8,2,-7,-1,-6,-1,-6,-1,-7,-3,-6,-4,-4,-5,-2,-5,-1,-5,-3,-2,-1,0,0,0,0,0,0,0,0,0,0,0,0,0,0,0,0,0,0,2,0,9,2,11,2,14,1,14,1,12,3,12,2,13,2,11,4,10,3,11,1,11,0,11,-2,10,-4,10,-5,11,-4,12,-5,14,-9,15,-12,18,-12,21,-14,23,-16,25,-17,25,-17,27,-17,28,-17,28,-14"
0.4966602325439453,6,"CSI,320,128,83,49,21,0,-17,-6,-17,-9,-20,-9,-23,-9,-23,-9,-19,-6,-16,-6,-15,-9,-12,-8,-10,-4,-9,-1,-8,1,-6,0,-4,2,-2,4,-1,5,-4,6,-6,8,-6,11,-7,10,-9,8,-9,8,-7,5,-4,1,-4,1,-2,0,0,0,0,0,0,0,0,0,0,0,0,0,0,0,0,0,0,0,2,-1,9,-3,7,-1,6,-1,6,-2,6,-1,6,-1,6,-1,3,-2,0,-3,-1,-5,1,-5,0,-9,-1,-14,-2,-15,-3,-15,-1,-15,3,-14,2,-13,2,-12,2,-11,1,-13,0,-14,-2,-11,-4,-5,-4,-2,-5,-2"
0.5363419055938721,7,"CSI,3774,128,83,49,21,0,15,-2,13,-7,12,-10,9,-10,4,-12,1,-15,0,-15,3,-14,3,-17,0,-22,-2,-25,-2,-25,0,-23,3,-19,2,-16,1,-13,1,-10,0,-7,-2,-5,-4,-4,-5,-2,-6,-1,-8,4,-7,6,-7,4,-2,0,0,0,0,0,0,0,0,0,0,0,0,0,0,0,0,0,0,0,1,1,4,4,5,5,5,5,4,5,4,5,4,7,3,9,2,10,2,10,4,7,5,5,5,3,6,1,8,-2,9,-5,12,-7,16,-8,20,-10,21,-12,22,-11,25,-8,27,-7,27,-7,29,-5,34,-6,37,-4"
0.6405191421508789,8,"CSI,3778,128,83,49,21,0,12,-12,7,-10,3,-8,-3,-6,-11,-5,-16,-6,-18,-10,-21,-14,-25,-12,-26,-10,-23,-10,-20,-11,-18,-11,-16,-10,-13,-8,-10,-8,-8,-5,-6,-2,-2,0,0,0,0,0,1,2,3,5,3,5,3,6,0,1,0,0,0,0,0,0,0,0,0,0,0,0,0,0,0,0,0,0,1,0,6,3,7,4,5,5,3,8,1,10,0,11,1,12,2,12,1,11,-2,11,-2,7,2,3,6,0,5,-3,6,-7,8,-11,8,-15,10,-18,14,-19,17,-19,18,-21,20,-21,24,-19,26,-20,27,-24,29,-28"
0.6995160579681396,9,"CSI,327,128,83,49,21,0,15,-13,16,-14,14,-12,12,-12,14,-11,16,-11,17,-8,17,-4,12,-6,6,-8,2,-9,1,-7,0,-4,-4,-3,-7,-4,-8,-4,-10,-4,-9,-6,-7,-6,-7,-4,-8,-5,-7,-5,-6,-4,-5,-3,-3,-1,-1,0,0,0,0,0,0,0,0,0,0,0,0,0,0,0,0,0,0,0,-3,0,-8,3,-5,2,-5,1,-6,1,-6,1,-3,1,-1,1,-1,1,-1,2,2,3,4,5,4,6,4,8,6,12,7,14,7,12,6,11,6,12,7,14,6,14,5,12,3,8,3,5,5,2,8,0,12,-2"
0.7434320449829102,10,"CSI,3782,128,83,49,21,0,-9,10,-5,12,-2,10,3,8,9,11,11,14,9,16,6,19,9,21,12,22,12,21,10,18,8,15,5,15,3,14,3,10,2,6,1,2,2,0,4,-2,4,-4,2,-5,1,-5,3,-8,4,-11,0,-3,0,0,0,0,0,0,0,0,0,0,0,0,0,0,0,0,0,0,-2,-1,-6,-4,-6,-5,-6,-6,-6,-7,-8,-8,-7,-8,-5,-9,-5,-7,-7,-5,-6,-2,-5,1,-6,3,-6,7,-7,9,-9,10,-10,12,-12,14,-15,17,-17,19,-19,20,-20,21,-20,22,-20,20,-22,18,-25,15,-23,12"
0.8018441200256348,11,"CSI,332,128,83,49,21,0,1,19,-1,20,-3,20,-4,21,-7,22,-7,20,-6,18,-9,19,-6,17,-3,11,-1,6,0,4,-1,3,-1,2,1,1,6,1,8,0,8,1,8,3,7,4,7,4,7,4,6,3,4,2,4,3,1,0,0,0,0,0,0,0,0,0,0,0,0,0,0,0,0,0,0,0,0,-2,-2,-8,-4,-8,-4,-6,-2,-5,-1,-5,-3,-4,-6,-3,-5,-2,-3,0,-3,1,-7,1,-10,2,-13,4,-16,3,-18,2,-18,3,-17,1,-16,-2,-16,-1,-14,0,-12,0,-12,1,-11,2,-8,2,-8,5,-6,10"
0.947634220123291,12,"CSI,3790,128,83,49,21,0,-16,3,-11,3,-9,4,-8,8,-7,13,-8,16,-7,19,-5,24,-4,23,-5,18,-6,15,-7,15,-8,15,-7,13,-6,11,-5,10,-4,9,-3,7,-1,5,2,4,4,4,4,4,4,4,5,2,7,1,2,0,0,0,0,0,0,0,0,0,0,0,0,0,0,0,0,0,0,0,-3,-3,-11,-9,-10,-10,-8,-11,-6,-10,-6,-9,-4,-8,-2,-8,0,-7,-2,-5,-5,-3,-7,-2,-7,-2,-10,1,-12,3,-14,3,-15,3,-18,4,-20,3,-26,3,-30,2,-31,1,-33,-1,-31,-2,-29,-3,-27,-3,-25,-4"
1.0502729415893555,13,"CSI,3793,128,83,49,21,0,-13,-11,-11,-7,-8,-1,-4,6,-2,12,-1,15,-1,16,-2,16,-2,19,-1,22,-1,21,-1,20,3,20,5,17,2,15,0,13,1,11,2,10,3,7,3,3,3,1,4,-2,4,-5,4,-6,2,-6,0,-2,0,0,0,0,0,0,0,0,0,0,0,0,0,0,0,0,0,0,2,-2,10,-3,10,0,10,1,10,-2,12,-1,12,2,11,3,10,3,8,3,7,2,3,0,0,-4,-2,-6,-6,-6,-7,-7,-8,-11,-10,-14,-13,-15,-16,-19,-19,-23,-20,-23,-21,-23,-21,-24,-22,-27,-19,-29,-14,-29"
1.153343915939331,14,"CSI,3797,128,83,49,21,0,10,2,5,-1,-1,-3,-6,-4,-9,-6,-11,-8,-15,-7,-18,-5,-19,-6,-19,-10,-18,-11,-16,-9,-16,-8,-16,-10,-15,-8,-12,-4,-9,-3,-7,-2,-5,1,-2,4,0,4,2,2,5,1,6,2,5,3,1,1,0,0,0,0,0,0,0,0,0,0,0,0,0,0,0,0,0,0,-2,1,-5,4,-8,5,-10,5,-11,6,-12,4,-11,0,-9,-2,-6,-2,-5,-2,-2,-2,3,-3,6,-3,7,-4,8,-2,10,1,12,2,15,4,19,4,21,2,22,2,22,2,24,3,28,4,29,3,26,2,23,2"
1.1832201480865479,15,"CSI,2250,128,77,-47,20,0,-8,-4,-4,0,2,3,6,3,9,5,11,8,13,10,11,11,11,13,14,14,16,12,14,8,12,4,9,2,9,4,10,5,9,5,6,3,2,-1,-1,-2,-2,-1,-3,-2,-5,-3,-7,-4,-7,-6,-2,-2,0,0,0,0,0,0,0,0,0,0,0,0,0,0,0,0,0,0,2,0,7,1,7,4,6,6,6,6,9,5,7,5,4,4,-1,3,-3,3,-3,-1,-4,-5,-7,-2,-11,-1,-11,-8,-12,-10,-14,-11,-15,-13,-15,-10,-16,-7,-18,-7,-21,-10,-22,-13,-22,-14,-24,-13,-23,-13,-21,-11"
1.2542591094970703,16,"CSI,3802,128,83,49,21,0,-2,3,4,5,8,5,9,6,13,9,16,9,16,9,19,9,19,8,17,8,16,9,17,11,16,11,14,7,12,6,9,4,9,2,8,1,6,0,4,-2,1,-4,-2,-6,-2,-7,-1,-7,-1,-8,0,-3,0,0,0,0,0,0,0,0,0,0,0,0,0,0,0,0,0,0,-1,-3,-4,-11,-2,-11,1,-11,2,-11,3,-10,3,-10,2,-10,0,-8,-2,-6,-3,-3,-5,1,-6,2,-9,3,-11,5,-13,6,-15,7,-18,9,-20,10,-20,11,-21,8,-24,5,-25,5,-24,6,-22,7,-20,5,-20,2"
1.3567159175872803,17,"CSI,3805,128,83,49,21,0,5,-6,-1,-3,-5,0,-9,2,-14,2,-19,2,-24,3,-27,2,-26,4,-23,8,-23,7,-24,6,-23,6,-21,5,-19,3,-15,2,-8,2,-6,2,-5,0,-1,0,1,1,2,2,5,2,8,0,11,-1,3,-1,0,0,0,0,0,0,0,0,0,0,0,0,0,0,0,0,0,0,0,2,3,10,1,11,-1,13,-3,11,-5,8,-5,8,-5,9,-4,8,-2,3,-2,0,-2,-3,0,-6,3,-6,7,-8,10,-11,11,-13,14,-15,15,-17,16,-17,18,-16,20,-16,20,-21,19,-22,19,-20,19,-17,17,-15"
1.4092121124267578,18,"CSI,2252,128,75,-79,20,0,-3,2,2,1,9,1,14,-1,18,-2,20,-3,23,-6,25,-10,23,-9,20,-8,19,-8,17,-7,18,-6,14,-5,10,-4,9,-3,6,-3,3,-3,2,-3,0,-1,-2,-1,-4,-1,-6,-1,-7,0,-8,1,-3,0,0,0,0,0,0,0,0,0,0,0,0,0,0,0,0,0,0,0,0,-3,4,-11,6,-10,7,-9,6,-7,4,-4,3,-1,2,-1,-1,-2,-5,0,-6,4,-9,7,-12,7,-13,9,-14,11,-18,12,-21,12,-22,10,-22,8,-22,8,-22,10,-20,13,-21,11,-22,9,-21,10,-18,11,-18,7"
1.439749002456665,19,"CSI,2253,128,75,-79,20,0,6,-4,5,-7,3,-9,0,-12,-2,-18,-3,-22,1,-24,8,-23,6,-23,-1,-22,-2,-21,-2,-21,-2,-18,-2,-15,-2,-12,-2,-8,-1,-6,0,-3,-1,0,-1,2,-1,3,-1,4,-1,5,0,6,2,8,0,2,0,0,0,0,0,0,0,0,0,0,0,0,0,0,0,0,0,0,-3,-3,-9,-12,-8,-12,-7,-11,-6,-10,-4,-9,-3,-8,-2,-7,1,-2,1,3,2,6,4,8,3,13,1,17,1,17,1,18,0,22,0,22,2,22,2,23,1,23,0,22,1,19,3,18,4,19,4,18,5,17"
1.4729881286621094,20,"CSI,2254,128,75,-79,20,0,-4,-2,-5,5,-5,11,-7,12,-11,15,-12,18,-13,17,-16,12,-18,12,-16,17,-13,18,-9,17,-6,15,-6,11,-5,10,-4,10,-4,8,-3,2,-1,-2,1,-3,1,-1,3,-3,5,-6,5,-9,5,-9,1,-3,0,0,0,0,0,0,0,0,0,0,0,0,0,0,0,0,0,0,2,1,10,8,8,9,6,9,5,9,3,8,2,5,1,4,-3,2,-4,-4,-3,-8,-3,-10,-3,-13,-1,-18,1,-21,3,-21,1,-22,-1,-23,-2,-23,0,-23,1,-23,1,-24,0,-25,-1,-23,0,-21,1,-18,-1,-16"
1.5025489330291748,21,"CSI,2255,128,75,-79,20,0,1,-5,-4,-9,-8,-13,-9,-16,-10,-17,-9,-19,-10,-20,-13,-20,-12,-18,-10,-16,-9,-15,-8,-16,-9,-14,-8,-11,-5,-9,-3,-7,-2,-4,-4,-2,-5,-1,-4,2,-3,3,-3,3,-4,4,-1,4,2,5,0,1,0,0,0,0,0,0,0,0,0,0,0,0,0,0,0,0,0,0,-3,2,-12,9,-11,7,-10,5,-10,5,-9,3,-6,0,-1,-1,2,0,3,0,3,-1,6,-3,13,-1,18,3,18,5,17,6,19,6,20,7,20,7,22,8,23,8,22,8,22,8,19,10,17,9,16,4,14,1"
1.5616741180419922,22,"CSI,3813,128,83,49,21,0,-5,-1,-1,4,2,7,2,11,3,15,5,16,5,20,3,25,5,26,7,24,6,22,6,22,8,20,7,17,5,13,4,9,4,7,4,5,4,3,4,1,3,-2,2,-4,1,-6,2,-9,3,-11,1,-3,0,0,0,0,0,0,0,0,0,0,0,0,0,0,0,0,0,0,2,-2,8,-6,9,-7,12,-7,12,-5,10,-3,10,-2,11,-2,10,-2,7,-1,3,-3,2,-3,0,-2,-4,-3,-8,-5,-10,-5,-13,-5,-18,-8,-21,-10,-21,-10,-22,-13,-23,-16,-23,-16,-22,-16,-22,-16,-20,-16,-18,-14"
1.659858226776123,23,"CSI,2807,128,-118,32,8,0,-6,10,-11,14,-14,18,-15,21,-15,24,-16,27,-15,28,-13,28,-11,27,-9,25,-8,21,-6,17,-5,12,-5,7,-5,2,-5,-3,-6,-8,-7,-13,-7,-16,-8,-17,-8,-19,-8,-20,-7,-21,-5,-20,-4,-20,-1,-5,0,0,0,0,0,0,0,0,0,0,0,0,0,0,0,0,0,0,-3,-4,-10,-15,-10,-17,-9,-20,-8,-21,-8,-22,-7,-22,-6,-21,-5,-19,-3,-16,-1,-12,2,-8,5,-3,8,1,11,5,15,7,19,9,23,11,26,11,29,11,30,9,31,7,30,6,28,5,23,3,17,2,12,2"
1.693166971206665,24,"CSI,2808,128,-98,96,9,0,5,-10,10,-14,14,-17,16,-19,17,-22,18,-25,17,-28,15,-28,13,-27,11,-27,9,-25,8,-21,6,-17,5,-13,4,-8,3,-2,3,3,3,8,3,11,2,14,2,16,2,18,1,19,-1,20,-2,20,-1,5,0,0,0,0,0,0,0,0,0,0,0,0,0,0,0,0,0,0,3,3,12,15,12,16,11,18,9,19,8,18,7,18,5,16,3,13,1,10,-2,6,-5,2,-9,-2,-12,-5,-16,-8,-19,-10,-22,-11,-26,-12,-29,-12,-31,-12,-32,-11,-31,-9,-30,-7,-27,-5,-23,-4,-18,-3,-14,-3"
1.723423957824707,25,"CSI,3818,128,83,49,21,0,1,-6,-5,-8,-7,-11,-6,-14,-8,-15,-10,-17,-7,-20,-1,-22,-2,-23,-6,-23,-8,-21,-8,-19,-6,-18,-5,-16,-6,-12,-6,-9,-4,-7,-3,-5,-5,-4,-7,-2,-6,0,-4,2,-3,3,-3,5,-4,7,-2,2,0,0,0,0,0,0,0,0,0,0,0,0,0,0,0,0,0,0,1,2,6,7,4,7,2,9,0,10,-2,8,-2,5,-1,3,-1,3,0,2,2,0,5,-1,7,-1,9,-5,12,-8,14,-7,16,-5,18,-4,19,-6,19,-7,20,-5,23,-5,24,-6,22,-5,19,-3,16,-2,14,-5"
1.7670929431915283,26,"CSI,3821,128,83,49,21,0,-6,5,-5,9,-4,12,1,13,5,15,4,19,0,21,-4,17,-5,16,-2,18,0,17,1,17,0,15,0,11,2,8,5,7,5,4,3,1,3,-1,3,-2,3,-2,1,-4,-1,-6,-1,-6,-1,-4,-1,-1,0,0,0,0,0,0,0,0,0,0,0,0,0,0,0,0,0,0,2,-2,10,-4,11,-1,10,0,9,0,8,0,5,-1,3,-1,2,-1,0,-2,-5,-4,-7,-9,-7,-13,-8,-14,-9,-16,-10,-16,-11,-15,-12,-17,-12,-19,-14,-19,-17,-16,-17,-16,-14,-16,-9,-15,-4,-15,-4,-11,-6,-10"
1.8678178787231445,27,"CSI,3825,128,83,49,21,0,-7,-2,-10,2,-12,4,-16,4,-17,2,-16,3,-17,3,-19,-1,-19,2,-19,6,-17,4,-16,2,-15,3,-14,3,-11,1,-5,-2,-3,-2,-4,1,-1,3,2,4,3,5,2,3,1,-1,1,-2,3,0,1,0,0,0,0,0,0,0,0,0,0,0,0,0,0,0,0,0,0,0,3,0,13,0,12,1,11,3,9,5,5,5,5,4,4,1,2,-1,-1,-3,0,-5,2,-9,2,-12,1,-13,3,-14,3,-16,2,-20,2,-20,3,-19,4,-20,4,-22,4,-26,4,-28,3,-25,3,-18,4,-14,1,-12"
1.9711778163909912,28,"CSI,3830,128,83,49,21,0,-1,3,-4,3,-8,6,-13,11,-15,14,-15,13,-14,9,-12,6,-12,7,-13,9,-11,10,-11,8,-9,7,-6,6,-4,3,-7,3,-6,3,-1,0,3,-3,4,-5,5,-4,5,-6,4,-8,2,-7,2,-7,0,-2,0,0,0,0,0,0,0,0,0,0,0,0,0,0,0,0,0,0,-3,-2,-10,-7,-11,-7,-13,-7,-13,-7,-11,-8,-9,-5,-8,-2,-6,0,-4,-1,-1,-1,2,0,6,1,8,3,10,4,14,2,17,2,18,2,20,0,24,-2,26,0,25,2,25,2,22,1,20,0,19,0,19,2"
2.0731308460235596,29,"CSI,3834,128,83,49,21,0,-1,-9,2,-5,3,1,1,7,2,13,2,16,-1,21,-3,26,-2,23,0,20,2,18,1,17,-1,18,-2,16,-2,12,-2,9,-2,8,-1,5,0,3,1,1,0,0,0,-2,3,-4,4,-4,2,-5,0,-2,0,0,0,0,0,0,0,0,0,0,0,0,0,0,0,0,0,0,2,1,8,5,7,5,8,5,9,5,8,6,7,6,6,6,6,5,8,2,6,0,4,-2,4,-3,3,-4,1,-5,-2,-7,-3,-12,-5,-16,-5,-17,-8,-19,-13,-19,-11,-19,-6,-21,-7,-22,-10,-23,-10,-24,-8,-24"
2.175947904586792,30,"CSI,3838,128,83,49,21,0,-4,-4,-7,0,-11,3,-12,5,-11,7,-14,11,-13,10,-9,8,-11,11,-13,13,-12,13,-12,13,-12,10,-11,8,-9,6,-7,5,-5,4,-2,3,1,2,4,1,4,1,6,1,8,2,8,3,9,3,2,0,0,0,0,0,0,0,0,0,0,0,0,0,0,0,0,0,0,0,2,-1,10,0,10,1,10,2,8,3,6,4,5,3,4,1,1,-3,-1,-3,-2,-4,-4,-6,-4,-9,-6,-13,-8,-16,-6,-18,-2,-20,-3,-21,-6,-23,-4,-22,-1,-21,2,-19,2,-19,-1,-19,-4,-20,-5,-18,-6,-16"
2.2346060276031494,31,"CSI,388,128,83,49,21,0,3,14,1,17,-1,20,-2,21,-3,20,-3,17,1,13,5,10,3,7,-1,5,-1,5,-2,6,0,4,2,-1,4,-2,5,0,8,-1,9,-2,8,-2,9,-3,9,-4,6,-4,5,-3,5,-1,6,2,1,0,0,0,0,0,0,0,0,0,0,0,0,0,0,0,0,0,0,0,-1,-1,0,-3,4,-5,4,-7,0,-8,0,-8,0,-7,-1,-6,-2,-3,-1,1,-1,2,-4,0,-6,-1,-7,0,-8,1,-10,2,-12,2,-14,3,-15,4,-14,4,-12,2,-9,1,-8,0,-7,0,-6,2,-2,2,0,2"
2.280316114425659,32,"CSI,3842,128,83,49,21,0,13,3,10,-2,4,-5,0,-8,0,-13,1,-16,6,-17,10,-18,4,-20,0,-22,2,-22,3,-21,3,-19,3,-18,2,-16,3,-11,2,-6,1,-5,-1,-5,-5,-3,-5,-1,-4,1,-6,3,-8,5,-7,6,-2,1,0,0,0,0,0,0,0,0,0,0,0,0,0,0,0,0,0,0,-1,2,-5,9,-7,7,-7,7,-8,7,-9,6,-9,5,-7,6,-6,3,-5,1,-3,2,-1,4,2,5,6,6,10,5,13,5,15,7,16,10,16,12,18,13,19,13,19,15,20,16,19,14,19,13,17,12,14,13"
2.3835701942443848,33,"CSI,3846,128,83,49,21,0,-11,-5,-10,-1,-8,3,-5,7,-5,9,-10,10,-12,11,-9,12,-9,11,-13,10,-16,9,-17,10,-16,11,-14,8,-12,6,-12,5,-11,3,-7,6,-2,5,-1,2,0,1,2,2,4,4,6,5,6,4,1,0,0,0,0,0,0,0,0,0,0,0,0,0,0,0,0,0,0,0,-2,-3,-7,-9,-4,-9,0,-9,1,-9,2,-8,2,-8,1,-8,-2,-9,-3,-8,-5,-5,-6,-3,-7,-4,-10,-3,-12,-3,-13,-4,-16,-4,-18,-4,-17,-7,-18,-9,-22,-8,-23,-7,-21,-11,-18,-15,-18,-14,-21,-10,-21,-11"
2.4836089611053467,34,"CSI,3850,128,83,49,21,0,13,-4,9,-4,5,-5,0,-7,-5,-10,-9,-13,-9,-13,-7,-13,-9,-17,-14,-21,-17,-22,-15,-21,-11,-20,-9,-18,-9,-17,-8,-17,-5,-15,-4,-11,-3,-6,-1,-3,-1,-1,-1,2,-1,6,0,7,0,8,0,2,0,0,0,0,0,0,0,0,0,0,0,0,0,0,0,0,0,0,1,1,5,8,3,11,1,12,1,12,1,10,-1,9,-2,10,-2,10,-1,8,0,5,1,5,4,4,8,0,8,-1,8,-3,11,-7,16,-7,18,-7,20,-8,23,-6,23,-6,22,-9,24,-10,26,-9,25,-6,25,-5"
2.5412890911102295,35,"CSI,399,128,83,49,21,0,3,15,5,18,5,20,4,20,3,18,4,16,4,11,6,5,6,6,3,8,0,7,-1,7,-1,6,1,2,4,-2,6,-4,6,-4,7,-6,8,-7,8,-8,6,-7,6,-5,6,-3,3,-2,2,-3,0,-1,0,0,0,0,0,0,0,0,0,0,0,0,0,0,0,0,0,0,0,-2,3,-6,3,-3,2,-1,3,-1,4,-4,6,-6,4,-5,1,-3,0,-2,0,-3,-3,-1,-5,3,-5,5,-7,5,-11,5,-15,4,-17,2,-19,1,-19,0,-17,1,-15,2,-13,1,-8,2,-4,4,-1,4,1,5"
2.586494207382202,36,"CSI,3854,128,83,49,21,0,11,2,10,-2,7,-7,5,-8,2,-10,-1,-15,-2,-15,-3,-12,-1,-16,1,-20,-2,-19,-3,-18,-1,-19,-1,-19,-2,-18,-2,-16,-1,-11,0,-7,0,-4,0,-3,-1,-1,-4,3,-4,6,-3,8,-5,6,-2,1,0,0,0,0,0,0,0,0,0,0,0,0,0,0,0,0,0,0,-2,1,-8,6,-9,5,-11,4,-12,3,-11,2,-11,2,-10,3,-8,3,-7,5,-5,4,-2,3,1,4,4,5,9,7,11,10,11,9,13,9,17,9,19,10,20,13,18,17,16,17,18,14,20,13,20,15,19,17"
2.6438539028167725,37,"CSI,403,128,83,49,21,0,-19,3,-20,3,-21,1,-21,1,-21,1,-21,-1,-18,0,-12,2,-7,2,-6,1,-8,1,-6,1,-1,3,1,6,1,7,2,5,1,5,3,7,4,8,3,9,3,9,3,7,2,5,3,4,2,4,0,0,0,0,0,0,0,0,0,0,0,0,0,0,0,0,0,0,0,0,1,0,4,2,5,2,4,3,3,3,4,2,3,2,0,2,-2,1,-2,0,-1,-5,0,-10,1,-11,2,-11,3,-13,3,-13,2,-13,2,-15,3,-16,5,-18,6,-16,4,-13,1,-12,-2,-9,-4,-4,-6,-2,-9,-3"
2.6891329288482666,38,"CSI,3858,128,83,49,21,0,10,-4,6,-4,5,-4,1,-4,-5,-5,-10,-7,-15,-10,-18,-16,-18,-17,-18,-13,-18,-12,-16,-14,-15,-15,-14,-15,-12,-13,-9,-11,-6,-11,-5,-9,-6,-6,-7,-3,-5,-2,-5,-1,-5,2,-3,6,-3,9,-1,2,0,0,0,0,0,0,0,0,0,0,0,0,0,0,0,0,0,0,1,0,4,3,4,5,5,6,7,8,8,10,11,11,12,12,9,10,6,9,6,8,6,6,5,3,6,0,8,-2,9,-4,9,-8,7,-10,8,-11,12,-14,16,-15,19,-14,21,-16,20,-16,21,-16,23,-17,24,-17"
2.747742176055908,39,"CSI,408,128,83,49,21,0,-22,7,-24,5,-23,2,-20,-1,-19,-1,-18,0,-15,1,-17,3,-17,4,-10,3,-4,1,-1,1,-1,3,-1,6,1,9,2,9,2,8,2,8,4,8,4,9,2,11,1,10,0,8,-2,6,-4,3,-2,0,0,0,0,0,0,0,0,0,0,0,0,0,0,0,0,0,0,0,1,0,8,0,8,0,8,0,6,0,6,0,5,-1,4,-2,2,-2,2,-3,5,-7,3,-8,0,-8,-3,-10,-3,-12,0,-13,-1,-14,-2,-15,-3,-16,-4,-16,-3,-15,-1,-14,-3,-12,-6,-9,-8,-4,-9,1,-11,3"
2.792186975479126,40,"CSI,3862,128,83,49,21,0,-1,-19,-5,-14,-7,-9,-9,-6,-11,-4,-15,-5,-19,-2,-20,4,-19,4,-19,-1,-20,-3,-22,-6,-21,-8,-18,-7,-17,-6,-16,-4,-12,-3,-8,-4,-7,-2,-6,1,-3,1,-2,4,-1,6,1,6,0,5,0,1,0,0,0,0,0,0,0,0,0,0,0,0,0,0,0,0,0,0,1,-2,5,-8,5,-9,7,-9,8,-7,9,-7,10,-7,11,-5,11,-4,9,-3,5,-2,3,-2,2,-2,-1,-4,-5,-6,-7,-10,-7,-16,-5,-20,-4,-23,-4,-26,-3,-27,-2,-25,0,-25,-1,-23,-5,-23,-3,-24,1,-22"
2.850253105163574,41,"CSI,412,128,83,49,21,0,-14,-11,-16,-12,-15,-13,-13,-13,-13,-12,-12,-12,-6,-9,0,-5,-1,-6,-4,-6,-3,-3,-4,-1,-4,2,-3,3,-3,5,-4,6,-6,7,-9,5,-11,4,-11,4,-8,5,-5,5,-4,5,-4,4,-6,3,-2,0,0,0,0,0,0,0,0,0,0,0,0,0,0,0,0,0,0,0,1,0,5,2,4,3,3,5,3,6,4,5,2,3,0,1,0,0,1,-1,2,-2,1,-4,1,-6,2,-9,5,-12,8,-12,8,-10,7,-9,6,-10,7,-9,8,-7,6,-6,3,-6,0,-6,-1,-5,-4,-6,-8,-4"
2.894386053085327,42,"CSI,3865,128,83,49,21,0,6,-13,4,-12,1,-10,-3,-10,-7,-12,-11,-15,-9,-14,-5,-12,-6,-13,-11,-15,-13,-16,-14,-16,-12,-15,-7,-14,-6,-13,-4,-11,-3,-9,-3,-4,-4,-1,-4,-1,-5,-2,-5,0,-4,3,-4,7,-5,10,-2,2,0,0,0,0,0,0,0,0,0,0,0,0,0,0,0,0,0,0,1,1,8,4,9,7,10,10,9,8,7,5,4,3,1,2,-1,2,1,1,3,-3,5,-5,5,-6,6,-8,7,-13,8,-16,9,-16,9,-16,11,-18,13,-18,13,-15,14,-16,16,-19,14,-18,14,-19,15,-18,13,-14"
2.9522652626037598,43,"CSI,415,128,83,49,21,0,-11,15,-12,17,-10,17,-11,16,-13,17,-14,18,-8,14,-1,9,-3,6,-7,5,-4,2,2,0,5,1,6,2,5,1,5,0,6,-1,9,1,10,3,10,1,8,-1,8,1,8,3,6,3,6,3,1,0,0,0,0,0,0,0,0,0,0,0,0,0,0,0,0,0,0,0,2,0,7,1,6,1,5,0,3,0,3,1,3,1,2,1,1,-2,-2,-3,-4,-1,-7,-1,-9,-4,-7,-7,-4,-9,-3,-10,-5,-12,-8,-14,-7,-13,-6,-13,-5,-13,-4,-11,-2,-7,-1,-6,-3,-4,-5,-1,-4,2"
2.9888570308685303,44,"CSI,556,128,75,-79,20,0,17,-9,18,-9,17,-8,19,-5,20,-4,19,-5,15,-4,7,0,5,2,6,1,4,-1,2,-3,-2,-6,-6,-7,-5,-8,-5,-9,-5,-8,-4,-10,-4,-13,-5,-13,-4,-10,-2,-9,-2,-9,-2,-8,-1,-8,0,-2,0,0,0,0,0,0,0,0,0,0,0,0,0,0,0,0,0,0,-2,-2,-7,-6,-6,-5,-6,-3,-5,-2,-5,-2,-4,-2,-3,-1,-2,-1,0,-1,1,2,1,6,-1,8,-1,7,2,8,1,10,0,11,1,11,1,8,0,7,-2,9,-2,10,0,7,0,2,1,-1,4,-3,7,-3"
3.0964572429656982,45,"CSI,3873,128,83,49,21,0,0,1,2,-2,5,-4,7,-7,8,-9,9,-11,9,-12,5,-10,7,-10,9,-12,7,-14,6,-15,6,-12,6,-9,5,-9,4,-10,3,-8,0,-6,-2,-2,-2,1,-3,2,-3,2,-5,3,-6,4,-5,2,-1,0,0,0,0,0,0,0,0,0,0,0,0,0,0,0,0,0,0,0,-3,-2,-8,-7,-4,-9,-2,-11,-2,-10,-2,-9,0,-7,2,-4,3,-1,0,-1,0,0,1,2,3,6,2,9,1,11,0,14,-1,14,-3,15,-3,18,-4,21,-5,20,-8,21,-8,22,-5,20,-1,16,2,14,2,14"
3.3017830848693848,46,"CSI,3882,128,83,49,21,0,-13,0,-9,-2,-5,-3,-1,-3,2,-3,4,-6,6,-9,6,-12,5,-13,7,-11,9,-10,9,-9,9,-10,8,-10,8,-7,9,-7,7,-7,3,-6,1,-3,0,-1,-1,0,1,1,3,3,1,4,-2,6,-1,1,0,0,0,0,0,0,0,0,0,0,0,0,0,0,0,0,0,0,1,1,4,3,6,1,7,3,6,4,5,4,3,3,2,3,2,5,3,4,2,1,2,0,-1,-1,-5,-4,-8,-6,-8,-4,-8,-3,-11,-3,-12,-3,-13,-1,-15,-2,-18,-3,-21,-1,-21,2,-21,3,-20,2,-19,-1"
3.4036850929260254,47,"CSI,3885,128,83,49,21,0,11,2,7,2,4,3,-1,5,-6,4,-10,2,-12,-1,-14,-5,-17,-5,-21,-1,-23,3,-22,6,-19,6,-16,5,-13,2,-11,0,-9,-2,-6,-3,-3,-4,-1,-4,0,-2,1,-3,3,-5,5,-6,7,-6,2,-2,0,0,0,0,0,0,0,0,0,0,0,0,0,0,0,0,0,0,-3,0,-9,0,-8,-3,-8,-6,-7,-6,-5,-7,-4,-9,-3,-9,-1,-8,0,-6,0,-5,1,-5,2,-3,5,-2,7,-2,9,0,13,3,15,3,12,4,12,7,15,5,18,5,21,5,21,1,20,-2,21,-1,23,-1"
3.506012201309204,48,"CSI,3890,128,83,49,21,0,18,2,12,0,6,-3,3,-3,-3,-2,-7,-4,-10,-6,-12,-3,-11,-1,-9,-4,-11,-8,-15,-10,-15,-10,-11,-9,-9,-9,-9,-9,-8,-7,-6,-5,-5,-2,-2,-1,-1,1,0,1,2,1,4,3,3,5,0,1,0,0,0,0,0,0,0,0,0,0,0,0,0,0,0,0,0,0,0,1,1,7,2,8,-1,6,-4,6,-4,7,-5,6,-4,4,0,4,0,4,-2,3,-2,2,0,1,2,0,3,-3,4,-4,6,-3,9,-3,14,-3,17,-4,19,-5,21,-5,21,-5,19,-7,20,-8,21,-7,17,-4"
3.5678019523620605,49,"CSI,439,128,83,49,21,0,-16,-13,-15,-14,-15,-15,-16,-14,-14,-13,-11,-13,-13,-12,-16,-10,-15,-7,-12,-4,-9,-3,-7,-3,-7,0,-4,3,-4,5,-6,5,-6,6,-4,8,-4,8,-5,8,-6,9,-5,9,-5,7,-5,5,-6,4,-2,1,0,0,0,0,0,0,0,0,0,0,0,0,0,0,0,0,0,0,0,0,0,2,-1,3,-2,4,-3,4,-1,2,-1,0,-1,1,0,0,0,-1,0,-4,2,-6,5,-6,7,-7,7,-6,8,-6,11,-7,11,-8,10,-6,11,-3,10,-1,7,-4,7,-5,5,-4,1,-5,-4,-4,-7,-4"
3.607252836227417,50,"CSI,3894,128,83,49,21,0,6,-15,5,-10,4,-7,7,-4,10,0,9,2,9,2,14,2,15,2,14,2,12,1,11,0,12,-1,11,-3,10,-3,10,-2,8,-2,5,-2,3,-2,2,-1,2,0,2,1,3,3,3,5,3,8,0,2,0,0,0,0,0,0,0,0,0,0,0,0,0,0,0,0,0,0,0,-2,3,-7,3,-6,3,-8,3,-11,3,-10,2,-8,0,-7,-2,-6,0,-5,1,-5,0,-4,0,-4,2,-2,6,1,9,3,7,2,6,1,7,0,10,-4,13,-8,15,-9,15,-10,14,-10,12,-11,10,-12,10,-12"
3.7111971378326416,51,"CSI,3897,128,83,49,21,0,-8,-5,-3,-3,0,-1,3,-1,7,1,8,3,9,4,12,3,13,7,10,13,10,13,9,12,6,11,3,10,2,11,2,12,3,10,2,5,1,1,1,-1,-1,-4,0,-4,1,-4,-2,-5,-6,-6,-2,-2,0,0,0,0,0,0,0,0,0,0,0,0,0,0,0,0,0,0,1,-2,7,-5,7,-5,7,-4,7,-4,6,-4,5,-1,5,-1,3,-2,0,0,0,0,0,-2,-2,-2,-3,-2,-4,-2,-6,-2,-7,-2,-11,-2,-15,-3,-17,-4,-19,-3,-19,-3,-17,-4,-18,-5,-22,-8,-24,-6,-22,0"
3.7721221446990967,52,"CSI,447,128,83,49,21,0,-10,-16,-12,-16,-11,-16,-12,-15,-11,-16,-11,-16,-10,-11,-6,-5,-3,-6,-1,-8,-2,-6,-3,-2,-3,1,-2,4,-3,7,-4,8,-3,6,-4,7,-5,8,-5,7,-6,6,-8,6,-6,4,-3,3,-3,2,-1,0,0,0,0,0,0,0,0,0,0,0,0,0,0,0,0,0,0,0,0,0,0,1,-2,2,-4,4,-5,3,-4,1,-4,-1,-3,0,-2,1,0,-2,3,-5,6,-5,7,-3,9,-3,11,-3,11,-2,9,-1,8,0,8,1,11,-1,11,0,6,1,2,1,1,-1,0,-4,-2,-6,-4,-9"
3.812821865081787,53,"CSI,3902,128,83,49,21,0,-7,6,-1,6,5,6,9,6,11,4,12,6,14,6,15,3,12,7,9,11,8,9,6,10,7,11,6,8,4,7,3,6,3,4,2,1,4,0,5,-1,4,-4,3,-6,2,-5,3,-5,5,-7,1,-2,0,0,0,0,0,0,0,0,0,0,0,0,0,0,0,0,0,0,-3,0,-11,1,-9,-3,-7,-5,-6,-5,-7,-5,-8,-4,-7,-3,-6,-2,-4,2,-3,7,-3,7,-3,7,-6,9,-7,11,-6,13,-6,14,-7,14,-8,14,-11,17,-14,16,-15,13,-14,12,-12,11,-11,11,-9,11,-7,9"
3.914727210998535,54,"CSI,3905,128,83,49,21,0,4,4,7,0,10,0,13,4,14,5,14,5,14,7,11,10,8,12,9,10,10,7,10,5,9,4,6,3,4,3,5,3,4,3,3,1,2,-1,2,-1,1,-1,2,-7,4,-9,5,-8,3,-9,0,-3,0,0,0,0,0,0,0,0,0,0,0,0,0,0,0,0,0,0,-3,1,-9,2,-8,-1,-9,-1,-9,0,-8,0,-4,0,-3,0,-4,3,-5,5,-4,6,-4,8,-5,11,-4,13,-2,13,-4,12,-4,15,-5,17,-6,16,-8,13,-10,13,-9,14,-7,13,-6,12,-4,12,-2,12,-1,12"
3.9770588874816895,55,"CSI,456,128,83,49,21,0,16,17,17,19,17,18,14,17,14,18,13,16,8,14,3,12,4,10,5,8,5,5,5,1,4,-3,1,-7,1,-10,3,-12,3,-13,1,-12,0,-11,2,-11,3,-11,1,-9,-1,-7,0,-6,2,-4,0,-1,0,0,0,0,0,0,0,0,0,0,0,0,0,0,0,0,0,0,0,-2,3,-5,3,-3,3,-3,4,-3,4,-3,2,-2,-1,-1,-2,-1,-2,-1,-5,1,-8,3,-10,2,-10,1,-14,1,-19,3,-21,1,-19,-2,-16,-2,-14,0,-12,0,-12,-1,-10,0,-5,4,-2,6,1,5,7,6"
4.021983861923218,56,"CSI,3910,128,83,49,21,0,-9,-10,-7,-3,-9,2,-11,6,-12,10,-13,12,-13,16,-13,20,-13,18,-13,15,-13,12,-16,10,-15,10,-13,11,-12,8,-12,6,-10,6,-7,5,-3,5,0,5,1,5,2,7,4,8,4,8,2,9,0,2,0,0,0,0,0,0,0,0,0,0,0,0,0,0,0,0,0,0,-1,-2,-2,-9,-1,-10,-1,-12,0,-13,2,-11,3,-11,2,-12,2,-13,4,-13,4,-10,0,-9,-2,-10,-2,-8,-6,-7,-11,-8,-13,-8,-15,-8,-18,-10,-21,-11,-19,-14,-18,-18,-19,-18,-19,-17,-19,-16,-20,-14,-19,-13"
4.0785651206970215,57,"CSI,460,128,83,49,21,0,11,-20,12,-20,14,-19,15,-17,15,-16,15,-12,17,-9,20,-12,17,-13,11,-9,6,-6,4,-8,2,-8,1,-7,1,-9,2,-9,2,-7,0,-8,-1,-9,0,-11,2,-11,3,-10,4,-8,5,-7,3,-5,0,-1,0,0,0,0,0,0,0,0,0,0,0,0,0,0,0,0,0,0,1,0,3,3,2,2,1,3,2,3,2,2,0,2,1,3,3,3,4,2,4,1,4,-1,6,-3,9,-4,13,-6,16,-6,16,-3,14,1,13,2,14,2,16,2,15,0,13,1,12,2,10,-3,8,-10,8,-16"
4.121308088302612,58,"CSI,3914,128,83,49,21,0,1,4,4,6,6,7,10,11,15,12,16,14,16,14,17,12,13,12,10,13,10,12,8,11,6,11,5,10,6,9,8,7,7,3,6,0,5,-2,8,-2,10,-3,8,-5,6,-5,6,-3,8,-2,2,-1,0,0,0,0,0,0,0,0,0,0,0,0,0,0,0,0,0,0,-3,-1,-9,-4,-9,-5,-10,-4,-8,-4,-8,-6,-6,-7,-5,-6,-5,-4,-6,-2,-4,-1,-3,2,-5,4,-6,4,-6,5,-8,8,-10,13,-13,14,-15,13,-16,12,-16,11,-16,9,-14,7,-14,8,-14,10,-15,10,-17,10"
4.184473037719727,59,"CSI,463,128,83,49,21,0,-16,12,-19,13,-20,11,-21,9,-19,8,-18,7,-18,8,-15,11,-11,10,-8,4,-6,-1,-3,1,-3,6,-2,8,-1,8,-1,9,0,9,-2,10,-5,11,-6,10,-2,9,-1,7,-2,6,-3,4,-2,3,-1,0,0,0,0,0,0,0,0,0,0,0,0,0,0,0,0,0,0,0,0,-2,2,-8,2,-9,2,-9,2,-9,-1,-8,-3,-7,-3,-6,0,-5,-1,-5,-6,-4,-9,-4,-11,-2,-13,-2,-14,-5,-16,-10,-17,-12,-17,-10,-14,-10,-12,-11,-13,-12,-14,-12,-12,-11,-10,-8,-8,-4,-8,2,-11,7"
4.223146915435791,60,"CSI,3917,128,83,49,21,0,15,3,13,0,12,-5,11,-13,12,-18,16,-18,19,-19,17,-21,14,-20,15,-16,15,-14,15,-13,15,-13,14,-10,13,-8,13,-7,10,-8,9,-7,8,-7,5,-7,3,-7,1,-8,-1,-9,-2,-10,-2,-11,-1,-3,0,0,0,0,0,0,0,0,0,0,0,0,0,0,0,0,0,0,2,2,7,10,3,8,2,8,3,9,2,10,1,9,1,5,3,5,5,6,7,6,10,7,12,4,13,-1,14,-3,15,-2,16,-1,17,1,17,1,18,2,21,6,22,11,20,11,18,8,18,7,18,8,17,8"
4.28576397895813,61,"CSI,468,128,83,49,21,0,-10,18,-11,14,-13,15,-15,18,-14,20,-12,16,-13,12,-16,11,-14,11,-8,9,-5,8,-4,7,-2,5,-1,3,1,2,3,5,4,7,4,8,3,6,1,5,1,5,2,5,2,6,2,5,0,1,-1,0,0,0,0,0,0,0,0,0,0,0,0,0,0,0,0,0,0,0,-1,-2,-3,-10,-3,-11,-3,-10,-3,-10,-3,-10,-3,-9,-4,-7,-4,-4,-5,-3,-7,-1,-9,1,-10,1,-14,1,-19,1,-21,0,-21,-1,-20,-3,-20,-4,-18,-4,-15,-5,-12,-4,-12,-3,-11,-3,-10,-2,-8,4,-5,9"
4.3253819942474365,62,"CSI,3921,128,83,49,21,0,10,2,8,-2,6,-9,6,-15,8,-19,11,-22,10,-20,9,-14,12,-16,15,-20,15,-19,12,-18,10,-19,10,-16,9,-12,7,-10,5,-9,2,-8,-1,-7,-5,-6,-6,-5,-7,-3,-9,-3,-9,-5,-7,-5,-2,-2,0,0,0,0,0,0,0,0,0,0,0,0,0,0,0,0,0,0,1,2,3,10,2,9,2,10,1,11,0,10,2,9,4,9,4,7,2,5,3,5,4,5,6,4,10,2,15,1,19,1,21,1,22,0,23,0,28,4,30,5,28,8,28,10,27,10,25,9,22,10,19,11"
4.38575291633606,63,"CSI,472,128,83,49,21,0,11,11,12,10,11,10,10,11,10,13,8,13,4,9,1,4,1,4,2,3,1,0,4,1,5,2,4,1,3,-3,2,-6,2,-6,2,-5,3,-4,1,-2,2,-1,4,-2,3,-4,2,-4,2,-4,0,-1,0,0,0,0,0,0,0,0,0,0,0,0,0,0,0,0,0,0,0,-3,0,-8,-1,-7,-1,-9,-2,-10,-3,-10,-2,-8,-1,-5,-3,-3,-5,0,-5,3,-6,5,-11,7,-13,7,-11,5,-11,6,-14,8,-15,8,-16,7,-17,5,-16,4,-13,4,-10,3,-7,3,-3,6,-1,5,1,5"
4.431960105895996,64,"CSI,3925,128,83,49,21,0,-15,-6,-15,-1,-16,0,-18,0,-20,2,-25,3,-23,4,-16,4,-17,-2,-23,-5,-24,-3,-21,-3,-18,-1,-14,1,-10,2,-11,3,-11,5,-8,5,-7,4,-5,4,-4,5,-4,5,-4,7,-3,10,-1,11,0,2,0,0,0,0,0,0,0,0,0,0,0,0,0,0,0,0,0,0,0,-3,0,-11,-1,-12,-1,-14,1,-14,3,-13,1,-12,2,-9,2,-7,0,-6,-3,-6,-5,-7,-8,-8,-12,-10,-14,-11,-15,-14,-18,-19,-19,-21,-19,-22,-20,-25,-18,-26,-14,-27,-12,-27,-10,-25,-8,-24,-5,-24,0,-20"
4.53068208694458,65,"CSI,3929,128,83,49,21,0,14,8,16,3,15,-3,13,-7,13,-8,16,-9,20,-13,24,-15,25,-13,24,-11,21,-9,18,-10,19,-9,21,-5,20,-4,19,-4,16,-3,13,-2,12,-4,9,-6,5,-8,4,-10,3,-10,2,-10,1,-13,-1,-4,0,0,0,0,0,0,0,0,0,0,0,0,0,0,0,0,0,0,0,2,2,9,2,10,3,12,4,12,2,11,1,12,0,12,1,12,0,11,-2,8,1,7,7,7,12,7,16,8,17,8,18,8,20,9,22,10,25,12,25,16,23,19,23,19,22,19,19,19,17,19,15,16"
4.637507915496826,66,"CSI,3934,128,83,49,21,0,-17,-3,-13,2,-11,6,-12,12,-16,18,-18,22,-17,22,-19,19,-21,20,-20,22,-17,23,-15,24,-15,24,-14,21,-13,14,-12,10,-9,9,-6,9,-4,8,-3,6,-1,5,1,6,5,8,7,8,6,8,1,2,0,0,0,0,0,0,0,0,0,0,0,0,0,0,0,0,0,0,-2,-2,-4,-8,-5,-9,-6,-12,-6,-14,-3,-15,-2,-17,-2,-18,-2,-17,-1,-16,-2,-15,-3,-12,-7,-8,-12,-7,-13,-6,-14,-4,-19,-4,-23,-6,-25,-6,-29,-4,-33,-7,-33,-11,-31,-13,-32,-15,-33,-18,-30,-19,-28,-16"
4.676533937454224,67,"CSI,558,128,75,-79,20,0,2,16,3,16,3,17,3,16,2,15,0,10,2,11,4,17,4,13,3,5,3,1,3,0,4,0,6,1,7,1,8,0,8,-2,9,-4,9,-3,9,-1,7,0,5,0,3,-2,2,-3,1,-3,0,-1,0,0,0,0,0,0,0,0,0,0,0,0,0,0,0,0,0,0,0,-3,3,-9,6,-8,6,-8,5,-9,4,-9,3,-8,1,-5,0,-4,-2,-4,-4,-2,-8,0,-14,1,-17,0,-15,-1,-16,-2,-18,-2,-16,-2,-12,-3,-11,-5,-10,-5,-9,-2,-9,-1,-8,-3,-4,-2,0,2,1,5"
4.707113981246948,68,"CSI,559,128,75,-79,20,0,-13,-11,-12,-14,-8,-16,-7,-15,-8,-13,-8,-12,-6,-8,-2,-2,0,-1,1,-3,-2,-4,-5,-3,-6,-3,-7,-2,-8,0,-9,0,-9,-2,-9,-3,-8,-1,-9,-1,-9,-2,-8,0,-5,-1,-3,-1,-3,1,-2,0,0,0,0,0,0,0,0,0,0,0,0,0,0,0,0,0,0,0,2,2,9,8,8,7,8,7,7,6,6,4,6,2,5,0,3,-1,3,-2,6,-4,7,-7,7,-9,5,-11,5,-14,8,-14,9,-10,10,-7,13,-8,13,-7,10,-5,7,-4,4,-6,-1,-7,-3,-4,-3,-4,-6,-5"
4.740451097488403,69,"CSI,2256,128,75,-79,20,0,-4,-16,-7,-7,-10,-3,-14,-1,-17,1,-19,3,-25,2,-31,1,-32,2,-29,0,-28,-2,-27,-2,-26,-1,-23,-3,-20,-4,-17,-3,-12,-1,-10,0,-8,2,-6,3,-3,5,0,7,2,7,2,7,2,8,0,2,0,0,0,0,0,0,0,0,0,0,0,0,0,0,0,0,0,0,2,-2,8,-7,10,-9,14,-11,15,-10,13,-8,13,-7,14,-6,14,-6,14,-4,13,-3,7,-4,3,-7,1,-9,0,-11,-3,-16,-6,-19,-8,-21,-8,-24,-5,-25,-5,-27,-4,-31,-4,-34,-3,-34,-2,-33,-2,-34,-2,-33"
4.768308162689209,70,"CSI,484,128,83,49,21,0,-18,1,-17,-1,-15,0,-15,2,-14,1,-12,0,-12,1,-16,0,-15,1,-7,3,-3,4,-2,3,-3,2,-1,4,2,8,2,9,1,6,0,5,0,7,0,8,0,7,0,6,0,5,0,3,0,1,0,0,0,0,0,0,0,0,0,0,0,0,0,0,0,0,0,0,0,0,2,0,10,4,9,7,7,8,6,6,7,5,8,4,5,3,2,3,2,3,1,-1,2,-7,3,-12,3,-13,3,-14,4,-15,5,-14,4,-13,3,-13,4,-13,4,-13,3,-13,1,-11,0,-7,-2,-6,-5,-6,-8,-5"
4.795922040939331,71,"CSI,560,128,75,-79,20,0,10,9,12,14,13,13,12,8,8,6,4,8,3,9,6,8,7,4,4,2,4,2,4,1,4,3,6,5,9,5,9,5,6,5,2,6,2,5,2,4,1,4,1,5,1,4,2,2,3,1,0,0,0,0,0,0,0,0,0,0,0,0,0,0,0,0,0,0,0,0,0,2,2,9,-1,7,-2,9,-2,11,-3,10,-3,7,-3,6,-3,7,-1,6,0,3,1,3,6,6,9,9,9,9,7,11,5,14,5,16,2,15,-1,12,-3,9,-4,9,-2,9,-1,5,1,3,6,4,9,5"
4.829345941543579,72,"CSI,2257,128,75,-79,20,0,-15,-1,-11,3,-9,6,-5,10,-4,16,-5,19,-9,20,-15,22,-16,25,-13,28,-11,27,-9,25,-9,21,-12,19,-12,18,-11,13,-8,9,-3,8,-1,7,-2,4,-1,3,5,3,8,1,9,2,10,3,2,0,0,0,0,0,0,0,0,0,0,0,0,0,0,0,0,0,0,0,-2,-1,-7,-4,-8,-8,-10,-12,-11,-13,-12,-10,-14,-9,-14,-11,-11,-11,-8,-10,-6,-11,-8,-9,-11,-6,-13,-4,-14,-2,-14,-1,-18,2,-21,3,-21,4,-25,5,-30,6,-32,5,-33,1,-31,-4,-32,-4,-33,-3,-32,-3"
4.8625710010528564,73,"CSI,2258,128,77,-47,20,0,12,-6,6,-8,2,-13,-3,-14,-7,-16,-8,-18,-8,-18,-9,-17,-8,-20,-6,-22,-9,-25,-11,-25,-9,-24,-4,-23,0,-21,-2,-18,-4,-13,-2,-8,-1,-5,-4,-3,-5,0,-5,2,-7,3,-9,3,-9,4,-3,1,0,0,0,0,0,0,0,0,0,0,0,0,0,0,0,0,0,0,1,1,6,7,6,7,8,9,10,10,9,13,8,13,8,12,7,11,7,9,6,9,6,9,9,6,11,3,12,0,12,-5,15,-11,17,-13,21,-13,26,-14,29,-14,28,-10,27,-6,28,-7,31,-8,32,-8,31,-8"
4.8931190967559814,74,"CSI,2259,128,77,-47,20,0,15,-3,11,-6,7,-9,6,-13,5,-18,2,-22,1,-23,5,-24,8,-26,7,-26,6,-26,3,-25,2,-24,4,-22,4,-19,3,-16,2,-13,4,-10,3,-6,-1,-5,-5,-6,-7,-5,-8,-2,-10,0,-12,-1,-4,-1,0,0,0,0,0,0,0,0,0,0,0,0,0,0,0,0,0,0,1,2,6,8,7,8,7,9,8,12,9,14,7,14,6,11,6,9,6,10,3,11,2,9,5,6,8,3,11,1,13,1,16,-1,20,-4,24,-4,27,-3,29,-1,31,-1,33,-1,35,1,35,4,33,6,30,6"
4.926541090011597,75,"CSI,3938,128,83,49,21,0,-20,-4,-14,3,-8,10,-7,13,-9,15,-10,16,-12,22,-14,28,-14,27,-11,24,-10,21,-12,20,-14,19,-14,14,-13,11,-13,10,-11,7,-8,4,-6,3,-3,4,1,4,4,3,7,4,8,5,8,5,2,1,0,0,0,0,0,0,0,0,0,0,0,0,0,0,0,0,0,0,-3,-2,-10,-8,-9,-9,-8,-11,-8,-13,-10,-14,-11,-13,-10,-13,-7,-14,-8,-13,-9,-10,-8,-8,-6,-7,-7,-5,-11,-2,-15,0,-16,2,-20,3,-23,0,-27,-1,-29,0,-30,-2,-30,-6,-32,-7,-36,-8,-33,-7,-25,-5"
4.959903240203857,76,"CSI,3942,128,83,49,21,0,-11,-4,-9,3,-8,9,-7,10,-8,13,-9,18,-7,20,-6,22,-9,21,-10,21,-9,21,-13,19,-15,17,-12,17,-9,16,-8,13,-7,9,-4,6,-2,5,2,2,4,0,5,1,7,2,9,1,10,0,2,0,0,0,0,0,0,0,0,0,0,0,0,0,0,0,0,0,0,0,0,-3,2,-11,5,-11,6,-9,5,-11,4,-13,5,-12,3,-11,2,-10,3,-10,3,-8,0,-7,-4,-9,-7,-9,-8,-9,-11,-11,-16,-12,-21,-12,-25,-11,-26,-13,-26,-14,-28,-18,-27,-20,-22,-19,-21,-21,-22,-23,-20,-20"
4.987767934799194,77,"CSI,492,128,83,49,21,0,14,-2,15,-2,17,-2,17,-2,18,1,16,1,16,-1,19,-2,16,-4,9,-4,3,-1,0,-2,1,-5,2,-7,2,-8,2,-8,0,-6,-1,-6,1,-8,1,-7,1,-5,2,-5,1,-5,1,-4,2,-2,0,-1,0,0,0,0,0,0,0,0,0,0,0,0,0,0,0,0,0,0,-3,1,-9,4,-10,3,-11,2,-10,3,-8,3,-6,2,-4,1,-4,3,-4,5,-2,5,1,5,4,8,6,10,7,12,6,13,3,15,2,16,4,15,5,14,4,14,3,11,4,8,3,7,3,5,6,0,9,-3"
5.023662090301514,78,"CSI,3945,128,83,49,21,0,3,-19,-2,-11,-7,-7,-9,-8,-13,-10,-19,-10,-22,-12,-22,-17,-22,-18,-24,-15,-23,-15,-19,-17,-18,-18,-18,-16,-15,-12,-14,-10,-14,-9,-12,-8,-9,-5,-7,-2,-6,1,-6,4,-5,5,-5,6,-6,10,-2,2,0,0,0,0,0,0,0,0,0,0,0,0,0,0,0,0,0,0,2,0,8,0,8,1,9,1,10,0,8,0,9,0,10,-1,8,0,9,0,10,-2,10,-3,8,-4,6,-10,7,-16,7,-18,5,-18,6,-21,9,-24,11,-26,11,-28,14,-28,18,-27,16,-25,11,-26,10,-29,12,-26"
5.057109832763672,79,"CSI,2260,128,77,-47,20,0,-7,-12,-13,-10,-15,-6,-15,-2,-18,-2,-21,-2,-22,-6,-25,-12,-24,-12,-21,-11,-21,-10,-21,-9,-18,-8,-15,-8,-13,-8,-11,-8,-8,-4,-6,-1,-5,0,-7,1,-7,2,-5,1,-4,3,-5,6,-5,8,-2,2,0,0,0,0,0,0,0,0,0,0,0,0,0,0,0,0,0,0,1,-2,6,-8,6,-10,6,-10,7,-10,7,-9,6,-9,6,-9,5,-7,3,-6,1,-6,0,-8,-4,-10,-8,-10,-9,-11,-9,-15,-10,-20,-10,-22,-9,-24,-8,-24,-7,-24,-4,-24,-1,-23,1,-22,1,-23,-1,-25,0,-26"
5.087735891342163,80,"CSI,2261,128,77,-47,20,0,-7,12,-5,13,3,12,9,13,13,17,16,16,19,16,22,17,20,16,15,17,11,18,9,18,6,17,6,14,6,11,6,11,5,9,3,6,1,4,3,3,7,2,9,0,9,-2,10,-2,10,-5,2,-2,0,0,0,0,0,0,0,0,0,0,0,0,0,0,0,0,0,0,-2,0,-9,0,-12,2,-14,1,-14,2,-13,1,-10,0,-7,3,-6,6,-8,7,-6,5,-2,4,-2,5,-2,8,-3,11,-5,14,-7,17,-10,19,-13,22,-14,25,-14,24,-15,19,-18,17,-20,17,-18,16,-13,14,-10,14"
5.118273973464966,81,"CSI,495,128,83,49,21,0,12,8,15,9,15,11,16,14,15,14,13,11,10,14,5,18,4,14,7,9,7,5,3,0,2,-2,4,-3,5,-3,5,-5,6,-6,6,-6,5,-6,4,-5,3,-4,3,-4,3,-3,2,-1,0,-1,0,-1,0,0,0,0,0,0,0,0,0,0,0,0,0,0,0,0,0,0,-2,-3,-8,-9,-8,-8,-6,-6,-6,-6,-5,-6,-2,-4,-2,-2,-5,0,-8,1,-8,0,-9,2,-11,5,-10,9,-11,11,-13,10,-15,11,-14,12,-14,10,-14,10,-11,11,-8,10,-8,9,-9,7,-4,5,2,5,5,8"
5.151581048965454,82,"CSI,3949,128,83,49,21,0,-19,12,-17,11,-12,11,-5,12,-1,14,1,17,-3,20,-8,23,-7,25,-6,27,-5,26,-3,24,-3,23,-4,21,-7,20,-9,18,-7,15,-2,12,1,8,1,5,1,4,2,1,6,2,9,4,9,4,2,1,0,0,0,0,0,0,0,0,0,0,0,0,0,0,0,0,0,0,-3,0,-10,1,-12,0,-13,-2,-14,-3,-15,-5,-15,-6,-14,-5,-12,-4,-10,-4,-10,-3,-11,-2,-9,0,-7,4,-10,6,-12,9,-16,12,-21,14,-22,15,-23,15,-25,14,-29,12,-30,11,-30,8,-32,8,-32,10,-30,10"
5.184887886047363,83,"CSI,500,128,83,49,21,0,-13,-15,-12,-19,-9,-23,-9,-26,-8,-24,-5,-20,-7,-16,-11,-13,-8,-9,-5,-6,-5,-5,-5,-5,-5,-5,-8,-5,-11,-3,-12,-1,-13,-2,-12,-2,-11,-3,-11,-5,-9,-4,-8,-2,-7,-1,-5,-1,-3,-3,-1,-1,0,0,0,0,0,0,0,0,0,0,0,0,0,0,0,0,0,0,1,1,6,6,6,6,6,4,6,4,5,3,4,1,3,0,1,-1,2,-2,5,-6,6,-12,7,-13,10,-13,12,-13,14,-13,17,-12,16,-12,15,-11,14,-10,12,-9,11,-7,9,-6,6,-7,4,-9,1,-10,-1,-11"
5.220908880233765,84,"CSI,3953,128,83,49,21,0,-13,-4,-13,3,-15,5,-15,7,-16,12,-17,16,-17,20,-19,23,-21,22,-19,15,-18,11,-17,10,-17,9,-15,7,-15,9,-14,11,-11,9,-9,9,-7,9,-6,8,-2,8,1,7,4,5,6,7,5,7,1,1,0,0,0,0,0,0,0,0,0,0,0,0,0,0,0,0,0,0,-2,-2,-6,-8,-5,-10,-2,-11,-2,-11,-3,-11,-2,-10,-4,-9,-5,-10,-4,-10,-4,-8,-7,-6,-11,-5,-13,-3,-14,-4,-18,-4,-22,-5,-22,-7,-23,-8,-23,-7,-24,-7,-27,-9,-26,-13,-23,-16,-23,-16,-22,-13,-18,-10"
5.249408960342407,85,"CSI,3957,128,83,49,21,0,15,-1,11,-3,5,-8,-1,-15,-2,-20,-1,-23,6,-23,12,-23,10,-27,7,-27,8,-23,8,-20,7,-20,7,-20,8,-15,6,-10,4,-10,0,-11,-2,-10,-3,-9,-5,-10,-7,-8,-7,-5,-8,-6,-10,-8,-3,-3,0,0,0,0,0,0,0,0,0,0,0,0,0,0,0,0,0,0,1,1,4,8,4,9,4,10,4,9,3,9,2,9,2,10,0,8,-1,5,0,5,2,4,4,2,8,0,12,0,16,0,21,-2,24,-4,25,-4,26,-2,27,0,25,3,22,6,22,8,25,6,26,3,21,3"
5.350851058959961,86,"CSI,3962,128,83,49,21,0,-10,12,-4,15,-2,17,-1,18,4,21,4,25,3,24,3,21,1,23,-1,25,-1,24,2,24,3,23,3,19,3,16,3,15,5,13,6,10,6,8,6,7,6,6,6,4,8,3,8,2,7,1,1,0,0,0,0,0,0,0,0,0,0,0,0,0,0,0,0,0,0,0,-4,-1,-13,-2,-13,-2,-13,-4,-12,-6,-12,-8,-11,-8,-10,-6,-11,-4,-10,-3,-7,0,-5,2,-6,5,-9,9,-12,13,-15,15,-19,16,-23,18,-23,19,-24,19,-29,18,-33,17,-30,15,-27,12,-27,8,-26,8,-23,9"
5.413364887237549,87,"CSI,511,128,83,49,21,0,-22,3,-22,2,-21,-2,-20,-4,-20,-4,-20,-4,-17,-2,-14,3,-10,1,-8,-3,-6,-2,-3,0,-2,3,-5,5,-8,7,-9,10,-8,10,-6,10,-5,9,-7,7,-10,5,-10,3,-9,2,-7,2,-4,3,-1,0,0,0,0,0,0,0,0,0,0,0,0,0,0,0,0,0,0,0,0,-1,1,-4,2,-5,2,-6,3,-7,2,-5,-1,-2,-3,-1,-2,-3,-2,-3,-3,-4,-6,-8,-9,-12,-13,-13,-14,-12,-12,-14,-10,-17,-9,-17,-8,-16,-6,-15,-3,-15,-3,-14,-4,-13,-8,-10,-9,-6,-9,-2,-10,1"
5.453804969787598,88,"CSI,3966,128,83,49,21,0,17,7,15,3,13,-2,11,-6,10,-12,12,-18,13,-22,13,-22,14,-21,16,-22,16,-20,14,-19,14,-19,12,-17,11,-17,12,-17,9,-13,5,-9,2,-7,1,-8,-1,-7,-3,-5,-7,-5,-10,-5,-13,-5,-4,-2,0,0,0,0,0,0,0,0,0,0,0,0,0,0,0,0,0,0,-1,2,-2,10,-4,11,-4,12,-4,14,-5,14,-8,11,-9,7,-6,6,-5,7,-4,4,0,2,5,2,7,4,10,6,14,6,17,8,19,11,22,12,26,12,28,14,28,17,26,20,25,22,25,22,25,19,22,19"
5.500406980514526,89,"CSI,2264,128,77,-47,20,0,-13,14,-8,14,-2,13,3,17,8,21,11,24,12,28,12,34,11,33,9,29,6,28,5,25,4,21,5,20,7,20,7,19,5,16,4,12,6,9,7,8,7,8,7,7,9,3,11,0,11,0,2,0,0,0,0,0,0,0,0,0,0,0,0,0,0,0,0,0,0,0,-3,0,-11,1,-11,1,-11,-1,-12,-1,-13,-2,-14,-4,-15,-4,-15,-3,-12,-2,-8,1,-8,5,-8,7,-6,9,-8,13,-10,15,-10,17,-13,19,-17,22,-18,24,-18,25,-20,26,-23,26,-23,24,-25,23,-26,22,-23,17"
5.615573883056641,90,"CSI,519,128,83,49,21,0,9,-15,12,-17,12,-17,13,-17,14,-17,17,-14,17,-15,13,-18,7,-15,4,-9,3,-6,2,-5,0,-6,-3,-8,-4,-10,-5,-11,-6,-10,-7,-10,-5,-10,-1,-9,-2,-7,-3,-8,-2,-6,-1,-5,-2,-7,-1,-2,0,0,0,0,0,0,0,0,0,0,0,0,0,0,0,0,0,0,0,1,1,5,0,6,-2,7,-2,7,-2,5,-3,4,-2,3,1,3,3,1,6,0,10,-1,10,-2,11,0,15,3,17,4,17,6,16,8,15,10,16,11,15,9,12,6,8,6,7,5,6,0,3,-4,2,-6"
5.660074949264526,91,"CSI,3973,128,83,49,21,0,2,-17,2,-11,-4,-6,-13,-6,-18,-6,-20,-6,-20,-8,-17,-9,-21,-11,-26,-12,-27,-11,-26,-10,-26,-11,-23,-10,-19,-11,-17,-12,-15,-11,-11,-8,-9,-4,-8,-1,-7,2,-7,6,-7,9,-6,9,-6,9,-2,2,0,0,0,0,0,0,0,0,0,0,0,0,0,0,0,0,0,0,1,-1,9,-2,10,-3,11,-3,11,-2,10,-2,11,-2,13,-2,10,-2,8,-2,7,-1,5,-3,5,-7,6,-9,6,-11,6,-14,4,-15,3,-17,5,-19,6,-23,6,-27,5,-28,6,-28,8,-30,10,-32,11,-31,12,-30"
5.757094144821167,92,"CSI,3977,128,83,49,21,0,8,14,7,12,8,11,13,9,16,6,17,7,18,8,16,4,15,6,15,11,15,11,14,11,14,11,13,11,12,9,11,9,8,10,6,9,6,6,7,5,8,3,8,1,7,-1,7,-1,8,-2,2,-1,0,0,0,0,0,0,0,0,0,0,0,0,0,0,0,0,0,0,0,1,3,4,5,6,6,9,7,9,6,6,6,8,7,9,7,9,4,11,3,12,6,12,8,12,10,13,10,13,10,10,13,11,14,14,13,17,13,20,14,24,15,26,14,27,13,27,12,28,9,25,7,22"
5.835125923156738,93,"CSI,2265,128,77,-47,20,0,-14,-10,-15,-6,-15,-3,-17,-2,-19,-3,-19,-3,-18,-4,-17,-5,-18,-4,-19,-4,-17,-3,-14,-1,-13,0,-13,0,-12,0,-9,0,-6,3,-7,4,-7,4,-6,3,-6,3,-5,4,-2,6,-1,7,-4,7,-2,1,0,0,0,0,0,0,0,0,0,0,0,0,0,0,0,0,0,0,-1,-4,-3,-12,-3,-9,-2,-7,-2,-8,-4,-8,-6,-6,-8,-7,-10,-10,-11,-8,-10,-7,-11,-10,-11,-13,-11,-13,-14,-14,-15,-16,-17,-17,-18,-18,-16,-19,-15,-19,-16,-17,-16,-17,-17,-17,-15,-16,-14,-18,-13,-19,-10,-20"
5.863023996353149,94,"CSI,2266,128,77,-47,20,0,20,3,16,3,13,0,15,-4,18,-6,18,-7,19,-7,21,-4,20,-4,17,-3,14,-3,13,-4,11,-2,8,-1,7,-3,6,-4,6,-5,6,-7,5,-7,2,-4,0,-3,-2,-4,-3,-6,-1,-9,3,-9,1,-2,0,0,0,0,0,0,0,0,0,0,0,0,0,0,0,0,0,0,1,1,5,8,5,7,5,6,3,4,2,3,4,3,5,5,7,4,10,3,12,3,15,3,19,5,18,9,17,8,18,8,21,10,22,12,19,12,18,10,19,11,22,12,21,10,17,5,16,6,17,7,15,4"
5.895797967910767,95,"CSI,3981,128,83,49,21,0,-4,-18,-6,-16,-6,-13,-7,-13,-9,-17,-9,-18,-10,-14,-11,-10,-9,-11,-5,-13,-3,-12,-6,-10,-9,-10,-8,-10,-6,-7,-5,-5,-5,-4,-4,-2,-6,-1,-6,-3,-4,-4,-3,-2,-5,-1,-6,-1,-6,0,-2,0,0,0,0,0,0,0,0,0,0,0,0,0,0,0,0,0,0,0,1,-2,5,-5,5,-5,5,-5,4,-5,2,-7,2,-8,1,-8,1,-9,0,-12,1,-17,3,-20,2,-20,2,-20,4,-22,5,-24,6,-25,8,-22,9,-19,8,-19,8,-20,7,-18,5,-17,4,-18,2,-17,1,-17,-1,-19"
5.962816953659058,96,"CSI,3986,128,83,49,21,0,5,9,3,5,2,0,3,-2,3,-6,3,-11,6,-11,10,-9,12,-11,12,-12,11,-13,10,-14,9,-12,8,-12,4,-12,4,-11,7,-9,7,-7,3,-8,1,-7,1,-4,1,-4,-1,-1,-5,2,-6,3,-2,0,0,0,0,0,0,0,0,0,0,0,0,0,0,0,0,0,0,0,-2,1,-7,6,-7,4,-7,1,-4,-1,-1,2,-1,3,-1,1,-1,0,0,0,1,0,4,0,7,1,6,3,7,5,9,8,9,10,9,11,10,10,11,10,11,13,12,15,11,14,8,11,9,11,11,10,12,7"
6.064321994781494,97,"CSI,3990,128,83,49,21,0,8,16,9,12,10,8,13,4,16,2,16,1,20,1,27,1,27,1,24,2,22,1,19,1,16,2,14,3,14,3,12,3,8,0,6,-3,7,-3,6,-3,6,-4,6,-5,4,-4,3,-4,2,-6,0,-2,0,0,0,0,0,0,0,0,0,0,0,0,0,0,0,0,0,0,0,1,2,7,0,9,-1,11,-3,11,-3,8,-2,8,-5,8,-5,8,-4,7,-2,6,0,7,1,7,4,8,7,10,10,12,11,13,12,17,13,19,13,18,12,19,12,20,10,23,8,25,8,22,8,19,8,18"
6.169802188873291,98,"CSI,3994,128,83,49,21,0,-3,4,2,2,5,0,9,0,14,2,16,2,16,3,17,7,19,6,20,3,18,2,16,3,14,4,13,2,11,1,7,2,4,2,2,-1,0,-3,-1,-4,-1,-4,-1,-5,-2,-7,-2,-9,-2,-11,-1,-4,0,0,0,0,0,0,0,0,0,0,0,0,0,0,0,0,0,0,-2,-2,-6,-5,-6,-4,-7,-5,-9,-6,-8,-6,-5,-3,-4,-1,-4,0,-3,-1,-3,-1,-4,1,-4,5,-5,9,-9,10,-11,12,-12,14,-11,15,-10,14,-14,13,-15,13,-15,13,-15,14,-13,13,-12,12,-10,10,-9,7"
6.209226131439209,99,"CSI,2267,128,77,-47,20,0,-2,-2,-5,-1,-8,-2,-10,-4,-10,-5,-12,-5,-16,-4,-22,-3,-21,-2,-18,-1,-17,-5,-15,-5,-12,-3,-10,-2,-9,-3,-7,-2,-6,-3,-3,-4,0,-2,1,0,2,1,4,0,8,0,12,1,12,1,2,0,0,0,0,0,0,0,0,0,0,0,0,0,0,0,0,0,0,0,-3,-1,-9,-3,-9,-4,-8,-3,-8,-4,-6,-6,-5,-5,-5,-4,-3,-4,-2,-4,0,-1,3,2,3,3,4,3,7,4,11,8,12,10,15,11,16,12,17,10,15,9,15,11,15,9,14,7,14,9,14,8,13,6"
6.27121901512146,100,"CSI,3998,128,83,49,21,0,1,13,-1,9,-5,4,-7,-1,-7,-6,-7,-8,-7,-5,-5,-1,-5,-4,-6,-7,-6,-7,-8,-8,-9,-9,-8,-8,-8,-7,-7,-5,-7,-4,-5,-4,-2,-3,-1,-3,-1,-3,-1,-4,0,-5,2,-5,4,-4,1,-1,0,0,0,0,0,0,0,0,0,0,0,0,0,0,0,0,0,0,1,-1,6,0,8,0,9,0,7,0,5,0,4,-2,4,-2,4,-2,4,-4,3,-4,1,-1,-1,1,-1,0,-3,-1,-4,2,-5,6,-11,4,-14,4,-11,8,-9,11,-12,13,-12,13,-10,14,-9,16,-10,14,-8,10"
6.373353958129883,101,"CSI,4001,128,83,49,21,0,-10,1,-3,-2,2,-4,4,-6,8,-7,11,-6,14,-4,19,-6,19,-8,17,-6,18,-4,18,-3,15,-3,11,-3,9,-2,8,1,6,0,1,-3,-1,0,-2,1,-2,1,-2,3,-4,4,-7,4,-9,3,-3,0,0,0,0,0,0,0,0,0,0,0,0,0,0,0,0,0,0,0,1,-2,5,-6,6,-5,6,-5,5,-6,6,-5,6,-5,6,-4,4,-2,1,-3,-1,-3,-3,-4,-5,-4,-4,-3,-6,-2,-8,-1,-10,2,-14,4,-17,4,-18,3,-20,2,-23,1,-25,2,-24,5,-23,8,-20,7,-17,6"
6.4714741706848145,102,"CSI,2856,128,-76,-64,10,0,2,10,1,16,2,21,4,25,6,28,8,30,9,30,10,28,11,26,10,23,9,20,8,16,6,13,3,9,-1,5,-4,2,-7,-2,-10,-5,-13,-7,-16,-9,-17,-10,-18,-12,-18,-12,-17,-13,-15,-14,-4,-4,0,0,0,0,0,0,0,0,0,0,0,0,0,0,0,0,0,0,-5,-1,-21,-1,-21,-3,-22,-5,-22,-6,-22,-7,-20,-7,-18,-8,-15,-8,-11,-7,-7,-7,-2,-6,3,-6,8,-6,12,-6,17,-7,21,-9,23,-10,25,-12,27,-16,27,-18,26,-19,24,-18,21,-17,18,-15,14,-12,11,-9"
6.578526258468628,103,"CSI,4010,128,83,49,21,0,2,2,0,-3,-2,-6,-4,-9,-6,-13,-5,-16,-6,-17,-8,-13,-7,-12,-5,-15,-3,-16,-3,-13,-5,-13,-5,-13,-4,-10,-3,-8,-3,-6,-3,-3,-4,-1,-4,0,-3,0,-1,2,1,5,2,5,2,5,0,1,0,0,0,0,0,0,0,0,0,0,0,0,0,0,0,0,0,0,-2,-2,-8,-5,-8,-5,-7,-6,-6,-7,-4,-5,-1,-3,-2,-2,-1,-1,1,2,1,2,2,2,3,3,4,5,4,8,6,10,8,8,11,11,11,14,10,14,8,14,8,15,10,15,10,15,8,16,7,14,4,12"
6.681632995605469,104,"CSI,4013,128,83,49,21,0,-4,-1,-4,3,-1,6,0,10,2,12,4,12,4,15,2,20,2,20,4,18,6,16,6,15,3,13,1,12,1,11,0,8,0,3,2,1,2,-1,1,-4,0,-5,-2,-4,-1,-5,0,-5,1,-5,0,-2,0,0,0,0,0,0,0,0,0,0,0,0,0,0,0,0,0,0,2,-1,9,-2,7,-1,5,-1,3,-1,3,0,3,0,1,3,-2,4,-2,0,-3,-1,-4,2,-5,2,-9,-2,-11,-5,-12,-8,-12,-10,-13,-12,-15,-12,-17,-13,-16,-13,-15,-15,-14,-16,-13,-15,-14,-12,-12,-10,-11,-11"
6.783290147781372,105,"CSI,4017,128,83,49,21,0,4,1,5,-1,5,-3,7,-5,11,-8,11,-10,12,-10,17,-13,18,-17,13,-16,11,-14,10,-14,11,-13,11,-9,9,-6,5,-5,1,-4,-2,-4,-2,-4,-1,-2,-3,0,-5,0,-6,0,-6,1,-7,1,-3,0,0,0,0,0,0,0,0,0,0,0,0,0,0,0,0,0,0,0,-2,-1,-8,-3,-8,-4,-7,-7,-3,-6,-2,-4,-2,-5,0,-3,1,-1,2,-3,2,-3,3,-1,4,4,5,7,3,9,0,11,-1,15,0,18,-1,19,-5,19,-6,17,-4,18,-3,18,-1,14,0,12,0,10,1,8"
6.8860390186309814,106,"CSI,4022,128,83,49,21,0,0,-13,-4,-9,-7,-4,-9,-2,-13,-2,-16,2,-19,2,-24,-3,-26,-3,-24,0,-25,-1,-24,-3,-21,-5,-18,-5,-16,-5,-14,-5,-11,-4,-9,0,-7,1,-5,1,-3,1,-1,1,-1,2,-2,4,-3,3,-1,0,0,0,0,0,0,0,0,0,0,0,0,0,0,0,0,0,0,0,1,-1,8,-2,9,0,8,2,5,3,4,3,4,2,3,2,0,3,0,4,1,3,-1,0,-3,-1,-5,-3,-5,-8,-1,-13,2,-17,2,-16,4,-15,7,-20,8,-24,8,-25,8,-23,9,-19,8,-19,4,-20,1,-19"
6.989278078079224,107,"CSI,4026,128,83,49,21,0,-17,14,-13,13,-8,13,-4,13,1,14,4,17,4,20,3,21,5,23,7,24,7,23,6,22,3,21,2,18,2,16,0,14,0,10,3,8,4,6,3,5,3,4,6,2,7,0,8,-2,11,-3,3,-1,0,0,0,0,0,0,0,0,0,0,0,0,0,0,0,0,0,0,-3,0,-11,-1,-10,-3,-10,-2,-10,-1,-10,-1,-9,-2,-10,-3,-12,-5,-11,-3,-8,0,-5,2,-5,5,-6,8,-9,10,-9,11,-9,13,-12,15,-14,18,-15,19,-17,18,-19,18,-19,18,-18,18,-18,18,-20,20,-23,19"
7.079016208648682,108,"CSI,2269,128,75,-79,20,0,13,18,10,14,9,7,5,0,3,-5,6,-11,6,-16,4,-21,5,-21,12,-20,16,-20,17,-18,18,-18,17,-18,14,-17,12,-14,10,-11,7,-8,4,-7,1,-7,-1,-5,-3,-4,-6,-3,-10,-3,-12,-4,-3,-2,0,0,0,0,0,0,0,0,0,0,0,0,0,0,0,0,0,0,0,1,-2,5,-7,5,-10,6,-11,8,-10,6,-9,3,-11,3,-13,4,-12,4,-9,3,-8,3,-9,5,-9,7,-6,7,-1,6,5,8,10,12,13,16,14,17,16,19,17,22,16,25,17,27,18,29,18,29,19,27"
7.112234830856323,109,"CSI,566,128,75,-79,20,0,-17,-2,-22,-5,-21,-6,-16,-5,-12,-5,-12,-5,-11,-2,-6,1,-3,-1,-3,-4,-3,-1,-6,2,-7,4,-6,7,-6,7,-8,7,-7,7,-6,6,-8,6,-7,4,-6,4,-6,4,-6,3,-6,3,-4,2,-1,0,0,0,0,0,0,0,0,0,0,0,0,0,0,0,0,0,0,0,2,-2,8,-6,6,-5,4,-5,3,-5,3,-5,5,-5,3,-5,-1,-4,-2,-3,-3,-4,-4,-6,-7,-8,-6,-8,-4,-10,-4,-14,-3,-16,-2,-16,-4,-17,-4,-16,-3,-15,-1,-13,-1,-9,-3,-5,-6,-4,-8,-3,-9,0"
7.1430089473724365,110,"CSI,4030,128,83,49,21,0,-15,-18,-11,-16,-9,-8,-7,2,-3,6,-2,8,-4,17,-5,26,-6,28,-6,25,-7,24,-9,23,-10,21,-9,20,-10,20,-10,18,-6,14,-3,8,-3,5,-1,4,2,2,4,0,7,-4,10,-6,11,-5,2,-1,0,0,0,0,0,0,0,0,0,0,0,0,0,0,0,0,0,0,1,-2,5,-4,7,-2,9,-1,11,-1,12,-1,12,0,11,2,13,3,15,3,13,4,10,3,7,-2,5,-5,3,-7,-2,-9,-7,-11,-8,-13,-9,-17,-12,-22,-14,-24,-16,-26,-17,-29,-17,-30,-17,-31,-16,-33,-16,-35"
7.176225900650024,111,"CSI,2270,128,75,-79,20,0,20,-2,14,-2,7,-4,2,-6,-3,-10,-8,-16,-9,-19,-5,-23,-6,-25,-11,-26,-13,-27,-12,-29,-11,-26,-8,-22,-5,-19,-4,-16,-4,-13,-2,-11,-2,-6,-3,-2,-4,1,-5,5,-4,7,-5,7,-6,7,-2,1,0,0,0,0,0,0,0,0,0,0,0,0,0,0,0,0,0,0,0,1,0,6,1,9,2,10,2,9,0,10,-1,11,-2,11,-4,10,-5,10,-5,9,-4,8,-3,6,-2,2,3,-1,8,-2,12,-2,14,-4,16,-5,20,-5,23,-6,26,-5,29,-4,31,-6,34,-7,36,-6,36,-6"
7.212203025817871,112,"CSI,2271,128,75,-79,20,0,-16,-14,-13,-11,-11,-7,-9,-1,-7,6,-6,13,-11,16,-16,16,-15,20,-14,23,-16,23,-16,23,-18,20,-19,16,-18,13,-14,10,-10,6,-9,3,-7,3,-3,4,0,4,4,2,6,0,7,0,7,0,1,0,0,0,0,0,0,0,0,0,0,0,0,0,0,0,0,0,0,0,-1,-2,-3,-7,-2,-8,-2,-9,1,-9,3,-9,2,-11,3,-13,6,-12,6,-11,4,-9,1,-10,-3,-12,-5,-12,-6,-9,-8,-6,-10,-6,-14,-7,-19,-8,-22,-10,-23,-12,-26,-15,-28,-16,-28,-16,-27,-17,-27,-17,-29,-15"
7.240216016769409,113,"CSI,579,128,83,49,21,0,7,-15,9,-14,10,-13,11,-15,12,-14,10,-10,10,-10,11,-13,8,-11,4,-6,0,-4,-3,-6,-4,-7,-3,-5,-5,-3,-7,-1,-8,-2,-7,-5,-6,-5,-7,-4,-6,-6,-5,-7,-4,-7,-3,-4,-4,-1,-1,0,0,0,0,0,0,0,0,0,0,0,0,0,0,0,0,0,0,0,-1,1,-1,6,-2,8,-1,8,0,7,-1,4,-1,4,0,5,1,4,2,3,4,2,8,-1,11,-1,12,2,14,4,14,5,15,8,16,9,17,8,18,7,14,7,12,7,11,6,9,5,7,0,4,-5,1,-8"
7.270666122436523,114,"CSI,4034,128,83,49,21,0,16,0,10,-2,7,-5,5,-7,4,-12,3,-15,3,-21,4,-27,2,-28,1,-26,3,-25,4,-25,5,-23,6,-18,8,-14,9,-13,5,-10,0,-7,-1,-6,-2,-7,-4,-5,-3,-3,-4,-1,-7,0,-8,0,-2,0,0,0,0,0,0,0,0,0,0,0,0,0,0,0,0,0,0,0,1,0,5,1,4,5,4,9,5,9,8,8,8,8,5,9,3,9,2,9,2,9,4,7,5,5,6,2,7,-2,9,-5,11,-4,14,-4,17,-5,20,-8,23,-8,26,-6,29,-4,29,-3,28,-2,29,-3,31,-6"
7.298507928848267,115,"CSI,583,128,83,49,21,0,16,-2,15,-1,13,-1,14,0,15,1,14,-1,14,1,15,5,13,2,9,-5,7,-6,3,-4,0,-3,-3,-4,-3,-6,-2,-7,0,-7,1,-8,0,-10,0,-11,1,-10,3,-8,3,-7,3,-8,3,-9,0,-3,0,0,0,0,0,0,0,0,0,0,0,0,0,0,0,0,0,0,-2,0,-9,1,-10,2,-9,1,-7,1,-7,1,-6,1,-3,0,-1,0,-2,1,-2,2,1,3,2,4,3,5,2,7,1,10,1,11,1,11,1,10,2,11,0,11,1,10,1,8,0,6,2,3,6,1,7,0"
7.331805229187012,116,"CSI,4038,128,83,49,21,0,-1,11,3,8,6,5,7,0,5,-6,7,-10,11,-16,9,-23,8,-25,11,-24,14,-23,16,-20,15,-17,13,-14,9,-11,6,-10,4,-9,1,-7,-1,-5,-4,-2,-4,0,-3,2,-2,3,-5,3,-8,2,-3,0,0,0,0,0,0,0,0,0,0,0,0,0,0,0,0,0,0,0,-1,-3,-4,-11,-5,-11,-4,-12,-4,-13,-3,-14,-2,-13,0,-11,1,-10,-1,-8,-4,-7,-2,-5,-1,-3,-1,-2,-2,2,-2,7,-1,12,-3,15,-5,17,-6,22,-7,26,-7,28,-6,30,-8,29,-9,29,-10,28,-12,26"
7.361577987670898,117,"CSI,588,128,83,49,21,0,14,-4,16,-4,16,-4,13,-6,13,-7,14,-7,10,-5,3,0,2,0,3,-1,2,-1,-1,-3,-3,-5,-4,-3,-8,-1,-11,-3,-13,-5,-13,-3,-10,-1,-9,-2,-8,-3,-7,-2,-7,-3,-6,-4,-3,-6,-1,-2,0,0,0,0,0,0,0,0,0,0,0,0,0,0,0,0,0,0,-1,-3,0,-10,1,-8,1,-7,0,-7,0,-5,-1,-3,-2,-2,-3,-1,-4,1,-4,1,-3,3,-4,5,-6,6,-6,6,-3,6,-3,8,-5,11,-6,12,-6,12,-5,9,-4,7,-4,6,-3,5,0,3,2,3,2,7"
7.39762806892395,118,"CSI,4042,128,83,49,21,0,-1,-6,-2,-1,-2,5,-1,10,-4,12,-5,14,-4,18,-8,21,-6,23,-2,24,-1,22,-1,21,-2,22,-4,20,-3,15,-2,10,-1,7,-1,4,0,1,2,-3,2,-5,1,-5,2,-5,1,-6,0,-8,0,-3,0,0,0,0,0,0,0,0,0,0,0,0,0,0,0,0,0,0,0,1,4,7,6,7,5,7,5,8,4,9,3,10,2,8,1,4,1,3,0,2,-1,-1,-2,-5,-5,-5,-5,-7,-3,-12,-4,-16,-2,-19,1,-21,-1,-24,-3,-27,-3,-28,-1,-28,1,-28,-2,-27,-3,-23,0,-22"
7.4584760665893555,119,"CSI,592,128,83,49,21,0,-15,-8,-15,-9,-17,-10,-17,-12,-15,-9,-13,-6,-13,-4,-15,-3,-14,-3,-11,-1,-8,1,-7,1,-5,2,-4,4,-4,7,-4,9,-5,11,-6,11,-7,11,-8,9,-8,7,-9,7,-9,7,-7,6,-4,5,-1,1,0,0,0,0,0,0,0,0,0,0,0,0,0,0,0,0,0,0,0,1,1,4,-1,5,-2,4,-3,3,-4,3,-3,3,-1,2,0,0,0,-4,1,-5,3,-3,2,-3,1,-4,3,-6,6,-7,6,-6,5,-6,7,-7,8,-8,5,-7,4,-5,3,-6,1,-6,-3,-4,-5,-4,-3,-3"
7.501003980636597,120,"CSI,4046,128,83,49,21,0,8,-6,3,-3,-2,-1,-7,-1,-13,-1,-18,-3,-20,-6,-20,-7,-21,-2,-23,3,-23,5,-20,3,-17,0,-15,-1,-14,0,-12,0,-9,1,-6,0,-4,0,-2,0,0,0,1,1,2,1,5,1,5,1,1,0,0,0,0,0,0,0,0,0,0,0,0,0,0,0,0,0,0,0,-2,1,-5,7,-6,9,-8,8,-9,6,-9,6,-10,8,-9,7,-6,6,-4,5,-4,4,-2,1,0,-3,3,-5,5,-4,8,-3,14,-4,17,-5,20,-6,23,-6,24,-5,25,-7,25,-10,25,-9,27,-7,28,-4,22,-4"
7.533556938171387,121,"CSI,568,128,77,-47,20,0,10,14,8,14,7,17,6,17,7,15,8,14,4,11,-1,6,1,6,4,8,4,6,3,4,2,1,3,-1,7,-1,9,0,8,-1,8,-2,8,-1,8,1,8,0,9,-2,9,-1,8,2,8,1,1,0,0,0,0,0,0,0,0,0,0,0,0,0,0,0,0,0,0,0,-2,-2,-4,-5,-4,-5,-5,-4,-5,-3,-4,-2,-3,-3,-2,-3,-3,-1,-4,1,-3,2,-4,2,-8,3,-9,6,-8,8,-7,6,-8,4,-8,3,-9,6,-8,9,-7,9,-6,6,-6,5,-4,6,0,8,1,8,0,6"
7.562714099884033,122,"CSI,2272,128,77,-47,20,0,2,-3,-2,-1,-5,0,-11,3,-14,5,-18,5,-18,8,-16,10,-15,10,-17,10,-18,8,-17,7,-16,6,-12,7,-8,8,-7,7,-7,5,-4,4,1,3,3,0,4,-2,6,-2,5,-1,6,-2,7,-4,1,-2,0,0,0,0,0,0,0,0,0,0,0,0,0,0,0,0,0,0,-2,1,-7,6,-7,5,-8,6,-9,6,-9,5,-8,6,-7,6,-7,4,-7,3,-7,2,-5,-1,0,-5,4,-4,5,-2,9,-3,13,-6,16,-10,18,-13,21,-13,25,-12,26,-12,25,-14,25,-13,26,-13,26,-12,24,-10"
7.602919101715088,123,"CSI,4049,128,83,49,21,0,12,2,11,1,12,-1,13,-4,14,-7,15,-10,19,-11,24,-11,25,-10,21,-9,17,-7,17,-7,16,-6,15,-6,15,-7,12,-7,8,-6,5,-5,3,-6,2,-5,1,-5,-2,-6,-4,-7,-4,-8,-3,-9,-1,-3,0,0,0,0,0,0,0,0,0,0,0,0,0,0,0,0,0,0,-1,1,-2,8,-2,10,-4,10,-4,7,-5,6,-6,7,-4,7,-3,5,-2,2,0,2,4,4,8,5,10,8,10,10,13,9,15,13,15,18,15,20,15,22,12,23,12,21,11,19,11,20,11,20,11,17,12,13"
7.704968214035034,124,"CSI,4053,128,83,49,21,0,11,8,9,3,7,-2,4,-7,3,-11,4,-14,2,-17,-3,22,5,-19,5,-18,7,-16,7,-13,2,-10,-1,-8,-2,-5,-3,-3,-5,0,-7,3,-8,3,-9,3,-3,0,0,0,0,0,0,0,0,0,0,0,0,0,0,0,0,0,0,0,-2,1,-9,5,-9,5,-9,4,-11,3,-11,2,-10,2,-10,2,-9,3,-7,3,-6,1,-6,4,-3,5,2,3,6,4,9,7,12,10,14,13,13,14,14,14,17,16,18,17,18,18,20,19,20,18,19,18,17,18"
7.806456089019775,125,"CSI,4058,128,83,49,21,0,13,2,11,-2,13,-8,11,-10,10,-11,11,-14,10,-14,7,-13,9,-13,14,-14,15,-14,14,-12,14,-10,13,-9,10,-6,7,-3,6,-3,6,-4,5,-5,3,-6,1,-4,-3,-2,-4,-2,-2,0,0,1,0,0,0,0,0,0,0,0,0,0,0,0,0,0,0,0,0,0,0,0,1,0,8,1,8,4,6,7,6,8,5,7,4,8,5,7,5,3,4,2,4,1,7,0,9,-1,10,-3,10,-3,13,-2,20,-2,21,-3,19,-3,20,-3,24,-3,25,-2,25,1,26,5,27,5,26,5,21,4"
7.91158390045166,126,"CSI,4062,128,83,49,21,0,-5,1,1,-1,5,-1,10,-1,14,-1,17,-2,20,-6,23,-10,23,-12,21,-11,19,-8,18,-6,18,-5,16,-4,14,-5,10,-4,4,-3,1,-1,0,0,-2,-2,-4,-4,-6,-3,-8,-1,-7,-1,-4,-1,-1,-1,0,0,0,0,0,0,0,0,0,0,0,0,0,0,0,0,0,0,0,-2,0,-9,-1,-11,0,-12,2,-12,4,-12,6,-11,5,-8,1,-7,1,-7,1,-6,-2,-1,-4,2,-6,3,-8,4,-9,6,-11,7,-12,9,-14,11,-19,11,-21,12,-22,15,-24,16,-24,15,-24,12,-22,11,-21,12"
8.012602090835571,127,"CSI,4065,128,83,49,21,0,10,3,6,-5,4,-8,7,-11,13,-14,14,-15,11,-18,10,-23,8,-23,9,-21,10,-18,9,-17,8,-15,7,-11,6,-8,2,-6,-2,-7,-3,-9,-2,-9,-2,-7,-5,-5,-5,-4,-5,-4,-4,-3,-5,-4,-2,-2,0,0,0,0,0,0,0,0,0,0,0,0,0,0,0,0,0,0,-1,1,-3,4,-5,4,-6,6,-7,7,-10,7,-10,6,-8,3,-7,2,-7,3,-6,3,-2,2,1,3,6,6,9,8,10,7,13,9,15,11,17,12,19,13,20,15,17,18,15,19,18,19,19,18,15,18,10,17"
8.113723993301392,128,"CSI,4070,128,83,49,21,0,12,8,11,3,11,-2,13,-1,15,-1,18,-4,17,-5,12,-4,11,-5,16,-5,18,-7,17,-9,15,-6,14,-4,13,-6,11,-7,8,-5,5,-4,4,-6,4,-6,4,-4,2,-4,-1,-5,-1,-5,0,-5,0,-2,0,0,0,0,0,0,0,0,0,0,0,0,0,0,0,0,0,0,0,1,1,7,0,7,-2,9,-5,10,-6,9,-4,8,-3,8,-3,7,-1,7,0,6,0,5,3,5,6,4,8,6,9,9,12,9,15,11,18,15,18,18,17,20,16,21,14,23,13,23,15,23,14,21,11,16"
8.216717004776001,129,"CSI,4074,128,83,49,21,0,12,-3,8,-5,5,-9,1,-11,-2,-14,-3,-18,-5,-15,-6,-11,-3,-14,-2,-19,-1,-21,0,-20,-2,-17,-2,-16,-2,-15,-3,-12,-4,-9,-5,-6,-5,-3,-5,-1,-5,-1,-5,-1,-5,1,-7,2,-7,2,-2,0,0,0,0,0,0,0,0,0,0,0,0,0,0,0,0,0,0,0,1,1,4,7,3,8,3,9,4,9,3,9,0,9,1,9,3,8,4,8,1,7,0,3,1,-1,3,-3,5,-4,8,-6,12,-10,15,-11,18,-8,23,-5,26,-3,25,-3,24,-2,24,0,26,3,26,3,22,1"
8.319075107574463,130,"CSI,4078,128,83,49,21,0,1,-10,-4,-9,-9,-6,-11,-4,-13,-2,-14,-2,-14,-3,-12,-2,-15,-1,-20,0,-20,0,-20,-1,-19,-2,-15,0,-12,1,-10,1,-7,2,-4,3,-3,4,-3,4,-1,4,2,5,3,5,4,5,5,6,1,1,0,0,0,0,0,0,0,0,0,0,0,0,0,0,0,0,0,0,0,0,4,4,5,5,6,7,5,8,3,8,3,7,3,4,1,3,2,4,2,3,1,-1,2,-7,2,-10,1,-10,3,-12,6,-13,7,-16,7,-20,9,-23,10,-25,10,-27,11,-26,14,-22,17,-20,14,-18,10,-15"
8.422950983047485,131,"CSI,4081,128,83,49,21,0,-2,-11,-5,-7,-10,-4,-13,-2,-14,-1,-18,-2,-22,-5,-18,-7,-15,-6,-18,-2,-20,-1,-17,0,-13,0,-11,-1,-11,1,-9,2,-4,2,-2,4,-3,5,-3,3,-2,3,-2,2,-2,4,-1,7,1,8,0,2,0,0,0,0,0,0,0,0,0,0,0,0,0,0,0,0,0,0,2,-2,9,-5,7,-1,8,0,10,0,9,1,8,0,6,-1,3,0,1,-1,1,-3,1,-7,0,-10,-3,-12,-4,-14,-2,-16,-2,-16,-4,-17,-1,-20,3,-24,2,-24,0,-20,-3,-19,-2,-19,0,-18,2,-18,3,-18"
8.524045944213867,132,"CSI,4085,128,83,49,21,0,-7,-11,-6,-7,-3,0,-3,7,-4,11,-6,14,-10,16,-14,17,-12,18,-6,17,-3,16,-4,15,-4,15,-3,15,-3,13,-4,9,-3,6,-1,3,2,1,4,0,2,-2,1,-4,4,-5,5,-5,5,-4,1,-1,0,0,0,0,0,0,0,0,0,0,0,0,0,0,0,0,0,0,2,0,9,2,9,3,7,2,6,1,5,1,3,3,1,3,3,1,5,0,2,0,0,1,-1,0,-2,-3,-4,-8,-4,-13,-3,-17,-6,-21,-8,-22,-9,-22,-8,-25,-7,-29,-6,-27,-7,-23,-8,-21,-7,-20,-6,-21"
8.628046035766602,133,"CSI,4089,128,83,49,21,0,3,-7,-1,-4,-2,-3,-6,-6,-11,-8,-14,-9,-17,-9,-19,-5,-16,-5,-14,-8,-13,-9,-11,-11,-11,-10,-11,-9,-10,-7,-10,-4,-9,-2,-8,-1,-8,1,-6,1,-4,0,-3,1,-3,4,-2,6,-2,7,-1,1,0,0,0,0,0,0,0,0,0,0,0,0,0,0,0,0,0,0,2,-1,9,-3,8,-2,9,-1,11,1,11,3,10,4,9,3,8,2,6,3,4,2,4,0,3,-4,3,-9,4,-12,4,-12,5,-14,5,-16,7,-17,9,-17,11,-18,14,-20,15,-20,16,-19,18,-19,17,-18,15,-17"
8.73133897781372,134,"CSI,4094,128,83,49,21,0,7,-13,4,-12,0,-11,-2,-13,-4,-14,-7,-15,-6,-14,-2,-13,-2,-17,-4,-18,-3,-16,-2,-15,-3,-13,-5,-13,-5,-13,-2,-12,-2,-11,-3,-10,-4,-9,-4,-6,-4,-3,-3,-2,-3,-1,-4,-2,-4,-3,-1,-1,0,0,0,0,0,0,0,0,0,0,0,0,0,0,0,0,0,0,1,-2,5,-7,5,-6,5,-7,6,-7,6,-5,7,-3,7,-1,6,-2,4,-4,5,-5,5,-7,3,-8,3,-9,4,-9,4,-12,5,-15,5,-16,4,-19,4,-21,6,-21,8,-22,11,-23,13,-21,12,-18,13,-16,14,-15"
8.934089183807373,135,"CSI,6,128,83,49,21,0,-7,-5,-8,-6,-8,-6,-10,-6,-13,-9,-15,-13,-18,-14,-21,-10,-21,-6,-19,-6,-16,-7,-11,-8,-8,-7,-8,-6,-7,-5,-6,-2,-4,0,-6,0,-8,1,-6,3,-3,3,-2,2,-2,4,-4,4,-4,5,-1,1,0,0,0,0,0,0,0,0,0,0,0,0,0,0,0,0,0,0,1,0,5,1,6,4,6,6,5,7,5,7,3,5,3,3,3,1,3,0,3,0,2,-2,2,-6,2,-8,3,-11,5,-12,7,-13,9,-15,15,-16,19,-16,16,-14,14,-13,14,-13,14,-13,15,-13,10,-11,6,-8"
9.036845922470093,136,"CSI,10,128,83,49,21,0,1,-5,-3,-8,-5,-11,-6,-11,-5,-12,-5,-14,-5,-13,-3,-10,-2,-14,-4,-18,-6,-18,-6,-16,-5,-13,-4,-12,-6,-10,-6,-8,-4,-5,-5,-3,-6,-1,-5,-1,-5,-1,-5,0,-5,0,-5,0,-3,3,-1,1,0,0,0,0,0,0,0,0,0,0,0,0,0,0,0,0,0,0,1,1,5,8,3,10,4,8,4,7,2,6,0,3,-2,2,-4,2,-3,0,0,-3,4,-6,7,-7,9,-7,10,-9,13,-9,16,-9,17,-8,17,-5,18,-4,18,-6,18,-6,18,-5,19,-3,20,-1,19,-3,17,-5"
9.137279272079468,137,"CSI,13,128,83,49,21,0,8,3,8,1,9,-2,11,-7,14,-9,15,-10,18,-10,21,-11,17,-11,14,-9,13,-7,10,-4,7,-5,7,-9,7,-9,6,-7,4,-7,4,-7,2,-6,-1,-6,-1,-6,-2,-5,-3,-5,-4,-4,-5,-3,-2,-1,0,0,0,0,0,0,0,0,0,0,0,0,0,0,0,0,0,0,-2,0,-7,4,-9,5,-10,4,-9,3,-7,2,-7,1,-6,0,-5,0,-4,2,-4,4,-1,5,4,5,6,6,6,8,6,9,8,12,9,16,5,17,4,18,7,21,7,22,6,22,5,21,6,19,6,17,5,17"
9.240223169326782,138,"CSI,17,128,83,49,21,0,-6,-4,-4,1,0,6,6,10,9,11,9,11,5,15,1,16,3,18,6,19,6,18,6,16,4,14,3,12,3,9,3,5,3,3,3,1,3,-1,4,-3,5,-4,5,-5,3,-5,0,-4,-2,-6,-1,-2,0,0,0,0,0,0,0,0,0,0,0,0,0,0,0,0,0,0,1,-2,5,-8,5,-8,6,-8,8,-7,9,-4,8,-2,7,-2,6,-1,4,0,1,0,0,1,-2,0,-3,1,-6,1,-11,-1,-14,-4,-16,-5,-19,-3,-24,-4,-27,-7,-26,-8,-23,-9,-24,-10,-26,-9,-25,-6,-22,-5"
9.301401138305664,139,"CSI,663,128,83,49,21,0,-10,-14,-9,-16,-7,-17,-6,-16,-3,-13,-3,-11,-5,-7,-9,-3,-6,-4,-3,-6,-3,-4,-3,-1,-4,0,-5,0,-6,2,-8,4,-8,4,-5,3,-4,1,-6,1,-7,0,-6,-1,-5,-1,-6,0,-6,0,-2,0,0,0,0,0,0,0,0,0,0,0,0,0,0,0,0,0,0,0,0,0,4,3,5,5,5,6,3,6,1,6,0,5,0,2,1,-1,3,-2,3,-1,4,-3,6,-7,7,-6,8,-5,10,-4,13,-4,12,-7,10,-9,11,-6,10,-3,11,-2,11,-4,6,-5,2,-3,0,-3,-3,-4"
9.342384099960327,140,"CSI,21,128,83,49,21,0,-3,-10,-4,-6,-8,-2,-12,1,-14,4,-12,6,-15,10,-20,14,-19,16,-16,11,-14,7,-13,7,-13,9,-13,8,-10,5,-5,2,-1,2,-1,4,-2,5,1,4,4,4,3,3,2,1,4,0,7,0,2,0,0,0,0,0,0,0,0,0,0,0,0,0,0,0,0,0,0,0,1,0,4,3,5,4,6,8,5,9,5,8,5,7,3,5,3,3,4,2,2,0,-1,-2,-2,-4,-3,-8,-1,-9,0,-13,-1,-18,2,-20,2,-21,1,-23,2,-22,2,-24,3,-26,3,-25,3,-22,3,-20,2,-17"
9.401341199874878,141,"CSI,667,128,83,49,21,0,12,11,13,14,12,15,9,15,5,15,5,15,6,10,4,2,1,3,-1,6,-1,5,0,4,1,4,4,3,4,2,2,4,3,3,6,2,6,2,5,2,3,2,2,2,3,2,3,1,2,-1,0,-1,0,0,0,0,0,0,0,0,0,0,0,0,0,0,0,0,0,0,0,-1,-1,-1,-4,1,-5,2,-6,2,-6,2,-7,2,-6,0,-5,1,-5,2,-2,3,2,5,2,6,-1,8,-4,12,-4,12,-3,9,-4,9,-6,12,-7,12,-6,11,-5,10,-5,9,-4,7,-2,7,2,6,8,2"
9.442878246307373,142,"CSI,25,128,83,49,21,0,5,10,8,9,9,8,10,8,13,8,15,8,13,11,12,16,15,15,17,12,15,10,13,9,11,8,9,7,10,8,10,9,8,7,7,4,5,4,3,3,3,0,2,-1,2,-1,2,-3,2,-4,0,-1,0,0,0,0,0,0,0,0,0,0,0,0,0,0,0,0,0,0,-2,2,-3,9,-1,8,-3,6,-6,5,-5,5,-4,4,-4,5,-2,4,-2,4,-2,4,0,4,1,4,3,6,5,11,8,14,9,15,8,17,9,20,11,22,9,22,4,22,3,23,3,21,3,19,3,22,2,25"
9.546935081481934,143,"CSI,29,128,83,49,21,0,1,1,4,1,10,8,13,13,13,13,13,14,15,15,16,11,13,8,9,12,6,12,6,11,6,8,6,5,6,3,7,2,5,0,4,-3,4,-4,2,-3,1,-4,1,-6,0,-7,0,-8,2,-7,0,-2,0,0,0,0,0,0,0,0,0,0,0,0,0,0,0,0,0,0,0,-3,4,-10,4,-10,4,-10,4,-9,3,-7,3,-6,3,-4,0,-2,0,-1,-3,0,-6,0,-5,0,-9,0,-14,0,-18,0,-20,0,-21,-1,-20,1,-19,3,-21,2,-23,1,-22,2,-20,2,-21,2,-18,1,-12,0"
9.65182614326477,144,"CSI,34,128,83,49,21,0,0,7,-5,1,-6,-7,-7,-12,-9,-16,-11,-17,-14,-17,-18,-17,-17,-17,-16,-17,-13,-17,-10,-18,-10,-17,-9,-15,-9,-12,-9,-10,-8,-8,-4,-3,-2,1,-1,3,1,0,2,-1,4,2,6,3,7,5,1,1,0,0,0,0,0,0,0,0,0,0,0,0,0,0,0,0,0,0,-2,-2,-7,-6,-7,-8,-6,-8,-7,-8,-9,-8,-8,-8,-5,-6,-3,-5,-3,-5,1,-3,3,0,5,3,6,6,5,8,6,12,8,17,9,19,11,17,14,16,16,17,18,19,19,21,18,18,16,15,16,13,14,13"
9.697890043258667,145,"CSI,2274,128,77,-47,20,0,-6,-3,2,-2,10,-1,16,-2,20,0,23,1,24,5,23,11,25,10,27,7,26,5,22,1,18,0,14,0,11,-2,9,-4,6,-3,2,-1,-1,-1,-2,-1,-4,-2,-6,-1,-6,0,-8,1,-10,3,-3,1,0,0,0,0,0,0,0,0,0,0,0,0,0,0,0,0,0,0,1,0,8,3,10,3,9,4,7,6,7,6,9,4,8,3,5,2,3,1,1,1,-2,0,-5,0,-8,-2,-10,-6,-10,-7,-14,-5,-18,-5,-18,-5,-18,-6,-21,-8,-24,-10,-25,-9,-25,-6,-24,-4,-23,-4,-20,-5"
9.740602016448975,146,"CSI,2276,128,77,-47,20,0,0,-5,1,2,0,9,1,13,3,16,3,19,2,18,1,15,-3,17,-5,22,-5,21,-3,18,-2,16,0,11,1,9,-1,9,-2,4,0,0,0,-1,0,-2,0,-2,3,-3,3,-7,0,-9,-1,-8,-1,-2,0,0,0,0,0,0,0,0,0,0,0,0,0,0,0,0,0,0,2,1,9,7,7,7,6,8,5,7,6,5,7,5,5,4,2,4,4,2,4,0,2,-2,0,-4,-2,-6,-4,-8,-5,-12,-6,-15,-8,-14,-8,-17,-8,-21,-9,-22,-8,-22,-6,-23,-6,-24,-9,-27,-11,-25,-10,-20"
9.772176027297974,147,"CSI,2277,128,77,-47,20,0,-5,5,-2,-1,2,-7,6,-11,7,-14,9,-18,8,-19,8,-19,11,-18,11,-18,10,-18,11,-16,9,-14,7,-11,4,-10,3,-9,2,-7,1,-4,-1,0,-1,0,0,2,0,3,-1,2,-1,2,-3,4,-1,1,0,0,0,0,0,0,0,0,0,0,0,0,0,0,0,0,0,0,-1,-3,-1,-11,1,-11,1,-11,2,-11,3,-11,3,-10,1,-8,1,-7,1,-6,-1,-4,-1,-1,-4,1,-5,4,-5,7,-7,10,-9,12,-11,14,-9,17,-8,20,-9,23,-11,25,-10,25,-9,23,-11,21,-9,22,-5,22"
9.81198000907898,148,"CSI,683,128,83,49,21,0,16,7,16,10,14,11,13,11,12,9,9,8,6,6,3,2,4,3,6,6,6,5,6,4,3,1,0,-2,2,-2,5,-3,6,-5,7,-5,8,-6,6,-7,5,-5,4,-4,4,-4,2,-4,0,-4,-1,-1,0,0,0,0,0,0,0,0,0,0,0,0,0,0,0,0,0,0,-2,-1,-7,-4,-6,-2,-7,0,-9,-1,-8,-2,-6,-2,-4,-1,-4,1,-3,1,-3,2,-3,2,-4,4,-3,7,-4,7,-6,8,-8,10,-7,13,-5,12,-5,11,-6,10,-5,7,-3,5,0,6,1,8,2,7,2,6"
9.856788873672485,149,"CSI,41,128,83,49,21,0,-10,-9,-8,-4,-4,2,-2,6,-4,9,-5,14,-2,17,2,18,0,20,-6,21,-10,20,-11,17,-8,15,-4,14,-4,12,-6,10,-6,8,-4,6,-1,6,1,5,1,1,2,0,4,-1,5,-3,3,-6,0,-2,0,0,0,0,0,0,0,0,0,0,0,0,0,0,0,0,0,0,2,-2,8,-6,9,-5,9,-3,9,-2,8,-3,6,-4,5,-6,5,-5,3,-6,2,-6,0,-4,-2,-6,-4,-7,-7,-7,-9,-8,-10,-9,-11,-10,-15,-11,-19,-12,-20,-16,-19,-21,-21,-20,-22,-21,-23,-23,-22,-22,-20,-22"
9.91652798652649,150,"CSI,688,128,83,49,21,0,-9,-19,-11,-20,-11,-18,-8,-16,-7,-17,-8,-19,-4,-16,2,-11,0,-10,-4,-8,-6,-6,-6,-4,-6,-2,-5,-1,-5,1,-5,4,-6,6,-9,5,-9,4,-9,5,-8,3,-8,2,-8,3,-6,3,-3,3,-1,0,0,0,0,0,0,0,0,0,0,0,0,0,0,0,0,0,0,0,-1,1,-2,4,-4,4,-4,6,-4,7,-2,5,0,5,-1,5,-2,4,1,2,5,-1,6,-2,6,-2,7,-2,6,-2,10,-1,14,0,13,-1,12,-3,12,-6,12,-6,11,-2,10,0,8,-3,5,-6,1,-6,1,-5"
9.962455034255981,151,"CSI,45,128,83,49,21,0,-5,-13,-7,-10,-8,-7,-9,-5,-12,-5,-16,-3,-16,-4,-16,-8,-18,-11,-22,-11,-23,-8,-19,-8,-14,-11,-12,-10,-12,-9,-9,-9,-5,-9,-3,-5,-2,-2,-2,-2,-3,-1,-4,0,-5,2,-4,3,-3,4,-1,1,0,0,0,0,0,0,0,0,0,0,0,0,0,0,0,0,0,0,-1,-3,-1,-9,-1,-9,1,-10,3,-11,3,-10,3,-8,2,-8,0,-8,1,-6,-1,-7,-5,-8,-7,-8,-7,-10,-8,-14,-9,-15,-10,-13,-10,-14,-10,-17,-13,-19,-16,-20,-14,-21,-10,-23,-9,-25,-11,-27,-12,-27,-10,-27"
10.16380786895752,152,"CSI,54,128,83,49,21,0,1,-6,2,-7,7,-6,13,-2,15,1,17,1,20,0,23,0,21,1,17,-2,16,-5,16,-5,14,-5,12,-4,10,-3,7,-1,3,0,0,-2,-2,-1,-2,2,-2,3,-1,4,0,5,0,7,-2,10,-1,2,0,0,0,0,0,0,0,0,0,0,0,0,0,0,0,0,0,0,-2,1,-4,8,-3,9,-3,10,-6,10,-5,9,-2,7,-2,4,-3,3,-2,2,-2,1,-2,0,-1,-2,-1,-4,-5,-7,-8,-13,-9,-17,-10,-19,-9,-20,-10,-21,-13,-21,-15,-22,-12,-23,-13,-21,-16,-16,-17,-13,-18,-14"
10.26528000831604,153,"CSI,58,128,83,49,21,0,1,2,3,4,5,7,7,10,9,14,10,16,12,16,12,17,9,17,6,15,3,14,-1,12,-1,10,2,9,2,6,-1,4,-2,2,0,-1,1,-3,1,-5,1,-5,2,-2,4,-3,3,-6,1,-6,0,-2,0,0,0,0,0,0,0,0,0,0,0,0,0,0,0,0,0,0,1,-2,6,-6,7,-5,6,-7,5,-7,4,-5,3,-6,1,-7,-2,-5,-4,-4,-6,-4,-8,-5,-11,-4,-15,-2,-15,-3,-15,-4,-17,-5,-18,-5,-19,-3,-20,-3,-22,-4,-23,-3,-21,-3,-21,-5,-20,-5,-17,-5,-17,-6"
10.369953870773315,154,"CSI,61,128,83,49,21,0,-12,-4,-12,1,-9,6,-7,9,-8,10,-11,12,-15,9,-17,5,-20,5,-19,7,-18,8,-17,8,-14,5,-10,1,-7,-1,-5,-1,-5,2,-4,3,-3,4,-1,4,-1,3,-2,3,0,5,2,4,2,2,0,0,0,0,0,0,0,0,0,0,0,0,0,0,0,0,0,0,0,0,-1,-3,-2,-11,0,-13,1,-14,3,-12,1,-9,-1,-6,-1,-4,-1,-4,-1,-6,-1,-9,-1,-8,-6,-6,-11,-6,-14,-8,-16,-9,-16,-8,-16,-8,-17,-11,-15,-13,-14,-14,-18,-14,-20,-16,-15,-18,-13,-16,-14,-14,-15,-12"
10.469755172729492,155,"CSI,66,128,83,49,21,0,-3,3,0,2,5,1,9,2,11,3,13,3,12,3,7,6,8,9,11,11,10,11,10,10,11,9,10,7,6,5,2,4,0,2,0,1,0,1,1,-1,2,-4,2,-6,2,-7,1,-7,2,-6,0,-2,0,0,0,0,0,0,0,0,0,0,0,0,0,0,0,0,0,0,-2,-1,-8,-2,-8,-3,-7,-4,-7,-4,-8,-5,-8,-5,-6,-4,-5,-3,-5,1,-5,5,-6,6,-7,8,-8,12,-10,12,-11,12,-11,13,-12,12,-13,11,-12,15,-13,15,-14,12,-14,11,-13,13,-11,13,-9,12,-8,10"
10.57215404510498,156,"CSI,70,128,83,49,21,0,-2,-4,-2,-8,-2,-11,2,-13,5,-13,5,-15,7,-17,13,-18,14,-17,11,-17,7,-16,4,-14,3,-10,4,-6,4,-6,4,-6,3,-4,2,0,4,2,5,2,3,3,5,4,6,5,4,6,2,6,0,1,0,0,0,0,0,0,0,0,0,0,0,0,0,0,0,0,0,0,0,2,2,7,1,7,0,7,-1,7,0,5,1,5,0,4,-2,2,-4,1,-6,0,-9,-2,-10,-3,-11,-6,-12,-9,-15,-10,-18,-9,-19,-8,-19,-9,-19,-11,-19,-10,-18,-7,-16,-6,-15,-5,-15,-3,-14,0,-13,3"
10.674068212509155,157,"CSI,74,128,83,49,21,0,-4,0,-3,-2,-3,-4,-5,-6,-9,-7,-10,-8,-11,-10,-14,-15,-16,-14,-14,-10,-11,-10,-10,-11,-9,-9,-7,-9,-6,-8,-4,-6,-3,-5,-2,-4,0,-3,1,-2,2,-1,5,-1,5,-1,5,1,7,3,2,1,0,0,0,0,0,0,0,0,0,0,0,0,0,0,0,0,0,0,-1,-2,-4,-6,-3,-5,-1,-4,1,-3,0,-3,0,-2,1,0,0,2,1,5,3,6,3,6,3,7,4,9,4,11,4,12,6,12,6,12,4,14,5,16,7,16,5,17,4,17,5,15,4,13,3,13,5,14"
10.777850151062012,158,"CSI,77,128,83,49,21,0,-7,-1,-8,-2,-10,-4,-10,-6,-11,-8,-10,-8,-11,-8,-14,-9,-14,-7,-13,-6,-11,-6,-8,-4,-6,-3,-5,-4,-3,-4,-1,-2,0,-1,0,-3,-1,-4,-2,-2,-1,-2,0,-4,1,-5,0,-4,-1,-3,-1,-1,0,0,0,0,0,0,0,0,0,0,0,0,0,0,0,0,0,0,2,-1,10,-2,8,-1,8,-1,7,-2,4,-3,1,0,-1,0,0,1,-1,3,-4,5,-6,7,-7,7,-9,6,-9,8,-10,10,-9,10,-7,10,-8,13,-7,15,-4,14,-3,16,-4,18,-3,17,-4,15,-6,14,-8,15"
10.879230260848999,159,"CSI,81,128,83,49,21,0,5,-15,5,-12,4,-9,4,-9,6,-10,8,-11,8,-8,10,-3,12,-6,11,-10,9,-10,7,-9,6,-9,7,-6,7,-3,5,-5,4,-7,4,-4,4,-2,4,-2,3,-2,4,-4,4,-6,5,-5,5,-3,1,-1,0,0,0,0,0,0,0,0,0,0,0,0,0,0,0,0,0,0,-2,-2,-8,-5,-7,-6,-6,-6,-3,-5,-2,-5,-1,-5,0,-6,3,-7,4,-7,5,-6,4,-6,4,-7,4,-8,4,-9,3,-11,3,-13,3,-12,3,-12,1,-14,0,-14,1,-13,2,-14,2,-15,1,-14,-2,-14,-5,-14"
10.981098890304565,160,"CSI,85,128,83,49,21,0,6,2,3,2,2,6,1,10,1,10,1,10,2,11,4,7,1,6,-2,11,-3,12,-4,11,-1,11,1,12,1,9,0,7,-1,5,-2,1,-3,0,-3,0,-5,-1,-5,-1,-6,0,-8,0,-11,0,-4,0,0,0,0,0,0,0,0,0,0,0,0,0,0,0,0,0,0,0,-2,-1,-6,-4,-6,-5,-6,-6,-7,-6,-5,-6,-3,-6,-3,-7,-3,-5,-3,-4,-2,-3,0,0,3,2,7,1,10,-2,11,-2,10,-2,11,-4,13,-6,15,-5,14,-6,15,-9,16,-9,15,-5,14,-3,15,-5,17,-6"
11.081787109375,161,"CSI,2278,128,75,-79,20,0,-2,-8,1,-12,3,-15,5,-14,6,-14,3,-16,5,-17,11,-19,9,-21,3,-18,2,-14,1,-14,2,-12,5,-9,5,-6,3,-3,1,-1,2,1,0,4,0,5,1,5,4,4,5,4,7,5,9,7,2,2,0,0,0,0,0,0,0,0,0,0,0,0,0,0,0,0,0,0,2,-1,9,-1,9,0,8,0,7,0,8,-1,7,-2,5,0,2,0,-1,0,-2,0,-4,0,-8,2,-8,3,-9,2,-11,4,-13,9,-16,11,-18,9,-18,9,-18,13,-18,13,-18,11,-17,8,-14,8,-11,7,-9,5"
11.389190196990967,162,"CSI,102,128,83,49,21,0,3,-5,1,-5,-3,-5,-4,-4,-4,-6,-5,-7,-8,-7,-7,-5,-8,-4,-10,-7,-10,-9,-11,-9,-10,-9,-7,-8,-5,-7,-2,-7,-1,-4,1,-1,2,1,1,2,0,2,1,5,3,6,4,6,3,7,0,2,0,0,0,0,0,0,0,0,0,0,0,0,0,0,0,0,0,0,-2,1,-8,5,-8,4,-8,3,-8,0,-8,-1,-8,0,-8,0,-5,0,-2,1,0,3,2,3,4,4,5,6,6,7,10,5,14,4,14,3,14,5,17,7,18,6,15,4,13,5,13,4,13,3,9,3,6,1"
11.495441198348999,163,"CSI,106,128,83,49,21,0,-8,4,-7,7,-8,12,-10,13,-12,13,-11,13,-9,12,-8,10,-9,12,-10,12,-9,10,-6,8,-3,8,-1,8,-1,7,-2,7,-3,6,-3,1,0,-1,4,0,6,2,7,2,6,2,7,3,10,4,2,1,0,0,0,0,0,0,0,0,0,0,0,0,0,0,0,0,0,0,1,-2,4,-5,6,-6,6,-7,3,-6,2,-6,2,-7,1,-6,2,-6,2,-7,-2,-6,-8,-5,-11,-6,-11,-8,-11,-10,-14,-13,-17,-15,-16,-14,-16,-13,-17,-15,-16,-18,-14,-18,-14,-16,-11,-15,-8,-12,-9,-9,-11,-7"
11.597960233688354,164,"CSI,110,128,83,49,21,0,7,-10,5,-12,3,-13,1,-15,-1,-16,-2,-17,-3,-19,-5,-25,-4,-26,-2,-23,-1,-22,-1,-19,-1,-15,-3,-14,-3,-13,-2,-11,-2,-10,-2,-8,-2,-6,-4,-5,-7,-5,-8,-5,-9,-5,-10,-3,-9,1,-2,0,0,0,0,0,0,0,0,0,0,0,0,0,0,0,0,0,0,0,1,0,7,1,9,3,10,4,7,4,4,4,1,5,0,5,0,2,2,2,5,1,8,-3,9,-7,9,-10,10,-12,12,-12,15,-13,15,-13,17,-14,20,-14,23,-13,22,-12,21,-8,21,-6,20,-6,22,-6,26,-5"
11.697151184082031,165,"CSI,113,128,83,49,21,0,8,13,11,13,14,12,15,12,16,13,17,13,14,14,11,17,13,17,17,14,15,14,14,14,14,12,10,11,8,8,8,6,9,5,8,4,7,3,6,3,7,2,7,-1,6,-2,7,-1,10,-2,3,-1,0,0,0,0,0,0,0,0,0,0,0,0,0,0,0,0,0,0,-1,2,-3,10,-4,10,-4,10,-2,11,-1,10,-1,8,0,4,-1,2,0,3,3,7,6,11,9,14,11,15,9,16,7,20,7,25,8,26,5,26,2,29,2,31,1,30,0,30,1,29,0,23,-2,18,-2,17"
11.800962924957275,166,"CSI,117,128,83,49,21,0,12,-4,11,-11,9,-18,8,-22,8,-20,7,-17,9,-17,14,-17,14,-19,9,-21,5,-21,6,-19,8,-16,8,-14,7,-13,3,-15,3,-15,5,-11,3,-9,0,-8,-1,-8,-2,-5,-6,-4,-9,-4,-11,-3,-3,-1,0,0,0,0,0,0,0,0,0,0,0,0,0,0,0,0,0,0,2,2,10,10,11,9,8,11,6,11,6,10,5,12,5,12,5,10,6,7,7,5,7,2,8,-2,11,-4,16,-4,20,-5,23,-5,24,-3,24,-1,25,0,27,2,30,3,31,3,27,4,24,4,22,5,21,8"
11.861050128936768,167,"CSI,763,128,83,49,21,0,-1,-14,0,-17,0,-17,-1,-16,0,-15,2,-13,4,-11,6,-9,5,-10,0,-9,-4,-7,-5,-7,-6,-5,-6,-3,-7,-1,-6,-1,-3,-4,-4,-7,-6,-5,-7,-3,-7,-3,-5,-1,-5,1,-4,2,-3,1,-1,0,0,0,0,0,0,0,0,0,0,0,0,0,0,0,0,0,0,0,0,1,2,8,1,9,2,7,3,6,1,5,-1,4,0,3,1,2,2,1,6,-1,10,-1,12,-3,15,-3,16,-3,17,-2,18,-1,16,0,11,1,11,2,10,2,7,0,5,-2,4,-4,5,-5,4,-5,0,-7"
11.904223918914795,168,"CSI,121,128,83,49,21,0,10,3,8,-2,6,-10,4,-17,3,-22,4,-26,5,-30,7,-34,5,-32,4,-28,8,-26,9,-24,7,-21,4,-19,4,-18,4,-15,2,-10,-2,-7,-4,-6,-5,-5,-8,-4,-10,-3,-10,-2,-12,0,-12,2,-3,0,0,0,0,0,0,0,0,0,0,0,0,0,0,0,0,0,0,0,-2,1,-8,7,-10,8,-11,9,-9,7,-10,5,-14,5,-17,4,-13,3,-8,3,-6,2,-5,1,-2,1,3,4,8,7,13,9,17,10,19,13,25,16,27,18,24,19,23,21,22,23,21,23,22,21,22,20,18,21"
12.00551700592041,169,"CSI,126,128,83,49,21,0,7,7,10,5,12,-1,14,-6,16,-8,17,-8,18,-8,17,-9,16,-9,18,-8,20,-6,21,-4,20,-3,15,-4,9,-5,5,-6,4,-7,2,-6,2,-6,1,-7,-3,-7,-4,-8,-4,-9,-5,-8,-4,-8,-1,-2,0,0,0,0,0,0,0,0,0,0,0,0,0,0,0,0,0,0,-2,2,-6,9,-8,10,-9,11,-9,11,-8,8,-8,7,-9,6,-10,6,-10,4,-6,4,0,7,4,9,4,9,5,11,7,12,11,16,15,21,16,24,15,27,14,28,15,28,14,27,10,26,8,25,10,23,7,21"
12.109989166259766,170,"CSI,129,128,83,49,21,0,-1,6,6,7,10,6,13,8,16,10,16,8,17,10,17,15,19,13,20,8,20,9,18,9,15,7,11,4,10,3,9,2,5,1,2,-1,0,-3,0,-3,0,-4,-1,-5,-2,-8,-3,-12,-2,-12,-1,-3,0,0,0,0,0,0,0,0,0,0,0,0,0,0,0,0,0,0,-2,-1,-6,-5,-6,-8,-6,-11,-6,-11,-5,-10,-6,-10,-7,-10,-6,-9,-4,-7,-4,-4,-6,0,-7,4,-6,7,-7,10,-10,13,-13,15,-16,17,-18,17,-21,18,-23,17,-25,18,-26,18,-25,14,-21,11,-18,12,-14,14"
12.211274862289429,171,"CSI,133,128,83,49,21,0,6,5,6,-1,5,-6,4,-11,2,-18,1,-21,6,-22,11,-23,8,-24,6,-23,7,-23,5,-25,4,-23,5,-19,3,-17,1,-14,-1,-10,-3,-6,-4,-3,-5,-4,-7,-5,-7,-1,-8,2,-10,2,-9,4,-2,1,0,0,0,0,0,0,0,0,0,0,0,0,0,0,0,0,0,0,-2,2,-6,9,-8,10,-9,11,-10,11,-12,10,-13,9,-13,7,-11,4,-10,3,-9,4,-7,3,-2,3,3,3,7,4,11,5,16,6,18,9,18,14,23,19,27,21,28,23,25,27,22,27,23,25,23,24,22,24"
12.3140230178833,172,"CSI,137,128,83,49,21,0,9,9,13,2,16,-3,16,-8,16,-11,16,-12,18,-14,20,-18,19,-19,19,-15,20,-11,19,-8,18,-9,18,-9,16,-7,12,-7,8,-8,6,-8,3,-8,2,-8,1,-8,0,-7,-3,-8,-3,-8,-2,-8,-1,-2,0,0,0,0,0,0,0,0,0,0,0,0,0,0,0,0,0,0,-1,2,-2,11,-2,11,-3,12,-7,13,-8,13,-7,12,-7,10,-7,11,-6,12,-3,10,1,8,4,6,6,4,10,4,15,6,18,11,18,14,20,16,22,19,23,22,23,24,21,29,19,30,17,30,15,28,14,25"
12.41647720336914,173,"CSI,141,128,83,49,21,0,-8,10,-4,8,-1,10,4,13,8,16,8,19,5,21,1,23,0,26,2,27,4,23,5,20,4,18,3,13,4,9,5,10,6,11,5,9,6,6,8,4,8,3,10,2,12,0,10,0,9,1,2,0,0,0,0,0,0,0,0,0,0,0,0,0,0,0,0,0,0,0,-4,-1,-14,-2,-14,-3,-14,-5,-13,-6,-13,-7,-12,-9,-12,-9,-14,-7,-12,-6,-9,-5,-10,-2,-14,3,-16,7,-14,10,-16,12,-21,15,-22,17,-24,18,-26,20,-28,20,-30,14,-32,9,-31,8,-30,9,-30,10,-30,9"
12.522037029266357,174,"CSI,145,128,83,49,21,0,3,-17,1,-16,-1,-16,-4,-16,-7,-17,-10,-20,-9,-19,-8,-16,-5,-19,-3,-22,-4,-22,-4,-20,-2,-18,-2,-17,-2,-15,-4,-11,-5,-8,-4,-7,-6,-4,-7,-2,-7,-2,-8,-4,-10,-4,-11,-4,-14,-5,-4,-2,0,0,0,0,0,0,0,0,0,0,0,0,0,0,0,0,0,0,0,-2,5,-9,10,-10,12,-11,11,-9,10,-7,10,-6,11,-7,11,-7,9,-8,7,-10,6,-11,6,-15,5,-17,6,-17,6,-20,5,-24,8,-25,11,-26,12,-28,14,-29,19,-27,21,-25,19,-22,20,-21,20,-23,18,-23"
12.578482151031494,175,"CSI,791,128,83,49,21,0,-4,-18,-4,-22,-5,-21,-4,-20,-3,-22,-3,-22,0,-22,5,-22,1,-16,-4,-10,-4,-6,-3,-4,-3,-2,-5,-2,-8,-4,-9,-2,-8,0,-8,2,-6,1,-6,0,-6,1,-6,0,-6,0,-5,-1,-3,-1,-1,-1,0,0,0,0,0,0,0,0,0,0,0,0,0,0,0,0,0,0,2,2,7,8,7,7,6,9,5,9,4,7,1,6,0,4,1,1,2,-2,3,-4,4,-4,6,-2,11,-2,14,-5,16,-6,17,-5,17,-4,16,-4,14,-3,13,-1,13,0,11,-2,6,-4,3,-6,0,-9,-3,-13"
12.62471604347229,176,"CSI,150,128,83,49,21,0,-11,-4,-14,-2,-17,3,-17,7,-18,9,-23,8,-22,6,-18,1,-19,0,-20,2,-18,4,-16,6,-15,7,-14,7,-13,8,-12,9,-10,6,-8,4,-7,4,-6,3,-5,3,-3,4,0,8,1,9,1,7,0,1,0,0,0,0,0,0,0,0,0,0,0,0,0,0,0,0,0,0,-1,-2,-4,-9,-5,-12,-5,-13,-2,-13,-1,-12,-2,-13,-2,-13,-2,-11,-5,-11,-5,-13,-5,-13,-9,-12,-14,-12,-15,-10,-16,-10,-18,-11,-20,-12,-22,-13,-26,-15,-27,-18,-24,-21,-21,-22,-18,-23,-15,-21,-12,-18,-11,-17"
12.720446109771729,177,"CSI,153,128,83,49,21,0,0,9,5,5,13,3,16,-1,16,-4,17,-1,18,0,15,-1,12,2,13,2,13,1,12,1,13,2,13,4,11,3,8,-1,6,-1,4,-1,3,-2,1,-3,0,-5,1,-8,1,-7,1,-8,0,-11,0,-3,0,0,0,0,0,0,0,0,0,0,0,0,0,0,0,0,0,0,-1,2,-4,9,-5,9,-5,8,-4,8,-4,9,-4,8,-2,8,0,9,-1,8,-1,10,0,11,0,11,-1,14,0,14,5,13,11,13,12,15,8,18,8,20,9,23,9,25,9,25,6,24,4,24,3,23,2,19"
12.793900966644287,178,"CSI,2280,128,75,-79,20,0,-11,6,-6,8,-2,8,-1,11,-1,14,-1,16,-4,20,-7,24,-5,23,-3,19,-1,17,1,16,0,15,-4,13,-7,12,-7,11,-7,8,-6,6,-5,6,-3,5,0,3,2,3,3,3,5,3,5,2,1,0,0,0,0,0,0,0,0,0,0,0,0,0,0,0,0,0,0,0,-3,0,-10,1,-10,2,-10,2,-10,0,-11,-1,-11,-1,-10,0,-9,2,-8,1,-7,0,-8,2,-10,5,-10,7,-11,8,-12,10,-14,11,-16,12,-18,14,-20,13,-24,12,-27,11,-27,8,-26,4,-26,3,-23,5,-20,6"
12.824596166610718,179,"CSI,2281,128,75,-79,20,0,-1,10,5,9,9,7,11,5,15,4,18,4,16,6,12,9,14,11,16,11,16,9,17,8,16,5,16,3,16,3,13,4,8,4,5,2,3,-1,4,-2,3,-2,0,-5,-1,-7,-2,-8,0,-9,0,-3,0,0,0,0,0,0,0,0,0,0,0,0,0,0,0,0,0,0,-2,0,-9,0,-12,-2,-11,-5,-10,-5,-11,-4,-11,-3,-10,-1,-10,0,-9,1,-9,1,-10,1,-10,4,-9,8,-5,10,-4,12,-7,16,-9,19,-10,22,-10,22,-10,23,-10,24,-13,22,-14,19,-13,19,-15,19,-17,18"
12.855098009109497,180,"CSI,158,128,83,49,21,0,-5,7,-3,8,1,8,8,10,9,11,9,13,9,18,7,20,7,18,8,15,6,12,7,12,8,10,8,11,7,12,6,10,5,6,5,4,5,2,4,1,3,-2,3,-3,2,-4,0,-5,1,-5,0,-1,0,0,0,0,0,0,0,0,0,0,0,0,0,0,0,0,0,0,-1,-3,-2,-10,-4,-9,-6,-9,-6,-10,-4,-10,-5,-9,-6,-8,-4,-8,-6,-8,-8,-5,-9,0,-10,0,-10,0,-10,1,-12,3,-15,6,-18,7,-21,8,-23,9,-24,10,-26,9,-27,6,-24,4,-22,4,-20,3,-18,0"
12.886682987213135,181,"CSI,577,128,75,-79,20,0,-11,-2,-10,-2,-10,-1,-12,-2,-14,-3,-15,-4,-13,-5,-7,-8,-7,-7,-10,-4,-10,-3,-9,-2,-7,0,-7,2,-6,2,-5,3,-4,3,-4,3,-7,2,-9,1,-8,1,-5,2,-4,2,-3,0,-2,1,-1,0,0,0,0,0,0,0,0,0,0,0,0,0,0,0,0,0,0,0,1,-2,5,-7,1,-7,0,-7,3,-7,5,-6,5,-3,2,-2,-2,-4,-3,-3,-4,-3,-5,-5,-6,-8,-7,-11,-7,-10,-6,-9,-4,-10,-4,-10,-5,-9,-6,-8,-5,-9,-6,-9,-6,-9,-6,-9,-8,-6,-10,-4,-8,-5"
12.927358150482178,182,"CSI,162,128,83,49,21,0,-8,7,-3,5,5,4,11,4,15,6,17,6,20,5,27,6,26,5,21,5,17,7,14,6,14,4,16,5,17,6,15,5,10,3,7,1,6,-2,5,-3,3,-5,2,-6,2,-7,2,-7,1,-6,0,-2,0,0,0,0,0,0,0,0,0,0,0,0,0,0,0,0,0,0,-2,-1,-5,-5,-6,-6,-8,-7,-8,-8,-9,-9,-9,-8,-8,-5,-7,-4,-6,-4,-7,0,-7,3,-4,3,-3,4,-5,5,-8,7,-9,11,-10,13,-12,15,-16,18,-19,19,-21,19,-22,18,-20,18,-19,19,-18,18,-16,13"
13.029695987701416,183,"CSI,166,128,83,49,21,0,2,-7,1,-9,-1,-15,0,-20,2,-23,3,-24,7,-26,13,-27,13,-27,11,-23,8,-19,3,-17,4,-14,4,-11,1,-10,0,-9,-1,-7,-2,-9,-4,-10,-5,-10,-5,-9,-5,-7,-5,-7,-5,-7,-6,-7,-2,-2,0,0,0,0,0,0,0,0,0,0,0,0,0,0,0,0,0,0,1,1,6,4,6,5,7,7,8,8,6,5,3,2,3,4,5,5,7,2,9,0,9,1,11,-1,14,-4,16,-3,16,-2,17,-2,20,-4,22,-7,23,-6,22,-2,23,-1,26,-1,24,1,22,0,19,-4,15,-5"
13.131601095199585,184,"CSI,170,128,83,49,21,0,7,8,10,7,14,8,17,10,21,10,22,9,19,10,13,11,11,13,11,12,11,11,11,12,10,11,8,8,7,6,7,5,6,0,5,-3,5,-2,5,-1,6,-2,9,-3,10,-4,8,-5,8,-5,2,-2,0,0,0,0,0,0,0,0,0,0,0,0,0,0,0,0,0,0,-3,1,-10,7,-10,7,-10,6,-10,7,-10,8,-9,8,-7,8,-8,5,-5,5,-3,8,-1,10,1,14,2,19,1,21,1,21,0,24,-1,26,-2,26,-5,26,-7,27,-7,25,-6,23,-4,21,-2,17,-1,15,-2,17"
13.193204164505005,185,"CSI,816,128,83,49,21,0,-2,-18,-1,-16,3,-18,5,-22,5,-22,7,-19,6,-14,3,-10,1,-11,2,-11,0,-8,-4,-6,-7,-5,-9,-6,-10,-6,-10,-7,-10,-9,-9,-8,-8,-7,-9,-7,-8,-7,-6,-8,-5,-8,-6,-6,-8,-4,-2,-1,0,0,0,0,0,0,0,0,0,0,0,0,0,0,0,0,0,0,-1,2,-2,8,-1,8,-2,9,-4,8,-5,6,-5,4,-4,3,-1,2,2,-1,3,-3,4,-3,8,-1,11,1,13,1,12,2,13,2,14,1,14,4,15,6,15,5,12,2,8,-1,6,-3,6,-4,4,-6,3,-10"
13.235902070999146,186,"CSI,174,128,83,49,21,0,-9,-1,-12,1,-16,1,-18,1,-19,-2,-20,-5,-22,-5,-24,-5,-22,-2,-19,-2,-16,-4,-13,-4,-10,-4,-7,-4,-8,0,-7,1,-4,1,-3,2,-3,4,-1,7,0,8,-1,8,-1,8,-1,7,-4,7,-2,1,0,0,0,0,0,0,0,0,0,0,0,0,0,0,0,0,0,0,2,-2,11,-6,10,-7,8,-6,6,-5,3,-6,3,-6,5,-5,4,-5,2,-5,1,-8,1,-9,0,-11,-1,-14,-1,-16,0,-18,-1,-21,-2,-23,0,-21,1,-18,1,-17,2,-16,2,-15,1,-16,1,-15,-1,-13,-2,-12"
13.294389009475708,187,"CSI,820,128,83,49,21,0,13,7,14,9,17,8,20,9,18,9,16,6,12,4,6,2,4,1,5,0,5,0,6,1,6,-1,3,-5,-1,-5,-4,-5,-5,-6,-5,-9,-3,-11,-2,-10,-4,-8,-4,-6,-3,-6,-3,-5,-2,-4,-1,-1,0,0,0,0,0,0,0,0,0,0,0,0,0,0,0,0,0,0,0,-1,3,-3,2,-3,1,-4,0,-5,0,-4,0,-3,-1,-2,-1,-1,-1,0,-1,2,-5,2,-8,2,-9,2,-10,3,-13,3,-12,2,-9,3,-10,4,-12,2,-11,4,-9,6,-7,5,-3,4,1,3,3,2,4,1"
13.33755111694336,188,"CSI,177,128,83,49,21,0,-3,-7,-4,-3,-5,1,-6,5,-8,9,-11,11,-9,13,-6,15,-10,13,-14,12,-14,12,-15,12,-14,12,-11,10,-10,6,-9,6,-7,7,-4,4,-1,1,1,0,3,-2,6,-2,7,-1,8,0,9,-1,2,-1,0,0,0,0,0,0,0,0,0,0,0,0,0,0,0,0,0,0,2,-1,12,0,12,3,11,4,10,2,11,1,11,3,11,3,7,1,4,2,4,5,5,2,3,-4,0,-11,-3,-15,-3,-18,-3,-19,-5,-19,-5,-20,-3,-24,0,-27,0,-27,-2,-26,-2,-26,-1,-29,-1,-26,0,-19"
13.3978750705719,189,"CSI,823,128,83,49,21,0,-14,21,-13,21,-13,21,-15,21,-16,20,-11,19,-9,16,-8,11,-6,9,-5,9,-3,6,-1,2,3,-1,6,-4,8,-6,11,-8,12,-8,11,-9,11,-9,10,-9,7,-8,6,-6,6,-5,5,-5,3,-3,0,-1,0,0,0,0,0,0,0,0,0,0,0,0,0,0,0,0,0,0,0,2,1,8,0,7,0,7,-1,7,0,6,2,5,2,2,1,0,-1,-2,1,-5,1,-8,-1,-10,-2,-10,1,-13,4,-16,5,-16,5,-15,5,-16,4,-17,2,-16,1,-13,1,-11,1,-7,-1,-1,-4,4,-6,6"
13.440400123596191,190,"CSI,182,128,83,49,21,0,-2,-7,-2,-7,-2,-5,-4,-2,-10,-3,-14,-5,-12,-5,-10,-6,-14,-9,-16,-10,-15,-9,-15,-6,-12,-6,-8,-7,-6,-6,-4,-4,-2,-4,0,-3,-1,-1,-2,-1,-1,0,0,3,-1,5,-1,7,-1,7,-1,1,0,0,0,0,0,0,0,0,0,0,0,0,0,0,0,0,0,0,2,-1,9,-1,8,-3,8,-3,6,-3,3,-5,4,-5,6,-4,8,-4,8,-4,7,-6,4,-7,3,-8,4,-10,3,-12,0,-14,0,-15,1,-15,3,-16,5,-17,8,-19,8,-21,7,-21,7,-17,8,-12,8,-12,7,-15"
13.745082139968872,191,"CSI,194,128,83,49,21,0,8,8,4,6,1,5,-2,5,-6,4,-7,5,-6,6,-6,4,-10,4,-12,4,-12,2,-12,4,-12,7,-12,6,-9,3,-6,4,-6,4,-6,0,-5,0,-4,0,-2,-2,-4,-3,-5,-6,-4,-6,-4,-6,-1,-2,0,0,0,0,0,0,0,0,0,0,0,0,0,0,0,0,0,0,0,-4,2,-13,1,-9,1,-6,2,-6,3,-5,3,-3,2,-2,4,-1,4,-2,3,-2,3,0,2,3,1,6,2,9,3,10,3,10,4,10,6,11,7,12,9,12,10,10,11,11,12,13,11,12,12,11,15,8"
13.849539041519165,192,"CSI,198,128,83,49,21,0,-5,-12,-3,-11,-1,-9,2,-4,6,-1,9,-3,8,-3,5,-6,6,-10,9,-11,11,-9,11,-7,10,-8,8,-10,7,-9,5,-8,4,-8,3,-6,2,-4,1,-4,3,-5,4,-4,5,-1,7,1,8,0,2,0,0,0,0,0,0,0,0,0,0,0,0,0,0,0,0,0,0,0,-3,-2,-9,-6,-8,-8,-7,-7,-6,-6,-8,-6,-7,-5,-5,-5,-3,-5,-3,-5,-3,-4,-1,-3,1,-3,2,-5,3,-8,4,-11,6,-11,8,-11,8,-13,8,-14,6,-14,2,-14,0,-17,-1,-17,-4,-16,-6,-16,-6,-15"
14.05116891860962,193,"CSI,205,128,83,49,21,0,6,0,5,3,4,5,3,7,0,9,-4,11,-3,12,2,11,3,10,3,11,3,13,3,12,4,12,2,11,1,9,0,5,1,3,3,2,3,1,2,0,-1,-1,-3,-2,-4,-1,-4,-1,-5,-1,-2,-1,0,0,0,0,0,0,0,0,0,0,0,0,0,0,0,0,0,0,-2,-2,-3,-8,-1,-8,0,-8,2,-7,4,-6,4,-5,3,-4,4,-2,4,-2,3,-1,3,1,7,2,11,6,10,8,8,6,10,4,13,3,14,3,14,5,15,4,19,2,20,2,18,2,16,1,15,-2,12,-4"
14.25916314125061,194,"CSI,213,128,83,49,21,0,-3,-2,1,0,4,0,7,-1,10,-1,12,1,10,3,7,4,8,1,11,-2,12,-3,10,-5,7,-7,6,-6,6,-5,4,-5,3,-3,3,-1,2,1,-1,2,-2,3,-3,3,-3,2,-2,3,-2,4,-1,1,0,0,0,0,0,0,0,0,0,0,0,0,0,0,0,0,0,0,-2,1,-5,5,-5,4,-6,3,-5,2,-4,0,-5,-1,-5,0,-5,-1,-5,-2,-4,-4,-3,-8,-2,-8,-1,-7,-2,-9,-3,-12,-4,-13,-4,-15,-5,-14,-8,-14,-11,-18,-10,-18,-9,-15,-11,-10,-12,-7,-12,-7,-11,-10"
14.40709114074707,195,"CSI,2283,128,75,-79,20,0,6,4,7,1,7,-4,9,-8,11,-9,12,-9,13,-8,17,-5,17,-6,16,-11,15,-10,13,-7,11,-5,10,-6,8,-5,7,-1,5,1,3,-1,2,-3,1,-4,-1,-3,-1,-2,-2,-2,-3,-3,-2,-3,-1,-1,0,0,0,0,0,0,0,0,0,0,0,0,0,0,0,0,0,0,-1,2,-3,9,-5,9,-3,8,-3,6,-3,3,0,3,2,2,1,0,0,0,2,2,6,4,8,3,7,1,7,2,8,2,10,2,14,4,14,8,14,10,14,7,14,7,13,9,12,8,13,9,14,12,12,10"
14.465823888778687,196,"CSI,222,128,83,49,21,0,0,-16,-1,-10,-3,-7,-9,-8,-14,-9,-14,-8,-13,-6,-16,-4,-19,-8,-17,-13,-15,-13,-14,-13,-13,-11,-11,-8,-10,-7,-8,-8,-7,-6,-7,-3,-7,1,-6,2,-4,2,-4,1,-5,4,-4,6,-3,6,-1,1,0,0,0,0,0,0,0,0,0,0,0,0,0,0,0,0,0,0,1,-2,6,-7,6,-6,5,-5,5,-4,6,-5,7,-5,6,-6,5,-7,3,-7,1,-4,-1,-4,-3,-7,-2,-10,-3,-11,-3,-12,-3,-15,-4,-19,-2,-22,0,-22,0,-23,-1,-23,0,-24,1,-25,1,-25,2,-23,2,-21"
14.564797163009644,197,"CSI,225,128,83,49,21,0,-2,-11,-2,-6,-2,0,-1,5,-2,9,-1,13,-3,13,-5,10,-5,13,-2,17,-1,18,0,17,0,15,-2,13,-1,13,2,13,2,11,3,7,3,4,3,2,2,0,0,-1,-2,-2,-4,-5,-6,-8,-2,-3,0,0,0,0,0,0,0,0,0,0,0,0,0,0,0,0,0,0,1,1,4,7,3,7,1,8,1,7,2,6,2,6,-1,6,-1,5,1,3,2,3,0,-1,0,-6,1,-8,1,-8,0,-9,-1,-13,0,-17,1,-19,1,-20,0,-23,0,-25,0,-23,-2,-22,-4,-25,-4,-26,0,-22"
14.66759705543518,198,"CSI,230,128,83,49,21,0,-6,15,-1,11,3,8,5,5,8,3,12,3,12,2,11,0,14,4,18,7,17,7,15,7,14,6,15,5,14,5,11,6,8,5,6,3,6,3,6,1,4,-3,2,-5,1,-5,1,-6,1,-7,0,-2,0,0,0,0,0,0,0,0,0,0,0,0,0,0,0,0,0,0,-3,0,-10,2,-12,3,-10,2,-11,0,-13,-2,-14,-2,-11,-1,-8,-2,-6,-3,-5,-3,-4,0,-3,3,0,5,1,7,-2,8,-4,10,-3,15,-2,18,-3,21,-2,24,-3,25,-6,26,-10,26,-10,23,-8,22,-10,23"
14.770623207092285,199,"CSI,233,128,83,49,21,0,-10,4,-4,3,2,2,6,3,10,2,13,-2,17,-2,19,3,18,3,18,0,17,-3,15,-3,15,-2,16,-2,14,-3,13,-3,11,-3,8,-3,6,-4,3,-5,-1,-2,-3,0,-5,-1,-7,-2,-7,0,-2,0,0,0,0,0,0,0,0,0,0,0,0,0,0,0,0,0,0,0,0,-2,3,-7,4,-9,6,-9,8,-9,8,-7,6,-4,4,-4,4,-2,3,-1,-1,1,-4,4,-5,3,-4,3,-6,7,-10,6,-15,5,-16,6,-15,8,-17,9,-18,11,-20,11,-20,11,-20,13,-20,15,-19,12,-18,10"
14.873239994049072,200,"CSI,238,128,83,49,21,0,12,-5,7,-8,3,-11,3,-15,1,-16,-1,-17,2,-16,8,-15,8,-18,4,-19,0,-17,-2,-16,-1,-16,2,-15,3,-13,1,-10,1,-8,1,-8,0,-6,-1,-2,-3,-1,-4,-2,-4,-1,-6,0,-8,-1,-2,-1,0,0,0,0,0,0,0,0,0,0,0,0,0,0,0,0,0,0,2,0,10,1,7,2,6,3,5,5,3,7,1,6,1,4,2,2,3,-1,4,-2,4,-2,5,-5,7,-9,6,-11,5,-12,8,-13,14,-14,18,-12,18,-10,18,-11,18,-9,20,-6,22,-6,22,-6,19,-6,17,-7"
14.97425103187561,201,"CSI,242,128,83,49,21,0,1,-23,0,-18,0,-12,-1,-7,-8,-3,-13,1,-13,3,-12,2,-16,3,-22,6,-24,8,-24,9,-24,8,-22,4,-20,3,-19,3,-17,2,-13,3,-9,3,-6,2,-2,1,1,0,3,1,6,3,7,3,1,0,0,0,0,0,0,0,0,0,0,0,0,0,0,0,0,0,0,0,2,0,9,1,9,1,9,0,11,0,11,3,10,6,9,6,7,5,5,6,5,5,5,2,5,-1,3,-4,2,-8,4,-9,4,-10,4,-13,3,-15,2,-18,0,-23,0,-29,0,-33,1,-35,0,-35,1,-35,5,-32"
15.035645008087158,202,"CSI,2284,128,77,-47,20,0,14,-3,9,-2,4,-4,-1,-7,-7,-9,-12,-10,-12,-12,-9,-18,-13,-19,-19,-15,-19,-14,-18,-14,-18,-13,-16,-12,-13,-12,-10,-9,-10,-9,-9,-8,-8,-5,-5,-3,-2,-3,0,-1,2,1,3,5,3,6,0,1,0,0,0,0,0,0,0,0,0,0,0,0,0,0,0,0,0,0,1,1,4,7,1,8,-1,8,-3,7,-4,6,-4,5,-5,4,-6,6,-6,8,-4,6,-1,3,1,0,3,-1,8,-1,12,-2,15,-4,16,-6,16,-6,18,-7,21,-10,24,-10,24,-9,26,-7,30,-6,30,-5,27,-5"
15.07715106010437,203,"CSI,245,128,83,49,21,0,11,3,8,1,5,-3,2,-6,1,-8,0,-12,-1,-15,-3,-16,-3,-17,-1,-19,0,-20,2,-20,1,-20,0,-19,2,-16,4,-15,2,-12,0,-9,0,-8,-1,-6,-2,-3,-3,-3,-4,1,-4,4,-5,3,-2,0,0,0,0,0,0,0,0,0,0,0,0,0,0,0,0,0,0,0,-1,2,-2,10,-3,10,-5,9,-6,9,-7,8,-6,8,-5,8,-5,8,-5,6,-4,3,-1,2,5,4,7,5,6,6,8,7,12,7,15,6,18,7,21,10,22,10,23,9,24,8,23,9,24,10,24,10,20,10"
15.180370092391968,204,"CSI,249,128,83,49,21,0,-10,2,-9,4,-5,7,1,9,6,12,7,14,7,18,8,21,9,21,8,19,5,17,2,18,1,18,1,17,1,13,0,8,-3,4,-2,3,2,1,3,0,2,1,2,-2,2,-5,2,-7,5,-7,1,-2,0,0,0,0,0,0,0,0,0,0,0,0,0,0,0,0,0,0,-1,-3,-1,-12,-1,-12,0,-11,2,-10,4,-11,4,-9,4,-5,3,-4,0,-3,-1,-1,-2,0,-6,1,-10,3,-12,0,-12,-2,-14,-1,-16,-2,-20,-4,-24,-4,-27,-5,-27,-4,-26,-3,-26,-4,-28,-6,-27,-6,-24,-4"
15.28441596031189,205,"CSI,254,128,83,49,21,0,9,9,6,6,2,2,-3,-5,-4,-11,-2,-16,-1,-17,-1,-19,-3,-21,-4,-22,-6,-21,-9,-20,-11,-19,-11,-18,-10,-15,-8,-12,-4,-7,-3,-5,-5,-3,-5,-1,-4,0,-3,0,1,2,3,4,3,5,0,1,0,0,0,0,0,0,0,0,0,0,0,0,0,0,0,0,0,0,-3,-2,-10,-4,-9,-5,-9,-8,-9,-10,-10,-10,-8,-10,-5,-9,-6,-6,-6,-6,-6,-7,-3,-5,0,-1,1,4,2,7,4,10,6,15,10,19,12,22,14,25,14,25,14,24,14,25,14,26,15,26,16,26,11,26"
15.385986089706421,206,"CSI,257,128,83,49,21,0,7,5,1,1,-3,-4,-7,-10,-11,-13,-12,-14,-11,-18,-13,-24,-15,-22,-13,-17,-11,-14,-11,-14,-10,-13,-10,-11,-9,-8,-7,-5,-7,-3,-6,0,-4,0,-2,0,-1,1,0,3,0,4,1,5,2,6,0,1,0,0,0,0,0,0,0,0,0,0,0,0,0,0,0,0,0,0,-2,0,-9,2,-10,2,-11,1,-10,0,-9,0,-10,1,-12,1,-12,-1,-7,-2,-3,1,0,0,3,-3,5,-1,6,2,11,3,15,4,16,5,16,6,19,8,21,10,23,12,23,15,23,16,21,14,20,13,21,11"
15.48982310295105,207,"CSI,261,128,83,49,21,0,-10,-5,-8,0,-7,5,-5,10,-5,13,-6,14,-8,16,-12,15,-13,17,-11,19,-10,16,-9,15,-7,14,-7,15,-8,14,-5,10,-2,9,-1,9,-1,8,1,7,1,5,1,3,2,0,3,-2,4,-4,1,-1,0,0,0,0,0,0,0,0,0,0,0,0,0,0,0,0,0,0,-1,-2,-2,-7,-3,-10,-3,-12,0,-11,1,-10,1,-8,3,-7,3,-6,1,-5,-2,-3,-6,-4,-6,-5,-8,-3,-11,-4,-14,-4,-17,-3,-19,-4,-20,-5,-24,-7,-29,-10,-30,-12,-28,-10,-27,-9,-27,-10,-26,-12,-23,-12"
15.589518070220947,208,"CSI,265,128,83,49,21,0,-5,13,0,9,6,8,10,4,13,2,14,2,16,5,17,7,19,4,20,-2,18,-7,17,-6,18,-1,17,1,16,1,15,1,12,0,10,-1,7,0,5,-1,5,-2,3,-1,0,0,0,0,0,-1,0,-1,0,0,0,0,0,0,0,0,0,0,0,0,0,0,0,0,0,0,-2,0,-7,1,-7,3,-9,3,-9,0,-10,-4,-11,-6,-11,-6,-11,-5,-10,-5,-7,-5,-5,-2,-5,0,-5,1,-4,4,-2,9,-1,12,-3,14,-4,17,-4,22,-5,25,-6,25,-6,27,-6,29,-8,30,-9,28,-9,27"
15.691066026687622,209,"CSI,270,128,83,49,21,0,8,8,6,2,8,-3,11,-6,12,-8,13,-8,15,-9,19,-8,18,-9,14,-10,12,-10,12,-7,13,-6,12,-8,11,-9,9,-8,7,-9,4,-9,1,-7,-2,-7,0,-6,2,-5,2,-3,-1,0,-6,1,-2,0,0,0,0,0,0,0,0,0,0,0,0,0,0,0,0,0,0,0,-1,1,-5,6,-8,5,-9,5,-9,4,-8,3,-8,3,-9,2,-9,3,-8,4,-4,3,-2,4,-2,4,0,5,2,6,5,8,8,12,8,14,10,15,13,17,13,19,10,22,7,23,8,22,10,20,9,19,6,18"
15.796963930130005,210,"CSI,274,128,83,49,21,0,-5,10,-2,5,2,2,5,-3,9,-6,10,-7,13,-6,18,-4,19,-7,17,-12,15,-12,14,-11,12,-11,11,-9,10,-7,8,-8,6,-7,6,-6,3,-7,-1,-5,-3,-1,-1,0,-1,-1,-4,1,-5,2,-2,0,0,0,0,0,0,0,0,0,0,0,0,0,0,0,0,0,0,0,-1,0,-5,0,-8,0,-10,-1,-9,-5,-8,-7,-7,-7,-5,-5,-5,-5,-5,-5,-5,-4,-5,-3,-3,-2,-2,1,-1,5,0,8,1,11,2,18,2,21,0,22,0,26,0,29,-3,28,-3,28,-2,32,-1,32,-1,27"
15.896038055419922,211,"CSI,277,128,83,49,21,0,-5,-6,-9,1,-12,4,-13,2,-14,1,-14,1,-18,5,-22,11,-20,10,-18,7,-17,6,-14,5,-12,4,-12,2,-9,1,-5,1,-1,2,3,3,5,5,5,3,4,1,4,1,5,0,4,0,3,0,0,0,0,0,0,0,0,0,0,0,0,0,0,0,0,0,0,0,0,0,1,1,4,6,5,6,4,8,4,6,4,4,3,4,1,3,-1,1,-3,-1,-3,-3,-2,-5,-1,-7,2,-11,6,-14,7,-19,6,-23,6,-23,7,-23,9,-23,9,-20,9,-19,9,-20,10,-20,10,-19,7,-14,3,-9"
15.999698162078857,212,"CSI,282,128,83,49,21,0,6,2,0,1,-6,2,-11,5,-14,6,-19,6,-17,6,-13,5,-17,7,-21,11,-20,13,-17,12,-13,9,-8,7,-6,7,-4,4,-2,2,-1,1,-1,-2,0,-2,1,-1,1,-2,1,-6,0,-8,-2,-7,-1,-2,0,0,0,0,0,0,0,0,0,0,0,0,0,0,0,0,0,0,-2,-3,-6,-10,-7,-8,-8,-10,-7,-12,-6,-10,-4,-8,-2,-10,-1,-9,1,-7,3,-6,6,-4,10,-2,13,-1,13,1,14,5,16,8,19,8,22,9,23,12,23,12,23,10,24,9,23,9,23,7,21,5,18,5"
16.10114598274231,213,"CSI,285,128,83,49,21,0,-6,4,-2,3,2,4,7,6,11,8,11,10,11,8,14,2,17,2,16,4,15,5,16,6,16,7,13,3,11,-1,13,-2,12,-1,7,0,3,-2,1,-4,0,-5,-2,-5,-2,-5,-1,-6,-2,-7,-1,-2,0,0,0,0,0,0,0,0,0,0,0,0,0,0,0,0,0,0,1,-2,4,-8,5,-9,7,-10,9,-9,9,-7,7,-6,7,-3,7,1,5,1,2,0,0,0,-4,2,-8,3,-10,2,-12,2,-15,3,-18,4,-19,5,-20,3,-23,0,-26,-2,-25,-2,-22,-2,-23,-1,-21,2,-16,4"
16.303935050964355,214,"CSI,0,128,80,-128,4,0,-3,11,-6,16,-8,22,-7,26,-6,29,-5,32,-5,33,-3,31,-1,29,0,27,1,23,1,19,0,15,-1,10,-2,4,-4,-1,-5,-6,-6,-10,-7,-14,-9,-16,-10,-18,-10,-20,-9,-21,-8,-21,-6,-21,-2,-6,0,0,0,0,0,0,0,0,0,0,0,0,0,0,0,0,0,0,-5,-1,-21,-3,-21,-5,-21,-7,-21,-9,-21,-9,-19,-10,-17,-10,-14,-10,-10,-9,-5,-7,-1,-6,4,-4,9,-3,14,-2,19,-3,23,-3,26,-4,29,-6,31,-8,31,-10,30,-11,28,-11,25,-11,20,-10,15,-8,10,-5"
16.332807064056396,215,"CSI,293,128,83,49,21,0,0,-3,-3,-2,-5,-1,-9,0,-13,3,-16,4,-18,5,-18,8,-18,7,-18,5,-17,4,-14,4,-13,4,-12,3,-9,1,-6,1,-2,2,3,0,4,-2,2,-2,1,0,3,1,6,2,6,0,5,-4,1,-2,0,0,0,0,0,0,0,0,0,0,0,0,0,0,0,0,0,0,-2,1,-5,5,-5,6,-7,6,-8,6,-8,4,-8,5,-8,5,-7,3,-5,0,-2,-3,2,-5,6,-6,8,-7,9,-9,10,-8,14,-8,18,-10,21,-10,21,-10,21,-10,20,-9,20,-5,22,-6,20,-7,18,-6,15,-5"
16.402992010116577,216,"CSI,0,128,-128,-128,7,0,11,1,16,4,20,6,24,8,28,8,31,7,31,4,30,2,28,1,26,-1,23,-2,20,-2,16,-1,11,0,5,1,0,2,-4,4,-8,6,-11,7,-14,7,-17,8,-19,8,-20,7,-20,6,-20,5,-5,1,0,0,0,0,0,0,0,0,0,0,0,0,0,0,0,0,0,0,-2,4,-7,18,-8,19,-10,19,-12,18,-12,17,-12,15,-11,13,-10,10,-9,6,-7,2,-6,-3,-4,-8,-3,-13,-2,-17,-2,-21,-2,-24,-3,-27,-4,-29,-5,-32,-6,-33,-7,-32,-8,-29,-9,-25,-7,-21,-5,-17,-3,-13"
16.43440294265747,217,"CSI,298,128,83,49,21,0,-1,-8,1,-3,1,1,-1,4,-3,7,-5,10,-4,14,-1,15,-1,16,-4,18,-5,17,-7,15,-6,14,-5,13,-4,11,-3,11,-1,8,-1,4,-2,3,0,-1,0,-4,-1,-5,-2,-6,-2,-7,-2,-7,-1,-2,0,0,0,0,0,0,0,0,0,0,0,0,0,0,0,0,0,0,-1,1,-3,6,-6,8,-7,9,-6,8,-7,7,-6,4,-4,2,-3,2,-4,3,-3,1,-1,-2,1,-4,1,-5,5,-7,10,-9,12,-12,11,-12,10,-13,10,-17,11,-19,12,-19,14,-19,16,-20,14,-21,12,-19,11,-16"
16.50257706642151,218,"CSI,2955,128,-118,32,8,0,17,4,17,2,17,1,17,-1,16,-2,14,-3,12,-3,10,-2,9,-1,8,0,8,1,8,2,9,4,10,5,11,5,11,6,11,6,11,6,11,5,10,5,10,5,9,5,7,5,6,5,4,5,1,1,0,0,0,0,0,0,0,0,0,0,0,0,0,0,0,0,0,0,1,-2,5,-7,5,-6,6,-5,6,-4,7,-3,8,-1,9,0,10,1,11,2,13,2,13,2,14,2,14,1,14,1,13,0,13,-1,12,-2,11,-2,11,-2,11,-1,10,0,9,2,9,3,10,5,12,5,13,6"
16.536062240600586,219,"CSI,2956,128,-98,96,9,0,-17,-8,-17,-7,-18,-5,-17,-3,-16,-2,-15,-1,-13,-1,-11,-2,-9,-3,-9,-4,-8,-6,-8,-7,-9,-8,-10,-9,-11,-9,-11,-9,-11,-8,-11,-8,-10,-7,-10,-7,-9,-7,-7,-7,-6,-7,-4,-7,-2,-7,-1,-2,0,0,0,0,0,0,0,0,0,0,0,0,0,0,0,0,0,0,-2,1,-8,6,-8,5,-8,4,-8,3,-8,1,-8,0,-9,-2,-9,-3,-10,-4,-11,-5,-12,-7,-13,-7,-14,-7,-14,-6,-15,-5,-15,-3,-14,-3,-13,-2,-13,-1,-12,-1,-11,-2,-10,-4,-9,-6,-10,-8,-11,-9,-13,-10"
16.567429065704346,220,"CSI,302,128,83,49,21,0,6,-8,1,-3,-2,0,-1,4,-4,9,-6,11,-9,12,-13,11,-14,13,-13,16,-12,17,-9,17,-8,15,-8,11,-7,10,-6,9,-4,7,0,4,1,2,-1,2,0,0,-1,-3,-1,-3,-1,-4,-1,-6,-1,-2,0,0,0,0,0,0,0,0,0,0,0,0,0,0,0,0,0,0,-2,0,-7,4,-6,4,-6,4,-8,3,-10,4,-9,7,-8,5,-5,0,-5,-1,-6,0,-2,-2,1,-2,0,-3,2,-5,8,-8,11,-10,10,-11,12,-13,17,-15,18,-15,18,-14,18,-15,17,-19,17,-20,15,-18,15,-17"
16.613476037979126,221,"CSI,306,128,83,49,21,0,-5,-2,0,-2,3,0,7,1,14,2,16,2,15,2,14,3,17,2,21,2,20,1,17,-1,14,0,12,2,11,3,8,2,5,-1,2,-1,-3,-1,-5,-1,-5,-1,-5,0,-6,2,-7,3,-6,2,-2,0,0,0,0,0,0,0,0,0,0,0,0,0,0,0,0,0,0,0,2,-1,7,0,6,4,8,4,9,3,8,5,5,7,3,7,1,6,-1,3,-2,1,-3,0,-5,-3,-6,-5,-8,-5,-11,-4,-14,-7,-15,-12,-17,-12,-21,-7,-23,-6,-23,-8,-22,-8,-21,-7,-21,-8,-22,-8,-21,-4"
16.71678400039673,222,"CSI,309,128,83,49,21,0,0,2,4,-1,3,-7,4,-9,7,-10,10,-10,13,-9,16,-6,15,-7,14,-9,12,-10,9,-8,8,-5,6,-4,3,-4,1,-2,1,-1,0,-1,-2,-2,-4,-3,-5,0,-6,2,-6,2,-6,3,-5,5,-1,1,0,0,0,0,0,0,0,0,0,0,0,0,0,0,0,0,0,0,-1,-2,-4,-8,-5,-9,-6,-10,-5,-11,-3,-10,-1,-9,0,-7,-1,-5,-2,-4,-3,-1,-3,1,-3,3,-3,7,-3,11,-4,13,-6,16,-8,20,-9,21,-9,22,-10,22,-9,20,-7,17,-7,17,-9,19,-7,15,-1,7"
16.819030046463013,223,"CSI,314,128,83,49,21,0,3,-7,2,-5,2,0,-1,5,-4,7,-6,11,-7,12,-3,11,-1,12,-4,14,-5,14,-5,17,-5,18,-2,15,0,11,1,9,1,10,2,8,3,4,3,1,1,0,-2,-1,-2,-1,-2,-3,-2,-4,-1,-1,0,0,0,0,0,0,0,0,0,0,0,0,0,0,0,0,0,0,-2,-1,-6,0,-7,1,-9,0,-10,-2,-10,-1,-10,0,-10,-2,-7,-3,-6,-3,-4,-2,0,-2,3,-3,5,-4,7,-5,10,-7,14,-9,14,-8,15,-8,17,-10,17,-9,18,-9,18,-10,16,-12,16,-13,15,-11,13,-8"
16.921247243881226,224,"CSI,317,128,83,49,21,0,-11,5,-7,4,-4,6,-5,9,-4,13,-1,17,-1,16,-2,13,-1,15,3,19,6,21,5,22,2,21,1,18,4,16,4,14,0,12,0,9,2,7,4,4,6,1,4,0,3,0,2,-4,3,-10,0,-3,0,0,0,0,0,0,0,0,0,0,0,0,0,0,0,0,0,0,-2,-2,-4,-8,-2,-8,-3,-9,-2,-9,-1,-8,-2,-8,-1,-7,0,-4,0,-4,-2,-6,-3,-5,-8,-1,-14,4,-13,4,-11,3,-15,4,-21,6,-23,4,-23,2,-23,0,-24,-3,-23,-6,-21,-6,-18,-3,-17,-2,-17,-4"
17.022047996520996,225,"CSI,322,128,83,49,21,0,9,2,10,0,13,-2,13,-4,11,-6,10,-7,9,-9,5,-13,3,-13,7,-10,11,-10,12,-9,13,-6,12,-4,9,-3,8,-4,8,-6,5,-6,4,-4,3,-3,0,-3,-3,-2,-4,-2,-4,-5,-2,-7,-1,-2,0,0,0,0,0,0,0,0,0,0,0,0,0,0,0,0,0,0,1,1,2,6,0,6,0,8,-1,8,-3,5,-3,3,-1,4,1,5,6,3,8,3,7,4,8,4,10,5,10,5,13,5,18,7,18,8,16,9,17,12,16,13,16,12,17,10,18,7,17,8,13,11,11,11"
17.12828803062439,226,"CSI,326,128,83,49,21,0,-12,-6,-12,-2,-12,3,-12,4,-13,3,-16,4,-19,8,-19,13,-19,11,-19,7,-18,4,-17,2,-16,2,-16,3,-13,1,-9,0,-8,2,-8,2,-7,2,-5,2,-1,2,1,2,2,3,4,4,3,3,0,0,0,0,0,0,0,0,0,0,0,0,0,0,0,0,0,0,0,0,0,-3,0,-11,1,-11,2,-11,3,-12,3,-11,3,-9,4,-8,5,-6,3,-3,0,-3,-4,-4,-8,-3,-8,-2,-7,-6,-11,-11,-16,-13,-19,-13,-18,-15,-15,-18,-14,-19,-14,-20,-13,-22,-12,-23,-12,-22,-11,-19,-9,-14"
17.227644205093384,227,"CSI,329,128,83,49,21,0,-12,0,-8,-4,-3,-6,0,-5,3,-8,7,-15,5,-19,2,-22,6,-22,10,-21,10,-20,8,-20,5,-19,2,-17,2,-16,2,-14,-1,-11,-2,-8,-1,-6,-1,-4,-1,0,0,3,1,5,3,6,5,5,1,1,0,0,0,0,0,0,0,0,0,0,0,0,0,0,0,0,0,0,1,-1,5,0,5,3,6,7,4,9,2,6,3,6,5,8,3,8,0,8,-1,7,-2,7,-4,5,-5,4,-6,3,-8,1,-12,-1,-15,-1,-17,-2,-21,-1,-23,2,-23,1,-23,0,-25,1,-31,3,-34,6,-34,7"
17.33181405067444,228,"CSI,334,128,83,49,21,0,5,-6,2,-5,-1,-1,-5,3,-11,4,-14,9,-16,11,-22,8,-23,10,-18,14,-18,15,-19,13,-19,11,-17,9,-15,8,-12,6,-8,4,-5,2,-2,0,0,-2,1,-3,1,-5,3,-6,4,-4,3,-5,0,-2,0,0,0,0,0,0,0,0,0,0,0,0,0,0,0,0,0,0,-2,1,-5,6,-6,6,-7,5,-7,6,-7,5,-8,4,-6,6,-5,5,-4,0,-2,-3,-2,-5,0,-5,3,-6,8,-6,12,-7,14,-10,15,-13,17,-14,19,-14,20,-12,23,-13,23,-14,18,-14,14,-15,13,-14,16,-9"
17.434343099594116,229,"CSI,337,128,83,49,21,0,7,-3,6,-1,1,1,-4,3,-7,4,-8,8,-8,14,-8,19,-5,20,-2,18,-2,17,-4,18,-5,19,-4,16,-4,15,-3,13,-2,9,-1,4,1,2,0,2,-3,2,-4,0,-4,-3,-5,-6,-6,-7,-2,-2,0,0,0,0,0,0,0,0,0,0,0,0,0,0,0,0,0,0,-2,0,-8,-1,-11,-2,-13,-1,-11,0,-8,0,-5,-2,-3,-4,-4,-5,-5,-5,-2,-6,-1,-8,0,-7,4,-10,9,-11,13,-9,15,-8,14,-9,14,-10,14,-9,16,-8,17,-10,15,-10,13,-11,13,-13,13,-12,14,-10"
17.50339913368225,230,"CSI,2287,128,75,-79,20,0,-6,6,-1,3,2,-2,5,-4,8,-4,9,-4,10,-7,11,-9,13,-8,13,-9,12,-9,12,-7,13,-6,11,-5,10,-5,10,-4,7,-2,5,-2,2,-3,1,-5,0,-4,-2,-1,-4,1,-5,1,-4,2,-1,0,0,0,0,0,0,0,0,0,0,0,0,0,0,0,0,0,0,0,1,-3,3,-10,3,-7,3,-7,3,-9,3,-8,3,-5,4,-3,4,-2,3,0,2,1,2,0,-1,1,-5,4,-6,6,-6,6,-8,7,-11,8,-12,11,-11,13,-11,13,-13,12,-13,13,-14,11,-17,10,-16,10,-13,10"
17.531317949295044,231,"CSI,0,128,-118,32,8,0,-4,6,-5,4,-7,3,-9,1,-11,1,-13,1,-14,3,-14,4,-14,4,-14,5,-13,6,-13,6,-11,6,-10,5,-8,4,-7,2,-6,0,-6,-2,-5,-4,-4,-6,-4,-7,-4,-8,-4,-9,-3,-10,-3,-10,-1,-3,0,0,0,0,0,0,0,0,0,0,0,0,0,0,0,0,0,0,1,0,6,4,6,5,7,6,7,8,7,8,8,9,8,9,7,9,7,8,5,8,4,7,3,7,1,6,-1,5,-3,5,-5,6,-7,7,-8,9,-10,11,-10,12,-9,14,-8,15,-7,16,-6,15,-4,14,-3,13"
17.567260026931763,232,"CSI,0,128,-98,96,9,0,8,-11,9,-8,12,-5,15,-1,19,1,22,0,24,-2,25,-4,25,-5,25,-8,24,-9,23,-10,20,-9,18,-8,14,-5,12,-3,10,0,8,3,7,6,5,10,4,12,4,14,3,15,2,16,1,17,0,4,0,0,0,0,0,0,0,0,0,0,0,0,0,0,0,0,0,0,-3,-3,-11,-11,-11,-13,-11,-16,-11,-18,-11,-19,-12,-20,-12,-21,-11,-21,-10,-19,-8,-17,-7,-15,-4,-14,-1,-12,2,-11,6,-10,10,-11,13,-12,16,-14,20,-17,21,-20,21,-23,19,-26,16,-27,13,-27,11,-26,9,-25"
17.597882986068726,233,"CSI,2288,128,77,-47,20,0,7,-1,6,-1,3,0,0,0,-4,2,-8,4,-13,7,-15,11,-14,11,-13,11,-12,12,-13,11,-13,11,-10,9,-10,7,-11,7,-9,6,-6,3,-3,0,-2,0,-2,0,-2,-1,-1,-3,0,-7,1,-9,0,-3,0,0,0,0,0,0,0,0,0,0,0,0,0,0,0,0,0,0,-3,1,-9,2,-8,1,-8,2,-9,0,-9,-1,-9,-2,-8,-3,-3,-4,-1,-3,-1,-2,-1,-4,0,-6,2,-5,5,-4,9,-3,14,-4,16,-4,15,-3,16,-3,16,-3,17,-4,17,-4,17,-3,18,-5,17,-9,14,-10"
17.628578901290894,234,"CSI,2289,128,77,-47,20,0,9,-7,3,-2,0,1,-3,3,-5,6,-6,7,-6,9,-7,8,-9,10,-10,14,-9,17,-9,18,-9,17,-8,16,-5,16,-4,15,-2,12,0,6,0,2,-1,3,-2,0,-4,-2,-4,-4,-3,-8,-4,-10,-1,-3,0,0,0,0,0,0,0,0,0,0,0,0,0,0,0,0,0,0,-2,1,-8,3,-9,1,-9,1,-9,2,-10,1,-11,0,-9,-2,-6,-4,-5,-5,-4,-4,-2,-5,1,-5,2,-6,3,-8,7,-9,11,-11,11,-13,11,-11,12,-9,14,-10,16,-10,17,-10,19,-12,21,-15,19,-15,14,-12"
17.658323049545288,235,"CSI,346,128,83,49,21,0,-9,2,-5,2,-2,0,0,-3,3,-4,5,-7,5,-12,4,-17,5,-17,7,-17,7,-18,7,-17,6,-15,5,-15,5,-14,4,-11,3,-9,3,-6,3,-2,2,1,2,2,2,2,3,2,4,3,4,2,1,0,0,0,0,0,0,0,0,0,0,0,0,0,0,0,0,0,0,0,1,1,5,5,4,7,3,7,2,6,2,6,0,7,-2,7,-2,5,-3,4,-5,4,-6,4,-7,3,-10,0,-13,-4,-12,-5,-13,-5,-15,-6,-17,-7,-19,-7,-20,-7,-20,-7,-20,-7,-17,-4,-19,1,-21,4,-19,2"
17.739378213882446,236,"CSI,349,128,83,49,21,0,1,-9,1,-9,3,-6,6,-2,7,0,10,2,10,3,6,6,8,9,12,8,13,5,12,1,13,0,13,1,11,1,8,3,6,4,6,3,5,2,3,3,1,3,0,4,0,5,-1,6,-4,6,-2,1,0,0,0,0,0,0,0,0,0,0,0,0,0,0,0,0,0,0,-3,1,-11,5,-9,6,-9,5,-8,3,-7,2,-6,1,-6,2,-6,3,-5,1,-3,-3,-2,-6,-2,-9,-3,-11,-3,-11,-2,-12,0,-15,1,-16,0,-16,-1,-17,-1,-20,0,-23,-1,-23,-1,-22,-2,-22,-4,-23,-3,-21"
17.839076042175293,237,"CSI,2970,128,-128,-128,7,0,-15,1,-13,2,-12,2,-11,2,-11,1,-10,0,-9,-1,-9,-2,-10,-3,-11,-4,-11,-4,-12,-3,-13,-3,-14,-3,-13,-2,-12,-2,-11,-2,-10,-2,-9,-2,-8,-2,-7,-3,-6,-4,-5,-5,-4,-6,-3,-6,-1,-2,0,0,0,0,0,0,0,0,0,0,0,0,0,0,0,0,0,0,-2,1,-6,4,-7,3,-8,2,-9,1,-10,1,-11,0,-12,0,-13,0,-14,0,-14,1,-14,1,-12,1,-11,1,-11,1,-10,0,-9,0,-8,-1,-8,-3,-9,-4,-11,-4,-12,-5,-13,-5,-14,-5,-16,-5,-17,-4,-18,-3"
17.86739706993103,238,"CSI,354,128,83,49,21,0,2,-10,1,-7,3,-3,6,2,6,8,4,9,2,11,2,17,4,17,7,14,10,14,12,14,12,12,11,11,11,9,10,9,8,7,6,4,4,2,2,2,0,0,-1,-1,0,0,-2,2,-4,2,-1,0,0,0,0,0,0,0,0,0,0,0,0,0,0,0,0,0,0,0,-3,0,-9,2,-9,3,-9,3,-9,1,-8,0,-7,0,-7,-2,-5,-5,-4,-6,-3,-7,-3,-8,-1,-10,2,-9,4,-10,3,-11,3,-11,4,-13,8,-14,11,-15,11,-15,11,-15,11,-17,10,-19,9,-20,8,-20,7,-19"
17.944642066955566,239,"CSI,358,128,83,49,21,0,-1,16,0,11,-1,4,-3,0,-4,-2,-5,-3,-6,-7,-6,-12,-9,-13,-12,-10,-13,-9,-16,-9,-14,-10,-13,-10,-13,-10,-12,-8,-8,-5,-4,-4,-3,-4,-3,-3,0,-3,2,-2,2,-2,3,-2,3,-2,0,-1,0,0,0,0,0,0,0,0,0,0,0,0,0,0,0,0,0,0,0,-2,2,-8,1,-9,1,-11,1,-10,1,-9,2,-8,3,-7,4,-6,7,-6,9,-5,7,-1,5,1,7,2,6,4,4,5,2,9,2,14,3,15,4,15,2,16,2,17,2,20,1,24,0,26,1,25,4,22"
18.049467086791992,240,"CSI,361,128,83,49,21,0,-7,-17,-6,-14,-4,-14,-1,-13,3,-10,7,-9,8,-13,4,-16,3,-13,4,-8,7,-7,13,-9,13,-12,9,-12,7,-12,9,-11,8,-9,6,-6,5,-3,6,-1,7,-1,6,-1,6,2,5,3,3,2,0,0,0,0,0,0,0,0,0,0,0,0,0,0,0,0,0,0,0,0,-2,1,-7,6,-8,4,-8,4,-7,5,-8,4,-7,4,-7,4,-6,2,-5,0,-5,-2,-4,-5,-7,-6,-8,-8,-7,-9,-9,-11,-11,-14,-9,-13,-8,-11,-11,-11,-12,-14,-13,-15,-14,-14,-14,-15,-14,-18,-17,-19,-18,-16"
18.150562047958374,241,"CSI,365,128,83,49,21,0,-4,4,-3,7,-5,9,-9,10,-11,11,-9,11,-11,11,-15,10,-13,9,-9,11,-6,12,-3,10,-2,8,-3,7,-4,5,-2,1,-1,0,2,0,4,0,2,0,1,0,2,-2,4,-3,6,-3,6,-1,1,0,0,0,0,0,0,0,0,0,0,0,0,0,0,0,0,0,0,0,2,-1,11,-1,10,-2,7,-1,7,2,7,2,5,0,1,-2,-1,-5,-2,-7,-2,-8,-3,-10,-3,-12,-3,-15,-5,-15,-6,-15,-6,-18,-6,-20,-4,-20,-3,-22,-2,-21,-2,-18,-2,-16,-2,-13,-3,-9,-5,-6,-8,-5"
18.210644960403442,242,"CSI,1011,128,83,49,21,0,-9,-18,-10,-18,-13,-18,-15,-20,-13,-21,-11,-17,-6,-13,1,-11,0,-10,-4,-7,-4,-3,-2,1,-2,6,-4,10,-2,11,1,11,1,13,2,13,2,10,2,9,3,9,4,8,4,7,3,7,2,5,0,1,0,0,0,0,0,0,0,0,0,0,0,0,0,0,0,0,0,0,-2,0,-9,0,-10,-1,-10,-2,-7,-2,-5,-2,-4,-1,-3,-2,-2,-2,0,0,2,-1,5,0,8,3,10,5,10,8,10,9,11,9,11,9,11,7,12,4,11,4,9,2,7,0,3,-1,1,-1,-1,-4,-2,-15"
18.312286138534546,243,"CSI,1016,128,83,49,21,0,-3,-17,-1,-18,-1,-17,-4,-18,-8,-19,-7,-16,-5,-10,-5,-3,-4,-3,-1,-4,1,-3,-1,0,-3,2,-3,3,-3,3,-2,5,-2,7,-3,9,-3,10,-1,7,-2,6,-4,7,-1,5,1,4,0,4,0,1,0,0,0,0,0,0,0,0,0,0,0,0,0,0,0,0,0,0,-2,-1,-7,-2,-8,-4,-9,-5,-9,-2,-7,-1,-5,-2,-5,-1,-5,-2,-3,-2,0,1,1,4,3,6,6,8,6,12,6,11,8,8,8,8,8,9,9,9,8,9,8,9,7,8,1,6,-3,1,-3,-1,-2,-1"
18.437572956085205,244,"CSI,2290,128,77,-47,20,0,-3,-7,-5,-5,-8,1,-9,6,-8,8,-7,9,-9,8,-9,8,-12,12,-13,15,-12,15,-11,12,-9,12,-7,10,-5,7,-2,9,-3,10,-4,4,-1,0,2,0,5,1,6,1,7,-2,7,-4,7,-3,1,-1,0,0,0,0,0,0,0,0,0,0,0,0,0,0,0,0,0,0,1,1,6,8,6,9,6,7,5,6,5,7,5,8,3,8,0,4,-1,-1,1,-2,2,-1,1,-5,2,-11,3,-13,4,-15,2,-16,3,-19,5,-23,7,-23,8,-21,8,-21,8,-20,6,-18,4,-17,2,-14,2,-11"
18.46804904937744,245,"CSI,378,128,83,49,21,0,1,-11,-3,-7,-7,-4,-10,-2,-13,1,-15,3,-15,6,-14,10,-16,10,-18,7,-16,6,-15,5,-15,4,-15,5,-15,4,-13,2,-9,1,-4,1,-1,2,-1,3,0,3,4,3,6,4,6,6,6,6,1,1,0,0,0,0,0,0,0,0,0,0,0,0,0,0,0,0,0,0,1,1,7,6,8,8,6,9,3,9,2,9,3,6,3,4,3,3,1,1,-1,-1,1,-3,4,-6,5,-8,6,-11,7,-15,7,-16,6,-16,5,-18,6,-20,7,-20,8,-21,8,-21,7,-19,7,-19,8,-17,7,-12"
18.496817111968994,246,"CSI,2291,128,77,-47,20,0,-8,3,-3,4,3,7,5,8,7,10,8,12,8,12,6,9,4,11,3,15,5,16,8,16,10,16,8,16,5,14,4,12,3,9,4,4,3,0,2,0,1,-1,2,-3,4,-5,6,-6,8,-7,2,-2,0,0,0,0,0,0,0,0,0,0,0,0,0,0,0,0,0,0,-3,-2,-9,-8,-8,-9,-6,-9,-5,-11,-5,-10,-4,-7,-3,-6,-3,-6,-2,-5,-1,-3,-1,0,-3,2,-7,5,-10,7,-13,6,-15,4,-16,5,-19,7,-22,9,-22,9,-21,8,-21,6,-20,4,-18,4,-16,8,-16,11"
18.56084704399109,247,"CSI,382,128,83,49,21,0,8,-6,4,-5,0,-6,-5,-9,-10,-10,-14,-8,-18,-8,-22,-11,-22,-11,-21,-11,-20,-11,-20,-9,-21,-10,-21,-10,-20,-8,-18,-5,-15,-4,-11,-2,-10,1,-9,1,-5,0,-2,3,0,7,0,10,2,11,0,3,0,0,0,0,0,0,0,0,0,0,0,0,0,0,0,0,0,0,0,2,0,8,-1,7,-2,7,-4,9,-6,9,-6,9,-6,9,-7,8,-8,6,-7,2,-5,-2,-2,-4,2,-4,5,-5,8,-7,11,-8,18,-8,25,-8,25,-7,26,-6,27,-6,27,-4,26,-4,25,-5,23,-5,20,-5"
18.61998414993286,248,"CSI,1028,128,83,49,21,0,-9,-10,-10,-12,-11,-14,-10,-14,-9,-12,-9,-10,-6,-5,-3,2,-2,1,-4,-2,-5,-2,-4,-1,-4,-1,-3,2,-3,4,-5,3,-6,4,-7,3,-8,2,-7,4,-6,4,-6,2,-5,2,-6,1,-6,-1,-2,-1,0,0,0,0,0,0,0,0,0,0,0,0,0,0,0,0,0,0,0,0,4,2,4,4,4,4,4,5,3,5,4,3,5,1,4,-1,2,-3,2,-3,4,-4,6,-6,10,-7,11,-4,8,-3,9,-7,12,-10,12,-8,10,-7,6,-7,4,-8,4,-8,4,-5,0,-5,-5,-6,-7,-5"
18.722359895706177,249,"CSI,1032,128,83,49,21,0,7,15,7,18,9,20,9,17,6,12,4,10,0,10,-4,7,-2,6,2,5,2,3,2,1,3,0,2,-3,3,-6,3,-8,2,-8,3,-8,4,-7,4,-5,3,-4,3,-5,2,-5,2,-4,3,-4,1,-1,0,0,0,0,0,0,0,0,0,0,0,0,0,0,0,0,0,0,1,-2,7,-7,9,-6,10,-3,9,-3,7,-6,5,-6,3,-3,0,-1,0,-4,-2,-7,-6,-8,-9,-9,-9,-9,-11,-9,-14,-10,-15,-11,-12,-10,-9,-7,-10,-5,-11,-5,-9,-6,-8,-3,-8,2,-4,4,0,5,-1,7"
18.769936084747314,250,"CSI,390,128,83,49,21,0,-8,18,-5,16,0,11,6,6,11,6,14,7,19,7,23,10,24,9,25,6,27,8,27,9,23,9,18,8,17,8,18,8,17,8,12,6,7,4,5,0,5,-1,3,-3,0,-5,-1,-8,-1,-11,0,-3,0,0,0,0,0,0,0,0,0,0,0,0,0,0,0,0,0,0,-2,0,-8,0,-11,-1,-13,-3,-12,-4,-12,-4,-14,-5,-17,-6,-17,-8,-14,-9,-11,-10,-8,-7,-8,-3,-9,1,-7,5,-5,7,-6,9,-6,13,-8,17,-12,21,-13,24,-15,24,-19,24,-20,25,-18,28,-19,30,-22,31"
18.801666021347046,251,"CSI,2292,128,101,80,6,0,-12,13,-7,12,-1,10,3,10,7,9,13,7,17,8,19,13,21,16,22,12,25,11,28,12,25,11,20,10,18,10,17,10,13,8,9,4,5,2,4,2,3,1,1,-1,0,-4,-1,-7,-1,-10,-1,-3,0,0,0,0,0,0,0,0,0,0,0,0,0,0,0,0,0,0,-2,-2,-8,-8,-8,-7,-10,-6,-13,-7,-13,-9,-11,-9,-8,-10,-7,-10,-7,-11,-7,-11,-6,-9,-7,-6,-7,-3,-8,0,-9,6,-9,11,-9,14,-12,15,-15,19,-17,22,-20,24,-24,23,-24,22,-24,23,-25,23,-27,20"
18.869002103805542,252,"CSI,393,128,83,49,21,0,-8,10,-5,6,2,3,6,-2,9,-7,13,-11,15,-14,13,-15,14,-14,19,-15,20,-16,19,-15,16,-14,14,-16,12,-17,10,-13,7,-10,5,-9,1,-8,-2,-5,-1,0,-4,2,-7,3,-9,4,-9,2,-3,0,0,0,0,0,0,0,0,0,0,0,0,0,0,0,0,0,0,0,-2,-2,-4,-8,-2,-8,-2,-9,0,-10,4,-11,6,-11,6,-11,4,-10,3,-9,3,-7,2,-2,-1,2,-3,6,-5,9,-9,11,-14,15,-16,17,-15,17,-15,18,-17,22,-19,24,-21,24,-23,22,-23,20,-21,21,-18,21"
18.92643117904663,253,"CSI,1039,128,83,49,21,0,-6,16,-5,15,-6,11,-9,10,-9,11,-8,8,-4,7,-2,11,0,11,1,8,2,5,1,2,-1,3,1,6,6,9,7,10,5,9,2,8,0,6,-2,5,-3,5,-2,5,-1,5,-1,3,-1,2,-1,0,0,0,0,0,0,0,0,0,0,0,0,0,0,0,0,0,0,0,-2,0,-6,-2,-6,-4,-6,-4,-7,-3,-6,-3,-5,-1,-5,0,-5,-1,-5,0,-5,3,-6,4,-9,5,-11,6,-11,5,-12,4,-12,4,-12,3,-12,2,-11,3,-9,2,-8,2,-6,3,-3,5,-1,6,-2,9,-5,12"
18.970684051513672,254,"CSI,397,128,83,49,21,0,5,-10,-1,-9,-5,-9,-7,-9,-14,-10,-20,-13,-22,-12,-23,-11,-21,-12,-15,-12,-13,-12,-13,-14,-14,-13,-12,-10,-9,-9,-8,-7,-8,-6,-8,-3,-8,0,-7,2,-5,4,-6,6,-7,7,-7,8,-8,10,-2,2,0,0,0,0,0,0,0,0,0,0,0,0,0,0,0,0,0,0,2,1,7,7,5,9,4,11,3,10,2,9,4,7,3,5,1,4,-1,4,1,1,4,-3,7,-7,10,-8,13,-11,15,-13,19,-13,21,-12,22,-9,25,-7,26,-6,26,-7,25,-7,23,-5,21,-6,16,-7,11,-6"
19.030121088027954,255,"CSI,1043,128,83,49,21,0,-16,8,-14,10,-13,11,-13,10,-14,7,-12,4,-11,4,-13,6,-11,8,-6,6,-2,5,1,5,2,6,3,5,4,6,3,8,1,9,-1,8,-2,8,-2,8,-2,6,-1,4,0,3,-1,2,-2,1,-1,0,0,0,0,0,0,0,0,0,0,0,0,0,0,0,0,0,0,0,0,-2,4,-7,6,-7,7,-6,7,-4,5,-4,3,-4,1,-3,-2,-2,-3,-2,-4,-3,-6,-4,-7,-6,-9,-9,-12,-11,-10,-11,-8,-12,-7,-13,-5,-12,-5,-8,-7,-7,-6,-9,-6,-9,-7,-5,-8,-1,-8,3,-10,6"
19.07468605041504,256,"CSI,401,128,83,49,21,0,-12,-4,-12,-1,-13,3,-14,7,-12,12,-12,14,-14,14,-11,14,-11,12,-14,12,-16,12,-17,11,-15,11,-14,10,-12,9,-9,6,-7,3,-4,3,-1,4,1,4,2,4,2,5,4,6,6,6,6,6,1,1,0,0,0,0,0,0,0,0,0,0,0,0,0,0,0,0,0,0,0,-3,2,-12,4,-11,5,-10,5,-10,6,-9,7,-8,6,-7,4,-7,2,-6,-2,-4,-5,-4,-8,-5,-11,-9,-13,-12,-16,-13,-18,-14,-18,-15,-18,-18,-18,-20,-18,-21,-16,-21,-13,-22,-10,-23,-10,-23,-11,-21,-12,-19"
19.13188600540161,257,"CSI,1048,128,83,49,21,0,1,-23,3,-23,4,-22,4,-19,4,-16,4,-14,1,-15,-3,-15,-2,-10,1,-5,0,-5,0,-4,-1,-4,-6,-4,-8,-6,-7,-6,-7,-6,-7,-7,-7,-8,-7,-8,-5,-8,-4,-6,-5,-3,-5,-1,-3,-1,-1,0,0,0,0,0,0,0,0,0,0,0,0,0,0,0,0,0,0,0,1,1,5,4,1,5,1,8,2,8,1,6,0,2,0,-1,1,1,1,3,3,1,8,-3,14,-4,18,-5,16,-6,13,-4,13,-3,13,-2,11,0,12,2,13,3,11,1,7,-3,3,-4,2,-5,1,-6,0,-6"
19.177480220794678,258,"CSI,405,128,83,49,21,0,-13,-9,-15,-4,-15,0,-14,2,-15,5,-18,9,-18,10,-16,5,-16,2,-17,4,-18,6,-19,6,-17,6,-16,6,-16,8,-15,7,-13,3,-11,0,-9,3,-6,5,-4,4,-3,5,0,7,0,8,-1,7,-1,1,0,0,0,0,0,0,0,0,0,0,0,0,0,0,0,0,0,0,-2,-2,-6,-7,-5,-9,-4,-12,-3,-13,-3,-13,-4,-12,-2,-12,0,-11,0,-9,-2,-7,-3,-6,-5,-5,-8,-4,-11,-5,-16,-7,-21,-7,-21,-7,-21,-11,-25,-17,-24,-20,-21,-20,-19,-19,-16,-20,-15,-20,-14,-18,-13,-18"
19.277343273162842,259,"CSI,410,128,83,49,21,0,-4,1,-3,7,-1,9,1,13,4,17,3,18,-2,20,-8,20,-8,19,-3,20,1,19,3,18,1,15,1,11,3,7,5,6,5,4,5,2,6,0,7,-1,5,-2,4,-4,6,-5,6,-6,5,-7,1,-2,0,0,0,0,0,0,0,0,0,0,0,0,0,0,0,0,0,0,1,-2,6,-5,8,-4,10,-2,11,-3,10,-2,11,-1,12,0,10,-1,5,-2,0,-3,-3,-6,-4,-7,-6,-9,-9,-11,-12,-13,-15,-16,-14,-17,-15,-18,-17,-21,-17,-22,-18,-23,-17,-24,-13,-22,-10,-20,-9,-19,-8,-20"
19.33853006362915,260,"CSI,1055,128,83,49,21,0,-9,-20,-10,-21,-8,-22,-5,-23,-3,-22,-2,-21,-2,-18,-3,-10,-2,-6,0,-6,-1,-7,-2,-5,-3,-3,-8,-4,-11,-3,-11,-2,-11,-4,-11,-5,-10,-3,-8,-4,-5,-6,-3,-6,-3,-5,-4,-6,-5,-7,-2,-2,0,0,0,0,0,0,0,0,0,0,0,0,0,0,0,0,0,0,2,0,8,0,7,0,7,2,6,3,4,3,4,2,5,2,4,0,2,-4,3,-7,5,-8,6,-8,5,-8,6,-10,7,-13,7,-14,9,-12,11,-10,13,-9,14,-12,12,-13,9,-10,6,-8,3,-8,0,-9,-3,-12"
19.380308151245117,261,"CSI,413,128,83,49,21,0,0,4,3,-1,7,-3,11,-3,14,-2,16,-4,16,-2,11,2,13,0,18,-5,18,-6,14,-5,12,-6,10,-8,9,-8,7,-7,3,-5,0,-5,-1,-5,-2,-4,-2,-3,-6,-4,-8,-5,-7,-4,-5,-3,-1,-1,0,0,0,0,0,0,0,0,0,0,0,0,0,0,0,0,0,0,-2,-3,-5,-8,-4,-9,-4,-9,-4,-8,-2,-7,-1,-6,-2,-5,0,-5,0,-3,-2,-1,-4,1,-7,4,-8,9,-9,12,-10,13,-10,12,-9,15,-12,18,-16,18,-16,17,-17,19,-19,20,-19,16,-17,12,-12,12,-9,10"
19.418991088867188,262,"CSI,1341,128,101,81,22,0,-19,8,-18,8,-18,9,-18,9,-18,9,-17,10,-17,10,-17,10,-17,10,-16,10,-16,10,-16,10,-16,10,-16,10,-16,10,-16,10,-15,9,-15,9,-14,8,-14,7,-14,7,-13,7,-13,6,-13,6,-12,5,-3,1,0,0,0,0,0,0,0,0,0,0,0,0,0,0,0,0,0,0,-3,1,-12,7,-13,7,-13,7,-14,7,-15,7,-15,7,-16,7,-17,7,-18,7,-19,7,-19,7,-19,7,-19,7,-19,7,-19,7,-19,6,-19,7,-19,7,-19,7,-19,8,-19,8,-19,8,-18,8,-19,8,-19,8,-19,9"
19.483258962631226,263,"CSI,417,128,83,49,21,0,0,1,4,-4,2,-6,1,-7,3,-10,4,-13,9,-13,13,-12,10,-13,5,-14,4,-15,2,-14,-1,-14,0,-13,1,-9,1,-6,0,-4,0,0,0,1,-1,2,-2,4,-3,7,-3,8,-3,8,-5,9,-2,2,0,0,0,0,0,0,0,0,0,0,0,0,0,0,0,0,0,0,-2,-2,-7,-9,-4,-9,-2,-9,-3,-8,-5,-7,-4,-7,-1,-5,0,-2,0,-1,-1,2,0,6,0,8,-1,10,-2,13,-5,17,-8,20,-8,21,-6,21,-6,23,-6,23,-5,22,-5,19,-4,17,-3,15,-2,12,-2,9"
19.522266149520874,264,"CSI,1342,128,101,81,22,0,-21,-12,-21,-12,-21,-12,-21,-11,-21,-10,-21,-10,-21,-10,-21,-10,-21,-9,-21,-9,-20,-9,-20,-8,-20,-8,-20,-8,-20,-8,-19,-8,-18,-9,-18,-9,-17,-9,-16,-8,-15,-7,-15,-7,-14,-7,-13,-7,-13,-8,-4,-2,0,0,0,0,0,0,0,0,0,0,0,0,0,0,0,0,0,0,-5,-2,-17,-7,-17,-8,-18,-8,-18,-9,-19,-10,-20,-11,-20,-12,-20,-13,-21,-13,-21,-13,-20,-14,-20,-15,-20,-15,-20,-15,-20,-15,-21,-15,-21,-15,-20,-15,-21,-14,-21,-13,-21,-13,-21,-13,-21,-13,-21,-13,-21,-13,-22,-14"
19.55083703994751,265,"CSI,1063,128,83,49,21,0,5,-19,10,-18,14,-18,11,-17,9,-16,11,-14,10,-12,5,-12,1,-8,0,-5,0,-4,-1,-4,-2,-5,-5,-7,-5,-8,-5,-9,-6,-9,-5,-8,-4,-8,-3,-8,-1,-7,-1,-6,-2,-6,-2,-6,1,-6,0,-2,0,0,0,0,0,0,0,0,0,0,0,0,0,0,0,0,0,0,0,0,3,2,3,5,1,7,0,8,2,7,4,5,4,5,4,4,4,2,5,0,9,-1,12,-2,11,-2,11,-1,14,1,18,5,18,7,14,7,14,6,14,4,11,0,7,-1,7,0,8,-3,7,-9,7,-12"
19.58358907699585,266,"CSI,421,128,83,49,21,0,-9,1,-3,-1,4,-1,8,0,11,-2,14,0,17,3,19,2,16,2,15,5,15,7,14,7,15,7,13,6,11,6,10,7,9,4,5,2,4,2,4,-1,2,-4,0,-6,-1,-7,-2,-8,-1,-8,-1,-2,0,0,0,0,0,0,0,0,0,0,0,0,0,0,0,0,0,0,-1,-3,-3,-9,-3,-7,-4,-7,-3,-8,-1,-9,-1,-8,-3,-5,-4,-3,-2,-4,-2,-5,-6,-3,-8,1,-8,5,-9,5,-12,5,-14,8,-15,10,-16,9,-17,8,-17,6,-19,6,-21,6,-22,6,-20,6,-18,5,-17,4"
19.615071058273315,267,"CSI,1343,128,101,81,22,0,10,15,10,15,11,14,11,14,11,13,11,13,11,13,12,13,12,13,12,13,12,12,11,12,11,12,12,12,11,12,11,12,10,12,10,12,9,11,9,11,8,10,8,10,7,9,7,9,6,10,1,2,0,0,0,0,0,0,0,0,0,0,0,0,0,0,0,0,0,0,2,2,9,8,9,9,9,10,10,10,10,11,10,12,11,13,11,14,10,14,10,14,10,15,10,16,10,16,10,16,10,16,10,16,10,16,10,16,10,15,10,15,10,15,10,15,11,16,11,15,11,15,12,16"
19.68553590774536,268,"CSI,426,128,83,49,21,0,-1,4,2,4,5,2,7,3,8,3,11,1,11,-1,7,-1,8,0,13,0,15,-1,15,-1,14,-3,12,-1,10,0,9,-2,7,-2,7,-3,6,-3,3,-3,0,-3,-2,-4,-4,-5,-5,-4,-4,-4,-1,-1,0,0,0,0,0,0,0,0,0,0,0,0,0,0,0,0,0,0,0,-2,2,-7,2,-9,3,-11,5,-9,4,-4,2,-2,3,-3,5,-1,3,2,-1,4,-6,5,-7,5,-9,6,-11,6,-12,6,-12,5,-12,4,-13,5,-18,5,-21,4,-21,3,-20,2,-17,1,-17,3,-15,5,-12,6"
19.722010135650635,269,"CSI,1344,128,101,81,22,0,-2,-23,-2,-23,-2,-23,-2,-23,-2,-22,-3,-22,-3,-23,-4,-23,-4,-23,-4,-23,-4,-23,-4,-22,-4,-22,-4,-22,-4,-22,-3,-22,-3,-21,-3,-21,-2,-20,-2,-19,-1,-18,-1,-18,-1,-17,0,-16,0,-16,0,-4,0,0,0,0,0,0,0,0,0,0,0,0,0,0,0,0,0,0,-1,-4,-4,-14,-4,-15,-4,-16,-4,-16,-4,-17,-4,-18,-4,-19,-3,-20,-2,-20,-2,-21,-1,-21,-1,-22,-1,-23,-1,-23,-1,-22,-1,-23,-1,-23,-1,-23,-1,-22,-1,-22,-1,-23,-2,-23,-2,-23,-2,-23,-2,-24,-3,-24"
19.787317037582397,270,"CSI,429,128,83,49,21,0,-5,11,-1,8,2,7,5,8,8,9,11,10,13,15,13,21,12,21,10,19,9,18,8,17,6,15,4,13,3,13,3,14,3,12,4,9,3,8,3,5,3,1,4,1,6,1,8,1,6,-1,1,-1,0,0,0,0,0,0,0,0,0,0,0,0,0,0,0,0,0,0,-2,1,-6,4,-7,3,-7,1,-6,1,-6,1,-5,1,-4,1,-2,0,-2,1,-3,5,-2,7,0,9,0,12,-1,13,-4,13,-7,14,-10,14,-11,15,-11,16,-11,15,-12,16,-13,15,-13,13,-12,14,-10,16,-7,17"
19.83187198638916,271,"CSI,1345,128,101,81,22,0,-6,-20,-6,-20,-6,-20,-6,-19,-6,-19,-6,-19,-7,-19,-8,-19,-8,-19,-8,-19,-8,-19,-8,-18,-8,-18,-8,-18,-7,-18,-7,-18,-6,-18,-6,-17,-6,-17,-5,-16,-4,-15,-4,-15,-4,-14,-3,-14,-3,-13,-1,-4,0,0,0,0,0,0,0,0,0,0,0,0,0,0,0,0,0,0,-2,-4,-6,-13,-6,-13,-5,-14,-5,-15,-5,-15,-6,-16,-6,-17,-6,-18,-5,-18,-4,-18,-4,-19,-4,-20,-4,-20,-4,-20,-4,-20,-4,-20,-4,-20,-4,-20,-4,-19,-5,-19,-5,-19,-5,-20,-6,-20,-6,-20,-6,-20,-7,-21"
19.890042066574097,272,"CSI,434,128,83,49,21,0,-7,-3,-8,-1,-13,4,-13,7,-13,7,-16,7,-17,7,-15,7,-16,6,-18,4,-16,3,-15,4,-13,4,-9,3,-6,4,-8,6,-7,5,0,4,3,5,2,6,3,6,4,7,5,5,6,3,7,4,2,1,0,0,0,0,0,0,0,0,0,0,0,0,0,0,0,0,0,0,2,0,9,2,11,3,11,3,9,4,7,4,5,5,3,5,0,2,-1,-1,-1,-5,-1,-12,-1,-16,-1,-15,1,-14,1,-18,2,-21,5,-19,4,-18,3,-19,3,-18,4,-17,5,-17,5,-14,6,-12,3,-11,-5,-11"
19.95381999015808,273,"CSI,1079,128,83,49,21,0,-17,-4,-18,-6,-20,-6,-20,-7,-18,-10,-14,-12,-13,-11,-14,-10,-15,-7,-11,-3,-7,-2,-6,-2,-6,1,-3,4,-2,6,-4,7,-4,7,-2,7,-2,7,-2,6,-3,5,-3,3,-2,3,-2,3,-3,1,-1,0,0,0,0,0,0,0,0,0,0,0,0,0,0,0,0,0,0,0,2,0,8,4,7,5,7,4,6,3,5,1,3,0,3,2,4,2,4,-2,2,-6,2,-9,3,-12,3,-14,3,-15,6,-14,7,-14,8,-14,10,-14,12,-13,10,-12,7,-9,5,-6,1,-5,-2,-6,-7,-6,-11,-6"
19.98457908630371,274,"CSI,3711,128,-117,-78,40,0,23,-3,23,-3,23,-4,24,-4,24,-5,24,-5,23,-5,23,-5,23,-6,23,-7,23,-7,23,-7,23,-7,24,-6,24,-6,24,-6,23,-5,22,-4,22,-3,22,-3,21,-3,20,-3,20,-2,19,-2,19,-1,4,-1,0,0,0,0,0,0,0,0,0,0,0,0,0,0,0,0,0,0,3,-1,14,-4,14,-3,15,-3,16,-3,17,-3,17,-2,18,-2,19,-1,20,-1,20,-2,20,-1,20,-1,20,0,21,0,21,0,21,0,21,0,21,-1,22,-2,22,-2,22,-2,22,-2,22,-2,22,-3,23,-3,24,-2"
20.017852067947388,275,"CSI,1346,128,101,81,22,0,-23,6,-23,6,-23,6,-23,7,-23,8,-23,8,-22,8,-22,9,-22,9,-22,9,-22,9,-22,9,-22,9,-23,9,-23,9,-23,9,-22,8,-22,7,-21,7,-21,6,-21,6,-20,6,-20,5,-19,4,-19,3,-5,0,0,0,0,0,0,0,0,0,0,0,0,0,0,0,0,0,0,0,-4,1,-14,4,-14,4,-15,4,-16,4,-17,4,-17,3,-18,3,-19,3,-20,3,-21,3,-21,3,-20,2,-21,2,-21,2,-21,2,-22,2,-22,3,-22,3,-22,4,-22,4,-22,5,-22,5,-22,4,-22,5,-23,5,-24,6"
20.051141023635864,276,"CSI,2105,128,-5,-79,31,0,7,-23,7,-23,7,-23,7,-23,7,-23,7,-23,6,-24,5,-24,5,-24,5,-25,4,-25,5,-24,5,-24,5,-24,6,-24,7,-23,6,-23,6,-22,7,-21,7,-20,7,-20,8,-19,8,-18,8,-17,8,-17,2,-4,0,0,0,0,0,0,0,0,0,0,0,0,0,0,0,0,0,0,0,-4,3,-15,3,-15,4,-16,5,-17,5,-17,5,-18,5,-19,6,-19,7,-20,8,-20,8,-20,8,-21,8,-21,9,-21,9,-21,9,-21,8,-21,8,-21,9,-21,9,-21,8,-22,8,-22,7,-22,7,-22,8,-23,8,-24"
20.081789016723633,277,"CSI,438,128,83,49,21,0,-7,3,-8,3,-8,7,-7,12,-6,12,-7,13,-7,14,-6,11,-8,10,-11,11,-11,11,-12,14,-12,15,-9,11,-7,9,-6,7,-4,4,-3,4,-2,5,0,4,3,4,3,7,3,8,4,8,4,7,1,1,0,0,0,0,0,0,0,0,0,0,0,0,0,0,0,0,0,0,-1,-2,-4,-7,-5,-8,-4,-9,-2,-7,-1,-6,1,-6,2,-5,0,-4,-2,-1,-4,2,-7,1,-9,0,-12,0,-14,-1,-15,-3,-17,-5,-18,-7,-17,-8,-16,-9,-12,-11,-9,-11,-10,-10,-10,-7,-8,-4,-8,-2,-8,1"
20.1204891204834,278,"CSI,1347,128,101,81,22,0,14,-13,13,-13,13,-13,13,-14,13,-14,13,-14,12,-14,12,-14,12,-14,12,-14,11,-14,11,-14,11,-14,12,-14,12,-14,12,-13,11,-13,11,-12,11,-11,11,-11,11,-10,10,-10,10,-9,10,-8,10,-8,2,-2,0,0,0,0,0,0,0,0,0,0,0,0,0,0,0,0,0,0,2,-3,9,-11,9,-12,9,-12,10,-12,11,-12,11,-12,12,-12,13,-13,13,-13,14,-13,14,-13,14,-12,14,-12,14,-12,15,-12,15,-12,14,-12,14,-12,15,-13,15,-13,15,-13,14,-13,14,-13,14,-13,14,-13,15,-14"
20.148404121398926,279,"CSI,442,128,83,49,21,0,-9,-1,-11,1,-12,3,-15,3,-16,3,-16,1,-16,0,-17,2,-16,5,-13,4,-10,2,-8,3,-6,3,-5,3,-5,4,-3,3,-1,3,-1,3,-1,2,1,0,2,1,5,1,6,0,5,0,4,1,1,0,0,0,0,0,0,0,0,0,0,0,0,0,0,0,0,0,0,0,0,2,4,10,6,9,4,8,2,5,1,5,1,5,1,4,0,4,-1,2,0,-5,3,-9,5,-9,6,-12,7,-16,10,-18,11,-16,13,-12,14,-10,12,-11,10,-13,9,-12,9,-10,7,-8,5,-8,3,-7,1,-6"
20.1894109249115,280,"CSI,1348,128,101,81,22,0,-12,-17,-13,-17,-13,-16,-13,-15,-13,-15,-13,-15,-14,-15,-14,-15,-14,-15,-14,-15,-14,-15,-14,-14,-14,-14,-14,-13,-14,-13,-13,-13,-12,-14,-12,-14,-11,-13,-11,-12,-10,-12,-9,-11,-9,-11,-8,-11,-8,-11,-2,-3,0,0,0,0,0,0,0,0,0,0,0,0,0,0,0,0,0,0,-3,-3,-11,-11,-11,-11,-11,-12,-11,-13,-11,-13,-12,-14,-12,-15,-12,-16,-12,-16,-11,-17,-11,-18,-11,-18,-11,-18,-11,-18,-11,-18,-11,-18,-12,-18,-12,-18,-12,-17,-12,-17,-12,-17,-13,-17,-13,-18,-13,-18,-13,-17,-14,-18"
20.279881238937378,281,"CSI,1349,128,101,81,22,0,21,14,21,14,22,13,22,13,22,12,22,11,23,11,23,11,23,11,23,11,23,11,22,11,23,10,23,10,23,10,22,11,21,11,20,11,20,11,19,10,18,10,17,10,16,9,15,9,15,10,3,2,0,0,0,0,0,0,0,0,0,0,0,0,0,0,0,0,0,0,3,1,15,7,15,8,16,9,16,9,17,10,18,11,18,12,18,13,19,13,19,14,19,15,19,16,19,16,19,16,19,16,19,16,19,16,19,16,20,15,20,14,21,14,21,15,21,15,21,15,22,15,24,15"
20.388831853866577,282,"CSI,1350,128,101,81,22,0,17,18,17,18,17,17,17,16,17,16,17,15,17,16,18,16,18,15,18,15,17,15,17,15,17,14,17,14,17,14,16,14,15,15,14,15,13,14,12,13,12,13,11,12,10,12,10,12,9,12,2,3,0,0,0,0,0,0,0,0,0,0,0,0,0,0,0,0,0,0,3,2,13,10,13,11,13,11,13,12,14,13,14,14,15,15,15,16,15,16,15,17,15,17,15,18,15,19,15,19,15,18,15,19,16,19,16,18,16,18,16,17,16,17,17,18,17,18,17,18,18,17,19,18"
20.419081211090088,283,"CSI,454,128,83,49,21,0,3,-7,5,-4,7,-4,7,-5,9,-6,12,-4,12,-3,10,-3,12,-2,13,-1,14,-2,14,-2,11,-3,9,-3,7,-4,3,-4,1,-2,1,0,-1,0,-3,1,-2,2,-2,3,-4,3,-5,6,-5,9,-1,2,0,0,0,0,0,0,0,0,0,0,0,0,0,0,0,0,0,0,-2,1,-8,4,-8,3,-6,2,-5,1,-6,2,-9,-1,-9,-3,-8,-2,-5,-3,-2,-5,-2,-6,-3,-6,-3,-8,-2,-8,0,-6,-1,-7,-1,-10,2,-12,2,-14,0,-14,0,-13,1,-15,0,-16,1,-16,1,-15,-3,-13"
20.49880313873291,284,"CSI,2997,128,-118,32,8,0,3,34,4,31,5,27,5,22,4,16,1,11,-2,6,-5,2,-9,-2,-14,-5,-19,-7,-23,-8,-25,-8,-27,-8,-27,-7,-26,-7,-25,-6,-23,-5,-20,-5,-17,-4,-13,-4,-9,-4,-5,-4,0,-3,3,-2,1,-1,0,0,0,0,0,0,0,0,0,0,0,0,0,0,0,0,0,0,-3,-1,-8,-5,-5,-5,0,-6,4,-6,9,-6,14,-7,19,-7,22,-7,25,-7,26,-6,28,-6,29,-7,27,-7,25,-7,21,-6,17,-5,13,-3,9,-1,6,3,2,7,-1,13,-3,19,-4,25,-5,29,-5,33,-3,35"
20.52937412261963,285,"CSI,2998,128,-98,96,9,0,-6,-34,-7,-31,-8,-27,-7,-21,-5,-15,-2,-10,3,-5,7,-1,12,3,17,5,21,6,25,6,27,5,28,4,27,3,25,3,23,2,20,2,16,1,12,1,7,2,2,2,-2,2,-6,2,-10,2,-3,0,0,0,0,0,0,0,0,0,0,0,0,0,0,0,0,0,0,0,3,0,12,3,9,4,5,5,1,5,-4,5,-10,5,-15,5,-19,5,-23,5,-26,5,-29,6,-30,6,-30,7,-27,7,-25,7,-21,6,-17,5,-13,2,-9,-2,-5,-6,-2,-12,1,-18,2,-25,3,-29,2,-33,0,-36"
20.568921089172363,286,"CSI,1351,128,101,81,22,0,-23,-12,-23,-12,-24,-11,-23,-11,-23,-10,-23,-10,-23,-10,-23,-10,-23,-10,-23,-9,-23,-9,-23,-9,-23,-8,-23,-8,-22,-8,-21,-9,-20,-10,-20,-10,-19,-10,-18,-9,-17,-8,-16,-8,-16,-8,-15,-8,-14,-9,-4,-3,0,0,0,0,0,0,0,0,0,0,0,0,0,0,0,0,0,0,-4,-2,-16,-6,-16,-6,-17,-7,-18,-7,-19,-8,-19,-9,-20,-10,-20,-10,-21,-11,-21,-11,-21,-12,-21,-13,-21,-13,-21,-13,-22,-13,-22,-13,-22,-13,-22,-13,-22,-12,-22,-12,-23,-12,-23,-12,-23,-13,-23,-12,-24,-12,-24,-13"
20.613698959350586,287,"CSI,1352,128,101,81,22,0,17,19,17,19,18,19,18,18,18,17,18,17,19,17,19,17,19,17,19,17,19,17,19,16,19,16,19,16,18,16,18,16,17,16,16,16,15,16,14,15,14,14,13,14,12,13,12,13,11,13,2,3,0,0,0,0,0,0,0,0,0,0,0,0,0,0,0,0,0,0,2,2,11,8,12,9,12,10,12,10,13,11,13,13,14,14,14,14,15,15,14,15,14,17,14,18,15,18,15,18,15,18,15,19,15,19,15,19,15,18,16,18,16,18,17,19,17,19,17,19,18,19,19,19"
20.70960807800293,288,"CSI,465,128,83,49,21,0,-1,-8,0,-6,3,-5,5,-3,6,-3,7,-5,8,-8,7,-9,8,-6,12,-4,13,-4,12,-4,10,-7,7,-10,5,-10,3,-8,4,-5,5,-3,4,-1,1,1,-2,1,-1,0,2,-1,3,-1,3,0,1,0,0,0,0,0,0,0,0,0,0,0,0,0,0,0,0,0,0,0,-1,-1,-4,-2,-6,-3,-5,-5,-3,-6,-1,-5,-1,-4,0,-5,2,-5,3,-6,2,-8,1,-9,1,-9,0,-13,0,-14,2,-12,4,-14,5,-14,5,-12,4,-12,3,-12,7,-14,8,-16,4,-16,1,-16,1,-15,2,-13"
20.74501609802246,289,"CSI,1353,128,101,81,22,0,0,-21,-1,-21,-1,-21,-1,-21,-1,-20,-1,-20,-2,-21,-3,-21,-3,-21,-3,-21,-3,-21,-3,-20,-3,-20,-3,-20,-3,-20,-2,-20,-2,-20,-2,-19,-1,-18,-1,-17,-1,-16,-1,-16,0,-15,0,-15,0,-15,0,-4,0,0,0,0,0,0,0,0,0,0,0,0,0,0,0,0,0,0,-1,-3,-2,-12,-2,-13,-2,-14,-1,-15,-1,-15,-2,-17,-2,-17,-1,-18,0,-18,0,-18,1,-19,1,-20,1,-20,1,-20,1,-20,1,-20,1,-21,1,-20,1,-20,1,-20,0,-20,0,-21,0,-21,0,-21,0,-21,0,-22"
20.814491987228394,290,"CSI,469,128,83,49,21,0,-6,-3,-2,-7,3,-6,6,-3,8,-5,10,-10,9,-9,5,-6,8,-8,12,-11,12,-12,10,-13,7,-15,5,-14,4,-10,2,-9,0,-9,-2,-5,-3,-1,-2,1,-3,2,-4,3,-3,3,-1,3,-1,2,-1,0,0,0,0,0,0,0,0,0,0,0,0,0,0,0,0,0,0,0,1,1,6,4,4,5,4,7,4,8,2,8,1,8,0,6,-1,4,-2,2,-2,2,-5,3,-9,3,-10,2,-10,0,-11,-1,-14,-3,-17,-4,-18,-3,-18,-3,-19,-3,-18,-1,-17,-1,-16,-3,-15,-2,-15,0,-15,0"
20.845458030700684,291,"CSI,1354,128,101,81,22,0,3,-22,2,-22,2,-22,2,-22,2,-22,2,-21,1,-21,0,-21,0,-21,0,-21,-1,-21,0,-20,0,-20,0,-20,0,-19,1,-19,1,-19,0,-18,1,-17,1,-16,1,-15,1,-15,2,-14,2,-13,2,-13,0,-4,0,0,0,0,0,0,0,0,0,0,0,0,0,0,0,0,0,0,-1,-5,-1,-17,-1,-18,0,-19,0,-19,0,-20,0,-21,1,-22,1,-22,2,-23,3,-23,4,-24,4,-24,4,-24,4,-24,4,-24,4,-24,4,-24,4,-24,4,-23,4,-23,4,-23,3,-23,3,-23,3,-23,3,-24,3,-24"
20.91532611846924,292,"CSI,474,128,83,49,21,0,-9,1,-8,-3,-9,-5,-8,-9,-9,-11,-11,-9,-12,-7,-9,-6,-9,-9,-12,-11,-13,-9,-13,-7,-13,-4,-12,-3,-9,-5,-6,-5,-5,-3,-2,-2,1,-3,1,-4,1,-5,3,-5,2,-5,0,-7,0,-10,0,-3,0,0,0,0,0,0,0,0,0,0,0,0,0,0,0,0,0,0,1,1,4,6,3,7,2,7,1,6,-1,5,-4,5,-5,4,-5,3,-6,5,-8,5,-9,4,-10,5,-11,5,-12,5,-12,5,-14,6,-17,6,-18,7,-17,9,-15,7,-14,8,-14,11,-16,10,-16,7,-13,8,-9,8"
20.955528020858765,293,"CSI,1355,128,101,81,22,0,17,9,17,9,17,8,17,7,17,7,17,6,17,6,18,6,17,6,17,6,17,6,17,6,17,6,17,5,17,5,17,6,16,7,15,7,15,6,14,6,14,5,13,6,12,6,12,6,11,6,2,1,0,0,0,0,0,0,0,0,0,0,0,0,0,0,0,0,0,0,3,0,14,3,14,4,14,5,15,5,15,6,16,6,16,7,17,8,17,8,17,9,17,10,17,11,17,11,17,11,17,10,17,10,17,10,17,10,17,9,17,9,17,9,17,9,17,10,18,10,18,9,19,9"
20.996932983398438,294,"CSI,3721,128,-117,-78,40,0,9,22,9,22,10,22,9,21,9,20,9,20,10,20,11,20,11,20,11,20,12,20,12,20,11,19,12,19,11,19,11,19,10,19,10,19,9,19,8,17,8,16,7,16,7,16,6,15,6,15,1,3,0,0,0,0,0,0,0,0,0,0,0,0,0,0,0,0,0,0,2,3,9,14,9,14,9,15,9,16,9,17,10,18,9,20,9,21,9,21,8,21,8,22,8,23,8,23,8,23,7,23,7,23,8,23,7,23,7,22,7,22,8,22,8,22,9,22,9,22,9,22,9,23"
21.0329430103302,295,"CSI,2107,128,-5,-79,31,0,-12,20,-11,21,-11,21,-11,20,-11,20,-10,21,-9,21,-8,21,-8,21,-8,21,-7,21,-8,21,-8,21,-8,20,-8,20,-9,20,-8,19,-8,18,-8,18,-9,17,-9,16,-9,15,-9,15,-9,14,-8,13,-2,3,0,0,0,0,0,0,0,0,0,0,0,0,0,0,0,0,0,0,-2,4,-6,17,-6,17,-7,18,-8,18,-8,19,-9,20,-9,20,-10,21,-12,21,-13,21,-13,21,-13,21,-13,21,-13,21,-13,20,-14,20,-13,20,-13,20,-14,20,-13,21,-13,21,-12,21,-12,21,-12,21,-13,21,-13,22"
21.06346321105957,296,"CSI,477,128,83,49,21,0,0,2,-1,2,2,3,5,4,8,8,10,11,10,11,11,10,11,12,11,13,11,10,10,8,11,7,11,6,8,5,4,4,2,2,1,-1,0,-4,-3,-5,-5,-4,-6,-3,-7,-1,-8,0,-8,0,-3,0,0,0,0,0,0,0,0,0,0,0,0,0,0,0,0,0,0,0,-1,3,-4,11,-4,8,-5,6,-6,5,-6,4,-4,2,-3,1,-3,0,-2,-2,0,-4,-1,-5,-2,-6,-1,-9,2,-14,3,-15,4,-14,6,-16,6,-18,2,-19,0,-19,2,-18,4,-17,4,-17,3,-17,3,-15,4,-9"
21.094230890274048,297,"CSI,1356,128,101,81,22,0,-22,7,-22,7,-22,7,-22,7,-21,8,-20,8,-20,8,-19,8,-19,9,-19,9,-18,9,-18,9,-18,9,-18,9,-18,9,-18,9,-17,8,-16,7,-16,7,-16,6,-15,6,-15,6,-14,6,-14,5,-14,4,-4,1,0,0,0,0,0,0,0,0,0,0,0,0,0,0,0,0,0,0,-5,1,-19,7,-20,7,-20,7,-21,7,-22,6,-23,6,-24,6,-24,5,-25,5,-26,5,-26,5,-26,4,-26,4,-26,4,-26,4,-25,4,-25,4,-25,4,-25,5,-25,5,-25,5,-24,5,-23,5,-23,6,-24,6,-25,5"
21.12487483024597,298,"CSI,482,128,83,49,21,0,-3,5,2,0,6,-1,9,0,12,-1,13,-1,14,-3,18,-5,19,-5,17,-3,16,-2,16,-1,14,0,11,0,10,0,8,2,4,2,1,-1,0,-4,-1,-6,-1,-5,-2,-5,-5,-8,-6,-9,-7,-10,-2,-3,0,0,0,0,0,0,0,0,0,0,0,0,0,0,0,0,0,0,-3,-1,-10,-3,-8,-4,-7,-5,-6,-5,-7,-3,-8,-1,-6,0,-4,0,-5,1,-2,5,0,6,0,6,-1,7,-2,9,-4,12,-6,17,-6,19,-7,15,-9,14,-9,15,-8,15,-8,15,-8,14,-9,14,-9,14,-7,12"
21.177083015441895,299,"CSI,1357,128,101,81,22,0,-19,5,-18,6,-18,6,-18,6,-17,6,-17,6,-16,6,-15,6,-15,6,-14,6,-14,6,-14,6,-14,6,-14,6,-14,6,-13,6,-13,5,-12,4,-11,4,-11,3,-11,3,-10,3,-10,3,-10,2,-9,1,-3,0,0,0,0,0,0,0,0,0,0,0,0,0,0,0,0,0,0,0,-5,1,-19,7,-19,7,-20,7,-21,7,-22,7,-22,7,-23,6,-23,6,-24,6,-25,5,-25,5,-24,5,-24,5,-24,4,-24,4,-24,4,-23,4,-23,5,-22,5,-22,6,-22,6,-21,6,-21,5,-21,5,-21,6,-22,6"
21.223246097564697,300,"CSI,486,128,83,49,21,0,-8,-3,-10,0,-10,1,-11,2,-14,3,-17,5,-20,5,-25,3,-23,6,-19,7,-16,3,-13,2,-13,3,-13,4,-11,3,-8,3,-6,3,-6,2,-4,2,0,3,2,4,3,3,3,4,3,4,5,5,1,1,0,0,0,0,0,0,0,0,0,0,0,0,0,0,0,0,0,0,2,-2,9,-7,8,-5,8,-3,8,-3,6,-2,3,-2,1,-4,-2,-4,-5,-4,-5,-3,-5,-5,-7,-9,-10,-14,-11,-14,-10,-15,-9,-17,-11,-18,-8,-19,-4,-21,-3,-21,-1,-20,-1,-20,-3,-22,-3,-20,-3,-14,-5,-10"
21.29543709754944,301,"CSI,1358,128,101,81,22,0,-7,-25,-7,-25,-7,-24,-7,-24,-7,-23,-8,-23,-8,-23,-9,-23,-9,-23,-9,-23,-9,-23,-9,-22,-9,-22,-9,-21,-8,-21,-7,-21,-7,-21,-7,-21,-6,-20,-5,-19,-5,-18,-4,-17,-4,-17,-3,-16,-3,-16,-1,-4,0,0,0,0,0,0,0,0,0,0,0,0,0,0,0,0,0,0,-3,-6,-9,-21,-9,-21,-9,-23,-9,-23,-9,-24,-9,-26,-9,-27,-8,-28,-7,-28,-6,-28,-6,-29,-6,-29,-5,-29,-5,-29,-5,-29,-5,-28,-6,-28,-5,-28,-5,-27,-6,-27,-6,-27,-7,-27,-7,-27,-7,-27,-7,-27,-7,-27"
21.32835817337036,302,"CSI,490,128,83,49,21,0,-6,-9,-9,-8,-10,-7,-10,-5,-11,-1,-13,1,-15,5,-16,10,-16,7,-18,2,-16,-1,-15,-3,-15,-3,-14,-3,-13,-4,-13,-5,-13,-3,-12,-2,-10,-1,-6,-1,-4,-1,-2,1,-2,5,-1,6,0,5,0,1,0,0,0,0,0,0,0,0,0,0,0,0,0,0,0,0,0,0,-1,-3,-1,-9,1,-8,3,-9,4,-10,4,-9,4,-8,2,-9,1,-8,2,-8,1,-8,1,-8,-1,-9,-4,-11,-7,-12,-7,-12,-7,-14,-8,-16,-8,-17,-10,-17,-12,-16,-12,-17,-10,-22,-7,-23,-5,-22,-4,-23,-3,-24"
21.425328969955444,303,"CSI,1359,128,101,81,22,0,-20,-12,-20,-12,-21,-12,-21,-11,-20,-10,-20,-9,-20,-10,-20,-10,-20,-9,-20,-9,-20,-9,-20,-8,-20,-8,-20,-7,-20,-7,-19,-8,-19,-8,-18,-9,-17,-8,-17,-8,-16,-7,-15,-7,-15,-7,-14,-7,-14,-8,-4,-2,0,0,0,0,0,0,0,0,0,0,0,0,0,0,0,0,0,0,-5,-2,-17,-8,-17,-9,-18,-9,-18,-10,-19,-11,-20,-11,-20,-12,-20,-13,-20,-13,-20,-14,-20,-15,-20,-16,-20,-16,-20,-16,-20,-15,-21,-15,-20,-15,-20,-15,-20,-14,-21,-13,-21,-13,-20,-14,-21,-14,-21,-13,-22,-13,-23,-13"
21.453245162963867,304,"CSI,494,128,83,49,21,0,-4,3,-1,2,2,1,3,1,7,1,14,1,15,0,16,-3,17,-4,16,-1,16,0,17,1,16,1,13,1,9,1,7,0,6,-1,6,-1,4,-3,2,-4,0,-3,-3,-2,-6,-1,-5,-1,-4,-1,-1,-1,0,0,0,0,0,0,0,0,0,0,0,0,0,0,0,0,0,0,-1,-3,0,-9,1,-8,2,-7,3,-8,5,-7,4,-5,4,-5,3,-4,2,-2,2,0,1,0,-3,-1,-5,0,-6,3,-9,4,-13,4,-14,5,-14,5,-17,6,-19,6,-20,5,-18,3,-18,3,-20,5,-18,6,-15,4"
21.523935079574585,305,"CSI,1360,128,101,81,22,0,-20,14,-19,14,-19,14,-19,14,-19,14,-18,14,-17,14,-17,14,-17,14,-16,14,-16,14,-15,14,-15,14,-16,13,-16,13,-16,13,-15,12,-14,11,-14,10,-14,10,-14,9,-13,8,-13,8,-12,7,-12,6,-3,1,0,0,0,0,0,0,0,0,0,0,0,0,0,0,0,0,0,0,-4,3,-13,14,-14,14,-15,14,-16,15,-17,15,-17,15,-18,15,-19,16,-21,15,-22,15,-22,15,-22,14,-22,14,-22,14,-22,14,-22,14,-22,14,-22,14,-22,14,-22,14,-22,14,-21,14,-21,14,-21,14,-22,14,-22,15"
21.554216146469116,306,"CSI,498,128,83,49,21,0,-8,-3,-8,0,-8,0,-9,1,-13,4,-15,6,-18,7,-23,9,-23,10,-18,10,-15,8,-14,5,-15,5,-15,5,-12,4,-11,3,-8,4,-5,4,-4,4,-3,5,-4,5,-3,4,0,3,3,4,3,4,0,1,0,0,0,0,0,0,0,0,0,0,0,0,0,0,0,0,0,0,0,-2,5,-6,8,-7,9,-7,8,-5,7,-2,7,-2,4,-2,-1,-2,-2,-2,-1,-4,-2,-7,-3,-7,-5,-6,-8,-9,-9,-13,-9,-16,-9,-19,-9,-21,-10,-22,-9,-20,-8,-20,-7,-23,-8,-24,-7,-21,-5,-18,-3,-15"
21.627930164337158,307,"CSI,1361,128,101,81,22,0,18,-3,18,-3,18,-3,19,-4,19,-4,18,-5,18,-5,18,-5,18,-5,18,-5,17,-5,17,-5,18,-6,18,-6,18,-6,18,-5,17,-5,17,-4,16,-4,16,-4,16,-4,15,-3,15,-3,14,-2,14,-2,3,-1,0,0,0,0,0,0,0,0,0,0,0,0,0,0,0,0,0,0,2,-2,11,-5,12,-5,12,-5,13,-5,14,-4,14,-4,15,-3,16,-3,17,-3,17,-3,17,-2,17,-2,17,-1,18,-1,18,-1,18,-1,18,-1,18,-1,18,-2,18,-2,18,-3,18,-2,18,-2,18,-2,19,-3,20,-3"
21.736193895339966,308,"CSI,506,128,83,49,21,0,3,4,4,0,7,-3,10,-5,11,-6,13,-6,15,-4,18,-3,19,-7,18,-10,18,-10,17,-9,17,-9,16,-8,13,-7,8,-8,5,-6,5,-5,3,-5,1,-7,-1,-7,-3,-3,-5,0,-6,0,-7,-1,-2,-1,0,0,0,0,0,0,0,0,0,0,0,0,0,0,0,0,0,0,-1,-2,-6,-5,-7,-6,-6,-8,-4,-8,-3,-9,-3,-9,-3,-7,-3,-5,-2,-5,0,-5,3,-1,4,4,3,8,0,10,-3,12,-4,15,-5,17,-6,16,-7,17,-10,19,-11,19,-9,17,-9,15,-11,16,-11,17,-9,16"
21.77645206451416,309,"CSI,1362,128,101,81,22,0,-19,-14,-19,-14,-19,-14,-19,-13,-19,-12,-19,-12,-20,-12,-20,-12,-20,-11,-20,-11,-20,-11,-20,-11,-20,-10,-21,-10,-20,-10,-20,-10,-19,-11,-19,-11,-18,-10,-17,-10,-17,-10,-16,-10,-16,-10,-15,-10,-14,-10,-4,-3,0,0,0,0,0,0,0,0,0,0,0,0,0,0,0,0,0,0,-4,-2,-14,-8,-14,-8,-14,-9,-15,-10,-16,-10,-16,-11,-17,-12,-17,-13,-17,-13,-17,-14,-17,-15,-16,-16,-17,-16,-17,-16,-17,-16,-17,-16,-17,-16,-17,-16,-17,-15,-18,-14,-18,-14,-18,-15,-19,-15,-19,-15,-20,-15,-20,-15"
21.838639974594116,310,"CSI,510,128,83,49,21,0,-5,-15,-4,-8,-8,-6,-11,-4,-13,-1,-15,0,-13,0,-11,1,-16,-1,-21,-3,-23,-2,-23,-2,-22,-2,-20,-2,-18,-1,-18,-2,-15,-4,-10,-5,-7,-2,-6,1,-4,2,-4,2,-2,1,0,0,0,2,0,0,0,0,0,0,0,0,0,0,0,0,0,0,0,0,0,0,0,0,1,-2,5,-7,8,-6,11,-6,10,-6,8,-5,7,-4,4,-3,4,-2,4,-2,4,-3,2,-5,-1,-7,-4,-9,-3,-12,-1,-14,-2,-16,-3,-18,-4,-21,-3,-23,-3,-26,-3,-28,-2,-26,1,-22,1,-21,-1,-22,-2,-23"
21.87197709083557,311,"CSI,1363,128,101,81,22,0,-23,7,-22,8,-22,8,-22,8,-22,8,-22,9,-21,9,-20,9,-21,10,-20,10,-20,10,-20,10,-20,10,-20,10,-20,10,-20,10,-19,9,-19,8,-18,8,-18,8,-18,7,-17,7,-17,6,-16,6,-15,5,-4,1,0,0,0,0,0,0,0,0,0,0,0,0,0,0,0,0,0,0,-4,2,-17,8,-17,8,-18,8,-19,8,-20,8,-21,8,-21,8,-22,7,-23,7,-24,7,-24,6,-24,6,-24,5,-24,5,-24,5,-24,5,-24,5,-24,5,-24,6,-24,6,-24,6,-24,6,-23,6,-24,6,-24,7,-25,7"
21.902721881866455,312,"CSI,1150,128,83,49,21,0,-18,5,-16,4,-15,4,-16,4,-17,3,-16,1,-10,0,-2,-2,-2,-2,-5,1,-5,2,-3,1,-1,3,0,6,0,8,0,9,-1,9,-2,8,-1,9,-1,11,-2,10,-1,9,-1,8,-2,6,-2,3,-1,0,0,0,0,0,0,0,0,0,0,0,0,0,0,0,0,0,0,0,1,-2,5,-5,4,-3,2,-3,2,-2,2,0,2,-1,0,-2,0,-1,-1,-1,-4,-3,-6,-5,-5,-6,-5,-5,-5,-7,-4,-10,-3,-10,-4,-9,-5,-8,-3,-9,-2,-11,-2,-9,-3,-6,-3,-5,-6,-2,-11,2,-12,4"
21.941028118133545,313,"CSI,514,128,83,49,21,0,5,-15,3,-10,1,-6,-4,-4,-10,-6,-13,-8,-17,-11,-21,-15,-23,-12,-23,-8,-20,-9,-20,-10,-19,-11,-15,-11,-11,-11,-8,-11,-5,-10,-5,-8,-6,-3,-5,0,-3,-1,-1,0,-1,3,-3,3,-5,2,-2,0,0,0,0,0,0,0,0,0,0,0,0,0,0,0,0,0,0,0,1,-1,7,-5,7,-6,8,-5,9,-2,9,-1,10,-2,10,-2,10,1,9,2,6,-1,5,-5,5,-7,3,-9,1,-10,1,-10,1,-13,-1,-17,-3,-19,-3,-21,-4,-24,-1,-27,2,-27,4,-28,4,-27,2,-23,0,-18"
21.97395610809326,314,"CSI,1364,128,101,81,22,0,7,-23,6,-23,6,-23,6,-23,6,-23,5,-23,4,-23,4,-23,4,-23,3,-23,3,-23,3,-22,3,-22,3,-21,4,-21,4,-21,4,-20,4,-20,4,-19,4,-18,4,-17,4,-16,4,-15,5,-15,4,-14,1,-4,0,0,0,0,0,0,0,0,0,0,0,0,0,0,0,0,0,0,0,-5,1,-18,2,-19,2,-20,3,-21,3,-21,3,-22,4,-23,5,-24,6,-24,7,-24,7,-24,7,-25,8,-25,8,-25,8,-24,8,-24,8,-24,8,-24,8,-24,8,-24,8,-24,7,-24,7,-24,7,-24,7,-24,7,-25"
22.043391227722168,315,"CSI,517,128,83,49,21,0,3,-8,3,-4,5,2,6,7,7,10,9,12,8,17,5,23,7,21,8,16,9,15,14,16,14,15,10,13,8,12,5,10,3,6,1,3,0,2,-1,0,-2,-2,-5,-3,-7,-3,-7,-1,-7,-1,-2,-1,0,0,0,0,0,0,0,0,0,0,0,0,0,0,0,0,0,0,-3,-1,-11,0,-10,2,-10,2,-9,-3,-6,-5,-7,-4,-8,-3,-6,-3,-5,-5,-4,-7,-1,-8,0,-8,1,-8,4,-9,7,-10,8,-13,9,-15,12,-15,13,-16,11,-18,11,-21,11,-21,10,-19,9,-17,9,-17,7,-17"
22.076802015304565,316,"CSI,3732,128,-117,-78,40,0,-20,9,-19,9,-20,9,-20,9,-19,10,-19,10,-18,10,-18,11,-18,11,-18,10,-17,10,-17,10,-17,11,-18,11,-18,10,-18,10,-17,9,-16,9,-16,8,-16,8,-15,8,-15,7,-15,6,-14,6,-14,5,-4,1,0,0,0,0,0,0,0,0,0,0,0,0,0,0,0,0,0,0,-4,2,-13,8,-14,8,-15,8,-16,9,-16,9,-17,9,-18,9,-18,9,-19,9,-20,8,-21,7,-21,7,-21,7,-21,6,-21,7,-21,7,-21,7,-21,7,-21,8,-21,8,-21,8,-20,8,-20,8,-21,8,-22,9,-22,9"
22.107484102249146,317,"CSI,1365,128,101,81,22,0,-3,23,-3,23,-2,23,-3,22,-3,22,-2,22,-1,22,0,22,0,22,0,22,0,22,0,22,0,22,0,21,0,21,-1,21,-1,21,-1,20,-1,19,-2,18,-2,17,-2,16,-2,16,-3,15,-3,15,-1,3,0,0,0,0,0,0,0,0,0,0,0,0,0,0,0,0,0,0,0,4,1,17,1,18,0,18,-1,19,-1,20,-1,21,-1,22,-2,23,-3,23,-4,23,-5,24,-5,24,-5,24,-5,24,-5,24,-5,24,-5,24,-5,24,-5,23,-5,23,-5,23,-4,24,-3,24,-4,23,-4,24,-3,25"
22.14348006248474,318,"CSI,521,128,83,49,21,0,-3,4,-3,-2,0,-7,1,-11,3,-11,3,-14,4,-18,8,-17,6,-17,0,-18,-2,-16,-3,-15,-3,-14,-2,-12,-3,-7,-3,-2,-1,1,-1,2,-1,2,-2,4,-3,5,-2,4,0,4,3,4,5,2,1,0,0,0,0,0,0,0,0,0,0,0,0,0,0,0,0,0,0,0,1,-2,7,-4,8,-2,9,-2,9,-1,8,-2,7,-2,7,-2,5,-2,2,-1,0,3,-1,4,-2,4,-3,5,-5,5,-8,6,-12,9,-17,12,-18,13,-16,13,-15,16,-16,18,-18,16,-17,12,-13,11,-9,10,-5,7"
22.19497513771057,319,"CSI,1366,128,101,81,22,0,-11,22,-10,22,-10,22,-10,22,-10,22,-10,22,-9,22,-8,22,-8,22,-8,23,-7,23,-7,22,-8,22,-8,22,-8,22,-9,22,-9,21,-8,20,-9,19,-9,18,-9,17,-9,16,-9,16,-9,15,-9,14,-3,3,0,0,0,0,0,0,0,0,0,0,0,0,0,0,0,0,0,0,-1,4,-5,17,-5,17,-6,18,-7,19,-7,19,-7,20,-8,21,-9,21,-10,21,-11,21,-12,22,-12,22,-12,22,-12,22,-12,21,-12,21,-12,21,-12,21,-13,21,-13,21,-12,22,-11,22,-11,22,-11,22,-12,22,-12,23"
22.2456271648407,320,"CSI,526,128,83,49,21,0,9,6,9,2,9,-3,8,-6,8,-6,9,-9,13,-13,17,-12,17,-11,16,-12,14,-13,11,-13,11,-10,13,-8,14,-9,11,-10,5,-7,3,-7,3,-8,1,-7,-2,-5,-3,-3,-5,-1,-7,-3,-6,-3,-2,-1,0,0,0,0,0,0,0,0,0,0,0,0,0,0,0,0,0,0,-1,2,-3,9,-5,10,-5,10,-5,7,-8,5,-8,4,-6,4,-6,3,-4,3,-4,3,-3,4,1,4,4,3,4,4,6,6,9,9,13,12,13,13,12,14,13,16,15,18,14,21,10,23,9,21,10,18,14,18"
22.302906036376953,321,"CSI,1367,128,101,81,22,0,14,13,14,13,14,13,15,12,15,12,15,12,15,12,15,12,15,12,15,12,15,12,15,12,15,12,15,11,15,11,15,12,14,12,13,12,13,12,12,11,11,10,11,10,10,10,10,10,9,10,2,2,0,0,0,0,0,0,0,0,0,0,0,0,0,0,0,0,0,0,2,1,10,7,10,7,10,8,10,8,11,9,11,10,12,11,12,11,12,12,12,12,11,13,11,14,11,14,11,14,12,14,12,14,12,14,12,14,12,13,13,13,13,13,13,13,13,14,14,14,14,14,15,14"
22.349467992782593,322,"CSI,529,128,83,49,21,0,12,1,7,-1,2,-5,-2,-8,-7,-11,-11,-14,-14,-15,-18,-17,-20,-18,-18,-18,-16,-16,-12,-13,-12,-11,-12,-11,-11,-11,-8,-10,-8,-6,-6,-2,-3,2,-4,3,-4,1,-2,0,0,1,0,2,-1,4,-1,1,0,0,0,0,0,0,0,0,0,0,0,0,0,0,0,0,0,0,-1,2,-3,8,-1,8,-2,8,-3,10,-5,10,-6,9,-6,9,-6,8,-6,4,-4,1,-3,1,-1,-1,4,-5,6,-5,8,-3,11,-5,12,-6,16,-5,22,-4,22,-4,22,-2,24,1,24,4,26,4,28,1,24,1"
22.423835039138794,323,"CSI,1368,128,101,81,22,0,-15,18,-14,18,-14,18,-14,18,-14,18,-14,18,-13,18,-12,19,-12,19,-12,19,-11,19,-12,19,-12,19,-12,18,-12,18,-12,18,-12,17,-11,16,-11,16,-11,15,-11,14,-11,13,-11,13,-11,12,-10,11,-3,2,0,0,0,0,0,0,0,0,0,0,0,0,0,0,0,0,0,0,-3,3,-9,13,-10,13,-10,14,-11,14,-12,15,-12,15,-12,16,-13,16,-14,16,-16,16,-16,16,-16,16,-16,16,-16,16,-16,16,-16,16,-16,16,-16,17,-16,17,-16,17,-16,17,-15,17,-15,17,-15,17,-16,18,-16,18"
22.453097105026245,324,"CSI,533,128,83,49,21,0,9,-3,5,-4,1,-3,-5,0,-9,-1,-11,-4,-15,-3,-17,3,-17,2,-15,-1,-14,-1,-15,-2,-17,-1,-18,1,-14,1,-11,1,-10,3,-7,2,-6,0,-5,0,-1,0,3,-2,5,-1,8,0,10,1,2,0,0,0,0,0,0,0,0,0,0,0,0,0,0,0,0,0,0,0,0,0,1,5,-1,6,-5,4,-9,3,-9,4,-7,4,-7,2,-6,1,-4,2,-5,1,-4,-3,-2,-4,2,-3,8,-4,11,-6,12,-6,15,-7,16,-7,17,-6,17,-6,18,-8,22,-8,25,-7,22,-7,20,-5,21,-3"
22.531517028808594,325,"CSI,1369,128,101,81,22,0,-17,9,-17,9,-17,9,-17,10,-17,10,-16,10,-16,10,-15,11,-15,11,-15,11,-15,11,-15,11,-15,11,-15,11,-15,11,-15,11,-15,10,-14,9,-14,9,-14,8,-13,8,-13,7,-13,7,-12,6,-12,6,-3,1,0,0,0,0,0,0,0,0,0,0,0,0,0,0,0,0,0,0,-3,1,-11,6,-12,7,-12,7,-13,7,-14,7,-14,7,-15,7,-15,7,-16,7,-17,7,-17,7,-17,6,-17,6,-17,6,-18,6,-18,7,-17,7,-17,7,-18,7,-18,8,-18,8,-17,8,-17,8,-17,8,-18,9,-18,9"
22.562071084976196,326,"CSI,537,128,83,49,21,0,-8,-5,-3,-3,2,-3,9,-1,16,-1,18,-2,21,-2,24,-3,22,-4,20,-5,20,-6,19,-5,18,-3,17,-2,14,-4,11,-5,9,-3,5,-1,1,-1,0,-3,-3,-2,-6,0,-6,3,-5,5,-5,7,-2,1,0,0,0,0,0,0,0,0,0,0,0,0,0,0,0,0,0,0,2,1,7,4,7,4,6,6,4,10,2,12,0,12,1,12,-1,9,-4,7,-3,6,-2,5,-4,4,-5,1,-6,-4,-10,-6,-12,-8,-12,-10,-14,-13,-17,-16,-20,-17,-20,-16,-19,-15,-18,-15,-18,-14,-19,-14,-20,-15"
22.656254053115845,327,"CSI,542,128,83,49,21,0,-5,-2,-3,4,-3,8,-3,11,-4,14,-6,16,-7,14,-3,12,0,14,-1,15,-3,13,-5,13,-4,13,-2,12,0,11,3,11,4,8,5,3,4,1,3,1,2,0,2,-1,4,-2,4,-3,3,-2,0,0,0,0,0,0,0,0,0,0,0,0,0,0,0,0,0,0,0,0,1,-2,4,-7,5,-4,7,-2,7,-1,8,-2,6,-2,3,0,1,0,1,0,0,1,-1,-1,-3,-3,-7,-5,-9,-8,-12,-9,-13,-9,-13,-9,-14,-10,-17,-14,-17,-18,-15,-19,-14,-21,-13,-20,-14,-17,-14,-15,-13,-13"
22.751652002334595,328,"CSI,1371,128,101,81,22,0,23,10,23,10,24,9,24,8,24,7,23,7,23,7,23,7,23,6,23,6,23,6,22,6,23,6,23,5,23,5,22,6,21,7,20,7,19,6,19,6,18,5,17,5,16,6,16,6,15,6,3,1,0,0,0,0,0,0,0,0,0,0,0,0,0,0,0,0,0,0,4,1,18,4,19,4,19,5,20,6,21,7,21,8,22,9,22,10,23,10,23,11,23,12,23,12,23,13,23,13,23,13,23,13,23,13,23,12,23,11,23,11,24,11,24,11,24,11,24,11,25,10,26,10"
22.782327890396118,329,"CSI,545,128,83,49,21,0,-5,-3,-8,0,-11,1,-14,1,-17,1,-17,-1,-20,-3,-26,-3,-26,-1,-21,0,-15,0,-8,-1,-6,-2,-6,-1,-5,1,-2,3,2,4,4,3,5,4,5,3,4,2,2,2,1,2,2,2,3,1,0,0,0,0,0,0,0,0,0,0,0,0,0,0,0,0,0,0,0,0,0,2,0,9,-1,10,-1,10,-1,8,-2,7,-4,6,-5,3,-5,-1,-2,-4,1,-6,4,-8,5,-10,6,-11,8,-12,14,-11,17,-11,17,-12,18,-13,21,-13,21,-10,21,-10,20,-11,17,-10,13,-9,7,-7,0,-8"
22.86593508720398,330,"CSI,1372,128,101,81,22,0,18,0,18,0,18,-1,18,-1,18,-2,18,-2,18,-2,18,-2,18,-3,18,-2,17,-3,17,-3,17,-3,18,-3,18,-3,17,-2,17,-2,16,-1,16,-1,15,-1,15,-1,14,-1,14,-1,13,0,13,0,3,0,0,0,0,0,0,0,0,0,0,0,0,0,0,0,0,0,0,0,3,-1,12,-2,13,-2,13,-1,14,-1,15,-1,15,0,16,0,16,0,17,0,17,1,17,1,17,2,17,2,17,2,18,2,18,2,18,2,18,2,18,1,18,0,18,0,18,0,18,1,18,1,19,0,20,0"
22.967618942260742,331,"CSI,554,128,83,49,21,0,-1,-16,-5,-12,-7,-8,-7,-8,-10,-7,-14,-7,-15,-5,-13,-3,-12,-5,-12,-8,-13,-11,-15,-12,-15,-11,-14,-8,-12,-8,-10,-9,-9,-10,-10,-9,-10,-7,-9,-6,-6,-3,-4,-1,-3,0,-4,1,-4,2,-1,0,0,0,0,0,0,0,0,0,0,0,0,0,0,0,0,0,0,0,-1,-3,0,-10,2,-9,2,-8,3,-7,3,-6,4,-6,4,-6,3,-4,1,-3,-1,-3,-1,-5,-2,-6,-4,-7,-6,-9,-7,-11,-7,-14,-5,-18,-5,-19,-6,-19,-6,-22,-4,-24,0,-22,0,-22,0,-25,1,-23,-1,-20"
22.99541997909546,332,"CSI,1373,128,101,81,22,0,2,14,2,14,2,13,2,13,2,13,3,13,3,13,4,13,4,12,4,13,4,13,4,13,4,12,3,12,3,12,3,12,3,12,3,12,3,11,2,10,2,10,2,10,1,9,1,9,1,9,0,2,0,0,0,0,0,0,0,0,0,0,0,0,0,0,0,0,0,0,0,2,3,9,3,9,2,10,2,10,2,11,2,12,2,12,2,13,2,13,1,13,1,14,1,14,1,14,1,14,1,14,0,14,1,14,1,14,1,14,1,14,1,13,2,14,2,14,2,14,2,14,2,14"
23.023722887039185,333,"CSI,1194,128,83,49,21,0,-6,9,-6,12,-7,14,-9,14,-9,13,-8,11,-6,8,-2,4,-2,2,-3,2,-3,2,-3,3,-1,3,2,1,4,1,5,1,5,-1,5,1,5,3,5,3,3,3,3,4,4,3,4,3,5,3,1,0,0,0,0,0,0,0,0,0,0,0,0,0,0,0,0,0,0,0,-1,-3,-1,-9,0,-7,0,-4,-1,-4,-2,-6,-3,-7,-4,-8,-4,-7,-2,-4,-2,-3,-6,-3,-8,-2,-8,-2,-8,-2,-8,-3,-9,-5,-10,-6,-10,-5,-10,-7,-9,-10,-7,-10,-6,-6,-6,-2,-5,-1,-2,0,1,4"
23.064635038375854,334,"CSI,558,128,83,49,21,0,-2,-7,-4,-3,-8,0,-13,1,-16,1,-17,2,-17,-1,-16,-3,-17,-1,-18,3,-15,4,-13,4,-12,4,-9,6,-6,5,-3,5,0,5,2,4,2,4,1,3,2,2,3,2,3,3,4,3,4,2,0,0,0,0,0,0,0,0,0,0,0,0,0,0,0,0,0,0,0,0,1,0,6,3,6,6,6,7,7,6,7,5,5,5,3,5,2,4,2,2,-2,-1,-4,-4,-2,-6,-2,-7,-3,-8,-1,-10,0,-17,1,-22,3,-22,6,-24,7,-22,8,-21,11,-23,11,-21,9,-19,7,-17,6,-13"
23.09800910949707,335,"CSI,1374,128,101,81,22,0,21,-7,20,-8,21,-8,21,-8,21,-9,20,-9,19,-9,19,-9,19,-10,18,-10,18,-10,18,-10,18,-10,18,-10,19,-10,18,-10,17,-9,17,-8,16,-8,16,-8,15,-7,15,-7,15,-6,14,-6,14,-5,3,-2,0,0,0,0,0,0,0,0,0,0,0,0,0,0,0,0,0,0,3,-2,15,-8,16,-8,16,-8,18,-8,18,-8,19,-8,20,-7,21,-7,22,-7,22,-7,22,-6,22,-6,22,-5,22,-5,23,-5,23,-5,22,-5,22,-6,22,-6,23,-6,22,-7,22,-7,21,-6,22,-7,23,-7,23,-7"
23.13971185684204,336,"CSI,3738,128,-117,-78,40,0,-14,-21,-15,-21,-15,-20,-15,-19,-15,-19,-15,-19,-16,-19,-16,-19,-16,-19,-16,-19,-16,-18,-16,-18,-16,-17,-16,-17,-16,-17,-15,-17,-14,-17,-14,-17,-13,-16,-12,-15,-12,-15,-12,-14,-11,-14,-10,-14,-9,-14,-3,-4,0,0,0,0,0,0,0,0,0,0,0,0,0,0,0,0,0,0,-4,-4,-14,-13,-14,-14,-14,-15,-15,-16,-15,-17,-15,-18,-16,-19,-16,-20,-15,-21,-14,-21,-14,-22,-14,-24,-13,-24,-13,-24,-13,-23,-13,-23,-14,-23,-13,-23,-13,-22,-14,-21,-14,-21,-15,-22,-15,-22,-15,-22,-15,-22,-16,-22"
23.172932147979736,337,"CSI,2110,128,-5,-79,31,0,24,-2,24,-2,24,-2,24,-3,24,-4,23,-4,23,-4,23,-4,22,-4,22,-4,22,-5,22,-5,22,-5,22,-5,22,-5,21,-5,21,-4,20,-3,19,-3,19,-3,18,-3,17,-3,17,-2,16,-2,16,-1,3,-1,0,0,0,0,0,0,0,0,0,0,0,0,0,0,0,0,0,0,4,-2,18,-6,19,-6,19,-5,21,-5,22,-5,22,-4,23,-3,24,-3,25,-3,25,-2,25,-1,25,0,25,0,25,0,26,0,26,0,25,0,25,0,25,-1,26,-1,26,-2,25,-1,25,-1,25,-1,26,-2,27,-2"
23.203431129455566,338,"CSI,2293,128,77,-47,20,0,4,-5,5,2,5,5,3,9,1,15,3,18,6,21,8,25,9,23,10,19,11,17,12,14,10,11,9,9,7,7,3,5,2,3,2,0,1,-2,1,-3,0,-3,-3,-3,-4,-4,-4,-3,-4,-2,-1,-1,0,0,0,0,0,0,0,0,0,0,0,0,0,0,0,0,0,0,-2,1,-6,5,-6,4,-6,5,-7,7,-9,6,-11,6,-10,6,-7,5,-5,3,-8,1,-9,-1,-5,-3,-1,-7,1,-9,3,-10,5,-13,6,-16,6,-18,7,-19,8,-21,8,-26,8,-27,8,-25,6,-23,5,-22,8,-21"
23.23406195640564,339,"CSI,561,128,83,49,21,0,-6,6,-2,5,-3,2,-2,-4,2,-11,4,-17,4,-18,5,-15,7,-16,6,-19,4,-22,4,-23,2,-20,-1,-16,-2,-13,-2,-10,-2,-8,-2,-5,-2,-2,-2,0,-3,2,-3,2,-3,3,0,4,2,6,0,2,0,0,0,0,0,0,0,0,0,0,0,0,0,0,0,0,0,0,0,-2,3,-7,4,-7,4,-7,4,-8,5,-9,6,-8,7,-7,7,-7,7,-5,4,-4,3,-4,2,-2,1,2,-1,4,-2,7,-3,12,-6,14,-12,16,-16,19,-15,22,-14,21,-14,21,-14,21,-13,20,-12,18,-13,16"
23.265412092208862,340,"CSI,1375,128,101,81,22,0,8,-18,7,-18,7,-18,8,-18,8,-18,7,-18,6,-18,5,-18,5,-18,5,-18,5,-18,5,-18,5,-18,5,-18,6,-17,6,-17,6,-17,5,-16,6,-15,6,-15,6,-14,6,-13,6,-13,6,-12,6,-12,1,-3,0,0,0,0,0,0,0,0,0,0,0,0,0,0,0,0,0,0,0,-4,3,-14,3,-14,4,-15,5,-15,5,-16,5,-16,6,-17,6,-17,7,-17,8,-18,8,-18,8,-18,9,-18,9,-18,9,-18,9,-18,9,-18,9,-18,9,-18,9,-18,9,-18,8,-18,8,-18,8,-18,8,-18,9,-19"
23.319228172302246,341,"CSI,1376,128,101,81,22,0,-24,7,-24,8,-24,8,-24,9,-24,9,-23,9,-22,9,-22,9,-22,10,-22,10,-21,10,-21,10,-21,11,-21,11,-21,10,-21,10,-20,9,-19,8,-19,8,-19,8,-18,7,-17,7,-17,6,-17,6,-16,5,-4,1,0,0,0,0,0,0,0,0,0,0,0,0,0,0,0,0,0,0,-5,1,-18,7,-19,7,-20,7,-21,7,-22,6,-22,6,-23,6,-24,6,-25,5,-26,5,-26,5,-26,4,-26,4,-26,4,-26,4,-26,4,-26,4,-26,5,-26,5,-26,6,-26,6,-25,6,-25,6,-25,6,-26,6,-27,6"
23.372716903686523,342,"CSI,569,128,83,49,21,0,0,12,2,8,4,4,7,1,9,-5,8,-10,10,-15,15,-17,14,-16,13,-15,13,-15,11,-15,10,-13,8,-10,6,-8,4,-7,1,-5,-1,-6,0,-6,0,-5,-2,-3,-3,-3,-2,-1,-4,0,-7,0,-2,0,0,0,0,0,0,0,0,0,0,0,0,0,0,0,0,0,0,0,-2,0,-8,-1,-9,-5,-9,-8,-8,-8,-7,-7,-7,-6,-5,-7,-2,-8,-2,-7,-2,-4,-1,-2,0,1,1,6,1,8,0,9,-3,12,-5,15,-2,19,-2,22,-4,21,-5,22,-6,23,-7,23,-6,25,-6,27,-6,28"
23.4336040019989,343,"CSI,1377,128,101,81,22,0,-24,-4,-24,-4,-25,-4,-24,-3,-24,-2,-24,-2,-24,-2,-24,-2,-24,-2,-24,-1,-23,-1,-23,-1,-23,-1,-23,0,-23,0,-22,-1,-22,-2,-21,-2,-20,-2,-20,-2,-19,-2,-18,-2,-18,-2,-17,-3,-16,-3,-4,-1,0,0,0,0,0,0,0,0,0,0,0,0,0,0,0,0,0,0,-5,0,-19,1,-20,0,-20,0,-21,-1,-22,-1,-23,-2,-24,-3,-24,-3,-25,-4,-26,-4,-26,-5,-25,-6,-25,-7,-25,-7,-25,-7,-26,-7,-25,-7,-25,-6,-25,-6,-25,-5,-25,-5,-25,-5,-25,-6,-26,-5,-26,-5,-27,-4"
23.47553014755249,344,"CSI,574,128,83,49,21,0,12,-7,5,-5,2,-6,0,-8,-5,-10,-9,-10,-12,-11,-17,-16,-17,-17,-15,-17,-16,-15,-15,-13,-12,-13,-8,-13,-6,-14,-4,-13,-3,-10,-2,-7,-4,-3,-7,0,-6,1,-3,1,-1,2,0,4,0,4,-1,0,0,0,0,0,0,0,0,0,0,0,0,0,0,0,0,0,0,0,0,0,4,2,5,5,5,7,4,7,5,8,5,9,4,8,3,7,3,5,3,5,0,7,0,5,3,0,5,-2,9,-3,11,-6,11,-8,13,-10,16,-12,19,-14,21,-14,20,-13,21,-13,24,-15,23,-13,23,-10"
23.543800115585327,345,"CSI,1378,128,101,81,22,0,-18,5,-18,5,-18,6,-18,6,-18,6,-18,7,-17,6,-17,6,-17,7,-17,7,-16,7,-16,7,-16,7,-16,7,-16,7,-16,7,-16,6,-15,5,-15,5,-14,5,-14,5,-14,4,-13,4,-13,3,-12,3,-3,0,0,0,0,0,0,0,0,0,0,0,0,0,0,0,0,0,0,0,-3,1,-12,6,-12,6,-13,6,-14,6,-15,6,-15,6,-16,6,-16,6,-17,6,-18,6,-18,5,-18,5,-18,4,-18,4,-19,4,-19,4,-19,4,-19,4,-19,5,-19,5,-19,5,-19,5,-18,5,-19,5,-20,6,-20,6"
23.579100131988525,346,"CSI,578,128,83,49,21,0,-12,-11,-9,-10,-8,-6,-7,1,-6,7,-7,12,-9,16,-12,20,-10,22,-10,23,-9,23,-6,24,-8,22,-10,19,-8,17,-8,12,-6,8,-3,5,0,3,3,1,3,2,3,1,3,0,5,-1,7,-3,2,-1,0,0,0,0,0,0,0,0,0,0,0,0,0,0,0,0,0,0,1,-1,6,-3,7,-4,9,-5,10,-5,10,-2,9,-2,7,-3,7,-2,7,-5,6,-5,5,-4,2,-6,-4,-7,-6,-6,-8,-8,-9,-11,-9,-14,-12,-15,-16,-16,-17,-20,-16,-23,-15,-23,-16,-21,-16,-21,-15,-21,-12,-20"
23.655582189559937,347,"CSI,1379,128,101,81,22,0,-18,5,-18,5,-18,6,-18,6,-17,6,-17,6,-16,6,-16,6,-16,6,-15,6,-15,7,-15,7,-15,7,-15,7,-15,6,-15,6,-14,6,-13,5,-13,5,-13,4,-12,4,-12,4,-11,4,-11,3,-10,3,-3,0,0,0,0,0,0,0,0,0,0,0,0,0,0,0,0,0,0,0,-4,2,-13,8,-14,7,-15,7,-16,7,-16,7,-17,7,-18,7,-18,7,-19,7,-20,6,-20,6,-20,5,-20,5,-20,5,-20,5,-20,5,-20,5,-20,5,-20,5,-20,6,-20,6,-19,6,-19,5,-19,5,-20,6,-20,6"
23.686476945877075,348,"CSI,581,128,83,49,21,0,5,-8,2,-8,-2,-7,-6,-7,-12,-6,-15,-5,-15,-4,-13,-1,-15,-3,-19,-6,-21,-6,-20,-7,-20,-8,-19,-7,-17,-5,-14,-3,-10,-3,-5,-2,-4,1,-6,5,-4,7,-2,7,-1,7,0,6,0,7,0,1,0,0,0,0,0,0,0,0,0,0,0,0,0,0,0,0,0,0,1,1,7,5,9,6,6,5,3,5,5,4,5,5,2,6,0,7,1,6,1,3,-1,0,-1,-3,1,-6,3,-8,5,-11,8,-14,9,-18,9,-20,10,-20,13,-22,16,-22,19,-20,19,-17,16,-14,15,-15,15,-18"
23.781580924987793,349,"CSI,585,128,83,49,21,0,13,12,13,9,12,4,12,0,15,-3,19,-3,23,-4,25,-5,25,-6,24,-7,24,-7,23,-6,22,-5,21,-3,17,-2,14,-2,11,-2,9,-3,8,-5,8,-4,7,-2,6,-4,5,-8,3,-8,0,-7,-1,-2,0,0,0,0,0,0,0,0,0,0,0,0,0,0,0,0,0,0,1,2,6,10,3,11,-1,11,-2,10,-2,13,-3,15,-3,11,-1,9,0,9,0,8,2,8,5,8,9,9,12,9,11,9,10,10,13,12,15,12,16,14,16,17,14,21,12,23,13,23,12,22,11,21,12,23"
23.814878225326538,350,"CSI,1380,128,101,81,22,0,-22,1,-21,1,-22,2,-22,2,-21,2,-21,3,-20,2,-20,3,-20,3,-20,3,-19,3,-19,4,-19,4,-19,4,-19,4,-19,3,-18,3,-17,2,-17,2,-16,2,-16,2,-15,2,-15,1,-14,1,-14,0,-4,0,0,0,0,0,0,0,0,0,0,0,0,0,0,0,0,0,0,0,-5,0,-17,3,-18,3,-19,2,-20,2,-20,2,-21,2,-21,1,-22,1,-23,1,-23,0,-24,0,-23,-1,-23,-1,-23,-1,-23,-1,-23,-1,-23,-1,-23,-1,-23,0,-23,0,-23,0,-23,0,-22,0,-23,0,-24,1,-24,1"
23.844581127166748,351,"CSI,1226,128,83,49,21,0,16,3,15,3,14,5,14,7,13,9,11,9,9,4,6,-1,3,0,2,0,1,-1,2,-1,1,-4,1,-7,2,-10,2,-10,-1,-9,-2,-8,-1,-8,0,-9,0,-9,0,-6,0,-5,-1,-7,0,-8,0,-2,0,0,0,0,0,0,0,0,0,0,0,0,0,0,0,0,0,0,-2,-2,-5,-6,-5,-7,-5,-7,-4,-7,-4,-8,-2,-8,-2,-7,-7,-6,-8,-4,-6,-2,-5,1,-6,5,-6,7,-6,6,-7,6,-8,6,-6,6,-6,7,-8,6,-9,7,-9,7,-7,5,-6,2,-3,-1,2,-3,7,-4"
23.877991199493408,352,"CSI,1381,128,101,81,22,0,20,8,20,7,20,7,20,6,20,5,20,5,20,5,20,5,20,4,20,4,19,4,19,3,19,3,20,3,20,3,19,3,18,3,17,4,17,4,16,3,16,2,15,3,15,3,14,3,13,4,3,1,0,0,0,0,0,0,0,0,0,0,0,0,0,0,0,0,0,0,4,1,19,5,20,6,20,7,21,7,21,8,22,9,22,10,22,10,23,10,23,11,22,11,22,12,22,12,22,12,21,12,22,12,21,12,21,11,21,10,22,9,22,9,21,9,21,9,21,9,22,9,22,9"
23.908726930618286,353,"CSI,589,128,83,49,21,0,-1,-2,-3,-3,-5,-6,-8,-7,-10,-8,-10,-13,-12,-16,-18,-19,-19,-17,-15,-13,-12,-12,-10,-10,-9,-9,-10,-6,-8,-5,-6,-5,-7,-3,-6,0,-5,3,-6,3,-7,1,-7,1,-4,3,-2,4,1,3,0,0,0,0,0,0,0,0,0,0,0,0,0,0,0,0,0,0,0,0,0,2,2,9,1,11,0,13,-1,12,-1,10,-3,7,-6,6,-6,4,-3,3,0,2,3,-1,4,-5,5,-6,8,-6,12,-6,13,-5,15,-6,19,-6,21,-3,20,-4,21,-5,24,-4,24,-4,21,-3,18,-2,16,-4"
23.989024877548218,354,"CSI,593,128,83,49,21,0,-12,0,-8,2,-1,5,3,8,1,13,2,14,4,15,2,18,1,19,3,18,5,17,4,16,3,15,3,14,3,13,1,12,1,9,3,6,3,3,1,0,1,-1,2,-2,3,-3,3,-5,3,-6,0,-2,0,0,0,0,0,0,0,0,0,0,0,0,0,0,0,0,0,0,-1,-3,-2,-10,-1,-8,-1,-7,1,-9,3,-11,2,-10,2,-8,3,-5,2,-3,0,-5,-3,-3,-7,-2,-10,-2,-9,-2,-10,-2,-13,-2,-16,-3,-21,-4,-23,-6,-23,-5,-25,-5,-26,-6,-25,-6,-27,-7,-27,-6,-24,-6"
24.01977300643921,355,"CSI,1382,128,101,81,22,0,17,16,17,16,18,15,18,15,17,14,18,13,18,13,19,13,19,13,19,13,18,13,18,12,18,12,19,11,18,11,18,12,17,12,17,12,16,12,15,11,14,10,14,10,13,10,13,10,12,10,3,2,0,0,0,0,0,0,0,0,0,0,0,0,0,0,0,0,0,0,3,2,15,10,15,10,15,11,15,12,16,12,16,14,16,15,17,16,17,16,16,17,16,17,16,18,16,19,16,18,16,18,16,18,16,18,16,18,16,17,16,16,17,17,17,17,17,17,17,17,18,17,19,17"
24.088820934295654,356,"CSI,598,128,83,49,21,0,-7,3,-2,6,4,8,6,11,7,15,7,17,6,19,9,23,11,23,9,19,9,16,8,12,7,10,6,10,4,10,3,8,4,3,5,0,6,-1,6,-1,5,-1,2,-2,1,-5,3,-6,3,-5,0,-1,0,0,0,0,0,0,0,0,0,0,0,0,0,0,0,0,0,0,-1,-2,-3,-8,-4,-8,-4,-9,-3,-11,-1,-10,1,-9,2,-8,0,-7,-3,-5,-2,-3,-2,-1,-3,0,-6,0,-8,2,-12,5,-16,7,-17,7,-19,7,-24,7,-26,5,-23,1,-22,0,-25,0,-24,-2,-21,-2,-18,2"
24.12755799293518,357,"CSI,1383,128,101,81,22,0,-15,16,-15,16,-15,15,-14,15,-14,16,-13,16,-13,16,-13,16,-12,16,-12,16,-12,17,-12,17,-12,17,-12,16,-13,16,-13,16,-12,16,-12,15,-12,14,-13,14,-12,13,-12,13,-12,12,-12,11,-12,11,-3,2,0,0,0,0,0,0,0,0,0,0,0,0,0,0,0,0,0,0,-3,3,-13,14,-13,15,-14,15,-15,15,-15,15,-15,16,-16,16,-17,16,-18,16,-19,16,-19,16,-18,15,-18,15,-18,15,-18,15,-18,15,-17,15,-17,15,-17,15,-17,15,-17,15,-16,15,-15,15,-15,15,-16,15,-16,15"
24.160138845443726,358,"CSI,3744,128,-117,-78,40,0,-9,21,-8,21,-8,21,-8,21,-8,21,-7,21,-6,21,-6,21,-6,22,-6,22,-5,22,-5,22,-5,21,-6,21,-6,21,-7,21,-6,21,-6,20,-7,19,-7,18,-7,18,-7,17,-8,17,-8,16,-8,15,-2,3,0,0,0,0,0,0,0,0,0,0,0,0,0,0,0,0,0,0,-2,5,-5,19,-5,20,-6,20,-7,21,-7,21,-7,22,-8,23,-8,23,-10,23,-11,23,-11,23,-11,23,-11,22,-11,22,-11,22,-11,21,-11,22,-11,21,-11,21,-11,21,-10,21,-9,21,-9,21,-9,21,-10,22,-10,22"
24.192728996276855,359,"CSI,601,128,83,49,21,0,-7,3,-4,7,-3,11,-1,12,1,13,2,15,1,14,1,11,0,13,-3,15,-6,17,-8,16,-6,15,-1,12,0,10,-1,9,0,6,1,3,1,2,0,4,1,3,3,2,5,1,5,0,4,-1,1,-1,0,0,0,0,0,0,0,0,0,0,0,0,0,0,0,0,0,0,-2,-2,-5,-8,-5,-10,-6,-9,-5,-8,-4,-6,-4,-6,-4,-5,-4,-3,-5,-2,-6,-1,-7,0,-9,2,-10,3,-11,4,-11,6,-14,6,-16,5,-18,4,-20,4,-20,2,-21,1,-23,2,-23,2,-21,0,-20,-1,-18,-1"
24.224052906036377,360,"CSI,1384,128,101,81,22,0,21,-1,21,-1,21,-2,21,-2,21,-3,20,-3,20,-3,20,-3,20,-3,19,-4,19,-4,18,-4,19,-4,19,-4,19,-4,19,-3,18,-2,17,-2,17,-2,16,-2,16,-2,15,-1,15,-1,14,-1,13,0,3,0,0,0,0,0,0,0,0,0,0,0,0,0,0,0,0,0,0,0,4,-1,18,-3,18,-3,18,-2,19,-2,20,-2,21,-1,21,-1,22,0,23,0,23,0,23,1,23,2,23,2,23,2,23,2,23,2,23,2,23,1,23,1,23,0,23,-1,22,0,22,0,22,0,23,-1,24,-1"
24.293832063674927,361,"CSI,606,128,83,49,21,0,-7,-5,-1,-1,3,0,5,3,6,6,8,7,9,11,11,17,18,18,22,15,19,12,13,11,10,12,8,12,7,12,6,10,4,7,3,5,2,1,3,-2,2,-4,0,-5,-4,-4,-6,-6,-5,-6,-2,-2,0,0,0,0,0,0,0,0,0,0,0,0,0,0,0,0,0,0,1,0,5,1,7,2,7,2,4,3,3,5,2,5,1,4,3,5,2,5,0,5,-2,4,-4,3,-6,0,-9,-3,-11,-7,-11,-10,-13,-9,-13,-8,-13,-8,-17,-8,-18,-13,-19,-19,-19,-20,-18,-17,-18,-14,-19,-12"
24.339601039886475,362,"CSI,1385,128,101,81,22,0,-11,-21,-11,-21,-12,-20,-12,-19,-11,-18,-12,-18,-13,-18,-13,-18,-13,-18,-13,-18,-13,-18,-12,-17,-12,-17,-12,-16,-12,-16,-11,-16,-11,-16,-10,-16,-10,-15,-9,-14,-9,-13,-8,-13,-7,-13,-7,-12,-6,-12,-2,-3,0,0,0,0,0,0,0,0,0,0,0,0,0,0,0,0,0,0,-3,-4,-12,-15,-12,-16,-12,-17,-12,-18,-12,-19,-12,-20,-13,-21,-12,-22,-12,-22,-11,-23,-11,-23,-10,-24,-10,-24,-10,-24,-10,-24,-10,-24,-10,-24,-10,-23,-10,-23,-11,-22,-11,-22,-12,-22,-12,-22,-11,-22,-12,-22,-13,-22"
24.397645950317383,363,"CSI,609,128,83,49,21,0,7,-2,2,1,-4,3,-9,5,-12,9,-14,10,-13,10,-11,14,-12,19,-15,18,-16,17,-15,20,-11,20,-9,17,-7,15,-7,13,-6,10,-3,7,0,3,1,1,1,-2,1,-6,2,-6,2,-6,3,-9,1,-3,0,0,0,0,0,0,0,0,0,0,0,0,0,0,0,0,0,0,-2,-1,-8,-2,-10,-3,-10,-3,-9,-5,-9,-6,-6,-5,-4,-6,-4,-7,-3,-7,-2,-8,-1,-9,2,-8,5,-7,9,-9,13,-10,13,-8,13,-6,16,-5,19,-5,19,-5,20,-5,21,-6,21,-6,23,-7,23,-8,20,-9"
24.447259187698364,364,"CSI,1386,128,101,81,22,0,-12,15,-11,15,-11,15,-11,15,-11,15,-10,15,-9,16,-9,16,-9,16,-9,16,-9,15,-9,16,-9,15,-9,15,-10,15,-10,14,-9,14,-9,13,-9,12,-9,12,-9,11,-9,10,-9,10,-9,9,-8,8,-2,2,0,0,0,0,0,0,0,0,0,0,0,0,0,0,0,0,0,0,-2,2,-6,10,-7,11,-7,11,-8,12,-8,12,-9,13,-9,13,-10,14,-11,14,-11,14,-12,14,-12,14,-12,14,-12,14,-12,14,-12,14,-12,14,-12,14,-12,15,-12,15,-12,15,-11,15,-11,15,-12,15,-12,16,-12,16"
24.4980890750885,365,"CSI,614,128,83,49,21,0,4,4,0,2,-3,1,-7,-2,-8,-8,-9,-11,-11,-10,-12,-9,-13,-11,-16,-12,-17,-11,-15,-10,-14,-9,-13,-6,-11,-2,-9,0,-8,0,-6,-1,-2,-1,2,-1,4,0,4,1,5,0,6,0,6,0,1,0,0,0,0,0,0,0,0,0,0,0,0,0,0,0,0,0,0,0,-1,-3,-3,-9,-3,-6,-2,-4,0,-4,1,-5,0,-6,1,-4,2,-1,1,0,2,1,1,1,2,4,5,8,6,11,6,10,9,12,9,14,8,16,8,17,8,19,6,20,7,17,10,14,10,14,9,14,8,11"
24.56072497367859,366,"CSI,1387,128,101,81,22,0,-11,-10,-11,-10,-11,-10,-11,-9,-11,-9,-11,-9,-11,-9,-11,-9,-11,-8,-11,-8,-11,-8,-11,-8,-11,-7,-11,-7,-11,-7,-11,-7,-11,-7,-10,-8,-10,-7,-9,-7,-9,-6,-8,-6,-8,-6,-8,-6,-8,-6,-2,-2,0,0,0,0,0,0,0,0,0,0,0,0,0,0,0,0,0,0,-2,-2,-7,-6,-8,-6,-8,-7,-8,-7,-8,-8,-9,-8,-9,-9,-9,-9,-9,-10,-9,-10,-9,-10,-9,-11,-9,-11,-9,-11,-9,-11,-9,-11,-10,-11,-10,-11,-10,-10,-10,-10,-10,-10,-10,-10,-11,-10,-11,-10,-11,-10,-10,-10"
24.600603103637695,367,"CSI,618,128,83,49,21,0,2,5,-3,3,-6,1,-8,1,-9,4,-11,6,-15,9,-17,15,-16,17,-14,15,-11,12,-8,10,-8,9,-7,8,-5,10,-3,8,-2,5,-2,3,-3,2,-2,0,-1,-2,-2,-3,-3,-4,-5,-4,-6,-6,-2,-2,0,0,0,0,0,0,0,0,0,0,0,0,0,0,0,0,0,0,0,-2,1,-8,2,-8,3,-7,4,-5,4,-3,3,-3,3,-2,5,0,7,1,8,1,8,2,8,4,8,7,8,9,9,11,12,11,13,8,13,7,14,9,15,11,16,12,16,11,14,9,14,9,10,9,4,8"
24.672545909881592,368,"CSI,1388,128,101,81,22,0,-4,-13,-4,-13,-4,-13,-3,-12,-3,-12,-4,-12,-4,-12,-4,-12,-4,-12,-5,-12,-5,-12,-5,-12,-5,-12,-5,-11,-4,-11,-4,-11,-4,-11,-4,-11,-3,-10,-3,-9,-3,-9,-3,-9,-3,-8,-2,-8,-2,-8,-1,-2,0,0,0,0,0,0,0,0,0,0,0,0,0,0,0,0,0,0,-1,-2,-3,-8,-3,-8,-3,-9,-3,-9,-3,-9,-3,-10,-3,-11,-3,-11,-3,-11,-3,-11,-3,-12,-3,-12,-3,-13,-2,-13,-2,-13,-3,-13,-3,-13,-3,-13,-2,-13,-2,-13,-3,-13,-3,-13,-3,-13,-3,-13,-3,-13,-3,-13"
24.703663110733032,369,"CSI,622,128,83,49,21,0,5,16,3,13,-2,11,-4,10,-4,7,-4,6,-5,9,-8,13,-9,11,-7,10,-7,10,-6,9,-5,9,-6,11,-5,11,-3,8,-1,5,0,5,1,4,0,2,-2,2,-3,2,-2,1,-2,-1,-3,-1,-1,-1,0,0,0,0,0,0,0,0,0,0,0,0,0,0,0,0,0,0,1,-1,6,-1,4,0,2,2,3,6,3,8,2,8,2,8,5,8,6,8,6,8,6,10,6,11,4,11,2,11,3,10,3,11,0,10,-2,10,-2,12,-2,15,-2,19,-1,21,-1,20,-2,22,-1,24,4,23"
24.78661799430847,370,"CSI,1389,128,101,81,22,0,-19,-3,-19,-3,-19,-2,-19,-2,-18,-1,-18,-1,-18,-1,-18,-2,-18,-1,-18,-1,-17,-1,-17,-1,-17,-1,-17,0,-17,-1,-16,-1,-16,-2,-15,-2,-15,-2,-14,-2,-13,-2,-13,-2,-12,-2,-12,-2,-12,-3,-3,-1,0,0,0,0,0,0,0,0,0,0,0,0,0,0,0,0,0,0,-4,-1,-14,-1,-14,-1,-14,-2,-15,-2,-16,-2,-16,-3,-17,-3,-17,-3,-18,-4,-18,-4,-18,-4,-18,-5,-18,-5,-18,-5,-19,-5,-19,-5,-19,-5,-19,-4,-19,-4,-19,-3,-19,-3,-19,-3,-19,-4,-19,-3,-20,-3,-21,-3"
24.830153226852417,371,"CSI,2295,128,77,-47,20,0,-5,-3,-4,-5,-6,-7,-7,-9,-4,-10,-2,-11,0,-10,3,-6,3,-8,-2,-13,-6,-13,-6,-13,-4,-12,-5,-10,-7,-9,-6,-7,-6,-6,-3,-5,0,-3,1,0,1,0,3,-2,6,-4,6,-4,5,-2,1,-1,0,0,0,0,0,0,0,0,0,0,0,0,0,0,0,0,0,0,-2,1,-5,6,-4,6,-4,4,-4,2,-3,2,-2,2,-1,1,-3,0,-7,0,-8,0,-7,-1,-7,-2,-8,-2,-9,-1,-10,-1,-11,-1,-11,-2,-11,-2,-14,-4,-17,-5,-19,-5,-17,-5,-14,-3,-15,0,-16,1,-15,2"
24.895881175994873,372,"CSI,1390,128,101,81,22,0,16,15,16,15,17,15,17,14,17,13,16,13,17,13,17,13,17,13,17,13,17,13,17,13,17,13,17,12,17,12,16,13,15,13,14,13,13,13,13,12,12,11,12,11,11,11,10,11,9,11,2,2,0,0,0,0,0,0,0,0,0,0,0,0,0,0,0,0,0,0,3,1,12,7,13,7,13,8,13,9,14,10,14,11,15,12,15,13,15,13,15,13,15,14,15,15,15,16,15,16,15,15,15,15,15,16,15,15,15,15,15,15,16,15,16,15,16,15,16,15,17,15,18,15"
25.015483140945435,373,"CSI,1391,128,101,81,22,0,-20,-19,-20,-19,-20,-19,-21,-18,-21,-17,-21,-17,-21,-17,-22,-17,-22,-17,-22,-17,-22,-17,-22,-17,-22,-16,-22,-16,-22,-16,-21,-16,-20,-17,-20,-17,-19,-16,-18,-15,-18,-15,-17,-14,-16,-14,-15,-14,-15,-14,-4,-4,0,0,0,0,0,0,0,0,0,0,0,0,0,0,0,0,0,0,-4,-2,-14,-7,-14,-8,-14,-9,-15,-9,-16,-10,-16,-11,-17,-13,-17,-14,-17,-14,-17,-15,-17,-16,-17,-17,-17,-18,-17,-18,-17,-18,-18,-19,-18,-19,-18,-19,-18,-18,-18,-18,-19,-18,-19,-19,-20,-19,-20,-19,-20,-19,-21,-19"
25.11522388458252,374,"CSI,637,128,83,49,21,0,-3,-5,-4,-5,-6,-7,-9,-10,-11,-12,-12,-12,-14,-14,-17,-15,-15,-13,-11,-11,-10,-11,-10,-12,-9,-11,-8,-10,-7,-8,-4,-6,-3,-4,-2,1,-1,4,-1,4,0,4,1,5,1,6,1,6,0,7,0,2,0,0,0,0,0,0,0,0,0,0,0,0,0,0,0,0,0,0,-2,1,-5,7,-6,7,-6,6,-6,5,-5,4,-5,2,-4,1,-2,-2,-1,-2,0,0,3,-1,8,-4,11,-6,11,-5,13,-3,13,-1,11,0,14,2,17,5,18,6,18,5,17,2,17,2,17,3,12,0,7,-4"
25.150366067886353,375,"CSI,1392,128,101,81,22,0,19,-13,19,-13,19,-13,19,-13,19,-14,19,-14,18,-14,18,-14,18,-14,18,-14,17,-15,17,-14,18,-14,18,-14,19,-14,18,-13,18,-13,17,-12,17,-11,17,-11,17,-10,16,-9,16,-8,16,-8,15,-7,3,-2,0,0,0,0,0,0,0,0,0,0,0,0,0,0,0,0,0,0,2,-3,12,-10,12,-10,12,-10,14,-11,14,-11,15,-11,15,-11,16,-11,17,-11,18,-11,18,-11,18,-10,18,-10,19,-10,19,-11,19,-11,19,-11,19,-11,19,-11,20,-12,19,-12,19,-12,19,-12,19,-12,20,-12,21,-13"
25.206879138946533,376,"CSI,3750,128,-117,-78,40,0,-16,-17,-17,-17,-17,-17,-17,-16,-17,-16,-17,-15,-18,-16,-18,-16,-18,-15,-18,-15,-18,-15,-18,-15,-18,-15,-18,-15,-18,-15,-17,-15,-17,-16,-16,-16,-15,-15,-14,-14,-14,-13,-13,-13,-13,-13,-12,-13,-11,-13,-3,-4,0,0,0,0,0,0,0,0,0,0,0,0,0,0,0,0,0,0,-3,-2,-13,-9,-13,-9,-13,-10,-13,-11,-14,-11,-14,-13,-14,-14,-15,-14,-15,-14,-14,-15,-14,-16,-14,-17,-14,-17,-14,-17,-15,-17,-15,-17,-15,-17,-15,-17,-15,-17,-15,-16,-16,-16,-16,-17,-16,-17,-17,-17,-17,-17,-18,-17"
25.24130392074585,377,"CSI,1393,128,101,81,22,0,14,-18,13,-19,14,-18,14,-18,14,-18,13,-18,12,-19,11,-19,11,-19,11,-19,10,-19,10,-19,10,-19,10,-18,11,-18,11,-18,11,-17,10,-16,10,-16,10,-15,10,-14,9,-14,9,-13,9,-12,9,-12,2,-3,0,0,0,0,0,0,0,0,0,0,0,0,0,0,0,0,0,0,2,-4,9,-15,9,-15,10,-16,11,-16,12,-17,12,-17,13,-17,14,-18,15,-18,16,-18,16,-18,16,-18,16,-18,16,-18,16,-17,16,-17,16,-17,16,-17,16,-17,16,-18,16,-18,15,-18,14,-18,15,-18,15,-18,16,-19"
25.3200900554657,378,"CSI,645,128,83,49,21,0,-4,-2,-7,0,-11,2,-17,2,-20,2,-22,0,-22,-4,-18,-7,-18,-5,-22,-1,-20,1,-17,3,-13,5,-9,6,-6,7,-4,7,-2,7,-1,7,-1,4,0,3,1,3,3,2,4,1,4,1,6,1,2,0,0,0,0,0,0,0,0,0,0,0,0,0,0,0,0,0,0,0,-3,2,-8,8,-7,8,-7,7,-7,6,-7,6,-7,5,-7,4,-5,3,-2,2,0,-1,2,-2,5,-4,8,-8,11,-10,13,-9,15,-9,17,-10,18,-11,21,-10,23,-9,22,-10,21,-10,18,-7,16,-5,14,-5,14,-7"
25.350666284561157,379,"CSI,1394,128,101,81,22,0,-4,25,-4,25,-4,25,-4,24,-4,24,-3,24,-2,24,-1,25,-1,25,-1,25,-1,25,-1,25,-1,25,-1,24,-2,24,-2,24,-2,23,-2,23,-2,22,-3,20,-3,19,-3,19,-4,18,-4,17,-4,17,-1,4,0,0,0,0,0,0,0,0,0,0,0,0,0,0,0,0,0,0,-1,3,-1,15,-2,15,-2,16,-3,17,-3,18,-3,19,-3,20,-4,21,-5,21,-6,21,-6,22,-6,22,-6,23,-7,23,-7,23,-7,23,-6,23,-6,23,-6,23,-6,23,-6,23,-5,24,-4,24,-5,24,-6,24,-6,25"
25.421167135238647,380,"CSI,649,128,83,49,21,0,-9,-4,-8,2,-7,8,-10,13,-13,16,-13,16,-16,15,-19,12,-18,14,-17,18,-14,17,-11,14,-9,15,-8,16,-6,14,-5,9,-1,6,3,5,4,4,4,2,4,0,6,-2,8,-3,8,-3,8,-3,2,-1,0,0,0,0,0,0,0,0,0,0,0,0,0,0,0,0,0,0,2,0,9,1,9,3,10,5,10,6,9,7,8,7,4,7,3,7,1,3,-1,-1,-2,-3,-3,-5,-5,-8,-7,-13,-8,-18,-7,-22,-5,-23,-4,-23,-3,-24,-1,-26,-1,-28,-2,-26,-2,-24,-4,-27,-4,-24,-4,-18"
25.46021294593811,381,"CSI,1395,128,101,81,22,0,18,-8,18,-9,18,-9,18,-9,18,-10,18,-10,17,-10,17,-10,17,-10,17,-10,16,-10,16,-10,16,-10,17,-10,17,-10,17,-10,16,-9,16,-8,15,-8,15,-8,14,-7,14,-7,14,-6,13,-6,13,-5,3,-2,0,0,0,0,0,0,0,0,0,0,0,0,0,0,0,0,0,0,3,-2,12,-8,12,-8,13,-8,14,-8,14,-8,15,-8,15,-8,16,-8,17,-8,18,-7,18,-7,18,-7,18,-7,19,-7,19,-7,19,-7,19,-7,19,-7,19,-8,19,-8,19,-8,19,-8,18,-8,19,-8,20,-9,20,-10"
25.486850023269653,382,"CSI,1288,128,83,49,21,0,-18,8,-21,9,-21,8,-20,6,-18,7,-16,7,-13,1,-9,-4,-8,-4,-9,-2,-6,0,-3,3,1,4,2,5,3,6,6,7,6,7,3,6,2,4,2,4,2,2,3,0,4,1,2,1,0,1,-1,0,0,0,0,0,0,0,0,0,0,0,0,0,0,0,0,0,0,0,1,1,6,7,6,6,5,6,4,6,4,5,3,4,2,4,1,3,1,-1,1,-6,3,-9,4,-13,1,-16,0,-17,3,-18,6,-18,7,-17,6,-15,4,-14,1,-14,-2,-13,-3,-9,-3,-5,-4,-1,-5,2,-9,4"
25.524430990219116,383,"CSI,653,128,83,49,21,0,-15,3,-13,5,-9,8,-7,13,-8,17,-8,16,-13,15,-20,17,-20,19,-15,19,-12,16,-12,15,-13,14,-15,13,-14,10,-10,9,-6,8,-3,6,0,6,1,8,1,8,1,6,2,6,2,6,2,7,0,1,0,0,0,0,0,0,0,0,0,0,0,0,0,0,0,0,0,0,-2,-1,-7,-3,-7,-4,-9,-6,-11,-7,-10,-6,-8,-7,-7,-7,-6,-6,-6,-5,-7,-4,-8,-3,-9,0,-11,0,-16,0,-19,2,-22,2,-23,2,-23,1,-26,1,-28,2,-28,2,-28,-2,-29,-5,-30,-5,-27,-4,-22,-6"
25.574317932128906,384,"CSI,1396,128,101,81,22,0,18,-14,18,-14,18,-13,19,-14,18,-14,17,-15,17,-15,16,-15,16,-15,15,-16,15,-16,15,-16,15,-16,16,-15,16,-15,16,-15,15,-14,15,-14,14,-13,14,-12,14,-12,13,-12,13,-11,13,-10,12,-9,3,-3,0,0,0,0,0,0,0,0,0,0,0,0,0,0,0,0,0,0,3,-3,13,-11,14,-11,14,-11,15,-12,16,-12,17,-12,17,-12,18,-12,20,-12,21,-11,21,-11,20,-11,20,-10,21,-10,21,-10,21,-10,20,-10,20,-11,20,-11,21,-12,20,-12,19,-12,19,-12,19,-12,20,-12,21,-12"
25.625417232513428,385,"CSI,657,128,83,49,21,0,-15,3,-12,7,-7,7,-5,7,-3,10,0,16,4,21,10,22,8,22,3,21,1,22,1,21,1,20,3,18,3,16,3,14,2,12,3,9,5,6,5,4,3,2,3,0,3,-2,3,-3,3,-3,0,-1,0,0,0,0,0,0,0,0,0,0,0,0,0,0,0,0,0,0,-1,-2,-2,-8,0,-10,-1,-11,-3,-12,-1,-12,2,-13,4,-13,2,-13,0,-12,2,-10,1,-4,-3,-1,-6,1,-10,2,-13,1,-17,2,-20,1,-23,0,-28,1,-30,0,-29,-4,-28,-6,-28,-7,-25,-7,-24,-6,-22,-7"
25.686612844467163,386,"CSI,1397,128,101,81,22,0,15,-10,15,-10,15,-11,15,-11,15,-11,14,-11,13,-11,13,-12,13,-12,12,-12,12,-12,12,-12,12,-11,12,-11,12,-11,12,-11,12,-10,11,-10,11,-9,11,-9,11,-9,10,-8,10,-7,10,-7,9,-6,2,-2,0,0,0,0,0,0,0,0,0,0,0,0,0,0,0,0,0,0,2,-3,10,-11,11,-11,11,-11,12,-11,13,-11,13,-11,14,-11,15,-11,16,-11,17,-11,17,-11,17,-10,17,-10,17,-10,17,-10,17,-10,17,-10,16,-10,17,-10,17,-11,17,-11,16,-11,16,-11,16,-10,17,-10,17,-11"
25.727195978164673,387,"CSI,661,128,83,49,21,0,1,11,5,7,7,5,9,0,13,-4,16,-6,19,-10,23,-14,21,-14,19,-12,19,-9,18,-4,19,-3,20,-4,19,-3,16,-4,11,-5,7,-5,4,-6,1,-3,-1,-2,-2,-4,-4,-5,-6,-6,-7,-6,-2,-2,0,0,0,0,0,0,0,0,0,0,0,0,0,0,0,0,0,0,-2,1,-7,4,-9,4,-10,3,-10,4,-13,3,-15,3,-11,3,-9,1,-9,1,-7,-1,-5,0,-2,3,3,4,6,7,7,12,8,17,7,19,6,21,7,26,6,29,4,30,0,29,-1,27,0,29,2,30,2,25"
25.757828950881958,388,"CSI,2296,128,77,-47,20,0,-12,6,-7,7,-2,6,0,9,2,12,4,13,4,17,1,22,3,25,7,24,8,19,9,18,9,18,7,17,6,14,5,12,4,9,3,7,3,6,5,3,6,1,4,-1,2,-5,3,-8,4,-9,1,-3,0,0,0,0,0,0,0,0,0,0,0,0,0,0,0,0,0,0,-2,-3,-4,-12,-4,-13,-4,-14,-4,-14,-3,-14,-1,-14,-2,-14,-2,-11,0,-9,2,-8,1,-4,-3,1,-8,4,-11,5,-14,4,-20,3,-24,3,-26,4,-27,6,-30,7,-35,4,-36,1,-32,0,-30,3,-29,4,-27,2"
25.794846057891846,389,"CSI,1398,128,101,81,22,0,17,-2,17,-2,17,-3,17,-3,17,-4,16,-4,16,-4,16,-4,16,-4,15,-4,15,-4,15,-5,15,-5,15,-5,15,-5,15,-5,14,-4,13,-3,13,-3,13,-3,12,-3,12,-3,11,-3,11,-2,10,-2,2,-1,0,0,0,0,0,0,0,0,0,0,0,0,0,0,0,0,0,0,4,-2,17,-5,17,-5,18,-4,18,-4,19,-4,19,-3,20,-2,21,-2,21,-2,22,-1,21,-1,21,0,21,1,21,1,21,0,20,0,20,0,20,0,20,0,20,-1,20,-1,19,-1,19,-1,19,-1,19,-2,20,-2"
25.83117413520813,390,"CSI,666,128,83,49,21,0,4,7,4,2,6,-3,10,-9,13,-13,12,-14,11,-13,11,-13,14,-14,16,-16,16,-18,16,-15,13,-12,11,-11,9,-11,9,-11,6,-10,2,-9,-2,-9,-3,-8,-4,-6,-6,-5,-7,-3,-9,-3,-10,-3,-3,-1,0,0,0,0,0,0,0,0,0,0,0,0,0,0,0,0,0,0,-3,2,-10,7,-12,5,-13,2,-14,2,-12,2,-11,3,-12,2,-12,-1,-12,-3,-10,0,-6,3,0,5,2,9,3,15,8,17,11,19,12,24,12,29,9,31,8,31,5,32,3,34,4,32,4,29,3,28,4,26"
25.910889148712158,391,"CSI,1399,128,101,81,22,0,-12,22,-11,22,-11,21,-11,21,-11,22,-10,22,-9,21,-8,21,-8,21,-8,21,-7,21,-7,21,-7,21,-7,20,-8,20,-8,20,-7,19,-7,18,-7,18,-7,17,-7,16,-7,15,-8,14,-8,13,-7,13,-2,3,0,0,0,0,0,0,0,0,0,0,0,0,0,0,0,0,0,0,-2,4,-6,19,-6,19,-7,20,-9,21,-9,21,-10,22,-10,23,-11,23,-12,23,-14,23,-14,23,-14,23,-15,23,-15,23,-15,22,-15,22,-15,22,-14,22,-15,22,-14,22,-14,22,-13,22,-12,22,-13,22,-13,22,-13,23"
26.02959394454956,392,"CSI,1400,128,101,81,22,0,-13,-22,-13,-21,-14,-21,-14,-20,-14,-19,-14,-19,-14,-19,-15,-19,-15,-18,-15,-18,-15,-18,-15,-17,-15,-17,-15,-16,-15,-16,-14,-17,-14,-17,-13,-17,-12,-16,-12,-15,-11,-14,-11,-13,-10,-13,-9,-13,-9,-13,-3,-4,0,0,0,0,0,0,0,0,0,0,0,0,0,0,0,0,0,0,-4,-4,-15,-15,-15,-16,-15,-18,-15,-19,-15,-20,-16,-21,-16,-23,-15,-23,-15,-24,-14,-24,-14,-25,-13,-26,-13,-26,-13,-26,-12,-26,-13,-26,-13,-26,-13,-25,-12,-24,-13,-24,-13,-23,-13,-24,-14,-24,-13,-24,-14,-23,-15,-24"
26.062432050704956,393,"CSI,674,128,83,49,21,0,-2,12,3,10,6,11,8,12,11,11,14,11,18,13,23,16,22,17,19,14,16,15,13,16,10,14,7,12,6,11,8,10,9,5,7,0,5,0,4,-1,2,-3,0,-4,1,-6,2,-7,0,-8,-1,-2,0,0,0,0,0,0,0,0,0,0,0,0,0,0,0,0,0,0,-4,-1,-15,-2,-14,-4,-14,-6,-14,-7,-12,-8,-11,-8,-11,-6,-9,-6,-8,-5,-7,-1,-5,3,-4,6,-6,9,-8,13,-12,19,-14,22,-15,24,-17,23,-19,21,-20,22,-22,22,-24,21,-22,17,-18,14,-16,14,-11,14"
26.128159999847412,394,"CSI,1401,128,101,81,22,0,6,12,6,12,6,12,6,11,7,11,7,10,7,10,7,11,7,10,7,10,7,10,7,10,7,10,7,10,7,9,7,9,6,9,6,9,6,9,5,8,5,8,5,8,5,7,4,7,4,7,1,1,0,0,0,0,0,0,0,0,0,0,0,0,0,0,0,0,0,0,1,2,6,8,6,8,6,9,6,9,6,10,6,11,6,11,6,12,6,12,6,12,5,13,5,13,5,13,5,13,5,13,5,13,5,13,5,13,5,13,6,12,6,12,6,12,6,13,6,13,6,12,6,12"
26.1560959815979,395,"CSI,678,128,83,49,21,0,0,10,2,6,3,2,8,1,15,2,18,6,22,5,25,2,23,4,21,9,18,11,17,9,18,8,18,9,14,8,12,4,10,3,8,2,5,-1,3,-3,2,-3,2,-4,3,-4,3,-5,3,-8,0,-3,0,0,0,0,0,0,0,0,0,0,0,0,0,0,0,0,0,0,-3,1,-10,5,-11,5,-10,4,-9,3,-7,4,-8,4,-7,3,-6,3,-6,3,-5,3,-3,5,0,9,2,11,3,10,3,11,4,14,5,17,4,21,0,24,-3,26,-3,26,-3,26,-4,27,-6,27,-5,27,-2,28"
26.21723198890686,396,"CSI,2297,128,77,-47,20,0,-6,-12,-10,-7,-10,-1,-11,1,-14,2,-16,5,-18,6,-16,1,-18,1,-22,4,-22,4,-23,4,-22,6,-20,4,-17,2,-13,1,-11,1,-11,1,-9,2,-7,4,-5,6,-4,5,-2,5,0,5,1,7,0,1,0,0,0,0,0,0,0,0,0,0,0,0,0,0,0,0,0,0,1,-4,4,-12,5,-10,7,-9,5,-8,2,-9,2,-7,4,-5,5,-6,6,-5,4,-4,0,-5,-4,-8,-6,-10,-5,-10,-6,-13,-10,-16,-12,-16,-10,-19,-10,-22,-8,-24,-5,-25,-5,-27,-4,-26,-4,-24,-2,-23,-1,-24"
26.250513076782227,397,"CSI,2298,128,77,-47,20,0,11,-9,8,-10,3,-10,-3,-11,-8,-14,-10,-17,-10,-16,-11,-12,-11,-14,-11,-17,-11,-16,-13,-15,-14,-15,-13,-15,-12,-15,-10,-13,-7,-9,-7,-6,-10,-6,-10,-5,-8,-3,-6,-2,-6,1,-6,2,-7,3,-2,0,0,0,0,0,0,0,0,0,0,0,0,0,0,0,0,0,0,0,1,0,6,2,8,4,9,6,7,6,4,5,2,6,2,7,3,6,4,5,3,4,2,0,5,-3,7,-2,6,-2,9,-5,14,-8,16,-10,17,-11,20,-10,23,-9,25,-6,25,-5,22,-4,20,-5,19,-6,19,-7"
26.292057991027832,398,"CSI,3756,128,-117,-78,40,0,-10,-16,-10,-16,-10,-16,-10,-15,-10,-15,-11,-14,-11,-14,-12,-14,-12,-14,-12,-14,-12,-14,-12,-13,-12,-13,-12,-13,-11,-12,-11,-13,-11,-13,-10,-13,-10,-12,-9,-12,-9,-11,-8,-11,-8,-10,-7,-10,-7,-10,-2,-3,0,0,0,0,0,0,0,0,0,0,0,0,0,0,0,0,0,0,-3,-3,-10,-12,-10,-13,-10,-14,-10,-15,-10,-15,-10,-16,-10,-17,-10,-18,-10,-18,-9,-18,-9,-19,-9,-19,-9,-20,-9,-20,-9,-19,-9,-19,-9,-19,-9,-19,-9,-18,-9,-18,-9,-17,-9,-18,-10,-18,-10,-17,-10,-17,-11,-18"
26.325515031814575,399,"CSI,1402,128,101,81,22,0,1,-24,0,-24,0,-24,0,-23,0,-23,0,-23,-2,-23,-2,-23,-3,-23,-3,-23,-3,-22,-3,-22,-3,-22,-3,-21,-2,-21,-2,-21,-2,-21,-2,-20,-2,-19,-1,-18,-1,-17,-1,-17,0,-16,0,-16,0,-15,0,-4,0,0,0,0,0,0,0,0,0,0,0,0,0,0,0,0,0,0,-1,-5,-3,-20,-2,-20,-2,-21,-1,-22,-1,-23,-1,-24,0,-25,1,-25,2,-25,2,-26,3,-26,3,-26,3,-26,4,-26,4,-26,3,-26,3,-26,3,-25,3,-25,3,-25,3,-25,2,-25,1,-25,1,-25,2,-25,1,-26"
26.356120109558105,400,"CSI,686,128,83,49,21,0,-10,5,-6,6,1,9,4,12,5,16,5,17,7,21,8,26,9,24,10,21,10,21,9,21,6,20,4,20,5,19,5,15,5,11,6,9,5,6,6,3,10,2,11,1,10,0,9,0,9,-2,2,-1,0,0,0,0,0,0,0,0,0,0,0,0,0,0,0,0,0,0,-2,-1,-7,-4,-10,-5,-12,-5,-11,-6,-9,-6,-7,-6,-6,-7,-5,-7,-4,-5,-3,-2,-4,1,-6,4,-7,6,-6,7,-8,8,-12,11,-15,13,-19,13,-23,13,-24,13,-26,14,-27,13,-25,12,-23,9,-20,5,-19,5"
26.392127990722656,401,"CSI,1403,128,101,81,22,0,-12,16,-11,16,-11,16,-11,16,-11,16,-11,16,-9,17,-9,17,-9,17,-9,17,-9,17,-9,17,-9,17,-9,16,-9,16,-9,16,-9,16,-8,15,-8,14,-9,14,-9,13,-8,12,-9,12,-9,11,-8,10,-2,2,0,0,0,0,0,0,0,0,0,0,0,0,0,0,0,0,0,0,-2,3,-6,12,-7,13,-8,13,-8,14,-9,14,-9,15,-10,15,-10,15,-12,16,-13,16,-13,15,-13,15,-13,15,-13,15,-13,15,-13,15,-13,15,-13,15,-13,15,-13,15,-13,16,-12,16,-12,16,-12,16,-13,16,-13,17"
26.422706127166748,402,"CSI,2299,128,75,-79,20,0,-9,9,-4,9,2,8,8,11,11,15,14,16,15,12,12,11,11,15,11,18,9,19,6,20,6,20,6,19,6,16,7,12,7,9,7,5,6,3,4,3,6,1,9,0,9,-1,10,-3,11,-6,3,-2,0,0,0,0,0,0,0,0,0,0,0,0,0,0,0,0,0,0,-2,-1,-8,-3,-9,-4,-9,-5,-8,-4,-8,-4,-9,-4,-10,-5,-8,-3,-4,-2,-1,-1,-2,1,-2,3,0,5,-2,9,-5,14,-7,18,-8,17,-9,17,-15,19,-19,17,-20,14,-23,14,-21,13,-18,11,-19,12,-21,15"
26.45603108406067,403,"CSI,2300,128,75,-79,20,0,1,-13,-1,-9,-5,-7,-10,-9,-16,-8,-18,-6,-20,-5,-24,-4,-25,-5,-23,-6,-24,-8,-25,-8,-23,-8,-19,-10,-16,-12,-14,-7,-11,-3,-9,-2,-8,0,-8,1,-8,3,-8,5,-6,6,-5,7,-5,7,-2,1,0,0,0,0,0,0,0,0,0,0,0,0,0,0,0,0,0,0,2,-1,8,-4,8,-3,9,-1,8,0,7,0,7,0,7,0,6,0,6,-1,5,-4,1,-5,-1,-5,-2,-7,-3,-9,-2,-12,1,-19,2,-24,4,-26,6,-27,7,-26,9,-26,10,-28,10,-26,10,-24,11,-22,11,-20"
26.486714124679565,404,"CSI,690,128,83,49,21,0,-13,9,-9,10,-3,10,4,9,11,8,15,11,18,17,21,18,18,16,15,18,14,20,12,21,11,21,10,18,8,16,5,13,4,10,6,9,7,7,6,4,5,1,7,-2,8,-5,6,-7,5,-8,1,-2,0,0,0,0,0,0,0,0,0,0,0,0,0,0,0,0,0,0,-2,-2,-7,-5,-9,-7,-9,-8,-8,-7,-8,-7,-8,-9,-9,-10,-7,-9,-5,-9,-5,-10,-6,-8,-5,-1,-3,4,-6,6,-10,9,-11,12,-12,13,-15,14,-21,15,-28,14,-32,13,-33,12,-30,14,-30,13,-28,10,-23,9"
26.519992113113403,405,"CSI,1404,128,101,81,22,0,-4,18,-3,18,-3,18,-3,18,-3,17,-3,17,-2,17,-1,18,-1,18,-1,18,-1,18,-1,18,-1,17,-1,17,-2,17,-2,17,-2,16,-2,16,-2,15,-3,14,-3,13,-3,13,-3,12,-3,12,-3,11,-1,2,0,0,0,0,0,0,0,0,0,0,0,0,0,0,0,0,0,0,0,3,0,14,-1,14,-1,15,-2,15,-2,16,-2,17,-2,17,-3,18,-4,18,-5,18,-5,18,-5,18,-5,18,-5,18,-5,18,-5,18,-5,18,-5,18,-5,17,-5,17,-4,18,-4,18,-3,18,-3,18,-4,18,-3,19"
26.553087949752808,406,"CSI,694,128,83,49,21,0,-15,-6,-12,-2,-10,3,-9,7,-10,10,-11,14,-13,16,-16,15,-18,16,-19,19,-18,19,-18,18,-17,19,-16,17,-14,15,-11,11,-8,7,-3,5,2,6,5,7,5,5,5,3,6,3,7,3,8,2,2,0,0,0,0,0,0,0,0,0,0,0,0,0,0,0,0,0,0,0,0,-2,3,-9,5,-11,6,-11,7,-10,8,-9,9,-9,8,-8,5,-9,6,-10,6,-9,4,-7,1,-3,-3,-3,-8,-6,-12,-8,-16,-9,-20,-12,-23,-15,-24,-19,-22,-22,-21,-22,-23,-22,-20,-21,-15,-20,-14,-21,-16,-21"
26.58969807624817,407,"CSI,1405,128,101,81,22,0,-21,9,-21,9,-21,9,-21,10,-21,11,-20,11,-19,11,-19,11,-19,11,-19,11,-18,12,-18,12,-18,12,-19,12,-19,12,-19,12,-18,11,-17,10,-17,10,-17,9,-17,9,-16,8,-16,8,-16,7,-15,6,-4,1,0,0,0,0,0,0,0,0,0,0,0,0,0,0,0,0,0,0,-4,1,-16,6,-16,6,-17,6,-18,6,-19,6,-19,6,-20,6,-21,6,-22,6,-22,6,-22,5,-22,5,-22,4,-22,4,-22,5,-22,5,-22,5,-22,6,-22,6,-23,7,-22,7,-21,7,-21,7,-22,7,-23,7,-23,7"
26.651013135910034,408,"CSI,698,128,83,49,21,0,4,-10,3,-10,1,-12,-3,-14,-7,-15,-7,-18,-8,-21,-12,-21,-10,-20,-5,-18,-4,-17,-5,-15,-3,-14,-1,-15,2,-15,1,-14,-1,-12,-2,-9,-2,-6,-4,-7,-5,-4,-5,-2,-5,-1,-6,-1,-7,0,-2,0,0,0,0,0,0,0,0,0,0,0,0,0,0,0,0,0,0,0,2,0,9,0,10,1,9,2,6,1,5,1,6,2,7,2,7,1,4,-1,2,-3,2,-5,4,-8,6,-8,7,-8,7,-10,9,-12,11,-13,11,-14,13,-14,17,-13,21,-13,22,-11,21,-10,18,-12,15,-11,13,-9"
26.698702096939087,409,"CSI,1406,128,101,81,22,0,-11,21,-10,21,-10,21,-10,21,-10,21,-10,21,-9,21,-8,21,-8,22,-8,22,-7,22,-7,22,-8,21,-8,21,-8,21,-9,21,-9,20,-8,19,-9,19,-9,18,-9,17,-9,16,-9,15,-9,15,-9,14,-3,3,0,0,0,0,0,0,0,0,0,0,0,0,0,0,0,0,0,0,-2,4,-5,16,-6,17,-6,17,-7,18,-8,18,-8,19,-9,20,-10,20,-11,20,-12,20,-12,20,-12,21,-12,21,-12,20,-12,20,-12,20,-12,20,-12,20,-12,20,-12,20,-12,21,-11,21,-11,21,-11,21,-12,21,-12,22"
26.754089832305908,410,"CSI,701,128,83,49,21,0,-8,-10,-10,-8,-12,-4,-15,-3,-17,-2,-20,-3,-23,1,-24,4,-23,1,-23,-2,-23,-2,-22,-3,-22,-1,-19,0,-15,-3,-14,-3,-13,2,-11,4,-10,4,-8,3,-4,5,-2,9,-4,9,-4,10,-1,12,0,3,0,0,0,0,0,0,0,0,0,0,0,0,0,0,0,0,0,0,1,-2,7,-7,9,-7,12,-5,12,-1,11,-1,10,-4,9,-5,9,-3,7,-3,6,-3,4,-5,1,-7,-3,-10,-6,-11,-6,-13,-6,-17,-6,-20,-3,-26,-1,-31,-1,-31,1,-29,4,-26,3,-23,1,-19,3,-18,5,-18"
26.804683923721313,411,"CSI,1407,128,101,81,22,0,16,9,16,9,16,8,17,8,16,7,17,7,17,7,17,7,17,7,17,7,17,7,17,7,17,7,17,6,17,6,17,7,16,8,16,8,15,7,15,7,14,7,14,7,13,7,12,7,12,8,2,2,0,0,0,0,0,0,0,0,0,0,0,0,0,0,0,0,0,0,2,0,10,3,10,4,11,4,11,4,12,5,12,6,13,6,13,7,14,7,14,8,13,8,14,9,14,10,14,9,14,9,14,9,14,10,14,9,15,9,15,8,15,8,15,9,16,9,16,9,16,9,17,9"
26.856266260147095,412,"CSI,706,128,83,49,21,0,-6,-10,-10,-7,-14,-6,-16,-7,-21,-8,-24,-9,-21,-9,-16,-11,-17,-13,-20,-14,-21,-12,-19,-10,-16,-10,-12,-10,-9,-8,-9,-4,-8,0,-6,3,-7,3,-7,4,-8,7,-10,10,-9,9,-8,8,-9,8,-3,1,0,0,0,0,0,0,0,0,0,0,0,0,0,0,0,0,0,0,3,-1,13,-1,10,-1,10,0,10,1,7,-1,5,-4,6,-4,6,-3,4,-4,2,-7,3,-9,5,-10,4,-10,1,-12,1,-16,3,-21,2,-22,3,-23,6,-25,8,-26,8,-26,7,-24,7,-20,6,-19,5,-17,7,-12"
26.921545267105103,413,"CSI,1408,128,101,81,22,0,-3,18,-3,18,-3,18,-3,18,-3,18,-2,18,-1,18,-1,18,-1,18,-1,18,0,18,-1,18,-1,18,-1,17,-1,17,-2,17,-2,17,-2,16,-2,16,-3,15,-3,14,-3,14,-3,13,-3,12,-3,12,-1,3,0,0,0,0,0,0,0,0,0,0,0,0,0,0,0,0,0,0,0,3,0,13,0,13,-1,14,-2,15,-2,15,-2,16,-2,17,-3,17,-3,17,-4,18,-4,18,-4,18,-4,18,-4,18,-4,18,-5,18,-5,18,-5,18,-5,18,-5,18,-4,18,-4,18,-3,19,-3,19,-3,19,-3,19"
26.955695152282715,414,"CSI,709,128,83,49,21,0,5,-3,6,-1,9,0,10,1,11,2,15,3,15,6,12,9,14,9,17,8,17,6,16,1,13,-1,9,2,6,2,5,1,4,1,0,-1,-3,-2,-5,-1,-6,2,-4,4,-5,7,-8,8,-6,8,-1,2,0,0,0,0,0,0,0,0,0,0,0,0,0,0,0,0,0,0,-1,0,-6,2,-9,3,-9,3,-8,2,-8,1,-8,0,-8,-2,-5,-4,-4,-6,-4,-7,-2,-9,0,-12,1,-11,2,-12,3,-16,4,-19,5,-18,5,-18,6,-19,4,-19,3,-19,3,-19,1,-17,1,-14,-2,-13,-5,-14"
27.01695203781128,415,"CSI,1349,128,83,49,21,0,-4,14,-5,16,-4,16,-3,16,-3,15,-3,12,-1,8,1,1,1,0,1,1,0,0,0,-2,1,-5,3,-8,4,-10,4,-10,2,-8,2,-9,0,-12,0,-10,1,-6,1,-5,1,-7,2,-8,1,-6,0,-1,0,0,0,0,0,0,0,0,0,0,0,0,0,0,0,0,0,0,-1,1,0,6,1,6,2,7,0,7,0,5,1,4,0,2,-2,1,-3,-1,-4,-4,-5,-8,-5,-10,-3,-12,-1,-13,0,-14,1,-14,-1,-10,-3,-8,-3,-10,-3,-11,-3,-10,-4,-7,-4,-5,-5,-2,-5,3,-6,4"
27.058660984039307,416,"CSI,1409,128,101,81,22,0,-19,-19,-19,-18,-20,-18,-20,-17,-20,-17,-20,-16,-21,-16,-21,-16,-21,-16,-21,-16,-22,-16,-22,-16,-22,-16,-22,-15,-21,-15,-21,-15,-20,-16,-20,-16,-19,-16,-18,-15,-17,-14,-16,-14,-15,-14,-14,-14,-14,-14,-4,-4,0,0,0,0,0,0,0,0,0,0,0,0,0,0,0,0,0,0,-4,-3,-14,-12,-14,-12,-14,-13,-14,-14,-15,-15,-16,-16,-16,-17,-16,-18,-16,-18,-16,-18,-15,-19,-15,-21,-15,-21,-15,-21,-16,-21,-16,-21,-16,-21,-16,-20,-17,-19,-17,-19,-18,-19,-18,-19,-18,-19,-18,-19,-19,-19,-20,-19"
27.088345050811768,417,"CSI,714,128,83,49,21,0,1,-1,-2,1,-6,1,-8,-1,-11,-3,-15,-3,-19,-3,-23,-4,-22,-4,-17,-4,-16,-3,-14,-1,-12,0,-13,-2,-10,-4,-6,-4,-3,-3,-1,0,-1,2,0,3,2,3,4,1,7,0,9,2,10,4,2,1,0,0,0,0,0,0,0,0,0,0,0,0,0,0,0,0,0,0,-2,0,-9,1,-10,0,-9,-1,-7,-1,-6,0,-6,0,-6,2,-5,3,-2,1,1,-2,4,-2,6,0,7,1,7,4,9,6,11,6,14,3,16,4,17,5,17,6,19,7,18,5,16,2,14,1,11,0,9,-1"
27.146911144256592,418,"CSI,1410,128,101,81,22,0,19,17,19,16,20,16,20,15,20,14,20,13,20,13,20,14,20,13,20,13,19,13,19,12,19,12,19,12,19,11,18,12,17,12,16,12,16,12,15,11,14,10,13,10,13,10,11,10,11,10,2,2,0,0,0,0,0,0,0,0,0,0,0,0,0,0,0,0,0,0,4,2,17,9,17,10,17,11,18,12,18,13,19,14,19,15,19,16,20,16,19,17,19,18,19,19,19,20,19,19,19,19,19,19,19,19,19,18,19,18,19,17,20,17,20,17,20,18,20,18,21,17,22,17"
27.265486001968384,419,"CSI,1411,128,101,81,22,0,21,-16,20,-17,20,-17,21,-17,21,-17,20,-18,19,-18,19,-18,19,-18,18,-19,18,-19,18,-19,18,-19,19,-19,19,-18,19,-18,19,-17,18,-16,18,-15,17,-15,17,-14,17,-14,17,-13,16,-12,16,-11,4,-3,0,0,0,0,0,0,0,0,0,0,0,0,0,0,0,0,0,0,2,-3,11,-10,12,-11,12,-11,13,-12,14,-12,14,-12,15,-12,16,-12,17,-12,18,-13,18,-13,18,-12,19,-13,19,-13,20,-13,20,-13,19,-13,20,-13,20,-14,21,-14,21,-15,20,-15,19,-15,20,-15,21,-16,22,-16"
27.296175956726074,420,"CSI,3762,128,-117,-78,40,0,-11,8,-11,8,-11,8,-11,8,-11,8,-11,8,-10,9,-10,9,-10,9,-10,9,-10,9,-10,9,-10,9,-10,9,-10,9,-10,9,-10,8,-10,8,-10,7,-10,7,-10,7,-9,6,-9,6,-9,5,-9,5,-3,1,0,0,0,0,0,0,0,0,0,0,0,0,0,0,0,0,0,0,-2,1,-6,4,-7,4,-7,5,-8,5,-8,5,-8,5,-8,5,-9,5,-9,5,-10,5,-10,6,-10,6,-10,6,-10,6,-10,6,-11,6,-11,6,-11,6,-11,6,-11,7,-11,7,-10,7,-10,7,-10,7,-11,7,-11,7"
27.331356048583984,421,"CSI,2112,128,-5,-79,31,0,0,-21,-1,-21,-1,-21,-1,-21,-1,-21,-1,-21,-2,-21,-2,-21,-3,-22,-3,-22,-3,-22,-3,-21,-3,-21,-2,-21,-2,-21,-1,-21,-1,-21,-1,-20,-1,-20,0,-19,0,-18,1,-18,1,-17,1,-16,2,-16,0,-4,0,0,0,0,0,0,0,0,0,0,0,0,0,0,0,0,0,0,-1,-3,-2,-12,-2,-13,-1,-13,-1,-14,-1,-15,-1,-15,-1,-16,-1,-17,0,-17,1,-18,1,-18,1,-19,1,-19,1,-19,1,-19,1,-19,1,-19,1,-19,1,-19,1,-19,0,-20,0,-20,-1,-20,0,-20,0,-21,-1,-22"
27.365501165390015,422,"CSI,725,128,83,49,21,0,-6,0,-4,-2,-4,-5,-1,-5,3,-5,3,-4,1,-6,1,-9,2,-8,7,-7,10,-8,8,-10,5,-9,5,-8,5,-8,4,-5,2,-1,1,0,0,-2,1,-2,1,0,1,0,1,1,2,3,3,6,0,2,0,0,0,0,0,0,0,0,0,0,0,0,0,0,0,0,0,0,2,1,7,6,6,6,5,6,4,6,3,5,1,4,0,4,1,4,1,4,-2,4,-5,4,-5,4,-6,2,-9,-2,-12,-3,-13,-3,-12,-4,-14,-3,-16,0,-16,0,-16,-1,-16,0,-16,-1,-17,-3,-19,-3,-17,-1"
27.397051095962524,423,"CSI,1412,128,101,81,22,0,18,-6,17,-6,18,-6,18,-7,18,-7,18,-7,17,-8,17,-8,17,-8,17,-8,16,-8,16,-8,16,-8,17,-8,17,-8,17,-8,16,-7,16,-6,15,-6,15,-6,15,-5,14,-5,14,-5,13,-4,13,-3,3,-1,0,0,0,0,0,0,0,0,0,0,0,0,0,0,0,0,0,0,2,-2,10,-6,11,-5,11,-5,12,-5,13,-5,13,-5,14,-5,15,-5,15,-5,16,-5,16,-4,16,-4,17,-4,17,-4,17,-4,17,-4,17,-4,17,-4,17,-5,18,-5,18,-5,17,-5,17,-5,18,-6,18,-6,19,-7"
27.48529291152954,424,"CSI,1413,128,101,81,22,0,-20,4,-20,4,-20,4,-20,5,-20,5,-19,5,-19,5,-19,5,-19,5,-19,5,-18,5,-18,6,-18,6,-18,5,-18,5,-18,5,-17,4,-17,4,-16,3,-16,3,-15,3,-15,3,-14,2,-14,2,-13,1,-4,0,0,0,0,0,0,0,0,0,0,0,0,0,0,0,0,0,0,0,-4,1,-13,5,-13,5,-14,5,-15,5,-15,5,-16,4,-17,4,-18,4,-18,4,-19,4,-19,3,-19,3,-19,3,-20,3,-20,3,-20,3,-20,3,-20,3,-20,3,-21,4,-21,4,-20,4,-20,4,-21,4,-21,4,-22,5"
27.57044219970703,425,"CSI,733,128,83,49,21,0,13,-9,10,-7,7,-6,5,-4,4,0,5,2,4,3,3,3,2,9,-2,15,-3,17,-2,17,0,17,1,14,1,12,0,13,-2,9,-1,7,-1,6,-5,4,-6,3,-4,2,-4,1,-6,-1,-7,-5,-2,-2,0,0,0,0,0,0,0,0,0,0,0,0,0,0,0,0,0,0,-2,-1,-5,-2,-5,-3,-4,-5,-3,-6,-3,-5,-1,-4,0,-4,0,-4,-1,-6,-2,-8,0,-7,2,-6,3,-6,5,-5,6,-4,8,-4,11,-2,12,1,14,0,16,-2,19,-4,21,-4,20,-6,21,-10,19,-13,14,-12"
27.60276222229004,426,"CSI,1414,128,101,81,22,0,-4,24,-4,25,-4,24,-4,24,-4,23,-3,23,-2,24,-2,24,-2,24,-1,24,-1,24,-1,24,-1,24,-1,23,-2,23,-2,23,-2,22,-2,22,-3,21,-3,20,-3,19,-3,18,-3,17,-3,17,-4,16,-1,4,0,0,0,0,0,0,0,0,0,0,0,0,0,0,0,0,0,0,0,3,0,13,0,14,0,15,-1,15,-1,16,-1,18,-1,19,-2,19,-3,20,-4,20,-4,21,-4,22,-5,22,-5,22,-5,22,-5,22,-5,23,-5,23,-5,22,-5,22,-5,23,-5,23,-4,24,-4,24,-5,24,-6,24"
27.672729969024658,427,"CSI,738,128,83,49,21,0,-14,-5,-12,-5,-8,-4,-4,-3,1,-1,5,1,7,-2,10,-7,14,-6,16,-2,15,0,16,0,16,-1,12,-2,10,0,11,2,9,1,4,0,1,0,1,1,0,1,-1,3,-2,5,-1,5,-1,3,-1,0,0,0,0,0,0,0,0,0,0,0,0,0,0,0,0,0,0,0,1,0,5,3,4,5,2,5,1,5,1,5,3,5,3,5,0,5,0,5,0,3,-2,-2,-4,-4,-6,-4,-7,-2,-8,-1,-11,-1,-11,-4,-13,-7,-17,-8,-17,-10,-17,-11,-20,-10,-23,-12,-25,-14,-25,-12,-22,-8"
27.709745168685913,428,"CSI,1415,128,101,81,22,0,-14,2,-14,2,-14,2,-14,3,-13,3,-13,3,-13,3,-12,3,-12,3,-12,3,-12,3,-12,3,-12,4,-12,3,-12,3,-12,3,-11,3,-11,2,-11,2,-10,2,-10,2,-10,2,-9,1,-9,1,-8,1,-2,0,0,0,0,0,0,0,0,0,0,0,0,0,0,0,0,0,0,0,-3,0,-9,2,-9,2,-10,2,-10,2,-11,2,-11,2,-12,2,-12,2,-13,2,-13,2,-13,2,-13,1,-13,1,-13,1,-13,1,-13,1,-13,1,-13,2,-14,2,-14,2,-14,2,-14,2,-14,2,-13,2,-14,2,-14,2"
27.83915400505066,429,"CSI,1416,128,101,81,22,0,4,-24,4,-24,4,-24,4,-23,4,-23,3,-23,2,-23,1,-23,1,-23,1,-23,1,-23,1,-23,1,-22,1,-22,2,-21,2,-21,2,-21,2,-20,2,-19,3,-18,3,-17,3,-17,3,-16,3,-15,3,-15,0,-4,0,0,0,0,0,0,0,0,0,0,0,0,0,0,0,0,0,0,0,-5,1,-17,1,-18,1,-19,2,-20,2,-20,2,-21,3,-22,4,-23,5,-23,6,-24,6,-24,6,-25,6,-25,6,-25,6,-24,6,-24,6,-24,6,-24,6,-24,6,-24,6,-24,5,-24,4,-25,5,-25,5,-25,5,-26"
27.87552499771118,430,"CSI,746,128,83,49,21,0,8,5,4,6,1,6,-1,7,-4,8,-7,9,-7,11,-5,14,-5,12,-5,12,-4,15,-2,17,-2,16,-2,11,-1,7,-1,6,-1,4,0,1,-1,-3,-2,-4,-3,-3,-5,-2,-6,-3,-6,-2,-6,0,-2,0,0,0,0,0,0,0,0,0,0,0,0,0,0,0,0,0,0,0,1,-1,5,-5,4,-4,5,-3,4,-4,5,-5,7,-4,7,-3,7,-3,7,-2,5,0,4,1,6,1,7,3,4,7,4,9,8,9,8,9,7,10,9,9,13,7,15,9,16,11,15,7,14,5,14,5,14,3"
27.943973064422607,431,"CSI,1417,128,101,81,22,0,-19,-16,-20,-15,-20,-15,-20,-14,-20,-14,-20,-13,-21,-13,-21,-13,-21,-13,-21,-13,-21,-13,-21,-12,-21,-12,-22,-12,-21,-12,-21,-12,-20,-13,-19,-13,-19,-12,-18,-12,-17,-11,-17,-11,-16,-11,-15,-11,-15,-11,-4,-3,0,0,0,0,0,0,0,0,0,0,0,0,0,0,0,0,0,0,-4,-2,-15,-8,-15,-9,-15,-10,-16,-10,-16,-11,-16,-12,-17,-13,-17,-14,-17,-14,-17,-15,-17,-16,-17,-17,-17,-17,-17,-17,-17,-17,-17,-17,-18,-17,-18,-17,-18,-16,-18,-16,-18,-16,-19,-16,-19,-16,-19,-16,-20,-16,-21,-16"
27.980135202407837,432,"CSI,750,128,83,49,21,0,-4,5,-4,4,-6,0,-10,-2,-13,-2,-14,-4,-16,-7,-19,-6,-19,-2,-17,1,-14,1,-13,2,-14,2,-12,1,-9,-1,-8,-3,-5,-3,-1,-1,1,-1,2,-2,2,-2,2,-2,1,-3,1,-4,1,-6,0,-2,0,0,0,0,0,0,0,0,0,0,0,0,0,0,0,0,0,0,1,-2,4,-7,5,-7,5,-5,3,-3,2,-1,2,1,2,2,3,3,2,4,0,5,-1,7,1,10,3,13,2,13,1,13,0,14,-2,14,-1,15,3,16,3,16,1,17,1,15,2,14,2,12,1,10,0,11"
28.06303906440735,433,"CSI,1418,128,101,81,22,0,-13,-14,-13,-14,-13,-13,-13,-13,-13,-12,-13,-12,-14,-12,-14,-12,-14,-12,-14,-12,-14,-12,-14,-11,-14,-11,-14,-11,-14,-11,-14,-11,-13,-11,-13,-11,-12,-11,-12,-10,-11,-10,-11,-10,-11,-9,-10,-9,-10,-10,-3,-3,0,0,0,0,0,0,0,0,0,0,0,0,0,0,0,0,0,0,-3,-3,-11,-9,-11,-9,-11,-10,-11,-11,-11,-11,-12,-12,-12,-13,-12,-14,-12,-14,-11,-14,-11,-15,-11,-15,-11,-16,-11,-16,-11,-15,-11,-15,-11,-16,-11,-15,-11,-15,-12,-14,-12,-14,-12,-14,-13,-15,-13,-14,-13,-14,-14,-15"
28.093535900115967,434,"CSI,754,128,83,49,21,0,4,10,4,4,5,-1,5,-6,4,-12,2,-13,3,-15,9,-20,11,-20,12,-16,14,-14,13,-12,11,-8,13,-7,13,-6,10,-5,7,-5,2,-5,-1,-4,-3,-3,-3,-4,-5,-4,-5,-4,-6,-3,-6,-3,-2,-1,0,0,0,0,0,0,0,0,0,0,0,0,0,0,0,0,0,0,-1,1,-4,7,-7,5,-8,3,-7,2,-7,3,-6,5,-4,5,-3,4,-1,3,0,3,1,4,2,5,5,7,6,7,7,9,8,11,7,13,8,14,12,14,13,15,12,17,14,18,14,15,13,15,12,15,12,15"
28.164900064468384,435,"CSI,1419,128,101,81,22,0,18,1,17,0,18,0,18,-1,18,-1,17,-1,17,-1,17,-1,17,-1,17,-2,16,-2,16,-2,17,-2,17,-2,17,-2,17,-1,16,-1,15,0,15,0,14,0,14,0,13,0,13,0,13,1,12,1,3,0,0,0,0,0,0,0,0,0,0,0,0,0,0,0,0,0,0,0,3,-1,13,-2,14,-2,14,-1,15,-1,15,-1,16,0,16,0,17,1,17,1,18,1,18,1,18,2,18,2,18,2,18,2,18,2,18,2,18,2,18,1,18,1,18,1,18,1,18,1,18,1,19,0,19,0"
28.274033069610596,436,"CSI,1420,128,101,81,22,0,-6,21,-6,20,-5,20,-5,20,-5,20,-4,20,-3,20,-3,20,-3,20,-3,20,-3,20,-3,20,-3,20,-3,19,-3,19,-4,19,-4,19,-4,18,-4,17,-4,16,-4,15,-5,15,-5,14,-5,14,-5,13,-2,3,0,0,0,0,0,0,0,0,0,0,0,0,0,0,0,0,0,0,-1,4,-2,16,-3,16,-3,17,-4,18,-4,18,-4,19,-4,20,-5,21,-6,21,-7,21,-8,21,-8,21,-8,21,-8,21,-8,21,-8,21,-8,21,-8,21,-8,21,-7,21,-7,21,-6,21,-6,21,-6,21,-7,22,-6,23"
28.304583072662354,437,"CSI,762,128,83,49,21,0,10,-3,4,-2,-4,1,-10,0,-12,1,-15,4,-17,1,-16,-8,-18,-7,-23,2,-21,3,-17,2,-16,3,-14,5,-11,3,-8,1,-8,1,-7,2,-3,4,1,5,2,3,2,1,2,-1,5,-3,8,-2,2,-1,0,0,0,0,0,0,0,0,0,0,0,0,0,0,0,0,0,0,-2,0,-7,4,-7,5,-9,5,-11,3,-10,1,-9,1,-9,0,-9,0,-10,0,-8,-1,-4,-2,-1,-2,3,0,7,-1,10,-3,16,-4,17,-3,17,-3,20,-4,21,-6,23,-6,24,-6,23,-7,24,-6,22,-4,19,-2"
28.336708068847656,438,"CSI,3766,128,-117,-78,40,0,12,20,13,20,13,20,12,19,13,18,13,18,14,18,14,18,14,18,14,18,14,17,14,17,14,17,13,16,13,16,12,16,12,17,11,16,10,16,9,15,9,14,8,14,8,13,7,13,6,13,1,3,0,0,0,0,0,0,0,0,0,0,0,0,0,0,0,0,0,0,2,3,11,16,11,17,11,17,11,18,12,19,12,20,12,22,12,22,12,22,11,23,11,24,11,24,11,25,10,24,10,24,10,24,11,24,11,23,11,23,11,22,12,22,12,22,13,22,12,22,12,22,12,23"
28.386621236801147,439,"CSI,1421,128,101,81,22,0,4,21,5,21,5,21,5,20,5,20,5,19,6,19,7,19,6,19,6,19,7,19,6,19,6,18,6,18,6,17,5,17,5,17,5,17,5,16,4,15,3,14,3,14,3,13,2,13,2,13,0,3,0,0,0,0,0,0,0,0,0,0,0,0,0,0,0,0,0,0,1,4,6,16,5,16,5,17,5,18,5,19,5,20,5,21,5,22,4,22,3,22,3,23,3,24,3,24,3,24,3,23,3,23,3,23,3,23,3,22,3,22,4,22,4,22,4,22,4,22,4,22,5,23"
28.415078163146973,440,"CSI,765,128,83,49,21,0,-14,0,-11,2,-7,5,-3,8,0,11,3,14,7,16,10,15,8,17,5,21,5,22,4,20,3,19,2,16,1,14,-1,13,0,9,2,3,4,1,6,2,7,2,7,0,7,-1,7,-1,6,-4,1,-2,0,0,0,0,0,0,0,0,0,0,0,0,0,0,0,0,0,0,-1,-3,-2,-11,-3,-8,-3,-8,-1,-10,1,-12,2,-10,3,-8,5,-7,4,-8,0,-6,-2,-6,-2,-6,-4,-5,-4,-2,-6,2,-12,5,-17,4,-19,1,-22,1,-23,1,-25,-1,-28,-1,-27,0,-25,-2,-25,-4,-21,-4"
28.497206926345825,441,"CSI,769,128,83,49,21,0,-3,-12,-4,-9,-5,-6,-8,-5,-12,-6,-14,-6,-14,-10,-14,-15,-15,-15,-18,-14,-18,-11,-16,-8,-12,-8,-10,-9,-9,-6,-6,-4,-6,-2,-7,0,-5,0,-5,-1,-7,-3,-7,-2,-6,-1,-4,-1,-5,-1,-2,-1,0,0,0,0,0,0,0,0,0,0,0,0,0,0,0,0,0,0,0,-2,4,-7,5,-7,5,-7,5,-6,3,-4,3,-3,2,-2,1,-3,2,-6,1,-6,-3,-4,-4,-5,-2,-8,-3,-11,-6,-12,-5,-14,-4,-18,-3,-20,0,-20,0,-21,-1,-21,-1,-17,1,-15,2,-19,3,-22,4,-21"
28.52808904647827,442,"CSI,1422,128,101,81,22,0,-21,5,-20,5,-20,5,-20,6,-20,6,-20,6,-19,6,-19,6,-19,6,-19,6,-18,6,-18,7,-18,7,-18,7,-18,7,-18,6,-17,6,-16,5,-16,5,-16,5,-15,4,-15,4,-14,3,-14,3,-13,2,-4,0,0,0,0,0,0,0,0,0,0,0,0,0,0,0,0,0,0,0,-4,1,-15,6,-15,6,-16,6,-17,6,-18,6,-18,6,-19,6,-20,5,-21,5,-22,5,-22,4,-22,3,-22,3,-22,3,-22,3,-22,3,-22,3,-22,4,-22,4,-22,5,-22,5,-21,5,-21,4,-22,4,-22,5,-23,5"
28.61840295791626,443,"CSI,1423,128,101,81,22,0,-23,-6,-23,-6,-23,-5,-23,-5,-23,-4,-23,-4,-22,-4,-22,-4,-22,-4,-22,-4,-22,-3,-21,-3,-21,-3,-22,-2,-21,-3,-21,-3,-20,-4,-19,-4,-18,-4,-18,-4,-17,-3,-17,-4,-16,-4,-15,-4,-14,-5,-4,-2,0,0,0,0,0,0,0,0,0,0,0,0,0,0,0,0,0,0,-5,0,-18,0,-18,-1,-19,-1,-19,-2,-20,-2,-21,-3,-22,-4,-22,-4,-23,-5,-23,-5,-23,-6,-23,-7,-23,-8,-23,-8,-23,-7,-24,-8,-24,-8,-24,-7,-24,-7,-24,-6,-24,-6,-24,-6,-24,-7,-24,-7,-25,-6,-26,-6"
28.697751998901367,444,"CSI,777,128,83,49,21,0,13,0,9,0,4,0,-4,2,-10,3,-15,0,-15,-3,-13,-4,-15,-6,-20,-8,-23,-6,-22,-3,-19,-4,-18,-6,-17,-5,-14,-3,-10,-2,-5,-1,-2,-1,0,0,2,1,5,2,8,3,9,0,9,-2,2,-1,0,0,0,0,0,0,0,0,0,0,0,0,0,0,0,0,0,0,-2,2,-8,8,-10,6,-12,5,-13,4,-12,3,-11,3,-11,3,-10,2,-8,4,-6,5,-3,2,-1,-2,1,-4,5,-2,9,-1,13,-1,16,0,19,-2,22,-3,23,-2,24,-3,27,-3,29,-3,29,-5,28,-8,25,-7"
28.735801935195923,445,"CSI,1424,128,101,81,22,0,-24,-3,-24,-3,-24,-2,-24,-1,-24,-1,-24,0,-23,0,-23,0,-23,0,-23,0,-23,1,-22,1,-22,1,-23,1,-23,1,-22,1,-22,0,-21,0,-20,0,-20,0,-19,0,-18,0,-18,-1,-17,-1,-16,-2,-4,-1,0,0,0,0,0,0,0,0,0,0,0,0,0,0,0,0,0,0,-4,0,-16,0,-17,0,-17,-1,-18,-1,-19,-1,-20,-2,-21,-2,-21,-3,-22,-3,-23,-4,-23,-4,-23,-5,-23,-6,-23,-5,-23,-5,-24,-5,-24,-5,-23,-5,-24,-4,-24,-4,-24,-4,-24,-4,-24,-4,-24,-4,-25,-3,-26,-3"
28.799378156661987,446,"CSI,781,128,83,49,21,0,-15,-5,-10,-3,-1,-2,6,0,8,1,11,2,12,1,13,-1,18,2,22,4,23,4,24,6,23,6,20,5,18,4,13,3,10,2,9,2,4,1,-2,-1,-5,-5,-8,-6,-9,-5,-9,-3,-11,-1,-3,-1,0,0,0,0,0,0,0,0,0,0,0,0,0,0,0,0,0,0,2,-1,8,-1,5,1,6,2,8,1,8,1,9,2,9,2,8,0,5,-1,3,0,2,-2,1,-3,-2,-2,-5,-2,-10,-3,-15,-4,-15,-4,-15,-5,-18,-5,-22,-5,-25,-7,-26,-8,-25,-6,-26,-5,-27,-7,-27,-9"
28.84296417236328,447,"CSI,1425,128,101,81,22,0,-4,-13,-4,-13,-4,-13,-4,-13,-4,-13,-4,-13,-5,-13,-5,-13,-5,-13,-5,-13,-5,-13,-5,-13,-5,-13,-5,-12,-5,-12,-5,-12,-5,-12,-4,-12,-4,-12,-4,-11,-4,-11,-3,-10,-3,-10,-3,-10,-3,-10,-1,-3,0,0,0,0,0,0,0,0,0,0,0,0,0,0,0,0,0,0,-1,-2,-4,-7,-4,-8,-4,-8,-4,-9,-4,-9,-4,-10,-4,-11,-4,-11,-3,-11,-3,-12,-3,-12,-3,-13,-3,-13,-3,-13,-3,-13,-3,-13,-3,-13,-3,-13,-3,-13,-3,-13,-3,-13,-3,-13,-4,-13,-4,-13,-4,-13,-4,-14"
28.903720140457153,448,"CSI,786,128,83,49,21,0,8,4,4,1,1,-2,-2,-5,-4,-10,-6,-13,-5,-13,-5,-11,-4,-15,-4,-20,-6,-19,-8,-17,-6,-15,-3,-13,-2,-13,-4,-12,-5,-8,-2,-4,2,-2,3,0,3,1,3,1,3,3,1,5,1,5,0,1,0,0,0,0,0,0,0,0,0,0,0,0,0,0,0,0,0,0,-3,-1,-10,-2,-10,-1,-10,-1,-10,-3,-10,-4,-9,-4,-7,-6,-6,-5,-3,-2,-1,0,-2,0,0,2,2,5,5,6,7,8,11,10,13,12,14,14,16,16,16,18,14,18,15,17,17,15,18,17,19,20,19,19"
28.952180862426758,449,"CSI,1426,128,101,81,22,0,12,20,13,20,13,20,13,19,13,18,13,18,14,18,14,18,14,18,15,18,15,18,15,18,15,17,15,17,15,17,14,17,14,17,13,17,12,17,11,16,11,15,11,14,10,14,10,14,9,14,2,3,0,0,0,0,0,0,0,0,0,0,0,0,0,0,0,0,0,0,2,3,10,13,10,13,10,14,10,15,10,16,10,17,10,19,10,19,10,19,10,20,9,20,9,21,9,22,9,22,9,21,9,21,10,21,10,21,10,20,10,20,10,20,11,20,12,21,12,20,12,21,12,21"
29.004992961883545,450,"CSI,790,128,83,49,21,0,-8,2,-4,4,2,7,7,8,10,9,11,10,10,10,9,9,9,11,9,14,9,15,8,13,7,11,5,9,4,7,4,4,5,2,4,-1,2,-3,1,-3,1,-5,0,-7,0,-8,1,-9,1,-9,0,-2,0,0,0,0,0,0,0,0,0,0,0,0,0,0,0,0,0,0,1,-2,6,-7,5,-7,5,-7,6,-7,6,-5,6,-3,6,-2,5,-1,2,0,-2,0,-7,0,-11,-1,-12,-1,-12,-1,-13,0,-20,-1,-23,-3,-23,-5,-24,-6,-25,-5,-25,-6,-22,-8,-22,-9,-24,-7,-22,-4,-18,-4"
29.06654405593872,451,"CSI,1427,128,101,81,22,0,22,-10,22,-10,22,-11,22,-11,22,-11,22,-11,21,-11,20,-12,20,-12,20,-12,20,-12,19,-12,20,-12,20,-12,20,-12,20,-11,19,-10,19,-9,18,-9,18,-8,18,-8,17,-7,17,-7,16,-6,15,-5,3,-2,0,0,0,0,0,0,0,0,0,0,0,0,0,0,0,0,0,0,3,-3,13,-10,13,-10,14,-10,15,-10,16,-10,17,-10,17,-10,19,-10,20,-10,21,-10,21,-9,21,-9,21,-9,21,-9,22,-9,22,-9,22,-9,22,-9,22,-9,23,-10,23,-10,22,-10,22,-10,22,-10,23,-11,24,-11"
29.10774326324463,452,"CSI,794,128,83,49,21,0,-10,0,-5,4,-2,6,-2,9,-2,14,1,17,1,20,-2,23,-1,23,2,21,0,18,-1,16,0,14,0,10,1,9,1,9,1,7,1,5,2,5,4,4,5,1,5,-2,6,-3,6,-3,6,-4,1,-2,0,0,0,0,0,0,0,0,0,0,0,0,0,0,0,0,0,0,0,-4,2,-12,4,-9,4,-8,5,-10,7,-8,4,-5,3,-1,3,1,0,-2,-2,-3,-3,-3,-6,-2,-11,-1,-14,-1,-16,-2,-19,-3,-22,-5,-22,-7,-24,-6,-25,-6,-25,-6,-24,-8,-25,-8,-27,-7,-25,-7,-21,-9"
29.174586057662964,453,"CSI,1428,128,101,81,22,0,8,-23,7,-23,7,-23,8,-22,8,-22,7,-22,6,-23,5,-23,5,-23,5,-23,4,-23,4,-23,5,-23,5,-22,6,-22,6,-22,6,-21,6,-21,6,-20,6,-19,6,-18,6,-17,6,-17,6,-16,6,-15,1,-4,0,0,0,0,0,0,0,0,0,0,0,0,0,0,0,0,0,0,0,-4,3,-15,3,-15,4,-16,5,-17,5,-17,5,-18,5,-19,6,-19,7,-20,8,-20,8,-20,8,-21,9,-21,9,-21,9,-21,9,-21,9,-21,9,-21,9,-21,9,-21,9,-21,8,-22,8,-22,8,-22,9,-23,9,-23"
29.21061611175537,454,"CSI,798,128,83,49,21,0,-5,-11,-7,-8,-8,-3,-8,2,-11,4,-15,7,-15,6,-13,4,-15,7,-15,10,-13,9,-15,8,-14,7,-12,7,-10,6,-8,7,-6,6,-4,5,-3,4,-1,2,1,2,2,2,2,3,2,3,4,4,1,0,0,0,0,0,0,0,0,0,0,0,0,0,0,0,0,0,0,0,1,-3,5,-9,6,-8,7,-8,9,-7,9,-6,8,-4,6,-3,7,-3,7,-2,3,-2,-1,-5,0,-5,-2,-2,-5,-3,-6,-8,-9,-10,-10,-11,-11,-14,-13,-17,-13,-18,-12,-19,-11,-19,-12,-19,-14,-20,-13,-20,-10,-20"
29.302985191345215,455,"CSI,1429,128,101,81,22,0,-14,-20,-15,-20,-15,-20,-15,-19,-15,-18,-15,-18,-15,-18,-16,-18,-16,-18,-16,-18,-17,-17,-17,-17,-16,-16,-16,-16,-16,-16,-15,-16,-15,-16,-14,-16,-14,-16,-13,-15,-12,-14,-12,-14,-11,-13,-11,-13,-10,-13,-3,-4,0,0,0,0,0,0,0,0,0,0,0,0,0,0,0,0,0,0,-3,-3,-11,-13,-11,-14,-11,-15,-11,-15,-12,-16,-12,-17,-12,-19,-12,-19,-12,-19,-12,-20,-12,-21,-11,-21,-11,-22,-12,-22,-12,-22,-12,-22,-12,-21,-12,-21,-12,-21,-12,-20,-13,-20,-13,-21,-14,-21,-14,-21,-14,-21,-14,-22"
29.33271598815918,456,"CSI,801,128,83,49,21,0,8,-9,4,-7,0,-7,-3,-7,-7,-6,-10,-5,-15,-5,-19,-6,-18,-7,-16,-10,-16,-12,-16,-9,-13,-6,-11,-8,-11,-9,-9,-7,-6,-4,-5,-3,-5,-2,-3,0,-2,1,-3,0,-3,2,-2,5,-1,7,-1,1,0,0,0,0,0,0,0,0,0,0,0,0,0,0,0,0,0,0,2,1,8,7,5,7,5,8,5,9,3,9,0,8,-2,7,-2,7,-1,5,-1,3,1,-1,4,-4,6,-5,7,-6,9,-7,10,-10,12,-12,14,-13,17,-17,20,-19,20,-17,20,-15,20,-14,21,-15,20,-17,20,-17"
29.386554956436157,457,"CSI,3770,128,-117,-78,40,0,1,-25,0,-25,0,-25,1,-25,1,-24,0,-24,-1,-24,-2,-24,-2,-25,-2,-24,-3,-24,-3,-24,-2,-24,-2,-23,-2,-23,-1,-23,-1,-23,-1,-22,-1,-21,0,-20,0,-19,0,-19,0,-18,1,-17,1,-17,0,-5,0,0,0,0,0,0,0,0,0,0,0,0,0,0,0,0,0,0,-1,-4,-1,-16,-1,-17,-1,-18,0,-19,0,-19,0,-21,0,-22,1,-22,2,-22,3,-23,3,-23,3,-24,3,-24,3,-24,3,-24,3,-24,3,-24,3,-24,3,-24,3,-24,3,-24,2,-25,1,-25,2,-25,2,-25,3,-25"
29.417180061340332,458,"CSI,1430,128,101,81,22,0,19,13,19,12,19,12,19,11,19,11,19,10,20,10,20,10,20,10,20,10,20,10,19,10,19,9,20,9,19,9,19,10,18,10,17,10,17,10,16,9,15,9,14,9,14,9,13,9,12,9,3,2,0,0,0,0,0,0,0,0,0,0,0,0,0,0,0,0,0,0,3,1,13,6,14,6,14,7,15,7,15,8,16,9,17,10,17,11,17,11,17,11,17,12,17,14,17,14,17,14,17,14,17,14,18,14,17,14,18,13,18,12,18,12,19,13,19,13,19,13,20,13,21,13"
29.449636936187744,459,"CSI,805,128,83,49,21,0,-10,-13,-8,-10,-8,-6,-7,-4,-6,0,-6,6,-5,11,-4,16,-6,16,-8,15,-12,14,-14,14,-11,15,-10,13,-10,10,-8,10,-6,9,-4,8,-3,7,-2,5,-1,1,0,-2,3,-2,5,-2,3,-3,0,-1,0,0,0,0,0,0,0,0,0,0,0,0,0,0,0,0,0,0,1,0,4,-1,6,-4,9,-4,9,-3,8,-3,9,-3,8,-3,8,-4,8,-4,7,-4,6,-5,4,-8,2,-10,0,-10,-2,-10,-6,-12,-9,-12,-11,-12,-11,-17,-11,-20,-11,-20,-14,-21,-16,-23,-16,-24,-14,-25,-12,-24"
29.50737500190735,460,"CSI,3087,128,-118,32,8,0,15,-2,14,-2,12,-2,11,-2,10,-1,9,0,9,1,9,2,9,3,10,4,11,4,12,4,13,4,14,3,14,3,13,2,11,2,10,1,9,1,8,2,6,3,5,4,4,5,2,6,1,6,0,1,0,0,0,0,0,0,0,0,0,0,0,0,0,0,0,0,0,0,1,-2,5,-5,6,-4,7,-3,9,-2,10,-1,11,-1,12,0,13,-1,14,-1,14,-1,14,-1,13,-2,12,-2,11,-2,10,-1,9,-1,8,1,8,2,9,3,10,4,11,5,13,6,14,6,16,5,18,4,18,3"
29.540843963623047,461,"CSI,3088,128,-98,96,9,0,-30,6,-26,7,-23,7,-21,6,-20,4,-19,2,-18,-1,-18,-3,-19,-4,-21,-5,-23,-5,-25,-4,-27,-3,-28,-2,-27,-1,-25,1,-22,1,-19,0,-17,0,-16,-2,-14,-3,-12,-5,-10,-8,-8,-10,-7,-12,-2,-3,0,0,0,0,0,0,0,0,0,0,0,0,0,0,0,0,0,0,-3,2,-11,8,-12,7,-15,5,-17,3,-19,2,-21,1,-23,1,-25,1,-26,2,-27,3,-26,3,-24,4,-22,4,-21,4,-19,3,-18,1,-16,-1,-16,-3,-18,-5,-21,-7,-23,-9,-26,-9,-28,-8,-31,-7,-34,-5,-34,-3"
29.579572200775146,462,"CSI,1431,128,101,81,22,0,-21,13,-21,13,-21,13,-21,13,-21,14,-20,14,-19,14,-19,14,-19,15,-18,15,-18,15,-18,15,-18,15,-18,15,-18,15,-18,14,-18,14,-17,13,-16,12,-16,12,-16,11,-16,10,-15,10,-15,9,-15,8,-4,2,0,0,0,0,0,0,0,0,0,0,0,0,0,0,0,0,0,0,-4,2,-14,9,-14,10,-15,10,-16,10,-17,10,-17,11,-18,11,-19,11,-20,11,-21,10,-22,10,-21,10,-21,10,-22,10,-22,10,-22,10,-22,10,-22,10,-22,11,-22,11,-22,12,-21,12,-21,12,-21,12,-23,11,-23,11"
29.610229969024658,463,"CSI,810,128,83,49,21,0,8,-10,4,-11,-1,-12,-2,-13,-3,-16,-4,-16,-3,-15,1,-17,0,-21,-1,-21,-1,-18,-3,-14,-1,-13,1,-11,-1,-10,-2,-10,-1,-7,-3,-6,-6,-5,-7,-3,-6,-2,-6,-2,-5,-4,-3,-2,-4,0,-2,0,0,0,0,0,0,0,0,0,0,0,0,0,0,0,0,0,0,0,1,0,7,2,8,3,8,5,7,6,6,5,3,3,1,2,2,2,4,2,4,0,4,-3,6,-5,9,-7,8,-9,8,-12,11,-16,15,-16,17,-13,17,-11,19,-10,19,-9,18,-8,17,-8,15,-8,14,-8,14,-11"
29.640790939331055,464,"CSI,814,128,83,49,21,0,7,-14,3,-12,1,-8,0,-3,-3,-3,-9,0,-13,2,-18,-1,-22,-3,-24,-1,-23,0,-21,0,-19,0,-18,1,-17,-1,-13,-4,-8,-6,-6,-5,-4,-2,-1,0,-1,-1,0,0,3,3,3,5,3,6,0,1,0,0,0,0,0,0,0,0,0,0,0,0,0,0,0,0,0,0,1,-1,5,-2,8,2,8,4,7,5,6,4,5,4,3,5,3,7,1,6,1,4,3,0,3,-4,2,-5,2,-6,5,-10,6,-14,4,-14,4,-13,5,-14,8,-17,11,-21,10,-23,8,-23,11,-23,14,-23,14,-24"
29.67748498916626,465,"CSI,1432,128,101,81,22,0,-24,-8,-24,-8,-24,-8,-24,-7,-24,-6,-24,-6,-24,-6,-24,-6,-24,-6,-24,-6,-24,-5,-24,-5,-24,-5,-24,-5,-24,-5,-24,-5,-23,-6,-22,-7,-21,-7,-21,-6,-20,-6,-19,-6,-19,-6,-18,-7,-17,-7,-5,-2,0,0,0,0,0,0,0,0,0,0,0,0,0,0,0,0,0,0,-5,-1,-17,-2,-18,-2,-18,-3,-19,-3,-20,-4,-21,-5,-21,-6,-22,-6,-22,-7,-23,-7,-23,-8,-22,-9,-23,-10,-23,-10,-23,-10,-23,-10,-23,-10,-23,-10,-23,-9,-24,-8,-24,-8,-24,-8,-24,-9,-24,-9,-25,-8,-26,-8"
29.742077112197876,466,"CSI,1433,128,101,81,22,0,-19,1,-18,1,-19,1,-19,2,-19,2,-18,2,-18,2,-18,3,-18,3,-18,3,-17,3,-17,3,-17,4,-18,4,-18,4,-17,3,-17,3,-16,2,-16,2,-16,2,-15,2,-15,2,-14,1,-14,1,-13,0,-4,0,0,0,0,0,0,0,0,0,0,0,0,0,0,0,0,0,0,0,-4,0,-13,2,-13,2,-14,2,-15,2,-15,1,-16,1,-16,1,-17,0,-17,0,-18,0,-18,0,-18,-1,-18,-1,-18,-1,-18,-1,-19,-1,-19,-1,-18,-1,-19,0,-19,0,-19,0,-19,0,-19,0,-19,0,-20,1,-20,1"
29.85069704055786,467,"CSI,1434,128,101,81,22,0,-23,5,-23,5,-23,5,-23,5,-23,6,-22,6,-22,6,-22,6,-22,7,-21,7,-21,7,-21,7,-21,7,-21,7,-21,7,-21,7,-20,6,-20,5,-19,5,-19,5,-18,4,-18,4,-17,4,-17,3,-16,2,-4,0,0,0,0,0,0,0,0,0,0,0,0,0,0,0,0,0,0,0,-4,1,-15,5,-15,5,-16,5,-17,5,-18,5,-19,4,-19,4,-20,4,-21,4,-22,4,-22,3,-22,3,-22,2,-22,2,-23,2,-23,2,-23,2,-22,3,-23,3,-23,4,-23,4,-23,4,-23,4,-23,4,-24,4,-25,4"
29.92763113975525,468,"CSI,825,128,83,49,21,0,7,-5,2,-4,-2,-2,-6,-1,-11,-4,-14,-5,-15,-7,-15,-13,-17,-12,-20,-10,-22,-10,-22,-10,-20,-8,-16,-6,-13,-5,-10,-6,-8,-4,-8,-2,-7,-1,-5,1,-2,3,-1,2,1,1,5,3,7,7,1,2,0,0,0,0,0,0,0,0,0,0,0,0,0,0,0,0,0,0,1,0,5,4,-1,7,-5,9,-6,11,-6,10,-5,9,-1,10,2,9,-1,5,-2,3,0,3,3,0,5,-5,8,-5,12,-3,14,-4,14,-7,14,-10,16,-12,21,-13,25,-13,24,-12,23,-11,23,-11,22,-12,23,-13"
29.964545011520386,469,"CSI,1435,128,101,81,22,0,21,11,21,11,21,11,21,10,21,9,21,9,22,9,22,9,22,8,22,8,21,8,21,7,21,7,21,7,21,7,21,7,20,8,19,8,18,7,18,7,17,6,16,6,16,6,15,7,14,7,3,1,0,0,0,0,0,0,0,0,0,0,0,0,0,0,0,0,0,0,3,1,15,6,15,6,16,7,16,8,17,8,18,9,18,10,19,11,19,11,19,12,19,13,19,14,19,14,19,14,19,14,19,14,19,14,19,13,20,13,20,12,20,12,21,12,21,12,21,12,21,12,22,13"
30.029328107833862,470,"CSI,830,128,83,49,21,0,-13,-9,-6,-2,-2,3,-1,7,0,13,2,15,4,17,4,23,4,23,2,20,1,19,2,18,2,18,0,16,-2,12,-4,8,-3,7,0,5,-1,5,0,2,1,-2,2,-4,4,-3,5,-4,6,-7,1,-2,0,0,0,0,0,0,0,0,0,0,0,0,0,0,0,0,0,0,0,-3,4,-9,7,-7,9,-7,9,-9,8,-7,8,-4,8,-4,7,-3,5,-2,2,-3,0,-3,0,-1,-5,1,-11,1,-13,0,-14,-2,-16,-6,-17,-7,-20,-9,-22,-11,-21,-11,-20,-11,-21,-10,-21,-8,-20,-5,-18,-3"
30.077749967575073,471,"CSI,1436,128,101,81,22,0,-20,-1,-20,-1,-20,-1,-20,0,-20,0,-20,1,-19,0,-19,0,-19,0,-19,1,-19,1,-19,1,-19,1,-19,1,-19,1,-18,1,-18,0,-17,0,-16,0,-16,0,-15,0,-15,0,-14,0,-14,-1,-13,-2,-4,-1,0,0,0,0,0,0,0,0,0,0,0,0,0,0,0,0,0,0,-4,0,-15,2,-15,2,-16,1,-17,1,-18,1,-18,0,-19,0,-19,0,-20,-1,-21,-1,-21,-2,-21,-3,-21,-3,-21,-3,-21,-3,-21,-3,-21,-3,-21,-3,-21,-2,-21,-2,-21,-1,-21,-2,-21,-2,-21,-2,-22,-1,-23,-1"
30.130692958831787,472,"CSI,833,128,83,49,21,0,-12,1,-7,-2,-1,-2,5,0,10,2,15,3,16,4,14,7,17,8,21,8,19,9,19,8,19,7,17,8,13,9,9,6,7,2,3,-1,-1,-3,-1,-4,-1,-1,-1,0,-3,-1,-6,-4,-8,-6,-2,-2,0,0,0,0,0,0,0,0,0,0,0,0,0,0,0,0,0,0,1,-4,6,-12,8,-10,9,-7,8,-6,9,-6,8,-7,5,-6,3,-4,3,-4,1,-4,-3,-4,-6,-2,-10,-3,-11,-3,-11,-2,-13,-1,-17,0,-22,2,-25,3,-27,2,-25,2,-24,2,-23,2,-24,3,-24,5,-24,6"
30.22047209739685,473,"CSI,1437,128,101,81,22,0,-2,20,-2,20,-1,19,-1,19,-1,19,-1,19,0,19,1,19,1,19,1,19,1,19,1,19,0,18,0,18,0,17,-1,17,0,17,0,17,-1,16,-1,15,-1,14,-1,14,-2,13,-2,12,-2,12,-1,3,0,0,0,0,0,0,0,0,0,0,0,0,0,0,0,0,0,0,0,3,2,13,2,14,1,15,1,15,1,16,1,17,1,18,0,19,-1,19,-2,19,-2,19,-2,20,-2,20,-2,20,-3,20,-3,20,-2,20,-2,20,-3,20,-2,20,-2,20,-1,20,-1,20,-1,20,-2,20,-1,21"
30.248924016952515,474,"CSI,838,128,83,49,21,0,8,17,6,12,4,5,4,-2,3,-7,3,-10,10,-12,17,-12,14,-14,8,-17,9,-20,10,-19,10,-15,12,-12,12,-10,12,-7,9,-4,4,-4,2,-5,1,-4,0,-3,-2,-2,-5,-1,-6,0,-7,2,-2,0,0,0,0,0,0,0,0,0,0,0,0,0,0,0,0,0,0,0,-2,0,-7,1,-8,-1,-9,-1,-10,-1,-9,-1,-8,-2,-6,-4,-5,-3,-5,-1,-5,2,-2,3,-1,2,-1,4,2,6,5,9,7,12,5,13,2,15,4,19,7,21,7,20,4,20,4,22,7,26,8,28,7,26"
30.304447174072266,475,"CSI,1438,128,101,81,22,0,-22,11,-21,11,-21,10,-21,11,-21,11,-20,12,-19,12,-19,12,-19,12,-18,12,-18,12,-18,12,-18,12,-18,12,-18,12,-18,12,-17,11,-17,10,-16,9,-16,9,-16,9,-15,8,-15,8,-15,7,-14,6,-4,1,0,0,0,0,0,0,0,0,0,0,0,0,0,0,0,0,0,0,-4,2,-15,10,-16,10,-17,10,-18,10,-19,10,-19,10,-20,10,-21,10,-22,10,-23,10,-23,9,-23,9,-23,8,-23,9,-23,9,-23,9,-23,9,-23,9,-23,9,-23,10,-23,10,-22,10,-22,10,-22,10,-23,10,-23,10"
30.337044954299927,476,"CSI,842,128,83,49,21,0,2,10,4,7,5,3,8,1,11,0,14,-1,15,-5,14,-11,12,-10,14,-5,18,-2,18,-2,18,-2,17,-1,13,0,11,0,10,-1,8,-2,5,-3,4,-3,5,-4,4,-4,0,-3,-2,-5,-2,-7,-1,-3,0,0,0,0,0,0,0,0,0,0,0,0,0,0,0,0,0,0,-3,0,-11,0,-10,1,-9,0,-9,-3,-9,-4,-8,-5,-6,-6,-4,-6,-2,-3,0,-1,1,1,1,4,2,7,2,11,0,15,-1,17,-3,17,-5,19,-7,22,-8,22,-6,22,-4,21,-4,20,-5,19,-7,18,-9,16"
30.411465167999268,477,"CSI,1439,128,101,81,22,0,-9,10,-8,10,-8,10,-8,10,-8,10,-7,9,-7,10,-6,10,-6,10,-6,10,-6,10,-6,10,-6,10,-6,9,-6,9,-6,9,-6,9,-6,8,-5,8,-6,7,-6,7,-5,6,-5,6,-5,6,-5,5,-2,1,0,0,0,0,0,0,0,0,0,0,0,0,0,0,0,0,0,0,-2,1,-5,7,-5,8,-6,8,-6,8,-7,8,-7,9,-7,9,-8,9,-8,9,-9,9,-9,9,-9,10,-9,9,-9,9,-9,9,-9,9,-9,9,-9,9,-9,10,-10,10,-9,10,-9,10,-8,10,-8,10,-9,10,-8,10"
30.447499990463257,478,"CSI,3774,128,-117,-78,40,0,-13,21,-12,20,-11,20,-12,20,-11,20,-11,20,-9,20,-9,20,-9,20,-8,20,-8,20,-8,19,-8,19,-8,19,-8,18,-8,18,-8,17,-7,16,-7,15,-8,15,-8,14,-7,13,-7,12,-7,12,-7,11,-2,2,0,0,0,0,0,0,0,0,0,0,0,0,0,0,0,0,0,0,-2,4,-7,16,-8,16,-8,17,-9,18,-10,18,-10,19,-11,20,-12,20,-13,20,-14,20,-14,20,-14,21,-14,21,-14,20,-15,20,-15,20,-14,20,-14,20,-14,20,-14,20,-14,21,-13,21,-12,21,-13,21,-13,21,-13,21"
30.476402044296265,479,"CSI,846,128,83,49,21,0,1,-6,-3,0,-8,3,-11,5,-15,6,-15,7,-16,8,-21,7,-22,10,-18,12,-16,12,-15,9,-14,6,-14,3,-12,2,-10,1,-7,1,-4,1,-3,2,-2,3,1,3,3,2,4,0,3,0,3,0,0,0,0,0,0,0,0,0,0,0,0,0,0,0,0,0,0,0,0,0,3,2,11,8,7,7,3,8,2,8,1,8,1,7,0,4,1,2,0,1,-3,-1,-4,-4,-2,-7,1,-9,3,-12,3,-16,5,-17,7,-18,7,-20,4,-21,4,-21,6,-19,7,-17,7,-18,8,-18,6,-18,2,-18"
30.534133911132812,480,"CSI,1440,128,101,81,22,0,-12,7,-12,7,-12,7,-12,7,-12,7,-11,7,-10,7,-10,7,-10,7,-10,7,-10,7,-9,7,-9,7,-9,7,-10,7,-9,7,-9,6,-8,5,-8,5,-8,5,-8,4,-8,4,-8,4,-7,3,-7,3,-2,0,0,0,0,0,0,0,0,0,0,0,0,0,0,0,0,0,0,0,-3,1,-9,7,-9,7,-10,7,-11,7,-11,8,-11,8,-12,8,-12,8,-13,8,-14,8,-14,7,-14,7,-14,7,-14,7,-14,7,-14,7,-14,7,-14,7,-14,7,-14,7,-13,7,-13,7,-13,7,-13,7,-13,8,-13,8"
30.564610958099365,481,"CSI,849,128,83,49,21,0,6,-9,2,-11,-2,-11,-5,-6,-10,-5,-14,-7,-17,-4,-19,1,-18,-1,-17,-7,-17,-8,-18,-7,-18,-6,-17,-7,-16,-7,-13,-4,-10,-1,-8,0,-7,-1,-7,0,-7,2,-4,2,0,3,1,4,-1,4,-1,0,0,0,0,0,0,0,0,0,0,0,0,0,0,0,0,0,0,0,1,1,4,6,4,8,3,8,3,8,2,9,0,10,-4,7,-4,4,-2,1,1,-1,5,-4,7,-6,7,-5,7,-3,8,-5,11,-8,13,-10,12,-11,12,-12,14,-13,15,-15,16,-15,16,-15,16,-15,17,-12,16,-8"
30.644863843917847,482,"CSI,1441,128,101,81,22,0,-6,-18,-7,-17,-7,-17,-7,-16,-6,-16,-7,-15,-7,-15,-8,-15,-7,-15,-7,-15,-8,-15,-7,-15,-7,-14,-7,-14,-7,-13,-6,-13,-6,-13,-6,-13,-5,-12,-5,-12,-4,-11,-4,-11,-3,-10,-3,-10,-3,-10,-1,-3,0,0,0,0,0,0,0,0,0,0,0,0,0,0,0,0,0,0,-3,-4,-9,-15,-9,-16,-9,-17,-9,-17,-9,-18,-9,-19,-9,-20,-8,-20,-8,-20,-7,-21,-7,-21,-6,-22,-6,-22,-6,-21,-6,-21,-6,-21,-7,-21,-6,-20,-6,-20,-6,-19,-6,-19,-7,-19,-7,-19,-7,-19,-7,-19,-8,-19"
30.675724983215332,483,"CSI,854,128,83,49,21,0,15,-5,10,-5,4,-6,-1,-7,-5,-8,-8,-11,-9,-12,-4,-11,-3,-16,-6,-22,-8,-22,-7,-23,-5,-24,-2,-21,0,-16,-1,-12,-3,-10,-3,-10,-2,-8,-2,-5,-2,-2,-1,-2,-2,1,-4,5,-4,6,-1,1,0,0,0,0,0,0,0,0,0,0,0,0,0,0,0,0,0,0,1,0,5,0,6,-1,6,1,7,3,6,4,5,6,4,8,3,6,4,4,4,3,3,-1,5,-4,8,-5,8,-6,10,-9,13,-10,16,-10,17,-11,17,-15,17,-16,18,-15,18,-13,19,-12,20,-11,21,-12,22,-15"
30.744787216186523,484,"CSI,857,128,83,49,21,0,-4,-3,0,-6,4,-10,7,-10,6,-11,6,-13,6,-16,3,-18,0,-15,1,-13,1,-13,1,-12,2,-12,1,-11,0,-9,1,-6,2,-4,0,0,-2,3,-1,4,-1,5,0,4,2,3,3,4,4,4,1,0,0,0,0,0,0,0,0,0,0,0,0,0,0,0,0,0,0,0,1,1,5,6,5,6,4,7,3,6,3,5,2,4,1,3,-1,3,-2,4,-4,5,-6,3,-8,1,-10,0,-12,-1,-13,-2,-16,-4,-19,-5,-19,-4,-20,-2,-24,1,-26,2,-24,0,-20,-2,-17,0,-15,2,-16,1"
30.77801203727722,485,"CSI,1442,128,101,81,22,0,15,17,15,16,15,16,15,15,15,14,15,14,16,14,16,14,15,13,15,13,15,13,15,13,15,13,15,12,15,12,14,13,13,13,12,13,12,13,11,12,10,11,9,11,9,10,8,10,8,11,1,2,0,0,0,0,0,0,0,0,0,0,0,0,0,0,0,0,0,0,3,3,15,14,15,14,16,15,16,16,16,16,17,18,17,19,17,19,17,20,16,20,16,20,16,21,16,21,16,21,15,21,15,20,16,20,16,19,15,19,16,18,16,18,16,18,16,18,16,18,17,17,18,18"
30.80852222442627,486,"CSI,2301,128,77,-47,20,0,-4,2,-7,-1,-9,-3,-13,-4,-16,-2,-15,-1,-15,1,-18,5,-18,6,-16,3,-16,1,-13,-2,-9,-3,-8,1,-9,4,-7,3,-3,1,-1,0,0,-1,2,-1,2,-1,2,-2,2,-2,2,-4,1,-6,0,-2,0,0,0,0,0,0,0,0,0,0,0,0,0,0,0,0,0,0,0,-2,1,-9,3,-10,2,-10,3,-7,3,-5,1,-4,2,-3,4,-1,5,1,5,2,4,3,5,6,4,10,2,10,4,9,7,10,9,12,9,15,10,16,13,16,13,19,11,19,12,15,13,13,12,10,12,4"
30.83908200263977,487,"CSI,2302,128,77,-47,20,0,-7,2,-3,-2,1,-3,2,-6,3,-12,4,-15,5,-17,6,-21,5,-20,4,-18,5,-16,5,-11,3,-11,1,-13,1,-11,1,-9,1,-6,0,-2,-2,0,-3,1,-3,1,-1,0,1,1,2,4,3,7,0,1,0,0,0,0,0,0,0,0,0,0,0,0,0,0,0,0,0,0,0,-2,2,-7,2,-7,4,-7,4,-7,3,-6,5,-5,4,-4,2,-3,1,0,3,1,1,1,-3,3,-5,5,-5,5,-6,8,-8,11,-9,12,-9,13,-11,14,-12,15,-11,16,-11,13,-11,13,-10,17,-7,17,-5,14"
30.867053031921387,488,"CSI,861,128,83,49,21,0,7,11,1,8,-4,3,-9,-2,-12,-4,-15,-5,-16,-2,-18,5,-17,5,-16,2,-15,0,-15,1,-17,2,-16,2,-14,0,-10,-1,-6,-2,-1,-3,1,-2,2,-1,2,-2,3,-4,3,-5,3,-5,4,-6,1,-2,0,0,0,0,0,0,0,0,0,0,0,0,0,0,0,0,0,0,-1,-2,1,-7,5,-7,9,-6,10,-6,9,-8,8,-9,8,-5,7,-2,5,-2,6,-2,4,-1,3,0,2,2,-2,5,-5,8,-6,12,-5,16,-1,17,1,20,0,23,3,24,6,24,5,23,5,21,6,19,8,18"
30.90422224998474,489,"CSI,1443,128,101,81,22,0,-15,13,-14,13,-14,13,-14,13,-14,14,-14,14,-12,14,-12,14,-12,14,-11,14,-11,14,-11,15,-11,14,-11,14,-12,14,-12,14,-11,13,-11,13,-11,12,-11,12,-11,11,-10,11,-10,10,-10,10,-10,9,-3,2,0,0,0,0,0,0,0,0,0,0,0,0,0,0,0,0,0,0,-3,3,-12,13,-12,13,-13,13,-14,14,-14,14,-15,14,-15,14,-16,14,-17,14,-18,14,-18,14,-18,13,-18,13,-18,13,-18,13,-18,12,-18,12,-17,13,-17,13,-17,13,-17,13,-16,13,-16,13,-16,13,-17,13,-17,13"
30.948666095733643,490,"CSI,865,128,83,49,21,0,4,3,4,1,5,-3,8,-8,11,-10,13,-10,12,-7,12,-2,17,-1,21,-2,20,-2,18,-3,13,-3,10,-1,9,1,7,-1,3,-4,2,-4,2,-5,2,-6,3,-5,2,-5,0,-7,-1,-8,-2,-8,-1,-2,0,0,0,0,0,0,0,0,0,0,0,0,0,0,0,0,0,0,-1,2,-4,9,-5,10,-5,8,-6,6,-8,6,-6,5,-3,3,-1,2,2,4,4,3,5,3,7,6,9,9,9,10,9,11,11,14,13,15,11,14,10,14,9,16,6,16,6,16,9,17,11,16,10,14,9,14"
30.992881059646606,491,"CSI,1444,128,101,81,22,0,-24,-8,-24,-8,-24,-7,-24,-6,-24,-6,-24,-6,-24,-6,-24,-6,-24,-5,-24,-5,-24,-5,-24,-5,-24,-4,-24,-4,-24,-4,-24,-5,-23,-6,-22,-6,-22,-6,-21,-6,-20,-5,-19,-6,-19,-6,-18,-6,-18,-7,-5,-2,0,0,0,0,0,0,0,0,0,0,0,0,0,0,0,0,0,0,-5,-2,-20,-5,-20,-6,-21,-6,-21,-7,-22,-7,-23,-8,-23,-9,-23,-10,-24,-10,-24,-10,-24,-11,-23,-12,-23,-12,-23,-12,-23,-11,-24,-11,-23,-11,-23,-11,-23,-10,-24,-9,-24,-9,-24,-9,-24,-10,-24,-9,-25,-9,-26,-9"
31.022804260253906,492,"CSI,1505,128,83,49,21,0,12,2,13,0,14,-2,11,-3,11,0,11,3,6,2,3,1,3,2,3,1,2,-1,3,-3,0,-3,-5,-4,-6,-5,-6,-6,-8,-7,-7,-7,-6,-8,-5,-9,-5,-9,-4,-7,-3,-5,-3,-3,-3,-2,-1,-1,0,0,0,0,0,0,0,0,0,0,0,0,0,0,0,0,0,0,-1,-2,-4,-7,-5,-7,-6,-6,-5,-5,-3,-6,-2,-5,-2,-4,-2,-3,-3,-1,-2,2,-2,3,-4,3,-2,5,-1,6,-1,6,-2,9,-2,11,-3,9,-5,10,-4,10,-1,9,-1,7,0,6,0,5,1,2,3,1"
31.095598936080933,493,"CSI,1445,128,101,81,22,0,-24,-3,-23,-3,-24,-2,-24,-2,-23,-1,-23,-1,-23,-1,-22,-1,-22,0,-22,0,-21,0,-21,0,-21,0,-22,0,-21,0,-21,0,-20,-1,-19,-2,-18,-2,-18,-2,-17,-2,-16,-2,-16,-2,-15,-2,-14,-3,-4,-1,0,0,0,0,0,0,0,0,0,0,0,0,0,0,0,0,0,0,-5,-1,-20,-2,-21,-2,-21,-3,-22,-3,-23,-4,-24,-4,-24,-5,-25,-6,-25,-6,-26,-6,-26,-7,-25,-7,-25,-7,-25,-7,-25,-7,-25,-7,-25,-7,-25,-7,-25,-6,-25,-5,-25,-5,-25,-5,-25,-4,-25,-4,-25,-4,-26,-4"
31.153687953948975,494,"CSI,874,128,83,49,21,0,9,1,4,2,-2,2,-7,1,-13,-2,-15,-4,-17,-3,-25,-2,-27,-2,-23,0,-19,1,-18,2,-17,3,-14,4,-11,2,-9,0,-6,0,-2,0,-1,0,1,1,4,2,6,0,7,-2,7,-3,7,-3,1,-1,0,0,0,0,0,0,0,0,0,0,0,0,0,0,0,0,0,0,-3,0,-11,-1,-13,-5,-12,-7,-9,-7,-5,-6,-4,-6,-3,-6,0,-4,2,-2,3,0,4,1,7,0,8,1,8,3,8,4,10,5,15,5,19,5,20,7,19,10,19,12,20,10,20,7,19,5,17,5,15,5"
31.206337928771973,495,"CSI,1446,128,101,81,22,0,15,-20,14,-20,14,-20,14,-20,14,-20,14,-20,12,-20,12,-20,12,-20,11,-20,11,-20,11,-19,11,-19,11,-18,12,-17,12,-17,11,-17,11,-16,11,-15,11,-14,11,-13,10,-12,10,-11,10,-10,10,-10,2,-3,0,0,0,0,0,0,0,0,0,0,0,0,0,0,0,0,0,0,2,-5,10,-18,10,-18,11,-19,12,-19,12,-20,13,-20,13,-21,14,-22,16,-22,17,-22,17,-21,17,-21,17,-21,18,-21,18,-21,17,-21,17,-21,17,-21,17,-21,17,-21,17,-21,16,-21,15,-21,16,-21,17,-21,17,-22"
31.313880920410156,496,"CSI,1447,128,101,81,22,0,11,16,11,16,11,15,11,14,11,14,11,14,12,14,12,14,12,13,12,14,12,14,11,13,11,13,11,13,11,12,10,13,10,13,9,13,9,12,8,11,7,11,7,11,6,10,6,10,5,10,1,2,0,0,0,0,0,0,0,0,0,0,0,0,0,0,0,0,0,0,2,2,10,9,10,9,10,10,10,11,11,11,11,12,12,14,12,14,11,14,11,15,11,16,11,17,11,17,11,17,11,16,11,17,11,17,11,17,11,16,11,16,11,16,12,16,12,16,12,16,12,16,13,16"
31.427490949630737,497,"CSI,2304,128,77,-47,20,0,-7,-6,-4,-6,-3,-5,-1,-6,1,-8,1,-10,-2,-9,-6,-9,-3,-9,1,-9,1,-6,2,-7,2,-12,1,-12,1,-8,1,-6,0,-3,-1,0,1,2,3,1,3,1,3,2,4,2,5,1,4,-1,1,-1,0,0,0,0,0,0,0,0,0,0,0,0,0,0,0,0,0,0,0,1,0,6,-2,6,-4,7,-6,6,-4,5,-3,3,-4,2,-5,1,-5,0,-7,-1,-7,-2,-5,-2,-6,-4,-9,-7,-10,-8,-11,-8,-11,-8,-10,-7,-11,-7,-13,-8,-14,-10,-14,-11,-12,-10,-13,-8,-12,-7,-12,-6"
31.46370506286621,498,"CSI,1448,128,101,81,22,0,-14,-7,-14,-7,-13,-6,-13,-6,-13,-5,-13,-5,-13,-5,-13,-5,-13,-5,-13,-5,-13,-5,-13,-5,-13,-4,-13,-4,-13,-4,-12,-4,-12,-5,-11,-5,-11,-5,-11,-4,-10,-4,-10,-4,-9,-4,-9,-4,-8,-5,-2,-2,0,0,0,0,0,0,0,0,0,0,0,0,0,0,0,0,0,0,-3,-1,-9,-4,-9,-4,-10,-4,-10,-4,-11,-5,-11,-5,-12,-6,-12,-6,-12,-6,-12,-6,-12,-7,-12,-8,-12,-8,-12,-8,-13,-8,-13,-8,-13,-8,-13,-8,-13,-7,-13,-7,-13,-7,-13,-7,-13,-7,-13,-7,-14,-7,-14,-7"
31.491435050964355,499,"CSI,886,128,83,49,21,0,9,3,7,2,6,2,6,1,4,1,2,5,-1,7,-3,5,-4,5,-5,7,-5,9,-3,9,-2,9,-1,10,1,8,0,5,-2,4,-2,2,-2,1,-2,2,-2,2,-3,2,-4,2,-5,2,-7,1,-2,0,0,0,0,0,0,0,0,0,0,0,0,0,0,0,0,0,0,0,-1,-3,-2,-9,0,-8,3,-8,5,-8,4,-6,3,-4,4,-3,8,-3,10,-4,10,-4,8,-3,7,-1,9,2,8,4,8,4,10,3,9,2,7,4,9,5,12,6,13,5,14,4,15,5,14,7,14,7,13,4"
31.533096075057983,500,"CSI,3778,128,-117,-78,40,0,-12,-23,-12,-22,-12,-22,-12,-21,-12,-20,-12,-20,-13,-20,-13,-21,-13,-20,-13,-20,-13,-20,-13,-20,-13,-19,-13,-19,-12,-19,-11,-19,-11,-19,-10,-19,-10,-18,-9,-17,-8,-16,-8,-16,-7,-15,-7,-15,-6,-14,-2,-4,0,0,0,0,0,0,0,0,0,0,0,0,0,0,0,0,0,0,-3,-3,-10,-12,-10,-13,-10,-14,-10,-15,-11,-16,-12,-17,-12,-18,-12,-19,-11,-19,-11,-20,-10,-21,-11,-22,-10,-23,-10,-23,-11,-23,-11,-23,-11,-23,-11,-23,-11,-22,-11,-22,-12,-22,-12,-22,-12,-23,-12,-23,-12,-23,-13,-23"
31.568671941757202,501,"CSI,1449,128,101,81,22,0,-1,-21,-2,-21,-2,-21,-2,-20,-2,-20,-2,-20,-3,-20,-3,-21,-3,-21,-3,-21,-3,-21,-3,-20,-3,-20,-4,-20,-3,-20,-3,-20,-2,-20,-2,-19,-2,-19,-2,-18,-1,-17,-1,-17,-1,-16,0,-16,0,-15,0,-4,0,0,0,0,0,0,0,0,0,0,0,0,0,0,0,0,0,0,-1,-3,-3,-10,-3,-11,-2,-12,-2,-12,-2,-13,-3,-14,-3,-15,-2,-15,-2,-16,-1,-16,-1,-17,-1,-18,-1,-18,0,-18,0,-18,-1,-19,-1,-19,-1,-19,0,-19,-1,-19,-1,-19,-1,-20,-2,-20,-1,-20,-1,-20,-2,-21"
31.653171062469482,502,"CSI,1450,128,101,81,22,0,-20,2,-20,2,-20,3,-20,3,-20,3,-20,4,-19,4,-19,4,-19,4,-19,4,-19,4,-18,4,-18,4,-19,5,-19,5,-18,4,-18,3,-17,3,-17,2,-16,2,-16,2,-15,2,-15,2,-14,1,-14,0,-4,0,0,0,0,0,0,0,0,0,0,0,0,0,0,0,0,0,0,0,-3,0,-13,3,-13,3,-14,3,-14,3,-15,3,-16,2,-16,2,-17,2,-18,2,-18,2,-19,1,-19,0,-19,0,-19,0,-19,0,-20,1,-19,1,-19,1,-20,1,-20,2,-20,2,-20,2,-20,2,-20,2,-21,2,-22,3"
31.685664892196655,503,"CSI,894,128,83,49,21,0,-12,-3,-9,-5,-7,-7,-7,-10,-8,-11,-10,-11,-7,-11,1,-12,2,-15,-4,-15,-6,-14,-6,-11,-5,-8,-5,-6,-3,-6,-1,-6,1,-5,3,-3,3,-1,3,1,3,-1,4,-3,5,-4,5,-5,6,-7,1,-2,0,0,0,0,0,0,0,0,0,0,0,0,0,0,0,0,0,0,0,1,2,7,-1,8,-3,7,-6,5,-8,4,-7,4,-5,3,-3,2,-6,-1,-11,-1,-12,1,-12,0,-13,-2,-12,-4,-10,-4,-10,-5,-9,-6,-9,-6,-12,-5,-16,-4,-18,-4,-19,-4,-18,-4,-16,-5,-16,-4,-16,-2"
31.753360986709595,504,"CSI,2305,128,75,-79,20,0,0,0,-5,-2,-7,-5,-7,-9,-8,-12,-9,-14,-8,-14,-7,-12,-6,-12,-8,-12,-11,-10,-12,-12,-10,-12,-7,-10,-3,-6,-3,-2,-4,0,-3,0,-3,3,-3,5,-3,7,-2,8,-1,8,0,9,0,12,0,3,0,0,0,0,0,0,0,0,0,0,0,0,0,0,0,0,0,0,-2,0,-8,3,-9,1,-9,-1,-8,-2,-5,-2,-5,-3,-5,-2,-1,0,3,0,5,1,6,3,8,4,9,6,8,7,7,7,10,8,11,8,11,8,14,12,16,15,15,13,13,10,10,10,10,11,11,8,11,4"
31.783972024917603,505,"CSI,2306,128,75,-79,20,0,6,-4,5,-1,4,3,8,5,15,7,16,7,14,3,13,0,13,5,14,8,15,4,13,1,9,-1,7,-5,8,-4,5,0,1,-1,-1,-3,-3,-4,-6,-6,-8,-7,-7,-7,-8,-6,-9,-7,-8,-8,-2,-3,0,0,0,0,0,0,0,0,0,0,0,0,0,0,0,0,0,0,1,-1,7,-2,5,-2,5,-3,6,-2,5,-1,2,0,0,-1,-1,0,-3,0,-5,-2,-7,-3,-8,-3,-8,-4,-10,-4,-15,-3,-19,-3,-19,-4,-17,-5,-17,-6,-19,-5,-20,-8,-19,-13,-16,-9,-16,0,-15,3,-8,-6"
31.814619064331055,506,"CSI,1451,128,101,81,22,0,11,20,11,20,11,19,11,19,11,18,11,17,12,17,12,17,12,17,12,17,12,17,11,17,11,16,12,16,11,15,10,16,10,16,9,16,9,15,8,14,7,13,7,13,6,12,5,12,5,12,1,3,0,0,0,0,0,0,0,0,0,0,0,0,0,0,0,0,0,0,2,3,10,15,10,16,10,17,10,17,10,18,10,20,11,21,11,21,10,21,10,22,9,23,9,23,9,23,9,23,9,22,9,22,10,22,10,22,10,21,10,21,11,21,11,21,11,21,11,21,11,21,12,21"
31.845155000686646,507,"CSI,898,128,83,49,21,0,1,0,3,-3,0,-8,-3,-9,-3,-10,-3,-13,-1,-17,3,-20,1,-20,-1,-18,-2,-15,-3,-12,-4,-11,-4,-10,-3,-8,-4,-5,-6,-2,-5,1,-6,3,-7,2,-6,2,-5,2,-5,5,-5,7,-5,7,-1,1,0,0,0,0,0,0,0,0,0,0,0,0,0,0,0,0,0,0,-2,-1,-5,-2,-7,-1,-8,-2,-7,-4,-4,-4,-4,-4,-5,-4,-3,-4,0,-3,3,1,5,5,6,7,7,9,8,12,6,13,6,12,8,12,9,13,6,16,5,17,4,16,3,16,5,14,7,11,4,10,3,9"
31.87563991546631,508,"CSI,2307,128,75,-79,20,0,2,-1,-1,0,-4,3,-9,7,-10,9,-10,9,-10,7,-8,7,-9,9,-12,11,-11,9,-8,10,-6,12,-4,9,-1,6,2,5,2,3,1,2,-1,2,1,1,3,-1,4,-2,6,-4,7,-6,6,-6,1,-2,0,0,0,0,0,0,0,0,0,0,0,0,0,0,0,0,0,0,1,1,4,7,3,9,3,9,1,8,-2,6,-2,3,-2,1,-2,1,-1,1,0,0,2,-2,5,-8,5,-12,5,-11,5,-11,8,-14,10,-15,9,-15,7,-16,9,-16,11,-15,11,-13,10,-12,8,-12,6,-10,3,-6"
31.906171083450317,509,"CSI,902,128,83,49,21,0,-2,3,-1,-1,2,-2,5,-1,9,-2,13,-1,15,-4,12,-8,11,-3,13,-1,12,-3,11,-2,10,-2,9,-3,9,-2,9,-1,9,-1,6,0,3,-2,0,-2,-3,-1,-5,0,-6,0,-8,-1,-10,0,-3,0,0,0,0,0,0,0,0,0,0,0,0,0,0,0,0,0,0,0,0,-2,3,-5,4,-5,5,-7,4,-7,4,-6,3,-2,0,0,0,-3,1,-2,-1,1,-5,4,-7,5,-10,6,-12,9,-13,10,-14,8,-16,8,-17,8,-17,4,-17,2,-17,4,-15,7,-13,6,-13,4,-14,4,-13,3"
31.937089920043945,510,"CSI,1452,128,101,81,22,0,-6,24,-6,25,-6,25,-6,24,-6,24,-5,24,-4,24,-4,25,-4,25,-3,25,-3,25,-3,25,-3,25,-3,24,-4,24,-4,24,-4,24,-4,23,-4,22,-5,21,-5,20,-5,19,-5,19,-5,18,-5,17,-2,4,0,0,0,0,0,0,0,0,0,0,0,0,0,0,0,0,0,0,-1,3,-2,13,-2,14,-3,15,-4,16,-4,16,-4,17,-4,19,-5,19,-6,19,-7,20,-7,20,-7,21,-7,21,-8,21,-8,21,-8,21,-8,22,-8,22,-8,22,-8,22,-8,23,-7,23,-6,23,-7,23,-8,23,-8,24"
31.991839170455933,511,"CSI,1453,128,101,81,22,0,0,19,0,19,1,19,0,18,0,18,1,18,1,18,2,18,2,18,2,18,2,18,2,18,2,18,2,17,1,17,1,17,1,17,1,17,0,16,0,15,-1,14,-1,14,-1,13,-1,13,-1,12,-1,3,0,0,0,0,0,0,0,0,0,0,0,0,0,0,0,0,0,0,0,2,2,12,2,12,1,13,1,13,1,14,1,15,1,16,0,16,0,17,-1,17,-1,17,-1,18,-1,18,-1,18,-1,18,-2,18,-1,18,-1,18,-1,18,-1,18,-1,18,0,19,0,19,0,19,0,19,1,20"
32.11176013946533,512,"CSI,1454,128,101,81,22,0,13,-21,12,-21,12,-21,12,-21,13,-21,12,-21,11,-21,10,-21,10,-22,9,-22,9,-22,9,-21,9,-21,10,-20,10,-20,10,-19,10,-19,10,-18,10,-17,10,-16,10,-15,10,-14,10,-14,9,-13,9,-12,2,-3,0,0,0,0,0,0,0,0,0,0,0,0,0,0,0,0,0,0,2,-5,8,-17,8,-17,9,-18,10,-18,11,-19,11,-20,12,-20,13,-20,14,-20,15,-20,15,-21,15,-21,15,-21,15,-21,15,-20,15,-20,15,-20,15,-20,15,-20,15,-20,15,-21,14,-21,13,-21,13,-21,14,-22,14,-23"
32.22022008895874,513,"CSI,1455,128,101,81,22,0,-14,19,-14,19,-14,19,-14,19,-14,19,-13,19,-12,20,-12,20,-12,20,-12,20,-11,21,-12,21,-12,21,-12,20,-13,20,-13,20,-13,19,-12,18,-13,17,-13,17,-13,16,-12,15,-12,14,-12,13,-12,13,-3,3,0,0,0,0,0,0,0,0,0,0,0,0,0,0,0,0,0,0,-2,2,-8,10,-9,11,-9,11,-10,12,-11,12,-11,13,-11,13,-12,14,-13,14,-14,14,-14,14,-14,14,-14,14,-14,14,-14,15,-14,14,-14,15,-14,15,-14,16,-15,16,-14,16,-13,17,-13,17,-13,17,-14,17,-15,17"
32.28027606010437,514,"CSI,917,128,83,49,21,0,13,-1,9,-4,9,-5,10,-10,9,-16,8,-18,8,-20,8,-23,8,-23,7,-21,9,-18,9,-16,7,-16,5,-17,6,-16,8,-12,6,-8,2,-8,0,-8,-1,-6,-2,-5,-3,-5,-6,-4,-6,-5,-5,-5,-2,-2,0,0,0,0,0,0,0,0,0,0,0,0,0,0,0,0,0,0,1,2,6,10,5,7,4,6,3,8,1,9,-1,6,-2,3,-3,3,-2,1,1,-2,3,-2,6,-3,7,-4,8,-4,13,-4,20,1,22,4,21,3,21,2,23,3,24,3,21,4,19,4,20,4,19,3,16,4"
32.33191800117493,515,"CSI,1456,128,101,81,22,0,-21,10,-20,10,-20,11,-20,11,-20,11,-20,12,-19,12,-19,12,-19,12,-19,12,-18,12,-18,12,-18,12,-19,12,-19,12,-19,12,-18,11,-18,10,-17,9,-17,9,-17,9,-17,8,-16,7,-16,7,-15,6,-4,1,0,0,0,0,0,0,0,0,0,0,0,0,0,0,0,0,0,0,-3,2,-12,9,-12,9,-13,10,-14,10,-15,10,-15,10,-16,10,-17,10,-18,10,-19,10,-19,10,-19,9,-20,9,-20,9,-20,9,-21,9,-20,9,-20,9,-21,10,-21,10,-21,10,-20,10,-20,10,-21,10,-21,11,-22,11"
32.38135313987732,516,"CSI,921,128,83,49,21,0,15,5,17,1,17,-1,16,-3,16,-3,17,-1,16,1,13,1,13,3,15,3,14,1,13,1,12,2,12,2,12,0,9,-1,6,1,7,0,7,-2,6,-2,4,-2,4,-5,4,-6,2,-6,2,-7,0,-2,0,0,0,0,0,0,0,0,0,0,0,0,0,0,0,0,0,0,1,1,5,6,4,7,3,8,3,8,2,6,4,4,5,2,5,0,8,-1,11,3,11,5,13,4,17,5,18,8,20,9,21,10,19,12,16,13,16,14,19,14,19,14,16,14,14,12,13,11,14,11,16,9"
32.446924924850464,517,"CSI,1457,128,101,81,22,0,15,-12,15,-12,15,-12,15,-12,14,-12,14,-12,13,-12,13,-13,12,-13,12,-13,12,-13,12,-13,12,-13,12,-12,12,-12,12,-12,12,-11,11,-11,11,-10,11,-9,11,-9,10,-8,10,-8,10,-7,9,-7,2,-2,0,0,0,0,0,0,0,0,0,0,0,0,0,0,0,0,0,0,2,-3,11,-11,11,-12,12,-12,13,-12,14,-12,14,-12,14,-12,15,-12,16,-12,17,-12,17,-11,17,-11,17,-11,17,-11,17,-11,17,-11,17,-11,16,-11,17,-11,17,-11,17,-11,16,-11,16,-11,16,-11,16,-12,16,-12"
32.47756791114807,518,"CSI,1560,128,83,49,21,0,17,0,20,-1,22,-2,19,-2,13,-3,12,-4,10,-3,5,-1,5,-2,7,-3,4,-3,1,-3,-1,-3,-2,-5,-3,-8,-6,-8,-8,-7,-8,-7,-4,-7,-2,-4,-4,-2,-7,-5,-5,-6,-3,-2,-6,1,-2,0,0,0,0,0,0,0,0,0,0,0,0,0,0,0,0,0,0,0,-1,-3,-2,-10,-2,-10,0,-10,1,-10,-1,-9,-1,-8,-1,-7,-3,-4,-2,0,-1,1,-3,2,-5,6,-9,9,-11,9,-8,9,-7,10,-10,11,-11,11,-11,12,-9,12,-8,10,-5,5,-1,3,2,4,4,6,6,8"
32.513660192489624,519,"CSI,925,128,83,49,21,0,-15,-11,-14,-5,-14,-2,-13,0,-13,3,-14,5,-17,11,-19,15,-19,13,-19,9,-20,4,-21,1,-22,1,-22,0,-21,0,-18,0,-12,2,-8,5,-7,4,-5,2,-4,4,-4,5,-3,6,-2,8,-2,11,-1,3,0,0,0,0,0,0,0,0,0,0,0,0,0,0,0,0,0,0,-1,-3,-4,-11,-3,-12,-2,-13,-3,-12,-3,-11,-3,-12,-2,-11,0,-10,1,-10,-1,-10,-6,-9,-10,-9,-11,-9,-11,-10,-13,-11,-16,-12,-15,-15,-13,-17,-17,-18,-20,-19,-20,-22,-21,-22,-23,-21,-22,-23,-19,-23,-18,-24"
32.541468143463135,520,"CSI,3782,128,-117,-78,40,0,2,14,2,14,2,13,2,13,2,13,2,13,3,13,3,13,3,13,4,13,4,13,4,13,4,13,4,13,4,13,3,13,3,13,3,12,3,12,2,11,2,11,2,11,2,10,2,10,1,10,0,2,0,0,0,0,0,0,0,0,0,0,0,0,0,0,0,0,0,0,0,2,2,9,2,9,2,10,1,10,1,10,1,11,1,12,1,12,1,12,0,12,0,13,0,13,0,13,0,13,0,13,0,13,0,13,0,13,0,13,0,13,0,13,1,13,2,13,2,13,1,13,1,13"
32.57207012176514,521,"CSI,1565,128,83,49,21,0,-4,13,-6,15,-6,20,-6,22,-3,18,-2,15,-3,11,-1,4,1,2,0,4,-2,4,-2,4,-1,2,0,0,3,-1,7,0,11,1,13,0,12,-2,8,-2,7,-3,8,-3,8,-2,5,-1,2,1,0,0,0,0,0,0,0,0,0,0,0,0,0,0,0,0,0,0,0,0,2,-1,9,-4,10,-5,10,-5,9,-4,7,-3,4,-1,1,-1,-1,-2,-3,-2,-6,-4,-9,-8,-12,-11,-13,-12,-10,-12,-9,-13,-12,-14,-12,-14,-11,-9,-11,-6,-11,-6,-9,-6,-5,-3,-5,0,-7,1,-7,4,-8,7"
32.599889039993286,522,"CSI,1458,128,101,81,22,0,5,23,6,24,6,23,7,23,7,22,7,22,8,22,9,23,9,22,9,23,9,23,9,23,9,22,9,22,9,22,8,22,8,22,8,22,7,21,6,20,5,19,5,19,5,18,4,18,4,18,0,4,0,0,0,0,0,0,0,0,0,0,0,0,0,0,0,0,0,0,1,3,6,14,6,15,5,16,5,17,5,18,5,19,5,21,5,21,4,21,4,22,4,23,4,23,3,24,3,24,3,23,3,23,4,24,4,23,4,23,4,23,4,23,5,23,6,24,6,24,5,24,6,25"
32.63301491737366,523,"CSI,930,128,83,49,21,0,14,15,15,10,11,1,8,-4,9,-6,13,-10,18,-17,23,-19,23,-20,21,-20,21,-16,20,-12,22,-10,21,-7,18,-6,17,-5,16,-4,12,-4,7,-4,3,-5,1,-6,0,-7,-1,-10,-4,-12,-6,-11,-2,-3,0,0,0,0,0,0,0,0,0,0,0,0,0,0,0,0,0,0,0,2,4,8,4,9,2,10,1,9,1,11,1,13,0,13,-3,12,-4,11,-3,9,-2,9,-1,9,3,6,4,3,8,4,14,5,16,4,16,7,20,8,25,9,25,12,25,16,26,21,26,23,26,23,25,23"
32.66638898849487,524,"CSI,1569,128,83,49,21,0,-22,3,-22,2,-22,1,-22,-1,-18,-2,-17,-2,-15,-1,-9,-2,-6,-4,-9,-4,-10,0,-9,2,-8,2,-7,3,-5,5,-5,6,-9,5,-10,4,-10,4,-11,4,-10,5,-8,3,-5,2,-5,1,-5,0,-1,0,0,0,0,0,0,0,0,0,0,0,0,0,0,0,0,0,0,0,-1,-3,-2,-10,-1,-9,0,-8,0,-7,2,-6,2,-5,-2,-3,-5,-2,-7,-3,-8,-3,-10,-4,-11,-7,-10,-8,-11,-9,-13,-12,-12,-14,-12,-15,-13,-13,-12,-12,-10,-10,-10,-9,-10,-6,-9,-5,-9,-3,-10,-1,-10,-2"
32.70269298553467,525,"CSI,1459,128,101,81,22,0,-22,-8,-22,-8,-22,-8,-22,-7,-22,-7,-22,-6,-22,-6,-22,-6,-22,-6,-22,-6,-22,-5,-22,-5,-23,-5,-23,-5,-22,-5,-22,-5,-21,-6,-21,-6,-20,-6,-19,-6,-19,-6,-18,-6,-18,-6,-17,-6,-16,-7,-4,-2,0,0,0,0,0,0,0,0,0,0,0,0,0,0,0,0,0,0,-5,-1,-17,-4,-17,-4,-17,-5,-18,-6,-19,-6,-19,-7,-20,-8,-20,-9,-21,-9,-21,-9,-21,-10,-21,-11,-21,-11,-21,-11,-21,-11,-21,-11,-21,-11,-21,-11,-21,-10,-22,-9,-22,-9,-22,-9,-22,-10,-22,-9,-23,-9,-23,-9"
32.735886096954346,526,"CSI,934,128,83,49,21,0,14,-7,8,-5,4,-5,1,-9,-1,-15,-3,-20,-7,-21,-11,-24,-10,-25,-7,-23,-5,-22,-3,-22,-3,-22,-4,-22,-3,-20,-2,-16,-2,-12,-3,-10,-3,-7,-1,-5,-3,-3,-6,-1,-7,0,-8,1,-11,3,-3,1,0,0,0,0,0,0,0,0,0,0,0,0,0,0,0,0,0,0,1,2,5,9,5,9,6,10,6,10,4,11,2,13,1,13,1,10,0,8,2,7,3,3,2,-1,4,-3,9,-3,13,-1,15,-1,16,-3,17,-4,20,-5,24,-4,27,-2,29,-1,31,-1,30,-1,26,-1,23,0"
32.76646327972412,527,"CSI,1573,128,83,49,21,0,7,-19,8,-21,9,-23,9,-22,10,-20,11,-17,6,-13,0,-7,0,-5,2,-7,0,-7,-3,-5,-5,-2,-7,-4,-8,-7,-8,-8,-10,-7,-11,-8,-9,-9,-8,-12,-7,-13,-6,-10,-6,-7,-6,-4,-5,-4,-1,-1,0,0,0,0,0,0,0,0,0,0,0,0,0,0,0,0,0,0,-1,2,-2,8,0,7,0,7,-1,7,-2,5,-3,3,-1,1,1,-1,4,-1,6,-1,8,-2,11,-2,14,-2,15,-1,15,1,14,3,15,5,16,6,11,4,8,1,7,1,6,1,6,-2,5,-4,3,-6,1,-11"
32.79706406593323,528,"CSI,1460,128,101,81,22,0,-2,23,-2,23,-1,23,-1,22,-1,22,-1,22,0,22,1,22,1,22,1,22,2,22,1,22,1,21,1,21,1,21,0,21,0,20,0,20,0,19,-1,18,-1,17,-1,16,-1,16,-2,15,-2,14,-1,3,0,0,0,0,0,0,0,0,0,0,0,0,0,0,0,0,0,0,0,4,1,16,1,17,0,18,0,18,0,19,0,20,-1,21,-1,22,-2,22,-3,22,-3,23,-3,23,-3,24,-3,23,-4,23,-4,23,-4,23,-3,23,-3,23,-3,23,-3,23,-3,23,-2,24,-2,23,-2,24,-2,25"
32.824926137924194,529,"CSI,937,128,83,49,21,0,8,9,11,4,14,-1,14,-2,17,-2,21,-3,21,0,19,4,21,4,22,2,20,1,18,2,17,2,15,2,13,2,11,1,8,-1,8,-2,8,-3,6,-3,4,-4,4,-6,3,-8,0,-9,-2,-9,-1,-2,0,0,0,0,0,0,0,0,0,0,0,0,0,0,0,0,0,0,0,1,0,7,0,7,-2,7,-4,8,-5,9,-3,10,-4,8,-4,5,-1,6,1,5,-1,4,1,6,4,7,5,8,7,11,9,13,11,13,12,15,11,18,12,21,14,24,12,26,8,25,5,22,5,22,5,24"
32.854992151260376,530,"CSI,1577,128,83,49,21,0,4,15,4,16,5,17,4,19,2,18,2,16,-2,15,-4,13,0,9,2,5,0,3,1,3,4,2,5,-2,5,-6,6,-7,8,-8,8,-7,7,-5,6,-6,6,-7,5,-5,4,-2,1,-2,2,-2,0,-1,0,0,0,0,0,0,0,0,0,0,0,0,0,0,0,0,0,0,1,-2,4,-7,3,-6,3,-5,2,-6,3,-7,5,-5,3,-4,-1,-2,-3,0,-4,0,-7,-2,-10,-2,-13,-1,-14,-1,-14,-3,-14,-3,-14,-2,-14,-2,-14,-4,-13,-7,-12,-6,-8,-3,-3,0,-1,5,1,7,4,5"
32.89759302139282,531,"CSI,1461,128,101,81,22,0,15,-17,14,-18,14,-17,14,-18,14,-18,14,-18,13,-18,12,-19,12,-19,12,-19,11,-19,11,-19,11,-19,12,-19,12,-18,13,-18,12,-17,12,-17,11,-16,12,-15,12,-15,11,-14,11,-13,11,-12,11,-12,2,-3,0,0,0,0,0,0,0,0,0,0,0,0,0,0,0,0,0,0,2,-4,9,-14,9,-14,10,-15,11,-15,12,-15,12,-16,13,-16,14,-16,15,-16,16,-16,16,-16,16,-16,16,-16,16,-16,16,-16,16,-16,16,-16,16,-16,16,-16,16,-16,16,-17,15,-17,15,-17,15,-17,16,-17,16,-17"
32.929264068603516,532,"CSI,942,128,83,49,21,0,0,-11,-3,-7,-7,-5,-11,-3,-15,-2,-19,-2,-20,-5,-20,-8,-23,-8,-25,-6,-24,-5,-24,-6,-22,-6,-20,-5,-19,-6,-16,-5,-11,-4,-9,-2,-7,-1,-5,0,-5,2,-4,4,-3,6,-3,8,-2,10,-1,2,0,0,0,0,0,0,0,0,0,0,0,0,0,0,0,0,0,0,1,-2,7,-6,7,-3,5,-4,5,-5,7,-3,8,-4,8,-4,8,-3,9,-2,6,-3,2,-5,0,-8,-1,-10,-2,-10,-1,-12,-2,-15,-5,-18,-6,-21,-4,-24,-2,-27,-1,-28,0,-28,0,-26,0,-23,0,-22,-1,-20"
32.99766802787781,533,"CSI,946,128,83,49,21,0,-6,9,-1,6,1,4,2,7,5,10,8,12,7,12,6,10,7,11,8,15,5,17,5,18,4,16,3,13,3,12,2,11,2,8,2,5,2,2,2,1,4,-1,5,-1,4,0,4,0,4,-1,1,-1,0,0,0,0,0,0,0,0,0,0,0,0,0,0,0,0,0,0,-3,0,-11,1,-11,3,-10,3,-8,2,-7,2,-8,2,-7,3,-4,1,-4,1,-4,4,-3,6,-2,5,-3,4,-4,6,-4,11,-4,16,-8,18,-11,17,-12,17,-14,17,-15,13,-14,13,-13,15,-12,15,-9,14,-8,15"
33.02831196784973,534,"CSI,1462,128,101,81,22,0,-4,24,-3,24,-3,24,-3,23,-3,23,-2,23,-1,23,0,23,0,22,0,22,1,22,1,22,0,22,0,21,0,21,0,21,0,21,0,20,-1,19,-1,18,-1,17,-1,16,-1,16,-1,15,-2,15,-1,3,0,0,0,0,0,0,0,0,0,0,0,0,0,0,0,0,0,0,0,4,0,17,-1,18,-1,19,-2,20,-2,21,-2,22,-3,23,-3,23,-4,24,-5,24,-5,24,-5,25,-5,25,-6,25,-6,25,-6,24,-6,24,-6,24,-6,24,-6,24,-5,24,-5,24,-4,24,-4,24,-4,25,-5,25"
33.10026407241821,535,"CSI,950,128,83,49,21,0,2,4,4,7,5,7,5,5,7,5,12,6,12,6,10,2,11,1,10,4,9,6,9,6,10,6,10,4,10,3,8,2,5,0,3,0,2,0,2,-3,1,-3,0,-2,-2,-2,-4,-2,-6,-4,-2,-2,0,0,0,0,0,0,0,0,0,0,0,0,0,0,0,0,0,0,2,-2,10,-3,9,-1,7,-1,5,-1,4,0,1,0,-3,0,-4,-1,-3,-3,-3,-3,-7,0,-11,0,-13,-3,-16,-6,-16,-8,-17,-8,-17,-6,-17,-7,-17,-7,-17,-5,-16,-5,-14,-8,-11,-7,-9,-5,-10,-2,-10,2"
33.13338899612427,536,"CSI,1463,128,101,81,22,0,14,13,14,13,15,12,15,11,15,11,15,11,15,11,15,10,15,10,15,10,15,10,14,10,14,9,15,9,14,9,14,10,13,10,13,10,12,9,11,8,11,8,10,8,10,8,9,8,9,8,2,2,0,0,0,0,0,0,0,0,0,0,0,0,0,0,0,0,0,0,3,1,12,7,12,8,12,8,13,9,13,9,14,11,14,12,14,12,14,12,14,13,14,14,14,14,14,15,14,14,13,14,13,14,14,14,14,14,14,14,14,13,14,13,15,13,15,13,15,13,15,13,16,13"
33.16345691680908,537,"CSI,1589,128,83,49,21,0,-17,-2,-17,0,-17,0,-18,-2,-19,-1,-15,1,-15,0,-18,-5,-15,-5,-11,-3,-9,-2,-7,0,-6,0,-4,2,-1,5,-2,5,-5,4,-5,5,-5,5,-5,4,-5,3,-5,4,-4,4,-3,5,-4,5,-1,1,0,0,0,0,0,0,0,0,0,0,0,0,0,0,0,0,0,0,1,-3,6,-9,5,-6,4,-7,5,-7,5,-5,5,-3,3,-1,1,-1,-2,-4,-3,-5,-5,-6,-7,-7,-9,-9,-9,-11,-7,-10,-6,-10,-5,-10,-6,-10,-6,-12,-4,-13,-4,-11,-5,-8,-6,-6,-8,-6,-12,-6,-14,-5"
33.20508790016174,538,"CSI,954,128,83,49,21,0,-11,5,-8,6,-4,8,0,11,4,13,6,14,8,17,9,21,10,22,9,21,8,19,8,17,7,16,6,16,4,14,1,12,-1,10,-1,7,1,3,3,3,4,1,6,-2,7,-4,6,-5,4,-7,0,-2,0,0,0,0,0,0,0,0,0,0,0,0,0,0,0,0,0,0,-2,-3,-5,-9,-3,-8,-2,-9,-2,-10,0,-9,2,-9,2,-8,0,-5,-2,-5,-4,-3,-6,-1,-7,0,-8,0,-12,0,-15,-1,-18,-1,-20,1,-19,2,-20,2,-26,2,-28,-1,-25,-2,-22,0,-22,0,-20,-2,-15,-5"
33.23769998550415,539,"CSI,1464,128,101,81,22,0,-24,-1,-23,0,-24,0,-23,1,-23,1,-23,2,-23,2,-23,2,-23,2,-22,2,-22,2,-22,3,-22,3,-22,3,-22,3,-22,2,-21,1,-20,1,-20,0,-19,1,-19,1,-18,0,-17,0,-17,-1,-16,-1,-4,-1,0,0,0,0,0,0,0,0,0,0,0,0,0,0,0,0,0,0,-5,0,-18,2,-18,2,-19,1,-20,1,-21,1,-22,0,-22,-1,-23,-1,-24,-1,-24,-2,-24,-3,-24,-3,-24,-4,-24,-4,-24,-3,-24,-4,-24,-4,-24,-3,-24,-2,-24,-2,-24,-1,-24,-2,-24,-2,-24,-2,-25,-1,-26,-1"
33.306623220443726,540,"CSI,958,128,83,49,21,0,-7,-5,-5,-1,-3,4,-1,9,0,11,0,13,1,14,4,13,2,12,-1,13,-2,14,-2,15,-3,15,-3,15,-3,13,-2,12,-1,9,-1,6,2,6,4,4,5,1,4,-1,5,-2,8,-2,8,-3,2,-1,0,0,0,0,0,0,0,0,0,0,0,0,0,0,0,0,0,0,1,-3,4,-9,3,-8,2,-7,2,-8,2,-8,1,-5,1,-2,0,-3,-3,-3,-5,-3,-5,-3,-6,-3,-8,-4,-11,-2,-13,-3,-14,-7,-16,-9,-18,-10,-19,-12,-18,-11,-18,-11,-18,-13,-16,-13,-14,-11,-12,-11,-10,-9"
33.33774209022522,541,"CSI,1465,128,101,81,22,0,22,5,22,4,23,4,23,3,22,3,22,2,22,2,22,2,22,2,22,1,21,1,21,1,21,1,22,1,22,1,21,1,20,2,19,3,19,3,18,2,17,2,17,2,16,2,15,3,14,3,3,1,0,0,0,0,0,0,0,0,0,0,0,0,0,0,0,0,0,0,4,0,17,2,18,2,18,3,19,3,20,3,21,4,21,5,21,6,22,6,22,6,22,7,22,8,22,8,22,8,22,8,22,8,22,8,22,8,22,7,23,6,23,6,23,6,23,6,23,6,24,5,24,5"
33.40877413749695,542,"CSI,961,128,83,49,21,0,-1,-9,-4,-5,-5,-4,-8,-6,-10,-7,-11,-5,-15,-9,-19,-15,-18,-14,-15,-9,-13,-8,-12,-9,-11,-8,-10,-6,-8,-6,-5,-7,-4,-5,-7,-2,-6,1,-3,3,-3,1,-3,1,-3,1,-4,2,-4,4,-1,1,0,0,0,0,0,0,0,0,0,0,0,0,0,0,0,0,0,0,1,-1,8,-1,8,1,7,3,6,2,4,0,4,0,2,1,0,-1,-1,-5,0,-7,2,-9,4,-10,2,-11,1,-13,5,-13,8,-15,8,-15,8,-15,9,-19,11,-19,12,-15,13,-13,11,-15,9,-19,7,-18,6,-13"
33.450515031814575,543,"CSI,1466,128,101,81,22,0,2,24,3,24,3,24,3,24,3,23,4,23,4,23,5,24,5,24,5,24,5,24,5,23,5,23,5,23,4,23,3,23,3,23,3,22,2,21,1,20,1,19,1,18,0,18,0,17,-1,17,-1,4,0,0,0,0,0,0,0,0,0,0,0,0,0,0,0,0,0,0,1,3,4,14,3,14,3,15,3,16,3,17,3,18,3,19,3,20,2,20,1,21,1,21,1,22,1,23,1,23,1,23,1,23,1,23,1,23,1,23,1,23,2,23,2,24,3,24,3,24,3,24,3,25"
33.510929107666016,544,"CSI,966,128,83,49,21,0,-2,-3,-6,-1,-11,-1,-15,-1,-16,1,-17,2,-21,-1,-27,-2,-26,-3,-24,-5,-21,-6,-18,-5,-15,-4,-11,-3,-7,-5,-7,-5,-4,-1,2,3,4,4,3,6,3,7,4,9,5,10,4,10,2,10,0,2,0,0,0,0,0,0,0,0,0,0,0,0,0,0,0,0,0,0,-1,2,0,9,2,9,3,10,1,10,0,10,0,9,1,5,2,1,4,-1,7,-1,9,-2,11,-4,13,-8,15,-11,15,-12,17,-14,19,-14,19,-12,18,-10,20,-11,22,-14,20,-14,16,-11,14,-7,12,-7,12,-9"
33.567946910858154,545,"CSI,1467,128,101,81,22,0,13,14,14,14,14,14,15,13,14,12,15,12,15,12,15,12,15,12,15,12,15,12,15,12,15,12,15,12,15,12,15,12,14,13,14,12,13,12,12,11,12,11,11,11,10,11,9,11,9,11,2,2,0,0,0,0,0,0,0,0,0,0,0,0,0,0,0,0,0,0,2,2,9,8,9,9,9,9,10,10,10,10,10,11,11,12,11,13,11,13,11,13,10,14,10,15,10,15,11,15,11,15,11,15,11,15,11,15,12,14,12,14,13,14,13,14,13,15,13,15,14,15,15,15"
33.59841299057007,546,"CSI,1604,128,83,49,21,0,-8,16,-9,17,-10,17,-11,19,-12,20,-12,19,-12,16,-14,16,-13,14,-6,10,-1,6,4,2,7,2,7,3,6,2,6,2,6,3,7,3,9,4,9,5,8,4,8,3,7,3,5,1,5,0,1,-1,0,0,0,0,0,0,0,0,0,0,0,0,0,0,0,0,0,0,1,-2,6,-4,8,-3,8,-2,6,-1,4,0,3,0,2,-2,0,0,-3,1,-3,1,-4,-1,-8,-3,-9,-3,-10,-5,-10,-7,-10,-7,-9,-8,-8,-10,-7,-10,-6,-8,-5,-7,-4,-4,-6,0,-6,3,-5,6,-4,11"
33.63865804672241,547,"CSI,3786,128,-117,-78,40,0,-22,-16,-22,-16,-23,-15,-23,-15,-23,-14,-23,-13,-23,-13,-24,-13,-24,-13,-24,-13,-24,-13,-23,-13,-23,-12,-24,-12,-24,-12,-23,-13,-22,-13,-21,-13,-20,-13,-19,-12,-19,-12,-18,-12,-17,-12,-16,-12,-15,-12,-4,-3,0,0,0,0,0,0,0,0,0,0,0,0,0,0,0,0,0,0,-4,-3,-16,-10,-16,-11,-16,-12,-17,-12,-17,-13,-18,-14,-18,-15,-18,-16,-19,-16,-19,-17,-19,-18,-18,-19,-18,-19,-18,-18,-19,-18,-19,-18,-19,-18,-20,-18,-20,-17,-20,-16,-21,-16,-21,-17,-21,-17,-22,-17,-22,-16,-23,-17"
33.68348717689514,548,"CSI,1468,128,101,81,22,0,13,20,14,20,14,20,14,19,14,18,15,18,15,18,16,18,15,18,15,18,15,18,15,18,15,17,15,17,15,17,14,17,14,18,13,17,12,17,11,16,11,15,10,15,10,14,9,14,8,14,2,3,0,0,0,0,0,0,0,0,0,0,0,0,0,0,0,0,0,0,3,2,12,10,12,11,12,12,12,13,12,14,13,15,13,16,13,17,13,18,13,18,12,19,12,20,12,21,12,20,12,20,12,20,12,21,12,20,12,20,13,19,13,19,14,20,14,21,14,20,14,20,15,21"
33.71302795410156,549,"CSI,974,128,83,49,21,0,2,10,2,11,1,10,-1,10,-3,9,-2,8,-4,9,-6,8,-5,8,-2,8,-1,8,-1,9,0,9,2,7,2,5,-2,4,-4,3,-2,2,-1,2,-2,2,-2,3,-3,3,-4,4,-5,6,-5,4,-1,0,0,0,0,0,0,0,0,0,0,0,0,0,0,0,0,0,0,0,1,-1,5,-2,5,-1,5,2,5,3,4,1,3,-1,1,1,-1,2,-1,3,0,4,0,8,1,9,1,9,0,9,2,11,4,12,4,13,6,13,7,12,7,11,6,12,5,12,6,13,5,11,7,10,12,12"
33.79501986503601,550,"CSI,1469,128,101,81,22,0,-12,8,-11,8,-12,8,-12,9,-11,9,-11,9,-11,9,-11,9,-11,9,-10,9,-10,9,-10,9,-10,9,-10,9,-11,9,-10,9,-10,8,-10,8,-9,7,-9,7,-9,6,-9,6,-9,6,-9,5,-8,5,-2,1,0,0,0,0,0,0,0,0,0,0,0,0,0,0,0,0,0,0,-2,1,-7,6,-8,6,-8,6,-9,6,-9,7,-9,7,-10,7,-10,7,-11,7,-12,7,-12,7,-12,7,-12,7,-12,7,-12,7,-12,7,-12,7,-12,7,-12,7,-12,8,-12,8,-12,8,-12,8,-12,8,-12,8,-12,9"
34.04908108711243,551,"CSI,1471,128,101,81,22,0,-9,-18,-9,-18,-9,-18,-9,-18,-9,-17,-9,-17,-10,-17,-10,-17,-10,-17,-10,-17,-10,-17,-10,-17,-10,-17,-10,-16,-10,-16,-9,-16,-9,-16,-8,-16,-8,-16,-7,-15,-7,-14,-6,-14,-6,-13,-6,-13,-5,-13,-2,-4,0,0,0,0,0,0,0,0,0,0,0,0,0,0,0,0,0,0,-2,-3,-8,-10,-8,-11,-8,-12,-8,-12,-8,-13,-9,-14,-9,-15,-9,-15,-8,-16,-8,-16,-8,-17,-8,-18,-8,-18,-8,-18,-7,-18,-8,-18,-8,-19,-8,-18,-8,-18,-8,-18,-8,-18,-9,-18,-9,-19,-9,-19,-9,-19,-10,-19"
34.12841010093689,552,"CSI,990,128,83,49,21,0,-8,-10,-6,-10,-5,-9,-2,-4,3,-3,6,-3,12,-5,19,-7,17,-7,14,-9,14,-11,13,-10,12,-8,13,-6,12,-6,10,-7,8,-5,6,-3,3,-3,2,-3,2,-1,2,3,1,5,1,5,0,4,-1,0,0,0,0,0,0,0,0,0,0,0,0,0,0,0,0,0,0,0,0,1,-1,5,-2,4,-4,3,-5,2,-5,2,-7,0,-9,0,-9,1,-7,2,-6,0,-6,-3,-6,-4,-6,-5,-6,-5,-5,-5,-4,-7,-4,-9,-4,-12,-6,-14,-7,-13,-7,-15,-8,-16,-8,-15,-9,-15,-11,-14,-12,-14"
34.16457796096802,553,"CSI,1472,128,101,81,22,0,22,-13,22,-13,22,-13,22,-14,22,-14,21,-14,20,-14,20,-15,20,-15,19,-15,19,-16,19,-16,19,-16,19,-15,20,-15,19,-14,18,-13,18,-13,17,-12,17,-12,17,-11,16,-11,16,-10,15,-9,15,-9,3,-3,0,0,0,0,0,0,0,0,0,0,0,0,0,0,0,0,0,0,3,-3,12,-9,12,-9,13,-9,14,-10,15,-10,15,-10,16,-10,17,-10,18,-10,19,-10,20,-10,20,-10,20,-10,21,-10,21,-10,21,-10,21,-10,21,-11,22,-11,22,-12,22,-12,22,-12,21,-12,22,-12,23,-12,24,-12"
34.19416904449463,554,"CSI,2311,128,75,-79,20,0,4,-15,5,-11,5,-8,6,-3,9,1,9,1,9,4,9,10,13,8,18,7,18,8,15,5,14,3,13,2,14,0,13,2,10,1,7,-1,3,-1,3,0,2,1,-1,2,-2,2,0,3,0,3,0,0,0,0,0,0,0,0,0,0,0,0,0,0,0,0,0,0,0,0,-2,0,-6,1,-6,-1,-7,-4,-6,-7,-5,-8,-5,-9,-7,-9,-6,-9,-4,-10,-4,-12,-6,-11,-5,-9,-1,-8,1,-6,4,-6,6,-7,6,-9,6,-9,9,-10,12,-12,11,-12,10,-11,12,-13,10,-17,6,-19,3,-18"
34.22942805290222,555,"CSI,993,128,83,49,21,0,-7,-6,-5,-6,-2,-8,1,-8,4,-7,8,-6,10,-5,10,-4,9,-5,9,-7,9,-9,11,-12,10,-11,5,-8,2,-8,2,-8,1,-5,1,-2,2,-1,3,0,1,2,1,4,2,5,2,3,3,0,1,-1,0,0,0,0,0,0,0,0,0,0,0,0,0,0,0,0,0,0,-3,-1,-9,-1,-9,-2,-9,-3,-9,-5,-8,-5,-7,-4,-5,-7,-5,-8,-7,-7,-8,-6,-7,-8,-5,-9,-3,-9,-4,-10,-3,-13,0,-13,-1,-13,-2,-14,-2,-16,-4,-18,-5,-18,-6,-17,-6,-17,-6,-15,-7,-14,-9,-12"
34.26069498062134,556,"CSI,1473,128,101,81,22,0,-14,3,-14,3,-14,3,-14,4,-14,4,-13,4,-13,4,-13,4,-13,4,-13,4,-12,4,-12,4,-12,4,-12,4,-12,4,-12,4,-12,3,-11,3,-11,3,-11,3,-10,2,-10,2,-10,2,-9,2,-9,1,-3,0,0,0,0,0,0,0,0,0,0,0,0,0,0,0,0,0,0,0,-3,1,-9,4,-10,4,-10,4,-11,4,-12,4,-12,4,-12,4,-13,4,-14,4,-14,3,-14,3,-14,3,-14,2,-14,2,-15,2,-15,2,-15,2,-15,2,-15,3,-15,3,-15,3,-15,3,-14,3,-15,3,-15,3,-16,4"
34.35638904571533,557,"CSI,1474,128,101,81,22,0,11,-7,10,-7,10,-7,10,-7,10,-7,10,-7,9,-7,9,-7,9,-8,9,-8,8,-8,8,-8,8,-8,8,-8,8,-7,8,-7,8,-7,7,-6,7,-6,7,-6,7,-6,6,-5,6,-5,6,-5,6,-4,1,-1,0,0,0,0,0,0,0,0,0,0,0,0,0,0,0,0,0,0,1,-2,7,-5,8,-5,8,-5,9,-6,9,-6,10,-6,10,-6,10,-6,11,-6,11,-6,11,-5,11,-5,11,-5,11,-5,12,-5,12,-5,11,-5,11,-6,12,-6,12,-6,12,-6,11,-6,11,-6,11,-6,11,-6,11,-6"
34.431045055389404,558,"CSI,1002,128,83,49,21,0,3,3,2,1,-1,-1,-3,-5,-2,-11,-4,-14,-2,-16,4,-19,1,-20,-6,-19,-7,-18,-4,-16,-2,-14,-1,-11,-1,-9,-1,-7,0,-6,0,-4,0,0,-2,1,-3,2,-1,5,0,5,-2,4,-3,6,-1,1,0,0,0,0,0,0,0,0,0,0,0,0,0,0,0,0,0,0,-2,-2,-6,-6,-7,-6,-7,-7,-6,-7,-5,-7,-3,-6,0,-6,1,-7,2,-5,2,-1,3,1,3,2,3,4,3,8,3,14,5,16,7,15,7,15,4,17,2,17,3,18,2,17,3,16,6,16,5,16,2,13"
34.46971106529236,559,"CSI,1475,128,101,81,22,0,6,-17,5,-17,5,-17,5,-17,5,-17,4,-16,3,-16,3,-17,3,-16,3,-16,2,-16,2,-16,3,-15,3,-15,3,-14,4,-14,3,-14,3,-13,3,-12,3,-12,4,-11,3,-10,4,-10,4,-9,3,-9,0,-3,0,0,0,0,0,0,0,0,0,0,0,0,0,0,0,0,0,0,0,-4,3,-16,3,-17,4,-17,4,-18,5,-18,5,-19,5,-19,6,-20,7,-20,8,-20,8,-20,8,-20,8,-20,8,-20,8,-19,8,-19,8,-19,7,-19,8,-19,7,-19,7,-19,7,-19,6,-18,6,-18,7,-18,6,-19"
34.53495121002197,560,"CSI,1006,128,83,49,21,0,3,-11,-2,-7,-6,-3,-8,-2,-8,0,-9,3,-13,2,-15,-2,-19,-2,-24,1,-23,2,-20,1,-19,0,-20,-4,-18,-6,-12,-5,-8,-3,-6,-3,-3,-1,-1,2,-1,4,0,5,2,5,3,6,3,5,0,1,0,0,0,0,0,0,0,0,0,0,0,0,0,0,0,0,0,0,2,-1,8,-3,8,-2,8,-1,6,-2,4,-1,3,0,4,0,3,-1,2,-2,0,-3,0,-4,-1,-6,-1,-8,-1,-10,-1,-12,-1,-13,-3,-13,-4,-16,-5,-18,-4,-19,-1,-22,2,-24,2,-24,0,-23,-2,-21,-4,-20"
34.582870960235596,561,"CSI,1476,128,101,81,22,0,12,13,12,12,12,12,13,11,13,11,13,10,13,10,13,10,13,10,13,10,13,10,13,10,13,10,14,10,13,9,13,10,13,11,12,10,12,10,11,9,11,9,10,9,10,9,9,9,9,9,2,2,0,0,0,0,0,0,0,0,0,0,0,0,0,0,0,0,0,0,3,2,12,10,13,10,12,11,13,11,13,12,13,13,13,14,14,14,14,14,13,14,12,15,12,16,12,16,12,16,12,15,12,15,12,15,12,14,12,14,12,13,12,13,12,13,12,13,12,13,13,13,14,13"
34.624655961990356,562,"CSI,3790,128,-117,-78,40,0,8,10,8,9,8,9,8,8,8,8,9,8,9,8,9,8,9,8,9,8,9,8,9,8,9,7,9,7,9,7,9,8,8,8,8,7,8,7,7,7,7,7,7,7,6,6,5,6,5,6,1,1,0,0,0,0,0,0,0,0,0,0,0,0,0,0,0,0,0,0,2,1,8,6,8,7,8,7,8,8,8,8,9,9,9,9,9,9,9,10,9,10,8,11,9,11,8,11,8,11,8,11,8,10,9,10,9,11,8,10,8,10,9,9,9,9,9,10,9,10,9,9,9,8"
34.65467691421509,563,"CSI,1009,128,83,49,21,0,2,15,3,10,4,4,4,-1,5,-5,10,-9,13,-11,12,-10,15,-10,19,-10,19,-10,22,-10,22,-9,17,-8,14,-7,14,-6,10,-5,5,-4,3,-2,1,-2,0,-4,-1,-4,-2,-4,-5,-4,-8,-4,-3,-1,0,0,0,0,0,0,0,0,0,0,0,0,0,0,0,0,0,0,-2,0,-8,1,-10,-2,-11,-5,-8,-5,-4,-4,-3,-4,-4,-4,-4,-5,-3,-3,-2,0,-3,2,-3,4,-1,7,-1,9,-3,11,-3,14,-2,17,-1,18,-1,21,-4,20,-5,20,-2,23,-1,23,-2,23,-2,23,-1,22"
34.702723026275635,564,"CSI,1477,128,101,81,22,0,-23,-8,-22,-8,-23,-8,-23,-7,-23,-6,-23,-5,-23,-6,-23,-6,-23,-6,-22,-6,-22,-6,-22,-5,-22,-5,-23,-5,-23,-5,-22,-5,-21,-6,-21,-6,-20,-6,-19,-6,-18,-5,-18,-6,-17,-6,-17,-6,-16,-7,-4,-2,0,0,0,0,0,0,0,0,0,0,0,0,0,0,0,0,0,0,-5,-1,-20,-4,-20,-4,-21,-5,-22,-6,-22,-6,-23,-7,-24,-7,-24,-8,-24,-8,-24,-9,-24,-10,-24,-11,-24,-12,-24,-11,-24,-11,-24,-11,-24,-11,-23,-11,-23,-9,-24,-9,-24,-8,-23,-9,-23,-9,-23,-9,-24,-9,-25,-9"
34.73981714248657,565,"CSI,1014,128,83,49,21,0,0,5,2,0,5,-4,8,-8,10,-8,12,-8,16,-8,19,-8,20,-12,20,-15,19,-13,17,-12,14,-13,12,-11,12,-8,10,-6,5,-6,-1,-4,-4,-1,-3,-2,-3,-2,-3,-1,-5,1,-6,2,-8,1,-3,0,0,0,0,0,0,0,0,0,0,0,0,0,0,0,0,0,0,0,-2,-3,-8,-9,-9,-8,-7,-7,-6,-8,-4,-8,-3,-7,-2,-5,-1,-3,0,-1,0,2,0,3,-1,4,-1,7,-2,10,-4,11,-3,14,0,16,-2,18,-4,20,-5,22,-6,23,-8,25,-8,23,-4,21,-3,21,-6,21"
34.81392002105713,566,"CSI,1478,128,101,81,22,0,-20,14,-19,14,-20,14,-20,14,-20,15,-19,15,-18,15,-17,16,-17,16,-17,16,-16,17,-16,17,-17,17,-17,17,-17,17,-17,17,-17,16,-16,15,-16,15,-16,14,-16,14,-16,13,-16,13,-15,12,-15,12,-4,2,0,0,0,0,0,0,0,0,0,0,0,0,0,0,0,0,0,0,-4,3,-15,13,-16,13,-17,13,-18,14,-18,14,-19,14,-19,14,-20,13,-22,13,-22,13,-22,13,-22,12,-22,12,-22,12,-22,12,-22,12,-22,12,-22,12,-22,12,-22,13,-22,13,-21,13,-20,13,-21,13,-21,14,-22,14"
34.844709157943726,567,"CSI,1018,128,83,49,21,0,5,-3,2,-2,-3,-4,-8,-6,-13,-7,-17,-8,-16,-9,-14,-14,-16,-15,-18,-12,-17,-11,-16,-11,-15,-10,-14,-9,-12,-10,-10,-8,-6,-6,-4,-3,-4,0,-4,0,-4,-1,-2,0,-1,2,1,3,2,4,0,1,0,0,0,0,0,0,0,0,0,0,0,0,0,0,0,0,0,0,-1,2,-3,9,-4,9,-4,10,-3,11,-2,9,-2,6,-3,2,-2,0,0,2,3,3,5,1,6,-2,5,-6,6,-6,9,-4,12,-5,15,-6,16,-7,18,-11,20,-13,21,-10,21,-9,22,-9,22,-8,23,-7,27,-6"
34.91986703872681,568,"CSI,1479,128,101,81,22,0,19,12,20,12,20,12,20,11,20,10,20,10,20,10,20,9,20,9,20,9,20,9,20,8,20,8,20,8,20,8,20,8,19,9,18,9,18,8,17,8,17,7,16,7,15,7,15,7,14,8,3,2,0,0,0,0,0,0,0,0,0,0,0,0,0,0,0,0,0,0,4,1,16,6,16,7,16,8,17,8,18,9,18,10,18,11,19,12,19,12,19,12,19,13,19,14,18,14,18,14,18,14,18,14,18,14,18,14,19,13,19,13,19,13,19,13,20,13,19,13,20,13,20,14"
34.94798517227173,569,"CSI,1021,128,83,49,21,0,-4,-6,-3,0,-4,3,-9,3,-10,3,-10,6,-12,8,-16,6,-15,9,-11,13,-8,12,-8,12,-7,11,-7,8,-6,5,-1,4,1,4,-1,4,-2,3,0,3,2,1,3,0,5,0,6,2,6,2,1,0,0,0,0,0,0,0,0,0,0,0,0,0,0,0,0,0,0,0,2,0,8,0,8,0,8,0,7,1,6,2,7,2,7,4,3,5,-1,3,-1,1,-3,-1,-5,-4,-4,-9,-4,-13,-5,-15,-4,-15,-3,-16,-4,-17,-5,-18,-6,-19,-4,-19,-1,-19,-1,-16,-2,-15,-3,-17,-4,-19"
35.00367307662964,570,"CSI,1660,128,83,49,21,0,-15,2,-15,5,-17,6,-17,4,-17,1,-14,-1,-8,2,-2,6,-3,4,-5,1,-6,2,-4,3,-2,3,-2,2,0,3,1,4,2,4,3,5,4,7,2,7,0,5,0,3,0,3,-1,5,0,6,0,1,0,0,0,0,0,0,0,0,0,0,0,0,0,0,0,0,0,0,1,-1,5,-2,8,-3,9,-3,8,-3,8,-1,7,1,5,-1,5,-3,5,-4,3,-7,0,-9,-2,-8,-2,-8,-4,-12,-4,-14,-5,-16,-6,-17,-6,-17,-5,-15,-3,-14,-2,-10,-2,-6,-2,-3,-2,-2,-3,-2,-5,0"
35.04654002189636,571,"CSI,1026,128,83,49,21,0,-7,5,-4,5,0,8,3,10,5,11,7,9,11,10,15,13,15,10,14,6,15,6,12,8,10,11,11,12,10,10,8,10,8,8,7,4,5,3,5,4,5,4,4,1,3,-2,2,-4,4,-8,1,-3,0,0,0,0,0,0,0,0,0,0,0,0,0,0,0,0,0,0,-3,0,-10,0,-12,-2,-9,-3,-7,-4,-7,-5,-7,-5,-6,-4,-4,-3,-3,-1,-3,-1,-2,0,-1,4,1,5,1,6,-4,9,-9,11,-11,11,-12,10,-12,13,-13,15,-15,14,-18,13,-20,14,-19,15,-15,13,-13,14"
35.14809703826904,572,"CSI,1030,128,83,49,21,0,-11,-2,-5,-3,1,-3,6,-1,8,-2,10,-2,16,0,23,-1,25,-6,22,-5,17,-2,16,-3,17,-5,15,-3,11,-2,9,0,7,1,3,1,2,0,3,-1,0,-1,-4,2,-6,3,-6,2,-7,2,-2,0,0,0,0,0,0,0,0,0,0,0,0,0,0,0,0,0,0,0,2,-2,7,-5,4,-4,6,-3,8,-4,8,-6,7,-5,5,-2,4,-2,4,-4,5,-3,4,-1,2,-2,0,-3,-3,-2,-7,1,-10,2,-12,2,-14,1,-17,1,-19,4,-22,5,-23,4,-22,4,-24,5,-24,4,-23,2"
35.184916973114014,573,"CSI,1481,128,101,81,22,0,17,-19,16,-18,16,-18,16,-18,16,-19,15,-19,14,-19,14,-19,14,-20,13,-20,13,-20,13,-19,13,-19,13,-19,14,-19,14,-18,13,-18,13,-17,13,-17,13,-16,13,-15,13,-14,13,-14,12,-13,12,-12,3,-3,0,0,0,0,0,0,0,0,0,0,0,0,0,0,0,0,0,0,3,-4,12,-16,12,-16,13,-17,14,-17,15,-17,15,-18,16,-18,17,-18,18,-18,19,-18,19,-18,19,-18,19,-17,19,-17,19,-17,19,-17,19,-17,19,-18,19,-18,19,-18,19,-18,18,-18,17,-18,17,-18,18,-18,18,-19"
35.251935958862305,574,"CSI,1033,128,83,49,21,0,-10,-1,-7,2,-4,7,-2,11,0,13,-1,16,-1,16,0,13,-2,14,-3,16,-1,17,-1,17,-3,16,-4,15,-3,13,-1,12,0,9,1,6,4,5,6,5,4,4,3,2,4,1,4,-1,3,-3,0,-2,0,0,0,0,0,0,0,0,0,0,0,0,0,0,0,0,0,0,0,-3,2,-9,3,-11,4,-10,4,-7,3,-7,3,-8,3,-6,2,-5,0,-5,-1,-6,-2,-4,-3,-4,-4,-4,-6,-4,-9,-4,-13,-5,-17,-7,-18,-7,-20,-6,-23,-6,-24,-7,-23,-10,-22,-12,-23,-14,-20,-14,-15,-13"
35.35265493392944,575,"CSI,1038,128,83,49,21,0,6,1,3,-3,1,-2,2,-5,4,-12,4,-17,2,-18,-1,-15,1,-13,4,-13,6,-13,7,-13,6,-12,7,-11,8,-9,6,-9,4,-10,3,-10,1,-7,0,-6,-1,-6,-4,-4,-6,-3,-8,-3,-8,-4,-2,-1,0,0,0,0,0,0,0,0,0,0,0,0,0,0,0,0,0,0,0,2,-1,11,-1,11,-1,10,-2,9,-3,8,-2,8,-2,6,-1,4,-2,4,-2,2,-1,2,2,3,6,3,9,5,10,7,11,4,13,2,16,5,19,7,19,8,18,9,20,10,23,12,21,14,17,16,15,12"
35.45537090301514,576,"CSI,1041,128,83,49,21,0,-5,-5,0,-3,2,1,5,4,8,4,10,6,12,10,17,13,21,10,19,10,17,11,16,8,13,5,10,5,7,6,4,7,4,5,4,3,2,0,1,-2,-1,-5,-3,-6,-3,-7,-4,-7,-5,-5,-2,-1,0,0,0,0,0,0,0,0,0,0,0,0,0,0,0,0,0,0,1,-3,5,-9,6,-10,7,-9,7,-6,9,-5,9,-4,7,-1,8,-1,7,-2,4,0,3,0,0,-1,-6,0,-9,0,-11,-1,-15,-2,-19,-3,-21,-2,-23,0,-23,-1,-23,-2,-23,-4,-24,-7,-22,-6,-19,-4,-17,-5"
35.557820081710815,577,"CSI,1045,128,83,49,21,0,5,-4,3,0,0,5,-2,9,-4,11,-6,13,-6,13,-5,11,-3,13,-2,18,-3,19,-4,17,-1,14,1,11,1,11,2,8,1,3,1,0,2,-3,2,-5,1,-4,-1,-3,-2,-3,-4,-5,-3,-7,-1,-2,0,0,0,0,0,0,0,0,0,0,0,0,0,0,0,0,0,0,-2,0,-8,1,-8,1,-7,2,-8,3,-7,1,-3,0,-3,0,-4,1,-4,0,-2,-4,1,-4,5,-3,7,-3,8,-5,9,-8,11,-8,12,-7,12,-8,12,-11,12,-13,14,-14,16,-14,15,-14,12,-13,9,-12,7,-10"
35.76107406616211,578,"CSI,2313,128,75,-79,20,0,-13,5,-8,3,-2,5,1,9,2,11,3,12,4,9,3,6,3,7,4,10,3,13,2,15,2,13,3,11,2,10,0,8,0,4,0,2,1,2,3,5,3,6,3,4,3,0,5,-2,7,-5,2,-2,0,0,0,0,0,0,0,0,0,0,0,0,0,0,0,0,0,0,-2,0,-9,1,-11,-4,-11,-4,-11,-4,-11,-6,-8,-7,-4,-8,-6,-7,-6,-4,-6,-3,-5,-2,-6,1,-9,4,-10,5,-10,6,-12,8,-13,11,-12,13,-14,10,-18,8,-21,8,-23,7,-25,6,-25,6,-22,7,-20,7"
35.82417297363281,579,"CSI,2315,128,75,-79,20,0,8,-8,3,-3,-1,1,-3,0,-7,0,-13,-1,-13,-4,-10,-3,-12,-2,-15,-2,-16,0,-17,0,-18,-3,-18,-3,-18,-1,-14,1,-8,2,-5,2,-6,2,-4,3,-2,4,1,4,3,2,4,0,1,0,0,0,0,0,0,0,0,0,0,0,0,0,0,0,0,0,0,0,0,0,0,2,0,10,-1,8,-3,7,-5,8,-6,7,-4,6,-5,7,-7,8,-7,7,-5,5,-4,4,0,2,3,-2,4,-3,6,-3,9,-5,13,-6,16,-5,17,-5,19,-9,21,-12,23,-10,23,-8,22,-9,20,-8,17,-6"
35.86628603935242,580,"CSI,1057,128,83,49,21,0,-6,-9,-4,-6,-5,-2,-7,3,-9,10,-8,13,-9,15,-12,17,-10,18,-7,16,-7,14,-10,12,-12,10,-10,9,-7,8,-8,6,-8,6,-5,7,-1,5,2,2,2,3,3,3,3,1,4,0,6,1,1,0,0,0,0,0,0,0,0,0,0,0,0,0,0,0,0,0,0,0,0,-1,3,-5,5,-6,5,-5,5,-6,7,-9,7,-8,6,-4,7,-1,8,-1,7,-3,5,-4,3,-3,0,-5,-3,-8,-6,-7,-8,-6,-9,-8,-12,-11,-14,-15,-14,-18,-14,-20,-14,-22,-15,-22,-15,-22,-14,-23,-11,-23"
35.96819305419922,581,"CSI,1062,128,83,49,21,0,11,4,6,0,2,-3,0,-7,-3,-11,-3,-14,-4,-19,-6,-24,-4,-22,0,-19,1,-20,2,-20,3,-20,2,-18,2,-15,3,-11,1,-7,-2,-4,-2,-3,-2,-3,-4,-3,-5,-1,-6,1,-7,2,-7,4,-2,1,0,0,0,0,0,0,0,0,0,0,0,0,0,0,0,0,0,0,-1,1,-3,6,-4,7,-5,7,-5,7,-6,5,-8,3,-9,2,-8,3,-7,2,-5,1,-4,3,-1,4,4,3,6,4,9,4,11,3,11,4,14,6,17,8,17,10,18,13,18,16,20,17,21,16,20,15,17,13"
36.072651863098145,582,"CSI,1066,128,83,49,21,0,-1,9,2,5,4,3,6,-1,10,-7,13,-10,13,-11,11,-13,14,-13,18,-12,18,-11,18,-11,16,-10,11,-8,8,-8,8,-9,5,-8,2,-5,1,-5,0,-6,-3,-5,-5,-4,-5,-2,-8,-1,-9,-2,-3,-1,0,0,0,0,0,0,0,0,0,0,0,0,0,0,0,0,0,0,-3,-2,-9,-7,-7,-6,-7,-7,-7,-9,-6,-10,-5,-10,-5,-12,-4,-12,-3,-10,-4,-8,-2,-6,-3,-1,-5,4,-5,7,-4,11,-4,14,-7,15,-8,15,-7,16,-8,20,-9,23,-11,26,-14,28,-17,26,-15,23,-11,21"
36.17219018936157,583,"CSI,1069,128,83,49,21,0,-14,13,-8,11,-3,7,-2,7,-1,8,4,9,7,12,7,17,8,19,10,16,12,13,10,14,5,15,1,16,2,15,3,11,3,9,1,6,3,3,3,1,2,-1,2,-3,3,-2,2,-2,1,-3,0,-1,0,0,0,0,0,0,0,0,0,0,0,0,0,0,0,0,0,0,-2,1,-9,6,-9,5,-9,4,-11,3,-12,3,-10,3,-10,3,-11,3,-12,1,-10,1,-7,3,-5,5,-7,7,-8,7,-7,7,-6,9,-7,13,-8,18,-10,19,-10,19,-11,20,-12,19,-13,20,-13,23,-12,20,-12,18"
36.376835107803345,584,"CSI,1077,128,83,49,21,0,11,-3,6,0,-1,-2,-3,-9,-3,-14,-3,-16,-4,-18,-2,-22,-2,-22,-5,-19,-5,-16,-3,-14,-3,-11,-4,-10,-5,-8,-4,-5,-3,-3,-5,-2,-6,-2,-7,-3,-8,-3,-7,-1,-5,0,-5,0,-5,1,-2,0,0,0,0,0,0,0,0,0,0,0,0,0,0,0,0,0,0,0,1,1,2,8,-1,10,-2,10,-1,8,-2,8,-2,7,-2,6,-1,5,-1,3,1,2,2,2,2,1,4,0,9,0,14,1,16,2,17,3,18,3,21,3,23,4,24,5,23,5,19,3,15,4,16,3,18,-1"
36.580426931381226,585,"CSI,1085,128,83,49,21,0,9,0,9,0,9,-4,6,-9,3,-13,5,-15,6,-15,8,-12,11,-13,12,-15,13,-13,13,-9,11,-8,7,-10,4,-9,5,-6,3,-7,0,-10,0,-9,0,-6,-1,-5,-1,-5,-3,-4,-4,-4,-4,-3,-1,-1,0,0,0,0,0,0,0,0,0,0,0,0,0,0,0,0,0,0,0,2,3,9,2,10,0,10,0,10,1,9,0,8,-1,6,0,5,0,4,1,2,1,2,3,1,5,-2,6,-2,10,0,14,1,17,1,18,0,21,3,23,5,23,6,21,8,20,9,22,7,23,6,22,8"
36.68498611450195,586,"CSI,1089,128,83,49,21,0,4,4,6,0,6,-4,7,-8,13,-11,16,-12,20,-16,24,-18,20,-16,13,-13,10,-11,8,-10,10,-10,13,-8,10,-5,5,-4,1,-3,-2,-4,-4,-5,-4,-6,-5,-6,-5,-5,-5,-5,-6,-4,-7,-2,-2,-1,0,0,0,0,0,0,0,0,0,0,0,0,0,0,0,0,0,0,-2,-1,-8,-3,-9,-6,-9,-7,-8,-6,-8,-6,-7,-5,-5,-4,-4,-3,-2,-2,-1,0,-1,3,0,5,1,8,1,11,1,13,1,15,1,17,1,19,1,21,0,23,-1,23,0,23,2,21,3,20,3,20,2,19"
36.78710317611694,587,"CSI,1094,128,83,49,21,0,9,-7,7,-3,4,0,1,6,-3,10,-5,12,-10,14,-17,14,-15,15,-11,18,-10,18,-8,17,-6,18,-4,17,-4,11,-6,6,-5,5,-1,3,1,0,1,-2,0,-4,0,-5,1,-7,1,-9,2,-12,0,-4,0,0,0,0,0,0,0,0,0,0,0,0,0,0,0,0,0,0,-2,0,-8,3,-8,3,-9,4,-9,5,-7,4,-6,3,-7,4,-7,3,-5,2,-5,1,-4,0,1,-1,3,-2,5,-4,8,-4,8,-5,9,-9,12,-13,14,-14,14,-14,16,-15,17,-15,16,-15,15,-19,14,-21,13,-21"
36.89048480987549,588,"CSI,1097,128,83,49,21,0,9,-6,6,-3,2,0,-3,3,-7,4,-12,5,-15,11,-16,19,-16,20,-16,16,-14,14,-13,12,-14,11,-11,11,-8,10,-6,7,-6,5,-4,2,0,1,4,0,5,-2,5,-3,4,-4,4,-5,3,-6,0,-2,0,0,0,0,0,0,0,0,0,0,0,0,0,0,0,0,0,0,-2,0,-8,2,-9,3,-11,3,-11,3,-11,0,-9,-3,-7,-3,-6,0,-6,0,-5,-3,-3,-3,-1,-2,3,-2,5,-4,6,-6,10,-6,13,-8,15,-10,17,-11,19,-12,20,-14,21,-13,22,-13,26,-14,26,-15,22,-13"
36.99327516555786,589,"CSI,1102,128,83,49,21,0,9,7,5,5,-1,5,-7,2,-13,-1,-18,-1,-20,-3,-18,-5,-20,-5,-23,-6,-23,-6,-23,-3,-23,-1,-20,-1,-17,-2,-14,-1,-10,0,-5,-1,-1,0,2,0,5,-1,7,-3,7,-3,8,-4,9,-5,2,-2,0,0,0,0,0,0,0,0,0,0,0,0,0,0,0,0,0,0,-1,-2,-2,-7,-2,-9,-3,-11,-3,-11,-3,-10,-4,-11,-3,-11,-4,-10,-4,-10,-2,-8,0,-5,0,-4,0,-2,1,1,5,5,9,8,8,11,12,13,19,16,22,18,22,18,22,17,23,16,25,17,27,17,25,16"
37.09440493583679,590,"CSI,1105,128,83,49,21,0,-17,-3,-10,-2,-3,-1,2,0,8,2,12,4,13,5,12,3,13,5,16,8,17,10,17,13,16,13,13,11,11,11,11,11,9,8,5,4,1,1,-1,-1,-1,-2,-1,-2,-2,-4,-4,-6,-4,-5,-1,-1,0,0,0,0,0,0,0,0,0,0,0,0,0,0,0,0,0,0,1,-1,5,-4,6,-6,7,-8,5,-9,5,-9,5,-7,6,-4,5,-4,5,-4,6,-3,4,-3,0,-5,-4,-4,-6,-2,-9,-3,-12,-2,-14,-1,-16,0,-19,0,-21,2,-24,3,-26,1,-26,-2,-28,-4,-28,-2,-26,-1"
37.19605016708374,591,"CSI,1110,128,83,49,21,0,13,6,8,1,5,-2,1,-6,-2,-13,-2,-17,-3,-17,-7,-16,-8,-16,-7,-18,-6,-19,-1,-17,2,-17,-1,-17,-3,-17,-2,-15,-2,-11,-2,-8,-2,-8,-2,-6,-3,-2,-3,0,-4,0,-4,1,-4,0,-2,0,0,0,0,0,0,0,0,0,0,0,0,0,0,0,0,0,0,0,0,2,3,8,3,9,2,10,1,11,-2,10,-4,10,-3,9,-2,4,-3,3,-1,5,0,5,1,2,4,0,7,1,10,2,14,1,17,1,19,1,23,2,25,1,26,2,25,4,24,7,23,9,21,8,20,7"
37.40242099761963,592,"CSI,1118,128,83,49,21,0,-11,-2,-9,1,-7,4,-4,8,-2,10,-4,12,-2,12,2,15,-1,17,-5,16,-7,14,-9,14,-7,16,-6,13,-8,10,-6,9,-3,6,0,5,1,4,1,3,2,1,4,0,6,-1,6,0,7,0,1,0,0,0,0,0,0,0,0,0,0,0,0,0,0,0,0,0,0,0,-3,-2,-10,-6,-10,-5,-8,-6,-5,-7,-5,-8,-7,-6,-6,-6,-7,-7,-6,-8,-5,-8,-5,-5,-6,-1,-9,0,-11,-1,-11,-2,-12,-1,-15,0,-19,0,-23,3,-24,4,-23,2,-22,-2,-22,-3,-21,-5,-22,-9,-24,-11"
37.50525498390198,593,"CSI,1122,128,83,49,21,0,-6,4,-1,1,5,-1,7,-3,9,-5,14,-3,18,-5,18,-10,16,-8,15,-4,14,-3,14,-3,17,-3,17,0,12,1,7,0,4,-3,1,-5,0,-6,0,-5,0,-4,-2,-4,-5,-5,-5,-5,-3,-3,-1,-1,0,0,0,0,0,0,0,0,0,0,0,0,0,0,0,0,0,0,-1,-2,-4,-6,-6,-6,-7,-6,-6,-7,-6,-7,-7,-7,-8,-8,-10,-9,-9,-7,-7,-5,-5,-4,-6,1,-6,4,-4,7,-4,10,-4,11,-6,11,-10,13,-11,18,-10,19,-9,20,-11,21,-12,21,-12,20,-12,19,-12,17"
37.606828927993774,594,"CSI,1126,128,83,49,21,0,-9,1,-5,2,-3,3,-2,6,-1,9,-2,11,-6,11,-10,11,-7,12,-5,13,-6,12,-7,10,-7,8,-4,7,-4,6,-6,4,-5,3,-2,4,0,5,2,6,4,5,4,4,4,3,5,2,6,0,1,-1,0,0,0,0,0,0,0,0,0,0,0,0,0,0,0,0,0,0,-2,-2,-7,-7,-7,-7,-5,-8,-3,-8,-3,-5,-4,-4,-5,-2,-5,-1,-5,-3,-5,-3,-6,-3,-9,-1,-10,1,-11,0,-14,-1,-17,0,-20,2,-20,2,-20,-1,-22,-2,-23,-4,-20,-2,-18,-1,-19,-1,-20,-2,-19,-3"
37.76916003227234,595,"CSI,1768,128,83,49,21,0,-16,-12,-15,-13,-13,-14,-12,-14,-12,-14,-10,-13,-6,-12,-2,-10,-3,-10,-6,-9,-6,-7,-6,-5,-5,-1,-4,2,-5,4,-7,5,-7,6,-5,7,-5,6,-6,6,-5,8,-5,7,-5,4,-4,2,-4,3,-2,1,0,0,0,0,0,0,0,0,0,0,0,0,0,0,0,0,0,0,-1,1,0,5,3,6,4,6,3,6,0,5,-1,5,0,4,2,3,4,0,5,-3,4,-4,4,-6,4,-8,5,-8,6,-9,7,-11,8,-11,8,-10,6,-10,5,-9,4,-6,4,-6,3,-6,1,-5,-2,-6,-5,-6"
38.52852487564087,596,"CSI,1162,128,83,49,21,0,-1,-5,4,-4,7,-3,8,-2,12,1,16,0,19,0,20,3,19,2,18,-2,16,-2,12,-2,10,-1,8,-1,4,-2,1,-1,-2,-2,-3,-2,-6,-1,-7,0,-7,-1,-8,0,-8,3,-9,5,-12,4,-4,0,0,0,0,0,0,0,0,0,0,0,0,0,0,0,0,0,0,0,0,1,4,5,4,4,3,2,2,2,0,4,-1,3,-1,1,1,0,1,-1,0,-1,-3,-2,-7,-3,-8,-4,-10,-5,-12,-8,-13,-10,-14,-11,-14,-12,-14,-12,-13,-11,-13,-12,-14,-11,-15,-7,-15,-5,-11,-4,-8,-4"
38.62934589385986,597,"CSI,1165,128,83,49,21,0,1,2,1,-1,3,-5,3,-12,4,-16,6,-16,7,-19,6,-25,6,-24,7,-21,7,-17,6,-13,4,-10,4,-6,2,-3,-2,-2,-3,-1,-1,-4,0,-5,-4,-2,-6,0,-5,0,-6,1,-7,1,-7,-1,-2,-1,0,0,0,0,0,0,0,0,0,0,0,0,0,0,0,0,0,0,-2,-1,-8,-1,-10,1,-10,3,-8,2,-6,2,-5,5,-5,6,-3,4,0,3,2,4,2,6,2,8,5,7,6,7,7,11,8,14,9,13,10,12,13,12,14,14,11,17,10,18,10,16,10,12,9,10,4,9"
38.73313021659851,598,"CSI,1170,128,83,49,21,0,11,2,5,-1,-2,-4,-9,-5,-14,-9,-16,-15,-17,-16,-18,-13,-18,-13,-17,-13,-17,-14,-16,-15,-15,-14,-14,-11,-13,-9,-11,-6,-9,-3,-8,-2,-5,-1,0,2,2,6,0,8,-1,8,0,8,2,9,0,2,0,0,0,0,0,0,0,0,0,0,0,0,0,0,0,0,0,0,-2,1,-5,5,-5,5,-6,6,-8,6,-8,4,-8,3,-10,2,-11,3,-9,2,-7,-3,-5,-4,-1,-2,5,-1,8,1,11,3,14,3,17,2,20,-1,23,0,26,4,27,5,28,4,28,4,28,3,26,2,22,1"
38.792612075805664,599,"CSI,1808,128,83,49,21,0,-3,22,-2,23,-2,23,-4,21,-5,19,-3,17,-3,14,-6,11,-3,9,2,9,3,7,7,4,8,1,6,0,7,-1,9,-2,10,-1,9,1,9,2,9,1,8,0,7,-1,6,-1,4,1,2,2,0,0,0,0,0,0,0,0,0,0,0,0,0,0,0,0,0,0,0,0,0,-2,1,-6,2,-6,4,-6,4,-7,4,-5,3,-3,1,-3,-2,-2,-2,1,-4,3,-8,1,-11,1,-13,-1,-13,-1,-14,0,-16,0,-17,-2,-16,-4,-14,-5,-11,-3,-11,-1,-12,1,-10,2,-4,6,-1,9,-1,13"
38.83619499206543,600,"CSI,1173,128,83,49,21,0,-10,-4,-12,-2,-11,0,-12,2,-18,4,-20,5,-22,9,-23,14,-20,12,-18,7,-18,6,-18,6,-16,5,-11,3,-10,1,-8,0,-5,2,-2,6,0,7,0,7,1,7,2,7,2,7,3,7,2,7,0,2,0,0,0,0,0,0,0,0,0,0,0,0,0,0,0,0,0,0,1,-3,5,-9,8,-5,7,-3,7,-4,7,-4,7,-4,6,-3,3,-3,-2,-4,-4,-6,-4,-8,-6,-6,-8,-5,-10,-8,-11,-13,-9,-17,-7,-20,-9,-19,-10,-19,-9,-22,-6,-23,-4,-21,-3,-19,-4,-17,-5,-15,-8,-12"
38.93727207183838,601,"CSI,1177,128,83,49,21,0,9,-7,5,-10,0,-11,-2,-12,-2,-15,1,-17,5,-17,8,-16,9,-17,8,-17,7,-17,6,-19,6,-16,6,-11,5,-8,3,-10,2,-11,1,-9,-1,-7,-1,-7,1,-8,-1,-8,-4,-7,-5,-5,-4,-5,-1,-2,0,0,0,0,0,0,0,0,0,0,0,0,0,0,0,0,0,0,1,-1,6,-1,6,0,7,2,9,3,10,2,8,1,7,1,6,0,5,-1,4,-2,6,-3,7,-4,7,-6,8,-9,9,-9,11,-9,14,-8,17,-7,18,-8,19,-10,21,-8,22,-6,22,-6,20,-4,18,-2,16,-3"
39.039994955062866,602,"CSI,1182,128,83,49,21,0,6,11,4,6,4,1,6,-3,7,-8,9,-13,10,-17,9,-20,10,-18,13,-14,15,-15,16,-15,16,-12,16,-9,15,-8,13,-5,11,-1,8,-1,4,-4,1,-4,-3,-4,-5,-4,-7,-4,-8,-5,-9,-5,-3,-2,0,0,0,0,0,0,0,0,0,0,0,0,0,0,0,0,0,0,-2,1,-5,7,-6,9,-6,8,-7,8,-8,8,-6,9,-5,8,-6,5,-7,5,-5,7,-3,8,-3,9,-1,10,1,10,3,11,8,13,12,16,11,18,12,19,16,20,16,22,12,26,10,27,11,25,12,22,11,19"
39.14455699920654,603,"CSI,1186,128,83,49,21,0,-10,-8,-8,-4,-6,0,-7,4,-9,9,-8,13,-12,16,-17,19,-15,20,-13,18,-13,17,-13,15,-14,12,-15,9,-14,7,-11,5,-8,4,-4,6,0,7,1,4,1,3,4,1,6,0,7,2,6,5,1,1,0,0,0,0,0,0,0,0,0,0,0,0,0,0,0,0,0,0,-1,-3,-1,-10,0,-11,1,-12,2,-11,4,-11,4,-9,3,-8,3,-8,3,-7,2,-5,1,-4,-1,-4,-6,-5,-9,-3,-11,-6,-16,-10,-20,-9,-21,-9,-22,-13,-21,-15,-20,-14,-20,-13,-19,-14,-17,-16,-17,-16,-17,-15"
39.24459409713745,604,"CSI,1190,128,83,49,21,0,-13,1,-7,3,0,6,5,8,8,12,9,14,11,12,15,15,14,16,11,16,9,16,8,15,8,15,7,13,5,11,4,10,4,8,4,5,4,2,3,0,4,-3,4,-7,2,-9,2,-7,3,-6,1,-2,0,0,0,0,0,0,0,0,0,0,0,0,0,0,0,0,0,0,-2,-3,-4,-10,-1,-10,2,-11,0,-12,-3,-12,-3,-12,-1,-12,1,-9,-2,-6,-5,-6,-3,-5,-2,-3,-6,-2,-9,-1,-11,0,-14,2,-16,2,-17,4,-21,5,-23,4,-24,3,-25,2,-24,3,-22,5,-20,5,-20,3"
39.348488092422485,605,"CSI,1194,128,83,49,21,0,-4,13,-4,8,0,5,7,2,12,-1,14,-3,17,-6,23,-8,25,-9,24,-5,24,0,24,3,22,2,19,0,17,0,18,0,16,-3,12,-4,7,-2,3,-2,1,-3,-1,-3,-2,-5,-2,-6,-3,-8,-1,-2,0,0,0,0,0,0,0,0,0,0,0,0,0,0,0,0,0,0,-2,-1,-7,-3,-9,-4,-10,-5,-11,-6,-10,-4,-11,-2,-10,-4,-10,-2,-10,0,-8,-1,-8,-2,-8,1,-6,4,-5,5,-6,7,-7,10,-7,13,-5,15,-3,18,-7,22,-12,23,-12,25,-10,24,-9,22,-12,22,-15,24"
39.451760053634644,606,"CSI,1197,128,83,49,21,0,-14,-6,-9,-4,-9,0,-8,4,-4,11,-4,19,-8,22,-10,20,-9,21,-6,22,-7,22,-7,23,-7,21,-9,16,-10,13,-6,11,-3,7,-1,6,-1,5,1,1,5,-1,7,-1,7,0,6,-2,6,-5,1,-2,0,0,0,0,0,0,0,0,0,0,0,0,0,0,0,0,0,0,-1,-3,0,-12,2,-13,4,-12,6,-12,7,-12,8,-13,8,-13,6,-10,3,-9,1,-8,1,-7,1,-6,-3,-5,-8,-5,-13,-5,-17,-6,-19,-8,-20,-10,-23,-14,-26,-16,-26,-17,-25,-18,-24,-20,-24,-19,-23,-15,-23,-11"
39.55181884765625,607,"CSI,1202,128,83,49,21,0,-5,17,1,10,6,3,10,3,14,8,16,11,19,14,22,18,21,18,20,16,19,15,16,13,12,14,8,16,6,15,4,13,2,9,0,6,0,4,1,-1,2,-4,2,-3,5,-4,6,-7,6,-6,1,-2,0,0,0,0,0,0,0,0,0,0,0,0,0,0,0,0,0,0,-2,1,-7,6,-8,6,-10,5,-12,5,-11,6,-10,6,-9,5,-9,3,-10,0,-9,0,-5,6,-2,10,0,11,1,11,0,14,2,16,2,18,-2,20,-5,23,-5,25,-5,27,-7,27,-8,27,-7,27,-5,26,-1,24"
39.65274000167847,608,"CSI,1206,128,83,49,21,0,6,17,6,11,7,4,8,2,12,0,16,-5,20,-8,27,-8,27,-8,24,-7,22,-5,21,-3,20,-2,17,1,13,3,8,3,7,1,8,0,7,-1,4,-3,1,-3,0,-3,-2,-4,-3,-6,-2,-8,-1,-2,0,0,0,0,0,0,0,0,0,0,0,0,0,0,0,0,0,0,-3,1,-10,4,-10,2,-9,0,-9,-1,-11,0,-11,1,-9,2,-8,2,-6,1,-4,1,-3,4,-1,8,0,10,0,12,1,14,4,16,6,19,2,22,1,24,1,24,1,26,1,26,5,24,7,26,5,25,3,23"
39.75517416000366,609,"CSI,1210,128,83,49,21,0,16,9,16,8,15,6,13,-2,14,-8,14,-8,18,-10,23,-16,23,-17,22,-12,21,-9,21,-6,22,-3,22,-1,19,-1,15,-1,12,-2,9,-2,7,-4,6,-5,3,-5,3,-6,3,-9,1,-9,2,-7,0,-2,0,0,0,0,0,0,0,0,0,0,0,0,0,0,0,0,0,0,2,2,7,8,2,8,0,9,3,8,4,6,3,5,4,5,5,6,5,7,4,6,6,5,9,5,11,5,11,6,11,8,13,9,16,7,16,8,17,10,22,11,23,14,20,17,18,15,18,12,18,14,21,15"
39.859904050827026,610,"CSI,1214,128,83,49,21,0,0,-17,-2,-13,-5,-9,-10,-6,-15,-4,-18,-1,-25,0,-32,-2,-33,-4,-28,-5,-26,-6,-25,-5,-22,-6,-19,-8,-18,-8,-15,-7,-12,-6,-9,-4,-7,-2,-6,2,-3,5,-1,6,-1,7,-1,9,-1,10,-1,2,0,0,0,0,0,0,0,0,0,0,0,0,0,0,0,0,0,0,2,0,9,0,9,0,9,2,9,3,8,2,6,2,7,4,7,4,6,0,5,-2,5,-3,3,-5,-1,-8,-1,-12,0,-16,-3,-21,-1,-22,4,-23,6,-28,8,-31,9,-32,7,-33,7,-32,6,-29,4,-27,6,-26"
39.96185111999512,611,"CSI,1217,128,83,49,21,0,7,0,0,0,-8,-1,-15,0,-18,0,-23,-2,-24,-2,-20,-3,-23,-5,-28,-4,-28,-3,-25,-3,-21,-1,-18,-1,-13,-1,-9,0,-8,1,-5,1,-1,0,1,2,3,3,5,4,6,4,8,3,11,1,3,0,0,0,0,0,0,0,0,0,0,0,0,0,0,0,0,0,0,0,-2,0,-5,3,-6,6,-7,7,-7,6,-8,5,-8,2,-7,0,-4,0,-3,1,-1,1,-1,-1,-1,-4,3,-4,9,-5,11,-7,11,-8,15,-7,22,-9,27,-12,27,-13,26,-12,28,-10,30,-8,26,-10,24,-12,27,-11"
40.0629460811615,612,"CSI,1222,128,83,49,21,0,-1,15,0,11,3,10,7,9,12,8,16,8,20,9,25,11,25,14,24,14,22,16,18,18,14,15,9,11,6,10,7,9,7,5,4,1,2,-1,5,0,8,-2,8,-4,7,-6,6,-6,5,-6,1,-2,0,0,0,0,0,0,0,0,0,0,0,0,0,0,0,0,0,0,-3,0,-9,0,-9,1,-8,0,-8,0,-8,0,-9,1,-10,4,-9,4,-9,1,-8,0,-6,2,-6,5,-5,8,-4,10,-3,12,-4,15,-4,18,-4,20,-5,23,-5,25,-6,25,-8,25,-9,25,-9,25,-12,26,-13,27"
40.16893196105957,613,"CSI,1225,128,83,49,21,0,-12,-4,-10,2,-8,9,-9,12,-11,14,-11,17,-14,18,-17,14,-18,15,-19,20,-19,20,-19,15,-18,12,-16,9,-12,9,-9,9,-7,7,-5,4,-3,5,-1,6,2,7,6,7,7,7,6,6,6,7,1,2,0,0,0,0,0,0,0,0,0,0,0,0,0,0,0,0,0,0,0,-3,1,-12,3,-11,6,-11,5,-9,2,-8,0,-8,-2,-7,-2,-7,-4,-8,-6,-8,-7,-8,-6,-7,-6,-6,-8,-8,-13,-8,-17,-9,-20,-11,-19,-12,-19,-14,-21,-16,-21,-18,-19,-16,-16,-14,-15,-14,-16,-12,-15,-12"
40.271888971328735,614,"CSI,1229,128,83,49,21,0,-12,-13,-14,-12,-14,-8,-14,-2,-18,1,-19,2,-25,3,-32,2,-29,1,-22,2,-20,3,-19,4,-20,2,-18,0,-14,0,-11,2,-11,3,-11,4,-8,5,-6,5,-8,5,-8,7,-6,7,-3,7,-1,10,0,3,0,0,0,0,0,0,0,0,0,0,0,0,0,0,0,0,0,0,0,-4,3,-14,4,-12,6,-12,7,-12,6,-11,6,-9,6,-8,7,-8,5,-10,2,-11,-1,-10,-2,-10,-3,-9,-5,-10,-6,-11,-7,-14,-10,-17,-13,-20,-13,-24,-10,-25,-9,-26,-8,-27,-10,-25,-12,-25,-10,-26,-6,-23"
40.32968497276306,615,"CSI,1869,128,83,49,21,0,-13,12,-13,12,-11,15,-12,15,-13,11,-12,9,-10,6,-8,3,-8,3,-6,4,-4,4,-1,5,3,2,6,-2,8,-1,11,0,13,-1,12,-1,11,-1,12,0,11,1,10,1,10,-1,9,-2,6,-1,1,0,0,0,0,0,0,0,0,0,0,0,0,0,0,0,0,0,0,0,1,0,6,0,6,1,4,3,3,3,4,0,3,-1,1,-1,1,-1,2,-2,0,-2,-3,-5,-4,-9,-3,-10,-4,-11,-3,-11,-2,-12,-5,-13,-7,-14,-5,-14,-3,-12,-2,-10,-4,-7,-5,-3,-7,1,-7,7,-6,10"
40.370885133743286,616,"CSI,1234,128,83,49,21,0,5,-4,4,-6,2,-8,0,-13,-1,-14,-1,-16,2,-18,4,-17,0,-19,-4,-21,-3,-19,-1,-18,0,-16,1,-14,-2,-11,-4,-7,-2,-5,-1,-3,-4,1,-8,4,-9,4,-7,4,-6,5,-7,5,-8,6,-3,1,0,0,0,0,0,0,0,0,0,0,0,0,0,0,0,0,0,0,-3,1,-11,5,-12,2,-12,0,-10,-1,-7,-2,-5,-2,-3,-1,-2,1,0,1,3,2,6,4,6,4,8,3,11,5,13,7,14,11,12,13,11,10,13,9,13,12,11,14,13,12,14,9,11,7,10,2,10,0"
40.431864976882935,617,"CSI,1872,128,83,49,21,0,-11,12,-13,10,-15,10,-17,11,-17,11,-15,10,-15,9,-16,8,-11,7,-8,6,-7,6,-2,5,2,5,1,4,1,3,4,4,6,5,5,4,6,4,7,3,8,4,6,5,4,6,4,6,4,5,1,1,0,0,0,0,0,0,0,0,0,0,0,0,0,0,0,0,0,0,1,-1,6,-3,6,-3,7,-2,6,-3,5,-5,4,-4,1,-3,-3,-3,-4,0,-7,1,-10,-1,-10,-4,-10,-7,-10,-9,-12,-11,-11,-13,-10,-12,-10,-14,-9,-15,-9,-14,-7,-11,-7,-9,-8,-5,-9,0,-9,5,-8,7"
40.47447395324707,618,"CSI,1238,128,83,49,21,0,3,4,5,5,8,6,13,6,17,5,19,6,21,7,23,6,21,8,17,10,15,12,12,13,11,11,8,7,4,4,2,3,2,0,1,-2,1,-4,1,-7,2,-10,3,-10,3,-10,3,-11,2,-13,0,-4,0,0,0,0,0,0,0,0,0,0,0,0,0,0,0,0,0,0,-3,-2,-8,-6,-8,-8,-11,-10,-11,-9,-10,-8,-9,-8,-7,-7,-5,-5,-6,-1,-8,3,-8,6,-8,7,-10,7,-11,8,-11,11,-13,14,-14,16,-16,16,-20,16,-21,17,-20,17,-21,16,-19,16,-15,15,-10,10,-10,5"
40.53444695472717,619,"CSI,1877,128,83,49,21,0,16,10,16,11,15,13,14,14,16,12,14,10,11,7,12,3,10,2,6,3,3,2,3,0,4,-2,2,-6,1,-10,0,-12,-2,-13,-1,-14,1,-13,-1,-11,-3,-10,-2,-11,0,-10,2,-8,3,-7,0,-2,0,0,0,0,0,0,0,0,0,0,0,0,0,0,0,0,0,0,0,-2,2,-5,3,-5,5,-5,6,-4,7,-1,5,0,2,-1,1,-2,-1,-3,-4,-1,-6,1,-8,1,-10,-1,-12,-3,-13,-1,-15,-2,-16,-4,-15,-2,-13,1,-12,0,-12,0,-10,0,-8,0,-4,2,0,3,1,4"
40.83869791030884,620,"CSI,1888,128,83,49,21,0,19,-3,21,-3,21,0,21,5,20,5,18,2,12,1,3,4,1,7,5,7,6,3,3,-1,1,-4,3,-8,6,-9,7,-7,8,-7,10,-8,10,-8,8,-6,6,-4,6,-4,6,-4,6,-4,6,-3,1,-1,0,0,0,0,0,0,0,0,0,0,0,0,0,0,0,0,0,0,-2,1,-6,4,-6,1,-6,-1,-6,0,-6,0,-5,-1,-3,-1,-2,0,-1,0,2,2,3,4,3,7,4,8,5,8,4,10,2,11,2,11,1,10,0,11,1,12,0,9,0,8,3,6,3,4,5,2,7,2"
40.8796820640564,621,"CSI,1253,128,83,49,21,0,12,-1,10,2,8,5,7,6,6,8,4,12,0,15,-3,14,1,14,6,15,7,16,5,19,6,15,8,10,7,8,4,6,2,4,3,4,4,2,1,0,-1,2,-2,3,-3,3,-3,4,-2,5,-1,1,0,0,0,0,0,0,0,0,0,0,0,0,0,0,0,0,0,0,0,-2,3,-7,5,-5,7,-4,7,-5,7,-6,6,-5,4,-2,3,-1,4,-1,5,-2,5,-3,6,-1,5,0,5,0,5,3,8,7,10,7,11,6,11,6,13,6,16,8,18,9,17,7,18,5,19,4,22,4"
40.94421696662903,622,"CSI,1893,128,83,49,21,0,-19,6,-20,7,-20,8,-21,7,-21,2,-20,-1,-17,-3,-14,-7,-13,-5,-11,0,-8,2,-6,3,-5,6,-3,6,1,5,1,6,-2,9,-3,11,-2,12,-2,11,-3,9,-2,8,-2,6,-3,4,-3,6,-1,1,0,0,0,0,0,0,0,0,0,0,0,0,0,0,0,0,0,0,1,-1,4,-3,3,-2,3,-3,2,-5,2,-3,6,0,7,-2,2,-5,0,-5,-1,-3,-3,-3,-7,-5,-9,-6,-8,-7,-7,-9,-7,-10,-6,-9,-8,-10,-11,-12,-7,-11,-5,-7,-4,-5,-5,-6,-7,-4,-6,1,-3,4"
40.985410928726196,623,"CSI,1257,128,83,49,21,0,-7,-8,-4,-7,0,-4,7,-2,12,-2,12,-1,14,2,17,6,19,5,18,1,16,0,15,1,14,1,11,2,7,2,5,2,5,1,2,0,-1,0,-2,0,-1,0,-3,1,-3,3,-2,5,-1,6,-1,1,0,0,0,0,0,0,0,0,0,0,0,0,0,0,0,0,0,0,-1,1,-3,6,-5,6,-6,7,-5,9,-6,8,-5,5,-5,2,-4,-1,-4,0,-5,2,-5,0,-4,-3,-4,-6,-4,-9,-4,-10,-6,-13,-5,-14,-4,-13,-5,-15,-5,-18,-5,-19,-6,-18,-8,-17,-9,-18,-10,-17,-12,-15"
41.19722104072571,624,"CSI,1268,128,83,49,21,0,-4,4,2,4,7,4,10,3,9,4,10,4,14,4,19,5,21,3,20,3,17,5,16,5,16,4,12,3,7,2,6,0,4,-3,2,-4,3,-5,3,-5,2,-3,1,-3,-2,-3,-3,-3,-4,-3,-1,-1,0,0,0,0,0,0,0,0,0,0,0,0,0,0,0,0,0,0,-1,-2,-1,-7,0,-8,1,-7,1,-7,2,-6,3,-2,2,0,-1,1,-1,0,-1,2,-3,5,-6,4,-8,4,-9,5,-11,8,-14,7,-16,5,-18,5,-19,6,-18,5,-15,6,-15,9,-16,9,-16,9,-14,9,-12,8"
41.293046951293945,625,"CSI,1270,128,83,49,21,0,-5,1,-3,-3,-4,-7,-4,-9,-2,-10,-2,-13,-4,-15,-6,-12,-5,-12,-3,-16,-2,-17,0,-16,1,-13,-1,-10,-2,-8,-1,-5,0,-1,-1,0,-3,0,-2,2,0,2,1,3,2,4,4,5,6,5,1,1,0,0,0,0,0,0,0,0,0,0,0,0,0,0,0,0,0,0,2,-1,9,-2,9,-2,10,-3,9,-3,7,-1,6,2,5,0,3,-2,2,-2,0,-1,-1,3,-4,5,-7,6,-10,7,-11,7,-13,6,-15,8,-15,10,-14,12,-13,14,-12,15,-12,15,-11,13,-9,14,-8,14,-10,11"
41.39612603187561,626,"CSI,1274,128,83,49,21,0,-7,-1,-5,3,-2,5,5,5,7,6,8,9,12,9,18,8,20,9,17,12,13,13,12,14,13,13,11,10,8,6,5,5,3,6,2,2,3,-1,3,-2,0,-3,-2,-3,-2,-6,-2,-9,-2,-9,-1,-3,0,0,0,0,0,0,0,0,0,0,0,0,0,0,0,0,0,0,1,-2,4,-6,5,-4,7,-1,7,-1,6,-1,4,-1,2,0,3,-1,1,-2,0,-1,-2,0,-5,0,-6,-3,-9,-4,-11,-2,-12,-4,-14,-6,-19,-7,-21,-9,-20,-11,-20,-10,-20,-9,-20,-10,-18,-8,-16,-4,-16,-2"
41.49619197845459,627,"CSI,1277,128,83,49,21,0,-2,10,-1,8,3,5,8,3,12,1,13,-1,19,2,25,6,26,4,23,4,20,4,18,5,17,8,12,9,7,6,5,3,4,1,5,-1,4,-3,3,-3,3,-2,3,-4,1,-6,-1,-8,1,-8,0,-2,0,0,0,0,0,0,0,0,0,0,0,0,0,0,0,0,0,0,-2,1,-7,4,-9,4,-9,2,-8,0,-10,0,-10,0,-10,2,-9,4,-6,5,-5,6,-5,9,-5,11,-5,9,-5,9,-4,12,-3,14,-4,14,-3,15,-1,16,-1,17,-3,19,-4,20,-4,20,-5,20,-5,21,-4,21"
41.70197796821594,628,"CSI,1286,128,83,49,21,0,13,-2,11,-6,11,-8,11,-10,11,-11,13,-12,14,-14,11,-13,11,-10,12,-9,15,-7,12,-4,9,-6,8,-7,9,-7,8,-6,5,-5,3,-4,4,-5,5,-7,3,-7,0,-5,-1,-6,0,-8,2,-9,0,-2,0,0,0,0,0,0,0,0,0,0,0,0,0,0,0,0,0,0,1,-1,6,-1,8,2,8,2,8,2,7,1,6,-2,5,-1,6,1,7,-1,8,-3,12,-3,15,-3,14,-3,14,-4,17,-3,19,-4,20,-3,21,0,21,1,22,-1,23,-2,22,0,20,0,19,-2,17,-2,15,1"
41.80570411682129,629,"CSI,1290,128,83,49,21,0,2,10,-1,4,-1,-3,2,-9,5,-13,7,-15,10,-16,12,-16,10,-17,8,-20,6,-21,4,-19,7,-15,8,-12,5,-10,0,-8,-1,-7,0,-4,0,1,-3,1,-4,0,-2,2,-1,4,-2,6,-3,8,-1,2,0,0,0,0,0,0,0,0,0,0,0,0,0,0,0,0,0,0,-2,-2,-7,-6,-6,-9,-5,-10,-5,-8,-4,-7,-2,-7,-1,-6,-1,-4,-2,-4,-2,-3,-2,1,-4,4,-3,4,-1,6,-1,10,-1,13,-4,15,-6,18,-5,20,-3,20,-3,21,-2,22,0,22,-1,22,0,21,2,21"
41.90743708610535,630,"CSI,1294,128,83,49,21,0,7,-3,1,-2,-2,-5,-4,-10,-8,-14,-14,-14,-15,-18,-10,-21,-11,-19,-16,-15,-17,-13,-15,-13,-13,-13,-9,-11,-8,-9,-7,-5,-5,-2,-3,-1,-4,0,-3,2,-1,4,1,7,2,10,0,9,-2,7,-1,1,0,0,0,0,0,0,0,0,0,0,0,0,0,0,0,0,0,0,-1,2,-4,7,-8,7,-10,6,-10,4,-9,3,-8,3,-8,3,-6,2,-3,2,0,1,1,0,2,1,6,1,10,3,14,5,18,5,20,6,21,5,21,5,20,7,23,7,24,7,24,6,23,5,19,4,17,8"
41.9521381855011,631,"CSI,2321,128,75,-79,20,0,7,-7,3,-4,-5,-2,-8,0,-9,3,-12,5,-13,8,-12,14,-13,14,-14,10,-15,10,-16,10,-16,10,-15,10,-11,8,-8,6,-5,2,-3,0,-1,-1,2,-2,4,-1,3,-2,2,-4,3,-4,5,-4,1,-2,0,0,0,0,0,0,0,0,0,0,0,0,0,0,0,0,0,0,-1,0,-5,4,-6,7,-8,8,-9,8,-7,9,-6,9,-7,8,-7,6,-4,2,0,1,1,0,0,-1,1,-3,5,-4,10,-5,13,-7,15,-7,16,-8,17,-11,21,-11,26,-11,26,-13,22,-15,21,-16,19,-13,17,-11"
41.98272514343262,632,"CSI,2322,128,75,-79,20,0,8,-6,3,-3,-1,1,-3,3,-6,3,-9,6,-10,7,-10,4,-11,5,-16,9,-18,10,-16,9,-14,8,-13,8,-12,8,-9,6,-5,6,-2,3,-1,1,0,-1,0,-3,1,-4,2,-4,2,-5,5,-6,1,-2,0,0,0,0,0,0,0,0,0,0,0,0,0,0,0,0,0,0,-1,3,-3,11,-3,9,-4,8,-6,7,-7,6,-7,6,-6,5,-6,3,-3,2,-1,2,-1,0,0,-2,4,-2,6,-3,8,-5,11,-6,13,-8,14,-10,14,-12,15,-14,17,-16,17,-16,17,-15,19,-16,18,-17,17,-17"
42.012991189956665,633,"CSI,1298,128,83,49,21,0,8,-6,3,-4,-1,-2,-5,-2,-9,-3,-13,-2,-20,-3,-26,-4,-24,-1,-21,1,-21,0,-20,-2,-17,-5,-14,-8,-12,-9,-11,-8,-8,-7,-4,-4,0,-2,2,-2,2,-2,3,-1,5,-1,6,-1,8,-2,2,-1,0,0,0,0,0,0,0,0,0,0,0,0,0,0,0,0,0,0,-1,1,-3,7,-4,8,-6,8,-7,8,-7,7,-8,3,-8,1,-9,3,-9,2,-5,1,1,2,2,2,4,-1,7,-2,6,-3,8,-3,12,-4,16,-6,20,-7,24,-7,24,-6,22,-6,21,-7,21,-8,21,-8,21,-9"
42.11174488067627,634,"CSI,1301,128,83,49,21,0,7,6,8,1,5,-5,1,-8,0,-12,1,-18,0,-19,-1,-15,0,-16,1,-21,0,-22,-1,-21,1,-20,4,-17,4,-12,3,-10,2,-9,0,-5,-1,-4,-2,-4,-2,-2,-2,2,-2,4,-5,5,-8,7,-2,2,0,0,0,0,0,0,0,0,0,0,0,0,0,0,0,0,0,0,-2,1,-8,5,-11,3,-12,2,-12,1,-13,1,-11,0,-8,-1,-8,-2,-8,-2,-5,-1,-1,1,1,3,4,4,7,5,8,6,7,10,10,13,14,13,16,14,17,17,18,18,17,20,18,21,19,20,18,18,14,19"
42.21514105796814,635,"CSI,1306,128,83,49,21,0,2,7,5,7,7,5,11,1,15,0,15,-1,18,-2,24,1,24,1,21,-2,19,-1,17,1,14,0,13,-1,11,0,7,-1,5,-2,3,-4,1,-4,-1,-3,-2,-2,-3,-3,-4,-4,-4,-4,-5,-7,-2,-3,0,0,0,0,0,0,0,0,0,0,0,0,0,0,0,0,0,0,-2,-3,-8,-9,-6,-7,-5,-7,-6,-8,-6,-8,-5,-7,-4,-7,-3,-6,-2,-2,-3,2,-5,3,-7,5,-7,7,-5,9,-5,12,-7,15,-9,16,-10,17,-10,17,-11,18,-13,19,-13,16,-11,15,-11,18,-12,17,-10,15"
42.316569089889526,636,"CSI,1309,128,83,49,21,0,-7,-6,-7,0,-7,4,-8,8,-6,11,-3,13,-4,14,-5,13,-6,17,-8,21,-9,21,-9,18,-9,16,-6,13,-2,10,-1,9,0,6,0,3,0,1,2,1,2,-1,1,-5,3,-7,4,-7,3,-8,0,-2,0,0,0,0,0,0,0,0,0,0,0,0,0,0,0,0,0,0,2,1,11,3,10,4,9,8,8,11,6,10,6,9,5,9,3,8,3,7,2,4,-1,-1,-2,-5,-1,-8,-1,-10,-2,-14,-3,-18,-4,-20,-4,-21,-3,-22,-2,-23,-2,-24,-3,-26,-5,-24,-6,-22,-4,-20,-1,-18"
42.41940903663635,637,"CSI,1314,128,83,49,21,0,-10,-2,-7,0,-1,3,4,6,8,7,13,9,12,9,7,7,9,9,16,12,17,13,15,14,13,13,11,11,8,9,5,7,1,5,0,2,0,-2,1,-5,-1,-6,-3,-4,-5,-3,-5,-3,-5,-4,-1,-1,0,0,0,0,0,0,0,0,0,0,0,0,0,0,0,0,0,0,2,-1,8,-2,8,0,9,2,10,4,9,5,8,6,8,7,8,7,6,4,3,2,1,-1,-2,-2,-5,-3,-8,-3,-10,-5,-12,-8,-14,-10,-15,-10,-17,-12,-22,-13,-24,-13,-22,-15,-20,-16,-21,-13,-21,-12,-21,-14"
42.52190089225769,638,"CSI,1317,128,83,49,21,0,-6,-5,-6,-1,-7,4,-8,5,-10,4,-13,6,-16,13,-19,16,-18,15,-16,12,-16,9,-15,7,-14,7,-12,5,-9,3,-6,3,-3,4,-1,3,1,1,2,1,1,1,2,1,3,1,3,2,5,1,1,0,0,0,0,0,0,0,0,0,0,0,0,0,0,0,0,0,0,0,2,-2,8,-7,8,-5,9,-4,10,-3,9,-3,6,-3,3,-1,3,1,4,1,3,-1,0,-3,-2,-5,-2,-8,-5,-10,-7,-12,-7,-16,-9,-18,-10,-17,-7,-19,-5,-21,-4,-23,-4,-23,-4,-20,-4,-19,-4,-20,-5,-20"
42.624820947647095,639,"CSI,1321,128,83,49,21,0,-6,-9,-5,-6,-5,-1,-6,4,-9,7,-11,9,-10,11,-6,12,-8,12,-13,12,-16,10,-16,9,-15,8,-10,6,-6,5,-5,5,-5,5,-4,5,-2,4,0,4,2,5,4,2,5,1,5,2,5,3,1,0,0,0,0,0,0,0,0,0,0,0,0,0,0,0,0,0,0,0,0,-2,3,-8,4,-7,5,-4,7,-5,8,-5,7,-5,6,-4,5,-4,4,-4,4,-5,3,-5,0,-6,-3,-7,-5,-5,-6,-6,-8,-10,-10,-11,-12,-13,-12,-15,-12,-14,-12,-15,-12,-18,-11,-19,-12,-21,-12,-23,-11,-19"
42.67902994155884,640,"CSI,2323,128,75,-79,20,0,-9,-11,-8,-8,-7,-2,-5,4,-1,8,0,11,-4,19,-7,26,-4,26,0,24,-1,20,-5,19,-9,18,-10,15,-9,12,-6,8,-4,7,-4,6,-3,2,-1,2,2,3,3,1,2,-1,2,-3,3,-6,1,-2,0,0,0,0,0,0,0,0,0,0,0,0,0,0,0,0,0,0,2,-1,9,-4,9,-4,10,-3,11,-1,11,-1,9,-2,10,0,11,0,10,-2,10,-2,11,-1,8,-2,3,-5,-3,-7,-8,-7,-12,-9,-14,-11,-14,-13,-15,-18,-17,-21,-20,-21,-18,-19,-14,-19,-14,-20,-14,-21,-13,-21"
42.731311082839966,641,"CSI,1326,128,83,49,21,0,-15,-3,-10,-2,-4,-1,2,-1,7,1,10,3,15,5,23,6,25,5,22,3,19,6,18,8,17,10,16,10,13,7,9,4,7,2,5,2,3,2,1,0,-1,-3,-2,-3,-3,-3,-4,-6,-4,-8,-1,-2,0,0,0,0,0,0,0,0,0,0,0,0,0,0,0,0,0,0,0,-2,2,-6,5,-8,7,-8,8,-7,9,-6,9,-6,7,-6,6,-4,6,-5,7,-4,6,-3,4,-2,0,-1,-3,-1,-4,-1,-7,-2,-11,-3,-15,-3,-20,-2,-25,-1,-29,-1,-29,-2,-27,-3,-28,-2,-26,-1,-25,1"
42.76122307777405,642,"CSI,2325,128,77,-47,20,0,-12,13,-7,8,-2,4,1,1,7,-1,12,-2,14,-1,18,1,21,-1,24,-4,23,-3,20,-3,19,-4,18,-3,15,-2,13,-2,11,-2,6,-3,5,-2,5,-1,4,-1,1,0,-3,1,-5,0,-6,-2,-2,-1,0,0,0,0,0,0,0,0,0,0,0,0,0,0,0,0,0,0,-1,-3,-3,-9,-3,-9,-1,-11,1,-13,1,-12,1,-13,3,-12,3,-9,3,-6,1,-6,0,-6,-1,-3,-3,0,-3,-1,-3,0,-7,5,-10,8,-12,9,-13,13,-16,17,-20,18,-21,18,-21,18,-21,19,-19,19,-18,18"
42.9315550327301,643,"CSI,1333,128,83,49,21,0,1,5,1,9,1,11,0,15,0,21,-1,23,0,24,3,22,5,18,2,17,0,15,0,10,1,7,2,6,1,5,-2,1,-2,-4,-2,-7,-3,-7,-2,-8,-1,-8,-2,-8,-3,-8,-4,-7,-5,-5,-2,-1,0,0,0,0,0,0,0,0,0,0,0,0,0,0,0,0,0,0,-2,2,-6,9,-7,8,-8,6,-8,4,-7,5,-6,4,-3,2,-1,-1,-2,-4,-1,-5,1,-9,4,-14,5,-15,7,-15,8,-16,9,-21,7,-24,6,-25,6,-24,9,-22,9,-21,6,-22,6,-18,7,-13,6,-10,2,-8"
43.015825033187866,644,"CSI,2326,128,77,-47,20,0,-4,0,-2,5,-3,7,-5,10,-4,14,-2,16,-6,18,-12,20,-9,20,-5,20,-6,19,-5,16,-3,13,-3,10,-4,8,-3,3,-1,0,1,0,3,0,4,-2,3,-3,3,-4,4,-5,2,-5,0,-6,0,-2,0,0,0,0,0,0,0,0,0,0,0,0,0,0,0,0,0,0,2,-1,9,-2,8,0,8,2,7,4,4,6,1,6,1,4,1,3,0,2,-2,-2,-3,-6,-3,-7,-3,-9,-3,-11,-4,-13,-5,-15,-9,-17,-9,-20,-8,-23,-9,-24,-11,-24,-10,-23,-8,-20,-6,-17,-7,-14,-9,-11"
43.0464301109314,645,"CSI,2327,128,77,-47,20,0,-6,6,-2,9,1,10,6,9,12,9,15,10,14,9,14,9,13,10,12,10,11,13,9,15,9,13,8,9,6,4,5,2,4,2,2,-1,0,-5,0,-5,2,-6,2,-6,2,-6,-1,-6,-3,-9,-1,-3,0,0,0,0,0,0,0,0,0,0,0,0,0,0,0,0,0,0,1,-3,6,-10,8,-7,10,-5,10,-6,9,-6,9,-4,8,-3,6,-3,1,-3,-3,-3,-4,-2,-6,-3,-8,-2,-9,0,-11,1,-14,2,-19,-1,-23,-5,-26,-5,-28,-5,-27,-6,-25,-5,-21,-4,-17,-5,-14,-6,-15,-4"
43.076722145080566,646,"CSI,1336,128,83,49,21,0,-9,-3,-6,1,-4,4,-6,7,-7,10,-7,13,-7,13,-7,12,-10,13,-13,15,-14,15,-14,13,-11,11,-7,8,-4,6,-3,5,-4,3,-2,1,1,1,3,1,5,1,6,0,5,0,4,0,5,0,1,-1,0,0,0,0,0,0,0,0,0,0,0,0,0,0,0,0,0,0,1,-2,7,-7,9,-5,9,-4,9,-3,8,-3,5,-1,2,0,1,0,0,-1,-1,-1,-1,-2,-4,-5,-7,-8,-8,-8,-8,-7,-8,-7,-8,-11,-11,-16,-12,-19,-12,-20,-10,-19,-8,-19,-8,-20,-7,-19,-7,-14,-7,-9"
43.13805413246155,647,"CSI,1341,128,83,49,21,0,-10,-6,-9,-4,-10,-1,-11,2,-16,3,-21,3,-23,3,-26,4,-26,6,-22,5,-20,2,-17,2,-16,2,-13,2,-12,3,-11,3,-10,3,-8,3,-6,3,-3,3,-2,3,-1,4,0,6,-1,6,-1,7,-1,2,0,0,0,0,0,0,0,0,0,0,0,0,0,0,0,0,0,0,1,-2,5,-7,7,-8,8,-9,8,-8,7,-5,8,-4,7,-4,5,-5,4,-3,3,-1,2,-1,-2,-4,-5,-6,-6,-8,-7,-11,-8,-15,-8,-20,-7,-23,-7,-24,-7,-23,-6,-24,-5,-25,-5,-24,-5,-22,-5,-20,-4,-17"
43.2439661026001,648,"CSI,1346,128,83,49,21,0,-5,-10,-7,-11,-7,-15,-10,-17,-11,-18,-11,-20,-13,-19,-15,-15,-12,-15,-9,-17,-8,-17,-7,-12,-6,-8,-5,-5,-5,-2,-5,2,-4,4,-4,6,-4,6,-2,8,0,9,-1,9,-2,10,-2,10,-3,10,-1,2,0,0,0,0,0,0,0,0,0,0,0,0,0,0,0,0,0,0,-4,0,-14,0,-12,0,-11,1,-12,-1,-11,-3,-10,-4,-7,-5,-2,-4,1,-1,2,0,5,0,7,0,7,-1,10,1,15,5,20,7,23,7,22,8,19,10,19,12,20,12,16,10,12,9,11,7,10,3,6,0"
43.34055018424988,649,"CSI,1349,128,83,49,21,0,2,-3,1,3,2,8,3,13,4,15,7,16,9,16,11,15,10,13,6,13,5,14,6,14,5,13,3,12,3,11,3,7,-1,4,-2,1,-1,-2,-1,-5,-2,-6,-2,-6,-2,-7,-4,-7,-4,-5,-1,-1,0,0,0,0,0,0,0,0,0,0,0,0,0,0,0,0,0,0,0,1,3,8,5,11,5,12,4,12,2,11,-2,9,-3,8,0,7,1,4,2,2,3,-1,1,-4,-2,-8,-5,-10,-7,-10,-6,-13,-7,-18,-8,-20,-8,-19,-7,-20,-7,-22,-7,-22,-4,-21,-1,-20,-1,-19,-2,-18"
43.44499492645264,650,"CSI,1352,128,83,49,21,0,-9,-10,-10,-6,-12,-1,-15,5,-15,9,-14,12,-13,11,-11,9,-16,8,-21,8,-21,8,-20,5,-19,2,-15,2,-12,3,-10,2,-6,1,-3,3,0,3,1,1,0,3,1,5,3,5,4,5,5,3,1,0,0,0,0,0,0,0,0,0,0,0,0,0,0,0,0,0,0,0,0,-2,0,-6,1,-8,3,-10,4,-12,5,-11,5,-11,3,-10,0,-9,0,-10,1,-9,0,-8,-2,-8,-6,-6,-7,-2,-7,-2,-11,-3,-17,-5,-19,-8,-18,-9,-17,-12,-18,-15,-18,-17,-17,-20,-18,-21,-16,-20,-12,-19"
43.54433512687683,651,"CSI,1357,128,83,49,21,0,3,10,7,8,11,4,12,2,13,2,15,3,16,3,15,1,16,2,18,5,18,6,15,6,12,5,11,3,10,2,8,2,8,1,5,1,1,-2,1,-4,2,-5,2,-6,1,-7,1,-8,1,-9,0,-3,0,0,0,0,0,0,0,0,0,0,0,0,0,0,0,0,0,0,-2,1,-8,4,-10,2,-12,1,-12,1,-11,1,-11,0,-11,-2,-9,0,-7,3,-4,6,-2,7,-3,8,-3,10,-2,11,-4,11,-4,11,-1,14,2,18,0,21,-2,22,-1,23,-1,24,-4,23,-6,22,-7,20,-7,18"
43.64835596084595,652,"CSI,1361,128,83,49,21,0,-3,-9,-7,-6,-11,-3,-14,-1,-17,-1,-17,-2,-18,-1,-21,3,-21,1,-19,-2,-17,-5,-14,-8,-12,-8,-12,-6,-11,-3,-8,-3,-6,-2,-7,0,-7,2,-6,3,-7,3,-6,2,-3,3,-1,6,-1,7,-1,1,0,0,0,0,0,0,0,0,0,0,0,0,0,0,0,0,0,0,2,-1,8,-3,9,-1,11,1,10,0,9,0,7,1,7,3,5,1,4,-3,4,-5,3,-5,2,-9,3,-13,2,-14,2,-15,2,-16,1,-16,1,-17,3,-21,3,-22,3,-21,2,-21,0,-20,2,-21,4,-19,3,-17"
43.750548124313354,653,"CSI,1365,128,83,49,21,0,-4,13,0,11,5,11,8,13,9,16,8,18,8,21,10,23,10,20,10,17,9,16,6,14,1,13,-1,11,0,8,2,5,3,4,4,3,5,1,6,0,8,-1,8,-2,7,-2,7,-2,8,-1,2,-1,0,0,0,0,0,0,0,0,0,0,0,0,0,0,0,0,0,0,-3,-2,-11,-6,-11,-6,-7,-6,-4,-6,-4,-6,-3,-6,-2,-5,-4,-3,-7,-1,-8,4,-7,7,-8,8,-10,11,-12,12,-13,11,-13,12,-13,12,-15,11,-18,10,-18,11,-16,11,-17,7,-17,5,-16,5,-14,5,-9,4"
43.788995027542114,654,"CSI,2328,128,75,-79,20,0,-9,2,-5,4,-7,4,-11,6,-12,10,-12,13,-10,17,-6,19,-10,15,-15,10,-17,9,-17,7,-15,4,-12,2,-8,3,-5,5,-3,5,-3,6,-2,7,1,6,3,6,4,6,3,4,3,5,4,8,1,2,0,0,0,0,0,0,0,0,0,0,0,0,0,0,0,0,0,0,1,-3,3,-11,1,-10,3,-10,5,-9,6,-8,6,-7,3,-5,0,-2,-2,-2,-3,-4,-4,-4,-6,-3,-9,-4,-10,-8,-12,-10,-15,-11,-15,-13,-16,-14,-15,-16,-12,-17,-12,-17,-12,-17,-8,-14,-6,-11,-9,-8,-10,-7"
43.85206699371338,655,"CSI,1368,128,83,49,21,0,6,-6,4,-9,2,-10,3,-13,4,-20,4,-22,4,-25,4,-28,3,-24,5,-19,8,-18,8,-16,6,-15,4,-15,4,-14,4,-10,0,-5,-2,-2,-1,-1,-1,-1,-4,-1,-8,-1,-8,0,-8,1,-7,1,-2,0,0,0,0,0,0,0,0,0,0,0,0,0,0,0,0,0,0,0,-1,2,-2,11,-4,11,-6,10,-5,8,-3,6,-2,5,-1,5,0,5,0,5,2,3,5,0,6,0,8,1,11,1,16,3,20,5,22,8,23,11,23,10,19,8,15,10,14,12,16,12,17,10,15,6,14,5"
43.955305099487305,656,"CSI,1373,128,83,49,21,0,8,-5,9,-12,7,-15,4,-15,6,-17,12,-19,12,-17,8,-13,10,-13,12,-15,10,-12,9,-9,8,-8,5,-8,2,-8,1,-9,-1,-8,-4,-7,-6,-7,-5,-7,-4,-7,-4,-8,-6,-7,-7,-7,-7,-6,-2,-2,0,0,0,0,0,0,0,0,0,0,0,0,0,0,0,0,0,0,0,2,3,9,2,10,1,10,0,10,-2,7,-3,5,-2,5,-1,4,1,2,3,2,5,2,8,3,12,5,14,5,14,4,14,3,15,3,18,4,23,4,21,7,16,11,14,13,15,11,16,9,15,8,12,8"
44.060500144958496,657,"CSI,1376,128,83,49,21,0,-5,-9,-8,-10,-12,-13,-13,-15,-13,-15,-14,-17,-14,-15,-11,-12,-8,-15,-9,-18,-10,-16,-9,-14,-8,-12,-7,-8,-6,-6,-6,-6,-9,-6,-10,-5,-9,-5,-8,-3,-7,-2,-6,-1,-6,0,-9,2,-11,3,-3,0,0,0,0,0,0,0,0,0,0,0,0,0,0,0,0,0,0,0,2,-2,8,-7,7,-6,8,-5,10,-3,9,-2,7,-2,5,-3,3,-3,3,-4,2,-4,-1,-7,-3,-11,-3,-15,-2,-17,-2,-18,0,-20,2,-23,6,-24,9,-24,9,-23,9,-21,10,-18,12,-15,10,-16,5,-17,1,-16"
44.1625189781189,658,"CSI,1381,128,83,49,21,0,-11,8,-5,2,1,0,8,-2,15,-4,18,-7,21,-8,26,-7,28,-8,24,-11,20,-11,20,-10,20,-8,16,-8,12,-8,10,-8,7,-6,3,-5,-1,-5,-3,-6,-4,-5,-4,-2,-6,1,-8,2,-9,1,-3,0,0,0,0,0,0,0,0,0,0,0,0,0,0,0,0,0,0,0,-1,-2,-4,-8,-2,-8,-1,-9,-1,-10,-2,-12,-2,-12,0,-10,0,-7,1,-7,2,-8,1,-7,-1,-4,-3,-1,-4,2,-5,4,-5,8,-5,11,-7,13,-10,17,-12,21,-15,21,-16,20,-15,21,-16,25,-17,25,-17,23"
44.26523208618164,659,"CSI,1385,128,83,49,21,0,2,7,3,1,2,-6,3,-10,4,-13,4,-16,6,-18,9,-23,11,-22,9,-17,7,-15,8,-15,11,-14,9,-12,5,-11,4,-7,1,-3,-2,0,-3,0,-5,1,-5,1,-7,1,-7,2,-6,3,-6,3,-2,0,0,0,0,0,0,0,0,0,0,0,0,0,0,0,0,0,0,0,-2,-2,-8,-7,-8,-9,-7,-9,-7,-8,-6,-7,-5,-6,-5,-6,-4,-6,-5,-5,-4,-4,-3,-2,-2,1,1,3,1,7,-1,12,-3,15,-2,17,0,20,0,22,-1,21,-1,20,-2,22,-1,22,0,22,1,20,3,17"
44.29437780380249,660,"CSI,2329,128,77,-47,20,0,-2,-2,1,1,7,4,11,8,10,11,7,13,8,15,9,20,11,18,13,14,11,14,8,14,7,10,5,6,4,3,3,3,2,1,0,-1,0,-4,0,-5,0,-5,1,-6,0,-6,-1,-8,0,-11,0,-3,0,0,0,0,0,0,0,0,0,0,0,0,0,0,0,0,0,0,3,0,11,0,9,-1,10,0,11,2,8,1,3,1,1,2,0,0,-1,-2,-3,-1,-6,-2,-7,-4,-9,-6,-11,-6,-13,-7,-15,-8,-15,-8,-16,-10,-19,-12,-20,-9,-19,-9,-17,-10,-16,-11,-16,-12,-17,-12,-18,-10"
44.364243030548096,661,"CSI,1388,128,83,49,21,0,-6,0,-4,-5,1,-10,6,-13,7,-14,7,-15,10,-15,14,-11,13,-12,10,-17,8,-18,7,-18,7,-16,4,-10,1,-6,-1,-5,-2,-3,-3,-2,-3,-2,-3,1,-3,4,-3,5,-1,5,2,6,2,6,0,1,0,0,0,0,0,0,0,0,0,0,0,0,0,0,0,0,0,0,2,0,9,1,8,1,8,2,8,2,6,3,6,3,4,0,1,-2,-1,-1,-2,1,-3,-2,-6,-2,-8,0,-12,1,-13,2,-12,2,-12,3,-16,5,-18,5,-19,5,-19,5,-18,6,-19,8,-18,10,-15,8,-16,5"
44.466809034347534,662,"CSI,1393,128,83,49,21,0,-3,4,0,4,3,-1,5,-3,7,-2,8,-3,11,-8,12,-11,12,-10,14,-9,15,-6,16,-3,15,-2,12,-2,10,-3,10,-3,6,-2,1,-3,-3,-3,-4,-3,-5,0,-5,2,-8,3,-10,2,-10,2,-3,0,0,0,0,0,0,0,0,0,0,0,0,0,0,0,0,0,0,0,0,-2,2,-7,3,-8,4,-6,5,-4,5,-1,2,-1,1,-4,3,-4,4,-2,0,1,-4,2,-6,1,-8,-1,-11,-1,-14,0,-16,2,-17,4,-18,7,-19,6,-21,5,-22,6,-20,6,-18,7,-18,8,-17,9,-18,8"
44.56981611251831,663,"CSI,1397,128,83,49,21,0,1,-4,-3,1,-6,2,-9,6,-11,10,-14,10,-19,8,-23,8,-20,10,-17,12,-17,11,-17,9,-14,7,-14,3,-13,3,-8,0,-5,-2,-4,-1,-3,-1,-1,-1,1,-1,2,-2,3,-3,5,-4,6,-6,1,-2,0,0,0,0,0,0,0,0,0,0,0,0,0,0,0,0,0,0,-2,1,-7,5,-8,3,-6,2,-3,0,-2,0,-4,0,-5,1,-4,0,-3,0,0,-1,2,-3,4,-6,5,-7,8,-8,11,-8,12,-8,12,-8,14,-8,15,-9,17,-10,18,-12,16,-12,12,-9,11,-9,11,-9,9,-10"
44.68195700645447,664,"CSI,2330,128,77,-47,20,0,2,12,0,11,1,11,-2,12,-5,13,-5,16,-4,16,-3,12,-5,10,-6,15,-4,17,-3,15,-2,10,-2,8,-2,8,-3,8,-4,6,-5,3,-4,0,-4,-2,-5,-3,-7,-3,-8,1,-6,4,-5,4,-2,1,0,0,0,0,0,0,0,0,0,0,0,0,0,0,0,0,0,0,2,-1,10,-1,10,1,9,3,8,3,6,2,6,2,6,2,5,3,5,4,5,6,4,7,3,9,2,10,3,11,6,13,7,13,8,13,9,14,9,15,8,12,10,11,10,12,9,12,11,10,14,10,16,10"
44.71261715888977,665,"CSI,2331,128,77,-47,20,0,-9,7,-11,5,-14,0,-15,-2,-15,0,-17,-1,-18,1,-17,5,-15,4,-15,3,-16,3,-15,2,-13,2,-9,2,-6,2,-3,0,-3,-3,-1,-3,2,-2,0,-3,-3,-5,-3,-6,-3,-6,-5,-5,-5,-4,-2,-1,0,0,0,0,0,0,0,0,0,0,0,0,0,0,0,0,0,0,1,2,4,8,3,8,2,8,1,6,-1,4,-2,4,-2,6,-3,5,-4,4,-6,5,-8,7,-9,9,-9,10,-10,10,-11,10,-11,11,-13,10,-12,10,-9,11,-9,13,-9,13,-10,12,-10,12,-9,14,-9,13,-11,10"
44.77056097984314,666,"CSI,1404,128,83,49,21,0,7,0,7,3,4,4,1,6,0,10,-2,12,-1,12,3,11,3,12,3,15,4,15,3,13,4,13,4,11,3,11,1,11,0,8,0,4,0,2,0,1,0,0,-2,2,-3,2,-4,2,-5,3,-2,1,0,0,0,0,0,0,0,0,0,0,0,0,0,0,0,0,0,0,1,-2,5,-8,3,-6,4,-5,4,-4,5,-2,6,-2,6,-3,4,-2,4,-2,5,-2,6,1,5,4,5,4,5,4,5,5,6,7,8,6,9,5,13,5,16,5,16,5,16,5,15,6,12,4,11,5,12,5"
44.877246141433716,667,"CSI,1408,128,83,49,21,0,-3,-13,-1,-13,3,-12,5,-10,7,-8,11,-8,13,-11,10,-14,6,-13,6,-10,8,-8,8,-8,8,-7,9,-5,6,-5,3,-3,3,-1,1,0,0,1,0,2,2,3,4,3,3,5,3,6,5,4,1,1,0,0,0,0,0,0,0,0,0,0,0,0,0,0,0,0,0,0,-2,0,-6,2,-7,4,-7,3,-6,1,-5,-1,-6,-2,-5,-1,-3,-2,-3,-5,-5,-6,-6,-6,-5,-7,-3,-8,-3,-7,-3,-8,-5,-10,-6,-12,-5,-12,-5,-12,-7,-13,-8,-15,-8,-16,-7,-15,-6,-16,-6,-15,-7,-13"
44.9798948764801,668,"CSI,1413,128,83,49,21,0,1,5,-2,5,-7,2,-12,-2,-16,-4,-18,-7,-22,-5,-26,-1,-24,0,-20,1,-18,1,-17,-1,-16,-3,-16,-2,-15,0,-11,-2,-7,-3,-4,-4,-1,-5,4,-4,7,-5,6,-6,7,-6,8,-7,8,-7,1,-2,0,0,0,0,0,0,0,0,0,0,0,0,0,0,0,0,0,0,-1,-2,-1,-10,1,-11,1,-11,0,-11,0,-9,0,-7,-2,-5,-2,-4,-2,-3,-2,1,-2,3,-2,2,-2,4,-2,8,0,11,2,15,6,15,9,14,12,15,14,18,12,19,10,18,11,17,12,16,10,15,6,16"
45.184489250183105,669,"CSI,1421,128,83,49,21,0,3,2,-1,-2,-4,-5,-7,-7,-7,-11,-8,-15,-8,-16,-4,-15,-3,-16,-5,-17,-6,-20,-4,-20,-4,-16,-5,-13,-3,-12,-1,-10,-2,-6,-3,-1,-2,3,-2,5,-2,5,-3,6,-3,8,-3,10,-3,11,-1,2,0,0,0,0,0,0,0,0,0,0,0,0,0,0,0,0,0,0,-2,-1,-8,0,-9,2,-9,1,-8,-1,-7,-3,-7,-3,-6,-1,-4,1,-3,1,-1,1,-1,2,1,4,4,5,5,5,5,7,7,8,9,9,13,11,14,11,11,13,11,15,14,13,14,12,14,14,15,14,16,16"
45.28852105140686,670,"CSI,1425,128,83,49,21,0,2,5,3,2,5,-4,6,-8,8,-10,11,-13,13,-14,14,-13,16,-14,16,-15,16,-12,16,-11,15,-12,13,-10,10,-8,7,-7,5,-3,3,-2,0,-2,-2,-1,-5,-1,-7,-1,-8,-2,-11,-2,-13,-2,-4,-1,0,0,0,0,0,0,0,0,0,0,0,0,0,0,0,0,0,0,-2,-1,-6,-1,-7,0,-7,0,-5,0,-5,0,-4,2,-3,2,-4,2,-5,1,-4,2,-1,5,2,8,4,11,3,10,1,11,4,14,6,14,7,13,7,14,7,17,7,20,5,21,4,19,3,16,1,15,1,13"
45.34567427635193,671,"CSI,2065,128,83,49,21,0,-15,9,-14,13,-13,13,-16,10,-17,8,-15,6,-10,5,-5,2,-6,1,-6,2,-5,3,-3,3,0,3,2,5,2,5,5,4,7,6,7,9,6,8,6,7,5,7,3,7,1,6,1,5,2,4,0,0,0,0,0,0,0,0,0,0,0,0,0,0,0,0,0,0,0,0,0,-2,5,-4,7,-3,7,0,7,0,6,0,6,0,3,1,-1,0,-1,-1,-2,1,-4,0,-7,-4,-9,-5,-10,-6,-8,-8,-8,-10,-10,-11,-10,-11,-10,-11,-9,-11,-7,-9,-6,-5,-6,0,-7,1,-7,2,-8,4"
45.389392137527466,672,"CSI,1429,128,83,49,21,0,5,-4,0,-3,-6,1,-12,3,-16,0,-20,-1,-27,-2,-34,-5,-32,-3,-27,-2,-25,-3,-23,-1,-20,-1,-17,-3,-14,-4,-11,-2,-9,0,-6,3,-1,4,3,4,6,5,4,5,3,5,6,5,8,6,2,1,0,0,0,0,0,0,0,0,0,0,0,0,0,0,0,0,0,0,-2,3,-4,11,-2,11,-2,11,-3,11,-1,11,0,10,1,8,2,5,1,5,2,4,4,0,6,-1,9,-1,12,-3,13,-5,13,-9,16,-11,20,-12,22,-13,24,-14,25,-15,26,-14,25,-13,25,-14,24,-11,23,-7"
45.44803023338318,673,"CSI,2068,128,83,49,21,0,-19,12,-17,13,-16,12,-15,9,-15,8,-15,8,-12,4,-7,-2,-4,-1,-4,2,-3,3,-2,3,2,3,4,3,5,4,8,5,10,4,9,5,8,6,8,5,6,3,2,2,1,2,4,2,5,2,1,0,0,0,0,0,0,0,0,0,0,0,0,0,0,0,0,0,0,0,0,1,4,4,6,2,6,3,5,5,3,5,2,5,1,5,-1,2,-3,-3,-3,-8,-4,-9,-4,-9,-3,-9,-2,-10,-2,-14,-1,-16,0,-14,-1,-13,-1,-13,-1,-10,-3,-9,-5,-7,-6,-3,-8,0,-9,2,-7,1"
45.491989850997925,674,"CSI,1432,128,83,49,21,0,-6,-4,-7,0,-8,6,-11,9,-13,12,-14,12,-17,14,-21,19,-20,19,-16,16,-13,15,-13,15,-12,15,-10,11,-9,6,-5,4,-3,4,-2,2,2,3,5,4,3,5,3,6,6,6,6,6,4,5,0,1,0,0,0,0,0,0,0,0,0,0,0,0,0,0,0,0,0,0,1,-1,7,-3,7,-1,7,0,8,2,7,2,6,0,5,-1,1,-2,-2,-2,-1,-1,-2,-3,-5,-5,-7,-7,-8,-11,-9,-15,-8,-18,-6,-19,-7,-21,-9,-22,-9,-22,-6,-21,-3,-19,-3,-18,-5,-18,-5,-15,-4,-11"
45.59504294395447,675,"CSI,1437,128,83,49,21,0,-3,-7,-6,-6,-11,-6,-15,-7,-17,-8,-19,-8,-18,-6,-14,-7,-15,-10,-18,-12,-20,-12,-19,-10,-15,-8,-13,-9,-12,-11,-9,-9,-6,-5,-5,-1,-5,1,-5,2,-3,3,-2,4,-3,5,-3,6,-3,5,-1,1,0,0,0,0,0,0,0,0,0,0,0,0,0,0,0,0,0,0,2,1,9,4,8,4,8,3,7,2,5,3,3,4,3,0,5,-4,6,-4,4,-2,2,-4,0,-8,0,-12,3,-14,6,-16,4,-18,3,-19,4,-19,9,-20,14,-21,13,-21,13,-19,15,-16,14,-16,11,-15,8,-13"
45.69768309593201,676,"CSI,1441,128,83,49,21,0,-8,12,-3,10,5,10,12,11,17,12,21,12,21,9,18,7,19,11,18,18,16,20,15,19,14,17,12,14,11,9,10,6,9,6,7,2,6,-1,8,-4,8,-6,7,-9,5,-10,4,-10,5,-10,1,-3,0,0,0,0,0,0,0,0,0,0,0,0,0,0,0,0,0,0,-3,0,-12,0,-14,1,-16,1,-16,0,-14,-2,-12,-4,-12,-5,-13,-5,-14,-3,-14,-1,-12,1,-8,2,-7,4,-6,6,-4,10,-5,17,-6,21,-7,24,-12,27,-16,29,-18,28,-21,27,-22,28,-20,28,-19,24,-18,22"
45.80235314369202,677,"CSI,1444,128,83,49,21,0,-12,-3,-11,-1,-11,4,-11,11,-10,14,-10,13,-13,13,-19,15,-19,18,-17,18,-14,16,-14,13,-15,12,-15,12,-13,12,-9,9,-7,7,-6,6,-4,6,0,6,0,4,1,3,4,4,6,5,6,4,1,1,0,0,0,0,0,0,0,0,0,0,0,0,0,0,0,0,0,0,-1,-3,-3,-11,-2,-13,-1,-14,0,-15,0,-13,0,-13,-1,-13,-2,-10,-1,-10,-1,-10,-3,-10,-4,-7,-7,-5,-11,-6,-13,-8,-17,-5,-21,-4,-24,-6,-27,-8,-30,-10,-29,-13,-28,-16,-26,-17,-25,-16,-24,-16,-22,-16"
45.90075612068176,678,"CSI,1449,128,83,49,21,0,-11,12,-7,13,-4,13,-2,15,0,17,3,20,4,26,4,30,4,30,3,27,1,23,0,19,1,17,4,17,4,16,2,13,2,13,0,11,0,8,4,7,6,6,5,4,5,1,5,0,4,-2,0,-1,0,0,0,0,0,0,0,0,0,0,0,0,0,0,0,0,0,0,-4,-1,-12,-5,-11,-7,-11,-9,-10,-9,-8,-8,-6,-8,-7,-8,-5,-7,-5,-6,-8,-5,-9,-1,-8,4,-8,4,-10,5,-14,7,-16,8,-18,7,-20,9,-26,13,-30,14,-31,10,-29,6,-27,4,-26,4,-25,4,-25,3"
46.0079779624939,679,"CSI,1453,128,83,49,21,0,3,-19,-1,-18,-3,-17,-7,-18,-11,-18,-11,-18,-9,-21,-6,-24,-8,-25,-12,-25,-12,-24,-11,-23,-8,-21,-5,-19,-5,-18,-6,-15,-4,-11,-4,-8,-6,-6,-7,-6,-8,-5,-7,-3,-7,0,-9,2,-8,0,-2,-1,0,0,0,0,0,0,0,0,0,0,0,0,0,0,0,0,0,0,2,-2,10,-6,12,-5,14,-4,14,-4,13,-4,12,-2,12,0,11,-1,10,-5,8,-7,7,-8,6,-10,6,-12,7,-14,8,-17,9,-22,11,-24,10,-24,13,-26,17,-28,19,-26,18,-23,19,-21,18,-23,18,-22,19,-18"
46.043978214263916,680,"CSI,2332,128,77,-47,20,0,4,-19,2,-17,0,-14,-3,-13,-8,-13,-13,-16,-12,-21,-6,-23,-6,-23,-11,-24,-13,-25,-12,-24,-11,-23,-8,-21,-6,-16,-7,-13,-6,-12,-5,-9,-6,-6,-8,-4,-10,-3,-11,-1,-12,3,-11,5,-7,5,-2,1,0,0,0,0,0,0,0,0,0,0,0,0,0,0,0,0,0,0,2,-2,11,-4,12,-2,14,0,14,-1,13,-1,13,-1,12,-1,11,-1,11,-2,11,-2,10,-4,9,-8,9,-10,9,-13,9,-17,8,-21,8,-22,9,-24,11,-25,14,-25,18,-25,19,-24,18,-21,18,-20,19,-19,19,-19"
46.07460117340088,681,"CSI,2333,128,77,-47,20,0,-10,14,-5,16,0,18,3,16,4,17,5,20,9,18,16,18,16,20,10,20,3,19,0,20,1,22,3,19,4,15,4,13,3,12,4,9,7,8,8,6,7,3,7,0,7,1,6,3,8,2,2,0,0,0,0,0,0,0,0,0,0,0,0,0,0,0,0,0,0,0,-3,1,-11,7,-10,8,-13,9,-15,8,-13,6,-11,5,-10,6,-10,7,-10,9,-10,10,-11,8,-8,8,-6,12,-6,14,-6,15,-7,19,-7,22,-7,24,-9,27,-11,27,-14,25,-18,24,-22,26,-22,25,-21,23,-20,21"
46.11066699028015,682,"CSI,2334,128,77,-47,20,0,-12,-14,-15,-9,-16,-5,-15,0,-17,3,-21,4,-26,6,-32,8,-32,9,-29,6,-26,2,-23,-1,-19,0,-17,0,-17,-2,-15,-2,-12,0,-10,2,-9,2,-6,4,-4,6,-5,8,-5,7,-3,8,-2,10,-1,3,0,0,0,0,0,0,0,0,0,0,0,0,0,0,0,0,0,0,-1,-3,-2,-12,-2,-13,-1,-16,-1,-18,0,-18,0,-16,0,-16,0,-15,0,-14,-1,-13,-3,-13,-6,-12,-10,-9,-13,-9,-14,-11,-16,-13,-18,-14,-18,-16,-19,-19,-21,-23,-21,-28,-19,-28,-18,-26,-17,-27,-15,-25,-13,-23"
46.13862323760986,683,"CSI,1457,128,83,49,21,0,4,16,7,11,10,5,16,3,21,3,22,2,24,0,27,-2,22,1,20,6,21,6,19,5,20,8,19,11,15,9,12,6,9,4,6,1,4,-1,4,-3,3,-6,1,-9,2,-10,4,-9,3,-8,0,-2,0,0,0,0,0,0,0,0,0,0,0,0,0,0,0,0,0,0,-3,2,-9,9,-10,8,-12,8,-15,8,-16,6,-15,5,-13,4,-12,2,-10,3,-7,6,-5,7,-4,6,0,10,4,14,5,17,5,21,4,25,3,29,1,34,-1,35,-2,35,-2,32,-2,28,-2,29,-1,29,-1,24"
46.207409143447876,684,"CSI,1460,128,83,49,21,0,6,15,9,10,12,5,15,3,16,1,19,-4,21,-4,21,1,25,5,28,5,25,3,21,1,18,2,16,3,17,3,16,3,13,1,9,-1,5,-1,3,-4,3,-5,2,-5,1,-8,1,-9,0,-9,-1,-3,0,0,0,0,0,0,0,0,0,0,0,0,0,0,0,0,0,0,-2,2,-6,9,-7,9,-7,8,-7,8,-8,8,-10,6,-10,7,-8,7,-7,4,-6,4,-1,5,2,7,6,10,9,11,11,11,13,13,12,16,11,19,10,21,10,24,10,26,8,26,4,28,4,28,5,25,2,23"
46.24078702926636,685,"CSI,2335,128,77,-47,20,0,-12,-9,-11,-3,-11,1,-12,7,-14,12,-14,14,-15,15,-15,11,-16,10,-19,14,-20,16,-22,14,-20,11,-17,8,-15,6,-12,7,-10,7,-7,8,-3,7,0,4,1,3,1,5,3,6,4,6,2,4,0,0,0,0,0,0,0,0,0,0,0,0,0,0,0,0,0,0,0,0,-1,-3,-1,-11,2,-12,6,-12,7,-11,5,-11,5,-10,5,-8,3,-6,2,-5,1,-3,-2,-4,-7,-8,-11,-9,-13,-9,-15,-11,-18,-13,-17,-13,-16,-15,-17,-19,-19,-22,-20,-24,-19,-25,-19,-24,-19,-22,-16,-21,-13,-21"
46.271915912628174,686,"CSI,2336,128,77,-47,20,0,-10,9,-4,8,0,10,3,13,7,14,9,14,8,18,7,22,8,24,9,25,8,24,7,22,4,19,1,15,0,14,1,11,2,7,1,4,2,2,5,0,7,-3,7,-5,6,-5,7,-4,6,-3,1,-1,0,0,0,0,0,0,0,0,0,0,0,0,0,0,0,0,0,0,-4,-2,-11,-8,-7,-9,-6,-10,-5,-10,-6,-10,-5,-11,-3,-12,-2,-10,-3,-6,-4,-5,-6,-3,-8,-1,-9,2,-10,7,-14,9,-19,8,-20,8,-21,9,-24,10,-27,10,-28,7,-29,6,-30,5,-29,4,-27,5,-28,9"
46.31044006347656,687,"CSI,1465,128,83,49,21,0,0,-5,-7,-4,-12,-5,-16,-5,-16,-5,-16,-7,-14,-7,-9,-4,-8,-4,-13,-7,-16,-8,-16,-8,-12,-4,-9,-1,-8,-2,-8,-2,-6,0,-4,1,-4,2,-5,2,-5,3,-3,5,-1,6,0,6,1,7,0,2,0,0,0,0,0,0,0,0,0,0,0,0,0,0,0,0,0,0,2,-1,10,-5,9,-4,8,-2,6,0,5,2,7,2,8,2,4,1,0,0,0,-1,3,-4,1,-9,-2,-11,0,-11,3,-13,2,-17,1,-20,2,-21,3,-23,5,-24,10,-23,11,-23,9,-20,9,-18,9,-18,6,-15"
46.41337513923645,688,"CSI,1469,128,83,49,21,0,1,-2,1,-2,-2,-4,-9,-9,-14,-12,-15,-13,-16,-15,-17,-19,-19,-19,-16,-16,-14,-15,-15,-12,-13,-10,-10,-8,-7,-5,-4,-3,-1,-1,-1,0,-1,1,0,3,1,4,1,5,1,6,1,5,1,4,0,1,0,0,0,0,0,0,0,0,0,0,0,0,0,0,0,0,0,0,0,2,0,11,-2,12,-3,11,-4,8,-4,5,-3,4,-3,5,-2,4,-2,2,-1,2,2,2,4,0,5,-4,7,-7,14,-7,18,-7,19,-6,21,-4,22,-4,24,-5,28,-4,28,-3,26,-1,24,-1,21,-4,16,-7"
46.51624584197998,689,"CSI,1472,128,83,49,21,0,-6,9,0,9,5,9,9,9,13,11,17,14,17,16,12,17,13,17,17,18,16,19,12,18,11,16,10,14,9,11,7,7,7,4,7,1,7,-2,6,-4,4,-4,4,-7,6,-9,7,-9,7,-9,1,-3,0,0,0,0,0,0,0,0,0,0,0,0,0,0,0,0,0,0,-4,-1,-14,-4,-13,-6,-11,-8,-9,-9,-7,-9,-7,-8,-7,-8,-7,-6,-8,-5,-7,-5,-6,1,-5,6,-5,6,-9,8,-12,12,-13,15,-14,16,-16,18,-17,20,-21,17,-22,14,-22,15,-24,15,-24,16,-21,16,-17,14"
46.61957001686096,690,"CSI,1476,128,83,49,21,0,5,-7,0,-7,-5,-9,-10,-11,-14,-14,-16,-16,-16,-15,-15,-15,-12,-19,-12,-24,-12,-25,-11,-23,-9,-21,-8,-18,-8,-14,-9,-12,-9,-8,-6,-4,-5,-2,-7,0,-10,2,-12,2,-12,2,-12,4,-8,5,-2,1,0,0,0,0,0,0,0,0,0,0,0,0,0,0,0,0,0,0,2,0,7,3,8,4,9,6,9,7,7,7,5,6,5,4,6,1,5,1,3,2,3,0,3,-4,2,-8,4,-11,9,-11,12,-11,11,-12,13,-13,20,-13,25,-13,26,-14,23,-15,22,-13,21,-11,19,-10,17,-7"
46.722830057144165,691,"CSI,1481,128,83,49,21,0,-6,11,-2,12,1,14,7,14,12,16,13,20,12,20,12,17,11,17,9,18,9,17,7,16,5,13,5,11,6,10,5,10,4,6,4,2,6,1,7,0,7,-1,8,-3,8,-3,8,-3,9,-4,2,-2,0,0,0,0,0,0,0,0,0,0,0,0,0,0,0,0,0,0,-3,-2,-11,-6,-11,-8,-10,-7,-9,-6,-8,-7,-6,-9,-5,-9,-4,-6,-4,-1,-5,4,-6,7,-9,7,-10,8,-11,11,-14,12,-17,12,-18,10,-21,9,-24,11,-26,11,-25,9,-23,8,-23,9,-21,11,-20,10,-20,5"
46.75160789489746,692,"CSI,2338,128,75,-79,20,0,-3,11,2,7,8,6,9,6,11,9,14,15,13,21,13,21,16,15,17,11,14,11,11,12,9,13,7,13,8,10,7,7,5,4,6,2,8,-1,9,-1,6,0,5,-1,7,-4,6,-4,3,-5,0,-2,0,0,0,0,0,0,0,0,0,0,0,0,0,0,0,0,0,0,-3,1,-10,7,-12,6,-12,6,-10,5,-9,4,-9,2,-10,4,-9,4,-8,3,-5,6,-3,9,-4,9,-3,11,-2,15,-3,18,-5,20,-5,20,-5,21,-6,26,-9,27,-9,25,-9,23,-11,22,-12,21,-9,19,-3,19"
46.82295203208923,693,"CSI,1485,128,83,49,21,0,-8,7,-6,13,-4,17,-1,15,-3,14,-5,18,-6,18,-8,15,-9,13,-9,14,-10,15,-10,15,-9,13,-8,11,-6,11,-5,9,-6,8,-4,8,-2,7,0,7,2,7,2,8,3,9,3,8,0,7,-1,1,0,0,0,0,0,0,0,0,0,0,0,0,0,0,0,0,0,0,-3,0,-11,1,-10,1,-10,1,-12,2,-12,1,-10,1,-10,1,-10,2,-7,3,-7,4,-8,5,-11,7,-12,9,-11,9,-11,12,-16,14,-18,14,-18,14,-20,11,-23,6,-23,5,-21,5,-22,3,-21,3,-18,5,-16,8"
46.88604402542114,694,"CSI,2125,128,83,49,21,0,-8,10,-9,13,-12,14,-13,14,-11,12,-10,10,-8,6,-7,2,-8,0,-8,1,-5,1,-4,3,-3,4,-1,4,0,6,1,6,3,5,2,6,1,6,1,7,1,8,0,9,0,7,-1,5,-3,4,-1,1,0,0,0,0,0,0,0,0,0,0,0,0,0,0,0,0,0,0,0,-1,1,-4,1,-4,1,-5,0,-7,-1,-7,-2,-4,-2,-2,-1,-1,-1,-1,-2,0,-4,1,-8,0,-9,0,-10,0,-13,0,-14,-1,-12,-1,-11,-1,-12,-3,-10,-6,-8,-3,-7,-1,-8,-3,-10,-3,-10,1,-10,5"
47.026700019836426,695,"CSI,1493,128,83,49,21,0,-9,-3,-12,-1,-14,2,-15,5,-17,6,-22,4,-24,4,-21,6,-20,4,-20,2,-18,1,-15,-1,-14,0,-12,2,-9,2,-6,1,-4,1,-2,3,0,3,1,4,2,6,3,7,4,8,3,9,3,8,1,2,0,0,0,0,0,0,0,0,0,0,0,0,0,0,0,0,0,0,2,0,10,0,9,0,8,1,8,0,7,0,7,-1,7,-3,4,-2,3,-1,2,-3,0,-7,-2,-11,-1,-13,0,-15,1,-18,-2,-20,-4,-22,-2,-25,-1,-26,0,-25,2,-23,2,-21,3,-18,4,-15,2,-13,2,-12"
47.08839011192322,696,"CSI,2132,128,83,49,21,0,7,-21,8,-26,10,-25,11,-24,12,-23,9,-21,7,-21,8,-22,6,-17,1,-11,-1,-8,-2,-3,-6,-1,-9,-1,-10,-2,-8,-3,-9,-2,-11,-3,-10,-3,-10,-3,-11,-3,-10,-2,-9,-1,-8,-2,-7,-1,-2,-1,0,0,0,0,0,0,0,0,0,0,0,0,0,0,0,0,0,0,-1,1,-3,6,-5,6,-5,7,-4,7,-4,6,-3,5,-2,3,-2,0,0,-1,4,0,8,2,11,3,12,6,13,8,16,9,15,9,14,9,15,8,16,9,13,11,11,10,10,5,6,0,3,-5,4,-12,4,-17"
47.12966799736023,697,"CSI,1497,128,83,49,21,0,0,-6,4,-1,6,5,8,6,10,7,13,10,12,12,9,10,6,10,5,12,4,10,6,9,8,9,6,8,3,6,2,4,0,3,-1,1,-2,0,-3,-1,-4,-3,-6,-4,-8,-4,-10,-3,-10,-4,-3,-1,0,0,0,0,0,0,0,0,0,0,0,0,0,0,0,0,0,0,-1,1,-3,7,-2,7,1,7,2,7,0,6,-2,6,0,5,1,2,-1,0,-1,-4,-1,-7,-1,-9,-1,-11,-2,-13,-1,-16,-2,-19,-5,-19,-8,-18,-8,-18,-8,-19,-10,-20,-11,-21,-10,-21,-9,-18,-8,-15,-6,-15"
47.18894004821777,698,"CSI,2137,128,83,49,21,0,-17,5,-19,5,-19,5,-18,3,-18,3,-18,3,-12,1,-5,0,-4,-1,-6,-1,-7,-1,-4,1,1,6,5,6,8,2,8,3,5,7,4,8,6,8,5,7,5,5,6,4,6,4,4,7,5,7,1,1,0,0,0,0,0,0,0,0,0,0,0,0,0,0,0,0,0,0,1,0,4,1,5,0,6,2,5,2,2,1,0,1,-1,1,-1,1,-1,0,-2,-2,-2,-7,-2,-10,-4,-13,-5,-16,-4,-16,-2,-13,1,-13,0,-15,-2,-15,0,-11,-1,-8,-4,-7,-5,-5,-7,-2,-9,2,-10,3"
47.332886934280396,699,"CSI,1504,128,83,49,21,0,-3,-5,0,-7,3,-9,4,-11,6,-15,6,-18,7,-17,9,-13,8,-14,4,-15,2,-14,2,-12,2,-10,2,-8,2,-7,2,-5,0,-2,-1,1,-1,2,-3,2,-3,3,0,4,3,6,2,7,2,8,0,2,0,0,0,0,0,0,0,0,0,0,0,0,0,0,0,0,0,0,1,1,6,4,8,5,8,3,6,1,4,0,2,0,2,2,2,1,-1,0,-5,-1,-7,-1,-9,1,-13,1,-15,1,-18,3,-19,3,-19,2,-19,2,-21,4,-20,3,-19,1,-19,3,-18,4,-14,2,-13,1,-16,0"
47.4360671043396,700,"CSI,1509,128,83,49,21,0,5,10,3,11,0,13,-3,12,-4,11,-3,10,-2,8,2,8,1,10,-3,10,-4,8,-4,8,-1,9,1,8,1,7,-1,5,-2,4,-1,2,-2,1,-4,2,-4,3,-3,3,-4,4,-5,4,-6,4,-2,1,0,0,0,0,0,0,0,0,0,0,0,0,0,0,0,0,0,0,0,2,4,7,4,5,4,4,4,5,3,3,2,2,1,2,1,2,1,2,-1,2,-4,4,-2,4,0,3,0,3,-1,4,0,5,0,8,-2,12,1,13,5,12,7,13,6,14,5,14,6,15,8,15,9,17"
47.537972927093506,701,"CSI,1513,128,83,49,21,0,9,-7,7,-4,8,-4,11,-4,14,-1,16,0,15,-1,13,2,14,2,15,0,13,-4,12,-5,11,-4,10,-4,10,-4,9,-5,6,-3,3,1,1,2,1,2,1,2,1,4,5,6,7,6,6,6,1,1,0,0,0,0,0,0,0,0,0,0,0,0,0,0,0,0,0,0,-1,-2,0,-7,0,-7,0,-7,-1,-9,1,-10,3,-6,1,-3,1,-3,4,-3,5,-4,7,-3,7,-2,7,-2,5,-3,6,-5,10,-8,11,-8,9,-8,9,-9,11,-11,12,-11,11,-11,11,-13,11,-15,9,-17,9,-17"
47.63962197303772,702,"CSI,1517,128,83,49,21,0,1,8,-4,6,-7,2,-9,4,-11,6,-13,5,-14,6,-14,12,-13,11,-12,4,-11,5,-9,8,-7,7,-7,5,-9,6,-7,4,-3,1,-1,0,-3,-1,-4,-3,-4,-3,-4,-3,-3,-5,-3,-5,-5,-4,-2,-1,0,0,0,0,0,0,0,0,0,0,0,0,0,0,0,0,0,0,1,1,5,5,5,4,6,5,6,4,4,3,2,4,2,4,2,3,1,3,0,1,-1,2,1,5,1,6,-2,5,-5,6,-6,10,-6,13,-3,13,-1,15,-2,16,0,14,4,13,6,13,6,13,5,15,3,18"
47.74195122718811,703,"CSI,1520,128,83,49,21,0,3,4,0,7,-1,8,-2,8,-3,9,-4,11,-2,13,1,14,0,14,-2,13,-2,11,-3,9,-4,9,-4,5,-5,1,-5,1,-4,0,-3,-3,-3,-5,-4,-5,-4,-4,-5,-2,-6,-2,-5,-3,-6,-3,-2,-1,0,0,0,0,0,0,0,0,0,0,0,0,0,0,0,0,0,0,-1,-2,-2,-7,-1,-6,1,-6,2,-7,2,-7,0,-5,-1,-4,0,-2,1,1,2,2,5,3,8,4,8,5,7,7,8,7,10,8,12,8,15,5,17,3,16,4,16,4,18,4,18,5,15,3,13,0,9,2"
47.84505581855774,704,"CSI,1525,128,83,49,21,0,5,1,2,2,0,3,-3,4,-6,7,-8,9,-12,9,-18,8,-19,8,-15,11,-14,12,-13,12,-12,11,-9,10,-8,9,-7,7,-5,5,-3,2,-2,0,-2,-2,-2,-4,-2,-4,-3,-5,-4,-7,-5,-8,-2,-3,0,0,0,0,0,0,0,0,0,0,0,0,0,0,0,0,0,0,0,-2,1,-7,0,-8,0,-9,1,-8,2,-6,3,-7,4,-6,3,-4,3,-4,6,-4,6,-2,6,2,7,6,7,6,8,7,9,6,8,5,7,8,10,10,13,11,14,12,15,11,16,10,16,8,19,6,22,6"
48.05244207382202,705,"CSI,1532,128,83,49,21,0,4,3,6,6,6,7,6,7,8,10,10,11,11,13,13,18,14,18,13,15,11,14,9,13,6,11,2,9,2,5,1,1,-1,0,-4,-1,-6,-2,-6,-3,-5,-4,-5,-5,-7,-5,-7,-6,-5,-7,-1,-2,0,0,0,0,0,0,0,0,0,0,0,0,0,0,0,0,0,0,0,1,4,6,4,7,3,6,2,6,2,4,2,0,0,-3,-3,-2,-6,-4,-9,-7,-9,-8,-10,-10,-10,-11,-9,-12,-12,-18,-14,-22,-12,-21,-11,-19,-12,-16,-12,-15,-14,-14,-13,-12,-11,-10,-10,-8,-9,-7,-7,-5"
48.15381217002869,706,"CSI,1536,128,83,49,21,0,1,-2,-2,-2,-7,1,-12,6,-15,7,-17,5,-19,6,-20,9,-24,9,-26,8,-24,8,-21,8,-20,8,-16,8,-14,8,-11,8,-5,6,-1,2,4,2,7,1,7,0,8,-1,11,-1,12,-1,10,-1,2,-1,0,0,0,0,0,0,0,0,0,0,0,0,0,0,0,0,0,0,-3,0,-10,2,-10,2,-10,2,-9,1,-7,0,-7,2,-7,2,-6,-1,-4,-4,-1,-4,3,-1,6,0,8,-1,9,-3,13,-5,17,-6,18,-5,18,-5,19,-7,21,-10,21,-10,23,-8,23,-8,19,-10,17,-9,17,-5"
48.18651509284973,707,"CSI,2339,128,77,-47,20,0,-10,3,-7,4,0,1,9,-1,13,-1,16,-3,21,0,25,5,27,5,29,3,28,2,27,0,24,-1,20,-1,14,0,10,1,9,-1,6,-3,1,-4,-2,-6,-4,-5,-6,-4,-8,-6,-10,-5,-11,-2,-3,-1,0,0,0,0,0,0,0,0,0,0,0,0,0,0,0,0,0,0,0,-3,3,-10,6,-9,7,-8,8,-8,7,-6,5,-3,5,-3,6,-2,6,1,7,1,6,0,3,1,-1,4,-5,5,-9,4,-12,5,-14,7,-18,9,-24,10,-27,11,-27,9,-28,7,-28,9,-30,13,-27,12,-21,8"
48.218388080596924,708,"CSI,2340,128,77,-47,20,0,-8,-10,-5,-5,-4,0,-3,6,-3,10,-3,14,-3,17,-3,19,-6,25,-7,29,-7,28,-7,25,-6,23,-6,22,-6,18,-4,13,0,8,3,6,4,3,4,0,5,-3,6,-7,6,-8,7,-8,9,-6,2,-1,0,0,0,0,0,0,0,0,0,0,0,0,0,0,0,0,0,0,1,-1,5,-3,8,-2,10,0,11,3,9,4,8,5,9,6,10,3,8,2,6,4,3,3,0,1,-1,-1,-2,-4,-4,-5,-10,-7,-11,-10,-11,-15,-11,-18,-12,-20,-12,-22,-13,-26,-13,-32,-16,-34,-15,-30,-14,-26"
48.25599002838135,709,"CSI,1540,128,83,49,21,0,-4,13,-2,7,-2,3,0,-4,3,-11,6,-15,5,-20,4,-27,4,-29,5,-27,5,-23,6,-23,7,-23,5,-21,4,-18,3,-13,2,-7,1,-3,-3,0,-5,3,-4,4,-5,3,-4,4,-4,7,-6,8,-2,2,0,0,0,0,0,0,0,0,0,0,0,0,0,0,0,0,0,0,0,-2,1,-7,4,-6,7,-9,8,-10,7,-9,6,-8,7,-8,7,-8,8,-8,8,-7,6,-7,4,-5,1,-2,-3,0,-7,4,-8,8,-8,10,-9,15,-10,21,-10,22,-13,21,-15,21,-14,24,-12,27,-13,27,-15,21"
48.3590030670166,710,"CSI,1545,128,83,49,21,0,-1,5,-6,0,-10,-3,-13,-4,-15,-5,-17,-8,-22,-9,-26,-7,-23,-5,-18,-8,-17,-8,-15,-8,-13,-8,-12,-7,-10,-3,-5,-1,0,0,3,0,4,1,3,2,5,2,10,1,11,1,9,1,9,1,2,0,0,0,0,0,0,0,0,0,0,0,0,0,0,0,0,0,0,0,-1,-2,-2,-7,-3,-9,-2,-11,-3,-10,-5,-10,-5,-11,-2,-11,-1,-9,-1,-4,0,-2,1,-3,2,-1,4,4,6,8,5,9,6,10,8,13,10,14,14,16,16,19,16,21,15,20,13,16,12,15,11,15,9,13"
48.4600510597229,711,"CSI,1549,128,83,49,21,0,3,-4,-3,-1,-7,0,-10,1,-13,2,-17,2,-17,6,-17,11,-19,10,-18,6,-16,2,-15,-2,-14,0,-12,2,-9,3,-6,3,-3,2,0,3,2,3,2,4,2,5,1,5,3,2,7,1,8,1,2,0,0,0,0,0,0,0,0,0,0,0,0,0,0,0,0,0,0,0,-1,1,-4,6,-5,6,-7,6,-7,7,-5,7,-6,5,-7,5,-4,4,-2,2,-1,0,-1,-2,1,-2,5,-2,9,-4,9,-7,9,-8,11,-8,13,-9,16,-10,18,-10,17,-9,16,-8,17,-10,20,-11,18,-8,16,-6"
48.56374216079712,712,"CSI,1552,128,83,49,21,0,-6,-8,-10,-3,-11,3,-11,6,-11,7,-13,7,-13,8,-11,9,-16,6,-20,4,-20,5,-20,5,-16,2,-12,0,-9,0,-7,2,-5,3,-3,4,-3,4,-2,4,-1,5,1,5,1,4,1,4,2,4,0,1,0,0,0,0,0,0,0,0,0,0,0,0,0,0,0,0,0,0,1,-1,5,-3,3,-6,4,-7,6,-8,6,-9,4,-7,4,-5,3,-4,3,-2,3,-1,1,-2,-3,-4,-6,-4,-9,-6,-9,-10,-9,-12,-8,-14,-8,-15,-8,-15,-8,-18,-8,-21,-10,-22,-9,-23,-7,-23,-7,-21,-7,-18"
48.66625094413757,713,"CSI,1557,128,83,49,21,0,8,0,1,-4,-2,-5,-5,-4,-12,-4,-17,-7,-22,-9,-27,-8,-28,-4,-26,-2,-23,-4,-21,-6,-21,-6,-19,-6,-16,-3,-13,1,-10,2,-6,1,-2,-1,0,0,2,3,3,3,4,1,6,0,9,0,2,0,0,0,0,0,0,0,0,0,0,0,0,0,0,0,0,0,0,0,-2,-1,-7,-2,-7,-3,-9,-5,-10,-6,-9,-6,-9,-6,-8,-7,-6,-7,-5,-6,-3,-4,-1,-5,1,-6,4,-4,7,-3,10,-2,16,0,18,4,20,7,22,8,24,8,24,10,23,12,24,11,25,10,22,11,19,9"
48.69891810417175,714,"CSI,2341,128,75,-79,20,0,-6,-8,-4,-2,-2,1,-1,3,2,7,3,12,0,17,-4,16,-3,17,-1,21,0,21,1,19,1,17,2,16,2,14,2,11,2,8,2,5,3,1,2,-2,-1,-5,-2,-5,-1,-7,0,-10,0,-10,0,-3,0,0,0,0,0,0,0,0,0,0,0,0,0,0,0,0,0,0,1,1,6,5,4,7,4,8,4,7,3,5,3,5,3,6,2,5,0,5,0,5,-1,3,-3,-1,-7,-2,-8,-4,-7,-9,-8,-13,-8,-14,-7,-16,-7,-19,-8,-22,-8,-26,-6,-27,-5,-27,-5,-26,-7,-25,-8,-24"
48.72949814796448,715,"CSI,2342,128,75,-79,20,0,-2,-12,-3,-7,-2,0,-1,5,-1,10,-1,13,-5,15,-9,16,-9,18,-7,20,-7,23,-6,22,-5,18,-3,16,-1,13,0,9,-1,6,-2,4,0,3,2,-1,1,-3,0,-3,0,-3,1,-7,1,-12,0,-4,0,0,0,0,0,0,0,0,0,0,0,0,0,0,0,0,0,0,0,1,2,5,2,6,4,6,3,6,0,8,-2,9,-2,10,-2,11,-4,8,-5,5,-4,2,-3,-1,-4,-3,-5,-4,-5,-9,-2,-15,-1,-19,-1,-19,0,-20,1,-23,0,-24,0,-25,2,-25,2,-24,1,-26,1,-29"
48.76266002655029,716,"CSI,2343,128,75,-79,20,0,1,-7,1,-5,0,-1,-1,4,-1,9,-2,14,-1,16,2,17,1,18,-1,20,0,21,0,20,-1,19,1,15,4,11,3,8,1,4,1,0,1,-2,0,-3,-1,-4,-3,-3,-4,-5,-7,-8,-11,-10,-4,-3,0,0,0,0,0,0,0,0,0,0,0,0,0,0,0,0,0,0,-2,1,-6,4,-8,2,-10,1,-11,1,-10,5,-11,7,-10,4,-8,0,-6,-3,-5,-3,-2,-3,-1,-5,0,-6,0,-7,2,-8,7,-10,11,-11,12,-14,13,-16,14,-17,14,-19,14,-21,16,-21,14,-21,12,-19,12,-17"
48.79321908950806,717,"CSI,2344,128,75,-79,20,0,2,6,0,2,-2,0,-5,-2,-6,-6,-7,-11,-10,-16,-15,-21,-17,-20,-16,-17,-15,-15,-15,-14,-15,-13,-12,-12,-9,-10,-8,-8,-8,-4,-7,-1,-3,1,2,2,3,3,2,3,3,3,7,2,9,1,2,0,0,0,0,0,0,0,0,0,0,0,0,0,0,0,0,0,0,0,0,-3,0,-9,-1,-9,-1,-7,0,-7,0,-9,2,-9,4,-9,4,-8,5,-6,6,-5,5,-5,5,-2,4,2,5,5,3,10,0,13,1,14,4,15,5,17,6,21,6,24,5,24,6,22,8,21,8,20,4,17"
48.822386026382446,718,"CSI,1561,128,83,49,21,0,0,7,-2,0,-3,-3,-3,-6,-6,-10,-6,-15,-5,-16,-8,-14,-8,-18,-7,-24,-6,-23,-6,-19,-6,-16,-5,-15,-5,-13,-6,-9,-4,-4,-1,-1,0,2,2,3,1,3,-1,5,2,9,4,10,5,10,1,2,0,0,0,0,0,0,0,0,0,0,0,0,0,0,0,0,0,0,0,-2,3,-7,2,-9,2,-10,3,-9,5,-9,4,-8,3,-7,1,-7,1,-7,2,-5,2,-2,2,1,2,5,2,10,2,12,2,14,-1,16,-3,20,-2,24,-1,25,-2,24,-2,25,-2,25,-3,24,0,23,3,21"
48.871840953826904,719,"CSI,1565,128,83,49,21,0,-7,2,-6,3,-7,5,-9,10,-8,13,-5,14,-3,19,-3,23,-3,22,-4,20,-4,17,-4,13,-5,11,-6,10,-4,9,-2,6,-1,3,1,2,2,1,4,0,4,0,5,-1,6,-2,6,-3,5,-4,1,-1,0,0,0,0,0,0,0,0,0,0,0,0,0,0,0,0,0,0,2,-2,8,-6,9,-4,10,-1,11,-1,8,0,6,1,5,0,1,-1,-1,-1,-1,-1,-2,-3,-3,-4,-6,-5,-8,-7,-10,-9,-12,-12,-13,-15,-12,-17,-12,-19,-14,-22,-15,-24,-15,-22,-15,-17,-13,-15,-10,-15,-10,-17"
48.97141122817993,720,"CSI,1569,128,83,49,21,0,1,-7,-4,-2,-7,1,-10,3,-12,4,-15,3,-16,2,-15,2,-17,2,-20,2,-20,2,-18,0,-16,0,-14,2,-12,4,-10,5,-6,6,-2,6,1,7,2,7,2,5,3,3,5,2,4,2,3,3,0,1,0,0,0,0,0,0,0,0,0,0,0,0,0,0,0,0,0,0,1,1,5,7,4,8,5,9,5,9,4,7,4,5,2,5,0,6,-1,5,0,3,-1,1,-4,-2,-4,-5,-3,-7,-3,-8,0,-11,1,-15,3,-18,3,-23,3,-26,8,-26,12,-24,12,-23,10,-21,6,-20,5,-19"
49.07507610321045,721,"CSI,1573,128,83,49,21,0,-2,0,-6,0,-10,-1,-15,-3,-18,-5,-19,-7,-22,-5,-28,-2,-28,-1,-23,-1,-18,0,-15,1,-13,1,-12,1,-10,-1,-5,-1,0,0,2,1,2,1,3,0,5,-1,5,-3,4,-5,5,-4,7,-1,2,-1,0,0,0,0,0,0,0,0,0,0,0,0,0,0,0,0,0,0,-2,-2,-8,-5,-9,-4,-8,-5,-8,-7,-8,-9,-7,-9,-5,-6,-4,-4,-4,-5,-1,-6,5,-4,9,0,10,2,12,3,15,3,17,3,19,3,21,3,23,5,23,6,25,7,25,7,22,6,18,3,14,-1,11,-2"
49.17868995666504,722,"CSI,1576,128,83,49,21,0,0,-5,-4,-10,-8,-14,-13,-17,-16,-20,-15,-21,-17,-19,-20,-14,-16,-13,-10,-14,-7,-14,-8,-12,-9,-9,-8,-5,-5,-2,-4,-1,-4,1,-4,3,-5,6,-5,8,-4,8,-3,8,-3,8,-3,6,-1,4,-1,0,0,0,0,0,0,0,0,0,0,0,0,0,0,0,0,0,0,0,-3,2,-11,9,-11,9,-11,8,-10,5,-9,3,-6,3,-4,3,-5,1,-5,-1,-1,0,5,1,10,-2,14,-4,14,-3,16,-1,22,-1,23,-2,23,-2,23,0,25,2,27,4,23,6,18,6,18,3,18,2,15,3"
49.28036022186279,723,"CSI,1581,128,83,49,21,0,0,6,7,8,13,11,15,11,17,12,18,13,18,14,20,13,18,10,13,8,11,6,10,6,9,6,6,3,4,0,2,-2,0,-4,0,-8,2,-11,2,-10,0,-10,0,-10,-1,-8,-2,-7,-3,-8,-1,-3,0,0,0,0,0,0,0,0,0,0,0,0,0,0,0,0,0,0,2,-2,8,-5,9,-4,8,-2,5,-1,4,1,5,3,4,1,1,-2,-2,-2,-3,0,-6,0,-10,-2,-14,-2,-18,0,-21,0,-22,-1,-21,-2,-20,-3,-21,-5,-24,-5,-24,-5,-22,-7,-18,-7,-15,-5,-13,-3,-9,-4"
49.38301610946655,724,"CSI,1585,128,83,49,21,0,-6,5,-4,8,-7,14,-5,18,-3,19,-6,19,-9,18,-9,14,-9,14,-11,17,-11,17,-8,15,-4,14,-4,12,-3,11,-1,11,0,10,2,8,3,7,3,9,3,9,3,8,2,7,3,5,5,3,1,0,0,0,0,0,0,0,0,0,0,0,0,0,0,0,0,0,0,0,-1,-2,-5,-7,-6,-9,-4,-9,-3,-8,-2,-8,1,-9,2,-7,-1,-3,-3,-2,-4,-1,-5,0,-7,0,-10,1,-11,-1,-14,-1,-17,2,-20,3,-20,1,-21,-3,-24,-3,-26,-3,-24,-3,-23,-4,-25,-6,-23,-5,-18,-5"
49.48491621017456,725,"CSI,1589,128,83,49,21,0,-4,3,-5,10,-6,12,-5,13,-5,15,-6,18,-9,21,-13,21,-13,22,-9,21,-6,18,-6,15,-5,15,-5,14,-1,13,3,10,3,5,4,1,7,0,6,0,5,-1,7,-3,7,-5,6,-5,6,-4,1,-1,0,0,0,0,0,0,0,0,0,0,0,0,0,0,0,0,0,0,1,1,5,7,6,6,7,6,6,7,4,7,3,7,1,5,-2,3,-2,2,-1,2,-3,0,-5,-6,-5,-11,-5,-12,-5,-13,-5,-17,-5,-19,-6,-20,-6,-23,-6,-27,-5,-29,-4,-28,-4,-27,-5,-27,-4,-22,-1,-15"
49.58693504333496,726,"CSI,1593,128,83,49,21,0,12,-5,5,-1,1,0,-3,-3,-9,-3,-14,1,-17,6,-17,9,-18,6,-20,2,-21,2,-20,2,-19,3,-18,6,-17,8,-15,7,-12,4,-8,3,-3,2,1,3,3,3,5,3,7,2,6,-1,6,-2,1,-1,0,0,0,0,0,0,0,0,0,0,0,0,0,0,0,0,0,0,-2,1,-8,4,-9,3,-8,3,-9,3,-12,2,-13,3,-12,2,-11,2,-10,2,-8,0,-8,0,-6,0,-2,0,1,0,4,-3,8,-4,12,-4,16,-4,19,-4,23,-5,27,-9,30,-11,31,-7,28,-5,25,-5,23,-1"
49.69079303741455,727,"CSI,1596,128,83,49,21,0,-13,0,-13,3,-13,7,-12,11,-12,13,-12,14,-11,15,-11,18,-9,16,-9,12,-12,9,-14,8,-10,8,-8,7,-9,7,-10,6,-11,7,-12,7,-10,5,-8,4,-6,5,-4,6,-3,5,-2,5,-1,7,0,2,0,0,0,0,0,0,0,0,0,0,0,0,0,0,0,0,0,0,-2,0,-8,2,-7,2,-8,0,-10,-2,-11,-2,-10,-2,-7,-4,-8,-4,-8,-4,-8,-3,-10,1,-9,4,-9,4,-11,5,-13,6,-13,5,-15,7,-17,9,-18,8,-20,8,-22,10,-24,8,-24,2,-24,0,-23,2,-20,3"
49.7448570728302,728,"CSI,2345,128,77,-47,20,0,0,9,2,9,7,11,12,10,13,10,14,13,17,11,18,4,16,4,14,9,13,12,12,11,10,9,9,8,10,9,9,9,7,6,6,4,7,1,8,-2,7,-3,5,-2,6,-3,5,-4,3,-4,0,-1,0,0,0,0,0,0,0,0,0,0,0,0,0,0,0,0,0,0,-2,0,-5,2,-7,3,-10,4,-12,3,-11,2,-8,1,-9,2,-10,3,-9,2,-7,1,-4,2,-2,5,-1,7,2,9,3,12,2,16,1,17,1,18,-1,20,-3,21,-5,24,-7,24,-9,22,-10,21,-10,18,-9,15"
49.77805209159851,729,"CSI,2346,128,77,-47,20,0,3,-10,1,-12,-1,-12,-3,-11,-5,-15,-4,-20,-2,-19,-3,-15,-4,-16,-4,-18,-4,-18,-5,-16,-5,-13,-5,-12,-6,-11,-7,-9,-7,-5,-7,-2,-9,-1,-9,-1,-8,-1,-8,-1,-8,0,-8,2,-9,4,-3,1,0,0,0,0,0,0,0,0,0,0,0,0,0,0,0,0,0,0,1,0,5,3,4,5,5,7,4,7,3,8,2,9,3,8,4,7,4,5,3,2,3,-2,3,-3,5,-4,6,-6,8,-9,10,-11,14,-13,18,-14,20,-14,20,-13,22,-11,23,-8,21,-7,18,-7,16,-6,13,-6"
49.8060781955719,730,"CSI,1600,128,83,49,21,0,-6,5,-5,7,-3,10,2,13,6,17,7,20,3,18,-2,14,-1,16,1,18,1,17,1,16,3,13,2,9,2,7,4,7,6,5,7,2,7,2,6,2,7,1,8,-1,9,-2,8,-3,9,-3,2,-1,0,0,0,0,0,0,0,0,0,0,0,0,0,0,0,0,0,0,-2,-2,-5,-7,-2,-10,-1,-10,-1,-9,1,-9,2,-8,2,-5,1,-4,1,-4,0,-1,-3,0,-7,1,-9,1,-11,1,-13,5,-15,8,-18,8,-20,5,-23,-1,-25,-4,-26,-2,-24,-1,-21,-3,-19,-3,-19,-3,-16,-1"
49.83672308921814,731,"CSI,2348,128,77,-47,20,0,6,-2,4,-5,4,-9,6,-16,6,-18,5,-19,5,-19,4,-16,4,-15,5,-18,6,-18,7,-16,5,-13,2,-10,0,-8,-2,-7,-4,-5,-5,-4,-6,-5,-5,-4,-4,-3,-5,-2,-4,-1,-5,0,-8,1,-3,0,0,0,0,0,0,0,0,0,0,0,0,0,0,0,0,0,0,0,-1,2,-4,9,-5,9,-7,8,-7,7,-8,7,-8,7,-7,5,-4,2,-2,1,-2,0,1,-2,5,-2,6,-1,8,0,11,0,15,0,19,1,19,3,20,6,21,8,21,11,20,13,18,12,17,11,15,6,14,-1"
49.89556288719177,732,"CSI,1605,128,83,49,21,0,-1,-4,3,-1,8,2,10,4,11,8,12,8,14,10,15,16,17,16,18,12,16,9,13,6,12,3,8,3,6,3,4,2,1,-1,0,-4,0,-5,-2,-4,-3,-3,-5,-4,-7,-5,-7,-6,-7,-5,-2,-1,0,0,0,0,0,0,0,0,0,0,0,0,0,0,0,0,0,0,2,2,7,9,4,10,1,11,0,11,2,11,2,10,0,9,-2,7,-4,3,-3,0,-2,-1,-2,-2,-4,-3,-4,-6,-5,-10,-7,-14,-10,-15,-10,-18,-10,-22,-11,-23,-12,-23,-14,-23,-14,-22,-13,-20,-13,-19,-13,-18"
49.996647119522095,733,"CSI,1608,128,83,49,21,0,8,-12,5,-7,-1,-5,-6,-7,-11,-7,-16,-5,-17,-3,-14,0,-14,0,-17,-4,-21,-5,-22,-6,-19,-6,-14,-4,-11,-4,-11,-5,-9,-5,-6,-1,-2,2,-2,3,-2,4,2,5,3,5,3,5,2,8,0,2,0,0,0,0,0,0,0,0,0,0,0,0,0,0,0,0,0,0,1,2,6,7,4,6,6,5,9,7,10,8,10,7,9,7,6,7,5,5,6,3,4,3,3,1,3,-3,5,-7,8,-10,8,-12,8,-15,9,-18,10,-21,13,-22,17,-24,19,-26,18,-25,16,-25,15,-23,16,-20"
50.09874081611633,734,"CSI,1612,128,83,49,21,0,13,10,10,7,6,2,4,-3,5,-7,8,-11,14,-13,22,-12,19,-13,15,-14,13,-14,12,-12,14,-10,14,-8,11,-7,8,-7,5,-5,2,-3,0,-4,0,-5,0,-6,-2,-5,-5,-4,-5,-4,-6,-3,-2,-1,0,0,0,0,0,0,0,0,0,0,0,0,0,0,0,0,0,0,-1,1,-3,4,-3,6,-5,7,-5,7,-6,6,-7,6,-6,7,-4,7,-3,5,-2,4,1,5,5,6,5,9,4,9,5,7,8,6,9,9,11,11,13,11,13,12,16,14,19,15,19,18,18,21,17,21,18,20"
50.20194697380066,735,"CSI,1617,128,83,49,21,0,-15,-2,-11,2,-6,5,-1,8,1,11,1,15,-1,20,-6,20,-6,19,-3,20,-3,19,-2,19,-2,18,-2,14,-1,11,-1,9,-3,8,-2,6,1,5,3,3,4,1,3,-1,3,-4,4,-5,5,-4,1,-1,0,0,0,0,0,0,0,0,0,0,0,0,0,0,0,0,0,0,-2,-1,-6,-4,-6,-7,-5,-10,-4,-11,-3,-10,0,-8,2,-6,0,-5,-3,-5,-4,-6,-5,-7,-7,-5,-8,-2,-8,-1,-9,1,-12,3,-15,4,-18,4,-21,6,-22,5,-22,5,-24,4,-25,4,-23,3,-23,1,-25,0"
50.30402088165283,736,"CSI,1621,128,83,49,21,0,-5,8,-1,11,3,10,6,6,10,7,11,11,11,14,10,20,11,21,14,17,14,16,12,16,12,16,8,13,2,11,1,9,4,5,6,3,6,1,6,-1,5,-1,4,-1,4,-2,4,-3,3,-3,0,-1,0,0,0,0,0,0,0,0,0,0,0,0,0,0,0,0,0,0,-2,0,-8,1,-9,-2,-9,-3,-8,-2,-8,-3,-5,-3,-2,-3,-2,-3,-3,-2,-4,1,-3,3,-2,4,-4,6,-6,8,-6,13,-6,17,-7,17,-7,16,-8,18,-11,18,-12,17,-13,19,-15,17,-16,17,-16,19,-15,20"
50.40610909461975,737,"CSI,1625,128,83,49,21,0,14,-7,10,-10,4,-12,1,-12,-1,-13,-4,-17,0,-22,6,-23,6,-22,1,-23,-1,-22,1,-20,2,-20,1,-17,1,-13,3,-11,2,-8,-3,-6,-7,-6,-7,-6,-7,-4,-9,-3,-10,-1,-9,1,-8,1,-2,0,0,0,0,0,0,0,0,0,0,0,0,0,0,0,0,0,0,0,0,1,1,5,1,5,1,5,1,6,0,6,-1,6,0,6,2,4,3,2,2,1,2,-1,5,-3,8,-4,11,-7,13,-5,17,-4,19,-5,18,-7,21,-6,25,-3,26,-2,24,-2,20,-1,19,-3,20,-3,22,0"
50.46518015861511,738,"CSI,2264,128,83,49,21,0,1,-11,3,-12,2,-15,1,-17,5,-15,4,-14,0,-11,-1,-5,2,-4,3,-6,2,-7,-2,-6,-5,-5,-4,-4,-4,-2,-5,-1,-5,2,-6,5,-8,3,-8,1,-7,2,-8,2,-10,1,-9,-1,-8,0,-2,0,0,0,0,0,0,0,0,0,0,0,0,0,0,0,0,0,0,0,-3,0,-9,0,-9,-1,-9,-1,-8,-2,-7,-1,-5,1,-5,2,-3,0,1,1,1,2,2,1,5,4,3,7,2,7,4,6,6,8,7,8,7,6,5,6,4,6,3,4,1,3,-1,2,2,1,2,-1,-1,-3"
50.5096869468689,739,"CSI,1628,128,83,49,21,0,-11,6,-7,8,-5,12,-5,15,-5,16,-7,18,-8,17,-8,13,-8,15,-7,18,-8,17,-9,16,-10,14,-10,9,-10,7,-5,8,0,7,1,6,1,5,3,4,6,4,6,4,5,4,4,2,5,2,1,0,0,0,0,0,0,0,0,0,0,0,0,0,0,0,0,0,0,0,-2,-2,-5,-8,-3,-9,-2,-9,-4,-10,-3,-8,-2,-6,0,-6,0,-5,-2,-3,-4,0,-6,0,-9,-1,-13,-4,-16,-4,-20,-1,-23,0,-25,-1,-25,-2,-25,0,-26,-1,-27,-4,-24,-7,-22,-6,-22,-6,-21,-7,-20,-4"
50.56735825538635,740,"CSI,2268,128,83,49,21,0,-1,-18,0,-19,1,-19,3,-20,2,-19,1,-17,2,-12,-1,-5,-3,-6,-2,-8,-2,-6,-3,-3,-5,-1,-7,2,-7,3,-7,4,-8,7,-8,7,-8,7,-8,6,-9,6,-9,4,-7,4,-4,4,-3,3,-1,0,0,0,0,0,0,0,0,0,0,0,0,0,0,0,0,0,0,0,-2,0,-7,1,-7,0,-5,-1,-5,-2,-5,-2,-4,-1,-6,0,-8,0,-5,0,-2,2,0,2,1,3,2,7,3,7,5,5,8,5,7,5,5,5,5,5,6,4,5,3,5,3,6,1,5,0,1,-3,-1,-7"
50.616405963897705,741,"CSI,1633,128,83,49,21,0,-5,-18,-7,-15,-7,-15,-9,-16,-11,-17,-11,-16,-12,-17,-14,-21,-14,-20,-12,-17,-10,-15,-7,-13,-5,-11,-5,-12,-5,-15,-5,-15,-6,-13,-6,-11,-5,-9,-4,-7,-4,-5,-4,-4,-6,-4,-9,-4,-10,-5,-3,-2,0,0,0,0,0,0,0,0,0,0,0,0,0,0,0,0,0,0,-1,-2,-1,-8,-1,-10,-1,-10,1,-9,2,-8,0,-7,-2,-5,-2,-3,-3,-4,-4,-7,-7,-9,-12,-10,-13,-11,-11,-14,-9,-18,-9,-21,-9,-21,-8,-19,-8,-22,-6,-25,-2,-26,0,-25,0,-23,0,-21,-2,-19,-5,-17"
50.71596312522888,742,"CSI,1637,128,83,49,21,0,-7,10,-3,7,1,3,6,0,11,-3,14,-5,15,-4,17,-4,21,-6,24,-8,23,-8,21,-6,19,-7,16,-9,14,-8,12,-7,7,-3,3,0,3,-2,1,-2,-3,0,-7,2,-7,3,-7,2,-9,1,-3,0,0,0,0,0,0,0,0,0,0,0,0,0,0,0,0,0,0,0,0,-2,-1,-6,0,-7,3,-8,5,-9,6,-10,6,-9,4,-7,2,-7,2,-7,4,-6,4,-3,1,-2,-1,-1,-2,1,-4,3,-7,8,-11,12,-16,12,-19,11,-21,14,-23,18,-22,17,-21,15,-21,16,-21,16,-22,15"
50.8167200088501,743,"CSI,1640,128,83,49,21,0,-2,-7,-1,-3,2,3,7,9,10,13,11,16,12,16,10,13,9,16,10,18,11,17,10,17,8,14,7,11,5,8,3,3,1,-2,-1,-3,-2,-2,-2,0,-6,-2,-8,-4,-7,-3,-8,-2,-10,-2,-3,-1,0,0,0,0,0,0,0,0,0,0,0,0,0,0,0,0,0,0,-1,1,-4,7,-6,8,-7,9,-9,8,-10,6,-8,5,-6,5,-6,3,-6,3,-5,1,-3,-3,-2,-7,1,-7,3,-10,4,-14,3,-17,0,-16,-2,-19,-2,-23,-2,-24,-5,-24,-6,-25,-4,-28,-4,-29,-3,-25,-2,-19"
50.91682505607605,744,"CSI,1644,128,83,49,21,0,-1,1,1,-3,5,-6,7,-10,7,-12,9,-14,8,-15,3,-14,5,-14,7,-15,7,-17,8,-16,5,-13,1,-11,2,-8,3,-6,2,-3,-1,-1,-1,0,1,2,1,4,0,4,0,6,-1,6,0,6,0,1,0,0,0,0,0,0,0,0,0,0,0,0,0,0,0,0,0,0,1,0,7,3,6,4,7,2,8,0,6,0,2,1,0,2,-1,3,-2,3,-4,3,-4,2,-8,2,-12,3,-13,5,-13,4,-14,2,-14,5,-16,8,-18,8,-17,8,-17,8,-15,7,-15,8,-15,9,-13,8,-12,5"
51.02039313316345,745,"CSI,1648,128,83,49,21,0,3,2,1,0,1,-3,1,-10,-1,-17,-2,-19,0,-17,0,-14,0,-15,1,-18,2,-18,1,-16,-1,-13,-2,-11,-2,-10,-4,-9,-3,-5,-3,-1,-3,1,-3,0,-2,1,-2,3,-2,4,-1,3,-1,4,-1,1,0,0,0,0,0,0,0,0,0,0,0,0,0,0,0,0,0,0,-1,-3,-2,-10,-3,-10,-4,-10,-2,-10,1,-7,0,-4,-1,-1,0,0,2,1,3,3,1,5,0,7,-1,8,-2,10,-1,13,1,16,1,16,1,15,1,16,2,18,2,18,3,17,4,17,4,18,2,18,0,18"
51.122775077819824,746,"CSI,1653,128,83,49,21,0,3,-3,0,2,-2,4,-2,6,1,12,1,15,2,14,4,10,5,12,3,16,2,16,3,16,7,16,7,13,4,9,3,7,2,5,1,3,1,1,0,0,-4,-1,-6,-2,-6,-2,-6,-2,-6,-1,-2,0,0,0,0,0,0,0,0,0,0,0,0,0,0,0,0,0,0,0,-2,-1,-5,-3,-7,-2,-7,-2,-6,-3,-4,-5,-2,-5,-1,-6,-1,-7,-1,-7,1,-5,4,-5,4,-6,4,-6,5,-7,7,-8,10,-7,12,-7,12,-9,12,-12,11,-13,9,-13,11,-12,14,-12,14,-11,11,-9,9,-7"
51.225478172302246,747,"CSI,1657,128,83,49,21,0,-8,2,-6,-3,-2,-6,-3,-7,-4,-10,-1,-14,-2,-18,-6,-22,-7,-23,-6,-20,-5,-16,-6,-13,-7,-11,-8,-10,-8,-7,-5,-4,-2,-1,0,-1,1,-1,2,1,2,1,2,0,4,2,6,3,6,3,1,0,0,0,0,0,0,0,0,0,0,0,0,0,0,0,0,0,0,0,2,-2,8,-4,9,-3,8,-5,6,-3,4,-1,2,0,0,2,-1,4,-1,3,-2,5,-4,7,-5,5,-5,3,-6,4,-8,6,-10,6,-12,5,-12,6,-12,8,-12,9,-12,9,-9,10,-8,12,-10,12,-12,11,-11,12"
51.330540895462036,748,"CSI,1661,128,83,49,21,0,-2,-11,0,-12,2,-11,4,-9,6,-9,8,-11,9,-11,12,-7,13,-7,10,-11,8,-14,7,-16,6,-17,4,-15,3,-11,2,-6,-1,-4,-2,-4,0,-3,2,-1,2,0,2,1,4,1,8,0,10,-1,2,-1,0,0,0,0,0,0,0,0,0,0,0,0,0,0,0,0,0,0,-2,-1,-7,-1,-8,-1,-9,-3,-8,-4,-5,-3,-4,-2,-6,-4,-6,-8,-5,-8,-4,-8,-4,-11,-5,-13,-5,-13,-5,-12,-5,-11,-5,-13,-4,-17,-5,-19,-6,-19,-8,-19,-9,-19,-9,-17,-10,-15,-11,-13,-11,-13,-10,-17"
51.42998123168945,749,"CSI,1664,128,83,49,21,0,9,-6,7,-3,3,-1,1,1,-2,2,-4,2,-6,7,-8,15,-7,15,-6,9,-10,5,-11,6,-9,9,-9,10,-8,8,-5,7,-3,3,-3,-2,-4,-2,-5,0,-3,-2,-1,-6,-1,-6,-1,-7,1,-10,0,-3,0,0,0,0,0,0,0,0,0,0,0,0,0,0,0,0,0,0,-2,1,-4,5,-5,3,-7,2,-7,2,-6,1,-7,0,-7,0,-7,-2,-7,-2,-6,-1,-6,-4,-5,-6,0,-6,4,-6,6,-7,7,-7,9,-5,13,-4,14,-6,14,-7,16,-7,17,-8,17,-8,18,-9,17,-10,13,-10"
51.737385988235474,750,"CSI,1677,128,83,49,21,0,-3,-3,3,-1,6,-1,9,0,11,3,14,4,16,5,17,8,19,5,19,1,18,-1,18,-2,17,-4,15,-2,11,1,8,0,7,-3,5,-3,1,-2,-4,-1,-6,1,-7,1,-10,1,-11,2,-11,4,-3,1,0,0,0,0,0,0,0,0,0,0,0,0,0,0,0,0,0,0,1,0,7,0,7,-1,7,0,6,2,5,1,5,1,4,2,3,5,2,6,0,4,-3,1,-7,0,-8,-1,-8,-3,-13,-4,-17,-2,-19,-3,-20,-7,-20,-8,-20,-8,-21,-10,-22,-10,-20,-7,-16,-6,-14,-8,-15,-9"
51.83838510513306,751,"CSI,1681,128,83,49,21,0,6,6,9,7,11,6,11,6,14,7,16,7,18,10,19,14,18,12,17,10,16,9,14,8,11,7,7,5,6,7,6,5,5,-1,3,-4,3,-5,3,-6,3,-6,5,-6,7,-6,9,-9,10,-11,2,-3,0,0,0,0,0,0,0,0,0,0,0,0,0,0,0,0,0,0,-2,1,-8,6,-9,5,-8,4,-6,1,-5,2,-5,5,-4,5,-3,6,-2,9,-1,9,1,10,3,13,5,14,4,15,1,16,-1,20,-1,21,-3,22,-7,25,-9,24,-8,22,-6,19,-6,14,-3,14,1,14,2,10"
51.941455125808716,752,"CSI,1685,128,83,49,21,0,-7,-8,-6,-7,-7,-4,-12,-1,-17,0,-20,2,-18,1,-16,-4,-17,-3,-18,1,-17,-1,-14,-3,-12,-3,-12,-1,-12,1,-8,1,-3,2,0,3,1,3,1,2,2,2,5,2,7,3,7,5,5,7,1,2,0,0,0,0,0,0,0,0,0,0,0,0,0,0,0,0,0,0,1,-1,7,-1,8,2,7,4,8,3,9,3,7,3,4,2,3,0,2,0,2,-1,2,-4,3,-7,4,-10,5,-13,4,-17,3,-19,3,-19,3,-18,4,-19,4,-22,4,-23,7,-22,9,-20,9,-17,6,-17,4,-16"
52.045005083084106,753,"CSI,1689,128,83,49,21,0,4,10,10,9,13,9,16,11,18,13,20,15,19,16,13,16,8,18,8,17,8,15,7,14,7,11,8,9,10,7,10,4,7,0,6,-4,6,-5,8,-4,9,-3,7,-5,6,-6,6,-6,6,-6,1,-2,0,0,0,0,0,0,0,0,0,0,0,0,0,0,0,0,0,0,-2,-2,-8,-8,-9,-7,-9,-7,-9,-6,-7,-6,-4,-5,-3,-2,-4,0,-3,1,-4,3,-5,6,-6,9,-7,11,-7,13,-9,16,-12,18,-14,19,-14,20,-16,21,-17,21,-16,17,-17,11,-18,6,-15,7,-11,11,-8,11"
52.15100884437561,754,"CSI,1692,128,83,49,21,0,-10,-14,-8,-11,-8,-8,-12,-3,-17,1,-20,2,-22,3,-23,6,-23,8,-22,6,-20,2,-20,-1,-20,-2,-19,-3,-16,-4,-14,-4,-11,-5,-7,-5,-7,-3,-7,-2,-6,1,-5,4,-4,6,-5,7,-5,8,-2,2,0,0,0,0,0,0,0,0,0,0,0,0,0,0,0,0,0,0,0,-3,0,-9,-2,-7,-1,-7,1,-8,4,-8,5,-8,3,-7,0,-6,-2,-7,-3,-5,-4,-5,-4,-5,-6,-5,-10,-7,-11,-10,-12,-14,-15,-16,-17,-15,-16,-16,-13,-18,-11,-21,-11,-22,-11,-22,-11,-22,-10,-21,-11,-18"
52.2542200088501,755,"CSI,1696,128,83,49,21,0,7,-20,4,-17,-3,-14,-10,-11,-16,-10,-20,-9,-21,-10,-18,-11,-19,-17,-21,-19,-21,-18,-21,-20,-19,-20,-17,-16,-16,-13,-16,-13,-14,-10,-12,-7,-11,-4,-11,-3,-11,-1,-10,1,-9,3,-10,4,-12,5,-4,1,0,0,0,0,0,0,0,0,0,0,0,0,0,0,0,0,0,0,1,-1,9,-4,11,-4,12,-4,11,-3,10,-2,10,-3,14,-3,14,-4,13,-5,13,-4,10,-4,8,-5,6,-7,5,-11,4,-15,2,-18,3,-22,6,-28,7,-32,7,-32,9,-33,12,-33,15,-31,17,-30,18,-28,16,-25"
52.35253286361694,756,"CSI,1701,128,83,49,21,0,-2,10,1,7,6,3,11,2,15,1,17,1,17,1,15,-2,17,-2,22,1,23,1,24,1,24,2,19,2,13,1,9,1,5,0,4,-1,4,-2,3,-5,1,-7,0,-7,-2,-7,-4,-8,-4,-10,-1,-3,0,0,0,0,0,0,0,0,0,0,0,0,0,0,0,0,0,0,-2,-2,-8,-7,-7,-8,-6,-9,-5,-9,-5,-8,-5,-9,-3,-9,0,-8,-1,-7,-4,-4,-5,-1,-6,0,-7,1,-7,5,-9,8,-10,9,-12,12,-14,16,-15,20,-16,20,-19,18,-22,17,-21,15,-17,16,-18,18,-19,18"
52.454463958740234,757,"CSI,1705,128,83,49,21,0,12,6,11,1,10,-4,9,-8,12,-12,15,-14,15,-14,13,-12,16,-12,20,-13,19,-13,17,-15,16,-15,13,-10,11,-7,9,-9,7,-9,5,-7,3,-7,1,-6,1,-4,0,-4,-3,-5,-6,-6,-6,-6,-2,-2,0,0,0,0,0,0,0,0,0,0,0,0,0,0,0,0,0,0,-2,2,-6,9,-8,11,-9,10,-9,6,-8,4,-6,5,-4,6,-4,5,-4,3,-3,2,1,5,5,5,7,5,10,9,14,12,17,13,18,14,19,16,19,19,17,23,15,25,14,22,11,20,8,20,7,17,4,14"
52.559242963790894,758,"CSI,1709,128,83,49,21,0,-12,0,-13,6,-14,9,-15,13,-15,16,-16,15,-17,15,-19,19,-18,19,-17,16,-16,12,-14,7,-12,7,-11,6,-11,4,-9,3,-5,4,-4,5,-3,5,0,4,0,4,0,4,2,3,6,4,7,7,1,2,0,0,0,0,0,0,0,0,0,0,0,0,0,0,0,0,0,0,1,-3,5,-9,5,-9,6,-8,5,-8,5,-9,5,-9,5,-7,4,-6,3,-7,0,-6,-3,-6,-7,-9,-12,-11,-15,-10,-17,-10,-18,-13,-17,-17,-18,-20,-19,-21,-18,-21,-16,-21,-13,-21,-12,-23,-13,-21,-13,-18,-11,-16"
52.65915894508362,759,"CSI,1713,128,83,49,21,0,-4,12,-3,14,-1,13,1,13,1,16,3,20,6,20,7,17,5,17,3,20,2,21,-1,18,-1,15,1,13,2,12,3,11,2,9,0,6,3,3,5,0,4,1,3,1,4,2,6,0,8,-3,2,-1,0,0,0,0,0,0,0,0,0,0,0,0,0,0,0,0,0,0,-3,-3,-11,-8,-10,-7,-9,-7,-9,-7,-9,-7,-8,-7,-5,-9,-3,-11,-5,-7,-6,-2,-6,-1,-7,1,-9,5,-11,8,-13,11,-17,13,-19,12,-20,11,-23,12,-27,9,-27,8,-26,8,-23,5,-18,4,-17,4,-18,5"
52.761712074279785,760,"CSI,1717,128,83,49,21,0,-8,10,-4,13,-3,12,-3,13,-1,16,2,17,-1,14,-6,11,-7,14,-5,19,-3,18,-3,13,-4,10,-4,11,-4,11,0,7,3,5,3,5,1,5,0,5,3,5,5,4,6,3,4,0,2,-1,0,-1,0,0,0,0,0,0,0,0,0,0,0,0,0,0,0,0,0,0,-2,0,-6,0,-7,-1,-8,-3,-11,-4,-13,-4,-9,-5,-5,-6,-5,-5,-5,-3,-5,0,-6,2,-7,5,-10,7,-13,9,-17,11,-21,11,-22,11,-21,13,-22,12,-23,7,-24,4,-25,2,-23,0,-19,0,-16,2,-15,2"
52.86444902420044,761,"CSI,1720,128,83,49,21,0,2,-8,-2,-9,-3,-11,-7,-13,-11,-17,-10,-21,-8,-22,-8,-19,-8,-20,-6,-22,-6,-20,-7,-17,-5,-14,-4,-11,-7,-9,-7,-6,-5,-2,-5,0,-6,3,-6,5,-6,5,-7,5,-7,5,-6,6,-5,7,-1,1,0,0,0,0,0,0,0,0,0,0,0,0,0,0,0,0,0,0,-1,2,-3,11,-3,11,-3,10,-4,9,-4,9,-5,7,-5,6,-3,7,-1,5,0,1,1,-2,4,-4,7,-3,12,-2,17,-2,20,-4,23,-3,25,0,29,2,32,3,30,5,27,8,25,7,21,3,17,0,14,-1"
52.925042152404785,762,"CSI,2360,128,83,49,21,0,-13,-11,-13,-12,-10,-12,-9,-11,-9,-10,-8,-11,-6,-8,-5,0,-4,-1,-3,-7,-5,-7,-6,-5,-4,-3,-3,0,-4,1,-5,0,-5,0,-4,-1,-4,1,-6,2,-4,1,-2,0,-3,-1,-4,-1,-3,-2,-1,-1,0,0,0,0,0,0,0,0,0,0,0,0,0,0,0,0,0,0,1,-1,7,-3,5,1,4,3,5,2,4,1,3,-1,2,-2,1,0,1,1,3,-2,4,-7,4,-10,5,-12,4,-12,4,-12,5,-11,6,-11,4,-13,4,-13,5,-11,8,-11,8,-11,4,-11,0,-9,-3,-6,-5,-6"
52.96875619888306,763,"CSI,1724,128,83,49,21,0,-3,6,2,2,6,0,10,-1,16,-3,18,-5,23,-5,28,-4,26,-4,22,-3,21,-4,19,-3,18,-1,16,-2,13,-3,9,-3,4,-3,0,-5,-2,-7,-4,-8,-5,-8,-6,-7,-7,-6,-7,-2,-10,1,-3,0,0,0,0,0,0,0,0,0,0,0,0,0,0,0,0,0,0,0,-1,-3,-4,-11,-3,-12,-1,-12,-2,-12,-2,-12,0,-11,1,-11,0,-9,0,-7,0,-6,-1,-4,-2,0,-3,7,-7,11,-11,12,-14,13,-16,15,-18,17,-22,19,-25,19,-24,18,-21,17,-19,15,-19,15,-16,13,-14,11"
53.06844615936279,764,"CSI,1728,128,83,49,21,0,0,8,2,8,4,10,8,10,13,9,16,10,18,9,17,8,14,10,14,11,14,11,14,11,13,9,11,7,9,5,9,2,6,1,4,-1,4,-5,4,-9,3,-9,1,-9,1,-9,2,-9,1,-10,0,-3,0,0,0,0,0,0,0,0,0,0,0,0,0,0,0,0,0,0,-2,-4,-5,-13,-3,-11,-2,-11,-2,-12,-2,-12,-2,-10,0,-8,2,-6,1,-2,-1,0,-3,0,-5,3,-6,6,-9,7,-11,7,-15,8,-19,10,-20,9,-23,8,-25,5,-25,2,-25,4,-23,5,-20,3,-19,3,-22,2"
53.17062711715698,765,"CSI,1733,128,83,49,21,0,2,8,5,4,8,1,11,0,14,-3,17,-3,19,-3,17,-2,18,0,21,3,23,3,24,4,22,3,20,4,17,5,11,4,6,2,5,-1,7,-4,7,-6,5,-6,2,-8,2,-11,3,-11,3,-10,0,-3,0,0,0,0,0,0,0,0,0,0,0,0,0,0,0,0,0,0,-3,2,-11,7,-11,5,-10,2,-9,0,-9,0,-9,2,-9,4,-6,3,-5,4,-4,5,-2,6,0,8,2,9,3,11,4,14,4,15,3,16,4,20,4,25,3,25,1,22,-1,22,-2,23,1,24,2,21,1,17"
53.20171785354614,766,"CSI,2350,128,75,-79,20,0,-4,-14,-4,-11,-8,-5,-14,0,-18,0,-21,2,-27,2,-30,-3,-26,-3,-23,2,-23,3,-22,2,-20,-1,-17,-3,-15,-1,-11,2,-8,4,-7,5,-6,5,-6,8,-4,8,-2,7,-2,8,-2,9,0,12,0,3,0,0,0,0,0,0,0,0,0,0,0,0,0,0,0,0,0,0,1,-3,7,-9,9,-6,8,-4,8,-4,7,-3,6,-4,6,-4,5,-3,3,-3,1,-3,-2,-5,-2,-7,-2,-10,-3,-12,-4,-15,-3,-18,0,-19,1,-20,-1,-22,-3,-23,-1,-24,1,-23,-1,-19,-2,-19,-3,-20,-5,-17"
53.276468992233276,767,"CSI,1737,128,83,49,21,0,-15,1,-14,5,-13,10,-11,15,-10,18,-12,19,-15,21,-16,25,-15,22,-15,16,-15,14,-14,14,-12,11,-10,10,-10,11,-9,10,-8,8,-6,6,-4,7,0,7,1,6,-1,5,1,6,4,9,5,10,1,2,0,0,0,0,0,0,0,0,0,0,0,0,0,0,0,0,0,0,-2,-2,-7,-6,-5,-8,-5,-11,-6,-12,-6,-10,-4,-8,-2,-8,-4,-6,-5,-3,-5,-2,-6,-1,-9,1,-11,3,-15,5,-19,4,-23,1,-24,-3,-24,-6,-25,-5,-24,-5,-23,-8,-23,-11,-23,-11,-23,-8,-21,-6,-20,-6"
53.375776052474976,768,"CSI,1740,128,83,49,21,0,-3,4,-1,8,0,9,2,9,5,11,4,15,3,17,5,16,7,17,4,20,2,19,3,14,3,12,3,13,6,9,9,5,8,3,5,0,3,-2,2,-3,4,-3,6,-3,5,-5,4,-7,5,-7,1,-2,0,0,0,0,0,0,0,0,0,0,0,0,0,0,0,0,0,0,1,-2,5,-6,6,-3,6,-1,6,0,6,1,5,1,2,1,-1,2,-2,1,-2,0,-2,-1,-6,-2,-10,-3,-10,-6,-11,-7,-15,-5,-18,-5,-18,-8,-19,-10,-20,-11,-18,-12,-15,-14,-16,-13,-16,-11,-13,-9,-9,-7"
53.47854804992676,769,"CSI,1744,128,83,49,21,0,-5,5,2,9,7,13,9,15,12,16,13,17,11,16,7,14,8,16,11,18,10,19,9,17,8,14,6,11,5,6,6,3,6,1,5,-2,4,-5,5,-7,9,-7,9,-11,7,-11,7,-10,9,-11,2,-3,0,0,0,0,0,0,0,0,0,0,0,0,0,0,0,0,0,0,0,-3,-1,-12,-2,-11,-4,-11,-3,-12,-1,-12,-1,-11,0,-9,3,-6,3,-4,-1,-3,-4,-1,-6,2,-8,4,-11,6,-15,8,-17,8,-19,7,-22,7,-27,6,-30,6,-30,4,-28,4,-24,6,-23,4,-22,2,-17,0"
53.540831089019775,770,"CSI,2384,128,83,49,21,0,-16,-12,-18,-14,-18,-15,-16,-14,-14,-16,-11,-16,-8,-15,-7,-16,-8,-14,-7,-9,-5,-4,-4,-1,-6,1,-9,1,-10,0,-10,2,-8,3,-8,1,-10,0,-8,2,-3,1,-3,0,-5,0,-6,0,-5,0,-1,0,0,0,0,0,0,0,0,0,0,0,0,0,0,0,0,0,0,0,0,-1,4,-2,7,-1,9,-2,7,-3,3,-2,1,0,0,-1,-1,-3,-2,-4,-3,-7,-2,-9,1,-12,2,-14,1,-14,2,-15,4,-17,5,-18,3,-15,5,-10,6,-9,3,-11,1,-11,-4,-9,-7,-9,-6,-10,-8,-11"
53.58010005950928,771,"CSI,1748,128,83,49,21,0,12,4,15,-1,16,-5,20,-7,25,-9,26,-8,24,-6,21,-2,21,0,21,-1,19,-4,17,-6,17,-5,14,-3,9,-3,4,-3,3,-3,1,-5,1,-7,0,-9,-3,-10,-3,-13,-2,-12,-2,-11,-1,-14,-1,-5,0,0,0,0,0,0,0,0,0,0,0,0,0,0,0,0,0,0,-2,0,-6,2,-8,4,-10,5,-9,4,-7,5,-5,5,-5,4,-4,3,-2,3,0,3,1,7,3,9,4,12,5,15,7,16,7,18,6,19,8,20,7,21,5,21,6,21,3,22,2,20,4,18,3,16,1,13"
53.64056420326233,772,"CSI,2388,128,83,49,21,0,24,-6,26,-4,27,-3,28,-2,27,0,23,0,21,0,23,1,20,-2,14,-5,8,-5,2,-5,-1,-6,2,-6,0,-9,-3,-13,-4,-14,-3,-12,-2,-11,-1,-13,1,-12,2,-12,1,-12,1,-10,2,-8,0,-2,0,0,0,0,0,0,0,0,0,0,0,0,0,0,0,0,0,0,-2,0,-9,3,-9,3,-8,2,-7,2,-7,2,-6,1,-3,0,-2,-1,0,0,4,3,6,6,6,8,4,12,5,15,8,17,6,19,4,19,3,18,4,19,5,19,5,16,5,12,6,8,9,3,13,0,13,-4"
53.68539094924927,773,"CSI,1752,128,83,49,21,0,6,-1,4,3,4,8,5,14,6,16,6,15,8,14,9,13,7,14,2,16,-1,15,1,12,4,11,3,9,0,7,-1,6,-1,3,0,-2,-1,-4,-4,-5,-6,-4,-7,-5,-7,-6,-7,-6,-7,-7,-2,-2,0,0,0,0,0,0,0,0,0,0,0,0,0,0,0,0,0,0,-3,0,-10,1,-10,0,-10,-2,-12,-1,-10,0,-5,-1,-2,-2,-2,-1,-1,0,0,0,3,-1,6,-3,8,-7,9,-8,11,-8,13,-10,12,-12,12,-12,12,-14,13,-16,11,-17,10,-14,10,-12,10,-12,9,-12,9,-12"
53.713287115097046,774,"CSI,614,128,75,-79,20,0,-1,21,0,22,-3,21,-7,21,-9,21,-11,19,-5,16,3,14,1,8,-4,4,-2,7,1,8,4,5,4,6,6,5,8,3,6,4,6,5,8,4,7,4,4,6,5,6,7,4,6,2,4,1,1,0,0,0,0,0,0,0,0,0,0,0,0,0,0,0,0,0,0,0,-1,-1,-4,-5,-4,-7,-3,-9,-4,-9,-3,-7,-3,-4,-4,-1,-5,1,-5,1,-6,0,-9,2,-11,4,-12,6,-14,8,-17,7,-19,3,-17,1,-16,3,-16,4,-15,2,-14,1,-14,2,-10,2,-5,4,-3,7,-1,9"
53.74428105354309,775,"CSI,2351,128,75,-79,20,0,1,1,1,3,0,6,-1,10,-2,14,-2,17,-4,17,-8,14,-7,16,-3,21,-2,22,-1,18,1,14,1,9,0,6,-2,4,-3,2,-2,0,-2,0,-4,-2,-3,-3,-4,-4,-5,-5,-6,-7,-7,-8,-2,-2,0,0,0,0,0,0,0,0,0,0,0,0,0,0,0,0,0,0,-4,-1,-12,-4,-10,-4,-8,-4,-7,-5,-7,-5,-6,-2,-5,-3,-4,-4,-2,-2,1,0,3,0,3,-2,6,-4,11,-6,12,-6,12,-6,13,-6,15,-8,18,-10,18,-8,18,-6,18,-6,18,-8,19,-9,18,-8,13,-9"
53.84556007385254,776,"CSI,2396,128,83,49,21,0,17,4,18,4,16,5,15,5,16,6,16,6,12,6,4,5,3,4,7,2,6,1,4,-1,4,-4,2,-6,1,-9,-1,-11,-2,-9,-1,-9,1,-11,2,-12,3,-11,3,-9,2,-9,1,-8,2,-5,0,-1,0,0,0,0,0,0,0,0,0,0,0,0,0,0,0,0,0,0,-2,-1,-5,-2,-4,-3,-5,-5,-5,-4,-5,-3,-4,-3,-2,-2,0,0,0,1,-2,2,-2,6,-1,9,-1,13,-4,15,-4,14,-2,12,-5,11,-8,12,-8,12,-6,9,-3,8,-3,9,-1,9,2,6,6,4,10,3"
53.88744902610779,777,"CSI,1760,128,83,49,21,0,4,2,6,-1,7,0,8,2,9,4,12,6,10,7,4,7,6,7,10,7,9,7,8,7,7,6,5,3,3,1,2,0,1,-1,-1,-1,-3,-1,-4,-3,-6,-6,-8,-6,-8,-4,-6,-3,-6,-3,-2,-1,0,0,0,0,0,0,0,0,0,0,0,0,0,0,0,0,0,0,1,1,5,6,4,5,4,4,4,4,1,4,0,5,0,4,0,2,-2,2,-4,1,-4,-3,-4,-6,-6,-8,-6,-9,-6,-11,-7,-16,-8,-17,-10,-14,-11,-13,-11,-15,-11,-15,-11,-14,-9,-14,-7,-15,-7,-14,-6,-12"
53.9886109828949,778,"CSI,1765,128,83,49,21,0,-9,-2,-3,-2,3,-5,5,-8,5,-10,7,-12,9,-12,9,-9,9,-9,9,-9,7,-9,5,-10,4,-11,1,-9,0,-8,1,-6,2,-5,1,-2,1,-1,0,1,-1,3,0,5,1,5,0,5,-1,7,-1,2,0,0,0,0,0,0,0,0,0,0,0,0,0,0,0,0,0,0,1,0,7,1,6,2,6,1,5,2,5,3,4,3,4,1,4,1,1,2,-2,2,-4,-1,-4,-1,-5,1,-6,0,-8,-2,-10,-2,-11,-2,-13,0,-14,2,-16,2,-17,0,-16,1,-14,5,-15,6,-16,3,-15,1"
54.29717302322388,779,"CSI,1776,128,83,49,21,0,-1,3,-2,1,-2,-1,1,-4,5,-7,8,-9,6,-9,2,-9,7,-8,12,-11,11,-10,10,-7,10,-7,9,-6,8,-7,5,-6,2,-5,2,-6,3,-5,1,-3,-2,-2,-4,0,-4,3,-5,3,-4,2,-1,0,0,0,0,0,0,0,0,0,0,0,0,0,0,0,0,0,0,0,-2,-2,-6,-9,-6,-8,-3,-5,0,-4,-1,-6,-1,-5,2,-5,1,-5,1,-2,1,-1,0,-1,-1,1,-1,4,-3,7,-3,10,-4,10,-4,12,-3,14,-5,14,-5,14,-5,16,-7,17,-8,16,-7,17,-5,18,-6,15"
54.32762312889099,780,"CSI,2352,128,75,-79,20,0,6,4,4,1,2,-3,2,-8,2,-10,2,-12,2,-12,5,-9,7,-12,8,-15,7,-15,7,-14,7,-14,5,-11,3,-9,1,-9,0,-6,-1,-4,-3,-2,-5,0,-4,0,-3,1,-3,2,-3,3,-4,3,-2,0,0,0,0,0,0,0,0,0,0,0,0,0,0,0,0,0,0,0,-2,0,-8,2,-10,2,-9,3,-8,3,-6,0,-4,-2,-2,-2,-2,-2,-3,-1,-1,0,2,1,5,2,7,3,9,3,9,4,7,7,7,11,8,12,10,13,11,16,8,19,6,18,5,17,5,16,6,17,9,18"
54.35740804672241,781,"CSI,2353,128,75,-79,20,0,-4,-2,-5,0,-7,3,-7,6,-10,8,-13,9,-12,9,-13,4,-15,4,-14,9,-12,9,-10,7,-8,5,-7,4,-6,4,-4,4,-1,3,0,3,0,4,0,5,1,3,3,2,5,2,5,1,7,0,2,0,0,0,0,0,0,0,0,0,0,0,0,0,0,0,0,0,0,0,2,-2,9,-5,8,-4,8,-3,8,-1,7,1,6,1,3,0,3,-1,2,-3,-2,-4,-6,-4,-7,-6,-7,-10,-8,-11,-9,-11,-8,-14,-7,-17,-7,-18,-5,-20,-3,-22,-3,-21,-2,-18,-1,-16,-3,-16,-4,-18,-4,-17"
54.39856815338135,782,"CSI,1780,128,83,49,21,0,-1,-6,-4,-5,-7,-3,-8,-4,-9,-6,-13,-8,-10,-7,-6,-7,-10,-9,-14,-9,-14,-8,-12,-8,-9,-6,-5,-4,-4,-2,-3,1,1,2,4,3,4,4,4,4,3,3,3,4,2,6,3,5,6,3,1,0,0,0,0,0,0,0,0,0,0,0,0,0,0,0,0,0,0,0,-3,0,-9,3,-8,1,-8,-1,-7,-3,-5,-4,-4,-6,-3,-7,0,-4,4,0,6,0,5,-1,6,0,9,3,11,7,12,8,12,8,13,9,15,10,16,11,16,11,13,10,10,8,10,7,11,8,8,6,5,3"
54.50388503074646,783,"CSI,1785,128,83,49,21,0,-8,-7,-5,-12,-2,-14,-2,-15,-2,-16,-1,-16,-1,-18,-6,-20,-8,-19,-7,-16,-6,-15,-4,-12,-2,-10,0,-9,0,-7,1,-6,2,-3,5,0,7,-1,6,0,5,1,5,0,6,-1,5,-3,3,-5,0,-2,0,0,0,0,0,0,0,0,0,0,0,0,0,0,0,0,0,0,-1,2,0,10,2,10,0,9,-5,7,-5,4,-6,2,-6,3,-6,3,-9,1,-13,-1,-14,-2,-15,-4,-16,-5,-17,-4,-18,-3,-18,-4,-20,-4,-21,-3,-21,-3,-21,-1,-21,1,-19,1,-17,0,-15,1,-12,1,-9,0"
54.60441589355469,784,"CSI,1788,128,83,49,21,0,4,2,8,5,10,5,9,4,10,5,15,6,16,6,11,8,11,10,12,8,11,4,10,3,11,4,9,3,5,1,4,1,3,0,-2,-2,-3,-5,0,-6,0,-3,-2,-2,-4,-5,-6,-6,-6,-5,-2,-2,0,0,0,0,0,0,0,0,0,0,0,0,0,0,0,0,0,0,1,-2,6,-4,7,-3,6,-3,4,-3,3,-1,2,0,-1,0,-4,1,-6,2,-7,3,-10,2,-13,1,-17,0,-19,-2,-18,-3,-17,-3,-18,-2,-21,0,-20,-1,-20,-3,-20,-3,-17,-2,-16,-3,-15,-2,-12,1,-10,3"
54.70887303352356,785,"CSI,1792,128,83,49,21,0,-13,3,-7,4,-3,4,-3,7,-4,10,-4,13,-8,16,-14,20,-11,20,-7,16,-7,14,-9,13,-10,10,-10,8,-8,7,-6,5,-3,4,0,2,1,3,-1,3,-1,0,3,-1,6,0,6,0,4,0,1,0,0,0,0,0,0,0,0,0,0,0,0,0,0,0,0,0,0,0,-1,-3,-3,-10,-3,-11,-3,-11,-1,-8,-1,-7,0,-7,-1,-6,-2,-2,-3,0,-5,-1,-8,-1,-10,0,-13,1,-14,0,-17,-2,-19,-3,-17,-5,-16,-4,-16,-4,-17,-5,-18,-6,-18,-5,-16,-4,-18,-5,-20,-6,-20,-4"
54.811241149902344,786,"CSI,1796,128,83,49,21,0,-7,9,-2,8,2,3,5,-1,10,-2,16,-4,23,-4,29,-5,27,-6,23,-8,22,-9,21,-7,20,-3,17,1,13,1,9,-1,7,-3,3,-4,-1,-5,-1,-6,-2,-6,-4,-7,-6,-8,-8,-9,-8,-8,-2,-2,0,0,0,0,0,0,0,0,0,0,0,0,0,0,0,0,0,0,-1,-3,-3,-9,-3,-9,-2,-11,1,-12,1,-12,-1,-10,0,-9,-1,-9,-1,-6,-1,-3,0,-1,1,2,0,4,-4,6,-7,9,-10,13,-12,16,-13,16,-13,17,-13,20,-16,22,-20,20,-20,19,-17,21,-13,19,-12,13"
54.91284704208374,787,"CSI,1801,128,83,49,21,0,-6,-2,1,1,7,3,11,3,15,6,18,10,18,9,17,6,16,7,16,10,18,11,19,9,17,7,17,5,14,2,10,1,6,1,2,-1,-1,-4,-2,-5,-1,-4,-5,-6,-10,-6,-13,-4,-13,-4,-4,-1,0,0,0,0,0,0,0,0,0,0,0,0,0,0,0,0,0,0,1,0,7,3,7,5,9,9,8,10,6,9,4,8,4,5,2,4,-1,5,-4,4,-4,2,-4,1,-5,-1,-7,-4,-10,-7,-11,-8,-13,-10,-16,-13,-18,-14,-21,-16,-22,-19,-21,-20,-19,-20,-17,-18,-16,-16,-14,-14"
55.014440059661865,788,"CSI,1805,128,83,49,21,0,4,5,-2,4,-7,0,-6,-5,-7,-7,-11,-9,-14,-11,-13,-7,-13,-6,-17,-8,-19,-7,-20,-7,-18,-6,-14,-4,-9,-1,-6,-1,-5,-2,-5,0,-4,2,-1,4,3,4,5,3,6,2,6,1,6,0,1,0,0,0,0,0,0,0,0,0,0,0,0,0,0,0,0,0,0,0,-2,-2,-7,-7,-7,-8,-6,-9,-3,-8,-2,-7,-3,-7,-3,-8,-1,-7,1,-3,0,-3,0,-4,2,0,4,3,6,5,6,9,7,10,10,11,11,15,11,18,12,19,15,19,15,18,14,15,13,13,13,13,14,12"
55.11812114715576,789,"CSI,1808,128,83,49,21,0,0,-4,-1,2,-3,7,-6,7,-8,8,-12,11,-13,12,-9,10,-11,12,-14,15,-13,16,-13,14,-11,12,-7,12,-5,11,-4,8,-1,7,0,4,1,1,2,-1,1,-4,1,-6,2,-8,1,-10,-1,-11,-1,-3,0,0,0,0,0,0,0,0,0,0,0,0,0,0,0,0,0,0,-2,-1,-8,-1,-9,-1,-12,-1,-12,-2,-10,-2,-8,-3,-6,-4,-4,-3,-3,-3,-1,-4,2,-6,6,-6,9,-3,9,-2,11,-2,14,-2,15,-3,16,-4,20,-5,23,-4,25,-5,24,-8,21,-8,17,-6,15,-5,15,-3"
55.21860694885254,790,"CSI,1812,128,83,49,21,0,11,-5,10,-5,6,-6,2,-11,0,-14,0,-15,5,-18,10,-20,6,-22,1,-22,2,-20,2,-17,1,-14,-1,-12,-2,-10,-3,-7,-1,-7,0,-7,1,-5,-1,-5,-3,-5,-3,-3,-4,-2,-7,-1,-7,0,-2,0,0,0,0,0,0,0,0,0,0,0,0,0,0,0,0,0,0,0,1,1,5,6,5,5,3,7,1,8,1,6,1,6,-1,6,-1,3,1,1,0,-1,1,-2,4,-3,7,-5,10,-7,12,-5,14,-3,17,-4,18,-4,20,-3,21,2,20,4,19,2,18,1,19,2,18,2,18,0"
55.32121801376343,791,"CSI,1816,128,83,49,21,0,5,12,4,10,2,7,-1,0,0,-6,5,-10,6,-14,2,-17,4,-17,8,-18,11,-19,11,-17,11,-16,12,-16,9,-14,7,-13,6,-9,4,-4,0,-2,-2,-3,-3,-4,-5,-2,-7,0,-8,1,-8,2,-2,0,0,0,0,0,0,0,0,0,0,0,0,0,0,0,0,0,0,0,-2,1,-7,4,-8,3,-10,0,-12,0,-11,0,-9,-1,-8,-2,-7,-3,-9,-4,-10,-3,-6,0,-2,2,0,3,-1,5,0,8,2,10,3,10,6,11,9,15,9,18,9,20,11,22,8,23,7,23,10,24,13,27"
55.42378115653992,792,"CSI,1820,128,83,49,21,0,-5,-6,-7,-2,-6,1,-4,5,-5,10,-4,12,-6,16,-7,22,-6,20,-5,18,-6,18,-10,16,-11,13,-8,10,-6,8,-4,6,-3,2,-1,-1,3,-1,5,1,4,0,5,-1,5,-3,4,-4,5,-5,1,-2,0,0,0,0,0,0,0,0,0,0,0,0,0,0,0,0,0,0,2,0,8,2,7,4,8,6,8,8,6,8,4,8,3,7,4,6,3,3,1,0,0,-2,-2,-7,-4,-11,-3,-13,-2,-14,-3,-18,-4,-21,-3,-22,-2,-25,-4,-27,-4,-26,-2,-24,-1,-22,1,-22,1,-20,-3,-16"
55.628713846206665,793,"CSI,1828,128,83,49,21,0,-6,-5,-2,-1,0,4,3,6,8,5,13,5,13,8,11,7,13,6,16,7,16,7,17,4,15,4,12,5,10,4,8,4,4,5,0,3,-2,-2,-4,-4,-4,-2,-3,-2,-3,-2,-6,-2,-7,-1,-2,-1,0,0,0,0,0,0,0,0,0,0,0,0,0,0,0,0,0,0,2,0,8,2,8,5,8,5,8,6,7,7,8,6,7,7,4,7,2,4,1,1,-2,1,-6,0,-9,-4,-11,-6,-13,-9,-14,-13,-15,-15,-17,-14,-19,-13,-21,-12,-21,-13,-21,-15,-22,-15,-23,-13,-21,-9,-16,-3"
55.73103713989258,794,"CSI,1833,128,83,49,21,0,-2,1,-3,-4,-1,-8,-1,-12,-5,-15,-7,-16,-8,-15,-9,-10,-9,-11,-10,-15,-10,-14,-9,-13,-9,-12,-9,-11,-9,-9,-6,-7,-3,-4,-1,-2,0,2,2,5,0,5,-1,5,2,6,5,4,5,4,1,1,0,0,0,0,0,0,0,0,0,0,0,0,0,0,0,0,0,0,0,-3,1,-11,0,-11,1,-12,4,-11,5,-10,4,-8,3,-7,4,-4,5,-2,6,-2,4,2,3,6,3,10,2,12,2,14,1,17,0,19,0,20,-1,21,-1,23,1,26,1,27,-1,26,-1,23,1,20,3,18"
55.83314299583435,795,"CSI,1837,128,83,49,21,0,4,-7,-2,-8,-7,-7,-9,-6,-13,-7,-17,-8,-16,-5,-16,-3,-19,-8,-18,-12,-14,-13,-13,-11,-12,-9,-10,-7,-9,-5,-8,-4,-6,-1,-3,3,-1,5,0,4,1,6,2,8,2,7,2,6,4,7,1,2,0,0,0,0,0,0,0,0,0,0,0,0,0,0,0,0,0,0,-2,1,-9,5,-10,5,-9,3,-9,2,-9,2,-7,2,-6,1,-6,1,-5,1,-1,0,4,-1,7,-3,9,-3,10,-1,13,1,17,1,21,1,22,1,22,0,22,1,23,2,25,4,23,5,19,3,16,1,16,0"
55.936054944992065,796,"CSI,1841,128,83,49,21,0,2,2,0,1,1,-3,0,-8,-3,-11,-5,-15,-5,-21,-3,-27,-4,-26,-7,-23,-9,-20,-7,-18,-4,-18,-2,-17,-1,-14,-1,-9,-1,-6,-1,-2,-3,1,-3,2,-3,4,-2,5,-1,6,0,6,2,4,0,1,0,0,0,0,0,0,0,0,0,0,0,0,0,0,0,0,0,0,-2,-1,-8,-5,-6,-6,-5,-8,-4,-11,-3,-11,-2,-11,-1,-11,-1,-10,0,-8,1,-5,3,-1,4,2,3,5,2,10,1,12,3,14,5,17,6,20,8,22,9,22,6,21,5,23,6,22,7,22,6,20,4,14"
56.04215216636658,797,"CSI,1845,128,83,49,21,0,-7,3,-3,4,1,7,4,11,7,14,9,16,12,14,14,9,15,11,14,17,11,18,8,16,8,14,9,13,9,9,7,3,6,1,7,-1,8,-3,8,-2,6,-2,2,-5,0,-8,-2,-10,-3,-11,-1,-3,0,0,0,0,0,0,0,0,0,0,0,0,0,0,0,0,0,0,0,-3,4,-8,7,-5,8,-3,7,-3,7,-2,8,-1,7,1,5,2,4,3,0,2,-4,1,-5,-1,-8,-1,-10,-1,-13,-1,-17,-3,-20,-5,-23,-6,-24,-9,-23,-11,-23,-10,-23,-11,-24,-10,-25,-9,-22,-8,-18,-7"
56.14119219779968,798,"CSI,1849,128,83,49,21,0,4,0,4,-3,4,-8,2,-12,-1,-14,-2,-19,-1,-20,0,-17,1,-18,2,-20,0,-20,0,-17,2,-16,1,-13,-1,-10,-2,-11,-4,-8,-6,-2,-6,2,-5,2,-5,1,-4,2,-4,5,-3,7,-4,9,-1,2,0,0,0,0,0,0,0,0,0,0,0,0,0,0,0,0,0,0,-3,0,-9,1,-10,0,-12,-1,-13,-4,-11,-5,-9,-4,-8,-5,-6,-6,-5,-4,-2,-2,2,1,4,1,6,1,7,4,8,9,11,12,12,14,11,16,12,17,15,19,18,20,18,19,15,19,13,19,14,20,14,19"
56.24782204627991,799,"CSI,1853,128,83,49,21,0,-2,-14,-4,-12,-6,-9,-8,-7,-10,-9,-13,-8,-12,-5,-10,-3,-11,-6,-14,-10,-11,-12,-9,-14,-9,-14,-7,-12,-5,-9,-7,-8,-8,-9,-7,-9,-8,-7,-9,-6,-6,-7,-3,-5,-3,-3,-5,-1,-7,0,-2,0,0,0,0,0,0,0,0,0,0,0,0,0,0,0,0,0,0,0,-1,-3,-5,-9,-7,-10,-6,-12,-4,-12,-2,-10,0,-9,1,-8,-1,-6,-3,-6,-3,-5,-3,-6,-4,-7,-6,-8,-9,-9,-11,-11,-10,-12,-9,-12,-9,-14,-12,-16,-12,-17,-9,-20,-8,-23,-8,-26,-7,-25,-6,-21,-4,-16"
56.34691500663757,800,"CSI,1857,128,83,49,21,0,-8,0,-8,4,-8,9,-9,14,-11,15,-13,15,-11,11,-9,9,-10,12,-11,13,-10,11,-8,8,-5,7,-4,5,-2,2,2,2,5,3,7,2,9,2,8,3,7,3,6,2,5,2,6,1,5,0,1,0,0,0,0,0,0,0,0,0,0,0,0,0,0,0,0,0,0,0,2,-1,8,-2,7,-2,5,-2,4,0,3,1,2,-1,0,-4,-2,-4,-4,-3,-6,-4,-8,-7,-9,-9,-10,-9,-11,-10,-11,-13,-11,-17,-12,-20,-15,-21,-16,-22,-13,-23,-12,-22,-10,-19,-6,-17,-7,-15,-11,-13,-14,-11"
56.41152501106262,801,"CSI,2354,128,77,-47,20,0,-13,0,-7,3,-1,7,2,10,4,12,4,14,1,15,-4,17,-3,17,3,17,3,16,-1,14,-4,14,-3,12,-3,9,-2,6,2,5,2,5,0,5,3,3,4,-1,3,-4,4,-6,5,-5,5,-4,1,-1,0,0,0,0,0,0,0,0,0,0,0,0,0,0,0,0,0,0,-1,-2,-3,-8,-1,-7,1,-8,1,-8,0,-8,0,-8,0,-7,-1,-5,-2,-4,-2,-2,-4,-1,-6,0,-8,3,-10,3,-12,2,-15,2,-18,0,-21,-1,-21,0,-21,0,-23,-2,-24,-4,-23,-4,-23,-2,-20,-1,-18,-1"
56.45005202293396,802,"CSI,1860,128,83,49,21,0,4,-9,-2,-8,-4,-6,-7,-5,-12,-6,-16,-5,-19,-3,-24,-5,-24,-8,-21,-8,-19,-7,-18,-7,-16,-6,-13,-7,-11,-9,-9,-8,-7,-5,-6,-1,-5,1,-4,3,-4,3,-2,5,0,6,2,6,4,6,1,1,0,0,0,0,0,0,0,0,0,0,0,0,0,0,0,0,0,0,1,0,6,4,7,6,5,7,3,6,3,4,3,3,3,3,3,3,1,3,1,1,1,-2,1,-7,1,-9,3,-12,5,-14,7,-16,8,-17,10,-17,14,-18,15,-21,16,-21,15,-20,14,-19,14,-17,14,-16,12,-16"
56.47932410240173,803,"CSI,2355,128,77,-47,20,0,9,0,6,-2,1,-5,-2,-8,-3,-10,-6,-13,-8,-17,-8,-22,-9,-23,-9,-22,-8,-19,-7,-17,-6,-15,-5,-13,-4,-11,-2,-9,-2,-8,-5,-8,-6,-7,-4,-3,-5,1,-6,1,-5,3,-5,4,-5,2,-2,0,0,0,0,0,0,0,0,0,0,0,0,0,0,0,0,0,0,0,0,2,-1,8,-2,6,-5,8,-5,9,-4,7,-4,6,-2,5,-1,3,-1,3,0,2,2,-1,4,-5,7,-3,9,-1,10,-1,12,0,15,0,19,-1,21,-2,22,-1,23,1,23,3,22,3,22,2,20,2,20,2"
56.55371308326721,804,"CSI,1865,128,83,49,21,0,-12,7,-8,8,-4,10,-2,12,-3,14,-2,16,-4,14,-9,11,-9,14,-7,18,-8,18,-8,15,-6,11,-6,10,-6,11,-3,8,0,6,2,8,2,9,1,9,1,8,0,6,0,5,3,5,4,4,1,0,0,0,0,0,0,0,0,0,0,0,0,0,0,0,0,0,0,0,-2,0,-8,1,-9,2,-9,2,-11,0,-11,-2,-8,-1,-5,0,-4,1,-3,3,-1,3,-1,4,-1,7,-3,8,-4,9,-7,10,-11,12,-12,16,-12,15,-14,14,-19,16,-21,17,-20,13,-21,11,-22,10,-21,10,-20,11"
56.75560212135315,805,"CSI,1873,128,83,49,21,0,-15,-3,-8,-1,-2,1,5,-1,10,0,15,2,17,1,16,0,17,2,19,5,19,4,17,4,17,4,16,4,12,1,8,0,6,-1,4,-1,3,-3,1,-4,-1,-4,-3,-2,-5,-1,-7,-1,-9,-1,-3,-1,0,0,0,0,0,0,0,0,0,0,0,0,0,0,0,0,0,0,1,-1,7,-1,7,0,10,-1,11,-2,9,-3,9,-4,9,-3,7,-1,3,-2,2,-4,1,-3,-3,-3,-6,-4,-8,-5,-11,-6,-15,-6,-18,-3,-20,-1,-23,0,-26,0,-27,-1,-27,-1,-27,-1,-26,-1,-24,-2,-21,-4"
56.8589768409729,806,"CSI,1877,128,83,49,21,0,-12,-1,-7,2,-5,7,-5,12,-4,16,-3,16,-5,18,-9,18,-8,21,-4,24,-3,23,-2,22,-2,20,-3,15,-2,11,-2,8,-2,6,1,5,2,5,2,4,3,1,2,0,1,-1,3,-2,5,0,1,0,0,0,0,0,0,0,0,0,0,0,0,0,0,0,0,0,0,0,-1,-4,-3,-12,-1,-11,3,-10,3,-9,3,-8,4,-7,3,-7,2,-8,2,-9,1,-8,0,-6,-3,-3,-8,-2,-11,-1,-11,-1,-12,-3,-15,-4,-21,-4,-26,-7,-28,-8,-29,-9,-27,-11,-24,-11,-25,-10,-25,-10,-20,-9"
56.96040320396423,807,"CSI,1881,128,83,49,21,0,-12,-5,-4,2,0,8,0,9,1,12,2,18,5,20,9,19,8,19,3,20,-2,20,-4,19,-2,16,-1,12,-1,11,-2,9,-2,6,0,3,1,1,2,1,2,-1,2,-1,3,-1,3,-2,3,-3,0,-1,0,0,0,0,0,0,0,0,0,0,0,0,0,0,0,0,0,0,1,-3,7,-8,7,-7,6,-7,5,-7,5,-6,5,-5,5,-5,2,-5,1,-4,1,-3,-2,-4,-6,-5,-8,-8,-8,-8,-10,-5,-14,-5,-19,-7,-21,-9,-23,-8,-23,-8,-22,-10,-22,-11,-27,-11,-30,-10,-27,-8,-20,-6"
57.02002024650574,808,"CSI,2519,128,83,49,21,0,5,-24,5,-22,7,-21,8,-19,6,-18,3,-16,6,-13,10,-10,6,-8,0,-8,-2,-7,-4,-4,-4,-1,-5,1,-8,-1,-10,-1,-11,1,-14,1,-15,0,-14,-1,-11,-2,-8,-1,-8,1,-8,-1,-6,-3,-2,-1,0,0,0,0,0,0,0,0,0,0,0,0,0,0,0,0,0,0,-2,0,-7,1,-6,2,-6,3,-5,3,-4,2,-2,0,-2,-1,-2,-1,-1,0,0,2,3,3,6,3,8,3,10,5,11,6,10,7,10,6,10,6,9,7,8,4,7,3,6,3,4,1,5,-5,7,-9,6,-11"
57.062172174453735,809,"CSI,1884,128,83,49,21,0,10,-1,11,-1,9,-2,3,-4,-2,-7,-3,-11,-3,-14,-2,-19,-2,-22,-3,-21,-3,-19,-2,-19,-2,-18,2,-15,4,-14,4,-13,1,-10,-1,-6,-1,-3,-1,-1,-2,-1,-3,-1,-3,0,-4,2,-5,2,-2,0,0,0,0,0,0,0,0,0,0,0,0,0,0,0,0,0,0,0,0,1,3,5,3,7,2,8,2,8,1,8,-2,7,-2,7,-1,6,0,5,4,4,7,5,8,1,7,-2,9,-2,10,-2,11,-3,14,-1,16,1,19,-1,23,-3,27,-3,26,-3,24,-3,25,-3,24,-2,23,-2"
57.12244701385498,810,"CSI,2523,128,83,49,21,0,-1,-17,3,-19,3,-16,2,-16,1,-17,0,-18,-2,-16,-5,-12,-2,-9,-2,-7,-3,-4,-3,-1,-5,1,-8,1,-10,1,-10,2,-9,1,-7,-1,-8,-1,-9,0,-9,-1,-10,-3,-12,-2,-10,-1,-6,-2,-2,-1,0,0,0,0,0,0,0,0,0,0,0,0,0,0,0,0,0,0,-1,0,-1,2,-2,2,-2,1,-1,2,-3,3,-4,0,-2,-1,0,1,1,3,1,3,2,1,4,1,8,1,8,0,7,-1,7,-1,7,1,7,3,8,1,8,-1,7,-2,6,-1,4,-1,2,-4,1,-5,-1,-5"
57.164692878723145,811,"CSI,1889,128,83,49,21,0,-11,8,-5,10,1,11,4,10,6,10,9,13,7,17,1,19,-1,19,3,18,3,17,-1,16,-4,15,-4,13,-2,10,0,9,0,7,-2,4,-1,0,4,0,4,0,2,-1,2,-3,1,-4,1,-3,0,-1,0,0,0,0,0,0,0,0,0,0,0,0,0,0,0,0,0,0,-1,-3,-5,-9,-6,-9,-6,-10,-4,-11,-3,-7,-3,-4,-4,-3,-5,-3,-5,-2,-5,0,-6,0,-7,-2,-8,1,-11,4,-14,6,-16,6,-17,6,-19,6,-21,5,-22,3,-25,3,-27,5,-27,6,-24,7,-22,6,-19,4"
57.26661014556885,812,"CSI,1893,128,83,49,21,0,10,7,10,0,13,-6,13,-8,11,-12,10,-15,11,-13,10,-10,12,-10,17,-12,19,-13,18,-13,15,-10,12,-7,9,-6,9,-5,7,-4,4,-4,1,-5,-1,-4,-3,-4,-3,-5,-3,-5,-2,-4,-4,-5,-2,-2,0,0,0,0,0,0,0,0,0,0,0,0,0,0,0,0,0,0,0,1,2,7,1,7,0,8,-1,9,-2,7,-2,6,-1,5,-2,4,-1,2,1,0,3,1,4,2,7,3,12,2,17,3,19,5,18,5,16,6,17,8,20,8,21,8,21,9,19,11,17,11,16,9,16,8"
57.36922311782837,813,"CSI,1896,128,83,49,21,0,13,-7,14,-11,11,-13,6,-14,4,-15,4,-18,8,-21,15,-22,14,-23,9,-24,8,-23,8,-20,7,-16,7,-14,6,-13,4,-9,3,-7,1,-7,-1,-6,-2,-4,-2,-3,-3,-3,-3,-1,-4,-3,-6,-6,-2,-2,0,0,0,0,0,0,0,0,0,0,0,0,0,0,0,0,0,0,1,0,6,4,7,6,7,7,6,5,5,4,5,4,6,4,5,6,5,5,6,0,6,-4,8,-4,8,-3,11,-4,18,-4,21,-4,21,-6,21,-4,23,-2,26,-2,26,-1,27,0,29,1,27,3,23,2,23,2"
57.42896509170532,814,"CSI,2535,128,83,49,21,0,-18,-8,-20,-11,-19,-14,-16,-13,-15,-9,-14,-7,-11,-5,-6,-1,-5,0,-5,-1,-4,-1,-4,0,-4,0,-2,3,-1,7,-4,10,-5,10,-4,9,-2,8,-2,7,-4,7,-4,8,-2,6,-1,4,0,3,0,0,0,0,0,0,0,0,0,0,0,0,0,0,0,0,0,0,0,0,1,1,4,7,4,7,3,6,3,5,2,5,2,4,1,3,1,2,2,-2,3,-3,2,-3,3,-3,6,-4,6,-6,7,-7,8,-9,7,-9,6,-7,8,-7,8,-8,6,-7,4,-6,2,-5,0,-4,-5,-4,-9,-4"
57.47193908691406,815,"CSI,1900,128,83,49,21,0,8,-5,4,-7,2,-11,0,-13,-4,-15,-5,-17,-5,-21,-7,-28,-8,-27,-7,-20,-6,-17,-5,-18,-4,-17,-2,-14,0,-14,1,-11,-1,-7,-3,-4,-4,-2,-6,0,-5,-1,-3,-2,-3,1,-5,3,-7,3,-2,0,0,0,0,0,0,0,0,0,0,0,0,0,0,0,0,0,0,0,0,2,0,8,1,7,1,8,-1,8,-3,9,-3,9,-2,6,-2,4,1,2,4,-1,5,-2,4,-2,6,-4,10,-5,13,-4,16,-3,17,-3,18,-3,20,-2,22,-1,24,1,23,3,21,5,22,5,21,2,18,0"
57.57415318489075,816,"CSI,1905,128,83,49,21,0,4,-4,0,-4,-3,-10,-7,-12,-12,-12,-13,-16,-10,-15,-11,-11,-11,-12,-9,-15,-9,-15,-9,-13,-8,-9,-9,-9,-10,-9,-8,-5,-6,-2,-4,-1,-3,1,-3,4,-2,6,0,6,0,6,-1,8,-1,7,-1,1,0,0,0,0,0,0,0,0,0,0,0,0,0,0,0,0,0,0,0,2,0,8,-3,7,-4,8,-3,8,-3,7,-3,5,-3,5,-2,5,1,3,3,1,6,1,10,0,12,-2,12,-2,15,1,18,0,20,-1,22,-2,24,1,25,2,24,0,22,2,21,3,21,0,19,0,17,1"
57.676969051361084,817,"CSI,1909,128,83,49,21,0,-4,3,0,4,4,7,4,12,3,16,3,18,5,19,8,20,7,18,5,15,4,16,2,16,2,14,2,10,0,8,0,5,0,2,1,-1,5,-4,6,-5,5,-5,3,-5,0,-3,-1,-4,0,-6,0,-2,0,0,0,0,0,0,0,0,0,0,0,0,0,0,0,0,0,0,2,-2,8,-4,8,-2,8,1,6,2,5,0,5,0,4,1,0,1,-1,-1,-1,-3,-3,-4,-5,-4,-8,-5,-10,-6,-11,-8,-13,-11,-14,-12,-15,-11,-19,-12,-22,-15,-22,-16,-18,-16,-14,-15,-15,-14,-17,-12,-17,-8"
57.778290033340454,818,"CSI,1913,128,83,49,21,0,10,0,15,-2,17,0,15,2,15,1,17,0,18,-4,18,-9,18,-6,14,0,11,1,10,-1,9,-1,6,-2,4,-3,4,-4,3,-5,3,-7,2,-10,1,-10,-1,-8,-2,-7,-3,-6,-3,-5,-4,-3,-1,-1,0,0,0,0,0,0,0,0,0,0,0,0,0,0,0,0,0,0,-3,0,-9,1,-11,1,-11,0,-8,1,-5,2,-5,3,-3,3,0,4,2,6,2,8,3,10,5,11,5,13,3,15,1,16,2,18,2,20,2,18,2,18,2,20,0,19,0,17,2,16,3,15,4,13,6,10"
57.88029623031616,819,"CSI,1916,128,83,49,21,0,2,12,6,9,9,7,9,5,10,4,11,4,11,4,11,5,13,7,15,10,13,10,9,8,8,7,8,6,7,4,6,2,5,-1,6,-3,7,-4,7,-3,4,-2,3,-2,2,-4,1,-6,2,-8,0,-3,0,0,0,0,0,0,0,0,0,0,0,0,0,0,0,0,0,0,-3,1,-9,3,-9,2,-9,-1,-10,-2,-8,-1,-5,0,-3,2,-3,3,-4,4,-3,4,-1,6,-1,7,-1,11,-1,13,-3,15,-4,15,-3,14,-3,18,-2,20,-3,19,-3,19,-5,18,-9,17,-10,17,-8,16,-8,14"
57.983705043792725,820,"CSI,1921,128,83,49,21,0,0,-4,-3,0,-8,2,-11,3,-11,7,-12,8,-16,9,-20,13,-20,13,-17,11,-16,10,-16,10,-15,8,-14,6,-12,4,-8,2,-4,1,-1,1,-1,2,0,3,1,4,3,2,3,2,3,3,4,4,1,1,0,0,0,0,0,0,0,0,0,0,0,0,0,0,0,0,0,0,2,-1,7,-3,6,-1,5,0,5,3,4,4,3,2,2,-1,3,-1,5,-1,5,-4,2,-6,0,-7,-2,-7,-1,-7,0,-9,-2,-14,-3,-17,-4,-18,-5,-19,-3,-22,-1,-22,0,-20,1,-18,2,-16,2,-14,0,-14"
58.18825697898865,821,"CSI,1929,128,83,49,21,0,-8,-1,-4,-3,-1,-9,1,-11,2,-9,6,-11,5,-14,2,-14,4,-15,6,-14,5,-10,5,-9,5,-13,2,-11,0,-8,2,-7,3,-5,1,-3,-1,-1,0,2,0,3,0,0,1,-1,1,3,1,5,0,1,0,0,0,0,0,0,0,0,0,0,0,0,0,0,0,0,0,0,2,1,8,6,6,5,4,5,4,5,3,5,1,5,-1,3,0,1,0,0,-3,-1,-5,-2,-8,-2,-9,-2,-10,-2,-9,-3,-11,-4,-16,-3,-17,-1,-16,0,-16,1,-16,0,-15,-2,-15,-4,-15,-3,-16,0,-17,1"
58.29097008705139,822,"CSI,1933,128,83,49,21,0,2,-10,5,-7,6,-4,8,-2,11,1,13,-1,16,-3,19,1,19,-1,17,-8,14,-10,11,-10,10,-9,9,-7,7,-6,4,-4,2,-2,1,0,0,1,1,3,0,3,2,1,4,2,6,4,8,5,2,1,0,0,0,0,0,0,0,0,0,0,0,0,0,0,0,0,0,0,-2,-1,-8,-4,-7,-5,-6,-5,-5,-6,-5,-7,-4,-8,-2,-7,-2,-8,-2,-9,0,-10,0,-12,1,-11,3,-10,4,-10,3,-10,3,-12,5,-13,6,-13,4,-14,2,-18,1,-20,3,-18,4,-18,2,-18,1,-16,1,-13"
58.393579959869385,823,"CSI,1937,128,83,49,21,0,-6,2,-7,-2,-8,-4,-9,-5,-9,-8,-8,-11,-5,-13,-2,-15,-7,-15,-11,-15,-11,-15,-10,-12,-10,-10,-10,-8,-8,-6,-5,-4,-3,-3,-1,-2,1,-1,2,0,1,0,3,0,5,-1,6,-1,8,-2,2,-1,0,0,0,0,0,0,0,0,0,0,0,0,0,0,0,0,0,0,2,-2,8,-5,6,-3,5,0,5,1,4,2,4,1,3,2,3,1,3,1,2,4,2,5,-1,6,-5,8,-7,9,-8,8,-9,8,-9,10,-10,13,-10,15,-7,15,-7,15,-10,13,-9,13,-8,14,-8,13,-9,12"
58.4982271194458,824,"CSI,1941,128,83,49,21,0,1,4,-2,-1,-3,-4,-3,-8,-3,-12,-3,-14,-4,-17,-1,-18,0,-20,-3,-23,-3,-20,-3,-16,-4,-14,-5,-13,-5,-9,-2,-5,1,-4,0,-4,-2,-3,-1,-1,0,0,-1,1,0,4,3,4,4,5,1,1,0,0,0,0,0,0,0,0,0,0,0,0,0,0,0,0,0,0,0,-2,1,-8,4,-9,4,-8,3,-4,3,-3,2,-4,1,-5,1,-2,1,1,1,2,1,3,-1,3,-3,6,-5,9,-6,10,-7,10,-7,10,-6,12,-5,13,-7,15,-9,17,-7,15,-5,14,-3,15,-1,14,-3,11"
58.60578012466431,825,"CSI,3032,128,101,81,22,0,16,-17,15,-17,15,-16,15,-16,15,-16,14,-17,13,-17,13,-17,13,-17,12,-17,12,-17,12,-17,12,-16,12,-16,12,-15,12,-15,12,-14,11,-13,11,-13,11,-12,11,-11,11,-11,10,-10,10,-9,9,-9,2,-3,0,0,0,0,0,0,0,0,0,0,0,0,0,0,0,0,0,0,2,-4,12,-14,12,-14,13,-15,14,-15,15,-15,15,-15,16,-16,16,-16,17,-16,18,-16,18,-16,18,-16,18,-16,18,-15,18,-15,18,-15,18,-15,18,-16,18,-16,18,-16,17,-16,17,-16,16,-17,16,-17,17,-17,16,-17"
58.716500997543335,826,"CSI,3033,128,101,81,22,0,-20,11,-20,12,-20,12,-21,12,-21,12,-20,13,-19,13,-19,13,-19,13,-19,13,-19,13,-19,13,-19,13,-20,13,-20,13,-20,13,-19,12,-19,11,-18,10,-18,10,-18,9,-17,9,-17,8,-17,7,-16,6,-4,1,0,0,0,0,0,0,0,0,0,0,0,0,0,0,0,0,0,0,-3,2,-10,8,-10,8,-11,8,-12,9,-13,9,-13,9,-14,9,-15,9,-16,9,-17,9,-17,9,-17,9,-18,9,-18,9,-18,9,-19,9,-19,9,-19,9,-19,10,-20,10,-20,11,-19,11,-19,11,-20,11,-21,11,-22,12"
58.79671502113342,827,"CSI,3375,128,-118,32,8,0,8,-15,8,-17,7,-18,5,-18,4,-18,2,-17,2,-16,1,-14,1,-11,2,-10,3,-8,5,-7,7,-5,8,-4,10,-4,11,-4,11,-4,12,-4,11,-4,11,-4,10,-4,9,-3,8,-2,6,-1,5,0,1,0,0,0,0,0,0,0,0,0,0,0,0,0,0,0,0,0,0,0,-3,0,-10,0,-10,0,-9,-1,-8,-1,-7,-2,-6,-2,-5,-3,-4,-5,-2,-6,-1,-8,0,-10,0,-12,0,-13,-1,-14,-2,-15,-3,-16,-4,-16,-5,-15,-6,-14,-6,-12,-6,-11,-4,-10,-3,-10,0,-9,2,-9,4,-9"
58.83028697967529,828,"CSI,3034,128,101,81,22,0,-10,18,-9,18,-9,18,-9,18,-9,19,-9,19,-8,19,-7,19,-8,19,-7,19,-7,19,-7,19,-7,19,-8,19,-8,19,-8,18,-8,18,-8,17,-8,16,-9,16,-9,15,-9,14,-9,14,-9,13,-8,12,-2,3,0,0,0,0,0,0,0,0,0,0,0,0,0,0,0,0,0,0,-2,2,-5,11,-5,11,-5,12,-6,12,-7,13,-7,13,-7,14,-8,14,-9,15,-9,15,-10,15,-9,15,-10,16,-10,16,-10,16,-10,16,-10,16,-10,16,-10,16,-10,17,-10,17,-10,17,-9,17,-9,18,-10,18,-11,19"
58.94119310379028,829,"CSI,3035,128,101,81,22,0,-10,16,-10,16,-10,15,-10,15,-10,15,-9,15,-8,15,-8,16,-8,15,-8,15,-7,15,-7,15,-8,15,-8,14,-8,14,-8,14,-8,13,-7,12,-7,12,-8,11,-8,10,-7,10,-7,9,-7,8,-7,8,-2,2,0,0,0,0,0,0,0,0,0,0,0,0,0,0,0,0,0,0,-2,3,-7,12,-7,12,-7,13,-8,13,-8,14,-9,14,-9,15,-10,15,-10,15,-11,15,-12,15,-11,15,-11,15,-12,15,-12,15,-12,15,-11,15,-11,15,-11,15,-11,15,-11,16,-10,16,-10,16,-10,16,-11,16,-11,16"
59.008963108062744,830,"CSI,1960,128,83,49,21,0,-4,-4,-5,-3,-7,3,-8,10,-10,13,-12,13,-18,12,-25,11,-22,13,-15,12,-14,9,-14,8,-13,5,-11,4,-9,4,-6,2,-3,1,1,2,3,3,4,3,6,3,6,4,5,3,6,3,7,3,1,0,0,0,0,0,0,0,0,0,0,0,0,0,0,0,0,0,0,0,2,-1,8,-3,8,-4,9,-3,7,-2,6,-1,5,0,3,0,-1,-1,-2,-3,-2,-6,-4,-8,-7,-9,-7,-11,-6,-15,-7,-17,-6,-19,-6,-23,-5,-25,-6,-24,-9,-23,-9,-21,-5,-17,-3,-16,-5,-15,-6,-14,-3,-13"
59.05298185348511,831,"CSI,3036,128,101,81,22,0,21,-8,21,-8,21,-8,21,-8,21,-8,20,-9,20,-8,20,-9,20,-9,19,-9,19,-9,19,-9,19,-9,19,-9,19,-9,19,-8,18,-7,17,-6,17,-6,16,-6,16,-6,15,-5,15,-5,14,-4,14,-4,3,-1,0,0,0,0,0,0,0,0,0,0,0,0,0,0,0,0,0,0,3,-2,15,-7,15,-7,15,-7,17,-7,18,-7,18,-7,19,-7,19,-6,20,-6,21,-6,21,-6,21,-6,22,-5,22,-5,22,-6,22,-5,21,-5,22,-6,22,-6,22,-7,22,-7,22,-7,21,-7,22,-7,23,-7,23,-7"
59.0917329788208,832,"CSI,305,128,-117,-78,40,0,19,-16,18,-16,18,-16,19,-16,19,-16,18,-17,17,-17,16,-17,16,-17,15,-17,15,-17,15,-17,15,-17,16,-16,16,-16,16,-16,15,-15,15,-14,14,-13,14,-13,14,-12,13,-11,13,-11,13,-10,12,-9,3,-3,0,0,0,0,0,0,0,0,0,0,0,0,0,0,0,0,0,0,3,-4,12,-13,13,-13,14,-14,15,-14,15,-14,16,-14,16,-14,17,-15,19,-15,19,-15,19,-15,19,-14,20,-14,20,-14,20,-14,20,-14,20,-14,20,-14,20,-15,20,-15,20,-15,20,-15,19,-15,19,-16,20,-16,21,-17"
59.12239909172058,833,"CSI,3699,128,122,-96,7,0,18,14,18,14,19,13,18,13,18,12,18,12,19,12,19,12,19,11,19,11,19,11,18,11,18,10,19,10,18,10,18,10,17,11,16,11,15,10,15,10,14,9,13,9,13,9,12,9,11,9,2,2,0,0,0,0,0,0,0,0,0,0,0,0,0,0,0,0,0,0,3,2,13,8,13,8,14,9,14,9,15,10,16,11,16,12,16,13,16,13,16,14,16,14,16,15,16,16,16,16,17,16,17,15,17,16,17,15,17,14,17,14,18,14,18,15,18,15,18,15,18,15,19,16"
59.15281295776367,834,"CSI,3700,128,-5,-79,31,0,8,21,9,22,9,21,9,21,9,20,9,20,10,20,10,20,10,20,10,20,10,20,10,19,10,19,10,18,9,18,8,18,8,19,8,18,7,18,6,16,6,16,5,15,5,15,4,14,4,14,1,3,0,0,0,0,0,0,0,0,0,0,0,0,0,0,0,0,0,0,1,3,7,13,8,14,8,14,8,15,8,16,8,17,9,19,8,19,8,20,7,20,7,21,7,22,7,22,6,22,7,22,7,22,7,22,7,22,7,21,7,21,8,21,8,21,8,22,8,22,8,22,8,23"
59.1862530708313,835,"CSI,1964,128,83,49,21,0,-2,-14,-4,-12,-7,-12,-9,-13,-11,-13,-13,-12,-15,-9,-15,-8,-14,-10,-12,-14,-13,-14,-14,-14,-13,-15,-12,-14,-12,-10,-11,-7,-11,-7,-9,-5,-6,-3,-4,-4,-5,-3,-5,-2,-4,-2,-7,-1,-7,1,-2,0,0,0,0,0,0,0,0,0,0,0,0,0,0,0,0,0,0,0,1,-2,4,-7,4,-9,6,-8,9,-5,10,-4,8,-6,6,-6,5,-5,3,-6,1,-7,0,-7,-3,-9,-4,-13,0,-16,3,-17,0,-17,-1,-18,4,-21,7,-24,8,-25,9,-24,10,-22,10,-23,8,-23,7,-22,7,-23"
59.22245812416077,836,"CSI,3037,128,101,81,22,0,-16,21,-16,21,-15,21,-16,21,-16,21,-15,21,-14,21,-13,22,-13,22,-13,22,-13,22,-13,22,-13,22,-13,22,-13,21,-14,21,-13,21,-13,20,-13,19,-13,18,-13,17,-13,16,-13,15,-13,14,-13,14,-4,3,0,0,0,0,0,0,0,0,0,0,0,0,0,0,0,0,0,0,-2,3,-9,14,-9,14,-10,15,-11,15,-11,16,-12,17,-12,17,-13,18,-14,18,-16,18,-16,18,-16,18,-17,18,-17,18,-17,18,-17,18,-17,18,-17,18,-17,19,-17,19,-17,19,-16,19,-16,19,-16,19,-17,20,-17,21"
59.25559592247009,837,"CSI,2604,128,83,49,21,0,-19,-7,-23,-8,-22,-12,-19,-14,-17,-13,-18,-13,-17,-9,-15,-2,-12,-2,-7,-3,-4,-1,-3,1,-2,4,-1,8,-1,10,-2,9,-3,7,-2,7,-2,9,-4,9,-3,7,0,5,-2,5,-4,5,-4,5,-1,1,0,0,0,0,0,0,0,0,0,0,0,0,0,0,0,0,0,0,-1,2,0,9,2,8,4,7,4,7,2,7,-1,5,-2,3,-2,0,0,-5,2,-6,6,-7,9,-10,7,-12,8,-11,13,-9,12,-10,9,-11,10,-10,11,-9,13,-9,10,-9,4,-8,2,-8,0,-6,-5,-4,-11,-6"
59.28622508049011,838,"CSI,1968,128,83,49,21,0,5,-6,2,-9,-2,-11,-4,-15,-4,-18,-5,-19,-5,-21,-5,-25,-8,-26,-11,-22,-12,-19,-11,-19,-7,-16,-6,-13,-7,-11,-5,-8,-5,-4,-7,-2,-5,-1,-4,1,-5,4,-6,5,-7,5,-6,6,-4,7,-1,1,0,0,0,0,0,0,0,0,0,0,0,0,0,0,0,0,0,0,0,2,-2,11,-7,10,-8,7,-8,7,-9,7,-9,5,-7,4,-5,3,-3,0,-2,-1,2,0,6,0,9,-1,12,0,17,4,21,7,23,8,24,8,26,9,27,12,28,13,28,12,23,10,18,11,14,8,8,4"
59.32245588302612,839,"CSI,3038,128,101,81,22,0,-23,-5,-23,-5,-24,-5,-24,-4,-23,-3,-23,-3,-23,-3,-23,-3,-23,-3,-22,-2,-22,-2,-22,-1,-22,-1,-22,-1,-22,-1,-21,-2,-21,-2,-20,-3,-19,-3,-19,-3,-18,-2,-17,-2,-17,-2,-16,-3,-15,-4,-4,-1,0,0,0,0,0,0,0,0,0,0,0,0,0,0,0,0,0,0,-5,-1,-18,-2,-18,-2,-19,-3,-20,-3,-21,-3,-21,-4,-22,-5,-22,-6,-23,-6,-23,-6,-23,-7,-23,-8,-23,-8,-23,-8,-24,-8,-24,-8,-24,-8,-23,-8,-23,-7,-24,-6,-24,-6,-24,-6,-24,-7,-24,-6,-24,-6,-25,-6"
59.35541915893555,840,"CSI,1973,128,83,49,21,0,10,-10,4,-13,1,-16,-2,-18,-4,-20,-7,-21,-9,-25,-9,-31,-9,-31,-9,-28,-7,-25,-4,-20,-1,-19,0,-20,-2,-18,-3,-14,-2,-11,-3,-8,-6,-7,-9,-7,-9,-6,-9,-4,-10,-2,-12,0,-13,-1,-4,-1,0,0,0,0,0,0,0,0,0,0,0,0,0,0,0,0,0,0,2,0,10,4,11,4,12,5,12,6,10,8,8,8,8,7,7,6,6,6,7,4,7,0,8,-4,9,-8,8,-9,11,-12,15,-15,16,-16,21,-15,27,-16,31,-14,32,-11,33,-8,33,-8,30,-10,24,-8,17,-5"
59.39668798446655,841,"CSI,3039,128,101,81,22,0,11,16,11,16,12,15,11,14,11,14,12,14,12,14,12,14,12,13,13,13,13,13,12,13,12,13,12,13,12,13,11,13,11,13,10,13,10,13,9,12,8,11,8,11,7,11,7,11,6,11,1,2,0,0,0,0,0,0,0,0,0,0,0,0,0,0,0,0,0,0,2,2,9,9,9,10,9,10,9,11,9,12,10,13,10,14,10,14,10,15,9,15,9,15,9,16,9,17,9,17,9,17,9,16,10,16,10,16,10,16,10,15,10,15,11,16,11,16,11,16,12,16,12,16"
59.50819706916809,842,"CSI,3040,128,101,81,22,0,-22,13,-21,13,-21,13,-21,13,-21,14,-20,14,-19,14,-19,14,-19,14,-18,14,-18,14,-18,15,-18,14,-18,14,-18,13,-18,13,-17,13,-16,12,-16,11,-16,11,-16,10,-15,9,-15,9,-14,8,-14,7,-4,1,0,0,0,0,0,0,0,0,0,0,0,0,0,0,0,0,0,0,-4,2,-14,11,-14,11,-15,11,-16,11,-17,11,-18,11,-18,12,-19,12,-21,12,-22,12,-22,11,-21,11,-22,11,-22,11,-22,11,-23,11,-22,11,-22,11,-22,12,-23,12,-22,12,-22,13,-21,12,-22,12,-23,12,-24,12"
59.53854990005493,843,"CSI,1980,128,83,49,21,0,-7,9,-1,8,4,5,12,4,19,5,23,9,24,12,26,12,25,11,23,9,19,9,16,9,14,10,14,9,12,5,8,4,6,3,5,0,4,-3,5,-4,7,-5,6,-6,3,-9,1,-10,1,-9,0,-3,0,0,0,0,0,0,0,0,0,0,0,0,0,0,0,0,0,0,-2,-1,-7,-5,-8,-7,-11,-8,-12,-11,-10,-13,-6,-12,-5,-10,-6,-8,-5,-5,-2,-2,-3,0,-5,3,-5,7,-6,11,-7,12,-9,14,-11,17,-15,18,-20,19,-22,21,-21,21,-22,19,-24,20,-26,18,-22,16,-15,14"
59.62454319000244,844,"CSI,1985,128,83,49,21,0,-4,-3,-7,-4,-8,-10,-10,-16,-13,-20,-15,-22,-15,-24,-13,-27,-13,-22,-14,-16,-13,-13,-12,-10,-10,-9,-8,-10,-6,-7,-6,-3,-7,-1,-6,0,-4,1,-2,2,-1,4,0,6,0,6,0,5,2,6,0,1,0,0,0,0,0,0,0,0,0,0,0,0,0,0,0,0,0,0,-3,1,-9,5,-10,3,-11,1,-11,-3,-10,-3,-9,-2,-8,-1,-8,1,-6,1,-3,-1,2,0,6,1,10,1,11,-1,12,0,17,3,20,6,22,9,25,10,26,11,24,10,23,9,23,10,22,11,17,6,12,0"
59.65576791763306,845,"CSI,3041,128,101,81,22,0,-4,12,-4,12,-4,12,-4,12,-4,12,-4,12,-3,12,-2,12,-2,12,-2,12,-2,12,-2,12,-2,12,-2,12,-2,12,-2,12,-2,12,-2,11,-3,11,-3,10,-3,10,-3,10,-3,9,-3,9,-3,8,-1,2,0,0,0,0,0,0,0,0,0,0,0,0,0,0,0,0,0,0,-1,2,-3,8,-3,8,-3,9,-4,9,-4,9,-4,10,-4,10,-5,10,-5,11,-6,11,-6,11,-6,11,-6,11,-6,11,-6,11,-6,11,-6,11,-6,11,-6,11,-6,12,-5,12,-5,12,-4,12,-5,12,-5,12,-5,11"
59.72705101966858,846,"CSI,1989,128,83,49,21,0,-7,-7,-8,-1,-9,4,-10,7,-10,11,-13,14,-20,15,-24,18,-21,20,-17,20,-15,16,-14,13,-14,11,-12,11,-10,9,-8,6,-6,6,-1,7,2,6,4,6,6,5,7,4,8,4,9,3,9,0,2,-1,0,0,0,0,0,0,0,0,0,0,0,0,0,0,0,0,0,0,0,-1,4,-3,7,-3,10,-2,10,-1,8,0,7,0,7,0,8,0,8,2,6,1,2,-1,-2,-2,-4,-4,-6,-5,-9,-10,-12,-15,-12,-17,-13,-20,-15,-22,-17,-24,-16,-27,-14,-31,-12,-30,-11,-26,-11,-24,-10,-23"
59.760430097579956,847,"CSI,3042,128,101,81,22,0,-14,2,-14,2,-14,2,-14,2,-14,3,-14,3,-14,3,-13,3,-13,3,-13,3,-13,3,-13,3,-13,3,-14,4,-14,4,-14,3,-13,3,-13,2,-13,2,-12,2,-12,2,-12,2,-11,1,-11,1,-11,0,-3,0,0,0,0,0,0,0,0,0,0,0,0,0,0,0,0,0,0,0,-3,0,-10,1,-10,1,-10,1,-11,1,-11,1,-12,0,-12,0,-12,0,-13,0,-13,0,-13,-1,-13,-1,-13,-1,-13,-1,-13,-1,-14,-1,-14,-1,-14,0,-14,0,-14,1,-14,1,-14,1,-14,1,-14,1,-14,1,-14,2"
59.7935950756073,848,"CSI,2628,128,83,49,21,0,-12,9,-13,8,-13,8,-14,8,-14,8,-16,8,-13,2,-10,-3,-11,-2,-12,1,-11,2,-8,4,-5,5,-4,4,-3,5,-3,6,-4,4,-5,5,-5,6,-3,5,-1,4,-2,4,-4,3,-5,2,-5,1,-2,0,0,0,0,0,0,0,0,0,0,0,0,0,0,0,0,0,0,0,-2,-2,-6,-6,-5,-5,-4,-5,-4,-5,-3,-4,-1,-3,-1,-2,-1,-1,-2,0,-5,2,-8,2,-8,0,-10,1,-13,2,-13,1,-12,-1,-14,-3,-14,-4,-13,-4,-14,-3,-14,-2,-12,-2,-11,-2,-10,4,-8,7,-4,4"
59.82422709465027,849,"CSI,3387,128,-118,32,8,0,-7,7,-7,5,-8,4,-9,4,-11,3,-12,4,-13,5,-13,6,-13,6,-12,7,-12,8,-11,8,-10,8,-9,7,-8,6,-8,5,-7,3,-7,2,-7,0,-7,-2,-8,-3,-8,-4,-8,-5,-8,-6,-8,-6,-2,-2,0,0,0,0,0,0,0,0,0,0,0,0,0,0,0,0,0,0,0,2,0,8,-1,8,-2,9,-3,10,-3,10,-3,11,-3,11,-3,10,-3,10,-4,9,-4,8,-4,7,-5,6,-6,5,-7,4,-9,4,-10,5,-11,5,-13,6,-13,8,-13,9,-12,11,-11,12,-10,12,-9,11,-8,11"
59.86025595664978,850,"CSI,3388,128,-98,96,9,0,9,-16,10,-14,12,-12,14,-11,17,-11,19,-12,20,-14,19,-16,19,-17,18,-19,16,-20,15,-21,14,-20,12,-18,11,-15,10,-12,10,-9,11,-7,11,-4,12,-1,13,1,14,2,15,4,15,5,15,6,4,1,0,0,0,0,0,0,0,0,0,0,0,0,0,0,0,0,0,0,-1,-4,-3,-15,-2,-17,-1,-18,0,-20,1,-20,1,-21,1,-22,2,-21,2,-19,3,-18,3,-17,4,-16,6,-14,8,-13,11,-12,13,-11,15,-12,17,-14,19,-17,20,-19,19,-22,17,-24,15,-26,12,-26,10,-25,9,-24"
59.893563985824585,851,"CSI,1993,128,83,49,21,0,6,-13,2,-14,-4,-16,-8,-15,-12,-11,-17,-10,-20,-10,-17,-8,-15,-10,-14,-12,-13,-13,-11,-15,-10,-13,-10,-9,-10,-7,-12,-7,-12,-7,-8,-5,-6,-4,-6,-2,-6,0,-6,1,-7,1,-8,1,-8,2,-2,0,0,0,0,0,0,0,0,0,0,0,0,0,0,0,0,0,0,0,2,-3,10,-8,9,-6,10,-3,12,-1,13,-2,11,-1,8,1,6,2,6,2,4,2,2,-1,1,-4,0,-4,0,-6,0,-11,1,-16,3,-18,3,-21,3,-24,5,-27,9,-30,12,-31,11,-26,9,-22,9,-21,11,-21"
59.92692017555237,852,"CSI,3043,128,101,81,22,0,-24,0,-24,1,-24,1,-24,2,-24,3,-24,3,-23,3,-23,3,-23,3,-23,3,-22,3,-22,4,-22,4,-22,4,-22,4,-22,3,-21,3,-20,2,-19,2,-19,2,-18,2,-18,1,-17,1,-17,0,-16,0,-4,-1,0,0,0,0,0,0,0,0,0,0,0,0,0,0,0,0,0,0,-5,0,-18,3,-19,3,-20,2,-21,2,-22,2,-22,1,-23,1,-24,0,-25,0,-25,0,-25,-1,-25,-2,-25,-3,-25,-2,-25,-2,-25,-2,-25,-2,-25,-2,-25,-1,-26,0,-25,0,-25,0,-25,-1,-25,0,-26,0,-27,0"
59.957648038864136,853,"CSI,1997,128,83,49,21,0,-5,-11,-4,-7,-6,-1,-10,4,-12,8,-13,12,-12,12,-10,11,-12,13,-16,15,-16,13,-16,14,-15,14,-14,12,-11,10,-8,9,-6,7,-3,5,0,6,2,8,3,8,5,5,6,4,6,3,5,0,1,-1,0,0,0,0,0,0,0,0,0,0,0,0,0,0,0,0,0,0,2,-1,9,-3,9,-3,11,-1,13,1,13,2,12,3,10,3,11,2,11,3,8,2,6,-1,4,-2,-1,-4,-5,-8,-7,-12,-7,-17,-8,-19,-10,-19,-10,-23,-10,-28,-9,-30,-6,-29,-5,-29,-5,-28,-5,-25,-5,-21"
59.990890979766846,854,"CSI,3044,128,101,81,22,0,-25,2,-25,3,-25,3,-25,4,-24,5,-24,5,-23,5,-23,5,-23,5,-22,5,-22,5,-22,6,-21,6,-22,6,-22,6,-21,6,-20,5,-20,4,-19,3,-18,4,-17,4,-17,3,-16,3,-16,2,-15,2,-4,0,0,0,0,0,0,0,0,0,0,0,0,0,0,0,0,0,0,0,-5,1,-20,4,-21,4,-21,3,-22,3,-23,3,-24,2,-25,2,-25,1,-26,1,-27,1,-27,0,-27,0,-26,-1,-26,-1,-27,-1,-27,0,-27,0,-26,0,-27,1,-27,2,-27,2,-26,1,-26,1,-26,2,-27,2,-28,3"
60.03189396858215,855,"CSI,2000,128,83,49,21,0,11,4,9,-2,8,-10,6,-14,3,-18,3,-23,3,-27,4,-30,5,-27,8,-22,10,-20,8,-20,6,-18,7,-15,7,-13,5,-12,3,-9,1,-6,0,-6,-3,-6,-7,-5,-8,-3,-7,-1,-7,-2,-10,-1,-3,0,0,0,0,0,0,0,0,0,0,0,0,0,0,0,0,0,0,0,-1,3,-4,12,-5,10,-5,9,-6,9,-6,8,-6,9,-8,9,-8,8,-6,5,-2,5,1,5,3,5,5,4,8,4,12,6,15,8,16,11,18,16,21,18,24,17,24,16,23,16,21,18,18,16,15,18,15,21"
60.072057008743286,856,"CSI,3045,128,101,81,22,0,20,18,20,17,21,17,21,15,20,15,21,14,21,14,22,14,21,13,21,13,21,13,21,13,21,12,21,12,21,12,20,12,19,13,18,13,17,12,16,11,16,10,15,10,14,10,13,10,12,11,3,2,0,0,0,0,0,0,0,0,0,0,0,0,0,0,0,0,0,0,4,2,20,11,20,12,20,13,20,14,21,16,21,17,21,18,22,19,22,20,21,20,20,21,20,23,20,23,20,22,20,22,20,22,19,22,19,21,20,20,20,19,20,19,20,19,21,19,21,19,21,19,22,19"
60.11395502090454,857,"CSI,315,128,-117,-78,40,0,-5,-22,-5,-22,-5,-21,-5,-21,-5,-20,-6,-20,-7,-21,-7,-21,-7,-20,-7,-20,-7,-20,-7,-20,-7,-19,-7,-19,-7,-19,-6,-19,-6,-19,-5,-18,-5,-17,-4,-16,-4,-16,-4,-15,-3,-14,-3,-14,-3,-14,-1,-4,0,0,0,0,0,0,0,0,0,0,0,0,0,0,0,0,0,0,-2,-5,-7,-17,-7,-18,-7,-19,-7,-19,-7,-20,-6,-21,-6,-22,-6,-23,-5,-23,-4,-24,-4,-24,-3,-24,-3,-25,-3,-25,-3,-24,-3,-24,-3,-24,-3,-24,-3,-23,-4,-23,-4,-23,-4,-23,-5,-23,-5,-23,-5,-23,-5,-24"
60.15011501312256,858,"CSI,3703,128,-5,-79,31,0,-5,-22,-5,-22,-6,-22,-5,-21,-5,-20,-5,-20,-6,-20,-7,-20,-7,-20,-7,-20,-8,-20,-8,-20,-7,-19,-7,-19,-7,-18,-6,-18,-6,-19,-6,-18,-5,-17,-5,-16,-4,-15,-4,-15,-4,-14,-3,-14,-3,-14,-1,-4,0,0,0,0,0,0,0,0,0,0,0,0,0,0,0,0,0,0,-2,-5,-7,-17,-6,-18,-6,-19,-6,-20,-6,-21,-5,-21,-5,-23,-5,-23,-4,-23,-3,-24,-3,-24,-3,-25,-3,-25,-2,-25,-2,-24,-3,-24,-3,-24,-3,-24,-3,-23,-3,-23,-3,-23,-4,-23,-4,-23,-4,-23,-4,-23,-5,-24"
60.17829489707947,859,"CSI,3046,128,101,81,22,0,6,24,7,23,7,23,7,22,7,22,8,21,9,21,9,22,9,21,9,21,9,21,8,21,9,20,9,20,8,20,7,20,7,20,7,19,6,18,6,17,5,16,4,16,4,15,3,15,3,15,0,3,0,0,0,0,0,0,0,0,0,0,0,0,0,0,0,0,0,0,2,4,9,16,8,17,8,18,8,19,8,20,8,21,8,22,8,23,7,23,6,24,5,24,5,25,5,25,5,25,5,25,5,25,5,25,5,24,5,24,6,23,6,24,6,24,7,24,6,24,6,24,7,25"
60.23815107345581,860,"CSI,2009,128,83,49,21,0,-10,2,-9,5,-9,8,-11,11,-11,13,-9,15,-10,18,-14,22,-16,20,-15,16,-14,12,-12,8,-12,6,-10,7,-8,8,-8,6,-6,5,-3,7,-2,8,-1,7,-2,5,-3,3,-1,2,1,3,3,6,1,1,0,0,0,0,0,0,0,0,0,0,0,0,0,0,0,0,0,0,-3,-1,-10,-5,-8,-6,-6,-5,-5,-4,-6,-5,-7,-4,-8,-3,-6,-2,-8,0,-9,1,-9,1,-11,1,-12,2,-13,2,-16,1,-19,1,-20,1,-23,2,-25,3,-25,2,-24,-1,-24,-4,-23,-5,-22,-2,-24,0,-25,3"
60.293302059173584,861,"CSI,3047,128,101,81,22,0,11,21,12,21,13,20,13,19,13,19,13,18,14,18,14,19,14,19,14,19,14,19,14,18,14,18,14,18,14,18,13,18,13,18,12,18,12,17,11,16,10,15,10,15,9,15,8,15,8,14,1,3,0,0,0,0,0,0,0,0,0,0,0,0,0,0,0,0,0,0,2,2,11,11,10,12,10,13,10,14,11,15,11,16,11,17,11,18,11,18,10,19,10,20,10,21,10,21,10,21,10,21,10,21,10,21,10,21,10,20,11,20,11,20,12,21,12,21,12,21,12,21,13,22"
60.323736906051636,862,"CSI,2648,128,83,49,21,0,7,-18,8,-20,7,-17,7,-15,8,-17,6,-18,5,-13,8,-8,6,-9,2,-11,-1,-7,-3,-3,-4,-1,-5,1,-6,1,-7,-1,-11,-1,-11,-2,-8,-2,-7,1,-7,0,-5,-3,-4,-2,-4,1,-4,1,-1,-1,0,0,0,0,0,0,0,0,0,0,0,0,0,0,0,0,0,0,-3,0,-9,1,-8,0,-9,-1,-7,-3,-5,-4,-4,-3,-5,-2,-2,-1,0,-1,0,-1,3,2,7,6,7,9,7,10,7,12,4,14,5,14,7,12,6,10,5,7,6,6,6,6,4,4,4,-1,4,-3,3,-5"
60.35295605659485,863,"CSI,2013,128,83,49,21,0,2,-5,-1,-8,0,-10,-1,-14,-2,-20,-2,-23,0,-25,3,-26,3,-26,2,-23,1,-20,-1,-19,-2,-19,0,-17,0,-13,-1,-10,-4,-9,-7,-7,-7,-4,-5,-2,-6,-2,-7,0,-8,2,-9,3,-10,3,-3,0,0,0,0,0,0,0,0,0,0,0,0,0,0,0,0,0,0,0,0,2,1,10,-1,11,0,10,0,8,-2,7,-3,9,-3,7,-3,2,-1,-1,3,-1,7,-2,8,0,10,1,14,1,18,0,22,0,23,0,22,2,23,4,25,3,24,2,22,2,22,2,21,4,19,4,20,2"
60.40719294548035,864,"CSI,3048,128,101,81,22,0,13,-22,12,-22,12,-22,12,-22,12,-22,11,-22,10,-22,10,-22,10,-22,9,-23,9,-23,9,-22,9,-22,10,-22,10,-21,10,-21,10,-21,9,-20,9,-19,10,-18,10,-17,10,-16,10,-15,10,-15,9,-14,2,-4,0,0,0,0,0,0,0,0,0,0,0,0,0,0,0,0,0,0,1,-4,6,-16,6,-17,7,-18,8,-18,9,-19,9,-19,9,-20,10,-21,12,-21,13,-21,14,-21,14,-21,14,-21,14,-21,15,-21,14,-21,14,-21,14,-21,15,-21,15,-21,14,-22,13,-22,13,-22,14,-22,14,-22,14,-23"
60.441556215286255,865,"CSI,2016,128,83,49,21,0,-10,4,-4,7,3,10,8,12,8,15,9,17,9,19,6,21,5,21,7,19,8,18,9,18,9,17,7,15,6,12,8,8,10,7,11,5,11,2,9,0,8,-1,7,-2,5,-3,5,-2,6,-5,1,-2,0,0,0,0,0,0,0,0,0,0,0,0,0,0,0,0,0,0,-2,-2,-7,-6,-6,-9,-6,-11,-4,-12,-3,-14,-1,-13,0,-11,0,-11,-1,-8,-2,-3,-4,1,-6,2,-7,2,-10,6,-12,8,-16,7,-18,7,-20,7,-23,8,-25,11,-26,10,-28,6,-29,4,-26,3,-22,4,-20,5"
60.50178289413452,866,"CSI,2656,128,83,49,21,0,13,-10,13,-7,16,-3,15,-3,12,-3,12,-3,11,-4,6,-3,5,0,5,1,5,2,4,1,2,-2,1,-4,3,-5,3,-5,1,-5,-1,-5,0,-6,2,-7,0,-6,-1,-7,0,-6,1,-4,2,-1,0,0,0,0,0,0,0,0,0,0,0,0,0,0,0,0,0,0,0,0,-1,2,-3,8,-4,7,-5,7,-5,6,-4,3,-3,1,-2,2,0,0,1,-1,2,0,3,2,6,4,10,6,13,8,14,8,12,7,11,9,12,11,12,10,9,9,6,8,5,5,5,3,5,1,6,0,7,-1"
60.53534984588623,867,"CSI,3049,128,101,81,22,0,-13,13,-12,14,-12,14,-12,13,-12,13,-12,14,-11,14,-10,14,-10,14,-10,14,-9,14,-9,14,-9,14,-10,14,-10,14,-10,14,-9,13,-9,12,-9,12,-9,11,-9,11,-9,10,-8,10,-8,9,-8,9,-2,2,0,0,0,0,0,0,0,0,0,0,0,0,0,0,0,0,0,0,-2,2,-9,11,-9,12,-10,12,-11,12,-11,12,-11,13,-12,13,-13,13,-14,13,-15,13,-15,13,-15,13,-15,13,-15,13,-15,13,-15,12,-15,13,-15,13,-15,13,-15,13,-14,13,-14,13,-13,13,-13,13,-14,13,-14,14"
60.56867289543152,868,"CSI,2021,128,83,49,21,0,-11,-1,-9,1,-8,6,-7,14,-7,18,-10,17,-14,18,-16,22,-14,22,-12,18,-11,13,-11,8,-11,8,-10,9,-8,9,-6,8,-5,8,-4,7,-1,7,1,7,1,8,1,8,1,7,1,8,1,9,0,2,0,0,0,0,0,0,0,0,0,0,0,0,0,0,0,0,0,0,-2,-1,-8,-4,-7,-7,-7,-8,-6,-7,-5,-6,-4,-7,-3,-7,-2,-6,-2,-6,-3,-6,-5,-4,-8,-1,-11,1,-12,1,-14,0,-17,-1,-19,-1,-23,-2,-22,-4,-19,-7,-22,-10,-25,-11,-23,-10,-21,-12,-19,-11,-15,-6"
60.6070601940155,869,"CSI,2659,128,83,49,21,0,-19,1,-20,2,-18,-2,-18,-5,-20,-1,-21,1,-19,-4,-13,-7,-11,-5,-11,-3,-9,-1,-4,3,-1,5,-2,6,-3,8,-1,9,-2,8,-2,7,-1,8,-1,8,-1,6,1,5,1,4,-1,3,-3,2,-1,0,0,0,0,0,0,0,0,0,0,0,0,0,0,0,0,0,0,0,1,0,5,0,5,-2,4,-3,4,0,4,2,4,2,4,0,2,-2,2,-2,1,-1,1,-1,0,-4,-3,-8,-5,-10,-5,-10,-3,-10,-1,-13,1,-17,1,-17,1,-14,0,-12,-1,-10,-3,-7,-3,-6,-5,-6,-9,-5"
60.6349081993103,870,"CSI,3050,128,101,81,22,0,2,25,3,25,3,25,3,24,3,23,3,23,4,23,5,23,5,23,5,23,6,22,6,22,5,22,5,21,5,21,4,21,4,20,4,20,3,19,2,18,2,17,2,16,2,16,1,15,1,14,0,3,0,0,0,0,0,0,0,0,0,0,0,0,0,0,0,0,0,0,1,4,4,19,4,19,3,21,3,21,3,22,3,23,3,24,2,25,1,26,0,26,0,26,0,27,0,27,0,27,-1,27,-1,26,0,27,0,26,0,26,0,26,0,26,1,26,2,26,2,26,2,26,2,27"
60.66667318344116,871,"CSI,2025,128,83,49,21,0,-4,-12,-4,-7,-7,-4,-10,-2,-13,2,-19,6,-22,10,-19,11,-19,5,-22,1,-23,0,-22,-1,-22,-1,-19,1,-17,0,-16,-1,-14,0,-11,2,-9,3,-9,6,-8,8,-4,8,-1,8,-1,9,-1,6,0,1,0,0,0,0,0,0,0,0,0,0,0,0,0,0,0,0,0,0,0,-2,-1,-8,0,-9,2,-11,4,-12,5,-10,5,-9,6,-8,8,-7,8,-5,5,-5,3,-5,0,-4,-3,-2,-6,-6,-8,-11,-8,-13,-10,-15,-10,-16,-11,-19,-11,-23,-11,-24,-9,-24,-6,-25,-7,-26,-8,-25,-8,-25"
60.754384994506836,872,"CSI,3051,128,101,81,22,0,-18,-20,-19,-20,-19,-19,-19,-19,-19,-18,-19,-17,-19,-18,-20,-18,-20,-18,-20,-18,-20,-17,-20,-17,-20,-17,-20,-16,-20,-16,-19,-17,-18,-18,-17,-18,-17,-17,-16,-16,-15,-15,-14,-15,-13,-15,-13,-15,-12,-15,-3,-4,0,0,0,0,0,0,0,0,0,0,0,0,0,0,0,0,0,0,-4,-3,-15,-10,-15,-11,-15,-12,-16,-13,-16,-13,-17,-15,-17,-16,-17,-17,-17,-17,-17,-18,-17,-19,-17,-20,-17,-20,-17,-20,-17,-20,-17,-20,-17,-21,-17,-20,-17,-20,-18,-19,-18,-19,-18,-20,-19,-20,-19,-20,-19,-20,-20,-20"
60.782366037368774,873,"CSI,2029,128,83,49,21,0,1,16,5,14,7,12,8,12,10,15,11,17,13,14,14,9,13,10,11,15,8,17,7,15,5,13,4,9,5,8,8,7,9,4,9,3,10,4,10,4,8,4,9,3,11,2,10,2,8,3,2,1,0,0,0,0,0,0,0,0,0,0,0,0,0,0,0,0,0,0,-2,3,-9,10,-11,8,-12,8,-12,7,-11,5,-8,2,-7,1,-7,3,-8,4,-7,4,-5,6,-2,9,-1,11,-4,13,-6,16,-7,19,-7,22,-7,22,-7,21,-11,23,-15,24,-15,25,-14,22,-15,19,-14,17,-12,16"
60.813599824905396,874,"CSI,2668,128,83,49,21,0,16,-13,14,-15,17,-17,22,-18,19,-15,17,-12,15,-8,9,-3,10,-3,10,-4,6,-4,3,-4,0,-6,-3,-7,-4,-8,-5,-9,-5,-9,-2,-11,-1,-12,-2,-13,-2,-13,-1,-11,-1,-8,-3,-6,-4,-3,-1,-1,0,0,0,0,0,0,0,0,0,0,0,0,0,0,0,0,0,0,-2,1,-5,7,-5,7,-5,5,-6,4,-6,5,-5,6,-5,3,-2,0,4,2,6,4,7,3,10,3,11,5,11,8,11,11,13,11,14,13,11,15,9,16,9,14,8,10,6,6,7,5,10,3,12,-4,12,-11"
60.85083508491516,875,"CSI,2032,128,83,49,21,0,3,2,7,0,10,-3,12,-3,15,0,16,2,17,5,21,9,23,5,19,1,15,1,12,0,10,0,10,2,9,3,6,1,3,1,0,0,-2,-2,-4,-3,-4,-4,-5,-5,-7,-4,-9,-4,-11,-5,-3,-2,0,0,0,0,0,0,0,0,0,0,0,0,0,0,0,0,0,0,1,-2,6,-7,5,-6,4,-4,2,-3,-1,-2,-3,-1,-4,1,-5,3,-4,4,-5,6,-9,5,-11,4,-14,4,-17,3,-17,4,-18,4,-19,3,-18,3,-18,2,-18,1,-18,-2,-16,-3,-13,-1,-12,2,-10,4,-8,4"
60.8829460144043,876,"CSI,3052,128,101,81,22,0,-8,12,-8,12,-8,12,-8,12,-8,12,-7,12,-7,12,-6,12,-6,12,-6,13,-6,13,-6,12,-6,12,-6,12,-6,12,-7,12,-6,12,-6,11,-6,10,-6,10,-6,9,-6,9,-6,9,-6,8,-6,7,-2,1,0,0,0,0,0,0,0,0,0,0,0,0,0,0,0,0,0,0,-1,2,-4,9,-5,9,-5,9,-6,10,-6,10,-6,10,-6,11,-7,11,-8,11,-8,11,-8,11,-8,11,-8,11,-9,11,-9,11,-9,11,-9,11,-9,11,-9,11,-9,12,-9,12,-8,12,-8,12,-8,12,-8,12,-8,13"
60.95580506324768,877,"CSI,2036,128,83,49,21,0,0,5,0,6,-1,9,-4,13,-7,14,-9,13,-6,14,-1,16,-1,16,-4,13,-6,11,-7,8,-6,5,-6,2,-7,0,-6,1,-3,0,-3,-4,-2,-8,-2,-8,-3,-7,-3,-8,-3,-11,-3,-11,-4,-10,-1,-3,0,0,0,0,0,0,0,0,0,0,0,0,0,0,0,0,0,0,-2,1,-6,5,-7,5,-8,5,-9,6,-7,7,-5,7,-3,6,1,4,2,2,3,-1,4,-2,8,-3,11,-5,12,-9,12,-10,14,-13,14,-15,12,-14,11,-13,12,-15,14,-16,14,-14,13,-10,9,-7,7,-5,6,-3"
60.98660111427307,878,"CSI,3053,128,101,81,22,0,13,-5,13,-5,13,-5,13,-5,13,-5,13,-6,12,-6,12,-6,12,-6,12,-6,11,-6,11,-6,11,-6,12,-6,12,-6,12,-6,11,-5,11,-5,10,-4,10,-4,10,-4,9,-4,9,-4,9,-3,8,-3,2,-1,0,0,0,0,0,0,0,0,0,0,0,0,0,0,0,0,0,0,2,-2,9,-5,9,-4,10,-4,10,-4,11,-4,11,-4,12,-4,12,-4,13,-4,13,-4,13,-3,13,-3,13,-3,13,-3,13,-3,13,-3,13,-3,13,-3,14,-4,14,-4,14,-4,13,-4,13,-4,13,-4,14,-4,14,-4"
61.0580620765686,879,"CSI,2040,128,83,49,21,0,3,-2,0,-4,-3,-8,-5,-11,-5,-13,-4,-16,-2,-18,2,-18,2,-18,-2,-19,-4,-19,-3,-16,-4,-14,-4,-13,-3,-13,-3,-11,-2,-8,-4,-5,-5,-3,-5,-2,-6,-2,-8,-1,-6,2,-3,3,-2,3,-1,0,0,0,0,0,0,0,0,0,0,0,0,0,0,0,0,0,0,0,-1,1,-1,4,-2,4,-2,4,-1,4,-1,4,-3,3,-3,4,-2,3,-1,3,-1,1,0,-2,3,-4,7,-2,10,0,11,0,13,2,15,4,16,2,18,2,20,4,20,3,19,3,17,5,16,6,14,4,13,4"
61.09353423118591,880,"CSI,3054,128,101,81,22,0,-24,-7,-24,-7,-24,-7,-25,-6,-24,-5,-25,-5,-25,-5,-25,-5,-25,-5,-25,-5,-26,-5,-26,-4,-26,-4,-26,-4,-26,-4,-26,-5,-25,-6,-25,-7,-24,-7,-23,-6,-23,-6,-22,-7,-21,-7,-20,-8,-20,-8,-5,-2,0,0,0,0,0,0,0,0,0,0,0,0,0,0,0,0,0,0,-4,-1,-15,-2,-15,-3,-15,-4,-16,-4,-17,-4,-17,-5,-18,-6,-19,-6,-19,-6,-20,-7,-19,-8,-19,-9,-19,-9,-20,-9,-20,-9,-21,-9,-21,-9,-21,-9,-21,-8,-22,-7,-22,-7,-22,-7,-22,-8,-23,-8,-24,-7,-25,-7"
61.16160702705383,881,"CSI,326,128,-117,-78,40,0,-13,21,-13,21,-12,21,-12,21,-12,21,-12,21,-11,21,-10,21,-10,22,-10,22,-10,22,-10,22,-10,22,-10,21,-10,21,-11,21,-10,20,-10,19,-10,18,-11,17,-10,16,-10,16,-10,15,-10,14,-10,14,-3,3,0,0,0,0,0,0,0,0,0,0,0,0,0,0,0,0,0,0,-2,3,-6,14,-7,14,-7,15,-8,15,-9,16,-9,17,-9,17,-10,18,-11,18,-12,18,-13,18,-12,19,-13,19,-13,19,-13,19,-14,19,-13,19,-13,19,-14,19,-14,19,-13,20,-13,20,-12,20,-13,20,-14,21,-14,21"
61.19489097595215,882,"CSI,3705,128,122,-96,7,0,-18,7,-18,7,-18,8,-18,8,-18,8,-18,9,-17,9,-17,9,-17,9,-16,9,-16,9,-16,9,-16,9,-17,9,-17,8,-17,8,-16,8,-15,7,-15,7,-15,6,-14,6,-14,5,-14,5,-13,4,-13,4,-4,1,0,0,0,0,0,0,0,0,0,0,0,0,0,0,0,0,0,0,-3,1,-12,6,-12,6,-12,6,-13,7,-14,7,-14,7,-15,7,-16,7,-16,7,-17,7,-17,6,-17,6,-18,6,-18,6,-18,6,-18,6,-18,6,-18,6,-18,7,-19,7,-18,7,-18,7,-18,7,-18,7,-19,8,-20,8"
61.225653886795044,883,"CSI,3055,128,101,81,22,0,21,-5,21,-5,21,-5,22,-5,21,-6,21,-6,21,-6,20,-6,20,-7,20,-7,19,-7,19,-7,19,-7,20,-7,20,-6,20,-6,19,-5,18,-4,18,-4,17,-4,16,-4,16,-4,15,-3,15,-3,14,-2,3,-1,0,0,0,0,0,0,0,0,0,0,0,0,0,0,0,0,0,0,3,-2,14,-6,14,-5,15,-5,16,-5,16,-5,17,-5,18,-4,19,-4,20,-4,20,-4,20,-4,20,-3,20,-3,21,-3,21,-3,21,-3,21,-3,21,-3,21,-4,22,-4,22,-4,22,-4,21,-4,22,-4,23,-5,23,-5"
61.258790016174316,884,"CSI,2683,128,83,49,21,0,-16,-12,-18,-12,-18,-12,-16,-12,-15,-14,-12,-13,-10,-7,-11,0,-10,0,-7,-2,-6,-3,-6,0,-5,2,-6,5,-6,7,-5,8,-3,8,-3,8,-5,9,-5,7,-6,5,-5,4,-4,5,-5,5,-4,3,-1,0,0,0,0,0,0,0,0,0,0,0,0,0,0,0,0,0,0,0,-1,0,-4,3,-2,5,-2,5,-2,2,-1,1,0,3,1,3,1,0,4,-2,6,-3,5,-7,6,-9,6,-8,7,-9,10,-10,11,-10,11,-11,11,-11,11,-9,9,-5,6,-5,4,-6,2,-6,-1,-8,-6,-9,-9,-8"
61.28937602043152,885,"CSI,2049,128,83,49,21,0,-2,14,-2,10,-4,5,-6,0,-10,-3,-15,-4,-14,-4,-10,-5,-11,-7,-13,-9,-14,-8,-15,-7,-16,-6,-15,-4,-13,-4,-11,-5,-10,-4,-8,-4,-5,-4,-2,-3,0,-3,1,-4,1,-4,2,-3,4,-5,1,-2,0,0,0,0,0,0,0,0,0,0,0,0,0,0,0,0,0,0,1,-1,6,-4,5,-4,4,-2,4,-2,3,-1,3,1,5,3,7,4,6,3,3,3,2,5,1,6,-1,6,-1,5,-3,8,-4,10,-1,9,2,11,1,14,-1,17,-3,20,-5,21,-6,21,-4,21,0,21,2,20"
61.3243191242218,886,"CSI,3056,128,101,81,22,0,-11,-11,-11,-11,-11,-10,-10,-10,-10,-9,-11,-9,-11,-9,-11,-9,-11,-9,-11,-9,-11,-9,-11,-9,-11,-9,-11,-9,-11,-9,-10,-9,-10,-9,-10,-9,-9,-9,-9,-8,-9,-8,-8,-8,-8,-8,-7,-8,-7,-8,-2,-2,0,0,0,0,0,0,0,0,0,0,0,0,0,0,0,0,0,0,-2,-1,-7,-5,-7,-5,-7,-6,-8,-6,-8,-6,-8,-7,-9,-7,-9,-8,-9,-8,-9,-9,-9,-9,-9,-10,-9,-10,-9,-10,-9,-10,-9,-10,-10,-10,-9,-10,-9,-10,-10,-10,-10,-10,-10,-10,-10,-10,-11,-10,-11,-10,-11,-9"
61.422219038009644,887,"CSI,3057,128,101,81,22,0,14,-21,13,-21,13,-21,13,-21,13,-21,13,-21,12,-21,11,-22,11,-22,10,-22,10,-22,10,-22,10,-21,10,-21,11,-20,11,-20,10,-20,10,-19,10,-18,10,-17,10,-16,9,-15,9,-15,9,-14,9,-13,2,-4,0,0,0,0,0,0,0,0,0,0,0,0,0,0,0,0,0,0,1,-4,6,-14,6,-14,7,-15,8,-15,8,-16,9,-17,9,-17,10,-18,12,-18,13,-18,13,-18,13,-19,13,-19,14,-19,14,-19,14,-19,14,-19,14,-20,14,-20,15,-20,14,-20,14,-20,13,-21,13,-21,14,-21,15,-21"
61.46703600883484,888,"CSI,2056,128,83,49,21,0,-9,5,-8,2,-6,-3,-6,-7,-7,-10,-7,-11,-8,-15,-10,-20,-9,-18,-9,-16,-8,-16,-7,-14,-8,-13,-8,-12,-7,-11,-5,-9,-4,-6,-4,-2,-1,0,1,0,2,-2,3,-4,3,-5,4,-8,3,-7,0,-2,0,0,0,0,0,0,0,0,0,0,0,0,0,0,0,0,0,0,0,1,1,6,-2,6,-4,6,-1,8,-1,8,-2,6,-4,6,-6,4,-5,-1,-3,-1,-5,1,-7,1,-7,-1,-7,-2,-9,-3,-14,-4,-15,-3,-12,0,-14,3,-18,2,-18,-2,-16,-2,-16,0,-17,3,-18,9,-18,13"
61.52440905570984,889,"CSI,3058,128,101,81,22,0,7,13,7,13,8,12,7,12,7,11,7,11,8,11,8,11,8,11,8,11,8,10,8,10,8,10,8,9,7,9,7,9,7,10,7,9,6,9,6,8,5,8,5,7,4,7,4,7,4,7,1,1,0,0,0,0,0,0,0,0,0,0,0,0,0,0,0,0,0,0,1,2,5,8,5,9,5,9,5,10,6,10,6,11,6,12,6,12,6,13,6,13,6,13,6,14,5,14,5,14,5,14,5,14,6,14,6,13,6,13,6,13,6,13,7,13,7,13,7,13,7,13,6,13"
61.56771111488342,890,"CSI,2061,128,83,49,21,0,-3,-1,-4,-5,-5,-7,-3,-10,-2,-14,-3,-13,-4,-9,-4,-8,-3,-11,-4,-13,-5,-15,-6,-15,-7,-10,-5,-7,-3,-6,-2,-7,-1,-6,-2,-2,-4,1,-1,2,2,3,4,5,6,3,6,2,6,3,1,1,0,0,0,0,0,0,0,0,0,0,0,0,0,0,0,0,0,0,1,0,6,3,5,3,4,4,4,3,5,1,3,2,-1,4,-4,3,-5,1,-5,1,-4,3,-7,4,-10,3,-10,5,-12,5,-14,4,-14,7,-15,8,-15,7,-14,9,-13,11,-12,9,-12,6,-12,6,-12,7,-12,6"
61.65220284461975,891,"CSI,3059,128,101,81,22,0,-11,-18,-11,-18,-12,-17,-12,-17,-12,-16,-12,-16,-12,-16,-13,-16,-13,-16,-13,-16,-13,-16,-12,-16,-12,-15,-12,-15,-12,-15,-11,-15,-11,-15,-10,-15,-10,-15,-9,-14,-9,-13,-8,-13,-8,-13,-7,-12,-7,-12,-2,-3,0,0,0,0,0,0,0,0,0,0,0,0,0,0,0,0,0,0,-3,-3,-10,-11,-10,-11,-10,-12,-10,-13,-10,-13,-11,-14,-11,-15,-11,-16,-11,-16,-11,-17,-10,-18,-10,-18,-10,-19,-10,-19,-10,-18,-10,-18,-11,-19,-11,-19,-10,-18,-11,-17,-11,-17,-11,-18,-12,-18,-12,-18,-12,-18,-13,-18"
61.68187403678894,892,"CSI,2064,128,83,49,21,0,-2,-8,0,-5,0,-1,1,2,1,4,3,8,7,10,13,8,14,8,13,10,12,9,12,7,12,8,10,8,8,5,7,4,5,4,4,1,3,0,0,1,-3,0,-6,-2,-7,-2,-8,0,-9,2,-2,0,0,0,0,0,0,0,0,0,0,0,0,0,0,0,0,0,0,0,-1,0,-6,3,-10,2,-11,1,-10,2,-8,1,-6,-1,-4,-3,-3,-2,-2,-2,-1,-2,-1,-3,-2,-7,-2,-11,0,-9,3,-6,5,-7,4,-10,3,-15,4,-18,5,-19,5,-19,6,-20,3,-20,1,-18,3,-17,6,-17"
61.761372089385986,893,"CSI,3060,128,101,81,22,0,-16,11,-15,11,-15,11,-16,12,-16,12,-15,12,-15,12,-15,12,-15,13,-14,13,-14,13,-14,13,-14,13,-15,13,-15,13,-15,12,-14,12,-14,11,-14,10,-14,10,-14,10,-13,9,-13,9,-13,8,-12,7,-3,1,0,0,0,0,0,0,0,0,0,0,0,0,0,0,0,0,0,0,-3,2,-9,10,-9,10,-10,10,-11,10,-11,10,-12,11,-12,11,-13,11,-14,11,-15,11,-15,11,-15,10,-15,10,-15,10,-16,10,-16,10,-16,10,-16,10,-16,10,-16,11,-16,11,-15,11,-15,11,-16,11,-17,11,-17,12"
61.790868043899536,894,"CSI,2068,128,83,49,21,0,2,-4,6,-3,9,-3,13,-3,15,-2,17,-1,17,-4,18,-9,16,-8,15,-5,16,0,14,-1,11,-3,9,-4,7,-2,7,1,4,2,1,2,-1,2,-2,2,-2,4,-1,6,-1,6,-1,7,0,8,0,2,0,0,0,0,0,0,0,0,0,0,0,0,0,0,0,0,0,0,-2,-1,-5,-1,-6,0,-7,-2,-6,-3,-5,-4,-7,-3,-8,0,-5,-1,-4,-5,-3,-6,-1,-6,0,-6,-1,-7,-1,-9,2,-12,4,-15,3,-15,1,-15,0,-16,-4,-15,-6,-16,-2,-18,-1,-18,-4,-17,-6,-16,-6,-15"
61.87283182144165,895,"CSI,3061,128,101,81,22,0,11,13,11,13,12,13,12,12,12,11,12,11,12,11,12,11,12,11,12,11,12,10,12,10,12,10,12,9,12,9,12,9,11,10,11,9,11,9,10,8,9,8,9,8,9,7,8,7,8,8,2,2,0,0,0,0,0,0,0,0,0,0,0,0,0,0,0,0,0,0,2,2,11,8,11,9,11,10,11,10,12,11,12,12,12,13,12,13,12,13,11,14,11,15,11,15,11,15,11,15,11,15,11,15,11,15,11,15,11,14,11,14,11,14,12,14,12,14,12,14,12,14,13,14"
61.9032769203186,896,"CSI,2073,128,83,49,21,0,1,-9,0,-9,-5,-7,-12,-5,-15,-4,-15,-5,-19,-9,-25,-14,-25,-12,-25,-8,-22,-8,-18,-9,-16,-10,-13,-9,-10,-6,-9,-3,-8,0,-5,2,-3,2,-3,3,-2,4,-2,4,-3,7,-2,9,-1,9,-1,2,0,0,0,0,0,0,0,0,0,0,0,0,0,0,0,0,0,0,2,1,9,4,8,5,6,5,4,5,3,5,2,4,-1,3,-2,1,-2,-1,-1,-4,1,-6,3,-9,3,-10,2,-11,4,-14,7,-15,10,-18,12,-18,14,-18,15,-18,14,-18,16,-17,17,-17,12,-17,8,-16,9,-19"
61.979758977890015,897,"CSI,2076,128,83,49,21,0,5,4,3,1,-3,-4,-5,-10,-3,-17,-1,-21,0,-20,2,-16,4,-19,3,-23,2,-22,1,-18,0,-16,-2,-14,-1,-13,-1,-10,0,-6,-1,-3,-2,-1,-1,0,0,2,-3,5,-3,7,-2,8,-4,9,-2,2,0,0,0,0,0,0,0,0,0,0,0,0,0,0,0,0,0,0,-3,0,-10,0,-12,-2,-11,-3,-10,-3,-8,-3,-6,-5,-7,-5,-5,-3,-4,-1,-2,-1,2,-1,3,1,2,4,2,7,4,11,6,14,7,16,8,17,10,18,10,19,11,18,12,19,11,19,7,18,8,18,12,19"
62.01540398597717,898,"CSI,3062,128,101,81,22,0,-24,-4,-24,-4,-24,-4,-25,-3,-24,-2,-24,-2,-24,-2,-24,-2,-25,-2,-24,-2,-24,-1,-24,-1,-24,-1,-25,0,-25,0,-24,-1,-23,-2,-22,-2,-22,-2,-21,-2,-21,-2,-20,-2,-20,-3,-19,-3,-18,-4,-5,-1,0,0,0,0,0,0,0,0,0,0,0,0,0,0,0,0,0,0,-5,-1,-18,-1,-18,-2,-19,-2,-19,-2,-20,-2,-21,-3,-21,-4,-22,-4,-23,-5,-23,-5,-23,-6,-23,-7,-23,-8,-23,-7,-23,-7,-24,-7,-23,-7,-23,-6,-24,-6,-24,-5,-24,-5,-24,-5,-24,-6,-24,-5,-25,-5,-26,-5"
62.07939600944519,899,"CSI,2081,128,83,49,21,0,1,-8,-3,-2,-7,2,-11,6,-14,9,-16,8,-17,6,-16,6,-17,6,-20,7,-20,7,-17,6,-16,4,-13,2,-9,3,-8,4,-7,4,-3,1,1,2,1,4,3,3,4,0,5,-2,8,-1,9,2,2,0,0,0,0,0,0,0,0,0,0,0,0,0,0,0,0,0,0,0,2,0,7,5,5,7,3,7,2,7,3,8,4,7,4,5,3,4,1,5,0,3,1,0,3,-4,4,-9,3,-13,3,-12,7,-13,10,-16,9,-17,11,-21,14,-25,13,-25,11,-24,11,-22,13,-20,11,-16,6,-12"
62.115742206573486,900,"CSI,3063,128,101,81,22,0,15,-20,14,-20,14,-20,15,-20,15,-20,14,-20,13,-20,12,-20,12,-21,11,-21,11,-21,11,-20,11,-20,12,-20,12,-19,12,-19,12,-18,12,-18,11,-17,12,-16,12,-15,12,-15,12,-14,11,-13,11,-12,2,-3,0,0,0,0,0,0,0,0,0,0,0,0,0,0,0,0,0,0,2,-4,10,-16,11,-16,11,-17,12,-18,13,-18,13,-18,14,-19,15,-19,16,-19,18,-19,18,-19,17,-19,18,-19,18,-18,18,-18,18,-18,17,-18,17,-19,17,-19,17,-19,17,-19,16,-19,15,-19,16,-19,17,-20,17,-20"
62.18494892120361,901,"CSI,2085,128,83,49,21,0,-12,-6,-9,-2,-4,2,-2,6,-2,11,-1,16,-2,18,-5,17,-4,18,-1,22,-1,22,-1,20,-3,19,-5,18,-4,14,0,9,1,6,1,5,3,2,6,-3,6,-3,4,-1,4,-2,6,-4,6,-5,1,-1,0,0,0,0,0,0,0,0,0,0,0,0,0,0,0,0,0,0,2,-3,8,-9,6,-8,5,-8,6,-8,7,-9,6,-9,7,-7,6,-5,6,-7,5,-9,3,-7,-1,-3,-6,-3,-10,-4,-11,-5,-12,-7,-14,-9,-15,-11,-17,-11,-21,-15,-22,-20,-22,-20,-19,-19,-18,-17,-20,-17,-21,-18"
62.22111916542053,902,"CSI,3064,128,101,81,22,0,-1,-22,-1,-21,-2,-21,-2,-21,-2,-20,-2,-20,-3,-20,-3,-20,-3,-20,-4,-20,-4,-20,-4,-19,-3,-19,-3,-18,-3,-18,-2,-18,-2,-18,-2,-17,-2,-17,-1,-16,-1,-15,-1,-14,-1,-14,0,-13,0,-13,0,-4,0,0,0,0,0,0,0,0,0,0,0,0,0,0,0,0,0,0,-1,-5,-4,-17,-4,-17,-3,-18,-3,-19,-3,-20,-3,-21,-3,-22,-2,-22,-2,-22,-1,-23,0,-23,0,-24,0,-24,0,-23,0,-23,0,-23,0,-23,0,-23,0,-23,0,-22,-1,-22,-1,-22,-1,-22,-1,-22,-1,-23,-2,-23"
62.25444293022156,903,"CSI,332,128,-117,-78,40,0,13,20,13,20,13,19,13,18,13,17,14,17,14,17,14,16,14,16,14,16,14,16,14,16,14,15,14,15,14,14,13,14,13,15,12,14,12,14,11,13,10,12,10,12,9,11,8,11,8,11,2,2,0,0,0,0,0,0,0,0,0,0,0,0,0,0,0,0,0,0,2,3,11,15,11,15,11,16,11,17,12,18,12,19,12,20,12,21,12,21,11,22,11,23,11,23,11,24,10,23,11,23,11,23,11,23,11,22,11,22,12,21,12,21,13,21,13,21,12,21,12,21,12,22"
62.293456077575684,904,"CSI,3708,128,-5,-79,31,0,-15,-12,-15,-12,-15,-12,-15,-11,-15,-10,-15,-10,-15,-10,-15,-10,-15,-10,-15,-10,-15,-10,-15,-9,-15,-9,-15,-9,-14,-8,-14,-9,-13,-9,-13,-9,-12,-9,-11,-8,-11,-8,-10,-8,-10,-7,-9,-7,-9,-8,-3,-2,0,0,0,0,0,0,0,0,0,0,0,0,0,0,0,0,0,0,-4,-2,-13,-8,-13,-9,-14,-9,-14,-10,-14,-10,-15,-11,-15,-12,-15,-13,-15,-13,-15,-13,-15,-14,-15,-15,-15,-15,-15,-15,-15,-15,-15,-15,-15,-15,-15,-14,-15,-14,-15,-13,-15,-13,-15,-13,-15,-13,-16,-13,-16,-13,-17,-13"
62.32657194137573,905,"CSI,2089,128,83,49,21,0,-5,-18,-3,-10,0,-4,0,-1,-3,4,-7,8,-13,12,-19,18,-17,21,-14,21,-15,19,-16,16,-16,13,-14,12,-13,12,-13,11,-11,7,-6,5,-2,4,-1,3,0,3,2,2,3,-1,4,-2,5,-1,1,-1,0,0,0,0,0,0,0,0,0,0,0,0,0,0,0,0,0,0,1,-1,5,-1,6,1,7,2,8,3,8,5,11,6,13,5,11,2,8,4,7,8,6,7,4,3,2,0,1,-3,1,-5,-1,-9,-3,-14,-4,-18,-5,-20,-7,-22,-6,-26,-4,-31,-4,-33,-4,-34,-2,-35,-1,-35"
62.35714387893677,906,"CSI,2357,128,77,-47,20,0,6,-19,5,-14,3,-7,0,-2,-3,1,-7,7,-15,11,-21,13,-18,15,-14,16,-15,14,-16,14,-16,12,-16,10,-15,10,-13,8,-9,7,-6,6,-5,3,-5,3,-2,2,3,-1,7,-2,7,-4,5,-6,1,-2,0,0,0,0,0,0,0,0,0,0,0,0,0,0,0,0,0,0,1,0,5,3,5,5,4,7,3,8,3,9,2,11,0,14,1,13,2,10,2,10,1,11,-1,8,1,3,4,-1,4,-3,4,-8,4,-12,5,-14,6,-19,9,-24,9,-26,9,-26,9,-28,10,-31,11,-31,9,-27"
62.387754917144775,907,"CSI,2358,128,77,-47,20,0,17,-4,12,-2,3,-3,-4,-2,-8,1,-11,3,-16,4,-23,7,-21,8,-19,8,-18,7,-16,7,-17,9,-19,9,-16,7,-12,5,-9,5,-6,5,-5,4,-4,1,0,-2,1,-3,1,-3,2,-3,2,-6,0,-3,0,0,0,0,0,0,0,0,0,0,0,0,0,0,0,0,0,0,-3,-1,-9,-4,-9,-3,-9,-2,-11,-3,-12,-4,-12,-4,-11,-4,-10,-4,-10,-4,-9,-6,-7,-5,-6,-2,-3,-1,1,-1,5,-1,11,1,17,2,19,2,22,3,24,4,28,3,30,3,28,1,25,0,24,1,25,5"
62.423980951309204,908,"CSI,3065,128,101,81,22,0,-5,-23,-5,-23,-6,-23,-5,-22,-5,-21,-6,-21,-7,-21,-7,-22,-7,-21,-7,-21,-7,-21,-7,-21,-7,-20,-7,-20,-6,-19,-6,-19,-5,-19,-5,-19,-5,-18,-4,-17,-3,-16,-3,-16,-3,-15,-2,-14,-2,-14,-1,-4,0,0,0,0,0,0,0,0,0,0,0,0,0,0,0,0,0,0,-2,-4,-6,-16,-6,-17,-6,-18,-6,-19,-6,-20,-6,-21,-6,-22,-6,-22,-5,-23,-4,-23,-4,-24,-3,-24,-3,-25,-3,-25,-3,-24,-3,-24,-4,-24,-4,-24,-3,-23,-4,-23,-4,-23,-5,-24,-5,-24,-5,-24,-5,-24,-6,-24"
62.457133054733276,909,"CSI,2359,128,77,-47,20,0,-8,5,-6,3,-3,0,2,-6,5,-11,6,-15,6,-14,5,-12,6,-11,10,-13,11,-15,10,-15,8,-14,7,-15,6,-13,3,-9,2,-6,4,-4,4,-4,2,-2,-1,0,-1,2,-2,4,-1,5,-1,7,-1,2,0,0,0,0,0,0,0,0,0,0,0,0,0,0,0,0,0,0,0,-2,1,-8,5,-9,7,-9,7,-9,5,-9,5,-7,6,-6,5,-6,4,-5,3,-5,2,-3,1,0,1,3,-1,6,-4,8,-7,8,-11,11,-12,15,-11,16,-13,16,-16,17,-18,19,-19,19,-19,19,-19,20,-19,24"
62.485013008117676,910,"CSI,2728,128,83,49,21,0,3,-15,4,-18,3,-16,4,-16,6,-16,6,-16,3,-14,1,-7,2,-5,4,-5,2,-6,-1,-5,-4,-4,-7,-3,-7,-5,-6,-5,-7,-4,-8,-2,-9,-2,-9,-4,-8,-5,-6,-5,-4,-4,-3,-2,-4,-1,-1,-1,0,0,0,0,0,0,0,0,0,0,0,0,0,0,0,0,0,0,-1,1,-1,7,0,7,-1,7,-2,6,-3,3,-2,2,1,2,3,2,2,2,3,2,5,1,6,1,7,1,8,1,8,1,11,1,15,2,14,3,11,4,9,4,7,4,6,2,5,-1,3,-3,1,-1,2,-1"
62.515679121017456,911,"CSI,2092,128,83,49,21,0,-9,3,-4,-3,0,-7,5,-9,8,-13,7,-17,11,-17,17,-18,16,-21,13,-23,12,-22,8,-20,5,-16,5,-14,5,-14,5,-11,2,-7,-2,-4,-3,-2,-2,2,-2,7,-1,8,1,7,2,8,2,9,0,2,0,0,0,0,0,0,0,0,0,0,0,0,0,0,0,0,0,0,2,-2,10,-6,10,-6,9,-5,10,-3,11,-1,10,-1,8,-2,7,-2,7,-1,5,-1,3,0,-1,2,-6,3,-8,4,-9,6,-11,9,-13,9,-16,9,-20,12,-20,14,-21,13,-21,12,-22,12,-22,12,-21,11,-20,8"
62.54891610145569,912,"CSI,3066,128,101,81,22,0,14,-5,13,-5,13,-5,13,-5,13,-5,13,-6,12,-6,12,-6,12,-6,12,-6,11,-6,11,-6,11,-6,12,-6,12,-6,12,-5,11,-5,10,-5,10,-4,10,-4,10,-4,9,-4,9,-3,9,-3,8,-3,2,-1,0,0,0,0,0,0,0,0,0,0,0,0,0,0,0,0,0,0,2,-2,9,-6,9,-6,10,-6,10,-6,11,-6,11,-6,12,-6,12,-6,13,-6,14,-6,14,-5,14,-5,14,-5,14,-5,14,-5,14,-5,14,-5,14,-5,14,-5,14,-5,14,-5,14,-5,14,-5,14,-5,15,-5,15,-6"
62.582237005233765,913,"CSI,3067,128,101,81,22,0,-23,2,-23,3,-23,3,-23,4,-23,4,-23,4,-22,4,-22,5,-22,5,-22,5,-21,5,-21,5,-21,5,-21,5,-21,5,-21,5,-20,4,-19,3,-19,3,-18,3,-18,3,-17,2,-17,2,-16,1,-16,1,-4,0,0,0,0,0,0,0,0,0,0,0,0,0,0,0,0,0,0,0,-4,1,-16,5,-16,5,-17,5,-18,5,-19,4,-19,4,-20,4,-21,3,-22,3,-23,3,-23,2,-23,1,-23,1,-23,1,-23,1,-24,1,-24,1,-23,1,-24,2,-24,2,-24,2,-24,2,-24,2,-24,2,-25,3,-25,3"
62.61309194564819,914,"CSI,2101,128,83,49,21,0,4,-12,2,-10,-3,-8,-8,-5,-12,-5,-13,-6,-16,-8,-22,-12,-24,-13,-23,-12,-21,-12,-18,-12,-13,-12,-11,-10,-11,-8,-9,-8,-5,-6,-4,-2,-3,-1,-4,2,-4,4,-2,4,0,5,-1,5,-3,4,-1,1,0,0,0,0,0,0,0,0,0,0,0,0,0,0,0,0,0,0,1,0,6,1,8,3,10,4,9,5,7,5,6,3,6,3,3,4,2,2,2,0,4,-3,2,-5,3,-8,6,-10,7,-10,7,-11,7,-15,8,-18,8,-20,10,-21,13,-20,12,-21,11,-19,13,-17,13,-20,11,-23"
62.65436887741089,915,"CSI,3068,128,101,81,22,0,5,11,5,11,5,11,5,10,5,10,6,10,6,10,6,10,6,11,6,10,6,10,6,10,6,10,6,10,6,10,6,10,6,10,6,10,5,9,5,9,4,9,4,8,4,8,3,8,3,8,0,2,0,0,0,0,0,0,0,0,0,0,0,0,0,0,0,0,0,0,1,1,4,4,4,5,4,5,4,6,4,6,5,7,5,7,5,8,5,8,4,9,4,9,4,10,4,10,4,10,4,10,4,10,4,10,4,11,4,10,4,10,5,10,5,10,5,10,5,10,5,10,5,10"
62.69538593292236,916,"CSI,2104,128,83,49,21,0,-3,-6,-4,0,-3,6,-3,9,-4,11,-5,12,-10,16,-15,19,-13,20,-11,19,-11,15,-10,13,-8,10,-8,5,-7,5,-7,6,-5,4,-1,1,0,0,2,0,5,1,4,0,3,-2,4,-2,4,0,1,0,0,0,0,0,0,0,0,0,0,0,0,0,0,0,0,0,0,0,2,-2,9,-5,9,-2,10,1,11,2,10,2,7,0,4,-1,3,-1,3,0,4,-1,1,-4,-3,-3,-4,-2,-4,-4,-6,-6,-8,-8,-8,-11,-7,-18,-10,-21,-12,-20,-11,-20,-10,-20,-11,-20,-10,-22,-10,-20,-10,-17"
62.76943516731262,917,"CSI,3069,128,101,81,22,0,-3,11,-3,11,-3,11,-3,10,-3,10,-2,10,-2,10,-2,10,-2,10,-2,10,-2,11,-2,11,-2,10,-2,10,-2,10,-2,10,-2,10,-2,9,-2,9,-3,8,-3,8,-3,7,-3,7,-3,7,-3,7,-1,1,0,0,0,0,0,0,0,0,0,0,0,0,0,0,0,0,0,0,0,2,0,9,-1,9,-1,9,-2,9,-2,9,-1,10,-2,10,-2,11,-3,11,-3,11,-3,11,-3,11,-3,11,-3,11,-3,11,-4,11,-4,11,-4,11,-4,11,-3,11,-3,11,-3,11,-3,11,-3,11,-3,11,-3,11"
62.79842400550842,918,"CSI,2109,128,83,49,21,0,8,1,2,0,1,-2,-1,-6,-4,-10,-7,-13,-7,-13,-4,-13,-5,-17,-9,-20,-9,-19,-9,-18,-8,-18,-7,-15,-5,-11,-3,-8,-3,-6,-4,-3,-3,0,-3,2,-3,2,-3,4,-2,7,0,8,1,10,0,2,0,0,0,0,0,0,0,0,0,0,0,0,0,0,0,0,0,0,-2,2,-8,7,-7,5,-8,5,-8,5,-9,5,-11,6,-9,7,-6,5,-6,1,-5,-1,-2,-1,2,-2,6,-3,10,-1,13,1,14,2,14,3,14,4,16,5,21,6,24,6,25,7,26,6,26,6,22,7,16,7"
62.85993528366089,919,"CSI,2748,128,83,49,21,0,-19,-7,-19,-9,-16,-10,-12,-10,-11,-11,-9,-11,-8,-8,-6,-2,-3,-4,-3,-8,-3,-6,-3,-4,-5,-1,-6,1,-6,0,-8,0,-10,0,-9,-3,-7,-6,-5,-5,-5,-3,-4,-2,-3,-1,-2,-2,-2,-4,-1,-2,0,0,0,0,0,0,0,0,0,0,0,0,0,0,0,0,0,0,0,-1,0,-5,0,-8,1,-9,2,-8,1,-7,-1,-5,-1,-4,0,-3,1,-3,-1,-3,-4,-4,-5,-6,-7,-8,-9,-9,-9,-10,-6,-10,-2,-10,-1,-10,-1,-11,-1,-13,-1,-11,-1,-6,-1,-5,-5,-6,-8,-4,-8,2"
62.893134117126465,920,"CSI,3070,128,101,81,22,0,5,-24,4,-24,4,-24,4,-24,4,-24,4,-24,3,-24,2,-24,2,-24,2,-24,1,-24,1,-24,2,-24,2,-23,2,-23,3,-23,3,-23,3,-22,3,-21,3,-20,3,-19,3,-18,4,-18,4,-17,4,-16,1,-4,0,0,0,0,0,0,0,0,0,0,0,0,0,0,0,0,0,0,0,-5,0,-18,0,-19,1,-20,1,-21,2,-21,2,-22,3,-23,3,-24,5,-24,6,-24,6,-24,6,-24,6,-25,7,-25,7,-24,7,-24,7,-24,7,-24,7,-24,7,-24,6,-24,6,-24,5,-24,5,-24,6,-25,5,-26"
62.92634201049805,921,"CSI,0,128,-118,32,8,0,8,-9,10,-10,11,-11,11,-12,11,-14,10,-15,9,-16,7,-16,6,-15,4,-14,4,-13,4,-11,4,-9,4,-7,5,-5,6,-3,7,-1,8,0,9,1,10,2,10,2,10,3,10,3,10,4,10,4,2,1,0,0,0,0,0,0,0,0,0,0,0,0,0,0,0,0,0,0,-3,-1,-11,-2,-11,-2,-11,-3,-10,-4,-9,-4,-8,-5,-6,-5,-5,-6,-3,-7,-1,-8,1,-10,2,-11,3,-13,3,-14,2,-15,1,-16,0,-17,-1,-17,-2,-17,-3,-16,-3,-15,-4,-14,-3,-13,-2,-11,0,-9,1,-8"
62.95686912536621,922,"CSI,0,128,-98,96,9,0,-9,8,-11,10,-11,12,-11,13,-10,14,-9,15,-8,16,-6,15,-5,14,-4,12,-4,11,-4,9,-5,7,-5,5,-7,3,-8,1,-10,0,-11,-1,-12,-1,-12,-2,-12,-2,-12,-2,-11,-2,-11,-3,-10,-3,-3,-1,0,0,0,0,0,0,0,0,0,0,0,0,0,0,0,0,0,0,2,0,10,0,11,0,11,1,10,2,10,2,9,3,8,3,6,4,4,5,2,6,0,7,-1,9,-2,11,-2,12,-2,14,-1,15,-1,16,1,16,2,16,3,16,4,14,4,13,4,12,2,10,0,8,-1,8"
62.9874210357666,923,"CSI,2113,128,83,49,21,0,-6,3,-2,5,1,8,6,11,9,12,11,12,10,12,6,15,6,16,8,15,8,15,9,13,7,10,5,8,5,4,4,-1,2,-3,2,-3,1,-4,2,-5,4,-4,3,-6,0,-7,-2,-7,-2,-8,-1,-3,0,0,0,0,0,0,0,0,0,0,0,0,0,0,0,0,0,0,0,-2,3,-9,3,-11,6,-12,8,-11,7,-9,5,-5,2,-2,0,-3,-1,-2,-3,1,-6,2,-11,1,-14,1,-15,2,-17,3,-20,3,-21,2,-23,1,-25,-2,-25,-4,-24,-3,-24,-2,-21,-3,-17,-2,-16,2,-14,4"
63.01522707939148,924,"CSI,3071,128,101,81,22,0,1,22,2,22,2,22,2,21,2,21,2,21,3,21,4,21,3,21,4,21,4,21,4,21,4,20,4,20,3,20,3,20,2,20,2,19,2,18,1,17,1,16,1,16,0,15,0,15,-1,14,-1,3,0,0,0,0,0,0,0,0,0,0,0,0,0,0,0,0,0,0,0,3,3,14,3,14,2,15,2,16,2,17,2,18,2,19,2,20,1,20,0,20,0,21,0,21,0,22,0,21,0,21,-1,21,0,21,0,21,0,21,0,21,0,21,1,22,1,22,1,22,1,22,1,23"
63.048547983169556,925,"CSI,2116,128,83,49,21,0,-10,-2,-7,3,-5,7,-5,12,-5,16,-6,17,-10,16,-13,14,-12,15,-9,15,-6,12,-3,11,-3,12,-6,10,-6,7,-2,6,0,7,-1,7,0,6,2,6,2,5,2,3,3,1,4,1,6,2,1,0,0,0,0,0,0,0,0,0,0,0,0,0,0,0,0,0,0,0,-1,-3,-4,-10,-4,-10,-2,-10,2,-11,2,-9,-1,-7,-1,-6,0,-5,-2,-6,-4,-5,-6,-6,-7,-6,-9,-1,-12,2,-12,0,-15,-3,-18,-4,-18,-4,-19,-6,-20,-7,-19,-7,-19,-9,-18,-11,-17,-10,-17,-7,-16,-6"
63.07907295227051,926,"CSI,2756,128,83,49,21,0,-10,10,-11,12,-12,12,-14,9,-15,7,-14,7,-9,5,-4,3,-5,3,-7,2,-6,2,-4,2,-3,2,-1,3,2,4,4,4,5,4,5,4,5,2,4,3,5,6,4,6,2,5,-1,5,-3,4,-1,1,0,0,0,0,0,0,0,0,0,0,0,0,0,0,0,0,0,0,1,-2,6,-6,6,-5,6,-5,5,-5,4,-3,3,-1,2,-1,2,-3,2,-3,1,-2,-2,-3,-5,-4,-5,-5,-8,-6,-10,-9,-8,-9,-6,-6,-6,-6,-6,-8,-6,-10,-5,-9,-7,-5,-9,-4,-8,-1,-6,5,-6,11"
63.1153609752655,927,"CSI,3072,128,101,81,22,0,15,-19,15,-19,15,-19,15,-19,15,-20,14,-20,13,-20,12,-21,12,-21,11,-21,11,-21,11,-22,11,-21,12,-21,12,-20,12,-20,11,-20,11,-19,11,-18,11,-17,11,-17,10,-16,10,-15,10,-14,10,-14,2,-4,0,0,0,0,0,0,0,0,0,0,0,0,0,0,0,0,0,0,2,-4,9,-13,9,-14,10,-14,11,-15,12,-15,12,-15,13,-16,14,-16,15,-16,16,-16,16,-16,16,-17,16,-17,16,-16,16,-16,16,-16,16,-17,16,-17,17,-17,17,-17,16,-18,16,-18,15,-18,15,-18,16,-18,16,-18"
63.144896030426025,928,"CSI,2360,128,77,-47,20,0,3,11,0,7,0,0,-1,-5,-2,-11,-2,-17,2,-18,6,-17,4,-21,0,-24,1,-24,1,-23,-1,-21,0,-17,1,-15,0,-12,-3,-8,-5,-5,-3,-3,-2,0,-3,1,-3,2,-3,4,-3,6,-3,7,-1,1,0,0,0,0,0,0,0,0,0,0,0,0,0,0,0,0,0,0,-2,-1,-6,-3,-7,-4,-8,-6,-7,-6,-7,-6,-9,-7,-8,-7,-6,-6,-6,-4,-4,-3,-2,-2,-1,1,0,3,3,5,2,8,2,12,4,13,6,15,8,17,9,20,8,24,8,25,7,24,9,23,10,22,9,21"
63.20874905586243,929,"CSI,2125,128,83,49,21,0,-5,15,-5,10,-3,4,-1,0,4,-4,10,-6,14,-8,18,-13,19,-16,17,-13,16,-10,16,-9,16,-9,16,-9,15,-8,10,-7,5,-5,1,-6,-1,-7,-2,-4,-3,-1,-3,0,-4,-2,-5,-1,-7,-1,-2,-1,0,0,0,0,0,0,0,0,0,0,0,0,0,0,0,0,0,0,-2,-1,-6,-5,-6,-7,-7,-7,-8,-6,-8,-7,-9,-8,-8,-8,-7,-7,-5,-7,-3,-6,-3,-5,-6,-3,-7,1,-5,4,-3,6,-4,8,-4,11,-2,17,-2,19,-4,18,-7,21,-11,24,-12,24,-11,26,-10,27,-11,25"
63.239317893981934,930,"CSI,3073,128,101,81,22,0,10,20,10,20,11,20,11,19,11,19,11,18,12,18,12,18,12,18,13,18,13,18,12,18,12,18,13,17,12,17,12,18,11,18,11,17,10,17,9,16,9,15,8,15,8,14,7,14,7,14,1,3,0,0,0,0,0,0,0,0,0,0,0,0,0,0,0,0,0,0,2,2,9,11,9,12,9,13,9,14,9,15,10,16,10,17,10,18,10,18,9,18,9,19,9,20,9,21,8,21,8,20,8,20,9,21,9,21,9,20,9,20,10,20,10,20,10,20,10,20,10,20,11,21"
63.26954007148743,931,"CSI,338,128,-117,-78,40,0,10,20,11,21,11,20,11,20,11,19,11,19,12,19,13,19,13,18,13,18,13,18,13,18,13,18,13,17,12,17,12,17,11,18,11,17,10,17,10,16,9,15,9,14,8,14,8,14,7,14,1,3,0,0,0,0,0,0,0,0,0,0,0,0,0,0,0,0,0,0,2,3,8,12,8,13,8,14,8,15,9,16,9,17,9,18,9,19,8,19,8,20,8,20,8,21,8,22,8,22,8,21,8,21,8,22,8,21,8,20,8,20,9,20,9,21,10,21,10,21,9,21,10,22"
63.310970067977905,932,"CSI,2128,128,83,49,21,0,10,-14,4,-12,-2,-8,-5,-6,-10,-7,-16,-7,-18,-10,-14,-16,-14,-14,-17,-9,-18,-9,-18,-9,-16,-8,-15,-8,-15,-4,-13,-2,-10,-2,-9,-3,-9,-2,-6,-1,-3,1,-3,1,-3,3,-1,4,1,4,0,1,0,0,0,0,0,0,0,0,0,0,0,0,0,0,0,0,0,0,1,-1,7,-2,8,-1,8,1,7,1,9,2,11,3,11,1,11,0,11,1,8,2,8,0,9,-4,9,-5,8,-5,7,-8,5,-8,3,-10,3,-15,5,-18,7,-22,10,-25,12,-25,12,-25,12,-28,13,-26,15,-22"
63.344603061676025,933,"CSI,3074,128,101,81,22,0,-21,10,-21,10,-21,10,-21,10,-21,11,-20,11,-20,11,-19,11,-19,11,-19,11,-19,12,-18,12,-19,12,-19,12,-19,11,-19,11,-18,10,-17,9,-17,9,-17,9,-16,8,-16,8,-15,7,-15,6,-15,6,-4,1,0,0,0,0,0,0,0,0,0,0,0,0,0,0,0,0,0,0,-4,2,-14,8,-15,8,-16,8,-17,8,-17,9,-18,9,-19,9,-19,9,-20,8,-21,8,-22,8,-22,7,-22,7,-22,7,-22,7,-22,7,-22,7,-22,8,-22,8,-22,9,-22,9,-22,9,-21,9,-22,9,-23,9,-23,9"
63.41087293624878,934,"CSI,2132,128,83,49,21,0,11,5,7,-1,1,-8,-2,-12,-2,-14,-3,-17,-2,-19,0,-17,2,-16,5,-18,5,-20,5,-19,5,-16,2,-12,-2,-9,-1,-10,0,-10,-2,-5,-4,-3,-5,-2,-5,0,-5,1,-5,2,-7,3,-7,3,-2,0,0,0,0,0,0,0,0,0,0,0,0,0,0,0,0,0,0,0,-1,1,-3,7,-3,8,-3,9,-4,10,-6,9,-4,9,-1,9,-1,8,-2,7,-1,7,1,8,2,9,3,4,6,1,9,3,11,5,13,6,17,7,21,8,23,9,24,11,25,12,24,12,21,12,20,12,20,13"
63.51404404640198,935,"CSI,2136,128,83,49,21,0,-3,-4,-1,0,1,4,0,8,-2,14,-4,18,-2,22,1,25,2,24,0,20,-3,16,-5,14,-6,12,-5,10,-3,9,-2,6,0,5,2,3,4,-1,5,-5,5,-5,4,-5,4,-7,5,-7,4,-7,1,-2,0,0,0,0,0,0,0,0,0,0,0,0,0,0,0,0,0,0,2,0,10,0,10,0,10,0,11,1,11,4,11,5,9,3,8,1,7,-2,4,-4,0,-5,-2,-2,-3,-3,-6,-6,-10,-9,-11,-11,-8,-11,-9,-15,-12,-21,-13,-22,-11,-24,-9,-27,-9,-26,-10,-24,-10,-19,-9,-14"
63.55903911590576,936,"CSI,3076,128,101,81,22,0,8,17,8,16,8,16,8,15,8,15,9,15,9,15,10,15,10,15,10,15,10,15,9,15,9,14,10,14,9,14,9,14,8,14,8,14,8,13,7,13,6,12,6,12,6,11,5,11,5,11,1,2,0,0,0,0,0,0,0,0,0,0,0,0,0,0,0,0,0,0,1,2,7,10,7,10,7,11,7,11,7,12,8,13,8,14,8,15,7,15,7,16,7,16,6,17,6,17,6,17,6,17,6,17,7,17,7,17,7,17,7,16,7,16,7,17,8,17,8,17,8,17,9,17"
63.61434316635132,937,"CSI,2140,128,83,49,21,0,1,-2,-3,1,-5,5,-5,9,-10,12,-14,14,-15,12,-16,7,-18,5,-16,8,-13,11,-12,10,-11,8,-8,7,-5,6,-3,3,0,2,2,5,3,4,3,2,3,1,4,0,6,-2,6,-4,6,-4,1,-1,0,0,0,0,0,0,0,0,0,0,0,0,0,0,0,0,0,0,1,1,6,6,4,6,3,6,2,5,2,6,2,7,2,6,4,3,6,2,5,1,3,0,2,-3,2,-6,3,-10,4,-12,4,-13,4,-15,4,-18,5,-21,4,-23,4,-24,5,-24,5,-23,6,-23,6,-21,5,-17"
63.67695713043213,938,"CSI,3077,128,101,81,22,0,-22,-11,-22,-11,-22,-11,-22,-10,-22,-9,-22,-8,-22,-8,-22,-8,-22,-8,-22,-8,-21,-8,-21,-8,-21,-7,-22,-7,-21,-7,-21,-7,-20,-8,-19,-8,-19,-8,-18,-7,-17,-7,-16,-7,-16,-7,-15,-7,-14,-7,-4,-2,0,0,0,0,0,0,0,0,0,0,0,0,0,0,0,0,0,0,-4,-2,-15,-6,-16,-6,-16,-7,-17,-7,-18,-8,-19,-9,-19,-10,-20,-11,-20,-11,-20,-11,-20,-12,-20,-13,-20,-14,-20,-14,-20,-13,-20,-13,-20,-13,-20,-13,-21,-12,-21,-12,-21,-12,-21,-12,-21,-12,-21,-12,-22,-12,-22,-13"
63.79177522659302,939,"CSI,3078,128,101,81,22,0,-13,-22,-14,-22,-14,-22,-14,-21,-13,-20,-14,-20,-14,-20,-15,-20,-15,-20,-15,-20,-15,-20,-15,-20,-15,-19,-15,-19,-15,-19,-14,-19,-13,-19,-13,-19,-12,-18,-11,-17,-10,-17,-10,-16,-10,-16,-9,-15,-8,-16,-2,-4,0,0,0,0,0,0,0,0,0,0,0,0,0,0,0,0,0,0,-3,-3,-12,-13,-12,-13,-12,-14,-12,-15,-12,-16,-13,-17,-13,-19,-13,-19,-12,-20,-12,-20,-12,-21,-12,-22,-12,-23,-12,-23,-12,-23,-12,-23,-12,-23,-12,-23,-12,-22,-12,-22,-12,-22,-12,-22,-13,-23,-13,-22,-14,-22,-14,-23"
63.8209912776947,940,"CSI,2149,128,83,49,21,0,-2,-6,-2,-4,-2,1,-3,6,-4,9,-6,12,-7,18,-6,23,-5,21,-6,18,-6,16,-5,13,-5,11,-6,9,-3,8,0,5,1,2,1,2,2,2,3,2,4,1,4,0,3,-2,3,-5,5,-8,1,-3,0,0,0,0,0,0,0,0,0,0,0,0,0,0,0,0,0,0,1,1,5,7,5,8,3,8,1,8,1,8,2,7,2,5,0,4,-1,2,-4,-1,-4,-2,-1,-5,0,-9,0,-13,2,-16,4,-18,3,-18,3,-19,4,-20,3,-22,2,-24,6,-23,7,-20,5,-18,3,-16,1,-13"
63.92373013496399,941,"CSI,2153,128,83,49,21,0,10,-1,4,1,-2,-1,-6,-4,-9,-7,-12,-5,-11,-4,-8,-7,-11,-10,-16,-10,-17,-9,-16,-10,-15,-8,-13,-7,-10,-7,-8,-5,-8,-3,-6,0,-4,4,-3,4,-2,3,-1,4,2,4,5,5,6,5,1,1,0,0,0,0,0,0,0,0,0,0,0,0,0,0,0,0,0,0,-2,2,-5,8,-4,6,-6,5,-7,4,-7,4,-5,2,-5,1,-6,0,-4,-2,-1,-3,-1,-3,2,-5,7,-7,10,-4,12,-2,14,-2,14,-3,16,-2,17,0,19,0,22,-2,23,-3,23,-2,23,1,21,-1,17,-4"
63.98348617553711,942,"CSI,2792,128,83,49,21,0,16,10,16,11,15,13,14,13,12,13,10,14,9,10,10,4,6,2,3,3,4,3,3,3,4,1,7,-2,8,-3,6,-3,6,-3,7,-4,8,-4,7,-2,8,-2,9,-3,8,-2,6,1,5,0,1,-1,0,0,0,0,0,0,0,0,0,0,0,0,0,0,0,0,0,0,-2,-1,-7,0,-7,2,-6,2,-6,2,-6,1,-4,1,-3,1,-3,1,-2,1,-1,3,-1,5,1,5,1,7,-1,9,-2,10,-3,12,-3,12,-3,11,-3,10,-3,9,-3,9,-4,8,-2,7,3,8,5,5,6,0"
64.01971006393433,943,"CSI,3080,128,101,81,22,0,-19,16,-19,16,-19,16,-19,16,-19,16,-18,17,-17,17,-16,17,-16,17,-16,17,-15,17,-15,17,-15,17,-16,17,-16,16,-16,16,-15,15,-15,14,-14,14,-15,13,-14,12,-14,12,-14,11,-13,10,-13,10,-4,2,0,0,0,0,0,0,0,0,0,0,0,0,0,0,0,0,0,0,-4,3,-14,13,-14,14,-15,14,-17,14,-18,14,-18,15,-19,15,-20,15,-21,15,-22,15,-22,15,-21,14,-22,14,-22,14,-22,14,-22,13,-22,13,-22,14,-22,14,-22,15,-21,15,-21,15,-20,15,-20,15,-21,15,-22,15"
64.0493540763855,944,"CSI,2157,128,83,49,21,0,-9,-7,-5,-2,0,1,4,3,7,6,9,9,8,12,3,14,3,14,6,14,7,15,8,15,8,13,5,10,4,7,5,3,4,1,4,0,4,-1,5,-2,2,-3,-2,-5,-4,-6,-5,-7,-4,-8,-1,-2,0,0,0,0,0,0,0,0,0,0,0,0,0,0,0,0,0,0,1,-1,7,-1,8,2,9,4,9,4,8,5,7,6,7,7,6,7,4,6,2,5,0,4,-3,2,-6,-1,-5,-6,-4,-10,-7,-12,-11,-12,-13,-13,-15,-17,-16,-20,-16,-19,-16,-19,-17,-20,-16,-20,-14,-17,-13,-14"
64.08558988571167,945,"CSI,2796,128,83,49,21,0,21,-9,23,-8,24,-7,24,-9,22,-9,21,-8,16,-4,8,0,4,0,5,-2,3,-5,0,-7,-2,-7,-3,-7,-4,-8,-4,-9,-3,-10,-2,-10,-4,-10,-5,-10,-4,-10,-3,-9,-1,-6,0,-3,1,-5,0,-2,0,0,0,0,0,0,0,0,0,0,0,0,0,0,0,0,0,0,-2,0,-6,0,-6,-1,-7,-2,-6,-3,-7,-2,-7,0,-5,0,-1,1,1,3,0,6,0,8,1,8,2,9,2,9,2,11,1,13,0,14,1,14,3,13,3,11,1,9,-1,6,2,4,7,3,7,1,5,-1"
64.12991499900818,946,"CSI,3081,128,101,81,22,0,-20,-13,-20,-13,-21,-13,-21,-12,-20,-12,-20,-11,-21,-11,-22,-11,-22,-11,-22,-11,-21,-10,-21,-10,-21,-10,-22,-9,-22,-9,-21,-10,-20,-11,-20,-11,-19,-10,-19,-10,-18,-10,-18,-9,-17,-9,-16,-9,-15,-10,-4,-3,0,0,0,0,0,0,0,0,0,0,0,0,0,0,0,0,0,0,-4,-2,-16,-6,-16,-7,-17,-7,-17,-8,-18,-9,-18,-10,-18,-11,-19,-12,-19,-12,-19,-12,-19,-13,-19,-14,-19,-15,-19,-15,-19,-15,-19,-15,-19,-15,-19,-15,-19,-14,-19,-14,-20,-14,-20,-14,-20,-14,-20,-14,-21,-14,-22,-14"
64.16100811958313,947,"CSI,2160,128,83,49,21,0,11,0,7,1,4,0,1,2,-5,6,-12,7,-17,9,-19,13,-18,13,-20,10,-21,8,-19,7,-18,8,-16,7,-12,5,-9,4,-6,3,-5,2,-4,0,-1,-2,1,-2,2,-3,1,-4,2,-5,3,-7,1,-2,0,0,0,0,0,0,0,0,0,0,0,0,0,0,0,0,0,0,-3,0,-9,1,-8,1,-10,-1,-12,-2,-11,-2,-10,-3,-12,-3,-12,-1,-11,2,-10,2,-8,-1,-5,-5,-3,-5,1,-2,7,-2,10,-3,13,-4,16,-2,20,-3,23,-6,23,-6,24,-4,26,-3,27,-3,28,-5,27,-9"
64.23269486427307,948,"CSI,2165,128,83,49,21,0,-10,-4,-6,0,0,4,2,6,2,10,2,12,2,16,2,23,4,22,5,16,3,14,0,14,-1,12,0,11,-1,10,-2,8,2,5,4,2,3,0,2,-1,3,-1,4,-2,5,-3,5,-3,4,-3,1,-1,0,0,0,0,0,0,0,0,0,0,0,0,0,0,0,0,0,0,1,-2,5,-7,6,-7,6,-7,7,-7,7,-6,6,-3,6,-1,5,0,4,-2,1,-1,-3,0,-7,-2,-10,-4,-11,-5,-11,-8,-11,-10,-13,-10,-13,-11,-15,-12,-19,-11,-21,-12,-20,-13,-18,-11,-18,-9,-17,-9,-15,-11"
64.26352000236511,949,"CSI,3082,128,101,81,22,0,12,19,12,19,13,18,13,17,13,17,13,16,14,17,14,17,14,17,14,17,14,17,13,16,13,16,14,15,13,15,13,15,12,16,12,15,11,15,10,14,10,13,9,13,8,12,7,12,7,12,1,3,0,0,0,0,0,0,0,0,0,0,0,0,0,0,0,0,0,0,2,2,10,10,10,10,10,11,10,12,11,13,11,14,12,15,12,16,12,16,11,17,11,18,10,19,10,20,11,20,11,19,11,19,11,19,11,19,11,18,12,18,12,18,12,19,12,19,12,19,13,19,14,20"
64.30975914001465,950,"CSI,344,128,-117,-78,40,0,-22,11,-21,11,-21,11,-21,12,-21,12,-20,12,-19,12,-18,13,-18,13,-18,13,-17,13,-17,13,-17,13,-18,12,-18,12,-17,12,-16,11,-16,10,-15,10,-15,9,-15,9,-14,8,-14,8,-14,7,-13,6,-4,1,0,0,0,0,0,0,0,0,0,0,0,0,0,0,0,0,0,0,-4,2,-15,11,-16,11,-17,11,-18,12,-19,12,-19,12,-20,12,-21,12,-22,12,-23,12,-23,11,-23,11,-23,10,-24,10,-24,10,-24,10,-23,10,-23,10,-23,11,-23,11,-23,11,-22,11,-22,11,-22,11,-23,12,-24,12"
64.34039402008057,951,"CSI,2168,128,83,49,21,0,3,-5,1,-5,-4,-5,-10,-6,-11,-9,-10,-14,-12,-19,-12,-22,-15,-20,-17,-16,-15,-16,-13,-15,-9,-11,-6,-8,-6,-8,-5,-6,-4,-3,-4,1,-3,3,-1,4,0,5,1,6,3,7,3,8,2,8,0,2,0,0,0,0,0,0,0,0,0,0,0,0,0,0,0,0,0,0,-2,-1,-7,0,-9,1,-11,1,-10,2,-9,3,-9,1,-9,-1,-7,-1,-3,0,-1,0,1,-1,5,-3,10,-3,12,2,13,7,15,10,15,10,16,10,18,10,20,10,21,9,20,10,18,8,17,5,15,4,14,6"
64.37065410614014,952,"CSI,3083,128,101,81,22,0,11,13,12,13,12,13,12,12,12,11,12,11,12,11,12,11,12,11,12,10,12,10,11,10,11,10,11,9,11,9,10,10,10,10,10,10,9,9,8,8,8,8,7,7,7,7,6,7,6,7,1,1,0,0,0,0,0,0,0,0,0,0,0,0,0,0,0,0,0,0,3,2,12,8,12,8,12,9,12,10,13,11,13,12,14,12,14,13,13,13,13,14,13,15,13,15,13,16,12,16,12,15,12,15,12,15,12,15,12,15,12,14,12,14,13,14,13,14,12,14,13,14,13,14"
64.43485617637634,953,"CSI,2172,128,83,49,21,0,-5,2,0,4,6,4,9,4,13,6,20,8,19,8,15,8,15,9,16,11,16,9,16,8,15,8,12,7,10,6,9,6,6,4,2,0,-1,-5,-2,-7,0,-7,1,-6,-1,-7,-3,-9,-3,-9,-1,-3,0,0,0,0,0,0,0,0,0,0,0,0,0,0,0,0,0,0,0,-4,3,-13,3,-12,4,-11,4,-9,3,-8,2,-8,2,-6,2,-7,2,-7,0,-5,-3,-2,-5,2,-8,5,-11,6,-14,5,-17,5,-20,7,-23,6,-24,5,-23,6,-22,6,-22,6,-23,6,-22,7,-20,6,-19,5"
64.47102093696594,954,"CSI,3084,128,101,81,22,0,-20,13,-20,13,-19,13,-19,13,-19,13,-19,13,-18,13,-17,13,-17,13,-17,14,-16,14,-16,14,-16,14,-17,13,-17,13,-17,12,-16,12,-15,10,-15,10,-15,9,-14,9,-14,8,-13,8,-13,7,-13,6,-3,1,0,0,0,0,0,0,0,0,0,0,0,0,0,0,0,0,0,0,-4,3,-14,12,-15,12,-16,12,-17,12,-18,12,-18,12,-19,13,-20,13,-21,13,-22,13,-22,12,-22,12,-22,12,-22,12,-22,12,-22,11,-22,11,-22,12,-22,12,-22,13,-22,13,-21,13,-20,13,-21,13,-22,13,-22,13"
64.5016679763794,955,"CSI,2811,128,83,49,21,0,0,22,-3,23,-7,23,-9,25,-7,24,-5,18,-5,17,-7,20,-5,16,2,10,5,6,4,4,4,3,5,3,8,2,11,0,12,0,13,0,12,0,12,1,11,3,9,3,10,2,10,2,7,2,1,0,0,0,0,0,0,0,0,0,0,0,0,0,0,0,0,0,0,0,-1,-2,0,-9,1,-10,0,-10,0,-9,0,-8,1,-8,-1,-7,-2,-4,-2,-1,-5,1,-8,1,-10,-1,-12,-2,-14,-1,-17,-2,-18,-1,-17,1,-17,1,-17,1,-16,-1,-13,-2,-12,-1,-9,1,-4,5,-3,9,-3,9"
64.54263305664062,956,"CSI,2177,128,83,49,21,0,-7,-16,-9,-16,-10,-13,-12,-7,-15,-4,-14,-5,-16,-3,-19,0,-21,0,-22,-2,-21,-5,-20,-7,-19,-6,-17,-6,-14,-9,-11,-8,-8,-5,-8,-3,-7,-2,-8,-3,-7,-1,-5,4,-4,5,-5,6,-7,9,-2,2,0,0,0,0,0,0,0,0,0,0,0,0,0,0,0,0,0,0,-1,-3,-1,-12,0,-13,2,-13,4,-11,3,-7,3,-5,2,-5,1,-7,0,-8,-3,-7,-7,-7,-8,-9,-7,-12,-8,-14,-9,-17,-10,-19,-12,-18,-11,-21,-9,-23,-7,-23,-7,-24,-9,-24,-11,-22,-10,-22,-7,-21,-6,-17"
64.57588505744934,957,"CSI,3085,128,101,81,22,0,-7,21,-6,21,-6,21,-6,20,-6,20,-5,20,-4,20,-3,20,-3,20,-3,20,-3,20,-3,20,-3,19,-3,19,-3,18,-4,18,-4,18,-3,17,-4,16,-4,15,-5,14,-4,14,-5,13,-5,12,-4,12,-2,3,0,0,0,0,0,0,0,0,0,0,0,0,0,0,0,0,0,0,-1,4,-4,18,-4,19,-5,19,-5,20,-6,21,-6,22,-6,22,-7,23,-8,23,-9,23,-9,23,-9,23,-9,23,-9,23,-9,23,-9,23,-9,23,-8,23,-9,22,-8,22,-8,22,-7,22,-7,22,-7,22,-7,23,-7,23"
64.60382199287415,958,"CSI,2815,128,83,49,21,0,15,-11,15,-13,15,-13,13,-12,13,-12,13,-12,9,-7,4,-4,3,-4,3,-3,1,-2,1,-1,-1,-2,-3,-6,-4,-9,-4,-11,-5,-9,-4,-7,-5,-7,-6,-10,-5,-11,-2,-9,1,-7,1,-4,0,-2,0,-1,0,0,0,0,0,0,0,0,0,0,0,0,0,0,0,0,0,0,-2,0,-5,3,-3,1,-2,0,-3,2,-4,3,-4,1,-4,2,-2,2,0,0,2,0,4,2,6,5,6,5,6,4,7,4,8,3,6,3,7,4,8,6,7,5,8,5,7,6,5,3,6,0,6,-6,3,-9"
64.64048409461975,959,"CSI,2181,128,83,49,21,0,16,2,12,-2,7,-5,4,-6,3,-11,0,-16,0,-21,2,-26,2,-27,3,-26,4,-25,4,-22,4,-21,5,-19,6,-15,6,-10,5,-8,1,-7,-1,-6,-2,-5,-3,-3,-4,-1,-6,-2,-8,-3,-10,-4,-3,-1,0,0,0,0,0,0,0,0,0,0,0,0,0,0,0,0,0,0,1,2,5,8,3,8,3,10,3,9,-1,9,-2,11,-1,12,-1,12,0,10,3,7,5,8,7,7,8,3,8,2,8,4,11,1,14,0,17,2,20,2,24,2,25,5,26,7,24,8,22,10,21,9,21,8"
64.67364192008972,960,"CSI,2362,128,77,-47,20,0,1,14,3,10,6,5,9,0,12,-3,16,-4,18,-2,14,-2,14,-3,18,-2,21,-3,22,-5,20,-3,18,-2,17,-2,15,-1,10,-1,6,-4,3,-5,0,-4,-1,-4,-2,-3,-3,-4,-4,-5,-4,-6,-1,-2,0,0,0,0,0,0,0,0,0,0,0,0,0,0,0,0,0,0,-3,1,-9,5,-9,4,-10,4,-12,3,-12,1,-12,-1,-12,-1,-10,-1,-9,-1,-7,-1,-4,1,-3,4,-2,6,-2,9,-3,11,-3,14,0,17,1,19,0,21,-1,24,-1,27,-2,29,-3,28,-3,27,-4,27,-5,26"
64.70438313484192,961,"CSI,2363,128,77,-47,20,0,-11,2,-6,3,0,4,4,6,8,9,12,11,16,13,20,16,21,15,19,14,16,13,16,11,15,9,11,8,10,9,10,10,6,6,3,0,2,-3,1,-6,-1,-7,-1,-6,-3,-7,-6,-8,-7,-7,-2,-2,0,0,0,0,0,0,0,0,0,0,0,0,0,0,0,0,0,0,1,-2,6,-9,8,-8,9,-6,11,-6,11,-4,10,-2,9,-2,7,-2,5,-2,3,-1,-2,1,-6,1,-9,1,-11,-1,-14,-5,-18,-8,-20,-7,-21,-7,-21,-8,-23,-7,-24,-8,-24,-10,-22,-11,-22,-12,-21,-12,-18,-10"
64.73764181137085,962,"CSI,3086,128,101,81,22,0,-22,4,-21,4,-21,4,-21,5,-21,5,-20,6,-20,6,-20,6,-20,6,-19,6,-19,6,-18,6,-18,6,-19,6,-19,6,-19,6,-18,5,-17,4,-17,4,-17,4,-16,4,-16,3,-16,3,-15,2,-14,1,-4,0,0,0,0,0,0,0,0,0,0,0,0,0,0,0,0,0,0,0,-5,1,-19,6,-19,6,-20,6,-21,6,-22,6,-22,5,-23,5,-24,5,-25,4,-25,4,-25,3,-25,2,-25,2,-25,2,-25,2,-25,2,-24,2,-24,2,-24,3,-24,3,-24,3,-23,3,-23,3,-23,3,-24,4,-24,4"
64.76822900772095,963,"CSI,2185,128,83,49,21,0,-11,-1,-9,1,-4,5,3,10,8,11,8,13,5,17,4,16,2,17,1,20,0,21,2,22,3,22,0,17,-1,11,-1,8,0,6,1,3,3,-1,4,-2,3,-3,3,-5,4,-7,4,-6,4,-2,1,0,0,0,0,0,0,0,0,0,0,0,0,0,0,0,0,0,0,0,0,-2,0,-8,0,-10,1,-11,3,-11,3,-10,3,-10,3,-10,2,-9,1,-6,-2,-3,-5,-2,-7,-1,-9,-1,-11,-2,-14,-1,-18,0,-21,-1,-21,-2,-21,-2,-22,-3,-24,-1,-24,0,-26,1,-30,3,-29,2,-26,-1"
64.79886102676392,964,"CSI,3087,128,101,81,22,0,10,14,10,14,11,14,11,13,10,13,11,13,11,13,11,13,11,13,11,13,11,13,11,13,11,13,12,12,12,12,11,12,11,13,10,13,10,12,9,11,8,11,8,11,8,11,7,11,7,11,1,2,0,0,0,0,0,0,0,0,0,0,0,0,0,0,0,0,0,0,2,2,9,8,9,8,9,9,10,10,10,10,10,11,11,12,10,13,10,13,10,13,10,14,10,15,10,15,9,15,9,15,9,15,10,15,9,15,9,14,10,14,10,14,10,15,10,15,10,15,11,15,11,15"
64.83219194412231,965,"CSI,2823,128,83,49,21,0,-10,-11,-10,-12,-11,-14,-12,-16,-10,-15,-9,-13,-7,-10,-3,-5,0,-6,2,-8,2,-6,-1,-5,-4,-6,-5,-7,-8,-5,-11,-4,-12,-3,-11,-3,-9,-5,-10,-8,-10,-8,-9,-7,-6,-6,-4,-4,-3,-3,-1,-1,0,0,0,0,0,0,0,0,0,0,0,0,0,0,0,0,0,0,0,-1,1,-5,3,-6,3,-4,2,-2,3,-3,3,-3,2,-2,1,-3,0,-5,0,-4,-1,-5,-2,-6,-3,-7,-1,-8,1,-9,1,-10,0,-11,-2,-11,-2,-11,-1,-9,-1,-9,-1,-9,-1,-7,-3,-3,-4,-2,-4,-4"
64.86305809020996,966,"CSI,2188,128,83,49,21,0,0,1,-1,-3,-2,-6,-6,-10,-9,-11,-6,-13,-6,-16,-9,-17,-8,-16,-6,-16,-8,-14,-9,-11,-7,-10,-6,-10,-6,-9,-4,-7,-2,-4,-1,-2,0,0,-2,2,-1,3,0,4,0,6,-2,5,-1,3,-1,0,0,0,0,0,0,0,0,0,0,0,0,0,0,0,0,0,0,0,-3,0,-10,0,-10,-3,-8,-4,-9,-4,-8,-4,-6,-3,-6,-1,-6,0,-4,0,-1,1,3,2,5,4,5,6,5,7,9,10,11,13,10,14,10,15,12,17,14,17,14,17,14,14,12,12,9,13,7,11,6,8"
64.90111708641052,967,"CSI,2364,128,75,-79,20,0,-5,3,-1,3,2,0,5,2,9,5,11,4,15,6,19,11,21,10,21,9,19,9,17,8,15,7,10,7,7,6,6,6,5,4,1,1,-1,-4,-2,-5,-1,-5,-2,-4,-5,-4,-6,-7,-6,-9,-2,-3,0,0,0,0,0,0,0,0,0,0,0,0,0,0,0,0,0,0,1,-2,5,-9,5,-9,4,-8,4,-7,6,-7,6,-7,4,-4,3,-3,3,-5,2,-4,-1,0,-5,1,-8,0,-10,0,-13,-1,-15,-1,-16,0,-17,1,-20,1,-21,3,-22,2,-23,1,-24,0,-23,1,-20,1,-19,2"
64.93719220161438,968,"CSI,3088,128,101,81,22,0,13,-21,12,-21,12,-21,13,-21,13,-21,12,-21,11,-21,10,-21,10,-21,9,-22,8,-22,8,-22,9,-21,9,-21,9,-20,10,-20,9,-20,9,-19,9,-18,9,-17,9,-16,9,-16,9,-15,9,-14,9,-14,2,-4,0,0,0,0,0,0,0,0,0,0,0,0,0,0,0,0,0,0,2,-5,9,-18,10,-19,11,-19,12,-19,12,-20,13,-20,14,-21,14,-21,16,-21,16,-21,16,-21,16,-21,17,-21,17,-21,17,-21,16,-20,16,-20,16,-20,16,-20,16,-21,16,-21,15,-21,14,-21,14,-21,15,-22,15,-22"
64.9671630859375,969,"CSI,2193,128,83,49,21,0,-5,5,0,4,2,4,4,4,10,6,15,7,16,9,17,13,20,14,20,13,16,13,13,11,14,10,16,10,15,8,10,5,5,3,4,1,2,-2,1,-4,1,-4,1,-5,1,-6,1,-7,0,-7,0,-2,0,0,0,0,0,0,0,0,0,0,0,0,0,0,0,0,0,0,-1,-2,-3,-8,-3,-8,-3,-10,-1,-11,1,-9,-1,-7,0,-4,1,-3,1,-2,-1,-1,-1,1,-3,3,-7,6,-10,7,-12,6,-12,7,-13,9,-15,8,-17,5,-18,6,-20,10,-20,11,-22,9,-22,9,-18,8,-17,6"
65.02547597885132,970,"CSI,3089,128,101,81,22,0,0,-24,0,-24,0,-24,0,-24,0,-23,-1,-23,-2,-24,-2,-24,-2,-25,-3,-25,-3,-25,-3,-25,-3,-24,-3,-24,-2,-24,-2,-24,-2,-24,-1,-23,-1,-23,0,-22,0,-21,0,-20,0,-20,1,-19,1,-19,0,-5,0,0,0,0,0,0,0,0,0,0,0,0,0,0,0,0,0,0,-1,-4,-2,-15,-2,-16,-1,-17,-1,-18,-1,-19,-1,-20,0,-21,0,-21,1,-21,2,-21,2,-22,2,-23,2,-23,2,-23,3,-23,2,-22,2,-23,2,-23,2,-22,2,-22,2,-23,1,-23,1,-23,1,-23,1,-24,1,-25"
65.0553970336914,971,"CSI,2196,128,83,49,21,0,4,-6,1,-2,-3,2,-7,6,-10,8,-11,9,-15,9,-20,9,-20,12,-17,13,-15,11,-12,11,-9,10,-8,9,-7,8,-5,7,-4,4,-2,1,0,1,1,1,3,-1,3,-4,4,-5,6,-5,8,-5,2,-2,0,0,0,0,0,0,0,0,0,0,0,0,0,0,0,0,0,0,-1,2,-4,8,-5,8,-5,8,-4,8,-3,7,-2,6,-3,6,-3,5,-3,2,-1,-2,1,-4,4,-4,5,-6,6,-9,7,-11,8,-11,9,-11,14,-11,16,-12,15,-15,14,-16,14,-16,14,-15,12,-14,11,-12,12,-7"
65.13980102539062,972,"CSI,3090,128,101,81,22,0,13,-4,12,-4,12,-4,12,-5,12,-5,12,-5,12,-5,11,-5,11,-6,11,-6,11,-6,10,-6,11,-6,11,-6,11,-6,11,-6,10,-5,10,-5,9,-5,9,-4,9,-4,9,-4,8,-4,8,-3,8,-3,1,-1,0,0,0,0,0,0,0,0,0,0,0,0,0,0,0,0,0,0,2,-1,9,-3,9,-3,10,-3,11,-3,11,-3,12,-3,12,-3,12,-3,13,-3,13,-3,13,-3,13,-2,13,-2,13,-2,14,-3,14,-3,13,-3,13,-3,14,-3,14,-3,14,-4,13,-4,13,-4,13,-4,13,-4,13,-4"
65.16913390159607,973,"CSI,2201,128,83,49,21,0,1,10,1,6,1,0,0,-4,0,-8,1,-11,0,-13,-3,-13,-3,-14,-2,-17,-1,-19,0,-19,0,-18,-1,-16,-1,-14,0,-13,1,-9,0,-4,-1,-1,0,0,1,1,0,4,0,7,-1,8,-2,8,-1,2,0,0,0,0,0,0,0,0,0,0,0,0,0,0,0,0,0,0,-1,-2,-3,-7,-3,-7,0,-8,2,-9,2,-8,3,-7,1,-6,-1,-6,-1,-4,0,-2,-1,1,-1,4,-1,4,-1,6,0,10,0,12,-2,12,-1,13,-1,15,-2,16,-2,18,0,19,0,17,-1,17,0,17,-1,17"
65.24499106407166,974,"CSI,3091,128,101,81,22,0,11,9,11,8,11,8,12,7,11,7,11,7,12,7,11,7,11,6,11,6,11,6,11,6,11,6,11,5,11,5,10,5,10,6,9,6,9,5,8,5,8,5,8,5,7,5,7,5,6,5,1,1,0,0,0,0,0,0,0,0,0,0,0,0,0,0,0,0,0,0,2,1,8,5,9,6,9,6,9,7,10,7,10,8,10,8,10,9,11,9,11,9,11,10,10,10,10,10,10,10,11,10,11,10,11,10,11,10,11,9,11,9,11,9,12,9,12,9,12,9,12,9,11,9"
65.27339696884155,975,"CSI,2204,128,83,49,21,0,-5,9,-7,5,-8,2,-8,-2,-10,-5,-12,-6,-10,-5,-8,-5,-11,-9,-14,-10,-16,-9,-16,-9,-14,-9,-13,-8,-11,-6,-8,-4,-6,-4,-3,-2,0,-1,0,-3,0,-5,2,-5,2,-6,2,-7,4,-7,1,-2,0,0,0,0,0,0,0,0,0,0,0,0,0,0,0,0,0,0,2,0,9,1,8,2,7,3,8,2,7,2,6,4,5,4,2,4,0,3,-1,2,0,2,-3,2,-6,1,-5,3,-5,6,-7,8,-7,7,-9,8,-13,10,-15,11,-17,12,-16,14,-14,16,-11,17,-9,16,-8,17"
65.35269594192505,976,"CSI,350,128,-117,-78,40,0,4,-25,3,-25,3,-25,3,-25,3,-25,3,-25,2,-25,1,-25,1,-25,1,-25,0,-25,1,-24,1,-24,1,-24,1,-24,2,-23,2,-23,2,-22,2,-21,3,-20,3,-19,3,-19,3,-18,3,-17,3,-17,0,-4,0,0,0,0,0,0,0,0,0,0,0,0,0,0,0,0,0,0,-1,-4,-1,-15,-1,-16,0,-17,0,-17,0,-18,0,-19,0,-20,1,-21,2,-21,3,-22,3,-23,3,-23,4,-24,4,-24,4,-24,4,-24,4,-24,4,-24,5,-24,5,-24,4,-24,3,-25,3,-25,3,-25,4,-26,3,-26"
65.38307595252991,977,"CSI,2208,128,83,49,21,0,3,-4,4,0,3,2,3,2,6,3,10,6,11,6,11,5,11,5,11,6,9,7,9,8,9,6,6,2,3,0,3,1,2,2,-1,3,-3,1,-3,0,-3,3,-4,4,-5,4,-5,4,-7,4,-2,1,0,0,0,0,0,0,0,0,0,0,0,0,0,0,0,0,0,0,-2,-1,-6,-2,-7,0,-7,0,-6,0,-4,-1,-3,-2,-3,-2,-2,-4,-1,-6,-3,-8,-2,-8,1,-7,4,-6,6,-7,4,-8,3,-9,5,-8,7,-8,7,-10,6,-14,6,-15,6,-14,5,-14,4,-15,4,-15,1,-14"
65.41381287574768,978,"CSI,3092,128,101,81,22,0,-5,25,-4,25,-4,25,-4,25,-4,25,-3,24,-2,25,-2,25,-2,25,-1,25,-1,25,-1,25,-1,24,-1,24,-2,23,-2,23,-2,23,-2,22,-3,21,-3,20,-3,19,-3,18,-4,18,-4,17,-4,16,-1,4,0,0,0,0,0,0,0,0,0,0,0,0,0,0,0,0,0,0,0,3,1,15,1,15,0,16,-1,17,-1,18,-1,19,-1,21,-2,21,-3,22,-4,22,-4,23,-4,24,-4,24,-5,24,-5,24,-5,24,-5,24,-5,24,-5,24,-5,24,-5,25,-4,25,-3,25,-4,25,-4,26,-4,27"
65.46141719818115,979,"CSI,2212,128,83,49,21,0,0,-17,1,-13,3,-9,6,-7,9,-6,13,-4,12,-6,6,-6,5,-5,9,-6,13,-7,13,-5,9,-5,7,-5,6,-3,6,-3,6,-3,3,-3,-1,-3,-2,0,-1,1,2,1,4,0,3,1,2,3,0,1,0,0,0,0,0,0,0,0,0,0,0,0,0,0,0,0,0,0,-3,-1,-9,-1,-9,-2,-7,-4,-7,-6,-6,-7,-6,-7,-6,-7,-6,-9,-5,-11,-6,-10,-5,-9,-2,-8,-1,-6,0,-7,1,-12,1,-14,2,-12,4,-11,5,-14,3,-17,3,-20,2,-20,-1,-19,-3,-21,-5,-21,-7,-18"
65.49715805053711,980,"CSI,3093,128,101,81,22,0,-20,-5,-19,-4,-20,-4,-19,-3,-19,-3,-19,-3,-19,-3,-19,-3,-19,-2,-18,-3,-18,-2,-18,-2,-18,-2,-18,-2,-18,-2,-17,-2,-16,-3,-16,-4,-15,-4,-14,-3,-14,-3,-13,-3,-13,-3,-12,-4,-12,-4,-3,-1,0,0,0,0,0,0,0,0,0,0,0,0,0,0,0,0,0,0,-4,-1,-15,-1,-15,-1,-16,-1,-16,-2,-17,-2,-18,-3,-18,-3,-19,-4,-19,-4,-20,-4,-20,-5,-20,-6,-20,-6,-20,-6,-20,-6,-20,-6,-20,-6,-20,-6,-20,-5,-20,-5,-20,-4,-20,-5,-20,-5,-20,-5,-21,-4,-22,-4"
65.59408497810364,981,"CSI,3094,128,101,81,22,0,-17,-22,-18,-23,-18,-22,-18,-21,-18,-21,-18,-21,-19,-21,-20,-21,-20,-20,-20,-21,-21,-21,-21,-20,-21,-20,-21,-20,-21,-20,-20,-20,-20,-21,-19,-21,-19,-20,-18,-19,-17,-18,-17,-18,-16,-18,-15,-17,-14,-18,-4,-5,0,0,0,0,0,0,0,0,0,0,0,0,0,0,0,0,0,0,-4,-4,-14,-13,-14,-14,-14,-15,-15,-15,-15,-16,-16,-17,-16,-19,-16,-19,-16,-20,-15,-20,-15,-21,-15,-22,-15,-23,-15,-22,-15,-22,-16,-23,-16,-23,-16,-23,-16,-22,-16,-21,-16,-21,-17,-22,-17,-23,-17,-22,-18,-22,-19,-23"
65.70447707176208,982,"CSI,3095,128,101,81,22,0,-23,12,-22,13,-22,13,-23,13,-23,13,-22,13,-21,13,-21,13,-21,14,-21,14,-20,14,-20,14,-21,14,-21,14,-21,13,-21,13,-20,12,-20,11,-19,10,-19,10,-19,9,-18,9,-18,8,-17,7,-17,6,-4,1,0,0,0,0,0,0,0,0,0,0,0,0,0,0,0,0,0,0,-3,2,-13,11,-13,10,-14,11,-15,11,-16,11,-16,11,-17,11,-18,11,-20,11,-21,11,-21,11,-21,11,-21,11,-22,11,-22,11,-22,11,-22,11,-22,11,-23,11,-23,11,-23,12,-22,12,-22,12,-23,12,-24,12,-24,13"
65.76562714576721,983,"CSI,2225,128,83,49,21,0,-2,-3,-4,2,-5,5,-6,5,-5,8,-6,12,-9,11,-11,8,-10,9,-9,12,-8,12,-9,9,-9,8,-5,6,-3,5,-1,5,0,4,2,1,3,-1,4,0,2,1,0,-1,1,-3,2,-6,0,-7,-1,-2,0,0,0,0,0,0,0,0,0,0,0,0,0,0,0,0,0,0,1,0,6,2,5,3,5,5,5,5,2,3,0,2,1,3,1,0,0,-5,0,-5,0,-4,-1,-6,-2,-10,0,-12,0,-9,-2,-9,-3,-12,-3,-14,-3,-14,-3,-15,-4,-17,-3,-17,-1,-17,0,-17,0,-15,-1,-11"
65.81054997444153,984,"CSI,3096,128,101,81,22,0,11,-8,11,-8,11,-8,11,-8,11,-8,10,-8,10,-8,10,-8,10,-8,9,-8,9,-8,9,-8,9,-8,9,-8,9,-8,10,-8,9,-7,9,-7,9,-6,8,-6,8,-6,8,-5,8,-5,7,-4,7,-4,1,-1,0,0,0,0,0,0,0,0,0,0,0,0,0,0,0,0,0,0,1,-2,7,-7,8,-7,8,-8,9,-8,9,-8,9,-8,10,-8,10,-8,11,-8,12,-8,12,-7,12,-7,12,-7,12,-7,12,-7,12,-7,12,-7,12,-7,12,-7,12,-7,12,-8,12,-8,11,-8,12,-8,12,-8,12,-8"
65.84109616279602,985,"CSI,2864,128,83,49,21,0,-4,-21,0,-21,3,-23,4,-25,4,-24,5,-21,3,-15,-1,-9,0,-7,1,-7,-1,-5,-2,-4,-3,0,-7,2,-12,3,-14,4,-14,5,-15,4,-13,3,-12,3,-13,3,-12,2,-10,2,-7,1,-5,0,-2,-1,0,0,0,0,0,0,0,0,0,0,0,0,0,0,0,0,0,0,-3,2,-8,10,-7,8,-6,6,-6,5,-4,5,-3,5,-3,4,-2,4,0,2,4,0,8,-2,11,-1,14,3,16,7,17,8,17,8,15,7,13,8,13,9,15,6,14,3,10,1,6,-2,4,-6,2,-12,1,-14"
65.8700499534607,986,"CSI,2228,128,83,49,21,0,-2,-1,1,-6,2,-8,4,-9,6,-12,8,-16,8,-20,5,-22,5,-18,6,-14,6,-14,7,-11,7,-8,6,-7,5,-6,4,-3,3,-2,1,0,-1,1,-2,2,-2,3,-2,2,-3,4,-4,7,-3,6,-1,1,0,0,0,0,0,0,0,0,0,0,0,0,0,0,0,0,0,0,-1,-3,-3,-10,0,-11,2,-9,2,-7,0,-6,-2,-7,-2,-7,-2,-5,-2,-3,-4,-2,-6,2,-7,5,-6,5,-5,6,-6,10,-7,12,-8,12,-10,15,-13,19,-13,19,-13,18,-13,19,-11,18,-8,15,-5,12,-5,9"
65.92919111251831,987,"CSI,3097,128,101,81,22,0,-16,17,-15,17,-15,17,-16,17,-15,17,-15,17,-14,17,-13,18,-13,18,-13,18,-13,18,-12,18,-13,18,-13,17,-13,17,-13,17,-13,16,-13,15,-12,15,-13,14,-12,13,-12,13,-12,12,-12,11,-12,11,-3,2,0,0,0,0,0,0,0,0,0,0,0,0,0,0,0,0,0,0,-3,3,-9,12,-9,13,-10,13,-11,14,-12,14,-12,15,-12,15,-13,15,-15,16,-16,16,-16,16,-16,16,-16,16,-16,16,-16,15,-17,15,-16,15,-16,16,-17,16,-17,16,-17,17,-16,17,-15,17,-16,16,-17,16,-18,17"
65.95625686645508,988,"CSI,2867,128,83,49,21,0,6,-8,9,-8,11,-8,12,-8,11,-7,11,-4,8,-3,3,-2,1,-1,2,-1,3,-2,4,-1,3,-1,0,-3,-4,-5,-5,-4,-4,-3,-3,-3,-2,-3,0,-5,0,-7,-1,-7,-2,-7,-3,-7,-4,-6,-1,-2,0,0,0,0,0,0,0,0,0,0,0,0,0,0,0,0,0,0,-2,1,-7,4,-6,2,-5,2,-6,3,-8,2,-7,2,-6,2,-3,1,1,2,-1,4,-3,2,-1,2,3,5,4,8,4,9,4,10,5,12,4,10,4,9,4,9,3,7,2,4,2,3,4,3,7,1,7,-2"
66.04447984695435,989,"CSI,3098,128,101,81,22,0,-12,-21,-12,-21,-13,-21,-13,-20,-12,-20,-13,-19,-14,-20,-14,-20,-14,-19,-14,-19,-14,-19,-14,-19,-14,-19,-14,-18,-14,-18,-13,-19,-13,-19,-12,-18,-11,-18,-11,-17,-10,-16,-10,-16,-9,-15,-9,-15,-8,-15,-2,-4,0,0,0,0,0,0,0,0,0,0,0,0,0,0,0,0,0,0,-3,-3,-10,-11,-10,-11,-10,-12,-10,-13,-10,-14,-11,-15,-11,-16,-11,-17,-11,-17,-10,-18,-10,-19,-10,-20,-10,-20,-10,-20,-10,-20,-10,-21,-11,-21,-10,-21,-10,-20,-11,-20,-11,-20,-11,-21,-12,-21,-12,-21,-12,-21,-13,-21"
66.07533884048462,990,"CSI,2237,128,83,49,21,0,6,-7,3,-8,0,-11,-5,-16,-6,-20,-2,-24,0,-24,0,-23,0,-25,2,-25,4,-21,2,-20,-1,-18,-1,-14,-2,-11,-5,-10,-5,-9,-3,-6,-4,-3,-6,-3,-8,-3,-9,-1,-11,0,-11,2,-9,2,-2,0,0,0,0,0,0,0,0,0,0,0,0,0,0,0,0,0,0,0,0,3,3,11,2,11,0,12,0,13,0,11,-2,8,-1,7,0,6,1,3,3,2,6,0,9,-2,12,-3,18,-2,22,-2,22,-4,20,-5,21,-2,25,0,26,0,27,1,28,2,25,2,23,2,21,3,19,1"
66.17646718025208,991,"CSI,2241,128,83,49,21,0,-15,3,-12,6,-7,10,-4,13,-3,16,-3,19,-3,19,-3,16,-7,15,-11,15,-12,15,-12,16,-12,15,-12,11,-12,8,-9,8,-6,9,-3,9,0,8,1,8,2,8,4,9,3,8,3,7,4,7,1,1,0,0,0,0,0,0,0,0,0,0,0,0,0,0,0,0,0,0,-3,0,-9,-1,-8,-1,-7,1,-8,1,-9,1,-10,2,-10,4,-8,3,-9,1,-11,3,-11,5,-8,6,-7,7,-9,9,-13,9,-14,9,-13,12,-16,13,-19,13,-21,14,-22,11,-23,8,-25,8,-26,9,-23,8,-22,5"
66.26664805412292,992,"CSI,3100,128,101,81,22,0,-6,-17,-6,-17,-6,-17,-6,-16,-6,-16,-7,-15,-7,-15,-8,-16,-8,-15,-8,-15,-8,-15,-8,-14,-8,-14,-8,-14,-7,-13,-7,-14,-7,-14,-7,-13,-6,-13,-6,-12,-5,-11,-5,-11,-5,-10,-4,-10,-4,-10,-1,-3,0,0,0,0,0,0,0,0,0,0,0,0,0,0,0,0,0,0,-2,-4,-7,-14,-7,-14,-7,-15,-7,-16,-7,-17,-7,-17,-7,-18,-7,-19,-6,-19,-5,-19,-5,-20,-5,-20,-5,-20,-5,-20,-4,-20,-5,-20,-5,-20,-5,-19,-4,-19,-5,-19,-5,-19,-6,-19,-6,-19,-6,-18,-6,-18,-7,-18"
66.29719591140747,993,"CSI,2365,128,77,-47,20,0,1,-9,-7,-4,-11,1,-13,3,-18,5,-19,10,-22,11,-27,9,-29,9,-27,11,-25,11,-22,9,-18,8,-16,9,-16,9,-13,7,-8,7,-6,7,-5,6,-2,5,1,4,2,3,5,2,10,3,13,5,3,1,0,0,0,0,0,0,0,0,0,0,0,0,0,0,0,0,0,0,2,1,8,5,10,5,12,7,13,8,11,8,11,6,11,5,8,6,7,8,6,7,7,4,5,0,3,-6,2,-11,1,-14,2,-16,2,-19,1,-22,0,-28,2,-31,4,-30,7,-31,9,-34,10,-33,11,-29,12,-25"
66.32787609100342,994,"CSI,2244,128,83,49,21,0,2,-10,-6,-8,-11,-5,-13,-3,-17,-4,-21,-7,-26,-8,-31,-8,-33,-9,-29,-9,-25,-7,-20,-5,-18,-5,-17,-4,-14,-2,-10,-1,-8,-2,-4,-1,-2,0,-2,4,-3,5,-1,5,2,7,2,9,2,12,0,3,0,0,0,0,0,0,0,0,0,0,0,0,0,0,0,0,0,0,2,-1,7,-1,7,2,8,4,10,4,10,5,10,6,11,6,10,7,8,7,8,6,6,3,3,-1,3,-5,4,-9,4,-14,4,-16,5,-18,5,-24,6,-29,8,-29,12,-29,16,-30,18,-28,21,-29,20,-30,16,-26"
66.35835409164429,995,"CSI,2884,128,83,49,21,0,-12,-10,-15,-12,-12,-14,-9,-15,-7,-14,-8,-13,-5,-10,1,-6,-1,-6,-3,-6,-4,-4,-6,-2,-6,1,-5,3,-4,3,-6,1,-9,1,-8,2,-5,2,-3,1,-4,2,-5,1,-4,0,-3,2,-1,2,0,0,0,0,0,0,0,0,0,0,0,0,0,0,0,0,0,0,0,0,1,1,4,6,3,5,1,3,2,3,3,3,3,2,4,0,4,-1,3,-1,3,-3,5,-5,6,-6,6,-6,6,-7,6,-9,7,-9,9,-7,9,-6,8,-6,7,-8,9,-8,7,-5,1,-5,-3,-8,-4,-7,-6,-9"
66.38890600204468,996,"CSI,3101,128,101,81,22,0,8,-10,8,-10,8,-10,8,-10,8,-10,7,-10,7,-10,6,-10,6,-10,6,-10,6,-10,5,-10,5,-10,6,-10,6,-9,6,-9,5,-9,5,-9,5,-8,5,-8,5,-8,4,-7,5,-7,4,-7,4,-6,1,-2,0,0,0,0,0,0,0,0,0,0,0,0,0,0,0,0,0,0,1,-2,6,-8,6,-8,6,-8,7,-8,7,-8,8,-9,8,-9,9,-9,9,-9,9,-9,9,-9,9,-9,10,-9,10,-9,10,-8,10,-8,10,-9,10,-9,10,-9,10,-9,10,-9,9,-9,9,-9,9,-9,9,-9,9,-9"
66.42212009429932,997,"CSI,2248,128,83,49,21,0,-5,14,-3,10,0,4,5,3,11,3,16,1,19,1,22,6,25,6,28,4,27,5,26,3,24,1,20,1,15,2,14,3,15,2,13,-3,9,-3,5,-2,5,-3,3,-5,-1,-6,-2,-7,-2,-9,-1,-3,0,0,0,0,0,0,0,0,0,0,0,0,0,0,0,0,0,0,-4,0,-13,0,-13,-2,-13,-2,-13,0,-13,-2,-14,-5,-13,-5,-10,-5,-9,-5,-10,-3,-10,-1,-8,1,-5,5,-2,9,-1,13,-3,16,-4,19,-5,21,-7,24,-10,25,-11,25,-11,25,-12,25,-13,25,-15,24,-16,23"
66.45823502540588,998,"CSI,356,128,-117,-78,40,0,-21,10,-20,10,-20,11,-20,11,-20,11,-19,11,-18,11,-18,11,-18,12,-18,12,-17,12,-17,12,-17,12,-17,12,-17,12,-17,12,-16,11,-15,10,-15,9,-15,9,-15,9,-14,8,-14,8,-13,7,-13,6,-4,1,0,0,0,0,0,0,0,0,0,0,0,0,0,0,0,0,0,0,-4,2,-14,10,-14,10,-15,10,-16,10,-17,10,-18,10,-19,11,-20,11,-21,11,-22,11,-22,10,-22,9,-22,9,-22,9,-22,9,-23,9,-22,9,-22,9,-23,10,-23,10,-22,10,-22,10,-21,10,-22,10,-23,10,-23,11"
66.48898816108704,999,"CSI,3710,128,-5,-79,31,0,-25,4,-24,4,-24,4,-24,5,-24,6,-23,6,-22,6,-22,6,-22,7,-21,7,-21,7,-20,8,-20,8,-21,8,-21,7,-20,7,-19,7,-18,6,-18,6,-17,6,-17,6,-16,5,-16,5,-15,5,-15,4,-4,1,0,0,0,0,0,0,0,0,0,0,0,0,0,0,0,0,0,0,-5,1,-17,4,-18,4,-19,4,-20,4,-21,4,-22,3,-23,3,-24,3,-25,3,-26,2,-26,2,-26,1,-26,0,-26,0,-26,0,-26,0,-26,0,-26,1,-26,2,-26,2,-26,2,-26,2,-25,2,-25,3,-26,3,-27,2"
66.51947212219238,1000,"CSI,2252,128,83,49,21,0,6,-14,3,-8,-3,-4,-9,0,-11,2,-14,4,-17,6,-17,6,-19,5,-23,3,-24,2,-25,3,-22,2,-18,1,-16,3,-12,5,-8,4,-6,3,-5,4,-4,3,-2,4,2,5,4,5,6,4,9,3,2,0,0,0,0,0,0,0,0,0,0,0,0,0,0,0,0,0,0,0,2,1,8,4,7,6,7,9,7,9,8,10,8,9,7,8,5,9,3,9,3,6,2,3,0,1,2,-3,5,-7,6,-9,5,-13,5,-15,4,-17,6,-19,10,-21,13,-25,15,-27,16,-28,16,-28,15,-26,14,-21"
66.55827808380127,1001,"CSI,3102,128,101,81,22,0,-27,-12,-26,-12,-26,-11,-26,-10,-26,-9,-27,-8,-27,-8,-28,-8,-27,-7,-27,-6,-27,-5,-27,-4,-27,-4,-28,-3,-28,-2,-28,-3,-27,-4,-26,-4,-26,-4,-25,-3,-25,-3,-24,-3,-24,-3,-23,-3,-23,-4,-6,-1,0,0,0,0,0,0,0,0,0,0,0,0,0,0,0,0,0,0,-5,0,-18,2,-19,0,-20,-1,-21,-2,-22,-3,-23,-5,-24,-7,-24,-8,-25,-9,-25,-10,-25,-11,-25,-13,-25,-14,-25,-15,-25,-15,-26,-15,-26,-16,-26,-15,-26,-14,-26,-14,-27,-14,-27,-15,-27,-15,-27,-14,-28,-13,-28,-14"
66.58891105651855,1002,"CSI,2257,128,83,49,21,0,-8,-4,-4,1,0,4,3,8,4,14,3,19,1,22,0,20,1,21,1,23,1,21,2,19,2,16,3,13,4,12,4,11,3,8,2,4,3,2,5,0,6,-5,4,-8,2,-9,1,-8,2,-7,0,-2,0,0,0,0,0,0,0,0,0,0,0,0,0,0,0,0,0,0,3,0,12,0,11,1,10,2,11,4,10,6,9,5,8,3,5,3,1,3,-1,2,-2,-1,-2,-3,-2,-6,-3,-9,-7,-10,-9,-12,-10,-15,-14,-16,-16,-20,-16,-22,-16,-23,-15,-24,-13,-25,-15,-26,-15,-26,-12,-23"
66.62543201446533,1003,"CSI,3103,128,101,81,22,0,-4,-21,-4,-20,-5,-20,-4,-19,-4,-19,-4,-19,-5,-18,-6,-18,-6,-18,-6,-18,-6,-18,-6,-18,-6,-17,-6,-17,-5,-16,-5,-16,-4,-16,-4,-16,-4,-15,-3,-14,-3,-13,-3,-13,-3,-12,-2,-12,-2,-12,-1,-3,0,0,0,0,0,0,0,0,0,0,0,0,0,0,0,0,0,0,-2,-4,-7,-15,-7,-16,-6,-17,-6,-18,-6,-18,-6,-19,-6,-20,-6,-21,-5,-21,-4,-22,-4,-22,-4,-22,-4,-23,-4,-23,-3,-22,-4,-22,-4,-22,-4,-22,-3,-21,-3,-21,-4,-21,-4,-21,-5,-21,-4,-21,-4,-21,-5,-22"
66.71526908874512,1004,"CSI,3104,128,101,81,22,0,18,-8,18,-9,18,-9,18,-9,18,-10,18,-10,17,-10,17,-10,17,-10,16,-11,16,-11,15,-11,16,-11,16,-10,16,-10,16,-10,16,-9,15,-9,14,-8,14,-8,14,-8,13,-7,13,-7,13,-6,12,-6,3,-2,0,0,0,0,0,0,0,0,0,0,0,0,0,0,0,0,0,0,2,-2,11,-8,12,-8,13,-8,14,-8,14,-8,15,-8,16,-8,16,-8,17,-8,18,-8,18,-8,18,-7,18,-7,19,-7,19,-7,19,-7,19,-7,19,-7,19,-8,19,-8,19,-8,19,-8,18,-8,19,-8,20,-8,20,-9"
66.82273817062378,1005,"CSI,3105,128,101,81,22,0,-2,22,-2,22,-2,22,-2,22,-2,21,-1,21,0,21,0,21,0,21,0,21,0,21,0,21,0,21,0,20,0,20,-1,20,-1,20,-1,19,-1,18,-2,17,-2,16,-2,15,-2,15,-3,14,-3,14,-1,3,0,0,0,0,0,0,0,0,0,0,0,0,0,0,0,0,0,0,0,3,2,15,2,16,1,16,1,17,0,18,0,19,0,20,0,21,-1,21,-2,22,-3,22,-3,23,-3,23,-3,23,-4,23,-4,23,-3,23,-3,23,-4,22,-3,22,-3,22,-2,23,-2,23,-2,23,-3,23,-2,24"
66.8942141532898,1006,"CSI,2269,128,83,49,21,0,11,-6,9,-9,4,-11,-2,-12,-6,-14,-8,-17,-4,-17,1,-17,-1,-21,-4,-25,-4,-25,-3,-24,-1,-20,-1,-16,-2,-16,1,-16,1,-14,0,-12,-2,-9,-3,-9,-4,-8,-4,-5,-3,-1,-4,1,-6,-2,-2,-1,0,0,0,0,0,0,0,0,0,0,0,0,0,0,0,0,0,0,1,0,5,1,8,2,11,3,11,4,10,3,9,3,8,6,9,6,8,2,7,1,7,2,8,1,9,-3,8,-5,7,-6,8,-7,10,-11,13,-15,17,-17,20,-16,22,-14,22,-13,23,-12,25,-13,24,-12,25,-12"
66.95273995399475,1007,"CSI,2908,128,83,49,21,0,-15,-15,-14,-15,-15,-15,-16,-15,-15,-12,-14,-12,-9,-11,-3,-7,-4,-5,-6,-3,-6,-2,-5,-1,-2,2,1,5,-1,6,-1,7,0,7,3,7,7,6,7,5,6,5,6,4,5,5,4,5,3,3,0,0,0,0,0,0,0,0,0,0,0,0,0,0,0,0,0,0,0,0,-2,-1,-6,-4,-7,-2,-8,-2,-6,-2,-5,-1,-5,-1,-4,-2,0,-3,3,-2,4,1,6,4,6,5,7,5,9,4,10,5,10,6,11,5,14,5,13,6,11,5,10,4,8,1,5,-2,-1,-4,-6,-6,-6,-9"
66.99566984176636,1008,"CSI,2272,128,83,49,21,0,14,4,12,1,10,-5,9,-10,9,-13,11,-14,10,-13,6,-15,8,-16,12,-16,13,-18,12,-19,12,-19,11,-18,10,-14,10,-9,9,-7,5,-7,1,-8,-2,-8,-2,-7,-2,-6,-4,-5,-6,-4,-7,-7,-2,-3,0,0,0,0,0,0,0,0,0,0,0,0,0,0,0,0,0,0,0,1,0,8,1,10,0,12,-3,12,-6,10,-5,8,-4,8,-3,9,-2,8,-3,7,-1,5,3,5,6,5,9,5,10,6,13,8,14,9,17,12,21,15,24,17,23,19,20,20,18,17,15,15,13,14,12,13"
67.05535411834717,1009,"CSI,3107,128,101,81,22,0,-17,-10,-17,-10,-18,-9,-17,-9,-17,-8,-17,-8,-17,-8,-18,-8,-17,-7,-17,-7,-17,-7,-17,-7,-17,-7,-17,-6,-17,-6,-16,-6,-16,-7,-15,-7,-15,-7,-14,-6,-13,-6,-13,-6,-12,-6,-12,-6,-11,-6,-3,-2,0,0,0,0,0,0,0,0,0,0,0,0,0,0,0,0,0,0,-4,-2,-14,-5,-14,-5,-15,-6,-15,-7,-16,-7,-16,-8,-17,-9,-17,-9,-17,-10,-17,-10,-17,-11,-17,-12,-17,-12,-17,-12,-17,-12,-17,-12,-17,-12,-17,-12,-17,-11,-17,-10,-17,-10,-18,-11,-18,-11,-18,-11,-18,-10,-19,-10"
67.09897518157959,1010,"CSI,2277,128,83,49,21,0,-6,5,2,5,8,6,13,7,16,8,17,9,19,12,18,18,18,17,19,12,19,9,18,8,16,8,14,8,11,8,7,4,5,0,3,-3,1,-6,3,-6,4,-6,3,-5,1,-6,-1,-8,-2,-10,-1,-3,0,0,0,0,0,0,0,0,0,0,0,0,0,0,0,0,0,0,-2,-2,-5,-7,-5,-10,-6,-12,-6,-13,-4,-14,-1,-15,0,-13,1,-12,0,-11,-2,-8,-3,-6,-3,-3,-3,1,-6,4,-12,5,-16,7,-18,10,-22,12,-26,14,-26,14,-27,12,-30,11,-30,11,-27,12,-24,12,-22,9"
67.17205214500427,1011,"CSI,3108,128,101,81,22,0,-16,-11,-16,-11,-17,-11,-17,-10,-17,-10,-17,-9,-17,-9,-17,-10,-17,-9,-17,-9,-17,-9,-17,-9,-17,-9,-17,-9,-17,-9,-16,-9,-16,-9,-15,-10,-14,-9,-14,-9,-13,-9,-13,-8,-12,-8,-11,-8,-11,-8,-3,-3,0,0,0,0,0,0,0,0,0,0,0,0,0,0,0,0,0,0,-3,-2,-12,-5,-13,-5,-13,-6,-13,-7,-14,-7,-14,-8,-15,-9,-15,-9,-15,-10,-15,-10,-15,-11,-15,-12,-15,-12,-15,-12,-15,-12,-16,-12,-16,-12,-16,-12,-16,-11,-16,-11,-16,-11,-16,-11,-17,-11,-17,-11,-17,-11,-18,-11"
67.20299792289734,1012,"CSI,2280,128,83,49,21,0,8,9,1,2,-5,-4,-6,-8,-5,-14,-6,-19,-4,-22,-1,-27,-2,-28,-4,-26,-4,-21,-5,-17,-5,-14,-5,-13,-6,-12,-5,-9,-4,-5,-5,0,-6,4,-6,5,-5,4,-4,2,-4,3,-3,5,-2,7,-1,2,0,0,0,0,0,0,0,0,0,0,0,0,0,0,0,0,0,0,-3,1,-9,5,-10,1,-12,-2,-13,-3,-13,-4,-13,-4,-13,-3,-11,-1,-10,-2,-9,-4,-5,-4,0,-2,2,2,2,5,5,7,10,10,12,13,13,15,18,16,21,20,20,25,18,26,17,26,17,26,17,23,17,16"
67.26028609275818,1013,"CSI,2919,128,83,49,21,0,15,9,17,9,16,8,15,9,14,10,13,10,13,11,14,11,13,10,10,7,6,3,5,1,5,-1,5,-2,6,-2,7,-3,6,-5,7,-6,8,-5,8,-6,7,-5,7,-3,7,-1,7,0,6,0,1,0,0,0,0,0,0,0,0,0,0,0,0,0,0,0,0,0,0,0,-3,1,-10,5,-11,7,-10,8,-7,3,-6,0,-5,1,-3,2,-2,3,-1,3,1,4,2,7,1,7,1,10,1,12,1,13,2,17,1,18,-4,16,-5,16,-4,14,-3,11,-3,9,-2,9,1,7,6,6,12,7"
67.29095411300659,1014,"CSI,3109,128,101,81,22,0,-4,24,-3,24,-3,24,-3,23,-3,23,-2,23,-1,23,0,23,0,23,0,23,1,23,1,23,0,23,0,22,0,22,-1,22,-1,22,-1,21,-1,20,-1,19,-2,18,-2,17,-2,17,-2,16,-2,16,-1,4,0,0,0,0,0,0,0,0,0,0,0,0,0,0,0,0,0,0,0,4,1,16,0,17,0,18,-1,19,-1,19,-1,20,-2,22,-2,22,-3,22,-4,23,-5,23,-5,24,-5,24,-5,24,-5,23,-5,23,-5,24,-5,23,-5,23,-5,23,-5,23,-4,24,-3,24,-4,24,-4,24,-4,25"
67.32176613807678,1015,"CSI,2284,128,83,49,21,0,-3,8,2,7,5,4,8,3,15,4,18,5,17,2,17,-3,17,-1,17,5,17,6,17,6,15,5,15,3,14,1,10,2,7,2,5,2,5,0,8,-2,7,-4,3,-3,0,-3,0,-5,0,-7,0,-2,0,0,0,0,0,0,0,0,0,0,0,0,0,0,0,0,0,0,-1,0,-6,1,-10,-1,-11,-3,-11,-4,-13,-3,-13,-1,-12,-1,-12,-4,-11,-6,-8,-6,-7,-3,-6,4,-5,8,-5,10,-6,12,-7,13,-6,16,-7,19,-10,23,-12,24,-13,24,-13,25,-12,25,-14,26,-17,24,-14,19"
67.38888311386108,1016,"CSI,3110,128,101,81,22,0,18,5,17,5,18,4,18,4,18,3,17,3,17,3,17,3,17,2,17,2,17,2,16,1,16,1,16,1,16,1,16,1,15,2,14,2,14,2,13,1,13,1,12,1,12,1,11,1,11,2,2,0,0,0,0,0,0,0,0,0,0,0,0,0,0,0,0,0,0,0,3,0,15,1,15,1,15,2,16,2,17,3,17,4,17,5,18,5,18,5,19,6,19,6,18,7,18,7,19,7,19,7,18,7,18,7,18,7,18,6,18,6,19,6,19,6,18,6,19,6,19,5,20,5"
67.42226004600525,1017,"CSI,2288,128,83,49,21,0,10,-9,5,-13,1,-14,-5,-14,-8,-17,-8,-21,-8,-22,-12,-23,-12,-23,-9,-25,-7,-25,-6,-21,-2,-18,-1,-16,-2,-13,-3,-11,-3,-8,-5,-4,-7,-3,-8,-4,-8,-4,-7,-3,-7,-1,-9,1,-10,1,-3,0,0,0,0,0,0,0,0,0,0,0,0,0,0,0,0,0,0,0,1,-1,7,-3,7,-2,8,-1,8,0,8,2,8,2,8,0,8,-1,7,-1,7,-1,8,-4,7,-8,6,-10,6,-11,7,-12,10,-14,14,-16,15,-18,15,-20,17,-21,21,-23,23,-21,22,-18,22,-17,21,-15,17,-12"
67.45560097694397,1018,"CSI,360,128,-117,-78,40,0,8,-22,8,-22,8,-21,8,-21,7,-21,7,-21,6,-21,5,-21,5,-21,5,-21,4,-21,4,-21,4,-21,4,-20,5,-20,5,-20,5,-19,4,-18,5,-18,5,-17,5,-16,5,-15,5,-15,5,-14,5,-14,1,-4,0,0,0,0,0,0,0,0,0,0,0,0,0,0,0,0,0,0,0,-5,3,-17,3,-18,4,-19,4,-19,5,-20,5,-21,5,-21,6,-22,8,-22,9,-22,9,-22,9,-22,10,-23,10,-22,10,-22,10,-22,10,-22,10,-22,10,-22,10,-22,10,-22,9,-22,8,-22,9,-22,9,-22,9,-23"
67.48354005813599,1019,"CSI,2928,128,83,49,21,0,16,-7,16,-7,14,-7,15,-8,16,-5,16,-3,16,-1,18,5,16,3,10,-3,4,-4,2,-4,1,-5,0,-7,-1,-8,-3,-7,-4,-6,-5,-7,-2,-7,0,-9,-1,-11,-3,-10,-4,-8,-3,-6,-1,-6,0,-2,0,0,0,0,0,0,0,0,0,0,0,0,0,0,0,0,0,0,-2,0,-7,1,-9,-1,-8,-1,-8,-1,-7,-2,-6,-2,-4,-2,-4,0,-5,1,-4,3,-1,6,0,7,1,8,4,9,5,9,3,7,3,9,4,13,4,14,2,11,0,8,1,9,2,6,4,3,4,2,6,2"
67.51955127716064,1020,"CSI,3111,128,101,81,22,0,11,-22,10,-22,10,-22,10,-22,10,-22,9,-22,8,-22,7,-22,7,-22,7,-22,6,-22,6,-22,6,-21,6,-21,7,-21,7,-21,7,-20,7,-19,7,-18,7,-17,7,-16,7,-16,7,-15,7,-14,7,-14,1,-4,0,0,0,0,0,0,0,0,0,0,0,0,0,0,0,0,0,0,0,-5,3,-17,4,-17,5,-18,6,-19,6,-19,6,-20,7,-21,8,-22,9,-22,11,-22,11,-22,11,-22,11,-22,12,-22,12,-22,12,-22,12,-22,12,-22,12,-22,12,-22,12,-22,11,-22,10,-22,11,-22,11,-23,12,-24"
67.54811096191406,1021,"CSI,2293,128,83,49,21,0,2,-15,-1,-10,-5,-5,-7,-1,-10,3,-17,7,-18,6,-15,5,-18,3,-22,1,-22,0,-22,0,-23,-1,-22,-2,-19,-1,-14,1,-9,1,-6,1,-5,1,-3,1,2,2,4,5,3,6,4,4,6,3,1,1,0,0,0,0,0,0,0,0,0,0,0,0,0,0,0,0,0,0,1,0,7,2,8,3,9,5,9,6,10,6,10,6,9,8,6,7,3,5,3,3,2,0,2,-2,3,-5,2,-8,1,-11,1,-14,3,-17,4,-19,6,-21,9,-23,9,-26,10,-29,10,-29,9,-28,7,-25,6,-23"
67.61179614067078,1022,"CSI,2296,128,83,49,21,0,4,-5,2,-6,-1,-8,-4,-11,-8,-14,-10,-16,-10,-17,-6,-18,-7,-21,-11,-22,-9,-19,-7,-16,-6,-15,-6,-15,-5,-12,-4,-8,-3,-5,-1,-4,-1,-3,-4,-1,-6,-1,-5,0,-4,3,-6,4,-7,4,-2,1,0,0,0,0,0,0,0,0,0,0,0,0,0,0,0,0,0,0,0,1,-1,7,-1,9,-3,10,-5,9,-5,10,-4,9,-3,6,0,4,2,4,3,1,3,-2,3,-4,6,-4,9,-4,13,-3,16,-2,17,-2,20,-1,24,1,24,3,25,1,26,2,25,4,22,2,19,-2,19,-3"
67.65179800987244,1023,"CSI,3112,128,101,81,22,0,-21,-15,-21,-15,-21,-14,-21,-13,-21,-13,-21,-13,-21,-13,-21,-13,-21,-12,-21,-12,-21,-12,-21,-11,-21,-11,-21,-11,-21,-10,-20,-11,-19,-12,-18,-12,-18,-11,-17,-11,-16,-10,-16,-10,-15,-10,-14,-10,-13,-10,-4,-3,0,0,0,0,0,0,0,0,0,0,0,0,0,0,0,0,0,0,-5,-2,-17,-7,-18,-8,-18,-9,-19,-9,-19,-10,-20,-11,-20,-13,-21,-13,-21,-14,-21,-14,-20,-15,-20,-16,-20,-17,-20,-17,-20,-17,-21,-17,-21,-17,-21,-16,-20,-16,-21,-15,-21,-15,-21,-16,-21,-16,-21,-16,-22,-15,-23,-15"
67.71175217628479,1024,"CSI,2300,128,83,49,21,0,-10,5,-6,8,-3,11,2,15,6,20,8,22,5,21,1,19,3,20,4,21,3,22,2,21,3,20,4,19,2,17,0,14,2,12,4,10,5,7,7,5,8,3,8,0,7,-1,8,-3,9,-5,2,-2,0,0,0,0,0,0,0,0,0,0,0,0,0,0,0,0,0,0,-3,-1,-7,-3,-5,-4,-6,-7,-8,-8,-7,-8,-4,-8,-1,-9,2,-9,1,-7,-1,-4,-1,-1,-2,2,-3,4,-6,5,-12,7,-15,11,-19,13,-20,12,-21,12,-25,11,-26,10,-24,7,-24,2,-26,0,-26,1,-25,4"
67.75046110153198,1025,"CSI,3113,128,101,81,22,0,20,-13,20,-13,20,-13,20,-13,20,-14,19,-14,18,-14,17,-14,17,-14,17,-15,16,-15,16,-15,16,-14,16,-14,17,-14,16,-14,16,-13,15,-12,15,-11,15,-11,14,-10,14,-10,13,-10,13,-9,13,-8,3,-2,0,0,0,0,0,0,0,0,0,0,0,0,0,0,0,0,0,0,3,-4,14,-13,15,-13,16,-13,17,-13,18,-13,19,-13,19,-13,20,-13,22,-13,23,-13,23,-13,23,-12,23,-12,23,-12,23,-12,23,-12,23,-12,23,-12,23,-12,23,-12,22,-13,22,-13,21,-12,22,-13,23,-13,23,-13"
67.77725100517273,1026,"CSI,2940,128,83,49,21,0,8,14,8,17,5,17,3,18,5,19,6,16,5,14,5,16,3,12,3,6,2,1,1,-2,3,0,7,2,9,3,6,1,5,0,7,0,8,0,10,0,9,0,8,-1,6,-1,2,0,1,0,0,-1,0,0,0,0,0,0,0,0,0,0,0,0,0,0,0,0,0,0,-2,-1,-5,-5,-6,-5,-5,-6,-4,-6,-4,-6,-4,-4,-4,-2,-5,0,-5,0,-5,2,-7,3,-8,3,-9,4,-9,6,-10,8,-11,7,-11,4,-11,5,-12,7,-10,6,-8,5,-6,5,-6,6,-3,6,1,6,4,5"
67.81404519081116,1027,"CSI,2304,128,83,49,21,0,0,-3,-3,2,-7,3,-13,5,-17,6,-20,8,-25,11,-29,14,-28,13,-26,11,-24,7,-20,5,-19,5,-17,5,-13,5,-10,4,-7,2,-4,2,0,4,2,3,4,3,7,3,9,2,9,2,7,1,1,0,0,0,0,0,0,0,0,0,0,0,0,0,0,0,0,0,0,0,1,1,8,5,8,6,6,8,4,10,3,10,4,9,4,9,3,6,1,3,0,2,1,-2,2,-9,4,-11,7,-12,6,-18,6,-23,7,-23,9,-24,10,-26,10,-30,14,-30,17,-27,15,-24,11,-26,8,-26,6,-23"
67.84352707862854,1028,"CSI,3114,128,101,81,22,0,19,2,19,1,19,1,19,0,19,0,19,-1,18,-1,18,-1,18,-1,18,-1,17,-1,17,-2,17,-2,17,-2,17,-2,17,-2,16,-1,15,0,15,0,14,-1,14,-1,13,-1,12,0,12,0,11,1,2,0,0,0,0,0,0,0,0,0,0,0,0,0,0,0,0,0,0,0,4,-1,17,-1,17,-1,18,-1,18,0,19,0,20,1,20,1,21,2,22,2,22,2,22,3,22,4,22,4,22,4,22,4,21,4,21,4,21,4,21,3,21,2,21,2,21,2,21,3,21,2,21,2,22,2"
67.87738990783691,1029,"CSI,2944,128,83,49,21,0,-12,16,-14,15,-14,15,-14,15,-13,14,-12,11,-13,8,-15,6,-12,6,-5,8,-2,8,-1,6,1,4,3,5,2,10,1,11,2,9,2,8,0,7,-2,5,-2,5,-1,4,0,4,1,3,1,2,0,0,0,0,0,0,0,0,0,0,0,0,0,0,0,0,0,0,0,0,-1,-2,-3,-7,-4,-7,-3,-9,-2,-8,-1,-5,-1,-5,-1,-4,-2,-3,-4,-2,-7,-3,-9,-2,-10,-2,-12,-4,-14,-4,-15,-3,-15,-2,-13,-3,-12,-3,-12,-4,-13,-3,-13,0,-11,2,-7,3,-8,4,-10,7,-9,9"
67.91916418075562,1030,"CSI,2309,128,83,49,21,0,-16,14,-14,15,-11,15,-9,17,-6,21,-4,22,-2,24,1,29,0,29,-2,24,-4,21,-7,19,-7,18,-5,17,-6,17,-8,17,-7,15,-5,12,-4,11,-2,11,0,8,2,5,3,6,5,5,8,3,2,0,0,0,0,0,0,0,0,0,0,0,0,0,0,0,0,0,0,0,-2,2,-8,7,-9,7,-10,7,-10,5,-11,4,-12,4,-12,6,-11,7,-10,7,-9,8,-11,10,-11,8,-12,6,-11,10,-12,15,-13,16,-15,17,-18,20,-21,22,-23,25,-25,25,-27,21,-25,20,-24,21,-25,20,-25,17"
67.9524610042572,1031,"CSI,3115,128,101,81,22,0,5,-19,4,-19,4,-19,4,-19,5,-19,4,-19,3,-19,3,-19,3,-20,3,-20,2,-19,3,-19,3,-19,3,-19,3,-19,4,-19,4,-18,4,-18,4,-17,4,-16,4,-15,4,-15,5,-14,5,-14,5,-13,1,-4,0,0,0,0,0,0,0,0,0,0,0,0,0,0,0,0,0,0,0,-4,1,-13,1,-14,2,-14,2,-15,2,-15,2,-16,3,-17,3,-17,4,-18,5,-18,5,-18,5,-18,6,-19,6,-19,6,-18,6,-18,6,-18,6,-19,6,-18,6,-18,6,-19,5,-19,5,-19,5,-19,5,-20,5,-20"
67.98270511627197,1032,"CSI,2948,128,83,49,21,0,14,20,15,23,12,25,10,25,9,24,8,21,5,17,-3,12,-4,11,1,11,2,8,2,4,4,1,6,-4,8,-6,11,-5,12,-4,13,-3,12,-2,10,-3,9,-3,7,-1,7,-2,7,-4,7,-5,1,-2,0,0,0,0,0,0,0,0,0,0,0,0,0,0,0,0,0,0,-1,-3,-2,-11,-1,-10,-2,-10,-4,-10,-4,-10,-3,-9,-3,-6,-3,-2,-3,1,-4,1,-6,1,-8,4,-12,6,-15,6,-17,5,-20,6,-19,6,-17,8,-19,8,-19,7,-17,6,-12,7,-6,9,-3,9,-2,6,1,8"
68.01823997497559,1033,"CSI,2313,128,83,49,21,0,4,14,6,8,8,1,9,-3,12,-4,15,-5,21,-6,26,-9,24,-11,22,-7,23,-2,21,1,19,0,18,-1,16,0,13,0,9,-1,6,-2,4,0,3,-2,2,-5,0,-7,-3,-8,-3,-9,-2,-10,-1,-3,0,0,0,0,0,0,0,0,0,0,0,0,0,0,0,0,0,0,-1,2,-2,8,-3,7,-4,9,-4,10,-3,8,-2,5,-3,5,-2,6,1,6,3,7,4,9,6,10,7,9,8,7,10,6,10,10,10,14,11,14,14,14,14,19,12,24,14,24,15,22,11,21,8,20,7,18"
68.0732729434967,1034,"CSI,3116,128,101,81,22,0,-9,-18,-10,-18,-10,-17,-10,-16,-10,-16,-10,-16,-10,-16,-11,-16,-11,-16,-11,-16,-11,-16,-11,-15,-10,-15,-10,-14,-10,-14,-9,-14,-9,-14,-9,-14,-8,-13,-7,-12,-7,-12,-7,-11,-6,-11,-6,-11,-5,-11,-2,-3,0,0,0,0,0,0,0,0,0,0,0,0,0,0,0,0,0,0,-3,-3,-9,-12,-9,-13,-9,-14,-9,-14,-9,-15,-10,-16,-10,-17,-10,-18,-9,-18,-9,-18,-9,-19,-9,-19,-9,-20,-9,-20,-8,-20,-8,-19,-9,-19,-8,-19,-8,-18,-9,-18,-9,-18,-9,-18,-10,-18,-10,-18,-10,-18,-11,-19"
68.12134599685669,1035,"CSI,2316,128,83,49,21,0,-5,-5,-5,-6,-5,-6,-8,-7,-11,-7,-15,-8,-21,-11,-24,-14,-21,-13,-18,-11,-17,-8,-15,-6,-12,-6,-10,-6,-8,-6,-6,-3,-5,1,-4,2,-4,2,-2,3,1,3,2,4,4,5,4,4,3,5,0,1,0,0,0,0,0,0,0,0,0,0,0,0,0,0,0,0,0,0,-1,0,-5,2,-7,2,-6,2,-6,1,-4,0,-1,-1,1,0,1,1,2,0,5,-2,11,-2,15,-1,15,1,15,0,16,1,18,2,21,1,21,0,22,1,23,3,22,3,20,2,18,1,14,1,10,-1,8,-4"
68.17615818977356,1036,"CSI,3117,128,101,81,22,0,19,-7,19,-8,19,-8,20,-8,20,-9,19,-9,19,-9,19,-9,19,-10,18,-10,18,-10,18,-10,18,-10,19,-10,19,-9,19,-9,18,-8,18,-7,17,-7,17,-6,17,-6,16,-6,16,-6,15,-5,15,-4,3,-1,0,0,0,0,0,0,0,0,0,0,0,0,0,0,0,0,0,0,3,-2,12,-6,12,-6,13,-6,14,-6,15,-6,15,-6,16,-6,16,-6,17,-6,18,-6,18,-5,18,-5,18,-5,18,-5,19,-5,19,-5,19,-5,19,-6,19,-6,19,-6,19,-6,19,-6,19,-6,19,-7,20,-7,21,-8"
68.20666694641113,1037,"CSI,2955,128,83,49,21,0,-20,-5,-23,-6,-24,-8,-22,-8,-21,-6,-16,-6,-11,-6,-10,-3,-8,-2,-7,-2,-8,-2,-7,-2,-3,2,-1,6,-2,8,-3,9,-3,9,-4,9,-3,8,-1,6,-2,6,-3,7,-5,7,-4,6,-2,4,0,1,0,0,0,0,0,0,0,0,0,0,0,0,0,0,0,0,0,0,0,0,1,4,2,5,2,3,3,3,1,4,0,2,0,1,1,0,3,-3,3,-4,2,-5,2,-8,2,-12,4,-13,5,-14,6,-15,6,-14,5,-12,5,-12,6,-10,6,-8,5,-8,1,-7,-3,-5,-5,-3,-2,-4"
68.23727297782898,1038,"CSI,2321,128,83,49,21,0,-12,2,-10,5,-7,7,-4,9,0,12,5,18,6,24,2,28,1,26,2,23,2,22,2,21,3,19,1,17,-2,15,-3,13,-1,11,2,9,3,6,4,4,3,2,4,1,7,1,10,0,10,-2,2,-1,0,0,0,0,0,0,0,0,0,0,0,0,0,0,0,0,0,0,-3,-1,-11,-6,-10,-8,-7,-8,-5,-6,-3,-5,-3,-4,-4,-3,-3,-2,-2,-3,-2,-1,-3,2,-5,5,-9,8,-11,8,-12,8,-14,9,-16,8,-17,8,-22,9,-24,7,-25,6,-26,5,-24,5,-23,8,-22,11,-21,12"
68.29047703742981,1039,"CSI,3118,128,101,81,22,0,2,-24,2,-23,1,-23,1,-22,2,-22,1,-22,0,-22,-1,-22,-1,-22,-1,-22,-2,-21,-2,-21,-2,-20,-1,-20,-1,-19,0,-19,-1,-19,-1,-18,-1,-17,0,-16,0,-15,0,-15,0,-14,0,-14,0,-13,0,-4,0,0,0,0,0,0,0,0,0,0,0,0,0,0,0,0,0,0,-1,-5,-3,-20,-3,-21,-2,-22,-1,-22,-1,-23,-1,-24,0,-25,1,-26,2,-26,2,-26,3,-26,3,-27,3,-27,3,-27,4,-26,4,-26,3,-26,4,-26,4,-25,4,-25,3,-25,3,-25,2,-25,2,-25,2,-25,2,-26"
68.3252158164978,1040,"CSI,2325,128,83,49,21,0,6,-3,5,-4,3,-6,3,-7,3,-10,2,-13,5,-14,10,-12,8,-15,4,-18,4,-16,4,-14,4,-13,4,-8,2,-4,1,-5,1,-4,0,-3,-2,-2,-3,-2,-3,-3,-4,-4,-5,-3,-4,-2,-4,-1,-1,0,0,0,0,0,0,0,0,0,0,0,0,0,0,0,0,0,0,0,1,1,4,4,6,4,6,4,3,4,0,4,2,2,4,0,4,-1,3,-2,5,-4,6,-5,7,-4,10,-5,13,-5,16,-4,18,-1,20,1,21,0,20,0,19,3,20,4,19,4,15,4,12,5,15,2,16,-1"
68.3868498802185,1041,"CSI,2963,128,83,49,21,0,-11,12,-12,14,-14,15,-13,13,-13,9,-13,7,-11,5,-7,2,-6,3,-6,7,-5,9,-2,8,1,5,4,4,4,5,2,6,1,7,2,8,4,7,5,8,6,7,4,5,2,5,1,4,0,2,0,0,0,0,0,0,0,0,0,0,0,0,0,0,0,0,0,0,0,0,0,-1,1,-4,2,-4,1,-4,0,-3,2,-3,3,-4,1,-2,-1,0,-3,-1,-6,-2,-10,-1,-13,-2,-13,-4,-12,-5,-11,-6,-11,-8,-12,-9,-11,-11,-9,-10,-9,-8,-9,-6,-6,-5,-5,-2,-7,2,-6,4,-3,3"
68.4201672077179,1042,"CSI,3119,128,101,81,22,0,9,-22,8,-23,8,-22,8,-22,8,-22,8,-22,7,-23,6,-23,6,-23,6,-23,6,-24,6,-24,6,-23,7,-23,7,-23,7,-22,7,-22,7,-21,7,-20,7,-19,7,-18,7,-18,7,-17,8,-16,8,-16,2,-4,0,0,0,0,0,0,0,0,0,0,0,0,0,0,0,0,0,0,1,-3,4,-12,4,-13,4,-14,5,-15,5,-15,6,-16,6,-17,7,-17,8,-17,8,-18,9,-18,9,-19,9,-19,9,-19,9,-19,9,-19,9,-19,9,-20,10,-20,10,-20,9,-20,8,-21,8,-21,9,-21,10,-21,10,-22"
68.44988894462585,1043,"CSI,2328,128,83,49,21,0,-7,2,-9,3,-9,3,-11,1,-14,1,-15,1,-18,0,-22,-1,-21,2,-16,4,-13,2,-11,1,-11,0,-12,-1,-10,-4,-8,-6,-6,-4,-2,-2,1,-4,1,-4,1,-2,2,-2,3,-5,3,-8,2,-8,0,-2,0,0,0,0,0,0,0,0,0,0,0,0,0,0,0,0,0,0,-1,-3,-2,-11,0,-10,1,-6,2,-5,2,-5,2,-2,2,4,2,8,2,9,3,9,5,11,5,12,6,13,7,13,9,14,10,16,9,16,9,14,11,14,13,14,12,13,10,13,6,11,5,7,6,6,4,5"
68.4930489063263,1044,"CSI,2968,128,83,49,21,0,-13,-18,-14,-19,-15,-19,-13,-18,-10,-17,-12,-18,-11,-19,-5,-17,-2,-14,-3,-11,-4,-7,-5,-2,-4,1,-2,5,-2,9,-4,11,-5,11,-5,11,-4,11,-3,9,-5,10,-5,11,-3,9,-2,7,-1,5,-1,1,0,0,0,0,0,0,0,0,0,0,0,0,0,0,0,0,0,0,-2,1,-7,5,-8,4,-8,4,-6,4,-4,2,-3,2,-1,3,-1,4,-1,4,1,4,5,1,9,-1,12,0,13,0,13,-2,15,-2,15,-2,13,-3,13,-3,14,-1,14,1,9,0,5,-3,5,-5,5,-6,2,-8"
68.53189492225647,1045,"CSI,364,128,-117,-78,40,0,-25,-8,-25,-8,-25,-8,-25,-7,-25,-6,-25,-5,-25,-5,-25,-5,-25,-5,-25,-5,-25,-5,-25,-5,-25,-5,-25,-4,-25,-5,-24,-5,-23,-6,-23,-6,-22,-6,-21,-6,-20,-5,-19,-5,-19,-6,-18,-6,-17,-6,-5,-2,0,0,0,0,0,0,0,0,0,0,0,0,0,0,0,0,0,0,-4,-2,-16,-5,-17,-5,-17,-6,-18,-6,-19,-6,-20,-7,-20,-8,-21,-8,-21,-9,-22,-9,-22,-10,-22,-10,-22,-11,-22,-11,-23,-10,-23,-10,-23,-10,-23,-10,-23,-9,-24,-8,-24,-8,-24,-9,-24,-9,-25,-9,-25,-8,-26,-8"
68.56265211105347,1046,"CSI,3120,128,101,81,22,0,6,-25,6,-25,5,-25,5,-25,5,-25,5,-25,4,-25,3,-25,4,-25,4,-26,3,-26,3,-26,4,-25,4,-25,5,-25,5,-25,5,-24,5,-24,5,-23,6,-21,6,-20,6,-20,7,-19,7,-18,7,-18,1,-5,0,0,0,0,0,0,0,0,0,0,0,0,0,0,0,0,0,0,0,-4,1,-15,1,-16,1,-17,2,-17,2,-18,2,-19,3,-20,3,-20,4,-21,5,-21,6,-21,6,-22,6,-22,6,-22,6,-22,6,-22,6,-22,6,-23,6,-23,6,-23,6,-23,5,-24,5,-24,5,-24,6,-24,6,-26"
68.5958890914917,1047,"CSI,2332,128,83,49,21,0,-1,-19,0,-14,1,-11,-1,-10,0,-9,5,-11,9,-12,14,-10,16,-12,11,-15,7,-14,7,-11,8,-10,8,-10,8,-10,8,-9,6,-8,5,-6,4,-4,4,-1,5,0,6,0,7,-2,8,-1,11,1,3,0,0,0,0,0,0,0,0,0,0,0,0,0,0,0,0,0,0,0,-2,-1,-7,-4,-7,-4,-6,-4,-5,-3,-5,-3,-2,-5,-1,-8,-1,-11,0,-14,1,-13,0,-12,-2,-12,-1,-12,-1,-11,1,-10,2,-10,3,-11,3,-14,4,-16,4,-15,2,-17,2,-18,2,-18,0,-19,0,-18,0,-15"
68.625324010849,1048,"CSI,3121,128,101,81,22,0,9,-10,9,-10,9,-10,9,-10,9,-11,9,-11,9,-11,8,-11,8,-11,8,-12,8,-12,8,-12,8,-11,9,-11,9,-11,9,-11,9,-11,9,-10,9,-10,9,-9,9,-9,8,-9,8,-8,8,-8,8,-7,2,-2,0,0,0,0,0,0,0,0,0,0,0,0,0,0,0,0,0,0,0,-2,3,-5,3,-6,3,-6,4,-6,4,-7,5,-7,5,-7,5,-7,6,-7,7,-8,7,-8,7,-8,7,-8,7,-8,7,-8,8,-8,8,-8,8,-9,8,-9,9,-9,9,-9,8,-9,8,-9,8,-10,8,-10,8,-10"
68.73572897911072,1049,"CSI,2340,128,83,49,21,0,-5,-2,-2,-1,-1,1,1,4,5,6,7,6,11,7,19,8,18,7,11,9,6,12,4,13,5,13,5,12,5,10,4,7,1,5,1,4,-1,2,-2,-1,0,-3,-1,-5,-1,-8,0,-9,-1,-8,-1,-2,0,0,0,0,0,0,0,0,0,0,0,0,0,0,0,0,0,0,0,-2,0,-7,-1,-6,-1,-6,-1,-6,-2,-7,-1,-7,1,-5,0,-3,-2,-2,-4,0,-4,0,-5,0,-6,2,-9,4,-12,4,-12,2,-11,2,-13,3,-15,4,-15,5,-17,4,-20,3,-21,4,-20,3,-17,1,-15,2"
68.76261401176453,1050,"CSI,3122,128,101,81,22,0,5,13,5,13,6,12,5,12,5,12,6,12,6,12,6,11,6,11,7,11,7,11,7,11,7,11,6,11,6,11,6,11,6,11,6,10,5,10,5,9,4,9,4,9,4,8,4,8,3,8,0,2,0,0,0,0,0,0,0,0,0,0,0,0,0,0,0,0,0,0,1,1,5,7,5,8,5,8,5,9,5,9,5,10,5,11,5,11,5,11,4,12,5,12,5,13,5,13,5,13,4,13,4,13,4,13,4,13,4,13,4,13,5,13,5,13,5,13,5,13,5,13,6,13"
68.8495569229126,1051,"CSI,3123,128,101,81,22,0,-1,22,-1,22,-1,22,-1,22,-1,21,0,21,1,21,1,21,1,21,1,21,1,21,1,21,1,21,1,20,0,20,0,19,0,19,0,18,-1,18,-1,17,-1,16,-1,15,-2,15,-2,14,-2,13,-1,3,0,0,0,0,0,0,0,0,0,0,0,0,0,0,0,0,0,0,0,3,3,14,3,15,2,15,2,16,2,17,2,18,2,19,1,20,0,20,-1,21,-1,21,-1,22,-1,22,-1,22,-1,22,-2,22,-2,22,-2,22,-2,22,-2,22,-1,22,-1,22,0,22,-1,23,-1,23,0,24"
68.96939516067505,1052,"CSI,3124,128,101,81,22,0,-17,-8,-17,-8,-17,-7,-17,-6,-17,-6,-17,-6,-17,-6,-17,-6,-17,-5,-16,-5,-16,-5,-16,-5,-16,-5,-16,-5,-16,-5,-15,-5,-15,-5,-14,-6,-14,-6,-13,-5,-12,-5,-12,-5,-11,-5,-11,-5,-10,-5,-3,-2,0,0,0,0,0,0,0,0,0,0,0,0,0,0,0,0,0,0,-4,-1,-14,-3,-15,-4,-15,-5,-16,-5,-16,-6,-17,-6,-17,-7,-17,-7,-18,-7,-18,-8,-18,-9,-18,-9,-18,-10,-18,-9,-18,-9,-18,-9,-18,-9,-18,-9,-18,-9,-18,-8,-18,-8,-18,-8,-18,-8,-18,-8,-19,-8,-19,-8"
69.04251098632812,1053,"CSI,2352,128,83,49,21,0,-7,1,-10,1,-13,0,-13,1,-14,1,-15,1,-12,1,-11,0,-14,1,-14,1,-11,-1,-11,-1,-10,0,-8,2,-5,3,-3,6,-1,6,1,5,2,6,1,6,2,5,5,4,7,2,6,1,3,1,0,0,0,0,0,0,0,0,0,0,0,0,0,0,0,0,0,0,0,0,-1,3,-4,11,-7,8,-8,7,-6,6,-6,4,-5,2,-4,0,-2,-1,0,-5,3,-6,5,-6,7,-10,9,-11,10,-10,14,-9,14,-9,13,-9,14,-9,13,-8,12,-7,14,-8,12,-8,7,-7,4,-7,2,-7,0,-9"
69.08061718940735,1054,"CSI,3125,128,101,81,22,0,6,-22,6,-22,6,-22,6,-22,6,-21,6,-21,5,-21,4,-21,4,-22,4,-22,3,-22,3,-22,3,-22,3,-21,4,-21,4,-21,4,-21,4,-20,4,-19,4,-18,4,-18,4,-17,4,-16,4,-16,4,-15,1,-4,0,0,0,0,0,0,0,0,0,0,0,0,0,0,0,0,0,0,1,-4,4,-17,4,-17,4,-18,5,-18,5,-19,5,-20,6,-20,7,-21,8,-21,9,-21,9,-21,9,-22,9,-21,9,-21,9,-21,9,-21,8,-21,8,-21,9,-21,9,-21,8,-21,8,-22,7,-22,7,-21,8,-21,9,-22"
69.19091296195984,1055,"CSI,3126,128,101,81,22,0,-23,9,-23,9,-22,9,-22,9,-22,10,-22,10,-21,10,-20,10,-20,11,-20,11,-19,11,-19,11,-19,11,-20,11,-20,11,-19,10,-19,10,-18,9,-18,8,-17,8,-17,7,-16,7,-16,7,-15,6,-14,5,-4,1,0,0,0,0,0,0,0,0,0,0,0,0,0,0,0,0,0,0,-4,2,-15,9,-16,9,-17,9,-18,9,-19,9,-19,9,-20,9,-21,9,-22,9,-23,9,-23,8,-23,8,-23,7,-23,7,-24,7,-24,7,-24,7,-24,7,-24,8,-24,8,-24,9,-23,8,-23,8,-23,9,-24,9,-24,9"
69.2472779750824,1056,"CSI,2360,128,83,49,21,0,-2,2,0,2,5,1,10,0,11,-1,11,-1,9,3,7,7,12,8,18,9,18,9,16,7,16,6,13,5,8,4,7,1,6,-2,3,-5,0,-4,-1,-3,-1,-3,-2,-4,-4,-4,-5,-3,-6,-2,-2,-1,0,0,0,0,0,0,0,0,0,0,0,0,0,0,0,0,0,0,0,-2,3,-6,4,-8,4,-9,3,-7,4,-6,4,-5,3,-3,1,-1,-1,-1,-1,0,-4,2,-9,2,-11,1,-10,2,-11,3,-15,3,-18,2,-18,1,-18,1,-18,1,-19,2,-17,5,-16,5,-17,4,-19,3,-18,1"
69.30475616455078,1057,"CSI,3127,128,101,81,22,0,12,-21,11,-21,11,-21,11,-21,11,-21,10,-21,9,-21,8,-21,8,-21,7,-21,7,-21,7,-21,7,-20,7,-20,8,-19,8,-19,7,-18,7,-17,7,-16,7,-16,7,-15,7,-14,7,-13,7,-12,7,-12,1,-3,0,0,0,0,0,0,0,0,0,0,0,0,0,0,0,0,0,0,1,-5,8,-18,8,-18,9,-19,10,-19,11,-20,11,-20,11,-21,12,-22,14,-22,15,-22,15,-22,15,-22,15,-22,15,-22,15,-21,15,-21,14,-21,14,-21,14,-21,14,-21,14,-21,13,-22,12,-22,13,-21,14,-22,14,-22"
69.35190224647522,1058,"CSI,2364,128,83,49,21,0,-11,-1,-10,1,-9,4,-8,9,-6,14,-7,18,-8,22,-7,25,-7,21,-9,17,-10,16,-11,13,-11,10,-9,9,-7,9,-6,9,-3,8,0,6,1,5,2,6,4,5,3,5,3,6,4,5,4,5,1,1,0,0,0,0,0,0,0,0,0,0,0,0,0,0,0,0,0,0,-1,-3,-3,-10,-2,-10,-1,-9,-2,-6,0,-5,0,-3,-1,-2,-1,0,-3,1,-7,1,-10,0,-11,-1,-11,-1,-13,-1,-16,-1,-18,-3,-17,-5,-19,-5,-21,-5,-20,-6,-19,-7,-18,-7,-16,-6,-17,-6,-19,-7,-19,-8"
69.4168951511383,1059,"CSI,3128,128,101,81,22,0,-25,0,-24,1,-24,1,-24,1,-24,2,-23,2,-22,2,-22,2,-22,3,-21,3,-21,3,-20,3,-20,3,-21,3,-21,3,-20,3,-19,2,-18,1,-17,1,-17,1,-16,1,-15,1,-15,1,-14,0,-13,0,-4,-1,0,0,0,0,0,0,0,0,0,0,0,0,0,0,0,0,0,0,-5,0,-20,2,-21,1,-21,1,-22,1,-23,0,-24,0,-25,-1,-25,-1,-26,-1,-27,-2,-27,-2,-26,-3,-26,-3,-26,-3,-26,-3,-27,-3,-26,-3,-26,-3,-26,-2,-27,-1,-26,-1,-26,-1,-26,-1,-26,-1,-26,-1,-27,-1"
69.45421099662781,1060,"CSI,2369,128,83,49,21,0,-11,-10,-8,-4,-6,1,-5,5,-4,11,-4,17,-5,20,-5,18,-6,20,-7,25,-9,25,-10,25,-10,25,-9,20,-8,15,-5,12,-1,8,0,6,1,4,1,0,2,-1,3,-2,5,-3,6,-6,6,-9,1,-3,0,0,0,0,0,0,0,0,0,0,0,0,0,0,0,0,0,0,1,-2,8,-5,8,-2,9,1,11,3,11,3,10,2,9,2,6,2,3,3,0,3,-1,1,-2,-2,-5,-5,-7,-7,-8,-11,-9,-15,-10,-16,-9,-18,-12,-19,-16,-19,-16,-23,-14,-27,-11,-27,-12,-25,-15,-23,-18,-23"
69.51581716537476,1061,"CSI,3007,128,83,49,21,0,-5,21,-5,19,-3,19,-6,20,-10,20,-9,15,-9,11,-12,10,-7,11,0,9,2,5,1,3,2,2,7,1,9,-1,11,-1,13,-2,12,-4,11,-5,9,-3,7,-1,8,-2,10,-2,8,-3,6,-4,1,-1,0,0,0,0,0,0,0,0,0,0,0,0,0,0,0,0,0,0,0,-1,4,-1,5,0,5,0,5,0,5,-1,3,-1,1,-1,1,-2,0,-3,-2,-3,-4,-1,-5,-2,-7,-4,-11,-6,-12,-10,-10,-11,-9,-10,-10,-9,-12,-8,-11,-7,-9,-7,-8,-7,-7,-4,-6,-2,-5,1,-2,6"
69.55486512184143,1062,"CSI,3129,128,101,81,22,0,-21,-13,-21,-13,-22,-13,-21,-12,-21,-11,-21,-11,-21,-11,-22,-11,-22,-10,-22,-10,-21,-10,-21,-10,-21,-9,-22,-9,-21,-9,-21,-9,-20,-10,-19,-10,-18,-10,-18,-9,-17,-9,-16,-9,-16,-8,-15,-9,-15,-9,-4,-3,0,0,0,0,0,0,0,0,0,0,0,0,0,0,0,0,0,0,-5,-2,-18,-6,-18,-7,-18,-8,-19,-8,-20,-9,-20,-10,-20,-11,-21,-12,-21,-12,-21,-13,-21,-14,-21,-15,-20,-15,-20,-15,-21,-15,-21,-15,-21,-15,-21,-15,-21,-14,-21,-14,-21,-14,-21,-14,-21,-14,-22,-14,-22,-14,-23,-14"
69.5910370349884,1063,"CSI,368,128,-117,-78,40,0,-14,20,-13,20,-13,20,-13,20,-13,20,-12,21,-11,21,-11,21,-11,21,-10,21,-10,21,-10,21,-10,21,-10,21,-11,20,-11,20,-10,20,-9,19,-9,18,-10,17,-10,17,-9,16,-10,16,-10,15,-9,14,-3,3,0,0,0,0,0,0,0,0,0,0,0,0,0,0,0,0,0,0,-2,4,-7,17,-7,18,-8,18,-9,19,-10,19,-10,20,-10,21,-11,21,-13,21,-14,21,-15,21,-14,21,-15,21,-15,20,-15,20,-15,20,-15,20,-15,20,-15,20,-15,20,-15,20,-14,21,-14,21,-14,21,-15,21,-15,21"
69.6242458820343,1064,"CSI,2373,128,83,49,21,0,-3,8,2,4,6,0,8,-1,11,-3,13,-5,13,-7,11,-7,14,-7,18,-6,19,-8,17,-7,15,-6,14,-6,12,-4,8,-1,4,-1,1,-3,-2,-5,-3,-6,-5,-4,-5,-2,-8,-3,-9,-3,-7,-3,-2,-1,0,0,0,0,0,0,0,0,0,0,0,0,0,0,0,0,0,0,-1,-2,-3,-7,-4,-7,-3,-8,-2,-10,-1,-8,0,-6,1,-6,1,-7,0,-6,0,-3,0,3,-1,6,-2,8,-4,9,-7,11,-9,13,-9,14,-9,14,-11,16,-15,19,-16,17,-15,16,-15,16,-12,16,-10,14,-11,10"
69.66047191619873,1065,"CSI,3130,128,101,81,22,0,-3,-27,-4,-26,-4,-26,-4,-25,-4,-25,-5,-25,-6,-25,-6,-25,-6,-25,-7,-24,-7,-24,-7,-24,-7,-23,-7,-23,-6,-22,-5,-22,-5,-22,-5,-21,-5,-21,-4,-19,-4,-18,-4,-18,-3,-17,-3,-16,-2,-16,-1,-4,0,0,0,0,0,0,0,0,0,0,0,0,0,0,0,0,0,0,-2,-5,-6,-20,-5,-21,-5,-22,-5,-23,-5,-24,-5,-25,-5,-26,-4,-27,-3,-27,-2,-28,-2,-28,-2,-29,-1,-29,-1,-29,-1,-29,-1,-28,-2,-28,-2,-28,-1,-28,-2,-27,-2,-27,-3,-28,-3,-28,-3,-28,-3,-28,-3,-28"
69.69097590446472,1066,"CSI,2377,128,83,49,21,0,-1,-7,-1,-2,-3,2,-4,9,-6,12,-6,12,-5,18,-6,25,-5,26,-3,24,-4,22,-5,21,-5,19,-3,15,-2,11,-1,10,0,9,1,6,3,3,4,1,4,-2,3,-5,3,-6,4,-5,5,-5,1,-2,0,0,0,0,0,0,0,0,0,0,0,0,0,0,0,0,0,0,0,0,3,4,1,7,-1,7,-2,5,0,6,0,7,-1,6,-2,5,-3,4,-2,1,-2,-3,1,-6,3,-9,2,-9,2,-11,2,-14,1,-16,1,-17,1,-18,2,-20,3,-23,3,-25,4,-25,5,-25,5,-24,4,-23"
69.71921610832214,1067,"CSI,3015,128,83,49,21,0,-1,20,-2,19,-4,17,-5,18,-6,17,-6,15,-2,10,3,5,2,2,-1,1,-2,1,-1,1,2,2,6,2,8,2,9,3,11,4,12,2,10,1,9,2,8,4,7,6,7,8,5,7,2,4,0,1,0,0,0,0,0,0,0,0,0,0,0,0,0,0,0,0,0,0,0,-2,1,-8,2,-7,0,-7,1,-7,3,-5,2,-4,1,-2,0,-1,-2,-1,-3,-1,-6,0,-8,-2,-9,-2,-8,-2,-8,-2,-9,0,-10,3,-11,2,-13,0,-13,0,-11,-2,-8,-2,-6,1,-5,4,-4,6,-3,6"
69.75742983818054,1068,"CSI,3131,128,101,81,22,0,0,-25,0,-25,-1,-25,0,-24,0,-24,-1,-24,-2,-24,-2,-25,-3,-25,-3,-25,-4,-24,-3,-24,-3,-24,-3,-23,-3,-23,-2,-23,-2,-23,-2,-22,-1,-21,-1,-20,-1,-19,-1,-19,-1,-18,0,-18,0,-17,0,-5,0,0,0,0,0,0,0,0,0,0,0,0,0,0,0,0,0,0,-1,-4,-4,-16,-3,-17,-3,-18,-2,-19,-2,-20,-2,-21,-2,-22,-1,-23,0,-23,1,-24,1,-24,1,-25,1,-25,2,-25,2,-25,2,-25,2,-25,2,-25,2,-25,2,-25,2,-25,1,-25,0,-26,0,-26,0,-26,0,-27"
69.78852796554565,1069,"CSI,2381,128,83,49,21,0,13,-1,6,-4,1,-6,-3,-7,-9,-6,-14,-8,-13,-10,-9,-13,-11,-14,-16,-15,-17,-16,-17,-16,-15,-14,-12,-12,-12,-10,-12,-8,-10,-8,-6,-7,-6,-2,-5,0,-4,0,-3,0,-3,3,-1,6,-1,5,-1,1,0,0,0,0,0,0,0,0,0,0,0,0,0,0,0,0,0,0,-1,1,0,6,0,7,0,8,-1,9,-2,8,2,6,2,6,-1,7,-2,8,-2,7,-2,6,0,4,3,1,5,-2,7,-5,10,-5,12,-6,14,-7,17,-8,20,-8,22,-6,24,-6,24,-6,26,-5,27,-3,25,-2"
69.82115912437439,1070,"CSI,3020,128,83,49,21,0,0,-18,0,-19,1,-21,3,-21,4,-17,1,-15,2,-11,2,-5,-1,-7,-4,-11,-5,-9,-5,-6,-8,-3,-10,0,-8,3,-9,3,-11,2,-9,2,-9,3,-10,1,-11,0,-10,0,-8,-1,-6,0,-7,0,-2,0,0,0,0,0,0,0,0,0,0,0,0,0,0,0,0,0,0,0,-1,1,-3,5,-3,4,-3,4,-3,6,-2,6,-1,4,-1,2,0,2,1,2,2,-1,4,-3,7,-1,11,1,11,0,11,-1,13,1,14,-1,13,-1,13,2,11,1,8,-1,6,-1,4,-1,3,-3,2,-8,-1,-11"
69.86474800109863,1071,"CSI,2385,128,83,49,21,0,-5,2,-2,1,1,4,4,9,6,12,6,14,6,13,7,11,6,12,6,14,5,15,6,16,6,14,5,12,5,10,6,6,5,3,4,2,5,0,5,-2,4,-5,2,-6,1,-7,3,-6,2,-6,0,-2,0,0,0,0,0,0,0,0,0,0,0,0,0,0,0,0,0,0,1,-3,6,-9,6,-7,7,-7,6,-5,6,-2,6,-1,1,-1,-3,-2,-3,-4,-4,-4,-7,-4,-9,-4,-11,-3,-13,-4,-15,-6,-19,-6,-21,-5,-19,-6,-20,-6,-24,-6,-26,-6,-25,-8,-21,-8,-18,-6,-17,-5,-19,-8"
69.89898705482483,1072,"CSI,3132,128,101,81,22,0,14,-18,13,-18,13,-18,14,-18,14,-19,13,-19,12,-19,12,-19,12,-20,11,-20,11,-20,11,-20,11,-20,12,-19,12,-19,12,-19,12,-18,11,-17,11,-17,11,-16,11,-16,11,-15,11,-14,11,-14,11,-13,2,-4,0,0,0,0,0,0,0,0,0,0,0,0,0,0,0,0,0,0,1,-4,6,-13,6,-13,7,-14,8,-15,8,-15,8,-15,9,-16,10,-16,11,-16,12,-17,12,-17,12,-17,13,-17,13,-17,14,-17,14,-16,14,-16,14,-17,14,-17,14,-17,14,-18,14,-18,13,-18,13,-18,14,-18,15,-19"
69.97839498519897,1073,"CSI,3133,128,101,81,22,0,5,-18,4,-18,4,-18,4,-18,4,-18,4,-18,3,-18,2,-18,2,-18,2,-19,2,-18,2,-18,2,-18,2,-18,2,-17,3,-17,3,-17,2,-16,3,-15,3,-15,3,-14,3,-14,3,-13,3,-13,3,-12,0,-3,0,0,0,0,0,0,0,0,0,0,0,0,0,0,0,0,0,0,0,-4,0,-13,0,-14,1,-15,2,-15,2,-16,2,-16,2,-17,3,-18,4,-18,5,-18,5,-18,5,-19,5,-19,5,-18,5,-18,6,-18,5,-18,5,-18,6,-18,6,-18,5,-18,5,-18,4,-19,5,-19,5,-19,5,-20"
70.0090012550354,1074,"CSI,2367,128,77,-47,20,0,9,-3,8,-5,5,-7,0,-11,-2,-14,-1,-15,-1,-20,-2,-25,-2,-25,0,-24,0,-25,-1,-24,1,-19,4,-15,5,-16,3,-15,2,-9,1,-6,-2,-4,-3,-3,-3,-3,-4,-2,-6,-3,-8,-3,-9,-3,-3,-1,0,0,0,0,0,0,0,0,0,0,0,0,0,0,0,0,0,0,1,0,6,3,8,5,7,6,4,6,3,5,1,4,0,3,1,3,1,2,1,-1,3,-4,5,-4,6,-5,8,-7,13,-9,17,-10,18,-9,17,-8,17,-8,18,-8,18,-5,19,-4,20,-5,22,-5,22,-5,18,-7"
70.04211902618408,1075,"CSI,2368,128,77,-47,20,0,-16,1,-11,1,-5,2,0,7,2,10,4,11,3,12,3,14,3,21,3,26,1,25,-1,22,-3,21,-3,20,-2,18,0,15,-1,11,0,6,2,3,1,3,2,1,5,-1,5,-3,5,-4,6,-4,1,-1,0,0,0,0,0,0,0,0,0,0,0,0,0,0,0,0,0,0,-1,-2,-5,-7,-4,-9,-3,-9,-4,-8,-4,-8,-3,-8,-4,-7,-3,-5,-3,-4,-3,-5,-3,-6,-5,-4,-6,-2,-9,0,-13,1,-18,3,-20,4,-21,3,-23,4,-24,7,-24,8,-23,4,-23,-2,-25,-5,-27,-2,-29,0"
70.0728600025177,1076,"CSI,2392,128,83,49,21,0,-5,15,-4,11,-1,5,5,1,11,-1,15,-5,21,-5,26,-2,27,-4,26,-6,25,-3,23,-1,22,-2,21,-1,19,-1,15,-1,10,0,6,2,3,-1,2,-5,1,-6,-3,-6,-5,-6,-7,-7,-9,-6,-3,-2,0,0,0,0,0,0,0,0,0,0,0,0,0,0,0,0,0,0,-2,-2,-8,-7,-8,-6,-8,-9,-9,-11,-7,-9,-4,-8,-4,-8,-5,-8,-5,-9,-4,-11,-3,-8,-4,-3,-4,2,-3,7,-5,10,-6,12,-6,13,-7,15,-9,17,-9,20,-11,23,-14,24,-13,25,-11,24,-9,23,-10,22"
70.1055588722229,1077,"CSI,3134,128,101,81,22,0,-15,2,-15,2,-15,2,-15,3,-15,3,-15,3,-14,3,-14,3,-14,4,-14,4,-13,4,-13,4,-13,4,-13,4,-13,4,-13,4,-13,4,-12,3,-12,3,-12,3,-11,3,-11,3,-11,3,-10,2,-10,2,-3,0,0,0,0,0,0,0,0,0,0,0,0,0,0,0,0,0,0,0,-3,0,-11,2,-11,2,-12,2,-13,2,-13,2,-13,2,-14,1,-14,1,-15,1,-15,1,-16,1,-15,0,-15,0,-16,0,-16,0,-16,0,-16,0,-16,0,-16,1,-16,1,-16,1,-16,1,-15,1,-15,1,-16,2,-15,1"
70.16936707496643,1078,"CSI,2397,128,83,49,21,0,11,1,9,0,5,-3,1,-9,2,-15,2,-18,3,-21,6,-26,4,-27,3,-24,6,-22,9,-20,9,-18,8,-15,6,-11,4,-7,2,-5,0,-3,-1,-1,-2,-1,-4,-3,-5,-3,-7,-2,-8,-2,-7,-3,-2,-1,0,0,0,0,0,0,0,0,0,0,0,0,0,0,0,0,0,0,0,3,1,11,-1,10,-2,10,-3,9,-4,8,-4,8,-3,8,-1,6,2,3,4,2,5,4,6,3,9,1,10,-1,12,-1,14,1,15,2,15,2,19,4,22,5,23,3,24,3,24,6,26,8,28,8,27,6"
70.20019006729126,1079,"CSI,3135,128,101,81,22,0,16,9,16,9,16,9,16,8,16,7,16,7,16,7,16,7,16,7,16,7,16,7,16,7,16,7,16,6,16,6,15,7,15,7,14,7,13,7,13,6,12,6,11,6,11,6,11,6,10,7,2,1,0,0,0,0,0,0,0,0,0,0,0,0,0,0,0,0,0,0,3,0,12,3,12,3,12,4,13,4,13,5,14,6,14,7,15,7,15,7,15,8,15,8,15,9,15,10,15,10,15,10,15,10,15,10,15,10,15,9,16,9,16,9,16,9,16,9,16,9,16,9,17,9"
70.2727530002594,1080,"CSI,2401,128,83,49,21,0,-7,2,-5,-4,-4,-7,0,-9,6,-12,9,-16,10,-18,6,-16,7,-18,10,-21,9,-20,7,-19,6,-18,6,-14,3,-11,-1,-10,-2,-6,-2,-3,-2,-1,-2,-1,-2,1,-3,5,-3,7,-2,7,0,7,0,2,0,0,0,0,0,0,0,0,0,0,0,0,0,0,0,0,0,0,2,-1,10,-3,10,-1,11,0,12,1,12,2,10,3,8,3,8,3,9,2,6,1,1,3,-2,5,-3,6,-6,6,-12,7,-17,8,-17,7,-16,9,-18,13,-20,14,-21,12,-22,12,-23,13,-22,15,-18,17,-13,18"
70.32201218605042,1081,"CSI,3136,128,101,81,22,0,-13,-8,-13,-8,-13,-8,-13,-7,-13,-7,-13,-6,-13,-6,-13,-6,-13,-6,-13,-6,-13,-6,-13,-6,-13,-6,-13,-5,-13,-5,-13,-6,-12,-6,-12,-6,-11,-6,-11,-6,-10,-5,-10,-5,-10,-5,-9,-5,-9,-5,-3,-2,0,0,0,0,0,0,0,0,0,0,0,0,0,0,0,0,0,0,-3,-1,-9,-4,-10,-4,-10,-5,-10,-5,-11,-6,-11,-6,-11,-7,-11,-7,-12,-7,-12,-8,-12,-8,-12,-9,-12,-9,-12,-9,-12,-9,-12,-9,-12,-9,-12,-9,-12,-8,-12,-8,-12,-8,-12,-8,-13,-8,-13,-8,-13,-7,-13,-7"
70.3505289554596,1082,"CSI,3040,128,83,49,21,0,-14,-7,-12,-10,-11,-13,-12,-13,-12,-10,-11,-9,-7,-5,-4,2,-3,0,-4,-4,-5,-2,-4,2,-4,4,-4,5,-4,4,-6,4,-7,6,-6,5,-5,5,-5,7,-5,8,-4,9,-3,8,-5,6,-6,3,-2,0,0,0,0,0,0,0,0,0,0,0,0,0,0,0,0,0,0,0,1,1,6,5,5,4,4,2,2,1,0,2,-2,2,-3,-1,-3,-2,0,-2,2,-2,0,-3,-1,-4,1,-6,3,-8,5,-8,7,-9,6,-10,5,-9,3,-7,2,-3,2,-3,1,-3,0,-3,-2,-3,-5,-2,-6,-4"
70.43301105499268,1083,"CSI,3137,128,101,81,22,0,-16,17,-15,17,-15,17,-15,17,-15,17,-14,17,-13,18,-12,18,-12,18,-12,18,-12,18,-12,18,-12,18,-12,18,-12,17,-12,17,-12,17,-11,16,-11,15,-11,14,-11,13,-11,13,-11,12,-11,12,-11,11,-3,2,0,0,0,0,0,0,0,0,0,0,0,0,0,0,0,0,0,0,-3,3,-10,13,-10,13,-11,14,-12,14,-13,15,-13,15,-13,16,-14,16,-16,16,-17,16,-17,16,-17,16,-17,16,-17,16,-17,15,-17,15,-17,15,-17,16,-17,16,-17,16,-17,16,-16,16,-15,17,-16,17,-17,17,-17,17"
70.47785997390747,1084,"CSI,2409,128,83,49,21,0,4,-7,-1,-9,-4,-10,-6,-12,-6,-15,-6,-18,-6,-15,-7,-9,-7,-10,-5,-15,-3,-19,-1,-19,-1,-18,-1,-12,-3,-8,-5,-7,-6,-7,-8,-7,-7,-6,-6,-3,-6,-1,-4,-2,-4,-2,-5,0,-5,2,-1,0,0,0,0,0,0,0,0,0,0,0,0,0,0,0,0,0,0,0,1,0,6,3,6,4,7,4,6,4,4,3,2,4,1,6,0,3,1,0,1,-2,2,-4,4,-5,4,-8,8,-9,13,-9,14,-9,13,-11,15,-12,16,-12,15,-11,15,-10,16,-9,14,-9,14,-8,16,-8,16,-10"
70.53794813156128,1085,"CSI,3138,128,101,81,22,0,24,3,24,2,25,2,25,1,24,1,24,0,24,0,24,0,24,0,23,-1,23,-1,22,-1,22,-1,23,-1,23,-1,22,-1,21,0,20,0,20,0,19,0,19,0,18,0,17,1,16,1,16,2,3,0,0,0,0,0,0,0,0,0,0,0,0,0,0,0,0,0,0,0,4,-1,18,-2,18,-1,19,-1,20,-1,21,0,22,1,22,1,23,2,24,2,25,3,25,3,24,4,25,5,24,5,25,5,25,5,25,5,25,4,25,4,25,3,25,3,25,3,25,4,25,3,26,3,27,3"
70.58153510093689,1086,"CSI,2413,128,83,49,21,0,0,12,4,10,4,8,5,4,9,1,12,2,15,2,18,-2,19,-3,18,3,17,5,15,5,15,5,14,4,11,3,8,2,6,1,6,0,5,-1,2,-2,1,-2,0,-1,-1,-2,-3,-5,-4,-7,-1,-2,0,0,0,0,0,0,0,0,0,0,0,0,0,0,0,0,0,0,-3,-1,-10,-1,-10,-3,-9,-5,-10,-5,-10,-5,-9,-6,-7,-4,-5,-2,-5,-2,-5,-1,-2,3,-2,7,-2,9,-2,10,-3,12,-4,14,-6,14,-6,18,-6,21,-8,20,-9,18,-7,20,-8,22,-10,21,-10,19,-11,19"
70.6164140701294,1087,"CSI,372,128,-117,-78,40,0,-15,12,-15,12,-15,12,-15,13,-15,13,-14,13,-14,13,-13,13,-13,13,-13,13,-12,14,-12,14,-12,13,-13,13,-13,13,-13,13,-12,12,-12,11,-12,11,-12,10,-12,10,-11,9,-11,9,-11,8,-11,8,-3,1,0,0,0,0,0,0,0,0,0,0,0,0,0,0,0,0,0,0,-3,2,-9,10,-10,10,-11,11,-11,11,-12,11,-12,11,-13,11,-14,11,-15,12,-16,12,-16,11,-16,11,-16,11,-16,11,-16,11,-16,11,-16,11,-16,11,-16,11,-16,12,-16,12,-16,12,-15,12,-16,12,-16,12,-17,13"
70.66430807113647,1088,"CSI,3139,128,101,81,22,0,-15,20,-14,20,-14,20,-14,20,-13,20,-13,20,-12,20,-11,21,-11,21,-11,21,-11,21,-11,20,-11,20,-11,20,-11,20,-11,20,-11,19,-10,18,-10,17,-10,16,-10,15,-10,15,-10,14,-10,13,-10,12,-3,3,0,0,0,0,0,0,0,0,0,0,0,0,0,0,0,0,0,0,-2,4,-8,16,-8,16,-9,17,-10,18,-11,18,-11,19,-12,20,-12,20,-14,20,-15,20,-16,20,-16,20,-16,20,-16,19,-16,19,-16,19,-16,19,-16,20,-16,20,-16,20,-15,20,-15,20,-14,20,-15,20,-16,20,-16,21"
70.69335389137268,1089,"CSI,2417,128,83,49,21,0,-7,3,-3,-1,3,-2,7,-5,11,-9,17,-11,19,-10,18,-5,19,-5,20,-8,19,-10,19,-11,19,-9,15,-5,9,-6,5,-7,2,-4,-1,0,-2,0,-2,-1,-3,-1,-3,0,-2,1,-3,4,-6,7,-2,2,0,0,0,0,0,0,0,0,0,0,0,0,0,0,0,0,0,0,2,0,7,3,7,5,7,5,7,5,6,5,6,5,5,6,2,7,1,7,-1,6,-4,5,-6,5,-6,2,-9,0,-13,-1,-16,-1,-17,-1,-18,-3,-22,-4,-27,-5,-29,-5,-27,-5,-25,-4,-25,0,-24,3,-20,5"
70.77089023590088,1090,"CSI,3140,128,101,81,22,0,-19,2,-19,2,-19,2,-19,2,-19,3,-18,3,-18,3,-18,3,-18,4,-17,4,-17,4,-17,4,-17,4,-17,4,-17,4,-17,4,-16,3,-16,3,-15,3,-15,3,-14,2,-14,2,-14,2,-13,1,-12,1,-3,0,0,0,0,0,0,0,0,0,0,0,0,0,0,0,0,0,0,0,-4,0,-14,3,-14,3,-15,3,-15,3,-16,2,-17,2,-17,2,-18,1,-19,1,-19,1,-19,0,-19,0,-19,0,-19,0,-20,0,-20,0,-20,0,-19,0,-19,1,-20,1,-20,1,-19,1,-19,1,-20,1,-20,1,-21,2"
70.80229592323303,1091,"CSI,2421,128,83,49,21,0,-7,5,-3,2,1,-3,6,-7,14,-9,18,-11,21,-10,24,-6,23,-7,21,-10,20,-12,20,-14,17,-12,12,-9,10,-8,7,-9,3,-9,1,-8,-1,-5,-5,-3,-8,-2,-8,0,-6,1,-5,1,-5,0,-2,0,0,0,0,0,0,0,0,0,0,0,0,0,0,0,0,0,0,0,1,-3,5,-9,6,-7,8,-6,8,-7,7,-7,7,-6,7,-5,7,-4,5,-3,3,-2,1,0,-1,2,-5,2,-9,3,-11,6,-12,10,-13,11,-14,9,-17,11,-20,15,-21,17,-20,16,-19,14,-18,14,-17,14,-15,10"
70.88804912567139,1092,"CSI,3141,128,101,81,22,0,-20,-14,-20,-14,-20,-13,-20,-12,-20,-11,-20,-11,-20,-11,-21,-11,-20,-11,-21,-11,-21,-10,-21,-10,-20,-10,-20,-10,-20,-10,-19,-11,-19,-11,-18,-11,-17,-11,-16,-10,-16,-10,-15,-9,-14,-9,-14,-9,-13,-10,-4,-3,0,0,0,0,0,0,0,0,0,0,0,0,0,0,0,0,0,0,-4,-2,-16,-6,-16,-7,-17,-8,-17,-8,-18,-9,-19,-10,-19,-11,-19,-12,-19,-12,-19,-12,-19,-13,-20,-14,-20,-14,-19,-15,-19,-15,-19,-15,-19,-15,-19,-15,-19,-14,-19,-14,-19,-13,-20,-14,-20,-13,-21,-13,-21,-12,-21,-11"
70.9165301322937,1093,"CSI,2425,128,83,49,21,0,-6,8,-2,8,2,9,4,9,7,8,10,10,13,15,14,19,15,19,13,17,8,14,5,12,4,13,4,14,3,11,2,8,3,6,5,5,4,6,4,6,3,6,3,4,3,2,4,0,5,-2,1,-1,0,0,0,0,0,0,0,0,0,0,0,0,0,0,0,0,0,0,-1,1,-5,5,-7,7,-8,8,-10,8,-10,6,-6,4,-4,2,-5,1,-5,3,-5,5,-5,6,-5,9,-5,11,-3,10,-2,12,1,15,1,15,-1,16,-5,18,-6,19,-7,19,-7,19,-8,20,-8,21,-9,20,-8,19"
70.9910409450531,1094,"CSI,2428,128,83,49,21,0,-9,-2,-9,5,-9,8,-8,10,-7,13,-8,16,-12,16,-14,11,-12,9,-10,12,-9,15,-8,14,-8,12,-7,9,-5,7,-2,6,-1,5,0,5,2,6,5,6,6,6,6,5,5,4,5,2,3,1,0,0,0,0,0,0,0,0,0,0,0,0,0,0,0,0,0,0,0,0,2,-3,8,-11,7,-8,7,-6,7,-4,6,-2,6,-1,4,-1,1,-2,-3,-1,-4,-1,-5,-5,-7,-8,-11,-9,-12,-12,-12,-15,-13,-17,-15,-18,-14,-20,-14,-20,-17,-17,-15,-18,-11,-20,-11,-19,-11,-15,-11,-13,-10,-13"
71.02464699745178,1095,"CSI,3142,128,101,81,22,0,-22,8,-22,8,-22,8,-22,9,-22,10,-21,10,-20,10,-20,10,-20,10,-20,10,-20,10,-19,11,-20,11,-20,11,-20,11,-20,10,-19,9,-18,9,-18,8,-18,8,-17,7,-17,7,-17,6,-16,6,-15,5,-4,1,0,0,0,0,0,0,0,0,0,0,0,0,0,0,0,0,0,0,-4,1,-15,7,-15,7,-16,7,-17,7,-18,7,-18,7,-19,7,-20,7,-21,7,-22,7,-22,6,-22,6,-22,5,-22,5,-23,5,-23,5,-22,6,-22,6,-23,7,-23,7,-23,7,-22,7,-22,7,-22,7,-23,7,-24,8"
71.0908350944519,1096,"CSI,2432,128,83,49,21,0,3,1,-4,-1,-9,-4,-14,-5,-17,-7,-18,-10,-20,-8,-24,-6,-22,-7,-17,-9,-15,-11,-14,-10,-13,-8,-10,-6,-7,-4,-5,-1,-3,2,-1,4,-1,7,1,8,1,8,0,6,1,5,4,6,5,8,1,2,0,0,0,0,0,0,0,0,0,0,0,0,0,0,0,0,0,0,-2,1,-7,6,-9,5,-10,6,-10,6,-8,3,-5,1,-3,3,-5,3,-6,1,-3,0,2,-1,6,-1,9,0,11,1,13,2,14,1,17,0,20,0,22,0,24,0,26,1,25,2,22,3,23,2,21,-2,15,-4"
71.12097191810608,1097,"CSI,3143,128,101,81,22,0,9,21,10,21,10,21,10,20,10,20,10,19,11,19,12,20,11,19,11,20,11,19,11,19,11,19,11,19,11,18,10,19,9,19,9,18,9,18,8,16,7,16,7,15,6,15,5,15,5,14,1,3,0,0,0,0,0,0,0,0,0,0,0,0,0,0,0,0,0,0,2,3,9,12,9,13,9,14,9,15,9,16,10,17,10,18,10,19,9,19,8,20,8,21,8,22,8,22,8,22,8,21,8,22,8,22,8,21,8,21,9,21,9,21,10,21,10,22,9,22,10,22,11,22"
71.19597887992859,1098,"CSI,2437,128,83,49,21,0,-5,-4,-6,-1,-8,4,-6,7,-4,11,-5,15,-5,17,-4,21,-5,20,-7,18,-9,17,-10,14,-8,12,-6,11,-4,10,-2,8,0,6,1,7,2,6,4,6,3,5,1,4,3,2,6,1,7,0,1,-1,0,0,0,0,0,0,0,0,0,0,0,0,0,0,0,0,0,0,1,-3,5,-9,7,-8,8,-9,8,-8,5,-6,5,-4,5,-3,3,-2,1,-1,1,-2,0,-2,-3,-3,-6,-5,-9,-9,-11,-9,-12,-9,-13,-10,-14,-12,-16,-16,-17,-18,-14,-19,-11,-19,-13,-18,-13,-17,-14,-15,-13,-13"
71.22991704940796,1099,"CSI,3144,128,101,81,22,0,-27,-1,-26,-1,-27,-1,-27,0,-26,1,-26,1,-26,1,-26,1,-26,2,-26,2,-25,2,-25,2,-25,2,-25,3,-25,2,-25,2,-24,1,-23,0,-22,0,-22,0,-21,0,-20,0,-20,0,-19,-1,-18,-2,-5,-1,0,0,0,0,0,0,0,0,0,0,0,0,0,0,0,0,0,0,-5,0,-19,1,-20,1,-21,0,-22,0,-23,0,-23,-1,-24,-2,-25,-2,-26,-2,-26,-3,-26,-4,-26,-4,-26,-5,-26,-5,-26,-4,-27,-4,-27,-4,-26,-4,-27,-3,-27,-3,-27,-2,-27,-2,-27,-3,-27,-2,-28,-2,-29,-1"
71.29567503929138,1100,"CSI,2441,128,83,49,21,0,9,-1,8,-3,7,-5,5,-8,4,-12,8,-14,13,-16,14,-19,11,-19,10,-15,11,-12,11,-11,10,-10,8,-7,6,-5,5,-6,3,-8,0,-9,-1,-8,-2,-7,-1,-7,1,-7,-1,-5,-3,-5,-3,-5,-1,-2,0,0,0,0,0,0,0,0,0,0,0,0,0,0,0,0,0,0,0,2,3,8,1,10,-1,10,-4,10,-4,8,-3,6,-2,4,0,3,4,2,6,0,6,-1,7,-2,10,-1,13,1,16,3,19,6,18,8,15,8,16,7,17,8,15,11,15,12,15,8,17,5,18,3,18,2"
71.3342719078064,1101,"CSI,3145,128,101,81,22,0,15,-11,14,-11,14,-12,15,-12,15,-12,14,-12,13,-12,13,-12,13,-13,13,-13,12,-13,12,-13,12,-13,13,-12,13,-12,13,-12,12,-11,12,-11,11,-10,11,-10,11,-9,11,-9,11,-8,10,-8,10,-7,2,-2,0,0,0,0,0,0,0,0,0,0,0,0,0,0,0,0,0,0,2,-3,9,-10,9,-10,10,-10,11,-10,12,-10,12,-11,12,-11,13,-11,14,-11,15,-11,15,-10,15,-10,15,-10,15,-10,16,-10,16,-10,15,-10,15,-10,16,-11,16,-11,16,-11,15,-11,15,-11,15,-11,16,-11,16,-12"
71.39915418624878,1102,"CSI,2445,128,83,49,21,0,-2,7,1,6,7,3,13,1,15,-1,18,-2,18,-2,14,-1,15,2,18,3,20,4,18,2,14,0,12,1,11,1,11,0,10,-1,5,-4,1,-5,-1,-5,-1,-5,-1,-6,-3,-6,-5,-6,-6,-7,-2,-2,0,0,0,0,0,0,0,0,0,0,0,0,0,0,0,0,0,0,-2,-1,-7,-5,-7,-7,-6,-9,-4,-10,-2,-7,-2,-6,0,-7,2,-8,2,-6,1,-1,0,2,0,5,-2,7,-5,9,-6,13,-6,16,-7,15,-8,15,-11,16,-15,19,-16,19,-15,18,-15,17,-14,16,-11,15,-10,14"
71.44277119636536,1103,"CSI,3146,128,101,81,22,0,2,-14,2,-14,2,-14,2,-14,2,-14,2,-14,1,-14,1,-14,1,-14,0,-14,0,-14,0,-14,0,-14,1,-14,1,-13,1,-13,1,-13,1,-13,1,-12,1,-12,1,-11,1,-11,1,-10,2,-10,2,-10,0,-3,0,0,0,0,0,0,0,0,0,0,0,0,0,0,0,0,0,0,0,-3,0,-10,0,-10,1,-11,1,-11,1,-12,2,-12,2,-13,2,-13,3,-13,3,-13,3,-14,3,-14,3,-14,3,-14,4,-14,4,-14,3,-14,3,-14,4,-14,4,-14,4,-14,3,-14,2,-14,3,-14,3,-14,3,-14"
71.50144505500793,1104,"CSI,2449,128,83,49,21,0,7,7,4,-1,5,-6,6,-9,6,-11,7,-14,8,-13,9,-10,12,-12,15,-16,15,-16,14,-13,11,-13,8,-11,4,-8,2,-8,0,-8,-2,-6,-2,-8,-2,-10,-5,-9,-5,-7,-3,-5,-5,-4,-9,-3,-3,-1,0,0,0,0,0,0,0,0,0,0,0,0,0,0,0,0,0,0,-1,2,-6,10,-8,8,-11,7,-11,6,-10,4,-10,2,-8,1,-7,1,-5,1,-4,1,0,3,3,6,4,8,6,8,10,8,10,10,11,12,13,15,14,16,15,17,16,19,16,19,15,18,13,18,13,18,14,18"
71.55831909179688,1105,"CSI,3147,128,101,81,22,0,-1,-20,-1,-20,-1,-20,-2,-19,-2,-19,-2,-18,-3,-19,-3,-19,-3,-19,-3,-19,-4,-19,-4,-18,-4,-18,-4,-18,-3,-17,-3,-17,-3,-17,-3,-17,-2,-16,-2,-15,-2,-14,-2,-14,-2,-13,-1,-13,-1,-13,-1,-4,0,0,0,0,0,0,0,0,0,0,0,0,0,0,0,0,0,0,-1,-4,-3,-14,-3,-15,-2,-16,-2,-16,-2,-17,-2,-18,-2,-19,-1,-19,-1,-19,0,-19,0,-20,1,-20,1,-21,1,-21,1,-20,1,-20,1,-21,1,-20,1,-20,1,-20,0,-20,0,-20,-1,-20,-1,-20,-1,-20,-1,-21"
71.60324192047119,1106,"CSI,2452,128,83,49,21,0,1,-5,0,1,0,7,0,12,-3,16,-6,19,-7,19,-5,17,-7,17,-10,17,-10,15,-9,14,-9,12,-8,9,-4,7,0,5,0,3,-1,0,2,1,5,1,6,-1,6,-2,6,-3,5,-4,4,-3,0,-1,0,0,0,0,0,0,0,0,0,0,0,0,0,0,0,0,0,0,2,1,10,5,10,3,8,3,6,5,6,5,6,3,3,4,1,3,-1,0,-2,0,-3,-1,-3,-4,-5,-7,-6,-11,-6,-13,-5,-14,-3,-16,-4,-20,-9,-21,-10,-20,-9,-22,-9,-23,-7,-23,-5,-23,-7,-24,-10,-23"
71.64224195480347,1107,"CSI,376,128,-117,-78,40,0,21,8,21,8,22,7,22,6,21,6,21,6,21,6,21,6,21,5,21,5,21,5,21,5,21,5,21,4,21,4,20,5,20,6,19,6,18,6,17,5,17,5,16,5,15,5,15,5,14,6,3,1,0,0,0,0,0,0,0,0,0,0,0,0,0,0,0,0,0,0,3,0,15,1,16,2,16,2,17,3,18,3,18,4,19,5,20,6,20,6,20,7,20,7,20,9,21,9,21,9,21,9,21,9,21,9,21,9,21,8,21,8,22,8,22,8,22,8,22,8,23,8,24,8"
71.67411613464355,1108,"CSI,3148,128,101,81,22,0,23,-8,22,-8,22,-9,23,-9,23,-10,22,-10,21,-10,21,-10,21,-10,20,-11,20,-11,20,-11,20,-11,20,-11,20,-11,20,-10,20,-9,19,-8,18,-8,18,-8,17,-7,17,-7,16,-6,16,-6,15,-5,3,-2,0,0,0,0,0,0,0,0,0,0,0,0,0,0,0,0,0,0,3,-3,14,-9,15,-9,16,-9,17,-9,18,-9,19,-8,19,-8,20,-8,22,-8,22,-8,22,-7,22,-6,23,-6,23,-6,23,-6,23,-6,23,-6,23,-6,23,-7,24,-8,24,-8,23,-8,23,-7,23,-7,24,-8,25,-9"
71.70719718933105,1109,"CSI,2457,128,83,49,21,0,3,0,2,-3,2,-5,0,-8,-2,-13,0,-15,0,-18,-5,-24,-5,-23,-2,-20,1,-19,1,-16,0,-14,-2,-13,-4,-12,-4,-9,-3,-6,-4,-4,-6,-3,-7,-2,-7,-1,-5,0,-4,2,-3,4,-1,5,0,1,0,0,0,0,0,0,0,0,0,0,0,0,0,0,0,0,0,0,-2,0,-6,3,-8,2,-8,1,-8,0,-9,-2,-7,-2,-5,-2,-3,-1,-1,1,-1,0,0,-2,4,0,6,4,6,5,9,5,12,6,13,9,14,12,12,14,14,14,17,13,17,13,15,12,16,13,18,13,16,15"
71.78609085083008,1110,"CSI,3149,128,101,81,22,0,-2,-22,-2,-22,-3,-22,-3,-22,-3,-21,-3,-21,-4,-21,-4,-22,-4,-22,-4,-21,-5,-21,-4,-21,-4,-21,-4,-20,-4,-20,-3,-20,-3,-20,-3,-19,-2,-19,-2,-18,-2,-17,-1,-16,-1,-16,-1,-15,-1,-15,0,-4,0,0,0,0,0,0,0,0,0,0,0,0,0,0,0,0,0,0,-2,-4,-5,-16,-5,-16,-5,-17,-4,-18,-4,-19,-4,-20,-4,-21,-3,-21,-2,-22,-2,-22,-1,-23,-1,-23,-1,-23,-1,-23,-1,-23,-1,-23,-1,-23,-1,-23,-1,-22,-1,-22,-1,-22,-2,-23,-2,-23,-2,-23,-2,-23,-3,-24"
71.81688117980957,1111,"CSI,2461,128,83,49,21,0,7,-4,2,-4,-3,-7,-8,-8,-9,-10,-10,-12,-12,-12,-17,-12,-16,-14,-10,-16,-8,-16,-8,-15,-8,-13,-7,-12,-6,-9,-4,-7,-6,-5,-9,-4,-9,-3,-6,-1,-5,0,-3,0,-4,1,-5,3,-6,4,-2,1,0,0,0,0,0,0,0,0,0,0,0,0,0,0,0,0,0,0,1,0,6,1,8,2,8,3,6,5,5,5,6,5,5,4,4,3,4,1,6,-2,9,-3,10,-4,8,-5,8,-3,9,-4,11,-9,13,-12,12,-12,12,-12,15,-14,16,-15,15,-15,17,-16,18,-16,17,-14,16,-13"
71.8946521282196,1112,"CSI,3150,128,101,81,22,0,17,4,17,3,18,3,18,2,18,2,18,1,18,1,18,1,18,1,17,1,17,1,17,1,17,0,17,0,17,0,17,1,16,1,16,1,15,1,14,1,14,1,13,1,13,1,12,1,12,2,3,0,0,0,0,0,0,0,0,0,0,0,0,0,0,0,0,0,0,0,3,0,13,0,13,0,14,1,14,1,15,2,16,2,16,3,16,3,17,4,17,4,17,5,17,6,17,6,17,6,17,6,18,6,18,6,17,6,18,5,18,4,18,4,18,4,18,5,18,5,19,4,20,4"
71.92530083656311,1113,"CSI,0,128,-118,32,8,0,20,1,18,0,16,-1,14,-1,10,-1,7,-1,3,0,0,1,-4,3,-6,4,-9,6,-10,8,-12,9,-13,11,-14,12,-13,11,-12,10,-11,9,-10,8,-9,6,-8,4,-6,2,-4,1,-2,-1,0,-2,0,-1,0,0,0,0,0,0,0,0,0,0,0,0,0,0,0,0,0,0,0,1,-1,4,-2,2,-3,0,-5,-3,-6,-5,-6,-8,-7,-10,-7,-12,-8,-14,-8,-16,-8,-16,-7,-16,-7,-15,-7,-14,-6,-12,-5,-10,-4,-7,-1,-5,1,-3,4,-1,7,1,10,3,13,4,16,5,19,5,21,4"
71.95584106445312,1114,"CSI,0,128,-98,96,9,0,-21,1,-19,2,-17,2,-14,2,-11,2,-7,1,-4,-1,-1,-2,2,-4,5,-6,7,-8,8,-10,10,-12,11,-13,11,-14,11,-13,10,-12,9,-11,8,-10,7,-8,6,-6,4,-4,2,-2,0,0,-2,1,-1,0,0,0,0,0,0,0,0,0,0,0,0,0,0,0,0,0,0,0,-1,-2,-2,-4,0,-3,2,-2,4,1,5,3,6,5,7,7,9,10,10,12,10,13,10,13,10,13,9,12,9,11,8,10,6,8,4,6,2,4,-1,2,-5,0,-8,-1,-11,-2,-14,-3,-18,-3,-21,-2,-23,-2"
71.98366093635559,1115,"CSI,2465,128,83,49,21,0,0,11,3,6,6,2,9,0,13,0,18,-1,21,0,21,5,21,6,22,4,21,3,18,2,14,3,12,2,12,1,10,0,7,0,6,-1,7,-3,8,-4,5,-2,2,-1,1,-4,0,-7,-1,-9,-1,-3,0,0,0,0,0,0,0,0,0,0,0,0,0,0,0,0,0,0,-3,2,-9,9,-9,6,-10,4,-9,3,-8,4,-9,6,-9,5,-9,5,-8,5,-7,5,-5,6,-4,8,-4,9,-1,9,-1,9,0,10,3,12,5,17,7,21,9,24,8,25,5,25,2,25,0,25,0,26,1,26"
72.02241611480713,1116,"CSI,3151,128,101,81,22,0,17,-16,16,-17,16,-17,17,-17,17,-17,16,-17,15,-17,14,-18,14,-18,14,-18,13,-18,13,-18,13,-18,13,-18,14,-18,14,-17,13,-17,12,-16,12,-15,12,-14,12,-14,12,-13,11,-13,11,-12,11,-11,2,-3,0,0,0,0,0,0,0,0,0,0,0,0,0,0,0,0,0,0,2,-4,10,-13,10,-13,11,-14,12,-14,13,-14,14,-15,14,-15,15,-15,17,-15,18,-15,18,-15,18,-15,18,-15,18,-15,19,-15,19,-14,18,-14,18,-15,19,-15,19,-15,19,-16,18,-16,17,-16,18,-16,19,-16,20,-16"
72.0522449016571,1117,"CSI,2468,128,83,49,21,0,-4,18,-2,11,0,4,2,-1,5,-7,7,-12,12,-16,17,-20,15,-22,12,-20,12,-18,12,-16,11,-14,12,-13,14,-12,12,-10,9,-10,5,-8,2,-5,-1,-4,-1,-5,-2,-3,-3,1,-5,1,-7,0,-2,0,0,0,0,0,0,0,0,0,0,0,0,0,0,0,0,0,0,0,-2,-1,-5,-1,-8,0,-12,0,-12,-1,-11,-2,-10,-3,-12,-5,-13,-6,-12,-6,-11,-4,-11,-1,-9,-1,-5,0,-2,1,0,2,2,7,5,10,6,14,7,19,7,22,4,25,1,26,0,24,1,26,4,30,6,29"
72.11486601829529,1118,"CSI,2473,128,83,49,21,0,6,-19,5,-15,-1,-10,-7,-4,-13,-1,-14,1,-16,2,-24,2,-29,1,-26,-1,-22,-3,-20,-3,-19,-3,-19,-2,-19,0,-16,0,-10,0,-7,3,-7,3,-7,2,-5,1,-4,2,-1,2,1,2,2,2,0,0,0,0,0,0,0,0,0,0,0,0,0,0,0,0,0,0,0,0,1,0,6,2,7,3,7,4,7,7,9,9,9,9,7,7,6,7,6,7,5,5,4,2,4,-1,5,-1,7,-1,9,-2,9,-4,6,-6,3,-10,2,-15,3,-19,8,-21,11,-22,10,-25,10,-27,11,-26,11,-25"
72.14656925201416,1119,"CSI,3152,128,101,81,22,0,13,-6,12,-6,12,-6,12,-7,12,-7,12,-7,11,-7,11,-7,11,-8,10,-8,10,-8,10,-8,10,-8,10,-8,10,-8,10,-8,10,-7,9,-7,9,-6,9,-6,8,-6,8,-6,8,-6,8,-5,8,-5,2,-2,0,0,0,0,0,0,0,0,0,0,0,0,0,0,0,0,0,0,2,-2,8,-5,9,-5,9,-5,10,-5,10,-5,11,-5,11,-5,12,-5,12,-5,13,-5,13,-5,13,-5,13,-4,13,-4,13,-4,13,-5,13,-5,13,-5,13,-5,14,-5,13,-5,13,-5,13,-5,13,-5,13,-6,13,-5"
72.22058200836182,1120,"CSI,2476,128,83,49,21,0,6,-21,4,-18,0,-15,-3,-13,-7,-10,-13,-8,-18,-6,-23,-3,-23,-6,-20,-11,-18,-11,-18,-9,-18,-10,-16,-10,-14,-11,-13,-11,-12,-10,-10,-9,-10,-7,-10,-6,-9,-6,-8,-4,-7,-1,-6,1,-5,1,-1,0,0,0,0,0,0,0,0,0,0,0,0,0,0,0,0,0,0,0,1,-1,6,-5,6,-6,6,-5,7,-5,9,-6,10,-4,8,-3,9,-4,10,-5,9,-6,8,-8,6,-10,4,-9,3,-9,5,-10,7,-11,5,-13,1,-15,-2,-18,-2,-21,0,-23,2,-25,2,-26,4,-26,6,-24,7,-23"
72.31970500946045,1121,"CSI,2481,128,83,49,21,0,28,4,23,3,16,1,10,-5,7,-11,5,-15,5,-16,7,-15,7,-17,8,-21,8,-23,8,-25,10,-24,10,-19,10,-17,10,-17,10,-15,7,-12,5,-10,4,-9,1,-8,-2,-7,-5,-7,-6,-7,-8,-8,-3,-2,0,0,0,0,0,0,0,0,0,0,0,0,0,0,0,0,0,0,1,0,3,4,4,7,5,9,6,7,6,8,6,10,5,11,6,12,7,15,6,15,5,13,6,11,6,11,7,11,9,10,11,7,12,4,14,2,16,-2,21,-3,27,-2,29,-1,30,-1,33,-1,36,2,35,5"
72.35570287704468,1122,"CSI,3154,128,101,81,22,0,10,-17,10,-17,10,-17,10,-17,9,-17,9,-17,8,-17,7,-17,7,-17,7,-17,6,-17,6,-17,6,-17,7,-16,7,-16,7,-16,6,-16,6,-15,6,-14,6,-14,6,-13,6,-12,6,-12,6,-11,6,-11,1,-3,0,0,0,0,0,0,0,0,0,0,0,0,0,0,0,0,0,0,1,-4,6,-15,6,-15,7,-16,8,-16,8,-17,9,-17,9,-17,10,-18,11,-18,12,-18,12,-18,12,-17,12,-17,13,-17,13,-17,13,-17,12,-17,12,-17,12,-17,12,-17,12,-17,11,-17,11,-17,11,-17,12,-17,12,-18"
72.38454389572144,1123,"CSI,3120,128,83,49,21,0,-9,-17,-8,-19,-8,-18,-5,-18,-5,-17,-5,-16,-6,-11,-8,-6,-7,-5,-2,-5,0,-4,0,-2,-3,1,-4,6,-5,8,-6,9,-7,9,-6,8,-5,6,-4,6,-4,7,-3,6,-3,5,-3,5,-3,3,-1,0,0,0,0,0,0,0,0,0,0,0,0,0,0,0,0,0,0,0,-2,0,-6,2,-5,1,-5,0,-5,1,-3,1,-3,-2,-2,-2,-1,0,-1,2,1,1,3,-1,6,1,9,1,10,0,12,-1,13,0,13,0,12,0,12,2,12,1,12,0,9,-1,5,-2,1,-3,-1,-6,-2,-7"
72.42379903793335,1124,"CSI,2484,128,83,49,21,0,0,13,3,7,4,0,5,-7,5,-14,7,-17,12,-19,16,-21,15,-18,13,-16,12,-19,14,-17,14,-16,12,-18,11,-17,9,-15,4,-10,-1,-6,-3,-7,-5,-8,-6,-6,-6,-2,-6,0,-8,1,-9,3,-3,1,0,0,0,0,0,0,0,0,0,0,0,0,0,0,0,0,0,0,-2,-3,-8,-8,-7,-9,-5,-10,-4,-10,-2,-8,-1,-8,0,-10,0,-9,1,-7,1,-4,2,0,3,4,1,7,-3,8,-4,10,-6,13,-7,15,-6,17,-6,21,-6,25,-8,26,-9,25,-6,24,-4,24,-4,25,-6,24"
72.45925498008728,1125,"CSI,3155,128,101,81,22,0,-24,3,-24,3,-24,3,-24,4,-24,4,-23,4,-23,5,-23,5,-23,5,-23,5,-22,5,-22,6,-22,6,-23,6,-23,6,-23,5,-22,5,-21,4,-21,4,-20,4,-20,3,-19,3,-19,3,-18,2,-17,1,-5,0,0,0,0,0,0,0,0,0,0,0,0,0,0,0,0,0,0,0,-4,1,-15,4,-16,4,-17,4,-18,4,-19,4,-19,3,-20,3,-21,3,-22,3,-23,2,-23,2,-23,1,-23,1,-23,0,-23,0,-24,0,-24,0,-23,1,-24,1,-24,2,-24,2,-24,2,-24,2,-24,2,-25,2,-26,2"
72.52965998649597,1126,"CSI,2488,128,83,49,21,0,4,-21,0,-17,-4,-13,-9,-11,-12,-11,-14,-12,-17,-15,-22,-19,-23,-19,-20,-16,-17,-16,-15,-16,-14,-17,-13,-18,-14,-17,-13,-16,-11,-13,-8,-9,-8,-10,-8,-10,-7,-9,-8,-5,-10,-3,-9,0,-8,2,-2,0,0,0,0,0,0,0,0,0,0,0,0,0,0,0,0,0,0,0,0,-2,1,-7,2,-8,3,-10,5,-12,5,-12,6,-12,8,-12,8,-12,7,-10,7,-9,6,-10,3,-10,2,-11,2,-15,2,-15,0,-13,-4,-14,-6,-18,-5,-22,-5,-25,-4,-28,-3,-29,-1,-30,0,-34,3,-35,5,-34"
72.57313704490662,1127,"CSI,3156,128,101,81,22,0,-4,-15,-4,-15,-4,-14,-4,-14,-4,-14,-5,-14,-5,-14,-6,-14,-6,-14,-6,-14,-6,-14,-6,-13,-6,-13,-6,-13,-6,-13,-5,-13,-5,-13,-5,-13,-5,-12,-5,-11,-4,-11,-4,-11,-4,-10,-4,-10,-3,-10,-1,-3,0,0,0,0,0,0,0,0,0,0,0,0,0,0,0,0,0,0,-1,-3,-4,-9,-4,-9,-3,-10,-3,-10,-3,-11,-3,-12,-4,-12,-3,-13,-3,-13,-2,-13,-2,-14,-2,-14,-2,-14,-2,-14,-2,-14,-2,-14,-3,-14,-3,-14,-2,-14,-2,-14,-3,-14,-3,-14,-4,-15,-4,-14,-3,-14,-3,-14"
72.62647700309753,1128,"CSI,2492,128,83,49,21,0,2,15,4,15,7,15,8,15,8,16,8,18,5,21,2,25,4,24,6,19,4,16,4,13,3,10,3,9,3,8,3,6,5,3,9,2,9,4,7,8,7,8,8,8,7,7,8,4,8,3,2,0,0,0,0,0,0,0,0,0,0,0,0,0,0,0,0,0,0,0,-3,1,-12,4,-12,3,-11,2,-10,2,-9,2,-6,1,-3,2,-1,5,-3,7,-5,10,-6,13,-7,15,-7,16,-9,18,-11,20,-12,18,-13,17,-14,18,-14,18,-12,16,-13,16,-14,16,-11,14,-8,12,-8,14,-8,15"
72.68474626541138,1129,"CSI,3157,128,101,81,22,0,13,12,13,12,14,12,14,11,14,11,14,11,15,11,15,11,15,10,15,10,15,10,15,10,15,10,15,10,15,10,15,11,14,11,14,11,13,11,12,10,12,10,11,10,11,10,10,10,10,10,2,2,0,0,0,0,0,0,0,0,0,0,0,0,0,0,0,0,0,0,2,1,8,5,8,6,8,6,9,7,9,8,9,8,10,9,10,10,10,10,10,10,10,11,10,12,10,12,10,12,10,12,11,12,11,12,11,12,11,11,11,11,12,11,12,12,13,12,13,12,13,12,14,12"
72.72092008590698,1130,"CSI,380,128,-117,-78,40,0,14,-15,13,-15,14,-15,14,-15,14,-15,13,-16,13,-16,13,-16,13,-16,12,-16,12,-16,12,-16,12,-16,13,-16,13,-16,13,-16,13,-15,13,-14,13,-13,13,-13,12,-12,12,-11,12,-11,12,-10,11,-9,2,-3,0,0,0,0,0,0,0,0,0,0,0,0,0,0,0,0,0,0,1,-3,7,-10,7,-10,8,-11,8,-11,9,-11,9,-11,10,-12,10,-12,11,-12,12,-12,13,-12,13,-12,13,-12,13,-12,13,-12,13,-12,13,-12,13,-13,14,-13,14,-13,14,-13,14,-14,13,-14,14,-14,14,-14,15,-15"
72.75215291976929,1131,"CSI,2496,128,83,49,21,0,19,-2,16,-3,13,-4,10,-8,8,-11,8,-13,11,-16,15,-19,15,-20,15,-19,14,-19,14,-19,14,-17,13,-16,12,-16,13,-12,11,-8,8,-7,6,-8,2,-8,1,-7,1,-7,-1,-7,-3,-6,-3,-6,-1,-2,0,0,0,0,0,0,0,0,0,0,0,0,0,0,0,0,0,0,1,-2,7,-4,10,-1,11,1,11,2,11,1,9,0,8,0,7,-1,7,-3,10,0,12,0,12,-3,14,-3,14,-2,13,-3,16,-6,16,-7,17,-6,19,-9,19,-10,22,-8,28,-6,29,-7,30,-8,30,-6,28,-6"
72.80649995803833,1132,"CSI,3158,128,101,81,22,0,-18,-12,-18,-12,-18,-12,-18,-11,-18,-10,-18,-9,-18,-10,-18,-10,-18,-10,-18,-9,-18,-9,-18,-9,-18,-8,-18,-8,-18,-8,-18,-9,-17,-9,-16,-9,-16,-9,-15,-8,-14,-8,-14,-8,-13,-8,-13,-8,-12,-8,-3,-2,0,0,0,0,0,0,0,0,0,0,0,0,0,0,0,0,0,0,-4,-2,-13,-7,-13,-7,-14,-8,-14,-8,-15,-9,-15,-10,-15,-10,-16,-11,-16,-11,-16,-12,-16,-12,-16,-13,-16,-14,-16,-14,-16,-13,-16,-13,-16,-13,-16,-13,-16,-12,-17,-12,-17,-12,-17,-12,-17,-13,-18,-12,-18,-12,-19,-12"
72.83798003196716,1133,"CSI,2501,128,83,49,21,0,3,-10,-2,-9,-5,-9,-10,-9,-16,-11,-19,-14,-21,-17,-23,-21,-21,-20,-20,-17,-17,-16,-15,-16,-13,-14,-11,-11,-9,-7,-8,-6,-7,-4,-7,-1,-8,0,-9,-1,-10,3,-8,5,-7,4,-7,4,-7,7,-2,2,0,0,0,0,0,0,0,0,0,0,0,0,0,0,0,0,0,0,2,1,9,5,9,5,7,5,2,4,2,5,5,7,6,7,5,5,4,2,4,-1,5,-5,7,-9,8,-8,7,-8,8,-11,10,-12,10,-13,11,-16,13,-19,15,-22,16,-24,17,-25,17,-23,18,-20,17,-16,15,-11"
72.93322587013245,1134,"CSI,2505,128,83,49,21,0,-5,17,0,14,3,12,7,12,12,14,13,13,10,14,6,17,9,19,13,18,12,19,9,18,8,16,6,15,4,12,4,11,5,9,6,5,6,2,6,3,7,3,7,2,7,2,7,2,6,0,1,-1,0,0,0,0,0,0,0,0,0,0,0,0,0,0,0,0,0,0,-2,1,-6,6,-6,6,-7,6,-9,8,-9,9,-7,6,-7,3,-9,3,-10,6,-8,7,-6,7,-3,8,-3,9,-6,11,-7,11,-5,14,-3,18,-2,21,-2,21,-2,22,-2,24,-3,24,-4,23,-7,25,-11,24,-14,22"
73.03062009811401,1135,"CSI,3160,128,101,81,22,0,-17,-19,-17,-19,-17,-18,-17,-17,-17,-17,-18,-17,-18,-17,-18,-17,-19,-16,-19,-16,-19,-16,-19,-16,-19,-15,-19,-15,-18,-15,-17,-15,-17,-16,-16,-16,-16,-15,-15,-14,-14,-13,-14,-13,-13,-12,-12,-12,-12,-13,-3,-4,0,0,0,0,0,0,0,0,0,0,0,0,0,0,0,0,0,0,-4,-3,-13,-12,-13,-13,-13,-14,-13,-14,-13,-15,-14,-16,-14,-18,-14,-18,-14,-18,-14,-19,-14,-20,-14,-21,-14,-21,-14,-21,-14,-21,-14,-21,-14,-21,-15,-21,-15,-20,-15,-19,-15,-19,-16,-20,-16,-20,-16,-19,-16,-19,-17,-20"
73.0593650341034,1136,"CSI,2508,128,83,49,21,0,-14,8,-7,9,-3,9,-2,13,0,17,1,18,5,23,9,27,5,25,-2,24,-3,24,-5,22,-6,19,-5,16,-5,13,-6,11,-3,8,0,7,1,7,3,7,6,7,7,4,8,2,8,2,6,3,1,0,0,0,0,0,0,0,0,0,0,0,0,0,0,0,0,0,0,0,-2,-1,-6,-3,-8,-2,-11,-4,-12,-5,-11,-4,-9,-3,-6,-5,-6,-7,-7,-6,-7,-3,-6,0,-4,3,-7,4,-12,3,-14,4,-15,6,-15,9,-18,10,-22,11,-24,11,-27,9,-28,9,-27,10,-26,11,-25,8,-21,5"
73.1398561000824,1137,"CSI,3161,128,101,81,22,0,19,-17,18,-17,18,-17,19,-17,19,-17,18,-18,17,-18,16,-18,16,-18,16,-19,15,-19,15,-19,16,-19,16,-18,16,-18,16,-18,16,-17,15,-17,15,-16,15,-15,15,-14,14,-14,14,-13,14,-12,13,-12,3,-3,0,0,0,0,0,0,0,0,0,0,0,0,0,0,0,0,0,0,2,-4,9,-13,10,-13,11,-13,12,-14,13,-14,13,-14,14,-15,15,-15,16,-15,17,-15,18,-15,18,-15,18,-15,19,-15,19,-15,19,-14,19,-15,19,-15,19,-15,20,-15,19,-16,19,-16,18,-16,19,-16,20,-16,20,-17"
73.16999793052673,1138,"CSI,2513,128,83,49,21,0,7,5,7,1,8,-6,10,-10,12,-13,11,-15,13,-20,17,-26,18,-26,16,-22,14,-18,12,-15,12,-14,12,-14,10,-13,6,-9,3,-5,0,-4,-2,-7,-4,-9,-6,-9,-7,-8,-7,-6,-7,-3,-7,-4,-2,-2,0,0,0,0,0,0,0,0,0,0,0,0,0,0,0,0,0,0,-2,1,-7,7,-5,7,-7,7,-9,6,-10,3,-9,0,-6,-1,-2,0,1,2,3,2,3,2,3,5,5,8,8,9,9,10,11,13,12,14,11,15,12,19,14,21,15,21,13,22,10,23,10,21,12,18,10,17"
73.24309015274048,1139,"CSI,2517,128,83,49,21,0,10,-3,5,-6,0,-9,-4,-11,-7,-15,-8,-17,-11,-18,-14,-22,-13,-22,-10,-21,-6,-23,-4,-23,-4,-21,-4,-20,-3,-16,-4,-11,-4,-8,-5,-7,-6,-5,-6,-3,-6,-1,-8,1,-7,1,-6,2,-5,3,-2,1,0,0,0,0,0,0,0,0,0,0,0,0,0,0,0,0,0,0,0,1,4,6,5,6,6,7,3,7,-1,6,-1,6,0,8,2,7,3,3,3,0,4,-1,6,-3,9,-6,10,-7,10,-6,12,-6,13,-8,15,-10,17,-12,19,-11,21,-10,23,-10,24,-7,25,-6,24,-8,22,-8"
73.34637403488159,1140,"CSI,2520,128,83,49,21,0,-5,-11,-8,-5,-9,-2,-12,1,-16,6,-19,8,-20,9,-19,12,-21,13,-23,10,-25,6,-25,3,-23,2,-19,3,-14,5,-13,6,-11,5,-7,3,-5,2,-3,3,-2,5,-2,6,2,7,4,6,4,5,1,1,0,0,0,0,0,0,0,0,0,0,0,0,0,0,0,0,0,0,1,-2,5,-7,6,-6,7,-5,7,-5,8,-3,7,-1,6,1,7,-1,6,-2,6,-1,3,-2,-1,-4,-3,-8,-5,-8,-6,-8,-7,-10,-8,-15,-8,-19,-10,-20,-11,-22,-10,-26,-8,-27,-7,-26,-7,-27,-7,-28,-5,-23"
73.37998294830322,1141,"CSI,3163,128,101,81,22,0,-17,10,-17,10,-17,10,-17,10,-17,11,-16,11,-16,11,-16,11,-16,11,-15,11,-15,11,-15,12,-15,11,-15,11,-15,11,-15,11,-14,10,-14,10,-14,9,-14,9,-13,8,-13,8,-13,8,-12,7,-12,6,-3,1,0,0,0,0,0,0,0,0,0,0,0,0,0,0,0,0,0,0,-3,2,-10,8,-10,8,-11,8,-12,8,-12,8,-13,9,-13,9,-14,9,-15,9,-16,9,-17,9,-16,8,-17,8,-17,8,-17,8,-17,8,-17,8,-17,8,-18,9,-18,9,-18,9,-17,9,-17,9,-18,10,-18,10,-19,10"
73.44622707366943,1142,"CSI,2524,128,83,49,21,0,-11,0,-7,1,-4,4,1,7,5,12,6,16,9,16,12,15,11,16,8,18,7,20,8,19,7,18,5,17,4,15,5,13,6,9,4,7,2,6,3,5,5,2,6,-1,5,-3,3,-4,1,-7,0,-3,0,0,0,0,0,0,0,0,0,0,0,0,0,0,0,0,0,0,0,-3,1,-9,2,-8,4,-6,4,-8,3,-10,5,-10,7,-8,7,-5,6,-3,3,-4,0,-6,-2,-5,-5,-3,-8,-3,-11,-5,-13,-4,-13,-4,-15,-3,-21,-2,-26,-1,-29,-3,-32,-6,-32,-8,-28,-9,-25,-8,-25,-8"
73.47629308700562,1143,"CSI,3164,128,101,81,22,0,22,11,22,10,22,10,22,9,22,8,22,8,22,8,22,8,22,7,22,7,22,7,21,6,21,6,22,6,22,6,21,6,20,7,20,7,19,7,18,6,17,5,17,6,16,6,15,6,15,6,3,1,0,0,0,0,0,0,0,0,0,0,0,0,0,0,0,0,0,0,4,0,16,2,17,3,17,4,18,4,19,5,20,6,20,7,21,8,21,8,22,9,22,10,21,11,22,11,22,11,22,11,22,11,22,12,22,12,22,11,22,10,22,10,23,10,23,11,23,11,23,11,24,11"
73.55120086669922,1144,"CSI,2528,128,83,49,21,0,8,-6,1,-5,-4,-6,-9,-9,-11,-12,-13,-14,-16,-19,-21,-20,-20,-18,-17,-16,-16,-16,-13,-15,-12,-14,-10,-14,-8,-13,-8,-11,-7,-9,-6,-8,-4,-6,-5,-3,-7,-1,-7,0,-5,1,-4,3,-4,6,-1,2,0,0,0,0,0,0,0,0,0,0,0,0,0,0,0,0,0,0,1,-2,6,-4,7,1,8,4,7,5,5,6,3,6,3,5,3,4,2,4,1,3,2,-1,0,-5,-1,-8,2,-11,7,-12,8,-13,7,-13,10,-15,14,-18,14,-20,14,-21,16,-21,16,-18,16,-17,15,-20,14,-19"
73.59025001525879,1145,"CSI,3165,128,101,81,22,0,14,-15,14,-15,14,-15,14,-16,14,-16,14,-16,13,-16,12,-16,12,-17,12,-17,12,-17,12,-17,12,-17,12,-17,12,-16,12,-16,12,-16,11,-15,11,-14,12,-14,11,-13,11,-12,11,-12,11,-11,10,-11,2,-3,0,0,0,0,0,0,0,0,0,0,0,0,0,0,0,0,0,0,2,-3,8,-12,8,-12,9,-13,10,-13,10,-13,11,-14,11,-14,12,-14,13,-14,14,-14,14,-14,14,-14,15,-13,15,-14,15,-14,15,-14,15,-14,15,-14,15,-14,15,-14,15,-14,15,-15,14,-15,15,-15,15,-15,16,-15"
73.65154910087585,1146,"CSI,2532,128,83,49,21,0,8,6,7,0,9,-5,9,-10,6,-13,8,-17,10,-18,8,-15,10,-14,12,-16,13,-17,13,-17,12,-17,11,-18,10,-18,8,-16,7,-12,4,-8,1,-6,1,-5,0,-5,-2,-3,-4,-2,-6,-3,-8,-3,-3,-1,0,0,0,0,0,0,0,0,0,0,0,0,0,0,0,0,0,0,0,2,1,9,-1,8,-4,8,-6,8,-6,8,-7,6,-6,4,-5,3,-3,2,-1,-1,1,-2,3,-1,7,1,12,3,14,4,15,5,16,10,19,12,22,10,23,11,23,15,23,15,23,14,22,17,21,16,20,14"
73.71781802177429,1147,"CSI,3166,128,101,81,22,0,0,-20,0,-20,0,-20,0,-20,0,-20,0,-19,-1,-19,-2,-19,-2,-20,-2,-20,-3,-20,-3,-19,-2,-19,-2,-19,-2,-18,-2,-18,-2,-18,-1,-18,-1,-17,-1,-16,0,-15,0,-15,0,-14,0,-14,0,-13,0,-4,0,0,0,0,0,0,0,0,0,0,0,0,0,0,0,0,0,0,-1,-4,-3,-15,-2,-15,-2,-16,-2,-17,-2,-17,-1,-18,-1,-19,0,-19,0,-20,1,-20,1,-20,1,-21,1,-21,2,-21,2,-21,2,-21,1,-21,1,-21,2,-20,2,-20,1,-20,1,-20,0,-21,0,-21,1,-21,0,-22"
