timestamp,sample_number,csi_data
0.1964271068572998,1,"CSI,408,128,83,49,21,0,7,2,8,-2,CSI,408,128,83,49,21,0,7,2,8,-2,CSI,408,128,83,49,21,0,7,2,8,-2,CSI,408,128,83,49,21,0,7,2,8,-2,CSI,408,128,83,49,21,0,7,2,8,-2,CSI,408,128,83,49,21,0,7,2,8,-2,CSI,408,128,83,49,21,0,7,2,8,-2,CSI,408,128,83,49,21,0,7,2,8,-2,CSI,408,128,83,49,21,0,7,2,8,-2,CSI,408,128,83,49,21,0,7,2,8,-2,CSI,408,128,83,49,21,0,7,2,8,-2,CSI,408,128,83,49,21,0,7,2,8,-2,CSI,408,128,83,49,21,0,7,2,8,-2,CSI,408,128,83,49,21,0,7,2,8,-2,CSI,408,128,83,49,21,0,7,2,8,-2,CSI,408,128,83,49,21,0,7,2,8,-2,CSI,408,128,83,49,21,0,7,2,8,-2,CSI,408,128,83,49,21,0,7,2,8,-2,CSI,408,128,83,49,21,0,7,2,8,-2,CSI,408,128,83,49,21,0,7,2,8,-2,CSI,408,128,83,49,21,0,7,2,8,-2,CSI,408,128,83,49,21,0,7,2,8,-2,CSI,408,128,83,49,21,0,7,2,8,-2,CSI,408,128,83,49,21,0,7,2,8,-2,CSI,408,128,83,49,21,0,7,2,8,-2,CSI,408,128,83,49,21,0,7,2,8,-2,CSI,408,128,83,49,21,0,7,2,8,-2,CSI,408,128,83,49,21,0,7,2,8,-2,CSI,408,128,83,49,21,0,7,2,8,-2,CSI,408,128,83,49,21,0,7,2,8,-2,CSI,408,128,83,49,21,0,7,2,8,-2,8,-6,8,-7,9,-9,10,-12,12,-10,18,-6,18,-8,15,-11,13,-11,11,-10,9,-8,9,-8,11,-7,8,-3,4,-2,1,-4,0,-5,0,-4,-2,-4,-3,-2,-3,-2,-4,-4,-5,-4,-2,-1,0,0,0,0,0,0,0,0,0,0,0,0,0,0,0,0,0,0,1,3,5,11,5,10,2,10,0,10,-2,9,-2,7,-3,5,-3,5,-2,6,1,4,4,3,7,3,11,2,15,5,18,6,19,6,18,7,18,8,19,11,20,13,18,14,17,12,18,10,17,10,15,9,12,6"
0.3001248836517334,2,"CSI,412,128,83,49,21,0,-5,-4,-5,2,-4,7,-3,10,-2,11,-4,13,-4,13,0,13,1,15,-1,16,-2,17,-3,17,-3,14,0,12,0,11,-2,6,-2,3,-1,0,2,-1,3,-2,1,-3,1,-5,3,-7,4,-7,2,-7,0,-2,0,0,0,0,0,0,0,0,0,0,0,0,0,0,0,0,0,0,2,0,9,0,8,0,8,0,9,1,8,2,8,2,8,2,5,2,4,1,3,0,-1,0,-3,-2,-3,-3,-3,-6,-6,-10,-9,-13,-10,-14,-10,-17,-11,-19,-10,-21,-10,-23,-11,-23,-10,-22,-10,-20,-12,-19,-12,-18"
0.36162304878234863,3,"CSI,1045,128,83,49,21,0,-13,-9,-15,-10,-16,-10,-13,-9,-11,-8,-11,-10,-9,-10,-5,-4,-4,-3,-7,-3,-6,0,-5,2,-3,4,-1,4,0,6,1,9,0,9,-2,9,-3,8,-3,7,-3,7,-4,5,-6,5,-5,5,-5,4,-2,0,0,0,0,0,0,0,0,0,0,0,0,0,0,0,0,0,0,0,0,0,3,3,3,3,3,3,1,3,0,2,2,2,3,0,4,-1,4,-1,4,-2,5,-5,4,-7,3,-7,3,-8,4,-9,7,-8,9,-7,7,-8,6,-7,6,-8,6,-8,3,-5,0,-4,-3,-4,-4,-5,-3,-4"
0.3941638469696045,4,"CSI,909,128,-128,-128,7,0,15,9,13,9,12,8,10,6,8,4,6,2,4,-1,2,-3,1,-6,0,-8,0,-10,0,-12,1,-14,2,-15,3,-15,4,-14,5,-12,5,-10,5,-8,5,-6,3,-5,2,-3,0,-2,-2,-2,-3,-2,-1,-1,0,0,0,0,0,0,0,0,0,0,0,0,0,0,0,0,0,0,-1,0,-4,3,-3,4,-3,5,-3,7,-4,9,-6,11,-7,12,-9,12,-10,13,-11,13,-12,12,-12,11,-12,10,-10,9,-9,8,-7,7,-5,6,-2,6,1,6,4,6,7,6,10,7,12,8,14,9,16,9,18,10"
0.424666166305542,5,"CSI,910,128,-118,32,8,0,16,6,14,6,13,5,11,4,8,2,6,0,3,-2,1,-4,0,-6,-1,-8,-2,-10,-2,-12,-2,-14,-1,-15,0,-15,1,-14,3,-12,3,-11,4,-9,3,-7,3,-5,1,-3,0,-2,-2,-2,-3,-2,-1,-1,0,0,0,0,0,0,0,0,0,0,0,0,0,0,0,0,0,0,-1,0,-3,3,-2,4,-2,5,-2,7,-2,9,-3,11,-4,12,-5,14,-7,15,-8,15,-9,14,-10,13,-9,12,-8,11,-7,9,-5,8,-3,7,-1,6,2,5,5,5,8,5,11,5,13,5,15,6,18,6,19,6"
0.45821523666381836,6,"CSI,911,128,-98,96,9,0,53,3,48,3,42,3,36,1,28,-1,19,-4,10,-7,2,-11,-4,-16,-9,-21,-13,-26,-16,-30,-16,-35,-15,-41,-12,-42,-8,-40,-4,-37,-1,-32,2,-28,4,-23,4,-17,2,-11,-1,-6,-5,-3,-9,-1,-3,-1,0,0,0,0,0,0,0,0,0,0,0,0,0,0,0,0,0,0,-2,2,-4,12,-2,15,1,19,2,25,3,30,2,35,0,40,-3,45,-7,49,-11,50,-14,49,-15,46,-15,42,-13,38,-11,33,-6,29,-1,23,5,19,13,15,22,11,30,7,36,4,42,3,49,3,55,2,56,2"
0.49121618270874023,7,"CSI,416,128,83,49,21,0,7,-15,4,-17,3,-14,-2,-10,-8,-12,-8,-14,-11,-15,-16,-17,-15,-16,-11,-14,-11,-13,-11,-12,-9,-11,-7,-12,-8,-14,-8,-14,-6,-12,-4,-10,-5,-6,-6,-5,-6,-4,-6,-2,-7,1,-7,4,-6,8,-2,2,0,0,0,0,0,0,0,0,0,0,0,0,0,0,0,0,0,0,1,-1,7,-4,9,-3,12,-3,13,-3,11,0,10,4,9,6,9,5,8,2,6,0,5,-1,6,-4,6,-9,5,-12,7,-13,9,-14,10,-14,11,-16,13,-19,14,-21,16,-20,17,-18,17,-19,17,-21,17,-18,17,-15"
0.6068580150604248,8,"CSI,424,128,83,49,21,0,-2,9,0,3,4,0,9,-1,12,-4,14,-5,18,-8,22,-12,20,-12,17,-9,18,-6,19,-2,18,1,15,3,10,3,7,2,7,-1,6,-4,4,-5,-1,-6,-4,-6,-5,-5,-4,-5,-4,-7,-5,-8,-2,-2,0,0,0,0,0,0,0,0,0,0,0,0,0,0,0,0,0,0,-1,0,-4,3,-7,2,-10,2,-11,1,-9,-1,-7,-1,-8,-2,-9,-2,-6,-2,-3,-1,0,2,2,4,3,7,2,10,1,10,1,13,3,17,4,18,3,19,3,21,5,22,5,21,3,23,1,26,1,27,4,27"
0.7099699974060059,9,"CSI,428,128,83,49,21,0,2,3,2,-1,0,-2,-3,-5,-6,-11,-7,-14,-9,-19,-12,-25,-12,-23,-10,-18,-9,-16,-6,-16,-6,-16,-7,-14,-5,-11,-3,-9,-1,-6,-3,-2,-4,2,-3,3,0,3,3,4,5,6,5,7,3,7,0,1,0,0,0,0,0,0,0,0,0,0,0,0,0,0,0,0,0,0,-2,-2,-9,-6,-10,-7,-9,-9,-8,-12,-7,-12,-7,-10,-5,-7,-1,-6,-1,-5,-2,-4,-1,1,3,6,5,8,6,9,5,13,4,14,6,14,9,14,9,18,8,21,8,19,8,18,10,18,11,18,10,18,10,16"
0.8116998672485352,10,"CSI,432,128,83,49,21,0,-1,-2,-5,-1,-9,1,-15,3,-18,2,-20,0,-20,0,-20,6,-20,7,-18,3,-16,2,-16,2,-17,3,-15,2,-13,0,-11,0,-7,2,-3,1,-1,0,1,2,4,2,5,1,5,1,6,-1,7,-2,1,-1,0,0,0,0,0,0,0,0,0,0,0,0,0,0,0,0,0,0,-1,2,-3,9,-5,10,-7,10,-8,10,-10,9,-10,7,-6,3,-3,2,-2,1,2,1,4,-1,6,-4,9,-3,11,-1,13,-3,18,-6,21,-8,19,-9,20,-8,20,-8,21,-10,22,-10,20,-8,16,-7,14,-8,15,-8"
0.9175841808319092,11,"CSI,436,128,83,49,21,0,-12,-8,-7,-9,-2,-9,1,-13,3,-18,5,-21,1,-20,-7,-18,-8,-18,-5,-20,-6,-19,-7,-18,-7,-16,-4,-14,0,-12,-2,-10,-4,-7,-1,-6,2,-5,2,-3,2,-3,5,-5,8,-4,9,-3,10,-4,2,-2,0,0,0,0,0,0,0,0,0,0,0,0,0,0,0,0,0,0,-2,1,-5,7,-4,9,-5,10,-5,8,-5,7,-7,5,-9,3,-8,0,-8,0,-9,-3,-9,-6,-11,-7,-13,-9,-13,-10,-12,-10,-16,-12,-20,-14,-19,-14,-20,-13,-23,-14,-24,-13,-23,-11,-22,-8,-21,-6,-22,-5,-24,-7"
1.0170559883117676,12,"CSI,440,128,83,49,21,0,-5,2,-7,-2,-10,-3,-15,-4,-16,-7,-18,-10,-17,-14,-13,-18,-15,-16,-19,-12,-20,-9,-19,-6,-16,-5,-13,-6,-10,-5,-5,-3,-2,1,-1,3,-1,1,-1,-1,1,-1,5,0,6,-1,7,-2,7,-5,2,-2,0,0,0,0,0,0,0,0,0,0,0,0,0,0,0,0,0,0,1,-3,5,-12,7,-12,8,-11,8,-11,7,-9,5,-5,5,0,3,3,1,3,2,4,2,7,0,9,-2,10,0,12,2,16,0,18,-4,18,-4,19,-2,22,-1,21,-1,21,0,21,1,20,3,20,6,19,7,18"
1.1192030906677246,13,"CSI,444,128,83,49,21,0,0,-5,2,-1,4,3,5,6,4,8,6,12,12,14,17,11,14,10,12,13,12,14,11,12,11,9,10,7,8,6,6,5,3,3,-1,-1,-2,-5,-2,-6,-3,-4,-5,-3,-5,-4,-5,-4,-6,-4,-2,-1,0,0,0,0,0,0,0,0,0,0,0,0,0,0,0,0,0,0,-1,3,-3,12,-2,12,-4,11,-5,7,-4,4,-2,4,-3,3,-5,1,-5,-2,-2,-5,0,-7,2,-10,4,-14,6,-17,7,-20,4,-21,3,-20,5,-20,4,-20,1,-19,-1,-17,-3,-15,-3,-15,-2,-18,2,-17,5,-12"
1.2210822105407715,14,"CSI,448,128,83,49,21,0,2,-3,2,2,3,7,4,9,3,13,2,19,3,23,2,24,2,24,3,23,3,21,2,19,1,17,1,15,0,12,-1,8,0,4,1,0,-1,-2,-4,-3,-4,-4,-3,-6,-4,-7,-3,-7,-2,-9,-1,-3,0,0,0,0,0,0,0,0,0,0,0,0,0,0,0,0,0,0,1,2,4,9,1,9,0,10,-1,11,-1,9,-1,7,-3,8,-3,7,-1,3,-1,-2,-2,-7,0,-10,0,-10,0,-12,2,-14,1,-17,0,-20,0,-22,-1,-22,-2,-22,-3,-24,-3,-25,0,-22,0,-21,-3,-21,-8,-20"
1.292079210281372,15,"CSI,2380,128,101,81,22,0,13,2,13,1,13,1,13,1,13,0,13,0,13,0,13,0,13,0,12,0,12,0,12,0,12,-1,13,-1,13,-1,12,0,12,0,11,0,11,0,11,0,10,0,10,0,9,1,9,1,8,1,2,0,0,0,0,0,0,0,0,0,0,0,0,0,0,0,0,0,0,0,2,0,10,0,10,0,10,0,11,0,11,0,12,1,12,1,13,2,13,2,13,2,13,3,13,3,13,3,13,3,13,3,13,3,13,3,13,3,13,2,14,2,14,2,13,2,13,2,13,2,14,2,14,2"
1.3251960277557373,16,"CSI,452,128,83,49,21,0,4,-1,7,2,9,6,10,7,14,5,16,6,14,6,11,0,12,-1,12,3,10,5,9,6,8,5,5,3,3,2,0,1,-2,0,-1,-3,-1,-3,-3,-2,-5,-4,-6,-6,-7,-5,-8,-3,-8,-2,-2,-1,0,0,0,0,0,0,0,0,0,0,0,0,0,0,0,0,0,0,0,2,2,9,2,8,1,9,0,9,2,7,1,5,-2,3,-3,0,-3,-1,-4,-3,-4,-6,-5,-9,-4,-9,-3,-10,-3,-14,-6,-17,-8,-16,-8,-14,-9,-12,-11,-13,-12,-13,-12,-11,-12,-10,-14,-10,-13,-8,-9,-6"
1.383500099182129,17,"CSI,1085,128,83,49,21,0,13,8,14,11,12,11,11,10,10,9,9,9,8,5,8,-3,7,-2,6,1,5,1,3,-1,1,-3,0,-5,2,-8,6,-10,5,-9,2,-8,1,-7,3,-7,4,-8,3,-7,5,-6,5,-6,3,-6,0,-2,0,0,0,0,0,0,0,0,0,0,0,0,0,0,0,0,0,0,-1,-1,-5,-4,-5,-3,-4,0,-3,0,-3,0,-3,-1,-4,-1,-4,0,-3,2,-4,4,-4,7,-3,7,-5,7,-6,8,-4,10,-5,14,-7,16,-7,14,-8,12,-10,12,-8,9,-4,7,-2,6,1,4,4,1,5,0"
1.4251792430877686,18,"CSI,2381,128,101,81,22,0,-12,-21,-13,-21,-13,-21,-13,-20,-13,-19,-13,-19,-14,-19,-14,-19,-14,-19,-14,-19,-15,-18,-14,-18,-14,-18,-14,-17,-14,-17,-13,-17,-12,-17,-12,-17,-11,-16,-10,-15,-10,-14,-9,-14,-9,-14,-8,-13,-8,-13,-2,-4,0,0,0,0,0,0,0,0,0,0,0,0,0,0,0,0,0,0,-3,-4,-12,-16,-12,-17,-12,-18,-12,-19,-12,-20,-12,-21,-12,-22,-12,-23,-12,-23,-11,-23,-11,-24,-11,-25,-11,-25,-11,-25,-11,-24,-11,-24,-11,-24,-11,-24,-11,-23,-11,-23,-12,-22,-12,-23,-13,-23,-13,-22,-13,-22,-14,-23"
1.4530010223388672,19,"CSI,922,128,-118,32,8,0,7,4,9,4,11,3,13,3,13,3,14,3,14,4,13,4,12,4,11,4,10,4,8,4,6,3,5,1,4,0,3,-2,3,-3,3,-5,4,-6,4,-7,5,-7,6,-6,7,-5,8,-3,8,-2,2,-1,0,0,0,0,0,0,0,0,0,0,0,0,0,0,0,0,0,0,-2,2,-6,10,-7,9,-8,8,-9,7,-9,6,-9,5,-8,4,-7,5,-6,5,-4,6,-4,7,-3,9,-3,11,-2,12,-2,13,-2,14,-3,15,-3,16,-3,17,-3,17,-3,16,-3,15,-3,14,-2,12,-1,10,1,9"
1.4815919399261475,20,"CSI,923,128,-98,96,9,0,8,0,10,-1,12,-3,13,-4,14,-5,15,-4,15,-3,14,-2,13,-2,11,-2,9,-1,7,-1,6,-2,4,-3,2,-4,1,-5,0,-6,1,-8,1,-9,2,-9,3,-10,4,-9,5,-8,5,-6,6,-5,1,-1,0,0,0,0,0,0,0,0,0,0,0,0,0,0,0,0,0,0,0,2,-1,11,-2,11,-4,11,-5,11,-6,10,-7,9,-7,8,-6,7,-5,7,-3,7,-2,7,0,8,1,9,2,10,3,11,4,13,4,14,5,15,5,16,5,16,5,16,4,15,3,13,4,11,4,9,5,8"
1.528033971786499,21,"CSI,2382,128,101,81,22,0,-23,-6,-23,-6,-23,-6,-23,-5,-23,-4,-23,-4,-22,-4,-22,-4,-22,-4,-22,-4,-21,-4,-21,-3,-21,-3,-21,-2,-21,-2,-20,-3,-19,-4,-19,-4,-18,-4,-17,-4,-16,-4,-16,-4,-15,-4,-14,-4,-14,-4,-4,-2,0,0,0,0,0,0,0,0,0,0,0,0,0,0,0,0,0,0,-5,-1,-20,-3,-20,-4,-21,-4,-21,-5,-22,-5,-23,-6,-23,-7,-24,-8,-24,-8,-25,-8,-24,-9,-24,-10,-24,-10,-24,-10,-24,-10,-24,-10,-24,-10,-24,-9,-24,-8,-24,-8,-24,-7,-24,-8,-24,-8,-24,-7,-25,-7,-26,-7"
1.5586538314819336,22,"CSI,460,128,83,49,21,0,0,-1,-4,0,-7,1,-13,3,-21,4,-22,5,-23,3,-27,-1,-25,3,-20,8,-17,10,-18,8,-18,5,-14,1,-9,0,-6,0,-3,-1,0,-2,2,-2,5,-1,6,-2,6,-3,6,-5,6,-5,7,-5,2,-2,0,0,0,0,0,0,0,0,0,0,0,0,0,0,0,0,0,0,-3,0,-10,3,-11,2,-12,2,-11,2,-9,1,-8,-1,-8,-1,-7,0,-5,0,-2,-1,3,-2,6,-5,10,-6,14,-5,17,-5,18,-5,19,-6,20,-5,21,-4,20,-3,22,-1,22,-4,19,-7,16,-9,15,-8,14,-4"
1.6305210590362549,23,"CSI,464,128,83,49,21,0,-3,-5,-3,0,-5,5,-6,10,-8,13,-12,14,-17,15,-20,14,-17,15,-13,17,-11,17,-10,15,-11,13,-12,10,-11,7,-8,5,-4,3,-1,3,2,3,2,2,0,-1,2,-3,6,-5,7,-4,6,-3,1,-1,0,0,0,0,0,0,0,0,0,0,0,0,0,0,0,0,0,0,1,1,6,4,6,4,4,5,1,7,0,8,2,9,4,6,2,2,1,0,2,-1,1,-2,0,-2,-1,-6,1,-12,3,-15,4,-14,4,-15,3,-18,2,-22,1,-24,1,-25,2,-23,4,-22,6,-22,3,-19,-3,-14"
1.6625170707702637,24,"CSI,2383,128,101,81,22,0,-13,9,-13,9,-12,9,-12,9,-12,9,-12,9,-11,9,-10,9,-10,9,-10,9,-10,9,-10,10,-10,10,-10,9,-10,9,-10,9,-9,9,-9,8,-9,8,-9,7,-9,7,-9,6,-8,6,-8,6,-8,5,-2,1,0,0,0,0,0,0,0,0,0,0,0,0,0,0,0,0,0,0,-3,1,-9,7,-9,7,-10,7,-11,7,-11,7,-11,8,-12,8,-12,8,-13,8,-14,8,-14,8,-14,7,-14,7,-14,7,-14,7,-14,7,-14,8,-14,8,-14,8,-14,8,-14,8,-13,8,-13,8,-13,8,-13,8,-14,8"
1.735656976699829,25,"CSI,468,128,83,49,21,0,-4,10,0,6,4,2,7,3,9,6,12,4,14,5,13,8,16,9,19,10,18,12,16,9,15,5,12,5,9,5,8,5,6,4,5,3,4,0,4,-3,1,-5,-2,-5,-3,-5,-2,-6,-1,-5,-1,-2,0,0,0,0,0,0,0,0,0,0,0,0,0,0,0,0,0,0,-3,-2,-10,-5,-7,-4,-5,-4,-6,-3,-6,-2,-4,-1,-4,0,-6,-2,-6,-2,-5,0,-5,2,-5,3,-5,6,-4,9,-6,13,-10,17,-10,17,-10,17,-13,18,-14,19,-11,20,-11,18,-11,15,-11,15,-11,17,-13,17"
1.7663862705230713,26,"CSI,2384,128,101,81,22,0,17,-7,16,-7,16,-7,16,-7,16,-8,16,-8,15,-8,14,-8,14,-8,14,-8,14,-7,13,-7,13,-7,13,-7,13,-7,13,-7,12,-6,12,-5,11,-5,11,-5,11,-5,10,-4,10,-4,9,-3,8,-3,2,-1,0,0,0,0,0,0,0,0,0,0,0,0,0,0,0,0,0,0,3,-2,13,-8,13,-8,14,-8,15,-8,16,-8,16,-8,17,-8,17,-8,18,-8,19,-7,19,-7,19,-6,19,-6,19,-6,19,-6,19,-6,19,-6,19,-6,19,-7,19,-7,19,-7,18,-7,18,-7,18,-7,19,-7,19,-7"
1.7997539043426514,27,"CSI,1493,128,-117,-78,40,0,-22,1,-22,1,-22,2,-22,2,-22,2,-21,3,-20,2,-20,2,-20,3,-20,3,-19,3,-19,3,-19,3,-19,3,-19,3,-18,2,-17,2,-16,1,-16,0,-15,0,-15,0,-14,0,-13,0,-13,0,-12,-1,-3,-1,0,0,0,0,0,0,0,0,0,0,0,0,0,0,0,0,0,0,-5,0,-18,3,-18,3,-19,3,-20,2,-21,2,-21,2,-22,1,-23,1,-24,1,-24,1,-24,0,-24,0,-24,-1,-24,-1,-24,-1,-24,-1,-24,-1,-24,0,-24,0,-24,1,-24,1,-24,1,-23,0,-24,1,-25,1,-25,2"
1.830245018005371,28,"CSI,3879,128,-5,-79,31,0,16,10,16,10,17,9,16,9,16,8,16,8,16,8,17,8,16,7,16,7,16,7,16,7,15,7,15,6,15,6,14,7,14,7,13,7,12,7,12,6,11,6,10,6,10,6,9,6,9,6,2,1,0,0,0,0,0,0,0,0,0,0,0,0,0,0,0,0,0,0,3,1,13,6,13,6,14,7,14,8,15,8,15,9,16,10,16,10,16,11,16,11,16,11,16,12,16,12,16,12,16,12,16,12,16,12,16,12,16,11,17,11,17,11,17,11,17,11,17,11,18,10,19,10"
1.8607230186462402,29,"CSI,3880,128,122,-96,7,0,25,2,25,2,25,2,25,1,25,0,24,0,24,0,23,0,23,-1,23,-1,22,-1,22,-1,22,-1,22,-1,22,-1,21,-1,20,0,19,1,18,1,18,0,17,0,16,1,15,1,15,1,14,2,3,0,0,0,0,0,0,0,0,0,0,0,0,0,0,0,0,0,0,0,5,0,20,0,20,0,21,0,22,1,23,1,24,2,24,2,25,3,26,3,26,3,26,4,26,5,26,5,26,5,26,5,26,5,26,5,26,4,27,3,27,3,27,3,27,3,26,3,26,3,27,2,27,3"
1.8967809677124023,30,"CSI,3881,128,-5,-79,31,0,-22,-5,-22,-4,-22,-4,-22,-3,-22,-2,-22,-2,-21,-2,-21,-2,-21,-2,-21,-2,-20,-2,-20,-1,-20,-1,-20,-1,-20,-1,-19,-2,-18,-3,-17,-3,-17,-3,-16,-3,-16,-2,-15,-3,-14,-3,-13,-3,-13,-4,-3,-1,0,0,0,0,0,0,0,0,0,0,0,0,0,0,0,0,0,0,-5,-1,-18,-2,-18,-3,-19,-3,-20,-3,-20,-4,-21,-4,-21,-5,-22,-5,-23,-5,-23,-6,-23,-6,-23,-7,-23,-7,-23,-7,-23,-7,-23,-7,-23,-7,-23,-7,-23,-6,-24,-5,-24,-5,-23,-5,-23,-5,-24,-5,-24,-5,-26,-4"
1.927354097366333,31,"CSI,472,128,83,49,21,0,-9,0,-6,1,-3,1,3,4,6,7,7,11,11,12,15,11,11,12,6,15,5,17,5,17,4,17,4,15,3,13,2,11,1,10,1,8,2,5,2,1,-1,-3,-2,-6,-1,-7,1,-8,-2,-7,-2,-2,0,0,0,0,0,0,0,0,0,0,0,0,0,0,0,0,0,0,1,-2,6,-8,6,-10,7,-12,6,-9,6,-5,7,-3,8,-4,4,-4,1,-3,0,-2,-1,0,-4,1,-9,0,-12,-1,-14,-1,-16,-3,-18,-5,-20,-6,-22,-6,-24,-8,-25,-10,-24,-8,-20,-7,-17,-10,-18,-11,-22,-9"
1.9608418941497803,32,"CSI,2385,128,101,81,22,0,-23,3,-22,3,-22,3,-22,4,-22,4,-21,5,-20,5,-20,5,-20,5,-19,5,-19,5,-19,5,-18,5,-19,5,-19,5,-18,5,-17,4,-16,3,-16,3,-16,3,-15,3,-14,2,-14,2,-13,2,-13,1,-3,0,0,0,0,0,0,0,0,0,0,0,0,0,0,0,0,0,0,0,-6,1,-21,3,-22,3,-23,3,-24,3,-24,2,-25,2,-26,2,-26,1,-27,1,-27,1,-27,0,-27,0,-27,-1,-27,-1,-27,0,-26,0,-26,0,-26,0,-26,1,-26,2,-25,2,-25,2,-24,2,-24,2,-25,2,-25,2"
1.9939119815826416,33,"CSI,476,128,83,49,21,0,-12,12,-10,7,-9,1,-5,-4,-3,-9,-1,-12,-5,-14,-10,-16,-10,-20,-8,-24,-7,-23,-7,-21,-11,-20,-12,-18,-12,-16,-12,-15,-9,-13,-3,-11,0,-8,1,-5,3,-3,4,-4,4,-5,5,-5,8,-3,2,-1,0,0,0,0,0,0,0,0,0,0,0,0,0,0,0,0,0,0,2,0,7,4,5,5,7,7,9,6,8,6,6,6,5,7,4,7,3,6,2,5,0,6,-3,7,-7,3,-9,0,-13,0,-16,0,-17,2,-19,4,-21,4,-23,5,-25,7,-26,9,-26,10,-24,12,-23,13,-21,14"
2.0219290256500244,34,"CSI,2386,128,101,81,22,0,-7,6,-7,6,-7,6,-7,6,-6,6,-6,6,-6,6,-5,6,-5,6,-5,6,-5,6,-5,6,-5,5,-5,5,-5,5,-5,5,-5,5,-5,4,-5,4,-5,4,-5,3,-5,3,-5,3,-4,3,-4,3,-1,0,0,0,0,0,0,0,0,0,0,0,0,0,0,0,0,0,0,0,-2,1,-9,6,-9,6,-9,6,-9,7,-9,7,-9,7,-10,7,-10,7,-10,7,-11,7,-10,7,-10,7,-10,7,-10,7,-10,7,-10,6,-9,7,-9,7,-9,7,-9,6,-9,7,-8,7,-8,7,-8,7,-8,6,-8,6"
2.0518839359283447,35,"CSI,480,128,83,49,21,0,4,-11,3,-8,4,-3,3,2,2,7,1,13,0,13,3,11,3,16,1,19,1,19,1,19,1,18,1,18,2,18,0,15,-2,9,-4,5,-4,2,-3,1,-3,-1,-5,-4,-6,-6,-7,-6,-7,-6,-2,-2,0,0,0,0,0,0,0,0,0,0,0,0,0,0,0,0,0,0,-2,1,-5,5,-6,7,-8,8,-8,6,-6,3,-4,2,-3,4,-4,5,-4,5,-3,4,-3,1,0,-3,4,-4,7,-5,10,-8,12,-12,12,-14,12,-14,12,-16,11,-20,12,-21,14,-20,14,-23,12,-26,9,-25,6,-20"
2.0869600772857666,36,"CSI,2387,128,101,81,22,0,14,11,14,10,14,10,14,9,14,8,13,8,13,7,13,7,13,7,13,7,13,7,12,7,12,6,12,6,12,6,11,6,11,6,11,6,10,6,9,5,8,5,8,5,7,5,7,5,7,5,1,1,0,0,0,0,0,0,0,0,0,0,0,0,0,0,0,0,0,0,3,2,15,10,15,11,15,11,16,12,16,12,16,13,17,14,17,15,17,15,16,15,16,16,16,16,16,16,15,16,15,15,15,15,15,15,15,14,15,13,15,13,15,13,15,13,15,13,15,12,16,12,16,12"
2.144134044647217,37,"CSI,484,128,83,49,21,0,5,-2,0,1,-3,6,-5,10,-4,11,-5,12,-3,14,0,18,0,19,-1,19,-2,18,-2,19,0,19,-1,16,-3,12,-3,11,-2,9,-2,6,-1,1,1,-3,2,-5,-1,-3,-4,-3,-5,-6,-6,-9,-2,-3,0,0,0,0,0,0,0,0,0,0,0,0,0,0,0,0,0,0,-3,-1,-10,-1,-12,-2,-12,-3,-10,-4,-10,-5,-8,-5,-4,-5,-3,-4,-1,-2,0,-2,2,-2,5,-4,8,-6,12,-7,14,-7,14,-6,15,-6,16,-6,17,-6,18,-7,17,-8,17,-9,18,-9,17,-8,14,-8,12,-10"
2.2061679363250732,38,"CSI,2388,128,101,81,22,0,-18,-18,-18,-18,-18,-17,-17,-15,-17,-14,-17,-14,-17,-14,-17,-14,-16,-13,-16,-13,-16,-13,-15,-12,-15,-12,-15,-11,-14,-11,-13,-11,-12,-12,-11,-12,-10,-12,-9,-10,-8,-10,-8,-10,-7,-9,-6,-9,-6,-10,-2,-3,0,0,0,0,0,0,0,0,0,0,0,0,0,0,0,0,0,0,-7,-7,-25,-25,-25,-25,-25,-27,-25,-28,-25,-28,-25,-30,-25,-31,-25,-31,-24,-32,-23,-32,-23,-32,-22,-32,-22,-32,-21,-31,-21,-30,-20,-29,-20,-28,-20,-27,-20,-26,-20,-24,-20,-24,-20,-23,-20,-23,-20,-22,-20,-21,-21,-21"
2.245073080062866,39,"CSI,488,128,83,49,21,0,-5,0,-2,4,0,7,0,11,-1,13,0,15,4,16,6,14,6,15,6,18,5,18,3,16,3,12,6,10,6,8,3,5,1,3,1,1,2,0,1,-1,0,-2,-1,-4,-2,-5,-1,-5,0,-7,0,-2,0,0,0,0,0,0,0,0,0,0,0,0,0,0,0,0,0,0,2,0,10,2,10,3,9,5,8,5,8,4,5,4,0,4,-3,4,-3,4,-5,1,-7,-4,-7,-6,-6,-8,-7,-9,-9,-12,-10,-15,-11,-16,-11,-16,-10,-15,-10,-14,-11,-15,-12,-16,-11,-16,-8,-15,-9,-11,-9,-9"
2.3095431327819824,40,"CSI,2389,128,101,81,22,0,6,24,6,23,7,23,7,22,7,22,8,21,9,21,9,21,9,21,9,21,9,21,9,21,9,20,9,20,9,20,8,20,8,20,7,20,7,19,6,18,5,17,5,16,4,16,4,15,3,15,0,3,0,0,0,0,0,0,0,0,0,0,0,0,0,0,0,0,0,0,2,5,8,20,7,20,7,21,6,22,6,23,7,24,6,26,6,26,5,26,4,27,4,27,3,28,3,28,3,27,4,27,4,27,4,27,4,26,4,26,4,25,5,25,5,25,6,25,6,25,6,25,7,26"
2.3467769622802734,41,"CSI,492,128,83,49,21,0,1,1,0,-5,-1,-10,0,-11,1,-11,2,-13,1,-13,1,-11,2,-11,1,-12,-1,-11,-1,-9,-1,-7,0,-5,0,-4,-1,-4,-2,-3,-2,-1,-1,0,1,3,2,4,0,4,-2,3,0,3,3,2,0,0,0,0,0,0,0,0,0,0,0,0,0,0,0,0,0,0,0,0,1,-2,7,-6,7,-6,7,-5,7,-2,7,-1,6,1,2,3,-1,2,0,1,-1,2,-4,6,-4,10,-5,11,-7,10,-9,8,-10,9,-10,9,-10,10,-8,12,-8,12,-7,12,-6,11,-6,10,-5,9,-4,6,-3,4"
2.4185569286346436,42,"CSI,2390,128,101,81,22,0,3,21,3,21,4,20,4,19,3,19,4,19,5,19,5,19,5,19,5,18,5,18,5,18,5,17,4,17,4,16,4,16,3,16,3,16,3,15,2,14,2,13,1,12,1,12,1,11,0,11,0,2,0,0,0,0,0,0,0,0,0,0,0,0,0,0,0,0,0,0,1,3,6,16,6,16,6,17,6,18,6,19,6,20,6,21,5,22,5,22,4,23,3,23,3,24,3,24,3,23,3,23,3,23,3,23,3,23,3,22,3,22,3,22,4,22,4,22,4,22,4,22,5,22"
2.4515650272369385,43,"CSI,496,128,83,49,21,0,-8,7,-8,4,-6,1,-4,-4,-4,-9,-3,-11,-5,-11,-8,-9,-8,-9,-7,-12,-7,-11,-8,-11,-8,-13,-7,-15,-7,-13,-6,-10,-4,-8,-3,-6,-2,-3,0,-2,1,-3,0,-1,1,3,3,3,5,0,1,-1,0,0,0,0,0,0,0,0,0,0,0,0,0,0,0,0,0,0,1,-1,6,-2,7,-2,7,-1,8,1,8,2,5,1,2,1,0,2,0,4,1,4,-2,5,-5,8,-5,10,-4,8,-5,7,-8,9,-10,11,-10,11,-9,10,-9,11,-10,13,-10,15,-8,15,-6,16,-4,17,-6,17"
2.546112060546875,44,"CSI,2391,128,101,81,22,0,-15,19,-14,19,-14,18,-14,18,-14,18,-13,18,-12,18,-12,18,-12,18,-11,18,-11,19,-11,19,-11,18,-11,18,-12,17,-11,17,-11,16,-10,15,-10,15,-11,14,-11,13,-10,12,-10,12,-10,11,-10,10,-3,2,0,0,0,0,0,0,0,0,0,0,0,0,0,0,0,0,0,0,-3,3,-10,14,-10,14,-11,15,-12,15,-12,16,-13,17,-13,17,-14,18,-15,18,-16,18,-16,18,-16,18,-16,18,-17,17,-17,17,-17,17,-17,18,-17,18,-17,18,-17,18,-16,18,-15,19,-15,18,-15,18,-16,19,-16,19"
2.5742268562316895,45,"CSI,499,128,83,49,21,0,5,3,2,3,-2,3,-6,4,-11,2,-13,-1,-17,-2,-22,-3,-21,0,-16,3,-14,2,-14,2,-15,3,-15,4,-14,4,-9,4,-4,3,-2,2,-1,0,1,0,3,0,6,-1,7,-3,6,-4,4,-5,0,-2,0,0,0,0,0,0,0,0,0,0,0,0,0,0,0,0,0,0,-2,-1,-8,-3,-8,-4,-6,-6,-5,-6,-6,-4,-5,-4,-2,-5,1,-4,2,-3,3,-4,3,-4,4,-2,6,0,9,2,10,3,12,4,14,4,13,3,12,4,13,7,15,7,18,6,17,4,15,2,16,4,19,8"
2.64802885055542,46,"CSI,2392,128,101,81,22,0,22,6,22,6,22,5,22,5,22,4,21,4,21,4,21,4,21,3,21,3,21,3,20,3,20,3,21,3,20,3,20,3,19,4,18,4,17,4,16,4,16,4,15,4,14,4,13,4,13,4,3,1,0,0,0,0,0,0,0,0,0,0,0,0,0,0,0,0,0,0,4,0,16,1,16,1,17,2,17,2,18,3,19,4,20,4,20,5,21,5,22,5,22,6,21,7,21,7,22,7,22,7,22,8,22,8,22,7,22,7,22,6,22,6,22,6,23,6,23,6,23,6,24,6"
2.6765549182891846,47,"CSI,504,128,83,49,21,0,-10,0,-4,-1,2,-4,2,-7,2,-11,5,-12,7,-13,5,-18,3,-20,1,-19,1,-16,0,-13,-1,-13,-2,-12,-3,-10,-3,-9,-1,-8,1,-7,1,-5,3,-2,3,0,2,1,2,1,3,2,6,3,2,0,0,0,0,0,0,0,0,0,0,0,0,0,0,0,0,0,0,0,0,1,1,5,3,6,3,5,1,5,-2,5,-4,5,-4,4,-2,3,-2,3,-4,3,-8,2,-9,1,-9,0,-9,-3,-9,-3,-10,-1,-11,0,-12,-2,-13,-3,-15,-4,-16,-4,-18,-2,-17,-1,-17,1,-15,1,-13,-3"
2.7547590732574463,48,"CSI,508,128,83,49,21,0,-3,10,-3,5,-5,4,-5,1,-6,-5,-8,-8,-8,-10,-8,-13,-10,-13,-12,-12,-13,-10,-12,-8,-11,-8,-12,-10,-11,-10,-11,-8,-10,-4,-7,-3,-4,-3,-2,-2,0,-2,2,-4,3,-6,4,-5,5,-4,1,-1,0,0,0,0,0,0,0,0,0,0,0,0,0,0,0,0,0,0,0,-2,2,-5,4,-3,4,0,5,3,7,5,7,5,5,4,5,3,6,4,5,5,5,7,7,8,7,7,3,6,1,6,0,8,-2,8,-4,7,-4,7,-3,11,-2,14,-3,14,-3,14,-1,15,-1,15,1,15"
2.7935101985931396,49,"CSI,2393,128,101,81,22,0,-25,-7,-25,-7,-25,-6,-25,-6,-25,-5,-25,-5,-25,-5,-25,-5,-25,-4,-25,-4,-24,-4,-24,-4,-24,-4,-25,-3,-25,-3,-24,-4,-23,-5,-22,-5,-22,-5,-21,-5,-20,-5,-19,-5,-19,-5,-18,-5,-17,-6,-5,-2,0,0,0,0,0,0,0,0,0,0,0,0,0,0,0,0,0,0,-5,-1,-17,-1,-17,-2,-18,-2,-19,-2,-19,-3,-20,-4,-21,-4,-22,-5,-23,-5,-23,-6,-23,-7,-23,-8,-23,-8,-24,-8,-24,-8,-24,-8,-24,-8,-24,-8,-24,-7,-25,-7,-25,-7,-25,-7,-25,-8,-25,-7,-26,-7,-27,-7"
2.8213369846343994,50,"CSI,1503,128,-117,-78,40,0,24,5,24,5,24,4,24,3,24,3,24,3,24,3,24,3,24,2,23,2,23,2,23,2,23,2,23,2,23,2,22,3,21,4,20,4,19,4,19,4,18,4,17,4,17,4,16,4,15,5,3,1,0,0,0,0,0,0,0,0,0,0,0,0,0,0,0,0,0,0,4,0,17,1,18,1,18,2,19,2,20,3,20,3,21,4,22,5,22,5,23,5,23,6,23,7,23,7,23,7,24,7,24,7,24,7,24,6,24,6,24,5,24,5,25,5,24,5,25,5,25,4,26,4"
2.857574224472046,51,"CSI,3884,128,-5,-79,31,0,19,-15,18,-15,18,-15,18,-15,18,-16,18,-16,17,-16,16,-16,16,-16,16,-16,15,-16,15,-16,15,-15,16,-15,16,-15,15,-14,15,-13,14,-12,14,-12,14,-11,13,-10,13,-10,12,-9,12,-8,12,-7,2,-2,0,0,0,0,0,0,0,0,0,0,0,0,0,0,0,0,0,0,3,-3,13,-12,13,-12,14,-12,15,-13,16,-13,16,-13,17,-13,18,-13,19,-14,20,-14,20,-13,20,-13,20,-13,20,-13,20,-13,20,-13,20,-14,20,-14,20,-14,21,-14,20,-15,20,-15,19,-15,19,-15,20,-15,21,-15"
2.8934309482574463,52,"CSI,512,128,83,49,21,0,-9,-14,-11,-12,-9,-14,-6,-15,-3,-11,0,-9,2,-9,8,-9,9,-12,9,-16,7,-17,5,-17,3,-19,2,-20,2,-16,0,-13,0,-12,2,-12,2,-10,2,-6,2,-3,2,-3,3,-3,5,-3,8,-2,2,-1,0,0,0,0,0,0,0,0,0,0,0,0,0,0,0,0,0,0,-2,-2,-7,-5,-7,-6,-7,-7,-5,-8,-4,-7,-3,-7,-5,-7,-7,-5,-8,-6,-8,-8,-7,-9,-7,-10,-7,-11,-5,-11,-3,-9,-4,-7,-5,-9,-4,-12,-3,-13,-3,-16,-4,-19,-4,-20,-6,-21,-9,-23,-11,-24,-13,-26"
2.921449899673462,53,"CSI,2394,128,101,81,22,0,22,0,22,0,23,0,23,-1,22,-1,22,-2,22,-1,22,-1,22,-2,21,-2,21,-2,20,-2,20,-2,21,-2,21,-2,20,-1,19,-1,18,0,18,0,17,0,16,0,16,0,15,0,14,1,14,1,3,0,0,0,0,0,0,0,0,0,0,0,0,0,0,0,0,0,0,0,3,-1,15,-3,15,-2,16,-2,16,-2,18,-2,18,-1,19,-1,20,0,21,0,21,0,21,1,22,2,22,2,22,2,22,2,22,2,23,2,22,1,23,1,23,0,23,0,23,0,23,1,23,1,24,0,25,0"
2.961683988571167,54,"CSI,516,128,83,49,21,0,1,11,-2,9,-6,8,-7,6,-10,5,-14,5,-14,4,-10,4,-11,6,-13,7,-11,7,-8,10,-9,11,-8,7,-5,7,-4,10,-6,9,-8,4,-8,1,-7,1,-7,1,-10,0,-10,0,-9,1,-9,1,-3,0,0,0,0,0,0,0,0,0,0,0,0,0,0,0,0,0,0,0,0,2,1,8,-1,7,-2,7,-3,7,-1,4,0,2,-1,4,-3,5,-4,3,-5,1,-4,2,-5,6,-8,7,-10,5,-9,5,-8,7,-9,8,-9,9,-8,14,-7,17,-7,16,-7,15,-6,15,-4,15,-1,14,2,10"
3.002394199371338,55,"CSI,2395,128,101,81,22,0,-12,-21,-13,-21,-13,-21,-13,-20,-13,-19,-13,-19,-14,-19,-14,-19,-13,-19,-14,-19,-14,-19,-13,-18,-13,-18,-13,-17,-13,-17,-12,-17,-11,-17,-11,-17,-10,-16,-9,-15,-9,-14,-8,-14,-8,-14,-7,-13,-6,-13,-2,-4,0,0,0,0,0,0,0,0,0,0,0,0,0,0,0,0,0,0,-3,-4,-11,-13,-11,-14,-11,-15,-11,-16,-11,-17,-12,-18,-12,-19,-12,-20,-12,-20,-11,-21,-11,-22,-11,-22,-11,-23,-11,-23,-11,-22,-11,-22,-12,-23,-12,-22,-12,-21,-12,-21,-12,-21,-13,-21,-13,-22,-13,-22,-13,-22,-14,-22"
3.0966620445251465,56,"CSI,2396,128,101,81,22,0,19,3,19,3,20,3,20,2,20,1,20,1,19,1,19,1,20,1,19,1,19,0,19,0,19,0,20,1,20,1,19,1,18,2,18,2,17,2,17,2,16,2,15,2,15,2,14,3,13,3,3,0,0,0,0,0,0,0,0,0,0,0,0,0,0,0,0,0,0,0,3,-1,14,-1,14,-1,15,0,15,0,16,0,17,1,17,2,18,2,18,2,19,2,19,3,19,4,19,4,19,4,19,4,19,4,19,4,19,4,19,4,20,3,20,3,20,3,19,3,20,3,21,2,22,2"
3.166646957397461,57,"CSI,524,128,83,49,21,0,2,-3,-1,2,-3,7,-4,10,-5,12,-5,12,-7,10,-11,6,-13,8,-11,14,-9,14,-9,10,-6,8,-3,7,-3,5,-3,3,0,1,2,-1,1,-3,1,-3,3,-3,5,-5,5,-6,5,-5,4,-6,0,-2,0,0,0,0,0,0,0,0,0,0,0,0,0,0,0,0,0,0,1,1,7,4,7,5,5,7,3,7,3,6,2,5,1,5,1,2,-1,-2,-2,-4,-1,-5,-2,-6,-4,-8,-3,-10,1,-12,0,-14,-2,-17,-2,-22,0,-23,2,-22,1,-20,1,-19,1,-17,-1,-15,-2,-12,-2,-10"
3.2311439514160156,58,"CSI,2397,128,101,81,22,0,-16,11,-15,11,-15,11,-15,11,-15,11,-14,11,-13,11,-13,12,-13,12,-13,11,-12,11,-12,11,-12,11,-13,11,-13,10,-13,10,-12,9,-12,9,-11,8,-11,8,-11,7,-11,7,-10,6,-10,5,-9,5,-3,1,0,0,0,0,0,0,0,0,0,0,0,0,0,0,0,0,0,0,-3,2,-11,11,-12,11,-13,11,-14,12,-14,12,-15,12,-15,12,-16,12,-17,12,-18,12,-18,12,-17,11,-17,11,-17,11,-18,11,-18,11,-17,11,-17,11,-17,11,-17,11,-17,11,-16,11,-16,11,-16,11,-17,12,-17,12"
3.2687740325927734,59,"CSI,528,128,83,49,21,0,1,-6,3,-12,4,-13,4,-15,5,-16,6,-18,7,-15,7,-5,7,-3,5,-10,4,-11,5,-10,4,-9,1,-7,0,-2,0,2,-1,3,-3,3,-5,4,-4,3,-4,4,-5,6,-4,6,-5,6,-4,7,-1,1,0,0,0,0,0,0,0,0,0,0,0,0,0,0,0,0,0,0,0,-3,2,-10,2,-8,2,-7,2,-6,3,-4,1,-2,-2,-1,-3,1,-3,5,-4,7,-4,8,-6,9,-6,10,-5,12,-6,15,-7,16,-7,17,-7,20,-7,19,-7,17,-8,14,-9,13,-6,11,-3,10,-2,10,2,7"
3.331940174102783,60,"CSI,2398,128,101,81,22,0,21,-9,21,-9,21,-9,22,-10,22,-10,21,-10,20,-10,20,-10,20,-11,20,-11,20,-11,20,-11,20,-11,20,-11,21,-11,21,-10,20,-9,19,-9,19,-8,19,-8,18,-7,18,-7,17,-6,17,-6,16,-5,4,-1,0,0,0,0,0,0,0,0,0,0,0,0,0,0,0,0,0,0,3,-3,15,-9,15,-8,16,-9,17,-9,18,-9,18,-8,19,-8,20,-8,21,-8,22,-8,22,-7,21,-7,22,-7,22,-7,22,-7,22,-7,22,-6,22,-7,22,-7,22,-8,22,-8,22,-8,22,-8,22,-8,23,-9,23,-10"
3.359739065170288,61,"CSI,1161,128,83,49,21,0,8,14,9,15,7,16,5,17,6,16,7,13,5,9,-1,8,-2,8,2,5,2,1,2,1,2,1,3,0,6,0,9,0,9,1,8,1,7,0,6,-1,7,-3,7,-1,6,2,4,2,2,1,0,0,0,0,0,0,0,0,0,0,0,0,0,0,0,0,0,0,0,0,-1,-2,-4,-7,-6,-7,-7,-8,-5,-9,-2,-9,-1,-6,-1,-4,-1,-1,0,0,-2,0,-5,2,-7,7,-9,7,-11,5,-10,8,-13,12,-15,12,-13,8,-9,6,-8,6,-7,5,-3,4,-1,4,-1,5,0,7,6,8"
3.388427972793579,62,"CSI,532,128,83,49,21,0,-5,-3,-6,-4,-8,-7,-11,-9,-15,-12,-16,-12,-17,-9,-19,-6,-17,-6,-16,-9,-15,-10,-13,-7,-11,-4,-10,-3,-9,-3,-8,-2,-6,-2,-4,1,1,3,2,3,1,4,2,4,4,5,4,5,4,3,1,0,0,0,0,0,0,0,0,0,0,0,0,0,0,0,0,0,0,0,-3,0,-9,2,-9,2,-8,1,-6,-1,-4,-1,-5,0,-4,1,0,0,0,1,0,1,5,-1,10,-2,13,-1,14,-1,16,-1,17,1,16,4,15,6,16,6,16,7,16,7,13,5,8,3,6,3,3,4,-2,6"
3.4400551319122314,63,"CSI,2399,128,101,81,22,0,-1,-24,-2,-25,-2,-25,-1,-24,-2,-24,-2,-24,-3,-24,-3,-25,-4,-25,-4,-25,-4,-25,-5,-25,-4,-25,-4,-24,-3,-24,-3,-24,-3,-24,-2,-23,-2,-22,-1,-21,-1,-20,-1,-20,0,-19,0,-19,0,-18,0,-5,0,0,0,0,0,0,0,0,0,0,0,0,0,0,0,0,0,0,-1,-4,-1,-14,-1,-15,-1,-15,-1,-16,-1,-17,-1,-18,-1,-19,0,-20,1,-20,1,-20,1,-21,1,-22,1,-22,1,-22,1,-22,1,-22,1,-22,1,-22,1,-22,1,-22,0,-23,0,-23,-1,-24,-1,-23,0,-24,0,-25"
3.474015951156616,64,"CSI,536,128,83,49,21,0,5,8,1,4,-4,0,-7,-3,-10,-8,-12,-10,-16,-10,-22,-10,-24,-11,-23,-12,-21,-12,-20,-10,-18,-7,-17,-5,-14,-5,-11,-4,-9,-1,-4,1,0,4,1,3,2,2,4,3,6,3,8,0,10,1,2,0,0,0,0,0,0,0,0,0,0,0,0,0,0,0,0,0,0,0,-1,-3,-4,-10,-3,-10,-2,-10,0,-9,1,-8,0,-7,-2,-7,-1,-5,1,-3,2,-3,3,-2,1,2,-3,5,-3,7,1,9,3,13,2,16,3,18,5,20,7,22,8,23,7,23,6,20,8,17,9,19,8,22"
3.524548053741455,65,"CSI,2018,128,77,-47,20,0,0,-7,3,-8,4,-10,7,-11,11,-12,13,-14,10,-18,7,-21,8,-19,9,-19,9,-20,8,-17,5,-14,2,-12,2,-10,3,-6,3,-2,3,-1,2,-2,1,0,1,4,2,5,3,6,5,6,8,6,2,1,0,0,0,0,0,0,0,0,0,0,0,0,0,0,0,0,0,0,-2,2,-6,9,-5,6,-5,3,-6,2,-5,1,-4,0,-2,0,-3,-1,-5,-1,-7,-2,-7,-6,-7,-8,-7,-8,-10,-10,-13,-11,-15,-12,-16,-12,-14,-12,-13,-13,-15,-13,-15,-13,-14,-13,-12,-12,-8,-10,-7,-7,-8,-4"
3.552366018295288,66,"CSI,1169,128,83,49,21,0,5,19,4,22,4,25,7,23,6,20,1,18,1,13,2,8,-1,7,-2,8,0,7,1,4,2,1,2,0,4,2,7,4,8,3,7,2,5,3,4,4,5,5,7,5,7,4,4,2,2,0,0,0,0,0,0,0,0,0,0,0,0,0,0,0,0,0,0,0,0,0,-2,-1,-6,-4,-7,-6,-6,-6,-6,-5,-7,-4,-6,-4,-3,-5,-1,-4,-1,-2,-3,1,-4,6,-6,9,-7,9,-7,8,-9,9,-12,10,-14,12,-14,11,-13,9,-13,9,-12,8,-10,8,-4,8,0,8,2,9,5,10"
3.585559129714966,67,"CSI,2019,128,77,-47,20,0,2,-6,2,-9,4,-11,7,-12,9,-13,10,-13,12,-15,14,-20,10,-21,7,-18,8,-14,10,-11,10,-8,7,-8,3,-7,3,-4,2,-4,0,-4,-3,0,-6,4,-6,4,-6,3,-6,5,-7,5,-7,4,-2,1,0,0,0,0,0,0,0,0,0,0,0,0,0,0,0,0,0,0,1,-2,7,-6,6,-4,5,-4,4,-4,2,-1,-2,0,-4,0,-3,-1,-3,-2,-5,1,-7,6,-9,9,-10,8,-12,6,-13,6,-15,9,-16,11,-16,10,-16,11,-14,13,-13,12,-14,9,-12,6,-10,3,-7,2,-6,0"
3.621613025665283,68,"CSI,2400,128,101,81,22,0,-1,-25,-1,-25,-2,-25,-1,-24,-1,-24,-2,-24,-3,-24,-3,-24,-3,-24,-4,-24,-4,-23,-4,-23,-4,-23,-4,-22,-3,-22,-2,-21,-2,-21,-2,-20,-2,-19,-1,-18,-1,-17,-1,-17,0,-16,0,-15,0,-15,0,-4,0,0,0,0,0,0,0,0,0,0,0,0,0,0,0,0,0,0,-1,-5,-3,-19,-3,-20,-2,-21,-2,-22,-2,-23,-2,-24,-2,-25,-1,-26,0,-26,1,-26,1,-27,1,-27,1,-27,1,-27,1,-27,1,-27,1,-27,1,-27,1,-26,1,-26,1,-26,0,-26,-1,-26,-1,-26,0,-27,-1,-27"
3.652204990386963,69,"CSI,2020,128,77,-47,20,0,3,-4,2,-10,3,-14,3,-16,2,-18,2,-20,2,-22,1,-20,4,-18,7,-19,6,-17,6,-15,5,-14,4,-12,4,-10,4,-6,2,-1,-1,1,-4,2,-5,2,-7,3,-8,4,-8,3,-7,2,-8,1,-2,0,0,0,0,0,0,0,0,0,0,0,0,0,0,0,0,0,0,0,-4,-2,-12,-7,-11,-6,-10,-6,-7,-6,-6,-5,-5,-2,-3,-1,-4,-1,-4,-1,-3,2,-1,6,2,10,3,13,1,14,2,15,5,17,5,19,4,21,3,22,3,20,4,19,3,18,1,17,0,14,1,11,2,9"
3.6828830242156982,70,"CSI,540,128,83,49,21,0,7,4,9,0,10,-3,12,-4,16,-4,19,-5,23,-4,26,-1,23,-3,19,-3,17,-2,15,-1,14,0,11,1,7,2,4,2,0,0,-3,-3,-5,-6,-6,-4,-6,-5,-5,-5,-5,-6,-4,-8,-4,-10,-1,-3,0,0,0,0,0,0,0,0,0,0,0,0,0,0,0,0,0,0,-3,-3,-8,-9,-6,-9,-6,-10,-7,-10,-6,-8,-5,-5,-5,-4,-7,-3,-6,-1,-5,1,-4,3,-5,6,-6,10,-6,13,-9,18,-12,24,-14,24,-15,21,-14,20,-12,19,-12,18,-12,15,-10,12,-6,11,-1,12,3,11"
3.7133901119232178,71,"CSI,2401,128,101,81,22,0,8,21,9,21,9,21,9,20,9,19,10,19,10,19,11,19,11,19,11,19,11,18,11,18,11,18,11,17,11,17,10,17,9,18,9,17,8,17,7,15,7,15,6,14,6,14,5,13,5,13,1,3,0,0,0,0,0,0,0,0,0,0,0,0,0,0,0,0,0,0,2,3,8,14,8,15,7,16,7,16,8,17,8,19,8,20,8,20,7,21,7,21,6,22,6,23,6,23,6,23,6,22,6,23,7,23,7,22,7,22,7,21,7,21,8,22,9,22,9,21,9,21,9,22"
3.7428970336914062,72,"CSI,544,128,83,49,21,0,-9,4,-2,2,3,2,8,5,11,7,13,6,12,8,11,13,14,16,17,15,16,14,15,12,13,11,12,12,10,10,8,5,4,4,2,4,1,1,1,-3,0,-4,-1,-4,-2,-5,-2,-7,-2,-8,-1,-3,0,0,0,0,0,0,0,0,0,0,0,0,0,0,0,0,0,0,-1,-2,-2,-8,-1,-9,0,-12,2,-12,2,-12,1,-10,-1,-9,0,-8,0,-5,-2,-6,-4,-6,-4,-3,-4,1,-6,2,-10,4,-14,6,-18,7,-19,8,-20,10,-22,12,-26,12,-27,9,-26,8,-25,9,-23,9,-23,9"
3.781010866165161,73,"CSI,2402,128,101,81,22,0,13,-20,12,-21,12,-20,12,-20,12,-20,11,-20,10,-20,9,-21,9,-21,9,-21,8,-21,8,-21,8,-20,8,-20,9,-19,9,-19,8,-19,7,-18,7,-17,7,-16,7,-16,7,-15,7,-14,7,-14,7,-13,1,-4,0,0,0,0,0,0,0,0,0,0,0,0,0,0,0,0,0,0,1,-4,8,-16,8,-16,9,-17,10,-18,11,-18,11,-19,12,-19,13,-20,14,-20,15,-20,15,-20,15,-20,15,-20,15,-19,16,-19,16,-19,15,-19,15,-20,15,-20,15,-20,15,-20,14,-20,13,-20,14,-20,15,-20,15,-19"
3.811331033706665,74,"CSI,548,128,83,49,21,0,3,5,1,2,-4,-2,-7,-7,-9,-10,-12,-12,-15,-15,-19,-15,-22,-16,-22,-16,-21,-15,-18,-16,-15,-14,-11,-11,-8,-9,-5,-8,-2,-6,-2,-3,1,1,3,4,4,4,6,4,9,3,10,2,10,3,2,1,0,0,0,0,0,0,0,0,0,0,0,0,0,0,0,0,0,0,0,-3,1,-11,2,-10,4,-10,4,-10,3,-6,4,-3,4,-4,3,-5,5,-3,5,-2,1,0,-2,2,-1,2,1,4,3,9,3,13,2,16,3,20,4,21,3,22,4,25,6,25,8,23,11,22,9,20,5,18"
3.8552329540252686,75,"CSI,1514,128,-117,-78,40,0,-1,24,0,24,0,23,0,23,0,23,1,22,2,23,3,23,2,23,3,23,3,23,3,22,3,22,3,22,2,21,1,21,1,21,2,21,1,20,0,19,0,18,0,17,-1,16,-1,16,-1,16,-1,4,0,0,0,0,0,0,0,0,0,0,0,0,0,0,0,0,0,0,1,4,4,17,3,18,3,19,2,19,2,20,2,22,2,23,1,24,0,24,-1,24,-1,24,-2,25,-2,25,-2,25,-2,25,-2,25,-2,25,-2,25,-2,24,-1,24,-1,24,-1,24,0,24,0,24,-1,24,0,25"
3.8884050846099854,76,"CSI,552,128,83,49,21,0,3,2,0,-2,-2,-8,-3,-14,-6,-17,-6,-19,-6,-20,-8,-17,-7,-17,-5,-21,-5,-23,-3,-21,-3,-15,-4,-12,-4,-11,-3,-7,-2,-3,-1,1,0,3,1,4,0,5,0,7,1,10,1,12,1,13,0,3,0,0,0,0,0,0,0,0,0,0,0,0,0,0,0,0,0,0,0,-3,1,-11,1,-11,-1,-11,-2,-9,-1,-6,-2,-6,-2,-5,-2,-4,-2,-2,0,1,3,3,3,7,0,10,-2,14,-2,17,-1,19,-1,20,-1,19,0,20,1,23,1,22,-3,21,-5,21,-4,17,-2,14,1,13"
3.923207998275757,77,"CSI,2403,128,101,81,22,0,14,-20,13,-20,13,-20,13,-20,13,-20,13,-20,12,-20,11,-20,11,-21,11,-21,10,-21,10,-20,10,-20,10,-20,11,-20,11,-19,11,-19,10,-18,10,-17,10,-16,10,-15,10,-15,10,-14,10,-13,9,-13,2,-3,0,0,0,0,0,0,0,0,0,0,0,0,0,0,0,0,0,0,1,-5,8,-17,8,-17,9,-18,10,-18,10,-19,11,-19,12,-20,13,-20,14,-20,15,-20,16,-20,16,-20,16,-20,16,-20,16,-19,16,-19,16,-19,16,-19,16,-19,16,-20,16,-20,15,-20,14,-20,15,-20,16,-20,15,-21"
3.9889960289001465,78,"CSI,555,128,83,49,21,0,-9,-6,-10,0,-11,8,-12,11,-16,12,-18,15,-17,18,-16,20,-16,17,-16,12,-19,8,-21,6,-23,4,-20,3,-14,1,-10,0,-7,1,-3,3,-1,4,-1,5,-1,5,1,5,2,5,3,7,4,9,1,2,0,0,0,0,0,0,0,0,0,0,0,0,0,0,0,0,0,0,-1,-3,-3,-10,-3,-12,-2,-12,0,-12,0,-10,0,-9,-1,-9,-2,-10,-3,-11,-5,-8,-6,-5,-6,-5,-8,-5,-11,-4,-13,-7,-17,-9,-18,-10,-18,-12,-19,-13,-20,-14,-20,-17,-20,-17,-20,-16,-20,-14,-19,-11,-14,-11"
4.022295951843262,79,"CSI,2404,128,101,81,22,0,7,-22,6,-22,6,-22,6,-21,6,-21,5,-21,4,-21,4,-22,4,-22,3,-22,3,-21,3,-21,3,-21,4,-20,4,-20,5,-20,4,-20,4,-19,4,-18,5,-17,5,-16,5,-15,5,-15,5,-14,5,-14,1,-4,0,0,0,0,0,0,0,0,0,0,0,0,0,0,0,0,0,0,0,-4,2,-17,3,-17,3,-18,4,-18,4,-19,5,-20,5,-21,6,-21,7,-21,8,-21,8,-22,8,-22,8,-22,9,-22,9,-21,9,-21,8,-22,8,-22,9,-21,8,-21,8,-22,7,-22,7,-22,7,-22,7,-22,7,-23"
4.050268888473511,80,"CSI,1189,128,83,49,21,0,-2,15,-1,17,-3,20,-3,20,-1,18,-3,17,-3,13,1,5,3,2,1,2,-1,2,-1,2,2,0,4,-3,7,-4,9,-3,10,-2,9,-3,8,-3,7,-2,6,-1,5,0,5,-1,5,-1,4,0,1,0,0,0,0,0,0,0,0,0,0,0,0,0,0,0,0,0,0,0,0,-1,5,-5,7,-5,6,-4,6,-5,7,-5,5,-3,2,-3,1,-2,-1,-1,-3,1,-6,1,-9,1,-11,1,-11,0,-12,-1,-13,-4,-15,-5,-13,-4,-10,-6,-9,-7,-9,-5,-7,-1,-5,1,-4,4,-2,5,0,4"
4.090692043304443,81,"CSI,560,128,83,49,21,0,10,-14,6,-14,2,-14,-2,-16,-4,-17,-3,-17,-1,-17,-2,-17,-2,-17,0,-18,1,-19,2,-20,2,-19,2,-14,2,-12,2,-11,1,-8,-1,-6,-1,-7,-3,-6,-5,-5,-6,-4,-7,-5,-8,-4,-8,-3,-2,-1,0,0,0,0,0,0,0,0,0,0,0,0,0,0,0,0,0,0,2,0,11,2,11,3,11,3,8,2,7,2,7,0,6,-3,6,-2,6,1,4,-2,5,-6,7,-10,8,-13,9,-13,12,-14,17,-15,20,-13,20,-11,19,-12,19,-12,20,-12,20,-10,19,-9,18,-9,15,-11,16,-9"
4.124050855636597,82,"CSI,2405,128,101,81,22,0,21,-8,21,-8,21,-8,21,-9,21,-9,20,-10,19,-10,19,-10,19,-10,18,-10,18,-10,17,-10,18,-10,18,-10,18,-10,18,-9,17,-8,16,-8,16,-7,15,-7,15,-7,14,-6,14,-6,13,-5,12,-4,3,-1,0,0,0,0,0,0,0,0,0,0,0,0,0,0,0,0,0,0,4,-3,16,-8,17,-8,17,-8,18,-9,19,-8,20,-8,21,-8,22,-8,23,-8,24,-7,24,-7,23,-6,23,-6,23,-6,23,-6,24,-6,23,-6,23,-6,23,-7,23,-7,23,-8,23,-8,22,-7,23,-8,23,-8,24,-8"
4.154623985290527,83,"CSI,1192,128,83,49,21,0,13,-12,13,-13,13,-14,13,-14,14,-11,14,-8,9,-7,2,-4,3,-4,4,-5,1,-5,-2,-3,-4,-3,-7,-4,-7,-3,-5,-3,-5,-3,-6,-2,-6,-2,-5,-2,-6,0,-6,-1,-4,-3,-4,-3,-5,-2,-2,-1,0,0,0,0,0,0,0,0,0,0,0,0,0,0,0,0,0,0,-1,-1,-5,-4,-6,-6,-5,-7,-4,-6,-3,-6,-3,-4,-3,-2,-2,-2,-1,-1,1,0,3,2,3,6,1,10,2,11,4,11,4,12,4,14,2,15,-1,15,-2,12,1,8,3,5,4,3,5,1,5,-2,4,-3"
4.193282127380371,84,"CSI,564,128,83,49,21,0,4,-11,1,-9,-3,-10,-9,-13,-15,-14,-17,-13,-17,-12,-17,-10,-16,-12,-17,-17,-15,-19,-13,-18,-12,-17,-12,-15,-13,-15,-11,-13,-7,-8,-7,-4,-7,-2,-6,0,-6,2,-7,3,-7,5,-7,7,-8,6,-3,1,0,0,0,0,0,0,0,0,0,0,0,0,0,0,0,0,0,0,1,0,7,1,8,3,9,6,9,8,7,8,7,7,8,5,6,4,3,3,3,2,3,-1,2,-4,4,-8,5,-11,7,-12,11,-13,14,-15,17,-19,19,-19,20,-15,20,-15,20,-18,19,-16,20,-15,21,-16,21,-15"
4.228827238082886,85,"CSI,2406,128,101,81,22,0,14,17,14,17,14,16,14,15,14,15,14,14,15,14,15,14,15,14,15,14,15,13,15,13,15,13,15,12,15,12,14,12,13,13,13,13,12,12,11,11,11,10,10,10,10,10,9,10,9,10,2,2,0,0,0,0,0,0,0,0,0,0,0,0,0,0,0,0,0,0,2,3,12,12,12,13,12,14,12,14,12,15,13,17,13,18,13,18,13,19,13,19,12,19,12,20,12,20,12,20,12,20,12,20,12,20,12,19,13,19,13,18,13,18,13,18,14,18,14,18,14,18,14,19"
4.2582478523254395,86,"CSI,1197,128,83,49,21,0,-18,-17,-18,-22,-16,-21,-15,-18,-15,-16,-10,-12,-10,-7,-14,-3,-10,-1,-5,0,-4,1,-2,5,-1,7,-2,5,-1,4,1,6,2,7,0,6,0,5,1,5,2,4,1,4,-1,3,-1,4,1,4,0,1,0,0,0,0,0,0,0,0,0,0,0,0,0,0,0,0,0,0,-3,1,-10,5,-11,4,-12,3,-12,3,-8,3,-4,2,-6,2,-5,0,-1,0,3,2,9,2,13,3,14,4,15,4,16,4,15,4,13,3,14,3,14,2,11,0,11,-2,10,-1,5,0,1,-1,-4,-4,-9,-7"
4.293791055679321,87,"CSI,568,128,83,49,21,0,-9,8,-6,12,-3,13,-1,15,3,20,3,23,2,23,2,22,1,22,0,22,-3,23,-7,22,-6,21,-3,18,-3,14,-1,10,2,7,3,6,6,4,7,4,7,4,8,4,10,3,10,2,8,1,1,0,0,0,0,0,0,0,0,0,0,0,0,0,0,0,0,0,0,0,-3,-2,-11,-6,-12,-7,-11,-8,-10,-9,-10,-9,-8,-8,-8,-7,-10,-6,-10,-5,-8,-3,-8,0,-9,1,-12,2,-15,6,-18,7,-21,8,-25,11,-28,11,-29,9,-29,6,-30,5,-30,4,-27,3,-27,3,-28,4,-27,3"
4.341217041015625,88,"CSI,2407,128,101,81,22,0,-25,-1,-25,-1,-25,-1,-25,0,-25,1,-24,2,-24,1,-23,1,-23,2,-23,2,-23,2,-22,3,-22,3,-23,3,-23,3,-22,3,-21,2,-20,1,-20,1,-19,1,-18,1,-18,1,-17,1,-17,0,-16,0,-4,-1,0,0,0,0,0,0,0,0,0,0,0,0,0,0,0,0,0,0,-5,0,-21,0,-21,0,-22,-1,-23,-1,-24,-1,-24,-2,-25,-2,-26,-3,-26,-3,-27,-4,-27,-5,-27,-6,-27,-6,-27,-6,-27,-5,-27,-5,-26,-5,-26,-5,-27,-4,-27,-3,-27,-3,-26,-3,-26,-3,-26,-3,-27,-3,-27,-3"
4.374512195587158,89,"CSI,1201,128,83,49,21,0,23,-1,24,1,24,1,22,1,19,3,18,3,15,1,9,-1,7,-2,7,-1,3,-2,1,-3,-2,-5,-5,-6,-6,-6,-5,-7,-5,-10,-4,-10,-5,-10,-7,-7,-6,-5,-5,-6,-5,-5,-5,-5,-5,-5,-2,-2,0,0,0,0,0,0,0,0,0,0,0,0,0,0,0,0,0,0,-1,-3,-3,-10,-1,-11,-2,-11,-1,-10,-1,-8,-1,-7,1,-6,3,-3,1,0,-3,2,-5,5,-5,7,-5,8,-6,12,-7,15,-11,14,-13,14,-13,15,-12,15,-11,13,-8,9,-5,7,-1,7,4,4,9,0,11,0"
4.4078688621521,90,"CSI,953,128,-118,32,8,0,-5,-12,-6,-10,-7,-8,-9,-5,-10,-3,-12,-2,-14,-2,-15,-2,-16,-2,-17,-3,-17,-3,-16,-4,-15,-4,-14,-5,-12,-4,-10,-4,-8,-3,-7,-2,-7,-1,-7,1,-7,2,-8,2,-9,2,-10,2,-11,0,-3,0,0,0,0,0,0,0,0,0,0,0,0,0,0,0,0,0,0,0,-1,-2,-1,-7,-1,-8,-1,-10,0,-11,1,-12,3,-13,5,-13,7,-13,7,-12,8,-11,8,-9,7,-9,6,-8,4,-8,2,-8,0,-9,-2,-10,-4,-11,-6,-13,-7,-15,-7,-16,-7,-18,-7,-19,-6,-19,-6,-19,-6,-19"
4.441127061843872,91,"CSI,954,128,-98,96,9,0,-9,-9,-9,-7,-9,-5,-10,-2,-11,1,-12,2,-13,3,-14,4,-15,4,-16,4,-16,3,-16,2,-16,2,-15,1,-13,1,-10,0,-9,0,-7,1,-6,2,-5,3,-5,5,-6,5,-7,6,-8,5,-9,5,-3,1,0,0,0,0,0,0,0,0,0,0,0,0,0,0,0,0,0,0,-1,-2,-3,-6,-4,-7,-4,-9,-3,-11,-2,-12,-1,-14,1,-14,2,-14,3,-14,4,-13,4,-12,4,-11,3,-10,1,-9,-1,-8,-3,-8,-5,-8,-7,-9,-9,-10,-11,-12,-12,-13,-13,-14,-13,-16,-12,-16,-12,-16,-12,-16"
4.471662998199463,92,"CSI,572,128,83,49,21,0,-2,1,0,6,1,8,-1,11,-2,14,-2,17,-5,21,-10,23,-8,23,-2,22,0,19,0,19,-1,18,-1,14,-2,11,-2,7,-1,2,1,-1,1,-1,0,-2,1,-6,1,-9,0,-10,2,-10,4,-10,1,-3,0,0,0,0,0,0,0,0,0,0,0,0,0,0,0,0,0,0,0,1,2,7,2,8,3,8,2,8,2,7,3,5,3,4,-1,4,-2,2,-1,-2,-1,-4,-2,-8,0,-12,3,-15,3,-18,3,-21,3,-21,2,-22,2,-22,1,-21,-1,-21,1,-22,2,-20,0,-19,-1,-17,0,-13"
4.507766008377075,93,"CSI,2408,128,101,81,22,0,16,-17,15,-17,15,-17,15,-17,15,-17,15,-17,14,-18,13,-18,13,-18,13,-18,13,-18,12,-18,12,-18,13,-18,13,-18,13,-17,13,-17,12,-16,12,-15,13,-14,13,-14,12,-13,12,-12,12,-11,12,-11,2,-3,0,0,0,0,0,0,0,0,0,0,0,0,0,0,0,0,0,0,2,-4,10,-14,10,-14,11,-15,12,-15,13,-15,13,-16,14,-16,15,-16,16,-16,17,-16,17,-16,17,-15,17,-15,17,-15,18,-15,18,-15,17,-15,17,-15,17,-16,17,-16,17,-16,16,-16,16,-16,16,-16,17,-16,17,-17"
4.538322925567627,94,"CSI,1204,128,83,49,21,0,-20,-6,-21,-6,-21,-7,-19,-8,-17,-7,-15,-5,-12,-6,-7,-6,-6,-5,-8,-4,-7,-4,-5,-2,-3,0,-2,4,-1,7,0,8,2,9,4,9,5,8,4,9,3,9,3,6,2,4,0,3,-2,1,-1,0,0,0,0,0,0,0,0,0,0,0,0,0,0,0,0,0,0,0,-1,2,-3,8,-3,7,-4,7,-4,7,-4,7,-3,5,1,3,0,2,-2,1,-1,0,2,-3,6,-5,11,-5,12,-5,11,-7,13,-9,15,-7,14,-4,12,-4,8,-5,7,-8,8,-10,5,-7,-2,-4,-6,-2,-7,1"
4.568907022476196,95,"CSI,576,128,83,49,21,0,-2,-1,1,-3,6,-2,13,2,19,7,22,5,20,5,18,10,21,10,23,5,21,3,19,3,17,5,15,4,13,3,9,1,4,-3,1,-5,-1,-8,-3,-8,-5,-7,-6,-6,-8,-5,-10,-6,-10,-6,-3,-2,0,0,0,0,0,0,0,0,0,0,0,0,0,0,0,0,0,0,1,-1,6,-3,7,-5,10,-5,10,-5,9,-6,7,-5,6,-4,5,-4,4,-2,2,-1,-1,-1,-4,-2,-6,-2,-8,-3,-12,-2,-16,-2,-18,-6,-20,-5,-23,-1,-23,-1,-24,-1,-26,-3,-25,-4,-24,-3,-21,-5,-17,-7"
4.602417230606079,96,"CSI,2409,128,101,81,22,0,15,18,15,18,15,17,15,17,15,16,16,16,16,16,17,16,17,15,16,15,16,15,16,15,16,14,17,14,16,14,16,14,15,15,14,15,14,14,13,13,12,12,12,12,11,12,10,12,10,12,2,3,0,0,0,0,0,0,0,0,0,0,0,0,0,0,0,0,0,0,3,2,12,10,13,11,13,12,13,13,14,13,14,15,14,16,14,17,14,17,14,18,13,19,13,20,13,20,13,20,13,19,13,20,14,20,14,19,14,18,14,18,14,18,15,19,15,19,15,19,15,19,16,19"
4.630490064620972,97,"CSI,580,128,83,49,21,0,4,5,7,1,11,-3,15,-6,18,-6,19,-7,21,-5,26,0,29,-2,26,-5,22,-2,18,-1,16,0,16,2,14,2,7,0,3,-3,1,-7,1,-9,2,-7,3,-6,2,-9,1,-11,0,-10,1,-10,0,-3,0,0,0,0,0,0,0,0,0,0,0,0,0,0,0,0,0,0,-3,2,-9,9,-8,7,-8,7,-8,6,-8,4,-7,4,-5,5,-4,5,-4,5,-3,6,-1,6,3,8,4,11,6,14,8,17,9,18,7,17,6,19,7,21,7,23,5,23,4,21,4,19,7,17,7,16,3,17"
4.676549196243286,98,"CSI,2410,128,101,81,22,0,22,13,22,12,23,12,22,11,22,10,22,10,23,10,23,10,23,10,22,10,22,9,22,9,22,9,22,9,22,9,21,9,20,10,19,10,18,10,17,9,16,9,15,9,15,9,14,9,13,9,3,2,0,0,0,0,0,0,0,0,0,0,0,0,0,0,0,0,0,0,4,1,17,8,18,8,18,9,18,9,19,10,20,11,20,12,21,13,21,13,21,14,21,14,21,15,21,16,21,16,21,15,21,15,21,15,21,15,21,14,22,13,22,13,22,13,22,14,22,13,23,13,24,13"
4.705287218093872,99,"CSI,584,128,83,49,21,0,6,6,7,6,11,8,14,10,17,12,17,13,16,10,16,5,11,7,7,10,7,10,9,9,9,6,8,4,7,4,7,0,6,-5,4,-5,4,-5,5,-7,6,-7,7,-6,7,-7,6,-7,6,-6,1,-2,0,0,0,0,0,0,0,0,0,0,0,0,0,0,0,0,0,0,-2,-3,-7,-11,-7,-12,-7,-11,-6,-10,-3,-10,0,-9,-1,-6,-4,0,-6,5,-7,5,-9,6,-12,8,-14,9,-16,10,-20,11,-24,13,-24,13,-20,10,-18,9,-19,9,-19,7,-17,4,-16,3,-13,4,-9,5,-6,6"
4.765068054199219,100,"CSI,1216,128,83,49,21,0,-18,-2,-21,-3,-20,-3,-19,-4,-18,-4,-18,-1,-16,-2,-13,-6,-13,-6,-14,-2,-12,0,-8,2,-4,5,-3,6,-2,5,-1,5,-3,8,-4,10,-2,8,-2,8,-2,9,-4,8,-5,5,-3,4,-1,4,-1,1,0,0,0,0,0,0,0,0,0,0,0,0,0,0,0,0,0,0,1,-1,8,0,10,1,11,2,9,1,6,0,4,0,2,0,1,0,1,-1,2,-2,1,-6,-1,-11,-1,-13,0,-14,-1,-15,1,-15,2,-16,2,-18,3,-18,1,-16,0,-12,2,-8,2,-8,-2,-6,-9,-4,-12,-3"
4.798409938812256,101,"CSI,2411,128,101,81,22,0,2,-23,1,-24,1,-24,1,-23,1,-23,1,-23,0,-23,-1,-23,-1,-23,-1,-23,-2,-23,-2,-23,-1,-23,-1,-23,0,-22,0,-22,0,-22,0,-21,1,-20,1,-19,2,-18,2,-18,2,-17,2,-16,2,-16,0,-4,0,0,0,0,0,0,0,0,0,0,0,0,0,0,0,0,0,0,-1,-4,-1,-15,-1,-16,-1,-17,0,-18,0,-18,0,-19,0,-20,1,-21,1,-21,2,-22,2,-22,2,-23,3,-23,3,-23,3,-23,3,-23,3,-23,3,-23,3,-23,3,-23,3,-23,2,-23,1,-24,2,-23,2,-24,2,-25"
4.828751087188721,102,"CSI,588,128,83,49,21,0,2,8,6,10,8,12,7,15,6,18,8,18,6,18,2,19,4,18,8,17,8,15,8,14,6,11,3,6,0,3,0,0,0,-4,-2,-7,-3,-7,-3,-8,-2,-10,-4,-9,-5,-8,-6,-8,-8,-9,-3,-3,0,0,0,0,0,0,0,0,0,0,0,0,0,0,0,0,0,0,3,1,13,7,12,8,11,9,9,8,6,6,5,3,3,0,-2,-3,-5,-7,-5,-7,-7,-9,-9,-14,-10,-17,-12,-20,-12,-23,-11,-24,-12,-25,-14,-26,-14,-27,-12,-26,-9,-21,-7,-15,-6,-11,-7,-10,-8,-6,-6,-3"
4.867753982543945,103,"CSI,1221,128,83,49,21,0,9,-15,11,-15,12,-16,12,-16,11,-15,11,-12,12,-12,10,-15,6,-13,3,-9,0,-8,-2,-9,-3,-9,-6,-9,-6,-10,-6,-10,-6,-10,-5,-11,-6,-11,-5,-10,-3,-9,-3,-9,-3,-9,-2,-7,-3,-6,-1,-2,0,0,0,0,0,0,0,0,0,0,0,0,0,0,0,0,0,0,-1,1,-3,6,-3,5,-3,5,-4,6,-5,5,-3,3,-2,3,-1,1,0,-1,5,0,10,2,9,3,10,5,14,7,13,7,12,7,10,6,8,7,10,10,10,12,6,9,4,4,3,1,2,-2,3,-5,4,-6"
4.911558151245117,104,"CSI,2412,128,101,81,22,0,-20,-16,-20,-15,-20,-15,-20,-14,-20,-13,-20,-12,-20,-12,-21,-12,-20,-12,-20,-12,-20,-12,-19,-11,-19,-11,-20,-11,-19,-10,-18,-11,-17,-11,-17,-11,-16,-11,-15,-10,-15,-10,-14,-9,-13,-9,-12,-9,-11,-9,-3,-3,0,0,0,0,0,0,0,0,0,0,0,0,0,0,0,0,0,0,-5,-3,-18,-10,-18,-11,-18,-12,-19,-13,-20,-13,-20,-15,-20,-16,-21,-16,-21,-17,-21,-17,-21,-18,-20,-19,-20,-19,-20,-19,-20,-19,-20,-19,-20,-19,-20,-18,-20,-17,-21,-17,-21,-16,-21,-17,-21,-17,-21,-17,-21,-16,-22,-17"
4.950333833694458,105,"CSI,1520,128,-117,-78,40,0,-3,-15,-3,-15,-3,-15,-3,-14,-3,-14,-3,-14,-4,-14,-4,-14,-4,-14,-4,-14,-5,-14,-5,-13,-4,-13,-4,-13,-4,-12,-4,-12,-4,-12,-3,-12,-3,-11,-3,-11,-2,-10,-2,-10,-2,-9,-2,-9,-2,-9,-1,-3,0,0,0,0,0,0,0,0,0,0,0,0,0,0,0,0,0,0,-1,-3,-3,-11,-3,-12,-3,-13,-3,-13,-3,-13,-3,-14,-3,-15,-2,-15,-2,-15,-2,-16,-2,-16,-2,-16,-1,-16,-1,-16,-1,-16,-1,-16,-2,-16,-1,-16,-1,-16,-2,-15,-2,-15,-2,-16,-3,-16,-3,-15,-3,-15,-2,-15"
4.980839252471924,106,"CSI,592,128,83,49,21,0,2,-2,2,3,3,8,6,11,8,15,5,18,3,23,5,29,6,28,6,23,7,19,7,18,5,16,2,13,0,11,-3,9,-3,4,-1,-1,0,-4,-2,-7,-4,-8,-5,-7,-5,-8,-6,-9,-7,-10,-2,-3,0,0,0,0,0,0,0,0,0,0,0,0,0,0,0,0,0,0,0,2,0,11,0,12,0,11,-2,9,-3,8,-2,7,0,5,2,4,2,1,-2,-4,-2,-9,2,-12,3,-12,1,-16,2,-21,5,-23,6,-23,5,-24,4,-27,2,-27,-2,-25,-4,-22,-4,-18,-3,-16,0,-17,0,-18"
5.0141260623931885,107,"CSI,3887,128,-5,-79,31,0,24,-3,23,-3,24,-3,24,-4,23,-4,23,-5,22,-5,22,-5,22,-5,21,-5,21,-5,21,-5,21,-5,21,-5,21,-5,21,-5,20,-4,19,-3,18,-3,18,-3,17,-3,16,-2,16,-2,15,-1,14,-1,3,0,0,0,0,0,0,0,0,0,0,0,0,0,0,0,0,0,0,0,4,-2,18,-5,19,-5,19,-5,20,-5,21,-4,22,-4,23,-3,23,-3,25,-3,25,-3,25,-2,25,-1,25,-1,25,-1,25,-1,25,-1,25,-1,25,-1,25,-2,25,-2,25,-3,25,-2,25,-2,25,-2,26,-3,27,-4"
5.050319194793701,108,"CSI,3888,128,122,-96,7,0,21,-13,20,-13,20,-13,21,-13,21,-13,20,-13,19,-13,18,-13,18,-14,18,-14,17,-14,17,-14,17,-13,18,-13,18,-13,18,-12,17,-11,16,-10,16,-10,15,-9,15,-9,14,-8,14,-8,14,-7,13,-6,3,-2,0,0,0,0,0,0,0,0,0,0,0,0,0,0,0,0,0,0,3,-3,14,-12,15,-12,16,-12,17,-13,18,-13,18,-13,19,-13,20,-12,21,-12,22,-12,22,-12,22,-12,22,-12,22,-11,22,-11,23,-11,22,-11,22,-12,23,-12,23,-12,22,-12,22,-12,21,-12,21,-12,22,-13,23,-13"
5.078243970870972,109,"CSI,596,128,83,49,21,0,3,7,2,1,3,-3,5,-7,5,-11,6,-12,5,-14,4,-17,5,-15,8,-13,11,-13,10,-12,7,-11,5,-8,6,-6,7,-4,6,0,2,1,0,-2,-2,-3,-4,-1,-5,1,-7,1,-10,0,-11,-2,-3,-1,0,0,0,0,0,0,0,0,0,0,0,0,0,0,0,0,0,0,-2,0,-9,-1,-10,-4,-9,-5,-8,-2,-8,1,-6,0,-4,0,-4,3,-3,6,-4,7,-6,5,-5,6,-2,9,1,12,2,14,2,17,1,17,1,16,2,15,5,14,4,15,1,17,1,16,4,16,5,15,5,12"
5.114129066467285,110,"CSI,2413,128,101,81,22,0,3,-25,2,-25,2,-24,2,-24,2,-24,2,-24,1,-24,0,-24,0,-24,0,-24,0,-24,0,-24,0,-23,0,-23,1,-23,2,-23,2,-22,2,-22,2,-21,2,-20,3,-19,3,-18,3,-17,3,-16,3,-16,0,-4,0,0,0,0,0,0,0,0,0,0,0,0,0,0,0,0,0,0,-1,-4,-3,-16,-3,-17,-2,-18,-2,-19,-1,-20,-1,-21,-1,-22,0,-22,1,-23,2,-23,2,-24,2,-24,3,-25,3,-25,3,-25,3,-25,3,-25,3,-25,3,-24,3,-24,3,-24,2,-25,2,-25,2,-25,3,-25,2,-26"
5.144695043563843,111,"CSI,600,128,83,49,21,0,-2,5,-2,10,-3,14,-2,14,-2,14,-3,14,-3,12,-4,7,-5,7,-6,9,-5,7,-6,6,-5,7,-4,5,-4,1,-6,0,-8,-1,-7,-3,-4,-4,-3,-3,-3,-4,-4,-6,-4,-5,-4,-4,-2,-3,-1,-1,0,0,0,0,0,0,0,0,0,0,0,0,0,0,0,0,0,0,-2,-1,-8,-2,-8,-2,-8,-1,-8,-2,-6,-1,-5,0,-1,0,3,1,4,3,6,2,9,-1,10,-4,11,-4,13,-5,13,-5,16,-6,17,-7,16,-7,14,-7,13,-8,12,-8,11,-6,8,-4,5,-3,3,-2,2,-1"
5.177466154098511,112,"CSI,2414,128,101,81,22,0,10,-23,10,-24,9,-24,10,-24,9,-23,9,-23,7,-23,7,-23,7,-23,6,-24,6,-23,6,-23,6,-23,6,-22,7,-22,7,-21,6,-21,6,-20,6,-19,6,-18,6,-17,6,-16,6,-16,6,-15,6,-14,1,-4,0,0,0,0,0,0,0,0,0,0,0,0,0,0,0,0,0,0,1,-5,5,-18,6,-18,7,-19,7,-20,8,-21,8,-21,9,-22,10,-22,11,-23,12,-23,12,-23,12,-23,12,-23,12,-23,12,-23,12,-23,12,-23,12,-24,12,-24,12,-23,12,-23,11,-24,10,-24,11,-24,11,-24,11,-25"
5.209641933441162,113,"CSI,604,128,83,49,21,0,14,2,14,2,11,4,10,6,10,5,11,6,8,5,2,2,1,3,6,5,8,5,7,6,8,4,9,3,9,1,11,0,9,1,5,2,4,2,3,2,2,1,2,-1,2,-1,2,1,4,4,1,1,0,0,0,0,0,0,0,0,0,0,0,0,0,0,0,0,0,0,2,-1,8,-1,7,-3,5,-3,6,0,6,1,4,1,3,3,3,5,4,5,3,7,3,8,4,9,5,7,8,5,10,5,11,4,11,4,11,6,12,6,11,5,9,6,12,4,14,2,12,2,9,4,6,5"
5.245456218719482,114,"CSI,2415,128,101,81,22,0,-24,6,-24,6,-24,6,-24,6,-24,7,-23,7,-22,7,-22,7,-22,7,-22,7,-22,7,-21,8,-22,8,-22,7,-22,7,-21,7,-21,6,-20,5,-19,5,-19,4,-19,4,-18,4,-17,3,-17,2,-16,2,-4,0,0,0,0,0,0,0,0,0,0,0,0,0,0,0,0,0,0,0,-4,1,-15,5,-15,5,-16,5,-17,5,-18,5,-18,5,-19,5,-20,5,-21,5,-22,5,-22,4,-22,3,-22,3,-23,3,-23,3,-23,3,-23,3,-23,4,-24,5,-24,5,-24,5,-24,5,-23,5,-24,5,-25,6,-25,6"
5.311442852020264,115,"CSI,608,128,83,49,21,0,10,-3,9,-3,9,0,10,1,11,1,12,1,13,4,13,9,13,7,14,2,14,0,13,-3,12,-2,11,1,10,2,7,2,4,1,6,2,5,3,3,5,1,4,2,4,3,5,3,5,4,4,1,1,0,0,0,0,0,0,0,0,0,0,0,0,0,0,0,0,0,0,2,-1,8,-3,8,-2,8,-3,9,-4,9,-3,6,-1,5,-1,5,1,3,3,3,6,3,8,5,8,7,5,6,4,5,5,7,4,9,2,11,0,13,-1,14,1,12,3,11,2,12,1,12,-1,11,-4,9,-4"
5.354681015014648,116,"CSI,2416,128,101,81,22,0,-24,-1,-24,-1,-24,-1,-24,0,-24,0,-23,1,-23,1,-23,1,-23,1,-22,1,-22,1,-22,1,-21,1,-22,1,-22,1,-21,1,-20,0,-19,0,-18,-1,-18,0,-17,0,-16,-1,-16,-1,-15,-2,-14,-2,-4,-1,0,0,0,0,0,0,0,0,0,0,0,0,0,0,0,0,0,0,-4,0,-16,0,-17,0,-18,0,-19,0,-19,-1,-20,-1,-21,-2,-22,-2,-22,-2,-23,-2,-23,-3,-23,-4,-23,-4,-23,-4,-24,-4,-24,-4,-24,-4,-24,-3,-24,-2,-25,-2,-25,-1,-24,-2,-24,-2,-25,-2,-25,-2,-26,-2"
5.416723012924194,117,"CSI,612,128,83,49,21,0,5,5,2,6,1,9,-1,10,-3,9,-3,11,-4,10,-4,6,-4,6,-6,9,-5,10,-2,12,-3,12,-4,10,-2,8,0,5,-2,6,-4,7,-5,5,-6,2,-5,2,-5,2,-8,3,-7,4,-2,4,0,1,0,0,0,0,0,0,0,0,0,0,0,0,0,0,0,0,0,0,1,-1,6,-2,6,-3,6,-4,5,-3,4,-2,5,-3,3,-1,0,2,1,3,3,2,4,5,3,8,4,8,6,9,6,11,6,12,6,14,8,15,9,15,12,14,13,11,11,8,9,8,7,9,7,8,7,7"
5.474845886230469,118,"CSI,2417,128,101,81,22,0,-12,-18,-12,-18,-13,-17,-13,-17,-12,-16,-13,-16,-13,-16,-13,-16,-13,-16,-13,-16,-13,-16,-13,-15,-13,-15,-13,-15,-13,-15,-12,-15,-11,-15,-11,-15,-10,-14,-10,-13,-9,-13,-9,-12,-8,-12,-8,-12,-7,-12,-2,-3,0,0,0,0,0,0,0,0,0,0,0,0,0,0,0,0,0,0,-3,-3,-10,-9,-10,-10,-10,-10,-10,-11,-11,-12,-11,-13,-12,-14,-12,-14,-12,-15,-11,-15,-11,-16,-11,-17,-11,-18,-11,-18,-11,-17,-11,-18,-12,-18,-12,-18,-11,-17,-12,-17,-12,-17,-12,-17,-12,-18,-12,-18,-13,-18,-13,-18"
5.522637128829956,119,"CSI,616,128,83,49,21,0,6,-13,8,-11,9,-9,10,-9,11,-10,12,-7,10,-6,7,-11,7,-11,8,-7,10,-5,10,-6,10,-9,9,-9,7,-6,7,-4,6,-3,5,-4,6,-4,6,-4,6,-2,5,-2,5,-3,5,-4,3,-4,0,-1,0,0,0,0,0,0,0,0,0,0,0,0,0,0,0,0,0,0,-1,-1,-3,-5,-2,-7,-2,-6,-3,-5,-3,-4,-1,-3,0,-5,2,-8,4,-7,6,-8,8,-10,9,-11,8,-11,7,-12,6,-13,6,-13,7,-13,9,-15,8,-17,5,-16,4,-15,6,-14,6,-14,4,-17,1,-16,-3,-14"
5.581191062927246,120,"CSI,2418,128,101,81,22,0,-20,13,-20,13,-20,13,-20,14,-20,14,-19,14,-18,14,-18,14,-18,14,-17,14,-17,14,-17,14,-17,13,-17,13,-17,13,-17,12,-16,12,-16,11,-15,10,-15,9,-15,9,-14,8,-14,7,-13,7,-13,6,-3,1,0,0,0,0,0,0,0,0,0,0,0,0,0,0,0,0,0,0,-3,2,-11,11,-12,11,-13,12,-14,12,-15,12,-15,12,-16,13,-17,13,-18,13,-19,13,-20,13,-20,13,-20,13,-20,13,-21,13,-21,13,-21,13,-21,13,-21,13,-21,14,-21,14,-20,14,-20,14,-21,14,-22,14,-22,15"
5.6231842041015625,121,"CSI,620,128,83,49,21,0,3,4,-1,0,-3,0,-5,3,-7,5,-11,7,-14,8,-17,7,-15,7,-11,10,-8,11,-6,10,-8,8,-10,6,-6,3,-4,2,-6,4,-5,5,-1,2,-2,-1,-3,-2,-4,-2,-5,-3,-6,-4,-7,-4,-2,-1,0,0,0,0,0,0,0,0,0,0,0,0,0,0,0,0,0,0,-1,-2,0,-8,2,-8,3,-8,4,-8,4,-6,4,-3,4,-1,5,-3,6,-1,5,3,6,4,6,3,5,4,9,6,12,9,11,12,8,14,7,14,8,15,10,15,11,12,12,9,12,6,12,6,13,6,15,4"
5.688637018203735,122,"CSI,2419,128,101,81,22,0,-2,12,-2,12,-1,12,-1,12,-1,11,-1,11,-1,11,0,11,0,11,0,11,0,11,0,10,0,10,0,10,-1,10,-1,10,-1,10,-1,9,-1,8,-1,8,-1,7,-1,7,-2,7,-2,6,-2,6,-1,1,0,0,0,0,0,0,0,0,0,0,0,0,0,0,0,0,0,0,-1,2,-1,9,-1,10,-1,10,-1,10,-1,11,-1,11,-1,12,-2,12,-2,12,-3,13,-3,13,-3,13,-3,13,-3,13,-3,13,-3,12,-3,13,-3,13,-3,12,-3,12,-2,12,-2,12,-1,12,-2,12,-2,12,-2,12"
5.728571176528931,123,"CSI,624,128,83,49,21,0,-8,3,-5,-3,-2,-8,-3,-9,-4,-9,-6,-11,-6,-14,-3,-16,-6,-15,-11,-13,-13,-10,-12,-9,-11,-8,-12,-7,-11,-7,-7,-6,-3,-5,-2,-4,0,-5,0,-4,0,-5,1,-5,1,-5,0,-5,0,-4,0,-1,0,0,0,0,0,0,0,0,0,0,0,0,0,0,0,0,0,0,-1,2,-3,8,-4,7,-6,7,-8,7,-8,4,-9,2,-8,0,-8,0,-8,3,-7,4,-8,1,-9,0,-10,0,-13,-3,-16,-6,-18,-6,-18,-2,-20,-1,-19,-2,-17,0,-18,3,-19,2,-18,1,-17,0,-15,2,-14,5"
5.786424160003662,124,"CSI,1257,128,83,49,21,0,1,-15,1,-13,2,-14,4,-15,4,-13,4,-13,3,-10,0,-2,0,0,1,-2,1,-4,-1,-3,-3,-1,-4,1,-6,1,-7,0,-8,0,-9,0,-8,0,-7,0,-8,0,-9,-3,-8,-5,-7,-4,-6,-1,-2,0,0,0,0,0,0,0,0,0,0,0,0,0,0,0,0,0,0,0,-1,1,-2,4,-2,3,-3,2,-4,2,-3,1,-1,2,-2,2,-2,0,-2,-2,1,-1,3,2,4,1,6,-2,7,-2,9,0,11,0,10,1,9,2,9,1,8,1,9,0,9,-2,7,-5,3,-4,0,-4,1,-5"
5.822551965713501,125,"CSI,2420,128,101,81,22,0,-12,20,-12,20,-11,20,-12,19,-12,19,-11,19,-10,19,-9,19,-9,19,-9,19,-8,19,-8,19,-9,18,-9,18,-10,17,-10,17,-9,17,-9,16,-9,15,-10,14,-10,13,-9,13,-9,12,-9,11,-9,11,-3,2,0,0,0,0,0,0,0,0,0,0,0,0,0,0,0,0,0,0,-2,4,-8,19,-8,19,-9,20,-10,20,-10,21,-11,22,-11,22,-12,22,-13,23,-14,23,-14,23,-14,23,-14,22,-14,22,-15,22,-15,22,-14,21,-14,21,-14,21,-14,21,-14,21,-13,21,-12,21,-13,21,-13,21,-13,22"
5.849822998046875,126,"CSI,628,128,83,49,21,0,5,2,5,4,6,9,7,9,9,8,11,10,9,9,6,5,6,7,7,10,6,9,6,9,7,9,6,8,3,7,1,7,-1,5,-2,4,-3,5,-3,4,-4,2,-3,1,-2,1,-3,3,-3,3,-1,0,0,0,0,0,0,0,0,0,0,0,0,0,0,0,0,0,0,0,-2,-3,-7,-9,-6,-9,-6,-8,-7,-7,-5,-7,-2,-8,0,-7,0,-5,1,-7,4,-5,8,-3,11,-4,13,-6,17,-6,19,-7,17,-9,17,-9,17,-8,15,-8,13,-8,14,-9,14,-11,10,-13,6,-12,5,-8,6,-3"
5.889425992965698,127,"CSI,1261,128,83,49,21,0,12,-6,13,-8,15,-5,16,-3,14,-3,13,-2,10,-2,2,-2,0,-1,2,-1,1,-1,-3,-2,-6,-3,-7,-5,-6,-5,-7,-5,-9,-5,-9,-4,-9,-5,-7,-8,-7,-9,-6,-9,-4,-7,-5,-6,-5,-4,-1,-1,0,0,0,0,0,0,0,0,0,0,0,0,0,0,0,0,0,0,0,-2,0,-6,-2,-4,-3,-6,-2,-8,0,-6,0,-2,0,-1,0,-2,-1,-2,-1,2,-2,5,-3,6,-3,7,-2,7,0,8,0,8,-1,9,-2,7,-3,4,-3,3,-1,2,1,4,3,5,4,1,5,-3,8,-4"
5.925414085388184,128,"CSI,2421,128,101,81,22,0,10,-17,10,-17,10,-17,10,-17,10,-17,9,-17,8,-17,8,-17,8,-17,7,-17,7,-17,7,-17,7,-17,8,-17,8,-17,8,-16,8,-16,8,-15,8,-15,8,-14,8,-13,8,-13,8,-12,8,-12,8,-11,2,-3,0,0,0,0,0,0,0,0,0,0,0,0,0,0,0,0,0,0,1,-4,7,-13,7,-14,7,-14,8,-15,9,-15,9,-16,9,-16,10,-16,11,-16,12,-16,12,-16,12,-16,12,-16,12,-16,12,-16,12,-16,12,-16,11,-16,12,-16,12,-16,11,-16,11,-16,10,-17,10,-17,11,-17,11,-17"
5.9586570262908936,129,"CSI,632,128,83,49,21,0,4,3,7,8,7,12,8,13,9,14,8,13,7,10,7,9,8,11,7,13,5,12,2,13,1,12,0,7,1,3,0,1,-3,-1,-5,-3,-4,-5,-2,-6,-2,-6,-2,-6,-2,-6,-3,-6,-3,-10,-1,-3,0,0,0,0,0,0,0,0,0,0,0,0,0,0,0,0,0,0,2,-1,9,-1,8,-2,7,-2,6,-1,4,-1,1,1,-1,1,-3,-4,-6,-7,-7,-7,-7,-9,-10,-12,-11,-12,-12,-11,-16,-11,-17,-11,-16,-12,-15,-12,-14,-10,-14,-10,-12,-10,-12,-10,-11,-9,-9,-10,-10,-6,-12,1"
5.989537000656128,130,"CSI,1526,128,-117,-78,40,0,-19,7,-18,7,-18,7,-18,8,-18,8,-17,8,-17,8,-16,8,-16,8,-16,8,-16,8,-15,8,-15,8,-16,8,-16,8,-16,8,-15,7,-14,6,-14,6,-14,5,-14,5,-13,5,-13,4,-13,4,-12,3,-3,0,0,0,0,0,0,0,0,0,0,0,0,0,0,0,0,0,0,0,-4,2,-16,7,-16,7,-17,7,-18,7,-18,7,-19,7,-19,7,-20,7,-21,7,-21,7,-21,6,-21,6,-21,6,-21,6,-21,6,-21,6,-21,6,-20,6,-20,7,-21,7,-20,7,-20,7,-19,7,-20,7,-20,7,-21,7"
6.031064987182617,131,"CSI,2422,128,101,81,22,0,13,17,13,17,14,17,14,16,13,15,13,14,14,14,14,14,14,14,14,14,14,13,13,13,13,12,13,12,13,11,12,12,12,12,12,12,11,11,10,10,9,10,9,10,8,9,8,9,7,9,1,2,0,0,0,0,0,0,0,0,0,0,0,0,0,0,0,0,0,0,4,4,16,16,16,17,16,18,17,19,17,20,17,21,17,22,17,22,17,23,16,23,15,24,15,25,15,24,14,24,14,23,14,23,14,23,14,22,14,21,14,21,14,20,15,20,14,20,14,20,14,19,15,20"
6.060884952545166,132,"CSI,636,128,83,49,21,0,-14,-2,-9,-5,-4,-7,-1,-10,1,-13,3,-20,4,-23,6,-19,6,-18,3,-23,-1,-25,-2,-24,-3,-21,-3,-17,0,-14,-1,-13,-2,-11,1,-8,4,-5,5,-3,6,-1,8,0,8,1,8,2,7,2,1,0,0,0,0,0,0,0,0,0,0,0,0,0,0,0,0,0,0,0,0,1,0,7,0,9,-1,11,-1,9,2,7,4,6,4,6,1,8,-2,7,-3,6,-3,5,-5,3,-6,0,-8,-2,-11,-2,-13,-1,-16,-1,-19,-1,-21,0,-22,0,-22,0,-22,2,-23,2,-25,2,-24,4,-21,6"
6.0998451709747314,133,"CSI,1270,128,83,49,21,0,-8,-15,-10,-18,-7,-17,-3,-16,-1,-16,-2,-16,-4,-14,-9,-12,-7,-10,-3,-8,-3,-6,-3,-3,-3,-1,-5,-2,-8,-2,-12,-1,-14,1,-15,0,-13,-4,-10,-8,-9,-9,-9,-8,-7,-6,-4,-6,-2,-6,-1,-2,0,0,0,0,0,0,0,0,0,0,0,0,0,0,0,0,0,0,1,-1,5,0,4,3,3,4,3,4,3,3,2,2,1,1,2,1,2,0,1,-3,2,-5,3,-6,3,-6,4,-7,4,-9,4,-10,6,-10,7,-10,6,-9,5,-6,6,-4,6,-6,4,-8,0,-7,-4,-5,-8,-2"
6.138622045516968,134,"CSI,640,128,83,49,21,0,-1,3,-1,-3,0,-5,-1,-8,-3,-12,-4,-16,-7,-17,-12,-17,-10,-18,-6,-17,-4,-16,-4,-16,-3,-17,-3,-16,-2,-14,-1,-11,0,-7,0,-4,-1,-2,0,1,2,3,3,4,4,4,4,4,4,6,1,1,0,0,0,0,0,0,0,0,0,0,0,0,0,0,0,0,0,0,-3,-3,-10,-11,-6,-11,-4,-11,-3,-12,-2,-11,-2,-7,-3,-7,-2,-6,-2,-5,-2,-3,-2,0,-2,3,-2,6,-1,10,1,12,2,14,0,16,1,17,2,18,3,19,4,20,5,22,5,20,6,17,7,16,6,15"
6.17460298538208,135,"CSI,2423,128,101,81,22,0,19,-14,19,-14,19,-14,19,-14,19,-15,18,-15,17,-15,16,-15,16,-16,16,-16,15,-16,15,-16,15,-16,16,-16,16,-16,16,-16,15,-15,15,-14,14,-13,14,-13,14,-13,13,-12,13,-12,13,-11,13,-10,3,-3,0,0,0,0,0,0,0,0,0,0,0,0,0,0,0,0,0,0,3,-4,14,-13,14,-13,15,-13,16,-14,17,-14,17,-14,18,-14,19,-14,20,-13,21,-13,21,-13,21,-13,21,-13,21,-13,21,-13,21,-12,21,-12,21,-13,21,-13,21,-13,21,-13,20,-13,20,-14,20,-14,21,-14,21,-14"
6.241195917129517,136,"CSI,644,128,83,49,21,0,5,-3,3,2,1,6,-2,11,-3,13,-3,15,-2,16,0,14,-1,15,-3,17,-3,17,-4,17,-2,18,-1,13,-1,9,-2,5,-2,1,-2,-1,0,-1,-1,-2,-1,-3,-1,-4,-2,-4,-3,-5,-5,-8,-2,-3,0,0,0,0,0,0,0,0,0,0,0,0,0,0,0,0,0,0,-2,2,-6,10,-6,9,-7,8,-8,7,-8,6,-7,4,-7,3,-6,2,-5,0,-4,-4,-1,-6,0,-7,0,-7,3,-9,8,-11,12,-12,13,-13,12,-14,13,-17,15,-18,13,-19,12,-19,10,-17,6,-17,4,-15,2,-11"
6.274965047836304,137,"CSI,2424,128,101,81,22,0,-21,-2,-20,-2,-21,-1,-20,0,-20,0,-20,0,-20,0,-20,0,-20,1,-19,1,-19,1,-19,1,-19,1,-19,1,-19,2,-19,1,-18,0,-17,0,-17,0,-16,0,-16,0,-15,0,-15,-1,-14,-1,-14,-1,-4,-1,0,0,0,0,0,0,0,0,0,0,0,0,0,0,0,0,0,0,-4,0,-16,0,-16,0,-17,0,-18,0,-19,-1,-19,-1,-19,-2,-20,-2,-21,-2,-21,-3,-21,-4,-21,-4,-21,-4,-21,-4,-21,-4,-22,-4,-21,-4,-21,-4,-21,-3,-21,-2,-21,-2,-21,-2,-21,-3,-21,-3,-22,-2,-23,-2"
6.341504096984863,138,"CSI,647,128,83,49,21,0,4,0,0,4,-3,8,-6,12,-8,13,-10,12,-9,15,-7,19,-7,16,-6,13,-6,12,-7,13,-6,15,-3,14,-3,10,-4,5,-3,1,-2,-1,-1,-3,0,-3,1,-4,0,-5,-1,-5,-3,-4,-3,-6,-1,-2,0,0,0,0,0,0,0,0,0,0,0,0,0,0,0,0,0,0,-3,-1,-9,-5,-9,-7,-11,-7,-9,-5,-7,-5,-5,-6,-4,-6,-4,-5,-5,-5,-4,-4,-1,-4,4,-3,8,-1,8,0,9,-1,13,0,16,2,17,2,18,2,18,-2,17,-5,20,-5,23,-6,19,-7,16,-5,20,-2"
6.372500896453857,139,"CSI,2425,128,101,81,22,0,6,-24,5,-24,5,-24,5,-23,5,-23,4,-23,3,-23,3,-23,3,-23,3,-23,2,-23,2,-23,2,-22,3,-22,3,-21,3,-21,3,-21,3,-20,3,-19,4,-18,4,-17,4,-16,4,-16,5,-15,4,-14,1,-4,0,0,0,0,0,0,0,0,0,0,0,0,0,0,0,0,0,0,0,-5,2,-20,2,-20,3,-21,3,-22,4,-22,4,-23,4,-24,5,-25,6,-25,7,-25,7,-25,8,-25,8,-25,8,-25,8,-25,8,-25,8,-25,8,-25,8,-24,7,-24,7,-24,6,-25,6,-25,6,-24,7,-25,6,-26"
6.478088855743408,140,"CSI,2426,128,101,81,22,0,12,21,12,21,12,20,12,19,12,18,13,18,13,18,13,18,13,18,14,17,14,17,13,17,13,16,13,16,13,16,12,16,11,16,11,16,10,15,9,14,9,13,8,13,8,12,7,12,7,12,1,3,0,0,0,0,0,0,0,0,0,0,0,0,0,0,0,0,0,0,3,3,12,13,12,14,12,15,12,16,12,17,13,18,13,19,13,20,13,21,12,21,12,22,12,23,12,23,11,23,11,23,11,23,11,23,11,22,11,22,11,21,12,22,12,22,13,22,12,22,13,21,14,22"
6.544079065322876,141,"CSI,656,128,83,49,21,0,7,-5,3,-3,1,1,-2,3,-6,4,-8,8,-12,9,-18,8,-19,13,-17,18,-15,17,-16,13,-17,9,-17,8,-12,9,-8,7,-5,3,-3,0,-3,0,-2,-1,0,-3,1,-4,3,-6,3,-7,3,-8,1,-2,0,0,0,0,0,0,0,0,0,0,0,0,0,0,0,0,0,0,-2,0,-7,3,-8,4,-10,5,-10,3,-8,1,-6,2,-8,2,-9,1,-9,1,-8,0,-5,-2,-1,-1,2,-1,5,-3,9,-5,10,-4,12,-5,17,-7,21,-8,21,-8,22,-11,23,-11,22,-9,20,-7,19,-9,20,-12"
6.5896618366241455,142,"CSI,2427,128,101,81,22,0,19,9,19,9,20,9,20,8,20,7,20,7,20,7,20,6,20,6,19,6,19,6,19,6,19,5,20,5,19,5,19,6,18,6,17,6,16,6,16,5,15,5,14,5,14,5,13,5,12,6,3,1,0,0,0,0,0,0,0,0,0,0,0,0,0,0,0,0,0,0,3,1,15,4,15,4,16,5,17,5,17,6,18,7,18,8,19,9,19,9,19,9,19,10,19,11,19,12,19,11,19,11,19,11,19,12,19,11,20,11,20,10,20,10,20,10,20,10,20,10,21,10,22,9"
6.649179220199585,143,"CSI,660,128,83,49,21,0,-6,-7,-5,-4,2,-1,8,0,11,2,12,7,11,5,12,2,13,6,13,12,12,12,11,11,10,10,10,10,8,10,7,9,3,8,0,6,1,2,1,-2,1,-3,-1,-3,-5,-3,-8,-5,-10,-6,-3,-2,0,0,0,0,0,0,0,0,0,0,0,0,0,0,0,0,0,0,1,2,5,9,7,9,5,9,3,9,2,9,2,8,1,7,2,6,2,3,2,1,1,-3,-2,-8,-6,-9,-6,-9,-6,-11,-10,-14,-13,-17,-13,-19,-15,-21,-16,-20,-16,-18,-13,-19,-12,-20,-14,-21,-15,-22,-16,-21"
6.708049058914185,144,"CSI,2428,128,101,81,22,0,16,-19,15,-19,16,-19,16,-19,16,-20,15,-20,14,-20,13,-20,13,-20,13,-20,13,-20,13,-20,13,-20,13,-20,14,-20,14,-19,13,-19,13,-18,13,-17,13,-16,12,-16,12,-15,12,-14,12,-13,11,-13,2,-3,0,0,0,0,0,0,0,0,0,0,0,0,0,0,0,0,0,0,2,-4,9,-14,9,-15,10,-15,11,-16,12,-16,12,-17,13,-17,14,-17,15,-17,16,-17,17,-17,16,-17,17,-17,17,-17,17,-17,17,-17,17,-17,17,-17,17,-18,17,-18,17,-18,16,-18,16,-18,16,-18,17,-19,18,-19"
6.749159097671509,145,"CSI,663,128,83,49,21,0,-9,-1,-3,2,1,3,2,6,3,12,5,14,5,16,5,21,6,21,6,15,3,12,3,13,3,16,0,17,-2,13,-2,10,-1,7,0,3,2,1,4,-1,3,-2,2,-3,2,-4,2,-5,2,-4,0,-1,0,0,0,0,0,0,0,0,0,0,0,0,0,0,0,0,0,0,0,-3,3,-9,2,-9,3,-11,4,-12,6,-12,6,-10,2,-6,-2,-3,-1,-4,-2,-5,-4,-4,-6,-2,-10,0,-13,0,-15,0,-18,-1,-20,-1,-21,-2,-23,-3,-24,-4,-24,-6,-23,-8,-21,-8,-21,-7,-23,-5,-23,-2"
6.813400030136108,146,"CSI,2429,128,101,81,22,0,19,10,19,10,20,9,20,8,19,8,19,8,20,8,20,8,20,7,20,7,19,7,19,7,19,7,19,6,19,6,19,7,18,7,17,8,16,8,16,7,15,6,15,6,14,6,13,7,12,7,3,1,0,0,0,0,0,0,0,0,0,0,0,0,0,0,0,0,0,0,3,0,14,3,15,4,15,4,16,5,17,5,17,7,18,8,18,8,18,9,19,9,19,10,19,11,19,11,19,11,19,11,19,11,19,11,19,11,19,10,19,10,19,10,20,10,20,10,20,10,21,10,21,10"
6.851002216339111,147,"CSI,667,128,83,49,21,0,1,-8,0,0,-2,5,-4,8,-4,10,-5,14,-4,15,-2,14,-3,13,-5,16,-5,18,-6,17,-5,15,-6,13,-6,13,-2,11,-1,7,-3,4,-3,1,-1,-1,-1,-3,-3,-4,-3,-6,-3,-7,-3,-7,-1,-2,0,0,0,0,0,0,0,0,0,0,0,0,0,0,0,0,0,0,0,2,-2,9,-5,9,-5,9,-3,8,-4,6,-5,5,-3,6,0,5,0,1,0,-4,2,-6,4,-6,5,-8,5,-10,4,-14,5,-18,5,-19,5,-20,6,-21,7,-20,5,-21,3,-21,4,-20,4,-18,3,-18,2,-16"
6.929541110992432,148,"CSI,2430,128,101,81,22,0,-11,10,-11,10,-11,10,-10,10,-10,10,-10,10,-9,11,-9,11,-9,11,-8,11,-8,11,-8,11,-8,11,-9,10,-9,10,-9,10,-8,10,-8,9,-8,9,-8,9,-8,8,-8,8,-8,7,-7,7,-7,6,-2,1,0,0,0,0,0,0,0,0,0,0,0,0,0,0,0,0,0,0,-2,1,-7,7,-8,7,-8,8,-9,8,-9,8,-10,8,-10,8,-10,9,-11,9,-12,9,-12,9,-12,9,-12,8,-12,8,-12,8,-12,8,-12,8,-12,9,-12,9,-12,9,-12,9,-11,9,-11,9,-11,9,-11,9,-11,9"
6.95807409286499,149,"CSI,672,128,83,49,21,0,-11,0,-5,-3,-1,-6,1,-9,5,-12,7,-16,11,-20,15,-22,13,-23,8,-23,5,-22,3,-19,2,-15,1,-14,1,-13,0,-12,1,-10,2,-8,3,-5,3,0,3,3,4,3,6,4,8,5,8,6,2,1,0,0,0,0,0,0,0,0,0,0,0,0,0,0,0,0,0,0,2,1,7,4,5,6,5,6,8,6,6,6,4,7,2,7,3,6,3,5,0,5,-3,4,-4,1,-7,-1,-10,1,-12,3,-14,2,-16,2,-19,3,-23,4,-24,3,-22,3,-21,3,-21,3,-21,7,-22,9,-22,9"
7.007297039031982,150,"CSI,1532,128,-117,-78,40,0,19,-14,18,-14,18,-14,18,-15,18,-15,17,-15,16,-15,16,-15,16,-16,16,-16,15,-16,15,-16,15,-16,15,-16,16,-15,16,-15,15,-14,14,-13,14,-13,14,-12,14,-12,13,-11,13,-10,13,-9,12,-9,3,-2,0,0,0,0,0,0,0,0,0,0,0,0,0,0,0,0,0,0,3,-3,12,-12,13,-12,13,-12,14,-13,15,-13,16,-13,16,-13,17,-13,18,-13,20,-13,20,-13,20,-12,20,-12,20,-12,20,-12,20,-12,20,-12,20,-13,20,-13,20,-13,20,-14,19,-14,19,-13,19,-13,20,-14,21,-15"
7.054764032363892,151,"CSI,2431,128,101,81,22,0,-13,-23,-13,-23,-14,-23,-14,-22,-13,-21,-14,-21,-14,-21,-15,-21,-15,-21,-15,-21,-15,-20,-14,-20,-14,-20,-14,-19,-14,-18,-13,-19,-13,-19,-12,-19,-11,-18,-10,-17,-10,-16,-9,-16,-9,-15,-8,-15,-8,-15,-2,-4,0,0,0,0,0,0,0,0,0,0,0,0,0,0,0,0,0,0,-4,-4,-13,-15,-13,-16,-13,-17,-13,-18,-13,-19,-14,-20,-14,-22,-14,-23,-13,-23,-13,-23,-12,-25,-12,-26,-12,-26,-12,-26,-12,-25,-12,-25,-12,-25,-12,-25,-12,-24,-12,-24,-13,-24,-13,-24,-13,-24,-13,-24,-13,-24,-14,-25"
7.085897922515869,152,"CSI,676,128,83,49,21,0,1,-3,7,-3,11,-1,14,0,17,1,18,1,18,-1,17,-5,18,-6,18,-5,15,-1,12,2,12,2,12,1,9,2,5,2,0,2,-3,1,-3,-1,-4,-2,-6,-1,-7,0,-8,1,-8,1,-8,1,-2,0,0,0,0,0,0,0,0,0,0,0,0,0,0,0,0,0,0,0,2,2,8,10,7,9,5,9,3,9,3,7,3,5,3,4,1,3,-1,2,-1,1,-2,-3,-6,-4,-9,-3,-12,-6,-15,-10,-17,-12,-17,-11,-16,-12,-16,-12,-18,-11,-20,-9,-18,-10,-15,-10,-15,-8,-16,-3,-14,-2"
7.1603169441223145,153,"CSI,2432,128,101,81,22,0,16,-11,15,-12,15,-12,15,-12,15,-12,14,-12,14,-12,13,-13,13,-13,13,-13,12,-13,12,-13,13,-13,13,-13,13,-12,13,-12,12,-12,12,-11,12,-11,12,-10,11,-10,11,-9,11,-9,11,-8,10,-7,2,-2,0,0,0,0,0,0,0,0,0,0,0,0,0,0,0,0,0,0,2,-3,11,-10,11,-10,12,-10,12,-11,13,-11,13,-11,14,-11,15,-11,16,-11,17,-11,17,-11,17,-10,17,-10,17,-10,17,-10,17,-10,17,-10,17,-10,17,-10,17,-11,17,-11,16,-11,16,-11,16,-11,17,-11,17,-12"
7.190899848937988,154,"CSI,680,128,83,49,21,0,-5,-6,-5,-4,-3,2,-5,9,-9,14,-11,16,-12,14,-14,10,-13,10,-11,11,-12,11,-12,10,-9,8,-6,6,-3,6,-2,6,0,5,2,3,1,1,0,0,0,-1,1,-2,2,-3,3,-4,1,-3,0,-1,0,0,0,0,0,0,0,0,0,0,0,0,0,0,0,0,0,0,0,1,5,4,8,2,10,2,7,3,5,4,6,4,6,3,5,3,5,2,3,-1,-1,-4,-2,-5,-2,-7,-1,-10,-1,-14,-1,-15,-1,-16,-3,-19,-4,-22,-2,-25,0,-25,0,-25,-1,-23,-1,-19,-3,-19,-3,-23"
7.221608877182007,155,"CSI,2021,128,77,-47,20,0,4,0,1,-3,-4,-6,-8,-10,-11,-13,-13,-15,-10,-17,-4,-16,-6,-15,-12,-15,-13,-12,-11,-10,-10,-10,-10,-8,-8,-4,-6,-2,-6,-3,-4,-2,-1,0,-2,3,-2,5,0,4,2,5,1,5,0,5,-1,1,0,0,0,0,0,0,0,0,0,0,0,0,0,0,0,0,0,0,-3,1,-10,5,-11,3,-13,1,-14,-2,-13,-4,-10,-4,-7,-2,-5,-1,-4,-1,-3,0,-1,2,2,3,6,4,9,6,13,9,15,10,14,10,14,8,15,10,15,10,15,10,16,10,15,9,15,8,13,6,8,5"
7.252097129821777,156,"CSI,2022,128,77,-47,20,0,-5,3,0,2,4,2,8,4,13,6,15,8,16,11,20,11,20,10,15,11,12,13,10,11,8,7,8,5,8,6,6,6,6,4,5,2,3,1,2,0,2,-1,1,-2,0,-5,0,-6,0,-5,-1,-2,0,0,0,0,0,0,0,0,0,0,0,0,0,0,0,0,0,0,-1,-3,0,-10,1,-9,1,-9,0,-11,0,-11,2,-9,3,-7,2,-5,-1,-4,-3,-2,-4,-1,-6,1,-7,4,-9,5,-13,4,-15,4,-15,6,-17,6,-21,2,-21,-1,-21,-1,-23,1,-22,4,-20,6,-18,6,-15,4"
7.285291910171509,157,"CSI,683,128,83,49,21,0,-5,10,0,7,3,2,6,0,11,-1,14,-4,16,-6,20,-6,20,-4,18,-2,18,0,17,0,15,-1,15,-1,14,-1,10,0,7,-1,6,-1,3,-2,-2,-3,-3,-2,-3,-2,-4,-5,-5,-5,-4,-3,-1,-1,0,0,0,0,0,0,0,0,0,0,0,0,0,0,0,0,0,0,-3,-1,-9,-2,-8,-2,-10,-5,-11,-9,-8,-9,-6,-7,-7,-6,-6,-4,-3,-4,-3,-4,-5,-2,-5,2,-3,5,-1,7,-1,8,-4,10,-5,14,-5,15,-6,18,-6,20,-7,18,-9,17,-7,19,-8,20,-10,20,-11,19"
7.312029838562012,158,"CSI,2433,128,101,81,22,0,0,18,1,18,1,18,1,17,1,17,2,17,2,17,3,17,2,17,2,17,3,17,2,16,3,16,3,16,2,16,2,16,2,16,2,15,1,15,1,14,0,13,0,13,0,12,0,12,-1,11,-1,3,0,0,0,0,0,0,0,0,0,0,0,0,0,0,0,0,0,0,0,3,3,13,3,13,3,14,2,14,2,15,2,16,2,17,2,17,1,18,0,18,0,18,0,19,-1,19,-1,19,-1,19,-1,18,0,19,0,18,0,18,0,18,0,18,1,18,1,18,0,18,0,19,1,19"
7.3656041622161865,159,"CSI,688,128,83,49,21,0,-10,-5,-7,-2,-2,3,3,8,7,12,9,14,4,14,-2,13,-1,14,3,14,5,14,4,13,3,11,1,9,1,5,2,2,3,-1,3,-2,1,-4,0,-6,2,-7,3,-4,1,-5,0,-6,-2,-6,-1,-2,0,0,0,0,0,0,0,0,0,0,0,0,0,0,0,0,0,0,0,-2,4,-6,7,-4,8,-3,9,-3,9,-3,6,-1,5,0,4,0,1,0,-3,0,-5,-1,-8,-2,-12,-3,-14,-4,-14,-5,-15,-5,-18,-6,-20,-8,-21,-12,-21,-12,-21,-10,-19,-11,-18,-13,-19,-9,-18,-4,-16,0"
7.401224851608276,160,"CSI,2434,128,101,81,22,0,-4,-24,-4,-24,-5,-24,-5,-23,-5,-22,-5,-22,-6,-23,-6,-23,-6,-23,-7,-23,-7,-23,-7,-22,-6,-22,-7,-22,-6,-21,-5,-21,-5,-21,-5,-21,-4,-20,-3,-19,-3,-18,-3,-18,-2,-17,-2,-16,-1,-16,-1,-4,0,0,0,0,0,0,0,0,0,0,0,0,0,0,0,0,0,0,-2,-5,-6,-17,-6,-18,-6,-19,-5,-19,-5,-20,-5,-22,-5,-23,-5,-23,-4,-24,-3,-24,-3,-25,-3,-25,-2,-25,-2,-25,-2,-25,-2,-25,-3,-25,-2,-25,-2,-24,-3,-24,-3,-24,-4,-24,-4,-25,-4,-25,-4,-25,-4,-25"
7.46786093711853,161,"CSI,691,128,83,49,21,0,5,-6,-3,-7,-9,-7,-12,-7,-14,-8,-17,-11,-19,-10,-21,-5,-19,-6,-14,-10,-12,-11,-10,-12,-9,-10,-9,-6,-9,-4,-7,-3,-4,-3,-4,-4,-3,-2,0,1,1,2,1,2,2,3,3,4,5,5,1,1,0,0,0,0,0,0,0,0,0,0,0,0,0,0,0,0,0,0,-1,3,-4,13,-6,11,-7,10,-8,6,-7,4,-5,4,-6,4,-6,2,-3,-2,2,-4,6,-5,9,-5,12,-2,15,0,19,-2,23,-2,23,-2,20,-2,23,-1,24,-2,22,-4,20,-4,21,-5,20,-4,17,-4,15,-5"
7.504076957702637,162,"CSI,2435,128,101,81,22,0,-16,17,-15,18,-15,17,-15,17,-15,17,-14,18,-13,18,-13,18,-13,18,-12,18,-12,18,-12,18,-12,18,-12,18,-13,18,-13,17,-12,17,-12,16,-12,15,-12,15,-12,14,-11,13,-11,13,-11,12,-11,11,-3,2,0,0,0,0,0,0,0,0,0,0,0,0,0,0,0,0,0,0,-3,3,-10,12,-10,12,-11,13,-12,13,-12,14,-13,14,-13,15,-14,15,-15,15,-16,15,-16,15,-16,15,-17,15,-17,15,-17,15,-17,15,-17,15,-17,15,-17,16,-17,16,-17,16,-16,16,-15,16,-16,16,-17,16,-18,16"
7.569685935974121,163,"CSI,695,128,83,49,21,0,-1,-1,5,-3,8,-4,11,-7,15,-9,17,-10,22,-10,25,-8,22,-10,18,-14,17,-13,15,-10,12,-10,9,-8,6,-6,4,-5,2,-3,0,-1,-1,-1,-4,-2,-5,0,-3,2,-4,2,-6,3,-5,5,-2,1,0,0,0,0,0,0,0,0,0,0,0,0,0,0,0,0,0,0,1,-3,7,-12,6,-12,6,-9,7,-6,6,-4,6,-5,5,-5,2,-2,-1,1,-3,1,-4,1,-7,4,-10,8,-14,10,-16,10,-17,9,-19,10,-21,12,-20,11,-20,12,-22,13,-20,11,-16,10,-17,12,-19,14,-17,14"
7.599544048309326,164,"CSI,2436,128,101,81,22,0,6,12,6,12,7,11,7,11,7,11,7,10,7,11,8,11,8,11,8,11,8,10,7,10,8,10,8,10,7,10,7,10,7,10,7,10,6,10,6,9,5,9,5,9,4,9,4,8,4,8,0,2,0,0,0,0,0,0,0,0,0,0,0,0,0,0,0,0,0,0,1,1,5,7,5,7,5,8,5,8,5,9,6,9,6,10,6,11,6,11,5,11,5,12,5,12,5,12,5,12,5,12,5,12,5,12,5,12,5,12,5,11,6,11,6,12,6,12,6,12,7,11,7,11"
7.671658039093018,165,"CSI,699,128,83,49,21,0,-2,-5,7,-3,13,0,14,2,17,1,19,0,18,-3,18,-8,16,-8,15,-5,16,-4,15,-3,13,-2,10,-1,7,-1,3,-1,1,1,-1,3,-5,2,-8,-1,-8,-1,-8,1,-7,2,-8,2,-10,2,-3,0,0,0,0,0,0,0,0,0,0,0,0,0,0,0,0,0,0,0,1,2,7,9,8,8,8,7,7,7,4,7,2,8,1,7,0,5,-2,1,-3,-3,-5,-3,-7,-6,-10,-8,-13,-9,-16,-10,-18,-12,-17,-13,-17,-13,-21,-14,-22,-14,-20,-13,-20,-12,-21,-11,-19,-10,-16,-8,-14,-5"
7.71828818321228,166,"CSI,2437,128,101,81,22,0,1,-20,1,-20,1,-20,1,-20,1,-20,0,-20,0,-20,-1,-20,-1,-20,-1,-20,-1,-20,-1,-20,-1,-20,-1,-19,-1,-19,0,-19,0,-19,0,-18,0,-17,1,-17,1,-16,1,-15,1,-15,2,-14,2,-14,0,-4,0,0,0,0,0,0,0,0,0,0,0,0,0,0,0,0,0,0,-1,-4,-1,-14,-1,-15,-1,-15,0,-16,0,-17,0,-17,0,-18,0,-19,1,-19,2,-19,2,-20,2,-20,3,-20,3,-20,3,-20,3,-20,2,-20,2,-20,3,-20,2,-20,2,-20,2,-20,1,-20,1,-20,2,-21,1,-21"
7.774260997772217,167,"CSI,704,128,83,49,21,0,6,-8,6,-1,5,5,5,9,6,14,6,16,6,20,8,26,9,23,8,17,9,16,9,17,9,16,6,13,6,10,4,5,1,2,-1,1,-1,0,-2,-2,-4,-3,-6,-3,-8,-2,-9,-1,-10,-1,-3,-1,0,0,0,0,0,0,0,0,0,0,0,0,0,0,0,0,0,0,-3,2,-11,7,-10,4,-10,2,-9,1,-10,0,-9,1,-6,1,-6,0,-7,-2,-5,-4,-1,-6,1,-7,2,-7,6,-10,8,-14,10,-17,10,-17,10,-16,10,-19,11,-23,10,-25,11,-25,10,-24,9,-22,7,-20,5,-21"
7.834555149078369,168,"CSI,2438,128,101,81,22,0,-21,16,-20,16,-20,16,-21,16,-20,16,-20,16,-19,16,-18,17,-18,17,-18,17,-17,17,-17,17,-17,17,-18,16,-18,16,-18,16,-17,15,-17,14,-17,13,-17,12,-16,12,-16,11,-16,11,-15,10,-15,9,-4,2,0,0,0,0,0,0,0,0,0,0,0,0,0,0,0,0,0,0,-4,3,-13,14,-14,14,-15,14,-16,15,-17,15,-17,15,-18,15,-19,15,-21,15,-22,15,-22,15,-22,15,-22,15,-22,15,-22,14,-23,14,-22,14,-22,14,-23,15,-23,15,-22,15,-22,15,-21,15,-21,15,-22,16,-23,16"
7.875290155410767,169,"CSI,708,128,83,49,21,0,0,-7,-3,0,-4,5,-5,7,-9,9,-10,12,-12,16,-13,21,-11,20,-11,16,-14,13,-13,12,-10,10,-9,8,-8,9,-7,8,-4,4,-2,0,0,-1,3,-2,3,-2,3,-3,4,-3,4,-3,4,-3,1,-1,0,0,0,0,0,0,0,0,0,0,0,0,0,0,0,0,0,0,1,3,4,13,1,13,0,11,0,9,-2,7,-3,5,-3,4,-2,4,-2,4,-1,1,-1,-4,-1,-8,1,-10,4,-13,6,-15,9,-17,11,-18,9,-19,7,-20,8,-21,8,-22,7,-22,7,-22,8,-22,8,-20,8,-18"
7.940295219421387,170,"CSI,2439,128,101,81,22,0,15,11,16,11,16,11,16,10,16,9,16,9,16,9,16,9,17,9,17,9,17,8,16,8,16,8,17,8,17,8,16,8,15,9,15,9,14,9,13,8,13,8,12,8,12,8,11,8,11,8,2,2,0,0,0,0,0,0,0,0,0,0,0,0,0,0,0,0,0,0,3,1,13,5,13,6,13,7,13,7,14,8,15,9,15,10,15,10,15,11,15,11,15,12,15,13,15,13,15,13,15,13,15,13,15,13,15,12,15,12,15,11,16,11,16,11,16,12,16,12,17,11,17,12"
7.979088068008423,171,"CSI,712,128,83,49,21,0,0,7,3,3,4,-3,5,-8,9,-11,10,-12,14,-14,19,-16,18,-19,12,-20,11,-17,11,-13,10,-13,10,-12,9,-9,5,-5,1,-4,-1,-4,-3,-5,-5,-4,-5,-3,-6,-2,-6,-2,-6,-2,-6,-3,-2,-1,0,0,0,0,0,0,0,0,0,0,0,0,0,0,0,0,0,0,-3,-1,-9,-5,-8,-8,-6,-9,-5,-8,-3,-8,-1,-9,0,-8,-2,-6,-2,-4,0,-1,1,2,-1,5,-3,6,-3,9,-5,15,-6,17,-4,18,-3,20,-3,23,-2,26,-2,26,-4,23,-4,20,-3,20,-3,20,-4,17"
8.051435947418213,172,"CSI,1538,128,-117,-78,40,0,14,19,15,19,15,18,15,17,15,17,15,16,16,16,16,16,16,16,16,16,17,16,16,16,16,15,16,15,16,15,15,15,15,15,14,15,13,15,12,14,12,13,11,13,11,12,10,12,9,12,2,3,0,0,0,0,0,0,0,0,0,0,0,0,0,0,0,0,0,0,3,3,13,12,13,13,13,14,14,15,14,15,15,17,15,18,15,19,14,19,14,19,14,20,14,21,13,22,13,21,13,21,13,21,13,21,13,21,13,20,13,20,14,19,14,20,15,20,15,20,16,19,17,20"
8.090240955352783,173,"CSI,2440,128,101,81,22,0,-7,-23,-7,-23,-7,-22,-7,-22,-8,-21,-8,-21,-9,-21,-9,-21,-10,-21,-10,-21,-10,-21,-10,-20,-10,-20,-10,-20,-10,-19,-9,-19,-9,-19,-9,-19,-8,-18,-7,-17,-7,-16,-7,-16,-6,-15,-6,-15,-5,-15,-2,-4,0,0,0,0,0,0,0,0,0,0,0,0,0,0,0,0,0,0,-2,-4,-7,-16,-6,-17,-6,-18,-6,-19,-6,-20,-6,-21,-6,-22,-6,-23,-5,-23,-5,-23,-4,-24,-4,-24,-4,-25,-4,-25,-4,-24,-4,-24,-4,-24,-4,-24,-4,-23,-5,-23,-5,-23,-6,-23,-6,-24,-6,-23,-6,-23,-6,-24"
8.120384931564331,174,"CSI,716,128,83,49,21,0,-8,-5,-1,-4,5,-3,8,-2,11,0,16,2,17,2,17,1,17,4,17,6,18,5,16,2,14,1,12,1,9,1,6,1,4,1,1,-1,-4,-4,-7,-5,-6,-4,-6,-4,-7,-3,-8,-3,-8,-5,-2,-2,0,0,0,0,0,0,0,0,0,0,0,0,0,0,0,0,0,0,3,-1,12,0,12,3,13,4,12,3,9,3,5,4,5,2,7,2,6,2,4,0,2,-2,-1,-1,-6,-1,-8,-6,-9,-11,-13,-13,-15,-12,-18,-12,-21,-12,-23,-12,-24,-13,-23,-12,-24,-9,-26,-8,-25,-8,-23,-7"
8.176714897155762,175,"CSI,2441,128,101,81,22,0,-11,-17,-11,-17,-12,-16,-11,-16,-11,-15,-11,-15,-12,-15,-12,-15,-12,-15,-12,-15,-12,-15,-12,-14,-12,-14,-12,-14,-12,-14,-11,-14,-11,-14,-10,-14,-10,-14,-9,-13,-9,-12,-8,-12,-8,-12,-7,-11,-7,-11,-2,-3,0,0,0,0,0,0,0,0,0,0,0,0,0,0,0,0,0,0,-3,-3,-10,-11,-10,-11,-10,-12,-10,-13,-11,-13,-11,-14,-11,-15,-11,-16,-11,-16,-10,-17,-10,-18,-10,-18,-10,-18,-10,-18,-10,-18,-10,-18,-10,-18,-10,-18,-10,-17,-10,-17,-10,-17,-11,-17,-11,-18,-11,-17,-11,-17,-12,-17"
8.243113040924072,176,"CSI,1353,128,83,49,21,0,11,-14,12,-15,12,-14,12,-11,13,-7,13,-7,13,-7,10,-2,8,-1,6,-3,3,-4,1,-5,-1,-6,-2,-7,-4,-7,-5,-7,-5,-7,-5,-5,-4,-3,-3,-4,-5,-7,-5,-9,-2,-7,0,-6,0,-6,0,-2,0,0,0,0,0,0,0,0,0,0,0,0,0,0,0,0,0,0,-2,0,-6,4,-6,4,-7,2,-6,1,-6,1,-5,1,-3,1,-3,3,-2,4,0,4,0,4,2,4,4,5,4,6,7,6,11,6,10,8,8,8,7,8,8,8,8,8,9,6,8,3,7,-1,6,-6,4,-8"
8.28125,177,"CSI,2442,128,101,81,22,0,-5,24,-4,25,-4,24,-4,24,-4,24,-3,23,-2,24,-2,24,-2,23,-1,23,-1,23,-1,23,-1,23,-1,22,-2,22,-2,22,-2,21,-2,21,-2,20,-3,18,-3,17,-3,17,-3,16,-3,15,-4,15,-1,3,0,0,0,0,0,0,0,0,0,0,0,0,0,0,0,0,0,0,-1,4,-2,18,-2,18,-2,19,-3,20,-3,21,-3,22,-4,23,-4,24,-5,24,-7,24,-7,25,-7,25,-7,25,-7,25,-7,25,-7,24,-7,25,-7,25,-7,25,-7,25,-6,25,-6,25,-5,25,-6,25,-6,25,-7,25"
8.311837911605835,178,"CSI,724,128,83,49,21,0,1,4,0,2,-2,-5,-4,-11,-4,-14,-3,-14,-3,-14,-3,-13,-3,-14,0,-17,1,-18,1,-16,-2,-13,-2,-10,0,-7,0,-5,-1,-3,-1,0,-2,3,-3,5,-3,5,-3,6,-3,6,-3,6,-1,8,0,2,0,0,0,0,0,0,0,0,0,0,0,0,0,0,0,0,0,0,-2,-2,-6,-8,-6,-8,-6,-10,-5,-11,-5,-11,-5,-8,-5,-5,-5,-2,-3,-1,0,-1,1,2,0,7,0,10,1,13,2,16,3,16,1,16,-2,18,-1,18,3,17,6,20,6,21,7,19,9,18,7,17,2,12"
8.388011932373047,179,"CSI,727,128,83,49,21,0,1,7,-1,3,-1,-3,0,-7,2,-10,-1,-14,-1,-18,2,-21,-1,-20,-4,-19,-3,-19,-5,-17,-7,-15,-7,-15,-5,-12,-3,-6,-4,-4,-4,-3,-2,-1,0,2,2,4,3,5,3,4,4,3,4,4,1,1,0,0,0,0,0,0,0,0,0,0,0,0,0,0,0,0,0,0,2,-3,10,-10,10,-8,9,-5,8,-4,10,-4,10,-3,7,-2,3,0,1,0,0,0,-2,1,-5,3,-6,7,-7,9,-12,11,-16,14,-15,14,-12,14,-13,16,-13,16,-11,17,-8,19,-6,18,-5,17,-8,15,-10,13"
8.491964101791382,180,"CSI,731,128,83,49,21,0,-6,1,-3,-1,0,-3,4,-6,9,-9,16,-10,18,-11,15,-12,12,-12,14,-11,15,-11,14,-12,13,-12,12,-9,10,-5,9,-4,5,-4,-1,-3,-3,-1,-4,2,-7,3,-7,2,-6,3,-6,5,-7,6,-2,1,0,0,0,0,0,0,0,0,0,0,0,0,0,0,0,0,0,0,2,1,10,5,8,5,9,5,9,5,7,6,5,5,2,3,-1,0,-1,-2,0,-1,-2,-1,-7,-3,-10,-5,-11,-4,-14,-4,-18,-8,-17,-8,-17,-7,-20,-6,-22,-6,-22,-5,-22,-4,-22,-3,-19,-2,-18,-2,-16,0"
8.522918224334717,181,"CSI,2444,128,101,81,22,0,14,17,14,17,15,16,15,15,14,14,15,14,15,14,15,14,15,13,15,13,15,13,15,12,15,12,15,11,15,11,14,11,14,12,13,11,13,11,12,10,11,9,11,9,10,9,10,8,9,9,2,2,0,0,0,0,0,0,0,0,0,0,0,0,0,0,0,0,0,0,3,2,12,12,13,12,12,13,13,14,13,15,14,16,14,17,14,18,14,18,14,18,13,19,13,20,13,20,13,20,13,20,13,20,13,20,13,19,13,19,14,18,14,18,14,18,15,18,14,18,14,18,15,19"
8.594290971755981,182,"CSI,736,128,83,49,21,0,1,7,0,3,-1,-2,-1,-6,-2,-10,-4,-16,-5,-17,-6,-13,-6,-13,-5,-17,-5,-21,-4,-20,-2,-16,-3,-12,-2,-10,-1,-10,-2,-7,-1,-3,0,0,1,2,2,3,3,4,2,4,2,5,3,6,0,1,0,0,0,0,0,0,0,0,0,0,0,0,0,0,0,0,0,0,-1,-2,-2,-7,-3,-8,-1,-10,2,-12,3,-11,2,-10,0,-8,-2,-4,-4,-1,-4,-3,-2,-1,-2,5,-3,9,-3,11,-3,12,-3,15,-3,15,-4,16,-4,19,-3,20,-2,21,-2,22,-1,20,2,19,3,19,2,15"
8.62192988395691,183,"CSI,2445,128,101,81,22,0,20,8,20,8,20,7,20,6,20,6,20,5,20,5,20,5,19,5,19,5,19,4,18,4,19,4,19,4,19,4,18,4,17,5,16,5,16,5,15,4,14,4,13,4,13,4,12,5,11,5,2,1,0,0,0,0,0,0,0,0,0,0,0,0,0,0,0,0,0,0,4,1,17,4,18,5,18,5,19,6,20,6,20,7,20,8,21,9,22,9,22,9,21,10,21,11,21,11,21,11,21,11,21,11,21,11,21,10,21,9,21,9,22,9,22,9,21,9,21,9,22,8,23,8"
8.697447061538696,184,"CSI,740,128,83,49,21,0,-4,2,-1,3,4,1,9,-2,12,-3,13,-1,13,-2,13,-3,15,0,15,2,13,4,10,8,9,7,8,5,8,4,8,2,6,0,3,0,1,-1,0,-2,-1,-4,-4,-3,-5,-3,-3,-5,-1,-7,-1,-2,0,0,0,0,0,0,0,0,0,0,0,0,0,0,0,0,0,0,-2,-3,-5,-10,-5,-10,-5,-9,-5,-9,-3,-9,-2,-7,-3,-5,-2,-4,-2,-2,-2,2,-2,6,-4,7,-8,8,-11,11,-12,13,-13,14,-13,12,-14,11,-17,11,-19,11,-19,10,-20,9,-20,9,-20,11,-17,15,-14,14"
8.727818012237549,185,"CSI,2446,128,101,81,22,0,4,22,5,22,5,22,5,21,5,20,5,20,6,20,7,20,7,20,7,20,7,20,7,20,7,19,7,19,6,18,5,19,5,19,5,18,4,17,4,16,3,15,3,15,2,15,2,14,2,14,0,3,0,0,0,0,0,0,0,0,0,0,0,0,0,0,0,0,0,0,1,4,6,18,6,19,6,20,6,20,6,21,6,23,6,24,5,24,5,24,4,24,4,25,4,26,4,26,3,25,3,25,3,25,3,25,3,25,3,24,3,24,4,23,4,23,5,23,5,23,5,23,5,24"
8.800199270248413,186,"CSI,744,128,83,49,21,0,4,2,3,4,1,6,-3,9,-7,12,-7,15,-9,16,-15,15,-17,17,-14,19,-12,18,-9,14,-7,10,-9,10,-10,9,-8,6,-5,5,-2,3,1,-2,1,-8,-1,-9,-2,-8,-2,-9,-3,-9,-5,-10,-2,-3,0,0,0,0,0,0,0,0,0,0,0,0,0,0,0,0,0,0,-3,0,-13,-1,-11,-3,-9,-6,-10,-6,-12,-4,-12,-2,-8,-3,-4,-5,-2,-6,1,-5,3,-5,4,-5,6,-3,9,-1,14,-2,18,-5,18,-7,20,-7,23,-4,23,-2,24,-2,23,-6,19,-9,19,-8,20,-6,20,-6"
8.859364032745361,187,"CSI,2447,128,101,81,22,0,-19,1,-18,1,-18,2,-18,2,-18,2,-17,3,-17,2,-16,2,-16,3,-16,3,-16,3,-15,3,-16,3,-16,3,-16,3,-15,2,-15,2,-14,1,-14,1,-14,1,-13,1,-13,1,-12,1,-12,0,-11,-1,-3,-1,0,0,0,0,0,0,0,0,0,0,0,0,0,0,0,0,0,0,-6,0,-21,1,-21,0,-22,0,-22,0,-23,0,-23,-1,-24,-1,-24,-1,-24,-1,-24,-1,-24,-2,-24,-2,-23,-2,-23,-2,-23,-2,-23,-2,-22,-1,-22,-1,-22,0,-21,0,-21,0,-21,0,-20,0,-20,1,-21,1,-21,1"
8.900760173797607,188,"CSI,748,128,83,49,21,0,6,3,0,3,-4,3,-6,5,-11,6,-16,4,-16,5,-12,7,-13,5,-18,4,-20,4,-19,4,-17,4,-14,4,-9,2,-7,1,-5,3,-2,1,0,-2,-1,-3,0,-4,0,-5,2,-5,3,-5,2,-6,0,-2,0,0,0,0,0,0,0,0,0,0,0,0,0,0,0,0,0,0,-1,-3,-4,-9,-6,-9,-6,-9,-5,-11,-7,-11,-8,-9,-6,-7,-3,-4,-2,-2,0,0,3,2,5,4,6,6,7,8,10,7,15,7,16,8,17,11,20,12,20,11,19,9,22,8,23,8,18,9,15,11,15,11"
8.965090036392212,189,"CSI,2448,128,101,81,22,0,-16,-16,-16,-16,-16,-15,-16,-14,-16,-13,-16,-13,-16,-13,-17,-13,-16,-13,-16,-13,-16,-12,-16,-12,-16,-12,-16,-11,-16,-11,-15,-11,-14,-12,-14,-12,-13,-11,-12,-11,-12,-10,-11,-10,-11,-10,-10,-10,-9,-10,-3,-3,0,0,0,0,0,0,0,0,0,0,0,0,0,0,0,0,0,0,-4,-4,-16,-13,-16,-14,-16,-15,-16,-15,-16,-16,-17,-17,-17,-18,-17,-19,-17,-19,-16,-19,-16,-20,-16,-21,-15,-21,-15,-20,-15,-20,-15,-20,-16,-20,-15,-19,-15,-18,-16,-17,-16,-17,-16,-18,-16,-18,-16,-17,-17,-17,-18,-17"
9.00313401222229,190,"CSI,752,128,83,49,21,0,-4,2,-5,3,-7,2,-11,2,-15,4,-17,5,-15,5,-11,3,-15,1,-18,-1,-16,-2,-14,-2,-12,-2,-9,-3,-6,-2,-3,-1,-1,-1,1,-1,3,-1,3,0,3,1,3,1,5,1,5,1,4,-1,1,-1,0,0,0,0,0,0,0,0,0,0,0,0,0,0,0,0,0,0,-2,2,-5,11,-7,10,-9,6,-9,4,-7,3,-6,2,-3,3,1,4,4,4,5,4,5,3,5,-1,9,-3,13,-5,16,-7,18,-8,17,-7,18,-7,23,-6,23,-7,18,-8,17,-6,17,-5,16,-5,12,-7,7,-9"
9.07639193534851,191,"CSI,2449,128,101,81,22,0,-4,-24,-5,-24,-5,-24,-5,-23,-4,-22,-5,-22,-6,-22,-6,-22,-6,-22,-6,-22,-7,-21,-6,-21,-6,-20,-6,-20,-5,-19,-4,-19,-4,-19,-4,-19,-3,-18,-2,-17,-2,-16,-2,-15,-1,-14,-1,-14,0,-13,0,-4,0,0,0,0,0,0,0,0,0,0,0,0,0,0,0,0,0,0,-2,-6,-6,-22,-6,-23,-5,-24,-5,-24,-5,-25,-5,-26,-4,-27,-4,-28,-3,-28,-2,-28,-2,-29,-2,-29,-2,-29,-2,-29,-2,-28,-2,-28,-2,-28,-2,-27,-2,-26,-2,-26,-3,-26,-3,-26,-4,-26,-4,-26,-4,-26,-5,-26"
9.112597942352295,192,"CSI,1544,128,-117,-78,40,0,14,-16,13,-16,13,-16,13,-16,13,-16,13,-16,12,-16,11,-16,11,-16,11,-16,10,-16,10,-16,10,-16,11,-15,11,-15,11,-15,11,-14,10,-13,10,-12,10,-12,10,-11,10,-10,10,-10,10,-9,9,-8,2,-2,0,0,0,0,0,0,0,0,0,0,0,0,0,0,0,0,0,0,2,-4,11,-15,11,-15,12,-16,12,-16,13,-16,14,-17,14,-17,15,-17,16,-17,17,-17,17,-17,17,-17,17,-16,17,-16,17,-16,17,-16,16,-16,16,-16,16,-16,16,-16,16,-16,15,-16,14,-16,15,-16,15,-16,15,-17"
9.143192052841187,193,"CSI,756,128,83,49,21,0,0,-3,4,1,7,6,9,7,12,8,15,8,20,10,25,12,24,9,21,5,20,4,18,4,16,5,12,6,8,4,6,2,3,1,2,-1,0,-2,-3,0,-4,1,-6,2,-8,2,-9,2,-10,2,-3,0,0,0,0,0,0,0,0,0,0,0,0,0,0,0,0,0,0,0,-2,2,-9,8,-10,6,-12,5,-12,4,-10,1,-5,-1,-4,-2,-5,-3,-7,-5,-6,-5,-6,-5,-3,-7,1,-11,3,-13,3,-15,4,-18,6,-18,4,-18,-1,-21,-2,-22,-1,-23,-1,-21,-3,-19,-5,-17,-3,-14,-2,-13"
9.176433086395264,194,"CSI,3891,128,-5,-79,31,0,-4,22,-3,22,-2,22,-3,21,-3,21,-2,21,-1,21,-1,21,-1,21,0,20,0,20,0,20,-1,20,-1,19,-1,19,-2,19,-2,19,-2,18,-2,17,-3,16,-3,15,-3,15,-4,14,-4,13,-4,12,-1,3,0,0,0,0,0,0,0,0,0,0,0,0,0,0,0,0,0,0,-1,4,-1,18,-1,19,-2,19,-2,20,-2,21,-2,22,-3,23,-3,23,-4,23,-6,23,-6,24,-6,24,-6,24,-6,24,-6,23,-6,23,-5,23,-5,23,-5,23,-5,23,-5,23,-4,23,-3,23,-4,23,-4,23,-4,23"
9.209741115570068,195,"CSI,2450,128,101,81,22,0,-26,7,-25,7,-25,7,-25,8,-25,8,-24,9,-23,8,-23,8,-23,9,-22,9,-22,9,-21,9,-21,9,-22,9,-22,9,-21,8,-20,7,-19,6,-19,5,-18,5,-18,5,-17,5,-17,4,-16,3,-15,3,-4,0,0,0,0,0,0,0,0,0,0,0,0,0,0,0,0,0,0,0,-5,1,-20,7,-21,6,-22,6,-23,6,-24,6,-25,6,-25,6,-26,5,-27,5,-28,5,-28,4,-28,4,-28,4,-28,4,-28,4,-28,4,-28,4,-27,5,-28,5,-28,6,-27,6,-27,6,-27,6,-27,6,-27,6,-28,6"
9.238529920578003,196,"CSI,760,128,83,49,21,0,1,9,3,5,3,1,3,-2,0,-4,-5,-5,-9,-7,-12,-8,-13,-11,-12,-12,-10,-12,-8,-12,-8,-12,-8,-10,-9,-7,-10,-5,-7,-3,-4,-2,-1,-2,0,0,-1,2,0,2,3,2,5,3,6,3,1,0,0,0,0,0,0,0,0,0,0,0,0,0,0,0,0,0,0,0,1,-2,6,-7,7,-7,7,-7,6,-5,5,-4,5,-3,5,-3,7,-3,5,-1,2,3,1,3,-1,4,-2,5,-2,9,-3,10,-5,8,-5,9,-5,9,-4,11,-4,14,-5,15,-4,16,-3,17,-3,19,-4,18,-6,15"
9.304782152175903,197,"CSI,2451,128,101,81,22,0,-7,-24,-8,-24,-8,-23,-8,-22,-8,-22,-8,-22,-9,-22,-10,-22,-10,-22,-10,-22,-10,-21,-10,-21,-10,-21,-10,-20,-9,-20,-8,-20,-8,-20,-8,-19,-7,-19,-7,-17,-6,-16,-6,-16,-5,-15,-5,-15,-4,-15,-1,-4,0,0,0,0,0,0,0,0,0,0,0,0,0,0,0,0,0,0,-2,-4,-8,-15,-8,-16,-7,-17,-7,-18,-8,-19,-8,-20,-8,-21,-8,-22,-7,-22,-6,-23,-6,-24,-6,-25,-6,-25,-6,-25,-6,-25,-6,-25,-6,-25,-6,-25,-6,-24,-6,-24,-7,-24,-7,-24,-8,-24,-8,-24,-8,-24,-9,-25"
9.335304975509644,198,"CSI,0,128,-76,-64,10,0,10,-5,8,-6,6,-7,5,-8,3,-9,2,-11,0,-13,0,-13,0,-14,1,-15,1,-15,2,-15,3,-14,3,-13,3,-11,3,-10,2,-8,1,-7,-1,-6,-1,-6,-2,-6,-3,-7,-3,-8,-2,-9,-2,-9,-1,-3,0,0,0,0,0,0,0,0,0,0,0,0,0,0,0,0,0,0,1,-1,5,-2,6,-2,8,-2,9,-1,11,0,12,2,12,3,12,5,11,6,10,7,9,7,8,6,7,5,7,3,7,1,7,0,8,-3,9,-4,11,-5,13,-6,14,-7,15,-8,16,-7,17,-6,17,-6,17,-5"
9.366248846054077,199,"CSI,764,128,83,49,21,0,-4,2,-3,0,-3,-2,-4,-1,-9,-4,-12,-10,-16,-13,-20,-14,-20,-10,-18,-6,-17,-4,-16,-2,-16,-2,-13,-5,-8,-5,-4,-3,-3,-3,-1,-4,2,-4,4,-3,4,-5,3,-6,2,-7,2,-7,1,-5,0,-2,0,0,0,0,0,0,0,0,0,0,0,0,0,0,0,0,0,0,0,1,1,7,1,9,1,12,-1,11,-1,9,-1,6,-1,4,-1,3,-2,1,-3,1,-7,2,-9,2,-10,-2,-12,-5,-13,-4,-15,-1,-18,1,-18,3,-20,4,-19,3,-16,3,-15,4,-15,5,-15,7,-15,7,-13,6"
9.407451152801514,200,"CSI,2452,128,101,81,22,0,2,-22,2,-22,2,-22,2,-22,2,-21,2,-21,1,-22,0,-21,0,-21,0,-21,0,-21,0,-21,0,-21,0,-20,0,-20,1,-20,1,-19,1,-19,1,-18,2,-17,2,-16,2,-15,2,-15,2,-14,2,-14,0,-4,0,0,0,0,0,0,0,0,0,0,0,0,0,0,0,0,0,0,-1,-4,-1,-15,-1,-15,-1,-16,0,-17,0,-18,0,-19,0,-20,1,-20,2,-21,3,-21,3,-22,3,-22,3,-22,3,-22,3,-22,3,-22,3,-22,3,-22,3,-22,3,-22,3,-22,3,-22,2,-23,2,-23,2,-23,2,-24"
9.436380863189697,201,"CSI,768,128,83,49,21,0,3,2,0,0,-2,0,-2,3,-5,4,-11,6,-11,9,-5,9,-6,7,-9,8,-8,8,-8,6,-7,6,-5,8,-4,10,-4,7,-5,3,-2,1,0,1,-1,-1,0,-2,1,-2,1,-3,0,-5,-1,-7,-1,-2,0,0,0,0,0,0,0,0,0,0,0,0,0,0,0,0,0,0,-3,-2,-8,-7,-6,-6,-5,-8,-4,-8,-2,-7,0,-5,0,-5,-1,-6,0,-6,3,-4,6,-3,8,-4,9,-1,12,0,13,0,11,1,11,3,13,5,14,6,16,5,15,3,15,0,15,0,13,1,11,2,9,3"
9.515180110931396,202,"CSI,772,128,83,49,21,0,3,8,0,5,-2,1,-3,-1,-5,-3,-8,-4,-10,-6,-9,-9,-10,-11,-14,-9,-15,-5,-17,0,-17,3,-14,2,-12,1,-9,2,-5,-1,-4,-4,-6,-5,-3,-4,-1,-3,0,-4,1,-6,3,-8,4,-9,1,-3,0,0,0,0,0,0,0,0,0,0,0,0,0,0,0,0,0,0,-1,-3,-1,-10,0,-8,2,-9,5,-9,7,-8,8,-8,6,-4,2,-1,1,-1,2,1,4,3,7,5,7,6,5,7,3,8,2,12,3,12,3,11,2,11,3,11,5,11,7,12,9,16,11,17,11,14,7,12"
9.54528522491455,203,"CSI,2453,128,101,81,22,0,-11,8,-10,8,-10,8,-10,8,-10,9,-10,9,-9,8,-9,8,-9,9,-9,8,-8,8,-8,8,-8,8,-9,8,-9,8,-8,8,-8,8,-8,7,-8,7,-8,6,-7,6,-7,6,-7,5,-7,5,-6,4,-2,1,0,0,0,0,0,0,0,0,0,0,0,0,0,0,0,0,0,0,-2,1,-7,6,-7,6,-8,6,-8,7,-9,7,-9,7,-9,7,-10,7,-10,7,-11,7,-11,7,-11,7,-11,7,-11,7,-12,7,-11,7,-11,7,-11,7,-11,7,-11,8,-11,8,-11,8,-11,8,-10,8,-11,8,-11,8"
9.61549997329712,204,"CSI,776,128,83,49,21,0,10,14,9,14,7,12,4,10,1,9,-2,9,-5,13,-7,19,-5,19,-3,15,-2,13,1,13,3,13,4,12,3,10,3,9,2,9,0,8,-1,5,-1,2,-1,1,-2,1,-3,4,-5,5,-6,4,-2,0,0,0,0,0,0,0,0,0,0,0,0,0,0,0,0,0,0,0,1,1,3,6,3,8,1,9,-1,9,-2,9,-2,7,-3,6,-2,7,-2,7,-2,6,1,7,1,8,-2,8,-4,7,-7,7,-7,7,-6,7,-6,8,-6,10,-6,13,-5,14,0,16,3,20,5,20,5,16,3,11"
9.722601890563965,205,"CSI,780,128,83,49,21,0,-15,5,-15,7,-15,4,-11,0,-9,-3,-10,-6,-9,-9,-4,-11,-5,-14,-9,-17,-10,-17,-11,-13,-9,-11,-8,-11,-9,-11,-9,-10,-8,-8,-7,-6,-5,-5,-3,-5,-1,-4,0,-4,1,-4,2,-3,2,-4,0,-2,0,0,0,0,0,0,0,0,0,0,0,0,0,0,0,0,0,0,0,2,-1,8,-1,5,0,5,0,6,0,4,1,4,0,4,1,3,0,4,-4,5,-5,1,-5,-2,-7,-4,-8,-4,-9,-3,-9,-5,-10,-4,-11,-2,-11,-1,-13,0,-16,1,-18,2,-20,4,-19,4,-18,5,-20,8"
9.752899169921875,206,"CSI,2455,128,101,81,22,0,23,-1,23,-1,24,-1,23,-2,23,-3,23,-3,23,-3,23,-3,23,-3,22,-3,22,-3,21,-3,22,-3,22,-3,22,-3,21,-3,21,-2,20,-1,19,-1,18,-1,18,-1,17,-1,16,0,16,0,15,1,3,0,0,0,0,0,0,0,0,0,0,0,0,0,0,0,0,0,0,0,3,-1,15,-3,15,-3,16,-3,17,-3,18,-2,18,-2,19,-1,20,-1,21,-1,22,-1,22,0,22,1,22,2,22,1,23,1,23,1,23,1,23,1,23,0,23,-1,24,-1,23,0,23,0,24,0,25,0,26,-1"
9.822350978851318,207,"CSI,784,128,83,49,21,0,1,-8,4,-11,7,-12,9,-12,9,-12,10,-11,9,-14,6,-17,5,-13,5,-8,6,-7,7,-6,5,-3,3,-2,3,0,5,2,5,3,3,6,3,7,5,5,4,2,3,2,2,3,3,4,5,5,1,1,0,0,0,0,0,0,0,0,0,0,0,0,0,0,0,0,0,0,-2,1,-8,5,-9,5,-7,4,-6,3,-5,3,-2,2,-1,2,-2,0,-3,-3,-3,-6,-1,-9,2,-11,3,-12,2,-14,0,-15,-3,-15,-4,-15,-4,-14,-6,-15,-7,-16,-7,-15,-7,-12,-6,-9,-6,-8,-6,-8,-3,-8"
9.857669115066528,208,"CSI,2456,128,101,81,22,0,-21,3,-20,3,-21,3,-21,4,-20,5,-20,5,-19,5,-19,5,-19,5,-19,5,-19,5,-19,5,-19,5,-19,5,-19,5,-19,5,-18,4,-17,3,-17,3,-16,3,-16,3,-15,2,-15,2,-14,1,-14,1,-4,0,0,0,0,0,0,0,0,0,0,0,0,0,0,0,0,0,0,0,-4,1,-14,3,-15,3,-15,3,-16,3,-17,3,-18,3,-18,3,-19,2,-20,2,-20,2,-20,1,-20,1,-20,0,-20,1,-21,1,-21,1,-21,1,-21,1,-21,2,-21,3,-21,3,-21,3,-21,2,-21,2,-22,3,-22,4"
9.924684047698975,209,"CSI,788,128,83,49,21,0,-9,-1,-12,-2,-13,-2,-16,-2,-17,-2,-15,-2,-15,-4,-16,-11,-17,-11,-16,-6,-12,-5,-10,-3,-8,0,-6,0,-4,1,0,2,1,2,2,2,4,2,6,5,8,5,9,3,8,2,7,3,8,4,2,1,0,0,0,0,0,0,0,0,0,0,0,0,0,0,0,0,0,0,-2,2,-6,7,-6,6,-5,5,-4,5,-3,3,-3,2,-3,3,2,3,6,0,8,-1,10,-1,11,-4,14,-5,18,-5,18,-6,17,-6,17,-6,18,-6,19,-3,16,1,13,0,12,-2,9,-2,4,-3,2,-2,2,-2"
9.974538087844849,210,"CSI,2457,128,101,81,22,0,20,-12,20,-12,20,-12,20,-12,20,-12,20,-12,19,-12,18,-13,18,-13,17,-13,17,-13,17,-13,17,-12,18,-12,18,-12,17,-11,17,-10,16,-9,15,-8,15,-8,15,-7,14,-7,14,-6,13,-5,12,-4,3,-1,0,0,0,0,0,0,0,0,0,0,0,0,0,0,0,0,0,0,3,-3,15,-11,15,-11,16,-11,17,-11,18,-11,18,-11,19,-11,20,-11,21,-11,22,-11,22,-11,22,-10,22,-10,22,-10,22,-10,22,-10,22,-10,22,-11,22,-11,22,-11,22,-12,21,-11,21,-11,21,-11,22,-12,23,-12"
10.024072885513306,211,"CSI,792,128,83,49,21,0,1,12,-1,12,0,12,-1,16,-1,18,0,17,-1,16,0,13,-1,10,-3,8,-4,8,-2,8,2,5,3,3,0,1,0,-3,2,-6,2,-7,2,-6,1,-6,0,-7,-1,-8,-1,-7,0,-4,1,-3,0,-1,0,0,0,0,0,0,0,0,0,0,0,0,0,0,0,0,0,0,0,2,2,6,2,4,1,5,1,4,2,2,4,1,5,-2,4,-6,3,-10,2,-14,1,-17,1,-18,3,-16,2,-15,2,-16,3,-19,3,-20,3,-20,3,-20,2,-19,1,-17,1,-14,2,-9,3,-5,2,-1,1,2"
10.079964876174927,212,"CSI,2458,128,101,81,22,0,23,1,23,1,24,1,24,0,24,-1,23,-1,23,-1,23,-1,22,-1,22,-1,22,-1,21,-2,21,-2,22,-2,22,-2,21,-1,20,0,20,0,19,0,18,0,17,0,17,1,16,1,15,1,14,2,3,0,0,0,0,0,0,0,0,0,0,0,0,0,0,0,0,0,0,0,4,-1,16,-3,17,-2,18,-2,19,-2,19,-1,20,-1,21,0,22,0,23,0,23,1,23,2,23,3,23,3,23,3,24,3,24,3,24,3,24,2,24,1,24,1,24,1,24,1,24,2,25,2,25,1,26,0"
10.129597902297974,213,"CSI,796,128,83,49,21,0,-5,-1,-10,-2,-13,-5,-16,-5,-19,-5,-21,-6,-22,-3,-20,2,-17,0,-16,-6,-15,-8,-13,-7,-11,-4,-8,-1,-6,-1,-5,-3,-4,-3,0,0,4,2,5,2,4,3,3,5,4,6,6,4,6,1,1,0,0,0,0,0,0,0,0,0,0,0,0,0,0,0,0,0,0,0,-2,1,-5,7,-6,8,-6,7,-6,6,-5,4,-4,2,-2,2,1,2,4,0,7,-3,10,-7,11,-9,13,-8,15,-9,16,-9,18,-7,19,-5,19,-4,19,-5,20,-5,18,-2,16,-1,14,0,14,0,11,1,5,1"
10.168313026428223,214,"CSI,1548,128,-117,-78,40,0,15,-18,14,-19,15,-19,15,-19,15,-19,15,-19,14,-19,13,-20,13,-20,13,-20,13,-20,13,-20,13,-20,13,-19,14,-19,14,-19,14,-18,13,-17,13,-16,14,-15,13,-14,13,-14,13,-13,13,-12,12,-12,3,-3,0,0,0,0,0,0,0,0,0,0,0,0,0,0,0,0,0,0,1,-4,7,-14,8,-14,8,-15,9,-15,10,-15,10,-16,11,-16,12,-17,13,-17,14,-17,15,-17,14,-17,15,-17,15,-17,15,-17,15,-17,15,-17,15,-17,16,-17,16,-18,16,-18,15,-18,14,-18,15,-18,16,-19,16,-19"
10.207111120223999,215,"CSI,2459,128,101,81,22,0,-26,-8,-26,-8,-26,-7,-26,-7,-26,-6,-26,-5,-26,-5,-26,-5,-26,-5,-26,-5,-26,-5,-25,-5,-25,-4,-26,-4,-26,-4,-25,-5,-24,-6,-23,-6,-22,-6,-21,-6,-20,-6,-20,-6,-19,-6,-18,-6,-17,-7,-5,-2,0,0,0,0,0,0,0,0,0,0,0,0,0,0,0,0,0,0,-5,-1,-17,-4,-18,-4,-18,-5,-19,-5,-20,-6,-21,-7,-22,-7,-22,-8,-23,-8,-23,-8,-23,-9,-23,-11,-24,-11,-24,-11,-24,-10,-25,-10,-25,-10,-25,-10,-25,-9,-25,-8,-26,-8,-26,-9,-26,-9,-26,-9,-27,-8,-28,-9"
10.235332012176514,216,"CSI,800,128,83,49,21,0,0,-5,7,-7,10,-8,11,-9,14,-11,15,-11,18,-12,22,-15,20,-14,15,-10,11,-9,9,-8,8,-5,7,-4,5,-4,2,-1,1,1,1,2,-2,1,-6,2,-6,4,-5,4,-7,4,-7,5,-7,6,-2,1,0,0,0,0,0,0,0,0,0,0,0,0,0,0,0,0,0,0,2,-1,10,-3,9,-3,9,-1,7,0,6,-2,4,-2,2,-1,-1,1,-4,1,-5,0,-7,1,-10,1,-13,1,-16,1,-18,0,-20,1,-22,4,-20,3,-19,1,-20,1,-20,3,-18,4,-16,3,-14,1,-12,2,-10,2"
10.308820009231567,217,"CSI,2460,128,101,81,22,0,15,19,15,19,15,19,15,18,15,17,15,16,16,16,16,16,16,16,16,16,16,15,16,15,16,15,16,14,16,14,15,14,14,15,14,15,13,14,12,13,12,12,11,12,10,12,10,12,9,12,2,3,0,0,0,0,0,0,0,0,0,0,0,0,0,0,0,0,0,0,3,3,13,13,13,14,13,15,13,16,13,17,14,18,14,19,14,20,14,20,14,20,13,21,13,22,13,22,13,22,13,22,13,22,13,22,13,21,13,21,14,20,14,20,14,20,15,20,15,20,15,20,15,21"
10.340532064437866,218,"CSI,804,128,83,49,21,0,-7,3,-4,10,-2,14,-3,15,-5,17,-7,19,-8,17,-7,11,-10,11,-11,14,-9,14,-9,11,-8,10,-6,8,-4,8,-1,9,0,8,1,7,4,5,6,4,6,3,5,4,7,3,8,1,7,1,1,0,0,0,0,0,0,0,0,0,0,0,0,0,0,0,0,0,0,0,0,-3,1,-11,2,-11,2,-10,5,-9,6,-8,5,-7,3,-6,2,-4,0,-1,-4,-3,-8,-5,-12,-4,-16,-2,-16,-2,-17,-4,-20,-7,-20,-10,-20,-12,-20,-13,-20,-14,-19,-15,-17,-15,-15,-16,-14,-15,-12,-11,-9,-6"
10.429680109024048,219,"CSI,2461,128,101,81,22,0,-3,-15,-3,-15,-3,-15,-3,-14,-3,-14,-4,-14,-4,-14,-5,-14,-5,-14,-5,-14,-5,-14,-5,-14,-5,-13,-5,-13,-4,-13,-4,-13,-4,-13,-4,-13,-4,-12,-3,-12,-3,-11,-3,-11,-2,-10,-2,-10,-2,-10,-1,-3,0,0,0,0,0,0,0,0,0,0,0,0,0,0,0,0,0,0,-1,-3,-2,-10,-2,-10,-2,-11,-2,-11,-2,-11,-2,-12,-2,-13,-2,-13,-1,-13,-1,-14,-1,-14,-1,-15,-1,-15,-1,-15,-1,-15,-1,-15,-1,-15,-1,-15,-1,-14,-1,-14,-2,-14,-2,-15,-2,-15,-2,-15,-2,-14,-2,-14"
10.46304988861084,220,"CSI,808,128,83,49,21,0,-12,3,-12,7,-11,10,-10,13,-11,15,-13,15,-15,15,-14,11,-15,9,-18,10,-17,11,-14,10,-11,10,-7,10,-5,9,-4,7,-3,5,-1,5,1,5,1,5,3,5,4,5,4,6,4,6,5,5,1,1,0,0,0,0,0,0,0,0,0,0,0,0,0,0,0,0,0,0,-1,-3,1,-11,4,-10,4,-9,3,-8,2,-7,0,-6,0,-4,-2,-2,-5,-2,-7,-3,-11,-4,-14,-6,-16,-6,-18,-6,-20,-8,-22,-10,-22,-12,-22,-14,-22,-12,-20,-11,-19,-11,-18,-11,-18,-11,-15,-13,-12,-12,-13,-10"
10.499053955078125,221,"CSI,2024,128,77,-47,20,0,-14,0,-13,1,-14,3,-15,6,-17,6,-18,3,-16,3,-12,4,-12,3,-15,1,-15,-1,-13,-1,-12,1,-11,1,-10,-1,-8,-1,-8,1,-8,4,-7,5,-5,5,-4,5,-4,5,-2,6,-1,8,-1,9,-1,2,0,0,0,0,0,0,0,0,0,0,0,0,0,0,0,0,0,0,-2,-3,-5,-11,-3,-13,-1,-10,-2,-7,-4,-7,-3,-6,-3,-6,-7,-6,-11,-4,-16,-3,-18,-5,-19,-5,-21,-6,-20,-7,-18,-11,-17,-12,-16,-11,-15,-11,-16,-12,-16,-12,-14,-12,-13,-12,-12,-9,-11,-8,-9,-7,-10,-5"
10.535269021987915,222,"CSI,2025,128,77,-47,20,0,-11,-17,-13,-13,-13,-13,-13,-14,-14,-13,-16,-13,-17,-13,-13,-11,-10,-13,-10,-16,-11,-15,-10,-12,-9,-9,-7,-7,-7,-7,-5,-7,-4,-6,-4,-6,-6,-4,-6,-3,-5,-3,-7,-3,-8,-2,-7,-3,-8,-2,-2,-1,0,0,0,0,0,0,0,0,0,0,0,0,0,0,0,0,0,0,0,-3,0,-10,-2,-12,-2,-13,-1,-11,-2,-8,-4,-6,-5,-6,-7,-8,-9,-9,-9,-9,-10,-12,-14,-15,-17,-15,-14,-17,-11,-20,-11,-22,-9,-22,-9,-23,-9,-26,-6,-27,-4,-24,-5,-20,-6,-19,-5,-18,-4,-18,-4,-17"
10.56859302520752,223,"CSI,2462,128,101,81,22,0,4,-24,3,-24,3,-23,3,-23,3,-22,2,-22,1,-22,1,-22,1,-22,0,-22,0,-22,0,-22,0,-21,0,-21,1,-20,1,-20,1,-20,1,-19,1,-18,2,-17,2,-16,2,-16,2,-15,2,-14,2,-14,0,-4,0,0,0,0,0,0,0,0,0,0,0,0,0,0,0,0,0,0,-1,-5,-2,-21,-1,-21,0,-22,0,-23,1,-24,1,-25,2,-25,2,-26,3,-26,5,-26,5,-27,5,-27,5,-27,5,-27,6,-26,6,-26,5,-26,5,-25,5,-25,5,-25,5,-25,4,-25,4,-25,4,-25,4,-25,3,-26"
10.5958890914917,224,"CSI,812,128,83,49,21,0,15,5,13,3,14,2,17,3,19,4,20,4,19,3,16,6,16,10,17,10,18,7,18,4,16,3,13,2,12,1,12,1,10,2,9,2,9,2,10,2,9,2,6,1,4,-1,5,-3,7,-3,2,-1,0,0,0,0,0,0,0,0,0,0,0,0,0,0,0,0,0,0,1,2,7,10,7,7,7,6,6,7,4,6,4,5,7,4,12,2,14,2,15,0,17,-1,17,2,16,4,18,7,19,9,18,11,17,12,18,13,17,14,17,17,17,17,15,15,13,15,15,14,16,13,15,10"
10.644274950027466,225,"CSI,2463,128,101,81,22,0,4,19,4,19,5,19,5,18,5,17,6,17,6,17,6,17,6,17,6,17,7,17,6,17,6,17,6,17,6,16,5,17,5,17,5,16,4,15,4,14,3,14,3,13,3,13,2,12,2,12,0,3,0,0,0,0,0,0,0,0,0,0,0,0,0,0,0,0,0,0,1,3,5,14,5,15,5,15,4,16,5,17,5,18,5,19,4,19,4,19,3,19,3,20,3,21,3,21,3,21,2,20,2,20,2,20,3,20,3,20,3,19,4,19,4,19,4,20,4,20,5,20,5,20"
10.74706506729126,226,"CSI,820,128,83,49,21,0,1,7,5,6,9,7,12,10,16,12,18,14,14,13,9,9,7,8,10,10,12,11,11,11,7,9,3,8,2,5,2,1,2,-1,-1,-3,-2,-5,-2,-5,-2,-6,-4,-7,-4,-7,-4,-4,-5,-3,-2,-1,0,0,0,0,0,0,0,0,0,0,0,0,0,0,0,0,0,0,1,-3,6,-10,7,-8,8,-6,7,-5,4,-3,1,-3,-1,-4,-3,-4,-5,-3,-8,-3,-12,-5,-15,-5,-19,-6,-21,-5,-20,-3,-21,-4,-25,-5,-25,-3,-24,-4,-24,-4,-22,-4,-21,-5,-18,-5,-13,-4,-9,-3,-10,-3"
10.786540031433105,227,"CSI,2464,128,101,81,22,0,-15,-13,-16,-13,-16,-12,-16,-12,-16,-11,-16,-11,-16,-11,-16,-11,-16,-10,-16,-10,-16,-10,-16,-10,-16,-9,-16,-9,-16,-9,-15,-9,-15,-9,-14,-9,-14,-9,-13,-8,-12,-8,-12,-8,-11,-8,-11,-8,-10,-8,-3,-2,0,0,0,0,0,0,0,0,0,0,0,0,0,0,0,0,0,0,-4,-3,-16,-10,-17,-10,-17,-11,-17,-12,-17,-13,-18,-14,-18,-14,-18,-15,-18,-15,-17,-16,-17,-17,-16,-18,-16,-18,-16,-18,-16,-17,-16,-17,-16,-17,-16,-17,-16,-16,-16,-15,-16,-15,-16,-15,-16,-15,-16,-15,-17,-15,-17,-15"
10.849018096923828,228,"CSI,824,128,83,49,21,0,-11,-3,-14,1,-14,2,-14,2,-16,2,-17,1,-18,0,-24,-1,-25,-1,-20,-2,-18,-1,-16,1,-12,1,-10,0,-10,0,-7,-1,-3,-2,-1,0,-1,2,-2,2,0,3,2,6,0,7,-2,6,-3,5,-1,1,0,0,0,0,0,0,0,0,0,0,0,0,0,0,0,0,0,0,2,-1,9,-4,8,-4,7,-2,7,0,7,2,8,1,7,-2,4,-3,2,-4,2,-7,1,-9,-2,-12,-4,-15,-5,-16,-4,-18,-2,-24,-3,-25,-1,-21,0,-21,1,-24,2,-25,3,-23,4,-20,3,-19,1,-18,2,-14"
10.87549901008606,229,"CSI,2465,128,101,81,22,0,16,5,15,5,16,5,16,4,15,4,15,3,15,3,15,3,15,3,15,3,14,2,14,2,14,2,14,2,14,2,13,2,13,2,12,3,12,2,11,2,11,2,10,2,10,2,9,2,9,2,2,0,0,0,0,0,0,0,0,0,0,0,0,0,0,0,0,0,0,0,3,0,15,2,15,2,15,3,16,3,17,3,17,4,17,5,18,6,18,6,18,6,18,7,18,7,18,8,18,8,17,8,18,7,17,7,17,7,17,7,17,6,17,6,17,6,17,6,17,6,17,5,18,5"
10.949880123138428,230,"CSI,828,128,83,49,21,0,-4,0,-5,4,-8,10,-9,13,-10,14,-10,15,-10,17,-7,18,-5,14,-7,13,-10,13,-11,9,-9,7,-9,9,-10,9,-5,6,-1,4,1,3,2,2,2,-1,2,-3,3,-3,5,-3,6,-3,6,-3,1,-1,0,0,0,0,0,0,0,0,0,0,0,0,0,0,0,0,0,0,2,0,10,3,10,3,10,1,11,1,8,4,5,5,4,3,4,1,2,-1,-1,-4,-3,-5,-3,-7,-3,-12,-2,-16,-1,-17,0,-20,-2,-23,-3,-25,-2,-25,-3,-22,-3,-21,-1,-21,-2,-17,-3,-14,-3,-14,-3,-13"
10.985052108764648,231,"CSI,2466,128,101,81,22,0,22,-3,21,-4,21,-4,21,-5,21,-5,21,-5,20,-5,20,-5,19,-6,19,-6,18,-6,18,-6,18,-6,18,-6,18,-6,18,-6,17,-5,16,-4,15,-4,15,-4,14,-4,14,-4,13,-3,13,-3,12,-2,3,-1,0,0,0,0,0,0,0,0,0,0,0,0,0,0,0,0,0,0,4,-2,17,-6,18,-6,19,-6,20,-6,21,-6,21,-5,22,-5,22,-4,24,-4,24,-4,24,-3,24,-2,24,-2,24,-2,24,-2,24,-2,24,-2,24,-2,24,-3,24,-3,24,-3,23,-3,23,-3,23,-3,24,-4,25,-4"
11.050451040267944,232,"CSI,832,128,83,49,21,0,-3,-9,-6,-5,-8,-1,-12,1,-17,2,-18,2,-21,1,-26,1,-25,0,-23,-1,-22,-3,-18,-1,-16,2,-15,3,-13,2,-11,-1,-8,-1,-6,1,-6,1,-5,2,-4,4,-2,6,-1,6,-2,6,-3,9,-1,2,0,0,0,0,0,0,0,0,0,0,0,0,0,0,0,0,0,0,2,-2,9,-6,9,-5,10,-4,10,-2,6,1,5,1,6,1,6,0,3,-3,0,-7,-1,-8,-2,-12,-2,-15,0,-15,1,-15,0,-19,-3,-21,-2,-23,0,-26,1,-28,1,-30,3,-29,4,-25,6,-23,5,-19,0,-15"
11.107333183288574,233,"CSI,2467,128,101,81,22,0,-18,-11,-18,-11,-18,-10,-18,-10,-18,-9,-18,-9,-18,-9,-19,-9,-19,-9,-18,-9,-18,-9,-18,-9,-18,-8,-18,-8,-18,-8,-17,-9,-16,-9,-16,-9,-15,-9,-14,-8,-14,-8,-13,-8,-13,-8,-12,-8,-11,-8,-3,-2,0,0,0,0,0,0,0,0,0,0,0,0,0,0,0,0,0,0,-4,-2,-13,-5,-14,-6,-14,-6,-15,-7,-15,-7,-16,-8,-16,-9,-17,-9,-17,-10,-17,-10,-17,-11,-17,-12,-17,-12,-17,-12,-17,-12,-18,-12,-18,-12,-18,-12,-18,-11,-18,-11,-18,-11,-18,-11,-18,-11,-18,-11,-19,-11,-20,-11"
11.152505159378052,234,"CSI,835,128,83,49,21,0,-6,5,-2,10,1,13,4,12,6,15,6,18,8,21,9,28,9,29,8,25,5,20,5,18,6,18,4,17,2,15,1,12,2,8,3,5,3,2,4,0,6,-1,7,-2,7,-3,7,-4,8,-4,2,-1,0,0,0,0,0,0,0,0,0,0,0,0,0,0,0,0,0,0,-1,-3,-4,-10,-4,-11,-4,-13,-2,-14,0,-13,0,-11,0,-9,-1,-7,-4,-6,-7,-5,-7,-3,-9,-1,-14,0,-19,0,-21,0,-24,0,-26,1,-26,2,-28,1,-28,-2,-28,-5,-27,-6,-25,-4,-23,-2,-21,-1,-20,-1"
11.198078870773315,235,"CSI,1552,128,-117,-78,40,0,10,-15,10,-15,10,-15,10,-15,10,-15,9,-15,9,-15,8,-15,8,-15,7,-15,7,-15,7,-15,7,-15,7,-14,7,-14,7,-14,7,-13,7,-13,7,-12,7,-11,7,-11,6,-10,6,-10,6,-9,6,-9,1,-2,0,0,0,0,0,0,0,0,0,0,0,0,0,0,0,0,0,0,1,-4,7,-13,8,-13,8,-13,9,-14,9,-14,10,-14,10,-15,11,-15,12,-15,12,-15,13,-15,12,-15,13,-15,13,-15,13,-15,13,-15,12,-15,12,-15,12,-15,12,-15,12,-15,11,-15,11,-15,11,-15,12,-15,12,-15"
11.225903034210205,236,"CSI,2468,128,101,81,22,0,18,7,18,6,18,6,18,5,18,4,17,4,17,4,17,4,17,4,17,4,17,4,16,3,16,3,16,3,16,3,16,4,15,4,14,4,13,4,13,4,12,3,12,4,11,4,10,4,10,4,2,1,0,0,0,0,0,0,0,0,0,0,0,0,0,0,0,0,0,0,3,0,15,2,15,2,16,3,16,3,17,3,18,4,18,5,19,6,19,6,19,6,19,7,19,8,19,8,19,8,19,8,19,8,19,8,19,8,19,7,19,6,19,6,19,7,19,7,19,7,20,6,21,6"
11.259947061538696,237,"CSI,839,128,83,49,21,0,-5,-15,-9,-15,-12,-13,-15,-13,-17,-15,-19,-16,-18,-16,-13,-18,-12,-20,-15,-20,-15,-18,-12,-17,-9,-15,-7,-11,-6,-9,-5,-6,-5,-2,-8,0,-10,-2,-10,-3,-11,0,-12,2,-11,2,-9,1,-8,-1,-2,-1,0,0,0,0,0,0,0,0,0,0,0,0,0,0,0,0,0,0,1,-2,8,-6,11,-7,12,-6,10,-6,10,-8,9,-8,6,-9,4,-10,4,-11,5,-14,4,-16,1,-17,3,-18,4,-21,7,-24,9,-23,8,-22,6,-23,5,-24,5,-27,6,-28,9,-23,9,-21,7,-22,8,-19,8,-15"
11.327747106552124,238,"CSI,2469,128,101,81,22,0,-15,20,-15,20,-14,19,-14,19,-14,20,-14,20,-13,20,-12,20,-12,21,-12,21,-11,21,-11,21,-11,21,-12,20,-12,20,-12,20,-12,20,-12,19,-12,18,-12,17,-12,16,-11,15,-11,15,-11,14,-11,13,-3,3,0,0,0,0,0,0,0,0,0,0,0,0,0,0,0,0,0,0,-3,3,-10,13,-10,13,-11,14,-12,14,-12,15,-12,15,-13,16,-14,16,-15,16,-16,16,-16,17,-16,17,-16,17,-16,17,-16,17,-16,17,-16,17,-16,17,-16,17,-16,18,-16,18,-15,18,-15,18,-15,18,-15,18,-15,18"
11.35711407661438,239,"CSI,843,128,83,49,21,0,-9,3,-13,7,-17,7,-20,8,-22,7,-20,8,-19,6,-22,0,-22,0,-18,2,-14,2,-10,2,-8,1,-7,-1,-5,-4,2,-5,8,-5,7,-4,6,0,7,2,8,3,8,3,9,3,9,4,9,5,2,1,0,0,0,0,0,0,0,0,0,0,0,0,0,0,0,0,0,0,-1,2,-2,11,-4,11,-4,10,-1,9,0,7,1,4,2,2,3,1,7,-1,11,-1,14,-4,18,-8,19,-10,19,-11,18,-11,17,-11,18,-11,17,-12,15,-13,18,-15,16,-13,11,-11,9,-12,6,-10,2,-6,2,-6"
11.42117190361023,240,"CSI,1477,128,83,49,21,0,17,15,19,14,18,17,14,18,11,15,9,13,5,10,0,8,1,9,4,9,3,4,2,-1,1,-4,0,-4,-1,-6,-2,-9,-2,-9,-2,-9,-2,-9,-2,-6,-2,-5,-2,-6,-2,-5,-2,-5,-1,-4,0,-1,0,0,0,0,0,0,0,0,0,0,0,0,0,0,0,0,0,0,1,-1,5,-3,6,-4,5,-3,6,-3,6,-5,4,-5,2,-3,1,0,-3,1,-9,-1,-12,-2,-14,-2,-14,-2,-15,-2,-18,-2,-18,-2,-16,-3,-14,-3,-15,-4,-16,-4,-14,-3,-10,-1,-7,2,-4,2,0,2,3,5"
11.451911211013794,241,"CSI,2470,128,101,81,22,0,19,16,19,16,20,15,20,14,20,14,20,14,20,14,21,14,21,14,21,14,20,14,20,13,20,13,21,13,20,13,20,13,19,14,18,14,17,14,16,13,15,12,15,12,14,12,13,12,12,12,3,3,0,0,0,0,0,0,0,0,0,0,0,0,0,0,0,0,0,0,3,2,14,11,14,11,14,12,15,13,15,13,16,14,16,16,17,16,17,16,16,17,16,18,16,19,16,19,16,18,16,18,16,18,17,18,17,18,17,17,17,16,18,16,18,17,19,17,19,17,19,17,20,17"
11.485161066055298,242,"CSI,847,128,83,49,21,0,9,-2,9,-5,9,-8,12,-11,15,-12,16,-11,15,-9,14,-7,14,-7,14,-9,14,-10,13,-7,10,-5,8,-5,6,-4,1,-2,-1,-2,-2,-3,-7,-2,-11,-2,-10,-3,-11,-3,-13,-3,-13,-4,-10,-6,-3,-2,0,0,0,0,0,0,0,0,0,0,0,0,0,0,0,0,0,0,-3,-3,-9,-10,-7,-10,-6,-8,-5,-5,-4,-4,-3,-3,-4,-3,-4,-1,-3,3,-3,8,-5,12,-8,13,-11,15,-12,16,-10,15,-11,17,-10,19,-9,19,-8,17,-9,15,-8,15,-6,13,-5,9,-3,8,1,8,3,6"
11.552326202392578,243,"CSI,2471,128,101,81,22,0,9,-16,9,-16,9,-16,9,-16,9,-15,8,-15,7,-16,7,-16,7,-16,6,-16,6,-16,6,-16,6,-15,6,-15,7,-14,7,-14,7,-14,6,-13,6,-13,6,-12,6,-11,6,-11,6,-10,6,-9,6,-9,1,-3,0,0,0,0,0,0,0,0,0,0,0,0,0,0,0,0,0,0,1,-4,5,-14,6,-14,6,-14,7,-15,7,-15,8,-15,8,-16,9,-16,10,-16,11,-16,11,-16,11,-16,11,-16,11,-16,11,-16,11,-16,11,-16,11,-16,11,-16,11,-16,11,-16,10,-16,9,-16,10,-16,10,-16,10,-17"
11.58058214187622,244,"CSI,852,128,83,49,21,0,2,-3,0,-8,0,-9,3,-9,5,-11,5,-12,5,-13,4,-15,5,-14,8,-8,7,-5,6,-4,6,-5,8,-5,7,-3,5,0,3,0,1,0,0,1,-1,1,-5,3,-7,5,-8,6,-8,5,-7,1,-2,-1,0,0,0,0,0,0,0,0,0,0,0,0,0,0,0,0,0,0,-2,-2,-5,-6,-2,-8,-2,-9,-3,-8,-2,-6,-3,-5,-3,-4,-1,-3,-2,-2,-2,0,-2,4,-4,8,-5,10,-6,10,-8,12,-8,14,-7,14,-6,15,-4,16,-4,15,-6,12,-6,10,-3,9,-2,7,-1,6,3,5"
11.671005010604858,245,"CSI,2472,128,101,81,22,0,-45,-41,-46,-40,-46,-38,-44,-37,-44,-36,-44,-35,-44,-34,-44,-34,-44,-34,-44,-32,-43,-31,-42,-31,-42,-32,-43,-31,-42,-32,-40,-32,-39,-31,-38,-29,-36,-27,-35,-26,-34,-25,-33,-23,-31,-22,-28,-22,-26,-24,-7,-7,0,0,0,0,0,0,0,0,0,0,0,0,0,0,0,0,0,0,-9,-8,-34,-30,-33,-32,-33,-36,-32,-39,-31,-40,-33,-41,-35,-43,-37,-45,-37,-46,-37,-48,-37,-51,-36,-52,-36,-52,-35,-49,-36,-48,-38,-48,-38,-49,-37,-48,-37,-46,-39,-44,-41,-44,-41,-45,-40,-45,-42,-44,-43,-43,-44,-41"
11.69899320602417,246,"CSI,856,128,83,49,21,0,4,1,2,3,-2,1,-8,4,-11,5,-12,4,-10,3,-6,1,-9,-1,-14,0,-15,0,-15,-1,-14,0,-13,-1,-12,-2,-7,-3,-4,-4,-3,-4,-2,-3,-1,0,-2,1,0,2,4,2,4,0,3,0,0,0,0,0,0,0,0,0,0,0,0,0,0,0,0,0,0,0,0,0,-1,2,-2,9,-2,7,-3,6,-4,7,-4,7,-3,5,-3,3,-1,2,2,1,4,-1,5,-3,7,-6,9,-8,11,-7,11,-7,10,-7,8,-4,8,-3,10,-6,13,-9,13,-10,10,-9,11,-7,12,-8,13,-9,14,-10"
11.768022060394287,247,"CSI,860,128,83,49,21,0,3,-6,3,-8,3,-9,5,-10,8,-11,12,-10,12,-9,7,-11,3,-9,6,-6,9,-5,7,-7,3,-8,3,-6,4,-4,1,-3,-2,-1,-3,2,-3,3,-5,4,-9,3,-9,3,-8,3,-8,3,-6,2,-2,0,0,0,0,0,0,0,0,0,0,0,0,0,0,0,0,0,0,0,-1,-3,0,-9,0,-9,-1,-8,0,-6,1,-2,0,1,-2,4,-5,6,-6,7,-5,8,-6,11,-8,11,-11,12,-11,14,-10,14,-12,12,-15,10,-12,12,-7,14,-8,14,-9,11,-6,6,-5,3,-4,3,-1,2,3,-2"
11.804235935211182,248,"CSI,2473,128,101,81,22,0,15,-12,14,-12,14,-12,15,-12,15,-12,14,-12,14,-13,13,-13,13,-13,13,-13,12,-13,12,-13,13,-13,13,-13,13,-12,13,-12,13,-11,12,-11,12,-10,12,-10,12,-9,11,-9,11,-8,10,-8,10,-7,2,-2,0,0,0,0,0,0,0,0,0,0,0,0,0,0,0,0,0,0,2,-3,8,-9,9,-9,9,-10,10,-10,11,-10,11,-10,11,-10,12,-11,13,-11,14,-11,14,-11,14,-10,14,-10,14,-11,15,-10,15,-10,15,-10,15,-11,15,-11,15,-11,15,-11,15,-11,14,-11,15,-12,16,-12,16,-12"
11.86513090133667,249,"CSI,864,128,83,49,21,0,6,1,7,3,8,3,8,7,8,8,9,6,6,6,2,8,5,8,8,4,8,1,8,2,7,4,5,4,4,3,3,1,3,1,4,3,4,4,4,4,4,3,3,2,3,3,2,4,2,5,0,1,0,0,0,0,0,0,0,0,0,0,0,0,0,0,0,0,0,0,2,-2,9,-5,7,-4,4,-3,4,-2,6,-3,6,-4,6,0,5,4,2,7,2,8,6,7,8,7,8,10,8,11,9,10,10,8,11,6,13,4,13,2,11,2,9,2,11,2,11,2,7,2,5,2,6,3"
11.973073959350586,250,"CSI,868,128,83,49,21,0,0,-8,2,-6,3,-6,3,-4,4,-3,7,-4,5,-1,2,2,6,2,9,0,9,0,10,-1,9,-2,7,-3,5,-2,6,-1,6,-1,4,-1,3,1,0,3,0,6,3,5,5,2,3,4,0,6,-1,1,0,0,0,0,0,0,0,0,0,0,0,0,0,0,0,0,0,0,-3,0,-10,3,-10,2,-9,0,-9,-2,-9,-3,-7,-5,-6,-6,-6,-5,-5,-4,-5,-4,-4,-7,-2,-10,0,-10,0,-10,1,-9,2,-11,1,-12,2,-12,4,-14,3,-14,0,-14,0,-15,0,-17,-1,-18,-2,-16,-5,-14"
12.005332946777344,251,"CSI,2475,128,101,81,22,0,-24,2,-24,3,-24,3,-24,3,-24,4,-23,4,-23,4,-23,4,-23,5,-22,5,-22,5,-22,5,-22,5,-22,5,-22,5,-21,5,-21,4,-20,3,-19,3,-19,3,-18,3,-17,3,-17,2,-16,2,-15,1,-4,0,0,0,0,0,0,0,0,0,0,0,0,0,0,0,0,0,0,0,-4,0,-15,2,-15,2,-16,2,-17,2,-18,2,-18,1,-19,1,-20,1,-21,1,-22,1,-22,0,-22,0,-22,0,-22,0,-23,0,-23,0,-23,0,-23,0,-24,1,-24,1,-24,2,-24,2,-24,1,-24,2,-25,2,-26,1"
12.077927112579346,252,"CSI,872,128,83,49,21,0,-9,-12,-8,-11,-9,-10,-6,-11,-2,-12,0,-12,3,-12,7,-11,3,-13,-3,-17,-2,-16,-2,-13,-5,-12,-6,-13,-6,-13,-5,-10,-2,-9,-1,-8,-2,-7,0,-8,5,-6,5,-5,4,-6,2,-8,1,-7,0,-2,0,0,0,0,0,0,0,0,0,0,0,0,0,0,0,0,0,0,-1,-2,-5,-7,-5,-9,-5,-9,-5,-8,-6,-5,-4,-4,-1,-4,2,-3,3,-5,2,-5,1,-5,2,-8,1,-9,2,-8,4,-9,4,-10,3,-10,2,-10,0,-10,-2,-12,-2,-15,-3,-16,-5,-15,-6,-15,-8,-15,-11,-15"
12.11182689666748,253,"CSI,2476,128,101,81,22,0,-22,9,-22,9,-22,9,-23,10,-22,10,-22,10,-21,10,-21,10,-21,11,-20,11,-20,11,-20,11,-20,11,-20,11,-20,11,-20,10,-19,9,-18,8,-18,8,-17,7,-17,7,-17,7,-16,6,-15,5,-15,5,-4,1,0,0,0,0,0,0,0,0,0,0,0,0,0,0,0,0,0,0,-4,2,-14,8,-14,8,-15,8,-16,9,-17,9,-17,9,-18,9,-19,9,-21,9,-22,9,-22,8,-22,7,-22,7,-22,7,-23,8,-23,8,-23,8,-23,8,-23,9,-23,9,-23,9,-23,9,-23,9,-23,9,-24,9,-25,9"
12.17937707901001,254,"CSI,876,128,83,49,21,0,-13,3,-10,3,-9,2,-8,1,-8,-2,-9,-5,-9,-8,-7,-12,-11,-13,-15,-12,-15,-10,-12,-9,-11,-7,-12,-5,-11,-4,-8,-5,-5,-5,-2,-4,-2,-3,-2,-2,-1,-3,1,-5,1,-6,1,-8,3,-11,1,-3,0,0,0,0,0,0,0,0,0,0,0,0,0,0,0,0,0,0,-1,1,-1,6,0,7,-1,7,-3,7,-5,6,-8,5,-9,6,-9,7,-9,4,-9,2,-10,3,-12,3,-12,3,-14,3,-17,1,-17,1,-14,3,-12,2,-12,1,-12,2,-13,3,-16,3,-19,5,-20,7,-20,7,-20,6"
12.229027032852173,255,"CSI,2477,128,101,81,22,0,-7,-20,-7,-20,-7,-19,-7,-19,-7,-18,-8,-18,-8,-18,-9,-18,-8,-18,-9,-18,-9,-18,-8,-17,-8,-17,-9,-16,-8,-16,-7,-17,-7,-17,-7,-16,-6,-15,-6,-14,-5,-14,-5,-13,-5,-13,-4,-12,-4,-12,-1,-3,0,0,0,0,0,0,0,0,0,0,0,0,0,0,0,0,0,0,-2,-3,-7,-12,-7,-13,-7,-14,-7,-15,-7,-15,-8,-16,-8,-17,-8,-18,-7,-18,-6,-19,-6,-20,-6,-21,-6,-21,-6,-21,-6,-20,-6,-20,-6,-21,-6,-21,-6,-20,-6,-20,-6,-20,-7,-20,-7,-20,-7,-20,-7,-21,-8,-21"
12.256875038146973,256,"CSI,1556,128,-117,-78,40,0,2,24,3,24,3,23,3,22,3,22,3,22,4,22,4,22,4,22,5,21,5,21,5,21,5,20,4,20,4,19,3,19,3,19,3,18,3,18,2,16,1,15,1,15,1,14,1,14,0,13,0,3,0,0,0,0,0,0,0,0,0,0,0,0,0,0,0,0,0,0,1,3,5,15,5,16,4,17,4,18,4,19,4,20,4,22,4,22,3,23,2,23,2,24,2,25,1,25,1,25,1,25,1,25,1,25,1,25,1,24,1,24,2,24,2,24,3,25,2,24,2,25,3,25"
12.287282228469849,257,"CSI,880,128,83,49,21,0,-5,-1,-2,3,-1,5,-1,7,0,10,1,14,0,16,-3,17,0,16,4,16,4,15,4,14,2,13,1,11,2,9,2,6,2,3,3,3,3,1,4,-2,5,-3,5,-3,5,-3,5,-5,4,-6,1,-2,0,0,0,0,0,0,0,0,0,0,0,0,0,0,0,0,0,0,1,-3,6,-9,8,-7,10,-6,10,-4,9,-2,6,-1,4,1,1,2,0,2,-2,3,-6,2,-9,-1,-11,-2,-14,-4,-16,-6,-15,-7,-13,-11,-10,-12,-10,-13,-14,-15,-16,-13,-14,-12,-12,-11,-12,-8,-13,-6,-13,-2"
12.334738969802856,258,"CSI,2478,128,101,81,22,0,3,12,3,12,3,11,3,10,4,10,4,10,4,10,5,10,5,10,4,10,4,9,4,9,4,9,4,9,4,9,4,8,4,8,3,8,3,8,3,7,2,6,2,6,2,6,2,6,2,5,0,1,0,0,0,0,0,0,0,0,0,0,0,0,0,0,0,0,0,0,1,2,3,8,3,9,3,9,3,9,3,10,3,11,3,11,3,12,3,12,2,12,2,12,2,13,2,13,2,13,2,13,2,12,2,12,3,12,3,12,3,12,3,12,3,12,3,12,3,12,3,11,3,11"
12.381134033203125,259,"CSI,884,128,83,49,21,0,8,4,10,5,10,6,8,10,9,13,10,11,7,12,4,18,6,17,9,13,10,9,8,4,4,2,1,4,1,8,2,8,0,7,-2,7,-2,6,-2,4,-5,3,-6,5,-4,5,-3,4,-2,5,-1,1,0,0,0,0,0,0,0,0,0,0,0,0,0,0,0,0,0,0,-1,-2,-2,-8,-2,-10,-1,-9,1,-7,2,-4,2,-4,4,-4,6,-1,7,1,11,-1,15,-3,16,-3,15,-1,16,2,17,2,17,2,17,2,17,-2,18,-5,18,-4,17,-1,14,0,13,-1,13,1,10,0,9,-2"
12.445318222045898,260,"CSI,2479,128,101,81,22,0,1,18,1,18,1,18,1,17,1,17,2,17,2,17,3,17,3,17,3,17,3,17,3,17,3,16,3,16,2,16,2,16,1,16,1,15,1,15,0,14,0,13,0,13,-1,12,-1,11,-1,11,-1,2,0,0,0,0,0,0,0,0,0,0,0,0,0,0,0,0,0,0,0,3,2,15,2,16,2,16,1,17,1,18,2,18,1,19,1,20,0,20,0,20,-1,20,-1,21,-1,21,-1,20,-1,20,-1,20,-1,20,-1,20,-1,19,-1,19,0,19,0,19,1,19,1,19,1,19,1,20"
12.485656976699829,261,"CSI,888,128,83,49,21,0,5,-1,7,1,8,2,7,3,7,7,8,11,10,14,14,19,16,19,15,15,13,11,12,9,10,9,9,8,10,4,7,2,2,3,0,4,-1,2,-6,1,-9,0,-8,1,-8,2,-8,3,-8,3,-3,0,0,0,0,0,0,0,0,0,0,0,0,0,0,0,0,0,0,0,-3,-1,-11,-4,-12,-5,-10,-5,-8,-6,-5,-7,-4,-5,-4,-4,-3,-5,-1,-6,1,-6,5,-5,6,-5,8,-8,13,-10,15,-10,15,-11,14,-13,13,-14,14,-15,14,-14,12,-14,11,-14,12,-14,12,-15,10,-14,8,-13"
12.570616960525513,262,"CSI,2480,128,101,81,22,0,-5,-21,-6,-21,-6,-21,-6,-21,-5,-20,-6,-20,-7,-19,-7,-19,-8,-19,-8,-19,-8,-19,-8,-19,-7,-18,-8,-18,-7,-18,-7,-18,-6,-18,-6,-18,-5,-17,-5,-16,-4,-15,-4,-15,-3,-14,-3,-14,-2,-13,-1,-4,0,0,0,0,0,0,0,0,0,0,0,0,0,0,0,0,0,0,-2,-5,-6,-20,-6,-20,-5,-21,-5,-22,-5,-23,-5,-24,-5,-25,-4,-26,-4,-25,-3,-26,-2,-26,-2,-26,-2,-26,-2,-26,-2,-25,-3,-25,-3,-25,-3,-25,-3,-24,-3,-24,-3,-23,-4,-23,-4,-23,-4,-23,-4,-23,-5,-23"
12.692183017730713,263,"CSI,896,128,83,49,21,0,7,7,9,3,9,-2,10,-6,11,-11,12,-13,14,-15,16,-18,17,-15,17,-10,17,-8,17,-6,15,-6,13,-5,10,-3,7,-3,4,-3,0,-4,-2,-6,-2,-7,-2,-7,-1,-8,-1,-8,-1,-8,-2,-9,-1,-3,0,0,0,0,0,0,0,0,0,0,0,0,0,0,0,0,0,0,0,3,0,12,-3,11,-5,10,-6,8,-5,6,-2,4,-3,3,-2,3,3,4,6,4,6,5,6,9,9,10,12,10,15,12,16,14,13,17,12,17,14,14,13,13,12,14,10,14,10,14,11,14,12,12,12,11"
12.724617004394531,264,"CSI,2481,128,101,81,22,0,-8,20,-7,20,-7,19,-7,19,-7,18,-6,18,-5,18,-4,18,-4,17,-4,17,-3,17,-3,17,-4,16,-4,16,-4,15,-4,15,-4,14,-4,14,-4,13,-5,12,-5,11,-5,10,-5,10,-5,9,-4,9,-1,2,0,0,0,0,0,0,0,0,0,0,0,0,0,0,0,0,0,0,-2,5,-7,23,-7,23,-8,24,-9,25,-10,25,-10,26,-10,27,-11,27,-12,27,-13,27,-13,26,-13,26,-13,26,-13,25,-13,25,-13,24,-12,24,-12,24,-12,23,-12,23,-11,23,-10,23,-9,22,-9,22,-10,22,-9,23"
12.794652223587036,265,"CSI,900,128,83,49,21,0,-16,-1,-13,0,-9,2,-3,4,3,6,7,9,9,10,9,9,9,13,9,19,7,19,7,17,6,16,2,15,2,16,4,14,5,10,3,6,1,2,0,-1,-2,-3,-2,-4,1,-7,2,-8,2,-10,0,-3,0,0,0,0,0,0,0,0,0,0,0,0,0,0,0,0,0,0,-2,-2,-7,-6,-6,-10,-5,-14,-4,-14,-2,-11,-1,-9,-1,-9,-2,-10,-3,-10,-5,-10,-5,-9,-4,-5,-5,-1,-6,1,-9,1,-13,3,-17,7,-18,9,-19,7,-23,5,-25,5,-26,5,-28,2,-31,3,-32,4,-30,4"
12.823966026306152,266,"CSI,2482,128,101,81,22,0,11,-6,11,-6,11,-6,11,-6,11,-6,10,-7,10,-7,9,-7,9,-7,9,-7,9,-7,9,-7,9,-7,9,-7,9,-7,9,-7,9,-6,8,-6,8,-6,8,-5,8,-5,8,-5,8,-5,7,-4,7,-4,1,-1,0,0,0,0,0,0,0,0,0,0,0,0,0,0,0,0,0,0,2,-2,10,-5,11,-6,11,-6,12,-6,12,-5,12,-5,13,-5,13,-5,14,-5,14,-5,14,-5,14,-4,13,-4,13,-4,13,-4,13,-4,13,-5,13,-5,13,-5,13,-5,13,-5,12,-6,12,-5,12,-5,12,-5,12,-5"
12.896947860717773,267,"CSI,904,128,83,49,21,0,-9,2,-4,4,1,5,5,6,11,8,12,9,14,7,18,4,18,6,17,8,17,10,14,9,11,6,10,4,9,3,8,2,4,1,1,-2,0,-3,0,-4,-2,-7,-4,-7,-5,-6,-6,-5,-6,-5,-2,-2,0,0,0,0,0,0,0,0,0,0,0,0,0,0,0,0,0,0,3,-2,13,-7,13,-6,12,-4,12,-1,13,1,12,3,10,2,9,1,6,-1,3,-1,-1,-1,-3,-5,-6,-7,-10,-8,-16,-8,-20,-10,-21,-10,-22,-10,-23,-11,-22,-12,-22,-11,-22,-10,-19,-11,-18,-9,-17,-8,-13,-9"
12.933272123336792,268,"CSI,2483,128,101,81,22,0,-10,-11,-10,-11,-10,-11,-10,-10,-10,-9,-10,-9,-10,-9,-11,-9,-11,-9,-10,-9,-10,-9,-11,-9,-10,-8,-11,-8,-10,-8,-10,-8,-10,-8,-9,-8,-9,-8,-9,-7,-8,-7,-8,-7,-8,-7,-7,-7,-7,-7,-2,-2,0,0,0,0,0,0,0,0,0,0,0,0,0,0,0,0,0,0,-2,-2,-8,-8,-8,-8,-9,-9,-9,-9,-9,-9,-9,-10,-10,-11,-10,-11,-10,-11,-9,-12,-9,-12,-9,-13,-9,-13,-9,-13,-9,-13,-9,-13,-9,-13,-9,-12,-9,-12,-9,-11,-10,-11,-10,-12,-10,-12,-10,-12,-10,-11,-10,-11"
13.018001794815063,269,"CSI,2484,128,101,81,22,0,1,13,2,13,2,13,2,12,2,12,2,12,2,12,3,12,3,11,3,12,3,12,3,12,3,11,3,11,3,10,2,10,3,10,2,10,2,10,2,9,1,9,1,8,1,8,1,8,1,8,0,1,0,0,0,0,0,0,0,0,0,0,0,0,0,0,0,0,0,0,0,2,2,10,2,10,1,11,1,11,1,12,1,13,1,13,1,13,0,14,0,14,0,14,0,15,0,15,0,15,0,14,0,14,0,14,0,14,0,14,0,14,0,14,1,14,1,14,1,14,1,13,1,13"
13.099335193634033,270,"CSI,912,128,83,49,21,0,-1,0,-1,5,1,7,2,7,6,8,9,11,10,11,10,9,10,11,11,12,12,11,11,11,11,9,10,5,9,3,8,2,6,2,1,3,-3,1,-5,-3,-6,-3,-8,-1,-7,-1,-6,-2,-7,0,-2,0,0,0,0,0,0,0,0,0,0,0,0,0,0,0,0,0,0,0,-1,2,-5,8,-8,7,-10,6,-8,6,-6,5,-8,5,-7,5,-6,2,-5,0,-4,0,-3,-4,-3,-9,-3,-13,-2,-16,1,-17,3,-18,3,-20,2,-20,1,-21,3,-24,2,-25,-1,-24,-1,-21,-1,-17,-1,-15,0,-13"
13.134498119354248,271,"CSI,2485,128,101,81,22,0,22,-9,22,-9,22,-10,22,-10,22,-11,21,-11,20,-11,20,-11,19,-11,19,-12,18,-12,18,-12,18,-12,19,-11,19,-11,18,-11,18,-10,17,-9,16,-9,16,-8,16,-8,15,-7,15,-7,14,-6,13,-6,3,-2,0,0,0,0,0,0,0,0,0,0,0,0,0,0,0,0,0,0,3,-3,16,-10,16,-10,17,-10,18,-10,19,-10,20,-10,20,-10,21,-10,23,-10,24,-9,24,-9,24,-8,24,-8,24,-8,24,-8,24,-8,24,-8,24,-8,24,-9,24,-9,24,-9,23,-9,23,-9,23,-9,24,-10,25,-10"
13.203195095062256,272,"CSI,916,128,83,49,21,0,-10,0,-7,0,-4,3,-1,8,2,11,4,12,0,13,-6,15,-7,17,-6,17,-4,15,-1,14,-1,14,-3,13,-4,12,-4,10,-2,7,0,4,3,2,3,-1,4,-2,5,-2,5,-2,4,-2,5,-4,1,-2,0,0,0,0,0,0,0,0,0,0,0,0,0,0,0,0,0,0,1,-3,3,-10,3,-9,4,-8,7,-8,9,-7,7,-6,5,-5,4,-2,4,-1,3,-1,0,-1,-5,-3,-9,-6,-12,-4,-12,-3,-13,-6,-14,-8,-16,-8,-19,-7,-18,-9,-17,-14,-17,-15,-17,-14,-16,-12,-16,-10,-16,-8"
13.242455005645752,273,"CSI,2486,128,101,81,22,0,20,-12,19,-13,19,-13,20,-13,19,-14,19,-14,18,-14,17,-14,17,-15,17,-15,17,-15,16,-15,17,-15,17,-15,17,-14,17,-14,17,-13,16,-13,16,-12,15,-12,15,-11,15,-11,15,-10,14,-9,14,-8,3,-2,0,0,0,0,0,0,0,0,0,0,0,0,0,0,0,0,0,0,3,-3,13,-10,13,-11,14,-11,15,-11,16,-11,16,-11,17,-11,18,-12,19,-11,20,-11,21,-11,20,-10,20,-10,21,-10,21,-10,21,-10,21,-10,21,-10,21,-11,21,-12,21,-12,20,-12,20,-12,20,-12,21,-12,22,-12"
13.29433298110962,274,"CSI,1560,128,-117,-78,40,0,-22,8,-22,9,-22,9,-22,10,-22,10,-22,11,-21,10,-21,11,-21,11,-20,11,-20,11,-20,11,-20,11,-20,11,-21,11,-20,11,-20,10,-19,9,-19,9,-18,8,-18,8,-17,8,-17,7,-17,6,-16,5,-4,1,0,0,0,0,0,0,0,0,0,0,0,0,0,0,0,0,0,0,-4,2,-15,8,-15,8,-16,8,-17,8,-18,8,-19,8,-19,8,-20,8,-21,8,-22,7,-23,7,-23,6,-23,6,-23,6,-23,6,-23,6,-23,6,-23,6,-23,7,-24,8,-23,8,-23,8,-23,7,-23,7,-24,8,-25,9"
13.324923038482666,275,"CSI,920,128,83,49,21,0,7,-1,6,0,2,-4,-4,-11,-5,-14,-5,-12,-8,-15,-10,-22,-11,-21,-10,-17,-8,-18,-7,-18,-8,-17,-9,-14,-7,-13,-5,-11,-5,-7,-4,-2,-2,0,-2,2,-1,1,0,2,0,4,-2,5,-4,5,-2,1,0,0,0,0,0,0,0,0,0,0,0,0,0,0,0,0,0,0,-3,1,-10,6,-9,6,-9,6,-12,5,-12,3,-9,2,-8,-1,-6,-1,-4,-1,0,-1,4,0,7,0,9,0,11,4,13,7,15,10,15,10,16,8,17,8,17,8,16,8,17,8,16,7,16,5,18,4,17,3"
13.352072954177856,276,"CSI,2487,128,101,81,22,0,22,7,22,7,23,7,23,6,23,5,23,5,23,5,23,5,23,4,23,4,22,4,22,4,23,3,23,3,23,3,22,3,22,4,21,5,20,5,19,4,19,4,18,4,17,4,16,4,16,5,3,1,0,0,0,0,0,0,0,0,0,0,0,0,0,0,0,0,0,0,4,0,16,1,16,2,17,2,18,3,19,3,19,5,20,6,20,6,21,7,22,7,22,8,21,9,21,9,21,9,22,9,22,9,22,9,22,9,22,8,22,8,23,8,23,8,23,8,23,8,24,8,25,8"
13.40813422203064,277,"CSI,924,128,83,49,21,0,7,-13,4,-13,-1,-11,-4,-9,-4,-10,-5,-12,-4,-14,-1,-19,-1,-22,-1,-20,-3,-19,-4,-18,-3,-16,-2,-15,-2,-13,-1,-11,-2,-9,-2,-6,-3,-4,-6,-3,-6,-2,-4,0,-5,3,-6,4,-7,5,-2,1,0,0,0,0,0,0,0,0,0,0,0,0,0,0,0,0,0,0,0,2,1,10,2,10,3,11,2,12,0,12,-2,7,-2,3,-1,0,1,-2,2,-3,5,-3,9,-3,11,-5,15,-6,17,-5,18,-5,21,-2,22,0,22,-1,21,-4,20,-5,20,-4,21,-3,20,-4,16,-4,13,-3"
13.466790199279785,278,"CSI,2488,128,101,81,22,0,-7,-19,-7,-20,-8,-19,-8,-19,-8,-18,-8,-18,-9,-18,-9,-19,-9,-19,-10,-19,-10,-19,-10,-18,-9,-18,-9,-18,-9,-18,-8,-18,-8,-18,-8,-18,-7,-17,-6,-16,-6,-16,-6,-15,-5,-15,-5,-14,-5,-14,-1,-4,0,0,0,0,0,0,0,0,0,0,0,0,0,0,0,0,0,0,-2,-3,-8,-12,-8,-12,-7,-13,-7,-14,-8,-14,-8,-16,-8,-16,-8,-17,-7,-17,-7,-18,-7,-18,-7,-19,-7,-20,-6,-20,-6,-20,-6,-20,-6,-20,-6,-20,-6,-19,-6,-19,-6,-19,-7,-19,-8,-20,-8,-19,-8,-19,-9,-20"
13.502262115478516,279,"CSI,0,128,-118,32,8,0,23,-7,19,-8,15,-8,12,-10,8,-12,4,-15,1,-17,-1,-19,-3,-22,-4,-24,-4,-25,-3,-26,-1,-27,1,-27,3,-25,3,-22,3,-18,2,-15,1,-13,1,-11,-1,-10,-3,-9,-4,-9,-5,-10,-6,-11,-2,-3,0,0,0,0,0,0,0,0,0,0,0,0,0,0,0,0,0,0,2,0,10,1,12,2,15,3,18,5,20,8,21,11,21,14,20,17,18,19,16,21,14,20,12,18,11,15,10,12,10,8,10,5,12,0,15,-3,19,-6,22,-8,26,-10,28,-12,30,-12,32,-11,34,-10,34,-9"
13.538166046142578,280,"CSI,0,128,-98,96,9,0,20,-14,15,-13,12,-13,8,-13,4,-14,-1,-16,-4,-18,-7,-20,-8,-22,-9,-24,-8,-25,-7,-26,-5,-26,-3,-25,-1,-23,0,-20,-1,-16,-1,-13,-2,-11,-3,-9,-5,-8,-7,-8,-8,-9,-9,-11,-9,-13,-3,-4,0,0,0,0,0,0,0,0,0,0,0,0,0,0,0,0,0,0,1,0,7,0,9,-1,11,-3,14,-3,18,-3,21,-2,24,1,26,4,26,8,25,11,23,12,21,12,18,10,16,8,14,6,12,2,11,-2,12,-7,14,-11,17,-15,19,-18,21,-21,24,-22,26,-22,29,-21,29,-21"
13.565968036651611,281,"CSI,928,128,83,49,21,0,5,14,6,11,6,5,7,1,10,0,13,0,19,-1,23,-4,22,-5,20,-1,20,0,19,2,20,4,17,3,13,1,13,1,11,2,8,2,6,1,5,0,5,-2,4,-4,3,-6,2,-6,1,-5,0,-2,0,0,0,0,0,0,0,0,0,0,0,0,0,0,0,0,0,0,-1,3,-5,14,-7,13,-8,11,-9,10,-9,7,-8,5,-6,4,-5,2,-3,3,0,4,3,5,6,8,7,10,5,13,5,17,7,21,9,23,7,22,6,23,6,24,4,25,2,27,2,25,4,24,5,23,6,21"
13.599249839782715,282,"CSI,2489,128,101,81,22,0,15,19,15,19,15,18,15,17,15,16,15,16,16,16,16,16,16,15,16,16,16,16,16,15,16,15,16,14,16,14,15,14,15,15,14,14,13,14,13,13,12,12,11,12,11,12,10,12,10,12,2,3,0,0,0,0,0,0,0,0,0,0,0,0,0,0,0,0,0,0,3,3,13,13,13,14,13,15,13,15,14,16,14,18,14,19,14,20,14,20,14,20,13,21,13,22,13,23,13,22,13,22,13,22,13,22,13,21,13,21,14,20,14,20,14,20,15,20,15,20,15,20,15,21"
13.627654075622559,283,"CSI,932,128,83,49,21,0,3,5,0,0,-4,-4,-8,-6,-10,-9,-11,-15,-12,-17,-15,-15,-15,-12,-13,-12,-11,-14,-7,-14,-7,-13,-11,-10,-10,-9,-4,-7,0,-3,1,1,3,3,4,5,3,5,4,3,4,2,2,4,0,5,0,1,0,0,0,0,0,0,0,0,0,0,0,0,0,0,0,0,0,0,-1,-4,-1,-12,0,-11,1,-12,2,-13,1,-12,1,-11,3,-9,2,-5,1,-3,2,-1,2,3,1,6,-1,8,-3,11,-3,15,0,17,3,19,5,20,6,21,5,22,4,23,5,23,7,21,7,17,5,13,5,11"
13.6910080909729,284,"CSI,2490,128,101,81,22,0,-24,10,-23,11,-23,11,-24,11,-24,12,-23,12,-22,12,-21,12,-21,13,-21,13,-21,13,-20,13,-20,13,-21,13,-21,13,-21,13,-20,12,-19,11,-19,10,-19,9,-18,9,-18,9,-17,8,-17,7,-16,7,-4,1,0,0,0,0,0,0,0,0,0,0,0,0,0,0,0,0,0,0,-4,2,-16,10,-17,10,-18,10,-19,11,-20,10,-21,10,-22,10,-23,10,-24,10,-25,10,-25,9,-25,9,-25,8,-25,8,-25,8,-26,8,-25,8,-25,8,-26,9,-26,9,-26,9,-25,9,-24,10,-25,10,-26,10,-26,10"
13.816653966903687,285,"CSI,940,128,83,49,21,0,-9,-2,-6,-1,0,1,4,4,6,7,6,11,6,12,6,9,6,10,6,14,6,16,2,14,0,12,-1,9,-3,7,-2,6,1,3,1,1,2,-1,3,-2,3,-4,2,-6,2,-6,2,-6,3,-7,0,-2,0,0,0,0,0,0,0,0,0,0,0,0,0,0,0,0,0,0,0,-3,2,-9,3,-9,5,-9,7,-8,8,-7,6,-5,4,-4,2,-4,-1,-4,-4,-4,-5,-3,-7,-3,-10,-5,-13,-5,-13,-3,-13,-3,-13,-5,-15,-7,-18,-4,-19,0,-19,-1,-20,-1,-20,-2,-19,-5,-20,-6,-20,-7"
13.849820852279663,286,"CSI,2026,128,75,-79,20,0,-6,-3,-1,0,3,4,4,8,4,13,5,14,3,15,-2,16,-3,18,1,18,4,16,3,14,-1,10,-2,8,-1,7,-2,6,-1,5,2,4,5,1,5,-1,4,-2,3,-2,4,-3,4,-3,2,-4,0,-2,0,0,0,0,0,0,0,0,0,0,0,0,0,0,0,0,0,0,-1,-3,-3,-12,1,-13,4,-11,6,-8,6,-5,4,-4,3,-4,4,-3,2,-3,0,-5,-5,-6,-9,-5,-9,-1,-11,-2,-14,-6,-13,-8,-13,-6,-16,-5,-19,-7,-19,-7,-20,-8,-20,-10,-20,-9,-20,-9,-20,-7,-20,-3"
13.87880802154541,287,"CSI,2027,128,75,-79,20,0,-5,3,-3,2,1,1,4,3,4,8,5,11,7,14,7,19,7,19,6,17,4,13,5,10,4,10,4,10,3,9,3,5,4,1,6,0,7,0,7,-1,6,-1,4,0,3,-1,3,-4,4,-4,1,-1,0,0,0,0,0,0,0,0,0,0,0,0,0,0,0,0,0,0,-3,-1,-10,-3,-9,-5,-10,-7,-9,-7,-6,-6,-4,-5,-3,-5,-3,-4,-5,-4,-7,-1,-6,0,-5,2,-7,4,-9,6,-10,7,-10,8,-10,10,-11,12,-15,12,-17,10,-17,10,-16,12,-17,11,-18,10,-18,11,-18,15"
13.913810014724731,288,"CSI,2492,128,101,81,22,0,23,9,23,8,24,8,24,7,24,6,23,6,24,6,24,6,24,5,23,5,23,5,23,5,23,4,23,4,23,4,22,5,21,5,20,6,20,6,19,5,18,5,17,5,16,5,16,5,15,6,3,1,0,0,0,0,0,0,0,0,0,0,0,0,0,0,0,0,0,0,5,1,20,4,20,4,21,5,21,6,22,6,23,8,24,9,24,9,25,10,25,10,24,11,24,12,24,13,24,12,24,12,24,12,24,12,24,12,24,11,24,10,25,10,24,10,24,10,24,10,25,9,26,10"
13.943475008010864,289,"CSI,944,128,83,49,21,0,-10,7,-7,4,-1,4,4,5,6,7,9,10,11,10,12,9,12,12,9,15,7,15,8,12,7,11,5,8,4,7,5,8,7,8,8,4,7,1,6,0,4,0,2,0,1,-1,3,-4,6,-6,1,-2,0,0,0,0,0,0,0,0,0,0,0,0,0,0,0,0,0,0,-3,-1,-11,-4,-10,-5,-9,-7,-8,-7,-6,-6,-6,-6,-5,-6,-5,-3,-4,-2,-4,-3,-5,-1,-7,1,-8,1,-10,4,-10,7,-9,7,-11,4,-13,5,-15,9,-16,11,-19,12,-22,12,-20,11,-18,12,-16,10,-15,6"
14.023522138595581,290,"CSI,948,128,83,49,21,0,2,-1,2,-5,1,-9,-1,-14,-2,-17,-2,-19,1,-20,5,-20,3,-20,1,-20,1,-21,-1,-19,-1,-17,0,-14,0,-9,-2,-6,-3,-3,-3,0,-4,3,-5,4,-4,4,-4,5,-5,5,-4,6,-2,7,-1,2,0,0,0,0,0,0,0,0,0,0,0,0,0,0,0,0,0,0,-3,-2,-11,-7,-10,-9,-7,-12,-5,-12,-4,-10,-3,-9,0,-8,1,-6,-1,-3,0,0,2,4,2,7,1,12,2,15,2,17,3,20,6,20,5,18,3,21,4,26,4,24,5,21,5,21,3,20,2,15,3,10"
14.053198099136353,291,"CSI,2493,128,101,81,22,0,-8,12,-7,12,-7,12,-7,12,-7,12,-7,12,-6,12,-6,12,-6,13,-6,13,-5,13,-5,13,-6,12,-6,12,-6,12,-6,12,-6,12,-6,11,-6,11,-6,10,-6,9,-6,9,-6,9,-6,8,-6,8,-2,2,0,0,0,0,0,0,0,0,0,0,0,0,0,0,0,0,0,0,-1,2,-4,8,-5,8,-5,9,-5,9,-6,9,-6,10,-6,10,-6,11,-7,11,-8,11,-8,11,-8,11,-8,11,-8,11,-8,11,-8,11,-8,11,-8,11,-9,11,-8,11,-8,12,-8,12,-7,12,-7,12,-8,12,-8,12"
14.12614393234253,292,"CSI,952,128,83,49,21,0,-12,-2,-7,-1,0,0,4,5,7,8,10,9,10,16,10,23,12,22,13,18,13,18,14,17,12,15,8,13,6,11,5,8,3,6,0,4,-1,0,0,-3,1,-3,0,-5,-1,-7,-1,-10,-1,-11,-1,-3,0,0,0,0,0,0,0,0,0,0,0,0,0,0,0,0,0,0,2,-2,9,-6,7,-7,9,-7,11,-5,11,-4,8,-2,5,-1,4,-2,3,-2,1,-1,-2,-1,-6,-1,-9,1,-10,-1,-13,-5,-17,-6,-19,-9,-20,-12,-21,-11,-21,-10,-23,-11,-26,-10,-26,-7,-23,-5,-21,-4,-20,-5"
14.158630132675171,293,"CSI,2494,128,101,81,22,0,18,-8,18,-8,18,-9,18,-9,18,-9,18,-9,17,-9,17,-9,17,-10,16,-10,16,-10,16,-11,16,-10,17,-10,17,-10,17,-9,16,-9,15,-8,15,-8,15,-7,15,-7,14,-6,14,-6,13,-5,13,-5,3,-1,0,0,0,0,0,0,0,0,0,0,0,0,0,0,0,0,0,0,3,-2,12,-7,13,-7,13,-7,14,-8,15,-8,15,-7,16,-7,17,-7,18,-7,19,-7,18,-7,18,-6,19,-6,19,-6,19,-6,19,-6,18,-6,19,-6,19,-7,19,-7,19,-7,19,-7,18,-7,19,-8,19,-8,20,-8"
14.228220224380493,294,"CSI,956,128,83,49,21,0,-4,6,2,3,5,1,6,-1,11,-1,16,-1,18,-4,19,-8,18,-6,17,-1,15,3,13,3,12,2,10,2,8,1,7,-1,4,-4,1,-5,-2,-4,-1,-3,1,-4,-1,-4,-2,-3,-4,-2,-5,-4,-2,-2,0,0,0,0,0,0,0,0,0,0,0,0,0,0,0,0,0,0,-1,-3,-1,-11,-2,-11,-1,-11,1,-12,4,-11,6,-11,5,-9,2,-7,1,-3,0,-1,-2,0,-4,4,-6,6,-9,7,-12,9,-14,12,-13,11,-13,12,-16,14,-17,13,-16,11,-18,10,-18,8,-16,9,-13,13,-9,10"
14.261514902114868,295,"CSI,2495,128,101,81,22,0,-6,24,-5,24,-4,24,-5,24,-5,23,-4,23,-3,23,-2,24,-2,24,-2,24,-2,24,-2,23,-2,23,-2,22,-3,22,-3,22,-3,22,-3,21,-3,20,-4,19,-4,18,-4,17,-5,16,-5,16,-5,15,-2,3,0,0,0,0,0,0,0,0,0,0,0,0,0,0,0,0,0,0,-1,4,-1,18,-1,19,-2,20,-3,21,-3,22,-3,23,-3,24,-4,24,-5,25,-7,25,-7,25,-7,25,-7,26,-7,25,-8,25,-8,25,-7,25,-7,25,-7,24,-7,24,-7,25,-6,25,-5,25,-5,25,-6,25,-6,26"
14.292155027389526,296,"CSI,2028,128,77,-47,20,0,-1,3,-3,-2,-6,-6,-6,-8,-5,-13,-6,-17,-9,-19,-13,-22,-13,-21,-9,-17,-8,-14,-6,-12,-6,-13,-6,-11,-6,-8,-5,-6,-4,-3,-3,0,-2,1,-1,2,0,5,1,5,2,6,2,7,2,6,0,1,0,0,0,0,0,0,0,0,0,0,0,0,0,0,0,0,0,0,-2,-3,-7,-11,-7,-10,-6,-11,-5,-11,-5,-10,-4,-10,-2,-7,-2,-3,-1,-2,1,1,2,4,2,6,4,8,5,10,5,11,4,15,4,19,7,20,9,21,11,22,12,23,9,24,7,22,8,15,7,12,4,15"
14.322780847549438,297,"CSI,2029,128,77,-47,20,0,0,-1,5,-4,8,-9,10,-12,11,-10,11,-9,14,-10,20,-12,18,-15,14,-14,13,-12,12,-11,10,-9,8,-6,8,-4,7,-2,4,-1,2,0,-1,1,-3,1,-4,1,-6,1,-8,4,-8,5,-6,4,-2,0,0,0,0,0,0,0,0,0,0,0,0,0,0,0,0,0,0,0,2,-1,10,-4,10,-5,12,-5,12,-3,10,-2,9,-1,9,-1,5,-2,2,0,-1,1,-5,3,-8,4,-10,3,-13,2,-16,4,-17,6,-18,5,-17,4,-19,5,-22,5,-21,5,-19,6,-20,8,-18,7,-13,4,-12,2"
14.353339195251465,298,"CSI,960,128,83,49,21,0,5,0,-2,1,-8,4,-11,5,-14,5,-18,4,-22,3,-24,1,-23,2,-21,6,-20,8,-19,6,-17,3,-14,2,-8,2,-5,2,-3,1,0,1,2,-1,5,-3,7,-4,7,-3,7,-2,6,-2,5,-2,1,-1,0,0,0,0,0,0,0,0,0,0,0,0,0,0,0,0,0,0,-5,-2,-15,-5,-12,-2,-11,-2,-12,-3,-11,-6,-8,-7,-5,-6,-3,-5,-1,-4,1,-3,3,-1,6,1,10,2,12,5,13,7,15,5,16,3,17,2,19,1,18,0,18,-2,20,-2,21,-2,18,-2,15,-3,12,-2"
14.386657953262329,299,"CSI,1564,128,-117,-78,40,0,-7,25,-6,25,-6,24,-6,24,-6,24,-5,24,-4,24,-3,24,-3,24,-3,24,-3,23,-3,23,-3,23,-3,22,-4,22,-4,22,-4,21,-4,20,-4,19,-4,18,-5,17,-5,16,-5,15,-5,15,-5,14,-2,3,0,0,0,0,0,0,0,0,0,0,0,0,0,0,0,0,0,0,-1,5,-2,20,-2,20,-3,21,-4,22,-4,23,-4,24,-5,25,-6,26,-7,26,-8,26,-8,26,-8,26,-9,27,-9,27,-9,26,-9,26,-9,26,-8,26,-9,25,-8,25,-8,25,-7,26,-7,26,-7,26,-8,26,-7,27"
14.419852018356323,300,"CSI,2496,128,101,81,22,0,-3,19,-2,19,-2,19,-2,18,-2,18,-1,18,-1,18,0,18,0,18,0,18,1,18,0,18,0,17,0,17,0,17,-1,17,-1,17,-1,16,-1,15,-2,14,-2,13,-2,13,-2,12,-2,12,-2,12,-1,2,0,0,0,0,0,0,0,0,0,0,0,0,0,0,0,0,0,0,0,3,1,14,0,15,0,16,0,16,-1,17,-1,18,-1,19,-2,19,-2,19,-3,19,-3,20,-3,20,-4,20,-4,20,-4,20,-4,20,-4,20,-4,20,-4,19,-4,19,-4,19,-3,20,-2,20,-2,20,-3,20,-2,20"
14.450502157211304,301,"CSI,964,128,83,49,21,0,-1,7,0,1,3,-4,5,-8,7,-9,9,-8,13,-10,16,-15,14,-16,12,-14,12,-12,11,-13,9,-11,8,-9,7,-9,4,-8,1,-3,0,0,-2,1,-4,0,-2,-1,0,-1,-3,0,-5,0,-4,0,-1,0,0,0,0,0,0,0,0,0,0,0,0,0,0,0,0,0,0,0,-2,-2,-6,-7,-5,-9,-2,-11,2,-13,2,-10,2,-6,2,-5,0,-4,-1,-3,-1,-1,-3,3,-7,8,-8,13,-6,15,-7,17,-9,19,-9,17,-10,16,-10,18,-8,20,-9,20,-11,17,-9,16,-7,16,-7,15,-7,15"
14.486819982528687,302,"CSI,2497,128,101,81,22,0,18,-16,18,-16,18,-16,18,-17,18,-17,17,-17,16,-17,15,-17,15,-17,15,-17,14,-17,14,-17,14,-17,14,-17,15,-16,15,-16,14,-15,13,-15,13,-14,13,-13,13,-12,12,-12,12,-11,12,-10,11,-10,2,-3,0,0,0,0,0,0,0,0,0,0,0,0,0,0,0,0,0,0,3,-4,12,-14,13,-15,14,-15,15,-15,16,-16,16,-16,17,-16,18,-16,19,-16,20,-16,21,-15,21,-15,21,-15,21,-15,21,-15,21,-15,21,-15,20,-15,21,-15,21,-16,20,-16,20,-16,19,-16,19,-16,20,-16,21,-16"
14.531132936477661,303,"CSI,968,128,83,49,21,0,-12,4,-7,3,-2,3,3,5,6,8,11,10,12,8,12,5,15,7,19,11,18,12,14,11,10,10,8,9,8,8,9,6,8,4,3,3,0,1,1,-2,2,-4,0,-6,-1,-6,-2,-3,-5,-4,-2,-2,0,0,0,0,0,0,0,0,0,0,0,0,0,0,0,0,0,0,-1,-3,1,-11,5,-12,8,-11,9,-10,8,-7,7,-5,6,-4,3,-1,3,1,1,-1,-3,-1,-8,2,-10,4,-13,2,-18,-2,-21,-4,-21,-3,-22,1,-22,3,-21,1,-22,1,-23,0,-24,-1,-24,0,-21,1,-17,3"
14.599673986434937,304,"CSI,2498,128,101,81,22,0,-15,-18,-15,-18,-15,-18,-15,-17,-15,-16,-15,-16,-16,-16,-16,-16,-16,-15,-16,-15,-16,-15,-16,-15,-16,-14,-16,-14,-16,-14,-15,-14,-14,-14,-14,-14,-13,-14,-12,-13,-12,-12,-11,-12,-11,-11,-10,-11,-9,-11,-3,-3,0,0,0,0,0,0,0,0,0,0,0,0,0,0,0,0,0,0,-4,-4,-14,-13,-14,-14,-14,-15,-15,-15,-15,-16,-15,-17,-15,-18,-15,-19,-15,-20,-15,-20,-14,-21,-14,-22,-14,-22,-14,-22,-14,-21,-14,-21,-14,-21,-14,-21,-14,-20,-14,-20,-15,-20,-15,-20,-15,-20,-15,-20,-15,-20,-16,-20"
14.635623216629028,305,"CSI,972,128,83,49,21,0,1,-9,0,-3,0,5,-2,11,-2,14,-2,17,-3,17,-4,15,-6,14,-7,16,-7,17,-5,17,-5,14,-4,11,-3,9,-2,8,-2,6,-1,2,-1,-2,1,-4,3,-4,3,-4,3,-5,4,-5,6,-5,2,-2,0,0,0,0,0,0,0,0,0,0,0,0,0,0,0,0,0,0,1,2,5,10,3,10,2,9,1,9,1,10,1,9,-1,6,-1,2,0,0,0,-2,0,-5,0,-8,-1,-8,-1,-11,0,-16,0,-19,-1,-20,1,-20,3,-21,2,-23,2,-25,1,-26,0,-25,0,-22,-2,-19,-5,-17"
14.705141067504883,306,"CSI,2499,128,101,81,22,0,-18,13,-17,13,-17,13,-17,14,-17,14,-17,14,-15,14,-15,14,-15,14,-15,14,-14,15,-14,15,-14,14,-15,14,-15,14,-14,14,-14,13,-13,12,-13,11,-13,11,-13,10,-12,10,-12,9,-12,8,-12,8,-3,2,0,0,0,0,0,0,0,0,0,0,0,0,0,0,0,0,0,0,-3,3,-12,12,-12,12,-13,12,-14,13,-15,13,-15,13,-16,13,-17,13,-18,13,-19,13,-19,13,-19,13,-19,13,-20,13,-20,12,-20,12,-20,12,-19,13,-20,13,-20,13,-19,13,-19,13,-18,13,-19,13,-19,14,-20,14"
14.737534999847412,307,"CSI,975,128,83,49,21,0,3,0,3,-2,2,-5,-1,-9,-4,-12,-4,-14,0,-18,5,-19,5,-20,2,-22,0,-21,0,-18,2,-16,3,-14,2,-10,0,-7,-3,-4,-5,-1,-4,1,-3,2,-4,2,-3,3,-3,3,-4,3,-4,4,-1,1,0,0,0,0,0,0,0,0,0,0,0,0,0,0,0,0,0,0,-3,-1,-11,-5,-9,-8,-7,-8,-6,-7,-8,-6,-7,-5,-4,-4,-1,-3,0,-2,1,1,1,5,0,7,1,9,1,13,0,17,1,16,2,16,3,18,3,19,3,19,5,19,6,19,6,18,6,15,6,15,4,13"
14.816054105758667,308,"CSI,2500,128,101,81,22,0,13,14,13,13,13,13,13,12,13,12,13,11,14,11,14,11,14,11,14,11,14,11,14,11,13,10,14,10,13,10,13,10,12,11,12,10,11,10,10,9,10,9,9,9,9,8,8,8,8,9,2,2,0,0,0,0,0,0,0,0,0,0,0,0,0,0,0,0,0,0,2,2,11,8,11,8,11,9,11,10,12,10,12,11,12,12,12,13,12,13,12,13,12,14,12,15,12,15,12,15,12,15,12,15,12,15,12,15,12,14,13,14,13,14,13,14,13,14,13,14,14,14,15,14"
14.845308065414429,309,"CSI,980,128,83,49,21,0,-7,3,-7,3,0,2,5,4,6,8,10,12,12,12,12,9,10,9,12,10,14,11,13,13,12,15,12,13,11,10,9,6,6,3,4,1,3,0,2,-1,1,-3,0,-5,0,-6,0,-7,0,-8,0,-2,0,0,0,0,0,0,0,0,0,0,0,0,0,0,0,0,0,0,2,-1,8,-5,8,-5,7,-4,7,-2,7,-1,6,0,5,1,3,-1,0,-1,-2,-1,-4,-1,-6,-1,-10,-2,-15,-4,-18,-8,-18,-10,-18,-9,-18,-7,-19,-8,-19,-9,-18,-8,-19,-7,-18,-5,-16,-3,-13,-5,-9,-6"
14.92759108543396,310,"CSI,2501,128,101,81,22,0,1,22,1,21,2,21,1,20,1,20,2,20,3,20,3,20,3,19,3,19,4,19,4,19,3,19,3,18,3,18,2,18,2,18,2,17,2,16,1,15,1,14,1,14,0,13,0,13,0,12,0,3,0,0,0,0,0,0,0,0,0,0,0,0,0,0,0,0,0,0,0,3,3,16,3,16,3,17,2,18,2,19,2,20,2,21,2,22,1,22,0,22,0,23,0,23,0,24,0,23,-1,23,-1,23,-1,23,0,23,0,23,0,22,0,22,1,22,1,23,1,22,1,22,1,23"
14.957119941711426,311,"CSI,984,128,83,49,21,0,-12,8,-10,8,-7,9,-3,12,-2,15,-3,17,-1,16,1,14,-2,14,-8,15,-9,16,-9,15,-9,12,-10,11,-12,11,-8,10,-4,8,-4,6,-2,6,3,6,5,4,4,3,4,2,5,3,6,4,1,1,0,0,0,0,0,0,0,0,0,0,0,0,0,0,0,0,0,0,-2,0,-9,2,-11,1,-11,0,-9,-1,-7,-2,-6,-2,-4,-2,-4,-2,-5,1,-5,3,-5,5,-4,10,-4,12,-5,12,-10,12,-15,10,-17,7,-19,8,-21,10,-21,12,-21,12,-22,10,-24,7,-22,6,-16,6,-9,5"
15.043645858764648,312,"CSI,2502,128,101,81,22,0,0,-23,-1,-23,-1,-23,-1,-22,-1,-22,-1,-22,-2,-22,-3,-22,-3,-22,-3,-22,-3,-21,-3,-21,-3,-21,-3,-20,-2,-20,-2,-20,-2,-20,-2,-19,-1,-18,-1,-17,0,-16,0,-16,0,-15,0,-14,0,-14,0,-4,0,0,0,0,0,0,0,0,0,0,0,0,0,0,0,0,0,0,-1,-5,-3,-18,-3,-18,-2,-19,-2,-20,-1,-21,-2,-22,-1,-23,-1,-23,0,-24,1,-24,1,-24,1,-25,1,-25,1,-25,1,-25,1,-25,1,-25,1,-24,1,-24,1,-24,1,-24,0,-24,-1,-24,0,-24,0,-24,0,-25"
15.076764822006226,313,"CSI,987,128,83,49,21,0,-12,0,-8,4,-5,7,-6,9,-4,12,-3,14,-6,18,-8,25,-7,27,-6,22,-6,18,-6,15,-7,13,-7,11,-6,9,-4,7,-2,6,0,6,2,6,3,5,5,3,6,1,6,0,6,0,5,1,1,0,0,0,0,0,0,0,0,0,0,0,0,0,0,0,0,0,0,0,-2,-2,-5,-9,-5,-11,-3,-13,0,-13,1,-12,-1,-7,-2,-6,-1,-7,0,-5,-4,-1,-7,2,-8,3,-13,1,-16,0,-18,1,-20,0,-21,-2,-20,-4,-20,-4,-20,-4,-20,-6,-22,-7,-22,-8,-22,-8,-23,-7,-22,-7"
15.104292154312134,314,"CSI,1620,128,83,49,21,0,-9,-9,-9,-10,-11,-11,-10,-9,-8,-10,-8,-10,-7,-6,-5,-1,-2,-3,-3,-5,-6,-5,-5,-3,-2,0,-1,2,1,4,1,7,0,8,0,8,0,6,-1,6,-2,8,-3,8,-4,5,-3,3,-2,3,-1,0,0,0,0,0,0,0,0,0,0,0,0,0,0,0,0,0,0,0,-1,0,-2,3,-3,4,-3,5,-4,5,-5,4,-2,3,1,3,0,2,-1,0,0,-2,3,-3,6,-2,6,-1,5,-3,6,-5,8,-8,9,-7,9,-4,12,-4,11,-4,7,-3,4,-3,0,-2,-3,-3,-5,-5,-7,-6"
15.149700164794922,315,"CSI,992,128,83,49,21,0,6,-7,1,-9,-4,-10,-8,-10,-11,-11,-12,-14,-15,-18,-16,-22,-16,-19,-16,-14,-15,-14,-11,-15,-7,-13,-6,-11,-6,-10,-4,-8,-4,-5,-4,-2,-4,0,-4,1,-2,3,0,5,-2,5,-5,5,-6,6,-2,1,0,0,0,0,0,0,0,0,0,0,0,0,0,0,0,0,0,0,0,2,1,10,0,11,-2,10,-2,9,-1,7,-1,4,-2,3,-2,2,0,0,4,0,9,-2,12,-6,14,-8,17,-6,21,-4,24,-3,23,-2,19,-1,18,0,19,2,20,3,20,3,18,-1,17,-2,15,-3,15,-5"
15.18152904510498,316,"CSI,2503,128,101,81,22,0,-7,23,-6,23,-6,23,-6,23,-6,22,-6,22,-4,22,-4,22,-4,22,-4,22,-3,22,-3,22,-3,22,-4,21,-4,21,-5,21,-4,20,-4,19,-4,19,-5,17,-5,16,-5,16,-5,15,-6,15,-5,14,-2,3,0,0,0,0,0,0,0,0,0,0,0,0,0,0,0,0,0,0,-1,5,-3,20,-4,20,-4,21,-5,22,-5,22,-5,23,-6,24,-7,25,-8,25,-9,25,-9,25,-9,25,-9,25,-9,25,-9,24,-9,24,-9,24,-9,24,-9,24,-9,24,-8,24,-8,24,-7,24,-7,24,-8,24,-8,25"
15.252120018005371,317,"CSI,996,128,83,49,21,0,0,-1,3,-4,4,-5,4,-9,3,-12,2,-14,0,-14,-1,-12,1,-13,4,-15,3,-16,-2,-16,-3,-14,-1,-9,-2,-6,-3,-5,-2,-4,-2,-2,-2,0,-1,2,0,3,-1,6,2,7,4,7,2,6,0,1,0,0,0,0,0,0,0,0,0,0,0,0,0,0,0,0,0,0,0,-4,0,-13,0,-12,2,-10,5,-8,5,-8,4,-7,3,-4,2,-2,2,0,2,2,-1,5,-3,11,-6,17,-7,16,-7,14,-8,18,-9,21,-8,18,-7,18,-7,21,-6,19,-4,18,-7,19,-8,17,-5,15,-5,16"
15.284231185913086,318,"CSI,2504,128,101,81,22,0,9,-23,9,-23,9,-23,9,-23,9,-23,8,-23,7,-23,6,-23,6,-23,6,-24,6,-24,6,-23,6,-23,6,-23,7,-22,7,-22,7,-22,7,-21,7,-20,7,-20,8,-19,8,-18,8,-17,8,-17,7,-16,1,-4,0,0,0,0,0,0,0,0,0,0,0,0,0,0,0,0,0,0,1,-5,6,-20,6,-20,7,-21,7,-21,8,-22,8,-23,9,-23,10,-24,11,-24,12,-24,12,-24,12,-24,12,-24,13,-24,12,-23,12,-23,12,-23,12,-23,12,-23,12,-23,11,-23,10,-23,10,-23,10,-23,11,-23,11,-24"
15.353048086166382,319,"CSI,1000,128,83,49,21,0,-6,-2,1,-2,7,-2,13,-3,17,-4,17,-4,18,-1,20,4,23,5,23,1,20,0,17,2,14,3,12,1,11,-2,8,-2,6,1,3,2,-2,0,-7,-2,-9,-1,-9,0,-10,2,-10,3,-8,4,-2,1,0,0,0,0,0,0,0,0,0,0,0,0,0,0,0,0,0,0,2,-1,10,0,10,2,11,4,11,5,8,8,6,9,3,8,2,7,1,8,-2,6,-5,3,-8,0,-11,-1,-13,-3,-15,-7,-18,-9,-21,-8,-21,-9,-22,-10,-24,-11,-26,-10,-25,-9,-25,-7,-22,-5,-19,-1,-18,1"
15.389370203018188,320,"CSI,2505,128,101,81,22,0,-23,-7,-22,-7,-23,-7,-23,-6,-22,-5,-22,-5,-22,-5,-22,-5,-22,-4,-22,-4,-22,-4,-22,-4,-22,-3,-22,-3,-22,-3,-22,-4,-21,-4,-20,-5,-20,-5,-19,-4,-19,-4,-18,-4,-17,-4,-17,-5,-16,-5,-4,-2,0,0,0,0,0,0,0,0,0,0,0,0,0,0,0,0,0,0,-6,-1,-21,-3,-21,-4,-22,-5,-23,-5,-23,-6,-24,-7,-24,-8,-25,-8,-25,-9,-25,-9,-25,-10,-24,-10,-24,-11,-24,-11,-24,-10,-24,-10,-24,-10,-24,-10,-23,-9,-24,-8,-24,-8,-24,-9,-24,-9,-24,-8,-25,-8,-25,-8"
15.422471046447754,321,"CSI,2030,128,77,-47,20,0,2,3,5,0,9,-6,14,-8,17,-9,16,-11,17,-8,19,-4,21,-4,21,-6,19,-7,17,-6,16,-4,13,-2,8,-2,4,-3,2,-1,0,0,-4,-2,-7,-2,-8,0,-8,0,-9,-1,-9,-1,-9,-1,-3,0,0,0,0,0,0,0,0,0,0,0,0,0,0,0,0,0,0,0,2,-2,8,-7,9,-7,8,-7,8,-5,10,-4,8,-3,4,-1,3,-1,1,-1,0,1,-3,4,-7,7,-12,6,-15,5,-17,7,-18,10,-20,9,-21,6,-23,4,-24,4,-23,7,-21,9,-21,8,-24,7,-22,8,-16,9"
15.456014156341553,322,"CSI,1568,128,-117,-78,40,0,-1,-24,-1,-24,-1,-24,-1,-24,-1,-23,-2,-23,-3,-23,-3,-23,-3,-23,-4,-23,-4,-23,-4,-23,-4,-23,-3,-22,-3,-22,-2,-22,-2,-22,-2,-21,-2,-20,-1,-19,-1,-19,-1,-18,0,-18,0,-17,0,-17,0,-4,0,0,0,0,0,0,0,0,0,0,0,0,0,0,0,0,0,0,-1,-5,-3,-20,-3,-21,-2,-22,-2,-23,-2,-23,-2,-24,-2,-26,-1,-26,0,-26,1,-26,1,-27,1,-27,1,-27,2,-27,2,-26,2,-26,1,-26,2,-26,2,-25,1,-25,1,-25,0,-25,-1,-25,0,-25,0,-25,0,-26"
15.489113092422485,323,"CSI,2031,128,77,-47,20,0,0,-1,-1,3,-1,10,-1,15,-1,16,-2,19,-2,20,0,18,-2,17,-5,17,-6,14,-7,11,-7,11,-7,10,-5,7,-4,3,-3,3,0,2,2,-3,1,-5,2,-6,3,-7,2,-8,2,-7,3,-5,1,-2,0,0,0,0,0,0,0,0,0,0,0,0,0,0,0,0,0,0,-1,3,-4,11,-5,10,-6,9,-6,7,-5,5,-4,3,-3,0,-2,-3,-2,-3,-1,-6,0,-11,0,-15,2,-16,3,-17,2,-19,3,-21,5,-20,7,-22,7,-24,8,-22,8,-19,5,-18,1,-17,0,-18,-1,-18,-6,-16"
15.519832134246826,324,"CSI,1004,128,83,49,21,0,-3,-2,-4,2,-5,6,-8,10,-10,10,-8,12,-7,12,-9,9,-12,9,-12,12,-13,13,-12,12,-8,10,-7,7,-8,6,-5,4,-2,2,0,-1,3,-3,3,-3,2,-3,2,-4,3,-5,2,-6,3,-6,1,-2,0,0,0,0,0,0,0,0,0,0,0,0,0,0,0,0,0,0,-1,2,-3,8,-5,7,-7,5,-6,5,-7,6,-6,4,-3,0,-2,-2,-3,-3,-2,-5,2,-7,5,-10,7,-12,8,-14,9,-15,12,-15,14,-15,13,-15,13,-15,14,-14,14,-15,14,-17,12,-18,8,-16,5,-11,2,-9"
15.555906057357788,325,"CSI,2506,128,101,81,22,0,12,-14,12,-14,12,-14,12,-14,12,-14,12,-14,11,-14,10,-14,10,-14,10,-14,9,-14,9,-14,9,-14,10,-13,10,-13,10,-13,10,-12,9,-12,9,-11,9,-10,9,-10,9,-9,9,-9,9,-8,8,-7,2,-2,0,0,0,0,0,0,0,0,0,0,0,0,0,0,0,0,0,0,2,-4,9,-13,10,-13,11,-13,11,-14,12,-14,12,-14,13,-14,13,-14,14,-14,15,-14,15,-14,15,-14,15,-14,15,-14,15,-14,15,-13,15,-13,15,-14,15,-14,15,-14,15,-14,14,-14,13,-14,14,-14,14,-14,14,-14"
15.58643102645874,326,"CSI,1007,128,83,49,21,0,0,6,2,7,3,10,4,13,7,12,9,10,11,11,13,10,12,9,9,9,6,9,4,11,3,10,3,6,3,3,1,-1,0,-3,1,-4,2,-3,4,-4,5,-6,4,-7,2,-6,1,-6,2,-6,0,-2,0,0,0,0,0,0,0,0,0,0,0,0,0,0,0,0,0,0,0,-3,3,-10,5,-11,7,-10,6,-7,3,-3,1,0,0,0,-2,0,-4,1,-8,2,-13,2,-14,3,-16,1,-18,-1,-19,-3,-18,-3,-17,-4,-17,-5,-17,-7,-18,-6,-16,-4,-14,-3,-11,-3,-9,-1,-10,1,-9,1"
15.621752977371216,327,"CSI,2507,128,101,81,22,0,-21,13,-21,13,-21,13,-21,13,-20,13,-19,14,-18,13,-18,13,-18,14,-18,13,-17,13,-17,13,-17,13,-17,13,-17,13,-17,12,-16,11,-15,10,-15,10,-15,9,-15,9,-14,8,-14,7,-13,6,-13,6,-3,1,0,0,0,0,0,0,0,0,0,0,0,0,0,0,0,0,0,0,-4,2,-16,10,-17,10,-17,11,-19,11,-19,11,-20,11,-20,11,-21,12,-23,12,-24,12,-24,11,-24,10,-24,10,-24,11,-24,11,-24,11,-23,11,-23,11,-23,12,-23,12,-23,13,-23,13,-22,12,-23,12,-23,12,-24,13"
15.656293153762817,328,"CSI,1011,128,83,49,21,0,-2,-1,-5,-2,-5,-4,-7,-2,-12,-1,-17,-1,-18,-3,-19,-7,-19,-6,-16,-4,-14,-3,-13,0,-11,0,-8,-1,-5,-1,-3,-1,-2,-1,-1,0,4,1,6,1,5,1,3,1,2,0,4,-2,7,-3,2,-1,0,0,0,0,0,0,0,0,0,0,0,0,0,0,0,0,0,0,-1,-2,-1,-8,0,-8,1,-7,3,-5,4,-4,4,-2,4,-1,3,3,2,6,2,6,3,7,3,8,4,10,4,13,3,13,4,13,4,13,3,13,3,14,4,13,5,13,5,11,5,8,7,8,6,5,3,0"
15.720144033432007,329,"CSI,2508,128,101,81,22,0,-4,-14,-4,-14,-4,-14,-4,-13,-4,-13,-4,-13,-5,-13,-5,-13,-5,-13,-5,-13,-5,-13,-5,-12,-5,-12,-5,-12,-5,-12,-4,-11,-4,-11,-4,-11,-4,-11,-3,-10,-3,-10,-3,-9,-3,-9,-3,-9,-2,-9,-1,-3,0,0,0,0,0,0,0,0,0,0,0,0,0,0,0,0,0,0,-1,-3,-2,-9,-2,-10,-2,-10,-2,-11,-2,-11,-2,-12,-2,-12,-2,-13,-2,-13,-2,-13,-2,-14,-2,-14,-2,-14,-2,-14,-2,-14,-2,-14,-2,-14,-2,-14,-2,-14,-2,-14,-3,-14,-3,-14,-3,-14,-3,-14,-3,-14,-3,-14"
15.827234029769897,330,"CSI,2509,128,101,81,22,0,-14,5,-13,5,-13,5,-13,5,-13,5,-13,6,-12,6,-12,6,-12,6,-12,6,-11,6,-11,6,-11,6,-11,6,-12,6,-11,6,-11,5,-10,5,-10,4,-10,4,-9,4,-9,4,-9,4,-9,3,-8,3,-2,0,0,0,0,0,0,0,0,0,0,0,0,0,0,0,0,0,0,0,-3,0,-9,3,-10,3,-10,3,-11,3,-11,3,-12,3,-12,3,-12,3,-13,3,-14,3,-14,3,-13,3,-14,3,-14,3,-14,3,-14,3,-14,3,-14,3,-14,3,-14,4,-14,4,-14,4,-13,4,-14,4,-14,4,-14,4"
15.86401891708374,331,"CSI,1020,128,83,49,21,0,-5,10,-3,8,-6,3,-10,3,-13,1,-16,-3,-13,-3,-7,1,-9,0,-14,-3,-15,-3,-15,-2,-14,0,-12,2,-10,3,-8,1,-6,-1,-4,-1,-2,-3,-2,-3,-1,-3,1,-4,0,-7,-1,-8,-1,-9,-1,-3,0,0,0,0,0,0,0,0,0,0,0,0,0,0,0,0,0,0,1,0,6,4,6,4,6,4,5,6,3,6,1,6,1,6,0,6,-1,7,-1,7,-2,9,-1,9,-1,8,-2,7,-5,6,-7,4,-8,6,-9,7,-10,9,-10,11,-8,14,-8,13,-9,11,-8,12,-7,14,-9,15"
15.945852041244507,332,"CSI,2510,128,101,81,22,0,7,-25,7,-25,7,-25,7,-24,7,-24,6,-24,5,-24,5,-25,5,-25,5,-25,4,-25,4,-25,4,-24,5,-24,5,-23,6,-23,6,-22,6,-22,6,-21,6,-20,6,-19,6,-18,6,-17,6,-16,6,-16,1,-4,0,0,0,0,0,0,0,0,0,0,0,0,0,0,0,0,0,0,0,-4,1,-16,1,-17,2,-18,3,-19,3,-19,3,-20,4,-21,4,-22,6,-22,7,-23,7,-23,7,-24,7,-24,8,-24,8,-24,8,-24,8,-24,8,-24,8,-24,8,-24,8,-24,7,-25,7,-25,7,-25,8,-25,7,-26"
16.069993019104004,333,"CSI,1028,128,83,49,21,0,-7,-3,-2,-7,2,-9,3,-11,4,-11,6,-11,8,-16,8,-19,7,-17,6,-16,7,-14,8,-13,8,-14,5,-13,3,-9,4,-6,5,-6,5,-3,4,-1,1,2,1,5,2,7,2,7,2,7,5,6,1,1,0,0,0,0,0,0,0,0,0,0,0,0,0,0,0,0,0,0,-1,1,-3,7,-3,6,-2,6,-2,5,-2,3,-3,1,-3,1,-1,0,-1,-3,-3,-5,-4,-6,-5,-8,-3,-13,-2,-15,-3,-14,-4,-13,-5,-10,-10,-9,-11,-10,-9,-13,-9,-13,-11,-10,-11,-8,-10,-7,-9,-8,-10,-8"
16.174841165542603,334,"CSI,2512,128,101,81,22,0,-20,-16,-20,-16,-21,-16,-21,-15,-20,-14,-20,-13,-20,-14,-20,-14,-20,-13,-20,-13,-20,-13,-19,-13,-19,-12,-19,-12,-18,-12,-18,-12,-17,-13,-16,-13,-15,-13,-14,-12,-13,-11,-13,-11,-12,-10,-11,-10,-10,-11,-3,-3,0,0,0,0,0,0,0,0,0,0,0,0,0,0,0,0,0,0,-5,-3,-19,-11,-19,-12,-19,-13,-20,-13,-20,-14,-21,-15,-21,-16,-22,-17,-22,-17,-22,-18,-21,-19,-21,-20,-21,-20,-21,-20,-21,-19,-21,-19,-21,-19,-21,-19,-21,-18,-21,-17,-21,-17,-22,-17,-22,-18,-22,-17,-22,-17,-24,-17"
16.276060819625854,335,"CSI,1036,128,83,49,21,0,-6,7,-6,4,-6,0,-7,-2,-8,-4,-8,-6,-9,-7,-12,-8,-11,-8,-8,-8,-8,-8,-10,-7,-11,-4,-8,-2,-6,-4,-9,-5,-7,-5,-2,-4,1,-4,2,-3,1,-4,2,-5,2,-5,2,-5,2,-7,0,-2,0,0,0,0,0,0,0,0,0,0,0,0,0,0,0,0,0,0,0,1,3,5,4,6,4,7,3,5,2,4,2,5,3,7,1,5,-2,2,-3,3,-5,3,-10,0,-11,-1,-11,0,-11,1,-12,3,-13,3,-14,4,-15,8,-14,9,-12,7,-11,9,-12,10,-12,10,-10,9,-9,6"
16.303872108459473,336,"CSI,2513,128,101,81,22,0,2,23,3,23,3,23,3,22,3,22,4,22,5,22,5,22,5,22,5,22,5,22,5,22,5,22,5,21,5,21,4,21,4,21,3,20,3,20,2,18,2,18,1,17,1,17,0,16,0,16,0,4,0,0,0,0,0,0,0,0,0,0,0,0,0,0,0,0,0,0,0,3,3,13,3,13,2,14,2,15,2,16,3,17,3,18,2,19,2,19,1,19,1,20,1,21,1,22,1,22,1,22,1,22,1,22,1,22,1,21,1,21,2,22,2,22,3,23,2,22,2,23,3,24"
16.332051992416382,337,"CSI,2033,128,77,-47,20,0,1,-9,3,-7,6,-5,7,-6,6,-7,10,-6,10,-6,5,-9,5,-8,9,-6,11,-6,9,-7,6,-6,6,-6,7,-6,5,-5,3,-2,2,-1,2,-1,3,0,3,0,4,-1,5,-2,5,-2,5,0,1,0,0,0,0,0,0,0,0,0,0,0,0,0,0,0,0,0,0,0,-1,-1,-3,-5,-4,-7,-5,-8,-5,-6,-3,-4,-2,-4,-3,-3,-2,-1,1,-2,2,-2,1,-3,3,-3,5,-3,6,-4,10,-6,11,-7,10,-9,8,-12,8,-14,9,-12,7,-12,4,-13,0,-12,-1,-13,1,-14,4,-12"
16.399839878082275,338,"CSI,2514,128,101,81,22,0,-20,-16,-20,-16,-20,-15,-20,-14,-20,-14,-20,-13,-20,-14,-20,-14,-20,-13,-20,-13,-20,-13,-20,-13,-19,-13,-20,-12,-19,-12,-18,-13,-17,-13,-16,-13,-16,-13,-15,-12,-14,-11,-13,-11,-13,-11,-12,-11,-11,-11,-3,-3,0,0,0,0,0,0,0,0,0,0,0,0,0,0,0,0,0,0,-4,-2,-16,-9,-17,-9,-17,-10,-17,-11,-18,-12,-19,-13,-19,-14,-19,-15,-19,-15,-19,-15,-19,-16,-19,-17,-19,-17,-19,-17,-19,-17,-20,-17,-20,-17,-19,-17,-19,-16,-20,-16,-20,-16,-20,-16,-21,-16,-21,-16,-21,-16,-22,-16"
16.439281225204468,339,"CSI,1572,128,-117,-78,40,0,14,13,14,13,15,13,15,12,14,12,15,12,15,12,15,12,15,11,15,11,15,11,15,11,15,11,15,11,15,11,15,11,14,11,13,11,12,11,12,10,11,10,11,10,10,9,9,9,9,9,2,2,0,0,0,0,0,0,0,0,0,0,0,0,0,0,0,0,0,0,2,1,10,7,10,8,11,9,11,9,11,10,12,11,12,12,12,12,12,13,12,13,12,14,12,14,12,15,12,15,12,14,12,14,13,14,13,14,13,14,13,13,13,13,14,14,14,14,14,14,14,14,15,14"
16.47825813293457,340,"CSI,1044,128,83,49,21,0,1,2,1,3,0,6,-4,9,-6,12,-8,13,-11,13,-14,14,-11,14,-5,14,-3,14,-3,13,-5,9,-6,8,-5,7,-5,2,-4,-1,-4,-1,-3,-3,-2,-4,-2,-5,-4,-6,-7,-8,-6,-8,-5,-7,-2,-2,0,0,0,0,0,0,0,0,0,0,0,0,0,0,0,0,0,0,-2,-2,-6,-8,-5,-9,-3,-7,-1,-4,-1,-3,-3,0,-3,1,-1,0,1,2,1,4,2,4,7,4,9,7,9,9,11,8,11,5,11,5,13,6,13,5,12,3,13,4,12,5,11,3,11,0,9,0,5,1"
16.51473617553711,341,"CSI,2515,128,101,81,22,0,-16,19,-15,19,-15,19,-16,19,-16,19,-15,19,-14,19,-14,20,-14,20,-14,20,-14,20,-14,20,-14,19,-14,19,-15,19,-15,18,-15,18,-15,17,-15,16,-15,15,-15,14,-14,13,-14,12,-14,11,-14,10,-4,2,0,0,0,0,0,0,0,0,0,0,0,0,0,0,0,0,0,0,-3,3,-10,13,-10,13,-11,13,-12,14,-13,14,-13,15,-13,15,-14,15,-15,16,-16,16,-16,16,-16,16,-16,16,-16,16,-16,16,-16,16,-16,16,-16,16,-17,17,-17,17,-16,17,-15,18,-15,18,-16,18,-17,19,-17,19"
16.57896113395691,342,"CSI,1047,128,83,49,21,0,2,-6,4,-14,6,-16,9,-15,10,-14,11,-16,10,-21,7,-18,10,-12,13,-10,13,-7,12,-5,10,-7,7,-8,4,-5,1,-2,-2,-1,-4,-2,-6,-6,-5,-7,-7,-6,-9,-6,-8,-7,-7,-6,-8,-5,-2,-1,0,0,0,0,0,0,0,0,0,0,0,0,0,0,0,0,0,0,-1,1,-3,8,-3,8,-4,8,-4,6,-3,6,-2,6,0,4,3,3,5,5,4,6,5,7,6,8,8,8,12,8,13,8,13,11,12,12,12,13,11,15,12,16,16,16,15,15,10,15,8,10,7,5,4,3"
16.616338968276978,343,"CSI,2516,128,101,81,22,0,-23,7,-23,7,-23,7,-23,8,-23,8,-22,8,-22,8,-22,8,-22,9,-22,9,-21,9,-21,9,-22,9,-22,9,-22,8,-22,8,-21,7,-20,6,-20,6,-19,6,-19,5,-18,5,-18,4,-17,4,-17,3,-4,0,0,0,0,0,0,0,0,0,0,0,0,0,0,0,0,0,0,0,-4,1,-14,5,-14,5,-15,5,-16,5,-17,5,-18,5,-18,5,-19,5,-20,5,-21,5,-21,4,-21,4,-21,3,-21,4,-22,4,-22,4,-22,4,-22,4,-22,5,-23,6,-23,6,-22,6,-22,6,-23,6,-24,6,-24,7"
16.683188915252686,344,"CSI,1051,128,83,49,21,0,-7,8,0,8,6,7,10,6,13,8,15,11,18,13,21,14,23,15,23,15,20,13,16,12,14,11,12,9,8,8,6,7,6,5,5,2,4,-1,4,-4,3,-7,1,-10,1,-11,1,-12,1,-11,0,-3,0,0,0,0,0,0,0,0,0,0,0,0,0,0,0,0,0,0,-2,-2,-7,-7,-8,-8,-10,-8,-10,-10,-9,-12,-6,-12,-3,-10,0,-7,0,-4,-3,-3,-5,0,-6,4,-6,6,-8,9,-12,10,-15,11,-17,13,-19,15,-19,15,-19,16,-21,15,-23,14,-24,13,-23,12,-19,10,-16,9"
16.734396934509277,345,"CSI,2517,128,101,81,22,0,15,-12,15,-12,15,-12,15,-13,15,-13,14,-13,14,-13,13,-13,13,-13,13,-13,13,-13,12,-13,13,-13,13,-13,13,-13,13,-12,13,-12,12,-11,12,-10,12,-10,12,-9,11,-9,11,-8,11,-7,10,-7,2,-2,0,0,0,0,0,0,0,0,0,0,0,0,0,0,0,0,0,0,2,-3,10,-10,10,-10,11,-10,12,-10,12,-10,12,-11,13,-11,14,-11,15,-11,15,-11,16,-11,16,-10,16,-11,16,-11,16,-11,16,-11,16,-11,16,-11,16,-11,16,-12,16,-12,16,-12,15,-12,16,-12,16,-12,17,-13"
16.762943029403687,346,"CSI,1685,128,83,49,21,0,11,-12,13,-11,13,-11,13,-12,10,-12,8,-11,4,-9,-1,-6,-1,-3,-1,-3,-2,-6,-1,-6,-2,-3,-4,-1,-6,0,-5,0,-5,1,-5,1,-5,0,-6,-1,-6,-1,-5,-1,-4,0,-3,1,-2,1,-1,0,0,0,0,0,0,0,0,0,0,0,0,0,0,0,0,0,0,0,-2,-1,-7,-4,-6,-4,-5,-4,-4,-5,-3,-3,-1,-2,-1,-2,-1,-3,1,-1,2,3,2,4,2,6,2,9,2,11,3,12,2,14,-1,15,-1,15,1,16,2,12,4,7,4,8,3,6,2,0,4,-6,6,-8"
16.8435640335083,347,"CSI,2518,128,101,81,22,0,-10,15,-10,15,-10,15,-10,15,-10,15,-9,15,-8,15,-8,15,-8,15,-8,15,-8,15,-8,15,-8,14,-8,14,-8,14,-8,14,-8,13,-8,13,-8,12,-8,11,-8,11,-8,10,-8,10,-8,9,-7,8,-2,2,0,0,0,0,0,0,0,0,0,0,0,0,0,0,0,0,0,0,-2,3,-6,12,-6,13,-7,13,-8,14,-8,14,-8,15,-9,15,-9,15,-10,15,-11,15,-12,15,-12,15,-12,15,-12,15,-12,15,-12,15,-12,15,-11,15,-12,15,-12,15,-11,15,-11,15,-10,15,-11,15,-11,15,-11,16"
16.89127802848816,348,"CSI,1060,128,83,49,21,0,-9,0,-8,6,-7,11,-8,14,-10,17,-11,17,-12,19,-14,23,-14,21,-14,14,-13,9,-12,10,-12,11,-11,8,-8,4,-5,3,-2,5,0,6,2,5,6,6,7,7,7,6,7,6,7,6,6,7,1,2,0,0,0,0,0,0,0,0,0,0,0,0,0,0,0,0,0,0,0,-4,1,-14,3,-11,2,-10,2,-11,4,-12,3,-11,0,-8,-1,-5,-2,-3,-6,-4,-10,-5,-11,-5,-12,-8,-15,-11,-18,-12,-21,-14,-20,-16,-17,-16,-17,-18,-19,-18,-19,-17,-16,-17,-14,-17,-14,-13,-14,-11,-16,-9"
16.94927215576172,349,"CSI,2519,128,101,81,22,0,18,5,18,5,18,5,18,4,18,3,18,3,18,3,18,3,17,2,17,2,17,2,16,2,16,2,16,2,16,2,16,2,15,3,14,3,14,2,13,2,12,2,12,2,11,2,11,2,10,3,2,0,0,0,0,0,0,0,0,0,0,0,0,0,0,0,0,0,0,0,3,0,15,1,15,1,16,2,17,2,17,3,18,3,19,4,19,5,20,5,20,5,20,6,20,7,19,7,19,7,19,7,19,7,19,7,19,7,19,6,20,6,20,5,19,6,19,6,19,6,20,6,21,5"
16.990997076034546,350,"CSI,1064,128,83,49,21,0,-4,5,-2,7,2,8,9,8,11,11,10,14,11,18,15,23,17,23,13,21,10,20,7,20,6,19,5,16,3,13,0,9,0,7,2,4,5,1,7,2,9,2,10,1,10,0,9,-3,9,-4,2,-2,0,0,0,0,0,0,0,0,0,0,0,0,0,0,0,0,0,0,-3,0,-10,1,-9,-3,-9,-6,-10,-6,-9,-5,-6,-7,-6,-8,-7,-7,-8,-5,-6,-1,-5,0,-6,1,-5,3,-5,5,-9,8,-14,11,-16,12,-17,12,-19,14,-20,16,-23,15,-26,12,-26,13,-25,12,-22,10,-17,12"
17.074995040893555,351,"CSI,2520,128,101,81,22,0,14,-17,13,-17,13,-17,13,-17,13,-17,12,-17,11,-17,10,-18,10,-18,9,-18,9,-18,9,-18,9,-18,9,-17,9,-17,9,-17,9,-16,8,-15,8,-15,8,-14,8,-13,8,-13,8,-12,7,-11,7,-11,1,-3,0,0,0,0,0,0,0,0,0,0,0,0,0,0,0,0,0,0,2,-4,10,-16,11,-16,12,-16,13,-17,14,-17,14,-17,15,-18,16,-18,17,-18,18,-17,18,-17,18,-17,18,-17,18,-17,18,-17,18,-16,17,-16,17,-17,17,-17,17,-17,17,-17,16,-17,15,-17,15,-17,15,-17,16,-16"
17.105560064315796,352,"CSI,1068,128,83,49,21,0,-3,8,1,8,3,8,4,9,8,8,12,7,13,7,17,9,17,10,12,11,7,13,5,15,6,15,7,12,8,10,7,9,6,7,7,5,5,1,5,-2,6,-2,6,-3,6,-4,7,-4,8,-4,2,-1,0,0,0,0,0,0,0,0,0,0,0,0,0,0,0,0,0,0,-3,-1,-9,-2,-8,-4,-10,-2,-11,-1,-10,-1,-8,-1,-6,-1,-5,-1,-4,0,-4,4,-5,7,-5,9,-6,9,-8,11,-8,15,-8,18,-9,17,-12,15,-16,14,-18,14,-19,15,-18,16,-16,13,-15,8,-15,8,-16,10"
17.1770281791687,353,"CSI,2521,128,101,81,22,0,15,9,15,9,15,8,15,8,15,7,15,7,15,7,15,7,15,6,15,6,15,6,14,6,14,6,15,5,15,5,14,6,13,6,13,6,12,6,12,5,11,5,11,5,10,5,10,5,9,5,2,1,0,0,0,0,0,0,0,0,0,0,0,0,0,0,0,0,0,0,3,1,13,5,13,5,13,5,14,6,14,6,15,7,15,8,15,9,15,9,15,9,15,10,15,11,15,11,15,11,15,11,15,11,15,11,15,11,15,10,15,9,15,9,15,10,16,10,16,10,16,9,17,9"
17.208675146102905,354,"CSI,1072,128,83,49,21,0,-16,7,-14,9,-12,11,-11,13,-12,15,-13,17,-15,15,-16,9,-17,8,-17,13,-15,13,-13,11,-12,11,-12,10,-13,8,-10,6,-5,5,-3,5,-5,5,-5,6,-6,7,-4,6,-2,5,-2,4,0,5,0,1,0,0,0,0,0,0,0,0,0,0,0,0,0,0,0,0,0,0,-3,-1,-12,-4,-11,-4,-11,-4,-9,-4,-7,-4,-6,-5,-7,-3,-6,0,-7,2,-8,3,-10,3,-12,4,-15,5,-18,5,-21,5,-23,4,-24,3,-23,1,-25,0,-26,0,-24,1,-19,0,-18,-1,-19,0,-17,1,-14,0"
17.2555730342865,355,"CSI,1704,128,83,49,21,0,17,4,22,9,21,12,19,11,18,10,14,9,12,5,15,2,13,3,6,3,3,-1,2,-3,0,-3,0,-4,0,-7,0,-9,-1,-8,0,-8,-1,-8,-1,-7,0,-5,1,-4,0,-4,0,-4,0,-3,0,-1,0,0,0,0,0,0,0,0,0,0,0,0,0,0,0,0,0,0,-1,-2,0,-8,2,-9,3,-9,1,-7,-1,-5,-1,-5,0,-5,0,-5,-2,-1,-3,1,-4,2,-8,4,-11,8,-12,10,-13,12,-15,12,-16,11,-18,9,-16,8,-13,9,-11,11,-10,11,-6,6,-3,3,2,3,9,1"
17.295837879180908,356,"CSI,1075,128,83,49,21,0,8,8,12,6,14,4,16,3,19,2,23,2,21,0,19,-5,20,-4,21,2,21,3,20,2,18,0,14,-1,12,0,10,0,6,-3,3,-7,3,-10,2,-9,0,-8,0,-10,0,-10,-1,-10,0,-11,0,-3,0,0,0,0,0,0,0,0,0,0,0,0,0,0,0,0,0,0,-3,0,-12,3,-15,2,-14,1,-11,3,-9,4,-9,2,-7,1,-4,3,-2,5,-3,7,-5,10,-5,14,-3,17,1,19,4,21,6,23,4,24,1,26,-1,28,-3,28,-3,27,-3,27,-4,25,-7,22,-8,19,-7,12"
17.358277082443237,357,"CSI,1708,128,83,49,21,0,-5,-19,-4,-19,-4,-18,-2,-19,1,-19,1,-17,-1,-12,-3,-8,-2,-6,-1,-6,-1,-5,-3,-5,-5,-3,-5,-1,-5,0,-5,-1,-6,-4,-5,-5,-5,-3,-4,-2,-4,-2,-4,-3,-4,-2,-4,-1,-2,0,-1,0,0,0,0,0,0,0,0,0,0,0,0,0,0,0,0,0,0,0,2,0,7,3,5,3,4,5,5,6,4,7,3,4,3,2,1,1,0,0,2,-2,4,-6,4,-7,6,-9,8,-12,9,-13,10,-14,10,-14,10,-12,11,-9,10,-7,7,-6,6,-6,7,-8,2,-9,-4,-10,-7,-12"
17.398717880249023,358,"CSI,1080,128,83,49,21,0,4,7,8,4,11,1,13,-2,14,-4,18,-3,20,-1,19,0,20,0,23,-1,21,0,18,2,17,2,15,1,11,-1,8,0,5,0,4,-3,3,-6,3,-6,1,-7,-2,-8,-3,-10,-1,-11,0,-11,0,-3,0,0,0,0,0,0,0,0,0,0,0,0,0,0,0,0,0,0,-3,1,-11,3,-11,-1,-11,-4,-10,-6,-10,-7,-8,-5,-6,-1,-3,2,-2,4,-1,6,-1,8,0,10,0,13,-2,17,-4,19,-5,20,-4,21,-5,22,-5,22,-5,23,-6,22,-7,19,-9,17,-8,17,-5,17,-2,17"
17.505873918533325,359,"CSI,1084,128,83,49,21,0,-11,-7,-12,-4,-13,-1,-12,1,-16,3,-20,5,-23,2,-25,-3,-25,-3,-24,0,-23,-1,-20,-1,-18,-2,-16,-3,-11,-4,-8,-3,-7,-2,-5,0,-4,2,-3,4,-2,5,-2,6,-2,6,-2,6,-2,7,-1,1,0,0,0,0,0,0,0,0,0,0,0,0,0,0,0,0,0,0,2,-4,7,-11,6,-8,5,-7,4,-8,4,-9,4,-6,4,-4,4,-5,4,-7,3,-9,-1,-12,-6,-15,-7,-15,-7,-16,-9,-19,-10,-22,-9,-22,-6,-23,-4,-23,-4,-24,-6,-26,-6,-25,-4,-22,-4,-21,-6,-19,-7,-16"
17.604156255722046,360,"CSI,1088,128,83,49,21,0,10,-6,9,-5,8,-5,10,-7,12,-11,13,-13,18,-14,22,-14,17,-14,12,-14,12,-13,13,-10,11,-10,8,-10,6,-8,4,-6,1,-6,-2,-7,-5,-6,-2,-5,-3,-7,-7,-8,-8,-7,-6,-5,-4,-3,-1,-1,0,0,0,0,0,0,0,0,0,0,0,0,0,0,0,0,0,0,-3,2,-11,8,-10,6,-11,2,-7,0,-5,1,-4,1,-1,-1,2,-2,3,-1,4,1,8,5,10,8,11,11,10,13,10,16,11,19,10,20,7,19,7,19,7,20,7,20,6,19,5,18,6,15,8,10,10,10"
17.70967197418213,361,"CSI,1092,128,83,49,21,0,-10,-3,-8,1,-7,7,-6,12,-7,15,-6,17,-6,18,-5,17,-7,13,-11,11,-12,10,-14,10,-16,13,-13,13,-10,11,-8,8,-4,5,1,3,2,2,1,3,3,4,5,5,6,5,7,6,6,6,1,1,0,0,0,0,0,0,0,0,0,0,0,0,0,0,0,0,0,0,-1,-3,-2,-9,0,-10,1,-11,1,-10,1,-9,3,-8,4,-5,1,-3,-3,-3,-8,-2,-9,-3,-9,-3,-10,-3,-12,-5,-16,-7,-19,-7,-18,-8,-17,-8,-18,-7,-20,-8,-21,-10,-19,-11,-20,-13,-20,-15,-18,-15,-17,-12"
17.810713052749634,362,"CSI,1096,128,83,49,21,0,-10,8,-6,10,-3,12,1,12,4,12,5,17,8,20,11,19,9,18,7,17,6,17,5,18,2,17,1,16,2,15,2,12,1,10,0,8,2,7,5,6,6,2,6,1,8,1,9,1,10,-1,2,-1,0,0,0,0,0,0,0,0,0,0,0,0,0,0,0,0,0,0,-3,-1,-10,-3,-10,-5,-10,-6,-10,-7,-9,-9,-7,-8,-6,-7,-6,-4,-6,0,-7,5,-8,7,-11,8,-12,9,-13,11,-17,12,-18,14,-18,13,-19,10,-22,12,-24,14,-22,14,-21,14,-22,12,-23,11,-23,9,-21,6"
17.915110111236572,363,"CSI,1100,128,83,49,21,0,-14,4,-13,8,-12,12,-10,16,-9,18,-11,17,-13,16,-16,13,-16,12,-15,12,-15,10,-11,8,-9,7,-9,8,-8,10,-6,10,-4,8,0,6,3,7,2,11,3,12,5,11,5,9,6,8,6,9,1,2,0,0,0,0,0,0,0,0,0,0,0,0,0,0,0,0,0,0,-3,-2,-8,-9,-6,-11,-6,-13,-5,-13,-2,-12,-3,-9,-5,-6,-5,-5,-6,-2,-9,1,-13,2,-16,2,-19,1,-20,-3,-21,-5,-24,-5,-25,-7,-27,-9,-28,-11,-25,-11,-23,-10,-23,-8,-21,-8,-19,-8,-19,-6,-20,-6"
18.01446008682251,364,"CSI,1104,128,83,49,21,0,-2,7,1,13,4,15,6,15,7,15,7,17,3,19,-1,17,-1,19,2,20,5,17,5,14,3,12,1,8,0,5,2,5,3,5,4,2,5,-1,6,-1,8,-2,9,-3,10,-3,8,-3,6,-3,1,-1,0,0,0,0,0,0,0,0,0,0,0,0,0,0,0,0,0,0,-2,-4,-7,-12,-6,-12,-5,-11,-3,-9,-3,-7,-2,-5,-2,-3,-4,-1,-4,2,-5,5,-8,7,-10,8,-13,7,-16,7,-19,9,-22,10,-22,8,-20,7,-19,6,-19,3,-19,1,-17,-1,-14,0,-12,1,-11,4,-9,7"
18.116839170455933,365,"CSI,1108,128,83,49,21,0,1,10,-2,15,-1,19,0,20,0,21,2,20,0,18,-6,16,-7,15,-5,15,-5,13,-2,10,0,6,0,2,0,-2,1,-4,1,-4,1,-6,2,-9,4,-11,3,-11,2,-9,2,-7,0,-7,-2,-8,-1,-2,0,0,0,0,0,0,0,0,0,0,0,0,0,0,0,0,0,0,0,2,0,12,-1,13,0,12,2,10,1,8,0,5,-1,2,-2,-3,0,-7,2,-10,4,-12,4,-15,4,-19,6,-22,4,-24,3,-23,4,-21,1,-21,-1,-22,1,-21,3,-17,3,-12,3,-11,0,-10,-2,-7,-3,-3"
18.219430208206177,366,"CSI,1112,128,83,49,21,0,-3,4,-2,0,0,-6,2,-12,5,-18,7,-22,8,-21,6,-19,7,-21,9,-24,9,-24,9,-21,7,-16,4,-11,1,-9,1,-8,1,-4,0,1,-2,5,-1,8,-2,8,-5,9,-5,9,-4,10,-5,12,-2,3,0,0,0,0,0,0,0,0,0,0,0,0,0,0,0,0,0,0,-1,-3,0,-10,3,-10,4,-11,3,-12,3,-10,3,-10,1,-10,0,-6,1,-3,-3,-1,-8,5,-11,9,-13,9,-14,11,-15,12,-14,15,-14,16,-15,18,-15,19,-15,19,-14,20,-13,20,-13,17,-10,15,-7,13,-9,10"
18.28116202354431,367,"CSI,1745,128,83,49,21,0,17,-10,16,-11,15,-11,15,-11,15,-9,13,-8,10,-11,11,-13,9,-8,6,-4,3,-4,-1,-3,-2,-1,-4,-1,-8,-2,-11,-2,-12,-2,-12,-1,-10,1,-9,0,-9,-2,-7,-4,-7,-4,-6,-3,-5,0,-2,0,0,0,0,0,0,0,0,0,0,0,0,0,0,0,0,0,0,0,-1,-2,-4,-7,-3,-7,-3,-6,-3,-5,-3,-7,-3,-9,-3,-7,-3,-4,-2,-2,1,0,2,5,-1,9,-2,11,-3,12,-6,12,-7,12,-7,12,-5,13,-4,14,-3,12,-3,8,-3,6,-2,4,2,-1,6,-4,8,-5"
18.319748163223267,368,"CSI,1115,128,83,49,21,0,1,-7,-2,-6,-5,-7,-6,-10,-6,-12,-5,-13,-3,-11,-2,-8,-3,-9,-4,-12,-2,-13,-1,-14,-3,-11,-1,-8,1,-6,-2,-4,-5,-2,-5,0,-5,1,-8,0,-7,0,-6,2,-7,4,-8,3,-7,0,-2,-1,0,0,0,0,0,0,0,0,0,0,0,0,0,0,0,0,0,0,0,1,1,6,3,7,5,6,4,5,2,3,2,1,4,0,6,-1,6,-4,6,-6,9,-6,13,-7,15,-11,16,-13,18,-9,18,-2,17,1,16,0,16,-1,16,-2,12,-3,7,-4,6,-3,8,-2,7,-6,5,-9"
18.422930002212524,369,"CSI,1120,128,83,49,21,0,-4,5,-7,3,-7,3,-7,4,-7,3,-9,0,-10,-1,-14,-1,-16,1,-15,4,-12,3,-11,4,-10,4,-7,3,-5,2,-6,4,-6,3,-5,1,-5,-1,-4,-3,-4,-4,-4,-4,-4,-3,-1,-5,1,-6,0,-2,0,0,0,0,0,0,0,0,0,0,0,0,0,0,0,0,0,0,0,-2,3,-6,2,-6,2,-7,3,-7,4,-6,5,-4,6,-1,4,1,1,4,-1,7,1,10,5,11,5,12,2,14,0,14,0,15,1,16,2,15,2,15,4,14,6,11,5,8,3,7,0,8,1,9,3,11"
18.62891912460327,370,"CSI,1128,128,83,49,21,0,-6,12,-7,12,-5,11,-4,11,-7,7,-8,4,-9,1,-13,0,-16,2,-15,6,-13,8,-12,7,-12,6,-11,5,-9,4,-6,3,-6,1,-5,2,-4,2,-4,1,-4,0,-5,-1,-5,-1,-5,-1,-5,0,-2,0,0,0,0,0,0,0,0,0,0,0,0,0,0,0,0,0,0,0,-1,2,-1,10,0,10,0,9,-1,9,-1,8,-1,4,-3,3,-5,3,-4,2,-5,4,-8,6,-10,6,-11,4,-13,2,-13,-1,-12,0,-12,3,-11,4,-10,5,-9,7,-10,8,-9,8,-7,7,-4,9,-4,8,-7,8"
18.729825973510742,371,"CSI,1132,128,83,49,21,0,5,-10,4,-5,5,-2,7,-1,8,1,7,3,5,5,5,8,8,10,11,10,12,9,13,8,12,6,8,4,7,3,7,3,5,2,3,2,1,3,-1,3,-2,1,-2,2,-1,4,-3,4,-5,3,-2,0,0,0,0,0,0,0,0,0,0,0,0,0,0,0,0,0,0,0,-2,0,-7,-1,-7,-5,-3,-7,-1,-6,-2,-5,0,-6,0,-5,-1,-4,0,-4,1,-3,1,-4,2,-5,4,-6,5,-5,4,-3,5,-3,7,-3,9,-4,12,-5,13,-4,13,-4,13,-9,13,-12,10,-13,6,-14,5,-15"
18.83523988723755,372,"CSI,1136,128,83,49,21,0,-14,3,-11,1,-9,-1,-11,-3,-10,-4,-6,-8,-6,-14,-9,-21,-11,-19,-10,-13,-9,-11,-10,-11,-10,-10,-8,-9,-5,-8,-4,-8,-4,-7,-4,-4,-2,-3,1,-5,2,-5,0,-4,-1,-5,2,-6,4,-7,1,-2,0,0,0,0,0,0,0,0,0,0,0,0,0,0,0,0,0,0,0,2,3,9,3,8,2,8,-1,9,-1,8,1,6,0,4,-2,5,-3,4,-5,2,-8,1,-9,0,-10,-2,-13,-2,-15,1,-15,1,-14,2,-13,3,-14,2,-16,2,-16,4,-14,4,-13,3,-13,7,-15,11,-15,9"
18.938042163848877,373,"CSI,1140,128,83,49,21,0,-6,-5,-3,-5,1,-4,4,-6,5,-8,5,-8,8,-13,9,-16,6,-16,2,-16,2,-16,4,-15,5,-15,1,-13,-2,-9,1,-5,3,-4,2,-3,2,-1,4,-1,5,-2,3,1,4,3,5,1,7,-1,1,-1,0,0,0,0,0,0,0,0,0,0,0,0,0,0,0,0,0,0,-3,1,-9,6,-9,4,-10,1,-11,-1,-9,-3,-7,-5,-7,-5,-7,-4,-7,-5,-6,-8,-4,-10,-5,-12,-4,-18,-2,-21,-1,-20,-1,-19,-2,-17,-4,-17,-7,-17,-6,-17,-4,-17,-4,-14,-6,-12,-7,-12,-9,-9,-10,-7"
19.033889055252075,374,"CSI,1144,128,83,49,21,0,7,2,8,2,7,3,7,5,6,6,6,7,10,7,15,9,14,9,10,9,8,10,8,9,9,9,8,6,6,4,5,6,4,6,2,3,1,1,-2,2,-3,3,-2,3,-2,3,-3,5,-2,6,0,1,0,0,0,0,0,0,0,0,0,0,0,0,0,0,0,0,0,0,0,-2,1,-8,2,-10,4,-10,4,-8,5,-5,6,-4,5,-2,8,-1,9,0,7,0,10,1,14,1,14,1,12,1,13,1,13,1,11,2,10,2,11,3,13,4,15,3,16,-2,13,-4,13,-4,14,-4,12,-3"
19.139057159423828,375,"CSI,1147,128,83,49,21,0,-3,4,-1,1,-3,-4,-6,-9,-4,-10,-2,-10,-1,-16,0,-22,-3,-19,-7,-17,-7,-15,-5,-12,-3,-10,-3,-8,-5,-7,-4,-5,-1,-3,0,-2,-1,1,0,1,3,0,5,0,4,2,3,3,2,4,0,1,0,0,0,0,0,0,0,0,0,0,0,0,0,0,0,0,0,0,1,-2,3,-8,2,-8,4,-7,6,-6,6,-5,4,-4,2,-3,1,0,1,3,0,4,0,6,-2,8,-5,8,-7,9,-8,10,-10,12,-11,13,-10,14,-8,14,-6,14,-6,14,-6,11,-4,10,-3,12,-3,11,-1,12"
19.241660118103027,376,"CSI,1151,128,83,49,21,0,-1,-3,-6,-3,-9,-2,-10,0,-13,2,-14,3,-16,1,-20,-5,-20,-6,-17,-1,-13,2,-12,2,-11,0,-8,-2,-6,-2,-4,-2,-1,-2,1,-1,2,-3,4,-4,6,-3,5,-4,4,-5,6,-5,8,-4,2,-1,0,0,0,0,0,0,0,0,0,0,0,0,0,0,0,0,0,0,-2,-2,-8,-8,-9,-9,-7,-8,-4,-8,-3,-6,-4,-3,-2,0,-1,1,0,3,3,5,7,6,11,8,15,9,16,11,18,15,18,16,14,14,13,13,12,13,12,13,14,12,13,8,8,4,8,2,5,1,0,-1"
19.344804048538208,377,"CSI,1156,128,83,49,21,0,2,-1,-4,-4,-5,-6,-7,-7,-11,-8,-11,-9,-12,-8,-15,-6,-14,-8,-11,-12,-9,-13,-8,-14,-9,-13,-10,-10,-8,-7,-5,-4,-5,-2,-3,-1,0,2,0,4,1,4,2,3,1,4,1,6,1,7,0,1,0,0,0,0,0,0,0,0,0,0,0,0,0,0,0,0,0,0,-3,-2,-11,-6,-10,-3,-10,-2,-9,-2,-8,-2,-7,-2,-7,-1,-5,-1,-2,0,2,3,3,4,4,5,7,7,9,7,9,10,11,13,13,15,13,17,12,15,13,13,13,14,12,14,11,13,10,11,9,10,8,12"
19.447519063949585,378,"CSI,1160,128,83,49,21,0,3,-1,3,2,3,5,6,7,7,9,5,14,5,16,6,11,7,11,7,13,7,11,6,8,5,6,3,7,1,7,0,5,-1,0,-3,-3,-4,-3,-3,-4,-6,-5,-8,-4,-6,-2,-6,-1,-6,-1,-2,-1,0,0,0,0,0,0,0,0,0,0,0,0,0,0,0,0,0,0,-1,1,-4,7,-5,7,-6,7,-4,7,-4,6,-6,4,-6,2,-1,0,2,-2,2,-7,1,-12,1,-12,3,-11,3,-14,3,-20,5,-23,5,-22,5,-20,5,-20,3,-21,3,-23,2,-25,2,-23,2,-21,0,-18,-2,-16"
19.550713062286377,379,"CSI,1164,128,83,49,21,0,-5,-7,0,-4,4,3,7,8,9,9,10,9,11,9,11,8,10,9,12,14,12,13,10,11,10,8,11,5,9,2,6,3,3,4,0,1,-2,0,-5,-1,-5,-2,-5,-3,-7,-4,-8,-4,-7,-3,-2,-1,0,0,0,0,0,0,0,0,0,0,0,0,0,0,0,0,0,0,0,2,0,8,-1,9,-3,11,-4,12,-4,12,-4,11,-6,8,-8,4,-7,1,-5,0,-5,-1,-3,-4,-1,-8,1,-10,1,-12,1,-17,2,-20,2,-20,0,-22,-3,-24,-4,-26,-3,-25,-3,-23,-5,-21,-6,-18,-7,-20"
19.654258966445923,380,"CSI,1168,128,83,49,21,0,-4,3,-7,3,-6,-2,-6,-7,-7,-8,-9,-10,-11,-13,-14,-10,-14,-9,-11,-11,-10,-9,-9,-6,-9,-6,-8,-8,-7,-6,-5,-3,-3,-3,-1,-4,1,-4,2,-4,2,-3,2,-4,4,-5,5,-6,6,-6,1,-2,0,0,0,0,0,0,0,0,0,0,0,0,0,0,0,0,0,0,2,-1,10,-2,10,-3,9,-2,8,-3,7,-3,7,1,4,3,1,2,0,1,-1,3,-2,5,-4,5,-8,5,-11,6,-13,8,-12,10,-14,12,-13,12,-10,13,-8,14,-10,15,-10,15,-7,14,-6,15,-6,15,-5,13"
19.85879111289978,381,"CSI,1176,128,83,49,21,0,-4,5,2,2,7,0,8,-4,8,-6,10,-7,15,-6,22,-7,21,-9,19,-8,19,-8,18,-8,14,-6,13,-5,15,-5,11,-3,5,0,1,0,-1,0,-2,2,-3,3,-5,2,-6,1,-6,0,-7,-1,-2,-1,0,0,0,0,0,0,0,0,0,0,0,0,0,0,0,0,0,0,0,-3,1,-13,1,-14,-1,-14,-1,-13,1,-10,2,-7,2,-4,3,-3,2,-3,0,-2,-1,0,-1,2,-1,7,-3,9,-8,9,-12,12,-13,15,-12,13,-14,12,-16,12,-17,12,-17,14,-17,12,-18,11,-16,10,-12,10"
19.95968985557556,382,"CSI,1180,128,83,49,21,0,-4,4,-1,0,1,-4,3,-5,8,-4,14,-5,13,-4,9,-2,14,-3,20,-5,21,-8,20,-8,17,-6,14,-6,11,-7,9,-8,7,-5,5,-1,1,-1,-2,-2,-3,0,-5,1,-6,2,-7,2,-6,2,-2,0,0,0,0,0,0,0,0,0,0,0,0,0,0,0,0,0,0,0,1,-2,5,-6,8,-5,9,-4,8,-5,6,-4,6,-3,7,0,7,5,7,5,3,4,-1,5,-2,4,-6,3,-11,5,-14,6,-17,6,-18,3,-18,2,-19,4,-22,4,-25,4,-26,6,-23,5,-20,6,-18,10,-14,8"
20.063558101654053,383,"CSI,1184,128,83,49,21,0,4,6,1,3,-4,0,-6,-6,-8,-12,-10,-16,-12,-20,-13,-25,-14,-24,-12,-20,-9,-17,-8,-14,-8,-14,-7,-14,-5,-12,-5,-10,-4,-8,-3,-4,-3,0,-1,3,0,4,0,3,4,3,8,4,7,5,1,1,0,0,0,0,0,0,0,0,0,0,0,0,0,0,0,0,0,0,-2,-3,-6,-10,-6,-11,-6,-13,-5,-12,-2,-12,-1,-10,-1,-7,0,-7,1,-6,1,-3,2,0,3,5,5,9,4,11,2,13,-1,16,-1,18,2,18,4,21,4,23,7,22,9,21,9,20,10,20,11,20,11,20"
20.164732217788696,384,"CSI,1188,128,83,49,21,0,-4,3,-3,2,-1,2,2,3,6,5,10,6,14,5,19,5,20,3,17,5,13,8,10,7,10,5,9,6,7,7,4,5,2,2,3,0,2,-2,0,-3,-1,-4,-2,-6,-3,-7,-3,-7,-2,-7,-1,-2,0,0,0,0,0,0,0,0,0,0,0,0,0,0,0,0,0,0,0,-3,2,-10,1,-11,1,-9,2,-8,4,-9,7,-10,6,-7,2,-2,1,-1,-1,-2,-5,-1,-9,2,-13,3,-14,3,-15,5,-17,7,-18,5,-17,4,-18,4,-19,5,-20,6,-20,6,-17,4,-14,4,-14,4,-14,6"
20.267393112182617,385,"CSI,1192,128,83,49,21,0,1,13,-1,9,-3,5,-2,1,2,-4,7,-7,12,-9,16,-11,16,-14,14,-14,14,-13,13,-11,13,-8,12,-8,9,-5,7,-1,5,0,2,-3,-1,-5,-2,-4,-4,-4,-6,-5,-7,-4,-7,-2,-6,-1,-2,-1,0,0,0,0,0,0,0,0,0,0,0,0,0,0,0,0,0,0,-2,1,-8,3,-9,1,-11,1,-10,0,-9,-2,-9,-3,-7,-2,-5,-4,-4,-6,-4,-4,-4,-2,-3,1,0,3,3,5,2,8,1,9,1,11,2,12,1,16,3,17,6,17,6,17,5,18,5,20,5,20,6,17"
20.326706886291504,386,"CSI,2034,128,77,-47,20,0,-10,0,-7,-1,-3,-5,2,-9,5,-9,9,-8,10,-11,8,-17,5,-16,3,-15,3,-17,7,-16,8,-14,6,-14,4,-10,4,-6,4,-3,1,-2,-2,-1,-1,1,0,3,0,4,0,6,0,6,1,7,0,1,0,0,0,0,0,0,0,0,0,0,0,0,0,0,0,0,0,0,1,1,6,6,6,7,5,8,3,9,1,10,1,8,1,6,0,6,-2,6,-4,5,-4,6,-4,6,-6,2,-9,-3,-12,-5,-13,-5,-14,-4,-16,-3,-17,-4,-18,-4,-17,-3,-17,-2,-19,-1,-21,2,-20,3,-19,3"
20.47177004814148,387,"CSI,1200,128,83,49,21,0,10,-2,4,-1,1,0,-1,2,-5,2,-10,5,-12,5,-12,3,-14,4,-19,6,-20,6,-17,6,-12,9,-11,10,-11,8,-9,5,-6,4,-4,3,-2,3,-1,2,1,-1,3,-2,2,-4,1,-7,2,-8,0,-2,0,0,0,0,0,0,0,0,0,0,0,0,0,0,0,0,0,0,-2,-1,-9,-3,-9,-6,-9,-6,-9,-6,-10,-6,-9,-6,-8,-6,-5,-5,-3,-6,0,-7,0,-4,1,-2,4,-1,6,0,8,1,11,4,13,7,15,7,18,7,19,6,20,4,22,1,22,3,21,4,17,2,16,-1"
20.57451319694519,388,"CSI,1204,128,83,49,21,0,5,3,3,1,-1,1,-6,1,-10,-2,-14,-4,-17,-5,-15,-7,-14,-6,-16,-4,-17,-3,-17,-3,-16,-4,-12,-4,-8,-4,-6,-2,-4,0,-1,1,1,1,2,1,4,-1,5,-2,5,-1,5,0,6,-1,1,-1,0,0,0,0,0,0,0,0,0,0,0,0,0,0,0,0,0,0,-3,0,-11,2,-10,3,-10,3,-10,1,-8,0,-6,-2,-6,-3,-3,-3,0,-3,3,-2,4,-1,5,-2,9,0,12,2,11,1,11,0,14,1,17,3,19,5,20,3,20,1,21,-1,21,-1,19,1,14,1,11,0"
20.780960083007812,389,"CSI,1212,128,83,49,21,0,-6,-6,-7,-3,-6,4,-3,9,-3,13,-3,16,-5,16,-10,16,-9,18,-7,19,-7,16,-7,15,-8,14,-10,9,-8,6,-5,5,-2,2,-1,1,1,2,2,1,3,1,4,1,6,2,6,2,4,3,1,0,0,0,0,0,0,0,0,0,0,0,0,0,0,0,0,0,0,0,-1,-4,-5,-12,-4,-11,1,-13,2,-15,0,-11,0,-7,0,-5,1,-2,0,-1,-1,-1,-4,0,-8,0,-12,1,-13,2,-14,-1,-16,-4,-17,-6,-18,-9,-18,-10,-16,-9,-15,-9,-16,-10,-17,-12,-19,-11,-20,-9,-20,-5"
20.88238525390625,390,"CSI,1216,128,83,49,21,0,-7,-4,-7,-2,-8,1,-8,4,-8,7,-8,9,-10,11,-10,14,-12,14,-13,12,-10,11,-9,8,-9,5,-9,4,-9,5,-8,6,-6,7,-3,7,1,5,2,2,2,1,3,3,4,3,6,2,6,2,1,0,0,0,0,0,0,0,0,0,0,0,0,0,0,0,0,0,0,0,2,-3,8,-8,10,-5,10,-5,9,-5,8,-2,5,0,3,1,2,2,1,3,-2,0,-6,-3,-8,-7,-10,-10,-9,-10,-7,-11,-9,-16,-11,-19,-8,-18,-5,-18,-5,-21,-8,-21,-9,-20,-8,-19,-5,-18,-4,-15,-4,-11"
20.983651161193848,391,"CSI,1220,128,83,49,21,0,-10,2,-7,3,-1,1,4,-1,7,2,11,7,14,5,14,-1,12,0,10,4,7,8,4,9,7,7,10,5,8,5,6,6,5,4,5,1,4,-3,1,-3,0,-3,1,-5,1,-8,0,-9,0,-9,0,-3,0,0,0,0,0,0,0,0,0,0,0,0,0,0,0,0,0,0,-2,-2,-7,-7,-7,-8,-7,-10,-4,-10,-1,-8,1,-7,2,-5,1,-2,-1,-1,-2,0,-2,4,-5,7,-8,6,-10,5,-12,7,-14,9,-14,11,-17,9,-18,6,-19,5,-21,5,-21,5,-19,3,-20,4,-19,8,-17,11"
21.086071968078613,392,"CSI,1224,128,83,49,21,0,8,0,2,1,-3,0,-6,1,-11,3,-15,3,-15,0,-14,-3,-17,-4,-18,-2,-16,0,-15,-1,-16,-2,-17,0,-14,-1,-8,0,-3,2,-1,2,-2,2,1,3,3,1,3,-1,5,-2,6,-5,6,-7,1,-2,0,0,0,0,0,0,0,0,0,0,0,0,0,0,0,0,0,0,-2,-1,-7,-3,-9,-4,-9,-7,-10,-8,-9,-8,-7,-8,-4,-6,-1,-3,0,-2,0,0,0,1,2,1,7,1,11,3,12,5,13,6,15,8,17,8,19,6,19,6,21,9,22,10,21,7,20,6,20,4,18,3"
21.18854808807373,393,"CSI,1228,128,83,49,21,0,-11,-2,-7,-5,-1,-4,4,0,8,1,14,-1,13,0,9,0,12,1,16,-1,16,-1,16,0,15,1,12,0,8,0,6,-1,5,-2,2,-2,0,-1,-2,-2,-7,0,-8,2,-7,2,-8,2,-8,4,-2,1,0,0,0,0,0,0,0,0,0,0,0,0,0,0,0,0,0,0,2,0,9,3,10,3,11,3,10,4,11,5,11,6,7,5,3,4,3,2,2,0,0,0,-3,2,-5,2,-8,0,-9,-3,-12,-5,-13,-5,-13,-4,-16,-5,-19,-5,-19,-4,-21,-5,-23,-7,-24,-7,-22,-5,-16,-4"
21.28952121734619,394,"CSI,1232,128,83,49,21,0,2,-9,-2,-6,-6,-4,-8,0,-8,3,-9,6,-10,8,-9,6,-10,3,-12,5,-12,5,-12,5,-13,6,-12,3,-9,1,-7,2,-4,4,-1,4,1,4,0,3,1,2,4,2,5,3,5,4,6,2,1,0,0,0,0,0,0,0,0,0,0,0,0,0,0,0,0,0,0,0,2,0,9,3,9,4,10,5,9,5,7,5,6,5,3,5,0,5,0,2,2,0,2,-2,2,-6,2,-10,1,-13,3,-16,6,-17,6,-16,4,-17,5,-20,7,-21,7,-21,7,-21,9,-21,9,-20,8,-20,8,-19"
21.393124103546143,395,"CSI,1236,128,83,49,21,0,8,-2,4,1,0,0,-3,-2,-7,-2,-10,-2,-14,-1,-16,1,-12,0,-11,-5,-15,-8,-15,-8,-13,-7,-11,-5,-8,-7,-7,-8,-7,-7,-5,-4,-2,-2,1,-2,3,0,3,1,4,-1,4,0,3,1,0,0,0,0,0,0,0,0,0,0,0,0,0,0,0,0,0,0,0,0,-2,2,-5,7,-5,8,-8,8,-8,5,-5,3,-4,4,-5,3,-4,2,-2,1,-1,0,2,0,3,1,5,0,9,1,11,1,13,0,16,-1,18,-1,19,0,19,0,19,-2,21,-4,24,-6,23,-4,20,-2,18,-3"
21.495512008666992,396,"CSI,1240,128,83,49,21,0,3,5,3,5,2,0,1,-8,1,-12,2,-13,2,-16,5,-17,3,-17,-1,-17,-2,-16,-3,-15,-3,-13,-2,-13,0,-13,2,-10,3,-5,1,-3,1,-1,2,1,0,3,-2,5,-3,4,-2,3,-1,6,-1,2,0,0,0,0,0,0,0,0,0,0,0,0,0,0,0,0,0,0,-2,-2,-7,-7,-7,-7,-3,-7,-1,-8,-2,-7,-2,-6,-1,-7,0,-5,1,-1,3,0,3,2,1,5,1,10,1,15,1,18,1,20,1,20,3,17,3,16,4,18,7,19,5,18,3,16,4,13,6,14,10,16"
21.599505186080933,397,"CSI,1244,128,83,49,21,0,-9,-6,-7,-4,-2,1,0,6,1,11,1,12,0,16,1,21,4,20,4,17,1,17,-1,16,1,16,2,16,-1,15,-2,12,-2,8,-3,3,-2,1,0,-1,0,-3,0,-4,1,-5,1,-5,0,-6,0,-2,0,0,0,0,0,0,0,0,0,0,0,0,0,0,0,0,0,0,1,-1,7,-4,9,-5,10,-6,11,-5,10,-2,7,0,6,-1,5,-3,5,-3,1,0,-3,0,-5,0,-5,1,-7,-1,-10,-6,-13,-8,-16,-9,-16,-13,-17,-15,-20,-14,-23,-14,-21,-14,-19,-14,-21,-12,-20,-9,-17,-8"
21.80282497406006,398,"CSI,1252,128,83,49,21,0,1,-7,-1,-5,-3,-3,-6,0,-14,2,-18,4,-21,5,-26,4,-23,3,-17,3,-13,4,-13,3,-14,2,-14,1,-10,0,-6,-2,-3,-2,0,1,3,1,2,1,2,1,5,0,7,0,7,3,6,6,1,1,0,0,0,0,0,0,0,0,0,0,0,0,0,0,0,0,0,0,2,0,7,3,7,3,8,3,7,5,5,4,2,2,3,-1,4,-4,1,-7,-1,-9,1,-11,3,-13,4,-14,4,-17,5,-18,10,-18,12,-19,10,-18,8,-17,6,-19,6,-21,8,-20,9,-19,6,-18,1,-16,0,-15"
21.905909061431885,399,"CSI,1256,128,83,49,21,0,3,-8,3,-2,2,4,1,6,-2,9,-4,13,-6,15,-9,16,-5,17,-1,18,0,17,1,16,1,17,-1,16,-2,12,-2,7,-1,4,-1,4,-2,3,-2,0,-1,-3,-2,-4,-3,-6,-2,-7,-1,-8,0,-2,0,0,0,0,0,0,0,0,0,0,0,0,0,0,0,0,0,0,-1,2,-2,9,-3,10,-3,8,-4,6,-5,7,-5,8,-5,6,-5,3,-2,0,-1,-3,0,-5,3,-6,6,-7,7,-9,8,-11,9,-14,8,-17,8,-17,10,-19,10,-22,9,-24,8,-24,6,-25,5,-24,6,-20,7,-16"
22.007708072662354,400,"CSI,1260,128,83,49,21,0,-4,11,-3,4,-5,-3,-5,-6,-4,-8,-4,-9,-3,-11,2,-14,-1,-16,-8,-16,-10,-16,-8,-16,-7,-13,-7,-10,-6,-9,-4,-6,0,-1,2,1,1,1,1,0,3,0,2,1,2,2,5,1,6,1,1,0,0,0,0,0,0,0,0,0,0,0,0,0,0,0,0,0,0,0,1,-2,5,-7,6,-8,8,-8,9,-6,6,-3,5,-3,6,-5,6,-4,5,-1,4,1,2,1,1,2,0,5,-2,6,-7,7,-9,10,-9,13,-7,13,-8,15,-9,18,-7,21,-7,21,-9,21,-9,20,-9,18,-11,18"
22.11047387123108,401,"CSI,1264,128,83,49,21,0,8,3,3,1,0,-2,-2,-6,-5,-10,-8,-12,-8,-13,-5,-11,-5,-10,-7,-11,-9,-13,-11,-15,-10,-15,-8,-13,-6,-10,-3,-6,-2,-5,-2,-3,-3,1,-4,1,-4,2,-4,3,-4,4,-4,6,-1,7,0,1,0,0,0,0,0,0,0,0,0,0,0,0,0,0,0,0,0,0,0,3,0,12,0,9,-2,8,-3,9,-3,10,-2,9,-1,7,1,5,1,4,2,2,3,1,4,0,7,-2,9,-2,10,-2,11,-4,12,-5,13,-5,15,-4,17,-5,20,-5,21,-3,22,0,23,3,22,3,22,1"
22.212193965911865,402,"CSI,1268,128,83,49,21,0,2,3,1,-2,0,-5,-1,-7,0,-7,3,-8,3,-13,0,-18,-2,-19,0,-19,4,-17,7,-14,8,-12,8,-12,7,-11,5,-6,3,-2,1,0,0,0,-2,-1,-5,1,-6,2,-7,3,-7,4,-6,4,-2,1,0,0,0,0,0,0,0,0,0,0,0,0,0,0,0,0,0,0,-2,0,-9,0,-10,-1,-10,-3,-10,-4,-9,-3,-8,-4,-5,-5,-2,-4,-1,-1,-1,3,1,6,2,9,4,9,6,8,7,12,7,18,6,18,5,16,5,17,6,17,6,17,3,20,3,23,5,23,6,19,7,16"
22.31521725654602,403,"CSI,1272,128,83,49,21,0,5,2,0,0,-4,0,-9,1,-13,4,-14,5,-17,2,-22,2,-23,6,-22,7,-21,6,-18,7,-19,6,-21,2,-18,1,-13,2,-10,2,-8,3,-5,1,-3,-2,-1,-5,0,-4,2,-5,4,-9,5,-10,1,-3,0,0,0,0,0,0,0,0,0,0,0,0,0,0,0,0,0,0,0,-4,-1,-12,-2,-10,-2,-7,-1,-7,-1,-7,-1,-6,2,-6,3,-4,3,-4,3,-2,3,0,7,1,7,3,5,7,6,8,11,9,12,10,12,11,15,12,17,14,17,16,16,16,15,16,14,14,12,12,12,11"
22.41877293586731,404,"CSI,1276,128,83,49,21,0,-13,-5,-13,-4,-8,-6,-2,-7,-1,-6,-2,-7,-4,-9,-5,-7,-3,-10,0,-14,0,-14,-1,-13,0,-11,-1,-9,-4,-8,-5,-7,-4,-4,-4,-2,-3,-3,-1,-4,2,-2,2,-1,1,-3,1,-7,4,-8,1,-2,0,0,0,0,0,0,0,0,0,0,0,0,0,0,0,0,0,0,-3,0,-9,1,-9,0,-7,1,-6,0,-6,-3,-6,-3,-5,-1,-3,-2,-2,-4,-3,-6,-5,-7,-6,-6,-5,-6,-4,-6,-6,-6,-6,-7,-6,-9,-6,-11,-5,-11,-8,-9,-13,-10,-15,-12,-14,-11,-15,-8,-16,-6,-17,-6"
22.516451120376587,405,"CSI,1280,128,83,49,21,0,9,6,7,9,5,11,5,10,5,11,4,13,5,13,9,11,12,11,12,13,10,13,6,11,7,9,9,8,7,9,4,8,2,7,1,6,-1,4,-2,6,-3,7,-3,6,-3,6,-3,7,-3,8,-1,2,0,0,0,0,0,0,0,0,0,0,0,0,0,0,0,0,0,0,1,1,6,3,6,2,5,2,3,1,2,1,4,2,5,3,5,4,4,3,2,5,1,7,1,9,2,10,4,11,5,12,7,12,8,11,7,11,6,11,9,10,12,9,13,7,12,8,11,8,10,8,10,8"
22.622177124023438,406,"CSI,1284,128,83,49,21,0,-18,14,-14,14,-10,14,-8,11,-8,7,-10,3,-9,1,-6,0,-8,-3,-13,-6,-13,-7,-13,-6,-13,-6,-12,-3,-14,-1,-15,-2,-13,-1,-10,1,-10,1,-10,1,-8,1,-7,0,-7,-1,-5,-5,-4,-4,-1,-1,0,0,0,0,0,0,0,0,0,0,0,0,0,0,0,0,0,0,0,2,-1,9,-4,7,-4,6,-5,7,-7,6,-9,6,-9,6,-8,5,-10,6,-11,7,-10,7,-8,6,-7,7,-7,7,-9,7,-9,8,-9,8,-9,5,-10,2,-12,3,-15,6,-17,9,-17,10,-17,7,-16,6,-16,9"
22.725204944610596,407,"CSI,1288,128,83,49,21,0,-7,7,-5,5,-4,7,-7,8,-6,7,-5,7,-6,4,-3,1,-2,4,-4,7,-4,7,-3,7,-2,8,-1,7,-1,6,0,6,-1,7,-3,6,-3,6,-3,6,-5,5,-4,4,-2,5,0,7,-1,7,-1,1,0,0,0,0,0,0,0,0,0,0,0,0,0,0,0,0,0,0,-1,-2,-3,-5,-4,-3,-4,-3,-2,-3,-2,-3,-3,-4,-3,-4,-3,-4,-2,-3,-2,-2,-2,-5,-3,-8,-4,-7,-4,-6,-5,-8,-5,-8,-6,-6,-6,-4,-6,-4,-8,-3,-10,-1,-11,1,-12,2,-13,3,-12,3,-10,4"
22.827373027801514,408,"CSI,1292,128,83,49,21,0,-4,7,-4,6,-6,5,-8,4,-11,4,-15,3,-15,4,-10,7,-9,5,-12,4,-16,4,-15,4,-13,4,-13,3,-11,2,-9,1,-7,-1,-5,-3,-3,-3,-4,-4,-5,-4,-5,-5,-5,-6,-5,-6,-5,-6,-2,-2,0,0,0,0,0,0,0,0,0,0,0,0,0,0,0,0,0,0,2,2,9,10,7,8,6,5,5,3,3,1,1,2,-2,4,-4,2,-5,2,-5,5,-5,6,-5,4,-5,4,-5,8,-4,10,-7,10,-10,9,-7,9,-4,12,-5,15,-5,13,-4,12,-2,12,-1,12,-1,13,1,14"
23.02949810028076,409,"CSI,1300,128,83,49,21,0,6,1,4,0,3,2,3,6,3,9,2,10,-2,13,-3,16,0,15,2,11,2,11,2,11,0,10,-3,9,-5,9,-7,8,-5,5,-4,2,-7,0,-7,-1,-4,2,-7,3,-9,2,-7,0,-6,0,-2,0,0,0,0,0,0,0,0,0,0,0,0,0,0,0,0,0,0,0,-1,-2,0,-7,0,-8,1,-6,2,-5,2,-4,0,-4,0,-4,0,-2,1,1,4,2,5,3,6,4,8,4,10,6,10,8,11,8,12,5,12,2,11,2,10,3,13,3,16,2,14,0,11,0,11,-1,12,-1"
23.23814296722412,410,"CSI,1308,128,83,49,21,0,-1,-1,2,2,6,5,8,8,10,9,10,12,11,19,14,23,15,20,13,16,11,15,10,14,10,15,7,14,3,9,1,4,0,1,1,-1,1,-5,-1,-7,-3,-7,-4,-6,-3,-8,-4,-10,-5,-12,-2,-4,0,0,0,0,0,0,0,0,0,0,0,0,0,0,0,0,0,0,0,0,4,0,4,0,3,1,4,2,6,3,7,1,7,-1,5,-1,3,-1,1,-3,-3,-5,-5,-5,-6,-5,-8,-8,-8,-9,-7,-9,-7,-10,-10,-10,-14,-13,-15,-16,-14,-17,-14,-15,-13,-12,-14,-10,-12,-11,-7,-12"
23.338139057159424,411,"CSI,1312,128,83,49,21,0,-2,-8,-5,-4,-6,2,-7,9,-9,10,-13,10,-17,10,-20,6,-23,6,-22,6,-20,5,-18,2,-16,3,-15,4,-12,1,-9,-1,-5,1,-3,3,0,2,2,0,4,0,7,3,8,4,8,4,10,5,2,1,0,0,0,0,0,0,0,0,0,0,0,0,0,0,0,0,0,0,1,1,6,4,7,3,7,3,6,1,5,0,5,2,5,2,5,1,5,1,3,0,2,-3,2,-9,2,-14,3,-16,3,-16,2,-16,2,-19,2,-20,3,-22,2,-23,3,-23,4,-23,4,-23,4,-20,4,-18,3,-19"
23.440365076065063,412,"CSI,1315,128,83,49,21,0,-4,0,-2,-2,0,-6,-3,-11,-5,-15,-4,-17,-3,-21,-3,-25,-5,-24,-7,-21,-7,-18,-8,-15,-8,-14,-7,-12,-6,-8,-5,-6,-3,-4,-1,-3,2,-2,4,0,5,1,6,1,8,0,9,1,10,2,2,0,0,0,0,0,0,0,0,0,0,0,0,0,0,0,0,0,0,0,1,0,7,3,9,4,8,6,7,6,4,4,-1,4,-2,3,0,2,-1,3,-4,7,-6,10,-9,8,-12,6,-13,7,-16,7,-19,4,-21,4,-21,7,-20,8,-20,8,-18,8,-16,10,-15,11,-16,10,-15,7,-14,5"
23.636901140213013,413,"CSI,2036,128,77,-47,20,0,-1,13,-1,12,3,11,6,12,8,14,8,15,7,14,6,11,2,12,-2,12,-1,9,-1,7,0,7,-1,5,-1,5,3,6,4,5,4,2,5,0,7,-3,8,-4,8,-3,6,-1,7,-1,9,-3,2,-1,0,0,0,0,0,0,0,0,0,0,0,0,0,0,0,0,0,0,-3,-2,-10,-9,-9,-10,-8,-9,-8,-6,-9,-3,-9,-1,-10,1,-9,1,-8,0,-10,5,-13,8,-15,8,-17,9,-19,11,-22,10,-22,10,-22,11,-22,10,-22,8,-22,7,-22,8,-19,8,-13,6,-9,7,-12,8,-18,7"
23.66759490966797,414,"CSI,1324,128,83,49,21,0,6,-8,8,-12,7,-15,5,-16,4,-17,3,-19,2,-21,1,-21,5,-18,9,-12,10,-10,9,-11,8,-9,6,-9,4,-10,3,-8,0,-6,-2,-4,-2,-3,-1,-4,-1,-5,-3,-5,-5,-5,-6,-5,-5,-6,-2,-2,0,0,0,0,0,0,0,0,0,0,0,0,0,0,0,0,0,0,3,0,12,2,10,2,9,0,9,2,7,3,8,0,12,-1,12,0,10,-2,10,-4,11,-7,13,-10,16,-10,18,-11,20,-11,22,-9,21,-6,18,-5,20,-5,24,-5,24,-3,22,-3,19,-6,14,-7,11,-7,11,-10"
23.695356845855713,415,"CSI,2037,128,77,-47,20,0,11,10,11,6,13,2,16,2,20,2,20,2,21,3,24,4,19,3,13,4,11,7,13,7,12,5,8,3,5,2,4,0,5,-3,7,-3,6,-2,5,-5,4,-5,4,-3,5,-3,5,-4,6,-3,1,-1,0,0,0,0,0,0,0,0,0,0,0,0,0,0,0,0,0,0,-1,3,-2,11,-2,10,-1,10,-1,8,0,8,1,9,2,10,3,11,4,12,5,10,6,10,8,14,9,16,11,17,11,19,9,22,6,23,5,21,4,20,2,22,-1,22,0,18,2,16,3,16,5,13,6,12"
23.751549005508423,416,"CSI,1328,128,83,49,21,0,17,-6,17,-9,16,-10,12,-13,11,-15,13,-17,15,-19,19,-19,18,-20,14,-19,14,-16,16,-14,17,-12,14,-9,10,-7,8,-7,6,-7,6,-7,4,-8,2,-8,1,-9,1,-9,-1,-8,-1,-10,1,-11,0,-3,0,0,0,0,0,0,0,0,0,0,0,0,0,0,0,0,0,0,2,-1,11,-1,11,-2,11,-3,11,-1,12,0,12,-2,10,-2,10,-3,12,-3,13,-2,12,-3,12,-5,13,-8,15,-10,20,-11,24,-11,24,-8,22,-6,24,-4,26,-2,24,-2,23,-2,23,-3,22,-4,22,-5,22,-6"
23.852944135665894,417,"CSI,1332,128,83,49,21,0,7,-5,0,-8,-7,-13,-11,-16,-14,-17,-17,-18,-21,-20,-25,-23,-23,-22,-18,-20,-16,-21,-14,-20,-12,-20,-11,-17,-9,-12,-6,-8,-4,-4,-3,2,-2,6,-3,8,-4,8,-4,9,-4,10,-5,11,-5,12,-2,3,0,0,0,0,0,0,0,0,0,0,0,0,0,0,0,0,0,0,-2,2,-7,9,-8,9,-8,11,-8,11,-8,9,-6,8,-4,6,-4,6,-4,5,-2,2,2,-1,7,-2,13,-1,18,1,21,1,23,1,26,3,28,5,29,7,29,7,27,6,25,6,24,7,22,5,19,3,17,3"
23.953598022460938,418,"CSI,1336,128,83,49,21,0,-2,-2,-6,2,-9,5,-12,7,-17,9,-22,9,-25,10,-24,14,-20,13,-20,10,-21,8,-19,7,-15,7,-13,6,-12,4,-8,2,-2,1,1,0,1,0,1,0,5,0,8,0,9,0,9,2,8,4,1,1,0,0,0,0,0,0,0,0,0,0,0,0,0,0,0,0,0,0,0,3,2,11,2,10,3,11,1,10,0,7,4,5,5,4,2,1,2,-2,4,-4,5,-4,6,-7,7,-12,6,-14,7,-16,10,-19,12,-20,11,-21,12,-23,15,-24,15,-24,15,-22,13,-20,10,-18,8,-16,7,-13"
24.056668996810913,419,"CSI,1340,128,83,49,21,0,0,-3,0,3,-1,9,-1,13,-1,18,0,23,2,22,5,18,4,19,2,22,0,22,0,20,1,16,2,12,3,12,2,10,1,5,0,-1,1,-4,1,-3,-1,-6,-3,-10,-3,-10,-3,-9,-3,-9,-1,-3,0,0,0,0,0,0,0,0,0,0,0,0,0,0,0,0,0,0,0,2,3,9,4,10,3,10,3,8,2,7,0,5,-1,4,-2,3,-2,0,-2,-2,-1,-3,-1,-5,-2,-9,-3,-13,-2,-16,-1,-18,0,-22,-1,-24,-3,-23,-3,-24,-3,-24,-3,-23,-5,-21,-6,-21,-5,-20,-3,-19"
24.159925937652588,420,"CSI,1344,128,83,49,21,0,-5,-4,-5,-1,-8,3,-11,6,-13,7,-16,6,-15,5,-13,2,-17,-1,-21,0,-21,3,-18,3,-17,0,-16,-1,-13,0,-9,1,-5,2,-3,2,-2,2,0,3,1,5,1,5,3,6,4,7,2,5,0,0,0,0,0,0,0,0,0,0,0,0,0,0,0,0,0,0,0,0,0,-2,2,-5,6,-3,6,-2,5,-2,4,-2,1,-3,-1,-3,0,-2,-3,-4,-5,-7,-5,-7,-5,-8,-6,-11,-5,-16,-4,-18,-4,-17,-5,-17,-4,-18,-5,-16,-5,-18,-3,-19,-1,-17,-1,-14,-2,-15,-5,-15,-7,-12"
24.259499073028564,421,"CSI,1347,128,83,49,21,0,-4,5,0,10,3,15,4,18,5,19,6,19,8,16,10,14,6,17,5,19,6,18,4,17,4,15,7,12,7,9,5,7,4,4,3,1,2,1,1,0,2,-4,4,-6,3,-7,4,-7,6,-7,1,-2,0,0,0,0,0,0,0,0,0,0,0,0,0,0,0,0,0,0,1,-2,6,-8,8,-8,9,-7,9,-6,9,-3,8,0,6,1,3,2,-2,1,-6,-3,-11,-5,-13,-3,-14,-3,-17,-6,-19,-8,-19,-7,-20,-8,-20,-12,-21,-11,-22,-7,-23,-7,-19,-11,-16,-11,-13,-9,-12,-8,-11,-4"
24.364892959594727,422,"CSI,1352,128,83,49,21,0,-10,9,-5,11,-3,10,-2,13,0,18,3,21,5,25,2,31,2,30,3,26,1,24,-1,24,-4,21,-7,18,-6,18,-4,16,-1,12,0,9,1,7,2,4,4,2,8,1,10,2,8,4,7,4,1,1,0,0,0,0,0,0,0,0,0,0,0,0,0,0,0,0,0,0,-2,-1,-9,-3,-11,-5,-12,-4,-11,-4,-8,-5,-7,-5,-7,-5,-8,-5,-9,-4,-10,-1,-12,1,-12,1,-11,5,-13,7,-16,8,-18,9,-17,10,-18,12,-19,12,-21,10,-23,10,-25,10,-26,10,-26,9,-26,7,-25,6"
24.465124130249023,423,"CSI,1356,128,83,49,21,0,2,4,4,8,1,9,1,10,4,14,4,17,6,18,9,19,7,16,4,15,3,17,1,16,0,14,-1,10,-1,7,0,5,2,1,1,-3,0,-6,1,-9,2,-9,4,-8,3,-8,1,-9,1,-9,0,-3,0,0,0,0,0,0,0,0,0,0,0,0,0,0,0,0,0,0,1,2,5,9,6,8,6,7,3,6,1,5,2,4,0,1,-1,0,0,0,1,-3,0,-6,-3,-9,-5,-11,-3,-11,-3,-11,-4,-16,-4,-20,-6,-20,-6,-19,-5,-20,-6,-20,-6,-19,-4,-17,-5,-14,-6,-12,-5,-10"
24.567824125289917,424,"CSI,1359,128,83,49,21,0,-6,-5,-11,-4,-17,-2,-19,0,-21,-1,-23,-5,-20,-6,-14,-5,-13,-8,-13,-10,-12,-10,-12,-7,-11,-2,-9,-1,-6,0,-5,2,-4,4,-2,5,-1,6,1,8,1,8,3,7,2,8,1,10,2,10,0,2,0,0,0,0,0,0,0,0,0,0,0,0,0,0,0,0,0,0,1,3,6,14,4,13,2,11,1,10,0,9,0,7,1,6,3,3,6,-2,8,-4,10,-6,13,-8,15,-9,15,-10,18,-11,20,-12,17,-13,16,-14,21,-15,22,-13,20,-12,19,-13,19,-12,17,-10,13,-6,9,-3"
24.670531034469604,425,"CSI,1364,128,83,49,21,0,-3,-2,-9,3,-12,8,-14,8,-19,6,-25,7,-27,6,-30,1,-30,2,-26,4,-23,4,-20,3,-17,2,-14,0,-11,-2,-6,-1,-2,1,1,2,4,3,5,5,6,7,8,8,10,8,10,9,9,10,2,2,0,0,0,0,0,0,0,0,0,0,0,0,0,0,0,0,0,0,1,1,6,7,8,6,7,7,4,6,6,5,8,3,7,0,4,-3,3,-3,5,-4,6,-8,5,-13,4,-16,7,-17,10,-18,9,-20,7,-22,9,-22,11,-21,11,-21,10,-23,11,-23,13,-19,11,-16,6,-13,5,-12"
24.775567054748535,426,"CSI,1368,128,83,49,21,0,-8,-11,-10,-12,-12,-10,-13,-9,-13,-9,-12,-10,-10,-13,-9,-15,-11,-14,-13,-11,-10,-11,-8,-12,-6,-11,-4,-11,-4,-11,-4,-9,-4,-3,-3,2,-4,4,-5,6,-5,8,-5,8,-7,6,-10,4,-11,3,-3,0,0,0,0,0,0,0,0,0,0,0,0,0,0,0,0,0,0,0,1,-1,7,-2,7,-1,7,-3,7,-6,5,-7,4,-7,2,-8,2,-7,4,-8,4,-9,2,-10,0,-13,-2,-15,1,-15,5,-17,7,-18,8,-19,8,-17,7,-17,6,-18,5,-17,3,-13,3,-9,5,-8,5,-10,4,-11"
24.875308990478516,427,"CSI,1372,128,83,49,21,0,-5,2,-9,2,-14,4,-14,3,-12,3,-13,2,-10,1,-5,1,-7,0,-9,0,-7,0,-5,-1,-5,-2,-4,-4,-4,-5,-4,-4,-3,-5,-3,-6,-3,-5,-2,-5,-1,-4,-1,-3,0,-4,-2,-7,-6,-10,-2,-3,0,0,0,0,0,0,0,0,0,0,0,0,0,0,0,0,0,0,1,-2,6,-5,5,-4,4,-3,2,-2,0,1,-2,5,-3,8,-4,7,-4,8,-5,10,-4,10,-1,10,-1,11,-4,11,-4,12,-2,13,1,14,3,13,4,11,5,8,4,6,1,5,-1,5,-3,5,-5,2,-6,-2"
24.980530261993408,428,"CSI,1378,128,83,49,21,0,8,3,6,7,4,9,3,11,3,11,2,11,5,10,10,9,9,8,6,6,5,7,4,8,3,6,2,5,1,5,2,6,2,5,0,2,-3,2,-6,2,-6,4,-6,4,-7,6,-6,7,-5,5,-2,0,0,0,0,0,0,0,0,0,0,0,0,0,0,0,0,0,0,0,1,0,7,-1,8,-4,8,-5,9,-4,7,-4,4,-3,6,0,8,0,8,0,5,2,5,3,8,6,10,9,8,9,7,8,7,7,8,8,10,9,13,9,14,7,12,7,12,6,12,5,11,4,10,2,10,3"
25.080713987350464,429,"CSI,1380,128,83,49,21,0,-2,-16,-2,-17,-1,-15,2,-13,6,-11,8,-8,8,-7,5,-9,7,-7,11,-6,12,-5,10,-5,9,-3,10,-2,10,-2,9,-1,7,-1,5,-2,5,0,4,3,2,4,1,4,2,4,2,7,2,8,0,2,0,0,0,0,0,0,0,0,0,0,0,0,0,0,0,0,0,0,-4,0,-11,0,-8,-1,-7,-3,-7,-4,-6,-4,-6,-2,-7,-4,-6,-6,-5,-5,-4,-3,-3,-5,0,-8,2,-9,2,-9,0,-8,0,-7,0,-10,-2,-11,-3,-9,-3,-9,-1,-11,-1,-14,-1,-18,0,-22,-4,-24,-10,-22"
25.281447172164917,430,"CSI,1388,128,83,49,21,0,5,12,4,12,3,10,4,10,1,12,-5,12,-2,8,3,3,2,4,-1,7,-4,10,-3,13,1,13,2,13,3,11,4,9,1,6,-2,3,-3,4,-3,4,-3,4,-4,5,-5,5,-7,4,-8,6,-2,1,0,0,0,0,0,0,0,0,0,0,0,0,0,0,0,0,0,0,0,0,4,2,5,3,4,6,5,7,4,6,3,8,6,9,7,7,5,7,6,9,7,10,9,9,8,8,5,7,3,7,3,9,3,12,0,11,0,10,1,12,1,14,0,13,0,12,1,13,5,15,5,15"
25.388100147247314,431,"CSI,1392,128,83,49,21,0,2,-9,2,-5,4,-4,7,-4,9,-3,11,-2,11,-2,9,-3,11,-1,14,-1,13,-4,13,-4,12,-4,9,-5,7,-6,4,-5,4,-3,6,-2,6,-1,3,1,0,3,0,6,1,6,1,5,2,5,0,1,0,0,0,0,0,0,0,0,0,0,0,0,0,0,0,0,0,0,-1,-4,-4,-11,-3,-8,-2,-7,-2,-8,0,-9,2,-8,2,-8,1,-10,0,-10,0,-8,2,-8,4,-9,7,-9,10,-7,10,-7,10,-8,10,-8,9,-8,10,-9,11,-12,9,-13,8,-12,7,-13,7,-15,8,-13,8,-8"
25.489874839782715,432,"CSI,1396,128,83,49,21,0,3,-7,5,-5,6,-1,9,1,12,3,14,3,20,2,24,2,20,-1,18,-4,16,-6,12,-5,11,0,10,2,7,1,3,-2,0,-1,-2,2,0,4,1,4,-1,2,-3,2,-4,4,-4,6,-3,7,-1,2,0,0,0,0,0,0,0,0,0,0,0,0,0,0,0,0,0,0,-2,1,-7,3,-7,0,-8,-2,-9,-2,-8,-3,-6,-3,-5,-3,-5,-5,-5,-6,-5,-7,-3,-10,-1,-12,-2,-13,0,-14,1,-14,3,-14,5,-14,4,-15,1,-16,0,-15,0,-14,1,-15,0,-15,-1,-14,0,-12,1,-12"
25.5924711227417,433,"CSI,1400,128,83,49,21,0,2,3,5,3,10,0,12,0,14,0,17,-1,15,-1,10,1,11,3,13,4,13,3,13,2,10,0,8,-1,6,-1,2,-1,-2,-2,-1,-3,0,-5,-2,-5,-5,-4,-8,-2,-9,0,-9,0,-7,-1,-2,-1,0,0,0,0,0,0,0,0,0,0,0,0,0,0,0,0,0,0,3,-2,12,-4,11,-1,9,1,7,1,4,1,2,2,3,1,1,2,-2,3,-5,3,-9,2,-15,-1,-17,-4,-18,-5,-20,-5,-20,-5,-19,-6,-19,-6,-18,-5,-19,-2,-19,-1,-16,-3,-14,-2,-13,-1,-12,0,-9,1"
25.692512035369873,434,"CSI,1403,128,83,49,21,0,3,4,3,-2,4,-5,3,-10,2,-16,0,-17,1,-16,5,-14,6,-15,6,-20,5,-19,4,-17,3,-15,2,-12,3,-10,3,-10,1,-7,0,-2,-1,0,-2,1,-3,2,-4,4,-7,5,-8,6,-8,6,-2,1,0,0,0,0,0,0,0,0,0,0,0,0,0,0,0,0,0,0,-3,-1,-12,-3,-11,-3,-11,-5,-9,-7,-8,-5,-6,-2,-3,-1,-1,-1,0,0,1,2,4,7,4,12,2,15,2,15,3,16,5,17,5,18,3,17,3,17,5,18,5,19,6,19,8,17,8,14,6,13,2,13"
25.7986421585083,435,"CSI,1408,128,83,49,21,0,-5,6,-3,1,-1,-4,4,-7,10,-10,12,-13,7,-16,3,-18,7,-16,11,-16,13,-17,12,-17,9,-16,6,-15,4,-10,4,-5,3,-3,0,-1,-4,0,-5,0,-5,1,-5,2,-7,5,-8,5,-8,4,-3,0,0,0,0,0,0,0,0,0,0,0,0,0,0,0,0,0,0,0,0,-3,3,-10,3,-11,3,-11,4,-10,4,-8,4,-7,4,-3,5,-1,3,-1,0,0,-2,2,-4,5,-7,8,-9,10,-11,11,-12,13,-12,14,-12,15,-12,17,-11,17,-10,16,-11,15,-11,15,-11,16,-12,16,-12,14"
25.899126052856445,436,"CSI,1412,128,83,49,21,0,6,6,8,3,8,0,8,-3,11,-2,14,-2,15,0,13,3,15,1,18,-1,19,-2,16,0,12,3,10,4,9,2,9,1,6,0,1,-2,0,-3,0,-3,-1,-4,-2,-6,-2,-7,-2,-7,-2,-6,-1,-2,0,0,0,0,0,0,0,0,0,0,0,0,0,0,0,0,0,0,-4,0,-14,1,-13,2,-11,2,-10,2,-8,0,-6,-1,-4,-2,-3,1,-1,4,-1,7,-2,9,0,9,1,10,0,13,-2,16,-3,18,-5,19,-3,20,-1,19,-2,19,-2,19,-4,20,-5,20,-3,18,-3,18,-4,17"
26.104496002197266,437,"CSI,1420,128,83,49,21,0,4,2,7,-1,11,-3,11,-7,11,-11,12,-12,11,-14,9,-16,11,-14,13,-10,15,-8,15,-7,13,-7,9,-5,7,-4,6,-6,3,-6,-2,-5,-3,-5,-4,-6,-6,-6,-7,-5,-8,-7,-8,-8,-6,-8,-2,-2,0,0,0,0,0,0,0,0,0,0,0,0,0,0,0,0,0,0,-2,0,-7,1,-9,0,-12,0,-12,-1,-9,-2,-7,-1,-6,0,-5,-1,-3,0,0,1,3,6,5,10,6,11,6,12,4,12,4,15,5,16,6,15,8,16,7,16,6,19,8,22,7,21,5,19,4,19,1,19"
26.162533044815063,438,"CSI,2052,128,83,49,21,0,3,-16,2,-19,2,-19,4,-19,4,-18,4,-14,3,-8,-1,-1,0,-2,0,-7,-1,-8,-1,-4,-1,-3,-4,-2,-7,0,-7,0,-5,-1,-5,0,-6,2,-7,2,-7,2,-8,1,-6,-2,-5,-2,-3,0,-1,0,0,0,0,0,0,0,0,0,0,0,0,0,0,0,0,0,0,0,-2,0,-6,4,-7,6,-7,7,-6,5,-4,4,-3,3,-1,2,-1,3,-1,4,1,2,4,2,7,2,8,0,9,1,10,4,11,6,11,4,12,2,12,1,10,3,8,6,8,6,5,4,3,0,3,-3,3,-3"
26.206670999526978,439,"CSI,1424,128,83,49,21,0,-2,3,-1,0,0,-3,-1,-8,-1,-13,-1,-17,-2,-17,-3,-14,-1,-13,1,-17,2,-20,1,-20,-2,-17,-5,-12,-5,-6,-2,-3,0,-2,1,-1,1,1,-1,3,-1,5,0,6,0,7,0,7,2,8,0,2,0,0,0,0,0,0,0,0,0,0,0,0,0,0,0,0,0,0,-1,-2,-1,-9,0,-11,2,-11,3,-10,3,-10,3,-8,3,-6,3,-4,2,-2,2,0,2,1,2,3,1,7,0,9,-1,10,-1,12,-3,16,-6,18,-6,20,-5,21,-6,23,-6,22,-5,20,-4,19,-6,20,-7,20"
26.306525945663452,440,"CSI,1428,128,83,49,21,0,2,7,3,1,6,-3,8,-6,9,-8,11,-9,13,-13,11,-17,8,-17,9,-15,9,-12,7,-10,7,-9,8,-8,8,-7,8,-5,6,-3,2,-1,-1,1,-3,0,-4,-3,-5,0,-6,2,-8,1,-9,-2,-3,-1,0,0,0,0,0,0,0,0,0,0,0,0,0,0,0,0,0,0,-3,0,-11,-1,-10,-3,-10,-5,-10,-5,-8,-6,-6,-6,-5,-2,-5,0,-3,-1,0,0,1,4,2,7,4,6,5,4,4,7,1,13,0,16,1,16,3,17,5,16,4,16,2,18,2,18,2,17,3,15,4,13"
26.414223194122314,441,"CSI,1432,128,83,49,21,0,-6,-12,-9,-8,-9,-3,-9,2,-11,4,-14,3,-17,4,-18,8,-17,8,-17,5,-15,3,-15,0,-17,-2,-15,-1,-12,-3,-9,-5,-5,-2,-2,1,0,0,-1,0,-2,1,1,3,3,5,2,6,2,8,0,2,0,0,0,0,0,0,0,0,0,0,0,0,0,0,0,0,0,0,-1,-3,0,-10,1,-9,3,-8,3,-8,2,-6,2,-5,2,-4,1,-3,-3,-2,-5,-2,-7,-3,-10,-3,-11,-6,-11,-8,-14,-10,-15,-12,-13,-12,-11,-15,-11,-18,-15,-18,-15,-17,-13,-18,-12,-16,-11,-14,-10,-14,-9,-13"
26.515191078186035,442,"CSI,1436,128,83,49,21,0,9,-9,4,-7,0,-7,-4,-6,-9,-3,-14,-2,-15,-3,-13,-2,-15,-3,-18,-7,-18,-7,-18,-8,-17,-10,-15,-10,-14,-8,-12,-4,-9,-2,-4,-3,-3,-3,-1,-3,-1,0,0,3,4,5,5,6,5,7,1,2,0,0,0,0,0,0,0,0,0,0,0,0,0,0,0,0,0,0,2,1,7,7,4,7,2,10,1,11,1,10,0,9,-1,9,-1,7,0,3,-1,-1,1,-3,5,-1,9,0,11,-2,11,-6,13,-9,16,-11,16,-11,16,-11,16,-14,17,-17,17,-18,17,-16,18,-14,19,-16,20,-18"
26.61556100845337,443,"CSI,1440,128,83,49,21,0,-10,8,-7,5,-7,5,-3,1,4,-5,7,-6,10,-9,13,-14,14,-13,14,-11,14,-10,16,-10,16,-10,13,-10,13,-8,13,-3,10,-1,5,-1,3,-1,2,0,-2,3,-4,5,-3,4,-2,3,-4,2,-2,0,0,0,0,0,0,0,0,0,0,0,0,0,0,0,0,0,0,0,0,-2,4,-5,7,-5,9,-5,10,-5,10,-5,9,-4,6,-3,4,-3,2,-3,1,-1,0,-1,-2,-1,-4,-1,-5,-1,-9,1,-14,2,-14,4,-14,6,-17,7,-19,6,-19,8,-21,12,-22,16,-22,19,-22,20,-20,18"
26.71846604347229,444,"CSI,1444,128,83,49,21,0,-11,-9,-7,-5,-4,-4,0,-1,3,5,2,9,5,10,10,11,8,14,5,16,4,16,3,17,2,16,1,13,-1,11,-1,7,-1,5,-2,5,-2,2,-3,-3,-3,-7,-1,-6,0,-6,-1,-5,-3,-4,-1,-1,0,0,0,0,0,0,0,0,0,0,0,0,0,0,0,0,0,0,0,2,2,10,3,11,3,11,2,10,1,9,1,7,1,4,1,2,1,3,2,3,2,0,1,-3,0,-6,0,-8,0,-10,0,-15,0,-16,-2,-16,-4,-19,-5,-23,-6,-23,-8,-22,-8,-23,-9,-25,-8,-25,-8,-25"
26.92460584640503,445,"CSI,1452,128,83,49,21,0,-2,-8,-5,-5,-7,-3,-8,0,-9,3,-11,7,-12,9,-9,6,-12,6,-17,6,-17,5,-16,5,-16,3,-12,0,-8,1,-7,2,-5,1,-3,0,0,-1,1,-1,0,1,1,3,4,3,5,2,4,2,1,0,0,0,0,0,0,0,0,0,0,0,0,0,0,0,0,0,0,0,0,-1,4,-5,7,-5,8,-5,7,-5,8,-4,8,-3,5,-3,1,0,0,2,0,-1,0,-4,-2,-7,-5,-8,-7,-10,-9,-12,-9,-14,-10,-13,-10,-13,-10,-15,-10,-16,-9,-18,-9,-22,-9,-22,-9,-22,-11,-21,-11,-19"
27.024240016937256,446,"CSI,1176,128,80,-128,4,0,35,-11,34,-9,33,-8,30,-7,27,-6,22,-6,17,-6,12,-8,7,-10,3,-13,1,-15,-1,-19,-1,-22,1,-25,3,-27,4,-26,6,-24,7,-22,9,-20,9,-17,9,-14,8,-12,6,-10,4,-9,3,-8,0,-2,0,0,0,0,0,0,0,0,0,0,0,0,0,0,0,0,0,0,0,4,2,17,1,15,0,12,2,10,4,8,7,7,11,8,15,10,18,13,19,17,20,20,20,22,18,24,17,25,15,25,13,24,11,21,10,18,11,14,13,10,14,5,15,0,18,-4,22,-8,27,-10,30,-12"
27.055303812026978,447,"CSI,1456,128,83,49,21,0,-15,-6,-10,-5,-4,-1,-2,3,-4,7,-5,9,-8,11,-11,12,-10,15,-7,18,-8,20,-8,19,-8,17,-9,13,-9,9,-8,7,-6,6,-3,6,-2,4,0,1,1,-1,2,-2,3,-1,4,-1,5,0,1,0,0,0,0,0,0,0,0,0,0,0,0,0,0,0,0,0,0,0,0,-2,2,-6,2,-6,3,-8,4,-8,4,-7,5,-8,4,-7,2,-6,0,-3,-2,-3,-3,-6,-4,-6,-7,-4,-9,-5,-9,-6,-12,-7,-14,-6,-15,-6,-18,-6,-20,-8,-20,-9,-20,-10,-20,-11,-21,-12,-24,-12,-26,-12"
27.1265230178833,448,"CSI,1459,128,83,49,21,0,10,-8,6,-7,1,-4,-3,-3,-6,-3,-8,-1,-11,2,-15,2,-17,-1,-17,-1,-15,2,-12,1,-10,-2,-9,-2,-9,-1,-9,-1,-8,-2,-4,-3,0,-2,0,0,1,1,1,0,3,0,3,1,2,1,0,0,0,0,0,0,0,0,0,0,0,0,0,0,0,0,0,0,0,0,-2,2,-5,8,-5,8,-7,6,-8,4,-8,3,-7,3,-5,1,-2,0,-1,2,-1,1,0,-2,3,-2,5,0,7,0,11,-2,12,-3,11,-3,13,-4,14,-5,14,-7,16,-10,18,-11,19,-10,19,-10,20,-11,20,-11"
27.332282066345215,449,"CSI,1468,128,83,49,21,0,-4,7,-2,1,-2,-7,-2,-12,0,-14,2,-16,5,-18,10,-19,9,-19,7,-20,6,-18,4,-13,4,-11,5,-10,3,-8,2,-4,2,-1,0,-1,-2,-1,-2,1,-2,2,-2,4,-2,5,-2,5,-3,6,-1,2,0,0,0,0,0,0,0,0,0,0,0,0,0,0,0,0,0,0,-1,-3,-5,-11,-5,-11,-3,-12,-1,-12,-1,-12,0,-10,-3,-7,-4,-3,-3,0,-3,2,-4,4,-4,6,-2,9,0,11,-1,11,-2,13,-1,17,-1,20,-3,22,-2,22,-2,22,-2,25,-1,26,0,24,2,20,0,18"
27.435514211654663,450,"CSI,1472,128,83,49,21,0,-3,3,-4,-3,-3,-8,1,-12,5,-15,5,-16,3,-14,1,-10,2,-11,5,-16,5,-18,5,-16,6,-13,5,-10,2,-8,1,-6,0,-4,0,-2,-1,0,0,2,-1,3,-4,2,-4,2,-1,4,1,7,0,2,0,0,0,0,0,0,0,0,0,0,0,0,0,0,0,0,0,0,0,-3,2,-11,4,-12,5,-13,5,-11,5,-10,4,-9,2,-5,1,0,0,1,-1,0,-2,1,-4,3,-7,6,-8,10,-6,13,-4,12,-6,12,-8,14,-9,16,-10,19,-8,21,-9,19,-11,17,-10,18,-7,19,-7,18"
27.53796911239624,451,"CSI,1476,128,83,49,21,0,3,-4,7,0,6,6,5,9,9,8,11,9,12,10,12,8,10,6,8,8,7,7,7,6,6,5,6,3,4,0,3,1,4,0,4,-2,2,-3,0,-3,-2,-6,-2,-6,-3,-4,-5,-2,-6,-2,-2,-1,0,0,0,0,0,0,0,0,0,0,0,0,0,0,0,0,0,0,2,0,8,3,8,3,7,4,8,4,10,5,7,6,3,5,1,4,-1,2,-2,-1,-4,-4,-6,-5,-9,-5,-11,-7,-12,-9,-13,-9,-15,-10,-17,-13,-20,-15,-19,-15,-15,-13,-14,-13,-14,-15,-13,-14,-13,-9,-13,-3"
27.741464138031006,452,"CSI,1483,128,83,49,21,0,5,-2,-1,-1,-5,0,-7,0,-9,1,-12,2,-13,0,-12,-1,-14,-1,-19,-1,-20,-2,-20,-1,-19,1,-15,1,-12,1,-8,-1,-6,-2,-4,-1,-3,1,-2,2,0,0,2,-1,4,-1,5,-1,6,0,1,0,0,0,0,0,0,0,0,0,0,0,0,0,0,0,0,0,0,0,-2,1,-9,4,-10,3,-11,2,-11,0,-9,-1,-9,-1,-10,0,-9,1,-6,0,-4,0,-2,0,1,-1,5,-2,7,-3,8,-2,12,-1,14,-1,16,-2,19,-5,22,-9,23,-11,23,-8,25,-5,25,-4,19,-3,13,-3"
27.844928979873657,453,"CSI,1488,128,83,49,21,0,-3,-6,-2,-6,1,-4,4,2,6,8,6,12,4,15,0,17,1,19,5,19,8,18,7,15,4,13,2,13,1,12,-1,7,-2,4,-2,2,-2,-1,-2,-2,-1,-3,1,-4,1,-4,-1,-4,-1,-4,-1,-1,0,0,0,0,0,0,0,0,0,0,0,0,0,0,0,0,2,4,3,3,2,2,0,-1,-1,0,-3,2,-3,-1,-2,-6,-2,-9,-3,-12,-3,-14,-2,-13,-3,-16,-6,-20,-9,-22,-10,-23,-11,-23,-11,-23,-11,-23,-10,-20"
27.946978092193604,454,"CSI,1492,128,83,49,21,0,1,-11,2,-4,1,2,-2,6,-4,9,-6,12,-5,13,0,13,0,13,-5,13,-5,13,-4,13,-5,13,-4,12,-4,10,-5,8,-5,6,-3,3,-1,0,-1,-2,-2,-3,-2,-5,-1,-5,0,-6,0,-8,0,-3,0,0,0,0,0,0,0,0,0,0,0,0,0,0,0,0,0,0,-1,2,0,8,0,10,-1,11,-2,10,-3,9,-2,9,-2,10,-3,8,-3,6,-1,5,2,4,3,3,4,0,4,-3,2,-5,2,-7,2,-9,2,-14,1,-18,1,-20,2,-21,3,-24,4,-27,6,-29,4,-28,2,-24"
27.995362043380737,455,"CSI,2039,128,77,-47,20,0,-2,8,-3,4,-3,-1,-3,-7,-3,-12,-4,-16,-1,-22,3,-27,0,-23,-4,-18,-4,-18,-2,-18,0,-16,0,-14,-2,-11,-2,-10,0,-7,0,-2,2,1,2,3,1,6,2,6,2,3,3,2,6,3,1,0,0,0,0,0,0,0,0,0,0,0,0,0,0,0,0,0,0,0,-1,-3,-2,-11,-2,-11,-2,-11,-1,-11,0,-10,1,-10,0,-9,-2,-6,-1,-3,0,-4,-2,-4,-5,-2,-4,1,-2,4,-2,8,-3,11,-3,13,-4,13,-4,14,-3,18,0,21,2,24,4,26,3,27,2,24,1,21"
28.094151258468628,456,"CSI,2040,128,77,-47,20,0,-4,7,-3,3,-2,-2,1,-7,1,-10,0,-15,1,-16,1,-11,1,-11,2,-14,3,-15,1,-15,-1,-13,-1,-13,2,-12,3,-10,2,-6,3,-4,3,-2,3,0,4,1,4,1,3,2,3,2,3,3,0,0,0,0,0,0,0,0,0,0,0,0,0,0,0,0,0,0,0,0,2,-1,10,0,8,0,7,1,8,1,9,2,7,1,4,0,3,-2,0,-1,-1,0,0,-1,0,0,-5,1,-8,-1,-10,-1,-13,-1,-13,0,-12,5,-14,11,-15,13,-15,13,-14,12,-13,11,-12,13,-11,14,-11,12"
28.124660968780518,457,"CSI,2041,128,77,-47,20,0,-7,1,-2,0,1,-1,4,-2,6,-3,8,1,10,3,8,3,8,9,9,11,12,9,13,10,13,10,10,9,6,9,3,6,1,4,0,4,-2,2,-3,0,-2,-1,-3,-2,-4,-3,-5,-4,-4,-5,-1,-2,0,0,0,0,0,0,0,0,0,0,0,0,0,0,0,0,0,0,-1,-2,-1,-8,2,-9,3,-9,4,-8,4,-8,3,-7,3,-7,3,-7,2,-4,-1,-2,-1,-1,-2,-1,-8,-2,-12,-1,-13,1,-15,4,-16,3,-17,2,-18,4,-19,5,-20,3,-19,3,-20,2,-21,1,-19,4,-15,8"
28.154371976852417,458,"CSI,1499,128,83,49,21,0,5,6,6,4,3,1,0,-3,-1,-6,-1,-8,6,-12,12,-18,11,-20,7,-18,8,-16,9,-15,8,-14,8,-12,8,-10,7,-8,6,-5,4,-2,0,-1,-2,0,-2,2,-2,1,-3,1,-5,3,-7,4,-2,1,0,0,0,0,0,0,0,0,0,0,0,0,0,0,0,0,0,0,-3,1,-8,5,-8,3,-10,3,-10,1,-10,2,-10,3,-9,1,-6,0,-6,0,-5,1,-1,3,2,3,2,5,3,5,5,5,9,7,15,10,18,10,15,11,11,15,11,16,11,14,11,16,12,20,12,24,15,23"
28.25465488433838,459,"CSI,1504,128,83,49,21,0,-4,-5,-6,-5,-8,-2,-10,1,-13,3,-15,2,-18,0,-24,1,-24,2,-20,3,-16,3,-13,3,-12,0,-12,-2,-11,-1,-10,-1,-7,-2,-4,1,1,3,2,3,2,5,3,7,3,7,3,5,5,4,1,1,0,0,0,0,0,0,0,0,0,0,0,0,0,0,0,0,0,0,2,1,8,6,8,6,5,7,3,8,3,7,4,6,3,3,3,2,3,1,4,-1,2,-4,1,-8,3,-11,4,-14,6,-16,9,-18,10,-18,10,-18,12,-18,13,-19,12,-19,11,-21,11,-21,11,-17,10,-14,8,-15"
28.356887102127075,460,"CSI,1508,128,83,49,21,0,2,-1,-3,-3,-4,-2,-5,-3,-9,-5,-13,-5,-17,-7,-19,-12,-20,-11,-18,-7,-16,-6,-15,-9,-13,-10,-10,-7,-5,-4,-1,-2,-1,-2,-1,-1,2,0,2,3,2,5,4,3,5,4,5,4,8,1,2,-1,0,0,0,0,0,0,0,0,0,0,0,0,0,0,0,0,0,0,-3,2,-10,7,-10,5,-11,1,-12,0,-11,0,-7,-2,-4,-1,-2,1,0,0,4,0,8,-1,9,-1,10,1,14,3,18,5,17,6,15,6,15,4,16,3,17,4,20,6,22,7,20,3,18,0,16,0,14,2"
28.45966410636902,461,"CSI,1512,128,83,49,21,0,12,1,9,3,5,5,2,9,-1,13,-3,14,-5,16,-8,17,-7,19,-3,20,0,19,3,16,3,15,2,16,3,17,3,16,1,12,-2,7,-5,4,-5,3,-4,2,-5,0,-8,-1,-10,-2,-11,-3,-3,-1,0,0,0,0,0,0,0,0,0,0,0,0,0,0,0,0,0,0,-2,-2,-7,-7,-5,-7,-4,-6,-5,-7,-5,-9,-3,-8,1,-7,2,-7,1,-5,3,-2,5,-1,8,-1,12,0,14,-1,14,-2,14,-2,13,0,14,-1,20,-3,25,-3,23,-5,21,-7,21,-6,20,-5,17,-8,15,-10"
28.519249200820923,462,"CSI,2145,128,83,49,21,0,10,-10,12,-12,11,-13,10,-12,12,-11,13,-10,7,-8,-2,-7,-1,-6,2,-4,2,-2,2,0,0,-1,-2,-2,-2,-1,-4,0,-6,-2,-7,-3,-7,-3,-8,1,-6,2,-5,-1,-5,-2,-4,-2,-4,0,-1,0,0,0,0,0,0,0,0,0,0,0,0,0,0,0,0,0,0,0,-3,-2,-9,-5,-8,-4,-7,-2,-6,-3,-4,-4,-4,-2,-6,0,-6,-1,-4,-1,-3,1,-3,2,0,2,2,4,1,4,2,4,3,5,2,8,1,9,1,8,1,7,3,6,5,6,4,3,1,-2,3,-6,10,-7"
28.56274724006653,463,"CSI,1516,128,83,49,21,0,11,-1,6,-2,1,-4,-5,-5,-8,-7,-10,-9,-12,-8,-14,-6,-14,-6,-13,-10,-16,-14,-18,-16,-14,-13,-9,-11,-5,-12,-6,-11,-7,-8,-4,-6,-1,-3,0,-1,0,-1,1,0,1,4,0,8,-2,8,-1,2,0,0,0,0,0,0,0,0,0,0,0,0,0,0,0,0,0,0,-1,2,-1,11,-1,10,-3,8,-4,8,-4,6,-5,4,-6,3,-5,4,-1,5,2,4,3,2,5,1,8,0,9,-1,11,-1,13,-2,13,-4,16,-5,20,-5,20,-3,19,-1,22,-1,25,-4,26,-5,25,-4,24,-5"
28.664220809936523,464,"CSI,1520,128,83,49,21,0,5,-4,-1,-2,-4,0,-6,4,-9,5,-13,4,-20,5,-24,4,-21,3,-18,5,-17,5,-16,4,-16,2,-16,2,-15,2,-9,1,-5,0,-5,-2,-2,-1,1,-1,2,-1,4,-3,6,-6,6,-6,6,-4,1,-1,0,0,0,0,0,0,0,0,0,0,0,0,0,0,0,0,0,0,-1,2,-5,9,-8,10,-9,8,-8,8,-5,9,-5,6,-4,2,-1,1,-1,1,0,1,1,1,5,0,8,1,12,2,14,0,14,-4,12,-5,10,-3,12,-4,16,-6,19,-7,20,-10,21,-11,22,-12,22,-11,20,-9"
28.768002033233643,465,"CSI,1524,128,83,49,21,0,-1,5,1,3,-2,-2,-5,-6,-9,-10,-12,-13,-11,-17,-10,-20,-13,-18,-17,-14,-16,-11,-11,-12,-9,-12,-9,-10,-9,-10,-9,-10,-6,-8,-2,-6,0,-3,1,-1,3,-2,6,-2,10,-1,10,-1,9,0,2,0,0,0,0,0,0,0,0,0,0,0,0,0,0,0,0,0,0,0,2,-3,8,-9,6,-7,7,-7,10,-7,10,-5,8,-5,7,-5,5,-3,3,-1,3,1,3,2,1,4,-2,7,-5,8,-8,10,-8,11,-7,14,-7,16,-6,16,-4,17,-3,18,-3,18,2,19,5,19,1,18,-4,14"
29.072855949401855,466,"CSI,1536,128,83,49,21,0,-3,-5,-6,-4,-10,-1,-12,-2,-13,-4,-13,-3,-12,1,-6,3,-8,1,-13,-3,-12,-2,-11,-2,-10,-2,-8,-2,-6,-2,-3,-2,1,-3,3,-3,2,-2,1,-1,2,-2,3,-5,3,-7,3,-6,2,-6,0,-2,0,0,0,0,0,0,0,0,0,0,0,0,0,0,0,0,0,0,0,-2,1,-9,2,-9,2,-8,2,-6,2,-4,2,-2,1,-1,0,2,-2,3,-1,4,3,4,5,7,5,11,6,14,6,14,7,13,8,13,7,13,4,13,4,15,5,16,6,13,3,9,1,7,1,6,0,6"
29.1733500957489,467,"CSI,1540,128,83,49,21,0,5,-2,3,0,1,-2,2,-3,6,-2,10,1,9,4,5,7,5,4,8,-2,10,-5,11,-5,9,-5,6,-4,6,-3,5,-3,4,-3,3,-2,3,0,5,0,6,-2,4,-2,4,-3,4,-4,3,-3,0,-1,0,0,0,0,0,0,0,0,0,0,0,0,0,0,0,0,0,0,1,-1,7,-5,7,-5,7,-3,7,-2,7,-2,8,0,7,1,6,1,7,3,6,3,6,1,9,2,10,4,9,3,10,2,10,1,10,0,10,-1,11,2,11,2,13,-2,13,-3,12,-2,13,-3,13,-5,9,-5"
29.338823080062866,468,"CSI,2177,128,83,49,21,0,14,-6,15,-3,17,-2,16,-3,15,-3,15,-2,11,-1,6,0,5,0,5,1,4,3,2,1,-2,-4,-3,-7,-2,-6,-2,-5,-2,-7,-1,-10,-1,-11,0,-9,-1,-9,-1,-8,0,-5,-1,-4,-1,-3,-1,-1,0,0,0,0,0,0,0,0,0,0,0,0,0,0,0,0,0,0,-4,-1,-10,-2,-7,0,-5,1,-7,0,-9,-1,-7,-1,-3,1,-2,1,-2,2,-2,4,-2,5,-2,6,0,8,2,9,1,9,-1,12,0,14,-1,12,-4,8,-4,7,-1,8,1,9,1,9,3,6,6,0,11,-5"
29.3800950050354,469,"CSI,1548,128,83,49,21,0,-9,5,-10,5,-12,4,-14,1,-16,1,-15,3,-16,5,-19,11,-16,10,-12,4,-11,3,-10,3,-9,2,-8,0,-6,-5,-4,-8,-3,-6,-1,-5,1,-4,2,-4,3,-5,3,-7,3,-8,3,-8,3,-8,0,-2,0,0,0,0,0,0,0,0,0,0,0,0,0,0,0,0,0,0,0,-3,2,-10,0,-8,0,-7,1,-7,2,-5,2,-2,2,0,4,2,5,5,5,6,6,6,8,9,9,11,12,9,12,10,9,15,8,19,9,16,10,12,9,10,10,10,11,10,9,9,7,7,5,6,2,6"
29.585724115371704,470,"CSI,1556,128,83,49,21,0,-3,1,-3,-3,-3,-5,-5,-9,-6,-12,-5,-14,-2,-17,2,-20,1,-20,-3,-18,-4,-15,-5,-15,-3,-13,0,-10,2,-8,2,-6,1,-4,1,-2,1,2,2,5,2,4,1,3,0,4,-1,5,-2,5,-1,1,0,0,0,0,0,0,0,0,0,0,0,0,0,0,0,0,0,0,-1,-2,-4,-5,-5,-6,-4,-8,-3,-8,-3,-7,-1,-7,-1,-6,-2,-3,-3,-1,-3,2,-2,4,-1,4,-1,5,0,9,1,11,1,14,1,18,2,18,3,17,3,18,3,19,4,19,4,19,5,17,5,13,4,11"
29.68806004524231,471,"CSI,1560,128,83,49,21,0,-2,3,1,2,4,2,7,4,11,4,14,3,17,3,20,5,16,5,12,5,12,5,14,5,14,5,10,5,5,4,1,4,0,3,1,3,0,1,-1,-3,-3,-5,-5,-5,-5,-5,-5,-8,-5,-11,-1,-3,0,0,0,0,0,0,0,0,0,0,0,0,0,0,0,0,0,0,0,-2,0,-7,1,-9,2,-10,2,-8,1,-6,-1,-5,-2,-4,-3,-2,-5,-2,-6,-2,-5,-2,-6,-2,-7,-1,-12,1,-18,2,-21,3,-21,4,-19,6,-19,6,-16,5,-16,5,-20,5,-22,3,-20,2,-18,3,-16,5"
29.790153980255127,472,"CSI,1564,128,83,49,21,0,4,-3,2,-6,-2,-10,-3,-14,-4,-17,-4,-19,-5,-20,-9,-19,-7,-18,-1,-20,1,-23,0,-22,2,-20,2,-16,3,-12,4,-10,3,-5,2,-2,-1,-1,-2,0,-2,1,-3,2,-7,2,-8,1,-8,1,-2,0,0,0,0,0,0,0,0,0,0,0,0,0,0,0,0,0,0,0,-1,2,-4,10,-4,8,-4,8,-4,9,-4,8,-4,7,-3,6,-1,5,0,2,3,3,6,4,9,3,12,2,14,1,15,3,17,5,17,3,18,2,21,3,23,4,22,3,20,4,19,6,21,6,21,4,18,4"
29.89195489883423,473,"CSI,1568,128,83,49,21,0,-3,1,-3,-2,-2,-6,-1,-8,-2,-10,-5,-15,-8,-15,-10,-12,-9,-13,-8,-15,-8,-15,-8,-16,-9,-17,-10,-14,-10,-11,-8,-9,-5,-7,-3,-4,0,-1,2,0,4,1,5,4,5,6,5,7,5,7,1,1,0,0,0,0,0,0,0,0,0,0,0,0,0,0,0,0,0,0,0,-2,2,-6,2,-8,3,-9,3,-7,3,-5,5,-3,5,-2,3,-1,0,1,-1,3,0,6,-1,7,-4,10,-6,12,-7,12,-6,12,-3,14,-4,19,-7,20,-8,17,-6,15,-5,15,-3,15,0,15,-1,12,-2,10"
29.95262908935547,474,"CSI,2201,128,83,49,21,0,-5,-10,-7,-12,-9,-13,-8,-14,-4,-13,-2,-10,0,-6,1,1,1,2,-1,-4,-5,-6,-5,-6,-3,-4,-2,-2,-4,-2,-5,-2,-5,1,-5,3,-5,2,-4,-1,-2,-1,-3,1,-3,2,-2,-1,-2,-3,-1,-1,0,0,0,0,0,0,0,0,0,0,0,0,0,0,0,0,0,0,2,0,8,-1,7,0,7,2,6,4,5,3,4,3,2,3,3,2,2,-3,2,-7,2,-7,2,-7,4,-7,6,-6,7,-7,6,-8,5,-9,5,-11,5,-9,5,-7,6,-7,4,-9,1,-7,0,-8,-1,-11,-2,-11"
29.993064880371094,475,"CSI,1572,128,83,49,21,0,-1,1,3,1,7,2,10,5,11,7,11,7,12,8,14,12,15,10,13,8,11,9,11,9,11,9,8,9,4,9,1,6,-2,3,-1,-2,1,-5,1,-7,0,-7,-2,-7,-3,-8,-2,-9,-2,-8,-1,-2,0,0,0,0,0,0,0,0,0,0,0,0,0,0,0,0,0,0,0,-2,2,-8,3,-9,4,-8,5,-7,5,-6,3,-4,1,-1,0,3,-1,5,-4,4,-9,2,-12,3,-14,5,-16,5,-18,4,-20,3,-19,5,-16,5,-18,3,-19,2,-18,1,-18,2,-16,4,-17,1,-17,0,-14,7"
30.09809899330139,476,"CSI,1576,128,83,49,21,0,-15,3,-16,3,-14,4,-13,7,-12,10,-13,15,-11,18,-9,18,-12,15,-17,10,-19,6,-19,5,-17,5,-15,4,-14,3,-13,4,-11,3,-6,2,-4,2,-5,3,-3,5,-2,8,-2,9,-5,10,-7,11,-2,2,0,0,0,0,0,0,0,0,0,0,0,0,0,0,0,0,0,0,-2,0,-7,1,-9,2,-10,2,-9,2,-9,1,-9,0,-12,1,-13,2,-10,3,-10,4,-14,6,-16,7,-16,8,-15,8,-14,5,-18,4,-21,5,-20,8,-19,6,-19,3,-21,1,-23,-1,-24,-1,-25,1,-23,1,-22,1"
30.19912600517273,477,"CSI,1580,128,83,49,21,0,13,-4,10,-4,8,-6,7,-12,5,-16,5,-18,5,-18,4,-16,6,-18,9,-20,9,-20,9,-20,10,-19,12,-18,12,-16,9,-13,6,-8,4,-4,0,-6,-4,-7,-6,-4,-8,-3,-9,-4,-8,-3,-6,-3,-2,-1,0,0,0,0,0,0,0,0,0,0,0,0,0,0,0,0,0,0,0,2,0,8,0,8,0,8,0,7,-2,7,0,7,3,7,5,6,7,7,7,9,6,8,7,7,7,6,9,5,15,6,18,4,19,1,21,3,24,5,25,4,27,3,28,4,26,7,25,9,25,10,24,12"
30.30538010597229,478,"CSI,1584,128,83,49,21,0,-4,-6,-6,-2,-7,4,-7,9,-8,12,-11,13,-11,13,-8,12,-10,11,-15,10,-16,8,-17,8,-17,6,-15,3,-12,3,-9,2,-7,0,-5,-2,-2,-2,2,-1,5,0,8,0,10,2,9,5,9,4,2,1,0,0,0,0,0,0,0,0,0,0,0,0,0,0,0,0,0,0,2,0,10,-1,11,-3,10,-3,8,-4,7,-5,3,-4,2,-6,3,-7,0,-10,-3,-11,-4,-12,-4,-15,-5,-17,-5,-16,-6,-17,-8,-19,-8,-21,-9,-21,-12,-21,-12,-21,-12,-22,-11,-21,-11,-19,-10,-20,-8,-20,-8,-20"
30.40622305870056,479,"CSI,1588,128,83,49,21,0,-5,-1,-3,3,2,6,4,9,5,12,7,17,8,18,4,16,3,17,5,19,5,19,5,19,4,18,2,14,1,11,1,8,1,5,0,2,2,1,3,-1,3,-3,1,-5,0,-6,2,-7,4,-6,1,-2,0,0,0,0,0,0,0,0,0,0,0,0,0,0,0,0,0,0,2,0,12,0,11,0,9,0,7,-2,7,-3,5,-3,1,-3,-1,-4,-1,-4,-3,-3,-7,-5,-8,-8,-8,-8,-11,-7,-11,-11,-12,-14,-15,-16,-17,-18,-20,-18,-22,-17,-21,-17,-18,-17,-14,-17,-12,-17,-10,-16,-9,-15"
30.51098394393921,480,"CSI,1592,128,83,49,21,0,5,-8,-2,-6,-5,-6,-9,-6,-13,-6,-14,-6,-15,-4,-18,-3,-17,-4,-14,-4,-16,-7,-15,-13,-14,-13,-12,-9,-10,-7,-7,-5,-5,-4,-3,-2,0,-1,-1,1,-3,4,-2,5,-1,5,-1,5,-2,6,-1,1,0,0,0,0,0,0,0,0,0,0,0,0,0,0,0,0,0,0,2,0,7,2,5,3,4,5,5,6,5,3,5,-1,2,-2,0,-3,0,-3,2,-4,3,-7,2,-8,3,-10,8,-13,10,-17,9,-18,9,-18,10,-16,12,-15,13,-17,14,-17,13,-18,12,-17,12,-13,12,-12,11,-12"
30.609637022018433,481,"CSI,1596,128,83,49,21,0,-12,5,-7,3,1,2,6,3,10,4,13,4,14,5,12,5,15,7,21,9,23,11,22,10,20,7,18,5,16,4,14,5,10,4,6,1,4,0,2,-1,-3,-2,-5,-3,-4,-4,-6,-6,-6,-9,-2,-3,0,0,0,0,0,0,0,0,0,0,0,0,0,0,0,0,0,0,2,-2,8,-8,9,-6,7,-5,6,-7,6,-9,6,-6,6,-3,5,-3,2,-3,0,-3,-2,-2,-5,0,-8,0,-11,-2,-14,-2,-17,-1,-19,0,-20,2,-23,1,-25,1,-26,2,-28,3,-27,1,-26,1,-25,1,-21,0"
30.714482069015503,482,"CSI,1600,128,83,49,21,0,-14,12,-11,11,-6,11,3,12,9,13,11,14,13,13,18,10,21,12,20,16,16,19,13,21,12,22,12,17,12,13,11,11,6,10,2,6,1,2,2,0,4,-1,6,-4,6,-8,6,-10,6,-10,1,-3,0,0,0,0,0,0,0,0,0,0,0,0,0,0,0,0,0,0,-1,-3,-3,-12,-3,-12,-3,-9,-3,-8,-3,-8,-2,-9,-1,-8,-2,-7,-3,-7,-5,-5,-9,-2,-11,-1,-12,-1,-14,-1,-18,2,-19,4,-16,4,-17,6,-24,6,-26,4,-28,5,-31,8,-30,9,-29,10,-32,9,-33,5"
30.814527988433838,483,"CSI,1604,128,83,49,21,0,16,-3,16,-2,15,-3,12,-7,12,-11,14,-14,18,-15,20,-17,18,-19,17,-20,17,-17,14,-13,12,-11,12,-10,10,-8,6,-6,3,-7,1,-8,-1,-6,0,-6,2,-7,0,-8,-2,-10,-1,-9,2,-7,0,-2,0,0,0,0,0,0,0,0,0,0,0,0,0,0,0,0,0,0,1,2,6,9,5,10,4,10,2,9,2,5,3,4,4,5,4,5,6,4,10,3,12,3,14,4,13,5,15,4,19,2,23,5,22,9,21,11,21,13,18,13,17,11,19,12,18,10,19,5,20,3,19,3"
30.916386127471924,484,"CSI,1607,128,83,49,21,0,-8,2,-6,7,-5,12,-4,14,-5,15,-7,16,-6,15,-4,11,-7,11,-11,12,-14,12,-14,12,-14,11,-11,9,-9,8,-7,8,-3,5,0,2,0,2,1,2,2,3,4,5,5,4,6,5,6,8,1,2,0,0,0,0,0,0,0,0,0,0,0,0,0,0,0,0,0,0,-2,-2,-7,-5,-7,-7,-7,-8,-7,-5,-6,-4,-6,-4,-9,-2,-11,-2,-10,-1,-11,0,-12,0,-11,0,-12,2,-16,6,-19,8,-21,9,-22,8,-21,5,-23,2,-25,-1,-24,-1,-22,-1,-21,0,-21,1,-20,1,-18,2"
31.01966905593872,485,"CSI,1612,128,83,49,21,0,-3,12,1,12,3,13,3,16,4,21,6,23,7,23,8,24,7,23,2,21,0,22,0,20,0,18,0,14,1,9,3,5,4,3,7,1,11,0,11,0,10,2,10,5,11,5,11,3,8,3,1,0,0,0,0,0,0,0,0,0,0,0,0,0,0,0,0,0,0,0,-3,-2,-12,-6,-12,-7,-10,-9,-8,-11,-6,-8,-7,-3,-7,0,-6,1,-7,1,-8,2,-10,3,-11,4,-12,7,-15,10,-19,13,-21,14,-21,12,-23,10,-27,10,-29,10,-28,9,-25,8,-22,8,-22,8,-23,9,-22,8"
31.119870901107788,486,"CSI,1616,128,83,49,21,0,13,12,16,9,18,9,20,9,23,8,24,7,22,8,19,7,18,8,16,12,13,14,11,14,10,12,8,9,6,7,6,4,6,-1,6,-5,7,-6,8,-3,10,-2,12,-4,11,-5,8,-3,7,-1,1,0,0,0,0,0,0,0,0,0,0,0,0,0,0,0,0,0,0,0,-2,2,-6,11,-6,11,-7,9,-7,8,-4,7,0,7,3,8,3,8,4,9,7,12,8,15,9,16,9,15,8,15,7,23,6,27,5,26,3,25,3,24,1,23,1,23,3,21,4,18,5,18,5,19,4,18"
31.182461977005005,487,"CSI,2249,128,83,49,21,0,5,24,2,24,-1,23,-1,24,0,24,-1,20,-1,19,1,20,1,13,0,5,-1,1,0,0,4,0,7,0,8,-1,9,0,10,-1,10,-1,9,0,10,0,11,-1,10,-1,6,0,5,-1,5,-3,1,-1,0,0,0,0,0,0,0,0,0,0,0,0,0,0,0,0,0,0,0,-2,2,-8,1,-8,-1,-9,-1,-11,0,-11,-1,-9,-2,-5,-2,-4,-3,-4,-6,-2,-8,0,-9,2,-11,3,-15,3,-18,2,-19,2,-19,1,-18,1,-17,0,-15,-3,-11,-3,-7,1,-7,3,-6,5,-3,7,2,8"
31.223891973495483,488,"CSI,1620,128,83,49,21,0,0,5,1,10,1,13,2,14,2,15,0,17,-1,17,-5,14,-8,15,-7,18,-4,16,-4,12,-6,9,-5,6,-4,2,-5,0,-4,-2,-4,-5,-2,-7,0,-7,-1,-7,-2,-7,0,-8,1,-9,0,-11,0,-3,0,0,0,0,0,0,0,0,0,0,0,0,0,0,0,0,0,0,0,2,1,10,2,11,0,13,0,11,3,7,2,3,1,0,2,-1,3,-2,3,-7,4,-13,5,-16,4,-18,2,-20,3,-21,3,-24,4,-23,5,-20,3,-19,2,-19,2,-18,3,-16,3,-15,1,-14,0,-9,0,-5"
31.283879041671753,489,"CSI,2253,128,83,49,21,0,-14,-14,-14,-14,-12,-16,-13,-17,-14,-15,-12,-15,-7,-9,-7,-1,-6,0,-3,-2,-2,-3,-1,-2,1,-1,2,2,2,6,2,8,2,9,1,9,-2,7,-1,5,1,5,1,5,2,4,1,4,0,3,0,0,0,0,0,0,0,0,0,0,0,0,0,0,0,0,0,0,0,0,-2,0,-6,1,-5,1,-6,1,-7,-1,-7,-3,-7,-2,-6,0,-2,1,0,1,1,1,3,0,7,0,8,2,10,4,12,6,13,6,14,5,13,5,13,5,14,5,11,2,7,-1,4,-1,1,-2,-3,-5,-7,-7"
31.327208995819092,490,"CSI,1624,128,83,49,21,0,-13,3,-8,2,-4,1,2,2,6,5,11,8,10,10,4,12,3,14,7,16,7,18,8,18,6,18,3,17,1,12,-1,9,-1,6,0,1,2,-3,4,-4,5,-5,5,-7,6,-7,9,-7,10,-8,2,-3,0,0,0,0,0,0,0,0,0,0,0,0,0,0,0,0,0,0,-2,-2,-6,-9,-7,-10,-8,-10,-6,-10,-6,-8,-6,-5,-5,-5,-5,-7,-6,-8,-7,-6,-7,-2,-7,1,-10,2,-13,4,-16,3,-17,4,-17,7,-17,8,-19,6,-20,4,-20,5,-19,9,-18,11,-20,10,-22,10,-21,10"
31.6352801322937,491,"CSI,1636,128,83,49,21,0,-8,-9,-8,-9,-8,-10,-6,-10,-3,-10,-1,-10,0,-9,4,-6,7,-8,9,-11,9,-15,10,-16,9,-14,7,-10,7,-8,7,-7,8,-6,9,-4,8,-4,5,-3,5,0,5,2,6,3,8,3,9,2,2,0,0,0,0,0,0,0,0,0,0,0,0,0,0,0,0,0,0,0,-2,1,-6,5,-7,5,-9,6,-8,5,-7,3,-6,1,-6,1,-4,0,-2,0,-4,-1,-6,-3,-5,-6,-2,-7,-1,-9,-4,-9,-8,-10,-8,-11,-9,-12,-12,-12,-13,-10,-14,-9,-14,-11,-15,-13,-18,-11,-19,-8,-18,-6"
31.73343515396118,492,"CSI,1639,128,83,49,21,0,4,-14,4,-12,4,-7,6,-6,9,-7,12,-6,12,-5,8,-4,8,-2,12,-2,11,-3,12,-4,13,-7,11,-7,9,-5,9,-3,8,0,7,1,7,0,6,2,5,4,6,4,6,4,5,3,4,3,0,0,0,0,0,0,0,0,0,0,0,0,0,0,0,0,0,0,0,0,-1,-2,-3,-8,-1,-6,1,-4,1,-5,1,-5,1,-4,1,-4,1,-5,3,-5,5,-3,6,-3,7,-3,9,-3,9,-4,8,-4,7,-6,7,-9,9,-10,9,-13,9,-14,9,-15,7,-15,8,-13,9,-13,11,-15,11,-18"
31.840713024139404,493,"CSI,1644,128,83,49,21,0,-6,-9,-3,-7,-2,-7,1,-8,5,-12,7,-12,9,-12,11,-15,9,-16,7,-17,8,-15,7,-13,6,-13,7,-11,6,-8,4,-7,4,-6,4,-5,4,-5,4,-5,3,-3,4,0,6,1,6,0,6,-2,1,-1,0,0,0,0,0,0,0,0,0,0,0,0,0,0,0,0,0,0,-1,1,-5,6,-7,5,-9,4,-9,4,-7,2,-4,0,-4,-1,-5,0,-4,-2,-4,-3,-4,-4,-5,-6,-6,-6,-6,-6,-6,-8,-8,-10,-11,-11,-11,-12,-12,-12,-11,-11,-11,-13,-13,-13,-14,-12,-14,-10,-15,-8,-18,-9"
31.941968202590942,494,"CSI,1648,128,83,49,21,0,-7,2,-7,2,-6,0,-5,-4,-8,-8,-9,-10,-12,-11,-18,-13,-17,-11,-13,-8,-12,-8,-12,-11,-11,-12,-10,-11,-9,-7,-8,-5,-5,-4,-3,-4,0,-2,1,-2,1,-3,3,-4,4,-5,3,-6,2,-7,0,-2,0,0,0,0,0,0,0,0,0,0,0,0,0,0,0,0,0,0,0,2,1,9,1,9,1,7,2,4,3,3,1,5,-2,6,-4,5,-3,2,-4,1,-8,2,-13,3,-14,4,-13,3,-13,1,-14,2,-13,4,-14,5,-16,5,-18,6,-18,7,-16,6,-14,7,-14,8,-15,6,-16,4"
32.04451513290405,495,"CSI,1652,128,83,49,21,0,-12,-7,-8,-7,-4,-6,1,-6,5,-8,6,-11,5,-9,4,-4,7,-3,11,-7,11,-10,9,-11,7,-12,7,-11,5,-8,4,-10,4,-11,4,-7,3,-3,1,-2,1,-1,5,3,7,4,7,4,7,5,1,1,0,0,0,0,0,0,0,0,0,0,0,0,0,0,0,0,0,0,0,0,0,5,-2,8,-4,7,-5,5,-5,4,-4,4,-4,4,-3,4,-3,3,-5,1,-7,0,-7,0,-7,-2,-9,-6,-11,-7,-10,-7,-11,-8,-14,-11,-14,-13,-13,-14,-15,-14,-16,-15,-19,-15,-21,-12,-22,-9,-23,-8"
32.14528727531433,496,"CSI,1656,128,83,49,21,0,-2,-4,-2,-2,-2,-1,1,0,5,2,8,4,8,6,5,5,6,5,11,6,13,6,14,3,15,3,12,5,8,5,7,2,6,2,4,3,2,3,-1,1,-3,1,-4,3,-3,4,-2,5,-2,6,-1,1,0,0,0,0,0,0,0,0,0,0,0,0,0,0,0,0,0,0,-2,1,-6,6,-5,5,-4,5,-4,4,-6,2,-8,-1,-7,0,-4,0,-3,-1,-4,-4,-3,-6,-2,-7,-2,-9,-2,-11,-1,-14,1,-17,3,-16,1,-17,-2,-20,-1,-21,0,-19,1,-19,0,-18,-1,-16,-4,-14,-6,-12"
32.248756885528564,497,"CSI,1660,128,83,49,21,0,4,4,4,5,3,8,2,11,2,13,3,15,4,13,6,8,7,9,6,12,7,12,8,12,6,13,4,12,4,10,1,11,-3,9,-6,5,-7,0,-8,-2,-8,-2,-6,-2,-6,-1,-7,0,-8,0,-2,-1,0,0,0,0,0,0,0,0,0,0,0,0,0,0,0,0,0,0,-3,-1,-10,-3,-11,-3,-10,-1,-7,-1,-5,-3,-6,-3,-6,-3,-3,-3,1,-3,3,-2,5,-1,9,-2,13,-4,14,-6,16,-7,18,-9,17,-12,15,-11,14,-11,13,-14,13,-17,13,-18,11,-16,9,-13,5,-10,3,-8"
32.352816104888916,498,"CSI,1664,128,83,49,21,0,-8,-6,-8,-5,-9,-4,-12,1,-15,4,-16,3,-14,-1,-12,-5,-16,-5,-21,-3,-20,-2,-19,-2,-18,-3,-14,-2,-10,-5,-6,-7,-2,-2,-1,1,-2,-1,-1,1,2,5,3,6,3,5,2,5,2,4,0,1,0,0,0,0,0,0,0,0,0,0,0,0,0,0,0,0,0,0,1,-1,4,-3,6,-4,7,-4,8,-5,7,-4,5,-2,5,-1,4,-1,3,-1,1,-3,-2,-8,-4,-11,-5,-11,-5,-11,-6,-14,-8,-18,-8,-21,-6,-22,-3,-23,-2,-23,-1,-21,0,-20,-1,-19,-3,-19,-4,-18,-5,-16"
32.413371086120605,499,"CSI,2297,128,83,49,21,0,-13,17,-15,17,-15,13,-14,10,-13,9,-14,7,-12,10,-9,15,-8,9,-8,1,-6,1,-2,3,1,4,2,4,6,5,8,8,7,10,6,12,5,13,4,13,4,10,5,9,4,9,3,8,3,6,1,1,0,0,0,0,0,0,0,0,0,0,0,0,0,0,0,0,0,0,0,-1,1,-4,3,-3,5,-3,5,-4,3,-4,1,-3,1,-2,0,-2,-3,-1,-4,0,-5,-1,-7,-2,-8,-1,-8,-2,-9,-4,-11,-4,-12,-3,-11,-4,-8,-6,-7,-4,-7,-2,-7,-1,-8,0,-7,3,-7,7,-7,11"
32.45267200469971,500,"CSI,1668,128,83,49,21,0,-3,-9,-1,-7,2,-5,4,0,6,6,8,7,7,8,5,12,9,15,13,14,12,10,10,8,10,7,10,7,7,8,2,7,0,5,-1,4,0,1,0,-2,-3,-2,-6,-1,-9,0,-10,0,-8,-1,-2,-1,0,0,0,0,0,0,0,0,0,0,0,0,0,0,0,0,0,0,0,1,4,6,4,7,3,8,2,9,2,9,2,7,2,5,2,4,3,3,3,3,1,2,-1,1,-3,-1,-6,-5,-5,-8,-5,-12,-7,-15,-8,-16,-9,-17,-11,-18,-10,-19,-8,-20,-10,-19,-12,-18,-11,-19,-10,-20"
32.556309938430786,501,"CSI,1672,128,83,49,21,0,-6,-9,-1,-5,6,0,11,4,14,7,17,9,15,12,9,10,12,8,19,6,19,3,18,2,16,2,13,5,11,6,8,3,3,2,-2,2,-3,0,-5,-1,-7,2,-8,4,-9,6,-10,8,-9,8,-2,1,0,0,0,0,0,0,0,0,0,0,0,0,0,0,0,0,0,0,-1,2,-5,8,-4,7,-3,7,-3,9,-4,9,-6,8,-7,7,-4,5,-2,3,-3,2,-4,-1,-3,-4,-3,-8,-4,-13,-6,-15,-6,-16,-5,-19,-6,-22,-8,-25,-8,-26,-9,-26,-10,-25,-13,-24,-15,-24,-13,-23,-10,-21"
32.658358097076416,502,"CSI,1676,128,83,49,21,0,-9,-6,-9,0,-5,2,3,4,9,6,10,8,11,8,13,6,16,5,16,8,14,11,13,12,14,11,15,7,12,7,6,7,3,4,0,2,-2,0,-1,0,-1,-1,-4,-3,-6,-4,-8,-5,-8,-4,-2,-1,0,0,0,0,0,0,0,0,0,0,0,0,0,0,0,0,0,0,1,1,7,5,6,4,4,7,4,8,7,7,8,6,6,5,4,4,3,3,3,3,1,1,-1,-3,-4,-8,-7,-10,-9,-10,-12,-12,-12,-16,-12,-18,-13,-19,-17,-19,-19,-19,-18,-21,-18,-21,-21,-21,-21,-22,-18,-23"
32.76076912879944,503,"CSI,1680,128,83,49,21,0,1,10,-1,4,-3,-1,-4,-5,-7,-9,-11,-11,-10,-14,-9,-17,-14,-16,-19,-16,-20,-14,-18,-12,-15,-12,-13,-11,-9,-10,-7,-8,-5,-6,-2,-4,1,-1,4,-2,5,-3,6,-2,7,-1,9,-1,11,-1,3,0,0,0,0,0,0,0,0,0,0,0,0,0,0,0,0,0,0,0,-2,-2,-8,-8,-7,-9,-5,-10,-4,-10,-4,-10,-1,-11,2,-9,2,-10,1,-12,0,-9,1,-3,4,1,4,5,4,7,4,9,6,14,9,17,10,19,11,22,11,23,13,22,16,23,14,24,14,26,17,26,16,24"
32.86290502548218,504,"CSI,1684,128,83,49,21,0,3,-4,4,2,4,6,2,11,0,14,0,14,0,17,-1,24,1,24,4,19,4,17,2,17,2,16,4,13,4,9,2,8,1,6,-2,4,-4,1,-4,-3,-5,-5,-6,-4,-7,-4,-7,-5,-6,-4,-2,-1,0,0,0,0,0,0,0,0,0,0,0,0,0,0,0,0,0,0,-2,1,-8,5,-8,5,-9,6,-10,6,-11,5,-11,3,-10,2,-7,1,-4,0,-2,-2,2,-3,5,-5,6,-8,7,-12,8,-14,10,-16,11,-19,11,-22,11,-25,11,-25,12,-26,12,-24,9,-20,8,-19,9,-22,10,-23"
32.966533184051514,505,"CSI,1688,128,83,49,21,0,3,3,-2,3,-6,4,-8,7,-8,11,-10,13,-10,14,-7,15,-8,15,-10,14,-9,13,-8,12,-9,12,-9,11,-6,9,-4,7,-3,4,-3,0,-3,-1,-3,-1,-3,-4,-3,-6,-2,-7,-2,-7,-3,-9,-1,-3,0,0,0,0,0,0,0,0,0,0,0,0,0,0,0,0,0,0,-2,-2,-8,-5,-8,-6,-10,-5,-10,-4,-8,-5,-7,-6,-5,-4,-2,-1,-1,1,-1,0,0,-3,4,-5,9,-4,12,-2,13,0,15,-1,18,-3,20,-4,22,-4,23,-4,24,-5,22,-5,17,-6,16,-7,16,-8,14,-9"
33.066394090652466,506,"CSI,1692,128,83,49,21,0,-5,6,0,5,3,2,5,0,7,-2,9,-3,11,-3,12,0,16,2,18,-2,16,-4,13,-4,14,-2,14,0,10,0,7,-2,5,-2,1,1,-2,1,-4,1,-7,0,-7,-1,-6,0,-7,0,-8,1,-2,0,0,0,0,0,0,0,0,0,0,0,0,0,0,0,0,0,0,0,-1,-3,0,-9,2,-9,4,-9,4,-10,5,-9,5,-7,2,-6,1,-4,1,-1,0,0,-1,0,-2,4,-6,6,-8,7,-9,7,-13,8,-16,11,-15,11,-17,13,-19,14,-18,14,-17,16,-17,15,-16,12,-19,12,-19,13"
33.37466907501221,507,"CSI,1704,128,83,49,21,0,0,7,-2,2,-3,-2,-6,-4,-9,-5,-10,-7,-8,-9,-4,-10,-6,-13,-9,-13,-9,-13,-10,-13,-11,-11,-7,-7,-5,-7,-6,-6,-2,-2,0,0,0,0,2,-1,4,0,3,3,3,3,4,3,4,3,1,1,0,0,0,0,0,0,0,0,0,0,0,0,0,0,0,0,0,0,0,-3,-1,-9,-4,-10,-7,-10,-7,-9,-5,-9,-3,-10,-2,-9,-1,-8,-1,-5,0,-2,3,1,3,4,2,6,3,6,5,9,5,13,4,14,5,14,10,17,12,20,11,23,10,24,8,21,8,17,12,14,14,15"
33.47708320617676,508,"CSI,1708,128,83,49,21,0,-1,-1,0,-2,1,-6,5,-9,9,-11,12,-13,12,-17,9,-21,8,-18,9,-13,9,-10,8,-8,7,-8,6,-8,4,-5,0,-2,-2,1,-2,2,-2,2,-4,2,-5,1,-5,3,-3,5,-2,4,-3,2,-1,0,0,0,0,0,0,0,0,0,0,0,0,0,0,0,0,0,0,0,1,-3,4,-10,4,-7,5,-7,6,-7,6,-5,4,-4,3,-3,4,-1,2,0,1,0,1,0,-2,2,-6,5,-8,7,-9,7,-11,11,-13,14,-14,15,-14,14,-14,14,-15,13,-17,13,-19,13,-17,14,-14,13,-9,9"
33.57972812652588,509,"CSI,1712,128,83,49,21,0,0,-4,0,3,-2,7,-4,8,-7,11,-8,14,-10,16,-14,20,-12,20,-9,16,-7,16,-5,16,-3,13,-3,11,-2,9,-1,4,1,0,2,-2,1,-3,1,-3,2,-3,3,-6,3,-8,2,-7,2,-7,0,-2,0,0,0,0,0,0,0,0,0,0,0,0,0,0,0,0,0,0,-1,1,0,7,-2,8,-4,9,-4,10,-3,9,-3,8,-3,7,-3,3,-4,-1,-3,-3,-4,-4,-3,-8,0,-11,3,-14,4,-17,2,-20,1,-19,3,-18,5,-19,7,-20,12,-23,14,-28,12,-26,8,-20,6,-17,5,-14"
33.683188915252686,510,"CSI,1716,128,83,49,21,0,4,-6,1,-7,-6,-6,-11,-7,-13,-9,-15,-10,-15,-12,-13,-15,-14,-13,-15,-10,-15,-9,-14,-9,-13,-7,-11,-5,-10,-5,-9,-5,-8,-2,-6,1,-5,1,-5,2,-4,4,-2,5,1,6,2,4,1,3,0,0,0,0,0,0,0,0,0,0,0,0,0,0,0,0,0,0,0,0,1,2,5,7,5,7,6,10,7,11,7,9,4,9,4,8,4,4,3,3,2,3,1,3,2,-2,3,-8,6,-10,11,-14,14,-15,13,-13,12,-14,16,-18,19,-20,20,-18,22,-15,22,-13,19,-15,16,-15,17,-11"
33.78431296348572,511,"CSI,1720,128,83,49,21,0,-3,-2,-3,1,-4,4,-6,9,-8,13,-8,13,-5,13,-1,13,-4,16,-9,19,-10,18,-8,15,-5,12,-3,11,-4,10,-4,8,-3,5,-1,1,1,-2,2,-3,3,-2,4,-2,4,-4,3,-6,3,-7,0,-2,0,0,0,0,0,0,0,0,0,0,0,0,0,0,0,0,0,0,1,1,6,6,4,6,5,6,7,5,6,6,4,7,5,6,6,4,5,4,4,2,3,-1,2,-4,2,-6,0,-10,-2,-17,-2,-21,-2,-22,-2,-23,-3,-24,-3,-24,-3,-25,-2,-27,0,-25,1,-22,0,-22,-2,-20"
33.882535219192505,512,"CSI,0,128,-128,-128,7,0,0,-13,-2,-12,-3,-10,-5,-9,-7,-8,-10,-8,-11,-8,-12,-8,-13,-8,-14,-9,-14,-10,-13,-11,-12,-11,-11,-11,-9,-10,-8,-9,-7,-7,-6,-6,-6,-5,-6,-3,-6,-2,-7,-2,-8,-2,-9,-3,-9,-4,-3,-1,0,0,0,0,0,0,0,0,0,0,0,0,0,0,0,0,0,0,0,-2,1,-8,2,-9,4,-10,5,-10,7,-10,9,-10,10,-9,11,-8,11,-6,11,-5,10,-5,9,-5,7,-5,6,-6,4,-7,3,-9,2,-11,1,-13,1,-15,1,-17,1,-18,2,-19,2,-20,3,-20,3,-19,4,-19"
33.910919189453125,513,"CSI,1724,128,83,49,21,0,7,1,2,1,-2,2,-7,4,-10,4,-14,3,-19,-1,-22,-5,-21,-3,-19,1,-17,3,-14,2,-12,2,-12,3,-11,4,-9,1,-6,-2,-3,-2,-1,-2,0,0,2,1,4,-1,7,-2,7,-2,6,-2,1,-1,0,0,0,0,0,0,0,0,0,0,0,0,0,0,0,0,0,0,-2,0,-6,0,-9,-1,-11,-1,-11,-1,-10,-1,-8,-1,-7,-1,-5,1,-3,2,1,1,4,-1,5,-1,8,0,10,1,12,1,14,1,16,0,20,-1,22,0,22,0,21,-1,22,-4,23,-5,24,-5,21,-5,15,-4"
33.988648891448975,514,"CSI,1728,128,83,49,21,0,-14,5,-5,3,3,1,6,3,8,7,13,8,15,7,12,8,13,8,17,6,17,4,17,4,16,6,13,6,11,6,9,5,7,4,5,4,1,2,-1,-1,-3,-1,-5,-1,-7,-4,-7,-4,-5,-4,-2,-1,0,0,0,0,0,0,0,0,0,0,0,0,0,0,0,0,0,0,0,-3,4,-9,7,-9,8,-8,7,-6,6,-5,5,-5,4,-5,4,-4,1,-5,-1,-4,-3,-2,-5,-1,-7,-2,-10,-2,-15,0,-19,2,-20,2,-19,1,-20,2,-23,2,-25,2,-26,2,-25,3,-22,4,-20,3,-18,3"
34.04869508743286,515,"CSI,2360,128,83,49,21,0,14,-12,17,-14,18,-13,17,-11,14,-8,12,-7,9,-7,1,-7,-1,-6,1,-4,1,-2,1,-1,1,-2,-4,-1,-8,1,-6,1,-5,0,-8,-1,-10,-2,-10,-2,-12,-2,-11,-3,-9,-2,-7,-1,-6,-2,-2,-1,0,0,0,0,0,0,0,0,0,0,0,0,0,0,0,0,0,0,-2,-1,-6,-4,-5,-4,-4,-2,-4,-2,-4,-2,-3,-1,-3,1,-2,1,-1,0,-2,2,0,5,2,7,0,7,0,7,5,8,4,9,1,9,1,8,2,9,1,9,3,7,4,6,2,4,2,-1,4,-4,5,-5"
34.08754825592041,516,"CSI,1246,128,-118,32,8,0,-26,-1,-29,-1,-31,-1,-31,-1,-31,-1,-31,-2,-29,-4,-26,-4,-22,-3,-19,-2,-15,-1,-12,2,-10,5,-9,8,-8,11,-7,13,-8,14,-10,15,-11,16,-13,15,-14,14,-15,12,-15,9,-14,6,-14,4,-4,0,0,0,0,0,0,0,0,0,0,0,0,0,0,0,0,0,0,0,1,-6,5,-22,7,-21,10,-18,10,-16,10,-14,9,-12,8,-10,5,-10,1,-12,-2,-14,-4,-16,-6,-19,-7,-22,-7,-25,-7,-27,-6,-29,-5,-29,-4,-30,-4,-29,-4,-28,-4,-25,-4,-22,-5,-19,-8,-14,-12,-10,-15,-8"
34.12081503868103,517,"CSI,1247,128,-98,96,9,0,21,-13,23,-15,25,-16,26,-17,27,-17,27,-16,25,-14,22,-12,19,-10,17,-9,14,-8,10,-8,7,-9,5,-10,2,-12,0,-13,-1,-14,-1,-16,-1,-18,1,-19,3,-20,5,-19,7,-18,9,-16,10,-13,2,-4,0,0,0,0,0,0,0,0,0,0,0,0,0,0,0,0,0,0,1,5,5,20,2,19,0,17,-1,15,-1,13,0,11,2,9,5,9,9,9,12,10,15,12,17,14,18,16,19,18,19,19,19,21,18,21,17,21,18,21,17,20,16,18,14,14,12,10,13,6,15,2,16,-2"
34.150964975357056,518,"CSI,1732,128,83,49,21,0,0,6,-1,-1,2,-7,5,-11,7,-12,7,-15,6,-14,5,-10,5,-12,7,-18,7,-19,6,-16,5,-14,3,-12,1,-10,2,-8,1,-7,0,-5,-1,-2,-4,3,-5,5,-2,8,-1,10,-1,10,-1,8,0,1,0,0,0,0,0,0,0,0,0,0,0,0,0,0,0,0,0,0,0,-4,0,-12,1,-10,0,-10,0,-11,4,-10,4,-8,2,-6,1,-5,0,-5,1,-3,2,-1,1,2,0,5,0,9,-3,12,-5,12,-6,15,-6,19,-8,20,-9,18,-9,18,-9,21,-8,21,-7,19,-5,16,-3,15"
34.19374418258667,519,"CSI,1736,128,83,49,21,0,4,2,-1,1,-4,-2,-7,-3,-12,-3,-17,-5,-17,-9,-15,-12,-16,-13,-18,-11,-18,-9,-16,-8,-15,-7,-14,-6,-12,-5,-10,-2,-8,1,-4,2,0,2,3,3,5,4,7,4,6,3,4,2,5,3,1,1,0,0,0,0,0,0,0,0,0,0,0,0,0,0,0,0,0,0,-3,1,-10,5,-8,3,-8,2,-10,3,-11,2,-10,2,-8,1,-8,-1,-9,-1,-5,0,-1,-3,1,-5,2,-4,6,-2,11,1,13,2,15,0,16,1,20,1,24,1,24,2,21,3,21,3,23,2,20,1,15,1"
34.2956337928772,520,"CSI,1740,128,83,49,21,0,1,12,2,7,4,0,6,-5,7,-9,8,-12,10,-17,12,-21,9,-18,8,-14,7,-13,7,-12,7,-11,8,-9,8,-8,5,-7,4,-5,1,-4,-3,-3,-5,-2,-7,0,-8,2,-8,3,-9,2,-10,2,-3,0,0,0,0,0,0,0,0,0,0,0,0,0,0,0,0,0,0,0,-2,0,-8,2,-10,1,-12,0,-11,0,-11,0,-12,-1,-11,-4,-8,-5,-7,-4,-6,-2,-3,1,0,3,3,5,8,6,9,9,7,14,8,18,8,22,5,24,3,25,5,28,6,27,5,24,5,24,6,24,7,22"
34.39988613128662,521,"CSI,1744,128,83,49,21,0,-2,13,-2,6,-3,0,-3,-6,-3,-9,-3,-11,-6,-11,-10,-10,-9,-13,-7,-18,-7,-18,-8,-15,-7,-16,-5,-16,-5,-15,-4,-11,-2,-6,1,-2,2,-2,3,-2,5,1,6,2,6,2,6,2,6,5,1,1,0,0,0,0,0,0,0,0,0,0,0,0,0,0,0,0,0,0,1,-2,6,-8,7,-7,9,-7,9,-7,9,-7,10,-5,9,-6,6,-6,5,-5,6,-4,3,-5,-1,-4,-5,0,-8,3,-10,7,-11,9,-13,10,-11,13,-9,15,-10,17,-11,21,-12,25,-10,24,-8,24,-7,22,-7,18"
34.501457929611206,522,"CSI,1748,128,83,49,21,0,9,6,4,4,2,0,-2,-4,-8,-8,-10,-9,-10,-8,-12,-6,-13,-6,-13,-7,-15,-9,-14,-10,-12,-10,-10,-6,-8,-5,-5,-6,-3,-4,-2,-3,-1,-5,0,-4,2,-2,3,1,4,1,4,0,4,2,1,1,0,0,0,0,0,0,0,0,0,0,0,0,0,0,0,0,0,0,-3,0,-10,-1,-9,-5,-8,-7,-8,-7,-7,-6,-6,-6,-6,-5,-3,-5,-2,-5,-2,-2,-1,1,1,3,2,6,3,8,4,8,7,9,9,10,10,11,12,12,11,13,9,11,10,11,14,12,16,12,15,11,12,11"
34.55673599243164,523,"CSI,2042,128,77,-47,20,0,4,-5,2,-4,-3,-6,-7,-8,-9,-10,-10,-8,-14,-6,-17,-8,-14,-10,-12,-10,-11,-8,-10,-6,-9,-4,-9,-4,-9,-6,-7,-6,-5,-4,-3,-2,-3,0,-3,1,-2,2,-2,4,-1,5,-1,5,-2,4,-1,1,0,0,0,0,0,0,0,0,0,0,0,0,0,0,0,0,0,0,1,1,4,5,3,8,2,9,0,9,-1,8,-2,7,-4,5,-3,2,-1,-1,2,-1,4,-3,5,-6,5,-6,6,-6,10,-7,13,-9,15,-9,19,-8,22,-8,21,-10,20,-10,19,-8,18,-7,17,-7,12,-9,6,-9"
34.5899760723114,524,"CSI,2043,128,77,-47,20,0,-3,8,-3,8,-2,3,2,-3,7,-3,11,-4,15,-4,19,-3,19,-8,17,-12,16,-9,12,-6,10,-5,12,-3,11,-2,6,-1,2,2,-1,2,-2,1,-3,-2,-5,-2,-8,0,-9,-1,-8,-2,-6,0,-2,0,0,0,0,0,0,0,0,0,0,0,0,0,0,0,0,0,0,0,-1,-3,-2,-11,-2,-12,-1,-11,0,-10,0,-10,-1,-11,0,-11,0,-6,-1,-3,-1,-4,-2,-2,-5,3,-5,6,-6,6,-9,7,-9,8,-10,9,-13,11,-15,13,-16,14,-14,15,-14,16,-14,14,-13,14,-12,14,-12,12"
34.620315074920654,525,"CSI,1752,128,83,49,21,0,-9,0,-6,2,-4,2,-5,4,-5,7,-4,11,-1,15,2,21,2,22,0,19,-3,16,-4,13,-3,12,-3,11,-3,10,-4,9,-4,4,-2,0,-1,-2,-1,-3,0,-3,3,-4,4,-5,5,-6,7,-7,2,-2,0,0,0,0,0,0,0,0,0,0,0,0,0,0,0,0,0,0,1,-1,7,-2,8,-3,8,-2,7,-3,9,-4,10,-3,8,-2,5,0,1,0,-1,-2,-2,-4,-5,-5,-7,-7,-9,-9,-13,-12,-17,-13,-16,-14,-14,-15,-16,-16,-15,-18,-11,-21,-11,-23,-13,-22,-16,-20,-17,-18,-15,-16"
34.706748247146606,526,"CSI,1756,128,83,49,21,0,-4,8,2,7,5,7,7,10,9,10,12,9,13,8,12,6,11,8,11,14,11,15,11,13,10,10,6,7,4,7,3,7,0,5,-1,3,2,-2,3,-5,2,-4,3,-5,4,-7,4,-8,4,-7,0,-2,0,0,0,0,0,0,0,0,0,0,0,0,0,0,0,0,0,0,-3,-1,-11,-2,-11,-2,-11,-5,-10,-6,-8,-5,-7,-3,-7,1,-7,3,-5,3,-4,4,-4,6,-5,8,-7,12,-6,15,-6,15,-9,16,-13,16,-13,15,-14,15,-16,16,-19,16,-18,14,-19,12,-20,12,-20,15,-21,16"
34.77284288406372,527,"CSI,2390,128,83,49,21,0,-24,-7,-23,-11,-22,-14,-21,-16,-20,-16,-18,-15,-16,-14,-19,-13,-17,-10,-12,-7,-8,-7,-7,-5,-7,0,-5,2,-5,2,-7,6,-9,9,-11,8,-11,6,-9,6,-9,3,-9,1,-9,2,-9,2,-7,1,-2,0,0,0,0,0,0,0,0,0,0,0,0,0,0,0,0,0,0,0,2,-1,9,-2,9,-3,8,-2,6,1,4,1,4,0,6,-1,7,-1,4,-1,1,-4,2,-9,4,-13,4,-11,1,-10,0,-12,0,-15,1,-17,3,-18,4,-18,3,-16,3,-15,1,-14,0,-11,-3,-10,-9,-9,-11,-4"
34.808186054229736,528,"CSI,1760,128,83,49,21,0,6,-2,4,-4,3,-7,2,-9,-1,-10,-2,-14,-2,-18,-2,-15,-2,-14,-1,-16,-2,-17,-1,-17,1,-17,2,-15,2,-14,1,-12,1,-8,0,-5,-1,-4,-2,-2,-6,0,-10,2,-8,2,-7,1,-10,0,-4,0,0,0,0,0,0,0,0,0,0,0,0,0,0,0,0,0,0,0,-1,2,-3,11,-5,11,-7,10,-7,9,-7,7,-7,6,-5,4,-2,3,-1,4,0,5,3,3,5,2,9,2,10,4,10,5,13,5,16,6,17,8,18,9,19,9,21,9,20,9,18,10,18,8,15,6,14,5"
34.86748790740967,529,"CSI,2392,128,83,49,21,0,12,6,12,5,15,5,18,5,19,5,17,6,11,4,4,1,2,2,1,2,0,1,-1,-1,-1,-3,0,-4,0,-4,-1,-5,-1,-8,0,-10,-2,-10,-5,-9,-6,-8,-3,-7,0,-7,2,-7,3,-7,1,-2,0,0,0,0,0,0,0,0,0,0,0,0,0,0,0,0,0,0,-1,-1,-3,-5,-4,-6,-5,-7,-6,-8,-5,-7,-2,-6,0,-4,0,-3,-2,-1,-4,1,-4,3,-2,4,-3,5,-7,8,-8,8,-6,8,-5,9,-8,10,-8,10,-7,8,-7,6,-6,5,-4,3,-2,1,0,0,5,0"
34.910624980926514,530,"CSI,1764,128,83,49,21,0,-10,3,-4,3,1,3,4,2,7,1,11,1,16,-2,21,-5,22,-5,21,-5,20,-5,19,-4,18,-4,18,-3,17,0,15,0,11,-1,6,0,2,0,-2,1,-3,1,-4,-1,-6,-2,-7,-2,-6,-2,-2,-1,0,0,0,0,0,0,0,0,0,0,0,0,0,0,0,0,0,0,1,-2,6,-8,7,-10,6,-11,5,-11,5,-10,6,-9,7,-8,5,-6,2,-5,2,-4,1,-2,-2,0,-4,2,-6,4,-11,5,-14,5,-15,6,-17,6,-22,7,-24,6,-25,6,-26,8,-26,9,-26,7,-22,7,-20,10"
35.014501094818115,531,"CSI,1768,128,83,49,21,0,-5,-6,-4,-2,-4,3,-4,5,-5,5,-7,10,-6,15,-5,13,-7,11,-10,15,-9,16,-9,14,-8,13,-6,13,-4,11,-4,8,-4,5,-4,2,-2,1,0,1,3,0,6,-1,7,-1,7,-1,6,-2,1,-1,0,0,0,0,0,0,0,0,0,0,0,0,0,0,0,0,0,0,1,-1,6,-4,8,-3,10,-2,10,-1,6,0,3,0,4,-1,6,-1,5,-1,3,-2,0,-2,-4,-4,-4,-7,-5,-10,-8,-10,-12,-13,-14,-17,-14,-19,-12,-21,-10,-24,-9,-24,-9,-22,-8,-18,-9,-17,-8,-17,-6,-13"
35.10069704055786,532,"CSI,2044,128,77,-47,20,0,7,4,0,6,-5,6,-10,4,-12,4,-14,7,-14,10,-13,9,-17,10,-19,11,-17,11,-15,11,-14,10,-11,6,-9,4,-9,3,-9,2,-7,1,-2,-1,2,-4,3,-6,3,-6,2,-7,0,-8,-1,-10,-1,-3,0,0,0,0,0,0,0,0,0,0,0,0,0,0,0,0,0,0,-1,-2,-3,-9,-1,-11,-2,-12,-3,-14,-3,-13,-2,-10,0,-9,0,-9,1,-7,2,-5,2,-1,3,2,6,3,8,4,8,7,10,9,16,8,19,8,19,11,20,13,22,12,23,11,22,11,23,10,23,10,21,10"
35.136741161346436,533,"CSI,1258,128,-118,32,8,0,-21,11,-23,12,-25,13,-26,14,-26,14,-26,13,-24,10,-21,8,-18,8,-15,7,-12,6,-9,7,-6,8,-4,9,-1,11,0,13,1,14,1,15,0,16,-1,17,-3,17,-5,16,-6,15,-8,13,-9,11,-3,2,0,0,0,0,0,0,0,0,0,0,0,0,0,0,0,0,0,0,-1,-6,-2,-20,0,-20,2,-18,3,-16,3,-14,2,-12,0,-10,-2,-9,-6,-9,-9,-11,-12,-12,-14,-14,-16,-16,-16,-18,-17,-20,-17,-22,-16,-22,-15,-22,-15,-23,-15,-21,-14,-18,-12,-15,-11,-11,-12,-7,-14,-3,-15,1"
35.17006301879883,534,"CSI,1259,128,-98,96,9,0,15,-22,16,-25,18,-26,20,-26,21,-26,20,-25,18,-22,15,-18,12,-16,8,-15,4,-13,1,-13,-3,-12,-6,-13,-8,-14,-10,-15,-10,-17,-10,-18,-9,-19,-7,-20,-5,-20,-3,-19,-1,-17,1,-15,1,-13,0,-3,0,0,0,0,0,0,0,0,0,0,0,0,0,0,0,0,0,0,3,4,12,18,10,20,7,21,4,21,2,19,1,17,1,14,2,11,4,9,8,8,12,7,16,6,20,7,23,8,25,10,26,12,25,13,25,14,26,16,25,16,22,14,19,10,16,5,15,1,14,-3,14,-8"
35.20066809654236,535,"CSI,1772,128,83,49,21,0,0,5,-3,1,-6,-1,-9,-3,-13,-4,-18,-3,-21,-3,-21,-1,-19,1,-17,3,-17,3,-19,2,-18,2,-17,0,-14,0,-11,0,-7,-1,-3,-1,-2,-1,0,-4,4,-6,6,-6,6,-5,5,-7,5,-9,1,-3,0,0,0,0,0,0,0,0,0,0,0,0,0,0,0,0,0,0,0,-2,1,-10,2,-12,2,-12,3,-10,3,-10,3,-10,3,-8,1,-7,1,-6,2,-5,3,-2,4,2,4,4,4,6,5,11,6,14,9,15,9,16,11,18,13,20,16,24,18,24,18,22,16,22,13,20,12,16"
35.23125100135803,536,"CSI,2045,128,77,-47,20,0,9,4,3,2,-9,0,-15,0,-15,-6,-18,-14,-17,-15,-15,-11,-16,-8,-16,-6,-15,-7,-15,-6,-15,-4,-13,-5,-10,-6,-5,-5,-1,-5,2,-5,4,0,5,3,2,0,4,-2,7,-2,6,-3,6,-5,1,-2,0,0,0,0,0,0,0,0,0,0,0,0,0,0,0,0,0,0,-1,-3,-3,-11,0,-13,5,-15,9,-15,5,-13,1,-11,2,-6,4,-4,2,-6,1,-5,2,-2,1,2,2,6,6,8,4,14,1,21,0,23,1,22,4,21,6,22,4,25,3,26,6,23,10,22,11,21,10,20"
35.264638900756836,537,"CSI,1261,128,-128,-128,7,0,-16,-5,-11,-1,-9,3,-6,8,-4,13,-1,17,1,20,1,21,1,24,0,25,-1,25,-1,24,-2,23,-2,21,-2,18,-2,14,-2,10,-1,6,1,3,4,2,6,1,8,0,10,0,12,2,12,3,3,0,0,0,0,0,0,0,0,0,0,0,0,0,0,0,0,0,0,0,-1,-4,-3,-14,-2,-16,0,-19,3,-22,6,-23,9,-23,11,-22,13,-21,13,-19,12,-17,10,-15,8,-12,4,-10,-1,-8,-6,-8,-10,-8,-15,-8,-20,-9,-25,-11,-29,-13,-31,-14,-32,-14,-33,-16,-32,-16,-32,-15,-30,-14"
35.29520797729492,538,"CSI,1776,128,83,49,21,0,-2,-8,-1,-5,-1,0,-4,7,-6,11,-5,13,-6,14,-6,18,-4,20,-4,19,-4,17,-4,16,-6,15,-6,13,-4,9,-5,4,-4,3,0,1,0,-2,-1,-4,1,-6,1,-6,0,-6,0,-5,1,-3,0,-1,0,0,0,0,0,0,0,0,0,0,0,0,0,0,0,0,0,0,-1,2,-3,9,-5,9,-6,8,-6,8,-5,8,-5,6,-6,4,-5,2,-3,2,-1,0,0,-2,1,-5,4,-6,6,-8,6,-12,6,-17,7,-19,7,-20,9,-21,8,-20,9,-18,11,-18,10,-19,9,-18,7,-16,6,-12"
35.32573890686035,539,"CSI,1780,128,83,49,21,0,3,0,0,4,-4,8,-5,12,-2,15,1,15,1,16,1,18,0,19,1,18,1,16,-1,15,-1,14,1,11,3,9,2,7,0,5,-1,0,-2,-3,-5,-3,-6,-3,-8,-3,-8,-3,-8,-3,-8,-2,-2,-1,0,0,0,0,0,0,0,0,0,0,0,0,0,0,0,0,0,0,-3,-1,-8,0,-8,-1,-8,-3,-8,-6,-7,-7,-5,-5,-2,-3,-1,-3,-1,-4,1,-4,2,-5,4,-6,8,-7,11,-8,13,-8,16,-9,17,-10,16,-12,17,-15,16,-14,14,-14,15,-14,18,-12,17,-9,13,-8,9,-7"
35.42232298851013,540,"CSI,1784,128,83,49,21,0,-6,-2,-3,1,1,3,7,4,12,3,14,3,14,1,12,-2,13,0,14,4,15,5,16,3,15,0,14,1,13,1,11,2,8,4,6,2,1,1,-3,1,-5,2,-7,1,-8,-1,-6,0,-5,1,-2,0,0,0,0,0,0,0,0,0,0,0,0,0,0,0,0,0,0,0,1,-1,7,-1,7,-1,9,0,9,2,8,4,5,4,5,3,3,2,1,3,0,4,-2,1,-4,-1,-5,-2,-9,-5,-13,-5,-16,-3,-18,-3,-19,-2,-19,-1,-19,-5,-18,-9,-17,-8,-19,-6,-21,-4,-21,-2,-18,-5"
35.52519488334656,541,"CSI,1788,128,83,49,21,0,-3,5,-3,1,-2,-1,2,-1,6,-1,8,-4,8,-4,7,-2,10,-4,13,-7,13,-7,10,-7,8,-7,8,-5,5,-4,2,-6,2,-6,2,-6,2,-5,1,-2,-1,-1,-3,-1,-4,1,-5,2,-5,0,-2,-1,0,0,0,0,0,0,0,0,0,0,0,0,0,0,0,0,0,0,-1,-2,-2,-8,-1,-10,2,-10,3,-8,2,-8,1,-7,0,-3,0,-2,-1,-3,-3,-2,-1,2,0,4,-3,5,-6,5,-8,5,-9,7,-12,9,-12,10,-10,11,-8,13,-8,14,-8,14,-8,14,-9,14,-10,11,-9,9"
35.62588405609131,542,"CSI,1792,128,83,49,21,0,-13,5,-10,2,-6,2,-2,1,0,-1,1,-4,3,-8,9,-12,8,-15,4,-15,3,-14,3,-14,4,-14,6,-12,6,-10,6,-8,4,-6,0,-4,0,-2,3,-2,5,0,4,4,4,5,4,5,2,5,0,1,0,0,0,0,0,0,0,0,0,0,0,0,0,0,0,0,0,0,1,-1,6,-4,6,-3,6,-2,7,-1,7,-1,7,-1,6,-1,5,0,5,0,3,0,3,3,2,4,0,2,-3,2,-5,5,-7,5,-6,3,-7,3,-9,5,-11,8,-13,9,-16,9,-16,9,-16,11,-15,13,-12,14"
35.72902011871338,543,"CSI,1796,128,83,49,21,0,7,-13,7,-10,6,-6,4,-4,5,-4,5,-1,5,1,6,-1,6,0,9,3,11,3,13,1,13,-1,13,-2,12,-2,10,-1,8,0,5,-1,2,-1,2,0,2,0,0,1,-1,2,-1,2,2,3,1,0,0,0,0,0,0,0,0,0,0,0,0,0,0,0,0,0,0,0,0,-2,0,-8,-1,-9,-1,-10,1,-11,2,-11,3,-10,4,-8,5,-9,3,-11,2,-9,4,-7,5,-5,4,-3,3,-4,3,-6,6,-8,9,-7,10,-6,10,-7,10,-8,12,-7,14,-6,15,-5,15,-9,16,-14,18,-16"
36.343868255615234,544,"CSI,1820,128,83,49,21,0,-8,4,-5,7,0,8,4,10,4,14,4,17,6,20,9,22,9,19,6,16,2,15,2,15,3,16,2,14,1,11,0,8,0,6,1,4,2,3,4,0,5,-2,4,-5,4,-5,7,-3,9,-4,2,-2,0,0,0,0,0,0,0,0,0,0,0,0,0,0,0,0,0,0,-2,-2,-5,-6,-3,-8,0,-11,1,-12,0,-10,0,-9,0,-7,-1,-5,-2,-3,-3,-1,-5,0,-9,0,-11,2,-14,6,-15,8,-16,6,-17,4,-21,5,-25,5,-25,2,-23,0,-21,-1,-21,-1,-20,0,-20,0,-18,0"
36.4462251663208,545,"CSI,1824,128,83,49,21,0,6,-3,5,-7,5,-9,8,-12,10,-15,12,-16,14,-15,18,-10,16,-10,14,-14,12,-14,10,-12,7,-7,6,-3,6,-4,4,-4,1,-2,0,-3,-2,-5,-4,-4,-6,-3,-7,-4,-8,-5,-8,-5,-7,-3,-2,-1,0,0,0,0,0,0,0,0,0,0,0,0,0,0,0,0,0,0,-2,2,-7,7,-9,5,-9,4,-9,4,-7,3,-6,3,-6,2,-4,1,0,2,5,3,7,4,7,3,7,5,6,9,8,10,10,13,10,16,9,18,9,19,9,18,7,16,5,18,5,19,8,17,9,12,6,7"
36.55003309249878,546,"CSI,1828,128,83,49,21,0,7,6,9,2,11,-3,12,-7,13,-10,16,-12,17,-10,15,-5,17,-4,19,-6,19,-8,20,-8,19,-8,16,-9,15,-8,13,-7,9,-8,5,-6,2,-4,0,-5,-3,-7,-6,-8,-7,-10,-6,-12,-5,-11,-1,-3,0,0,0,0,0,0,0,0,0,0,0,0,0,0,0,0,0,0,-3,1,-12,4,-12,3,-12,1,-11,-1,-9,0,-7,0,-5,-1,-4,-1,-3,2,-3,5,-2,8,0,11,1,13,3,16,6,17,6,18,6,21,5,23,1,24,-1,25,-3,27,-4,27,-1,24,-1,21,-3,19,-4,15"
36.65195894241333,547,"CSI,1832,128,83,49,21,0,-5,-1,-8,3,-7,5,-7,8,-9,11,-11,13,-11,16,-8,20,-8,18,-13,12,-14,10,-13,9,-12,9,-10,10,-6,9,-3,7,-2,6,-2,4,1,3,2,3,2,2,5,0,7,0,7,1,7,1,1,0,0,0,0,0,0,0,0,0,0,0,0,0,0,0,0,0,0,0,2,-1,9,-2,9,-1,10,0,9,3,7,3,4,1,2,0,1,1,-1,-1,-3,-5,-3,-5,-2,-5,-2,-6,-2,-11,-5,-18,-8,-22,-7,-22,-5,-21,-3,-22,-2,-24,0,-26,-1,-25,-3,-24,-4,-24,-3,-22,-2,-16"
36.75408601760864,548,"CSI,1836,128,83,49,21,0,1,1,1,-5,-2,-12,-4,-16,-4,-18,0,-20,0,-20,-3,-16,0,-15,7,-17,6,-16,2,-15,0,-13,0,-10,2,-8,2,-6,0,-3,-1,1,-3,2,-4,2,-6,2,-6,4,-7,4,-7,3,-5,3,-2,0,0,0,0,0,0,0,0,0,0,0,0,0,0,0,0,0,0,0,-3,0,-11,2,-12,2,-12,1,-11,3,-11,5,-9,4,-6,2,-5,1,-5,2,-1,4,4,7,6,8,8,10,11,13,11,15,11,16,13,16,14,16,16,17,17,17,17,16,14,19,12,20,12,17,11,14,9,14"
36.85910201072693,549,"CSI,1840,128,83,49,21,0,-4,-10,-5,-3,-7,3,-10,7,-14,9,-15,13,-14,12,-13,8,-17,11,-23,15,-24,14,-21,12,-18,12,-16,11,-13,7,-11,4,-7,4,-4,4,-1,2,2,2,5,2,6,3,6,3,8,3,8,7,2,2,0,0,0,0,0,0,0,0,0,0,0,0,0,0,0,0,0,0,2,-3,9,-8,9,-7,11,-7,13,-8,14,-8,15,-8,14,-7,11,-6,12,-5,10,-6,7,-7,3,-9,-1,-12,-5,-13,-7,-13,-10,-17,-12,-20,-11,-24,-10,-28,-12,-33,-13,-34,-13,-33,-12,-33,-9,-34,-8,-30,-7,-22"
36.959949016571045,550,"CSI,1844,128,83,49,21,0,-4,2,0,3,5,4,11,5,16,5,19,8,20,9,22,5,21,4,19,7,19,10,18,12,16,12,14,8,10,6,7,6,5,4,3,0,2,-2,0,-3,-3,-7,-5,-11,-4,-12,-2,-12,-2,-10,-1,-3,0,0,0,0,0,0,0,0,0,0,0,0,0,0,0,0,0,0,-1,-4,-2,-13,-1,-13,0,-14,0,-14,-1,-13,-2,-13,-2,-11,-1,-8,-2,-4,-4,-4,-6,-3,-9,1,-12,3,-15,5,-18,7,-18,7,-20,6,-22,7,-26,9,-28,10,-28,9,-27,5,-28,2,-26,2,-22,4,-19,6"
37.01894021034241,551,"CSI,2477,128,83,49,21,0,-17,14,-17,14,-17,11,-17,10,-16,12,-14,10,-15,5,-18,0,-14,1,-9,5,-5,7,1,6,3,5,5,3,7,4,8,5,8,3,10,2,9,4,7,4,7,4,6,4,4,4,3,3,3,2,0,0,0,0,0,0,0,0,0,0,0,0,0,0,0,0,0,0,0,0,1,-1,7,-1,9,-2,8,0,6,2,5,2,3,0,0,1,-2,1,-1,-2,-1,-3,-3,-5,-5,-8,-9,-11,-9,-13,-8,-14,-7,-15,-8,-17,-7,-16,-5,-15,-5,-15,-5,-13,-5,-10,-5,-7,-6,-3,-10,2,-11,7"
37.062209129333496,552,"CSI,1848,128,83,49,21,0,-8,-2,-5,0,-1,0,4,4,8,8,13,10,13,10,11,12,14,14,17,14,15,14,14,14,13,11,12,9,10,10,7,10,5,8,5,5,4,0,1,-4,-1,-4,-4,-6,-4,-9,-4,-8,-3,-8,-1,-2,0,0,0,0,0,0,0,0,0,0,0,0,0,0,0,0,0,0,1,-2,5,-8,5,-8,6,-7,6,-8,4,-9,3,-8,4,-7,2,-6,1,-6,1,-6,1,-5,-1,-4,-7,-3,-10,-3,-12,-3,-18,-3,-21,-3,-22,-3,-24,-3,-25,-4,-25,-4,-25,-5,-25,-5,-24,-4,-22,-5,-20,-8"
37.16374397277832,553,"CSI,1852,128,83,49,21,0,-10,-4,-4,-1,-1,3,0,8,1,12,2,14,0,17,-1,22,1,24,4,24,6,20,6,17,2,16,0,16,-1,13,-1,10,0,7,2,5,3,3,4,1,6,-2,7,-4,5,-6,5,-8,6,-8,1,-2,0,0,0,0,0,0,0,0,0,0,0,0,0,0,0,0,0,0,0,-2,2,-5,3,-7,2,-9,4,-9,6,-8,5,-9,5,-7,3,-4,2,-4,2,-4,0,-2,-2,0,-5,2,-9,0,-13,-4,-15,-6,-16,-8,-17,-9,-20,-7,-22,-7,-22,-9,-21,-9,-21,-8,-24,-7,-24,-7,-22,-10"
37.26578402519226,554,"CSI,1856,128,83,49,21,0,11,5,6,0,4,-5,4,-8,3,-11,4,-13,9,-14,14,-13,14,-15,12,-19,12,-20,11,-17,11,-14,11,-13,11,-12,6,-10,1,-7,1,-6,2,-7,0,-8,-2,-6,-4,-4,-6,-3,-7,-3,-6,-4,-2,-2,0,0,0,0,0,0,0,0,0,0,0,0,0,0,0,0,0,0,0,1,0,8,-2,9,-2,8,-1,9,2,8,3,7,3,7,3,6,3,5,3,5,6,6,9,7,10,7,12,8,15,10,16,11,15,11,14,10,15,13,16,13,18,11,19,11,19,13,20,12,20,10,16,13"
37.36919403076172,555,"CSI,1859,128,83,49,21,0,3,-9,-3,-11,-9,-13,-11,-13,-11,-13,-11,-15,-10,-14,-9,-12,-7,-13,-6,-14,-6,-14,-3,-14,-2,-12,-2,-9,-2,-7,-2,-7,-4,-3,-5,2,-8,1,-8,-2,-6,-3,-7,-2,-7,-1,-7,1,-7,1,-2,0,0,0,0,0,0,0,0,0,0,0,0,0,0,0,0,0,0,0,1,-1,8,1,9,3,9,3,8,2,7,0,6,-3,5,-6,4,-7,4,-5,4,-6,4,-10,7,-12,10,-13,13,-14,16,-16,14,-18,13,-18,16,-15,17,-13,16,-12,16,-12,17,-11,17,-11,13,-11,8,-11,6,-10"
37.47355914115906,556,"CSI,1865,128,83,49,21,0,-7,6,-7,10,-7,13,-8,14,-8,13,-9,12,-8,12,-3,12,-2,10,-6,8,-7,9,-7,9,-3,7,-1,6,-4,4,-5,1,-1,1,3,0,6,0,9,0,9,-1,8,0,9,0,9,-1,9,-2,2,-1,0,0,0,0,0,0,0,0,0,0,0,0,0,0,0,0,0,0,2,0,9,1,8,2,6,2,4,1,2,1,1,-1,-1,-6,-4,-7,-7,-8,-8,-12,-8,-15,-6,-16,-5,-18,-4,-21,-2,-23,-1,-24,-1,-23,-2,-22,0,-20,0,-17,-1,-16,-1,-15,-1,-11,-5,-7,-6,-2,-5,-2"
37.5381760597229,557,"CSI,2498,128,83,49,21,0,16,-2,19,-4,21,-5,20,-3,19,-1,18,-2,16,2,14,9,11,8,8,3,5,-1,2,-6,-2,-7,-3,-4,-3,-5,-3,-8,-3,-9,-2,-7,-1,-5,-1,-6,-2,-8,-2,-7,-1,-7,0,-6,1,-4,0,-1,0,0,0,0,0,0,0,0,0,0,0,0,0,0,0,0,0,0,-4,-2,-12,-4,-11,-3,-10,-3,-11,-4,-9,-6,-5,-6,-3,-5,-5,-3,-4,0,-4,6,-4,10,-3,10,-2,10,-1,11,-1,12,-1,11,-2,11,-4,13,-6,14,-6,13,-4,9,-2,6,1,5,5,3,10,-1,12,-4"
37.573065996170044,558,"CSI,1868,128,83,49,21,0,-1,0,-5,1,-5,1,-8,2,-14,4,-17,4,-21,0,-26,-1,-25,1,-19,3,-16,3,-16,2,-15,0,-12,0,-8,0,-5,-2,-3,-2,-1,-1,0,1,3,4,5,4,5,3,6,3,6,4,5,5,1,1,0,0,0,0,0,0,0,0,0,0,0,0,0,0,0,0,0,0,-1,2,-2,10,-2,10,-2,9,-3,9,-3,6,-2,0,1,-1,2,0,2,-1,3,-5,6,-8,9,-10,9,-12,10,-11,11,-11,13,-12,13,-12,13,-11,15,-10,18,-9,18,-9,17,-9,13,-8,11,-7,8,-10,5,-15"
37.639946937561035,559,"CSI,2502,128,83,49,21,0,-9,15,-11,15,-10,15,-10,16,-12,15,-15,11,-14,11,-13,12,-12,10,-7,9,-2,8,0,5,1,3,2,3,4,3,8,3,10,4,9,6,8,5,8,4,7,4,5,4,3,3,5,1,6,0,1,0,0,0,0,0,0,0,0,0,0,0,0,0,0,0,0,0,0,0,1,-1,6,-3,8,-3,9,-4,8,-4,7,-3,4,-2,1,-2,1,-3,1,-6,-2,-7,-6,-8,-7,-9,-8,-9,-9,-10,-9,-10,-7,-9,-5,-9,-4,-9,-6,-9,-7,-8,-8,-7,-7,-6,-4,-1,-3,2,-5,3,-6,4"
37.67903518676758,560,"CSI,1873,128,83,49,21,0,-1,-1,3,3,8,4,11,5,12,5,12,6,15,10,19,14,19,12,16,8,16,6,17,6,14,7,10,5,7,2,4,3,0,5,-4,2,-7,-1,-8,-2,-8,-1,-9,0,-10,-1,-10,-2,-9,-2,-3,-1,0,0,0,0,0,0,0,0,0,0,0,0,0,0,0,0,0,0,1,1,4,6,3,8,2,7,2,7,-1,8,-5,7,-5,4,-2,2,1,0,-2,-3,-4,-7,-3,-11,-2,-15,-2,-18,-5,-19,-7,-18,-7,-17,-6,-17,-4,-18,-5,-19,-8,-18,-9,-18,-11,-19,-10,-18,-8,-14,-7,-11"
37.739662170410156,561,"CSI,2506,128,83,49,21,0,4,17,3,19,2,20,1,18,3,16,2,17,1,15,5,7,5,3,3,3,3,2,2,0,2,-1,5,-1,9,-3,9,-5,7,-3,5,-2,6,-1,6,-2,8,-2,9,-3,7,-4,3,-1,1,0,0,0,0,0,0,0,0,0,0,0,0,0,0,0,0,0,0,0,0,0,-1,-2,-1,-6,1,-7,2,-8,2,-7,3,-5,3,-5,2,-3,1,0,-2,2,-6,1,-8,-2,-10,-2,-11,-1,-11,-2,-12,-2,-13,-2,-13,-4,-13,-6,-13,-5,-9,-2,-6,-2,-3,-1,-2,1,0,3,2,5,4,8"
37.7755651473999,562,"CSI,1876,128,83,49,21,0,1,6,5,0,6,-6,4,-6,7,-5,12,-6,15,-9,19,-12,20,-10,18,-6,15,-1,14,3,12,3,8,3,4,5,2,4,-1,1,-3,-3,-1,-6,0,-7,0,-5,0,-6,1,-9,1,-9,0,-9,0,-2,0,0,0,0,0,0,0,0,0,0,0,0,0,0,0,0,0,0,-2,1,-6,4,-7,6,-6,7,-5,7,-5,6,-3,4,-2,4,0,5,2,5,3,6,4,7,3,8,4,10,5,13,5,15,5,16,7,15,7,14,8,12,9,14,8,15,7,14,9,13,10,12,9,10,8,7"
37.842424154281616,563,"CSI,2509,128,83,49,21,0,-3,-21,-2,-21,-1,-20,-1,-20,-1,-21,-1,-19,-5,-16,-9,-16,-9,-13,-7,-8,-4,-5,-3,-2,-4,0,-5,0,-6,3,-7,5,-7,4,-7,5,-9,5,-12,5,-10,5,-8,3,-7,2,-5,3,-5,3,-2,0,0,0,0,0,0,0,0,0,0,0,0,0,0,0,0,0,0,0,-1,1,-2,6,-5,4,-6,2,-5,2,-4,2,-3,1,-3,1,-2,1,1,0,5,-3,8,-4,11,-3,12,-3,13,0,15,5,16,4,15,4,15,5,12,5,9,4,10,4,10,3,7,0,3,-3,0,-7,-1,-10"
37.981406927108765,564,"CSI,1884,128,83,49,21,0,3,1,7,2,7,3,6,4,7,7,7,9,7,11,5,15,5,14,7,12,7,11,4,9,2,7,1,7,-1,7,-5,6,-5,5,-3,3,-5,2,-6,2,-6,2,-7,2,-7,2,-7,1,-7,0,-2,0,0,0,0,0,0,0,0,0,0,0,0,0,0,0,0,0,0,0,-2,1,-7,4,-9,1,-8,-2,-7,-1,-6,0,-2,0,1,0,4,-2,6,-1,6,-2,7,-4,11,-7,13,-7,12,-8,12,-9,14,-10,14,-14,12,-16,9,-15,7,-13,8,-10,7,-10,4,-12,2,-11,-1,-9,-3,-9"
38.08295011520386,565,"CSI,1888,128,83,49,21,0,-2,7,-3,6,-4,5,-5,3,-7,0,-12,0,-14,2,-8,-1,-8,-2,-13,0,-16,0,-17,0,-14,3,-11,3,-9,3,-8,2,-7,0,-7,-2,-4,-3,-3,-5,-4,-6,-3,-5,-2,-4,-2,-3,-3,-3,-1,-1,0,0,0,0,0,0,0,0,0,0,0,0,0,0,0,0,0,0,1,1,7,5,7,4,6,5,4,6,2,6,2,8,0,10,-2,8,-3,6,-4,5,-4,5,-4,6,-5,5,-8,3,-8,3,-7,6,-9,10,-9,10,-8,11,-8,11,-9,9,-9,8,-6,9,-3,10,-1,12,-1,12"
38.19138312339783,566,"CSI,1892,128,83,49,21,0,-14,-12,-13,-10,-9,-7,-5,-8,-2,-10,-2,-14,-4,-15,-8,-13,-6,-12,-1,-12,-2,-13,-4,-13,-5,-15,-4,-15,-3,-11,-2,-8,-1,-6,1,-4,3,-1,4,-1,3,-4,3,-4,5,-3,6,-4,8,-6,2,-2,0,0,0,0,0,0,0,0,0,0,0,0,0,0,0,0,0,0,-1,0,-4,0,-5,0,-6,0,-8,-1,-9,-4,-7,-4,-6,-2,-8,-2,-8,-3,-7,-4,-7,-4,-7,-5,-6,-7,-5,-9,-4,-10,-4,-12,-4,-13,-5,-14,-5,-16,-8,-15,-11,-11,-10,-11,-10,-10,-14,-10,-16,-9,-16,-10"
38.28863215446472,567,"CSI,1896,128,83,49,21,0,-10,2,-7,1,-5,0,-6,-3,-5,-6,-2,-9,2,-14,4,-17,2,-17,-3,-16,-3,-15,0,-14,1,-14,3,-14,5,-14,4,-12,2,-8,2,-4,3,-3,3,-4,4,-3,3,0,3,3,5,3,9,1,2,0,0,0,0,0,0,0,0,0,0,0,0,0,0,0,0,0,0,0,1,0,7,4,6,4,4,4,2,5,1,6,0,7,0,7,1,5,2,4,1,5,-2,4,-6,2,-8,3,-7,4,-5,3,-7,0,-10,-1,-13,0,-15,1,-15,2,-15,1,-14,0,-14,2,-16,3,-16,6,-12,10"
38.39209794998169,568,"CSI,1900,128,83,49,21,0,1,6,-1,3,-4,1,-6,-1,-9,-5,-12,-7,-12,-8,-10,-12,-12,-12,-13,-9,-16,-7,-19,-4,-17,-3,-13,-4,-11,-6,-8,-4,-5,-3,-3,-3,-1,-1,0,0,0,-1,0,-4,1,-6,3,-7,4,-5,1,-1,0,0,0,0,0,0,0,0,0,0,0,0,0,0,0,0,0,0,1,1,6,4,5,3,5,3,6,5,6,7,3,7,1,7,3,7,3,6,1,8,1,7,-2,7,-6,8,-7,8,-7,6,-7,6,-6,7,-6,10,-9,13,-13,14,-15,14,-13,17,-9,17,-9,15,-9,13,-8,9"
38.49552607536316,569,"CSI,1904,128,83,49,21,0,-6,-5,-4,-3,-2,-1,-1,4,0,9,-1,13,-1,12,2,8,1,10,-1,15,0,15,1,14,0,14,-1,14,0,14,0,14,2,11,1,5,-1,3,-1,1,0,-3,1,-5,3,-4,3,-4,2,-4,0,-1,0,0,0,0,0,0,0,0,0,0,0,0,0,0,0,0,0,0,1,-2,7,-7,6,-7,6,-6,7,-4,8,-4,7,-2,6,1,5,0,2,-2,-2,-1,-3,1,-3,2,-4,2,-9,0,-12,-2,-11,-5,-12,-8,-13,-10,-13,-11,-13,-12,-15,-14,-16,-14,-15,-11,-13,-10,-13,-11,-13,-12"
38.59652805328369,570,"CSI,1908,128,83,49,21,0,3,-1,4,2,7,1,8,3,8,5,11,5,11,5,6,7,7,5,12,2,12,1,9,-1,8,-3,7,-3,6,-4,3,-3,0,0,-1,1,-3,0,-2,1,-2,4,-3,5,-3,5,0,5,1,5,0,1,0,0,0,0,0,0,0,0,0,0,0,0,0,0,0,0,0,0,-2,0,-8,1,-10,0,-10,0,-8,-1,-7,-1,-6,-2,-4,-3,-2,-5,0,-6,0,-8,0,-10,1,-11,2,-12,3,-12,2,-14,3,-17,6,-18,5,-16,2,-15,0,-16,1,-15,1,-12,-1,-11,-3,-13,-5,-14,-6,-12"
38.68069100379944,571,"CSI,2046,128,77,-47,20,0,-6,-5,-2,-3,3,0,6,2,10,3,13,4,11,0,11,-4,13,-5,13,-3,14,0,15,-1,14,-5,12,-5,11,-4,9,-2,5,0,2,1,-2,1,-4,1,-5,3,-5,4,-3,5,-4,5,-5,5,-2,1,0,0,0,0,0,0,0,0,0,0,0,0,0,0,0,0,0,0,-1,1,-3,6,-3,7,-4,8,-6,8,-5,6,-4,5,-5,4,-5,1,-6,-3,-7,-6,-5,-9,-3,-11,-3,-11,-3,-13,-4,-16,-5,-19,-5,-20,-6,-18,-4,-18,-3,-18,-5,-17,-7,-17,-7,-19,-8,-20,-8,-17,-10,-14"
38.71122407913208,572,"CSI,1912,128,83,49,21,0,0,-1,-2,0,-5,0,-8,-2,-11,-4,-14,-3,-16,1,-19,3,-21,4,-19,4,-16,3,-15,2,-15,2,-13,2,-12,3,-12,-1,-9,-4,-3,-4,-1,-4,0,-4,0,-5,1,-6,1,-6,2,-7,3,-8,1,-3,0,0,0,0,0,0,0,0,0,0,0,0,0,0,0,0,0,0,-1,-4,-1,-13,1,-13,2,-12,1,-9,1,-7,2,-6,3,-5,6,-3,8,0,7,1,6,3,5,7,4,10,4,12,5,12,6,13,7,14,8,17,9,19,10,19,12,19,12,15,13,10,13,8,11,7,12,6"
38.74127411842346,573,"CSI,2047,128,77,-47,20,0,-1,-4,1,-6,4,-6,9,-6,14,-9,16,-11,15,-13,14,-18,12,-18,10,-15,9,-13,8,-12,7,-10,5,-9,3,-10,5,-8,7,-4,4,-1,1,2,0,3,1,3,2,2,2,2,1,3,2,4,0,1,0,0,0,0,0,0,0,0,0,0,0,0,0,0,0,0,0,0,0,1,3,7,3,8,2,8,0,8,-1,7,-1,5,-2,3,-4,1,-5,0,-7,0,-10,-1,-12,-2,-12,-3,-13,-7,-14,-9,-14,-9,-13,-9,-14,-9,-17,-9,-17,-9,-16,-7,-16,-7,-17,-7,-16,-5,-15,-3,-13,-4"
38.90453100204468,574,"CSI,1920,128,83,49,21,0,-10,9,-8,10,-4,12,-1,13,-1,12,-2,11,2,13,7,19,5,21,0,17,-1,15,-3,15,-4,16,-5,15,-5,13,-4,12,-2,10,0,8,3,6,2,6,1,6,0,6,4,5,5,5,4,6,1,1,0,0,0,0,0,0,0,0,0,0,0,0,0,0,0,0,0,0,-2,0,-7,2,-8,0,-9,-1,-8,-2,-7,-2,-8,-1,-7,2,-4,3,-3,4,-3,7,-6,11,-8,13,-9,13,-10,13,-10,15,-12,17,-14,15,-13,12,-14,12,-15,15,-14,17,-14,16,-17,15,-20,16,-19,17,-14,17"
39.00943112373352,575,"CSI,1924,128,83,49,21,0,-5,-5,-9,-1,-9,5,-8,10,-8,13,-9,13,-11,11,-15,7,-17,9,-16,10,-13,7,-11,6,-11,5,-12,3,-11,2,-7,3,-4,4,-2,4,-1,5,1,5,2,4,3,5,2,5,2,5,2,5,0,1,0,0,0,0,0,0,0,0,0,0,0,0,0,0,0,0,0,0,-2,-3,-6,-10,-6,-11,-5,-11,-2,-9,-1,-9,-2,-8,0,-4,0,-3,-1,-5,-4,-4,-6,-1,-7,0,-10,-2,-12,-3,-14,-3,-14,-3,-14,-3,-16,-6,-19,-10,-21,-10,-21,-9,-20,-9,-20,-11,-18,-14,-17,-16,-19,-15"
39.108968019485474,576,"CSI,1928,128,83,49,21,0,3,0,6,-3,8,-6,12,-9,13,-10,12,-11,11,-7,10,-2,9,-1,9,-6,8,-8,7,-6,7,-4,7,-4,5,-3,3,-2,0,-1,-3,1,-3,1,-2,0,-2,1,-4,2,-6,2,-6,1,-6,1,-2,0,0,0,0,0,0,0,0,0,0,0,0,0,0,0,0,0,0,0,-3,-2,-7,-7,-5,-5,-5,-6,-4,-7,-1,-7,0,-4,-2,-2,-5,-2,-4,1,-1,5,-1,5,-3,5,-4,7,-4,9,-6,14,-5,19,-3,19,-4,16,-7,15,-8,17,-7,18,-8,16,-9,13,-6,13,-5,14,-6,14"
39.212865114212036,577,"CSI,1932,128,83,49,21,0,-2,6,2,3,5,1,8,1,11,0,13,0,14,-4,13,-8,14,-8,15,-5,16,-2,16,-1,16,-1,14,-1,10,0,5,1,2,1,2,-1,2,-2,1,-4,-1,-5,-4,-5,-5,-5,-6,-5,-7,-5,-2,-2,0,0,0,0,0,0,0,0,0,0,0,0,0,0,0,0,0,0,-1,-3,-2,-10,-1,-10,2,-10,4,-9,2,-8,2,-10,2,-10,1,-6,1,-6,0,-5,-2,-4,-3,-3,-4,-1,-5,3,-7,5,-10,6,-12,8,-13,12,-14,14,-17,15,-17,16,-17,18,-19,18,-20,16,-20,13,-16,11"
39.31399703025818,578,"CSI,1936,128,83,49,21,0,0,-7,1,-5,2,-2,6,-1,8,1,12,1,13,0,10,-2,10,1,11,4,12,2,14,2,13,1,11,-2,10,-4,9,-3,6,-1,3,0,1,2,0,4,-3,4,-4,3,-1,3,1,3,1,1,0,0,0,0,0,0,0,0,0,0,0,0,0,0,0,0,0,0,0,0,-1,2,-3,10,-5,10,-6,9,-6,8,-7,6,-5,6,-3,7,-5,6,-5,3,-2,-1,-2,-3,-4,-3,-4,-5,-4,-8,-4,-11,-3,-15,-3,-17,-3,-17,-5,-17,-8,-17,-8,-19,-7,-20,-7,-17,-8,-15,-9,-13,-11,-11"
39.37606406211853,579,"CSI,2568,128,83,49,21,0,-20,12,-23,7,-24,5,-23,6,-21,5,-20,2,-19,4,-14,10,-8,9,-5,3,-5,1,-5,2,-3,6,-2,8,-4,7,-4,8,-3,9,-1,8,-2,6,-4,5,-2,7,-1,8,-1,7,-3,4,-3,2,-1,0,0,0,0,0,0,0,0,0,0,0,0,0,0,0,0,0,0,0,-1,-3,-2,-8,-1,-7,-1,-8,-1,-8,-2,-6,-2,-5,-2,-4,-2,-2,-4,0,-6,0,-9,-1,-14,-3,-15,-4,-15,-4,-14,-7,-14,-10,-14,-10,-14,-11,-14,-11,-9,-10,-5,-9,-6,-8,-7,-3,-10,3,-12,7,-10,9"
39.518500089645386,580,"CSI,1944,128,83,49,21,0,-2,1,3,4,7,6,9,8,10,11,12,14,11,15,6,14,8,14,14,15,12,15,10,14,10,12,8,7,5,6,4,7,2,3,0,-2,0,-4,0,-5,-2,-7,-5,-7,-5,-7,-5,-8,-4,-11,-1,-3,0,0,0,0,0,0,0,0,0,0,0,0,0,0,0,0,0,0,3,-3,11,-7,11,-5,11,-5,12,-6,9,-5,5,-3,6,-2,5,-1,2,-2,-1,-3,-4,-2,-8,-3,-11,-4,-13,-3,-16,-3,-18,-5,-17,-6,-17,-6,-23,-6,-27,-7,-25,-9,-25,-9,-23,-7,-19,-5,-15,-3,-16,-1"
39.58072018623352,581,"CSI,2578,128,83,49,21,0,3,15,1,19,0,20,-1,19,-5,18,-6,16,0,13,5,10,4,5,0,1,-2,1,-1,4,1,5,4,2,8,0,9,0,6,0,4,0,4,-1,4,-1,5,1,4,1,2,0,1,1,2,2,0,0,0,0,0,0,0,0,0,0,0,0,0,0,0,0,0,0,0,0,-3,0,-8,1,-8,-1,-7,-2,-7,-2,-7,0,-5,1,-5,2,-5,2,-5,2,-3,4,-3,7,-3,9,-2,9,-5,9,-9,9,-11,11,-12,11,-12,8,-12,7,-12,6,-10,5,-7,6,-4,7,-2,7,2,5,7,4"
39.62046790122986,582,"CSI,1948,128,83,49,21,0,3,7,3,3,4,0,4,-3,6,-5,7,-8,3,-11,-1,-14,2,-16,6,-16,5,-13,5,-10,5,-12,3,-11,3,-9,2,-8,2,-7,1,-4,1,-1,0,0,-4,2,-4,2,-3,2,-5,5,-5,6,-1,1,0,0,0,0,0,0,0,0,0,0,0,0,0,0,0,0,0,0,-3,-1,-9,-5,-9,-6,-10,-7,-10,-7,-8,-7,-6,-7,-5,-7,-4,-7,-1,-7,1,-4,2,0,3,4,1,8,-2,10,-2,13,-1,15,0,17,1,20,0,22,-1,24,0,26,1,26,5,25,6,23,4,21,1,17"
39.724183082580566,583,"CSI,1952,128,83,49,21,0,2,0,-1,0,-7,-1,-11,-2,-13,-3,-17,-2,-16,-3,-11,-6,-15,-7,-20,-5,-19,0,-16,2,-14,2,-13,3,-12,2,-10,1,-4,-1,0,-2,1,-1,2,0,2,0,4,-1,5,-4,7,-3,7,-3,1,-1,0,0,0,0,0,0,0,0,0,0,0,0,0,0,0,0,0,0,-2,-2,-7,-7,-6,-6,-6,-7,-6,-10,-6,-10,-6,-9,-4,-9,0,-8,4,-5,4,-3,5,0,9,2,13,2,14,5,14,8,15,9,15,9,16,11,19,14,18,12,17,9,19,11,20,11,19,10,13,8,9,7"
39.7904748916626,584,"CSI,2586,128,83,49,21,0,-16,14,-17,13,-16,9,-15,4,-16,2,-14,4,-14,6,-18,5,-16,5,-8,4,-5,5,-4,5,-3,4,-1,4,2,5,3,6,1,6,1,7,2,8,0,8,-1,9,1,9,1,7,-1,5,-1,4,-1,1,0,0,0,0,0,0,0,0,0,0,0,0,0,0,0,0,0,0,-1,-2,0,-9,0,-11,-2,-11,-1,-9,2,-9,-1,-8,-4,-5,-3,-4,-3,-5,-5,-6,-8,-5,-9,-4,-10,-4,-11,-5,-11,-7,-11,-11,-11,-11,-12,-9,-11,-10,-11,-11,-10,-11,-8,-8,-6,-3,-6,1,-6,3,-7,4"
39.827345848083496,585,"CSI,1956,128,83,49,21,0,7,-8,4,-7,0,-6,-7,-6,-13,-6,-17,-6,-18,-7,-14,-9,-15,-11,-17,-11,-17,-9,-17,-7,-15,-6,-13,-5,-12,-4,-12,-3,-9,-2,-6,-2,-5,-1,-3,1,0,2,2,4,2,4,2,5,3,6,0,1,0,0,0,0,0,0,0,0,0,0,0,0,0,0,0,0,0,0,1,0,5,5,4,8,3,10,5,12,4,12,0,11,-3,9,-4,6,-3,3,-1,2,1,0,2,-4,6,-6,8,-7,10,-11,11,-13,11,-14,12,-16,14,-17,14,-17,13,-16,16,-16,19,-18,20,-19,18,-18,16,-16"
39.92990803718567,586,"CSI,1960,128,83,49,21,0,9,-8,4,-5,-1,-1,-6,1,-12,3,-15,5,-15,8,-17,12,-17,12,-16,10,-16,9,-18,8,-18,9,-15,10,-10,9,-8,8,-7,7,-5,3,-2,-1,-1,-1,0,0,2,-2,4,-5,4,-5,6,-6,1,-2,0,0,0,0,0,0,0,0,0,0,0,0,0,0,0,0,0,0,-1,2,-1,11,0,10,-2,11,-4,12,-5,11,-7,8,-8,6,-7,6,-5,5,-4,1,-4,-3,-2,-6,2,-8,6,-8,10,-7,11,-9,10,-10,14,-12,18,-18,18,-20,20,-20,20,-20,19,-20,20,-21,22,-22,22,-22"
39.994088888168335,587,"CSI,2594,128,83,49,21,0,0,24,0,24,-1,21,-3,18,-4,16,-3,16,-2,10,1,3,1,3,1,5,2,6,4,5,5,2,5,0,3,0,3,0,5,-1,6,-3,5,-3,5,-2,4,-1,4,-1,5,-2,4,-3,3,-4,0,-1,0,0,0,0,0,0,0,0,0,0,0,0,0,0,0,0,0,0,0,-2,3,-7,2,-6,1,-6,2,-6,3,-5,2,-4,1,-3,-1,-3,-2,-3,-4,-2,-7,-1,-11,-1,-13,-1,-13,-2,-14,-3,-15,-5,-15,-6,-14,-6,-13,-6,-10,-5,-6,-4,-5,0,-5,4,-3,6,-2,7,-3,12"
40.03118300437927,588,"CSI,1964,128,83,49,21,0,-2,12,0,7,2,3,4,-2,6,-6,6,-10,9,-13,14,-19,13,-22,10,-21,8,-18,7,-17,6,-17,5,-16,6,-13,7,-10,5,-8,2,-6,3,-3,1,-1,-1,0,-1,0,-1,2,-3,4,-4,5,-1,1,0,0,0,0,0,0,0,0,0,0,0,0,0,0,0,0,0,0,-2,-1,-7,-5,-7,-7,-5,-8,-3,-9,-2,-10,-1,-8,-1,-7,0,-5,1,-4,1,-3,1,1,1,6,-1,9,-3,11,-3,12,-1,14,-2,17,-5,20,-5,24,-2,25,-3,23,-4,23,-4,25,-4,28,-5,27,-6,24"
40.13509917259216,589,"CSI,1968,128,83,49,21,0,-8,1,-7,4,-6,9,-7,12,-9,13,-11,14,-13,11,-16,8,-14,12,-10,14,-7,12,-7,9,-6,8,-7,8,-6,7,-4,6,-2,6,1,6,2,5,1,2,3,0,4,-1,4,0,3,0,5,-1,1,-1,0,0,0,0,0,0,0,0,0,0,0,0,0,0,0,0,0,0,0,-4,2,-12,4,-8,5,-7,6,-7,7,-4,5,-1,3,0,1,0,-3,1,-6,0,-10,-2,-13,-4,-14,-5,-15,-7,-15,-10,-14,-15,-16,-16,-16,-14,-16,-15,-16,-17,-16,-17,-14,-15,-12,-13,-12,-12,-14,-10,-14,-9"
40.33499503135681,590,"CSI,1976,128,83,49,21,0,1,13,5,10,7,7,9,6,12,7,14,6,16,6,21,8,23,7,19,5,15,7,12,7,12,5,11,6,10,6,9,5,7,2,5,1,5,0,4,-1,2,0,1,-2,1,-3,1,-2,3,-2,1,-1,0,0,0,0,0,0,0,0,0,0,0,0,0,0,0,0,0,0,-1,2,-3,8,-5,7,-7,7,-8,8,-8,8,-7,6,-6,4,-6,3,-3,3,0,4,2,7,4,9,6,10,7,12,7,16,6,19,5,19,5,19,4,19,3,19,0,22,0,21,3,19,5,21,3,24,2,24"
40.44160604476929,591,"CSI,1979,128,83,49,21,0,-9,-11,-8,-4,-8,-1,-11,1,-13,3,-15,3,-16,3,-16,6,-14,7,-14,3,-14,1,-14,1,-14,1,-13,1,-12,1,-11,2,-8,4,-5,3,-3,2,-3,2,-3,2,-3,2,-2,2,-1,4,-2,7,-1,2,0,0,0,0,0,0,0,0,0,0,0,0,0,0,0,0,0,0,-2,-2,-4,-9,-3,-10,-2,-11,-1,-10,2,-8,2,-7,2,-4,4,-4,4,-7,1,-7,-1,-6,-4,-5,-7,-5,-9,-6,-11,-8,-15,-10,-17,-11,-17,-12,-18,-16,-17,-19,-16,-20,-16,-20,-16,-22,-14,-22,-9,-20,-6,-20"
40.54532814025879,592,"CSI,1984,128,83,49,21,0,9,0,3,0,-3,-6,-7,-10,-8,-14,-6,-16,-8,-14,-13,-9,-12,-7,-9,-11,-7,-11,-7,-9,-6,-9,-3,-11,-3,-10,-2,-7,-2,-5,-2,-3,-2,-1,-5,1,-6,4,-3,3,-2,3,-3,4,-1,5,0,1,0,0,0,0,0,0,0,0,0,0,0,0,0,0,0,0,0,0,-1,1,0,8,-1,10,-4,10,-4,9,-2,9,-2,8,-1,7,2,6,4,4,4,2,3,1,6,0,9,-1,9,-2,9,-1,12,-2,15,-3,17,-4,19,-4,20,-3,24,-2,25,-1,24,1,24,1,22,0,16,0"
40.573052167892456,593,"CSI,2048,128,75,-79,20,0,7,7,5,0,3,-4,0,-7,-1,-11,0,-12,4,-12,7,-13,5,-15,2,-15,2,-12,2,-13,2,-14,2,-12,3,-10,2,-9,2,-7,2,-5,-1,-4,-2,-3,-1,1,-3,3,-5,3,-5,2,-6,4,-2,1,0,0,0,0,0,0,0,0,0,0,0,0,0,0,0,0,0,0,-2,1,-7,6,-8,6,-7,5,-7,4,-7,4,-7,4,-7,3,-5,2,-4,3,-2,4,0,4,2,2,5,2,9,5,10,7,10,9,13,10,14,11,15,11,18,12,19,14,16,16,16,18,18,18,17,16,14,13"
40.644753217697144,594,"CSI,1988,128,83,49,21,0,6,11,4,7,4,2,6,-4,6,-8,6,-10,6,-10,8,-9,9,-11,9,-14,9,-14,10,-13,8,-11,6,-10,6,-10,6,-8,3,-4,0,-1,-1,1,0,-1,1,-2,-2,-1,-5,2,-6,3,-8,2,-3,0,0,0,0,0,0,0,0,0,0,0,0,0,0,0,0,0,0,0,-1,0,-5,2,-8,2,-9,1,-12,-1,-13,-2,-13,0,-11,2,-7,1,-5,-1,-2,-1,-1,2,0,6,1,9,2,10,2,9,3,11,6,13,9,16,13,18,14,20,13,20,13,21,13,22,13,22,12,22,9,19"
40.74844312667847,595,"CSI,1992,128,83,49,21,0,-4,-7,-5,-2,-6,2,-6,6,-7,10,-7,13,-4,12,-1,12,-4,14,-6,16,-8,18,-9,17,-6,15,-3,14,-2,11,-3,7,-4,5,-4,2,-1,0,2,-1,3,-3,4,-5,5,-7,5,-7,5,-5,1,-2,0,0,0,0,0,0,0,0,0,0,0,0,0,0,0,0,0,0,2,-1,11,-2,10,0,11,1,12,2,11,2,8,2,4,1,2,-1,0,0,0,0,1,-2,1,-1,-1,-2,-3,-5,-4,-9,-5,-13,-6,-16,-8,-17,-9,-18,-9,-21,-9,-24,-8,-27,-8,-28,-9,-25,-10,-23,-10,-23"
40.84839105606079,596,"CSI,1995,128,83,49,21,0,5,-9,2,-4,0,1,-5,4,-13,7,-19,8,-17,6,-13,5,-16,3,-17,5,-17,6,-18,5,-16,8,-14,9,-13,6,-10,2,-6,1,-3,1,0,0,1,1,2,1,6,-1,6,-3,4,-4,4,-5,1,-2,0,0,0,0,0,0,0,0,0,0,0,0,0,0,0,0,0,0,-1,1,-2,5,-3,7,-6,9,-7,10,-7,8,-6,7,-7,6,-6,5,-4,3,-5,3,-4,4,0,1,2,-3,3,-6,4,-9,6,-10,10,-10,16,-12,19,-13,21,-15,20,-17,18,-20,18,-21,21,-18,21,-17,19,-17"
40.913673877716064,597,"CSI,2049,128,77,-47,20,0,0,-11,-2,-7,-2,0,-3,6,-7,9,-8,12,-9,12,-11,8,-14,10,-14,14,-11,12,-10,12,-10,13,-10,10,-10,5,-7,5,-3,3,-1,0,0,-1,1,-2,2,-3,3,-4,3,-6,3,-7,3,-6,0,-2,0,0,0,0,0,0,0,0,0,0,0,0,0,0,0,0,0,0,1,1,5,6,5,7,3,9,3,9,2,8,0,8,1,9,2,7,3,4,2,1,2,-1,1,-4,-2,-7,-3,-9,0,-12,3,-16,1,-18,-1,-21,0,-24,4,-27,4,-28,1,-28,-1,-25,-1,-24,1,-24,2,-24"
40.952322006225586,598,"CSI,1999,128,83,49,21,0,-4,4,0,-1,5,-6,9,-8,12,-6,16,-5,17,-8,16,-12,12,-9,12,-7,13,-7,10,-4,9,-3,9,-4,7,-4,6,-3,4,-1,2,-1,1,-2,-1,-2,-3,-2,-4,-1,-6,0,-9,0,-9,0,-2,0,0,0,0,0,0,0,0,0,0,0,0,0,0,0,0,0,0,0,-1,-2,-3,-7,-4,-8,-4,-10,-5,-10,-4,-8,-3,-7,-2,-6,-3,-3,-2,-1,-2,-1,-3,-2,-4,0,-2,3,-2,8,-3,11,-4,14,-5,16,-7,19,-9,21,-10,22,-12,21,-12,21,-11,20,-13,19,-14,20,-11,19"
41.05483412742615,599,"CSI,2004,128,83,49,21,0,-8,6,-4,8,2,8,4,6,5,6,8,5,10,6,10,11,12,12,13,9,13,7,12,6,12,9,10,11,8,9,6,8,5,8,5,5,3,3,1,2,0,0,0,-3,0,-6,-1,-7,-1,-8,-1,-3,0,0,0,0,0,0,0,0,0,0,0,0,0,0,0,0,0,0,-2,-2,-6,-6,-7,-8,-7,-8,-4,-9,-1,-9,-1,-9,-2,-9,-1,-7,-1,-5,-2,-4,-1,-1,0,4,-2,8,-5,10,-7,11,-9,11,-11,10,-12,9,-13,9,-16,12,-17,14,-19,13,-20,11,-21,9,-19,9,-12,10"
41.259047985076904,600,"CSI,2012,128,83,49,21,0,10,0,11,-2,10,-4,9,-7,9,-8,10,-10,9,-12,7,-11,9,-9,11,-8,12,-8,12,-9,11,-10,11,-8,11,-6,11,-5,10,-5,6,-4,1,-3,-2,-4,-3,-5,-4,-5,-5,-6,-4,-7,-2,-7,-1,-2,0,0,0,0,0,0,0,0,0,0,0,0,0,0,0,0,0,0,1,2,4,10,4,8,4,8,2,10,0,10,0,8,0,6,-1,5,-1,4,4,3,8,3,9,2,12,1,15,0,17,1,19,1,20,2,20,2,20,3,23,7,26,9,25,10,20,12,17,13,18,12,20,11"
41.36168122291565,601,"CSI,2016,128,83,49,21,0,-6,0,0,-1,6,0,9,2,12,2,16,1,18,-2,16,-6,15,-7,16,-4,16,-4,16,-5,17,-4,16,-6,13,-8,12,-5,9,-1,4,1,-2,2,-5,2,-6,2,-6,4,-9,5,-10,4,-9,3,-2,0,0,0,0,0,0,0,0,0,0,0,0,0,0,0,0,0,0,0,2,0,9,1,8,1,8,2,8,3,7,4,5,4,5,4,4,3,1,3,-1,3,-2,3,-8,2,-13,0,-14,-2,-15,-5,-19,-7,-23,-6,-23,-5,-23,-4,-26,-6,-27,-8,-25,-8,-23,-9,-23,-7,-21,-4,-17,-2"
41.462878942489624,602,"CSI,2019,128,83,49,21,0,0,-5,-3,1,-2,6,-1,10,-1,13,-2,14,-7,16,-13,20,-10,22,-7,20,-5,17,-3,18,-3,17,-3,15,-3,12,-3,8,-3,6,-3,3,-2,1,0,-1,-1,-5,0,-8,1,-8,-1,-8,-2,-7,-1,-2,0,0,0,0,0,0,0,0,0,0,0,0,0,0,0,0,0,0,0,2,2,9,2,10,1,10,-1,12,-2,12,-2,8,-3,6,-5,7,-4,6,-2,5,0,3,1,-1,0,-5,0,-10,2,-12,2,-16,3,-21,4,-23,4,-24,6,-24,6,-25,7,-26,6,-25,5,-24,3,-21,4,-17"
41.56594395637512,603,"CSI,2024,128,83,49,21,0,0,-4,0,2,-1,6,-3,8,-3,11,-3,14,0,17,4,22,3,22,1,19,3,19,3,20,0,17,0,14,2,13,1,9,-1,5,-2,2,-5,0,-8,-2,-8,-3,-7,-3,-8,-6,-9,-8,-10,-9,-3,-3,0,0,0,0,0,0,0,0,0,0,0,0,0,0,0,0,0,0,-2,1,-8,6,-9,7,-9,7,-11,6,-11,5,-10,4,-9,4,-8,3,-7,-1,-5,-2,-2,-3,0,-5,1,-6,4,-8,8,-11,11,-15,14,-18,15,-21,16,-24,17,-24,15,-25,14,-26,14,-24,12,-23,10,-21,9,-19"
41.67050385475159,604,"CSI,2028,128,83,49,21,0,4,1,0,-2,-5,-3,-10,-4,-13,-3,-15,-4,-19,-2,-22,3,-20,5,-18,2,-18,1,-18,0,-17,0,-14,1,-12,2,-10,1,-8,-1,-5,-4,-2,-5,1,-5,3,-5,4,-4,4,-5,4,-6,5,-7,1,-2,0,0,0,0,0,0,0,0,0,0,0,0,0,0,0,0,0,0,-2,-3,-5,-11,-5,-10,-5,-11,-5,-12,-3,-11,-2,-10,-1,-8,-2,-5,-2,-3,1,-2,4,-1,6,1,7,2,8,3,10,6,12,8,14,9,16,13,15,16,13,16,14,16,16,16,16,13,14,13,12,13,10,13"
41.76990103721619,605,"CSI,2031,128,83,49,21,0,0,-6,0,-8,-2,-8,-6,-9,-6,-12,-7,-13,-12,-14,-17,-16,-15,-14,-12,-10,-10,-9,-8,-8,-8,-7,-8,-8,-6,-9,-4,-6,-1,-3,3,-4,3,-3,2,1,2,2,2,1,5,2,6,3,5,3,1,0,0,0,0,0,0,0,0,0,0,0,0,0,0,0,0,0,0,0,-3,0,-8,0,-7,-3,-7,-6,-7,-6,-5,-4,-2,-3,-2,-2,-2,0,0,1,4,2,6,2,6,3,9,6,12,8,14,11,14,13,12,14,12,13,12,14,14,15,15,13,13,16,11,17,12,12,10,9,7,9"
41.89606809616089,606,"CSI,2052,128,77,-47,20,0,-1,-2,-4,1,-5,2,-6,0,-7,1,-8,4,-8,6,-4,9,-4,10,-5,8,-4,8,-4,10,-4,10,-4,9,-5,7,-6,6,-6,3,-4,2,-2,1,0,-2,1,-2,-1,-3,-3,-5,-2,-7,-2,-9,-1,-3,0,0,0,0,0,0,0,0,0,0,0,0,0,0,0,0,0,0,-3,1,-11,4,-10,0,-9,-3,-9,-4,-6,-3,-3,-3,-1,-2,1,-1,3,-1,5,-2,6,-3,7,-4,10,-3,13,-2,13,-3,14,-5,14,-5,14,-4,16,-4,15,-4,14,-5,14,-8,16,-9,15,-9,13,-8,11,-8"
41.97465705871582,607,"CSI,2039,128,83,49,21,0,-4,-4,-3,2,0,5,2,7,4,9,4,10,7,11,12,13,11,9,10,5,10,6,9,7,8,8,6,9,6,8,4,5,2,3,0,2,-1,-1,-3,-3,-4,-4,-5,-4,-6,-3,-8,-3,-7,-3,-2,-1,0,0,0,0,0,0,0,0,0,0,0,0,0,0,0,0,0,0,2,2,7,10,4,8,2,7,1,5,1,5,1,5,0,3,-2,1,-3,-1,-2,-3,-3,-4,-6,-5,-8,-8,-8,-12,-6,-14,-5,-17,-2,-18,-2,-16,-4,-16,-7,-17,-10,-18,-9,-20,-8,-19,-7,-16,-7,-11,-7,-9"
42.07568407058716,608,"CSI,2044,128,83,49,21,0,4,4,3,4,0,2,-3,2,-6,4,-7,7,-8,7,-12,4,-15,6,-13,9,-10,12,-8,12,-7,12,-7,13,-6,13,-5,11,-5,9,-5,7,-6,3,-6,0,-6,-3,-5,-4,-7,-4,-9,-5,-9,-7,-2,-2,0,0,0,0,0,0,0,0,0,0,0,0,0,0,0,0,0,0,1,-2,6,-4,6,-4,6,-5,6,-4,5,-1,3,-1,3,-2,5,-1,5,2,4,4,3,7,3,6,4,4,5,7,7,10,9,9,10,10,9,12,8,12,8,12,8,13,10,13,12,12,12,8,12,8,10,11"
42.183202028274536,609,"CSI,2048,128,83,49,21,0,-11,-9,-6,-8,-2,-5,-1,-4,1,-7,2,-9,6,-11,11,-16,9,-16,5,-15,4,-14,2,-14,0,-15,1,-13,1,-11,0,-10,1,-9,2,-7,2,-4,3,-2,5,-1,6,0,6,1,7,1,7,2,1,0,0,0,0,0,0,0,0,0,0,0,0,0,0,0,0,0,0,0,-2,1,-7,4,-8,4,-8,4,-6,3,-5,3,-4,2,-4,0,-4,-3,-3,-4,-5,-4,-6,-3,-7,-3,-8,-3,-7,-7,-7,-11,-8,-13,-8,-13,-8,-13,-8,-14,-11,-15,-14,-15,-13,-17,-13,-16,-15,-15,-16,-12,-16,-10"
42.28276610374451,610,"CSI,2052,128,83,49,21,0,6,8,2,5,-5,0,-9,-3,-12,-5,-13,-5,-11,-5,-9,-6,-11,-7,-14,-6,-13,-5,-12,-5,-13,-5,-12,-4,-10,-3,-8,-3,-6,-4,-4,-7,-1,-6,0,-3,1,-2,4,-3,6,-2,6,-3,7,-4,1,-2,0,0,0,0,0,0,0,0,0,0,0,0,0,0,0,0,0,0,1,-2,6,-8,4,-7,2,-7,3,-7,3,-5,-1,-2,-3,-1,-3,-1,-4,0,-2,1,0,2,-1,3,0,5,1,6,0,7,1,8,4,10,6,11,7,12,7,12,5,11,5,12,9,14,12,15,11,16,8,16"
42.59068489074707,611,"CSI,2064,128,83,49,21,0,-6,2,-10,2,-12,2,-14,1,-16,4,-18,5,-16,1,-13,-2,-14,-3,-17,0,-18,1,-16,0,-12,0,-10,0,-10,0,-7,0,-1,-2,2,-2,4,0,6,0,8,0,8,2,9,4,11,5,10,5,2,1,0,0,0,0,0,0,0,0,0,0,0,0,0,0,0,0,0,0,-2,1,-8,6,-8,6,-7,6,-4,5,-4,5,-3,5,-2,4,-1,3,2,2,5,1,5,0,7,0,11,-2,13,-4,14,-5,17,-6,18,-7,17,-6,18,-6,17,-6,17,-6,16,-7,15,-4,13,-2,9,-3,6,-4"
42.6504271030426,612,"CSI,2697,128,83,49,21,0,8,10,10,12,10,13,8,12,8,10,6,11,4,8,3,1,2,2,1,3,1,0,0,-3,0,-5,-1,-6,0,-7,0,-8,-1,-8,0,-8,3,-8,4,-9,3,-9,3,-8,4,-6,3,-4,-1,-2,-1,-1,0,0,0,0,0,0,0,0,0,0,0,0,0,0,0,0,0,0,0,-2,2,-7,3,-6,4,-6,4,-8,4,-9,2,-8,1,-5,2,-3,2,-2,-2,1,-7,4,-9,3,-11,0,-12,-3,-12,-3,-13,-2,-14,-1,-14,-3,-15,-2,-13,-1,-11,-2,-8,-1,-6,1,-4,3,-2,2,-1,1"
42.6929829120636,613,"CSI,2067,128,83,49,21,0,-8,-6,-10,-2,-9,4,-8,8,-9,9,-12,9,-17,11,-20,15,-17,15,-16,13,-16,11,-14,9,-10,7,-9,6,-9,5,-6,4,-3,2,-1,3,1,6,2,5,2,3,4,4,5,5,6,5,6,5,1,1,0,0,0,0,0,0,0,0,0,0,0,0,0,0,0,0,0,0,0,-1,4,-5,6,-6,6,-7,6,-7,5,-7,4,-6,4,-6,4,-5,3,-2,1,-1,-2,-3,-3,-7,-6,-7,-9,-8,-10,-11,-13,-16,-17,-18,-17,-19,-15,-21,-15,-21,-15,-21,-12,-23,-9,-25,-9,-23,-8,-19,-4,-16"
42.79585790634155,614,"CSI,2072,128,83,49,21,0,-9,0,-16,-1,-19,-1,-21,0,-23,-1,-24,-3,-24,-4,-26,-4,-25,-3,-21,-1,-16,0,-13,1,-10,1,-7,1,-4,1,0,1,3,2,3,4,2,6,4,7,7,5,8,4,7,5,6,5,8,6,2,1,0,0,0,0,0,0,0,0,0,0,0,0,0,0,0,0,0,0,-1,2,-5,10,-5,13,-5,14,-4,11,-3,6,-4,3,-2,2,0,1,1,-1,3,-4,5,-5,7,-6,11,-8,16,-10,18,-11,19,-13,18,-13,19,-13,22,-13,23,-11,21,-9,19,-9,16,-8,12,-6,8,-5,6,-6"
42.89944911003113,615,"CSI,2076,128,83,49,21,0,3,-2,-4,-4,-8,-5,-11,-7,-15,-9,-17,-11,-21,-11,-26,-12,-23,-11,-18,-10,-17,-9,-16,-10,-16,-9,-16,-6,-15,-5,-11,-5,-8,-2,-7,2,-5,4,-4,5,-6,4,-5,5,-2,7,0,7,2,6,0,1,0,0,0,0,0,0,0,0,0,0,0,0,0,0,0,0,0,0,0,2,0,9,-3,10,-3,10,-3,9,-4,8,-3,7,0,5,1,2,2,0,2,-2,4,-1,5,-1,6,-4,8,-7,11,-8,13,-9,15,-10,18,-11,22,-11,23,-10,23,-8,21,-7,17,-7,16,-7,16,-7,18,-6"
43.00079703330994,616,"CSI,2079,128,83,49,21,0,12,9,8,5,7,-2,6,-9,5,-13,4,-17,4,-19,2,-19,3,-21,7,-23,10,-24,10,-23,10,-21,11,-19,9,-18,7,-17,5,-13,1,-10,-2,-8,-3,-3,-4,-2,-7,-3,-10,-2,-10,-1,-10,0,-3,0,0,0,0,0,0,0,0,0,0,0,0,0,0,0,0,0,0,0,-1,2,-5,9,-7,9,-9,11,-11,12,-10,11,-8,11,-9,11,-12,10,-13,11,-12,11,-11,10,-7,9,-3,10,-1,7,1,6,6,9,13,10,18,10,21,13,24,18,26,22,27,21,27,22,25,23,21,23,17,22"
43.10090494155884,617,"CSI,2084,128,83,49,21,0,4,-8,0,-2,-4,3,-10,4,-17,3,-19,3,-19,5,-20,9,-23,9,-25,6,-25,4,-24,4,-21,6,-19,5,-17,3,-13,3,-9,3,-6,1,0,2,4,3,6,3,7,5,8,5,9,3,11,4,3,1,0,0,0,0,0,0,0,0,0,0,0,0,0,0,0,0,0,0,1,3,5,14,2,12,1,13,3,14,3,14,2,14,2,15,0,13,0,12,2,11,4,8,4,3,5,-2,8,-5,11,-8,12,-12,14,-15,16,-20,17,-23,19,-22,22,-22,23,-25,23,-26,24,-21,21,-18,18,-19"
43.205809116363525,618,"CSI,2087,128,83,49,21,0,10,-5,5,-2,-1,-1,-8,0,-16,-2,-19,-2,-21,-1,-25,-4,-30,-3,-30,0,-27,0,-26,1,-25,2,-23,1,-20,2,-17,3,-11,2,-6,2,-2,3,2,3,4,2,4,1,6,2,9,3,9,2,2,0,0,0,0,0,0,0,0,0,0,0,0,0,0,0,0,0,0,0,-2,1,-7,7,-8,7,-11,7,-14,8,-14,6,-15,5,-13,4,-10,4,-10,4,-9,2,-7,1,-4,2,0,1,3,0,8,-2,11,-2,15,-3,22,-5,26,-6,28,-6,31,-5,34,-3,32,-3,29,-2,27,0,28,-1"
43.234668016433716,619,"CSI,2053,128,77,-47,20,0,1,-10,-2,-4,-5,0,-5,4,-8,9,-11,14,-13,16,-14,14,-15,17,-17,20,-15,20,-13,19,-13,16,-14,13,-11,12,-7,12,-3,10,-3,5,-2,2,1,1,3,0,5,-2,7,-4,8,-5,9,-7,2,-2,0,0,0,0,0,0,0,0,0,0,0,0,0,0,0,0,0,0,1,0,5,3,7,5,9,8,9,10,9,10,7,11,5,12,6,11,7,10,6,11,5,7,3,3,2,0,1,-4,-1,-10,-2,-15,-3,-18,-3,-22,-2,-25,1,-28,3,-32,3,-34,4,-36,5,-35,3,-30,0,-25"
43.30817413330078,620,"CSI,2092,128,83,49,21,0,14,-1,9,-5,3,-7,-1,-11,-3,-14,-7,-18,-8,-19,-5,-16,-3,-20,-4,-24,-5,-24,-4,-23,-3,-22,-3,-20,-2,-18,-1,-16,-2,-12,-3,-9,-3,-5,-4,-3,-6,-1,-7,2,-7,4,-8,5,-11,4,-4,0,0,0,0,0,0,0,0,0,0,0,0,0,0,0,0,0,0,0,0,2,3,9,3,12,3,14,1,15,-1,15,-2,14,-1,12,0,12,-1,10,-1,9,1,9,3,6,5,3,10,2,15,0,19,-2,22,-1,24,0,27,0,29,3,29,7,32,8,35,9,32,8,26,7,19,7"
43.4114191532135,621,"CSI,2096,128,83,49,21,0,-2,-11,-6,-8,-12,-5,-16,-5,-18,-6,-21,-6,-26,-5,-30,-5,-29,-5,-25,-7,-23,-10,-22,-12,-20,-12,-17,-11,-14,-10,-13,-9,-12,-6,-11,-2,-9,1,-7,2,-6,5,-8,7,-7,8,-6,8,-8,7,-3,1,0,0,0,0,0,0,0,0,0,0,0,0,0,0,0,0,0,0,2,-3,9,-9,11,-10,12,-10,14,-9,14,-6,12,-5,9,-5,6,-5,7,-7,6,-5,3,-3,1,-5,0,-9,-2,-13,-4,-17,-3,-20,-1,-22,0,-24,1,-27,2,-29,2,-30,3,-31,4,-30,4,-27,2,-25,0,-23"
43.513248920440674,622,"CSI,2100,128,83,49,21,0,7,-10,3,-10,-2,-11,-3,-15,-5,-18,-6,-20,-2,-21,3,-19,3,-18,0,-20,-1,-23,-3,-23,-2,-20,0,-17,1,-15,0,-13,-1,-12,-3,-10,-5,-7,-6,-5,-7,-5,-8,-4,-8,-5,-10,-5,-11,-3,-3,-1,0,0,0,0,0,0,0,0,0,0,0,0,0,0,0,0,0,0,1,-2,7,-5,8,-3,10,1,11,2,11,0,10,0,9,0,8,-1,7,-2,7,-3,8,-4,8,-6,7,-8,8,-9,8,-10,9,-12,14,-14,18,-15,17,-18,17,-19,18,-17,18,-14,18,-10,19,-9,17,-10,15,-10"
43.57965683937073,623,"CSI,2733,128,83,49,21,0,-5,-19,-5,-19,-2,-17,0,-16,2,-16,5,-15,3,-11,-5,-8,-6,-7,-4,-7,-5,-4,-4,0,-4,0,-6,0,-6,-2,-4,-3,-4,-3,-5,-2,-6,-1,-5,-1,-3,1,-1,1,-1,0,-1,0,-1,1,-1,0,0,0,0,0,0,0,0,0,0,0,0,0,0,0,0,0,0,0,0,1,2,7,1,7,0,7,1,7,2,7,2,8,4,6,6,2,5,1,5,0,7,-2,10,-3,12,-4,13,-4,15,-2,17,0,17,1,16,1,13,0,12,1,10,1,6,-2,4,-5,3,-5,1,-6,-1,-10"
43.61311626434326,624,"CSI,2103,128,83,49,21,0,-3,10,0,11,4,14,6,15,8,16,9,18,9,19,9,16,6,16,3,18,2,18,1,16,1,14,3,11,3,10,4,9,5,8,5,6,5,6,5,5,6,3,6,3,7,2,7,-1,7,-3,1,-1,0,0,0,0,0,0,0,0,0,0,0,0,0,0,0,0,0,0,-2,-1,-7,-1,-8,-3,-10,-5,-11,-6,-9,-6,-8,-6,-6,-3,-6,-1,-6,0,-6,1,-7,2,-8,2,-8,6,-7,9,-10,10,-12,14,-15,15,-19,15,-24,13,-25,12,-24,13,-25,12,-25,9,-21,8,-17,9,-14,8"
43.68090796470642,625,"CSI,2737,128,83,49,21,0,-8,12,-9,13,-7,16,-7,15,-10,12,-9,11,-4,8,0,5,-2,4,-4,4,-3,3,-2,2,-2,4,1,5,2,4,1,5,1,6,1,5,1,4,2,3,1,1,0,1,-1,1,0,1,0,3,0,1,0,0,0,0,0,0,0,0,0,0,0,0,0,0,0,0,0,0,0,-3,0,-9,-1,-11,-2,-11,-1,-8,1,-6,0,-5,-1,-4,0,-3,0,-2,-3,-1,-6,-1,-8,-1,-11,-1,-13,-2,-14,-3,-14,-5,-14,-8,-14,-8,-13,-9,-12,-8,-12,-5,-7,-4,-3,-4,-3,-1,-3,3,-3,6"
43.718772888183594,626,"CSI,2108,128,83,49,21,0,10,3,9,-4,9,-7,8,-10,9,-14,11,-18,14,-19,18,-17,18,-16,15,-17,15,-16,14,-17,13,-17,11,-15,6,-10,3,-8,3,-8,2,-8,-1,-5,-4,-5,-5,-7,-6,-6,-8,-4,-10,-4,-11,-5,-3,-2,0,0,0,0,0,0,0,0,0,0,0,0,0,0,0,0,0,0,-1,2,-5,10,-6,11,-6,11,-8,10,-8,10,-7,7,-8,7,-7,8,-5,5,-2,3,1,3,6,3,10,2,12,3,14,6,18,8,20,11,21,15,21,17,21,18,23,20,23,23,21,23,19,25,18,26,18,22"
43.82130312919617,627,"CSI,2112,128,83,49,21,0,11,8,14,2,15,-4,15,-9,20,-10,21,-12,20,-16,25,-17,28,-17,25,-17,22,-16,19,-14,18,-13,17,-12,15,-9,12,-7,6,-6,2,-7,1,-8,-1,-8,-4,-8,-6,-8,-7,-8,-6,-6,-6,-7,-2,-2,0,0,0,0,0,0,0,0,0,0,0,0,0,0,0,0,0,0,-2,2,-7,10,-8,11,-8,11,-9,9,-11,8,-11,7,-9,7,-7,6,-7,3,-6,1,-3,3,2,5,7,6,10,8,14,11,17,15,19,17,20,19,21,24,20,29,17,30,17,29,17,29,16,30,14,27,12,23"
43.92296814918518,628,"CSI,2116,128,83,49,21,0,15,-7,9,-8,1,-11,-4,-15,-7,-17,-9,-19,-9,-19,-7,-16,-9,-16,-12,-20,-12,-23,-10,-22,-9,-20,-9,-18,-9,-16,-7,-11,-7,-6,-7,-4,-6,-3,-5,-2,-6,1,-7,4,-6,6,-6,6,-7,5,-2,1,0,0,0,0,0,0,0,0,0,0,0,0,0,0,0,0,0,0,0,1,2,7,2,9,2,11,0,14,-1,14,0,13,1,12,-1,10,0,8,0,8,-1,6,1,2,3,1,6,1,11,-1,16,-3,19,-4,19,-7,22,-9,25,-7,29,-7,31,-5,27,-2,25,-1,26,-2,25,-2"
44.023531913757324,629,"CSI,2120,128,83,49,21,0,-1,13,2,9,7,7,10,7,10,6,13,6,16,7,13,10,14,10,18,9,20,6,20,4,17,7,16,9,15,9,12,6,8,1,7,-1,6,-1,7,-1,6,-1,4,-3,2,-7,1,-9,2,-9,0,-3,0,0,0,0,0,0,0,0,0,0,0,0,0,0,0,0,0,0,-3,2,-9,7,-10,4,-10,1,-9,0,-8,1,-7,1,-4,0,-4,2,-6,3,-5,2,-3,2,-1,4,-1,8,-1,10,-1,12,-2,15,-2,16,-2,19,-4,21,-6,21,-6,22,-7,23,-8,23,-8,24,-7,23,-6,18"
44.126190185546875,630,"CSI,2124,128,83,49,21,0,15,6,15,3,14,-3,12,-11,12,-16,13,-19,12,-20,9,-22,12,-22,17,-20,18,-16,18,-15,17,-16,15,-15,14,-11,13,-9,9,-9,4,-8,2,-8,0,-10,-2,-9,-5,-8,-5,-9,-5,-12,-5,-13,-2,-4,0,0,0,0,0,0,0,0,0,0,0,0,0,0,0,0,0,0,1,2,4,10,2,12,3,14,4,15,2,14,-1,10,-4,9,-3,10,-3,11,-2,9,0,7,3,4,8,2,12,3,18,5,21,6,23,8,27,8,29,9,30,10,31,14,28,18,24,18,24,17,25,16,25,14"
44.23344707489014,631,"CSI,2128,128,83,49,21,0,-8,-11,-14,-7,-17,-6,-16,-3,-15,1,-17,0,-18,-1,-16,1,-18,-1,-19,-5,-17,-6,-17,-7,-19,-7,-17,-7,-13,-9,-11,-7,-9,-4,-8,-1,-8,2,-7,5,-7,5,-9,3,-12,3,-12,4,-11,4,-3,1,0,0,0,0,0,0,0,0,0,0,0,0,0,0,0,0,0,0,-1,-4,-2,-14,0,-13,1,-13,3,-12,3,-10,2,-8,0,-6,-1,-6,-2,-8,-4,-9,-5,-7,-8,-7,-10,-9,-11,-11,-13,-13,-14,-14,-13,-17,-12,-18,-12,-19,-12,-19,-12,-20,-11,-20,-9,-19,-7,-18,-7,-18,-10,-19"
44.333483934402466,632,"CSI,2132,128,83,49,21,0,-4,-6,-9,-9,-12,-9,-15,-8,-17,-11,-17,-13,-17,-16,-19,-21,-19,-20,-17,-16,-15,-14,-10,-11,-7,-9,-7,-6,-5,-4,-3,-5,-2,-4,-3,0,-2,4,0,5,-3,5,-4,7,-4,8,-5,8,-6,8,-2,2,0,0,0,0,0,0,0,0,0,0,0,0,0,0,0,0,0,0,1,1,7,6,8,6,11,7,11,8,8,8,7,6,4,5,3,4,4,2,5,-1,9,-5,12,-8,11,-12,10,-14,13,-15,19,-15,22,-16,21,-18,20,-16,20,-11,23,-8,22,-5,18,-6,14,-9,9,-10,5,-8"
44.43477821350098,633,"CSI,2135,128,83,49,21,0,2,10,3,4,5,-4,7,-9,8,-11,10,-12,11,-15,9,-21,8,-22,12,-19,13,-15,14,-13,13,-14,12,-15,13,-12,12,-8,9,-4,5,-2,2,-2,-2,-4,-7,-3,-11,-1,-11,-2,-10,-3,-12,-2,-4,-1,0,0,0,0,0,0,0,0,0,0,0,0,0,0,0,0,0,0,-3,0,-10,1,-8,-2,-9,-3,-12,-4,-13,-4,-13,-4,-12,-5,-11,-5,-11,-5,-8,-3,-5,1,-4,5,-5,7,-4,11,-1,15,-1,19,-1,20,0,20,0,20,1,22,2,24,-1,25,-1,25,1,23,-1,24,-2,27"
44.494369983673096,634,"CSI,2768,128,83,49,21,0,7,18,5,19,4,20,3,20,2,21,3,20,6,17,4,17,4,15,5,9,4,5,4,3,4,2,2,-1,1,-5,4,-6,6,-7,6,-9,6,-10,4,-8,2,-8,-1,-8,-1,-7,0,-4,0,-3,0,-1,0,0,0,0,0,0,0,0,0,0,0,0,0,0,0,0,0,0,1,-3,5,-9,7,-8,8,-5,10,-4,9,-4,5,-3,2,-4,0,-4,-2,-2,-5,-2,-8,-2,-9,-4,-12,-8,-15,-9,-15,-9,-15,-8,-15,-7,-13,-8,-13,-9,-14,-9,-12,-6,-10,-4,-6,-4,-3,-5,0,-2,3,2"
44.53482007980347,635,"CSI,2140,128,83,49,21,0,8,-6,6,-7,7,-6,10,-4,11,-5,12,-6,10,-2,6,2,8,0,12,-4,9,-6,6,-4,3,-3,1,-6,1,-6,1,-3,2,-1,3,1,1,3,1,3,2,4,2,4,-2,3,-3,6,0,6,0,1,0,0,0,0,0,0,0,0,0,0,0,0,0,0,0,0,0,0,-1,1,-4,6,-4,5,-5,5,-5,4,-4,2,-4,-1,-4,-4,-5,-6,-4,-6,-2,-8,0,-11,-1,-15,-2,-16,-1,-16,-1,-16,-3,-17,-4,-15,-3,-13,-3,-13,-4,-12,-4,-11,-4,-11,-4,-11,-4,-8,-2,-7,0,-6"
44.63441824913025,636,"CSI,2143,128,83,49,21,0,3,0,6,-2,7,-4,8,-5,12,-4,13,-3,11,0,12,7,13,4,13,-2,13,0,13,2,10,3,9,4,10,4,8,3,4,1,2,0,2,-2,2,-4,1,-6,1,-5,3,-6,5,-7,6,-9,1,-3,0,0,0,0,0,0,0,0,0,0,0,0,0,0,0,0,0,0,-2,1,-4,8,-2,9,-3,8,-4,7,-2,6,-2,5,-1,4,2,4,6,5,7,5,8,6,11,7,11,7,8,8,7,11,6,12,4,11,4,13,6,16,6,16,3,14,-2,13,-2,12,0,12,3,9,4,8"
44.74074101448059,637,"CSI,2148,128,83,49,21,0,4,-5,5,-4,6,-7,9,-7,11,-5,10,-4,10,-3,12,-1,13,-1,11,-3,9,-4,8,-7,7,-7,5,-5,4,-3,5,-2,5,-2,3,0,3,1,6,1,5,2,3,3,4,3,5,1,6,1,1,0,0,0,0,0,0,0,0,0,0,0,0,0,0,0,0,0,0,0,-1,-3,-2,-9,-1,-9,0,-8,0,-7,-1,-5,1,-4,3,-4,3,-3,3,-4,3,-5,6,-5,9,-4,10,-4,8,-3,8,-5,9,-10,10,-10,10,-10,10,-13,8,-13,6,-11,5,-10,4,-10,3,-11,4,-12,5,-13"
44.78054404258728,638,"CSI,2054,128,77,-47,20,0,-2,10,-3,8,-4,7,-7,6,-9,5,-9,6,-8,6,-9,4,-9,4,-8,5,-6,6,-4,8,-3,10,-3,9,-1,7,1,7,0,6,-3,4,-5,1,-5,0,-5,1,-5,3,-5,2,-6,1,-7,1,-2,0,0,0,0,0,0,0,0,0,0,0,0,0,0,0,0,0,0,0,0,0,2,3,5,6,6,8,4,9,3,8,3,7,2,6,0,5,-1,5,-1,6,-1,6,-1,6,-4,6,-6,7,-6,8,-4,9,-4,10,-6,9,-6,10,-3,15,-2,16,-3,15,-2,15,1,16,0,15,0,10"
44.83755707740784,639,"CSI,2152,128,83,49,21,0,10,3,9,4,6,4,4,6,3,9,3,10,6,10,10,8,7,6,5,8,5,8,6,4,8,3,9,4,8,3,7,2,7,2,6,1,5,1,3,1,3,3,3,4,3,5,4,6,2,6,0,1,0,0,0,0,0,0,0,0,0,0,0,0,0,0,0,0,0,0,2,1,8,5,5,5,4,5,3,5,3,4,2,4,0,6,-1,6,-1,6,-1,5,-1,4,0,6,1,8,1,9,2,10,2,11,1,11,2,9,4,8,6,9,7,10,9,11,9,10,8,9,10,8,13,9"
44.94114089012146,640,"CSI,2156,128,83,49,21,0,11,1,11,4,11,5,11,6,7,8,7,11,7,13,3,9,4,7,8,8,10,8,11,7,11,4,9,3,8,5,7,5,7,3,7,4,5,6,3,7,3,7,3,5,2,6,2,8,3,10,0,2,0,0,0,0,0,0,0,0,0,0,0,0,0,0,0,0,0,0,1,0,7,1,9,1,8,0,8,2,8,4,6,5,4,4,3,3,3,4,3,7,5,7,4,8,2,10,2,9,3,9,5,12,8,13,9,12,7,11,7,12,11,11,15,9,15,8,14,8,14,7,14,7"
45.046936988830566,641,"CSI,2159,128,83,49,21,0,10,3,4,3,-4,3,-8,2,-9,5,-11,9,-8,8,-4,4,-8,5,-13,9,-12,9,-11,8,-10,9,-10,7,-10,4,-7,2,-5,0,-3,-3,-2,-4,-1,-6,1,-9,2,-10,2,-10,1,-10,0,-12,0,-3,0,0,0,0,0,0,0,0,0,0,0,0,0,0,0,0,0,0,-2,-1,-7,-4,-9,-5,-11,-4,-11,-4,-11,-4,-8,-4,-5,-3,-2,-1,-1,-4,0,-5,1,-2,5,1,9,1,10,-2,10,-1,12,1,15,1,18,3,20,3,21,1,23,-2,25,-3,23,-2,22,0,23,-1,22,0"
45.15062713623047,642,"CSI,2164,128,83,49,21,0,-2,-9,0,-8,2,-8,3,-7,7,-4,9,-1,9,3,11,7,13,5,15,3,15,3,16,2,14,1,10,3,7,6,5,6,3,5,3,4,2,1,-1,-1,-3,0,-4,3,-4,5,-3,6,-3,6,-1,1,0,0,0,0,0,0,0,0,0,0,0,0,0,0,0,0,0,0,1,1,2,6,-2,5,-4,5,-3,5,-3,6,-5,6,-4,6,-3,4,-6,3,-8,2,-8,0,-7,-3,-6,-5,-3,-6,-3,-8,-4,-11,-3,-12,-2,-14,-3,-16,-3,-15,-3,-17,-7,-20,-13,-20,-13,-19,-11,-18,-11,-17"
45.35622191429138,643,"CSI,2172,128,83,49,21,0,-1,-6,3,-7,6,-7,7,-7,9,-8,11,-7,11,-10,8,-13,8,-11,8,-9,7,-8,6,-6,4,-6,4,-7,7,-6,9,-4,8,0,7,1,5,0,4,1,4,3,6,4,7,5,6,4,5,3,1,0,0,0,0,0,0,0,0,0,0,0,0,0,0,0,0,0,0,0,-2,-1,-6,-1,-9,2,-11,2,-12,1,-10,2,-7,0,-5,-4,-3,-5,-2,-5,-3,-7,-3,-9,-1,-11,2,-14,3,-16,1,-17,-1,-19,-3,-18,-2,-15,-3,-16,-8,-16,-10,-17,-9,-16,-7,-14,-6,-12,-4,-12,-2,-10"
45.45900321006775,644,"CSI,2176,128,83,49,21,0,0,4,6,1,10,2,12,4,15,5,15,6,15,5,18,1,18,1,16,2,15,3,14,5,11,6,10,4,9,1,5,0,3,0,1,-1,-1,-3,-2,-5,-3,-7,-3,-8,-2,-9,-2,-10,-4,-10,-2,-3,0,0,0,0,0,0,0,0,0,0,0,0,0,0,0,0,0,0,-2,-2,-7,-8,-4,-8,-4,-9,-6,-9,-7,-8,-5,-6,0,-4,2,-2,2,1,-2,4,-6,8,-8,11,-10,13,-11,14,-13,15,-15,15,-16,13,-16,13,-17,15,-17,16,-17,15,-14,15,-13,13,-13,10,-10,10,-5,8"
45.5599730014801,645,"CSI,2180,128,83,49,21,0,-8,-3,-2,-4,0,-5,4,-4,9,-4,15,-4,17,-1,17,3,20,5,21,5,18,3,17,0,18,-3,16,-2,10,2,6,2,4,2,2,2,-2,0,-4,-1,-4,0,-7,1,-8,1,-7,1,-7,1,-2,0,0,0,0,0,0,0,0,0,0,0,0,0,0,0,0,0,0,0,0,0,5,1,8,0,10,0,11,1,11,2,10,2,8,3,6,1,2,0,1,0,-1,1,-5,2,-6,2,-9,0,-14,-3,-16,-4,-18,-5,-21,-7,-22,-6,-22,-5,-24,-4,-27,-5,-27,-7,-26,-6,-25,-3,-21,1"
45.62288212776184,646,"CSI,2812,128,83,49,21,0,8,-9,9,-10,10,-11,11,-10,14,-9,13,-8,8,-3,4,2,5,-1,6,-5,3,-5,-1,-4,-3,-2,0,-2,-1,-3,-5,-4,-8,-4,-8,-5,-9,-4,-9,-3,-10,-5,-8,-7,-7,-7,-4,-6,-1,-7,0,-2,0,0,0,0,0,0,0,0,0,0,0,0,0,0,0,0,0,0,-2,0,-5,2,-5,3,-7,3,-8,2,-7,2,-6,0,-4,0,-3,0,-2,2,1,1,1,0,2,3,5,7,7,8,7,9,7,9,8,9,8,10,6,9,3,8,2,8,2,10,3,7,4,2,4,-2,2,-4"
45.664247035980225,647,"CSI,2184,128,83,49,21,0,11,-1,7,1,2,2,-4,3,-9,5,-12,8,-11,10,-11,11,-11,11,-11,12,-10,13,-11,12,-11,11,-9,9,-6,8,-5,5,-5,0,-4,-2,-1,-2,1,-3,3,-4,4,-6,3,-8,2,-8,1,-8,0,-3,0,0,0,0,0,0,0,0,0,0,0,0,0,0,0,0,0,0,-3,1,-10,5,-10,4,-12,2,-12,0,-13,-1,-14,-1,-13,2,-10,3,-9,2,-8,-1,-4,-3,1,-4,4,-5,8,-5,10,-4,12,-4,15,-6,17,-6,20,-7,23,-8,24,-10,23,-13,26,-10,27,-8,25,-9,23,-10"
45.76634907722473,648,"CSI,2188,128,83,49,21,0,8,-8,3,-4,-3,-2,-9,-2,-15,-2,-18,-1,-18,0,-16,2,-17,1,-21,-1,-21,-3,-21,-3,-17,-1,-13,-1,-10,-2,-9,-1,-8,0,-3,1,0,1,2,0,5,-1,7,0,9,3,8,4,6,5,1,1,0,0,0,0,0,0,0,0,0,0,0,0,0,0,0,0,0,0,0,2,2,9,-1,10,-4,11,-7,10,-7,10,-5,10,-4,10,-4,7,-4,4,-3,4,-3,5,-1,4,1,1,5,-4,9,-7,12,-9,14,-10,18,-9,21,-11,22,-14,24,-15,25,-15,24,-12,24,-12,24,-14,23,-15"
45.83136606216431,649,"CSI,440,128,77,-47,20,0,10,-6,14,-3,17,-1,17,-3,17,-4,18,-3,14,-3,6,-3,5,-2,6,-2,4,-1,1,-3,0,-7,-1,-8,-2,-7,-2,-8,-3,-10,-4,-13,-2,-12,-1,-8,0,-7,1,-8,1,-9,0,-6,-1,-4,-1,-1,0,0,0,0,0,0,0,0,0,0,0,0,0,0,0,0,0,0,-2,-1,-6,0,-5,0,-5,-1,-5,-3,-4,-5,-5,-3,-6,1,-4,2,-1,2,1,4,2,6,1,6,-2,8,-3,9,-1,8,0,7,-2,6,-1,6,0,7,-2,7,-2,6,-3,5,-1,4,3,3,5,0,7,-2"
45.86453819274902,650,"CSI,2055,128,77,-47,20,0,-20,-6,-12,-4,-6,-3,0,-3,5,2,8,6,10,9,14,16,17,18,15,17,14,15,14,12,15,11,14,12,11,12,7,9,5,7,3,5,2,3,1,-2,-1,-3,-2,-4,-2,-6,-3,-7,-6,-7,-2,-2,0,0,0,0,0,0,0,0,0,0,0,0,0,0,0,0,0,0,2,0,8,0,9,0,11,-1,11,-2,11,-2,11,-3,12,-2,12,1,10,1,8,0,6,0,4,0,1,1,-3,-1,-7,-4,-11,-5,-13,-8,-14,-12,-17,-11,-19,-9,-22,-11,-26,-12,-28,-10,-27,-10,-26,-14,-26,-14"
45.89345097541809,651,"CSI,2192,128,83,49,21,0,-3,-16,-2,-11,0,-6,1,-1,2,5,6,9,7,13,2,17,2,19,5,21,6,23,5,22,4,19,3,16,4,15,1,14,0,12,2,7,1,2,-1,-1,-3,-2,-3,-2,-4,-4,-6,-7,-5,-8,-1,-3,0,0,0,0,0,0,0,0,0,0,0,0,0,0,0,0,0,0,2,1,9,4,7,6,6,9,5,10,3,11,2,11,3,11,3,12,2,10,2,6,0,6,-2,5,-1,2,-1,-3,-3,-8,-3,-12,-1,-15,-1,-16,-5,-19,-8,-23,-5,-27,-2,-30,-3,-31,-8,-31,-12,-30,-14,-29"
45.95328998565674,652,"CSI,2056,128,75,-79,20,0,-2,-8,-3,-3,-3,3,0,10,2,14,-1,16,-2,18,-1,18,-3,16,-8,15,-9,16,-9,15,-7,12,-6,9,-4,6,1,5,3,3,1,1,2,0,5,-1,6,-1,5,-2,4,-5,5,-7,6,-8,1,-2,0,0,0,0,0,0,0,0,0,0,0,0,0,0,0,0,0,0,2,1,10,7,9,7,7,8,7,9,8,9,7,9,5,9,5,8,5,7,5,5,2,3,0,1,0,-3,-1,-9,-4,-12,-5,-14,-5,-17,-4,-20,-4,-23,-5,-23,-5,-24,-2,-27,2,-29,2,-28,-2,-25,-7,-22"
45.9838650226593,653,"CSI,2196,128,83,49,21,0,5,5,3,1,0,-3,-4,-5,-9,-8,-13,-12,-15,-14,-19,-12,-19,-11,-16,-13,-14,-14,-11,-15,-10,-12,-11,-8,-10,-8,-9,-7,-9,-4,-7,-3,-5,-1,-5,2,-4,5,-2,6,1,6,3,6,3,6,0,1,0,0,0,0,0,0,0,0,0,0,0,0,0,0,0,0,0,0,-2,1,-7,6,-8,5,-9,5,-12,6,-11,7,-10,8,-11,6,-9,2,-7,1,-4,2,0,1,-1,1,-1,0,4,1,10,3,14,3,16,2,19,4,21,6,21,5,21,5,24,8,24,9,21,8,18,7,15,6"
46.01493000984192,654,"CSI,2058,128,75,-79,20,0,10,-2,5,-4,0,-7,-2,-11,-3,-14,-5,-14,-5,-17,0,-20,-1,-20,-7,-19,-8,-18,-7,-19,-4,-19,-2,-16,-2,-13,-3,-9,-2,-6,-1,-4,-3,-3,-7,-4,-9,-2,-7,0,-5,1,-3,3,-3,6,-1,1,0,0,0,0,0,0,0,0,0,0,0,0,0,0,0,0,0,0,1,0,7,4,7,7,6,11,5,11,4,10,2,9,0,7,-2,6,-3,5,-1,4,2,2,5,1,5,-2,5,-5,8,-5,14,-6,16,-6,17,-6,21,-6,24,-5,24,-6,24,-4,24,-1,23,-3,20,-5,17,-6"
46.174586057662964,655,"CSI,2204,128,83,49,21,0,-13,6,-7,4,-3,4,0,5,4,7,6,7,9,3,13,-1,13,1,9,4,8,6,9,7,10,6,9,5,8,5,7,5,4,5,4,3,3,-2,1,-4,1,-3,0,-4,0,-5,0,-5,0,-6,-1,-2,0,0,0,0,0,0,0,0,0,0,0,0,0,0,0,0,0,0,-2,-2,-5,-7,-5,-9,-5,-10,-3,-11,-1,-10,0,-9,-2,-9,-4,-7,-3,-5,-2,-4,-3,-3,-4,-1,-5,2,-7,5,-10,5,-13,6,-14,9,-16,10,-19,9,-20,8,-20,9,-19,11,-18,10,-18,8,-19,8,-20,7"
46.27701497077942,656,"CSI,2208,128,83,49,21,0,4,-9,-2,-5,-3,-3,-5,1,-9,7,-13,7,-17,5,-23,6,-23,9,-19,9,-16,7,-16,6,-16,4,-16,2,-14,1,-9,1,-5,0,-3,-1,-1,1,1,2,2,-1,4,-3,7,-2,8,-1,10,-2,2,-1,0,0,0,0,0,0,0,0,0,0,0,0,0,0,0,0,0,0,-1,1,0,7,2,8,3,10,2,11,0,10,0,7,0,7,-1,8,0,6,1,4,-1,3,-2,0,-1,-3,1,-5,2,-9,4,-15,7,-19,9,-20,8,-20,10,-20,14,-20,14,-21,13,-21,14,-22,14,-23,12,-23"
46.37961220741272,657,"CSI,2212,128,83,49,21,0,5,0,1,2,-1,0,-2,4,-5,9,-9,12,-9,12,-6,10,-7,11,-8,14,-7,13,-2,13,0,11,-1,8,-2,7,-2,5,-2,2,-2,0,-2,-3,-3,-5,-4,-7,-5,-8,-5,-9,-4,-8,-3,-8,-1,-3,0,0,0,0,0,0,0,0,0,0,0,0,0,0,0,0,0,0,-2,-1,-8,-1,-9,-1,-8,-4,-6,-6,-6,-6,-7,-5,-7,-4,-5,-4,-1,-2,0,1,0,1,1,0,4,2,7,3,9,1,11,0,15,0,16,-2,18,-4,22,-2,25,0,25,-3,20,-7,17,-6,17,-6,16,-5"
46.686601877212524,658,"CSI,2223,128,83,49,21,0,-1,-8,5,-2,8,0,10,1,11,3,12,5,13,11,13,15,14,15,16,12,15,10,14,6,13,5,11,6,8,6,6,5,5,3,3,1,-1,1,-4,1,-5,1,-6,1,-7,3,-9,4,-9,3,-3,0,0,0,0,0,0,0,0,0,0,0,0,0,0,0,0,0,0,0,-2,1,-6,6,-7,8,-8,8,-7,8,-7,7,-7,5,-6,4,-6,5,-4,6,-2,3,-2,-1,-3,-4,-2,-6,0,-9,1,-12,2,-16,5,-18,7,-19,4,-21,0,-23,-2,-25,-2,-27,-3,-25,-4,-22,-2,-21,-3,-19"
46.78984808921814,659,"CSI,2227,128,83,49,21,0,-5,-9,-7,-6,-6,-1,-7,3,-11,3,-12,3,-14,6,-18,9,-16,8,-12,8,-10,7,-9,5,-10,3,-8,4,-7,4,-5,1,-3,-1,-3,-1,-4,1,-3,3,0,5,1,6,1,6,2,4,3,2,0,0,0,0,0,0,0,0,0,0,0,0,0,0,0,0,0,0,0,0,0,-1,2,-6,4,-8,5,-8,6,-8,7,-7,7,-3,5,-1,3,0,2,-1,1,-1,-2,-1,-6,-3,-8,-7,-9,-9,-8,-13,-7,-16,-9,-18,-10,-18,-9,-19,-6,-20,-2,-20,-2,-20,-6,-18,-6,-17,-6,-16,-7,-15"
46.890949010849,660,"CSI,2231,128,83,49,21,0,7,4,8,1,8,-3,6,-5,4,-7,6,-10,8,-10,7,-6,7,-6,8,-10,10,-11,10,-9,7,-7,4,-7,1,-6,-2,-4,-4,0,-6,1,-5,0,-4,0,-5,1,-6,1,-6,1,-7,3,-9,4,-3,1,0,0,0,0,0,0,0,0,0,0,0,0,0,0,0,0,0,0,-3,-1,-11,-2,-12,-3,-13,-3,-10,-5,-7,-6,-5,-6,-4,-4,-3,-3,-3,0,-2,2,-1,6,1,10,4,12,5,12,6,13,6,16,5,18,5,22,4,25,3,24,3,22,4,20,1,18,2,16,5,15,4,13"
46.994136095047,661,"CSI,2235,128,83,49,21,0,-9,5,-8,6,-3,4,0,5,2,7,5,8,5,9,2,12,2,15,6,17,8,16,8,12,8,9,6,8,3,6,0,3,0,0,0,-1,0,-2,-1,-3,-1,-3,-2,-3,-5,-4,-5,-7,-4,-8,-1,-2,0,0,0,0,0,0,0,0,0,0,0,0,0,0,0,0,0,0,1,-3,5,-8,6,-6,8,-6,8,-7,7,-3,6,1,6,1,5,0,1,-2,-3,-3,-6,-3,-8,-4,-10,-3,-14,-3,-19,-6,-21,-8,-19,-8,-19,-7,-21,-8,-23,-9,-25,-10,-24,-11,-21,-11,-18,-9,-16,-8,-17,-8"
47.09658694267273,662,"CSI,2239,128,83,49,21,0,-7,8,-2,7,2,4,5,3,8,5,11,7,12,8,11,12,14,12,17,9,14,8,11,6,10,6,9,6,8,6,6,4,6,1,6,-1,4,-3,2,-5,2,-5,2,-5,2,-6,0,-6,-2,-5,-1,-1,0,0,0,0,0,0,0,0,0,0,0,0,0,0,0,0,0,0,-3,-1,-11,-3,-10,-5,-9,-6,-7,-8,-5,-8,-5,-6,-3,-3,-2,-3,-2,-3,-2,0,-1,3,0,6,0,9,-4,13,-9,15,-12,14,-12,15,-12,15,-17,16,-20,18,-20,14,-19,13,-19,14,-18,13,-14,13,-11,15"
47.19871211051941,663,"CSI,2243,128,83,49,21,0,-11,5,-2,7,3,7,6,8,9,12,11,14,9,15,7,17,9,16,13,15,12,15,9,14,7,14,5,14,4,10,4,6,6,4,7,2,5,0,2,-1,2,-2,2,-4,1,-7,0,-8,-1,-6,-1,-2,0,0,0,0,0,0,0,0,0,0,0,0,0,0,0,0,0,0,-1,-3,-3,-12,-2,-12,-1,-10,1,-9,1,-10,2,-10,1,-8,-1,-6,-1,-4,0,-2,-2,-2,-6,1,-9,5,-11,4,-12,4,-14,5,-17,7,-22,7,-26,6,-28,4,-28,1,-25,-2,-21,-4,-21,-2,-23,3,-22,4"
47.3013858795166,664,"CSI,2247,128,83,49,21,0,2,-2,-1,0,-5,0,-13,0,-16,1,-15,3,-16,3,-19,5,-19,5,-18,4,-17,2,-16,1,-15,0,-12,2,-9,3,-7,1,-3,-2,-2,-2,-1,1,2,2,4,0,5,-1,5,-1,6,0,7,0,1,0,0,0,0,0,0,0,0,0,0,0,0,0,0,0,0,0,0,0,-1,1,-2,7,-3,8,-5,8,-6,9,-5,10,-2,9,-2,6,-2,4,-2,1,-3,0,-2,-1,1,-4,5,-8,9,-8,12,-9,13,-11,13,-12,16,-14,20,-14,23,-13,23,-12,20,-12,19,-11,20,-9,17,-9,12,-9"
47.404202938079834,665,"CSI,2251,128,83,49,21,0,-5,2,-6,-2,-6,-4,-6,-7,-7,-13,-7,-17,-6,-18,-5,-19,-9,-19,-12,-17,-9,-15,-7,-13,-8,-13,-8,-12,-4,-8,-2,-6,-1,-4,1,-1,1,1,1,1,4,3,9,2,11,0,10,0,10,1,2,0,0,0,0,0,0,0,0,0,0,0,0,0,0,0,0,0,0,0,2,-3,7,-10,7,-10,7,-9,7,-8,6,-7,5,-6,4,-5,2,-4,1,-3,2,-1,3,4,2,7,-1,8,-4,10,-4,14,-4,18,-6,18,-6,20,-5,22,-4,23,-4,24,-5,25,-4,24,-3,21,-4,20,-4,17"
47.50607514381409,666,"CSI,2255,128,83,49,21,0,3,-11,7,-7,6,-1,7,3,11,4,13,4,16,4,21,1,21,1,19,3,16,2,12,1,11,-2,12,-3,10,-1,8,0,6,2,2,4,-1,3,0,3,0,4,0,5,0,4,-1,7,0,11,0,3,0,0,0,0,0,0,0,0,0,0,0,0,0,0,0,0,0,0,-3,-3,-9,-8,-8,-7,-7,-7,-8,-7,-8,-4,-6,-2,-4,-1,-4,-2,-3,-3,-2,-3,-1,-5,0,-5,2,-4,6,-6,9,-10,11,-10,13,-8,12,-10,12,-15,14,-18,14,-20,10,-21,7,-21,5,-22,5,-21,7,-15"
47.71160697937012,667,"CSI,2263,128,83,49,21,0,-2,-7,-1,-4,2,-1,3,3,2,7,1,12,1,17,3,23,6,21,6,17,6,16,4,15,3,14,2,13,1,11,-1,9,-3,6,-3,2,-3,-1,-4,-2,-4,-4,-6,-6,-6,-6,-5,-7,-6,-8,-2,-3,0,0,0,0,0,0,0,0,0,0,0,0,0,0,0,0,0,0,0,3,2,11,-1,10,-2,9,-2,8,-2,7,-3,6,-4,5,-5,3,-4,-1,-2,-2,-2,-3,-4,-5,-3,-8,-1,-11,-2,-15,-2,-19,1,-22,3,-23,1,-26,-1,-27,-1,-27,-2,-28,-3,-26,-4,-23,-5,-22,-5,-19"
47.813567876815796,668,"CSI,2267,128,83,49,21,0,9,0,4,2,-1,4,-4,6,-7,6,-11,8,-10,12,-8,15,-10,15,-16,14,-17,13,-16,13,-14,13,-12,12,-9,10,-7,5,-3,1,-3,1,-2,0,-1,-2,-3,-5,-2,-7,0,-8,0,-9,-2,-8,-1,-2,0,0,0,0,0,0,0,0,0,0,0,0,0,0,0,0,0,0,-1,-1,-6,-5,-9,-6,-9,-7,-7,-8,-5,-8,-5,-7,-7,-8,-6,-7,-3,-5,-1,-4,0,-3,1,-1,2,1,5,0,9,0,13,0,18,1,18,2,18,2,23,2,26,2,25,1,25,-1,28,-3,29,-5,28,-6"
47.91530108451843,669,"CSI,2271,128,83,49,21,0,-5,7,-3,3,1,0,4,-2,4,-6,7,-11,8,-12,7,-8,11,-7,16,-9,17,-11,17,-12,15,-10,13,-7,13,-6,10,-5,8,-1,7,1,5,1,1,0,-3,-1,-7,0,-9,2,-11,2,-12,1,-3,0,0,0,0,0,0,0,0,0,0,0,0,0,0,0,0,0,0,0,-2,-1,-7,-2,-5,-3,-5,-5,-7,-5,-7,-5,-7,-3,-5,-3,-4,-5,-3,-3,-2,0,0,2,1,3,2,6,2,10,2,11,2,11,1,12,2,13,2,16,1,20,1,21,-1,22,-2,25,-1,26,2,26,4,25"
48.017707109451294,670,"CSI,2275,128,83,49,21,0,6,-4,3,-6,0,-8,-2,-12,-5,-15,-8,-16,-8,-20,-9,-24,-10,-24,-10,-19,-8,-16,-7,-15,-5,-14,-3,-12,-3,-9,-3,-5,-3,-3,-5,-2,-5,0,-3,2,-2,1,-1,2,0,5,-1,7,-3,8,-1,2,0,0,0,0,0,0,0,0,0,0,0,0,0,0,0,0,0,0,-2,1,-8,6,-8,5,-8,4,-8,4,-8,3,-5,0,-3,0,-3,0,0,0,5,1,7,2,7,3,8,3,11,3,14,3,17,4,18,5,17,7,17,8,18,9,20,10,19,10,20,9,24,10,22,11,16,9"
48.120115995407104,671,"CSI,2279,128,83,49,21,0,0,2,-3,8,-7,14,-9,16,-7,15,-6,16,-6,14,-6,10,-7,10,-8,13,-8,13,-9,12,-9,8,-9,6,-6,8,-4,8,-2,5,-1,1,0,-2,2,-2,3,-2,3,-4,3,-6,3,-7,3,-8,0,-2,0,0,0,0,0,0,0,0,0,0,0,0,0,0,0,0,0,0,2,0,8,4,8,6,6,8,5,7,3,4,1,3,0,3,0,1,0,-2,0,-4,-2,-5,-3,-6,0,-10,0,-16,-1,-18,-1,-19,-2,-20,-1,-21,0,-22,1,-23,2,-24,4,-23,3,-19,2,-18,-1,-15,-5,-10"
48.22409391403198,672,"CSI,2283,128,83,49,21,0,-6,1,-7,6,-8,11,-7,14,-5,16,-5,17,-7,18,-9,21,-9,19,-9,15,-9,13,-8,11,-8,8,-9,9,-7,8,-4,3,0,0,2,0,3,-1,6,0,5,3,5,1,8,-3,10,-3,10,-1,2,0,0,0,0,0,0,0,0,0,0,0,0,0,0,0,0,0,0,0,1,-2,6,-5,7,-5,7,-3,9,-1,11,0,8,-1,6,0,4,-2,0,-5,-1,-7,-1,-6,-1,-8,-4,-11,-6,-14,-7,-15,-10,-14,-12,-13,-13,-14,-14,-15,-11,-15,-8,-16,-9,-19,-9,-20,-6,-18,-5,-14,-6,-10"
48.325095891952515,673,"CSI,2287,128,83,49,21,0,1,11,0,15,0,17,0,17,-1,17,-1,18,2,20,5,23,4,22,3,17,5,11,3,8,0,7,-1,5,0,2,0,-1,0,-2,0,-5,1,-7,1,-7,-1,-7,-1,-6,-1,-5,-2,-4,-1,-4,-1,-1,0,0,0,0,0,0,0,0,0,0,0,0,0,0,0,0,0,0,0,1,2,7,0,7,-1,5,-1,5,-1,5,-1,4,-2,3,-1,-1,1,-4,-1,-7,-3,-10,-1,-11,1,-13,1,-14,2,-16,1,-19,1,-21,2,-20,2,-20,0,-21,0,-20,1,-18,0,-13,-1,-8,-2,-7,-3,-9"
48.426650047302246,674,"CSI,2291,128,83,49,21,0,-1,-6,-5,-5,-8,-4,-9,-1,-10,0,-12,1,-11,0,-7,-1,-7,-3,-12,-5,-13,-5,-9,-4,-6,-4,-5,-1,-6,1,-4,1,-1,1,1,2,-1,3,-3,3,0,3,3,4,4,5,4,4,4,4,1,1,0,0,0,0,0,0,0,0,0,0,0,0,0,0,0,0,0,0,1,0,5,1,5,2,6,1,7,2,4,4,2,4,1,2,1,0,1,-2,1,-5,2,-9,3,-12,3,-14,4,-15,6,-16,7,-18,6,-19,5,-20,5,-22,6,-19,8,-17,7,-18,6,-17,6,-14,6,-11,7,-11"
48.52984023094177,675,"CSI,2295,128,83,49,21,0,7,-4,7,-5,5,-6,4,-9,7,-14,10,-16,10,-14,8,-13,10,-12,12,-12,11,-11,11,-10,10,-11,7,-9,5,-7,2,-8,1,-7,0,-6,-2,-6,-4,-6,-6,-5,-6,-4,-6,-5,-7,-6,-8,-6,-3,-2,0,0,0,0,0,0,0,0,0,0,0,0,0,0,0,0,0,0,0,2,-1,9,-3,8,-5,7,-5,5,-5,5,-3,6,0,4,2,1,0,-1,1,0,6,1,10,1,12,4,13,7,14,8,17,7,19,8,17,10,13,12,12,10,14,11,16,13,16,13,15,10,14,8,15,7"
48.633121967315674,676,"CSI,2299,128,83,49,21,0,-2,0,0,-3,4,-5,9,-5,11,-5,9,-9,13,-12,16,-14,11,-15,7,-16,7,-14,7,-13,6,-14,4,-12,3,-9,3,-7,1,-5,-2,-4,-4,-2,-4,-1,-3,1,-3,3,-3,4,-4,6,-5,8,-2,2,0,0,0,0,0,0,0,0,0,0,0,0,0,0,0,0,0,0,0,-2,2,-9,3,-8,3,-6,0,-6,-1,-7,0,-5,0,-3,-1,-2,0,-2,-1,-1,-3,0,-4,4,-5,10,-7,11,-10,8,-12,9,-15,12,-17,13,-17,15,-17,14,-15,10,-11,9,-8,13,-8,14,-8,10,-7,5"
48.733494997024536,677,"CSI,2303,128,83,49,21,0,1,2,-5,-1,-9,-1,-10,-2,-11,-2,-10,-1,-9,0,-6,0,-7,0,-10,1,-11,2,-9,3,-7,4,-7,6,-7,5,-7,3,-7,2,-4,1,-2,1,-4,0,-3,-2,1,-4,2,-7,3,-7,5,-7,1,-2,0,0,0,0,0,0,0,0,0,0,0,0,0,0,0,0,0,0,-2,0,-8,1,-7,0,-5,-2,-3,-2,-2,-3,-1,-6,0,-5,2,-2,3,0,3,1,7,-1,11,-1,13,1,13,1,13,3,14,4,14,2,13,2,12,5,13,6,13,6,13,6,10,5,8,3,8,0,8,-2"
48.9369158744812,678,"CSI,2311,128,83,49,21,0,0,6,1,5,2,3,2,2,0,2,-2,4,-3,8,-4,13,-2,12,-2,9,-5,9,-7,8,-6,8,-3,7,-2,6,-2,8,-2,8,-2,6,-3,4,-3,2,-3,2,-4,1,-5,0,-6,0,-7,-1,-2,-1,0,0,0,0,0,0,0,0,0,0,0,0,0,0,0,0,0,0,-1,-2,-1,-6,0,-4,2,-3,2,-3,1,-3,1,-1,4,0,7,-1,8,0,11,3,13,5,11,4,9,3,10,3,12,5,13,4,14,3,13,5,10,4,8,4,8,6,10,8,14,9,13,7,11,4,13,3"
49.04412913322449,679,"CSI,2315,128,83,49,21,0,-10,-6,-10,-7,-8,-9,-4,-10,0,-10,4,-11,7,-15,6,-20,4,-19,3,-16,2,-14,1,-13,1,-15,0,-16,-1,-13,0,-8,2,-4,3,-5,4,-6,3,-5,2,-3,5,-1,7,-1,7,-1,7,-1,2,0,0,0,0,0,0,0,0,0,0,0,0,0,0,0,0,0,0,0,-2,2,-7,9,-5,7,-6,4,-6,2,-6,1,-5,0,-4,1,-4,0,-6,-2,-6,-4,-7,-5,-9,-6,-9,-8,-8,-9,-7,-8,-8,-8,-10,-8,-12,-9,-15,-10,-18,-11,-15,-11,-13,-10,-15,-8,-15,-6,-13,-6,-10,-5"
49.14414095878601,680,"CSI,2319,128,83,49,21,0,-4,-5,-6,-6,-8,-7,-10,-7,-10,-9,-11,-14,-9,-18,-4,-19,-5,-18,-9,-15,-10,-13,-8,-10,-5,-8,-2,-5,-1,-2,-1,-3,-1,-3,-2,-3,-3,-1,-4,2,-4,4,-3,5,-2,6,-1,7,1,6,0,1,0,0,0,0,0,0,0,0,0,0,0,0,0,0,0,0,0,0,-2,2,-6,8,-6,5,-7,4,-6,5,-3,4,0,2,2,1,4,1,4,1,3,1,5,1,8,1,11,0,11,-1,12,-1,14,-1,16,0,15,-1,15,-1,15,0,16,2,16,3,14,3,11,2,10,0,9,-2"
49.347591161727905,681,"CSI,2327,128,83,49,21,0,-6,2,-7,4,-9,7,-9,10,-10,8,-12,8,-14,11,-16,13,-14,11,-11,9,-10,8,-8,8,-6,6,-4,3,-3,3,-1,3,0,1,0,0,2,2,4,2,5,-1,6,-1,7,0,7,1,6,1,1,0,0,0,0,0,0,0,0,0,0,0,0,0,0,0,0,0,0,0,2,0,7,2,7,4,6,6,7,4,8,3,7,5,4,4,4,1,4,-1,3,-5,3,-7,3,-8,3,-11,2,-13,0,-16,0,-20,2,-21,5,-20,5,-21,3,-21,5,-21,7,-21,5,-19,4,-16,3,-12,0,-10"
49.45328903198242,682,"CSI,2331,128,83,49,21,0,-1,-6,1,-9,5,-10,9,-11,13,-11,16,-12,14,-12,10,-11,13,-10,15,-9,14,-9,14,-10,13,-8,9,-6,5,-6,2,-6,1,-5,0,-3,-4,-1,-7,1,-9,2,-10,2,-11,2,-11,4,-10,5,-3,1,0,0,0,0,0,0,0,0,0,0,0,0,0,0,0,0,0,0,1,-1,7,-5,7,-7,6,-8,4,-7,3,-6,3,-6,2,-7,0,-7,-2,-5,-6,-1,-9,0,-9,-1,-10,3,-11,7,-14,9,-16,9,-17,9,-19,10,-21,11,-19,10,-20,10,-22,11,-21,10,-18,8,-15,6,-12,5"
49.65806007385254,683,"CSI,2339,128,83,49,21,0,-4,-9,-4,-13,-4,-18,-4,-20,-7,-19,-6,-19,-5,-20,-4,-18,-3,-19,-6,-21,-7,-20,-4,-17,-2,-14,-1,-9,0,-6,1,-3,3,0,2,2,2,5,3,6,5,5,4,3,3,2,5,2,8,3,2,1,0,0,0,0,0,0,0,0,0,0,0,0,0,0,0,0,0,0,2,-2,10,-4,11,-3,11,-3,10,-2,9,0,7,-1,6,-3,3,-2,-1,0,-3,2,-6,6,-11,9,-13,11,-13,12,-14,14,-16,16,-17,18,-18,20,-19,20,-19,17,-19,17,-19,19,-18,18,-16,15,-12,11,-7,8"
49.760063886642456,684,"CSI,2343,128,83,49,21,0,-3,-16,-7,-17,-8,-18,-7,-18,-9,-19,-10,-19,-8,-22,-5,-26,-5,-21,-7,-12,-7,-9,-5,-10,-2,-8,-2,-7,-4,-5,-7,-3,-6,-1,-5,0,-6,0,-8,1,-8,1,-7,0,-6,0,-6,1,-7,1,-2,0,0,0,0,0,0,0,0,0,0,0,0,0,0,0,0,0,0,0,2,2,8,9,7,9,7,9,5,7,4,6,4,5,5,3,5,0,7,-3,9,-6,11,-10,11,-10,12,-10,15,-11,19,-12,23,-14,23,-12,23,-9,24,-8,22,-6,20,-4,18,-5,15,-4,13,-3,11,-4,8,-6"
49.859801054000854,685,"CSI,2347,128,83,49,21,0,5,4,8,0,10,-6,10,-11,11,-14,14,-15,14,-11,13,-6,14,-6,17,-8,15,-8,11,-10,10,-8,8,-3,5,-3,3,-3,1,-3,0,-2,-2,-1,-4,-2,-6,-3,-6,-3,-6,-3,-5,-4,-5,-6,-2,-2,0,0,0,0,0,0,0,0,0,0,0,0,0,0,0,0,0,0,-3,1,-10,6,-10,4,-9,2,-8,3,-8,3,-7,3,-6,3,-4,4,-2,4,-1,6,2,9,5,11,9,11,10,12,10,16,11,19,11,19,9,20,8,20,9,19,10,20,7,19,5,18,5,17,4,14,5,11"
49.96526598930359,686,"CSI,2351,128,83,49,21,0,0,5,-3,9,-7,10,-8,12,-8,14,-9,15,-8,16,-5,17,-6,14,-8,10,-8,7,-7,7,-6,7,-4,6,-2,4,0,2,4,0,6,0,6,2,6,2,7,0,6,0,5,1,5,-1,5,-2,1,-1,0,0,0,0,0,0,0,0,0,0,0,0,0,0,0,0,0,0,2,-1,8,-4,7,-4,7,-3,5,-4,4,-5,1,-2,-1,-3,-2,-6,-2,-6,-4,-5,-6,-8,-6,-12,-8,-13,-11,-14,-12,-16,-12,-17,-11,-18,-11,-18,-11,-17,-11,-18,-14,-21,-14,-20,-11,-17,-9,-15,-9,-12,-10,-10"
50.06736516952515,687,"CSI,2355,128,83,49,21,0,-3,6,-1,9,1,13,2,17,5,19,6,21,3,23,0,25,1,25,1,20,0,16,1,14,-1,12,-3,8,-1,6,5,4,6,3,5,0,5,-2,6,-2,9,-3,10,-3,9,-3,8,-4,9,-4,2,-1,0,0,0,0,0,0,0,0,0,0,0,0,0,0,0,0,0,0,-1,-3,-4,-12,-4,-13,-3,-14,-3,-12,-3,-9,-2,-7,-3,-7,-4,-7,-3,-5,-4,-2,-7,0,-11,0,-17,1,-22,3,-22,2,-23,1,-25,-1,-24,-3,-24,-2,-26,-2,-28,-4,-25,-5,-23,-6,-23,-5,-20,-1,-19,1"
50.16999816894531,688,"CSI,2359,128,83,49,21,0,-4,-7,-7,0,-11,3,-16,2,-20,1,-22,3,-23,6,-22,9,-21,6,-20,0,-20,-1,-20,-3,-20,-4,-17,-3,-13,-2,-11,-1,-10,-1,-7,1,-4,3,-1,4,0,6,2,8,3,9,2,8,0,9,0,2,0,0,0,0,0,0,0,0,0,0,0,0,0,0,0,0,0,0,1,-2,7,-8,9,-7,12,-6,13,-6,14,-6,14,-7,13,-6,11,-4,10,-5,7,-6,4,-9,3,-11,0,-13,-3,-14,-2,-16,-3,-20,-5,-25,-4,-26,-2,-27,0,-29,2,-31,3,-29,3,-29,4,-30,3,-27,1,-24"
50.270987033843994,689,"CSI,2363,128,83,49,21,0,-3,-3,-8,0,-12,1,-15,1,-20,1,-25,0,-26,3,-26,8,-26,4,-25,-2,-24,-3,-22,1,-20,1,-18,0,-17,0,-12,2,-6,4,-4,5,-3,5,-1,5,0,6,1,7,2,7,2,9,3,12,1,3,0,0,0,0,0,0,0,0,0,0,0,0,0,0,0,0,0,0,3,0,12,1,13,0,14,1,13,0,11,-1,10,-1,11,1,9,0,7,-3,5,-4,3,-7,1,-10,0,-12,0,-15,1,-17,2,-20,2,-24,3,-30,7,-33,9,-31,10,-30,12,-30,11,-28,8,-25,6,-22,5,-20"
50.37370491027832,690,"CSI,2367,128,83,49,21,0,-5,11,-4,10,-2,11,2,16,1,21,0,23,-1,25,-4,28,-3,28,0,24,0,19,-2,17,-5,15,-5,12,-2,9,1,8,2,6,3,4,4,4,5,3,6,2,8,0,8,0,7,0,7,1,2,0,0,0,0,0,0,0,0,0,0,0,0,0,0,0,0,0,0,0,-4,-2,-12,-5,-10,-5,-10,-5,-10,-5,-9,-3,-7,-3,-6,-2,-8,-1,-11,1,-10,5,-8,8,-9,10,-13,10,-17,10,-20,12,-23,12,-25,10,-25,9,-25,9,-25,9,-25,6,-26,3,-23,4,-20,4,-19,4,-17,6"
50.475592851638794,691,"CSI,2371,128,83,49,21,0,7,-5,6,-7,9,-8,12,-10,14,-12,16,-13,16,-10,16,-5,17,-5,18,-10,18,-12,15,-11,13,-7,11,-5,9,-5,6,-5,3,-4,0,-3,-1,-3,-1,-6,-4,-7,-6,-7,-5,-7,-3,-6,-4,-4,-2,-1,0,0,0,0,0,0,0,0,0,0,0,0,0,0,0,0,0,0,-1,2,-4,7,-6,6,-8,6,-7,7,-6,7,-7,8,-5,8,-2,6,-1,6,2,7,7,7,10,7,9,7,9,9,9,13,10,16,12,17,14,17,13,19,12,22,10,23,8,21,6,16,5,15,6,15,3,13"
50.57783007621765,692,"CSI,2375,128,83,49,21,0,-8,-1,-5,0,-4,5,-6,8,-9,10,-10,11,-8,13,-2,14,-1,11,-5,9,-7,8,-8,8,-7,8,-5,8,-5,5,-4,3,1,0,2,-1,3,-1,3,-2,3,-2,6,-1,7,-1,7,-1,8,-1,2,-1,0,0,0,0,0,0,0,0,0,0,0,0,0,0,0,0,0,0,3,1,12,5,9,4,5,3,3,4,2,3,2,2,3,1,1,0,-2,-4,-2,-6,0,-7,0,-11,-3,-14,-5,-16,-4,-17,-3,-18,-2,-20,-3,-20,-3,-19,-1,-18,0,-19,2,-17,3,-14,2,-11,1,-12,2,-15"
50.683008909225464,693,"CSI,2379,128,83,49,21,0,-9,-9,-13,-8,-14,-5,-16,-5,-18,-6,-20,-6,-20,-9,-17,-13,-19,-13,-21,-9,-18,-8,-16,-8,-16,-6,-14,-3,-12,0,-10,2,-8,1,-8,2,-8,5,-7,6,-7,7,-8,9,-9,11,-7,9,-6,6,-2,1,0,0,0,0,0,0,0,0,0,0,0,0,0,0,0,0,0,0,0,-3,3,-9,6,-7,7,-7,6,-7,4,-6,5,-5,5,-5,2,-6,0,-7,-3,-9,-5,-12,-6,-16,-7,-19,-8,-22,-8,-24,-7,-26,-3,-27,1,-28,1,-29,2,-28,3,-28,4,-25,3,-21,3,-17,2,-16,1,-16"
50.78472900390625,694,"CSI,2383,128,83,49,21,0,9,4,12,3,16,0,21,0,24,-1,26,-1,24,3,19,7,19,7,23,5,21,3,15,1,14,0,12,0,10,-1,8,-3,4,-5,1,-8,1,-9,2,-11,-1,-13,-2,-14,-2,-14,0,-14,1,-13,0,-3,0,0,0,0,0,0,0,0,0,0,0,0,0,0,0,0,0,0,-5,0,-17,-1,-16,-1,-14,-1,-12,-3,-10,-3,-10,-1,-10,1,-7,3,-3,5,-3,7,-4,11,-5,15,-5,18,-5,20,-5,22,-7,24,-8,25,-7,25,-8,23,-10,23,-11,23,-12,22,-11,18,-9,16,-6,16,-4,18"
50.886784076690674,695,"CSI,2387,128,83,49,21,0,4,9,4,9,5,12,8,13,9,13,9,15,9,18,9,18,8,15,5,11,2,8,1,5,-1,3,-1,2,1,-1,0,0,-2,-1,-2,-3,0,-5,0,-7,1,-8,1,-9,0,-8,0,-7,1,-7,0,-2,0,0,0,0,0,0,0,0,0,0,0,0,0,0,0,0,0,0,2,-2,9,-5,8,-3,8,-1,7,-3,4,-4,0,-4,-3,-5,-5,-6,-8,-7,-13,-8,-16,-11,-15,-13,-14,-12,-14,-12,-15,-13,-16,-15,-17,-16,-17,-16,-17,-16,-16,-15,-15,-14,-14,-12,-11,-9,-8,-4,-6,0,-4,1"
50.98797106742859,696,"CSI,2391,128,83,49,21,0,1,1,-1,-5,-3,-9,-7,-13,-10,-17,-10,-19,-8,-21,-10,-22,-10,-20,-8,-18,-6,-14,-4,-13,-3,-12,-3,-9,-3,-5,-2,-2,-1,2,1,4,2,5,2,6,1,9,2,9,3,9,1,10,0,9,0,2,0,0,0,0,0,0,0,0,0,0,0,0,0,0,0,0,0,0,-3,-2,-10,-7,-10,-8,-10,-8,-9,-9,-7,-7,-7,-5,-6,-3,-3,-1,-2,0,-3,1,-1,4,3,8,4,12,4,16,5,19,6,21,9,24,11,24,10,23,9,23,8,22,5,19,4,16,7,15,7,16,7,18"
51.08847784996033,697,"CSI,2061,128,75,-79,20,0,-2,2,2,-3,5,-4,8,-3,12,-2,13,-1,11,-3,10,-5,10,-2,11,1,10,1,9,0,7,0,6,0,6,1,6,1,4,1,2,2,1,-1,-1,-2,-3,-3,-5,-6,-4,-8,-4,-8,-6,-7,-2,-2,0,0,0,0,0,0,0,0,0,0,0,0,0,0,0,0,0,0,-3,-2,-7,-6,-6,-5,-8,-4,-8,-4,-6,-3,-4,-1,-4,-1,-5,1,-6,2,-7,2,-7,4,-8,7,-10,10,-10,11,-9,11,-10,13,-10,14,-10,14,-10,13,-8,12,-6,13,-6,12,-8,10,-8,10,-7,10,-7,7"
51.11855888366699,698,"CSI,2395,128,83,49,21,0,-5,-1,-5,0,-6,2,-6,6,-7,9,-11,8,-13,10,-12,14,-11,10,-12,5,-10,4,-8,2,-9,1,-9,2,-6,2,-3,0,-4,-2,-3,1,1,5,2,4,4,2,6,2,5,4,5,6,3,8,0,2,0,0,0,0,0,0,0,0,0,0,0,0,0,0,0,0,0,0,1,-3,4,-7,4,-6,3,-7,3,-9,2,-9,2,-9,3,-7,0,-7,-5,-7,-6,-7,-8,-8,-9,-10,-10,-11,-11,-11,-10,-12,-9,-14,-9,-15,-9,-15,-8,-13,-10,-12,-10,-12,-9,-12,-8,-12,-8,-12,-6,-13,-4,-14"
51.228880167007446,699,"CSI,1333,128,101,81,22,0,10,23,11,23,12,22,11,21,11,21,12,20,12,21,13,21,13,21,13,21,13,21,13,20,13,20,13,20,13,20,12,20,12,20,11,20,10,19,9,18,9,17,8,17,8,16,7,16,7,16,1,4,0,0,0,0,0,0,0,0,0,0,0,0,0,0,0,0,0,0,2,3,9,13,9,14,9,15,9,15,9,16,9,18,10,19,9,20,9,20,8,21,8,22,8,23,8,23,8,22,8,22,8,23,9,23,9,23,9,22,9,22,9,22,10,22,10,23,11,22,11,22,12,22"
51.29453420639038,700,"CSI,2403,128,83,49,21,0,3,14,5,14,3,15,0,16,-1,16,-2,15,-1,13,1,7,-2,4,-4,6,-6,8,-8,8,-8,6,-9,5,-8,5,-7,3,-8,3,-8,2,-6,2,-7,1,-8,1,-8,0,-9,0,-6,0,-6,-2,-2,-1,0,0,0,0,0,0,0,0,0,0,0,0,0,0,0,0,0,0,1,-2,5,-6,6,-7,7,-5,4,-3,1,-3,0,-2,0,0,2,2,4,5,4,7,7,10,10,12,9,13,11,13,13,12,11,12,12,13,12,12,13,10,13,8,12,5,10,4,9,5,7,5,2,6,-2,11"
51.32573699951172,701,"CSI,1334,128,101,81,22,0,-25,6,-25,6,-25,6,-25,6,-25,7,-24,7,-23,7,-23,7,-23,7,-22,7,-21,8,-21,8,-21,8,-22,8,-22,7,-21,7,-20,6,-19,5,-18,5,-18,5,-17,5,-17,4,-16,4,-15,3,-15,2,-4,0,0,0,0,0,0,0,0,0,0,0,0,0,0,0,0,0,0,0,-5,1,-18,4,-19,4,-20,4,-21,4,-22,4,-22,4,-23,3,-24,3,-25,3,-26,3,-26,3,-25,2,-26,2,-26,2,-26,2,-26,2,-26,2,-26,3,-26,4,-27,4,-26,4,-26,4,-26,4,-26,5,-27,4,-27,3"
51.41682505607605,702,"CSI,1335,128,101,81,22,0,15,13,15,13,16,13,16,12,15,12,15,11,16,11,16,12,16,11,15,11,15,11,15,11,15,11,15,10,14,10,14,11,13,11,12,11,12,10,11,10,10,9,10,9,9,9,8,9,8,9,1,2,0,0,0,0,0,0,0,0,0,0,0,0,0,0,0,0,0,0,2,2,11,8,12,9,12,9,12,10,12,10,13,11,14,12,14,12,14,13,14,13,14,14,14,15,14,15,14,15,14,14,14,14,14,15,14,14,14,14,15,13,15,13,16,13,16,14,16,14,16,14,17,14"
51.49493908882141,703,"CSI,2411,128,83,49,21,0,12,3,11,5,10,6,8,7,6,9,7,12,11,13,13,12,10,9,7,6,5,6,6,7,5,7,2,7,2,6,2,5,-1,9,-3,9,-3,6,-2,5,-2,5,-1,5,0,6,0,5,-2,5,-1,1,0,0,0,0,0,0,0,0,0,0,0,0,0,0,0,0,0,0,0,-2,3,-5,3,-6,3,-6,3,-5,4,-4,4,-2,3,0,2,2,2,4,3,7,6,8,9,8,8,6,8,6,10,6,11,4,12,3,14,1,14,1,12,0,11,-2,10,-1,9,0,10,-1,11,-3,10,-2"
51.52950716018677,704,"CSI,1336,128,101,81,22,0,-4,26,-3,27,-3,26,-3,26,-3,25,-3,25,-1,26,-1,26,-1,26,0,26,0,26,0,26,0,25,-1,25,-1,24,-2,24,-2,24,-2,23,-2,22,-3,21,-3,20,-3,19,-4,18,-4,18,-4,17,-1,4,0,0,0,0,0,0,0,0,0,0,0,0,0,0,0,0,0,0,0,4,1,16,1,17,0,18,-1,19,-1,19,-1,21,-1,22,-2,23,-2,23,-3,24,-4,24,-4,25,-4,25,-4,25,-5,25,-4,25,-4,26,-4,26,-5,25,-5,25,-4,26,-3,26,-3,27,-3,27,-4,27,-3,28"
51.59970498085022,705,"CSI,2414,128,83,49,21,0,2,7,-2,6,-4,4,-6,2,-9,3,-11,4,-14,1,-20,-1,-20,1,-16,1,-15,-1,-12,-1,-11,-1,-10,-3,-9,-3,-6,-3,-3,-6,-2,-7,-1,-5,1,-4,2,-4,3,-6,3,-7,3,-8,2,-7,0,-2,0,0,0,0,0,0,0,0,0,0,0,0,0,0,0,0,0,0,0,-2,2,-7,1,-8,0,-8,-1,-7,-1,-5,1,-4,4,-1,3,0,0,-1,0,-1,2,0,3,3,2,5,3,7,4,12,6,14,6,12,4,12,3,14,5,14,6,14,9,15,12,15,14,13,12,12,10,9"
51.642642974853516,706,"CSI,1337,128,101,81,22,0,4,-14,4,-14,4,-14,4,-14,4,-14,3,-14,3,-14,2,-13,2,-14,2,-14,2,-14,2,-14,2,-13,2,-13,3,-13,3,-13,3,-12,3,-12,3,-11,3,-11,3,-10,3,-10,3,-10,3,-9,3,-9,0,-3,0,0,0,0,0,0,0,0,0,0,0,0,0,0,0,0,0,0,0,-3,1,-9,1,-9,1,-10,2,-11,2,-11,2,-11,2,-12,2,-12,3,-12,4,-12,4,-13,4,-13,4,-13,4,-13,4,-13,4,-13,4,-13,4,-13,4,-13,4,-14,4,-14,4,-14,4,-14,4,-14,4,-14,4,-14"
51.702840089797974,707,"CSI,2418,128,83,49,21,0,6,-8,9,-7,8,-5,8,-4,11,-4,12,-4,13,-4,17,-3,17,-3,14,-5,14,-6,13,-5,10,-6,8,-6,6,-3,2,0,2,0,4,1,5,3,4,4,4,4,5,4,4,4,4,5,6,8,1,2,0,0,0,0,0,0,0,0,0,0,0,0,0,0,0,0,0,0,-2,-1,-7,-2,-7,-4,-8,-5,-9,-4,-10,-3,-9,-2,-7,-2,-3,-5,0,-6,1,-7,0,-7,2,-8,1,-10,1,-11,5,-11,7,-11,6,-13,3,-16,1,-18,0,-19,-2,-19,-4,-19,-4,-19,-7,-20,-8,-18,-6,-14"
51.760679960250854,708,"CSI,1338,128,101,81,22,0,-23,-3,-23,-3,-23,-3,-23,-2,-23,-1,-22,-1,-22,-1,-21,-1,-21,-1,-21,-1,-20,-1,-20,-1,-20,-1,-20,0,-20,0,-19,-1,-18,-2,-17,-2,-17,-2,-16,-2,-16,-2,-15,-2,-14,-2,-14,-2,-13,-3,-3,-1,0,0,0,0,0,0,0,0,0,0,0,0,0,0,0,0,0,0,-5,0,-18,0,-18,0,-19,-1,-20,-1,-21,-1,-21,-2,-22,-2,-23,-3,-23,-3,-24,-3,-24,-4,-24,-5,-24,-6,-24,-5,-24,-5,-24,-5,-24,-5,-24,-5,-24,-4,-24,-4,-24,-3,-24,-4,-24,-4,-24,-4,-25,-3,-26,-3"
51.79970622062683,709,"CSI,3223,128,-117,-78,40,0,-21,-10,-21,-10,-22,-10,-21,-9,-21,-8,-21,-8,-21,-8,-21,-8,-20,-8,-20,-8,-20,-8,-19,-7,-19,-7,-19,-7,-19,-7,-18,-7,-17,-8,-16,-8,-15,-8,-15,-7,-14,-7,-13,-7,-13,-6,-12,-7,-11,-7,-3,-2,0,0,0,0,0,0,0,0,0,0,0,0,0,0,0,0,0,0,-5,-1,-18,-5,-18,-5,-19,-6,-19,-6,-20,-7,-21,-8,-22,-9,-22,-9,-22,-10,-23,-10,-22,-11,-22,-12,-22,-12,-22,-12,-23,-12,-23,-12,-23,-12,-22,-12,-22,-11,-23,-11,-23,-10,-23,-11,-22,-11,-23,-11,-23,-11,-24,-11"
51.83026194572449,710,"CSI,4017,128,-5,-79,31,0,-10,6,-10,6,-10,6,-10,6,-10,6,-9,6,-9,6,-8,6,-8,6,-8,6,-8,6,-8,6,-8,6,-8,6,-8,6,-7,6,-7,5,-7,5,-7,4,-7,4,-7,4,-6,4,-6,4,-6,3,-6,3,-2,0,0,0,0,0,0,0,0,0,0,0,0,0,0,0,0,0,0,0,-2,1,-8,5,-8,5,-9,5,-9,5,-10,5,-10,6,-10,6,-11,6,-11,6,-12,6,-12,6,-12,6,-11,5,-12,5,-12,5,-12,6,-12,5,-11,5,-11,6,-11,6,-11,6,-11,6,-11,6,-11,6,-11,6,-11,6"
51.86068606376648,711,"CSI,2423,128,83,49,21,0,7,-1,9,1,9,3,7,5,7,7,9,6,9,5,4,7,5,12,9,13,11,11,10,9,9,8,6,8,5,6,3,5,2,5,0,5,-2,6,-4,7,-3,5,-4,4,-5,4,-2,5,0,7,0,2,0,0,0,0,0,0,0,0,0,0,0,0,0,0,0,0,0,0,-2,-2,-7,-9,-6,-10,-5,-9,-3,-8,-1,-7,1,-6,4,-7,5,-6,5,-5,6,-6,8,-5,11,-6,12,-7,11,-6,10,-6,10,-6,11,-7,13,-9,11,-10,10,-8,12,-8,12,-9,11,-9,11,-9,12,-10,13,-10"
51.891464948654175,712,"CSI,1339,128,101,81,22,0,20,-6,19,-6,19,-6,19,-7,19,-7,19,-7,18,-7,18,-7,18,-8,17,-8,17,-8,16,-8,17,-7,17,-7,17,-7,17,-7,16,-6,15,-5,15,-5,15,-5,14,-5,14,-4,13,-4,13,-3,12,-2,3,-1,0,0,0,0,0,0,0,0,0,0,0,0,0,0,0,0,0,0,4,-2,16,-7,17,-7,18,-6,18,-7,19,-6,20,-6,20,-6,21,-6,22,-6,22,-5,22,-5,22,-4,23,-4,22,-4,22,-4,22,-5,22,-4,22,-5,22,-5,22,-6,22,-6,21,-6,21,-6,21,-6,22,-6,22,-6"
51.921178102493286,713,"CSI,2427,128,83,49,21,0,10,-1,7,2,6,5,4,7,3,9,4,13,7,14,10,15,9,16,7,15,5,13,4,12,5,11,5,9,4,8,1,7,-3,4,-5,3,-5,1,-7,-1,-8,1,-8,2,-8,1,-9,0,-9,3,-2,1,0,0,0,0,0,0,0,0,0,0,0,0,0,0,0,0,0,0,-2,-2,-7,-7,-7,-7,-6,-8,-4,-8,-4,-8,-3,-6,0,-4,2,-3,2,-3,3,-3,5,-5,6,-6,6,-5,6,-4,7,-4,11,-3,13,-6,13,-6,16,-5,17,-6,16,-9,15,-10,15,-10,15,-9,13,-9,11,-10"
51.98712491989136,714,"CSI,1340,128,101,81,22,0,-16,13,-15,13,-15,13,-16,13,-16,13,-15,13,-14,13,-14,14,-14,14,-13,14,-13,14,-13,14,-13,14,-13,14,-14,14,-13,14,-13,13,-13,13,-13,12,-13,11,-12,11,-12,10,-12,10,-12,9,-11,8,-3,2,0,0,0,0,0,0,0,0,0,0,0,0,0,0,0,0,0,0,-3,2,-10,11,-11,11,-12,11,-13,11,-13,12,-14,12,-14,12,-15,12,-16,12,-17,12,-17,12,-17,11,-17,11,-17,11,-17,11,-17,11,-17,11,-17,11,-17,12,-18,12,-17,12,-16,12,-16,12,-16,12,-17,12,-17,13"
52.01836585998535,715,"CSI,2431,128,83,49,21,0,-7,-10,-3,-12,2,-11,4,-12,3,-14,4,-17,7,-16,6,-13,5,-13,6,-15,6,-14,5,-13,4,-12,3,-10,3,-7,3,-4,3,-2,4,0,7,1,9,0,9,0,9,-1,8,-3,7,-2,6,-1,1,-1,0,0,0,0,0,0,0,0,0,0,0,0,0,0,0,0,0,0,-1,1,-5,5,-5,6,-5,7,-5,6,-4,4,-3,2,-4,-2,-4,-1,-5,-1,-6,-3,-6,-6,-8,-8,-10,-10,-11,-12,-13,-12,-16,-12,-16,-13,-15,-15,-17,-13,-16,-8,-15,-6,-16,-7,-17,-7,-16,-6,-12,-5,-9,-3"
52.099995136260986,716,"CSI,1341,128,101,81,22,0,22,-8,21,-9,21,-9,21,-9,21,-10,20,-10,19,-10,19,-10,19,-11,18,-11,18,-11,17,-11,18,-11,18,-11,18,-11,18,-10,17,-9,16,-8,16,-8,16,-8,15,-8,14,-7,14,-7,14,-6,13,-5,3,-2,0,0,0,0,0,0,0,0,0,0,0,0,0,0,0,0,0,0,4,-3,19,-9,19,-9,20,-9,21,-9,22,-8,23,-8,24,-8,24,-8,25,-7,26,-7,26,-7,26,-6,26,-6,25,-6,25,-6,25,-6,25,-6,24,-6,25,-7,25,-7,24,-8,24,-8,23,-7,23,-8,24,-8,24,-8"
52.13008499145508,717,"CSI,2435,128,83,49,21,0,1,3,7,-1,11,-4,14,-3,17,-4,18,-4,20,-1,24,-1,23,-4,20,-6,18,-6,17,-6,15,-4,12,-2,11,0,7,1,2,0,-1,0,-3,-1,-3,-2,-5,-4,-8,-4,-7,-3,-7,-4,-7,-4,-2,-1,0,0,0,0,0,0,0,0,0,0,0,0,0,0,0,0,0,0,-3,-2,-8,-7,-5,-9,-4,-10,-4,-8,-4,-7,-3,-5,-2,-5,-1,-3,0,1,0,3,0,5,-1,8,-3,12,-3,15,-2,15,-4,15,-6,16,-7,17,-9,18,-11,17,-12,18,-12,19,-10,18,-8,16,-6,13,-3,11"
52.203686237335205,718,"CSI,1342,128,101,81,22,0,17,1,17,0,17,0,17,-1,17,-1,16,-1,16,-1,16,-2,16,-2,15,-2,15,-2,15,-2,15,-2,15,-2,15,-2,15,-2,14,-1,14,-1,13,-1,13,-1,12,-1,12,-1,12,0,11,0,11,0,2,0,0,0,0,0,0,0,0,0,0,0,0,0,0,0,0,0,0,0,3,-1,14,-2,15,-2,15,-1,16,-1,16,-1,17,0,17,1,18,1,18,1,19,1,19,2,18,3,18,3,18,3,18,3,18,3,18,3,18,2,18,2,18,1,18,1,18,1,18,1,18,1,18,1,19,0"
52.23541498184204,719,"CSI,2439,128,83,49,21,0,-6,3,-3,-3,3,-7,7,-9,9,-12,9,-15,7,-19,5,-20,6,-18,7,-18,7,-17,9,-14,8,-11,6,-12,2,-13,-1,-10,1,-6,3,-1,2,2,1,1,-1,2,-1,3,-1,3,-1,5,-1,5,0,1,0,0,0,0,0,0,0,0,0,0,0,0,0,0,0,0,0,0,2,-2,8,-6,8,-5,10,-6,10,-6,10,-4,9,-4,7,-4,4,-2,2,-1,0,-1,-3,4,-5,7,-7,8,-10,10,-17,11,-20,12,-20,14,-19,15,-19,15,-20,16,-22,16,-22,15,-19,16,-15,15,-13,14,-12,11"
52.321285009384155,720,"CSI,2443,128,83,49,21,0,-4,4,-5,-1,-5,-7,-4,-12,-3,-16,-2,-18,2,-22,6,-28,4,-30,0,-27,-3,-23,-5,-21,-5,-18,-2,-15,-1,-14,1,-10,2,-5,2,-1,0,2,-1,3,1,5,3,6,3,6,4,6,6,5,1,0,0,0,0,0,0,0,0,0,0,0,0,0,0,0,0,0,0,0,2,-2,10,-6,10,-7,11,-7,12,-6,12,-4,11,-4,9,-3,8,-2,7,-2,4,1,1,5,-1,7,-5,10,-8,15,-10,17,-12,19,-13,20,-16,19,-19,18,-18,22,-17,25,-16,24,-14,23,-12,22,-11,19,-9,17"
52.348071813583374,721,"CSI,1343,128,101,81,22,0,12,7,12,7,12,7,12,6,11,6,12,6,12,6,12,5,12,5,11,5,11,5,11,5,11,5,12,5,11,4,11,5,10,5,10,5,10,5,9,5,9,4,9,4,8,4,8,4,7,5,1,1,0,0,0,0,0,0,0,0,0,0,0,0,0,0,0,0,0,0,2,1,9,4,10,5,10,5,10,6,11,6,11,7,11,7,11,8,12,8,11,8,11,9,11,9,11,10,11,9,11,9,11,9,11,9,11,9,11,9,11,8,12,8,12,8,12,8,12,8,12,8,12,8"
52.423726081848145,722,"CSI,2447,128,83,49,21,0,-1,10,2,4,4,-1,7,-3,10,-6,12,-10,12,-12,10,-12,13,-12,17,-13,18,-12,17,-12,15,-10,13,-8,10,-7,6,-6,4,-5,1,-3,-1,-1,-1,-2,-2,-3,-5,-3,-7,-2,-7,-1,-5,0,-1,0,0,0,0,0,0,0,0,0,0,0,0,0,0,0,0,0,0,0,-2,-2,-6,-6,-5,-9,-6,-11,-6,-13,-6,-13,-5,-10,-4,-8,-4,-7,-4,-6,-2,-5,2,-4,2,-1,2,6,0,12,-2,14,-2,13,-1,15,-1,19,1,22,1,23,-3,22,-7,23,-9,26,-11,26,-9,23,-5,19"
52.45350098609924,723,"CSI,1344,128,101,81,22,0,19,11,19,11,20,10,20,9,19,9,19,8,19,8,20,8,19,8,19,8,19,8,19,7,19,7,19,6,19,6,18,7,17,7,17,8,16,7,15,7,14,6,14,6,13,6,13,6,12,7,3,1,0,0,0,0,0,0,0,0,0,0,0,0,0,0,0,0,0,0,4,1,16,6,16,7,16,7,17,8,18,8,19,9,19,11,19,11,20,12,20,12,20,13,19,14,19,14,19,14,19,14,20,13,20,14,19,13,19,12,20,12,20,12,20,12,20,12,20,12,21,12,21,12"
52.526000022888184,724,"CSI,2451,128,83,49,21,0,-13,-3,-7,-3,2,-4,6,-5,10,-6,15,-7,19,-10,18,-13,16,-12,17,-10,18,-10,19,-10,17,-12,15,-11,15,-10,12,-9,9,-7,6,-4,3,-1,0,1,-1,3,-3,6,-4,7,-6,7,-6,9,-2,2,0,0,0,0,0,0,0,0,0,0,0,0,0,0,0,0,0,0,0,2,4,7,4,7,4,5,4,6,3,6,1,5,1,6,3,6,4,3,3,3,0,4,-3,2,-5,0,-7,-2,-10,-4,-12,-5,-14,-4,-17,-4,-19,-4,-21,-7,-21,-7,-23,-5,-25,-5,-26,-4,-26,-2,-23,-4"
52.55261993408203,725,"CSI,1345,128,101,81,22,0,7,18,7,18,8,18,8,17,7,16,8,16,8,16,9,16,8,16,9,16,9,16,8,15,8,15,8,15,8,14,8,15,7,15,7,15,6,14,6,13,5,12,5,12,4,12,4,11,3,11,0,2,0,0,0,0,0,0,0,0,0,0,0,0,0,0,0,0,0,0,2,3,8,12,8,13,8,14,8,15,8,15,8,16,8,17,8,18,8,19,7,19,6,20,6,20,6,20,6,20,6,20,6,20,6,20,6,20,6,19,6,19,7,19,7,19,7,19,7,19,7,19,8,19"
52.62838816642761,726,"CSI,2455,128,83,49,21,0,-2,-3,-8,-2,-11,-3,-14,-4,-16,-1,-19,1,-21,3,-22,6,-22,4,-19,0,-16,-2,-15,-2,-13,0,-11,1,-10,1,-8,0,-3,-1,1,0,3,2,3,4,3,5,3,6,3,5,5,4,6,3,1,0,0,0,0,0,0,0,0,0,0,0,0,0,0,0,0,0,0,0,-2,2,-7,11,-7,10,-8,9,-10,7,-10,4,-10,2,-8,1,-6,2,-5,2,-2,-1,3,-3,6,-5,9,-6,13,-6,15,-4,17,-3,18,-3,20,-3,22,-4,22,-5,22,-7,23,-5,20,-3,18,-5,17,-7,14,-8"
52.66310906410217,727,"CSI,1346,128,101,81,22,0,-2,-13,-3,-13,-2,-13,-2,-12,-2,-12,-3,-12,-3,-12,-4,-12,-4,-12,-4,-12,-4,-12,-4,-12,-4,-12,-4,-11,-3,-11,-3,-11,-3,-11,-3,-11,-3,-10,-2,-10,-2,-9,-2,-9,-2,-9,-2,-8,-2,-8,-1,-2,0,0,0,0,0,0,0,0,0,0,0,0,0,0,0,0,0,0,-1,-3,-3,-9,-3,-9,-3,-10,-3,-10,-3,-10,-3,-11,-3,-11,-3,-12,-2,-12,-2,-12,-1,-13,-2,-13,-1,-13,-1,-13,-1,-13,-1,-12,-1,-13,-1,-13,-1,-13,-1,-13,-2,-13,-2,-13,-2,-13,-2,-13,-2,-12,-2,-12"
52.72929310798645,728,"CSI,2459,128,83,49,21,0,3,-5,-1,-1,-4,0,-5,-1,-9,0,-13,2,-16,6,-19,10,-19,9,-17,8,-15,6,-13,5,-14,6,-14,6,-11,4,-9,2,-6,2,-2,2,0,1,2,0,4,0,5,1,5,-1,6,-4,6,-4,1,-1,0,0,0,0,0,0,0,0,0,0,0,0,0,0,0,0,0,0,-3,1,-10,6,-11,6,-11,4,-10,3,-9,4,-8,3,-9,1,-8,-1,-8,-1,-7,-1,-2,-4,3,-5,6,-5,8,-7,11,-9,13,-9,13,-7,14,-7,19,-10,22,-11,22,-10,20,-11,17,-12,15,-12,14,-10,14,-10"
52.77348709106445,729,"CSI,1347,128,101,81,22,0,-4,-12,-4,-12,-3,-12,-3,-11,-3,-11,-4,-11,-5,-11,-5,-11,-5,-11,-5,-11,-5,-11,-5,-11,-5,-11,-5,-10,-4,-10,-4,-10,-4,-10,-4,-10,-4,-10,-3,-9,-3,-9,-3,-9,-3,-8,-2,-8,-2,-8,-1,-2,0,0,0,0,0,0,0,0,0,0,0,0,0,0,0,0,0,0,-1,-2,-4,-7,-4,-8,-4,-8,-4,-9,-4,-9,-4,-10,-4,-10,-3,-11,-3,-11,-3,-11,-3,-11,-3,-12,-2,-12,-2,-12,-2,-12,-3,-12,-3,-12,-3,-12,-2,-12,-2,-11,-3,-11,-3,-12,-3,-12,-3,-12,-3,-11,-3,-12"
52.808945178985596,730,"CSI,3227,128,-117,-78,40,0,23,-3,23,-3,23,-4,23,-5,23,-5,23,-5,23,-5,22,-5,22,-6,22,-6,22,-6,21,-6,22,-6,22,-6,22,-6,22,-6,21,-5,20,-4,20,-4,19,-4,19,-4,18,-3,17,-3,17,-2,16,-1,4,-1,0,0,0,0,0,0,0,0,0,0,0,0,0,0,0,0,0,0,3,-1,15,-4,16,-4,16,-4,17,-4,18,-4,19,-3,20,-3,20,-2,21,-2,22,-2,22,-1,22,-1,22,0,23,0,23,-1,23,-1,23,-1,23,-1,23,-2,24,-2,24,-2,23,-2,23,-2,24,-2,25,-3,26,-3"
52.83627486228943,731,"CSI,4020,128,-5,-79,31,0,11,1,11,1,12,1,12,1,12,1,11,0,11,0,11,0,11,0,11,0,11,0,11,0,11,-1,11,-1,11,-1,11,-1,11,0,10,0,10,0,10,0,9,0,9,0,8,0,8,0,7,1,1,0,0,0,0,0,0,0,0,0,0,0,0,0,0,0,0,0,0,0,1,0,7,0,8,1,8,1,9,1,9,1,9,2,10,2,10,2,10,2,11,3,11,3,11,3,11,3,11,3,11,3,11,3,11,3,11,3,12,3,12,3,11,3,11,2,11,2,12,2,12,2,12,2"
52.88547992706299,732,"CSI,1348,128,101,81,22,0,-12,5,-12,5,-12,4,-12,5,-12,5,-12,6,-11,6,-11,6,-11,6,-11,6,-11,6,-11,7,-11,7,-11,7,-11,7,-11,7,-10,6,-10,5,-10,5,-10,5,-10,5,-9,5,-9,4,-9,4,-9,4,-3,1,0,0,0,0,0,0,0,0,0,0,0,0,0,0,0,0,0,0,-2,0,-8,3,-8,3,-9,3,-9,4,-10,3,-10,3,-10,3,-11,3,-12,3,-12,3,-12,3,-12,3,-12,2,-13,3,-13,3,-13,3,-12,3,-12,3,-12,3,-13,4,-12,4,-12,4,-12,4,-13,4,-13,4,-13,4"
52.933841943740845,733,"CSI,2467,128,83,49,21,0,2,8,4,4,6,0,5,-6,3,-13,3,-15,6,-17,11,-21,10,-23,6,-23,7,-22,8,-22,8,-19,8,-14,8,-12,7,-9,4,-7,1,-6,-2,-4,-4,1,-6,4,-8,6,-8,6,-7,4,-7,4,-2,1,0,0,0,0,0,0,0,0,0,0,0,0,0,0,0,0,0,0,-3,-3,-10,-9,-7,-9,-4,-10,-3,-10,-3,-9,-4,-8,-4,-8,-3,-9,-1,-7,-1,-3,-2,-1,-1,0,-1,4,-3,9,-2,13,-1,16,-2,19,0,22,0,26,-2,28,-3,29,-4,28,-2,25,-1,25,0,24,0,22"
52.99212694168091,734,"CSI,1349,128,101,81,22,0,4,23,5,23,5,22,5,22,5,21,6,21,7,21,7,21,7,21,8,21,8,21,8,21,8,20,8,20,7,19,7,19,6,19,6,19,6,18,5,17,4,16,4,16,4,15,3,15,3,15,0,3,0,0,0,0,0,0,0,0,0,0,0,0,0,0,0,0,0,0,1,4,5,17,5,18,4,19,4,20,4,21,4,22,4,23,4,24,3,24,2,24,2,24,2,25,2,25,2,25,2,25,2,25,2,25,2,24,2,24,3,23,3,23,4,24,4,24,4,24,4,24,5,25"
53.02278709411621,735,"CSI,2065,128,77,-47,20,0,2,-6,-1,-3,-2,-2,-6,-5,-12,-5,-17,-3,-17,-4,-17,-6,-21,-6,-25,-4,-22,-4,-21,-2,-20,-2,-16,-4,-12,-4,-9,-3,-5,-2,-2,0,0,1,3,1,3,3,4,5,5,4,7,4,8,4,2,0,0,0,0,0,0,0,0,0,0,0,0,0,0,0,0,0,0,0,-1,2,-2,8,-3,8,-5,8,-7,8,-6,8,-4,7,-7,6,-9,5,-6,2,-4,0,-3,-1,1,-3,7,-6,9,-10,12,-12,15,-12,16,-11,18,-10,21,-9,22,-9,22,-10,23,-10,23,-8,22,-6,19,-6,15,-8"
53.05296611785889,736,"CSI,2471,128,83,49,21,0,-6,2,-5,1,-1,0,6,-2,12,-2,16,-2,21,-3,27,-5,27,-6,26,-7,23,-6,20,-5,19,-3,16,-3,13,-3,8,-3,2,-1,-2,0,-5,-1,-6,-2,-5,-1,-7,3,-8,3,-8,1,-9,2,-3,0,0,0,0,0,0,0,0,0,0,0,0,0,0,0,0,0,0,0,0,-1,5,1,7,4,8,7,10,7,7,7,5,7,5,5,4,5,2,5,0,4,-3,3,-7,2,-11,1,-13,-2,-15,-4,-18,-4,-19,-5,-19,-4,-21,-5,-22,-7,-24,-5,-25,-5,-26,-8,-26,-7,-24,-4,-18,0"
53.10390305519104,737,"CSI,1350,128,101,81,22,0,8,21,9,21,9,21,9,20,9,20,9,19,10,19,11,19,11,19,11,19,11,19,11,18,11,18,11,18,11,17,10,18,10,18,9,18,8,17,8,16,7,15,7,15,7,14,6,14,6,14,1,3,0,0,0,0,0,0,0,0,0,0,0,0,0,0,0,0,0,0,1,3,7,14,7,14,7,15,7,16,7,17,7,18,7,19,7,20,6,20,6,20,6,21,6,22,6,22,6,22,6,22,6,22,6,22,6,22,6,21,6,21,6,21,7,22,8,22,8,21,8,22,8,22"
53.13804006576538,738,"CSI,2475,128,83,49,21,0,1,0,2,-5,4,-7,7,-10,9,-13,9,-14,10,-16,10,-22,8,-22,7,-15,7,-11,8,-11,8,-11,6,-9,3,-7,0,-3,0,1,0,2,-2,3,-5,4,-8,4,-8,4,-8,5,-7,6,-8,6,-2,1,0,0,0,0,0,0,0,0,0,0,0,0,0,0,0,0,0,0,0,-2,0,-7,0,-7,0,-10,1,-10,3,-6,5,-4,5,-2,5,0,5,1,5,0,5,2,1,7,-2,10,-2,12,-4,14,-5,16,-7,18,-9,20,-9,21,-9,20,-10,20,-10,20,-10,17,-11,12,-10,14,-5,18"
53.22557520866394,739,"CSI,1351,128,101,81,22,0,-14,21,-13,21,-13,21,-13,21,-13,21,-12,21,-11,22,-11,22,-11,22,-10,22,-10,23,-10,23,-10,22,-10,22,-11,21,-11,21,-11,21,-11,20,-11,19,-11,18,-11,17,-11,16,-11,16,-11,15,-11,14,-3,3,0,0,0,0,0,0,0,0,0,0,0,0,0,0,0,0,0,0,-2,4,-6,17,-7,17,-8,18,-9,18,-10,19,-10,19,-11,20,-12,20,-13,20,-14,21,-14,21,-14,21,-14,21,-15,21,-15,20,-15,20,-15,20,-15,20,-15,20,-15,21,-15,21,-14,21,-13,21,-14,21,-14,22,-14,22"
53.25552988052368,740,"CSI,2479,128,83,49,21,0,-8,2,-7,6,-7,9,-6,12,-5,16,-6,16,-4,17,-1,18,-4,15,-5,14,-5,14,-4,10,-3,9,-3,9,-2,7,0,6,1,4,3,2,6,2,6,1,6,0,5,-1,6,-1,7,0,6,1,1,0,0,0,0,0,0,0,0,0,0,0,0,0,0,0,0,0,0,0,0,-2,4,-5,6,-5,7,-5,7,-3,6,-2,6,-1,5,0,3,-1,0,-2,-2,-3,-5,-5,-7,-6,-9,-4,-10,-4,-12,-8,-15,-11,-18,-12,-18,-14,-18,-16,-19,-14,-19,-14,-16,-15,-13,-14,-10,-11,-8,-10,-8,-10"
53.34582805633545,741,"CSI,2483,128,83,49,21,0,3,2,8,-1,10,-4,9,-7,9,-12,11,-17,13,-15,12,-12,13,-13,15,-14,14,-13,13,-11,12,-11,9,-10,6,-8,3,-6,-1,-5,-4,-5,-5,-4,-5,-2,-6,0,-10,-1,-11,-2,-9,-2,-6,0,-2,0,0,0,0,0,0,0,0,0,0,0,0,0,0,0,0,0,0,0,-3,-2,-11,-6,-10,-7,-8,-8,-8,-9,-6,-9,-4,-7,-4,-6,-5,-6,-5,-5,-5,-3,-2,0,2,3,4,6,2,11,-1,14,0,17,1,18,1,18,0,21,-1,24,-2,24,-2,23,-3,22,-2,21,-1,19,0,18"
53.38211393356323,742,"CSI,1352,128,101,81,22,0,-16,16,-16,16,-16,16,-16,16,-16,16,-15,16,-14,16,-14,16,-14,16,-13,17,-13,17,-13,17,-13,17,-14,16,-14,16,-14,16,-13,15,-13,14,-13,13,-13,12,-13,12,-12,11,-12,11,-12,10,-12,9,-3,2,0,0,0,0,0,0,0,0,0,0,0,0,0,0,0,0,0,0,-3,3,-9,13,-10,13,-10,13,-11,14,-12,14,-12,15,-13,15,-14,15,-15,15,-16,15,-16,15,-16,15,-16,15,-17,15,-17,15,-17,14,-17,14,-17,15,-17,15,-17,15,-17,15,-16,15,-15,15,-16,16,-17,16,-17,16"
53.445611000061035,743,"CSI,1353,128,101,81,22,0,-18,8,-18,8,-18,8,-18,9,-18,9,-18,9,-17,9,-17,9,-17,10,-16,10,-16,10,-16,10,-16,10,-16,10,-17,9,-17,9,-16,8,-15,7,-15,7,-15,6,-15,6,-14,6,-14,5,-13,5,-13,4,-4,1,0,0,0,0,0,0,0,0,0,0,0,0,0,0,0,0,0,0,-3,2,-12,8,-12,8,-13,8,-14,9,-15,8,-15,8,-16,8,-16,8,-17,8,-18,8,-18,8,-18,8,-18,7,-19,7,-19,7,-19,7,-19,7,-19,7,-19,8,-19,8,-19,8,-19,8,-18,8,-19,8,-19,9,-20,9"
53.55006003379822,744,"CSI,2491,128,83,49,21,0,6,0,1,-4,-4,-10,-6,-15,-5,-19,-6,-19,-4,-17,0,-16,-2,-20,-6,-23,-6,-21,-5,-18,-6,-17,-6,-19,-5,-17,-5,-11,-4,-6,-3,-2,-2,1,-4,4,-4,6,-4,8,-3,9,-1,9,-1,9,-1,2,0,0,0,0,0,0,0,0,0,0,0,0,0,0,0,0,0,0,-3,-1,-9,0,-9,0,-9,-1,-9,-2,-10,-2,-10,-2,-8,-1,-6,-1,-5,-2,-3,-2,-3,-2,0,-1,4,1,7,2,10,4,13,7,16,11,18,10,19,10,21,12,23,15,21,17,19,19,18,15,18,12,16,13"
53.58385992050171,745,"CSI,1354,128,101,81,22,0,10,-22,9,-22,9,-22,9,-22,9,-22,9,-22,8,-22,7,-22,7,-23,6,-23,6,-23,6,-23,6,-22,6,-22,7,-22,7,-21,7,-21,7,-20,7,-19,7,-18,7,-18,7,-17,7,-16,7,-16,7,-15,1,-4,0,0,0,0,0,0,0,0,0,0,0,0,0,0,0,0,0,0,1,-4,6,-17,6,-17,7,-18,8,-19,8,-19,8,-20,9,-20,10,-20,11,-21,12,-21,12,-21,12,-21,12,-21,12,-21,13,-21,13,-21,12,-21,12,-21,12,-21,12,-21,12,-21,11,-21,10,-22,11,-22,11,-22,12,-22"
53.675106048583984,746,"CSI,1355,128,101,81,22,0,-3,-19,-3,-19,-4,-18,-3,-18,-3,-18,-4,-17,-5,-17,-5,-18,-5,-17,-5,-18,-5,-18,-5,-17,-5,-17,-5,-17,-5,-17,-4,-16,-4,-16,-4,-16,-3,-15,-3,-15,-3,-14,-2,-13,-2,-13,-2,-13,-2,-12,-1,-3,0,0,0,0,0,0,0,0,0,0,0,0,0,0,0,0,0,0,-2,-4,-4,-13,-4,-13,-4,-14,-4,-15,-4,-16,-4,-16,-4,-17,-3,-18,-3,-18,-2,-18,-2,-19,-2,-19,-2,-19,-2,-19,-2,-19,-2,-19,-2,-19,-2,-19,-2,-19,-2,-19,-2,-19,-3,-19,-3,-19,-3,-19,-3,-19,-4,-20"
53.787842988967896,747,"CSI,1356,128,101,81,22,0,-5,-26,-5,-26,-6,-25,-6,-25,-6,-24,-6,-24,-7,-24,-8,-24,-8,-24,-8,-24,-8,-24,-8,-23,-8,-23,-8,-23,-7,-22,-7,-22,-6,-22,-6,-22,-6,-21,-5,-20,-4,-19,-4,-18,-3,-17,-3,-17,-3,-17,-1,-5,0,0,0,0,0,0,0,0,0,0,0,0,0,0,0,0,0,0,-2,-5,-7,-18,-7,-19,-6,-21,-6,-21,-6,-22,-6,-23,-6,-25,-6,-25,-5,-26,-4,-26,-4,-27,-4,-28,-3,-28,-3,-28,-3,-27,-3,-27,-3,-27,-3,-27,-3,-27,-4,-26,-4,-26,-5,-27,-5,-27,-5,-26,-5,-27,-6,-27"
53.85830020904541,748,"CSI,3231,128,-117,-78,40,0,-12,19,-11,19,-11,19,-11,19,-11,19,-10,19,-9,19,-9,19,-9,19,-9,19,-8,19,-8,19,-8,19,-9,19,-9,18,-9,18,-9,17,-9,16,-9,16,-9,15,-9,14,-9,13,-9,13,-9,12,-9,11,-3,2,0,0,0,0,0,0,0,0,0,0,0,0,0,0,0,0,0,0,-2,4,-6,16,-6,16,-7,17,-8,17,-9,18,-9,18,-9,19,-10,19,-11,19,-13,20,-13,20,-13,20,-13,20,-13,20,-13,19,-13,19,-13,19,-13,19,-13,19,-13,19,-13,19,-12,19,-12,20,-12,20,-13,20,-13,21"
53.89419102668762,749,"CSI,1357,128,101,81,22,0,8,22,8,23,8,22,8,21,8,20,9,20,10,20,10,20,10,20,11,20,11,20,11,19,11,19,10,18,10,18,9,18,9,18,9,18,8,17,8,16,7,15,7,15,6,14,6,14,5,14,1,3,0,0,0,0,0,0,0,0,0,0,0,0,0,0,0,0,0,0,1,4,7,16,7,17,6,18,6,19,7,20,7,21,7,22,6,23,6,23,5,23,5,24,5,25,5,25,5,25,5,25,5,24,5,24,5,24,5,23,6,23,6,23,7,23,7,23,7,23,7,23,7,24"
53.9583101272583,750,"CSI,2505,128,83,49,21,0,1,6,-1,1,-3,-3,-8,-7,-11,-11,-12,-15,-10,-15,-6,-15,-8,-18,-13,-18,-13,-15,-13,-14,-13,-12,-10,-9,-7,-6,-5,-4,-5,-1,-3,-1,1,1,3,3,3,5,6,4,8,3,8,3,6,2,1,0,0,0,0,0,0,0,0,0,0,0,0,0,0,0,0,0,0,0,-2,-3,-7,-11,-6,-11,-5,-11,-5,-10,-5,-9,-4,-6,-3,-4,-1,-5,1,-7,1,-5,2,0,3,3,2,3,3,6,7,11,7,14,7,14,11,15,12,18,12,18,14,18,15,18,14,19,11,20,9,19,9,16"
54.008296966552734,751,"CSI,1358,128,101,81,22,0,-6,22,-5,22,-5,22,-5,21,-5,21,-4,21,-3,21,-3,21,-3,21,-3,21,-2,21,-2,21,-3,20,-3,20,-3,19,-3,19,-3,19,-3,18,-3,17,-4,16,-4,15,-4,15,-4,14,-4,13,-4,13,-1,3,0,0,0,0,0,0,0,0,0,0,0,0,0,0,0,0,0,0,-1,4,-2,17,-2,17,-3,18,-4,19,-4,19,-4,20,-4,21,-5,22,-6,22,-7,22,-8,22,-8,22,-8,23,-8,23,-8,22,-8,22,-8,22,-7,22,-8,22,-8,22,-7,22,-6,22,-6,22,-6,22,-7,23,-6,23"
54.059849977493286,752,"CSI,2509,128,83,49,21,0,-5,5,0,3,3,2,5,-2,6,-7,9,-10,11,-12,12,-16,12,-19,13,-18,10,-14,8,-11,8,-10,8,-10,7,-7,6,-6,3,-5,1,-3,-1,-1,-1,1,-2,2,-4,1,-6,3,-5,5,-6,3,-2,0,0,0,0,0,0,0,0,0,0,0,0,0,0,0,0,0,0,0,0,-2,2,-7,2,-9,4,-8,6,-8,6,-7,4,-6,6,-5,7,-4,5,-1,3,2,3,4,1,5,-2,8,-5,11,-7,13,-7,12,-8,11,-12,13,-14,15,-14,15,-16,16,-16,18,-14,17,-12,13,-8,12,-8,14"
54.12687802314758,753,"CSI,1359,128,101,81,22,0,19,-12,19,-12,19,-13,19,-13,18,-13,18,-13,17,-13,16,-14,16,-14,15,-14,15,-14,15,-14,15,-14,15,-14,16,-13,15,-13,14,-12,14,-12,13,-11,13,-11,13,-10,12,-10,12,-9,12,-9,11,-8,2,-2,0,0,0,0,0,0,0,0,0,0,0,0,0,0,0,0,0,0,3,-3,14,-12,15,-11,16,-12,17,-12,18,-12,18,-12,19,-12,20,-12,21,-12,22,-11,22,-11,22,-11,22,-10,22,-11,22,-10,22,-10,22,-10,22,-11,22,-11,22,-11,21,-11,21,-11,20,-11,20,-12,21,-12,21,-12"
54.15752387046814,754,"CSI,2066,128,77,-47,20,0,8,-3,3,-6,-3,-8,-7,-8,-11,-6,-16,-7,-17,-6,-18,-1,-20,-2,-21,-5,-19,-4,-19,-3,-19,-4,-16,-4,-15,-3,-13,-3,-9,-3,-4,-1,-1,2,0,3,1,2,3,1,4,3,6,5,9,6,2,1,0,0,0,0,0,0,0,0,0,0,0,0,0,0,0,0,0,0,-2,2,-6,7,-8,4,-8,5,-9,5,-9,2,-8,0,-7,-1,-7,-2,-5,-3,-2,-3,2,-4,5,-4,6,-4,10,-3,13,-2,17,-3,21,-4,22,-3,22,-3,23,-2,24,-1,24,0,23,-1,22,-2,19,-3,15,-3"
54.190723180770874,755,"CSI,2067,128,77,-47,20,0,-4,9,-1,5,2,2,4,-2,8,-5,12,-5,17,-6,22,-9,21,-9,19,-8,19,-6,18,-5,17,-5,14,-6,10,-5,7,-4,6,-2,5,-1,1,-3,-2,-4,-5,-2,-8,0,-8,0,-8,0,-9,0,-3,0,0,0,0,0,0,0,0,0,0,0,0,0,0,0,0,0,0,0,-1,-4,0,-13,2,-11,4,-9,5,-10,5,-9,6,-7,7,-5,7,-3,6,-4,3,-5,0,-1,-2,3,-5,6,-9,10,-12,12,-12,13,-11,15,-14,14,-16,13,-16,13,-19,14,-21,15,-20,15,-19,14,-16,14,-12,14"
54.221312046051025,756,"CSI,2513,128,83,49,21,0,1,-11,-1,-5,-4,-1,-7,0,-11,2,-14,7,-15,12,-15,13,-17,11,-19,8,-18,7,-18,7,-19,6,-16,6,-13,5,-10,4,-6,5,-1,5,2,3,5,1,6,0,5,1,7,0,8,-1,8,-1,2,-1,0,0,0,0,0,0,0,0,0,0,0,0,0,0,0,0,0,0,0,3,1,12,0,10,-1,8,-3,8,-5,7,-5,7,-5,8,-4,9,-1,6,1,2,0,0,2,-4,3,-8,4,-9,5,-11,4,-15,5,-18,8,-20,9,-20,10,-19,10,-18,10,-18,12,-17,12,-18,12,-20,12,-19"
54.25472092628479,757,"CSI,1360,128,101,81,22,0,21,-8,20,-9,20,-9,20,-9,20,-9,19,-10,18,-10,18,-10,18,-10,17,-10,17,-10,17,-10,17,-10,17,-10,17,-10,17,-9,16,-8,15,-7,15,-7,14,-7,14,-7,13,-6,13,-5,12,-5,12,-4,3,-1,0,0,0,0,0,0,0,0,0,0,0,0,0,0,0,0,0,0,4,-3,18,-10,18,-10,19,-10,20,-10,21,-9,22,-9,22,-9,23,-9,24,-9,25,-8,25,-8,24,-7,24,-6,24,-6,24,-6,24,-6,24,-6,23,-7,24,-8,24,-8,23,-8,22,-8,22,-8,22,-8,23,-8,24,-8"
54.28492212295532,758,"CSI,2517,128,83,49,21,0,-1,-1,4,2,5,5,7,7,9,10,11,12,14,13,16,11,12,13,9,15,10,15,10,12,8,9,7,7,5,7,2,5,-1,3,-2,0,-2,-1,-3,-2,-5,-4,-8,-5,-8,-6,-6,-4,-6,-2,-2,-1,0,0,0,0,0,0,0,0,0,0,0,0,0,0,0,0,0,0,0,1,1,7,-1,8,-1,8,1,8,-1,7,-2,5,-3,4,-3,3,-3,0,0,-3,0,-5,-2,-7,-4,-8,-5,-9,-5,-12,-6,-15,-6,-17,-5,-18,-6,-18,-6,-17,-8,-17,-10,-19,-11,-21,-11,-20,-9,-15,-8,-8"
54.35001015663147,759,"CSI,1361,128,101,81,22,0,18,14,18,13,18,13,18,12,18,11,18,11,18,11,18,11,18,10,18,10,18,10,17,9,17,9,18,8,17,8,17,8,16,9,15,9,15,9,14,8,13,7,13,7,12,7,11,7,11,7,2,1,0,0,0,0,0,0,0,0,0,0,0,0,0,0,0,0,0,0,3,2,14,10,14,10,14,11,15,11,16,12,16,13,17,14,17,15,17,15,17,16,17,17,16,17,17,18,16,18,16,17,17,17,17,17,17,17,17,16,17,15,18,15,18,15,18,15,18,15,18,15,18,16"
54.37930488586426,760,"CSI,2521,128,83,49,21,0,4,-2,0,0,-5,0,-7,-3,-11,-6,-15,-7,-15,-8,-11,-9,-11,-10,-14,-7,-15,-5,-15,-6,-12,-8,-8,-8,-7,-5,-8,-1,-6,0,0,1,2,2,-1,3,0,4,2,6,4,6,6,5,7,3,1,0,0,0,0,0,0,0,0,0,0,0,0,0,0,0,0,0,0,0,-3,0,-9,2,-7,3,-6,2,-5,1,-4,2,-4,0,-5,-4,-4,-4,-2,-3,-1,-4,-1,-4,2,-2,4,-3,5,-4,9,-4,13,-4,16,-6,16,-7,17,-4,19,-3,21,-3,23,-3,20,-4,17,-4,15,-2,14,-2"
54.46434211730957,761,"CSI,1362,128,101,81,22,0,5,-24,4,-24,4,-24,5,-24,5,-23,4,-23,3,-23,2,-23,2,-23,2,-23,2,-23,2,-23,2,-23,2,-22,3,-22,3,-21,3,-21,3,-21,3,-20,4,-18,4,-17,4,-17,4,-16,4,-15,4,-15,1,-4,0,0,0,0,0,0,0,0,0,0,0,0,0,0,0,0,0,0,0,-5,0,-18,0,-18,1,-19,1,-20,2,-21,2,-22,2,-23,3,-23,4,-23,5,-24,5,-24,6,-25,6,-25,6,-25,6,-24,6,-24,6,-24,6,-24,6,-24,7,-24,6,-24,6,-24,5,-25,5,-25,6,-25,5,-26"
54.495023012161255,762,"CSI,2525,128,83,49,21,0,-4,0,3,4,5,6,6,5,11,4,16,4,17,0,20,-4,23,-2,21,1,17,0,14,2,12,1,10,-1,9,-2,9,-3,6,-2,1,0,-2,-2,-4,-5,-6,-4,-8,-3,-9,-2,-9,-2,-7,-2,-2,-1,0,0,0,0,0,0,0,0,0,0,0,0,0,0,0,0,0,0,2,0,8,2,6,3,6,3,5,4,4,5,2,6,0,4,-1,3,-4,1,-5,-2,-5,-3,-7,-2,-11,-3,-13,-5,-14,-6,-16,-6,-17,-7,-19,-7,-21,-5,-21,-6,-23,-7,-23,-8,-21,-7,-22,-4,-20,-2,-17,-2"
54.57413601875305,763,"CSI,2529,128,83,49,21,0,-7,-6,-9,0,-8,3,-8,5,-10,8,-12,11,-13,12,-11,10,-13,8,-15,9,-16,10,-17,9,-17,7,-14,5,-11,5,-9,5,-6,4,-3,3,-1,3,0,4,2,6,4,7,7,7,9,7,8,7,1,1,0,0,0,0,0,0,0,0,0,0,0,0,0,0,0,0,0,0,1,-2,5,-7,4,-7,7,-6,7,-5,5,-3,6,-1,5,1,2,-1,0,-3,-3,-3,-5,-2,-6,-2,-9,-6,-12,-9,-17,-10,-20,-12,-17,-17,-15,-19,-14,-17,-13,-17,-14,-19,-14,-16,-13,-15,-14,-17,-14,-19,-13,-18"
54.60476493835449,764,"CSI,1363,128,101,81,22,0,-12,9,-12,8,-12,8,-12,8,-11,9,-11,9,-10,9,-10,9,-10,9,-9,9,-9,9,-9,9,-9,9,-9,9,-9,9,-9,9,-8,8,-8,7,-8,7,-8,7,-8,6,-8,6,-7,6,-7,5,-7,5,-2,1,0,0,0,0,0,0,0,0,0,0,0,0,0,0,0,0,0,0,-3,1,-9,7,-9,7,-10,7,-10,8,-11,8,-11,8,-12,8,-12,8,-13,8,-14,8,-14,8,-13,8,-14,8,-14,7,-14,7,-14,7,-14,7,-14,8,-14,8,-14,8,-13,8,-13,8,-13,8,-13,8,-13,8,-13,8"
54.676507234573364,765,"CSI,2533,128,83,49,21,0,2,0,3,4,5,10,5,12,6,14,7,16,5,19,4,23,8,22,9,18,7,15,6,13,5,10,3,8,2,5,1,2,0,-1,0,-4,1,-5,1,-7,1,-9,-1,-9,-3,-8,-3,-7,-1,-5,-1,-2,0,0,0,0,0,0,0,0,0,0,0,0,0,0,0,0,0,0,1,0,6,1,5,3,7,4,7,4,6,6,4,7,1,6,0,4,1,3,-2,2,-6,1,-8,-2,-11,-6,-14,-11,-16,-13,-16,-14,-15,-15,-13,-17,-13,-18,-15,-17,-15,-17,-15,-18,-14,-17,-14,-14,-13,-10,-11,-4"
54.71143126487732,766,"CSI,1364,128,101,81,22,0,-24,-4,-24,-3,-24,-3,-24,-2,-24,-1,-24,-1,-23,-1,-23,-1,-23,0,-23,-1,-23,-1,-22,0,-22,0,-23,1,-23,0,-22,0,-21,-1,-20,-1,-20,-1,-19,-1,-19,-1,-18,-1,-17,-1,-17,-2,-16,-3,-4,-1,0,0,0,0,0,0,0,0,0,0,0,0,0,0,0,0,0,0,-5,-1,-20,-1,-20,-1,-21,-2,-22,-2,-23,-2,-23,-3,-24,-4,-25,-4,-25,-4,-26,-5,-25,-6,-25,-7,-25,-7,-25,-7,-25,-7,-26,-7,-25,-7,-25,-6,-25,-5,-25,-4,-25,-4,-25,-4,-25,-5,-25,-4,-26,-4,-27,-3"
54.77891516685486,767,"CSI,2537,128,83,49,21,0,-5,7,-1,8,4,9,8,9,13,10,14,13,17,12,19,10,16,9,13,8,12,8,12,10,12,11,10,9,9,7,8,6,5,3,4,-1,4,-3,6,-3,6,-4,4,-7,3,-8,1,-9,2,-11,0,-3,0,0,0,0,0,0,0,0,0,0,0,0,0,0,0,0,0,0,-3,-3,-10,-9,-9,-8,-6,-9,-5,-11,-4,-11,-3,-9,-1,-7,2,-5,2,-2,-1,3,-3,4,-3,5,-4,8,-6,11,-9,10,-13,11,-16,13,-18,14,-19,14,-20,13,-21,11,-20,9,-20,12,-19,12,-14,10,-12,10"
54.81396293640137,768,"CSI,1365,128,101,81,22,0,-15,11,-15,11,-15,11,-15,11,-15,11,-14,11,-13,11,-13,11,-13,11,-13,11,-13,12,-12,12,-13,12,-13,11,-13,11,-13,11,-12,11,-12,10,-12,9,-12,9,-12,8,-12,8,-11,8,-11,7,-11,7,-3,1,0,0,0,0,0,0,0,0,0,0,0,0,0,0,0,0,0,0,-3,2,-11,11,-11,11,-12,11,-13,11,-13,12,-14,12,-14,12,-15,12,-16,12,-17,12,-17,11,-16,11,-17,11,-17,11,-17,11,-17,10,-16,11,-16,11,-16,11,-16,11,-16,11,-16,11,-15,11,-15,11,-16,11,-17,12"
54.87790012359619,769,"CSI,2541,128,83,49,21,0,-8,-7,-5,-6,0,-4,6,-1,13,1,14,2,15,2,20,1,20,1,20,3,20,2,18,1,16,1,14,1,10,1,8,1,6,0,2,0,-2,1,-4,2,-6,1,-8,2,-10,3,-9,4,-9,2,-3,0,0,0,0,0,0,0,0,0,0,0,0,0,0,0,0,0,0,0,1,1,4,9,4,11,5,11,6,10,4,9,2,8,0,9,1,9,3,7,1,5,-3,3,-4,2,-4,-1,-7,-5,-10,-8,-9,-8,-11,-9,-16,-11,-17,-15,-18,-18,-20,-18,-22,-18,-21,-19,-20,-18,-19,-15,-17,-12"
54.91667103767395,770,"CSI,3235,128,-117,-78,40,0,14,-19,14,-20,14,-20,14,-20,14,-20,13,-20,12,-20,11,-20,12,-20,11,-20,11,-20,10,-20,11,-20,11,-20,12,-20,12,-19,11,-19,11,-18,11,-17,12,-16,11,-16,11,-15,11,-14,11,-13,11,-13,2,-3,0,0,0,0,0,0,0,0,0,0,0,0,0,0,0,0,0,0,3,-5,12,-17,12,-18,13,-18,14,-19,15,-19,15,-19,15,-20,16,-20,17,-20,18,-20,19,-20,18,-19,18,-19,18,-19,18,-19,18,-19,17,-19,17,-19,17,-19,17,-19,17,-20,16,-20,15,-20,16,-19,17,-19,18,-20"
54.943708181381226,771,"CSI,4022,128,-5,-79,31,0,7,16,7,16,7,16,7,15,7,14,8,14,8,14,8,14,8,14,8,14,8,14,8,13,8,13,8,13,8,12,7,13,7,13,7,12,6,12,5,11,5,11,5,11,4,10,4,10,3,10,0,2,0,0,0,0,0,0,0,0,0,0,0,0,0,0,0,0,0,0,2,3,8,14,7,15,7,16,7,16,7,17,7,18,7,19,7,19,7,19,6,19,6,20,6,20,6,20,5,20,5,19,6,19,6,19,6,19,6,18,6,18,7,17,7,17,7,17,7,17,7,17,8,17"
54.98113512992859,772,"CSI,2545,128,83,49,21,0,-8,7,-1,4,4,1,7,-2,12,-2,17,-2,22,-2,24,2,25,1,26,-3,23,-4,21,-3,19,-3,14,-1,10,2,6,0,3,-1,1,-2,-2,-2,-4,-2,-5,0,-7,0,-9,0,-9,1,-10,1,-3,0,0,0,0,0,0,0,0,0,0,0,0,0,0,0,0,0,0,0,1,-2,8,-7,9,-7,9,-6,10,-3,9,-3,8,-5,7,-4,6,-3,5,-3,1,-3,-1,0,-3,3,-7,3,-10,3,-15,4,-20,5,-22,5,-23,5,-24,4,-25,6,-26,6,-25,5,-25,6,-26,9,-24,10,-22,7"
55.02583289146423,773,"CSI,1367,128,101,81,22,0,4,-18,4,-18,4,-17,4,-17,4,-17,3,-17,2,-17,2,-17,2,-17,2,-17,2,-17,2,-17,2,-17,3,-16,3,-16,4,-16,4,-16,3,-15,4,-15,4,-14,4,-13,4,-13,5,-12,5,-11,5,-11,1,-3,0,0,0,0,0,0,0,0,0,0,0,0,0,0,0,0,0,0,0,-4,1,-15,1,-15,2,-16,2,-17,2,-17,2,-18,2,-18,3,-18,4,-18,5,-18,5,-19,5,-19,5,-19,5,-19,5,-18,5,-18,5,-18,5,-18,5,-18,5,-18,5,-18,4,-18,4,-18,4,-18,4,-18,4,-19"
55.082075119018555,774,"CSI,2549,128,83,49,21,0,7,3,4,4,1,8,0,12,1,11,1,10,-1,10,-4,11,-5,12,-3,13,0,13,0,16,-1,16,0,11,1,6,1,3,0,3,-2,2,-3,0,-5,-1,-5,0,-6,-2,-8,-5,-9,-5,-8,-2,-2,-1,0,0,0,0,0,0,0,0,0,0,0,0,0,0,0,0,0,0,2,-3,8,-9,7,-9,8,-7,9,-4,9,-2,8,0,7,1,6,2,7,3,10,5,11,6,12,7,11,9,9,9,11,10,14,13,14,14,15,13,14,12,14,12,15,11,15,8,17,5,17,5,14,3,11,-2"
55.13699293136597,775,"CSI,1368,128,101,81,22,0,-18,8,-18,8,-18,8,-18,9,-18,9,-17,9,-16,9,-16,9,-16,9,-15,9,-15,9,-15,9,-15,9,-15,9,-15,9,-15,8,-14,8,-13,7,-13,6,-13,6,-13,5,-12,5,-12,5,-11,4,-11,3,-3,0,0,0,0,0,0,0,0,0,0,0,0,0,0,0,0,0,0,0,-4,2,-14,8,-15,8,-16,8,-17,8,-17,8,-18,8,-18,8,-19,8,-20,8,-21,8,-21,7,-21,7,-21,7,-21,7,-21,7,-21,7,-20,7,-20,7,-20,7,-20,8,-20,8,-19,8,-19,8,-19,8,-20,8,-20,9"
55.24432396888733,776,"CSI,1369,128,101,81,22,0,13,0,13,0,13,-1,13,-1,13,-1,12,-2,12,-2,12,-1,12,-2,11,-2,11,-2,11,-2,11,-2,11,-2,11,-2,10,-2,10,-2,9,-1,9,-1,8,-1,8,-1,8,-1,7,-1,7,-1,6,0,1,0,0,0,0,0,0,0,0,0,0,0,0,0,0,0,0,0,0,0,2,-1,10,-1,10,0,11,0,11,0,12,0,12,0,13,1,13,1,14,1,14,1,14,1,14,2,14,2,14,2,14,2,14,2,14,1,14,1,14,1,14,1,14,0,14,0,14,1,14,0,14,0,13,0"
55.28846597671509,777,"CSI,2557,128,83,49,21,0,5,-1,0,1,-2,2,-1,2,3,7,4,13,5,14,7,9,8,7,6,9,5,11,6,12,7,13,6,11,7,10,8,9,6,6,1,3,-2,2,-5,2,-5,0,-5,-2,-7,-1,-8,-1,-8,-2,-2,-1,0,0,0,0,0,0,0,0,0,0,0,0,0,0,0,0,0,0,-2,-3,-7,-9,-7,-8,-7,-7,-6,-7,-4,-7,-1,-7,-2,-8,-3,-9,-1,-7,1,-6,5,-6,7,-5,9,-5,13,-5,15,-3,14,-2,13,-5,14,-6,16,-5,16,-6,17,-12,19,-16,16,-13,11,-10,8,-11,4,-12"
55.36147999763489,778,"CSI,1370,128,101,81,22,0,4,-26,3,-26,3,-26,4,-25,4,-25,3,-24,2,-25,1,-25,1,-25,1,-25,0,-24,1,-24,1,-23,1,-23,2,-22,2,-22,2,-22,2,-21,3,-20,3,-18,3,-17,3,-17,3,-16,4,-15,3,-15,0,-4,0,0,0,0,0,0,0,0,0,0,0,0,0,0,0,0,0,0,-1,-5,-1,-18,0,-19,0,-20,1,-21,1,-22,1,-23,1,-24,2,-24,3,-25,4,-25,4,-26,4,-26,5,-26,5,-26,5,-26,5,-26,5,-26,5,-26,5,-26,5,-26,5,-26,4,-26,3,-27,4,-26,4,-27,4,-27"
55.39405107498169,779,"CSI,2561,128,83,49,21,0,-8,-2,-6,-7,-2,-8,-4,-9,-5,-12,-3,-13,-3,-16,-7,-21,-8,-20,-6,-15,-7,-11,-6,-9,-5,-8,-5,-9,-3,-9,0,-7,1,-6,0,-5,-1,-3,2,-3,6,-4,7,-3,5,-2,4,-5,4,-8,1,-3,0,0,0,0,0,0,0,0,0,0,0,0,0,0,0,0,0,0,-1,2,-4,8,-5,7,-7,6,-7,6,-5,5,-4,2,-4,0,-3,-3,-4,-5,-6,-5,-7,-4,-8,-7,-9,-11,-9,-11,-7,-11,-8,-12,-9,-9,-13,-4,-16,-3,-18,-3,-15,-2,-11,-1,-13,0,-15,1,-14,2,-13,3"
55.480469942092896,780,"CSI,1371,128,101,81,22,0,-15,17,-15,17,-15,17,-15,17,-15,17,-14,17,-13,17,-13,17,-13,17,-12,17,-12,17,-12,17,-12,17,-12,16,-13,16,-13,15,-12,15,-11,14,-11,13,-11,12,-11,11,-11,11,-10,10,-10,9,-10,9,-3,2,0,0,0,0,0,0,0,0,0,0,0,0,0,0,0,0,0,0,-2,2,-9,11,-9,12,-10,12,-11,13,-11,13,-11,14,-12,14,-13,15,-14,15,-15,15,-15,15,-15,15,-15,15,-16,15,-16,15,-16,15,-16,15,-16,16,-16,16,-16,16,-16,17,-15,17,-15,17,-16,17,-16,17,-16,17"
55.5859591960907,781,"CSI,1372,128,101,81,22,0,14,1,14,1,14,1,14,0,14,0,13,-1,13,-1,13,-1,13,-1,13,-1,12,-1,12,-1,13,-1,13,-1,13,-1,12,-1,12,0,11,0,11,0,11,0,10,0,10,0,10,0,9,0,9,1,2,0,0,0,0,0,0,0,0,0,0,0,0,0,0,0,0,0,0,0,2,-1,9,-1,9,-1,10,0,11,0,11,0,11,0,12,1,12,1,13,1,13,1,13,1,13,1,13,2,13,2,13,2,13,2,13,2,13,2,14,1,14,1,14,1,14,1,14,1,14,1,14,0,14,0"
55.61644697189331,782,"CSI,2569,128,83,49,21,0,-1,-13,0,-12,-1,-11,1,-6,4,-3,5,-3,4,-2,3,-1,5,1,9,3,11,1,13,0,12,0,10,-2,10,-3,9,-4,7,-5,6,-3,6,-1,5,-1,4,1,3,3,0,3,0,4,2,6,1,1,0,0,0,0,0,0,0,0,0,0,0,0,0,0,0,0,0,0,-2,0,-7,3,-7,1,-8,-1,-8,-2,-5,-2,-4,-2,-4,-6,-3,-7,-3,-6,-1,-6,-1,-7,-1,-7,0,-9,1,-10,1,-8,1,-8,0,-10,1,-12,3,-13,3,-15,4,-16,4,-18,3,-20,3,-20,2,-21,2,-23"
55.64438509941101,783,"CSI,2068,128,77,-47,20,0,15,-1,10,-2,6,0,4,3,3,5,3,6,3,6,1,5,-3,7,-5,12,-7,13,-7,12,-3,14,-2,14,-3,12,-4,10,-4,6,-6,5,-5,4,-5,1,-5,-3,-7,-5,-8,-7,-7,-9,-5,-11,-2,-3,0,0,0,0,0,0,0,0,0,0,0,0,0,0,0,0,0,0,-1,-2,-4,-5,-4,-4,-2,-4,-1,-6,-1,-8,0,-9,1,-9,1,-8,1,-6,2,-1,2,1,5,-1,8,0,9,3,10,4,10,5,10,5,11,2,14,1,15,4,15,5,16,4,17,2,18,0,19,0,20,-3"
55.674909830093384,784,"CSI,2069,128,77,-47,20,0,13,0,10,0,7,3,4,6,-1,7,-6,8,-10,6,-15,4,-17,6,-15,8,-15,10,-14,10,-13,10,-12,9,-12,7,-11,4,-11,2,-9,0,-6,-2,-2,-3,1,-4,3,-6,5,-8,5,-10,6,-9,1,-3,0,0,0,0,0,0,0,0,0,0,0,0,0,0,0,0,0,0,-2,-1,-7,-3,-7,-5,-7,-6,-5,-6,-3,-6,-2,-6,-1,-5,1,-5,1,-3,1,-4,3,-4,5,-1,4,0,5,1,9,2,10,0,10,2,11,5,14,5,14,3,16,3,17,5,18,4,19,1,20,-3,19,-7"
55.71357583999634,785,"CSI,1373,128,101,81,22,0,-10,-11,-10,-11,-10,-11,-10,-10,-10,-10,-10,-10,-10,-10,-11,-9,-11,-9,-11,-9,-11,-9,-11,-9,-11,-9,-11,-9,-10,-8,-10,-8,-10,-9,-9,-9,-9,-9,-8,-8,-8,-8,-8,-7,-8,-7,-7,-7,-7,-7,-2,-2,0,0,0,0,0,0,0,0,0,0,0,0,0,0,0,0,0,0,-2,-2,-7,-7,-7,-7,-7,-8,-7,-8,-8,-8,-8,-9,-8,-10,-8,-10,-8,-10,-8,-10,-8,-11,-8,-11,-8,-11,-8,-12,-8,-12,-8,-11,-9,-12,-9,-11,-9,-11,-9,-11,-9,-11,-9,-11,-9,-11,-10,-11,-9,-11,-9,-11"
55.73971605300903,786,"CSI,2573,128,83,49,21,0,9,1,6,1,2,1,-1,5,-2,7,-3,8,-2,14,0,19,0,16,0,14,1,14,0,15,-1,15,-1,13,-2,11,-3,9,-3,6,-2,3,-3,1,-4,0,-4,0,-5,-1,-9,-1,-11,0,-11,1,-3,0,0,0,0,0,0,0,0,0,0,0,0,0,0,0,0,0,0,0,0,-2,0,-5,0,-5,2,-6,1,-5,1,-4,0,-4,0,-2,2,0,6,1,6,0,6,0,7,3,7,5,9,5,12,4,14,4,13,4,13,3,14,1,15,2,17,3,19,4,19,1,18,-1,14,0,12,2"
55.81549525260925,787,"CSI,1374,128,101,81,22,0,-2,-14,-2,-14,-2,-14,-2,-13,-2,-13,-2,-13,-3,-13,-3,-13,-3,-13,-4,-13,-4,-13,-3,-13,-3,-13,-4,-13,-3,-12,-2,-12,-2,-12,-2,-12,-2,-11,-1,-11,-1,-10,-2,-10,-1,-9,-1,-9,-1,-9,-1,-3,0,0,0,0,0,0,0,0,0,0,0,0,0,0,0,0,0,0,-1,-2,-3,-9,-2,-9,-2,-10,-2,-10,-2,-10,-2,-11,-2,-12,-2,-12,-1,-12,-1,-12,-1,-13,-1,-13,-1,-13,-1,-13,-1,-13,-1,-13,-1,-13,-1,-13,-1,-13,-1,-13,-1,-13,-1,-14,-2,-14,-2,-13,-2,-14,-2,-14"
55.93454694747925,788,"CSI,1375,128,101,81,22,0,-11,23,-10,23,-10,23,-10,23,-10,23,-9,23,-8,23,-8,23,-8,23,-7,23,-7,23,-7,22,-7,22,-7,21,-8,21,-8,21,-8,20,-7,19,-8,18,-8,17,-8,16,-8,15,-8,14,-8,13,-8,13,-2,3,0,0,0,0,0,0,0,0,0,0,0,0,0,0,0,0,0,0,-2,4,-7,19,-8,19,-9,20,-10,21,-10,21,-10,22,-11,23,-12,23,-13,23,-14,23,-14,23,-14,24,-14,24,-14,24,-14,23,-14,23,-14,23,-14,23,-14,23,-14,23,-13,23,-12,24,-11,24,-12,24,-13,24,-13,25"
55.96786189079285,789,"CSI,3239,128,-117,-78,40,0,8,-30,7,-31,8,-30,8,-29,7,-29,7,-29,5,-29,5,-29,5,-30,5,-30,4,-30,4,-30,4,-29,5,-28,6,-28,6,-27,6,-26,6,-26,6,-24,7,-23,7,-22,7,-20,7,-19,8,-19,8,-18,2,-5,0,0,0,0,0,0,0,0,0,0,0,0,0,0,0,0,0,0,0,-6,3,-24,4,-24,6,-24,7,-24,6,-24,6,-25,7,-27,8,-28,9,-28,10,-29,11,-30,10,-30,10,-30,10,-29,10,-29,11,-29,10,-29,11,-29,11,-29,10,-29,10,-29,9,-30,8,-30,8,-30,9,-30,10,-30"
56.005638122558594,790,"CSI,2585,128,83,49,21,0,1,1,2,5,7,7,11,8,12,9,13,8,11,12,6,17,8,14,14,9,13,10,9,9,8,8,5,7,0,3,-3,-1,-5,-1,-7,2,-8,2,-9,-1,-10,-1,-10,0,-10,0,-13,-2,-14,-3,-4,-1,0,0,0,0,0,0,0,0,0,0,0,0,0,0,0,0,0,0,-3,0,-10,2,-10,0,-9,-1,-6,1,-3,2,0,-1,4,-3,6,-3,8,-3,8,-4,9,-7,11,-9,11,-10,12,-11,14,-11,14,-13,14,-16,14,-16,12,-15,8,-15,6,-15,6,-15,3,-11,1,-6,3,-3,3,-2"
56.04088497161865,791,"CSI,1376,128,101,81,22,0,5,-21,5,-21,5,-21,5,-20,5,-20,4,-20,4,-20,3,-21,3,-21,3,-21,3,-21,3,-21,3,-20,4,-20,4,-19,5,-19,5,-19,4,-18,5,-17,5,-16,5,-15,5,-15,5,-14,5,-13,5,-13,1,-3,0,0,0,0,0,0,0,0,0,0,0,0,0,0,0,0,0,0,0,-4,2,-15,3,-15,3,-16,3,-16,4,-17,4,-18,4,-18,5,-19,6,-19,7,-19,7,-20,7,-20,7,-20,7,-20,7,-20,7,-20,6,-20,7,-20,7,-20,7,-20,6,-20,6,-21,5,-21,6,-21,6,-21,6,-22"
56.10783886909485,792,"CSI,2589,128,83,49,21,0,0,-3,-5,1,-7,5,-8,8,-10,11,-15,12,-17,11,-13,12,-11,10,-14,9,-16,10,-15,11,-14,8,-12,4,-7,1,-3,1,-1,-2,3,-2,7,0,8,1,8,-1,8,-3,10,-3,9,-2,8,-2,1,-1,0,0,0,0,0,0,0,0,0,0,0,0,0,0,0,0,0,0,-1,2,-1,9,0,9,1,9,0,8,-1,5,0,4,1,4,3,2,4,1,3,1,3,-3,5,-7,7,-10,8,-12,8,-14,8,-16,10,-17,11,-19,12,-20,14,-20,16,-21,15,-20,11,-18,7,-16,4,-15,3,-14"
56.15756583213806,793,"CSI,1377,128,101,81,22,0,-12,-20,-12,-20,-12,-19,-13,-19,-12,-18,-13,-18,-13,-18,-13,-18,-13,-18,-14,-18,-14,-18,-14,-18,-14,-17,-14,-17,-13,-17,-12,-17,-12,-17,-12,-17,-11,-17,-10,-16,-9,-15,-9,-15,-8,-14,-8,-14,-7,-14,-2,-4,0,0,0,0,0,0,0,0,0,0,0,0,0,0,0,0,0,0,-3,-3,-10,-12,-10,-13,-10,-14,-10,-15,-10,-15,-11,-16,-11,-18,-11,-18,-11,-18,-10,-19,-10,-20,-10,-21,-10,-21,-10,-21,-10,-21,-10,-21,-10,-21,-10,-21,-10,-20,-11,-20,-11,-20,-11,-20,-12,-20,-12,-20,-12,-20,-13,-21"
56.18804907798767,794,"CSI,3225,128,83,49,21,0,-6,-15,-5,-16,-4,-18,-5,-20,-3,-20,-1,-17,2,-14,5,-14,1,-11,-3,-6,-4,-4,-4,-3,-6,-2,-7,1,-7,4,-7,6,-6,8,-8,7,-10,5,-10,5,-7,6,-4,6,-3,4,-3,1,-4,-1,-2,-1,0,0,0,0,0,0,0,0,0,0,0,0,0,0,0,0,0,0,-1,0,-3,2,-4,3,-6,4,-6,4,-4,4,-3,4,-4,1,-4,-2,-3,-1,-1,0,4,2,7,3,9,2,10,3,12,3,14,0,15,-2,14,1,11,3,8,3,6,1,5,-2,4,-2,1,-2,-1,-7,-2,-13"
56.219594955444336,795,"CSI,2593,128,83,49,21,0,7,1,2,3,-3,6,-7,8,-13,9,-17,13,-16,15,-14,13,-15,13,-16,14,-17,14,-17,14,-14,14,-11,12,-7,7,-5,6,-4,4,-3,0,0,-4,2,-6,4,-8,2,-10,1,-10,1,-10,1,-9,0,-3,0,0,0,0,0,0,0,0,0,0,0,0,0,0,0,0,0,0,-3,-1,-12,-2,-11,-5,-9,-6,-8,-5,-8,-5,-6,-6,-3,-6,-1,-6,-2,-7,-2,-7,1,-6,6,-4,10,0,14,3,17,1,21,-1,21,0,22,1,28,1,29,-1,26,-3,26,-3,28,-1,25,-2,19,-3,17,-1"
56.26430797576904,796,"CSI,1378,128,101,81,22,0,-13,20,-12,20,-12,19,-12,19,-12,19,-11,20,-10,20,-10,20,-10,20,-9,20,-9,20,-9,20,-9,20,-9,19,-10,19,-10,19,-9,18,-9,18,-9,17,-10,16,-10,15,-9,14,-9,14,-9,13,-9,12,-3,3,0,0,0,0,0,0,0,0,0,0,0,0,0,0,0,0,0,0,-2,3,-6,13,-6,14,-7,14,-8,15,-8,15,-9,16,-9,17,-10,17,-11,18,-12,18,-13,18,-13,18,-13,18,-13,18,-13,18,-13,18,-13,18,-13,18,-13,18,-13,19,-13,19,-13,19,-12,19,-13,19,-13,19,-14,20"
56.29472899436951,797,"CSI,3229,128,83,49,21,0,-1,16,-2,17,-4,19,-5,18,-6,13,-6,10,-3,10,3,10,2,6,-4,3,-5,4,-2,7,0,6,1,4,0,4,0,4,2,5,1,6,-1,6,-2,5,-1,4,-1,4,0,4,1,3,1,5,0,1,0,0,0,0,0,0,0,0,0,0,0,0,0,0,0,0,0,0,-2,0,-8,3,-8,4,-8,4,-8,4,-6,3,-5,2,-4,2,-2,2,-1,3,0,4,0,7,-3,9,-6,12,-7,12,-8,12,-11,13,-11,14,-11,12,-13,10,-13,8,-12,8,-9,8,-3,6,0,5,0,8,0,11"
56.32556891441345,798,"CSI,2597,128,83,49,21,0,-9,-10,-11,-8,-10,-4,-9,-2,-12,-2,-16,-2,-19,0,-21,3,-20,4,-20,1,-19,-1,-17,-3,-15,-5,-14,-5,-12,-4,-9,-3,-6,0,-4,3,-4,6,-6,7,-6,7,-6,9,-7,10,-7,10,-6,8,-2,1,0,0,0,0,0,0,0,0,0,0,0,0,0,0,0,0,0,0,1,-2,6,-7,7,-7,8,-5,9,-5,9,-5,7,-6,4,-6,1,-5,-2,-7,-5,-9,-4,-9,-5,-10,-5,-13,-5,-16,-7,-18,-7,-19,-5,-20,-4,-23,-2,-24,1,-22,2,-20,2,-19,1,-19,0,-20,0,-20,0,-17"
56.37485313415527,799,"CSI,1379,128,101,81,22,0,-8,25,-8,25,-7,25,-7,24,-7,24,-6,24,-5,24,-5,24,-5,24,-4,24,-4,24,-4,24,-4,24,-4,23,-5,23,-5,23,-5,22,-5,22,-5,20,-6,19,-6,18,-6,17,-6,17,-6,16,-6,15,-2,3,0,0,0,0,0,0,0,0,0,0,0,0,0,0,0,0,0,0,-1,4,-4,18,-5,18,-5,19,-6,20,-6,20,-7,22,-7,23,-8,23,-9,23,-10,23,-10,24,-10,24,-10,24,-11,24,-11,24,-11,24,-10,24,-10,24,-10,24,-10,24,-10,24,-9,25,-8,25,-9,25,-9,25,-9,26"
56.413933992385864,800,"CSI,2601,128,83,49,21,0,5,14,8,10,10,6,13,5,14,5,16,3,20,7,24,14,22,12,17,9,16,9,17,10,15,11,11,10,8,7,6,5,4,1,3,-4,3,-6,4,-7,4,-7,5,-8,6,-7,6,-6,7,-7,1,-2,0,0,0,0,0,0,0,0,0,0,0,0,0,0,0,0,0,0,-2,1,-7,5,-8,4,-9,4,-10,4,-10,5,-8,5,-8,4,-7,5,-6,4,-6,6,-3,7,0,8,1,13,0,18,0,21,1,23,2,23,-1,23,-4,24,-6,26,-9,28,-9,28,-6,25,-6,21,-5,18,-3,17"
56.51822209358215,801,"CSI,2605,128,83,49,21,0,12,3,6,0,1,-2,-3,-5,-7,-9,-9,-15,-11,-17,-11,-16,-10,-17,-10,-21,-10,-23,-10,-24,-8,-22,-5,-18,-3,-17,-3,-16,-4,-11,-3,-4,0,0,1,2,0,4,0,4,-2,6,-3,8,-2,11,-1,3,0,0,0,0,0,0,0,0,0,0,0,0,0,0,0,0,0,0,-2,1,-7,7,-10,8,-11,7,-12,5,-12,4,-12,4,-11,4,-8,3,-6,1,-5,-1,-2,-1,3,0,7,2,9,3,12,5,16,10,21,11,23,8,24,9,25,13,24,15,24,14,23,14,25,14,26,12,24,8"
56.553489208221436,802,"CSI,1380,128,101,81,22,0,-9,-12,-9,-12,-9,-11,-9,-10,-9,-10,-9,-10,-9,-10,-9,-10,-10,-9,-10,-9,-10,-9,-10,-9,-10,-8,-10,-8,-9,-8,-9,-8,-9,-8,-8,-8,-8,-8,-7,-7,-7,-7,-7,-6,-7,-6,-6,-6,-6,-6,-2,-2,0,0,0,0,0,0,0,0,0,0,0,0,0,0,0,0,0,0,-2,-3,-8,-9,-8,-10,-8,-11,-8,-11,-8,-12,-8,-12,-8,-13,-8,-13,-8,-13,-8,-14,-8,-14,-8,-14,-7,-14,-7,-14,-8,-14,-8,-14,-8,-14,-8,-14,-8,-13,-8,-13,-8,-13,-9,-13,-9,-13,-9,-12,-9,-12,-9,-12"
56.604719161987305,803,"CSI,1381,128,101,81,22,0,-14,19,-13,19,-13,19,-14,19,-13,19,-12,19,-11,19,-11,19,-11,19,-10,19,-10,19,-10,19,-10,19,-10,19,-10,18,-10,18,-10,18,-9,17,-9,16,-10,15,-10,14,-9,14,-9,13,-9,12,-9,12,-3,3,0,0,0,0,0,0,0,0,0,0,0,0,0,0,0,0,0,0,-3,4,-10,16,-11,16,-11,17,-13,17,-13,18,-14,18,-14,18,-15,19,-16,19,-17,19,-17,18,-17,18,-17,18,-17,18,-17,18,-17,18,-17,18,-16,18,-17,18,-17,18,-16,18,-15,19,-14,19,-15,19,-16,18,-16,18"
56.63461709022522,804,"CSI,2609,128,83,49,21,0,-1,-4,-5,-1,-10,3,-10,7,-10,9,-12,12,-13,16,-11,20,-10,21,-13,18,-15,15,-14,13,-14,10,-15,7,-14,6,-11,6,-5,3,0,2,3,1,4,-1,3,-2,3,-2,6,-3,8,-3,8,-4,2,-2,0,0,0,0,0,0,0,0,0,0,0,0,0,0,0,0,0,0,1,2,3,10,2,11,1,11,0,11,-1,10,-2,7,0,4,0,3,-1,2,0,1,2,-2,1,-6,2,-8,4,-12,7,-15,7,-18,7,-20,10,-21,13,-23,14,-24,15,-22,14,-21,11,-20,10,-19,9,-17,7,-15"
56.720608949661255,805,"CSI,1382,128,101,81,22,0,-14,-21,-14,-21,-15,-21,-15,-20,-14,-20,-15,-19,-15,-19,-16,-19,-16,-19,-16,-19,-16,-19,-16,-19,-16,-19,-16,-18,-15,-18,-14,-18,-13,-18,-13,-19,-12,-18,-11,-17,-11,-16,-10,-16,-10,-15,-9,-15,-8,-15,-2,-4,0,0,0,0,0,0,0,0,0,0,0,0,0,0,0,0,0,0,-4,-4,-14,-15,-14,-16,-13,-17,-13,-18,-14,-18,-14,-20,-14,-21,-14,-22,-13,-22,-13,-22,-13,-23,-12,-24,-12,-24,-12,-24,-12,-24,-12,-24,-12,-24,-12,-23,-12,-22,-13,-22,-13,-22,-14,-22,-14,-22,-14,-22,-14,-22,-15,-23"
56.75213694572449,806,"CSI,2613,128,83,49,21,0,5,4,6,-1,6,-7,9,-10,12,-12,11,-14,10,-17,12,-20,12,-21,11,-18,11,-15,12,-13,10,-10,6,-9,4,-9,4,-7,3,-4,1,-4,-1,-3,-2,-3,-5,-2,-8,-2,-10,-3,-10,-3,-9,-2,-3,-1,0,0,0,0,0,0,0,0,0,0,0,0,0,0,0,0,0,0,-3,-1,-10,0,-10,0,-11,-1,-12,-3,-9,-3,-7,-2,-7,-3,-6,-2,-5,0,-3,1,-1,3,1,5,4,5,6,8,7,11,7,14,7,19,7,22,7,23,5,24,3,27,3,26,1,23,-1,19,3,16,8,17"
56.824572801589966,807,"CSI,1383,128,101,81,22,0,-7,23,-7,23,-6,23,-6,23,-6,23,-6,23,-5,23,-4,23,-4,23,-4,23,-4,23,-4,23,-4,22,-5,22,-5,22,-5,22,-5,21,-5,20,-5,19,-6,18,-6,17,-6,17,-7,16,-7,15,-7,14,-2,3,0,0,0,0,0,0,0,0,0,0,0,0,0,0,0,0,0,0,-1,4,-2,18,-2,18,-3,19,-4,20,-4,21,-4,22,-4,23,-5,23,-7,23,-8,24,-8,24,-8,24,-9,24,-9,24,-9,24,-9,24,-9,24,-8,24,-9,23,-9,23,-8,23,-7,24,-7,24,-7,24,-8,24,-7,25"
56.92945098876953,808,"CSI,2621,128,83,49,21,0,-8,13,-3,9,1,5,6,2,12,0,16,-2,17,-5,17,-10,18,-5,18,0,19,0,21,1,22,2,21,3,19,4,15,4,9,2,5,-1,3,-3,0,-4,-3,-7,-4,-10,-4,-10,-4,-10,-3,-11,-1,-3,0,0,0,0,0,0,0,0,0,0,0,0,0,0,0,0,0,0,-4,-1,-13,-4,-13,-5,-13,-5,-13,-6,-13,-7,-14,-7,-13,-6,-12,-6,-9,-6,-6,-3,-8,1,-8,5,-6,7,-5,9,-5,10,-7,14,-10,18,-11,21,-12,24,-15,25,-16,27,-16,29,-16,26,-17,25,-18,27,-16,27"
56.96645903587341,809,"CSI,1384,128,101,81,22,0,19,-14,18,-14,18,-14,18,-14,18,-14,17,-15,16,-15,15,-15,15,-16,14,-16,14,-16,14,-16,14,-16,14,-16,14,-15,14,-15,13,-14,13,-14,12,-13,12,-13,12,-12,12,-12,11,-11,11,-10,11,-10,2,-3,0,0,0,0,0,0,0,0,0,0,0,0,0,0,0,0,0,0,3,-4,14,-14,15,-14,16,-14,17,-15,18,-15,19,-14,19,-14,21,-14,22,-14,22,-14,22,-14,22,-13,22,-13,22,-13,23,-12,22,-12,22,-12,22,-13,22,-13,22,-13,21,-13,20,-13,20,-13,20,-13,21,-13,22,-13"
57.01337909698486,810,"CSI,3243,128,-117,-78,40,0,22,-2,22,-2,22,-3,22,-3,22,-4,21,-4,21,-4,20,-4,20,-4,20,-4,20,-4,19,-5,19,-5,19,-5,19,-5,19,-4,18,-4,17,-3,17,-3,16,-3,16,-3,15,-3,15,-2,14,-2,13,-1,3,-1,0,0,0,0,0,0,0,0,0,0,0,0,0,0,0,0,0,0,4,-2,17,-6,18,-5,19,-5,20,-5,21,-5,22,-4,22,-4,23,-3,24,-3,25,-2,25,-1,25,0,25,0,24,0,24,0,24,0,24,0,24,0,24,-1,24,-2,24,-2,24,-2,24,-1,24,-1,25,-2,25,-2"
57.04663395881653,811,"CSI,2625,128,83,49,21,0,19,-4,13,-7,8,-10,2,-12,-2,-15,-3,-19,-4,-21,-6,-21,-5,-23,-1,-26,3,-26,6,-22,6,-20,6,-21,6,-21,5,-16,3,-11,-1,-9,-4,-5,-6,-4,-9,-3,-10,-1,-11,-1,-12,-3,-12,-6,-4,-2,0,0,0,0,0,0,0,0,0,0,0,0,0,0,0,0,0,0,2,2,10,8,9,10,9,13,9,15,6,15,5,14,5,12,6,11,7,11,6,10,7,7,8,3,10,-1,13,-3,18,-6,22,-8,25,-8,27,-8,30,-8,30,-6,30,-5,31,-4,32,-2,33,-1,33,-2,32,-3"
57.07772898674011,812,"CSI,1385,128,101,81,22,0,19,-3,19,-3,19,-3,19,-4,19,-4,18,-4,18,-4,18,-4,17,-5,17,-5,16,-5,16,-5,16,-5,17,-6,17,-5,16,-5,16,-4,15,-4,14,-3,14,-4,13,-4,13,-3,12,-3,12,-2,11,-2,2,-1,0,0,0,0,0,0,0,0,0,0,0,0,0,0,0,0,0,0,3,-2,15,-5,16,-5,16,-5,17,-5,18,-4,19,-4,19,-3,20,-3,21,-3,21,-3,21,-2,21,-1,21,-1,21,-1,21,-1,21,-1,21,-1,21,-1,21,-2,21,-2,21,-2,21,-2,20,-2,20,-2,21,-3,21,-3"
57.1339590549469,813,"CSI,2629,128,83,49,21,0,-1,-12,-4,-10,-5,-7,-5,-3,-10,-1,-16,0,-19,-3,-21,-10,-23,-11,-23,-7,-22,-3,-21,0,-20,-1,-17,-4,-14,-4,-11,-2,-9,-1,-8,1,-6,5,-4,6,-1,4,2,5,3,7,3,10,1,11,0,2,0,0,0,0,0,0,0,0,0,0,0,0,0,0,0,0,0,0,2,0,9,1,8,1,8,2,8,2,8,2,8,3,6,3,3,3,1,1,2,-2,3,-3,2,-4,1,-9,2,-14,3,-17,3,-19,2,-21,2,-21,5,-21,7,-24,8,-27,8,-27,8,-24,7,-22,8,-23,10,-24"
57.16462588310242,814,"CSI,1386,128,101,81,22,0,7,-11,7,-11,7,-11,7,-10,7,-11,7,-11,6,-11,6,-11,5,-11,5,-11,5,-11,5,-11,5,-11,5,-10,6,-10,5,-10,5,-10,5,-9,5,-9,5,-8,5,-8,5,-8,4,-7,4,-7,4,-6,1,-2,0,0,0,0,0,0,0,0,0,0,0,0,0,0,0,0,0,0,1,-3,4,-9,4,-9,5,-9,5,-10,6,-10,6,-10,6,-10,7,-11,7,-11,8,-11,8,-11,8,-11,8,-11,8,-11,8,-10,8,-10,8,-10,8,-10,8,-11,8,-11,8,-11,8,-11,7,-11,7,-11,8,-11,8,-10"
57.195271253585815,815,"CSI,2070,128,77,-47,20,0,0,-12,-2,-8,-4,-5,-8,-3,-13,-4,-16,-6,-20,-6,-27,-7,-28,-8,-26,-5,-25,-4,-24,-5,-21,-5,-19,-5,-17,-6,-14,-7,-9,-5,-6,-2,-4,0,-3,2,-1,3,0,2,2,4,2,8,3,11,1,3,0,0,0,0,0,0,0,0,0,0,0,0,0,0,0,0,0,0,2,0,9,2,8,4,8,4,8,5,7,5,5,5,4,5,4,4,3,2,2,1,1,-1,3,-3,6,-6,5,-8,4,-12,4,-16,6,-18,9,-19,11,-20,12,-21,14,-24,16,-25,14,-24,11,-25,11,-26,12,-23"
57.228533029556274,816,"CSI,2071,128,77,-47,20,0,-13,-4,-8,0,-5,6,-4,10,-3,11,-1,15,1,16,2,16,-2,19,-5,22,-4,23,-4,21,-4,19,-5,18,-5,16,-4,14,0,12,2,8,0,3,1,0,3,-1,5,-2,7,-2,9,-2,11,-2,3,-1,0,0,0,0,0,0,0,0,0,0,0,0,0,0,0,0,0,0,-1,-3,-1,-9,0,-10,0,-11,1,-12,3,-11,2,-8,2,-6,3,-3,1,-4,-3,-4,-5,-2,-5,-2,-8,-2,-13,0,-16,-1,-17,-3,-19,-5,-23,-6,-25,-4,-25,-5,-25,-9,-27,-11,-30,-12,-27,-12,-25,-7,-24,-4"
57.25915312767029,817,"CSI,3265,128,83,49,21,0,19,-3,17,-1,15,0,17,-1,20,-1,18,0,19,2,21,3,16,0,10,-3,7,-5,5,-5,3,-6,2,-6,3,-6,1,-8,-1,-10,0,-9,2,-6,2,-6,1,-6,1,-4,-1,-4,-2,-5,-1,-4,0,-1,0,0,0,0,0,0,0,0,0,0,0,0,0,0,0,0,0,0,-2,-2,-8,-8,-7,-10,-5,-10,-4,-11,-5,-11,-3,-8,0,-7,-1,-6,-2,-2,-1,0,-1,4,-2,7,-4,11,-7,14,-9,14,-12,13,-12,14,-9,16,-6,15,-6,12,-6,10,-5,8,-1,4,3,3,6,2,6,2"
57.28968596458435,818,"CSI,2633,128,83,49,21,0,-8,13,-3,11,1,10,5,11,8,12,10,13,10,18,5,21,4,23,7,23,9,22,8,21,4,17,1,16,2,13,3,10,2,8,2,6,3,2,4,1,6,0,7,-2,8,-3,10,-2,10,-3,2,-1,0,0,0,0,0,0,0,0,0,0,0,0,0,0,0,0,0,0,-3,1,-10,3,-8,3,-9,2,-10,1,-9,1,-8,1,-5,0,-3,0,-4,1,-5,3,-5,6,-5,7,-4,9,-2,13,-4,16,-7,17,-11,17,-13,19,-12,20,-13,20,-17,21,-20,22,-20,21,-20,19,-17,18,-13,17"
57.32026505470276,819,"CSI,1387,128,101,81,22,0,11,-5,10,-5,10,-5,10,-5,10,-5,10,-6,9,-5,9,-6,9,-6,9,-6,8,-6,8,-6,8,-6,8,-6,8,-5,8,-5,8,-5,8,-5,7,-4,7,-5,7,-5,7,-4,7,-4,6,-3,6,-3,1,-1,0,0,0,0,0,0,0,0,0,0,0,0,0,0,0,0,0,0,2,-2,8,-5,8,-5,9,-5,9,-5,10,-5,10,-5,10,-5,11,-5,11,-5,12,-5,12,-4,12,-4,12,-4,12,-4,12,-4,12,-4,12,-4,11,-4,12,-4,12,-5,11,-4,11,-4,11,-4,11,-5,11,-5,11,-4"
57.35139513015747,820,"CSI,2637,128,83,49,21,0,11,-6,9,-11,3,-16,2,-18,3,-19,2,-21,1,-22,-1,-20,0,-20,3,-22,3,-20,4,-16,5,-16,6,-14,4,-12,2,-9,1,-7,-3,-4,-5,-4,-7,-5,-9,-5,-8,-5,-7,-6,-7,-7,-7,-7,-2,-2,0,0,0,0,0,0,0,0,0,0,0,0,0,0,0,0,0,0,1,0,7,4,7,6,8,6,7,7,7,7,6,4,5,2,5,2,6,-1,5,-4,8,-6,12,-7,13,-8,13,-9,16,-10,21,-10,24,-9,25,-6,27,-5,26,-5,25,-3,22,-2,20,-1,19,-1,17,-2,14,-4"
57.39661693572998,821,"CSI,1388,128,101,81,22,0,-14,-18,-14,-18,-15,-18,-14,-17,-14,-16,-14,-16,-15,-16,-15,-16,-15,-16,-16,-16,-16,-15,-15,-15,-15,-14,-15,-14,-15,-13,-14,-13,-14,-14,-14,-14,-13,-13,-12,-12,-12,-12,-11,-11,-11,-11,-10,-11,-10,-11,-3,-3,0,0,0,0,0,0,0,0,0,0,0,0,0,0,0,0,0,0,-3,-4,-12,-14,-12,-14,-12,-15,-12,-16,-13,-17,-13,-18,-13,-19,-13,-20,-13,-20,-13,-20,-13,-21,-12,-22,-12,-22,-12,-22,-12,-22,-12,-21,-13,-21,-13,-21,-13,-20,-13,-20,-13,-20,-14,-20,-14,-20,-14,-20,-14,-20,-14,-21"
57.43934893608093,822,"CSI,2641,128,83,49,21,0,-5,10,-2,11,3,14,7,14,8,14,8,13,11,14,15,15,14,14,10,14,8,15,8,16,8,15,5,11,4,8,4,8,4,6,2,3,0,-1,-1,-3,1,-5,3,-8,2,-8,2,-7,5,-6,2,-2,0,0,0,0,0,0,0,0,0,0,0,0,0,0,0,0,0,0,0,-3,1,-11,4,-11,5,-11,5,-10,4,-9,4,-8,3,-6,0,-3,-2,-2,-2,-3,-6,-2,-10,0,-11,2,-14,2,-19,2,-24,1,-26,-2,-26,-4,-28,-5,-29,-3,-28,-1,-25,0,-21,1,-19,1,-19,-2,-16,-4"
57.488065004348755,823,"CSI,2072,128,75,-79,20,0,-11,-1,-10,4,-8,11,-7,16,-6,17,-9,16,-11,17,-10,16,-12,15,-14,18,-13,19,-12,18,-9,16,-7,11,-5,7,-3,6,-2,5,-2,2,-1,0,3,2,5,5,7,3,8,2,9,4,9,4,2,1,0,0,0,0,0,0,0,0,0,0,0,0,0,0,0,0,0,0,-1,-3,-1,-11,1,-11,3,-12,3,-12,3,-9,3,-6,2,-7,1,-6,-1,-5,-5,-6,-7,-8,-7,-7,-10,-3,-15,-4,-19,-8,-23,-7,-25,-8,-24,-10,-25,-12,-26,-13,-26,-13,-23,-13,-19,-13,-17,-11,-17,-12,-18,-16"
57.51875925064087,824,"CSI,1389,128,101,81,22,0,22,-2,22,-2,23,-2,23,-3,23,-3,23,-4,22,-4,22,-4,22,-5,22,-5,21,-5,21,-5,21,-5,22,-5,22,-5,22,-4,21,-4,20,-3,20,-3,19,-3,19,-3,18,-2,17,-2,17,-1,16,-1,4,0,0,0,0,0,0,0,0,0,0,0,0,0,0,0,0,0,0,0,3,-1,14,-4,14,-4,15,-4,16,-4,17,-3,17,-3,18,-2,19,-2,20,-2,21,-2,21,-1,21,0,21,0,21,0,21,0,22,0,21,0,22,0,22,-1,23,-1,23,-1,23,-1,22,-1,23,-1,24,-2,24,-1"
57.54825019836426,825,"CSI,2645,128,83,49,21,0,3,11,8,7,12,4,14,1,14,-3,17,-6,18,-9,18,-14,20,-14,23,-10,23,-7,22,-5,23,-5,20,-3,15,-1,11,-2,7,-2,6,0,4,-1,2,-5,2,-7,2,-7,0,-8,-2,-10,-4,-10,-2,-3,0,0,0,0,0,0,0,0,0,0,0,0,0,0,0,0,0,0,-2,2,-6,8,-7,7,-9,6,-9,6,-9,6,-10,5,-10,4,-7,4,-4,5,-4,6,-2,8,0,10,1,10,2,9,5,12,9,15,10,18,6,19,5,21,5,23,5,26,6,27,4,26,0,25,-1,22,0,19"
57.622167110443115,826,"CSI,1390,128,101,81,22,0,-14,19,-14,20,-14,19,-14,19,-13,20,-13,20,-11,20,-11,20,-11,20,-10,20,-10,20,-10,20,-10,20,-10,20,-11,19,-11,19,-10,19,-10,18,-9,17,-10,16,-10,16,-9,15,-10,14,-10,14,-9,13,-3,3,0,0,0,0,0,0,0,0,0,0,0,0,0,0,0,0,0,0,-3,3,-9,14,-10,14,-10,15,-11,15,-12,16,-12,17,-13,17,-13,17,-15,18,-16,18,-16,18,-16,18,-16,18,-16,18,-17,18,-17,17,-16,17,-16,18,-16,18,-16,18,-16,19,-15,19,-14,19,-15,19,-16,18,-16,18"
57.72912883758545,827,"CSI,1391,128,101,81,22,0,-15,10,-15,10,-15,10,-15,10,-15,10,-14,10,-14,10,-13,11,-13,11,-13,11,-13,11,-12,11,-12,11,-13,11,-13,11,-13,10,-12,10,-12,9,-12,8,-12,8,-12,7,-11,7,-11,7,-10,6,-10,5,-3,1,0,0,0,0,0,0,0,0,0,0,0,0,0,0,0,0,0,0,-3,2,-11,9,-11,9,-12,9,-13,10,-13,10,-13,10,-14,10,-15,10,-16,10,-17,10,-17,10,-17,9,-17,9,-17,9,-17,9,-17,9,-17,9,-17,9,-17,9,-17,10,-17,10,-16,10,-16,10,-16,10,-17,11,-17,11"
57.761062145233154,828,"CSI,2652,128,83,49,21,0,-10,3,-13,4,-14,6,-14,9,-14,11,-15,11,-15,13,-13,16,-14,13,-15,10,-16,8,-18,6,-16,5,-11,5,-6,7,-4,8,-1,7,1,5,2,5,3,7,3,8,5,8,7,8,6,7,6,5,1,1,0,0,0,0,0,0,0,0,0,0,0,0,0,0,0,0,0,0,1,-3,5,-9,5,-6,8,-4,10,-3,9,-4,7,-4,5,-3,4,-2,3,-3,1,-6,-1,-8,-4,-7,-8,-8,-10,-10,-12,-13,-14,-17,-12,-19,-10,-20,-8,-21,-6,-20,-6,-19,-6,-20,-5,-21,-5,-19,-7,-16,-8,-15"
57.83857822418213,829,"CSI,1392,128,101,81,22,0,18,13,19,13,19,12,19,12,19,11,19,11,19,11,19,11,19,10,19,11,19,10,18,10,18,10,18,9,18,9,17,10,16,10,16,10,15,10,14,9,13,9,13,8,12,8,11,8,10,9,2,2,0,0,0,0,0,0,0,0,0,0,0,0,0,0,0,0,0,0,3,1,15,6,16,7,16,8,16,9,17,9,18,10,18,11,18,12,19,12,19,13,18,14,18,15,18,15,18,15,18,15,19,15,19,15,19,15,19,14,19,13,19,13,19,14,19,14,20,14,20,13,21,13"
57.87039113044739,830,"CSI,2656,128,83,49,21,0,-5,9,-5,12,-4,14,-3,16,-3,19,-2,21,-5,19,-8,13,-6,13,-5,15,-6,13,-6,11,-2,9,1,6,2,4,3,0,5,-3,6,-2,6,-2,9,-1,10,-1,10,-3,10,-4,10,-3,11,-2,2,-1,0,0,0,0,0,0,0,0,0,0,0,0,0,0,0,0,0,0,1,-4,5,-15,5,-13,3,-11,0,-10,0,-8,0,-6,-2,-4,-4,-4,-7,-4,-10,-3,-13,-2,-17,-3,-20,-5,-20,-7,-23,-10,-26,-12,-25,-13,-22,-12,-18,-10,-17,-9,-19,-7,-18,-7,-14,-9,-14,-6,-12,-1,-10,0"
57.91281986236572,831,"CSI,3292,128,83,49,21,0,19,8,19,9,19,9,21,11,21,14,17,13,17,12,19,12,17,9,12,5,6,4,4,1,5,-4,5,-6,4,-7,5,-9,6,-11,6,-11,9,-9,11,-9,10,-9,7,-7,6,-5,4,-5,1,-6,-1,-2,0,0,0,0,0,0,0,0,0,0,0,0,0,0,0,0,0,0,-1,-2,-6,-7,-9,-6,-8,-6,-5,-8,-5,-7,-4,-5,-3,-4,-3,-3,-3,0,-4,3,-6,4,-6,6,-8,9,-9,11,-8,13,-9,14,-10,15,-9,15,-10,15,-9,14,-6,11,-3,9,-1,8,0,5,3,4,5,5"
57.95277214050293,832,"CSI,1393,128,101,81,22,0,-22,-1,-22,0,-22,0,-22,1,-22,1,-22,1,-21,1,-21,1,-21,2,-21,2,-21,2,-20,2,-20,2,-21,2,-21,2,-20,1,-19,1,-19,0,-18,-1,-18,0,-17,0,-17,-1,-16,-1,-15,-1,-15,-2,-4,-1,0,0,0,0,0,0,0,0,0,0,0,0,0,0,0,0,0,0,-5,0,-17,3,-17,2,-18,2,-19,2,-20,1,-20,1,-21,0,-21,0,-22,0,-23,-1,-23,-1,-22,-2,-23,-2,-23,-2,-23,-2,-23,-2,-23,-2,-23,-2,-23,-1,-23,-1,-23,-1,-23,-1,-23,-1,-23,-1,-24,0,-25,0"
58.01050400733948,833,"CSI,3296,128,83,49,21,0,9,21,10,21,12,22,11,22,9,20,7,18,3,18,1,20,3,18,5,12,5,6,4,1,5,-2,6,-3,6,-5,7,-8,9,-8,11,-5,12,-4,13,-5,12,-6,9,-6,7,-4,6,-2,4,1,0,0,0,0,0,0,0,0,0,0,0,0,0,0,0,0,0,0,0,0,-1,-2,-3,-8,-2,-8,-4,-6,-3,-5,0,-5,0,-5,-3,-4,-5,-3,-5,1,-6,4,-6,6,-6,7,-8,6,-10,6,-13,8,-16,9,-16,9,-15,7,-16,5,-16,6,-14,6,-12,5,-9,3,-5,4,0,7,4,9"
58.05559492111206,834,"CSI,2664,128,83,49,21,0,-12,-5,-14,-4,-13,-3,-13,-3,-16,-4,-17,-7,-13,-5,-7,-1,-8,-2,-9,-4,-8,-3,-7,-2,-5,0,-3,0,-3,-2,-5,-5,-1,-7,3,-9,4,-9,4,-9,3,-9,2,-9,3,-9,3,-7,3,-6,0,-2,0,0,0,0,0,0,0,0,0,0,0,0,0,0,0,0,0,0,3,1,10,4,6,3,4,3,3,3,0,3,-3,2,-7,0,-8,0,-8,3,-10,4,-13,3,-13,4,-13,7,-13,8,-13,7,-14,7,-13,9,-10,10,-7,10,-5,10,-8,8,-8,6,-6,5,-5,2,-5,-1,-3,-2"
58.08080506324768,835,"CSI,3247,128,-117,-78,40,0,11,6,11,6,11,6,11,5,11,5,11,5,11,5,11,5,11,4,11,5,11,5,11,4,11,4,11,4,11,4,10,4,10,5,10,5,9,5,9,4,8,4,8,4,8,4,7,4,7,4,1,1,0,0,0,0,0,0,0,0,0,0,0,0,0,0,0,0,0,0,2,0,8,3,9,4,9,4,9,4,9,5,10,5,10,6,10,6,10,6,10,7,10,7,10,8,10,8,10,8,10,8,10,8,11,8,11,7,11,7,11,6,11,6,11,7,11,7,11,6,11,6,11,6"
58.11780905723572,836,"CSI,1394,128,101,81,22,0,14,-22,13,-23,13,-23,13,-22,13,-22,13,-22,12,-23,11,-23,11,-23,11,-23,10,-23,11,-23,11,-23,11,-22,12,-22,12,-22,12,-21,12,-20,12,-19,12,-18,12,-17,11,-16,12,-15,11,-15,11,-14,2,-4,0,0,0,0,0,0,0,0,0,0,0,0,0,0,0,0,0,0,1,-5,7,-17,7,-18,8,-19,9,-19,10,-20,10,-20,11,-21,12,-21,13,-21,15,-21,15,-21,15,-21,15,-21,15,-21,15,-21,15,-21,15,-21,15,-21,15,-21,15,-22,15,-22,14,-22,13,-22,14,-22,15,-22,15,-23"
58.17619609832764,837,"CSI,1395,128,101,81,22,0,-19,4,-19,4,-19,5,-19,5,-19,6,-19,6,-18,6,-18,5,-18,5,-18,6,-17,6,-17,6,-17,6,-18,6,-18,5,-17,5,-17,4,-16,4,-16,3,-15,3,-15,3,-14,3,-14,2,-13,2,-13,1,-4,0,0,0,0,0,0,0,0,0,0,0,0,0,0,0,0,0,0,0,-4,1,-13,4,-13,4,-14,4,-14,4,-15,4,-16,4,-16,4,-17,4,-18,4,-18,4,-18,3,-18,3,-18,3,-18,3,-19,3,-19,3,-19,3,-19,3,-19,4,-19,4,-19,4,-19,4,-19,4,-19,4,-20,5,-21,5"
58.21712517738342,838,"CSI,3304,128,83,49,21,0,5,-12,8,-14,7,-14,7,-12,9,-12,10,-12,7,-7,2,-2,2,-2,3,-7,3,-8,3,-4,1,-1,-2,0,-6,-1,-9,-2,-10,-2,-10,-2,-9,-3,-8,-6,-7,-6,-6,-4,-5,-5,-6,-4,-6,-3,-2,-1,0,0,0,0,0,0,0,0,0,0,0,0,0,0,0,0,0,0,-2,0,-5,3,-3,4,-1,4,-3,4,-5,3,-3,3,-2,1,-2,0,-1,-1,1,0,0,1,1,2,5,5,8,4,6,3,6,4,9,6,9,6,7,7,6,6,6,6,6,5,5,2,3,0,2,-1,2,-5"
58.25538897514343,839,"CSI,2672,128,83,49,21,0,13,-8,11,-9,9,-6,9,-2,11,0,11,-1,9,-1,8,4,12,7,14,5,12,4,11,5,11,5,9,3,6,4,4,5,4,6,6,6,4,6,3,4,4,2,4,1,3,4,4,8,3,7,0,1,0,0,0,0,0,0,0,0,0,0,0,0,0,0,0,0,0,0,0,-2,0,-5,2,-5,3,-5,3,-5,4,-2,7,0,7,0,6,1,7,2,9,0,10,-3,9,-3,7,-1,8,-1,8,0,8,-3,10,-6,12,-5,11,-3,12,-4,11,-4,9,-4,10,-4,13,-5,15,-5,16,-4"
58.29229402542114,840,"CSI,1396,128,101,81,22,0,-11,18,-10,18,-10,18,-10,19,-10,19,-10,19,-9,19,-8,19,-9,19,-8,20,-8,20,-8,20,-8,19,-8,19,-9,19,-9,19,-9,18,-9,18,-9,17,-9,16,-9,15,-9,14,-9,14,-9,13,-9,12,-3,3,0,0,0,0,0,0,0,0,0,0,0,0,0,0,0,0,0,0,-2,2,-5,10,-5,11,-6,11,-7,12,-7,12,-7,13,-8,14,-8,14,-9,14,-10,14,-10,15,-10,15,-10,15,-10,15,-11,15,-11,15,-11,15,-11,16,-11,16,-11,16,-11,17,-10,17,-10,17,-10,18,-11,18,-11,19"
58.3593430519104,841,"CSI,2676,128,83,49,21,0,10,9,7,7,5,8,2,8,-1,9,-4,10,-5,14,-6,18,-7,16,-8,11,-9,11,-9,9,-10,7,-10,7,-6,7,-5,5,-7,2,-7,0,-5,-1,-2,-2,-2,-3,-5,-4,-7,-4,-4,-4,-3,-5,-1,-2,0,0,0,0,0,0,0,0,0,0,0,0,0,0,0,0,0,0,0,-2,2,-7,0,-7,-1,-7,2,-5,3,-3,3,-2,4,-1,5,0,5,-1,4,-3,4,-3,3,0,4,3,5,3,5,4,7,7,10,9,9,9,10,9,10,11,10,12,11,12,13,10,15,11,18,11,20,9"
58.398988008499146,842,"CSI,1397,128,101,81,22,0,20,0,19,0,20,0,20,-1,20,-2,20,-2,19,-2,19,-2,19,-2,19,-2,18,-2,18,-2,18,-2,19,-2,19,-2,18,-2,18,-1,17,-1,16,-1,16,-1,15,-1,15,0,14,0,14,0,13,1,3,0,0,0,0,0,0,0,0,0,0,0,0,0,0,0,0,0,0,0,2,-1,11,-3,12,-3,12,-2,13,-2,14,-2,14,-2,15,-1,16,-1,17,-1,17,-1,18,0,18,1,18,1,18,1,18,1,19,1,19,1,19,1,19,0,19,0,20,0,20,0,19,1,20,0,21,0,21,0"
58.46149492263794,843,"CSI,2680,128,83,49,21,0,7,2,5,4,4,4,1,5,-2,8,-4,10,-3,9,-2,8,-4,10,-6,14,-7,14,-9,13,-10,14,-8,13,-6,9,-4,8,-5,8,-6,5,-6,2,-5,-2,-5,-3,-6,-2,-7,-2,-7,-4,-8,-3,-2,-1,0,0,0,0,0,0,0,0,0,0,0,0,0,0,0,0,0,0,1,-3,3,-11,1,-9,0,-7,1,-5,2,-5,2,-6,3,-3,3,-1,4,-1,7,-1,8,0,6,0,6,1,7,2,7,5,11,5,13,6,14,8,14,8,14,8,15,9,17,8,17,6,17,5,19,7,17,5"
58.52279496192932,844,"CSI,1398,128,101,81,22,0,-22,-16,-22,-16,-22,-16,-22,-15,-22,-15,-22,-14,-22,-14,-22,-14,-22,-14,-22,-14,-22,-14,-22,-13,-22,-13,-22,-13,-21,-13,-20,-13,-20,-14,-19,-14,-18,-13,-17,-13,-17,-12,-16,-12,-15,-12,-15,-12,-14,-12,-4,-3,0,0,0,0,0,0,0,0,0,0,0,0,0,0,0,0,0,0,-4,-2,-14,-8,-14,-8,-15,-9,-15,-10,-16,-10,-17,-11,-17,-13,-18,-13,-18,-13,-18,-14,-18,-15,-18,-16,-19,-17,-19,-17,-19,-17,-19,-17,-19,-17,-19,-17,-20,-16,-20,-16,-21,-16,-21,-16,-21,-17,-21,-16,-21,-17,-22,-18"
58.565046072006226,845,"CSI,2684,128,83,49,21,0,7,7,3,5,-2,4,-6,2,-9,2,-11,3,-11,-1,-11,-6,-15,-5,-18,-1,-18,2,-17,3,-13,4,-10,4,-9,4,-7,3,-5,1,-5,-1,-3,-2,-1,-3,0,-4,1,-5,0,-6,-2,-6,-3,-5,-1,-2,0,0,0,0,0,0,0,0,0,0,0,0,0,0,0,0,0,0,1,-3,3,-10,2,-11,3,-12,4,-10,4,-8,3,-6,4,-5,5,-3,5,0,7,1,8,1,8,3,7,7,5,9,5,9,7,12,6,13,6,14,7,17,7,17,10,16,12,17,11,18,12,16,13,16,12,17"
58.632023096084595,846,"CSI,1399,128,101,81,22,0,-22,9,-21,9,-21,9,-21,9,-21,10,-20,10,-19,9,-19,9,-19,9,-18,9,-18,9,-18,9,-18,9,-18,9,-18,8,-17,8,-16,7,-15,6,-15,6,-15,5,-14,5,-14,4,-13,4,-13,3,-12,3,-3,0,0,0,0,0,0,0,0,0,0,0,0,0,0,0,0,0,0,0,-5,2,-17,10,-17,10,-18,10,-19,10,-20,10,-20,10,-21,10,-22,10,-23,10,-24,10,-24,9,-24,8,-24,8,-25,8,-25,8,-25,8,-24,8,-24,8,-24,9,-24,9,-24,9,-23,9,-23,9,-23,9,-24,9,-25,10"
58.6671040058136,847,"CSI,2688,128,83,49,21,0,8,2,2,2,-3,1,-5,1,-9,3,-11,1,-13,-3,-19,-3,-20,0,-15,3,-11,5,-11,5,-13,5,-12,7,-9,6,-6,4,-2,2,0,0,0,-1,0,-1,0,-2,1,-6,1,-8,-1,-7,-3,-6,-1,-2,0,0,0,0,0,0,0,0,0,0,0,0,0,0,0,0,0,0,-2,-2,-7,-7,-3,-9,0,-10,1,-10,0,-10,0,-9,0,-9,1,-6,1,-4,5,-4,9,-2,9,0,9,1,10,3,11,5,11,8,12,10,13,11,11,10,11,9,13,11,15,13,14,12,12,9,13,7,13,7"
58.747289180755615,848,"CSI,1400,128,101,81,22,0,-8,-18,-8,-18,-9,-18,-9,-18,-9,-17,-9,-17,-9,-17,-10,-17,-10,-17,-10,-17,-10,-17,-10,-17,-10,-17,-10,-16,-9,-16,-9,-16,-8,-16,-8,-16,-7,-16,-7,-15,-6,-14,-6,-14,-6,-13,-5,-13,-5,-13,-1,-4,0,0,0,0,0,0,0,0,0,0,0,0,0,0,0,0,0,0,-3,-3,-9,-12,-9,-13,-8,-14,-8,-14,-9,-15,-9,-16,-9,-17,-9,-17,-9,-17,-8,-18,-8,-19,-8,-19,-8,-20,-8,-20,-8,-19,-8,-19,-8,-19,-8,-19,-8,-19,-8,-18,-8,-18,-8,-18,-9,-19,-9,-19,-9,-19,-10,-19"
58.849446058273315,849,"CSI,1401,128,101,81,22,0,24,3,24,2,24,2,24,1,24,1,24,0,23,0,23,0,23,-1,22,-1,22,-1,22,-1,22,-1,22,-1,22,-1,22,-1,21,0,20,1,19,1,18,1,18,0,17,0,16,0,16,1,15,2,3,0,0,0,0,0,0,0,0,0,0,0,0,0,0,0,0,0,0,0,4,-1,18,-1,19,0,20,0,20,0,21,1,22,2,23,3,23,3,24,3,25,3,25,4,24,5,24,5,24,5,25,5,25,5,24,5,24,5,25,4,25,3,25,3,25,3,24,4,25,3,26,3,27,2"
58.880088090896606,850,"CSI,2696,128,83,49,21,0,-6,-4,-6,-6,-5,-7,-7,-8,-9,-10,-9,-13,-8,-17,-7,-20,-9,-18,-11,-14,-12,-13,-12,-11,-10,-10,-8,-7,-6,-6,-6,-8,-5,-8,-2,-8,2,-5,3,-2,3,-3,3,-6,3,-8,3,-8,4,-8,1,-2,0,0,0,0,0,0,0,0,0,0,0,0,0,0,0,0,0,0,1,1,6,7,6,8,4,8,1,6,-2,5,-4,6,-4,4,-5,1,-6,0,-7,1,-12,0,-16,1,-17,2,-18,1,-19,0,-22,1,-24,3,-22,5,-21,5,-21,2,-20,2,-16,4,-10,7,-9,9,-10,8,-8,4"
58.975356101989746,851,"CSI,2700,128,83,49,21,0,1,6,5,3,8,-1,10,-5,14,-6,17,-6,16,-5,12,-2,13,-1,18,-3,21,-5,20,-5,17,-6,13,-5,11,-2,9,-1,5,-2,2,-3,0,-4,-2,-5,-4,-4,-7,-5,-9,-6,-8,-7,-5,-5,-1,-2,0,0,0,0,0,0,0,0,0,0,0,0,0,0,0,0,0,0,-3,-2,-11,-6,-10,-6,-11,-6,-9,-7,-7,-6,-7,-4,-5,-2,-3,-2,-2,0,0,2,2,3,2,5,1,9,1,13,0,16,0,19,-1,22,-3,24,-6,25,-8,25,-5,24,-4,22,-5,19,-2,17,0,19,0,23"
59.037951946258545,852,"CSI,3336,128,83,49,21,0,18,9,19,9,16,8,15,8,14,8,12,6,9,4,6,6,8,6,9,4,6,2,2,-1,-1,-3,-3,-3,-4,-3,-6,-4,-8,-5,-9,-6,-11,-8,-9,-10,-8,-10,-8,-8,-7,-7,-6,-6,-8,-5,-2,-2,0,0,0,0,0,0,0,0,0,0,0,0,0,0,0,0,0,0,0,-1,4,-4,6,-2,7,-1,5,-1,5,-2,4,-4,2,-4,-1,-1,-3,1,-5,1,-7,-1,-10,0,-9,-1,-9,-3,-11,-4,-13,-1,-14,2,-13,3,-11,2,-10,2,-10,2,-9,1,-4,0,2,2,5,3,5,4"
59.07802104949951,853,"CSI,2704,128,83,49,21,0,4,-6,-1,-3,-7,-4,-12,-5,-15,-4,-16,-2,-19,-4,-24,-7,-23,-6,-17,-4,-17,-2,-17,-3,-16,-6,-15,-6,-13,-3,-10,-3,-7,-3,-4,-2,1,-2,3,2,3,4,3,2,4,2,4,4,5,6,1,1,0,0,0,0,0,0,0,0,0,0,0,0,0,0,0,0,0,0,0,2,-3,8,-6,8,-9,9,-11,8,-9,7,-7,5,-7,3,-4,1,-1,-1,0,0,3,-2,7,-5,9,-4,11,-3,14,-5,17,-6,20,-8,21,-9,23,-10,24,-9,24,-6,24,-5,24,-7,22,-8,20,-8,19,-8"
59.179007053375244,854,"CSI,2708,128,83,49,21,0,-5,-5,-2,-1,2,6,5,9,5,11,5,14,6,20,6,23,6,20,8,17,8,15,7,14,4,12,2,8,2,4,1,3,1,3,2,1,1,-2,-1,-3,-2,-4,-3,-6,-4,-8,-3,-9,-3,-9,-1,-3,0,0,0,0,0,0,0,0,0,0,0,0,0,0,0,0,0,0,1,2,5,8,6,6,7,7,6,8,5,8,3,8,1,8,0,7,0,7,1,6,1,1,-2,-3,-4,-6,-4,-9,-5,-13,-6,-17,-5,-19,-4,-19,-5,-21,-6,-22,-6,-22,-5,-22,-5,-23,-6,-23,-8,-23,-8,-23"
59.2841420173645,855,"CSI,2712,128,83,49,21,0,-6,8,-3,6,1,4,6,0,11,-2,15,-2,20,-1,23,-1,22,-2,20,-1,18,-1,15,-2,14,-2,14,-1,11,1,6,2,4,1,2,-1,-1,-2,-3,-2,-4,-2,-5,-3,-5,-4,-7,-6,-7,-7,-2,-2,0,0,0,0,0,0,0,0,0,0,0,0,0,0,0,0,0,0,-3,-2,-9,-5,-10,-7,-8,-9,-7,-10,-6,-11,-6,-11,-6,-7,-6,-6,-3,-7,-1,-5,-2,0,-3,4,-4,6,-3,8,-4,10,-5,12,-6,15,-8,17,-11,18,-14,19,-15,20,-12,21,-11,20,-14,18,-15,19,-11,21"
59.38444495201111,856,"CSI,2716,128,83,49,21,0,-13,4,-5,2,-2,1,2,3,8,3,13,0,13,-2,11,-4,13,-4,18,-1,19,2,18,4,17,3,15,2,11,3,9,3,7,2,4,1,3,1,1,0,-1,-1,-3,-3,-7,-4,-9,-2,-8,-2,-2,-1,0,0,0,0,0,0,0,0,0,0,0,0,0,0,0,0,0,0,1,-3,4,-9,3,-10,2,-11,3,-10,4,-10,4,-10,5,-8,6,-6,4,-6,2,-8,1,-7,-2,-3,-4,1,-4,3,-7,7,-12,7,-15,8,-17,9,-19,8,-20,9,-22,11,-24,11,-25,10,-27,11,-29,13,-30,13"
59.487613916397095,857,"CSI,2720,128,83,49,21,0,-1,-5,-5,-1,-5,3,-7,3,-10,3,-14,3,-18,6,-21,12,-18,14,-16,11,-18,7,-18,5,-16,5,-12,4,-8,2,-6,1,-4,0,-1,-1,2,-2,2,-2,2,-1,2,0,3,-3,4,-5,5,-4,1,-1,0,0,0,0,0,0,0,0,0,0,0,0,0,0,0,0,0,0,0,1,0,6,-5,8,-8,10,-9,10,-10,8,-9,6,-7,3,-3,0,0,0,1,1,1,-3,4,-7,8,-9,12,-10,16,-12,20,-15,21,-16,20,-12,19,-9,19,-8,18,-10,17,-14,14,-11,12,-9,11,-10,11,-9"
59.58938217163086,858,"CSI,2724,128,83,49,21,0,0,8,3,5,8,3,11,0,10,-1,10,0,16,-1,22,-1,19,-4,16,-8,17,-6,16,0,13,2,11,1,10,1,9,2,6,2,4,1,2,-1,-1,-2,-3,-2,-3,-2,-5,-3,-8,-5,-8,-5,-2,-2,0,0,0,0,0,0,0,0,0,0,0,0,0,0,0,0,0,0,-3,-2,-9,-5,-8,-5,-7,-5,-8,-6,-8,-7,-5,-6,-2,-5,0,-4,0,-4,0,-2,0,1,-2,5,-2,7,1,10,-1,15,-6,19,-7,20,-8,18,-10,19,-10,21,-8,21,-8,20,-9,19,-8,17,-8,19,-8,22"
59.69139099121094,859,"CSI,2728,128,83,49,21,0,10,-4,8,-7,5,-10,1,-12,-1,-14,-3,-16,-4,-18,-2,-17,-2,-18,-5,-21,-6,-23,-6,-22,-4,-19,-1,-15,1,-12,0,-9,0,-7,0,-5,0,-2,-2,-1,-2,0,-4,4,-7,9,-7,9,-5,7,-2,1,0,0,0,0,0,0,0,0,0,0,0,0,0,0,0,0,0,0,-2,2,-6,8,-8,9,-8,9,-8,10,-9,9,-8,5,-8,3,-7,2,-7,3,-5,3,0,0,5,0,9,-1,12,-3,15,-1,16,2,16,2,17,3,17,6,19,9,22,9,22,7,22,6,23,6,22,5,18,5"
59.79118299484253,860,"CSI,2075,128,75,-79,20,0,8,0,5,2,-1,0,-7,-3,-13,-4,-15,-2,-18,-4,-23,-7,-22,-5,-17,-3,-17,-3,-17,-3,-14,-3,-12,-3,-10,-2,-6,-3,-4,-3,-1,-1,1,-2,2,-3,4,-5,6,-4,8,-1,7,-1,5,-4,1,-2,0,0,0,0,0,0,0,0,0,0,0,0,0,0,0,0,0,0,-4,0,-13,0,-12,-2,-12,-3,-13,-3,-11,-2,-6,-1,-6,-1,-7,-1,-5,0,-2,0,1,1,5,2,8,2,10,1,13,2,16,2,16,1,17,1,22,3,24,6,23,6,23,5,23,5,23,3,22,1,19,3"
59.81980490684509,861,"CSI,2732,128,83,49,21,0,-5,0,-3,2,1,3,5,2,10,1,13,1,14,4,15,6,19,3,21,-2,20,-4,19,-5,16,-4,12,0,8,2,4,2,4,3,3,4,1,2,0,2,-1,4,-6,5,-11,5,-10,4,-8,3,-2,0,0,0,0,0,0,0,0,0,0,0,0,0,0,0,0,0,0,0,1,1,7,6,8,7,8,8,6,9,5,8,5,6,2,6,0,4,1,1,0,0,-3,-1,-5,-2,-5,-4,-6,-5,-9,-8,-14,-10,-17,-12,-17,-15,-19,-14,-23,-12,-23,-12,-19,-12,-17,-11,-18,-12,-17,-14,-15,-12"
59.99908208847046,862,"CSI,2740,128,83,49,21,0,8,-5,3,-2,-4,0,-10,4,-10,5,-10,6,-13,5,-11,3,-10,3,-14,4,-17,4,-16,4,-14,4,-12,2,-10,0,-9,1,-4,1,0,-1,2,-1,5,-1,6,-3,5,-4,6,-5,7,-6,4,-5,0,-1,0,0,0,0,0,0,0,0,0,0,0,0,0,0,0,0,0,0,-3,1,-10,5,-11,4,-11,4,-10,2,-9,2,-8,2,-7,1,-5,-2,-1,-4,1,-5,1,-4,3,-2,8,0,12,-2,15,-5,17,-6,18,-6,19,-6,20,-7,18,-7,17,-6,18,-3,18,-2,18,-6,16,-7,14,-5"
60.10124588012695,863,"CSI,2744,128,83,49,21,0,2,-9,0,-6,-3,-5,-8,-4,-14,-3,-15,-3,-14,1,-16,5,-14,3,-10,2,-9,1,-10,-1,-11,-2,-8,-1,-5,-1,-7,0,-5,3,-1,5,0,4,1,4,4,4,5,4,4,3,4,3,4,4,1,1,0,0,0,0,0,0,0,0,0,0,0,0,0,0,0,0,0,0,2,1,7,7,6,8,5,9,6,8,5,5,2,3,0,2,0,0,0,-2,1,-4,4,-6,7,-8,10,-12,10,-14,9,-12,10,-13,11,-16,13,-16,15,-15,15,-17,14,-20,16,-19,14,-14,9,-11,10,-10,12,-9"
60.203195095062256,864,"CSI,2748,128,83,49,21,0,2,-6,-2,-4,-4,-2,-5,2,-8,4,-11,4,-16,4,-22,4,-19,5,-17,5,-16,4,-16,5,-17,5,-16,3,-13,0,-9,0,-5,1,-2,2,-1,2,-1,-1,1,0,4,1,7,1,8,2,7,2,1,0,0,0,0,0,0,0,0,0,0,0,0,0,0,0,0,0,0,0,2,2,7,8,4,9,2,10,2,10,1,7,-1,5,0,6,0,6,1,4,3,1,4,-2,5,-5,8,-8,8,-12,9,-15,10,-16,9,-18,7,-19,9,-20,11,-21,12,-20,14,-20,13,-23,13,-24,14,-21,11,-17"
60.30611991882324,865,"CSI,2752,128,83,49,21,0,0,7,3,3,7,2,10,2,9,2,10,0,9,-1,7,-2,9,0,14,2,16,0,15,-1,12,-2,9,-3,8,-2,6,-2,3,-2,2,-3,2,-5,1,-7,0,-8,-2,-6,-3,-5,-4,-5,-4,-5,-1,-2,0,0,0,0,0,0,0,0,0,0,0,0,0,0,0,0,0,0,-2,-1,-7,-4,-8,-6,-7,-6,-8,-4,-9,-3,-7,-5,-4,-5,0,-1,-1,2,-3,4,-2,7,-1,7,-1,8,-3,11,-4,15,-5,19,-8,21,-10,21,-12,20,-12,21,-10,21,-8,18,-9,16,-10,14,-8,13,-8,14"
60.367093086242676,866,"CSI,3386,128,83,49,21,0,-10,9,-8,7,-6,8,-2,7,3,4,6,5,8,5,8,0,7,-1,6,3,5,7,5,9,6,9,6,10,5,9,3,9,3,8,3,7,2,4,1,2,1,0,2,0,2,-1,4,-3,6,-4,1,-2,0,0,0,0,0,0,0,0,0,0,0,0,0,0,0,0,0,0,-1,-1,-3,-3,-1,-3,-3,-2,-5,-1,-5,0,-6,0,-7,-2,-8,-4,-10,-4,-10,-3,-9,-2,-7,-4,-5,-5,-5,-2,-5,-1,-3,-1,-2,2,-1,2,-2,4,-3,8,-3,11,-4,12,-6,14,-8,16,-10,17,-11,16"
60.40791201591492,867,"CSI,2756,128,83,49,21,0,0,-10,4,-6,7,-3,9,0,13,3,17,3,21,1,25,0,25,-2,22,-3,18,-4,16,-6,15,-7,13,-5,12,-3,9,-2,5,0,4,2,2,4,0,4,-1,6,-2,8,-2,9,-2,8,0,6,0,1,0,0,0,0,0,0,0,0,0,0,0,0,0,0,0,0,0,0,-3,1,-12,6,-11,4,-11,1,-11,1,-11,0,-11,-3,-10,-4,-8,-4,-7,-4,-6,-6,-4,-10,-2,-12,-1,-14,0,-15,1,-15,1,-19,1,-25,0,-27,1,-26,1,-27,-2,-28,-4,-26,-5,-21,-7,-22,-8,-24,-5,-22"
60.46919798851013,868,"CSI,3390,128,83,49,21,0,-13,-9,-9,-6,-7,-5,-7,-4,-7,-1,-6,3,-7,3,-12,0,-12,5,-10,11,-10,13,-10,12,-9,9,-9,7,-9,7,-8,4,-7,2,-4,2,-2,1,-1,0,1,1,5,3,6,4,6,4,5,6,1,1,0,0,0,0,0,0,0,0,0,0,0,0,0,0,0,0,0,0,0,-1,0,-4,0,-4,1,-3,2,-3,1,-6,3,-6,4,-6,4,-6,3,-5,2,-7,3,-9,5,-8,3,-7,2,-9,1,-8,-1,-6,-3,-3,-4,-1,-8,-2,-11,-2,-11,-2,-11,-6,-14,-7,-19,-5,-21,-7,-21,-10"
60.51044511795044,869,"CSI,2760,128,83,49,21,0,6,1,4,-2,-2,-3,-8,-3,-10,-5,-13,-8,-15,-11,-12,-14,-13,-14,-18,-12,-19,-10,-17,-8,-15,-6,-15,-6,-14,-5,-11,-5,-6,-3,-3,-2,0,-2,1,-1,2,0,3,2,4,2,5,3,8,5,2,1,0,0,0,0,0,0,0,0,0,0,0,0,0,0,0,0,0,0,-2,-2,-7,-5,-6,-5,-8,-7,-10,-6,-9,-5,-7,-6,-7,-7,-5,-7,-1,-5,2,-3,4,0,6,2,8,4,9,6,8,9,7,11,9,12,13,11,17,12,17,13,16,12,16,11,16,12,16,13,13,13,11,12"
60.56952214241028,870,"CSI,3393,128,83,49,21,0,-14,-8,-11,-7,-7,-3,-6,1,-5,4,-4,7,1,5,7,3,6,5,3,8,4,11,4,13,5,10,6,6,5,6,4,7,2,7,2,5,3,2,3,0,1,0,0,-2,0,-4,2,-6,3,-7,0,-2,0,0,0,0,0,0,0,0,0,0,0,0,0,0,0,0,0,0,0,0,2,1,2,-2,3,-4,4,-5,4,-4,4,-4,4,-4,3,-4,4,-6,6,-6,7,-6,7,-6,6,-5,5,-3,4,-3,-1,-4,-6,-3,-8,-2,-9,-1,-10,-1,-12,0,-15,-2,-17,-7,-18,-7,-20,-7,-21,-9"
60.61154294013977,871,"CSI,2764,128,83,49,21,0,0,2,-4,4,-7,3,-11,0,-12,-2,-13,-1,-15,-3,-16,-7,-14,-5,-15,0,-13,1,-11,2,-11,3,-8,2,-6,1,-5,2,-4,2,-3,1,1,1,5,2,6,1,6,1,6,1,4,0,4,-1,1,-1,0,0,0,0,0,0,0,0,0,0,0,0,0,0,0,0,0,0,-2,0,-6,1,-9,0,-10,-1,-9,1,-9,1,-9,2,-7,2,-6,-1,-4,-1,-1,0,2,-1,3,-1,6,-2,10,-2,14,-1,16,-1,18,-2,20,-3,21,-5,20,-3,18,0,18,0,19,-2,19,-2,19,-3,17,-6"
60.715831995010376,872,"CSI,2768,128,83,49,21,0,-6,-7,-2,-6,4,-5,7,-4,11,-3,14,-3,16,-1,16,3,15,1,14,-2,14,-3,13,-3,11,-2,9,-2,9,-5,8,-8,4,-5,1,1,0,3,-1,4,-2,5,-2,7,-2,8,-3,8,-3,9,-1,2,0,0,0,0,0,0,0,0,0,0,0,0,0,0,0,0,0,0,-1,2,-3,9,-2,10,0,10,0,9,0,9,-2,7,-2,4,-3,1,-3,0,-3,0,-3,-1,-6,-4,-9,-5,-10,-8,-10,-12,-10,-14,-9,-13,-10,-13,-12,-15,-14,-17,-18,-18,-18,-18,-15,-15,-15,-13,-18,-12,-19,-11"
60.81591796875,873,"CSI,2772,128,83,49,21,0,-1,4,0,-2,0,-6,-1,-10,-3,-13,-2,-14,1,-14,4,-16,3,-19,-1,-18,-2,-14,-3,-13,-4,-12,-2,-11,0,-9,0,-7,0,-4,0,0,1,2,2,2,2,2,2,4,2,5,2,5,3,6,0,1,0,0,0,0,0,0,0,0,0,0,0,0,0,0,0,0,0,0,-2,-1,-7,-4,-8,-6,-7,-8,-7,-9,-7,-9,-4,-7,-2,-7,-1,-5,1,-2,3,-1,4,2,4,4,3,4,5,5,8,8,10,11,8,12,7,15,6,17,6,19,8,20,11,18,12,17,10,16,9,15,7,13"
60.88268303871155,874,"CSI,3406,128,83,49,21,0,-8,14,-4,13,-1,11,1,8,6,6,11,4,11,1,10,-6,11,-8,15,-6,17,-3,16,0,16,3,14,2,13,-1,12,-2,9,-2,7,-2,6,-2,3,-2,0,-1,-1,-3,-3,-4,-4,-5,-4,-7,-1,-3,0,0,0,0,0,0,0,0,0,0,0,0,0,0,0,0,0,0,0,-1,0,-5,-1,-6,-1,-7,-1,-6,-1,-7,-2,-7,-4,-7,-4,-8,-4,-11,-6,-11,-6,-10,-4,-9,-3,-8,-4,-9,-3,-8,-3,-3,-3,2,-3,4,-2,7,-1,10,-4,12,-4,14,-2,15,-2,19,-5,21,-10,20"
60.920650005340576,875,"CSI,2776,128,83,49,21,0,-5,-11,1,-9,6,-6,9,-4,13,-1,18,0,19,-3,16,-7,14,-7,15,-7,13,-7,10,-7,11,-8,13,-8,11,-7,8,-4,4,-2,2,1,1,4,0,7,0,7,0,6,0,7,0,8,-1,7,-1,1,0,0,0,0,0,0,0,0,0,0,0,0,0,0,0,0,0,0,0,3,-1,11,-2,10,-2,10,-2,10,-3,10,-3,10,-1,7,0,4,-2,1,-3,0,-3,1,-4,-1,-5,-4,-8,-9,-9,-11,-10,-10,-10,-10,-10,-13,-11,-14,-15,-16,-19,-16,-20,-14,-16,-12,-15,-11,-16,-10,-16,-11"
60.980886936187744,876,"CSI,3410,128,83,49,21,0,-1,18,1,11,4,10,6,9,7,5,13,2,14,1,10,0,10,1,14,2,18,2,19,4,17,4,16,2,15,3,10,4,7,3,5,0,5,-1,5,-2,5,-3,3,-4,2,-4,0,-6,0,-8,0,-3,0,0,0,0,0,0,0,0,0,0,0,0,0,0,0,0,0,0,0,-2,-1,-5,-3,-2,-4,-1,-6,-2,-8,-4,-10,-3,-12,-1,-11,1,-11,0,-11,-2,-11,-3,-12,-1,-11,0,-9,-2,-7,-3,-5,1,-4,5,-1,8,3,11,5,12,6,13,7,18,5,24,1,27,-1,25,0,19"
61.06989407539368,877,"CSI,2076,128,75,-79,20,0,-5,2,-2,3,2,4,6,6,10,9,11,10,11,8,16,7,15,9,8,13,6,13,5,11,5,8,5,7,5,5,4,3,1,1,-1,-1,0,-2,2,-5,1,-7,-1,-7,1,-8,2,-11,1,-11,0,-3,0,0,0,0,0,0,0,0,0,0,0,0,0,0,0,0,0,0,-1,-2,-2,-7,-1,-8,-2,-9,0,-10,3,-10,2,-7,-1,-4,-2,-3,-2,-3,-3,-1,-3,0,-6,-1,-11,0,-10,1,-9,2,-12,3,-14,2,-14,3,-15,5,-17,6,-20,6,-19,5,-17,3,-16,2,-17,2,-17,4"
61.1239869594574,878,"CSI,2784,128,83,49,21,0,0,0,-1,-3,-2,-8,-5,-12,-7,-15,-7,-18,-5,-17,-3,-14,-2,-13,0,-14,0,-15,-2,-16,-2,-15,-2,-13,-2,-7,-1,-2,-1,0,-2,1,-3,1,-4,1,-4,2,-3,4,-4,6,-5,8,-6,7,-2,1,0,0,0,0,0,0,0,0,0,0,0,0,0,0,0,0,0,0,-2,0,-8,0,-10,1,-11,2,-11,2,-8,1,-5,0,-4,0,-5,-1,-2,0,0,1,2,3,5,5,6,7,6,7,10,6,13,7,13,8,11,10,11,10,13,12,17,13,20,11,19,10,16,11,14,11,13,11"
61.228492975234985,879,"CSI,2788,128,83,49,21,0,-5,1,2,1,6,1,8,-1,11,-2,16,-1,16,-1,13,-2,14,-1,16,0,16,2,16,3,15,0,13,-1,11,-2,7,-2,3,-1,0,-3,-2,-3,-2,-1,-2,-2,-3,-3,-4,-3,-5,-3,-4,-4,-1,-1,0,0,0,0,0,0,0,0,0,0,0,0,0,0,0,0,0,0,0,-3,0,-9,1,-9,1,-9,1,-8,1,-7,2,-7,3,-5,3,-1,1,-1,0,0,-1,2,-3,5,-6,7,-7,8,-10,10,-13,13,-15,13,-17,13,-17,12,-15,10,-14,10,-13,11,-14,12,-16,12,-15,11,-12,11"
61.331517934799194,880,"CSI,2792,128,83,49,21,0,-7,0,-6,6,-4,10,-1,12,3,16,4,17,1,19,-1,24,0,24,1,20,0,18,-1,17,-1,17,0,15,1,11,2,9,3,7,3,3,1,-1,1,-4,3,-4,4,-6,3,-8,3,-9,4,-9,1,-3,0,0,0,0,0,0,0,0,0,0,0,0,0,0,0,0,0,0,2,-2,8,-5,9,-4,10,-2,11,0,10,2,8,3,6,1,4,-1,2,-2,-1,-2,-5,-4,-9,-5,-12,-6,-14,-8,-16,-9,-16,-10,-14,-13,-15,-16,-19,-17,-18,-18,-16,-19,-15,-18,-14,-16,-13,-13,-12,-13,-9,-13"
61.43069911003113,881,"CSI,2796,128,83,49,21,0,3,4,4,-4,1,-9,2,-10,4,-12,4,-14,3,-15,2,-17,5,-15,7,-13,8,-13,8,-14,5,-13,3,-10,4,-8,0,-6,-3,-4,-4,-2,-3,-3,-4,-3,-5,0,-6,2,-7,3,-7,4,-9,3,-3,0,0,0,0,0,0,0,0,0,0,0,0,0,0,0,0,0,0,0,-3,0,-10,1,-10,-3,-8,-5,-7,-4,-7,-2,-4,-2,-2,-3,-1,-2,-2,-1,1,0,3,3,2,4,3,6,7,11,8,14,7,16,8,18,10,18,9,17,8,16,8,17,6,20,6,19,8,15,8,14,5,13"
61.53441309928894,882,"CSI,2799,128,83,49,21,0,-2,-5,-1,-4,0,1,2,8,4,12,4,14,6,15,11,18,12,19,11,18,9,14,8,10,8,9,6,10,4,10,0,6,-1,1,0,-1,-1,0,-3,-1,-3,-3,-4,-3,-6,-3,-7,-3,-9,-3,-3,-1,0,0,0,0,0,0,0,0,0,0,0,0,0,0,0,0,0,0,0,2,1,11,0,12,-2,13,-3,10,-3,7,-3,5,-5,7,-5,6,-2,-1,0,-4,-3,-5,-3,-8,-1,-10,-1,-11,-3,-12,-3,-14,0,-16,-1,-19,-3,-22,-5,-22,-7,-20,-7,-19,-7,-22,-9,-26,-9,-24,-8,-19"
61.63867211341858,883,"CSI,2804,128,83,49,21,0,-3,-8,2,-4,5,-2,9,-2,13,-2,16,-2,15,0,11,2,12,3,14,3,14,0,12,-1,11,0,9,-2,7,-2,6,0,5,0,3,-1,1,0,0,1,-3,1,-5,3,-5,4,-4,4,-4,5,-1,1,0,0,0,0,0,0,0,0,0,0,0,0,0,0,0,0,0,0,-1,2,-2,11,-2,11,-3,10,-4,10,-7,8,-8,5,-7,2,-6,0,-5,-3,-4,-5,-4,-6,-4,-9,-4,-14,-6,-17,-7,-18,-5,-19,-2,-21,-3,-23,-6,-22,-9,-19,-10,-19,-10,-18,-10,-19,-12,-18,-13,-13,-12,-11"
61.74005198478699,884,"CSI,2808,128,83,49,21,0,-9,1,-2,2,4,0,10,-1,14,1,13,2,14,3,19,5,21,2,18,-2,15,0,12,2,12,2,12,0,8,-2,3,-2,2,-1,2,0,0,-1,-2,-3,-5,-5,-7,-5,-7,-3,-7,-2,-8,-1,-2,0,0,0,0,0,0,0,0,0,0,0,0,0,0,0,0,0,0,0,0,-3,0,-12,1,-12,4,-11,6,-12,6,-10,5,-7,5,-5,4,-4,1,-2,-1,1,-4,3,-6,4,-6,6,-9,8,-13,9,-15,12,-17,14,-18,12,-21,12,-22,11,-21,10,-21,11,-24,10,-24,8,-20,8,-15,6"
61.84209108352661,885,"CSI,2812,128,83,49,21,0,-1,0,-3,-2,-4,-4,-5,-7,-7,-6,-10,-6,-9,-7,-6,-6,-8,-5,-13,-5,-14,-5,-12,-5,-11,-3,-8,-2,-7,0,-6,1,-2,0,3,-1,4,-1,4,0,4,-2,5,-4,6,-4,6,-4,6,-3,1,-1,0,0,0,0,0,0,0,0,0,0,0,0,0,0,0,0,0,0,-2,-3,-5,-10,-5,-10,-4,-11,-2,-10,0,-8,0,-7,0,-6,0,-3,0,2,0,4,2,4,4,4,5,5,7,10,8,13,11,11,12,12,12,13,14,14,16,16,14,17,12,17,13,14,13,9,11,6,8,6"
61.94517207145691,886,"CSI,2816,128,83,49,21,0,-1,6,2,4,4,3,7,5,10,5,12,1,17,3,22,7,22,5,18,3,14,5,11,7,11,8,11,6,10,5,7,4,5,3,5,0,3,-2,0,-3,-1,-6,0,-7,0,-7,0,-8,2,-10,0,-3,0,0,0,0,0,0,0,0,0,0,0,0,0,0,0,0,0,0,-3,-1,-11,-4,-9,-6,-9,-9,-8,-10,-5,-9,-3,-7,-3,-6,-3,-3,-3,-1,-3,1,-4,5,-4,8,-4,9,-3,10,-6,11,-9,13,-10,14,-12,13,-15,12,-17,13,-18,15,-18,16,-15,15,-14,14,-14,14,-13,14"
62.04741811752319,887,"CSI,2820,128,83,49,21,0,0,3,-4,2,-7,1,-9,-3,-9,-5,-10,-5,-10,-6,-8,-11,-10,-11,-16,-6,-17,-1,-13,-1,-10,-3,-7,-3,-6,-2,-7,0,-6,-1,-2,-4,2,-4,3,-4,3,-5,3,-4,4,-2,7,-2,8,-4,1,-2,0,0,0,0,0,0,0,0,0,0,0,0,0,0,0,0,0,0,-1,-2,-4,-8,-3,-8,-1,-8,-1,-8,-2,-7,0,-7,1,-7,-1,-6,1,-4,5,-2,7,1,7,3,6,5,5,6,7,9,11,13,9,14,7,17,9,19,9,19,9,19,10,19,11,17,9,14,7,12,6,10"
62.147534132003784,888,"CSI,2824,128,83,49,21,0,0,2,-2,1,-3,3,-5,3,-8,3,-6,4,-4,4,-2,2,-3,3,-6,5,-6,5,-6,6,-6,8,-4,8,-3,6,-1,4,1,0,2,-4,2,-5,0,-6,0,-7,1,-6,0,-6,-4,-7,-5,-9,-2,-3,0,0,0,0,0,0,0,0,0,0,0,0,0,0,0,0,0,0,-2,-1,-7,-4,-7,-4,-7,-6,-7,-5,-4,-4,-2,-4,1,-2,4,-1,5,-1,7,0,8,0,11,-1,13,-1,14,0,13,1,11,2,11,3,11,4,11,2,12,1,13,2,14,3,14,2,13,0,8,0,5,0"
62.351524114608765,889,"CSI,2831,128,83,49,21,0,13,-13,10,-11,7,-9,8,-5,8,-2,5,1,4,4,8,4,7,4,5,6,6,6,8,6,9,5,9,4,8,3,6,2,5,1,6,3,4,4,1,4,0,4,2,5,2,5,1,4,-1,3,-1,1,0,0,0,0,0,0,0,0,0,0,0,0,0,0,0,0,0,0,-2,-2,-7,-6,-5,-8,-4,-9,-3,-8,-1,-8,0,-7,1,-7,1,-8,2,-10,4,-13,5,-13,4,-10,3,-10,5,-10,9,-7,11,-4,9,-5,7,-7,10,-9,11,-10,12,-10,15,-10,16,-10,18,-12,20,-15,21,-19"
62.458500146865845,890,"CSI,2836,128,83,49,21,0,-11,7,-12,8,-12,8,-15,7,-15,7,-14,4,-12,4,-8,4,-7,-2,-9,-5,-10,-2,-8,-2,-8,-2,-6,-3,-4,-4,-4,-3,-6,-4,-7,-7,-5,-9,-3,-8,-4,-8,-5,-8,-4,-7,-4,-7,-5,-8,-2,-2,0,0,0,0,0,0,0,0,0,0,0,0,0,0,0,0,0,0,0,0,3,3,3,4,4,4,3,5,2,4,-1,3,-3,4,-6,7,-9,9,-9,9,-8,10,-8,11,-10,11,-10,11,-10,11,-10,11,-9,11,-9,12,-11,14,-11,14,-8,13,-8,10,-12,7,-14,8,-13,11,-11,10"
62.557332038879395,891,"CSI,2840,128,83,49,21,0,-8,14,-9,13,-11,10,-12,10,-11,12,-11,10,-9,11,-8,16,-9,15,-12,10,-13,8,-9,7,-5,6,-7,4,-9,3,-8,2,-7,1,-9,0,-9,-1,-8,-1,-10,-2,-12,-3,-13,-4,-11,-3,-9,-2,-3,-1,0,0,0,0,0,0,0,0,0,0,0,0,0,0,0,0,0,0,1,1,6,6,6,6,5,6,3,5,2,5,2,5,1,5,-1,6,-4,6,-6,6,-7,7,-7,9,-7,11,-7,14,-8,20,-9,23,-6,22,-2,23,1,22,2,20,1,19,0,18,0,15,-1,12,0,8,1,7"
62.76110005378723,892,"CSI,2848,128,83,49,21,0,0,5,-2,4,-5,4,-6,5,-7,6,-8,7,-11,9,-13,9,-11,9,-8,11,-7,11,-7,10,-5,7,-5,5,-6,5,-7,5,-6,3,-7,1,-8,1,-7,-1,-5,-2,-6,-2,-6,-3,-8,-1,-10,3,-3,1,0,0,0,0,0,0,0,0,0,0,0,0,0,0,0,0,0,0,3,0,12,2,10,3,10,3,9,3,8,3,6,2,2,1,1,0,2,1,1,4,0,8,-4,11,-6,12,-5,11,-4,14,-4,17,-3,15,0,13,1,15,2,18,3,18,5,17,6,16,6,14,5,13,3,13"
62.864540815353394,893,"CSI,2852,128,83,49,21,0,0,-5,3,-4,5,-3,7,0,9,4,12,5,13,3,9,3,9,4,13,3,16,3,15,2,12,1,10,1,9,0,8,-1,6,-1,2,-1,-1,0,-4,1,-6,0,-7,0,-10,0,-11,1,-10,2,-3,0,0,0,0,0,0,0,0,0,0,0,0,0,0,0,0,0,0,0,0,2,3,7,3,7,3,6,2,5,2,2,2,2,1,2,0,1,2,0,1,-3,-2,-5,-3,-5,-5,-6,-9,-10,-9,-13,-7,-15,-8,-17,-9,-18,-11,-17,-12,-16,-12,-16,-14,-15,-14,-14,-13,-15,-9,-16,-5,-19"
62.96754312515259,894,"CSI,2856,128,83,49,21,0,-1,-6,2,-1,5,2,7,6,8,12,11,16,10,20,5,26,6,25,10,23,12,21,13,19,12,18,8,16,4,16,3,13,4,6,2,0,-1,-4,-3,-7,-4,-8,-5,-9,-5,-10,-5,-9,-5,-8,-2,-2,0,0,0,0,0,0,0,0,0,0,0,0,0,0,0,0,0,0,1,2,3,7,4,8,5,10,4,10,2,9,2,9,3,7,2,3,0,1,-1,0,-2,-4,-4,-6,-5,-9,-4,-13,-4,-15,-4,-19,-4,-22,-3,-22,-4,-24,-6,-27,-5,-27,-6,-26,-8,-28,-9,-26,-9,-23,-8,-20"
63.03502893447876,895,"CSI,3491,128,83,49,21,0,11,-8,9,-6,3,-4,-1,-4,-3,-5,-4,-6,-7,-8,-14,-10,-15,-8,-12,-5,-10,-5,-10,-6,-9,-8,-9,-9,-9,-7,-7,-5,-5,-5,-4,-2,-5,1,-5,0,-3,-2,-2,-2,-2,-1,-1,0,1,2,0,0,0,0,0,0,0,0,0,0,0,0,0,0,0,0,0,0,0,0,0,-1,2,-1,2,0,3,3,4,3,6,3,6,4,5,7,4,10,4,11,5,13,5,13,4,10,2,8,1,5,1,2,1,-1,2,-3,3,-5,3,-9,5,-13,10,-15,13,-15,13,-15,16,-18,18,-19,16,-16"
63.070727825164795,896,"CSI,2860,128,83,49,21,0,-5,-1,0,-6,2,-11,2,-14,2,-16,3,-19,4,-23,1,-29,-2,-27,-2,-24,-2,-23,-2,-21,-2,-18,-1,-16,-3,-13,-2,-9,0,-5,0,-1,0,2,1,4,2,6,5,6,6,8,7,10,6,10,1,2,0,0,0,0,0,0,0,0,0,0,0,0,0,0,0,0,0,0,3,0,13,2,10,4,9,4,8,3,7,0,5,-1,4,0,2,2,0,3,-1,4,-6,3,-11,3,-13,5,-16,5,-19,5,-22,8,-25,9,-26,8,-25,7,-23,8,-22,8,-22,8,-21,7,-16,6,-13,8,-12,6"
63.131797075271606,897,"CSI,3494,128,83,49,21,0,-3,-13,-3,-10,-4,-9,-4,-6,-4,-3,-6,-3,-7,-2,-4,1,-4,1,-8,-1,-11,-2,-11,-3,-9,-2,-9,-1,-8,0,-9,-1,-9,1,-6,3,-3,3,-4,2,-5,1,-3,0,-2,1,-2,0,-1,0,-1,0,0,0,0,0,0,0,0,0,0,0,0,0,0,0,0,0,0,0,1,0,5,-1,5,-4,7,-6,8,-7,10,-6,12,-5,13,-4,14,-3,14,-2,13,-1,13,0,15,1,13,2,8,0,4,-2,4,-3,3,-4,2,-6,0,-10,-3,-14,-5,-18,-4,-20,-4,-19,-4,-18,-4,-19,-3,-21"
63.17366290092468,898,"CSI,2864,128,83,49,21,0,-4,-4,-7,-4,-10,-4,-11,-2,-13,0,-17,2,-24,1,-27,-2,-25,-1,-21,3,-19,4,-17,1,-15,0,-12,-1,-8,-3,-5,-2,-3,2,-1,4,1,4,1,6,1,9,3,10,5,9,7,7,9,8,2,2,0,0,0,0,0,0,0,0,0,0,0,0,0,0,0,0,0,0,-1,3,-4,10,-4,8,-5,6,-6,5,-5,3,-3,1,-1,0,1,0,2,-2,2,-3,4,-3,8,-5,12,-7,14,-9,16,-11,19,-11,22,-10,24,-8,25,-7,24,-6,21,-7,19,-7,17,-4,16,-4,15,-8,13,-12"
63.27363920211792,899,"CSI,2868,128,83,49,21,0,8,8,8,3,9,0,12,-2,13,-6,15,-9,15,-13,14,-15,16,-11,20,-5,23,-2,23,-3,18,-3,14,1,11,1,9,-1,6,-3,5,-4,3,-4,2,-5,0,-8,0,-9,0,-9,-1,-10,-3,-10,-1,-3,0,0,0,0,0,0,0,0,0,0,0,0,0,0,0,0,0,0,-1,2,-3,8,-4,8,-5,9,-5,10,-6,9,-6,8,-6,6,-6,5,-6,6,-3,5,0,3,3,2,5,3,7,6,9,10,11,13,14,16,15,19,15,20,14,19,12,19,8,21,6,24,7,25,7,22,6,17"
63.377212047576904,900,"CSI,2872,128,83,49,21,0,-3,-3,-6,-2,-10,0,-14,0,-19,1,-20,1,-18,1,-15,1,-16,-2,-17,-3,-17,0,-18,0,-15,-1,-12,0,-11,0,-11,-1,-8,0,-3,1,1,2,2,4,3,3,5,4,7,6,8,6,8,6,2,1,0,0,0,0,0,0,0,0,0,0,0,0,0,0,0,0,0,0,1,3,5,11,5,9,5,11,4,11,4,9,4,6,4,4,3,2,3,0,3,-2,3,-4,5,-6,7,-11,10,-15,15,-16,19,-16,19,-17,19,-18,19,-18,21,-16,21,-15,19,-14,16,-12,12,-10,9,-9,6,-7"
63.480716943740845,901,"CSI,2876,128,83,49,21,0,2,10,4,8,9,6,10,8,13,11,17,10,21,10,27,11,26,9,21,5,18,3,18,3,17,5,12,4,9,2,8,0,5,-1,2,-2,0,-4,-1,-5,-1,-6,-2,-8,-3,-9,-5,-10,-6,-9,-2,-3,0,0,0,0,0,0,0,0,0,0,0,0,0,0,0,0,0,0,-2,-4,-7,-14,-5,-12,-3,-12,-2,-12,-1,-12,-1,-9,-1,-7,-1,-5,-2,-3,-4,0,-4,3,-7,7,-11,10,-14,11,-16,12,-20,13,-21,13,-24,12,-28,12,-27,11,-26,8,-26,7,-23,6,-21,4,-19,3,-14,1"
63.58282017707825,902,"CSI,2880,128,83,49,21,0,10,1,13,-1,14,-1,15,-3,16,-3,17,-3,15,-6,9,-9,10,-8,18,-5,21,-4,19,-5,16,-2,13,0,13,-2,10,-4,6,-7,3,-8,1,-7,0,-8,-1,-8,-2,-8,-2,-8,-4,-10,-6,-13,-2,-4,0,0,0,0,0,0,0,0,0,0,0,0,0,0,0,0,0,0,-3,1,-11,4,-13,3,-14,3,-12,3,-10,4,-9,3,-7,2,-4,2,-2,2,0,5,2,7,4,8,5,11,7,15,8,17,8,22,6,24,4,23,3,24,1,25,-1,26,-2,25,-1,22,1,18,1,13,-1,11"
63.68565392494202,903,"CSI,2884,128,83,49,21,0,-13,-2,-12,1,-10,5,-12,6,-16,6,-17,8,-17,9,-19,5,-20,6,-19,9,-18,7,-17,7,-14,7,-12,7,-9,6,-7,5,-4,4,-1,2,2,3,4,5,6,6,8,7,8,6,7,6,7,6,1,1,0,0,0,0,0,0,0,0,0,0,0,0,0,0,0,0,0,0,2,-1,10,-1,9,0,11,-1,10,-2,7,0,6,2,5,2,3,1,1,0,-2,-3,-5,-6,-5,-11,-4,-15,-5,-19,-5,-22,-3,-23,-3,-25,-3,-28,-2,-27,1,-24,2,-24,2,-24,2,-21,1,-18,-1,-16,-3,-15"
63.78969216346741,904,"CSI,2888,128,83,49,21,0,-3,3,-4,8,-4,14,-3,16,0,14,2,15,2,17,1,14,0,16,-2,20,-2,20,-2,19,-1,16,-2,13,-2,10,0,7,0,3,-1,2,-1,3,1,1,2,-4,4,-9,6,-10,6,-8,6,-8,1,-2,0,0,0,0,0,0,0,0,0,0,0,0,0,0,0,0,0,0,3,-2,13,-6,11,-4,10,-1,9,1,8,2,7,2,7,1,4,3,2,3,1,0,-3,-4,-9,-6,-11,-6,-11,-10,-12,-14,-13,-16,-14,-19,-15,-23,-14,-25,-11,-24,-10,-25,-10,-24,-12,-21,-14,-18,-14,-14,-15,-11"
63.89072895050049,905,"CSI,2892,128,83,49,21,0,-5,-6,-5,-3,-8,1,-12,1,-14,-1,-17,0,-17,0,-13,-1,-15,-2,-19,-3,-22,-4,-23,-3,-17,-3,-11,-6,-11,-8,-13,-7,-11,-3,-7,0,-3,0,0,-1,2,2,1,7,0,10,-2,11,-2,10,-1,2,0,0,0,0,0,0,0,0,0,0,0,0,0,0,0,0,0,0,2,-1,9,-5,9,-5,9,-4,10,-2,10,-1,9,-2,9,-3,8,-2,7,-2,3,-4,1,-8,1,-11,-1,-13,-4,-13,-3,-14,-2,-18,0,-20,2,-22,1,-24,-1,-22,-1,-23,1,-24,3,-21,3,-18,1,-16,-1,-15"
64.0956621170044,906,"CSI,2900,128,83,49,21,0,-5,-3,-4,1,-3,4,-3,8,-2,12,-3,16,-3,19,1,18,1,16,0,17,-2,18,-3,16,-2,14,-2,13,-2,13,0,11,2,5,1,0,3,-2,2,-4,1,-7,2,-8,2,-8,4,-9,9,-10,2,-3,0,0,0,0,0,0,0,0,0,0,0,0,0,0,0,0,0,0,2,1,8,6,6,7,5,8,5,10,4,9,1,7,0,5,-1,3,-2,1,-2,-3,-2,-7,-2,-8,-1,-10,-2,-11,-2,-13,-3,-18,-2,-23,-1,-24,-3,-24,-4,-23,-3,-24,-1,-25,-1,-23,-3,-19,-4,-17,-1,-15"
64.19714307785034,907,"CSI,2904,128,83,49,21,0,-7,9,-2,9,1,11,5,12,9,14,13,17,11,18,7,18,8,18,12,18,12,19,12,19,10,14,8,10,7,10,7,9,8,6,7,0,7,-4,7,-4,6,-3,7,-3,8,-4,8,-6,7,-9,1,-3,0,0,0,0,0,0,0,0,0,0,0,0,0,0,0,0,0,0,-3,-2,-11,-6,-9,-8,-9,-10,-9,-12,-7,-11,-4,-9,-3,-8,-4,-7,-5,-6,-5,-5,-5,-1,-5,3,-7,6,-10,6,-15,7,-20,10,-22,12,-21,12,-25,11,-28,11,-30,11,-30,9,-27,7,-24,5,-22,3,-17,2"
64.29902601242065,908,"CSI,2908,128,83,49,21,0,16,-12,19,-15,17,-16,15,-17,16,-19,17,-21,19,-23,21,-25,18,-23,14,-20,12,-16,11,-14,11,-16,10,-14,8,-11,4,-10,3,-10,3,-10,3,-12,2,-14,0,-14,-2,-12,-2,-12,-2,-14,-2,-15,-1,-4,0,0,0,0,0,0,0,0,0,0,0,0,0,0,0,0,0,0,1,3,7,11,7,9,6,8,5,11,3,12,3,10,5,9,7,7,7,3,9,1,12,0,17,-1,20,0,22,1,27,1,31,5,29,9,26,9,24,8,23,9,23,9,19,9,15,5,15,2,16,3,14,4"
64.4019410610199,909,"CSI,2912,128,83,49,21,0,4,-7,8,-9,9,-10,11,-13,10,-15,6,-14,8,-11,11,-8,10,-10,6,-9,5,-8,5,-8,3,-8,0,-5,-2,-1,-3,0,-2,0,-2,2,-3,5,-4,6,-6,7,-7,8,-6,8,-5,7,-5,6,-2,1,0,0,0,0,0,0,0,0,0,0,0,0,0,0,0,0,0,0,2,-3,9,-9,8,-7,8,-4,7,-2,4,-3,2,-2,1,3,-2,3,-8,3,-12,4,-15,5,-17,6,-17,5,-15,9,-18,11,-20,10,-19,8,-18,7,-16,7,-15,6,-16,5,-15,6,-12,8,-9,5,-3,1,5,-1"
64.5055570602417,910,"CSI,2916,128,83,49,21,0,-5,-2,-9,1,-13,2,-15,0,-17,-2,-18,-1,-17,0,-15,-2,-20,-3,-24,-2,-22,1,-21,2,-19,0,-15,-3,-11,-1,-5,0,0,-2,3,-3,4,-1,6,0,9,-1,12,-3,12,-2,11,-2,11,-5,2,-2,0,0,0,0,0,0,0,0,0,0,0,0,0,0,0,0,0,0,-4,-1,-13,-2,-13,-3,-12,-4,-11,-3,-9,-2,-7,0,-4,0,0,-1,4,-1,8,0,11,2,15,3,20,3,21,5,21,6,22,7,24,8,23,11,23,11,23,9,21,10,18,9,16,6,15,4,13,3,11,3"
64.56585216522217,911,"CSI,3549,128,83,49,21,0,11,1,9,2,7,1,3,-6,1,-10,-1,-9,-8,-8,-15,-10,-13,-12,-9,-13,-12,-14,-14,-14,-12,-12,-11,-10,-10,-9,-8,-8,-6,-8,-4,-7,-2,-5,-2,-2,-2,0,-2,0,1,2,3,3,4,3,1,1,0,0,0,0,0,0,0,0,0,0,0,0,0,0,0,0,0,0,-2,0,-4,1,-3,1,-5,0,-8,-1,-10,-3,-11,-7,-11,-9,-9,-9,-9,-7,-12,-5,-13,-6,-11,-8,-8,-6,-6,-5,-3,-4,0,0,1,3,3,4,7,5,12,6,16,7,16,10,14,10,18,8,22,9,24,11"
64.6780469417572,912,"CSI,2081,128,75,-79,20,0,-5,-2,-2,1,1,1,2,2,4,4,9,6,10,7,4,7,1,9,4,11,7,8,4,7,2,9,2,8,2,5,1,3,-1,3,-2,1,-3,-1,-5,-2,-4,-3,-3,-5,-2,-7,-2,-6,-3,-7,-1,-3,0,0,0,0,0,0,0,0,0,0,0,0,0,0,0,0,0,0,2,-1,7,0,6,0,5,-2,5,-3,3,-3,2,0,1,1,-2,-1,-3,-3,-2,-3,-3,-3,-7,-5,-10,-7,-10,-9,-10,-11,-12,-11,-13,-11,-10,-12,-9,-12,-11,-10,-12,-9,-12,-9,-12,-8,-9,-8,-4,-7,0,-4"
64.80860304832458,913,"CSI,2928,128,83,49,21,0,15,1,13,0,12,1,13,1,12,-2,9,-3,8,-4,11,-6,11,-3,9,1,9,3,8,4,8,5,10,6,12,6,11,4,9,2,7,0,7,0,6,1,4,1,3,2,2,3,2,2,4,2,1,0,0,0,0,0,0,0,0,0,0,0,0,0,0,0,0,0,0,0,1,0,5,2,7,-1,7,-2,7,-1,7,1,8,3,8,5,8,8,11,9,12,8,14,7,15,8,15,6,16,4,15,5,12,6,11,5,12,3,14,2,12,3,10,2,11,3,13,7,17,7,20,7,22,10"
64.9098391532898,914,"CSI,2932,128,83,49,21,0,7,11,5,9,6,7,3,6,-1,5,-3,6,-4,6,-6,2,-8,2,-9,8,-7,12,-6,11,-8,9,-7,9,-6,10,-4,8,-6,5,-8,5,-6,6,-6,5,-6,1,-5,-2,-5,-2,-6,-1,-7,-2,-2,-1,0,0,0,0,0,0,0,0,0,0,0,0,0,0,0,0,0,0,0,-1,5,-2,7,-2,8,-1,8,0,8,1,8,1,6,1,5,3,6,4,8,4,8,5,9,7,7,7,3,7,3,9,5,10,6,10,7,10,6,12,5,15,6,18,10,16,11,13,10,12,9,12,8,14"
65.0194959640503,915,"CSI,2936,128,83,49,21,0,-10,-8,-10,-9,-8,-8,-7,-7,-8,-7,-7,-6,-8,-4,-13,-4,-14,-5,-10,-5,-5,-5,-5,-7,-7,-7,-8,-5,-6,-4,-4,-4,-5,-5,-4,-5,-3,-6,-4,-7,-4,-8,-3,-7,-2,-5,-3,-5,-2,-6,-1,-2,0,0,0,0,0,0,0,0,0,0,0,0,0,0,0,0,0,0,-2,-3,-7,-8,-6,-4,-4,-2,-2,-4,0,-6,0,-5,-1,-5,-2,-8,-3,-10,-2,-11,-2,-12,-3,-12,-6,-12,-7,-12,-6,-11,-6,-12,-6,-12,-8,-10,-10,-10,-9,-12,-7,-10,-8,-9,-11,-11,-12,-13,-12,-12,-13,-11"
65.30675005912781,916,"CSI,454,128,77,-47,20,0,10,-5,7,-5,3,-5,2,-4,1,-4,-2,-4,-4,-1,-6,4,-8,3,-11,1,-14,-2,-13,-3,-13,-1,-13,0,-13,-2,-12,-3,-9,-1,-6,1,-5,3,-3,3,1,2,4,5,3,7,4,8,7,10,2,2,0,0,0,0,0,0,0,0,0,0,0,0,0,0,0,0,0,0,0,-1,-1,-2,-2,-3,-4,-2,-3,-1,-1,-1,-4,-1,-7,1,-7,2,-7,2,-8,-1,-8,-2,-5,-1,-3,-1,-2,-2,-3,-2,-2,0,1,1,4,0,6,-1,5,-1,5,-3,5,-4,5,-4,7,-3,11,-3,13,-1"
65.33618092536926,917,"CSI,2948,128,83,49,21,0,8,3,4,3,2,3,0,5,-2,6,-3,8,-5,8,-3,8,-3,8,-6,10,-6,13,-7,16,-6,18,-3,14,-3,9,-4,9,-3,7,-3,4,-3,1,-1,-1,-1,-3,-3,-3,-3,-2,-4,-2,-6,-3,-2,-1,0,0,0,0,0,0,0,0,0,0,0,0,0,0,0,0,0,0,-2,-3,-5,-12,-3,-11,-2,-8,0,-7,3,-5,4,-5,5,-5,5,-3,6,-2,8,-1,11,-2,12,-1,9,1,9,1,11,3,11,5,12,4,12,3,12,3,15,3,13,3,10,1,9,0,11,0,13,0,13,-3"
65.42321515083313,918,"CSI,2952,128,83,49,21,0,1,-5,0,-4,2,-3,4,-1,7,2,8,4,6,2,5,-1,8,0,8,3,9,4,11,3,11,1,10,2,10,4,8,3,4,2,2,1,0,1,0,1,0,3,0,3,-1,3,-2,3,-1,4,0,1,0,0,0,0,0,0,0,0,0,0,0,0,0,0,0,0,0,0,-2,-1,-7,-2,-5,-3,-3,-4,-3,-4,-3,-5,-2,-7,1,-8,1,-7,0,-7,3,-6,7,-4,8,-4,8,-6,8,-8,10,-7,11,-8,12,-10,12,-10,13,-10,12,-12,9,-13,8,-12,8,-13,5,-14,5,-16,6,-19"
65.63258600234985,919,"CSI,2960,128,83,49,21,0,1,-1,-2,2,-3,7,-2,10,-2,12,-4,13,-7,14,-11,15,-8,16,-1,17,0,16,1,16,2,14,0,10,-1,9,-2,9,-2,5,-3,1,-3,0,-3,-1,-4,-3,-3,-6,-3,-9,-6,-9,-8,-8,-2,-2,0,0,0,0,0,0,0,0,0,0,0,0,0,0,0,0,0,0,-2,1,-7,6,-9,5,-10,4,-9,3,-7,0,-7,-4,-7,-6,-6,-6,-4,-7,-3,-10,-2,-10,2,-10,5,-12,7,-14,11,-14,13,-17,12,-17,11,-14,11,-14,10,-15,8,-14,9,-14,9,-13,6,-10,4,-10,5,-11"
65.69030809402466,920,"CSI,3594,128,83,49,21,0,10,4,8,2,8,0,8,-2,8,-5,7,-9,3,-9,-5,-9,-6,-12,-1,-14,1,-12,2,-12,2,-12,0,-13,0,-14,-1,-13,-2,-10,-2,-6,-4,-2,-5,-1,-4,2,-4,4,-6,4,-8,4,-8,4,-2,1,0,0,0,0,0,0,0,0,0,0,0,0,0,0,0,0,0,0,-1,0,-3,1,-4,0,-5,1,-7,1,-8,2,-9,3,-10,2,-11,2,-9,4,-9,4,-9,3,-7,0,-5,-2,-3,-1,0,1,2,1,4,0,6,2,8,3,11,3,17,4,20,6,18,7,17,10,18,10,19,11"
65.73160815238953,921,"CSI,2963,128,83,49,21,0,-14,-3,-9,0,-5,2,-1,3,3,4,6,8,9,9,14,8,15,10,13,12,8,12,7,13,10,15,11,14,9,13,6,14,3,10,3,4,2,0,0,-3,1,-4,0,-5,-2,-8,-1,-10,1,-11,0,-3,0,0,0,0,0,0,0,0,0,0,0,0,0,0,0,0,0,0,0,-1,3,-2,5,-2,6,-2,7,-2,8,0,8,2,7,3,5,5,4,5,2,3,-1,2,-5,1,-7,-1,-7,-2,-6,-3,-10,-4,-14,-5,-16,-7,-18,-7,-19,-7,-21,-11,-21,-10,-20,-8,-20,-9,-19,-9,-19,-7"
65.83635401725769,922,"CSI,2968,128,83,49,21,0,-5,4,0,3,2,1,5,-4,6,-8,9,-10,14,-9,21,-8,23,-12,18,-16,15,-14,15,-12,14,-9,12,-5,11,-3,10,-3,7,-3,3,-2,1,-1,-1,2,-2,1,-5,-1,-6,1,-7,2,-11,2,-3,0,0,0,0,0,0,0,0,0,0,0,0,0,0,0,0,0,0,0,-1,-2,-1,-7,1,-8,4,-8,5,-8,6,-8,5,-7,4,-6,3,-6,2,-6,1,-7,1,-5,2,0,2,3,-1,6,-5,9,-8,10,-9,12,-9,12,-11,15,-14,16,-17,16,-18,15,-15,15,-13,15,-14,14,-13,12"
65.936448097229,923,"CSI,2972,128,83,49,21,0,8,5,7,3,2,2,-2,3,-6,2,-10,0,-16,4,-20,9,-20,10,-17,9,-15,8,-14,7,-15,6,-14,8,-13,8,-12,4,-10,1,-8,-1,-4,-1,-1,-2,-1,-3,-3,-5,-3,-6,-2,-7,-1,-10,-1,-3,0,0,0,0,0,0,0,0,0,0,0,0,0,0,0,0,0,0,-1,-2,-1,-5,0,-6,1,-7,3,-8,5,-9,6,-9,6,-10,4,-9,2,-7,2,-4,4,-2,5,0,3,1,3,4,5,6,6,7,7,8,10,10,12,14,12,16,15,14,16,13,15,11,19,11,21,13,17,12"
66.03992700576782,924,"CSI,2976,128,83,49,21,0,-6,-2,0,-1,2,1,5,-1,7,-3,9,-2,13,-4,18,-7,21,-7,18,-6,14,-8,12,-5,14,-3,13,-4,10,-5,7,-4,5,-3,1,-2,1,1,1,1,-2,2,-5,4,-6,4,-8,3,-8,1,-2,-1,0,0,0,0,0,0,0,0,0,0,0,0,0,0,0,0,0,0,2,2,9,7,7,4,8,3,8,4,7,6,5,7,4,9,5,9,5,8,4,5,0,3,-3,2,-5,2,-7,1,-10,-2,-13,-3,-16,-3,-18,-4,-19,-5,-20,-5,-21,-5,-23,-3,-23,-1,-21,1,-17,0,-15,-2"
66.1450412273407,925,"CSI,2980,128,83,49,21,0,1,-3,-2,1,-2,3,-1,7,-1,12,-2,14,-2,16,0,24,0,24,-1,18,0,14,2,14,3,15,3,16,2,14,0,8,-2,4,-2,2,-1,-1,-1,-3,-2,-4,-5,-6,-8,-5,-8,-3,-8,-4,-2,-2,0,0,0,0,0,0,0,0,0,0,0,0,0,0,0,0,0,0,-4,-1,-13,-3,-12,-2,-11,-4,-10,-6,-9,-7,-7,-8,-5,-10,-4,-10,-3,-8,-2,-7,0,-7,4,-7,8,-6,11,-8,15,-10,17,-10,20,-8,20,-6,21,-8,21,-10,19,-11,21,-11,22,-12,17,-10,14,-10,14,-10"
66.24476790428162,926,"CSI,2984,128,83,49,21,0,1,-2,2,1,3,5,4,8,5,11,6,14,4,14,2,12,8,14,12,16,11,15,9,13,8,12,9,9,9,7,7,6,5,5,4,2,2,-1,-3,-2,-4,-1,-3,1,-5,-1,-7,-3,-8,-2,-3,-1,0,0,0,0,0,0,0,0,0,0,0,0,0,0,0,0,0,0,-2,2,-5,9,-4,9,-6,9,-8,8,-9,7,-8,4,-7,1,-7,0,-6,1,-6,0,-5,-4,-3,-8,0,-9,2,-11,3,-14,5,-17,3,-19,1,-21,1,-24,1,-26,1,-25,1,-25,0,-24,-2,-23,-3,-22,-1,-22"
66.34925413131714,927,"CSI,2988,128,83,49,21,0,5,-8,0,-2,-4,2,-6,3,-6,5,-9,9,-10,11,-7,12,-9,15,-11,16,-11,15,-10,16,-9,14,-5,12,-3,12,-5,10,-4,7,-1,5,-1,3,-2,-1,-1,-5,0,-6,1,-5,1,-5,1,-5,0,-1,0,0,0,0,0,0,0,0,0,0,0,0,0,0,0,0,0,0,-3,1,-10,3,-12,1,-12,0,-12,-1,-11,-2,-8,-1,-7,0,-7,0,-7,0,-5,-1,-3,-2,-1,-3,3,-4,6,-4,8,-3,10,-4,11,-6,14,-5,18,-7,21,-10,23,-11,22,-11,20,-10,19,-11,16,-10,14,-9"
66.44938898086548,928,"CSI,2992,128,83,49,21,0,4,-1,-3,-2,-8,-1,-10,-2,-14,-3,-16,-1,-14,-3,-10,-6,-10,-5,-13,-5,-15,-6,-14,-4,-13,-2,-11,1,-8,2,-7,1,-5,-1,-3,-1,-3,2,0,3,4,3,5,2,5,2,5,3,4,4,1,0,0,0,0,0,0,0,0,0,0,0,0,0,0,0,0,0,0,0,0,3,-1,11,-4,10,-4,10,-4,9,-6,7,-6,4,-4,4,-2,4,0,3,0,1,0,-1,3,-4,8,-6,9,-7,10,-8,14,-8,16,-9,16,-10,16,-11,18,-10,20,-9,21,-11,20,-11,19,-9,15,-9,10,-10"
66.55138206481934,929,"CSI,2996,128,83,49,21,0,-1,8,-4,3,-8,0,-13,-2,-18,-4,-19,-5,-22,-3,-27,-3,-27,-2,-25,-1,-22,-2,-18,0,-17,1,-16,2,-14,4,-10,3,-7,1,-6,-2,-5,-3,-4,-4,-2,-5,-1,-6,-1,-6,-1,-7,1,-8,0,-2,0,0,0,0,0,0,0,0,0,0,0,0,0,0,0,0,0,0,3,1,11,6,9,6,10,6,10,6,7,6,5,5,5,5,5,5,5,5,5,6,4,7,-1,7,-5,5,-8,7,-8,9,-9,10,-10,10,-9,14,-7,20,-5,23,-5,24,-6,24,-5,21,-4,21,-4,23,-5,26"
66.65545392036438,930,"CSI,3000,128,83,49,21,0,-4,-1,1,-4,3,-8,1,-12,1,-15,-1,-17,0,-19,1,-19,-3,-18,-8,-18,-9,-16,-6,-12,-5,-11,-5,-10,-2,-8,0,-7,2,-6,5,-2,6,2,6,3,7,1,9,-1,8,0,5,2,4,2,1,0,0,0,0,0,0,0,0,0,0,0,0,0,0,0,0,0,0,0,2,-1,11,-3,11,-1,11,2,9,3,6,2,3,1,1,1,-1,3,-2,5,-4,7,-8,8,-9,8,-9,8,-9,10,-12,12,-15,12,-15,14,-14,17,-12,16,-12,16,-13,19,-14,20,-12,18,-10,18,-8,14,-9,10"
66.75723910331726,931,"CSI,3004,128,83,49,21,0,5,-6,5,-1,3,5,3,9,4,12,5,14,9,15,14,15,15,13,11,13,8,13,6,12,6,10,5,8,5,5,3,5,0,4,-2,2,-3,1,-6,2,-6,3,-4,0,-5,-2,-9,-2,-12,-2,-4,-1,0,0,0,0,0,0,0,0,0,0,0,0,0,0,0,0,0,0,-3,-1,-10,-2,-12,-1,-12,0,-12,-2,-11,-3,-10,-5,-9,-6,-6,-6,-1,-7,1,-8,3,-9,5,-8,8,-7,11,-11,13,-12,15,-13,15,-16,14,-16,15,-15,17,-15,18,-17,17,-18,14,-18,12,-17,12,-15,9,-14"
66.86132979393005,932,"CSI,3008,128,83,49,21,0,0,5,-2,5,-5,9,-7,13,-7,14,-9,15,-11,14,-13,11,-13,12,-10,17,-7,18,-6,16,-5,15,-5,14,-4,10,-3,4,-6,0,-7,0,-3,-2,0,-5,-1,-6,-3,-6,-6,-8,-8,-7,-10,-6,-3,-2,0,0,0,0,0,0,0,0,0,0,0,0,0,0,0,0,0,0,-3,-3,-11,-10,-10,-11,-8,-13,-5,-13,-3,-11,-2,-8,0,-7,2,-7,5,-6,9,-3,14,0,16,2,16,3,19,3,25,1,27,0,25,1,26,3,29,4,29,2,26,1,21,0,20,-2,19,-4,16,-3,13,-4"
66.96112203598022,933,"CSI,3012,128,83,49,21,0,2,9,1,6,-1,2,-1,-2,1,-7,0,-12,-4,-13,-8,-12,-6,-13,-2,-15,-2,-17,-2,-17,-2,-16,-2,-16,-2,-13,0,-11,2,-8,1,-4,0,-1,-2,1,-2,2,-2,3,-2,5,0,7,0,6,0,1,0,0,0,0,0,0,0,0,0,0,0,0,0,0,0,0,0,0,-2,-2,-7,-8,-6,-9,-5,-10,-5,-11,-6,-12,-6,-13,-4,-11,-3,-6,-2,-4,-1,-3,-1,-1,0,4,1,7,0,10,0,13,-2,15,-4,16,1,19,4,21,2,20,1,20,1,22,1,23,1,25,1,23,0,19"
67.06633996963501,934,"CSI,3016,128,83,49,21,0,-9,-9,-8,-5,-4,-1,0,2,0,5,1,8,-2,10,-7,12,-5,17,-2,20,-2,17,-2,15,-2,15,-2,15,-3,14,-3,9,0,5,0,4,-2,1,-1,-2,2,-2,3,-5,2,-7,3,-8,4,-9,1,-3,0,0,0,0,0,0,0,0,0,0,0,0,0,0,0,0,0,0,1,-2,8,-7,11,-5,12,-2,11,-1,9,1,8,3,7,4,7,3,6,0,2,0,-2,1,-3,-2,-2,-6,-3,-7,-7,-10,-10,-12,-11,-13,-10,-16,-13,-19,-17,-17,-19,-17,-18,-18,-16,-20,-16,-22,-16,-21,-16,-18"
67.16650009155273,935,"CSI,3019,128,83,49,21,0,3,-8,0,-4,0,0,-2,4,-5,8,-5,10,-5,13,-3,17,-3,18,-7,15,-10,15,-10,17,-7,15,-4,12,-5,12,-6,11,-4,6,-2,2,-2,0,-1,-3,2,-7,4,-7,3,-7,2,-8,0,-9,-1,-3,0,0,0,0,0,0,0,0,0,0,0,0,0,0,0,0,0,0,-1,1,-4,5,-6,5,-7,6,-9,5,-10,4,-9,3,-9,3,-9,2,-8,0,-6,0,-2,-2,3,-5,7,-8,8,-9,10,-10,10,-11,11,-11,13,-11,14,-14,14,-17,14,-18,13,-20,13,-20,14,-17,14,-17,12,-16"
67.27042198181152,936,"CSI,3024,128,83,49,21,0,0,11,2,9,4,7,6,6,9,2,11,-3,10,-4,7,-1,10,-3,14,-4,18,-4,20,-3,18,-2,15,0,13,-2,12,-3,9,-2,5,-1,0,-2,-2,-4,-2,-4,-2,-4,-3,-5,-5,-5,-4,-6,-1,-2,0,0,0,0,0,0,0,0,0,0,0,0,0,0,0,0,0,0,-2,-1,-8,-5,-8,-6,-8,-8,-8,-10,-7,-11,-5,-10,-2,-7,-1,-4,-2,-3,-2,-1,-1,2,-1,3,-3,4,-7,8,-7,11,-5,13,-7,15,-7,16,-7,17,-5,19,-5,20,-7,20,-5,20,-4,22,-7,21,-10,20"
67.37302708625793,937,"CSI,3028,128,83,49,21,0,5,-5,1,-7,-1,-8,-5,-7,-9,-7,-10,-9,-11,-9,-11,-5,-11,-5,-14,-10,-16,-11,-13,-11,-9,-12,-8,-10,-8,-10,-6,-10,-4,-7,-2,-4,-2,-2,-2,-1,-3,0,-2,2,-3,4,-5,5,-2,5,0,0,0,0,0,0,0,0,0,0,0,0,0,0,0,0,0,0,0,0,2,1,8,7,7,7,7,8,5,9,3,9,4,8,3,8,3,6,3,1,1,-4,-1,-5,3,-5,5,-6,5,-7,6,-9,9,-12,12,-11,13,-9,14,-11,15,-13,16,-15,15,-15,14,-12,15,-12,15,-13,13,-10"
67.47391200065613,938,"CSI,3032,128,83,49,21,0,-3,9,0,7,4,3,6,-2,7,-5,9,-9,11,-7,10,-3,12,-4,13,-8,13,-10,13,-10,10,-9,7,-8,6,-8,4,-7,2,-6,2,-5,1,-3,-2,-2,-3,-2,-5,-3,-7,-3,-6,-1,-6,1,-2,0,0,0,0,0,0,0,0,0,0,0,0,0,0,0,0,0,0,0,-1,-2,-3,-9,-4,-10,-4,-10,-3,-9,-2,-9,-1,-9,1,-9,-1,-7,-2,-5,-1,-1,-4,2,-6,1,-5,3,-5,7,-6,10,-7,13,-9,16,-10,17,-10,17,-10,16,-8,18,-7,22,-7,23,-7,20,-8,18,-10,14"
67.57688808441162,939,"CSI,3036,128,83,49,21,0,-7,5,-2,0,3,-3,5,-6,5,-9,8,-11,9,-13,7,-14,9,-12,11,-9,9,-8,8,-9,7,-9,7,-9,7,-8,4,-7,1,-5,-1,-1,-2,-1,-4,0,-7,3,-7,6,-6,5,-8,4,-7,3,-2,0,0,0,0,0,0,0,0,0,0,0,0,0,0,0,0,0,0,0,0,-3,3,-12,3,-11,4,-11,7,-10,8,-10,8,-7,7,-4,6,-3,5,-1,1,0,-2,1,-3,3,-4,3,-6,4,-10,7,-13,8,-13,7,-13,7,-17,10,-21,14,-21,17,-20,16,-20,14,-19,13,-17,12,-15,14"
67.67923092842102,940,"CSI,3040,128,83,49,21,0,6,-3,4,-2,2,-1,-4,-2,-11,-5,-15,-5,-19,-1,-23,3,-22,2,-19,2,-19,1,-20,-1,-19,-2,-17,-1,-14,-2,-8,-2,-4,-1,-3,-1,-2,-1,1,-1,5,0,7,1,7,1,7,2,8,3,2,1,0,0,0,0,0,0,0,0,0,0,0,0,0,0,0,0,0,0,-3,1,-10,6,-11,5,-13,3,-12,2,-10,1,-9,0,-9,-1,-8,-1,-7,0,-6,1,-3,1,1,1,4,1,8,1,10,3,12,2,14,0,16,-1,20,1,21,1,21,1,22,2,21,0,22,-4,24,-4,24,-1"
67.7809100151062,941,"CSI,3044,128,83,49,21,0,3,-9,2,-3,1,3,1,8,1,11,0,12,1,17,3,22,3,21,1,16,0,14,0,15,0,15,-1,13,-4,12,-4,10,-4,4,-2,0,0,0,0,-1,-2,-4,-1,-6,0,-7,-1,-9,-2,-8,-1,-2,0,0,0,0,0,0,0,0,0,0,0,0,0,0,0,0,0,0,-2,2,-5,11,-5,10,-7,10,-9,10,-10,9,-8,7,-7,6,-6,5,-3,6,0,4,-1,3,-1,1,2,-3,6,-7,5,-8,4,-10,6,-13,7,-17,8,-20,6,-23,6,-26,7,-25,7,-22,7,-21,5,-22,3,-23"
67.88523006439209,942,"CSI,3048,128,83,49,21,0,-3,-6,-1,-3,1,0,4,0,10,1,16,3,15,5,13,9,16,9,20,8,19,5,17,1,16,1,14,2,12,2,9,0,4,-2,0,-2,-1,-1,-3,-1,-5,-3,-7,-4,-10,-2,-11,-1,-9,-1,-3,-1,0,0,0,0,0,0,0,0,0,0,0,0,0,0,0,0,0,0,0,2,3,8,4,9,5,12,5,12,4,11,4,8,2,6,-1,5,-2,2,-3,0,-6,-3,-7,-5,-8,-5,-10,-6,-12,-8,-12,-9,-12,-10,-12,-13,-14,-14,-16,-13,-16,-14,-14,-14,-15,-14,-16,-12,-15,-12,-14,-14"
67.98658394813538,943,"CSI,3052,128,83,49,21,0,-1,-5,0,-1,0,3,2,7,4,10,4,14,3,14,0,12,4,13,8,13,11,12,12,13,10,12,6,7,4,3,3,3,3,2,2,0,1,-2,0,-5,-2,-6,-4,-5,-4,-6,-5,-7,-6,-8,-2,-3,0,0,0,0,0,0,0,0,0,0,0,0,0,0,0,0,0,0,1,2,4,10,1,10,-2,9,-3,9,-3,9,-3,7,-4,4,-4,1,-4,-1,-6,-1,-8,0,-9,-4,-6,-8,-5,-12,-4,-15,-3,-19,-3,-20,-1,-19,-1,-21,-3,-23,-3,-23,-3,-24,-4,-25,-6,-22,-6,-19,-7,-19"
68.08857297897339,944,"CSI,3056,128,83,49,21,0,-3,3,-1,3,3,2,12,1,19,1,20,3,19,6,20,7,21,3,21,-3,19,-4,16,-6,15,-7,14,-3,11,-2,6,-4,3,-2,2,1,0,1,-2,-1,-3,-2,-4,-1,-6,1,-7,1,-7,0,-2,-1,0,0,0,0,0,0,0,0,0,0,0,0,0,0,0,0,0,0,1,0,8,2,9,3,8,5,8,5,9,7,8,8,5,7,1,5,-1,5,-2,3,-4,1,-5,-1,-9,-3,-13,-4,-14,-4,-18,-5,-19,-8,-18,-9,-21,-8,-24,-8,-24,-8,-23,-7,-21,-6,-18,-5,-13,-4,-9,-5"
68.19281315803528,945,"CSI,3060,128,83,49,21,0,6,-4,6,-6,0,-6,-6,-8,-7,-12,-7,-14,-6,-19,-3,-27,-7,-26,-12,-21,-10,-19,-9,-15,-11,-13,-9,-14,-6,-13,-4,-11,-3,-6,-2,-1,-3,0,-4,0,-3,1,1,3,3,5,2,6,1,6,0,1,0,0,0,0,0,0,0,0,0,0,0,0,0,0,0,0,0,0,-3,0,-9,2,-10,-1,-11,-2,-9,-3,-6,-5,-4,-5,-5,-5,-3,-3,2,-3,3,-4,4,-2,7,1,10,5,12,8,14,11,14,14,13,15,12,13,15,14,19,16,17,16,13,18,13,17,13,12,13,7,15,5"
68.29397702217102,946,"CSI,3064,128,83,49,21,0,-6,4,-3,6,1,4,6,3,10,3,13,2,18,0,23,-3,22,-2,19,2,16,4,16,4,16,3,13,4,9,6,6,7,6,7,5,3,5,-2,4,-4,1,-4,-1,-3,-3,-4,-2,-6,-1,-6,0,-2,0,0,0,0,0,0,0,0,0,0,0,0,0,0,0,0,0,0,-1,-2,-4,-9,-5,-9,-5,-9,-4,-10,-3,-10,-2,-7,-1,-4,-1,-2,-2,-1,-4,0,-7,2,-6,4,-5,6,-7,9,-8,12,-11,12,-15,11,-18,11,-18,12,-16,13,-16,13,-18,14,-20,16,-20,15,-17,12,-13,9"
68.39729499816895,947,"CSI,3068,128,83,49,21,0,1,0,5,-2,6,-4,7,-5,11,-4,13,-7,12,-10,9,-11,8,-12,10,-10,10,-9,12,-8,13,-7,13,-8,11,-10,6,-9,2,-7,0,-3,-1,-2,-2,-3,-4,-1,-6,0,-7,0,-7,-2,-8,-4,-2,-1,0,0,0,0,0,0,0,0,0,0,0,0,0,0,0,0,0,0,-4,-2,-12,-7,-8,-8,-6,-10,-5,-11,-2,-10,-2,-8,-3,-6,-2,-5,0,-2,0,2,-1,5,-2,7,-3,9,-4,13,-6,16,-8,18,-7,17,-5,18,-5,20,-4,21,-6,21,-9,20,-9,19,-9,18,-6,16,-3,14"
68.49810099601746,948,"CSI,3072,128,83,49,21,0,-6,2,-3,1,-1,0,1,-3,5,-8,9,-12,13,-15,16,-21,14,-24,12,-22,15,-18,14,-16,12,-16,11,-15,9,-13,8,-9,7,-5,4,-3,0,-1,-3,1,-5,1,-4,2,-2,5,-3,6,-5,4,-2,0,0,0,0,0,0,0,0,0,0,0,0,0,0,0,0,0,0,0,2,-2,9,-5,11,-2,11,0,10,1,8,1,6,2,3,2,2,1,3,0,4,0,3,0,-2,0,-6,-2,-8,-2,-11,-2,-12,-1,-14,1,-17,2,-19,3,-19,5,-20,6,-23,7,-22,8,-20,8,-19,8,-19,8"
68.59871625900269,949,"CSI,3076,128,83,49,21,0,8,0,11,-1,12,-1,10,-5,10,-9,13,-9,17,-10,21,-12,18,-11,14,-9,13,-6,12,-4,11,-5,10,-5,8,-4,4,-3,0,-4,1,-6,3,-6,2,-5,0,-5,-1,-5,-2,-5,-3,-4,-2,-4,-1,-1,0,0,0,0,0,0,0,0,0,0,0,0,0,0,0,0,0,0,-1,2,-3,7,-4,7,-6,7,-7,5,-6,3,-3,3,-1,2,-1,2,-1,3,1,4,5,5,7,6,7,7,8,9,10,12,10,15,9,17,8,19,10,20,9,19,6,19,6,19,7,18,7,16,9,14,11,10"
68.90630006790161,950,"CSI,3086,128,83,49,21,0,-8,5,-8,0,-8,-5,-8,-9,-7,-13,-7,-14,-5,-11,-4,-10,-6,-16,-9,-19,-10,-19,-9,-19,-9,-15,-9,-11,-9,-8,-6,-7,-4,-6,-4,-3,-1,-3,4,-2,6,1,6,2,5,3,7,2,8,1,1,0,0,0,0,0,0,0,0,0,0,0,0,0,0,0,0,0,0,0,2,1,8,4,8,3,8,4,8,5,7,5,6,4,3,3,2,4,3,6,2,5,-1,4,-3,5,-4,5,-5,6,-7,6,-10,4,-13,6,-16,8,-17,8,-17,10,-18,11,-19,13,-17,16,-15,15,-14,11,-11,12"
69.00850701332092,951,"CSI,2082,128,101,80,6,0,-4,-9,-3,-7,1,-5,5,-3,6,0,7,3,10,9,13,15,13,13,12,10,11,8,10,7,11,8,12,8,11,6,9,4,5,3,3,2,1,3,-2,4,-5,2,-6,1,-6,1,-6,0,-7,0,-2,0,0,0,0,0,0,0,0,0,0,0,0,0,0,0,0,0,0,0,-1,2,-3,8,-3,6,-6,5,-8,5,-7,3,-6,1,-5,1,-4,2,-4,2,-5,1,-5,1,-3,0,-3,-3,-2,-8,0,-11,-2,-11,-2,-11,0,-11,1,-15,0,-18,-1,-16,-2,-17,-3,-19,-4,-20,-4,-18,-5,-17"
69.11037421226501,952,"CSI,3094,128,83,49,21,0,7,2,7,3,8,5,5,6,2,6,3,9,2,9,-2,8,-2,12,2,16,3,16,4,15,4,13,5,10,4,8,0,7,-1,5,-4,3,-6,2,-6,0,-7,-1,-9,-1,-9,-2,-10,-1,-10,0,-3,0,0,0,0,0,0,0,0,0,0,0,0,0,0,0,0,0,0,0,-2,-2,-7,-5,-8,-4,-7,-5,-4,-7,0,-6,0,-6,0,-6,0,-5,2,-5,4,-6,5,-8,5,-6,8,-4,10,-5,11,-9,10,-10,11,-8,13,-7,15,-7,16,-5,16,-5,15,-6,14,-7,13,-8,14,-9,12,-9"
69.21264004707336,953,"CSI,3099,128,83,49,21,0,8,-13,7,-13,6,-9,5,-4,5,-1,8,0,12,2,15,6,16,6,15,2,12,-2,10,-3,11,-3,10,-5,9,-6,9,-4,7,-2,4,-2,3,-2,1,-2,0,-1,2,1,4,2,4,2,4,3,0,0,0,0,0,0,0,0,0,0,0,0,0,0,0,0,0,0,0,0,-1,-3,-1,-9,3,-8,5,-7,4,-7,3,-7,4,-6,3,-7,3,-9,2,-7,1,-5,-1,-7,-1,-8,0,-8,3,-7,5,-6,8,-6,8,-5,9,-5,13,-5,16,-4,16,-4,14,-7,13,-10,15,-13,14,-14,12,-13"
69.31669187545776,954,"CSI,3103,128,83,49,21,0,-8,5,-7,3,-3,-1,-4,-7,-5,-6,-7,-5,-6,-7,-2,-9,-3,-9,-8,-9,-11,-10,-11,-10,-10,-8,-10,-6,-10,-6,-9,-5,-10,-3,-8,-2,-3,-2,1,-2,2,-2,1,-3,3,-5,4,-5,2,-4,0,-1,0,0,0,0,0,0,0,0,0,0,0,0,0,0,0,0,0,0,0,2,2,8,1,9,-2,8,-3,7,-1,7,-2,7,-5,6,-6,2,-6,0,-6,1,-8,2,-11,1,-10,0,-11,1,-12,1,-11,3,-9,5,-10,4,-13,4,-14,4,-15,6,-15,7,-12,8,-11,11,-13,11,-13,9"
69.41696000099182,955,"CSI,3107,128,83,49,21,0,4,10,1,9,-1,7,-3,4,-6,3,-11,2,-12,0,-13,-3,-14,-2,-15,-1,-16,0,-17,1,-14,1,-14,2,-14,4,-11,4,-8,2,-8,1,-5,0,-2,-3,-2,-5,-2,-5,0,-6,0,-8,-1,-7,-1,-2,0,0,0,0,0,0,0,0,0,0,0,0,0,0,0,0,0,0,1,-1,5,-4,6,-2,7,-1,8,-3,9,-4,9,-3,10,-2,11,0,8,0,5,2,5,5,5,3,2,2,1,6,2,9,-1,9,-1,9,2,11,3,15,3,18,4,18,4,18,3,17,2,16,4,17,6,17"
69.46379899978638,956,"CSI,2083,128,75,-79,20,0,-9,5,-10,3,-11,1,-11,-1,-11,-2,-13,0,-15,-1,-15,-5,-16,-2,-19,1,-20,1,-16,1,-15,3,-15,4,-12,3,-7,3,-5,2,-4,0,-5,-2,-6,-3,-5,-3,-5,-4,-6,-5,-6,-6,-5,-7,-1,-2,0,0,0,0,0,0,0,0,0,0,0,0,0,0,0,0,0,0,-2,1,-5,8,-5,6,-4,4,-4,4,-5,4,-7,3,-9,3,-9,4,-9,3,-8,1,-8,3,-9,4,-10,3,-11,5,-12,5,-12,4,-13,6,-15,6,-15,6,-12,6,-11,6,-12,7,-12,8,-10,10,-10,13,-10,16"
69.49195504188538,957,"CSI,2084,128,75,-79,20,0,1,11,-3,10,-2,10,-2,9,-4,9,-6,13,-6,14,-9,10,-10,9,-6,10,-3,12,-1,13,0,10,1,7,0,6,-1,7,-2,5,-4,3,-4,2,-4,2,-5,3,-5,2,-6,0,-5,0,-5,2,-2,0,0,0,0,0,0,0,0,0,0,0,0,0,0,0,0,0,0,0,1,2,3,8,2,8,3,8,5,7,2,8,-1,10,-3,9,-3,7,-3,7,-5,8,-3,9,-3,10,-6,8,-6,8,-5,10,-5,12,-6,11,-5,11,-2,13,-1,15,1,16,4,15,4,15,3,14,4,14,5,13"
69.62242722511292,958,"CSI,3114,128,83,49,21,0,5,0,1,1,-5,4,-10,3,-14,3,-15,3,-17,2,-23,3,-22,3,-17,0,-15,-1,-13,2,-12,4,-10,3,-10,1,-8,0,-6,-1,-5,0,-3,-1,1,0,3,1,3,2,5,3,6,3,5,4,1,1,0,0,0,0,0,0,0,0,0,0,0,0,0,0,0,0,0,0,-2,1,-7,5,-7,5,-7,2,-6,-1,-4,-3,-2,-3,-2,-2,-3,0,-2,1,1,0,2,0,4,-1,8,-2,8,-1,8,-1,11,-1,12,-2,12,-3,14,-3,16,-3,16,-1,15,-1,15,-3,13,-5,12,-7,13,-7"
69.72404718399048,959,"CSI,3119,128,83,49,21,0,0,-1,-1,4,-2,5,-5,6,-10,8,-13,11,-13,13,-14,15,-13,13,-12,9,-11,7,-10,8,-9,7,-8,4,-6,0,-4,-2,-2,-3,-1,-1,1,1,4,0,6,0,6,1,6,1,7,0,7,1,1,0,0,0,0,0,0,0,0,0,0,0,0,0,0,0,0,0,0,0,0,2,1,9,0,9,0,9,0,8,0,4,0,2,0,2,0,2,1,0,2,-6,1,-9,3,-5,5,-5,4,-9,4,-13,6,-13,8,-12,7,-11,6,-13,4,-16,5,-18,6,-17,3,-14,2,-11,-1,-12,-1,-13"
69.82971501350403,960,"CSI,3122,128,83,49,21,0,1,4,4,8,5,11,3,14,-1,17,-1,20,1,19,2,15,0,14,-2,14,-3,13,-3,12,-2,10,0,8,-1,5,0,4,3,2,3,-2,3,-3,5,-3,7,-5,8,-6,9,-6,8,-6,8,-5,1,-1,0,0,0,0,0,0,0,0,0,0,0,0,0,0,0,0,0,0,1,-2,6,-7,7,-4,5,-2,2,-2,1,-1,-1,-1,-4,-2,-6,-2,-5,-2,-6,-4,-10,-7,-10,-7,-10,-6,-11,-9,-13,-12,-14,-11,-14,-10,-15,-9,-15,-10,-13,-13,-10,-11,-10,-11,-11,-13,-12,-11,-13,-5,-13,-1"
69.9308021068573,961,"CSI,3127,128,83,49,21,0,0,-4,-2,-7,-5,-9,-6,-11,-7,-15,-8,-19,-11,-20,-14,-21,-13,-20,-10,-20,-8,-17,-7,-14,-6,-13,-6,-9,-6,-7,-3,-6,0,-3,-1,-2,-2,-1,-2,3,-2,6,-3,8,-3,9,-2,10,0,8,0,1,0,0,0,0,0,0,0,0,0,0,0,0,0,0,0,0,0,0,-2,-2,-7,-5,-8,-6,-6,-8,-4,-8,-3,-6,-3,-4,-3,-4,-2,-3,-1,-1,0,-1,1,-2,3,1,3,5,3,8,5,12,6,16,6,18,7,19,8,19,6,19,5,19,6,16,4,12,2,10,3,9,5,8"
70.13733005523682,962,"CSI,3135,128,83,49,21,0,-1,5,4,5,7,6,9,6,13,6,17,8,16,9,15,7,15,7,15,10,14,13,15,13,15,12,13,10,10,5,4,3,0,3,1,0,1,-3,-2,-5,-5,-7,-6,-8,-4,-8,-3,-7,-4,-6,-2,-2,0,0,0,0,0,0,0,0,0,0,0,0,0,0,0,0,0,0,2,-1,10,-1,11,0,12,1,10,2,7,2,6,2,3,2,2,2,3,1,0,-1,-6,-1,-7,-1,-8,-4,-11,-6,-13,-6,-15,-8,-18,-10,-22,-8,-20,-7,-16,-8,-17,-8,-18,-8,-17,-8,-17,-7,-16,-6,-14,-6"
70.24021196365356,963,"CSI,3139,128,83,49,21,0,-1,-1,-1,4,-2,6,-6,9,-10,12,-12,14,-14,17,-16,20,-14,18,-13,16,-15,16,-15,14,-14,12,-11,9,-7,6,-6,4,-3,2,0,-1,0,-2,1,-3,5,-3,5,-3,6,-4,8,-6,10,-6,2,-2,0,0,0,0,0,0,0,0,0,0,0,0,0,0,0,0,0,0,-2,2,-4,7,-3,7,-4,7,-5,7,-5,6,-5,7,-1,7,1,5,1,1,1,-1,3,-4,3,-5,5,-7,7,-10,9,-12,10,-15,10,-15,13,-15,16,-17,14,-17,13,-15,13,-15,9,-14,6,-13,7,-14,10,-14"
70.34179210662842,964,"CSI,3143,128,83,49,21,0,0,0,-3,2,-3,7,-4,11,-4,11,-4,12,-4,12,-2,10,-1,13,-2,17,-2,17,-2,15,-1,14,-2,12,-3,9,-5,7,-4,4,-2,1,-2,-1,-3,-3,-4,-4,-3,-7,-2,-8,-3,-7,-3,-5,-1,-1,0,0,0,0,0,0,0,0,0,0,0,0,0,0,0,0,0,0,-3,-1,-9,-3,-7,-4,-8,-6,-8,-6,-7,-5,-4,-6,-1,-2,0,0,1,-1,4,0,7,0,9,-2,14,-2,15,1,14,2,16,1,18,1,19,0,18,-3,17,-5,18,-4,16,-4,14,-5,9,-4,8,-1,12,2"
70.4436719417572,965,"CSI,3147,128,83,49,21,0,0,-5,-6,-5,-9,-5,-9,-8,-10,-12,-10,-15,-7,-18,-5,-22,-8,-22,-11,-19,-11,-19,-12,-17,-10,-14,-6,-13,-4,-12,-2,-9,1,-3,4,0,3,1,3,2,3,4,3,8,3,8,3,8,2,9,0,2,0,0,0,0,0,0,0,0,0,0,0,0,0,0,0,0,0,0,-1,-3,-4,-10,-4,-10,-4,-10,-4,-10,-3,-8,-2,-6,-1,-3,0,-1,1,0,2,1,2,5,3,9,5,11,5,13,3,15,3,17,4,21,3,23,5,22,5,18,4,15,5,15,6,11,4,8,2,7,3,7"
70.54565024375916,966,"CSI,3151,128,83,49,21,0,7,-2,4,-1,-3,1,-11,0,-17,-6,-17,-9,-21,-7,-29,-4,-27,-3,-20,-3,-18,-3,-17,-4,-17,-6,-15,-6,-13,-4,-8,-3,-3,-2,0,-2,1,-1,4,2,4,2,6,2,9,2,9,2,8,4,1,1,0,0,0,0,0,0,0,0,0,0,0,0,0,0,0,0,0,0,-3,0,-10,2,-10,2,-9,2,-9,1,-9,1,-7,2,-5,1,-2,0,0,1,1,2,0,2,4,2,11,3,15,3,18,3,18,3,17,2,18,1,20,1,21,2,21,3,20,2,18,-1,16,-3,16,-4,15,-4"
70.64727306365967,967,"CSI,3155,128,83,49,21,0,3,9,5,7,8,5,10,4,12,4,14,6,12,6,10,3,13,8,13,13,10,13,10,11,10,8,8,6,7,6,6,4,5,1,3,-1,3,-1,4,-3,5,-3,5,-4,6,-5,8,-6,8,-6,1,-2,0,0,0,0,0,0,0,0,0,0,0,0,0,0,0,0,0,0,-4,-1,-14,-1,-14,-2,-12,-3,-9,-3,-5,-2,-4,-3,-5,-2,-3,1,-1,3,-1,3,-3,7,-5,12,-5,15,-5,15,-5,16,-8,16,-10,16,-11,17,-13,17,-13,15,-12,14,-10,12,-8,10,-6,10,-4,11,-4,10"
70.74979996681213,968,"CSI,3159,128,83,49,21,0,0,3,-2,4,-3,7,-1,10,1,12,0,13,1,15,3,19,3,17,2,13,0,10,-2,8,-1,10,0,9,1,4,1,1,3,-1,4,-2,2,-5,1,-7,2,-8,3,-9,2,-8,2,-5,1,-6,0,-2,0,0,0,0,0,0,0,0,0,0,0,0,0,0,0,0,0,0,1,1,6,5,5,6,2,7,3,8,4,6,3,3,1,1,-1,0,-2,-1,-3,-4,-2,-9,-3,-11,-5,-12,-5,-14,-1,-16,0,-18,-1,-19,0,-21,1,-20,2,-17,2,-16,1,-16,0,-14,0,-10,0,-8,-2,-8"
70.85256910324097,969,"CSI,3163,128,83,49,21,0,-2,4,-5,6,-7,8,-10,8,-11,9,-11,9,-13,8,-14,6,-10,8,-9,13,-9,12,-8,10,-8,8,-7,7,-6,3,-4,0,-1,-2,0,-3,-1,-4,1,-6,1,-8,1,-9,1,-9,2,-8,2,-8,0,-3,0,0,0,0,0,0,0,0,0,0,0,0,0,0,0,0,0,0,-1,-1,-4,-5,-6,-8,-7,-7,-6,-6,-5,-4,-3,-2,0,-1,3,0,4,1,5,3,6,3,9,0,11,0,14,5,16,7,16,6,17,4,18,3,19,2,18,3,18,5,17,2,15,-2,10,-2,3,-2,-2,-3"
70.95586824417114,970,"CSI,3167,128,83,49,21,0,0,-3,-2,-4,-2,-7,-3,-8,-7,-10,-10,-14,-13,-13,-15,-10,-12,-12,-7,-13,-7,-13,-7,-12,-6,-9,-3,-6,-2,-7,-2,-6,-1,-2,1,1,2,2,3,4,5,7,6,7,5,6,4,7,2,7,0,1,0,0,0,0,0,0,0,0,0,0,0,0,0,0,0,0,0,0,-2,-2,-5,-8,-6,-8,-6,-6,-4,-6,-2,-7,-3,-5,-3,-4,-3,-4,-1,0,0,5,1,8,2,11,3,13,4,14,5,15,4,17,3,17,5,17,7,20,7,20,7,18,7,17,4,15,2,11,3,8,5,7"
71.36599493026733,971,"CSI,3183,128,83,49,21,0,-5,1,-5,0,-4,0,-5,-3,-6,-6,-8,-8,-5,-11,-2,-12,-5,-10,-11,-9,-11,-11,-11,-11,-12,-10,-11,-8,-9,-7,-9,-4,-7,-3,-5,-3,-3,-4,-1,-3,0,-1,0,-1,2,-2,5,-4,5,-3,1,-1,0,0,0,0,0,0,0,0,0,0,0,0,0,0,0,0,0,0,1,1,4,3,2,3,2,5,1,6,-2,7,-4,7,-4,7,-3,4,-3,3,-5,4,-8,4,-11,5,-12,7,-13,8,-15,7,-16,5,-15,7,-14,10,-16,8,-16,7,-14,8,-11,8,-8,7,-7,6,-7,6,-6,8"
71.46496510505676,972,"CSI,3187,128,83,49,21,0,10,6,9,6,6,7,4,6,3,5,4,8,7,10,9,12,8,11,7,10,7,9,7,8,7,11,7,12,6,7,5,6,4,6,2,5,-1,4,-2,4,-2,5,0,5,-1,4,-2,4,-3,4,-1,1,0,0,0,0,0,0,0,0,0,0,0,0,0,0,0,0,0,0,1,-1,6,-3,7,-3,7,-1,7,1,5,0,4,0,4,0,6,0,8,3,12,6,14,7,13,7,12,9,13,10,13,8,13,9,11,11,11,11,14,11,13,10,12,7,11,7,10,8,13,6,14,3,13,1"
71.56321620941162,973,"CSI,1617,128,-118,32,8,0,15,11,14,11,13,11,12,10,10,9,8,7,6,5,4,2,3,-1,2,-3,1,-6,1,-8,1,-10,1,-12,2,-13,3,-12,4,-11,5,-10,5,-9,5,-7,4,-6,3,-4,1,-3,0,-2,-1,-3,-1,-1,0,0,0,0,0,0,0,0,0,0,0,0,0,0,0,0,0,0,-3,-1,-9,-4,-8,-5,-7,-4,-6,-3,-5,-1,-5,1,-6,3,-7,5,-8,7,-10,9,-12,10,-14,10,-15,10,-16,10,-16,9,-15,8,-14,7,-12,6,-10,5,-7,5,-4,4,0,5,3,5,7,6,10,7,13,8"
71.59385108947754,974,"CSI,1618,128,-98,96,9,0,-36,13,-36,11,-34,10,-31,9,-27,8,-22,6,-16,5,-10,4,-3,4,3,4,8,5,13,7,16,9,18,13,18,15,17,16,15,16,13,16,10,15,8,14,6,11,4,8,3,5,3,2,3,0,0,0,0,0,0,0,0,0,0,0,0,0,0,0,0,0,0,0,0,0,4,-2,18,-5,17,-4,14,-3,11,-3,7,-5,4,-7,1,-11,0,-16,-1,-22,0,-27,1,-31,2,-33,3,-35,5,-36,6,-35,7,-33,7,-29,5,-26,3,-22,0,-17,-4,-11,-7,-6,-11,0,-17,5,-23,8,-26,11"
71.62711024284363,975,"CSI,3191,128,83,49,21,0,-10,2,-10,4,-12,3,-10,1,-10,-1,-13,-2,-11,0,-7,2,-8,0,-11,-1,-10,0,-7,2,-7,3,-9,1,-10,0,-8,1,-5,1,-4,-1,-4,-2,-4,-1,-3,-3,-2,-3,-5,-3,-6,-1,-4,1,-1,0,0,0,0,0,0,0,0,0,0,0,0,0,0,0,0,0,0,0,-2,1,-6,3,-5,3,-7,2,-7,1,-6,-1,-7,-2,-8,-5,-8,-7,-7,-7,-7,-5,-8,-5,-9,-6,-11,-4,-12,-1,-12,-1,-12,-2,-11,-3,-10,-3,-11,-1,-13,0,-14,0,-15,1,-15,1,-14,0,-12,-1,-8,1"
71.66335797309875,976,"CSI,2832,128,101,81,22,0,-18,-8,-18,-8,-19,-7,-19,-7,-18,-6,-18,-6,-18,-6,-18,-6,-18,-6,-18,-6,-18,-6,-17,-5,-17,-5,-17,-5,-17,-5,-16,-5,-16,-6,-15,-6,-15,-6,-14,-5,-13,-5,-13,-5,-12,-5,-11,-5,-11,-6,-3,-2,0,0,0,0,0,0,0,0,0,0,0,0,0,0,0,0,0,0,-4,-1,-13,-4,-13,-4,-14,-5,-14,-5,-15,-5,-15,-6,-16,-7,-16,-7,-17,-7,-17,-7,-17,-8,-17,-9,-17,-9,-17,-9,-18,-9,-18,-9,-18,-9,-18,-9,-18,-8,-18,-8,-19,-7,-19,-8,-19,-8,-19,-8,-20,-8,-20,-8"
71.70504117012024,977,"CSI,2833,128,101,81,22,0,-22,-16,-22,-16,-22,-15,-22,-14,-22,-13,-22,-13,-22,-13,-22,-13,-22,-13,-21,-13,-21,-13,-21,-12,-21,-12,-21,-11,-20,-11,-19,-12,-18,-12,-18,-12,-17,-12,-16,-11,-15,-10,-15,-10,-14,-10,-13,-10,-12,-10,-3,-3,0,0,0,0,0,0,0,0,0,0,0,0,0,0,0,0,0,0,-5,-3,-19,-9,-19,-9,-19,-10,-20,-11,-21,-12,-21,-13,-22,-14,-23,-15,-23,-15,-23,-16,-22,-17,-22,-18,-22,-19,-22,-19,-22,-18,-23,-18,-23,-18,-22,-18,-22,-17,-23,-16,-23,-16,-23,-17,-23,-17,-23,-17,-23,-17,-24,-17"
71.73301410675049,978,"CSI,3195,128,83,49,21,0,-1,4,1,1,0,0,-1,2,-2,0,-3,-4,-1,-5,0,-8,-3,-10,-6,-10,-6,-9,-9,-8,-10,-8,-10,-8,-10,-6,-7,-6,-4,-8,-1,-6,0,-2,1,-1,2,-1,4,-1,5,-1,5,-2,6,-1,1,0,0,0,0,0,0,0,0,0,0,0,0,0,0,0,0,0,0,0,1,-1,6,-3,7,-3,6,0,5,3,3,3,1,3,0,2,0,3,0,3,0,1,-1,1,-2,2,-3,3,-5,5,-8,6,-9,7,-11,8,-11,8,-8,9,-8,9,-8,9,-6,10,-7,9,-6,8,-5,8,-7,6"
71.77614092826843,979,"CSI,3199,128,83,49,21,0,-3,-8,-3,-7,-1,-9,1,-10,5,-10,9,-9,9,-7,10,-3,13,-4,13,-7,9,-10,6,-12,6,-13,8,-13,7,-11,5,-9,5,-6,4,-4,1,-2,2,-1,3,0,3,0,4,-1,4,0,5,1,1,0,0,0,0,0,0,0,0,0,0,0,0,0,0,0,0,0,0,0,-2,-1,-6,-1,-6,-2,-8,-3,-8,-5,-6,-7,-4,-9,-5,-11,-6,-13,-5,-13,-4,-10,-5,-8,-5,-9,-5,-11,-4,-13,-4,-15,-4,-14,-5,-11,-5,-11,-3,-11,-1,-11,-2,-13,-3,-18,-4,-21,-4,-18,-3,-16,-6,-16"
71.81484699249268,980,"CSI,2834,128,101,81,22,0,-9,-22,-10,-22,-10,-22,-10,-21,-10,-21,-10,-20,-10,-21,-11,-21,-11,-21,-11,-21,-11,-20,-11,-20,-11,-20,-11,-19,-11,-19,-10,-19,-9,-19,-9,-19,-8,-19,-8,-18,-7,-17,-7,-16,-6,-16,-6,-15,-5,-15,-2,-4,0,0,0,0,0,0,0,0,0,0,0,0,0,0,0,0,0,0,-2,-3,-8,-13,-8,-13,-8,-14,-8,-15,-9,-16,-9,-17,-9,-18,-9,-19,-9,-19,-8,-20,-8,-21,-8,-22,-8,-22,-8,-22,-8,-22,-8,-22,-8,-22,-8,-22,-8,-22,-8,-21,-9,-22,-9,-22,-10,-22,-9,-22,-9,-22,-10,-23"
71.87550616264343,981,"CSI,3202,128,83,49,21,0,8,-1,3,1,-1,3,-2,4,-1,8,-1,10,-1,13,0,18,3,17,4,13,4,11,3,13,4,13,4,11,2,7,-1,2,-2,-1,0,-1,1,-1,-1,0,-3,-1,-5,-1,-7,-1,-7,0,-6,1,-2,0,0,0,0,0,0,0,0,0,0,0,0,0,0,0,0,0,0,0,0,-2,1,-7,3,-6,2,-6,2,-6,3,-5,4,-4,5,-2,6,-1,7,-1,8,-2,9,-3,9,0,8,3,9,0,10,0,10,3,11,4,13,4,14,4,15,3,15,2,14,2,10,1,8,1,11,2,12,4"
71.90628814697266,982,"CSI,2835,128,101,81,22,0,-24,3,-24,3,-24,4,-24,4,-24,5,-23,5,-23,5,-22,5,-22,5,-22,5,-21,6,-21,6,-21,5,-22,5,-22,5,-21,5,-20,4,-19,3,-19,3,-18,3,-18,3,-17,2,-17,2,-16,1,-15,0,-4,0,0,0,0,0,0,0,0,0,0,0,0,0,0,0,0,0,0,0,-5,1,-18,5,-18,5,-19,5,-20,5,-21,5,-21,4,-22,4,-23,4,-24,4,-25,3,-25,3,-25,2,-25,2,-25,2,-25,2,-26,1,-26,1,-25,2,-26,2,-26,3,-26,3,-25,3,-25,3,-25,3,-26,4,-27,4"
71.98249697685242,983,"CSI,3207,128,83,49,21,0,-5,-14,-2,-14,-2,-13,0,-13,1,-12,1,-12,1,-12,-1,-10,-3,-12,-3,-17,-3,-19,-4,-18,-5,-16,-4,-13,-5,-12,-7,-12,-5,-8,-1,-4,1,-3,1,-5,1,-5,2,-7,2,-10,2,-9,3,-9,1,-3,0,0,0,0,0,0,0,0,0,0,0,0,0,0,0,0,0,0,0,-2,3,-6,5,-6,6,-7,8,-6,10,-5,11,-3,10,0,8,-2,7,-6,8,-6,10,-6,8,-8,8,-11,9,-12,11,-8,9,-6,8,-8,9,-11,9,-11,6,-13,4,-18,6,-20,5,-19,3,-21,2,-22,0,-20"
72.01317596435547,984,"CSI,2836,128,101,81,22,0,13,12,13,12,14,12,14,11,14,11,14,11,14,11,15,11,15,11,14,11,14,11,14,10,14,10,15,10,14,10,14,10,13,11,13,11,12,10,11,10,11,9,10,9,10,9,9,9,9,9,2,2,0,0,0,0,0,0,0,0,0,0,0,0,0,0,0,0,0,0,2,1,11,7,12,7,12,7,12,8,12,9,13,9,13,10,13,11,13,11,13,12,13,12,13,13,13,13,13,13,13,13,13,13,13,13,13,13,13,12,13,12,13,12,14,12,14,13,14,13,14,12,15,13"
72.04648113250732,985,"CSI,393,128,-117,-78,40,0,-25,7,-25,7,-25,7,-25,7,-25,7,-24,8,-23,8,-23,8,-23,8,-23,8,-23,8,-23,9,-23,9,-23,9,-23,8,-23,8,-22,7,-21,6,-21,6,-21,6,-20,5,-19,5,-19,4,-18,4,-18,3,-5,0,0,0,0,0,0,0,0,0,0,0,0,0,0,0,0,0,0,0,-5,1,-18,7,-18,7,-19,7,-20,7,-21,7,-22,6,-22,6,-23,6,-24,6,-25,6,-25,5,-25,4,-25,4,-25,4,-26,4,-26,4,-26,4,-25,4,-26,5,-26,6,-26,6,-25,6,-25,6,-25,6,-26,6,-27,6"
72.07973599433899,986,"CSI,2347,128,-5,-79,31,0,18,-5,17,-5,17,-5,17,-5,17,-6,17,-6,16,-6,16,-6,16,-6,15,-6,15,-6,15,-7,15,-6,15,-6,16,-6,15,-6,14,-5,14,-5,13,-4,13,-4,13,-4,12,-4,12,-3,11,-3,11,-2,2,-1,0,0,0,0,0,0,0,0,0,0,0,0,0,0,0,0,0,0,3,-2,14,-6,14,-6,15,-6,16,-6,16,-6,17,-6,17,-5,18,-5,19,-5,19,-5,19,-4,19,-4,19,-4,19,-4,19,-4,19,-4,19,-4,19,-4,19,-4,19,-5,19,-5,19,-5,18,-5,19,-5,19,-5,20,-5"
72.115797996521,987,"CSI,2348,128,122,-96,7,0,-22,11,-21,11,-21,11,-21,12,-20,12,-20,12,-19,12,-19,12,-18,13,-18,13,-18,12,-17,13,-17,13,-18,12,-18,12,-17,12,-17,11,-16,10,-15,10,-15,10,-15,9,-15,8,-14,8,-14,7,-13,6,-4,1,0,0,0,0,0,0,0,0,0,0,0,0,0,0,0,0,0,0,-5,2,-17,9,-17,9,-18,9,-19,10,-20,10,-20,10,-21,10,-22,10,-23,10,-24,10,-24,9,-24,9,-24,8,-24,8,-24,9,-24,9,-24,9,-24,9,-24,9,-24,10,-23,10,-23,10,-22,10,-23,10,-24,10,-24,11"
72.14910316467285,988,"CSI,2349,128,-5,-79,31,0,23,-4,23,-4,23,-4,23,-5,22,-5,22,-6,21,-6,21,-6,21,-6,20,-6,20,-7,20,-7,20,-7,20,-7,20,-7,20,-6,19,-5,18,-5,17,-4,17,-5,16,-4,15,-4,15,-4,15,-3,14,-2,3,-1,0,0,0,0,0,0,0,0,0,0,0,0,0,0,0,0,0,0,4,-1,18,-4,19,-4,19,-4,20,-4,21,-4,22,-3,23,-3,24,-3,24,-3,25,-3,25,-2,25,-1,25,-1,25,-1,25,-1,25,-1,25,-1,24,-1,25,-2,25,-3,25,-3,24,-3,24,-3,24,-3,25,-3,26,-4"
72.17964601516724,989,"CSI,3210,128,83,49,21,0,1,-1,2,1,2,2,3,3,3,7,4,12,2,11,-1,7,-2,10,-1,15,2,15,2,12,1,8,1,6,2,4,2,2,0,0,-4,-1,-5,-4,-3,-5,-2,-4,-2,-5,-2,-6,-3,-5,-2,-6,-1,-2,0,0,0,0,0,0,0,0,0,0,0,0,0,0,0,0,0,0,-1,1,-2,8,-4,8,-5,7,-5,6,-4,5,-4,4,-5,2,-5,2,-4,2,-4,-1,-4,-4,-3,-7,-3,-12,-3,-14,-2,-15,0,-16,2,-16,3,-16,1,-18,0,-20,-2,-20,-1,-17,2,-16,2,-17,-1,-17,-4,-16"
72.2158682346344,990,"CSI,2837,128,101,81,22,0,17,-16,17,-16,17,-16,17,-16,16,-16,16,-16,14,-16,14,-16,14,-16,13,-16,13,-16,12,-16,13,-16,13,-15,13,-15,13,-15,12,-14,11,-13,11,-13,11,-12,11,-11,11,-11,11,-10,10,-9,10,-9,2,-2,0,0,0,0,0,0,0,0,0,0,0,0,0,0,0,0,0,0,3,-4,14,-14,14,-15,15,-15,16,-15,17,-16,17,-16,18,-16,19,-16,20,-16,21,-16,22,-16,21,-15,21,-15,21,-15,21,-15,21,-15,20,-15,20,-15,21,-16,21,-16,20,-16,19,-16,19,-16,19,-15,20,-16,20,-16"
72.2450520992279,991,"CSI,3215,128,83,49,21,0,0,3,-4,3,-8,2,-11,5,-13,7,-12,5,-11,8,-13,13,-13,15,-12,12,-11,10,-10,9,-8,8,-7,5,-5,2,-4,1,-4,0,-2,0,1,-1,1,-5,2,-6,2,-6,1,-10,2,-11,2,-8,0,-2,0,0,0,0,0,0,0,0,0,0,0,0,0,0,0,0,0,0,-2,-3,-6,-12,-6,-10,-3,-9,-1,-10,0,-8,1,-4,1,-2,2,0,6,1,8,0,8,0,10,1,13,4,15,8,17,10,19,10,20,8,18,7,16,7,18,8,20,8,18,7,16,6,12,4,5,1,2,-3"
72.28636693954468,992,"CSI,3219,128,83,49,21,0,-5,-9,-3,-2,0,3,3,5,6,8,6,12,9,15,14,18,14,18,11,17,9,15,11,15,13,15,11,13,6,12,3,10,3,5,1,0,-1,-2,-2,-4,-3,-7,-4,-7,-6,-8,-7,-10,-7,-9,-2,-3,0,0,0,0,0,0,0,0,0,0,0,0,0,0,0,0,0,0,-1,2,-1,11,1,12,1,10,-2,9,-5,9,-5,10,-3,9,-3,5,-2,2,-1,2,-1,1,0,-2,2,-7,3,-10,1,-13,-1,-14,-2,-17,-2,-20,-1,-21,-3,-23,-4,-25,-1,-26,-1,-25,-4,-24,-4,-24,0,-21"
72.35754609107971,993,"CSI,2839,128,101,81,22,0,19,-14,19,-14,19,-14,19,-14,18,-14,18,-14,16,-14,16,-14,16,-15,15,-14,15,-14,14,-14,14,-14,14,-14,15,-14,14,-13,14,-13,13,-12,12,-11,12,-11,12,-10,12,-10,11,-9,11,-8,10,-7,2,-2,0,0,0,0,0,0,0,0,0,0,0,0,0,0,0,0,0,0,4,-4,17,-13,17,-13,18,-14,19,-14,20,-14,21,-14,21,-14,22,-14,23,-14,24,-13,24,-13,24,-12,24,-12,24,-12,24,-12,24,-12,23,-12,23,-13,23,-13,23,-13,23,-13,22,-13,21,-13,21,-13,22,-13,22,-13"
72.38993406295776,994,"CSI,3223,128,83,49,21,0,3,-10,1,-6,-2,-3,-7,3,-10,9,-7,11,-9,13,-16,14,-18,15,-17,16,-16,15,-14,12,-15,8,-15,9,-11,11,-6,7,-4,1,-3,-3,0,-2,2,-3,3,-2,4,-1,5,-2,7,-2,8,-2,2,-1,0,0,0,0,0,0,0,0,0,0,0,0,0,0,0,0,0,0,1,1,6,6,5,7,4,9,3,10,2,8,1,6,2,5,3,6,4,5,3,4,2,2,0,-1,1,-3,3,-5,5,-9,4,-12,6,-17,9,-20,8,-20,7,-21,8,-26,7,-29,6,-27,7,-23,6,-22,6,-23"
72.45841002464294,995,"CSI,3859,128,83,49,21,0,-6,14,-3,10,-1,6,1,6,6,6,10,5,7,2,3,-4,4,-5,9,-2,12,-1,13,-1,12,-1,14,0,14,1,11,1,9,0,8,1,6,0,3,-2,0,-3,0,-2,0,-2,0,-4,-1,-6,-1,-2,0,0,0,0,0,0,0,0,0,0,0,0,0,0,0,0,0,0,-1,-1,-2,-3,-1,-4,-2,-5,-5,-4,-5,-5,-5,-5,-5,-4,-3,-6,-4,-9,-6,-9,-6,-9,-4,-7,-3,-6,-4,-5,-4,-3,-2,-1,-1,2,-2,7,-2,11,-3,13,-6,14,-8,14,-9,17,-12,20,-14,19,-15,18"
72.4891710281372,996,"CSI,2840,128,101,81,22,0,21,-6,20,-6,21,-6,21,-7,20,-7,20,-7,19,-8,19,-8,19,-9,18,-9,17,-9,17,-9,17,-9,18,-9,18,-9,18,-8,17,-7,16,-7,16,-6,16,-6,15,-6,15,-6,14,-6,14,-5,13,-4,3,-1,0,0,0,0,0,0,0,0,0,0,0,0,0,0,0,0,0,0,4,-2,18,-6,19,-6,20,-6,21,-6,21,-6,22,-5,22,-5,23,-4,24,-5,24,-5,24,-4,24,-4,24,-4,24,-4,24,-4,24,-4,23,-4,23,-4,23,-5,23,-5,23,-5,22,-5,22,-5,22,-5,23,-5,23,-5"
72.52208995819092,997,"CSI,3227,128,83,49,21,0,-4,-6,-4,-9,-4,-10,-3,-12,-1,-15,-1,-17,1,-15,5,-14,3,-15,1,-16,-1,-16,-2,-14,-1,-11,-1,-9,0,-8,1,-7,2,-5,3,-4,6,-3,7,-1,7,1,7,0,9,0,8,-1,4,-1,0,-1,0,0,0,0,0,0,0,0,0,0,0,0,0,0,0,0,0,0,-2,1,-5,6,-6,7,-8,8,-8,8,-6,6,-4,5,-5,3,-6,0,-5,-2,-4,-5,-6,-7,-9,-8,-11,-8,-12,-9,-13,-9,-15,-9,-15,-10,-14,-11,-16,-11,-19,-8,-20,-8,-19,-8,-18,-6,-19,-5,-18,-5,-14,-5"
72.56584906578064,998,"CSI,2085,128,75,-79,20,0,-7,1,-7,-2,-7,-5,-9,-9,-12,-10,-11,-10,-14,-12,-20,-12,-21,-8,-17,-7,-14,-8,-12,-9,-12,-9,-10,-8,-7,-6,-3,-5,0,-4,1,-2,2,-3,4,-4,5,-6,7,-7,7,-8,5,-9,4,-10,1,-3,0,0,0,0,0,0,0,0,0,0,0,0,0,0,0,0,0,0,1,2,5,8,5,7,5,9,4,11,5,9,6,8,3,7,-2,6,-3,6,-3,5,-4,5,-5,7,-6,9,-8,7,-11,4,-14,7,-15,11,-16,12,-18,12,-20,11,-19,10,-16,9,-13,6,-13,6,-14,8,-16,7"
72.59369111061096,999,"CSI,2841,128,101,81,22,0,21,5,21,5,21,5,21,4,20,3,20,3,20,3,20,3,19,3,19,3,18,3,18,2,18,2,18,2,18,2,17,2,16,3,15,3,14,3,14,3,13,2,12,3,12,3,11,3,10,3,2,1,0,0,0,0,0,0,0,0,0,0,0,0,0,0,0,0,0,0,5,0,20,3,20,3,20,4,21,4,22,5,23,6,23,6,24,7,24,7,24,8,24,9,24,9,23,10,23,9,23,9,24,9,23,9,23,8,23,7,23,6,23,6,23,7,22,7,22,7,23,6,24,6"
72.62684321403503,1000,"CSI,1629,128,-118,32,8,0,-6,3,-4,5,-2,7,-2,10,-1,12,-1,14,0,14,0,14,-1,14,-2,14,-2,12,-2,11,-2,9,-2,8,-1,6,0,4,2,2,3,1,5,1,6,1,7,2,7,3,7,4,6,5,5,5,1,1,0,0,0,0,0,0,0,0,0,0,0,0,0,0,0,0,0,0,-2,-2,-5,-6,-5,-8,-5,-9,-4,-11,-3,-12,-2,-12,-1,-12,0,-12,0,-11,0,-9,-1,-8,-2,-6,-4,-5,-6,-4,-8,-3,-10,-3,-12,-2,-14,-2,-16,-3,-18,-4,-18,-4,-18,-4,-18,-4,-17,-4,-16,-4,-14,-3"
72.65753102302551,1001,"CSI,1630,128,-98,96,9,0,0,-8,-4,-8,-7,-8,-9,-8,-11,-8,-13,-9,-14,-10,-14,-11,-14,-11,-13,-11,-12,-11,-10,-10,-9,-9,-7,-7,-6,-5,-5,-3,-4,0,-5,2,-6,3,-6,4,-7,4,-8,4,-9,3,-9,2,-10,1,-3,0,0,0,0,0,0,0,0,0,0,0,0,0,0,0,0,0,0,0,1,-1,8,-2,9,-1,11,0,11,2,12,3,12,5,11,6,10,6,9,6,7,5,6,4,6,1,6,-1,6,-4,6,-6,7,-9,8,-11,10,-13,11,-14,12,-15,13,-15,14,-15,14,-15,13,-13,11,-12,9,-12"
72.68798899650574,1002,"CSI,3230,128,83,49,21,0,-2,4,-5,1,-6,-4,-8,-6,-12,-4,-18,-3,-21,-2,-20,2,-20,1,-19,-2,-17,-2,-17,-1,-14,0,-11,1,-9,1,-6,0,-1,-2,1,-3,3,-3,5,-5,6,-7,7,-5,6,-3,4,-5,4,-7,1,-2,0,0,0,0,0,0,0,0,0,0,0,0,0,0,0,0,0,0,3,-2,12,-7,10,-7,8,-6,9,-5,9,-3,9,-1,7,0,5,0,2,1,0,3,1,6,-1,8,-3,8,-2,10,-2,14,-4,16,-3,18,-2,20,0,20,1,21,-1,22,-2,22,0,20,2,18,2,13,-1,12"
72.71860718727112,1003,"CSI,2086,128,77,-47,20,0,1,3,-2,5,-7,6,-10,7,-11,9,-10,10,-8,14,-6,18,-8,16,-10,12,-9,10,-9,10,-11,10,-10,9,-7,7,-4,3,-3,1,-3,-2,-2,-4,1,-5,1,-7,-1,-8,-2,-9,-4,-9,-4,-9,-1,-3,0,0,0,0,0,0,0,0,0,0,0,0,0,0,0,0,0,0,-2,-4,-6,-12,-3,-10,-1,-9,-1,-8,-1,-7,-1,-8,-1,-7,-1,-2,1,0,3,-2,4,-2,4,1,5,5,6,8,6,9,10,9,14,8,15,7,18,7,21,9,21,10,19,10,16,7,15,5,14,5,13,4"
72.75183415412903,1004,"CSI,2087,128,77,-47,20,0,-6,-2,0,-3,4,-4,8,-5,12,-6,16,-5,16,-3,14,-2,16,-7,19,-12,18,-14,16,-14,12,-10,9,-7,9,-7,7,-5,4,-2,2,0,1,2,-1,5,-2,6,-4,8,-5,8,-3,7,-2,8,-1,2,0,0,0,0,0,0,0,0,0,0,0,0,0,0,0,0,0,0,1,2,6,9,5,9,4,9,2,10,1,10,2,10,2,8,-1,6,-1,4,-1,4,-4,3,-7,-1,-8,-4,-9,-5,-12,-8,-15,-10,-16,-9,-18,-9,-20,-12,-21,-14,-21,-12,-18,-9,-17,-9,-17,-8,-16,-4,-11,-1"
72.77964806556702,1005,"CSI,2842,128,101,81,22,0,22,8,22,8,23,7,22,6,22,6,22,5,23,5,23,5,23,5,22,5,22,5,22,4,22,4,22,4,22,4,22,4,21,5,20,5,20,5,19,4,18,4,18,4,17,4,16,5,16,5,3,1,0,0,0,0,0,0,0,0,0,0,0,0,0,0,0,0,0,0,3,0,15,1,15,1,16,2,17,2,18,3,18,4,19,5,20,5,20,6,21,6,20,7,20,8,21,9,21,9,21,9,21,9,21,9,21,9,21,8,22,7,22,7,22,8,22,8,22,8,23,8,24,8"
72.81024408340454,1006,"CSI,3235,128,83,49,21,0,1,-8,-1,-6,-2,-3,-3,1,-5,7,-8,14,-11,17,-13,16,-13,18,-10,21,-7,21,-7,18,-8,15,-10,15,-10,13,-9,8,-6,4,-4,4,-2,1,1,-2,1,-2,1,-4,2,-7,3,-7,3,-7,0,-2,0,0,0,0,0,0,0,0,0,0,0,0,0,0,0,0,0,0,1,3,5,13,3,14,1,12,0,11,0,10,-1,11,0,9,-1,6,-3,6,-3,4,-2,2,0,-1,0,-5,1,-9,2,-13,4,-17,5,-19,7,-20,10,-21,11,-22,10,-24,9,-25,7,-24,5,-24,4,-24,4,-25"
72.84081888198853,1007,"CSI,3239,128,83,49,21,0,12,-5,8,-4,5,-3,1,0,-5,1,-10,2,-15,1,-19,-2,-21,3,-21,10,-19,11,-19,10,-20,6,-18,2,-15,2,-13,2,-9,0,-6,-1,-5,-1,-3,2,0,3,3,1,6,0,6,-1,6,-2,1,-1,0,0,0,0,0,0,0,0,0,0,0,0,0,0,0,0,0,0,-2,2,-6,10,-8,9,-8,7,-8,5,-8,5,-8,3,-9,1,-8,1,-6,1,-5,-1,-3,-2,-1,-1,1,0,3,0,6,-2,10,-5,14,-6,18,-5,20,-5,21,-6,20,-6,20,-6,21,-8,22,-9,22,-8,21,-9"
72.87137413024902,1008,"CSI,2843,128,101,81,22,0,10,-8,9,-8,10,-8,10,-8,10,-8,9,-9,9,-8,8,-9,8,-9,8,-9,8,-9,7,-9,8,-8,8,-8,8,-8,8,-8,8,-8,7,-7,7,-7,7,-6,7,-6,7,-6,7,-6,6,-5,6,-5,1,-2,0,0,0,0,0,0,0,0,0,0,0,0,0,0,0,0,0,0,1,-2,7,-8,7,-8,8,-9,8,-9,9,-9,9,-9,9,-9,10,-9,11,-9,11,-9,11,-9,11,-8,11,-8,11,-8,11,-8,11,-8,11,-8,11,-8,11,-8,11,-8,11,-8,11,-8,10,-8,11,-8,11,-9,10,-9"
72.90189790725708,1009,"CSI,3243,128,83,49,21,0,12,5,9,2,5,-3,1,-10,-5,-14,-8,-14,-8,-16,-10,-20,-11,-21,-9,-20,-6,-21,-2,-20,2,-18,3,-17,2,-15,1,-11,-2,-8,-5,-4,-4,-1,-4,2,-6,2,-7,1,-6,1,-5,4,-3,5,-1,1,0,0,0,0,0,0,0,0,0,0,0,0,0,0,0,0,0,0,-1,2,-4,8,-4,8,-5,9,-7,9,-8,7,-9,4,-9,2,-6,3,-4,3,-2,1,-1,2,2,3,6,0,8,-2,10,0,13,1,16,4,19,6,22,4,23,3,22,5,19,6,19,4,20,6,19,8,20,7"
72.93757700920105,1010,"CSI,2844,128,101,81,22,0,-23,-6,-23,-6,-23,-6,-23,-5,-23,-4,-23,-4,-22,-4,-22,-4,-22,-4,-22,-4,-21,-4,-21,-3,-21,-3,-21,-3,-21,-3,-20,-4,-19,-4,-18,-5,-17,-5,-17,-4,-16,-4,-15,-4,-15,-4,-14,-5,-13,-5,-4,-2,0,0,0,0,0,0,0,0,0,0,0,0,0,0,0,0,0,0,-5,-1,-20,-1,-20,-2,-21,-2,-22,-3,-23,-3,-23,-4,-24,-5,-24,-5,-25,-5,-25,-6,-25,-7,-25,-8,-25,-8,-25,-8,-25,-8,-25,-8,-25,-8,-24,-8,-24,-7,-25,-6,-25,-6,-25,-6,-24,-7,-25,-6,-25,-6,-26,-6"
73.00217795372009,1011,"CSI,3247,128,83,49,21,0,-3,-9,-2,-2,-1,3,1,6,2,9,4,11,10,17,13,21,13,21,12,19,9,18,8,16,8,15,7,13,7,9,5,5,3,3,2,3,-1,0,-3,-4,-4,-7,-5,-7,-6,-8,-8,-8,-8,-7,-2,-2,0,0,0,0,0,0,0,0,0,0,0,0,0,0,0,0,0,0,-2,2,-4,11,-3,11,-3,11,-4,11,-6,8,-5,6,-3,6,-3,7,-2,6,0,4,1,2,1,0,0,-3,1,-9,2,-12,3,-16,4,-18,3,-20,1,-21,1,-22,0,-24,0,-23,-1,-21,-5,-22,-4,-23,0,-23"
73.03491616249084,1012,"CSI,2845,128,101,81,22,0,19,-3,18,-4,19,-4,19,-4,19,-5,18,-5,18,-5,17,-5,17,-5,17,-6,16,-6,16,-6,16,-6,16,-6,17,-6,16,-5,16,-4,15,-4,14,-4,14,-4,13,-4,13,-3,13,-3,12,-2,11,-2,2,-1,0,0,0,0,0,0,0,0,0,0,0,0,0,0,0,0,0,0,3,-2,14,-5,14,-5,15,-5,16,-5,17,-5,17,-4,18,-4,19,-4,20,-4,20,-3,20,-3,20,-2,20,-2,20,-2,20,-2,20,-2,20,-2,20,-2,20,-3,21,-3,20,-3,20,-3,20,-3,20,-3,21,-4,21,-4"
73.0768940448761,1013,"CSI,403,128,-117,-78,40,0,-20,-4,-19,-4,-19,-4,-19,-3,-19,-3,-19,-2,-19,-2,-19,-2,-19,-2,-18,-2,-18,-2,-18,-1,-18,-1,-18,-1,-18,-1,-17,-1,-17,-2,-16,-2,-16,-2,-15,-2,-15,-2,-14,-2,-13,-2,-13,-2,-12,-3,-3,-1,0,0,0,0,0,0,0,0,0,0,0,0,0,0,0,0,0,0,-4,-1,-15,-1,-16,-1,-16,-2,-17,-2,-18,-3,-18,-3,-19,-4,-19,-5,-20,-5,-20,-5,-20,-6,-20,-6,-20,-7,-20,-7,-20,-7,-20,-7,-20,-7,-20,-6,-20,-6,-20,-5,-20,-5,-20,-5,-20,-5,-20,-5,-21,-5,-22,-5"
73.10473799705505,1014,"CSI,2352,128,-5,-79,31,0,0,24,1,24,2,23,2,23,1,22,2,22,3,22,4,22,4,22,4,22,4,22,4,21,4,21,4,20,3,20,3,20,3,20,2,19,2,18,2,17,1,16,1,16,1,15,0,15,0,15,0,3,0,0,0,0,0,0,0,0,0,0,0,0,0,0,0,0,0,0,1,4,4,17,4,17,4,18,3,19,3,20,3,21,3,23,2,23,1,24,1,24,0,25,0,25,0,25,0,25,-1,25,-1,25,-1,25,-1,25,-1,24,0,24,0,24,0,24,1,25,1,24,1,25,1,25"
73.13806414604187,1015,"CSI,3251,128,83,49,21,0,-2,0,-3,-4,-7,-7,-10,-11,-10,-15,-9,-17,-10,-19,-10,-23,-11,-22,-12,-20,-12,-18,-13,-15,-11,-12,-5,-10,-2,-10,0,-8,2,-4,2,-2,4,-1,6,0,7,1,9,2,9,0,8,-1,9,0,2,0,0,0,0,0,0,0,0,0,0,0,0,0,0,0,0,0,0,0,3,-1,13,-4,12,-5,12,-4,10,-2,10,-2,10,-2,10,-1,7,1,3,3,2,5,1,4,-3,3,-9,3,-12,6,-12,9,-12,13,-10,16,-10,16,-10,16,-11,15,-12,16,-13,16,-11,15,-7,14,-6,15,-8,16"
73.16895008087158,1016,"CSI,2846,128,101,81,22,0,11,15,11,14,12,14,11,13,11,13,12,13,12,13,12,13,12,12,12,13,12,12,12,12,12,12,12,12,12,12,11,12,11,12,11,12,10,11,9,11,9,10,9,10,8,10,7,10,7,10,1,2,0,0,0,0,0,0,0,0,0,0,0,0,0,0,0,0,0,0,2,1,10,7,11,8,11,9,11,9,11,10,12,11,12,12,12,13,12,13,11,14,11,14,11,15,11,16,11,16,11,15,11,15,11,16,11,15,11,15,11,14,11,15,11,15,12,15,11,15,12,15,13,15"
73.20765113830566,1017,"CSI,3255,128,83,49,21,0,8,4,2,2,-5,0,-8,0,-13,-1,-19,-3,-22,-7,-27,-11,-26,-8,-22,-6,-21,-7,-19,-9,-18,-9,-16,-8,-12,-7,-9,-3,-6,-3,-3,-5,0,-3,4,0,7,2,10,0,12,0,11,0,9,2,1,0,0,0,0,0,0,0,0,0,0,0,0,0,0,0,0,0,0,0,-1,-3,-2,-10,-4,-10,-3,-12,0,-14,2,-13,1,-10,-1,-8,0,-6,2,-3,4,-2,4,-1,2,2,2,6,3,8,4,11,6,15,7,16,9,17,12,20,10,22,9,23,11,25,13,25,14,25,15,22,15,17"
73.24630904197693,1018,"CSI,2847,128,101,81,22,0,24,6,23,6,24,5,24,4,24,3,24,3,24,3,24,2,24,2,24,2,23,2,23,1,23,1,24,1,24,1,23,1,23,2,22,3,21,2,21,2,20,2,19,2,19,2,18,3,18,3,4,1,0,0,0,0,0,0,0,0,0,0,0,0,0,0,0,0,0,0,4,0,19,2,19,3,19,3,20,4,21,4,22,5,22,6,23,7,24,7,24,7,24,9,23,9,23,10,23,9,23,9,24,9,23,9,23,9,24,8,24,7,24,7,24,7,24,7,24,7,25,7,26,7"
73.3098418712616,1019,"CSI,3259,128,83,49,21,0,-17,-3,-11,-5,-4,-3,0,3,4,5,8,4,9,6,10,12,15,13,20,10,19,9,18,10,16,9,14,8,12,4,11,1,7,0,3,-1,0,-4,-1,-4,-1,-3,-3,-3,-4,-6,-4,-7,-3,-6,-1,-2,0,0,0,0,0,0,0,0,0,0,0,0,0,0,0,0,0,0,1,-3,6,-8,6,-6,5,-6,7,-6,10,-4,9,-2,7,-2,6,-3,4,-4,3,-3,1,-1,-2,0,-4,0,-7,0,-9,0,-12,-1,-16,-1,-17,-1,-19,-1,-21,0,-22,1,-22,0,-23,-2,-24,-2,-24,-2,-24,-1"
73.37246298789978,1020,"CSI,2848,128,101,81,22,0,-14,-22,-14,-22,-15,-22,-15,-21,-15,-20,-15,-20,-16,-20,-17,-21,-17,-21,-17,-21,-17,-20,-17,-20,-17,-20,-17,-19,-17,-19,-16,-20,-15,-20,-15,-20,-14,-20,-13,-18,-13,-18,-12,-17,-12,-17,-11,-17,-10,-17,-3,-5,0,0,0,0,0,0,0,0,0,0,0,0,0,0,0,0,0,0,-4,-3,-13,-12,-12,-13,-12,-14,-13,-14,-13,-15,-14,-17,-14,-18,-14,-19,-13,-19,-13,-20,-12,-21,-12,-22,-12,-22,-12,-22,-12,-22,-12,-22,-13,-23,-13,-23,-12,-22,-13,-21,-13,-22,-14,-22,-14,-23,-14,-23,-15,-22,-16,-23"
73.41284513473511,1021,"CSI,3263,128,83,49,21,0,13,-3,6,-2,2,-2,0,-4,-5,-6,-8,-9,-9,-10,-8,-9,-8,-13,-8,-18,-9,-19,-10,-21,-9,-19,-5,-16,-2,-15,-2,-13,-2,-9,-2,-7,-3,-4,-4,1,-3,3,-4,6,-5,8,-5,9,-7,8,-3,2,0,0,0,0,0,0,0,0,0,0,0,0,0,0,0,0,0,0,0,3,2,12,1,11,0,10,-1,10,-2,10,-3,9,-5,10,-5,11,-3,9,-1,5,2,2,5,1,8,0,12,-1,13,-2,14,-2,17,-1,19,-2,19,-6,21,-7,26,-7,28,-6,28,-4,27,-2,27,-1,25,-2"
73.49960708618164,1022,"CSI,2849,128,101,81,22,0,-21,-12,-21,-11,-21,-11,-21,-10,-20,-10,-20,-9,-21,-9,-21,-9,-21,-8,-21,-8,-20,-8,-20,-7,-21,-7,-21,-7,-21,-7,-20,-7,-19,-7,-18,-8,-18,-8,-17,-7,-16,-7,-16,-6,-16,-6,-15,-6,-14,-7,-4,-2,0,0,0,0,0,0,0,0,0,0,0,0,0,0,0,0,0,0,-5,-2,-17,-5,-18,-6,-18,-7,-18,-7,-19,-8,-20,-9,-20,-10,-20,-10,-21,-11,-21,-11,-21,-12,-21,-13,-21,-14,-21,-14,-21,-14,-21,-14,-21,-14,-20,-14,-20,-13,-21,-12,-21,-12,-21,-13,-21,-13,-21,-12,-22,-12,-23,-12"
73.52890706062317,1023,"CSI,3266,128,83,49,21,0,2,8,-3,7,-6,3,-9,-1,-13,-3,-15,-3,-17,-6,-22,-10,-20,-6,-19,-3,-20,-3,-19,-2,-18,-3,-16,-5,-14,-4,-10,-4,-6,-4,-2,-4,-1,-4,1,-4,4,-4,5,-5,7,-5,7,-5,5,-5,1,-2,0,0,0,0,0,0,0,0,0,0,0,0,0,0,0,0,0,0,1,-3,6,-10,8,-8,8,-6,7,-7,7,-8,6,-6,5,-2,5,-1,6,-1,7,-2,5,-2,2,1,1,5,-2,9,-3,12,-3,13,-3,14,-2,15,2,17,5,22,4,25,4,25,7,24,10,22,9,20,8,17"
73.59587502479553,1024,"CSI,2850,128,101,81,22,0,1,-13,1,-13,0,-13,0,-13,0,-12,0,-12,-1,-12,-1,-12,-1,-12,-1,-12,-1,-12,-1,-12,-1,-12,-2,-12,-1,-11,-1,-11,-1,-11,-1,-11,-1,-11,0,-10,0,-9,0,-9,0,-9,0,-8,0,-8,0,-2,0,0,0,0,0,0,0,0,0,0,0,0,0,0,0,0,0,0,-1,-3,-1,-11,0,-12,0,-12,0,-12,0,-13,0,-13,1,-14,1,-14,2,-14,2,-14,2,-14,2,-15,3,-15,3,-15,3,-14,2,-14,2,-14,2,-14,2,-14,2,-14,2,-14,2,-14,1,-14,1,-14,2,-13,2,-13"
73.62570118904114,1025,"CSI,3271,128,83,49,21,0,-5,8,0,2,2,-3,4,-5,9,-5,15,-7,17,-8,15,-7,18,-7,20,-10,20,-10,18,-7,16,-5,12,-6,11,-6,10,-6,6,-4,4,-2,2,0,-2,1,-4,-1,-7,-1,-8,1,-7,2,-8,0,-3,-1,0,0,0,0,0,0,0,0,0,0,0,0,0,0,0,0,0,0,-2,-2,-5,-8,-4,-9,-4,-9,-2,-8,2,-8,1,-8,1,-9,1,-8,-1,-7,-1,-6,1,-3,-1,0,-2,1,-4,4,-7,7,-9,8,-10,10,-12,12,-13,16,-17,17,-19,17,-20,20,-19,21,-18,21,-19,21,-20,20"
73.68214011192322,1026,"CSI,3907,128,83,49,21,0,3,-19,3,-15,1,-10,-3,-6,-6,-1,-9,1,-7,3,-2,7,-4,9,-9,8,-10,7,-10,6,-10,7,-9,7,-7,5,-7,3,-7,3,-4,4,-1,3,-1,1,0,1,2,0,3,-1,2,-2,0,-3,-1,-1,0,0,0,0,0,0,0,0,0,0,0,0,0,0,0,0,0,0,-2,0,-5,2,-3,2,-1,4,0,4,0,6,-2,7,-2,8,0,7,2,8,3,9,4,9,3,9,1,7,2,3,4,1,2,1,0,1,2,-2,2,-6,2,-9,3,-13,6,-16,5,-19,5,-22,6,-21,5,-20"
73.71279406547546,1027,"CSI,2851,128,101,81,22,0,-2,12,-2,12,-2,12,-2,12,-2,12,-1,12,-1,12,0,11,0,11,0,12,0,12,0,12,0,12,0,11,-1,11,-1,11,-1,11,-1,11,-1,10,-1,10,-2,9,-2,9,-2,9,-2,8,-2,8,-1,2,0,0,0,0,0,0,0,0,0,0,0,0,0,0,0,0,0,0,-1,2,-1,8,-1,9,-1,9,-2,9,-2,10,-2,10,-2,11,-2,11,-2,11,-3,11,-3,12,-3,12,-3,12,-3,12,-3,12,-3,12,-3,12,-3,12,-3,12,-3,12,-3,12,-2,12,-2,12,-2,12,-2,12,-2,12"
73.74181604385376,1028,"CSI,3275,128,83,49,21,0,0,3,0,8,1,14,1,17,1,17,4,19,2,20,-3,20,-2,18,0,16,0,13,1,12,-1,10,-1,7,2,7,4,5,6,2,7,-1,7,-1,8,-1,6,0,4,0,5,0,6,-1,7,-1,1,-1,0,0,0,0,0,0,0,0,0,0,0,0,0,0,0,0,0,0,-3,-2,-8,-9,-5,-9,-4,-8,-3,-7,-1,-8,-1,-8,-1,-6,-1,-5,-2,-3,-3,-1,-6,1,-9,2,-10,4,-12,4,-16,4,-21,2,-24,2,-25,5,-23,5,-22,2,-22,-1,-20,0,-20,1,-21,1,-18,2,-14,2"
73.81343007087708,1029,"CSI,2852,128,101,81,22,0,14,0,13,0,13,-1,13,-1,13,-2,13,-2,13,-2,13,-2,13,-2,13,-2,13,-2,12,-2,13,-3,13,-3,13,-3,13,-2,12,-2,12,-2,12,-2,11,-2,11,-1,11,-1,10,-1,10,0,9,0,2,0,0,0,0,0,0,0,0,0,0,0,0,0,0,0,0,0,0,0,2,-1,8,-2,8,-2,9,-2,9,-1,10,-1,10,-1,10,-1,11,-1,12,0,12,0,12,0,12,1,12,1,12,1,12,1,13,1,13,1,13,1,13,0,13,0,13,0,13,0,13,0,13,0,13,0,13,-1"
73.84467720985413,1030,"CSI,3279,128,83,49,21,0,-1,6,3,5,5,7,8,10,9,10,11,11,17,13,19,12,14,12,11,13,10,14,9,12,8,11,6,8,6,5,6,3,4,1,2,-2,3,-4,6,-6,6,-8,4,-8,4,-7,5,-7,5,-7,1,-2,0,0,0,0,0,0,0,0,0,0,0,0,0,0,0,0,0,0,-2,-2,-6,-5,-5,-7,-5,-10,-5,-11,-4,-11,-3,-10,-1,-8,-1,-7,-2,-5,-2,-3,-1,0,-1,3,-6,4,-11,6,-13,8,-16,9,-17,10,-18,10,-19,12,-19,14,-20,15,-22,12,-22,8,-20,6,-17,4,-14,3"
73.92300605773926,1031,"CSI,3283,128,83,49,21,0,4,9,5,5,7,3,6,-1,8,-4,12,-4,18,-7,21,-12,19,-12,17,-7,18,-5,18,-4,15,-2,12,-1,12,-1,12,-1,7,-1,4,-3,2,-5,1,-7,2,-6,2,-7,0,-8,0,-9,1,-9,0,-2,0,0,0,0,0,0,0,0,0,0,0,0,0,0,0,0,0,0,-1,2,-3,10,-5,7,-6,7,-7,7,-6,5,-7,5,-9,7,-9,6,-8,5,-7,6,-5,8,-2,10,-1,10,-1,10,1,13,3,15,5,16,7,18,6,19,6,20,9,22,9,23,9,26,10,30,7,27,6,19"
74.02600193023682,1032,"CSI,3286,128,83,49,21,0,13,7,7,4,3,2,4,-3,4,-10,3,-15,3,-18,0,-20,0,-18,4,-14,8,-14,8,-15,5,-15,3,-10,4,-7,4,-7,1,-8,-2,-7,-2,-6,-4,-6,-6,-6,-8,-7,-8,-7,-8,-6,-10,-3,-3,-1,0,0,0,0,0,0,0,0,0,0,0,0,0,0,0,0,0,0,0,2,1,9,0,8,1,9,2,10,0,10,-4,9,-4,7,-1,6,2,5,2,6,1,7,1,6,4,4,7,5,11,5,13,3,12,2,13,2,17,1,19,2,23,3,27,6,25,10,22,10,19,10,17,11"
74.06050300598145,1033,"CSI,2854,128,101,81,22,0,12,-18,12,-18,12,-18,12,-18,12,-18,11,-18,10,-18,9,-19,9,-19,9,-19,8,-19,8,-19,8,-19,9,-18,9,-18,9,-18,8,-17,8,-16,8,-15,8,-15,8,-14,8,-13,8,-13,8,-12,8,-11,2,-3,0,0,0,0,0,0,0,0,0,0,0,0,0,0,0,0,0,0,2,-4,9,-16,9,-17,10,-17,11,-17,12,-18,12,-18,12,-18,13,-18,15,-19,15,-19,15,-19,15,-18,15,-18,16,-18,16,-18,16,-18,15,-18,15,-18,15,-18,15,-18,15,-18,14,-18,13,-18,13,-18,14,-19,15,-19"
74.13105416297913,1034,"CSI,3290,128,83,49,21,0,3,10,1,4,-3,-1,-5,-5,-4,-9,-5,-14,-4,-16,0,-15,0,-18,-4,-22,-6,-22,-5,-20,-5,-18,-4,-13,-3,-8,-2,-6,-2,-5,-2,-5,-1,-1,-1,2,-1,4,-2,8,-1,8,-1,8,-2,9,-1,2,0,0,0,0,0,0,0,0,0,0,0,0,0,0,0,0,0,0,-3,-1,-10,-2,-9,-4,-8,-6,-6,-6,-7,-6,-9,-6,-9,-8,-8,-8,-8,-5,-6,-2,-4,-1,-3,3,-1,4,2,4,2,9,4,13,5,13,6,13,8,15,10,17,11,20,13,21,13,21,13,22,12,21,10,20"
74.16446685791016,1035,"CSI,414,128,-117,-78,40,0,-7,23,-7,23,-7,23,-7,22,-7,22,-6,22,-5,22,-4,22,-4,22,-4,22,-4,22,-4,22,-4,22,-4,21,-4,21,-4,20,-4,20,-4,19,-4,18,-5,17,-5,17,-5,16,-5,15,-5,14,-5,14,-2,3,0,0,0,0,0,0,0,0,0,0,0,0,0,0,0,0,0,0,-1,4,-4,18,-5,18,-5,19,-6,20,-6,21,-6,21,-7,22,-8,23,-9,23,-10,23,-10,23,-10,23,-10,23,-10,23,-10,23,-10,23,-10,23,-10,23,-10,23,-10,23,-10,23,-9,23,-8,23,-8,23,-9,23,-10,23"
74.19287014007568,1036,"CSI,2354,128,122,-96,7,0,8,24,8,24,9,23,9,22,9,21,9,21,10,21,10,21,11,21,11,21,11,21,11,20,11,20,11,19,11,19,10,19,9,20,8,19,8,19,7,17,7,16,7,16,6,15,6,15,5,15,1,3,0,0,0,0,0,0,0,0,0,0,0,0,0,0,0,0,0,0,2,4,9,16,9,17,8,19,8,20,8,20,8,22,8,23,7,24,7,24,7,24,7,25,6,25,6,26,6,26,6,26,6,25,7,25,6,26,6,25,7,24,7,24,7,25,8,25,8,24,8,23,8,24"
74.23142290115356,1037,"CSI,3295,128,83,49,21,0,-11,6,-7,6,-2,7,4,7,8,5,9,7,12,8,17,9,15,12,10,15,6,15,4,16,3,16,3,14,2,12,2,11,2,9,2,6,4,3,4,0,2,-2,2,-1,4,0,6,-1,7,-3,2,-1,0,0,0,0,0,0,0,0,0,0,0,0,0,0,0,0,0,0,-1,0,-5,3,-6,1,-9,-1,-11,0,-12,-1,-11,-3,-10,-3,-8,-3,-8,-1,-9,0,-7,1,-5,5,-7,7,-9,7,-9,9,-10,11,-9,12,-10,12,-12,13,-14,15,-15,15,-15,15,-17,15,-21,15,-22,17,-20,17"
74.27015900611877,1038,"CSI,2856,128,101,81,22,0,-21,12,-20,12,-20,12,-20,13,-20,13,-19,13,-18,13,-18,13,-18,14,-18,14,-17,14,-17,14,-17,14,-17,14,-17,14,-17,14,-16,13,-16,12,-15,11,-16,11,-15,10,-15,10,-14,9,-14,8,-14,8,-4,1,0,0,0,0,0,0,0,0,0,0,0,0,0,0,0,0,0,0,-4,2,-16,10,-17,10,-18,10,-19,10,-19,10,-20,10,-20,10,-21,10,-22,10,-23,10,-23,10,-23,9,-23,9,-23,9,-23,9,-23,9,-23,9,-23,10,-23,10,-23,11,-23,11,-22,11,-21,11,-22,11,-22,11,-23,10"
74.33249711990356,1039,"CSI,3299,128,83,49,21,0,-3,4,0,9,2,11,2,7,3,5,7,9,10,10,11,7,9,8,7,12,7,13,7,12,6,10,5,7,4,6,4,6,4,4,4,3,5,1,5,0,5,1,5,2,4,2,4,-1,4,-3,0,-1,0,0,0,0,0,0,0,0,0,0,0,0,0,0,0,0,0,0,-2,1,-7,6,-10,2,-10,1,-9,2,-7,1,-6,0,-7,-1,-7,1,-5,4,-4,6,-2,9,-1,10,-1,12,-2,14,-4,15,-7,17,-8,18,-10,17,-12,16,-13,16,-12,15,-12,15,-12,15,-11,16,-10,15,-10,13"
74.38083100318909,1040,"CSI,2857,128,101,81,22,0,-15,10,-14,10,-14,10,-14,11,-14,11,-14,11,-13,11,-12,11,-12,11,-12,11,-12,11,-12,11,-12,11,-12,11,-12,11,-12,11,-12,11,-11,10,-11,9,-11,9,-11,8,-11,8,-11,7,-11,7,-10,6,-3,1,0,0,0,0,0,0,0,0,0,0,0,0,0,0,0,0,0,0,-3,2,-10,10,-10,10,-11,10,-12,10,-12,10,-13,11,-13,11,-14,11,-15,11,-16,11,-16,10,-16,10,-16,10,-16,10,-16,10,-16,10,-16,10,-16,10,-16,10,-16,10,-16,10,-15,10,-15,10,-15,10,-16,10,-16,11"
74.43900489807129,1041,"CSI,3303,128,83,49,21,0,-8,-1,-4,1,-1,3,1,6,2,10,2,13,1,16,0,19,0,21,-1,21,-3,18,-4,13,-2,10,0,10,0,9,-3,6,-2,4,2,2,5,-1,4,-2,4,-2,4,-3,5,-5,5,-4,5,-3,1,-1,0,0,0,0,0,0,0,0,0,0,0,0,0,0,0,0,0,0,1,-3,7,-8,8,-9,7,-9,7,-9,8,-8,7,-8,5,-7,3,-8,1,-8,-1,-6,-3,-3,-5,-4,-5,-6,-7,-7,-12,-8,-17,-9,-19,-10,-19,-12,-19,-14,-20,-15,-20,-14,-20,-13,-19,-14,-18,-13,-17,-11,-15,-12"
74.48750114440918,1042,"CSI,2858,128,101,81,22,0,14,10,14,10,15,10,15,9,15,9,15,8,15,8,15,8,15,8,15,8,15,8,15,8,15,7,15,7,15,7,15,7,14,8,14,8,13,8,12,7,12,7,11,7,11,7,10,7,10,7,2,1,0,0,0,0,0,0,0,0,0,0,0,0,0,0,0,0,0,0,3,1,12,5,12,6,12,7,12,7,13,8,13,9,14,9,14,10,14,10,14,10,14,11,14,12,14,12,14,12,14,12,14,12,14,12,14,12,14,11,14,11,15,11,15,11,15,11,15,11,15,11,16,11"
74.53962707519531,1043,"CSI,3307,128,83,49,21,0,-10,-2,-7,1,-3,4,1,5,5,7,8,12,10,14,14,13,14,13,12,16,7,16,3,15,2,14,2,12,1,11,1,11,2,6,4,3,4,1,2,-1,3,-2,5,-4,6,-5,6,-7,6,-8,1,-2,0,0,0,0,0,0,0,0,0,0,0,0,0,0,0,0,0,0,-2,-3,-5,-12,-3,-12,-2,-11,-2,-11,-2,-10,-1,-9,0,-10,1,-11,-1,-9,-2,-7,-3,-6,-7,-4,-9,0,-10,3,-14,3,-19,4,-20,3,-20,2,-23,3,-25,4,-24,1,-24,0,-26,2,-28,2,-27,0,-23,1"
74.60908603668213,1044,"CSI,2859,128,101,81,22,0,-21,-12,-21,-12,-22,-11,-21,-10,-21,-9,-21,-9,-22,-9,-22,-9,-22,-9,-22,-9,-22,-9,-22,-8,-22,-8,-22,-8,-22,-8,-21,-8,-21,-9,-20,-9,-19,-9,-19,-8,-18,-8,-17,-8,-17,-8,-16,-8,-15,-8,-4,-3,0,0,0,0,0,0,0,0,0,0,0,0,0,0,0,0,0,0,-4,-2,-16,-6,-16,-7,-16,-8,-17,-8,-18,-9,-18,-10,-19,-10,-19,-11,-20,-11,-19,-12,-19,-13,-19,-14,-19,-15,-20,-14,-20,-14,-20,-14,-20,-14,-20,-14,-20,-13,-20,-12,-21,-12,-21,-12,-21,-13,-21,-13,-22,-12,-23,-12"
74.6439950466156,1045,"CSI,3311,128,83,49,21,0,-2,17,-1,12,2,5,4,1,5,-2,9,-2,11,-3,10,-4,13,-4,17,-2,18,-2,18,-3,19,-5,15,-4,12,-1,10,0,7,-1,4,-2,1,-5,-1,-6,-3,-5,-5,-5,-7,-4,-6,-5,-4,-6,-1,-2,0,0,0,0,0,0,0,0,0,0,0,0,0,0,0,0,0,0,-2,-1,-8,-1,-8,-2,-9,-3,-11,-4,-12,-6,-11,-7,-11,-5,-11,-2,-10,-1,-7,-1,-6,1,-7,3,-7,5,-5,8,-3,12,-1,15,0,16,0,19,-3,21,-6,21,-5,24,-6,28,-8,29,-9,29,-8,26,-6,22"
74.71175193786621,1046,"CSI,2860,128,101,81,22,0,25,3,25,2,25,2,25,1,25,0,25,0,25,0,25,0,25,-1,24,-1,24,-1,24,-2,24,-2,25,-2,25,-2,24,-1,23,0,22,0,22,0,21,0,20,0,20,0,19,0,18,1,18,1,4,0,0,0,0,0,0,0,0,0,0,0,0,0,0,0,0,0,0,0,4,-1,18,-1,18,-1,19,0,20,0,21,1,22,2,23,2,23,3,24,3,25,3,25,4,24,5,25,6,25,6,25,5,25,5,25,6,25,5,25,4,26,4,26,3,26,4,25,4,26,4,27,3,28,3"
74.74610900878906,1047,"CSI,3315,128,83,49,21,0,-1,15,0,11,3,6,6,3,12,1,15,-2,19,-2,23,0,23,-2,24,-5,24,-5,22,-4,21,-2,18,-1,15,1,13,2,10,2,6,1,3,-2,3,-6,0,-8,-2,-6,-1,-5,-1,-7,-4,-10,-1,-3,0,0,0,0,0,0,0,0,0,0,0,0,0,0,0,0,0,0,-3,-1,-9,-2,-10,-3,-12,-2,-12,0,-11,-2,-10,-5,-10,-5,-9,-3,-7,-3,-5,-2,-2,1,-2,2,-3,4,-4,6,-2,10,2,14,2,18,0,21,-2,22,-4,25,-6,26,-6,25,-4,25,-3,27,-3,28,-5,26"
74.83420896530151,1048,"CSI,2861,128,101,81,22,0,-4,-23,-5,-24,-5,-24,-4,-23,-5,-22,-5,-22,-6,-22,-7,-22,-7,-22,-7,-23,-7,-23,-7,-22,-7,-22,-7,-21,-6,-21,-6,-21,-6,-21,-6,-21,-5,-20,-4,-19,-4,-18,-4,-18,-3,-17,-3,-17,-3,-17,-1,-4,0,0,0,0,0,0,0,0,0,0,0,0,0,0,0,0,0,0,-2,-4,-5,-15,-5,-16,-5,-17,-4,-18,-5,-18,-5,-20,-5,-21,-4,-21,-4,-22,-3,-22,-2,-23,-2,-24,-2,-24,-2,-24,-2,-24,-2,-23,-3,-24,-2,-24,-2,-23,-2,-23,-3,-23,-3,-23,-4,-24,-4,-24,-3,-24,-3,-25"
74.86742305755615,1049,"CSI,3319,128,83,49,21,0,8,13,7,7,8,1,7,-4,5,-7,7,-10,13,-14,17,-15,17,-18,16,-19,16,-18,15,-17,15,-17,13,-16,11,-12,11,-8,10,-5,6,-3,3,-2,-1,-2,-4,-2,-7,-2,-9,-4,-10,-5,-11,-3,-3,-1,0,0,0,0,0,0,0,0,0,0,0,0,0,0,0,0,0,0,-2,0,-8,3,-10,3,-11,1,-10,0,-10,0,-11,0,-9,-3,-7,-3,-8,0,-7,1,-4,0,-3,1,-1,4,3,8,7,11,9,11,12,12,15,13,16,15,14,18,11,18,11,20,14,26,16,26,15,24,13,23"
74.89804697036743,1050,"CSI,2088,128,77,-47,20,0,14,4,10,0,9,-6,6,-9,-3,-10,-7,-12,-9,-16,-12,-17,-10,-20,-7,-23,-7,-23,-4,-20,-3,-20,-2,-22,0,-21,0,-17,0,-11,1,-6,-1,-4,-4,-5,-5,-3,-5,0,-6,1,-8,4,-10,6,-3,1,0,0,0,0,0,0,0,0,0,0,0,0,0,0,0,0,0,0,1,1,3,7,0,7,-2,9,-2,10,-2,9,-4,7,-5,7,-3,6,-3,6,-2,6,-1,6,1,5,7,0,9,-1,9,2,11,1,15,-2,18,-3,22,-3,24,-4,25,-3,26,-1,26,-1,25,-1,26,-1,25,1"
74.92871594429016,1051,"CSI,2090,128,77,-47,20,0,-8,12,-4,6,1,1,6,-1,11,3,13,5,17,0,22,-3,22,-2,23,0,24,1,23,-1,20,0,19,1,19,0,16,1,10,0,7,-1,5,-1,2,-2,0,-3,-2,-5,-4,-6,-5,-7,-6,-8,-2,-2,0,0,0,0,0,0,0,0,0,0,0,0,0,0,0,0,0,0,-2,-2,-6,-6,-5,-7,-6,-9,-6,-12,-5,-12,-4,-11,-4,-9,-4,-9,-2,-8,-3,-7,-2,-5,0,-3,-2,-1,-6,3,-6,6,-7,9,-7,14,-9,18,-12,19,-12,19,-12,20,-14,22,-14,23,-13,23,-13,23,-14,24"
74.96769618988037,1052,"CSI,2862,128,101,81,22,0,-17,-11,-17,-11,-18,-11,-18,-10,-18,-9,-18,-9,-18,-9,-18,-9,-18,-9,-18,-9,-18,-9,-18,-8,-18,-8,-18,-8,-18,-8,-17,-8,-17,-9,-16,-9,-16,-9,-15,-8,-14,-8,-14,-8,-13,-8,-13,-8,-12,-8,-3,-3,0,0,0,0,0,0,0,0,0,0,0,0,0,0,0,0,0,0,-4,-1,-13,-5,-13,-5,-14,-6,-14,-6,-15,-7,-15,-8,-16,-8,-16,-9,-17,-9,-17,-10,-16,-11,-16,-11,-16,-12,-16,-12,-17,-12,-17,-12,-17,-12,-17,-12,-17,-11,-17,-11,-17,-11,-17,-11,-18,-11,-18,-11,-18,-11,-19,-11"
75.01317286491394,1053,"CSI,3958,128,83,49,21,0,7,6,7,4,8,3,8,1,5,-4,5,-5,4,-2,-1,-1,-2,-2,0,-3,0,-8,-1,-11,0,-9,0,-8,0,-9,1,-9,3,-7,3,-5,4,-6,3,-5,-2,-2,-4,-1,-4,-2,-3,-2,-3,-1,-1,-1,0,0,0,0,0,0,0,0,0,0,0,0,0,0,0,0,0,0,-1,-2,-1,-5,-2,-3,-3,-2,-5,-2,-8,-2,-11,-3,-10,-4,-10,-4,-12,-4,-12,-4,-11,-4,-9,-3,-6,-2,-5,-1,-6,0,-4,0,-3,1,-3,3,0,4,4,6,6,7,8,9,8,10,7,9,6,9,7,11"
75.05297517776489,1054,"CSI,3327,128,83,49,21,0,-10,6,-6,6,-2,5,3,4,7,5,13,7,15,5,15,2,16,2,15,3,16,4,18,5,18,6,16,6,15,6,12,4,9,3,6,1,3,-3,1,-5,0,-5,-2,-7,-3,-9,-2,-10,-1,-12,-1,-4,0,0,0,0,0,0,0,0,0,0,0,0,0,0,0,0,0,0,-3,-1,-10,-4,-8,-6,-6,-8,-8,-10,-10,-11,-10,-10,-7,-8,-4,-5,-3,-6,-4,-7,-4,-4,-2,1,-2,6,-4,10,-7,11,-10,13,-12,16,-12,17,-11,21,-11,21,-12,19,-14,20,-16,22,-18,21,-18,19,-17,19"
75.07945704460144,1055,"CSI,2863,128,101,81,22,0,4,13,4,13,4,13,4,12,4,12,5,12,5,12,5,12,5,12,5,12,5,12,5,12,5,12,5,11,5,11,5,11,4,12,4,11,4,11,4,10,3,9,3,9,2,9,2,9,2,9,0,2,0,0,0,0,0,0,0,0,0,0,0,0,0,0,0,0,0,0,1,1,4,7,4,8,4,9,4,9,4,9,4,10,4,11,4,11,4,12,3,12,3,13,3,13,3,13,3,13,3,13,3,13,3,13,3,13,3,13,3,13,4,13,4,13,4,13,4,13,4,13,4,13"
