timestamp,sample_number,csi_data
0.05703377723693848,1,"CSI,1193,128,-117,-78,40,0,-23,-5,-23,-5,-23,-5,-23,-4,-23,-3,-22,-2,-22,-3,-22,-3,-22,-2,-22,-2,-22,-2,-21,-2,-21,-1,-22,-1,-22,-1,-21,-1,-20,-2,-20,-2,-19,-3,-18,-2,-18,-2,-17,-2,-17,-3,-16,-3,-15,-3,-4,-1,0,0,0,0,0,0,0,0,0,0,0,0,0,0,0,0,0,0,-4,-1,-16,-1,-17,-1,-18,-2,-18,-2,-19,-2,-20,-3,-20,-4,-21,-4,-22,-5,-22,-5,-22,-6,-22,-7,-22,-7,-22,-7,-22,-7,-23,-7,-23,-7,-23,-7,-23,-6,-23,-5,-23,-5,-23,-6,-23,-6,-23,-6,-24,-5,-25,-5"
0.0875859260559082,2,"CSI,756,128,101,81,22,0,21,10,21,10,22,10,22,9,21,8,21,8,21,8,22,8,22,7,21,7,21,7,21,6,21,6,21,6,21,6,20,6,20,7,19,8,18,7,17,7,17,6,16,6,15,6,15,6,14,7,3,1,0,0,0,0,0,0,0,0,0,0,0,0,0,0,0,0,0,0,4,0,16,3,16,4,17,4,17,5,18,6,19,7,19,8,20,8,20,9,21,9,21,10,21,11,21,12,21,12,21,11,21,12,21,12,21,11,21,11,21,10,21,10,22,11,22,11,22,11,23,10,23,10"
0.1181638240814209,3,"CSI,2422,128,83,49,21,0,-2,-19,-3,-16,-5,-10,-3,-5,-4,-2,-11,0,-20,1,-25,4,-25,5,-24,6,-24,3,-23,0,-23,-1,-22,0,-21,1,-19,2,-14,2,-11,2,-10,1,-8,0,-5,2,-3,2,-2,3,0,5,3,8,1,2,0,0,0,0,0,0,0,0,0,0,0,0,0,0,0,0,0,0,0,-1,5,-2,7,-4,8,-3,8,-3,8,-5,7,-5,5,-4,4,-5,5,-6,6,-6,5,-6,3,-5,2,-5,2,-7,1,-9,-2,-12,-5,-12,-5,-14,-6,-18,-8,-21,-10,-24,-9,-24,-6,-26,-5,-30,-3,-31,0,-28"
0.14873600006103516,4,"CSI,3058,128,83,49,21,0,-11,-12,-8,-13,-8,-15,-7,-16,-5,-14,-5,-13,-6,-10,-8,-4,-5,-2,-2,-2,-4,-2,-4,-2,-4,0,-6,1,-5,3,-4,6,-4,6,-3,3,-5,2,-8,1,-8,0,-7,2,-8,4,-5,3,-3,2,-1,0,0,0,0,0,0,0,0,0,0,0,0,0,0,0,0,0,0,0,-1,1,-3,5,0,5,3,6,2,4,0,4,-1,3,0,1,4,-2,1,-3,-1,-4,2,-5,6,-2,8,-1,8,-5,9,-6,10,-7,10,-9,9,-6,9,-4,10,-4,10,-4,9,-3,6,-1,0,-4,-4,-5,-7,-6"
0.1805858612060547,5,"CSI,757,128,101,81,22,0,4,-23,3,-23,3,-23,3,-23,3,-22,2,-22,1,-22,1,-23,1,-23,0,-23,0,-23,0,-22,0,-22,0,-21,1,-21,1,-21,1,-21,0,-20,1,-19,1,-18,1,-18,1,-17,2,-16,2,-16,2,-15,0,-4,0,0,0,0,0,0,0,0,0,0,0,0,0,0,0,0,0,0,0,-4,0,-16,1,-17,1,-18,2,-19,2,-19,2,-20,2,-21,3,-22,4,-22,5,-22,6,-22,5,-23,6,-23,6,-23,6,-23,6,-23,6,-23,6,-23,6,-23,6,-23,5,-23,4,-23,4,-23,4,-23,5,-23,6,-24"
0.288165807723999,6,"CSI,2430,128,83,49,21,0,-15,-11,-13,-7,-11,-3,-7,1,-7,4,-8,6,-8,11,-6,15,-6,16,-11,14,-14,13,-15,11,-17,11,-17,10,-14,10,-15,8,-13,4,-9,4,-7,5,-5,3,-3,1,-3,3,-1,4,3,3,5,2,1,0,0,0,0,0,0,0,0,0,0,0,0,0,0,0,0,0,0,0,-1,-3,-4,-9,-3,-8,0,-8,3,-9,4,-10,4,-9,1,-8,-1,-8,-2,-9,-1,-8,1,-5,-3,-4,-4,-5,-3,-7,-7,-7,-12,-8,-13,-8,-15,-7,-18,-10,-21,-11,-21,-10,-22,-11,-22,-13,-22,-15,-22,-16,-21,-17"
0.3873178958892822,7,"CSI,2435,128,83,49,21,0,20,4,12,3,7,1,5,-3,3,-9,1,-12,1,-16,0,-26,-1,-28,1,-24,4,-22,6,-22,6,-22,5,-22,6,-21,8,-17,8,-14,6,-11,3,-8,2,-7,2,-6,0,-3,-4,-1,-7,0,-9,0,-3,0,0,0,0,0,0,0,0,0,0,0,0,0,0,0,0,0,0,0,1,1,6,4,5,4,5,4,5,6,5,6,5,6,3,6,3,6,4,7,5,6,5,5,5,5,6,2,7,0,9,0,12,2,14,3,16,2,19,2,21,3,23,1,25,-2,25,-2,25,-1,26,-1,25,-1"
0.40981602668762207,8,"CSI,759,128,101,81,22,0,9,9,9,9,9,8,9,8,9,7,9,7,9,7,9,7,9,7,9,7,9,7,9,6,9,6,9,6,9,6,9,6,9,6,8,6,8,6,7,5,7,5,6,5,6,5,6,5,6,5,1,1,0,0,0,0,0,0,0,0,0,0,0,0,0,0,0,0,0,0,1,1,7,5,7,5,7,6,7,6,8,7,8,7,8,8,8,8,8,9,8,9,8,9,8,10,8,10,8,10,8,10,8,10,8,10,8,10,8,9,8,9,9,9,9,9,9,9,9,9,9,9,8,9"
0.4924588203430176,9,"CSI,2439,128,83,49,21,0,-18,9,-12,8,-6,6,-2,4,1,3,7,6,12,10,13,14,17,15,21,15,21,15,17,16,12,15,10,15,12,17,13,17,9,13,5,10,2,7,2,4,-1,1,-1,-2,1,-7,1,-9,2,-9,0,-3,0,0,0,0,0,0,0,0,0,0,0,0,0,0,0,0,0,0,-2,-1,-6,-3,-5,-4,-5,-6,-6,-6,-6,-4,-6,-5,-6,-6,-6,-5,-7,-6,-6,-4,-6,-2,-6,0,-8,1,-9,0,-8,1,-10,4,-11,7,-11,10,-13,13,-15,16,-16,16,-18,17,-20,18,-25,16,-30,15,-30,18"
0.5253429412841797,10,"CSI,760,128,101,81,22,0,0,-12,0,-12,0,-12,0,-11,0,-11,-1,-11,-1,-11,-1,-11,-1,-11,-1,-11,-2,-11,-2,-11,-2,-11,-2,-11,-2,-11,-1,-10,-2,-10,-2,-10,-1,-10,-1,-9,-1,-9,-1,-8,-1,-8,-1,-8,-1,-8,-1,-2,0,0,0,0,0,0,0,0,0,0,0,0,0,0,0,0,0,0,-1,-3,-1,-9,0,-9,0,-10,0,-10,0,-10,0,-11,0,-11,1,-12,1,-12,1,-12,1,-12,2,-12,2,-13,2,-12,2,-12,2,-12,1,-12,1,-12,1,-12,1,-12,1,-12,1,-12,0,-12,0,-12,1,-12,1,-12"
0.5925447940826416,11,"CSI,2443,128,83,49,21,0,3,-19,1,-12,-3,-6,-6,-1,-8,5,-12,10,-14,12,-10,12,-12,9,-19,10,-21,11,-21,12,-21,12,-20,9,-19,7,-16,6,-14,6,-13,5,-9,2,-3,0,0,-1,2,-2,4,-2,7,0,8,0,2,0,0,0,0,0,0,0,0,0,0,0,0,0,0,0,0,0,0,0,2,0,10,1,10,3,8,4,5,5,5,6,7,6,9,4,8,3,7,4,8,4,6,2,4,0,2,-3,0,-7,2,-8,5,-11,3,-15,1,-17,2,-19,2,-23,2,-27,4,-29,4,-28,2,-27,1,-26,3,-24"
0.6168539524078369,12,"CSI,761,128,101,81,22,0,8,9,8,9,8,9,9,8,8,8,9,7,9,7,9,7,9,7,9,7,9,7,9,7,9,7,9,6,9,6,8,7,8,7,8,7,8,6,7,6,7,5,6,5,6,5,6,5,6,6,1,1,0,0,0,0,0,0,0,0,0,0,0,0,0,0,0,0,0,0,1,1,6,5,7,6,7,6,7,6,7,7,7,8,8,8,8,9,7,9,7,9,7,9,7,10,7,10,7,10,7,10,8,10,8,10,7,10,7,10,8,9,8,9,8,9,8,10,8,9,8,9,8,9"
0.6950068473815918,13,"CSI,2446,128,83,49,21,0,-14,7,-10,6,-7,7,-2,10,3,12,5,12,10,14,16,15,16,14,12,15,9,17,7,17,4,16,0,16,-1,16,2,14,3,10,0,8,0,6,2,5,2,4,3,1,5,-1,8,-1,8,0,2,0,0,0,0,0,0,0,0,0,0,0,0,0,0,0,0,0,0,0,-2,0,-8,1,-8,1,-9,0,-10,-1,-9,-1,-6,-2,-8,-2,-10,0,-9,1,-7,1,-8,1,-7,2,-6,2,-5,3,-5,5,-7,7,-9,10,-10,12,-10,13,-9,15,-10,18,-12,17,-16,17,-20,18,-21,17,-21,15"
0.738806962966919,14,"CSI,762,128,101,81,22,0,18,-17,17,-18,17,-18,17,-18,17,-18,17,-18,16,-18,15,-18,15,-18,15,-19,14,-19,14,-19,14,-19,14,-18,15,-18,15,-18,14,-17,14,-16,13,-15,13,-15,13,-14,12,-13,12,-13,12,-12,12,-11,3,-3,0,0,0,0,0,0,0,0,0,0,0,0,0,0,0,0,0,0,2,-4,11,-14,11,-14,12,-15,13,-15,14,-15,14,-16,15,-16,16,-16,18,-16,19,-16,19,-16,19,-16,19,-15,19,-16,20,-16,20,-16,19,-16,19,-16,20,-17,20,-17,20,-17,19,-17,18,-17,19,-17,20,-17,20,-18"
0.7980489730834961,15,"CSI,2450,128,83,49,21,0,14,-7,10,-5,2,-4,-5,-2,-9,-2,-11,-2,-17,-3,-24,-4,-25,-1,-25,0,-24,-1,-24,-1,-23,-4,-22,-7,-19,-6,-16,-4,-15,-2,-13,-1,-7,-1,-3,1,0,1,3,0,6,2,6,4,6,5,1,1,0,0,0,0,0,0,0,0,0,0,0,0,0,0,0,0,0,0,-1,1,-2,7,-3,8,-4,9,-4,8,-4,7,-4,7,-2,9,-2,9,-3,9,-3,9,-2,7,1,4,3,3,3,4,6,1,9,-3,10,-2,12,-3,14,-7,15,-11,15,-14,19,-15,23,-15,24,-16,24,-17,25,-14"
0.8465640544891357,16,"CSI,763,128,101,81,22,0,-13,0,-13,0,-13,0,-12,1,-12,1,-12,2,-12,2,-12,2,-12,2,-11,1,-11,2,-11,2,-11,2,-11,2,-11,2,-11,2,-11,1,-10,1,-10,1,-10,1,-9,1,-9,1,-9,1,-8,1,-8,0,-2,0,0,0,0,0,0,0,0,0,0,0,0,0,0,0,0,0,0,0,-3,0,-10,0,-10,0,-10,0,-11,0,-11,0,-11,0,-12,0,-12,0,-12,-1,-12,-1,-12,-1,-12,-1,-12,-2,-13,-2,-13,-2,-13,-2,-13,-1,-13,-1,-13,-1,-13,0,-13,-1,-13,-1,-13,-1,-13,-1,-13,0,-13,-1"
0.9021878242492676,17,"CSI,2455,128,83,49,21,0,5,-17,4,-14,-1,-10,-6,-8,-10,-7,-13,-7,-17,-4,-18,2,-19,0,-21,-4,-21,-6,-21,-7,-22,-7,-21,-7,-20,-9,-19,-10,-14,-8,-9,-4,-6,-1,-8,1,-8,1,-6,2,-4,4,-1,6,2,8,0,2,0,0,0,0,0,0,0,0,0,0,0,0,0,0,0,0,0,0,1,0,4,0,4,0,4,-1,5,0,7,2,8,2,9,1,9,1,9,3,8,3,7,3,8,3,9,2,8,0,4,-4,2,-9,0,-11,1,-13,3,-16,3,-18,4,-23,6,-27,7,-27,10,-29,12,-30,12,-27"
0.9355919361114502,18,"CSI,870,128,98,32,6,0,-17,-8,-14,-3,-13,1,-11,4,-9,8,-9,15,-7,17,-6,15,-10,17,-16,18,-18,16,-18,18,-19,18,-20,16,-18,13,-16,11,-15,9,-9,7,-5,6,-5,7,-3,5,1,3,4,2,5,4,6,5,1,1,0,0,0,0,0,0,0,0,0,0,0,0,0,0,0,0,0,0,-1,-2,-3,-5,-5,-6,-6,-9,-6,-10,-5,-10,-5,-10,-5,-11,-5,-12,-4,-13,-4,-12,-4,-10,-5,-10,-6,-8,-8,-6,-9,-5,-12,-5,-16,-4,-20,-3,-24,-2,-24,-3,-25,-4,-28,-5,-30,-7,-30,-11,-29,-12,-29,-9"
0.9689028263092041,19,"CSI,871,128,98,32,6,0,17,-13,11,-13,5,-12,0,-10,-5,-11,-8,-14,-7,-16,-7,-15,-10,-17,-11,-22,-10,-25,-10,-27,-9,-26,-6,-24,-5,-22,-3,-20,-1,-18,-2,-15,-3,-11,-3,-9,-6,-7,-7,-3,-6,1,-6,2,-7,1,-2,0,0,0,0,0,0,0,0,0,0,0,0,0,0,0,0,0,0,0,1,-1,5,-3,6,-3,7,-1,7,1,7,0,7,-1,9,0,10,2,10,3,9,5,10,4,9,2,8,0,7,-1,8,-4,10,-8,9,-10,10,-12,13,-15,16,-19,19,-23,22,-24,24,-23,26,-22,26,-20,22,-19"
1.0049428939819336,20,"CSI,764,128,101,81,22,0,-24,-2,-24,-2,-24,-1,-24,-1,-24,0,-24,0,-23,0,-23,0,-24,1,-23,1,-23,1,-22,2,-23,2,-23,2,-23,2,-22,1,-22,1,-21,0,-20,0,-19,0,-19,0,-18,0,-18,0,-17,-1,-16,-2,-4,-1,0,0,0,0,0,0,0,0,0,0,0,0,0,0,0,0,0,0,-5,0,-19,0,-19,0,-20,0,-21,-1,-22,-1,-22,-2,-23,-2,-23,-3,-24,-3,-25,-3,-25,-4,-25,-5,-25,-5,-25,-5,-25,-5,-25,-5,-25,-5,-25,-5,-25,-4,-25,-3,-25,-3,-25,-3,-25,-3,-25,-3,-26,-3,-27,-2"
1.0372798442840576,21,"CSI,2459,128,83,49,21,0,0,-23,0,-16,-3,-11,-6,-9,-10,-9,-14,-10,-13,-8,-12,-3,-17,-6,-21,-12,-21,-14,-21,-14,-20,-13,-20,-13,-18,-12,-14,-11,-14,-10,-13,-10,-10,-9,-8,-7,-7,-3,-6,0,-7,2,-8,5,-7,7,-2,2,0,0,0,0,0,0,0,0,0,0,0,0,0,0,0,0,0,0,0,-3,1,-10,3,-9,4,-9,2,-10,2,-10,3,-6,3,-4,4,-6,6,-8,6,-9,4,-10,2,-9,1,-7,0,-8,-2,-12,-4,-15,-4,-16,-4,-17,-3,-19,-5,-22,-6,-24,-5,-26,-5,-28,-2,-32,2,-34,2,-36"
1.2056608200073242,22,"CSI,2466,128,83,49,21,0,3,-18,4,-12,2,-3,-3,3,-9,6,-14,8,-21,9,-29,10,-26,12,-22,15,-22,13,-23,11,-23,8,-22,8,-21,8,-17,5,-13,4,-9,5,-4,5,0,5,1,3,2,3,3,4,3,4,6,3,2,0,0,0,0,0,0,0,0,0,0,0,0,0,0,0,0,0,0,0,1,0,6,1,7,1,8,2,8,3,7,6,7,8,8,8,7,7,8,7,8,5,6,5,6,5,5,2,4,-3,3,-6,1,-10,-1,-12,-1,-15,1,-21,1,-26,1,-27,2,-27,0,-28,0,-31,2,-34,2,-34"
1.2723679542541504,23,"CSI,3102,128,83,49,21,0,-14,9,-15,7,-16,6,-16,7,-15,6,-13,5,-10,5,-8,6,-5,4,-4,3,-4,3,0,5,3,7,3,5,2,5,3,5,4,5,5,6,5,6,4,5,2,7,1,9,1,9,-1,8,-2,5,-1,1,0,0,0,0,0,0,0,0,0,0,0,0,0,0,0,0,0,0,0,-1,0,-2,1,-1,0,-1,-1,-2,-1,-5,0,-4,0,-2,0,0,-2,0,-5,-3,-8,-3,-10,-4,-9,-7,-9,-7,-11,-6,-13,-9,-13,-11,-12,-11,-10,-9,-8,-9,-6,-9,-6,-7,-7,-6,-7,-3,-7,2,-7,7"
1.310912847518921,24,"CSI,2471,128,83,49,21,0,-19,-10,-15,-9,-10,-5,-6,3,-3,10,0,14,1,18,-2,25,-2,27,-2,26,-1,25,-2,23,-5,20,-7,17,-5,15,-4,14,-5,11,-5,10,-3,9,1,7,3,5,4,2,5,1,5,0,5,-1,1,-1,0,0,0,0,0,0,0,0,0,0,0,0,0,0,0,0,0,0,-1,-2,0,-8,2,-7,3,-7,4,-9,5,-11,5,-12,4,-12,3,-10,2,-9,2,-10,3,-11,4,-8,3,-6,1,-4,-2,-4,-5,-5,-9,-6,-13,-6,-17,-6,-20,-7,-25,-9,-28,-8,-29,-9,-30,-11,-29,-11,-28,-11"
1.3747808933258057,25,"CSI,3107,128,83,49,21,0,2,-20,3,-20,7,-19,10,-17,10,-14,8,-10,4,-9,-1,-9,0,-5,3,-1,3,-1,2,0,1,-1,0,-5,-1,-7,0,-7,1,-8,0,-8,1,-7,3,-7,2,-6,1,-6,4,-4,5,-3,4,-3,0,-1,0,0,0,0,0,0,0,0,0,0,0,0,0,0,0,0,0,0,1,-2,3,-4,2,-4,2,-5,1,-4,0,-1,0,-1,0,-1,-1,-3,-1,-5,-1,-4,-1,-6,-1,-8,0,-8,3,-7,6,-10,6,-14,5,-13,7,-10,7,-8,6,-7,7,-6,8,-6,5,-8,1,-9,0,-9,-2,-10"
1.412322998046875,26,"CSI,2475,128,83,49,21,0,-20,0,-14,-2,-8,-1,-5,2,0,7,5,10,10,13,16,14,15,14,14,15,13,17,11,20,9,22,8,20,6,17,7,15,7,11,6,8,7,7,7,4,6,-1,5,-3,3,-5,2,-7,1,-10,0,-3,0,0,0,0,0,0,0,0,0,0,0,0,0,0,0,0,0,0,-1,-2,-2,-7,0,-9,0,-11,0,-10,1,-10,2,-10,3,-9,4,-9,4,-10,2,-9,-2,-8,-3,-5,-4,-1,-6,-1,-8,-4,-11,-4,-12,-3,-15,-1,-20,0,-23,1,-25,2,-26,1,-27,1,-32,2,-33,1,-29,-2"
1.5798687934875488,27,"CSI,3114,128,83,49,21,0,-2,15,-6,16,-8,16,-5,16,-2,17,-2,16,-1,11,4,5,3,5,-1,6,-2,6,0,5,2,5,5,3,8,2,10,2,9,1,9,0,8,1,7,2,10,2,10,3,8,2,7,1,7,1,2,0,0,0,0,0,0,0,0,0,0,0,0,0,0,0,0,0,0,0,0,-2,1,-6,0,-7,-1,-6,-1,-5,-1,-6,-1,-5,-1,-4,-2,-2,-3,-1,-6,1,-9,2,-11,4,-11,6,-10,4,-13,0,-14,-2,-13,-2,-14,-2,-14,-3,-13,-3,-14,-3,-13,-2,-10,-1,-7,1,-6,4,-5,6"
1.719465970993042,28,"CSI,2487,128,83,49,21,0,-22,-2,-14,-2,-6,0,0,2,6,6,10,7,14,12,19,19,20,19,18,16,17,15,17,15,17,16,16,16,13,14,11,11,9,7,7,4,5,2,5,-1,3,-3,1,-5,1,-7,1,-8,2,-9,0,-3,0,0,0,0,0,0,0,0,0,0,0,0,0,0,0,0,0,0,-1,-1,1,-5,3,-7,4,-9,7,-11,9,-11,8,-11,6,-11,4,-11,2,-10,2,-9,3,-9,3,-7,1,-4,-2,-5,-5,-7,-9,-6,-12,-4,-14,-3,-18,-1,-22,3,-24,3,-26,2,-28,1,-31,3,-32,3,-31,-1"
1.8230488300323486,29,"CSI,2490,128,83,49,21,0,-16,9,-9,5,-2,1,2,-1,7,-3,14,-7,21,-10,24,-15,24,-16,24,-13,24,-10,23,-10,22,-12,21,-13,18,-9,15,-4,12,-4,7,-6,2,-5,-2,-5,-4,-6,-5,-5,-4,-3,-5,0,-9,3,-3,1,0,0,0,0,0,0,0,0,0,0,0,0,0,0,0,0,0,0,0,-3,3,-9,4,-9,4,-8,4,-10,3,-11,2,-8,2,-6,2,-7,2,-8,1,-8,-1,-5,0,-3,1,-3,-3,-1,-6,2,-7,7,-8,10,-13,11,-17,12,-18,14,-21,18,-24,21,-25,19,-28,17,-29,16,-29,16"
1.8868436813354492,30,"CSI,3126,128,83,49,21,0,0,15,-1,15,-4,17,-8,17,-9,14,-6,13,-1,10,3,6,1,4,-3,4,-1,4,3,3,4,0,3,-2,4,-2,6,-1,6,0,7,-2,6,-3,5,-1,4,0,5,-1,5,-1,6,-1,5,-2,1,-1,0,0,0,0,0,0,0,0,0,0,0,0,0,0,0,0,0,0,1,-1,4,-3,3,-2,2,-4,1,-4,2,-2,3,-5,2,-5,0,-3,-1,-2,-4,-3,-5,-4,-6,-4,-6,-3,-7,-2,-12,-4,-17,-6,-15,-7,-11,-7,-12,-7,-11,-4,-6,-3,-3,-2,-4,2,-4,4,-3,5,-3,8"
1.924293041229248,31,"CSI,2494,128,83,49,21,0,2,10,1,7,-1,1,-3,-5,-5,-11,-7,-16,-9,-19,-10,-22,-9,-23,-6,-22,-5,-25,-4,-25,-5,-22,-6,-18,-5,-14,-6,-11,-6,-7,-4,-4,-3,-3,-1,-1,-2,3,-4,4,-4,5,-2,8,0,10,0,2,0,0,0,0,0,0,0,0,0,0,0,0,0,0,0,0,0,0,-2,-3,-6,-9,-3,-8,-2,-8,-3,-9,-2,-8,-2,-8,-3,-8,0,-8,0,-5,-3,-3,-3,0,-1,1,0,3,2,6,4,10,4,11,3,10,2,14,3,18,5,19,5,21,4,24,4,26,4,28,3,30,5,31"
2.128135919570923,32,"CSI,2497,128,83,49,21,0,-13,0,-9,0,-2,1,4,0,10,3,15,8,20,9,26,10,25,6,22,2,22,4,22,8,17,9,14,7,13,4,10,0,6,-3,5,-3,3,-2,1,-5,-1,-8,0,-9,-2,-10,-4,-11,-6,-10,-2,-2,0,0,0,0,0,0,0,0,0,0,0,0,0,0,0,0,0,0,1,-2,5,-8,5,-8,6,-9,7,-8,8,-6,5,-5,4,-5,2,-4,0,-4,0,-3,0,0,-4,2,-6,2,-7,2,-10,1,-14,1,-16,2,-18,3,-20,5,-22,6,-26,5,-27,3,-27,3,-24,3,-20,2,-17,3"
2.2310948371887207,33,"CSI,2500,128,83,49,21,0,19,7,14,5,8,1,2,-3,-3,-4,-8,-5,-14,-11,-18,-19,-20,-18,-21,-14,-20,-13,-21,-13,-19,-14,-17,-15,-15,-13,-10,-9,-5,-8,-4,-7,-3,-5,-2,0,-1,2,0,2,2,3,2,5,3,5,1,1,0,0,0,0,0,0,0,0,0,0,0,0,0,0,0,0,0,0,-2,0,-6,2,-8,2,-10,3,-10,0,-11,-2,-12,-1,-11,1,-9,2,-7,2,-4,1,-2,2,-2,4,-1,5,1,5,4,5,6,4,8,2,10,2,14,1,19,1,22,4,23,5,25,3,29,1,30,2,26,3"
2.3348288536071777,34,"CSI,2504,128,83,49,21,0,-23,-11,-17,-10,-10,-6,-2,-3,4,1,9,4,11,9,11,15,15,18,20,19,21,18,20,19,20,20,16,19,12,15,11,12,9,11,4,6,4,2,4,-1,2,-4,-2,-6,-5,-6,-6,-8,-8,-9,-2,-2,0,0,0,0,0,0,0,0,0,0,0,0,0,0,0,0,0,0,1,0,7,-1,9,-3,10,-1,11,1,12,1,14,1,14,0,12,0,10,1,9,0,9,0,8,1,4,2,-1,0,-5,-5,-8,-8,-13,-9,-16,-9,-19,-9,-22,-11,-24,-14,-28,-17,-31,-17,-34,-14,-38,-12,-41,-12"
2.3986148834228516,35,"CSI,3146,128,83,49,21,0,-19,0,-20,-3,-19,-4,-16,-3,-13,-1,-11,-1,-10,0,-7,3,-7,1,-8,-2,-7,0,-4,4,0,5,1,4,0,3,-1,5,1,7,4,8,3,7,2,6,3,5,2,6,1,5,0,4,-3,2,-1,0,0,0,0,0,0,0,0,0,0,0,0,0,0,0,0,0,0,0,1,0,6,0,5,0,7,2,7,1,6,-1,5,-1,5,-1,4,-1,4,-2,1,-2,-3,-3,-4,-7,-2,-10,0,-11,0,-13,-1,-15,-2,-15,-1,-13,-1,-13,1,-13,3,-11,3,-10,-1,-7,-4,-5,-6,-3,-7,-2"
2.437342882156372,36,"CSI,2509,128,83,49,21,0,-19,-8,-15,-7,-10,-1,-6,4,-3,8,-1,11,-1,17,-5,25,-3,26,1,22,1,21,-1,22,-4,22,-6,19,-6,18,-5,15,-3,9,-2,5,0,4,2,1,3,-1,4,-2,6,-2,7,-2,8,0,2,0,0,0,0,0,0,0,0,0,0,0,0,0,0,0,0,0,0,0,-1,-2,-1,-8,-2,-8,-1,-8,1,-10,1,-12,1,-11,1,-8,1,-5,3,-4,3,-5,1,-6,-2,-6,-3,-4,-5,-3,-11,-2,-15,-2,-16,-2,-19,-2,-22,-2,-23,-4,-26,-5,-28,-5,-26,-5,-25,-5,-28,-5,-28,-4"
2.4983720779418945,37,"CSI,3151,128,83,49,21,0,8,13,8,14,7,18,4,18,3,15,4,13,5,9,7,4,5,2,2,2,1,2,1,3,3,3,4,1,5,0,7,-1,9,0,7,0,6,0,5,0,6,-1,6,-1,7,-1,5,-1,2,1,0,0,0,0,0,0,0,0,0,0,0,0,0,0,0,0,0,0,0,0,-2,0,-8,2,-9,1,-8,0,-7,-1,-6,-3,-4,-3,-4,0,-4,1,-2,1,0,2,-1,5,-1,7,-3,8,-5,8,-6,9,-6,11,-5,11,-7,9,-9,8,-8,9,-4,8,-2,7,1,8,4,6,5,5,4,4"
2.539872884750366,38,"CSI,2513,128,83,49,21,0,-18,-11,-14,-8,-9,-2,-6,3,-3,8,-2,13,0,16,5,18,3,18,0,17,-1,20,-3,22,-6,21,-5,20,-5,19,-5,15,-3,10,0,8,1,6,2,3,1,-1,0,-4,2,-5,6,-4,8,-2,2,0,0,0,0,0,0,0,0,0,0,0,0,0,0,0,0,0,0,0,1,-2,4,-7,6,-6,8,-5,10,-3,11,-3,11,-2,11,0,9,-1,4,-2,3,-1,3,-2,0,-5,-3,-6,-3,-6,-4,-8,-6,-9,-11,-9,-14,-11,-17,-12,-20,-14,-20,-17,-20,-17,-21,-17,-19,-15,-16,-15,-17,-17"
2.6404709815979004,39,"CSI,2517,128,83,49,21,0,0,-21,0,-16,-1,-7,-2,-1,-5,2,-9,6,-11,7,-12,3,-16,4,-18,9,-19,10,-21,9,-22,9,-21,7,-20,4,-18,4,-14,3,-9,2,-5,2,-3,4,-1,4,2,4,4,3,5,2,6,3,1,1,0,0,0,0,0,0,0,0,0,0,0,0,0,0,0,0,0,0,2,-1,9,-3,10,0,11,3,10,4,7,3,7,3,7,5,6,3,6,-1,6,-1,5,1,2,-3,2,-6,2,-6,1,-8,-1,-12,-2,-14,-4,-17,-3,-21,-1,-22,1,-22,2,-23,1,-24,-2,-25,-3,-26,-5,-24"
2.6848459243774414,40,"CSI,872,128,75,-79,20,0,10,2,7,-2,4,-3,0,-5,-3,-9,-7,-12,-8,-12,-5,-11,-4,-15,-6,-18,-8,-19,-9,-20,-7,-20,-6,-18,-5,-15,-1,-12,2,-9,2,-7,-2,-4,-6,-2,-6,0,-6,1,-7,1,-7,1,-5,3,-1,1,0,0,0,0,0,0,0,0,0,0,0,0,0,0,0,0,0,0,0,3,2,12,0,12,-4,11,-4,11,-4,11,-4,8,-4,6,-5,3,-3,2,-1,4,0,3,2,0,6,-1,9,-2,12,-2,15,-2,16,-5,17,-4,19,0,18,2,18,0,20,-1,21,0,21,1,23,2,27,1"
2.7405197620391846,41,"CSI,2520,128,83,49,21,0,-1,11,0,7,3,6,6,4,9,2,12,2,13,-1,12,-4,15,1,18,6,18,8,15,9,15,8,14,8,12,8,10,6,7,3,3,3,2,3,5,2,8,-2,7,-4,6,-5,6,-4,3,-3,0,-1,0,0,0,0,0,0,0,0,0,0,0,0,0,0,0,0,0,0,-2,2,-8,8,-8,8,-8,6,-7,5,-6,6,-6,5,-5,1,-4,1,-4,2,-4,2,-3,4,2,6,5,8,6,10,4,11,1,13,1,16,3,18,1,20,-1,19,-2,18,-2,17,-4,19,-2,23,0,23,-1,21"
2.8453359603881836,42,"CSI,2524,128,83,49,21,0,17,0,12,-2,6,-6,3,-11,1,-15,1,-18,1,-17,1,-14,1,-18,4,-21,6,-21,6,-22,5,-21,7,-19,10,-17,10,-13,6,-10,1,-9,-2,-9,-2,-8,-2,-6,-5,-5,-7,-5,-8,-5,-8,-5,-2,-1,0,0,0,0,0,0,0,0,0,0,0,0,0,0,0,0,0,0,0,1,4,4,6,5,7,6,6,7,4,8,4,8,5,6,5,4,5,3,6,2,8,1,10,0,11,0,10,-2,10,-3,14,-2,18,-1,20,-2,23,-4,24,-5,22,-4,22,-3,22,-2,24,0,26,-1,24,-2"
2.9474878311157227,43,"CSI,2529,128,83,49,21,0,3,16,4,13,4,7,6,1,12,-2,16,-3,19,-5,24,-7,26,-7,25,-8,24,-8,25,-5,26,-4,24,-2,20,0,17,2,12,3,6,3,3,1,2,-4,-1,-6,-2,-5,-3,-5,-4,-7,-3,-8,-1,-2,0,0,0,0,0,0,0,0,0,0,0,0,0,0,0,0,0,0,-1,1,-5,4,-9,4,-12,4,-13,4,-12,3,-12,1,-12,1,-12,3,-12,3,-10,4,-7,5,-5,5,-4,5,-2,9,-2,11,-2,12,0,15,3,16,3,18,3,22,3,25,2,25,2,25,1,26,0,26,1,27"
3.0507428646087646,44,"CSI,2532,128,83,49,21,0,16,14,11,12,8,5,6,-2,2,-8,-2,-13,-3,-20,-4,-26,-4,-27,-2,-25,1,-25,3,-25,4,-23,4,-21,5,-21,6,-19,7,-13,5,-9,2,-6,-1,-3,-2,-1,-2,0,-5,1,-8,2,-9,3,-3,0,0,0,0,0,0,0,0,0,0,0,0,0,0,0,0,0,0,0,-2,0,-7,2,-8,3,-10,5,-13,7,-13,6,-13,6,-13,4,-13,4,-12,5,-11,4,-9,4,-5,3,-1,2,0,4,2,6,8,9,11,12,13,13,16,14,17,15,18,16,22,16,25,17,26,19,26,18,26,15"
3.1169798374176025,45,"CSI,3175,128,83,49,21,0,-17,-1,-15,-6,-15,-9,-16,-9,-14,-9,-13,-7,-10,-3,-5,-1,-4,-5,-6,-8,-7,-5,-7,-2,-8,-1,-6,0,-5,2,-9,5,-10,6,-8,6,-7,8,-8,6,-9,5,-10,5,-7,2,-6,1,-6,0,-2,0,0,0,0,0,0,0,0,0,0,0,0,0,0,0,0,0,0,0,0,-1,0,-3,-2,-3,-1,-3,1,-2,2,0,1,0,-2,0,-1,1,-1,0,-3,-2,-4,-3,-4,-4,-5,-8,-5,-10,-3,-10,-3,-9,-2,-8,-2,-9,-1,-9,-1,-8,-2,-9,-5,-7,-8,-3,-8,0,-7,1,-8,0"
3.153502941131592,46,"CSI,2537,128,83,49,21,0,-20,-11,-12,-8,-6,-3,-3,3,3,6,11,9,12,12,8,17,9,20,13,19,15,18,18,18,18,18,13,17,8,17,6,16,7,12,6,7,3,4,1,1,1,-1,1,-4,1,-6,-3,-6,-5,-7,-2,-2,0,0,0,0,0,0,0,0,0,0,0,0,0,0,0,0,0,0,2,-1,8,-3,8,-1,10,1,13,1,12,0,10,2,10,4,11,4,11,5,7,5,4,1,2,1,-1,3,-3,2,-5,-3,-6,-8,-8,-9,-10,-10,-14,-12,-16,-16,-17,-19,-19,-20,-21,-20,-23,-19,-20,-17,-16,-16"
3.2554306983947754,47,"CSI,2540,128,83,49,21,0,-14,12,-11,9,-8,3,-5,-3,1,-7,5,-9,11,-14,18,-17,17,-21,14,-23,13,-24,12,-24,10,-24,12,-23,14,-19,10,-15,8,-12,6,-9,5,-6,2,-2,-1,0,-2,3,-1,6,0,9,0,9,-1,2,0,0,0,0,0,0,0,0,0,0,0,0,0,0,0,0,0,0,0,-1,5,-3,8,0,9,2,10,2,12,2,12,2,12,4,13,5,11,3,10,1,10,1,8,2,5,1,2,1,-2,-1,-7,-1,-11,0,-15,0,-18,2,-20,6,-23,7,-25,9,-25,13,-25,14,-27,13,-26,11"
3.3575689792633057,48,"CSI,2545,128,83,49,21,0,-12,13,-8,7,-4,1,-2,-5,-1,-10,0,-14,2,-21,3,-30,2,-31,0,-29,-1,-28,-1,-27,2,-26,3,-26,2,-23,1,-18,1,-11,0,-7,-2,-3,-2,1,-1,4,2,5,2,6,1,9,0,12,-1,3,0,0,0,0,0,0,0,0,0,0,0,0,0,0,0,0,0,0,1,-2,7,-5,8,-4,9,-4,10,-3,9,-3,9,-1,10,0,12,0,12,1,11,1,9,-1,5,0,2,2,-2,2,-5,3,-6,5,-6,6,-9,6,-11,7,-12,11,-14,17,-17,19,-18,19,-20,21,-19,21,-14,20"
3.5622870922088623,49,"CSI,2553,128,83,49,21,0,-5,11,-3,8,-1,1,2,-5,6,-9,8,-14,9,-13,9,-11,7,-15,6,-22,7,-27,7,-27,5,-23,5,-18,4,-16,1,-14,2,-11,3,-6,0,-3,-4,-1,-5,1,-3,3,-4,5,-5,7,-3,8,-1,2,0,0,0,0,0,0,0,0,0,0,0,0,0,0,0,0,0,0,1,-1,6,-5,7,-7,6,-6,5,-6,7,-7,10,-5,9,-4,7,-4,6,-3,5,1,5,4,4,5,2,4,1,4,-1,7,-6,10,-8,9,-9,11,-14,11,-17,12,-17,16,-18,17,-17,16,-16,18,-14,19,-13,18"
3.666315793991089,50,"CSI,2557,128,83,49,21,0,11,-7,5,-4,-1,-5,-5,-5,-8,-2,-11,-2,-16,-1,-17,0,-20,-2,-23,-5,-23,-7,-25,-8,-25,-6,-22,-4,-19,-3,-15,-4,-11,-3,-10,-2,-8,0,-3,1,-1,4,0,6,4,5,5,5,5,6,1,1,0,0,0,0,0,0,0,0,0,0,0,0,0,0,0,0,0,0,1,1,2,7,-1,9,-4,11,-4,12,-4,11,-3,9,-2,7,-3,7,-4,6,-4,5,-2,2,-2,-1,-1,-3,1,-5,4,-5,9,-6,12,-10,14,-11,15,-12,15,-14,16,-14,18,-14,18,-15,19,-14,20,-15,21,-15"
3.767591714859009,51,"CSI,2561,128,83,49,21,0,5,-16,3,-10,1,-3,-1,3,-4,6,-8,9,-10,13,-12,15,-13,18,-13,19,-11,20,-11,22,-12,21,-14,18,-13,15,-10,12,-7,7,-4,4,0,3,1,1,1,-1,2,-1,3,-5,4,-9,5,-7,1,-1,0,0,0,0,0,0,0,0,0,0,0,0,0,0,0,0,0,0,-1,0,-3,3,-5,4,-6,6,-6,7,-5,6,-4,7,-4,7,-4,8,-4,8,-5,5,-5,3,-3,1,0,-1,3,-2,4,-5,4,-6,4,-7,6,-11,10,-15,12,-16,12,-17,12,-20,12,-24,11,-26,11,-24,10,-21"
3.8702688217163086,52,"CSI,2565,128,83,49,21,0,13,-5,8,-3,3,0,-2,0,-11,-1,-14,-3,-18,-4,-22,-3,-21,0,-19,0,-19,-3,-20,-5,-21,-7,-19,-7,-16,-7,-11,-7,-7,-5,-4,-2,-4,0,-2,3,0,6,1,8,3,9,2,8,-1,8,-1,2,0,0,0,0,0,0,0,0,0,0,0,0,0,0,0,0,0,0,0,1,3,7,2,7,0,8,-1,12,-1,11,-3,9,-3,10,-3,11,-3,8,-3,5,-4,6,-3,6,0,2,4,-1,7,-5,9,-8,13,-9,15,-12,16,-13,18,-11,21,-10,22,-10,21,-10,20,-10,19,-12,19,-14"
3.9193687438964844,53,"CSI,874,128,77,-47,20,0,2,15,1,11,3,5,4,-1,7,-7,10,-10,14,-10,17,-8,17,-10,17,-16,15,-19,12,-18,11,-16,11,-14,10,-12,9,-7,6,-5,2,-4,-2,-2,-2,-1,-3,-1,-6,-1,-7,-1,-7,-1,-9,-2,-3,-1,0,0,0,0,0,0,0,0,0,0,0,0,0,0,0,0,0,0,-2,-1,-8,-3,-8,-3,-9,-5,-8,-6,-6,-6,-7,-7,-8,-8,-8,-9,-7,-9,-7,-9,-5,-5,-4,-1,-4,2,-3,5,-2,9,0,11,0,14,-1,17,-1,20,-1,21,-1,22,-2,24,-3,26,-2,27,-1,26,-4,22"
3.950683832168579,54,"CSI,875,128,77,-47,20,0,3,17,2,10,-1,2,1,-5,5,-8,7,-11,10,-14,12,-13,14,-12,16,-14,16,-17,16,-16,16,-13,12,-11,10,-12,10,-11,9,-8,5,-6,0,-3,-1,-2,-1,-4,-3,-4,-6,-2,-9,0,-10,0,-3,-1,0,0,0,0,0,0,0,0,0,0,0,0,0,0,0,0,0,0,-3,0,-10,1,-9,0,-10,-1,-11,-3,-10,-4,-10,-6,-11,-6,-10,-5,-9,-4,-8,-5,-8,-5,-7,-3,-2,0,0,6,0,10,1,10,2,11,3,15,4,18,6,22,7,25,6,24,5,24,6,28,6,30,8,29"
4.076250076293945,55,"CSI,2572,128,83,49,21,0,-19,-9,-14,-3,-8,1,1,2,9,5,14,8,19,10,24,9,24,11,22,14,23,16,23,17,20,17,19,13,17,13,14,15,9,10,3,4,1,-1,1,-4,0,-6,-3,-7,-6,-7,-5,-8,-2,-9,-1,-3,0,0,0,0,0,0,0,0,0,0,0,0,0,0,0,0,0,0,2,-1,10,-2,11,0,11,0,13,-1,13,-2,12,-3,13,-3,13,-3,12,-3,10,-2,10,-1,9,-1,4,-3,-3,-6,-7,-7,-9,-6,-12,-6,-17,-7,-21,-8,-24,-9,-26,-9,-29,-8,-30,-9,-30,-11,-32,-11,-36,-12"
4.176794767379761,56,"CSI,2577,128,83,49,21,0,14,-12,6,-8,1,-4,-2,-2,-8,0,-17,6,-22,8,-25,3,-30,3,-31,7,-30,8,-28,10,-27,11,-25,7,-21,3,-19,1,-13,0,-6,0,-2,1,1,2,5,2,8,2,8,2,8,2,11,1,3,0,0,0,0,0,0,0,0,0,0,0,0,0,0,0,0,0,0,0,-1,2,-4,9,-4,9,-6,9,-7,10,-7,10,-5,9,-4,8,-3,7,-4,6,-3,5,1,5,1,3,0,1,3,-1,8,-5,10,-9,12,-10,12,-11,13,-16,18,-18,22,-16,23,-15,24,-18,26,-21,26,-21,26,-19"
4.279184818267822,57,"CSI,2580,128,83,49,21,0,1,-15,-1,-8,-1,-2,0,5,-2,13,-6,19,-13,24,-17,27,-16,27,-13,26,-10,24,-9,24,-9,24,-9,21,-8,18,-7,13,-5,10,-1,6,2,1,4,-2,6,-4,6,-6,6,-8,7,-9,7,-10,1,-3,0,0,0,0,0,0,0,0,0,0,0,0,0,0,0,0,0,0,-1,1,-1,8,-1,10,-1,12,0,11,-1,9,-2,9,-2,9,-3,8,-3,6,-2,3,0,2,2,2,0,0,-1,-4,2,-8,5,-12,5,-16,6,-18,5,-20,5,-23,7,-28,7,-30,6,-29,4,-30,3,-30,5,-26"
4.3832409381866455,58,"CSI,2585,128,83,49,21,0,-4,13,-2,7,0,-1,2,-6,6,-8,6,-14,9,-20,16,-21,17,-22,14,-26,12,-27,10,-26,11,-26,15,-22,14,-18,8,-15,3,-13,1,-9,-1,-3,-4,1,-6,3,-9,5,-12,7,-14,6,-13,6,-4,1,0,0,0,0,0,0,0,0,0,0,0,0,0,0,0,0,0,0,-1,-3,-1,-11,-1,-12,0,-14,1,-14,3,-12,5,-9,6,-8,5,-8,4,-6,3,-4,1,-1,-2,1,-4,4,-5,6,-7,10,-7,13,-6,14,-8,17,-9,22,-10,24,-9,24,-9,25,-10,27,-10,27,-7,28,-7,29"
4.456639766693115,59,"CSI,876,128,77,-47,20,0,1,-13,-1,-6,-4,-1,-8,4,-9,10,-10,16,-10,21,-9,23,-12,22,-14,23,-15,23,-15,22,-15,20,-12,18,-11,14,-11,10,-8,5,-4,4,0,4,4,2,6,-1,6,-6,7,-6,9,-6,9,-8,2,-3,0,0,0,0,0,0,0,0,0,0,0,0,0,0,0,0,0,0,0,1,1,7,0,9,-3,10,-4,10,-3,8,-3,6,-2,5,-2,4,-2,5,-3,4,-2,3,-1,1,1,-2,3,-6,5,-10,5,-14,4,-16,3,-19,5,-23,6,-24,6,-27,9,-28,11,-28,10,-31,8,-32,8,-27"
4.48739767074585,60,"CSI,877,128,77,-47,20,0,11,8,5,4,0,-2,-4,-9,-9,-16,-14,-18,-12,-19,-7,-21,-8,-25,-13,-27,-15,-26,-18,-24,-15,-24,-9,-23,-7,-19,-7,-12,-5,-6,-2,-2,0,0,-1,3,-3,7,-4,9,-4,10,-4,11,-5,13,-2,3,0,0,0,0,0,0,0,0,0,0,0,0,0,0,0,0,0,0,-3,0,-10,3,-10,3,-10,1,-10,1,-8,0,-7,-1,-9,0,-9,0,-7,-3,-6,-3,-3,-1,1,2,4,2,6,1,9,3,12,5,15,5,18,6,21,9,23,13,24,17,26,17,26,16,26,18,25,17,22,14"
4.5190629959106445,61,"CSI,2588,128,83,49,21,0,6,9,3,5,0,-1,-1,-9,-4,-17,-5,-21,-2,-25,3,-29,3,-31,-1,-32,-3,-30,-3,-27,-1,-25,1,-23,1,-21,1,-18,2,-14,1,-8,-2,-3,-4,1,-5,5,-5,8,-5,10,-6,11,-8,11,-3,2,0,0,0,0,0,0,0,0,0,0,0,0,0,0,0,0,0,0,-2,-1,-8,-4,-8,-6,-9,-7,-8,-8,-6,-8,-6,-7,-5,-5,-4,-4,-4,-3,-4,-2,-4,-1,-2,1,2,5,6,9,6,12,5,12,6,14,7,18,10,21,11,25,12,28,12,27,12,26,11,26,11,24,12,23"
4.587744951248169,62,"CSI,2592,128,83,49,21,0,8,-9,2,-4,-3,0,-6,5,-12,10,-15,12,-19,14,-25,15,-27,19,-23,23,-18,22,-16,21,-15,21,-17,18,-16,14,-10,8,-7,3,-4,2,-1,2,2,1,5,-1,7,-3,9,-5,12,-6,12,-6,2,-2,0,0,0,0,0,0,0,0,0,0,0,0,0,0,0,0,0,0,0,1,-1,5,-5,8,-5,9,-5,10,-5,9,-5,7,-4,7,-5,8,-7,6,-6,3,-4,0,-2,-2,0,-3,2,-7,5,-10,8,-12,9,-15,8,-16,10,-21,12,-25,14,-24,13,-24,11,-26,11,-27,12,-27,14,-24"
4.688515901565552,63,"CSI,2597,128,83,49,21,0,0,13,3,5,5,-4,4,-11,4,-14,3,-17,4,-19,6,-19,10,-22,9,-26,6,-28,7,-26,8,-22,7,-18,5,-16,4,-13,2,-9,2,-6,0,-4,-4,0,-7,3,-8,3,-9,4,-10,5,-10,5,-3,1,0,0,0,0,0,0,0,0,0,0,0,0,0,0,0,0,0,0,-3,-2,-11,-5,-10,-5,-9,-6,-10,-6,-10,-6,-8,-7,-5,-9,-4,-9,-4,-9,-4,-7,-3,-3,1,1,3,4,5,7,5,10,5,15,8,17,9,17,9,19,9,23,7,26,7,25,8,25,4,28,2,26,4,22"
4.791168928146362,64,"CSI,2601,128,83,49,21,0,12,-3,6,-1,0,0,-7,0,-13,-1,-19,-3,-22,-1,-20,2,-24,1,-31,-3,-32,-4,-30,-3,-27,-3,-23,-3,-19,-3,-16,-2,-11,0,-5,2,-3,2,0,-1,3,-1,6,0,8,2,10,1,12,0,3,0,0,0,0,0,0,0,0,0,0,0,0,0,0,0,0,0,0,0,-2,0,-9,-1,-9,-2,-11,-2,-11,-2,-9,-3,-9,-4,-8,-6,-7,-5,-6,-3,-5,-3,-4,-4,-2,-3,1,0,4,1,7,1,10,2,14,4,19,4,22,2,24,4,27,8,30,9,29,9,28,8,30,7,31,6"
4.894912958145142,65,"CSI,2605,128,83,49,21,0,11,10,8,4,3,-2,-4,-9,-8,-12,-8,-15,-5,-22,-4,-29,-7,-28,-9,-27,-10,-28,-9,-27,-6,-26,-3,-24,-2,-20,-2,-16,-1,-10,0,-5,2,-1,2,1,-2,2,-4,5,-3,7,-4,8,-4,10,-1,2,0,0,0,0,0,0,0,0,0,0,0,0,0,0,0,0,0,0,-2,0,-8,3,-9,1,-9,-1,-9,-1,-10,-1,-9,-3,-8,-4,-8,-3,-8,-2,-6,-4,-5,-4,-2,-1,2,0,6,0,9,2,12,4,13,7,14,10,17,11,19,13,20,16,22,16,21,15,19,16,20,17,23,15"
5.10041069984436,66,"CSI,2613,128,83,49,21,0,10,11,5,4,0,-2,-3,-6,-4,-10,-5,-16,-8,-20,-8,-19,-6,-21,-6,-25,-7,-27,-8,-26,-8,-23,-8,-20,-7,-18,-6,-16,-5,-12,-6,-7,-6,-2,-5,1,-4,3,-4,6,-2,9,-2,10,-4,10,-1,2,0,0,0,0,0,0,0,0,0,0,0,0,0,0,0,0,0,0,-2,-2,-8,-5,-10,-4,-11,-7,-11,-9,-9,-9,-9,-8,-8,-8,-6,-8,-5,-6,-6,-5,-4,-3,-1,0,-1,1,1,3,4,7,6,12,8,14,9,14,10,17,10,21,10,23,12,24,14,23,15,22,13,24,12,24"
5.304141044616699,67,"CSI,2620,128,83,49,21,0,-3,11,-3,7,1,1,6,-5,7,-10,7,-16,6,-22,6,-27,5,-26,6,-24,8,-25,10,-25,10,-24,10,-21,9,-19,8,-16,6,-9,3,-5,-1,-2,-4,2,-6,4,-8,5,-8,8,-8,10,-8,9,-3,2,0,0,0,0,0,0,0,0,0,0,0,0,0,0,0,0,0,0,-1,-2,-1,-9,1,-11,1,-12,1,-12,2,-11,2,-9,1,-9,1,-10,1,-9,0,-8,-1,-5,-2,-1,-3,3,-6,4,-7,3,-6,8,-7,15,-7,18,-9,21,-12,23,-12,26,-10,27,-8,30,-5,31,-7,29,-11,26"
5.405943870544434,68,"CSI,2624,128,83,49,21,0,-4,-12,-5,-7,-4,-2,-4,5,-6,11,-6,16,-9,21,-15,23,-14,25,-12,28,-14,26,-16,23,-15,21,-13,18,-12,14,-10,10,-6,8,-4,4,-2,2,2,4,6,4,7,1,7,-1,9,-2,12,-4,3,-2,0,0,0,0,0,0,0,0,0,0,0,0,0,0,0,0,0,0,2,1,9,6,8,8,7,7,7,6,5,5,4,5,4,4,4,4,2,3,3,2,3,1,1,1,-1,1,-1,-4,-1,-7,-3,-10,-4,-15,-5,-19,-7,-21,-7,-21,-8,-24,-10,-28,-8,-28,-8,-27,-8,-26,-7,-26"
5.507685661315918,69,"CSI,2629,128,83,49,21,0,-13,1,-6,1,-1,0,4,3,9,8,14,12,17,18,20,23,23,22,22,20,17,20,15,21,15,20,13,18,10,15,6,12,3,6,2,3,3,1,4,-1,4,-4,3,-7,3,-10,2,-11,1,-11,0,-3,0,0,0,0,0,0,0,0,0,0,0,0,0,0,0,0,0,0,0,-3,2,-10,4,-11,6,-12,5,-11,6,-9,6,-7,5,-5,5,-5,3,-4,2,-2,2,-2,-1,-2,-4,0,-6,0,-9,-1,-13,0,-15,2,-16,4,-20,4,-24,5,-24,5,-26,3,-28,1,-29,1,-28,2,-29,2"
5.611423969268799,70,"CSI,2632,128,83,49,21,0,-4,-11,-7,-8,-8,-3,-4,5,-5,10,-10,13,-12,16,-10,18,-13,18,-18,17,-20,16,-23,16,-21,15,-17,13,-15,12,-14,11,-11,7,-7,4,-1,3,2,2,1,2,3,4,8,4,9,2,8,1,2,0,0,0,0,0,0,0,0,0,0,0,0,0,0,0,0,0,0,0,1,-1,5,-2,7,-1,9,0,10,3,11,4,10,3,9,2,6,1,5,1,4,1,4,-1,3,-2,2,-5,1,-7,0,-8,-4,-9,-7,-11,-11,-13,-11,-18,-11,-22,-11,-25,-9,-28,-9,-27,-9,-28,-8,-30,-10,-28"
5.714650869369507,71,"CSI,2637,128,83,49,21,0,11,-11,6,-7,2,-4,-4,-4,-10,-5,-14,-7,-17,-11,-20,-16,-23,-16,-27,-12,-27,-11,-24,-11,-20,-11,-16,-14,-14,-15,-14,-10,-12,-6,-7,-5,-3,-3,-3,1,-2,3,1,3,3,6,2,8,-1,8,-1,1,0,0,0,0,0,0,0,0,0,0,0,0,0,0,0,0,0,0,1,1,3,6,-3,7,-6,9,-6,9,-5,8,-4,9,-4,8,-3,6,-1,4,-1,3,-2,3,-2,2,1,0,4,-2,6,-4,7,-4,10,-4,15,-6,21,-10,23,-11,22,-12,23,-13,26,-11,29,-9,27,-9,25,-10"
5.814049005508423,72,"CSI,2640,128,83,49,21,0,0,-17,-1,-11,-1,-3,-6,1,-11,3,-14,3,-23,5,-31,8,-30,10,-28,10,-28,6,-27,3,-25,1,-23,-1,-22,-2,-19,-1,-14,-2,-10,0,-5,4,-1,5,2,6,4,6,5,6,5,8,6,8,1,2,0,0,0,0,0,0,0,0,0,0,0,0,0,0,0,0,0,0,1,0,6,3,7,4,7,6,6,8,4,9,2,6,2,4,1,5,0,5,0,4,2,3,3,0,1,-3,0,-3,1,-6,0,-11,0,-14,0,-16,1,-21,2,-25,2,-28,4,-30,6,-29,7,-28,8,-29,7,-32"
5.918529987335205,73,"CSI,2644,128,83,49,21,0,-15,-5,-11,-4,-6,1,1,4,6,7,7,10,12,15,17,22,16,24,12,22,10,21,12,21,12,19,10,19,8,17,5,14,4,11,5,7,4,2,3,-3,3,-7,3,-9,0,-10,0,-10,4,-11,1,-3,0,0,0,0,0,0,0,0,0,0,0,0,0,0,0,0,0,0,2,-1,8,-4,9,-2,10,-2,8,-2,7,-2,8,0,7,0,5,-1,6,-2,7,0,7,1,2,1,-3,-1,-5,-3,-7,-3,-11,-4,-14,-8,-17,-10,-22,-11,-25,-11,-24,-10,-23,-12,-24,-13,-29,-12,-32,-10,-30,-9"
6.019841909408569,74,"CSI,2649,128,83,49,21,0,12,-7,7,-5,1,-5,-4,-5,-8,-5,-14,-3,-20,-3,-22,-7,-23,-8,-26,-4,-27,-4,-26,-5,-25,-5,-24,-4,-22,-3,-18,-3,-13,-2,-7,-1,-1,0,0,2,0,3,3,4,6,5,7,7,5,6,0,1,0,0,0,0,0,0,0,0,0,0,0,0,0,0,0,0,0,0,-2,1,-5,6,-5,7,-5,7,-5,6,-6,6,-7,7,-7,7,-5,6,-3,5,-2,5,-3,4,-4,3,2,2,6,1,6,1,7,0,13,-2,18,-3,21,-5,22,-7,22,-8,23,-10,24,-12,23,-12,22,-9,24,-5"
6.121315002441406,75,"CSI,2652,128,83,49,21,0,6,-15,2,-11,-1,-7,-4,-2,-11,1,-16,5,-18,6,-22,4,-24,5,-25,8,-26,8,-24,5,-23,1,-22,-1,-21,-2,-17,-3,-11,-3,-7,-2,-5,0,-2,2,0,5,2,4,4,5,7,7,9,7,2,1,0,0,0,0,0,0,0,0,0,0,0,0,0,0,0,0,0,0,0,0,3,4,3,6,4,8,5,9,6,10,6,8,4,7,2,5,1,4,3,4,2,3,1,0,2,-3,3,-4,3,-5,2,-9,3,-13,5,-14,6,-17,7,-21,9,-24,10,-25,8,-25,9,-25,11,-26,9,-25"
6.225647926330566,76,"CSI,2657,128,83,49,21,0,-5,13,-1,11,0,4,2,0,8,-3,12,-5,14,-4,16,-1,20,0,25,-2,26,-2,25,2,23,4,19,4,17,3,17,0,13,-1,7,0,2,-1,2,-3,0,-5,-3,-7,-3,-9,-5,-9,-7,-7,-2,-2,0,0,0,0,0,0,0,0,0,0,0,0,0,0,0,0,0,0,-2,-1,-7,-4,-9,-5,-10,-7,-9,-9,-8,-8,-9,-5,-7,-4,-6,-4,-7,-4,-8,-5,-6,-2,-5,1,-5,2,-5,2,-5,6,-5,11,-4,15,-4,19,-5,22,-9,23,-10,23,-9,23,-11,23,-12,23,-13,24,-15,22"
6.3271448612213135,77,"CSI,2661,128,83,49,21,0,2,-14,-1,-9,-2,-5,-4,-1,-6,4,-11,9,-12,15,-11,20,-13,20,-18,18,-22,14,-22,11,-21,12,-19,11,-18,8,-16,7,-12,7,-7,7,-4,5,0,2,5,1,7,2,7,3,6,5,8,5,2,1,0,0,0,0,0,0,0,0,0,0,0,0,0,0,0,0,0,0,2,-1,7,-1,7,-1,7,0,9,1,9,2,9,2,10,2,9,3,7,3,6,3,6,4,5,4,2,0,2,-5,2,-10,-1,-14,-3,-16,-3,-17,-6,-20,-8,-24,-8,-26,-7,-27,-8,-27,-6,-26,-4,-24,-4,-21"
6.429427862167358,78,"CSI,2664,128,83,49,21,0,-13,6,-9,4,-5,4,0,4,7,4,14,3,20,1,23,1,23,5,21,9,21,9,19,7,18,9,17,9,14,9,11,9,8,8,5,4,3,0,1,-3,2,-4,2,-5,2,-9,0,-12,-3,-11,-1,-3,0,0,0,0,0,0,0,0,0,0,0,0,0,0,0,0,0,0,-1,-3,-1,-11,0,-10,1,-10,1,-10,3,-9,3,-8,1,-7,1,-7,1,-6,1,-7,1,-6,-1,-4,-4,-1,-6,1,-9,1,-10,2,-10,4,-12,6,-16,9,-19,11,-20,12,-22,10,-25,9,-26,10,-26,11,-25,10"
6.528541803359985,79,"CSI,879,128,77,-47,20,0,17,-8,10,-6,5,-4,-2,-2,-9,-4,-16,-6,-21,-10,-21,-15,-21,-14,-24,-12,-26,-13,-27,-11,-25,-10,-21,-11,-16,-11,-12,-10,-9,-8,-6,-6,-4,-3,-1,0,0,3,0,8,0,9,0,9,-1,10,-1,2,0,0,0,0,0,0,0,0,0,0,0,0,0,0,0,0,0,0,0,0,0,4,-2,7,-3,9,-3,9,-4,8,-4,8,-1,8,-1,8,-1,7,1,4,1,4,1,5,2,3,5,1,8,1,9,-2,11,-6,14,-6,17,-6,19,-7,22,-8,25,-9,27,-10,27,-10,26,-12,27,-14"
6.56177282333374,80,"CSI,2668,128,83,49,21,0,13,-9,8,-5,2,-2,-4,-1,-10,-4,-14,-6,-20,-9,-25,-14,-26,-12,-24,-7,-24,-8,-25,-11,-23,-11,-17,-9,-14,-10,-13,-10,-12,-7,-9,-4,-5,0,-3,2,-1,2,0,5,0,7,-1,8,-1,9,0,2,0,0,0,0,0,0,0,0,0,0,0,0,0,0,0,0,0,0,1,2,2,8,-1,8,-2,7,-3,7,-4,8,-4,8,-2,8,-2,7,-1,6,1,7,2,7,2,5,4,4,6,2,7,-1,10,-5,13,-8,14,-11,16,-12,18,-12,21,-11,24,-11,24,-12,24,-15,24,-16,24,-14"
6.590721845626831,81,"CSI,880,128,77,-47,20,0,-15,15,-9,11,-3,5,2,4,6,4,10,3,18,4,25,8,27,9,28,10,26,9,24,8,23,8,21,10,17,10,13,9,9,7,8,4,6,0,3,-3,0,-5,-4,-7,-4,-9,-2,-9,-3,-7,-1,-2,0,0,0,0,0,0,0,0,0,0,0,0,0,0,0,0,0,0,-1,-3,-2,-9,0,-9,0,-10,0,-11,2,-13,3,-11,2,-9,2,-10,2,-10,1,-7,1,-6,0,-3,-3,0,-5,2,-8,4,-11,4,-13,5,-15,9,-18,11,-20,12,-22,11,-23,11,-22,12,-23,14,-23,13,-20,10"
6.635917901992798,82,"CSI,2672,128,83,49,21,0,-11,10,-6,5,-2,3,4,5,10,7,14,5,18,5,20,11,22,13,24,13,22,13,21,11,21,10,19,12,14,13,11,10,9,6,6,5,4,4,4,-1,3,-4,3,-6,3,-10,0,-12,-2,-12,-1,-3,0,0,0,0,0,0,0,0,0,0,0,0,0,0,0,0,0,0,-1,-2,-4,-5,-4,-6,-4,-8,-4,-10,-5,-9,-6,-7,-6,-8,-5,-8,-2,-8,-1,-8,-3,-7,-4,-4,-4,0,-5,3,-7,6,-10,7,-11,9,-11,12,-13,13,-16,16,-19,20,-21,18,-21,13,-23,13,-24,16,-20,16"
6.737060070037842,83,"CSI,2677,128,83,49,21,0,-3,-12,-3,-9,-3,-4,-4,1,-7,7,-8,14,-8,14,-7,11,-10,13,-14,18,-17,19,-18,20,-17,20,-16,15,-15,12,-14,11,-11,9,-7,6,-4,2,-2,1,3,2,8,2,10,0,9,-1,8,-3,1,-1,0,0,0,0,0,0,0,0,0,0,0,0,0,0,0,0,0,0,1,-1,6,-2,7,0,8,2,7,2,7,3,8,3,6,4,5,5,8,3,8,3,5,4,3,2,2,0,0,-4,-1,-8,0,-11,0,-12,-4,-16,-8,-20,-9,-23,-10,-26,-8,-26,-5,-26,-5,-26,-6,-24,-5,-25"
6.839277982711792,84,"CSI,2681,128,83,49,21,0,12,-12,8,-7,3,-4,-3,-1,-10,3,-17,3,-21,3,-24,9,-23,9,-24,5,-25,3,-23,1,-21,2,-20,1,-19,0,-17,1,-12,0,-8,-1,-5,1,-3,2,0,1,2,1,4,4,5,6,6,8,1,2,0,0,0,0,0,0,0,0,0,0,0,0,0,0,0,0,0,0,0,1,2,7,3,8,1,9,0,10,-2,10,-4,8,-4,8,-3,8,-2,7,0,4,2,1,3,1,4,1,5,-2,7,-5,10,-7,13,-9,13,-12,12,-15,13,-17,14,-18,15,-19,17,-19,16,-17,15,-16,15,-20"
6.941412925720215,85,"CSI,2685,128,83,49,21,0,8,-12,5,-8,2,-3,-4,-2,-11,-1,-16,0,-24,1,-30,1,-29,2,-27,1,-25,-3,-25,-5,-27,-5,-25,-6,-20,-7,-17,-6,-13,-3,-11,-2,-8,-2,-4,0,0,3,2,6,3,8,4,9,4,9,1,2,0,0,0,0,0,0,0,0,0,0,0,0,0,0,0,0,0,0,1,2,6,7,6,7,7,8,6,9,5,10,2,8,0,6,-1,6,0,7,1,6,1,3,1,0,3,-1,5,-4,7,-8,8,-10,7,-13,7,-15,9,-16,9,-17,11,-18,14,-21,15,-21,15,-22,16,-23,15,-23"
7.146341800689697,86,"CSI,2693,128,83,49,21,0,-13,6,-8,4,-2,3,4,4,10,3,14,4,19,4,25,2,26,1,23,2,21,4,20,6,22,7,20,9,17,8,14,5,10,4,6,3,3,-1,0,-4,-2,-4,0,-3,0,-5,-2,-10,-4,-12,-1,-3,0,0,0,0,0,0,0,0,0,0,0,0,0,0,0,0,0,0,-1,-3,-1,-11,0,-9,1,-7,3,-9,4,-11,3,-10,1,-5,1,-3,0,-8,-1,-8,-1,-4,-1,-2,-3,-1,-6,0,-8,1,-10,2,-11,5,-16,7,-21,8,-22,8,-22,9,-24,10,-25,12,-25,14,-26,12,-26,9"
7.554544687271118,87,"CSI,2708,128,83,49,21,0,6,-14,3,-9,1,-5,-2,-1,-6,2,-12,4,-16,3,-16,0,-19,3,-23,7,-23,7,-23,8,-22,7,-19,4,-18,4,-17,5,-13,5,-8,4,-6,3,-5,3,-3,1,0,2,4,3,8,4,11,5,2,1,0,0,0,0,0,0,0,0,0,0,0,0,0,0,0,0,0,0,1,0,5,3,4,5,4,7,5,7,5,6,4,7,4,8,4,9,3,9,4,6,3,3,3,0,5,-3,5,-5,3,-6,4,-8,3,-11,3,-14,3,-18,5,-21,8,-25,11,-26,12,-23,11,-21,10,-22,11,-23"
7.659934759140015,88,"CSI,2712,128,83,49,21,0,-15,-11,-10,-6,-5,-1,-4,0,-4,5,-1,12,-3,14,-8,13,-9,18,-8,22,-8,22,-8,23,-9,25,-10,23,-8,19,-6,14,-6,9,-3,6,1,3,1,1,1,2,3,0,7,-2,10,-1,12,0,3,0,0,0,0,0,0,0,0,0,0,0,0,0,0,0,0,0,0,0,0,-3,1,-9,4,-9,6,-9,7,-8,7,-8,6,-7,6,-5,6,-5,3,-6,0,-6,-2,-6,-2,-5,-1,-2,-4,0,-8,-3,-8,-5,-11,-6,-16,-9,-18,-10,-19,-12,-21,-15,-21,-18,-21,-19,-22,-19,-23,-17,-23,-14"
7.762985944747925,89,"CSI,2717,128,83,49,21,0,-15,-1,-11,1,-8,3,-3,5,2,7,6,9,5,13,0,19,4,21,8,19,5,19,3,22,2,21,-1,19,-4,16,-6,12,-4,11,-1,9,0,5,2,3,3,1,4,-2,6,-3,6,-5,6,-8,1,-3,0,0,0,0,0,0,0,0,0,0,0,0,0,0,0,0,0,0,-2,-2,-5,-6,-6,-7,-5,-9,-4,-10,-3,-11,-2,-11,-2,-9,0,-7,2,-7,2,-9,-1,-9,-3,-6,-4,-2,-7,1,-8,3,-11,3,-15,1,-17,3,-20,7,-21,8,-23,6,-25,6,-25,6,-26,5,-26,4,-26,3"
7.793595790863037,90,"CSI,881,128,77,-47,20,0,-13,7,-8,7,-3,9,0,9,4,9,8,9,9,9,9,9,10,13,13,16,15,15,13,15,10,17,8,17,6,16,4,16,4,14,6,9,6,3,5,1,4,-1,3,-4,2,-9,5,-10,10,-9,3,-2,0,0,0,0,0,0,0,0,0,0,0,0,0,0,0,0,0,0,-3,-1,-10,-3,-10,-7,-9,-8,-6,-7,-5,-7,-6,-7,-6,-9,-7,-9,-7,-8,-6,-7,-5,-5,-5,-2,-8,1,-9,2,-7,4,-9,7,-12,9,-14,9,-15,10,-18,13,-20,14,-21,14,-22,13,-23,12,-20,12,-16,12"
7.823268890380859,91,"CSI,882,128,77,-47,20,0,-11,6,-9,4,-5,6,-1,7,2,6,6,4,13,6,19,12,20,14,21,12,21,10,20,11,17,12,15,13,10,14,6,11,6,7,5,3,3,0,2,1,1,0,1,-4,2,-5,2,-7,1,-9,0,-3,0,0,0,0,0,0,0,0,0,0,0,0,0,0,0,0,0,0,-2,-2,-7,-7,-9,-9,-10,-9,-8,-7,-4,-6,-3,-9,-4,-8,-3,-5,-2,-5,-2,-5,-2,-4,-1,-3,-3,0,-6,5,-7,7,-8,8,-11,11,-15,12,-18,13,-18,16,-17,14,-19,10,-22,13,-23,18,-20,18,-18,16"
7.862717866897583,92,"CSI,2720,128,83,49,21,0,14,1,8,1,4,-3,2,-8,-1,-10,-3,-12,-2,-14,0,-16,1,-20,-2,-24,-4,-24,-3,-23,-1,-22,1,-19,0,-17,-1,-14,2,-9,2,-5,0,-3,-2,-3,-2,-2,-2,-1,-5,1,-9,3,-9,3,-2,0,0,0,0,0,0,0,0,0,0,0,0,0,0,0,0,0,0,0,0,1,1,6,2,7,1,8,0,9,0,10,0,12,-1,11,-1,9,-1,7,-1,4,-1,3,1,4,2,4,4,2,6,-2,10,-3,16,-3,19,-3,20,-4,20,-4,21,-6,22,-7,25,-4,26,-3,26,-4,26,-4"
8.066938877105713,93,"CSI,2729,128,83,49,21,0,13,5,10,1,5,-4,1,-6,-1,-8,-1,-13,-2,-18,-5,-22,-5,-20,-1,-21,0,-23,1,-23,2,-22,1,-20,2,-15,5,-11,8,-9,7,-7,3,-5,-1,-3,-5,-1,-8,1,-9,1,-10,0,-9,-1,-3,-1,0,0,0,0,0,0,0,0,0,0,0,0,0,0,0,0,0,0,0,2,2,8,3,9,2,9,0,8,-1,7,-3,7,-4,4,-3,5,-3,6,-2,5,0,5,2,3,3,2,5,0,9,-2,10,-2,12,-1,16,-1,20,0,22,0,24,0,25,2,25,4,22,6,21,5,23,1"
8.170751810073853,94,"CSI,2732,128,83,49,21,0,13,-3,10,-5,5,-8,0,-7,-2,-6,-2,-8,-8,-9,-15,-7,-15,-10,-12,-16,-12,-18,-12,-19,-11,-19,-10,-15,-7,-13,-5,-12,-4,-11,-3,-9,-3,-4,-2,-1,-2,1,-4,3,-4,4,-4,6,-4,9,-1,2,0,0,0,0,0,0,0,0,0,0,0,0,0,0,0,0,0,0,0,1,3,6,2,6,2,7,1,7,0,6,-2,6,-2,7,-1,8,-1,7,1,4,3,0,3,0,2,0,2,-2,3,-3,4,-6,9,-10,14,-10,16,-8,19,-8,22,-8,22,-8,21,-8,22,-7,23,-7,23,-8"
8.377506017684937,95,"CSI,2740,128,83,49,21,0,-14,-8,-11,-5,-6,-2,-3,3,-2,8,-3,11,-7,10,-11,10,-13,16,-13,21,-12,19,-11,19,-12,20,-11,18,-9,15,-7,14,-5,11,-3,7,-4,4,-4,3,-1,1,4,-1,6,-1,6,0,7,1,1,0,0,0,0,0,0,0,0,0,0,0,0,0,0,0,0,0,0,0,-1,-2,0,-6,1,-8,1,-11,3,-11,4,-11,4,-10,2,-7,2,-5,4,-4,2,-4,-1,-3,-1,-2,-2,-3,-7,-4,-12,-1,-13,0,-14,-2,-18,-5,-20,-6,-20,-7,-21,-8,-22,-10,-23,-11,-22,-12,-21,-13,-20,-12"
8.476395845413208,96,"CSI,2745,128,83,49,21,0,0,20,0,13,1,7,7,2,11,-1,15,-3,15,-5,12,-6,16,-3,22,-1,22,2,19,3,18,1,19,2,18,3,15,3,11,3,7,3,4,0,4,-3,4,-5,3,-6,1,-7,0,-7,0,-8,0,-3,0,0,0,0,0,0,0,0,0,0,0,0,0,0,0,0,0,0,-1,1,-5,6,-8,3,-11,3,-12,3,-10,1,-8,-1,-7,-3,-6,-4,-4,-4,-3,-2,-4,1,-4,4,-1,6,2,8,3,10,2,11,2,10,2,13,1,18,2,22,0,23,-2,21,-3,20,-3,23,-2,25,-2,24"
8.580577850341797,97,"CSI,2749,128,83,49,21,0,-9,11,-6,10,-1,8,2,4,6,2,13,3,17,8,18,12,21,9,24,4,24,3,23,6,20,8,17,9,14,10,10,9,7,6,6,3,4,1,3,-1,3,-1,1,-4,0,-7,0,-8,0,-10,-1,-3,0,0,0,0,0,0,0,0,0,0,0,0,0,0,0,0,0,0,-2,-1,-8,-5,-8,-8,-8,-11,-8,-12,-5,-10,-3,-9,-2,-10,-2,-9,-3,-7,-4,-6,-2,-4,-2,-2,-4,0,-8,3,-9,5,-8,9,-8,12,-10,12,-14,13,-16,15,-18,14,-19,14,-21,15,-21,15,-19,14,-17,15"
8.682650089263916,98,"CSI,2753,128,83,49,21,0,-4,14,0,11,4,9,6,6,8,3,12,1,18,-2,23,-6,24,-5,23,-3,22,-1,22,3,21,5,17,3,14,1,14,1,12,3,8,4,6,2,5,-1,2,-6,-1,-8,-2,-8,-1,-9,-1,-9,-1,-2,0,0,0,0,0,0,0,0,0,0,0,0,0,0,0,0,0,0,-3,0,-10,-1,-9,-1,-8,-3,-9,-3,-9,-4,-9,-5,-7,-7,-5,-7,-8,-5,-10,-2,-7,1,-5,1,-3,3,-2,6,-3,10,-2,14,-2,17,-5,19,-6,19,-5,18,-5,22,-8,25,-10,23,-11,22,-9,21,-8,18"
8.887322664260864,99,"CSI,2761,128,83,49,21,0,-12,11,-6,8,-3,7,0,7,4,8,6,10,6,12,5,15,8,20,12,23,13,22,10,21,7,19,7,16,6,14,4,12,4,10,4,8,3,5,1,2,2,0,3,-2,3,-3,4,-2,8,-2,2,-1,0,0,0,0,0,0,0,0,0,0,0,0,0,0,0,0,0,0,-2,1,-6,6,-8,4,-9,1,-11,-2,-12,-4,-10,-4,-9,-5,-10,-6,-12,-5,-10,-3,-7,-2,-6,1,-4,2,-4,3,-3,6,-3,9,-5,10,-8,13,-8,19,-10,21,-13,20,-16,20,-16,18,-18,18,-20,21,-20,21"
8.989141941070557,100,"CSI,2765,128,83,49,21,0,12,12,12,5,11,-1,10,-3,7,-4,8,-8,13,-10,16,-9,17,-12,17,-17,18,-18,17,-17,15,-16,17,-12,22,-9,19,-5,11,-2,8,-1,6,-3,3,-5,1,-4,-1,-4,-3,-4,-4,-5,-6,-8,-2,-3,0,0,0,0,0,0,0,0,0,0,0,0,0,0,0,0,0,0,1,2,2,8,-1,8,-2,9,-4,7,-4,6,-3,8,-3,9,-5,7,-4,7,-4,8,-3,6,1,3,3,0,2,1,4,4,8,5,11,5,12,5,13,8,16,11,20,15,19,16,17,17,18,18,19,16,18,15"
9.09172773361206,101,"CSI,2768,128,83,49,21,0,15,5,12,4,8,0,4,-4,3,-8,4,-13,6,-17,10,-21,10,-23,8,-24,8,-24,8,-20,8,-15,8,-13,10,-14,11,-13,10,-11,4,-9,1,-6,0,-4,-2,-5,-3,-4,-5,-2,-8,-3,-11,-4,-3,-2,0,0,0,0,0,0,0,0,0,0,0,0,0,0,0,0,0,0,-1,2,-1,9,-4,9,-8,8,-9,8,-7,9,-6,8,-6,6,-5,5,-3,4,-3,2,-4,2,-3,4,1,6,5,7,10,6,13,7,14,6,13,6,14,9,17,12,20,11,20,11,20,12,21,14,21,14,19,15"
9.193309783935547,102,"CSI,2772,128,83,49,21,0,19,6,15,2,10,-3,5,-5,2,-10,2,-14,-1,-17,-4,-22,-5,-23,-2,-24,2,-25,3,-23,4,-21,6,-18,5,-16,4,-14,2,-11,-1,-8,-3,-6,-3,-4,-3,-4,-4,-3,-6,-2,-6,0,-8,0,-3,0,0,0,0,0,0,0,0,0,0,0,0,0,0,0,0,0,0,0,0,2,3,8,3,9,2,11,-1,12,-1,11,-1,9,-3,8,-1,8,2,8,2,6,3,6,2,6,1,4,2,1,6,1,11,1,13,1,15,0,17,3,19,5,22,4,24,3,28,4,30,3,28,3,26,3"
9.298691987991333,103,"CSI,2777,128,83,49,21,0,-15,-4,-14,-4,-10,-5,-7,0,-6,9,-5,13,-4,17,-5,22,-3,24,-1,25,-4,23,-6,19,-6,17,-9,16,-9,17,-6,16,-3,12,-3,11,-2,10,0,6,2,2,4,0,5,-1,6,-1,7,0,1,0,0,0,0,0,0,0,0,0,0,0,0,0,0,0,0,0,0,0,-1,-2,-1,-9,1,-9,4,-8,6,-9,5,-11,3,-11,1,-11,3,-11,3,-10,2,-9,1,-9,1,-9,0,-7,-5,-5,-9,-5,-12,-7,-15,-8,-19,-8,-21,-9,-20,-7,-22,-6,-26,-7,-26,-10,-25,-11,-24,-12,-23,-14"
9.399249792098999,104,"CSI,2780,128,83,49,21,0,-17,1,-14,3,-10,5,-5,6,-1,8,-1,12,4,15,12,17,11,19,8,21,6,23,3,22,1,20,3,19,3,17,1,15,0,12,0,9,1,5,2,4,2,2,3,-2,4,-6,6,-7,8,-6,2,-2,0,0,0,0,0,0,0,0,0,0,0,0,0,0,0,0,0,0,-1,-2,-2,-6,-1,-8,0,-11,2,-11,0,-11,-1,-11,0,-11,1,-9,0,-7,-1,-7,-2,-7,-3,-5,-6,-5,-8,-5,-9,-2,-12,0,-13,2,-14,2,-18,2,-22,1,-24,2,-24,2,-26,1,-31,0,-32,-1,-28,-3"
9.603343725204468,105,"CSI,2789,128,83,49,21,0,14,7,10,3,10,-1,9,-4,7,-7,5,-12,3,-16,1,-17,2,-20,4,-21,6,-21,8,-22,10,-21,11,-20,11,-19,11,-17,8,-13,4,-9,5,-7,5,-7,2,-5,-2,-2,-6,-1,-9,-1,-7,-2,-2,-1,0,0,0,0,0,0,0,0,0,0,0,0,0,0,0,0,0,0,0,1,1,8,0,9,-3,8,-5,9,-6,8,-6,8,-4,8,-4,7,-5,7,-5,7,-2,7,1,6,4,5,6,6,9,5,14,3,18,4,19,3,19,5,20,8,21,9,20,10,22,11,25,12,24,13,20,14"
9.707773923873901,106,"CSI,2792,128,83,49,21,0,-14,10,-11,8,-7,7,-1,7,3,8,4,7,9,11,13,18,16,18,16,15,16,18,17,18,15,16,12,14,10,12,10,11,10,11,9,7,8,4,5,2,3,1,1,-2,1,-5,1,-5,1,-5,0,-2,0,0,0,0,0,0,0,0,0,0,0,0,0,0,0,0,0,0,-2,-3,-7,-11,-6,-9,-4,-9,-1,-12,-1,-12,-1,-10,-1,-10,-3,-9,-3,-7,-2,-6,-2,-4,-4,-4,-5,-3,-6,0,-8,2,-10,2,-13,2,-14,6,-18,10,-22,13,-22,14,-22,12,-24,11,-27,13,-27,11,-26,5"
10.012752771377563,107,"CSI,2804,128,83,49,21,0,16,2,12,0,8,-4,5,-9,2,-11,2,-14,0,-19,-3,-22,-2,-23,2,-23,3,-23,3,-22,4,-22,6,-22,7,-17,7,-12,5,-9,3,-9,1,-9,-2,-7,-6,-5,-7,-2,-7,-1,-7,-1,-8,-1,-2,-1,0,0,0,0,0,0,0,0,0,0,0,0,0,0,0,0,0,0,0,2,1,8,-1,9,-3,10,-3,10,-3,10,-3,11,-2,9,-3,8,-2,8,0,5,2,5,4,4,4,1,6,-1,7,-1,8,0,11,2,14,4,17,4,22,4,26,4,26,5,23,5,22,6,22,7,19,8"
10.116472959518433,108,"CSI,2809,128,83,49,21,0,15,-1,12,1,6,-2,0,-6,-4,-8,-6,-10,-8,-13,-7,-14,-4,-15,-5,-20,-6,-24,-6,-23,-6,-20,-6,-19,-6,-15,-6,-12,-4,-11,-1,-8,-1,-6,-3,-4,-3,0,-4,2,-7,2,-7,3,-6,4,-2,1,0,0,0,0,0,0,0,0,0,0,0,0,0,0,0,0,0,0,0,2,2,10,1,10,-1,10,-2,10,-1,11,-1,10,0,7,0,7,0,7,0,6,1,6,1,3,3,0,7,-1,10,-1,11,-1,12,-1,15,0,19,-1,21,-3,23,-4,23,-4,24,-2,25,-2,25,-3,25,-1"
10.182697772979736,109,"CSI,3449,128,83,49,21,0,0,-13,2,-11,2,-8,0,-7,-4,-7,-8,-6,-7,-2,-3,1,-5,-4,-8,-7,-9,-6,-9,-6,-10,-6,-9,-7,-8,-10,-8,-11,-5,-8,-2,-6,-2,-5,-2,-3,-3,0,-5,2,-5,4,-4,5,-5,4,-2,0,0,0,0,0,0,0,0,0,0,0,0,0,0,0,0,0,0,0,0,-2,3,-4,2,-3,2,-5,2,-5,1,-3,0,-4,2,-6,4,-5,5,-5,4,-6,3,-7,3,-7,4,-6,4,-5,4,-5,2,-6,-4,-7,-10,-7,-9,-10,-6,-11,-1,-12,3,-14,2,-17,-1,-20,-2,-22,0,-21"
10.217821836471558,110,"CSI,2812,128,83,49,21,0,14,5,12,4,9,1,8,-2,8,-6,5,-10,5,-18,7,-25,7,-27,6,-27,7,-25,9,-22,10,-19,10,-17,8,-16,6,-14,5,-12,3,-9,0,-6,-2,-5,-4,-6,-5,-5,-6,-3,-7,-2,-8,-3,-2,-1,0,0,0,0,0,0,0,0,0,0,0,0,0,0,0,0,0,0,-1,1,-2,7,-2,9,-3,10,-3,10,-4,9,-4,8,-5,9,-5,8,-5,5,-5,4,-4,3,-2,3,2,3,6,2,8,1,9,2,13,4,15,6,18,7,21,9,22,10,20,10,18,9,20,9,20,9,17,11"
10.28312373161316,111,"CSI,3453,128,83,49,21,0,-7,4,-6,4,-3,6,1,7,3,6,4,5,3,3,-1,3,1,2,7,2,10,3,10,3,9,0,6,0,5,0,6,1,7,1,6,1,4,1,4,-2,2,-3,-2,-5,-2,-6,-1,-6,-2,-5,-1,-2,0,0,0,0,0,0,0,0,0,0,0,0,0,0,0,0,0,0,0,-1,2,-3,2,-2,1,-1,-1,-2,-4,-2,-5,-4,-3,-7,-1,-7,-1,-7,-1,-7,-2,-6,-3,-6,-2,-6,-3,-5,-3,-1,-2,2,-4,3,-7,5,-8,7,-8,9,-9,10,-10,9,-10,10,-11,14,-13,13,-15,9"
10.320844888687134,112,"CSI,2816,128,83,49,21,0,9,12,9,7,8,2,6,-3,4,-7,5,-9,7,-14,6,-20,8,-20,11,-19,11,-18,12,-16,13,-14,13,-14,14,-13,13,-12,9,-10,4,-7,0,-6,0,-6,-2,-6,-5,-6,-7,-4,-8,-5,-11,-6,-3,-2,0,0,0,0,0,0,0,0,0,0,0,0,0,0,0,0,0,0,-2,1,-5,6,-6,7,-7,6,-8,6,-8,7,-8,7,-7,7,-7,7,-7,5,-7,3,-5,3,-4,2,-1,3,4,4,8,3,10,6,10,11,10,14,13,15,16,14,15,12,15,13,16,17,17,19,17,20,16,23"
10.527917861938477,113,"CSI,2825,128,83,49,21,0,-10,-10,-8,-8,-10,-2,-10,4,-8,9,-9,13,-11,17,-10,19,-10,19,-15,16,-19,14,-19,12,-18,10,-16,9,-14,8,-12,7,-10,7,-8,5,-6,2,-4,1,-1,2,1,4,3,7,6,8,7,7,1,1,0,0,0,0,0,0,0,0,0,0,0,0,0,0,0,0,0,0,-1,-3,-1,-10,0,-9,3,-8,5,-8,6,-8,6,-7,4,-7,3,-7,5,-7,6,-8,3,-7,1,-6,-2,-6,-6,-7,-9,-9,-12,-9,-12,-8,-12,-10,-14,-12,-16,-13,-16,-14,-18,-14,-20,-14,-20,-16,-18,-16,-13,-14"
10.732325792312622,114,"CSI,2832,128,83,49,21,0,10,-7,4,-5,0,-5,-4,-8,-7,-11,-8,-15,-12,-20,-17,-23,-18,-22,-15,-19,-10,-18,-5,-18,-3,-19,-5,-18,-7,-16,-5,-13,-3,-10,-1,-7,-2,-6,-3,-5,-5,-4,-7,-3,-7,-2,-7,-1,-6,-1,-2,-1,0,0,0,0,0,0,0,0,0,0,0,0,0,0,0,0,0,0,1,0,5,1,6,3,8,5,8,7,5,6,5,4,5,4,5,7,5,8,5,6,5,2,4,-2,4,-3,5,-2,6,-6,10,-9,13,-11,14,-11,16,-13,17,-14,18,-12,19,-10,22,-11,22,-14,21,-16,23,-13"
10.793473958969116,115,"CSI,3473,128,83,49,21,0,-1,10,-2,9,1,7,3,6,4,6,5,4,4,-1,3,-4,5,-1,8,3,10,4,10,4,9,1,10,0,9,3,7,3,6,3,7,3,6,3,2,2,0,0,-1,-1,-1,-4,0,-6,0,-5,-1,-1,0,0,0,0,0,0,0,0,0,0,0,0,0,0,0,0,0,0,-2,-2,-4,-6,-4,-3,-4,0,-5,0,-5,1,-3,2,-5,2,-7,1,-9,2,-11,3,-11,2,-10,0,-10,-2,-8,-1,-3,1,2,2,3,1,2,2,2,4,2,6,3,7,3,9,1,11,0,11,1,12,5,16"
10.83241891860962,116,"CSI,2836,128,83,49,21,0,5,11,7,5,6,0,5,-5,5,-10,11,-11,15,-10,15,-9,17,-10,17,-12,17,-13,18,-11,17,-9,15,-7,13,-8,12,-9,9,-8,5,-6,3,-5,1,-5,-2,-5,-4,-6,-5,-6,-5,-4,-7,-3,-2,-1,0,0,0,0,0,0,0,0,0,0,0,0,0,0,0,0,0,0,0,1,-1,4,-4,6,-8,6,-10,3,-9,0,-6,1,-6,2,-8,3,-6,3,-6,3,-5,3,-1,2,1,4,1,5,3,7,7,8,10,11,10,14,8,15,8,15,10,15,10,17,10,18,10,18,11,19,11,23"
11.00898289680481,117,"CSI,883,128,75,-79,20,0,-8,-10,-9,-5,-8,-2,-6,1,-6,5,-10,8,-18,11,-25,11,-24,13,-20,15,-20,13,-21,12,-20,10,-17,7,-16,3,-15,3,-11,4,-6,5,-2,4,0,4,0,4,0,4,2,4,4,4,4,4,1,1,0,0,0,0,0,0,0,0,0,0,0,0,0,0,0,0,0,0,-1,-2,-1,-7,3,-9,5,-7,6,-7,6,-7,7,-8,7,-10,7,-7,7,-4,5,-4,2,-4,1,-5,-1,-6,-5,-7,-8,-7,-11,-6,-13,-7,-13,-11,-13,-13,-13,-15,-15,-17,-16,-18,-17,-18,-16,-19,-15,-19,-17,-19"
11.14254379272461,118,"CSI,2849,128,83,49,21,0,-11,-8,-7,-3,-5,3,-6,7,-8,7,-8,10,-12,16,-18,19,-17,22,-15,21,-14,16,-15,12,-15,12,-15,11,-13,8,-11,6,-9,5,-7,3,-3,5,-1,6,0,5,0,5,1,5,3,5,3,6,0,1,0,0,0,0,0,0,0,0,0,0,0,0,0,0,0,0,0,0,-1,-3,-2,-10,-1,-10,1,-10,3,-10,5,-9,6,-8,7,-7,6,-6,2,-6,0,-5,-1,-6,-3,-5,-4,-5,-6,-5,-9,-5,-12,-7,-14,-10,-15,-11,-18,-11,-19,-11,-18,-13,-19,-16,-21,-16,-23,-14,-22,-13,-19,-12"
11.243481874465942,119,"CSI,2853,128,83,49,21,0,5,-14,0,-10,-3,-5,-7,-4,-10,-5,-13,-6,-16,-5,-16,-1,-16,-2,-18,-5,-21,-7,-22,-10,-20,-12,-19,-12,-16,-10,-13,-8,-11,-6,-7,-5,-5,-3,-4,-2,-3,2,-3,5,-3,6,-3,6,-4,4,-1,0,0,0,0,0,0,0,0,0,0,0,0,0,0,0,0,0,0,0,2,0,9,0,10,0,9,1,8,2,7,3,8,3,8,3,8,3,8,3,5,1,4,-1,3,-3,3,-6,4,-10,4,-11,4,-13,5,-16,4,-18,5,-19,6,-20,6,-21,8,-23,10,-23,10,-22,9,-22,7,-21"
11.447973012924194,120,"CSI,2860,128,83,49,21,0,5,-15,2,-10,-1,-6,-3,-6,-5,-6,-10,-4,-17,-4,-22,-8,-25,-10,-25,-9,-22,-7,-22,-7,-21,-6,-19,-3,-18,-5,-17,-9,-13,-7,-9,-2,-7,2,-5,3,-3,3,-2,3,-2,4,-1,6,-1,7,-1,1,0,0,0,0,0,0,0,0,0,0,0,0,0,0,0,0,0,0,2,0,9,3,10,4,9,6,7,6,7,7,6,8,6,5,5,3,7,3,8,2,6,-1,4,-3,3,-5,6,-6,8,-7,6,-11,5,-15,9,-16,13,-16,13,-15,12,-17,13,-20,11,-23,9,-23,11,-21,14,-18"
11.550343751907349,121,"CSI,2865,128,83,49,21,0,-19,3,-16,4,-12,4,-7,7,-4,10,-3,14,-4,17,-8,21,-5,23,-4,23,-7,21,-8,22,-9,21,-10,18,-11,16,-10,13,-9,9,-6,6,-4,5,-1,6,0,7,1,6,2,4,4,3,5,4,1,1,0,0,0,0,0,0,0,0,0,0,0,0,0,0,0,0,0,0,-3,-2,-11,-5,-11,-4,-9,-5,-7,-7,-6,-10,-7,-9,-6,-8,-5,-7,-6,-4,-7,-2,-4,-2,-3,0,-6,1,-7,1,-8,3,-11,7,-15,7,-15,5,-16,7,-19,8,-19,7,-19,7,-21,4,-24,2,-24,3,-22,5"
11.6541428565979,122,"CSI,2868,128,83,49,21,0,-16,-7,-13,-5,-10,-1,-8,4,-7,8,-8,11,-7,16,-4,24,-6,26,-10,23,-12,19,-12,16,-12,16,-10,16,-9,15,-9,14,-8,12,-6,9,-4,7,-2,7,0,5,2,2,5,0,7,0,8,1,2,0,0,0,0,0,0,0,0,0,0,0,0,0,0,0,0,0,0,0,1,-2,4,-7,4,-8,5,-8,8,-7,9,-4,8,-3,6,-5,5,-4,4,-4,4,-4,4,-5,3,-7,-1,-5,-3,-3,-7,-6,-11,-10,-14,-11,-15,-11,-17,-11,-19,-13,-19,-16,-18,-16,-20,-16,-21,-14,-18,-13,-15,-15"
11.95750904083252,123,"CSI,2880,128,83,49,21,0,7,13,7,9,7,5,8,1,12,-1,16,-5,17,-7,17,-3,19,-4,23,-6,24,-5,21,-2,20,1,18,1,16,2,14,3,11,2,7,-1,5,-2,5,-2,4,-4,2,-6,1,-7,1,-7,1,-8,0,-2,0,0,0,0,0,0,0,0,0,0,0,0,0,0,0,0,0,0,0,2,1,9,-1,7,-3,7,-5,10,-5,10,-5,8,-6,7,-6,6,-5,5,-4,5,-4,6,-5,5,-3,5,1,6,6,5,8,7,8,9,8,11,9,13,12,16,14,18,15,20,16,24,15,25,15,23,13,21"
11.995166778564453,124,"CSI,884,128,77,-47,20,0,-11,11,-6,10,1,8,6,6,8,7,13,9,15,10,12,12,12,14,14,14,16,15,18,16,15,17,12,17,9,16,8,14,7,10,8,7,6,3,4,1,2,-1,2,-3,3,-5,5,-6,6,-6,1,-2,0,0,0,0,0,0,0,0,0,0,0,0,0,0,0,0,0,0,-2,1,-8,3,-10,0,-12,-2,-10,-1,-8,-1,-9,-4,-9,-4,-8,-2,-8,-1,-10,-1,-10,0,-6,1,-5,2,-6,6,-4,9,-3,13,-6,16,-7,18,-6,19,-9,20,-11,21,-11,21,-13,19,-14,20,-13,21,-11,19"
12.064562797546387,125,"CSI,2884,128,83,49,21,0,-16,-7,-15,-6,-13,-1,-8,5,-7,8,-10,12,-11,17,-10,21,-11,20,-15,18,-17,17,-17,17,-18,15,-17,11,-15,9,-12,6,-9,4,-6,5,-3,6,-2,4,0,4,2,5,4,5,5,5,5,7,1,1,0,0,0,0,0,0,0,0,0,0,0,0,0,0,0,0,0,0,-2,-2,-6,-5,-5,-6,-3,-9,-1,-9,-1,-8,-1,-7,0,-7,-2,-7,-2,-6,-3,-8,-5,-10,-6,-9,-6,-8,-8,-6,-11,-4,-14,-6,-17,-6,-19,-6,-21,-7,-23,-9,-23,-11,-23,-11,-23,-12,-23,-12,-24,-12,-23,-12"
12.370580911636353,126,"CSI,2896,128,83,49,21,0,-10,-15,-9,-10,-7,-4,-8,2,-12,5,-13,5,-18,8,-27,15,-26,14,-23,10,-20,9,-20,9,-23,6,-22,4,-21,2,-20,1,-14,3,-9,6,-7,5,-6,3,-4,3,0,4,2,5,2,4,2,5,0,1,0,0,0,0,0,0,0,0,0,0,0,0,0,0,0,0,0,0,0,-2,3,-8,4,-8,4,-8,3,-6,2,-3,1,-3,2,-5,4,-7,3,-7,2,-7,2,-5,3,-5,2,-6,0,-6,-5,-5,-9,-8,-10,-12,-11,-14,-11,-17,-12,-19,-12,-18,-11,-21,-11,-24,-12,-25,-14,-23,-15,-22"
12.4734468460083,127,"CSI,2901,128,83,49,21,0,-8,-11,-8,-9,-8,-5,-9,1,-11,7,-15,11,-15,14,-13,16,-16,13,-20,11,-20,12,-20,12,-20,12,-17,13,-17,11,-16,8,-9,6,-5,6,-4,5,-2,4,1,4,3,5,4,5,5,6,6,7,1,1,0,0,0,0,0,0,0,0,0,0,0,0,0,0,0,0,0,0,1,-3,5,-9,7,-6,8,-3,7,-4,9,-3,9,-3,7,-5,6,-4,5,-3,4,-4,2,-5,0,-6,-1,-8,-2,-9,-3,-8,-8,-9,-12,-12,-12,-14,-12,-16,-12,-18,-14,-19,-16,-22,-13,-24,-14,-25,-15,-26,-14,-23"
12.572921991348267,128,"CSI,2905,128,83,49,21,0,10,11,9,7,8,5,8,1,10,-5,13,-8,14,-10,15,-15,16,-16,19,-12,21,-9,20,-7,18,-7,18,-6,18,-3,16,-4,11,-3,7,-3,4,-3,3,-4,2,-5,1,-7,-1,-7,-2,-8,-2,-8,-1,-2,0,0,0,0,0,0,0,0,0,0,0,0,0,0,0,0,0,0,-2,1,-7,5,-5,5,-5,6,-4,7,-5,6,-7,5,-5,5,-4,5,-5,5,-5,4,-5,3,-3,4,0,6,3,8,4,9,4,8,7,8,11,8,14,9,17,14,16,19,11,20,9,20,11,20,12,18,10,16"
12.675765991210938,129,"CSI,2909,128,83,49,21,0,1,-16,-1,-13,-4,-9,-6,-4,-11,-2,-15,-1,-19,0,-27,2,-30,2,-27,1,-23,-3,-20,-4,-19,-2,-20,0,-20,0,-17,-2,-12,-3,-9,-2,-8,0,-6,2,-3,4,-2,6,-2,7,0,7,1,6,0,1,0,0,0,0,0,0,0,0,0,0,0,0,0,0,0,0,0,0,1,0,6,2,6,2,6,4,5,4,7,3,8,4,6,6,6,4,6,2,5,1,5,0,4,-2,3,-3,4,-4,6,-7,5,-10,3,-13,3,-17,5,-21,7,-21,7,-20,6,-24,7,-26,10,-24,10,-21,10,-17"
12.777521848678589,130,"CSI,2912,128,83,49,21,0,12,8,8,4,6,-1,6,-4,6,-6,8,-10,12,-9,16,-8,19,-13,19,-19,19,-20,18,-16,17,-13,16,-10,17,-7,16,-5,11,-6,7,-4,6,-1,4,-3,1,-6,-1,-6,-1,-5,-1,-8,-2,-11,-1,-3,0,0,0,0,0,0,0,0,0,0,0,0,0,0,0,0,0,0,0,2,2,8,1,8,0,9,-1,10,-2,8,-3,7,-3,7,-3,7,-2,9,0,8,1,6,1,4,3,3,5,4,7,3,12,1,15,0,15,2,17,5,21,5,22,6,21,8,20,11,20,13,20,12,20,10"
12.888293027877808,131,"CSI,885,128,75,-79,20,0,4,-10,1,-8,0,-8,-5,-9,-8,-9,-11,-9,-15,-11,-18,-15,-21,-16,-21,-14,-18,-17,-15,-19,-13,-17,-12,-16,-13,-15,-10,-15,-7,-13,-6,-8,-6,-4,-7,-3,-6,-1,-5,0,-4,2,-6,4,-6,6,-2,1,0,0,0,0,0,0,0,0,0,0,0,0,0,0,0,0,0,0,2,-1,8,-3,8,-2,8,1,9,2,9,2,7,3,6,3,5,1,3,2,4,2,6,0,5,-4,4,-6,3,-6,4,-6,4,-10,4,-14,6,-17,9,-21,10,-24,10,-23,9,-22,10,-23,16,-23,17,-22,15,-24"
12.986923933029175,132,"CSI,2921,128,83,49,21,0,-15,7,-9,8,-3,8,0,8,3,10,8,14,14,18,18,21,17,20,14,20,11,22,10,23,9,21,6,18,6,17,5,15,5,11,5,8,6,8,6,5,7,1,5,-1,5,-3,5,-4,4,-5,0,-2,0,0,0,0,0,0,0,0,0,0,0,0,0,0,0,0,0,0,-3,-2,-10,-6,-7,-8,-4,-8,-4,-8,-5,-10,-4,-10,-3,-10,-3,-10,-4,-10,-5,-10,-5,-7,-5,-1,-4,2,-2,3,-6,6,-11,8,-12,9,-13,8,-14,11,-17,12,-18,11,-19,10,-19,9,-21,10,-22,11,-19,9"
13.186729907989502,133,"CSI,2929,128,83,49,21,0,8,16,9,10,7,4,8,0,10,-3,13,-8,18,-9,24,-4,24,-4,21,-8,21,-8,21,-6,20,-4,19,-1,18,1,15,1,11,0,7,-1,6,-2,6,-5,5,-7,3,-8,0,-7,-1,-7,1,-9,0,-3,0,0,0,0,0,0,0,0,0,0,0,0,0,0,0,0,0,0,0,2,1,9,-1,9,-2,12,-3,12,-4,8,-4,6,-4,7,-5,8,-5,8,-4,6,-2,6,0,5,0,6,2,8,6,9,10,8,13,7,13,7,14,10,15,14,17,15,17,16,17,18,17,21,15,23,15,24"
13.261417865753174,134,"CSI,886,128,77,-47,20,0,-15,2,-10,2,-5,6,-2,9,-1,12,0,16,4,22,7,26,5,26,0,23,-4,22,-6,21,-5,22,-5,22,-7,19,-6,14,-5,9,-5,7,-3,6,1,6,4,5,4,5,5,4,7,2,7,2,1,0,0,0,0,0,0,0,0,0,0,0,0,0,0,0,0,0,0,0,-3,-2,-11,-4,-10,-4,-10,-5,-9,-4,-7,-4,-5,-6,-5,-7,-8,-7,-9,-7,-7,-6,-6,-3,-7,-1,-8,0,-9,1,-10,4,-12,6,-13,6,-14,7,-15,9,-16,9,-18,8,-21,7,-25,6,-26,7,-23,8,-20,6"
13.393593072891235,135,"CSI,2936,128,83,49,21,0,12,-4,8,-4,5,-7,1,-12,0,-12,2,-12,2,-19,1,-26,-1,-26,-4,-23,-1,-22,3,-22,8,-20,10,-18,9,-17,9,-13,7,-8,4,-7,3,-7,1,-6,-3,-3,-4,-3,-4,-5,-5,-5,-7,-4,-2,-1,0,0,0,0,0,0,0,0,0,0,0,0,0,0,0,0,0,0,1,-1,7,-3,9,-1,7,2,7,4,9,3,8,2,8,3,10,5,8,4,7,2,7,-1,8,-2,8,-2,8,-1,10,-2,10,-7,11,-9,12,-10,15,-12,17,-13,20,-13,21,-13,22,-11,24,-11,26,-12,29,-12"
13.492805004119873,136,"CSI,2941,128,83,49,21,0,13,14,12,6,10,-1,8,-3,8,-4,12,-8,13,-8,13,-4,17,-4,21,-7,21,-7,21,-5,20,-2,18,0,15,0,13,0,11,2,9,1,6,-1,4,-1,2,-2,1,-6,2,-9,3,-9,3,-11,1,-3,0,0,0,0,0,0,0,0,0,0,0,0,0,0,0,0,0,0,2,1,7,5,5,6,5,7,4,7,3,7,4,6,4,6,4,8,4,10,3,9,4,7,5,8,4,9,5,7,8,4,13,3,16,2,17,1,16,3,17,7,20,10,22,12,22,14,21,16,20,13,18,12"
13.599802017211914,137,"CSI,2944,128,83,49,21,0,5,-19,3,-15,-2,-12,-7,-11,-11,-10,-15,-9,-15,-8,-11,-8,-15,-12,-19,-14,-19,-15,-17,-15,-12,-18,-8,-18,-8,-15,-9,-11,-9,-10,-7,-8,-5,-5,-4,-2,-4,0,-5,2,-7,5,-7,7,-6,8,-2,1,0,0,0,0,0,0,0,0,0,0,0,0,0,0,0,0,0,0,2,-1,8,-3,8,-5,8,-6,8,-3,9,0,6,1,5,2,8,1,11,-1,11,-1,10,-1,9,-3,5,-6,3,-8,2,-11,2,-11,2,-13,2,-16,3,-18,3,-20,5,-22,8,-24,7,-24,8,-24,10,-23,12,-21"
13.80271577835083,138,"CSI,2953,128,83,49,21,0,-7,15,-3,12,1,11,3,10,7,8,10,6,9,8,7,13,10,17,14,17,12,18,11,21,11,20,7,17,4,16,4,14,1,11,1,9,2,7,3,4,5,1,5,1,4,1,6,-1,8,-1,2,-1,0,0,0,0,0,0,0,0,0,0,0,0,0,0,0,0,0,0,0,1,-1,8,-2,11,-3,11,-5,8,-6,5,-4,5,-3,5,-6,7,-6,8,-4,7,-4,6,-6,6,-4,7,-2,8,-1,9,0,11,2,14,2,17,-1,19,0,19,0,20,-1,21,-3,21,-5,23,-4,26,-3,26"
13.83050799369812,139,"CSI,888,128,77,-47,20,0,10,11,7,6,7,4,8,3,7,2,7,4,9,6,14,4,22,9,27,16,25,17,24,15,24,12,23,10,19,8,14,5,10,4,7,4,5,3,2,2,2,2,3,1,3,1,3,0,5,0,1,0,0,0,0,0,0,0,0,0,0,0,0,0,0,0,0,0,0,0,0,1,2,7,0,7,-1,10,-1,14,-1,14,0,13,0,15,1,16,3,14,5,11,5,10,6,8,7,6,7,5,7,5,9,6,12,7,13,11,15,17,15,20,14,24,17,26,20,26,22,29,22,29,19,25"
13.859279870986938,140,"CSI,889,128,77,-47,20,0,16,4,10,2,6,-2,8,-5,8,-9,8,-14,7,-17,3,-24,5,-24,9,-19,11,-17,12,-18,12,-18,13,-16,13,-13,11,-8,8,-5,4,-6,3,-6,2,-6,0,-5,-1,-5,-2,-4,-3,-5,-3,-6,-1,-2,0,0,0,0,0,0,0,0,0,0,0,0,0,0,0,0,0,0,-1,2,-1,8,-2,9,-4,9,-4,9,-4,9,-4,9,-3,10,-3,8,-2,7,-2,5,-1,4,0,4,3,5,5,3,8,3,11,5,12,6,13,5,16,5,19,7,19,9,18,12,19,13,22,10,24,9,24,11"
13.90523886680603,141,"CSI,2956,128,83,49,21,0,14,-8,9,-7,7,-7,5,-8,1,-10,-2,-15,-4,-18,-4,-18,-1,-20,3,-23,3,-24,2,-23,2,-21,3,-20,3,-19,2,-16,2,-13,2,-10,1,-7,-1,-5,-4,-4,-5,-2,-6,-3,-8,-4,-8,-3,-2,-1,0,0,0,0,0,0,0,0,0,0,0,0,0,0,0,0,0,0,1,-1,7,-1,9,1,8,4,9,4,10,4,9,4,6,2,5,1,6,1,8,1,7,1,5,0,5,-1,5,-2,7,-6,10,-10,14,-11,15,-10,16,-11,19,-12,22,-11,23,-9,22,-9,22,-10,22,-9,22,-10"
14.005663871765137,142,"CSI,2961,128,83,49,21,0,12,6,11,3,8,-2,7,-6,7,-11,8,-16,8,-14,11,-12,15,-14,13,-17,12,-20,15,-20,15,-17,13,-14,12,-12,12,-9,8,-8,4,-7,4,-5,4,-4,2,-6,-1,-6,-4,-6,-4,-6,-4,-6,-1,-2,0,0,0,0,0,0,0,0,0,0,0,0,0,0,0,0,0,0,1,1,4,8,4,9,3,8,2,8,2,9,2,8,0,7,-1,7,1,6,1,3,3,3,4,3,3,3,4,2,9,1,13,0,13,1,14,2,18,3,21,4,22,6,23,6,25,5,27,7,25,9,22,10"
14.111056804656982,143,"CSI,2965,128,83,49,21,0,2,-16,-1,-14,-4,-11,-7,-7,-10,-7,-15,-8,-19,-12,-19,-15,-20,-14,-23,-11,-25,-10,-23,-11,-20,-10,-17,-10,-14,-9,-12,-7,-10,-3,-8,-2,-7,-3,-6,-3,-4,1,-4,4,-2,6,0,6,-1,5,-1,1,0,0,0,0,0,0,0,0,0,0,0,0,0,0,0,0,0,0,1,-1,7,-2,8,0,8,1,7,1,5,1,6,2,8,1,9,0,7,1,5,0,5,-2,4,-4,5,-5,4,-7,2,-11,2,-13,4,-13,5,-15,7,-19,8,-22,8,-24,8,-24,8,-25,8,-27,9,-25,13,-22"
14.31690788269043,144,"CSI,2972,128,83,49,21,0,-4,-12,-5,-9,-7,-7,-7,-2,-10,3,-16,6,-18,9,-16,13,-18,11,-21,7,-20,4,-19,2,-21,1,-20,-1,-20,-2,-19,-3,-16,-1,-12,1,-9,1,-6,2,-3,6,-1,8,-1,7,-1,4,-1,4,-1,1,0,0,0,0,0,0,0,0,0,0,0,0,0,0,0,0,0,0,2,-2,8,-7,8,-7,8,-5,8,-3,8,-2,8,-2,8,-2,4,-4,1,-6,4,-8,4,-8,2,-9,-1,-10,-3,-10,-4,-11,-4,-12,-4,-13,-7,-15,-8,-19,-8,-21,-9,-21,-10,-23,-10,-26,-9,-25,-8,-23,-11,-23"
14.726544857025146,145,"CSI,890,128,77,-47,20,0,-9,12,-5,10,0,9,2,10,6,11,9,12,10,15,13,19,16,17,14,15,10,16,11,16,10,17,6,18,3,17,2,14,2,12,3,10,2,8,1,6,2,4,3,1,4,-1,6,-1,5,-3,0,-1,0,0,0,0,0,0,0,0,0,0,0,0,0,0,0,0,0,0,-2,1,-7,7,-8,5,-12,4,-12,3,-8,1,-7,0,-10,1,-11,1,-9,-2,-7,-1,-6,0,-7,1,-5,3,-2,5,-3,5,-2,6,-1,10,-4,13,-7,15,-7,16,-9,17,-10,19,-11,19,-12,19,-12,18,-10,17"
14.799983978271484,146,"CSI,891,128,77,-47,20,0,-15,-5,-12,-3,-8,2,-6,7,-8,11,-10,13,-9,13,-7,12,-10,14,-14,16,-16,15,-18,14,-17,13,-14,11,-13,9,-15,8,-14,8,-9,6,-6,3,-5,1,-3,1,1,2,3,3,4,4,5,4,1,0,0,0,0,0,0,0,0,0,0,0,0,0,0,0,0,0,0,0,-2,-2,-5,-7,-3,-8,-1,-8,-1,-9,-2,-11,-2,-11,-2,-7,-3,-7,-2,-8,-2,-6,-4,-5,-6,-3,-6,-3,-6,-6,-8,-5,-11,-4,-15,-4,-19,-4,-20,-5,-20,-7,-20,-8,-21,-8,-23,-11,-25,-12,-24,-9,-21,-7"
14.827908039093018,147,"CSI,892,128,77,-47,20,0,12,2,10,0,6,-3,2,-7,3,-10,4,-14,7,-18,14,-20,15,-20,13,-21,11,-20,10,-19,12,-18,12,-18,11,-15,9,-10,6,-8,6,-8,4,-9,2,-8,0,-6,-2,-4,-4,-4,-5,-4,-7,-4,-2,-2,0,0,0,0,0,0,0,0,0,0,0,0,0,0,0,0,0,0,0,2,3,9,4,8,6,8,4,10,1,9,1,9,1,7,1,4,1,3,2,6,5,7,7,5,5,3,5,1,8,-1,10,2,14,3,17,2,19,2,19,2,18,1,19,3,22,5,24,4,26,4,25,5"
14.85969090461731,148,"CSI,2992,128,83,49,21,0,-15,-5,-13,-2,-12,2,-8,5,-7,8,-10,12,-9,13,-4,10,-7,11,-15,15,-17,15,-16,12,-17,11,-18,10,-16,8,-12,8,-9,8,-6,6,-2,4,-1,4,-1,4,0,4,1,4,2,5,2,5,0,1,0,0,0,0,0,0,0,0,0,0,0,0,0,0,0,0,0,0,-2,-2,-4,-8,-3,-8,-4,-9,-2,-8,0,-7,0,-7,2,-9,1,-9,-1,-8,0,-8,1,-9,0,-8,-2,-6,-5,-6,-9,-3,-13,-1,-15,-1,-17,-1,-19,-3,-22,-6,-24,-7,-25,-7,-25,-8,-23,-9,-23,-11,-25,-13"
15.030839920043945,149,"CSI,3001,128,83,49,21,0,-13,10,-10,8,-5,8,1,10,6,13,6,14,4,17,1,22,-1,24,-1,24,-1,21,-2,19,-3,19,-3,19,-1,18,-1,16,-2,12,0,8,1,6,0,5,1,3,1,4,3,5,5,4,6,2,1,0,0,0,0,0,0,0,0,0,0,0,0,0,0,0,0,0,0,0,-2,1,-7,5,-7,3,-7,2,-7,2,-8,0,-8,-1,-7,1,-6,1,-8,0,-8,1,-8,3,-9,3,-9,2,-8,5,-6,8,-6,9,-7,10,-9,12,-11,14,-12,16,-14,16,-15,17,-18,17,-22,16,-21,18,-17,18"
15.33830189704895,150,"CSI,3013,128,83,49,21,0,11,-4,10,-6,7,-7,3,-8,0,-11,-1,-14,-4,-17,-7,-20,-4,-20,0,-19,1,-19,5,-18,7,-19,5,-19,2,-16,4,-14,4,-13,1,-10,-1,-7,-3,-6,-4,-6,-5,-5,-5,-2,-5,-1,-5,-1,-1,-1,0,0,0,0,0,0,0,0,0,0,0,0,0,0,0,0,0,0,1,0,8,1,9,1,9,3,6,6,4,6,5,6,7,6,8,6,7,7,6,6,7,4,8,3,6,1,6,-1,8,-2,11,-1,13,-3,15,-7,18,-8,18,-7,15,-7,16,-8,19,-9,22,-8,21,-6,19,-2"
15.543294906616211,151,"CSI,3021,128,83,49,21,0,-9,13,-6,13,-2,12,1,12,6,15,9,17,6,15,3,16,2,20,2,21,2,21,3,21,1,19,-1,18,-2,18,-2,15,-3,11,-1,9,0,7,1,7,2,5,3,2,3,0,4,0,5,2,1,0,0,0,0,0,0,0,0,0,0,0,0,0,0,0,0,0,0,0,-2,0,-5,2,-7,4,-10,5,-12,4,-11,2,-10,2,-8,3,-7,3,-7,4,-6,4,-5,2,-6,2,-6,3,-5,5,-5,9,-5,12,-5,14,-6,14,-8,14,-10,14,-13,16,-14,18,-14,18,-13,18,-14,17,-18,16"
15.745627880096436,152,"CSI,3029,128,83,49,21,0,10,8,10,7,11,3,11,-2,9,-3,9,-4,10,-7,10,-7,12,-3,17,1,20,2,20,1,18,0,15,-1,15,1,12,1,10,1,10,0,10,-1,6,-1,3,-3,3,-6,3,-7,2,-7,1,-7,0,-2,0,0,0,0,0,0,0,0,0,0,0,0,0,0,0,0,0,0,1,1,7,7,6,10,4,10,2,10,0,10,-2,9,-1,7,1,6,2,5,3,5,4,4,4,3,6,2,7,1,8,0,11,0,14,2,16,5,16,7,17,10,18,10,19,9,18,12,18,13,18,12,19,12"
15.849233865737915,153,"CSI,3033,128,83,49,21,0,-5,14,-2,10,1,8,4,8,7,10,9,12,11,15,12,18,11,20,11,22,10,20,9,18,7,19,4,17,2,15,2,14,3,13,4,11,2,7,1,4,3,3,4,4,4,2,5,-2,9,-4,2,-1,0,0,0,0,0,0,0,0,0,0,0,0,0,0,0,0,0,0,-2,1,-6,6,-5,4,-5,3,-8,3,-10,4,-9,3,-6,2,-4,2,-5,4,-6,5,-6,6,-6,5,-3,8,2,10,2,11,-1,15,-2,17,-2,16,-4,16,-5,20,-5,23,-5,24,-8,22,-12,21,-13,22,-10,23"
16.053196907043457,154,"CSI,3040,128,83,49,21,0,0,11,4,9,7,9,8,6,11,2,15,0,17,0,14,-1,14,-2,17,-1,19,1,18,2,17,2,15,1,13,1,12,-1,10,-1,5,0,2,-1,3,-4,5,-4,4,-5,-1,-7,-3,-8,-3,-8,-1,-2,0,0,0,0,0,0,0,0,0,0,0,0,0,0,0,0,0,0,-1,2,-5,9,-6,6,-7,6,-7,6,-9,5,-10,4,-10,4,-11,3,-10,6,-8,8,-6,6,-2,5,0,4,2,3,3,5,4,10,6,14,8,16,9,17,9,18,6,20,4,23,4,25,3,23,1,22,0,22"
16.261165857315063,155,"CSI,3049,128,83,49,21,0,12,-7,9,-9,2,-10,-2,-12,-1,-13,-3,-14,-3,-16,-1,-17,-2,-19,-3,-22,-3,-22,-1,-22,0,-20,0,-18,0,-16,1,-13,1,-9,0,-8,-2,-9,-5,-10,-6,-8,-7,-6,-5,-3,-5,-1,-6,-2,-2,-1,0,0,0,0,0,0,0,0,0,0,0,0,0,0,0,0,0,0,2,0,10,1,9,1,8,1,8,1,6,3,7,4,9,2,8,1,7,1,9,1,11,2,8,0,5,-2,4,-5,4,-8,5,-10,7,-10,10,-11,12,-12,17,-13,18,-16,18,-17,17,-17,17,-15,18,-12,17,-10"
16.364442110061646,156,"CSI,3053,128,83,49,21,0,-9,-8,-10,-7,-12,-5,-12,-3,-12,3,-13,6,-15,4,-15,-2,-16,-1,-19,4,-21,5,-21,2,-21,0,-20,0,-18,-1,-14,0,-11,1,-8,1,-6,2,-4,2,-5,3,-5,2,-2,4,0,7,0,8,0,2,0,0,0,0,0,0,0,0,0,0,0,0,0,0,0,0,0,0,1,-3,4,-9,3,-7,2,-6,3,-8,3,-9,0,-8,0,-8,3,-7,5,-8,4,-9,1,-7,-1,-5,-2,-5,-2,-6,-4,-7,-7,-8,-10,-9,-14,-12,-16,-15,-14,-16,-14,-16,-12,-18,-9,-20,-8,-21,-9,-21,-10,-18"
16.467047929763794,157,"CSI,3057,128,83,49,21,0,-15,-4,-10,-1,-8,3,-7,7,-6,9,-8,9,-9,8,-12,10,-14,16,-14,18,-15,16,-16,13,-15,12,-12,12,-10,10,-9,8,-7,7,-6,6,-5,6,-4,6,-3,6,0,5,3,3,2,3,2,4,0,1,0,0,0,0,0,0,0,0,0,0,0,0,0,0,0,0,0,0,-1,-2,-5,-7,-6,-7,-6,-8,-4,-10,-1,-9,-1,-7,0,-8,-1,-9,-3,-10,-2,-9,0,-7,-1,-6,-2,-5,-4,-3,-7,-1,-10,0,-13,0,-16,-3,-17,-5,-18,-7,-21,-8,-24,-9,-24,-10,-21,-12,-19,-13,-21,-13"
16.565905809402466,158,"CSI,3060,128,83,49,21,0,-1,11,2,7,7,5,11,4,11,5,12,5,13,6,12,11,15,8,21,4,21,4,19,5,16,6,13,7,14,7,13,5,9,3,6,3,5,2,5,-1,5,-3,4,-6,3,-7,2,-8,3,-10,1,-3,0,0,0,0,0,0,0,0,0,0,0,0,0,0,0,0,0,0,-2,1,-7,4,-9,2,-10,0,-10,-2,-10,-1,-9,1,-6,2,-6,1,-7,1,-9,2,-8,1,-7,0,-4,2,-1,6,0,8,-1,10,-3,11,-3,13,-2,16,-2,18,-4,20,-4,21,-2,23,-2,24,-4,23,-7,19"
16.668943643569946,159,"CSI,3064,128,83,49,21,0,12,5,12,2,9,-3,6,-7,6,-9,8,-12,11,-14,17,-12,16,-13,12,-17,11,-18,10,-16,11,-15,13,-13,12,-10,10,-8,6,-7,4,-6,2,-4,1,-3,0,-3,-1,-5,-3,-7,-5,-6,-5,-6,-1,-2,0,0,0,0,0,0,0,0,0,0,0,0,0,0,0,0,0,0,0,1,3,6,2,7,0,7,-1,6,-1,7,-1,8,-4,9,-4,8,-2,7,0,6,1,4,5,4,7,3,7,2,7,3,9,4,11,4,13,4,15,3,17,4,20,9,23,11,20,10,20,10,20,11,16,10"
16.878187894821167,160,"CSI,3074,128,83,49,21,0,9,5,8,4,8,1,9,-2,13,-6,15,-8,15,-5,17,-4,20,-8,19,-10,18,-9,18,-8,18,-7,16,-4,15,-2,13,-2,10,-2,7,-1,5,-2,4,-3,3,-4,1,-4,0,-5,0,-5,1,-4,0,-1,0,0,0,0,0,0,0,0,0,0,0,0,0,0,0,0,0,0,1,1,5,5,7,5,7,6,6,6,5,8,4,8,3,6,2,7,3,9,3,8,2,6,5,4,9,3,9,2,8,2,10,2,14,0,15,-1,16,0,17,2,20,5,24,8,24,9,23,9,23,9,21,11"
16.973614931106567,161,"CSI,3077,128,83,49,21,0,-1,13,1,11,6,8,10,3,12,1,14,3,14,8,13,11,17,11,21,10,23,10,23,11,20,11,14,10,11,10,9,8,8,8,8,7,8,4,6,0,4,-2,4,-2,4,-2,4,-2,6,-1,2,-1,0,0,0,0,0,0,0,0,0,0,0,0,0,0,0,0,0,0,0,1,1,6,1,7,1,7,0,6,-3,5,-4,5,-4,6,-6,8,-7,8,-2,7,0,6,0,4,1,2,4,5,7,9,7,11,9,11,11,11,9,13,7,14,9,16,9,18,6,20,6,24,8,26,7,23"
17.0430908203125,162,"CSI,3717,128,83,49,21,0,8,-4,5,-5,5,-6,4,-7,0,-6,-2,-7,-2,-5,-2,-1,-4,-4,-7,-9,-7,-10,-6,-12,-6,-11,-5,-8,-6,-7,-6,-8,-5,-9,-4,-7,-2,-5,0,-3,0,2,-1,2,-3,1,-4,4,-4,7,-2,1,0,0,0,0,0,0,0,0,0,0,0,0,0,0,0,0,0,0,-1,-1,-3,-2,-2,-1,-2,-1,-2,0,-2,3,-3,4,-5,5,-4,6,-3,6,-3,4,-2,3,-3,3,-4,1,-4,0,-2,1,-1,0,-1,-1,2,-2,6,-4,7,-5,6,-5,6,-6,7,-7,10,-8,13,-6,16,-6"
17.083106994628906,163,"CSI,3081,128,83,49,21,0,0,-17,-3,-13,-5,-9,-5,-6,-9,-5,-15,-7,-17,-9,-14,-10,-17,-12,-20,-13,-21,-11,-20,-12,-18,-14,-14,-14,-13,-12,-11,-9,-8,-7,-8,-7,-7,-7,-5,-4,-5,-2,-7,-1,-6,1,-4,2,-4,3,-1,0,0,0,0,0,0,0,0,0,0,0,0,0,0,0,0,0,0,0,-1,-3,-2,-10,-1,-10,0,-12,2,-12,4,-9,4,-8,3,-10,1,-10,1,-9,2,-8,2,-7,1,-3,0,-3,-3,-6,-5,-8,-5,-10,-5,-13,-5,-16,-6,-17,-7,-18,-9,-21,-8,-23,-6,-22,-6,-22,-6,-25,-7,-25"
17.179473876953125,164,"CSI,3085,128,83,49,21,0,-5,14,-1,13,1,11,4,8,7,5,10,7,11,9,11,7,11,10,13,14,12,17,9,19,8,18,7,13,5,10,3,10,3,8,2,7,3,6,4,5,4,4,5,3,4,1,5,-1,7,-4,2,-2,0,0,0,0,0,0,0,0,0,0,0,0,0,0,0,0,0,0,-2,1,-5,5,-6,6,-7,4,-7,2,-8,3,-8,6,-9,8,-10,7,-8,5,-6,4,-6,3,-5,5,-3,8,-2,7,0,8,1,12,1,14,0,15,-2,18,-4,20,-5,20,-4,21,-5,20,-7,21,-7,20,-6,18"
17.283747911453247,165,"CSI,3089,128,83,49,21,0,-11,9,-9,9,-4,10,3,11,6,11,8,12,10,14,7,19,9,19,13,16,10,15,7,16,4,18,2,18,2,14,1,11,0,8,3,4,3,3,3,3,3,2,3,0,5,-1,4,-2,2,-3,0,-1,0,0,0,0,0,0,0,0,0,0,0,0,0,0,0,0,0,0,-2,-1,-7,1,-8,2,-9,0,-8,-3,-8,-2,-9,1,-11,2,-11,1,-11,0,-10,-1,-8,-3,-4,-2,-3,2,-5,5,-7,6,-9,9,-9,10,-12,11,-14,13,-15,15,-15,17,-16,16,-16,16,-16,17,-15,17,-16,20"
17.48867177963257,166,"CSI,3096,128,83,49,21,0,-13,6,-8,6,-5,8,-2,10,1,11,3,14,4,15,5,14,4,16,3,19,1,18,-1,17,-3,17,-3,19,-3,16,-4,13,-3,11,-2,7,-1,4,0,3,2,2,4,2,5,1,7,1,9,1,2,0,0,0,0,0,0,0,0,0,0,0,0,0,0,0,0,0,0,0,-2,0,-7,-1,-9,-2,-10,-3,-9,-5,-9,-6,-9,-5,-8,-4,-6,-4,-6,-4,-6,-6,-8,-5,-9,-1,-8,3,-8,4,-9,5,-10,5,-10,7,-13,10,-17,12,-18,13,-19,9,-22,8,-24,9,-25,9,-24,8,-22,6"
17.798362016677856,167,"CSI,3109,128,83,49,21,0,12,-12,10,-11,5,-11,-2,-13,-4,-16,-5,-15,-5,-15,-2,-17,-6,-18,-11,-19,-12,-18,-12,-18,-8,-19,-1,-20,1,-16,-1,-12,-3,-11,-2,-10,-3,-7,-3,-5,-3,-2,-3,0,-4,1,-5,2,-6,4,-2,1,0,0,0,0,0,0,0,0,0,0,0,0,0,0,0,0,0,0,2,-1,9,-4,9,-3,8,-2,9,1,11,1,9,0,8,1,7,3,7,4,7,2,4,-1,-1,-3,-1,-3,3,-6,5,-7,6,-8,8,-10,9,-11,10,-13,12,-16,12,-18,14,-18,14,-17,13,-18,14,-20,16,-20"
17.898075819015503,168,"CSI,3112,128,83,49,21,0,12,2,12,1,10,0,5,-5,3,-11,3,-14,6,-19,8,-24,6,-23,5,-21,4,-23,5,-22,7,-19,9,-18,9,-18,7,-17,3,-12,2,-8,2,-6,0,-6,-3,-5,-5,-3,-7,-2,-7,-2,-6,-2,-2,-1,0,0,0,0,0,0,0,0,0,0,0,0,0,0,0,0,0,0,-1,1,-2,5,-2,5,-3,7,-4,8,-5,8,-4,8,-5,8,-6,9,-5,8,-6,5,-5,5,-5,5,-4,2,1,2,6,4,9,6,11,8,12,9,16,11,20,12,20,12,20,11,18,10,20,9,24,11,22,14"
18.000282764434814,169,"CSI,3116,128,83,49,21,0,10,10,11,5,11,2,11,0,9,-6,8,-12,6,-14,5,-13,9,-11,12,-10,16,-11,20,-10,20,-9,17,-6,14,-5,13,-5,11,-3,9,-2,7,-4,5,-5,2,-5,-1,-5,-5,-4,-5,-4,-4,-5,-1,-2,0,0,0,0,0,0,0,0,0,0,0,0,0,0,0,0,0,0,1,0,4,4,2,7,1,9,-1,10,0,10,0,10,0,11,0,10,-2,9,-3,7,-3,4,0,2,3,3,4,4,6,4,8,3,11,3,13,7,16,10,20,10,21,10,21,11,21,10,20,11,18,12,18,11"
18.07311987876892,170,"CSI,893,128,77,-47,20,0,7,-14,5,-15,2,-14,-1,-14,-5,-11,-9,-11,-11,-12,-12,-10,-9,-13,-7,-19,-6,-20,-6,-18,-6,-17,-3,-16,-2,-16,1,-13,2,-10,2,-9,1,-8,-2,-5,-3,-2,-4,-2,-4,-1,-6,0,-8,0,-3,-1,0,0,0,0,0,0,0,0,0,0,0,0,0,0,0,0,0,0,0,-2,4,-8,7,-8,9,-6,9,-5,10,-4,10,-3,9,-2,9,-2,11,-2,10,-2,9,-1,7,-1,7,-3,4,-4,2,-5,3,-10,2,-13,2,-14,3,-15,5,-15,6,-16,8,-18,12,-19,13,-19,11,-18,9,-16"
18.106281757354736,171,"CSI,3120,128,83,49,21,0,0,-14,-4,-10,-7,-8,-9,-5,-10,-3,-14,-4,-16,-4,-16,-1,-16,-2,-17,-9,-19,-11,-18,-14,-15,-16,-13,-13,-11,-10,-10,-9,-7,-7,-4,-5,-1,-5,-1,-5,-3,-3,-4,0,-4,3,-4,6,-5,5,-2,1,0,0,0,0,0,0,0,0,0,0,0,0,0,0,0,0,0,0,0,-1,1,-5,1,-8,4,-7,7,-4,6,-3,6,-2,9,-3,11,-4,11,-4,8,-3,4,-2,3,-2,2,-4,2,-6,1,-7,0,-11,0,-15,-2,-17,-4,-20,-2,-22,1,-22,2,-22,3,-21,2,-19,-1,-19,-4,-20"
18.205132007598877,172,"CSI,3124,128,83,49,21,0,12,4,9,1,8,-2,7,-5,6,-9,6,-12,6,-15,5,-18,3,-21,3,-24,5,-24,6,-20,7,-18,10,-17,8,-15,5,-13,4,-10,2,-7,1,-5,-1,-5,-2,-5,-3,-5,-6,-4,-8,-4,-9,-5,-3,-2,0,0,0,0,0,0,0,0,0,0,0,0,0,0,0,0,0,0,0,2,0,10,1,11,1,11,-1,9,-4,8,-4,9,-2,10,-2,10,-4,10,-5,11,-4,10,-3,5,1,4,6,5,9,1,11,-3,13,1,15,7,17,6,19,3,20,1,21,3,21,6,21,8,22,9,17,9"
18.40309190750122,173,"CSI,894,128,77,-47,20,0,-3,-17,-5,-13,-7,-9,-7,-6,-10,-4,-15,-3,-16,-2,-15,-1,-19,-2,-22,-3,-24,-4,-23,-4,-20,-3,-18,-3,-18,-1,-15,-1,-10,0,-9,0,-9,-2,-6,-3,-4,-2,-2,1,-1,4,-1,6,-1,6,-1,1,0,0,0,0,0,0,0,0,0,0,0,0,0,0,0,0,0,0,0,-2,1,-8,3,-8,7,-8,9,-8,9,-6,9,-5,7,-4,5,-4,6,-4,6,-6,5,-8,4,-6,3,-6,-1,-10,-4,-11,-6,-12,-7,-14,-7,-17,-4,-21,-4,-21,-5,-20,-3,-19,-4,-21,-4,-24,-3,-24,0,-24"
18.433754682540894,174,"CSI,3133,128,83,49,21,0,6,-14,0,-11,-4,-9,-8,-10,-11,-8,-13,-6,-16,-4,-21,-2,-20,-3,-18,-5,-18,-9,-16,-12,-13,-13,-12,-13,-10,-13,-8,-11,-5,-10,-2,-9,-4,-5,-6,-1,-6,-1,-6,1,-6,3,-6,4,-6,5,-2,1,0,0,0,0,0,0,0,0,0,0,0,0,0,0,0,0,0,0,1,-1,4,-3,6,-3,8,-4,7,-4,6,-4,5,-2,6,-1,6,-2,7,-3,8,-3,6,-3,2,-4,0,-5,2,-7,3,-11,0,-14,-1,-14,-2,-17,0,-20,4,-18,4,-17,2,-20,3,-23,5,-24,4,-24,6,-24"
18.473797082901,175,"CSI,3772,128,83,49,21,0,-9,4,-6,5,-5,7,-5,6,-2,6,-1,7,0,4,2,-1,0,1,0,7,3,9,4,10,6,9,5,9,3,9,5,10,5,8,2,6,0,4,0,2,0,1,1,0,4,-1,4,-2,2,-2,0,-1,0,0,0,0,0,0,0,0,0,0,0,0,0,0,0,0,0,0,0,-1,0,-5,-1,-6,0,-7,2,-8,2,-7,1,-6,1,-7,2,-8,3,-9,5,-8,4,-7,3,-6,3,-5,2,-3,1,-2,0,-2,-3,1,-5,3,-7,2,-9,2,-10,2,-11,3,-14,4,-15,3,-15,0,-15,-3"
18.513040781021118,176,"CSI,3136,128,83,49,21,0,-13,5,-11,4,-9,4,-4,7,-2,11,-1,11,2,17,4,28,4,27,2,20,2,17,1,18,-2,19,-5,17,-6,12,-4,9,-2,7,0,6,1,2,2,1,2,1,4,-1,5,1,6,2,6,1,1,0,0,0,0,0,0,0,0,0,0,0,0,0,0,0,0,0,0,0,-1,-2,-4,-7,-5,-8,-6,-8,-6,-9,-5,-11,-3,-10,-1,-8,0,-7,-3,-8,-5,-6,-5,-3,-5,-1,-6,-1,-7,-1,-10,-2,-12,-1,-14,0,-18,-2,-21,-2,-23,-1,-23,0,-23,1,-23,0,-25,-1,-25,0,-21,0"
18.71484899520874,177,"CSI,3145,128,83,49,21,0,2,15,3,10,5,7,8,6,11,4,12,3,13,3,13,3,15,7,16,9,15,9,13,11,12,12,11,11,10,10,8,8,6,7,5,5,5,2,5,0,3,-2,3,-2,6,-2,8,-4,8,-5,2,-2,0,0,0,0,0,0,0,0,0,0,0,0,0,0,0,0,0,0,-1,2,-2,7,-2,8,0,10,2,11,0,10,-1,9,-1,10,-4,8,-5,7,-5,6,-3,6,-1,7,0,8,3,9,6,10,5,10,6,10,8,11,8,14,7,18,5,20,2,19,2,21,4,23,2,22,1,19"
18.78067398071289,178,"CSI,3785,128,83,49,21,0,-9,-7,-10,-5,-9,-1,-6,1,-4,2,-3,3,-1,3,4,0,4,1,1,3,1,5,1,7,1,8,1,10,3,9,4,8,4,7,4,5,4,2,2,0,-1,-2,1,-4,2,-5,3,-5,3,-5,0,-2,0,0,0,0,0,0,0,0,0,0,0,0,0,0,0,0,0,0,-1,0,0,1,3,3,3,4,3,4,5,5,7,4,6,4,6,5,6,5,6,5,7,5,8,5,5,3,1,0,1,-1,1,0,-2,-1,-4,-5,-3,-8,-5,-6,-9,-6,-12,-8,-11,-7,-10,-4,-12,-5,-10,-7"
18.820469856262207,179,"CSI,3148,128,83,49,21,0,14,-8,10,-9,6,-8,0,-9,-5,-10,-5,-13,-4,-14,-5,-14,-5,-16,-5,-21,-5,-24,-5,-22,-3,-18,1,-14,2,-13,1,-13,-1,-12,-4,-9,-5,-7,-6,-5,-7,-2,-7,0,-5,0,-5,-1,-7,-3,-2,-1,0,0,0,0,0,0,0,0,0,0,0,0,0,0,0,0,0,0,1,-1,5,1,5,2,6,3,8,2,8,2,7,3,8,4,7,4,6,3,7,2,7,3,7,4,6,1,3,-2,2,-4,4,-6,8,-9,13,-10,17,-12,16,-13,16,-13,18,-13,20,-12,21,-11,19,-8,17,-5"
18.924931049346924,180,"CSI,3152,128,83,49,21,0,14,-8,10,-7,6,-6,-1,-7,-5,-10,-5,-13,-6,-11,-6,-9,-5,-17,-4,-22,-3,-21,-3,-21,-3,-19,-2,-16,-2,-15,-3,-16,-2,-13,-1,-8,0,-5,-1,-4,-4,-5,-6,-5,-6,-2,-6,-1,-6,-1,-2,-1,0,0,0,0,0,0,0,0,0,0,0,0,0,0,0,0,0,0,1,-1,8,-3,9,-3,9,-3,7,-2,6,-1,8,-1,9,-1,10,-1,9,-1,8,-1,6,0,5,-1,7,-5,7,-8,4,-7,4,-10,7,-13,10,-16,11,-18,12,-18,11,-16,10,-15,12,-16,14,-16,15,-16,14,-18"
19.023411750793457,181,"CSI,3157,128,83,49,21,0,-2,16,-1,13,2,11,6,9,10,7,15,8,17,9,20,5,20,7,18,11,13,11,11,12,11,16,11,14,8,9,5,10,4,11,4,7,4,3,3,1,4,1,5,0,5,-2,5,-4,7,-2,2,-1,0,0,0,0,0,0,0,0,0,0,0,0,0,0,0,0,0,0,-1,1,-2,6,-4,6,-7,6,-8,6,-11,5,-13,4,-10,3,-8,4,-10,6,-10,5,-8,4,-7,5,-5,6,0,7,2,10,1,14,1,13,2,14,1,17,-2,20,-3,22,-2,23,-3,24,-5,25,-5,25,-1,24"
19.128753900527954,182,"CSI,3160,128,83,49,21,0,-8,-13,-9,-10,-8,-3,-7,3,-10,5,-10,8,-13,11,-19,9,-21,10,-20,12,-19,12,-17,12,-18,11,-17,6,-16,4,-13,5,-9,5,-7,3,-5,4,-2,4,0,3,1,2,2,3,3,4,4,4,1,0,0,0,0,0,0,0,0,0,0,0,0,0,0,0,0,0,0,0,0,-2,5,-6,7,-7,9,-6,10,-6,10,-6,9,-5,8,-4,6,-4,6,-3,6,-4,8,-6,10,-7,6,-6,1,-7,-2,-8,-5,-10,-6,-12,-7,-13,-8,-15,-9,-16,-8,-17,-7,-17,-10,-19,-12,-21,-10,-21,-9,-20"
19.331791639328003,183,"CSI,3169,128,83,49,21,0,-16,4,-11,7,-8,8,-4,9,1,13,2,17,3,16,7,15,6,18,1,20,-1,18,0,18,0,19,-1,19,-4,17,-4,17,-2,13,0,8,0,5,1,2,3,1,2,1,4,1,6,1,7,0,1,-1,0,0,0,0,0,0,0,0,0,0,0,0,0,0,0,0,0,0,-2,-1,-8,-3,-7,-4,-6,-6,-5,-7,-5,-7,-5,-6,-7,-7,-7,-8,-7,-9,-8,-8,-7,-6,-7,-2,-8,0,-8,1,-9,2,-11,3,-12,6,-14,8,-16,8,-17,11,-18,12,-20,9,-24,10,-25,9,-23,6,-24,7"
19.435252904891968,184,"CSI,3172,128,83,49,21,0,14,-4,10,-6,4,-8,-1,-9,-2,-9,-4,-10,-7,-16,-7,-24,-7,-25,-10,-22,-8,-19,-4,-18,-3,-19,-2,-18,-3,-17,-3,-15,-3,-13,-4,-10,-3,-7,-3,-5,-4,-5,-4,-4,-5,0,-9,2,-12,2,-3,0,0,0,0,0,0,0,0,0,0,0,0,0,0,0,0,0,0,0,0,1,4,5,6,5,5,8,3,12,3,12,2,10,0,9,-2,8,-3,8,-1,8,1,5,3,3,6,1,9,0,10,-1,12,-4,15,-5,16,-6,18,-7,21,-6,22,-6,21,-7,20,-5,21,-6,20,-7,20,-5"
19.53690481185913,185,"CSI,3177,128,83,49,21,0,-9,8,-5,8,-2,6,2,6,6,8,9,12,9,12,6,11,7,13,10,17,10,20,10,21,7,20,4,18,3,16,5,12,5,7,4,4,4,1,3,-1,3,-3,4,-5,5,-4,6,-2,8,-1,2,-1,0,0,0,0,0,0,0,0,0,0,0,0,0,0,0,0,0,0,-3,0,-8,1,-7,2,-8,1,-10,0,-12,-2,-11,-2,-8,-3,-7,-6,-7,-5,-6,-2,-6,-1,-5,-1,-5,0,-6,4,-4,10,-4,12,-5,13,-7,13,-11,15,-11,18,-10,20,-10,19,-11,16,-11,17,-12,19,-14,19"
19.641602039337158,186,"CSI,3180,128,83,49,21,0,-17,-3,-15,0,-13,4,-10,7,-6,10,-5,12,-7,16,-7,19,-5,21,-5,21,-8,17,-12,14,-12,15,-10,16,-11,14,-11,10,-10,7,-10,5,-7,3,-1,3,3,4,3,3,2,3,3,3,4,4,1,1,0,0,0,0,0,0,0,0,0,0,0,0,0,0,0,0,0,0,-2,-2,-7,-6,-5,-7,-5,-8,-4,-8,-3,-9,-2,-9,-2,-8,-2,-7,-2,-7,-2,-6,-4,-5,-5,-6,-7,-6,-11,-2,-14,-2,-15,-2,-15,0,-17,0,-19,-1,-17,-2,-17,-2,-20,-2,-22,-1,-23,0,-23,-2,-21,-5"
19.74146294593811,187,"CSI,3184,128,83,49,21,0,18,-8,14,-8,9,-7,3,-7,0,-10,-1,-13,-2,-17,0,-20,1,-23,-2,-25,-3,-23,-3,-21,-1,-20,2,-19,3,-17,1,-15,-1,-9,-2,-6,-2,-7,-2,-6,-3,-3,-3,-1,-6,0,-8,-1,-9,0,-3,0,0,0,0,0,0,0,0,0,0,0,0,0,0,0,0,0,0,0,2,1,7,4,6,4,8,4,6,5,4,6,4,7,5,6,6,5,4,4,2,6,3,6,3,2,3,-1,7,-3,10,-4,11,-5,12,-5,14,-5,17,-5,20,-6,22,-8,21,-9,23,-9,28,-9,29,-10,30,-10"
19.84151601791382,188,"CSI,3188,128,83,49,21,0,4,14,6,11,8,11,7,8,9,2,12,-2,15,-5,18,-8,19,-8,19,-4,18,-1,19,3,20,6,19,7,17,5,14,2,10,1,6,-2,5,-3,6,-3,6,-3,5,-4,3,-6,1,-7,1,-6,0,-2,0,0,0,0,0,0,0,0,0,0,0,0,0,0,0,0,0,0,0,2,0,8,-2,8,-6,8,-7,7,-7,7,-7,7,-9,5,-9,4,-8,4,-7,3,-6,5,-3,6,0,8,2,8,1,7,1,8,2,11,4,13,6,15,7,16,7,18,7,19,8,21,10,25,10,25,8,23"
19.95001792907715,189,"CSI,3193,128,83,49,21,0,-14,-9,-15,-7,-11,-1,-11,3,-11,4,-11,5,-12,9,-17,18,-17,21,-15,19,-14,16,-16,15,-18,11,-18,8,-16,6,-14,4,-9,3,-5,4,-3,4,-3,4,-2,4,0,4,3,6,4,7,3,6,0,1,0,0,0,0,0,0,0,0,0,0,0,0,0,0,0,0,0,0,-1,-2,-3,-8,-2,-10,-1,-11,1,-10,5,-11,6,-13,7,-12,7,-9,5,-6,2,-5,-1,-4,-2,-4,-6,-5,-10,-8,-12,-10,-12,-10,-11,-11,-9,-13,-11,-14,-15,-12,-17,-10,-16,-11,-15,-13,-18,-13,-19,-14,-16,-16"
20.049057960510254,190,"CSI,3196,128,83,49,21,0,-16,6,-11,6,-7,7,-5,9,-4,11,-1,12,3,17,6,24,8,23,8,21,4,21,-1,18,-1,16,1,17,2,17,1,15,0,11,1,7,2,5,2,4,1,3,2,2,3,0,4,-2,8,-4,2,-1,0,0,0,0,0,0,0,0,0,0,0,0,0,0,0,0,0,0,-2,-1,-5,-4,-5,-7,-4,-9,-4,-10,-4,-10,-2,-10,-1,-11,-2,-11,-3,-11,-3,-9,-3,-6,-5,-4,-6,-1,-7,2,-7,2,-9,3,-12,5,-14,6,-16,6,-20,7,-22,6,-22,5,-24,8,-25,11,-25,10,-28,5"
20.149943828582764,191,"CSI,3201,128,83,49,21,0,13,3,12,1,9,-5,8,-11,8,-13,8,-14,10,-17,14,-21,12,-21,9,-21,9,-20,9,-17,10,-14,13,-12,12,-9,8,-7,6,-8,4,-8,3,-5,3,-4,1,-3,0,-3,-2,-5,-4,-6,-3,-5,-1,-2,0,0,0,0,0,0,0,0,0,0,0,0,0,0,0,0,0,0,2,1,7,4,6,4,7,6,6,6,4,6,2,7,2,8,2,9,0,7,-1,6,0,7,1,7,2,4,7,1,10,-1,12,-1,15,-1,19,-2,22,-1,22,1,21,-1,21,-2,22,0,23,2,23,2,20,0"
20.25327205657959,192,"CSI,3204,128,83,49,21,0,11,-7,7,-6,6,-7,4,-10,-2,-14,-6,-16,-7,-21,-7,-28,-9,-26,-5,-21,0,-20,2,-19,3,-19,2,-19,4,-17,4,-15,1,-12,0,-9,0,-7,-3,-6,-5,-6,-6,-4,-6,-2,-5,-2,-5,-1,-2,-1,0,0,0,0,0,0,0,0,0,0,0,0,0,0,0,0,0,0,2,1,9,4,9,4,9,4,8,4,8,4,8,4,8,7,8,7,7,7,5,5,3,3,2,0,5,-2,7,-4,6,-8,5,-8,7,-6,12,-5,18,-9,21,-12,21,-11,23,-10,23,-9,24,-9,22,-9,18,-7"
20.458099842071533,193,"CSI,3213,128,83,49,21,0,-4,18,-2,16,-1,12,4,7,9,8,11,9,13,7,19,6,19,9,16,12,13,13,11,15,11,15,8,13,6,12,7,11,7,9,7,6,6,4,5,2,6,0,5,-1,4,-1,4,-3,6,-4,1,-1,0,0,0,0,0,0,0,0,0,0,0,0,0,0,0,0,0,0,-2,0,-8,2,-8,3,-10,3,-10,2,-10,1,-9,1,-8,0,-8,-1,-9,-1,-9,-1,-9,0,-7,-1,-4,-1,-3,2,-1,7,-2,9,-4,9,-5,11,-6,15,-7,19,-7,18,-9,18,-11,20,-11,22,-10,21,-10,19"
20.767375707626343,194,"CSI,3225,128,83,49,21,0,11,-10,4,-11,2,-10,1,-9,-2,-11,-8,-15,-10,-15,-8,-13,-7,-17,-6,-22,-6,-21,-7,-20,-6,-19,-4,-19,-2,-20,-2,-17,-3,-12,-2,-8,-3,-7,-2,-7,-2,-4,-6,-1,-10,0,-9,-1,-7,-1,-2,-1,0,0,0,0,0,0,0,0,0,0,0,0,0,0,0,0,0,0,1,-1,5,-1,8,0,10,0,10,3,9,5,9,4,8,2,9,3,9,5,8,6,5,4,4,0,5,0,5,-2,6,-3,8,-6,10,-11,11,-13,13,-12,13,-13,13,-18,17,-21,21,-20,20,-16,18,-14,18,-16"
20.865635871887207,195,"CSI,3228,128,83,49,21,0,-2,13,0,11,4,8,8,5,10,1,11,-1,17,-1,25,-3,23,-5,19,-4,20,0,20,3,20,4,18,3,16,3,14,3,12,4,9,4,7,3,7,2,6,0,3,-4,1,-7,2,-8,3,-7,0,-2,0,0,0,0,0,0,0,0,0,0,0,0,0,0,0,0,0,0,-1,1,-3,7,-5,7,-7,5,-8,4,-9,5,-10,5,-11,4,-10,4,-9,3,-9,3,-8,2,-6,2,-6,2,-3,3,1,7,2,9,4,11,4,15,3,19,3,22,3,21,3,20,3,22,4,24,3,26,2,26"
20.97107768058777,196,"CSI,3232,128,83,49,21,0,13,-4,7,-4,2,-6,1,-8,-2,-11,-3,-14,-2,-20,-6,-28,-10,-28,-7,-24,-5,-22,-4,-22,0,-21,4,-18,5,-16,2,-14,0,-12,0,-9,-1,-7,-2,-5,-3,-3,-5,-2,-8,-3,-9,-3,-9,-2,-3,-1,0,0,0,0,0,0,0,0,0,0,0,0,0,0,0,0,0,0,1,0,5,1,8,1,10,2,10,2,6,2,5,1,5,2,6,2,8,2,8,1,8,2,7,3,4,2,3,-1,6,-5,7,-6,6,-7,10,-10,13,-13,15,-16,18,-16,20,-15,21,-12,20,-11,19,-12,18,-13"
21.035266876220703,197,"CSI,3872,128,83,49,21,0,-8,-4,-7,-3,-4,-1,-2,0,-1,3,-1,7,1,4,1,-1,1,3,0,9,-1,9,-3,8,-4,10,-2,12,-1,9,-3,7,-5,7,-5,5,-2,2,1,1,2,-1,2,-2,2,-1,4,0,5,0,1,0,0,0,0,0,0,0,0,0,0,0,0,0,0,0,0,0,0,0,0,-1,2,-2,1,-4,0,-6,-1,-6,0,-5,0,-5,-1,-7,-2,-7,0,-8,1,-10,0,-10,-2,-9,-1,-7,1,-7,1,-7,-2,-4,-3,0,-4,1,-8,1,-11,1,-13,1,-14,1,-15,0,-16,-3,-18,-4,-18,-3"
21.071012020111084,198,"CSI,3236,128,83,49,21,0,3,15,5,10,8,8,9,6,10,1,11,-3,12,-3,11,-3,14,-1,19,0,22,0,23,-1,21,-2,18,-1,14,1,13,4,11,3,8,2,7,0,6,-4,4,-5,2,-4,-1,-6,-2,-9,0,-10,0,-3,0,0,0,0,0,0,0,0,0,0,0,0,0,0,0,0,0,0,-2,1,-4,6,-3,7,-5,8,-7,9,-6,9,-7,8,-7,7,-5,7,-3,7,-3,5,-5,3,-7,2,-7,4,-4,7,1,8,5,6,8,4,10,7,10,13,10,17,11,19,10,19,9,18,10,20,7,24,5,24"
21.174545764923096,199,"CSI,3240,128,83,49,21,0,-7,14,-5,9,-2,6,4,4,12,3,16,1,18,3,20,8,23,8,24,5,23,3,22,3,19,6,17,7,17,5,14,5,10,6,7,4,6,-1,5,-2,4,-1,5,-2,5,-3,3,-6,2,-8,0,-3,0,0,0,0,0,0,0,0,0,0,0,0,0,0,0,0,0,0,-2,0,-8,1,-10,1,-11,1,-10,0,-10,1,-10,1,-12,2,-14,1,-13,-1,-13,-2,-11,-2,-8,1,-6,2,-4,2,-2,5,-2,7,0,11,1,12,1,14,0,18,-2,23,-3,26,-5,29,-5,30,-3,30,-3,29"
21.281876802444458,200,"CSI,3245,128,83,49,21,0,11,-12,8,-9,3,-8,-2,-8,-8,-9,-12,-11,-16,-12,-16,-10,-14,-13,-14,-15,-13,-17,-11,-19,-11,-20,-11,-20,-9,-19,-8,-16,-7,-12,-4,-8,-3,-7,-3,-7,-5,-4,-5,0,-6,3,-7,5,-5,6,-1,1,0,0,0,0,0,0,0,0,0,0,0,0,0,0,0,0,0,0,2,-1,10,0,8,1,8,3,8,4,10,4,11,3,10,3,10,4,9,5,6,6,4,6,4,5,3,3,3,0,5,-4,6,-9,6,-10,7,-11,8,-13,9,-15,11,-16,16,-17,18,-18,18,-19,17,-20,18,-18"
21.38367986679077,201,"CSI,3249,128,83,49,21,0,6,-16,2,-11,-3,-7,-6,-5,-7,-5,-11,-5,-15,-10,-17,-16,-20,-17,-21,-14,-20,-14,-19,-15,-16,-17,-13,-17,-11,-14,-9,-12,-8,-12,-5,-8,-2,-3,-2,-2,-3,-2,-3,-2,-5,1,-7,2,-8,1,-3,0,0,0,0,0,0,0,0,0,0,0,0,0,0,0,0,0,0,0,0,-1,3,-4,3,-6,3,-6,4,-8,5,-11,8,-10,10,-11,10,-9,8,-7,7,-8,8,-10,7,-8,5,-8,2,-9,-3,-10,-5,-10,-6,-10,-5,-13,-6,-17,-8,-19,-4,-18,-1,-19,-2,-21,0,-26,2,-29,-1,-28"
21.48498773574829,202,"CSI,3253,128,83,49,21,0,3,-18,2,-18,-4,-13,-8,-5,-10,-1,-13,0,-20,-1,-28,-3,-29,-2,-26,-2,-23,-4,-23,-6,-21,-5,-18,-5,-15,-6,-13,-8,-10,-7,-7,-5,-5,-3,-7,-2,-8,-1,-7,1,-3,3,-2,4,-2,4,-1,1,0,0,0,0,0,0,0,0,0,0,0,0,0,0,0,0,0,0,0,-2,0,-8,2,-7,5,-7,7,-7,7,-8,6,-8,6,-8,5,-8,6,-8,8,-8,8,-6,6,-6,2,-7,0,-7,-1,-8,-3,-11,-5,-14,-7,-16,-8,-19,-10,-24,-12,-26,-11,-26,-8,-26,-5,-28,-5,-28,-4,-25"
21.586749792099,203,"CSI,3257,128,83,49,21,0,-8,-18,-8,-15,-8,-10,-8,-2,-11,4,-14,6,-15,7,-14,10,-15,11,-19,10,-22,8,-23,8,-22,7,-19,7,-16,6,-15,3,-11,1,-6,1,-3,1,-2,3,-2,4,0,5,2,5,3,5,3,5,0,1,0,0,0,0,0,0,0,0,0,0,0,0,0,0,0,0,0,0,0,-3,3,-9,5,-9,6,-9,5,-8,7,-7,8,-7,8,-7,9,-7,11,-3,11,-1,9,-2,7,-5,5,-7,1,-7,-2,-7,-3,-9,-6,-12,-9,-12,-11,-14,-12,-17,-14,-20,-15,-24,-14,-23,-13,-23,-14,-25,-14,-25"
21.687748908996582,204,"CSI,3260,128,83,49,21,0,-12,13,-7,9,-4,8,-3,9,1,9,7,8,14,6,18,4,20,5,19,9,18,12,17,13,18,13,17,14,14,12,12,10,10,9,5,6,4,3,4,2,2,1,1,0,2,-3,3,-6,2,-9,0,-3,0,0,0,0,0,0,0,0,0,0,0,0,0,0,0,0,0,0,-2,-1,-6,-2,-7,-4,-8,-6,-7,-6,-8,-6,-9,-5,-10,-7,-10,-9,-8,-9,-7,-8,-8,-7,-6,-5,-4,-1,-5,3,-7,4,-9,5,-10,9,-9,11,-9,13,-10,17,-13,19,-15,19,-17,18,-20,19,-22,20,-21,20"
21.789592027664185,205,"CSI,3264,128,83,49,21,0,-8,17,-6,12,-3,10,4,6,10,3,16,1,15,1,13,3,15,5,19,9,20,10,20,8,19,9,18,11,16,11,14,10,10,8,7,6,5,3,4,-1,4,-1,2,0,1,-4,1,-6,3,-6,1,-2,0,0,0,0,0,0,0,0,0,0,0,0,0,0,0,0,0,0,-2,0,-8,1,-10,1,-10,0,-11,0,-10,0,-9,0,-11,0,-12,0,-12,-2,-10,-2,-7,0,-7,2,-6,5,-4,7,-4,8,-4,11,-2,12,-2,14,-4,17,-6,20,-4,23,-2,24,-4,25,-6,26,-8,28,-13,29"
21.895249843597412,206,"CSI,3269,128,83,49,21,0,-17,-12,-13,-6,-7,-2,-7,2,-9,5,-8,10,-10,16,-15,22,-16,23,-15,20,-16,19,-17,19,-19,17,-18,13,-15,11,-13,8,-12,6,-9,6,-4,6,-1,4,-2,4,-3,6,-1,6,2,5,6,6,1,1,0,0,0,0,0,0,0,0,0,0,0,0,0,0,0,0,0,0,-1,-3,-2,-9,-2,-9,-1,-10,-1,-11,-1,-9,0,-9,1,-10,2,-10,1,-10,1,-11,1,-10,-1,-8,-1,-5,-2,-4,-6,-5,-11,-7,-12,-7,-13,-8,-16,-7,-20,-6,-23,-6,-24,-8,-25,-9,-24,-11,-25,-14,-26,-16"
21.993573665618896,207,"CSI,3272,128,83,49,21,0,15,6,12,5,10,1,5,-5,-1,-9,1,-14,8,-16,13,-16,12,-20,10,-25,9,-25,8,-23,9,-20,11,-18,11,-17,11,-16,9,-14,7,-12,5,-9,3,-8,1,-6,-1,-3,-3,-3,-5,-2,-7,0,-2,0,0,0,0,0,0,0,0,0,0,0,0,0,0,0,0,0,0,0,1,2,3,9,2,6,1,7,0,10,0,10,1,10,1,11,0,12,-3,12,-5,11,-5,9,-3,5,1,3,3,3,5,2,8,3,12,2,15,2,17,3,19,4,22,4,25,7,25,9,25,6,25,3,28,2"
22.09610891342163,208,"CSI,3276,128,83,49,21,0,15,8,11,6,7,1,4,-4,5,-8,8,-15,11,-22,12,-25,10,-23,10,-20,11,-19,14,-18,17,-16,18,-14,16,-11,14,-10,11,-10,7,-9,4,-7,4,-8,1,-6,-2,-4,-3,-4,-5,-5,-8,-6,-3,-2,0,0,0,0,0,0,0,0,0,0,0,0,0,0,0,0,0,0,0,0,0,4,2,6,4,7,2,8,0,9,-2,8,-2,8,-2,9,-2,10,-2,8,-1,8,1,8,3,6,3,5,5,5,9,6,11,6,14,6,15,7,18,8,21,9,22,11,22,9,23,8,25,11,27,13"
22.202887773513794,209,"CSI,3280,128,83,49,21,0,-14,-15,-13,-9,-13,-2,-13,4,-12,9,-11,12,-15,14,-21,14,-21,16,-19,16,-18,15,-18,14,-19,12,-20,9,-19,8,-15,7,-11,6,-9,5,-7,4,-4,4,-2,5,-3,6,-1,6,2,6,5,8,1,2,0,0,0,0,0,0,0,0,0,0,0,0,0,0,0,0,0,0,-2,-1,-4,-5,-2,-8,-2,-10,-3,-10,-4,-10,-2,-11,-2,-12,-1,-12,1,-10,2,-9,1,-8,-1,-7,-3,-7,-5,-3,-7,-1,-9,-3,-11,-4,-13,-6,-16,-8,-16,-8,-18,-7,-21,-9,-23,-13,-24,-14,-26,-16,-25,-17"
22.304335832595825,210,"CSI,3285,128,83,49,21,0,1,-22,2,-17,-1,-11,-6,-5,-11,-1,-13,2,-15,5,-16,7,-19,3,-20,0,-21,-2,-24,-3,-25,-2,-20,-3,-17,-4,-18,-2,-15,-1,-10,-1,-10,-2,-10,1,-6,3,-3,3,-3,4,-2,5,-1,7,0,2,0,0,0,0,0,0,0,0,0,0,0,0,0,0,0,0,0,0,1,-2,5,-6,7,-5,11,-4,12,-4,10,-2,10,-1,11,-1,11,-2,10,-3,8,-5,7,-5,5,-3,3,-1,4,-5,3,-8,0,-10,-2,-13,-2,-15,-1,-16,-3,-19,-2,-22,1,-22,-2,-23,-6,-28,-5,-30,-1,-26"
22.506780862808228,211,"CSI,3293,128,83,49,21,0,-20,3,-14,2,-9,5,-5,6,0,7,5,11,6,13,4,13,4,16,4,20,6,23,7,23,5,20,1,19,-2,18,-2,17,0,13,0,8,1,4,2,3,2,2,2,2,4,0,7,-3,8,-5,2,-2,0,0,0,0,0,0,0,0,0,0,0,0,0,0,0,0,0,0,-2,-1,-8,-5,-8,-6,-5,-9,-3,-11,-4,-11,-5,-10,-7,-9,-10,-10,-10,-10,-7,-8,-4,-8,-5,-8,-6,-6,-7,-4,-9,-2,-11,0,-13,3,-16,5,-19,7,-20,9,-22,10,-25,9,-25,7,-25,6,-26,7,-26,8"
22.71260690689087,212,"CSI,3300,128,83,49,21,0,-19,-8,-13,-4,-10,-1,-7,3,-4,9,-3,13,-3,18,-1,25,2,28,1,26,-2,23,-3,20,-6,19,-8,18,-9,17,-8,16,-6,11,-3,6,-3,5,-2,4,1,3,2,3,3,2,8,-2,10,-5,2,-2,0,0,0,0,0,0,0,0,0,0,0,0,0,0,0,0,0,0,0,-2,0,-7,0,-6,-1,-7,0,-7,0,-7,2,-8,5,-10,4,-11,2,-11,1,-9,1,-7,-1,-6,-4,-5,-7,-5,-9,-4,-11,-3,-13,-4,-15,-4,-17,-5,-21,-6,-24,-6,-26,-6,-26,-7,-28,-7,-28,-7,-26,-10"
22.814379930496216,213,"CSI,3305,128,83,49,21,0,-15,-11,-12,-7,-9,-1,-4,4,0,7,0,13,1,16,4,18,4,19,0,22,-3,23,-4,24,-3,22,-3,20,-2,18,-3,16,-4,13,-3,8,-1,5,1,3,5,1,5,0,5,-2,8,-5,10,-4,2,-1,0,0,0,0,0,0,0,0,0,0,0,0,0,0,0,0,0,0,0,-2,2,-7,2,-8,2,-8,3,-10,5,-10,7,-8,8,-8,9,-9,6,-8,5,-7,6,-6,6,-4,2,-3,-2,-5,-4,-7,-5,-6,-10,-4,-14,-5,-16,-9,-18,-9,-21,-7,-23,-6,-23,-9,-23,-13,-25,-13,-28,-12"
22.914530038833618,214,"CSI,3308,128,83,49,21,0,4,-19,2,-11,-2,-6,-5,-4,-8,0,-12,3,-19,7,-26,11,-26,12,-25,9,-25,6,-25,6,-25,4,-24,2,-21,2,-17,3,-14,2,-11,4,-7,4,-3,3,0,3,2,4,4,4,8,4,8,6,2,1,0,0,0,0,0,0,0,0,0,0,0,0,0,0,0,0,0,0,0,0,3,1,5,4,8,5,9,7,9,8,8,7,9,6,10,6,10,6,9,5,8,4,7,2,6,0,6,-1,5,-4,5,-10,3,-12,1,-12,1,-16,1,-21,1,-23,1,-25,2,-25,2,-26,2,-29,3,-31"
22.98032784461975,215,"CSI,3948,128,83,49,21,0,-8,-5,-7,-5,-3,-4,-2,1,-2,3,-5,2,-4,3,3,4,3,4,-1,6,-3,7,-4,9,-5,10,-7,9,-8,7,-7,6,-6,6,-4,5,-2,3,-2,1,-2,1,-2,0,1,0,4,0,5,-1,1,-1,0,0,0,0,0,0,0,0,0,0,0,0,0,0,0,0,0,0,1,-1,5,-3,5,-2,4,0,5,0,5,-1,4,-3,5,-2,6,-1,7,-1,9,0,8,0,6,-1,6,-2,5,-3,4,-4,-1,-4,-4,-5,-5,-4,-7,-4,-8,-4,-8,-7,-8,-9,-9,-8,-9,-8,-7,-12,-7,-13"
23.02039909362793,216,"CSI,3312,128,83,49,21,0,-7,-18,-8,-13,-7,-6,-5,1,-7,5,-10,7,-12,11,-15,17,-18,20,-20,18,-20,13,-22,10,-24,11,-21,9,-19,7,-17,7,-14,5,-10,4,-7,4,-6,4,-4,4,-2,3,1,3,4,5,5,5,1,1,0,0,0,0,0,0,0,0,0,0,0,0,0,0,0,0,0,0,0,-2,2,-7,6,-7,9,-6,9,-5,10,-3,11,-2,11,-4,11,-6,9,-4,8,-4,8,-3,7,-1,5,-2,3,-5,2,-8,0,-11,-3,-13,-5,-13,-6,-16,-8,-19,-10,-21,-10,-21,-11,-23,-12,-26,-12,-26,-10,-24"
23.121325969696045,217,"CSI,3316,128,83,49,21,0,-8,12,-6,10,-3,8,2,6,6,6,9,7,17,5,24,4,23,7,21,9,21,11,20,13,17,14,16,13,15,13,12,12,9,9,7,7,4,5,3,2,2,-1,0,-3,0,-4,1,-8,0,-11,0,-3,0,0,0,0,0,0,0,0,0,0,0,0,0,0,0,0,0,0,-2,0,-6,2,-9,-1,-11,-2,-12,-3,-12,-4,-12,-4,-11,-4,-9,-6,-7,-6,-9,-5,-9,-4,-8,0,-7,2,-5,2,-5,4,-8,9,-9,11,-10,12,-9,15,-8,16,-11,19,-12,23,-12,24,-13,24,-14,25,-13,24"
23.22435188293457,218,"CSI,3321,128,83,49,21,0,-7,14,-2,11,2,7,6,3,8,-2,9,-3,13,-4,16,-5,17,-4,19,-2,22,2,23,5,22,5,19,6,18,8,16,7,11,6,6,4,4,-1,4,-4,4,-5,1,-7,-1,-8,-2,-8,-2,-8,-1,-3,0,0,0,0,0,0,0,0,0,0,0,0,0,0,0,0,0,0,-3,-1,-8,-4,-7,-3,-8,-4,-9,-6,-9,-7,-8,-6,-7,-6,-9,-7,-10,-9,-10,-10,-8,-9,-7,-7,-8,-5,-7,-2,-5,2,-4,7,-7,10,-10,13,-8,17,-6,20,-8,22,-10,23,-11,22,-12,23,-12,27,-13,30"
23.32595181465149,219,"CSI,3325,128,83,49,21,0,9,-15,7,-11,4,-9,-2,-8,-8,-6,-11,-4,-17,-4,-23,-6,-25,-7,-25,-6,-24,-8,-23,-9,-22,-9,-20,-9,-18,-9,-14,-7,-9,-5,-5,-3,-4,-2,-5,0,-4,3,-3,3,-2,5,-2,8,-3,8,-1,2,0,0,0,0,0,0,0,0,0,0,0,0,0,0,0,0,0,0,1,0,4,2,5,5,8,6,9,5,9,7,8,8,7,8,5,7,4,6,5,5,5,5,6,4,5,3,3,-1,4,-4,6,-6,9,-9,11,-12,12,-15,11,-17,11,-18,13,-19,14,-21,15,-24,16,-23,16,-20"
23.63380765914917,220,"CSI,3336,128,83,49,21,0,-11,14,-7,12,-1,9,5,7,11,6,14,6,15,4,15,1,16,5,17,11,16,13,15,14,15,14,14,14,13,12,10,10,6,8,3,5,4,4,6,3,5,1,5,-2,5,-4,2,-6,2,-8,0,-3,0,0,0,0,0,0,0,0,0,0,0,0,0,0,0,0,0,0,-2,1,-8,4,-10,1,-11,1,-11,1,-12,-1,-13,-2,-11,-1,-10,-1,-12,-2,-13,-2,-13,-1,-12,1,-7,1,-5,2,-4,4,-5,10,-7,14,-9,15,-10,16,-10,16,-9,19,-9,21,-9,19,-11,19,-13,21,-13,21"
23.79752802848816,221,"CSI,895,128,75,-79,20,0,10,9,7,7,5,2,5,-3,5,-7,5,-11,6,-17,11,-23,11,-25,6,-23,7,-20,10,-18,10,-18,11,-17,11,-13,10,-11,8,-10,6,-9,5,-7,3,-5,1,-5,-1,-5,-5,-3,-9,-3,-11,-5,-3,-2,0,0,0,0,0,0,0,0,0,0,0,0,0,0,0,0,0,0,0,2,0,8,-1,8,-3,9,-5,9,-5,7,-6,5,-6,6,-5,10,-6,10,-8,8,-9,7,-5,6,-2,4,0,2,3,1,6,1,9,3,10,5,13,8,15,10,16,12,17,11,20,10,23,11,24,12,26,12"
23.84065890312195,222,"CSI,3344,128,83,49,21,0,-6,-16,-7,-11,-5,-5,-5,-1,-8,2,-10,7,-14,11,-18,15,-18,13,-21,9,-22,8,-22,5,-22,3,-22,1,-19,-2,-16,-3,-13,-2,-8,-1,-6,-1,-4,-1,-3,0,-3,2,-2,4,0,6,2,5,0,1,0,0,0,0,0,0,0,0,0,0,0,0,0,0,0,0,0,0,-2,-2,-4,-7,0,-8,2,-9,5,-11,5,-12,3,-12,6,-9,10,-7,10,-9,7,-10,6,-9,3,-9,1,-8,0,-7,-3,-7,-8,-9,-11,-10,-12,-10,-12,-10,-11,-13,-11,-19,-12,-20,-13,-19,-14,-24,-15,-24,-16,-21"
23.93872880935669,223,"CSI,3349,128,83,49,21,0,8,15,7,9,6,3,6,-1,7,-6,8,-8,13,-11,20,-15,19,-15,17,-12,18,-10,19,-9,19,-5,19,-1,17,0,13,0,11,1,9,-1,7,-4,4,-5,2,-4,1,-4,0,-6,-2,-8,-2,-8,-1,-2,0,0,0,0,0,0,0,0,0,0,0,0,0,0,0,0,0,0,0,1,0,7,0,7,-1,8,-1,9,-1,9,-2,9,-5,9,-6,8,-7,9,-6,9,-3,8,0,8,1,6,2,5,3,4,7,6,9,5,10,5,10,9,13,12,15,14,15,17,15,17,15,18,15,17,17,16"
24.045215845108032,224,"CSI,3352,128,83,49,21,0,-14,-8,-10,-3,-9,1,-7,4,-5,8,-6,13,-9,15,-14,13,-17,15,-17,18,-18,16,-19,13,-16,12,-16,11,-16,9,-15,8,-13,7,-11,6,-9,6,-5,5,-2,4,-1,3,0,4,2,6,4,7,1,1,0,0,0,0,0,0,0,0,0,0,0,0,0,0,0,0,0,0,-1,-1,-4,-2,-4,-5,-4,-8,-3,-10,-4,-10,-6,-9,-7,-10,-5,-11,-1,-12,0,-11,-1,-9,-2,-9,-4,-8,-6,-5,-8,-3,-10,-2,-10,-2,-11,-4,-14,-3,-19,-2,-22,-4,-24,-5,-23,-6,-24,-7,-26,-7,-26,-5"
24.143898725509644,225,"CSI,3357,128,83,49,21,0,15,1,11,1,9,1,8,-2,4,-7,2,-13,0,-16,-2,-19,-2,-21,2,-20,3,-18,5,-18,8,-19,10,-18,9,-16,8,-13,6,-9,4,-6,3,-5,2,-6,0,-5,-2,-1,-5,-1,-7,-4,-7,-5,-2,-2,0,0,0,0,0,0,0,0,0,0,0,0,0,0,0,0,0,0,1,-1,4,1,6,5,7,7,8,6,8,6,7,9,6,10,5,9,6,8,6,7,4,7,4,6,3,2,4,-2,6,-3,9,-4,13,-6,16,-7,18,-5,20,-6,22,-7,23,-5,23,-5,26,-5,28,-7,27,-7"
24.34923481941223,226,"CSI,3365,128,83,49,21,0,6,17,3,11,2,7,4,2,8,-3,11,-4,16,-9,24,-12,23,-11,19,-10,19,-11,20,-10,22,-8,21,-5,20,-3,17,-3,11,-3,7,-3,7,-3,6,-3,3,-4,0,-5,-2,-7,-5,-9,-7,-9,-2,-3,0,0,0,0,0,0,0,0,0,0,0,0,0,0,0,0,0,0,-1,1,-3,6,-5,6,-8,6,-9,6,-9,5,-11,4,-11,3,-9,3,-9,3,-9,4,-8,4,-6,4,-5,6,-3,8,1,8,1,10,1,12,3,14,5,15,6,16,8,17,8,18,7,19,10,20,13,20,12,21"
24.450522661209106,227,"CSI,3369,128,83,49,21,0,18,6,14,4,11,1,7,-3,5,-10,4,-14,1,-16,-3,-20,-2,-22,1,-20,2,-20,4,-21,7,-20,8,-18,9,-15,9,-13,7,-12,5,-11,3,-7,1,-4,-2,-3,-3,-2,-3,-1,-5,0,-6,1,-2,0,0,0,0,0,0,0,0,0,0,0,0,0,0,0,0,0,0,0,0,1,2,5,2,7,3,8,2,9,0,11,0,11,1,11,0,12,-2,11,-2,8,-1,7,0,7,3,6,5,5,6,3,8,2,11,4,13,6,17,7,19,6,20,5,22,5,24,4,26,3,26,3,25,3"
24.555731773376465,228,"CSI,3372,128,83,49,21,0,-7,-17,-6,-14,-5,-8,-6,-2,-10,3,-13,5,-16,6,-20,12,-21,14,-20,11,-20,7,-21,4,-20,4,-18,4,-18,2,-15,0,-10,1,-8,1,-8,1,-7,1,-3,3,-1,5,-1,5,1,6,4,9,1,2,0,0,0,0,0,0,0,0,0,0,0,0,0,0,0,0,0,0,1,-2,5,-7,7,-5,10,-5,10,-5,10,-3,9,-2,8,-3,9,-4,8,-4,7,-3,7,-3,6,-4,4,-6,1,-8,0,-8,-1,-9,-3,-13,-5,-16,-4,-18,-4,-20,-7,-23,-9,-25,-9,-26,-9,-27,-8,-26,-6,-27"
24.65850591659546,229,"CSI,3376,128,83,49,21,0,10,-11,8,-8,2,-4,-4,-4,-7,-6,-12,-9,-12,-13,-10,-12,-15,-12,-20,-16,-20,-17,-19,-16,-17,-16,-14,-16,-10,-14,-9,-11,-8,-10,-9,-8,-11,-5,-11,-3,-8,-2,-6,1,-3,3,-2,5,-2,6,-1,1,0,0,0,0,0,0,0,0,0,0,0,0,0,0,0,0,0,0,2,-1,7,0,7,4,7,5,8,4,7,4,4,5,5,7,7,7,8,6,8,5,8,5,5,3,4,0,5,-3,7,-3,10,-4,10,-6,8,-9,9,-12,11,-15,15,-16,16,-17,14,-19,13,-21,13,-21,11,-20"
24.75973868370056,230,"CSI,3381,128,83,49,21,0,-11,10,-8,7,-4,6,2,7,5,7,7,8,11,8,11,6,9,9,10,15,11,19,11,19,10,19,7,18,7,18,5,16,4,12,4,8,4,6,2,4,0,1,2,-2,5,-4,6,-5,5,-5,1,-1,0,0,0,0,0,0,0,0,0,0,0,0,0,0,0,0,0,0,-1,2,-5,7,-7,3,-9,-1,-11,-2,-11,-2,-11,-2,-11,-2,-11,-4,-10,-5,-10,-5,-10,-4,-9,-2,-7,-1,-7,3,-8,9,-6,10,-5,10,-7,14,-8,17,-8,17,-9,18,-10,17,-13,17,-17,21,-16,23,-13,20"
24.86431884765625,231,"CSI,3385,128,83,49,21,0,4,-19,1,-14,-3,-8,-6,-3,-11,-2,-16,0,-22,1,-27,-1,-25,-2,-21,-2,-22,-3,-23,-4,-21,-5,-18,-7,-17,-7,-15,-6,-13,-4,-11,-1,-10,1,-8,1,-5,1,-3,0,-2,2,-2,6,-2,8,-1,2,0,0,0,0,0,0,0,0,0,0,0,0,0,0,0,0,0,0,0,-2,3,-5,5,-4,8,-5,10,-5,11,-4,12,-4,11,-5,10,-6,11,-5,10,-2,9,-1,6,-5,3,-7,0,-8,-1,-9,-1,-12,-2,-15,-2,-16,-2,-16,-1,-17,0,-18,0,-20,0,-21,0,-26,-1,-31,-1,-30"
24.965476989746094,232,"CSI,3389,128,83,49,21,0,13,-8,8,-9,5,-9,3,-9,-1,-10,-4,-13,-4,-13,-4,-9,-3,-12,-3,-20,-5,-22,-6,-21,-4,-21,-1,-18,-1,-17,-1,-16,-1,-11,0,-10,-2,-11,-3,-8,-3,-6,-5,-5,-6,-3,-7,-1,-8,0,-3,-1,0,0,0,0,0,0,0,0,0,0,0,0,0,0,0,0,0,0,2,0,8,1,7,1,8,2,10,3,10,3,9,5,10,5,11,6,11,7,9,7,5,4,4,3,4,0,4,-2,5,-5,7,-8,8,-10,8,-13,10,-17,14,-16,16,-14,17,-14,17,-14,22,-14,24,-14,20,-11"
25.068058729171753,233,"CSI,3392,128,83,49,21,0,-12,15,-9,12,-5,10,1,7,6,6,9,6,15,5,20,4,21,6,20,10,18,12,15,12,15,13,13,15,11,14,11,13,11,12,9,8,4,5,3,3,4,0,4,-3,3,-6,3,-8,4,-7,1,-2,0,0,0,0,0,0,0,0,0,0,0,0,0,0,0,0,0,0,-2,-1,-7,-2,-10,-4,-11,-5,-11,-6,-11,-7,-11,-7,-9,-7,-7,-8,-8,-7,-9,-5,-8,-4,-7,-3,-6,-1,-7,2,-8,8,-9,11,-10,11,-10,11,-11,13,-12,15,-12,15,-14,14,-14,17,-13,22,-13,24,-15,25"
25.167994022369385,234,"CSI,3397,128,83,49,21,0,4,17,4,13,6,7,10,2,10,-1,10,-3,15,-5,21,-8,20,-8,18,-4,18,-1,19,2,20,5,19,5,16,5,14,3,11,2,10,1,9,1,6,0,5,-3,3,-5,2,-6,3,-8,4,-10,1,-3,0,0,0,0,0,0,0,0,0,0,0,0,0,0,0,0,0,0,0,2,1,11,-1,11,-2,9,-2,10,-2,11,-2,11,-4,10,-5,10,-6,9,-8,9,-7,8,-4,5,-1,4,0,5,4,7,8,11,8,12,8,12,10,13,13,15,13,18,10,20,10,19,11,19,12,21,15,21"
25.579280853271484,235,"CSI,3413,128,83,49,21,0,-10,14,-5,8,-3,5,0,3,5,4,11,7,13,8,12,7,13,8,14,11,12,14,11,15,14,15,14,16,11,16,9,14,7,11,6,9,4,6,4,3,4,0,2,-3,1,-4,3,-6,4,-8,1,-3,0,0,0,0,0,0,0,0,0,0,0,0,0,0,0,0,0,0,-3,0,-9,1,-9,0,-10,-1,-10,-2,-12,-3,-14,-3,-12,-4,-9,-6,-9,-4,-11,-2,-10,-3,-8,-2,-8,1,-7,4,-6,7,-6,11,-8,14,-7,15,-6,16,-8,19,-10,21,-11,22,-12,24,-15,26,-14,26,-13,27"
25.68222188949585,236,"CSI,3416,128,83,49,21,0,11,-10,5,-8,3,-9,0,-11,-4,-9,-9,-9,-12,-9,-16,-7,-18,-8,-17,-12,-16,-15,-16,-17,-15,-18,-10,-18,-6,-15,-5,-12,-6,-10,-5,-7,-4,-5,-4,-4,-4,-3,-3,1,-3,4,-4,4,-7,4,-3,1,0,0,0,0,0,0,0,0,0,0,0,0,0,0,0,0,0,0,1,-1,7,-1,7,1,8,3,7,5,7,6,8,5,8,6,6,7,6,6,6,3,6,2,5,0,5,-1,7,-3,7,-4,7,-8,9,-10,10,-10,11,-13,12,-17,13,-18,15,-18,18,-21,19,-21,17,-19,15,-19"
25.785331964492798,237,"CSI,3421,128,83,49,21,0,-12,-13,-9,-8,-7,-3,-6,2,-6,8,-7,12,-6,15,-4,15,-6,14,-12,15,-14,14,-15,15,-16,15,-14,12,-12,10,-11,10,-8,9,-4,7,-4,4,-6,3,-3,2,0,2,2,2,4,3,7,4,2,1,0,0,0,0,0,0,0,0,0,0,0,0,0,0,0,0,0,0,1,-2,5,-7,6,-5,8,-2,9,-3,8,-5,8,-4,10,-3,10,-4,10,-5,10,-5,7,-4,3,-5,2,-8,3,-8,1,-9,-3,-11,-5,-13,-5,-13,-9,-14,-12,-15,-13,-19,-14,-20,-15,-18,-16,-16,-17,-21,-14,-25"
25.887075901031494,238,"CSI,3425,128,83,49,21,0,-2,-20,0,-18,-1,-13,-5,-6,-7,-1,-9,2,-11,2,-14,0,-20,-2,-25,0,-27,2,-26,0,-23,-2,-19,-3,-16,-5,-16,-5,-13,-4,-10,-2,-8,1,-8,2,-6,2,-2,2,-1,4,0,5,2,4,0,0,0,0,0,0,0,0,0,0,0,0,0,0,0,0,0,0,0,0,1,-1,5,-2,6,-2,9,-2,10,-1,9,0,8,-1,8,-1,8,-1,10,-2,12,-2,11,-2,8,-4,4,-7,2,-8,1,-8,1,-11,1,-15,1,-18,-1,-20,-3,-19,-4,-20,-4,-26,-3,-27,-4,-26,-3,-27,0,-29"
26.088095903396606,239,"CSI,3432,128,83,49,21,0,11,12,9,9,9,5,10,1,10,-4,10,-8,12,-8,14,-3,17,-4,19,-10,20,-11,20,-9,20,-7,19,-4,18,0,14,3,11,3,9,1,7,0,5,0,2,-1,0,-3,-1,-5,1,-7,3,-7,0,-2,0,0,0,0,0,0,0,0,0,0,0,0,0,0,0,0,0,0,0,1,3,4,6,3,6,3,4,6,4,8,4,9,3,7,0,7,-1,10,0,10,4,7,4,6,4,7,7,6,9,4,10,2,11,2,13,4,17,4,19,3,19,5,19,10,19,13,19,14,22,15,25,14"
26.1921648979187,240,"CSI,3436,128,83,49,21,0,19,-4,15,-3,8,-4,2,-6,2,-10,1,-12,0,-12,0,-13,-1,-17,-4,-20,-4,-21,-1,-22,3,-19,5,-17,3,-16,3,-14,3,-12,3,-9,2,-6,0,-4,-2,-1,-4,-1,-6,-2,-7,0,-9,3,-3,1,0,0,0,0,0,0,0,0,0,0,0,0,0,0,0,0,0,0,0,1,3,3,3,3,3,4,3,5,3,6,3,7,4,8,5,7,6,6,7,5,7,4,5,4,5,3,7,1,11,0,13,-2,14,-4,16,-6,19,-7,20,-4,22,-2,22,-5,20,-9,22,-11,24,-9,24,-7"
26.398154973983765,241,"CSI,3444,128,83,49,21,0,-16,9,-13,5,-9,6,-4,7,2,9,8,11,9,10,7,11,8,13,11,13,14,14,15,17,11,18,6,17,5,14,5,13,5,10,4,5,5,4,5,4,3,4,2,1,3,-2,3,-4,4,-6,1,-2,0,0,0,0,0,0,0,0,0,0,0,0,0,0,0,0,0,0,-3,-3,-7,-9,-5,-8,-5,-6,-5,-7,-6,-7,-6,-7,-6,-7,-8,-7,-9,-7,-8,-6,-7,-5,-7,-4,-7,-1,-7,4,-8,6,-12,5,-14,7,-14,8,-15,11,-16,13,-17,14,-18,15,-18,16,-20,14,-21,13,-20,11"
26.498170852661133,242,"CSI,3448,128,83,49,21,0,12,3,10,2,6,0,4,-3,1,-6,0,-11,2,-12,5,-13,6,-19,7,-22,8,-20,8,-19,8,-19,7,-15,6,-12,6,-10,6,-9,5,-7,1,-5,-1,-5,-2,-5,-3,-3,-3,-2,-3,-3,-4,-3,-1,-1,0,0,0,0,0,0,0,0,0,0,0,0,0,0,0,0,0,0,0,2,1,8,0,7,1,7,1,7,0,6,-1,8,-2,11,-2,11,1,8,1,7,1,7,3,7,4,6,7,3,10,1,10,2,10,2,12,1,16,2,18,3,18,4,20,4,21,1,23,1,24,3,24,4"
26.60019588470459,243,"CSI,3452,128,83,49,21,0,-6,15,-3,11,-1,8,3,7,7,5,11,2,15,2,20,4,22,5,20,7,20,10,18,11,15,9,13,7,12,7,12,6,9,7,6,5,6,2,6,1,6,0,4,-3,2,-5,2,-5,4,-4,1,-1,0,0,0,0,0,0,0,0,0,0,0,0,0,0,0,0,0,0,-1,2,-3,7,-5,7,-5,8,-6,7,-8,6,-8,7,-7,8,-7,5,-8,5,-7,6,-6,6,-6,6,-5,5,-2,6,1,11,1,13,0,13,0,15,1,16,3,15,3,17,1,20,-1,23,-2,26,-3,25,-2,23"
26.70315384864807,244,"CSI,3456,128,83,49,21,0,-9,13,-5,9,-1,6,1,7,6,8,10,8,13,7,13,5,12,7,11,10,11,11,11,14,7,14,5,11,6,10,6,11,4,8,3,5,3,4,4,3,6,0,6,-4,6,-5,6,-4,7,-1,1,0,0,0,0,0,0,0,0,0,0,0,0,0,0,0,0,0,0,0,-2,0,-8,1,-7,2,-8,4,-9,4,-9,3,-9,3,-9,4,-8,4,-8,4,-7,4,-6,2,-6,4,-5,8,-4,8,-4,6,-1,8,-1,11,-5,14,-4,15,-5,15,-9,19,-11,23,-8,22,-7,22,-7,21,-6,18"
26.80833673477173,245,"CSI,3461,128,83,49,21,0,9,-9,5,-8,0,-8,-4,-6,-8,-4,-10,-6,-12,-8,-17,-9,-17,-11,-15,-15,-13,-17,-12,-16,-11,-14,-10,-13,-9,-14,-6,-13,-4,-9,-4,-7,-5,-7,-6,-5,-6,-3,-6,-1,-5,1,-4,2,-3,3,-1,0,0,0,0,0,0,0,0,0,0,0,0,0,0,0,0,0,0,0,1,0,6,0,9,0,9,1,9,2,10,2,9,3,7,3,7,4,7,4,6,2,7,3,7,3,6,-2,4,-6,5,-7,8,-7,9,-9,10,-13,10,-15,9,-15,11,-16,16,-18,18,-20,16,-20,16,-19,17,-19"
26.913166046142578,246,"CSI,3465,128,83,49,21,0,-2,-17,-3,-11,-6,-7,-7,-4,-9,-3,-12,-2,-12,2,-13,5,-15,3,-16,-1,-18,-5,-21,-7,-23,-8,-19,-7,-14,-5,-11,-3,-9,-2,-8,-3,-7,-3,-6,-3,-4,-2,-4,0,-3,3,-3,4,-4,5,-2,1,0,0,0,0,0,0,0,0,0,0,0,0,0,0,0,0,0,0,0,-3,1,-9,0,-10,0,-11,1,-12,1,-11,0,-10,1,-9,1,-10,1,-11,2,-11,1,-12,-4,-9,-4,-6,-3,-5,-4,-8,-9,-11,-11,-12,-9,-15,-8,-17,-9,-19,-9,-21,-9,-21,-10,-21,-11,-22,-10,-22,-11,-23"
27.01241683959961,247,"CSI,3468,128,83,49,21,0,-12,9,-9,9,-7,8,-3,8,1,9,4,11,11,11,15,13,12,14,9,16,8,19,6,20,4,20,3,19,2,17,-1,15,-1,10,0,5,2,4,2,5,1,4,1,1,1,-1,3,-3,8,-3,2,-1,0,0,0,0,0,0,0,0,0,0,0,0,0,0,0,0,0,0,-1,-1,-6,-5,-8,-7,-9,-8,-9,-6,-9,-6,-8,-8,-8,-8,-6,-8,-6,-7,-8,-6,-8,-5,-7,-2,-6,2,-6,4,-8,3,-12,4,-13,3,-12,5,-13,10,-16,12,-17,11,-18,10,-19,10,-22,12,-24,14,-23,14"
27.11528992652893,248,"CSI,3472,128,83,49,21,0,-8,-15,-5,-11,-4,-8,-6,-3,-9,1,-12,4,-18,7,-24,8,-24,6,-21,7,-19,7,-19,7,-21,5,-20,2,-16,0,-14,0,-12,2,-10,4,-8,3,-6,2,-4,2,-1,2,2,3,3,4,4,4,1,1,0,0,0,0,0,0,0,0,0,0,0,0,0,0,0,0,0,0,1,-1,5,-3,5,-4,7,-6,8,-7,8,-7,6,-6,3,-6,4,-5,6,-4,6,-5,3,-6,3,-8,3,-8,1,-8,-1,-9,-2,-11,-3,-14,-4,-17,-4,-19,-4,-20,-5,-20,-6,-19,-8,-19,-9,-21,-8,-21,-6,-17"
27.15691089630127,249,"CSI,897,128,75,-79,20,0,3,15,2,10,4,7,4,4,6,1,11,-1,17,-4,23,-6,23,-4,19,-1,16,1,16,4,16,6,15,6,14,6,13,7,11,6,8,4,5,2,2,0,0,-2,0,-3,1,-4,2,-7,2,-9,0,-3,0,0,0,0,0,0,0,0,0,0,0,0,0,0,0,0,0,0,0,2,1,7,1,7,-1,8,-3,9,-6,8,-8,8,-6,9,-4,9,-4,6,-6,6,-5,8,-3,8,0,8,4,9,5,9,3,12,5,16,6,15,7,14,8,18,8,19,7,20,7,21,8,21,9,24,10,27"
27.218114852905273,250,"CSI,3477,128,83,49,21,0,15,-10,11,-9,6,-6,4,-5,0,-8,-6,-12,-13,-14,-18,-16,-17,-17,-15,-17,-11,-17,-9,-17,-7,-16,-5,-16,-3,-16,-2,-13,-2,-9,-2,-7,-1,-6,-2,-3,-2,-2,-2,-1,-4,2,-7,4,-7,5,-2,1,0,0,0,0,0,0,0,0,0,0,0,0,0,0,0,0,0,0,1,0,7,1,9,1,10,3,9,5,7,5,7,3,6,1,5,1,5,4,5,5,4,3,5,1,7,0,7,-4,8,-6,10,-7,12,-9,14,-11,15,-14,15,-16,15,-15,17,-14,18,-15,19,-16,19,-16,19,-17"
27.321841716766357,251,"CSI,3481,128,83,49,21,0,-3,-14,-4,-9,-6,-6,-8,-3,-11,1,-12,4,-11,7,-11,10,-17,6,-21,3,-20,4,-21,3,-22,-1,-19,-4,-16,-3,-14,0,-10,1,-7,-1,-5,0,-4,4,-3,3,-2,2,0,4,2,7,3,9,0,2,0,0,0,0,0,0,0,0,0,0,0,0,0,0,0,0,0,0,-2,-3,-3,-9,0,-9,3,-10,4,-8,4,-7,5,-7,5,-9,3,-9,4,-8,6,-6,5,-6,2,-7,-2,-8,-4,-10,-6,-14,-8,-14,-10,-14,-12,-14,-13,-15,-12,-16,-12,-18,-13,-20,-14,-21,-14,-23,-14,-25,-15,-23"
27.42424988746643,252,"CSI,3484,128,83,49,21,0,3,-13,2,-11,0,-9,-3,-8,-6,-7,-11,-7,-13,-8,-12,-13,-15,-19,-20,-19,-19,-17,-15,-17,-11,-17,-8,-16,-9,-16,-8,-14,-4,-9,-1,-5,-2,-4,-4,-4,-4,-3,-4,-2,-6,1,-8,2,-7,0,-2,-1,0,0,0,0,0,0,0,0,0,0,0,0,0,0,0,0,0,0,0,-2,1,-7,4,-7,6,-7,5,-7,3,-7,5,-7,8,-9,10,-8,9,-6,6,-6,7,-6,8,-7,4,-7,2,-9,2,-12,-1,-13,-4,-13,-3,-14,-3,-17,-1,-19,3,-20,4,-21,3,-24,4,-27,5,-28,7,-28"
27.733499765396118,253,"CSI,3497,128,83,49,21,0,6,-17,5,-14,1,-8,-3,-3,-8,-1,-10,-2,-16,-3,-23,-5,-24,-4,-20,-5,-17,-8,-16,-11,-17,-13,-16,-14,-13,-13,-10,-12,-8,-9,-7,-5,-7,-3,-6,-3,-5,-3,-4,-1,-6,1,-7,4,-7,6,-2,1,0,0,0,0,0,0,0,0,0,0,0,0,0,0,0,0,0,0,0,-2,3,-6,6,-5,7,-5,5,-7,6,-7,6,-5,6,-5,6,-8,7,-9,7,-7,8,-6,7,-5,5,-8,1,-10,-2,-9,-2,-8,0,-11,1,-16,-1,-17,-3,-16,-3,-18,-1,-21,2,-23,2,-26,0,-27,1,-26"
27.830219984054565,254,"CSI,3501,128,83,49,21,0,15,5,12,3,8,-1,3,-6,1,-9,2,-12,4,-17,5,-23,3,-24,5,-20,8,-20,8,-21,9,-19,10,-15,10,-12,8,-6,8,-3,6,-5,3,-6,0,-5,-2,-5,-2,-5,-3,-5,-6,-6,-9,-8,-3,-3,0,0,0,0,0,0,0,0,0,0,0,0,0,0,0,0,0,0,1,0,6,2,7,2,7,2,7,4,6,5,3,5,5,6,8,6,9,4,8,4,8,2,6,-1,6,-2,8,0,8,1,9,-1,12,-3,15,-3,19,-3,20,-3,20,-2,23,-2,26,-3,27,-3,24,-1,21,-1"
27.93554186820984,255,"CSI,3504,128,83,49,21,0,-6,-15,-6,-11,-4,-7,-3,-1,-3,4,-6,9,-12,13,-19,17,-18,18,-14,16,-13,16,-14,14,-15,10,-16,7,-13,8,-10,9,-8,7,-5,4,-4,2,-2,1,1,0,3,-1,5,-1,7,2,6,6,1,1,0,0,0,0,0,0,0,0,0,0,0,0,0,0,0,0,0,0,0,-2,3,-5,5,-6,6,-6,7,-5,6,-4,5,-4,5,-5,6,-6,6,-6,6,-6,4,-5,2,-6,2,-7,1,-8,-2,-10,-3,-11,-4,-13,-4,-12,-6,-13,-9,-15,-10,-19,-11,-21,-15,-19,-19,-18,-20,-19,-18,-20"
28.138787031173706,256,"CSI,3512,128,83,49,21,0,1,18,1,11,2,5,2,1,5,-3,9,-7,14,-9,18,-10,21,-11,22,-12,22,-9,20,-7,19,-6,18,-5,15,-3,13,-1,9,-2,6,-5,5,-6,4,-4,2,-5,-1,-4,-4,-3,-4,-5,-3,-7,-1,-3,0,0,0,0,0,0,0,0,0,0,0,0,0,0,0,0,0,0,-3,0,-10,1,-11,1,-12,1,-11,0,-11,-1,-11,1,-12,2,-13,2,-11,1,-11,1,-11,3,-8,2,-6,3,-4,7,-2,10,-2,13,-3,14,-2,13,0,14,0,17,0,19,2,19,4,19,1,21,0,24,1,23"
28.240347862243652,257,"CSI,3517,128,83,49,21,0,14,11,11,9,6,4,4,-3,3,-8,3,-10,3,-14,5,-21,4,-23,3,-22,6,-20,8,-18,9,-16,9,-14,9,-12,9,-8,6,-7,3,-6,0,-4,-3,-1,-4,-1,-6,-1,-6,-1,-8,-4,-9,-6,-3,-2,0,0,0,0,0,0,0,0,0,0,0,0,0,0,0,0,0,0,-1,1,-4,7,-5,8,-6,10,-7,9,-8,8,-7,6,-7,5,-6,3,-5,4,-4,7,-2,8,0,8,1,5,1,4,1,6,4,9,7,9,11,9,13,11,14,12,16,12,18,14,18,15,19,13,19,14,19,17"
28.34281086921692,258,"CSI,3521,128,83,49,21,0,-8,16,-6,13,-3,9,0,6,3,7,8,6,13,4,15,4,16,9,19,12,19,12,18,13,17,14,13,16,10,17,8,13,6,9,5,7,5,4,4,1,3,0,4,-3,3,-4,3,-6,3,-7,1,-2,0,0,0,0,0,0,0,0,0,0,0,0,0,0,0,0,0,0,-2,1,-6,6,-7,6,-9,4,-11,2,-11,2,-9,2,-10,3,-10,2,-11,0,-14,-1,-14,4,-10,6,-6,6,-5,7,-6,8,-5,11,-5,13,-8,13,-8,16,-6,18,-4,19,-5,20,-5,22,-5,25,-6,26,-8,23"
28.545305967330933,259,"CSI,3529,128,83,49,21,0,1,19,2,16,1,7,1,2,6,0,9,0,16,1,24,1,24,-1,20,1,18,3,18,4,18,6,15,8,13,6,10,6,6,6,5,4,5,3,3,4,3,2,2,-2,0,-4,-1,-4,0,-4,0,-1,0,0,0,0,0,0,0,0,0,0,0,0,0,0,0,0,0,0,-1,2,-3,8,-5,7,-6,5,-7,6,-9,6,-9,6,-7,7,-8,8,-10,8,-9,5,-8,3,-4,4,-1,5,1,6,3,8,4,12,3,16,3,17,5,17,7,18,7,20,4,24,2,27,4,27,7,26,8,26"
28.755326747894287,260,"CSI,3536,128,83,49,21,0,-3,-20,-3,-15,-3,-9,-3,-4,-6,0,-8,2,-13,4,-19,9,-19,11,-18,9,-18,3,-19,0,-21,-1,-21,-3,-20,-4,-15,-2,-11,-1,-7,-3,-5,-2,-5,0,-4,1,-2,1,0,4,1,6,2,6,0,1,0,0,0,0,0,0,0,0,0,0,0,0,0,0,0,0,0,0,-1,-2,1,-6,4,-5,6,-6,7,-8,8,-8,9,-7,9,-8,9,-10,8,-9,7,-6,7,-5,5,-7,2,-8,-2,-6,-3,-8,-3,-11,-6,-12,-9,-13,-10,-16,-11,-22,-13,-25,-14,-24,-13,-24,-13,-27,-13,-27,-12,-25"
28.857785940170288,261,"CSI,3540,128,83,49,21,0,-19,-7,-16,-4,-13,0,-9,5,-6,9,-6,12,-5,15,-2,19,-3,21,-9,20,-12,18,-12,18,-12,16,-11,14,-11,13,-12,10,-11,6,-7,5,-4,6,-3,5,-1,4,1,3,3,3,6,3,8,3,2,0,0,0,0,0,0,0,0,0,0,0,0,0,0,0,0,0,0,0,-1,-1,-5,-3,-6,-7,-6,-9,-6,-10,-5,-10,-4,-9,-4,-8,-3,-9,-2,-11,-2,-12,-3,-10,-5,-7,-7,-6,-7,-4,-8,-2,-10,0,-12,0,-16,-2,-17,0,-17,2,-22,-1,-26,-3,-27,-3,-27,-3,-27,-4,-27,-4"
28.948646783828735,262,"CSI,898,128,75,-79,20,0,15,-16,10,-13,5,-8,2,-7,-4,-6,-9,-6,-10,-10,-11,-17,-16,-18,-18,-15,-14,-17,-11,-19,-9,-21,-8,-22,-6,-19,-3,-16,-3,-12,-4,-9,-5,-6,-6,-3,-6,-2,-6,-1,-7,0,-8,2,-8,3,-3,0,0,0,0,0,0,0,0,0,0,0,0,0,0,0,0,0,0,0,2,-1,7,-2,6,-3,6,-2,8,0,10,-1,10,-1,10,-2,10,1,9,3,10,2,10,1,6,-2,6,-4,6,-6,5,-9,6,-13,7,-14,8,-15,10,-17,10,-20,10,-22,12,-19,13,-17,14,-21,19,-24,23,-22"
28.976633071899414,263,"CSI,3545,128,83,49,21,0,15,12,10,8,9,3,8,-2,4,-9,1,-13,2,-19,4,-26,3,-26,3,-25,7,-24,9,-21,9,-21,9,-20,8,-18,7,-13,5,-9,3,-8,1,-5,-2,-3,-4,-4,-3,-2,-5,-2,-7,-3,-7,-3,-2,-1,0,0,0,0,0,0,0,0,0,0,0,0,0,0,0,0,0,0,-1,1,-1,6,0,6,0,8,-2,10,-3,11,-2,12,-1,10,-1,9,-2,8,-4,9,-4,9,-1,7,3,6,4,5,6,5,10,5,13,5,14,3,16,1,18,3,21,4,24,4,25,7,25,9,25,8,25,7"
29.007125854492188,264,"CSI,899,128,75,-79,20,0,5,-16,1,-13,-3,-10,-6,-6,-9,-3,-13,-3,-14,0,-15,5,-20,3,-23,-2,-23,-1,-22,-1,-23,-3,-21,-4,-18,-4,-16,-3,-13,-1,-10,0,-7,0,-5,1,-3,2,0,3,1,5,1,7,2,8,0,2,0,0,0,0,0,0,0,0,0,0,0,0,0,0,0,0,0,0,2,-1,7,-3,7,-1,8,1,10,1,12,-1,11,1,9,3,10,2,10,1,9,1,8,0,7,-3,6,-5,5,-5,4,-6,4,-8,2,-11,0,-14,1,-17,3,-19,4,-20,6,-21,7,-22,5,-25,4,-26,7,-24"
29.062354803085327,265,"CSI,3548,128,83,49,21,0,11,14,11,10,10,4,8,2,5,-2,4,-9,3,-12,0,-14,5,-17,12,-18,14,-17,14,-17,16,-17,16,-14,13,-11,9,-10,8,-10,7,-9,5,-7,3,-6,-1,-6,-4,-5,-4,-4,-5,-3,-7,-2,-2,-1,0,0,0,0,0,0,0,0,0,0,0,0,0,0,0,0,0,0,-1,2,-3,8,-4,7,-6,8,-8,9,-8,9,-9,7,-9,7,-10,7,-10,8,-8,7,-6,4,-5,4,-2,5,3,7,6,8,8,9,8,12,9,13,11,13,12,14,14,16,17,18,18,16,19,16,18,19,19,22"
29.092941999435425,266,"CSI,900,128,77,-47,20,0,17,-1,14,0,8,-2,3,-4,-4,-6,-8,-10,-9,-11,-9,-8,-9,-15,-9,-22,-7,-23,-5,-22,-6,-21,-4,-18,-1,-17,-2,-14,-2,-10,-2,-8,-3,-7,-2,-5,-3,-2,-3,-1,-4,1,-5,3,-6,4,-2,1,0,0,0,0,0,0,0,0,0,0,0,0,0,0,0,0,0,0,0,1,1,7,-1,9,-1,11,-1,12,-1,12,-1,10,-2,9,-1,9,-1,8,-3,8,-3,8,1,7,5,5,7,5,7,5,9,4,12,2,15,0,18,0,20,1,22,2,25,0,26,-2,26,-3,26,-3,27,-2"
29.120792865753174,267,"CSI,901,128,77,-47,20,0,18,9,14,6,11,1,5,-2,0,-5,0,-9,1,-16,0,-22,0,-24,2,-22,6,-21,9,-20,9,-17,9,-14,9,-13,8,-11,7,-7,6,-6,3,-6,1,-5,-1,-5,-4,-5,-6,-3,-8,-2,-11,-2,-4,-1,0,0,0,0,0,0,0,0,0,0,0,0,0,0,0,0,0,0,0,1,1,5,2,6,1,9,1,11,0,12,-1,10,-1,8,-2,9,-4,10,-3,11,-1,11,1,7,2,4,4,4,7,4,9,3,12,4,14,3,17,2,21,4,24,6,24,6,24,4,25,4,28,6,29,7"
29.162155866622925,268,"CSI,3552,128,83,49,21,0,12,12,9,8,7,4,7,-1,7,-7,6,-12,3,-14,3,-14,8,-16,14,-20,14,-21,14,-19,14,-16,14,-13,12,-11,10,-9,7,-7,6,-6,5,-5,3,-5,0,-6,-2,-6,-4,-4,-7,-3,-8,-4,-2,-2,0,0,0,0,0,0,0,0,0,0,0,0,0,0,0,0,0,0,0,2,1,9,1,8,0,9,0,10,-1,10,-1,9,-1,10,-2,12,-3,10,-2,9,0,9,-1,10,1,8,5,6,7,5,8,5,11,4,13,4,14,5,18,7,23,9,23,10,23,12,23,12,23,12,24,10"
29.192235946655273,269,"CSI,902,128,77,-47,20,0,1,18,0,14,0,8,3,2,6,-1,9,-5,15,-6,21,-6,21,-7,20,-6,19,-5,18,-5,17,-2,16,-1,15,-2,14,-1,13,0,10,0,6,-1,4,-3,4,-3,1,-4,-3,-6,-3,-7,-1,-8,-1,-3,0,0,0,0,0,0,0,0,0,0,0,0,0,0,0,0,0,0,-2,1,-7,5,-8,4,-10,3,-12,2,-10,1,-9,3,-10,4,-11,3,-14,3,-12,5,-7,5,-5,4,-5,5,-4,7,-2,10,-1,11,2,13,4,16,5,18,7,19,7,21,5,23,5,26,7,29,6,30,4,30"
29.257680892944336,270,"CSI,903,128,75,-79,20,0,19,-10,15,-8,8,-6,1,-4,-2,-7,-5,-9,-8,-10,-10,-14,-14,-18,-18,-20,-16,-19,-14,-19,-12,-19,-9,-19,-7,-18,-8,-15,-10,-10,-9,-6,-6,-5,-5,-4,-4,-2,-4,1,-4,3,-6,4,-7,5,-2,1,0,0,0,0,0,0,0,0,0,0,0,0,0,0,0,0,0,0,2,-1,8,-1,8,1,7,5,5,8,5,7,6,7,6,8,5,9,6,9,8,7,8,5,6,1,5,-2,5,-3,8,-3,10,-6,8,-8,9,-9,14,-9,16,-8,15,-10,16,-12,17,-13,18,-15,21,-16,25,-15"
29.28830885887146,271,"CSI,3557,128,83,49,21,0,-22,0,-16,1,-11,2,-8,4,-3,6,3,8,7,10,12,12,12,15,11,17,8,17,6,19,5,20,4,17,4,14,2,13,0,12,1,8,3,4,5,3,3,3,2,1,3,-2,4,-5,6,-7,1,-2,0,0,0,0,0,0,0,0,0,0,0,0,0,0,0,0,0,0,-1,-3,-1,-9,-1,-8,1,-8,2,-10,2,-11,2,-11,3,-10,2,-10,0,-11,-1,-11,-2,-11,-2,-10,-3,-7,-6,-5,-8,-5,-9,-5,-11,-4,-15,-3,-18,-2,-19,-1,-22,2,-25,3,-25,2,-23,1,-23,0,-25,-4"
29.31748390197754,272,"CSI,904,128,75,-79,20,0,5,20,4,16,2,10,2,3,5,-2,9,-5,15,-6,22,-3,25,-3,22,-5,19,-4,19,-4,21,-4,19,-1,16,1,14,1,10,1,7,1,4,-1,5,-4,5,-6,2,-7,1,-8,-2,-10,-7,-10,-2,-3,0,0,0,0,0,0,0,0,0,0,0,0,0,0,0,0,0,0,-2,2,-5,8,-6,7,-9,6,-10,3,-10,2,-10,2,-9,3,-8,4,-11,3,-12,3,-8,3,-3,5,-4,6,-6,7,-5,8,0,10,3,13,4,15,3,18,4,18,7,18,9,19,6,20,3,22,3,23,5,23"
29.369414806365967,273,"CSI,3561,128,83,49,21,0,7,-20,7,-14,5,-7,1,-5,-3,-6,-9,-5,-14,-7,-17,-13,-21,-13,-22,-11,-21,-11,-19,-11,-18,-10,-16,-11,-13,-10,-11,-8,-9,-9,-7,-9,-5,-6,-4,-4,-4,0,-2,2,-2,3,-2,4,-3,5,-1,1,0,0,0,0,0,0,0,0,0,0,0,0,0,0,0,0,0,0,0,-3,4,-8,6,-6,8,-5,9,-5,9,-5,9,-4,10,-2,10,-1,11,-3,10,-5,8,-6,7,-6,7,-6,3,-8,1,-11,0,-12,0,-13,2,-16,2,-19,1,-21,1,-22,2,-23,3,-21,2,-21,1,-24,0,-27"
29.471544981002808,274,"CSI,3565,128,83,49,21,0,-3,-20,-1,-16,0,-10,-3,-5,-7,-4,-11,-3,-16,0,-21,3,-24,5,-24,5,-24,3,-21,1,-20,-2,-20,-5,-19,-5,-16,-6,-11,-5,-7,-3,-4,-1,-3,1,-3,2,-2,5,-1,7,0,7,-1,5,-1,1,0,0,0,0,0,0,0,0,0,0,0,0,0,0,0,0,0,0,1,-2,4,-7,6,-4,9,-4,10,-4,9,-3,9,-3,7,-3,7,-3,8,-2,8,-3,6,-5,6,-6,5,-5,4,-7,2,-10,0,-12,-2,-15,-2,-18,-1,-20,-1,-19,-2,-21,-2,-22,-4,-23,-6,-24,-7,-25,-7,-26"
29.57040500640869,275,"CSI,3568,128,83,49,21,0,13,5,11,6,7,1,4,-4,3,-6,1,-9,2,-13,3,-14,4,-17,4,-20,3,-21,4,-22,4,-21,5,-19,5,-18,4,-16,3,-13,3,-11,4,-7,2,-4,-2,-2,-4,0,-4,1,-6,0,-9,1,-3,0,0,0,0,0,0,0,0,0,0,0,0,0,0,0,0,0,0,0,-1,2,-2,8,-4,8,-5,9,-4,9,-3,8,-4,7,-6,6,-5,7,-6,8,-5,6,-2,8,-1,8,0,4,2,6,5,8,9,7,13,7,15,7,17,6,19,7,20,8,19,8,21,7,25,7,27,8,23,8"
29.675100803375244,276,"CSI,3573,128,83,49,21,0,-10,16,-8,12,-5,6,0,5,6,7,9,8,16,7,22,6,24,7,22,8,20,9,18,12,16,14,15,14,14,9,12,6,10,6,9,5,7,2,5,0,4,0,3,-3,4,-4,4,-6,4,-8,1,-3,0,0,0,0,0,0,0,0,0,0,0,0,0,0,0,0,0,0,-2,0,-5,0,-6,-1,-10,-1,-12,-2,-12,-5,-10,-5,-8,-4,-10,-5,-13,-6,-11,-5,-9,-4,-7,-1,-7,3,-8,6,-8,8,-7,10,-7,14,-9,16,-9,17,-9,17,-11,16,-12,18,-12,21,-11,25,-12,25,-14,22"
29.77659273147583,277,"CSI,3577,128,83,49,21,0,14,-4,10,-5,5,-5,2,-6,-2,-10,-4,-13,-3,-16,-4,-22,-8,-25,-7,-21,-2,-19,0,-21,0,-23,-2,-24,-2,-21,0,-15,1,-12,0,-9,-2,-5,-3,-4,-2,-3,-2,-1,-5,1,-8,1,-9,0,-3,-1,0,0,0,0,0,0,0,0,0,0,0,0,0,0,0,0,0,0,2,0,7,2,7,5,7,7,6,8,4,7,4,7,4,7,4,8,6,6,7,3,7,3,6,3,6,1,6,-1,7,-3,10,-4,12,-3,15,-5,18,-8,17,-8,17,-8,20,-9,22,-9,23,-8,24,-7,24,-4"
29.984166860580444,278,"CSI,3585,128,83,49,21,0,8,-14,8,-13,4,-10,-1,-7,-6,-5,-12,-6,-13,-7,-10,-8,-13,-13,-18,-16,-19,-14,-18,-14,-17,-16,-16,-16,-13,-14,-10,-13,-9,-10,-7,-6,-5,-4,-4,-3,-4,-3,-4,-1,-5,3,-5,5,-6,5,-2,1,0,0,0,0,0,0,0,0,0,0,0,0,0,0,0,0,0,0,1,-1,6,-3,8,-2,10,0,9,0,6,-1,6,-1,7,-1,9,1,9,2,6,1,6,1,6,-2,5,-4,4,-5,4,-8,5,-12,7,-12,8,-13,9,-16,10,-18,9,-19,9,-21,11,-22,13,-24,16,-25,16,-24"
30.03761887550354,279,"CSI,905,128,75,-79,20,0,-12,8,-9,6,-6,6,-3,5,2,7,6,10,9,12,12,15,13,18,13,19,12,18,10,18,7,18,5,16,5,15,4,15,3,12,4,9,5,5,4,3,3,2,3,-1,2,-4,2,-5,4,-6,1,-2,0,0,0,0,0,0,0,0,0,0,0,0,0,0,0,0,0,0,-1,-2,-5,-6,-7,-5,-9,-7,-8,-10,-6,-8,-5,-6,-5,-6,-6,-6,-7,-6,-6,-7,-6,-7,-7,-6,-7,-3,-8,0,-11,0,-14,1,-15,4,-14,7,-16,8,-18,9,-19,9,-19,11,-19,11,-22,10,-25,10,-21,9"
30.085753917694092,280,"CSI,3588,128,83,49,21,0,-4,-18,-3,-15,-1,-11,-3,-6,-6,-3,-10,-1,-14,-1,-18,-3,-21,-1,-23,1,-24,0,-25,0,-23,0,-19,-1,-16,-2,-14,-2,-11,-2,-11,-2,-11,0,-7,2,-5,2,-5,2,-4,1,-1,3,1,6,0,1,0,0,0,0,0,0,0,0,0,0,0,0,0,0,0,0,0,0,2,-2,8,-7,7,-5,9,-2,10,-1,9,0,9,0,8,-1,8,-3,11,-2,10,-1,6,-3,4,-5,4,-5,4,-5,2,-10,1,-13,-1,-15,-1,-17,-1,-19,-1,-21,-1,-22,1,-24,2,-26,1,-28,2,-30,5,-31"
30.189220905303955,281,"CSI,3592,128,83,49,21,0,-12,-10,-11,-10,-7,-5,-3,1,-4,5,-4,8,-6,12,-12,14,-13,16,-11,18,-9,18,-8,19,-8,19,-10,17,-11,14,-8,12,-5,10,-4,7,-2,5,-2,4,-2,2,0,1,4,1,6,1,6,2,1,0,0,0,0,0,0,0,0,0,0,0,0,0,0,0,0,0,0,0,0,-3,1,-10,2,-10,3,-10,5,-10,5,-9,6,-9,6,-9,3,-8,1,-8,1,-8,-1,-7,-5,-8,-6,-9,-7,-7,-10,-8,-12,-12,-12,-13,-14,-11,-14,-14,-16,-15,-17,-15,-16,-16,-16,-13,-17,-12,-20,-13,-21,-13"
30.393012762069702,282,"CSI,3600,128,83,49,21,0,14,-11,10,-9,7,-5,2,-5,-6,-9,-10,-12,-10,-16,-11,-20,-15,-20,-16,-17,-12,-18,-10,-18,-8,-17,-5,-18,-6,-19,-5,-16,-4,-12,-4,-9,-3,-7,-3,-4,-5,-1,-7,1,-6,2,-7,4,-9,6,-3,1,0,0,0,0,0,0,0,0,0,0,0,0,0,0,0,0,0,0,1,-1,7,-2,7,1,6,5,5,8,5,7,5,5,6,4,7,4,6,4,5,4,4,3,4,0,5,-1,6,-4,6,-9,8,-9,11,-9,14,-10,18,-13,20,-14,19,-13,16,-10,15,-11,16,-12,18,-12,20,-12"
30.69890785217285,283,"CSI,3612,128,83,49,21,0,3,-17,2,-13,-2,-10,-5,-7,-9,-3,-11,-2,-9,-2,-10,3,-15,0,-21,-4,-21,-5,-20,-6,-19,-4,-16,-3,-15,-4,-15,-6,-11,-7,-7,-7,-5,-4,-4,-2,-4,-2,-3,0,-1,4,-1,6,-2,7,-1,1,0,0,0,0,0,0,0,0,0,0,0,0,0,0,0,0,0,0,2,-1,8,-1,7,0,8,1,10,1,8,3,6,3,6,1,8,0,8,-2,9,-1,9,0,7,0,4,-1,2,-3,3,-6,3,-10,4,-13,4,-14,4,-16,5,-18,6,-21,7,-24,7,-23,5,-22,4,-22,3,-21"
30.80298376083374,284,"CSI,3617,128,83,49,21,0,4,-19,4,-14,1,-8,-5,-3,-11,-2,-13,0,-18,-1,-25,-5,-29,-6,-27,-3,-23,-2,-22,-3,-21,-6,-18,-9,-16,-11,-14,-9,-10,-6,-6,-3,-4,-2,-5,-1,-4,1,-3,3,-1,5,0,6,0,7,0,1,0,0,0,0,0,0,0,0,0,0,0,0,0,0,0,0,0,0,1,-2,6,-4,7,-3,7,-4,7,-4,6,-5,5,-6,7,-5,7,-4,8,-3,9,-2,8,-1,6,-4,4,-9,2,-12,0,-13,-1,-15,-2,-15,-2,-15,-1,-19,1,-21,3,-22,1,-22,-1,-22,1,-25,1,-27,-3,-29"
30.904150009155273,285,"CSI,3620,128,83,49,21,0,-3,-19,-3,-13,-3,-7,-4,-3,-7,1,-13,4,-14,3,-14,-1,-21,0,-27,1,-27,0,-25,1,-24,2,-24,0,-21,-2,-13,-2,-9,-3,-9,-2,-8,2,-6,3,-5,1,-2,1,0,3,1,4,3,6,0,1,0,0,0,0,0,0,0,0,0,0,0,0,0,0,0,0,0,0,1,-2,5,-5,6,-4,7,-3,8,-2,8,-1,6,-2,5,-2,7,-1,9,-3,9,-5,8,-3,5,-2,4,-5,3,-7,2,-6,1,-8,-1,-12,-2,-16,-4,-19,-5,-19,-4,-19,-4,-22,-5,-24,-5,-22,-4,-21,-2,-21"
31.00743293762207,286,"CSI,3625,128,83,49,21,0,16,-11,10,-12,3,-10,-1,-7,-4,-8,-6,-10,-9,-10,-12,-11,-11,-16,-10,-19,-7,-20,-7,-22,-6,-22,-5,-18,-4,-16,-2,-15,-1,-13,0,-10,1,-8,-1,-6,-2,-3,-2,-3,-5,-2,-8,1,-9,2,-3,0,0,0,0,0,0,0,0,0,0,0,0,0,0,0,0,0,0,0,1,-1,6,-2,6,0,6,2,7,4,7,4,8,2,8,1,8,1,9,2,9,4,8,4,6,1,6,-2,7,-5,6,-8,6,-11,8,-11,10,-10,14,-13,14,-16,13,-16,15,-16,18,-14,18,-14,17,-15,16,-13"
31.108376026153564,287,"CSI,3628,128,83,49,21,0,-16,7,-10,6,-3,5,1,8,3,12,5,13,7,17,11,22,13,21,11,18,9,18,8,17,7,17,7,17,5,16,3,14,2,14,0,13,0,9,2,4,6,1,6,-1,4,-2,4,-5,6,-6,1,-2,0,0,0,0,0,0,0,0,0,0,0,0,0,0,0,0,0,0,-1,-2,-3,-7,-2,-8,-3,-9,-4,-10,-3,-12,-3,-12,-2,-10,-3,-9,-5,-10,-1,-10,0,-9,-4,-7,-6,-2,-6,2,-8,5,-10,4,-13,2,-17,2,-19,3,-20,5,-20,5,-19,3,-20,2,-21,3,-21,4,-22,1"
31.313068866729736,288,"CSI,3637,128,83,49,21,0,12,11,9,6,8,0,6,-2,6,-6,11,-12,12,-17,10,-21,9,-20,11,-18,14,-16,16,-13,15,-14,15,-15,16,-13,15,-11,10,-10,7,-9,6,-6,3,-3,0,-2,-1,-2,-1,-3,-2,-3,-4,-3,-2,-1,0,0,0,0,0,0,0,0,0,0,0,0,0,0,0,0,0,0,-1,1,-1,7,-2,7,-4,7,-5,7,-6,6,-5,5,-4,6,-7,7,-8,5,-5,4,-2,5,0,4,1,4,2,6,5,6,9,7,11,8,11,9,12,10,15,11,17,10,17,10,18,10,20,11,21,13,19,14"
31.41706371307373,289,"CSI,3640,128,83,49,21,0,2,-19,0,-13,0,-8,-3,-5,-6,-6,-9,-8,-14,-7,-23,-5,-23,-6,-18,-12,-15,-16,-14,-14,-15,-14,-15,-15,-12,-14,-9,-13,-9,-10,-8,-8,-7,-7,-7,-4,-5,0,-5,1,-5,1,-5,3,-4,2,-1,0,0,0,0,0,0,0,0,0,0,0,0,0,0,0,0,0,0,0,1,-2,5,-7,7,-9,9,-9,8,-8,7,-3,6,-1,7,-3,8,-3,8,-2,7,-2,5,-4,3,-5,2,-5,2,-7,1,-10,1,-13,0,-14,0,-16,2,-18,2,-18,0,-19,0,-22,2,-22,4,-23,7,-24,7,-25"
31.620734930038452,290,"CSI,3648,128,83,49,21,0,18,-5,13,-6,6,-5,1,-5,-1,-9,-2,-11,-3,-16,-3,-24,-5,-26,-6,-25,-4,-23,-2,-21,0,-22,1,-20,3,-17,5,-14,4,-11,3,-8,3,-7,0,-6,-1,-5,-2,-2,-5,-1,-8,0,-10,2,-3,0,0,0,0,0,0,0,0,0,0,0,0,0,0,0,0,0,0,0,1,-1,4,-1,4,1,6,2,6,3,5,4,6,5,6,5,5,6,4,4,4,2,5,-1,5,-3,4,-2,4,-3,6,-6,9,-9,10,-10,10,-10,13,-9,16,-11,18,-13,17,-12,16,-12,17,-15,19,-17,21,-17"
31.72484278678894,291,"CSI,3653,128,83,49,21,0,-1,-17,-1,-12,-1,-8,-4,-4,-8,-2,-12,-2,-17,0,-21,2,-23,3,-23,0,-23,-4,-23,-5,-21,-4,-19,-5,-18,-5,-15,-5,-11,-5,-9,-2,-6,-1,-4,-1,-4,2,-2,3,0,4,1,8,1,10,0,2,0,0,0,0,0,0,0,0,0,0,0,0,0,0,0,0,0,0,0,-1,4,-4,6,-4,8,-5,10,-6,10,-4,9,-3,9,-3,7,-3,7,-2,7,-4,4,-4,1,-2,-1,-4,-3,-7,-4,-8,-3,-11,-3,-16,-2,-18,-2,-20,-1,-20,-2,-19,-3,-22,-4,-25,-4,-26,-4,-25,-3,-24"
31.826981782913208,292,"CSI,3656,128,83,49,21,0,-3,-15,-2,-11,-4,-7,-7,-4,-12,-2,-15,-1,-16,3,-19,6,-22,6,-22,3,-20,1,-21,-1,-21,-3,-19,-5,-17,-7,-15,-6,-14,-5,-11,-3,-6,0,-3,0,-3,0,-3,3,-1,5,-1,6,-1,6,0,1,0,0,0,0,0,0,0,0,0,0,0,0,0,0,0,0,0,0,1,-2,5,-5,7,-4,8,-4,7,-6,6,-6,6,-4,7,-5,7,-7,6,-7,5,-5,5,-6,3,-8,2,-8,2,-9,-1,-9,-4,-10,-6,-15,-5,-19,-4,-20,-4,-21,-6,-22,-6,-21,-4,-23,-3,-26,-5,-26,-5,-23"
31.927125930786133,293,"CSI,3661,128,83,49,21,0,11,12,10,9,8,4,7,-4,9,-11,9,-13,10,-11,16,-10,20,-12,19,-16,17,-17,17,-14,17,-11,18,-7,18,-3,15,-3,11,-5,9,-4,8,-1,4,-3,1,-4,1,-6,-1,-8,-4,-8,-5,-8,-2,-2,0,0,0,0,0,0,0,0,0,0,0,0,0,0,0,0,0,0,0,1,2,6,2,7,1,9,0,10,0,10,-1,10,-4,10,-6,9,-4,7,-1,6,1,4,3,4,4,4,5,2,9,4,13,7,14,7,15,7,15,8,16,10,19,11,19,12,18,13,20,15,22,16,19,12"
32.0281777381897,294,"CSI,3664,128,83,49,21,0,14,4,11,1,7,-2,4,-5,4,-9,3,-11,0,-14,-2,-21,-3,-22,1,-20,6,-20,8,-21,9,-20,10,-17,11,-15,11,-11,8,-8,5,-7,3,-8,0,-6,-3,-4,-5,-3,-7,-5,-8,-5,-6,-5,-2,-2,0,0,0,0,0,0,0,0,0,0,0,0,0,0,0,0,0,0,1,0,6,3,6,5,5,7,4,8,5,9,4,8,2,8,1,7,1,7,3,7,4,7,5,2,4,-2,5,-2,8,2,12,3,14,0,14,-1,17,1,21,1,23,0,24,0,25,0,25,0,22,0,17,-2"
32.136958837509155,295,"CSI,3669,128,83,49,21,0,-18,-12,-12,-9,-8,-6,-4,1,0,9,-2,14,-4,18,-5,22,-7,22,-9,20,-11,19,-12,20,-12,19,-11,15,-12,13,-14,10,-12,8,-7,7,-4,5,-3,4,-2,4,0,2,2,0,3,1,6,1,2,0,0,0,0,0,0,0,0,0,0,0,0,0,0,0,0,0,0,0,-1,-2,-1,-8,1,-9,2,-10,3,-10,6,-10,8,-9,4,-8,1,-8,0,-8,1,-8,2,-8,1,-7,-2,-8,-5,-9,-9,-8,-12,-9,-13,-9,-13,-8,-14,-10,-17,-12,-20,-13,-20,-15,-17,-14,-18,-14,-22,-13,-23,-9"
32.23783278465271,296,"CSI,3673,128,83,49,21,0,-4,17,-2,12,1,7,4,3,7,0,11,-3,12,-3,11,0,16,3,23,3,24,2,21,1,20,3,18,6,19,7,19,6,13,5,9,3,7,0,4,-1,1,-2,-1,-4,-1,-7,-2,-10,-3,-8,-1,-2,0,0,0,0,0,0,0,0,0,0,0,0,0,0,0,0,0,0,-2,0,-7,2,-9,3,-11,3,-11,2,-10,0,-10,-3,-10,-4,-8,-5,-6,-5,-7,-3,-7,0,-6,2,-3,3,-2,5,-4,8,-4,12,-3,15,-3,16,-3,18,-2,20,-2,21,-1,22,-3,25,-8,26,-9,24,-6,21"
32.337095737457275,297,"CSI,3676,128,83,49,21,0,18,-5,11,-5,4,-4,0,-6,-2,-8,-6,-10,-6,-14,-3,-19,-7,-22,-11,-23,-12,-24,-13,-22,-12,-19,-9,-20,-6,-22,-2,-18,-1,-12,-2,-8,-2,-6,-2,-3,-2,1,-3,3,-4,3,-4,3,-4,3,-1,0,0,0,0,0,0,0,0,0,0,0,0,0,0,0,0,0,0,0,0,1,3,4,3,5,4,8,3,8,2,6,3,8,1,10,-1,8,1,8,2,8,3,6,4,5,6,3,7,0,9,-3,12,-6,14,-5,15,-3,18,-4,20,-7,23,-9,25,-8,25,-7,25,-7,27,-8,30,-7"
32.441829681396484,298,"CSI,3680,128,83,49,21,0,-17,-6,-11,-3,-7,1,-7,3,-6,8,-4,14,-6,14,-9,12,-8,17,-6,24,-5,27,-5,25,-7,20,-7,17,-7,17,-9,16,-9,13,-5,11,-3,8,-2,3,-1,0,3,-2,6,-1,8,-1,10,-3,3,-1,0,0,0,0,0,0,0,0,0,0,0,0,0,0,0,0,0,0,-3,-3,-7,-10,-5,-11,-3,-13,-1,-13,2,-12,5,-12,6,-11,3,-9,1,-7,0,-3,0,-3,-2,-6,-6,-6,-10,-5,-11,-5,-12,-4,-13,-5,-16,-5,-19,-4,-22,-4,-24,-4,-25,-5,-24,-7,-23,-7,-21,-6,-20,-4"
32.643831968307495,299,"CSI,3689,128,83,49,21,0,19,-3,15,-3,9,-4,3,-4,-2,-8,-5,-14,-5,-16,-5,-14,-5,-18,-6,-22,-8,-23,-7,-24,-5,-26,-3,-23,0,-20,2,-18,2,-14,-1,-10,-2,-6,-2,-4,-2,-2,-5,0,-7,4,-7,7,-6,5,-2,0,0,0,0,0,0,0,0,0,0,0,0,0,0,0,0,0,0,0,0,1,2,6,-1,7,-3,9,-4,9,-3,8,-4,6,-6,6,-6,7,-4,6,-2,5,-1,5,1,4,4,2,6,0,9,0,12,1,14,1,17,2,19,3,22,2,24,3,26,6,26,6,26,4,26,2,25,1"
32.74636387825012,300,"CSI,3692,128,83,49,21,0,-3,-19,-4,-16,-4,-11,-6,-5,-9,-3,-11,0,-12,1,-12,-2,-16,-1,-23,3,-26,1,-24,0,-21,0,-20,0,-20,-2,-18,-4,-13,-5,-8,-4,-6,-3,-6,-1,-2,0,1,2,2,4,2,6,2,9,0,2,0,0,0,0,0,0,0,0,0,0,0,0,0,0,0,0,0,0,2,-2,9,-5,9,-1,9,1,10,2,10,2,8,3,6,3,6,1,5,1,4,1,2,0,2,-1,5,-3,4,-7,1,-11,0,-14,1,-17,1,-18,2,-21,4,-24,1,-24,1,-24,1,-24,1,-25,2,-27,2,-27"
32.95171093940735,301,"CSI,3700,128,83,49,21,0,-18,1,-14,5,-8,5,-5,4,-3,8,0,12,1,14,0,17,3,20,5,21,3,21,0,22,-4,23,-5,21,-4,17,-3,14,-3,11,-1,8,2,5,2,2,1,1,1,1,3,-2,7,-5,9,-4,2,-1,0,0,0,0,0,0,0,0,0,0,0,0,0,0,0,0,0,0,-2,-2,-6,-7,-6,-8,-5,-10,-4,-11,-4,-11,-4,-10,-2,-8,-1,-6,-2,-6,-6,-7,-7,-5,-5,-1,-4,1,-5,0,-10,1,-15,2,-17,1,-17,2,-18,4,-20,6,-23,7,-25,6,-25,7,-28,4,-31,1,-30,0"
33.05607581138611,302,"CSI,3704,128,83,49,21,0,-8,-15,-8,-10,-7,-5,-6,1,-7,3,-11,7,-13,12,-7,18,-9,17,-15,13,-16,13,-17,16,-17,15,-17,11,-16,8,-13,7,-11,6,-9,5,-6,2,-3,0,1,1,3,1,4,1,7,3,9,5,2,1,0,0,0,0,0,0,0,0,0,0,0,0,0,0,0,0,0,0,1,-1,5,-5,8,-6,8,-5,8,-3,9,-1,10,-2,9,-1,9,0,9,-3,6,-4,4,-4,0,-6,-2,-8,-4,-10,-7,-10,-9,-10,-10,-12,-10,-14,-10,-18,-12,-21,-13,-23,-14,-25,-15,-25,-14,-24,-15,-24,-15,-25"
33.15704083442688,303,"CSI,3709,128,83,49,21,0,-11,14,-9,13,-6,11,-1,8,6,6,11,4,12,2,12,1,14,6,20,10,23,11,20,11,17,11,15,12,13,11,10,10,5,8,4,6,5,3,5,0,3,-2,1,-3,0,-5,1,-6,2,-7,0,-2,0,0,0,0,0,0,0,0,0,0,0,0,0,0,0,0,0,0,-3,-1,-8,-1,-8,-2,-9,-6,-9,-7,-7,-7,-6,-6,-6,-5,-5,-5,-5,-3,-6,-1,-7,-1,-6,-1,-6,2,-7,7,-6,10,-5,12,-6,13,-7,14,-9,15,-12,19,-13,21,-11,21,-13,20,-16,18,-18,17,-17,18"
33.25853371620178,304,"CSI,3713,128,83,49,21,0,-13,3,-9,5,-5,4,-2,6,1,10,5,14,7,13,5,11,3,15,4,21,4,23,3,24,1,24,-1,20,-2,16,0,14,1,12,0,9,-1,6,0,3,2,1,3,1,4,-1,6,-4,7,-5,1,-2,0,0,0,0,0,0,0,0,0,0,0,0,0,0,0,0,0,0,-2,0,-8,0,-9,-1,-9,-3,-9,-4,-8,-6,-5,-7,-5,-6,-5,-4,-5,-4,-6,-3,-4,-2,-2,-1,-2,1,-5,3,-8,6,-12,10,-13,12,-13,14,-16,14,-17,13,-20,12,-23,9,-25,7,-28,7,-29,9,-27,10"
33.36121487617493,305,"CSI,3716,128,83,49,21,0,2,17,3,11,6,4,9,-2,11,-5,11,-6,14,-8,16,-8,17,-12,16,-16,16,-17,16,-18,17,-16,17,-12,16,-11,13,-8,11,-5,8,-5,5,-5,2,-6,0,-3,-3,0,-5,-1,-9,-1,-12,0,-4,0,0,0,0,0,0,0,0,0,0,0,0,0,0,0,0,0,0,0,-2,0,-9,2,-10,3,-11,2,-12,-1,-13,-3,-12,-4,-8,-3,-6,-2,-7,-2,-8,-2,-7,1,-6,3,-2,3,1,5,1,8,1,11,2,13,2,16,3,20,5,21,4,25,2,29,2,28,3,26,2,27,0,28"
33.46597981452942,306,"CSI,3721,128,83,49,21,0,-16,-11,-12,-6,-7,-2,-4,1,-3,7,-5,11,-3,14,1,20,-2,21,-8,21,-9,21,-8,20,-10,20,-9,17,-7,14,-7,13,-8,11,-6,9,-3,7,-1,5,1,1,5,-1,8,-1,9,-2,9,-4,2,-1,0,0,0,0,0,0,0,0,0,0,0,0,0,0,0,0,0,0,-1,-2,-1,-8,2,-9,4,-10,3,-8,5,-7,5,-9,4,-10,4,-10,3,-9,0,-7,-1,-6,-3,-7,-5,-6,-5,-5,-9,-5,-14,-5,-15,-6,-16,-8,-19,-10,-21,-13,-20,-15,-19,-15,-20,-17,-24,-19,-26,-17,-23,-16"
33.56565594673157,307,"CSI,3724,128,83,49,21,0,12,10,9,6,6,1,4,-5,4,-8,5,-11,4,-16,3,-21,5,-21,8,-22,8,-20,10,-19,14,-20,16,-19,15,-17,11,-13,8,-8,6,-6,2,-7,1,-7,-1,-5,-3,-3,-6,-3,-9,-2,-10,-1,-3,-1,0,0,0,0,0,0,0,0,0,0,0,0,0,0,0,0,0,0,-1,2,-3,9,-5,8,-8,8,-9,8,-7,7,-8,7,-10,6,-9,4,-6,4,-3,3,0,1,2,1,3,6,7,8,9,7,10,8,12,12,14,14,17,14,17,12,16,12,19,16,21,16,22,15,22,16,19,17"
33.668540716171265,308,"CSI,3728,128,83,49,21,0,-16,-8,-12,-5,-7,-1,-4,6,-2,10,1,13,-1,15,-8,16,-6,18,0,21,1,22,-3,22,-5,21,-7,18,-8,14,-7,10,-5,8,-4,8,-2,6,1,2,2,1,3,0,5,1,7,1,8,-1,2,-1,0,0,0,0,0,0,0,0,0,0,0,0,0,0,0,0,0,0,-2,-2,-6,-7,-4,-7,-1,-7,0,-9,0,-9,0,-8,-1,-8,-1,-8,0,-8,0,-7,-3,-4,-4,-2,-4,1,-5,2,-8,0,-11,-2,-13,1,-16,3,-18,2,-20,1,-21,-1,-22,-3,-23,-3,-25,-3,-26,-2,-26,-2"
33.70128583908081,309,"CSI,907,128,77,-47,20,0,4,-19,1,-14,0,-8,-5,-3,-9,0,-13,-1,-18,2,-25,8,-25,10,-22,5,-20,-1,-20,-5,-22,-6,-22,-6,-20,-5,-14,-3,-10,-2,-8,-1,-4,-1,-2,1,-1,3,1,3,2,5,4,9,5,10,1,2,0,0,0,0,0,0,0,0,0,0,0,0,0,0,0,0,0,0,1,0,6,2,6,0,8,0,11,2,12,4,11,4,9,3,6,4,6,4,6,3,5,2,4,-1,4,-6,3,-9,2,-11,2,-17,2,-20,3,-18,5,-18,5,-22,6,-26,7,-25,6,-25,4,-29,6,-32,10,-31"
33.873055934906006,310,"CSI,3737,128,83,49,21,0,8,-14,4,-10,-1,-7,-6,-5,-10,-3,-14,2,-16,-1,-15,-9,-17,-9,-19,-5,-21,-3,-24,-1,-23,-1,-22,-5,-19,-8,-13,-7,-9,-5,-7,-2,-5,-1,-2,-2,-1,1,-1,4,1,7,4,9,5,9,1,2,0,0,0,0,0,0,0,0,0,0,0,0,0,0,0,0,0,0,2,0,9,1,9,2,8,5,8,8,9,6,9,6,7,5,5,4,3,3,1,3,1,4,0,-1,0,-6,2,-8,4,-10,4,-11,6,-13,8,-14,8,-18,7,-21,6,-22,6,-23,9,-23,12,-24,11,-24,10,-21"
34.020277976989746,311,"CSI,908,128,75,-79,20,0,-15,-9,-10,-5,-5,-3,0,1,2,8,1,12,0,16,3,22,4,22,1,20,-1,20,-4,22,-6,24,-6,21,-5,17,-5,14,-5,9,-3,4,-2,4,-1,5,1,3,2,1,5,0,7,-2,8,-2,2,-1,0,0,0,0,0,0,0,0,0,0,0,0,0,0,0,0,0,0,0,-2,2,-9,3,-11,2,-12,3,-9,7,-9,6,-10,3,-9,3,-6,3,-4,3,-5,0,-6,-2,-5,-4,-5,-8,-5,-11,-5,-13,-7,-13,-8,-14,-6,-18,-5,-20,-6,-22,-9,-23,-9,-24,-7,-26,-9,-27,-10,-24,-8"
34.18003606796265,312,"CSI,3749,128,83,49,21,0,5,-15,3,-13,-3,-10,-9,-5,-12,0,-16,0,-17,0,-16,1,-17,-2,-20,-3,-23,-1,-24,-2,-23,-3,-21,-4,-19,-4,-16,-5,-12,-3,-9,-1,-6,0,-4,1,-3,2,-1,4,1,4,3,5,3,8,0,2,0,0,0,0,0,0,0,0,0,0,0,0,0,0,0,0,0,0,2,0,9,2,7,3,8,4,9,6,8,8,6,7,5,6,6,5,6,6,6,6,4,3,1,0,-1,-2,0,-4,2,-8,4,-12,5,-14,6,-15,7,-18,7,-22,9,-24,13,-24,12,-24,10,-27,11,-29,11,-27"
34.38811683654785,313,"CSI,3756,128,83,49,21,0,0,-17,-2,-13,-2,-9,-5,-5,-10,-3,-13,-2,-18,-3,-23,-6,-24,-7,-22,-8,-20,-9,-20,-9,-19,-13,-20,-17,-20,-16,-13,-13,-6,-11,-4,-7,-6,-4,-8,-3,-6,-1,-5,2,-4,6,-3,7,-5,7,-2,1,0,0,0,0,0,0,0,0,0,0,0,0,0,0,0,0,0,0,0,-2,2,-7,5,-8,6,-8,8,-8,9,-6,11,-6,11,-5,8,-4,6,-3,5,-3,5,-3,1,-5,-2,-8,-2,-10,-2,-13,-4,-17,-6,-16,-5,-15,-4,-17,-4,-22,-3,-24,-1,-25,0,-27,1,-30,-1,-29,-5,-24"
34.48731184005737,314,"CSI,3760,128,83,49,21,0,-18,5,-14,5,-7,6,0,8,4,8,8,8,11,15,12,23,13,23,15,20,14,18,13,17,12,16,8,18,5,19,3,17,2,13,3,9,5,5,5,2,2,0,2,-3,2,-4,3,-4,5,-4,1,-2,0,0,0,0,0,0,0,0,0,0,0,0,0,0,0,0,0,0,-2,-2,-5,-7,-3,-9,-3,-9,-5,-10,-4,-13,-1,-11,1,-9,-1,-10,-1,-10,0,-6,-2,-1,-5,1,-6,1,-7,0,-9,0,-11,2,-14,3,-18,3,-20,6,-20,6,-22,7,-23,8,-24,9,-27,9,-27,9,-27,9"
34.5905818939209,315,"CSI,3765,128,83,49,21,0,-3,18,0,14,1,8,4,5,8,4,14,4,15,2,14,1,17,3,21,6,22,8,21,12,19,13,18,11,15,9,11,7,9,4,8,5,6,3,4,0,4,-2,3,-3,3,-4,4,-6,4,-6,1,-2,0,0,0,0,0,0,0,0,0,0,0,0,0,0,0,0,0,0,-3,0,-9,2,-9,1,-11,1,-12,1,-9,1,-8,0,-9,-1,-8,-1,-7,0,-7,1,-7,2,-3,3,-1,4,-2,7,-1,9,0,11,0,13,0,15,0,17,-2,19,-6,22,-7,24,-8,24,-9,24,-10,25,-13,26"
34.7958550453186,316,"CSI,3773,128,83,49,21,0,-13,12,-6,8,-3,5,0,5,8,6,13,8,13,10,12,12,15,12,21,14,20,16,16,17,14,16,11,17,10,15,10,12,9,11,9,9,6,4,3,-1,3,-4,5,-7,5,-7,2,-7,2,-7,0,-2,0,0,0,0,0,0,0,0,0,0,0,0,0,0,0,0,0,0,-3,-1,-10,-3,-9,-5,-8,-6,-7,-8,-6,-9,-6,-9,-7,-9,-6,-9,-6,-8,-4,-7,-2,-4,-1,0,-2,1,-6,3,-8,7,-10,9,-12,11,-11,12,-12,12,-15,14,-16,17,-19,18,-22,16,-23,18,-23,21,-24,23"
34.89283871650696,317,"CSI,910,128,75,-79,20,0,-4,17,-1,16,1,10,6,3,11,-2,16,-3,18,-3,18,-3,20,-1,24,0,25,1,25,1,25,0,25,2,21,3,15,3,12,3,10,2,8,-1,7,-1,5,-1,1,-5,-1,-8,-2,-9,-4,-11,-1,-3,0,0,0,0,0,0,0,0,0,0,0,0,0,0,0,0,0,0,-3,0,-9,0,-10,-1,-11,-3,-10,-3,-9,-3,-10,-2,-10,-2,-8,-1,-8,-3,-7,-5,-7,-3,-6,0,-2,2,0,4,-1,6,-1,8,-1,12,-2,17,-5,20,-5,21,-4,24,-4,26,-5,25,-6,26,-6,29,-7,29"
34.92354869842529,318,"CSI,3777,128,83,49,21,0,17,-6,10,-8,4,-7,1,-6,-5,-9,-10,-15,-11,-18,-11,-16,-10,-17,-10,-22,-9,-24,-7,-24,-6,-21,-5,-20,-5,-18,-4,-17,-5,-15,-5,-10,-6,-7,-7,-5,-5,-3,-5,0,-7,3,-8,4,-7,5,-2,1,0,0,0,0,0,0,0,0,0,0,0,0,0,0,0,0,0,0,1,1,3,7,-1,9,-4,11,-2,11,-1,10,-2,9,-2,9,-2,8,-3,6,-2,4,0,4,2,5,4,3,7,0,11,-1,15,-3,17,-3,19,-2,21,-4,22,-5,22,-4,23,-4,26,-2,25,-2,27,-4,30,-2"
34.99952673912048,319,"CSI,3781,128,83,49,21,0,-14,2,-11,5,-5,7,0,7,4,8,6,13,10,15,14,13,13,15,9,17,6,19,6,21,6,21,4,19,1,17,-2,18,-2,14,-1,7,0,2,2,-1,3,-1,4,-1,4,-3,5,-4,5,-5,1,-2,0,0,0,0,0,0,0,0,0,0,0,0,0,0,0,0,0,0,-1,-3,-4,-11,-3,-10,-1,-10,0,-11,1,-11,2,-10,2,-10,1,-10,0,-9,1,-7,0,-5,-4,-5,-6,-4,-6,-2,-8,0,-13,3,-18,3,-21,3,-23,2,-24,1,-26,0,-26,0,-27,1,-28,3,-26,4,-24,4"
35.20455980300903,320,"CSI,3789,128,83,49,21,0,16,0,9,0,3,-3,0,-7,-4,-11,-7,-16,-8,-17,-10,-14,-10,-17,-9,-22,-8,-23,-6,-23,-4,-22,-2,-20,-2,-19,-1,-16,-2,-12,-3,-9,-4,-6,-3,-3,-2,0,-3,2,-6,3,-7,3,-6,5,-2,1,0,0,0,0,0,0,0,0,0,0,0,0,0,0,0,0,0,0,1,2,4,8,1,8,0,9,1,10,0,9,-3,7,-4,9,-5,10,-5,8,-4,6,-1,6,2,7,3,4,5,1,10,-1,15,-1,18,-1,19,0,21,1,24,-1,27,-1,28,-1,25,-2,25,-2,26,-3,27,-4"
35.30736780166626,321,"CSI,3793,128,83,49,21,0,16,-5,10,-6,5,-6,1,-9,-3,-13,-7,-16,-8,-17,-7,-15,-6,-17,-7,-22,-6,-24,-2,-27,0,-27,-1,-24,-1,-22,1,-18,2,-12,1,-10,-1,-10,-2,-8,-3,-6,-6,-3,-9,0,-10,2,-8,0,-2,-1,0,0,0,0,0,0,0,0,0,0,0,0,0,0,0,0,0,0,1,0,4,1,6,2,8,5,7,8,4,9,5,8,5,7,3,5,1,5,0,6,1,3,1,1,2,-1,4,-4,7,-5,11,-8,12,-8,14,-10,17,-13,18,-10,20,-8,21,-11,19,-10,22,-8,25,-11,22,-10"
35.51079082489014,322,"CSI,3801,128,83,49,21,0,13,5,9,1,6,-1,2,-5,-1,-12,-3,-17,-3,-22,-5,-25,-5,-23,0,-22,3,-23,4,-23,6,-23,7,-20,5,-19,4,-16,3,-12,2,-9,0,-8,-1,-6,-2,-5,-3,-4,-5,-2,-8,-2,-7,-2,-2,-1,0,0,0,0,0,0,0,0,0,0,0,0,0,0,0,0,0,0,1,0,3,3,1,6,0,8,-1,10,-2,11,-1,10,0,8,1,6,-1,6,-2,5,0,5,0,5,2,3,5,1,9,-1,13,-3,16,-3,19,-2,22,1,22,4,21,5,23,4,26,5,27,4,27,2,26,0"
35.544687032699585,323,"CSI,912,128,77,-47,20,0,0,-16,-4,-12,-4,-5,-5,2,-10,3,-17,2,-24,1,-29,0,-28,2,-26,4,-28,3,-26,1,-23,-2,-23,-3,-21,-4,-16,-3,-12,-3,-10,-1,-9,1,-6,2,-2,2,-1,3,-2,6,-1,7,-1,7,-1,2,0,0,0,0,0,0,0,0,0,0,0,0,0,0,0,0,0,0,0,-1,4,-3,8,-4,11,-3,11,-1,10,0,10,1,9,1,6,2,7,2,7,0,7,-1,4,-3,0,-5,-1,-6,-2,-8,-4,-11,-5,-15,-2,-18,0,-20,0,-22,1,-25,0,-26,-2,-27,-1,-25,0,-23,2,-22"
35.614521980285645,324,"CSI,3804,128,83,49,21,0,13,1,11,-2,5,-7,-2,-10,-6,-11,-7,-13,-8,-17,-12,-16,-15,-15,-15,-16,-15,-17,-14,-18,-13,-19,-12,-18,-11,-17,-8,-15,-5,-9,-5,-5,-6,-4,-6,-3,-3,-1,-2,2,-2,6,-4,7,-6,8,-2,2,0,0,0,0,0,0,0,0,0,0,0,0,0,0,0,0,0,0,0,1,0,6,0,7,-3,8,-7,9,-7,8,-6,7,-5,6,-4,5,-6,6,-7,6,-4,6,-2,5,0,3,4,0,8,1,11,3,13,4,15,2,17,0,20,-1,24,-1,25,-1,24,-2,26,-4,28,-1,26,2"
35.71464681625366,325,"CSI,3809,128,83,49,21,0,0,10,2,5,4,2,4,1,7,0,14,-2,20,0,23,4,24,3,22,0,19,0,18,2,18,6,17,7,15,6,12,4,10,1,8,0,6,-2,4,-4,3,-3,3,-1,1,-4,-1,-6,-1,-5,0,-2,0,0,0,0,0,0,0,0,0,0,0,0,0,0,0,0,0,0,-1,0,-4,1,-7,2,-10,2,-11,1,-11,0,-10,-1,-10,-2,-10,-1,-9,-1,-9,-1,-9,1,-5,3,-1,2,0,2,-1,7,3,11,5,13,3,15,0,18,0,20,1,21,1,22,0,23,1,23,2,24,-1,23"
35.818187952041626,326,"CSI,3813,128,83,49,21,0,11,8,9,4,6,-1,4,-7,3,-13,4,-16,5,-21,6,-24,7,-25,5,-24,4,-21,6,-21,6,-24,5,-24,5,-19,5,-15,3,-13,0,-10,-1,-7,-3,-4,-4,-1,-3,0,-4,-1,-8,0,-10,0,-3,0,0,0,0,0,0,0,0,0,0,0,0,0,0,0,0,0,0,0,-2,2,-5,7,-6,5,-9,3,-9,3,-8,4,-9,4,-10,3,-8,0,-6,-1,-4,1,-2,4,1,4,1,4,1,4,3,3,8,4,10,8,11,9,15,9,20,12,22,16,22,15,20,14,19,14,18,15,18,17"
35.922685861587524,327,"CSI,3817,128,83,49,21,0,10,-5,5,-5,0,-6,-5,-5,-11,-4,-15,-6,-19,-7,-24,-10,-24,-11,-22,-10,-21,-11,-19,-11,-17,-11,-18,-10,-16,-9,-13,-9,-11,-9,-10,-7,-8,-3,-4,0,-1,2,1,3,1,6,1,8,0,9,0,2,0,0,0,0,0,0,0,0,0,0,0,0,0,0,0,0,0,0,0,2,2,10,1,10,2,11,2,11,0,10,-1,11,-1,11,-2,8,-1,7,0,7,3,6,6,5,5,0,4,-5,6,-8,8,-8,10,-6,14,-8,17,-11,18,-12,19,-12,20,-13,21,-14,21,-16,19,-15,17,-13"
35.987088680267334,328,"CSI,361,128,83,49,21,0,-11,-4,-7,-4,-6,-4,-9,0,-9,3,-5,5,0,7,2,8,0,6,-3,7,-4,10,-5,12,-5,11,-2,9,-3,10,-6,11,-6,9,-4,6,-1,4,0,4,1,5,3,3,3,3,3,4,2,3,0,0,0,0,0,0,0,0,0,0,0,0,0,0,0,0,0,0,0,0,1,-2,3,-5,-2,-5,-4,-7,-4,-8,-3,-9,-4,-10,-3,-9,-3,-10,-5,-10,-5,-9,-2,-11,0,-11,0,-8,-2,-6,-2,-5,-3,-4,-6,-3,-8,-1,-11,0,-13,0,-12,-1,-11,-2,-14,-2,-17,-4,-17,-7,-13,-8"
36.02261185646057,329,"CSI,3820,128,83,49,21,0,-15,1,-10,0,-5,3,1,6,5,9,8,12,7,18,4,22,4,22,7,21,8,20,7,19,6,18,5,18,3,17,0,15,0,12,0,9,0,6,1,3,3,0,6,-1,7,-2,7,-4,7,-7,1,-2,0,0,0,0,0,0,0,0,0,0,0,0,0,0,0,0,0,0,-2,-1,-6,-4,-6,-5,-3,-8,-1,-8,0,-8,0,-8,0,-9,0,-10,0,-7,-1,-5,-5,-4,-7,-2,-8,2,-9,4,-11,3,-13,3,-12,2,-14,1,-19,4,-22,6,-22,6,-22,5,-24,5,-28,5,-29,6,-28,7"
36.085744857788086,330,"CSI,364,128,83,49,21,0,-2,9,-1,9,1,5,3,1,4,0,5,-1,5,0,2,-1,4,-1,9,0,12,1,14,1,12,1,9,0,5,0,4,0,3,0,4,0,4,-1,2,-1,1,-1,2,-4,3,-6,3,-6,3,-6,1,-2,0,0,0,0,0,0,0,0,0,0,0,0,0,0,0,0,0,0,-2,-1,-5,-2,-3,0,0,2,0,4,-3,5,-6,5,-6,4,-6,4,-6,7,-7,8,-9,9,-8,9,-7,5,-8,2,-4,2,0,2,0,2,0,5,3,10,6,13,6,12,5,11,5,13,4,15,4,15,4,16"
36.12642788887024,331,"CSI,3825,128,83,49,21,0,12,-8,6,-5,1,-4,1,-7,-2,-9,-8,-11,-11,-13,-9,-13,-9,-15,-12,-19,-12,-21,-11,-24,-10,-25,-9,-21,-7,-19,-4,-16,-3,-13,-5,-8,-6,-3,-5,-1,-4,0,-4,3,-6,4,-7,5,-6,4,-2,0,0,0,0,0,0,0,0,0,0,0,0,0,0,0,0,0,0,0,2,0,10,1,8,4,8,7,7,7,4,5,4,6,5,7,7,5,8,4,5,4,2,2,2,0,3,-1,3,-3,5,-5,9,-6,8,-9,6,-11,9,-12,15,-14,17,-14,19,-12,21,-8,22,-10,19,-13,16,-12"
36.394274950027466,332,"CSI,370,128,83,49,21,0,8,0,8,-1,5,-1,3,-2,1,-4,-1,-7,0,-4,2,1,1,-3,-1,-9,0,-10,-1,-9,-2,-9,-1,-8,1,-7,0,-7,-1,-7,-1,-8,-2,-9,-3,-6,-2,-4,-3,-4,-5,-5,-7,-4,-7,-2,-2,0,0,0,0,0,0,0,0,0,0,0,0,0,0,0,0,0,0,0,0,0,1,0,3,2,4,2,4,3,6,4,9,3,8,3,8,4,10,5,9,6,7,5,6,5,5,6,2,3,2,1,3,0,1,-2,-1,-2,2,-3,6,-7,8,-8,11,-6,12,-5,11,-5,11,-5,14,-3"
36.53795075416565,333,"CSI,3840,128,83,49,21,0,-13,-9,-10,-5,-8,-1,-7,2,-6,8,-4,13,-1,17,1,19,-2,19,-5,18,-6,21,-8,23,-11,22,-11,19,-9,17,-7,14,-6,10,-6,9,-4,8,-3,6,-2,3,2,0,5,-2,8,-4,9,-4,2,-1,0,0,0,0,0,0,0,0,0,0,0,0,0,0,0,0,0,0,1,-2,6,-7,9,-7,11,-7,10,-5,10,-3,8,-2,7,-2,7,-1,5,-2,4,-3,3,-4,-1,-6,-3,-5,-6,-7,-8,-11,-8,-12,-7,-10,-10,-12,-15,-15,-18,-15,-18,-16,-18,-17,-16,-19,-17,-20,-18,-21,-17,-19"
36.600809812545776,334,"CSI,379,128,83,49,21,0,1,4,1,4,2,2,5,0,5,-1,6,-1,3,-2,-2,-4,1,-5,8,-4,8,-2,8,-1,8,-4,7,-4,9,-1,9,-3,5,-6,2,-5,1,-2,-1,1,-3,-1,-4,-4,-5,-6,-5,-6,-4,-7,-1,-2,0,0,0,0,0,0,0,0,0,0,0,0,0,0,0,0,0,0,-2,-1,-4,-2,-3,-4,-3,-5,-5,-4,-7,-3,-7,-5,-3,-7,-2,-7,-5,-6,-6,-6,-6,-8,-6,-7,-5,-7,-3,-5,-2,-1,-2,2,-2,3,-1,3,0,3,-1,6,-1,10,1,13,1,13,-3,11,-6,12,-6,14"
36.640968799591064,335,"CSI,3845,128,83,49,21,0,-12,-14,-9,-9,-9,-1,-10,4,-12,5,-14,10,-14,12,-13,7,-17,6,-21,11,-22,13,-21,10,-21,8,-21,8,-18,7,-14,3,-12,-2,-10,-2,-6,0,-4,2,-3,2,1,4,4,6,3,6,2,8,0,2,0,0,0,0,0,0,0,0,0,0,0,0,0,0,0,0,0,0,0,-2,-1,-7,-1,-8,-1,-10,0,-11,1,-10,1,-10,0,-9,1,-10,1,-8,0,-4,-4,-4,-6,-5,-5,-4,-8,-5,-10,-9,-10,-9,-11,-7,-13,-9,-15,-12,-17,-13,-18,-15,-18,-19,-20,-21,-20,-22,-17,-20,-17,-16"
36.74050188064575,336,"CSI,3848,128,83,49,21,0,1,15,3,10,2,4,4,-1,8,-2,12,-3,14,-4,13,-2,16,-1,20,-5,21,-8,21,-6,20,-2,19,1,17,1,14,-1,12,-2,9,-1,6,0,4,0,1,0,-3,-1,-4,-4,-4,-7,-7,-8,-3,-2,0,0,0,0,0,0,0,0,0,0,0,0,0,0,0,0,0,0,-2,1,-7,4,-8,1,-9,-3,-9,-5,-8,-4,-9,-4,-9,-3,-9,-2,-7,-2,-7,-1,-7,-1,-5,0,-4,3,-5,7,-6,11,-5,11,-6,12,-5,17,-3,20,-4,21,-5,21,-4,23,-4,25,-4,24,-3,24,-6,24"
36.842947006225586,337,"CSI,3852,128,83,49,21,0,-14,-3,-9,-1,-5,4,-1,7,2,10,3,15,4,20,6,26,5,27,5,25,5,22,5,21,3,20,1,20,0,19,-3,17,-3,12,0,6,2,2,4,2,3,0,3,-2,5,-5,5,-7,4,-7,1,-2,0,0,0,0,0,0,0,0,0,0,0,0,0,0,0,0,0,0,-1,-2,-3,-7,-1,-9,2,-9,3,-7,3,-6,4,-6,3,-6,2,-5,2,-6,2,-7,-1,-5,-4,-2,-6,-2,-8,-2,-11,-2,-15,-3,-16,-3,-17,-3,-20,-3,-22,-3,-24,-3,-27,-4,-26,-5,-25,-8,-25,-7,-24,-3"
36.945236921310425,338,"CSI,3856,128,83,49,21,0,-12,1,-7,2,-3,5,-1,7,2,11,6,16,10,17,13,18,12,18,9,19,8,20,6,21,3,22,1,21,0,19,0,17,0,13,-1,8,-2,4,-1,1,3,-1,5,-2,6,-4,8,-6,10,-7,2,-2,0,0,0,0,0,0,0,0,0,0,0,0,0,0,0,0,0,0,-2,-3,-5,-9,-5,-10,-4,-10,-2,-12,0,-13,0,-11,-1,-8,-3,-9,-3,-9,-1,-6,2,-3,2,-1,-4,2,-5,3,-6,0,-11,0,-14,0,-17,-2,-21,0,-24,3,-25,4,-24,3,-26,3,-27,4,-23,4,-18,4"
37.04684782028198,339,"CSI,3860,128,83,49,21,0,13,0,8,-1,4,-6,1,-9,-1,-11,-2,-14,-5,-20,-7,-26,-7,-26,-7,-24,-7,-25,-4,-23,2,-20,5,-21,4,-20,3,-13,3,-8,3,-7,0,-6,-3,-4,-5,-2,-5,0,-5,0,-7,1,-11,2,-4,0,0,0,0,0,0,0,0,0,0,0,0,0,0,0,0,0,0,0,0,1,3,7,2,9,2,10,2,10,1,9,0,8,-1,8,-2,10,-2,10,-1,7,1,5,4,4,5,3,4,1,5,1,11,1,15,0,16,-2,19,-1,23,0,25,-1,24,-4,23,-5,23,-1,23,1,20,1"
37.15028786659241,340,"CSI,3864,128,83,49,21,0,2,-11,0,-9,0,-7,-4,-6,-12,-6,-15,-5,-18,-2,-24,0,-26,-1,-26,-4,-25,-6,-23,-7,-22,-8,-22,-9,-20,-9,-16,-7,-12,-6,-7,-6,-4,-5,-5,-2,-4,1,-3,4,-1,5,0,6,0,7,0,2,0,0,0,0,0,0,0,0,0,0,0,0,0,0,0,0,0,0,2,0,10,3,10,2,9,3,8,5,8,6,8,5,5,5,4,5,4,5,3,5,4,3,4,0,4,-3,6,-6,6,-8,6,-10,8,-12,9,-14,10,-15,10,-18,12,-19,13,-18,12,-19,12,-21,14,-20,12,-18"
37.25361609458923,341,"CSI,3869,128,83,49,21,0,5,-9,2,-6,0,-6,-5,-7,-10,-6,-12,-8,-12,-9,-12,-8,-13,-10,-14,-14,-17,-14,-19,-14,-17,-14,-13,-13,-11,-12,-10,-11,-8,-10,-5,-7,-5,-4,-5,-3,-4,-1,-3,2,-3,6,-4,7,-7,7,-3,1,0,0,0,0,0,0,0,0,0,0,0,0,0,0,0,0,0,0,2,1,9,4,6,5,5,6,6,6,5,6,4,6,5,8,6,9,6,7,3,5,3,3,5,1,6,-1,6,-3,5,-4,7,-6,10,-9,14,-13,15,-15,16,-17,18,-16,18,-15,16,-14,16,-14,17,-16,18,-14"
37.35429787635803,342,"CSI,3873,128,83,49,21,0,15,6,15,3,9,-1,4,-6,3,-12,3,-15,4,-20,7,-25,5,-26,1,-28,1,-29,3,-28,5,-25,7,-20,9,-17,11,-13,11,-10,7,-9,4,-7,1,-5,-2,-3,-2,-2,-4,-1,-6,1,-7,1,-2,0,0,0,0,0,0,0,0,0,0,0,0,0,0,0,0,0,0,0,-1,1,-2,8,-5,10,-7,11,-9,9,-9,8,-8,7,-5,5,-4,5,-5,6,-5,5,-5,3,-1,3,5,5,8,6,9,5,10,5,13,6,14,10,16,12,18,12,21,11,22,12,19,12,17,12,18,13,19,13"
37.458881855010986,343,"CSI,3876,128,83,49,21,0,5,-13,2,-12,0,-12,-3,-9,-10,-6,-17,-6,-18,-3,-18,1,-21,-2,-21,-9,-20,-13,-20,-13,-18,-11,-15,-11,-15,-13,-14,-13,-10,-11,-9,-9,-8,-4,-6,0,-3,1,-2,3,-4,5,-4,7,-4,8,-1,2,0,0,0,0,0,0,0,0,0,0,0,0,0,0,0,0,0,0,2,-2,9,-5,8,-4,10,-1,11,0,10,2,9,3,9,1,8,0,6,1,5,3,5,3,4,-1,4,-5,5,-8,4,-11,4,-13,5,-15,5,-16,5,-16,4,-18,4,-20,8,-19,11,-21,10,-25,10,-25,10,-22"
37.55962800979614,344,"CSI,3881,128,83,49,21,0,-17,3,-11,4,-5,3,0,1,6,3,11,5,13,12,14,18,16,16,20,11,21,10,21,11,20,13,19,14,16,14,12,13,8,10,6,7,4,4,3,1,4,-1,2,-3,-1,-4,-2,-6,0,-8,0,-2,0,0,0,0,0,0,0,0,0,0,0,0,0,0,0,0,0,0,-2,-2,-4,-8,-2,-8,0,-10,0,-11,0,-12,1,-11,1,-9,1,-7,2,-6,0,-6,-2,-5,-4,-1,-6,0,-7,-1,-9,-1,-13,1,-18,1,-22,1,-22,2,-20,5,-21,5,-26,5,-25,7,-24,8,-25,8,-25,6"
37.66320872306824,345,"CSI,3885,128,83,49,21,0,17,-7,13,-6,7,-7,0,-8,-8,-6,-15,-7,-14,-10,-10,-13,-13,-15,-17,-17,-17,-19,-15,-20,-13,-20,-11,-21,-7,-20,-6,-17,-6,-14,-6,-10,-5,-6,-5,-4,-5,0,-3,5,-1,8,-4,8,-6,8,-2,2,0,0,0,0,0,0,0,0,0,0,0,0,0,0,0,0,0,0,0,1,3,7,6,9,8,10,6,9,5,8,5,7,3,8,2,8,2,7,1,4,3,3,4,2,5,0,8,-2,11,-3,15,-4,15,-5,15,-8,16,-12,18,-13,19,-14,21,-13,24,-10,25,-9,24,-12,21,-14"
37.764622926712036,346,"CSI,3888,128,83,49,21,0,-18,-3,-14,-1,-12,2,-9,4,-1,6,4,13,5,15,6,13,5,17,3,24,2,24,1,24,1,24,2,20,3,17,2,16,0,13,0,7,0,3,2,2,3,-1,3,-4,3,-7,4,-9,7,-7,2,-2,0,0,0,0,0,0,0,0,0,0,0,0,0,0,0,0,0,0,1,-3,5,-11,5,-11,6,-10,7,-10,6,-8,6,-6,6,-6,5,-5,4,-6,4,-8,2,-9,-2,-7,-5,-7,-6,-9,-8,-7,-12,-7,-15,-8,-17,-7,-20,-7,-22,-7,-23,-6,-24,-6,-25,-7,-29,-7,-31,-8,-27,-11"
37.82970595359802,347,"CSI,427,128,83,49,21,0,-4,5,-5,4,-2,2,1,0,5,2,7,1,4,0,-1,2,3,0,10,-5,13,-6,11,-3,9,-1,9,-2,9,-2,8,-2,7,0,6,2,4,-1,1,-4,1,-5,0,-5,-2,-5,-1,-5,-2,-5,-1,-2,0,0,0,0,0,0,0,0,0,0,0,0,0,0,0,0,0,0,-2,0,-7,1,-8,2,-9,3,-9,4,-8,2,-9,1,-11,2,-10,0,-10,-2,-10,0,-10,-2,-9,-5,-9,-4,-8,-5,-5,-5,-3,-2,-2,1,0,3,1,6,0,7,-1,7,-1,7,-3,8,-5,9,-4,10,-1,12"
37.85760688781738,348,"CSI,3926,128,77,-47,20,0,-1,6,1,5,2,2,1,0,1,-3,3,-6,2,-3,-1,1,1,1,3,-4,5,-9,7,-11,7,-10,6,-8,7,-5,5,-4,3,-2,2,-2,1,-2,0,0,-1,0,-3,-2,-4,-3,-3,-3,-2,-4,-1,-1,0,0,0,0,0,0,0,0,0,0,0,0,0,0,0,0,0,0,-1,0,-3,2,-4,4,-5,3,-5,0,-6,1,-6,2,-7,1,-11,1,-14,1,-15,1,-13,0,-8,0,-6,-2,-8,-3,-8,-2,-6,0,-2,3,2,4,4,5,3,10,3,13,4,12,3,11,1,9,-1,8,-1,9"
37.88979697227478,349,"CSI,3892,128,83,49,21,0,15,-9,10,-7,5,-4,0,-6,-7,-8,-11,-9,-16,-13,-22,-15,-24,-14,-21,-14,-19,-16,-19,-16,-16,-16,-12,-17,-10,-16,-10,-14,-7,-12,-6,-10,-6,-6,-6,-2,-4,1,-3,1,-3,2,-3,6,-2,9,-1,2,0,0,0,0,0,0,0,0,0,0,0,0,0,0,0,0,0,0,1,1,6,7,6,6,5,7,4,8,2,9,0,11,0,10,3,8,3,7,0,4,0,1,2,0,4,2,5,1,5,-1,7,-4,11,-6,16,-9,18,-11,19,-13,20,-16,20,-17,22,-15,24,-14,26,-12,24,-10"
37.96943688392639,350,"CSI,3897,128,83,49,21,0,8,-11,4,-9,-2,-7,-7,-5,-12,-1,-16,0,-16,1,-17,4,-22,1,-27,-1,-27,-1,-26,-4,-25,-3,-24,-1,-21,-2,-17,-3,-12,-4,-10,-4,-10,-3,-6,0,-1,3,2,4,4,6,5,6,4,5,0,1,0,0,0,0,0,0,0,0,0,0,0,0,0,0,0,0,0,0,0,2,3,9,3,8,1,9,2,10,4,9,3,8,1,10,0,11,1,9,4,6,5,5,6,2,6,0,7,-2,8,-5,10,-8,12,-11,12,-13,12,-15,13,-17,17,-18,22,-18,22,-20,20,-24,20,-24,21,-20"
38.340643882751465,351,"CSI,447,128,83,49,21,0,-13,2,-10,0,-8,2,-6,4,-1,5,1,5,2,2,6,-2,8,-1,9,3,10,4,8,5,7,4,10,3,8,5,4,6,4,4,6,1,4,0,2,-2,1,-4,-1,-4,-1,-4,-1,-6,-1,-7,-1,-2,0,0,0,0,0,0,0,0,0,0,0,0,0,0,0,0,0,0,0,1,2,2,3,-2,4,-4,4,-3,4,-5,6,-8,8,-9,7,-9,6,-8,7,-6,6,-5,7,-6,7,-6,5,-6,3,-5,0,-2,-4,-1,-8,0,-10,-1,-9,-1,-11,0,-14,-2,-14,-3,-13,-2,-12,-1,-9,-1"
38.37885093688965,352,"CSI,3913,128,83,49,21,0,15,9,11,5,7,1,4,-4,4,-12,5,-18,8,-18,10,-15,11,-17,10,-21,11,-25,13,-25,15,-23,14,-19,12,-15,12,-12,10,-8,6,-6,2,-6,-2,-6,-5,-4,-5,-2,-6,-3,-7,-5,-8,-5,-3,-1,0,0,0,0,0,0,0,0,0,0,0,0,0,0,0,0,0,0,0,2,0,9,-3,8,-5,8,-6,8,-6,9,-6,10,-5,8,-5,5,-7,5,-6,6,-5,4,-2,3,1,2,3,2,5,3,8,7,12,9,15,10,17,10,18,12,20,14,22,14,24,13,24,14,21,15,18,13"
38.482887744903564,353,"CSI,3917,128,83,49,21,0,11,-10,6,-8,2,-7,-2,-7,-9,-8,-16,-8,-15,-9,-10,-13,-14,-17,-20,-20,-21,-20,-21,-20,-20,-20,-16,-18,-13,-16,-10,-13,-7,-12,-5,-8,-4,-4,-4,-2,-2,-1,-1,1,-1,2,-1,4,1,5,0,1,0,0,0,0,0,0,0,0,0,0,0,0,0,0,0,0,0,0,1,1,4,5,3,8,2,11,2,10,3,9,5,10,4,10,2,8,1,8,0,7,0,4,1,0,3,-2,6,-1,9,-3,10,-7,12,-9,17,-10,20,-11,19,-12,20,-12,22,-14,25,-15,27,-14,25,-13,22,-10"
38.58352088928223,354,"CSI,3921,128,83,49,21,0,12,-10,7,-5,1,-2,-6,1,-11,2,-15,1,-21,-3,-26,-5,-29,-2,-30,1,-29,1,-28,1,-27,-1,-25,-2,-24,-1,-21,-1,-16,-1,-9,1,-4,0,-3,-2,-2,1,2,4,6,5,7,7,9,9,2,2,0,0,0,0,0,0,0,0,0,0,0,0,0,0,0,0,0,0,1,1,5,7,2,11,0,12,0,12,0,11,-3,9,-4,8,-2,8,-2,7,0,8,1,6,2,3,3,3,4,1,6,-1,8,-3,10,-7,13,-11,15,-13,17,-15,20,-17,21,-18,21,-19,20,-22,20,-24,20,-21"
38.6868200302124,355,"CSI,3925,128,83,49,21,0,1,13,2,7,3,2,4,-4,6,-9,9,-15,10,-17,10,-15,12,-17,14,-22,14,-23,14,-21,12,-20,10,-18,11,-16,12,-13,10,-10,7,-6,6,-1,4,0,-1,0,-4,2,-4,1,-7,-1,-10,-1,-3,-1,0,0,0,0,0,0,0,0,0,0,0,0,0,0,0,0,0,0,-3,0,-9,1,-9,0,-10,-2,-11,-2,-10,-3,-10,-3,-11,-3,-11,-4,-9,-4,-6,-4,-4,-3,-3,0,-2,2,0,4,3,7,6,13,6,16,4,17,5,18,7,21,7,22,8,22,9,24,11,28,12,30,11,27"
38.74094200134277,356,"CSI,913,128,77,-47,20,0,-7,10,-3,9,-1,7,2,5,8,0,15,0,20,1,21,-3,21,-3,24,2,26,5,26,5,24,4,20,4,18,5,15,4,14,4,10,3,7,1,3,-2,-1,-5,-1,-5,0,-5,-2,-6,-4,-6,-2,-2,0,0,0,0,0,0,0,0,0,0,0,0,0,0,0,0,0,0,-2,-2,-6,-7,-5,-11,-3,-13,-4,-13,-7,-12,-7,-10,-3,-9,-3,-11,-4,-12,-1,-10,1,-9,-2,-7,-6,-3,-7,3,-6,7,-7,10,-10,14,-13,15,-15,17,-16,19,-18,19,-21,19,-22,17,-21,17,-20,17,-20,15"
38.789259910583496,357,"CSI,3929,128,83,49,21,0,-10,9,-4,8,2,6,6,4,11,6,16,7,19,8,22,11,27,11,28,8,27,8,26,9,24,10,20,12,17,14,14,12,8,8,2,5,2,3,5,1,4,-3,1,-6,0,-8,0,-11,-1,-12,-1,-3,0,0,0,0,0,0,0,0,0,0,0,0,0,0,0,0,0,0,-2,-2,-6,-7,-6,-7,-5,-9,-5,-10,-7,-8,-9,-7,-9,-10,-8,-10,-7,-6,-5,-5,-3,-6,0,-3,0,1,-4,4,-7,7,-6,10,-7,13,-10,13,-13,15,-16,17,-17,16,-19,16,-21,17,-22,19,-21,20,-20,18"
38.89033579826355,358,"CSI,3933,128,83,49,21,0,8,-12,2,-7,-3,-3,-5,-1,-7,3,-13,7,-17,6,-18,4,-20,4,-23,6,-26,7,-26,10,-26,10,-25,10,-22,11,-18,8,-12,3,-8,3,-6,2,-3,3,1,3,4,1,7,1,7,2,8,0,2,-1,0,0,0,0,0,0,0,0,0,0,0,0,0,0,0,0,0,0,0,0,2,3,2,7,2,10,1,9,0,9,0,10,0,11,0,10,0,9,0,8,1,5,2,2,1,0,2,-4,6,-7,8,-9,8,-11,10,-16,10,-19,11,-20,12,-21,13,-22,12,-23,14,-26,16,-25,14,-21"
38.95473885536194,359,"CSI,470,128,83,49,21,0,-9,-5,-5,-4,-4,-3,-5,-1,-6,1,-5,4,-4,2,-2,-1,0,2,3,4,4,6,3,9,5,9,5,9,2,9,1,10,-1,8,-1,6,0,5,2,3,2,0,2,-3,5,-5,5,-5,3,-5,0,-2,0,0,0,0,0,0,0,0,0,0,0,0,0,0,0,0,0,0,0,-1,1,-3,3,-3,5,-3,6,-2,8,-3,7,-3,7,-2,9,-2,11,-5,12,-7,11,-4,8,-2,6,-2,5,-3,6,-5,4,-6,1,-5,-3,-5,-6,-9,-6,-11,-6,-10,-6,-9,-7,-9,-9,-7,-9,-8,-7,-7"
39.15502381324768,360,"CSI,914,128,75,-79,20,0,1,-17,-1,-12,-4,-6,-5,-1,-7,5,-9,11,-12,17,-15,19,-17,19,-17,18,-18,15,-20,15,-20,16,-18,15,-18,13,-15,10,-8,8,-4,8,-3,6,-1,2,1,0,3,1,6,0,8,-2,10,-3,2,-1,0,0,0,0,0,0,0,0,0,0,0,0,0,0,0,0,0,0,1,1,6,5,6,7,6,8,7,8,5,8,2,7,1,7,1,7,1,9,0,10,-2,8,-2,5,0,1,1,-4,1,-9,2,-13,2,-16,4,-18,6,-21,4,-22,5,-23,7,-24,6,-23,6,-25,8,-28,8,-27"
39.18812108039856,361,"CSI,915,128,75,-79,20,0,-11,4,-8,6,-3,5,5,2,10,3,13,7,18,6,20,5,18,8,20,11,23,13,22,15,20,13,19,11,18,11,15,11,12,8,9,6,6,4,4,-1,3,-5,1,-7,-1,-8,-2,-9,-2,-11,-1,-3,0,0,0,0,0,0,0,0,0,0,0,0,0,0,0,0,0,0,0,-3,0,-9,1,-8,2,-9,3,-10,3,-10,3,-8,5,-10,5,-11,4,-10,4,-8,2,-8,0,-6,-1,-1,-3,2,-7,4,-11,6,-13,7,-16,8,-21,9,-22,10,-24,9,-30,9,-32,8,-30,6,-30,7,-31,10"
39.21816897392273,362,"CSI,3945,128,83,49,21,0,12,-3,7,-2,2,-3,-4,-3,-8,-5,-13,-8,-15,-12,-15,-16,-19,-16,-26,-15,-28,-16,-26,-17,-22,-15,-18,-15,-16,-14,-14,-12,-12,-7,-9,-4,-6,-3,-5,0,-3,3,-1,5,0,7,1,8,2,8,0,2,0,0,0,0,0,0,0,0,0,0,0,0,0,0,0,0,0,0,-1,1,-2,7,-4,9,-5,10,-6,8,-7,8,-8,8,-9,7,-7,6,-4,7,-3,7,-2,7,-3,6,-2,3,1,-1,5,-3,8,-4,11,-4,15,-4,21,-5,24,-6,26,-7,26,-6,29,-7,31,-8,29,-8,26,-7"
39.301198959350586,363,"CSI,3948,128,83,49,21,0,11,-9,7,-8,0,-4,-6,-1,-10,-1,-14,-1,-20,-3,-24,-7,-27,-6,-28,-1,-28,0,-28,-2,-28,-2,-25,-3,-22,-4,-18,-4,-14,-2,-9,0,-5,1,-4,2,-3,4,0,4,4,3,5,2,4,1,0,0,0,0,0,0,0,0,0,0,0,0,0,0,0,0,0,0,0,0,0,0,1,3,1,6,-2,9,-3,10,-2,9,-2,9,-3,9,-3,9,-2,8,-2,6,-4,4,-4,2,-1,-1,2,-5,3,-5,5,-6,8,-10,12,-14,14,-13,15,-11,18,-13,20,-16,20,-18,22,-20,22,-20,21,-17"
39.39953589439392,364,"CSI,916,128,77,-47,20,0,7,11,7,6,5,2,1,-5,-2,-12,-1,-14,-1,-18,-6,-26,-7,-28,-6,-26,-4,-24,-2,-26,0,-25,2,-22,1,-20,0,-17,2,-13,2,-8,-1,-4,-2,-2,-4,1,-5,4,-4,5,-6,8,-7,10,-2,2,0,0,0,0,0,0,0,0,0,0,0,0,0,0,0,0,0,0,-2,-1,-6,-2,-7,-2,-8,-1,-8,-1,-8,-4,-8,-6,-10,-6,-10,-6,-10,-7,-8,-7,-3,-6,-1,-2,1,3,2,6,3,8,5,12,5,15,7,16,10,17,12,19,13,20,13,22,12,24,14,24,18,24,17,27"
39.43027186393738,365,"CSI,3953,128,83,49,21,0,11,1,5,1,1,-2,-4,-5,-10,-8,-13,-10,-18,-12,-24,-12,-24,-11,-22,-12,-22,-15,-22,-17,-21,-16,-17,-15,-15,-14,-12,-12,-9,-8,-6,-6,-6,-4,-6,0,-3,3,-1,5,0,8,0,9,1,9,0,2,0,0,0,0,0,0,0,0,0,0,0,0,0,0,0,0,0,0,-2,1,-7,4,-7,3,-9,2,-10,3,-10,4,-10,4,-10,4,-11,5,-10,7,-9,4,-6,-1,-2,-3,2,-2,7,0,10,1,11,3,13,4,17,4,20,3,20,3,22,5,24,5,25,3,28,3,29,3,26,3"
39.46076488494873,366,"CSI,917,128,77,-47,20,0,-1,-14,-1,-10,-2,-3,-4,5,-5,9,-7,11,-12,13,-14,15,-18,15,-21,16,-21,17,-21,16,-20,16,-17,15,-15,12,-13,10,-11,7,-7,4,-2,4,0,3,2,3,3,1,6,-1,9,-2,9,-1,2,0,0,0,0,0,0,0,0,0,0,0,0,0,0,0,0,0,0,0,1,1,4,7,4,9,4,9,4,9,4,9,2,9,1,10,0,10,0,8,-2,7,-1,7,0,5,1,-1,2,-5,2,-9,4,-14,5,-18,7,-20,8,-19,10,-20,9,-23,7,-25,6,-28,7,-29,8,-27,5,-24"
39.609832763671875,367,"CSI,3960,128,83,49,21,0,4,12,4,5,3,0,1,-4,0,-13,0,-22,2,-23,8,-24,8,-29,4,-32,5,-30,7,-25,9,-24,8,-25,6,-23,6,-16,5,-10,3,-6,0,-6,-3,-5,-5,-3,-5,-1,-6,1,-7,2,-8,2,-2,0,0,0,0,0,0,0,0,0,0,0,0,0,0,0,0,0,0,0,-3,0,-9,3,-10,2,-13,-1,-14,-2,-14,-2,-14,-2,-14,-1,-13,-1,-10,-2,-7,-4,-5,-5,-3,-4,-2,0,-1,2,2,5,5,10,8,14,9,15,11,15,11,18,12,22,14,22,12,22,11,25,12,24,12,21"
39.634925842285156,368,"CSI,3932,128,77,-47,20,0,8,1,6,1,5,1,7,1,7,0,6,-1,5,-3,0,-6,-2,-4,5,0,9,3,10,7,9,7,8,6,6,7,5,7,4,7,3,6,1,5,0,4,1,3,3,2,5,1,6,2,5,4,1,1,0,0,0,0,0,0,0,0,0,0,0,0,0,0,0,0,0,0,1,-1,4,-3,2,-4,2,-4,5,-5,6,-5,5,-4,5,-3,7,-1,10,0,9,1,7,3,5,2,4,1,4,3,6,3,7,0,4,-3,2,-4,4,-4,6,-5,7,-5,10,-3,10,-2,10,-1,10,-1,10,-2"
39.668212890625,369,"CSI,918,128,77,-47,20,0,-6,12,-5,8,-1,2,5,-4,9,-7,13,-6,15,-10,16,-16,18,-16,21,-13,22,-13,23,-12,24,-9,21,-9,16,-9,12,-8,9,-6,9,-6,6,-7,2,-8,-2,-5,-4,-2,-6,-2,-9,-4,-12,-3,-4,-1,0,0,0,0,0,0,0,0,0,0,0,0,0,0,0,0,0,0,-1,-3,-1,-9,-1,-9,-2,-9,0,-12,2,-13,0,-12,0,-12,0,-11,0,-9,2,-9,3,-6,2,-2,-1,0,-4,2,-6,6,-8,8,-9,9,-11,11,-14,14,-15,17,-17,19,-20,19,-19,19,-17,22,-17,23,-18,21"
39.70140790939331,370,"CSI,919,128,77,-47,20,0,-16,-2,-12,-2,-6,2,0,5,4,8,8,15,14,19,18,17,17,17,14,19,12,21,12,22,11,20,10,17,9,14,7,13,4,11,4,8,4,3,4,-2,2,-2,1,-4,2,-7,3,-10,3,-11,1,-3,0,0,0,0,0,0,0,0,0,0,0,0,0,0,0,0,0,0,0,-2,3,-8,4,-7,6,-7,8,-7,10,-8,10,-9,10,-9,10,-6,8,-3,4,-3,3,-3,3,-1,0,1,-5,-1,-10,-4,-12,-5,-14,-4,-18,-5,-21,-7,-24,-7,-26,-8,-27,-10,-27,-9,-28,-7,-32,-8,-35,-11"
39.73215293884277,371,"CSI,3965,128,83,49,21,0,-7,15,-4,11,0,4,6,0,9,-3,15,-4,20,-7,21,-11,22,-10,24,-7,24,-3,23,1,22,1,21,-1,18,-2,14,-1,9,0,6,-1,5,-2,3,-3,1,-6,-2,-8,-4,-7,-5,-7,-8,-8,-3,-2,0,0,0,0,0,0,0,0,0,0,0,0,0,0,0,0,0,0,-4,-1,-13,-3,-13,-4,-12,-4,-11,-5,-9,-8,-7,-9,-5,-10,-4,-11,-5,-9,-6,-6,-5,-4,-2,-4,-2,-2,-4,3,-6,6,-5,9,-4,13,-6,16,-8,19,-10,22,-10,23,-10,25,-10,25,-11,24,-13,25,-13,26"
39.813594818115234,372,"CSI,3968,128,83,49,21,0,16,-2,13,-2,7,-3,0,-8,-6,-12,-11,-14,-16,-15,-21,-14,-21,-14,-18,-15,-15,-18,-13,-21,-12,-22,-10,-19,-9,-17,-8,-17,-6,-14,-5,-9,-5,-6,-4,-4,-4,0,-3,4,-4,6,-4,8,-1,10,0,2,0,0,0,0,0,0,0,0,0,0,0,0,0,0,0,0,0,0,1,1,4,5,3,9,1,12,1,13,-1,11,-3,9,-4,8,-3,7,-4,7,-4,6,-1,6,3,4,6,2,7,1,8,-1,9,-2,11,-2,13,-2,16,-4,21,-6,25,-5,27,-4,26,-4,25,-4,26,-3,26,-2"
39.87842774391174,373,"CSI,506,128,83,49,21,0,-1,-10,-1,-9,-1,-7,0,-5,-1,-5,-4,-5,-5,-2,-2,1,-2,-1,-6,-4,-10,-3,-12,-1,-10,-4,-7,-6,-7,-7,-9,-6,-9,-6,-6,-6,-3,-7,-4,-4,-4,-1,-2,0,-3,2,-6,4,-6,3,-2,0,0,0,0,0,0,0,0,0,0,0,0,0,0,0,0,0,0,0,0,-2,2,-6,0,-5,2,-5,3,-5,3,-5,5,-5,7,-5,8,-5,6,-4,6,-2,8,-3,9,-4,7,-4,6,-2,3,-3,0,-3,0,-2,0,-3,-1,-4,-3,-5,-4,-8,-5,-10,-4,-9,-5,-10,-5,-12,-2,-12"
39.91592288017273,374,"CSI,3973,128,83,49,21,0,-15,14,-8,8,-1,4,6,2,12,0,15,-1,21,0,25,4,27,3,27,0,26,0,27,2,26,3,24,4,21,6,17,7,12,8,8,6,3,2,2,-1,2,-2,0,-5,-3,-7,-3,-8,-4,-8,-1,-2,0,0,0,0,0,0,0,0,0,0,0,0,0,0,0,0,0,0,-3,-1,-8,-3,-7,-6,-7,-8,-6,-9,-4,-10,-3,-11,-4,-10,-5,-9,-4,-10,-3,-10,-6,-7,-7,-2,-5,2,-5,4,-6,6,-8,9,-11,11,-10,13,-10,14,-13,15,-14,16,-18,19,-21,21,-18,23,-15,23,-16,22"
39.96810579299927,375,"CSI,920,128,75,-79,20,0,7,-13,4,-10,1,-6,-1,-3,-7,-1,-14,0,-18,4,-21,11,-24,10,-26,3,-29,1,-30,3,-28,6,-26,6,-22,2,-17,-1,-11,-3,-6,-2,-3,1,-2,2,1,2,4,1,7,2,8,3,8,2,2,0,0,0,0,0,0,0,0,0,0,0,0,0,0,0,0,0,0,0,1,2,4,8,3,9,2,8,3,9,3,11,1,12,-1,11,0,10,1,7,-1,5,-2,3,1,1,3,0,5,-2,8,-5,11,-9,12,-12,11,-14,12,-14,14,-16,15,-20,14,-21,14,-21,18,-24,19,-25,15,-21"
40.00083780288696,376,"CSI,921,128,77,-47,20,0,14,-15,10,-10,4,-4,-2,-2,-9,0,-16,3,-22,0,-27,-3,-29,1,-27,5,-25,5,-28,4,-30,2,-26,1,-22,1,-18,0,-13,-2,-7,-2,-3,0,-1,3,2,5,5,4,7,4,8,6,9,8,2,2,0,0,0,0,0,0,0,0,0,0,0,0,0,0,0,0,0,0,1,2,4,8,4,7,4,9,3,10,3,9,2,10,1,10,0,10,2,8,2,7,2,6,2,2,2,-3,3,-6,6,-7,7,-8,7,-8,10,-10,15,-15,17,-17,17,-17,17,-17,16,-18,15,-21,15,-20,15,-17"
40.03407406806946,377,"CSI,3977,128,83,49,21,0,-18,-9,-11,-7,-4,-3,0,3,1,9,4,13,11,15,16,16,13,19,10,20,11,19,11,19,12,21,11,22,11,18,9,15,7,12,3,8,0,4,1,1,1,-2,0,-5,-2,-6,-4,-7,-4,-7,-1,-2,0,0,0,0,0,0,0,0,0,0,0,0,0,0,0,0,0,0,2,-1,9,-2,10,-2,12,-2,12,0,10,1,7,3,8,3,11,2,9,3,6,2,4,0,1,-2,-1,-5,-4,-4,-7,-4,-8,-7,-10,-10,-14,-12,-18,-12,-18,-13,-20,-16,-23,-18,-23,-18,-24,-18,-26,-18,-27,-18"
40.067333698272705,378,"CSI,922,128,77,-47,20,0,2,15,1,9,0,3,3,-3,5,-9,7,-14,8,-14,7,-13,11,-16,16,-20,16,-20,16,-19,16,-18,14,-16,14,-14,12,-10,9,-6,7,-6,4,-6,-1,-4,-5,-2,-6,1,-8,3,-12,4,-13,3,-4,0,0,0,0,0,0,0,0,0,0,0,0,0,0,0,0,0,0,0,-3,-1,-9,-2,-10,-5,-10,-7,-10,-7,-9,-7,-8,-8,-8,-8,-9,-7,-11,-5,-9,-5,-6,-5,-5,-4,-4,-1,-3,4,-4,8,-3,12,-2,14,-2,15,-2,19,-2,21,0,24,1,28,0,29,-1,30,-1,32,-1,31"
40.09099984169006,379,"CSI,515,128,83,49,21,0,2,10,3,9,5,6,6,3,4,1,5,-1,5,-4,0,-5,2,-2,8,2,10,2,11,2,11,3,11,3,11,4,9,5,6,6,3,5,1,4,2,2,2,-1,2,-4,1,-5,1,-5,2,-5,0,-2,0,0,0,0,0,0,0,0,0,0,0,0,0,0,0,0,0,0,-1,1,-1,4,1,4,0,4,1,3,2,1,3,3,4,8,3,11,1,10,-2,9,-4,9,-5,8,-4,7,-2,6,1,3,3,2,5,1,6,3,7,4,7,5,6,8,7,9,9,8,8,9,8,9,7,8"
40.223867893218994,380,"CSI,3984,128,83,49,21,0,-6,13,-5,7,-3,4,1,0,5,-5,10,-9,15,-10,16,-8,17,-9,19,-14,18,-16,18,-17,19,-15,16,-12,13,-12,13,-10,11,-7,8,-6,4,-3,0,-2,-3,-1,-7,1,-10,3,-10,4,-10,4,-3,0,0,0,0,0,0,0,0,0,0,0,0,0,0,0,0,0,0,0,0,-2,1,-7,1,-9,1,-12,1,-12,1,-12,3,-12,2,-11,1,-9,2,-9,2,-9,0,-5,-4,-2,-5,0,-4,1,-7,3,-10,7,-12,10,-13,11,-14,12,-14,15,-15,18,-14,20,-15,21,-17,22,-17,20,-17,18"
40.42707085609436,381,"CSI,3992,128,83,49,21,0,2,13,2,6,2,2,4,-1,4,-7,4,-14,8,-18,13,-23,13,-24,12,-21,13,-20,11,-22,11,-21,12,-16,11,-13,9,-11,7,-10,4,-7,0,-3,-3,-2,-4,-2,-6,1,-8,3,-10,2,-10,2,-3,0,0,0,0,0,0,0,0,0,0,0,0,0,0,0,0,0,0,0,-2,0,-7,1,-9,0,-10,-3,-10,-5,-10,-5,-11,-4,-11,-5,-9,-6,-8,-5,-9,-5,-10,-4,-6,1,-1,4,1,5,2,6,2,8,1,12,1,16,1,20,1,22,1,22,2,22,5,23,6,25,4,27,0,27"
40.5295946598053,382,"CSI,3996,128,83,49,21,0,3,13,3,7,3,3,2,-2,2,-9,5,-16,3,-18,-3,-20,-1,-21,2,-21,2,-23,2,-25,3,-23,3,-21,3,-18,2,-15,2,-11,1,-8,-1,-7,-4,-5,-5,-2,-5,0,-5,2,-5,3,-7,6,-2,1,0,0,0,0,0,0,0,0,0,0,0,0,0,0,0,0,0,0,-2,-1,-8,-2,-10,-3,-9,-4,-8,-3,-9,-4,-11,-5,-11,-5,-11,-5,-11,-6,-10,-5,-8,-3,-6,0,-4,2,-1,4,0,6,1,7,4,10,5,15,5,19,6,21,10,24,11,26,10,26,10,24,8,24,5,24"
40.631112813949585,383,"CSI,4001,128,83,49,21,0,8,-12,4,-9,0,-5,-4,-4,-9,-3,-13,0,-19,5,-25,6,-26,4,-25,2,-23,-1,-22,-3,-22,-5,-20,-7,-17,-5,-15,-4,-12,-3,-8,-2,-4,0,-2,2,-1,2,2,2,3,4,4,7,7,9,2,2,0,0,0,0,0,0,0,0,0,0,0,0,0,0,0,0,0,0,2,0,9,2,8,3,8,6,10,7,10,6,9,5,8,4,8,4,8,5,7,5,6,3,5,0,3,-2,2,-4,3,-7,4,-10,7,-14,9,-17,10,-17,11,-18,12,-22,13,-24,12,-25,12,-26,13,-25,10,-21"
40.735682010650635,384,"CSI,4004,128,83,49,21,0,-9,-14,-8,-10,-6,-3,-4,3,-3,10,-5,15,-2,18,3,21,2,21,-2,19,-4,21,-5,22,-6,21,-7,21,-7,21,-7,17,-5,12,-3,8,-3,4,-1,3,1,2,3,-1,5,-3,6,-1,7,0,2,-1,0,0,0,0,0,0,0,0,0,0,0,0,0,0,0,0,0,0,0,-2,3,-7,5,-5,7,-5,9,-7,11,-6,12,-5,10,-2,9,0,8,0,6,-1,5,-3,4,-5,1,-5,-3,-5,-8,-7,-10,-9,-11,-10,-13,-12,-14,-15,-15,-16,-17,-17,-17,-18,-17,-19,-18,-19,-18,-19,-16,-16"
40.798213720321655,385,"CSI,543,128,83,49,21,0,-10,2,-10,5,-7,7,-4,6,-4,5,-4,6,-4,4,-7,1,-5,5,-1,8,-2,6,-4,5,-4,7,-3,9,-4,8,-4,5,-4,4,-5,3,-5,2,-3,1,0,0,1,0,2,3,3,5,1,5,-1,1,0,0,0,0,0,0,0,0,0,0,0,0,0,0,0,0,0,0,0,-1,-2,-1,-5,1,-7,2,-8,3,-8,3,-8,2,-9,2,-9,1,-10,-1,-11,-2,-10,-2,-9,-4,-8,-5,-7,-3,-5,0,-4,2,-5,3,-6,4,-4,7,-4,9,-6,9,-10,9,-11,9,-13,7,-16,5,-16,6"
40.939103841781616,386,"CSI,4012,128,83,49,21,0,-9,-11,-5,-5,-4,0,-4,5,-1,11,0,15,-3,16,-6,19,-7,22,-5,22,-3,21,-2,21,-2,22,-3,21,-3,15,-3,11,-3,9,-1,6,0,3,2,2,4,0,5,-4,5,-6,5,-6,5,-7,1,-2,0,0,0,0,0,0,0,0,0,0,0,0,0,0,0,0,0,0,1,-1,6,-3,8,-2,9,-1,8,1,7,1,9,1,9,2,8,1,9,0,9,1,6,1,4,-1,3,-4,1,-5,-1,-7,-4,-8,-7,-11,-11,-15,-14,-18,-16,-21,-16,-23,-14,-21,-14,-21,-14,-22,-13,-21,-11,-20"
41.04124093055725,387,"CSI,4016,128,83,49,21,0,7,-11,4,-8,1,-6,-3,-2,-9,3,-15,7,-15,11,-12,15,-14,15,-20,14,-21,12,-19,10,-16,9,-16,10,-16,10,-14,9,-12,6,-8,6,-5,6,-3,2,0,-1,4,0,6,0,7,-1,9,-1,2,-1,0,0,0,0,0,0,0,0,0,0,0,0,0,0,0,0,0,0,0,1,-1,5,-2,5,-1,9,-1,11,-1,9,2,9,3,11,3,12,2,10,0,7,-1,7,1,4,4,1,6,-1,6,-4,5,-10,6,-12,7,-14,9,-19,9,-21,9,-21,11,-22,13,-24,12,-23,11,-21,11,-20"
41.1426260471344,388,"CSI,4020,128,83,49,21,0,1,-14,-3,-8,-7,-2,-8,0,-7,2,-8,5,-10,8,-12,13,-15,14,-19,12,-20,11,-21,10,-20,9,-19,7,-17,5,-14,4,-11,2,-7,1,-3,3,-1,2,1,0,3,0,5,1,7,1,10,4,3,1,0,0,0,0,0,0,0,0,0,0,0,0,0,0,0,0,0,0,1,-1,7,-1,9,0,8,0,6,1,7,4,10,4,9,4,6,4,5,3,5,2,4,2,3,1,2,-3,2,-7,0,-9,-2,-10,0,-11,1,-13,-1,-19,-1,-24,1,-25,2,-25,4,-26,5,-27,2,-24,1,-22"
41.347492933273315,389,"CSI,4029,128,83,49,21,0,10,10,7,7,4,1,3,-5,1,-10,1,-15,0,-19,-4,-19,-3,-19,1,-24,3,-26,6,-24,7,-22,7,-19,7,-17,7,-15,7,-11,4,-9,1,-8,-1,-4,-3,1,-6,3,-9,4,-10,4,-9,1,-2,0,0,0,0,0,0,0,0,0,0,0,0,0,0,0,0,0,0,0,0,1,0,4,-3,5,-7,7,-9,7,-9,7,-7,6,-7,4,-7,5,-7,5,-7,4,-8,4,-7,5,-2,4,5,2,8,3,9,3,11,3,13,5,17,8,21,11,21,13,19,13,19,13,19,15,20,15,23,12"
41.41298198699951,390,"CSI,566,128,83,49,21,0,-7,-4,-7,-4,-6,-3,-5,-2,-6,1,-5,3,-1,-1,1,-1,-1,2,-2,3,-3,5,-5,7,-5,8,-5,10,-6,8,-5,5,-3,4,-2,4,0,4,1,3,-1,3,-2,3,2,0,5,-1,6,0,1,0,0,0,0,0,0,0,0,0,0,0,0,0,0,0,0,0,0,0,1,-1,4,-2,3,-2,2,-2,4,-3,6,-2,5,-3,6,-5,8,-5,9,-5,9,-6,8,-6,6,-6,5,-5,3,-5,1,-5,-1,-3,-2,-2,-3,-5,-6,-5,-7,-3,-8,-6,-8,-9,-7,-10,-7,-11,-8,-12,-9,-12"
41.55371284484863,391,"CSI,4037,128,83,49,21,0,9,-8,4,-7,-2,-6,-7,-3,-9,-1,-15,-2,-17,-4,-16,-8,-22,-8,-27,-7,-26,-7,-25,-8,-24,-9,-22,-11,-18,-11,-15,-10,-11,-8,-7,-6,-4,-2,-4,2,-2,3,0,5,1,7,3,7,5,9,1,2,0,0,0,0,0,0,0,0,0,0,0,0,0,0,0,0,0,0,0,1,1,7,1,8,0,8,-2,7,-2,8,0,10,1,9,1,9,0,9,-2,6,-2,1,1,0,4,-2,6,-5,6,-5,8,-5,12,-7,14,-8,17,-11,19,-15,18,-15,17,-13,18,-14,20,-15,21,-16,21,-15"
41.618902921676636,392,"CSI,575,128,83,49,21,0,-8,-3,-9,-1,-6,-1,-5,0,-5,4,-4,4,-3,1,-2,-2,-4,1,-8,4,-9,4,-11,4,-11,5,-8,4,-8,4,-9,3,-7,3,-5,3,-5,2,-5,1,-4,0,-3,0,-2,0,-2,1,-1,1,0,0,0,0,0,0,0,0,0,0,0,0,0,0,0,0,0,0,0,0,0,-1,1,-5,1,-7,0,-6,-2,-6,-4,-6,-2,-7,-1,-7,-2,-8,-2,-8,-1,-8,-2,-7,-2,-7,-1,-8,-3,-6,-3,-3,-2,-4,-2,-2,-4,0,-5,1,-8,1,-10,-1,-11,-2,-13,-3,-13,-6,-11,-7,-12,-6"
41.757906913757324,393,"CSI,4045,128,83,49,21,0,-16,3,-10,3,-4,3,3,5,9,5,14,3,14,6,11,12,12,12,17,12,20,15,20,16,19,16,15,15,12,13,10,11,8,7,5,5,1,3,0,1,0,-2,-2,-6,-2,-9,-1,-10,-1,-9,-1,-3,0,0,0,0,0,0,0,0,0,0,0,0,0,0,0,0,0,0,0,-4,1,-14,2,-12,3,-9,3,-9,2,-10,3,-10,5,-10,5,-10,4,-9,4,-8,5,-6,2,-3,-1,-1,-5,0,-9,1,-10,0,-12,1,-15,3,-19,4,-21,6,-21,5,-22,5,-24,5,-24,5,-23,5,-23,7"
41.85952401161194,394,"CSI,4048,128,83,49,21,0,-9,-11,-8,-6,-4,-1,-2,3,-1,8,-1,12,2,15,6,20,5,22,1,21,0,21,0,21,0,21,0,19,-2,16,-3,14,-5,10,-4,7,0,3,2,-1,2,-4,1,-6,1,-6,2,-7,1,-11,0,-4,0,0,0,0,0,0,0,0,0,0,0,0,0,0,0,0,0,0,2,0,7,3,6,5,5,6,5,9,5,10,4,9,3,6,3,5,3,5,3,5,4,4,4,1,4,-2,1,-4,0,-8,1,-11,0,-13,-2,-14,-4,-16,-8,-19,-9,-21,-8,-24,-9,-24,-12,-23,-12,-25,-9,-27"
41.92271089553833,395,"CSI,587,128,83,49,21,0,7,-1,5,-1,7,-2,9,-4,8,-5,6,-5,3,-4,1,-4,2,-5,4,-5,5,-5,5,-6,5,-7,6,-9,7,-8,5,-5,5,-5,3,-3,1,-1,1,0,1,0,1,-1,-1,-3,-2,-3,-2,-2,-1,-1,0,0,0,0,0,0,0,0,0,0,0,0,0,0,0,0,0,0,1,0,4,1,4,2,4,1,5,2,5,3,5,2,4,3,6,5,8,5,7,4,6,4,5,6,3,6,3,3,3,2,1,1,1,-2,5,-4,8,-6,7,-5,9,-4,11,-4,11,-2,12,-2,12,-1,10,0"
41.96361804008484,396,"CSI,4052,128,83,49,21,0,12,-6,6,-4,0,-4,-2,-5,-6,-4,-12,-4,-16,-7,-19,-11,-24,-12,-27,-10,-24,-8,-21,-8,-20,-7,-19,-7,-16,-8,-13,-8,-11,-6,-6,-4,-4,-2,-1,1,2,4,4,4,5,4,6,5,5,7,1,2,0,0,0,0,0,0,0,0,0,0,0,0,0,0,0,0,0,0,-1,1,-3,5,-3,6,-4,7,-5,7,-5,5,-4,6,-5,8,-8,7,-8,6,-5,6,-3,5,-3,2,-1,-1,2,-2,4,-3,9,-3,12,-3,13,-3,17,-3,17,-6,16,-9,21,-10,24,-9,23,-8,22,-11,23,-11"
42.06471586227417,397,"CSI,4056,128,83,49,21,0,-12,-5,-6,-2,-1,3,3,8,6,10,8,11,10,12,8,13,7,15,9,18,10,20,9,20,7,18,4,17,3,16,3,14,3,9,2,3,2,0,2,-1,2,-3,3,-5,4,-6,3,-8,2,-11,0,-3,0,0,0,0,0,0,0,0,0,0,0,0,0,0,0,0,0,0,0,-2,4,-8,5,-8,6,-7,8,-4,8,-5,7,-6,7,-6,7,-7,5,-6,4,-4,3,-2,3,-1,1,-1,-3,0,-7,1,-10,1,-13,1,-17,-1,-21,-4,-24,-5,-26,-4,-26,-4,-24,-7,-23,-9,-24,-9,-26,-7"
42.16693592071533,398,"CSI,4061,128,83,49,21,0,-8,-14,-4,-9,-1,-3,1,2,3,9,2,14,0,19,1,26,4,26,5,23,5,20,6,20,6,19,3,18,0,17,-1,13,-2,8,-1,5,1,2,1,-3,-2,-4,-2,-4,-1,-6,-1,-8,0,-8,0,-2,0,0,0,0,0,0,0,0,0,0,0,0,0,0,0,0,0,0,1,1,6,5,6,5,6,7,5,8,6,7,7,6,5,6,3,7,4,8,5,7,5,4,4,0,2,-1,0,-3,-3,-9,-6,-14,-6,-15,-7,-15,-8,-17,-8,-19,-6,-21,-7,-20,-10,-20,-13,-22,-12,-21,-10,-19"
42.268656730651855,399,"CSI,4065,128,83,49,21,0,3,-12,2,-7,0,-4,-2,0,-7,6,-13,11,-12,12,-9,11,-12,9,-17,11,-17,13,-17,12,-18,12,-15,11,-14,10,-14,8,-12,4,-8,2,-4,1,1,1,5,1,9,1,8,-1,8,0,7,0,1,0,0,0,0,0,0,0,0,0,0,0,0,0,0,0,0,0,0,0,1,1,5,7,6,8,6,9,6,8,5,7,6,6,6,8,5,8,2,8,1,7,1,7,-1,4,0,-1,1,-4,1,-8,1,-12,2,-13,2,-16,4,-20,7,-22,8,-24,7,-27,7,-27,7,-26,4,-28,3,-28"
42.33246898651123,400,"CSI,602,128,83,49,21,0,-7,6,-6,7,-2,7,1,7,2,5,2,5,-1,4,-2,2,-1,5,-1,8,-1,9,1,10,2,9,2,7,1,8,1,9,0,9,-1,7,0,5,2,3,1,2,1,2,2,1,1,1,0,3,0,1,0,0,0,0,0,0,0,0,0,0,0,0,0,0,0,0,0,0,-1,0,-3,2,-4,3,-4,3,-6,1,-8,1,-8,4,-7,4,-7,2,-8,2,-7,0,-6,-2,-7,-1,-6,0,-3,0,-2,1,-2,2,0,2,0,4,-2,8,-5,9,-6,10,-5,12,-8,10,-12,5,-12,4,-10,6"
42.373745918273926,401,"CSI,4069,128,83,49,21,0,-9,9,-5,4,1,0,6,-3,12,-6,14,-9,14,-12,15,-17,17,-17,18,-13,19,-11,20,-10,20,-11,20,-10,18,-7,15,-7,11,-7,5,-4,1,-2,-1,-3,-3,-2,-5,-1,-7,-1,-9,0,-10,2,-3,0,0,0,0,0,0,0,0,0,0,0,0,0,0,0,0,0,0,0,0,-3,1,-11,2,-10,4,-10,4,-10,3,-9,1,-9,1,-8,1,-8,1,-9,0,-9,0,-8,1,-5,0,-1,-4,1,-7,3,-7,7,-6,12,-10,15,-16,17,-19,22,-19,22,-19,19,-20,20,-19,22,-18,24,-19,25"
42.474716901779175,402,"CSI,4072,128,83,49,21,0,4,8,1,4,1,-1,1,-6,0,-12,1,-19,3,-24,0,-27,-1,-26,1,-27,2,-27,1,-26,3,-24,6,-22,7,-19,6,-15,4,-12,1,-8,-1,-4,-2,-3,-3,0,-5,3,-3,6,-1,8,-2,8,-1,2,0,0,0,0,0,0,0,0,0,0,0,0,0,0,0,0,0,0,-2,-2,-4,-6,-3,-8,-4,-9,-5,-12,-5,-12,-4,-11,-2,-9,-2,-7,-4,-7,-3,-7,0,-7,1,-5,0,-1,1,1,1,6,0,13,-1,16,-2,18,-1,22,3,23,3,22,2,22,1,22,-1,24,0,25,2,23"
42.57889676094055,403,"CSI,4076,128,83,49,21,0,9,3,6,1,1,0,-3,-4,-8,-9,-12,-14,-13,-16,-13,-13,-13,-14,-16,-17,-17,-20,-16,-21,-16,-20,-16,-17,-12,-13,-9,-10,-8,-6,-5,-4,-3,-2,-3,1,0,4,2,7,1,7,0,8,2,9,0,2,0,0,0,0,0,0,0,0,0,0,0,0,0,0,0,0,0,0,-2,-1,-7,-4,-9,-4,-11,-4,-12,-5,-12,-4,-12,-3,-8,-4,-5,-5,-6,-4,-6,-5,-3,-5,-2,-1,-1,2,0,3,2,5,4,7,6,7,11,8,15,11,17,13,20,12,22,12,21,13,19,13,19,14,18,16"
42.78180694580078,404,"CSI,4084,128,83,49,21,0,-12,-13,-8,-10,-4,-4,1,1,4,5,7,10,9,13,7,14,8,18,10,22,10,23,9,23,9,22,7,19,5,17,5,14,5,10,3,4,1,2,1,0,1,-4,0,-6,-2,-7,-3,-10,-3,-12,-1,-3,0,0,0,0,0,0,0,0,0,0,0,0,0,0,0,0,0,0,2,1,8,3,8,4,9,5,8,5,7,5,7,6,7,6,6,6,6,4,5,3,5,3,4,2,0,0,-2,-2,-4,-5,-7,-11,-8,-13,-10,-13,-13,-15,-15,-18,-15,-20,-16,-21,-18,-21,-19,-20,-19,-18,-19,-17"
42.88686990737915,405,"CSI,4088,128,83,49,21,0,9,8,5,5,0,0,-2,-4,-4,-8,-9,-12,-15,-13,-20,-13,-18,-17,-13,-21,-13,-21,-14,-19,-15,-17,-13,-16,-12,-17,-9,-15,-5,-12,-4,-7,-3,-3,-3,-2,-3,2,-3,7,-1,10,-1,10,1,9,0,2,0,0,0,0,0,0,0,0,0,0,0,0,0,0,0,0,0,0,-3,-1,-9,-2,-10,-3,-12,-3,-12,-5,-11,-5,-11,-4,-10,-3,-9,-4,-9,-5,-9,-5,-8,-3,-6,0,-3,2,-1,3,2,4,7,7,11,9,12,10,12,12,14,15,19,18,19,18,16,17,15,17,16,17,17,16"
42.98565173149109,406,"CSI,4093,128,83,49,21,0,-3,-15,-3,-9,-2,0,-1,6,-1,11,0,15,1,20,2,26,2,28,0,27,-1,24,-1,24,0,24,2,22,2,19,0,16,-2,10,-2,3,1,1,3,1,2,-1,1,-4,3,-8,4,-10,6,-9,1,-2,0,0,0,0,0,0,0,0,0,0,0,0,0,0,0,0,0,0,1,1,4,5,3,6,2,8,1,10,2,9,4,9,4,8,3,8,3,7,4,6,4,6,3,5,1,2,1,-3,1,-7,0,-11,-1,-14,-3,-17,-4,-19,-4,-22,-5,-24,-7,-24,-9,-23,-11,-23,-9,-26,-8,-28"
43.0888249874115,407,"CSI,1,128,83,49,21,0,-14,-2,-9,-3,-4,-2,1,1,8,2,13,5,17,8,22,8,23,10,22,12,22,14,21,14,20,9,18,7,16,8,15,8,13,5,8,4,4,2,0,-1,-2,-4,-4,-4,-7,-4,-8,-5,-7,-7,-2,-2,0,0,0,0,0,0,0,0,0,0,0,0,0,0,0,0,0,0,1,0,7,2,7,4,8,5,9,5,9,5,9,3,10,3,9,4,5,4,5,3,6,2,1,-1,-3,-2,-3,-4,-3,-7,-6,-9,-10,-9,-14,-9,-14,-9,-15,-9,-19,-10,-24,-13,-24,-14,-25,-13,-26,-13,-24,-14"
43.12414884567261,408,"CSI,924,128,77,-47,20,0,7,12,4,2,1,-3,0,-6,0,-10,0,-13,-1,-14,-3,-15,0,-18,7,-23,10,-23,11,-22,10,-22,10,-20,10,-17,6,-16,5,-13,3,-7,-2,-3,-4,-1,-6,0,-6,2,-6,1,-7,2,-9,4,-3,1,0,0,0,0,0,0,0,0,0,0,0,0,0,0,0,0,0,0,-1,1,-6,5,-10,5,-12,2,-13,1,-11,0,-10,-3,-10,-5,-8,-6,-7,-5,-7,-4,-6,-3,-4,-2,-2,1,-1,4,1,8,4,10,8,10,10,12,10,17,10,19,12,18,15,18,16,22,16,25,19,22,19,17"
43.191027879714966,409,"CSI,4,128,83,49,21,0,-15,1,-8,0,-4,1,1,6,7,9,10,13,11,17,11,15,10,18,8,22,8,21,12,20,12,21,8,21,4,19,4,16,6,12,6,6,5,3,4,-1,4,-6,2,-6,0,-5,0,-7,1,-9,0,-3,0,0,0,0,0,0,0,0,0,0,0,0,0,0,0,0,0,0,0,-2,1,-8,2,-8,4,-9,6,-10,6,-11,7,-8,9,-6,7,-6,6,-4,5,-2,3,-2,1,-2,1,-1,-3,1,-7,1,-10,0,-13,-2,-16,-4,-20,-1,-24,1,-27,0,-28,-1,-26,-4,-27,-5,-29,-4,-29,-1"
43.29593896865845,410,"CSI,9,128,83,49,21,0,-3,16,-3,10,0,3,3,-2,4,-5,8,-9,12,-12,13,-11,16,-11,20,-14,21,-16,19,-16,19,-14,18,-11,17,-8,14,-8,9,-8,4,-7,1,-3,-1,0,-3,-2,-6,-2,-7,-1,-9,-2,-11,-2,-3,-1,0,0,0,0,0,0,0,0,0,0,0,0,0,0,0,0,0,0,-2,-1,-10,-5,-13,-6,-13,-7,-10,-7,-8,-9,-7,-10,-7,-9,-7,-7,-6,-5,-4,-4,-3,-2,-3,0,-1,3,-3,7,-4,11,-2,14,-2,16,-2,18,-1,19,0,18,-2,20,-6,23,-6,24,-2,26,-1,24,-2,23"
43.397501945495605,411,"CSI,13,128,83,49,21,0,15,-6,9,-6,1,-5,-4,-6,-8,-8,-12,-9,-15,-7,-18,-6,-20,-9,-20,-13,-19,-16,-19,-18,-20,-15,-17,-13,-12,-12,-9,-11,-8,-10,-5,-6,-2,-1,-3,2,-4,4,-3,4,-3,4,0,5,3,7,1,2,0,0,0,0,0,0,0,0,0,0,0,0,0,0,0,0,0,0,1,1,3,6,2,8,1,10,1,10,1,9,2,9,1,10,-1,9,-2,8,-2,6,-2,4,-3,1,-2,-1,2,-4,6,-7,11,-7,16,-8,16,-9,15,-9,19,-8,23,-11,24,-14,24,-15,24,-13,22,-13,18,-13"
43.499125957489014,412,"CSI,16,128,83,49,21,0,13,4,6,3,1,-3,-3,-9,-6,-12,-9,-13,-9,-16,-8,-21,-10,-25,-11,-26,-11,-26,-14,-24,-13,-23,-8,-20,-5,-18,-4,-14,-2,-10,-2,-6,-2,-2,-3,-2,-4,-1,-4,4,-4,8,-4,10,-3,12,-1,3,0,0,0,0,0,0,0,0,0,0,0,0,0,0,0,0,0,0,-2,0,-5,5,-7,7,-7,9,-7,10,-8,9,-9,7,-9,4,-9,2,-8,2,-5,1,-4,1,-1,0,2,1,5,-1,9,-2,11,1,11,5,13,5,16,5,19,7,22,6,24,7,24,6,24,1,25,0,26,2"
43.60169291496277,413,"CSI,20,128,83,49,21,0,-14,7,-7,2,-1,0,3,3,9,5,15,4,15,5,14,6,16,8,20,10,21,10,21,12,20,13,17,10,13,6,10,6,8,8,5,5,4,0,3,-3,1,-4,0,-5,-1,-7,0,-8,-1,-10,-1,-3,0,0,0,0,0,0,0,0,0,0,0,0,0,0,0,0,0,0,-2,-2,-6,-6,-4,-10,-3,-13,-2,-12,0,-11,2,-12,2,-12,2,-9,1,-7,-1,-7,-2,-7,-3,-3,-4,0,-7,-1,-8,1,-12,5,-16,7,-17,7,-16,6,-19,8,-21,11,-23,15,-24,16,-26,16,-26,15,-24,15"
43.80570888519287,414,"CSI,28,128,83,49,21,0,-11,3,-7,2,0,0,8,-1,13,1,14,1,18,3,23,8,27,7,27,3,25,4,24,4,23,4,20,4,17,6,15,6,13,4,9,1,3,-3,-1,-5,-1,-5,-2,-5,-4,-5,-5,-7,-7,-11,-2,-4,0,0,0,0,0,0,0,0,0,0,0,0,0,0,0,0,0,0,-1,-3,0,-10,2,-11,4,-10,6,-9,7,-10,6,-9,5,-9,6,-8,5,-8,2,-7,1,-7,1,-5,-2,-1,-7,1,-10,0,-12,1,-16,4,-18,5,-20,3,-24,2,-26,4,-23,6,-21,8,-23,10,-24,9,-23,6"
43.910515785217285,415,"CSI,32,128,83,49,21,0,10,-11,5,-9,1,-6,-5,-4,-11,-2,-16,1,-21,-1,-21,-7,-21,-7,-24,-5,-23,-6,-21,-7,-20,-8,-20,-9,-17,-8,-14,-6,-10,-5,-8,-3,-5,-1,-3,0,-1,2,0,4,2,6,3,8,4,9,1,2,0,0,0,0,0,0,0,0,0,0,0,0,0,0,0,0,0,0,1,1,6,5,8,8,7,8,5,7,6,7,5,8,2,9,2,9,3,8,2,8,1,6,1,0,3,-4,3,-6,4,-6,6,-8,8,-10,10,-11,13,-13,14,-15,13,-17,15,-18,19,-17,21,-15,20,-15,16,-18"
43.93985891342163,416,"CSI,925,128,77,-47,20,0,-4,-12,-5,-7,-2,-1,-1,5,-5,9,-6,10,-8,16,-11,25,-11,24,-13,18,-13,17,-13,18,-14,16,-15,15,-14,12,-12,10,-9,10,-5,9,-2,6,0,2,1,0,4,1,5,1,7,-2,9,-3,2,-1,0,0,0,0,0,0,0,0,0,0,0,0,0,0,0,0,0,0,2,-1,8,-2,9,0,12,2,12,4,10,6,10,6,10,6,8,7,3,6,1,3,1,2,2,1,2,-3,2,-5,1,-7,-2,-11,-3,-15,-3,-18,-3,-21,-1,-22,-2,-25,-4,-27,-5,-23,-6,-23,-6,-25,-9,-24"
44.01043701171875,417,"CSI,36,128,83,49,21,0,-16,0,-11,-2,-3,0,4,2,10,3,16,4,18,4,16,6,18,10,19,12,19,10,21,9,20,7,17,9,17,10,15,9,8,6,4,1,2,-1,0,-1,-1,-3,-3,-7,-4,-7,-5,-8,-6,-11,-2,-3,0,0,0,0,0,0,0,0,0,0,0,0,0,0,0,0,0,0,0,-2,0,-8,3,-9,4,-10,5,-9,8,-8,11,-7,11,-7,9,-8,7,-9,6,-6,3,-1,0,-1,-3,-3,-7,-2,-11,0,-14,1,-16,1,-16,0,-20,0,-26,2,-27,3,-24,4,-23,3,-26,1,-26,2,-24,4"
44.11409878730774,418,"CSI,41,128,83,49,21,0,-16,-5,-12,-3,-6,-1,2,4,8,10,8,13,7,20,9,28,12,27,12,22,12,21,11,21,9,20,9,20,8,19,6,15,2,10,-1,5,0,0,1,-1,1,-2,0,-4,0,-7,1,-11,2,-12,0,-3,0,0,0,0,0,0,0,0,0,0,0,0,0,0,0,0,0,0,1,-1,5,-5,6,-6,8,-6,9,-5,9,-5,9,-5,11,-5,12,-4,12,-4,9,-5,4,-3,1,-2,-1,-3,-5,-2,-7,-1,-10,-4,-13,-8,-14,-9,-18,-7,-23,-5,-25,-7,-23,-9,-23,-10,-25,-10,-26,-11,-23,-14"
44.21512699127197,419,"CSI,45,128,83,49,21,0,1,-12,-2,-8,-4,-4,-4,2,-4,7,-8,12,-9,14,-9,12,-12,13,-16,16,-18,15,-19,15,-17,15,-15,12,-14,11,-12,10,-9,7,-5,4,0,3,1,3,2,4,3,2,4,1,8,2,12,3,3,0,0,0,0,0,0,0,0,0,0,0,0,0,0,0,0,0,0,0,2,-1,10,-1,10,2,10,5,10,7,10,6,11,4,10,3,9,4,7,4,5,3,3,3,1,0,1,-4,-1,-5,-1,-6,0,-10,0,-14,0,-19,-1,-23,-2,-25,-2,-24,0,-26,0,-25,0,-25,0,-25,-1,-24"
44.31754684448242,420,"CSI,49,128,83,49,21,0,-14,-2,-11,0,-5,2,0,3,4,6,9,8,15,8,19,7,19,8,16,11,16,12,16,13,14,13,13,12,11,13,7,11,6,6,5,3,5,2,4,-1,3,-6,3,-7,3,-6,1,-8,-1,-11,-1,-3,0,0,0,0,0,0,0,0,0,0,0,0,0,0,0,0,0,0,-1,-3,-1,-9,0,-9,1,-10,4,-12,5,-11,5,-8,3,-7,1,-8,1,-9,1,-9,0,-6,-1,-2,-2,-2,-5,-1,-7,2,-9,4,-11,3,-16,3,-20,3,-21,1,-22,2,-23,4,-23,3,-24,0,-25,2,-24,5"
44.52429485321045,421,"CSI,57,128,83,49,21,0,-14,9,-10,3,-6,2,-1,2,5,1,11,0,16,1,19,5,24,5,26,5,26,6,26,4,24,5,21,7,18,7,15,6,10,3,5,1,2,-1,2,-4,0,-6,-3,-7,-3,-10,-3,-11,-3,-10,-1,-3,0,0,0,0,0,0,0,0,0,0,0,0,0,0,0,0,0,0,-2,-2,-7,-6,-7,-8,-6,-11,-4,-10,-1,-11,1,-12,0,-12,-2,-11,-4,-11,-3,-10,-1,-6,0,-4,-1,-3,-5,1,-8,5,-10,6,-12,7,-14,10,-15,15,-15,16,-15,14,-16,15,-19,18,-21,19,-20,20,-18,22"
44.62736678123474,422,"CSI,61,128,83,49,21,0,-12,7,-7,6,-1,5,5,3,10,2,14,3,14,2,13,0,15,3,19,7,20,7,21,6,21,7,16,6,11,5,9,6,8,5,4,2,1,0,-1,-2,-2,-4,-4,-6,-5,-7,-4,-9,-3,-10,-1,-3,0,0,0,0,0,0,0,0,0,0,0,0,0,0,0,0,0,0,-2,-3,-5,-9,-5,-8,-5,-9,-3,-10,-1,-10,-1,-9,-2,-9,-2,-8,-2,-7,-1,-7,-2,-7,0,-6,-1,-2,-5,1,-7,3,-8,4,-10,6,-11,9,-13,13,-16,13,-18,14,-20,15,-22,14,-22,15,-20,17,-18,17"
44.72921371459961,423,"CSI,65,128,83,49,21,0,4,-15,3,-11,3,-5,-1,0,-7,2,-10,5,-8,8,-5,10,-9,13,-15,17,-18,19,-20,16,-18,14,-15,14,-14,13,-12,10,-9,7,-6,3,-3,1,0,2,3,2,4,1,5,0,7,-1,10,-2,2,-1,0,0,0,0,0,0,0,0,0,0,0,0,0,0,0,0,0,0,0,1,2,6,4,8,4,8,2,7,1,8,2,8,3,8,3,8,2,10,2,10,3,6,2,2,2,0,5,-4,6,-9,7,-12,6,-14,3,-17,5,-18,6,-20,7,-23,8,-24,9,-26,8,-28,9,-27,11,-28"
44.82858371734619,424,"CSI,68,128,83,49,21,0,4,-13,1,-8,-1,-3,-3,0,-7,4,-11,8,-16,12,-21,16,-19,19,-15,20,-16,19,-17,17,-18,13,-20,7,-20,3,-15,2,-10,0,-5,0,-1,0,2,1,3,1,3,0,4,0,8,0,10,1,2,0,0,0,0,0,0,0,0,0,0,0,0,0,0,0,0,0,0,0,1,0,4,5,4,9,2,9,2,8,3,8,2,8,1,8,2,6,2,5,2,4,4,3,4,2,4,-2,6,-4,7,-6,4,-10,4,-14,5,-16,5,-17,7,-19,10,-21,10,-24,8,-27,8,-29,7,-26,6,-23"
45.03620195388794,425,"CSI,76,128,83,49,21,0,0,15,2,13,2,6,2,-3,2,-9,5,-15,10,-21,13,-24,11,-24,9,-23,9,-23,10,-22,13,-19,12,-18,10,-17,9,-13,7,-8,2,-6,-2,-4,-4,0,-4,2,-4,4,-7,6,-8,5,-9,2,-3,0,0,0,0,0,0,0,0,0,0,0,0,0,0,0,0,0,0,0,-1,-2,-3,-7,-4,-9,-4,-11,-3,-12,-3,-13,-4,-12,-1,-11,0,-9,-4,-8,-4,-8,-1,-7,0,-4,-3,-1,-7,2,-6,7,-5,10,-7,11,-9,14,-7,17,-4,21,-6,25,-8,27,-7,27,-8,26,-10,26,-9,24"
45.138890981674194,426,"CSI,80,128,83,49,21,0,-4,19,-1,11,3,0,7,-4,6,-5,5,-9,0,-11,-7,-13,0,-15,11,-14,15,-14,18,-15,21,-15,19,-13,16,-11,16,-8,13,-5,7,-5,2,-3,-2,0,-5,0,-5,-2,-5,-3,-7,-3,-9,-2,-3,-1,0,0,0,0,0,0,0,0,0,0,0,0,0,0,0,0,0,0,-3,-2,-9,-5,-10,-5,-11,-6,-12,-7,-11,-8,-9,-10,-9,-9,-9,-6,-8,-5,-5,-4,-4,-1,-5,0,-4,0,-5,3,-7,5,-8,9,-4,13,-1,14,-3,17,-3,22,-2,26,-6,28,-8,29,-8,28,-4,26,0,26"
45.269240856170654,427,"CSI,926,128,75,-79,20,0,13,0,8,-1,5,-3,-1,-5,-8,-6,-12,-9,-14,-11,-19,-9,-20,-10,-20,-16,-20,-18,-17,-18,-15,-17,-12,-16,-9,-14,-7,-11,-5,-9,-5,-7,-5,-3,-3,0,1,4,2,6,1,8,0,11,-2,13,-1,3,0,0,0,0,0,0,0,0,0,0,0,0,0,0,0,0,0,0,-2,1,-7,5,-7,6,-7,7,-8,5,-9,3,-9,2,-9,3,-8,4,-6,4,-5,4,-3,4,-1,3,2,3,6,2,7,1,9,1,14,3,17,4,19,4,22,3,25,4,26,4,28,4,31,5,31,6,31,4"
45.3028838634491,428,"CSI,718,128,83,49,21,0,6,-5,4,-5,4,-6,5,-6,6,-7,4,-7,2,-5,4,-3,3,-5,0,-10,-2,-11,-3,-11,-4,-14,-3,-14,-3,-10,-3,-7,-1,-7,0,-7,-2,-4,-3,-2,-3,-1,-5,0,-6,0,-6,0,-5,-1,-1,-1,0,0,0,0,0,0,0,0,0,0,0,0,0,0,0,0,0,0,0,1,0,4,0,3,2,3,1,4,-1,6,0,7,3,7,3,6,4,7,4,8,1,8,0,9,2,8,3,4,2,3,3,5,2,4,1,-2,4,-5,6,-4,8,-3,11,-3,16,-2,18,0,17,1,15,1"
45.34263277053833,429,"CSI,89,128,83,49,21,0,1,17,-1,14,-1,6,2,-1,4,-9,3,-15,6,-17,11,-18,9,-22,6,-26,5,-27,3,-27,5,-25,8,-21,9,-17,7,-13,5,-10,2,-5,-3,-2,-5,-3,-4,-1,-5,2,-7,4,-8,3,-9,4,-3,1,0,0,0,0,0,0,0,0,0,0,0,0,0,0,0,0,0,0,-2,-2,-6,-7,-7,-8,-8,-10,-7,-11,-8,-11,-9,-11,-7,-10,-6,-9,-6,-8,-6,-8,-6,-6,-5,-3,-3,0,-3,4,-1,9,0,12,-1,14,-1,15,0,18,-1,21,-1,23,0,24,1,23,2,24,2,24,2,24"
45.44505596160889,430,"CSI,92,128,83,49,21,0,-14,-15,-8,-8,-3,-1,0,4,2,10,3,15,2,18,3,17,2,18,3,22,4,25,6,26,6,25,5,22,2,18,-1,14,-2,11,-1,7,0,2,2,0,3,-1,5,-4,4,-6,4,-7,6,-8,1,-3,0,0,0,0,0,0,0,0,0,0,0,0,0,0,0,0,0,0,1,-2,8,-4,9,0,11,1,11,0,10,0,10,-1,11,-3,10,-1,8,2,5,2,3,0,2,-2,-1,-5,-2,-8,-3,-9,-7,-10,-10,-11,-12,-13,-12,-15,-12,-17,-14,-19,-19,-21,-21,-22,-22,-23,-21,-22,-20,-22"
45.548470973968506,431,"CSI,96,128,83,49,21,0,1,16,1,11,0,3,1,-2,4,-8,8,-14,11,-20,10,-24,11,-23,13,-21,15,-21,17,-20,19,-19,18,-16,17,-14,14,-12,8,-9,3,-6,1,-5,-1,-4,-3,-2,-7,-2,-9,-1,-10,0,-12,1,-4,0,0,0,0,0,0,0,0,0,0,0,0,0,0,0,0,0,0,0,-2,-1,-6,-3,-6,-3,-8,-5,-9,-7,-9,-10,-8,-11,-6,-11,-4,-11,-5,-9,-4,-7,-2,-5,-2,0,-4,4,-6,7,-4,11,-1,15,-3,15,-4,17,-4,19,-2,20,-1,24,-1,27,0,27,1,27,1,28,0,30"
45.65040302276611,432,"CSI,101,128,83,49,21,0,10,10,5,5,2,2,1,-3,0,-10,-1,-16,0,-23,1,-29,2,-29,4,-28,4,-28,5,-24,5,-21,4,-21,6,-19,6,-15,4,-12,2,-8,-2,-4,-3,-4,-5,-2,-8,0,-8,1,-8,3,-10,2,-3,0,0,0,0,0,0,0,0,0,0,0,0,0,0,0,0,0,0,0,-2,0,-9,3,-11,3,-14,2,-14,0,-12,-1,-11,-1,-9,-4,-10,-4,-8,-4,-5,-4,-4,-3,-3,-1,-1,1,1,6,2,10,5,11,8,14,9,16,9,17,9,18,9,18,11,19,14,21,16,21,17,21,17,18"
45.751771688461304,433,"CSI,104,128,83,49,21,0,13,0,11,-2,8,-4,1,-7,-5,-10,-9,-14,-9,-16,-5,-16,-5,-20,-8,-24,-10,-26,-11,-26,-9,-23,-7,-19,-6,-15,-4,-13,-4,-11,-4,-7,-4,-4,-5,-2,-4,1,-1,5,-2,7,-5,6,-9,4,-3,1,0,0,0,0,0,0,0,0,0,0,0,0,0,0,0,0,0,0,0,2,-1,9,-4,10,-6,10,-8,11,-8,11,-7,9,-7,8,-7,6,-7,5,-6,3,-4,2,-2,2,0,1,4,2,8,4,11,4,16,2,21,-1,23,-2,23,0,24,2,25,3,27,5,27,5,27,3,27,4"
45.85428190231323,434,"CSI,108,128,83,49,21,0,15,-2,6,-2,1,-5,-3,-6,-10,-6,-14,-8,-16,-14,-20,-19,-22,-19,-24,-18,-23,-16,-22,-15,-21,-13,-19,-12,-17,-10,-11,-8,-5,-5,-4,-4,-4,-1,-4,3,-2,6,0,7,2,9,0,9,-1,9,-1,2,0,0,0,0,0,0,0,0,0,0,0,0,0,0,0,0,0,0,-1,1,-3,7,-6,7,-7,7,-8,7,-9,6,-11,5,-11,5,-10,5,-8,3,-6,2,-4,2,-1,1,3,1,7,2,6,2,9,0,15,-2,19,1,21,3,22,2,25,2,27,0,29,0,30,1,28,1,26,2"
45.956971883773804,435,"CSI,112,128,83,49,21,0,-8,-11,-5,-4,-4,2,-6,5,-8,8,-8,13,-10,17,-15,16,-18,18,-17,21,-16,20,-17,17,-18,15,-17,14,-15,13,-12,10,-9,7,-6,7,-3,7,0,5,3,3,6,2,8,2,9,1,9,1,2,0,0,0,0,0,0,0,0,0,0,0,0,0,0,0,0,0,0,0,1,-1,7,-1,7,-1,9,0,12,1,13,1,11,1,11,1,10,-1,8,1,8,3,6,1,2,-1,1,-1,2,-2,0,-5,-3,-9,-5,-13,-6,-17,-7,-20,-7,-23,-8,-26,-9,-26,-10,-26,-11,-27,-10,-27,-8,-24"
46.05962800979614,436,"CSI,117,128,83,49,21,0,8,11,7,3,6,-3,4,-6,1,-12,1,-17,2,-17,4,-17,3,-21,2,-25,3,-25,3,-24,1,-25,3,-23,4,-19,2,-14,-2,-11,-3,-10,-3,-9,-2,-6,-3,-1,-5,3,-8,4,-9,5,-9,7,-2,1,0,0,0,0,0,0,0,0,0,0,0,0,0,0,0,0,0,0,-2,0,-8,1,-10,1,-13,-1,-12,-2,-10,-2,-11,-2,-13,-2,-13,-2,-12,-2,-10,-3,-6,-3,-3,0,0,4,3,5,6,5,7,8,8,11,8,12,10,13,11,16,11,17,12,19,11,22,11,24,12,24,11,25"
46.16251277923584,437,"CSI,121,128,83,49,21,0,9,-11,4,-10,-3,-7,-8,-6,-13,-4,-17,-3,-17,-4,-16,-6,-19,-10,-22,-10,-22,-11,-22,-12,-21,-11,-16,-13,-14,-14,-13,-11,-11,-8,-8,-5,-6,-3,-5,-2,-4,1,-3,6,-1,7,0,7,-2,8,-1,2,0,0,0,0,0,0,0,0,0,0,0,0,0,0,0,0,0,0,2,0,7,3,7,3,6,4,5,5,4,4,6,3,7,3,6,2,4,4,4,6,4,6,3,3,4,0,5,-4,3,-11,4,-16,7,-17,7,-17,10,-20,13,-22,14,-22,16,-22,17,-22,18,-22,17,-21,16,-20"
46.26448202133179,438,"CSI,124,128,83,49,21,0,-1,9,2,6,4,3,7,0,12,-1,15,-1,19,-5,26,-9,27,-8,25,-6,24,-6,21,-5,21,-3,21,0,19,2,13,3,9,2,7,0,3,-2,0,-4,-1,-4,-1,-5,-3,-7,-5,-7,-7,-7,-2,-2,0,0,0,0,0,0,0,0,0,0,0,0,0,0,0,0,0,0,-3,0,-10,-1,-11,-4,-10,-4,-9,-4,-9,-7,-7,-9,-7,-10,-8,-11,-6,-10,-6,-7,-5,-4,-3,-2,-3,2,-5,9,-7,13,-7,15,-6,17,-5,18,-6,18,-8,18,-9,20,-9,23,-9,24,-9,23,-8,24,-7,26"
46.367910861968994,439,"CSI,129,128,83,49,21,0,-5,12,-1,6,3,1,5,-2,9,-5,14,-7,16,-5,17,-4,22,-6,25,-9,24,-6,22,-4,20,-4,18,-3,16,-4,12,-7,8,-7,6,-7,4,-6,0,-5,-2,-5,-2,-6,-3,-6,-5,-6,-7,-7,-2,-2,0,0,0,0,0,0,0,0,0,0,0,0,0,0,0,0,0,0,-2,-1,-7,-3,-9,-4,-10,-7,-9,-8,-9,-9,-8,-10,-6,-9,-6,-8,-5,-9,-4,-9,-3,-7,-3,-2,-5,-1,-7,1,-6,6,-4,11,-5,13,-7,16,-7,20,-11,23,-14,25,-14,25,-14,24,-13,24,-12,25,-13,25"
46.46868872642517,440,"CSI,133,128,83,49,21,0,-7,-8,-7,-3,-7,2,-6,6,-2,11,0,15,-2,22,-5,31,-6,31,-7,26,-6,22,-6,22,-7,23,-8,21,-8,17,-6,13,-4,11,0,8,4,6,4,5,4,3,5,1,5,-1,5,-5,5,-9,1,-3,0,0,0,0,0,0,0,0,0,0,0,0,0,0,0,0,0,0,2,0,8,1,8,-1,8,-1,9,1,12,2,12,4,10,5,9,5,8,4,7,3,4,2,1,0,-1,-4,-2,-7,-4,-9,-7,-10,-7,-12,-7,-15,-10,-17,-13,-19,-12,-23,-12,-25,-12,-24,-12,-25,-11,-25,-11,-24"
46.675009965896606,441,"CSI,140,128,83,49,21,0,14,-5,7,-3,0,-6,-5,-10,-9,-11,-15,-11,-20,-16,-23,-22,-22,-23,-21,-20,-20,-19,-18,-17,-16,-16,-15,-17,-13,-16,-10,-14,-6,-9,-4,-7,-4,-4,-4,0,-5,2,-6,5,-5,8,-4,8,-3,7,-1,1,0,0,0,0,0,0,0,0,0,0,0,0,0,0,0,0,0,0,-1,1,-1,5,-2,7,-3,9,-4,10,-4,11,-4,12,-5,12,-7,10,-7,9,-5,8,-2,7,0,5,1,3,3,1,5,0,8,0,12,-3,16,-7,20,-8,23,-6,25,-3,25,-2,24,-4,25,-6,24,-7,22,-5"
46.776202917099,442,"CSI,144,128,83,49,21,0,-12,-5,-10,0,-7,5,-1,8,3,11,7,15,5,19,-2,21,1,22,8,23,9,23,7,25,7,23,7,21,6,20,2,16,0,12,1,8,2,3,3,-1,3,-3,1,-5,1,-6,3,-8,3,-9,0,-3,0,0,0,0,0,0,0,0,0,0,0,0,0,0,0,0,0,0,1,-1,7,-3,6,-3,8,-3,11,-3,12,-1,10,0,10,1,11,0,10,-1,8,-1,3,-1,0,0,-1,1,-4,1,-10,-4,-14,-9,-17,-10,-19,-10,-18,-13,-17,-15,-17,-17,-17,-20,-18,-19,-19,-16,-18,-12,-18,-8"
46.87755489349365,443,"CSI,149,128,83,49,21,0,-14,0,-9,2,-2,5,2,9,4,12,7,15,9,20,13,25,13,24,10,22,8,22,7,23,4,23,2,20,1,17,1,16,2,12,2,7,3,4,4,2,4,2,5,-1,5,-5,7,-6,8,-6,2,-2,0,0,0,0,0,0,0,0,0,0,0,0,0,0,0,0,0,0,0,-2,0,-7,0,-11,1,-11,3,-11,4,-12,5,-13,6,-11,4,-8,2,-7,2,-7,3,-4,2,0,-1,1,-4,3,-6,3,-9,1,-13,1,-17,0,-20,-1,-21,-3,-25,-2,-27,-1,-27,-2,-27,-4,-27,-4,-28,-2"
47.08471083641052,444,"CSI,156,128,83,49,21,0,-3,8,0,6,4,2,8,-4,11,-4,15,-4,16,-8,16,-12,20,-11,23,-8,25,-6,26,-4,25,-5,22,-4,19,-2,15,-3,11,-3,6,-2,3,-4,0,-5,-2,-6,-3,-7,-5,-7,-7,-8,-7,-9,-2,-2,0,0,0,0,0,0,0,0,0,0,0,0,0,0,0,0,0,0,-1,-2,-4,-5,-5,-6,-6,-8,-6,-9,-6,-8,-5,-8,-4,-7,-4,-8,-3,-9,-4,-9,-3,-6,-1,-4,-1,0,-3,4,-5,8,-5,11,-7,13,-9,16,-11,19,-13,20,-12,19,-12,21,-13,23,-11,22,-10,23,-11,25"
47.14579486846924,445,"CSI,791,128,83,49,21,0,10,0,10,0,7,-1,3,-2,2,-2,4,-3,5,-3,5,-1,4,-6,2,-10,2,-10,3,-10,3,-10,4,-10,4,-9,5,-8,7,-6,6,-4,3,-3,1,-3,0,-2,-1,-3,-4,-6,-5,-8,-3,-8,-1,-2,0,0,0,0,0,0,0,0,0,0,0,0,0,0,0,0,0,0,0,0,2,2,2,3,2,3,4,2,4,2,4,3,2,4,0,4,1,5,2,7,2,8,2,7,2,4,2,0,3,-2,3,0,4,0,6,-1,7,-3,8,-3,10,-3,12,-5,13,-3,14,-1,14,-1,13,-1"
47.18737196922302,446,"CSI,161,128,83,49,21,0,-9,8,-6,5,0,3,5,5,9,8,14,6,17,7,16,13,19,14,23,11,23,10,21,12,19,12,17,12,15,12,13,11,10,7,6,3,3,0,2,-3,1,-4,0,-4,-1,-7,-3,-9,-4,-7,-2,-2,0,0,0,0,0,0,0,0,0,0,0,0,0,0,0,0,0,0,-2,-2,-6,-6,-8,-8,-9,-8,-8,-8,-5,-9,-4,-9,-5,-8,-5,-9,-3,-11,-1,-9,-2,-4,-4,1,-6,4,-7,5,-7,7,-9,11,-11,12,-10,12,-13,14,-17,16,-19,17,-19,18,-19,17,-19,17,-18,18,-17,19"
47.21775794029236,447,"CSI,928,128,101,80,6,0,-11,7,-5,6,0,7,5,7,10,7,15,6,18,8,18,13,21,13,22,10,21,11,21,13,20,14,18,15,14,12,11,8,9,5,7,1,3,-2,3,-4,3,-5,2,-6,1,-7,0,-10,1,-12,0,-3,0,0,0,0,0,0,0,0,0,0,0,0,0,0,0,0,0,0,-2,-2,-6,-6,-7,-7,-6,-7,-6,-8,-6,-11,-5,-12,-1,-11,2,-10,0,-7,-1,-6,0,-4,0,-2,0,0,-3,3,-6,6,-9,8,-11,9,-11,12,-13,14,-15,15,-17,18,-18,17,-21,15,-24,17,-24,19,-22,17"
47.391528844833374,448,"CSI,169,128,83,49,21,0,11,-3,8,-5,4,-4,-2,-7,-7,-10,-12,-10,-14,-12,-14,-19,-17,-20,-20,-18,-20,-16,-18,-15,-15,-15,-12,-15,-9,-13,-8,-12,-8,-11,-7,-7,-5,-2,-5,2,-3,5,-2,7,-1,7,-1,7,-2,9,-1,2,0,0,0,0,0,0,0,0,0,0,0,0,0,0,0,0,0,0,-1,2,-5,8,-5,8,-6,9,-6,8,-7,7,-7,8,-9,8,-9,5,-7,4,-6,5,-6,4,-4,3,0,1,4,-1,7,-1,9,-2,13,-2,18,-4,22,-4,23,-3,24,-3,27,-4,28,-3,28,-3,28,-3,25,-2"
47.49276900291443,449,"CSI,172,128,83,49,21,0,11,12,9,6,7,2,8,-3,8,-9,9,-16,9,-18,5,-18,4,-19,9,-20,13,-20,14,-20,15,-20,15,-17,12,-13,10,-9,8,-7,6,-6,0,-5,-5,-3,-6,-4,-6,-4,-6,-2,-8,-2,-11,-2,-3,-1,0,0,0,0,0,0,0,0,0,0,0,0,0,0,0,0,0,0,-2,0,-6,4,-8,4,-10,4,-11,4,-11,4,-10,2,-9,1,-8,1,-7,0,-5,-1,-4,-2,-2,0,1,2,3,4,5,8,7,10,8,10,11,13,12,16,12,17,15,19,17,20,17,20,18,21,17,25,17,27"
47.595333099365234,450,"CSI,177,128,83,49,21,0,12,10,8,5,4,-1,3,-6,3,-8,5,-13,8,-17,9,-18,12,-19,16,-23,17,-24,17,-23,16,-21,15,-17,12,-14,9,-13,5,-10,1,-7,-1,-6,-1,-6,-3,-3,-7,-1,-9,-1,-10,-1,-10,0,-3,0,0,0,0,0,0,0,0,0,0,0,0,0,0,0,0,0,0,0,-2,1,-8,5,-10,4,-12,3,-12,2,-11,1,-11,2,-10,2,-8,0,-6,0,-7,2,-7,3,-3,3,0,3,3,3,8,7,9,11,6,13,7,13,9,12,11,14,13,18,13,22,13,23,13,22,12,22,12,26"
47.65594482421875,451,"CSI,810,128,83,49,21,0,5,9,5,9,3,6,2,3,3,4,6,2,4,2,0,2,2,0,5,-2,9,-2,11,-2,10,-1,10,0,11,-1,9,-1,6,2,4,2,2,1,0,-2,0,-3,1,-4,1,-5,2,-6,3,-7,0,-2,0,0,0,0,0,0,0,0,0,0,0,0,0,0,0,0,0,0,-1,0,-1,3,0,4,-1,4,0,4,3,4,3,8,1,10,1,8,1,7,1,9,0,9,-1,5,0,1,0,3,-1,6,0,4,3,2,2,-1,3,0,8,3,11,4,10,2,7,2,10,6,14,8,14,7"
47.6954448223114,452,"CSI,180,128,83,49,21,0,2,-13,-1,-8,-7,-3,-9,1,-9,4,-13,5,-15,7,-15,9,-19,7,-22,6,-22,6,-22,5,-21,2,-17,2,-14,3,-13,3,-10,1,-6,0,-3,2,-3,2,-2,1,1,2,4,4,7,6,9,9,2,2,0,0,0,0,0,0,0,0,0,0,0,0,0,0,0,0,0,0,1,0,3,2,4,2,7,3,8,4,7,4,7,5,7,7,6,8,8,7,9,6,6,2,2,-1,2,-3,3,-5,2,-9,0,-12,-1,-14,1,-15,1,-16,1,-18,4,-21,6,-24,5,-25,4,-26,2,-26,3,-28"
47.799800872802734,453,"CSI,184,128,83,49,21,0,15,-1,11,-2,5,-3,-1,-6,-4,-11,-5,-13,-8,-18,-11,-25,-12,-26,-12,-23,-10,-22,-8,-22,-8,-23,-6,-21,-4,-18,-3,-14,-1,-9,-2,-5,-4,-4,-4,-1,-4,0,-4,0,-3,1,-4,5,-8,5,-3,1,0,0,0,0,0,0,0,0,0,0,0,0,0,0,0,0,0,0,-1,2,-2,9,-1,9,-3,7,-4,6,-3,7,-3,7,-5,6,-6,7,-4,7,-4,5,-5,5,-2,5,1,3,4,1,8,0,13,1,15,3,16,3,18,4,21,4,23,3,23,1,22,-1,24,-2,26,2,26,4"
47.892942905426025,454,"CSI,929,128,77,-47,20,0,14,-4,9,-5,4,-5,1,-5,-3,-9,-9,-12,-8,-14,-3,-15,-7,-15,-14,-18,-17,-19,-17,-17,-15,-15,-13,-16,-12,-15,-12,-10,-11,-6,-8,-5,-5,-3,-3,2,-4,4,-3,3,-1,5,0,7,0,8,0,2,0,0,0,0,0,0,0,0,0,0,0,0,0,0,0,0,0,0,-1,1,-5,7,-8,7,-11,7,-12,7,-11,7,-10,6,-8,5,-7,4,-9,3,-9,2,-6,0,-1,0,1,1,2,1,6,1,12,3,15,5,16,6,17,5,18,6,20,5,21,4,22,4,24,3,25,3,23,5"
47.923532009124756,455,"CSI,189,128,83,49,21,0,-12,0,-5,3,0,6,3,6,6,7,11,7,13,7,13,9,16,13,20,14,19,13,18,12,17,9,16,7,14,7,10,7,6,5,4,2,4,0,2,-1,-2,-3,-3,-4,-3,-7,-5,-9,-6,-11,-2,-3,0,0,0,0,0,0,0,0,0,0,0,0,0,0,0,0,0,0,1,-3,6,-9,7,-7,7,-8,9,-7,9,-6,8,-6,10,-6,9,-4,4,-2,2,-2,2,-2,1,-1,-2,-2,-7,-4,-11,-5,-13,-4,-15,-4,-18,-4,-20,-2,-22,-3,-22,-2,-25,-1,-28,-2,-28,-3,-27,-5,-27,-6"
47.953558921813965,456,"CSI,930,128,77,-47,20,0,5,11,5,6,5,0,6,-6,8,-11,10,-15,12,-16,16,-14,18,-16,17,-20,17,-20,17,-18,16,-15,17,-12,15,-10,9,-8,5,-6,5,-4,4,-4,2,-4,-2,-3,-6,-4,-9,-4,-10,-5,-10,-5,-3,-2,0,0,0,0,0,0,0,0,0,0,0,0,0,0,0,0,0,0,-2,1,-8,5,-9,7,-11,6,-12,4,-12,1,-12,0,-12,2,-11,1,-10,0,-9,1,-7,3,-5,4,0,4,3,6,3,9,4,11,8,14,9,18,10,19,12,18,13,18,11,19,8,21,7,22,8,23,9,23"
48.004143953323364,457,"CSI,193,128,83,49,21,0,8,2,5,1,3,-1,0,-6,-2,-12,-3,-16,-3,-16,-1,-16,-1,-20,-1,-23,-3,-22,-4,-24,-4,-25,-3,-23,-1,-17,-1,-13,0,-10,0,-7,-1,-3,-2,0,-3,3,-5,5,-6,4,-5,4,-7,6,-2,1,0,0,0,0,0,0,0,0,0,0,0,0,0,0,0,0,0,0,-2,1,-8,6,-8,6,-8,6,-9,6,-9,6,-8,5,-9,4,-9,3,-6,2,-3,2,-1,3,-1,5,2,6,5,5,6,6,8,6,10,7,13,8,17,6,22,7,24,10,23,10,22,11,22,11,21,13,23,15"
48.10535287857056,458,"CSI,196,128,83,49,21,0,1,-12,-2,-7,-4,-3,-4,1,-6,4,-11,7,-14,7,-14,6,-18,7,-20,9,-20,12,-21,15,-20,14,-17,8,-14,6,-13,6,-10,4,-6,3,-3,4,-2,2,0,0,4,0,7,0,9,0,9,3,2,1,0,0,0,0,0,0,0,0,0,0,0,0,0,0,0,0,0,0,2,0,7,3,6,3,6,4,6,5,5,5,5,5,2,5,0,6,2,8,4,7,1,5,-1,3,0,-2,3,-9,5,-11,5,-16,4,-19,3,-18,4,-20,5,-23,5,-25,4,-26,2,-27,-1,-27,1,-26,5,-25"
48.21130108833313,459,"CSI,200,128,83,49,21,0,12,-5,6,-2,0,-2,-5,-5,-10,-9,-14,-12,-18,-15,-23,-20,-24,-19,-22,-15,-18,-15,-15,-15,-14,-16,-14,-16,-13,-13,-10,-11,-8,-9,-7,-6,-7,-2,-7,0,-6,3,-5,5,-3,6,-1,8,-3,10,-1,2,0,0,0,0,0,0,0,0,0,0,0,0,0,0,0,0,0,0,-1,0,-1,4,-2,6,-4,8,-2,9,-2,8,-5,7,-5,9,-4,10,-5,8,-6,4,-3,-1,1,-2,3,-1,5,-1,9,-3,12,-5,14,-4,17,-3,20,-4,21,-6,22,-5,23,-4,24,-6,26,-7,24,-6,23,-6"
48.31322169303894,460,"CSI,205,128,83,49,21,0,-1,12,0,9,1,4,5,-1,9,-4,13,-6,15,-6,14,-4,17,-5,23,-10,24,-10,22,-6,21,-5,20,-3,17,0,15,-1,12,-4,8,-4,5,-4,0,-4,-3,-3,-6,-5,-7,-9,-5,-9,-4,-11,-1,-3,0,0,0,0,0,0,0,0,0,0,0,0,0,0,0,0,0,0,-3,-1,-10,-2,-11,-5,-10,-7,-9,-6,-9,-6,-10,-5,-10,-5,-8,-6,-5,-6,-4,-4,-4,-3,-3,-1,-3,3,-2,7,-2,9,-5,11,-7,14,-8,18,-8,20,-7,21,-8,22,-8,24,-9,25,-8,24,-7,22,-7,19"
48.51664876937866,461,"CSI,212,128,83,49,21,0,0,-13,-3,-8,-7,-3,-10,1,-11,5,-12,8,-12,7,-11,5,-17,5,-22,7,-22,7,-22,11,-22,11,-20,7,-17,2,-14,1,-11,2,-6,2,-3,2,-3,3,-1,2,5,1,7,3,7,7,7,8,1,2,0,0,0,0,0,0,0,0,0,0,0,0,0,0,0,0,0,0,1,0,7,1,9,0,11,0,12,0,11,-1,9,0,7,2,7,1,8,-1,10,-1,8,0,1,-2,-2,-5,-1,-7,-3,-7,-3,-11,-2,-17,-4,-20,-4,-20,-1,-21,-1,-24,-3,-25,-4,-25,-3,-25,-1,-26,-1,-27"
48.72358274459839,462,"CSI,221,128,83,49,21,0,-13,-3,-10,-1,-7,3,-7,8,-6,12,-5,15,-9,17,-15,20,-17,24,-15,23,-11,22,-9,24,-11,24,-12,18,-10,14,-9,11,-9,8,-5,7,-2,5,-2,4,2,2,6,1,8,2,8,4,9,5,2,1,0,0,0,0,0,0,0,0,0,0,0,0,0,0,0,0,0,0,-2,-2,-4,-9,-3,-9,-4,-11,-3,-12,-1,-14,0,-14,1,-13,2,-11,2,-10,2,-9,-1,-7,-4,-6,-5,-5,-7,-4,-9,-3,-12,-4,-16,-4,-20,-2,-23,-2,-25,-3,-25,-4,-26,-6,-27,-8,-28,-11,-28,-10,-26,-7"
48.92842483520508,463,"CSI,228,128,83,49,21,0,-1,-15,-4,-10,-6,-6,-9,-5,-12,-4,-17,-3,-20,-3,-17,-5,-17,-7,-23,-6,-26,-6,-25,-8,-21,-9,-18,-9,-16,-10,-13,-10,-10,-7,-7,-4,-5,-1,-5,2,-5,4,-4,4,-5,5,-5,7,-6,9,-2,2,0,0,0,0,0,0,0,0,0,0,0,0,0,0,0,0,0,0,1,-3,6,-9,7,-9,10,-8,11,-7,9,-6,8,-6,8,-3,9,-1,9,-2,9,-3,7,-3,4,-5,1,-7,-3,-9,-3,-11,-1,-13,-4,-17,-6,-20,-3,-21,-2,-23,0,-25,2,-25,1,-26,0,-29,0,-27,0,-23"
49.02782678604126,464,"CSI,233,128,83,49,21,0,3,-13,2,-8,-1,-6,-6,-3,-13,1,-18,3,-21,2,-27,-1,-30,0,-27,3,-26,4,-25,5,-23,4,-23,2,-21,-1,-16,-3,-12,-4,-8,0,-4,5,-1,6,2,3,4,3,5,5,5,8,5,10,1,2,0,0,0,0,0,0,0,0,0,0,0,0,0,0,0,0,0,0,1,1,7,4,6,5,6,8,6,9,4,9,2,9,4,8,7,7,6,8,3,5,3,0,5,-1,4,-1,3,-5,5,-9,8,-12,7,-15,8,-17,11,-19,12,-21,12,-23,12,-24,11,-24,10,-23,11,-22,12,-21"
49.23366975784302,465,"CSI,241,128,83,49,21,0,10,12,8,8,4,1,3,-6,6,-10,7,-15,9,-14,15,-10,17,-14,16,-21,16,-20,16,-17,18,-14,18,-13,16,-13,12,-11,7,-7,3,-4,1,-3,0,-2,-2,-3,-5,-5,-8,-7,-9,-8,-6,-7,-2,-2,0,0,0,0,0,0,0,0,0,0,0,0,0,0,0,0,0,0,-1,2,-3,8,-6,8,-7,8,-7,8,-10,8,-11,7,-8,7,-7,6,-7,3,-5,1,-3,1,-2,2,-1,1,2,2,5,6,9,10,10,12,11,14,13,15,14,14,14,14,15,15,16,17,17,18,17,18,16,17"
49.439406871795654,466,"CSI,249,128,83,49,21,0,-3,-19,-3,-14,-3,-7,-5,-1,-10,5,-12,8,-18,12,-26,15,-26,18,-21,18,-20,15,-21,13,-20,11,-19,8,-19,6,-17,4,-12,3,-7,4,-3,5,1,3,4,2,6,2,7,4,8,6,10,4,2,0,0,0,0,0,0,0,0,0,0,0,0,0,0,0,0,0,0,0,1,-1,7,-3,9,-3,11,-2,11,-1,12,-1,11,1,8,3,6,3,5,1,6,1,5,-1,0,-4,-2,-8,-1,-11,-1,-16,-4,-20,-6,-20,-4,-18,-4,-18,-5,-22,-5,-26,-2,-24,-2,-23,-4,-26,-3,-28,-1,-25"
49.541555881500244,467,"CSI,252,128,83,49,21,0,15,-10,9,-7,2,-5,-4,-6,-5,-9,-6,-15,-9,-17,-13,-13,-13,-12,-11,-17,-11,-21,-12,-24,-12,-22,-9,-19,-5,-18,-2,-17,-2,-11,-1,-5,-1,-2,-2,0,-3,2,-5,3,-7,6,-10,8,-11,7,-3,1,0,0,0,0,0,0,0,0,0,0,0,0,0,0,0,0,0,0,1,1,7,6,7,5,7,7,8,9,5,8,3,8,4,10,4,10,3,6,3,4,3,6,2,3,3,-2,8,-4,11,-6,14,-9,14,-9,15,-8,17,-10,19,-12,20,-10,21,-8,24,-10,25,-10,24,-9,22,-9"
49.64547395706177,468,"CSI,257,128,83,49,21,0,-13,-6,-12,-2,-9,2,-5,8,-3,12,-2,15,-4,16,-8,14,-10,18,-10,22,-8,21,-7,20,-9,21,-9,18,-10,14,-10,11,-8,9,-3,7,1,5,2,3,3,0,6,-1,10,0,11,0,11,0,2,0,0,0,0,0,0,0,0,0,0,0,0,0,0,0,0,0,0,0,-1,-3,-1,-11,1,-10,3,-10,5,-13,6,-13,6,-9,6,-7,4,-7,3,-7,5,-6,3,-5,-1,-4,-6,-3,-11,-3,-16,-4,-19,-6,-18,-7,-19,-8,-22,-9,-23,-9,-23,-10,-23,-12,-23,-11,-24,-11,-24,-12,-20,-11"
49.735649824142456,469,"CSI,931,128,77,-47,20,0,8,-14,6,-11,0,-8,-6,-6,-10,-5,-13,-8,-17,-7,-19,-3,-19,-4,-19,-6,-20,-9,-18,-12,-16,-13,-17,-11,-17,-9,-14,-8,-7,-6,-4,-4,-4,-1,-3,2,-1,3,0,5,0,7,0,9,-2,12,-1,3,0,0,0,0,0,0,0,0,0,0,0,0,0,0,0,0,0,0,2,0,8,3,6,7,7,9,7,10,5,11,4,10,4,8,5,7,6,9,7,7,5,4,4,1,4,-4,3,-7,5,-10,8,-12,8,-10,11,-10,15,-13,16,-15,16,-16,19,-17,21,-18,21,-20,19,-20,15,-18"
49.766305923461914,470,"CSI,261,128,83,49,21,0,-6,10,-2,6,1,6,4,5,9,3,15,3,17,3,16,-1,16,-1,18,3,19,5,20,7,20,9,16,8,14,6,13,5,10,3,7,-1,6,-1,3,-1,0,-5,0,-9,0,-9,-1,-8,-1,-10,0,-3,0,0,0,0,0,0,0,0,0,0,0,0,0,0,0,0,0,0,-2,0,-9,1,-11,-1,-12,-4,-12,-7,-11,-9,-10,-8,-10,-6,-9,-8,-8,-7,-8,-4,-7,-2,-7,-1,-5,2,-4,5,-5,8,-6,12,-6,15,-9,15,-12,16,-11,20,-10,22,-13,20,-13,18,-12,18,-14,19,-14,21"
49.798120737075806,471,"CSI,932,128,77,-47,20,0,-5,-18,-5,-11,-6,-4,-8,-1,-10,1,-11,4,-16,7,-23,6,-25,7,-22,9,-20,7,-20,6,-19,6,-19,4,-16,2,-13,1,-10,1,-7,2,-4,-1,-2,-2,1,1,3,3,3,4,4,6,7,8,1,2,0,0,0,0,0,0,0,0,0,0,0,0,0,0,0,0,0,0,1,-3,6,-8,7,-5,8,-3,8,-3,8,-5,9,-5,10,-3,10,-3,10,-3,8,-2,6,-1,4,-2,2,-3,-1,-7,-5,-12,-6,-15,-5,-15,-5,-17,-5,-21,-4,-25,-5,-26,-6,-26,-6,-26,-7,-27,-9,-27,-9,-26"
49.8474657535553,472,"CSI,264,128,83,49,21,0,12,8,7,1,6,-3,5,-6,4,-10,4,-14,4,-16,1,-18,2,-21,7,-21,8,-21,7,-21,8,-20,9,-17,9,-15,10,-13,9,-9,5,-6,-2,-3,-5,-1,-7,-1,-8,0,-10,0,-11,-1,-10,0,-3,0,0,0,0,0,0,0,0,0,0,0,0,0,0,0,0,0,0,0,-2,2,-7,9,-6,7,-7,7,-10,7,-10,6,-8,5,-7,6,-6,6,-7,5,-7,4,-4,4,-1,3,1,4,4,5,6,7,9,10,13,10,14,8,14,8,15,13,16,15,16,16,17,17,17,17,18,18,16,16"
50.053043842315674,473,"CSI,272,128,83,49,21,0,-12,3,-7,3,-3,4,-1,4,1,7,7,11,12,13,15,16,14,16,12,16,11,17,11,19,10,19,7,18,5,17,4,13,2,8,1,4,2,1,3,-1,4,-2,5,-5,8,-8,10,-8,11,-7,2,-2,0,0,0,0,0,0,0,0,0,0,0,0,0,0,0,0,0,0,-2,-3,-7,-9,-6,-8,-6,-10,-7,-13,-6,-14,-5,-12,-4,-10,-3,-9,-2,-9,-3,-9,-6,-6,-6,-3,-7,-1,-9,2,-11,4,-13,4,-13,4,-15,5,-19,6,-21,7,-21,8,-21,8,-23,6,-23,6,-22,8,-20,6"
50.155980825424194,474,"CSI,276,128,83,49,21,0,6,-12,4,-8,-1,-4,-6,0,-10,0,-17,-1,-22,-4,-22,-11,-22,-12,-23,-9,-24,-9,-25,-8,-22,-9,-17,-11,-13,-11,-8,-9,-6,-7,-5,-5,-2,-3,1,-1,0,3,0,6,-1,6,-3,7,-4,10,-1,2,0,0,0,0,0,0,0,0,0,0,0,0,0,0,0,0,0,0,1,-2,6,-3,8,0,10,2,11,3,11,4,10,5,10,5,7,5,4,6,2,4,3,1,4,-1,5,-4,7,-7,7,-10,8,-11,8,-14,9,-16,11,-17,13,-17,12,-19,11,-21,10,-21,12,-22,10,-24,5,-24"
50.35946273803711,475,"CSI,285,128,83,49,21,0,7,8,6,5,5,-2,6,-8,8,-8,9,-9,12,-9,14,-5,18,-8,21,-14,18,-15,16,-13,17,-11,17,-10,14,-9,10,-6,8,-3,5,-3,3,-4,1,-3,-2,-2,-6,-5,-8,-7,-7,-8,-6,-8,-2,-2,0,0,0,0,0,0,0,0,0,0,0,0,0,0,0,0,0,0,-1,2,-4,8,-5,7,-7,6,-9,6,-11,6,-10,5,-8,5,-8,6,-7,5,-7,1,-6,0,-3,3,-1,5,2,6,6,10,9,14,11,16,9,17,7,17,10,19,12,20,8,21,9,21,10,21,10,21,11,20"
50.46240186691284,476,"CSI,289,128,83,49,21,0,6,-11,0,-8,-4,-5,-7,-2,-12,-2,-15,-4,-15,-5,-12,-7,-15,-9,-23,-11,-24,-11,-21,-10,-19,-9,-18,-9,-15,-7,-11,-5,-7,-4,-3,0,-1,4,-1,5,-2,6,-3,6,-1,6,1,6,3,6,0,1,0,0,0,0,0,0,0,0,0,0,0,0,0,0,0,0,0,0,2,0,8,2,7,3,8,5,8,6,7,5,6,4,7,5,5,7,4,7,4,3,2,0,1,-2,3,-6,5,-8,6,-8,7,-10,9,-13,10,-15,12,-16,14,-18,13,-21,17,-19,19,-18,18,-18,18,-17,17,-16"
50.56485390663147,477,"CSI,293,128,83,49,21,0,7,7,6,3,4,-1,0,-4,-4,-7,-7,-14,-9,-20,-11,-26,-11,-27,-9,-27,-8,-24,-6,-22,-4,-21,-3,-19,0,-15,1,-12,0,-9,-2,-4,-3,-1,-3,1,-3,4,-4,6,-6,7,-8,8,-8,9,-2,2,0,0,0,0,0,0,0,0,0,0,0,0,0,0,0,0,0,0,-3,0,-10,2,-10,4,-12,4,-13,3,-13,2,-11,2,-10,2,-9,1,-7,-1,-4,0,-1,1,0,2,2,3,5,6,6,8,8,11,9,14,10,16,11,18,10,18,12,17,14,16,17,16,20,17,19,14,17,11"
50.667314767837524,478,"CSI,297,128,83,49,21,0,8,-4,3,-3,-1,-5,-7,-6,-12,-6,-15,-5,-18,-3,-19,0,-19,-2,-21,-5,-21,-7,-20,-9,-21,-10,-20,-9,-16,-9,-11,-9,-8,-6,-5,-2,-3,1,-2,2,-1,3,0,4,0,6,0,8,1,11,0,3,0,0,0,0,0,0,0,0,0,0,0,0,0,0,0,0,0,0,1,1,3,8,1,9,0,10,0,11,-1,12,-2,10,-2,9,-2,9,-1,9,0,6,0,3,2,2,5,-1,6,-5,7,-7,10,-8,17,-9,21,-9,21,-10,19,-12,19,-13,20,-11,22,-11,22,-12,17,-9,12,-8"
50.77025294303894,479,"CSI,301,128,83,49,21,0,3,11,5,6,8,-1,7,-5,8,-8,10,-14,12,-15,16,-11,20,-11,20,-13,19,-16,18,-16,16,-13,14,-11,13,-10,11,-8,7,-5,3,-3,0,-4,-4,-5,-5,-4,-7,-4,-10,-4,-11,-4,-9,-6,-2,-2,0,0,0,0,0,0,0,0,0,0,0,0,0,0,0,0,0,0,-2,1,-8,3,-9,1,-10,1,-11,1,-11,-1,-10,-3,-11,-4,-11,-5,-10,-5,-8,-4,-5,-2,-4,-1,-3,1,2,5,5,9,5,12,2,15,2,15,3,15,3,18,4,22,5,24,4,24,1,22,2,18,5,15"
50.97471570968628,480,"CSI,308,128,83,49,21,0,-10,10,-2,9,2,7,4,6,7,5,14,5,15,4,13,3,14,6,15,10,16,11,18,14,17,14,13,11,9,9,6,8,5,7,4,3,3,0,3,-3,4,-4,4,-5,2,-7,3,-9,5,-9,1,-3,0,0,0,0,0,0,0,0,0,0,0,0,0,0,0,0,0,0,-3,-1,-11,-3,-10,-3,-10,-4,-10,-5,-10,-6,-8,-6,-5,-8,-5,-12,-5,-9,-6,-4,-5,-4,-4,1,-4,4,-5,7,-6,10,-7,11,-7,13,-9,17,-14,17,-15,17,-14,18,-15,17,-17,16,-17,16,-15,16,-14,15"
51.07804894447327,481,"CSI,313,128,83,49,21,0,-9,-10,-8,-4,-8,1,-6,6,-4,10,-4,12,-7,17,-9,24,-8,27,-8,24,-8,22,-8,21,-7,20,-6,17,-6,14,-6,10,-5,6,-2,4,1,3,4,1,6,0,6,-3,7,-4,7,-3,8,-2,2,-1,0,0,0,0,0,0,0,0,0,0,0,0,0,0,0,0,0,0,1,-1,5,-2,8,-3,11,-3,11,-3,8,-3,8,-2,11,-1,12,0,9,2,5,3,1,1,-1,-2,-2,-3,-4,-5,-6,-9,-9,-15,-10,-19,-10,-20,-11,-21,-14,-23,-16,-23,-15,-25,-13,-25,-13,-22,-13,-21,-11,-21"
51.178982734680176,482,"CSI,317,128,83,49,21,0,2,9,2,6,3,3,8,-3,11,-7,13,-10,17,-10,22,-9,24,-11,25,-11,22,-10,21,-9,19,-6,18,-2,16,1,12,2,9,0,6,-4,3,-5,0,-5,-1,-5,-2,-8,-4,-10,-6,-10,-7,-10,-2,-3,0,0,0,0,0,0,0,0,0,0,0,0,0,0,0,0,0,0,-3,2,-9,8,-9,6,-9,4,-10,0,-11,-2,-11,-3,-11,-2,-11,-2,-8,-2,-5,-1,-3,0,-2,3,0,5,2,6,2,7,0,13,-1,17,0,20,1,21,0,22,0,22,-1,24,-4,27,-3,27,0,23,3,20"
51.38505482673645,483,"CSI,325,128,83,49,21,0,8,-8,6,-9,1,-8,-5,-5,-12,-6,-17,-10,-19,-12,-23,-13,-24,-12,-22,-12,-19,-13,-18,-12,-18,-12,-16,-11,-11,-10,-7,-9,-6,-8,-7,-3,-6,1,-5,1,-3,3,-2,5,-1,8,-4,10,-6,9,-2,2,0,0,0,0,0,0,0,0,0,0,0,0,0,0,0,0,0,0,1,1,6,5,7,6,9,7,10,7,10,6,8,6,4,7,-1,8,0,7,1,6,2,3,3,0,4,-2,6,-5,8,-7,10,-10,9,-12,9,-12,13,-13,17,-15,18,-16,17,-17,17,-15,19,-14,19,-13,16,-11"
51.486811876297,484,"CSI,329,128,83,49,21,0,3,12,4,7,5,1,8,-5,11,-10,12,-12,13,-11,15,-8,18,-9,19,-13,19,-14,17,-13,15,-11,12,-10,10,-9,9,-8,7,-6,5,-5,1,-5,-3,-5,-5,-4,-5,-4,-6,-2,-8,-1,-11,-1,-3,-1,0,0,0,0,0,0,0,0,0,0,0,0,0,0,0,0,0,0,-3,0,-10,1,-10,0,-12,0,-13,0,-12,-1,-11,-3,-10,-6,-7,-4,-6,2,-5,3,-3,0,-3,1,-3,5,-2,8,-1,10,1,11,2,17,0,22,-2,22,1,23,4,25,3,24,3,22,4,23,2,23,-2,22"
51.58843374252319,485,"CSI,332,128,83,49,21,0,12,0,7,0,1,-6,-4,-9,-7,-9,-12,-11,-12,-15,-9,-15,-11,-16,-15,-18,-16,-18,-15,-18,-15,-18,-15,-17,-13,-13,-11,-10,-8,-7,-5,-5,-5,-2,-7,1,-6,2,-2,4,1,7,0,10,0,11,0,2,0,0,0,0,0,0,0,0,0,0,0,0,0,0,0,0,0,0,-2,2,-6,8,-5,8,-7,8,-9,8,-9,8,-9,8,-9,6,-8,5,-6,2,-4,1,-2,3,-1,3,2,2,6,2,10,1,12,1,12,3,14,4,19,5,21,5,23,3,25,1,25,1,28,3,26,5,21,4"
51.692245960235596,486,"CSI,337,128,83,49,21,0,-7,4,-1,6,4,5,6,3,12,2,17,3,18,-1,18,-7,20,-4,21,2,21,4,20,6,20,7,20,7,20,6,16,4,9,3,6,3,4,1,2,-2,1,-6,0,-8,-2,-8,-4,-11,-3,-13,-1,-4,0,0,0,0,0,0,0,0,0,0,0,0,0,0,0,0,0,0,-2,-2,-6,-7,-5,-8,-5,-9,-6,-10,-5,-10,-3,-11,-4,-11,-6,-10,-6,-8,-4,-6,-4,-5,-5,-2,-5,1,-5,5,-8,9,-12,12,-14,13,-14,15,-17,14,-18,15,-18,16,-20,14,-20,14,-18,18,-17,19,-17,18"
51.793050050735474,487,"CSI,340,128,83,49,21,0,7,7,8,5,7,2,5,-3,4,-9,3,-13,1,-16,1,-16,6,-17,8,-20,8,-20,11,-19,11,-20,9,-18,8,-13,4,-11,2,-10,1,-7,-1,-3,-2,-1,-5,-2,-8,-3,-9,0,-8,2,-9,3,-3,0,0,0,0,0,0,0,0,0,0,0,0,0,0,0,0,0,0,0,-3,0,-9,1,-8,2,-9,3,-11,2,-14,1,-13,-1,-10,-2,-9,-2,-9,-2,-8,0,-4,2,-1,2,3,2,4,4,4,8,7,11,10,11,10,12,11,14,13,17,12,21,12,23,11,21,12,19,12,21,9,22"
51.895272731781006,488,"CSI,345,128,83,49,21,0,6,-12,1,-8,-2,-4,-6,-1,-13,0,-17,2,-16,6,-14,10,-18,8,-22,5,-22,4,-19,4,-18,3,-18,4,-16,3,-13,2,-9,1,-3,0,1,0,1,1,3,2,7,4,9,5,10,4,12,1,3,-1,0,0,0,0,0,0,0,0,0,0,0,0,0,0,0,0,0,0,1,1,6,6,5,8,3,9,2,9,0,9,-1,11,0,13,0,11,0,9,1,5,1,3,-1,-1,-1,-5,3,-7,7,-9,10,-11,11,-12,10,-14,11,-17,13,-19,14,-22,14,-24,16,-23,16,-23,16,-21,15,-19"
51.997365951538086,489,"CSI,348,128,83,49,21,0,7,7,6,2,3,-3,0,-8,-1,-13,-3,-18,-3,-24,2,-27,1,-26,-5,-26,-7,-24,-4,-22,-2,-22,0,-21,0,-17,1,-12,2,-9,0,-7,-4,-4,-4,-2,-3,-1,-4,0,-7,4,-7,6,-8,6,-3,1,0,0,0,0,0,0,0,0,0,0,0,0,0,0,0,0,0,0,-2,2,-5,8,-5,8,-7,8,-9,7,-8,7,-7,7,-7,5,-8,1,-9,0,-5,0,-3,1,-2,2,4,3,9,4,10,5,9,5,13,6,18,7,20,9,21,10,21,9,19,10,19,12,19,15,18,15,19,14"
52.10035991668701,490,"CSI,353,128,83,49,21,0,3,-7,-4,-5,-9,-3,-12,0,-14,1,-17,3,-18,3,-20,-2,-24,-5,-26,-4,-25,-2,-23,-1,-21,-2,-18,-4,-16,-3,-15,-1,-11,0,-6,1,-3,2,-1,5,2,7,4,5,4,5,4,7,3,10,0,2,0,0,0,0,0,0,0,0,0,0,0,0,0,0,0,0,0,0,1,0,7,3,10,3,12,4,11,5,10,5,8,5,5,5,4,4,5,2,4,2,1,0,0,-3,-1,-7,-3,-10,-1,-11,1,-13,1,-15,3,-18,4,-19,6,-22,8,-27,9,-26,10,-24,11,-24,10,-24,7,-24"
52.20274496078491,491,"CSI,357,128,83,49,21,0,10,0,6,-1,0,-3,-4,-7,-6,-8,-11,-8,-16,-9,-20,-10,-21,-12,-18,-15,-14,-15,-11,-14,-11,-12,-11,-11,-12,-8,-12,-6,-9,-5,-6,-2,-5,2,-6,4,-4,5,-1,5,1,7,2,9,4,9,1,2,0,0,0,0,0,0,0,0,0,0,0,0,0,0,0,0,0,0,-2,1,-5,7,-5,8,-7,8,-9,7,-10,4,-10,3,-11,4,-9,5,-7,3,-6,2,-5,1,-2,0,1,-1,5,1,10,5,13,5,15,2,17,1,19,2,22,4,23,6,23,7,22,7,20,5,20,2,22,1"
52.30478882789612,492,"CSI,361,128,83,49,21,0,12,3,8,0,3,-5,-1,-10,-3,-13,-6,-17,-7,-19,-5,-19,-4,-22,-5,-25,-6,-24,-5,-23,-3,-22,0,-18,2,-15,1,-12,-1,-9,-2,-6,-4,-3,-6,-2,-7,0,-6,2,-5,5,-5,7,-7,8,-2,2,0,0,0,0,0,0,0,0,0,0,0,0,0,0,0,0,0,0,0,2,0,11,-2,9,-3,8,-3,9,-3,10,-4,10,-5,10,-5,10,-3,6,-2,5,-2,5,0,1,2,-2,4,-1,8,3,10,5,14,5,18,3,20,2,21,3,23,3,24,2,24,3,25,2,24,1,23,3"
52.40730595588684,493,"CSI,365,128,83,49,21,0,12,3,6,1,1,-2,-2,-7,-3,-13,-5,-15,-4,-16,-2,-20,-5,-22,-7,-22,-7,-25,-9,-28,-8,-24,-5,-18,-1,-15,-1,-11,-3,-6,-4,-2,-5,-1,-5,0,-5,1,-6,3,-7,5,-7,7,-8,8,-2,2,0,0,0,0,0,0,0,0,0,0,0,0,0,0,0,0,0,0,1,2,4,10,0,9,-4,9,-7,10,-9,10,-5,9,-5,8,-9,8,-9,9,-5,8,-2,5,-2,2,1,1,5,2,7,0,10,-1,13,2,18,2,21,0,21,1,19,4,21,5,25,9,24,9,23,5,23,2"
52.511637926101685,494,"CSI,369,128,83,49,21,0,-6,8,-2,6,2,2,8,-4,11,-7,14,-4,15,-2,15,-2,19,0,22,1,22,3,22,5,20,2,15,0,12,2,10,3,6,1,5,-1,5,-2,2,-2,-3,-5,-5,-8,-5,-10,-6,-10,-5,-8,-2,-2,0,0,0,0,0,0,0,0,0,0,0,0,0,0,0,0,0,0,-2,-2,-5,-7,-5,-8,-5,-10,-5,-11,-4,-11,-5,-11,-6,-11,-4,-9,-4,-9,-7,-6,-6,-4,-4,-3,-3,1,-4,2,-4,4,-7,6,-10,9,-11,13,-15,14,-18,14,-18,17,-19,19,-19,18,-19,16,-17,17,-18,18"
52.613035917282104,495,"CSI,372,128,83,49,21,0,-10,-8,-5,-2,-3,2,-1,7,0,12,0,16,-1,22,1,27,4,28,3,25,-1,21,-1,18,0,18,0,18,-2,15,-2,10,0,5,2,4,0,4,0,1,1,-3,2,-5,4,-7,6,-9,9,-10,2,-3,0,0,0,0,0,0,0,0,0,0,0,0,0,0,0,0,0,0,1,0,5,0,7,-2,9,-3,10,0,10,2,10,0,9,-3,8,-4,9,-4,8,-4,6,-5,4,-6,1,-7,-3,-6,-8,-7,-10,-11,-10,-13,-11,-15,-13,-17,-16,-16,-20,-16,-21,-19,-19,-20,-18,-21,-17,-21,-17,-19"
52.71485877037048,496,"CSI,376,128,83,49,21,0,8,-9,2,-5,-3,-3,-7,-5,-11,-5,-16,-5,-18,-7,-17,-5,-19,-5,-22,-6,-24,-7,-23,-9,-19,-10,-15,-9,-14,-7,-12,-5,-9,-3,-5,1,-4,3,-4,5,-1,6,0,7,0,9,1,10,0,12,0,3,0,0,0,0,0,0,0,0,0,0,0,0,0,0,0,0,0,0,1,1,5,6,3,7,3,9,3,10,3,8,3,8,2,11,0,10,2,7,4,5,5,4,5,3,7,0,9,-3,10,-5,14,-7,18,-8,17,-9,13,-10,14,-13,18,-16,20,-16,19,-13,18,-10,16,-9,15,-9"
52.81748867034912,497,"CSI,380,128,83,49,21,0,-10,2,-3,4,0,7,4,8,9,9,12,10,16,9,20,5,19,7,16,13,14,15,12,15,12,15,10,14,7,11,5,8,2,6,1,2,4,-1,6,-3,4,-5,2,-5,3,-7,4,-10,3,-11,0,-3,0,0,0,0,0,0,0,0,0,0,0,0,0,0,0,0,0,0,-1,-3,-3,-9,-2,-11,-2,-13,-1,-14,0,-11,0,-11,-1,-12,0,-11,1,-10,0,-7,-2,-3,-3,-2,-5,-2,-8,-2,-14,0,-17,4,-18,4,-19,3,-22,5,-21,7,-20,5,-23,3,-24,3,-24,5,-25,5,-24,2"
53.02374291419983,498,"CSI,389,128,83,49,21,0,-5,-9,-6,-4,-4,1,-3,5,-5,9,-8,13,-11,16,-10,21,-9,23,-11,19,-15,16,-15,15,-15,14,-15,13,-12,10,-8,7,-5,5,-1,4,2,3,4,3,4,3,4,3,6,1,9,2,13,4,3,1,0,0,0,0,0,0,0,0,0,0,0,0,0,0,0,0,0,0,0,-1,4,-5,6,-8,6,-10,6,-9,9,-7,9,-7,8,-7,7,-5,4,-4,3,-4,4,-4,-1,-3,-6,-4,-7,-6,-8,-8,-8,-11,-9,-14,-10,-15,-10,-14,-11,-16,-14,-19,-15,-19,-15,-19,-16,-22,-16,-22,-12,-17"
53.22714281082153,499,"CSI,396,128,83,49,21,0,-5,1,0,2,4,4,5,4,8,3,13,5,14,6,13,4,13,6,14,12,15,15,13,15,11,14,9,13,8,10,6,8,6,4,6,1,6,-1,5,-4,5,-6,3,-7,4,-8,5,-9,6,-9,1,-2,0,0,0,0,0,0,0,0,0,0,0,0,0,0,0,0,0,0,-3,-3,-8,-8,-6,-8,-4,-11,-4,-13,-4,-11,-5,-9,-4,-11,-4,-12,-2,-9,-2,-5,-5,-4,-5,-5,-5,-3,-9,1,-11,5,-11,7,-14,6,-17,6,-18,8,-17,8,-18,10,-20,12,-22,12,-23,11,-21,9,-16,10"
53.328457832336426,500,"CSI,400,128,83,49,21,0,6,9,6,2,4,-3,3,-6,4,-10,9,-13,10,-16,7,-17,9,-14,16,-12,20,-11,18,-10,14,-10,10,-9,10,-6,12,-5,10,-4,4,-4,0,-6,0,-6,0,-5,-2,-4,-3,-7,-4,-9,-5,-11,-2,-3,0,0,0,0,0,0,0,0,0,0,0,0,0,0,0,0,0,0,0,2,0,8,0,9,1,10,1,11,2,11,3,9,0,9,-3,9,-2,8,-2,7,-2,6,0,3,3,1,4,4,6,6,11,6,14,6,13,9,16,11,19,9,18,11,16,13,17,13,17,15,15,16,14,14"
53.43220400810242,501,"CSI,405,128,83,49,21,0,-4,8,-2,8,-1,4,2,1,10,3,16,5,20,9,24,17,25,18,24,12,21,10,17,10,15,11,13,11,8,8,4,4,4,3,2,0,2,-3,4,-5,5,-5,5,-5,3,-6,2,-7,4,-8,1,-3,0,0,0,0,0,0,0,0,0,0,0,0,0,0,0,0,0,0,-3,-1,-12,-2,-13,-3,-14,-3,-14,-2,-12,-1,-10,-2,-11,-4,-10,-4,-8,-4,-8,-2,-8,-1,-6,0,-4,3,-6,5,-7,8,-6,9,-5,9,-5,12,-7,18,-8,21,-9,20,-10,19,-11,19,-12,21,-12,21,-11,20"
53.53209185600281,502,"CSI,408,128,83,49,21,0,-1,13,2,6,7,-1,10,-2,15,-2,16,-4,17,-4,24,-1,27,-2,26,-3,23,-2,20,0,17,4,15,4,13,3,12,4,11,3,9,0,6,-2,4,-2,2,-4,0,-6,1,-7,2,-8,0,-10,-1,-3,0,0,0,0,0,0,0,0,0,0,0,0,0,0,0,0,0,0,0,1,-2,6,-4,7,-6,7,-8,7,-8,8,-7,7,-7,6,-8,7,-10,7,-8,5,-4,4,-1,7,1,7,2,7,3,11,3,14,3,14,3,15,5,20,7,23,7,23,5,23,4,25,6,27,5,24,3,18"
53.636739015579224,503,"CSI,413,128,83,49,21,0,-11,4,-7,4,-3,7,3,7,10,7,16,9,16,10,12,8,10,11,13,15,16,16,16,17,12,16,7,15,6,12,8,8,8,6,5,4,3,-1,3,-4,3,-4,3,-6,2,-9,1,-10,0,-9,0,-2,0,0,0,0,0,0,0,0,0,0,0,0,0,0,0,0,0,0,0,-2,-1,-9,-1,-11,-1,-11,-1,-11,-1,-13,1,-12,0,-12,-1,-10,0,-8,3,-7,2,-5,-3,-3,-6,-2,-9,-1,-13,1,-16,3,-16,1,-17,0,-21,2,-23,4,-23,6,-24,6,-25,3,-24,3,-22,3,-23,-1"
53.73863172531128,504,"CSI,416,128,83,49,21,0,12,7,8,3,3,-2,2,-8,0,-13,-2,-17,-3,-19,-4,-19,-2,-21,2,-23,4,-23,3,-24,3,-22,4,-18,4,-16,2,-15,0,-11,-2,-7,-5,-4,-5,-1,-4,1,-6,1,-9,1,-9,1,-7,0,-2,0,0,0,0,0,0,0,0,0,0,0,0,0,0,0,0,0,0,0,-1,1,-5,6,-7,6,-8,5,-10,5,-11,8,-11,6,-11,2,-9,3,-9,3,-8,0,-5,1,-2,4,2,3,5,3,7,5,9,8,10,11,11,12,14,13,15,12,16,12,18,12,16,15,15,17,18,17,17,18"
53.81347870826721,505,"CSI,933,128,77,-47,20,0,-7,-7,-3,-2,-1,3,1,7,5,11,8,15,10,16,11,15,9,16,6,19,6,20,6,19,5,18,4,16,4,13,4,10,4,7,3,5,2,3,0,0,0,-2,1,-6,4,-8,4,-8,5,-9,1,-3,0,0,0,0,0,0,0,0,0,0,0,0,0,0,0,0,0,0,1,-2,4,-6,6,-6,9,-7,12,-7,12,-5,11,-3,11,-4,11,-5,9,-5,5,-5,4,-5,1,-6,-3,-7,-7,-7,-9,-4,-9,-4,-11,-8,-16,-10,-19,-10,-19,-10,-19,-11,-23,-10,-24,-11,-22,-12,-24,-13,-27,-15"
53.9447877407074,506,"CSI,425,128,83,49,21,0,3,11,3,6,1,-1,1,-8,5,-11,9,-15,14,-16,21,-16,23,-16,19,-17,16,-17,15,-16,15,-12,15,-9,14,-8,11,-7,9,-6,5,-6,1,-5,-2,-4,-4,-3,-6,-2,-8,-2,-10,-3,-12,-3,-3,-1,0,0,0,0,0,0,0,0,0,0,0,0,0,0,0,0,0,0,-2,-1,-7,-2,-9,-1,-9,-3,-10,-5,-11,-5,-10,-5,-10,-4,-11,-4,-10,-3,-7,-3,-4,0,-2,4,0,6,0,9,-1,11,1,12,1,15,1,17,4,19,6,19,5,18,6,19,8,24,6,26,5,26,7,25"
54.14489793777466,507,"CSI,935,128,77,-47,20,0,8,3,5,0,0,-2,-5,-7,-6,-12,-4,-16,-6,-19,-15,-21,-17,-21,-12,-23,-11,-24,-10,-22,-8,-20,-6,-16,-4,-15,-2,-13,0,-7,0,-3,-1,-1,-3,1,-3,5,-4,7,-5,8,-6,10,-7,12,-2,3,0,0,0,0,0,0,0,0,0,0,0,0,0,0,0,0,0,0,-2,1,-6,5,-8,5,-11,6,-13,7,-12,7,-11,5,-10,2,-7,0,-3,0,-3,1,-3,4,-3,4,2,5,8,6,11,7,12,7,12,7,14,8,18,9,22,8,24,8,25,11,23,12,21,11,20,11,22,11"
54.17364501953125,508,"CSI,433,128,83,49,21,0,-6,-12,-3,-6,0,0,1,5,0,11,-3,13,-3,18,-1,26,0,27,-2,24,-3,25,-6,24,-8,20,-6,18,-5,16,-5,13,-3,7,0,2,1,0,1,-2,3,-2,4,-3,5,-7,5,-9,5,-8,1,-2,0,0,0,0,0,0,0,0,0,0,0,0,0,0,0,0,0,0,2,0,9,4,9,6,7,7,6,8,6,7,7,5,7,4,7,3,6,2,5,1,5,-2,4,-4,1,-5,0,-7,0,-9,-1,-13,-1,-17,-3,-20,-4,-23,-3,-22,-4,-22,-5,-22,-6,-22,-10,-26,-12,-27,-11,-26"
54.25057291984558,509,"CSI,437,128,83,49,21,0,-9,3,-1,2,4,2,7,2,13,1,17,3,20,3,24,2,25,4,23,6,22,7,19,7,16,6,15,3,14,3,10,4,5,3,4,-2,3,-6,1,-7,-2,-7,-4,-9,-5,-10,-4,-9,-4,-8,-1,-3,0,0,0,0,0,0,0,0,0,0,0,0,0,0,0,0,0,0,0,-3,2,-11,2,-10,2,-10,3,-12,5,-13,6,-12,5,-10,2,-8,1,-4,1,-3,2,-5,-1,-3,-4,1,-9,2,-13,0,-14,0,-14,1,-16,4,-18,6,-20,6,-24,6,-26,8,-25,9,-25,8,-24,5,-22,5"
54.353955030441284,510,"CSI,441,128,83,49,21,0,12,1,7,-2,0,-5,-7,-6,-8,-11,-9,-14,-10,-18,-10,-25,-14,-25,-15,-20,-13,-19,-12,-16,-10,-16,-7,-18,-5,-17,-2,-12,-2,-9,-3,-5,-3,-1,-3,2,-4,5,-5,8,-6,9,-6,9,-5,10,-1,2,0,0,0,0,0,0,0,0,0,0,0,0,0,0,0,0,0,0,0,2,-1,10,-3,10,-5,12,-5,12,-5,11,-6,9,-5,8,-6,7,-5,6,-2,5,1,5,2,3,4,0,7,0,10,0,13,0,14,0,15,-1,19,-2,24,-2,27,0,28,0,29,0,28,1,24,1,23,1"
54.45759987831116,511,"CSI,445,128,83,49,21,0,-7,11,-3,6,2,1,7,-3,12,-6,17,-7,18,-10,15,-12,15,-10,20,-7,23,-6,22,-5,19,-5,15,-6,12,-4,11,-2,8,-3,4,-2,3,-2,2,-5,0,-6,-2,-5,-3,-8,-5,-10,-6,-11,-2,-3,0,0,0,0,0,0,0,0,0,0,0,0,0,0,0,0,0,0,-3,0,-10,0,-10,-2,-11,-2,-10,-3,-10,-4,-11,-5,-12,-5,-11,-5,-10,-5,-7,-4,-4,-2,-3,-1,-2,2,-2,5,0,9,1,15,-1,18,-3,18,-4,18,-5,20,-6,21,-7,23,-7,25,-5,24,-5,21,-5,19"
54.55835580825806,512,"CSI,448,128,83,49,21,0,-6,11,-2,6,3,3,6,2,8,2,13,3,15,5,16,7,20,9,21,10,21,7,20,8,17,11,14,10,12,7,10,3,6,1,2,0,2,-3,4,-5,4,-5,3,-6,2,-9,3,-11,3,-11,0,-3,0,0,0,0,0,0,0,0,0,0,0,0,0,0,0,0,0,0,-3,-1,-9,-2,-8,-4,-9,-6,-12,-6,-11,-5,-9,-6,-8,-8,-9,-8,-8,-7,-6,-7,-4,-4,-4,0,-5,2,-7,4,-8,8,-7,12,-6,15,-7,17,-9,19,-13,18,-13,16,-12,17,-15,17,-18,17,-17,18,-14,19"
54.65912580490112,513,"CSI,453,128,83,49,21,0,3,-13,-1,-6,-4,-2,-7,2,-11,6,-15,9,-16,10,-15,10,-17,9,-20,8,-24,7,-25,6,-22,5,-20,4,-16,4,-11,3,-7,3,-4,3,-1,3,1,5,3,5,3,5,5,6,6,7,5,6,0,1,0,0,0,0,0,0,0,0,0,0,0,0,0,0,0,0,0,0,1,0,7,1,7,2,9,3,10,5,8,7,8,7,10,5,10,5,9,6,10,2,9,-1,8,-2,6,-5,4,-7,2,-7,2,-10,3,-14,3,-18,3,-19,2,-19,2,-21,4,-23,5,-24,3,-26,5,-25,8,-21"
54.76369667053223,514,"CSI,456,128,83,49,21,0,10,-2,4,-3,0,-5,-4,-8,-9,-10,-12,-11,-14,-17,-15,-24,-17,-23,-18,-20,-18,-18,-17,-14,-14,-14,-9,-15,-5,-15,-3,-13,-3,-9,-2,-5,-2,0,-3,3,-2,3,-3,4,-6,6,-6,7,-6,8,-2,2,0,0,0,0,0,0,0,0,0,0,0,0,0,0,0,0,0,0,0,1,2,5,3,8,3,11,2,11,3,10,2,10,0,9,-1,9,1,10,1,7,2,3,2,1,3,-1,4,-1,6,-2,9,-4,12,-6,15,-9,18,-9,21,-7,21,-6,23,-8,26,-8,26,-8,24,-10,22,-10"
54.86511182785034,515,"CSI,460,128,83,49,21,0,6,9,2,3,2,-2,5,-7,4,-12,2,-16,2,-17,0,-18,2,-21,7,-23,9,-22,8,-19,7,-18,6,-18,7,-14,8,-12,2,-11,-4,-9,-5,-5,-4,-3,-6,-2,-9,-2,-9,-1,-10,1,-12,2,-4,0,0,0,0,0,0,0,0,0,0,0,0,0,0,0,0,0,0,0,-2,2,-7,8,-7,7,-8,8,-7,8,-7,7,-10,8,-10,7,-8,3,-8,2,-7,3,-3,3,0,3,1,2,3,3,7,6,9,8,10,10,11,11,15,13,18,15,18,16,17,17,18,18,19,18,17,17,13,15"
54.9683518409729,516,"CSI,464,128,83,49,21,0,7,-11,3,-6,-3,-5,-7,-6,-9,-4,-15,-3,-20,-2,-18,1,-17,3,-21,1,-22,-4,-21,-5,-21,-1,-19,-1,-17,-3,-14,-3,-10,-3,-6,-2,-4,2,0,4,2,3,2,4,5,6,7,7,7,5,1,1,0,0,0,0,0,0,0,0,0,0,0,0,0,0,0,0,0,0,0,2,2,11,3,11,3,12,2,13,0,14,-1,13,-2,11,-2,9,-1,7,0,5,1,3,2,1,4,-2,7,-6,10,-7,10,-8,11,-10,13,-11,14,-14,15,-16,17,-15,19,-12,19,-11,18,-16,17,-19,19,-15"
55.07053780555725,517,"CSI,468,128,83,49,21,0,-4,-10,-7,-6,-8,-2,-8,2,-8,8,-9,12,-9,11,-8,11,-11,14,-16,15,-19,12,-18,11,-17,13,-16,14,-13,12,-9,9,-6,6,-3,5,0,4,3,4,5,4,6,3,7,1,8,0,8,1,2,0,0,0,0,0,0,0,0,0,0,0,0,0,0,0,0,0,0,0,1,-2,6,-6,8,-5,10,-4,12,-2,11,0,10,1,9,1,8,0,8,1,8,1,6,-1,3,-3,1,-3,-1,-6,-3,-10,-2,-14,-3,-16,-6,-16,-9,-19,-9,-21,-8,-22,-7,-25,-8,-25,-11,-21,-10,-20,-7,-20"
55.27510976791382,518,"CSI,477,128,83,49,21,0,-17,-2,-10,0,-5,2,0,6,5,10,8,13,5,18,0,21,1,24,5,26,7,27,6,26,3,22,0,16,0,13,-1,11,-1,10,2,9,5,5,5,1,4,-1,5,-2,6,-4,7,-6,8,-5,2,-1,0,0,0,0,0,0,0,0,0,0,0,0,0,0,0,0,0,0,-2,-3,-6,-11,-6,-13,-7,-13,-6,-13,-4,-11,-3,-9,-1,-9,-1,-10,0,-8,1,-6,0,-5,-3,-2,-4,1,-8,2,-13,1,-15,-1,-15,-1,-17,0,-20,2,-23,2,-27,0,-28,-1,-26,0,-26,1,-24,2,-22,2"
55.37708902359009,519,"CSI,481,128,83,49,21,0,9,4,6,-1,5,-3,2,-5,2,-8,2,-14,3,-17,5,-16,9,-20,11,-25,10,-23,11,-21,10,-21,7,-18,5,-15,6,-12,7,-9,7,-6,3,-5,-1,-5,-5,-3,-8,0,-7,0,-9,-1,-10,0,-3,0,0,0,0,0,0,0,0,0,0,0,0,0,0,0,0,0,0,0,-1,3,-5,10,-7,8,-8,7,-7,6,-8,7,-10,8,-9,8,-8,8,-6,7,-5,6,-3,6,-1,5,1,6,4,8,6,9,9,10,11,9,12,10,14,12,16,15,18,15,17,14,16,14,18,16,18,18,15,20"
55.481297731399536,520,"CSI,936,128,75,-79,20,0,-9,4,-5,2,-1,3,5,6,9,6,14,4,16,3,16,3,19,5,18,10,17,12,17,11,17,9,16,9,14,7,12,6,11,6,7,5,5,2,3,-1,2,-3,1,-5,1,-8,-2,-9,-2,-10,-1,-3,0,0,0,0,0,0,0,0,0,0,0,0,0,0,0,0,0,0,-1,-2,-5,-9,-5,-10,-5,-11,-3,-9,0,-9,0,-9,-1,-9,-2,-9,-4,-9,-6,-7,-7,-4,-4,-2,-5,1,-9,3,-12,3,-15,4,-17,3,-20,3,-20,5,-18,8,-18,11,-21,13,-25,12,-26,12,-24,13,-21,12"
55.686720848083496,521,"CSI,493,128,83,49,21,0,-4,-13,-4,-11,-2,-7,-5,0,-12,6,-15,10,-18,10,-23,8,-22,9,-19,11,-19,11,-20,10,-19,9,-17,4,-18,1,-18,2,-15,2,-10,1,-5,2,-1,3,1,2,1,3,2,4,3,5,2,6,0,1,0,0,0,0,0,0,0,0,0,0,0,0,0,0,0,0,0,0,-1,-2,0,-9,1,-10,3,-10,5,-8,6,-9,4,-9,5,-8,6,-8,6,-7,6,-5,5,-3,1,-4,-5,-8,-9,-8,-11,-6,-9,-10,-8,-13,-9,-14,-12,-16,-12,-19,-12,-21,-13,-20,-12,-20,-12,-21,-13,-20,-12,-17"
55.7863028049469,522,"CSI,496,128,83,49,21,0,10,7,8,2,5,-2,1,-8,0,-13,-1,-17,0,-19,6,-18,9,-21,6,-24,3,-23,4,-24,6,-22,7,-16,7,-13,4,-11,1,-9,-1,-9,-2,-6,-3,-3,-4,-2,-5,0,-7,2,-9,2,-9,1,-3,0,0,0,0,0,0,0,0,0,0,0,0,0,0,0,0,0,0,0,0,1,1,8,-1,9,-3,11,-5,12,-4,12,-6,12,-7,10,-6,8,-6,7,-5,6,-4,6,-2,5,3,3,7,2,10,4,10,4,13,6,16,8,17,8,18,10,20,11,19,11,18,9,20,9,20,12,19,12"
55.8912079334259,523,"CSI,500,128,83,49,21,0,-6,13,-1,7,3,4,6,1,10,-2,12,-5,19,-8,25,-11,24,-10,22,-10,23,-8,23,-4,21,-2,17,-2,13,-4,12,-3,10,-1,6,-1,3,-4,2,-6,0,-6,-2,-6,-2,-8,-4,-9,-4,-10,-1,-3,0,0,0,0,0,0,0,0,0,0,0,0,0,0,0,0,0,0,-3,0,-11,0,-11,0,-11,-2,-12,-3,-11,-3,-11,-4,-13,-4,-11,-2,-10,-2,-9,-2,-6,-1,-3,2,-4,5,-5,9,-4,12,-3,13,-4,14,-6,18,-8,21,-8,20,-7,18,-6,20,-4,23,-3,24,-5,20,-6,17"
56.093199729919434,524,"CSI,939,128,77,-47,20,0,9,-6,1,-3,-5,0,-11,2,-16,4,-19,1,-26,2,-31,6,-29,6,-23,2,-17,1,-13,4,-12,7,-14,10,-17,11,-16,7,-13,4,-9,3,-5,2,-3,2,-2,2,1,1,4,-1,8,0,13,0,3,0,0,0,0,0,0,0,0,0,0,0,0,0,0,0,0,0,0,0,1,1,5,6,5,8,4,9,2,9,2,11,3,13,1,15,-1,15,-2,11,-1,7,1,6,5,2,7,-3,8,-7,11,-8,13,-8,14,-8,15,-8,17,-8,17,-7,16,-9,11,-15,5,-21,6,-25,14,-26,20,-26"
56.16284108161926,525,"CSI,940,128,77,-47,20,0,-7,8,0,7,2,7,7,5,13,6,15,7,15,5,11,3,10,6,14,10,15,12,16,15,16,16,12,15,10,14,9,10,7,6,5,6,5,2,5,-1,2,-2,1,-6,4,-10,6,-9,6,-7,1,-2,0,0,0,0,0,0,0,0,0,0,0,0,0,0,0,0,0,0,-3,-1,-11,-4,-10,-4,-11,-4,-11,-6,-10,-9,-10,-9,-10,-9,-7,-9,-7,-7,-8,-5,-7,-4,-5,0,-5,4,-7,5,-8,6,-11,9,-13,12,-14,14,-17,14,-21,13,-22,12,-21,11,-18,8,-16,7,-17,9,-18,11"
56.19602394104004,526,"CSI,512,128,83,49,21,0,16,-4,10,-4,3,-4,-1,-7,-3,-11,-6,-13,-6,-15,-1,-19,-1,-22,-5,-24,-6,-25,-4,-24,-2,-21,0,-18,2,-14,1,-11,-2,-9,-3,-7,-3,-7,-3,-5,-3,-1,-4,1,-5,0,-7,0,-6,2,-2,0,0,0,0,0,0,0,0,0,0,0,0,0,0,0,0,0,0,0,1,1,6,4,7,5,7,7,7,8,4,9,2,7,2,6,3,6,2,7,1,6,1,4,2,2,3,-1,4,-4,7,-5,10,-6,12,-6,15,-5,21,-4,24,-2,24,-1,22,-3,21,-4,22,-6,21,-9,19,-9"
56.29753589630127,527,"CSI,517,128,83,49,21,0,0,13,3,10,5,5,6,0,9,-5,14,-8,20,-7,26,-6,27,-5,24,-4,22,-3,21,-2,20,2,20,3,19,0,15,1,12,3,8,1,5,-3,3,-4,3,-4,2,-4,1,-7,-2,-9,-3,-12,-1,-4,0,0,0,0,0,0,0,0,0,0,0,0,0,0,0,0,0,0,-3,1,-10,5,-9,5,-9,5,-10,4,-10,3,-9,2,-7,2,-7,2,-9,2,-9,1,-7,3,-5,5,-3,4,0,4,2,10,3,15,2,17,1,18,1,20,2,21,1,23,-1,25,-2,25,-2,25,0,25,2,21"
56.40257787704468,528,"CSI,520,128,83,49,21,0,4,-11,3,-9,2,-6,-2,-6,-8,-7,-11,-9,-13,-10,-19,-11,-21,-13,-19,-15,-18,-16,-18,-18,-15,-18,-11,-15,-10,-15,-8,-13,-6,-9,-4,-6,-5,-3,-5,2,-4,3,-4,2,-6,2,-8,5,-8,8,-2,2,0,0,0,0,0,0,0,0,0,0,0,0,0,0,0,0,0,0,1,-1,8,-1,9,1,11,1,11,1,9,3,7,4,7,4,9,5,8,4,6,4,5,4,5,0,5,-4,7,-6,8,-8,6,-12,5,-15,8,-15,11,-14,12,-17,14,-20,15,-20,15,-18,15,-17,15,-17,14,-18"
56.50622296333313,529,"CSI,525,128,83,49,21,0,-11,-7,-7,-3,-4,3,-3,8,-3,10,-3,12,-5,17,-8,23,-10,26,-10,25,-10,22,-10,19,-11,17,-11,16,-10,14,-10,11,-9,9,-5,8,-1,4,0,2,0,1,2,0,4,1,5,3,5,3,1,0,0,0,0,0,0,0,0,0,0,0,0,0,0,0,0,0,0,0,-1,-2,-3,-9,-1,-10,2,-11,4,-13,5,-12,6,-9,7,-7,6,-8,4,-9,2,-8,2,-6,-1,-4,-5,-6,-8,-7,-11,-7,-14,-8,-16,-8,-17,-10,-20,-12,-21,-12,-20,-11,-20,-14,-19,-14,-19,-12,-20,-9,-20,-7"
56.606021881103516,530,"CSI,529,128,83,49,21,0,13,-12,7,-11,2,-9,-1,-9,-2,-11,-6,-15,-7,-17,-1,-17,0,-18,-4,-22,-3,-22,0,-23,-1,-23,0,-22,1,-20,2,-17,2,-12,1,-9,-1,-7,-3,-4,-4,-1,-4,1,-7,1,-9,2,-8,3,-2,0,0,0,0,0,0,0,0,0,0,0,0,0,0,0,0,0,0,0,1,1,6,3,7,2,9,2,10,4,7,7,5,9,4,8,4,6,3,5,4,5,5,4,3,2,4,-1,6,-3,9,-6,14,-9,14,-11,15,-11,19,-11,21,-12,20,-11,18,-9,20,-9,22,-9,23,-7,25,-5"
56.70928192138672,531,"CSI,532,128,83,49,21,0,-14,-4,-10,2,-5,10,-3,14,-2,13,0,14,2,14,2,14,3,17,4,22,2,25,-2,25,-1,24,0,21,0,18,0,17,-1,14,-1,8,0,3,3,0,6,1,6,0,5,-4,5,-6,7,-6,1,-2,0,0,0,0,0,0,0,0,0,0,0,0,0,0,0,0,0,0,-1,-3,-4,-9,-2,-9,0,-11,1,-12,1,-10,2,-9,3,-9,2,-8,1,-7,1,-6,-1,-5,-4,-4,-6,-3,-8,-2,-13,-3,-16,-6,-18,-6,-20,-4,-21,-4,-21,-5,-22,-5,-25,-5,-25,-6,-23,-6,-23,-7,-23,-8"
56.810467004776,532,"CSI,537,128,83,49,21,0,15,10,16,7,13,2,7,-5,4,-11,3,-15,1,-16,-1,-16,4,-17,11,-20,12,-21,11,-21,12,-20,13,-19,12,-15,11,-10,10,-7,7,-6,4,-6,1,-4,-1,-3,-3,-5,-4,-5,-6,-4,-9,-4,-3,-2,0,0,0,0,0,0,0,0,0,0,0,0,0,0,0,0,0,0,0,2,2,7,-1,8,-4,9,-4,8,-4,6,-5,6,-7,7,-8,5,-6,3,-4,4,-2,6,0,5,2,4,4,3,8,3,13,5,16,6,15,5,15,8,17,8,19,9,19,12,18,12,20,12,21,11,20,10"
56.913697957992554,533,"CSI,541,128,83,49,21,0,14,-5,8,-5,3,-7,-1,-8,-3,-9,-6,-11,-9,-13,-10,-14,-9,-17,-10,-22,-9,-25,-7,-25,-5,-23,-4,-20,-4,-19,-3,-16,-2,-15,-1,-13,-2,-9,-4,-5,-4,-2,-5,0,-7,3,-9,5,-9,6,-3,1,0,0,0,0,0,0,0,0,0,0,0,0,0,0,0,0,0,0,2,0,8,4,6,6,4,6,4,7,1,8,1,8,1,8,0,9,1,10,4,8,5,4,4,1,6,-1,9,-3,10,-4,10,-5,9,-7,11,-10,14,-12,16,-12,18,-9,21,-8,23,-9,23,-9,22,-9,22,-9"
57.01657581329346,534,"CSI,544,128,83,49,21,0,-19,5,-13,5,-8,6,-1,7,6,9,7,12,10,13,17,13,17,14,14,16,13,18,12,19,10,19,8,17,8,16,7,16,4,11,3,5,3,3,5,1,3,-1,3,-2,4,-5,4,-8,4,-10,1,-3,0,0,0,0,0,0,0,0,0,0,0,0,0,0,0,0,0,0,-2,-2,-6,-8,-4,-9,-1,-9,-1,-9,-3,-11,-1,-12,0,-10,-4,-10,-6,-10,-4,-8,-3,-7,-2,-4,-3,-3,-5,-1,-10,2,-16,3,-19,1,-20,1,-18,3,-18,3,-20,4,-21,6,-21,8,-24,11,-25,11,-24,10"
57.11824297904968,535,"CSI,549,128,83,49,21,0,-5,-19,-7,-14,-10,-9,-9,-3,-7,1,-9,7,-14,8,-18,4,-20,6,-23,9,-23,8,-21,8,-19,7,-19,5,-18,5,-16,4,-14,2,-11,2,-8,4,-5,4,-2,1,2,0,6,2,8,4,7,5,1,1,0,0,0,0,0,0,0,0,0,0,0,0,0,0,0,0,0,0,2,-2,10,-3,10,1,11,3,11,3,11,2,9,2,8,1,7,0,5,-2,5,-1,4,1,3,-2,3,-5,1,-6,-2,-8,-3,-11,-2,-13,-1,-16,-2,-19,-2,-22,-2,-24,-2,-25,-2,-23,-1,-23,0,-25,-1,-24"
57.190396785736084,536,"CSI,941,128,77,-47,20,0,17,6,11,4,4,2,2,-2,2,-9,1,-14,2,-18,6,-19,4,-22,2,-26,4,-26,5,-24,8,-23,8,-20,7,-14,7,-11,5,-11,3,-10,0,-8,-2,-5,-3,-2,-5,1,-8,2,-9,2,-10,4,-3,1,0,0,0,0,0,0,0,0,0,0,0,0,0,0,0,0,0,0,-1,1,-5,7,-6,7,-7,8,-8,9,-7,8,-8,9,-10,10,-8,9,-4,5,-3,5,-3,7,-3,7,0,5,6,4,11,2,14,3,16,6,17,7,19,8,19,8,19,8,21,9,23,10,25,11,28,11,30,12"
57.22117495536804,537,"CSI,553,128,83,49,21,0,-13,11,-9,8,-5,4,0,2,6,6,11,9,10,10,6,13,8,18,12,18,12,18,10,20,10,20,8,18,5,17,4,15,4,12,6,9,6,5,3,-1,2,-3,2,-5,2,-6,3,-6,5,-6,1,-2,0,0,0,0,0,0,0,0,0,0,0,0,0,0,0,0,0,0,-3,1,-9,5,-9,4,-9,3,-11,2,-12,0,-11,-3,-10,-2,-10,-1,-10,-1,-8,-1,-6,0,-6,1,-5,1,-5,3,-6,8,-8,10,-8,11,-9,12,-10,13,-11,17,-14,18,-15,16,-13,16,-15,18,-18,19,-17,21"
57.42506289482117,538,"CSI,560,128,83,49,21,0,-16,6,-12,5,-9,6,-6,7,0,11,6,16,11,15,15,13,13,16,8,19,5,19,3,21,3,21,2,18,2,17,3,17,2,15,-1,10,-1,6,0,4,2,2,4,-1,5,-3,5,-3,7,-2,2,-1,0,0,0,0,0,0,0,0,0,0,0,0,0,0,0,0,0,0,-2,-1,-8,-3,-7,-4,-7,-5,-8,-6,-8,-7,-8,-9,-9,-8,-9,-8,-5,-7,-2,-5,0,-2,-2,-1,-5,0,-6,1,-9,3,-12,6,-13,7,-14,8,-16,7,-17,7,-18,9,-20,10,-19,9,-22,8,-24,8,-21,8"
57.52786684036255,539,"CSI,565,128,83,49,21,0,-19,4,-13,4,-9,4,-5,4,-2,7,1,12,1,15,-2,16,-1,20,1,23,-2,21,-4,21,-5,23,-5,21,-4,17,-4,14,-4,12,-3,9,-3,8,-2,6,1,3,3,1,3,2,5,0,8,-2,2,-1,0,0,0,0,0,0,0,0,0,0,0,0,0,0,0,0,0,0,-2,-1,-7,-2,-7,-4,-8,-4,-8,-4,-6,-6,-6,-6,-7,-6,-5,-8,-3,-8,-4,-7,-5,-2,-6,2,-8,1,-9,0,-10,2,-12,4,-15,4,-17,4,-18,6,-20,9,-21,10,-22,9,-25,8,-28,9,-28,9,-26,6"
57.63138675689697,540,"CSI,569,128,83,49,21,0,-19,-3,-13,-3,-8,1,-2,6,-1,10,-2,13,-6,16,-10,19,-11,22,-9,24,-10,23,-11,20,-11,19,-10,17,-10,16,-9,14,-9,11,-8,8,-4,7,-1,7,0,6,2,4,3,2,4,2,4,2,1,0,0,0,0,0,0,0,0,0,0,0,0,0,0,0,0,0,0,0,-2,-1,-6,-5,-8,-7,-8,-9,-7,-10,-5,-9,-6,-7,-6,-6,-4,-8,-5,-9,-4,-7,-1,-6,-2,-7,-5,-5,-6,-1,-9,0,-13,0,-16,1,-17,2,-20,2,-21,2,-21,2,-23,1,-26,0,-29,2,-29,2,-24,0"
57.8347008228302,541,"CSI,577,128,83,49,21,0,8,12,6,7,6,2,4,-2,6,-7,8,-11,10,-16,16,-22,17,-23,15,-21,14,-18,16,-16,18,-15,16,-13,13,-11,12,-10,9,-8,3,-6,1,-5,1,-5,1,-6,-1,-4,-4,-2,-6,-3,-5,-6,-2,-2,0,0,0,0,0,0,0,0,0,0,0,0,0,0,0,0,0,0,0,1,-1,5,-2,7,-2,9,-2,9,-2,8,-2,8,-2,8,-5,6,-6,6,-4,7,-1,5,1,5,3,6,2,6,3,5,7,5,10,8,12,9,14,10,15,12,16,16,17,17,18,15,20,13,21,16,21,17"
57.93695569038391,542,"CSI,581,128,83,49,21,0,2,17,3,12,5,7,6,0,9,-5,13,-6,14,-9,12,-13,15,-12,21,-10,22,-9,22,-6,22,-4,20,-3,18,-3,14,-3,10,-4,8,-3,5,-3,2,-4,1,-5,1,-5,-1,-6,-4,-7,-4,-8,-1,-3,0,0,0,0,0,0,0,0,0,0,0,0,0,0,0,0,0,0,-2,-1,-7,-2,-7,-1,-6,-1,-9,0,-10,1,-8,2,-7,1,-10,0,-11,-2,-8,1,-5,3,-4,0,-3,0,0,5,3,9,4,9,2,12,2,16,3,16,1,18,-2,21,-1,22,0,19,-1,19,-3,20,-5,19"
58.14434504508972,543,"CSI,589,128,83,49,21,0,-5,-15,-5,-9,-5,-6,-8,-5,-10,-2,-13,2,-16,5,-16,7,-17,6,-20,5,-21,5,-22,4,-22,0,-20,-2,-18,-1,-17,2,-15,2,-11,0,-8,0,-5,0,-3,2,-1,6,1,7,2,7,2,8,0,2,0,0,0,0,0,0,0,0,0,0,0,0,0,0,0,0,0,0,1,-1,6,-4,8,-4,7,-5,6,-4,8,-2,10,-3,9,-3,7,-2,6,-1,6,0,3,-1,2,-2,0,-5,-4,-9,-5,-12,-2,-12,0,-13,-3,-15,-5,-18,-6,-19,-7,-22,-5,-25,-2,-24,-3,-24,-4,-24,0,-21"
58.17511487007141,544,"CSI,942,128,75,-79,20,0,-17,-7,-14,-5,-9,-2,-4,1,0,6,0,12,-2,14,-1,12,-1,17,-4,23,-5,23,-6,20,-6,18,-5,17,-5,16,-5,16,-3,13,-2,8,-1,5,0,3,3,1,7,0,8,-2,8,-3,7,-1,1,0,0,0,0,0,0,0,0,0,0,0,0,0,0,0,0,0,0,0,1,-2,4,-7,4,-8,4,-6,4,-5,4,-8,4,-11,3,-9,3,-6,5,-4,5,-4,3,-3,0,-4,-2,-7,-6,-7,-9,-7,-13,-8,-14,-8,-15,-9,-17,-10,-21,-12,-22,-14,-20,-14,-20,-12,-21,-15,-20,-17,-22,-17"
58.24600291252136,545,"CSI,593,128,83,49,21,0,-17,-4,-11,-1,-6,3,-5,7,-5,10,-2,12,1,15,2,14,-1,15,-2,17,-4,20,-7,20,-8,20,-8,19,-6,16,-6,12,-8,10,-7,10,-3,8,0,5,3,4,5,1,6,0,7,0,8,0,2,0,0,0,0,0,0,0,0,0,0,0,0,0,0,0,0,0,0,0,-1,-2,-5,-6,-5,-5,-4,-8,-3,-11,-4,-11,-3,-10,0,-11,-1,-11,-3,-9,-2,-8,-3,-6,-4,-2,-4,1,-5,3,-10,3,-14,0,-17,-1,-19,1,-22,-1,-23,-3,-24,-4,-23,-5,-20,-7,-21,-6,-24,-2,-25,-2"
58.553581953048706,546,"CSI,605,128,83,49,21,0,9,-11,8,-11,3,-9,-2,-6,-7,-5,-13,-7,-13,-10,-9,-12,-9,-15,-12,-16,-13,-17,-15,-21,-14,-22,-10,-19,-7,-15,-5,-10,-4,-8,-4,-8,-3,-7,-5,-5,-6,-3,-5,0,-6,3,-7,5,-6,4,-2,0,0,0,0,0,0,0,0,0,0,0,0,0,0,0,0,0,0,0,1,-2,6,-6,7,-3,9,-2,10,-1,10,0,7,0,7,0,8,1,7,2,6,0,3,-2,0,-4,0,-5,1,-6,3,-8,4,-11,6,-14,7,-14,10,-15,10,-18,10,-20,13,-22,14,-22,15,-20,13,-20,9,-21"
58.65432596206665,547,"CSI,608,128,83,49,21,0,-12,12,-9,11,-6,8,1,7,7,8,10,7,11,3,12,-2,17,0,20,4,19,5,21,6,22,7,20,6,18,5,16,5,14,6,10,3,7,-1,6,-3,3,-3,-3,-4,-4,-7,-4,-9,-4,-10,-1,-3,0,0,0,0,0,0,0,0,0,0,0,0,0,0,0,0,0,0,-1,-2,-1,-7,-2,-8,-1,-9,1,-9,1,-9,-2,-10,-2,-9,0,-9,1,-7,0,-6,-1,-5,-2,-2,-4,3,-7,4,-7,4,-11,5,-14,5,-13,5,-16,6,-19,8,-18,11,-19,12,-19,14,-20,16,-21,15,-22,13"
58.7583327293396,548,"CSI,612,128,83,49,21,0,7,-14,4,-12,1,-10,-4,-7,-9,-6,-11,-7,-16,-8,-21,-10,-22,-13,-23,-13,-21,-12,-17,-14,-14,-14,-12,-13,-10,-15,-7,-14,-5,-9,-5,-6,-5,-2,-6,-1,-8,-1,-8,-1,-6,1,-6,6,-6,12,-2,3,0,0,0,0,0,0,0,0,0,0,0,0,0,0,0,0,0,0,1,-1,6,-3,8,-2,9,-2,8,0,8,2,9,5,9,7,8,6,7,6,5,5,4,2,5,-3,7,-4,7,-6,5,-9,5,-11,7,-12,9,-14,11,-16,11,-17,11,-20,11,-20,12,-18,15,-20,15,-19,12,-17"
58.83311891555786,549,"CSI,943,128,77,-47,20,0,-6,17,-5,13,0,7,5,3,9,1,13,0,18,-2,22,-5,21,-4,20,-1,22,2,24,5,22,6,17,8,12,11,10,10,9,7,7,4,3,3,2,0,3,-4,2,-7,1,-8,3,-9,6,-11,1,-4,0,0,0,0,0,0,0,0,0,0,0,0,0,0,0,0,0,0,-2,0,-6,2,-8,2,-9,1,-10,0,-10,-1,-9,-3,-7,-3,-9,-2,-10,-2,-9,0,-6,2,-4,2,-3,5,0,9,2,11,0,12,-2,13,0,15,-1,17,-2,19,-3,20,-1,22,0,21,-1,20,-1,20,2,19"
58.863616943359375,550,"CSI,944,128,77,-47,20,0,14,5,10,3,7,3,5,-1,5,-7,6,-12,11,-18,16,-22,15,-20,11,-17,11,-16,14,-16,16,-15,17,-12,15,-8,13,-6,10,-5,7,-6,5,-6,2,-4,0,-3,-3,-5,-7,-7,-8,-9,-9,-10,-3,-3,0,0,0,0,0,0,0,0,0,0,0,0,0,0,0,0,0,0,0,2,0,8,0,7,-1,7,-1,9,-1,9,-2,8,-4,8,-4,8,-2,7,-1,5,0,4,2,3,4,2,6,2,8,4,11,7,14,7,15,6,18,8,19,9,18,10,17,11,17,11,21,13,21,13,18,9"
58.89425611495972,551,"CSI,616,128,83,49,21,0,-13,11,-11,8,-5,5,-1,5,4,7,9,8,11,12,10,19,10,23,13,22,14,18,12,15,11,17,8,16,4,14,1,13,0,12,0,8,-1,5,0,4,4,1,6,-3,7,-5,8,-6,8,-6,2,-2,0,0,0,0,0,0,0,0,0,0,0,0,0,0,0,0,0,0,-2,-1,-9,-3,-10,-4,-12,-5,-11,-4,-10,-5,-8,-6,-6,-7,-5,-7,-5,-5,-5,-5,-3,-5,-3,-3,-4,0,-7,3,-10,5,-12,7,-11,9,-12,8,-15,8,-17,11,-19,12,-19,12,-18,12,-18,12,-18,13,-18,14"
59.092283725738525,552,"CSI,945,128,77,-47,20,0,-13,-9,-10,-9,-9,-7,-9,0,-7,6,-4,10,-3,10,-2,10,-7,14,-12,18,-14,18,-16,16,-16,16,-16,14,-16,11,-13,9,-10,6,-7,2,-2,-1,1,0,1,1,3,3,6,3,8,3,9,5,2,1,0,0,0,0,0,0,0,0,0,0,0,0,0,0,0,0,0,0,-2,-3,-5,-9,-3,-11,0,-12,-1,-12,-3,-9,-3,-8,0,-8,1,-9,-1,-8,-2,-5,-3,-6,-5,-8,-6,-7,-7,-6,-10,-6,-13,-6,-14,-4,-15,-2,-18,-3,-21,-3,-22,-4,-21,-6,-21,-9,-23,-13,-26,-15,-31,-14"
59.16500973701477,553,"CSI,629,128,83,49,21,0,1,20,-1,11,-1,5,2,3,6,-2,11,-7,12,-7,11,-3,15,-1,21,0,22,0,20,-2,20,-3,18,0,15,2,13,3,11,3,6,2,2,-1,1,-4,1,-6,1,-6,-2,-6,-4,-8,-5,-10,-2,-3,0,0,0,0,0,0,0,0,0,0,0,0,0,0,0,0,0,0,-2,0,-5,1,-5,0,-8,-1,-9,0,-9,0,-8,-1,-6,2,-5,4,-5,4,-6,4,-5,4,-3,4,-3,5,-2,7,-1,9,0,10,-2,12,-3,14,-2,16,-1,17,1,19,3,22,3,23,2,21,1,22,0,23"
59.37062191963196,554,"CSI,637,128,83,49,21,0,10,15,7,10,4,0,5,-4,5,-5,4,-7,8,-16,12,-23,10,-23,8,-23,8,-21,9,-18,12,-14,14,-12,13,-12,11,-10,10,-7,8,-6,4,-5,1,-3,-1,-3,-4,-5,-5,-6,-6,-6,-8,-6,-2,-2,0,0,0,0,0,0,0,0,0,0,0,0,0,0,0,0,0,0,-2,1,-5,5,-6,5,-9,5,-8,4,-5,4,-5,4,-4,4,-6,5,-9,4,-8,3,-4,5,0,6,2,6,3,7,5,8,7,11,8,14,10,16,11,17,13,17,14,17,14,18,16,18,18,15,19,14,18,15"
59.471561908721924,555,"CSI,640,128,83,49,21,0,17,1,14,1,9,0,3,-5,-1,-10,-1,-10,0,-16,0,-24,-1,-27,-1,-25,3,-22,6,-20,6,-21,6,-19,7,-16,7,-13,7,-10,6,-7,3,-5,-1,-4,-3,-4,-4,-4,-5,-2,-8,-1,-12,-1,-4,-1,0,0,0,0,0,0,0,0,0,0,0,0,0,0,0,0,0,0,1,1,5,5,4,7,3,8,3,9,4,9,1,10,1,9,2,9,4,9,3,8,3,5,6,2,8,2,6,2,6,1,9,0,14,0,15,1,15,0,17,-1,22,0,25,1,24,2,25,3,28,1,29,-2"
59.57743573188782,556,"CSI,645,128,83,49,21,0,12,-14,8,-11,4,-8,0,-7,-5,-8,-11,-7,-15,-5,-17,-3,-17,-6,-18,-11,-16,-14,-13,-15,-11,-16,-11,-17,-10,-16,-7,-12,-3,-9,-2,-7,-2,-6,-3,-4,-2,-1,-3,2,-5,4,-6,4,-6,4,-2,1,0,0,0,0,0,0,0,0,0,0,0,0,0,0,0,0,0,0,2,-1,7,-2,7,-2,6,-2,6,-2,6,-1,7,0,8,-1,8,0,7,1,6,-2,7,-2,8,-2,8,-3,8,-5,9,-9,8,-13,7,-15,7,-15,8,-17,10,-19,12,-20,12,-20,11,-18,10,-18,9,-18,9,-17"
59.884526014328,557,"CSI,654,128,83,49,21,0,-27,-8,-27,-9,-27,-7,-26,-6,-23,-5,-20,-5,-20,-7,-21,-8,-16,-5,-10,-2,-7,-1,-4,2,-3,5,-2,7,-3,10,-5,12,-5,13,-4,15,-5,15,-4,12,-4,11,-4,11,-4,8,-3,5,0,4,0,1,0,0,0,0,0,0,0,0,0,0,0,0,0,0,0,0,0,0,0,1,1,6,1,4,1,2,2,0,1,-3,1,-6,0,-7,-2,-8,-4,-12,-6,-17,-3,-18,1,-18,2,-20,3,-21,5,-21,5,-19,3,-17,2,-16,3,-15,2,-14,-2,-11,-6,-8,-8,-5,-12,-4,-18,-4,-20,-4"
59.98793888092041,558,"CSI,659,128,83,49,21,0,-24,-13,-24,-17,-24,-16,-23,-14,-20,-13,-18,-13,-16,-9,-15,-3,-11,-3,-8,-5,-7,-1,-6,1,-6,4,-7,6,-8,8,-11,9,-12,10,-11,10,-10,10,-10,8,-10,7,-8,6,-6,6,-3,6,-2,4,-1,0,0,0,0,0,0,0,0,0,0,0,0,0,0,0,0,0,0,0,0,0,-1,-1,-1,-1,0,0,0,-1,0,-4,-1,-7,-3,-7,-5,-7,-6,-9,-4,-14,-2,-18,-2,-18,0,-18,2,-20,5,-20,7,-18,5,-15,3,-14,2,-13,1,-11,-2,-9,-5,-6,-9,-6,-12,-5,-17,-6,-19,-7"
60.08672785758972,559,"CSI,662,128,83,49,21,0,11,21,11,26,10,24,8,22,7,22,5,22,4,22,6,19,6,12,4,6,5,5,6,3,7,0,9,-2,11,-3,11,-5,11,-4,12,-1,12,1,12,1,10,1,9,3,7,4,6,4,5,2,1,0,0,0,0,0,0,0,0,0,0,0,0,0,0,0,0,0,0,0,-2,-1,-4,-3,-2,-1,-3,0,-3,-1,-3,1,-3,5,-2,7,-1,8,-2,10,-3,14,-5,17,-7,16,-9,13,-12,13,-15,13,-17,11,-15,10,-14,9,-12,9,-8,9,-4,8,-1,7,0,8,2,10,8,10,14,10"
60.19138193130493,560,"CSI,667,128,83,49,21,0,-13,-23,-14,-25,-12,-22,-11,-20,-12,-21,-13,-23,-11,-23,-7,-22,-7,-17,-7,-9,-6,-5,-7,0,-7,4,-6,6,-6,7,-6,10,-8,13,-11,13,-14,13,-13,11,-8,9,-6,9,-5,9,-4,7,-3,6,-1,1,0,0,0,0,0,0,0,0,0,0,0,0,0,0,0,0,0,0,-1,1,-2,5,-2,4,-2,3,-1,2,1,0,3,-2,3,-3,5,-5,6,-6,8,-4,14,-2,18,-2,18,0,18,0,18,-1,17,1,15,1,14,0,13,-1,11,-2,10,-2,7,-3,3,-5,-2,-9,-4,-15,-4,-21"
60.294344902038574,561,"CSI,671,128,83,49,21,0,-12,23,-12,21,-11,18,-11,18,-11,19,-11,19,-13,18,-15,13,-10,11,-4,10,1,8,3,4,7,1,9,-1,10,-1,13,1,15,0,13,0,13,0,12,1,11,1,12,0,11,-3,10,-4,9,-1,2,0,0,0,0,0,0,0,0,0,0,0,0,0,0,0,0,0,0,0,1,-1,5,-1,5,-1,2,0,0,0,0,-2,-3,-3,-5,-2,-6,-3,-6,-6,-7,-6,-10,-6,-11,-11,-10,-16,-11,-17,-11,-17,-13,-16,-13,-13,-10,-11,-8,-10,-7,-8,-6,-5,-4,-2,-2,0,-4,4,-6,8,-6,10"
60.3940269947052,562,"CSI,674,128,83,49,21,0,2,21,1,25,-1,25,-2,23,-2,22,-5,21,-7,22,-7,23,-2,16,1,8,4,6,7,4,9,2,11,1,12,2,13,3,14,3,16,4,15,6,11,5,9,4,9,4,9,4,7,3,6,4,1,1,0,0,0,0,0,0,0,0,0,0,0,0,0,0,0,0,0,0,-1,-2,-4,-5,-1,-5,0,-4,-1,-1,-2,1,-4,2,-7,3,-8,3,-8,5,-10,7,-12,8,-15,10,-16,10,-17,7,-19,5,-18,5,-16,1,-16,-2,-16,1,-15,3,-12,2,-9,3,-5,6,-2,10,-1,16,2,21"
60.49749970436096,563,"CSI,678,128,83,49,21,0,-24,-6,-22,-5,-23,-4,-24,-4,-24,-4,-24,-4,-22,-5,-15,-5,-8,-4,-7,-2,-5,0,-3,3,0,5,3,7,6,10,6,14,4,16,4,15,2,13,0,10,1,11,1,11,0,9,-1,6,-2,4,-1,0,0,0,0,0,0,0,0,0,0,0,0,0,0,0,0,0,0,0,0,1,1,5,1,4,1,2,1,1,1,1,1,-2,2,-7,4,-9,5,-10,6,-13,7,-15,9,-17,11,-18,10,-18,8,-19,8,-17,7,-15,5,-16,3,-14,2,-11,0,-10,-2,-11,-5,-10,-9,-8,-13,-8,-13,-6"
60.70092797279358,564,"CSI,686,128,83,49,21,0,21,9,22,9,22,8,22,10,22,11,21,10,18,10,14,7,9,5,6,3,4,0,5,-4,5,-7,4,-10,3,-12,4,-14,5,-15,4,-14,4,-12,5,-11,6,-8,7,-6,7,-5,6,-5,6,-5,1,-2,0,0,0,0,0,0,0,0,0,0,0,0,0,0,0,0,0,0,-2,-1,-6,-1,-4,-1,-4,-1,-4,-2,0,-1,3,1,0,4,-1,5,2,9,4,13,2,15,0,18,0,20,0,19,-1,18,-4,19,-4,18,-1,16,-1,15,-1,12,1,11,2,11,3,12,6,10,9,6,11,1"
60.908318758010864,565,"CSI,694,128,83,49,21,0,-18,23,-18,20,-17,18,-17,20,-15,21,-14,19,-13,14,-10,9,-8,6,-7,5,-3,3,2,3,4,5,6,6,10,6,12,5,12,5,12,7,12,9,11,8,9,6,9,5,8,6,5,4,3,2,0,0,0,0,0,0,0,0,0,0,0,0,0,0,0,0,0,0,0,0,1,0,6,0,5,1,3,0,-1,-1,-2,-1,-2,-2,-6,-4,-9,-7,-10,-8,-10,-9,-10,-13,-10,-16,-11,-16,-12,-17,-12,-18,-11,-17,-9,-15,-9,-13,-8,-13,-8,-10,-9,-7,-8,-7,-8,-6,-10,-1,-11,6,-13,11"
61.0109589099884,566,"CSI,946,128,98,32,6,0,-9,-26,-7,-28,-3,-29,-4,-27,-6,-25,-4,-23,-3,-22,-3,-23,-2,-17,-3,-10,-5,-6,-6,-3,-7,-2,-8,-2,-10,-1,-13,2,-16,4,-17,4,-15,2,-14,1,-14,0,-14,0,-12,1,-11,0,-10,0,-3,0,0,0,0,0,0,0,0,0,0,0,0,0,0,0,0,0,0,0,0,2,0,6,-1,4,0,3,1,1,1,0,3,-2,6,-6,8,-7,9,-6,13,-6,15,-7,16,-9,19,-5,20,-1,18,-3,17,-6,18,-6,15,-4,12,-4,12,-5,11,-5,9,-5,7,-9,3,-14,-2,-18,-4,-21"
61.11427092552185,567,"CSI,703,128,83,49,21,0,-29,-10,-29,-12,-25,-9,-23,-9,-23,-11,-23,-12,-23,-9,-23,-3,-17,0,-8,0,-3,2,-5,5,-5,5,-5,7,-6,10,-7,10,-7,11,-8,12,-7,13,-7,12,-8,10,-9,8,-7,5,-6,4,-6,3,-2,1,0,0,0,0,0,0,0,0,0,0,0,0,0,0,0,0,0,0,1,0,6,2,4,1,1,0,-1,-1,-2,-2,-2,-4,-3,-5,-3,-7,-2,-11,-2,-14,-3,-18,-3,-21,-1,-20,-1,-20,-1,-22,2,-22,4,-20,5,-16,4,-15,3,-13,3,-11,-1,-10,-8,-8,-13,-6,-16,-5,-18,-2"
61.21200489997864,568,"CSI,707,128,83,49,21,0,24,4,24,3,26,3,24,5,22,6,20,5,15,7,11,10,10,9,7,5,6,-1,6,-7,4,-9,4,-11,4,-13,5,-15,6,-15,7,-14,7,-12,8,-12,8,-12,7,-11,7,-9,6,-7,5,-7,1,-2,0,0,0,0,0,0,0,0,0,0,0,0,0,0,0,0,0,0,-1,0,-3,2,-3,0,-4,1,-3,0,1,-1,3,-1,7,1,7,3,6,6,7,10,7,13,8,16,9,18,8,18,6,16,5,16,3,17,1,19,1,18,2,14,5,9,8,6,10,6,13,5,16,2,20,-2"
61.31762886047363,569,"CSI,710,128,83,49,21,0,-7,-27,-5,-27,-5,-27,-6,-27,-6,-26,-7,-24,-5,-23,0,-22,2,-15,-1,-8,-6,-3,-7,0,-8,3,-10,5,-13,7,-15,7,-14,6,-12,6,-10,7,-11,6,-11,4,-9,5,-7,4,-7,4,-6,5,-2,1,0,0,0,0,0,0,0,0,0,0,0,0,0,0,0,0,0,0,-1,1,-3,5,-3,4,-2,4,-1,2,2,0,3,-2,4,-3,8,-1,12,-1,15,-3,18,-4,19,-2,21,-2,21,-3,20,-2,19,-2,19,-2,18,-1,16,-3,12,-5,11,-5,9,-4,6,-7,1,-11,-3,-15,-4,-21"
61.58280086517334,570,"CSI,948,128,75,-79,20,0,-6,26,-6,24,-6,23,-4,25,-3,26,-2,25,-2,19,-2,12,-1,7,-2,4,-2,3,0,3,4,4,6,6,9,5,12,5,13,5,11,8,9,11,9,11,8,10,8,9,6,7,5,7,4,6,1,1,0,0,0,0,0,0,0,0,0,0,0,0,0,0,0,0,0,0,-2,-1,-5,-2,-5,-1,-5,-1,-4,0,-5,2,-5,3,-5,4,-5,6,-7,7,-11,9,-15,11,-17,9,-20,8,-21,8,-21,5,-20,2,-19,2,-18,2,-16,4,-11,7,-6,9,-4,8,-3,7,-5,12,-6,17,-7,19"
61.62222981452942,571,"CSI,722,128,83,49,21,0,21,3,21,2,22,2,24,4,22,6,19,5,21,7,23,11,18,9,11,2,8,-3,4,-6,2,-6,4,-8,8,-12,9,-14,11,-13,12,-11,10,-9,9,-10,8,-11,7,-9,9,-6,9,-5,8,-5,2,-2,0,0,0,0,0,0,0,0,0,0,0,0,0,0,0,0,0,0,-1,1,-3,3,-1,1,1,0,1,0,3,1,5,3,6,4,7,6,8,6,10,7,12,10,13,12,11,13,10,17,9,21,8,21,9,18,10,16,11,14,11,12,9,10,9,8,12,4,14,-1,15,-3,19,-4"
61.72509002685547,572,"CSI,727,128,83,49,21,0,-5,23,-7,25,-7,25,-7,25,-7,21,-7,17,-7,16,-3,14,0,8,0,5,2,4,4,5,6,6,6,6,8,7,12,8,11,10,10,10,8,9,8,9,7,8,6,7,5,8,4,8,3,4,0,0,0,0,0,0,0,0,0,0,0,0,0,0,0,0,0,0,0,0,-1,-2,-3,-4,-3,-1,-3,1,-3,2,-2,3,-2,6,-4,6,-6,5,-6,7,-8,10,-13,11,-16,12,-17,10,-17,9,-18,6,-19,4,-16,5,-14,4,-14,2,-13,3,-11,5,-7,6,-5,8,-4,13,-3,17,-2,23"
61.83362674713135,573,"CSI,731,128,83,49,21,0,-12,-23,-12,-23,-12,-22,-12,-22,-10,-24,-9,-24,-11,-20,-14,-18,-11,-15,-7,-9,-6,-5,-7,-4,-10,-4,-14,-4,-16,-3,-15,-4,-14,-4,-15,-3,-15,-4,-14,-5,-12,-5,-10,-5,-10,-4,-8,-4,-4,-6,-1,-2,0,0,0,0,0,0,0,0,0,0,0,0,0,0,0,0,0,0,2,-1,7,-2,5,-2,4,-3,2,-4,-2,-6,-4,-6,-4,-4,-5,-5,-5,-9,-6,-14,-3,-19,0,-22,0,-22,1,-19,4,-18,5,-18,4,-16,3,-13,3,-13,1,-14,-2,-13,-3,-11,-5,-11,-11,-13,-16,-15,-17,-15"
61.93028688430786,574,"CSI,735,128,83,49,21,0,23,16,21,16,18,13,17,11,17,13,18,15,15,15,11,13,10,8,8,2,7,-1,9,0,10,-1,11,-4,11,-6,11,-7,11,-9,11,-11,12,-10,13,-7,11,-7,9,-6,7,-4,5,-2,5,0,1,0,0,0,0,0,0,0,0,0,0,0,0,0,0,0,0,0,0,0,-1,-2,-4,-3,-4,1,-2,-1,1,-2,2,1,2,4,3,8,3,11,2,11,1,13,-2,16,-4,19,-4,20,-3,18,-5,15,-5,14,-4,11,-3,9,-3,9,-1,8,2,8,5,6,8,5,12,7,13,11,15,13"
62.036733865737915,575,"CSI,738,128,83,49,21,0,-4,-25,-4,-25,-3,-25,0,-23,2,-20,1,-20,2,-20,5,-16,3,-15,-1,-11,-2,-7,-4,-7,-8,-7,-10,-5,-12,-4,-13,-4,-14,-6,-14,-7,-13,-7,-12,-9,-12,-9,-10,-8,-6,-7,-5,-6,-6,-6,-2,-2,0,0,0,0,0,0,0,0,0,0,0,0,0,0,0,0,0,0,1,1,5,4,3,2,0,-1,-1,-1,-1,-3,-1,-7,-1,-9,1,-10,3,-11,5,-14,7,-17,9,-18,12,-16,12,-14,12,-12,17,-12,16,-11,12,-10,11,-10,8,-11,3,-11,1,-12,2,-13,-2,-16,-7,-20,-10,-21"
62.137152910232544,576,"CSI,743,128,83,49,21,0,3,-21,5,-22,8,-20,9,-19,7,-20,2,-19,2,-22,5,-25,1,-21,-5,-14,-7,-11,-6,-10,-6,-6,-9,-4,-13,-6,-13,-7,-13,-6,-13,-8,-13,-9,-13,-7,-12,-5,-10,-4,-8,-5,-7,-7,-6,-6,-2,-2,0,0,0,0,0,0,0,0,0,0,0,0,0,0,0,0,0,0,-1,1,0,5,1,3,0,0,1,-1,4,-1,5,-4,6,-5,7,-6,8,-8,10,-9,12,-10,16,-9,17,-7,18,-5,20,-3,20,-1,17,2,13,2,10,0,11,-1,9,-3,4,-7,3,-9,5,-12,6,-17,6,-21"
62.24067497253418,577,"CSI,747,128,83,49,21,0,4,-25,5,-24,5,-21,3,-17,2,-17,5,-19,6,-18,2,-17,-3,-13,-4,-8,-2,-6,-3,-8,-6,-9,-8,-10,-10,-10,-11,-10,-11,-9,-11,-10,-10,-13,-8,-13,-7,-11,-8,-10,-7,-8,-4,-7,-3,-7,-1,-2,0,0,0,0,0,0,0,0,0,0,0,0,0,0,0,0,0,0,0,-1,3,0,2,0,1,-1,0,-2,1,-2,1,-2,1,-4,2,-7,6,-9,8,-12,11,-14,14,-13,16,-10,17,-8,16,-7,15,-6,15,-4,15,-3,12,-5,9,-8,8,-10,6,-11,3,-10,0,-13,-1,-16,0,-16"
62.44423699378967,578,"CSI,754,128,83,49,21,0,-24,8,-24,7,-22,3,-20,3,-20,5,-20,3,-16,3,-9,5,-6,4,-7,2,-7,4,-7,5,-7,6,-6,11,-6,15,-6,15,-6,13,-9,9,-9,6,-7,8,-6,9,-6,7,-7,8,-7,8,-7,6,-2,1,0,0,0,0,0,0,0,0,0,0,0,0,0,0,0,0,0,0,-1,-1,-3,-4,-1,-4,-1,-6,-5,-5,-7,0,-7,3,-8,4,-10,4,-11,3,-12,2,-17,0,-18,-2,-16,-5,-15,-6,-16,-7,-17,-8,-16,-9,-12,-8,-10,-7,-8,-6,-7,-4,-9,0,-12,4,-15,7,-17,10,-18,11"
62.54228687286377,579,"CSI,758,128,83,49,21,0,18,18,19,18,16,18,13,16,13,14,10,15,9,13,9,6,6,2,4,3,3,3,3,2,7,2,11,1,12,-2,13,0,13,4,13,4,11,2,8,1,7,2,7,1,7,1,7,2,8,2,2,0,0,0,0,0,0,0,0,0,0,0,0,0,0,0,0,0,0,0,-1,0,-3,2,-2,3,-2,2,-2,2,-1,3,3,2,6,2,6,6,7,10,9,12,7,15,2,17,1,18,0,18,-3,17,-6,17,-5,15,-2,13,0,11,1,10,1,8,1,7,4,10,8,12,11,12,14,13"
62.65293788909912,580,"CSI,763,128,83,49,21,0,-21,-18,-21,-17,-19,-16,-19,-16,-20,-16,-17,-16,-14,-15,-17,-12,-13,-7,-8,-5,-6,-5,-6,-3,-7,0,-11,0,-14,0,-12,1,-11,2,-10,0,-10,-1,-11,-2,-12,-2,-11,-2,-8,-2,-5,-3,-4,-5,-1,-2,0,0,0,0,0,0,0,0,0,0,0,0,0,0,0,0,0,0,0,-1,1,-3,2,-3,1,-4,-3,-4,-5,-4,-5,-3,-6,-3,-8,-4,-9,-7,-10,-11,-11,-14,-10,-16,-9,-18,-7,-21,-3,-20,-2,-18,-3,-16,-4,-14,-3,-13,-2,-13,-3,-13,-4,-12,-7,-9,-13,-9,-17,-9,-18,-10"
62.85165476799011,581,"CSI,771,128,83,49,21,0,20,-9,23,-10,23,-9,21,-6,20,-4,18,-4,16,-4,18,-6,15,-6,9,-5,5,-5,2,-8,1,-11,1,-13,2,-13,4,-14,6,-14,7,-12,7,-12,5,-13,6,-14,5,-12,4,-9,3,-8,3,-6,0,-2,0,0,0,0,0,0,0,0,0,0,0,0,0,0,0,0,0,0,0,1,0,5,-1,2,0,1,3,0,5,0,6,1,8,0,10,-1,11,-2,14,0,17,4,19,7,18,7,16,7,15,10,16,13,14,11,10,7,9,7,9,7,9,2,9,-3,14,-3,19,-2,20,-4,20,-6"
62.95302391052246,582,"CSI,774,128,83,49,21,0,19,15,18,15,17,13,18,12,18,14,16,16,11,12,5,3,3,1,3,4,2,3,4,-1,7,-4,7,-6,8,-6,12,-6,12,-5,12,-3,12,-3,10,-3,8,-4,8,-3,8,-1,8,-2,8,-4,2,-1,0,0,0,0,0,0,0,0,0,0,0,0,0,0,0,0,0,0,-2,0,-5,3,-2,2,-2,2,0,3,4,1,6,1,5,4,4,8,7,11,9,13,8,15,8,19,8,21,5,19,1,17,-1,18,-2,17,-3,13,0,11,1,12,2,11,4,10,8,10,14,10,17,9,18,7"
63.0559778213501,583,"CSI,778,128,83,49,21,0,20,10,19,10,21,10,22,11,19,10,18,10,14,11,7,9,5,6,5,3,5,-1,6,-5,5,-8,4,-10,4,-12,5,-11,7,-11,8,-13,7,-13,7,-9,7,-8,7,-9,7,-9,4,-8,2,-6,0,-1,0,0,0,0,0,0,0,0,0,0,0,0,0,0,0,0,0,0,0,0,-2,0,-5,-1,-4,0,-2,3,0,5,1,5,3,6,2,9,1,11,1,14,1,17,0,19,-1,21,-4,19,-6,19,-5,17,-4,14,-3,13,-4,15,-4,14,-1,12,4,9,9,6,12,6,14,7,15,6"
63.161762952804565,584,"CSI,783,128,83,49,21,0,-12,18,-14,19,-14,20,-15,20,-15,18,-13,16,-9,12,-5,5,-4,1,-6,2,-6,2,-3,2,0,3,5,6,9,10,8,12,6,13,6,12,6,12,6,11,6,9,4,9,1,11,0,10,-2,6,-1,1,0,0,0,0,0,0,0,0,0,0,0,0,0,0,0,0,0,0,-1,-1,-2,-4,-2,-4,-4,-3,-5,-1,-4,1,-6,2,-8,1,-10,2,-13,2,-16,2,-19,2,-19,0,-19,0,-20,-1,-21,-3,-21,-2,-18,0,-18,1,-19,2,-18,1,-17,1,-14,4,-10,8,-10,12,-11,14,-11,14"
63.36736989021301,585,"CSI,791,128,83,49,21,0,-26,-9,-25,-9,-22,-9,-18,-7,-15,-7,-14,-7,-15,-10,-15,-14,-12,-9,-8,-2,-7,-1,-4,2,-3,6,-6,8,-7,10,-6,11,-7,11,-7,10,-7,10,-8,9,-9,9,-8,10,-7,9,-7,6,-7,2,-2,0,0,0,0,0,0,0,0,0,0,0,0,0,0,0,0,0,0,0,0,-1,3,-3,2,-2,0,-3,-1,-4,-2,-5,-3,-6,-4,-6,-4,-6,-4,-6,-6,-8,-9,-12,-9,-15,-6,-16,-2,-18,1,-19,-2,-17,-4,-16,-3,-15,-3,-13,-4,-11,-5,-9,-8,-7,-12,-5,-16,-4,-21,-4,-24,-4"
63.53331279754639,586,"CSI,1431,128,83,49,21,0,-9,-2,-10,-3,-9,-3,-7,-2,-4,0,-3,2,-6,2,-8,1,-9,2,-11,6,-10,6,-8,6,-8,5,-9,1,-9,-2,-8,-2,-9,-1,-8,1,-5,1,-3,-1,-2,1,-2,2,-2,1,-2,3,-3,4,-1,1,0,0,0,0,0,0,0,0,0,0,0,0,0,0,0,0,0,0,-1,-1,-2,-4,-4,-2,-4,-2,-4,-2,-5,-2,-5,-2,-7,-3,-8,-4,-5,-5,-2,-8,-4,-8,-6,-6,-4,-5,-4,-6,-3,-4,0,-3,0,-3,-5,-2,-8,0,-9,0,-10,1,-12,1,-12,0,-12,0,-13,0,-13,-2"
63.56696081161499,587,"CSI,799,128,83,49,21,0,21,14,20,14,17,14,15,15,16,15,14,12,14,10,17,11,12,9,7,5,8,3,8,2,8,0,10,-5,9,-8,9,-9,12,-7,12,-5,13,-5,13,-5,13,-4,12,-3,8,-2,7,1,7,1,1,0,0,0,0,0,0,0,0,0,0,0,0,0,0,0,0,0,0,0,-2,1,-6,5,-5,2,-3,0,0,2,3,4,4,4,3,5,3,8,4,9,6,11,6,12,2,13,1,15,2,17,2,18,1,16,-2,14,-1,13,1,13,0,11,-1,8,2,8,9,8,10,6,11,5,17,5"
63.67072510719299,588,"CSI,803,128,83,49,21,0,8,23,6,24,5,24,7,23,6,22,4,22,4,17,3,9,2,8,2,9,6,6,9,4,9,2,6,2,8,1,11,0,13,0,13,-1,13,-2,13,-2,10,-1,9,-1,10,-1,9,0,6,-1,1,-1,0,0,0,0,0,0,0,0,0,0,0,0,0,0,0,0,0,0,-2,-1,-5,-3,-4,-1,-3,1,-2,2,-2,2,-4,4,-5,7,-5,9,-6,10,-10,12,-13,13,-13,12,-14,11,-14,10,-14,9,-15,9,-15,7,-13,7,-11,9,-8,11,-3,10,-1,9,1,8,3,10,4,14,2,18"
63.773653984069824,589,"CSI,807,128,83,49,21,0,-4,23,-4,26,-5,26,-6,24,-5,21,-4,19,-6,13,-10,6,-8,6,-1,9,1,7,1,6,4,5,8,2,9,1,12,1,16,0,15,1,12,2,11,4,10,5,9,5,7,2,5,0,6,1,1,0,0,0,0,0,0,0,0,0,0,0,0,0,0,0,0,0,0,0,-1,-2,-2,-5,-2,-3,-2,-1,-2,-1,-4,0,-6,2,-8,4,-9,5,-11,5,-12,3,-14,4,-15,6,-15,5,-17,4,-21,2,-20,-2,-17,-3,-16,0,-15,2,-14,1,-12,2,-10,4,-5,6,-4,11,-6,17,-7,19"
63.87972402572632,590,"CSI,811,128,83,49,21,0,-22,0,-21,-2,-21,-2,-21,1,-21,1,-20,-3,-19,-2,-19,3,-15,3,-9,0,-5,1,-5,3,-6,6,-5,10,-3,13,-4,15,-6,15,-7,14,-7,11,-6,10,-5,10,-4,10,-4,8,-4,6,-3,5,-1,1,0,0,0,0,0,0,0,0,0,0,0,0,0,0,0,0,0,0,0,-1,2,-2,2,-3,-1,-3,-3,-3,-2,-3,-2,-3,-5,-5,-8,-7,-9,-10,-11,-14,-13,-15,-12,-16,-10,-17,-10,-16,-10,-17,-7,-19,-3,-17,-5,-16,-7,-15,-6,-12,-6,-8,-7,-8,-8,-7,-12,-3,-18,-1,-19,-2"
63.98140573501587,591,"CSI,815,128,83,49,21,0,-23,9,-22,7,-21,7,-21,7,-20,6,-18,5,-15,5,-12,7,-11,4,-8,-1,-6,0,-6,3,-3,5,0,8,0,10,-1,11,-2,12,1,12,1,12,-1,11,0,9,-1,11,-1,13,0,10,0,6,0,1,0,0,0,0,0,0,0,0,0,0,0,0,0,0,0,0,0,0,0,-1,2,-4,1,-3,0,-7,-2,-8,-4,-5,-8,-2,-10,-1,-10,-3,-11,-6,-12,-8,-13,-8,-12,-9,-13,-11,-15,-11,-15,-12,-11,-13,-8,-13,-10,-13,-10,-12,-10,-9,-12,-5,-12,-2,-10,2,-14,4,-17,7,-15,9"
64.08104085922241,592,"CSI,819,128,83,49,21,0,24,-8,24,-8,22,-8,20,-8,18,-7,15,-7,16,-11,16,-12,12,-8,7,-5,3,-5,1,-7,-1,-8,-3,-9,-4,-10,-5,-12,-5,-13,-4,-12,-4,-12,-4,-13,-2,-12,-1,-10,0,-9,1,-6,-1,-5,-1,-2,0,0,0,0,0,0,0,0,0,0,0,0,0,0,0,0,0,0,-1,0,-3,2,-2,2,0,2,1,2,3,1,6,1,7,1,7,1,8,3,10,7,13,12,13,14,13,13,14,14,13,16,10,15,10,11,9,8,7,8,6,9,5,6,7,3,9,0,12,-2,16,-6,16,-8"
64.18238306045532,593,"CSI,823,128,83,49,21,0,25,-5,25,-1,24,-1,21,-3,20,-2,19,2,15,2,8,-3,5,-3,4,-3,2,-4,2,-5,3,-7,2,-8,6,-12,9,-15,9,-16,9,-13,9,-12,7,-11,7,-12,9,-11,9,-9,5,-7,2,-5,0,-2,0,0,0,0,0,0,0,0,0,0,0,0,0,0,0,0,0,0,-1,0,-1,1,0,0,1,1,4,2,6,1,5,2,7,3,10,3,12,3,12,4,14,5,13,8,11,12,11,13,12,13,12,12,10,11,8,12,7,13,7,11,7,7,7,3,9,-1,11,-4,10,-5,11,-6"
64.28520488739014,594,"CSI,827,128,83,49,21,0,23,-8,23,-7,22,-9,20,-8,18,-4,16,-4,13,-4,9,1,7,0,5,-3,1,-5,0,-8,-1,-11,-2,-14,-2,-15,-4,-14,-3,-13,-1,-12,1,-12,2,-13,2,-13,2,-13,2,-11,2,-9,2,-9,0,-3,0,0,0,0,0,0,0,0,0,0,0,0,0,0,0,0,0,0,-1,0,-3,1,-2,0,0,0,1,2,3,1,4,0,6,1,9,3,9,4,10,9,11,11,10,11,8,12,11,13,11,11,8,11,6,12,5,12,3,8,5,7,8,4,6,1,6,-3,10,-5,13,-6,14,-8"
64.38593578338623,595,"CSI,831,128,83,49,21,0,24,3,24,5,19,6,17,6,17,4,17,3,18,4,20,4,16,1,10,-2,8,-2,8,-3,7,-6,8,-9,9,-12,7,-12,7,-10,9,-10,8,-10,7,-10,10,-10,10,-9,7,-8,5,-6,4,-5,1,-1,0,0,0,0,0,0,0,0,0,0,0,0,0,0,0,0,0,0,-2,0,-6,2,-4,1,0,0,2,1,0,1,1,1,3,4,6,6,8,7,9,9,9,10,9,13,6,18,4,19,3,18,2,17,1,15,0,12,0,11,1,11,3,8,7,5,9,3,11,2,14,1,16,-1"
64.4240448474884,596,"CSI,950,128,77,-47,20,0,-25,-9,-24,-8,-20,-8,-21,-8,-21,-8,-18,-9,-17,-9,-19,-9,-17,-5,-13,0,-10,3,-9,3,-9,3,-10,4,-11,7,-12,7,-12,7,-11,8,-12,9,-12,6,-11,6,-9,5,-9,2,-8,1,-7,1,-2,0,0,0,0,0,0,0,0,0,0,0,0,0,0,0,0,0,0,0,-1,-1,-2,-3,-2,-1,-2,0,-2,0,-3,-3,-4,-5,-6,-6,-8,-5,-7,-6,-8,-8,-11,-10,-11,-13,-9,-15,-7,-16,-5,-17,-4,-16,-3,-16,-3,-15,-5,-12,-4,-9,-2,-7,-3,-5,-8,-4,-13,-3,-17,-2,-16,-2"
64.45113801956177,597,"CSI,951,128,77,-47,20,0,22,2,21,2,20,-1,20,-1,20,1,21,2,18,3,12,3,9,0,9,-2,8,-1,7,-2,6,-4,3,-7,2,-11,3,-13,5,-13,5,-14,3,-13,4,-11,6,-11,6,-9,5,-6,4,-6,3,-6,0,-2,0,0,0,0,0,0,0,0,0,0,0,0,0,0,0,0,0,0,-2,-1,-6,-2,-4,0,-2,0,1,0,2,2,3,4,4,4,4,5,4,10,4,14,6,15,6,15,5,17,4,18,4,18,4,16,3,14,2,12,1,11,1,9,2,10,4,7,8,1,16,-2,22,-4,20,-4"
64.49194693565369,598,"CSI,834,128,83,49,21,0,14,-25,15,-23,16,-22,15,-19,13,-17,13,-18,11,-16,6,-15,1,-12,-2,-10,-2,-8,-2,-6,-4,-4,-7,-7,-9,-9,-9,-11,-10,-13,-10,-13,-9,-11,-8,-10,-8,-12,-6,-12,-5,-9,-3,-8,-2,-8,-1,-2,0,0,0,0,0,0,0,0,0,0,0,0,0,0,0,0,0,0,-1,1,0,4,2,3,4,1,2,-1,0,0,1,1,3,0,6,-2,9,-2,13,-1,16,0,17,0,17,2,18,4,16,4,15,4,14,5,13,5,14,3,12,0,9,-3,8,-6,7,-10,5,-15,4,-16,4,-17"
64.59094977378845,599,"CSI,839,128,83,49,21,0,23,0,21,2,20,5,21,5,23,2,22,0,15,0,6,4,4,3,6,1,7,-2,9,-4,8,-7,6,-9,6,-9,9,-9,12,-9,12,-9,12,-6,12,-3,11,-2,10,-2,10,-3,8,-4,5,-4,1,-1,0,0,0,0,0,0,0,0,0,0,0,0,0,0,0,0,0,0,-1,1,-2,4,-2,3,0,2,2,2,4,1,5,0,6,2,6,4,7,5,10,7,14,11,14,14,12,14,11,13,10,13,9,13,7,14,7,15,7,14,6,10,6,7,8,6,11,3,13,0,17,-2,23,-2"
64.69679307937622,600,"CSI,843,128,83,49,21,0,-1,24,-1,24,0,24,0,21,1,18,1,16,-3,13,-7,9,-5,8,-2,8,2,8,6,7,8,2,8,0,9,3,10,5,11,3,12,2,12,3,10,4,9,3,7,3,7,3,7,3,5,4,0,1,0,0,0,0,0,0,0,0,0,0,0,0,0,0,0,0,0,0,-2,-2,-4,-7,-2,-3,-2,1,-3,2,-2,2,-3,4,-6,7,-8,8,-11,9,-14,10,-14,11,-15,11,-15,8,-16,6,-18,6,-18,8,-16,6,-14,2,-13,3,-11,5,-8,6,-4,7,1,9,3,13,0,17,-1,18"
64.7977089881897,601,"CSI,846,128,83,49,21,0,-13,19,-14,18,-14,18,-12,18,-9,17,-10,17,-9,15,-1,11,1,6,-2,5,-2,7,1,8,3,9,5,9,6,7,7,8,7,11,6,14,4,13,4,12,5,12,4,10,1,7,2,6,2,7,0,1,0,0,0,0,0,0,0,0,0,0,0,0,0,0,0,0,0,0,-2,-1,-4,-1,-3,1,-2,2,-2,3,-1,5,-3,8,-4,7,-4,6,-8,9,-13,12,-15,13,-17,13,-18,11,-16,6,-14,2,-16,3,-16,3,-16,1,-16,1,-15,3,-10,5,-7,7,-7,9,-5,12,-3,16,-4,17"
64.89941883087158,602,"CSI,850,128,83,49,21,0,13,21,13,19,12,17,8,18,5,18,7,17,6,13,0,9,0,8,3,7,5,4,6,2,7,-2,9,-2,12,-1,14,-2,14,-2,12,-1,11,-1,11,-1,11,1,10,1,8,0,8,-1,9,0,2,0,0,0,0,0,0,0,0,0,0,0,0,0,0,0,0,0,0,0,-2,-1,-6,0,-4,0,-3,-1,-2,-1,-1,2,0,5,0,7,-1,9,-2,11,-4,14,-7,18,-8,19,-8,19,-9,18,-11,17,-11,17,-9,17,-8,15,-9,12,-9,9,-5,9,-1,8,3,6,7,7,11,12,13,14"
65.00792074203491,603,"CSI,854,128,83,49,21,0,-24,-4,-24,-4,-24,-7,-22,-7,-20,-4,-19,-5,-19,-5,-18,-2,-14,1,-8,1,-6,3,-6,5,-8,6,-7,8,-6,10,-8,10,-10,9,-9,10,-10,11,-11,10,-9,6,-6,4,-6,5,-6,3,-5,1,-1,0,0,0,0,0,0,0,0,0,0,0,0,0,0,0,0,0,0,0,0,-2,0,-4,1,-1,1,-1,0,-3,-1,-4,-3,-4,-5,-5,-7,-6,-8,-7,-9,-9,-9,-13,-10,-17,-7,-19,-4,-21,-3,-22,-3,-19,-2,-16,-1,-15,-4,-12,-6,-10,-6,-10,-5,-9,-7,-8,-10,-6,-15,-4,-19,-4"
65.03863906860352,604,"CSI,952,128,77,-47,20,0,-25,-10,-22,-10,-20,-7,-18,-8,-19,-9,-16,-9,-12,-5,-13,2,-10,6,-6,5,-5,5,-7,6,-5,9,-2,12,-2,12,-4,12,-6,11,-5,10,-4,10,-5,11,-6,11,-6,10,-6,8,-6,6,-6,5,-2,1,0,0,0,0,0,0,0,0,0,0,0,0,0,0,0,0,0,0,2,0,7,-1,4,-1,3,0,3,-1,1,-3,1,-7,1,-8,0,-10,-2,-12,-1,-14,0,-17,0,-19,3,-18,3,-17,3,-19,5,-22,6,-21,4,-17,2,-13,0,-10,-1,-9,-5,-7,-10,-4,-14,-5,-17,-5,-18,-4"
65.06768679618835,605,"CSI,953,128,77,-47,20,0,15,13,14,14,16,15,16,17,14,17,13,15,12,10,6,4,4,2,7,2,8,0,7,-2,10,-6,13,-9,15,-8,15,-7,14,-6,15,-5,15,-5,13,-3,12,-1,10,0,8,-3,8,-3,8,-2,2,-1,0,0,0,0,0,0,0,0,0,0,0,0,0,0,0,0,0,0,-2,0,-5,1,-4,2,-3,2,0,2,2,4,3,5,3,6,2,8,2,11,3,15,4,19,3,19,0,17,-1,16,-2,18,-5,19,-6,18,-4,14,-4,12,-5,11,-2,9,4,7,7,7,10,9,16,9,19,9"
65.10874795913696,606,"CSI,858,128,83,49,21,0,-24,-4,-21,-5,-18,-5,-17,-5,-18,-5,-17,-6,-15,-5,-14,0,-10,1,-7,-1,-7,-2,-8,0,-8,5,-7,9,-8,10,-11,11,-13,9,-13,6,-12,5,-12,4,-11,4,-10,5,-8,6,-6,4,-5,1,-2,0,0,0,0,0,0,0,0,0,0,0,0,0,0,0,0,0,0,0,0,-1,-1,-3,-2,-2,-3,-1,-5,-1,-6,-1,-7,-2,-9,-1,-9,-1,-10,-3,-13,-5,-17,-6,-17,-8,-16,-10,-16,-13,-14,-15,-12,-15,-10,-14,-7,-13,-6,-11,-6,-10,-6,-8,-7,-5,-8,-2,-11,1,-15,2,-19,3"
65.30882287025452,607,"CSI,866,128,83,49,21,0,21,-9,21,-9,21,-8,23,-6,22,-6,18,-6,13,-7,7,-11,3,-9,4,-7,4,-6,4,-6,2,-10,0,-14,2,-17,3,-17,3,-17,3,-14,5,-13,7,-11,6,-10,6,-9,4,-8,1,-7,0,-3,-1,-1,0,0,0,0,0,0,0,0,0,0,0,0,0,0,0,0,0,0,-1,0,-2,2,0,3,0,3,1,3,2,3,2,3,4,1,8,0,12,0,13,1,15,2,18,6,17,8,12,9,10,12,12,14,12,12,9,8,7,5,5,4,3,4,4,1,9,-3,15,-8,19,-11,20,-9"
65.51633882522583,608,"CSI,874,128,83,49,21,0,20,-18,18,-18,18,-16,19,-15,16,-15,12,-12,11,-9,13,-7,10,-7,2,-8,-4,-10,-5,-11,-7,-11,-11,-9,-13,-10,-12,-11,-10,-12,-12,-12,-14,-10,-12,-9,-9,-9,-7,-7,-7,-6,-6,-7,-4,-5,-1,-1,0,0,0,0,0,0,0,0,0,0,0,0,0,0,0,0,0,0,-2,0,-7,2,-6,3,-4,2,1,1,4,2,4,4,4,5,5,5,9,7,11,10,13,13,15,14,15,14,10,15,8,15,9,16,8,14,9,11,9,9,7,7,7,1,8,-5,8,-6,9,-8,13,-11,17,-11"
65.8230037689209,609,"CSI,887,128,83,49,21,0,27,0,26,4,24,3,23,2,21,2,17,1,15,1,10,1,5,0,3,-2,3,-5,0,-7,-6,-9,-8,-12,-8,-15,-8,-16,-8,-16,-7,-15,-9,-13,-9,-11,-8,-9,-6,-8,-5,-8,-4,-5,-5,-2,-2,-1,0,0,0,0,0,0,0,0,0,0,0,0,0,0,0,0,0,0,-1,-3,-1,-9,-3,-5,-3,-2,-2,-1,-2,0,-3,3,-5,6,-7,8,-7,9,-6,10,-7,13,-11,14,-11,14,-10,15,-12,16,-13,15,-11,14,-9,13,-7,11,-5,9,-2,5,0,4,5,6,13,5,18,5,18,4"
65.92569375038147,610,"CSI,890,128,83,49,21,0,-14,23,-15,23,-14,20,-13,18,-11,14,-11,12,-6,11,1,6,2,1,0,2,0,3,2,2,8,4,11,7,13,6,14,6,14,7,13,7,13,6,12,5,11,3,11,0,9,0,7,0,6,-2,1,-1,0,0,0,0,0,0,0,0,0,0,0,0,0,0,0,0,0,0,0,0,1,0,-1,1,-3,0,-3,-1,-3,-2,-3,-2,-6,-3,-9,-6,-11,-8,-12,-9,-13,-11,-15,-13,-15,-14,-13,-14,-13,-13,-12,-12,-9,-11,-8,-12,-7,-10,-5,-6,-5,-1,-6,3,-6,7,-7,11,-8,13,-11,14"
66.02789187431335,611,"CSI,894,128,83,49,21,0,14,-24,15,-23,13,-20,12,-17,13,-17,11,-16,9,-16,6,-17,2,-13,-3,-6,-6,-5,-7,-6,-9,-7,-10,-8,-12,-8,-13,-9,-13,-10,-12,-10,-11,-10,-11,-11,-9,-9,-7,-8,-7,-8,-7,-6,-6,-2,-2,-1,0,0,0,0,0,0,0,0,0,0,0,0,0,0,0,0,0,0,0,0,1,1,0,1,0,2,0,4,1,4,3,1,4,-2,7,-1,9,1,12,1,15,3,16,7,16,11,14,12,11,12,11,11,13,8,14,6,11,5,8,4,7,2,6,-1,4,-7,2,-11,6,-15,11,-20"
66.09772682189941,612,"CSI,954,128,77,-47,20,0,-10,23,-11,22,-12,20,-11,19,-11,20,-12,20,-7,14,-1,6,-1,2,-1,3,2,5,7,5,10,4,10,4,12,7,13,8,12,9,11,9,10,9,9,10,8,9,7,8,5,5,4,2,2,3,0,0,0,0,0,0,0,0,0,0,0,0,0,0,0,0,0,0,0,0,0,-1,0,-1,0,0,-1,0,-2,0,-2,0,-5,0,-8,-1,-8,-2,-10,0,-14,2,-17,1,-18,-2,-18,-4,-18,-6,-17,-7,-16,-6,-13,-4,-11,-5,-10,-4,-11,-2,-8,2,-4,7,-3,9,-3,12,-5,18,-7,20"
66.12841391563416,613,"CSI,955,128,77,-47,20,0,19,-12,22,-13,21,-14,16,-13,15,-12,14,-12,14,-8,16,-3,12,-4,4,-7,-1,-8,-4,-9,-6,-10,-6,-10,-9,-11,-12,-12,-13,-12,-8,-11,-6,-13,-6,-14,-6,-12,-5,-8,-3,-6,-3,-3,-6,-3,-2,-1,0,0,0,0,0,0,0,0,0,0,0,0,0,0,0,0,0,0,-1,-1,-4,-1,-2,-2,0,0,2,1,3,1,5,1,7,3,9,5,9,6,10,8,12,11,12,15,11,18,10,18,8,17,7,15,6,13,6,12,7,12,9,7,10,3,7,2,4,0,7,-5,14,-10,18,-14"
66.16011095046997,614,"CSI,899,128,83,49,21,0,8,-22,9,-20,9,-20,7,-19,7,-20,8,-21,5,-16,-2,-12,-2,-8,-1,-5,-4,-4,-7,-2,-9,-2,-11,-5,-13,-8,-15,-10,-16,-10,-13,-11,-9,-11,-9,-10,-10,-11,-9,-10,-8,-8,-7,-5,-6,-4,-2,-1,0,0,0,0,0,0,0,0,0,0,0,0,0,0,0,0,0,0,0,0,0,-1,0,-1,2,-1,4,-2,4,-4,5,-5,6,-6,7,-7,9,-5,13,-3,16,-4,18,-4,20,-2,20,0,20,1,20,2,15,2,12,0,13,0,11,-1,8,-2,5,-4,3,-9,0,-17,-2,-21,-2,-20"
66.23414087295532,615,"CSI,903,128,83,49,21,0,-10,-26,-10,-25,-8,-23,-9,-23,-7,-20,-3,-16,-1,-10,1,-4,-1,-4,-4,-7,-6,-6,-9,-1,-11,1,-10,-1,-11,-1,-14,1,-14,3,-13,2,-13,-1,-13,-2,-11,1,-10,1,-10,1,-7,3,-4,3,-1,0,0,0,0,0,0,0,0,0,0,0,0,0,0,0,0,0,0,0,0,1,1,5,1,3,1,0,-1,-3,0,-6,1,-8,4,-8,6,-9,8,-10,13,-10,17,-11,18,-12,21,-13,24,-11,21,-9,16,-8,10,-7,11,-6,13,-7,11,-7,7,-5,3,-5,-1,-8,-5,-11,-6,-13,-5,-16"
66.33404588699341,616,"CSI,906,128,83,49,21,0,1,29,-2,27,-4,23,-3,21,-1,19,-2,17,-1,12,2,6,2,2,1,0,0,-1,3,1,9,2,14,0,14,-2,14,-1,14,0,11,2,11,3,13,2,13,1,10,-1,7,-2,4,-2,3,-3,0,-1,0,0,0,0,0,0,0,0,0,0,0,0,0,0,0,0,0,0,-1,-2,-2,-5,-2,-3,-4,-2,-5,-1,-3,0,-4,0,-8,2,-11,3,-13,4,-14,5,-15,5,-18,5,-23,3,-23,1,-21,0,-22,-2,-22,-4,-18,-2,-13,1,-10,1,-9,4,-6,6,-2,6,-1,9,-1,13,2,15"
66.43748593330383,617,"CSI,910,128,83,49,21,0,4,-26,4,-26,6,-23,8,-18,7,-16,6,-14,4,-12,1,-13,-1,-11,-1,-7,-5,-5,-10,-4,-12,-4,-12,-4,-15,-6,-17,-7,-16,-5,-14,-3,-11,-3,-10,-3,-9,-2,-9,-3,-8,-4,-8,-2,-8,-1,-2,-1,0,0,0,0,0,0,0,0,0,0,0,0,0,0,0,0,0,0,-1,0,-1,3,-1,3,0,2,2,-1,5,-4,6,-5,7,-7,10,-6,14,-3,16,0,15,1,15,0,17,0,18,1,19,2,20,3,18,4,14,5,12,5,11,2,9,1,7,-2,4,-6,2,-10,-1,-17,-4,-22"
66.54056787490845,618,"CSI,914,128,83,49,21,0,-14,-21,-15,-21,-14,-20,-11,-20,-12,-19,-12,-16,-9,-12,-6,-5,-3,-1,1,-2,0,0,-5,6,-9,10,-9,10,-8,8,-10,7,-11,9,-12,8,-13,7,-12,6,-10,5,-8,6,-7,7,-5,5,-6,2,-2,0,0,0,0,0,0,0,0,0,0,0,0,0,0,0,0,0,0,0,1,1,5,3,2,3,1,1,1,-2,2,-4,4,-5,6,-7,7,-9,8,-8,9,-9,9,-15,8,-18,10,-16,13,-12,14,-10,14,-9,14,-9,15,-10,13,-11,10,-8,6,-6,2,-6,-3,-7,-8,-8,-11,-11,-14,-15"
66.64106178283691,619,"CSI,918,128,83,49,21,0,15,23,17,26,17,25,13,20,10,18,7,18,8,17,10,16,8,8,7,1,7,-2,8,-4,10,-7,9,-7,8,-9,9,-10,12,-9,12,-8,9,-9,7,-9,6,-10,6,-9,4,-7,4,-5,4,-4,1,-1,0,0,0,0,0,0,0,0,0,0,0,0,0,0,0,0,0,0,-2,-2,-4,-6,-3,-4,-3,-2,-3,-1,-3,1,-6,2,-7,4,-10,7,-13,7,-15,6,-17,7,-18,7,-19,8,-18,8,-18,7,-19,6,-17,5,-12,3,-10,4,-11,5,-8,5,0,7,6,9,8,12,10,16,10,19"
66.74366879463196,620,"CSI,923,128,83,49,21,0,0,-27,2,-25,1,-22,-1,-23,-2,-23,-1,-20,3,-18,5,-16,0,-13,-6,-7,-8,-1,-8,2,-8,3,-11,3,-13,2,-13,4,-15,5,-16,4,-16,4,-15,3,-14,2,-13,2,-11,2,-8,1,-5,0,-1,0,0,0,0,0,0,0,0,0,0,0,0,0,0,0,0,0,0,0,0,0,-1,2,-2,2,-2,1,1,1,3,0,5,-1,8,-2,10,-2,11,-1,11,-1,13,-1,17,1,19,3,18,4,17,6,17,6,18,3,17,1,14,1,12,-1,11,-3,8,-4,3,-5,-1,-9,0,-14,0,-15"
66.84703183174133,621,"CSI,926,128,83,49,21,0,-6,30,-6,31,-7,26,-6,20,-6,19,-6,18,-8,15,-10,9,-7,8,-2,6,2,3,8,1,13,-1,15,-1,16,0,18,0,18,1,16,2,14,2,13,2,11,3,10,2,9,2,8,2,5,1,1,0,0,0,0,0,0,0,0,0,0,0,0,0,0,0,0,0,0,0,0,-2,0,-6,0,-3,-1,-2,-3,-1,-5,-1,-7,-2,-9,-3,-10,-2,-13,-3,-16,-6,-18,-6,-17,-7,-16,-9,-18,-8,-19,-6,-17,-6,-16,-6,-17,-4,-16,-3,-11,-4,-7,-2,-6,2,-5,6,-4,11,-3,17,-4,22"
66.95073890686035,622,"CSI,930,128,83,49,21,0,5,-26,7,-26,9,-25,6,-23,3,-20,2,-20,0,-17,0,-10,0,-4,-2,-3,-5,-5,-8,-5,-11,-3,-14,-4,-16,-6,-18,-7,-16,-9,-14,-10,-13,-9,-11,-9,-11,-9,-10,-9,-8,-8,-7,-7,-7,-4,-2,-1,0,0,0,0,0,0,0,0,0,0,0,0,0,0,0,0,0,0,-1,1,-1,3,0,1,0,-1,1,-3,3,-4,2,-4,5,-5,10,-6,11,-8,13,-7,16,-6,17,-7,18,-6,18,-6,18,-6,18,-5,16,-2,15,-1,14,-2,12,-3,10,-4,10,-8,7,-12,3,-13,2,-18,3,-19"
67.04853796958923,623,"CSI,935,128,83,49,21,0,26,3,25,3,24,2,22,2,20,4,17,3,16,3,15,5,11,2,6,-3,3,-7,2,-9,3,-9,3,-12,2,-16,1,-17,0,-15,1,-14,4,-13,5,-11,5,-10,3,-9,1,-7,1,-6,1,-8,0,-2,0,0,0,0,0,0,0,0,0,0,0,0,0,0,0,0,0,0,-1,0,-2,2,-1,2,0,2,1,4,1,4,1,5,2,6,4,8,7,10,7,12,6,16,5,18,3,17,2,14,3,13,2,15,-2,18,-2,19,1,14,2,10,4,9,9,6,13,2,17,1,19,2,19,3"
67.11500573158264,624,"CSI,1568,128,83,49,21,0,3,13,5,13,2,11,1,9,1,9,3,8,4,5,3,0,3,1,3,4,3,3,0,2,-1,-2,2,-4,3,-5,3,-6,3,-7,3,-8,3,-8,3,-8,5,-9,7,-8,6,-7,4,-6,3,-3,1,-1,0,0,0,0,0,0,0,0,0,0,0,0,0,0,0,0,0,0,1,-1,4,-3,4,-3,3,-3,1,-3,1,-4,0,-5,-1,-6,-2,-3,-4,-1,-5,-2,-6,-3,-7,-5,-8,-6,-8,-5,-8,-4,-9,-4,-8,-2,-6,-2,-6,-3,-7,-2,-8,-1,-7,-1,-5,1,-2,5,-4,7,-6,6"
67.15612483024597,625,"CSI,939,128,83,49,21,0,-21,-12,-21,-12,-23,-12,-22,-12,-16,-11,-13,-9,-9,-8,-3,-8,-3,-8,-8,-5,-9,2,-7,6,-7,7,-8,6,-9,6,-9,7,-9,8,-11,10,-12,9,-12,9,-11,8,-9,6,-7,4,-6,2,-6,1,-2,0,0,0,0,0,0,0,0,0,0,0,0,0,0,0,0,0,0,0,0,-1,1,-3,-1,-2,-1,-2,-2,-3,-4,-4,-5,-6,-5,-9,-4,-11,-6,-14,-5,-16,-3,-17,-1,-18,2,-18,4,-17,2,-15,1,-15,1,-14,1,-12,-1,-13,-3,-14,-4,-13,-5,-10,-6,-9,-11,-7,-18,-6,-24,-9"
67.25594902038574,626,"CSI,942,128,83,49,21,0,25,-11,24,-11,23,-10,21,-6,15,-4,12,-3,9,-4,3,-4,-1,0,0,1,-2,-4,-4,-9,-6,-10,-8,-9,-10,-9,-10,-10,-8,-12,-8,-13,-8,-11,-8,-11,-8,-11,-8,-9,-9,-7,-8,-5,-5,-3,-1,-1,0,0,0,0,0,0,0,0,0,0,0,0,0,0,0,0,0,0,0,-1,-1,-1,-3,0,-1,0,2,1,4,5,3,9,3,10,4,10,4,10,4,12,4,17,5,20,4,20,3,19,1,17,-1,16,0,14,2,11,2,10,1,8,5,5,8,1,9,-2,12,-6,17,-10,19,-8"
67.35833382606506,627,"CSI,946,128,83,49,21,0,24,-5,24,-4,22,-4,19,-4,18,-2,15,-2,12,0,8,4,4,2,3,-3,0,-3,-4,-6,-9,-11,-11,-12,-10,-12,-10,-12,-9,-11,-7,-11,-7,-10,-6,-9,-6,-9,-8,-8,-7,-5,-6,-2,-4,-1,-1,-1,0,0,0,0,0,0,0,0,0,0,0,0,0,0,0,0,0,0,-2,0,-4,-1,-2,-1,1,1,1,3,0,4,1,7,1,9,1,12,-2,13,-3,14,-1,16,0,18,-4,18,-7,17,-5,16,-2,16,-1,15,0,13,0,10,0,7,3,7,5,6,9,3,14,-2,19,-5,21,-4"
67.46145582199097,628,"CSI,951,128,83,49,21,0,12,-20,14,-22,15,-22,14,-18,10,-14,7,-12,3,-10,0,-5,0,-5,-2,-8,-5,-8,-7,-8,-9,-8,-11,-9,-12,-10,-11,-8,-10,-7,-11,-9,-11,-9,-9,-9,-7,-8,-5,-6,-5,-5,-5,-5,-5,-5,-1,-2,0,0,0,0,0,0,0,0,0,0,0,0,0,0,0,0,0,0,-1,0,-3,3,-1,1,1,-1,3,-2,6,-1,7,-2,10,-3,12,0,12,3,11,4,14,3,17,4,16,5,15,6,15,6,15,5,14,2,11,1,10,0,9,-1,6,-4,5,-7,4,-9,6,-14,10,-19,11,-19"
67.56295895576477,629,"CSI,954,128,83,49,21,0,25,-5,22,-3,20,-6,18,-6,17,-5,15,-4,11,-7,8,-14,4,-14,0,-9,-2,-7,-4,-8,-7,-9,-9,-10,-9,-13,-9,-15,-6,-14,-5,-11,-6,-9,-7,-10,-6,-11,-5,-8,-4,-6,-4,-5,-3,-5,-1,-2,0,0,0,0,0,0,0,0,0,0,0,0,0,0,0,0,0,0,-1,0,-3,0,-1,2,-2,4,-2,3,0,3,2,6,2,8,0,10,0,12,4,15,6,19,4,20,2,19,0,17,-1,16,0,15,2,15,3,13,2,10,3,7,5,4,7,2,11,-2,15,-6,18,-8,22,-6"
67.66752576828003,630,"CSI,958,128,83,49,21,0,-5,-26,-4,-25,-3,-21,-1,-20,-1,-20,0,-15,-1,-11,-4,-11,-5,-8,-6,-4,-7,-3,-8,-1,-11,1,-14,1,-13,0,-12,-1,-13,-1,-15,-1,-15,-1,-13,-1,-12,-2,-10,-2,-9,0,-9,0,-8,1,-2,0,0,0,0,0,0,0,0,0,0,0,0,0,0,0,0,0,0,0,-1,-1,0,-1,1,0,1,-1,1,-3,2,-4,3,-6,3,-6,5,-8,5,-9,8,-9,14,-10,16,-10,17,-9,17,-7,16,-6,17,-5,17,-4,13,-5,9,-5,7,-5,5,-7,2,-10,0,-12,-2,-14,-5,-18,-6,-22"
67.76903796195984,631,"CSI,963,128,83,49,21,0,-11,-21,-10,-24,-9,-22,-7,-21,-5,-19,-5,-14,-5,-8,-4,0,-3,2,-4,0,-5,2,-7,4,-10,6,-11,6,-12,8,-13,10,-13,8,-13,5,-13,4,-13,3,-12,2,-10,3,-8,3,-7,2,-4,3,-1,1,0,0,0,0,0,0,0,0,0,0,0,0,0,0,0,0,0,0,0,0,1,1,-1,1,0,0,2,-1,5,-3,7,-5,7,-6,8,-6,11,-7,14,-8,15,-10,16,-11,16,-9,15,-6,16,-6,14,-4,10,-3,7,-4,8,-6,6,-6,1,-6,-3,-9,-3,-11,-3,-13,-6,-15,-10,-17"
67.87007403373718,632,"CSI,967,128,83,49,21,0,13,22,10,23,10,21,12,17,12,15,10,15,9,13,11,10,11,1,9,-7,6,-8,6,-9,8,-10,7,-9,5,-9,6,-8,9,-8,12,-10,10,-11,8,-9,7,-6,5,-6,5,-6,5,-6,4,-6,1,-2,0,0,0,0,0,0,0,0,0,0,0,0,0,0,0,0,0,0,0,-1,-1,-3,-2,-2,-2,-1,-3,0,-6,1,-9,1,-10,1,-10,2,-11,2,-13,2,-16,4,-19,4,-19,2,-18,1,-17,0,-15,-1,-14,-2,-11,-3,-9,-3,-8,3,-6,7,-4,6,3,6,7,8,7,13,6,17"
67.97422885894775,633,"CSI,970,128,83,49,21,0,22,-19,21,-16,17,-15,16,-14,16,-13,14,-11,13,-11,11,-13,4,-10,-2,-6,-4,-8,-6,-10,-8,-9,-10,-8,-10,-11,-8,-12,-8,-11,-10,-12,-9,-13,-6,-11,-5,-9,-3,-8,-2,-6,-5,-4,-6,-4,-2,-1,0,0,0,0,0,0,0,0,0,0,0,0,0,0,0,0,0,0,-1,0,-3,2,-2,-1,0,-1,3,2,4,3,5,3,6,3,9,1,12,1,13,4,14,9,14,12,13,12,13,11,12,10,11,11,9,10,10,8,10,6,11,2,11,-1,8,-3,8,-5,7,-9,8,-13,10,-14"
68.07821798324585,634,"CSI,975,128,83,49,21,0,-27,-9,-28,-9,-24,-9,-20,-9,-17,-9,-16,-9,-16,-7,-18,-4,-15,-2,-9,2,-5,5,-7,6,-10,8,-10,9,-9,10,-6,12,-6,13,-7,13,-10,12,-11,9,-9,7,-7,6,-8,6,-6,5,-4,4,-1,1,0,0,0,0,0,0,0,0,0,0,0,0,0,0,0,0,0,0,0,-1,1,-1,-2,-1,-5,-1,-5,-3,-4,-6,-5,-9,-4,-11,-3,-11,-4,-12,-4,-12,-4,-13,-4,-16,-4,-19,-2,-20,-1,-19,0,-16,-1,-12,-2,-13,-1,-14,-3,-12,-8,-8,-8,-6,-9,-4,-12,-2,-16,-2,-20,-4"
68.17696976661682,635,"CSI,978,128,83,49,21,0,20,-15,18,-13,19,-11,20,-10,15,-9,12,-9,9,-6,3,-2,3,-1,5,-3,0,-5,-2,-7,-1,-9,-3,-9,-4,-9,-6,-11,-7,-13,-5,-11,-3,-11,-2,-11,-2,-11,-2,-11,-1,-10,-1,-8,-2,-7,-1,-2,0,0,0,0,0,0,0,0,0,0,0,0,0,0,0,0,0,0,0,-1,0,-1,0,2,1,3,2,2,2,2,4,2,7,2,10,4,12,5,13,4,14,6,14,7,13,6,13,8,13,9,13,9,11,9,8,5,5,5,6,7,6,5,4,-1,4,-5,9,-9,16,-11,19,-13"
68.24273681640625,636,"CSI,1611,128,83,49,21,0,14,-1,16,2,14,3,16,0,17,1,15,1,12,-2,9,-6,8,-4,7,-3,5,-3,1,-4,-2,-4,-3,-6,-3,-9,-3,-11,-5,-11,-5,-13,-5,-14,-6,-14,-7,-11,-6,-7,-5,-7,-4,-9,-3,-8,-1,-2,0,0,0,0,0,0,0,0,0,0,0,0,0,0,0,0,0,0,-1,-2,-2,-6,0,-5,0,-5,-2,-4,-1,-3,1,-3,0,-4,0,-4,-1,-2,-3,1,-5,3,-6,4,-8,6,-8,7,-7,7,-7,6,-8,5,-7,5,-6,7,-7,7,-5,4,-2,4,-1,3,1,1,3,2,3,5"
68.27870774269104,637,"CSI,983,128,83,49,21,0,19,10,18,11,18,11,15,11,12,12,11,12,12,8,12,1,8,-3,3,-5,3,-6,7,-5,9,-5,9,-7,9,-9,11,-11,13,-12,11,-10,11,-7,11,-6,9,-6,6,-5,6,-4,6,-3,7,-2,1,-1,0,0,0,0,0,0,0,0,0,0,0,0,0,0,0,0,0,0,-2,-1,-5,-1,-4,0,-2,1,-1,3,0,5,1,6,2,8,3,9,3,12,1,14,0,16,0,17,0,18,-3,17,-5,17,-4,19,-4,16,-7,11,-7,10,-5,9,-2,5,3,2,9,3,14,5,17,7,17,5"
68.34349083900452,638,"CSI,1616,128,83,49,21,0,9,12,8,14,7,14,6,12,7,12,6,13,5,9,3,2,1,3,2,7,4,7,4,4,3,1,4,-2,6,-5,8,-6,9,-5,10,-5,11,-4,12,-3,12,-3,11,-2,9,0,7,0,5,0,1,0,0,0,0,0,0,0,0,0,0,0,0,0,0,0,0,0,0,0,-2,-2,-7,-6,-5,-6,-3,-9,-2,-9,-1,-6,-1,-4,-3,-2,-3,-2,-2,-1,-1,1,-4,2,-8,1,-8,1,-8,1,-10,1,-11,3,-10,5,-8,5,-8,4,-8,3,-7,3,-8,3,-7,2,-4,4,-1,5,2,5"
68.3828809261322,639,"CSI,987,128,83,49,21,0,12,24,12,23,13,22,11,20,11,17,11,15,6,10,1,2,-1,-2,1,-1,3,0,5,-6,4,-11,3,-12,5,-14,6,-16,6,-16,6,-14,5,-12,4,-10,3,-8,2,-8,1,-7,2,-5,2,-4,0,-1,0,0,0,0,0,0,0,0,0,0,0,0,0,0,0,0,0,0,0,-1,1,-4,0,-3,-3,-3,-5,-5,-6,-5,-8,-4,-8,-2,-11,0,-14,0,-15,-2,-15,-3,-17,-4,-18,-4,-18,-3,-17,-3,-17,-3,-15,-2,-12,-1,-11,-2,-9,1,-5,3,-2,4,3,5,7,9,6,14,5,16"
68.48448491096497,640,"CSI,991,128,83,49,21,0,20,-16,17,-14,16,-17,16,-18,13,-15,10,-12,10,-7,6,-2,2,-1,0,-4,-4,-6,-7,-7,-7,-6,-9,-6,-11,-7,-12,-8,-13,-10,-12,-10,-10,-7,-8,-5,-7,-5,-8,-4,-7,-4,-4,-3,-2,-2,-1,-1,0,0,0,0,0,0,0,0,0,0,0,0,0,0,0,0,0,0,0,0,0,-1,0,0,1,1,3,2,4,4,5,5,6,6,6,6,8,7,11,10,11,13,10,14,9,11,9,11,7,13,6,13,5,9,5,7,6,5,6,3,5,2,5,-2,7,-8,10,-13,10,-15,9,-17"
68.58558988571167,641,"CSI,994,128,83,49,21,0,24,12,23,11,20,10,19,9,18,8,17,7,14,7,12,9,11,6,8,-1,4,-6,4,-9,6,-11,6,-10,5,-10,3,-10,5,-11,6,-11,7,-11,6,-11,4,-9,2,-8,3,-6,4,-4,4,-4,1,-2,0,0,0,0,0,0,0,0,0,0,0,0,0,0,0,0,0,0,-1,0,-3,1,-2,0,-3,0,-1,2,1,3,1,4,2,6,3,11,2,15,2,15,1,15,-2,16,-4,16,-6,17,-6,15,-5,12,-5,13,-4,12,-3,9,-1,5,1,4,5,4,11,4,16,1,18,1,22,6"
68.68961191177368,642,"CSI,998,128,83,49,21,0,-20,18,-19,17,-20,15,-22,14,-21,13,-16,10,-10,5,-5,4,-2,4,-2,4,-1,5,3,6,6,8,7,11,7,12,5,12,4,12,6,10,5,10,3,12,3,12,2,9,1,5,2,4,1,2,0,0,0,0,0,0,0,0,0,0,0,0,0,0,0,0,0,0,0,0,0,-1,3,-3,1,-2,-3,-1,-6,1,-6,1,-6,1,-7,0,-9,-1,-11,-3,-13,-4,-14,-6,-13,-7,-13,-6,-16,-7,-17,-9,-15,-9,-11,-9,-9,-8,-9,-5,-7,-1,-6,3,-5,6,-4,9,-7,12,-10,15,-9,17"
68.79405093193054,643,"CSI,1003,128,83,49,21,0,-25,-8,-26,-8,-23,-6,-21,-5,-18,-8,-15,-6,-14,-6,-13,-9,-8,-9,-6,-2,-6,7,-5,12,-5,12,-5,11,-5,12,-5,13,-6,13,-7,12,-7,11,-8,8,-6,8,-4,7,-4,6,-3,3,-3,0,-1,-1,0,0,0,0,0,0,0,0,0,0,0,0,0,0,0,0,0,0,0,0,1,2,2,1,1,-2,-2,-6,-3,-7,-4,-8,-5,-8,-4,-9,-3,-11,-4,-14,-4,-19,-4,-20,-3,-18,0,-16,1,-16,2,-17,3,-16,1,-11,0,-8,0,-5,-4,-3,-9,-6,-12,-8,-17,-6,-20,-3,-20,-1"
68.99477195739746,644,"CSI,1011,128,83,49,21,0,26,-1,25,1,24,4,21,5,17,6,13,6,12,4,12,2,10,0,4,-3,1,-5,2,-9,3,-13,2,-13,2,-12,3,-14,6,-15,7,-15,6,-13,6,-11,8,-10,6,-9,3,-7,1,-5,0,-4,0,-1,0,0,0,0,0,0,0,0,0,0,0,0,0,0,0,0,0,0,-1,-1,-1,0,-1,0,0,-1,0,-1,1,3,2,7,3,8,3,9,4,11,4,13,2,15,1,16,2,16,1,17,0,18,0,17,1,14,-1,13,-1,12,0,10,1,7,3,4,6,3,11,3,17,1,20,-2"
69.09866166114807,645,"CSI,1015,128,83,49,21,0,-4,-24,-6,-22,-4,-20,-1,-18,-1,-16,-5,-13,-7,-15,-4,-17,-4,-11,-8,-5,-9,-1,-9,2,-10,4,-10,4,-10,6,-12,6,-14,5,-13,5,-11,5,-10,4,-7,4,-5,5,-4,4,-4,4,-4,3,-1,0,0,0,0,0,0,0,0,0,0,0,0,0,0,0,0,0,0,0,0,0,-1,2,-3,1,-1,1,2,4,4,4,6,1,7,2,7,3,8,0,12,-1,16,0,15,1,14,3,14,4,14,4,15,4,13,5,9,4,6,2,7,-1,8,-4,3,-6,-1,-8,-1,-11,-3,-16,-4,-20"
69.20279693603516,646,"CSI,1019,128,83,49,21,0,-27,-10,-26,-9,-23,-9,-21,-9,-19,-9,-15,-11,-14,-10,-14,-9,-10,-5,-7,2,-7,4,-6,5,-5,7,-5,12,-3,16,-3,16,-5,13,-5,12,-7,12,-7,10,-4,7,-4,6,-4,5,-3,5,-2,4,-1,1,0,0,0,0,0,0,0,0,0,0,0,0,0,0,0,0,0,0,0,0,1,1,0,1,2,0,4,-2,3,-4,1,-6,1,-8,2,-7,3,-10,2,-14,3,-14,6,-16,8,-19,8,-19,7,-17,6,-16,6,-14,4,-10,2,-10,2,-11,2,-9,-3,-3,-11,-2,-15,-6,-17,-8,-20,-7"
69.30421280860901,647,"CSI,1022,128,83,49,21,0,23,-17,20,-17,17,-17,17,-16,16,-14,14,-12,11,-6,7,1,5,-1,2,-6,-4,-9,-7,-10,-8,-9,-10,-8,-12,-9,-12,-11,-11,-13,-10,-12,-9,-10,-8,-8,-8,-6,-8,-5,-7,-5,-5,-5,-4,-3,-1,-1,0,0,0,0,0,0,0,0,0,0,0,0,0,0,0,0,0,0,-1,-1,-3,-2,-1,-1,1,1,1,3,2,4,4,5,5,5,5,5,5,8,6,11,7,12,9,14,9,17,9,17,9,15,8,15,8,12,8,8,6,7,2,3,3,0,6,-2,9,-5,11,-9,12,-13,15,-13"
69.4052300453186,648,"CSI,1027,128,83,49,21,0,18,19,17,18,15,17,12,17,13,16,14,14,15,15,16,16,13,10,9,2,7,-3,6,-5,7,-6,9,-9,11,-10,11,-8,10,-7,11,-6,10,-5,8,-5,7,-4,8,-2,6,-1,4,-1,4,-2,1,-1,0,0,0,0,0,0,0,0,0,0,0,0,0,0,0,0,0,0,-1,0,-4,1,-4,-2,-1,-2,1,1,1,3,1,5,0,6,0,7,0,10,-1,12,-1,12,0,13,0,16,-2,18,-4,18,-6,18,-4,15,-2,10,-2,8,-2,9,-1,6,2,4,6,6,11,8,15,7,16,7"
69.50688791275024,649,"CSI,1030,128,83,49,21,0,-2,25,-2,26,-2,24,-5,22,-8,20,-8,18,-5,13,1,5,3,3,2,5,3,6,5,6,6,8,5,8,5,10,10,11,10,10,7,8,7,8,6,7,3,6,3,5,4,4,5,3,4,4,1,1,0,0,0,0,0,0,0,0,0,0,0,0,0,0,0,0,0,0,0,-1,-1,-3,-4,0,-3,3,-1,6,-1,6,-2,5,-3,6,-5,8,-6,7,-8,7,-9,10,-10,11,-13,8,-15,8,-14,11,-15,11,-14,9,-13,7,-11,7,-8,7,-6,8,-5,9,-5,10,-2,12,1,16,1,18"
69.61426782608032,650,"CSI,1034,128,83,49,21,0,-19,-20,-18,-23,-14,-22,-12,-20,-12,-20,-11,-20,-11,-18,-14,-16,-11,-9,-7,0,-9,3,-11,3,-13,2,-14,0,-13,-2,-15,0,-16,1,-15,1,-14,1,-12,0,-10,0,-8,0,-8,-1,-8,-1,-5,-1,-1,-1,0,0,0,0,0,0,0,0,0,0,0,0,0,0,0,0,0,0,0,-1,2,-2,2,-3,1,-3,-1,-3,-2,-4,-2,-7,0,-8,2,-8,3,-8,1,-11,0,-15,1,-16,3,-16,4,-16,6,-17,8,-17,6,-16,4,-13,3,-11,0,-11,-1,-12,-2,-11,-5,-7,-10,-7,-16,-11,-21,-14"
69.91680788993835,651,"CSI,1047,128,83,49,21,0,20,17,21,16,19,16,17,15,17,13,13,14,10,14,10,8,9,4,7,2,4,1,4,1,8,-2,11,-4,12,-4,14,-3,13,-2,13,-1,14,-2,12,-4,11,-2,11,0,10,0,8,-1,6,-3,1,-1,0,0,0,0,0,0,0,0,0,0,0,0,0,0,0,0,0,0,-1,0,-1,1,0,1,0,1,0,2,2,3,2,5,2,7,2,9,1,11,1,14,2,18,2,19,0,19,-3,19,-2,17,-2,14,-4,11,-5,10,-5,12,-3,10,0,4,5,2,10,5,11,7,14,11,19,13"
70.02086806297302,652,"CSI,1051,128,83,49,21,0,21,-11,20,-11,19,-12,19,-12,20,-10,19,-11,14,-9,7,-4,4,-4,4,-8,2,-7,-1,-6,-4,-9,-7,-12,-7,-14,-5,-15,-6,-13,-7,-10,-7,-9,-6,-10,-5,-10,-4,-9,-4,-8,-3,-5,-1,-3,0,-1,0,0,0,0,0,0,0,0,0,0,0,0,0,0,0,0,0,0,-2,-1,-7,-2,-4,-2,-3,-2,-1,-1,2,2,2,4,2,5,3,6,4,8,5,10,4,13,2,14,2,15,2,17,2,16,2,15,1,13,0,11,1,9,2,7,5,5,7,1,8,-2,11,-4,14,-5,18,-5"
70.12265992164612,653,"CSI,1055,128,83,49,21,0,17,19,15,22,14,20,14,18,11,16,8,14,9,14,11,16,10,11,8,2,6,-4,4,-5,6,-5,7,-5,7,-8,7,-12,7,-12,6,-9,6,-8,7,-9,8,-10,6,-9,3,-7,3,-6,3,-5,0,-2,0,0,0,0,0,0,0,0,0,0,0,0,0,0,0,0,0,0,0,-2,-1,-5,-2,-4,-3,-3,-5,0,-6,2,-6,3,-8,4,-10,5,-11,6,-11,6,-13,6,-14,6,-16,6,-18,6,-18,5,-15,5,-12,6,-11,6,-10,4,-6,3,-1,5,2,7,2,10,4,14,6,15,8,18"
70.22748279571533,654,"CSI,1058,128,83,49,21,0,-25,-1,-25,-1,-25,-1,-23,1,-21,1,-22,0,-17,-1,-9,-3,-8,-3,-9,0,-9,2,-8,4,-4,7,-2,10,-3,14,-4,15,-5,13,-7,10,-7,9,-7,8,-7,9,-5,9,-4,7,-4,6,-4,5,-1,1,0,0,0,0,0,0,0,0,0,0,0,0,0,0,0,0,0,0,0,-1,1,-2,1,-1,-2,1,-4,1,-4,0,-5,-2,-7,-5,-9,-7,-10,-9,-11,-12,-12,-15,-12,-15,-9,-16,-7,-18,-8,-19,-8,-17,-5,-12,-3,-10,-3,-9,-3,-5,-6,-3,-9,-2,-13,1,-16,2,-16,1,-17,1"
70.33147692680359,655,"CSI,1062,128,83,49,21,0,-20,-15,-19,-15,-20,-13,-21,-14,-18,-16,-14,-14,-11,-11,-6,-10,-6,-7,-9,-4,-11,-2,-11,1,-11,5,-10,6,-10,3,-12,3,-13,4,-13,3,-13,2,-11,0,-9,0,-7,1,-6,2,-5,2,-4,0,-1,-1,0,0,0,0,0,0,0,0,0,0,0,0,0,0,0,0,0,0,0,-1,1,-1,0,-2,0,-2,-1,-2,-3,-1,-6,-3,-7,-5,-6,-6,-7,-8,-8,-11,-7,-14,-5,-17,-4,-19,-4,-19,-3,-17,-1,-14,0,-13,1,-12,0,-13,-2,-10,-6,-6,-8,-5,-10,-6,-14,-7,-19,-6,-20,-4"
70.42915773391724,656,"CSI,1066,128,83,49,21,0,8,21,9,22,11,22,10,20,5,19,4,17,1,14,-1,11,5,8,8,5,6,3,6,2,9,-2,11,-4,13,-6,14,-6,13,-4,12,-3,12,-2,11,-3,9,-5,7,-7,6,-5,5,-3,3,-1,0,0,0,0,0,0,0,0,0,0,0,0,0,0,0,0,0,0,0,0,-1,-2,-1,-4,-2,-1,-2,1,-2,1,-3,3,-4,5,-5,6,-6,6,-7,6,-10,8,-15,8,-19,7,-19,7,-17,8,-17,8,-16,8,-13,6,-11,4,-9,3,-5,4,-3,4,0,5,2,7,4,12,7,16,9,18"
70.53335905075073,657,"CSI,1070,128,83,49,21,0,13,-23,12,-24,11,-21,10,-19,10,-18,11,-17,11,-13,8,-6,5,-3,2,-7,-2,-8,-4,-7,-7,-7,-8,-8,-10,-9,-10,-10,-10,-11,-8,-10,-6,-9,-6,-9,-6,-9,-6,-8,-6,-6,-7,-5,-8,-6,-2,-2,0,0,0,0,0,0,0,0,0,0,0,0,0,0,0,0,0,0,-1,0,-1,0,0,0,0,0,0,-2,2,-3,4,-3,7,-3,9,-2,10,1,12,3,14,4,16,5,15,6,12,7,13,7,16,7,14,6,11,5,10,4,7,2,6,-3,6,-6,7,-9,9,-14,10,-17,11,-17"
70.7361888885498,658,"CSI,1078,128,83,49,21,0,21,-7,21,-6,22,-3,20,0,20,-1,20,-1,15,-2,9,-5,5,-4,2,-1,4,-2,4,-5,3,-7,4,-9,7,-10,8,-12,6,-14,4,-12,6,-10,8,-8,8,-5,7,-3,8,-3,8,-4,7,-5,1,-2,0,0,0,0,0,0,0,0,0,0,0,0,0,0,0,0,0,0,-1,0,0,1,2,-1,2,-1,2,-1,5,-1,7,-3,7,-5,7,-6,8,-4,12,-1,16,0,19,1,20,2,20,2,18,4,14,7,11,8,11,7,12,5,11,1,8,1,7,1,9,-1,13,-6,16,-13,17,-16"
70.84261393547058,659,"CSI,1083,128,83,49,21,0,-30,0,-28,1,-25,-1,-22,-2,-21,-1,-18,-3,-17,-1,-19,2,-15,2,-9,2,-7,4,-6,5,-7,7,-6,10,-7,12,-10,12,-9,13,-8,12,-8,11,-8,9,-7,7,-7,6,-8,6,-7,4,-4,4,-1,1,0,0,0,0,0,0,0,0,0,0,0,0,0,0,0,0,0,0,-1,-1,0,-3,0,-4,-1,-3,-3,-2,-6,-2,-9,-4,-10,-4,-8,-3,-8,-3,-13,-5,-16,-8,-17,-11,-15,-13,-13,-12,-12,-14,-11,-15,-10,-15,-8,-13,-6,-9,-5,-6,-7,-4,-9,-1,-13,1,-19,5,-22,9,-23,8"
70.94708299636841,660,"CSI,1086,128,83,49,21,0,-10,-23,-10,-25,-10,-21,-10,-19,-10,-18,-10,-18,-6,-13,-3,-8,-3,-8,-5,-8,-8,-3,-9,0,-9,0,-11,0,-14,2,-12,1,-11,0,-12,-1,-13,-2,-12,-4,-11,-4,-8,-2,-7,0,-6,0,-5,0,-1,0,0,0,0,0,0,0,0,0,0,0,0,0,0,0,0,0,0,0,1,-1,3,-1,1,-2,2,-3,2,-3,0,-4,0,-4,0,-6,0,-9,1,-12,2,-13,4,-14,7,-18,8,-18,7,-15,8,-15,10,-16,10,-14,9,-11,9,-8,8,-7,4,-9,0,-11,-3,-12,-7,-13,-9,-17,-10,-21"
70.97705698013306,661,"CSI,957,128,77,-47,20,0,-22,12,-23,9,-21,7,-17,8,-17,11,-16,11,-15,6,-14,0,-8,1,-2,5,0,6,2,8,4,10,5,11,7,12,7,10,7,10,8,10,7,8,6,7,6,6,7,6,7,4,6,4,5,5,1,1,0,0,0,0,0,0,0,0,0,0,0,0,0,0,0,0,0,0,1,-2,4,-4,0,-3,-2,-4,-1,-4,-2,-4,-4,-3,-6,-3,-7,-5,-7,-9,-8,-12,-9,-14,-11,-15,-13,-14,-13,-14,-11,-16,-7,-16,-7,-14,-10,-13,-12,-12,-10,-10,-10,-6,-11,-1,-11,4,-13,7,-17,9,-19,9"
71.00692296028137,662,"CSI,1720,128,83,49,21,0,12,-2,16,-4,17,-4,15,-2,10,-2,8,-1,5,1,0,0,2,0,6,-1,4,-2,4,0,3,-2,2,-5,2,-7,0,-7,0,-8,0,-9,0,-10,0,-11,0,-8,1,-6,3,-6,3,-5,3,-4,0,-1,0,0,0,0,0,0,0,0,0,0,0,0,0,0,0,0,0,0,-2,1,-7,5,-7,3,-6,2,-5,2,-4,2,-4,4,-4,5,-2,4,-1,2,1,1,2,3,2,6,3,8,2,9,-1,10,0,9,3,9,3,8,0,7,-1,6,-1,5,0,4,1,3,1,1,4,-3,7,-6"
71.04746103286743,663,"CSI,1090,128,83,49,21,0,-24,0,-23,1,-22,0,-22,-2,-22,-5,-19,-3,-14,-3,-9,-7,-9,-6,-8,-2,-5,1,-5,5,-5,10,-4,13,-1,13,-2,13,-5,13,-7,11,-7,10,-7,9,-6,9,-5,8,-5,8,-4,7,-5,8,-2,2,0,0,0,0,0,0,0,0,0,0,0,0,0,0,0,0,0,0,0,-2,1,-4,0,-2,-3,-3,-5,-3,-5,-2,-6,-3,-7,-5,-7,-6,-8,-6,-10,-9,-13,-15,-13,-16,-11,-14,-11,-15,-10,-16,-7,-15,-6,-12,-6,-11,-7,-11,-6,-8,-6,-4,-8,-2,-11,-2,-16,-1,-20,0,-23,-1"
71.14459490776062,664,"CSI,1095,128,83,49,21,0,25,7,22,6,20,6,18,8,15,9,14,9,12,7,7,0,3,-2,2,-2,3,-4,5,-6,7,-8,7,-11,7,-10,11,-10,14,-11,12,-10,8,-6,6,-3,6,-4,7,-6,4,-6,3,-6,4,-4,1,-1,0,0,0,0,0,0,0,0,0,0,0,0,0,0,0,0,0,0,-1,0,-4,4,-2,4,1,4,3,3,3,2,4,4,6,6,9,6,10,8,10,11,10,13,7,15,6,17,7,17,6,16,4,17,4,18,3,17,3,15,5,13,5,11,6,8,9,5,14,2,18,0,20,0"
71.24841070175171,665,"CSI,1099,128,83,49,21,0,19,14,16,17,15,18,15,16,12,15,11,12,7,8,0,5,0,4,4,6,5,3,6,-2,7,-7,6,-8,7,-7,9,-7,10,-6,8,-4,8,-4,8,-4,8,-5,8,-6,7,-5,4,-4,4,-5,1,-2,0,0,0,0,0,0,0,0,0,0,0,0,0,0,0,0,0,0,-2,-1,-5,-2,-3,0,-1,2,-1,1,1,3,2,6,-1,7,-2,9,-1,12,-1,14,-2,16,-3,17,-4,17,-6,17,-7,17,-8,17,-6,16,-3,14,-2,12,-2,12,0,12,3,10,7,7,10,7,15,11,19,16"
71.45428586006165,666,"CSI,1107,128,83,49,21,0,-18,17,-17,17,-16,17,-14,17,-12,17,-11,16,-10,11,-5,6,-3,5,-3,6,2,6,6,7,8,6,9,5,10,5,9,8,8,13,6,11,6,8,5,7,3,5,3,4,4,4,5,3,4,2,0,0,0,0,0,0,0,0,0,0,0,0,0,0,0,0,0,0,0,0,0,-1,4,-3,4,-1,2,0,-1,1,-5,2,-6,1,-6,-1,-8,0,-11,0,-15,0,-18,-1,-18,-3,-17,-6,-17,-6,-16,-7,-14,-10,-12,-10,-11,-7,-10,-5,-10,-2,-10,1,-9,4,-8,8,-7,11,-8,15,-10,18"
71.55791401863098,667,"CSI,1110,128,83,49,21,0,14,-18,16,-18,14,-17,14,-15,13,-13,11,-11,7,-9,2,-8,1,-6,2,-4,0,-5,-3,-7,-4,-8,-7,-9,-11,-10,-11,-12,-8,-13,-6,-12,-8,-12,-6,-11,-5,-10,-6,-9,-7,-7,-8,-6,-7,-6,-2,-2,0,0,0,0,0,0,0,0,0,0,0,0,0,0,0,0,0,0,0,0,1,2,-1,0,1,-1,4,-2,4,-2,4,-1,5,-2,8,-3,13,-2,17,-2,19,-2,19,-1,19,1,18,2,16,4,15,5,14,5,14,3,12,3,9,3,8,-1,9,-5,11,-9,12,-13,14,-16,15,-18"
71.76217269897461,668,"CSI,1119,128,83,49,21,0,-22,13,-22,10,-22,9,-22,9,-19,8,-18,4,-14,4,-6,7,-1,6,-2,4,-3,5,-1,5,2,8,4,11,3,14,1,16,2,16,0,13,-1,11,-1,10,0,10,1,9,1,7,1,5,1,6,0,1,0,0,0,0,0,0,0,0,0,0,0,0,0,0,0,0,0,0,0,-1,1,-4,0,-3,-2,-1,-4,-1,-4,0,-5,2,-7,2,-10,1,-12,1,-14,1,-17,0,-18,-3,-17,-6,-18,-8,-16,-8,-12,-7,-13,-6,-14,-7,-12,-4,-9,-2,-6,-3,-7,-4,-10,2,-13,10,-15,16,-16,16"
71.86476469039917,669,"CSI,1122,128,83,49,21,0,-24,16,-23,12,-23,8,-22,9,-18,11,-15,9,-11,7,-6,2,-4,-1,-3,1,0,4,4,5,8,6,8,9,8,10,6,13,5,14,6,11,6,7,8,7,7,8,6,7,6,5,6,3,5,3,1,1,0,0,0,0,0,0,0,0,0,0,0,0,0,0,0,0,0,0,0,-1,1,-1,1,-1,-1,-1,0,1,1,-1,-1,-4,-3,-5,-4,-4,-5,-6,-8,-10,-9,-12,-10,-13,-10,-15,-10,-15,-11,-14,-14,-15,-10,-15,-6,-12,-6,-10,-8,-7,-10,-5,-10,-1,-9,4,-12,7,-16,10,-18,12"
71.96875786781311,670,"CSI,1127,128,83,49,21,0,-18,-19,-17,-19,-15,-18,-13,-19,-11,-19,-7,-15,-9,-10,-15,-5,-12,-1,-6,3,-5,7,-8,6,-12,5,-16,5,-17,4,-18,2,-17,3,-15,4,-13,3,-12,3,-11,3,-9,3,-9,5,-8,6,-6,4,-2,0,0,0,0,0,0,0,0,0,0,0,0,0,0,0,0,0,0,0,0,0,2,0,1,0,0,-2,-1,-5,-3,-7,-4,-7,-5,-7,-3,-9,-3,-11,-4,-12,-3,-15,0,-18,1,-18,0,-18,3,-18,4,-18,3,-16,3,-13,4,-12,3,-11,-3,-9,-8,-5,-11,-6,-15,-8,-18,-9,-19,-10"
72.173104763031,671,"CSI,1135,128,83,49,21,0,-14,-21,-16,-22,-15,-20,-12,-17,-9,-16,-8,-13,-5,-11,0,-10,-2,-6,-7,-2,-12,0,-15,4,-15,7,-14,6,-14,4,-14,6,-14,6,-13,4,-11,4,-10,5,-8,5,-6,6,-5,6,-3,5,-2,4,-1,0,0,0,0,0,0,0,0,0,0,0,0,0,0,0,0,0,0,0,0,1,2,3,0,0,-1,-2,0,-2,1,-4,1,-6,1,-7,2,-7,3,-11,5,-14,6,-15,6,-17,7,-16,8,-11,9,-13,12,-15,13,-12,11,-9,10,-8,7,-7,1,-6,-3,-3,-6,-2,-10,-6,-14,-12,-17,-16"
72.27578473091125,672,"CSI,1138,128,83,49,21,0,-9,-25,-8,-25,-6,-24,-4,-21,-3,-19,-2,-17,-1,-16,-3,-15,-8,-11,-10,-5,-11,0,-12,3,-13,1,-15,-2,-16,-2,-16,1,-15,2,-13,0,-11,-2,-12,-2,-11,-1,-9,1,-7,2,-6,0,-6,-1,-2,-1,0,0,0,0,0,0,0,0,0,0,0,0,0,0,0,0,0,0,0,0,3,-1,3,-1,2,-2,2,-3,2,-5,2,-7,2,-8,3,-9,5,-10,6,-12,7,-14,9,-13,11,-14,14,-15,16,-14,15,-11,12,-7,10,-6,7,-8,4,-9,1,-7,-3,-8,-7,-11,-7,-14,-7,-17,-9,-22"
72.48134183883667,673,"CSI,1147,128,83,49,21,0,-19,-15,-16,-14,-13,-13,-14,-12,-14,-10,-13,-11,-10,-7,-5,1,-2,1,-4,-2,-8,-1,-10,2,-11,3,-11,2,-12,2,-14,1,-13,-1,-10,-1,-8,-1,-8,-1,-8,0,-8,0,-8,-1,-8,-1,-7,2,-2,0,0,0,0,0,0,0,0,0,0,0,0,0,0,0,0,0,0,0,1,0,3,0,1,-2,0,-4,0,-4,-2,-4,-4,-4,-5,-5,-7,-8,-7,-12,-5,-15,-5,-17,-6,-16,-4,-17,-1,-19,0,-17,0,-15,0,-14,1,-13,1,-13,1,-14,-2,-12,-4,-8,-7,-5,-14,-6,-21,-9,-23,-11"
72.5783908367157,674,"CSI,1151,128,83,49,21,0,18,4,21,7,19,9,16,7,14,5,13,5,11,3,10,-1,8,-3,6,-4,7,-6,6,-8,6,-10,8,-11,10,-8,9,-9,9,-11,7,-11,5,-10,6,-7,7,-7,6,-7,5,-5,4,-6,1,-7,0,-2,0,0,0,0,0,0,0,0,0,0,0,0,0,0,0,0,0,0,-1,-1,-2,0,-2,2,-2,5,-1,6,1,5,1,5,3,4,5,6,5,10,6,11,8,13,10,16,8,18,5,20,3,18,2,14,-1,12,-3,12,-3,11,0,9,3,7,5,5,5,3,6,3,12,4,19,4"
72.68317580223083,675,"CSI,1155,128,83,49,21,0,9,-24,9,-22,9,-20,8,-18,8,-15,7,-13,2,-11,-5,-7,-7,-4,-4,-2,-5,-2,-8,-1,-9,-4,-11,-6,-13,-6,-12,-6,-10,-8,-10,-8,-9,-7,-7,-6,-6,-6,-7,-6,-7,-4,-6,-2,-5,-1,-2,-1,0,0,0,0,0,0,0,0,0,0,0,0,0,0,0,0,0,0,-1,0,-2,2,1,3,2,1,2,-2,5,-2,7,-2,7,-1,7,-2,9,-5,11,-5,14,-2,17,0,18,0,20,1,19,0,16,-1,16,2,17,4,13,2,9,1,7,0,4,-5,2,-9,2,-11,2,-12,3,-12"
72.89098477363586,676,"CSI,1163,128,83,49,21,0,-24,-2,-21,-3,-23,-4,-25,-4,-22,-4,-18,-7,-11,-6,-4,-1,-5,1,-7,-1,-7,2,-7,6,-8,8,-10,9,-12,11,-13,13,-13,11,-12,8,-10,8,-8,6,-6,5,-4,5,-4,4,-5,3,-5,4,-2,1,0,0,0,0,0,0,0,0,0,0,0,0,0,0,0,0,0,0,0,-1,2,-2,2,-1,0,-3,-2,-3,-1,-4,-3,-5,-6,-7,-6,-8,-5,-10,-7,-11,-10,-13,-11,-15,-10,-17,-7,-19,-5,-18,-6,-19,-5,-20,-4,-17,-4,-14,-3,-11,-5,-9,-8,-9,-11,-7,-15,-4,-18,-1,-20,0"
73.1990168094635,677,"CSI,1174,128,83,49,21,0,-11,-21,-12,-21,-11,-21,-10,-21,-9,-19,-6,-17,-7,-15,-10,-9,-9,-6,-9,-5,-10,-2,-11,-2,-10,-4,-11,-5,-14,-4,-16,-4,-15,-6,-14,-7,-13,-7,-11,-6,-9,-4,-8,-3,-7,-5,-6,-5,-6,-4,-2,-1,0,0,0,0,0,0,0,0,0,0,0,0,0,0,0,0,0,0,1,-1,4,-2,3,-2,1,-4,2,-5,2,-6,0,-7,-3,-7,-4,-7,-4,-7,-3,-10,-2,-14,1,-16,3,-18,2,-19,2,-19,3,-18,5,-17,6,-14,4,-12,5,-10,4,-9,-3,-7,-9,-7,-11,-11,-12,-15,-12,-15"
73.29911589622498,678,"CSI,1178,128,83,49,21,0,-19,-11,-17,-11,-18,-9,-19,-8,-19,-8,-17,-8,-11,-4,-7,2,-6,3,-6,2,-6,4,-7,5,-7,9,-10,13,-12,13,-9,10,-8,8,-8,8,-6,7,-5,7,-5,7,-4,7,-5,7,-4,5,-2,2,0,0,0,0,0,0,0,0,0,0,0,0,0,0,0,0,0,0,0,0,0,0,1,-1,0,-3,1,-5,1,-4,-1,-3,-2,-5,-2,-6,-1,-6,0,-8,-1,-12,-2,-14,-1,-15,-1,-16,-2,-17,0,-18,1,-19,4,-16,4,-14,1,-12,1,-11,-1,-9,-5,-8,-9,-7,-14,-6,-16,-7,-16,-9"
73.50278973579407,679,"CSI,1186,128,83,49,21,0,9,-20,6,-19,6,-19,6,-18,7,-18,9,-15,6,-10,0,-7,-2,-7,-2,-9,-5,-7,-7,-5,-10,-7,-13,-8,-12,-7,-11,-8,-12,-10,-12,-10,-9,-8,-6,-6,-7,-6,-8,-7,-6,-6,-4,-5,-5,-4,-2,-1,0,0,0,0,0,0,0,0,0,0,0,0,0,0,0,0,0,0,0,1,1,3,0,0,2,-4,4,-4,4,-2,5,-2,4,-2,6,-2,12,-5,15,-6,15,-3,16,0,18,1,18,3,15,6,14,5,13,4,11,4,9,1,7,-3,5,-7,5,-10,6,-9,5,-10,5,-17,6,-21"
73.5915367603302,680,"CSI,959,128,75,-79,20,0,-12,18,-14,17,-13,15,-12,14,-13,13,-14,12,-13,12,-12,14,-8,13,-5,11,0,11,5,10,4,11,3,14,3,16,1,15,0,13,-3,12,-5,12,-3,12,-3,10,-3,9,-2,9,-2,8,-2,8,-1,2,0,0,0,0,0,0,0,0,0,0,0,0,0,0,0,0,0,0,-1,-1,-4,-1,-4,-1,-3,0,-1,3,0,6,-1,6,-3,5,-3,6,-4,8,-7,10,-11,12,-14,12,-15,9,-16,8,-16,8,-16,6,-14,4,-10,4,-8,3,-6,3,-6,5,-7,8,-7,11,-7,13,-6,16,-3,19"
73.61946177482605,681,"CSI,960,128,75,-79,20,0,21,9,20,12,18,12,17,10,16,9,15,10,11,10,4,8,4,2,7,-4,7,-4,7,-3,6,-6,5,-9,7,-11,8,-12,9,-10,9,-9,7,-7,6,-6,5,-6,3,-7,3,-7,3,-6,1,-4,0,-1,0,0,0,0,0,0,0,0,0,0,0,0,0,0,0,0,0,0,-1,-1,-3,-3,-1,-3,1,-1,0,3,-1,5,-2,5,-3,6,-2,9,-1,10,0,10,0,15,-1,17,-4,16,-5,15,-7,14,-9,14,-6,12,-3,10,-3,9,-2,9,1,7,6,5,8,4,8,7,8,10,13,9"
73.65355110168457,682,"CSI,1191,128,83,49,21,0,-6,-22,-3,-21,-2,-21,-2,-19,-4,-17,-5,-17,-6,-15,-10,-13,-11,-6,-9,-1,-9,-3,-10,-4,-13,-3,-15,-4,-16,-7,-16,-10,-15,-9,-12,-9,-11,-9,-9,-10,-8,-9,-9,-8,-9,-7,-8,-5,-10,-4,-3,-1,0,0,0,0,0,0,0,0,0,0,0,0,0,0,0,0,0,0,0,0,2,2,1,0,0,-1,-2,-3,-3,-7,-4,-9,-2,-9,1,-10,1,-12,1,-13,2,-16,4,-17,7,-17,8,-17,9,-16,10,-15,8,-12,7,-9,7,-8,5,-8,2,-7,0,-8,-3,-12,-8,-14,-7,-16,-4,-18"
73.70655584335327,683,"CSI,1195,128,83,49,21,0,7,22,7,23,7,20,6,19,4,20,2,19,5,12,9,7,9,3,8,1,9,-2,11,-5,11,-6,12,-6,14,-6,16,-5,16,-5,14,-5,12,-4,9,-2,8,-2,9,-2,9,-3,5,-4,2,-4,0,-1,0,0,0,0,0,0,0,0,0,0,0,0,0,0,0,0,0,0,0,0,0,-1,-1,-1,-1,-1,-1,1,-2,2,-3,4,-4,6,-5,9,-7,10,-11,10,-12,10,-11,9,-11,7,-12,7,-12,9,-12,8,-13,6,-12,4,-10,4,-7,3,-3,4,-1,6,2,7,6,9,5,15,5,23"
73.8115828037262,684,"CSI,1198,128,83,49,21,0,3,-23,2,-21,1,-18,1,-17,3,-16,4,-13,6,-14,6,-16,3,-14,-1,-9,-5,-8,-6,-10,-8,-12,-10,-11,-9,-11,-9,-11,-9,-12,-8,-11,-7,-9,-7,-8,-6,-8,-4,-8,-4,-8,-5,-7,-4,-4,-1,-1,0,0,0,0,0,0,0,0,0,0,0,0,0,0,0,0,0,0,0,0,2,0,-1,-2,0,-4,1,-4,1,-5,1,-5,-2,-5,-2,-6,1,-8,4,-10,6,-11,8,-11,10,-12,10,-12,11,-9,13,-6,11,-6,8,-7,4,-9,2,-9,1,-7,0,-6,-3,-11,-5,-18,-6,-21,-7,-19"
73.91171288490295,685,"CSI,1202,128,83,49,21,0,-21,3,-23,4,-22,5,-20,5,-18,4,-15,4,-14,1,-12,-3,-9,1,-7,6,-4,6,0,8,1,11,1,10,3,11,3,12,1,12,1,11,2,9,2,7,3,6,4,6,5,7,5,7,6,6,1,1,0,0,0,0,0,0,0,0,0,0,0,0,0,0,0,0,0,0,1,0,3,1,0,-2,-1,-4,-1,-4,-1,-4,-1,-5,-4,-5,-4,-6,-5,-7,-7,-8,-7,-13,-6,-16,-5,-16,-1,-16,0,-14,-2,-11,-1,-8,-1,-8,-4,-11,-5,-11,-4,-6,-4,-2,-8,0,-11,1,-15,1,-20,2"
74.01055979728699,686,"CSI,1207,128,83,49,21,0,9,20,7,19,4,14,4,14,3,15,1,15,-1,17,-2,18,3,12,6,7,6,4,6,3,8,4,11,4,11,5,10,6,8,8,6,10,6,9,6,6,6,4,5,4,3,4,4,3,5,2,1,0,0,0,0,0,0,0,0,0,0,0,0,0,0,0,0,0,0,0,-1,-1,-2,-1,0,1,-1,1,-1,2,0,3,0,3,1,4,4,6,3,8,2,8,2,11,0,14,-2,15,-4,14,-5,13,-5,12,-1,10,1,8,0,7,-3,7,-3,9,1,7,4,6,7,9,10,9,10,8"
74.22085499763489,687,"CSI,1215,128,83,49,21,0,-22,-5,-21,-7,-22,-4,-20,-2,-16,-2,-14,-2,-12,-5,-8,-8,-6,-5,-4,1,-2,5,-1,7,-2,7,-4,9,-5,12,-5,12,-5,9,-6,9,-5,8,-4,5,-3,5,-4,6,-3,6,-1,6,-3,6,-1,1,0,0,0,0,0,0,0,0,0,0,0,0,0,0,0,0,0,0,1,-1,5,-1,3,0,1,-1,-1,-3,-3,-5,-4,-6,-4,-6,-4,-8,-4,-11,-5,-11,-6,-13,-4,-14,-1,-15,-1,-15,-1,-16,0,-17,-1,-15,-2,-11,0,-8,-1,-6,-3,-5,-4,-4,-5,-4,-9,-3,-15,-1,-21,3"
74.32239985466003,688,"CSI,1219,128,83,49,21,0,7,-25,5,-22,4,-19,6,-19,6,-18,5,-15,3,-9,-1,-5,-2,-4,-2,-3,-5,-3,-8,-5,-8,-7,-9,-7,-12,-8,-12,-8,-10,-7,-9,-7,-10,-7,-10,-7,-7,-6,-5,-5,-5,-3,-5,-1,-4,0,-1,-1,0,0,0,0,0,0,0,0,0,0,0,0,0,0,0,0,0,0,-1,0,-3,1,-1,1,0,-1,2,-3,4,-3,3,-3,2,-3,2,-3,5,-4,10,-6,11,-8,11,-7,13,-7,15,-7,15,-5,15,-4,14,-2,13,-2,9,-4,7,-4,7,-6,7,-7,6,-7,4,-9,2,-13,4,-14"
74.42273187637329,689,"CSI,1223,128,83,49,21,0,20,-7,18,-7,21,-9,22,-8,17,-7,13,-7,13,-6,12,-1,10,-1,7,-4,5,-5,2,-7,1,-9,2,-11,3,-12,2,-14,2,-14,4,-12,6,-11,6,-11,5,-10,4,-7,4,-5,2,-7,0,-10,-1,-3,0,0,0,0,0,0,0,0,0,0,0,0,0,0,0,0,0,0,0,0,1,2,0,2,0,0,2,-2,6,-4,8,-4,9,-4,9,-1,7,1,9,1,12,1,14,3,15,5,14,6,12,7,12,7,12,3,10,2,10,4,9,3,9,2,9,-2,9,-6,9,-8,11,-11,11,-14"
74.52806687355042,690,"CSI,1227,128,83,49,21,0,-4,-18,-3,-20,-3,-20,-2,-18,-2,-18,-1,-16,4,-12,8,-8,5,-6,-1,-5,-6,-4,-10,-2,-10,-2,-8,-4,-10,-4,-13,-2,-14,-4,-13,-5,-12,-5,-11,-5,-10,-3,-10,-1,-9,-1,-7,-1,-5,1,-1,0,0,0,0,0,0,0,0,0,0,0,0,0,0,0,0,0,0,0,0,0,1,3,0,3,0,1,3,-1,5,-3,6,-7,5,-8,6,-7,10,-7,12,-8,14,-8,14,-8,12,-6,11,-3,10,-2,12,-3,12,-4,8,-5,6,-6,7,-7,6,-7,3,-7,0,-7,-2,-12,-3,-16,-3,-18"
74.58246183395386,691,"CSI,961,128,77,-47,20,0,20,8,17,7,14,5,15,6,15,7,15,6,13,8,7,11,4,8,5,2,5,-4,4,-7,5,-8,4,-8,6,-7,7,-7,4,-8,5,-8,8,-6,7,-6,6,-6,4,-6,3,-6,2,-5,1,-4,0,-1,0,0,0,0,0,0,0,0,0,0,0,0,0,0,0,0,0,0,-1,-1,-4,-1,-3,1,-1,3,2,4,3,5,2,5,1,5,-1,7,0,11,4,14,3,16,0,17,-3,16,-3,13,-4,13,-6,14,-5,13,-5,12,-4,12,0,10,2,8,4,8,7,5,12,1,15,2,16,4"
74.62647294998169,692,"CSI,1230,128,83,49,21,0,20,-7,18,-5,15,-4,15,-5,17,-1,14,2,13,-3,15,-7,9,-5,3,-3,2,-5,2,-9,2,-11,2,-13,2,-15,3,-14,5,-11,6,-11,6,-11,4,-9,3,-8,1,-6,1,-4,3,-6,3,-7,0,-2,0,0,0,0,0,0,0,0,0,0,0,0,0,0,0,0,0,0,-1,0,-1,2,0,2,2,2,3,2,5,2,8,1,8,1,7,2,7,4,10,6,11,7,11,7,10,10,8,12,8,11,8,11,8,12,7,10,7,7,5,4,4,0,4,-1,4,1,9,2,15,-2,15,-7"
74.73364877700806,693,"CSI,1234,128,83,49,21,0,-21,4,-22,3,-24,5,-24,6,-22,3,-19,-1,-18,-1,-19,1,-14,2,-8,3,-5,2,-3,3,-2,7,-3,9,-5,10,-7,11,-8,11,-9,8,-10,7,-9,7,-9,5,-9,3,-7,2,-6,3,-5,4,-2,1,0,0,0,0,0,0,0,0,0,0,0,0,0,0,0,0,0,0,-1,-2,-2,-5,-3,-3,-3,-4,-4,-3,-4,-3,-6,-3,-8,-2,-9,-3,-12,-4,-14,-4,-16,-3,-15,-4,-13,-8,-14,-11,-15,-10,-14,-11,-12,-10,-12,-7,-12,-6,-10,-4,-7,-2,-6,-3,-8,0,-14,4,-18,6,-22,7"
74.83095073699951,694,"CSI,1239,128,83,49,21,0,10,22,9,24,7,25,6,23,5,22,6,19,5,18,5,19,5,17,6,12,5,8,5,5,7,3,8,3,11,2,14,1,14,4,12,6,10,6,8,5,8,4,7,4,5,2,3,1,4,1,1,0,0,0,0,0,0,0,0,0,0,0,0,0,0,0,0,0,0,0,-1,-1,-4,-2,-3,2,0,4,0,3,0,3,-1,4,-1,6,1,9,3,14,1,16,-3,17,-4,19,-3,19,-4,19,-7,17,-7,16,-5,16,-6,15,-7,14,-5,12,-2,12,1,12,1,11,2,12,6,13,7,12"
74.90409994125366,695,"CSI,962,128,77,-47,20,0,12,21,12,21,10,20,10,18,9,18,5,19,1,17,-4,11,-4,9,0,9,4,7,8,4,10,1,9,-1,9,-2,9,-2,13,-1,15,1,13,3,12,3,11,2,11,1,10,1,7,0,5,-1,1,-1,0,0,0,0,0,0,0,0,0,0,0,0,0,0,0,0,0,0,-1,-1,-4,-2,-4,1,-4,2,-4,3,-5,5,-5,6,-5,6,-5,7,-6,9,-7,12,-7,14,-7,16,-8,17,-13,16,-14,14,-11,13,-9,11,-10,10,-9,10,-5,11,-2,10,-2,9,1,8,5,9,6,13,7,15"
74.94213390350342,696,"CSI,1243,128,83,49,21,0,-17,-21,-16,-21,-14,-21,-13,-22,-12,-20,-10,-16,-8,-10,-7,-4,-5,-5,-6,-5,-9,-2,-9,1,-9,0,-9,-2,-12,0,-14,-1,-14,0,-15,3,-17,2,-15,0,-12,0,-10,-1,-8,-2,-9,-1,-9,0,-2,0,0,0,0,0,0,0,0,0,0,0,0,0,0,0,0,0,0,0,1,-2,3,-5,1,-5,-2,-8,-2,-9,-2,-8,-4,-8,-3,-8,0,-9,-1,-11,-1,-14,-1,-17,0,-17,3,-17,4,-18,3,-20,2,-20,3,-20,3,-17,1,-14,0,-11,-5,-10,-10,-12,-9,-11,-8,-12,-10,-16,-10,-17"
75.01406288146973,697,"CSI,964,128,75,-79,20,0,22,-2,24,-2,25,-3,23,-2,19,0,16,1,13,0,11,-3,9,-6,5,-5,3,-3,5,-4,6,-9,6,-12,5,-12,6,-11,8,-12,9,-13,7,-12,5,-9,4,-7,4,-8,5,-8,5,-5,6,-2,1,-1,0,0,0,0,0,0,0,0,0,0,0,0,0,0,0,0,0,0,0,0,2,1,3,2,3,3,2,3,4,2,6,2,9,3,12,3,14,5,13,9,12,13,12,12,11,11,9,13,8,14,9,15,8,14,9,11,10,11,8,11,6,10,9,7,13,5,12,3,12,0,16,-1"
75.04672193527222,698,"CSI,1246,128,83,49,21,0,-24,0,-23,0,-22,0,-23,-1,-24,-2,-21,-1,-18,-2,-17,-4,-16,-1,-14,2,-11,3,-8,4,-8,6,-6,9,-5,12,-6,12,-7,10,-9,9,-9,9,-9,9,-10,8,-8,5,-7,3,-8,3,-8,3,-2,0,0,0,0,0,0,0,0,0,0,0,0,0,0,0,0,0,0,0,0,-1,-2,-3,-4,-1,-5,-1,-5,-2,-7,-2,-9,-3,-11,-3,-12,-3,-14,-2,-17,-1,-18,-4,-18,-6,-18,-6,-18,-8,-17,-10,-15,-11,-15,-11,-13,-10,-11,-9,-10,-6,-12,-3,-15,-2,-16,0,-15,3,-17,5,-19,7"
75.14567804336548,699,"CSI,1250,128,83,49,21,0,-14,-18,-12,-17,-11,-17,-12,-18,-12,-16,-10,-12,-9,-9,-10,-6,-8,-5,-7,-2,-8,0,-9,-1,-9,0,-11,-1,-12,-3,-11,-4,-11,-5,-12,-5,-13,-4,-12,-3,-10,-3,-9,-3,-8,-4,-8,-6,-8,-5,-2,-1,0,0,0,0,0,0,0,0,0,0,0,0,0,0,0,0,0,0,0,-1,2,-2,2,-3,-1,-4,-3,-4,-4,-4,-4,-4,-5,-4,-7,-5,-8,-7,-8,-13,-6,-18,-4,-19,-3,-19,-5,-20,-3,-20,-1,-18,-2,-14,-1,-10,0,-10,-2,-10,-5,-8,-6,-8,-7,-11,-10,-14,-13,-16,-18,-15"
75.2017138004303,700,"CSI,1884,128,83,49,21,0,14,0,15,0,15,1,14,2,10,2,8,2,6,0,0,1,0,3,7,3,8,0,3,-2,-2,-4,-2,-5,1,-8,4,-8,5,-8,5,-8,5,-5,5,-4,5,-5,6,-4,6,-1,5,0,6,1,1,0,0,0,0,0,0,0,0,0,0,0,0,0,0,0,0,0,0,0,0,0,2,2,3,3,1,3,-2,4,0,4,2,3,2,0,3,-2,4,-1,5,0,7,0,9,0,10,1,10,2,8,6,6,8,6,8,6,8,5,8,5,7,5,5,4,4,5,2,7,-1,9,-3,10,-4"
75.2440538406372,701,"CSI,1255,128,83,49,21,0,-17,13,-19,11,-20,11,-20,12,-21,11,-19,10,-13,11,-5,14,-2,12,-2,7,-2,4,-1,5,1,8,4,10,4,11,5,13,4,13,3,12,2,12,0,12,0,9,0,5,-1,5,-1,4,-1,4,-1,1,0,0,0,0,0,0,0,0,0,0,0,0,0,0,0,0,0,0,-1,-1,-2,-3,-2,-1,-2,2,-3,2,-3,1,-4,2,-8,5,-11,5,-13,5,-16,7,-20,4,-21,1,-19,0,-17,-2,-17,-5,-16,-5,-16,-5,-15,-4,-12,-2,-9,0,-9,3,-10,4,-11,5,-13,9,-15,14,-15,18"
75.44815301895142,702,"CSI,1263,128,83,49,21,0,18,-14,19,-12,21,-12,20,-10,17,-7,14,-5,11,-7,6,-11,1,-8,0,-4,0,-4,0,-7,-1,-9,-3,-11,-4,-12,-3,-13,-2,-14,0,-13,0,-12,0,-12,-1,-12,-2,-10,-1,-8,0,-7,-1,-5,-1,-1,0,0,0,0,0,0,0,0,0,0,0,0,0,0,0,0,0,0,0,1,1,5,0,6,0,4,2,1,5,0,7,0,9,-1,12,-2,14,-2,14,-1,15,0,18,2,18,4,17,3,16,2,15,3,11,3,8,2,9,-1,10,-3,11,-2,12,-3,11,-6,12,-8,14,-9,17,-9"
75.55209374427795,703,"CSI,1267,128,83,49,21,0,-26,9,-25,6,-24,5,-23,5,-22,4,-17,2,-14,2,-14,5,-11,6,-6,4,-5,4,-5,6,-5,6,-5,8,-4,9,-4,11,-5,11,-6,10,-6,10,-5,11,-6,9,-6,7,-5,6,-4,6,-2,5,-1,1,0,0,0,0,0,0,0,0,0,0,0,0,0,0,0,0,0,0,1,-2,3,-5,0,-4,-1,-2,-3,1,-6,2,-8,1,-9,-1,-11,0,-13,0,-15,-3,-18,-6,-20,-5,-16,-5,-13,-6,-13,-5,-14,-6,-13,-7,-12,-8,-12,-7,-14,-4,-15,-2,-13,-2,-12,1,-16,5,-21,8,-24,9"
75.65303683280945,704,"CSI,1270,128,83,49,21,0,16,-17,17,-17,19,-18,17,-16,15,-13,16,-13,18,-11,20,-8,15,-7,7,-7,4,-7,2,-7,0,-8,-1,-10,-2,-13,-4,-14,-2,-13,0,-15,-1,-14,-1,-11,1,-10,3,-10,3,-9,3,-9,2,-8,0,-2,0,0,0,0,0,0,0,0,0,0,0,0,0,0,0,0,0,0,0,1,0,3,0,1,1,0,2,-1,4,-2,5,-4,7,-5,10,-5,12,-4,13,-2,16,0,19,0,19,0,17,2,16,5,16,6,14,6,11,5,10,3,9,2,8,-1,9,-4,11,-5,11,-9,10,-14,9,-14"
75.75277996063232,705,"CSI,1275,128,83,49,21,0,25,1,26,3,22,7,20,8,21,6,19,4,17,3,16,1,13,1,9,1,7,-1,5,-2,5,-5,7,-7,8,-9,9,-9,12,-8,13,-6,12,-4,11,-3,10,-3,9,-2,6,0,5,0,4,0,0,0,0,0,0,0,0,0,0,0,0,0,0,0,0,0,0,0,0,0,-1,1,-1,5,-1,4,2,1,3,-1,4,-1,5,0,7,1,10,3,11,5,12,7,15,8,16,10,14,12,13,14,12,14,11,11,10,7,8,6,9,7,10,5,10,2,10,0,13,1,17,0,17,-3,18,-4"
75.85732293128967,706,"CSI,1278,128,83,49,21,0,20,-16,20,-15,20,-12,21,-10,21,-9,21,-8,16,-8,8,-6,6,-2,5,-1,4,-4,4,-7,3,-10,2,-12,1,-15,-1,-16,-1,-14,-1,-13,0,-13,2,-14,2,-12,2,-8,4,-6,3,-7,1,-6,0,-2,0,0,0,0,0,0,0,0,0,0,0,0,0,0,0,0,0,0,-2,1,-5,4,-1,2,0,1,1,0,6,-2,10,-3,10,-2,11,1,13,4,14,3,16,2,18,3,20,6,19,9,17,9,14,8,12,7,12,6,10,4,7,4,6,5,9,2,11,-2,11,-5,11,-7,12,-10"
76.06042790412903,707,"CSI,1286,128,83,49,21,0,23,7,24,9,23,11,22,10,18,9,14,11,14,8,16,2,12,-1,7,0,5,-3,6,-6,6,-7,6,-7,6,-9,9,-11,12,-12,13,-10,12,-7,11,-5,10,-5,9,-5,7,-3,5,-2,2,-3,0,-1,0,0,0,0,0,0,0,0,0,0,0,0,0,0,0,0,0,0,-2,0,-4,0,-1,-2,1,-2,3,1,3,4,6,5,9,7,9,10,7,13,4,17,4,19,5,19,5,20,4,19,3,20,1,22,1,19,-1,15,0,13,1,11,2,9,6,7,10,7,15,8,20,6,22,6"
76.1658878326416,708,"CSI,1291,128,83,49,21,0,16,-25,16,-24,16,-20,15,-19,15,-17,15,-13,11,-13,5,-13,3,-10,2,-7,-2,-5,-5,-4,-7,-6,-8,-8,-10,-11,-11,-11,-11,-9,-10,-8,-9,-9,-8,-10,-7,-10,-6,-9,-4,-9,-2,-9,0,-6,0,-2,0,0,0,0,0,0,0,0,0,0,0,0,0,0,0,0,0,0,-1,0,-2,3,1,2,2,0,1,-3,4,-4,10,-3,11,-2,12,-2,15,-1,17,0,19,2,20,4,18,5,15,7,17,9,17,8,14,6,11,6,10,4,9,1,9,-1,8,-6,6,-10,4,-12,5,-16,7,-21"
76.26893091201782,709,"CSI,1294,128,83,49,21,0,-20,-21,-18,-22,-15,-22,-14,-18,-13,-16,-10,-16,-9,-13,-11,-7,-9,-2,-6,-1,-4,-1,-3,4,-3,8,-6,8,-7,9,-8,11,-9,12,-9,12,-8,10,-8,6,-10,5,-9,5,-5,3,-4,2,-5,2,-2,0,0,0,0,0,0,0,0,0,0,0,0,0,0,0,0,0,0,0,0,0,0,2,0,0,0,-3,1,-5,1,-7,3,-8,6,-9,8,-8,10,-7,12,-9,15,-10,16,-11,16,-12,16,-10,17,-7,14,-7,12,-8,10,-8,6,-7,4,-7,3,-6,0,-5,-5,-8,-8,-13,-12,-15,-17,-17"
76.3714747428894,710,"CSI,1298,128,83,49,21,0,-29,-7,-27,-7,-24,-8,-22,-8,-20,-7,-17,-8,-11,-7,-5,-4,-4,-3,-4,-2,-2,1,-3,5,-4,8,-2,12,0,15,0,15,-2,14,-3,13,-4,14,-4,11,-4,9,-6,6,-5,4,-2,1,0,-1,0,-1,0,0,0,0,0,0,0,0,0,0,0,0,0,0,0,0,0,0,0,1,3,4,0,2,-2,1,-3,-1,-2,-3,-1,-7,-4,-10,-4,-13,-1,-16,1,-19,3,-24,4,-27,5,-24,4,-20,3,-17,4,-15,5,-13,5,-13,4,-12,-1,-11,-3,-10,-7,-7,-14,-5,-20,-4,-24,-3,-24,-1"
76.47188591957092,711,"CSI,1303,128,83,49,21,0,15,26,14,26,13,24,12,20,14,17,14,15,12,10,10,5,4,3,1,2,4,-2,4,-5,2,-7,0,-9,0,-13,3,-16,5,-17,5,-15,5,-14,4,-14,4,-13,3,-10,3,-7,3,-5,2,-3,0,-1,0,0,0,0,0,0,0,0,0,0,0,0,0,0,0,0,0,0,2,-1,6,-1,1,0,-2,3,-4,5,-6,3,-8,3,-11,5,-13,3,-14,2,-17,3,-20,1,-20,-2,-19,-1,-19,1,-21,1,-21,-1,-18,-2,-12,1,-7,5,-6,8,-5,7,-1,9,4,13,7,14,8,15,10,19"
76.57477807998657,712,"CSI,1307,128,83,49,21,0,-28,12,-27,13,-24,13,-23,13,-22,10,-19,7,-16,4,-14,-1,-10,-2,-7,2,-5,5,0,4,6,4,8,7,9,8,11,9,12,9,9,8,8,8,8,9,6,8,4,7,3,6,2,5,2,4,0,1,0,0,0,0,0,0,0,0,0,0,0,0,0,0,0,0,0,0,0,1,2,3,0,2,-2,1,-4,-1,-5,-5,-6,-9,-5,-12,-4,-15,-4,-16,-4,-17,-3,-18,-3,-20,-1,-22,0,-21,-1,-18,-2,-15,-2,-15,-3,-14,-4,-12,-7,-8,-8,-4,-8,-2,-10,1,-15,6,-21,7,-24,5"
76.67621874809265,713,"CSI,1310,128,83,49,21,0,16,25,13,25,11,24,10,22,10,19,9,15,5,12,-2,12,1,10,6,6,6,1,6,-4,6,-8,6,-10,6,-11,6,-13,6,-13,8,-11,10,-9,9,-9,7,-10,5,-9,5,-8,3,-7,2,-4,0,-1,0,0,0,0,0,0,0,0,0,0,0,0,0,0,0,0,0,0,0,-2,3,-5,2,-2,0,0,-3,3,-4,6,-7,8,-8,8,-10,7,-12,7,-15,8,-19,7,-22,7,-20,8,-20,8,-20,7,-17,7,-15,6,-13,5,-11,6,-8,8,-3,8,1,9,5,9,9,11,11,17,11,21"
76.76204681396484,714,"CSI,965,128,77,-47,20,0,-26,5,-26,4,-25,3,-24,3,-25,3,-24,3,-18,5,-11,6,-5,4,-2,4,-1,4,4,4,6,6,7,8,9,10,9,12,6,12,6,14,6,14,5,11,4,9,4,9,2,8,1,5,2,3,0,0,0,0,0,0,0,0,0,0,0,0,0,0,0,0,0,0,0,0,0,0,0,3,-1,2,-3,0,-5,-3,-5,-7,-5,-9,-6,-11,-5,-15,-2,-19,-1,-20,-1,-19,0,-19,1,-18,-1,-17,-2,-17,-4,-17,-4,-15,-1,-12,-1,-12,-3,-10,-4,-5,-6,-1,-9,1,-15,4,-21,5,-25,7"
76.7953987121582,715,"CSI,1315,128,83,49,21,0,-22,-19,-22,-19,-20,-17,-18,-14,-15,-15,-14,-16,-15,-13,-14,-10,-9,-8,-6,-5,-5,1,-4,6,-3,8,-4,9,-4,11,-4,13,-8,13,-11,11,-11,9,-7,8,-5,7,-5,6,-7,4,-7,3,-4,0,-1,-1,0,0,0,0,0,0,0,0,0,0,0,0,0,0,0,0,0,0,-1,-1,-2,0,-3,0,-2,-3,-1,-6,-1,-6,1,-8,3,-11,5,-14,7,-14,8,-14,7,-15,7,-17,9,-16,9,-16,7,-17,7,-17,7,-16,6,-12,4,-9,3,-7,1,-8,-2,-9,-6,-8,-10,-9,-15,-11,-16,-13"
76.82604002952576,716,"CSI,966,128,77,-47,20,0,23,-15,23,-15,22,-16,19,-17,16,-13,16,-10,17,-11,17,-12,11,-10,6,-7,1,-4,-6,-1,-9,-2,-11,-3,-13,-5,-14,-8,-15,-8,-14,-7,-12,-6,-10,-7,-8,-7,-7,-6,-6,-6,-5,-5,-3,-4,-1,-1,0,0,0,0,0,0,0,0,0,0,0,0,0,0,0,0,0,0,-2,-1,-4,-3,-2,-3,0,0,3,3,5,5,5,6,4,8,4,10,4,11,4,12,6,15,7,16,6,14,5,14,4,16,3,18,3,15,2,12,3,11,5,6,7,1,9,0,10,-2,12,-6,17,-8,23,-7"
76.85929989814758,717,"CSI,967,128,77,-47,20,0,-12,23,-13,24,-11,21,-10,18,-13,19,-14,19,-8,18,-2,17,0,11,-1,6,2,4,7,1,9,0,10,0,13,0,17,1,18,2,16,1,14,1,12,2,11,3,10,4,7,5,6,4,5,4,1,1,0,0,0,0,0,0,0,0,0,0,0,0,0,0,0,0,0,0,2,-1,7,-1,5,2,3,3,-1,0,-8,-2,-13,-5,-13,-10,-14,-10,-12,-7,-10,-8,-12,-11,-13,-13,-15,-12,-17,-13,-15,-16,-13,-16,-13,-12,-11,-8,-7,-3,-7,-1,-7,1,-5,5,-5,8,-7,13,-11,15,-15,16"
76.8871488571167,718,"CSI,968,128,77,-47,20,0,16,18,15,20,15,20,15,17,13,16,12,15,10,10,11,5,9,4,5,1,1,-3,1,-5,4,-7,6,-10,3,-11,2,-12,5,-12,8,-11,8,-10,6,-10,5,-8,6,-7,6,-8,4,-5,2,-2,0,-1,0,0,0,0,0,0,0,0,0,0,0,0,0,0,0,0,0,0,0,0,3,0,2,0,1,2,0,5,-1,6,-5,7,-7,10,-5,10,-4,11,-8,13,-11,13,-9,14,-7,11,-8,8,-10,8,-13,9,-9,8,-5,7,-4,7,-5,6,-4,5,2,7,6,7,6,7,7,12,8,15"
76.92019701004028,719,"CSI,1318,128,83,49,21,0,2,-28,3,-27,5,-24,3,-22,2,-19,3,-13,3,-13,4,-15,2,-14,-2,-9,-4,-4,-7,-1,-10,-1,-13,-2,-15,-1,-15,-1,-15,-3,-14,-5,-12,-4,-11,-3,-12,-3,-10,-3,-7,-2,-4,-1,-3,-1,-1,-1,0,0,0,0,0,0,0,0,0,0,0,0,0,0,0,0,0,0,-1,0,-3,1,-1,-1,-1,-3,-1,-5,2,-6,6,-6,7,-6,7,-5,11,-4,15,-4,16,-6,16,-6,16,-4,16,-3,15,-3,16,-2,16,-1,12,-2,8,-2,8,-3,7,-5,4,-7,2,-12,2,-20,1,-24,-1,-22"
76.98355388641357,720,"CSI,1322,128,83,49,21,0,16,-7,17,-7,20,-9,20,-8,17,-8,13,-9,9,-9,3,-9,1,-7,4,-3,2,-2,-2,-6,-5,-10,-7,-10,-9,-10,-11,-10,-9,-10,-7,-9,-7,-8,-7,-7,-4,-7,-3,-6,-3,-4,-4,-5,-6,-5,-2,-1,0,0,0,0,0,0,0,0,0,0,0,0,0,0,0,0,0,0,-1,-1,-4,-4,0,-5,5,-3,8,0,8,2,9,6,9,8,7,9,8,11,10,14,10,16,7,15,7,13,6,13,5,14,4,13,4,9,7,6,9,3,8,0,7,-1,8,-2,10,-4,13,-9,12,-10,10,-8"
77.08769297599792,721,"CSI,1327,128,83,49,21,0,-8,19,-8,20,-9,19,-9,17,-8,18,-9,15,-8,13,-4,14,-2,10,-2,5,-1,0,2,-3,5,-5,7,-8,9,-11,10,-10,9,-6,10,-4,11,-6,9,-8,8,-7,5,-5,1,-4,1,-2,2,0,0,0,0,0,0,0,0,0,0,0,0,0,0,0,0,0,0,0,0,0,-1,0,-1,4,-2,3,-4,-1,-6,-4,-6,-4,-7,-4,-8,-5,-5,-8,-2,-13,-4,-15,-7,-16,-7,-17,-6,-17,-5,-17,-4,-15,-2,-13,-2,-14,-3,-12,-4,-7,-5,-4,-6,-1,-6,2,-7,6,-8,13,-12,18,-14,20"
77.18678283691406,722,"CSI,1330,128,83,49,21,0,21,1,21,1,18,1,17,0,15,-1,14,-1,14,2,16,6,15,3,10,0,5,-1,0,-3,-3,-6,-3,-8,-3,-12,-3,-14,-1,-13,0,-13,2,-13,2,-11,2,-7,2,-6,4,-7,4,-5,2,-2,0,-1,0,0,0,0,0,0,0,0,0,0,0,0,0,0,0,0,0,0,-2,0,-6,2,-4,1,-3,0,-1,0,3,1,6,3,6,5,7,8,8,12,7,14,6,16,6,17,5,17,3,16,3,16,3,17,3,15,2,11,0,10,0,9,3,5,5,3,6,2,12,0,18,-2,18,-5"
77.29067587852478,723,"CSI,1334,128,83,49,21,0,2,22,0,22,-2,18,0,16,3,17,2,15,-1,7,-1,1,-3,1,-4,2,-1,-1,3,-5,4,-6,5,-6,6,-6,8,-8,8,-10,7,-7,7,-6,5,-7,4,-6,6,-4,7,-3,5,-4,1,-5,0,-2,0,0,0,0,0,0,0,0,0,0,0,0,0,0,0,0,0,0,0,0,2,0,4,1,3,2,-3,2,-8,2,-9,2,-9,2,-10,1,-11,1,-12,-1,-13,-3,-13,-6,-14,-7,-15,-7,-16,-8,-13,-7,-10,-5,-10,-4,-9,-3,-8,-1,-7,3,-4,6,-3,9,-2,13,0,15,0,18"
77.39313888549805,724,"CSI,1339,128,83,49,21,0,-2,-15,1,-16,2,-16,0,-15,-2,-14,-2,-13,-4,-11,-7,-6,-7,-3,-5,-2,-4,-1,-4,0,-5,1,-8,3,-11,4,-14,4,-13,3,-12,2,-11,2,-11,3,-10,3,-9,2,-7,2,-5,2,-6,2,-2,0,0,0,0,0,0,0,0,0,0,0,0,0,0,0,0,0,0,0,0,0,0,1,0,-1,1,-2,2,-3,4,-2,6,-3,9,-4,11,-3,11,1,11,1,13,1,14,2,15,3,17,3,15,4,11,4,9,1,9,-2,6,-6,3,-9,3,-12,3,-14,3,-14,4,-15,6,-16,9,-17"
77.42430591583252,725,"CSI,969,128,75,-79,20,0,12,13,11,12,9,8,8,5,9,5,8,4,6,5,7,8,8,7,8,-2,7,-7,5,-7,4,-8,2,-8,3,-8,5,-11,6,-12,7,-10,8,-8,6,-6,4,-5,2,-6,1,-5,0,-2,1,-2,0,-1,0,0,0,0,0,0,0,0,0,0,0,0,0,0,0,0,0,0,0,-1,2,-2,2,0,1,0,2,2,3,4,4,7,3,9,1,12,-2,16,-5,17,-8,15,-8,13,-9,10,-9,10,-9,10,-8,10,-5,7,-2,5,0,6,3,8,5,8,7,7,9,8,11,9,13,10,14,11"
77.47466993331909,726,"CSI,970,128,75,-79,20,0,-19,-13,-18,-12,-19,-9,-18,-6,-16,-5,-14,-6,-12,-3,-10,4,-5,7,-1,5,1,2,2,2,3,5,3,7,4,9,5,11,5,11,4,10,4,9,4,7,2,4,0,4,1,6,1,7,0,5,-1,1,0,0,0,0,0,0,0,0,0,0,0,0,0,0,0,0,0,0,-1,1,-3,2,-1,-1,-1,-3,-2,-4,1,-6,6,-8,9,-6,11,-5,13,-4,13,-5,14,-6,17,-10,19,-10,19,-8,17,-6,13,-5,10,-4,9,-3,5,-3,2,-4,-1,-6,-5,-7,-8,-6,-12,-9,-13,-16,-13,-19"
77.50536799430847,727,"CSI,971,128,75,-79,20,0,-8,-23,-9,-20,-9,-16,-10,-13,-10,-11,-9,-9,-6,-6,-2,-4,-1,-4,-4,-4,-7,-2,-6,0,-6,3,-7,7,-10,8,-11,9,-11,9,-11,10,-9,9,-7,6,-6,4,-6,5,-6,4,-5,3,-4,4,-1,1,0,0,0,0,0,0,0,0,0,0,0,0,0,0,0,0,0,0,-2,2,-5,6,-3,2,-3,-1,-1,-5,2,-6,5,-6,7,-6,11,-6,15,-6,16,-4,17,-4,19,-4,18,-4,16,-3,16,-3,14,-2,10,-2,6,-2,3,-3,0,-4,-2,-7,-3,-9,-5,-10,-8,-14,-8,-19,-6,-21"
77.53875589370728,728,"CSI,1342,128,83,49,21,0,-18,-19,-17,-19,-12,-16,-9,-12,-8,-11,-7,-12,-7,-9,-9,-2,-8,0,-6,-3,-6,-4,-7,-2,-9,0,-11,1,-10,1,-12,0,-14,0,-13,-1,-10,-4,-8,-4,-8,-2,-8,-1,-8,-2,-7,-1,-5,1,-1,0,0,0,0,0,0,0,0,0,0,0,0,0,0,0,0,0,0,0,1,0,5,2,4,1,2,-1,-2,-2,-5,-4,-6,-6,-7,-8,-8,-10,-6,-12,-4,-15,-4,-18,-2,-18,0,-17,2,-18,2,-17,5,-14,6,-14,4,-12,0,-9,-4,-8,-7,-7,-9,-7,-12,-8,-14,-10,-17,-11,-21,-11"
77.5719747543335,729,"CSI,972,128,75,-79,20,0,-5,-20,-3,-20,-4,-19,-3,-16,-3,-14,-7,-13,-8,-9,-4,-2,-3,-1,-5,-4,-7,-5,-8,-4,-9,1,-10,5,-11,6,-13,5,-16,5,-14,5,-11,3,-10,2,-10,2,-7,2,-4,2,-3,1,-4,0,-1,0,0,0,0,0,0,0,0,0,0,0,0,0,0,0,0,0,0,0,-1,0,-3,0,-3,0,-2,-1,1,-3,3,-5,3,-8,4,-9,7,-8,11,-7,14,-6,17,-7,18,-6,17,-4,17,-1,17,0,15,0,10,-2,7,-2,6,-1,4,-4,2,-7,2,-6,0,-10,-3,-17,-3,-20,0,-19"
77.60304093360901,730,"CSI,1347,128,83,49,21,0,-13,-13,-13,-11,-13,-9,-13,-10,-13,-10,-12,-9,-8,-5,-5,-2,-5,0,-4,-1,-3,-2,-2,1,-2,4,-3,5,-4,7,-7,9,-9,8,-10,6,-10,6,-8,5,-6,3,-6,2,-7,1,-6,1,-3,1,-1,0,0,0,0,0,0,0,0,0,0,0,0,0,0,0,0,0,0,0,0,0,1,-1,1,-2,-1,-2,-3,-3,-4,-6,-3,-10,-1,-11,1,-10,2,-11,4,-14,7,-14,9,-14,9,-16,9,-14,10,-11,9,-13,8,-14,6,-11,4,-9,1,-8,-3,-7,-5,-7,-5,-9,-9,-9,-15,-10,-18,-12"
77.66348481178284,731,"CSI,1980,128,83,49,21,0,-20,-1,-22,0,-22,1,-21,1,-21,0,-20,-1,-17,-3,-11,-7,-8,-6,-9,-3,-9,-1,-6,0,-5,2,-6,3,-6,4,-4,6,-2,8,-3,8,-3,8,-2,6,-3,4,-3,4,-4,4,-3,5,0,4,0,1,0,0,0,0,0,0,0,0,0,0,0,0,0,0,0,0,0,0,1,-1,7,-2,7,0,7,1,6,0,4,0,4,-1,4,0,2,1,1,0,1,-3,1,-7,0,-9,1,-10,0,-12,-1,-15,2,-16,2,-17,-1,-16,0,-15,1,-14,0,-12,-3,-11,-4,-9,-5,-6,-8,-5,-9,-5"
77.76590776443481,732,"CSI,1984,128,83,49,21,0,-1,-19,2,-19,4,-18,1,-18,0,-16,1,-15,3,-14,6,-10,4,-9,-2,-11,-3,-8,-2,-6,-3,-5,-4,-1,-5,0,-6,0,-7,-1,-8,-2,-9,-2,-9,-1,-9,-2,-8,-4,-6,-3,-6,-1,-6,0,-2,0,0,0,0,0,0,0,0,0,0,0,0,0,0,0,0,0,0,0,1,1,4,6,3,6,3,7,2,9,0,10,-2,8,-3,6,-2,7,3,4,5,1,5,-1,8,-2,11,-1,12,-1,11,-1,11,1,13,3,13,2,13,1,14,1,14,1,12,0,7,-2,2,-4,-1,-7,-1,-8"
77.80038380622864,733,"CSI,1354,128,83,49,21,0,18,11,18,9,18,6,16,6,14,8,12,9,8,7,1,6,2,6,4,4,3,-1,4,-3,5,-3,3,-6,3,-8,7,-9,9,-10,9,-9,11,-8,13,-6,11,-3,7,-1,5,-2,4,-3,2,-1,0,0,0,0,0,0,0,0,0,0,0,0,0,0,0,0,0,0,0,0,-1,-1,-4,-3,-3,-2,-1,0,1,1,2,2,5,5,8,7,7,7,6,10,5,14,4,17,5,18,5,19,2,18,0,16,-2,14,-3,13,-3,14,-1,12,3,8,6,5,7,4,9,6,11,8,15,7,18,3"
77.90814399719238,734,"CSI,1359,128,83,49,21,0,8,26,9,26,11,26,11,26,10,27,9,27,6,23,0,14,-2,11,1,10,4,5,4,2,5,1,6,-3,9,-9,13,-11,14,-12,14,-12,16,-11,15,-8,14,-6,12,-6,10,-4,8,-2,6,-3,1,-1,0,0,0,0,0,0,0,0,0,0,0,0,0,0,0,0,0,0,-1,-3,1,-9,2,-6,1,-2,-3,0,-5,1,-7,2,-10,5,-13,6,-14,7,-16,8,-19,7,-22,7,-23,6,-23,5,-23,5,-23,4,-20,2,-16,3,-15,4,-13,5,-9,5,-6,8,-4,11,-3,12,1,14,6,19"
77.97037482261658,735,"CSI,1991,128,83,49,21,0,10,-18,12,-15,13,-14,13,-13,13,-12,13,-9,11,-10,10,-14,9,-13,6,-8,2,-6,0,-6,-1,-6,-3,-8,-5,-8,-6,-7,-7,-8,-7,-10,-6,-10,-6,-9,-5,-9,-4,-7,-2,-7,-2,-6,-2,-5,-1,-1,0,0,0,0,0,0,0,0,0,0,0,0,0,0,0,0,0,0,-2,0,-5,3,-5,3,-3,4,-2,4,-2,4,-2,4,-2,5,-1,5,0,3,1,2,4,2,6,4,6,4,7,4,9,6,7,6,6,5,7,6,10,8,12,8,11,6,10,5,8,3,6,0,6,-1,3,-3"
78.0101170539856,736,"CSI,1363,128,83,49,21,0,-23,-16,-21,-18,-20,-19,-23,-18,-24,-18,-23,-16,-19,-16,-14,-20,-12,-17,-12,-11,-9,-7,-5,-1,-1,6,0,8,0,9,0,14,0,19,-1,19,-1,17,-1,15,-2,14,-3,12,-1,10,-2,8,-4,6,-1,1,0,0,0,0,0,0,0,0,0,0,0,0,0,0,0,0,0,0,-1,1,-4,6,-4,4,-4,4,-3,3,-2,1,-1,0,3,0,6,-1,7,-3,10,-4,14,-3,18,-2,20,-2,21,-3,23,-4,23,-3,20,-2,18,-3,18,-4,14,-5,8,-6,6,-8,2,-10,-4,-11,-9,-13,-11,-16"
78.11067986488342,737,"CSI,1367,128,83,49,21,0,17,-15,20,-17,22,-18,20,-17,17,-16,16,-15,15,-14,12,-15,10,-12,8,-7,5,-4,1,-3,-2,-5,-5,-6,-7,-6,-9,-7,-11,-8,-12,-10,-11,-14,-9,-15,-9,-14,-9,-13,-7,-11,-5,-9,-5,-8,-2,-2,0,0,0,0,0,0,0,0,0,0,0,0,0,0,0,0,0,0,-2,0,-6,3,-5,1,-4,1,-2,4,-1,4,1,3,3,3,2,5,3,7,7,9,9,12,9,14,9,17,8,18,7,17,7,15,7,13,8,12,6,13,4,12,3,10,4,8,6,2,7,-5,8,-8,8,-8"
78.21433901786804,738,"CSI,1371,128,83,49,21,0,-23,18,-25,16,-30,15,-31,14,-30,13,-27,11,-25,7,-24,8,-19,10,-10,8,-3,4,0,1,2,3,5,7,8,8,10,9,11,12,10,12,10,12,11,13,11,14,8,13,6,11,5,9,5,9,1,2,0,0,0,0,0,0,0,0,0,0,0,0,0,0,0,0,0,0,1,0,3,0,1,0,2,0,1,0,0,0,-2,-1,-4,-3,-4,-4,-6,-6,-10,-11,-12,-15,-11,-15,-8,-14,-8,-16,-9,-19,-8,-19,-5,-19,-5,-19,-4,-19,-3,-17,-2,-14,-2,-10,-6,-7,-11,0,-15,8,-18,13"
78.31769680976868,739,"CSI,1374,128,83,49,21,0,-12,32,-14,33,-15,31,-15,30,-13,28,-14,26,-12,26,-7,25,-5,19,-4,11,-3,6,1,2,8,-1,12,0,14,0,15,-1,15,-2,16,-2,16,-1,16,0,15,2,12,3,10,2,9,2,9,3,2,0,0,0,0,0,0,0,0,0,0,0,0,0,0,0,0,0,0,0,1,-1,6,-1,6,-1,5,-1,2,-1,0,-1,-3,-1,-5,-1,-6,-4,-7,-6,-8,-8,-12,-11,-15,-15,-15,-16,-14,-16,-15,-18,-14,-19,-11,-17,-10,-14,-10,-12,-9,-11,-8,-8,-6,-3,-8,0,-9,4,-11,10,-14,13"
78.41879081726074,740,"CSI,1379,128,83,49,21,0,8,27,11,33,13,34,11,33,10,34,8,35,8,33,9,26,8,20,3,14,0,7,1,1,4,-5,6,-9,9,-9,14,-11,16,-15,18,-15,20,-14,20,-12,20,-10,18,-10,16,-8,14,-5,11,-4,2,-2,0,0,0,0,0,0,0,0,0,0,0,0,0,0,0,0,0,0,0,-3,2,-10,3,-9,4,-9,3,-6,1,-3,-1,-3,-5,-2,-9,0,-11,2,-14,4,-18,2,-22,1,-25,0,-26,-2,-25,-3,-26,-1,-26,-2,-26,-3,-25,-1,-21,0,-17,3,-12,4,-9,4,-5,7,-1,14,1,20"
78.46905589103699,741,"CSI,973,128,77,-47,20,0,2,-34,4,-39,6,-40,7,-39,8,-38,8,-37,8,-34,11,-29,12,-26,8,-22,5,-17,3,-15,-3,-10,-9,-6,-13,-6,-16,-5,-20,-6,-21,-6,-19,-6,-18,-7,-18,-9,-20,-9,-21,-8,-16,-7,-12,-8,-3,-3,0,0,0,0,0,0,0,0,0,0,0,0,0,0,0,0,0,0,-1,3,-2,12,-2,13,-2,12,-1,11,0,8,1,4,3,2,6,-1,9,-4,11,-5,16,-3,24,-1,27,2,25,1,26,-2,29,-1,29,2,29,5,28,4,26,2,22,1,18,3,14,0,12,-6,10,-11,8,-16"
78.49948191642761,742,"CSI,2012,128,83,49,21,0,-17,10,-18,9,-20,6,-19,2,-16,1,-14,0,-12,3,-7,10,-5,11,-5,8,-2,6,1,5,3,6,4,7,5,7,6,6,6,6,5,5,5,6,6,8,6,8,7,9,6,8,4,5,5,4,1,1,0,0,0,0,0,0,0,0,0,0,0,0,0,0,0,0,0,0,0,-1,3,-3,4,-3,2,-1,1,0,3,0,2,0,0,1,1,-1,1,-2,0,-3,-3,-6,-6,-9,-5,-9,-5,-10,-6,-11,-6,-12,-5,-13,-4,-13,-6,-13,-8,-13,-5,-11,-2,-6,-5,-2,-8,-1,-10,2,-13,6"
78.53273701667786,743,"CSI,974,128,77,-47,20,0,-11,28,-11,31,-8,32,-7,34,-9,35,-11,32,-12,24,-16,19,-15,19,-9,20,-4,17,-1,12,1,9,3,6,6,4,9,4,11,7,13,9,15,8,16,9,15,9,14,9,13,10,10,11,6,12,1,3,0,0,0,0,0,0,0,0,0,0,0,0,0,0,0,0,0,0,-2,-3,-4,-11,-3,-12,-4,-11,-6,-9,-6,-6,-6,-3,-6,-1,-7,-1,-8,1,-11,2,-16,3,-19,4,-22,5,-25,4,-27,3,-30,1,-30,0,-27,-2,-27,-2,-27,-2,-26,-1,-21,-1,-16,1,-12,6,-10,12,-8,16"
78.56607580184937,744,"CSI,1382,128,83,49,21,0,-10,-33,-10,-36,-10,-36,-8,-38,-6,-39,-4,-36,-4,-33,-5,-31,-3,-26,-2,-19,-4,-13,-6,-10,-8,-8,-10,-6,-14,-6,-18,-7,-19,-6,-17,-6,-16,-5,-18,-5,-18,-5,-16,-7,-13,-8,-11,-8,-10,-9,-3,-3,0,0,0,0,0,0,0,0,0,0,0,0,0,0,0,0,0,0,2,1,9,5,11,4,10,2,9,1,7,0,5,-1,5,-4,4,-7,5,-8,10,-10,14,-12,16,-15,18,-17,21,-19,22,-23,23,-23,23,-17,24,-14,25,-14,23,-14,18,-12,13,-11,10,-13,7,-15,3,-19,0,-22"
78.62393999099731,745,"CSI,1387,128,83,49,21,0,21,-28,24,-31,25,-31,24,-29,25,-25,27,-23,24,-21,17,-15,14,-9,13,-9,9,-8,4,-7,-1,-9,-5,-11,-6,-12,-8,-14,-10,-16,-11,-18,-9,-18,-8,-16,-7,-16,-5,-17,-4,-17,-3,-15,1,-12,0,-3,0,0,0,0,0,0,0,0,0,0,0,0,0,0,0,0,0,0,-1,3,-3,11,-1,9,1,8,-1,6,-1,6,4,6,7,6,8,4,11,3,16,3,19,5,21,6,24,6,24,5,25,7,27,8,25,8,25,8,26,9,25,10,22,10,19,8,18,3,15,-3,13,-10,12,-13"
78.68872380256653,746,"CSI,2020,128,83,49,21,0,-5,-20,-1,-23,1,-21,1,-18,0,-17,-1,-16,-2,-17,-5,-23,-7,-21,-6,-12,-5,-7,-5,-5,-7,-5,-12,-3,-13,0,-11,1,-11,0,-12,-1,-13,-2,-12,-1,-11,0,-10,-2,-8,-2,-6,-3,-7,-5,-2,-2,0,0,0,0,0,0,0,0,0,0,0,0,0,0,0,0,0,0,-1,1,-2,6,1,4,2,2,2,3,2,5,2,5,2,2,1,-1,2,-3,4,-2,5,-4,5,-5,5,-4,7,-5,10,-7,10,-4,8,-4,10,-6,12,-7,12,-6,8,-6,4,-6,1,-6,0,-8,1,-11,4,-12"
78.72234678268433,747,"CSI,1391,128,83,49,21,0,16,25,17,28,17,26,15,25,13,27,10,26,9,24,8,24,7,22,7,16,9,10,12,8,14,7,14,8,14,8,14,6,13,6,14,7,14,9,13,10,13,9,9,9,6,8,6,5,7,6,1,1,0,0,0,0,0,0,0,0,0,0,0,0,0,0,0,0,0,0,-1,2,-5,9,-6,6,-5,5,-3,5,1,4,2,5,1,8,-1,11,-1,13,1,16,2,19,2,20,1,20,0,22,0,22,1,20,3,19,2,20,2,21,1,20,0,18,0,17,3,18,7,18,10,18,12,18"
78.82961893081665,748,"CSI,1395,128,83,49,21,0,-9,-30,-7,-30,-7,-29,-4,-30,-3,-28,-3,-23,-1,-23,3,-22,1,-17,-6,-11,-9,-8,-11,-5,-13,-3,-15,-1,-16,0,-19,2,-20,1,-20,-1,-18,-2,-17,-4,-16,-4,-15,-3,-14,-5,-13,-6,-11,-4,-3,-1,0,0,0,0,0,0,0,0,0,0,0,0,0,0,0,0,0,0,-1,0,1,2,4,2,5,0,7,-2,8,-3,7,-4,7,-6,8,-6,10,-6,13,-5,13,-5,14,-6,15,-7,14,-6,15,-4,17,-4,16,-6,15,-7,15,-8,14,-6,12,-6,7,-8,1,-11,1,-13,1,-17,-2,-18"
78.93101692199707,749,"CSI,1398,128,83,49,21,0,-24,10,-29,12,-30,13,-26,11,-24,8,-23,7,-23,4,-24,0,-17,2,-10,6,-6,8,-2,8,2,7,6,9,7,12,7,14,7,14,6,14,6,13,5,13,3,13,2,11,2,9,1,7,1,6,0,1,0,0,0,0,0,0,0,0,0,0,0,0,0,0,0,0,0,0,1,0,5,0,4,-1,1,-2,0,-2,0,-4,-3,-6,-6,-7,-7,-8,-7,-9,-7,-10,-9,-13,-11,-15,-10,-17,-7,-19,-7,-21,-10,-21,-13,-18,-13,-16,-10,-16,-8,-14,-7,-11,-8,-7,-9,-3,-11,2,-13,5,-15,4"
79.03684496879578,750,"CSI,1403,128,83,49,21,0,-23,-20,-19,-22,-17,-22,-14,-21,-12,-19,-10,-17,-10,-14,-14,-8,-10,-2,-5,0,-7,0,-10,1,-11,3,-13,4,-16,3,-19,2,-19,1,-18,1,-17,-1,-14,-3,-12,-4,-11,-5,-10,-4,-7,-3,-5,-2,-1,-1,0,0,0,0,0,0,0,0,0,0,0,0,0,0,0,0,0,0,1,1,4,3,1,1,-1,-2,-2,-4,-3,-6,-4,-7,-3,-8,-2,-10,-3,-12,-3,-14,-3,-17,-5,-18,-6,-18,-4,-19,-3,-20,-3,-19,-2,-18,-1,-17,0,-15,1,-13,-1,-11,-7,-10,-12,-10,-13,-11,-18,-12,-23,-11"
79.13691282272339,751,"CSI,1407,128,83,49,21,0,-21,23,-21,23,-20,21,-18,18,-19,18,-20,17,-16,13,-7,10,-4,8,-3,4,0,2,6,3,11,5,12,7,13,10,16,13,16,15,12,16,8,16,6,15,6,12,6,10,6,7,5,3,4,2,0,0,0,0,0,0,0,0,0,0,0,0,0,0,0,0,0,0,0,0,0,-1,0,-3,-1,-2,-3,-1,-4,-1,-6,0,-7,0,-9,-2,-11,-5,-14,-6,-15,-8,-16,-11,-18,-12,-16,-11,-15,-9,-17,-10,-19,-12,-16,-11,-14,-9,-15,-7,-14,-5,-13,-4,-13,-2,-13,3,-14,10,-15,16,-18,18"
79.20187902450562,752,"CSI,975,128,75,-79,20,0,-31,10,-32,9,-33,10,-32,8,-30,5,-27,4,-24,4,-26,4,-21,4,-13,4,-8,5,-3,8,-1,10,1,10,1,14,-1,18,-3,19,-3,18,-4,17,-4,18,-4,16,-4,14,-5,13,-5,11,-4,9,-1,2,0,0,0,0,0,0,0,0,0,0,0,0,0,0,0,0,0,0,0,-2,1,-6,0,-4,-1,-4,-2,-3,-4,-2,-5,-4,-5,-5,-5,-5,-8,-6,-12,-9,-13,-10,-15,-9,-15,-9,-15,-12,-16,-15,-17,-14,-16,-13,-15,-14,-16,-14,-16,-14,-14,-12,-14,-8,-13,-4,-13,1,-14,5,-17,7"
79.23530793190002,753,"CSI,976,128,75,-79,20,0,-7,-34,-5,-37,-6,-36,-6,-33,-4,-31,-4,-27,-1,-21,5,-16,6,-13,1,-11,-4,-8,-7,-4,-10,0,-13,-1,-13,-3,-16,-1,-21,-2,-21,-5,-18,-7,-16,-7,-14,-7,-11,-7,-9,-6,-7,-6,-5,-5,-1,-1,0,0,0,0,0,0,0,0,0,0,0,0,0,0,0,0,0,0,0,-1,3,-1,4,1,4,1,5,-1,7,-4,8,-6,9,-6,9,-6,10,-7,11,-9,12,-10,12,-10,12,-12,14,-12,17,-11,18,-13,16,-15,15,-15,17,-13,18,-11,14,-10,11,-9,9,-10,5,-15,-2,-18,-7,-17"
79.27129006385803,754,"CSI,1411,128,83,49,21,0,-24,15,-24,12,-27,13,-29,14,-27,11,-27,6,-25,4,-21,1,-19,0,-17,4,-11,6,-6,8,-4,12,-3,14,-1,14,0,15,-2,15,-4,14,-5,15,-7,16,-8,17,-7,15,-6,11,-6,7,-5,6,-2,1,0,0,0,0,0,0,0,0,0,0,0,0,0,0,0,0,0,0,0,-1,0,-4,-2,-5,-3,-5,-6,-3,-8,-3,-8,-4,-8,-5,-9,-5,-12,-4,-15,-4,-16,-5,-17,-5,-17,-6,-17,-7,-18,-8,-20,-10,-20,-9,-19,-9,-19,-11,-18,-13,-15,-10,-13,-8,-13,-6,-16,-1,-18,4,-18,6"
79.3005039691925,755,"CSI,977,128,75,-79,20,0,18,20,19,23,20,22,20,21,18,24,15,24,11,21,5,19,5,16,7,13,8,8,9,4,8,2,6,-2,7,-6,10,-8,13,-10,14,-10,14,-10,15,-9,14,-7,12,-3,10,-1,8,-1,9,-1,2,-1,0,0,0,0,0,0,0,0,0,0,0,0,0,0,0,0,0,0,-2,-1,-6,-2,-7,-1,-8,3,-7,6,-7,7,-6,9,-5,9,-7,9,-9,11,-7,12,-6,11,-8,13,-8,17,-7,19,-5,21,-5,23,-8,22,-9,23,-10,23,-11,22,-10,17,-8,12,-4,8,1,9,7,10,10,8"
79.3420639038086,756,"CSI,1415,128,83,49,21,0,-24,-22,-25,-23,-25,-23,-25,-24,-21,-25,-15,-25,-15,-24,-16,-21,-13,-16,-9,-11,-7,-6,-6,-2,-8,1,-9,2,-9,4,-12,5,-16,5,-17,4,-15,2,-14,1,-15,-2,-15,-3,-12,-3,-9,-1,-7,2,-2,0,0,0,0,0,0,0,0,0,0,0,0,0,0,0,0,0,0,0,2,-2,8,-4,5,-4,4,-7,5,-9,5,-9,4,-9,3,-8,4,-7,5,-10,4,-13,3,-16,2,-17,1,-18,1,-21,0,-24,0,-24,3,-24,5,-26,6,-28,8,-25,8,-21,7,-17,1,-16,-5,-16,-9,-15,-12,-15"
79.41555595397949,757,"CSI,978,128,77,-47,20,0,27,10,30,10,32,12,29,14,26,16,22,18,20,15,18,9,13,8,9,7,7,3,5,-2,6,-7,9,-10,11,-11,14,-10,15,-11,14,-12,13,-10,13,-9,13,-7,12,-7,9,-5,8,-2,7,-1,1,-1,0,0,0,0,0,0,0,0,0,0,0,0,0,0,0,0,0,0,-1,1,-4,4,-2,4,-2,4,-2,3,0,6,0,8,0,9,1,10,1,10,2,12,5,17,3,19,2,20,5,20,8,19,6,20,4,19,5,18,4,22,3,23,3,19,3,16,5,13,10,11,14,12,18,13"
79.45122194290161,758,"CSI,1418,128,83,49,21,0,-32,-14,-32,-15,-29,-16,-26,-17,-26,-17,-24,-17,-20,-13,-16,-7,-13,-7,-10,-7,-8,-3,-8,1,-8,3,-9,6,-12,7,-15,8,-18,8,-17,6,-16,4,-15,3,-13,3,-13,2,-9,0,-6,-2,-10,0,-4,0,0,0,0,0,0,0,0,0,0,0,0,0,0,0,0,0,0,0,0,-2,2,-6,1,-5,0,-6,-2,-6,-5,-8,-7,-10,-7,-10,-6,-11,-6,-13,-7,-15,-8,-15,-9,-15,-11,-16,-12,-18,-12,-20,-11,-21,-9,-23,-9,-23,-10,-21,-9,-18,-7,-16,-8,-15,-9,-14,-11,-12,-16,-10,-22,-7"
79.50372195243835,759,"CSI,2052,128,83,49,21,0,6,10,7,10,6,13,4,15,2,13,2,11,2,8,1,5,1,6,1,7,1,6,1,5,4,4,7,2,9,0,10,0,8,1,6,1,7,2,9,5,8,5,7,3,6,2,4,3,3,4,0,1,0,0,0,0,0,0,0,0,0,0,0,0,0,0,0,0,0,0,-1,-1,-4,-1,-4,-3,-1,-4,-1,-4,-3,-2,-3,-2,-2,0,-3,3,-4,3,-2,2,1,1,1,2,-2,3,-5,4,-4,5,-4,6,-6,6,-8,6,-10,7,-8,6,-5,5,-3,5,-2,6,-1,5,-1,5,-1,7"
79.5443058013916,760,"CSI,1422,128,83,49,21,0,29,14,30,13,29,13,25,15,22,16,18,15,16,11,17,7,14,5,9,2,8,0,7,-4,6,-9,6,-13,7,-15,9,-17,10,-19,11,-18,11,-14,10,-12,9,-11,8,-10,8,-10,5,-7,5,-4,1,-1,0,0,0,0,0,0,0,0,0,0,0,0,0,0,0,0,0,0,-2,-1,-5,-1,-3,0,-2,0,-2,2,-1,4,-2,5,-4,5,-4,7,-2,10,-2,13,-3,15,-3,17,-2,18,-3,19,-4,19,-6,19,-7,19,-7,19,-7,18,-5,16,-2,13,1,11,6,10,11,7,15,5,19,7"
79.71974182128906,761,"CSI,980,128,75,-79,20,0,-24,29,-27,28,-25,24,-21,21,-20,17,-21,16,-20,17,-14,16,-9,11,-6,5,-2,2,4,3,8,4,11,4,13,5,14,7,14,9,14,9,14,9,13,10,12,10,9,9,8,8,8,6,7,6,1,1,0,0,0,0,0,0,0,0,0,0,0,0,0,0,0,0,0,0,1,1,5,3,3,0,3,-1,3,-2,3,-4,1,-4,-3,-5,-7,-8,-8,-7,-8,-9,-10,-13,-12,-15,-15,-15,-17,-17,-16,-17,-13,-17,-10,-19,-9,-18,-10,-14,-10,-12,-9,-12,-10,-11,-10,-7,-12,3,-16,11,-16,11"
79.75146794319153,762,"CSI,1430,128,83,49,21,0,29,-14,30,-15,30,-11,32,-7,30,-5,27,-4,23,-3,14,-2,8,-2,7,-3,5,-3,1,-6,-4,-10,-7,-11,-10,-15,-13,-18,-11,-18,-8,-15,-7,-14,-6,-13,-7,-11,-7,-10,-7,-11,-7,-10,-6,-7,-2,-2,0,0,0,0,0,0,0,0,0,0,0,0,0,0,0,0,0,0,-3,-1,-7,-3,-4,-2,-2,-1,-3,-1,-3,0,-1,3,-1,6,1,7,4,8,6,13,7,18,8,18,7,18,6,20,6,23,6,24,7,23,7,21,5,18,6,15,6,11,5,9,6,6,9,0,14,-5,19,-5"
79.85255789756775,763,"CSI,1434,128,83,49,21,0,21,-24,23,-24,27,-20,26,-15,22,-11,22,-9,20,-8,13,-4,10,-2,7,-3,2,-2,-1,-4,-3,-7,-5,-9,-8,-13,-10,-16,-8,-16,-7,-15,-8,-14,-7,-13,-4,-12,-4,-12,-4,-13,-4,-11,-5,-9,-2,-2,0,0,0,0,0,0,0,0,0,0,0,0,0,0,0,0,0,0,-1,1,-3,4,-3,4,-2,3,0,3,1,3,2,2,4,3,7,2,10,2,12,1,12,2,13,5,13,6,13,6,16,10,19,12,21,11,20,10,19,10,18,8,17,5,15,2,13,1,15,-4,17,-10,16,-13"
80.06111097335815,764,"CSI,1442,128,83,49,21,0,-28,-12,-31,-13,-29,-15,-26,-17,-23,-18,-20,-17,-16,-17,-13,-18,-12,-15,-12,-9,-11,-3,-10,-1,-10,1,-11,4,-14,5,-14,5,-12,6,-11,5,-11,4,-12,4,-12,5,-10,5,-9,4,-11,2,-12,2,-4,0,0,0,0,0,0,0,0,0,0,0,0,0,0,0,0,0,0,0,0,-2,3,-4,2,-3,1,-4,1,-6,1,-8,-2,-10,-4,-10,-3,-9,-3,-11,-4,-13,-5,-14,-5,-14,-6,-15,-8,-17,-10,-18,-8,-20,-7,-21,-5,-22,-2,-22,-1,-21,-3,-19,-2,-18,-3,-15,-7,-11,-12,-10,-18,-9"
