timestamp,sample_number,csi_data
0.09851980209350586,1,"CSI,2003,128,83,49,21,0,-10,-15,-5,-11,-2,-3,-2,3,-4,6,-3,13,-1,18,2,24,2,26,1,26,1,27,1,27,-2,25,-6,23,-8,18,-6,14,-1,11,1,8,1,4,2,0,2,-2,2,-4,1,-5,1,-7,3,-10,1,-3,0,0,0,0,0,0,0,0,0,0,0,0,0,0,0,0,0,0,2,0,11,3,9,5,8,6,10,6,12,6,10,7,7,7,10,7,12,6,12,6,11,4,8,2,5,-1,5,-5,4,-8,-1,-13,-5,-16,-6,-17,-8,-19,-12,-23,-16,-25,-19,-24,-20,-25,-19,-27,-16,-30,-15,-30"
0.20273685455322266,2,"CSI,2006,128,83,49,21,0,4,12,5,8,7,2,10,-4,13,-8,16,-12,21,-14,25,-14,22,-16,21,-18,22,-18,20,-15,16,-12,13,-10,12,-10,11,-10,10,-7,7,-5,3,-4,0,-4,-2,-3,-4,-2,-6,-1,-7,-2,-5,-1,-1,-1,0,0,0,0,0,0,0,0,0,0,0,0,0,0,0,0,0,0,-2,-2,-7,-5,-7,-6,-7,-8,-7,-9,-8,-11,-8,-10,-7,-10,-4,-9,-2,-6,-1,-5,0,-4,0,-1,-1,2,-1,7,-2,11,-2,13,-1,16,-2,19,-5,20,-6,22,-6,25,-6,25,-7,26,-8,26,-8,23,-10,23"
0.3042120933532715,3,"CSI,2010,128,83,49,21,0,10,-23,8,-18,2,-12,-3,-9,-6,-8,-12,-9,-17,-12,-20,-13,-24,-10,-24,-8,-24,-8,-24,-8,-22,-9,-18,-11,-13,-10,-10,-7,-9,-3,-7,-1,-7,1,-7,2,-5,1,-1,1,0,3,0,6,0,10,-1,3,0,0,0,0,0,0,0,0,0,0,0,0,0,0,0,0,0,0,1,-1,7,-3,9,-1,11,0,13,2,13,5,11,6,10,7,11,8,11,8,12,7,11,6,9,3,8,-2,8,-6,8,-6,8,-9,7,-12,5,-15,6,-18,7,-22,7,-25,7,-28,9,-31,14,-33,18,-33,17,-32"
0.4044058322906494,4,"CSI,2015,128,83,49,21,0,25,10,21,8,15,5,11,1,8,-6,8,-10,7,-15,4,-20,8,-20,15,-22,17,-23,17,-20,17,-18,16,-18,15,-16,14,-12,12,-11,9,-9,5,-7,4,-5,2,-5,-1,-6,-3,-4,-5,-3,-6,-4,-2,-1,0,0,0,0,0,0,0,0,0,0,0,0,0,0,0,0,0,0,1,1,4,6,2,6,3,7,5,10,4,13,3,14,4,15,3,17,1,17,0,17,0,17,2,13,3,10,5,9,8,7,11,5,12,3,16,3,21,2,25,1,27,4,27,7,28,6,33,6,35,7,33,8"
0.5056037902832031,5,"CSI,2019,128,83,49,21,0,9,21,7,17,7,12,10,7,13,3,13,-2,16,-3,19,0,21,-1,20,-4,18,-4,18,-5,19,-4,19,1,18,3,16,4,14,5,13,5,11,4,7,4,3,4,1,2,0,-2,-1,-5,-2,-6,-1,-2,0,0,0,0,0,0,0,0,0,0,0,0,0,0,0,0,0,0,0,1,2,6,1,6,0,7,0,8,0,8,0,7,-1,7,-2,7,-4,6,-4,8,-1,10,1,10,3,9,3,7,5,7,8,10,9,14,8,14,9,14,10,15,12,17,15,18,17,20,17,23,17,25,19,28"
0.6119139194488525,6,"CSI,2022,128,83,49,21,0,10,-15,6,-11,0,-10,-3,-10,-5,-10,-8,-10,-7,-10,-3,-11,-2,-13,-5,-16,-6,-19,-7,-19,-6,-16,-5,-11,-5,-11,-7,-12,-5,-10,-1,-8,0,-5,-3,-3,-5,-1,-4,0,-4,1,-6,2,-8,4,-2,1,0,0,0,0,0,0,0,0,0,0,0,0,0,0,0,0,0,0,2,-2,8,-6,8,-3,9,0,8,0,7,-1,8,-3,7,-1,5,-1,4,-3,5,-4,8,-5,8,-7,5,-8,2,-9,2,-12,7,-13,8,-13,8,-14,9,-17,10,-18,9,-18,8,-18,10,-19,13,-21,15,-23,14,-21"
0.9196028709411621,7,"CSI,2034,128,83,49,21,0,15,12,8,9,1,5,-3,0,-7,-4,-12,-7,-12,-9,-8,-11,-12,-13,-20,-14,-24,-13,-22,-14,-21,-15,-19,-12,-16,-11,-11,-10,-9,-8,-10,-3,-9,-1,-5,-1,-3,-2,-1,-2,1,0,4,2,6,1,1,0,0,0,0,0,0,0,0,0,0,0,0,0,0,0,0,0,0,0,-3,0,-11,2,-11,-2,-11,-5,-11,-5,-11,-7,-12,-9,-12,-9,-11,-9,-10,-9,-9,-9,-8,-7,-6,-3,-4,-3,-2,-3,3,-1,7,1,8,2,9,4,11,7,15,9,19,12,22,13,25,13,27,14,28,14,27,11"
1.0219779014587402,8,"CSI,2039,128,83,49,21,0,7,18,5,12,1,4,-2,-1,-3,-6,-4,-11,-2,-19,2,-25,-1,-26,-5,-25,-7,-23,-6,-23,-3,-23,-3,-23,-2,-20,-1,-16,-1,-12,-1,-8,-2,-5,-1,-4,0,-2,-1,1,-2,3,-1,5,0,7,0,2,0,0,0,0,0,0,0,0,0,0,0,0,0,0,0,0,0,0,-4,-1,-13,-2,-11,-2,-11,-4,-13,-7,-14,-9,-13,-9,-13,-10,-14,-11,-11,-10,-8,-9,-8,-8,-5,-4,-2,1,-1,5,0,8,3,8,5,9,8,14,12,17,13,18,14,22,17,25,18,24,15,26,14,32,16,35"
1.1239230632781982,9,"CSI,2042,128,83,49,21,0,-4,-19,-6,-13,-9,-5,-11,0,-11,3,-12,6,-15,8,-18,4,-19,6,-20,10,-20,11,-21,11,-22,10,-21,8,-18,5,-14,3,-12,3,-11,3,-7,2,-4,3,-2,4,0,2,3,2,6,3,7,5,1,1,0,0,0,0,0,0,0,0,0,0,0,0,0,0,0,0,0,0,0,-2,4,-6,8,-7,11,-6,12,-5,13,-4,12,-3,12,-1,11,-1,11,-1,12,1,9,1,6,0,3,-2,1,-5,-2,-8,-6,-11,-8,-14,-8,-18,-8,-21,-8,-22,-10,-24,-11,-27,-9,-30,-8,-32,-10,-30,-9,-28"
1.2254438400268555,10,"CSI,2046,128,83,49,21,0,19,1,14,-1,8,-1,-1,1,-9,1,-14,-3,-15,-5,-15,-4,-18,-7,-21,-10,-22,-10,-23,-9,-24,-10,-22,-9,-21,-8,-19,-7,-14,-7,-10,-8,-7,-6,-4,-3,-2,-1,0,-1,2,1,5,3,6,3,1,0,0,0,0,0,0,0,0,0,0,0,0,0,0,0,0,0,0,0,-3,0,-9,3,-10,4,-10,3,-11,1,-13,-1,-13,-3,-13,-3,-12,0,-12,3,-12,2,-12,2,-11,2,-6,1,-2,2,2,2,6,5,10,7,15,6,21,3,22,3,22,1,25,1,27,3,30,4,33,2,32,2"
1.326685905456543,11,"CSI,2050,128,83,49,21,0,-10,-12,-6,-5,-3,2,-3,7,-3,11,-5,13,-3,16,2,19,3,18,-2,16,-4,14,-3,13,-1,12,0,11,1,9,0,7,-2,5,-1,5,1,3,2,2,0,1,-1,-1,2,-4,2,-6,1,-6,0,-2,0,0,0,0,0,0,0,0,0,0,0,0,0,0,0,0,0,0,1,-1,7,-1,10,2,11,5,9,7,8,9,7,10,8,10,7,10,6,10,5,8,3,5,3,2,0,-2,-3,-6,-2,-11,0,-13,-3,-12,-6,-14,-7,-19,-8,-22,-7,-21,-7,-20,-10,-23,-10,-27,-8,-26,-8,-21"
1.4289050102233887,12,"CSI,2055,128,83,49,21,0,-8,5,-4,2,0,1,5,0,9,-1,12,1,16,-2,17,-8,16,-8,18,-5,18,-4,18,-4,18,-2,16,-1,14,-3,13,-3,9,-2,4,-1,0,-1,-1,0,-1,1,-4,2,-7,3,-9,2,-10,2,-3,0,0,0,0,0,0,0,0,0,0,0,0,0,0,0,0,0,0,0,0,-3,2,-9,3,-9,5,-8,6,-7,6,-9,7,-10,6,-9,4,-9,4,-9,5,-8,4,-6,3,-3,-1,0,-4,1,-5,1,-8,4,-12,6,-15,6,-17,7,-19,9,-22,11,-26,13,-27,15,-27,17,-25,15,-23,11"
1.531446933746338,13,"CSI,2059,128,83,49,21,0,-3,-4,-4,1,-6,5,-8,9,-10,11,-8,11,-10,15,-13,17,-11,17,-8,17,-7,16,-5,15,-4,12,-5,11,-4,12,-4,11,-3,7,0,3,1,0,0,0,1,-1,3,-4,4,-6,3,-5,3,-7,0,-2,0,0,0,0,0,0,0,0,0,0,0,0,0,0,0,0,0,0,2,1,10,5,6,7,5,7,3,7,1,7,3,7,2,6,2,5,3,3,2,2,0,-1,-2,-6,-4,-10,-4,-13,-3,-14,-2,-15,0,-17,0,-19,-2,-23,-1,-25,1,-26,1,-24,1,-22,-1,-21,-3,-17,-2,-12"
1.6342558860778809,14,"CSI,2063,128,83,49,21,0,-6,-1,-3,2,0,4,2,7,4,12,8,15,9,18,8,21,7,18,7,15,9,14,8,13,6,12,6,12,5,10,3,8,2,6,3,3,1,1,0,-1,0,-4,1,-3,0,-4,-3,-7,-3,-7,-1,-2,0,0,0,0,0,0,0,0,0,0,0,0,0,0,0,0,0,0,1,0,8,-1,9,-2,10,-1,10,0,9,0,8,2,7,2,6,-1,5,0,3,2,-1,1,-4,-1,-6,-2,-8,-4,-9,-8,-10,-10,-13,-11,-14,-12,-13,-13,-16,-13,-20,-13,-20,-13,-17,-13,-17,-12,-17,-12,-18,-14"
1.736051082611084,15,"CSI,2067,128,83,49,21,0,9,13,9,7,7,0,5,-4,5,-7,6,-11,9,-14,15,-14,16,-15,12,-16,10,-16,9,-16,8,-15,8,-11,9,-8,8,-5,7,-4,5,-2,1,-1,-1,-1,-4,-1,-5,-1,-3,0,-3,0,-6,-1,-2,-1,0,0,0,0,0,0,0,0,0,0,0,0,0,0,0,0,0,0,-1,0,-1,4,-1,6,-4,9,-5,10,-5,10,-6,11,-8,11,-8,8,-9,6,-8,5,-7,5,-6,6,-2,8,2,7,3,5,5,5,8,7,11,8,14,7,18,9,21,12,22,14,23,16,25,18,23,19,21,19"
1.839920997619629,16,"CSI,2071,128,83,49,21,0,15,-11,9,-8,4,-3,-2,-1,-9,-1,-15,-1,-18,-2,-21,-5,-23,-3,-24,1,-24,3,-23,2,-20,0,-17,0,-16,1,-15,2,-11,3,-8,2,-5,2,-1,1,1,0,3,-1,4,-2,5,-1,6,-2,1,-1,0,0,0,0,0,0,0,0,0,0,0,0,0,0,0,0,0,0,0,1,1,6,-1,9,-4,11,-6,11,-6,10,-8,11,-9,12,-9,11,-9,9,-7,9,-5,7,-3,3,-1,1,0,-1,3,-2,7,-4,8,-6,11,-10,16,-12,20,-14,22,-16,22,-15,22,-13,25,-14,29,-16,29,-16"
1.9417009353637695,17,"CSI,2074,128,83,49,21,0,12,2,7,-1,2,-3,-5,0,-12,1,-16,0,-20,-1,-24,1,-23,0,-23,-2,-22,-1,-22,-1,-20,-2,-16,0,-14,0,-11,-1,-7,-2,-4,-2,-3,0,-2,2,-1,1,1,-1,2,-3,4,-4,4,-5,1,-2,0,0,0,0,0,0,0,0,0,0,0,0,0,0,0,0,0,0,-2,1,-9,4,-11,1,-13,-2,-13,-5,-11,-5,-11,-5,-11,-3,-11,-1,-9,-1,-9,-3,-9,-3,-8,-2,-3,1,3,1,7,0,11,2,14,4,17,5,22,5,26,5,27,5,26,6,27,7,29,4,30,2,29,5"
2.045121908187866,18,"CSI,2078,128,83,49,21,0,-8,-14,-4,-9,-5,-5,-5,-3,-4,4,-6,11,-5,17,-3,24,0,25,-1,23,-4,20,-5,19,-6,20,-7,19,-8,13,-7,7,-4,4,-2,3,0,3,1,0,1,-2,0,-1,1,-1,3,-3,3,-5,0,-2,0,0,0,0,0,0,0,0,0,0,0,0,0,0,0,0,0,0,1,-2,7,-7,9,-4,11,0,13,0,13,-1,13,2,13,5,13,6,11,4,11,2,11,-1,7,-3,5,-4,3,-5,-2,-8,-5,-11,-6,-12,-7,-16,-10,-18,-12,-19,-14,-23,-14,-26,-14,-25,-15,-26,-16,-27,-16,-28"
2.149016857147217,19,"CSI,2082,128,83,49,21,0,-6,21,-4,17,0,13,2,7,3,1,6,-2,13,-6,22,-11,22,-13,20,-13,20,-12,20,-10,20,-9,19,-6,16,-3,14,-5,11,-7,7,-5,5,-1,5,-1,2,-1,-3,-2,-7,-2,-8,0,-10,1,-3,0,0,0,0,0,0,0,0,0,0,0,0,0,0,0,0,0,0,0,-2,-2,-7,-6,-7,-6,-10,-7,-11,-9,-10,-10,-9,-12,-9,-12,-8,-11,-7,-11,-5,-12,-3,-9,-2,-5,-2,-2,-2,3,-6,9,-12,10,-15,11,-15,16,-13,21,-11,23,-10,23,-11,24,-10,25,-10,29,-12,33,-15,32"
2.2025370597839355,20,"CSI,1107,128,77,-47,20,0,-8,-18,-9,-14,-7,-9,-4,-5,-4,-2,-7,1,-12,7,-12,16,-12,19,-14,16,-17,13,-18,13,-18,13,-17,10,-17,6,-16,4,-14,2,-9,1,-6,0,-3,0,-1,0,0,0,1,0,5,0,9,1,2,0,0,0,0,0,0,0,0,0,0,0,0,0,0,0,0,0,0,0,2,-2,9,-8,8,-7,8,-7,10,-6,12,-4,12,-2,13,1,14,0,13,0,12,1,10,0,7,-1,3,-3,0,-7,-4,-11,-6,-15,-5,-17,-4,-18,-6,-20,-8,-20,-10,-21,-11,-25,-12,-29,-14,-31,-14,-31,-12,-29"
2.2495310306549072,21,"CSI,2087,128,83,49,21,0,-21,-13,-18,-10,-10,-5,-6,-1,-3,3,1,7,2,12,-1,15,-1,18,2,22,4,24,4,23,4,23,3,21,1,18,2,16,3,12,2,8,0,4,0,0,1,-2,1,-3,0,-5,0,-7,1,-8,0,-3,0,0,0,0,0,0,0,0,0,0,0,0,0,0,0,0,0,0,2,-1,9,-2,9,-3,10,-4,12,-4,15,-2,15,0,15,0,14,2,10,3,9,2,9,0,6,-2,3,-3,0,-5,-6,-6,-11,-9,-14,-13,-15,-15,-16,-18,-17,-19,-20,-18,-23,-18,-24,-20,-25,-21,-24,-23,-22,-25"
2.3540658950805664,22,"CSI,2091,128,83,49,21,0,-10,-24,-8,-18,-7,-12,-8,-5,-11,1,-12,4,-15,5,-22,6,-23,10,-21,11,-19,9,-19,7,-19,5,-19,4,-19,2,-17,1,-13,0,-9,-1,-6,0,-4,0,-1,-2,1,-1,1,0,1,1,2,1,0,0,0,0,0,0,0,0,0,0,0,0,0,0,0,0,0,0,0,0,0,-3,0,-10,2,-11,3,-13,2,-12,5,-11,7,-12,8,-13,7,-12,6,-9,6,-9,5,-9,3,-10,0,-9,-5,-9,-10,-11,-12,-14,-12,-17,-12,-18,-12,-17,-13,-18,-15,-21,-16,-23,-16,-26,-18,-28,-19,-27,-18,-26"
2.458305835723877,23,"CSI,2094,128,83,49,21,0,-15,-16,-11,-13,-8,-11,-7,-7,-7,-2,-9,0,-13,3,-18,8,-17,8,-17,4,-18,5,-18,7,-17,4,-17,1,-16,-1,-13,-3,-11,-5,-9,-4,-6,-2,-3,0,-2,0,-3,0,-1,1,-1,4,-1,6,-1,1,0,0,0,0,0,0,0,0,0,0,0,0,0,0,0,0,0,0,-2,-2,-8,-7,-9,-7,-9,-8,-7,-9,-5,-10,-3,-13,-2,-14,-3,-12,-3,-11,-1,-11,-2,-11,-6,-10,-9,-7,-11,-5,-13,-6,-13,-7,-13,-6,-15,-7,-18,-10,-20,-12,-23,-13,-27,-12,-28,-13,-26,-15,-23,-14,-21,-10"
2.4891128540039062,24,"CSI,1108,128,77,-47,20,0,12,18,8,14,5,6,8,1,10,-1,9,-3,11,-5,12,-4,13,-7,15,-11,15,-11,15,-11,16,-11,16,-9,13,-9,12,-6,13,-4,10,-3,6,-2,4,0,1,1,-1,0,-4,-1,-7,-1,-8,-1,-2,-1,0,0,0,0,0,0,0,0,0,0,0,0,0,0,0,0,0,0,-1,2,-4,11,-6,13,-6,12,-6,13,-5,11,-2,9,-1,8,-5,7,-9,9,-9,10,-7,8,-3,8,2,11,6,13,9,16,10,18,12,17,16,15,17,14,15,17,14,21,15,20,15,16,17,16,19,20,18,25"
2.5239970684051514,25,"CSI,1110,128,77,-47,20,0,7,20,6,15,5,10,5,6,6,4,11,2,13,-3,13,-7,14,-4,15,1,16,3,17,4,18,3,16,5,13,5,12,4,10,4,7,3,5,2,2,0,0,-2,-2,-2,-2,-4,-2,-8,-3,-10,-1,-3,0,0,0,0,0,0,0,0,0,0,0,0,0,0,0,0,0,0,-2,2,-7,10,-4,10,-4,10,-4,11,-4,10,-6,8,-9,8,-10,9,-10,7,-9,5,-6,5,-2,7,0,8,3,8,5,10,5,15,6,17,6,17,6,19,9,22,12,26,12,29,9,28,6,25,4,26,3,29"
2.658674955368042,26,"CSI,2102,128,83,49,21,0,-4,13,0,11,1,9,3,7,8,5,12,4,12,0,12,-5,15,-5,17,-1,15,4,16,8,17,6,16,2,13,3,8,5,5,6,4,4,2,2,1,1,1,0,1,-3,-2,-5,-6,-7,-9,-7,-3,-2,0,0,0,0,0,0,0,0,0,0,0,0,0,0,0,0,0,0,-3,0,-9,0,-10,-2,-11,-5,-12,-6,-12,-6,-12,-6,-9,-8,-7,-10,-7,-8,-6,-6,-3,-5,-2,-2,-2,2,-3,7,-4,12,-5,14,-8,14,-10,18,-9,22,-9,23,-11,25,-12,24,-12,22,-13,23,-15,22,-15,20"
2.7604050636291504,27,"CSI,2107,128,83,49,21,0,-9,1,-6,3,-1,2,4,6,6,11,6,13,4,16,1,19,5,19,10,19,8,19,8,17,7,16,3,14,1,11,0,8,1,4,2,2,1,2,1,0,1,-2,-1,-4,-2,-5,-4,-7,-5,-7,-2,-2,0,0,0,0,0,0,0,0,0,0,0,0,0,0,0,0,0,0,0,-2,2,-8,2,-8,4,-9,7,-10,7,-9,5,-7,5,-4,6,-3,6,-2,5,-2,1,-2,-4,0,-8,1,-13,-1,-17,1,-17,1,-18,-3,-21,-6,-23,-8,-21,-7,-23,-7,-26,-11,-27,-13,-25,-11,-24,-6,-23,-1"
2.863624095916748,28,"CSI,2111,128,83,49,21,0,0,-4,-3,0,-8,2,-12,5,-14,9,-14,9,-11,8,-8,11,-10,12,-14,11,-16,10,-16,11,-13,11,-10,11,-8,10,-5,6,-3,3,0,0,2,-1,1,0,3,0,3,-2,2,-4,1,-5,-2,-7,-1,-2,0,0,0,0,0,0,0,0,0,0,0,0,0,0,0,0,0,0,-3,1,-10,5,-9,5,-11,6,-12,5,-11,2,-9,0,-7,-1,-4,-2,-3,-4,-1,-5,0,-6,3,-7,9,-6,12,-6,14,-8,16,-9,20,-7,23,-4,24,-4,25,-6,24,-8,21,-8,18,-8,15,-9,12,-8,11,-7"
2.9655449390411377,29,"CSI,2115,128,83,49,21,0,-3,0,-3,5,1,8,5,10,4,11,2,12,4,11,6,10,4,11,0,12,0,13,2,13,1,10,0,8,-1,6,0,3,1,0,1,-2,2,-2,2,-1,1,-2,1,-4,1,-6,0,-7,0,-7,0,-2,0,0,0,0,0,0,0,0,0,0,0,0,0,0,0,0,0,0,2,-1,8,-1,8,0,9,0,8,0,7,0,5,0,1,0,-2,-1,-2,-1,-3,-1,-6,-3,-8,-6,-9,-8,-11,-8,-14,-10,-17,-12,-16,-14,-14,-15,-15,-15,-19,-15,-20,-15,-16,-15,-12,-14,-10,-13,-11,-9,-13,-6"
3.0708999633789062,30,"CSI,2119,128,83,49,21,0,-6,-4,-13,-5,-15,-3,-14,0,-14,2,-14,4,-18,1,-25,-2,-23,0,-20,1,-19,-1,-17,0,-14,0,-12,-1,-9,-1,-6,-1,-4,-1,-3,1,-1,3,0,2,1,2,2,2,3,3,3,3,2,4,0,1,0,0,0,0,0,0,0,0,0,0,0,0,0,0,0,0,0,0,2,-2,9,-4,10,1,10,3,9,2,6,0,3,0,2,0,0,-2,-1,-3,-3,-4,-6,-6,-7,-8,-6,-12,-6,-17,-3,-20,0,-22,0,-23,3,-21,3,-20,3,-18,5,-18,5,-18,4,-17,1,-15,-2,-15,-3,-13"
3.1003949642181396,31,"CSI,1112,128,77,-47,20,0,-6,4,-4,6,-2,8,-1,10,0,12,1,11,2,12,2,17,3,17,2,15,1,13,0,12,-3,11,-5,9,-2,7,-1,6,-1,4,0,2,1,1,3,0,4,-2,3,-3,3,-4,3,-4,2,-3,0,-1,0,0,0,0,0,0,0,0,0,0,0,0,0,0,0,0,0,0,-1,-2,-1,-7,1,-10,1,-11,0,-9,0,-6,0,-4,0,-2,-1,-2,-3,-1,-6,0,-9,0,-11,0,-13,0,-17,-2,-20,-4,-19,-4,-18,-4,-19,-5,-19,-7,-17,-7,-18,-7,-19,-6,-17,-5,-16,-4,-17,-3,-18,-3"
3.170038938522339,32,"CSI,2122,128,83,49,21,0,4,-1,4,-4,3,-9,0,-10,-4,-12,-5,-15,-5,-15,-8,-14,-7,-14,-4,-11,0,-12,2,-13,3,-11,3,-6,3,-5,2,-5,-1,-5,-2,-3,-1,-1,-2,-1,-3,-1,-4,0,-2,3,-3,1,-6,-1,-2,-1,0,0,0,0,0,0,0,0,0,0,0,0,0,0,0,0,0,0,2,1,8,5,7,6,7,4,5,4,4,4,3,2,2,1,3,2,3,2,4,-2,6,-7,8,-8,10,-9,11,-11,13,-12,15,-9,18,-5,19,-5,18,-6,18,-6,19,-5,19,-4,18,-4,17,-5,15,-8,14,-11"
3.2749710083007812,33,"CSI,2127,128,83,49,21,0,-7,-5,-6,-1,-4,3,-4,5,-8,10,-11,13,-12,14,-14,18,-13,15,-12,9,-10,7,-9,5,-11,4,-11,4,-8,3,-6,2,-4,3,-3,3,-2,1,-2,0,0,0,3,0,6,-1,5,-1,4,1,0,0,0,0,0,0,0,0,0,0,0,0,0,0,0,0,0,0,0,0,0,-2,1,-5,2,-5,6,-6,7,-6,6,-4,5,-3,3,-5,0,-4,-2,-2,-4,-3,-5,-4,-7,-4,-10,-7,-13,-11,-15,-12,-16,-12,-17,-13,-16,-13,-13,-11,-14,-12,-15,-14,-15,-14,-16,-14,-18,-14,-17,-13,-16,-12"
3.374656915664673,34,"CSI,2131,128,83,49,21,0,-6,-1,-6,3,-7,7,-6,8,-3,9,-2,13,-2,13,-1,9,-6,8,-11,8,-11,7,-10,8,-8,7,-5,6,-5,6,-6,5,-3,5,0,3,-1,2,-3,3,-1,2,0,2,1,2,2,2,4,4,1,1,0,0,0,0,0,0,0,0,0,0,0,0,0,0,0,0,0,0,-2,-2,-6,-7,-6,-8,-6,-7,-5,-6,-3,-7,-4,-7,-5,-6,-5,-4,-4,-2,-4,-3,-4,-4,-5,0,-8,3,-11,2,-11,1,-11,3,-12,1,-13,0,-14,1,-20,2,-22,0,-21,-2,-21,-3,-21,-3,-18,-1,-16,4"
3.476909875869751,35,"CSI,2135,128,83,49,21,0,-9,3,-6,5,-6,7,-6,9,-6,9,-8,10,-6,8,-6,6,-11,8,-14,10,-15,9,-16,7,-14,5,-12,4,-8,4,-5,4,-6,2,-6,1,-4,1,-3,3,-3,2,-2,1,-1,2,-1,4,-1,5,-1,1,0,0,0,0,0,0,0,0,0,0,0,0,0,0,0,0,0,0,-2,1,-6,4,-7,3,-9,2,-8,1,-4,0,-4,-2,-6,-3,-8,-2,-9,-1,-8,1,-4,2,-4,3,-5,6,-6,6,-9,7,-12,12,-12,13,-12,11,-11,7,-12,6,-15,8,-17,7,-19,5,-19,5,-17,5,-20,5"
3.5772650241851807,36,"CSI,2139,128,83,49,21,0,11,2,9,-1,7,-3,8,-4,9,-4,12,-6,12,-8,7,-7,9,-4,16,-3,16,-2,13,-2,12,-2,10,-1,8,1,6,-1,6,-1,4,0,4,-1,3,1,-1,1,-3,-2,-1,-4,-1,-4,-1,-2,0,-1,0,0,0,0,0,0,0,0,0,0,0,0,0,0,0,0,0,0,1,0,5,1,4,3,5,4,4,5,3,4,3,3,3,2,4,2,4,1,2,-1,2,-3,4,-4,7,-5,10,-5,12,-4,13,-3,14,0,17,3,18,2,17,1,17,4,20,7,19,6,17,5,16,5,18,3"
3.6821320056915283,37,"CSI,2143,128,83,49,21,0,-11,2,-9,4,-6,6,-4,8,-3,9,0,11,1,15,3,21,5,22,3,18,1,13,0,11,-2,11,-3,10,-4,10,-4,8,-3,8,-3,5,-2,1,-1,0,0,-2,0,-3,1,-5,2,-5,5,-5,1,-1,0,0,0,0,0,0,0,0,0,0,0,0,0,0,0,0,0,0,-1,-3,-3,-8,-4,-7,-4,-7,-3,-8,-3,-9,-5,-9,-5,-7,-2,-5,-3,-4,-7,-4,-9,-3,-8,1,-10,3,-12,3,-14,3,-16,2,-16,2,-15,3,-17,6,-20,4,-21,0,-21,0,-22,1,-22,1,-21,4,-20,4"
3.7861111164093018,38,"CSI,2147,128,83,49,21,0,-11,-4,-9,-3,-8,-1,-9,2,-8,6,-6,8,-5,8,-4,6,-8,6,-11,7,-11,6,-13,5,-15,4,-14,1,-11,0,-8,1,-5,2,-4,1,-4,1,-4,1,-4,0,-1,0,2,1,4,1,4,0,1,-1,0,0,0,0,0,0,0,0,0,0,0,0,0,0,0,0,0,0,-1,-1,-5,-5,-5,-6,-4,-7,-4,-7,-4,-6,-2,-4,-1,-5,-1,-6,-1,-6,-2,-3,-3,-1,-8,-1,-11,-2,-12,-2,-15,-4,-19,-5,-20,-4,-22,-4,-24,-4,-23,-6,-20,-7,-17,-6,-15,-8,-13,-9,-16,-9,-20,-7"
3.885401964187622,39,"CSI,2150,128,83,49,21,0,14,6,13,4,9,2,7,-1,6,-4,7,-8,9,-12,7,-14,7,-12,11,-10,13,-9,11,-7,9,-6,7,-8,9,-7,9,-4,6,-3,2,-4,1,-2,1,1,0,1,-1,0,-1,0,-2,-1,-2,-1,-1,0,0,0,0,0,0,0,0,0,0,0,0,0,0,0,0,0,0,0,0,2,-1,7,-1,8,-1,9,-2,9,-3,8,-3,5,-3,3,-1,4,1,5,1,3,5,1,9,2,10,3,10,5,12,6,14,7,14,10,15,12,16,12,14,14,13,13,15,10,15,11,12,12,12,11,14,11"
3.9882898330688477,40,"CSI,2154,128,83,49,21,0,9,-7,5,-7,3,-9,3,-9,1,-11,-1,-13,-2,-16,-4,-19,-4,-16,-2,-14,0,-14,3,-12,4,-13,4,-14,4,-14,4,-11,4,-8,4,-6,1,-5,0,-3,0,-1,0,0,-2,0,-4,0,-5,2,-2,0,0,0,0,0,0,0,0,0,0,0,0,0,0,0,0,0,0,0,2,0,9,2,8,2,7,2,5,4,4,4,4,4,5,4,5,5,5,6,6,6,7,2,8,-3,9,-5,11,-7,13,-8,13,-9,15,-8,19,-8,20,-8,19,-5,18,-3,18,-3,18,-5,18,-6,17,-3,15,-3"
4.093961954116821,41,"CSI,2159,128,83,49,21,0,-5,-9,-6,-6,-7,-4,-8,-5,-9,-7,-10,-5,-15,1,-16,8,-12,8,-10,1,-11,-4,-13,-5,-15,-8,-13,-10,-10,-7,-7,-4,-4,-6,-2,-5,-2,-2,-3,0,0,0,4,0,2,2,-3,2,-4,2,-1,0,0,0,0,0,0,0,0,0,0,0,0,0,0,0,0,0,0,0,0,-2,0,-7,2,-9,4,-9,4,-7,5,-5,4,-3,4,-2,5,-2,3,-2,-2,-3,-4,-5,-4,-8,-6,-10,-8,-12,-7,-14,-7,-16,-6,-14,-6,-13,-6,-16,-6,-18,-6,-18,-5,-18,-3,-20,-4,-19,-5,-16,-6,-16"
4.193220853805542,42,"CSI,2162,128,83,49,21,0,11,-2,9,-5,7,-9,6,-10,7,-12,5,-15,6,-18,9,-18,6,-17,2,-16,3,-17,4,-18,7,-16,7,-12,6,-9,5,-8,4,-7,4,-7,2,-3,0,-1,0,-3,-1,-1,-3,1,-4,-1,-5,-2,-2,-1,0,0,0,0,0,0,0,0,0,0,0,0,0,0,0,0,0,0,1,1,5,4,4,4,2,5,3,6,4,6,3,6,1,4,0,2,2,1,6,0,8,-1,8,-2,9,-2,13,-3,15,-4,15,-4,16,-3,19,-2,18,-1,16,-2,16,-3,17,-3,17,-2,18,-1,16,-1,13,-5"
4.299030780792236,43,"CSI,2166,128,83,49,21,0,-11,-6,-8,-7,-7,-5,-8,0,-9,4,-10,4,-15,1,-19,-3,-17,-1,-15,3,-16,5,-16,4,-14,3,-13,2,-12,2,-8,0,-5,0,-5,3,-6,3,-5,1,-2,0,0,1,3,3,3,4,2,6,0,1,0,0,0,0,0,0,0,0,0,0,0,0,0,0,0,0,0,0,-1,-3,0,-10,2,-10,2,-10,3,-9,5,-6,2,-5,0,-5,-1,-4,-1,-5,-2,-7,-3,-7,-5,-8,-8,-10,-10,-11,-10,-11,-10,-12,-10,-15,-11,-17,-10,-19,-10,-18,-11,-17,-12,-18,-11,-18,-10,-17,-9,-16,-11,-14"
4.401131868362427,44,"CSI,2170,128,83,49,21,0,-4,-12,-6,-10,-7,-9,-10,-6,-12,-5,-13,-7,-13,-5,-13,1,-13,1,-14,-3,-14,-4,-14,-8,-14,-9,-11,-6,-9,-4,-8,-5,-6,-5,-4,-4,-4,-3,-3,-3,-3,-2,-2,0,-1,3,0,6,0,7,-1,1,0,0,0,0,0,0,0,0,0,0,0,0,0,0,0,0,0,0,1,-1,4,-4,6,-5,7,-4,7,-3,4,-4,1,-4,1,-4,2,-5,2,-6,0,-8,1,-8,2,-7,1,-8,-1,-10,-3,-14,-4,-15,-4,-17,-4,-19,-3,-20,-3,-20,-2,-19,-1,-20,-1,-22,-1,-20,2,-18,6,-19"
4.460431814193726,45,"CSI,1113,128,77,-47,20,0,7,-4,2,-5,1,-5,2,-8,1,-11,-2,-11,-1,-15,4,-21,3,-20,-1,-16,-3,-15,-1,-15,1,-15,1,-13,3,-10,2,-7,-1,-7,-1,-7,2,-6,2,-5,0,-4,-2,-1,-4,1,-5,1,-6,2,-2,0,0,0,0,0,0,0,0,0,0,0,0,0,0,0,0,0,0,0,0,1,3,7,3,7,1,7,1,6,2,6,2,4,2,3,2,4,3,3,3,3,5,2,7,1,9,-1,12,-3,15,-2,15,0,15,-1,16,-1,18,-2,21,-2,21,0,21,1,20,1,21,0,21,1,20,2"
4.49101710319519,46,"CSI,1114,128,77,-47,20,0,-7,10,-6,10,-1,10,3,10,3,12,3,14,5,16,9,20,11,17,10,12,8,10,7,13,5,14,1,12,0,11,0,11,0,10,0,6,0,4,0,2,0,2,-1,-1,1,-5,2,-5,5,-4,1,-1,0,0,0,0,0,0,0,0,0,0,0,0,0,0,0,0,0,0,-2,0,-6,1,-7,1,-9,0,-9,-1,-8,0,-8,2,-6,3,-4,4,-4,3,-4,4,-3,6,-1,8,-1,10,-3,11,-6,12,-4,15,-3,18,-6,19,-11,19,-14,17,-12,15,-10,15,-10,16,-12,16,-11,16,-7,14"
4.518418073654175,47,"CSI,2175,128,83,49,21,0,1,12,4,10,5,7,5,6,6,7,9,6,14,7,17,12,17,11,16,5,17,5,16,6,12,6,10,8,10,9,7,7,5,5,5,4,4,4,2,3,0,2,-1,0,-3,-2,-2,-2,1,-3,0,-1,0,0,0,0,0,0,0,0,0,0,0,0,0,0,0,0,0,0,-1,1,-5,4,-6,5,-4,5,-4,4,-6,2,-7,2,-5,5,-2,5,-2,3,-2,3,-1,3,-1,5,-1,9,0,10,2,10,2,13,2,16,1,16,0,16,0,17,-1,18,-2,18,-1,19,-1,20,-3,20,-3,19"
4.600865840911865,48,"CSI,2178,128,83,49,21,0,2,10,5,10,8,8,11,5,13,4,12,4,15,4,19,2,19,2,16,4,13,6,12,9,13,9,10,6,6,5,6,5,6,3,5,2,4,3,2,2,0,1,-1,1,-1,-3,1,-6,3,-5,1,-1,0,0,0,0,0,0,0,0,0,0,0,0,0,0,0,0,0,0,-2,1,-6,6,-6,6,-6,5,-7,7,-8,6,-6,4,-4,4,-3,4,-4,5,-4,8,-2,8,0,8,1,10,1,12,1,12,2,13,3,14,2,17,2,21,2,24,1,24,1,22,-1,21,-2,19,-1,18,-2,17"
4.703758955001831,49,"CSI,2183,128,83,49,21,0,11,4,11,1,13,-1,14,-3,12,-5,13,-6,12,-7,8,-6,10,-5,13,-3,13,-3,13,-1,14,1,13,3,9,3,8,1,7,-1,3,1,2,1,3,0,3,-1,2,-1,-1,-2,-1,-5,1,-6,0,-2,0,0,0,0,0,0,0,0,0,0,0,0,0,0,0,0,0,0,2,-1,8,-2,8,0,8,1,6,1,5,2,5,2,6,0,6,-2,6,-3,5,-2,5,0,7,0,10,0,12,1,15,-1,16,-4,15,-3,17,-1,19,0,18,1,18,0,21,1,22,4,21,6,21,4,18,0"
4.8112499713897705,50,"CSI,2187,128,83,49,21,0,-13,4,-15,4,-13,2,-10,2,-10,6,-11,10,-13,13,-17,13,-14,13,-11,13,-12,13,-12,12,-11,9,-8,6,-6,5,-4,5,-3,5,-3,4,-4,1,-2,-1,0,1,0,2,-1,2,1,2,4,3,1,1,0,0,0,0,0,0,0,0,0,0,0,0,0,0,0,0,0,0,-1,-3,-3,-10,-2,-11,-2,-10,-3,-7,-3,-5,-3,-5,-4,-5,-4,-5,-5,-6,-8,-5,-10,-4,-12,-2,-13,-1,-15,-4,-15,-6,-15,-5,-15,-6,-15,-7,-18,-5,-20,-4,-20,-6,-18,-7,-18,-4,-20,-2,-20,-2,-18,-3"
4.911266803741455,51,"CSI,2190,128,83,49,21,0,-9,10,-8,10,-7,9,-3,10,1,11,1,10,3,12,5,15,4,14,4,12,4,12,1,13,-1,14,-3,11,-4,9,-3,7,0,4,1,2,0,1,1,1,4,1,3,-1,3,-2,6,-2,8,-2,2,-1,0,0,0,0,0,0,0,0,0,0,0,0,0,0,0,0,0,0,-3,-1,-11,-2,-9,-2,-8,-4,-8,-4,-6,-4,-5,-3,-5,-1,-5,-1,-4,-2,-3,0,-3,5,-6,8,-8,10,-10,10,-12,8,-12,7,-13,8,-14,8,-15,8,-17,11,-18,14,-17,14,-15,12,-15,11,-14,11,-13,11"
5.0102620124816895,52,"CSI,2194,128,83,49,21,0,9,7,9,6,10,5,10,1,12,-2,13,-2,14,-3,17,-7,17,-6,14,-2,14,1,16,5,16,4,12,4,9,4,8,2,7,1,5,0,4,0,2,0,0,-2,-1,-3,-1,-3,1,-5,3,-9,0,-3,0,0,0,0,0,0,0,0,0,0,0,0,0,0,0,0,0,0,1,1,3,6,0,7,-1,8,0,8,2,7,2,4,1,3,2,3,3,4,5,5,7,5,9,4,10,3,10,5,10,8,12,8,14,7,14,7,15,8,14,10,11,10,10,10,11,9,11,9,11,11,8,10"
5.118059873580933,53,"CSI,2198,128,83,49,21,0,0,-17,-2,-12,-3,-6,-5,-7,-10,-9,-10,-10,-12,-11,-17,-12,-18,-11,-16,-11,-12,-12,-10,-11,-10,-9,-9,-10,-5,-10,-3,-7,-4,-5,-3,-4,-2,-3,-2,-2,-2,-1,-3,1,-4,4,-3,5,-3,5,-1,1,0,0,0,0,0,0,0,0,0,0,0,0,0,0,0,0,0,0,0,-2,4,-8,5,-8,6,-6,7,-4,5,-3,2,-3,2,-4,3,-5,2,-6,-1,-6,-2,-7,-2,-10,-1,-14,1,-17,4,-18,6,-17,6,-15,2,-16,0,-19,1,-19,1,-19,0,-19,0,-21,0,-22,0,-22,1,-23"
5.216361999511719,54,"CSI,2203,128,83,49,21,0,14,-1,11,-3,9,-6,7,-5,7,-7,8,-11,8,-11,9,-9,10,-10,10,-11,11,-11,11,-10,10,-9,10,-10,8,-9,5,-5,3,-3,2,-3,2,-3,2,-2,1,-1,-2,-1,-4,-3,-5,-4,-6,-4,-2,-2,0,0,0,0,0,0,0,0,0,0,0,0,0,0,0,0,0,0,1,1,5,7,4,8,1,9,-1,7,0,6,2,5,3,3,5,2,5,2,6,1,8,0,10,-1,12,0,14,2,14,2,15,0,16,0,15,2,14,2,16,1,18,2,19,3,18,2,18,2,16,3,13,4"
5.324476003646851,55,"CSI,2206,128,83,49,21,0,-3,-11,-3,-10,-4,-7,-7,-6,-11,-5,-14,-7,-13,-7,-13,-4,-12,-4,-11,-8,-8,-10,-7,-11,-7,-9,-5,-8,-5,-10,-6,-10,-5,-7,-2,-5,-2,-3,-2,-1,-2,-2,-2,-1,-3,1,-4,0,-4,-3,-1,-1,0,0,0,0,0,0,0,0,0,0,0,0,0,0,0,0,0,0,-2,-3,-4,-9,-3,-8,-1,-8,-1,-8,0,-7,0,-5,-2,-4,-3,-3,-3,-4,-4,-8,-5,-7,-6,-5,-6,-8,-7,-11,-8,-13,-9,-12,-10,-12,-9,-13,-8,-13,-7,-13,-7,-14,-8,-15,-8,-16,-8,-18,-9,-17,-9,-15"
5.420094013214111,56,"CSI,2211,128,83,49,21,0,0,13,2,8,3,7,2,7,4,5,9,5,11,3,10,-1,7,0,6,4,9,4,11,6,10,9,8,7,6,5,6,5,6,3,6,3,2,3,-3,2,-3,0,-2,-3,-1,-6,0,-9,2,-9,0,-2,0,0,0,0,0,0,0,0,0,0,0,0,0,0,0,0,0,0,-2,1,-5,5,-6,2,-8,2,-6,3,-5,3,-7,3,-7,3,-6,3,-5,2,-3,2,-2,4,-2,7,-1,8,0,8,0,10,1,14,0,16,-1,17,-1,19,0,20,-1,18,-3,16,-3,17,-2,17,-2,16,-3,14"
5.522870779037476,57,"CSI,2214,128,83,49,21,0,7,7,7,5,7,6,6,5,8,0,9,-3,13,-3,18,-3,19,-3,17,-4,15,-4,12,-4,10,1,10,4,9,4,7,3,4,1,3,0,2,1,1,1,0,-1,-2,-1,-3,-2,-4,-5,-3,-10,-1,-3,0,0,0,0,0,0,0,0,0,0,0,0,0,0,0,0,0,0,-1,1,-5,5,-7,4,-9,3,-8,4,-6,3,-7,1,-8,1,-7,1,-5,2,-6,3,-4,5,0,7,2,8,0,10,0,11,3,12,4,14,4,15,3,16,2,17,1,18,1,18,2,17,1,16,0,16,1,17"
5.7312469482421875,58,"CSI,2222,128,83,49,21,0,-11,-5,-9,-3,-7,1,-8,3,-8,6,-8,9,-7,12,-6,14,-7,11,-8,6,-9,6,-12,6,-12,4,-9,2,-7,3,-6,5,-4,5,-1,2,1,2,0,1,0,-1,1,-2,2,2,3,4,1,1,0,0,0,0,0,0,0,0,0,0,0,0,0,0,0,0,0,0,0,0,-2,-2,-6,-6,-3,-6,-2,-7,-2,-6,-1,-4,-1,-4,-3,-4,-6,-4,-6,-3,-7,-3,-8,-3,-9,-2,-8,-2,-8,-2,-11,-3,-13,-5,-13,-5,-14,-6,-17,-5,-19,-4,-19,-7,-20,-9,-20,-9,-16,-8,-13,-6,-10,-2"
5.93422794342041,59,"CSI,2230,128,83,49,21,0,-4,11,-2,11,-1,12,1,12,1,11,2,11,3,10,0,10,-1,11,1,10,2,11,1,9,-2,7,-4,7,-2,7,0,4,-1,2,-4,1,-5,-1,-2,-1,2,0,4,-2,4,-3,4,-3,5,-2,1,-1,0,0,0,0,0,0,0,0,0,0,0,0,0,0,0,0,0,0,-2,1,-6,6,-6,5,-6,5,-5,3,-4,1,-4,1,-4,4,-2,4,-4,2,-6,2,-3,6,-1,10,-3,12,-3,10,-1,9,-1,10,-2,12,-1,15,0,17,-1,18,-4,19,-7,19,-9,17,-11,16,-10,15,-10,13"
6.039185047149658,60,"CSI,2234,128,83,49,21,0,-1,-13,-2,-13,-2,-12,-5,-11,-7,-10,-6,-10,-4,-9,-2,-5,-2,-6,-3,-10,-4,-12,-5,-11,-4,-9,-3,-8,0,-8,-1,-6,-2,-5,-1,-6,-1,-5,-1,-2,-1,2,-2,3,-4,2,-4,1,-4,-1,-1,-1,0,0,0,0,0,0,0,0,0,0,0,0,0,0,0,0,0,0,1,-2,5,-7,3,-7,4,-6,5,-3,7,-2,7,-2,7,-4,5,-7,2,-7,0,-5,2,-4,3,-7,1,-10,-1,-12,0,-12,-1,-13,-1,-12,1,-13,3,-15,3,-17,5,-17,6,-17,8,-17,11,-15,12,-14,10,-14"
6.140351057052612,61,"CSI,2238,128,83,49,21,0,8,-9,7,-9,4,-7,2,-7,1,-11,2,-12,7,-12,10,-13,6,-12,3,-11,5,-11,5,-12,5,-10,4,-9,3,-7,2,-5,1,-4,0,-4,-1,-3,-2,-2,-2,-1,-4,-2,-7,-2,-7,-3,-6,-7,-2,-3,0,0,0,0,0,0,0,0,0,0,0,0,0,0,0,0,0,0,1,-1,8,-4,8,-3,6,-2,5,-3,4,-5,3,-5,3,-4,2,-3,2,-4,2,-6,1,-7,1,-6,1,-9,3,-10,6,-8,9,-9,10,-11,10,-12,10,-13,12,-14,15,-14,16,-12,15,-10,12,-12,9,-12,5,-9"
6.241964817047119,62,"CSI,2243,128,83,49,21,0,12,-5,9,-6,6,-7,3,-10,4,-12,8,-12,8,-14,8,-17,7,-16,6,-12,6,-9,6,-8,5,-6,5,-4,3,-4,1,-4,1,-3,1,-2,0,-3,-2,-4,-3,-2,-3,-2,-3,-4,-3,-3,-2,-3,-1,-1,0,0,0,0,0,0,0,0,0,0,0,0,0,0,0,0,0,0,1,-1,8,-2,9,-1,8,1,6,1,6,0,6,-1,4,-1,5,-1,8,-3,8,-5,6,-5,5,-6,7,-8,9,-10,9,-10,10,-10,11,-10,13,-8,15,-7,15,-9,16,-10,17,-7,16,-5,15,-3,17,-2,17,-4"
6.355181932449341,63,"CSI,3003,128,101,81,22,0,-17,-16,-17,-16,-18,-15,-18,-14,-17,-13,-17,-13,-18,-13,-18,-13,-18,-13,-18,-13,-18,-13,-18,-12,-18,-12,-18,-12,-18,-11,-17,-12,-16,-13,-16,-13,-15,-13,-14,-12,-13,-11,-12,-11,-12,-11,-11,-11,-11,-12,-3,-3,0,0,0,0,0,0,0,0,0,0,0,0,0,0,0,0,0,0,-5,-4,-18,-14,-17,-14,-17,-15,-17,-15,-18,-16,-19,-17,-19,-18,-19,-19,-19,-19,-18,-19,-18,-20,-18,-21,-18,-21,-17,-20,-17,-20,-18,-20,-18,-20,-17,-19,-17,-18,-17,-17,-18,-17,-18,-17,-18,-17,-18,-17,-19,-16,-19,-16"
6.385976791381836,64,"CSI,2247,128,83,49,21,0,-5,-10,-4,-6,-6,-5,-8,-5,-11,-3,-13,-1,-17,0,-20,2,-19,0,-17,-2,-14,-3,-10,-4,-9,-6,-8,-6,-7,-2,-6,1,-5,-1,-5,-3,-4,-2,-2,-1,0,0,1,1,1,3,1,6,2,6,0,1,0,0,0,0,0,0,0,0,0,0,0,0,0,0,0,0,0,0,0,-3,1,-10,2,-10,4,-8,6,-6,6,-5,4,-4,0,-3,-2,-5,-2,-7,-2,-8,-1,-7,-2,-6,-5,-9,-7,-12,-6,-14,-5,-17,-6,-20,-5,-19,-4,-17,-4,-17,-3,-18,-4,-18,-6,-17,-7,-16,-7,-14,-8,-11"
6.414703845977783,65,"CSI,3004,128,101,81,22,0,1,19,2,19,2,19,2,18,2,18,3,17,3,17,4,18,4,18,4,18,4,17,4,17,3,17,3,17,3,16,2,16,2,16,2,16,2,15,1,14,1,14,0,13,0,13,0,12,-1,12,-1,3,0,0,0,0,0,0,0,0,0,0,0,0,0,0,0,0,0,0,0,4,2,17,2,18,2,18,1,19,1,20,2,20,2,21,1,21,0,21,0,22,-1,22,-1,22,-1,22,-1,22,-1,22,-1,21,0,21,0,21,0,20,0,20,0,20,1,20,1,20,1,20,1,20,1,20"
6.447383880615234,66,"CSI,2251,128,83,49,21,0,5,-6,7,-7,7,-6,6,-9,4,-12,4,-12,4,-11,3,-6,5,-5,7,-8,7,-10,8,-10,7,-11,4,-9,5,-5,6,-3,3,-2,1,-3,1,-4,1,-6,0,-3,-2,0,-4,0,-5,-2,-5,-4,-2,-1,0,0,0,0,0,0,0,0,0,0,0,0,0,0,0,0,0,0,1,-2,7,-5,7,-3,6,0,5,-1,4,-2,2,0,3,1,2,0,2,-3,3,-5,3,-6,4,-8,7,-11,8,-11,6,-8,7,-7,12,-9,14,-10,15,-11,14,-12,13,-12,15,-12,17,-11,16,-8,15,-7,15,-8"
6.532362937927246,67,"CSI,3005,128,101,81,22,0,-11,16,-11,16,-11,16,-10,16,-10,16,-10,16,-9,16,-8,16,-9,16,-8,16,-8,16,-8,16,-8,16,-8,15,-9,15,-9,15,-9,15,-8,14,-8,13,-9,12,-9,12,-9,11,-9,10,-9,10,-9,9,-3,2,0,0,0,0,0,0,0,0,0,0,0,0,0,0,0,0,0,0,-3,3,-10,15,-10,15,-11,16,-11,16,-12,16,-12,17,-12,17,-13,17,-14,17,-15,17,-15,17,-15,17,-15,17,-15,16,-14,16,-14,16,-14,16,-14,16,-14,16,-13,17,-13,17,-12,17,-12,16,-12,16,-13,17,-13,17"
6.562960863113403,68,"CSI,2254,128,83,49,21,0,6,-6,5,-7,3,-8,1,-9,-1,-9,-1,-9,1,-11,3,-13,2,-16,1,-16,3,-15,3,-13,1,-11,1,-9,3,-7,3,-3,1,-1,1,-2,2,-1,1,-2,-1,-3,-3,-1,-4,1,-7,0,-7,-2,-2,-1,0,0,0,0,0,0,0,0,0,0,0,0,0,0,0,0,0,0,1,-2,6,-6,5,-3,5,-2,5,-2,5,-1,5,-1,3,-2,1,-3,1,-2,4,-4,5,-5,5,-5,3,-7,0,-9,2,-12,4,-13,5,-12,7,-13,9,-15,8,-17,8,-15,10,-14,11,-14,13,-14,14,-15,14,-17"
6.650832891464233,69,"CSI,3006,128,101,81,22,0,-14,-15,-14,-15,-14,-14,-14,-14,-14,-13,-14,-13,-14,-13,-14,-13,-15,-13,-15,-13,-15,-12,-15,-12,-15,-12,-15,-12,-14,-12,-13,-12,-13,-12,-12,-13,-11,-12,-11,-11,-10,-11,-10,-11,-10,-10,-9,-10,-8,-11,-2,-3,0,0,0,0,0,0,0,0,0,0,0,0,0,0,0,0,0,0,-4,-4,-14,-13,-14,-13,-14,-14,-14,-15,-14,-15,-15,-16,-15,-17,-14,-17,-14,-18,-14,-18,-14,-18,-14,-19,-14,-19,-14,-19,-14,-18,-14,-18,-14,-18,-14,-18,-13,-17,-13,-16,-14,-16,-14,-16,-14,-16,-14,-16,-15,-16,-16,-16"
6.680613994598389,70,"CSI,2259,128,83,49,21,0,-4,9,-2,7,0,5,3,2,7,1,7,4,8,6,9,4,9,5,7,7,5,7,4,7,5,6,3,6,1,7,0,7,-2,4,-2,0,-2,-1,-1,-2,-1,-2,-3,-3,-2,-5,1,-6,2,-7,0,-2,0,0,0,0,0,0,0,0,0,0,0,0,0,0,0,0,0,0,-3,-2,-8,-5,-6,-5,-6,-6,-8,-7,-8,-7,-5,-5,-3,-2,-4,1,-5,0,-4,0,-5,1,-8,3,-9,5,-9,8,-10,8,-11,7,-11,6,-11,7,-12,9,-11,11,-11,10,-12,10,-13,11,-12,10,-9,10,-5,9"
6.753999948501587,71,"CSI,3007,128,101,81,22,0,12,15,12,15,12,14,12,13,12,13,12,13,13,13,13,13,13,13,13,13,13,12,12,12,12,12,13,12,12,12,12,12,11,13,10,13,10,12,9,11,8,11,8,11,8,10,7,10,6,10,1,2,0,0,0,0,0,0,0,0,0,0,0,0,0,0,0,0,0,0,3,3,12,12,12,13,12,13,12,14,13,15,13,16,13,16,13,17,13,17,12,17,12,18,12,19,12,18,12,18,12,18,12,18,12,18,12,17,12,16,12,16,12,16,12,16,13,16,12,16,13,16,13,16"
6.869977951049805,72,"CSI,3008,128,101,81,22,0,-2,-25,-3,-25,-3,-25,-3,-24,-3,-23,-3,-23,-4,-23,-5,-23,-5,-23,-5,-23,-5,-23,-5,-23,-5,-23,-5,-22,-4,-22,-3,-22,-3,-22,-3,-22,-2,-21,-2,-19,-1,-19,-1,-18,0,-17,0,-17,0,-16,0,-4,0,0,0,0,0,0,0,0,0,0,0,0,0,0,0,0,0,0,-1,-6,-4,-23,-3,-23,-3,-24,-3,-25,-2,-25,-2,-26,-2,-28,-2,-28,-1,-28,0,-28,0,-29,0,-29,0,-29,0,-29,0,-28,0,-28,0,-28,0,-27,0,-27,0,-26,-1,-26,-1,-27,-2,-27,-2,-26,-2,-26,-3,-27"
6.905895948410034,73,"CSI,2693,128,-117,-78,40,0,-8,21,-7,21,-7,21,-7,21,-7,20,-6,20,-5,21,-5,21,-5,21,-5,21,-4,21,-5,21,-5,20,-5,20,-6,19,-6,19,-6,19,-6,18,-6,17,-7,16,-7,15,-7,15,-7,14,-7,13,-7,13,-2,3,0,0,0,0,0,0,0,0,0,0,0,0,0,0,0,0,0,0,-2,5,-6,20,-6,20,-7,21,-7,21,-8,22,-8,23,-8,23,-9,24,-10,24,-11,24,-11,24,-11,24,-11,24,-11,24,-11,23,-11,23,-10,23,-10,23,-10,22,-10,22,-10,22,-9,23,-8,22,-8,22,-9,22,-9,23"
6.936497926712036,74,"CSI,2199,128,-5,-79,31,0,10,22,11,22,11,21,11,20,11,20,11,19,12,20,12,20,12,19,12,19,12,19,12,19,12,19,12,18,12,18,11,18,10,19,10,18,9,18,8,17,7,16,7,16,6,15,6,15,5,15,1,3,0,0,0,0,0,0,0,0,0,0,0,0,0,0,0,0,0,0,2,4,10,20,10,20,10,21,10,22,10,22,10,24,10,25,10,25,10,26,9,26,8,26,8,27,8,27,8,26,8,26,8,25,9,25,9,25,9,24,9,23,9,23,10,24,10,24,10,24,10,23,11,24"
6.978107929229736,75,"CSI,2200,128,122,-96,7,0,-20,-12,-20,-12,-20,-12,-20,-11,-20,-10,-20,-10,-20,-10,-20,-10,-20,-10,-20,-10,-20,-10,-19,-9,-19,-9,-20,-9,-19,-9,-19,-9,-18,-10,-17,-10,-16,-10,-16,-10,-15,-9,-15,-9,-14,-9,-13,-9,-12,-10,-3,-3,0,0,0,0,0,0,0,0,0,0,0,0,0,0,0,0,0,0,-5,-3,-19,-9,-20,-10,-20,-11,-20,-11,-21,-12,-21,-13,-22,-14,-22,-14,-22,-14,-22,-15,-22,-15,-21,-16,-21,-16,-21,-16,-21,-16,-21,-16,-21,-15,-21,-15,-20,-14,-20,-13,-21,-13,-21,-13,-21,-13,-21,-13,-21,-13,-22,-13"
7.011406898498535,76,"CSI,2271,128,83,49,21,0,-14,-8,-12,-5,-9,-3,-9,-1,-10,2,-10,4,-6,4,-2,1,-7,-1,-13,-2,-13,-2,-11,-3,-9,-5,-8,-7,-8,-6,-4,-5,-1,-5,-1,-3,-1,0,-1,2,-1,4,0,3,-2,4,-4,5,-4,5,-2,1,0,0,0,0,0,0,0,0,0,0,0,0,0,0,0,0,0,0,-2,0,-8,-2,-9,-3,-9,-4,-9,-5,-6,-4,-4,-4,-4,-6,-5,-5,-6,-1,-6,2,-5,0,-8,-1,-13,0,-14,0,-14,0,-15,0,-14,-1,-12,-4,-12,-5,-14,-6,-16,-5,-17,-6,-17,-7,-19,-8,-19,-9,-14,-10"
7.047688007354736,77,"CSI,3009,128,101,81,22,0,-19,-7,-19,-7,-19,-6,-19,-6,-19,-5,-18,-5,-18,-5,-19,-5,-19,-4,-18,-5,-18,-4,-18,-4,-18,-4,-18,-4,-18,-4,-17,-4,-17,-5,-16,-5,-15,-5,-15,-5,-15,-5,-14,-5,-13,-5,-13,-5,-12,-6,-3,-2,0,0,0,0,0,0,0,0,0,0,0,0,0,0,0,0,0,0,-5,-2,-18,-5,-18,-5,-19,-6,-19,-6,-20,-7,-20,-7,-20,-8,-21,-8,-21,-9,-21,-9,-21,-10,-21,-10,-20,-10,-20,-10,-20,-10,-20,-10,-20,-10,-20,-9,-20,-8,-20,-8,-20,-7,-20,-8,-20,-8,-20,-8,-20,-7,-21,-7"
7.078123092651367,78,"CSI,2905,128,83,49,21,0,-6,7,-4,4,-3,3,-1,4,1,5,1,7,3,5,6,0,5,4,4,8,3,7,1,10,3,12,3,11,0,9,-2,7,-3,5,-2,4,1,2,3,2,4,1,5,-1,5,-2,5,-2,3,-1,0,0,0,0,0,0,0,0,0,0,0,0,0,0,0,0,0,0,0,0,-1,-1,-4,-2,-3,-2,-3,-2,-2,-3,-4,-3,-7,-4,-8,-5,-6,-5,-3,-6,-6,-6,-8,-3,-7,-3,-5,-6,-3,-6,-4,-3,-5,-1,-4,0,-4,3,-5,7,-7,8,-10,7,-9,8,-8,9,-9,10,-11,12,-14,12"
7.111546993255615,79,"CSI,2275,128,83,49,21,0,-6,-13,-5,-12,-3,-10,-5,-9,-8,-8,-9,-6,-9,-8,-11,-14,-12,-13,-14,-8,-13,-4,-10,-4,-6,-6,-5,-7,-5,-6,-3,-5,-2,-4,-2,-2,-2,-2,-3,-1,-2,1,-1,1,-3,3,-5,4,-6,6,-2,1,0,0,0,0,0,0,0,0,0,0,0,0,0,0,0,0,0,0,-1,-2,-2,-8,0,-9,0,-9,-1,-8,0,-8,1,-7,-2,-5,-3,-4,-6,-3,-8,-2,-8,-4,-7,-7,-8,-10,-9,-12,-8,-12,-10,-13,-11,-13,-9,-12,-7,-12,-8,-14,-8,-17,-6,-18,-4,-17,-5,-17,-6,-18,-5,-19"
7.147692918777466,80,"CSI,3010,128,101,81,22,0,-23,-3,-23,-3,-23,-2,-23,-1,-23,-1,-22,0,-22,-1,-22,-1,-22,0,-21,0,-21,0,-21,0,-21,0,-21,0,-21,0,-21,0,-20,-1,-19,-2,-19,-2,-18,-2,-18,-2,-17,-2,-16,-2,-16,-3,-15,-3,-4,-1,0,0,0,0,0,0,0,0,0,0,0,0,0,0,0,0,0,0,-6,-1,-21,-1,-21,-2,-22,-3,-23,-3,-23,-3,-24,-4,-24,-4,-25,-5,-25,-5,-26,-5,-25,-6,-25,-7,-25,-7,-25,-7,-25,-6,-25,-6,-24,-6,-24,-6,-24,-5,-24,-4,-24,-4,-24,-4,-24,-4,-24,-4,-25,-3,-26,-3"
7.180937051773071,81,"CSI,2279,128,83,49,21,0,6,-9,1,-8,-3,-8,-6,-10,-9,-11,-8,-12,-6,-10,-8,-4,-9,-3,-7,-7,-5,-10,-4,-11,-5,-12,-4,-9,-3,-5,-3,-4,-3,-1,-3,0,-3,-2,-3,-3,-2,-1,-4,2,-5,3,-6,2,-8,1,-2,0,0,0,0,0,0,0,0,0,0,0,0,0,0,0,0,0,0,0,2,-1,8,-3,7,-2,5,-2,5,-2,6,0,6,0,5,-2,3,-4,1,-5,0,-7,0,-8,-1,-10,-2,-13,0,-15,3,-14,4,-15,6,-15,10,-12,10,-14,9,-15,8,-14,8,-13,7,-16,5,-14,2,-10,1,-11"
7.211606025695801,82,"CSI,3011,128,101,81,22,0,11,22,11,22,12,21,11,20,11,19,12,19,13,19,13,19,13,19,13,19,13,19,12,19,13,18,13,18,12,18,11,18,11,18,10,18,10,17,8,16,8,16,7,15,6,15,6,15,5,15,1,3,0,0,0,0,0,0,0,0,0,0,0,0,0,0,0,0,0,0,3,4,12,18,12,19,12,20,12,21,12,21,12,23,12,24,12,24,12,24,11,25,10,25,10,26,10,26,10,26,10,25,10,25,10,25,10,24,10,23,11,23,11,23,12,23,12,23,12,23,12,23,12,23"
7.242141008377075,83,"CSI,2913,128,83,49,21,0,7,-8,6,-4,4,-5,3,-6,2,-7,1,-9,-2,-8,-5,-3,-2,-3,2,-6,4,-9,6,-10,5,-11,3,-8,2,-5,4,-5,3,-5,2,-3,0,-3,-2,-2,-2,-1,-4,-1,-5,-3,-3,-5,0,-6,0,-2,0,0,0,0,0,0,0,0,0,0,0,0,0,0,0,0,0,0,-1,0,-1,0,-1,-3,0,-5,2,-5,3,-7,3,-7,4,-6,3,-7,3,-8,7,-7,8,-6,5,-6,3,-6,2,-5,2,-5,1,-7,0,-6,-2,-5,-4,-7,-4,-11,-1,-12,1,-14,1,-16,4,-17,6,-18,4,-18"
7.27313494682312,84,"CSI,2283,128,83,49,21,0,-10,-1,-8,1,-10,3,-11,5,-9,7,-8,8,-8,11,-8,15,-7,12,-8,5,-9,4,-9,7,-10,7,-9,5,-6,4,-5,4,-5,2,-3,2,-1,3,0,2,0,3,1,3,2,2,4,2,5,3,1,1,0,0,0,0,0,0,0,0,0,0,0,0,0,0,0,0,0,0,-2,-2,-4,-8,-2,-9,-1,-9,0,-8,0,-8,-1,-7,-1,-3,-2,0,-3,0,-4,0,-6,-2,-9,-3,-9,-3,-10,-2,-14,-4,-17,-8,-17,-10,-15,-9,-16,-7,-16,-7,-13,-6,-12,-6,-12,-6,-14,-6,-15,-5,-13,-5"
7.367520809173584,85,"CSI,2286,128,83,49,21,0,-5,8,-4,8,-3,8,0,8,2,9,2,8,5,7,9,7,8,9,4,11,3,11,4,10,3,8,1,7,0,7,0,5,1,3,0,2,0,2,1,1,3,-2,3,-1,3,-1,5,-3,7,-3,1,-1,0,0,0,0,0,0,0,0,0,0,0,0,0,0,0,0,0,0,-3,-1,-9,-2,-8,-1,-8,-3,-8,-4,-7,-2,-6,-1,-5,1,-5,2,-5,2,-6,4,-5,7,-5,9,-6,12,-7,13,-9,11,-12,11,-14,10,-14,10,-11,11,-9,10,-11,10,-11,9,-10,10,-10,11,-10,10,-9,11"
7.429987907409668,86,"CSI,3013,128,101,81,22,0,18,5,18,5,18,5,18,4,18,3,18,3,18,3,18,3,18,3,18,3,17,3,17,2,17,2,18,2,17,2,17,3,16,3,16,4,15,4,15,3,14,3,13,3,13,3,12,4,12,4,2,1,0,0,0,0,0,0,0,0,0,0,0,0,0,0,0,0,0,0,4,1,17,4,17,5,17,5,18,5,19,6,19,7,19,7,20,7,20,8,20,8,20,9,19,9,19,9,19,9,19,9,19,9,19,9,19,8,19,7,19,7,19,6,19,7,19,7,19,6,20,6,21,6"
7.468108892440796,87,"CSI,2291,128,83,49,21,0,2,7,2,6,2,5,4,7,4,9,6,11,6,9,3,4,2,4,5,7,7,7,6,7,4,7,2,8,3,6,3,3,3,1,3,1,1,0,0,-1,3,-4,2,-5,3,-5,5,-4,6,-1,1,0,0,0,0,0,0,0,0,0,0,0,0,0,0,0,0,0,0,0,-2,1,-6,6,-5,6,-5,5,-5,4,-4,3,-4,4,-4,6,-3,5,-2,5,0,6,2,9,2,11,-1,12,-1,14,-2,15,-1,15,-1,15,-1,15,-2,16,-3,16,-3,17,-2,18,-2,14,-3,13,-2,13,-1,14"
7.552182912826538,88,"CSI,3014,128,101,81,22,0,-21,-9,-21,-9,-21,-8,-21,-7,-20,-7,-20,-6,-20,-6,-20,-6,-20,-6,-20,-6,-20,-6,-20,-5,-20,-5,-20,-5,-20,-5,-19,-5,-19,-6,-18,-7,-17,-6,-17,-6,-16,-5,-15,-6,-15,-6,-14,-6,-14,-6,-4,-2,0,0,0,0,0,0,0,0,0,0,0,0,0,0,0,0,0,0,-5,-2,-19,-9,-19,-9,-20,-10,-20,-10,-21,-11,-21,-11,-21,-12,-22,-13,-22,-13,-22,-13,-22,-13,-21,-14,-21,-14,-21,-14,-21,-14,-21,-13,-21,-13,-21,-13,-21,-12,-21,-11,-21,-11,-21,-11,-21,-11,-21,-10,-22,-10,-22,-11"
7.6650309562683105,89,"CSI,3015,128,101,81,22,0,18,-5,17,-6,18,-6,18,-7,18,-7,17,-7,17,-7,16,-7,16,-7,16,-7,16,-7,15,-8,16,-7,16,-7,16,-7,16,-7,15,-6,15,-5,14,-5,14,-5,14,-4,13,-4,13,-4,13,-3,12,-2,3,-1,0,0,0,0,0,0,0,0,0,0,0,0,0,0,0,0,0,0,4,-2,16,-7,17,-6,17,-6,18,-6,19,-6,19,-6,19,-5,20,-5,21,-5,21,-5,21,-4,21,-4,21,-4,20,-4,20,-4,20,-4,20,-4,20,-4,20,-5,20,-5,20,-5,19,-5,19,-5,19,-5,20,-6,20,-6"
7.771458864212036,90,"CSI,3016,128,101,81,22,0,-5,13,-5,13,-4,12,-4,12,-4,12,-4,12,-3,12,-2,12,-3,12,-3,12,-3,12,-3,12,-2,12,-2,11,-3,11,-3,11,-3,11,-3,11,-3,10,-3,10,-3,9,-3,9,-4,8,-4,8,-4,8,-1,2,0,0,0,0,0,0,0,0,0,0,0,0,0,0,0,0,0,0,-2,2,-5,11,-5,11,-5,11,-6,12,-6,12,-6,12,-6,13,-7,13,-7,13,-8,13,-8,13,-8,13,-8,13,-8,13,-7,12,-7,12,-7,13,-7,13,-7,12,-7,12,-6,12,-6,13,-5,12,-5,12,-6,12,-6,12"
7.802761077880859,91,"CSI,2303,128,83,49,21,0,-5,-9,-5,-5,-5,-2,-8,-3,-9,-4,-9,-3,-9,-6,-12,-11,-12,-9,-11,-6,-11,-6,-12,-4,-8,-2,-5,-2,-6,-2,-5,-1,-3,-1,-3,-2,-3,-1,-1,1,1,2,1,3,1,4,-1,5,-2,6,-1,1,0,0,0,0,0,0,0,0,0,0,0,0,0,0,0,0,0,0,1,-2,5,-8,8,-7,8,-7,5,-6,3,-4,2,-4,2,-3,0,-3,-3,-6,-4,-8,-5,-7,-8,-9,-6,-11,-3,-12,-2,-12,-1,-14,1,-14,2,-13,2,-15,2,-14,2,-14,2,-14,1,-15,0,-17,1,-16,2,-12"
7.878772020339966,92,"CSI,2307,128,83,49,21,0,-5,7,-1,8,3,8,3,7,1,7,1,9,0,10,-4,7,-4,6,-3,8,-1,9,2,10,2,11,0,11,1,8,2,4,1,3,1,2,3,1,3,0,3,0,4,0,5,-1,7,-1,8,0,2,0,0,0,0,0,0,0,0,0,0,0,0,0,0,0,0,0,0,0,-3,0,-10,1,-10,-3,-9,-4,-8,-4,-8,-6,-8,-6,-6,-2,-3,1,-2,3,-5,1,-8,4,-9,7,-9,6,-9,6,-10,10,-11,12,-13,9,-14,8,-14,7,-12,6,-11,7,-11,8,-12,9,-12,6,-10,6,-8,7"
7.929244041442871,93,"CSI,2697,128,-117,-78,40,0,-4,-24,-5,-24,-5,-24,-4,-23,-4,-23,-5,-22,-6,-22,-7,-23,-7,-22,-7,-22,-8,-22,-8,-22,-7,-22,-7,-21,-6,-21,-6,-21,-6,-21,-6,-21,-5,-20,-4,-19,-4,-18,-4,-17,-3,-17,-2,-16,-2,-16,-1,-4,0,0,0,0,0,0,0,0,0,0,0,0,0,0,0,0,0,0,-1,-6,-4,-22,-4,-23,-3,-24,-3,-25,-3,-25,-3,-26,-3,-27,-2,-28,-1,-28,-1,-28,-1,-28,-1,-28,-1,-28,-1,-28,-1,-28,-1,-27,-1,-27,-1,-27,-1,-26,-2,-26,-2,-26,-3,-26,-4,-26,-4,-25,-3,-25,-3,-26"
7.965245008468628,94,"CSI,2204,128,122,-96,7,0,9,-21,8,-21,8,-21,8,-21,8,-21,8,-21,7,-21,6,-21,6,-21,6,-21,5,-21,5,-20,5,-20,6,-20,6,-20,7,-20,6,-19,6,-18,6,-17,7,-16,7,-16,7,-15,7,-14,7,-14,7,-13,1,-4,0,0,0,0,0,0,0,0,0,0,0,0,0,0,0,0,0,0,2,-5,8,-20,8,-20,9,-21,9,-21,10,-22,10,-22,10,-23,11,-23,12,-23,13,-23,14,-23,13,-23,13,-22,13,-22,13,-22,13,-22,12,-22,12,-22,12,-21,12,-22,11,-22,10,-22,10,-22,10,-22,11,-22,11,-22"
8.001406908035278,95,"CSI,2205,128,-5,-79,31,0,18,-14,17,-14,17,-14,17,-14,17,-14,17,-14,15,-15,15,-15,15,-15,15,-15,14,-15,14,-15,14,-15,15,-14,15,-14,15,-13,14,-13,14,-12,13,-11,14,-11,13,-10,13,-10,13,-9,13,-8,12,-8,3,-2,0,0,0,0,0,0,0,0,0,0,0,0,0,0,0,0,0,0,4,-4,16,-13,17,-13,17,-14,18,-14,19,-14,19,-14,20,-14,21,-14,22,-14,22,-13,22,-13,22,-13,22,-12,22,-12,22,-12,22,-12,21,-12,21,-12,21,-13,21,-13,20,-13,19,-13,19,-13,19,-13,20,-13,20,-13"
8.034667015075684,96,"CSI,1115,128,101,80,6,0,-1,-8,-3,-6,-5,-2,-9,-1,-10,-3,-11,-4,-10,-8,-7,-14,-10,-13,-14,-9,-12,-9,-9,-9,-6,-6,-5,-4,-5,-2,-3,1,-3,1,-5,1,-5,2,-5,2,-6,3,-4,4,-1,5,-2,4,-5,4,-2,0,0,0,0,0,0,0,0,0,0,0,0,0,0,0,0,0,0,0,0,-2,3,-6,4,-8,6,-8,5,-5,3,-3,1,-4,1,-6,1,-6,-1,-6,-3,-6,-3,-9,-2,-12,-1,-11,-2,-12,-1,-12,0,-12,-1,-13,1,-15,2,-15,-1,-15,-3,-12,-2,-9,0,-9,0,-12,-1,-13,-1,-14"
8.068098783493042,97,"CSI,3018,128,101,81,22,0,-9,17,-8,17,-8,17,-8,17,-8,17,-7,17,-6,17,-6,17,-6,17,-6,17,-6,17,-6,17,-6,17,-6,16,-6,16,-7,16,-7,15,-6,15,-7,14,-7,13,-7,12,-7,12,-7,11,-7,11,-7,10,-2,2,0,0,0,0,0,0,0,0,0,0,0,0,0,0,0,0,0,0,-2,4,-7,16,-7,16,-8,17,-8,17,-8,18,-9,18,-9,19,-10,19,-10,19,-11,19,-12,19,-11,19,-12,19,-11,18,-11,18,-11,18,-11,18,-11,18,-11,18,-10,18,-10,18,-9,18,-9,18,-9,18,-9,18,-9,19"
8.098668813705444,98,"CSI,2314,128,83,49,21,0,-9,0,-10,1,-8,2,-7,3,-5,6,-5,10,-3,11,1,12,1,10,-4,8,-7,6,-8,5,-5,4,-4,4,-5,4,-4,2,-3,3,-2,3,-1,1,-1,1,2,2,5,1,5,1,5,3,5,4,1,1,0,0,0,0,0,0,0,0,0,0,0,0,0,0,0,0,0,0,-1,-1,-3,-5,-3,-7,-3,-9,-5,-10,-5,-9,-3,-7,-4,-6,-6,-5,-5,-2,-5,2,-8,2,-11,0,-13,-1,-15,1,-17,1,-16,-2,-15,-2,-15,-1,-15,0,-15,-1,-14,-4,-11,-7,-11,-4,-13,1,-11,1,-7,-2"
8.126576900482178,99,"CSI,3019,128,101,81,22,0,21,1,21,1,21,1,21,0,21,-1,21,-1,20,-1,20,-1,20,-1,20,-1,19,-1,19,-2,19,-2,20,-2,20,-2,19,-1,18,0,18,0,17,0,17,0,16,0,15,0,15,1,14,1,14,2,3,0,0,0,0,0,0,0,0,0,0,0,0,0,0,0,0,0,0,0,5,0,20,0,20,1,21,1,21,1,22,2,22,2,23,3,24,3,24,4,24,4,24,5,23,5,23,5,23,5,23,5,23,5,23,5,23,4,23,3,23,3,23,2,22,2,22,3,22,2,23,2,24,3"
8.221788883209229,100,"CSI,3020,128,101,81,22,0,-6,24,-5,24,-5,23,-5,23,-5,22,-5,22,-3,22,-3,23,-3,22,-3,23,-2,23,-3,22,-3,22,-3,21,-4,21,-4,21,-4,21,-4,20,-4,19,-5,18,-5,17,-5,16,-6,15,-6,15,-6,14,-2,3,0,0,0,0,0,0,0,0,0,0,0,0,0,0,0,0,0,0,-1,5,-3,22,-3,22,-4,23,-4,24,-4,24,-5,25,-5,26,-6,26,-7,26,-8,26,-8,26,-8,27,-8,27,-8,26,-9,26,-8,25,-8,25,-7,25,-8,25,-8,24,-7,24,-6,25,-6,25,-6,24,-7,25,-7,25"
8.334975004196167,101,"CSI,3021,128,101,81,22,0,14,16,14,16,14,15,14,14,14,14,14,13,15,14,15,14,15,13,15,13,15,13,15,13,14,12,15,12,15,12,14,12,13,13,13,13,12,12,11,12,11,11,10,11,9,11,9,11,8,11,2,2,0,0,0,0,0,0,0,0,0,0,0,0,0,0,0,0,0,0,3,3,14,14,14,14,14,15,14,16,14,16,14,17,14,19,14,19,14,19,14,20,13,20,13,21,13,21,13,20,13,20,13,19,13,19,13,19,13,18,13,18,14,17,14,17,14,17,14,17,15,17,16,17"
8.391147136688232,102,"CSI,2327,128,83,49,21,0,7,-1,4,-2,3,-6,3,-9,6,-8,8,-9,10,-8,14,-3,14,-2,11,-5,9,-7,9,-7,10,-5,10,-3,8,-3,4,-3,0,-1,-1,1,-1,-1,-2,-2,-1,-5,0,-8,0,-7,-2,-5,0,-3,0,-1,0,0,0,0,0,0,0,0,0,0,0,0,0,0,0,0,0,0,1,-1,7,-2,7,0,6,3,5,4,5,3,5,1,4,0,2,0,3,0,6,-1,7,-3,7,-4,9,-5,13,-6,15,-7,15,-7,14,-5,12,-3,11,-4,12,-4,14,-3,15,-1,12,0,10,3,12,2,17,-3"
8.471536874771118,103,"CSI,3022,128,101,81,22,0,18,5,18,5,18,4,18,4,18,3,18,3,18,3,18,3,18,3,18,3,17,3,17,2,17,2,17,2,17,2,17,3,16,4,15,4,15,4,14,3,14,3,13,4,13,4,12,4,11,5,2,1,0,0,0,0,0,0,0,0,0,0,0,0,0,0,0,0,0,0,4,0,18,3,18,3,18,3,19,4,20,4,20,5,20,6,21,6,21,6,21,7,21,8,20,8,20,9,20,8,20,8,20,8,20,8,20,7,20,7,20,6,20,6,20,6,20,6,20,6,20,6,21,5"
8.49723196029663,104,"CSI,2330,128,83,49,21,0,5,5,6,4,7,2,6,0,7,-2,8,-1,8,-4,9,-8,9,-5,8,-2,8,-2,7,-1,6,0,7,0,5,0,2,0,0,-1,0,-3,-1,-3,-2,-3,-2,-3,0,-4,1,-4,0,-4,-2,-4,-1,-1,0,0,0,0,0,0,0,0,0,0,0,0,0,0,0,0,0,0,-2,1,-8,6,-8,4,-8,2,-8,2,-5,3,-3,2,-3,2,-4,1,-3,1,0,4,2,8,2,10,0,9,0,8,-1,9,1,10,3,12,4,12,4,13,3,14,4,15,4,15,1,15,-1,16,2,18,5,18"
8.5607750415802,105,"CSI,3023,128,101,81,22,0,14,-13,14,-13,14,-13,14,-13,14,-14,14,-14,13,-14,12,-14,12,-14,12,-14,11,-14,11,-14,11,-14,12,-14,12,-13,12,-13,12,-12,11,-12,11,-11,11,-11,11,-10,11,-10,11,-9,11,-8,10,-8,2,-2,0,0,0,0,0,0,0,0,0,0,0,0,0,0,0,0,0,0,3,-4,13,-13,14,-13,14,-13,15,-14,16,-14,16,-13,17,-14,17,-14,18,-13,19,-13,19,-13,19,-12,18,-12,18,-12,18,-12,18,-12,17,-12,17,-12,17,-13,17,-13,17,-13,16,-13,15,-13,16,-13,16,-13,16,-13"
8.596770763397217,106,"CSI,2335,128,83,49,21,0,-9,-1,-7,3,-8,4,-9,5,-9,6,-7,7,-6,4,-7,-1,-10,-2,-11,1,-10,4,-9,6,-7,5,-5,1,-4,0,-2,0,-1,1,-1,2,0,2,0,2,-1,4,1,4,2,4,3,4,3,3,0,0,0,0,0,0,0,0,0,0,0,0,0,0,0,0,0,0,0,0,-2,0,-7,1,-8,-1,-9,-3,-9,-3,-7,-2,-6,0,-4,0,-4,-1,-6,1,-6,4,-5,5,-8,7,-9,7,-9,6,-11,5,-14,6,-16,7,-15,6,-15,7,-16,4,-16,1,-15,0,-15,-2,-16,-5,-18,-6,-17,-4"
8.681891918182373,107,"CSI,3024,128,101,81,22,0,-10,-24,-11,-23,-11,-23,-11,-22,-11,-21,-11,-21,-12,-21,-12,-21,-12,-21,-13,-21,-13,-21,-13,-21,-12,-20,-12,-20,-12,-20,-11,-20,-10,-20,-10,-20,-9,-19,-8,-18,-8,-17,-7,-17,-7,-16,-6,-16,-5,-16,-2,-4,0,0,0,0,0,0,0,0,0,0,0,0,0,0,0,0,0,0,-3,-5,-12,-20,-12,-21,-11,-22,-11,-23,-11,-24,-11,-25,-11,-26,-11,-27,-10,-27,-10,-27,-9,-27,-9,-28,-9,-28,-9,-28,-9,-27,-9,-27,-9,-27,-9,-26,-9,-25,-9,-25,-10,-25,-10,-25,-11,-25,-11,-25,-11,-25,-12,-25"
8.710531949996948,108,"CSI,2338,128,83,49,21,0,-6,1,-3,2,-3,6,-4,9,-6,11,-8,11,-10,6,-13,4,-12,5,-9,7,-8,7,-6,6,-5,5,-7,4,-6,2,-2,2,0,2,0,4,1,5,1,4,0,2,1,1,2,2,3,3,4,4,1,1,0,0,0,0,0,0,0,0,0,0,0,0,0,0,0,0,0,0,-2,-1,-8,-2,-8,-3,-9,-5,-8,-5,-7,-4,-6,-2,-6,0,-7,2,-6,2,-7,0,-9,-1,-9,2,-10,6,-11,8,-12,9,-14,7,-14,6,-14,6,-13,4,-13,2,-14,2,-14,3,-12,2,-13,1,-16,2,-16,6"
8.781595945358276,109,"CSI,3025,128,101,81,22,0,23,7,23,6,23,5,23,4,23,4,23,4,22,4,22,4,22,3,22,3,21,3,21,3,21,3,22,2,22,3,21,3,20,4,20,5,19,5,18,4,17,4,17,4,16,4,15,4,15,5,3,1,0,0,0,0,0,0,0,0,0,0,0,0,0,0,0,0,0,0,5,0,22,3,23,4,23,5,24,5,25,6,25,7,25,8,26,8,26,9,26,9,26,9,26,10,25,10,25,10,25,10,25,10,25,10,25,9,25,8,25,8,25,7,24,8,24,8,24,7,25,7,26,7"
8.904767036437988,110,"CSI,2346,128,83,49,21,0,-3,-7,-4,-7,-4,-3,-6,-3,-8,-7,-10,-10,-11,-8,-8,-4,-4,-5,-5,-10,-6,-10,-4,-8,-3,-8,-3,-6,-3,-4,-2,-3,-2,0,0,2,0,3,-4,4,-6,4,-6,3,-3,3,0,6,-2,8,-1,2,0,0,0,0,0,0,0,0,0,0,0,0,0,0,0,0,0,0,1,-1,6,-3,7,-3,9,-3,8,-3,6,-3,6,-3,5,-3,2,-5,1,-7,2,-8,1,-7,-1,-8,-1,-10,0,-13,1,-15,1,-16,0,-13,0,-12,2,-13,3,-13,5,-15,6,-17,7,-14,8,-10,8,-9,9,-10"
8.966371774673462,111,"CSI,2980,128,83,49,21,0,1,11,2,9,4,6,5,5,5,3,6,1,5,-1,2,-2,3,1,8,1,8,0,8,2,8,4,8,6,7,6,6,5,3,4,0,3,0,2,2,-1,3,-4,3,-4,2,-5,1,-5,2,-5,0,-1,0,0,0,0,0,0,0,0,0,0,0,0,0,0,0,0,0,0,-1,0,-3,1,-4,2,-5,2,-5,4,-5,5,-7,5,-10,5,-10,6,-9,5,-8,5,-8,6,-8,5,-6,2,-4,1,-2,1,-1,2,-1,3,0,3,2,3,2,5,4,9,4,13,4,10,4,8,3,12,1,15"
9.005237817764282,112,"CSI,2701,128,-117,-78,40,0,-22,-8,-22,-8,-22,-7,-22,-6,-22,-6,-22,-5,-22,-5,-22,-5,-21,-5,-21,-5,-21,-5,-21,-5,-21,-4,-21,-4,-21,-4,-20,-4,-19,-5,-19,-6,-18,-5,-18,-5,-17,-5,-16,-5,-16,-5,-15,-5,-14,-6,-4,-2,0,0,0,0,0,0,0,0,0,0,0,0,0,0,0,0,0,0,-6,-2,-21,-7,-21,-7,-21,-8,-22,-8,-22,-9,-23,-9,-23,-10,-24,-11,-24,-11,-24,-11,-23,-12,-23,-13,-23,-13,-23,-13,-23,-12,-23,-12,-23,-12,-22,-11,-22,-10,-23,-9,-23,-9,-23,-9,-23,-10,-22,-9,-23,-9,-24,-9"
9.035745859146118,113,"CSI,2351,128,83,49,21,0,3,5,4,3,6,0,8,-2,9,-5,12,-5,11,-5,5,-6,6,-3,8,0,8,0,7,-2,6,-4,6,-4,4,-2,2,-1,0,1,-3,3,-4,1,-3,-2,-2,-3,-2,-2,-2,0,-3,2,-5,3,-2,0,0,0,0,0,0,0,0,0,0,0,0,0,0,0,0,0,0,0,-4,-1,-12,-2,-9,-2,-7,-2,-7,-2,-7,-2,-6,-2,-5,0,-4,0,-4,1,-6,5,-5,8,-3,9,-2,9,-2,12,-2,15,-3,17,-4,16,-5,15,-5,15,-3,16,-2,16,-2,16,-3,14,-4,13,-5,15,-7,15"
9.071906805038452,114,"CSI,3027,128,101,81,22,0,-13,20,-12,20,-12,20,-12,20,-12,20,-11,20,-10,20,-9,20,-9,20,-9,20,-9,20,-9,20,-9,20,-10,19,-10,19,-10,19,-10,18,-10,17,-10,16,-10,16,-10,15,-10,14,-10,13,-10,12,-10,12,-3,3,0,0,0,0,0,0,0,0,0,0,0,0,0,0,0,0,0,0,-3,4,-9,19,-9,20,-10,20,-11,21,-12,21,-12,22,-12,22,-13,22,-14,22,-15,22,-15,22,-15,22,-15,22,-15,22,-15,21,-15,21,-15,21,-14,21,-15,21,-14,21,-14,21,-13,21,-12,21,-13,21,-14,21,-13,22"
9.10241174697876,115,"CSI,2985,128,83,49,21,0,7,-9,5,-9,2,-8,-1,-8,-1,-6,-3,-5,-6,-3,-8,0,-8,-3,-6,-8,-7,-11,-8,-10,-7,-8,-5,-10,-3,-10,-3,-7,-1,-7,0,-8,0,-5,0,-2,-1,-1,-1,-1,-4,0,-7,0,-9,-1,-3,-1,0,0,0,0,0,0,0,0,0,0,0,0,0,0,0,0,0,0,1,1,5,4,3,1,2,-1,3,0,6,0,9,-1,10,-1,9,0,10,1,11,2,9,3,7,4,9,4,8,1,3,-2,1,-2,1,-2,1,-6,1,-10,1,-11,0,-13,0,-15,3,-15,6,-15,7,-15,7,-18"
9.132919788360596,116,"CSI,2355,128,83,49,21,0,6,-4,3,-6,2,-8,1,-12,0,-14,1,-13,2,-13,-1,-14,-1,-14,2,-14,3,-12,4,-9,5,-8,4,-8,3,-8,2,-6,1,-4,-1,-4,-4,-3,-7,-2,-5,-1,-2,-2,-2,-2,-3,-1,-5,-1,-2,0,0,0,0,0,0,0,0,0,0,0,0,0,0,0,0,0,0,0,2,0,8,1,6,3,5,4,4,3,3,3,3,2,4,2,5,1,4,1,3,0,5,-5,6,-8,10,-8,12,-7,12,-6,11,-3,11,-3,16,-6,17,-4,16,-1,16,0,17,-2,15,-3,13,-2,12,-3,12,-5"
9.163587808609009,117,"CSI,3028,128,101,81,22,0,22,-2,21,-2,22,-3,22,-3,21,-4,21,-4,20,-4,20,-4,20,-4,20,-4,19,-4,19,-5,19,-5,20,-5,20,-5,19,-4,19,-3,18,-3,17,-2,17,-2,17,-2,16,-2,16,-1,15,-1,14,0,3,0,0,0,0,0,0,0,0,0,0,0,0,0,0,0,0,0,0,0,5,-1,20,-3,21,-3,21,-3,22,-3,23,-2,23,-2,24,-1,24,-1,25,-1,25,0,25,1,24,1,24,2,24,1,24,1,24,1,24,1,24,0,24,0,24,-1,24,-1,23,-1,23,-1,23,-1,24,-1,24,-1"
9.193952083587646,118,"CSI,2989,128,83,49,21,0,-3,-12,-1,-13,-3,-10,-6,-8,-8,-6,-9,-3,-8,2,-6,6,-7,4,-8,1,-8,1,-10,0,-10,-1,-7,-1,-7,-2,-9,-4,-10,-3,-8,-2,-6,-2,-3,0,-1,2,1,3,1,5,-1,5,0,4,0,0,0,0,0,0,0,0,0,0,0,0,0,0,0,0,0,0,0,0,0,0,2,-1,2,-3,3,-6,4,-8,4,-9,4,-7,5,-6,5,-7,7,-9,9,-11,11,-10,11,-5,8,-2,6,-5,3,-8,2,-6,1,-4,0,-5,-3,-8,-5,-10,-6,-11,-8,-13,-8,-15,-7,-16,-5,-16,-7,-16"
9.230103969573975,119,"CSI,3029,128,101,81,22,0,5,22,6,22,6,21,6,20,6,20,6,20,7,20,8,20,8,20,8,20,8,20,8,20,7,19,7,19,7,19,6,19,6,19,6,19,5,18,4,17,3,16,3,16,3,15,2,15,2,14,0,3,0,0,0,0,0,0,0,0,0,0,0,0,0,0,0,0,0,0,1,4,7,18,7,19,7,20,6,21,7,21,7,22,7,23,6,24,6,24,5,24,4,25,4,25,4,25,4,25,4,25,4,24,4,24,4,24,4,23,4,23,5,23,5,23,6,23,6,23,6,23,7,23"
9.31856083869934,120,"CSI,2363,128,83,49,21,0,-9,-10,-9,-6,-7,-4,-8,-3,-10,-1,-11,1,-15,4,-16,8,-15,7,-14,3,-14,0,-11,-2,-10,-4,-9,-3,-8,-3,-6,-3,-4,-3,-1,0,1,3,2,1,3,2,2,5,1,5,0,4,2,3,0,0,0,0,0,0,0,0,0,0,0,0,0,0,0,0,0,0,0,0,1,-3,6,-10,6,-9,6,-7,5,-7,4,-7,3,-5,0,-3,-2,-5,-1,-10,-1,-11,-2,-10,-3,-11,-5,-12,-6,-14,-6,-15,-7,-15,-7,-16,-7,-17,-7,-17,-7,-18,-7,-19,-8,-17,-7,-18,-5,-20,-3,-18,-1,-16"
9.351815938949585,121,"CSI,3030,128,101,81,22,0,-4,22,-3,22,-3,22,-3,21,-3,21,-3,21,-2,20,-1,21,-1,21,-1,21,-1,21,-1,21,-1,20,-1,20,-2,20,-2,20,-2,19,-2,19,-3,18,-3,17,-4,16,-4,15,-4,15,-5,14,-5,14,-1,3,0,0,0,0,0,0,0,0,0,0,0,0,0,0,0,0,0,0,-1,5,-1,20,-1,21,-2,21,-3,22,-3,22,-3,23,-3,24,-4,24,-5,24,-6,25,-6,25,-6,25,-6,25,-6,25,-6,24,-6,24,-6,24,-6,23,-6,23,-6,23,-5,23,-4,23,-4,23,-4,23,-5,23,-4,24"
9.38161587715149,122,"CSI,2997,128,83,49,21,0,-13,-8,-12,-9,-8,-5,-4,1,-3,5,-4,6,-6,10,-8,15,-6,14,-3,11,-2,10,-1,12,-1,11,-3,9,-4,8,-3,8,-1,6,0,6,1,4,1,2,0,1,0,0,2,-1,5,-2,8,-3,2,-1,0,0,0,0,0,0,0,0,0,0,0,0,0,0,0,0,0,0,1,0,4,0,3,-2,3,-4,3,-4,1,-5,2,-7,5,-9,6,-8,6,-7,6,-7,5,-6,6,-5,6,-6,4,-8,1,-8,-1,-6,-3,-5,-7,-6,-11,-6,-14,-6,-14,-9,-15,-10,-17,-9,-19,-9,-17,-12,-14,-15"
9.457452774047852,123,"CSI,3031,128,101,81,22,0,18,2,18,2,19,1,19,1,19,0,18,0,18,0,18,0,18,-1,18,-1,17,-1,17,-1,17,-1,18,-1,18,-1,17,-1,16,0,16,1,15,1,15,1,14,0,14,1,13,1,13,2,12,2,3,0,0,0,0,0,0,0,0,0,0,0,0,0,0,0,0,0,0,0,4,0,18,0,18,1,18,1,19,1,20,2,20,2,20,3,21,3,21,3,21,4,21,5,21,5,21,5,20,5,20,5,20,5,20,5,20,4,20,3,20,3,20,3,20,3,19,3,20,3,20,2,21,2"
9.487798929214478,124,"CSI,3000,128,83,49,21,0,7,-12,6,-10,5,-8,3,-8,4,-7,2,-8,-2,-7,-2,-4,0,-5,-1,-10,-1,-13,0,-13,1,-12,1,-10,4,-6,6,-4,5,-4,1,-3,0,-1,0,-3,-2,-3,-3,-2,-4,-2,-5,-4,-4,-5,-1,-2,0,0,0,0,0,0,0,0,0,0,0,0,0,0,0,0,0,0,0,-2,0,-5,-1,-3,-1,-3,-1,-4,-2,-5,-2,-5,0,-8,0,-11,0,-9,3,-7,6,-7,6,-9,4,-7,2,-3,1,-2,1,-5,-2,-6,-4,-5,-6,-7,-5,-10,-3,-13,-5,-17,-4,-18,-1,-18,1,-20,1,-18"
9.522633075714111,125,"CSI,2370,128,83,49,21,0,-6,-13,-6,-13,-5,-9,-8,-7,-12,-5,-13,-7,-13,-7,-12,-2,-11,-4,-9,-9,-7,-10,-7,-7,-7,-6,-6,-6,-3,-3,-4,-2,-5,-2,-6,0,-4,2,-4,2,-6,2,-6,2,-6,3,-6,2,-7,2,-2,0,0,0,0,0,0,0,0,0,0,0,0,0,0,0,0,0,0,0,0,-2,2,-8,2,-8,4,-8,6,-7,5,-5,2,-5,1,-6,2,-7,0,-7,-2,-7,-4,-9,-3,-11,-2,-14,-1,-16,0,-18,0,-18,0,-16,0,-16,1,-19,1,-19,-1,-16,-1,-15,-1,-17,-1,-19,-1,-19,1,-20"
9.573704957962036,126,"CSI,3032,128,101,81,22,0,15,16,15,16,15,15,15,14,15,14,16,13,16,13,16,13,16,13,16,13,16,13,16,13,16,13,16,12,15,12,15,13,14,13,14,13,13,13,12,12,11,11,11,11,10,11,9,11,9,11,2,3,0,0,0,0,0,0,0,0,0,0,0,0,0,0,0,0,0,0,3,3,15,13,15,14,15,15,15,15,16,16,16,17,16,18,16,19,16,19,15,19,15,20,15,20,15,20,15,20,15,20,15,20,15,20,14,19,14,18,15,17,15,17,15,17,15,18,15,17,16,17,17,17"
9.689612865447998,127,"CSI,3033,128,101,81,22,0,-17,-5,-17,-5,-17,-5,-17,-4,-17,-3,-17,-3,-17,-3,-17,-3,-17,-3,-17,-3,-16,-3,-16,-2,-16,-2,-17,-2,-16,-2,-16,-2,-15,-3,-15,-4,-14,-4,-14,-3,-14,-3,-13,-3,-12,-4,-12,-4,-12,-4,-3,-2,0,0,0,0,0,0,0,0,0,0,0,0,0,0,0,0,0,0,-4,-1,-16,-4,-16,-4,-16,-5,-17,-5,-17,-5,-18,-6,-18,-6,-18,-7,-18,-7,-18,-7,-18,-8,-18,-8,-18,-8,-18,-8,-18,-8,-18,-8,-18,-8,-18,-7,-18,-7,-18,-6,-18,-6,-18,-6,-18,-6,-18,-6,-18,-5,-19,-5"
9.725386142730713,128,"CSI,2379,128,83,49,21,0,-1,-7,0,-6,-1,-7,-2,-9,-2,-12,-4,-13,-4,-14,0,-16,-2,-17,-6,-14,-4,-11,-2,-11,-3,-11,-3,-10,-1,-6,-1,-2,-3,-1,-4,-2,-5,-2,-6,0,-5,1,-5,1,-7,2,-7,1,-6,0,-2,0,0,0,0,0,0,0,0,0,0,0,0,0,0,0,0,0,0,0,0,-3,3,-10,3,-9,4,-7,6,-4,5,-2,3,-3,3,-5,2,-4,0,-4,-2,-7,-3,-10,-4,-12,-1,-15,2,-18,2,-19,0,-18,2,-16,6,-15,6,-17,4,-15,4,-15,4,-18,6,-18,7,-16,6,-16,6,-18"
9.800245761871338,129,"CSI,3034,128,101,81,22,0,8,-21,7,-22,7,-21,7,-21,7,-21,7,-21,6,-21,5,-21,5,-21,5,-21,4,-21,5,-21,5,-21,5,-21,6,-20,6,-20,6,-19,6,-19,6,-18,7,-17,7,-16,7,-16,7,-15,7,-14,7,-13,1,-4,0,0,0,0,0,0,0,0,0,0,0,0,0,0,0,0,0,0,1,-5,5,-20,6,-21,6,-21,7,-22,8,-22,8,-23,8,-23,9,-24,10,-23,11,-23,11,-23,11,-23,11,-23,11,-23,11,-23,11,-23,10,-23,10,-22,10,-22,10,-22,10,-22,9,-22,8,-22,9,-22,9,-22,9,-23"
9.832129955291748,130,"CSI,2382,128,83,49,21,0,-7,-9,-7,-6,-9,-4,-9,-6,-7,-8,-7,-6,-10,-7,-10,-10,-10,-10,-12,-6,-14,-4,-14,-6,-10,-6,-7,-5,-6,-5,-4,-3,-2,2,-2,4,-2,2,-3,1,-4,2,-4,4,-3,3,-2,4,0,4,0,1,0,0,0,0,0,0,0,0,0,0,0,0,0,0,0,0,0,0,0,-2,2,-8,1,-9,2,-8,3,-7,0,-6,-3,-6,-2,-7,-2,-6,-4,-6,-5,-7,-6,-7,-8,-8,-11,-10,-12,-12,-10,-15,-8,-15,-7,-15,-9,-17,-11,-16,-10,-16,-7,-15,-5,-15,-6,-15,-7,-14,-9,-13,-12,-13"
9.920952796936035,131,"CSI,3035,128,101,81,22,0,-20,0,-20,0,-20,0,-20,1,-20,1,-20,2,-19,1,-19,2,-19,2,-19,2,-19,2,-18,2,-18,2,-19,2,-19,2,-18,2,-18,1,-17,0,-16,0,-16,0,-16,0,-15,0,-15,-1,-14,-1,-13,-2,-4,-1,0,0,0,0,0,0,0,0,0,0,0,0,0,0,0,0,0,0,-5,0,-19,1,-19,1,-20,0,-21,0,-21,0,-22,-1,-22,-1,-23,-2,-23,-2,-23,-2,-23,-3,-23,-4,-23,-4,-23,-4,-22,-3,-23,-3,-22,-3,-22,-3,-22,-2,-22,-1,-22,-1,-22,-1,-21,-1,-22,-1,-22,-1,-23,0"
9.95186996459961,132,"CSI,2386,128,83,49,21,0,-12,1,-10,3,-9,4,-8,6,-8,8,-10,9,-12,11,-11,16,-8,15,-7,13,-10,11,-9,7,-8,3,-7,3,-7,2,-5,1,-1,0,-1,-1,-2,-1,-2,1,1,3,3,5,3,4,2,4,1,7,0,2,0,0,0,0,0,0,0,0,0,0,0,0,0,0,0,0,0,0,-2,-2,-7,-8,-6,-8,-6,-8,-5,-7,-5,-7,-6,-5,-6,-2,-5,-2,-4,0,-4,1,-7,2,-10,5,-11,4,-14,1,-17,-2,-18,-5,-15,-5,-13,-5,-14,-6,-18,-6,-20,-6,-16,-5,-15,-3,-16,-3,-16,-3,-17,-2"
10.022366046905518,133,"CSI,2705,128,-117,-78,40,0,15,15,16,15,16,15,16,14,16,13,16,12,16,13,16,13,16,12,16,12,16,12,16,12,16,11,16,11,16,11,15,12,14,12,14,12,13,12,12,11,12,10,11,10,11,10,10,10,9,10,2,2,0,0,0,0,0,0,0,0,0,0,0,0,0,0,0,0,0,0,3,3,15,13,15,14,15,14,15,15,16,16,16,17,16,18,16,19,16,19,16,19,15,19,15,20,15,20,15,20,15,19,15,19,15,19,15,18,15,17,15,17,15,17,16,17,16,17,16,16,16,16,16,17"
10.05295181274414,134,"CSI,3036,128,101,81,22,0,-2,13,-1,13,-1,12,-1,12,-1,12,0,12,0,12,0,12,0,12,1,12,1,12,1,12,1,11,1,11,1,11,0,11,0,11,0,11,0,10,0,10,0,9,0,9,-1,9,-1,8,-1,8,-1,2,0,0,0,0,0,0,0,0,0,0,0,0,0,0,0,0,0,0,-1,2,-2,11,-2,11,-2,12,-3,12,-3,12,-3,13,-3,14,-3,14,-4,14,-4,14,-4,14,-4,14,-4,14,-4,14,-4,13,-4,13,-3,13,-3,13,-3,13,-3,13,-3,13,-2,13,-2,13,-2,13,-2,12,-2,12"
10.083498001098633,135,"CSI,2390,128,83,49,21,0,9,-5,7,-7,4,-9,2,-10,2,-10,0,-12,2,-13,4,-11,3,-10,3,-10,2,-10,0,-10,3,-9,5,-8,5,-8,4,-8,2,-5,-1,-2,-1,-1,-1,-3,-4,-2,-6,-1,-7,-2,-7,-2,-5,-4,-1,-2,0,0,0,0,0,0,0,0,0,0,0,0,0,0,0,0,0,0,1,0,7,3,6,4,5,5,6,5,5,2,4,0,5,1,5,0,3,-3,3,-6,6,-5,10,-5,15,-6,17,-8,17,-8,17,-6,16,-3,17,-2,18,-2,18,-4,16,-5,16,-4,16,-4,14,-5,13,-5,14,-5"
10.11683702468872,136,"CSI,2208,128,-5,-79,31,0,2,-24,2,-24,1,-24,2,-23,2,-23,1,-22,0,-23,-1,-23,-1,-23,-1,-23,-1,-23,-1,-23,0,-22,0,-22,0,-21,1,-21,1,-21,1,-21,1,-20,2,-18,2,-17,2,-17,3,-16,3,-16,3,-15,0,-4,0,0,0,0,0,0,0,0,0,0,0,0,0,0,0,0,0,0,-1,-6,-1,-22,0,-22,0,-23,1,-24,1,-25,1,-26,2,-26,2,-27,3,-27,4,-27,4,-27,4,-27,5,-27,5,-27,5,-26,5,-26,4,-26,4,-26,4,-25,4,-25,3,-25,3,-25,2,-25,2,-25,2,-25,2,-26"
10.147295951843262,137,"CSI,3024,128,83,49,21,0,-5,8,-1,6,2,5,2,3,0,3,1,0,1,-1,-2,-2,0,-3,3,-4,4,-6,6,-10,6,-11,3,-9,2,-8,2,-9,1,-8,1,-7,2,-3,0,-1,-2,1,-4,1,-6,3,-6,5,-7,7,-2,1,0,0,0,0,0,0,0,0,0,0,0,0,0,0,0,0,0,0,0,-1,2,-1,1,0,1,-1,2,-5,2,-7,1,-7,0,-5,-1,-5,-1,-7,0,-8,2,-7,1,-6,0,-6,0,-6,-1,-3,-3,0,-3,-1,-4,-1,-4,1,-4,3,-4,7,-5,11,-4,13,-4,13,-6,12,-6,11"
10.177937030792236,138,"CSI,2394,128,83,49,21,0,-11,-4,-9,-2,-7,2,-8,5,-8,6,-8,7,-8,5,-5,1,-6,2,-9,6,-9,8,-10,9,-10,9,-8,8,-5,6,-1,6,1,4,2,1,2,-1,2,0,3,0,5,-4,6,-4,6,-2,6,-2,1,-1,0,0,0,0,0,0,0,0,0,0,0,0,0,0,0,0,0,0,1,-3,4,-9,5,-6,6,-5,5,-5,3,-3,1,-1,0,-2,-1,-3,-3,-4,-5,-5,-9,-5,-11,-6,-13,-8,-14,-11,-13,-10,-14,-11,-13,-14,-11,-13,-11,-12,-14,-12,-16,-11,-16,-8,-16,-8,-15,-11,-12,-11,-11,-9"
10.21675992012024,139,"CSI,3037,128,101,81,22,0,-8,-24,-8,-24,-9,-24,-9,-23,-8,-22,-9,-22,-10,-22,-10,-22,-10,-22,-10,-22,-10,-22,-10,-22,-10,-21,-10,-21,-9,-21,-8,-21,-8,-21,-8,-21,-7,-20,-6,-19,-6,-18,-5,-18,-5,-17,-4,-17,-4,-17,-1,-5,0,0,0,0,0,0,0,0,0,0,0,0,0,0,0,0,0,0,-3,-6,-9,-21,-9,-22,-9,-23,-8,-24,-9,-25,-9,-26,-9,-27,-8,-27,-7,-27,-6,-28,-6,-28,-6,-29,-6,-29,-6,-28,-6,-28,-6,-28,-6,-28,-6,-27,-6,-26,-7,-26,-7,-26,-8,-26,-8,-26,-8,-26,-8,-26,-9,-26"
10.247459888458252,140,"CSI,2398,128,83,49,21,0,-12,0,-11,1,-7,3,-8,6,-8,8,-6,10,-7,10,-14,10,-15,12,-11,13,-7,11,-6,9,-6,7,-6,5,-6,3,-3,2,0,0,2,0,2,0,4,-1,5,1,4,1,4,-1,5,1,6,3,1,1,0,0,0,0,0,0,0,0,0,0,0,0,0,0,0,0,0,0,-2,-3,-6,-10,-7,-8,-7,-6,-6,-7,-3,-8,-1,-7,-2,-3,-4,0,-6,0,-7,1,-9,3,-11,3,-14,2,-18,0,-21,-1,-18,-3,-17,-2,-17,0,-16,-2,-18,-5,-20,-6,-18,-4,-16,-4,-15,-6,-16,-5,-18,-2"
10.277652978897095,141,"CSI,3038,128,101,81,22,0,22,10,22,9,22,8,22,8,22,7,22,7,22,7,22,7,22,7,21,6,21,6,21,6,21,6,22,5,22,6,21,6,20,7,19,8,18,8,17,7,17,7,16,7,15,7,14,7,13,8,3,2,0,0,0,0,0,0,0,0,0,0,0,0,0,0,0,0,0,0,5,1,22,6,22,6,22,7,23,7,24,8,24,9,24,10,25,11,25,11,25,12,25,12,24,13,24,13,24,13,24,13,24,13,23,12,23,12,23,11,23,11,23,10,23,11,23,11,23,10,24,10,25,10"
10.337599039077759,142,"CSI,2402,128,83,49,21,0,5,4,4,-1,5,-5,7,-8,7,-8,8,-8,9,-7,7,-6,9,-8,13,-9,13,-6,11,-4,9,-5,7,-5,4,-2,2,0,1,-1,-1,-2,-3,-2,-4,-4,-5,-5,-7,-5,-7,-5,-6,-3,-6,-2,-2,-1,0,0,0,0,0,0,0,0,0,0,0,0,0,0,0,0,0,0,0,1,3,7,2,9,1,9,1,5,1,2,2,3,3,3,4,1,3,0,4,2,8,4,12,3,14,3,13,6,13,9,13,9,14,8,13,8,12,8,12,8,11,8,13,10,16,10,16,9,14,8,14,6"
10.373679876327515,143,"CSI,3039,128,101,81,22,0,19,-10,19,-10,19,-11,19,-11,19,-11,18,-12,17,-11,17,-12,17,-12,17,-12,16,-12,16,-12,16,-12,17,-11,17,-11,17,-11,16,-10,15,-9,15,-9,15,-8,15,-8,14,-7,14,-7,14,-6,13,-5,3,-2,0,0,0,0,0,0,0,0,0,0,0,0,0,0,0,0,0,0,4,-3,18,-11,18,-11,19,-11,20,-11,21,-11,21,-11,21,-11,22,-10,23,-10,24,-10,24,-9,23,-9,23,-9,23,-9,23,-9,23,-8,22,-9,22,-9,22,-9,22,-10,22,-10,21,-10,20,-10,21,-10,21,-10,22,-11"
10.403988122940063,144,"CSI,1117,128,77,-47,20,0,-7,-2,-6,0,-6,3,-4,4,-1,6,1,9,0,12,0,12,-1,10,-4,8,-9,8,-11,6,-9,3,-7,1,-6,2,-5,0,-2,-2,1,0,3,0,4,-1,4,-2,3,-2,3,-1,3,0,5,2,1,0,0,0,0,0,0,0,0,0,0,0,0,0,0,0,0,0,0,0,-1,-3,-3,-10,-4,-9,-2,-10,0,-10,-1,-7,-2,-6,-2,-5,-2,-5,-5,-5,-8,-3,-10,-2,-12,-4,-14,-5,-12,-5,-11,-7,-15,-11,-16,-15,-14,-16,-15,-12,-15,-6,-15,-5,-15,-7,-15,-8,-14,-8,-12,-5,-13,-3"
10.442864894866943,145,"CSI,2406,128,83,49,21,0,-5,-6,-6,-4,-7,-4,-7,-2,-9,-1,-11,0,-11,-3,-12,-6,-14,-5,-14,-4,-12,-3,-9,-3,-5,-3,-2,-5,-2,-3,-2,-1,-4,-1,-4,0,-3,2,-3,3,-2,4,-2,6,-3,5,-3,4,-1,5,0,1,0,0,0,0,0,0,0,0,0,0,0,0,0,0,0,0,0,0,-1,-2,-2,-7,0,-7,0,-9,2,-8,2,-7,0,-5,0,-5,0,-5,-1,-4,-1,-4,-4,-5,-7,-6,-7,-8,-7,-12,-9,-16,-9,-18,-9,-17,-8,-15,-7,-16,-6,-16,-6,-17,-6,-19,-5,-18,-7,-16,-8,-17,-7,-17"
10.479566812515259,146,"CSI,3040,128,101,81,22,0,13,-15,13,-15,13,-15,13,-15,13,-15,12,-15,11,-15,10,-15,10,-15,10,-16,10,-16,10,-16,10,-15,10,-15,11,-15,11,-14,10,-14,10,-13,10,-12,10,-12,10,-11,10,-11,10,-10,10,-9,9,-9,2,-3,0,0,0,0,0,0,0,0,0,0,0,0,0,0,0,0,0,0,3,-4,12,-14,12,-14,13,-15,14,-15,14,-15,15,-15,15,-15,16,-15,16,-15,17,-15,17,-15,17,-15,17,-15,17,-14,17,-14,17,-14,16,-14,16,-14,16,-14,16,-15,15,-15,15,-15,14,-15,14,-15,15,-15,15,-15"
10.542561769485474,147,"CSI,2410,128,83,49,21,0,-5,-8,-3,-5,-5,-1,-6,0,-9,2,-12,5,-14,5,-14,0,-16,-2,-15,3,-13,4,-12,3,-11,1,-9,-1,-7,-3,-7,-4,-5,-2,1,0,4,1,3,3,2,4,5,3,7,3,6,4,3,3,0,0,0,0,0,0,0,0,0,0,0,0,0,0,0,0,0,0,0,0,1,-1,8,-2,9,-1,8,-1,7,-1,6,1,5,-1,5,-4,4,-3,2,-4,0,-7,0,-9,0,-11,-1,-13,1,-15,1,-17,1,-17,3,-15,4,-13,1,-15,-2,-15,-3,-13,-3,-14,1,-17,4,-16,2,-13,-1,-12"
10.589359998703003,148,"CSI,3041,128,101,81,22,0,-23,1,-22,2,-22,2,-22,2,-22,3,-21,3,-21,3,-21,4,-21,4,-20,4,-20,4,-20,4,-20,4,-20,4,-20,4,-20,4,-19,3,-18,2,-18,2,-17,2,-17,2,-16,2,-16,1,-16,1,-15,0,-4,0,0,0,0,0,0,0,0,0,0,0,0,0,0,0,0,0,0,0,-6,0,-22,1,-22,1,-22,1,-23,1,-24,0,-24,0,-25,-1,-25,-1,-26,-1,-26,-2,-26,-2,-25,-3,-25,-3,-25,-3,-25,-2,-25,-2,-25,-2,-24,-2,-25,-1,-25,0,-24,0,-24,0,-23,0,-24,0,-24,0,-25,0"
10.644490957260132,149,"CSI,2415,128,83,49,21,0,0,8,4,5,6,5,8,3,9,1,11,0,12,-2,11,-6,8,-5,8,-2,9,0,8,4,7,5,8,3,7,1,4,1,0,-1,-2,-3,-2,-3,-1,-2,-1,-2,-3,-4,-4,-5,-3,-7,-2,-7,-1,-2,0,0,0,0,0,0,0,0,0,0,0,0,0,0,0,0,0,0,-2,0,-9,3,-9,2,-9,1,-9,-1,-8,-1,-9,1,-7,3,-3,4,-1,6,-1,8,-2,10,-1,11,0,12,-1,16,-4,20,-8,20,-10,18,-9,16,-8,14,-5,13,-3,13,-3,11,-1,9,-1,10,-2,12,-3,10"
10.695931911468506,150,"CSI,3042,128,101,81,22,0,16,14,16,14,16,14,16,13,16,12,16,11,17,11,17,11,17,11,17,11,17,11,16,10,17,10,17,9,17,9,16,10,15,10,15,10,14,10,13,9,13,9,12,9,12,8,11,9,10,9,2,2,0,0,0,0,0,0,0,0,0,0,0,0,0,0,0,0,0,0,3,3,13,14,13,14,13,15,14,16,14,16,15,17,15,18,15,19,15,19,14,19,14,19,14,20,14,20,14,19,14,19,14,19,14,18,14,18,15,17,15,16,15,16,15,16,16,16,16,16,16,15,15,16"
10.748522996902466,151,"CSI,2419,128,83,49,21,0,2,-6,1,-7,0,-8,-3,-8,-7,-9,-7,-10,-9,-8,-14,-6,-11,-6,-7,-6,-7,-7,-6,-8,-5,-10,-3,-10,-2,-8,-2,-5,-3,-2,-4,2,-1,3,0,1,-2,0,-4,3,-4,3,-5,2,-6,3,-2,0,0,0,0,0,0,0,0,0,0,0,0,0,0,0,0,0,0,0,1,-2,6,-7,8,-5,9,-4,8,-2,5,0,4,0,4,-3,3,-5,2,-6,1,-6,1,-8,2,-10,2,-10,4,-12,6,-15,5,-16,5,-16,7,-14,9,-12,9,-13,9,-14,9,-16,9,-16,9,-14,7,-11,4,-12"
10.81447982788086,152,"CSI,3043,128,101,81,22,0,-4,-23,-5,-22,-5,-22,-5,-22,-5,-21,-5,-21,-6,-21,-6,-21,-6,-21,-7,-21,-7,-21,-7,-21,-7,-20,-7,-20,-6,-19,-5,-20,-5,-20,-5,-19,-4,-19,-3,-18,-3,-17,-3,-16,-2,-16,-2,-15,-1,-15,-1,-4,0,0,0,0,0,0,0,0,0,0,0,0,0,0,0,0,0,0,-2,-5,-6,-20,-6,-21,-5,-22,-5,-23,-5,-23,-5,-24,-5,-25,-4,-26,-3,-26,-3,-26,-2,-26,-2,-27,-2,-27,-2,-26,-2,-26,-2,-25,-2,-25,-2,-25,-2,-24,-3,-24,-3,-24,-4,-24,-4,-24,-4,-24,-4,-24,-5,-25"
10.849114894866943,153,"CSI,2422,128,83,49,21,0,-5,2,-5,2,-5,5,-3,8,-2,8,-6,9,-7,9,-3,8,-5,7,-9,6,-8,5,-9,3,-9,3,-7,1,-7,1,-5,2,-2,1,0,2,1,3,1,3,0,4,0,6,2,6,2,6,1,5,0,1,0,0,0,0,0,0,0,0,0,0,0,0,0,0,0,0,0,0,-3,0,-9,0,-10,-2,-9,-2,-6,-2,-4,-1,-3,-2,-4,-3,-6,-1,-5,3,-4,4,-6,4,-8,4,-11,6,-13,8,-13,9,-14,9,-14,5,-14,3,-13,3,-15,3,-17,4,-17,3,-17,0,-17,-2,-18,-1,-16,2"
10.922301054000854,154,"CSI,3044,128,101,81,22,0,4,-20,4,-20,3,-20,3,-19,3,-19,3,-19,2,-19,1,-19,1,-19,1,-19,1,-19,1,-19,1,-19,1,-18,2,-18,2,-18,2,-18,2,-17,3,-16,3,-15,3,-15,3,-14,4,-13,4,-13,4,-12,1,-3,0,0,0,0,0,0,0,0,0,0,0,0,0,0,0,0,0,0,0,-5,2,-19,3,-19,3,-20,4,-20,4,-21,4,-21,5,-22,5,-22,6,-22,7,-22,7,-22,7,-22,7,-22,7,-22,7,-22,7,-21,6,-21,6,-21,6,-21,6,-21,6,-21,5,-21,4,-21,4,-21,5,-21,5,-22"
11.035693883895874,155,"CSI,3045,128,101,81,22,0,16,-3,16,-3,16,-4,16,-4,16,-5,16,-5,15,-5,15,-5,15,-5,15,-5,14,-5,14,-5,14,-5,15,-5,15,-5,15,-5,14,-4,13,-4,13,-3,13,-3,12,-3,12,-3,12,-2,11,-2,11,-1,2,-1,0,0,0,0,0,0,0,0,0,0,0,0,0,0,0,0,0,0,3,-1,15,-4,15,-4,16,-4,16,-4,17,-3,17,-3,18,-3,18,-3,19,-3,19,-2,19,-1,19,-1,19,-1,18,-1,18,-1,18,-1,18,-1,18,-1,18,-2,18,-3,18,-3,17,-3,17,-3,17,-3,18,-3,18,-4"
11.066202878952026,156,"CSI,2431,128,83,49,21,0,-2,4,-1,2,3,2,8,3,10,5,10,5,8,6,6,8,8,6,12,4,12,3,10,2,8,4,5,6,2,6,1,4,2,2,1,-1,-2,-4,-4,-4,-3,-4,-2,-5,-3,-7,-4,-8,-4,-6,-1,-2,0,0,0,0,0,0,0,0,0,0,0,0,0,0,0,0,0,0,-2,-1,-6,-5,-4,-6,-2,-6,-3,-6,-5,-7,-4,-7,-4,-3,-4,-2,-4,0,-5,4,-6,7,-8,6,-12,6,-12,8,-12,9,-11,10,-10,11,-10,10,-10,8,-9,7,-10,8,-14,8,-14,8,-11,7,-8,6,-6,6"
11.099601984024048,157,"CSI,2709,128,-117,-78,40,0,20,-8,20,-8,20,-9,20,-9,20,-10,19,-10,18,-10,18,-10,18,-10,18,-10,17,-10,17,-10,17,-10,17,-10,18,-10,17,-10,17,-9,16,-8,16,-7,16,-7,15,-7,15,-6,15,-6,14,-5,13,-4,3,-1,0,0,0,0,0,0,0,0,0,0,0,0,0,0,0,0,0,0,4,-3,18,-9,19,-9,20,-9,21,-9,22,-9,22,-8,23,-8,23,-8,24,-8,25,-7,25,-7,24,-6,24,-6,24,-6,24,-6,24,-6,23,-6,23,-7,23,-7,23,-8,22,-8,22,-8,21,-8,21,-8,22,-8,23,-8"
11.155757904052734,158,"CSI,3046,128,101,81,22,0,-13,5,-13,5,-13,5,-13,5,-12,6,-12,6,-12,6,-11,5,-11,6,-11,6,-11,6,-11,6,-11,6,-11,7,-11,7,-11,6,-11,6,-11,5,-10,5,-10,5,-9,5,-9,4,-9,4,-9,4,-9,3,-3,0,0,0,0,0,0,0,0,0,0,0,0,0,0,0,0,0,0,0,-3,1,-12,4,-13,4,-13,4,-14,4,-14,4,-15,4,-15,3,-15,3,-15,3,-16,3,-16,3,-16,3,-16,2,-16,2,-16,3,-15,3,-15,3,-15,3,-15,4,-15,4,-14,4,-14,4,-14,4,-14,5,-14,5,-14,5"
11.260953903198242,159,"CSI,3047,128,101,81,22,0,2,-23,1,-23,1,-23,2,-22,2,-22,1,-22,0,-22,0,-22,0,-22,-1,-22,-1,-22,-1,-22,-1,-21,-1,-21,0,-20,1,-20,1,-20,1,-19,1,-19,2,-18,2,-17,2,-16,3,-15,3,-15,3,-15,0,-4,0,0,0,0,0,0,0,0,0,0,0,0,0,0,0,0,0,0,0,-6,0,-21,0,-22,1,-23,1,-23,2,-24,2,-25,2,-25,3,-26,4,-26,5,-26,5,-26,5,-26,5,-26,5,-26,5,-25,5,-25,4,-25,4,-25,5,-24,4,-24,4,-24,3,-24,2,-24,3,-24,3,-24,3,-25"
11.368104934692383,160,"CSI,3048,128,101,81,22,0,8,15,8,15,8,14,8,14,8,13,8,13,8,13,9,13,9,13,9,13,9,13,9,13,9,12,9,12,9,12,8,12,8,12,7,12,7,12,6,11,6,10,5,10,5,10,4,10,4,10,1,2,0,0,0,0,0,0,0,0,0,0,0,0,0,0,0,0,0,0,2,3,8,12,8,13,8,14,8,14,8,15,8,15,8,16,8,17,8,17,7,17,7,18,7,18,7,18,7,18,7,17,7,17,7,17,7,17,7,16,7,16,7,16,8,16,8,16,8,16,8,16,9,16"
11.464267015457153,161,"CSI,2447,128,83,49,21,0,1,-4,-2,-3,-4,-4,-5,-5,-10,-6,-13,-6,-15,-5,-16,0,-15,0,-12,-6,-12,-7,-12,-7,-10,-7,-7,-5,-5,-3,-5,-4,-3,-4,0,-1,0,1,0,2,1,2,1,3,1,5,1,6,0,6,0,1,0,0,0,0,0,0,0,0,0,0,0,0,0,0,0,0,0,0,0,1,4,4,5,4,5,6,3,6,2,5,1,3,1,0,3,-3,3,-3,2,-3,1,-5,4,-9,11,-9,14,-8,13,-8,11,-8,13,-9,13,-11,11,-14,11,-13,9,-13,7,-12,7,-14,9,-15,10,-13,9,-10"
11.498229742050171,162,"CSI,3049,128,101,81,22,0,20,-9,19,-9,20,-9,20,-10,19,-10,19,-10,18,-10,17,-10,17,-11,17,-11,16,-11,16,-11,17,-11,17,-11,17,-11,17,-10,16,-9,16,-8,16,-8,15,-8,15,-8,14,-7,14,-7,14,-6,13,-5,3,-2,0,0,0,0,0,0,0,0,0,0,0,0,0,0,0,0,0,0,4,-3,19,-9,19,-9,20,-9,21,-9,22,-8,22,-8,23,-7,23,-7,24,-7,25,-7,25,-7,24,-6,24,-6,24,-6,24,-6,24,-6,23,-6,23,-7,23,-7,23,-8,23,-8,22,-8,21,-8,22,-8,22,-8,23,-8"
11.566534996032715,163,"CSI,2450,128,83,49,21,0,0,-7,-2,-6,-5,-4,-7,-2,-9,-1,-11,-1,-11,-4,-10,-7,-9,-7,-9,-6,-11,-5,-11,-7,-11,-7,-8,-5,-4,-4,-1,-3,0,-4,-1,0,0,4,-1,3,0,3,2,4,4,4,2,4,0,5,0,1,0,0,0,0,0,0,0,0,0,0,0,0,0,0,0,0,0,0,1,-1,6,-2,8,0,9,5,8,6,7,3,5,1,4,-1,4,-4,3,-5,2,-6,4,-8,5,-10,4,-10,4,-10,7,-11,9,-13,9,-14,9,-13,10,-14,10,-17,8,-16,6,-15,5,-15,5,-17,6,-17,8,-15"
11.627274990081787,164,"CSI,3050,128,101,81,22,0,18,-13,17,-13,18,-13,18,-13,18,-13,17,-14,16,-14,15,-14,15,-14,15,-15,14,-15,14,-15,15,-14,15,-14,15,-14,15,-13,14,-13,14,-12,14,-11,14,-11,14,-10,13,-10,13,-9,13,-8,12,-8,3,-2,0,0,0,0,0,0,0,0,0,0,0,0,0,0,0,0,0,0,4,-4,17,-13,17,-13,18,-13,19,-13,19,-14,20,-13,20,-13,21,-13,22,-13,23,-13,23,-13,22,-12,22,-12,22,-12,22,-12,22,-11,21,-11,21,-12,21,-12,21,-12,21,-13,20,-13,19,-13,19,-13,20,-13,20,-13"
11.66802191734314,165,"CSI,2455,128,83,49,21,0,6,6,5,3,1,-1,2,-4,5,-7,2,-10,3,-13,7,-15,8,-14,7,-14,6,-14,3,-13,4,-12,6,-10,6,-7,3,-3,-1,-1,-3,-1,-4,-1,-6,0,-5,0,-3,0,-4,-2,-5,-2,-7,0,-2,0,0,0,0,0,0,0,0,0,0,0,0,0,0,0,0,0,0,0,-2,1,-6,7,-8,5,-9,4,-9,3,-10,0,-8,-1,-3,3,0,4,0,4,2,4,4,3,6,5,7,7,8,9,9,12,9,13,8,13,7,13,9,11,13,11,17,13,18,12,16,10,13,10,11,11,11,9"
11.70622181892395,166,"CSI,3051,128,101,81,22,0,7,21,7,20,7,20,8,19,7,19,8,18,9,18,9,18,9,18,9,18,9,18,9,18,9,17,9,17,9,17,8,17,8,17,8,17,7,16,6,15,5,14,5,14,5,14,4,13,4,13,1,3,0,0,0,0,0,0,0,0,0,0,0,0,0,0,0,0,0,0,1,4,7,19,7,20,6,20,6,21,7,22,7,23,7,24,6,24,6,24,5,25,4,25,4,25,4,25,4,25,4,25,4,24,5,24,5,24,5,23,5,22,6,22,6,22,7,22,6,22,7,22,7,23"
11.827961921691895,167,"CSI,3052,128,101,81,22,0,-6,-23,-6,-22,-6,-22,-6,-21,-6,-21,-7,-20,-7,-20,-8,-20,-8,-20,-8,-21,-8,-21,-8,-20,-8,-20,-8,-19,-7,-19,-6,-19,-6,-19,-6,-19,-5,-18,-5,-17,-4,-16,-4,-16,-3,-15,-2,-15,-2,-15,-1,-4,0,0,0,0,0,0,0,0,0,0,0,0,0,0,0,0,0,0,-2,-5,-8,-20,-7,-21,-7,-22,-7,-23,-7,-23,-7,-24,-7,-25,-7,-26,-6,-26,-5,-26,-4,-26,-4,-27,-4,-27,-4,-26,-4,-26,-4,-26,-4,-25,-4,-25,-4,-24,-5,-24,-5,-24,-5,-24,-6,-24,-6,-24,-6,-24,-7,-25"
11.874104976654053,168,"CSI,2462,128,83,49,21,0,3,-6,-1,-4,-4,-3,-6,-2,-8,-1,-10,0,-11,0,-11,-1,-12,-5,-14,-9,-14,-9,-13,-8,-11,-5,-9,-3,-7,-2,-5,-2,-3,-2,-1,-2,-1,-1,0,0,1,3,2,4,3,4,5,6,5,6,1,1,0,0,0,0,0,0,0,0,0,0,0,0,0,0,0,0,0,0,1,0,5,4,4,6,4,8,4,6,3,5,3,5,0,4,-1,1,2,-2,5,-4,5,-4,4,-5,5,-7,6,-10,8,-13,10,-13,12,-12,14,-11,15,-11,13,-12,11,-13,9,-13,10,-11,10,-10,8,-11,6,-12"
11.95267391204834,169,"CSI,3053,128,101,81,22,0,20,-9,19,-9,20,-9,20,-10,19,-10,18,-11,18,-11,18,-11,17,-11,17,-11,17,-11,16,-11,17,-11,17,-11,17,-10,17,-10,16,-9,15,-8,15,-8,15,-8,15,-7,14,-7,14,-6,13,-5,13,-5,3,-1,0,0,0,0,0,0,0,0,0,0,0,0,0,0,0,0,0,0,4,-3,19,-10,19,-10,20,-10,21,-10,21,-10,22,-9,22,-9,23,-9,24,-9,25,-9,24,-8,24,-7,24,-7,24,-7,24,-7,24,-7,23,-7,23,-7,23,-8,23,-8,22,-9,22,-9,21,-8,21,-8,22,-9,22,-9"
11.982735872268677,170,"CSI,2467,128,83,49,21,0,5,-5,1,-4,-1,-6,-2,-8,-5,-9,-8,-10,-6,-12,-2,-14,-3,-14,-4,-13,-4,-13,-3,-11,-3,-8,-2,-8,-1,-8,-1,-6,-1,-5,-2,-3,-2,0,-2,2,-3,4,-4,4,-3,2,-4,2,-4,4,-1,1,0,0,0,0,0,0,0,0,0,0,0,0,0,0,0,0,0,0,1,-1,7,-2,8,0,6,2,5,2,6,2,6,2,6,3,3,1,1,-2,2,-5,3,-8,4,-9,7,-9,9,-9,12,-10,11,-9,10,-8,10,-9,12,-10,14,-9,15,-11,14,-11,12,-11,12,-12,12,-12,14,-12"
12.043891906738281,171,"CSI,3054,128,101,81,22,0,6,23,7,23,7,23,7,22,7,21,8,21,8,21,9,21,9,21,9,21,9,21,8,21,8,20,8,19,8,19,7,20,7,20,7,19,6,19,5,17,5,16,4,16,3,16,3,15,3,15,0,3,0,0,0,0,0,0,0,0,0,0,0,0,0,0,0,0,0,0,2,5,8,21,8,22,7,23,7,23,7,24,7,25,7,27,7,27,6,27,5,27,5,28,4,29,4,29,4,28,4,27,4,27,5,27,5,27,5,26,5,25,5,25,6,25,6,25,6,25,6,25,7,26"
12.12723684310913,172,"CSI,2713,128,-117,-78,40,0,-17,-16,-17,-16,-18,-15,-17,-14,-17,-13,-17,-13,-17,-13,-18,-13,-18,-13,-18,-13,-18,-13,-17,-12,-17,-12,-17,-12,-17,-11,-16,-12,-16,-12,-15,-13,-15,-12,-14,-11,-13,-11,-13,-11,-12,-11,-11,-11,-10,-11,-3,-3,0,0,0,0,0,0,0,0,0,0,0,0,0,0,0,0,0,0,-5,-4,-17,-14,-17,-15,-17,-16,-17,-16,-17,-17,-18,-18,-18,-19,-18,-19,-18,-20,-18,-20,-17,-21,-17,-21,-16,-22,-16,-21,-17,-21,-17,-20,-17,-20,-17,-19,-17,-18,-17,-18,-17,-17,-17,-18,-17,-18,-17,-18,-18,-17,-19,-17"
12.166908979415894,173,"CSI,3055,128,101,81,22,0,16,-9,15,-10,15,-10,15,-10,15,-10,15,-10,14,-11,13,-11,13,-11,13,-11,13,-11,13,-11,13,-11,13,-10,14,-10,13,-10,13,-9,12,-9,12,-8,12,-8,12,-7,11,-7,11,-6,11,-6,11,-5,2,-2,0,0,0,0,0,0,0,0,0,0,0,0,0,0,0,0,0,0,3,-3,14,-10,15,-10,15,-10,16,-11,17,-11,17,-10,18,-10,18,-10,19,-10,20,-10,20,-9,19,-9,19,-9,19,-8,19,-8,19,-8,18,-8,18,-9,18,-9,18,-9,18,-10,17,-10,17,-9,17,-9,17,-9,18,-10"
12.197916984558105,174,"CSI,2475,128,83,49,21,0,-10,0,-4,0,0,4,1,8,0,10,0,9,-2,9,-6,9,-5,12,-4,15,-5,15,-4,14,-3,11,-4,8,-6,8,-7,6,-5,2,-1,-1,0,-3,0,-3,2,-2,3,-1,3,-1,3,-3,3,-3,0,-1,0,0,0,0,0,0,0,0,0,0,0,0,0,0,0,0,0,0,1,-2,2,-7,1,-8,2,-7,2,-8,1,-8,-1,-7,-3,-6,-3,-3,-2,-2,-1,-3,-4,-5,-7,-3,-8,-2,-11,-5,-13,-8,-15,-10,-15,-10,-15,-7,-16,-4,-16,-5,-14,-8,-17,-7,-21,-5,-20,-5,-17,-5,-14,-4"
12.268976926803589,175,"CSI,3056,128,101,81,22,0,5,12,5,12,5,12,5,11,5,11,6,10,6,11,7,11,6,10,6,10,6,10,6,10,6,10,6,10,6,9,6,10,6,10,5,10,5,9,5,9,4,8,4,8,3,8,3,8,3,8,0,2,0,0,0,0,0,0,0,0,0,0,0,0,0,0,0,0,0,0,1,2,5,11,5,11,4,12,4,12,4,13,5,13,5,14,5,14,4,14,4,14,3,15,3,15,3,15,3,15,3,14,4,14,4,14,4,14,4,14,4,13,4,13,5,13,5,13,5,13,5,12,4,13"
12.300887823104858,176,"CSI,2479,128,83,49,21,0,-6,-6,-8,-1,-7,2,-5,5,-4,7,-2,10,-1,14,-3,17,-3,15,-2,13,-5,13,-8,11,-8,8,-6,7,-6,7,-5,5,-2,3,-1,4,-1,4,1,1,4,-1,4,-1,3,0,4,0,6,-1,1,-1,0,0,0,0,0,0,0,0,0,0,0,0,0,0,0,0,0,0,0,-2,1,-7,2,-9,4,-7,6,-4,5,-3,3,-4,2,-4,2,-2,1,0,-3,-1,-7,-2,-11,-4,-14,-6,-13,-8,-13,-9,-13,-11,-12,-12,-12,-12,-15,-14,-16,-14,-16,-11,-16,-9,-16,-8,-16,-8,-16,-8,-18,-6"
12.396727800369263,177,"CSI,3057,128,101,81,22,0,-21,-9,-21,-9,-21,-8,-21,-7,-21,-7,-20,-6,-21,-6,-21,-6,-21,-6,-20,-6,-20,-6,-20,-6,-20,-6,-20,-5,-20,-5,-19,-6,-18,-7,-18,-7,-17,-7,-16,-6,-16,-6,-15,-7,-14,-7,-14,-7,-13,-7,-4,-2,0,0,0,0,0,0,0,0,0,0,0,0,0,0,0,0,0,0,-6,-2,-21,-6,-21,-6,-22,-7,-22,-8,-23,-8,-23,-9,-24,-10,-24,-10,-24,-10,-24,-11,-24,-12,-23,-13,-23,-13,-23,-13,-23,-13,-23,-12,-23,-12,-22,-12,-22,-11,-22,-10,-23,-10,-22,-10,-22,-10,-22,-10,-23,-10,-23,-9"
12.48825979232788,178,"CSI,2486,128,83,49,21,0,-4,3,0,5,2,3,5,3,8,7,7,10,7,7,8,3,7,4,5,6,3,6,2,9,2,11,1,8,3,5,5,4,3,2,2,0,0,-3,-1,-2,-1,-1,-2,-1,-1,-2,1,-5,1,-7,0,-2,0,0,0,0,0,0,0,0,0,0,0,0,0,0,0,0,0,0,-3,-2,-12,-8,-11,-7,-10,-7,-7,-9,-4,-7,-3,-4,-4,-2,-5,0,-5,0,-3,2,-4,5,-7,7,-8,7,-10,6,-14,8,-15,8,-14,8,-13,9,-13,7,-14,6,-14,8,-13,9,-14,8,-13,9,-12,10,-11,10"
12.519630908966064,179,"CSI,3058,128,101,81,22,0,13,17,13,17,14,17,14,16,13,15,14,15,14,15,14,15,14,15,14,15,14,15,14,14,14,14,14,13,13,13,13,14,12,15,12,14,11,14,10,13,9,12,9,12,8,12,7,12,7,12,1,3,0,0,0,0,0,0,0,0,0,0,0,0,0,0,0,0,0,0,3,3,14,14,14,15,14,16,14,16,15,17,15,18,15,20,15,20,14,20,14,20,13,21,13,22,13,22,13,22,13,21,13,21,13,21,13,20,13,19,13,19,13,19,13,19,14,19,14,19,14,19,15,19"
12.552000045776367,180,"CSI,3120,128,83,49,21,0,2,-12,0,-10,-1,-7,-2,-4,-4,-2,-6,-4,-6,-5,-4,-4,-7,-1,-11,2,-13,1,-15,0,-13,1,-12,-1,-11,-3,-8,-2,-6,-1,-5,-1,-7,0,-6,2,-2,3,-2,3,-1,5,-1,8,-3,7,-1,1,0,0,0,0,0,0,0,0,0,0,0,0,0,0,0,0,0,0,1,0,3,3,3,4,2,2,2,1,3,1,4,2,4,4,5,6,6,5,6,3,6,4,6,5,6,4,4,5,2,5,1,1,1,-1,1,-2,0,-4,-2,-7,-2,-11,1,-13,3,-12,2,-12,1,-14,-1,-17"
12.61533498764038,181,"CSI,3059,128,101,81,22,0,11,-17,10,-17,10,-17,10,-16,10,-16,10,-17,9,-17,8,-17,8,-17,8,-17,7,-17,7,-17,7,-16,8,-16,8,-16,8,-16,8,-15,8,-14,8,-14,8,-13,8,-12,8,-12,8,-11,8,-10,8,-10,1,-3,0,0,0,0,0,0,0,0,0,0,0,0,0,0,0,0,0,0,2,-4,9,-16,10,-17,10,-17,11,-17,12,-18,12,-18,12,-18,13,-18,14,-18,15,-18,15,-18,14,-18,14,-18,15,-18,14,-17,14,-17,14,-17,13,-17,14,-17,13,-17,13,-17,12,-17,12,-17,12,-17,12,-17,12,-18"
12.694101095199585,182,"CSI,2494,128,83,49,21,0,-7,0,-7,1,-8,3,-7,8,-6,12,-6,12,-5,13,-4,15,-6,13,-6,10,-4,9,-4,9,-4,9,-3,7,-3,4,-4,2,-4,4,-2,5,0,5,0,2,1,-1,1,0,3,-1,4,-2,3,0,0,0,0,0,0,0,0,0,0,0,0,0,0,0,0,0,0,0,0,0,-1,-3,-4,-9,-5,-10,-4,-11,-2,-10,1,-7,2,-5,1,-4,0,-2,-2,-1,-4,0,-7,0,-10,1,-13,3,-13,0,-14,-3,-17,-6,-18,-7,-15,-8,-13,-5,-13,-3,-16,-4,-16,-5,-15,-4,-14,-4,-14,-5,-12,-5"
12.79659390449524,183,"CSI,2499,128,83,49,21,0,0,-10,0,-8,-3,-7,-8,-4,-9,-2,-8,-4,-13,-7,-15,-11,-14,-10,-11,-7,-9,-5,-9,-5,-9,-6,-5,-8,-2,-7,-1,-3,-3,0,-3,0,-2,1,-1,0,-1,0,-1,2,-1,3,-3,3,-4,4,-2,1,0,0,0,0,0,0,0,0,0,0,0,0,0,0,0,0,0,0,1,-1,8,-3,9,-3,10,-1,9,0,8,-1,6,-1,3,-3,3,-6,1,-6,1,-7,4,-11,4,-14,-1,-15,-1,-16,3,-17,3,-16,2,-13,3,-13,6,-14,8,-13,8,-13,6,-13,4,-14,3,-15,2,-15,0,-16"
12.844303846359253,184,"CSI,3061,128,101,81,22,0,-23,-11,-22,-11,-23,-10,-23,-9,-22,-9,-22,-8,-22,-8,-22,-8,-22,-8,-22,-8,-22,-8,-21,-7,-21,-7,-22,-7,-21,-7,-21,-7,-20,-8,-19,-9,-18,-8,-18,-8,-17,-7,-16,-8,-15,-8,-15,-8,-14,-8,-4,-3,0,0,0,0,0,0,0,0,0,0,0,0,0,0,0,0,0,0,-6,-3,-22,-9,-23,-9,-23,-10,-24,-11,-24,-11,-24,-12,-25,-13,-25,-14,-25,-14,-25,-14,-25,-15,-24,-16,-24,-16,-24,-16,-24,-16,-24,-15,-24,-15,-24,-15,-24,-14,-24,-13,-24,-12,-24,-13,-24,-13,-24,-13,-24,-12,-25,-12"
12.8958580493927,185,"CSI,2503,128,83,49,21,0,9,2,8,0,7,-3,7,-3,6,-3,6,-5,4,-8,3,-10,6,-9,9,-6,9,-5,6,-5,2,-4,2,-3,5,-2,5,-1,1,-1,-2,-2,-3,-2,-4,-3,-6,-3,-5,-3,-4,-4,-4,-3,-6,-2,-2,-1,0,0,0,0,0,0,0,0,0,0,0,0,0,0,0,0,0,0,-2,1,-6,7,-8,5,-9,2,-7,1,-7,1,-8,2,-4,3,0,3,0,4,0,6,5,7,9,7,10,10,8,16,5,15,5,13,6,15,8,16,9,15,7,13,5,11,6,12,7,12,8,9,10,8,9,7"
12.954093933105469,186,"CSI,3062,128,101,81,22,0,-17,18,-16,18,-16,18,-16,18,-16,18,-15,18,-14,18,-13,18,-13,18,-13,18,-13,18,-13,18,-13,17,-13,17,-14,16,-14,16,-13,16,-13,15,-13,14,-13,13,-13,12,-13,11,-13,11,-13,10,-12,9,-3,2,0,0,0,0,0,0,0,0,0,0,0,0,0,0,0,0,0,0,-4,4,-13,19,-13,19,-14,20,-15,20,-16,21,-16,21,-17,21,-18,21,-19,21,-20,21,-20,20,-20,20,-20,20,-20,19,-20,19,-20,19,-19,19,-19,19,-19,19,-19,19,-19,19,-18,19,-17,19,-17,19,-18,19,-18,20"
12.999895811080933,187,"CSI,2506,128,83,49,21,0,-3,5,-1,8,5,10,9,10,8,8,6,9,1,9,-3,5,1,6,7,9,8,9,6,8,3,7,3,6,3,3,1,1,-1,-1,0,-3,1,-4,-1,-5,-1,-4,0,-5,-1,-7,-3,-7,-4,-6,-1,-2,0,0,0,0,0,0,0,0,0,0,0,0,0,0,0,0,0,0,-1,-3,-3,-11,-3,-11,-3,-9,-1,-7,-1,-6,-1,-5,1,-2,1,-2,0,-3,-3,1,-7,3,-9,5,-10,8,-13,8,-16,4,-17,2,-16,3,-13,5,-14,7,-16,9,-16,8,-16,5,-18,6,-19,8,-15,6,-14,1"
13.065032005310059,188,"CSI,3063,128,101,81,22,0,10,19,11,18,11,18,11,17,11,17,11,16,12,16,12,16,12,16,12,16,12,16,12,15,12,15,12,15,11,14,11,15,10,15,10,15,9,14,8,13,7,13,7,12,7,12,6,12,6,12,1,3,0,0,0,0,0,0,0,0,0,0,0,0,0,0,0,0,0,0,2,4,11,16,11,17,11,18,11,18,11,19,11,21,11,22,11,22,11,22,10,22,10,23,10,23,10,23,9,23,9,23,9,22,9,22,9,22,10,21,10,20,10,20,11,20,11,20,11,20,11,20,12,21"
13.169987916946411,189,"CSI,2717,128,-117,-78,40,0,7,-21,7,-21,7,-21,7,-20,7,-20,6,-20,5,-20,5,-20,4,-20,4,-20,4,-20,4,-20,4,-20,4,-19,5,-19,5,-18,5,-18,5,-18,5,-17,5,-16,5,-15,5,-15,6,-14,6,-13,6,-13,1,-3,0,0,0,0,0,0,0,0,0,0,0,0,0,0,0,0,0,0,1,-5,6,-20,7,-20,7,-21,8,-22,9,-22,9,-23,9,-23,10,-23,11,-23,12,-23,12,-23,12,-23,12,-23,12,-23,12,-23,11,-22,11,-22,10,-22,10,-22,10,-22,10,-22,9,-22,8,-21,8,-21,9,-21,10,-22"
13.200900793075562,190,"CSI,3064,128,101,81,22,0,16,15,16,15,17,14,17,13,17,12,16,12,17,12,17,12,17,12,17,12,17,12,16,11,16,11,16,11,16,11,15,11,14,12,14,12,13,12,12,11,11,10,11,10,11,10,10,10,9,10,2,2,0,0,0,0,0,0,0,0,0,0,0,0,0,0,0,0,0,0,4,2,18,11,18,12,18,13,18,13,19,14,19,15,19,16,19,17,19,17,19,18,18,18,18,19,18,19,18,19,18,19,18,18,17,18,17,18,17,17,17,16,18,16,18,16,18,16,18,16,18,16,20,16"
13.297776937484741,191,"CSI,3065,128,101,81,22,0,-10,-23,-11,-23,-11,-22,-11,-21,-11,-20,-11,-20,-12,-20,-12,-20,-12,-20,-13,-20,-13,-20,-12,-20,-12,-19,-12,-19,-12,-18,-11,-18,-10,-19,-10,-19,-9,-18,-8,-17,-8,-16,-7,-16,-7,-15,-6,-15,-6,-15,-2,-4,0,0,0,0,0,0,0,0,0,0,0,0,0,0,0,0,0,0,-3,-5,-12,-20,-12,-21,-11,-22,-11,-23,-11,-24,-11,-25,-12,-26,-11,-27,-11,-27,-10,-27,-10,-28,-10,-28,-9,-28,-9,-28,-9,-27,-9,-27,-9,-27,-9,-26,-9,-25,-10,-25,-10,-25,-10,-25,-11,-25,-11,-24,-11,-24,-12,-25"
13.323889017105103,192,"CSI,2519,128,83,49,21,0,5,7,6,4,5,3,6,3,10,2,11,0,9,-1,4,0,4,2,9,4,10,2,9,2,9,3,7,5,4,4,3,1,3,-1,3,-2,1,-4,-1,-5,0,-5,1,-4,1,-6,0,-6,0,-7,0,-2,0,0,0,0,0,0,0,0,0,0,0,0,0,0,0,0,0,0,-1,2,-3,7,-5,6,-6,4,-7,2,-7,1,-7,-1,-6,0,-4,0,0,1,1,4,2,7,2,8,3,9,6,12,8,16,6,18,3,15,1,13,1,14,2,16,2,17,1,15,3,14,1,12,0,11,3,11"
13.402320861816406,193,"CSI,3066,128,101,81,22,0,21,9,21,8,22,8,22,7,22,6,21,6,21,6,21,6,21,6,21,6,20,5,20,5,20,5,21,5,20,5,20,6,19,6,18,7,17,7,16,6,16,6,15,6,14,6,14,6,13,7,3,1,0,0,0,0,0,0,0,0,0,0,0,0,0,0,0,0,0,0,5,1,22,5,22,6,22,7,23,7,24,8,24,9,25,10,25,10,25,11,25,11,25,12,24,13,24,13,24,13,24,12,24,12,24,12,23,12,23,11,23,10,23,10,23,10,23,10,23,10,24,9,25,9"
13.515982866287231,194,"CSI,2527,128,83,49,21,0,-6,-7,-5,-7,-6,-6,-7,-5,-8,-5,-11,-4,-11,-4,-6,-8,-6,-10,-9,-8,-10,-6,-10,-6,-9,-7,-7,-8,-4,-6,-3,-2,-2,0,-3,1,-3,1,-1,2,-1,2,-1,3,-1,5,-1,4,-1,4,-1,1,0,0,0,0,0,0,0,0,0,0,0,0,0,0,0,0,0,0,1,-2,8,-6,9,-7,9,-5,9,-3,8,-3,6,-1,6,-2,3,-3,0,-4,-1,-7,-1,-10,-2,-11,-1,-12,0,-15,2,-19,4,-21,4,-20,6,-18,6,-16,5,-14,6,-14,5,-14,3,-15,0,-16,0,-13,-1,-11"
13.546583890914917,195,"CSI,1123,128,75,-79,20,0,-10,4,-6,4,-4,3,-4,4,-4,6,-5,8,-7,13,-8,16,-6,14,-5,9,-5,9,-4,10,-4,10,-4,7,-3,4,-3,2,-5,2,-5,3,-1,3,1,4,0,2,2,1,3,0,3,0,4,0,1,0,0,0,0,0,0,0,0,0,0,0,0,0,0,0,0,0,0,0,-2,-1,-6,-6,-3,-10,-3,-11,-2,-9,-1,-8,-1,-6,-3,-4,-4,-1,-2,4,-3,4,-9,3,-13,2,-17,1,-19,0,-20,-3,-19,-6,-18,-5,-17,-3,-15,-4,-14,-6,-15,-5,-17,-3,-17,-1,-14,0,-12,-1,-10,0"
13.585594892501831,196,"CSI,3067,128,101,81,22,0,-23,-9,-23,-9,-24,-8,-23,-7,-23,-6,-23,-6,-23,-6,-23,-6,-23,-6,-22,-5,-22,-5,-22,-5,-22,-5,-22,-4,-22,-4,-21,-5,-20,-6,-20,-6,-19,-6,-18,-6,-18,-5,-17,-5,-16,-5,-15,-6,-15,-6,-4,-2,0,0,0,0,0,0,0,0,0,0,0,0,0,0,0,0,0,0,-6,-2,-22,-8,-23,-9,-23,-10,-24,-10,-24,-11,-25,-12,-25,-12,-25,-13,-25,-13,-26,-13,-25,-14,-25,-15,-25,-15,-25,-15,-25,-14,-25,-14,-24,-14,-24,-13,-24,-12,-24,-11,-24,-11,-24,-11,-24,-11,-24,-10,-25,-10,-25,-10"
13.630874872207642,197,"CSI,3068,128,101,81,22,0,1,-25,1,-25,0,-24,1,-24,1,-23,0,-23,-1,-23,-1,-23,-1,-23,-2,-24,-2,-23,-2,-23,-2,-23,-1,-22,0,-22,0,-22,0,-21,0,-21,1,-20,1,-19,2,-18,2,-17,2,-16,3,-16,3,-15,0,-4,0,0,0,0,0,0,0,0,0,0,0,0,0,0,0,0,0,0,-1,-6,-2,-23,-1,-24,-1,-25,0,-25,0,-26,0,-27,0,-28,1,-28,2,-28,3,-29,4,-29,4,-29,4,-29,4,-28,4,-28,4,-28,3,-27,3,-27,3,-27,3,-26,3,-26,2,-26,1,-26,2,-26,2,-26,2,-27"
13.7187180519104,198,"CSI,2535,128,83,49,21,0,1,9,1,9,0,8,0,6,3,6,5,9,6,12,9,16,10,14,7,10,4,8,2,8,1,9,2,9,2,8,1,4,-1,1,0,0,2,-1,2,-2,1,-1,1,-1,1,-3,4,-5,6,-7,1,-2,0,0,0,0,0,0,0,0,0,0,0,0,0,0,0,0,0,0,-3,-1,-10,-4,-10,-5,-8,-6,-6,-6,-3,-6,-2,-5,-4,-3,-6,1,-7,6,-8,7,-6,6,-6,7,-9,9,-11,10,-13,10,-14,9,-15,9,-15,10,-14,9,-11,10,-10,12,-14,13,-16,10,-15,8,-12,9,-8,10"
13.757951974868774,199,"CSI,3069,128,101,81,22,0,-9,-23,-10,-23,-10,-23,-10,-22,-10,-21,-10,-21,-11,-21,-12,-21,-11,-21,-11,-21,-11,-21,-11,-20,-11,-20,-11,-19,-11,-19,-10,-19,-9,-20,-9,-19,-8,-19,-7,-18,-7,-17,-6,-16,-6,-16,-5,-15,-5,-15,-1,-4,0,0,0,0,0,0,0,0,0,0,0,0,0,0,0,0,0,0,-3,-5,-11,-21,-11,-21,-11,-22,-11,-23,-11,-24,-11,-25,-11,-26,-11,-27,-10,-27,-9,-27,-9,-28,-9,-28,-8,-28,-8,-28,-8,-28,-8,-27,-9,-27,-9,-27,-9,-26,-9,-25,-9,-25,-9,-25,-10,-25,-10,-25,-10,-25,-11,-25"
13.822401762008667,200,"CSI,2539,128,83,49,21,0,8,-4,5,-6,5,-6,7,-9,6,-11,6,-10,8,-13,9,-18,6,-17,5,-12,7,-9,10,-7,9,-6,8,-6,7,-3,6,0,4,0,0,-1,-2,-2,-3,-4,-3,-5,-4,-5,-5,-5,-6,-6,-6,-7,-2,-2,0,0,0,0,0,0,0,0,0,0,0,0,0,0,0,0,0,0,1,-1,6,-3,6,-1,8,1,8,0,5,0,3,1,3,1,2,-1,2,-2,2,-5,4,-8,7,-7,9,-7,11,-11,13,-12,12,-9,13,-5,14,-4,14,-3,15,-3,18,-1,16,1,15,1,17,-1,19,-4,19,-6"
13.862168788909912,201,"CSI,3070,128,101,81,22,0,-22,-12,-22,-12,-22,-11,-22,-10,-21,-10,-21,-9,-21,-9,-21,-9,-21,-9,-21,-9,-21,-9,-21,-8,-21,-8,-21,-7,-21,-7,-20,-8,-19,-9,-18,-9,-18,-9,-17,-8,-16,-8,-15,-8,-15,-8,-14,-8,-14,-9,-4,-3,0,0,0,0,0,0,0,0,0,0,0,0,0,0,0,0,0,0,-6,-3,-22,-10,-22,-11,-22,-11,-23,-12,-24,-12,-24,-13,-24,-14,-24,-15,-24,-15,-24,-16,-24,-16,-24,-17,-23,-18,-23,-17,-23,-17,-23,-16,-23,-16,-23,-16,-22,-15,-23,-14,-23,-14,-23,-14,-23,-14,-23,-14,-24,-13,-24,-13"
13.920537948608398,202,"CSI,2543,128,83,49,21,0,5,-2,4,-4,3,-8,3,-11,3,-13,3,-14,5,-13,9,-10,8,-11,3,-13,3,-14,3,-13,3,-10,4,-7,5,-7,3,-7,3,-5,1,-3,-1,-2,-1,-3,-2,-1,-3,1,-6,0,-8,-1,-9,-1,-3,-1,0,0,0,0,0,0,0,0,0,0,0,0,0,0,0,0,0,0,1,2,5,8,6,8,5,7,2,6,1,6,0,6,1,6,2,5,1,2,4,0,9,-2,11,-2,13,-1,13,-1,14,1,15,4,15,6,15,4,15,2,14,2,13,3,16,2,19,-1,19,-1,15,0,12,-1"
13.988955020904541,203,"CSI,3071,128,101,81,22,0,9,-17,9,-17,8,-17,9,-17,9,-17,8,-17,7,-17,7,-17,7,-17,6,-17,6,-17,6,-17,6,-17,6,-16,7,-16,7,-16,7,-15,7,-15,7,-14,7,-13,7,-13,7,-12,7,-11,7,-11,6,-10,1,-3,0,0,0,0,0,0,0,0,0,0,0,0,0,0,0,0,0,0,2,-5,8,-17,8,-17,9,-18,9,-18,10,-18,10,-19,11,-19,12,-19,13,-19,13,-19,13,-19,13,-19,13,-19,13,-19,13,-18,12,-18,12,-18,12,-18,12,-18,12,-17,11,-18,11,-18,10,-18,10,-18,10,-18,10,-19"
14.022884845733643,204,"CSI,2546,128,83,49,21,0,-1,7,3,7,6,7,7,9,7,9,9,7,10,4,10,3,7,6,4,10,3,10,3,10,3,10,2,7,1,6,1,5,0,4,0,2,1,-1,3,-4,2,-4,1,-2,3,-3,5,-5,4,-3,0,-1,0,0,0,0,0,0,0,0,0,0,0,0,0,0,0,0,0,0,-3,1,-10,4,-11,4,-11,2,-10,1,-8,0,-7,0,-5,0,-2,2,-2,3,-3,4,-2,8,-3,10,-5,10,-6,12,-5,14,-6,15,-8,14,-8,13,-8,14,-7,13,-6,13,-6,15,-7,15,-8,14,-8,14,-8,15"
14.12775993347168,205,"CSI,2551,128,83,49,21,0,-7,-9,-6,-7,-5,-5,-6,-2,-8,1,-10,3,-15,2,-22,0,-20,2,-16,3,-14,2,-11,1,-10,0,-10,0,-8,-1,-7,-3,-5,-3,-4,-1,-2,0,-1,1,-1,2,1,3,2,4,1,4,0,4,0,1,0,0,0,0,0,0,0,0,0,0,0,0,0,0,0,0,0,0,2,-1,8,-3,8,-4,9,-4,7,-1,3,1,1,-3,0,-8,0,-7,2,-5,0,-7,-5,-11,-4,-13,-2,-13,-2,-13,-1,-15,-1,-16,0,-17,2,-15,1,-14,-2,-16,-3,-16,-2,-17,-2,-18,-5,-18,-5,-16,-5,-15"
14.229910850524902,206,"CSI,2554,128,83,49,21,0,7,-7,4,-6,0,-7,-5,-9,-7,-10,-6,-12,-6,-11,-7,-8,-5,-10,-6,-13,-6,-13,-6,-13,-4,-9,-1,-7,-2,-8,-3,-6,-2,-3,-1,-3,0,-2,-2,0,-3,1,-3,1,-4,3,-6,4,-8,3,-3,0,0,0,0,0,0,0,0,0,0,0,0,0,0,0,0,0,0,0,2,0,8,1,9,3,9,4,6,4,3,4,2,2,2,-1,2,-5,1,-6,2,-5,5,-5,6,-7,6,-10,7,-10,9,-10,14,-9,16,-7,14,-8,14,-11,15,-12,15,-13,13,-13,14,-12,13,-10,10,-11,8,-12"
14.330614805221558,207,"CSI,2559,128,83,49,21,0,-2,10,1,11,4,10,5,7,6,7,7,8,10,8,15,8,14,9,9,9,7,8,7,7,6,7,3,6,1,6,2,5,3,2,3,1,2,-1,3,-1,5,0,3,-3,1,-4,1,-4,2,-5,0,-2,0,0,0,0,0,0,0,0,0,0,0,0,0,0,0,0,0,0,-2,1,-9,4,-10,1,-11,-2,-10,-3,-6,-1,-3,0,-3,-1,-3,2,-2,5,-3,7,-2,9,1,10,0,13,-4,16,-6,15,-6,14,-7,15,-9,14,-11,12,-11,14,-10,15,-11,15,-10,15,-8,13,-9,12,-8,12"
14.432783842086792,208,"CSI,2562,128,83,49,21,0,10,-1,9,0,7,-2,8,-5,10,-8,10,-7,16,-6,21,-9,16,-12,10,-12,10,-9,11,-6,9,-2,8,1,7,2,6,3,4,2,2,-1,1,-2,1,-1,-1,-3,-3,-6,-3,-7,-2,-7,-1,-6,-1,-2,0,0,0,0,0,0,0,0,0,0,0,0,0,0,0,0,0,0,1,0,7,3,7,4,5,5,4,5,4,4,4,3,2,1,2,-1,4,-2,6,-4,10,-6,12,-8,12,-8,12,-6,13,-1,14,0,17,-2,16,-1,15,0,17,2,18,5,19,7,19,7,16,6,15,3,16,-1"
14.539721012115479,209,"CSI,2566,128,83,49,21,0,-13,-2,-11,-1,-9,0,-8,1,-11,2,-13,5,-17,7,-21,6,-19,7,-16,9,-14,8,-13,5,-13,3,-12,1,-10,-1,-7,-2,-5,-1,-3,1,-2,1,-1,2,0,4,0,5,1,4,2,3,3,2,0,0,0,0,0,0,0,0,0,0,0,0,0,0,0,0,0,0,0,0,-1,-2,-2,-9,-2,-10,-1,-10,1,-10,4,-8,3,-4,-1,-1,-4,-1,-5,-2,-6,-4,-8,-3,-11,-2,-14,-6,-15,-12,-15,-13,-14,-13,-14,-14,-16,-13,-17,-12,-14,-12,-12,-14,-13,-13,-13,-12,-16,-12,-18,-11,-16,-8"
14.636420965194702,210,"CSI,2571,128,83,49,21,0,9,5,11,3,11,4,10,2,10,0,11,-1,13,1,16,7,16,4,15,0,14,-1,12,-1,10,-1,8,-1,7,0,4,0,1,-1,1,-2,2,-2,1,-2,0,-2,-1,-4,-4,-5,-2,-5,1,-4,0,-1,0,0,0,0,0,0,0,0,0,0,0,0,0,0,0,0,0,0,-2,1,-6,5,-8,4,-9,3,-8,2,-7,2,-5,2,-3,0,-1,0,2,3,2,6,2,6,3,8,6,13,6,16,5,17,5,18,4,17,3,15,4,16,4,17,3,14,2,13,2,14,4,14,4,13,4,9"
14.74330186843872,211,"CSI,2575,128,83,49,21,0,-2,-12,-1,-9,-4,-8,-7,-7,-8,-6,-9,-6,-7,-8,-4,-10,-7,-10,-11,-10,-10,-12,-8,-11,-8,-7,-7,-7,-7,-8,-5,-6,-1,-4,-2,-4,-5,-3,-5,-2,-3,0,-3,2,-2,2,-3,2,-4,1,-2,0,0,0,0,0,0,0,0,0,0,0,0,0,0,0,0,0,0,0,1,-2,8,-6,8,-5,7,-3,4,0,3,0,3,-2,1,-3,-1,-4,-2,-6,-3,-9,-4,-11,-4,-13,-4,-15,-2,-15,0,-13,0,-14,3,-16,5,-17,3,-18,2,-17,4,-17,5,-17,3,-16,3,-15,1,-15,-3,-13"
14.94586992263794,212,"CSI,2582,128,83,49,21,0,-2,9,1,8,4,7,6,7,6,6,10,3,11,4,8,3,8,4,10,6,12,4,12,3,11,4,9,6,7,4,4,0,3,-3,2,-3,2,-3,1,-3,0,-2,-2,-2,-3,-4,-2,-5,0,-6,0,-2,0,0,0,0,0,0,0,0,0,0,0,0,0,0,0,0,0,0,-4,0,-13,-2,-12,-4,-10,-4,-8,-4,-5,-3,-3,-1,-3,1,-3,2,-2,3,-2,6,-1,10,-1,12,-1,12,-3,10,-5,12,-6,15,-8,16,-9,14,-11,14,-12,14,-10,15,-7,17,-5,17,-4,16,-3,17,-5,20"
15.047024965286255,213,"CSI,2587,128,83,49,21,0,5,7,5,4,5,-1,4,-5,3,-6,7,-7,13,-9,18,-7,18,-8,14,-10,10,-8,10,-7,10,-5,8,-2,6,-2,2,-3,2,-4,1,-3,0,0,-1,0,-3,-2,-6,-1,-6,-2,-7,-4,-6,-3,-2,-1,0,0,0,0,0,0,0,0,0,0,0,0,0,0,0,0,0,0,-1,1,-5,5,-7,6,-7,7,-8,6,-7,4,-6,3,-3,3,0,2,2,4,2,4,4,6,7,10,9,11,10,11,9,12,9,12,8,13,7,14,9,13,10,14,10,14,10,13,9,11,10,10,9,9,7,7"
15.151432991027832,214,"CSI,2590,128,83,49,21,0,-13,6,-10,7,-6,7,-4,7,-2,9,-1,11,-1,10,-1,7,-2,7,-2,10,-2,13,-3,13,-3,10,-2,5,-2,4,-2,5,0,4,1,1,2,0,2,-1,1,-2,2,-3,4,-2,5,-2,7,-4,2,-1,0,0,0,0,0,0,0,0,0,0,0,0,0,0,0,0,0,0,-2,-1,-7,-5,-6,-7,-6,-9,-3,-10,-1,-11,-1,-10,-1,-7,-3,-3,-6,0,-8,2,-9,4,-12,5,-15,4,-16,2,-18,1,-19,1,-18,0,-18,-1,-18,0,-18,2,-19,0,-19,-1,-18,1,-16,1,-15,1,-18,1"
15.197435855865479,215,"CSI,1124,128,77,-47,20,0,-1,7,2,5,6,5,7,4,5,2,6,1,10,4,13,4,14,4,12,6,9,7,5,6,4,6,3,6,2,5,2,5,1,4,2,1,3,-1,3,-1,2,-1,2,-4,2,-5,4,-6,6,-9,1,-3,0,0,0,0,0,0,0,0,0,0,0,0,0,0,0,0,0,0,-2,2,-7,11,-7,11,-6,7,-6,3,-7,0,-6,0,-3,3,1,5,1,4,0,3,1,7,2,13,2,16,1,18,-1,18,-2,18,-1,18,-1,18,-2,17,-3,15,-3,14,-1,15,-1,16,-1,15,0,15,3,17"
15.225805759429932,216,"CSI,1125,128,77,-47,20,0,10,-2,8,-3,3,-4,-1,-4,-5,-6,-6,-11,-7,-12,-10,-8,-10,-9,-5,-11,-2,-10,-4,-10,-6,-9,-6,-8,-4,-8,-3,-6,-3,-4,-1,-1,-1,1,-2,0,-1,1,0,3,-2,4,-1,4,2,3,1,0,0,0,0,0,0,0,0,0,0,0,0,0,0,0,0,0,0,0,-4,1,-15,4,-11,2,-9,0,-8,-2,-7,-2,-6,1,-6,1,-3,-1,3,1,8,7,9,11,9,11,9,11,9,12,10,13,10,11,10,10,9,11,10,10,14,9,16,7,16,8,15,7,15,5,15,4,14,4"
15.35771894454956,217,"CSI,2598,128,83,49,21,0,1,-12,-4,-10,-4,-7,-7,-8,-12,-11,-11,-13,-10,-12,-13,-9,-11,-8,-7,-7,-6,-8,-5,-12,-4,-15,-4,-12,-5,-9,-6,-8,-4,-4,-1,-1,-2,0,-2,1,0,2,-1,3,-3,2,-5,1,-7,0,-2,0,0,0,0,0,0,0,0,0,0,0,0,0,0,0,0,0,0,0,2,-2,11,-8,12,-6,11,-3,9,-2,7,-2,4,-2,1,-3,-1,-4,-2,-4,-1,-8,1,-12,2,-13,1,-15,1,-16,2,-15,3,-16,7,-19,9,-19,8,-18,7,-15,8,-16,7,-18,5,-15,4,-14,4,-15,6,-15"
15.456827878952026,218,"CSI,2602,128,83,49,21,0,11,0,9,0,8,-1,8,-3,9,-4,12,-5,18,-6,20,-5,17,-5,16,-4,15,-4,13,-4,12,-3,11,-2,9,-4,6,-2,6,0,5,-2,3,-3,1,-4,0,-5,-1,-6,-1,-5,-1,-6,0,-6,0,-2,0,0,0,0,0,0,0,0,0,0,0,0,0,0,0,0,0,0,1,2,3,9,-1,11,-2,11,-1,8,-2,4,-2,4,-1,4,0,3,2,2,4,2,8,2,12,4,15,6,15,8,14,9,14,10,14,12,14,14,14,13,15,10,14,9,12,10,11,8,11,8,14,9,16,8"
15.56045389175415,219,"CSI,2607,128,83,49,21,0,12,3,11,1,9,-1,8,-3,9,-6,11,-8,13,-8,15,-13,14,-14,12,-11,12,-9,12,-9,12,-9,11,-8,10,-6,8,-4,6,-3,2,-3,-1,-3,-3,-4,-4,-5,-4,-6,-5,-6,-5,-6,-4,-5,-1,-1,0,0,0,0,0,0,0,0,0,0,0,0,0,0,0,0,0,0,-2,2,-7,8,-9,6,-10,5,-8,6,-7,3,-7,1,-5,2,-3,5,2,6,7,6,8,6,7,6,9,7,14,10,15,16,12,20,7,19,5,18,5,18,6,18,10,17,12,17,10,16,9,13,11,10,14,10"
15.624766111373901,220,"CSI,1126,128,75,-79,20,0,-5,9,-3,10,1,8,3,8,3,11,4,14,5,11,1,7,-1,7,2,10,5,12,5,11,4,11,2,12,2,9,2,4,1,3,0,4,1,3,3,0,3,-3,3,-4,4,-5,5,-5,7,-4,2,-1,0,0,0,0,0,0,0,0,0,0,0,0,0,0,0,0,0,0,-2,-2,-9,-6,-9,-10,-8,-11,-7,-9,-4,-7,-3,-3,-3,-2,-3,0,-3,2,-5,3,-6,6,-7,9,-11,10,-16,8,-17,6,-17,5,-19,6,-20,8,-21,6,-19,5,-17,7,-17,8,-15,5,-15,5,-16,8,-14,7"
15.663367986679077,221,"CSI,2610,128,83,49,21,0,8,-6,6,-8,3,-10,1,-9,0,-11,-3,-14,-6,-14,-10,-14,-8,-14,-6,-15,-5,-16,-3,-14,-2,-13,-3,-12,-2,-9,-1,-7,-1,-6,-2,-4,-1,-1,-1,0,-3,1,-2,3,-3,3,-4,2,-6,1,-2,0,0,0,0,0,0,0,0,0,0,0,0,0,0,0,0,0,0,0,1,2,5,11,4,11,0,9,-2,8,-2,7,-2,6,-2,2,3,-1,7,-2,9,-2,10,-2,10,-2,13,-3,17,-3,17,-1,18,1,17,2,16,2,17,0,17,-1,17,0,17,0,16,-1,15,-2,15,-4,16,-5"
15.765643119812012,222,"CSI,2615,128,83,49,21,0,6,-10,4,-8,2,-10,2,-12,1,-11,-3,-11,-6,-11,-7,-7,-4,-11,-2,-16,-3,-14,-2,-11,-1,-9,-1,-7,-1,-7,-2,-6,-3,-4,-3,-2,0,-2,0,-3,-3,-2,-5,2,-6,4,-6,4,-5,2,-2,0,0,0,0,0,0,0,0,0,0,0,0,0,0,0,0,0,0,0,2,0,8,4,9,5,9,8,7,9,3,7,2,4,3,3,2,1,2,-2,6,-4,9,-8,12,-11,13,-11,12,-10,12,-8,14,-6,13,-6,13,-7,14,-8,18,-6,19,-3,18,-4,17,-5,17,-6,16,-8,13,-8"
15.865621089935303,223,"CSI,2619,128,83,49,21,0,2,9,3,6,6,7,9,7,11,4,12,5,15,6,19,6,16,4,12,3,11,4,10,5,11,3,11,2,7,4,5,5,5,3,5,1,4,2,3,0,4,0,3,-1,1,-4,2,-7,3,-8,1,-3,0,0,0,0,0,0,0,0,0,0,0,0,0,0,0,0,0,0,-3,2,-9,8,-9,8,-9,7,-9,5,-7,2,-6,-1,-6,-2,-4,-1,-3,2,-3,6,0,9,3,11,3,14,3,16,1,19,-1,20,-3,18,-4,17,-5,17,-4,17,-3,18,-1,18,-1,16,-2,17,-3,19,-3,21"
15.969490051269531,224,"CSI,2623,128,83,49,21,0,-6,13,-5,12,-4,12,-3,11,-2,11,0,13,1,12,5,8,5,8,0,10,-5,11,-7,12,-3,12,-2,11,-4,10,-4,8,-3,6,-1,6,2,6,3,5,2,4,2,4,4,4,4,3,3,3,0,1,0,0,0,0,0,0,0,0,0,0,0,0,0,0,0,0,0,0,-2,2,-8,10,-7,7,-8,5,-9,2,-8,1,-7,2,-5,2,-4,4,-3,6,-2,7,1,9,1,11,-1,15,-5,16,-6,17,-7,17,-7,16,-6,15,-6,16,-9,14,-12,11,-14,11,-13,13,-12,15,-10,16,-7,13"
16.071030855178833,225,"CSI,2626,128,83,49,21,0,-1,12,-1,8,1,6,3,7,5,7,9,6,9,8,4,10,6,12,10,10,12,8,11,10,10,12,7,9,6,5,5,3,4,1,3,3,1,3,1,1,4,-2,4,-3,3,-2,4,-3,5,-4,1,-2,0,0,0,0,0,0,0,0,0,0,0,0,0,0,0,0,0,0,-2,0,-7,3,-7,3,-7,3,-8,2,-8,1,-7,-1,-4,0,-4,2,-4,3,-3,5,-2,10,-1,13,-1,14,-3,15,-6,18,-6,19,-6,18,-7,18,-8,18,-7,19,-6,20,-7,18,-6,16,-3,14,-3,13,-5,15"
16.17456078529358,226,"CSI,2630,128,83,49,21,0,12,-3,8,-5,5,-7,3,-9,-1,-10,-5,-12,-3,-15,2,-14,2,-14,-2,-15,-4,-15,-3,-16,-2,-14,-2,-11,-1,-10,-2,-8,-3,-5,-1,-3,0,-2,-2,-2,-3,-3,-1,0,-3,5,-5,5,-6,4,-2,0,0,0,0,0,0,0,0,0,0,0,0,0,0,0,0,0,0,0,-2,2,-6,9,-8,10,-9,8,-8,6,-6,5,-3,6,-2,4,1,3,5,4,7,6,9,7,9,7,8,5,10,4,12,6,10,10,11,10,13,8,15,7,17,7,17,5,16,4,17,5,16,4,14,3,12,4"
16.27695083618164,227,"CSI,2634,128,83,49,21,0,16,-2,12,-2,9,-2,7,-4,4,-7,2,-8,6,-11,11,-16,9,-17,7,-17,7,-14,7,-9,7,-8,9,-8,10,-6,8,-4,6,-2,4,0,3,-1,0,-3,-2,-4,-2,-4,-4,-4,-4,-4,-5,-6,-2,-2,0,0,0,0,0,0,0,0,0,0,0,0,0,0,0,0,0,0,2,-1,9,0,10,1,9,2,8,4,8,4,8,2,7,1,6,0,5,-2,4,-3,5,-4,8,-6,10,-9,11,-10,13,-7,17,-5,20,-6,19,-6,19,-2,17,-1,15,-3,13,-4,13,-4,13,-4,12,-6,11,-7"
16.384269952774048,228,"CSI,3470,128,-118,32,8,0,-32,2,-33,1,-33,-1,-32,-2,-29,-2,-26,-2,-22,-2,-18,-1,-14,1,-11,3,-9,6,-7,10,-7,13,-9,16,-10,18,-11,18,-12,17,-14,16,-15,14,-16,12,-15,9,-14,7,-13,5,-11,3,-9,2,-3,0,0,0,0,0,0,0,0,0,0,0,0,0,0,0,0,0,0,0,-2,-5,-5,-18,-3,-17,-2,-15,-2,-14,-3,-12,-4,-12,-6,-11,-9,-12,-12,-14,-14,-17,-15,-19,-15,-21,-15,-23,-14,-25,-13,-26,-12,-25,-10,-24,-9,-23,-10,-20,-11,-17,-12,-14,-12,-10,-14,-7,-18,-3,-23,0,-27,1"
16.418624877929688,229,"CSI,3471,128,-98,96,9,0,-31,12,-31,11,-31,9,-30,8,-28,7,-24,6,-20,5,-14,5,-10,7,-6,9,-3,11,-1,15,-1,18,-2,21,-4,22,-5,22,-7,20,-9,18,-10,16,-11,14,-10,11,-9,9,-7,7,-5,7,-4,6,-1,1,0,0,0,0,0,0,0,0,0,0,0,0,0,0,0,0,0,0,-3,-5,-11,-18,-9,-18,-6,-18,-5,-17,-4,-15,-4,-13,-6,-11,-8,-10,-12,-11,-15,-11,-18,-12,-20,-14,-21,-15,-22,-18,-21,-19,-20,-20,-19,-20,-17,-20,-17,-18,-16,-16,-16,-12,-15,-7,-15,-2,-17,3,-20,6,-22,8"
16.584101915359497,230,"CSI,2647,128,83,49,21,0,5,10,6,9,7,6,8,3,8,1,8,1,10,1,13,2,15,1,15,-1,14,-2,11,-1,9,2,10,4,8,2,5,2,3,2,2,0,2,-2,0,-4,-2,-4,-2,-2,-1,-2,-1,-3,-2,-5,-1,-2,0,0,0,0,0,0,0,0,0,0,0,0,0,0,0,0,0,0,-4,0,-14,3,-11,2,-11,1,-10,-2,-6,-4,-5,-2,-5,1,-3,2,-2,1,-1,3,-1,5,-1,8,-2,14,-1,17,-2,17,-3,18,-3,17,-3,17,-4,17,-4,16,-3,15,-3,17,-3,19,-3,19,-5,20,-8,20"
16.685775995254517,231,"CSI,2650,128,83,49,21,0,12,-2,12,-2,9,-4,5,-7,3,-11,4,-12,7,-15,9,-19,7,-19,3,-17,3,-16,4,-14,5,-13,5,-10,3,-6,3,-3,2,-1,-1,0,-1,0,-3,-1,-6,-2,-4,-2,-3,-1,-5,-2,-6,-1,-2,0,0,0,0,0,0,0,0,0,0,0,0,0,0,0,0,0,0,0,1,2,4,8,4,9,3,8,2,6,2,3,1,2,0,1,2,0,3,-1,3,-1,7,-2,11,-3,12,-4,13,-3,15,0,17,2,18,5,17,7,16,4,16,1,15,1,15,1,15,2,15,0,14,-3,13,-2"
16.786101818084717,232,"CSI,2654,128,83,49,21,0,7,8,7,6,8,4,8,4,8,2,12,1,11,-1,7,-5,7,-2,11,1,13,2,11,3,8,4,8,3,7,2,6,1,4,1,2,-1,1,-2,2,-2,3,-2,1,-2,-3,-4,-4,-8,-1,-9,0,-2,0,0,0,0,0,0,0,0,0,0,0,0,0,0,0,0,0,0,-2,2,-5,9,-6,9,-6,6,-5,3,-3,1,-2,2,0,3,3,5,4,6,4,5,5,5,6,7,6,10,7,13,9,16,9,18,8,17,6,14,3,15,2,15,3,15,5,17,4,17,2,16,5,14,9,11"
16.89436388015747,233,"CSI,2659,128,83,49,21,0,-7,-10,-7,-7,-6,-6,-6,-6,-9,-7,-11,-10,-11,-8,-13,-3,-13,-3,-11,-7,-10,-9,-9,-9,-8,-10,-7,-10,-6,-7,-4,-4,-2,-3,1,-3,0,-3,-1,-2,-1,0,-1,1,-3,3,-5,5,-6,6,-2,1,0,0,0,0,0,0,0,0,0,0,0,0,0,0,0,0,0,0,0,-4,1,-13,1,-10,3,-7,2,-5,0,-3,0,-1,-1,1,-2,0,-2,-4,-4,-6,-6,-6,-6,-7,-5,-9,-5,-12,-4,-13,-4,-12,-4,-13,-2,-15,-2,-16,-3,-15,-2,-16,0,-18,0,-19,0,-18,0,-17,-3,-14"
16.99411392211914,234,"CSI,2662,128,83,49,21,0,-5,5,-4,6,0,5,4,3,6,4,7,7,8,11,7,15,9,13,10,11,9,12,7,12,5,10,4,8,3,7,1,3,0,0,1,-1,1,-3,2,-3,4,-3,3,-2,1,-2,2,-4,3,-7,0,-3,0,0,0,0,0,0,0,0,0,0,0,0,0,0,0,0,0,0,-3,-2,-10,-6,-11,-6,-10,-7,-7,-8,-5,-7,-4,-5,-1,-4,0,-4,-4,1,-6,5,-6,6,-6,8,-9,11,-11,11,-14,10,-14,10,-13,7,-14,7,-13,8,-12,8,-14,7,-14,9,-12,12,-12,13,-14,14,-15,15"
17.096258878707886,235,"CSI,2667,128,83,49,21,0,-6,-9,-5,-4,-4,1,-4,3,-4,5,-6,7,-9,4,-10,0,-8,3,-8,7,-8,10,-7,13,-6,11,-4,7,-2,4,-1,2,-1,0,-1,0,-1,0,-3,-1,-2,0,0,0,2,-2,4,-4,5,-3,1,-1,0,0,0,0,0,0,0,0,0,0,0,0,0,0,0,0,0,0,2,1,8,4,7,5,5,6,4,5,3,4,2,2,3,1,2,1,-1,2,-2,-1,-2,-5,-1,-9,1,-10,2,-13,1,-15,-2,-15,-3,-14,-1,-14,-1,-15,0,-16,0,-15,-2,-19,-4,-20,-4,-17,-5,-17,-4,-20"
17.19705080986023,236,"CSI,2671,128,83,49,21,0,8,1,5,-1,3,-4,1,-7,0,-10,1,-13,-1,-12,-6,-9,-4,-7,3,-8,5,-10,4,-10,1,-8,1,-7,2,-6,2,-2,1,-1,0,-1,-1,0,-1,1,-2,1,-4,2,-5,4,-7,5,-8,5,-2,1,0,0,0,0,0,0,0,0,0,0,0,0,0,0,0,0,0,0,0,1,-2,7,-5,9,-5,10,-6,8,-7,4,-4,2,-2,2,-1,1,2,1,4,1,7,2,9,2,12,4,13,6,14,6,14,8,13,10,12,9,13,10,13,9,13,8,15,10,14,9,13,7,12,6,12,7"
17.400078773498535,237,"CSI,0,128,-118,32,8,0,18,5,16,5,14,5,11,4,8,2,5,0,2,-2,0,-4,-2,-7,-2,-10,-3,-12,-3,-13,-2,-15,0,-16,2,-15,3,-13,3,-11,3,-8,3,-6,2,-4,0,-3,-1,-2,-3,-1,-5,-2,-6,-3,-2,-1,0,0,0,0,0,0,0,0,0,0,0,0,0,0,0,0,0,0,-2,1,-6,4,-5,4,-4,4,-3,5,-2,7,-1,8,-1,10,-1,12,-2,15,-3,16,-4,17,-5,17,-5,16,-6,15,-6,14,-5,12,-4,10,-2,9,1,7,4,6,7,4,10,3,12,2,16,2,19,2,21,3"
17.43331289291382,238,"CSI,0,128,-98,96,9,0,35,-7,31,-6,27,-4,22,-3,16,-3,9,-4,2,-5,-3,-7,-9,-11,-13,-14,-15,-17,-16,-20,-15,-23,-13,-25,-10,-26,-7,-23,-4,-20,-2,-16,0,-12,0,-9,-1,-5,-3,-1,-6,1,-9,1,-11,1,-3,0,0,0,0,0,0,0,0,0,0,0,0,0,0,0,0,0,0,0,-2,3,-8,11,-7,10,-4,10,-2,11,1,12,3,15,5,18,7,22,7,26,6,30,5,32,5,32,4,32,2,30,1,28,1,25,2,21,4,16,7,12,11,7,15,2,19,-3,23,-7,28,-9,33,-10,35,-10"
17.461200952529907,239,"CSI,2679,128,83,49,21,0,6,1,3,-2,1,-4,2,-5,4,-9,5,-14,7,-17,6,-18,4,-18,4,-14,6,-11,8,-9,8,-10,6,-10,5,-7,4,-4,1,-2,-1,-1,0,-1,-1,-2,-4,-1,-4,0,-4,1,-6,0,-9,-2,-3,-1,0,0,0,0,0,0,0,0,0,0,0,0,0,0,0,0,0,0,1,2,4,11,3,10,1,10,0,9,-1,5,-1,1,0,1,-1,2,0,2,3,0,8,-1,11,-1,12,-2,14,0,18,2,20,3,18,3,17,3,19,5,20,5,18,2,17,3,19,6,18,7,17,6,18,4"
17.506033897399902,240,"CSI,1131,128,75,-79,20,0,-7,-8,-5,-5,-5,-1,-7,5,-8,8,-9,6,-12,5,-12,5,-13,2,-14,-1,-12,1,-9,3,-9,1,-9,0,-8,1,-8,2,-6,1,-2,-1,0,-2,2,-1,4,1,3,3,4,4,5,5,4,3,1,0,0,0,0,0,0,0,0,0,0,0,0,0,0,0,0,0,0,0,1,-2,5,-5,7,-4,9,-4,10,-4,8,-4,5,-4,4,-4,3,-5,2,-6,1,-7,0,-8,-2,-10,-5,-13,-6,-16,-4,-18,-4,-18,-4,-18,-3,-20,-2,-20,-2,-18,-1,-18,-4,-21,-6,-24,-4,-24,-3,-18,-5,-15"
17.60954976081848,241,"CSI,2686,128,83,49,21,0,0,-13,-2,-11,-4,-8,-5,-6,-9,-5,-12,-7,-14,-7,-17,-6,-18,-6,-14,-7,-11,-7,-9,-9,-9,-10,-8,-5,-5,-2,-2,-5,-1,-7,-2,-6,-2,-4,0,0,0,3,-2,4,-2,5,-2,6,-4,5,-2,1,0,0,0,0,0,0,0,0,0,0,0,0,0,0,0,0,0,0,2,-1,9,-3,8,-1,9,2,8,4,5,4,5,2,4,0,3,-2,3,-5,4,-6,4,-7,3,-10,3,-12,4,-13,6,-14,7,-15,6,-15,7,-16,10,-17,10,-19,10,-18,12,-17,12,-18,9,-17,9,-15,9,-16"
17.712317943572998,242,"CSI,2691,128,83,49,21,0,3,-10,2,-8,-2,-8,-6,-7,-9,-5,-10,-3,-14,-3,-16,-3,-13,-4,-11,-6,-11,-9,-10,-12,-9,-13,-7,-12,-6,-9,-5,-5,-4,-2,-3,-2,-2,-1,-1,0,-2,0,-2,0,-1,2,-3,4,-4,6,-2,1,0,0,0,0,0,0,0,0,0,0,0,0,0,0,0,0,0,0,2,-2,11,-5,10,-6,9,-3,9,-2,8,-1,5,-1,4,-1,4,-1,5,-3,3,-6,0,-8,0,-9,0,-11,0,-14,3,-18,6,-20,8,-21,8,-20,6,-20,6,-20,5,-19,6,-16,8,-15,8,-17,5,-16,2,-11"
17.815845012664795,243,"CSI,2695,128,83,49,21,0,-3,-13,-5,-9,-6,-5,-7,-4,-8,-6,-12,-8,-13,-6,-11,-6,-14,-8,-16,-10,-14,-12,-12,-12,-10,-10,-7,-8,-6,-6,-3,-4,-3,-4,-5,-3,-4,-1,-3,0,-3,3,-2,5,-1,6,-4,6,-7,6,-2,1,0,0,0,0,0,0,0,0,0,0,0,0,0,0,0,0,0,0,0,-4,2,-13,3,-11,4,-7,5,-6,4,-6,3,-7,3,-6,2,-5,2,-6,-1,-8,-6,-8,-8,-7,-8,-7,-8,-11,-6,-15,-5,-16,-5,-18,-4,-19,-4,-20,-1,-22,1,-22,0,-19,1,-17,2,-18,0,-19,-3,-19"
18.020824909210205,244,"CSI,2703,128,83,49,21,0,-8,-10,-9,-4,-8,1,-6,5,-7,7,-8,10,-13,13,-18,12,-15,10,-11,11,-10,12,-10,11,-9,8,-10,6,-10,6,-7,5,-5,2,-3,1,-1,2,0,0,2,-2,2,-2,4,-1,5,0,6,1,1,0,0,0,0,0,0,0,0,0,0,0,0,0,0,0,0,0,0,0,1,-4,3,-13,3,-11,6,-10,8,-10,5,-8,4,-5,2,-4,0,-4,1,-6,0,-8,-4,-8,-6,-6,-8,-5,-12,-7,-13,-8,-13,-11,-15,-14,-14,-13,-14,-14,-15,-16,-14,-19,-13,-19,-13,-18,-14,-17,-14,-12,-14,-9"
18.12065601348877,245,"CSI,2707,128,83,49,21,0,7,-2,3,-4,-1,-7,-4,-7,-6,-8,-5,-12,-6,-12,-9,-10,-6,-11,-4,-15,-4,-15,-3,-12,-3,-10,-3,-10,-3,-10,-2,-8,-2,-5,-4,-3,-5,-2,-3,1,-2,0,-3,0,-6,2,-6,4,-5,5,-2,1,0,0,0,0,0,0,0,0,0,0,0,0,0,0,0,0,0,0,1,1,4,6,5,7,5,8,4,7,3,6,3,6,3,4,3,2,3,2,3,0,5,-3,7,-5,8,-9,11,-9,13,-9,16,-11,17,-10,18,-8,21,-7,23,-7,22,-9,20,-9,20,-6,20,-5,18,-5,16,-5"
18.22378706932068,246,"CSI,2711,128,83,49,21,0,7,-6,1,-5,-3,-6,-4,-8,-4,-10,-5,-10,-6,-13,-4,-17,-6,-16,-8,-12,-7,-10,-7,-13,-6,-14,-6,-13,-4,-12,-2,-9,-2,-7,-2,-6,-3,-3,-6,-1,-7,0,-6,0,-5,1,-5,3,-5,3,-2,0,0,0,0,0,0,0,0,0,0,0,0,0,0,0,0,0,0,0,1,0,7,0,7,2,7,4,8,4,8,4,6,4,7,4,7,1,6,-3,5,-4,6,-5,7,-6,7,-7,7,-9,10,-13,13,-15,16,-11,17,-9,17,-10,17,-13,15,-14,17,-11,17,-7,14,-8,13,-8,15,-9"
18.32517695426941,247,"CSI,2715,128,83,49,21,0,-3,9,0,7,4,4,7,3,9,3,11,2,12,0,12,-3,12,-1,13,3,12,6,10,6,8,5,8,2,8,2,7,2,3,1,0,-1,-1,-3,-1,-3,-1,-3,-2,-5,-2,-7,-2,-8,-2,-10,-1,-3,0,0,0,0,0,0,0,0,0,0,0,0,0,0,0,0,0,0,-3,0,-10,1,-9,-1,-9,-3,-10,-3,-11,-1,-9,-2,-8,-2,-5,2,-4,4,-4,2,-2,4,-1,9,-3,11,-6,12,-8,12,-9,11,-9,13,-9,17,-8,20,-8,21,-8,19,-8,17,-9,16,-9,17,-9,17,-10,16"
18.429929971694946,248,"CSI,2718,128,83,49,21,0,2,-7,0,-3,-2,-3,-5,-4,-8,-5,-11,-4,-13,-2,-15,-1,-13,-3,-11,-5,-12,-5,-11,-4,-10,-3,-8,-3,-8,-2,-7,-1,-5,-1,-2,0,-1,2,0,2,1,2,0,4,1,4,2,4,2,6,0,2,0,0,0,0,0,0,0,0,0,0,0,0,0,0,0,0,0,0,3,0,12,1,9,3,7,5,6,4,4,2,3,3,3,4,4,0,6,-3,6,-5,4,-7,3,-9,5,-10,7,-11,8,-13,8,-16,7,-17,8,-18,11,-19,10,-19,10,-20,12,-18,13,-17,11,-18,11,-16,9,-13"
18.457178831100464,249,"CSI,1133,128,77,-47,20,0,2,7,5,5,8,2,9,0,9,1,11,0,12,-1,10,2,11,4,13,3,14,0,12,-2,8,0,6,3,5,1,3,-1,2,-1,2,0,0,-1,-3,-3,-2,-4,-3,-5,-6,-6,-6,-7,-4,-7,-1,-2,0,0,0,0,0,0,0,0,0,0,0,0,0,0,0,0,0,0,-3,0,-10,2,-11,3,-10,1,-9,-1,-9,-1,-7,1,-4,2,-3,2,-3,3,-1,5,3,8,4,11,3,13,2,15,-1,17,-3,16,-1,15,2,18,2,21,2,20,1,21,-1,23,-3,22,-1,18,0,15,-2,16"
18.53236484527588,250,"CSI,2723,128,83,49,21,0,-7,0,-3,2,-2,5,-1,9,2,10,2,13,2,12,5,8,4,8,2,11,0,11,-1,11,-1,11,-1,8,0,5,1,6,0,6,0,2,1,-3,0,-5,1,-4,2,-3,2,-3,3,-4,4,-4,0,-1,0,0,0,0,0,0,0,0,0,0,0,0,0,0,0,0,0,0,-2,-2,-5,-8,-3,-10,-3,-11,-1,-11,0,-9,0,-6,-1,-4,-3,-4,-6,-3,-8,0,-8,0,-10,-2,-12,-2,-11,-1,-12,0,-15,0,-18,1,-19,-1,-20,-1,-21,1,-23,2,-24,0,-23,-1,-22,-2,-20,-3,-17,-1"
18.633659839630127,251,"CSI,2727,128,83,49,21,0,-7,-3,-6,2,-7,2,-8,2,-8,5,-8,8,-8,7,-6,5,-8,5,-12,6,-13,6,-13,4,-13,4,-11,5,-10,4,-9,2,-8,0,-5,-1,0,0,3,1,2,0,2,-1,3,-1,5,0,6,1,1,0,0,0,0,0,0,0,0,0,0,0,0,0,0,0,0,0,0,0,0,-3,4,-8,6,-6,6,-5,6,-5,6,-3,5,-1,5,-2,4,-5,2,-6,0,-5,-2,-7,-6,-12,-8,-15,-9,-15,-9,-14,-8,-13,-8,-13,-9,-14,-13,-16,-13,-17,-10,-18,-11,-20,-11,-20,-9,-19,-10,-19,-10,-19"
18.73235011100769,252,"CSI,2731,128,83,49,21,0,7,-3,7,-2,5,-3,3,-6,1,-9,2,-11,3,-18,2,-25,1,-20,3,-14,3,-13,3,-12,3,-12,4,-12,7,-9,7,-5,6,-2,3,-2,1,-3,-1,0,-4,4,-6,4,-6,1,-8,-1,-8,0,-3,0,0,0,0,0,0,0,0,0,0,0,0,0,0,0,0,0,0,0,1,1,3,7,2,9,1,9,0,8,0,6,2,7,2,7,4,5,5,4,6,2,10,0,13,0,11,-1,11,0,15,0,17,0,17,0,17,1,18,1,19,0,21,2,24,3,24,1,22,0,20,2,17,2"
18.83812379837036,253,"CSI,2734,128,83,49,21,0,-3,7,2,3,6,0,6,1,6,5,7,5,9,5,10,10,11,12,10,10,10,9,11,8,10,7,8,6,6,5,5,5,3,5,2,2,2,-1,0,-3,-2,-5,-3,-7,-3,-8,-3,-8,-2,-6,0,-2,0,0,0,0,0,0,0,0,0,0,0,0,0,0,0,0,0,0,-3,-1,-11,-3,-12,-5,-10,-5,-9,-6,-9,-7,-6,-4,-4,-2,-6,-2,-6,-2,-5,3,-3,5,-5,7,-7,10,-8,12,-10,11,-13,12,-13,13,-10,13,-10,16,-12,18,-13,18,-14,17,-13,16,-12,16,-14,15,-16,16"
18.940263032913208,254,"CSI,2738,128,83,49,21,0,-8,1,-5,4,-2,5,0,6,2,11,2,12,3,12,7,15,6,16,1,12,0,11,1,10,-1,10,-5,10,-5,10,-5,8,-5,5,-3,1,-1,-1,2,-2,3,-3,2,-3,4,-3,6,-4,5,-4,1,-1,0,0,0,0,0,0,0,0,0,0,0,0,0,0,0,0,0,0,-1,-3,-5,-10,-6,-11,-5,-11,-3,-9,-2,-7,-3,-6,-4,-4,-5,-4,-6,-5,-5,-5,-7,-3,-9,-2,-11,-1,-13,2,-14,3,-16,3,-18,2,-19,3,-20,4,-21,5,-21,5,-23,5,-24,3,-21,2,-17,5,-18,8"
19.04234504699707,255,"CSI,2743,128,83,49,21,0,8,-1,6,-2,4,-4,-1,-6,-6,-7,-10,-7,-11,-12,-9,-19,-10,-20,-11,-17,-9,-16,-8,-17,-6,-16,-4,-13,-1,-11,0,-11,0,-8,0,-3,0,-1,-1,0,-1,1,1,2,1,4,0,5,-1,5,-1,1,0,0,0,0,0,0,0,0,0,0,0,0,0,0,0,0,0,0,-2,2,-5,11,-2,11,-1,10,-1,9,0,8,2,5,3,3,2,4,2,4,3,1,6,0,9,0,11,-1,12,-3,14,-3,14,-3,14,-3,15,-2,18,-1,17,-2,17,-3,18,-2,18,-3,18,-4,18,-3,18,-3"
19.14523983001709,256,"CSI,2747,128,83,49,21,0,-4,-3,-4,-3,-4,-3,-5,0,-8,2,-9,4,-12,5,-17,5,-18,7,-16,3,-15,1,-12,2,-9,1,-9,-2,-8,-2,-5,-3,-3,-3,-2,-1,0,-1,4,-1,3,1,1,4,2,3,2,4,2,5,0,1,0,0,0,0,0,0,0,0,0,0,0,0,0,0,0,0,0,0,1,-2,7,-5,9,-3,10,-1,9,-2,6,-2,3,-1,2,-1,1,-3,0,-5,0,-7,1,-9,0,-11,-1,-13,1,-13,1,-15,-2,-17,-3,-18,-2,-18,-1,-18,-2,-19,-3,-20,-3,-19,-2,-18,-1,-18,-1,-17,-4,-17"
19.24908185005188,257,"CSI,2751,128,83,49,21,0,-7,-4,-3,0,0,4,-2,8,-3,11,-2,11,-1,13,-2,17,-3,14,-4,11,-6,9,-7,7,-6,9,-4,9,-3,7,-5,4,-3,0,-2,-2,-1,-3,0,-3,-1,-3,0,-4,2,-4,3,-5,2,-6,0,-2,0,0,0,0,0,0,0,0,0,0,0,0,0,0,0,0,0,0,1,-2,6,-8,7,-5,8,-3,8,-3,6,-3,3,-3,1,-3,-1,-4,0,-4,0,-5,-4,-6,-9,-9,-9,-10,-8,-10,-9,-12,-10,-14,-10,-14,-10,-13,-12,-14,-15,-13,-15,-14,-13,-14,-13,-12,-17,-11,-18,-10,-15,-10"
19.34878969192505,258,"CSI,2754,128,83,49,21,0,-3,-5,-3,1,-3,4,-3,5,-4,6,-7,8,-7,9,-6,8,-9,9,-13,10,-15,8,-14,7,-12,5,-9,3,-6,1,-5,0,-5,-1,-5,-2,-2,-1,0,0,2,-1,3,-4,4,-4,4,-3,2,-5,0,-2,0,0,0,0,0,0,0,0,0,0,0,0,0,0,0,0,0,0,2,0,9,3,8,5,7,6,5,7,3,6,3,5,2,4,3,0,3,-3,1,-4,1,-7,3,-9,3,-12,0,-15,-1,-16,0,-16,1,-18,1,-19,1,-19,0,-20,-1,-21,-3,-22,-4,-18,-4,-14,-4,-14,-6,-16"
19.45083975791931,259,"CSI,2759,128,83,49,21,0,1,6,1,4,2,1,6,-2,9,-3,10,-5,13,-8,16,-11,15,-10,12,-7,8,-6,9,-4,12,-2,12,-1,8,-2,4,0,2,4,-1,4,-3,-1,-3,-3,-3,-4,-3,-2,-4,-1,-5,-3,-5,-3,-1,-1,0,0,0,0,0,0,0,0,0,0,0,0,0,0,0,0,0,0,-2,0,-8,3,-9,2,-10,2,-10,2,-8,2,-6,0,-4,0,-3,4,-2,7,-2,8,-1,8,2,10,3,11,3,12,3,13,2,15,1,18,-1,20,-2,20,1,20,4,20,5,17,4,16,4,16,2,16,2,15"
19.555617809295654,260,"CSI,2762,128,83,49,21,0,7,-6,4,-7,-1,-8,-3,-9,-5,-10,-8,-11,-12,-15,-14,-18,-12,-17,-9,-15,-6,-14,-3,-12,-1,-12,1,-12,2,-8,3,-4,4,-4,2,-4,-2,-2,-3,-1,-2,0,-2,2,-1,2,-2,3,-4,6,-2,1,0,0,0,0,0,0,0,0,0,0,0,0,0,0,0,0,0,0,3,0,12,0,11,0,10,0,10,2,8,2,7,1,5,0,4,-1,4,-4,3,-7,2,-7,4,-6,9,-9,10,-12,9,-13,11,-13,11,-12,10,-10,14,-11,17,-11,15,-10,14,-9,15,-9,14,-10,11,-13,10,-14"
19.65464997291565,261,"CSI,2766,128,83,49,21,0,6,0,4,-3,2,-4,3,-5,2,-8,0,-14,0,-12,-1,-6,-2,-7,-1,-12,0,-11,1,-12,2,-12,2,-8,0,-6,-2,-6,-1,-5,-1,-2,-3,0,-3,0,-2,1,-4,2,-4,4,-5,3,-7,2,-2,0,0,0,0,0,0,0,0,0,0,0,0,0,0,0,0,0,0,0,0,2,-1,10,-4,9,-7,9,-7,9,-5,6,-2,6,1,7,2,6,2,4,4,5,6,6,7,5,9,4,12,4,14,7,16,8,17,8,19,10,20,10,17,9,16,7,18,6,18,5,19,3,18,4,15,5"
19.758402824401855,262,"CSI,2770,128,83,49,21,0,7,0,6,-3,6,-4,4,-8,4,-12,4,-14,7,-18,11,-19,9,-18,6,-16,7,-13,8,-12,8,-13,8,-11,5,-7,2,-5,0,-5,-2,-4,-4,-2,-6,-1,-6,-1,-6,-1,-5,0,-4,1,-5,0,-2,-1,0,0,0,0,0,0,0,0,0,0,0,0,0,0,0,0,0,0,-1,3,-6,11,-6,9,-7,8,-8,6,-7,4,-4,3,0,3,2,4,2,4,1,3,3,5,6,8,8,8,8,10,8,12,9,14,11,15,11,14,11,11,11,10,12,11,13,12,13,13,13,13,13,11,13,10"
19.86826181411743,263,"CSI,2776,128,83,49,21,0,7,4,9,2,9,0,7,-2,7,-3,11,-5,16,-8,19,-8,17,-5,14,-4,11,-5,9,-7,10,-5,9,-3,5,-1,1,-1,0,-3,3,-4,1,-2,-1,-1,-1,-1,-4,-2,-7,-4,-7,-5,-6,-4,-2,-2,0,0,0,0,0,0,0,0,0,0,0,0,0,0,0,0,0,0,-2,1,-7,6,-8,6,-10,6,-10,4,-9,2,-5,1,-2,3,-2,6,-3,6,-2,7,0,10,-1,13,-2,15,-2,16,-1,18,0,19,3,19,5,19,5,18,4,18,3,20,3,20,4,19,3,19,3,18,5,16"
20.06505298614502,264,"CSI,2783,128,83,49,21,0,7,0,5,-1,4,-5,5,-9,5,-12,4,-14,4,-14,5,-12,5,-12,6,-12,6,-9,6,-8,5,-7,3,-7,3,-7,3,-5,4,-2,3,-1,-1,-3,-3,-4,-4,-3,-5,-1,-7,0,-8,0,-7,-1,-2,-1,0,0,0,0,0,0,0,0,0,0,0,0,0,0,0,0,0,0,-1,3,-1,12,1,12,0,12,-1,10,-2,8,-3,8,-1,9,0,8,0,5,2,3,6,3,8,4,10,5,10,7,12,8,16,8,16,8,17,8,19,8,21,9,21,10,21,10,20,10,21,11,19,12,15,12"
20.167072772979736,265,"CSI,2786,128,83,49,21,0,1,7,0,3,3,-1,6,-5,7,-5,9,-4,13,-6,17,-9,17,-8,12,-5,8,-3,8,-3,9,0,8,2,6,0,6,-1,4,-1,0,-3,-3,-3,-5,-3,-5,-3,-5,-5,-3,-6,-2,-7,-3,-8,-1,-3,0,0,0,0,0,0,0,0,0,0,0,0,0,0,0,0,0,0,-2,2,-6,11,-8,10,-9,9,-10,7,-9,4,-8,4,-5,5,-3,6,-2,7,-1,7,1,8,4,8,4,11,4,13,4,13,7,14,7,17,4,18,2,17,4,18,5,20,4,21,5,21,7,20,10,19,10,17"
20.27730894088745,266,"CSI,2792,128,83,49,21,0,-6,1,-3,2,1,4,1,9,1,14,3,16,-1,15,-6,12,-5,13,-1,14,2,12,1,12,-1,11,-1,9,-2,7,0,4,1,2,-1,0,-1,-3,2,-4,5,-5,6,-5,6,-5,8,-5,8,-5,2,-2,0,0,0,0,0,0,0,0,0,0,0,0,0,0,0,0,0,0,-2,-3,-4,-10,-3,-9,-2,-10,0,-10,0,-10,-1,-8,1,-5,-1,-4,-4,-3,-5,-3,-7,-4,-10,-3,-12,-5,-15,-6,-16,-5,-16,-6,-16,-4,-18,0,-20,0,-21,-2,-21,-2,-21,-2,-20,-2,-19,0,-18,1,-18,0"
20.373186826705933,267,"CSI,2794,128,83,49,21,0,-2,7,1,4,3,1,5,1,7,4,10,5,9,5,7,5,7,5,9,6,10,7,8,9,8,9,6,10,4,9,3,4,2,0,0,-2,-1,-2,0,-2,0,-4,-1,-7,-2,-10,-1,-9,3,-7,1,-2,0,0,0,0,0,0,0,0,0,0,0,0,0,0,0,0,0,0,-3,0,-9,0,-8,-1,-10,-2,-11,-3,-7,-4,-7,-4,-8,-3,-7,-1,-8,2,-9,5,-7,9,-6,10,-6,8,-7,8,-9,12,-12,14,-13,14,-15,15,-16,18,-14,20,-15,18,-15,16,-14,15,-12,15,-8,12,-7,10"
20.47829008102417,268,"CSI,2799,128,83,49,21,0,-9,-3,-10,0,-8,2,-8,5,-8,8,-10,8,-12,11,-10,15,-7,13,-8,9,-11,7,-12,5,-10,3,-9,1,-10,0,-9,1,-6,1,-2,1,1,1,-1,2,-2,1,0,0,4,2,7,3,6,3,1,0,0,0,0,0,0,0,0,0,0,0,0,0,0,0,0,0,0,0,-2,-4,-4,-16,-1,-14,2,-11,1,-10,1,-9,1,-8,1,-7,0,-5,-1,-3,-4,-3,-6,-4,-8,-5,-9,-5,-11,-5,-14,-8,-16,-12,-16,-11,-14,-11,-13,-14,-15,-15,-16,-13,-15,-13,-14,-15,-13,-16,-11,-16,-10,-14"
20.579741954803467,269,"CSI,2802,128,83,49,21,0,-8,-3,-4,0,-2,5,-1,7,0,9,-1,11,0,10,3,9,-1,10,-6,13,-7,12,-8,9,-8,7,-7,8,-5,7,-3,5,0,2,2,0,0,-1,-1,-2,1,-1,3,0,4,-1,6,-4,8,-5,2,-2,0,0,0,0,0,0,0,0,0,0,0,0,0,0,0,0,0,0,1,-2,5,-8,5,-10,6,-10,6,-7,7,-5,6,-4,4,-5,3,-6,0,-5,-3,-4,-6,-6,-9,-8,-10,-8,-11,-8,-13,-8,-13,-10,-12,-12,-12,-14,-15,-15,-18,-16,-17,-16,-15,-15,-14,-14,-14,-12,-15,-10,-17,-10"
20.680336952209473,270,"CSI,2806,128,83,49,21,0,1,-9,-3,-6,-6,-2,-8,1,-11,0,-15,-1,-17,-3,-20,-8,-23,-6,-23,-4,-18,-3,-14,-2,-14,-3,-14,-6,-9,-7,-5,-5,-3,0,-1,1,-1,-1,-2,-1,-2,-1,1,2,4,5,4,4,2,2,0,0,0,0,0,0,0,0,0,0,0,0,0,0,0,0,0,0,0,0,2,0,9,3,8,5,7,6,6,5,4,4,3,3,4,3,3,2,3,-1,5,-4,5,-7,2,-10,1,-12,1,-12,3,-14,5,-15,7,-16,9,-18,10,-20,7,-19,6,-18,9,-16,10,-16,9,-17,6,-17,4,-14"
20.782835960388184,271,"CSI,2810,128,83,49,21,0,7,-3,4,-4,-1,-7,-4,-9,-6,-8,-8,-8,-10,-7,-10,-4,-9,-7,-8,-11,-5,-11,-3,-10,-3,-9,-5,-11,-6,-10,-5,-6,-2,-3,-1,-3,-1,-3,0,-1,0,0,-1,1,0,3,-2,5,-5,5,-2,1,0,0,0,0,0,0,0,0,0,0,0,0,0,0,0,0,0,0,0,1,3,7,4,8,3,10,1,9,0,8,0,7,1,6,3,4,6,1,7,0,7,-1,8,-3,10,-4,12,-5,14,-6,16,-8,15,-9,15,-8,20,-7,20,-6,19,-5,18,-3,18,-3,17,-4,15,-2,12,0"
20.884187936782837,272,"CSI,2815,128,83,49,21,0,7,4,5,1,3,-2,1,-3,2,-6,4,-11,8,-9,12,-4,12,-7,8,-13,8,-13,10,-12,9,-10,7,-8,7,-6,7,-3,5,-1,3,-2,1,-1,-1,0,-3,2,-5,2,-5,1,-4,2,-4,5,-2,1,0,0,0,0,0,0,0,0,0,0,0,0,0,0,0,0,0,0,0,2,0,9,-4,8,-8,8,-8,7,-5,6,-4,6,-5,5,-4,2,-1,0,2,1,4,5,7,9,10,10,12,10,11,8,11,10,10,14,10,14,11,14,14,16,16,14,14,14,12,15,12,14,14,11,16,8"
20.987589836120605,273,"CSI,2818,128,83,49,21,0,-8,4,-5,2,-1,3,4,5,6,7,6,5,8,3,15,4,15,6,10,7,7,7,6,7,7,6,7,5,6,6,6,6,4,4,2,1,0,-1,-2,-2,-2,-3,-1,-4,-1,-5,-1,-8,-1,-9,-1,-3,0,0,0,0,0,0,0,0,0,0,0,0,0,0,0,0,0,0,-2,-2,-7,-9,-7,-9,-5,-10,-4,-11,-5,-9,-5,-7,-4,-3,-6,1,-8,2,-7,0,-6,1,-5,4,-6,8,-9,8,-11,6,-13,8,-15,11,-16,10,-15,10,-14,10,-14,9,-15,9,-16,9,-16,9,-14,11,-13,14"
21.191120862960815,274,"CSI,2826,128,83,49,21,0,6,-2,4,-5,4,-7,1,-6,-2,-8,-1,-12,-2,-13,-5,-10,-5,-9,-2,-11,3,-12,4,-13,4,-11,5,-7,4,-5,2,-5,2,-4,1,-1,0,0,-1,-1,-2,0,-3,1,-4,0,-6,0,-7,2,-2,0,0,0,0,0,0,0,0,0,0,0,0,0,0,0,0,0,0,0,1,1,4,6,5,6,5,8,4,9,3,7,2,4,1,2,2,2,3,3,3,1,5,-3,6,-3,7,-3,10,-4,13,-6,16,-5,18,-4,19,-2,19,-1,20,-2,20,-2,19,1,17,2,18,2,19,2,16,-2"
21.29486584663391,275,"CSI,2831,128,83,49,21,0,-4,-6,-5,-4,-8,-1,-8,3,-8,7,-9,7,-9,4,-7,4,-8,4,-12,4,-14,4,-13,3,-9,1,-7,3,-5,5,-3,4,-2,3,-2,2,1,0,0,1,-1,2,2,1,5,0,5,3,6,5,1,1,0,0,0,0,0,0,0,0,0,0,0,0,0,0,0,0,0,0,0,-3,4,-9,6,-6,6,-7,6,-7,5,-5,5,-4,4,-5,0,-6,-4,-6,-6,-6,-7,-6,-6,-7,-4,-7,-4,-8,-5,-12,-7,-15,-9,-16,-8,-17,-8,-19,-8,-21,-6,-19,-6,-17,-5,-19,-4,-19,-5,-16,-3,-12"
21.339943885803223,276,"CSI,1134,128,77,-47,20,0,9,-1,5,-2,3,-3,3,-7,2,-11,1,-14,1,-11,3,-7,5,-10,4,-15,3,-18,3,-17,1,-10,2,-7,2,-6,2,-5,2,-4,1,-2,-1,0,-1,0,-3,0,-4,1,-5,1,-6,1,-7,3,-2,0,0,0,0,0,0,0,0,0,0,0,0,0,0,0,0,0,0,0,1,1,5,5,5,5,4,8,3,9,2,7,0,5,-1,3,1,2,4,1,6,0,7,-2,8,-5,9,-6,12,-5,15,-4,17,-2,17,-1,16,-1,18,0,19,0,19,-1,18,1,17,3,16,2,16,1,18,3"
21.37057375907898,277,"CSI,1135,128,77,-47,20,0,6,-6,1,-7,-3,-7,-6,-7,-8,-8,-9,-10,-11,-15,-11,-21,-11,-21,-11,-17,-11,-12,-10,-11,-6,-12,-3,-11,-3,-10,-2,-8,-2,-4,-2,0,0,1,0,2,-1,2,0,2,1,3,0,5,-1,7,-1,1,0,0,0,0,0,0,0,0,0,0,0,0,0,0,0,0,0,0,2,1,8,6,7,7,5,8,4,8,3,8,1,5,0,2,2,3,3,4,4,4,7,1,12,-5,13,-9,13,-10,14,-10,16,-7,16,-5,15,-7,16,-9,17,-7,17,-6,16,-8,16,-9,15,-9,15,-10,18,-12"
21.401412963867188,278,"CSI,2835,128,83,49,21,0,-1,-9,-4,-7,-6,-6,-8,-5,-10,-2,-13,-2,-14,-5,-15,-7,-14,-6,-13,-3,-13,-4,-13,-7,-12,-8,-9,-7,-5,-5,-4,-3,-4,-1,-3,-1,-2,-2,0,-1,2,2,2,4,1,5,1,6,1,5,0,1,0,0,0,0,0,0,0,0,0,0,0,0,0,0,0,0,0,0,2,-1,9,-2,11,1,11,3,9,3,7,1,6,0,6,-1,4,-3,0,-3,0,-3,2,-6,3,-10,3,-13,5,-13,5,-15,6,-17,11,-17,14,-18,14,-20,11,-21,9,-18,7,-18,6,-18,5,-19,4,-18,4,-14"
21.501168966293335,279,"CSI,2838,128,83,49,21,0,3,-8,-2,-6,-4,-4,-5,-2,-8,-3,-11,-5,-14,-9,-17,-15,-17,-14,-15,-11,-13,-9,-12,-7,-12,-5,-10,-4,-6,-6,-3,-6,-3,-4,-3,-1,-2,0,-1,0,0,1,0,3,-1,4,-3,5,-4,7,-2,2,0,0,0,0,0,0,0,0,0,0,0,0,0,0,0,0,0,0,2,-1,9,-3,12,-2,12,-1,9,1,7,3,6,3,5,1,4,-2,4,-3,6,-4,7,-8,6,-12,6,-15,7,-17,8,-18,11,-19,11,-18,9,-17,8,-16,8,-15,10,-15,10,-14,8,-15,7,-19,7,-18,6,-13"
21.602139949798584,280,"CSI,2842,128,83,49,21,0,-12,6,-9,4,-3,5,0,8,-1,12,0,14,-2,14,-7,16,-6,19,-2,17,-1,14,-2,12,-5,9,-7,7,-5,6,-3,5,-2,3,-2,2,0,2,3,1,2,1,2,0,3,-1,3,-1,2,1,0,0,0,0,0,0,0,0,0,0,0,0,0,0,0,0,0,0,0,0,-2,-2,-7,-5,-10,-5,-10,-7,-7,-8,-4,-6,-3,-3,-3,-2,-3,0,-5,0,-6,2,-7,5,-8,6,-10,7,-11,9,-13,8,-15,6,-17,4,-18,4,-20,6,-20,5,-19,6,-18,8,-15,6,-16,5,-18,5,-18,6"
21.704540967941284,281,"CSI,2846,128,83,49,21,0,-9,7,-6,6,-2,5,2,6,5,10,7,13,9,14,11,15,8,14,5,10,3,11,2,13,1,11,1,8,-1,7,-2,6,-2,3,-1,2,-1,1,0,-1,2,-3,2,-3,3,-6,4,-6,3,-6,0,-2,0,0,0,0,0,0,0,0,0,0,0,0,0,0,0,0,0,0,-3,-2,-9,-5,-7,-7,-6,-9,-4,-11,-3,-9,-3,-7,-4,-6,-5,-3,-6,0,-8,1,-10,0,-11,1,-11,4,-13,4,-16,5,-18,6,-19,6,-19,4,-20,4,-20,6,-20,6,-18,5,-18,5,-20,7,-17,7,-13,4"
21.805962085723877,282,"CSI,2850,128,83,49,21,0,6,7,3,3,2,-1,3,-6,5,-9,9,-10,8,-11,4,-13,5,-13,8,-11,9,-11,10,-10,11,-9,9,-9,6,-6,4,-3,3,-3,1,-4,-1,-2,-1,-1,-2,-1,-3,-2,-5,-1,-8,-1,-9,-2,-2,-1,0,0,0,0,0,0,0,0,0,0,0,0,0,0,0,0,0,0,-2,2,-8,9,-9,8,-9,7,-9,6,-8,3,-6,3,-4,5,-2,6,-1,9,0,9,3,8,6,11,7,14,7,14,9,13,9,16,8,18,8,15,7,14,6,16,6,16,9,17,10,19,12,19,10,14,8,9"
21.91095495223999,283,"CSI,2854,128,83,49,21,0,0,-11,-2,-10,-4,-7,-7,-3,-10,-3,-10,-5,-12,-6,-15,-9,-17,-10,-16,-9,-14,-8,-10,-9,-7,-10,-6,-8,-6,-6,-5,-2,-2,-2,0,-2,0,-1,-2,1,-2,4,0,4,-1,5,-3,7,-1,9,0,2,0,0,0,0,0,0,0,0,0,0,0,0,0,0,0,0,0,0,1,-2,7,-6,6,-6,7,-6,9,-7,7,-6,6,-4,4,-4,3,-5,2,-6,0,-7,-1,-8,-2,-11,-3,-14,-3,-17,-1,-20,0,-20,0,-20,1,-19,2,-18,2,-19,1,-21,3,-21,3,-20,2,-20,1,-17,2,-12"
22.012552976608276,284,"CSI,2859,128,83,49,21,0,-9,2,-6,2,-5,3,0,5,6,8,9,9,10,12,9,17,8,19,8,16,7,12,6,12,4,14,2,13,0,9,-2,4,-4,0,-2,-2,2,-2,1,-3,0,-4,1,-4,1,-5,0,-7,1,-10,0,-3,0,0,0,0,0,0,0,0,0,0,0,0,0,0,0,0,0,0,-2,-3,-3,-9,0,-10,2,-12,1,-12,1,-11,0,-10,-2,-8,-3,-7,-3,-5,-5,-4,-6,-3,-9,-1,-14,-1,-17,-3,-20,-4,-23,-4,-22,-6,-19,-5,-19,-1,-21,-1,-21,-2,-20,-1,-20,1,-21,1,-19,3,-14,6"
22.115286111831665,285,"CSI,2863,128,83,49,21,0,-12,0,-8,2,-4,3,-1,6,1,10,4,11,3,9,2,5,4,8,3,14,1,16,-1,15,-2,13,-3,9,-2,7,0,5,1,3,1,-1,1,-3,3,-4,2,-4,1,-3,2,-3,5,-4,8,-4,2,-1,0,0,0,0,0,0,0,0,0,0,0,0,0,0,0,0,0,0,-2,-3,-5,-10,-4,-11,-3,-12,-2,-10,0,-7,1,-6,-1,-5,-3,-2,-4,-1,-6,-1,-8,-1,-10,-1,-12,-1,-13,-3,-15,-6,-17,-4,-17,-2,-17,-4,-19,-3,-20,0,-18,1,-16,0,-17,-3,-20,-4,-21,-4,-21,-4"
22.217365980148315,286,"CSI,2867,128,83,49,21,0,4,-8,0,-8,-4,-6,-6,-6,-8,-7,-11,-8,-13,-13,-16,-17,-16,-16,-14,-15,-10,-15,-7,-14,-7,-12,-5,-10,-3,-7,-1,-5,-1,-2,-2,0,-4,0,-3,1,-2,2,-1,3,-1,3,-2,4,-2,4,-1,0,0,0,0,0,0,0,0,0,0,0,0,0,0,0,0,0,0,0,1,2,5,8,4,8,2,8,2,8,2,6,2,5,1,4,2,1,1,-2,2,-5,6,-6,9,-5,8,-3,9,-4,12,-8,13,-10,13,-9,14,-6,15,-7,17,-8,16,-8,16,-10,16,-10,15,-11,13,-13,12,-11"
22.31979990005493,287,"CSI,2871,128,83,49,21,0,4,-8,1,-7,0,-7,0,-7,-4,-7,-9,-8,-12,-7,-14,-5,-10,-6,-5,-12,-4,-12,-5,-10,-6,-11,-5,-11,-3,-9,-1,-7,0,-5,0,-5,-2,-4,-3,-1,-4,1,-5,2,-6,1,-7,1,-8,2,-2,0,0,0,0,0,0,0,0,0,0,0,0,0,0,0,0,0,0,0,2,-2,8,-7,8,-7,8,-6,6,-2,6,-1,6,-3,4,-4,2,-4,3,-4,2,-6,1,-8,0,-12,0,-15,1,-16,3,-18,3,-19,2,-18,2,-17,3,-18,5,-21,6,-21,7,-19,9,-17,9,-17,10,-16,9,-15"
22.418983936309814,288,"CSI,2875,128,83,49,21,0,5,2,5,1,1,-2,0,-4,0,-5,0,-8,1,-11,6,-12,8,-13,6,-13,4,-13,1,-12,2,-10,5,-8,7,-6,4,-4,0,-1,-3,1,-3,2,-3,1,-4,0,-4,0,-4,-1,-5,0,-5,1,-2,0,0,0,0,0,0,0,0,0,0,0,0,0,0,0,0,0,0,0,-1,2,-4,11,-3,11,-3,9,-4,7,-3,5,-1,2,0,2,1,4,0,6,3,4,6,3,6,5,6,5,8,4,10,6,13,7,15,6,17,6,19,8,18,9,15,8,13,7,13,7,13,7,13,5,16,5"
22.526242971420288,289,"CSI,2879,128,83,49,21,0,-5,-7,-6,-5,-7,-1,-5,3,-3,5,-3,7,-3,8,0,6,-1,7,-5,9,-7,9,-7,8,-7,8,-6,7,-7,6,-6,3,-3,1,-2,0,-1,0,1,-1,2,-2,3,-3,3,-3,4,-3,6,-2,1,-1,0,0,0,0,0,0,0,0,0,0,0,0,0,0,0,0,0,0,0,-3,0,-11,-1,-11,-1,-11,0,-10,1,-8,1,-6,-1,-6,-3,-6,-1,-7,-3,-6,-6,-4,-9,-2,-14,-3,-16,-5,-15,-4,-15,-6,-15,-9,-15,-9,-17,-9,-20,-9,-21,-11,-20,-9,-18,-7,-19,-8,-21,-8,-21,-7"
22.557583808898926,290,"CSI,1137,128,77,-47,20,0,-5,-10,-4,-5,-5,-1,-6,3,-8,5,-11,6,-12,7,-12,10,-14,9,-14,6,-12,3,-11,2,-10,0,-8,-1,-6,-1,-4,-1,-3,-1,-2,-2,-1,-2,0,0,2,2,3,3,4,3,3,3,3,5,0,1,0,0,0,0,0,0,0,0,0,0,0,0,0,0,0,0,0,0,0,-2,3,-8,3,-9,5,-11,6,-10,4,-8,3,-5,2,-5,0,-5,-2,-3,-3,-4,-3,-7,-5,-9,-7,-10,-10,-9,-12,-8,-11,-9,-9,-12,-6,-15,-5,-16,-9,-17,-11,-19,-9,-20,-5,-20,-5,-21,-8,-19,-9,-15"
22.72972798347473,291,"CSI,2886,128,83,49,21,0,3,-6,-3,-6,-6,-3,-6,-1,-8,-1,-9,-4,-13,-6,-15,-5,-14,-3,-11,-5,-9,-9,-8,-13,-7,-12,-8,-9,-5,-9,-2,-10,-2,-6,-1,-2,1,-2,0,0,-1,3,-2,3,-3,4,-4,3,-4,3,-1,0,0,0,0,0,0,0,0,0,0,0,0,0,0,0,0,0,0,0,0,-2,4,-8,8,-9,10,-8,8,-7,5,-4,4,-1,4,-1,4,-4,3,-5,1,-7,-1,-8,-1,-8,2,-10,4,-10,4,-12,4,-15,5,-16,4,-17,3,-19,5,-18,6,-16,6,-17,7,-17,9,-17,10,-17,7,-18"
22.931796073913574,292,"CSI,2895,128,83,49,21,0,3,2,2,-1,2,-5,1,-8,-1,-10,-1,-14,-1,-19,-2,-21,-3,-18,-3,-14,0,-13,1,-13,1,-13,3,-12,3,-12,2,-8,2,-5,0,-2,-2,1,-2,1,0,-1,1,-1,1,2,-1,5,-4,4,-2,1,0,0,0,0,0,0,0,0,0,0,0,0,0,0,0,0,0,0,-2,2,-8,9,-9,9,-8,8,-8,6,-9,2,-7,1,-5,1,-3,1,-1,2,1,5,3,5,4,4,5,4,8,5,10,7,10,7,9,8,13,8,18,8,18,10,17,9,18,8,17,8,16,6,14,5,8,4"
23.036134004592896,293,"CSI,2899,128,83,49,21,0,-3,-5,-3,-5,-5,-5,-9,-3,-12,-2,-15,-3,-17,-2,-18,2,-16,0,-13,-5,-10,-5,-9,-4,-11,-7,-11,-8,-6,-7,-3,-7,-3,-6,-3,-3,-3,0,-1,0,2,-1,2,0,2,3,2,5,3,4,0,0,0,0,0,0,0,0,0,0,0,0,0,0,0,0,0,0,0,0,2,0,7,2,7,3,9,4,10,4,8,5,6,4,4,2,2,1,0,0,1,-2,3,-4,5,-6,6,-8,6,-11,6,-12,7,-12,9,-12,10,-15,11,-16,11,-16,10,-16,10,-15,11,-15,11,-13,11,-12,11,-13"
23.140136003494263,294,"CSI,2903,128,83,49,21,0,-8,-4,-8,-1,-5,3,-5,7,-8,9,-7,9,-7,9,-12,12,-14,15,-12,15,-10,12,-9,9,-9,7,-9,7,-9,6,-7,4,-7,3,-5,1,-2,0,-1,-1,1,-1,3,-1,4,0,6,1,7,1,2,0,0,0,0,0,0,0,0,0,0,0,0,0,0,0,0,0,0,0,0,-3,3,-10,3,-10,3,-10,6,-9,6,-8,4,-8,3,-8,3,-5,1,-3,0,-3,-1,-4,-3,-7,-6,-7,-8,-7,-11,-8,-11,-12,-11,-13,-11,-13,-11,-12,-12,-13,-13,-12,-14,-12,-14,-13,-11,-14,-10,-13,-12,-13"
23.240768909454346,295,"CSI,2906,128,83,49,21,0,-6,-1,-3,0,0,4,1,7,1,10,2,11,6,13,11,16,11,14,7,12,4,14,4,15,3,15,2,14,0,12,0,6,2,2,1,1,0,1,0,-1,0,-3,-1,-5,1,-7,2,-7,4,-7,1,-2,0,0,0,0,0,0,0,0,0,0,0,0,0,0,0,0,0,0,-1,-2,-2,-8,-2,-10,-1,-12,0,-11,0,-8,2,-7,4,-7,3,-9,1,-11,-1,-8,-4,-4,-6,-1,-7,-1,-10,0,-14,1,-17,0,-16,0,-15,0,-16,-2,-19,-5,-20,-5,-19,-3,-19,-3,-21,-3,-17,-3,-9,-3"
23.545278072357178,296,"CSI,2918,128,83,49,21,0,3,8,1,1,2,-5,5,-8,7,-9,8,-10,9,-8,10,-4,11,-6,13,-9,12,-8,11,-7,10,-4,8,-1,7,-1,5,-1,3,0,3,1,0,0,-2,-1,-3,0,-3,1,-5,0,-5,0,-2,0,-1,0,0,0,0,0,0,0,0,0,0,0,0,0,0,0,0,0,0,0,-2,2,-7,7,-8,4,-8,3,-8,2,-8,1,-9,2,-8,2,-7,1,-5,0,-3,1,0,3,3,6,5,6,3,5,2,7,4,11,6,11,6,12,6,16,6,17,5,17,5,19,6,18,7,17,9,16,12,14"
23.752460956573486,297,"CSI,2926,128,83,49,21,0,-7,0,-3,0,1,3,4,6,6,7,6,7,4,5,2,3,4,6,7,9,9,8,10,7,8,6,6,4,5,4,5,3,4,2,1,2,-2,-1,-3,-4,-4,-5,-4,-6,-5,-7,-3,-5,-3,-2,-1,-1,0,0,0,0,0,0,0,0,0,0,0,0,0,0,0,0,0,0,2,-2,9,-7,9,-5,8,-4,6,-4,6,-3,5,-3,4,-4,5,-4,3,-3,-2,-2,-3,-4,-3,-5,-8,-5,-12,-5,-13,-5,-14,-5,-14,-4,-16,-4,-19,-5,-19,-7,-18,-8,-18,-6,-18,-5,-16,-4,-16,-3,-16,-4"
23.855390071868896,298,"CSI,2930,128,83,49,21,0,-2,4,-1,0,4,-2,8,-1,8,-2,10,-3,11,1,8,5,9,4,10,0,11,-2,12,-2,11,1,8,2,4,2,2,1,0,1,-2,1,-2,0,-1,-2,-2,-4,-5,-4,-6,-4,-5,-5,-4,-5,-1,-2,0,0,0,0,0,0,0,0,0,0,0,0,0,0,0,0,0,0,-1,-2,-5,-5,-5,-6,-5,-6,-5,-5,-5,-7,-3,-6,-1,-3,-2,-2,-4,-1,-4,1,-6,3,-6,5,-5,7,-6,10,-8,11,-8,11,-8,11,-8,12,-10,12,-11,12,-12,12,-13,14,-13,15,-12,15,-10,15,-6,16"
23.955222129821777,299,"CSI,2934,128,83,49,21,0,3,2,1,1,-1,-1,-4,-4,-5,-7,-8,-9,-9,-6,-8,-2,-7,-6,-9,-11,-9,-10,-6,-8,-5,-7,-4,-6,-3,-4,-1,-3,1,-3,2,-2,2,0,1,1,0,2,2,2,3,3,2,6,1,7,0,1,0,0,0,0,0,0,0,0,0,0,0,0,0,0,0,0,0,0,-2,0,-5,4,-3,5,-4,5,-7,6,-7,6,-6,6,-4,5,-4,3,-3,1,-1,1,2,2,3,3,5,3,6,1,7,-1,10,-2,13,0,15,1,17,0,19,0,19,1,18,1,18,1,17,2,16,2,17,1"
24.0593900680542,300,"CSI,2938,128,83,49,21,0,3,1,0,-1,-1,-3,-6,-4,-10,-4,-10,-5,-10,-8,-9,-15,-11,-17,-13,-13,-11,-10,-10,-7,-8,-7,-3,-8,-2,-6,-3,-4,-2,-3,-1,-3,0,-2,0,0,0,3,1,4,1,5,0,6,0,6,0,1,0,0,0,0,0,0,0,0,0,0,0,0,0,0,0,0,0,0,1,1,3,7,1,9,-1,10,-3,8,-4,7,-4,7,-4,6,-4,4,-6,3,-3,1,3,1,6,2,8,0,10,-4,12,-4,15,-4,15,-4,15,-3,17,-1,20,2,21,2,21,1,19,2,18,2,18,-2,17,-5"
24.263715982437134,301,"CSI,2947,128,83,49,21,0,-3,6,0,3,4,-2,8,-2,9,-1,10,1,11,1,11,1,12,1,13,0,12,0,12,2,10,2,9,1,6,2,4,2,3,1,1,1,-2,2,-4,2,-3,1,-5,1,-7,1,-7,0,-5,-2,-1,-1,0,0,0,0,0,0,0,0,0,0,0,0,0,0,0,0,0,0,0,-3,0,-11,1,-11,1,-10,2,-9,2,-8,2,-6,0,-5,-1,-2,-1,-1,-2,-3,-4,-2,-7,0,-8,1,-9,2,-12,2,-13,3,-12,8,-13,8,-17,5,-19,5,-19,7,-19,8,-19,6,-20,5,-19,7,-14,8"
24.469095945358276,302,"CSI,2955,128,83,49,21,0,6,0,4,1,1,0,-5,-1,-10,-3,-14,-4,-17,-8,-18,-13,-17,-13,-16,-9,-16,-5,-14,-3,-12,-2,-10,-1,-9,0,-6,-1,-4,-2,0,-2,3,0,2,-1,2,-1,4,1,6,1,5,0,5,0,1,0,0,0,0,0,0,0,0,0,0,0,0,0,0,0,0,0,0,0,-3,-1,-9,-2,-10,-2,-11,-3,-11,-3,-9,-3,-6,-3,-3,-3,-3,-2,-3,1,-2,3,0,3,3,3,6,5,7,7,9,8,12,6,14,5,16,5,19,4,19,5,17,7,17,6,18,5,16,5,13,4,11,3"
24.571996927261353,303,"CSI,2959,128,83,49,21,0,-7,3,-1,0,2,1,4,1,8,2,12,2,12,4,8,6,9,7,12,7,12,5,13,5,13,6,9,5,6,5,5,4,1,3,-2,3,-3,0,-2,-2,-2,-2,-5,-1,-6,-1,-4,-2,-4,-2,-1,-1,0,0,0,0,0,0,0,0,0,0,0,0,0,0,0,0,0,0,0,-2,1,-10,4,-11,7,-8,8,-6,7,-6,3,-4,0,-2,-1,-1,-1,-1,-4,-2,-7,-1,-10,1,-11,3,-14,4,-17,5,-18,4,-16,4,-16,4,-18,3,-18,4,-16,6,-15,5,-17,3,-19,5,-17,8,-15,9"
24.776877880096436,304,"CSI,2966,128,83,49,21,0,-10,-1,-4,1,1,1,2,5,2,10,2,12,3,17,4,23,5,21,5,16,4,14,3,12,1,10,0,10,-3,9,-2,6,0,2,-2,0,-4,-2,-1,-5,1,-7,0,-7,2,-7,4,-6,5,-5,1,-2,0,0,0,0,0,0,0,0,0,0,0,0,0,0,0,0,0,0,-1,-3,-2,-12,0,-11,1,-9,1,-8,3,-6,5,-5,3,-6,2,-6,1,-5,-3,-5,-7,-4,-10,-2,-12,-1,-12,1,-13,2,-17,1,-18,0,-19,-2,-20,-2,-20,-3,-21,-1,-20,1,-19,0,-18,-3,-16,-3,-14,-1"
24.8787899017334,305,"CSI,2970,128,83,49,21,0,0,-10,-1,-7,-2,-2,-4,3,-7,7,-9,10,-11,11,-12,7,-10,8,-8,13,-7,15,-8,15,-8,13,-7,12,-7,10,-6,7,-5,3,-5,0,-4,-2,-1,-3,2,-4,1,-6,1,-7,2,-6,4,-4,1,-1,0,0,0,0,0,0,0,0,0,0,0,0,0,0,0,0,0,0,0,1,0,8,1,9,2,9,0,9,-2,7,-1,4,0,2,0,1,0,-1,2,-4,4,-5,5,-6,6,-9,8,-11,9,-11,8,-12,8,-12,8,-13,10,-15,10,-14,7,-15,5,-19,3,-20,3,-19,3,-19,3,-16"
24.981315851211548,306,"CSI,2975,128,83,49,21,0,-7,6,-3,6,0,7,2,4,7,1,11,2,12,3,9,4,10,4,13,4,14,3,14,3,13,4,11,4,8,3,5,5,3,7,0,5,-4,2,-6,-1,-6,-2,-7,-2,-6,-4,-7,-6,-7,-7,-2,-2,0,0,0,0,0,0,0,0,0,0,0,0,0,0,0,0,0,0,-2,-3,-3,-12,1,-13,2,-13,2,-12,1,-9,1,-5,2,-3,1,-2,0,-2,-3,-1,-6,1,-7,1,-10,3,-14,5,-16,3,-16,1,-18,2,-20,7,-19,12,-20,13,-20,11,-16,8,-15,7,-18,6,-17,9,-15,11"
25.084712028503418,307,"CSI,2978,128,83,49,21,0,-9,-3,-6,-2,-4,-1,0,4,2,10,3,11,7,16,11,20,9,17,8,12,6,11,5,13,4,16,3,15,2,11,0,8,-1,5,-1,3,-3,0,-4,-3,-3,-6,-1,-5,-1,-5,0,-7,4,-8,1,-2,0,0,0,0,0,0,0,0,0,0,0,0,0,0,0,0,0,0,1,-4,4,-12,4,-9,4,-8,4,-8,4,-4,4,-3,3,-4,0,-3,-2,-3,-3,-3,-5,-2,-8,-2,-11,-2,-15,-2,-17,-1,-16,-1,-18,-3,-19,-4,-19,-4,-18,-4,-18,-4,-21,-5,-21,-4,-21,-3,-21,-1,-21,2"
25.288399934768677,308,"CSI,2987,128,83,49,21,0,2,7,3,2,3,-1,2,-3,4,-5,6,-8,8,-12,9,-17,9,-16,9,-15,10,-13,11,-9,12,-7,10,-5,8,2,8,4,7,1,4,0,2,-1,-1,-1,-3,1,-4,2,-5,1,-6,1,-8,1,-3,0,0,0,0,0,0,0,0,0,0,0,0,0,0,0,0,0,0,0,-2,-1,-8,-4,-10,-6,-9,-8,-8,-8,-8,-7,-6,-5,-5,-4,-6,-2,-5,-1,-2,2,2,5,3,6,1,6,-1,9,-1,13,-1,17,-3,20,-4,21,-3,21,-2,22,-2,24,-2,24,-2,21,-1,18,-1,18,0,16"
25.391175031661987,309,"CSI,2990,128,83,49,21,0,-3,10,-1,8,1,7,1,4,4,4,9,8,11,8,9,5,8,6,9,8,10,9,10,10,10,9,7,6,3,5,0,4,-1,2,-2,0,-1,-1,-1,-2,0,-3,-1,-4,-1,-6,0,-8,0,-9,0,-2,0,0,0,0,0,0,0,0,0,0,0,0,0,0,0,0,0,0,-3,-1,-10,-2,-10,-3,-9,-3,-8,-4,-6,-5,-5,-6,-5,-5,-3,-2,-2,-2,-3,1,-3,6,-3,8,-2,8,-1,12,-3,14,-7,13,-8,12,-12,12,-16,11,-19,14,-17,16,-16,14,-16,12,-16,11,-14,11,-8,10"
25.4932918548584,310,"CSI,2994,128,83,49,21,0,10,-7,6,-7,2,-5,-1,-3,-6,-3,-11,-3,-12,-4,-9,-4,-12,-4,-15,-2,-17,1,-17,-1,-16,-2,-14,-2,-14,-3,-12,-4,-7,-3,-2,-2,2,-2,4,-3,3,-2,3,-2,4,-2,5,-1,6,0,1,0,0,0,0,0,0,0,0,0,0,0,0,0,0,0,0,0,0,0,-2,0,-8,3,-11,2,-11,2,-10,2,-8,2,-7,2,-7,1,-4,1,-1,2,-2,2,-1,1,4,-1,10,-1,13,2,15,4,15,3,15,2,17,1,20,1,23,2,22,2,19,1,18,0,19,-3,19,-3,15,-1"
25.595866918563843,311,"CSI,2998,128,83,49,21,0,5,13,4,9,3,0,4,-6,4,-8,3,-9,6,-13,11,-16,10,-18,6,-20,5,-20,4,-15,5,-11,8,-10,9,-10,7,-6,4,-2,2,-1,-1,-1,-1,0,0,4,1,6,-1,5,-4,5,-6,3,-2,0,0,0,0,0,0,0,0,0,0,0,0,0,0,0,0,0,0,0,-3,0,-11,-1,-10,-7,-9,-10,-8,-8,-7,-7,-5,-7,-2,-6,-1,-5,-1,-4,-1,-1,1,5,2,9,0,10,-1,10,-1,12,-3,16,-6,17,-5,16,-3,18,-2,21,-2,21,-2,20,-2,18,0,17,2,16,6,14"
25.698412895202637,312,"CSI,3002,128,83,49,21,0,-7,0,-4,1,-2,2,0,5,3,8,3,9,1,10,-1,9,1,11,3,13,4,12,6,10,5,10,3,10,1,8,0,7,-3,5,-3,3,-3,1,-3,-3,-3,-4,-5,-4,-6,-7,-5,-8,-4,-6,-1,-2,0,0,0,0,0,0,0,0,0,0,0,0,0,0,0,0,0,0,0,-2,3,-8,5,-8,7,-7,9,-7,8,-6,6,-3,4,-1,1,0,0,0,-1,-1,-3,-3,-7,-2,-11,0,-12,-1,-13,-4,-15,-5,-18,-6,-18,-6,-18,-5,-18,-7,-17,-10,-18,-9,-17,-6,-17,-5,-18,-3,-20,0"
25.800825834274292,313,"CSI,3006,128,83,49,21,0,-3,8,-1,6,1,2,5,2,10,3,12,4,10,5,9,5,12,4,15,3,13,4,11,5,10,5,7,5,6,6,4,7,2,9,-1,6,-3,2,-4,1,-4,0,-4,-1,-6,-1,-7,-3,-6,-6,-2,-2,0,0,0,0,0,0,0,0,0,0,0,0,0,0,0,0,0,0,-1,-2,-5,-8,-6,-8,-4,-9,-2,-9,-4,-8,-4,-7,-3,-6,-3,-5,-3,-4,-1,-1,-3,2,-8,2,-9,3,-8,7,-8,10,-11,11,-13,9,-14,9,-16,12,-19,13,-20,13,-19,14,-17,14,-17,13,-15,13,-10,15"
25.90230393409729,314,"CSI,3010,128,83,49,21,0,6,6,2,2,-1,-3,-1,-7,-2,-10,-3,-12,-2,-14,1,-15,1,-17,0,-15,-1,-14,-1,-15,-2,-15,-2,-11,-1,-7,1,-4,1,-4,1,-3,1,0,3,1,4,1,4,4,5,7,4,7,3,5,0,1,0,0,0,0,0,0,0,0,0,0,0,0,0,0,0,0,0,0,-3,-2,-9,-7,-8,-7,-8,-8,-8,-8,-9,-6,-8,-5,-6,-2,-5,-1,-4,-1,-5,0,-4,3,-1,6,0,6,2,7,4,12,3,17,1,19,2,19,4,20,5,21,5,23,3,23,3,20,6,19,5,18,2,13"
26.00591015815735,315,"CSI,3014,128,83,49,21,0,-4,9,-5,5,-2,2,1,3,4,3,7,1,14,-1,21,-2,19,-1,13,1,10,4,9,5,10,4,9,5,8,5,7,4,4,3,-1,2,-4,2,-3,0,-4,-1,-6,0,-6,0,-6,-3,-3,-7,-1,-3,0,0,0,0,0,0,0,0,0,0,0,0,0,0,0,0,0,0,-2,-2,-4,-7,-1,-9,1,-11,-1,-9,-2,-6,-1,-5,-1,-5,-2,-2,-4,-1,-4,0,-5,2,-9,4,-12,5,-14,5,-15,5,-18,7,-19,11,-18,11,-18,11,-19,11,-20,10,-19,10,-13,11,-11,10,-13,10,-13,12"
26.108080863952637,316,"CSI,3018,128,83,49,21,0,-8,-5,-8,-4,-8,-3,-10,1,-10,3,-9,4,-14,3,-17,1,-16,2,-15,5,-15,6,-12,7,-10,7,-10,5,-11,2,-10,-2,-9,-3,-6,-2,-2,-1,2,0,4,0,5,1,5,1,6,2,6,3,1,1,0,0,0,0,0,0,0,0,0,0,0,0,0,0,0,0,0,0,2,-2,8,-5,9,-3,8,-1,6,1,6,1,7,0,6,-1,5,-1,3,-2,0,-6,-2,-9,-2,-9,-3,-11,-3,-13,-1,-15,0,-19,0,-22,1,-22,3,-22,4,-22,3,-22,0,-20,-2,-18,-3,-19,-2,-16,-3,-11"
26.212355852127075,317,"CSI,3022,128,83,49,21,0,-9,-1,-9,0,-7,0,-8,3,-7,7,-6,8,-4,11,-2,17,-2,16,-3,15,-4,15,-5,14,-3,13,-1,12,-1,9,-2,5,-4,4,-4,2,-2,0,-1,-1,-2,-2,-2,-4,1,-5,2,-5,2,-4,0,-1,0,0,0,0,0,0,0,0,0,0,0,0,0,0,0,0,0,0,1,-2,4,-6,6,-6,8,-4,8,-4,8,-4,6,-1,3,1,2,-1,0,-3,-3,-3,-5,-4,-7,-7,-9,-10,-11,-12,-11,-13,-11,-14,-12,-15,-13,-16,-12,-16,-10,-17,-9,-19,-8,-20,-7,-16,-9,-13,-11,-11,-14,-10"
26.31431794166565,318,"CSI,3026,128,83,49,21,0,-11,5,-9,4,-8,4,-7,6,-7,10,-6,12,-4,14,-2,16,-2,17,-3,15,-5,14,-6,12,-5,12,-5,11,-7,9,-7,6,-6,4,-5,2,-1,0,2,1,1,1,1,-3,2,-3,3,-1,5,-1,1,-1,0,0,0,0,0,0,0,0,0,0,0,0,0,0,0,0,0,0,-2,-2,-5,-5,-7,-7,-5,-10,-2,-11,-1,-9,-2,-6,-3,-6,-4,-6,-4,-3,-4,-2,-5,-1,-9,0,-11,0,-12,-1,-15,-1,-18,0,-19,0,-21,0,-22,-2,-22,-2,-22,-2,-21,-6,-20,-7,-20,-6,-20,-3,-20,2"
26.41688299179077,319,"CSI,3031,128,83,49,21,0,-6,-9,-5,-8,-6,-4,-10,-2,-11,-4,-11,-4,-13,-4,-13,-5,-15,-4,-17,-3,-15,-4,-15,-3,-15,-2,-12,-3,-9,-3,-6,-4,-5,-3,-4,-4,-1,-4,0,-3,-1,0,2,1,4,3,3,5,2,7,0,2,0,0,0,0,0,0,0,0,0,0,0,0,0,0,0,0,0,0,2,-1,10,-3,11,-3,11,-3,10,-2,8,-3,8,-4,7,-2,6,-1,4,-5,0,-8,-2,-8,-1,-9,1,-12,0,-14,-2,-16,-3,-16,-1,-17,0,-19,2,-21,3,-22,3,-21,4,-20,4,-19,3,-19,1,-18,-1,-15"
26.516191005706787,320,"CSI,3035,128,83,49,21,0,9,-6,8,-7,7,-10,5,-12,4,-14,3,-15,0,-15,-4,-15,-2,-14,2,-13,3,-10,4,-9,4,-12,3,-13,2,-12,3,-10,3,-5,1,-4,-1,-3,-1,-2,0,0,0,1,-3,1,-6,2,-8,2,-3,0,0,0,0,0,0,0,0,0,0,0,0,0,0,0,0,0,0,0,1,0,5,5,5,10,4,11,3,9,1,6,0,3,-2,2,-1,2,3,2,5,3,5,1,7,0,8,-1,11,-1,15,0,17,0,18,-3,19,-4,21,-1,21,1,18,-2,17,-3,17,-1,16,0,14,2,13,3"
26.617434978485107,321,"CSI,3038,128,83,49,21,0,3,7,4,7,5,4,9,2,12,0,13,-1,12,-1,9,0,12,-3,15,-4,16,-3,13,-5,9,-7,10,-4,9,1,8,3,6,3,4,0,1,-2,-2,-2,-3,-3,-3,-3,-4,-4,-6,-5,-6,-5,-2,-1,0,0,0,0,0,0,0,0,0,0,0,0,0,0,0,0,0,0,-2,1,-5,6,-6,6,-8,7,-9,5,-7,3,-6,3,-5,2,-2,1,0,5,0,7,4,7,5,7,5,9,4,12,4,15,4,17,5,15,6,14,7,16,6,17,6,18,5,20,5,20,6,19,5,16,5,14"
26.78675389289856,322,"CSI,3677,128,83,49,21,0,4,-3,3,-3,2,-4,2,-5,2,-7,0,-7,-1,-6,-2,-4,2,-4,4,-7,2,-10,2,-11,3,-11,5,-10,6,-7,7,-5,7,-6,8,-4,6,-1,2,0,1,-2,2,-5,2,-6,2,-5,4,-6,1,-2,0,0,0,0,0,0,0,0,0,0,0,0,0,0,0,0,0,0,-1,-2,-1,-6,-2,-5,-2,-5,-4,-4,-3,-3,-1,-5,-1,-7,-2,-7,1,-5,4,-6,4,-7,2,-4,0,-1,3,-3,5,-4,3,-2,2,-3,0,-6,-2,-7,-1,-8,2,-10,2,-10,2,-9,3,-9,5,-11,5,-12"
26.824657917022705,323,"CSI,3046,128,83,49,21,0,10,3,10,2,10,-2,10,-4,11,-5,12,-6,12,-9,11,-14,9,-15,9,-13,10,-10,10,-8,9,-6,9,-6,10,-5,9,-2,6,-1,4,-2,1,-3,-2,-2,-3,0,-3,-1,-4,-3,-5,-3,-6,-4,-2,-1,0,0,0,0,0,0,0,0,0,0,0,0,0,0,0,0,0,0,0,2,-1,10,-2,11,-2,11,-2,10,-4,7,-3,5,-3,3,-1,3,1,5,2,5,5,3,8,4,11,4,11,5,10,9,14,10,15,11,13,11,15,11,17,11,15,13,12,16,11,15,12,11,13,11,13,12"
26.929908990859985,324,"CSI,3051,128,83,49,21,0,-9,-7,-10,-2,-10,1,-11,2,-14,4,-15,5,-18,1,-23,-2,-20,1,-16,5,-15,5,-14,6,-14,3,-14,1,-11,0,-6,-1,-5,-2,-5,-2,-3,-1,-1,0,0,0,1,0,2,2,4,4,3,4,0,1,0,0,0,0,0,0,0,0,0,0,0,0,0,0,0,0,0,0,-1,-2,-3,-9,-3,-12,-3,-12,0,-9,1,-8,1,-7,0,-4,-1,-2,-2,-2,-1,-2,-3,0,-7,-1,-10,-3,-12,-6,-13,-9,-15,-9,-16,-9,-15,-10,-15,-11,-14,-14,-13,-16,-12,-15,-13,-14,-15,-16,-15,-15,-13,-12"
27.02952790260315,325,"CSI,3054,128,83,49,21,0,-8,9,-6,10,-1,8,3,8,5,10,8,10,9,14,9,18,11,17,11,14,9,12,8,12,8,13,5,11,3,9,3,6,0,6,-1,5,1,2,1,1,-1,0,-2,-4,-1,-6,1,-7,4,-8,1,-2,0,0,0,0,0,0,0,0,0,0,0,0,0,0,0,0,0,0,-3,-1,-10,-3,-10,-2,-9,-3,-7,-2,-7,-2,-7,-3,-6,-3,-6,-3,-7,0,-5,3,-4,4,-4,6,-7,8,-8,9,-11,11,-14,12,-14,10,-14,10,-17,14,-18,13,-18,9,-19,9,-20,9,-19,7,-17,8,-14,11"
27.13272786140442,326,"CSI,3058,128,83,49,21,0,-9,-4,-8,0,-6,4,-5,9,-4,12,-4,11,-4,10,-1,9,-3,10,-6,10,-7,9,-9,9,-10,8,-8,8,-6,10,-5,9,-6,4,-4,2,-1,1,0,-1,0,0,0,1,3,0,6,1,5,5,1,1,0,0,0,0,0,0,0,0,0,0,0,0,0,0,0,0,0,0,-2,-2,-6,-7,-4,-9,-2,-9,-1,-8,-1,-7,-2,-6,-3,-5,-4,-5,-5,-4,-5,-1,-5,1,-7,1,-8,0,-9,-2,-13,-3,-16,-2,-17,-3,-18,-5,-18,-6,-18,-5,-17,-4,-18,-6,-19,-7,-16,-5,-15,-3,-17,-2"
27.23403286933899,327,"CSI,3062,128,83,49,21,0,-8,1,-8,0,-7,2,-6,7,-5,9,-3,10,-3,10,-5,7,-8,8,-9,12,-9,13,-8,10,-8,9,-9,9,-7,7,-5,4,-4,2,-4,-2,-4,-1,-3,1,1,1,4,0,6,1,7,2,6,2,1,0,0,0,0,0,0,0,0,0,0,0,0,0,0,0,0,0,0,0,-3,-1,-10,-3,-8,-3,-7,-3,-6,-3,-4,-2,-3,-2,-7,-4,-9,-4,-8,-2,-8,3,-8,5,-8,6,-9,8,-11,8,-13,5,-15,6,-16,7,-17,7,-19,6,-19,6,-19,4,-23,3,-22,1,-18,-1,-18,-1,-18,1"
27.295989751815796,328,"CSI,1138,128,77,-47,20,0,5,11,6,7,6,5,8,4,11,1,12,0,12,-2,13,-3,10,-3,9,-3,10,-2,11,1,11,2,11,0,8,0,5,2,3,3,2,2,2,1,0,0,-2,-1,-3,-2,-3,-4,-2,-6,-1,-7,-1,-2,0,0,0,0,0,0,0,0,0,0,0,0,0,0,0,0,0,0,-1,1,-5,4,-8,4,-10,4,-9,4,-7,4,-6,1,-5,-1,-2,-1,-1,1,0,4,1,6,2,8,1,10,1,12,2,15,3,17,0,17,-3,17,-3,18,0,18,1,16,0,16,0,18,-1,19,-2,19,-4,18"
27.334478855133057,329,"CSI,3066,128,83,49,21,0,-2,9,1,8,4,5,4,4,6,6,10,6,9,6,6,9,7,10,10,9,12,8,12,8,13,9,11,8,8,4,7,2,5,4,4,4,2,2,-1,0,-3,-1,-4,-2,-2,-4,-1,-6,-1,-7,-1,-2,0,0,0,0,0,0,0,0,0,0,0,0,0,0,0,0,0,0,-2,1,-6,4,-8,3,-8,3,-7,4,-7,3,-7,2,-6,2,-4,1,-3,1,-2,4,1,6,4,9,4,11,3,13,2,14,3,14,1,14,-1,14,-4,15,-4,17,-6,17,-8,18,-8,17,-7,14,-7,13,-6,15"
27.44019389152527,330,"CSI,3071,128,83,49,21,0,-1,-9,-2,-7,-6,-8,-9,-9,-9,-6,-12,-9,-13,-10,-11,-5,-11,-3,-14,-4,-13,-7,-10,-9,-10,-8,-8,-7,-7,-6,-6,-5,-4,-3,-2,-3,-3,-4,-3,-4,-1,1,1,4,1,3,0,4,-3,6,-2,1,0,0,0,0,0,0,0,0,0,0,0,0,0,0,0,0,0,0,1,-2,5,-5,7,-4,8,-3,8,-1,7,2,5,2,5,1,4,0,3,-1,1,-4,0,-6,3,-8,5,-11,4,-13,5,-14,7,-15,8,-15,9,-17,11,-20,11,-18,12,-17,11,-18,10,-17,11,-16,10,-17,8,-18"
27.53946614265442,331,"CSI,3074,128,83,49,21,0,9,6,11,5,11,1,10,-1,9,-1,12,-2,16,-2,19,-1,17,-2,14,-3,12,-2,11,-2,12,-1,11,1,7,3,7,4,7,3,4,1,2,0,3,-2,1,-2,-3,-2,-5,-3,-4,-5,-2,-8,-1,-3,0,0,0,0,0,0,0,0,0,0,0,0,0,0,0,0,0,0,0,0,3,5,2,8,-1,8,-2,7,0,6,1,5,2,5,3,3,3,2,4,4,4,7,6,8,7,5,7,5,9,8,11,10,12,12,13,13,15,13,16,14,14,16,12,16,11,15,10,15,10,13,12,11"
27.646676063537598,332,"CSI,3079,128,83,49,21,0,-8,-11,-8,-11,-10,-8,-11,-3,-13,-1,-12,1,-14,0,-18,-5,-20,-5,-18,-1,-17,0,-16,-1,-16,-2,-13,-2,-10,-4,-7,-4,-4,-4,-2,-4,-2,-3,0,-1,0,2,-1,4,-2,6,-1,6,-1,4,-1,0,0,0,0,0,0,0,0,0,0,0,0,0,0,0,0,0,0,0,0,-2,4,-8,7,-9,8,-7,7,-5,7,-3,6,-3,3,-4,2,-5,-1,-7,-4,-7,-5,-9,-4,-9,-4,-10,-5,-14,-7,-16,-6,-19,-4,-20,-4,-19,-4,-17,-4,-18,-4,-19,-4,-19,-5,-20,-5,-20,-4,-19,-5,-18"
27.74520993232727,333,"CSI,3083,128,83,49,21,0,-7,12,-5,9,0,8,3,8,3,9,4,9,3,10,0,12,4,13,9,14,9,13,7,11,5,10,4,11,2,12,1,10,1,8,0,6,0,4,0,3,1,0,3,-2,2,-3,3,-3,6,-3,1,-1,0,0,0,0,0,0,0,0,0,0,0,0,0,0,0,0,0,0,-3,0,-9,2,-9,3,-9,3,-10,1,-10,1,-8,2,-4,2,-4,2,-8,4,-8,7,-6,7,-5,7,-4,8,-5,10,-8,12,-9,13,-8,14,-6,16,-8,17,-12,18,-13,18,-10,17,-10,15,-12,14,-12,14,-12,13"
27.85002088546753,334,"CSI,3086,128,83,49,21,0,4,-13,1,-11,-2,-13,-3,-14,-3,-12,-5,-11,-8,-9,-11,-5,-11,-7,-9,-9,-8,-10,-8,-13,-8,-12,-5,-11,-4,-10,-2,-10,0,-9,-1,-7,0,-4,2,-4,3,-3,1,0,-3,3,-5,3,-5,4,-2,1,0,0,0,0,0,0,0,0,0,0,0,0,0,0,0,0,0,0,1,-1,7,-2,7,-1,7,0,7,1,7,1,6,-1,5,-1,5,0,5,-1,4,-5,4,-7,6,-6,9,-9,9,-11,8,-13,8,-13,7,-12,6,-11,9,-12,13,-15,13,-16,13,-15,12,-15,11,-15,11,-14,11,-11"
28.05510401725769,335,"CSI,3095,128,83,49,21,0,-2,-15,-3,-10,-4,-3,-5,-2,-7,-4,-12,-3,-16,-5,-15,-6,-14,-3,-16,-2,-16,-3,-16,-2,-15,-1,-12,-2,-10,-5,-8,-5,-6,-3,-5,-2,-4,-2,-4,-2,-2,-1,2,1,3,3,2,5,3,6,1,1,0,0,0,0,0,0,0,0,0,0,0,0,0,0,0,0,0,0,2,-2,8,-6,8,-5,8,-5,7,-4,6,-2,5,-2,4,-4,4,-4,3,-1,0,-3,-2,-8,-1,-10,0,-11,4,-13,6,-16,3,-18,2,-18,2,-18,1,-20,0,-21,0,-23,1,-24,2,-23,0,-19,-4,-16,-6,-17"
28.158931016921997,336,"CSI,3099,128,83,49,21,0,-3,-14,-6,-9,-7,-6,-8,-7,-10,-4,-12,-1,-15,0,-18,1,-16,-1,-13,-5,-13,-5,-13,-4,-14,-4,-13,-4,-11,-7,-8,-9,-4,-7,-2,-4,-1,-1,0,0,0,1,1,3,1,4,1,5,0,6,-1,1,0,0,0,0,0,0,0,0,0,0,0,0,0,0,0,0,0,0,-1,-2,-3,-8,-2,-9,0,-10,0,-8,0,-5,-1,-4,-2,-5,-4,-6,-5,-7,-7,-10,-9,-12,-9,-13,-8,-13,-8,-13,-7,-15,-7,-18,-6,-19,-5,-17,-7,-17,-9,-19,-9,-20,-8,-21,-8,-20,-9,-19,-9,-18,-9,-15"
28.256020069122314,337,"CSI,3103,128,83,49,21,0,6,9,5,8,5,6,6,2,6,-1,6,-2,10,-3,14,-1,14,-2,11,-4,11,-6,13,-8,14,-6,13,-3,11,-1,10,1,6,2,2,1,0,2,1,2,1,0,-3,0,-8,0,-9,-3,-9,-4,-3,-2,0,0,0,0,0,0,0,0,0,0,0,0,0,0,0,0,0,0,-2,1,-7,6,-7,4,-7,3,-8,3,-8,2,-7,2,-5,3,-5,3,-4,3,-1,7,2,9,2,9,3,10,4,11,3,12,4,14,6,17,4,20,3,21,4,20,4,19,3,19,5,19,7,20,8,19,10,19"
28.357516765594482,338,"CSI,3106,128,83,49,21,0,-1,15,-1,11,-1,6,0,3,2,3,5,3,10,6,17,7,17,6,13,6,9,8,7,9,8,9,8,9,7,9,4,7,0,3,-2,0,-1,1,1,0,2,-3,2,-5,3,-6,5,-6,5,-5,1,-2,0,0,0,0,0,0,0,0,0,0,0,0,0,0,0,0,0,0,0,2,0,9,-2,8,-3,10,-2,10,-1,7,-1,5,-1,3,-1,2,1,4,3,6,3,7,4,9,5,11,5,12,4,11,2,11,1,11,1,13,3,17,4,18,2,17,0,15,-1,18,-1,23,0,23,1,20"
28.465101957321167,339,"CSI,3111,128,83,49,21,0,-6,-13,-8,-8,-8,-5,-8,-5,-10,-3,-10,1,-12,0,-13,-4,-13,-1,-15,2,-17,2,-16,2,-16,0,-15,-1,-12,-3,-9,-4,-7,-4,-5,-3,-3,-2,-1,-1,0,0,2,2,5,4,5,6,4,6,0,1,0,0,0,0,0,0,0,0,0,0,0,0,0,0,0,0,0,0,0,-2,3,-7,4,-7,6,-7,6,-6,5,-7,3,-5,1,-4,0,-4,0,-5,0,-6,-1,-6,-3,-8,-4,-11,-4,-12,-6,-12,-9,-16,-8,-19,-7,-18,-9,-17,-8,-16,-9,-17,-9,-20,-7,-22,-7,-19,-9,-17,-11,-17"
28.56331181526184,340,"CSI,3115,128,83,49,21,0,11,5,8,3,6,3,6,1,7,-3,7,-8,5,-9,2,-8,5,-7,9,-7,13,-7,14,-8,14,-7,11,-6,10,-4,11,-1,9,-1,5,-1,1,-1,-3,-2,-4,-2,-4,-1,-4,-3,-3,-8,-2,-10,-1,-3,0,0,0,0,0,0,0,0,0,0,0,0,0,0,0,0,0,0,1,0,7,2,7,3,6,5,4,6,2,5,2,3,2,2,2,3,3,2,6,0,7,-1,8,-2,11,-2,13,-1,13,1,14,2,15,0,15,-1,15,1,15,3,15,3,17,5,20,8,21,9,19,7,16,2"
28.629984140396118,341,"CSI,3749,128,83,49,21,0,-12,5,-9,5,-8,6,-8,6,-7,5,-5,7,-2,8,1,8,-2,6,-7,3,-10,3,-10,5,-8,6,-9,5,-11,4,-11,3,-8,2,-6,1,-6,0,-4,0,-2,0,-2,1,-3,3,-3,2,-4,-1,-2,-1,0,0,0,0,0,0,0,0,0,0,0,0,0,0,0,0,0,0,-1,0,-3,-1,-4,0,-4,2,-4,2,-6,3,-5,4,-5,4,-5,4,-4,4,-4,3,-6,2,-7,1,-4,-1,-4,-1,-5,0,-3,1,-2,1,-4,3,-5,6,-6,10,-4,11,-5,10,-11,9,-15,11,-15,11,-15,7"
28.660555839538574,342,"CSI,1139,128,77,-47,20,0,-12,3,-10,5,-7,8,-2,8,1,8,2,9,2,9,0,8,0,10,1,13,2,11,3,10,3,12,2,13,-1,11,-2,8,-1,5,-2,2,-2,0,-1,-1,0,-3,1,-6,2,-6,4,-6,6,-6,1,-2,0,0,0,0,0,0,0,0,0,0,0,0,0,0,0,0,0,0,-3,-2,-12,-5,-10,-5,-9,-6,-9,-8,-7,-7,-4,-4,-4,-2,-6,-1,-7,1,-7,3,-8,5,-8,6,-10,8,-11,8,-13,8,-16,8,-17,9,-17,8,-17,7,-17,8,-17,9,-16,6,-18,6,-18,8,-16,6,-14,3"
28.69269108772278,343,"CSI,3119,128,83,49,21,0,-7,-7,-7,-7,-5,-4,-7,-4,-10,-6,-10,-2,-13,0,-21,-3,-22,0,-18,1,-16,-1,-15,0,-15,0,-13,-1,-8,-2,-7,-4,-7,-5,-4,-2,-2,0,0,-1,0,0,0,1,1,4,3,7,2,7,0,1,0,0,0,0,0,0,0,0,0,0,0,0,0,0,0,0,0,0,0,-3,2,-11,4,-9,5,-8,6,-7,7,-5,5,-5,3,-4,2,-4,1,-6,-1,-8,-3,-9,-1,-10,-2,-11,-6,-13,-6,-12,-5,-10,-6,-14,-7,-17,-5,-18,-6,-18,-6,-19,-6,-21,-6,-23,-3,-23,-1,-21,-5,-21"
28.732542037963867,344,"CSI,3752,128,83,49,21,0,8,-10,5,-9,3,-11,1,-11,-2,-9,-3,-9,-3,-5,-8,2,-9,0,-7,-6,-7,-8,-7,-8,-7,-9,-8,-9,-7,-8,-7,-9,-4,-9,-2,-6,-3,-5,-3,-4,-3,-1,-4,2,-5,3,-5,3,-4,4,-1,1,0,0,0,0,0,0,0,0,0,0,0,0,0,0,0,0,0,0,0,-1,2,-1,2,-1,3,-2,5,-3,6,-4,6,-4,7,-1,9,2,10,0,10,-3,9,-3,8,0,9,3,9,2,7,-1,4,-4,0,-7,-1,-9,-1,-11,-1,-11,0,-11,1,-12,2,-13,4,-16,5,-19,4,-19"
28.872654914855957,345,"CSI,3127,128,83,49,21,0,-11,-1,-9,0,-8,2,-6,4,-6,7,-7,9,-9,7,-12,5,-11,8,-9,12,-9,12,-11,12,-11,10,-9,4,-9,0,-10,-1,-6,-1,-2,-1,-2,-2,-3,-1,-1,0,3,0,5,0,4,2,3,4,0,1,0,0,0,0,0,0,0,0,0,0,0,0,0,0,0,0,0,0,-3,1,-12,4,-10,2,-7,-1,-8,-3,-9,-3,-6,-2,-4,0,-4,1,-6,1,-7,2,-7,4,-8,5,-8,7,-9,7,-11,6,-13,7,-15,7,-16,6,-15,6,-15,5,-18,5,-19,4,-21,2,-22,3,-23,6,-22,7"
28.974463939666748,346,"CSI,3131,128,83,49,21,0,8,-8,7,-8,3,-8,1,-8,-4,-8,-8,-9,-7,-8,-4,-4,-4,-4,-8,-8,-12,-10,-12,-10,-12,-12,-9,-13,-7,-12,-7,-11,-7,-10,-5,-8,-2,-4,-1,0,2,0,4,2,3,4,0,4,-3,4,-1,1,0,0,0,0,0,0,0,0,0,0,0,0,0,0,0,0,0,0,1,1,5,7,5,8,5,9,2,7,0,5,2,6,4,5,6,3,6,3,5,2,9,0,12,-1,11,-2,9,0,9,0,12,-3,15,-5,16,-5,17,-5,18,-6,20,-7,19,-7,20,-6,21,-8,20,-7,18,-4"
29.03773593902588,347,"CSI,3764,128,83,49,21,0,-6,3,-6,4,-3,6,1,5,3,3,4,3,2,1,0,-3,0,0,3,5,6,6,7,6,9,7,8,8,7,8,7,7,4,6,2,4,2,2,0,0,1,-1,2,-2,3,-4,3,-7,3,-7,0,-2,0,0,0,0,0,0,0,0,0,0,0,0,0,0,0,0,0,0,0,-1,0,-1,-1,0,-4,0,-7,0,-7,0,-7,-1,-5,0,-6,-1,-9,-1,-8,-3,-6,-5,-7,-5,-7,-4,-6,-3,-5,-2,-5,0,-4,1,-5,3,-5,6,-4,10,-5,11,-8,12,-8,15,-9,16,-11,14,-12,10"
29.07607889175415,348,"CSI,3135,128,83,49,21,0,3,13,6,9,7,4,7,1,8,-1,9,-4,13,-6,20,-6,18,-7,14,-8,15,-7,15,-7,14,-6,15,-4,14,-2,10,0,5,1,0,0,-2,0,-4,1,-6,0,-7,0,-8,0,-7,-1,-8,-2,-2,-1,0,0,0,0,0,0,0,0,0,0,0,0,0,0,0,0,0,0,-2,1,-8,3,-10,2,-10,2,-9,2,-7,0,-5,0,-4,1,-3,1,-3,2,-3,4,-1,7,0,12,-1,13,-2,10,0,10,1,11,3,15,3,18,4,20,4,21,5,21,6,20,5,20,2,21,0,21,0,20"
29.180157899856567,349,"CSI,3138,128,83,49,21,0,-8,12,-6,12,-4,10,0,9,3,9,4,9,6,7,6,3,6,4,10,8,10,9,8,12,7,15,5,14,4,10,3,8,-1,9,-4,7,-2,3,-3,0,-4,-3,-3,-5,-2,-7,-2,-7,0,-7,0,-2,0,0,0,0,0,0,0,0,0,0,0,0,0,0,0,0,0,0,-2,0,-8,0,-9,0,-10,0,-9,-1,-8,-2,-8,-3,-8,-5,-8,-4,-10,-2,-9,0,-7,3,-5,4,-5,5,-6,9,-9,11,-12,14,-12,14,-12,12,-15,12,-14,15,-12,15,-14,14,-18,13,-18,14,-15,14,-13,12"
29.281331062316895,350,"CSI,3143,128,83,49,21,0,10,-2,8,-3,8,-3,7,-5,3,-8,-1,-9,-4,-10,-7,-12,-6,-11,-3,-12,-1,-14,0,-14,-2,-13,-1,-13,1,-13,3,-10,4,-7,2,-5,0,-3,-1,0,-1,1,-1,2,-2,2,-5,3,-7,3,-2,0,0,0,0,0,0,0,0,0,0,0,0,0,0,0,0,0,0,0,1,0,5,3,7,6,6,8,4,8,1,6,-1,5,0,5,3,4,4,2,5,0,6,0,7,0,9,-1,9,-1,9,-2,13,-4,14,-4,15,-4,18,-4,17,-3,17,-3,18,-5,19,-5,20,-3,21,-1,20,-2"
29.345492124557495,351,"CSI,3776,128,83,49,21,0,-7,4,-5,4,-4,6,-2,7,0,6,2,4,2,0,2,-5,4,-2,5,4,4,7,5,8,4,8,5,7,6,5,4,4,4,3,4,2,2,2,1,1,1,-2,1,-2,1,-4,0,-7,0,-9,0,-3,0,0,0,0,0,0,0,0,0,0,0,0,0,0,0,0,0,0,1,0,4,-1,0,-2,-2,-2,-3,-2,-3,-4,-3,-7,-3,-9,-2,-10,-1,-9,-2,-9,-2,-9,-1,-9,1,-8,-1,-6,-3,-4,-3,-2,-4,-2,-6,-2,-9,1,-10,3,-11,1,-12,0,-14,3,-18,5,-17,4,-14,4"
29.386301040649414,352,"CSI,3147,128,83,49,21,0,-1,-10,-2,-8,-4,-9,-6,-7,-6,-4,-9,-5,-12,-5,-12,-1,-13,-2,-16,-4,-13,-4,-12,-6,-13,-8,-11,-9,-10,-9,-10,-9,-7,-9,-3,-8,0,-5,0,-1,0,1,2,2,1,5,0,7,-1,8,-1,2,0,0,0,0,0,0,0,0,0,0,0,0,0,0,0,0,0,0,0,-2,1,-8,2,-6,3,-6,3,-7,3,-7,2,-6,2,-7,2,-6,1,-5,1,-6,3,-7,2,-8,0,-8,-2,-8,-4,-8,-3,-12,-3,-16,-5,-16,-4,-16,-3,-18,-3,-20,-2,-20,1,-21,1,-24,-1,-23,-1,-20"
29.590645790100098,353,"CSI,3154,128,83,49,21,0,-9,-10,-7,-7,-6,-1,-4,5,-4,7,-5,6,-7,6,-8,5,-6,9,-5,13,-4,12,-1,14,-2,16,-4,14,-5,10,-5,6,-5,4,-5,3,-3,1,-2,0,-2,0,-2,-1,-1,-3,1,-6,-1,-8,-1,-3,0,0,0,0,0,0,0,0,0,0,0,0,0,0,0,0,0,0,1,-1,7,-1,8,0,11,0,10,1,7,1,6,-1,6,-2,5,-4,5,-4,5,-3,2,-5,-1,-9,-3,-9,-3,-8,-3,-9,-6,-12,-7,-15,-5,-16,-8,-14,-11,-12,-9,-13,-9,-16,-11,-19,-11,-18,-9,-17,-7,-15"
29.691672801971436,354,"CSI,3158,128,83,49,21,0,-12,8,-10,9,-6,9,-3,7,1,6,3,7,2,8,1,8,3,8,6,9,7,12,8,15,9,15,6,12,2,10,-1,9,-2,9,-2,7,-1,4,0,1,-2,-2,-2,-5,0,-5,2,-5,5,-6,1,-2,0,0,0,0,0,0,0,0,0,0,0,0,0,0,0,0,0,0,-3,-1,-8,-2,-8,-3,-9,-4,-9,-3,-8,-3,-6,-2,-6,-3,-6,-4,-5,-2,-5,0,-8,3,-8,5,-9,6,-10,7,-10,7,-10,8,-14,9,-18,11,-19,14,-18,14,-18,14,-17,13,-18,9,-17,8,-16,10,-15,8"
29.796568870544434,355,"CSI,3162,128,83,49,21,0,-13,-4,-12,-1,-9,2,-6,6,-6,9,-7,9,-4,12,-1,15,-2,15,-5,13,-6,11,-7,9,-8,11,-9,11,-10,7,-10,3,-9,3,-7,0,-5,-3,-3,-3,-1,-2,1,-1,4,0,6,0,7,1,1,0,0,0,0,0,0,0,0,0,0,0,0,0,0,0,0,0,0,0,-2,-2,-6,-8,-6,-8,-5,-8,-4,-8,-3,-7,-3,-6,-4,-4,-5,-4,-7,-3,-7,-3,-7,-5,-8,-5,-10,-5,-11,-4,-12,-3,-14,-4,-16,-6,-18,-6,-17,-5,-16,-6,-18,-7,-19,-7,-19,-7,-18,-8,-17,-7,-15,-6"
29.89663600921631,356,"CSI,3166,128,83,49,21,0,-8,-9,-7,-8,-6,-4,-6,0,-8,2,-8,6,-6,5,-3,2,-4,4,-6,8,-6,10,-5,10,-5,11,-6,9,-6,7,-6,5,-5,3,-4,1,-1,0,1,1,-1,2,0,0,3,-1,4,-2,5,-4,1,-2,0,0,0,0,0,0,0,0,0,0,0,0,0,0,0,0,0,0,2,-2,10,-3,10,0,7,3,6,3,5,2,3,0,3,-3,4,-3,4,-3,4,-3,2,-3,0,-6,-1,-10,-3,-12,-3,-14,-2,-16,-1,-16,-1,-15,-2,-16,-4,-20,-2,-21,0,-19,-2,-18,-4,-16,-7,-15,-8,-16"
29.996593952178955,357,"CSI,3171,128,83,49,21,0,1,9,2,7,5,2,5,0,6,0,8,-2,7,-6,4,-11,7,-9,12,-4,15,-5,16,-4,16,-3,13,-4,9,-2,8,1,6,1,3,1,2,1,1,2,-2,2,-4,1,-5,-3,-7,-6,-8,-6,-2,-2,0,0,0,0,0,0,0,0,0,0,0,0,0,0,0,0,0,0,-2,1,-7,6,-8,4,-10,2,-9,1,-7,1,-7,1,-6,2,-4,3,-2,3,-1,4,0,5,0,6,-1,8,1,10,2,12,4,15,3,15,3,15,4,17,4,17,3,18,3,20,4,17,5,15,4,14,0,11"
30.098922967910767,358,"CSI,3175,128,83,49,21,0,15,3,11,2,7,0,7,-3,8,-7,6,-11,2,-12,-2,-8,2,-7,8,-10,8,-11,8,-8,11,-9,10,-10,8,-8,8,-5,7,-3,3,-2,1,-2,-1,-1,-4,0,-5,0,-6,-1,-9,-3,-10,-4,-3,-1,0,0,0,0,0,0,0,0,0,0,0,0,0,0,0,0,0,0,0,1,2,6,2,7,1,6,1,6,1,5,3,6,3,6,2,6,3,5,4,3,4,3,6,2,7,2,9,3,12,4,14,4,16,5,17,6,18,5,19,6,18,7,17,8,17,8,17,9,14,9,10,10"
30.30460500717163,359,"CSI,3182,128,83,49,21,0,8,6,9,4,10,2,7,-3,6,-7,8,-10,7,-12,4,-16,3,-15,6,-13,8,-13,10,-13,11,-12,7,-9,7,-7,9,-5,8,-3,4,-2,2,0,0,0,-1,0,-3,2,-6,1,-9,-1,-11,-2,-3,-1,0,0,0,0,0,0,0,0,0,0,0,0,0,0,0,0,0,0,-1,0,-4,1,-5,2,-6,2,-7,1,-9,3,-8,2,-6,1,-4,0,-3,1,-3,5,-2,6,0,4,0,5,1,9,5,11,8,11,10,13,9,16,7,19,7,20,6,18,7,16,7,15,6,16,5,16,2,15"
30.40784192085266,360,"CSI,3186,128,83,49,21,0,11,1,7,-4,6,-6,4,-8,-1,-10,-2,-12,-3,-12,-5,-12,-4,-11,-2,-12,-2,-13,-3,-14,-2,-14,-1,-14,3,-13,5,-11,7,-8,7,-5,4,-3,0,0,-1,2,-2,3,-2,3,-2,3,-3,2,-1,0,0,0,0,0,0,0,0,0,0,0,0,0,0,0,0,0,0,0,-2,2,-6,9,-6,6,-6,6,-7,5,-5,2,-5,1,-6,2,-3,5,1,6,2,5,0,5,0,5,2,4,7,5,11,7,12,7,13,7,14,6,15,6,16,8,16,9,18,11,17,12,14,13,11,11,9,8"
30.510660886764526,361,"CSI,3190,128,83,49,21,0,-3,12,0,9,3,6,5,3,8,1,10,1,11,3,10,7,11,8,14,2,14,-2,13,-1,12,1,10,3,6,5,4,6,5,6,2,6,-1,1,-3,-2,-4,-1,-6,-2,-7,-5,-4,-7,0,-7,0,-2,0,0,0,0,0,0,0,0,0,0,0,0,0,0,0,0,0,0,-1,1,-3,4,-4,2,-7,0,-7,0,-6,0,-6,1,-4,1,-2,0,-4,1,-3,5,1,7,3,7,2,8,1,10,-1,13,0,15,2,15,1,17,0,20,0,20,-1,19,0,20,0,23,-1,22,1,19,2,15"
30.541374921798706,362,"CSI,1141,128,77,-47,20,0,12,-7,5,-10,0,-10,-3,-7,-6,-7,-6,-10,-7,-12,-10,-17,-10,-19,-8,-16,-7,-14,-6,-12,-5,-13,-4,-14,-1,-13,1,-11,1,-7,1,-3,1,-1,-1,0,-2,1,-3,3,-6,4,-8,3,-9,3,-3,1,0,0,0,0,0,0,0,0,0,0,0,0,0,0,0,0,0,0,1,-1,4,-2,4,-1,4,1,3,2,3,2,4,0,3,-1,2,-1,5,-1,6,-3,4,-3,4,-4,3,-5,4,-8,7,-9,8,-10,8,-11,10,-13,12,-15,13,-15,14,-15,15,-17,15,-19,14,-16,14,-12,13,-11"
30.56918478012085,363,"CSI,1142,128,77,-47,20,0,9,3,8,2,9,-1,7,-4,1,-6,2,-10,1,-14,-4,-14,-3,-12,0,-12,0,-13,1,-13,3,-14,4,-14,6,-12,8,-9,6,-7,3,-5,2,0,1,3,0,1,-2,1,-3,4,-6,6,-8,6,-2,1,0,0,0,0,0,0,0,0,0,0,0,0,0,0,0,0,0,0,0,1,0,4,-2,5,-6,7,-6,7,-5,5,-3,1,0,0,0,2,0,3,3,2,6,1,8,1,8,3,8,5,11,6,14,5,16,3,15,5,16,8,16,8,17,8,18,8,16,8,16,9,17,8,16,7"
30.614200830459595,364,"CSI,3195,128,83,49,21,0,-11,-1,-8,4,-4,6,0,7,2,9,2,12,4,13,7,13,7,14,2,14,0,13,0,12,1,13,0,13,-2,12,-3,10,-2,6,-1,-1,-1,-6,0,-5,-1,-3,-1,-3,-1,-5,0,-8,2,-9,0,-2,0,0,0,0,0,0,0,0,0,0,0,0,0,0,0,0,0,0,1,-2,8,-7,7,-6,5,-4,5,-5,5,-6,3,-3,1,-2,-1,-4,0,-5,1,-3,-3,-5,-5,-7,-6,-7,-7,-6,-10,-7,-14,-7,-15,-7,-16,-7,-18,-5,-21,-3,-21,-4,-20,-5,-19,-7,-19,-6,-20,-4,-19,-7"
30.71566390991211,365,"CSI,3198,128,83,49,21,0,-3,7,-1,5,2,3,5,3,8,1,8,0,9,-1,13,-5,14,-5,13,-1,14,3,12,5,11,5,10,4,8,5,5,7,5,5,2,2,-2,-1,-3,-1,-4,-1,-5,-2,-5,-2,-6,-3,-5,-4,-2,-1,0,0,0,0,0,0,0,0,0,0,0,0,0,0,0,0,0,0,-2,-1,-6,-4,-7,-3,-9,-4,-8,-7,-7,-6,-6,-2,-6,-1,-4,0,-3,2,-3,4,-4,3,-4,3,-5,4,-6,6,-8,10,-8,11,-5,12,-4,15,-4,17,-6,14,-8,15,-9,18,-11,19,-13,19,-10,18,-7,14"
30.818293809890747,366,"CSI,3203,128,83,49,21,0,-10,7,-6,7,-1,9,1,8,3,7,5,8,4,8,2,10,6,12,9,10,10,8,9,10,10,11,8,9,4,8,1,6,-1,5,-3,3,-4,1,-3,-1,0,0,1,-1,0,-3,-2,-6,-3,-8,-1,-2,0,0,0,0,0,0,0,0,0,0,0,0,0,0,0,0,0,0,-2,-1,-5,-5,-4,-7,-4,-7,-5,-7,-4,-7,-2,-5,0,-5,-1,-5,-4,-3,-7,1,-8,1,-7,1,-5,5,-6,7,-11,6,-12,9,-10,11,-12,10,-12,10,-14,11,-16,13,-16,15,-18,14,-20,13,-21,12,-22,9"
30.920294046401978,367,"CSI,3206,128,83,49,21,0,-9,8,-7,5,-3,2,-1,3,1,6,4,9,8,13,10,16,13,12,15,8,15,7,12,8,9,10,10,12,9,12,4,11,0,7,-1,2,0,0,-1,0,-3,-1,-5,-3,-4,-4,-3,-5,-1,-7,0,-2,0,0,0,0,0,0,0,0,0,0,0,0,0,0,0,0,0,0,-2,-3,-6,-10,-3,-8,0,-8,2,-8,3,-6,2,-7,-1,-6,-2,-5,-4,-6,-5,-6,-6,-4,-6,-2,-6,0,-7,2,-7,3,-10,5,-12,7,-14,3,-19,2,-20,4,-21,4,-20,3,-18,6,-20,10,-20,9,-15,5"
31.02574896812439,368,"CSI,3211,128,83,49,21,0,-11,-6,-10,-4,-11,-2,-11,3,-9,8,-9,10,-8,9,-3,7,-2,7,-7,9,-9,11,-9,12,-10,10,-10,8,-11,7,-10,4,-8,0,-5,-2,-2,-1,-1,-1,1,-4,1,-6,1,-6,3,-4,5,-4,1,-2,0,0,0,0,0,0,0,0,0,0,0,0,0,0,0,0,0,0,1,-1,7,-4,5,-7,5,-7,5,-4,5,-4,5,-4,4,-3,2,-4,2,-5,1,-4,-2,-5,-5,-8,-7,-10,-10,-10,-12,-9,-13,-11,-12,-13,-12,-14,-12,-14,-13,-14,-15,-14,-15,-15,-13,-16,-15,-14,-17,-12,-14,-16"
31.127481937408447,369,"CSI,3215,128,83,49,21,0,-11,-9,-9,-6,-10,-2,-8,2,-7,4,-8,7,-8,6,-8,2,-13,1,-14,3,-11,6,-13,6,-15,5,-13,4,-10,2,-9,-1,-7,-3,-5,-4,-2,-2,1,0,3,1,5,4,6,5,7,5,6,6,1,1,0,0,0,0,0,0,0,0,0,0,0,0,0,0,0,0,0,0,-2,-2,-6,-6,-5,-7,-4,-8,-4,-9,-3,-8,-1,-7,1,-6,2,-5,1,-3,-2,-3,-7,-3,-9,-2,-9,-1,-11,-2,-14,-3,-16,-2,-16,-3,-15,-4,-17,-7,-20,-8,-21,-10,-21,-11,-20,-12,-17,-12,-15,-9,-13,-3"
31.22614884376526,370,"CSI,3219,128,83,49,21,0,0,13,2,8,6,3,6,0,8,-2,10,-3,9,-6,6,-8,6,-7,9,-5,10,-4,12,-3,14,-5,12,-5,9,-1,8,1,8,2,6,2,4,1,1,3,-2,2,-4,2,-7,2,-8,-1,-8,-3,-2,-1,0,0,0,0,0,0,0,0,0,0,0,0,0,0,0,0,0,0,-3,0,-9,1,-9,0,-11,-1,-11,-1,-9,0,-7,-1,-4,-2,-2,-1,-2,1,0,1,-1,3,-2,6,-1,9,1,11,0,12,3,13,3,14,-1,16,0,17,2,18,2,19,1,21,3,19,3,16,2,15,3,17"
31.330554962158203,371,"CSI,3223,128,83,49,21,0,-12,0,-9,0,-5,2,-2,4,0,7,2,8,1,11,3,15,6,14,6,11,7,10,8,8,6,10,4,10,1,11,-1,12,-4,10,-5,5,-5,3,-4,0,-3,-4,-2,-5,0,-5,2,-7,3,-8,0,-2,0,0,0,0,0,0,0,0,0,0,0,0,0,0,0,0,0,0,-1,-1,0,-4,3,-6,5,-7,4,-7,5,-7,6,-7,4,-7,1,-6,0,-5,-3,-4,-5,-3,-6,-1,-9,-1,-13,-2,-17,-1,-18,-3,-18,-7,-18,-9,-19,-8,-20,-7,-20,-5,-18,-4,-16,-2,-17,1,-18,1,-17,-1"
31.432816982269287,372,"CSI,3226,128,83,49,21,0,-14,4,-10,3,-7,4,-5,5,-6,6,-4,7,3,8,9,8,5,8,-2,11,-1,14,-1,14,-3,14,-5,13,-5,11,-6,9,-7,5,-6,1,-4,0,-2,-1,0,-3,2,-4,5,-4,7,-5,7,-6,1,-2,0,0,0,0,0,0,0,0,0,0,0,0,0,0,0,0,0,0,-2,-3,-7,-8,-6,-6,-4,-6,-2,-7,-3,-7,-5,-6,-4,-5,-3,-5,-5,-4,-7,-1,-8,0,-8,1,-9,3,-11,4,-12,4,-13,4,-16,2,-19,2,-20,4,-20,4,-21,3,-21,2,-21,2,-21,1,-23,1,-24,1"
31.53222894668579,373,"CSI,3230,128,83,49,21,0,5,10,4,6,5,4,5,3,6,2,9,-1,8,-5,4,-8,7,-8,12,-8,12,-6,11,-2,10,-3,9,-3,9,-1,8,2,7,4,5,4,2,2,1,1,0,1,-4,0,-6,-2,-5,-4,-3,-6,-1,-2,0,0,0,0,0,0,0,0,0,0,0,0,0,0,0,0,0,0,-1,0,-4,1,-5,0,-6,1,-7,3,-6,2,-6,0,-7,0,-4,1,-2,1,-1,2,1,4,3,7,3,9,2,10,2,11,2,13,4,14,6,14,5,15,4,16,4,17,5,18,6,19,7,19,6,18,5,16"
31.63632297515869,374,"CSI,3235,128,83,49,21,0,10,-1,7,1,5,-3,2,-7,-3,-8,-4,-9,-4,-9,-7,-6,-8,-6,-6,-10,-5,-12,-3,-14,-3,-15,-4,-13,-6,-12,-6,-10,-4,-8,0,-5,2,-2,1,-1,1,0,1,2,0,4,0,6,0,6,0,1,0,0,0,0,0,0,0,0,0,0,0,0,0,0,0,0,0,0,0,2,0,9,-3,7,-4,5,-4,4,-3,5,-3,4,-3,3,-2,4,-1,3,2,1,3,0,4,-1,7,-1,9,1,10,3,13,2,15,1,15,0,16,0,19,2,20,1,20,-1,20,-2,18,-1,16,-1,15,-2"
31.737256050109863,375,"CSI,3238,128,83,49,21,0,8,6,7,2,5,-2,5,-5,6,-6,6,-6,4,-7,5,-7,7,-11,6,-15,5,-16,6,-15,8,-14,8,-12,8,-9,8,-5,6,-2,6,0,5,0,2,0,-2,1,-4,2,-3,2,-4,0,-7,-1,-2,-1,0,0,0,0,0,0,0,0,0,0,0,0,0,0,0,0,0,0,-1,1,-1,7,0,8,-1,8,-4,7,-4,6,-2,4,-1,4,1,3,4,1,6,0,7,-1,6,-2,6,-1,8,1,11,4,13,6,13,8,13,8,17,7,17,7,13,7,14,7,17,7,18,7,16,5,15,4"
31.826187133789062,376,"CSI,550,128,101,81,22,0,-15,-18,-16,-18,-16,-17,-16,-16,-16,-16,-16,-15,-16,-15,-16,-15,-16,-15,-16,-15,-16,-15,-16,-14,-16,-14,-16,-14,-16,-14,-15,-14,-14,-15,-14,-15,-13,-14,-12,-13,-11,-12,-11,-12,-10,-12,-9,-12,-9,-12,-2,-3,0,0,0,0,0,0,0,0,0,0,0,0,0,0,0,0,0,0,-4,-4,-15,-16,-15,-16,-15,-17,-16,-18,-16,-18,-17,-20,-17,-21,-17,-21,-16,-21,-16,-21,-15,-22,-15,-23,-15,-23,-15,-23,-15,-22,-15,-22,-15,-22,-15,-21,-15,-20,-16,-20,-16,-19,-16,-19,-16,-20,-16,-19,-17,-19,-18,-19"
31.858178853988647,377,"CSI,3243,128,83,49,21,0,-14,-9,-11,-4,-7,1,-6,4,-5,6,-5,11,-5,10,-4,5,-5,7,-8,10,-9,10,-9,11,-9,11,-8,9,-9,7,-9,7,-7,4,-3,1,-1,0,0,2,2,2,4,2,4,0,5,0,6,1,1,0,0,0,0,0,0,0,0,0,0,0,0,0,0,0,0,0,0,0,0,-3,1,-10,1,-8,2,-8,3,-6,2,-4,1,-4,0,-3,-1,-4,-2,-6,-1,-5,-4,-5,-8,-6,-11,-7,-13,-8,-14,-7,-14,-6,-14,-7,-15,-8,-17,-9,-19,-10,-17,-11,-17,-10,-19,-9,-19,-9,-17,-10,-14,-10"
31.931560039520264,378,"CSI,551,128,101,81,22,0,-1,17,0,17,0,17,0,16,0,16,0,16,1,16,2,16,2,16,2,16,2,16,2,16,2,15,1,15,1,15,1,15,1,14,1,14,0,13,0,13,-1,12,-1,11,-1,11,-1,10,-1,10,-1,2,0,0,0,0,0,0,0,0,0,0,0,0,0,0,0,0,0,0,0,3,0,15,0,16,-1,16,-1,17,-1,17,-1,18,-1,19,-1,19,-2,19,-3,19,-3,19,-3,20,-3,20,-3,20,-3,19,-3,19,-3,19,-3,19,-3,18,-2,18,-2,18,-1,18,-1,18,-1,18,-1,18,0,18"
31.95717191696167,379,"CSI,3247,128,83,49,21,0,7,14,7,8,4,4,4,2,7,-2,9,-5,8,-6,5,-7,7,-5,11,-3,13,-2,13,0,14,-1,13,-1,10,0,9,3,6,5,2,4,1,1,0,1,-3,1,-5,0,-4,-2,-4,-5,-3,-7,-1,-2,0,0,0,0,0,0,0,0,0,0,0,0,0,0,0,0,0,0,0,1,-1,7,-3,8,-4,6,-4,5,-4,3,-5,3,-4,6,-3,7,-2,6,-1,6,0,8,1,9,1,8,4,10,8,12,7,12,5,14,5,17,5,18,4,18,6,17,8,17,8,15,7,16,6,18,4,16"
32.04315996170044,380,"CSI,552,128,101,81,22,0,22,1,22,1,22,1,22,0,22,-1,21,-1,21,-1,21,-1,21,-1,20,-2,20,-2,20,-2,20,-2,20,-2,20,-2,20,-1,19,0,18,0,17,0,17,0,16,0,15,0,15,1,14,1,13,2,3,0,0,0,0,0,0,0,0,0,0,0,0,0,0,0,0,0,0,0,5,0,21,0,21,1,22,1,22,1,23,2,24,2,24,3,25,3,25,4,26,4,25,4,25,5,25,5,24,5,24,5,25,5,24,5,24,4,24,3,24,3,24,2,24,2,23,3,24,2,24,2,24,2"
32.0735559463501,381,"CSI,3250,128,83,49,21,0,-12,5,-11,4,-6,4,-1,4,2,4,5,3,7,9,8,15,10,12,11,6,13,6,13,10,12,12,9,11,7,11,3,11,-2,7,-3,3,-1,1,-1,-1,-1,-2,-3,-3,-3,-4,-3,-6,-3,-8,-1,-3,0,0,0,0,0,0,0,0,0,0,0,0,0,0,0,0,0,0,-1,-2,0,-8,2,-10,3,-10,3,-9,3,-8,2,-7,1,-6,-2,-4,-3,-4,-4,-3,-6,-1,-8,1,-9,0,-11,-2,-14,-2,-18,-2,-17,-3,-16,-3,-17,-3,-20,-2,-21,1,-21,5,-20,7,-17,7,-17,6,-17,5"
32.15185499191284,382,"CSI,3254,128,83,49,21,0,-9,11,-6,7,-2,5,2,4,5,4,7,6,13,10,19,11,17,6,13,3,11,3,11,4,12,7,10,8,8,8,8,8,7,6,3,3,0,1,0,-1,0,-3,0,-4,-1,-5,-1,-6,1,-8,0,-2,0,0,0,0,0,0,0,0,0,0,0,0,0,0,0,0,0,0,-2,-1,-8,-4,-7,-6,-5,-7,-5,-8,-4,-5,-4,-3,-5,-4,-5,-3,-7,1,-8,3,-5,3,-5,6,-8,8,-9,8,-10,10,-12,12,-12,11,-11,11,-12,13,-14,15,-14,15,-13,14,-12,13,-13,16,-12,18,-11,15"
32.182636737823486,383,"CSI,553,128,101,81,22,0,4,-23,3,-23,3,-23,3,-22,3,-22,2,-22,1,-22,1,-22,1,-22,0,-22,0,-22,0,-22,0,-21,1,-21,1,-20,2,-20,2,-20,2,-19,2,-18,3,-17,3,-17,3,-16,3,-15,3,-14,3,-14,0,-4,0,0,0,0,0,0,0,0,0,0,0,0,0,0,0,0,0,0,0,-6,3,-21,3,-22,4,-23,4,-23,4,-24,5,-24,5,-25,6,-26,7,-26,7,-26,7,-26,7,-26,7,-26,7,-26,7,-25,7,-25,7,-25,7,-25,7,-24,6,-24,6,-24,5,-24,4,-24,4,-24,5,-24,4,-25"
32.25415086746216,384,"CSI,3258,128,83,49,21,0,-9,-11,-9,-6,-9,0,-7,1,-7,2,-7,5,-4,7,-3,7,-6,8,-9,10,-9,12,-10,13,-11,14,-11,13,-9,11,-9,9,-9,6,-7,1,-6,-3,-5,-4,-1,-4,1,-3,2,-1,4,-2,6,-2,1,-1,0,0,0,0,0,0,0,0,0,0,0,0,0,0,0,0,0,0,0,-3,3,-8,5,-6,7,-4,7,-1,5,0,4,0,3,-2,2,-3,-1,-2,-3,-4,-2,-7,-2,-7,-5,-9,-6,-11,-7,-13,-7,-15,-7,-17,-8,-18,-8,-17,-6,-15,-7,-14,-10,-17,-11,-19,-10,-18,-11,-15,-11,-10"
32.28742480278015,385,"CSI,554,128,101,81,22,0,16,-6,15,-7,15,-7,15,-7,15,-7,15,-8,14,-8,14,-7,14,-8,14,-8,13,-8,13,-8,13,-8,14,-7,14,-7,14,-7,13,-6,13,-5,12,-5,12,-5,12,-5,11,-4,11,-4,11,-3,10,-3,2,-1,0,0,0,0,0,0,0,0,0,0,0,0,0,0,0,0,0,0,3,-2,14,-8,14,-7,15,-7,16,-7,16,-7,16,-7,17,-7,18,-7,18,-7,19,-7,19,-6,18,-5,18,-5,18,-5,18,-5,18,-5,18,-5,18,-6,18,-6,18,-6,18,-7,17,-6,17,-6,17,-6,17,-7,18,-7"
32.32366490364075,386,"CSI,455,128,-117,-78,40,0,-7,-19,-7,-19,-8,-18,-7,-18,-7,-17,-8,-17,-8,-17,-9,-17,-9,-17,-9,-17,-9,-17,-9,-17,-9,-16,-8,-16,-8,-15,-7,-15,-7,-16,-7,-16,-6,-15,-6,-14,-5,-13,-5,-13,-4,-12,-4,-12,-4,-12,-1,-3,0,0,0,0,0,0,0,0,0,0,0,0,0,0,0,0,0,0,-2,-5,-7,-17,-7,-17,-7,-18,-6,-19,-7,-20,-7,-20,-7,-21,-6,-22,-6,-22,-5,-22,-5,-22,-5,-23,-5,-23,-5,-23,-5,-22,-5,-22,-6,-22,-5,-21,-5,-21,-6,-20,-6,-20,-6,-20,-7,-20,-7,-20,-7,-20,-8,-21"
32.35698390007019,387,"CSI,2977,128,-5,-79,31,0,2,-19,2,-19,2,-19,2,-19,2,-19,1,-18,0,-18,0,-19,0,-19,0,-19,-1,-19,0,-18,0,-18,0,-17,1,-17,1,-17,1,-17,1,-16,1,-16,2,-15,2,-14,2,-13,2,-13,3,-12,3,-12,0,-3,0,0,0,0,0,0,0,0,0,0,0,0,0,0,0,0,0,0,0,-5,1,-18,2,-18,2,-19,2,-20,3,-20,3,-21,3,-22,3,-22,4,-22,5,-22,5,-22,5,-22,5,-22,5,-22,5,-22,5,-21,5,-21,5,-21,5,-21,4,-20,4,-20,3,-20,3,-20,3,-20,3,-20,3,-21"
32.38737177848816,388,"CSI,2978,128,-5,-79,31,0,8,22,9,22,9,21,9,20,9,19,9,19,10,19,11,19,10,19,10,19,10,19,10,18,10,18,10,17,10,17,9,18,8,18,8,18,7,17,6,16,6,15,6,15,5,14,4,14,4,14,1,3,0,0,0,0,0,0,0,0,0,0,0,0,0,0,0,0,0,0,2,4,9,19,8,20,8,21,8,21,8,22,8,23,9,25,8,25,8,26,7,26,6,26,6,27,6,27,6,26,6,26,6,26,7,25,7,25,7,24,7,23,8,24,8,24,9,24,8,23,8,23,9,24"
32.418076038360596,389,"CSI,3263,128,83,49,21,0,-7,-14,-7,-9,-8,-6,-7,-6,-9,-4,-9,-2,-12,-2,-16,-1,-15,2,-12,5,-14,7,-16,5,-16,2,-14,0,-13,0,-11,-3,-9,-5,-8,-5,-6,-4,-4,-2,-2,-1,1,-1,3,1,4,2,4,1,1,0,0,0,0,0,0,0,0,0,0,0,0,0,0,0,0,0,0,0,3,-2,10,-6,6,-4,7,0,8,1,7,-1,6,-1,4,0,3,-1,3,-5,3,-7,0,-7,-2,-10,0,-11,-1,-12,-2,-14,-1,-16,-1,-17,-1,-17,1,-17,2,-17,0,-18,-2,-19,-4,-17,-5,-15,-6,-13,-5,-14"
32.459555864334106,390,"CSI,555,128,101,81,22,0,-21,-10,-21,-10,-21,-9,-21,-8,-21,-8,-21,-8,-21,-8,-21,-8,-21,-7,-20,-7,-20,-7,-20,-7,-20,-6,-20,-6,-20,-6,-19,-7,-18,-8,-17,-8,-17,-8,-16,-7,-15,-7,-15,-7,-14,-7,-13,-7,-13,-8,-3,-2,0,0,0,0,0,0,0,0,0,0,0,0,0,0,0,0,0,0,-6,-2,-21,-8,-21,-9,-21,-10,-22,-10,-22,-11,-23,-12,-23,-13,-23,-13,-23,-13,-23,-14,-23,-14,-23,-15,-23,-15,-22,-15,-22,-14,-23,-14,-22,-14,-22,-14,-22,-13,-22,-12,-22,-12,-22,-12,-22,-12,-22,-11,-23,-11,-24,-11"
32.49289393424988,391,"CSI,3266,128,83,49,21,0,-8,-14,-8,-10,-8,-9,-10,-6,-10,-1,-7,2,-10,6,-15,8,-13,6,-12,4,-14,4,-12,4,-11,1,-13,-2,-14,-1,-11,-2,-8,-5,-6,-3,-4,-2,-1,-2,0,-1,-1,1,-1,1,1,2,2,4,0,1,0,0,0,0,0,0,0,0,0,0,0,0,0,0,0,0,0,0,1,-2,5,-8,5,-10,6,-12,6,-10,3,-8,1,-6,0,-6,-1,-4,-1,-3,-2,-5,-4,-8,-5,-9,-4,-10,-3,-12,-4,-13,-7,-14,-7,-15,-5,-14,-5,-15,-5,-18,-4,-19,-3,-18,-6,-17,-10,-17,-9,-17,-5,-15"
32.531800985336304,392,"CSI,556,128,101,81,22,0,-9,-22,-9,-22,-10,-22,-9,-21,-9,-20,-9,-20,-10,-20,-11,-20,-11,-20,-10,-20,-10,-19,-10,-19,-10,-19,-10,-18,-10,-18,-9,-19,-8,-19,-8,-18,-7,-18,-6,-17,-6,-16,-6,-15,-5,-15,-4,-14,-4,-14,-1,-4,0,0,0,0,0,0,0,0,0,0,0,0,0,0,0,0,0,0,-3,-5,-10,-19,-10,-20,-10,-21,-10,-22,-10,-22,-10,-23,-10,-24,-10,-25,-9,-25,-8,-26,-8,-26,-8,-27,-8,-27,-8,-26,-8,-26,-8,-25,-8,-25,-8,-25,-8,-24,-8,-23,-8,-23,-9,-24,-9,-24,-9,-23,-9,-23,-10,-24"
32.56217408180237,393,"CSI,3270,128,83,49,21,0,-14,-2,-12,-1,-9,0,-7,3,-8,6,-10,6,-8,6,-4,7,-5,9,-9,10,-8,10,-8,9,-9,9,-9,8,-10,8,-8,7,-6,5,-2,3,0,1,-1,0,-1,-2,0,-4,1,-4,3,-1,6,1,2,0,0,0,0,0,0,0,0,0,0,0,0,0,0,0,0,0,0,0,1,-3,4,-9,4,-8,5,-6,4,-5,3,-4,2,-3,0,0,-2,-1,-3,-4,-3,-4,-4,-5,-8,-6,-11,-6,-12,-7,-9,-10,-8,-12,-9,-12,-10,-13,-9,-13,-10,-13,-11,-15,-12,-15,-13,-12,-12,-10,-13,-8,-15,-9"
32.60948300361633,394,"CSI,557,128,101,81,22,0,11,-20,11,-20,10,-20,11,-20,11,-20,10,-20,9,-20,8,-20,8,-20,7,-20,7,-20,7,-20,7,-20,8,-19,8,-19,8,-19,8,-18,8,-17,8,-16,8,-15,8,-15,8,-14,8,-13,8,-12,8,-12,2,-3,0,0,0,0,0,0,0,0,0,0,0,0,0,0,0,0,0,0,2,-5,10,-19,10,-19,11,-20,12,-20,12,-21,13,-21,13,-22,14,-22,15,-22,16,-22,16,-21,16,-21,16,-21,16,-21,16,-21,15,-21,15,-21,14,-21,15,-21,14,-21,14,-21,13,-21,12,-21,12,-21,13,-21,13,-22"
32.658360958099365,395,"CSI,3275,128,83,49,21,0,1,8,1,5,2,4,3,5,5,5,7,5,9,3,9,-4,9,-5,9,-1,10,2,12,4,12,5,10,5,7,6,5,5,3,4,2,5,2,4,1,1,-1,-1,-2,-3,-1,-6,-1,-6,-2,-4,-1,-1,0,0,0,0,0,0,0,0,0,0,0,0,0,0,0,0,0,0,-3,1,-7,7,-5,8,-4,7,-5,4,-7,3,-7,4,-5,4,-3,4,-1,3,1,1,4,2,6,5,4,7,3,9,3,10,4,12,5,16,4,17,3,16,2,15,1,16,0,16,2,15,2,15,1,16,3,15"
32.72757411003113,396,"CSI,558,128,101,81,22,0,-19,-14,-19,-14,-20,-13,-19,-12,-19,-12,-19,-11,-19,-11,-19,-11,-19,-11,-19,-11,-19,-11,-19,-10,-19,-10,-19,-10,-18,-10,-17,-10,-17,-11,-16,-11,-15,-11,-15,-10,-14,-10,-13,-9,-13,-9,-12,-10,-11,-10,-3,-3,0,0,0,0,0,0,0,0,0,0,0,0,0,0,0,0,0,0,-5,-3,-19,-12,-19,-12,-19,-13,-20,-14,-20,-14,-21,-16,-21,-16,-21,-17,-21,-17,-20,-17,-20,-18,-20,-19,-20,-19,-20,-19,-20,-18,-20,-18,-20,-18,-20,-17,-19,-16,-20,-16,-20,-15,-20,-16,-20,-16,-20,-15,-21,-15,-22,-15"
32.835208892822266,397,"CSI,559,128,101,81,22,0,21,-7,21,-7,21,-7,21,-8,20,-8,20,-9,19,-9,19,-9,19,-9,19,-9,18,-9,18,-9,18,-9,18,-9,19,-8,18,-8,17,-7,16,-6,16,-6,16,-6,16,-5,15,-5,15,-4,14,-4,13,-3,3,-1,0,0,0,0,0,0,0,0,0,0,0,0,0,0,0,0,0,0,5,-2,20,-8,20,-8,21,-8,22,-8,23,-8,23,-7,23,-7,24,-7,25,-6,26,-6,26,-5,25,-5,25,-5,25,-5,25,-5,25,-5,24,-5,24,-5,24,-6,24,-6,24,-6,23,-7,22,-6,23,-6,24,-7,24,-7"
32.968241930007935,398,"CSI,3287,128,83,49,21,0,-9,4,-6,5,-5,8,-5,8,-4,7,-3,9,1,9,6,10,6,11,4,12,5,12,3,10,3,8,3,9,0,11,0,9,1,8,-1,7,-2,5,-2,2,-3,0,-3,-1,-1,-2,0,-3,0,-5,0,-2,0,0,0,0,0,0,0,0,0,0,0,0,0,0,0,0,0,0,-2,-2,-6,-7,-7,-9,-5,-9,-3,-8,-2,-8,-1,-9,0,-8,0,-7,-1,-3,-3,0,-5,1,-8,0,-11,-1,-13,1,-14,3,-14,4,-15,4,-18,1,-19,1,-19,3,-20,3,-21,0,-23,0,-21,2,-19,2,-21,4"
33.060704708099365,399,"CSI,561,128,101,81,22,0,15,16,15,16,16,16,15,15,15,14,15,14,16,14,16,14,16,14,16,13,16,13,15,13,15,13,15,12,15,12,14,13,13,13,13,13,12,13,11,12,10,11,10,11,9,11,9,11,8,11,2,2,0,0,0,0,0,0,0,0,0,0,0,0,0,0,0,0,0,0,3,3,15,14,16,14,16,15,16,16,16,16,16,17,17,19,16,19,16,19,16,20,16,20,16,21,15,21,15,21,15,20,15,20,15,20,15,19,15,19,15,18,15,18,16,18,16,18,16,18,17,17,17,17"
33.09078407287598,400,"CSI,3291,128,83,49,21,0,-11,1,-7,4,-5,5,-3,6,-1,8,-1,11,1,11,2,9,-2,9,-4,11,-5,13,-6,12,-6,12,-7,12,-7,11,-6,9,-4,5,-4,2,-7,2,-5,1,-1,0,-1,-2,0,-1,2,0,5,-2,1,-1,0,0,0,0,0,0,0,0,0,0,0,0,0,0,0,0,0,0,-3,0,-9,2,-8,-1,-9,-4,-8,-5,-7,-3,-7,-2,-7,-3,-4,-2,-4,-1,-6,0,-6,4,-7,8,-9,10,-12,8,-14,7,-13,8,-12,8,-14,8,-17,7,-18,8,-19,8,-22,7,-23,6,-23,5,-21,5,-18,7"
33.17308592796326,401,"CSI,3294,128,83,49,21,0,8,6,7,1,8,-2,8,-1,8,-2,9,-5,11,-8,7,-9,6,-6,11,-3,14,-2,15,-2,15,-3,12,-1,10,1,8,0,6,2,5,4,3,2,-1,1,-2,1,-1,-1,-2,-2,-3,-4,-3,-7,-1,-2,0,0,0,0,0,0,0,0,0,0,0,0,0,0,0,0,0,0,1,0,5,3,4,6,4,7,4,6,3,4,2,2,1,2,3,1,4,-1,4,-2,5,-1,7,-1,7,-1,9,0,12,1,14,1,13,3,13,4,14,6,17,9,19,10,18,9,19,9,19,9,16,10,15,11"
33.20384383201599,402,"CSI,562,128,101,81,22,0,6,-22,6,-22,5,-22,6,-22,6,-22,5,-22,4,-22,4,-22,4,-22,3,-22,3,-22,3,-21,3,-21,4,-21,4,-20,5,-20,5,-20,5,-19,5,-18,5,-17,6,-16,5,-15,6,-15,6,-14,6,-13,1,-4,0,0,0,0,0,0,0,0,0,0,0,0,0,0,0,0,0,0,0,-6,4,-21,4,-22,5,-22,5,-23,6,-24,6,-24,6,-25,7,-25,8,-25,9,-25,9,-25,9,-25,9,-25,9,-25,9,-24,9,-24,9,-24,8,-24,9,-24,8,-24,8,-24,7,-23,6,-24,7,-23,7,-24,7,-25"
33.29543685913086,403,"CSI,563,128,101,81,22,0,-18,-4,-17,-4,-18,-4,-18,-3,-17,-3,-17,-3,-17,-3,-17,-3,-17,-3,-17,-2,-16,-2,-16,-2,-16,-2,-16,-2,-16,-2,-16,-2,-15,-3,-14,-4,-14,-4,-13,-3,-13,-3,-13,-3,-12,-3,-11,-4,-11,-4,-3,-2,0,0,0,0,0,0,0,0,0,0,0,0,0,0,0,0,0,0,-4,-1,-17,-3,-17,-3,-17,-3,-18,-4,-18,-4,-19,-5,-19,-5,-19,-6,-20,-6,-20,-6,-20,-7,-19,-7,-19,-7,-19,-7,-19,-7,-19,-7,-19,-7,-19,-7,-19,-6,-19,-5,-19,-5,-18,-5,-18,-5,-19,-5,-19,-5,-20,-4"
33.339008808135986,404,"CSI,465,128,-117,-78,40,0,-14,-11,-14,-11,-15,-11,-15,-10,-14,-10,-14,-10,-14,-9,-14,-9,-14,-9,-14,-9,-14,-9,-14,-9,-14,-9,-14,-9,-14,-8,-13,-9,-13,-9,-12,-9,-12,-9,-11,-9,-10,-8,-10,-8,-9,-8,-9,-8,-9,-8,-2,-2,0,0,0,0,0,0,0,0,0,0,0,0,0,0,0,0,0,0,-4,-3,-14,-9,-14,-10,-14,-11,-14,-11,-15,-11,-15,-12,-15,-13,-15,-13,-15,-14,-15,-14,-15,-14,-15,-15,-15,-15,-14,-15,-14,-15,-14,-14,-14,-14,-14,-14,-14,-13,-14,-13,-15,-13,-15,-13,-15,-13,-15,-12,-15,-12,-16,-12"
33.36682987213135,405,"CSI,2980,128,-5,-79,31,0,5,21,6,20,6,20,6,19,6,18,7,18,8,18,8,18,8,18,8,18,8,18,8,18,7,17,7,17,7,17,6,17,6,17,6,17,5,16,4,15,4,14,3,14,3,13,2,13,2,13,0,3,0,0,0,0,0,0,0,0,0,0,0,0,0,0,0,0,0,0,1,4,6,18,6,19,6,20,6,20,6,21,6,22,6,23,6,24,5,24,4,24,4,24,4,25,4,25,4,24,4,24,4,24,4,24,4,23,4,22,5,22,5,22,5,22,6,22,6,22,6,22,7,22"
33.3996000289917,406,"CSI,3302,128,83,49,21,0,-8,-8,-10,-6,-11,-4,-10,-2,-11,2,-12,4,-12,5,-9,7,-9,4,-12,-1,-14,-2,-14,-2,-15,-1,-14,-2,-13,-3,-12,-5,-7,-5,-4,-3,-3,-3,-1,-4,0,-3,0,0,2,2,4,4,4,6,0,1,0,0,0,0,0,0,0,0,0,0,0,0,0,0,0,0,0,0,0,-2,0,-8,1,-9,1,-8,1,-7,1,-6,0,-6,-1,-6,-2,-6,-2,-5,-2,-3,-5,-4,-7,-5,-7,-5,-7,-6,-10,-7,-12,-9,-11,-12,-9,-14,-10,-15,-11,-14,-11,-14,-10,-17,-9,-19,-10,-17,-13,-15,-14,-14"
33.48312783241272,407,"CSI,3306,128,83,49,21,0,-11,-3,-11,-1,-8,1,-7,5,-8,8,-8,11,-5,10,-3,5,-7,6,-9,9,-10,10,-10,10,-9,10,-9,11,-8,10,-9,9,-10,6,-10,2,-8,0,-6,0,-2,0,0,1,2,-1,5,-2,5,0,1,0,0,0,0,0,0,0,0,0,0,0,0,0,0,0,0,0,0,0,-1,-2,-2,-5,0,-7,1,-9,0,-8,0,-7,1,-6,1,-5,-2,-4,-4,-4,-4,-5,-4,-4,-5,-2,-8,0,-10,-1,-12,-6,-11,-8,-13,-8,-16,-9,-15,-9,-17,-8,-19,-9,-18,-8,-16,-10,-18,-11,-18,-10,-14,-10"
33.514601945877075,408,"CSI,565,128,101,81,22,0,17,14,17,14,17,13,17,13,17,12,17,11,18,11,18,11,17,11,17,11,17,11,17,11,17,11,17,10,17,10,16,10,15,11,15,11,14,10,13,10,12,9,12,9,11,9,10,9,10,9,2,2,0,0,0,0,0,0,0,0,0,0,0,0,0,0,0,0,0,0,4,3,16,13,16,13,16,14,17,14,17,15,18,16,18,17,18,18,18,18,18,18,17,19,17,20,17,20,17,19,17,19,16,19,17,18,17,18,17,17,17,16,17,16,18,16,18,16,17,16,17,16,18,16"
33.63061594963074,409,"CSI,566,128,101,81,22,0,-11,-21,-11,-21,-11,-21,-11,-20,-11,-19,-11,-19,-12,-19,-12,-19,-12,-19,-12,-19,-12,-19,-12,-18,-12,-18,-12,-18,-11,-17,-10,-18,-10,-18,-10,-18,-9,-17,-8,-16,-7,-15,-7,-15,-6,-14,-6,-14,-5,-14,-2,-4,0,0,0,0,0,0,0,0,0,0,0,0,0,0,0,0,0,0,-3,-5,-12,-19,-12,-19,-12,-20,-12,-21,-12,-22,-12,-23,-12,-24,-12,-24,-11,-24,-11,-24,-10,-25,-10,-26,-10,-26,-10,-26,-10,-25,-10,-25,-10,-25,-10,-24,-10,-23,-10,-23,-11,-23,-11,-23,-11,-23,-11,-22,-11,-22,-12,-23"
33.68807578086853,410,"CSI,3315,128,83,49,21,0,-9,-3,-8,-1,-7,5,-6,8,-4,7,-4,9,-3,12,1,12,1,13,-2,15,-4,14,-5,12,-6,12,-6,12,-5,12,-3,9,-3,5,-3,3,-3,2,-3,-1,-2,-1,0,-1,2,-3,2,-3,2,-3,0,-1,0,0,0,0,0,0,0,0,0,0,0,0,0,0,0,0,0,0,1,-3,4,-9,3,-7,4,-7,5,-7,5,-4,5,-3,4,-2,1,-3,0,-4,0,-5,-1,-4,-4,-4,-6,-6,-10,-6,-13,-8,-13,-10,-12,-10,-12,-9,-13,-8,-14,-7,-13,-8,-16,-9,-17,-11,-15,-14,-15,-13,-15,-12"
33.74363088607788,411,"CSI,567,128,101,81,22,0,6,16,6,16,7,15,7,15,6,14,7,14,7,14,8,14,8,14,8,14,7,14,7,14,7,13,7,13,7,13,7,13,6,13,6,13,5,12,5,12,4,11,4,11,3,11,3,10,3,10,0,2,0,0,0,0,0,0,0,0,0,0,0,0,0,0,0,0,0,0,1,3,6,14,6,14,6,15,6,15,6,16,6,17,6,18,6,18,6,18,5,19,5,19,5,19,5,19,5,19,5,19,5,18,5,18,5,18,5,18,5,17,6,17,6,17,6,17,6,17,6,17,7,17"
33.79077696800232,412,"CSI,3318,128,83,49,21,0,-10,-7,-12,-3,-12,1,-9,1,-8,1,-11,4,-11,4,-7,3,-8,2,-13,2,-17,3,-17,4,-15,5,-11,2,-10,-1,-10,-3,-7,-4,-4,-3,-2,-2,-2,-3,1,-4,3,-2,1,2,1,4,3,5,1,1,0,0,0,0,0,0,0,0,0,0,0,0,0,0,0,0,0,0,-2,-2,-4,-7,-3,-5,-2,-6,-1,-6,1,-4,1,-4,-1,-5,-1,-4,-1,-3,-2,-2,-6,-2,-8,-1,-10,-2,-10,-2,-11,-4,-13,-7,-14,-6,-14,-5,-14,-8,-16,-11,-17,-13,-16,-14,-16,-14,-14,-14,-14,-13,-13,-11"
33.85826110839844,413,"CSI,568,128,101,81,22,0,-13,-20,-14,-20,-14,-19,-14,-18,-14,-17,-14,-17,-14,-17,-15,-17,-15,-17,-15,-17,-15,-17,-14,-17,-14,-16,-14,-16,-14,-15,-13,-16,-12,-16,-12,-16,-11,-15,-10,-14,-10,-14,-9,-13,-8,-13,-8,-13,-7,-13,-2,-4,0,0,0,0,0,0,0,0,0,0,0,0,0,0,0,0,0,0,-4,-5,-14,-18,-14,-18,-14,-19,-13,-20,-14,-20,-14,-21,-14,-22,-14,-23,-14,-23,-13,-23,-13,-24,-12,-25,-12,-25,-12,-25,-12,-24,-12,-24,-13,-24,-12,-23,-12,-22,-13,-21,-13,-21,-13,-21,-14,-21,-13,-21,-14,-21,-15,-21"
33.88804006576538,414,"CSI,3953,128,83,49,21,0,-5,-13,-4,-9,-4,-5,-6,-3,-7,0,-6,1,-3,1,1,2,-2,3,-7,2,-7,3,-8,4,-7,4,-7,5,-7,6,-7,4,-5,2,-6,1,-6,2,-4,3,-1,1,1,0,3,1,2,4,1,5,0,1,0,0,0,0,0,0,0,0,0,0,0,0,0,0,0,0,0,0,0,-1,1,-2,2,0,2,-1,2,-3,2,-4,3,-6,4,-10,5,-8,5,-7,6,-8,6,-5,5,-3,6,-4,6,-4,4,-5,1,-6,-1,-8,-5,-8,-6,-8,-8,-10,-7,-13,-6,-15,-7,-13,-9,-12,-11,-13,-11,-12"
33.96663308143616,415,"CSI,569,128,101,81,22,0,-21,-12,-21,-11,-21,-11,-21,-10,-20,-9,-20,-9,-20,-9,-20,-9,-20,-9,-20,-9,-20,-9,-20,-8,-20,-8,-20,-8,-20,-8,-19,-8,-18,-9,-17,-9,-17,-9,-16,-8,-15,-8,-14,-8,-14,-8,-13,-8,-12,-9,-3,-3,0,0,0,0,0,0,0,0,0,0,0,0,0,0,0,0,0,0,-5,-3,-20,-9,-20,-10,-21,-11,-21,-11,-22,-12,-22,-13,-23,-14,-23,-14,-23,-14,-23,-15,-22,-16,-22,-16,-22,-17,-22,-16,-22,-16,-22,-15,-22,-15,-21,-15,-21,-14,-21,-13,-21,-13,-21,-13,-22,-13,-22,-13,-22,-12,-23,-12"
33.99331784248352,416,"CSI,3327,128,83,49,21,0,3,9,4,9,4,7,6,2,10,-1,14,-1,13,1,9,0,12,-2,16,-2,15,-3,12,-3,14,-2,15,-1,11,0,7,1,6,0,5,0,5,1,3,1,2,3,-1,1,-3,-2,-5,-4,-6,-5,-2,-2,0,0,0,0,0,0,0,0,0,0,0,0,0,0,0,0,0,0,-1,0,-5,3,-7,2,-7,2,-8,1,-7,0,-4,0,-4,1,-4,3,-6,3,-6,2,-3,3,0,4,0,6,0,10,0,14,2,17,4,17,3,15,1,13,3,15,4,16,3,16,4,16,5,19,4,21,2,19"
34.06807088851929,417,"CSI,570,128,101,81,22,0,7,21,7,21,8,21,8,20,8,19,8,19,9,19,9,19,9,19,9,19,9,19,9,19,9,18,9,18,8,18,8,18,7,18,7,18,6,17,5,16,5,15,4,14,4,14,3,14,3,14,0,3,0,0,0,0,0,0,0,0,0,0,0,0,0,0,0,0,0,0,2,4,8,19,8,19,8,20,7,21,8,22,8,23,8,24,8,25,7,25,6,25,6,25,6,26,5,26,5,26,5,25,6,25,6,25,6,24,6,23,6,23,7,23,7,23,8,23,7,23,8,23,8,23"
34.0955810546875,418,"CSI,3331,128,83,49,21,0,-9,4,-5,5,-2,7,-1,6,4,7,6,10,7,10,10,9,9,9,7,9,5,10,5,8,5,9,4,10,3,10,1,8,-1,8,1,8,2,5,1,1,-1,0,-2,0,0,-2,1,-5,1,-5,0,-1,0,0,0,0,0,0,0,0,0,0,0,0,0,0,0,0,0,0,-2,-2,-6,-8,-4,-9,-2,-9,-3,-8,-3,-7,-3,-6,-3,-5,-1,-3,-1,0,-3,1,-5,0,-7,0,-7,2,-10,2,-14,1,-16,1,-16,2,-17,4,-16,5,-17,5,-18,6,-17,9,-17,10,-18,9,-20,8,-20,5"
34.18100690841675,419,"CSI,571,128,101,81,22,0,9,21,10,20,10,20,10,19,10,18,10,18,11,18,11,18,11,18,11,18,11,18,11,17,11,17,11,16,10,16,9,17,9,17,8,17,8,16,7,15,6,14,6,14,5,13,5,13,4,13,1,3,0,0,0,0,0,0,0,0,0,0,0,0,0,0,0,0,0,0,2,4,11,18,11,18,11,19,10,20,11,21,11,22,11,23,10,23,10,24,9,24,9,24,9,25,9,25,9,25,9,24,9,24,9,24,9,23,9,22,9,22,9,22,9,22,10,22,10,21,10,21,11,22"
34.29453706741333,420,"CSI,572,128,101,81,22,0,6,22,6,22,7,21,7,21,6,20,7,20,8,20,8,20,8,20,8,20,8,19,8,19,8,19,8,18,7,18,6,19,6,19,5,18,5,17,4,16,3,15,3,15,3,14,2,14,2,14,0,3,0,0,0,0,0,0,0,0,0,0,0,0,0,0,0,0,0,0,2,4,7,19,7,20,7,21,7,21,7,22,7,23,7,24,6,25,6,25,5,25,5,26,5,26,4,26,4,26,4,25,4,25,5,25,5,24,5,23,5,23,5,23,6,23,6,23,6,23,6,23,7,23"
34.37598395347595,421,"CSI,476,128,-117,-78,40,0,-23,2,-23,2,-23,3,-23,3,-23,4,-22,4,-21,4,-21,4,-21,4,-21,4,-21,4,-20,4,-20,4,-21,4,-21,4,-20,3,-19,3,-19,2,-18,1,-18,1,-17,1,-17,1,-16,0,-16,0,-15,-1,-4,-1,0,0,0,0,0,0,0,0,0,0,0,0,0,0,0,0,0,0,-6,1,-22,4,-22,4,-23,4,-24,3,-24,3,-25,2,-25,2,-26,2,-27,2,-27,1,-27,0,-27,-1,-26,-1,-26,-1,-26,0,-26,0,-26,0,-25,0,-26,1,-26,2,-25,2,-25,2,-24,1,-25,1,-25,2,-26,2"
34.40641117095947,422,"CSI,3343,128,83,49,21,0,12,2,8,0,6,-4,5,-8,5,-8,7,-9,2,-13,-3,-16,-1,-16,2,-14,5,-10,9,-10,11,-12,12,-11,10,-8,6,-5,4,-4,5,-4,5,-2,1,0,-2,0,-3,1,-3,0,-2,-3,-2,-4,-1,-1,0,0,0,0,0,0,0,0,0,0,0,0,0,0,0,0,0,0,2,1,8,6,7,6,5,6,4,4,1,2,0,4,3,3,3,2,2,1,3,-1,5,-3,6,-4,9,-4,12,-4,13,-4,15,-4,17,-3,18,-2,18,-2,16,0,17,2,19,3,19,0,19,-2,16,-2,13,0"
34.4438738822937,423,"CSI,573,128,101,81,22,0,-18,-8,-18,-8,-18,-7,-18,-7,-18,-6,-18,-6,-18,-6,-18,-6,-18,-6,-18,-5,-18,-5,-17,-5,-17,-5,-18,-5,-17,-5,-17,-5,-16,-6,-16,-6,-15,-6,-14,-6,-13,-6,-13,-6,-13,-6,-12,-6,-11,-6,-3,-2,0,0,0,0,0,0,0,0,0,0,0,0,0,0,0,0,0,0,-5,-2,-18,-6,-18,-7,-18,-7,-19,-8,-19,-8,-20,-9,-20,-10,-20,-10,-20,-10,-20,-10,-20,-11,-20,-12,-20,-12,-20,-11,-19,-11,-20,-11,-20,-11,-19,-11,-19,-10,-19,-9,-19,-9,-19,-9,-19,-9,-19,-9,-20,-8,-21,-8"
34.49069595336914,424,"CSI,1143,128,77,-47,20,0,-6,13,-2,11,0,6,4,4,8,3,8,1,9,2,14,2,14,-1,11,1,11,4,12,5,12,6,10,7,7,7,3,6,0,6,1,5,0,2,-3,0,-4,-2,-4,-3,-3,-4,-1,-6,0,-8,0,-3,0,0,0,0,0,0,0,0,0,0,0,0,0,0,0,0,0,0,-1,1,-2,4,-5,4,-7,4,-9,2,-8,1,-6,2,-5,2,-4,0,-2,-1,0,0,2,2,3,6,1,7,1,7,1,11,0,16,0,17,-2,16,-5,16,-5,16,-5,17,-2,16,-1,17,-2,21,-2,22,-3,21"
34.521425008773804,425,"CSI,3347,128,83,49,21,0,-12,-10,-9,-8,-7,-5,-5,0,-6,3,-7,4,-2,3,3,4,1,6,-6,9,-8,11,-7,9,-9,8,-12,9,-11,9,-10,6,-10,0,-8,-3,-4,0,-2,-1,-1,-4,1,-3,4,-3,5,-5,2,-6,0,-2,0,0,0,0,0,0,0,0,0,0,0,0,0,0,0,0,0,0,0,-2,4,-6,8,-4,9,-3,7,-3,7,-5,5,-5,1,-2,-1,-2,0,-3,0,-4,-3,-7,-6,-9,-6,-10,-6,-10,-8,-12,-8,-14,-8,-12,-8,-11,-8,-13,-9,-14,-8,-16,-9,-16,-13,-16,-14,-15,-15,-13,-16,-14"
34.558592081069946,426,"CSI,574,128,101,81,22,0,-3,-18,-3,-18,-4,-18,-3,-17,-3,-17,-4,-17,-4,-17,-5,-17,-5,-17,-5,-17,-5,-17,-5,-16,-5,-16,-5,-16,-4,-16,-4,-16,-4,-15,-4,-15,-3,-15,-2,-14,-2,-13,-2,-13,-2,-12,-1,-12,-1,-12,-1,-3,0,0,0,0,0,0,0,0,0,0,0,0,0,0,0,0,0,0,-1,-4,-4,-16,-4,-16,-3,-17,-3,-18,-3,-18,-3,-19,-3,-20,-3,-20,-2,-20,-2,-20,-2,-21,-2,-21,-2,-21,-1,-21,-1,-20,-1,-20,-1,-20,-1,-20,-1,-19,-2,-19,-2,-19,-3,-19,-3,-19,-3,-19,-3,-19,-4,-19"
34.63726997375488,427,"CSI,575,128,101,81,22,0,-18,-2,-18,-2,-18,-1,-18,-1,-17,0,-17,0,-17,-1,-17,-1,-17,0,-17,0,-16,0,-16,0,-16,0,-17,0,-17,0,-16,0,-15,-1,-15,-2,-14,-2,-14,-2,-14,-2,-13,-2,-13,-2,-12,-2,-11,-3,-3,-1,0,0,0,0,0,0,0,0,0,0,0,0,0,0,0,0,0,0,-5,0,-17,0,-17,0,-18,0,-18,-1,-19,-1,-19,-1,-19,-2,-20,-2,-20,-2,-21,-3,-20,-3,-20,-4,-20,-4,-20,-4,-20,-4,-20,-4,-20,-4,-19,-4,-19,-3,-19,-2,-19,-2,-19,-2,-19,-3,-19,-2,-20,-2,-20,-1"
34.708685874938965,428,"CSI,3355,128,83,49,21,0,-2,10,-2,7,2,6,7,3,8,0,8,1,6,-1,5,-4,8,-2,11,1,12,0,13,3,15,4,14,2,10,2,8,3,7,6,4,5,0,3,-2,1,-3,2,-4,0,-4,-3,-4,-4,-4,-3,-1,-1,0,0,0,0,0,0,0,0,0,0,0,0,0,0,0,0,0,0,-2,-1,-8,-3,-7,-3,-7,-3,-8,-5,-7,-6,-5,-3,-4,-2,-2,-2,0,3,0,5,-4,4,-6,6,-4,7,-4,9,-6,12,-8,13,-7,13,-6,14,-4,17,-3,16,-3,14,-3,16,-3,17,-4,17,-6,17,-7,21"
34.74900984764099,429,"CSI,576,128,101,81,22,0,-23,4,-23,4,-23,4,-22,5,-22,5,-22,6,-21,5,-21,6,-21,6,-20,6,-20,6,-20,6,-20,6,-20,6,-20,6,-20,6,-19,5,-18,4,-18,4,-17,4,-17,3,-16,3,-16,2,-15,2,-15,1,-4,0,0,0,0,0,0,0,0,0,0,0,0,0,0,0,0,0,0,0,-6,1,-22,3,-22,3,-23,3,-24,3,-24,3,-25,2,-25,2,-26,1,-27,1,-27,1,-27,0,-27,0,-26,0,-26,0,-26,0,-26,0,-26,0,-25,1,-25,2,-25,2,-25,2,-25,2,-24,2,-24,2,-25,3,-25,3"
34.8117618560791,430,"CSI,3358,128,83,49,21,0,10,-7,5,-5,1,-6,-2,-7,-4,-6,-5,-7,-6,-7,-8,-5,-10,-5,-9,-9,-9,-9,-12,-7,-13,-9,-10,-11,-7,-8,-5,-7,-2,-7,0,-5,-2,-3,-1,-2,3,0,4,2,2,5,0,7,-1,9,-1,2,0,0,0,0,0,0,0,0,0,0,0,0,0,0,0,0,0,0,1,0,6,3,6,4,4,7,2,9,1,8,1,5,2,3,3,3,4,3,6,3,7,0,7,-3,8,-6,10,-8,13,-8,15,-8,15,-8,13,-7,14,-7,13,-9,13,-11,15,-11,16,-11,18,-11,17,-12,13,-13"
34.85893368721008,431,"CSI,577,128,101,81,22,0,-18,2,-17,2,-18,3,-18,3,-17,4,-17,4,-16,4,-16,4,-16,4,-16,4,-16,4,-15,4,-16,4,-16,4,-16,4,-16,3,-15,3,-14,2,-14,2,-14,2,-13,2,-13,1,-13,1,-12,0,-12,0,-3,0,0,0,0,0,0,0,0,0,0,0,0,0,0,0,0,0,0,0,-4,0,-16,3,-17,3,-17,3,-18,3,-19,3,-19,2,-19,2,-20,2,-20,2,-21,2,-21,1,-20,0,-20,0,-20,0,-20,1,-20,1,-20,1,-19,1,-20,1,-20,2,-19,2,-19,2,-19,2,-19,2,-20,2,-20,3"
34.91201686859131,432,"CSI,3363,128,83,49,21,0,3,10,3,5,4,4,7,1,7,-1,6,-3,9,-4,14,-6,14,-7,12,-6,13,-6,15,-5,14,-4,12,-2,11,0,9,1,6,1,6,1,6,0,3,-1,-1,0,-5,0,-7,-2,-8,-3,-7,-3,-2,-1,0,0,0,0,0,0,0,0,0,0,0,0,0,0,0,0,0,0,-2,0,-6,2,-6,0,-6,0,-5,1,-5,1,-4,0,-2,2,-2,2,-1,2,0,4,0,5,0,8,-2,9,-3,8,-1,9,1,13,2,16,3,16,3,16,3,16,6,16,7,19,5,19,5,18,4,17,4,16"
34.971407890319824,433,"CSI,578,128,101,81,22,0,22,-4,21,-4,22,-5,22,-5,22,-6,21,-6,20,-6,20,-6,20,-6,19,-6,19,-6,19,-7,19,-7,20,-7,20,-6,19,-6,18,-5,17,-4,17,-4,16,-4,16,-4,15,-3,15,-3,15,-2,14,-1,3,-1,0,0,0,0,0,0,0,0,0,0,0,0,0,0,0,0,0,0,5,-2,21,-5,21,-4,22,-4,23,-4,23,-4,24,-4,24,-3,25,-3,26,-3,26,-2,26,-1,25,-1,25,0,25,0,25,-1,25,-1,25,-1,24,-2,25,-2,25,-3,24,-4,24,-3,23,-3,23,-3,24,-4,25,-4"
35.018945932388306,434,"CSI,3367,128,83,49,21,0,-6,-8,-7,-5,-8,-3,-9,0,-11,5,-11,10,-7,10,-2,7,-4,8,-11,8,-13,8,-14,8,-13,8,-14,6,-12,4,-9,3,-9,3,-7,2,-2,0,0,-1,0,-3,2,-3,5,-1,6,-1,5,0,1,0,0,0,0,0,0,0,0,0,0,0,0,0,0,0,0,0,0,0,0,-3,2,-9,2,-8,5,-8,8,-6,8,-4,4,-3,2,-2,0,-2,-1,-3,-2,-5,-4,-6,-6,-7,-6,-9,-7,-10,-8,-12,-10,-12,-11,-10,-11,-9,-13,-12,-12,-13,-11,-14,-11,-16,-13,-17,-16,-17,-16,-17,-14,-16"
35.084908962249756,435,"CSI,579,128,101,81,22,0,7,-17,6,-17,6,-17,6,-16,6,-16,6,-16,5,-16,4,-16,4,-17,4,-16,4,-16,4,-16,4,-16,4,-15,4,-15,5,-15,5,-15,4,-14,4,-13,5,-13,5,-12,5,-12,5,-11,5,-11,5,-10,1,-3,0,0,0,0,0,0,0,0,0,0,0,0,0,0,0,0,0,0,1,-4,6,-15,6,-16,6,-16,7,-16,7,-17,7,-17,8,-18,9,-18,9,-18,10,-18,10,-18,10,-18,10,-18,10,-17,10,-17,10,-17,9,-17,9,-17,9,-17,9,-17,9,-17,8,-17,7,-17,7,-17,8,-17,8,-18"
35.12051272392273,436,"CSI,3370,128,83,49,21,0,0,-14,-3,-9,-4,-6,-6,-7,-8,-7,-12,-3,-18,1,-21,2,-18,2,-16,2,-15,-1,-13,-2,-15,-1,-17,-2,-15,-3,-12,-5,-8,-5,-5,-4,-3,-2,-1,-1,1,0,3,0,3,2,3,4,2,4,0,1,0,0,0,0,0,0,0,0,0,0,0,0,0,0,0,0,0,0,2,-1,8,-4,7,-3,7,-1,8,-1,6,-2,6,-2,5,-2,4,0,3,1,0,-1,-2,-5,-1,-8,-2,-8,-2,-10,-2,-13,-2,-16,-3,-16,-2,-15,-1,-14,1,-13,0,-17,-2,-19,-2,-19,-1,-22,0,-22,1,-20"
35.19966912269592,437,"CSI,580,128,101,81,22,0,14,17,15,17,15,16,15,15,15,15,15,14,16,14,16,14,16,14,16,14,16,13,15,13,15,13,15,12,15,12,14,13,14,13,13,13,12,13,11,12,11,11,10,11,10,11,9,11,8,11,2,2,0,0,0,0,0,0,0,0,0,0,0,0,0,0,0,0,0,0,3,3,14,15,14,16,14,16,14,17,14,18,15,19,15,20,15,21,15,21,14,21,14,22,14,22,14,22,14,22,14,21,14,21,14,21,14,21,14,20,14,19,14,19,15,19,15,19,15,18,15,18,16,18"
35.31362700462341,438,"CSI,581,128,101,81,22,0,-5,22,-4,22,-3,22,-4,21,-4,21,-3,21,-2,21,-1,21,-2,21,-1,21,-1,21,-1,21,-1,21,-2,20,-2,20,-3,20,-2,19,-2,18,-3,18,-3,16,-4,16,-4,15,-4,14,-4,14,-4,13,-1,3,0,0,0,0,0,0,0,0,0,0,0,0,0,0,0,0,0,0,-1,5,-3,20,-4,21,-4,22,-5,22,-5,23,-5,24,-5,25,-6,25,-7,25,-8,25,-8,25,-8,25,-8,25,-8,25,-8,25,-8,24,-8,24,-7,24,-7,23,-7,23,-6,23,-5,23,-5,23,-5,23,-5,23,-5,24"
35.346513986587524,439,"CSI,3379,128,83,49,21,0,1,-14,-1,-10,-1,-4,-3,-3,-7,-4,-13,-5,-11,-4,-6,-7,-10,-10,-17,-9,-17,-8,-15,-10,-11,-11,-7,-9,-4,-10,-3,-10,-1,-8,-1,-6,-1,-3,1,-2,2,-1,0,2,-1,3,-1,4,-3,4,-1,1,0,0,0,0,0,0,0,0,0,0,0,0,0,0,0,0,0,0,0,-2,1,-7,2,-6,4,-8,4,-8,4,-3,5,1,3,1,0,-1,0,-2,0,-3,-3,-2,-5,-2,-5,-6,-7,-10,-8,-12,-8,-14,-8,-15,-5,-16,-1,-17,0,-18,-1,-19,-2,-19,-2,-18,-2,-19,-1,-21,-1,-21"
35.42220592498779,440,"CSI,582,128,101,81,22,0,11,13,11,13,12,12,12,12,12,11,12,11,12,11,12,11,12,10,12,11,12,11,11,10,11,10,12,10,11,10,11,10,10,10,10,10,9,10,9,9,8,9,8,9,7,9,6,8,6,9,1,2,0,0,0,0,0,0,0,0,0,0,0,0,0,0,0,0,0,0,2,2,11,10,11,11,11,12,11,12,12,13,12,14,12,14,12,15,12,15,12,15,12,16,11,16,11,16,11,16,11,16,11,15,11,15,11,15,11,14,11,14,12,14,12,14,12,14,12,14,12,13,13,14"
35.45268487930298,441,"CSI,3383,128,83,49,21,0,-11,2,-5,4,-1,3,1,2,4,5,4,9,3,9,1,8,-1,13,1,17,1,15,0,12,1,12,0,13,-1,12,-2,10,-3,8,-2,5,-2,3,-2,1,-1,-2,1,-3,4,-5,5,-6,4,-5,1,-2,0,0,0,0,0,0,0,0,0,0,0,0,0,0,0,0,0,0,-2,-1,-5,-4,-5,-7,-6,-8,-4,-6,-1,-5,0,-5,-1,-6,-2,-5,-2,-2,-1,-2,-2,-1,-4,2,-7,4,-9,4,-12,3,-15,3,-16,5,-17,5,-20,3,-20,4,-18,5,-18,6,-20,5,-19,4,-18,4,-18,4"
35.48597693443298,442,"CSI,482,128,-117,-78,40,0,5,-22,4,-22,4,-22,4,-21,4,-21,4,-21,3,-21,2,-21,2,-21,2,-21,1,-21,1,-21,2,-20,2,-20,3,-20,3,-19,3,-19,3,-18,3,-17,4,-17,4,-16,4,-15,4,-15,4,-14,4,-14,1,-4,0,0,0,0,0,0,0,0,0,0,0,0,0,0,0,0,0,0,1,-5,4,-20,5,-20,5,-21,6,-21,6,-22,7,-23,7,-23,8,-24,9,-24,9,-24,9,-24,9,-24,9,-24,9,-23,9,-23,9,-23,8,-23,8,-23,8,-23,8,-22,8,-23,7,-23,6,-23,6,-22,7,-22,7,-23"
35.5137939453125,443,"CSI,2983,128,-5,-79,31,0,3,19,4,18,4,18,4,17,4,17,4,17,5,17,5,17,5,17,5,17,6,17,5,16,5,16,5,16,5,15,4,16,4,16,4,15,3,15,2,14,2,13,2,12,1,12,1,12,1,11,0,2,0,0,0,0,0,0,0,0,0,0,0,0,0,0,0,0,0,0,1,4,5,16,5,17,4,18,4,18,4,19,4,20,4,21,4,21,3,21,2,21,2,22,2,22,2,22,2,22,2,21,2,21,2,21,2,21,2,20,2,20,3,20,3,20,4,20,4,20,4,20,5,20"
35.55277490615845,444,"CSI,583,128,101,81,22,0,-22,-10,-22,-10,-22,-9,-22,-8,-21,-7,-21,-7,-21,-7,-21,-7,-21,-7,-21,-7,-21,-6,-20,-6,-20,-6,-21,-6,-20,-6,-19,-6,-19,-7,-18,-8,-17,-8,-16,-7,-16,-7,-15,-7,-14,-7,-14,-7,-13,-7,-4,-2,0,0,0,0,0,0,0,0,0,0,0,0,0,0,0,0,0,0,-5,-2,-21,-8,-21,-9,-21,-10,-22,-10,-22,-10,-23,-11,-23,-12,-23,-13,-24,-13,-24,-13,-23,-14,-23,-15,-23,-15,-23,-14,-23,-14,-23,-14,-23,-14,-22,-13,-22,-12,-22,-12,-22,-11,-22,-11,-22,-12,-23,-11,-23,-11,-24,-11"
35.5834219455719,445,"CSI,1144,128,77,-47,20,0,-11,-3,-8,-2,-5,1,-3,4,0,8,1,12,-1,12,-2,8,-5,9,-6,14,-4,16,-3,16,-4,15,-5,11,-6,7,-6,6,-4,5,-3,4,-3,3,0,1,3,-1,3,-1,1,-1,2,-3,3,-3,0,-1,0,0,0,0,0,0,0,0,0,0,0,0,0,0,0,0,0,0,0,-2,1,-7,1,-6,1,-8,3,-10,4,-8,2,-5,0,-4,-2,-2,-2,0,-2,-1,-4,-3,-6,-3,-9,-2,-9,-3,-11,-4,-14,-4,-15,-3,-17,-5,-18,-8,-18,-8,-19,-6,-19,-5,-20,-7,-22,-8,-22,-10,-19,-7"
35.615752935409546,446,"CSI,1145,128,77,-47,20,0,4,-8,4,-7,-1,-7,-7,-4,-11,-3,-11,-2,-9,-7,-10,-15,-12,-16,-12,-12,-11,-9,-13,-10,-15,-12,-12,-13,-8,-10,-5,-7,-4,-5,-4,-5,-3,-5,-1,-4,0,-2,-1,1,-1,2,0,2,0,2,-1,0,0,0,0,0,0,0,0,0,0,0,0,0,0,0,0,0,0,0,2,-2,10,-5,8,-6,8,-4,7,-1,5,0,4,0,5,-2,5,-2,4,-2,3,-4,1,-5,-1,-5,-1,-7,0,-11,1,-14,4,-13,4,-12,1,-14,2,-16,6,-18,5,-20,3,-19,3,-17,3,-19,4,-20,4,-20"
35.650737047195435,447,"CSI,584,128,101,81,22,0,4,-18,3,-18,3,-18,4,-17,4,-17,3,-17,2,-17,2,-17,2,-17,1,-17,1,-17,1,-17,1,-16,2,-16,2,-16,2,-16,2,-15,2,-15,2,-14,3,-14,3,-13,3,-12,3,-12,4,-11,4,-11,1,-3,0,0,0,0,0,0,0,0,0,0,0,0,0,0,0,0,0,0,0,-4,2,-16,3,-17,3,-17,4,-17,4,-18,4,-19,4,-19,5,-19,6,-19,7,-19,7,-20,7,-20,6,-19,6,-19,6,-19,6,-19,6,-19,6,-19,6,-18,6,-18,5,-18,5,-18,4,-18,4,-18,5,-18,4,-19"
35.73478984832764,448,"CSI,3394,128,83,49,21,0,-7,-7,-7,-5,-6,-1,-5,2,-6,5,-8,9,-7,10,-6,9,-7,10,-10,10,-10,10,-10,9,-11,12,-10,12,-8,8,-4,4,-1,1,-1,1,0,0,2,1,1,1,1,0,3,-2,6,-4,6,-3,1,-1,0,0,0,0,0,0,0,0,0,0,0,0,0,0,0,0,0,0,1,-2,6,-5,7,-5,8,-4,7,-2,5,-2,3,-1,3,-1,2,-1,1,-3,-2,-4,0,-6,2,-6,-2,-6,-7,-8,-7,-10,-6,-10,-7,-11,-9,-13,-11,-15,-11,-15,-10,-14,-9,-16,-9,-20,-10,-20,-11,-19,-9,-19"
35.77875900268555,449,"CSI,585,128,101,81,22,0,-23,-7,-23,-7,-23,-6,-22,-5,-22,-5,-22,-4,-22,-4,-22,-4,-21,-4,-21,-4,-21,-4,-21,-3,-21,-3,-21,-3,-21,-3,-20,-3,-19,-4,-19,-5,-18,-5,-17,-4,-17,-4,-16,-4,-16,-4,-15,-5,-14,-5,-4,-2,0,0,0,0,0,0,0,0,0,0,0,0,0,0,0,0,0,0,-6,-2,-22,-6,-22,-7,-22,-7,-23,-8,-23,-8,-24,-9,-24,-10,-25,-10,-25,-10,-25,-11,-25,-11,-24,-12,-24,-12,-24,-12,-24,-12,-24,-11,-24,-11,-24,-11,-24,-10,-24,-9,-24,-8,-24,-9,-23,-9,-24,-8,-24,-8,-25,-8"
35.83621788024902,450,"CSI,3399,128,83,49,21,0,-5,8,0,8,5,5,7,1,7,-1,10,-1,12,-1,8,-2,10,-2,15,2,15,4,13,4,11,4,10,3,9,3,7,3,5,4,6,2,4,-1,0,-1,-2,1,-2,1,-3,-2,-5,-5,-7,-6,-2,-2,0,0,0,0,0,0,0,0,0,0,0,0,0,0,0,0,0,0,-2,-2,-6,-5,-5,-6,-3,-7,-4,-7,-5,-6,-5,-3,-5,-3,-6,-5,-6,-5,-4,-2,-3,1,-2,4,-3,6,-5,6,-5,8,-6,11,-9,11,-11,12,-11,13,-11,15,-13,17,-14,17,-14,18,-14,19,-13,18,-12,14"
35.87889289855957,451,"CSI,586,128,101,81,22,0,18,-14,17,-15,17,-14,17,-15,17,-15,16,-15,15,-15,14,-16,14,-16,14,-16,13,-16,13,-16,14,-16,14,-15,14,-15,14,-15,13,-14,13,-13,13,-12,13,-12,13,-11,12,-10,12,-10,12,-9,11,-8,2,-2,0,0,0,0,0,0,0,0,0,0,0,0,0,0,0,0,0,0,4,-4,17,-13,18,-13,18,-13,19,-13,20,-13,20,-13,21,-14,21,-13,22,-13,23,-13,23,-13,23,-13,23,-12,22,-12,22,-13,22,-12,21,-12,21,-13,21,-13,21,-13,21,-14,20,-14,19,-14,19,-14,20,-14,20,-14"
35.93720197677612,452,"CSI,3403,128,83,49,21,0,10,-2,6,-5,4,-7,0,-7,-2,-8,-1,-11,-2,-11,-4,-8,-3,-8,0,-12,1,-14,1,-17,0,-16,1,-13,2,-12,1,-10,3,-5,2,-2,-1,-2,-2,-3,-2,-2,-2,0,-3,3,-4,6,-5,7,-2,1,0,0,0,0,0,0,0,0,0,0,0,0,0,0,0,0,0,0,-1,1,-2,5,0,5,0,6,-3,6,-4,5,-3,3,-1,2,-1,4,-1,4,1,2,2,2,3,3,4,2,6,-1,9,-3,12,-1,12,1,12,2,15,3,17,2,17,1,18,-1,20,1,20,5,17,5,15,2"
35.98635506629944,453,"CSI,587,128,101,81,22,0,8,-16,8,-16,8,-16,8,-15,8,-15,7,-16,6,-16,6,-16,6,-16,6,-16,5,-16,5,-16,6,-15,6,-15,6,-15,6,-14,6,-14,6,-14,6,-13,6,-12,6,-11,6,-11,6,-10,6,-10,6,-9,1,-3,0,0,0,0,0,0,0,0,0,0,0,0,0,0,0,0,0,0,1,-4,7,-15,7,-15,8,-16,8,-16,8,-16,9,-17,9,-17,10,-17,11,-17,11,-17,11,-17,11,-17,11,-17,11,-17,11,-17,11,-17,11,-16,10,-16,10,-16,10,-16,10,-16,9,-17,9,-16,9,-16,9,-16,9,-17"
36.04097104072571,454,"CSI,3407,128,83,49,21,0,2,-14,0,-10,-3,-5,-7,-1,-9,0,-11,0,-12,-1,-9,-1,-10,-3,-13,-4,-16,-4,-17,-5,-16,-6,-14,-6,-11,-7,-8,-8,-5,-7,-2,-6,-2,-4,-3,-1,-3,1,0,2,2,3,2,4,0,5,0,1,0,0,0,0,0,0,0,0,0,0,0,0,0,0,0,0,0,0,1,-1,4,-2,6,-1,6,0,6,2,5,3,4,2,4,0,6,0,7,-2,6,-4,3,-5,-1,-6,-1,-8,1,-9,1,-12,-1,-15,-1,-16,2,-18,2,-19,2,-18,3,-23,2,-26,2,-22,2,-20,3,-19,3,-17"
36.10775899887085,455,"CSI,588,128,101,81,22,0,-13,-13,-13,-12,-14,-12,-14,-11,-14,-11,-14,-10,-14,-11,-14,-11,-14,-11,-14,-11,-14,-10,-14,-10,-14,-10,-14,-10,-13,-9,-13,-10,-12,-10,-12,-10,-11,-10,-11,-9,-10,-9,-9,-9,-9,-9,-8,-9,-8,-9,-2,-3,0,0,0,0,0,0,0,0,0,0,0,0,0,0,0,0,0,0,-4,-3,-13,-11,-13,-11,-13,-12,-14,-12,-14,-13,-14,-14,-14,-14,-14,-15,-14,-15,-14,-15,-14,-16,-14,-16,-14,-16,-13,-16,-13,-16,-13,-16,-14,-15,-13,-15,-13,-15,-14,-14,-14,-13,-14,-14,-14,-14,-14,-13,-14,-13,-15,-14"
36.20767283439636,456,"CSI,4044,128,83,49,21,0,-8,-8,-6,-8,-3,-7,-3,-3,-5,-1,-8,3,-7,1,-3,-3,-4,0,-6,5,-9,9,-12,10,-10,8,-6,6,-5,6,-4,7,-6,5,-8,4,-5,4,-2,4,0,2,2,0,4,-1,6,-1,7,-1,1,0,0,0,0,0,0,0,0,0,0,0,0,0,0,0,0,0,0,0,0,0,0,0,-1,1,1,1,2,1,4,1,6,2,7,2,7,3,6,4,6,2,7,1,8,-1,6,0,3,1,2,0,2,-4,4,-7,2,-9,-1,-11,-2,-14,-3,-14,-4,-13,-3,-14,-3,-17,-2,-19,0,-20"
36.23826289176941,457,"CSI,589,128,101,81,22,0,-9,9,-9,9,-8,9,-8,9,-8,9,-8,9,-7,9,-7,9,-7,9,-7,9,-7,9,-7,9,-7,9,-7,9,-7,9,-7,9,-7,8,-7,8,-7,7,-7,7,-7,6,-7,6,-7,6,-7,5,-6,5,-2,1,0,0,0,0,0,0,0,0,0,0,0,0,0,0,0,0,0,0,-2,2,-8,9,-8,9,-9,9,-9,9,-9,9,-9,9,-9,10,-10,10,-11,10,-11,10,-11,10,-11,10,-11,9,-11,9,-11,9,-11,9,-11,9,-10,9,-10,9,-10,9,-10,9,-10,9,-9,9,-9,9,-9,9,-9,10"
36.26794099807739,458,"CSI,3415,128,83,49,21,0,-11,0,-6,2,-2,4,0,4,1,6,2,10,1,12,-2,13,-1,15,4,16,4,13,4,13,3,14,-1,13,-4,12,-4,7,-3,5,-1,5,0,2,-1,-1,-1,-2,0,-3,3,-5,6,-5,6,-5,1,-2,0,0,0,0,0,0,0,0,0,0,0,0,0,0,0,0,0,0,0,-2,2,-7,2,-7,1,-6,1,-6,1,-8,0,-8,-1,-6,-2,-5,-1,-5,-1,-4,-1,-4,-3,-4,-6,-2,-10,1,-12,1,-13,-2,-14,-2,-15,-1,-17,-1,-19,-3,-18,-5,-18,-3,-19,-2,-21,-2,-20,-2,-19,-6"
36.32689595222473,459,"CSI,590,128,101,81,22,0,10,-21,9,-21,9,-21,9,-21,9,-21,9,-21,7,-21,7,-21,7,-21,6,-21,6,-21,6,-21,6,-20,7,-20,7,-19,8,-19,7,-18,7,-17,7,-17,8,-16,8,-15,8,-14,8,-13,8,-13,8,-12,1,-3,0,0,0,0,0,0,0,0,0,0,0,0,0,0,0,0,0,0,1,-5,7,-20,8,-21,8,-21,9,-22,10,-22,10,-23,11,-23,12,-23,13,-24,13,-24,14,-24,13,-23,13,-23,13,-23,13,-22,13,-22,13,-22,12,-22,12,-22,12,-22,12,-22,11,-22,10,-22,11,-22,11,-22,11,-23"
36.436322927474976,460,"CSI,591,128,101,81,22,0,17,-4,16,-4,16,-4,16,-5,16,-5,16,-5,15,-5,15,-5,15,-5,15,-5,14,-5,14,-5,14,-5,15,-5,15,-5,15,-5,14,-4,13,-3,13,-3,12,-3,12,-3,12,-3,11,-2,11,-2,10,-1,2,-1,0,0,0,0,0,0,0,0,0,0,0,0,0,0,0,0,0,0,3,-2,15,-5,15,-5,16,-5,17,-5,17,-4,18,-4,18,-4,19,-4,19,-3,20,-3,20,-2,19,-2,19,-2,19,-2,19,-2,19,-2,19,-2,18,-2,19,-3,18,-3,18,-4,18,-3,18,-3,18,-3,19,-4,19,-4"
36.46675896644592,461,"CSI,3423,128,83,49,21,0,-3,-6,-3,-4,-6,-1,-8,2,-6,5,-6,7,-7,9,-6,12,-7,10,-9,6,-10,7,-9,10,-8,9,-9,5,-9,2,-6,2,-3,2,-1,1,-1,1,0,1,0,0,0,-1,2,-4,5,-4,5,-3,1,-1,0,0,0,0,0,0,0,0,0,0,0,0,0,0,0,0,0,0,0,0,3,4,3,5,3,5,3,6,1,7,0,5,1,2,4,2,4,4,2,3,1,1,2,-2,2,-7,1,-10,0,-11,2,-11,4,-13,6,-15,8,-18,8,-20,5,-20,2,-21,3,-23,4,-22,2,-18,2,-14"
36.498172998428345,462,"CSI,488,128,-117,-78,40,0,6,-23,5,-23,5,-23,6,-22,6,-22,5,-22,4,-22,4,-22,3,-22,3,-22,3,-22,3,-22,3,-21,3,-21,4,-20,4,-20,4,-20,4,-19,5,-18,5,-17,5,-16,5,-16,6,-15,6,-14,6,-14,1,-4,0,0,0,0,0,0,0,0,0,0,0,0,0,0,0,0,0,0,1,-6,5,-21,5,-21,6,-22,6,-23,7,-23,7,-24,7,-25,8,-25,9,-25,10,-25,11,-25,10,-25,10,-25,10,-25,10,-24,10,-24,9,-24,9,-24,9,-24,9,-23,9,-23,8,-23,7,-23,7,-23,8,-23,9,-24"
36.55280685424805,463,"CSI,592,128,101,81,22,0,22,-4,22,-4,22,-5,22,-5,22,-6,21,-6,20,-6,20,-6,20,-6,20,-6,19,-6,19,-6,19,-6,20,-6,20,-6,19,-5,18,-4,18,-3,17,-3,17,-3,16,-3,16,-2,15,-2,15,-1,14,0,3,0,0,0,0,0,0,0,0,0,0,0,0,0,0,0,0,0,0,0,5,-2,20,-7,21,-6,21,-6,22,-6,23,-6,24,-5,24,-5,25,-5,26,-4,26,-4,26,-3,26,-2,26,-2,25,-2,25,-2,25,-2,25,-2,24,-3,25,-3,25,-4,25,-4,24,-4,23,-4,24,-4,24,-4,25,-5"
36.65477204322815,464,"CSI,3430,128,83,49,21,0,4,-6,1,-7,-2,-8,-6,-7,-6,-7,-5,-9,-8,-8,-11,-4,-8,-6,-6,-10,-6,-10,-4,-11,-2,-12,-3,-10,-2,-9,-1,-8,0,-5,2,-2,1,0,0,0,1,0,0,2,-2,5,-2,7,-1,7,0,1,0,0,0,0,0,0,0,0,0,0,0,0,0,0,0,0,0,0,0,1,4,4,6,4,5,5,3,6,3,6,4,5,3,3,2,2,2,1,4,2,4,1,3,-3,7,-5,9,-7,8,-8,8,-9,10,-9,12,-8,13,-8,13,-10,15,-10,15,-10,15,-8,14,-6,13,-5,14,-5"
36.685478925704956,465,"CSI,593,128,101,81,22,0,-2,23,-1,23,-1,23,-1,22,-1,21,-1,21,1,21,1,21,1,21,1,21,1,21,1,21,1,21,1,20,0,20,-1,20,0,20,-1,19,-1,18,-2,17,-2,16,-2,15,-3,15,-3,14,-3,14,-1,3,0,0,0,0,0,0,0,0,0,0,0,0,0,0,0,0,0,0,0,5,1,21,0,21,0,22,-1,23,-1,24,-1,24,-1,25,-2,26,-3,26,-4,26,-4,26,-4,26,-4,27,-4,26,-4,26,-4,25,-4,25,-4,25,-4,24,-4,24,-3,24,-2,24,-2,24,-2,24,-2,24,-1,25"
36.757203102111816,466,"CSI,3435,128,83,49,21,0,1,6,2,4,3,1,4,-1,6,-2,7,-4,8,-4,9,-3,12,-4,14,-4,15,-5,15,-7,13,-5,11,-2,10,0,10,1,9,1,6,-1,3,0,0,0,-2,-2,-2,-3,-2,-3,-4,-5,-4,-6,-1,-2,0,0,0,0,0,0,0,0,0,0,0,0,0,0,0,0,0,0,-1,1,-3,6,-4,6,-6,5,-8,4,-8,2,-7,1,-3,0,-2,-1,-2,0,-1,3,1,6,2,7,2,7,2,7,5,7,8,10,9,14,9,16,7,16,5,16,6,16,8,18,4,18,5,17,11,15,14,11"
36.79289507865906,467,"CSI,594,128,101,81,22,0,-10,-10,-10,-10,-10,-9,-10,-9,-9,-8,-9,-8,-10,-8,-10,-8,-10,-8,-10,-8,-10,-8,-10,-8,-10,-8,-10,-8,-9,-8,-9,-8,-9,-8,-8,-8,-8,-8,-7,-8,-7,-7,-7,-7,-6,-7,-6,-7,-5,-7,-2,-2,0,0,0,0,0,0,0,0,0,0,0,0,0,0,0,0,0,0,-3,-2,-9,-8,-9,-8,-9,-9,-10,-9,-10,-10,-10,-10,-10,-11,-10,-11,-10,-11,-10,-11,-9,-12,-9,-12,-9,-12,-9,-12,-9,-12,-10,-12,-10,-12,-9,-11,-9,-11,-9,-11,-9,-10,-10,-10,-10,-10,-10,-10,-10,-10,-11,-10"
36.86227989196777,468,"CSI,3438,128,83,49,21,0,-1,-8,-2,-5,-4,-2,-5,0,-7,2,-11,5,-10,7,-6,8,-10,8,-15,9,-15,10,-13,9,-12,6,-12,2,-12,0,-9,-1,-7,-1,-5,-1,-3,-2,-1,-1,2,-1,4,-1,5,1,6,4,5,2,1,0,0,0,0,0,0,0,0,0,0,0,0,0,0,0,0,0,0,0,1,-1,5,-3,6,-2,9,-3,7,-4,3,-3,2,-2,3,-2,3,-3,3,-2,2,-2,0,-3,-2,-5,-3,-6,-3,-8,-3,-13,-3,-15,-3,-13,-4,-14,-3,-17,-2,-20,-3,-20,-5,-19,-4,-18,-3,-17,-4,-16,-5,-15"
36.901272773742676,469,"CSI,595,128,101,81,22,0,-21,-12,-21,-12,-21,-12,-21,-11,-20,-10,-20,-9,-21,-9,-21,-9,-21,-9,-20,-9,-20,-9,-20,-8,-20,-8,-20,-8,-20,-8,-19,-8,-19,-9,-18,-9,-17,-9,-16,-8,-15,-8,-15,-8,-14,-8,-13,-8,-13,-8,-4,-3,0,0,0,0,0,0,0,0,0,0,0,0,0,0,0,0,0,0,-5,-3,-19,-11,-19,-12,-20,-13,-20,-13,-21,-14,-21,-15,-21,-16,-22,-16,-22,-16,-22,-16,-21,-17,-21,-18,-21,-18,-21,-17,-21,-17,-21,-17,-21,-17,-21,-16,-21,-15,-21,-14,-21,-14,-21,-14,-21,-14,-21,-13,-22,-13,-22,-14"
36.934410095214844,470,"CSI,4073,128,83,49,21,0,6,-11,4,-10,1,-9,0,-6,-2,-4,-4,-4,-4,-1,-2,2,-1,-3,-3,-9,-5,-11,-4,-11,-5,-12,-2,-12,0,-10,0,-10,1,-8,1,-5,0,-3,-1,-3,-4,-2,-5,-2,-5,-4,-5,-4,-7,-3,-2,-1,0,0,0,0,0,0,0,0,0,0,0,0,0,0,0,0,0,0,0,-1,3,-4,2,-4,2,-4,1,-4,0,-4,-1,-5,1,-8,2,-7,4,-6,5,-7,6,-6,4,-3,2,0,1,1,1,0,2,-2,1,-4,-3,-6,-4,-8,-3,-8,-2,-9,-2,-10,-1,-10,1,-13,1,-17,-1,-20"
36.96507978439331,471,"CSI,3443,128,83,49,21,0,3,-11,2,-9,0,-6,-3,-4,-7,-4,-7,-4,-9,-7,-12,-12,-14,-11,-15,-6,-16,-7,-15,-8,-11,-7,-9,-9,-6,-8,-1,-5,0,-2,0,-1,-1,-1,-2,-2,-2,1,-2,3,-1,4,0,4,-1,4,-1,1,0,0,0,0,0,0,0,0,0,0,0,0,0,0,0,0,0,0,0,-2,2,-6,3,-9,5,-9,6,-5,6,-2,6,-3,6,-4,6,-3,3,-4,0,-6,-2,-7,-3,-7,-5,-8,-4,-10,-3,-11,-5,-13,-6,-14,-3,-16,-2,-19,-3,-21,-3,-21,-2,-20,1,-21,1,-22,-2,-19,-4,-18"
37.0015549659729,472,"CSI,596,128,101,81,22,0,-15,9,-15,10,-15,10,-15,10,-15,10,-14,10,-13,10,-13,10,-13,10,-13,10,-12,10,-12,10,-12,10,-13,10,-13,10,-13,9,-12,9,-12,8,-12,7,-12,7,-12,6,-11,6,-11,6,-11,5,-10,4,-3,1,0,0,0,0,0,0,0,0,0,0,0,0,0,0,0,0,0,0,-4,2,-13,9,-14,9,-15,9,-15,10,-16,10,-16,10,-17,10,-17,9,-18,9,-18,9,-18,9,-18,9,-18,9,-18,9,-18,9,-18,8,-17,8,-17,9,-17,9,-17,9,-17,9,-16,9,-16,9,-16,9,-17,9,-17,10"
37.11125993728638,473,"CSI,597,128,101,81,22,0,14,17,14,17,15,17,15,16,15,15,15,15,15,15,16,15,15,15,15,15,15,15,15,14,15,14,15,14,14,13,13,14,13,14,12,14,11,14,10,13,10,12,9,12,8,12,8,12,7,12,1,3,0,0,0,0,0,0,0,0,0,0,0,0,0,0,0,0,0,0,3,3,15,14,15,15,15,16,15,16,15,17,16,18,16,19,16,20,16,20,15,20,15,21,15,22,15,22,14,22,14,21,14,21,14,21,14,20,14,19,15,19,15,19,15,19,15,19,15,19,16,18,17,19"
37.16870880126953,474,"CSI,3451,128,83,49,21,0,-7,-8,-9,-4,-8,-1,-7,4,-7,6,-6,6,-8,8,-7,15,-3,17,-3,15,-6,12,-8,11,-8,10,-8,7,-7,3,-7,0,-6,1,-3,3,0,1,1,-1,0,-2,1,0,3,0,5,-1,6,1,1,0,0,0,0,0,0,0,0,0,0,0,0,0,0,0,0,0,0,0,-1,-2,-3,-8,0,-7,4,-7,5,-8,4,-6,5,-5,6,-4,4,-3,1,-4,-1,-5,-3,-5,-5,-5,-7,-4,-10,-6,-14,-8,-16,-9,-15,-11,-12,-12,-12,-10,-13,-12,-13,-15,-13,-15,-14,-13,-14,-14,-12,-15,-7,-14"
37.22181987762451,475,"CSI,598,128,101,81,22,0,21,8,21,7,21,7,21,6,21,5,21,5,21,5,20,5,21,5,20,4,20,4,19,4,20,4,20,4,20,4,19,4,18,5,18,5,17,5,16,5,15,4,15,5,14,5,13,5,12,5,3,1,0,0,0,0,0,0,0,0,0,0,0,0,0,0,0,0,0,0,5,1,20,6,20,7,21,8,21,8,22,9,22,10,23,10,23,11,23,11,23,11,23,12,22,13,22,13,22,12,22,12,22,12,22,12,22,11,22,10,23,9,22,9,22,9,22,9,22,9,23,9,24,9"
37.271888971328735,476,"CSI,3455,128,83,49,21,0,-6,-14,-7,-11,-8,-5,-8,-1,-11,0,-13,0,-12,0,-9,-2,-9,-3,-13,-2,-13,-1,-12,-2,-14,-2,-14,-3,-11,-1,-10,-1,-9,-3,-8,-5,-4,-4,-2,-2,-1,0,1,1,3,4,3,5,4,6,1,1,0,0,0,0,0,0,0,0,0,0,0,0,0,0,0,0,0,0,2,-2,7,-7,6,-5,6,-4,6,-4,4,-4,2,-4,4,-4,5,-3,3,-2,1,-4,-1,-6,-4,-8,-5,-10,-5,-10,-6,-10,-6,-13,-6,-16,-5,-17,-4,-19,-4,-19,-5,-17,-4,-17,-2,-18,-4,-16,-5,-13,-2,-12"
37.332666873931885,477,"CSI,599,128,101,81,22,0,6,16,6,16,6,16,6,15,6,14,7,14,7,14,7,14,7,14,7,14,7,14,7,14,7,14,7,13,7,13,6,13,6,14,5,13,5,13,4,12,4,11,3,11,3,10,3,10,2,10,0,2,0,0,0,0,0,0,0,0,0,0,0,0,0,0,0,0,0,0,1,3,6,14,6,14,6,15,6,15,6,16,6,17,6,18,6,18,6,18,5,18,5,19,5,19,5,19,5,19,5,19,5,19,5,19,5,18,5,17,5,17,5,17,6,17,6,17,6,17,6,17,7,18"
37.37105393409729,478,"CSI,3458,128,83,49,21,0,13,-6,8,-7,2,-8,0,-8,0,-11,0,-14,1,-15,4,-15,1,-16,-2,-18,-1,-17,-3,-15,-1,-12,1,-10,1,-8,1,-8,0,-7,1,-4,3,-2,3,-1,1,0,-1,2,-2,3,-4,3,-4,3,-1,0,0,0,0,0,0,0,0,0,0,0,0,0,0,0,0,0,0,0,1,0,6,3,6,2,5,3,4,4,4,4,4,3,2,1,3,-1,4,-4,5,-5,5,-4,5,-6,4,-7,3,-7,6,-8,10,-9,12,-7,15,-5,17,-6,17,-7,19,-7,20,-8,19,-5,18,-3,16,-4,14,-5"
37.52941703796387,479,"CSI,494,128,-117,-78,40,0,-20,12,-20,12,-19,12,-19,13,-19,13,-18,13,-18,13,-17,13,-17,13,-17,13,-16,13,-16,13,-16,13,-17,13,-17,12,-17,12,-16,11,-16,10,-15,9,-15,9,-15,8,-15,8,-14,7,-14,6,-14,6,-4,1,0,0,0,0,0,0,0,0,0,0,0,0,0,0,0,0,0,0,-5,3,-18,12,-18,13,-19,13,-20,13,-21,13,-21,13,-22,13,-23,13,-24,13,-24,12,-24,12,-24,12,-24,12,-24,11,-24,11,-24,11,-23,11,-23,11,-23,12,-23,12,-22,12,-22,12,-21,12,-21,12,-22,12,-22,12"
37.570576906204224,480,"CSI,601,128,101,81,22,0,-22,-5,-22,-5,-22,-4,-22,-4,-22,-3,-21,-3,-21,-2,-21,-2,-21,-2,-21,-2,-20,-2,-20,-1,-20,-1,-21,-1,-20,-1,-20,-1,-19,-2,-18,-3,-18,-3,-17,-3,-16,-2,-15,-3,-15,-3,-14,-3,-14,-4,-4,-1,0,0,0,0,0,0,0,0,0,0,0,0,0,0,0,0,0,0,-6,-2,-21,-5,-21,-5,-21,-6,-22,-6,-22,-7,-23,-7,-24,-8,-24,-8,-24,-8,-24,-9,-24,-9,-24,-10,-23,-10,-23,-10,-24,-10,-23,-9,-23,-9,-23,-8,-23,-7,-23,-7,-23,-6,-23,-6,-23,-7,-23,-6,-23,-6,-24,-7"
37.59832191467285,481,"CSI,3466,128,83,49,21,0,9,1,6,-1,4,-4,3,-6,1,-6,2,-9,3,-8,4,-5,4,-8,3,-13,4,-14,6,-13,4,-11,4,-10,5,-11,4,-8,4,-6,3,-3,1,0,0,2,0,1,0,2,-1,3,-2,3,-4,3,-2,0,0,0,0,0,0,0,0,0,0,0,0,0,0,0,0,0,0,0,0,1,-2,5,-5,4,-7,5,-8,4,-6,3,-3,3,-2,1,-1,-2,0,-2,3,-1,5,0,5,1,5,4,7,4,9,5,12,9,13,12,12,12,11,10,11,9,12,11,11,14,10,16,12,13,13,9,12,5"
37.675456047058105,482,"CSI,602,128,101,81,22,0,12,-1,12,-1,12,-1,12,-1,12,-2,12,-2,12,-2,11,-2,11,-2,11,-2,11,-2,11,-3,11,-3,11,-3,11,-2,11,-2,10,-2,10,-1,10,-1,9,-1,9,-1,8,-1,8,-1,8,-1,8,0,1,0,0,0,0,0,0,0,0,0,0,0,0,0,0,0,0,0,0,0,2,-1,11,0,11,0,12,0,12,0,13,0,13,1,13,1,13,1,14,1,14,1,14,1,14,2,14,2,14,2,14,2,13,2,13,2,13,1,13,1,13,0,13,0,13,0,13,0,13,0,13,0,13,0"
37.78133296966553,483,"CSI,3474,128,83,49,21,0,-6,6,-4,5,-2,5,2,5,5,5,7,6,6,5,3,3,6,6,10,9,10,11,10,10,8,8,6,6,4,5,3,4,2,2,1,0,2,-1,1,-1,-1,-2,-2,-3,-3,-4,-3,-5,0,-6,0,-2,0,0,0,0,0,0,0,0,0,0,0,0,0,0,0,0,0,0,-2,-1,-8,-1,-8,-1,-7,-3,-6,-4,-6,-3,-5,-5,-3,-7,-3,-5,-3,-3,-4,0,-5,3,-6,4,-6,6,-6,9,-7,10,-8,10,-9,12,-9,14,-9,13,-9,11,-11,11,-13,11,-16,10,-16,9,-17,11,-19,14"
37.81385397911072,484,"CSI,603,128,101,81,22,0,22,-4,22,-4,22,-4,22,-5,22,-5,21,-6,21,-6,20,-6,20,-6,20,-6,19,-6,19,-6,19,-6,20,-6,20,-6,19,-5,19,-4,18,-3,17,-3,17,-3,16,-3,16,-2,15,-2,15,-2,14,-1,3,-1,0,0,0,0,0,0,0,0,0,0,0,0,0,0,0,0,0,0,5,-2,21,-5,21,-5,22,-4,23,-4,24,-4,24,-3,25,-3,25,-3,26,-3,26,-2,26,-2,26,-1,26,-1,26,-1,25,-1,25,-1,25,-1,25,-2,25,-2,25,-3,25,-3,24,-3,23,-3,24,-3,24,-4,25,-4"
37.88346195220947,485,"CSI,3479,128,83,49,21,0,2,-11,1,-4,-2,0,-5,0,-8,-2,-10,0,-13,4,-18,6,-16,5,-13,3,-12,1,-13,2,-14,3,-14,3,-12,1,-9,-1,-6,-2,-3,0,-2,1,-1,1,1,0,3,-2,5,-2,7,-1,7,0,1,0,0,0,0,0,0,0,0,0,0,0,0,0,0,0,0,0,0,0,0,0,3,4,2,7,0,7,1,6,4,6,4,5,2,1,3,-2,5,-1,4,0,6,-2,8,-5,7,-5,8,-7,11,-9,10,-10,8,-11,7,-12,10,-12,14,-13,14,-15,12,-16,9,-16,7,-15,7,-16,6,-17"
37.919711112976074,486,"CSI,604,128,101,81,22,0,19,-13,18,-14,18,-13,18,-14,18,-14,17,-14,16,-14,16,-14,16,-15,15,-15,15,-15,15,-15,15,-15,16,-14,16,-14,16,-13,15,-13,14,-12,14,-11,14,-10,14,-10,13,-9,13,-9,13,-8,12,-7,3,-2,0,0,0,0,0,0,0,0,0,0,0,0,0,0,0,0,0,0,4,-4,17,-13,18,-13,18,-13,19,-13,20,-13,20,-13,21,-13,22,-13,23,-13,23,-13,23,-13,23,-13,23,-12,23,-12,23,-12,22,-12,22,-12,22,-12,22,-13,22,-13,22,-13,21,-13,20,-13,20,-13,20,-13,21,-14"
37.98871088027954,487,"CSI,3482,128,83,49,21,0,-12,-1,-6,1,-4,4,-4,6,-2,6,-2,8,-1,14,2,18,2,13,1,10,0,10,-2,11,-4,13,-5,12,-5,7,-6,5,-6,4,-3,3,0,0,2,-1,1,-3,1,-4,3,-4,3,-4,2,-4,0,-1,0,0,0,0,0,0,0,0,0,0,0,0,0,0,0,0,0,0,-1,-1,0,-4,2,-6,3,-7,2,-7,2,-7,2,-4,1,-1,-1,-2,-4,-4,-4,-5,-1,-4,-2,-3,-8,-2,-10,-1,-11,-1,-13,-4,-14,-6,-15,-7,-18,-7,-19,-7,-18,-8,-17,-9,-17,-8,-19,-5,-20,-5,-19,-5"
38.019513845443726,488,"CSI,605,128,101,81,22,0,13,19,13,19,13,18,13,17,13,17,13,16,14,16,14,16,14,16,14,16,14,16,14,15,14,15,14,15,13,15,12,15,12,15,11,15,11,15,10,14,9,13,8,13,8,12,7,12,7,12,1,3,0,0,0,0,0,0,0,0,0,0,0,0,0,0,0,0,0,0,3,4,13,16,13,17,13,18,13,18,13,19,14,20,14,21,13,22,13,22,13,22,12,23,12,23,12,24,12,23,12,23,12,23,12,23,12,22,12,21,13,20,13,20,13,20,13,20,13,20,14,20,14,20"
38.090409994125366,489,"CSI,3486,128,83,49,21,0,-11,-1,-10,0,-6,4,-2,9,-2,12,-3,13,-3,10,-2,6,-3,6,-6,9,-6,11,-5,12,-6,12,-7,11,-7,9,-7,6,-6,2,-4,1,-2,1,1,0,3,-2,4,-3,6,-3,7,-1,6,3,1,1,0,0,0,0,0,0,0,0,0,0,0,0,0,0,0,0,0,0,-1,-3,-3,-9,-3,-8,-2,-8,-1,-9,-2,-8,-2,-6,-1,-6,-1,-7,-2,-6,-5,-4,-7,-5,-8,-4,-10,-3,-12,-1,-13,-1,-13,-2,-15,-3,-17,-3,-17,-6,-17,-7,-20,-7,-22,-8,-21,-9,-19,-8,-18,-6,-15,-2"
38.13052988052368,490,"CSI,606,128,101,81,22,0,-1,-24,-2,-24,-2,-24,-2,-23,-1,-22,-2,-22,-3,-22,-3,-23,-3,-23,-4,-23,-4,-22,-4,-22,-3,-22,-3,-21,-2,-21,-2,-21,-2,-21,-2,-20,-1,-19,-1,-18,0,-17,0,-16,1,-16,1,-15,1,-15,0,-4,0,0,0,0,0,0,0,0,0,0,0,0,0,0,0,0,0,0,-1,-6,-3,-22,-3,-22,-2,-23,-2,-24,-2,-25,-2,-25,-2,-26,-1,-27,0,-27,1,-27,1,-27,1,-28,1,-28,1,-27,1,-27,1,-27,1,-27,1,-26,1,-26,1,-25,0,-25,-1,-25,-1,-25,-1,-25,-1,-25,-1,-26"
38.24229383468628,491,"CSI,607,128,101,81,22,0,20,-12,19,-13,19,-13,19,-13,19,-13,18,-13,17,-13,16,-13,16,-14,16,-14,16,-14,15,-14,16,-14,16,-13,17,-13,16,-12,16,-12,15,-11,14,-10,15,-10,14,-9,14,-9,13,-8,13,-7,13,-6,3,-2,0,0,0,0,0,0,0,0,0,0,0,0,0,0,0,0,0,0,4,-3,18,-12,18,-12,19,-12,20,-12,21,-12,21,-12,22,-12,22,-12,24,-12,24,-12,24,-11,24,-11,24,-11,24,-11,24,-11,23,-11,23,-10,23,-11,23,-11,22,-12,22,-12,21,-12,21,-12,21,-12,22,-12,22,-13"
38.293489933013916,492,"CSI,3495,128,83,49,21,0,-3,4,0,4,-1,6,-2,7,2,9,6,13,7,14,3,16,3,15,6,13,7,13,6,12,4,11,2,12,0,13,-2,9,-3,5,-2,3,-1,2,1,1,2,-1,2,-2,3,-3,3,-4,4,-4,1,-1,0,0,0,0,0,0,0,0,0,0,0,0,0,0,0,0,0,0,-2,-1,-6,-1,-6,-2,-7,-3,-7,-4,-5,-4,-5,-3,-8,-1,-9,-2,-6,-1,-4,2,-5,2,-10,3,-12,6,-12,7,-10,6,-9,8,-11,10,-13,9,-15,8,-16,8,-16,11,-18,11,-19,9,-19,8,-16,8,-15,9"
38.35028386116028,493,"CSI,608,128,101,81,22,0,11,20,11,20,12,19,12,18,12,18,12,17,12,18,13,18,13,17,13,17,13,17,13,17,12,16,12,16,12,16,11,16,11,16,10,16,9,16,8,15,8,14,7,13,7,13,6,13,6,13,1,3,0,0,0,0,0,0,0,0,0,0,0,0,0,0,0,0,0,0,2,4,11,17,12,18,11,19,11,20,11,20,12,22,12,23,12,23,11,23,11,23,10,24,10,25,10,25,10,24,10,24,10,24,10,23,10,23,10,22,10,22,11,21,11,21,12,21,11,21,12,21,13,22"
38.396116971969604,494,"CSI,3499,128,83,49,21,0,-10,4,-6,6,-2,7,-1,8,2,12,3,14,4,14,7,17,7,17,3,16,2,17,1,18,-1,15,-2,12,-2,11,-2,7,-2,2,-1,0,0,0,0,-3,1,-5,2,-4,2,-3,3,-3,4,-3,1,-1,0,0,0,0,0,0,0,0,0,0,0,0,0,0,0,0,0,0,-1,-2,-4,-6,-6,-7,-5,-9,-4,-8,-4,-7,-3,-6,-4,-4,-4,-4,-5,-5,-8,-5,-8,-3,-9,-1,-10,2,-11,4,-14,5,-16,6,-18,4,-20,2,-21,2,-22,3,-22,3,-22,4,-21,3,-20,2,-19,3,-18,1"
38.46239686012268,495,"CSI,609,128,101,81,22,0,-2,23,-1,23,-1,23,-1,22,-1,22,-1,22,0,22,1,22,1,22,1,22,1,22,1,21,1,21,1,20,0,20,0,20,0,20,0,19,-1,18,-1,17,-2,16,-2,16,-2,15,-3,14,-3,14,-1,3,0,0,0,0,0,0,0,0,0,0,0,0,0,0,0,0,0,0,-1,5,-1,21,-1,21,-2,22,-3,23,-3,23,-3,24,-3,25,-4,26,-4,26,-5,26,-6,26,-6,26,-6,26,-6,26,-6,25,-5,25,-5,25,-5,25,-5,24,-4,24,-4,24,-3,24,-2,24,-3,24,-3,24,-3,25"
38.50020790100098,496,"CSI,3502,128,83,49,21,0,-1,-8,-3,-6,-5,-3,-6,-4,-7,-7,-10,-8,-11,-9,-8,-14,-8,-17,-11,-15,-12,-11,-12,-9,-10,-10,-7,-12,-6,-10,-4,-7,-1,-6,1,-5,1,-2,-3,0,-5,2,-3,4,-1,6,-2,6,-4,6,-2,1,0,0,0,0,0,0,0,0,0,0,0,0,0,0,0,0,0,0,0,-2,1,-7,2,-5,5,-4,5,-4,5,-4,5,-5,6,-4,6,-3,5,-3,4,-6,2,-8,0,-7,-2,-9,-4,-13,-2,-15,-2,-16,-4,-16,-3,-17,0,-19,2,-16,1,-15,0,-18,3,-19,6,-19,4,-20,1,-18"
38.575506925582886,497,"CSI,500,128,-117,-78,40,0,-18,2,-18,2,-18,2,-18,3,-18,3,-17,3,-17,3,-17,3,-17,4,-16,3,-16,4,-16,4,-16,4,-16,4,-16,4,-16,3,-15,3,-15,2,-14,2,-14,2,-14,2,-13,1,-13,1,-13,0,-12,0,-3,-1,0,0,0,0,0,0,0,0,0,0,0,0,0,0,0,0,0,0,-5,0,-17,3,-17,2,-17,2,-18,2,-19,2,-19,2,-19,1,-20,1,-21,1,-21,1,-21,0,-20,0,-20,-1,-20,0,-20,0,-21,0,-20,0,-20,0,-20,1,-20,1,-20,1,-19,1,-19,1,-19,1,-20,2,-20,2"
38.6169970035553,498,"CSI,610,128,101,81,22,0,-18,-10,-18,-10,-18,-9,-18,-9,-18,-8,-17,-8,-18,-8,-18,-8,-18,-7,-17,-7,-17,-7,-17,-7,-17,-7,-17,-6,-17,-6,-16,-7,-16,-8,-15,-8,-15,-8,-14,-7,-13,-7,-13,-7,-12,-7,-11,-7,-11,-8,-3,-2,0,0,0,0,0,0,0,0,0,0,0,0,0,0,0,0,0,0,-4,-3,-16,-9,-17,-9,-17,-10,-18,-10,-18,-11,-18,-11,-19,-12,-19,-13,-19,-13,-19,-13,-19,-14,-18,-15,-18,-15,-18,-14,-18,-14,-18,-14,-18,-14,-18,-13,-18,-12,-18,-11,-18,-11,-18,-11,-18,-12,-18,-11,-19,-11,-20,-11"
38.64459705352783,499,"CSI,3506,128,83,49,21,0,2,8,2,4,3,-1,5,0,9,2,13,1,13,-3,9,-6,9,-5,11,-3,11,0,13,2,13,3,10,4,7,4,6,1,4,-1,1,-1,0,0,-1,1,-3,0,-4,-2,-6,-4,-5,-5,-4,-6,-1,-2,0,0,0,0,0,0,0,0,0,0,0,0,0,0,0,0,0,0,-2,0,-8,3,-7,2,-8,1,-10,1,-10,-1,-10,-2,-9,1,-7,4,-5,3,-4,3,-4,3,-1,4,1,5,0,7,-2,10,-4,13,-3,16,-2,17,-2,17,-3,17,-1,17,0,17,-3,17,-4,16,-6,16,-8,17"
38.69718098640442,500,"CSI,611,128,101,81,22,0,-10,-16,-10,-16,-11,-15,-11,-14,-11,-14,-11,-14,-11,-14,-11,-14,-11,-14,-11,-14,-11,-14,-11,-13,-11,-13,-11,-13,-11,-13,-10,-13,-10,-13,-9,-13,-9,-13,-8,-12,-7,-11,-7,-11,-7,-11,-6,-11,-6,-11,-2,-3,0,0,0,0,0,0,0,0,0,0,0,0,0,0,0,0,0,0,-3,-4,-11,-13,-10,-14,-10,-15,-10,-15,-11,-16,-11,-17,-11,-17,-11,-18,-10,-18,-10,-18,-10,-19,-10,-19,-10,-19,-10,-19,-10,-19,-10,-19,-10,-18,-10,-18,-10,-17,-10,-17,-10,-17,-10,-17,-11,-17,-11,-17,-11,-16,-12,-17"
38.80707001686096,501,"CSI,612,128,101,81,22,0,-1,-14,-1,-14,-1,-13,-1,-13,-1,-13,-1,-13,-2,-13,-2,-13,-2,-13,-2,-13,-3,-13,-3,-13,-2,-12,-2,-12,-2,-12,-2,-12,-2,-12,-1,-11,-1,-11,-1,-10,-1,-10,-1,-10,0,-9,0,-9,0,-9,0,-2,0,0,0,0,0,0,0,0,0,0,0,0,0,0,0,0,0,0,0,-3,0,-12,0,-12,0,-13,0,-14,0,-14,0,-14,0,-15,1,-15,1,-15,2,-15,1,-15,1,-15,1,-15,1,-15,2,-15,1,-15,1,-15,1,-15,1,-14,1,-14,1,-14,0,-14,0,-14,0,-14,0,-14,0,-14"
38.83771800994873,502,"CSI,3514,128,83,49,21,0,-1,-10,-6,-7,-9,-5,-9,-2,-11,-1,-10,-2,-8,-1,-6,0,-8,-3,-13,-4,-14,-3,-13,-5,-10,-8,-7,-9,-7,-8,-6,-5,-2,-4,-1,-3,-1,0,-1,1,0,2,1,3,2,5,1,5,-1,4,-1,1,0,0,0,0,0,0,0,0,0,0,0,0,0,0,0,0,0,0,1,-2,5,-5,6,-6,6,-7,7,-6,6,-6,5,-5,4,-4,3,-5,4,-7,3,-7,1,-5,0,-6,0,-9,-2,-11,-3,-12,-2,-14,0,-16,-1,-16,-3,-17,-2,-18,-1,-20,0,-20,2,-19,2,-18,2,-17,4,-18"
38.87042689323425,503,"CSI,1146,128,77,-47,20,0,-7,-7,-6,-4,-5,-2,-6,1,-7,4,-9,4,-12,2,-14,1,-15,3,-14,6,-14,7,-14,7,-13,5,-11,3,-10,1,-8,-1,-6,-1,-4,-1,-3,1,-3,2,0,1,4,0,5,2,4,3,4,4,1,1,0,0,0,0,0,0,0,0,0,0,0,0,0,0,0,0,0,0,-1,-3,-3,-9,-4,-8,-2,-8,0,-9,1,-10,0,-10,-2,-8,-3,-7,-3,-6,-4,-6,-4,-6,-6,-5,-7,-5,-8,-6,-12,-4,-14,-4,-14,-6,-13,-9,-11,-12,-9,-10,-11,-8,-15,-10,-15,-12,-13,-13,-13,-13,-15,-11"
38.914578914642334,504,"CSI,613,128,101,81,22,0,-18,2,-18,2,-18,3,-18,3,-18,4,-17,4,-17,4,-17,3,-17,4,-16,4,-16,4,-16,4,-16,4,-17,4,-17,4,-16,3,-15,3,-15,2,-14,2,-14,2,-14,2,-13,1,-13,1,-13,0,-12,-1,-3,-1,0,0,0,0,0,0,0,0,0,0,0,0,0,0,0,0,0,0,-4,1,-17,4,-17,3,-17,3,-18,3,-19,3,-19,3,-20,2,-20,2,-21,2,-21,2,-21,1,-20,0,-20,0,-20,0,-20,0,-20,1,-20,1,-20,1,-20,1,-20,2,-20,2,-19,2,-19,2,-19,2,-20,3,-21,3"
39.00982999801636,505,"CSI,3523,128,83,49,21,0,10,-1,7,-3,2,-5,-2,-6,-4,-7,-6,-9,-10,-9,-14,-12,-13,-12,-12,-10,-10,-11,-7,-12,-4,-10,-5,-10,-5,-9,-3,-8,-1,-6,-1,-3,-2,-1,-3,-1,-1,0,3,2,3,4,1,5,0,5,-1,1,0,0,0,0,0,0,0,0,0,0,0,0,0,0,0,0,0,0,-1,1,-5,5,-8,6,-9,6,-8,5,-4,2,-1,2,-1,4,0,7,0,9,0,7,2,7,5,7,7,6,7,4,7,2,8,3,11,5,14,5,16,5,15,5,16,6,17,6,16,6,15,5,15,5,15,6"
39.037444829940796,506,"CSI,614,128,101,81,22,0,22,5,22,5,22,4,22,3,22,3,22,2,22,2,22,2,21,2,21,2,21,2,20,1,20,1,21,1,21,1,20,2,19,3,18,3,18,3,17,3,16,3,15,3,15,3,14,3,13,4,3,1,0,0,0,0,0,0,0,0,0,0,0,0,0,0,0,0,0,0,5,0,21,3,22,4,22,4,23,4,23,5,24,6,24,7,25,7,25,7,25,8,25,8,24,9,24,9,24,9,24,9,24,9,24,9,24,8,24,7,24,6,24,6,23,6,23,6,24,6,24,5,25,5"
39.115175008773804,507,"CSI,3527,128,83,49,21,0,-12,0,-8,3,-6,6,-4,8,-2,9,-1,9,-2,10,-5,15,-5,16,-1,13,-1,12,-3,11,-5,8,-6,8,-7,8,-7,6,-6,3,-3,2,-2,0,0,-1,3,-2,3,-2,2,-3,3,-2,6,-3,1,-1,0,0,0,0,0,0,0,0,0,0,0,0,0,0,0,0,0,0,-3,-2,-11,-4,-9,-4,-8,-7,-7,-8,-7,-6,-6,-4,-4,-4,-4,-5,-6,-4,-9,-2,-10,-1,-10,1,-9,2,-9,2,-10,4,-12,6,-13,8,-15,8,-16,7,-15,7,-15,5,-18,5,-21,5,-21,3,-21,1,-19,0"
39.14596486091614,508,"CSI,615,128,101,81,22,0,22,-6,21,-6,22,-7,22,-7,22,-8,21,-8,20,-8,20,-8,20,-8,19,-8,19,-8,19,-8,19,-8,19,-8,20,-8,19,-7,18,-6,18,-5,17,-5,17,-5,16,-5,16,-4,15,-4,15,-3,14,-2,3,-1,0,0,0,0,0,0,0,0,0,0,0,0,0,0,0,0,0,0,5,-2,20,-8,21,-7,21,-7,22,-7,23,-7,24,-7,24,-6,25,-6,26,-6,26,-5,26,-5,26,-4,26,-4,26,-4,25,-4,25,-4,25,-4,25,-4,25,-5,25,-6,24,-6,24,-6,23,-6,23,-6,24,-6,25,-6"
39.21556901931763,509,"CSI,3531,128,83,49,21,0,0,-13,-5,-11,-5,-9,-1,-8,-3,-7,-7,-9,-8,-7,-8,-2,-11,-3,-13,-7,-11,-8,-9,-10,-9,-10,-8,-9,-5,-7,-2,-3,-1,-3,-2,-1,-1,1,1,1,1,2,0,3,1,4,2,5,0,8,-1,2,0,0,0,0,0,0,0,0,0,0,0,0,0,0,0,0,0,0,1,-2,8,-7,8,-5,5,-4,4,-3,4,-1,4,-2,5,-3,6,-4,6,-5,4,-8,4,-9,4,-11,5,-14,4,-13,1,-12,0,-13,-1,-15,0,-16,2,-16,4,-16,4,-19,3,-21,2,-20,3,-20,4,-21,5,-19"
39.249939918518066,510,"CSI,616,128,101,81,22,0,12,4,11,4,12,4,12,3,11,3,11,2,11,2,12,2,11,2,11,2,11,2,11,2,11,2,11,2,11,2,11,2,10,3,10,3,9,3,9,3,8,2,8,2,8,2,7,3,7,3,1,0,0,0,0,0,0,0,0,0,0,0,0,0,0,0,0,0,0,0,2,0,11,3,11,3,11,3,12,4,12,4,12,5,13,5,13,5,13,5,13,6,13,6,13,6,12,6,12,6,12,6,12,6,12,6,12,6,12,5,12,5,12,4,12,5,12,5,12,4,12,4,13,3"
39.27657604217529,511,"CSI,69,128,83,49,21,0,-8,13,-7,12,-4,9,0,7,1,7,0,6,1,6,6,8,9,6,7,4,6,6,5,9,3,11,1,10,0,9,-1,8,-1,7,1,4,3,1,3,0,4,0,5,0,5,2,5,4,7,5,2,1,0,0,0,0,0,0,0,0,0,0,0,0,0,0,0,0,0,0,-1,0,-4,2,-3,1,-3,2,-3,4,-4,5,-4,5,-4,4,-5,3,-6,4,-6,3,-6,3,-8,3,-9,2,-6,1,-3,1,-4,3,-3,4,-2,6,0,7,1,9,2,13,2,17,1,16,-1,13,-3,15,-7,17"
39.31760501861572,512,"CSI,3535,128,83,49,21,0,-9,1,-9,3,-7,7,-4,8,-2,8,-1,9,-1,8,-2,4,-2,4,-4,9,-5,12,-6,12,-7,12,-6,10,-5,6,-6,3,-7,3,-6,1,-3,-1,-2,-1,-2,0,1,0,5,-1,7,-1,8,-1,2,-1,0,0,0,0,0,0,0,0,0,0,0,0,0,0,0,0,0,0,-2,-1,-8,-2,-8,-2,-8,-2,-8,-1,-7,-1,-6,-1,-6,-1,-7,-1,-9,0,-8,0,-7,0,-7,-1,-8,0,-11,4,-13,6,-13,7,-13,9,-13,11,-14,9,-17,7,-18,9,-18,8,-20,5,-21,6,-21,6,-19,4"
39.36372995376587,513,"CSI,617,128,101,81,22,0,11,20,12,20,12,19,12,18,12,18,12,18,13,18,13,18,13,17,13,17,13,17,12,17,12,17,12,16,12,16,11,16,10,17,10,17,9,16,8,15,7,14,7,14,6,13,6,13,5,13,1,3,0,0,0,0,0,0,0,0,0,0,0,0,0,0,0,0,0,0,3,4,13,16,13,17,13,18,13,19,13,20,13,21,13,22,13,23,12,23,12,23,12,24,12,24,12,24,12,24,11,24,11,23,11,23,11,23,11,22,11,21,11,21,12,21,12,21,12,21,13,21,14,22"
39.42236804962158,514,"CSI,3538,128,83,49,21,0,3,-13,0,-13,-2,-11,-2,-8,-1,-6,-3,-8,-7,-12,-11,-14,-13,-13,-10,-10,-6,-10,-3,-11,-2,-13,-3,-14,-2,-12,-1,-10,1,-7,3,-4,3,-3,2,0,1,1,-3,1,-5,2,-6,2,-7,1,-2,0,0,0,0,0,0,0,0,0,0,0,0,0,0,0,0,0,0,0,0,-2,1,-8,2,-6,3,-5,2,-6,2,-5,2,-4,2,-5,-1,-6,-2,-6,-1,-7,-1,-7,-2,-9,-3,-11,-3,-12,-2,-13,-3,-15,-5,-15,-5,-15,-3,-16,-2,-18,1,-21,4,-23,5,-23,4,-22,4,-19,3,-18"
39.52127695083618,515,"CSI,3543,128,83,49,21,0,-10,9,-8,6,-3,5,1,6,3,9,6,10,7,12,6,16,6,16,6,15,7,15,7,13,5,13,3,14,1,10,1,5,-1,4,-3,3,-1,3,0,3,0,3,0,2,2,-1,4,-2,4,-4,0,-2,0,0,0,0,0,0,0,0,0,0,0,0,0,0,0,0,0,0,-2,1,-9,7,-9,6,-8,2,-7,0,-5,0,-5,1,-5,3,-5,5,-8,4,-9,4,-8,4,-7,6,-6,9,-6,10,-4,12,-4,14,-7,16,-8,16,-7,13,-9,13,-11,15,-12,17,-10,16,-10,17,-11,19,-9,20"
39.62446999549866,516,"CSI,3546,128,83,49,21,0,9,-6,6,-8,4,-8,1,-8,-3,-9,-3,-10,-3,-10,-2,-8,-3,-10,-3,-12,-3,-12,-4,-13,-4,-13,-1,-12,-2,-10,-2,-9,0,-7,1,-7,1,-4,0,0,-2,1,-2,2,-3,3,-4,4,-4,4,-1,1,0,0,0,0,0,0,0,0,0,0,0,0,0,0,0,0,0,0,1,1,7,5,5,6,3,5,3,4,4,3,4,2,5,2,4,1,4,-1,5,0,6,0,7,-3,10,-6,12,-5,13,-5,14,-6,15,-6,15,-7,17,-6,18,-3,19,-6,19,-7,18,-5,18,-7,19,-9,18,-7"
39.6604790687561,517,"CSI,1148,128,77,-47,20,0,-13,-11,-12,-8,-9,-4,-7,-1,-7,1,-8,3,-13,2,-20,1,-19,3,-14,4,-15,3,-16,0,-14,-2,-12,-3,-9,-3,-6,-3,-6,-2,-5,-1,-3,0,-1,0,2,0,1,0,-1,3,-1,5,-1,5,-1,1,0,0,0,0,0,0,0,0,0,0,0,0,0,0,0,0,0,0,-1,-3,-3,-10,-4,-11,-3,-10,-1,-7,-1,-5,-1,-5,-2,-4,-3,-3,-6,-5,-7,-7,-8,-8,-10,-9,-11,-8,-13,-6,-14,-6,-15,-8,-16,-12,-17,-15,-17,-14,-16,-13,-13,-14,-13,-16,-13,-16,-12,-15,-11,-16,-12,-17"
39.68702793121338,518,"CSI,85,128,83,49,21,0,-7,7,-8,4,-7,5,-3,3,1,2,3,5,2,3,3,-2,2,-2,1,3,4,6,6,5,7,3,7,3,5,3,5,5,6,7,4,4,3,1,3,1,3,1,4,-1,4,-1,5,0,6,0,1,0,0,0,0,0,0,0,0,0,0,0,0,0,0,0,0,0,0,0,-1,-1,-3,0,-2,0,-3,-1,-4,-2,-4,-1,-5,0,-6,1,-7,1,-6,-1,-5,-4,-7,-5,-9,-4,-9,-3,-6,-2,-5,-1,-5,1,-3,2,-1,4,-3,8,-6,9,-7,9,-9,9,-8,10,-8,12,-10,11,-9,9"
39.72764801979065,519,"CSI,3551,128,83,49,21,0,-14,-1,-13,0,-8,3,-6,5,-4,6,-1,10,-1,11,-4,6,-2,7,2,10,5,9,4,12,1,13,0,11,0,11,0,8,-1,5,0,5,0,3,0,2,-2,0,-1,-4,1,-6,1,-7,0,-6,0,-2,0,0,0,0,0,0,0,0,0,0,0,0,0,0,0,0,0,0,0,-2,2,-8,5,-9,5,-9,2,-6,2,-6,1,-6,-1,-5,-2,-4,-2,-4,-4,-2,-5,-3,-6,-5,-7,-4,-10,-2,-13,-3,-17,-5,-19,-5,-19,-5,-19,-4,-19,-4,-19,-5,-19,-6,-19,-4,-19,-1,-19,0,-21,-2"
39.826817750930786,520,"CSI,3555,128,83,49,21,0,4,9,5,7,6,5,7,2,9,1,9,1,10,-2,11,-4,11,-3,13,0,15,3,14,5,13,7,11,6,8,7,7,9,6,6,3,2,-1,0,-1,0,-1,-1,-1,-4,1,-5,2,-6,-1,-7,-1,-2,0,0,0,0,0,0,0,0,0,0,0,0,0,0,0,0,0,0,0,2,0,9,-1,8,-1,7,-2,7,-3,7,-2,5,1,2,1,4,1,6,2,6,3,6,4,7,6,8,8,6,9,7,10,12,9,14,9,13,10,13,12,14,11,17,10,18,10,17,8,14,8,14,11,15"
39.93298697471619,521,"CSI,3558,128,83,49,21,0,-10,-3,-10,-3,-8,-1,-4,2,-4,2,-6,4,-9,7,-11,12,-10,15,-9,13,-10,12,-11,8,-11,3,-13,1,-13,1,-9,1,-5,2,-3,1,-2,0,-1,0,0,-1,1,-1,2,1,3,4,2,7,0,2,0,0,0,0,0,0,0,0,0,0,0,0,0,0,0,0,0,0,-3,-2,-9,-5,-7,-4,-7,-3,-7,-3,-4,-3,-1,-2,-1,0,-2,0,-3,0,-5,2,-7,1,-8,0,-8,0,-10,1,-13,1,-16,0,-16,0,-14,1,-15,-1,-18,-3,-19,-3,-19,-5,-19,-6,-19,-5,-19,-3,-17,-1"
40.03436803817749,522,"CSI,3562,128,83,49,21,0,-7,-9,-5,-7,-5,-4,-6,-4,-8,-3,-10,0,-11,2,-11,0,-14,0,-15,2,-15,3,-17,4,-17,3,-13,0,-9,-1,-7,-1,-5,-3,-2,-3,0,-2,1,1,1,2,2,1,4,1,5,2,4,2,1,0,0,0,0,0,0,0,0,0,0,0,0,0,0,0,0,0,0,0,0,-1,4,-3,6,-1,8,-1,9,-1,8,0,6,0,4,-2,5,-4,6,-4,5,-4,2,-5,0,-6,0,-9,-2,-11,-2,-13,1,-14,2,-14,0,-14,1,-17,0,-19,-2,-20,-2,-20,-1,-20,-1,-19,-2,-16,0,-12"
40.13672995567322,523,"CSI,3567,128,83,49,21,0,7,7,7,3,6,0,6,-3,6,-4,7,-6,6,-11,6,-16,7,-15,8,-11,10,-8,10,-8,10,-10,11,-9,10,-7,8,-5,7,-4,6,-1,1,1,-2,-1,-1,-1,0,0,-2,3,-4,3,-5,2,-2,0,0,0,0,0,0,0,0,0,0,0,0,0,0,0,0,0,0,0,-2,0,-7,0,-7,-3,-6,-4,-6,-4,-6,-5,-6,-6,-5,-4,-3,-3,-3,0,-4,1,-4,1,-4,5,-4,8,-3,7,-1,11,-1,15,-1,16,-1,16,-3,15,-3,15,-1,16,-1,15,-1,14,-2,14,-1,13,3,11"
40.238990783691406,524,"CSI,3571,128,83,49,21,0,1,8,1,5,3,2,7,0,9,-2,8,-4,5,-5,3,-6,7,-6,12,-5,12,-4,11,-3,11,-4,10,-4,8,-2,5,-1,2,-1,1,-2,0,-1,-2,0,-3,2,-4,3,-5,2,-7,1,-7,2,-2,0,0,0,0,0,0,0,0,0,0,0,0,0,0,0,0,0,0,0,-2,-1,-6,-4,-6,-6,-7,-7,-7,-6,-4,-6,-2,-5,-2,-3,-3,-1,-2,1,-2,3,-6,7,-7,8,-7,8,-6,10,-6,11,-7,11,-7,12,-7,13,-7,14,-3,17,-3,21,-4,21,-4,17,-6,14,-8,13,-7,14"
40.341078758239746,525,"CSI,3574,128,83,49,21,0,-5,6,-3,6,-1,5,1,6,3,8,5,7,6,7,9,7,10,7,9,7,7,8,7,10,5,10,3,9,2,10,0,10,-2,6,-3,2,-3,0,-2,-2,-3,-5,-3,-6,-1,-5,0,-6,1,-7,0,-2,0,0,0,0,0,0,0,0,0,0,0,0,0,0,0,0,0,0,-2,0,-8,-1,-7,-3,-7,-4,-5,-3,-4,-4,-6,-5,-5,-5,-3,-1,-3,2,-3,2,-1,2,-3,4,-7,4,-9,5,-12,6,-15,8,-15,11,-15,11,-16,11,-16,11,-14,11,-15,9,-16,5,-17,5,-14,7,-7,8"
40.54349708557129,526,"CSI,3583,128,83,49,21,0,3,8,1,2,1,-2,3,-3,5,-4,7,-6,6,-9,4,-11,4,-10,4,-8,5,-9,7,-9,7,-8,5,-6,6,-2,6,-1,4,0,2,-1,2,0,0,0,-1,1,-3,1,-6,1,-7,1,-6,1,-2,0,0,0,0,0,0,0,0,0,0,0,0,0,0,0,0,0,0,0,-2,0,-8,2,-9,3,-10,1,-9,-1,-7,-1,-7,1,-6,1,-3,1,-1,3,2,7,2,8,0,6,0,6,1,10,2,12,1,13,2,14,5,15,6,15,5,16,4,14,4,13,4,13,4,15,5,13,5,9"
40.64850378036499,527,"CSI,3586,128,83,49,21,0,-5,-6,-3,-2,-2,0,-4,3,-8,4,-10,3,-11,5,-14,7,-14,7,-11,5,-9,2,-10,0,-11,0,-12,1,-12,1,-9,0,-7,-2,-3,-1,0,0,2,0,4,0,6,-1,7,0,7,0,4,1,0,0,0,0,0,0,0,0,0,0,0,0,0,0,0,0,0,0,0,0,1,-1,7,-2,6,-2,5,-1,5,0,5,0,6,2,5,2,1,0,0,-1,1,-4,1,-8,0,-11,-2,-10,-3,-9,-2,-10,0,-15,1,-16,1,-16,-1,-16,-3,-18,-4,-19,-6,-18,-9,-18,-7,-17,-4,-16,-2,-18"
40.752012729644775,528,"CSI,3591,128,83,49,21,0,-3,-10,-4,-6,-5,-1,-5,-1,-6,0,-9,2,-9,2,-4,-1,-6,-3,-12,-2,-13,-2,-12,-2,-12,-1,-10,-3,-7,-5,-5,-4,-2,-1,0,0,0,2,1,2,1,1,1,3,2,5,4,5,4,4,1,0,0,0,0,0,0,0,0,0,0,0,0,0,0,0,0,0,0,0,0,-2,3,-5,3,-5,4,-4,4,-3,5,-2,6,-4,4,-4,2,-4,2,-4,3,-6,0,-7,-2,-8,-3,-9,-5,-10,-6,-12,-7,-15,-7,-15,-4,-14,-3,-15,-6,-17,-6,-18,-4,-20,-4,-21,-6,-20,-3,-19,2,-19"
40.954978942871094,529,"CSI,3598,128,83,49,21,0,-5,1,-2,3,0,5,2,4,6,3,9,6,9,6,5,1,5,1,9,6,11,6,10,7,6,8,2,6,0,4,-1,5,-1,6,0,4,-1,1,-3,-2,-4,-4,-4,-6,-3,-6,-2,-7,-1,-8,-1,-2,0,0,0,0,0,0,0,0,0,0,0,0,0,0,0,0,0,0,-3,0,-8,1,-7,-1,-7,-2,-6,-2,-7,-3,-6,-3,-5,-2,-7,1,-9,2,-8,2,-5,5,-4,6,-6,7,-7,8,-7,7,-5,8,-3,9,-4,10,-5,12,-8,15,-10,16,-9,16,-8,13,-11,11,-12,11,-10,14"
41.05568075180054,530,"CSI,3602,128,83,49,21,0,4,6,3,2,5,0,6,-1,5,-3,7,-5,6,-7,3,-6,5,-4,9,-3,10,-3,8,-3,7,-1,8,-1,6,-1,3,2,2,4,2,1,2,-2,0,-3,-2,-3,-2,-3,-4,-4,-4,-7,-2,-8,0,-3,0,0,0,0,0,0,0,0,0,0,0,0,0,0,0,0,0,0,-1,1,-3,6,-4,4,-5,4,-3,6,-2,6,-1,4,0,2,-1,3,0,5,3,5,6,6,5,7,4,7,7,8,10,8,12,8,11,8,9,9,8,10,9,11,12,15,13,17,12,16,11,15,10,16,8,18"
41.16065192222595,531,"CSI,3607,128,83,49,21,0,1,-10,-1,-7,-3,-5,-6,-4,-9,-3,-12,0,-11,-1,-7,-4,-9,-3,-12,0,-12,-1,-11,-2,-11,-2,-9,-2,-8,-3,-6,-3,-5,-3,-2,-1,2,-1,4,0,3,0,2,-1,4,1,5,3,3,3,0,0,0,0,0,0,0,0,0,0,0,0,0,0,0,0,0,0,0,0,2,-1,9,0,7,1,5,3,3,4,1,4,2,2,4,2,3,0,3,-1,5,-1,4,-2,2,-5,3,-10,5,-12,4,-12,5,-12,6,-13,5,-14,4,-16,6,-16,8,-16,8,-19,10,-20,12,-19,10,-18,7,-21"
41.26244306564331,532,"CSI,3611,128,83,49,21,0,-7,0,-3,5,1,7,4,8,3,9,2,9,5,8,11,8,12,9,8,9,7,7,5,7,4,10,2,11,0,8,-1,7,-2,5,-1,1,-1,-2,0,-4,2,-6,2,-8,0,-9,1,-9,2,-8,0,-2,0,0,0,0,0,0,0,0,0,0,0,0,0,0,0,0,0,0,-2,-2,-5,-7,-3,-7,-1,-8,0,-9,1,-9,1,-9,0,-5,-2,-3,-3,-3,-4,-5,-6,-5,-8,-2,-10,0,-12,0,-13,-1,-14,-1,-15,0,-15,1,-18,2,-21,3,-21,2,-18,2,-17,3,-19,3,-19,3,-19,3"
41.467530965805054,533,"CSI,3619,128,83,49,21,0,-9,7,-3,5,2,5,2,5,3,5,3,7,4,13,5,19,6,16,7,13,7,13,6,11,5,10,4,9,2,7,-1,7,-2,6,-2,3,-2,1,-1,1,0,-2,-2,-5,-2,-7,1,-7,3,-7,0,-2,0,0,0,0,0,0,0,0,0,0,0,0,0,0,0,0,0,0,-2,-1,-6,-4,-4,-7,-5,-7,-5,-6,-6,-7,-4,-8,-2,-8,-3,-6,-5,-4,-4,-2,-5,2,-6,5,-8,5,-10,3,-11,1,-14,2,-17,5,-20,7,-21,7,-23,5,-21,4,-18,5,-17,7,-17,8,-17,7,-18,7"
41.5698299407959,534,"CSI,3623,128,83,49,21,0,13,-1,11,-3,8,-7,5,-9,2,-10,-1,-12,1,-12,6,-12,6,-14,5,-17,6,-17,6,-16,5,-15,5,-11,5,-6,8,-4,8,-3,4,-2,2,-4,1,-3,-2,-3,-7,-3,-9,0,-10,1,-10,0,-3,-1,0,0,0,0,0,0,0,0,0,0,0,0,0,0,0,0,0,0,1,0,7,0,8,2,7,4,7,4,6,4,4,4,2,2,4,0,5,0,4,2,4,1,8,-1,10,-2,10,-4,11,-7,12,-7,14,-4,17,-3,19,-4,20,-4,20,-5,20,-9,18,-8,18,-5,19,-4,18,-4"
41.655872106552124,535,"CSI,1150,128,77,-47,20,0,-11,-2,-11,1,-9,4,-5,8,-3,10,-3,11,-1,10,2,10,-1,13,-6,13,-6,11,-7,11,-7,12,-4,11,-2,9,-4,6,-4,3,-1,1,0,3,1,3,1,-1,1,-5,2,-6,3,-5,4,-5,1,-2,0,0,0,0,0,0,0,0,0,0,0,0,0,0,0,0,0,0,0,-2,1,-5,3,-6,4,-7,5,-7,4,-6,3,-5,3,-6,3,-7,4,-5,3,-5,2,-6,1,-6,-3,-7,-6,-10,-8,-11,-10,-11,-13,-12,-13,-12,-12,-12,-13,-12,-16,-13,-16,-16,-14,-18,-12,-16,-13,-14,-14,-16"
41.68648099899292,536,"CSI,3627,128,83,49,21,0,-6,-3,-6,-1,-6,1,-7,1,-7,3,-7,5,-8,5,-11,2,-12,6,-10,9,-8,8,-8,8,-10,7,-10,4,-7,2,-6,0,-6,0,-5,1,-3,2,0,3,2,2,4,-1,3,1,1,4,1,4,0,0,0,0,0,0,0,0,0,0,0,0,0,0,0,0,0,0,0,0,-2,-1,-7,-3,-6,-3,-6,-2,-6,-2,-6,-4,-6,-5,-7,-4,-7,-4,-5,-3,-5,-1,-7,-1,-7,-2,-6,-2,-8,-1,-11,2,-14,3,-16,3,-17,4,-18,4,-20,1,-21,-2,-21,-3,-20,-4,-19,-6,-21,-7,-22,-4"
41.7196319103241,537,"CSI,1151,128,77,-47,20,0,-7,-11,-6,-6,-5,-1,-8,1,-10,2,-9,3,-11,3,-17,2,-17,3,-14,4,-13,2,-11,0,-9,1,-10,0,-9,1,-6,1,-4,-1,-3,-1,0,0,1,-1,2,1,4,3,4,3,4,3,4,3,1,1,0,0,0,0,0,0,0,0,0,0,0,0,0,0,0,0,0,0,0,-1,5,-2,8,-4,7,-5,6,-4,5,-4,3,-4,4,-4,4,-3,1,-4,-2,-6,-2,-7,-2,-8,-4,-9,-7,-9,-7,-9,-7,-12,-6,-14,-4,-15,-4,-15,-5,-17,-5,-19,-6,-20,-9,-20,-10,-19,-8,-19,-3,-18"
41.7475688457489,538,"CSI,1152,128,77,-47,20,0,8,1,6,0,4,-3,2,-6,2,-11,1,-15,4,-16,9,-14,7,-14,3,-15,3,-15,3,-14,1,-11,2,-9,3,-12,1,-11,-2,-6,-2,-3,-1,-1,-2,1,-3,0,-6,1,-8,2,-8,1,-8,-1,-2,-1,0,0,0,0,0,0,0,0,0,0,0,0,0,0,0,0,0,0,1,1,5,4,7,4,9,5,6,4,4,3,4,3,5,2,6,1,7,1,6,0,4,-3,5,-4,7,-4,8,-5,10,-4,12,-2,14,-2,16,-4,17,-5,15,-6,14,-7,18,-6,19,-5,20,-5,21,-4,19,-6"
41.778114795684814,539,"CSI,1154,128,98,32,6,0,9,-4,6,-4,3,-4,1,-9,0,-12,-2,-13,-2,-14,3,-15,3,-17,-1,-19,-2,-17,0,-14,2,-13,4,-14,4,-13,2,-8,1,-5,1,-4,0,-3,0,-3,-2,0,-4,2,-6,2,-6,0,-5,-1,-1,-1,0,0,0,0,0,0,0,0,0,0,0,0,0,0,0,0,0,0,1,-1,5,0,5,1,4,4,4,4,4,3,6,3,6,5,4,4,4,2,3,-1,3,-1,5,-1,8,-5,8,-8,9,-9,11,-10,14,-10,13,-10,13,-10,17,-9,20,-9,17,-7,17,-6,20,-8,21,-9,19,-9"
41.806681871414185,540,"CSI,3630,128,83,49,21,0,-6,9,-2,6,1,8,4,10,7,8,8,6,7,7,4,8,4,9,6,9,6,8,6,11,7,14,4,13,1,9,-1,6,-2,3,-1,3,0,1,-1,-1,-1,-2,2,-4,4,-6,5,-5,6,-4,1,-2,0,0,0,0,0,0,0,0,0,0,0,0,0,0,0,0,0,0,-1,0,-4,3,-8,3,-9,3,-7,3,-6,2,-6,3,-6,4,-5,4,-4,3,-3,3,-2,4,-1,7,-2,10,-2,13,-1,13,-3,13,-3,15,-2,17,-5,17,-6,16,-5,16,-5,16,-7,15,-9,16,-8,18,-6,18"
41.87556195259094,541,"CSI,3634,128,83,49,21,0,6,7,5,4,7,1,10,-1,13,-1,15,-1,15,1,14,3,15,0,15,-3,13,-2,12,-2,13,-2,13,1,11,1,7,-1,3,-1,2,0,1,0,1,-3,0,-3,-2,-1,-3,-2,-4,-5,-5,-6,-2,-2,0,0,0,0,0,0,0,0,0,0,0,0,0,0,0,0,0,0,0,2,1,9,0,8,-2,6,-4,5,-5,4,-5,3,-3,4,-2,5,-2,5,-2,6,1,8,4,9,4,9,4,9,6,10,11,12,13,13,12,13,10,16,9,20,8,21,8,21,8,22,9,21,8,19,7,19"
41.98202991485596,542,"CSI,3638,128,83,49,21,0,-10,-2,-11,2,-10,6,-7,9,-7,10,-10,12,-7,12,-1,11,0,12,-5,14,-8,14,-8,12,-8,11,-8,8,-5,6,-4,6,-6,4,-5,1,-3,2,-1,3,2,0,5,-2,7,-1,8,-2,9,-3,2,-1,0,0,0,0,0,0,0,0,0,0,0,0,0,0,0,0,0,0,-1,-2,-3,-8,-3,-9,-2,-9,0,-9,2,-10,2,-11,1,-9,-3,-7,-3,-6,0,-5,-1,-5,-4,-5,-8,-2,-12,0,-15,-2,-17,-3,-18,-4,-18,-5,-18,-6,-18,-8,-20,-8,-20,-6,-19,-6,-19,-8,-17,-10,-16,-10"
42.082401752471924,543,"CSI,3642,128,83,49,21,0,-7,5,-3,4,-1,7,1,10,3,10,3,10,4,8,4,4,2,7,1,13,0,14,-1,13,-2,13,-4,11,-2,6,0,3,1,1,0,-1,0,-3,2,-3,2,-3,3,-4,4,-4,4,-3,6,-1,1,0,0,0,0,0,0,0,0,0,0,0,0,0,0,0,0,0,0,0,-2,1,-7,3,-9,1,-10,-2,-9,-3,-6,-3,-5,-3,-6,-3,-7,-1,-5,0,-4,1,-5,2,-6,1,-6,2,-7,5,-10,7,-15,8,-18,10,-18,12,-16,13,-16,11,-16,8,-17,10,-20,10,-21,10,-18,10,-15,13"
42.38905096054077,544,"CSI,3654,128,83,49,21,0,8,7,7,4,6,1,4,-1,5,-4,5,-7,6,-13,10,-20,9,-19,9,-15,11,-12,11,-12,11,-11,10,-8,10,-5,9,-3,6,-3,2,-6,-1,-5,0,-1,-1,-1,-4,-2,-4,-2,-6,-1,-10,0,-3,0,0,0,0,0,0,0,0,0,0,0,0,0,0,0,0,0,0,0,-1,0,-4,3,-7,6,-7,6,-4,6,-2,6,-2,6,-3,7,-4,7,-2,8,-1,9,0,6,3,4,7,6,8,8,8,10,8,13,8,13,9,13,12,13,14,14,17,16,17,15,14,12,14,11,14,12,11,13"
42.489928007125854,545,"CSI,3658,128,83,49,21,0,8,3,7,-2,5,-6,4,-9,3,-10,3,-14,4,-19,4,-21,4,-18,5,-15,6,-14,7,-13,8,-12,8,-11,8,-7,8,-4,7,-2,4,-2,3,-1,0,-1,-3,-2,-5,-3,-7,-4,-8,-4,-6,-4,-2,-2,0,0,0,0,0,0,0,0,0,0,0,0,0,0,0,0,0,0,1,1,4,6,3,7,2,8,3,6,3,3,2,2,1,3,2,4,3,2,5,1,7,2,9,3,7,3,7,1,13,-1,16,-1,14,1,15,1,16,0,17,-2,17,-1,19,1,19,3,17,3,20,2,24,2"
42.59327292442322,546,"CSI,3662,128,83,49,21,0,-11,8,-5,8,-1,6,0,6,2,9,7,12,10,13,8,14,6,16,5,15,6,15,5,15,4,14,2,10,1,8,0,7,-1,5,-2,3,-3,1,-1,0,0,0,2,0,4,-1,4,-1,3,-1,0,0,0,0,0,0,0,0,0,0,0,0,0,0,0,0,0,0,0,0,-2,0,-8,2,-7,2,-8,3,-8,2,-6,0,-5,1,-6,2,-5,2,-4,2,-6,4,-6,6,-5,7,-7,8,-7,9,-8,9,-7,9,-7,13,-9,17,-11,17,-10,16,-11,16,-13,17,-14,17,-17,15,-20,14,-18,13"
42.697649002075195,547,"CSI,3666,128,83,49,21,0,9,-8,7,-6,1,-5,-2,-5,0,-6,-3,-10,-5,-11,-2,-9,-1,-11,-5,-14,-7,-12,-6,-12,-2,-14,-2,-14,-2,-12,-2,-11,-1,-8,0,-5,0,-2,-2,0,-2,2,-1,4,-4,7,-7,7,-8,5,-2,0,0,0,0,0,0,0,0,0,0,0,0,0,0,0,0,0,0,0,1,0,6,1,6,-1,6,-1,7,0,7,0,7,-1,5,-1,5,-1,6,-2,6,-3,7,-4,8,-5,8,-6,10,-5,12,-6,13,-8,14,-9,16,-10,16,-11,15,-11,16,-12,19,-13,18,-11,17,-9,18,-8,20,-9"
42.800750970840454,548,"CSI,3670,128,83,49,21,0,-8,-5,-7,-3,-9,-1,-8,3,-5,7,-5,9,-7,9,-3,10,-3,10,-9,8,-11,7,-13,6,-14,6,-12,6,-9,3,-5,2,-2,1,-2,-1,-2,-2,-1,-1,2,0,5,0,6,1,7,3,8,4,2,0,0,0,0,0,0,0,0,0,0,0,0,0,0,0,0,0,0,0,0,-2,2,-8,2,-8,2,-7,1,-6,1,-5,1,-6,1,-7,3,-8,5,-8,2,-8,-2,-9,-6,-8,-7,-9,-5,-10,-7,-11,-10,-11,-12,-11,-13,-13,-14,-17,-14,-18,-14,-18,-14,-18,-14,-16,-13,-14,-10,-14,-7,-15"
42.90202283859253,549,"CSI,3674,128,83,49,21,0,-5,14,-3,10,3,6,7,2,8,0,9,-1,8,-2,5,-3,8,-4,12,-4,14,-2,17,0,16,1,12,1,9,-1,8,0,5,0,3,-1,1,-1,-1,-3,-2,-4,-4,-4,-6,-4,-7,-6,-9,-6,-3,-2,0,0,0,0,0,0,0,0,0,0,0,0,0,0,0,0,0,0,-3,-2,-9,-5,-9,-3,-9,-3,-8,-3,-9,-2,-8,-3,-6,-6,-6,-4,-7,1,-7,2,-7,3,-7,7,-10,10,-11,11,-9,11,-9,12,-10,12,-8,14,-8,18,-11,18,-12,15,-9,16,-8,18,-8,18,-9,17,-9,14"
43.006731033325195,550,"CSI,3675,128,83,49,21,0,-5,-8,-4,-6,-6,-1,-6,3,-6,5,-7,8,-6,9,-4,8,-8,9,-12,9,-14,8,-14,8,-13,8,-11,6,-11,5,-10,5,-7,4,-3,1,-1,0,1,2,2,2,3,1,4,0,7,1,9,3,2,0,0,0,0,0,0,0,0,0,0,0,0,0,0,0,0,0,0,0,0,-2,2,-6,2,-5,3,-6,4,-6,4,-6,3,-8,3,-8,2,-7,0,-9,1,-11,1,-10,-1,-8,-4,-8,-7,-9,-10,-12,-9,-14,-10,-15,-11,-14,-11,-14,-11,-14,-12,-15,-12,-16,-12,-17,-12,-17,-12,-15,-12,-15"
43.105944871902466,551,"CSI,3679,128,83,49,21,0,5,-6,4,-10,6,-10,4,-8,0,-9,-2,-11,-4,-8,-9,-6,-8,-7,-5,-10,-5,-12,-5,-13,-3,-11,-1,-9,1,-9,1,-8,1,-6,1,-4,0,-3,-2,-2,-2,-1,-2,1,-4,3,-6,4,-6,4,-2,1,0,0,0,0,0,0,0,0,0,0,0,0,0,0,0,0,0,0,1,0,4,2,2,4,1,5,2,6,3,5,4,4,4,2,4,0,5,0,6,-1,7,-3,9,-3,10,-3,11,-2,11,0,13,-1,14,-3,14,-5,18,-5,21,-5,18,-5,14,-3,14,-4,16,-3,18,-2,20,-2"
43.208186864852905,552,"CSI,3682,128,83,49,21,0,-11,1,-7,3,-5,8,-1,9,1,8,2,10,3,10,4,8,2,10,0,12,-2,12,-4,11,-6,11,-8,11,-9,9,-7,6,-4,5,-2,5,-1,3,1,0,3,-1,4,-1,5,1,5,3,5,4,1,1,0,0,0,0,0,0,0,0,0,0,0,0,0,0,0,0,0,0,-2,-1,-7,-2,-7,-2,-8,-2,-7,-1,-5,0,-6,1,-7,2,-5,0,-4,-1,-5,2,-7,5,-10,6,-10,6,-9,6,-12,7,-13,6,-13,6,-14,6,-15,7,-16,9,-17,10,-17,8,-19,6,-20,4,-16,6,-12,8"
43.3097448348999,553,"CSI,3687,128,83,49,21,0,3,9,4,6,6,3,7,1,8,1,8,-1,6,-1,6,0,12,1,16,-1,14,-1,13,-1,13,-1,11,0,8,2,5,5,4,8,2,5,-2,0,-3,-3,-2,-3,-2,-4,-2,-6,-4,-8,-4,-10,-1,-3,0,0,0,0,0,0,0,0,0,0,0,0,0,0,0,0,0,0,-1,2,-1,8,-2,8,-2,8,-1,8,-1,7,-1,5,1,5,2,6,2,9,0,11,0,10,4,9,6,8,6,9,5,11,5,13,5,15,6,15,6,14,7,14,8,15,8,17,6,16,6,15,7,15,8,15"
43.41183280944824,554,"CSI,3690,128,83,49,21,0,6,3,3,1,3,-2,4,-6,5,-8,5,-9,7,-7,8,-6,7,-10,6,-15,6,-16,6,-15,6,-13,7,-10,7,-8,4,-6,2,-4,1,-1,-1,1,-3,-1,-3,-1,-4,1,-5,3,-6,4,-6,5,-2,1,0,0,0,0,0,0,0,0,0,0,0,0,0,0,0,0,0,0,-1,2,-4,8,-5,8,-7,6,-5,4,-4,4,-4,4,-3,4,-1,5,1,7,0,9,1,8,4,6,7,6,8,8,7,9,7,9,8,12,10,12,11,12,11,13,10,11,11,11,12,12,13,13,14,13,10,13"
43.51771593093872,555,"CSI,3694,128,83,49,21,0,-1,-10,-4,-7,-5,-2,-5,0,-7,0,-11,2,-10,6,-5,7,-6,1,-10,-4,-14,-5,-16,-4,-13,-3,-10,-4,-10,-5,-9,-5,-6,-4,-3,-2,-2,-1,0,0,1,1,0,2,1,3,1,5,-1,9,-1,2,0,0,0,0,0,0,0,0,0,0,0,0,0,0,0,0,0,0,1,-2,4,-8,4,-6,5,-4,4,-4,3,-4,2,-5,2,-6,2,-7,2,-6,1,-6,-1,-8,-5,-11,-8,-14,-6,-14,-5,-14,-5,-14,-5,-14,-6,-14,-6,-15,-6,-16,-6,-20,-6,-23,-3,-22,-1,-19,-1,-20,1,-23"
43.617318868637085,556,"CSI,3699,128,83,49,21,0,-5,7,-3,5,0,4,3,6,5,7,7,8,10,5,12,1,10,3,10,6,9,7,8,8,9,9,6,9,2,8,-1,6,-1,4,0,3,-1,-1,-1,-3,0,-3,2,-4,4,-3,4,-3,4,-6,1,-2,0,0,0,0,0,0,0,0,0,0,0,0,0,0,0,0,0,0,-3,1,-9,5,-7,4,-8,4,-9,1,-9,-1,-9,1,-7,2,-6,2,-5,3,-5,5,-6,6,-7,8,-6,10,-4,11,-6,12,-8,14,-6,14,-7,13,-9,14,-11,15,-12,17,-12,19,-12,16,-11,15,-9,15,-10,12"
43.71951913833618,557,"CSI,3702,128,83,49,21,0,10,-1,6,-2,2,-2,0,-4,-2,-7,-3,-10,-5,-12,-8,-13,-8,-12,-7,-11,-5,-13,-4,-13,-3,-12,-2,-12,-1,-10,0,-7,1,-8,3,-6,3,-2,0,3,-2,5,-1,5,-2,4,-4,3,-5,4,-2,1,0,0,0,0,0,0,0,0,0,0,0,0,0,0,0,0,0,0,-1,2,-2,8,-3,7,-2,6,-2,6,-1,6,-1,4,-1,4,0,5,3,5,7,6,8,7,7,6,9,4,10,4,9,6,9,5,11,3,14,2,15,2,16,3,19,4,20,3,20,1,19,0,18,2,16,5"
43.818390130996704,558,"CSI,1156,128,77,-47,20,0,9,-4,7,-6,2,-6,-3,-4,-4,-6,-3,-10,-4,-14,-8,-17,-8,-15,-5,-11,-6,-9,-6,-8,-2,-10,2,-12,4,-10,4,-7,2,-4,1,-3,-1,-2,-2,-2,-3,0,-6,3,-7,4,-8,2,-9,0,-3,0,0,0,0,0,0,0,0,0,0,0,0,0,0,0,0,0,0,0,1,-3,6,-8,7,-5,9,-2,9,0,6,0,4,-2,5,-4,4,-5,3,-6,5,-8,6,-9,5,-10,3,-13,1,-14,3,-13,6,-14,9,-15,10,-14,9,-12,9,-11,11,-12,12,-14,10,-14,11,-13,12,-13,10,-14"
43.92739486694336,559,"CSI,3710,128,83,49,21,0,-1,-10,-2,-7,-4,-6,-6,-3,-10,-1,-14,-3,-13,-4,-10,-3,-13,-4,-19,-4,-18,-3,-14,-2,-13,-2,-11,-3,-8,-5,-6,-3,-3,-2,-2,-1,-2,1,0,0,1,0,3,4,3,7,1,8,-1,5,-1,1,0,0,0,0,0,0,0,0,0,0,0,0,0,0,0,0,0,0,2,-2,9,-6,9,-6,10,-6,8,-5,5,-3,3,-3,3,-4,4,-6,2,-6,-1,-7,-2,-8,0,-8,0,-11,-1,-14,-4,-16,-5,-16,-3,-15,-1,-16,0,-18,1,-19,1,-18,-1,-18,-1,-18,0,-19,0,-19,0,-18"
44.02645778656006,560,"CSI,3715,128,83,49,21,0,12,8,9,4,8,1,9,-1,10,-3,10,-4,11,-7,11,-10,9,-9,9,-6,10,-5,11,-2,13,-1,14,-2,11,-3,6,-2,2,0,0,0,0,-2,-1,-1,-1,-2,-1,-4,-3,-5,-1,-5,2,-7,0,-2,0,0,0,0,0,0,0,0,0,0,0,0,0,0,0,0,0,0,1,1,6,5,4,4,2,3,0,4,-1,4,-1,3,0,2,1,1,2,0,5,0,7,0,8,0,10,-1,12,-1,14,-1,14,1,13,6,15,11,17,10,16,9,14,10,12,12,11,10,11,8,11,8,11,11"
44.131874799728394,561,"CSI,3718,128,83,49,21,0,-7,-9,-8,-4,-8,3,-7,7,-9,6,-10,6,-11,6,-16,5,-17,6,-14,8,-13,6,-11,5,-8,5,-9,5,-10,3,-8,1,-6,0,-3,0,0,1,1,2,1,2,3,3,4,3,3,3,1,5,0,1,0,0,0,0,0,0,0,0,0,0,0,0,0,0,0,0,0,0,-1,-3,-3,-8,-1,-6,1,-7,2,-8,0,-7,-2,-7,-2,-7,-3,-6,-5,-3,-5,-3,-5,-5,-6,-7,-7,-7,-7,-6,-9,-7,-12,-8,-13,-7,-11,-8,-12,-12,-13,-16,-13,-15,-11,-14,-11,-15,-11,-16,-10,-15,-8,-12"
44.33261704444885,562,"CSI,3726,128,83,49,21,0,1,8,3,8,5,5,6,3,8,6,12,8,16,8,18,7,14,5,14,5,15,9,11,9,8,9,5,9,4,7,3,4,2,1,2,0,3,1,1,2,1,0,1,-2,2,-6,3,-8,5,-10,1,-3,0,0,0,0,0,0,0,0,0,0,0,0,0,0,0,0,0,0,-2,1,-5,6,-5,5,-4,4,-5,3,-5,4,-3,3,-2,3,-2,4,-2,6,-3,9,-2,11,-1,10,-2,9,-2,12,1,14,2,13,1,12,1,13,-1,15,-2,18,-1,20,0,20,-2,17,-4,17,-4,17,-4,16"
44.4373939037323,563,"CSI,3731,128,83,49,21,0,13,-4,11,-4,7,-4,3,-8,3,-11,4,-13,5,-15,6,-16,4,-14,2,-12,2,-12,5,-12,7,-10,8,-8,8,-9,5,-8,2,-4,3,-2,2,-2,-1,-3,-3,-4,-5,-3,-6,-4,-6,-6,-6,-5,-2,-1,0,0,0,0,0,0,0,0,0,0,0,0,0,0,0,0,0,0,1,-1,5,0,6,4,4,6,3,4,4,1,5,0,6,-1,6,-3,6,-4,7,-2,8,0,10,-2,12,-4,14,-5,14,-5,13,-5,12,-5,14,-4,16,-4,16,-6,16,-7,17,-5,18,-4,17,-5,15,-4,14,-3"
44.54240274429321,564,"CSI,3734,128,83,49,21,0,-11,1,-10,2,-7,5,-5,7,-5,10,-9,12,-14,14,-19,14,-17,15,-11,16,-10,15,-11,13,-12,9,-11,7,-8,5,-5,2,-4,3,-3,5,-2,3,-1,0,1,1,1,3,2,3,5,2,6,3,1,1,0,0,0,0,0,0,0,0,0,0,0,0,0,0,0,0,0,0,0,-3,1,-9,1,-10,0,-9,0,-7,2,-6,2,-6,-1,-5,-4,-4,-5,-5,-6,-8,-6,-7,-6,-6,-8,-6,-10,-6,-11,-7,-13,-9,-15,-9,-17,-11,-18,-12,-18,-11,-17,-9,-17,-11,-17,-13,-17,-11,-14,-10,-10,-10"
44.640767097473145,565,"CSI,3738,128,83,49,21,0,-1,9,2,9,4,10,4,11,5,12,8,12,9,12,7,14,6,13,7,13,8,12,6,9,4,8,3,9,2,9,1,8,0,6,1,4,1,1,2,-1,2,-2,3,-2,5,-2,6,-3,6,-4,1,-1,0,0,0,0,0,0,0,0,0,0,0,0,0,0,0,0,0,0,-1,1,-3,7,-3,5,-4,4,-4,4,-5,1,-5,-1,-5,1,-3,5,-2,8,-2,9,-3,10,-3,12,-2,12,-1,11,-2,12,-4,15,-5,17,-4,17,-4,19,-4,21,-4,19,-5,17,-6,17,-7,17,-7,14,-6,9"
44.74432587623596,566,"CSI,3742,128,83,49,21,0,8,-7,6,-7,5,-7,2,-7,0,-10,-1,-14,0,-16,4,-18,3,-20,1,-18,1,-13,1,-12,3,-13,5,-12,3,-10,0,-8,-1,-7,0,-4,-2,-3,-4,-3,-3,-3,-2,-2,-4,0,-5,1,-6,-2,-2,-1,0,0,0,0,0,0,0,0,0,0,0,0,0,0,0,0,0,0,1,0,5,2,5,4,4,6,5,5,6,3,3,2,4,2,7,2,6,1,6,-1,9,-4,9,-5,8,-5,9,-7,12,-9,13,-8,13,-6,13,-5,15,-4,17,-5,18,-6,20,-6,19,-5,16,-4,16,-4,18,-4"
44.845617055892944,567,"CSI,3747,128,83,49,21,0,10,-1,9,-5,8,-7,8,-6,9,-6,10,-8,9,-9,10,-12,11,-11,12,-8,12,-6,14,-2,14,-1,11,-3,9,-4,8,-2,4,-1,1,-4,1,-4,0,0,-1,0,-2,-3,-2,-4,-1,-6,0,-8,0,-3,0,0,0,0,0,0,0,0,0,0,0,0,0,0,0,0,0,0,1,0,7,2,8,4,6,6,2,5,1,2,5,2,6,2,5,-1,6,-2,8,-1,10,-2,10,-3,9,-1,9,1,11,2,13,0,15,-2,16,0,16,2,16,3,17,5,17,9,17,10,16,8,17,4,17,-1"
44.94775104522705,568,"CSI,3751,128,83,49,21,0,7,4,8,0,8,-2,6,-5,4,-7,3,-9,2,-9,-1,-8,1,-10,5,-13,7,-14,9,-13,10,-11,10,-8,8,-6,5,-5,4,-4,3,-2,-1,-1,-2,-1,-2,-1,-3,-3,-5,-3,-6,-1,-7,-1,-2,0,0,0,0,0,0,0,0,0,0,0,0,0,0,0,0,0,0,0,-1,2,-1,7,-1,7,-2,7,-2,6,-2,4,0,4,1,4,3,4,4,4,5,5,7,6,9,5,10,5,10,4,11,4,13,7,12,8,11,7,12,6,16,8,18,9,14,9,14,9,18,7,17,4,16,5"
45.04898381233215,569,"CSI,3754,128,83,49,21,0,3,10,2,7,3,5,6,3,10,3,11,3,10,5,11,7,14,4,16,2,14,4,11,6,10,5,9,4,6,5,3,5,1,4,1,3,1,1,0,0,-1,0,-1,0,-2,-3,-2,-6,-1,-6,0,-2,0,0,0,0,0,0,0,0,0,0,0,0,0,0,0,0,0,0,-1,2,-4,10,-5,7,-5,6,-4,6,-2,7,-2,5,-1,3,1,4,3,7,3,9,2,9,4,10,5,12,4,12,3,14,3,16,4,15,2,14,1,14,5,15,8,18,8,18,6,18,4,19,5,19,8,16"
45.15273094177246,570,"CSI,3759,128,83,49,21,0,9,6,9,3,10,3,10,1,11,-1,12,-2,14,-6,17,-10,16,-9,13,-5,12,-4,13,-3,12,-2,11,-1,10,0,8,0,5,0,1,-1,-1,-2,-2,-2,-2,-3,-4,-4,-4,-5,-2,-6,-2,-9,-1,-3,0,0,0,0,0,0,0,0,0,0,0,0,0,0,0,0,0,0,1,1,5,6,4,6,1,7,1,6,1,4,2,3,5,3,8,3,6,4,5,4,7,2,9,3,10,6,12,5,12,5,11,7,12,7,13,8,13,10,14,10,15,9,16,9,16,11,15,12,14,12,13,11"
45.25934910774231,571,"CSI,3762,128,83,49,21,0,-7,-4,-6,0,-6,1,-7,2,-9,3,-9,6,-11,5,-14,0,-15,1,-14,5,-13,5,-14,4,-14,0,-10,-3,-6,-5,-3,-6,-4,-4,-4,-1,-2,0,-1,0,-1,0,0,0,-1,3,-2,5,-4,4,-1,0,0,0,0,0,0,0,0,0,0,0,0,0,0,0,0,0,0,0,-3,-2,-13,-5,-11,-5,-7,-4,-3,-5,-4,-6,-6,-5,-6,-2,-6,-1,-6,0,-8,0,-11,-1,-13,0,-13,-1,-12,-1,-12,-2,-15,-5,-18,-6,-16,-7,-13,-7,-15,-8,-17,-9,-16,-9,-14,-8,-16,-8,-19,-8,-20,-5"
45.35906386375427,572,"CSI,3766,128,83,49,21,0,-10,2,-7,4,-4,4,-3,4,-3,6,-3,6,-5,9,-8,15,-6,16,-3,15,-4,14,-5,13,-6,12,-7,11,-7,8,-5,4,-2,2,0,0,1,-2,1,-3,2,-2,4,0,6,1,6,1,6,2,1,0,0,0,0,0,0,0,0,0,0,0,0,0,0,0,0,0,0,0,-3,-1,-9,-4,-7,-5,-5,-6,-4,-6,-3,-5,-4,-3,-6,-2,-7,-2,-7,-1,-8,-2,-9,0,-9,3,-8,2,-10,1,-12,2,-14,2,-16,1,-16,2,-15,4,-13,5,-13,4,-14,2,-15,1,-16,2,-16,0,-13,-1"
45.46415400505066,573,"CSI,3771,128,83,49,21,0,-7,-5,-7,-2,-10,1,-11,3,-9,5,-9,6,-11,8,-9,11,-8,8,-8,5,-10,5,-13,4,-11,3,-8,1,-7,0,-6,1,-5,1,-3,1,-1,0,-1,0,-1,1,0,4,2,4,1,3,-1,4,-1,1,0,0,0,0,0,0,0,0,0,0,0,0,0,0,0,0,0,0,-2,-4,-7,-12,-6,-12,-5,-11,-4,-8,-4,-8,-2,-8,-2,-6,-3,-5,-3,-4,-7,-4,-10,-8,-10,-9,-9,-6,-10,-5,-13,-6,-13,-5,-13,-5,-14,-8,-16,-11,-17,-11,-16,-10,-16,-9,-16,-11,-15,-12,-14,-10,-14,-10"
45.56354904174805,574,"CSI,3774,128,83,49,21,0,-2,7,2,3,7,1,8,2,8,3,10,3,14,-1,18,-8,17,-9,16,-5,15,-3,12,-1,11,2,11,2,7,2,4,3,4,3,3,2,0,1,-1,-1,-1,-3,-1,-3,-2,-3,-3,-5,-3,-7,-1,-2,0,0,0,0,0,0,0,0,0,0,0,0,0,0,0,0,0,0,-2,-1,-8,-1,-10,1,-9,1,-7,0,-7,-1,-7,-1,-7,1,-8,2,-7,1,-4,3,-2,6,-1,7,0,8,0,11,-3,14,-5,15,-4,15,-4,16,-6,19,-5,17,-3,16,-3,18,-2,17,-2,14,-3,14,-4,12"
45.66741895675659,575,"CSI,3779,128,83,49,21,0,-5,-10,-6,-7,-6,-2,-7,2,-8,6,-7,8,-9,6,-13,0,-14,-1,-14,3,-16,5,-16,4,-13,1,-10,0,-9,2,-8,3,-6,3,-3,1,-1,0,1,0,3,0,4,0,6,0,6,1,4,4,0,1,0,0,0,0,0,0,0,0,0,0,0,0,0,0,0,0,0,0,1,-2,4,-6,3,-7,5,-7,6,-4,3,-5,2,-6,1,-5,0,-6,0,-7,-1,-8,-2,-8,-4,-8,-6,-8,-7,-8,-9,-12,-9,-15,-8,-15,-9,-14,-9,-14,-9,-13,-10,-13,-11,-14,-11,-14,-9,-14,-10,-16,-14,-15"
45.770729064941406,576,"CSI,3783,128,83,49,21,0,-8,-1,-7,1,-6,4,-4,5,-4,7,-3,9,-2,11,-7,14,-8,16,-5,14,-3,12,-2,12,-3,12,-7,9,-8,8,-6,6,-4,2,-4,1,-2,1,1,1,1,-2,2,-2,4,0,5,1,6,0,1,-1,0,0,0,0,0,0,0,0,0,0,0,0,0,0,0,0,0,0,-2,-3,-5,-10,-2,-10,2,-10,2,-10,-1,-8,-3,-6,-3,-4,-1,-4,-2,-6,-4,-5,-7,-4,-9,-6,-11,-6,-12,-5,-12,-5,-13,-6,-14,-6,-14,-7,-16,-8,-19,-9,-19,-10,-19,-10,-21,-10,-21,-9,-16,-7,-12,-6"
45.97383403778076,577,"CSI,3791,128,83,49,21,0,-9,1,-5,0,-1,0,2,1,5,5,7,6,6,5,4,5,6,8,9,10,6,11,2,10,1,8,0,5,-1,4,-1,4,-1,3,0,2,-1,1,-2,-2,-2,-4,-2,-4,-2,-5,-1,-6,0,-8,0,-2,0,0,0,0,0,0,0,0,0,0,0,0,0,0,0,0,0,0,0,-2,3,-5,5,-6,6,-7,6,-5,5,-2,3,-2,1,-5,-1,-7,-1,-6,-1,-5,-3,-4,-5,-4,-7,-7,-10,-9,-12,-9,-13,-8,-13,-6,-10,-4,-10,-4,-11,-5,-12,-3,-15,-2,-16,-3,-17,-5,-17,-4,-15,-3"
46.07462191581726,578,"CSI,3794,128,83,49,21,0,-3,-7,-4,-4,-2,-1,-2,4,-6,6,-8,5,-13,4,-20,1,-19,3,-14,7,-13,9,-13,7,-9,4,-10,4,-11,3,-7,0,-3,-1,1,1,-1,1,-1,-1,2,-2,4,-1,5,-2,7,-2,8,-1,2,0,0,0,0,0,0,0,0,0,0,0,0,0,0,0,0,0,0,0,0,1,1,5,1,5,2,5,3,5,2,7,3,7,6,3,7,1,7,0,5,-2,5,-3,6,-1,7,0,6,-3,5,-8,5,-12,7,-14,7,-14,7,-14,7,-13,7,-14,8,-16,7,-16,4,-14,3,-14,2,-16"
46.279950857162476,579,"CSI,3803,128,83,49,21,0,5,-2,1,-5,-2,-5,-5,-5,-8,-6,-10,-7,-8,-8,-6,-9,-6,-12,-8,-15,-6,-16,-3,-15,-2,-11,1,-9,2,-7,1,-3,0,-4,-1,-5,0,-1,1,2,0,4,-3,6,-4,5,-4,2,-5,2,-2,0,0,0,0,0,0,0,0,0,0,0,0,0,0,0,0,0,0,0,2,2,8,7,4,7,3,7,4,3,3,1,2,5,3,6,3,4,3,2,2,0,2,-1,4,-3,6,-5,8,-5,10,-4,10,-3,10,-3,11,-4,14,-3,14,-3,13,-6,12,-7,13,-6,14,-7,14,-8,12,-9"
46.4866247177124,580,"CSI,3810,128,83,49,21,0,-6,-6,-5,-3,-2,0,1,5,-1,10,-3,11,-4,15,-9,19,-8,17,-4,13,-4,13,-6,14,-7,13,-6,12,-4,9,-3,5,-4,1,-4,-1,-3,-2,-1,-2,0,-3,-1,-3,-1,-4,1,-5,3,-5,1,-2,0,0,0,0,0,0,0,0,0,0,0,0,0,0,0,0,0,0,2,0,8,3,8,2,9,1,7,2,4,1,3,-1,4,-2,5,-3,6,-3,4,-3,3,-6,2,-6,-1,-7,-2,-10,-1,-13,-2,-14,-2,-15,-2,-16,-3,-17,-5,-16,-5,-15,-5,-14,-5,-15,-8,-14,-12,-13,-12,-12"
46.58745503425598,581,"CSI,3814,128,83,49,21,0,9,-6,5,-5,-1,-3,-6,-4,-7,-8,-7,-12,-5,-13,-3,-14,-5,-13,-6,-13,-6,-14,-7,-15,-5,-14,-2,-12,0,-8,3,-6,3,-3,0,-1,0,-1,-2,0,-5,2,-7,1,-7,1,-7,2,-8,2,-3,0,0,0,0,0,0,0,0,0,0,0,0,0,0,0,0,0,0,0,3,0,9,1,6,2,6,5,7,6,6,4,4,2,3,0,0,0,0,0,3,-1,6,-1,7,-3,8,-5,8,-7,9,-8,9,-8,11,-8,14,-9,14,-8,13,-7,12,-7,10,-9,12,-9,15,-8,14,-8,8,-8"
46.69159984588623,582,"CSI,3818,128,83,49,21,0,-9,-3,-6,-2,-5,2,-6,5,-3,7,-1,11,-1,12,2,11,-1,11,-8,13,-7,14,-4,14,-3,13,-4,11,-4,9,-4,8,-5,4,-4,2,-3,3,0,2,1,-1,1,-3,3,-4,6,-4,7,-2,1,-1,0,0,0,0,0,0,0,0,0,0,0,0,0,0,0,0,0,0,0,-2,1,-7,2,-8,5,-8,4,-6,3,-3,4,-2,4,-4,2,-7,0,-8,-2,-6,-4,-6,-7,-8,-9,-8,-10,-7,-10,-7,-12,-10,-12,-11,-10,-7,-11,-5,-15,-6,-17,-8,-16,-9,-14,-9,-14,-8,-14,-7,-13,-6"
46.893571853637695,583,"CSI,3826,128,83,49,21,0,9,1,9,-1,6,-1,2,-4,1,-7,2,-10,0,-12,-3,-12,1,-11,4,-12,4,-13,6,-13,6,-12,4,-11,3,-10,4,-8,4,-6,2,-4,1,-2,0,-3,-1,-3,-4,-2,-7,-2,-8,-2,-10,-2,-3,-1,0,0,0,0,0,0,0,0,0,0,0,0,0,0,0,0,0,0,0,1,3,6,3,7,2,9,1,10,1,9,1,7,2,6,3,4,2,3,1,1,2,0,5,-1,9,-2,11,-1,14,0,14,-1,13,0,13,0,15,1,14,1,14,1,16,1,16,2,13,3,14,3,17,4"
46.997633934020996,584,"CSI,3831,128,83,49,21,0,-7,2,-5,2,-3,4,0,6,-1,9,-1,11,4,17,6,23,7,21,7,15,3,13,-1,13,-1,13,-2,12,-2,11,-2,7,-3,3,-3,2,-1,2,2,-1,4,-3,3,-3,3,-4,6,-6,9,-9,2,-3,0,0,0,0,0,0,0,0,0,0,0,0,0,0,0,0,0,0,-2,-2,-7,-7,-5,-7,-4,-7,-4,-8,-5,-8,-4,-5,-3,-1,-3,0,-3,-2,-5,-3,-9,-2,-8,2,-8,6,-12,6,-14,7,-14,7,-15,5,-17,3,-18,4,-19,5,-19,5,-18,5,-17,6,-18,4,-20,2,-18,3"
47.20225191116333,585,"CSI,3839,128,83,49,21,0,9,-1,4,-3,2,-7,1,-10,-2,-11,-4,-13,-7,-15,-10,-15,-7,-15,-2,-15,-1,-14,-1,-15,-1,-16,1,-14,3,-10,5,-7,4,-5,1,-4,-1,-3,-1,-1,-2,0,-3,1,-3,2,-5,4,-8,5,-3,1,0,0,0,0,0,0,0,0,0,0,0,0,0,0,0,0,0,0,1,1,5,4,3,4,3,5,4,6,4,6,5,5,3,6,2,6,4,5,5,6,6,3,5,-2,5,-5,8,-3,10,-5,10,-8,10,-8,13,-6,15,-3,15,-4,15,-5,17,-5,20,-4,19,-3,15,-4,13,-3"
47.307350158691406,586,"CSI,3842,128,83,49,21,0,-10,-9,-11,-5,-10,-1,-9,2,-10,6,-12,7,-14,10,-16,12,-14,11,-12,7,-12,3,-14,2,-15,1,-14,1,-11,1,-8,-1,-6,-1,-4,-1,-3,-2,-2,-3,-1,-2,0,1,2,4,3,5,2,3,0,0,0,0,0,0,0,0,0,0,0,0,0,0,0,0,0,0,0,0,-2,-1,-7,-5,-8,-6,-8,-6,-5,-7,-4,-7,-4,-5,-4,-4,-5,-3,-5,-3,-3,-3,-2,0,-5,0,-9,-1,-9,-1,-10,-2,-17,-3,-22,-2,-19,-2,-17,-5,-17,-5,-16,-6,-14,-8,-14,-9,-16,-7,-16,-6,-15,-8"
47.51214385032654,587,"CSI,3851,128,83,49,21,0,-8,-12,-9,-6,-8,-1,-7,1,-8,2,-8,4,-8,4,-7,2,-11,3,-17,4,-21,3,-19,1,-16,-1,-14,-4,-10,-4,-8,-3,-8,-4,-9,-4,-7,-2,-4,-1,0,1,3,2,3,3,1,5,0,8,0,2,0,0,0,0,0,0,0,0,0,0,0,0,0,0,0,0,0,0,-1,-2,-2,-7,-2,-9,-2,-9,-2,-9,0,-7,0,-6,-1,-6,-2,-6,-4,-7,-6,-8,-5,-8,-5,-8,-7,-8,-9,-7,-9,-8,-10,-9,-13,-9,-14,-10,-14,-12,-13,-12,-12,-12,-13,-12,-14,-12,-14,-15,-14,-15,-13,-12"
47.61155986785889,588,"CSI,3854,128,83,49,21,0,-18,5,-11,5,-7,6,-5,8,-3,8,-3,8,-2,7,1,5,-2,8,-8,14,-9,15,-8,13,-8,10,-8,7,-8,6,-7,6,-5,4,-3,1,-4,0,-3,0,1,-1,4,0,4,3,5,6,6,4,1,0,0,0,0,0,0,0,0,0,0,0,0,0,0,0,0,0,0,0,-2,1,-8,5,-8,3,-8,1,-8,0,-7,0,-8,1,-7,3,-6,3,-6,1,-8,2,-7,5,-6,7,-7,8,-9,7,-10,5,-10,5,-10,6,-11,8,-10,10,-10,12,-12,13,-15,13,-18,13,-20,13,-19,12,-17,10"
47.71501088142395,589,"CSI,3858,128,83,49,21,0,10,-12,6,-10,1,-6,0,-6,0,-9,-2,-11,-5,-9,-8,-4,-9,-4,-8,-8,-8,-11,-9,-15,-9,-16,-8,-12,-5,-10,-2,-10,-2,-7,-2,-5,-1,-3,-1,-2,-1,0,-1,4,-2,6,-2,7,-5,6,-2,1,0,0,0,0,0,0,0,0,0,0,0,0,0,0,0,0,0,0,1,0,6,2,7,3,7,3,6,2,5,3,4,4,5,3,7,3,8,1,6,-2,7,-5,8,-6,8,-8,10,-9,11,-7,11,-6,11,-6,11,-6,11,-8,11,-11,11,-13,12,-13,12,-13,13,-15,13,-14,11,-10"
47.81623196601868,590,"CSI,3862,128,83,49,21,0,-4,10,-4,12,0,10,5,7,9,6,10,4,10,4,14,7,15,7,12,5,15,6,16,6,14,7,12,8,10,7,7,6,4,5,2,3,1,2,-1,1,-4,-2,-4,-4,-2,-6,0,-7,3,-8,1,-3,0,0,0,0,0,0,0,0,0,0,0,0,0,0,0,0,0,0,-1,0,-4,2,-8,1,-12,0,-12,0,-9,1,-7,1,-9,1,-11,1,-12,1,-12,2,-9,4,-8,6,-8,7,-6,7,-6,9,-7,13,-7,14,-8,15,-7,17,-7,17,-8,18,-10,18,-11,17,-9,18,-10,19,-14,18"
47.917773962020874,591,"CSI,3866,128,83,49,21,0,5,8,4,6,5,5,6,3,7,0,9,-2,13,-7,17,-11,16,-13,15,-13,17,-9,18,-3,17,-1,15,-2,12,-3,10,-2,7,0,4,-2,3,-3,1,-2,0,-1,-2,-2,-4,-5,-5,-5,-5,-6,-2,-2,0,0,0,0,0,0,0,0,0,0,0,0,0,0,0,0,0,0,-1,1,-5,4,-7,4,-8,4,-8,4,-7,5,-5,7,-4,7,-4,6,-2,6,0,8,1,7,0,8,-1,9,1,10,6,10,7,8,7,6,7,7,8,11,10,15,9,15,9,15,10,15,11,16,10,17,8,18"
48.0188250541687,592,"CSI,3870,128,83,49,21,0,-7,13,-4,12,-2,10,1,6,5,5,7,6,7,6,4,7,4,10,5,12,6,11,7,13,7,15,8,12,6,6,3,5,1,6,0,5,0,4,1,3,3,0,4,-2,6,-4,6,-4,7,-2,2,-1,0,0,0,0,0,0,0,0,0,0,0,0,0,0,0,0,0,0,-1,2,-3,9,-2,6,-4,5,-6,6,-6,7,-6,5,-5,4,-4,4,-3,6,-3,7,-2,8,-1,8,-1,7,0,7,1,8,1,8,0,9,0,11,1,12,2,14,2,16,-1,18,-4,21,-4,22,-4,21,-5,21"
48.12651491165161,593,"CSI,3875,128,83,49,21,0,-5,-12,-5,-11,-7,-7,-5,-4,-5,-3,-9,0,-13,0,-17,-2,-19,-2,-18,0,-14,1,-12,0,-13,-5,-12,-7,-7,-7,-4,-6,-4,-5,-4,-2,-2,2,0,3,0,3,0,3,1,4,-1,7,-3,8,-1,2,0,0,0,0,0,0,0,0,0,0,0,0,0,0,0,0,0,0,0,-2,1,-5,1,-5,2,-7,1,-9,0,-9,0,-7,1,-6,0,-7,-3,-7,-4,-6,-3,-7,-4,-8,-6,-6,-8,-5,-9,-7,-8,-12,-7,-14,-10,-11,-14,-12,-16,-16,-15,-17,-13,-15,-9,-14,-9,-15,-12,-16,-13,-15"
48.22594094276428,594,"CSI,3879,128,83,49,21,0,-16,1,-11,2,-5,3,1,4,3,8,2,11,1,14,2,19,5,17,7,13,5,13,2,13,1,14,1,14,-2,11,-3,7,0,6,1,3,0,0,-1,-1,-1,0,1,-1,3,-3,5,-4,6,-4,1,-1,0,0,0,0,0,0,0,0,0,0,0,0,0,0,0,0,0,0,-2,0,-8,1,-9,-2,-8,-2,-9,-2,-8,-2,-7,-2,-7,-2,-8,-2,-8,-2,-8,-1,-7,0,-8,3,-9,5,-9,6,-9,6,-9,8,-11,10,-13,9,-13,7,-13,5,-16,5,-17,6,-16,7,-16,8,-17,9,-16,9"
48.328112840652466,595,"CSI,3882,128,83,49,21,0,15,2,12,1,7,-2,5,-4,7,-4,6,-6,7,-10,13,-15,11,-15,6,-14,6,-12,6,-10,7,-9,10,-6,11,-5,10,-4,7,-3,5,-4,4,-6,3,-5,0,-4,-2,-2,-3,-2,-3,-5,-4,-7,-2,-2,0,0,0,0,0,0,0,0,0,0,0,0,0,0,0,0,0,0,1,1,8,4,8,5,7,5,5,4,4,2,3,0,3,-1,3,0,5,0,5,-1,7,-2,10,-3,10,-5,10,-4,12,-3,14,0,15,2,16,1,18,-1,18,-2,18,-1,19,0,17,-1,18,-2,20,-2,21,-3"
48.42699384689331,596,"CSI,3886,128,83,49,21,0,4,8,7,8,7,6,7,3,9,4,10,6,10,4,10,1,12,2,14,4,13,6,11,8,9,7,9,4,8,5,5,6,3,3,2,0,1,-1,1,-3,1,-4,1,-5,2,-5,3,-5,4,-6,1,-2,0,0,0,0,0,0,0,0,0,0,0,0,0,0,0,0,0,0,0,2,1,6,-1,5,-1,7,0,8,0,6,-1,6,1,9,1,9,0,4,0,1,1,1,3,4,3,7,4,9,6,9,5,10,3,12,2,15,4,17,4,17,3,17,3,18,1,16,0,16,1,17,-1,14"
48.53271412849426,597,"CSI,3891,128,83,49,21,0,-6,12,-6,14,-5,11,-1,7,2,6,4,7,4,11,7,15,8,16,8,13,8,11,6,8,4,8,3,10,2,10,3,8,2,4,2,2,4,2,3,2,1,1,1,-2,1,-5,1,-6,2,-6,0,-2,0,0,0,0,0,0,0,0,0,0,0,0,0,0,0,0,0,0,-3,2,-9,7,-8,4,-8,2,-8,1,-7,1,-5,2,-8,3,-8,4,-5,6,-5,5,-4,4,-2,6,-3,6,-3,7,-5,10,-7,12,-5,13,-3,14,-5,17,-9,16,-8,14,-7,14,-7,13,-8,12,-10,11,-14,13"
48.634133100509644,598,"CSI,3894,128,83,49,21,0,-1,9,0,9,5,9,7,9,7,10,8,10,11,9,14,10,12,8,12,5,13,4,12,6,12,8,10,6,7,5,8,6,6,5,5,4,6,4,4,5,1,3,-2,-2,-1,-5,1,-6,2,-7,0,-2,0,0,0,0,0,0,0,0,0,0,0,0,0,0,0,0,0,0,-1,1,-3,7,-5,7,-6,6,-8,4,-7,2,-8,2,-9,2,-7,3,-6,4,-4,7,-3,9,-2,10,0,10,0,11,-1,13,-1,16,-1,17,-1,16,1,17,1,17,-1,17,-3,18,-4,18,-6,17,-5,16,-2,13"
48.73997974395752,599,"CSI,3899,128,83,49,21,0,-15,1,-14,1,-11,3,-11,4,-10,4,-11,6,-11,4,-12,2,-13,6,-13,10,-13,8,-11,7,-11,6,-12,4,-13,2,-10,3,-8,-1,-7,-3,-4,1,-2,2,0,1,1,3,1,6,1,6,-1,4,-1,0,0,0,0,0,0,0,0,0,0,0,0,0,0,0,0,0,0,0,-3,0,-9,0,-7,-3,-7,-5,-6,-4,-5,-2,-5,0,-7,0,-7,-1,-6,-1,-6,0,-8,0,-9,1,-9,3,-8,1,-11,-1,-15,-2,-17,-2,-16,-2,-16,-2,-16,-3,-18,-3,-18,-2,-16,-3,-15,-4,-14,-5,-14,-3"
48.84096002578735,600,"CSI,3902,128,83,49,21,0,-14,3,-10,6,-6,9,-6,11,-6,11,-5,11,-4,14,-3,17,-3,17,-2,14,-3,10,-6,8,-8,8,-10,8,-11,8,-8,6,-6,5,-5,3,-3,2,-2,2,0,3,1,2,3,2,2,3,1,4,0,0,0,0,0,0,0,0,0,0,0,0,0,0,0,0,0,0,0,0,-2,-1,-8,-1,-8,-1,-9,-2,-10,-3,-8,-4,-7,-3,-7,-1,-5,0,-5,-1,-7,0,-8,4,-9,6,-9,5,-10,4,-12,5,-12,8,-13,6,-19,4,-21,4,-19,5,-15,7,-14,6,-17,6,-19,5,-18,0,-18,-4"
48.94326901435852,601,"CSI,3906,128,83,49,21,0,-15,0,-12,0,-9,4,-6,9,-4,10,-4,9,-8,10,-11,14,-9,13,-7,11,-8,10,-10,9,-10,9,-11,8,-12,7,-11,4,-8,2,-5,2,-3,2,0,2,1,2,1,2,2,3,4,3,6,2,1,0,0,0,0,0,0,0,0,0,0,0,0,0,0,0,0,0,0,0,-2,0,-7,-1,-6,-2,-7,-3,-8,-3,-7,-3,-7,-3,-7,-4,-7,-3,-7,-1,-7,1,-6,1,-6,2,-9,3,-11,4,-11,6,-11,6,-12,4,-14,3,-16,3,-17,2,-18,1,-20,1,-19,2,-19,3,-19,4,-22,3"
49.0055718421936,602,"CSI,447,128,83,49,21,0,-12,3,-12,4,-11,5,-12,5,-13,3,-13,2,-8,3,-2,1,-3,-2,-6,-3,-6,-2,-5,0,-3,1,-2,2,1,5,4,7,4,7,3,8,2,11,0,14,-3,12,-3,8,-4,8,-4,6,-1,5,0,1,0,0,0,0,0,0,0,0,0,0,0,0,0,0,0,0,0,0,1,1,5,4,5,2,5,2,3,1,1,1,1,2,2,4,1,2,0,0,-1,-2,-2,-3,-2,-3,-2,-5,-2,-5,0,-3,1,-4,3,-5,4,-6,4,-6,5,-7,3,-7,2,-5,-2,-3,-6,1,-7,4,-8,2"
49.0493369102478,603,"CSI,3910,128,83,49,21,0,-3,-14,-6,-11,-6,-8,-6,-6,-9,-6,-12,-7,-12,-7,-8,-6,-7,-8,-11,-11,-14,-12,-14,-11,-10,-11,-4,-10,-3,-10,-5,-9,-6,-6,-4,-5,-1,-5,-1,-3,-2,-2,-2,0,-2,3,-4,5,-4,6,-2,1,0,0,0,0,0,0,0,0,0,0,0,0,0,0,0,0,0,0,-1,-2,-3,-7,-1,-7,-1,-7,-2,-8,0,-9,2,-10,0,-7,-2,-5,-2,-5,-2,-6,-3,-5,-3,-4,-4,-4,-5,-5,-6,-5,-9,-7,-11,-12,-9,-16,-7,-18,-8,-19,-7,-20,-3,-20,-3,-20,-4,-21,-5,-23,-6,-26"
49.14520573616028,604,"CSI,3914,128,83,49,21,0,6,11,6,8,7,4,8,1,9,-1,11,-1,12,-4,11,-9,11,-7,13,-1,14,1,11,3,11,3,13,3,13,4,9,4,6,3,4,4,4,6,4,3,2,0,0,-2,0,-4,0,-5,-1,-5,-1,-2,0,0,0,0,0,0,0,0,0,0,0,0,0,0,0,0,0,0,1,1,4,4,2,6,0,6,-1,6,0,7,0,5,1,4,3,4,3,6,3,8,4,8,6,7,8,6,8,7,7,10,8,12,10,13,11,15,11,16,10,15,9,14,10,16,12,20,12,20,10,16,8,13"
49.252994775772095,605,"CSI,3919,128,83,49,21,0,-14,-4,-11,-3,-8,0,-8,1,-9,0,-8,3,-10,8,-14,11,-14,11,-10,10,-7,9,-8,8,-11,5,-12,1,-12,2,-10,4,-7,2,-6,1,-4,1,-3,-1,-1,-2,1,0,2,0,4,-1,6,2,1,1,0,0,0,0,0,0,0,0,0,0,0,0,0,0,0,0,0,0,-3,-1,-7,-5,-5,-8,-4,-11,-4,-11,-3,-8,-1,-6,-1,-5,-3,-4,-5,-5,-3,-4,-3,-3,-6,-2,-9,-2,-12,-3,-14,-3,-16,-5,-16,-7,-15,-6,-17,-5,-19,-6,-18,-6,-18,-6,-18,-6,-17,-6,-18,-3,-18,-1"
49.35273098945618,606,"CSI,3923,128,83,49,21,0,-7,13,-6,14,-3,11,0,7,5,9,7,10,9,8,13,12,14,14,14,9,12,7,9,10,7,13,7,12,6,11,5,9,3,6,2,4,3,3,4,1,3,-1,0,-2,-1,-2,1,-4,3,-7,0,-2,0,0,0,0,0,0,0,0,0,0,0,0,0,0,0,0,0,0,-2,0,-8,0,-8,-1,-8,-2,-8,-2,-7,-1,-6,1,-4,1,-3,0,-4,1,-5,2,-4,5,-3,8,-5,11,-7,12,-9,13,-9,13,-9,13,-9,13,-10,12,-9,13,-10,15,-13,15,-15,12,-14,14,-13,17,-15,17"
49.45754098892212,607,"CSI,3926,128,83,49,21,0,-15,4,-13,5,-10,4,-9,5,-7,9,-6,11,-4,12,-1,14,-1,13,-3,12,-7,12,-9,10,-10,10,-10,10,-10,10,-9,8,-7,4,-6,3,-4,4,-1,2,1,0,2,-1,3,-1,3,1,4,2,1,0,0,0,0,0,0,0,0,0,0,0,0,0,0,0,0,0,0,0,-2,-1,-7,-3,-7,-3,-8,-3,-8,-4,-8,-6,-6,-5,-6,-1,-7,1,-7,2,-6,2,-7,4,-9,6,-9,6,-8,6,-9,7,-11,7,-14,6,-17,5,-19,2,-21,4,-22,6,-22,5,-21,3,-21,1,-23,2,-24,4"
49.488115072250366,608,"CSI,1157,128,75,-79,20,0,-10,11,-8,9,-7,8,-3,9,1,11,-1,12,2,13,8,16,7,15,4,12,4,12,1,13,-3,12,-5,12,-4,12,-5,9,-5,6,-3,4,-2,3,-3,1,-2,0,0,1,2,1,5,0,8,-1,2,-1,0,0,0,0,0,0,0,0,0,0,0,0,0,0,0,0,0,0,-2,1,-6,5,-8,4,-8,3,-8,3,-8,2,-8,0,-7,-1,-7,0,-6,3,-5,6,-3,6,-3,7,-3,9,-4,11,-6,13,-7,15,-9,14,-12,12,-12,13,-11,15,-11,16,-10,16,-10,15,-12,15,-13,16,-12,16"
49.52144908905029,609,"CSI,1158,128,75,-79,20,0,-2,-17,-6,-15,-6,-11,-6,-8,-9,-6,-9,-5,-13,-4,-20,-4,-18,-3,-14,-5,-12,-6,-12,-6,-14,-6,-13,-8,-10,-10,-7,-11,-5,-7,-5,-3,-5,-4,-5,-4,-3,-1,-1,1,-1,3,-3,5,-4,4,-1,0,0,0,0,0,0,0,0,0,0,0,0,0,0,0,0,0,0,0,-2,-3,-5,-9,-4,-10,-3,-11,-1,-10,2,-10,3,-9,0,-5,0,-3,-2,-5,-6,-7,-7,-8,-7,-9,-9,-10,-9,-10,-7,-10,-8,-13,-9,-17,-7,-18,-6,-19,-8,-19,-8,-19,-5,-18,-7,-19,-11,-22,-10,-20,-9,-17"
49.66254496574402,610,"CSI,3935,128,83,49,21,0,-4,-15,-3,-15,-1,-14,-4,-11,-11,-8,-14,-5,-13,-2,-13,0,-12,-2,-13,-5,-16,-7,-16,-8,-13,-7,-11,-7,-11,-7,-9,-9,-7,-9,-5,-7,-4,-6,-4,-5,-3,-1,-1,1,-1,3,-3,5,-4,7,-1,1,0,0,0,0,0,0,0,0,0,0,0,0,0,0,0,0,0,0,1,-3,5,-9,5,-8,5,-7,5,-6,6,-5,6,-5,4,-5,4,-7,5,-6,1,-5,-1,-7,-1,-8,-2,-10,-2,-13,-2,-15,-1,-15,0,-16,0,-18,0,-19,1,-19,0,-19,-2,-19,0,-19,0,-22,-1,-25,-1,-23"
49.76244592666626,611,"CSI,3939,128,83,49,21,0,-8,10,-6,10,-3,10,1,9,4,9,5,9,6,11,7,14,9,15,8,14,6,12,4,10,2,10,1,11,-1,10,-1,9,0,8,-1,6,-3,4,-3,2,-2,0,-1,-2,1,-4,4,-5,4,-6,1,-2,0,0,0,0,0,0,0,0,0,0,0,0,0,0,0,0,0,0,-3,0,-10,0,-8,0,-8,-2,-7,-5,-7,-5,-7,-5,-7,-3,-7,-2,-7,-1,-7,1,-7,2,-6,3,-5,5,-6,8,-8,10,-11,8,-12,7,-13,9,-14,9,-13,10,-13,10,-14,8,-15,7,-15,10,-14,10,-13,7"
49.865001916885376,612,"CSI,3942,128,83,49,21,0,1,-12,-1,-9,-5,-9,-5,-7,-4,-5,-6,-5,-9,-6,-11,-4,-11,-5,-12,-7,-13,-7,-13,-8,-11,-9,-9,-8,-8,-7,-8,-8,-6,-8,-3,-6,-3,-2,-3,-1,0,0,1,3,0,4,0,5,0,6,0,1,0,0,0,0,0,0,0,0,0,0,0,0,0,0,0,0,0,0,1,-2,5,-7,5,-5,7,-3,8,-1,7,0,5,0,4,-1,4,-2,4,-3,3,-4,4,-5,3,-6,0,-9,0,-12,3,-14,2,-16,1,-18,3,-17,4,-16,3,-18,2,-20,4,-21,6,-20,5,-18,4,-18,2,-22"
49.93422198295593,613,"CSI,1159,128,101,80,6,0,-11,-1,-11,1,-9,2,-7,3,-6,6,-5,9,-6,9,-5,7,-8,7,-12,9,-14,8,-11,8,-9,9,-7,8,-7,7,-7,7,-6,5,-4,3,-1,2,0,1,-1,1,1,2,4,2,7,2,8,1,2,0,0,0,0,0,0,0,0,0,0,0,0,0,0,0,0,0,0,0,-2,-2,-5,-6,-4,-7,-2,-6,0,-8,0,-10,-2,-8,-3,-5,-2,-4,-1,-5,-2,-4,-6,-2,-9,2,-9,3,-11,0,-13,-2,-14,-2,-14,-3,-17,-5,-19,-6,-21,-4,-21,-4,-18,-6,-18,-6,-21,-6,-20,-8,-16,-8"
49.96452593803406,614,"CSI,3946,128,83,49,21,0,-1,8,0,8,3,7,7,6,9,5,12,4,13,2,12,0,12,2,11,4,9,7,7,9,8,8,7,6,6,5,6,3,4,3,2,3,1,0,2,-1,1,-2,-1,-4,0,-6,1,-7,1,-8,0,-2,0,0,0,0,0,0,0,0,0,0,0,0,0,0,0,0,0,0,-2,1,-5,5,-5,5,-6,5,-7,5,-8,4,-8,3,-8,2,-8,1,-6,2,-2,3,0,3,2,5,3,8,3,10,0,13,-2,14,-3,14,-3,13,-2,14,0,15,-1,17,0,16,0,16,-2,19,-3,18,-2,15"
50.06874990463257,615,"CSI,3950,128,83,49,21,0,-9,8,-5,6,0,6,0,6,0,9,3,10,3,9,2,14,4,17,5,15,5,12,6,11,4,11,2,11,1,9,1,8,2,6,1,5,-1,4,0,2,-1,1,-2,0,-1,-3,3,-5,5,-6,1,-2,0,0,0,0,0,0,0,0,0,0,0,0,0,0,0,0,0,0,-3,0,-8,0,-7,-2,-7,-5,-7,-6,-7,-5,-7,-6,-6,-3,-4,-1,-3,-2,-3,-1,-3,2,-4,3,-5,4,-7,6,-8,7,-11,6,-13,6,-13,7,-13,7,-13,9,-15,11,-17,9,-18,8,-19,10,-18,10,-15,7"
50.17068290710449,616,"CSI,3955,128,83,49,21,0,2,12,5,12,5,8,6,5,10,5,13,5,17,6,18,9,15,7,13,2,14,1,13,2,12,5,11,8,9,8,6,6,4,5,2,2,2,-1,3,-1,2,-1,0,-3,-2,-5,-2,-5,0,-5,0,-2,0,0,0,0,0,0,0,0,0,0,0,0,0,0,0,0,0,0,-1,2,-5,6,-6,4,-8,4,-8,4,-8,5,-8,4,-6,6,-4,7,-4,5,-4,4,-2,4,1,7,1,9,1,9,-1,10,-3,15,-2,17,-1,16,-3,16,-2,18,-1,19,-1,19,-1,18,-3,18,-4,19,-3,21"
50.38093090057373,617,"CSI,3963,128,83,49,21,0,0,-9,-4,-8,-7,-8,-7,-6,-8,-5,-9,-6,-10,-9,-8,-13,-10,-10,-12,-5,-10,-5,-9,-6,-9,-8,-9,-9,-8,-9,-5,-6,-3,-4,-2,-4,-1,-3,-1,-1,0,1,3,4,3,6,3,7,2,9,0,2,0,0,0,0,0,0,0,0,0,0,0,0,0,0,0,0,0,0,1,-1,6,-3,7,-2,8,-3,9,-4,8,-3,6,-2,4,-2,2,-2,1,-2,1,-4,1,-6,1,-8,1,-11,2,-14,2,-14,3,-15,4,-19,4,-19,4,-18,3,-19,4,-20,6,-18,5,-18,3,-19,3,-20,2,-20"
50.479870080947876,618,"CSI,3966,128,83,49,21,0,9,-10,4,-9,3,-10,3,-12,1,-13,0,-13,-2,-10,-4,-6,-3,-8,-2,-12,-1,-13,0,-14,1,-14,2,-12,2,-11,2,-9,2,-6,2,-3,2,-3,0,-2,-2,0,-5,-1,-6,-1,-7,-1,-8,0,-2,0,0,0,0,0,0,0,0,0,0,0,0,0,0,0,0,0,0,0,2,-2,9,-5,8,-4,7,-4,7,-2,8,-1,8,0,8,0,8,0,5,-1,4,-3,3,-1,2,-3,3,-8,6,-9,7,-10,7,-12,7,-15,7,-15,7,-15,9,-15,12,-15,14,-14,15,-13,14,-13,14,-12,16,-13"
50.58386278152466,619,"CSI,3970,128,83,49,21,0,-4,-7,-3,-6,-5,-7,-6,-6,-8,-4,-9,-5,-10,-4,-11,-1,-10,-2,-9,-5,-10,-6,-10,-8,-11,-9,-10,-7,-8,-6,-7,-5,-6,-4,-4,-3,-2,-1,-1,1,-1,2,-1,3,-1,5,0,7,1,8,0,2,0,0,0,0,0,0,0,0,0,0,0,0,0,0,0,0,0,0,1,-2,4,-7,3,-9,3,-10,5,-9,7,-6,5,-6,3,-6,3,-5,4,-6,2,-5,-2,-2,-5,-6,-6,-11,-7,-11,-7,-10,-4,-13,-2,-16,-2,-17,-4,-17,-6,-18,-5,-18,-4,-18,-4,-19,-3,-20,-2,-18,-2,-14"
50.789013147354126,620,"CSI,3978,128,83,49,21,0,-13,-1,-12,0,-9,3,-6,4,-7,6,-6,8,-9,7,-13,5,-11,9,-10,13,-9,15,-8,15,-12,13,-14,10,-10,8,-7,4,-6,2,-4,2,-2,2,-2,1,1,0,5,-2,6,-1,6,1,7,2,2,0,0,0,0,0,0,0,0,0,0,0,0,0,0,0,0,0,0,0,-2,-3,-7,-11,-10,-9,-9,-10,-5,-10,-3,-8,-3,-6,-4,-4,-4,-3,-3,-2,-3,-3,-8,-4,-12,-4,-12,-2,-13,-2,-15,-2,-15,-3,-15,-1,-16,1,-17,-2,-16,-5,-16,-5,-18,-3,-19,-2,-18,-4,-19,-5,-23,-6"
50.88806891441345,621,"CSI,3982,128,83,49,21,0,8,7,8,6,8,3,7,-1,8,-4,10,-6,9,-4,7,-2,9,-5,13,-8,14,-8,13,-7,11,-7,11,-6,10,-4,8,-1,5,-1,1,-1,0,-2,-1,-3,-3,-3,-4,-2,-4,-2,-4,-4,-3,-5,-1,-2,0,0,0,0,0,0,0,0,0,0,0,0,0,0,0,0,0,0,-1,2,-2,8,-2,9,-4,10,-4,10,-3,8,-4,5,-4,4,0,2,4,2,6,4,6,4,5,5,5,7,7,8,10,10,11,13,11,12,12,12,13,12,14,13,13,13,12,14,11,15,11,13,10,11,9,10"
50.99035882949829,622,"CSI,3986,128,83,49,21,0,12,-5,10,-5,8,-6,4,-7,3,-7,4,-8,3,-9,1,-6,0,-7,2,-11,4,-11,4,-11,5,-11,6,-9,7,-8,5,-5,3,-2,1,-2,-1,-2,-4,-1,-3,-1,-4,-1,-7,1,-8,1,-5,0,-1,0,0,0,0,0,0,0,0,0,0,0,0,0,0,0,0,0,0,0,1,0,8,1,7,2,6,3,5,4,2,4,0,4,1,1,3,-2,4,-4,5,-6,7,-7,8,-7,12,-8,14,-9,14,-7,13,-5,14,-4,14,-4,17,-4,18,-3,15,-2,15,-3,15,-4,16,-4,16,-6,15,-8"
51.09356093406677,623,"CSI,3990,128,83,49,21,0,-13,1,-12,3,-9,4,-8,4,-8,5,-8,8,-5,8,-2,6,-4,6,-8,9,-8,9,-9,9,-9,8,-8,6,-8,3,-7,3,-5,2,-1,1,2,-1,1,-2,1,1,4,4,5,3,5,3,6,4,1,1,0,0,0,0,0,0,0,0,0,0,0,0,0,0,0,0,0,0,-3,-2,-10,-5,-10,-3,-10,-6,-7,-7,-5,-4,-4,-3,-3,-3,-4,-1,-4,1,-5,0,-8,1,-10,1,-13,2,-14,3,-15,3,-17,5,-18,5,-18,2,-17,2,-18,2,-19,0,-19,-2,-19,-3,-17,-4,-14,-3,-14,0"
51.19395589828491,624,"CSI,3995,128,83,49,21,0,16,1,10,-2,6,-4,8,-5,8,-8,9,-10,8,-8,3,-8,5,-9,10,-7,12,-7,13,-7,12,-6,9,-4,7,-2,6,-1,5,-1,3,0,1,0,0,-1,-1,-1,-2,-3,-4,-5,-4,-5,-3,-5,-1,-2,0,0,0,0,0,0,0,0,0,0,0,0,0,0,0,0,0,0,2,0,7,3,6,3,6,2,6,4,6,6,6,6,4,4,3,1,6,-2,7,-1,6,1,8,2,12,-1,15,-5,17,-5,17,-3,16,1,17,3,17,4,17,4,18,3,16,4,15,5,17,4,18,3,17,1"
51.3010687828064,625,"CSI,3998,128,83,49,21,0,-10,-1,-11,0,-11,1,-10,3,-11,5,-11,7,-10,10,-9,12,-7,11,-9,10,-11,9,-10,6,-10,4,-12,3,-10,1,-7,-1,-4,-1,-3,1,-2,3,-2,2,-1,2,2,3,4,5,4,5,4,6,1,1,0,0,0,0,0,0,0,0,0,0,0,0,0,0,0,0,0,0,-2,-2,-8,-6,-7,-8,-6,-9,-5,-8,-3,-5,-2,-4,-2,-3,-4,-3,-6,-3,-8,-2,-9,-1,-10,-2,-12,-1,-14,-1,-15,-1,-16,-1,-18,-2,-19,-4,-18,-5,-17,-6,-16,-6,-15,-5,-15,-4,-16,-4,-17,-4,-18,-3"
51.399022817611694,626,"CSI,4002,128,83,49,21,0,11,4,10,2,7,-1,6,-3,8,-5,7,-7,7,-9,14,-9,14,-10,10,-11,10,-9,10,-7,8,-5,9,-2,8,-1,5,0,4,-1,3,-3,1,-3,-1,-3,-4,-3,-5,-3,-6,-2,-6,-3,-4,-6,-1,-2,0,0,0,0,0,0,0,0,0,0,0,0,0,0,0,0,0,0,2,0,9,3,8,6,6,6,6,4,5,4,4,5,7,4,8,2,5,2,4,3,8,2,14,-2,15,-5,13,-6,12,-6,12,-5,16,0,19,2,19,3,19,4,20,4,17,4,13,3,13,4,14,4,14,3"
51.502224922180176,627,"CSI,4006,128,83,49,21,0,-6,13,-4,11,-3,7,-3,5,-3,8,-3,11,-1,10,3,7,3,7,1,8,0,8,0,10,0,12,1,12,0,9,-2,8,-4,7,-4,4,-3,2,-2,0,0,-3,2,-4,4,-3,4,0,3,1,0,0,0,0,0,0,0,0,0,0,0,0,0,0,0,0,0,0,0,0,-2,1,-7,6,-7,5,-6,5,-5,5,-4,3,-6,3,-8,6,-6,5,-2,3,-2,4,-3,5,-3,6,-3,8,-4,11,-5,13,-5,12,-6,12,-7,14,-8,16,-9,16,-11,15,-12,14,-12,13,-13,13,-11,14,-8,12"
51.60578107833862,628,"CSI,4010,128,83,49,21,0,-9,7,-8,7,-7,8,-7,11,-9,11,-7,9,-7,8,-8,8,-4,9,-2,10,-1,12,0,12,-1,11,-2,9,-4,8,-4,9,-5,7,-5,3,-3,2,-2,2,-1,1,1,0,3,-3,5,-3,6,-3,1,-1,0,0,0,0,0,0,0,0,0,0,0,0,0,0,0,0,0,0,-3,-1,-11,-3,-10,-5,-8,-7,-7,-6,-5,-4,-5,-3,-7,-1,-6,1,-6,3,-7,4,-9,4,-12,4,-14,5,-15,6,-14,7,-14,6,-17,5,-17,3,-19,4,-19,6,-16,6,-13,6,-13,5,-14,5,-14,6,-13,6"
51.70511484146118,629,"CSI,4014,128,83,49,21,0,10,4,11,1,15,0,13,0,9,-1,9,-2,8,1,7,3,10,0,11,-3,11,-5,12,-3,12,-1,12,0,11,2,8,4,6,3,5,0,2,-1,2,0,2,1,0,-1,-1,-6,0,-10,2,-10,0,-3,0,0,0,0,0,0,0,0,0,0,0,0,0,0,0,0,0,0,1,1,8,5,6,6,4,6,4,5,3,5,2,5,2,2,4,1,6,0,6,-1,6,-2,7,-2,9,-1,12,2,13,3,14,3,14,3,13,5,14,7,18,9,20,10,19,9,18,8,18,7,17,4,15,1"
51.8112678527832,630,"CSI,4019,128,83,49,21,0,-14,3,-15,2,-15,2,-13,3,-13,5,-13,5,-9,6,-3,6,-5,4,-11,6,-13,7,-15,6,-16,5,-14,5,-13,5,-13,2,-11,0,-7,-1,-4,-1,-4,-1,-1,1,2,2,4,3,2,5,-1,7,-1,1,0,0,0,0,0,0,0,0,0,0,0,0,0,0,0,0,0,0,-3,0,-11,0,-11,0,-11,-1,-8,-1,-6,-1,-6,0,-5,1,-4,2,-3,2,-5,2,-8,3,-10,5,-10,6,-10,3,-12,2,-15,5,-17,5,-21,3,-23,4,-19,4,-17,3,-18,1,-17,-1,-16,-2,-19,0,-22,1"
51.91433882713318,631,"CSI,4022,128,83,49,21,0,3,-11,2,-13,-1,-12,-5,-10,-6,-10,-7,-10,-8,-13,-6,-16,-8,-15,-10,-13,-9,-11,-9,-12,-8,-14,-5,-14,-3,-12,-4,-10,-2,-8,1,-7,1,-5,1,-3,1,0,-1,2,-2,2,-4,3,-5,3,-2,0,0,0,0,0,0,0,0,0,0,0,0,0,0,0,0,0,0,0,1,-2,7,-7,6,-4,7,-1,9,0,8,-1,5,-3,3,-4,3,-6,2,-7,3,-8,5,-10,3,-11,0,-13,1,-14,5,-13,6,-14,6,-14,6,-12,8,-12,9,-12,8,-13,7,-14,4,-17,5,-19,7,-19,6,-18"
52.01632809638977,632,"CSI,4027,128,83,49,21,0,2,-12,1,-11,-2,-9,-5,-8,-7,-7,-9,-5,-13,-3,-18,-3,-15,-3,-11,-2,-10,-4,-9,-7,-9,-9,-10,-10,-8,-10,-4,-9,-2,-7,-1,-4,-1,-4,1,-3,3,0,3,2,1,4,-2,6,-6,7,-2,1,0,0,0,0,0,0,0,0,0,0,0,0,0,0,0,0,0,0,1,-1,5,-5,5,-6,6,-5,7,-3,6,-2,4,-4,2,-5,1,-5,1,-6,1,-7,1,-9,1,-11,1,-12,1,-12,1,-13,1,-16,1,-18,2,-19,0,-20,1,-19,3,-15,1,-14,1,-17,2,-20,0,-19,-3,-14"
52.05373501777649,633,"CSI,1162,128,77,-47,20,0,-5,11,-3,11,-2,9,0,7,2,9,3,9,7,10,12,14,15,11,15,6,14,7,13,9,10,10,8,10,5,10,3,7,0,5,-1,2,0,0,2,-2,2,-5,0,-5,-2,-6,2,-7,5,-9,1,-3,0,0,0,0,0,0,0,0,0,0,0,0,0,0,0,0,0,0,-3,0,-10,2,-9,1,-8,0,-8,0,-7,1,-5,1,-3,2,-4,4,-6,5,-5,5,-5,6,-6,8,-7,8,-5,9,-5,11,-6,14,-8,15,-10,14,-12,13,-12,13,-12,15,-12,16,-12,14,-12,14,-12,15,-11,13"
52.08209013938904,634,"CSI,1163,128,77,-47,20,0,7,3,6,0,7,-3,7,-7,8,-9,8,-8,10,-7,14,-8,14,-10,12,-12,11,-11,11,-8,12,-5,13,-3,12,-2,10,-1,7,-2,3,-2,2,-1,1,0,-1,1,-3,-1,-6,-4,-8,-5,-6,-3,-2,-1,0,0,0,0,0,0,0,0,0,0,0,0,0,0,0,0,0,0,1,1,5,7,4,8,2,9,1,8,0,5,0,3,1,5,1,4,2,3,3,6,4,6,8,3,11,2,12,3,12,5,12,8,12,8,12,7,15,8,16,8,16,9,14,9,13,8,14,9,13,8,14,7"
52.11717677116394,635,"CSI,4030,128,83,49,21,0,-10,4,-6,4,-4,6,-2,9,0,10,0,9,0,13,-1,19,0,18,1,15,1,13,-1,11,-4,9,-9,9,-10,8,-9,5,-6,4,-3,4,-1,3,0,0,2,-1,3,0,3,1,3,0,3,1,0,0,0,0,0,0,0,0,0,0,0,0,0,0,0,0,0,0,0,0,-3,-1,-10,-4,-10,-5,-8,-8,-7,-8,-7,-6,-6,-5,-7,-2,-9,1,-7,1,-5,2,-6,3,-7,3,-9,5,-10,6,-11,6,-14,8,-16,9,-16,6,-14,3,-13,4,-16,5,-17,6,-17,4,-16,5,-13,7,-11,7"
52.217291831970215,636,"CSI,4034,128,83,49,21,0,-1,8,2,6,3,2,5,3,9,6,11,8,15,10,18,10,15,5,13,4,11,5,8,7,7,9,7,9,5,7,0,7,0,5,0,2,0,0,0,-2,0,-3,-1,-3,0,-5,2,-5,3,-3,0,-1,0,0,0,0,0,0,0,0,0,0,0,0,0,0,0,0,0,0,-1,1,-4,7,-5,7,-8,6,-7,3,-4,1,-4,2,-2,4,0,3,1,3,1,6,1,7,1,8,2,9,2,12,1,16,2,16,1,15,-1,16,-3,17,-1,18,0,17,-1,14,-3,14,-3,15,-1,13,-1,9"
52.319469928741455,637,"CSI,4038,128,83,49,21,0,7,2,10,0,11,1,10,1,10,-1,11,0,14,-1,16,-5,12,-5,9,1,9,5,10,4,10,1,8,1,6,4,6,5,5,5,3,4,2,2,0,2,-1,1,0,-2,2,-6,2,-8,3,-7,0,-2,0,0,0,0,0,0,0,0,0,0,0,0,0,0,0,0,0,0,0,2,3,10,3,8,1,7,-3,4,-2,4,1,3,1,2,2,3,4,4,6,2,5,1,7,3,8,5,9,7,12,9,13,10,12,10,11,12,10,14,10,12,10,13,11,14,10,15,9,13,7,11,6,13"
52.42358994483948,638,"CSI,4042,128,83,49,21,0,6,-4,3,-6,1,-6,2,-7,4,-9,6,-12,5,-16,4,-17,5,-13,6,-9,6,-9,4,-10,5,-10,6,-9,4,-7,3,-3,3,-3,2,-2,1,0,0,-1,-4,-2,-6,-3,-5,-4,-4,-5,-6,-3,-2,-1,0,0,0,0,0,0,0,0,0,0,0,0,0,0,0,0,0,0,1,1,6,5,6,4,6,4,6,5,7,5,7,3,6,2,6,1,6,0,7,-1,7,-2,9,-4,9,-5,10,-5,12,-6,13,-7,12,-7,11,-6,14,-5,18,-5,19,-5,18,-4,17,-1,16,1,16,-1,14,1"
52.5284948348999,639,"CSI,4046,128,83,49,21,0,-3,-5,-6,-5,-9,-3,-12,-3,-13,-2,-12,-1,-10,2,-7,0,-10,-4,-11,-3,-10,-3,-10,-3,-10,-2,-9,-2,-7,-2,-4,-3,-1,-3,1,-3,1,-2,0,1,0,4,-1,5,1,5,2,5,2,7,0,1,0,0,0,0,0,0,0,0,0,0,0,0,0,0,0,0,0,0,1,-2,5,-8,5,-7,7,-5,8,-4,6,-3,5,-4,3,-4,1,-4,-1,-3,-1,-2,-2,-3,-4,-6,-4,-8,-5,-6,-6,-7,-7,-11,-7,-15,-5,-16,-2,-16,0,-18,-1,-18,-1,-17,0,-17,-1,-15,0,-12,4,-10"
52.627891063690186,640,"CSI,4051,128,83,49,21,0,2,7,2,4,2,4,4,7,8,10,10,10,12,9,16,10,15,10,11,10,6,8,3,7,2,7,0,7,2,6,4,5,1,5,0,3,2,0,3,-2,3,-3,2,-5,2,-4,3,-3,3,-3,0,-1,0,0,0,0,0,0,0,0,0,0,0,0,0,0,0,0,0,0,-3,0,-9,1,-8,-1,-7,-2,-6,-3,-6,-2,-5,-1,-4,-1,-3,0,-3,3,-3,5,-3,4,-1,4,1,8,0,10,-4,10,-6,8,-9,9,-9,12,-8,12,-9,12,-10,15,-9,15,-8,10,-8,9,-8,10,-6,9"
52.73322296142578,641,"CSI,4055,128,83,49,21,0,2,-5,1,-7,-1,-10,-5,-11,-4,-12,-4,-14,-3,-15,-1,-19,-3,-17,-6,-16,-6,-16,-3,-13,-2,-10,0,-9,0,-8,-1,-7,0,-6,0,-4,-1,-2,-1,-1,-1,-2,-2,0,-2,2,-2,3,-3,2,-1,0,0,0,0,0,0,0,0,0,0,0,0,0,0,0,0,0,0,0,2,-1,9,0,8,2,6,5,5,6,5,4,2,0,0,-2,1,-1,2,-2,2,-3,4,-5,5,-6,5,-7,6,-11,9,-13,9,-12,9,-12,10,-11,10,-11,9,-11,11,-10,14,-12,13,-13,12,-12,13,-11,14,-11"
52.83575201034546,642,"CSI,4058,128,83,49,21,0,-8,0,-6,2,-6,5,-4,9,-1,11,-1,12,-6,14,-13,15,-16,13,-12,12,-9,11,-8,11,-6,10,-6,7,-6,5,-4,4,-3,4,-3,3,-2,2,-1,1,1,2,3,0,6,-2,6,-3,6,-3,1,-1,0,0,0,0,0,0,0,0,0,0,0,0,0,0,0,0,0,0,0,-2,0,-8,1,-9,2,-7,3,-6,1,-5,0,-6,0,-8,2,-6,0,-3,-4,-1,-5,-3,-8,-5,-11,-5,-11,-4,-11,-6,-14,-6,-15,-4,-14,-6,-15,-10,-18,-8,-20,-6,-18,-6,-15,-6,-15,-8,-14,-7,-11,-5"
52.93660283088684,643,"CSI,4063,128,83,49,21,0,0,-9,-3,-8,-5,-5,-6,-3,-7,-1,-10,0,-11,1,-10,4,-11,3,-13,-1,-13,-4,-14,-3,-13,-1,-9,-3,-7,-3,-4,-1,-3,0,-3,1,-1,0,2,-1,2,-1,2,0,3,3,4,5,5,6,1,1,0,0,0,0,0,0,0,0,0,0,0,0,0,0,0,0,0,0,2,0,9,2,7,2,7,1,6,1,5,1,5,1,4,-1,1,-4,0,-5,0,-5,2,-5,-1,-7,-3,-10,0,-12,2,-11,2,-13,1,-16,0,-16,1,-17,2,-17,2,-16,4,-17,3,-19,3,-17,4,-15,7,-13"
53.05607581138611,644,"CSI,1165,128,77,-47,20,0,1,9,3,6,6,1,8,0,11,3,12,5,14,6,17,8,17,4,14,-2,13,-2,11,1,10,2,8,1,5,2,4,3,3,3,2,1,1,-2,0,-4,-1,-4,-2,-4,-3,-4,-2,-5,1,-8,0,-3,0,0,0,0,0,0,0,0,0,0,0,0,0,0,0,0,0,0,-3,0,-10,0,-10,-2,-10,-4,-9,-3,-8,-2,-6,-1,-5,-1,-3,1,0,4,0,5,0,7,-1,10,-1,13,-1,14,-1,13,-1,13,-3,16,-5,18,-5,19,-5,19,-5,17,-6,16,-7,14,-6,12,-4,12,-4,13"
53.08438587188721,645,"CSI,1166,128,77,-47,20,0,4,9,7,5,9,0,8,-1,7,-1,9,-1,15,-5,19,-8,16,-7,12,-3,12,1,12,2,10,0,7,0,4,2,5,1,3,-2,-1,-2,-2,-1,-2,-1,-2,-2,-2,-6,-4,-7,-5,-7,-4,-9,-1,-3,0,0,0,0,0,0,0,0,0,0,0,0,0,0,0,0,0,0,-2,1,-7,5,-8,4,-8,2,-7,2,-6,3,-4,2,-2,2,-2,2,-2,4,0,6,3,8,7,9,7,11,5,13,5,12,5,12,3,13,3,13,5,13,5,14,2,16,3,16,3,13,3,15,2,19,-1,18"
53.24471187591553,646,"CSI,4074,128,83,49,21,0,-2,-10,-3,-5,-6,-3,-11,-4,-13,-5,-13,-4,-15,-2,-19,0,-19,-2,-17,-4,-16,-3,-15,-3,-13,-5,-9,-5,-7,-5,-6,-5,-5,-4,-4,-3,-5,-1,-5,2,-2,4,2,5,4,5,3,5,1,5,-1,1,0,0,0,0,0,0,0,0,0,0,0,0,0,0,0,0,0,0,2,-1,8,-1,8,-1,8,0,6,1,5,0,4,-1,4,-1,5,-1,3,-2,1,-5,2,-7,3,-8,3,-11,4,-14,4,-14,6,-15,8,-16,7,-17,8,-18,5,-17,1,-16,3,-16,8,-15,9,-16,8,-17,7,-16"
53.3463339805603,647,"CSI,4079,128,83,49,21,0,-4,5,-4,7,-3,8,1,7,4,9,2,12,4,12,7,12,8,12,8,11,7,11,4,10,2,11,3,10,2,7,3,6,4,5,3,3,3,0,4,-2,2,-4,-2,-5,-2,-6,0,-7,3,-7,1,-2,0,0,0,0,0,0,0,0,0,0,0,0,0,0,0,0,0,0,-2,-2,-8,-7,-6,-8,-4,-10,-4,-9,-5,-7,-5,-5,-4,-5,-4,-2,-5,2,-7,3,-9,3,-11,3,-12,5,-13,5,-14,2,-14,3,-13,6,-12,6,-14,5,-17,8,-18,12,-21,13,-22,10,-19,7,-15,4,-11,2"
53.45070695877075,648,"CSI,4082,128,83,49,21,0,3,-8,0,-10,-4,-12,-6,-8,-9,-7,-8,-8,-7,-12,-8,-18,-10,-15,-9,-10,-5,-8,-4,-8,-4,-12,-3,-13,-2,-10,-1,-5,1,-4,1,-4,-1,-3,-2,-3,-3,-2,-3,0,-3,3,-5,3,-7,1,-2,-1,0,0,0,0,0,0,0,0,0,0,0,0,0,0,0,0,0,0,1,-2,5,-9,6,-9,6,-6,7,-5,7,-6,6,-6,1,-5,-2,-3,0,-5,-1,-7,-3,-8,-4,-9,-4,-9,-3,-11,-3,-14,0,-17,0,-14,0,-12,2,-15,5,-16,7,-15,7,-14,5,-16,5,-17,3,-16,1,-15"
53.55117392539978,649,"CSI,4086,128,83,49,21,0,-2,-9,-2,-8,-1,-8,-2,-10,-2,-12,-2,-11,-4,-13,-7,-20,-7,-18,-5,-12,-3,-11,-2,-11,-2,-10,0,-10,2,-9,3,-5,2,-2,0,1,-1,0,-1,-2,-1,-1,-2,0,-4,1,-6,3,-7,5,-2,1,0,0,0,0,0,0,0,0,0,0,0,0,0,0,0,0,0,0,1,0,7,4,7,5,6,6,4,6,3,4,1,3,1,1,2,-1,2,-1,4,-2,7,-4,7,-4,6,-5,7,-6,10,-4,13,-3,13,-7,13,-8,13,-7,13,-5,13,-5,14,-6,16,-6,15,-6,11,-6,8,-8"
53.65463900566101,650,"CSI,4091,128,83,49,21,0,-3,-8,-2,-3,-7,-3,-12,-4,-14,-2,-16,-2,-15,-2,-11,-2,-11,-4,-12,-6,-12,-5,-12,-6,-13,-5,-13,-5,-12,-4,-8,-3,-6,-3,-5,-3,-2,-2,-2,-2,-2,0,0,2,2,4,3,7,1,10,0,2,0,0,0,0,0,0,0,0,0,0,0,0,0,0,0,0,0,0,2,-2,8,-4,8,-2,6,0,3,1,3,1,5,1,4,0,3,-2,3,-6,3,-10,2,-11,2,-10,3,-9,2,-11,3,-12,4,-13,4,-14,3,-15,2,-16,1,-17,0,-19,1,-19,1,-18,1,-17,1,-18,1,-17"
53.717857837677,651,"CSI,631,128,83,49,21,0,-3,14,-7,15,-9,18,-7,18,-7,15,-5,12,-2,8,0,3,0,2,-3,3,-3,3,-1,1,0,0,4,-1,7,-1,7,-1,6,-2,6,-2,8,-2,8,0,6,2,5,2,4,2,5,1,4,0,1,-1,0,0,0,0,0,0,0,0,0,0,0,0,0,0,0,0,0,0,1,-1,3,-3,1,-6,2,-7,2,-5,2,-5,1,-4,-1,-2,-2,-1,-4,-2,-6,-1,-9,0,-11,-3,-11,-4,-11,-3,-12,-4,-12,-4,-9,-7,-8,-9,-11,-8,-11,-4,-11,0,-11,2,-9,1,-6,1,-6,6,-8,11"
53.75515389442444,652,"CSI,4094,128,83,49,21,0,3,-5,2,-7,3,-9,4,-10,3,-11,2,-12,3,-11,6,-7,6,-9,6,-15,6,-15,3,-13,2,-12,4,-10,6,-7,8,-5,6,-5,0,-4,-3,-2,-4,-1,-4,-1,-4,-1,-5,-1,-7,-1,-6,0,-2,0,0,0,0,0,0,0,0,0,0,0,0,0,0,0,0,0,0,0,1,2,6,10,5,8,3,9,3,8,2,5,0,2,0,-1,2,-2,3,-1,6,-1,8,-3,10,-4,12,-5,14,-4,16,-2,20,0,21,-1,17,-1,14,0,16,1,17,1,16,1,14,1,15,1,12,0,10,-1"
53.820136070251465,653,"CSI,635,128,83,49,21,0,-11,-10,-11,-10,-9,-11,-7,-11,-5,-8,-6,-6,-5,-6,-2,-4,-1,-4,0,-5,0,-3,-3,0,-3,0,-4,1,-7,3,-5,5,-2,5,-3,6,-5,6,-5,5,-5,3,-5,2,-5,2,-6,2,-6,2,-2,0,0,0,0,0,0,0,0,0,0,0,0,0,0,0,0,0,0,0,0,0,3,0,4,1,3,1,2,0,2,-2,2,-2,0,-2,-1,-4,2,-5,2,-7,-1,-9,-1,-9,0,-7,0,-7,2,-9,2,-11,2,-11,5,-12,7,-11,5,-8,3,-6,3,-7,1,-7,-2,-6,-4,-4,-9,-3"
53.85778999328613,654,"CSI,3,128,83,49,21,0,-6,6,-3,7,-1,10,2,11,3,10,2,13,3,13,6,9,5,9,4,12,2,11,2,10,2,8,1,8,-1,9,-1,9,-3,6,-3,1,0,-2,2,-2,2,-1,3,0,3,-2,2,-3,3,-2,0,-1,0,0,0,0,0,0,0,0,0,0,0,0,0,0,0,0,0,0,-2,-1,-7,-6,-5,-8,-5,-8,-3,-9,-2,-8,-2,-6,-1,-6,-1,-5,-1,-1,-5,4,-9,4,-9,2,-11,2,-14,2,-18,3,-20,4,-19,2,-18,1,-18,0,-18,1,-18,3,-18,1,-18,0,-19,1,-19,2,-19,6"
53.95855093002319,655,"CSI,6,128,83,49,21,0,9,-1,8,-5,7,-6,6,-6,6,-7,7,-9,6,-12,4,-13,4,-10,7,-7,9,-6,8,-4,6,-1,5,-1,5,-3,4,-4,2,-3,0,-3,-1,-3,-2,-3,-5,-3,-6,-5,-4,-7,-3,-7,-3,-6,-1,-2,0,0,0,0,0,0,0,0,0,0,0,0,0,0,0,0,0,0,2,0,7,4,4,6,3,6,2,4,1,3,1,3,2,3,4,1,5,1,7,0,8,-1,9,-1,10,-1,12,-2,13,-3,14,-2,14,1,16,3,17,4,16,3,16,4,15,6,13,6,13,5,14,5,16,4"
54.16613793373108,656,"CSI,14,128,83,49,21,0,-1,-7,-4,-8,-6,-6,-8,-4,-8,-6,-8,-7,-8,-7,-6,-11,-6,-13,-10,-12,-11,-10,-10,-7,-7,-7,-5,-7,-5,-8,-2,-7,-1,-7,-3,-5,-4,-1,-2,1,0,1,-1,2,-2,3,-2,4,-3,6,-1,1,0,0,0,0,0,0,0,0,0,0,0,0,0,0,0,0,0,0,1,-1,7,-1,7,-1,6,0,5,1,5,2,3,1,3,-1,4,-1,5,-2,4,-4,3,-5,1,-7,2,-12,3,-15,5,-15,8,-16,10,-16,7,-13,4,-13,5,-14,8,-13,8,-13,7,-13,6,-13,7,-13,8,-12"
54.26702094078064,657,"CSI,19,128,83,49,21,0,8,-3,8,-5,7,-9,4,-13,3,-14,4,-12,2,-15,0,-18,-1,-14,-1,-12,1,-11,3,-9,6,-10,5,-11,4,-9,3,-7,2,-4,1,0,2,1,-1,-1,-3,-1,-4,1,-8,0,-9,-1,-7,-1,-2,-1,0,0,0,0,0,0,0,0,0,0,0,0,0,0,0,0,0,0,2,1,7,5,6,5,6,6,5,6,3,3,2,1,5,1,8,1,5,0,4,-1,6,-2,6,-7,8,-7,12,-4,13,-4,14,-3,15,-2,15,-4,17,-5,19,-4,19,0,18,0,16,-1,13,-1,11,-1,12,-1"
54.36844086647034,658,"CSI,22,128,83,49,21,0,4,7,7,4,7,0,8,0,11,2,13,2,9,1,5,1,8,0,10,1,12,3,13,3,12,3,9,3,5,3,4,2,3,1,0,1,-2,-1,-3,-2,-2,-3,-2,-3,-4,-4,-4,-7,-1,-9,0,-3,0,0,0,0,0,0,0,0,0,0,0,0,0,0,0,0,0,0,-2,1,-8,4,-8,3,-8,1,-7,0,-6,1,-4,2,-3,1,-2,2,-2,3,-2,6,-2,8,-4,9,-4,10,-3,10,-3,12,0,15,2,16,2,16,0,15,-3,16,-3,18,-3,17,-6,12,-6,11,-4,14,-4,13"
54.4740149974823,659,"CSI,27,128,83,49,21,0,7,-10,4,-11,2,-11,0,-11,0,-12,-1,-14,-4,-15,-9,-14,-3,-12,3,-13,2,-14,2,-13,4,-9,5,-6,4,-6,2,-5,2,-2,1,0,-1,1,-4,0,-7,-1,-7,-2,-4,-2,-5,-2,-7,-4,-2,-2,0,0,0,0,0,0,0,0,0,0,0,0,0,0,0,0,0,0,0,-2,4,-8,5,-8,4,-5,5,-3,7,-3,3,-4,-1,-4,0,-6,0,-8,-1,-10,0,-11,0,-12,-1,-12,2,-11,6,-13,6,-16,5,-15,6,-14,8,-15,8,-17,8,-16,9,-14,11,-13,12,-11,10,-9,8,-9"
54.57235097885132,660,"CSI,31,128,83,49,21,0,6,12,9,8,9,6,8,6,9,5,11,5,9,8,11,13,13,11,14,5,11,5,9,5,8,6,6,7,6,6,6,5,5,4,5,3,2,1,1,-1,1,-3,3,-6,1,-6,-1,-5,-1,-7,0,-2,0,0,0,0,0,0,0,0,0,0,0,0,0,0,0,0,0,0,-1,2,-4,9,-5,8,-6,8,-7,8,-7,6,-5,5,-4,4,-1,5,3,6,5,5,4,8,4,12,7,11,8,11,7,14,6,15,6,14,5,14,4,16,5,17,5,18,3,19,0,18,-4,15,-5,13,-2,13"
54.676069021224976,661,"CSI,34,128,83,49,21,0,6,3,7,-1,6,-5,6,-6,8,-7,8,-7,5,-10,4,-16,4,-17,4,-13,4,-10,3,-9,2,-10,1,-10,2,-9,2,-6,2,-3,1,-2,-1,-1,-4,-2,-3,-3,-2,-1,-4,1,-5,1,-5,1,-2,0,0,0,0,0,0,0,0,0,0,0,0,0,0,0,0,0,0,0,-1,2,-3,8,-6,8,-8,7,-7,5,-4,2,-2,1,-2,3,-1,2,1,0,3,1,4,3,5,5,8,7,9,7,10,7,12,8,13,9,13,8,14,10,13,13,13,14,14,11,15,10,15,11,14,10,11,9"
54.77953886985779,662,"CSI,39,128,83,49,21,0,-11,4,-7,4,-4,6,-4,10,-5,11,-4,9,-5,9,-9,10,-9,14,-6,15,-2,14,-3,12,-8,9,-9,6,-7,4,-5,4,-2,3,0,2,1,1,2,1,4,0,5,-1,5,-1,4,-1,3,-1,0,-1,0,0,0,0,0,0,0,0,0,0,0,0,0,0,0,0,0,0,-2,0,-7,1,-7,0,-7,-3,-7,-4,-4,-2,-2,0,-4,1,-4,-1,-2,-2,-2,1,-5,3,-8,5,-9,4,-9,3,-10,3,-14,5,-18,7,-18,7,-16,6,-15,6,-16,5,-15,3,-14,3,-17,5,-17,5,-15,5"
54.884076833724976,663,"CSI,43,128,83,49,21,0,-10,-1,-9,1,-8,2,-9,4,-12,3,-14,1,-15,4,-15,9,-12,10,-10,4,-11,0,-11,-1,-9,-2,-9,-2,-9,-1,-6,1,-2,0,-3,0,-4,2,-3,2,-3,1,-1,2,0,5,-1,6,-2,6,-1,1,0,0,0,0,0,0,0,0,0,0,0,0,0,0,0,0,0,0,-1,-2,-6,-6,-8,-6,-8,-7,-7,-6,-7,-3,-8,-3,-6,-3,-6,0,-8,2,-8,0,-8,-1,-8,1,-10,2,-14,0,-16,0,-16,-1,-15,-1,-14,-4,-15,-8,-16,-7,-16,-6,-15,-7,-14,-7,-14,-8,-12,-9,-8,-9"
54.9393208026886,664,"CSI,1167,128,75,-79,20,0,-8,5,-7,8,-5,9,-3,9,-1,10,-3,10,-5,11,-9,13,-8,15,-3,15,-2,14,-2,12,-2,10,-4,8,-5,6,-3,4,-1,1,-1,0,0,-2,1,-3,0,-1,0,-1,2,-2,5,-1,5,-3,1,-2,0,0,0,0,0,0,0,0,0,0,0,0,0,0,0,0,0,0,-1,-2,-4,-7,-4,-9,-2,-9,-1,-6,-1,-5,-2,-6,-1,-4,-1,-3,-3,-2,-4,-1,-8,-1,-11,-1,-10,0,-9,2,-10,3,-13,2,-16,-1,-16,-4,-16,-4,-18,-2,-20,-2,-20,-4,-19,-5,-17,-4,-16,-3,-15,-2"
55.087382793426514,665,"CSI,51,128,83,49,21,0,-3,-6,-5,-7,-6,-6,-10,-4,-12,-4,-10,-5,-12,-7,-14,-10,-15,-8,-16,-5,-14,-4,-10,-6,-10,-7,-8,-6,-5,-6,-3,-8,-3,-7,-3,-2,-1,1,0,3,2,3,2,3,2,5,1,6,0,7,0,1,0,0,0,0,0,0,0,0,0,0,0,0,0,0,0,0,0,0,1,0,6,4,6,5,6,4,4,3,2,3,3,4,4,2,3,-1,4,-3,4,-2,4,-1,4,-3,5,-7,5,-9,8,-10,10,-10,9,-10,9,-13,9,-16,10,-17,10,-16,11,-15,11,-13,10,-12,10,-10,9,-7"
55.18883681297302,666,"CSI,54,128,83,49,21,0,-2,9,-1,7,1,6,3,7,2,9,3,8,5,9,6,15,7,16,7,12,9,10,9,9,6,10,4,11,3,9,3,6,4,3,2,2,-1,2,0,1,2,-1,1,-3,2,-5,3,-6,4,-6,1,-2,0,0,0,0,0,0,0,0,0,0,0,0,0,0,0,0,0,0,-2,-1,-8,-2,-7,-2,-6,-2,-6,-3,-6,-4,-6,-3,-7,-1,-5,0,-2,-2,-3,0,-6,5,-6,7,-5,8,-6,9,-9,10,-9,10,-9,12,-9,14,-9,14,-12,14,-14,12,-15,11,-16,12,-16,11,-13,10,-11,10"
55.29085302352905,667,"CSI,59,128,83,49,21,0,8,4,8,1,7,-3,8,-2,10,-1,11,-2,13,-2,17,-1,18,-4,16,-6,15,-4,14,-4,14,-3,12,-2,8,-1,3,-1,0,-1,-1,-3,0,-3,0,-2,-1,-2,-4,-3,-6,-5,-4,-8,-2,-9,-1,-3,0,0,0,0,0,0,0,0,0,0,0,0,0,0,0,0,0,0,-1,1,-1,6,-2,9,-3,10,-4,8,-4,6,-3,5,0,5,3,5,2,6,3,7,4,8,5,7,7,6,10,7,12,8,12,8,12,9,12,9,11,11,11,13,11,14,9,15,9,15,10,16,10,15,8,14"
55.396618127822876,668,"CSI,63,128,83,49,21,0,-5,-7,-9,-4,-12,-4,-12,-3,-11,0,-13,1,-13,3,-10,5,-10,0,-13,-4,-12,-4,-8,-6,-8,-7,-9,-6,-7,-4,-5,-4,-5,-3,-5,-1,-3,1,-2,2,-1,3,-1,3,-3,4,-3,5,-4,6,-1,1,0,0,0,0,0,0,0,0,0,0,0,0,0,0,0,0,0,0,0,-4,2,-11,2,-9,1,-8,1,-7,2,-6,2,-3,1,0,0,-2,-1,-5,-2,-6,-5,-6,-8,-5,-8,-7,-8,-11,-8,-12,-7,-12,-7,-13,-9,-16,-10,-19,-8,-19,-5,-21,-4,-23,-5,-20,-5,-17,-3,-15,1,-12"
55.492910861968994,669,"CSI,66,128,83,49,21,0,0,6,0,4,3,4,7,3,9,2,9,3,12,3,13,0,10,5,8,9,7,9,6,9,5,10,6,8,4,6,2,5,2,2,1,-2,1,-1,2,1,3,-1,2,-2,2,-1,5,-3,7,-5,1,-2,0,0,0,0,0,0,0,0,0,0,0,0,0,0,0,0,0,0,-1,2,-2,8,-3,7,-4,5,-3,5,-2,4,-3,5,-3,4,0,3,0,3,-1,5,1,7,3,8,6,7,7,7,6,10,7,12,8,15,6,18,5,19,4,19,3,19,1,20,-1,18,0,16,3,15,5,12"
55.56175088882446,670,"CSI,703,128,83,49,21,0,14,-2,16,-2,16,1,13,1,12,-1,13,-2,8,-1,2,0,5,-2,8,-2,7,-1,4,-2,2,-2,-1,-1,-4,-2,-6,-5,-7,-4,-10,-3,-11,-3,-9,-3,-9,-2,-11,-3,-10,-5,-6,-6,-5,-6,-2,-2,0,0,0,0,0,0,0,0,0,0,0,0,0,0,0,0,0,0,-1,-1,-1,-2,-1,-3,-1,-4,-3,-2,-5,0,-4,-2,-3,-4,-3,-2,-3,3,-4,4,-6,3,-6,4,-5,8,-3,10,-3,10,-5,9,-6,7,-5,8,-3,10,-1,11,-2,11,-1,9,2,7,5,6,6,1,11,-6"
55.59535598754883,671,"CSI,70,128,83,49,21,0,2,7,4,6,7,4,8,2,10,3,12,4,9,1,5,0,7,2,11,3,10,3,10,4,11,2,10,1,6,4,4,5,1,3,-1,1,0,-1,0,-3,-1,-3,-1,-4,0,-7,1,-6,1,-5,0,-1,0,0,0,0,0,0,0,0,0,0,0,0,0,0,0,0,0,0,0,1,0,6,-1,9,-3,9,-3,8,-3,8,-3,7,-2,5,0,4,1,5,1,8,2,8,4,6,4,7,5,8,5,9,6,10,7,12,8,13,9,13,8,13,7,16,7,17,5,16,4,16,3,16,2,14"
55.70794200897217,672,"CSI,76,128,83,49,21,0,6,-7,5,-8,3,-6,2,-5,3,-7,3,-9,-2,-11,-6,-13,-6,-13,-7,-12,-6,-10,-2,-11,1,-14,3,-14,3,-11,2,-5,1,-1,-1,-2,-3,-2,-3,0,-3,3,-1,2,-1,2,-3,4,-5,5,-2,1,0,0,0,0,0,0,0,0,0,0,0,0,0,0,0,0,0,0,0,1,2,7,1,8,1,8,-1,7,-2,5,0,3,2,3,3,3,3,2,4,1,7,2,8,0,9,-3,10,-3,11,-1,12,-3,16,-5,19,-3,20,-1,19,1,18,3,17,3,16,1,15,-1,15,-2,14,-1"
55.76563096046448,673,"CSI,710,128,83,49,21,0,-12,-13,-13,-14,-13,-13,-10,-11,-7,-10,-7,-10,-6,-8,-4,-4,-4,-3,-4,-4,-5,-4,-5,-3,-2,1,2,5,3,9,2,12,3,13,2,11,-1,11,-3,9,-1,10,1,11,0,8,-1,3,0,1,0,0,0,0,0,0,0,0,0,0,0,0,0,0,0,0,0,0,0,0,-1,0,-2,3,-4,2,-3,1,-2,1,-2,2,0,3,1,2,1,0,0,-1,1,-2,5,-3,8,-2,9,0,9,-2,10,-3,8,-4,8,-6,9,-8,10,-8,7,-6,4,-4,4,-3,3,-5,0,-6,-4,-6,-6,-6"
55.802653074264526,674,"CSI,79,128,83,49,21,0,7,-4,5,-6,3,-8,2,-10,1,-14,0,-13,2,-14,4,-19,2,-17,1,-14,1,-14,1,-14,1,-12,3,-11,5,-8,5,-4,3,-2,0,0,-1,1,-2,-1,-5,-1,-4,1,-3,1,-5,0,-6,0,-2,0,0,0,0,0,0,0,0,0,0,0,0,0,0,0,0,0,0,0,1,1,6,7,4,6,2,6,2,7,2,7,3,4,2,1,3,-1,3,1,3,0,4,-3,8,-2,11,-2,12,-3,11,-4,13,-3,16,-2,17,0,19,-1,21,-3,21,-1,20,1,17,-1,15,-1,15,1,13,1"
55.90460801124573,675,"CSI,83,128,83,49,21,0,7,-4,5,-7,6,-7,5,-6,4,-8,5,-10,3,-12,-1,-15,1,-13,5,-12,7,-11,8,-9,8,-9,6,-8,4,-7,3,-7,3,-6,5,-2,1,1,-4,0,-4,-1,-3,-2,-4,-2,-6,-1,-9,-1,-3,0,0,0,0,0,0,0,0,0,0,0,0,0,0,0,0,0,0,0,-1,0,-3,4,-3,6,-3,7,-2,7,-3,7,-2,6,0,5,0,5,0,5,2,4,4,3,7,4,8,4,10,4,12,4,14,3,15,5,14,7,15,7,17,7,15,8,14,10,15,9,15,7,13,4,11,4"
55.96883583068848,676,"CSI,719,128,83,49,21,0,14,-1,15,1,15,1,14,-1,15,-2,15,-2,11,0,3,2,3,2,7,1,6,-2,4,-5,2,-5,-1,-5,-2,-6,-3,-8,-4,-10,-4,-11,-4,-10,-2,-9,0,-10,2,-9,2,-8,2,-8,3,-7,0,-2,0,0,0,0,0,0,0,0,0,0,0,0,0,0,0,0,0,0,-2,0,-4,-1,-2,-1,-1,0,-1,0,-1,-2,-2,-1,0,2,2,4,-1,3,0,2,2,2,1,5,0,6,0,7,1,8,2,7,3,6,4,7,3,10,1,10,2,9,3,9,5,5,6,0,5,-2,4,-1"
56.00644111633301,677,"CSI,87,128,83,49,21,0,6,-5,6,-5,5,-6,4,-7,4,-9,4,-12,2,-12,0,-9,2,-9,5,-11,7,-10,8,-10,7,-9,8,-8,7,-7,6,-6,5,-3,3,0,0,0,-4,-2,-4,-1,-3,0,-4,-1,-5,-2,-5,-3,-2,-1,0,0,0,0,0,0,0,0,0,0,0,0,0,0,0,0,0,0,-1,1,-1,7,-3,6,-3,5,-2,5,-1,6,-1,6,0,3,1,1,1,3,4,4,5,4,5,4,7,4,10,4,13,3,16,2,16,1,14,1,14,3,17,5,18,5,17,4,16,4,13,6,10,6,6,5"
56.11141490936279,678,"CSI,90,128,83,49,21,0,6,-7,1,-9,-2,-9,-5,-8,-5,-8,-6,-12,-5,-13,-1,-13,1,-14,0,-13,-1,-11,-2,-13,-4,-16,-2,-16,1,-11,0,-6,1,-4,0,-3,-2,-1,-5,0,-5,0,-4,0,-3,0,-5,0,-5,2,-2,0,0,0,0,0,0,0,0,0,0,0,0,0,0,0,0,0,0,0,2,0,9,1,10,2,10,0,8,0,5,1,6,1,5,0,5,-1,6,-2,7,-3,6,-5,5,-8,4,-7,6,-8,7,-11,7,-12,8,-12,8,-11,9,-10,12,-13,12,-13,11,-10,10,-9,10,-11,11,-12,12,-9"
56.2153480052948,679,"CSI,95,128,83,49,21,0,-7,7,-3,6,0,5,3,6,5,9,5,11,4,14,1,18,5,18,10,14,7,13,4,14,1,14,0,13,-1,12,-4,9,-4,6,-1,2,2,-1,2,-1,0,1,1,-1,3,-4,2,-5,2,-5,0,-2,0,0,0,0,0,0,0,0,0,0,0,0,0,0,0,0,0,0,-2,0,-8,0,-9,-2,-9,-3,-9,-4,-8,-3,-7,-1,-7,0,-8,2,-8,4,-7,3,-5,3,-5,5,-5,8,-6,9,-8,9,-9,9,-10,10,-12,9,-15,10,-16,10,-15,9,-15,9,-15,9,-15,9,-13,9,-12,10"
56.317883014678955,680,"CSI,99,128,83,49,21,0,-9,-5,-7,-3,-6,-1,-7,4,-7,9,-6,12,-9,13,-14,11,-15,11,-13,12,-12,11,-10,10,-10,9,-11,7,-11,6,-8,3,-6,1,-5,-1,-3,-4,-1,-3,2,-1,4,-2,7,-3,8,-2,6,0,1,0,0,0,0,0,0,0,0,0,0,0,0,0,0,0,0,0,0,0,1,-2,8,-7,7,-5,5,-4,6,-5,5,-5,3,-5,2,-5,2,-6,2,-7,2,-8,2,-7,1,-7,-2,-8,-4,-10,-7,-13,-7,-15,-6,-15,-8,-13,-12,-13,-11,-13,-8,-14,-6,-14,-6,-16,-7,-18,-8,-15,-11,-11"
56.4193160533905,681,"CSI,103,128,83,49,21,0,6,-7,4,-10,-1,-12,-4,-12,-5,-11,-6,-10,-10,-10,-11,-10,-8,-14,-4,-16,-4,-14,-4,-13,-4,-13,-4,-13,-2,-12,0,-10,1,-7,2,-5,1,-4,0,-2,-2,1,-4,3,-5,3,-5,3,-5,3,-2,0,0,0,0,0,0,0,0,0,0,0,0,0,0,0,0,0,0,0,2,0,8,2,7,3,6,5,5,6,5,5,4,3,2,0,2,-2,5,-3,7,-3,6,-4,4,-3,8,-2,9,-4,8,-7,11,-11,13,-11,12,-13,12,-16,14,-15,14,-12,14,-10,15,-8,16,-9,12,-9,8,-6"
56.52224016189575,682,"CSI,107,128,83,49,21,0,-8,-4,-8,-1,-7,4,-6,8,-6,10,-6,12,-7,13,-5,13,-5,12,-7,10,-10,7,-10,6,-8,7,-7,6,-7,5,-8,5,-8,2,-7,2,-3,2,-1,1,-1,0,0,1,4,3,6,4,4,5,0,1,0,0,0,0,0,0,0,0,0,0,0,0,0,0,0,0,0,0,-3,-1,-8,-4,-8,-5,-7,-5,-5,-5,-4,-5,-5,-4,-5,-2,-5,-1,-4,-1,-5,-2,-9,-3,-11,-3,-11,-2,-10,0,-11,-1,-12,-1,-13,0,-13,-2,-14,-2,-18,0,-20,0,-19,-1,-17,-3,-16,-6,-14,-7,-12,-5"
56.6222779750824,683,"CSI,110,128,83,49,21,0,8,3,7,1,7,-3,8,-5,10,-6,11,-7,13,-11,15,-15,14,-13,12,-9,11,-8,10,-7,9,-6,7,-6,8,-4,6,-2,5,-1,2,-2,-1,-3,-2,-3,-3,-2,-4,-1,-4,-2,-5,-3,-6,-3,-2,-1,0,0,0,0,0,0,0,0,0,0,0,0,0,0,0,0,0,0,-2,2,-6,8,-8,6,-9,4,-8,2,-6,1,-3,2,-2,4,-2,5,-2,5,-1,4,0,1,0,3,2,7,5,9,8,10,9,11,8,13,7,15,9,15,9,14,9,15,9,16,10,15,10,14,5,12,1,10"
56.725592851638794,684,"CSI,115,128,83,49,21,0,-10,8,-7,10,-2,8,-1,8,0,12,0,13,-5,13,-12,13,-11,15,-8,15,-8,13,-7,11,-7,8,-6,8,-5,7,-4,5,-3,2,-2,1,-1,0,0,0,1,0,3,0,5,0,6,1,6,2,1,0,0,0,0,0,0,0,0,0,0,0,0,0,0,0,0,0,0,0,-1,-1,-5,-5,-8,-6,-8,-5,-6,-5,-6,-5,-7,-6,-8,-4,-8,-2,-8,-2,-8,-2,-7,-2,-7,0,-9,3,-9,4,-10,5,-13,7,-14,7,-15,5,-19,4,-20,4,-20,4,-20,4,-19,3,-17,3,-14,0,-13,-3"
56.9276909828186,685,"CSI,123,128,83,49,21,0,5,8,6,6,6,2,6,-1,8,-1,10,-1,14,0,18,4,16,4,14,3,14,3,12,2,9,2,7,5,5,6,5,3,5,0,3,-1,1,-1,1,-1,-1,-3,-3,-5,-2,-6,-1,-6,-1,-6,-1,-2,0,0,0,0,0,0,0,0,0,0,0,0,0,0,0,0,0,0,-1,1,-4,6,-3,5,-5,4,-6,4,-5,5,-3,5,-3,4,-3,6,0,7,2,7,2,7,2,6,3,6,5,9,5,11,3,11,5,12,6,14,7,16,9,17,7,19,5,19,5,17,4,16,5,14,7,12"
57.13387489318848,686,"CSI,130,128,83,49,21,0,7,2,8,-3,9,-8,10,-6,11,-5,13,-6,11,-8,9,-13,8,-12,8,-8,10,-5,12,-4,13,-5,9,-5,5,-3,3,-2,1,-1,-1,0,-2,-1,-1,-3,0,-4,-1,-1,-4,-1,-6,-3,-5,-3,-1,-1,0,0,0,0,0,0,0,0,0,0,0,0,0,0,0,0,0,0,-1,2,-1,9,-1,8,-4,7,-5,8,-5,7,-4,5,-4,4,-3,3,-1,3,1,3,3,3,5,2,6,3,7,4,7,6,9,6,11,5,11,7,12,9,11,10,10,13,10,15,9,13,9,11,9,10,9,10"
57.2366087436676,687,"CSI,134,128,83,49,21,0,-7,6,-4,7,-2,8,0,11,2,14,1,12,0,12,2,19,3,19,2,14,0,12,-3,12,-5,11,-4,9,-2,8,-1,4,1,2,2,2,4,3,6,3,4,2,2,3,1,2,2,-1,5,-1,1,0,0,0,0,0,0,0,0,0,0,0,0,0,0,0,0,0,0,0,-2,-2,-8,-6,-8,-6,-8,-6,-5,-6,-1,-5,1,-5,0,-5,-2,-4,-4,-3,-7,0,-9,0,-8,1,-8,4,-9,4,-11,4,-12,5,-13,5,-15,4,-17,5,-17,6,-17,4,-18,2,-17,3,-18,6,-16,6,-13,4"
57.33914494514465,688,"CSI,138,128,83,49,21,0,-7,8,-6,8,-4,8,-1,11,2,12,3,12,3,14,4,16,3,14,1,12,2,13,4,13,4,12,2,11,0,9,-1,5,-1,2,1,1,2,2,2,2,3,1,3,-1,3,-2,3,-3,5,-3,1,-1,0,0,0,0,0,0,0,0,0,0,0,0,0,0,0,0,0,0,-2,-1,-6,-3,-6,-5,-5,-5,-4,-5,-3,-5,-4,-3,-4,-2,-5,0,-5,0,-5,-1,-4,1,-6,3,-8,4,-9,6,-12,7,-15,6,-17,6,-19,8,-19,7,-18,8,-17,8,-18,8,-16,8,-15,6,-15,4,-15,1"
57.44052004814148,689,"CSI,142,128,83,49,21,0,-2,5,3,4,5,6,5,9,7,11,8,12,7,10,5,4,3,2,2,5,2,7,4,8,5,9,4,9,2,7,0,7,0,7,1,5,2,3,3,4,4,3,3,-1,3,-4,4,-5,3,-5,0,-2,0,0,0,0,0,0,0,0,0,0,0,0,0,0,0,0,0,0,-2,0,-7,3,-10,4,-11,2,-8,-2,-4,-2,-3,-1,-5,0,-5,2,-3,3,-1,3,0,4,-1,4,-4,6,-7,9,-6,11,-4,12,-4,11,-6,10,-9,11,-10,12,-10,13,-9,13,-9,11,-11,12,-11,13,-11,11"
57.542150020599365,690,"CSI,146,128,83,49,21,0,6,0,4,-2,4,-2,4,-4,5,-8,7,-9,5,-11,4,-17,5,-16,7,-11,8,-8,9,-8,10,-8,11,-8,9,-8,8,-8,6,-6,3,-4,1,-1,0,1,-2,1,-3,0,-3,-2,-4,-1,-6,0,-2,0,0,0,0,0,0,0,0,0,0,0,0,0,0,0,0,0,0,0,0,1,2,6,0,8,0,9,-3,7,-5,4,-4,2,0,1,1,3,0,5,3,6,6,4,7,2,8,2,10,5,12,6,12,4,13,5,13,5,15,5,17,6,16,8,15,9,14,10,14,10,15,9,17,8"
57.64563798904419,691,"CSI,151,128,83,49,21,0,10,6,9,1,10,-3,12,-6,12,-7,11,-6,8,-4,5,0,6,-1,8,-5,8,-9,9,-10,11,-8,11,-6,10,-5,9,-3,8,0,5,-1,3,-4,0,-3,-2,1,-2,2,-4,1,-4,-1,-5,-2,-2,-1,0,0,0,0,0,0,0,0,0,0,0,0,0,0,0,0,0,0,-1,1,-4,6,-5,7,-8,5,-8,4,-6,4,-4,4,-3,1,-1,2,2,3,3,4,2,5,0,6,1,5,4,6,7,8,8,11,7,11,7,10,9,10,13,13,15,13,13,13,11,12,11,13,12,15,11,16"
57.74777102470398,692,"CSI,154,128,83,49,21,0,9,1,6,-2,4,-6,3,-7,4,-8,2,-11,4,-13,9,-12,6,-14,2,-14,-1,-13,-2,-14,2,-15,5,-13,5,-9,3,-6,2,-5,0,-5,-2,-3,-2,-3,-3,-3,-3,0,-5,1,-7,0,-6,-1,-2,-1,0,0,0,0,0,0,0,0,0,0,0,0,0,0,0,0,0,0,0,1,2,7,1,7,-3,7,-5,7,-4,6,-2,4,-2,4,-1,3,2,2,4,3,4,3,4,1,6,0,8,2,11,3,13,3,12,4,12,4,16,5,18,4,18,4,18,6,18,8,17,9,15,6,13,1"
58.016469955444336,693,"CSI,799,128,83,49,21,0,1,14,2,13,3,11,1,11,-1,11,-2,11,0,7,1,1,-3,1,-6,2,-4,2,0,2,1,3,4,3,7,3,8,2,9,1,10,1,10,3,7,5,5,6,5,7,5,8,4,8,1,7,0,1,0,0,0,0,0,0,0,0,0,0,0,0,0,0,0,0,0,0,-2,-1,-5,-2,-4,-3,-4,-4,-4,-3,-3,-3,-2,-3,0,-1,-1,1,-3,2,-2,3,-1,3,-3,4,-5,6,-7,6,-6,4,-5,3,-7,5,-8,7,-6,6,-5,3,-6,3,-6,3,-4,6,0,9,3,8,3,8"
58.052621841430664,694,"CSI,167,128,83,49,21,0,3,7,4,6,4,5,5,5,8,3,10,2,11,4,15,9,17,8,16,6,12,6,9,5,9,4,8,7,5,10,3,8,4,8,5,5,3,1,2,0,3,0,1,-1,-1,-2,0,-4,2,-5,0,-2,0,0,0,0,0,0,0,0,0,0,0,0,0,0,0,0,0,0,0,2,0,9,-2,8,-3,7,-3,6,-3,7,0,7,1,5,1,3,1,4,1,7,1,5,1,5,1,7,3,10,4,13,3,13,4,12,4,13,4,16,3,16,2,16,1,19,1,20,2,19,2,16,1,14"
58.261263847351074,695,"CSI,174,128,83,49,21,0,10,1,10,-2,10,-5,7,-6,5,-7,6,-8,5,-10,2,-11,3,-10,7,-8,12,-6,13,-5,11,-5,10,-3,9,0,6,2,6,2,6,1,3,0,1,0,0,0,-1,-1,-2,-2,-3,-2,-5,0,-2,0,0,0,0,0,0,0,0,0,0,0,0,0,0,0,0,0,0,0,3,-2,10,-7,8,-6,6,-4,5,-2,4,-3,5,-4,5,-4,4,-5,3,-6,2,-6,3,-6,5,-7,7,-8,8,-7,11,-8,12,-10,11,-11,11,-10,11,-8,12,-7,14,-7,16,-6,16,-6,15,-3,14,-2,13,-4"
58.364502906799316,696,"CSI,178,128,83,49,21,0,6,-7,3,-6,0,-7,-5,-9,-9,-10,-8,-9,-9,-7,-13,-6,-12,-8,-7,-9,-5,-11,-5,-14,-4,-15,-3,-13,-3,-10,-2,-7,-2,-7,-2,-6,-1,-3,0,-2,-2,-1,-4,-1,-4,2,-4,3,-5,3,-2,1,0,0,0,0,0,0,0,0,0,0,0,0,0,0,0,0,0,0,1,1,6,7,6,8,6,7,4,6,4,5,5,5,6,3,6,1,7,0,8,0,7,-2,7,-2,7,-4,6,-6,8,-9,9,-11,8,-11,8,-10,10,-11,10,-13,12,-14,15,-13,15,-12,15,-10,13,-10,11,-12"
58.56994104385376,697,"CSI,186,128,83,49,21,0,-11,-4,-10,0,-7,3,-5,4,-4,5,-4,9,-6,11,-10,7,-10,5,-7,9,-6,10,-4,12,-2,14,-5,11,-6,8,-6,5,-4,3,-1,1,1,1,2,0,1,0,0,1,1,-1,3,-3,3,-3,0,-1,0,0,0,0,0,0,0,0,0,0,0,0,0,0,0,0,0,0,1,-2,6,-7,7,-6,7,-3,7,-3,6,-4,7,-4,7,-2,5,-2,2,-3,-1,-4,-2,-6,-3,-7,-4,-8,-5,-9,-5,-10,-5,-10,-6,-8,-9,-9,-11,-12,-10,-13,-10,-14,-14,-15,-15,-16,-14,-16,-11,-15,-9,-11"
58.77411484718323,698,"CSI,194,128,83,49,21,0,1,-10,-2,-6,-4,-4,-5,-4,-7,-4,-10,-6,-10,-6,-9,-3,-8,-3,-9,-6,-11,-7,-10,-6,-9,-8,-7,-10,-7,-9,-6,-6,-2,-4,0,-2,-1,-1,-2,1,-2,3,-1,3,0,3,0,4,0,4,0,1,0,0,0,0,0,0,0,0,0,0,0,0,0,0,0,0,0,0,2,-2,8,-6,6,-5,7,-3,7,-1,6,-1,5,-2,4,-3,3,-2,4,-2,3,-4,1,-9,1,-12,2,-12,0,-12,1,-13,3,-14,3,-15,2,-18,1,-21,2,-20,4,-19,6,-19,9,-18,9,-18,7,-17,6,-15"
58.875810861587524,699,"CSI,198,128,83,49,21,0,-5,-8,-7,-3,-9,-1,-10,0,-9,1,-9,1,-11,1,-9,2,-10,2,-13,0,-13,2,-10,4,-11,4,-12,3,-10,3,-7,2,-4,1,-4,2,-4,2,-2,1,-1,0,1,-1,2,-1,2,0,4,2,1,1,0,0,0,0,0,0,0,0,0,0,0,0,0,0,0,0,0,0,2,-1,8,-3,8,-2,7,-1,5,1,5,1,7,2,5,0,1,-3,2,-4,3,-3,3,-4,2,-6,1,-9,-2,-11,-1,-13,2,-15,1,-15,-3,-14,-3,-15,0,-16,0,-16,-2,-16,0,-19,1,-21,2,-20,2,-16"
58.979097843170166,700,"CSI,203,128,83,49,21,0,1,-10,-1,-8,-3,-7,-6,-7,-6,-10,-6,-8,-6,-8,-5,-13,-8,-14,-11,-11,-10,-9,-9,-10,-10,-11,-10,-10,-7,-10,-4,-9,-3,-6,-5,-3,-5,-1,-4,0,-1,0,0,0,0,3,0,6,2,6,1,1,0,0,0,0,0,0,0,0,0,0,0,0,0,0,0,0,0,0,3,0,11,1,8,2,6,2,8,1,8,1,5,1,2,-3,0,-4,2,-4,4,-5,4,-6,2,-6,0,-8,0,-10,3,-11,6,-12,7,-13,7,-14,9,-15,10,-15,9,-15,9,-15,10,-13,9,-11,8,-11,10,-11"
59.0408411026001,701,"CSI,839,128,83,49,21,0,7,9,4,12,5,14,6,13,5,12,5,12,4,8,-2,5,-2,5,0,5,3,2,4,1,3,-2,3,-5,6,-4,8,-5,6,-8,5,-8,6,-6,7,-7,6,-8,5,-6,5,-4,3,-3,1,-1,-1,0,0,0,0,0,0,0,0,0,0,0,0,0,0,0,0,0,0,0,-2,-1,-4,-2,-3,-3,-2,-3,-2,-2,-1,-3,-2,-2,-4,0,-3,2,-1,4,-3,4,-6,4,-7,4,-7,4,-5,4,-5,6,-7,8,-9,9,-9,8,-9,6,-7,5,-4,3,-1,2,0,3,3,5,4,9,3,10"
59.078370809555054,702,"CSI,207,128,83,49,21,0,-1,9,1,9,2,9,4,10,7,8,10,5,7,5,2,8,4,11,9,12,11,11,12,13,9,13,4,10,1,8,-1,6,-2,6,0,6,1,4,2,0,1,-2,-1,-3,0,-4,2,-6,4,-8,1,-3,0,0,0,0,0,0,0,0,0,0,0,0,0,0,0,0,0,0,-2,2,-6,7,-6,5,-7,4,-6,5,-5,4,-6,2,-5,1,-3,1,-3,3,-2,6,0,7,0,6,0,7,1,9,2,9,1,11,1,13,-1,16,-4,17,-5,16,-4,15,-3,17,-6,16,-9,15,-10,16,-9,15"
59.18324589729309,703,"CSI,211,128,83,49,21,0,3,10,5,8,5,5,6,3,11,2,15,3,16,6,16,9,13,4,12,0,13,2,11,4,11,5,12,5,11,6,7,6,4,3,4,2,3,2,1,-1,0,-3,-2,-2,-4,-3,-4,-5,-5,-5,-2,-1,0,0,0,0,0,0,0,0,0,0,0,0,0,0,0,0,0,0,-2,-1,-8,-3,-7,-5,-7,-4,-7,-4,-7,-3,-6,-2,-5,-1,-5,2,-5,5,-5,5,-4,5,-3,5,-4,8,-5,11,-4,12,-2,12,-2,14,-5,13,-7,14,-6,16,-6,17,-7,16,-7,16,-5,18,-5,18,-6,17"
59.21668100357056,704,"CSI,1168,128,77,-47,20,0,-2,-8,-4,-5,-7,-2,-10,-1,-11,-2,-12,-3,-15,2,-16,6,-13,4,-11,0,-11,-1,-11,-1,-13,-2,-14,-4,-14,-6,-13,-6,-10,-5,-5,-4,-4,-2,-5,0,-5,1,-3,3,1,3,1,3,1,2,0,0,0,0,0,0,0,0,0,0,0,0,0,0,0,0,0,0,0,0,1,-3,3,-11,3,-9,4,-8,5,-7,5,-7,4,-7,-1,-6,-5,-5,-4,-4,-3,-5,-5,-6,-6,-6,-7,-7,-8,-7,-10,-8,-10,-11,-10,-13,-10,-11,-10,-12,-10,-17,-9,-20,-8,-19,-8,-19,-7,-18,-4,-15,-3,-12"
59.28546380996704,705,"CSI,215,128,83,49,21,0,-7,4,-7,5,-6,7,-3,12,-1,14,-2,12,-3,14,-3,18,-4,16,-7,11,-9,9,-8,8,-8,9,-8,10,-8,9,-6,7,-4,4,-4,0,-4,0,-3,1,-2,0,0,-1,1,1,3,2,4,2,1,0,0,0,0,0,0,0,0,0,0,0,0,0,0,0,0,0,0,0,-3,0,-11,0,-9,-1,-8,-3,-9,-4,-9,-3,-6,-1,-5,1,-4,0,-3,-1,-5,-2,-8,-2,-9,1,-7,4,-7,5,-10,6,-12,9,-13,9,-15,10,-16,12,-17,10,-18,7,-18,5,-19,3,-21,1,-22,3,-19,3"
59.340667963027954,706,"CSI,1170,128,77,-47,20,0,7,-8,4,-10,1,-13,0,-14,0,-13,-1,-11,-1,-10,0,-9,1,-10,1,-10,0,-12,0,-14,0,-15,0,-13,1,-11,2,-7,2,-5,0,-3,0,-3,0,-4,-1,-3,-1,1,-1,2,-2,0,-4,-1,-1,-1,0,0,0,0,0,0,0,0,0,0,0,0,0,0,0,0,0,0,2,-1,8,-1,5,0,4,2,5,3,6,2,5,2,4,1,3,0,4,0,5,-1,5,-3,6,-5,9,-8,10,-11,10,-14,10,-14,9,-11,11,-11,13,-13,16,-11,17,-8,15,-8,15,-9,18,-9,18,-9,16,-8"
59.3799729347229,707,"CSI,1171,128,77,-47,20,0,11,4,12,1,10,-4,9,-8,10,-8,11,-6,10,-8,8,-12,8,-12,9,-8,11,-6,11,-6,9,-4,10,-3,10,-2,7,-1,4,2,2,2,2,1,1,1,-1,0,-1,-1,-2,-1,-5,-1,-6,-1,-2,-1,0,0,0,0,0,0,0,0,0,0,0,0,0,0,0,0,0,0,1,1,5,3,4,3,3,6,2,7,1,6,3,6,4,4,3,2,4,2,5,3,5,4,6,3,7,0,7,-1,9,1,11,2,13,3,14,4,15,6,18,8,18,8,17,9,18,11,17,12,14,10,12,9"
59.409262895584106,708,"CSI,218,128,83,49,21,0,3,-11,1,-10,0,-7,-4,-6,-7,-9,-9,-11,-12,-13,-15,-15,-15,-12,-14,-8,-13,-7,-12,-7,-10,-9,-9,-10,-6,-10,-3,-9,-2,-5,-3,-2,-2,-2,-1,-2,-2,0,-2,1,0,2,1,3,0,5,-1,1,0,0,0,0,0,0,0,0,0,0,0,0,0,0,0,0,0,0,2,0,8,2,7,0,6,-1,5,1,4,1,3,0,3,0,4,-1,4,-2,3,-2,2,-1,2,-4,3,-7,4,-9,6,-10,7,-11,8,-14,9,-15,9,-15,8,-16,9,-15,10,-13,9,-12,9,-14,9,-14,9,-12"
59.452258825302124,709,"CSI,855,128,83,49,21,0,5,-12,5,-14,5,-17,6,-17,6,-14,4,-10,4,-7,1,-4,2,-4,4,-5,2,-4,-2,-4,-3,-4,-4,-3,-4,-3,-6,-4,-10,-4,-11,-4,-10,-4,-10,-5,-8,-5,-7,-6,-6,-6,-3,-4,-3,-2,-1,-1,0,0,0,0,0,0,0,0,0,0,0,0,0,0,0,0,0,0,-1,1,-2,6,-4,5,-4,4,-2,3,-3,1,-4,2,-4,0,-2,-2,1,-2,3,-1,5,0,5,1,6,-1,7,0,7,3,9,4,9,3,8,1,7,0,7,-1,9,-1,7,0,4,0,3,-4,2,-10,0,-16"
59.489941120147705,710,"CSI,223,128,83,49,21,0,-6,7,-2,7,0,10,1,11,3,10,3,12,2,14,-2,13,-1,15,2,18,3,15,3,11,3,9,1,8,-2,6,-2,6,-1,5,-1,4,0,2,2,1,3,1,2,1,2,-1,3,-3,4,-4,1,-1,0,0,0,0,0,0,0,0,0,0,0,0,0,0,0,0,0,0,-3,1,-9,4,-10,0,-9,-1,-9,0,-9,0,-5,2,-4,2,-6,2,-5,2,-3,4,-3,4,-4,5,-5,6,-4,8,-3,11,-5,12,-9,13,-10,13,-10,14,-10,15,-12,16,-12,17,-11,16,-11,14,-12,13,-11,13"
59.69796681404114,711,"CSI,231,128,83,49,21,0,-4,-12,-4,-9,-6,-6,-9,-4,-12,-3,-13,-4,-14,-1,-16,3,-14,2,-10,-3,-8,-6,-9,-8,-9,-8,-7,-8,-5,-7,-5,-5,-4,-5,-3,-4,-4,-3,-4,-3,-2,-1,-1,-1,1,0,-1,2,-4,5,-2,1,0,0,0,0,0,0,0,0,0,0,0,0,0,0,0,0,0,0,1,-2,5,-7,5,-7,5,-7,5,-7,4,-4,3,-3,2,-5,1,-5,2,-4,1,-5,-2,-9,-3,-10,-5,-10,-6,-11,-5,-14,-5,-18,-4,-18,-3,-18,-7,-16,-9,-15,-6,-17,-3,-18,-1,-15,-1,-15,-2,-16,-4,-15"
59.79619884490967,712,"CSI,234,128,83,49,21,0,5,7,6,4,8,-1,10,-5,13,-5,13,-1,14,0,17,-5,15,-9,11,-9,12,-8,14,-6,14,-2,11,-2,8,-3,5,-2,5,-1,4,-3,3,-5,0,-5,-1,-5,0,-3,2,-2,0,-4,-3,-4,-1,-1,0,0,0,0,0,0,0,0,0,0,0,0,0,0,0,0,0,0,0,1,-1,6,-2,6,-1,6,0,6,-1,4,-1,2,-1,3,0,2,0,1,1,3,3,6,5,5,8,3,9,3,10,6,12,8,11,10,10,11,12,12,12,13,9,12,9,13,11,14,13,11,13,10,10,12"
60.00175094604492,713,"CSI,242,128,83,49,21,0,5,10,6,8,9,6,10,6,11,6,11,6,12,9,13,12,12,10,12,6,11,4,11,4,10,5,9,4,8,4,4,4,1,2,1,0,1,-2,0,-1,2,-1,2,-1,-2,-3,-4,-3,-3,-3,-1,-1,0,0,0,0,0,0,0,0,0,0,0,0,0,0,0,0,0,0,-2,0,-7,1,-9,-1,-9,-1,-8,-1,-6,1,-5,2,-5,2,-6,4,-5,4,-1,4,-1,7,-3,10,-3,11,-4,11,-6,13,-7,16,-7,17,-7,16,-6,17,-4,17,-4,17,-6,16,-8,16,-9,15,-9,14,-6,14"
60.10179781913757,714,"CSI,247,128,83,49,21,0,3,8,3,6,4,7,7,7,7,7,8,7,12,8,19,10,18,10,13,8,9,8,6,10,4,12,4,10,5,8,3,8,1,6,1,3,1,2,1,3,1,2,1,1,2,-1,3,-2,5,-2,1,-1,0,0,0,0,0,0,0,0,0,0,0,0,0,0,0,0,0,0,-1,1,-4,5,-5,6,-6,5,-5,5,-5,4,-6,2,-3,2,-1,4,0,4,0,5,2,8,3,10,3,12,4,12,3,11,2,13,2,15,2,15,3,16,1,18,-2,20,-2,20,-2,17,-2,15,-1,16,2,15"
60.2060067653656,715,"CSI,250,128,83,49,21,0,0,12,4,9,4,9,4,12,7,12,9,10,9,7,11,3,10,5,8,8,7,10,6,10,7,8,8,8,6,11,3,12,1,7,1,1,0,1,-1,1,-2,-1,-1,-3,1,-5,1,-5,0,-5,0,-2,0,0,0,0,0,0,0,0,0,0,0,0,0,0,0,0,0,0,-3,0,-8,1,-7,-1,-6,-2,-5,-2,-4,-1,-6,0,-7,1,-5,3,-3,5,-3,6,-4,7,-5,7,-5,8,-4,10,-3,14,-4,16,-3,17,-3,18,-5,18,-6,17,-6,17,-9,16,-10,14,-9,13,-8,12,-7,10"
60.41463780403137,716,"CSI,259,128,83,49,21,0,-4,-9,-6,-8,-8,-9,-11,-10,-12,-10,-13,-13,-13,-12,-11,-8,-11,-9,-11,-12,-9,-12,-9,-12,-9,-11,-8,-10,-6,-8,-5,-7,-5,-5,-5,-4,-6,-4,-6,-3,-4,-2,-4,2,-4,5,-3,5,-2,4,-1,1,0,0,0,0,0,0,0,0,0,0,0,0,0,0,0,0,0,0,2,-1,8,-4,7,-2,6,-1,5,-3,4,-4,3,-1,1,-1,-1,-2,0,-2,3,-4,3,-6,0,-8,-2,-10,-1,-10,-2,-12,-2,-14,0,-13,2,-15,5,-17,5,-19,5,-21,5,-20,5,-16,6,-15,6,-15,6,-11"
60.5141818523407,717,"CSI,263,128,83,49,21,0,10,-4,8,-3,7,-4,9,-7,10,-11,9,-14,9,-13,12,-10,15,-12,15,-16,13,-17,11,-14,11,-7,13,-4,14,-4,11,-4,7,-4,4,-3,3,-2,2,-1,1,0,-1,-1,-4,-2,-6,-4,-4,-6,-1,-2,0,0,0,0,0,0,0,0,0,0,0,0,0,0,0,0,0,0,2,0,9,0,7,0,7,1,7,1,3,0,0,0,1,0,4,0,8,-1,9,-2,6,-3,4,-3,7,-5,9,-6,9,-7,9,-8,10,-7,14,-6,16,-6,18,-7,19,-7,18,-5,19,-3,21,-2,19,-1,16,0"
60.61761689186096,718,"CSI,267,128,83,49,21,0,-9,1,-7,4,-5,8,-6,10,-4,12,-3,14,-6,13,-10,10,-10,10,-8,12,-6,13,-4,14,-4,14,-6,14,-7,12,-7,6,-7,1,-5,2,-3,2,-2,1,-2,0,0,0,3,1,6,-1,8,-2,2,-1,0,0,0,0,0,0,0,0,0,0,0,0,0,0,0,0,0,0,-2,-1,-6,-4,-7,-6,-6,-6,-5,-5,-5,-5,-6,-4,-5,-2,-4,-1,-3,-1,-3,0,-5,3,-7,5,-9,4,-11,1,-12,1,-14,2,-17,2,-19,2,-18,3,-20,5,-22,5,-20,2,-18,-1,-18,1,-17,4,-18,5"
60.720024824142456,719,"CSI,271,128,83,49,21,0,6,-4,4,-6,1,-10,-2,-13,-3,-16,-1,-17,-3,-17,-8,-13,-6,-11,-2,-13,-1,-14,1,-13,2,-12,3,-11,3,-9,2,-6,-1,-5,-3,-4,-2,-2,-2,-1,-3,-2,-4,-1,-4,2,-5,2,-6,1,-2,0,0,0,0,0,0,0,0,0,0,0,0,0,0,0,0,0,0,0,1,0,8,0,9,0,8,0,6,0,6,0,5,-1,3,-2,0,-2,1,-2,3,-2,4,-3,5,-6,4,-9,2,-9,3,-10,6,-12,8,-14,9,-15,12,-15,14,-12,13,-11,14,-12,15,-11,15,-7,14,-5,13,-6"
60.821043968200684,720,"CSI,274,128,83,49,21,0,4,12,5,10,6,6,8,3,12,5,14,5,14,8,14,13,14,9,13,5,11,5,10,3,11,4,11,5,8,4,4,5,1,5,0,3,0,0,-1,-3,-1,-4,-2,-3,-2,-3,-2,-5,-3,-6,-1,-2,0,0,0,0,0,0,0,0,0,0,0,0,0,0,0,0,0,0,-1,0,-6,-1,-9,-3,-10,-4,-10,-3,-6,-2,-4,-1,-6,1,-5,2,-3,2,-3,2,-3,3,-1,4,1,7,1,11,1,14,0,17,-1,17,-3,17,-3,18,-4,20,-6,19,-8,18,-6,19,-6,18,-5,14,-1,10"
60.92255091667175,721,"CSI,278,128,83,49,21,0,-1,6,1,8,3,11,3,10,3,7,4,8,7,9,8,6,6,6,5,10,6,10,4,10,3,11,3,8,2,8,0,10,0,7,0,4,1,4,3,3,4,2,3,0,2,-1,3,-2,6,-4,1,-1,0,0,0,0,0,0,0,0,0,0,0,0,0,0,0,0,0,0,-2,0,-7,1,-9,0,-9,-1,-7,-1,-4,0,-3,0,-4,0,-6,0,-5,1,-3,2,-1,3,-2,7,-1,10,-2,12,-4,12,-6,12,-6,13,-5,13,-6,13,-9,13,-12,14,-15,15,-15,15,-16,15,-14,14,-12,11"
60.986202001571655,722,"CSI,914,128,83,49,21,0,8,11,10,13,9,13,6,12,5,11,4,9,3,6,-2,2,-3,3,-1,6,2,6,3,3,5,-1,4,-2,4,-3,5,-4,5,-5,6,-5,8,-5,8,-3,6,-1,7,-2,7,-2,5,0,4,2,0,0,0,0,0,0,0,0,0,0,0,0,0,0,0,0,0,0,0,0,-1,-1,-4,-2,-4,-2,-4,-1,-4,0,-5,-1,-4,-1,-3,-2,-2,-1,1,0,2,0,0,1,-2,5,-2,8,-3,6,-4,5,-4,8,-6,11,-8,9,-7,6,-5,5,-4,3,-4,3,-5,4,-2,3,2,2,4,4"
61.02768087387085,723,"CSI,282,128,83,49,21,0,-6,-9,-4,-11,-3,-11,-9,-9,-13,-7,-12,-8,-12,-9,-17,-8,-17,-7,-15,-7,-12,-5,-11,-4,-11,-6,-12,-8,-11,-7,-8,-5,-6,-3,-4,-3,-1,-2,0,-1,1,0,0,1,0,2,1,3,1,5,0,1,0,0,0,0,0,0,0,0,0,0,0,0,0,0,0,0,0,0,1,-1,6,-2,7,-1,8,1,8,1,5,-1,3,-3,5,-3,3,-2,0,-5,-1,-7,-1,-7,-1,-7,0,-8,-1,-12,-1,-13,1,-12,2,-14,1,-16,1,-19,1,-21,3,-20,4,-19,6,-19,8,-17,5,-16,2,-15"
61.12884783744812,724,"CSI,286,128,83,49,21,0,-6,6,-4,9,-2,10,0,11,-1,12,-2,14,-4,14,-7,12,-7,12,-2,13,0,12,1,11,1,9,-1,7,0,6,-2,6,-3,4,-2,1,-1,0,0,1,2,0,3,-1,3,-1,4,-3,6,-5,1,-2,0,0,0,0,0,0,0,0,0,0,0,0,0,0,0,0,0,0,-1,-2,-1,-8,0,-9,-1,-8,-3,-8,-2,-8,0,-6,-1,-4,-2,-2,-4,-2,-3,0,-4,2,-8,3,-11,4,-12,5,-12,5,-13,3,-14,1,-12,3,-14,4,-17,4,-19,2,-20,1,-20,-1,-20,-3,-18,-2,-15,2"
61.23297190666199,725,"CSI,291,128,83,49,21,0,-4,-7,-7,-8,-9,-8,-10,-5,-10,-3,-13,-5,-13,-9,-9,-9,-8,-8,-9,-7,-10,-8,-11,-8,-9,-6,-8,-4,-7,-2,-6,-3,-5,-2,-4,-1,-2,-2,-3,-1,-4,1,-3,2,-1,2,-1,3,-3,5,-1,1,0,0,0,0,0,0,0,0,0,0,0,0,0,0,0,0,0,0,1,-1,7,-5,7,-5,7,-1,8,2,7,1,3,-1,1,-2,2,-2,2,-4,1,-5,1,-6,1,-8,-1,-9,-2,-11,-3,-13,-6,-16,-4,-17,-2,-17,-1,-18,-2,-18,-3,-18,-2,-15,2,-14,3,-17,3,-17,3,-16"
61.33515501022339,726,"CSI,294,128,83,49,21,0,-3,-7,-4,-4,-7,-1,-11,1,-11,3,-10,6,-12,5,-15,1,-13,1,-12,2,-14,3,-14,4,-12,3,-12,2,-12,1,-9,0,-5,0,-2,1,-2,0,-2,1,-1,2,0,1,0,0,1,0,4,1,1,0,0,0,0,0,0,0,0,0,0,0,0,0,0,0,0,0,0,0,2,-2,9,-5,7,-6,6,-5,7,-3,7,-2,5,-1,2,-2,0,-4,-2,-4,-5,-4,-8,-6,-8,-9,-7,-10,-8,-12,-7,-15,-5,-14,-6,-14,-9,-14,-11,-14,-9,-14,-6,-14,-7,-16,-6,-19,-5,-19,-8,-17,-10,-14"
61.436063051223755,727,"CSI,299,128,83,49,21,0,-4,-8,-6,-9,-8,-7,-9,-6,-9,-7,-8,-7,-11,-8,-15,-11,-13,-8,-11,-4,-12,-1,-12,1,-12,-2,-12,-6,-12,-7,-9,-6,-5,-5,-3,-3,-3,-1,-3,0,0,1,2,0,2,0,2,2,3,3,0,1,0,0,0,0,0,0,0,0,0,0,0,0,0,0,0,0,0,0,2,0,8,1,10,2,9,4,5,5,5,4,6,3,3,1,1,0,2,-2,1,-5,1,-6,1,-7,0,-10,1,-12,3,-12,5,-15,7,-18,8,-17,8,-17,8,-17,9,-17,10,-18,9,-17,6,-16,5,-14,4,-14"
61.5401828289032,728,"CSI,303,128,83,49,21,0,-9,-1,-8,1,-9,2,-8,5,-7,6,-8,6,-9,7,-12,8,-12,10,-7,12,-5,11,-9,8,-10,7,-8,7,-7,6,-8,3,-8,1,-5,0,-3,-1,-2,-1,-2,0,-1,1,2,-1,4,-2,5,0,1,0,0,0,0,0,0,0,0,0,0,0,0,0,0,0,0,0,0,0,-1,-2,-3,-7,-1,-6,2,-7,1,-8,0,-7,0,-6,-1,-4,-1,-2,-3,-2,-6,-2,-7,-2,-8,-1,-12,-1,-14,0,-15,-1,-17,-4,-17,-8,-15,-8,-15,-8,-15,-8,-14,-10,-14,-12,-15,-11,-15,-8,-13,-6,-10,-3"
61.84245300292969,729,"CSI,314,128,83,49,21,0,8,8,9,7,8,5,8,1,9,0,11,3,11,1,10,-2,9,0,10,2,10,2,11,3,11,2,10,1,10,5,9,7,6,5,4,2,0,-1,-2,0,-1,1,-1,-1,-2,-3,-2,-4,-2,-7,-1,-3,0,0,0,0,0,0,0,0,0,0,0,0,0,0,0,0,0,0,1,2,3,7,2,5,1,4,0,4,-1,5,1,5,3,5,3,5,2,3,3,3,6,3,9,5,10,7,10,9,12,10,12,9,8,8,7,9,9,11,11,13,12,15,10,15,8,13,6,13,6,13,8,13"
61.945651054382324,730,"CSI,318,128,83,49,21,0,7,4,7,3,8,2,9,1,9,0,10,-5,12,-4,11,1,11,-1,12,-5,11,-4,11,-2,11,0,9,0,8,0,7,1,5,-1,4,-2,3,-2,1,-1,1,-1,-1,-4,-4,-5,-5,-5,-6,-3,-2,-1,0,0,0,0,0,0,0,0,0,0,0,0,0,0,0,0,0,0,1,1,4,7,3,7,1,6,-2,5,-2,6,-1,6,0,4,2,2,4,1,4,1,4,1,7,3,10,4,9,6,7,9,12,9,17,9,17,11,16,13,15,13,14,13,12,11,13,10,12,13,12,12,14,7"
61.975687980651855,731,"CSI,1173,128,77,-47,20,0,6,11,8,11,8,7,8,1,9,0,9,3,14,3,18,1,14,0,11,1,12,1,10,2,9,3,10,3,10,3,8,2,4,1,2,1,2,2,1,0,0,-1,-1,-2,-1,-5,-2,-8,-3,-10,-1,-3,0,0,0,0,0,0,0,0,0,0,0,0,0,0,0,0,0,0,-2,2,-5,10,-4,7,-4,4,-5,4,-3,4,-1,4,0,3,2,3,4,5,6,6,7,6,8,8,9,9,9,10,11,12,11,13,9,14,8,15,9,16,10,18,10,20,9,20,8,17,6,15,5,17,6,19"
62.05304002761841,732,"CSI,323,128,83,49,21,0,-10,1,-11,7,-11,8,-9,8,-9,9,-9,11,-6,11,-3,8,-4,9,-7,11,-10,9,-11,7,-10,6,-7,7,-6,5,-6,1,-6,0,-6,-1,-5,-2,-3,-1,-1,0,0,0,1,0,4,-1,5,-1,1,-1,0,0,0,0,0,0,0,0,0,0,0,0,0,0,0,0,0,0,-2,-3,-6,-10,-4,-8,-3,-7,-3,-6,-2,-5,0,-4,-2,-6,-4,-8,-5,-6,-6,-2,-8,-1,-10,-2,-11,-2,-11,-2,-15,-2,-18,-1,-18,-2,-19,-2,-21,-1,-22,-4,-22,-9,-22,-11,-21,-11,-19,-10,-16,-8,-15,-4"
62.15317988395691,733,"CSI,327,128,83,49,21,0,-4,8,1,5,6,5,8,6,9,6,11,6,13,5,13,0,11,-1,10,2,11,4,12,4,13,4,9,3,8,2,9,2,5,3,0,1,-1,-2,0,-2,0,-3,-2,-4,-4,-4,-4,-4,-4,-5,-1,-2,0,0,0,0,0,0,0,0,0,0,0,0,0,0,0,0,0,0,-2,-2,-6,-6,-5,-7,-4,-6,-4,-3,-5,-2,-6,-3,-5,-2,-4,-1,-5,-2,-5,0,-5,4,-7,8,-6,10,-5,10,-6,11,-9,13,-11,14,-12,15,-13,17,-12,20,-13,21,-14,20,-15,17,-15,13,-13,13,-12,12"
62.26111912727356,734,"CSI,331,128,83,49,21,0,6,-8,3,-11,0,-12,-4,-12,-7,-13,-9,-12,-6,-15,-2,-20,-5,-19,-10,-16,-9,-13,-7,-10,-6,-10,-6,-10,-6,-10,-4,-10,-1,-9,-1,-6,-3,-2,-5,-1,-4,-1,-2,3,-1,5,-1,5,-2,4,-1,1,0,0,0,0,0,0,0,0,0,0,0,0,0,0,0,0,0,0,1,-1,5,0,6,1,5,3,4,2,3,2,3,0,2,-2,3,-3,5,-3,4,-4,3,-5,3,-7,5,-10,7,-12,8,-12,8,-15,10,-17,10,-16,11,-17,15,-17,18,-15,16,-12,13,-14,13,-17,13,-15,10,-13"
62.31745171546936,735,"CSI,966,128,83,49,21,0,-18,1,-18,-1,-18,0,-18,2,-15,4,-12,2,-9,-1,-4,-2,-4,-2,-7,-2,-6,-1,-2,-1,2,1,4,5,7,6,7,5,6,3,7,3,8,4,8,5,7,6,7,5,7,4,6,4,3,3,0,0,0,0,0,0,0,0,0,0,0,0,0,0,0,0,0,0,0,0,-1,1,-4,4,-4,4,-3,3,-3,3,-4,2,-1,1,0,1,0,1,0,0,0,-1,1,-3,2,-4,2,-4,1,-5,4,-6,7,-8,6,-6,6,-5,6,-6,3,-6,3,-6,4,-5,1,-3,-4,-2,-5,-2,-3,-1"
62.356894969940186,736,"CSI,335,128,83,49,21,0,9,3,11,-2,10,-5,11,-4,11,-5,11,-6,11,-5,9,-2,9,0,11,-1,12,-2,12,-4,11,-4,10,-1,10,0,8,0,1,-1,-1,-2,-1,-1,-1,-1,-1,-1,-1,-1,-1,-2,-2,-4,-3,-4,-1,-1,0,0,0,0,0,0,0,0,0,0,0,0,0,0,0,0,0,0,0,0,1,4,-1,6,-3,6,-3,6,-1,5,3,3,5,3,4,4,3,4,6,5,8,5,8,4,9,3,12,3,13,5,15,8,18,10,19,10,18,11,14,12,13,12,14,14,14,15,13,14,12,14,11,16"
62.421305894851685,737,"CSI,970,128,83,49,21,0,-6,-10,-8,-12,-9,-15,-9,-16,-6,-14,-4,-14,-2,-10,2,-3,1,-3,-2,-7,-4,-6,-5,-1,-5,2,-5,1,-7,1,-9,2,-10,2,-13,3,-12,4,-10,5,-8,3,-8,2,-10,3,-10,3,-8,1,-2,0,0,0,0,0,0,0,0,0,0,0,0,0,0,0,0,0,0,0,0,0,1,3,1,3,0,1,0,1,2,2,3,2,3,1,2,2,2,1,3,-1,4,-2,4,-4,5,-4,7,-3,7,-4,7,-4,6,-2,7,-3,7,-6,6,-4,5,1,3,1,0,-3,-1,-3,-3,-4,-4,-10"
62.56529903411865,738,"CSI,343,128,83,49,21,0,-3,-11,-7,-9,-10,-6,-11,-3,-9,-2,-11,-2,-13,-5,-13,-10,-14,-8,-15,-4,-13,-3,-13,-4,-11,-6,-8,-7,-7,-6,-6,-5,-4,-4,-2,-3,-1,-2,-2,-2,-2,-1,-1,0,0,2,2,3,4,4,1,1,0,0,0,0,0,0,0,0,0,0,0,0,0,0,0,0,0,0,0,-2,2,-8,5,-7,6,-5,5,-4,4,-3,2,-3,1,-4,1,-6,1,-7,-1,-6,-3,-7,-3,-7,-2,-8,-5,-12,-9,-15,-10,-15,-8,-16,-3,-17,-3,-17,-4,-19,-4,-19,-4,-19,-4,-19,-2,-18,0,-15,0,-14"
62.66675090789795,739,"CSI,347,128,83,49,21,0,2,-10,0,-10,-2,-13,-3,-12,-5,-12,-6,-12,-11,-10,-17,-11,-17,-12,-14,-11,-12,-9,-8,-9,-6,-8,-5,-7,-4,-8,-5,-10,-5,-7,-3,-4,-3,-2,-3,-2,-3,-1,-1,1,-1,4,-3,5,-4,4,-1,1,0,0,0,0,0,0,0,0,0,0,0,0,0,0,0,0,0,0,0,-1,3,-1,5,2,6,5,3,6,2,4,2,1,1,0,2,0,3,-1,3,-4,6,-6,7,-8,7,-9,9,-10,10,-11,10,-11,11,-11,14,-12,16,-16,17,-14,16,-9,13,-10,11,-14,9,-16,8,-14,9,-13"
62.76535987854004,740,"CSI,351,128,83,49,21,0,9,-4,6,-6,4,-8,3,-7,1,-8,1,-11,2,-11,1,-7,3,-7,5,-8,4,-9,0,-12,0,-13,3,-11,3,-11,2,-9,0,-6,0,-3,0,-1,-1,0,-1,1,-1,0,-2,2,-4,3,-5,1,-2,0,0,0,0,0,0,0,0,0,0,0,0,0,0,0,0,0,0,0,1,0,5,4,4,5,3,6,2,7,0,5,-2,3,0,1,2,1,3,0,5,1,9,0,10,-2,10,-3,13,-4,16,-3,16,-3,15,-3,16,-4,18,-2,17,0,15,0,16,3,18,4,18,1,17,-1,17,-2"
62.87084984779358,741,"CSI,354,128,83,49,21,0,1,-12,-4,-8,-4,-6,-3,-6,-5,-6,-6,-8,-5,-10,-4,-8,-4,-8,-4,-11,-5,-12,-5,-12,-4,-12,-2,-10,-3,-5,-4,-2,-5,0,-3,0,-2,0,-1,-2,-2,-2,-3,0,-3,2,-3,4,-2,6,-1,1,0,0,0,0,0,0,0,0,0,0,0,0,0,0,0,0,0,0,2,-1,9,-3,8,-2,5,0,3,0,3,0,4,-2,3,-3,2,-4,0,-5,2,-5,4,-6,3,-10,5,-14,7,-15,7,-13,8,-12,9,-13,8,-14,10,-14,10,-15,9,-16,13,-15,15,-12,13,-13,11,-13,8,-9"
62.97309494018555,742,"CSI,358,128,83,49,21,0,-6,5,-4,7,-4,8,-7,8,-6,10,-3,11,-2,9,0,6,-1,9,-3,14,-3,13,-2,11,-1,10,-2,8,-3,5,-3,3,-1,2,1,2,0,2,0,1,1,1,3,-2,3,-3,1,-2,0,-3,0,-1,0,0,0,0,0,0,0,0,0,0,0,0,0,0,0,0,0,0,-1,-3,-1,-11,1,-10,2,-6,2,-3,2,-3,0,-2,-1,-2,0,-4,0,-5,-4,-4,-8,-4,-10,-4,-12,-2,-14,-1,-16,-2,-17,-3,-18,-3,-17,-4,-17,-5,-20,-7,-20,-8,-15,-8,-14,-7,-15,-5,-15,-4,-12,-4"
63.07509779930115,743,"CSI,363,128,83,49,21,0,1,-6,-2,-8,-2,-12,-3,-13,-6,-12,-7,-13,-8,-12,-8,-8,-5,-9,-1,-13,-2,-13,0,-13,2,-13,1,-10,0,-8,2,-6,2,-5,0,-3,0,1,-1,1,-2,-1,-1,0,-3,2,-5,2,-6,2,-2,0,0,0,0,0,0,0,0,0,0,0,0,0,0,0,0,0,0,0,3,-1,10,-1,6,0,6,2,4,4,2,3,4,1,5,-2,4,-2,2,-2,3,-3,3,-4,3,-6,3,-8,6,-9,9,-10,10,-11,10,-13,12,-13,12,-12,11,-13,12,-14,12,-12,11,-9,11,-7,12,-8,13,-9"
63.177976846694946,744,"CSI,367,128,83,49,21,0,-4,0,-5,5,-6,8,-4,9,-4,11,-5,12,1,12,5,14,3,13,2,12,0,10,-3,9,-1,10,0,9,-1,6,-3,4,-3,2,1,-1,3,-2,1,-1,0,1,2,1,4,-2,4,-5,3,-5,0,-2,0,0,0,0,0,0,0,0,0,0,0,0,0,0,0,0,0,0,0,-2,2,-6,4,-4,6,-3,6,-4,6,-2,4,0,2,0,0,0,-4,-2,-5,-5,-4,-6,-5,-7,-8,-8,-11,-8,-11,-10,-11,-11,-14,-12,-17,-13,-18,-14,-18,-14,-16,-13,-14,-13,-14,-14,-13,-13,-11,-12,-9,-11"
63.24139094352722,745,"CSI,1002,128,83,49,21,0,4,-13,4,-15,6,-16,7,-15,10,-14,10,-12,8,-7,6,-3,3,-6,2,-10,3,-8,0,-6,-3,-5,-4,-4,-5,-1,-6,-2,-6,-5,-7,-6,-6,-5,-6,-7,-8,-8,-7,-7,-6,-5,-5,-4,-4,-6,-1,-2,0,0,0,0,0,0,0,0,0,0,0,0,0,0,0,0,0,0,-1,1,-2,5,-4,6,-3,6,-3,5,-3,3,-2,1,-1,2,-2,3,-1,3,2,0,5,-1,5,0,6,-1,6,-2,8,-1,11,1,11,4,12,5,14,3,12,1,10,-1,8,-2,6,-1,5,-3,5,-7,6,-10"
63.34400296211243,746,"CSI,1006,128,83,49,21,0,17,0,19,1,19,0,18,-3,17,-3,15,-2,10,-2,4,-2,3,-3,4,-2,3,-1,3,-1,2,-3,-3,-5,-5,-8,-4,-8,-3,-8,-3,-6,-6,-6,-8,-9,-9,-9,-7,-7,-5,-6,-3,-7,0,-7,0,-2,0,0,0,0,0,0,0,0,0,0,0,0,0,0,0,0,0,0,-1,-2,-1,-8,-1,-6,-1,-3,-3,-2,-3,-3,-2,-3,-3,-2,-3,-2,-1,-2,-1,0,-2,2,-1,3,-1,5,0,6,-1,8,-2,9,-3,10,-2,12,-3,11,-4,8,-3,8,-1,9,2,5,3,0,4,0,6,1"
63.38051891326904,747,"CSI,375,128,83,49,21,0,-1,5,0,5,1,8,1,10,1,11,4,11,5,10,2,8,1,9,3,11,4,10,3,10,3,11,2,9,2,7,2,6,1,4,-1,1,-2,-1,0,-3,2,-3,2,-2,1,-2,2,-3,3,-1,0,0,0,0,0,0,0,0,0,0,0,0,0,0,0,0,0,0,0,0,-1,-3,-1,-10,-1,-9,-1,-8,0,-7,1,-8,2,-6,1,-1,-2,0,-2,-2,-3,0,-6,2,-9,2,-10,1,-11,1,-13,1,-15,1,-15,2,-15,3,-16,2,-19,1,-20,3,-18,2,-16,0,-15,2,-13,2,-13,2"
63.48395299911499,748,"CSI,378,128,83,49,21,0,-3,6,-1,7,1,11,2,13,3,11,5,13,2,16,-3,17,-1,18,3,16,3,13,1,11,0,10,-1,8,-2,5,-2,4,0,6,2,6,4,2,5,1,2,1,1,0,2,0,3,-1,3,-3,0,-1,0,0,0,0,0,0,0,0,0,0,0,0,0,0,0,0,0,0,-2,1,-8,3,-9,0,-8,-2,-5,-3,-4,-3,-5,-2,-5,-2,-3,-1,-1,2,1,4,-1,4,-3,7,-4,8,-5,8,-8,10,-13,13,-14,14,-12,15,-11,16,-15,14,-17,12,-17,10,-18,11,-19,11,-15,11,-11,14"
63.5471088886261,749,"CSI,1015,128,83,49,21,0,0,18,-2,16,-5,16,-5,19,-3,18,-7,15,-6,12,1,8,2,5,-1,4,-2,5,-1,5,3,4,4,4,5,5,7,7,7,5,7,3,9,2,10,3,8,4,6,4,4,6,2,7,0,6,-1,1,0,0,0,0,0,0,0,0,0,0,0,0,0,0,0,0,0,0,-1,-1,-1,-3,-3,-4,-2,-5,-2,-5,-3,-4,-4,-3,-3,-2,-2,-1,-2,-1,-2,0,-2,0,-3,0,-5,2,-5,4,-6,4,-9,4,-10,4,-10,2,-11,2,-11,4,-9,4,-5,1,-4,1,-4,5,-3,8,-4,7"
63.58488082885742,750,"CSI,383,128,83,49,21,0,4,1,4,1,4,-3,3,-8,5,-10,7,-12,8,-11,9,-7,11,-9,12,-12,10,-11,8,-9,7,-7,7,-5,7,-4,6,-3,3,-1,0,-2,-2,-3,-2,-4,-2,-4,-2,-3,-2,-1,-4,-1,-7,0,-3,0,0,0,0,0,0,0,0,0,0,0,0,0,0,0,0,0,0,0,-1,1,-1,5,-1,6,-3,6,-4,6,-2,4,0,3,1,2,3,1,3,1,2,2,6,2,9,2,9,4,11,7,14,8,13,9,12,10,11,9,11,11,13,12,14,12,12,13,10,13,9,13,9,9,8,3"
63.79123497009277,751,"CSI,391,128,83,49,21,0,-6,2,-2,7,0,8,2,9,3,10,4,12,3,11,0,9,-1,10,0,13,0,13,-2,11,-1,11,0,9,1,6,2,5,2,4,1,1,3,-1,5,0,3,0,2,-1,3,-2,4,-3,4,-5,1,-2,0,0,0,0,0,0,0,0,0,0,0,0,0,0,0,0,0,0,0,-3,0,-9,2,-9,3,-9,4,-9,3,-7,0,-3,-2,-2,-2,-4,-2,-5,-3,-4,-6,-3,-9,-2,-11,-1,-12,-1,-14,-2,-16,-3,-17,-4,-17,-3,-17,-3,-17,-5,-17,-6,-17,-5,-16,-5,-15,-4,-14,-5,-14,-7"
63.85760807991028,752,"CSI,1027,128,83,49,21,0,-15,3,-16,2,-15,-2,-14,-5,-15,-5,-13,-5,-10,-1,-7,4,-4,0,-5,-6,-7,-4,-7,-2,-7,0,-9,4,-8,5,-8,4,-9,4,-9,6,-9,6,-10,5,-10,1,-7,-1,-6,-2,-6,-2,-6,-4,-2,-1,0,0,0,0,0,0,0,0,0,0,0,0,0,0,0,0,0,0,-2,0,-4,-1,-4,-4,-4,-7,-4,-6,-3,-4,-1,-3,0,-2,-2,-2,-3,-3,-3,-2,-5,1,-7,2,-9,3,-8,2,-9,-1,-10,-2,-11,-3,-10,-4,-9,-4,-10,-6,-10,-7,-8,-4,-6,0,-5,2,-8,3,-12,7"
63.89464092254639,753,"CSI,394,128,83,49,21,0,-5,1,-3,4,-3,9,-6,11,-7,11,-6,11,-7,13,-8,16,-6,18,-5,14,-4,10,-3,9,-4,9,-4,10,-3,8,-3,4,-2,4,1,6,3,4,3,1,2,1,3,0,3,-2,4,0,5,2,1,0,0,0,0,0,0,0,0,0,0,0,0,0,0,0,0,0,0,0,0,-2,1,-7,4,-6,5,-3,2,-4,-1,-4,0,-2,1,-2,-1,-3,-1,-2,-2,0,-7,1,-9,0,-11,-2,-13,-4,-14,-8,-15,-10,-15,-10,-14,-10,-13,-10,-13,-9,-15,-10,-16,-10,-17,-9,-15,-8,-13,-6,-15,-4"
64.09913682937622,754,"CSI,403,128,83,49,21,0,0,5,4,6,5,7,8,8,11,7,10,7,6,8,4,5,8,4,13,7,15,7,15,8,13,7,9,6,6,6,4,3,3,1,4,1,4,0,1,-1,0,-2,1,-2,1,-3,0,-4,-1,-4,-1,-1,0,0,0,0,0,0,0,0,0,0,0,0,0,0,0,0,0,0,-3,-1,-9,-3,-9,-3,-7,-3,-4,-3,-2,-3,-2,-3,-4,-2,-6,-1,-7,2,-6,7,-5,8,-5,7,-3,11,-3,14,-6,15,-11,16,-14,14,-15,12,-14,12,-12,12,-10,11,-11,11,-12,12,-10,12,-5,13,-5,11"
64.2002158164978,755,"CSI,406,128,83,49,21,0,-1,8,0,10,0,11,2,9,7,7,8,8,6,11,6,8,8,7,9,8,7,8,8,9,8,10,7,7,7,7,6,7,2,5,2,2,4,0,4,-1,2,0,-1,-3,-1,-6,0,-7,-1,-7,-1,-2,0,0,0,0,0,0,0,0,0,0,0,0,0,0,0,0,0,0,-3,-3,-10,-11,-8,-12,-5,-11,-3,-8,-3,-5,-3,-5,-3,-5,-3,-3,-2,-2,-4,-1,-5,0,-6,2,-10,3,-13,3,-13,2,-12,3,-15,4,-19,4,-20,4,-17,4,-16,5,-16,5,-15,4,-13,6,-10,6,-8,5"
64.30076384544373,756,"CSI,410,128,83,49,21,0,9,3,11,1,13,2,14,4,12,2,10,0,12,2,14,4,16,-1,16,-5,15,-5,13,-5,11,-3,10,0,10,1,9,2,6,2,2,3,-2,2,0,0,2,-4,1,-5,-2,-5,-2,-5,-1,-7,0,-2,0,0,0,0,0,0,0,0,0,0,0,0,0,0,0,0,0,0,-2,1,-8,6,-8,4,-7,4,-6,5,-5,4,-4,4,-4,4,-4,2,-2,3,1,4,2,3,4,5,7,7,8,8,8,12,7,14,6,13,3,13,2,14,5,12,7,12,6,14,4,15,2,13,2,10,5,10"
64.40834784507751,757,"CSI,415,128,83,49,21,0,-9,-3,-9,-2,-9,3,-10,6,-12,7,-14,6,-15,7,-15,11,-13,12,-10,9,-11,6,-12,4,-11,3,-11,4,-12,3,-11,0,-8,-1,-5,0,-3,2,-3,2,-1,1,0,1,1,3,2,4,0,3,-1,0,0,0,0,0,0,0,0,0,0,0,0,0,0,0,0,0,0,0,-2,-2,-6,-9,-5,-10,-4,-9,-2,-9,-2,-10,-3,-8,-3,-5,-3,-4,-5,-5,-6,-5,-9,-2,-11,0,-9,-1,-10,-3,-12,-4,-16,-7,-17,-7,-15,-7,-15,-7,-17,-8,-18,-10,-17,-9,-15,-10,-15,-10,-15,-8,-15,-8"
64.51067090034485,758,"CSI,419,128,83,49,21,0,-4,-7,-8,-5,-11,-4,-10,-4,-10,-2,-13,-1,-14,-2,-12,-3,-12,-4,-15,-4,-17,-4,-17,-6,-12,-6,-10,-7,-10,-5,-8,-2,-6,0,-5,0,-5,1,-3,1,-2,2,-1,1,2,2,2,4,1,5,0,1,0,0,0,0,0,0,0,0,0,0,0,0,0,0,0,0,0,0,1,-2,5,-6,6,-6,5,-5,4,-4,3,-4,3,-4,3,-5,2,-5,1,-6,-3,-8,-5,-9,-4,-9,-2,-11,-3,-13,-4,-15,-5,-17,-5,-15,-6,-12,-6,-14,-3,-17,-2,-17,-5,-18,-6,-20,-4,-20,-3,-19,-5,-21"
64.60825896263123,759,"CSI,422,128,83,49,21,0,6,5,9,1,9,-3,8,-5,11,-5,12,-3,11,-4,12,-9,11,-9,11,-4,12,-2,11,-2,11,-2,9,1,7,1,7,1,5,1,2,0,1,-2,1,-2,1,-3,0,-3,-1,-5,-1,-5,1,-5,0,-1,0,0,0,0,0,0,0,0,0,0,0,0,0,0,0,0,0,0,0,1,1,6,1,8,-1,8,0,7,0,4,-2,1,-2,2,0,4,4,5,7,3,7,2,6,3,7,6,7,6,7,6,10,8,11,10,11,10,10,11,10,12,12,12,13,13,12,12,12,10,13,10,16,14"
64.7134370803833,760,"CSI,427,128,83,49,21,0,6,-7,3,-8,0,-10,-2,-10,-3,-11,-4,-14,-6,-12,-7,-8,-6,-9,-3,-11,-2,-13,-3,-14,-2,-12,0,-11,0,-10,1,-9,2,-5,2,-2,0,-1,-3,-3,-5,-5,-4,-3,-2,-1,-1,2,-2,2,-1,0,0,0,0,0,0,0,0,0,0,0,0,0,0,0,0,0,0,0,2,1,8,4,8,5,8,5,8,6,6,6,5,4,4,2,3,0,3,-1,5,-3,6,-6,7,-7,10,-8,13,-6,14,-6,15,-6,14,-5,12,-6,11,-8,11,-11,12,-12,14,-11,16,-10,15,-9,11,-8,11,-8"
64.91627097129822,761,"CSI,435,128,83,49,21,0,10,4,11,2,10,0,9,-2,9,-5,7,-7,8,-11,12,-15,12,-15,10,-13,8,-7,9,-3,11,-7,10,-7,9,-5,10,-2,7,-2,3,-3,1,-3,0,-1,0,-2,0,-2,-1,-2,-2,-3,-2,-3,-1,-1,0,0,0,0,0,0,0,0,0,0,0,0,0,0,0,0,0,0,0,2,0,8,-2,9,-4,10,-6,9,-5,6,-1,5,1,3,1,3,2,6,3,7,5,6,10,5,11,6,10,7,9,8,11,11,11,12,10,10,12,8,12,8,11,9,10,9,9,8,10,8,13,9,15,11"
65.02109599113464,762,"CSI,438,128,83,49,21,0,7,-9,5,-8,3,-9,1,-10,0,-8,-1,-6,-4,-9,-10,-13,-11,-11,-7,-10,-4,-12,-2,-14,-2,-14,-1,-11,3,-10,4,-10,3,-7,3,-2,1,0,-1,-2,-2,-3,-2,-2,-2,1,-3,2,-7,1,-2,0,0,0,0,0,0,0,0,0,0,0,0,0,0,0,0,0,0,0,2,0,10,1,9,2,8,3,8,3,6,3,2,3,2,1,6,-1,7,-2,5,-3,6,-5,5,-6,5,-8,7,-10,12,-9,14,-9,15,-10,16,-10,16,-10,15,-10,16,-12,16,-13,13,-12,11,-13,11,-13,10,-12"
65.12293100357056,763,"CSI,442,128,83,49,21,0,8,-4,6,-7,3,-8,0,-8,-2,-8,-5,-8,-6,-8,-5,-7,-2,-10,-1,-13,0,-12,1,-11,1,-13,1,-15,2,-14,2,-12,3,-9,3,-5,1,-3,-2,-2,-1,-1,1,0,-2,0,-7,1,-8,3,-2,0,0,0,0,0,0,0,0,0,0,0,0,0,0,0,0,0,0,0,2,-1,10,-2,10,1,10,4,8,4,8,2,7,1,6,0,6,0,8,-3,7,-3,5,-3,7,-6,8,-9,9,-9,10,-9,11,-10,11,-11,13,-11,15,-13,13,-14,10,-13,9,-11,11,-12,15,-12,14,-10,13,-10"
65.226891040802,764,"CSI,447,128,83,49,21,0,3,-10,0,-10,-4,-9,-6,-7,-6,-7,-5,-7,-7,-6,-7,-3,-6,-5,-7,-11,-8,-15,-7,-14,-4,-11,-3,-11,-3,-11,-3,-10,-3,-8,-1,-5,0,-3,0,-3,2,-3,1,-1,-1,1,-2,1,-2,-1,-1,-1,0,0,0,0,0,0,0,0,0,0,0,0,0,0,0,0,0,0,0,-2,2,-9,2,-9,4,-10,5,-8,5,-5,3,-5,2,-6,1,-7,0,-8,0,-9,-2,-9,-5,-9,-4,-11,-2,-13,-3,-14,-4,-15,0,-15,0,-15,-1,-14,1,-15,1,-16,1,-17,3,-16,4,-16,2,-16,-1,-14"
65.3250379562378,765,"CSI,451,128,83,49,21,0,5,6,5,3,6,1,4,-1,5,-3,8,-6,8,-8,9,-12,10,-10,11,-5,11,-4,11,-5,12,-5,11,-5,10,-2,10,1,9,1,8,-1,7,0,5,0,2,-1,-1,-2,0,-2,0,-3,0,-4,0,-2,0,0,0,0,0,0,0,0,0,0,0,0,0,0,0,0,0,0,-1,1,-2,6,0,7,0,8,-1,8,0,8,0,7,1,5,3,5,3,5,2,4,4,4,6,3,7,6,8,8,9,8,10,8,11,10,10,12,10,11,11,10,14,10,13,12,11,13,13,14,14,13,11,12"
65.43261909484863,766,"CSI,455,128,83,49,21,0,-8,-10,-8,-10,-8,-5,-9,-1,-12,0,-11,1,-12,2,-17,0,-18,3,-15,5,-15,5,-15,5,-11,2,-8,0,-9,0,-10,0,-6,-2,-3,-3,-3,-2,-3,-1,-2,-1,0,-2,2,-1,3,3,4,6,1,1,0,0,0,0,0,0,0,0,0,0,0,0,0,0,0,0,0,0,-1,-3,-1,-10,2,-10,3,-9,3,-7,4,-5,2,-5,1,-4,3,-5,0,-6,-4,-6,-6,-7,-7,-9,-8,-11,-7,-12,-8,-14,-10,-15,-11,-16,-9,-16,-9,-14,-10,-12,-12,-12,-13,-11,-12,-13,-12,-15,-14,-14,-14,-16"
65.53205800056458,767,"CSI,458,128,83,49,21,0,-6,8,-7,8,-6,8,-3,9,0,11,3,11,6,13,8,17,7,17,4,15,2,14,2,12,3,12,2,13,-1,12,-2,9,-3,8,-3,7,-3,4,-2,2,-1,1,0,0,2,-1,3,-2,4,-2,1,-1,0,0,0,0,0,0,0,0,0,0,0,0,0,0,0,0,0,0,-2,0,-8,2,-11,2,-11,-1,-8,-4,-7,-5,-5,-2,-3,0,-2,0,-5,1,-7,1,-8,2,-8,4,-8,5,-7,5,-9,7,-10,9,-10,10,-11,11,-13,13,-14,13,-12,11,-12,10,-14,12,-13,14,-10,13,-10,10"
65.63452386856079,768,"CSI,462,128,83,49,21,0,-12,5,-6,8,-6,8,-8,8,-7,9,-4,9,0,11,4,15,1,16,-3,15,-6,15,-7,12,-6,11,-7,11,-8,10,-6,8,-5,6,-6,4,-5,4,-1,4,1,2,2,0,2,-1,3,-2,4,0,1,0,0,0,0,0,0,0,0,0,0,0,0,0,0,0,0,0,0,0,-2,0,-8,0,-9,-3,-10,-3,-10,-3,-8,-3,-5,-2,-4,-4,-5,-3,-7,1,-6,3,-7,4,-8,6,-9,7,-9,7,-10,7,-13,7,-15,8,-14,9,-14,8,-15,8,-16,9,-17,10,-17,7,-20,5,-22,6,-22,7"
65.73381781578064,769,"CSI,466,128,83,49,21,0,5,10,6,8,5,8,6,7,10,4,11,3,12,1,14,-2,14,-2,12,2,11,3,10,5,10,6,8,4,7,4,7,6,6,6,4,4,2,0,0,0,-1,3,-1,2,0,-1,0,-5,-1,-6,-1,-2,0,0,0,0,0,0,0,0,0,0,0,0,0,0,0,0,0,0,-1,2,-2,11,-4,10,-6,8,-6,7,-3,6,-1,5,-1,1,0,0,0,2,1,3,5,4,7,5,7,7,7,9,8,11,8,12,8,13,7,14,6,15,6,14,6,14,4,16,6,19,7,21,6,19,5,14"
65.84227895736694,770,"CSI,471,128,83,49,21,0,-12,-6,-9,-3,-8,0,-8,2,-7,6,-6,9,-10,11,-17,12,-16,12,-11,12,-10,11,-9,9,-10,6,-11,6,-10,8,-8,8,-9,4,-7,1,-3,-1,-1,-1,-1,-1,1,-1,3,-1,4,1,5,2,1,0,0,0,0,0,0,0,0,0,0,0,0,0,0,0,0,0,0,0,0,-2,1,-8,3,-10,5,-10,6,-9,5,-6,2,-3,0,-3,-1,-4,-1,-3,-2,-3,-6,-4,-10,-5,-10,-5,-9,-8,-9,-10,-11,-11,-13,-11,-14,-12,-15,-14,-16,-14,-15,-13,-17,-11,-18,-12,-16,-14,-17,-13,-18,-12"
65.94134783744812,771,"CSI,475,128,83,49,21,0,8,-8,6,-9,4,-10,3,-9,1,-9,1,-10,1,-10,-2,-10,-1,-12,3,-14,4,-15,6,-15,6,-14,4,-12,4,-9,5,-10,4,-10,2,-6,2,-5,3,-5,3,-4,1,-2,-2,1,-5,1,-7,0,-2,0,0,0,0,0,0,0,0,0,0,0,0,0,0,0,0,0,0,0,2,-2,8,-3,7,1,7,4,6,5,5,5,3,4,4,3,4,1,5,0,6,-2,6,-5,8,-6,10,-6,11,-8,11,-9,13,-8,13,-6,13,-5,15,-6,17,-7,17,-7,20,-7,22,-8,20,-8,20,-9,19,-11"
66.04459285736084,772,"CSI,479,128,83,49,21,0,-10,4,-9,6,-7,7,-6,7,-6,7,-6,8,-3,10,1,12,0,12,-3,12,-4,12,-5,12,-4,12,-3,13,-2,13,-2,10,-3,6,-4,5,-2,5,-1,3,-2,0,-1,0,0,-1,4,-1,7,0,2,0,0,0,0,0,0,0,0,0,0,0,0,0,0,0,0,0,0,0,-2,-1,-8,-5,-7,-7,-5,-7,-4,-8,-3,-8,-4,-6,-3,-5,0,-4,-3,-3,-8,-3,-9,-1,-9,2,-11,2,-12,3,-13,4,-16,5,-16,4,-15,2,-14,2,-17,4,-20,3,-21,1,-21,-1,-20,0,-19,3,-18,3"
66.14903783798218,773,"CSI,483,128,83,49,21,0,8,-13,5,-13,2,-11,2,-9,0,-9,-3,-10,-4,-14,-8,-19,-12,-18,-11,-16,-6,-14,-2,-14,-2,-17,-2,-15,-2,-11,-1,-9,1,-9,-1,-7,-1,-5,0,-4,0,-1,-1,0,-3,1,-4,2,-5,4,-2,1,0,0,0,0,0,0,0,0,0,0,0,0,0,0,0,0,0,0,1,-1,8,-4,10,-3,11,0,10,2,8,1,5,0,5,-1,4,-2,2,-4,2,-6,3,-7,3,-7,2,-11,2,-13,3,-13,6,-13,10,-13,12,-13,13,-16,13,-17,13,-15,14,-14,15,-15,15,-15,13,-13,11,-9"
66.18232989311218,774,"CSI,1176,128,75,-79,20,0,-11,-3,-12,-1,-12,2,-10,4,-10,4,-11,4,-11,8,-13,13,-11,14,-10,13,-12,12,-13,10,-14,8,-12,7,-10,5,-9,3,-8,2,-7,2,-4,3,-2,2,-2,0,0,0,2,-1,4,-1,4,3,1,1,0,0,0,0,0,0,0,0,0,0,0,0,0,0,0,0,0,0,-3,-2,-9,-6,-8,-9,-4,-10,-1,-8,-1,-8,-2,-9,-2,-8,-2,-6,-3,-3,-6,0,-7,1,-9,-1,-12,-3,-15,-4,-17,-3,-18,-4,-17,-5,-15,-6,-17,-5,-20,-6,-20,-8,-18,-9,-18,-11,-20,-12,-19,-10,-19,-7"
66.2464189529419,775,"CSI,487,128,83,49,21,0,3,11,3,9,2,5,4,4,6,5,8,5,8,6,8,8,12,9,15,9,14,9,12,8,10,7,9,10,8,12,6,10,4,5,4,2,3,0,3,-2,1,-2,1,-2,2,-1,1,-3,1,-7,0,-3,0,0,0,0,0,0,0,0,0,0,0,0,0,0,0,0,0,0,-1,2,-5,11,-7,9,-7,4,-6,2,-5,3,-4,4,-4,4,-3,5,-2,4,-2,5,-1,7,0,9,0,13,0,15,-2,16,-4,16,-4,16,-3,17,-1,19,0,19,1,18,2,19,1,19,-1,20,-2,20,-2,17"
66.4512710571289,776,"CSI,495,128,83,49,21,0,5,9,6,6,7,5,6,4,7,1,10,-2,14,-4,17,-5,15,-5,13,-4,14,-2,16,1,18,4,16,3,13,2,9,4,7,4,7,3,5,3,1,2,0,1,-1,-2,-3,-4,-3,-6,-3,-7,-1,-2,0,0,0,0,0,0,0,0,0,0,0,0,0,0,0,0,0,0,-1,1,-5,6,-8,7,-9,8,-7,6,-6,3,-7,1,-7,1,-4,3,-3,6,-3,8,-1,8,2,8,3,8,4,10,7,13,8,15,7,17,4,18,6,19,7,17,7,14,7,15,5,19,6,20,8,19,8,20"
66.5598418712616,777,"CSI,499,128,83,49,21,0,0,-11,-4,-8,-4,-4,-4,-3,-8,-6,-10,-7,-12,-10,-16,-15,-17,-15,-17,-13,-16,-11,-13,-10,-11,-11,-10,-13,-9,-13,-6,-12,-3,-10,-2,-7,-2,-5,-2,-4,-1,-3,-1,-2,-3,0,-6,2,-8,3,-3,0,0,0,0,0,0,0,0,0,0,0,0,0,0,0,0,0,0,0,0,-3,1,-10,4,-9,4,-8,4,-5,6,-3,6,-4,3,-6,1,-6,2,-6,1,-8,-2,-10,-5,-11,-8,-12,-8,-13,-6,-14,-5,-14,-4,-14,-2,-14,-2,-16,-2,-18,-1,-20,0,-21,0,-19,3,-18,4,-18,2,-18"
66.66014695167542,778,"CSI,503,128,83,49,21,0,-5,-9,-6,-7,-9,-1,-12,2,-11,1,-10,3,-12,7,-17,8,-17,8,-16,8,-15,7,-14,6,-13,4,-11,2,-9,3,-7,4,-6,2,-7,1,-7,1,-4,1,-2,1,-1,1,1,2,2,2,2,2,0,0,0,0,0,0,0,0,0,0,0,0,0,0,0,0,0,0,0,0,0,-3,2,-11,4,-10,8,-7,8,-4,5,-2,2,-3,0,-5,0,-6,1,-7,0,-6,-2,-7,-5,-9,-7,-11,-7,-14,-5,-16,-5,-19,-7,-19,-8,-19,-7,-20,-7,-19,-8,-18,-10,-16,-12,-16,-10,-19,-8,-20,-9,-21"
66.7589819431305,779,"CSI,506,128,83,49,21,0,10,-1,8,-4,6,-7,6,-9,4,-11,3,-12,5,-9,8,-8,8,-13,8,-18,8,-18,5,-15,4,-15,6,-13,7,-11,6,-9,4,-8,2,-8,0,-7,-1,-5,0,-3,1,-1,-2,0,-5,-1,-6,0,-2,0,0,0,0,0,0,0,0,0,0,0,0,0,0,0,0,0,0,0,1,2,6,8,4,8,3,10,2,10,0,8,1,8,2,6,1,3,2,2,4,1,5,0,6,0,8,0,10,-1,13,-3,17,-1,18,-1,16,-2,17,0,16,1,16,2,19,3,19,3,16,3,14,1,13,1"
66.86168193817139,780,"CSI,510,128,83,49,21,0,-1,8,3,8,5,7,7,5,11,1,13,0,17,1,23,1,20,0,16,3,14,3,11,2,10,4,10,5,9,4,8,3,7,0,5,-1,4,1,4,2,3,1,1,-2,1,-4,0,-4,0,-4,0,-1,0,0,0,0,0,0,0,0,0,0,0,0,0,0,0,0,0,0,-2,2,-8,7,-11,4,-10,1,-8,0,-6,1,-6,1,-5,1,-3,3,-3,4,-3,5,-2,7,-2,9,-3,10,-3,11,-2,15,-2,18,-3,17,-3,17,-2,20,-1,21,-1,20,-4,20,-7,19,-7,19,-5,17,-5,12"
66.96570181846619,781,"CSI,514,128,83,49,21,0,-5,6,-1,7,3,6,5,7,7,6,10,7,10,7,8,5,9,7,12,9,11,10,9,11,8,9,8,7,7,8,5,7,3,5,1,5,1,2,3,0,2,-1,1,-3,1,-5,1,-5,2,-5,0,-2,0,0,0,0,0,0,0,0,0,0,0,0,0,0,0,0,0,0,-4,-1,-12,-4,-10,-6,-9,-6,-7,-5,-7,-3,-6,-3,-5,-3,-6,-2,-7,-1,-7,-1,-8,1,-8,4,-6,8,-6,10,-8,12,-10,11,-10,10,-11,11,-13,15,-15,17,-15,16,-14,15,-15,15,-17,16,-15,12,-12,8"
67.07024788856506,782,"CSI,519,128,83,49,21,0,-8,4,-9,6,-7,5,-3,4,-4,7,-6,11,-5,15,-6,18,-5,17,-4,15,-6,13,-7,13,-6,11,-5,9,-3,8,-3,9,-4,8,-4,4,-5,2,-3,0,-1,0,2,-1,3,-3,4,-3,6,-4,1,-2,0,0,0,0,0,0,0,0,0,0,0,0,0,0,0,0,0,0,0,-4,2,-12,4,-10,5,-9,6,-9,5,-7,2,-4,1,-4,1,-4,-1,-4,-3,-6,-6,-6,-9,-5,-11,-4,-14,-5,-15,-7,-15,-8,-14,-9,-15,-9,-19,-10,-18,-11,-19,-11,-21,-10,-18,-10,-18,-11,-21,-11,-21,-11"
67.17094206809998,783,"CSI,523,128,83,49,21,0,-4,6,-1,6,2,6,7,9,11,11,10,11,11,14,14,18,14,16,13,11,11,11,8,11,7,11,9,10,9,9,6,7,3,3,3,1,2,3,2,2,3,0,1,-3,-2,-4,-2,-6,0,-6,0,-2,0,0,0,0,0,0,0,0,0,0,0,0,0,0,0,0,0,0,-2,-1,-9,-2,-13,-4,-12,-5,-9,-5,-7,-5,-6,-4,-5,-4,-4,-2,-4,0,-3,3,-2,5,-4,5,-6,5,-8,8,-9,9,-8,11,-8,14,-11,15,-15,15,-17,16,-17,16,-15,15,-12,14,-13,14,-16,14,-17,16"
67.27060389518738,784,"CSI,526,128,83,49,21,0,10,4,8,0,9,-4,9,-6,9,-8,8,-10,8,-13,8,-18,6,-17,3,-13,5,-11,6,-9,4,-6,5,-6,7,-8,9,-7,7,-5,1,-3,-2,-4,-1,-4,-1,-4,-3,-4,-6,-2,-6,-1,-5,-2,-2,-1,0,0,0,0,0,0,0,0,0,0,0,0,0,0,0,0,0,0,1,1,5,7,4,8,2,9,0,8,0,8,-1,7,-1,5,0,4,2,3,4,2,4,1,5,1,8,3,13,3,16,2,16,2,16,4,15,4,15,4,16,4,19,6,19,8,17,8,16,7,14,8,12,5"
67.37416887283325,785,"CSI,530,128,83,49,21,0,7,2,10,-2,10,-4,11,-6,13,-9,16,-9,14,-7,10,-9,9,-8,9,-7,9,-9,11,-8,11,-5,8,-3,7,-4,7,-4,6,-4,4,-2,4,-1,3,-2,1,-3,-1,-3,-3,-3,-5,-2,-6,-3,-2,-1,0,0,0,0,0,0,0,0,0,0,0,0,0,0,0,0,0,0,-1,2,-3,9,-3,7,-5,6,-8,7,-8,5,-6,4,-4,4,-3,4,-3,5,-1,5,1,4,3,4,5,7,8,9,9,10,10,11,9,13,10,15,10,16,11,15,9,14,8,14,9,15,9,17,8,18,7,16"
67.48252081871033,786,"CSI,535,128,83,49,21,0,-9,-10,-9,-5,-9,1,-11,4,-12,5,-12,4,-18,4,-23,4,-22,6,-19,9,-18,9,-17,8,-15,7,-13,6,-11,4,-8,2,-6,2,-4,3,-3,3,-3,3,-4,3,-2,2,2,2,4,1,4,0,1,0,0,0,0,0,0,0,0,0,0,0,0,0,0,0,0,0,0,0,1,-2,7,-7,7,-7,6,-9,7,-7,9,-3,8,-3,4,-4,3,-4,3,-2,0,-4,1,-7,-1,-7,-6,-8,-8,-9,-9,-12,-9,-17,-7,-18,-6,-15,-7,-15,-9,-15,-12,-16,-14,-17,-12,-18,-8,-20,-5,-18,-4,-15"
67.681813955307,787,"CSI,543,128,83,49,21,0,-4,10,-1,8,3,7,6,7,8,9,8,10,7,8,7,6,7,7,8,10,8,14,7,15,8,12,10,11,9,9,5,7,2,4,2,2,2,1,2,-1,1,0,0,-1,0,-4,1,-5,0,-7,0,-2,0,0,0,0,0,0,0,0,0,0,0,0,0,0,0,0,0,0,-3,-2,-10,-8,-9,-9,-8,-10,-7,-8,-6,-7,-5,-6,-5,-4,-4,-2,-4,0,-4,2,-3,3,-8,3,-11,6,-12,7,-14,7,-15,9,-16,10,-17,9,-17,7,-17,7,-19,7,-21,4,-19,3,-15,7,-14,7,-15,6"
67.72980904579163,788,"CSI,1177,128,77,-47,20,0,7,-6,5,-10,4,-12,4,-12,2,-13,1,-15,1,-13,-1,-9,1,-9,2,-13,1,-17,2,-18,4,-17,6,-14,7,-10,4,-7,1,-5,0,-4,0,-4,0,-5,-1,-5,-2,-2,-3,1,-4,-1,-4,-5,-1,-2,0,0,0,0,0,0,0,0,0,0,0,0,0,0,0,0,0,0,1,1,6,6,7,7,8,8,8,8,6,6,4,6,3,5,3,4,4,3,7,-1,8,-3,7,-2,8,-3,13,-4,18,-3,18,-2,14,-3,13,-4,16,-3,19,-3,21,-2,19,0,17,0,18,-1,18,-1,19,-2"
67.78617095947266,789,"CSI,546,128,83,49,21,0,4,-9,1,-13,-1,-13,-2,-11,-3,-11,-4,-12,-6,-15,-8,-19,-8,-20,-7,-18,-5,-17,-3,-15,-2,-15,0,-14,1,-12,1,-9,1,-5,1,-5,0,-6,-2,-2,-2,1,-1,2,-3,1,-5,0,-5,0,-2,0,0,0,0,0,0,0,0,0,0,0,0,0,0,0,0,0,0,0,1,-1,8,-3,8,-2,9,1,9,5,6,5,3,2,2,0,3,1,3,0,3,-2,2,-4,3,-6,6,-7,7,-10,9,-11,13,-10,15,-11,16,-13,15,-13,12,-11,11,-9,14,-9,17,-11,16,-12,13,-12,13,-12"
67.88884782791138,790,"CSI,551,128,83,49,21,0,0,-8,-3,-8,-6,-9,-9,-10,-13,-9,-12,-5,-11,-3,-14,-1,-15,-2,-14,-4,-14,-7,-13,-9,-13,-10,-12,-7,-9,-6,-6,-8,-4,-9,-4,-7,-4,-4,-2,-4,0,-3,0,0,-1,2,-2,4,-5,7,-2,1,0,0,0,0,0,0,0,0,0,0,0,0,0,0,0,0,0,0,2,-1,10,0,10,2,12,3,11,2,7,1,3,2,2,3,2,1,2,-2,1,-5,-2,-7,-2,-7,3,-10,6,-13,8,-15,10,-17,11,-19,11,-18,9,-17,6,-17,6,-19,6,-17,7,-14,7,-15,7,-15,9,-12"
67.99101185798645,791,"CSI,554,128,83,49,21,0,-7,-3,-8,0,-10,-1,-9,1,-7,6,-7,9,-6,9,-3,11,-5,12,-10,12,-10,12,-9,12,-10,11,-11,9,-9,8,-8,7,-6,4,-3,3,-1,2,-1,0,0,-2,2,-3,4,-4,6,-3,7,-2,1,-1,0,0,0,0,0,0,0,0,0,0,0,0,0,0,0,0,0,0,2,-1,9,-4,8,-2,9,-1,8,0,7,-1,6,-3,4,-4,2,-3,1,-3,0,-5,-1,-7,-1,-8,-2,-11,-5,-16,-7,-20,-7,-21,-6,-19,-7,-17,-7,-19,-7,-20,-7,-19,-7,-18,-6,-18,-5,-16,-3,-14,-2,-12"
68.0941870212555,792,"CSI,559,128,83,49,21,0,-10,-4,-8,-3,-9,0,-10,3,-9,5,-7,7,-8,8,-11,7,-13,8,-12,9,-11,8,-12,9,-12,10,-10,8,-9,5,-7,3,-6,2,-5,2,-1,1,1,0,0,1,0,0,1,-1,3,0,6,2,1,0,0,0,0,0,0,0,0,0,0,0,0,0,0,0,0,0,0,0,1,-3,5,-12,4,-10,2,-7,2,-6,4,-6,5,-5,3,-4,1,-4,-1,-4,-1,-2,-3,-2,-5,-5,-8,-7,-11,-9,-14,-11,-13,-13,-13,-14,-15,-14,-16,-15,-16,-16,-14,-16,-11,-16,-10,-16,-8,-17,-9,-16,-12,-14"
68.19760584831238,793,"CSI,562,128,83,49,21,0,-8,-5,-9,-3,-10,-2,-10,0,-12,3,-14,4,-17,8,-18,12,-13,11,-10,10,-11,10,-12,7,-12,5,-11,5,-11,6,-12,4,-9,1,-3,0,-2,0,-1,1,-1,1,0,1,2,1,4,3,4,4,1,0,0,0,0,0,0,0,0,0,0,0,0,0,0,0,0,0,0,0,0,-3,0,-10,1,-10,4,-9,5,-7,4,-5,1,-4,-1,-2,-2,-2,-3,-3,-5,-4,-6,-4,-8,-5,-10,-9,-11,-10,-11,-10,-14,-10,-17,-13,-15,-16,-11,-17,-9,-16,-11,-17,-14,-17,-14,-15,-12,-14,-11,-14,-11,-14"
68.29558491706848,794,"CSI,566,128,83,49,21,0,5,-4,4,-8,4,-8,3,-9,1,-11,1,-12,2,-12,2,-10,1,-10,-1,-12,0,-15,0,-16,-1,-14,1,-13,4,-11,4,-7,2,-5,0,-4,1,-4,0,-3,-1,-1,-2,0,-3,1,-4,2,-6,2,-2,0,0,0,0,0,0,0,0,0,0,0,0,0,0,0,0,0,0,0,-1,1,-1,7,-2,9,-3,11,-2,11,0,8,0,7,0,8,1,5,2,2,3,0,5,-1,9,-2,13,-1,14,1,14,3,15,2,15,3,14,5,15,4,17,2,18,2,19,4,18,7,17,7,15,5,10,4"
68.39813685417175,795,"CSI,571,128,83,49,21,0,11,3,11,2,9,1,9,0,11,-4,9,-6,10,-5,16,-4,16,-7,13,-9,10,-8,9,-7,10,-6,11,-5,10,-4,7,-2,4,-3,3,-2,0,-1,-2,-3,-2,-4,-2,-3,-4,-3,-5,-2,-4,-2,-1,-1,0,0,0,0,0,0,0,0,0,0,0,0,0,0,0,0,0,0,-1,1,-3,8,-6,9,-7,9,-6,6,-6,4,-5,3,-5,3,-4,3,-2,4,3,6,6,7,7,8,8,9,9,9,11,10,10,13,8,16,6,16,6,15,7,16,7,17,6,16,7,16,10,15,8,14,2,13"
68.50051379203796,796,"CSI,574,128,83,49,21,0,7,4,9,2,9,-1,8,-2,7,-4,7,-5,7,-9,7,-13,9,-13,12,-9,11,-6,9,-6,9,-6,9,-6,9,-6,7,-4,5,-2,3,-1,1,-1,-2,-1,-3,-1,-5,-2,-7,-3,-8,-4,-7,-5,-2,-2,0,0,0,0,0,0,0,0,0,0,0,0,0,0,0,0,0,0,-3,0,-9,4,-10,4,-11,3,-10,2,-7,1,-4,3,-2,4,-2,5,-3,6,-3,5,-1,7,1,10,2,13,3,16,4,16,4,15,3,16,5,17,7,19,8,20,7,17,4,15,2,14,2,13,2,13,0,15"
68.57368493080139,797,"CSI,1179,128,77,-47,20,0,-5,7,-2,7,1,6,2,7,2,10,3,11,3,12,4,15,6,15,6,12,5,10,3,10,1,10,-2,9,-3,9,-3,7,-2,5,1,2,-1,-2,-3,-1,-1,-1,2,-2,4,-2,5,-2,4,-2,0,-1,0,0,0,0,0,0,0,0,0,0,0,0,0,0,0,0,0,0,-2,1,-6,5,-6,5,-8,3,-8,1,-7,1,-7,2,-5,2,-2,2,-2,2,-2,3,0,5,0,8,-2,10,-3,11,-5,12,-7,15,-8,15,-7,14,-7,16,-8,18,-10,19,-11,15,-12,12,-12,11,-12,13,-12,14"
68.60683703422546,798,"CSI,1180,128,77,-47,20,0,5,-9,2,-10,-1,-10,-2,-10,-4,-10,-6,-9,-7,-6,-8,-3,-9,-6,-10,-10,-9,-9,-7,-10,-4,-12,-2,-12,-3,-11,-3,-8,-2,-4,-1,-2,1,-1,-1,0,-3,1,-3,1,-2,1,-2,3,-3,3,-1,0,0,0,0,0,0,0,0,0,0,0,0,0,0,0,0,0,0,0,1,2,5,9,4,9,2,9,1,7,0,3,-1,2,1,2,2,0,4,-1,6,-2,8,-5,10,-7,12,-7,15,-7,15,-7,16,-6,16,-4,17,-4,19,-6,19,-8,18,-8,17,-7,18,-6,20,-3,17,-4,12,-3"
68.63293385505676,799,"CSI,578,128,83,49,21,0,8,-7,9,-7,11,-8,8,-10,6,-11,4,-12,1,-13,-1,-13,0,-13,1,-14,3,-13,4,-10,3,-9,4,-9,2,-8,1,-6,3,-4,3,-1,1,0,1,0,1,-1,-1,0,-3,1,-4,1,-5,-1,-2,-1,0,0,0,0,0,0,0,0,0,0,0,0,0,0,0,0,0,0,1,1,5,8,4,10,2,9,0,5,-1,3,-2,3,0,1,3,0,6,1,9,1,10,0,11,0,13,1,13,2,13,1,15,0,16,0,18,3,21,5,20,4,20,3,20,3,19,6,18,8,18,6,18,2"
68.70584893226624,800,"CSI,583,128,83,49,21,0,-2,7,0,7,3,7,6,10,7,11,8,11,9,14,9,15,9,12,9,9,9,9,9,8,9,7,7,8,4,9,3,9,3,7,3,2,2,-1,1,-1,-1,-1,-3,-2,-1,-3,1,-4,0,-6,0,-2,0,0,0,0,0,0,0,0,0,0,0,0,0,0,0,0,0,0,-2,0,-9,2,-12,-1,-12,-4,-11,-6,-9,-4,-6,-1,-6,1,-5,4,-3,5,-4,6,-5,7,-6,8,-6,11,-6,13,-5,13,-4,14,-5,15,-8,13,-9,14,-10,17,-10,17,-10,15,-9,12,-7,13,-7,17,-7,19"
68.81463408470154,801,"CSI,587,128,83,49,21,0,-2,-8,-4,-6,-8,-7,-9,-8,-10,-7,-11,-5,-13,-4,-15,-1,-15,-3,-14,-8,-12,-8,-8,-6,-8,-3,-10,-3,-8,-5,-6,-7,-4,-8,-4,-6,-5,-4,-5,-2,-3,0,-1,0,-1,1,-1,3,-1,4,-1,1,0,0,0,0,0,0,0,0,0,0,0,0,0,0,0,0,0,0,2,-2,8,-7,7,-6,6,-6,5,-5,5,-3,3,-3,0,-3,-1,-4,-1,-7,-2,-10,-3,-11,-5,-11,-6,-11,-4,-13,-2,-17,-3,-19,-3,-17,-1,-14,-1,-15,-3,-18,-4,-19,-4,-17,-1,-17,1,-18,0,-19,-1,-18"
68.91101908683777,802,"CSI,590,128,83,49,21,0,-5,12,-3,11,1,10,5,10,4,9,2,8,4,6,5,3,6,5,6,7,5,8,7,9,8,10,5,9,2,8,1,7,3,6,3,3,2,1,1,0,1,-1,0,-2,-1,-3,0,-3,1,-5,0,-2,0,0,0,0,0,0,0,0,0,0,0,0,0,0,0,0,0,0,-3,-2,-10,-5,-12,-5,-12,-6,-7,-7,-4,-6,-3,-3,-3,-1,-3,0,-2,2,-3,4,-6,8,-9,10,-11,10,-13,10,-14,9,-15,9,-16,10,-13,9,-11,7,-12,8,-14,11,-16,12,-16,13,-16,11,-15,8,-14,10"
69.014004945755,803,"CSI,595,128,83,49,21,0,-5,12,-4,9,-2,8,0,11,3,14,5,14,2,12,-3,11,-5,12,-1,13,1,13,1,14,1,13,0,10,-2,8,-1,7,0,7,-1,7,0,4,0,1,0,0,1,-2,3,-1,5,-2,7,-5,2,-2,0,0,0,0,0,0,0,0,0,0,0,0,0,0,0,0,0,0,-3,-1,-12,-3,-12,-4,-11,-5,-9,-5,-6,-5,-4,-4,-2,-1,-2,1,-3,2,-5,5,-6,8,-6,10,-9,11,-15,11,-17,11,-17,11,-16,11,-16,9,-16,7,-15,6,-15,7,-18,9,-17,9,-16,9,-17,9,-15,9"
69.0899429321289,804,"CSI,1181,128,75,-79,20,0,-13,4,-10,5,-6,5,-2,5,-1,9,-1,12,-2,13,-3,14,-1,15,1,14,2,13,2,13,2,12,3,13,2,13,0,8,2,5,3,5,0,4,-3,2,-1,1,2,-1,3,-3,4,-4,3,-3,0,-1,0,0,0,0,0,0,0,0,0,0,0,0,0,0,0,0,0,0,-2,-3,-4,-10,-2,-11,1,-9,1,-7,0,-5,0,-4,0,-2,-2,2,-7,3,-11,2,-11,-2,-13,-4,-15,-2,-16,-1,-18,-2,-21,-5,-22,-6,-20,-4,-19,-4,-18,-4,-18,-1,-17,1,-17,0,-19,0,-19,4,-15,4"
69.12048077583313,805,"CSI,1182,128,75,-79,20,0,11,0,10,-1,11,-2,11,-4,12,-6,12,-8,10,-7,8,-3,11,-3,14,-5,13,-6,12,-8,10,-7,10,-4,9,-4,6,-4,5,-2,5,-2,5,-2,4,-2,1,-2,-1,-2,-2,-2,-4,-2,-5,-2,-2,-1,0,0,0,0,0,0,0,0,0,0,0,0,0,0,0,0,0,0,0,2,2,10,-1,11,-2,11,-3,11,-3,8,-2,3,-1,1,1,0,4,-1,6,0,10,1,13,2,14,6,15,9,15,10,14,10,12,12,12,12,12,11,12,10,13,11,14,12,15,12,15,10,14,8,16,9"
69.14975690841675,806,"CSI,598,128,83,49,21,0,-7,12,-4,11,-2,9,0,9,2,10,4,13,5,17,6,17,6,13,6,11,6,12,6,11,4,10,4,10,4,9,1,7,-1,7,-1,5,0,3,1,1,1,1,1,-1,1,-2,1,-4,1,-6,0,-2,0,0,0,0,0,0,0,0,0,0,0,0,0,0,0,0,0,0,-4,-2,-15,-6,-14,-7,-10,-6,-8,-6,-8,-5,-6,-4,-6,-3,-6,-2,-6,1,-8,3,-10,7,-9,11,-10,9,-13,10,-16,12,-18,11,-18,9,-16,9,-15,8,-14,8,-13,11,-14,11,-16,9,-17,9,-16,7,-15,4"
69.22049117088318,807,"CSI,603,128,83,49,21,0,-13,0,-13,3,-11,5,-8,7,-7,8,-6,9,-6,7,-6,4,-9,5,-12,9,-9,11,-5,10,-6,8,-7,8,-5,7,-5,5,-3,3,-1,3,0,4,0,3,2,3,2,3,3,2,6,2,8,3,2,0,0,0,0,0,0,0,0,0,0,0,0,0,0,0,0,0,0,0,-2,-2,-7,-7,-3,-10,0,-12,-1,-11,-2,-9,-2,-7,-2,-3,-3,-1,-4,-2,-7,-2,-11,-2,-14,-2,-16,-3,-19,-5,-21,-9,-21,-12,-20,-13,-19,-12,-20,-11,-19,-10,-17,-8,-17,-5,-17,-6,-17,-7,-14,-8,-13,-8"
69.32245588302612,808,"CSI,607,128,83,49,21,0,-3,-13,-5,-12,-6,-9,-7,-7,-8,-9,-9,-9,-10,-9,-9,-11,-11,-11,-10,-9,-8,-7,-6,-7,-6,-7,-6,-4,-6,-3,-5,-3,-4,-3,-3,-1,-2,2,-2,3,-3,2,-3,3,-2,4,-1,5,-2,5,-1,1,0,0,0,0,0,0,0,0,0,0,0,0,0,0,0,0,0,0,2,-2,9,-5,8,-3,8,0,7,0,7,-3,5,-2,2,-1,2,-3,1,-6,-1,-7,-2,-10,-1,-14,-1,-16,1,-17,4,-17,5,-19,6,-23,8,-24,10,-22,9,-20,8,-17,9,-16,10,-17,9,-18,4,-15,2,-13"
69.4266288280487,809,"CSI,611,128,83,49,21,0,-9,1,-10,4,-12,5,-9,6,-7,7,-8,9,-8,10,-5,9,-6,7,-10,5,-10,4,-8,5,-7,6,-9,4,-8,2,-7,4,-4,5,-2,3,-1,2,0,3,1,3,2,3,4,3,5,3,5,2,1,0,0,0,0,0,0,0,0,0,0,0,0,0,0,0,0,0,0,0,-1,-1,-5,-5,-6,-7,-7,-7,-4,-6,-2,-6,-3,-5,-4,-3,-6,-2,-7,-3,-8,-1,-10,3,-14,3,-18,1,-20,-1,-21,-2,-22,-3,-23,-3,-22,-5,-20,-8,-19,-9,-17,-9,-17,-9,-20,-9,-20,-9,-17,-6,-14,-3"
69.5249879360199,810,"CSI,614,128,83,49,21,0,1,10,2,10,2,7,3,7,5,9,7,7,9,8,9,13,11,12,12,9,11,8,9,8,6,7,5,5,6,4,5,3,3,1,3,1,4,0,2,-1,0,-2,-1,-3,0,-4,1,-4,2,-1,0,0,0,0,0,0,0,0,0,0,0,0,0,0,0,0,0,0,0,0,-4,0,-13,1,-11,2,-12,0,-12,-2,-10,-2,-7,0,-5,0,-5,1,-5,3,-3,5,-1,7,0,11,-3,16,-7,17,-10,17,-11,19,-10,19,-10,16,-11,14,-9,12,-9,14,-10,15,-10,13,-9,11,-7,12,-5,16"
69.62616300582886,811,"CSI,619,128,83,49,21,0,8,11,10,10,10,8,9,6,9,5,10,5,14,5,19,4,15,2,10,1,9,2,10,3,10,4,8,5,4,4,3,2,3,2,4,0,4,-2,4,-2,3,-2,2,-3,1,-3,0,-4,2,-7,0,-3,0,0,0,0,0,0,0,0,0,0,0,0,0,0,0,0,0,0,-1,1,-5,6,-8,4,-10,1,-9,0,-7,0,-5,1,-5,2,-3,2,-2,1,-3,2,-1,5,1,6,1,7,2,11,1,14,-1,15,-2,18,-2,18,-4,16,-6,16,-6,16,-6,14,-6,13,-4,12,-2,12,-1,12"
69.73005986213684,812,"CSI,623,128,83,49,21,0,0,8,-1,6,2,5,5,7,8,8,10,9,8,8,5,5,6,6,10,8,11,9,9,9,8,7,6,5,6,1,6,-3,2,-4,1,-4,2,-3,3,-3,1,-2,-1,-1,-2,-2,-3,-5,-4,-7,-2,-2,0,0,0,0,0,0,0,0,0,0,0,0,0,0,0,0,0,0,-2,-2,-7,-8,-7,-9,-4,-8,-2,-7,-3,-6,-1,-5,-1,-4,-3,-2,-3,0,-5,3,-6,6,-8,9,-13,11,-17,12,-18,12,-19,10,-19,8,-18,7,-16,6,-16,7,-17,10,-15,8,-11,6,-7,6,-7,9,-10,13"
69.83603477478027,813,"CSI,626,128,83,49,21,0,-4,-10,-6,-10,-7,-10,-10,-8,-10,-6,-9,-8,-9,-9,-12,-11,-13,-9,-11,-6,-9,-8,-9,-9,-9,-7,-9,-6,-7,-6,-4,-5,-4,-4,-4,-3,-5,-3,-4,-2,-2,-1,-2,-1,-4,1,-5,3,-7,4,-2,0,0,0,0,0,0,0,0,0,0,0,0,0,0,0,0,0,0,0,0,-3,0,-11,1,-11,4,-9,6,-6,6,-5,3,-5,0,-6,-2,-5,-2,-4,-4,-5,-5,-7,-6,-10,-7,-10,-9,-10,-8,-13,-6,-19,-4,-21,-3,-19,-2,-20,1,-22,0,-20,-1,-16,-1,-14,0,-13,-1,-14,-5,-16"
69.93375277519226,814,"CSI,631,128,83,49,21,0,11,-3,7,-2,6,-3,6,-6,6,-9,7,-10,10,-8,12,-4,12,-5,11,-7,10,-8,9,-10,8,-8,7,-5,6,-5,5,-4,6,-5,6,-6,3,-5,1,-4,1,-4,1,-5,-1,-4,-2,-4,-2,-5,-1,-2,0,0,0,0,0,0,0,0,0,0,0,0,0,0,0,0,0,0,3,0,12,4,9,7,7,8,6,6,4,7,3,6,4,4,4,2,2,0,2,-2,6,-3,11,-5,12,-6,13,-3,17,0,19,-1,18,0,17,3,17,5,17,6,16,6,17,5,18,6,18,6,19,2,19,-2"
70.0353307723999,815,"CSI,634,128,83,49,21,0,7,7,6,5,6,4,8,4,10,2,12,0,14,-3,16,-7,15,-5,13,-2,11,-2,9,-1,9,0,8,1,7,1,5,1,4,0,4,-3,3,-3,4,-3,4,-4,2,-4,-1,-4,-2,-6,-2,-6,-1,-2,0,0,0,0,0,0,0,0,0,0,0,0,0,0,0,0,0,0,-1,1,-4,7,-6,8,-8,7,-8,3,-7,0,-5,-2,-3,0,-2,3,0,5,4,6,7,7,8,10,7,11,6,12,3,15,1,18,1,20,3,18,1,16,1,14,2,13,0,16,0,18,0,14,0,11,-1,12"
70.13857388496399,816,"CSI,639,128,83,49,21,0,6,9,6,5,7,2,10,1,13,-1,14,0,13,-1,9,-2,10,0,10,5,8,4,9,1,11,-1,9,-2,4,-1,3,-1,2,-2,0,-4,1,-6,4,-7,2,-5,-1,-4,-1,-6,-2,-7,-2,-6,-1,-2,0,0,0,0,0,0,0,0,0,0,0,0,0,0,0,0,0,0,-3,1,-9,4,-9,4,-9,3,-9,2,-7,3,-6,3,-6,3,-6,3,-4,3,-1,4,4,7,7,11,5,13,2,14,3,14,1,15,-1,17,-2,18,-2,20,0,19,1,19,-1,18,-2,17,-2,16,1,15,3,15"
70.24393606185913,817,"CSI,643,128,83,49,21,0,-8,0,-7,5,-5,7,-4,8,-5,11,-8,12,-9,14,-12,18,-10,19,-7,16,-6,12,-6,7,-6,6,-6,4,-4,2,-2,0,1,1,2,4,1,5,3,4,3,3,3,2,6,1,5,1,3,2,0,0,0,0,0,0,0,0,0,0,0,0,0,0,0,0,0,0,0,0,-1,-3,-3,-11,-2,-11,0,-11,0,-9,0,-5,0,-3,-1,-2,-1,-2,-2,-3,-7,-3,-12,-1,-12,-1,-14,-2,-16,-5,-16,-7,-17,-8,-18,-8,-16,-9,-15,-10,-14,-9,-14,-7,-17,-7,-18,-6,-18,-4,-18,-4,-18,-5"
70.3433690071106,818,"CSI,647,128,83,49,21,0,8,-5,8,-5,6,-7,5,-9,6,-11,8,-13,9,-10,8,-6,6,-7,6,-11,4,-12,3,-13,2,-11,0,-10,-2,-10,-2,-7,-2,-3,-3,-1,-5,-1,-6,0,-6,0,-5,-2,-4,-3,-5,-3,-7,-2,-3,-1,0,0,0,0,0,0,0,0,0,0,0,0,0,0,0,0,0,0,1,2,5,9,1,10,0,11,0,9,-1,6,0,5,2,3,0,2,0,2,1,2,4,1,9,1,13,1,14,2,14,5,15,7,14,6,13,6,15,8,15,7,15,5,16,2,16,2,16,5,14,5,11,4"
70.44850277900696,819,"CSI,650,128,83,49,21,0,-7,3,-6,6,-5,10,-5,10,-4,10,-4,12,-3,13,-2,9,-4,7,-7,9,-7,10,-7,9,-4,8,-1,6,-1,6,-3,6,-3,4,-2,1,0,0,2,-1,2,-1,2,-1,3,-3,4,-2,3,1,0,0,0,0,0,0,0,0,0,0,0,0,0,0,0,0,0,0,0,0,0,-3,0,-10,1,-9,3,-6,2,-4,1,-4,-1,-3,-3,-4,-4,-6,-4,-5,-5,-4,-6,-3,-9,-2,-13,-3,-13,-5,-12,-8,-14,-9,-14,-9,-14,-8,-17,-7,-18,-8,-19,-8,-19,-9,-18,-11,-18,-8,-17,-4,-13,-4"
70.55013680458069,820,"CSI,654,128,83,49,21,0,-13,6,-11,4,-8,4,-6,5,-5,7,-6,10,-6,9,-5,5,-7,6,-7,8,-5,8,-6,10,-9,10,-9,6,-7,5,-4,5,-2,5,-1,3,-1,0,0,-1,1,0,2,0,4,1,6,2,6,4,1,1,0,0,0,0,0,0,0,0,0,0,0,0,0,0,0,0,0,0,-1,-2,-3,-8,-1,-9,1,-9,2,-8,1,-6,0,-5,-3,-6,-5,-4,-7,-1,-9,1,-11,1,-14,1,-16,3,-18,3,-18,0,-17,-3,-17,-5,-18,-5,-18,-3,-16,-3,-14,-4,-12,-4,-13,-6,-14,-8,-15,-5,-16,-4"
70.65483713150024,821,"CSI,1183,128,101,80,6,0,-7,-5,-7,-6,-7,-6,-9,-3,-11,0,-12,1,-11,2,-9,0,-9,-2,-11,0,-12,3,-11,4,-9,2,-8,-3,-8,-2,-7,0,-3,-1,1,-1,2,1,2,2,0,4,1,4,3,2,5,1,6,3,1,1,0,0,0,0,0,0,0,0,0,0,0,0,0,0,0,0,0,0,2,-2,9,-5,10,-3,11,-1,10,-1,8,-1,5,-1,3,-1,2,-2,2,-5,2,-7,1,-8,-1,-10,-1,-13,0,-14,-1,-14,-2,-16,-1,-17,-1,-18,-1,-19,-1,-18,-1,-17,-2,-16,-3,-16,-3,-17,-1,-17,0,-17"
70.75434494018555,822,"CSI,663,128,83,49,21,0,-5,2,-5,8,-6,9,-5,9,-4,8,-4,8,-2,12,1,15,0,12,-4,8,-7,5,-6,4,-4,6,-4,6,-5,3,-4,0,-2,-1,0,-1,0,0,0,1,2,1,3,0,5,-1,6,1,6,3,1,0,0,0,0,0,0,0,0,0,0,0,0,0,0,0,0,0,0,0,-3,-1,-9,-4,-8,-5,-7,-5,-5,-4,-4,-4,-5,-3,-6,-1,-5,-1,-3,-1,-4,1,-7,1,-10,0,-11,2,-12,5,-14,6,-16,5,-16,3,-16,5,-16,6,-16,6,-17,3,-18,0,-18,-2,-18,-3,-15,0,-13,4"
70.85507893562317,823,"CSI,666,128,83,49,21,0,5,-1,5,-5,7,-7,8,-8,10,-9,9,-9,11,-8,16,-7,16,-9,11,-9,8,-5,8,-2,9,-2,7,-1,5,-1,3,-2,3,-2,3,-3,3,-5,0,-4,-1,-5,1,-6,1,-4,1,-5,2,-8,0,-3,0,0,0,0,0,0,0,0,0,0,0,0,0,0,0,0,0,0,2,0,10,1,8,2,6,2,5,1,5,1,4,0,3,-1,2,0,1,-1,2,-3,5,-5,10,-9,12,-13,9,-11,10,-7,13,-4,15,-2,15,-1,15,0,14,0,13,0,12,2,13,3,13,2,13,0,16,0"
70.9613049030304,824,"CSI,670,128,83,49,21,0,-6,-6,-9,-6,-10,-3,-9,0,-10,1,-13,1,-16,0,-18,-6,-16,-4,-12,-1,-10,-3,-11,-3,-10,-1,-10,-3,-9,-2,-8,0,-5,1,-3,3,-2,4,-2,4,-2,5,-2,4,-1,2,-1,2,-1,4,-1,1,0,0,0,0,0,0,0,0,0,0,0,0,0,0,0,0,0,0,1,-2,6,-6,6,-5,5,-3,5,-2,7,-2,6,-2,3,-1,1,-2,-1,-5,-2,-7,-4,-8,-5,-11,-5,-14,-3,-14,0,-17,0,-19,-1,-17,-1,-15,0,-15,1,-13,-1,-14,-2,-17,-1,-17,1,-16,0,-15,-4,-14"
71.06215405464172,825,"CSI,675,128,83,49,21,0,-9,-3,-7,-2,-7,1,-6,6,-6,8,-9,8,-14,7,-17,8,-13,8,-8,8,-7,7,-10,6,-10,6,-7,3,-6,1,-5,0,-4,-1,-2,-1,0,2,0,5,0,7,2,4,2,1,3,1,4,2,1,0,0,0,0,0,0,0,0,0,0,0,0,0,0,0,0,0,0,0,0,-2,4,-8,6,-7,7,-5,5,-3,4,-2,2,-2,1,-2,1,-3,1,-5,-2,-6,-6,-6,-7,-7,-7,-10,-8,-13,-7,-13,-6,-14,-7,-16,-8,-17,-9,-17,-9,-16,-8,-14,-9,-14,-9,-15,-7,-15,-6,-13,-5,-12"
71.47151803970337,826,"CSI,691,128,83,49,21,0,-3,-4,-4,-3,-8,-4,-11,-4,-12,-2,-11,-1,-13,0,-15,2,-14,0,-12,-3,-11,-4,-10,-3,-9,-2,-7,-1,-5,0,-3,-1,0,-1,1,1,2,2,1,1,0,1,0,1,2,2,3,4,3,6,0,1,0,0,0,0,0,0,0,0,0,0,0,0,0,0,0,0,0,0,2,-1,9,-3,8,-2,10,-1,11,0,10,0,7,-1,4,0,1,-1,1,-3,3,-5,2,-6,-1,-9,-2,-10,0,-12,3,-14,3,-16,0,-17,-1,-17,1,-16,0,-16,-1,-17,0,-18,3,-18,5,-18,4,-18,2,-18"
71.57442903518677,827,"CSI,694,128,83,49,21,0,-9,1,-5,4,-3,6,-3,7,-2,8,-2,9,1,10,4,12,3,11,0,10,-2,9,-2,9,-2,8,-2,6,-1,6,-1,6,-1,4,0,2,1,1,2,-1,1,0,2,0,3,-1,3,-3,2,-5,0,-2,0,0,0,0,0,0,0,0,0,0,0,0,0,0,0,0,0,0,-2,-4,-7,-13,-6,-9,-4,-7,0,-7,3,-8,3,-9,0,-6,-4,-2,-4,-2,-5,-3,-8,-2,-10,-1,-10,-1,-12,-1,-15,-1,-18,-4,-17,-4,-16,-3,-18,-3,-20,-4,-21,-3,-20,-4,-19,-7,-19,-7,-14,-5,-9,-6"
71.67500495910645,828,"CSI,698,128,83,49,21,0,7,0,7,0,6,-1,8,-2,9,-4,9,-6,10,-10,11,-16,10,-13,7,-8,7,-6,8,-5,8,-5,7,-4,6,-5,2,-5,0,-1,-1,0,-1,-2,-2,-2,-2,-3,-5,-3,-6,-1,-5,-1,-8,-2,-3,-1,0,0,0,0,0,0,0,0,0,0,0,0,0,0,0,0,0,0,0,2,-1,9,-3,9,-3,7,-5,5,-6,4,-5,4,-4,3,-3,1,-1,1,2,1,5,2,8,3,9,3,10,4,11,6,11,9,10,11,12,11,13,11,12,9,13,10,11,12,9,12,9,13,9,13,12,12"
71.7759759426117,829,"CSI,703,128,83,49,21,0,3,5,6,2,9,-1,9,-2,9,-2,11,-2,11,-4,7,-8,8,-4,12,2,12,4,10,4,9,3,8,1,5,-1,3,0,3,0,3,0,0,-2,-2,-4,-3,-6,-2,-5,-1,-3,-2,-4,-4,-4,-1,-1,0,0,0,0,0,0,0,0,0,0,0,0,0,0,0,0,0,0,-1,2,-3,9,-4,7,-6,6,-7,6,-5,4,-2,2,-1,2,0,2,1,2,3,3,3,5,4,7,7,7,11,9,11,12,10,11,9,13,7,15,6,16,6,17,6,17,7,17,8,17,5,14,2,11,2,9"
71.88266491889954,830,"CSI,707,128,83,49,21,0,-8,2,-8,4,-7,4,-5,6,-2,10,-2,12,-3,15,-3,18,-4,16,-4,13,-3,10,-3,9,-1,8,-2,7,-4,6,-4,4,-3,3,-1,2,0,0,0,-2,1,-3,1,-4,1,-4,3,-4,5,-4,1,-1,0,0,0,0,0,0,0,0,0,0,0,0,0,0,0,0,0,0,2,-2,8,-6,6,-4,5,-5,6,-5,5,-3,4,-2,4,-2,3,-2,0,-2,-2,-3,-4,-5,-6,-7,-8,-7,-10,-8,-12,-11,-13,-11,-15,-10,-18,-11,-18,-12,-17,-12,-18,-13,-16,-15,-11,-16,-7,-15,-9,-12,-13,-8"
71.9837908744812,831,"CSI,710,128,83,49,21,0,-9,0,-10,2,-10,2,-7,4,-4,5,-4,7,-1,11,2,11,-1,9,-4,9,-4,11,-4,11,-6,9,-7,8,-6,6,-5,5,-4,4,-2,3,0,2,1,1,2,0,3,0,4,0,5,-2,3,-2,0,-1,0,0,0,0,0,0,0,0,0,0,0,0,0,0,0,0,0,0,-1,-2,-2,-7,0,-9,1,-10,3,-8,1,-6,1,-4,2,-2,0,-2,-2,-2,-4,-1,-6,0,-7,0,-11,1,-14,1,-16,-2,-18,-4,-18,-7,-15,-9,-15,-8,-15,-6,-15,-8,-14,-10,-12,-9,-12,-8,-15,-7,-18,-6"
72.08669400215149,832,"CSI,715,128,83,49,21,0,-8,-6,-9,-1,-8,3,-5,5,-4,7,-6,10,-7,9,-6,4,-10,5,-12,9,-10,10,-9,12,-9,11,-8,6,-7,4,-6,2,-4,-2,-2,-3,1,-1,3,1,2,1,4,-1,6,-1,3,1,1,1,0,0,0,0,0,0,0,0,0,0,0,0,0,0,0,0,0,0,0,0,1,-2,7,-5,8,-2,8,0,7,-1,5,0,1,1,-1,0,-3,-2,-4,-3,-4,-5,-4,-9,-7,-9,-10,-6,-9,-9,-8,-14,-8,-15,-10,-14,-10,-15,-8,-16,-9,-18,-10,-17,-9,-16,-6,-16,-5,-16,-8,-12,-9,-10"
72.29040288925171,833,"CSI,722,128,83,49,21,0,3,-8,1,-8,-1,-6,-1,-7,-2,-8,-6,-9,-6,-9,-2,-9,-3,-12,-6,-13,-6,-12,-6,-12,-5,-13,-4,-12,-4,-8,-3,-3,-1,-2,1,-2,2,-1,0,0,-3,1,-4,3,-3,3,-3,4,-3,5,-1,1,0,0,0,0,0,0,0,0,0,0,0,0,0,0,0,0,0,0,0,2,2,10,2,9,2,9,1,7,-3,4,-5,4,-3,4,-1,3,0,1,0,-1,1,-1,1,-3,5,-6,9,-8,12,-8,15,-7,17,-4,16,-2,16,-4,16,-6,14,-5,15,-4,17,-4,17,-5,16,-4,16,-3"
72.39453291893005,834,"CSI,726,128,83,49,21,0,-7,-2,-5,2,-3,3,-3,5,-2,7,-3,10,-1,12,3,13,0,12,-5,13,-6,10,-6,7,-6,7,-4,7,-2,7,-1,6,0,3,0,0,-1,-3,0,-3,1,-3,2,-2,3,-5,3,-6,4,-5,1,-1,0,0,0,0,0,0,0,0,0,0,0,0,0,0,0,0,0,0,1,-2,4,-7,5,-7,6,-5,6,-4,7,-3,7,-2,5,-1,2,-1,0,-3,-2,-3,-4,-2,-8,-4,-10,-4,-12,-4,-13,-8,-13,-11,-13,-11,-13,-11,-12,-13,-12,-14,-13,-12,-14,-9,-13,-11,-13,-13,-12,-11,-12,-8"
72.5976049900055,835,"CSI,734,128,83,49,21,0,1,-5,-1,-5,-2,-7,-5,-9,-7,-10,-7,-12,-10,-10,-13,-6,-12,-7,-11,-11,-9,-12,-7,-11,-7,-9,-7,-9,-5,-8,-2,-7,-1,-5,-3,-1,-1,2,1,2,0,2,0,1,1,1,1,4,-3,8,-1,2,0,0,0,0,0,0,0,0,0,0,0,0,0,0,0,0,0,0,-2,1,-5,7,-6,6,-7,6,-9,5,-10,5,-11,6,-7,3,-3,0,-2,0,-1,-1,2,-1,4,-1,8,2,13,4,14,5,14,6,17,7,17,8,17,6,17,4,17,5,16,7,17,5,16,2,14,1,11,0"
72.70022416114807,836,"CSI,739,128,83,49,21,0,2,-2,1,-3,-1,-8,-3,-11,-5,-10,-6,-10,-4,-8,0,-7,-3,-12,-7,-16,-8,-14,-6,-10,-6,-9,-5,-8,-3,-7,-1,-5,0,-3,1,-1,1,1,1,2,2,2,2,3,3,5,3,5,2,3,0,0,0,0,0,0,0,0,0,0,0,0,0,0,0,0,0,0,0,0,-3,0,-11,-1,-11,-3,-10,-3,-10,-5,-9,-5,-6,-4,-5,-3,-5,-1,-2,-1,1,0,2,2,3,2,6,1,7,5,8,10,10,12,12,10,11,10,10,12,10,13,10,12,10,12,12,12,13,11,9,11,5,12"
72.80264782905579,837,"CSI,742,128,83,49,21,0,-7,6,-4,6,2,6,5,7,4,8,5,10,8,10,12,7,9,7,5,10,5,12,4,12,3,10,4,9,4,9,2,5,1,3,0,3,-1,0,-2,-3,-1,-4,-1,-6,-1,-9,-2,-10,-2,-10,-1,-3,0,0,0,0,0,0,0,0,0,0,0,0,0,0,0,0,0,0,-1,-3,0,-10,1,-10,3,-11,3,-10,2,-8,3,-7,3,-6,2,-3,1,-1,-1,1,-3,-1,-6,-2,-8,0,-10,3,-13,1,-15,1,-15,0,-14,-2,-17,-2,-18,0,-19,0,-20,-1,-20,-4,-17,-2,-16,2,-16,3"
72.90485000610352,838,"CSI,746,128,83,49,21,0,-2,-4,-3,-1,-4,2,-4,5,-3,8,-5,10,-8,11,-9,10,-10,11,-8,13,-5,12,-4,11,-6,11,-7,11,-5,7,-3,3,-3,1,-1,0,2,-2,3,-3,1,-3,2,-4,3,-5,1,-5,1,-3,0,-1,0,0,0,0,0,0,0,0,0,0,0,0,0,0,0,0,0,0,2,1,10,4,9,2,7,4,4,7,2,6,1,4,1,2,1,0,2,-1,2,-2,-1,-4,-2,-7,-2,-9,0,-11,0,-12,1,-14,4,-15,4,-14,0,-16,-3,-17,-5,-18,-5,-19,-4,-21,-3,-21,-3,-21,-2,-19"
73.01672101020813,839,"CSI,1184,128,75,-79,20,0,6,3,7,-1,5,-4,0,-7,0,-11,1,-13,1,-12,2,-9,4,-11,4,-15,4,-16,5,-15,5,-13,5,-9,4,-6,3,-5,1,-2,0,1,-1,1,0,1,0,2,-2,4,-4,5,-3,4,-2,2,-1,0,0,0,0,0,0,0,0,0,0,0,0,0,0,0,0,0,0,0,-2,2,-9,7,-11,4,-12,1,-9,0,-6,-1,-5,-1,-3,1,-2,2,-3,2,-1,1,3,2,5,6,7,8,10,6,11,8,12,12,14,14,16,12,16,11,14,11,15,11,14,11,12,11,13,11,12,8,10,6"
73.07828903198242,840,"CSI,1185,128,75,-79,20,0,-4,4,-3,7,-3,8,0,9,4,8,5,7,6,7,8,8,8,10,6,12,4,12,1,12,2,11,3,10,3,9,2,5,2,3,0,1,-1,-1,0,-4,1,-5,0,-3,-1,-3,1,-5,2,-5,0,-2,0,0,0,0,0,0,0,0,0,0,0,0,0,0,0,0,0,0,1,-3,5,-9,3,-8,3,-6,6,-6,8,-6,7,-5,4,-3,1,-1,-2,-1,-2,-2,-2,-4,-7,-3,-10,-2,-11,-3,-13,-5,-14,-6,-15,-6,-17,-4,-18,-2,-19,-4,-19,-6,-18,-7,-16,-7,-16,-6,-16,-6,-16,-4"
73.11144495010376,841,"CSI,755,128,83,49,21,0,3,-8,1,-7,-3,-6,-6,-6,-8,-6,-13,-5,-14,-7,-11,-11,-11,-9,-13,-7,-13,-7,-14,-6,-14,-6,-11,-7,-7,-6,-5,-3,-4,-2,-3,-1,-1,0,1,2,2,1,2,0,4,-2,4,-1,2,1,0,0,0,0,0,0,0,0,0,0,0,0,0,0,0,0,0,0,0,0,-1,1,-2,7,-3,6,-5,6,-6,7,-5,6,-5,4,-2,3,2,3,3,2,2,0,4,-2,7,-3,12,-3,14,-2,13,-1,12,-1,10,-2,9,-5,13,-6,18,-5,18,-4,14,-4,13,-6,14,-8,13,-8,11,-7"
73.2122220993042,842,"CSI,758,128,83,49,21,0,1,-7,-3,-4,-6,-4,-7,-5,-8,-4,-9,-4,-9,-6,-7,-7,-11,-9,-14,-7,-14,-7,-13,-7,-11,-7,-10,-7,-7,-6,-4,-5,-2,-4,-1,-1,-1,3,-2,3,0,2,1,3,1,5,1,6,1,7,0,1,0,0,0,0,0,0,0,0,0,0,0,0,0,0,0,0,0,0,2,-1,8,-1,6,1,6,3,5,4,4,4,4,3,6,3,5,2,3,-2,3,-4,0,-7,-2,-9,-1,-10,1,-12,3,-14,5,-17,7,-16,7,-15,8,-16,11,-16,12,-16,10,-19,8,-20,9,-17,9,-15,7,-15"
73.37648582458496,843,"CSI,1399,128,83,49,21,0,9,11,10,12,8,12,7,12,8,14,8,13,6,6,5,0,4,2,1,5,-3,6,-3,6,0,3,3,2,5,3,6,1,6,-2,6,-1,7,1,8,1,7,2,5,4,6,5,5,4,5,2,1,0,0,0,0,0,0,0,0,0,0,0,0,0,0,0,0,0,0,0,-1,0,-3,2,-2,3,-2,2,-3,0,-3,0,-3,0,-4,0,-2,-1,0,1,2,3,2,4,2,5,2,6,1,7,0,7,0,9,0,10,1,9,2,7,0,5,-2,6,-1,7,2,5,4,5,7,5,8,5"
73.5191240310669,844,"CSI,770,128,83,49,21,0,-3,4,-1,4,3,6,5,8,6,7,8,7,12,8,17,9,18,9,16,8,12,8,9,7,8,7,8,9,7,9,5,7,4,4,4,2,1,1,-1,0,-2,-2,-4,-4,-4,-4,-4,-6,-2,-8,-1,-3,0,0,0,0,0,0,0,0,0,0,0,0,0,0,0,0,0,0,1,-3,5,-12,3,-10,4,-10,5,-8,5,-7,2,-6,-1,-5,0,-4,-1,-5,-3,-4,-6,-2,-8,0,-12,1,-15,0,-16,-2,-19,-1,-22,2,-23,2,-23,1,-23,-1,-21,-1,-20,0,-22,-2,-22,-2,-21,0,-20,0"
73.6223030090332,845,"CSI,774,128,83,49,21,0,5,-8,2,-6,-2,-5,-5,-7,-8,-11,-11,-11,-9,-11,-4,-12,-4,-13,-7,-14,-8,-13,-6,-11,-6,-9,-5,-9,-3,-9,-4,-6,-3,-3,-1,-1,-1,0,-1,2,-1,3,-2,4,-1,4,-1,3,-1,4,-1,1,0,0,0,0,0,0,0,0,0,0,0,0,0,0,0,0,0,0,1,1,7,8,6,9,4,8,2,5,2,4,-1,4,-3,5,-1,3,0,-1,1,-3,2,-4,2,-6,3,-9,5,-11,9,-9,14,-9,16,-11,17,-9,18,-6,19,-6,20,-8,21,-9,20,-9,17,-10,14,-10,10,-8"
73.72525978088379,846,"CSI,778,128,83,49,21,0,4,7,5,6,5,6,7,3,11,-1,14,-1,12,-1,6,-4,7,-4,14,-2,18,-1,14,-1,11,-2,11,0,10,2,7,3,5,4,2,2,-1,-2,-2,-3,-2,-2,-3,-3,-4,-4,-4,-5,-4,-6,-1,-2,0,0,0,0,0,0,0,0,0,0,0,0,0,0,0,0,0,0,-2,-2,-7,-8,-6,-8,-5,-8,-5,-8,-4,-5,-3,-3,-3,-2,-4,-2,-3,-1,-3,0,-4,3,-6,7,-7,6,-7,7,-9,13,-11,15,-11,15,-9,16,-9,16,-11,16,-14,16,-15,14,-13,13,-13,13,-12,13,-11,13"
73.8281397819519,847,"CSI,782,128,83,49,21,0,-9,-2,-9,-1,-7,1,-5,5,-5,8,-4,11,-5,15,-9,21,-7,20,-4,15,-4,13,-7,13,-8,11,-6,7,-5,5,-3,4,0,3,2,1,2,0,2,1,5,1,6,-2,3,-4,3,-4,6,-4,2,-1,0,0,0,0,0,0,0,0,0,0,0,0,0,0,0,0,0,0,1,-2,7,-6,8,-4,6,-4,6,-4,5,-2,3,-1,1,-2,0,-4,0,-3,0,-2,-1,-2,-3,-4,-7,-6,-12,-8,-14,-9,-13,-13,-12,-16,-14,-16,-16,-16,-16,-15,-15,-14,-14,-15,-14,-16,-12,-15,-10,-15,-7,-14"
74.13381886482239,848,"CSI,794,128,83,49,21,0,-5,4,-4,6,1,6,6,7,9,10,8,12,4,12,1,11,5,14,8,15,7,13,5,13,3,14,2,11,3,8,4,5,3,4,2,3,0,0,0,-2,1,-3,1,-4,0,-5,0,-7,-1,-8,-1,-3,0,0,0,0,0,0,0,0,0,0,0,0,0,0,0,0,0,0,1,-3,6,-10,6,-7,4,-5,3,-6,3,-7,3,-6,3,-3,2,-2,-1,-3,-3,-3,-5,-2,-7,-3,-10,-4,-11,-2,-13,-1,-16,-2,-18,-4,-19,-3,-19,-4,-18,-4,-20,-5,-21,-5,-18,-5,-16,-6,-14,-4,-13,0"
74.23876214027405,849,"CSI,799,128,83,49,21,0,-5,3,-5,4,-5,3,-2,6,0,12,-1,16,0,20,-1,24,0,21,1,16,-1,15,-3,14,-4,13,-2,10,1,6,1,4,0,4,1,1,2,-1,1,1,1,0,4,-3,4,-5,4,-5,3,-4,0,-1,0,0,0,0,0,0,0,0,0,0,0,0,0,0,0,0,0,0,1,-2,6,-6,6,-4,6,-3,6,-3,5,-3,4,-3,3,-2,1,-2,0,-2,-2,-4,-3,-7,-4,-8,-7,-6,-12,-8,-14,-11,-14,-10,-11,-10,-12,-11,-14,-12,-17,-10,-18,-8,-18,-8,-17,-12,-14,-16,-12,-14,-10,-7"
74.26669502258301,850,"CSI,1186,128,77,-47,20,0,2,3,5,2,8,-1,9,-4,11,-8,12,-10,11,-7,10,-2,15,-2,17,-4,16,-3,15,-2,12,0,10,1,7,-1,4,-3,3,-2,2,-1,0,-2,-3,-3,-3,-3,-3,-3,-4,-3,-4,-5,-3,-6,-1,-2,0,0,0,0,0,0,0,0,0,0,0,0,0,0,0,0,0,0,-3,0,-9,4,-10,5,-11,3,-10,2,-6,2,-3,2,-2,1,-2,0,-1,1,-2,4,-1,5,3,5,7,7,7,9,4,9,4,12,7,14,8,15,8,17,5,18,3,19,3,20,2,21,2,20,2,17,3,15"
74.29785776138306,851,"CSI,1187,128,77,-47,20,0,-4,0,-2,2,-1,4,4,7,5,11,3,11,5,12,10,14,10,15,5,14,3,13,4,11,3,12,4,13,4,10,1,4,1,-1,1,-1,1,-2,2,-4,1,-5,-1,-5,-3,-5,-1,-5,2,-4,1,-1,0,0,0,0,0,0,0,0,0,0,0,0,0,0,0,0,0,0,1,-1,6,-4,6,-5,5,-6,6,-6,7,-5,5,-3,3,-3,2,-3,3,-2,2,-2,0,-2,-4,-3,-9,-3,-12,-3,-14,-5,-16,-8,-17,-8,-18,-8,-20,-9,-22,-7,-23,-6,-23,-7,-19,-4,-16,-2,-15,-4,-13,-4"
74.33942985534668,852,"CSI,802,128,83,49,21,0,-1,5,4,5,7,3,8,0,11,-2,14,1,15,6,19,9,19,6,17,4,14,7,13,8,11,7,9,6,6,5,1,3,-1,0,-1,-2,-1,-3,-1,-5,-1,-7,-1,-5,-2,-4,-3,-5,-2,-6,-1,-2,0,0,0,0,0,0,0,0,0,0,0,0,0,0,0,0,0,0,-3,-2,-9,-6,-8,-5,-7,-6,-6,-7,-5,-6,-4,-6,-5,-3,-5,-1,-4,-1,-3,-1,-6,2,-8,6,-6,9,-7,10,-9,10,-9,11,-11,12,-12,14,-12,16,-12,16,-13,15,-14,15,-12,15,-11,13,-11,9,-12,7"
74.54403495788574,853,"CSI,810,128,83,49,21,0,-5,-8,-5,-5,-7,0,-10,2,-13,3,-13,6,-16,8,-22,7,-22,7,-17,8,-13,7,-11,5,-13,4,-13,4,-11,2,-7,1,-4,1,-3,2,-2,3,0,3,0,2,0,1,2,1,4,3,4,3,1,0,0,0,0,0,0,0,0,0,0,0,0,0,0,0,0,0,0,0,2,-1,9,-3,8,-3,8,-2,8,-1,7,0,7,-2,7,-3,4,-2,2,-3,1,-5,0,-6,-2,-8,-4,-11,-5,-14,-5,-16,-5,-18,-4,-21,-1,-22,-1,-23,-3,-22,-3,-22,-2,-22,-3,-20,-4,-19,-3,-18,-3,-14"
74.7482659816742,854,"CSI,819,128,83,49,21,0,-2,1,-3,6,-3,8,-2,7,0,8,-2,12,-5,16,-3,18,-3,15,-7,12,-8,12,-8,11,-7,10,-7,9,-5,7,-3,3,-4,0,-3,2,1,3,4,2,3,-1,2,-3,4,-2,6,0,4,0,0,-1,0,0,0,0,0,0,0,0,0,0,0,0,0,0,0,0,0,0,-2,-2,-7,-7,-6,-7,-5,-7,-3,-6,-2,-7,-2,-7,0,-4,1,-3,0,-3,-2,-2,-8,3,-10,5,-11,2,-15,1,-19,2,-19,4,-18,2,-16,0,-16,0,-19,0,-22,0,-22,0,-21,-2,-20,-1,-17,0,-16,0"
74.95110201835632,855,"CSI,827,128,83,49,21,0,-1,7,3,5,7,4,7,2,9,0,13,0,12,-2,9,-4,11,1,12,3,10,3,9,4,9,4,9,4,8,3,3,2,1,0,0,-2,1,-2,1,-2,0,-2,-1,-2,-1,-2,-1,-4,-2,-6,-1,-2,0,0,0,0,0,0,0,0,0,0,0,0,0,0,0,0,0,0,-1,1,-6,4,-10,1,-12,-1,-11,2,-8,4,-5,2,-5,0,-4,0,0,1,2,2,1,2,2,4,3,8,4,10,3,11,3,12,2,14,-1,16,-2,17,-1,20,-1,24,-3,22,-4,17,-2,17,-1,18,-1,15"
75.0553879737854,856,"CSI,830,128,83,49,21,0,3,-3,1,-6,-2,-9,-4,-9,-6,-10,-7,-12,-7,-11,-8,-9,-6,-11,-3,-12,-3,-14,-4,-16,-4,-14,-3,-10,-1,-9,-2,-8,-2,-6,-1,-4,-2,-2,-4,-2,-1,-1,0,2,-1,5,-3,5,-2,2,-1,0,0,0,0,0,0,0,0,0,0,0,0,0,0,0,0,0,0,0,0,1,0,5,-2,7,-5,7,-6,6,-7,6,-7,6,-4,5,-1,3,0,-1,2,-3,2,-1,4,1,8,2,12,2,13,0,14,-1,15,1,18,2,19,1,18,3,19,4,18,4,16,3,17,1,15,-1,10,-2"
75.15778112411499,857,"CSI,834,128,83,49,21,0,-3,-5,-6,-5,-10,-4,-11,-2,-10,0,-12,-1,-13,-3,-10,-3,-11,-3,-14,-4,-17,-5,-17,-6,-13,-5,-8,-3,-6,-2,-6,0,-4,1,-3,0,-3,2,-3,3,-3,2,-1,0,1,1,2,2,3,4,0,1,0,0,0,0,0,0,0,0,0,0,0,0,0,0,0,0,0,0,1,1,5,4,6,4,6,4,4,4,3,4,3,4,2,3,0,1,1,-1,1,-3,2,-5,3,-6,5,-9,4,-12,2,-12,1,-14,4,-17,7,-18,8,-20,8,-21,8,-19,8,-18,8,-16,10,-14,9,-13,5,-11"
75.25850296020508,858,"CSI,839,128,83,49,21,0,1,8,5,7,8,7,9,6,10,7,11,7,14,5,16,2,14,3,11,6,9,7,8,7,7,8,6,7,6,5,4,5,3,3,2,2,2,3,0,4,-1,2,-1,-1,-1,-3,0,-3,1,-6,0,-2,0,0,0,0,0,0,0,0,0,0,0,0,0,0,0,0,0,0,-3,-1,-9,0,-8,1,-8,1,-8,1,-7,-2,-5,-1,-5,1,-6,1,-6,0,-4,3,-4,5,-2,5,-2,8,-4,11,-4,14,-7,18,-9,19,-9,17,-8,17,-7,17,-8,17,-9,19,-9,18,-10,17,-10,14,-9,12"
75.46998405456543,859,"CSI,847,128,83,49,21,0,-5,-6,-7,-3,-9,1,-10,3,-12,1,-14,0,-16,-1,-19,-3,-20,1,-17,4,-15,3,-12,1,-10,1,-10,0,-10,-2,-9,-4,-7,-2,-4,0,-2,0,-1,1,0,2,1,1,1,1,2,3,2,2,0,0,0,0,0,0,0,0,0,0,0,0,0,0,0,0,0,0,0,0,1,-2,3,-7,3,-8,4,-8,4,-7,5,-6,4,-6,2,-4,3,-2,2,-3,-2,-4,-6,-4,-7,-5,-6,-7,-7,-8,-10,-11,-11,-14,-10,-16,-9,-17,-10,-19,-10,-19,-11,-19,-11,-20,-9,-19,-8,-19,-7,-16,-5,-13"
75.56587505340576,860,"CSI,851,128,83,49,21,0,-2,8,1,5,5,4,7,6,7,8,7,9,10,11,14,13,16,10,12,9,5,11,2,12,3,11,3,9,2,8,2,9,2,8,1,5,0,1,-2,-1,1,-3,3,-5,3,-6,2,-7,1,-6,0,-2,0,0,0,0,0,0,0,0,0,0,0,0,0,0,0,0,0,0,-3,1,-9,4,-10,3,-11,3,-10,2,-8,1,-7,3,-6,5,-3,4,-3,3,-3,4,-1,6,0,9,0,11,-1,14,-3,15,-4,16,-5,18,-5,17,-5,18,-5,17,-5,19,-6,20,-7,17,-9,16,-9,17,-7,16"
75.66688084602356,861,"CSI,855,128,83,49,21,0,-1,7,0,5,3,3,6,3,9,5,12,8,14,5,14,-2,11,0,11,5,10,8,7,8,4,9,3,9,1,9,-1,7,0,3,-1,3,-1,3,1,-1,1,-4,2,-4,2,-4,3,-4,4,-6,1,-2,0,0,0,0,0,0,0,0,0,0,0,0,0,0,0,0,0,0,-2,3,-5,12,-4,12,-5,11,-6,9,-6,8,-4,7,-2,5,-1,4,0,3,1,3,4,5,6,8,7,10,8,11,7,13,6,15,6,16,3,17,2,17,2,17,1,18,-1,19,-6,19,-7,19,-2,21,4,18"
75.77375388145447,862,"CSI,858,128,83,49,21,0,-7,2,-7,3,-5,6,-3,9,-3,8,-2,10,-5,13,-12,14,-13,14,-8,14,-4,14,-3,12,-4,8,-6,7,-5,7,-3,6,-2,6,-1,4,2,1,4,-1,3,-1,2,-2,2,-3,2,-4,2,-4,0,-2,0,0,0,0,0,0,0,0,0,0,0,0,0,0,0,0,0,0,-2,-2,-6,-9,-1,-10,2,-12,2,-12,1,-9,3,-6,2,-4,-2,-2,-3,0,-5,1,-9,0,-11,-1,-12,0,-14,-2,-16,-4,-18,-3,-19,-4,-17,-5,-16,-3,-18,-2,-19,-3,-19,-4,-18,-5,-18,-7,-18,-7,-15,-3"
75.87566900253296,863,"CSI,863,128,83,49,21,0,0,-7,0,-8,-5,-8,-8,-8,-10,-6,-10,-8,-9,-7,-8,-1,-6,-2,-7,-11,-8,-13,-7,-11,-6,-10,-5,-9,-4,-9,-3,-9,-3,-7,-2,-6,-1,-5,-1,-2,-2,2,-2,3,-1,3,-2,4,-3,5,-1,1,0,0,0,0,0,0,0,0,0,0,0,0,0,0,0,0,0,0,1,0,8,0,9,-1,10,0,10,2,8,3,7,1,6,-1,5,-2,4,-3,1,-5,3,-7,3,-8,3,-11,3,-13,4,-13,5,-16,7,-19,9,-18,9,-17,10,-15,12,-13,13,-12,12,-14,10,-15,9,-14,9,-14"
75.978590965271,864,"CSI,867,128,83,49,21,0,-9,-1,-10,1,-9,3,-8,4,-6,9,-5,11,-3,11,1,11,0,10,-4,8,-6,8,-7,9,-6,10,-4,10,-4,8,-4,6,-4,4,-4,1,-2,-1,0,-2,1,-4,1,-3,4,0,5,1,5,1,1,0,0,0,0,0,0,0,0,0,0,0,0,0,0,0,0,0,0,0,-1,-3,-4,-11,-3,-11,0,-12,1,-10,2,-7,0,-5,-3,-5,-3,-4,-4,-3,-4,-2,-5,0,-8,-2,-11,-4,-12,-3,-13,-3,-16,-4,-19,-3,-17,-4,-15,-5,-15,-6,-15,-7,-14,-8,-16,-7,-17,-8,-14,-9,-11,-5"
76.08239388465881,865,"CSI,871,128,83,49,21,0,-6,-7,-6,-4,-10,-2,-14,-3,-14,-4,-15,-2,-14,0,-10,-3,-12,-6,-16,-6,-17,-5,-14,-4,-11,-3,-9,-3,-10,-4,-9,-3,-5,-2,-3,-2,-1,-2,1,0,1,3,3,3,4,3,4,6,3,7,0,2,0,0,0,0,0,0,0,0,0,0,0,0,0,0,0,0,0,0,1,-2,6,-7,6,-8,6,-8,9,-4,10,-1,8,-1,4,-2,3,-4,2,-5,-1,-5,-2,-7,-2,-10,-1,-11,-2,-11,-4,-13,-5,-15,-5,-15,-4,-16,-3,-17,-3,-18,-3,-19,-3,-22,-3,-23,-3,-21,-1,-17,-3,-14"
76.18326687812805,866,"CSI,875,128,83,49,21,0,0,-5,-1,-7,-1,-9,-2,-11,-3,-12,-3,-11,-7,-12,-13,-15,-13,-14,-6,-11,-2,-11,-1,-13,-1,-12,-2,-9,-2,-9,-1,-8,-1,-4,-2,-3,-4,-3,-2,-2,-1,0,-2,2,-3,3,-3,4,-4,5,-2,1,0,0,0,0,0,0,0,0,0,0,0,0,0,0,0,0,0,0,2,0,9,3,9,5,10,6,10,6,9,4,7,2,5,0,4,1,5,0,5,-3,5,-5,6,-7,5,-10,7,-11,8,-10,10,-10,10,-11,11,-12,12,-12,14,-11,15,-10,16,-10,17,-9,16,-9,14,-8,14,-7"
76.28422999382019,867,"CSI,879,128,83,49,21,0,-11,-1,-7,0,-1,4,2,8,1,10,1,10,1,12,1,18,2,18,3,13,5,9,5,9,4,11,2,10,-1,9,-1,7,1,4,1,1,0,0,0,-2,2,-4,4,-4,5,-4,6,-5,5,-8,1,-3,0,0,0,0,0,0,0,0,0,0,0,0,0,0,0,0,0,0,-1,-3,-3,-9,-2,-9,-1,-11,1,-10,1,-6,-2,-4,-4,-3,-4,1,-4,1,-7,-3,-10,-3,-11,-2,-11,-1,-11,-2,-12,-1,-13,2,-15,2,-16,0,-16,1,-17,4,-21,4,-21,2,-19,1,-20,2,-18,1,-17,-1"
76.38976001739502,868,"CSI,883,128,83,49,21,0,-4,-9,-5,-9,-8,-6,-10,-2,-10,-1,-11,0,-13,-3,-11,-6,-14,-3,-18,0,-15,1,-14,0,-14,1,-13,0,-11,-2,-9,-4,-7,-3,-5,-1,-3,0,1,0,2,1,3,2,4,4,5,5,5,4,1,1,0,0,0,0,0,0,0,0,0,0,0,0,0,0,0,0,0,0,1,-2,7,-7,9,-8,8,-6,7,-4,9,-1,7,0,3,-1,2,-1,1,-2,0,-4,0,-6,-1,-9,-3,-12,-4,-15,-6,-17,-7,-18,-4,-18,-2,-17,-3,-18,-5,-19,-6,-20,-4,-19,-1,-21,-1,-20,-4,-19,-7,-20"
76.42080187797546,869,"CSI,1189,128,77,-47,20,0,-7,5,-6,6,-5,6,-5,4,-3,5,-1,10,-4,15,-7,18,-4,18,-2,15,-5,12,-7,11,-5,11,-5,10,-6,9,-7,7,-6,4,-2,2,0,1,0,0,-1,-1,0,-1,3,-2,5,-2,7,-2,1,-1,0,0,0,0,0,0,0,0,0,0,0,0,0,0,0,0,0,0,-1,-2,-4,-8,-4,-10,-4,-10,-3,-10,-3,-8,-2,-5,-2,-3,-2,-2,-3,-3,-6,-3,-9,-1,-8,0,-8,0,-12,0,-14,0,-14,1,-13,0,-13,-2,-15,-1,-19,1,-20,2,-21,-1,-21,-2,-17,-4,-16,-5,-19,-5"
76.48853087425232,870,"CSI,886,128,83,49,21,0,5,1,6,-3,8,-2,10,-1,10,-3,10,-4,12,-8,12,-12,11,-10,11,-6,12,-6,11,-6,10,-4,10,-3,10,-4,9,-4,6,-3,3,-2,2,-1,0,1,-2,0,-5,-1,-6,-2,-7,-3,-8,-3,-2,-1,0,0,0,0,0,0,0,0,0,0,0,0,0,0,0,0,0,0,-2,1,-8,4,-9,3,-12,0,-13,-4,-9,-4,-6,-2,-5,-1,-3,-1,-1,3,1,7,3,8,2,7,2,9,1,12,0,14,2,13,3,11,2,14,2,18,4,19,6,18,5,17,2,16,2,15,4,14,3,11"
76.59354400634766,871,"CSI,890,128,83,49,21,0,-8,2,-6,3,-4,3,-4,5,-5,7,-3,10,-6,14,-12,17,-9,16,-3,15,-2,12,-2,10,-3,9,-5,10,-6,11,-5,8,-4,5,-1,4,0,2,-1,1,-1,0,0,-2,2,-5,4,-5,5,-5,1,-1,0,0,0,0,0,0,0,0,0,0,0,0,0,0,0,0,0,0,1,-3,6,-9,5,-7,6,-5,7,-4,6,-3,4,-2,2,-3,1,-5,2,-5,-1,-4,-4,-4,-6,-4,-9,-4,-12,-7,-12,-10,-10,-12,-8,-12,-10,-11,-12,-11,-13,-10,-16,-11,-16,-11,-13,-10,-12,-12,-12,-12,-13,-10"
76.69575095176697,872,"CSI,895,128,83,49,21,0,-2,-6,-4,-3,-9,-5,-12,-5,-11,-1,-11,2,-14,3,-14,5,-13,2,-14,-1,-14,-3,-11,-4,-11,-4,-11,-3,-9,-3,-7,-3,-7,-4,-7,-3,-4,-2,-2,0,-2,2,-2,3,-1,3,0,4,-1,6,-1,1,0,0,0,0,0,0,0,0,0,0,0,0,0,0,0,0,0,0,1,-2,6,-5,8,-4,9,-3,9,-3,8,-2,6,0,3,-1,1,-1,0,-3,0,-5,-1,-7,-2,-9,-3,-11,-4,-13,-3,-14,-4,-15,-4,-15,-2,-15,0,-16,1,-17,-1,-18,-1,-20,2,-18,4,-14,2,-14,-1,-13"
76.79880094528198,873,"CSI,899,128,83,49,21,0,-8,2,-8,6,-8,6,-8,3,-9,4,-10,9,-6,12,0,12,-1,12,-5,12,-9,12,-11,11,-10,10,-8,8,-6,5,-6,5,-6,6,-3,2,0,0,1,1,1,1,4,-1,7,-2,7,-2,5,-3,1,-1,0,0,0,0,0,0,0,0,0,0,0,0,0,0,0,0,0,0,1,-2,9,-6,11,-6,10,-5,8,-3,6,-1,4,-1,1,-1,-1,-2,-1,-3,-1,-5,-1,-5,-3,-5,-5,-7,-7,-9,-8,-12,-9,-14,-10,-15,-10,-17,-12,-17,-12,-14,-9,-13,-9,-13,-9,-14,-6,-16,-4,-14,-5,-14"
76.82668972015381,874,"CSI,1190,128,77,-47,20,0,-5,4,-3,6,0,6,1,5,2,7,5,10,4,9,2,6,1,8,3,11,3,11,3,12,4,10,4,6,3,7,2,9,1,7,1,4,1,1,1,1,1,0,1,-3,3,-5,4,-4,3,-4,0,-2,0,0,0,0,0,0,0,0,0,0,0,0,0,0,0,0,0,0,-2,-2,-7,-8,-6,-8,-5,-9,-4,-9,-4,-7,-3,-4,-1,-3,-1,-3,-4,-1,-7,0,-6,-1,-7,0,-9,1,-10,2,-9,5,-11,6,-15,5,-17,5,-17,5,-18,4,-20,4,-20,5,-16,5,-15,3,-18,1,-19,0"
76.96059203147888,875,"CSI,1539,128,83,49,21,0,14,1,15,2,15,2,15,3,17,3,15,2,14,-1,15,-3,10,-1,6,0,4,1,4,0,4,-1,2,-2,0,-5,-1,-7,-1,-8,1,-7,3,-7,4,-7,6,-8,6,-7,4,-5,3,-5,6,-6,1,-2,0,0,0,0,0,0,0,0,0,0,0,0,0,0,0,0,0,0,-1,1,-4,4,-5,3,-4,2,-3,2,-2,2,-2,2,-3,2,-3,1,-1,0,1,1,1,3,0,5,2,5,3,6,2,9,2,11,1,10,3,12,5,13,5,11,4,8,3,8,3,6,4,4,7,2,9,-1"
77.00205492973328,876,"CSI,906,128,83,49,21,0,2,-11,2,-11,-1,-11,-4,-14,-6,-12,-7,-11,-7,-12,-8,-11,-7,-12,-7,-13,-6,-13,-5,-13,-6,-12,-7,-11,-6,-11,-4,-10,-3,-7,-2,-5,-2,-4,-3,-1,-3,0,-2,1,-4,1,-4,1,-3,3,-1,1,0,0,0,0,0,0,0,0,0,0,0,0,0,0,0,0,0,0,1,1,5,7,2,10,2,11,1,9,-1,6,-2,4,-3,4,-4,6,-2,6,2,3,5,-2,5,-5,6,-5,7,-4,8,-5,12,-7,14,-5,16,-4,19,-6,19,-5,18,-3,18,-2,18,-3,17,-4,15,-3,15,1"
77.10380291938782,877,"CSI,911,128,83,49,21,0,3,-9,1,-10,0,-11,-2,-11,-3,-11,-4,-13,-3,-13,0,-10,-4,-12,-7,-16,-6,-16,-5,-16,-3,-14,-3,-12,-6,-10,-9,-7,-8,-5,-4,-4,-2,-2,-2,0,-2,1,-2,3,-4,5,-6,5,-6,5,-2,1,0,0,0,0,0,0,0,0,0,0,0,0,0,0,0,0,0,0,0,2,2,10,1,9,-1,9,-1,10,0,8,0,4,-1,2,1,1,3,1,4,0,5,-2,7,-1,9,-2,8,-3,10,-4,13,-4,16,-4,17,-3,18,-4,19,-5,20,-3,20,-3,18,-3,17,-2,15,0,13,2"
77.16752076148987,878,"CSI,1547,128,83,49,21,0,11,-8,10,-8,10,-10,10,-11,9,-10,9,-9,7,-4,2,2,2,-1,4,-5,3,-4,0,-2,-3,-1,-5,0,-8,1,-11,0,-11,0,-10,3,-9,5,-9,5,-10,2,-10,0,-9,0,-6,0,-3,2,-1,0,0,0,0,0,0,0,0,0,0,0,0,0,0,0,0,0,0,0,-1,-2,0,-7,-1,-6,-2,-6,-3,-5,-3,-3,-1,-3,-2,-3,-2,-1,-1,2,-2,4,-2,5,-3,7,-2,10,-2,9,-2,8,-2,9,-3,11,-4,11,-4,8,-2,8,2,8,3,6,4,4,4,2,4,-3,6,-5"
77.20476293563843,879,"CSI,914,128,83,49,21,0,6,3,6,2,6,0,7,-4,8,-6,11,-4,13,-4,16,-8,14,-9,11,-7,10,-4,9,-4,10,-5,10,-4,9,-1,7,-1,7,-1,6,0,3,0,1,-2,-2,-3,-3,-3,-4,-2,-4,-4,-5,-8,-2,-3,0,0,0,0,0,0,0,0,0,0,0,0,0,0,0,0,0,0,-3,0,-9,3,-10,3,-10,1,-10,-1,-8,-1,-6,-1,-5,-1,-5,-1,-3,1,-1,2,1,4,4,7,5,12,6,13,6,12,5,12,4,13,4,14,3,15,1,18,0,19,2,18,2,14,0,13,1,12,2,7"
77.30651807785034,880,"CSI,919,128,83,49,21,0,3,-5,3,-7,6,-5,9,-5,8,-7,8,-10,6,-11,4,-11,6,-11,10,-11,11,-9,9,-7,11,-7,10,-9,7,-8,6,-6,4,-3,2,0,0,0,-2,0,-2,-1,-2,-2,-3,-4,-4,-6,-6,-7,-2,-2,0,0,0,0,0,0,0,0,0,0,0,0,0,0,0,0,0,0,1,2,3,9,1,9,-1,9,-2,7,-3,4,-3,2,-2,-1,-1,-1,2,2,5,2,6,1,6,0,8,1,9,2,12,4,13,4,12,5,15,8,18,9,18,9,16,8,13,7,12,7,13,8,14,8,14,8"
77.51116299629211,881,"CSI,926,128,83,49,21,0,-2,7,1,8,2,11,2,11,4,10,4,11,4,15,7,17,7,13,4,9,2,11,2,12,0,10,-2,9,-2,9,0,7,0,2,1,-1,0,0,-1,0,0,0,0,0,3,-1,7,-1,6,0,1,0,0,0,0,0,0,0,0,0,0,0,0,0,0,0,0,0,0,0,-3,1,-8,6,-7,5,-7,3,-7,1,-7,0,-5,-2,-2,-3,-1,-1,0,1,1,4,0,6,0,8,0,10,0,12,-1,13,-2,15,-3,14,-6,12,-8,14,-10,16,-11,15,-9,13,-9,11,-11,9,-11,11,-7,14"
77.61559200286865,882,"CSI,930,128,83,49,21,0,3,-7,0,-6,-4,-8,-7,-10,-9,-8,-9,-9,-8,-8,-6,-6,-5,-7,-6,-10,-7,-11,-9,-11,-7,-9,-4,-8,-5,-6,-5,-6,-3,-6,-2,-4,-3,-2,-6,-1,-5,1,-4,3,-5,4,-5,5,-5,4,-2,1,0,0,0,0,0,0,0,0,0,0,0,0,0,0,0,0,0,0,2,1,8,7,7,7,5,8,3,7,1,5,-1,4,-1,2,3,0,5,0,4,-1,5,-1,7,-4,8,-7,9,-7,10,-8,12,-10,12,-10,12,-10,13,-10,13,-11,14,-10,17,-8,18,-8,16,-7,13,-6,10,-4"
77.71798396110535,883,"CSI,935,128,83,49,21,0,-5,-4,-5,-2,-6,0,-7,1,-10,1,-11,2,-13,2,-18,-1,-18,0,-14,3,-13,3,-14,2,-12,1,-10,0,-9,0,-7,-1,-3,-2,-1,-1,-1,-1,-2,0,-1,2,3,1,4,1,3,2,4,4,1,1,0,0,0,0,0,0,0,0,0,0,0,0,0,0,0,0,0,0,2,-1,8,-1,7,0,6,0,5,-1,4,-1,3,0,2,2,1,1,0,-3,1,-5,1,-6,-1,-9,-2,-11,-2,-13,-2,-14,0,-15,2,-18,1,-17,-1,-15,-1,-18,0,-20,-1,-20,0,-19,0,-18,-3,-18,-4,-17"
77.82225704193115,884,"CSI,938,128,83,49,21,0,-4,-7,-5,-6,-6,-5,-8,-1,-10,0,-12,-2,-14,-1,-17,2,-17,4,-15,1,-14,-1,-13,-2,-12,-2,-11,-2,-10,-2,-9,-4,-7,-4,-4,-1,-2,0,-1,1,1,3,0,4,-3,3,-2,4,2,6,0,1,0,0,0,0,0,0,0,0,0,0,0,0,0,0,0,0,0,0,1,-2,7,-6,8,-5,8,-3,7,-1,6,-1,3,-3,1,-3,2,-4,2,-6,-1,-5,-2,-5,-2,-6,-1,-7,-3,-8,-5,-12,-5,-16,-3,-17,-2,-16,-2,-15,-2,-16,-2,-18,-3,-18,-3,-19,-2,-18,-1,-15,0,-11"
77.92368292808533,885,"CSI,943,128,83,49,21,0,-8,-2,-8,2,-8,4,-6,5,-5,7,-6,8,-7,11,-7,12,-9,11,-12,9,-13,7,-12,6,-12,7,-11,7,-9,5,-6,5,-5,5,-4,3,-2,0,-1,-2,0,-2,2,0,4,1,5,0,6,-1,1,-1,0,0,0,0,0,0,0,0,0,0,0,0,0,0,0,0,0,0,1,-1,7,-4,6,-6,5,-6,5,-3,6,-2,7,-2,5,-2,1,-3,0,-5,-1,-5,-3,-3,-4,-5,-4,-7,-6,-8,-8,-10,-7,-12,-8,-13,-12,-13,-12,-14,-11,-16,-9,-17,-7,-19,-7,-17,-9,-14,-9,-13,-6,-10"
78.02628803253174,886,"CSI,946,128,83,49,21,0,-2,-5,-5,-4,-6,-6,-7,-4,-10,-1,-15,-1,-18,0,-17,2,-17,-1,-15,-5,-14,-6,-12,-8,-11,-9,-10,-4,-8,0,-8,1,-10,0,-9,0,-5,0,-3,0,-3,0,-1,3,0,6,-1,6,-1,4,0,0,0,0,0,0,0,0,0,0,0,0,0,0,0,0,0,0,0,0,1,-2,4,-7,7,-6,9,-4,8,-2,7,-2,6,-2,4,-2,2,-3,2,-3,4,-4,3,-7,1,-10,1,-11,0,-9,-1,-12,-3,-14,-2,-15,-1,-16,-2,-17,-4,-17,-1,-14,0,-14,2,-17,2,-17,1,-16,2,-15"
78.12587594985962,887,"CSI,951,128,83,49,21,0,11,0,9,-3,5,-5,1,-9,0,-12,2,-14,1,-18,0,-22,2,-19,3,-16,4,-16,4,-14,4,-12,5,-12,5,-10,5,-9,5,-10,2,-9,0,-3,1,1,1,0,-1,-1,-4,2,-6,2,-8,1,-2,0,0,0,0,0,0,0,0,0,0,0,0,0,0,0,0,0,0,0,1,2,3,10,1,11,2,10,2,8,0,7,-2,6,-3,4,-2,3,1,2,4,3,6,1,6,-1,6,-2,10,-2,12,2,12,4,12,3,13,0,14,-3,15,-3,17,-2,17,2,15,5,15,5,17,3,17,1"
78.2291967868805,888,"CSI,955,128,83,49,21,0,9,4,7,-2,6,-9,3,-9,-2,-10,-4,-14,-3,-15,-3,-14,-2,-17,-1,-17,-1,-17,-1,-17,-2,-14,-2,-12,-1,-11,0,-9,0,-8,-1,-4,-1,-1,-1,0,-1,0,-2,1,-3,2,-4,3,-5,4,-2,1,0,0,0,0,0,0,0,0,0,0,0,0,0,0,0,0,0,0,-1,1,-4,4,-7,3,-10,3,-12,3,-10,4,-6,4,-3,2,-1,0,-1,3,-1,6,0,7,3,6,6,5,6,5,4,6,5,7,9,7,13,6,14,5,16,3,17,3,17,4,16,4,16,2,17,4,15,8"
78.33111691474915,889,"CSI,958,128,83,49,21,0,6,4,4,-1,0,-5,-2,-8,-3,-11,-4,-15,-1,-18,5,-18,6,-20,2,-20,0,-17,-1,-17,-2,-17,0,-14,3,-12,5,-11,3,-9,0,-9,-2,-8,-3,-5,-1,-2,-2,1,-5,4,-6,7,-8,6,-3,1,0,0,0,0,0,0,0,0,0,0,0,0,0,0,0,0,0,0,-1,2,-3,8,-7,6,-8,6,-6,7,-5,5,-7,3,-5,2,-2,1,0,2,0,4,2,6,2,7,4,6,8,5,8,7,9,7,10,6,10,6,11,6,14,4,16,2,17,4,19,8,19,10,18,10,18,8"
78.43463087081909,890,"CSI,963,128,83,49,21,0,8,-4,3,-3,-3,-1,-9,1,-13,-2,-16,-5,-15,-7,-13,-11,-15,-12,-18,-9,-19,-6,-16,-6,-14,-7,-12,-7,-10,-7,-9,-7,-7,-8,-5,-7,-2,-3,0,0,-2,1,-1,3,1,5,-1,6,-1,9,0,2,0,0,0,0,0,0,0,0,0,0,0,0,0,0,0,0,0,0,1,0,6,1,4,2,3,5,3,7,6,9,6,8,4,6,3,5,4,5,4,5,3,3,4,0,7,-3,7,-5,6,-5,7,-7,9,-10,9,-11,9,-14,9,-15,10,-15,14,-14,16,-15,16,-19,15,-18,14,-13"
78.53657507896423,891,"CSI,967,128,83,49,21,0,1,-6,0,-3,-2,3,-4,6,-9,7,-11,8,-13,11,-17,17,-18,18,-16,14,-13,11,-13,11,-12,11,-10,11,-8,10,-8,9,-5,8,-1,5,1,2,2,1,1,0,0,-2,2,-2,4,-3,6,-4,1,-1,0,0,0,0,0,0,0,0,0,0,0,0,0,0,0,0,0,0,0,1,2,7,0,7,-2,8,-4,9,-4,9,-5,9,-6,9,-3,6,0,3,0,2,-1,0,-1,-1,3,-2,7,-3,7,-5,7,-8,8,-9,8,-11,8,-14,8,-15,8,-17,8,-20,7,-21,7,-22,9,-23,10,-19"
78.7423460483551,892,"CSI,975,128,83,49,21,0,0,-7,-1,-8,-6,-7,-11,-5,-14,-3,-18,-2,-20,-1,-17,-3,-16,-7,-18,-8,-19,-10,-17,-9,-14,-7,-14,-4,-11,-3,-7,-4,-4,-3,-3,1,-2,3,-2,3,-2,2,-1,5,0,7,0,6,0,5,0,1,0,0,0,0,0,0,0,0,0,0,0,0,0,0,0,0,0,0,0,0,1,4,2,7,3,9,2,10,1,10,1,7,2,6,2,5,2,3,3,1,3,0,2,-1,3,-4,3,-5,6,-4,11,-6,12,-8,11,-10,10,-11,9,-11,10,-13,13,-18,17,-20,17,-16,17,-13,18,-12"
78.8452570438385,893,"CSI,978,128,83,49,21,0,6,-9,2,-9,-1,-8,-4,-10,-5,-13,-5,-14,-5,-17,-7,-22,-12,-22,-12,-21,-11,-20,-11,-19,-9,-17,-5,-14,-1,-12,0,-9,-2,-6,-1,-4,-1,-1,-2,0,-4,-1,-5,0,-6,1,-6,2,-5,3,-2,0,0,0,0,0,0,0,0,0,0,0,0,0,0,0,0,0,0,0,2,0,8,4,9,5,10,6,8,8,5,8,2,6,2,6,3,7,2,6,1,4,0,1,2,-1,4,-3,8,-5,13,-5,14,-5,11,-6,10,-9,12,-10,14,-9,17,-13,19,-17,18,-16,19,-13,21,-11,22,-8"
78.94655299186707,894,"CSI,983,128,83,49,21,0,11,-1,5,-4,-1,-7,-4,-8,-6,-10,-6,-14,-7,-15,-10,-13,-8,-17,-4,-19,-4,-19,-4,-19,-5,-16,-6,-12,-4,-11,-3,-11,-4,-9,-4,-7,-2,-6,-2,-4,-3,0,-3,4,-4,5,-5,4,-5,3,-2,0,0,0,0,0,0,0,0,0,0,0,0,0,0,0,0,0,0,0,-1,1,-2,7,-3,8,-3,8,-2,9,-3,9,-6,8,-5,8,-1,5,0,3,0,4,2,5,4,3,7,3,9,3,12,2,13,3,13,4,16,4,21,0,23,-3,24,-3,24,1,23,3,24,3,25,4,25,5"
79.04886102676392,895,"CSI,987,128,83,49,21,0,3,5,2,1,4,-2,6,-4,6,-10,5,-16,9,-14,14,-10,15,-13,13,-15,11,-14,10,-14,11,-12,11,-8,7,-4,5,-3,6,-3,5,-3,0,-2,-3,-2,-2,-1,-2,-1,-4,-2,-7,-5,-7,-6,-2,-2,0,0,0,0,0,0,0,0,0,0,0,0,0,0,0,0,0,0,-1,1,-2,8,-1,9,-1,10,-3,9,-4,8,-3,7,-3,6,-2,6,-2,4,-1,3,1,4,4,5,6,6,10,7,13,7,15,7,15,10,17,11,19,10,20,9,22,10,24,13,22,13,20,13,19,12,19,10"
79.15274000167847,896,"CSI,991,128,83,49,21,0,-3,6,-1,2,-2,-4,-2,-7,1,-9,2,-12,2,-16,-2,-18,1,-20,6,-21,7,-20,6,-18,3,-16,2,-14,1,-12,0,-7,-1,-3,-3,-3,-3,-2,0,1,2,2,2,4,1,7,-1,7,-2,6,-1,1,0,0,0,0,0,0,0,0,0,0,0,0,0,0,0,0,0,0,-1,-1,-3,-5,-3,-8,-2,-12,-1,-14,-2,-14,-1,-12,0,-12,-2,-10,-1,-7,2,-6,1,-4,-1,1,-2,5,-1,8,-1,10,-4,10,-7,13,-7,16,-7,19,-8,23,-8,25,-5,26,-2,26,-3,28,-4,28,-4,23"
79.21210289001465,897,"CSI,1626,128,83,49,21,0,11,-2,11,2,12,4,12,6,12,7,11,6,8,4,2,1,1,3,5,4,7,3,6,2,6,0,6,-2,6,-5,6,-8,6,-7,6,-4,8,-3,10,-2,10,-1,7,-1,6,-2,5,-2,4,-1,1,-1,0,0,0,0,0,0,0,0,0,0,0,0,0,0,0,0,0,0,-1,0,-4,1,-4,1,-5,2,-4,2,-2,1,-3,1,-3,2,-1,3,1,2,1,1,1,4,2,6,4,6,4,7,2,8,0,7,2,6,3,6,2,8,1,10,0,9,0,6,2,4,3,2,3,1,6,0"
79.25395798683167,898,"CSI,995,128,83,49,21,0,4,4,1,1,-1,-2,-5,-1,-10,3,-11,3,-14,2,-20,3,-19,2,-15,1,-15,4,-15,4,-13,0,-12,-1,-10,0,-6,1,-5,0,-4,-3,-1,-2,3,-4,3,-7,2,-8,4,-5,5,-4,3,-4,0,-2,0,0,0,0,0,0,0,0,0,0,0,0,0,0,0,0,0,0,-2,-1,-7,-3,-10,-4,-12,-5,-11,-6,-9,-6,-9,-7,-9,-7,-6,-6,-3,-4,-2,-3,-2,-2,0,-1,2,0,5,1,8,3,11,6,12,7,14,7,17,5,17,1,18,4,21,7,23,7,21,7,19,6,18,5"
79.35741090774536,899,"CSI,999,128,83,49,21,0,12,9,6,3,0,-2,-5,-4,-8,-6,-9,-10,-11,-9,-12,-6,-11,-8,-10,-14,-10,-15,-10,-12,-8,-10,-7,-10,-8,-8,-6,-6,-4,-4,-1,-3,0,-1,0,0,0,2,0,6,2,5,3,5,2,7,0,2,0,0,0,0,0,0,0,0,0,0,0,0,0,0,0,0,0,0,-3,0,-9,0,-10,-2,-11,-5,-11,-7,-11,-6,-12,-5,-10,-5,-7,-5,-7,-4,-8,-2,-6,-2,-3,1,0,4,3,5,5,7,7,9,12,11,13,12,14,13,18,15,19,18,19,19,19,15,18,14,15,15,13,13"
79.4584698677063,900,"CSI,1003,128,83,49,21,0,1,-1,-4,1,-7,1,-9,4,-10,6,-14,5,-16,5,-13,3,-13,3,-15,4,-15,6,-12,9,-9,9,-7,8,-6,7,-5,6,-3,4,0,1,3,-1,1,-3,-1,-5,1,-5,3,-4,4,-6,5,-8,1,-2,0,0,0,0,0,0,0,0,0,0,0,0,0,0,0,0,0,0,-3,-1,-10,-3,-10,-6,-10,-7,-8,-8,-6,-9,-6,-10,-5,-9,-3,-10,-1,-7,0,-3,1,-3,4,-5,6,-3,6,1,8,3,12,4,17,5,20,5,20,8,20,9,20,6,23,4,23,5,21,3,17,1,16,-1"
79.5617618560791,901,"CSI,1006,128,83,49,21,0,-2,1,0,4,5,5,8,8,10,10,9,11,10,10,13,8,12,8,9,10,8,10,8,7,6,5,4,4,7,2,9,2,6,3,2,1,-1,-2,-3,-3,-2,-4,-1,-4,-2,-2,-4,-2,-7,-4,-2,-2,0,0,0,0,0,0,0,0,0,0,0,0,0,0,0,0,0,0,3,0,11,2,8,2,7,4,8,6,9,7,7,5,5,5,4,5,2,1,-1,-2,-4,-5,-6,-6,-8,-7,-11,-10,-12,-14,-12,-15,-15,-16,-15,-16,-15,-17,-16,-18,-15,-18,-12,-19,-12,-18,-14,-17,-14,-15,-14,-13"
79.66412806510925,902,"CSI,1011,128,83,49,21,0,5,-11,4,-9,2,-7,-4,-3,-9,1,-11,4,-14,4,-18,2,-19,5,-18,8,-13,9,-9,10,-11,10,-13,8,-13,7,-12,7,-10,7,-7,3,-4,1,-3,2,-1,2,1,0,3,-3,4,-5,4,-5,1,-1,0,0,0,0,0,0,0,0,0,0,0,0,0,0,0,0,0,0,0,1,1,7,-2,7,-4,9,-6,10,-7,10,-7,7,-7,4,-7,3,-8,2,-8,2,-6,1,-4,-2,-3,-5,1,-4,6,-3,8,-7,8,-11,8,-12,12,-13,14,-15,13,-15,13,-13,15,-12,15,-16,15,-18,17,-16"
79.76831078529358,903,"CSI,1014,128,83,49,21,0,2,4,0,-1,-1,-6,-1,-10,-3,-12,-5,-15,-2,-17,0,-15,1,-18,0,-22,-2,-21,-3,-19,-5,-16,-4,-14,-1,-14,-3,-10,-3,-6,-2,-3,-4,-1,-5,1,-4,3,-2,5,0,5,-1,6,-4,8,-2,2,0,0,0,0,0,0,0,0,0,0,0,0,0,0,0,0,0,0,-4,-2,-11,-8,-8,-9,-6,-11,-4,-12,-2,-11,-3,-12,-3,-11,-2,-7,-3,-5,-2,-5,0,-2,1,2,2,4,5,4,4,8,4,15,5,16,4,16,3,19,4,22,7,25,7,26,4,23,5,20,6,19,6,18"
79.79892110824585,904,"CSI,1191,128,77,-47,20,0,6,0,-1,-1,-5,-4,-9,-5,-12,-6,-14,-5,-15,-7,-15,-13,-20,-15,-23,-13,-21,-11,-18,-8,-17,-8,-16,-9,-15,-9,-13,-6,-11,-3,-8,-3,-6,-2,-4,-1,0,0,4,4,6,5,8,4,8,6,1,1,0,0,0,0,0,0,0,0,0,0,0,0,0,0,0,0,0,0,-4,0,-14,3,-13,4,-13,4,-15,2,-15,2,-14,1,-11,0,-10,0,-9,-1,-8,-1,-4,0,1,0,3,-2,6,-2,9,0,12,1,17,0,21,2,25,3,28,4,27,4,26,3,27,3,26,4,23,4,20,2"
79.8298408985138,905,"CSI,1192,128,75,-79,20,0,-6,-7,-3,-1,0,3,3,6,7,11,9,17,9,17,8,15,7,18,8,23,10,23,11,19,10,17,10,14,10,10,8,8,6,5,4,2,1,1,-1,1,-2,0,-4,-3,-6,-7,-6,-10,-5,-11,-2,-3,0,0,0,0,0,0,0,0,0,0,0,0,0,0,0,0,0,0,2,1,10,5,8,7,8,10,8,12,8,11,7,11,6,9,4,5,3,5,1,6,-2,3,-4,0,-6,-3,-6,-5,-6,-8,-9,-11,-10,-14,-9,-16,-12,-20,-16,-24,-17,-26,-16,-27,-18,-27,-19,-26,-16,-26,-13,-23"
79.86877608299255,906,"CSI,1018,128,83,49,21,0,1,16,1,7,4,-1,6,-2,7,-3,9,-8,12,-7,15,-4,15,-9,15,-15,17,-16,19,-14,18,-15,15,-14,11,-11,10,-6,9,-5,7,-5,5,-4,3,-3,1,-2,-2,0,-4,2,-5,1,-5,1,-2,0,0,0,0,0,0,0,0,0,0,0,0,0,0,0,0,0,0,0,-3,0,-9,1,-10,-1,-11,-3,-12,-5,-13,-7,-14,-7,-11,-6,-9,-5,-9,-4,-9,-3,-10,-2,-7,1,-3,3,-1,5,0,5,0,8,1,14,0,17,-2,16,-2,19,3,25,3,30,1,32,2,30,2,27,-1,26"
79.97215795516968,907,"CSI,1022,128,83,49,21,0,-9,8,-6,7,-1,5,3,3,6,3,8,5,14,4,20,-1,21,-1,20,3,17,6,15,7,17,6,17,5,15,5,13,4,9,3,7,2,5,0,3,-1,0,-2,-1,-2,-3,-2,-5,-3,-5,-5,-1,-2,0,0,0,0,0,0,0,0,0,0,0,0,0,0,0,0,0,0,-2,-2,-7,-6,-8,-7,-8,-9,-6,-10,-4,-10,-3,-11,-3,-10,-2,-11,-2,-10,-3,-8,-4,-6,-5,-5,-5,-4,-4,-2,-5,2,-8,6,-10,10,-11,13,-12,16,-14,17,-15,17,-18,17,-22,16,-22,14,-22,14,-21,17"
80.07492899894714,908,"CSI,1026,128,83,49,21,0,-16,-3,-11,-1,-7,4,-6,10,-3,13,-1,13,-3,12,-6,10,-7,12,-7,17,-8,19,-7,17,-5,14,-3,13,-3,13,-3,12,-1,9,0,7,1,6,3,4,2,3,2,2,5,-1,7,-3,8,-2,2,-1,0,0,0,0,0,0,0,0,0,0,0,0,0,0,0,0,0,0,-2,-3,-5,-11,-1,-14,0,-14,1,-12,1,-10,1,-9,2,-8,2,-7,3,-7,2,-8,-2,-7,-4,-6,-5,-4,-9,-2,-12,-3,-13,-3,-15,-1,-19,0,-20,-2,-19,-3,-18,-5,-20,-7,-22,-7,-24,-7,-23,-7,-21,-9"
80.17639684677124,909,"CSI,1031,128,83,49,21,0,-11,6,-5,5,0,3,5,2,8,2,12,2,14,5,12,7,14,7,19,7,20,7,17,7,16,5,15,4,14,3,11,2,7,3,5,2,5,0,5,-1,3,-1,1,-3,-1,-7,-2,-9,-5,-9,-2,-3,0,0,0,0,0,0,0,0,0,0,0,0,0,0,0,0,0,0,-2,-2,-8,-6,-9,-8,-9,-10,-7,-12,-4,-13,-3,-12,-4,-11,-4,-12,-2,-10,-1,-6,-1,-4,-3,-1,-4,1,-5,2,-7,4,-10,5,-10,7,-8,9,-9,12,-12,15,-17,17,-21,15,-22,15,-24,19,-23,19,-21,17"
80.27945685386658,910,"CSI,1034,128,83,49,21,0,2,9,3,5,2,0,4,-5,6,-9,6,-9,10,-10,15,-13,16,-18,14,-19,14,-16,13,-15,12,-15,13,-13,13,-11,11,-8,8,-7,4,-6,0,-4,-2,-4,-3,-2,-4,1,-5,2,-6,3,-8,1,-2,0,0,0,0,0,0,0,0,0,0,0,0,0,0,0,0,0,0,0,-3,-2,-12,-5,-11,-6,-10,-8,-8,-9,-7,-10,-7,-11,-6,-11,-6,-10,-3,-7,-3,-6,-3,-4,-2,0,-2,4,-2,7,-2,10,-1,13,-1,14,-1,16,1,20,0,23,-1,24,1,23,2,20,0,22,-3,24,-4,22"
80.38032603263855,911,"CSI,1039,128,83,49,21,0,-1,-2,0,1,3,5,6,9,6,12,4,14,5,11,8,7,9,12,7,16,6,15,8,13,10,13,10,12,8,9,6,6,3,4,-1,3,-3,3,-3,1,-3,0,-4,-2,-5,-2,-8,-2,-10,-4,-3,-2,0,0,0,0,0,0,0,0,0,0,0,0,0,0,0,0,0,0,-2,2,-8,9,-9,10,-10,9,-11,9,-11,8,-8,3,-6,1,-4,-1,-2,-4,-1,-4,-1,-5,0,-6,1,-8,1,-10,2,-12,3,-17,1,-18,2,-16,3,-16,2,-19,1,-21,0,-22,-3,-20,-3,-19,-4,-19,-7,-17"
80.68779993057251,912,"CSI,1050,128,83,49,21,0,-26,-5,-16,-3,-7,-2,-2,-1,4,-1,9,0,14,2,22,1,26,-1,26,0,25,2,25,5,25,6,25,5,23,5,18,5,12,5,9,3,7,0,4,-1,2,0,-2,1,-7,0,-8,-3,-9,-5,-3,-2,0,0,0,0,0,0,0,0,0,0,0,0,0,0,0,0,0,0,2,0,10,1,11,0,13,0,14,-1,15,-2,16,0,16,-1,16,-3,14,-4,11,-2,8,0,5,1,2,-1,-1,-3,-4,-3,-7,-2,-10,-3,-14,-5,-20,-7,-26,-4,-31,0,-32,0,-33,-2,-35,-3,-33,-4,-32,-5"
80.79112505912781,913,"CSI,1054,128,83,49,21,0,-10,-14,-5,-9,1,-4,5,-2,7,0,13,4,15,5,13,6,16,9,22,11,23,11,23,9,22,8,20,5,16,4,11,5,9,3,5,1,2,0,-1,-1,-4,0,-5,2,-6,3,-9,2,-13,0,-4,0,0,0,0,0,0,0,0,0,0,0,0,0,0,0,0,0,0,0,0,2,0,9,-1,11,1,14,0,15,-2,14,-3,13,-4,13,-4,12,-4,12,-4,12,-2,12,0,10,-1,5,-2,0,-4,-4,-7,-9,-8,-12,-8,-14,-10,-19,-12,-22,-15,-23,-17,-25,-18,-26,-19,-27,-20,-26,-19,-25"
80.89331483840942,914,"CSI,1059,128,83,49,21,0,-1,21,1,14,3,8,2,3,2,-2,4,-9,2,-16,1,-19,3,-19,6,-21,9,-22,10,-22,8,-20,5,-18,5,-19,7,-16,8,-12,8,-8,4,-5,0,-3,-5,-2,-6,0,-5,2,-5,3,-7,1,-2,0,0,0,0,0,0,0,0,0,0,0,0,0,0,0,0,0,0,0,-2,-1,-9,-5,-9,-9,-9,-12,-8,-13,-8,-14,-8,-15,-7,-15,-5,-16,-5,-14,-6,-10,-6,-8,-4,-6,-3,-2,-4,4,-2,9,-2,11,-5,13,-3,16,1,20,3,22,3,25,2,28,0,32,-1,36,0,36,0,32"
80.99632906913757,915,"CSI,1063,128,83,49,21,0,-11,-27,-9,-23,-8,-17,-7,-8,-8,-1,-9,4,-8,9,-6,17,-5,24,-7,24,-10,21,-7,22,-7,24,-8,23,-9,22,-11,20,-10,16,-7,10,-5,7,-3,5,-2,4,0,3,2,0,2,-3,1,-6,0,-2,0,0,0,0,0,0,0,0,0,0,0,0,0,0,0,0,0,0,1,-1,7,-1,7,1,10,3,11,7,11,9,11,10,11,10,12,10,13,10,11,10,9,10,9,6,11,2,9,0,4,-3,2,-8,0,-11,-4,-13,-7,-16,-7,-20,-6,-25,-7,-30,-10,-32,-11,-35,-10,-35,-4,-33"
81.09614086151123,916,"CSI,1066,128,83,49,21,0,-1,18,-2,12,1,8,4,4,9,2,14,1,18,-2,22,-2,24,-2,23,-4,23,-3,25,-2,24,0,21,2,20,2,17,2,11,4,7,2,6,-3,5,-5,3,-4,2,-3,0,-4,0,-5,0,-7,0,-2,0,0,0,0,0,0,0,0,0,0,0,0,0,0,0,0,0,0,-2,1,-7,4,-7,4,-10,4,-13,4,-13,2,-12,2,-13,2,-13,1,-11,1,-9,2,-8,4,-5,6,-2,7,-4,7,-5,10,-2,12,0,13,-1,14,1,16,3,20,4,21,7,23,9,27,9,32,9,33,7,29"
81.20210480690002,917,"CSI,1071,128,83,49,21,0,11,-16,10,-15,5,-12,1,-8,-3,-9,-9,-9,-13,-10,-16,-15,-19,-17,-20,-15,-16,-13,-15,-14,-16,-15,-15,-17,-12,-17,-9,-14,-5,-13,-4,-12,-4,-11,-3,-8,-2,-4,0,-2,-2,0,-4,3,-5,4,-2,1,0,0,0,0,0,0,0,0,0,0,0,0,0,0,0,0,0,0,2,-1,8,-5,7,-5,8,-6,8,-6,8,-5,10,-3,11,-2,9,-3,6,-5,6,-4,7,-4,6,-7,5,-9,6,-9,7,-11,7,-12,5,-9,2,-10,-1,-15,-2,-20,1,-22,3,-25,3,-27,4,-29,5,-30,7,-32"
81.3022849559784,918,"CSI,1075,128,83,49,21,0,-9,8,-5,8,-2,6,0,6,1,8,2,12,3,14,4,12,1,15,-2,18,-3,17,-2,14,1,15,0,13,-3,10,-3,9,-3,7,-2,7,-1,5,0,3,2,3,4,1,5,-2,7,-3,8,-2,2,-1,0,0,0,0,0,0,0,0,0,0,0,0,0,0,0,0,0,0,-3,-1,-11,-3,-12,-6,-11,-7,-10,-7,-8,-7,-4,-7,-2,-6,-2,-2,-4,0,-6,3,-7,4,-8,3,-9,4,-9,6,-11,5,-13,6,-12,8,-13,9,-14,10,-14,10,-16,11,-18,13,-21,12,-24,10,-23,10,-17,8"
81.40687394142151,919,"CSI,1079,128,83,49,21,0,-15,-12,-13,-8,-11,-3,-10,4,-7,8,-6,12,-7,20,-9,27,-9,27,-8,23,-7,22,-8,22,-11,21,-11,19,-10,18,-9,15,-7,12,-6,9,-5,7,-4,6,-3,3,0,0,3,-2,7,-2,9,-2,2,-1,0,0,0,0,0,0,0,0,0,0,0,0,0,0,0,0,0,0,0,-3,4,-9,6,-11,7,-11,8,-8,8,-8,7,-9,8,-9,8,-8,6,-5,5,-6,5,-7,3,-7,0,-7,-3,-7,-6,-7,-9,-8,-12,-7,-16,-7,-22,-10,-25,-12,-26,-12,-25,-13,-26,-15,-27,-19,-27,-22,-26,-22"
81.50976276397705,920,"CSI,1082,128,83,49,21,0,16,-11,11,-9,3,-9,-2,-10,-6,-12,-10,-13,-13,-12,-12,-14,-12,-18,-14,-18,-14,-17,-14,-20,-14,-20,-13,-19,-10,-18,-10,-17,-8,-15,-6,-11,-5,-6,-5,-2,-6,0,-7,2,-7,4,-8,6,-8,7,-2,1,0,0,0,0,0,0,0,0,0,0,0,0,0,0,0,0,0,0,2,1,10,3,8,3,10,4,14,7,14,7,12,6,12,7,13,7,13,7,14,6,15,5,13,4,11,2,10,0,9,-2,10,-4,10,-9,10,-16,11,-18,12,-21,14,-25,17,-26,20,-29,23,-31,24,-29,23,-26"
81.60829591751099,921,"CSI,1087,128,83,49,21,0,-1,19,4,13,8,8,12,5,16,1,16,-1,20,-3,25,-5,26,-1,25,3,24,5,22,6,21,6,19,6,19,7,17,7,13,4,9,1,5,0,3,0,4,-1,4,-3,3,-7,3,-10,3,-11,0,-3,0,0,0,0,0,0,0,0,0,0,0,0,0,0,0,0,0,0,-1,1,-3,5,-7,7,-10,8,-12,7,-13,5,-13,5,-14,5,-13,4,-12,1,-11,0,-11,3,-9,7,-8,9,-5,9,-2,10,1,12,3,16,3,19,0,22,2,25,5,26,6,30,6,34,3,35,-2,35,-4,33"
81.71302676200867,922,"CSI,1090,128,83,49,21,0,1,-17,-3,-11,-6,-6,-12,-1,-17,1,-20,2,-24,1,-32,0,-33,1,-31,4,-28,3,-27,3,-26,2,-26,0,-25,-1,-21,-2,-17,-3,-13,0,-9,2,-6,2,-4,3,-1,5,1,6,1,6,1,5,0,1,0,0,0,0,0,0,0,0,0,0,0,0,0,0,0,0,0,0,2,-2,9,-7,11,-5,12,-3,14,-2,16,0,17,0,17,-1,15,1,13,5,11,5,10,3,9,-1,5,-4,0,-7,-1,-10,0,-12,0,-14,-3,-16,-3,-21,-5,-26,-8,-30,-5,-33,-3,-36,-4,-37,-2,-35,1,-34"
81.81300592422485,923,"CSI,1095,128,83,49,21,0,1,13,1,9,4,5,10,4,17,4,20,4,20,5,19,7,22,8,25,6,24,4,20,6,18,7,17,6,15,6,14,4,12,2,9,2,8,1,8,-2,5,-4,3,-6,3,-6,5,-7,5,-9,1,-3,0,0,0,0,0,0,0,0,0,0,0,0,0,0,0,0,0,0,-2,0,-8,2,-9,3,-11,4,-13,1,-13,-3,-12,-2,-10,0,-8,1,-7,2,-5,4,-4,5,-2,5,-2,7,-4,9,-4,13,-1,17,1,18,0,19,-1,21,-1,22,-2,26,-1,31,0,30,-6,29,-12,30,-13,29"
81.91706085205078,924,"CSI,1099,128,83,49,21,0,16,3,11,-1,8,-5,4,-9,-1,-13,-4,-16,-2,-19,2,-22,-1,-27,-5,-30,-6,-28,-6,-26,-3,-25,-2,-23,-2,-20,0,-18,0,-12,-1,-7,-2,-5,-2,-3,-4,0,-7,2,-6,3,-6,5,-7,7,-2,1,0,0,0,0,0,0,0,0,0,0,0,0,0,0,0,0,0,0,-1,2,-4,10,-7,11,-9,12,-8,13,-7,14,-8,15,-9,13,-10,10,-8,7,-5,9,-4,11,-3,9,0,7,4,6,9,5,13,3,14,4,19,4,25,3,27,2,30,3,32,6,33,7,35,7,37,10,34,13"
82.0193350315094,925,"CSI,1103,128,83,49,21,0,15,-12,9,-9,3,-8,-2,-6,-7,-4,-11,-1,-17,-1,-22,-5,-24,-6,-25,-4,-27,-3,-27,-2,-25,-3,-21,-5,-19,-4,-16,-3,-12,-2,-8,-2,-5,-1,-5,-1,-5,1,-1,3,1,4,3,4,5,5,1,1,0,0,0,0,0,0,0,0,0,0,0,0,0,0,0,0,0,0,1,1,6,5,8,5,9,7,7,9,7,11,6,13,3,12,1,11,1,10,3,8,5,6,5,4,3,0,4,-5,5,-6,5,-7,5,-11,7,-16,8,-17,10,-19,13,-24,13,-28,13,-27,16,-29,19,-30,18,-28"
82.12220191955566,926,"CSI,1107,128,83,49,21,0,-10,14,-6,12,-1,9,5,6,11,4,14,1,15,2,16,4,22,3,27,4,25,4,23,4,23,6,22,7,18,5,12,4,9,3,7,1,5,-1,3,-1,1,0,-1,-1,-3,-3,-2,-4,0,-4,0,-1,0,0,0,0,0,0,0,0,0,0,0,0,0,0,0,0,0,0,-3,-1,-11,-1,-11,-3,-11,-6,-12,-7,-13,-7,-12,-6,-10,-7,-8,-8,-9,-5,-12,-2,-10,1,-6,3,-7,5,-9,7,-8,11,-6,13,-5,14,-4,16,-3,18,-4,20,-5,24,-8,27,-10,28,-13,30,-14,30,-14,28"
82.22335696220398,927,"CSI,1194,128,77,-47,20,0,-6,18,-4,12,1,7,7,3,11,-1,13,-4,14,-4,14,-5,18,-5,24,-7,29,-6,28,-3,25,-1,21,-2,16,-3,15,-4,13,-3,7,-1,3,0,2,-1,2,-4,0,-4,-3,-4,-6,-3,-7,-3,-2,-1,0,0,0,0,0,0,0,0,0,0,0,0,0,0,0,0,0,0,-2,-2,-5,-5,-5,-7,-7,-9,-10,-8,-10,-9,-11,-12,-9,-13,-8,-9,-8,-7,-8,-6,-8,-5,-7,-1,-7,2,-9,5,-11,6,-11,7,-10,10,-8,14,-7,20,-7,24,-6,25,-6,27,-8,30,-8,32,-10,30,-15,27"
82.25663685798645,928,"CSI,1111,128,83,49,21,0,-12,12,-9,8,-4,4,1,3,9,3,15,2,20,3,24,9,26,10,27,8,23,7,19,6,17,5,17,6,17,6,15,4,12,1,9,0,6,-2,3,-2,1,-2,0,-3,-2,-2,-2,-4,-1,-6,-1,-2,0,0,0,0,0,0,0,0,0,0,0,0,0,0,0,0,0,0,-2,-3,-5,-11,-5,-10,-6,-11,-7,-13,-8,-13,-6,-12,-5,-12,-4,-12,-3,-12,-4,-10,-5,-7,-7,-4,-9,-2,-11,0,-12,2,-11,5,-9,9,-10,13,-14,15,-16,17,-17,20,-19,24,-18,26,-20,28,-25,28,-26,25"
82.28729677200317,929,"CSI,1195,128,77,-47,20,0,-13,14,-7,11,1,8,6,3,9,0,12,2,14,3,15,1,18,2,21,4,23,5,21,6,18,7,16,8,16,7,13,7,8,5,4,4,2,2,1,-2,2,-4,0,-3,-1,-2,0,-3,-2,-5,-1,-2,0,0,0,0,0,0,0,0,0,0,0,0,0,0,0,0,0,0,-3,-2,-11,-6,-12,-6,-12,-6,-13,-6,-12,-6,-11,-6,-10,-6,-9,-6,-10,-7,-11,-5,-12,-3,-13,-1,-12,0,-11,0,-11,2,-11,4,-9,8,-9,14,-8,20,-7,23,-9,24,-12,27,-14,29,-16,29,-17,26,-18,22"
82.32621192932129,930,"CSI,1114,128,83,49,21,0,11,15,7,10,4,4,3,-2,3,-10,4,-14,8,-17,13,-22,12,-25,10,-23,10,-22,11,-21,12,-19,10,-17,9,-16,9,-12,8,-8,6,-7,3,-7,0,-6,-3,-3,-5,-1,-5,0,-6,2,-7,1,-2,0,0,0,0,0,0,0,0,0,0,0,0,0,0,0,0,0,0,0,-2,1,-7,6,-10,4,-10,7,-9,9,-10,7,-12,5,-12,6,-9,7,-7,7,-7,6,-7,7,-4,7,0,7,1,9,3,11,7,10,9,9,11,9,15,12,19,14,21,17,24,20,25,22,28,22,28,24,26,26"
82.38365912437439,931,"CSI,1196,128,75,-79,20,0,-19,-4,-16,-2,-11,4,-6,9,-2,12,-1,16,0,17,3,15,3,17,-1,20,-3,21,-4,23,-4,23,-6,21,-7,18,-5,13,-3,10,-3,9,-2,6,1,3,3,2,4,1,6,1,6,0,4,-1,1,-1,0,0,0,0,0,0,0,0,0,0,0,0,0,0,0,0,0,0,-1,-1,-2,-6,-3,-10,-5,-12,-7,-11,-6,-10,-5,-11,-5,-12,-4,-12,-2,-11,-4,-12,-7,-11,-7,-10,-7,-7,-7,-3,-11,-2,-14,-1,-16,3,-17,4,-21,5,-25,6,-27,7,-27,7,-28,4,-32,2,-33,1,-33,-3"
82.41691088676453,932,"CSI,1197,128,75,-79,20,0,16,-7,12,-6,6,-4,0,-4,-9,-8,-14,-10,-17,-12,-19,-18,-19,-18,-19,-16,-18,-17,-15,-18,-13,-19,-11,-18,-8,-15,-6,-12,-4,-9,-3,-7,-3,-7,-4,-4,-2,1,1,4,1,4,-2,5,-5,7,-2,2,0,0,0,0,0,0,0,0,0,0,0,0,0,0,0,0,0,0,0,1,4,7,7,8,7,10,5,12,4,11,4,10,2,10,1,10,2,11,5,8,7,4,7,1,7,0,9,0,11,-3,13,-6,15,-7,17,-8,19,-11,19,-15,23,-16,27,-16,26,-18,26,-20,27,-19,27,-18"
82.4492130279541,933,"CSI,1119,128,83,49,21,0,-15,-9,-10,-4,-5,2,-3,7,-1,11,0,15,-4,14,-8,15,-10,22,-9,26,-8,22,-10,20,-11,17,-10,14,-9,14,-6,10,-4,8,-4,7,-4,5,-3,3,1,0,4,-1,6,0,5,1,4,0,1,0,0,0,0,0,0,0,0,0,0,0,0,0,0,0,0,0,0,0,-1,-3,-3,-11,-4,-12,-2,-12,-1,-14,-1,-15,-1,-14,1,-13,2,-11,2,-11,1,-11,-2,-9,-3,-8,-4,-7,-6,-7,-9,-7,-11,-4,-12,-2,-15,-3,-19,-4,-23,-2,-27,-1,-29,-2,-30,-3,-32,-5,-33,-8,-33,-8"
82.53334784507751,934,"CSI,1123,128,83,49,21,0,-12,-16,-12,-9,-9,-2,-5,3,-5,8,-5,13,-8,19,-15,22,-15,23,-11,23,-11,22,-10,20,-11,17,-12,14,-12,11,-10,9,-8,8,-6,5,-3,2,-1,0,1,0,3,1,5,0,6,-2,7,-2,1,-1,0,0,0,0,0,0,0,0,0,0,0,0,0,0,0,0,0,0,1,-1,6,-4,7,-5,8,-7,9,-5,12,-4,12,-3,10,-3,8,-4,6,-4,6,-5,7,-7,5,-8,0,-8,-3,-9,-6,-10,-7,-12,-8,-14,-9,-14,-13,-14,-16,-16,-17,-20,-19,-23,-23,-25,-23,-26,-22,-27,-20,-28"
82.63630080223083,935,"CSI,1127,128,83,49,21,0,-12,-18,-12,-10,-11,-3,-8,4,-7,10,-10,12,-10,15,-7,20,-7,22,-13,21,-17,18,-18,15,-18,12,-16,9,-14,7,-13,6,-11,5,-7,5,-3,5,-1,4,1,2,3,1,4,1,5,2,6,3,1,0,0,0,0,0,0,0,0,0,0,0,0,0,0,0,0,0,0,0,0,-2,3,-7,5,-8,8,-10,11,-10,12,-8,12,-7,11,-5,10,-5,8,-5,6,-6,3,-8,0,-8,-2,-8,-3,-11,-3,-11,-5,-10,-9,-10,-12,-13,-15,-17,-18,-18,-19,-19,-21,-22,-23,-24,-22,-24,-19,-25,-17,-24"
82.73586583137512,936,"CSI,1131,128,83,49,21,0,-6,20,-2,13,1,5,5,2,13,0,18,-3,22,-5,28,-6,27,-6,23,-5,23,-5,22,-3,21,-2,21,1,20,2,16,1,12,1,9,2,4,-1,2,-3,-1,-5,-1,-4,0,-4,-3,-5,-6,-7,-2,-2,0,0,0,0,0,0,0,0,0,0,0,0,0,0,0,0,0,0,-2,0,-7,1,-11,0,-15,1,-16,0,-15,-3,-14,-5,-12,-6,-12,-4,-10,-2,-6,-1,-4,0,-5,0,-4,3,-2,8,-3,11,-2,13,1,16,2,18,1,22,1,25,1,28,1,30,0,32,-1,34,-2,35,-2,32"
82.94311499595642,937,"CSI,1138,128,83,49,21,0,-17,17,-9,13,-2,9,3,8,9,7,15,7,17,8,16,9,19,10,23,12,24,12,26,12,26,13,23,13,19,14,15,11,9,7,3,5,2,1,0,-1,-2,-2,-2,-4,-2,-6,-3,-6,-4,-7,-1,-2,0,0,0,0,0,0,0,0,0,0,0,0,0,0,0,0,0,0,-2,-1,-6,-4,-7,-8,-9,-11,-9,-14,-6,-16,-5,-16,-4,-14,-2,-12,-2,-12,-3,-13,-5,-11,-6,-7,-7,-4,-9,-1,-9,2,-10,6,-13,9,-15,11,-13,15,-14,17,-16,21,-20,24,-25,23,-30,22,-31,24,-31,24"
83.04299187660217,938,"CSI,1143,128,83,49,21,0,10,-19,6,-13,0,-8,-7,-4,-10,0,-14,2,-16,2,-15,4,-18,4,-21,3,-21,3,-23,2,-24,2,-23,0,-21,-4,-19,-4,-13,-4,-9,-3,-8,-1,-7,1,-4,4,0,5,2,5,5,6,5,7,1,2,0,0,0,0,0,0,0,0,0,0,0,0,0,0,0,0,0,0,1,0,6,2,9,6,11,9,12,8,12,7,10,8,9,10,11,11,12,11,11,9,10,7,7,4,5,0,5,-4,5,-6,5,-10,5,-13,7,-14,8,-17,8,-23,10,-28,12,-31,14,-32,13,-35,13,-36,14,-34"
83.35175395011902,939,"CSI,1154,128,83,49,21,0,-24,2,-20,1,-11,2,0,3,6,7,10,9,13,13,15,20,20,22,25,19,26,16,23,15,19,18,16,18,14,14,11,12,9,10,6,8,3,4,2,0,1,-1,1,-1,0,-6,-2,-10,-1,-11,0,-3,0,0,0,0,0,0,0,0,0,0,0,0,0,0,0,0,0,0,-2,-3,-5,-11,0,-14,3,-15,4,-16,4,-19,6,-19,6,-15,4,-13,2,-13,2,-13,3,-12,0,-11,-4,-7,-8,-3,-10,-1,-12,-1,-15,-1,-18,0,-22,2,-27,6,-31,9,-35,10,-36,10,-40,10,-42,8,-39,6"
83.45522689819336,940,"CSI,1158,128,83,49,21,0,-21,10,-15,6,-10,2,-5,2,1,4,6,7,13,11,21,15,24,15,22,14,20,14,18,15,15,19,12,23,11,19,9,13,6,10,4,7,1,5,1,1,3,-3,2,-5,0,-6,-1,-9,0,-10,0,-3,0,0,0,0,0,0,0,0,0,0,0,0,0,0,0,0,0,0,-1,-2,-5,-7,-6,-10,-7,-15,-7,-17,-5,-17,-3,-16,-3,-14,-3,-13,-3,-12,-4,-12,-4,-11,-3,-10,-6,-8,-9,-4,-8,-2,-10,-1,-16,2,-21,5,-23,11,-25,16,-26,18,-28,19,-33,17,-36,16,-36,16,-33,13"
83.56089687347412,941,"CSI,1163,128,83,49,21,0,-19,-17,-14,-11,-7,-4,-3,0,-4,6,-2,11,0,15,-4,18,-3,23,0,26,0,28,-1,30,-2,28,-3,26,-4,25,-6,21,-5,13,-2,8,-1,5,-1,3,-1,2,1,-3,3,-8,4,-9,4,-8,0,-2,0,0,0,0,0,0,0,0,0,0,0,0,0,0,0,0,0,0,1,-1,7,-3,10,-4,13,-6,15,-6,16,-3,14,-3,13,-4,13,-4,12,-4,12,-6,13,-6,8,-7,2,-7,0,-6,-5,-7,-10,-10,-13,-13,-16,-17,-20,-19,-21,-19,-23,-21,-29,-22,-33,-21,-34,-24,-32,-29,-30,-30"
83.59169483184814,942,"CSI,1198,128,77,-47,20,0,-23,-3,-18,-1,-13,3,-6,6,-1,9,0,11,4,15,11,20,12,22,8,23,5,25,6,26,5,26,2,25,-2,22,-6,18,-4,15,-1,12,-1,8,-1,3,0,-2,0,-5,3,-7,6,-9,5,-10,1,-3,0,0,0,0,0,0,0,0,0,0,0,0,0,0,0,0,0,0,-1,-3,-3,-12,-1,-14,2,-15,3,-14,1,-14,2,-16,4,-16,6,-14,6,-12,3,-12,0,-12,-1,-11,-1,-9,-3,-7,-6,-6,-11,-4,-17,-1,-23,0,-27,-1,-30,-2,-35,-1,-37,-1,-39,-6,-44,-7,-42,-4,-35,-6"
83.65924096107483,943,"CSI,1166,128,83,49,21,0,-19,16,-13,12,-5,8,1,5,7,4,14,2,17,1,16,1,20,2,28,2,30,3,27,4,25,3,24,2,21,3,18,4,14,5,10,3,8,-1,7,-2,1,-1,-3,-2,-4,-5,-5,-6,-8,-8,-3,-3,0,0,0,0,0,0,0,0,0,0,0,0,0,0,0,0,0,0,-1,-3,-1,-10,0,-12,-2,-14,-3,-15,0,-17,2,-17,1,-14,1,-11,1,-12,-3,-13,-6,-13,-5,-10,-6,-5,-9,-2,-11,0,-13,3,-13,7,-13,11,-17,14,-22,16,-25,18,-27,20,-30,20,-32,22,-33,24,-35,22"
83.80835890769958,944,"CSI,1199,128,77,-47,20,0,-16,21,-10,16,-5,10,-1,5,4,2,11,1,18,3,21,6,25,5,29,3,31,1,28,2,25,5,25,6,25,6,21,5,16,5,11,4,7,1,4,-1,1,-1,-1,-1,-5,-3,-7,-6,-6,-9,-2,-3,0,0,0,0,0,0,0,0,0,0,0,0,0,0,0,0,0,0,-3,-2,-10,-8,-9,-9,-10,-10,-11,-12,-10,-12,-9,-12,-6,-14,-5,-16,-5,-15,-5,-11,-6,-9,-8,-7,-5,-6,-5,-4,-9,1,-10,6,-10,10,-10,13,-11,17,-15,22,-17,29,-18,31,-19,32,-22,33,-25,33,-25,30"
83.86314702033997,945,"CSI,1174,128,83,49,21,0,15,-15,9,-14,5,-9,0,-3,-9,-3,-18,-4,-20,0,-17,4,-21,0,-27,-5,-29,-7,-29,-6,-29,-5,-26,-5,-22,-6,-19,-7,-16,-4,-14,-2,-11,-2,-6,-2,-3,-1,0,0,3,3,4,6,5,7,1,1,0,0,0,0,0,0,0,0,0,0,0,0,0,0,0,0,0,0,0,2,2,11,4,12,4,12,2,13,0,13,0,13,0,13,2,13,3,13,3,13,4,12,6,9,6,5,5,1,6,-3,8,-4,11,-7,12,-12,16,-18,18,-22,17,-24,21,-28,24,-30,26,-29,27,-26,29,-24"
83.9654438495636,946,"CSI,1179,128,83,49,21,0,11,20,8,14,5,6,3,-1,3,-9,2,-15,2,-20,1,-28,1,-27,2,-26,3,-27,5,-25,6,-25,7,-25,9,-24,9,-20,9,-14,9,-11,4,-7,0,-4,1,-1,2,1,0,2,-5,3,-8,5,-3,1,0,0,0,0,0,0,0,0,0,0,0,0,0,0,0,0,0,0,-3,0,-11,2,-12,-1,-14,-5,-15,-5,-16,-5,-16,-7,-13,-9,-10,-8,-13,-6,-14,-4,-11,-2,-7,-1,-5,1,-2,3,0,8,1,13,3,14,6,16,9,19,12,21,15,24,18,27,20,28,21,30,21,33,23,32"
84.06829285621643,947,"CSI,1182,128,83,49,21,0,-13,15,-10,9,-5,6,2,6,8,5,14,4,18,2,18,-1,20,0,25,1,29,2,30,4,28,6,25,7,21,8,17,7,12,6,8,5,6,4,4,2,1,0,-3,-3,-4,-6,-5,-8,-8,-9,-3,-3,0,0,0,0,0,0,0,0,0,0,0,0,0,0,0,0,0,0,-2,-2,-7,-6,-8,-8,-9,-9,-9,-10,-8,-11,-6,-12,-5,-12,-8,-9,-9,-5,-9,-7,-9,-9,-9,-9,-8,-5,-10,1,-11,3,-11,5,-12,11,-11,16,-11,20,-12,25,-10,29,-9,31,-12,31,-17,33,-19,34,-20,33"
84.17184901237488,948,"CSI,1186,128,83,49,21,0,15,-12,10,-11,3,-11,-3,-9,-8,-9,-13,-9,-17,-5,-22,-2,-27,-3,-29,-7,-28,-10,-28,-12,-28,-12,-26,-13,-23,-13,-18,-12,-14,-11,-10,-9,-6,-6,-3,-3,-3,0,-2,2,1,3,3,5,4,6,1,1,0,0,0,0,0,0,0,0,0,0,0,0,0,0,0,0,0,0,0,1,-1,8,-3,10,-4,11,-5,11,-6,11,-4,11,-4,11,-6,11,-5,11,-2,11,-1,8,-1,6,1,6,4,3,6,0,9,-1,12,-2,15,-5,17,-9,21,-12,26,-13,29,-14,29,-16,30,-19,31,-18,30,-14"
84.27422976493835,949,"CSI,1191,128,83,49,21,0,18,-16,15,-12,9,-9,1,-9,-5,-11,-10,-13,-12,-13,-14,-12,-19,-14,-23,-16,-22,-16,-24,-18,-26,-17,-24,-17,-20,-17,-17,-15,-13,-12,-8,-10,-6,-7,-4,-3,-1,0,0,4,0,8,-2,10,-3,9,-1,2,0,0,0,0,0,0,0,0,0,0,0,0,0,0,0,0,0,0,1,1,3,8,2,9,1,11,0,12,-1,13,0,15,1,15,1,14,0,13,0,13,0,11,2,8,5,5,7,1,11,-3,12,-4,11,-3,12,-7,16,-12,19,-13,22,-15,25,-17,28,-16,29,-16,29,-16,28,-14"
84.37648582458496,950,"CSI,1195,128,83,49,21,0,20,-7,12,-5,6,-6,0,-10,-6,-11,-9,-14,-12,-19,-14,-23,-18,-23,-18,-23,-19,-22,-20,-22,-19,-25,-14,-24,-10,-20,-8,-19,-4,-17,-3,-12,-3,-6,-2,-3,-2,-2,-1,1,-2,4,-3,7,-5,6,-2,1,0,0,0,0,0,0,0,0,0,0,0,0,0,0,0,0,0,0,1,1,4,5,3,9,3,12,2,14,0,14,-3,15,-3,17,-2,17,-1,15,-2,14,-2,13,-2,10,0,7,4,4,9,1,13,-1,16,-5,18,-7,22,-7,24,-7,26,-9,29,-11,32,-11,34,-11,35,-11,32,-11"
84.4783308506012,951,"CSI,1199,128,83,49,21,0,16,-16,9,-11,0,-8,-8,-9,-14,-8,-19,-4,-24,-3,-28,-4,-29,-4,-30,-2,-31,0,-31,-3,-31,-6,-29,-7,-25,-9,-20,-9,-16,-7,-12,-4,-9,-2,-6,1,-4,2,-1,2,2,4,5,7,4,9,0,2,0,0,0,0,0,0,0,0,0,0,0,0,0,0,0,0,0,0,0,1,2,7,3,9,3,11,-1,13,-3,15,-4,15,-3,16,-2,15,-1,12,0,11,-1,11,-1,9,2,6,4,4,7,1,10,-3,12,-8,14,-12,17,-15,20,-17,24,-20,25,-21,26,-21,30,-24,32,-26,32,-21"
84.58102202415466,952,"CSI,1202,128,83,49,21,0,-22,-4,-17,-1,-11,0,-8,3,-3,8,3,14,8,21,8,27,9,27,12,25,12,24,10,24,6,25,5,26,2,25,0,21,0,14,-1,10,-2,9,-1,5,0,-1,0,-5,1,-7,1,-9,3,-9,1,-3,0,0,0,0,0,0,0,0,0,0,0,0,0,0,0,0,0,0,0,-4,4,-14,8,-11,9,-13,9,-16,10,-15,11,-14,12,-13,13,-10,10,-8,9,-9,7,-11,3,-9,0,-6,-2,-6,-6,-7,-10,-8,-15,-8,-19,-8,-24,-6,-29,-6,-34,-10,-36,-12,-36,-10,-36,-8,-37,-8,-38,-11"
84.78601503372192,953,"CSI,1210,128,83,49,21,0,-19,6,-13,10,-7,9,-3,7,3,7,8,11,11,14,11,13,11,17,13,23,14,23,13,23,11,23,7,22,5,22,4,21,3,18,1,13,0,7,0,3,-1,-2,1,-4,3,-8,3,-10,2,-8,0,-2,0,0,0,0,0,0,0,0,0,0,0,0,0,0,0,0,0,0,-2,-2,-5,-9,-6,-12,-6,-16,-5,-18,-5,-15,-5,-14,-2,-15,-2,-15,-2,-14,-3,-13,-5,-11,-4,-9,-5,-7,-6,-5,-8,-1,-14,5,-17,7,-18,8,-22,9,-28,10,-29,13,-31,14,-32,14,-32,13,-35,11,-38,11"
84.88872289657593,954,"CSI,1215,128,83,49,21,0,-28,3,-21,6,-14,8,-8,10,-4,13,-1,16,-2,18,-5,19,-5,23,-2,28,-1,27,-2,27,-5,29,-8,27,-9,23,-11,20,-10,15,-9,10,-6,7,-3,5,2,2,4,0,5,-1,5,0,5,1,1,0,0,0,0,0,0,0,0,0,0,0,0,0,0,0,0,0,0,0,-2,-2,-8,-5,-8,-5,-8,-6,-10,-9,-12,-9,-12,-9,-11,-10,-9,-10,-6,-9,-5,-10,-8,-10,-8,-6,-8,-3,-10,-1,-13,0,-15,2,-14,5,-16,8,-20,11,-23,12,-27,11,-30,12,-33,10,-37,9,-41,10,-41,8"
84.99042391777039,955,"CSI,1219,128,83,49,21,0,-23,-4,-19,-1,-13,6,-7,10,-3,13,1,13,5,16,7,23,10,26,11,27,8,27,5,26,4,27,2,26,1,24,-1,20,-2,17,1,12,2,5,1,0,-1,0,-1,-2,0,-5,3,-7,5,-9,1,-3,0,0,0,0,0,0,0,0,0,0,0,0,0,0,0,0,0,0,-1,-2,-1,-6,1,-8,3,-11,5,-14,8,-16,10,-15,9,-12,7,-12,4,-12,3,-12,3,-12,2,-10,1,-8,-2,-7,-7,-7,-9,-4,-11,-2,-16,-3,-23,-4,-29,-5,-32,-6,-32,-8,-33,-9,-35,-10,-36,-10,-34,-10"
85.04048490524292,956,"CSI,1201,128,77,-47,20,0,-22,-10,-15,-6,-11,-2,-11,3,-10,9,-8,14,-6,19,-3,22,-4,23,-7,26,-7,26,-7,24,-8,23,-11,22,-13,21,-13,20,-13,17,-10,11,-7,6,-5,3,-2,2,0,1,2,0,6,0,8,-1,2,-1,0,0,0,0,0,0,0,0,0,0,0,0,0,0,0,0,0,0,-1,-3,-3,-10,1,-11,3,-13,4,-15,5,-14,5,-14,3,-14,3,-13,5,-13,5,-12,3,-12,0,-9,-2,-9,-4,-10,-6,-10,-9,-9,-13,-7,-16,-8,-20,-10,-25,-10,-28,-11,-31,-12,-32,-14,-33,-16,-33,-16,-29,-19"
85.07113194465637,957,"CSI,1202,128,77,-47,20,0,19,11,16,7,13,3,11,-2,9,-7,6,-13,4,-18,1,-18,3,-21,5,-25,7,-27,7,-26,7,-27,7,-27,9,-25,9,-21,10,-15,9,-11,4,-8,2,-5,2,-3,-2,-2,-6,-1,-6,2,-7,4,-2,1,0,0,0,0,0,0,0,0,0,0,0,0,0,0,0,0,0,0,-3,2,-11,7,-10,6,-10,5,-11,5,-11,6,-13,8,-13,9,-11,6,-12,5,-13,6,-11,8,-7,8,-4,9,0,10,3,8,5,7,8,9,13,11,18,12,22,13,26,16,29,19,29,22,28,25,23,27,19,27"
85.10221791267395,958,"CSI,1223,128,83,49,21,0,11,18,10,17,9,14,8,7,7,2,13,-2,20,-7,24,-10,24,-14,23,-17,26,-16,27,-15,27,-12,25,-10,23,-7,22,-3,19,-1,13,-1,8,-1,6,-1,3,-2,0,-4,-3,-5,-5,-7,-6,-8,-2,-2,0,0,0,0,0,0,0,0,0,0,0,0,0,0,0,0,0,0,-1,2,-5,8,-8,8,-10,8,-12,8,-14,8,-14,9,-13,8,-13,7,-13,7,-13,7,-11,7,-10,5,-7,4,-4,7,0,8,4,10,7,9,8,11,7,18,10,23,15,25,16,28,14,31,11,34,12,34,12,32"
85.197744846344,959,"CSI,1227,128,83,49,21,0,-23,-11,-19,-7,-14,-4,-7,4,-3,11,-4,15,-4,18,0,20,1,21,-3,21,-6,22,-8,23,-9,23,-10,21,-12,21,-12,20,-11,15,-8,11,-5,9,-2,5,-1,1,0,1,2,-1,6,-4,9,-4,2,-1,0,0,0,0,0,0,0,0,0,0,0,0,0,0,0,0,0,0,1,-3,7,-10,9,-9,10,-9,11,-9,9,-10,9,-11,13,-10,14,-8,13,-8,11,-9,9,-9,6,-9,1,-8,-3,-8,-6,-11,-7,-12,-9,-12,-13,-14,-17,-16,-20,-16,-26,-16,-28,-17,-29,-18,-28,-20,-27,-23,-27,-25"
85.29836201667786,960,"CSI,1231,128,83,49,21,0,19,11,14,6,9,3,7,-1,8,-6,7,-9,6,-15,8,-22,8,-24,9,-23,11,-20,12,-18,13,-19,13,-19,12,-17,12,-14,11,-10,11,-7,8,-6,3,-4,0,-3,-1,-2,-3,-1,-5,0,-7,0,-2,0,0,0,0,0,0,0,0,0,0,0,0,0,0,0,0,0,0,0,0,2,-1,8,-3,9,-4,11,-5,12,-7,11,-10,11,-9,11,-6,9,-8,8,-8,7,-6,9,-1,9,2,8,2,7,3,8,6,7,8,7,11,9,17,12,21,12,24,13,28,14,29,14,27,15,26,17,26,20"
85.40496706962585,961,"CSI,1235,128,83,49,21,0,11,-20,8,-16,3,-12,-2,-11,-6,-11,-11,-10,-19,-11,-26,-13,-25,-14,-24,-15,-23,-17,-21,-18,-20,-18,-18,-19,-15,-18,-11,-17,-9,-17,-7,-14,-5,-9,-3,-4,-2,-1,-2,0,-4,1,-5,5,-5,7,-1,1,0,0,0,0,0,0,0,0,0,0,0,0,0,0,0,0,0,0,1,-1,9,-3,11,-1,13,1,14,2,15,4,14,5,14,4,13,3,13,4,11,3,10,1,10,-2,8,-4,8,-7,10,-10,11,-11,9,-12,8,-15,9,-23,10,-28,10,-29,12,-29,17,-30,19,-31,18,-31,16,-29"
85.4996030330658,962,"CSI,1239,128,83,49,21,0,24,2,18,1,12,-3,9,-9,4,-12,-1,-14,0,-17,5,-22,2,-28,-2,-30,-1,-28,1,-27,2,-28,2,-26,5,-24,5,-21,4,-16,3,-11,3,-9,2,-7,0,-3,-3,0,-6,1,-7,1,-8,0,-3,0,0,0,0,0,0,0,0,0,0,0,0,0,0,0,0,0,0,0,1,1,6,7,5,9,4,12,3,15,2,15,2,14,2,12,2,12,0,11,-2,11,0,9,4,8,6,5,7,2,11,1,16,2,19,1,21,-2,21,-4,24,-3,28,0,32,0,34,-1,36,-1,35,2,31,4"
85.60375881195068,963,"CSI,1243,128,83,49,21,0,-3,16,0,13,4,12,8,10,10,6,13,3,18,1,20,-2,22,-1,24,1,25,3,25,4,23,4,21,5,22,5,21,6,16,7,10,9,6,8,3,2,2,-1,0,-2,-1,-5,-2,-7,-4,-8,-1,-3,0,0,0,0,0,0,0,0,0,0,0,0,0,0,0,0,0,0,-4,1,-13,5,-12,3,-14,0,-16,-1,-15,-2,-13,-2,-13,-4,-11,-6,-10,-4,-11,-1,-11,1,-12,4,-10,5,-7,6,-5,7,-4,11,-2,16,-1,18,-4,20,-5,22,-4,25,-7,29,-9,33,-9,35,-10,33,-9,30"
85.7058379650116,964,"CSI,1246,128,83,49,21,0,8,16,7,11,8,7,9,2,10,-3,14,-5,17,-7,16,-10,18,-10,22,-11,23,-12,24,-12,23,-11,21,-9,20,-8,19,-6,16,-2,12,-1,9,-2,6,-4,4,-5,1,-5,-4,-4,-6,-6,-5,-8,-1,-3,0,0,0,0,0,0,0,0,0,0,0,0,0,0,0,0,0,0,-1,2,-3,10,-7,11,-10,10,-11,7,-12,5,-11,5,-9,7,-9,7,-10,5,-8,6,-6,8,-6,7,-5,6,-1,9,2,11,4,13,6,15,8,17,9,19,10,20,12,23,13,25,11,25,11,28,9,31,8,34"
85.80847382545471,965,"CSI,1250,128,83,49,21,0,16,-8,13,-9,8,-10,2,-11,0,-11,-5,-15,-8,-16,-7,-14,-7,-17,-8,-22,-6,-24,-6,-24,-6,-23,-3,-22,-1,-19,-1,-17,1,-14,1,-11,-2,-6,-2,-2,-2,0,-2,3,-2,5,-4,5,-5,5,-2,1,0,0,0,0,0,0,0,0,0,0,0,0,0,0,0,0,0,0,1,1,6,7,5,9,6,9,7,10,6,10,3,10,3,9,5,9,4,10,4,10,6,9,5,7,5,5,10,4,15,1,17,-3,16,-6,15,-8,18,-10,21,-11,24,-11,26,-11,29,-10,31,-8,32,-6,31,-3"
85.91202783584595,966,"CSI,1254,128,83,49,21,0,2,-20,-1,-15,-4,-9,-8,-6,-10,-3,-14,0,-17,2,-17,2,-19,1,-25,0,-28,-3,-27,-4,-26,-4,-22,-3,-18,-2,-15,-2,-11,-4,-9,-5,-5,-4,-3,0,-3,2,-1,5,0,7,0,7,-1,8,-1,2,0,0,0,0,0,0,0,0,0,0,0,0,0,0,0,0,0,0,2,-2,9,-6,10,-3,11,-2,11,-1,12,0,12,-2,11,-2,10,-1,11,-2,11,-3,9,-5,9,-6,9,-7,6,-8,3,-11,3,-14,3,-19,1,-22,0,-23,-1,-25,-2,-26,-4,-27,-3,-29,0,-33,4,-36,7,-35"
86.01424479484558,967,"CSI,1259,128,83,49,21,0,-16,7,-9,4,-6,4,-1,5,6,8,12,10,14,8,13,4,12,7,12,13,13,17,15,20,16,21,14,19,10,16,6,13,4,11,3,6,1,2,0,0,0,-2,0,-5,0,-6,0,-5,1,-5,0,-2,0,0,0,0,0,0,0,0,0,0,0,0,0,0,0,0,0,0,-1,-3,-4,-9,-6,-7,-6,-10,-5,-13,-6,-12,-8,-12,-7,-11,-4,-9,-5,-12,-6,-13,-7,-8,-8,-6,-7,-5,-8,-3,-10,-1,-13,1,-16,4,-18,6,-18,9,-19,15,-22,19,-24,17,-26,16,-28,16,-31,14,-31,13"
86.08687591552734,968,"CSI,1205,128,75,-79,20,0,7,-20,4,-14,-1,-8,-4,-4,-8,-1,-13,-1,-14,-1,-12,0,-17,1,-24,1,-27,-1,-26,-5,-26,-6,-24,-6,-20,-6,-16,-6,-12,-6,-8,-5,-5,-1,-2,3,1,3,2,3,2,5,2,6,3,5,1,1,0,0,0,0,0,0,0,0,0,0,0,0,0,0,0,0,0,0,1,-1,7,-2,9,-2,10,-2,11,-1,13,2,13,1,12,-1,12,1,13,2,13,1,11,0,8,-4,7,-8,6,-10,3,-10,2,-8,2,-12,2,-17,3,-19,2,-24,0,-29,2,-31,5,-33,4,-34,4,-34,5,-34"
86.11756801605225,969,"CSI,1206,128,75,-79,20,0,-8,-22,-7,-16,-7,-10,-8,-2,-5,3,-7,7,-10,10,-8,12,-9,15,-15,19,-19,20,-20,16,-18,12,-16,10,-14,7,-12,7,-9,7,-7,5,-4,4,-2,2,1,-1,3,-1,5,-1,7,-2,8,-3,2,-1,0,0,0,0,0,0,0,0,0,0,0,0,0,0,0,0,0,0,2,-1,10,0,10,0,8,0,9,0,10,0,10,0,9,-1,7,-2,8,-3,9,-4,9,-6,9,-8,7,-6,3,-5,0,-8,0,-14,0,-19,-2,-19,-6,-19,-8,-20,-9,-22,-11,-25,-13,-29,-14,-35,-12,-36,-9,-34"
86.14908194541931,970,"CSI,1262,128,83,49,21,0,-22,-3,-15,-3,-7,-1,-3,3,1,6,4,10,4,15,4,19,8,21,11,23,10,23,8,22,6,20,3,16,0,16,0,14,0,11,0,7,1,4,2,3,1,1,1,-2,4,-5,6,-8,7,-9,1,-2,0,0,0,0,0,0,0,0,0,0,0,0,0,0,0,0,0,0,0,-1,0,-6,-1,-11,0,-12,2,-12,3,-11,2,-11,1,-11,2,-11,4,-11,2,-12,-2,-12,-3,-10,-4,-9,-7,-9,-9,-10,-13,-6,-16,-1,-17,0,-20,-1,-24,-1,-28,2,-31,3,-34,1,-37,1,-37,0,-33,-2"
86.2178430557251,971,"CSI,1266,128,83,49,21,0,5,-18,1,-16,0,-12,-2,-6,-9,-2,-16,-1,-18,2,-18,6,-18,2,-20,-2,-23,-4,-24,-6,-24,-4,-21,-4,-18,-6,-14,-7,-9,-6,-7,-5,-4,-4,-2,-2,0,1,2,3,2,5,3,6,5,8,1,2,0,0,0,0,0,0,0,0,0,0,0,0,0,0,0,0,0,0,1,0,7,1,8,1,10,2,11,3,11,4,12,3,11,0,10,0,11,2,13,1,13,-1,12,-3,11,-4,9,-6,8,-9,8,-11,6,-12,3,-14,1,-19,1,-23,2,-25,1,-29,2,-32,7,-34,12,-34,13,-34"
86.32177591323853,972,"CSI,1271,128,83,49,21,0,-17,2,-13,2,-7,5,0,8,5,10,7,13,10,13,17,12,19,13,15,18,12,19,11,18,12,18,13,18,10,18,5,15,2,13,0,8,1,5,2,3,2,-1,-1,-3,-2,-6,-1,-9,1,-9,0,-2,0,0,0,0,0,0,0,0,0,0,0,0,0,0,0,0,0,0,-2,-2,-5,-9,-4,-10,-4,-11,-5,-11,-5,-11,-3,-12,-1,-14,-1,-12,-2,-10,-3,-9,-3,-9,-5,-10,-7,-7,-8,-4,-9,-1,-11,3,-11,4,-13,3,-19,6,-23,7,-27,7,-29,8,-30,10,-30,11,-32,11,-34,10"
86.42458200454712,973,"CSI,1274,128,83,49,21,0,8,-15,4,-13,0,-8,-7,-5,-11,-5,-12,-7,-14,-9,-18,-13,-21,-12,-24,-10,-24,-9,-22,-10,-20,-13,-18,-15,-15,-13,-12,-10,-11,-8,-7,-5,-5,-3,-6,-2,-6,-2,-3,1,-2,4,-3,6,-3,8,-1,2,0,0,0,0,0,0,0,0,0,0,0,0,0,0,0,0,0,0,1,0,6,-1,9,-2,11,-2,12,-2,12,-1,11,0,13,1,13,1,12,2,11,2,10,2,7,-1,4,-7,4,-9,4,-10,3,-12,4,-15,5,-20,5,-23,4,-23,5,-25,7,-28,10,-29,11,-29,11,-28,11,-27"
86.526202917099,974,"CSI,1279,128,83,49,21,0,3,-20,1,-13,-3,-6,-7,-3,-12,0,-14,2,-17,2,-25,4,-28,6,-24,4,-21,2,-21,1,-22,-1,-21,-3,-18,-4,-15,-4,-12,-3,-9,-3,-6,-2,-5,-2,-5,-2,-2,1,0,3,1,5,0,7,0,2,0,0,0,0,0,0,0,0,0,0,0,0,0,0,0,0,0,0,1,-1,5,-3,5,-3,7,-4,10,-4,11,-5,11,-6,10,-5,7,-2,5,-1,6,-2,9,-3,9,-3,6,-4,3,-4,2,-5,-3,-9,-6,-14,-4,-18,-3,-22,-3,-26,-4,-27,-4,-28,-4,-30,-5,-31,-5,-32,-4,-32"
86.62667989730835,975,"CSI,1282,128,83,49,21,0,16,-1,14,-3,8,-5,3,-7,0,-10,-3,-14,-5,-15,-6,-14,-5,-20,-4,-25,-5,-23,-5,-22,-2,-22,-1,-19,-1,-16,0,-15,0,-15,-1,-13,0,-9,1,-6,1,-3,-2,1,-4,4,-4,7,-4,8,-2,2,0,0,0,0,0,0,0,0,0,0,0,0,0,0,0,0,0,0,1,1,4,5,3,6,3,8,3,10,1,12,1,12,1,12,0,11,-1,10,-1,10,-1,8,2,3,6,2,9,1,9,0,10,2,14,3,16,-1,18,-5,21,-8,25,-7,28,-5,30,-4,33,1,35,3,36,2"
86.73081302642822,976,"CSI,1286,128,83,49,21,0,-20,6,-12,7,-3,9,3,9,6,9,10,10,16,8,20,5,21,5,23,9,22,12,20,12,19,15,18,15,16,12,12,11,8,10,7,7,6,4,4,0,2,-3,0,-3,-2,-4,-2,-7,-2,-10,-1,-3,0,0,0,0,0,0,0,0,0,0,0,0,0,0,0,0,0,0,0,-2,-1,-8,-1,-11,-1,-12,-2,-12,-4,-12,-1,-13,3,-14,3,-12,2,-10,1,-9,-1,-8,-2,-6,-2,-5,-5,-3,-9,-1,-13,2,-15,4,-18,6,-20,7,-23,9,-27,12,-29,13,-30,12,-31,13,-28,10,-26,4"
86.83216500282288,977,"CSI,1290,128,83,49,21,0,-5,20,-3,17,-1,13,5,9,9,5,12,3,15,-1,17,-6,19,-3,22,3,24,5,24,6,22,7,19,6,16,4,14,6,12,7,9,4,8,1,6,0,2,-2,0,-5,-2,-5,-3,-6,-4,-8,-1,-3,0,0,0,0,0,0,0,0,0,0,0,0,0,0,0,0,0,0,-3,1,-10,2,-10,0,-11,2,-13,3,-14,1,-13,-2,-13,-2,-14,-2,-12,-3,-13,-2,-13,1,-11,3,-7,5,-6,6,-7,9,-5,12,-2,14,1,16,0,20,-2,23,-2,27,-4,29,-6,31,-8,33,-10,33,-12,34"
86.9345338344574,978,"CSI,1294,128,83,49,21,0,18,13,16,10,12,5,10,-2,7,-9,6,-13,5,-14,4,-16,8,-19,13,-23,13,-25,13,-23,14,-21,13,-21,15,-18,17,-13,13,-10,7,-8,4,-6,3,-4,3,-3,-1,-1,-6,0,-9,0,-10,-1,-3,-1,0,0,0,0,0,0,0,0,0,0,0,0,0,0,0,0,0,0,0,2,0,9,-1,9,-4,10,-5,11,-6,11,-8,12,-8,13,-7,14,-7,13,-7,10,-5,8,-2,9,2,9,4,8,6,8,8,9,12,8,16,7,18,8,19,9,22,9,24,13,26,17,27,19,28,19,27,20"
87.14317297935486,979,"CSI,1302,128,83,49,21,0,-17,-20,-17,-13,-13,-6,-11,-2,-12,0,-11,6,-11,11,-12,9,-17,9,-21,12,-22,13,-22,14,-23,13,-23,9,-21,6,-19,5,-17,5,-13,3,-9,3,-8,4,-6,4,-3,4,1,5,5,4,7,3,2,0,0,0,0,0,0,0,0,0,0,0,0,0,0,0,0,0,0,0,-1,-3,-3,-11,-2,-11,-1,-13,0,-14,1,-16,2,-15,3,-11,3,-10,2,-12,2,-13,0,-14,-2,-11,-5,-9,-7,-8,-9,-7,-12,-7,-16,-10,-19,-12,-21,-11,-23,-10,-28,-12,-30,-12,-28,-16,-26,-21,-27,-24,-25,-27"
87.24565410614014,980,"CSI,1306,128,83,49,21,0,-24,-8,-21,-6,-16,-2,-13,2,-9,5,-6,9,-7,11,-10,14,-13,21,-15,26,-14,26,-13,23,-14,22,-15,24,-14,22,-13,15,-13,8,-11,6,-8,6,-6,4,-3,2,1,1,3,-1,5,-2,7,-2,1,-1,0,0,0,0,0,0,0,0,0,0,0,0,0,0,0,0,0,0,-1,-2,-3,-8,-3,-11,-3,-14,-3,-14,-1,-14,-1,-15,-2,-15,-1,-14,2,-14,1,-15,-2,-15,-2,-12,-1,-11,-5,-9,-9,-5,-12,-4,-16,-4,-18,-4,-21,-4,-26,-6,-29,-7,-32,-7,-33,-9,-34,-12,-35,-13,-32,-14"
87.34420204162598,981,"CSI,1311,128,83,49,21,0,-5,23,-2,19,0,13,3,9,10,5,16,1,17,2,15,4,18,2,24,2,28,4,29,3,27,3,25,7,21,10,18,9,15,6,12,6,9,4,5,1,3,0,2,-2,0,-6,-3,-9,-4,-9,-1,-3,0,0,0,0,0,0,0,0,0,0,0,0,0,0,0,0,0,0,-2,0,-8,2,-9,1,-9,-2,-9,-4,-11,-4,-12,-3,-12,-4,-14,-4,-15,-4,-13,-6,-10,-4,-10,-1,-10,2,-9,3,-7,5,-6,6,-4,11,-2,16,-3,19,-4,21,-4,27,-4,33,-5,33,-8,33,-11,34,-13,33"
87.44521188735962,982,"CSI,1315,128,83,49,21,0,26,4,21,1,13,-3,7,-6,4,-9,1,-13,1,-16,3,-15,3,-19,4,-23,5,-26,4,-29,6,-29,7,-26,6,-22,6,-18,6,-15,5,-12,5,-7,4,-5,1,-4,-2,-1,-5,1,-9,3,-11,3,-3,0,0,0,0,0,0,0,0,0,0,0,0,0,0,0,0,0,0,0,1,1,5,6,4,7,5,7,5,7,4,10,3,12,3,13,5,15,3,14,0,13,1,11,4,9,4,7,4,2,8,0,13,-1,16,-1,16,-3,19,-5,25,-6,31,-5,33,-5,33,-3,35,0,38,0,39,-3"
87.55175399780273,983,"CSI,1319,128,83,49,21,0,-9,-24,-9,-18,-8,-10,-9,-4,-11,0,-14,4,-18,4,-21,1,-23,3,-26,9,-27,13,-26,13,-27,10,-26,6,-21,3,-18,1,-15,0,-12,1,-10,3,-6,2,-2,1,0,4,1,5,4,4,5,6,1,1,0,0,0,0,0,0,0,0,0,0,0,0,0,0,0,0,0,0,0,-1,2,-5,5,-8,8,-6,9,-5,12,-5,15,-6,15,-4,14,-4,13,-5,10,-5,8,-6,5,-7,2,-7,0,-6,-2,-9,-6,-12,-8,-14,-8,-19,-8,-23,-10,-23,-13,-26,-13,-31,-12,-33,-11,-33,-12,-32,-10,-34"
