timestamp,sample_number,csi_data
0.0858297348022461,1,"CSI,2346,128,101,81,22,0,17,59,17,58,17,57,18,57,19,56,20,54,20,53,21,52,21,52,21,54,22,53,22,51,22,53,22,52,21,50,19,50,17,50,16,49,15,46,15,45,15,45,13,43,11,40,9,39,9,39,2,9,0,0,0,0,0,0,0,0,0,0,0,0,0,0,0,0,0,0,4,10,18,41,19,43,19,43,20,43,21,43,21,44,20,49,20,51,19,51,17,55,15,59,16,60,16,59,16,59,15,60,14,63,14,61,13,56,13,54,15,55,16,55,17,55,18,56,19,58,20,59,22,59"
0.14397311210632324,2,"CSI,2618,128,83,49,21,0,20,21,20,21,17,20,18,21,21,20,21,19,21,16,22,13,16,11,9,6,5,1,5,-2,5,-3,3,-6,4,-12,6,-15,8,-15,7,-15,6,-14,6,-15,5,-15,6,-15,8,-12,7,-9,5,-8,1,-2,0,0,0,0,0,0,0,0,0,0,0,0,0,0,0,0,0,0,0,-2,3,-7,3,-7,2,-6,0,-3,-1,-1,-1,1,-2,5,-6,9,-10,11,-14,13,-17,14,-17,12,-17,11,-19,12,-20,9,-20,7,-18,7,-17,5,-17,5,-15,5,-12,3,-9,3,-3,5,1,8,5,10,7,11"
0.20126891136169434,3,"CSI,2347,128,101,81,22,0,-12,-16,-12,-16,-12,-16,-12,-15,-12,-15,-12,-14,-12,-14,-13,-14,-13,-14,-13,-14,-13,-14,-13,-13,-12,-13,-13,-13,-12,-12,-12,-13,-11,-13,-11,-13,-10,-13,-9,-12,-9,-11,-9,-11,-8,-11,-7,-10,-7,-10,-2,-3,0,0,0,0,0,0,0,0,0,0,0,0,0,0,0,0,0,0,-3,-3,-12,-11,-12,-11,-12,-12,-12,-13,-13,-14,-13,-15,-13,-16,-13,-16,-13,-16,-12,-17,-12,-18,-12,-18,-12,-19,-12,-18,-11,-18,-12,-18,-12,-18,-12,-18,-12,-17,-12,-17,-12,-17,-12,-17,-12,-17,-12,-17,-13,-17,-14,-17"
0.24809598922729492,4,"CSI,2622,128,83,49,21,0,-20,28,-22,30,-21,29,-22,29,-21,30,-17,29,-15,24,-13,16,-10,13,-6,12,-3,8,1,5,6,3,9,0,14,-3,18,-3,19,-1,19,0,20,0,20,0,21,1,22,0,19,-1,15,0,12,1,2,0,0,0,0,0,0,0,0,0,0,0,0,0,0,0,0,0,0,0,2,1,7,5,5,3,4,4,3,4,0,3,-3,0,-5,-3,-6,-7,-7,-12,-10,-15,-10,-16,-10,-18,-11,-22,-12,-23,-12,-25,-11,-28,-9,-27,-6,-24,-6,-21,-5,-17,-5,-12,-2,-6,-2,-1,-7,4,-12,9,-15,13"
0.3109250068664551,5,"CSI,2348,128,101,81,22,0,-15,12,-15,12,-15,12,-15,12,-15,13,-14,13,-13,13,-13,13,-13,13,-13,13,-12,13,-12,13,-12,13,-13,13,-13,12,-13,12,-12,11,-12,11,-12,10,-12,9,-12,9,-11,9,-11,8,-11,7,-11,7,-3,1,0,0,0,0,0,0,0,0,0,0,0,0,0,0,0,0,0,0,-3,2,-10,11,-10,11,-11,11,-12,12,-12,12,-13,12,-13,12,-14,12,-15,12,-16,13,-16,13,-16,12,-16,12,-16,12,-17,12,-17,12,-16,12,-16,12,-16,12,-17,12,-16,12,-16,12,-15,12,-16,12,-16,13,-17,13"
0.3387429714202881,6,"CSI,3256,128,83,49,21,0,11,2,11,4,10,4,8,4,8,6,10,7,8,3,4,-2,1,0,3,2,5,2,3,1,2,-3,1,-7,0,-8,2,-7,5,-5,6,-5,5,-6,3,-6,3,-6,3,-6,3,-4,4,-4,6,-4,1,-1,0,0,0,0,0,0,0,0,0,0,0,0,0,0,0,0,0,0,-2,-1,-6,-2,-3,-1,-1,0,-2,0,-3,1,-5,-1,-4,-3,-2,-1,-1,3,-1,4,-4,2,-5,3,-2,6,-1,9,-1,9,-3,9,-4,7,-5,6,-7,8,-7,9,-6,6,-4,4,-3,2,-2,1,-1,2,3,1"
0.3720359802246094,7,"CSI,2626,128,83,49,21,0,-7,-34,-8,-37,-8,-35,-6,-32,-4,-30,-5,-30,-5,-29,-6,-25,-5,-19,-3,-14,-2,-9,-2,-4,-5,0,-8,2,-12,5,-15,8,-18,7,-19,4,-20,1,-19,2,-16,3,-15,1,-15,-1,-14,-1,-13,-1,-3,-1,0,0,0,0,0,0,0,0,0,0,0,0,0,0,0,0,0,0,-2,1,-4,6,-3,5,-2,2,1,0,4,-2,5,-5,5,-5,7,-3,11,-4,16,-6,18,-6,21,-6,25,-7,27,-6,25,-2,24,-3,21,-5,18,-2,16,-1,14,-3,11,-4,8,-3,4,-6,0,-13,-5,-17,-8,-19"
0.4052748680114746,8,"CSI,1334,128,-117,-78,40,0,-25,-1,-24,-1,-25,0,-25,0,-25,1,-24,1,-24,1,-23,1,-23,1,-23,2,-23,2,-23,2,-23,2,-23,2,-23,2,-22,1,-22,1,-21,0,-20,-1,-20,0,-19,0,-18,0,-18,-1,-17,-1,-16,-2,-4,-1,0,0,0,0,0,0,0,0,0,0,0,0,0,0,0,0,0,0,-5,0,-18,3,-18,2,-19,2,-20,2,-21,2,-21,1,-22,0,-23,0,-24,0,-25,-1,-24,-1,-24,-2,-25,-2,-25,-3,-25,-2,-25,-3,-25,-3,-25,-2,-25,-2,-25,-1,-25,-1,-25,-1,-25,-2,-25,-1,-26,-1,-27,0"
0.4532127380371094,9,"CSI,2630,128,83,49,21,0,-28,2,-29,-2,-28,-3,-26,-2,-27,-1,-27,-3,-25,-1,-21,4,-15,4,-11,1,-8,0,-4,0,-1,2,-1,6,0,8,0,10,-1,12,-1,14,-1,16,-1,15,-2,13,-4,12,-6,10,-5,7,-4,6,-1,1,0,0,0,0,0,0,0,0,0,0,0,0,0,0,0,0,0,0,1,-1,4,-1,4,-2,4,-4,3,-4,3,-4,1,-8,-2,-10,-2,-10,-2,-10,-4,-13,-4,-16,-1,-19,-1,-19,-4,-18,-4,-21,0,-25,1,-26,-1,-24,-2,-22,-2,-21,-5,-20,-7,-17,-8,-11,-8,-7,-11,-8,-13,-11"
0.5360698699951172,10,"CSI,2350,128,101,81,22,0,-19,15,-18,15,-18,15,-18,15,-17,15,-17,15,-16,15,-15,15,-15,15,-14,15,-14,15,-13,15,-14,15,-14,14,-14,14,-13,14,-13,13,-12,12,-12,11,-12,11,-12,10,-11,10,-11,9,-11,9,-10,8,-3,2,0,0,0,0,0,0,0,0,0,0,0,0,0,0,0,0,0,0,-4,3,-14,13,-14,13,-15,13,-16,14,-17,14,-17,14,-18,14,-19,14,-20,14,-21,14,-21,14,-21,14,-21,14,-21,14,-21,14,-21,13,-21,13,-21,14,-21,14,-21,14,-21,14,-20,14,-19,14,-19,14,-20,15,-21,15"
0.565140962600708,11,"CSI,2634,128,83,49,21,0,30,7,30,9,29,9,28,10,25,9,22,8,23,8,25,7,20,5,13,4,7,2,2,-3,1,-8,3,-9,2,-9,-4,-13,-5,-17,-3,-17,-2,-16,-1,-15,0,-16,0,-17,2,-15,4,-12,3,-9,0,-3,0,0,0,0,0,0,0,0,0,0,0,0,0,0,0,0,0,0,-1,-2,-1,-6,0,-3,1,-1,2,1,2,2,1,6,-1,9,-3,10,-3,12,-5,15,-8,20,-7,22,-6,19,-8,17,-11,17,-13,15,-12,13,-9,13,-9,12,-7,12,-2,11,1,9,6,8,11,6,16,3,19,2"
0.6526367664337158,12,"CSI,2351,128,101,81,22,0,-18,16,-18,17,-18,16,-18,16,-17,16,-16,16,-15,16,-15,16,-14,16,-14,16,-13,16,-13,16,-13,16,-13,16,-13,15,-13,15,-12,14,-12,13,-11,12,-12,12,-11,11,-11,10,-10,10,-10,9,-10,8,-3,2,0,0,0,0,0,0,0,0,0,0,0,0,0,0,0,0,0,0,-4,3,-14,14,-15,14,-16,14,-17,15,-18,15,-18,15,-19,15,-20,15,-21,15,-22,15,-22,15,-22,15,-22,15,-22,15,-22,15,-22,15,-21,15,-21,15,-21,16,-21,16,-21,16,-20,16,-19,16,-19,16,-21,15,-21,15"
0.684035062789917,13,"CSI,2639,128,83,49,21,0,-5,26,-8,27,-10,26,-8,23,-5,21,-4,20,-4,18,-6,13,-6,10,-3,10,-2,8,-1,4,2,1,5,-2,6,-6,8,-7,12,-7,14,-9,15,-10,13,-8,12,-7,12,-6,11,-4,10,-1,8,0,2,0,0,0,0,0,0,0,0,0,0,0,0,0,0,0,0,0,0,0,1,0,5,1,1,2,-2,2,-3,2,-5,1,-7,0,-9,-2,-10,-3,-11,-6,-14,-11,-16,-14,-17,-12,-15,-12,-14,-12,-13,-11,-12,-13,-11,-14,-13,-13,-12,-10,-8,-7,-8,-4,-8,-1,-6,4,-5,9,-4,12,-3,12"
0.7575259208679199,14,"CSI,2352,128,101,81,22,0,-3,13,-3,13,-3,12,-3,12,-3,12,-2,11,-1,11,-1,12,-1,11,-1,11,-1,11,-1,11,-1,11,-1,10,-1,10,-1,10,-1,10,-1,10,-1,9,-1,8,-1,8,-1,8,-1,7,-1,7,-1,7,-1,1,0,0,0,0,0,0,0,0,0,0,0,0,0,0,0,0,0,0,-1,2,-1,11,-1,11,-2,12,-2,12,-2,13,-2,13,-3,14,-3,14,-4,14,-4,14,-4,14,-4,14,-4,14,-5,14,-5,14,-5,14,-4,14,-4,14,-5,13,-4,13,-4,13,-4,13,-3,13,-3,13,-3,13,-2,13"
0.7881839275360107,15,"CSI,2642,128,83,49,21,0,-17,-26,-16,-26,-14,-25,-14,-25,-18,-24,-17,-23,-14,-16,-14,-9,-11,-8,-7,-8,-5,-5,-4,-2,-2,2,0,6,1,7,4,10,4,13,1,15,-1,16,-3,15,-3,14,-2,13,-1,12,0,11,2,10,0,2,0,0,0,0,0,0,0,0,0,0,0,0,0,0,0,0,0,0,-3,-1,-8,-2,-5,-4,-3,-3,-2,-1,1,-2,6,-2,9,0,10,2,13,5,15,4,16,3,19,6,21,7,20,8,20,8,18,8,14,6,13,4,13,1,12,0,9,-1,6,-2,3,-5,-1,-8,-3,-11,-5,-15"
0.8623638153076172,16,"CSI,2647,128,83,49,21,0,20,21,20,21,17,20,15,18,16,17,17,15,16,14,16,12,11,7,8,2,5,-1,2,-5,0,-7,0,-8,0,-11,-4,-15,-6,-17,-4,-19,-1,-19,0,-16,2,-16,2,-17,1,-15,1,-13,3,-12,1,-3,0,0,0,0,0,0,0,0,0,0,0,0,0,0,0,0,0,0,1,-1,7,-1,5,0,1,4,-2,8,-5,7,-8,8,-11,8,-13,6,-15,6,-17,6,-19,4,-19,2,-19,1,-19,2,-17,2,-14,1,-11,-1,-9,-2,-8,1,-8,3,-2,3,3,3,6,5,11,9,15,13,17,14"
0.8914868831634521,17,"CSI,2353,128,101,81,22,0,-2,23,-2,23,-1,22,-1,22,-1,21,-1,21,0,21,1,21,1,21,1,21,1,21,1,20,1,20,1,19,0,19,0,19,0,18,0,18,-1,17,-1,16,-2,15,-1,14,-2,13,-2,13,-2,13,-1,3,0,0,0,0,0,0,0,0,0,0,0,0,0,0,0,0,0,0,0,4,3,18,2,18,2,19,1,20,1,21,1,22,1,23,0,24,-1,24,-2,24,-2,25,-2,25,-2,25,-2,25,-3,25,-3,25,-3,25,-3,24,-3,24,-3,24,-2,24,-2,24,-1,24,-1,24,-1,24,-1,25"
0.9648199081420898,18,"CSI,2651,128,83,49,21,0,14,-13,15,-15,14,-15,12,-14,11,-13,10,-13,12,-12,16,-8,14,-7,5,-6,-1,-3,-3,-3,-4,-4,-6,-5,-9,-4,-10,-3,-11,-6,-10,-8,-7,-7,-5,-8,-5,-9,-5,-9,-4,-9,-2,-7,-1,-6,-1,-2,0,0,0,0,0,0,0,0,0,0,0,0,0,0,0,0,0,0,-2,-1,-4,-3,0,-1,2,-2,4,-1,7,2,7,2,6,4,9,6,10,6,9,5,11,4,13,4,13,4,13,4,11,7,7,8,7,8,7,7,7,5,8,3,9,0,8,-3,7,-4,11,-5,14,-8,14,-11"
1.0041279792785645,19,"CSI,2354,128,101,81,22,0,-13,-19,-14,-19,-14,-19,-14,-18,-14,-17,-14,-17,-14,-17,-15,-17,-15,-17,-14,-17,-14,-17,-14,-16,-14,-16,-14,-15,-14,-15,-13,-15,-12,-15,-12,-15,-11,-15,-10,-14,-10,-13,-9,-13,-9,-12,-8,-12,-7,-12,-2,-3,0,0,0,0,0,0,0,0,0,0,0,0,0,0,0,0,0,0,-4,-4,-13,-13,-13,-14,-13,-15,-13,-15,-14,-16,-14,-17,-14,-18,-14,-19,-14,-20,-14,-20,-13,-21,-13,-22,-13,-22,-13,-22,-13,-22,-13,-22,-13,-22,-13,-21,-13,-20,-13,-20,-14,-20,-14,-20,-14,-21,-14,-20,-15,-20,-16,-20"
1.069977045059204,20,"CSI,2654,128,83,49,21,0,4,-26,2,-27,2,-26,3,-23,2,-21,1,-19,1,-17,1,-17,-2,-15,-6,-10,-8,-9,-9,-9,-11,-7,-13,-8,-13,-10,-13,-9,-14,-8,-15,-9,-13,-10,-12,-11,-11,-9,-10,-8,-9,-7,-7,-6,-6,-3,-2,-1,0,0,0,0,0,0,0,0,0,0,0,0,0,0,0,0,0,0,-1,0,-2,2,-2,1,0,-1,0,-5,1,-8,4,-10,6,-10,7,-9,11,-10,15,-11,17,-10,17,-11,16,-11,16,-9,16,-7,14,-4,11,-3,9,-4,8,-4,7,-5,7,-7,3,-7,-2,-9,-3,-13,0,-20,2,-23"
1.105076789855957,21,"CSI,2355,128,101,81,22,0,19,-15,18,-16,18,-15,18,-16,18,-16,18,-16,16,-16,16,-16,15,-17,15,-17,14,-17,14,-16,14,-16,15,-16,15,-16,15,-15,14,-15,14,-14,13,-13,13,-12,13,-12,12,-11,12,-11,12,-10,11,-9,2,-3,0,0,0,0,0,0,0,0,0,0,0,0,0,0,0,0,0,0,3,-4,13,-13,13,-14,14,-14,15,-14,16,-15,16,-15,17,-15,19,-15,20,-15,21,-15,21,-15,20,-14,21,-14,21,-14,21,-14,21,-14,20,-14,20,-14,21,-15,21,-15,21,-15,20,-15,19,-15,20,-15,20,-15,21,-15"
1.1683378219604492,22,"CSI,2659,128,83,49,21,0,19,-15,18,-13,17,-12,17,-12,15,-12,15,-11,13,-9,8,-9,5,-7,7,-5,8,-5,8,-8,5,-10,0,-11,-4,-13,-3,-15,-1,-15,-1,-13,0,-12,1,-11,1,-11,1,-12,1,-11,1,-8,0,-6,-1,-2,0,0,0,0,0,0,0,0,0,0,0,0,0,0,0,0,0,0,-2,1,-4,4,-3,1,-1,-2,2,-3,5,-5,6,-4,5,-3,7,-3,13,-2,16,0,17,2,15,3,13,4,13,4,13,6,13,6,15,6,15,5,14,2,12,1,10,0,11,-3,14,-6,15,-10,18,-11,19,-11"
1.2063837051391602,23,"CSI,2356,128,101,81,22,0,-22,6,-21,6,-21,6,-21,7,-21,7,-20,7,-19,7,-19,8,-19,8,-19,8,-18,8,-18,8,-18,8,-18,8,-18,8,-18,7,-17,6,-16,6,-16,5,-15,5,-15,5,-14,5,-14,4,-13,4,-13,3,-3,0,0,0,0,0,0,0,0,0,0,0,0,0,0,0,0,0,0,0,-4,2,-17,8,-17,8,-18,8,-19,8,-20,8,-20,7,-21,7,-22,7,-23,7,-24,7,-24,6,-23,5,-24,5,-24,5,-24,5,-24,5,-24,5,-23,5,-23,6,-23,6,-23,6,-23,6,-23,6,-23,6,-24,7,-24,7"
1.2720320224761963,24,"CSI,2663,128,83,49,21,0,-22,11,-22,9,-21,9,-20,10,-19,9,-20,8,-18,9,-15,11,-14,11,-11,10,-7,7,-5,6,-4,9,-2,9,0,9,0,11,1,13,1,12,1,9,-1,7,-2,6,-2,6,-1,7,-1,8,-3,9,-1,2,0,0,0,0,0,0,0,0,0,0,0,0,0,0,0,0,0,0,1,0,4,1,1,0,-1,1,-2,2,-4,1,-7,-2,-11,-4,-12,-7,-10,-9,-10,-7,-13,-8,-14,-10,-14,-10,-14,-9,-12,-9,-11,-12,-11,-11,-12,-6,-13,-5,-14,-5,-14,-4,-14,-2,-15,-1,-17,0,-18,1,-15,1"
1.3219671249389648,25,"CSI,2357,128,101,81,22,0,19,-10,19,-10,19,-10,19,-10,19,-11,18,-11,17,-11,17,-11,16,-11,16,-11,15,-11,15,-11,15,-11,15,-11,16,-11,15,-10,14,-9,14,-9,13,-8,13,-8,13,-8,12,-7,12,-7,11,-6,11,-6,2,-2,0,0,0,0,0,0,0,0,0,0,0,0,0,0,0,0,0,0,3,-3,15,-11,16,-11,16,-11,18,-11,18,-11,19,-11,20,-11,21,-11,22,-11,23,-10,23,-10,22,-9,22,-9,22,-9,22,-9,22,-9,22,-8,22,-9,22,-9,22,-10,22,-10,21,-10,21,-9,21,-9,22,-10,22,-10"
1.4122209548950195,26,"CSI,1338,128,-117,-78,40,0,18,-5,18,-5,18,-6,18,-6,18,-6,17,-7,16,-7,16,-7,16,-7,15,-7,15,-7,15,-7,15,-7,15,-7,15,-7,15,-6,14,-6,13,-5,13,-5,12,-5,12,-4,11,-4,11,-4,11,-3,10,-3,2,-1,0,0,0,0,0,0,0,0,0,0,0,0,0,0,0,0,0,0,3,-2,15,-7,15,-7,16,-7,17,-7,17,-7,18,-7,18,-6,19,-6,20,-6,21,-6,21,-5,20,-5,21,-5,21,-5,20,-5,21,-4,20,-4,20,-5,20,-5,20,-5,20,-5,20,-5,19,-5,20,-5,20,-6,20,-7"
1.4454138278961182,27,"CSI,2358,128,101,81,22,0,-8,12,-7,12,-7,12,-7,11,-7,11,-7,11,-6,11,-6,11,-6,11,-5,11,-5,11,-5,11,-5,11,-5,10,-5,10,-6,10,-5,10,-5,9,-5,8,-5,8,-5,7,-5,7,-5,7,-5,6,-5,6,-2,1,0,0,0,0,0,0,0,0,0,0,0,0,0,0,0,0,0,0,-1,2,-5,11,-5,11,-5,11,-6,11,-6,12,-6,12,-7,13,-7,13,-8,13,-9,13,-9,13,-9,13,-9,13,-9,13,-9,12,-9,12,-9,12,-9,12,-9,12,-9,12,-9,12,-8,12,-8,12,-8,12,-8,12,-8,13"
1.4737200736999512,28,"CSI,2671,128,83,49,21,0,-1,20,-3,19,-5,19,-5,19,-8,17,-10,16,-6,16,-3,12,-5,9,-6,9,-1,8,-1,9,0,10,2,10,2,10,1,12,-1,14,-3,12,-5,10,-4,8,-3,8,-3,7,-4,7,-4,4,-3,2,-1,0,0,0,0,0,0,0,0,0,0,0,0,0,0,0,0,0,0,0,0,0,0,1,0,0,1,-2,3,-1,5,2,7,3,8,6,7,9,6,12,3,15,1,17,0,17,-1,17,-2,13,-3,12,-3,14,-4,14,-5,14,-4,14,-3,12,-4,10,-4,13,-3,17,0,18,2,20,4,22"
1.553070068359375,29,"CSI,2359,128,101,81,22,0,-17,-16,-17,-16,-17,-16,-17,-15,-17,-14,-17,-14,-17,-14,-18,-14,-17,-13,-17,-14,-17,-13,-17,-13,-17,-12,-17,-12,-16,-12,-15,-12,-15,-12,-14,-12,-13,-12,-13,-11,-12,-10,-11,-10,-11,-10,-10,-9,-9,-10,-3,-3,0,0,0,0,0,0,0,0,0,0,0,0,0,0,0,0,0,0,-4,-3,-16,-11,-16,-12,-16,-13,-16,-14,-17,-14,-17,-15,-18,-17,-18,-17,-18,-18,-18,-18,-17,-19,-17,-20,-17,-20,-17,-20,-17,-20,-17,-19,-17,-19,-17,-19,-17,-18,-17,-18,-18,-18,-18,-18,-18,-18,-18,-18,-18,-18,-18,-18"
1.5812909603118896,30,"CSI,2675,128,83,49,21,0,20,9,19,8,18,7,17,7,16,8,15,7,13,6,8,7,6,7,9,2,10,-2,9,-3,7,-4,8,-7,11,-7,14,-7,14,-6,12,-4,11,-1,11,0,9,-2,7,-1,7,-1,7,-2,6,-1,1,-1,0,0,0,0,0,0,0,0,0,0,0,0,0,0,0,0,0,0,-1,1,-3,3,0,0,2,-2,4,-2,8,-1,11,1,13,3,13,6,13,9,12,12,10,14,8,14,5,15,4,15,4,13,6,11,7,9,8,7,6,7,6,8,8,6,10,4,12,4,16,6,19,5,18,2"
1.6654667854309082,31,"CSI,2360,128,101,81,22,0,-17,-13,-17,-13,-17,-12,-17,-12,-17,-11,-17,-10,-17,-10,-17,-10,-17,-10,-17,-10,-16,-10,-16,-9,-16,-9,-16,-8,-16,-8,-15,-8,-14,-9,-14,-9,-13,-9,-13,-8,-12,-7,-12,-7,-11,-7,-10,-7,-10,-7,-3,-2,0,0,0,0,0,0,0,0,0,0,0,0,0,0,0,0,0,0,-4,-3,-14,-10,-14,-10,-15,-11,-15,-11,-16,-12,-16,-13,-16,-14,-16,-14,-17,-15,-17,-15,-16,-16,-16,-16,-16,-17,-16,-16,-16,-16,-16,-16,-16,-16,-16,-16,-17,-15,-17,-14,-17,-14,-17,-14,-17,-14,-17,-14,-17,-13,-16,-13"
1.697558879852295,32,"CSI,2679,128,83,49,21,0,-24,-3,-23,-4,-22,-3,-21,-2,-18,-3,-17,-3,-13,0,-8,2,-5,3,-4,3,-3,4,-5,5,-5,6,-3,6,-3,6,-7,6,-10,7,-10,8,-10,8,-10,6,-8,5,-5,3,-4,2,-3,2,-2,2,-1,0,0,0,0,0,0,0,0,0,0,0,0,0,0,0,0,0,0,0,0,-1,0,-2,0,-1,-3,1,-6,3,-8,4,-10,2,-11,-2,-12,-4,-13,-5,-13,-6,-14,-9,-13,-9,-12,-6,-14,-8,-15,-11,-14,-8,-13,-5,-11,-6,-8,-6,-7,-3,-10,-2,-14,-2,-18,0,-18,1,-17,1,-18,1"
1.7756428718566895,33,"CSI,2361,128,101,81,22,0,-7,-22,-7,-22,-8,-22,-7,-21,-7,-20,-8,-20,-8,-20,-8,-20,-8,-20,-9,-20,-9,-19,-9,-19,-9,-19,-9,-18,-8,-18,-7,-18,-7,-18,-7,-17,-6,-16,-6,-15,-5,-14,-5,-14,-4,-13,-4,-13,-4,-13,-1,-4,0,0,0,0,0,0,0,0,0,0,0,0,0,0,0,0,0,0,-2,-5,-8,-17,-8,-18,-7,-19,-7,-19,-7,-20,-8,-21,-7,-22,-7,-23,-7,-23,-6,-24,-5,-24,-5,-25,-5,-25,-5,-25,-5,-25,-6,-25,-6,-25,-6,-24,-6,-23,-6,-23,-6,-23,-7,-23,-7,-24,-7,-23,-7,-23,-8,-24"
1.8075709342956543,34,"CSI,2683,128,83,49,21,0,18,-18,16,-19,15,-17,14,-14,12,-14,12,-13,12,-12,12,-13,7,-11,3,-9,3,-7,2,-8,-2,-10,-4,-11,-4,-11,-2,-12,-2,-13,-3,-12,-1,-12,1,-11,1,-10,0,-10,1,-10,2,-9,2,-5,0,-1,0,0,0,0,0,0,0,0,0,0,0,0,0,0,0,0,0,0,-1,1,-3,2,-2,-2,-1,-5,0,-7,2,-9,4,-9,7,-8,8,-7,10,-6,12,-6,13,-7,12,-6,13,-4,14,-4,13,-3,11,-2,13,-2,13,-3,11,-4,8,-6,8,-9,7,-10,8,-12,10,-15,11,-19,12,-21"
1.8818507194519043,35,"CSI,2362,128,101,81,22,0,12,-8,11,-7,11,-7,11,-7,11,-8,10,-8,10,-8,9,-8,10,-8,9,-8,9,-8,9,-8,9,-8,9,-8,9,-8,9,-7,8,-7,8,-7,8,-6,8,-6,7,-6,7,-5,7,-5,6,-5,6,-4,1,-1,0,0,0,0,0,0,0,0,0,0,0,0,0,0,0,0,0,0,2,-2,9,-6,9,-7,9,-7,10,-7,11,-7,11,-7,11,-7,12,-7,12,-7,13,-7,13,-6,13,-6,13,-6,13,-6,13,-6,13,-6,13,-6,13,-7,13,-7,13,-7,13,-7,12,-7,12,-7,12,-7,12,-7,11,-7"
1.9916889667510986,36,"CSI,2691,128,83,49,21,0,-15,-18,-14,-18,-15,-20,-14,-20,-12,-17,-10,-13,-10,-9,-9,-4,-8,-3,-7,-6,-6,-5,-6,-3,-7,-1,-10,1,-12,2,-12,3,-12,5,-12,5,-12,4,-10,3,-8,1,-9,-1,-9,-1,-7,1,-5,2,-2,0,0,0,0,0,0,0,0,0,0,0,0,0,0,0,0,0,0,0,-1,0,-2,1,-3,0,-3,-2,-3,-5,-3,-8,-3,-10,-2,-12,-1,-15,0,-16,1,-18,1,-20,1,-19,3,-17,5,-17,3,-16,0,-16,0,-14,1,-12,-2,-11,-6,-12,-5,-12,-5,-12,-8,-11,-12,-12,-12,-13,-10,-13"
2.0269570350646973,37,"CSI,2363,128,101,81,22,0,-9,-12,-9,-12,-9,-11,-9,-11,-9,-10,-9,-10,-10,-10,-10,-10,-10,-9,-10,-9,-10,-9,-10,-9,-10,-9,-10,-8,-9,-8,-9,-8,-8,-8,-8,-8,-8,-8,-7,-7,-7,-7,-7,-7,-6,-6,-6,-6,-5,-7,-2,-2,0,0,0,0,0,0,0,0,0,0,0,0,0,0,0,0,0,0,-2,-2,-8,-9,-8,-9,-8,-10,-8,-10,-9,-11,-9,-11,-9,-12,-9,-12,-9,-12,-8,-13,-8,-13,-8,-14,-8,-14,-8,-14,-8,-13,-8,-13,-8,-13,-9,-13,-9,-13,-9,-12,-9,-12,-9,-12,-9,-12,-9,-12,-9,-12,-9,-12"
2.091261863708496,38,"CSI,2694,128,83,49,21,0,22,-9,23,-6,23,-3,18,-2,14,-4,15,-4,16,-2,17,0,15,-4,11,-8,6,-11,2,-10,1,-10,3,-11,3,-14,1,-14,-1,-14,1,-12,2,-9,2,-9,3,-9,3,-8,2,-8,1,-7,1,-4,0,-1,0,0,0,0,0,0,0,0,0,0,0,0,0,0,0,0,0,0,-2,1,-5,3,-3,-2,2,-3,6,-5,7,-6,9,-4,11,-2,13,-1,15,1,15,3,13,6,12,8,12,8,13,8,14,8,13,8,13,6,13,3,12,3,14,2,16,-1,16,0,16,-1,16,-7,19,-10,23,-10"
2.121180772781372,39,"CSI,2364,128,101,81,22,0,-13,3,-12,3,-12,3,-12,3,-12,4,-12,4,-11,4,-11,4,-11,4,-11,4,-10,4,-10,4,-10,4,-10,5,-10,5,-10,4,-10,4,-9,3,-9,3,-8,3,-8,3,-8,3,-8,2,-7,2,-7,1,-2,0,0,0,0,0,0,0,0,0,0,0,0,0,0,0,0,0,0,0,-3,0,-11,2,-11,2,-11,2,-12,2,-12,2,-12,2,-13,2,-13,1,-13,2,-14,2,-14,1,-14,1,-14,1,-14,1,-14,1,-14,1,-14,1,-13,1,-14,2,-14,2,-14,2,-13,2,-13,2,-13,2,-13,2,-13,2"
2.1884868144989014,40,"CSI,2698,128,83,49,21,0,12,19,10,20,9,20,8,19,6,19,5,17,5,9,3,2,2,3,4,7,5,6,6,4,6,3,7,1,9,0,13,0,14,0,12,0,10,1,9,2,8,3,6,3,5,2,6,1,7,0,2,0,0,0,0,0,0,0,0,0,0,0,0,0,0,0,0,0,0,0,0,-1,1,-3,1,-1,2,1,3,1,3,2,3,7,2,10,2,11,1,13,-4,14,-6,13,-5,16,-7,17,-7,13,-5,11,-4,11,-4,10,-4,10,-3,12,0,13,4,12,5,13,6,13,7,14,9,16,8,15"
2.2213618755340576,41,"CSI,2365,128,101,81,22,0,-23,4,-23,4,-22,4,-22,5,-22,5,-22,6,-21,5,-21,6,-20,6,-20,6,-19,6,-19,6,-19,6,-19,6,-19,6,-19,6,-18,5,-17,4,-16,4,-16,4,-16,4,-15,3,-14,3,-14,2,-13,2,-4,0,0,0,0,0,0,0,0,0,0,0,0,0,0,0,0,0,0,0,-5,1,-18,5,-19,5,-20,5,-21,5,-21,4,-22,4,-23,4,-23,3,-24,3,-25,3,-25,2,-25,2,-25,2,-25,2,-25,2,-25,2,-25,2,-25,2,-25,3,-25,3,-25,4,-24,3,-24,3,-24,3,-25,4,-25,4"
2.297355890274048,42,"CSI,2702,128,83,49,21,0,-5,-25,-4,-21,-3,-18,-2,-19,-2,-18,-2,-18,-4,-15,-8,-11,-6,-9,-4,-9,-5,-9,-6,-7,-7,-7,-8,-8,-9,-8,-10,-8,-12,-9,-13,-8,-11,-8,-10,-8,-10,-8,-9,-8,-5,-7,-3,-5,-1,-2,-1,-1,0,0,0,0,0,0,0,0,0,0,0,0,0,0,0,0,0,0,-1,0,-1,1,-1,0,-2,-1,-3,-3,-2,-6,-2,-8,-2,-11,1,-12,3,-13,5,-15,8,-16,9,-17,8,-17,9,-15,9,-13,9,-12,7,-12,3,-12,1,-12,1,-13,0,-14,-4,-14,-5,-14,-3,-20,-3,-23,-4,-23"
2.3327999114990234,43,"CSI,2366,128,101,81,22,0,-23,5,-22,5,-22,5,-22,6,-22,7,-21,7,-20,7,-20,7,-20,7,-20,7,-19,7,-19,7,-19,7,-19,7,-19,7,-18,7,-18,6,-17,5,-16,4,-16,4,-15,4,-15,4,-14,3,-14,3,-13,2,-4,0,0,0,0,0,0,0,0,0,0,0,0,0,0,0,0,0,0,0,-5,1,-18,6,-18,6,-19,6,-20,6,-21,5,-22,5,-22,5,-23,5,-24,5,-25,4,-25,4,-25,3,-24,3,-24,3,-24,3,-25,3,-25,3,-24,3,-24,4,-25,5,-24,5,-24,5,-24,4,-24,5,-25,5,-25,6"
2.398847818374634,44,"CSI,2706,128,83,49,21,0,5,-20,8,-19,5,-18,3,-18,5,-18,5,-18,4,-14,4,-8,3,-9,0,-13,-2,-14,-4,-13,-7,-11,-9,-8,-10,-7,-11,-7,-12,-8,-12,-10,-12,-12,-11,-12,-8,-10,-5,-8,-3,-7,-2,-6,-1,-3,0,-1,0,0,0,0,0,0,0,0,0,0,0,0,0,0,0,0,0,0,0,1,2,4,1,3,0,-1,1,-4,4,-7,5,-10,7,-12,9,-10,10,-9,12,-8,14,-6,18,-8,19,-8,15,-7,15,-7,14,-7,12,-7,10,-8,11,-10,12,-10,11,-11,8,-15,4,-18,3,-20,6,-22,8,-23"
2.4461028575897217,45,"CSI,2367,128,101,81,22,0,7,-10,7,-10,7,-10,7,-10,7,-10,6,-10,6,-10,6,-10,5,-10,5,-10,5,-10,5,-10,5,-10,5,-10,5,-9,5,-9,5,-9,4,-8,4,-8,5,-8,4,-7,4,-7,4,-7,4,-6,4,-6,1,-2,0,0,0,0,0,0,0,0,0,0,0,0,0,0,0,0,0,0,1,-2,5,-8,5,-9,6,-9,6,-9,7,-9,7,-10,7,-10,7,-10,8,-10,9,-10,9,-10,9,-10,9,-10,9,-10,9,-10,8,-10,8,-10,8,-10,8,-10,8,-10,8,-10,8,-10,7,-10,7,-10,8,-10,8,-10"
2.4795408248901367,46,"CSI,1342,128,-117,-78,40,0,-9,19,-8,20,-8,19,-8,19,-8,19,-8,18,-7,18,-6,18,-6,18,-6,18,-5,18,-5,18,-6,18,-6,17,-6,17,-6,17,-6,16,-6,15,-6,14,-6,13,-6,13,-6,12,-6,12,-6,11,-6,10,-2,2,0,0,0,0,0,0,0,0,0,0,0,0,0,0,0,0,0,0,-2,4,-5,16,-5,16,-6,17,-7,17,-7,18,-7,19,-8,19,-9,20,-10,20,-10,20,-11,20,-11,20,-11,20,-11,20,-11,20,-11,20,-11,20,-11,20,-11,20,-11,20,-10,20,-10,20,-9,20,-9,20,-10,20,-10,21"
2.512376070022583,47,"CSI,2711,128,83,49,21,0,5,-23,8,-20,9,-18,8,-18,9,-19,7,-16,7,-14,9,-17,6,-18,1,-14,1,-11,-2,-13,-6,-14,-6,-13,-5,-13,-6,-14,-6,-15,-5,-14,-4,-13,-3,-14,-2,-13,0,-11,2,-11,2,-10,0,-8,-1,-2,0,0,0,0,0,0,0,0,0,0,0,0,0,0,0,0,0,0,0,-1,1,-1,2,-1,0,-4,-2,-7,-3,-8,-1,-9,2,-12,4,-12,5,-11,6,-13,8,-15,10,-14,9,-12,9,-11,10,-9,11,-9,13,-7,12,-5,10,-7,5,-9,1,-11,1,-12,2,-14,3,-19,2,-23,-1,-23"
2.567941904067993,48,"CSI,2368,128,101,81,22,0,-9,-19,-9,-19,-9,-19,-9,-18,-9,-18,-9,-17,-10,-17,-10,-17,-10,-17,-10,-17,-10,-17,-10,-16,-10,-16,-10,-15,-9,-15,-9,-15,-8,-15,-8,-15,-8,-14,-7,-13,-6,-13,-6,-12,-6,-12,-5,-11,-5,-11,-2,-3,0,0,0,0,0,0,0,0,0,0,0,0,0,0,0,0,0,0,-3,-4,-9,-14,-9,-15,-9,-16,-9,-16,-10,-17,-10,-18,-10,-19,-9,-20,-9,-20,-9,-20,-8,-21,-8,-22,-8,-22,-8,-22,-8,-21,-8,-21,-8,-21,-8,-21,-8,-21,-8,-20,-9,-20,-9,-20,-9,-20,-9,-20,-10,-20,-10,-21"
2.603502035140991,49,"CSI,2715,128,83,49,21,0,-24,11,-21,13,-20,11,-21,8,-19,8,-15,10,-15,9,-17,4,-14,4,-10,8,-8,8,-7,7,-5,9,-4,12,-2,12,-2,14,-2,15,-1,16,-1,14,-3,12,-5,11,-5,11,-5,10,-5,7,-5,6,-1,1,0,0,0,0,0,0,0,0,0,0,0,0,0,0,0,0,0,0,-1,-1,-2,-1,-1,0,0,2,-2,4,-5,5,-8,4,-12,5,-16,4,-19,2,-21,0,-22,-3,-21,-3,-17,-4,-15,-6,-17,-5,-19,-5,-16,-5,-12,-1,-11,2,-12,3,-13,2,-16,4,-17,6,-17,8,-18,11,-18,11"
2.6656908988952637,50,"CSI,2369,128,101,81,22,0,12,5,12,5,12,5,12,4,12,3,12,3,12,3,11,3,11,3,11,3,11,3,11,2,11,2,11,2,11,2,10,2,10,2,10,2,9,2,9,2,8,2,8,2,8,2,7,2,7,2,1,0,0,0,0,0,0,0,0,0,0,0,0,0,0,0,0,0,0,0,2,1,9,4,9,4,10,4,10,5,11,5,11,6,11,6,11,7,12,7,12,7,12,7,11,8,11,8,11,8,11,7,12,7,12,7,12,7,12,7,12,6,12,6,12,6,12,6,12,6,12,6,12,6"
2.7054078578948975,51,"CSI,2718,128,83,49,21,0,17,-17,17,-17,13,-15,11,-14,11,-14,11,-14,7,-12,1,-10,1,-9,5,-9,4,-8,-1,-8,-3,-11,-3,-14,-4,-14,-5,-12,-7,-13,-7,-14,-4,-13,-3,-13,-2,-13,-2,-11,-1,-8,-2,-6,-3,-6,-1,-2,0,0,0,0,0,0,0,0,0,0,0,0,0,0,0,0,0,0,0,0,0,1,0,0,2,-2,4,-3,5,-3,7,-4,10,-3,12,-1,14,0,15,0,15,0,15,2,17,3,18,5,16,6,15,6,12,6,11,4,10,1,11,-3,12,-8,13,-11,15,-12,17,-14,17,-13,18,-12"
2.7810709476470947,52,"CSI,2370,128,101,81,22,0,10,-8,10,-8,10,-7,10,-7,9,-8,9,-8,8,-8,8,-8,8,-8,8,-8,8,-8,8,-8,8,-8,8,-8,8,-8,7,-7,7,-7,7,-6,7,-6,7,-6,6,-6,6,-5,6,-5,6,-5,5,-4,1,-1,0,0,0,0,0,0,0,0,0,0,0,0,0,0,0,0,0,0,1,-2,7,-6,7,-6,8,-7,8,-7,9,-7,9,-7,9,-7,10,-7,11,-7,11,-7,11,-7,11,-6,11,-6,11,-6,11,-6,11,-6,11,-6,11,-7,11,-7,11,-7,11,-7,10,-7,10,-7,10,-7,10,-7,11,-7"
2.8105809688568115,53,"CSI,2723,128,83,49,21,0,-4,25,-3,25,-1,24,2,21,3,17,3,16,7,17,8,19,5,15,4,10,5,6,5,7,7,9,11,7,12,6,10,7,11,6,12,6,11,5,11,4,10,5,9,6,8,5,7,5,7,5,1,1,0,0,0,0,0,0,0,0,0,0,0,0,0,0,0,0,0,0,-1,-1,-1,-2,0,0,-1,3,-2,4,-1,4,0,5,0,8,-2,11,-5,12,-7,12,-10,12,-13,12,-12,11,-11,9,-12,10,-14,10,-11,7,-7,7,-5,9,-5,11,-4,12,-1,13,2,17,1,21,-2,21,-3,22"
2.9081099033355713,54,"CSI,2726,128,83,49,21,0,-13,19,-13,18,-11,17,-10,15,-9,15,-7,16,-5,14,-1,13,0,11,-3,8,-3,6,-2,7,0,8,3,8,5,10,5,12,4,13,4,11,5,11,6,11,4,10,3,8,4,7,4,7,3,6,0,1,0,0,0,0,0,0,0,0,0,0,0,0,0,0,0,0,0,0,-1,-1,-2,-2,1,0,1,2,-1,3,-4,4,-5,6,-7,7,-10,6,-13,6,-13,7,-15,6,-18,5,-18,4,-17,2,-18,1,-16,2,-13,5,-10,7,-9,5,-8,4,-9,9,-10,13,-9,16,-10,19,-12,18,-15,18"
3.016570806503296,55,"CSI,2372,128,101,81,22,0,-8,-13,-8,-13,-8,-12,-8,-11,-8,-11,-8,-11,-9,-11,-9,-11,-9,-11,-9,-11,-9,-10,-9,-10,-9,-10,-9,-9,-9,-9,-8,-9,-8,-9,-8,-9,-7,-9,-7,-8,-6,-8,-6,-7,-6,-7,-5,-7,-5,-7,-2,-2,0,0,0,0,0,0,0,0,0,0,0,0,0,0,0,0,0,0,-2,-3,-7,-9,-7,-10,-7,-10,-7,-11,-7,-11,-7,-12,-7,-13,-7,-13,-7,-13,-7,-13,-7,-14,-7,-14,-7,-14,-7,-14,-7,-14,-7,-14,-7,-14,-7,-14,-7,-13,-7,-13,-8,-13,-8,-13,-8,-13,-8,-13,-8,-12,-8,-12"
3.11533784866333,56,"CSI,2734,128,83,49,21,0,-17,20,-18,19,-17,15,-17,12,-17,13,-16,12,-11,13,-9,15,-7,16,-3,14,0,12,2,13,1,12,0,11,2,11,4,14,5,15,2,12,0,12,0,13,-1,9,-1,6,0,6,1,7,1,9,0,2,0,0,0,0,0,0,0,0,0,0,0,0,0,0,0,0,0,0,0,-1,1,-3,0,-1,-2,3,-5,5,-6,4,-8,4,-11,5,-12,5,-13,4,-17,3,-19,3,-19,1,-19,1,-19,1,-20,0,-20,-2,-17,-2,-13,0,-10,2,-11,5,-11,9,-11,9,-11,9,-13,13,-16,15,-14,13"
3.1410727500915527,57,"CSI,2373,128,101,81,22,0,1,12,1,12,1,12,1,12,1,11,1,11,2,11,2,11,2,11,2,11,2,11,2,11,2,10,2,10,2,10,1,10,1,9,1,9,1,8,1,8,0,8,0,8,0,7,0,7,0,7,0,1,0,0,0,0,0,0,0,0,0,0,0,0,0,0,0,0,0,0,0,2,1,9,2,9,1,10,1,10,1,10,1,11,1,12,1,12,0,12,0,13,0,13,0,13,0,13,0,13,0,13,0,13,0,13,0,13,0,13,0,13,0,13,1,13,1,13,1,12,1,12,1,12"
3.215019941329956,58,"CSI,2738,128,83,49,21,0,22,7,21,8,20,9,19,10,15,10,12,10,11,11,12,13,12,10,11,4,10,2,11,1,12,-2,13,-4,13,-5,13,-4,15,-3,15,-1,13,2,11,2,9,-1,9,0,9,2,6,2,5,3,1,0,0,0,0,0,0,0,0,0,0,0,0,0,0,0,0,0,0,0,0,0,0,1,1,0,4,-3,6,-4,5,-4,6,-2,10,1,13,3,14,6,13,7,13,9,14,10,13,11,10,11,10,11,10,11,9,10,8,8,10,7,12,6,12,5,13,7,16,6,18,5,22,5,25,2"
3.239856719970703,59,"CSI,2374,128,101,81,22,0,5,11,5,11,5,10,5,10,5,9,5,9,5,9,6,10,6,9,6,9,6,9,5,9,5,9,5,8,5,8,5,8,5,8,5,8,4,8,3,7,3,7,3,7,3,7,2,6,2,6,0,1,0,0,0,0,0,0,0,0,0,0,0,0,0,0,0,0,0,0,1,2,5,8,5,8,5,8,5,9,5,9,6,10,6,10,5,11,5,11,5,11,5,12,5,12,4,12,4,12,4,12,4,12,5,12,5,12,4,11,5,11,5,11,5,11,5,11,5,12,5,11,5,11"
3.3175318241119385,60,"CSI,2743,128,83,49,21,0,1,24,1,25,-1,22,-1,22,1,21,3,18,2,14,1,8,2,5,2,6,3,8,4,8,5,9,6,7,8,6,11,8,12,10,10,11,6,11,7,10,8,8,8,7,6,4,4,2,4,4,1,1,0,0,0,0,0,0,0,0,0,0,0,0,0,0,0,0,0,0,-1,-1,-4,-1,-3,1,-1,3,-1,4,-1,6,1,9,2,11,0,14,-4,14,-7,12,-8,14,-9,16,-9,14,-11,13,-12,11,-11,11,-8,13,-8,12,-6,9,-2,11,-2,14,-1,15,1,15,-1,17,-1,20,0,21"
3.347165822982788,61,"CSI,2375,128,101,81,22,0,-2,23,-1,23,-1,22,-1,22,-1,21,0,21,1,21,1,21,1,21,2,21,2,21,2,20,2,20,1,19,1,19,0,19,0,18,0,18,0,17,0,16,-1,15,-1,14,-1,14,-1,13,-1,13,-1,3,0,0,0,0,0,0,0,0,0,0,0,0,0,0,0,0,0,0,0,4,1,17,1,18,0,19,0,19,0,20,0,21,0,22,-1,23,-2,23,-2,23,-3,24,-3,24,-3,24,-3,24,-3,24,-3,24,-3,24,-3,24,-3,23,-3,23,-2,23,-2,24,-1,24,-1,24,-2,24,-1,25"
3.422938823699951,62,"CSI,2746,128,83,49,21,0,13,-22,13,-20,13,-18,13,-18,10,-16,9,-13,6,-13,1,-13,-1,-9,1,-6,1,-7,-1,-10,-2,-11,-3,-12,-4,-14,-4,-14,-4,-14,-4,-14,-2,-12,-2,-11,-3,-11,-3,-10,-3,-10,-3,-9,-3,-8,-1,-2,0,0,0,0,0,0,0,0,0,0,0,0,0,0,0,0,0,0,-1,0,-2,1,0,-2,1,-5,2,-7,2,-6,5,-5,8,-5,9,-6,8,-6,11,-6,16,-6,18,-5,16,-2,15,-1,15,-1,15,-1,12,-3,10,-4,12,-4,11,-7,8,-12,9,-15,9,-16,11,-16,14,-18,15,-19"
3.4610958099365234,63,"CSI,2376,128,101,81,22,0,-13,0,-12,0,-13,1,-13,1,-12,1,-12,1,-12,1,-12,1,-12,1,-11,1,-11,1,-11,1,-11,1,-11,1,-11,2,-10,1,-10,1,-10,0,-9,0,-9,0,-9,0,-9,0,-8,0,-8,0,-7,0,-2,0,0,0,0,0,0,0,0,0,0,0,0,0,0,0,0,0,0,0,-3,0,-11,1,-11,1,-11,1,-11,1,-12,1,-12,0,-13,0,-13,0,-13,0,-14,0,-14,-1,-14,-1,-14,-1,-14,-1,-14,-1,-14,-1,-14,-1,-14,-1,-13,0,-14,0,-14,0,-14,0,-13,0,-13,0,-14,0,-14,0"
3.5014541149139404,64,"CSI,1346,128,-117,-78,40,0,3,22,4,22,4,22,4,21,4,21,5,20,5,20,6,20,5,20,6,20,6,20,6,20,5,19,5,18,5,18,4,18,4,18,4,17,3,17,3,15,2,14,2,14,2,13,1,13,1,13,0,3,0,0,0,0,0,0,0,0,0,0,0,0,0,0,0,0,0,0,1,4,6,16,6,17,5,18,5,19,5,19,5,21,5,22,5,22,4,23,3,23,3,24,3,24,3,25,3,24,3,24,3,24,3,24,3,24,3,23,3,23,3,23,4,23,4,24,4,23,4,24,4,24"
3.574380874633789,65,"CSI,2377,128,101,81,22,0,9,16,9,15,10,15,10,14,10,14,10,13,10,13,10,13,10,13,10,13,10,13,10,13,10,12,10,12,10,12,9,12,8,12,8,12,7,11,7,10,6,10,6,9,5,9,5,9,5,9,1,2,0,0,0,0,0,0,0,0,0,0,0,0,0,0,0,0,0,0,2,2,9,10,9,11,9,11,9,12,10,13,10,14,10,15,10,15,10,16,9,16,9,17,9,18,9,18,9,18,9,17,9,17,9,17,9,17,9,16,9,16,9,16,10,16,10,16,10,16,10,16,11,17"
3.627596855163574,66,"CSI,2754,128,83,49,21,0,-24,0,-23,-1,-23,-3,-23,-1,-21,2,-20,1,-17,0,-13,1,-11,1,-11,0,-12,2,-14,2,-13,4,-10,8,-9,8,-10,7,-11,5,-12,5,-13,6,-13,8,-12,6,-12,5,-9,4,-5,1,-4,0,-1,0,0,0,0,0,0,0,0,0,0,0,0,0,0,0,0,0,0,0,-1,-2,-1,-6,-1,-4,-3,1,-5,4,-7,5,-10,4,-11,3,-12,1,-14,1,-15,3,-16,2,-18,-1,-20,-3,-17,-5,-14,-8,-12,-9,-12,-8,-12,-6,-14,-6,-17,-4,-17,-4,-16,-4,-18,0,-22,3,-22,3,-21,4"
3.6832149028778076,67,"CSI,2378,128,101,81,22,0,20,9,20,9,20,8,20,8,20,7,20,7,20,7,20,7,19,6,19,6,19,6,18,6,18,5,19,5,18,5,18,5,17,6,16,6,15,6,15,5,14,5,13,5,13,5,12,5,11,5,2,1,0,0,0,0,0,0,0,0,0,0,0,0,0,0,0,0,0,0,4,1,17,5,17,5,17,6,18,6,19,7,19,8,20,9,20,9,20,10,21,10,21,11,20,12,20,12,20,12,20,12,21,11,21,12,21,11,21,10,21,10,21,10,21,10,21,10,21,10,22,10,23,10"
3.803481101989746,68,"CSI,2379,128,101,81,22,0,-6,-23,-6,-23,-6,-22,-6,-22,-6,-21,-6,-21,-7,-21,-7,-21,-7,-21,-8,-21,-8,-20,-8,-20,-7,-19,-7,-19,-7,-19,-6,-19,-6,-19,-6,-18,-5,-17,-5,-16,-4,-15,-4,-14,-4,-14,-3,-13,-3,-13,-1,-4,0,0,0,0,0,0,0,0,0,0,0,0,0,0,0,0,0,0,-2,-5,-7,-17,-7,-17,-7,-18,-7,-19,-7,-20,-7,-21,-7,-22,-7,-23,-6,-23,-5,-24,-5,-24,-5,-25,-5,-25,-5,-25,-4,-25,-5,-25,-5,-25,-5,-24,-5,-24,-5,-24,-5,-24,-6,-24,-6,-24,-6,-24,-6,-24,-7,-25"
3.920860767364502,69,"CSI,2380,128,101,81,22,0,-9,20,-8,20,-8,20,-8,20,-8,19,-8,19,-6,19,-6,19,-6,19,-6,19,-6,19,-6,18,-6,18,-6,18,-6,17,-7,17,-7,17,-6,16,-6,15,-7,14,-7,13,-7,13,-7,12,-7,11,-6,10,-2,2,0,0,0,0,0,0,0,0,0,0,0,0,0,0,0,0,0,0,-1,4,-3,17,-4,17,-4,18,-5,18,-6,19,-6,20,-6,20,-7,21,-8,21,-9,21,-10,21,-10,22,-10,22,-10,21,-10,21,-10,21,-10,21,-10,21,-10,21,-10,21,-10,21,-9,21,-9,21,-9,21,-10,21,-9,22"
3.9467599391937256,70,"CSI,2766,128,83,49,21,0,9,21,9,22,11,20,10,17,8,15,7,14,6,16,3,16,5,14,7,11,9,8,10,7,8,5,9,5,10,4,11,1,12,0,12,1,11,2,7,3,7,5,9,5,8,4,8,2,9,1,2,0,0,0,0,0,0,0,0,0,0,0,0,0,0,0,0,0,0,0,0,-1,-1,-1,-2,0,0,2,2,2,3,3,5,5,5,7,5,8,2,12,0,15,3,17,2,19,-1,18,-1,16,-1,15,-2,14,-2,12,-2,13,-1,13,3,13,6,13,7,14,7,13,9,15,12,20,14,22"
4.009598970413208,71,"CSI,1014,128,77,-47,20,0,-15,16,-14,14,-13,15,-11,15,-11,13,-14,11,-13,8,-8,7,-5,9,-6,11,-5,9,-3,7,-1,8,1,10,2,12,5,14,2,14,-2,11,-2,9,-2,8,-2,9,0,9,1,9,0,6,1,5,0,1,0,0,0,0,0,0,0,0,0,0,0,0,0,0,0,0,0,0,0,-1,1,-3,3,-2,1,1,-2,6,-6,10,-8,10,-9,8,-11,6,-14,5,-14,4,-15,3,-17,2,-17,1,-16,-2,-16,-3,-14,-1,-13,-1,-10,1,-6,4,-5,6,-8,7,-10,9,-13,11,-15,15,-16,18,-15,18"
4.040080785751343,72,"CSI,2771,128,83,49,21,0,-8,22,-9,22,-8,20,-8,18,-8,16,-8,15,-4,15,2,14,2,10,-1,6,0,6,1,9,1,10,1,11,3,11,5,11,7,12,5,11,2,10,-1,11,-3,11,-4,10,-2,8,1,7,0,6,-1,1,0,0,0,0,0,0,0,0,0,0,0,0,0,0,0,0,0,0,-1,-2,-2,-5,0,-3,2,0,3,2,2,6,1,10,0,10,-4,9,-6,11,-7,14,-8,14,-8,14,-9,13,-12,11,-16,9,-15,7,-9,6,-7,7,-7,8,-7,9,-8,13,-7,17,-4,19,0,20,2,21,1,20"
4.073938846588135,73,"CSI,2381,128,101,81,22,0,-14,-2,-14,-2,-14,-2,-14,-1,-14,-1,-14,-1,-13,-1,-13,-1,-13,0,-13,0,-13,0,-12,0,-12,0,-13,0,-12,0,-12,0,-11,0,-11,-1,-10,-1,-10,-1,-10,-1,-10,-1,-9,-1,-9,-1,-8,-1,-2,-1,0,0,0,0,0,0,0,0,0,0,0,0,0,0,0,0,0,0,-3,0,-11,-1,-12,-1,-12,-1,-12,-1,-13,-2,-13,-2,-14,-2,-14,-2,-15,-3,-15,-3,-15,-3,-15,-3,-14,-4,-14,-4,-15,-4,-15,-4,-15,-4,-15,-3,-15,-3,-15,-3,-15,-2,-15,-2,-15,-3,-15,-2,-15,-2,-14,-2"
4.13164210319519,74,"CSI,2382,128,101,81,22,0,13,6,13,6,14,6,13,5,13,5,13,4,13,4,13,4,13,4,13,3,12,3,12,3,12,3,12,3,12,3,12,3,11,4,11,4,10,4,10,3,9,3,9,3,8,3,8,3,7,3,1,0,0,0,0,0,0,0,0,0,0,0,0,0,0,0,0,0,0,0,2,0,11,3,11,4,11,4,12,4,12,5,13,6,13,6,13,7,13,7,14,7,14,7,13,8,13,8,13,8,14,8,13,8,13,8,14,8,14,7,14,7,14,7,14,7,14,7,14,6,14,6,14,6"
4.251255035400391,75,"CSI,2383,128,101,81,22,0,-5,-12,-5,-12,-5,-12,-5,-11,-5,-11,-5,-11,-5,-11,-6,-11,-5,-11,-5,-11,-6,-11,-5,-11,-5,-10,-5,-10,-5,-10,-4,-10,-4,-10,-4,-10,-4,-9,-4,-8,-3,-8,-3,-8,-2,-8,-2,-7,-2,-7,-1,-2,0,0,0,0,0,0,0,0,0,0,0,0,0,0,0,0,0,0,-2,-2,-6,-8,-6,-9,-6,-9,-6,-10,-6,-10,-7,-11,-6,-11,-6,-11,-6,-12,-6,-12,-5,-13,-5,-13,-5,-13,-5,-13,-5,-13,-5,-13,-5,-13,-5,-13,-5,-13,-5,-12,-5,-12,-5,-12,-5,-13,-5,-13,-5,-12,-6,-12"
4.344286918640137,76,"CSI,2783,128,83,49,21,0,9,-22,8,-22,8,-21,10,-20,10,-18,9,-17,8,-15,5,-10,3,-11,3,-13,3,-14,1,-12,-2,-8,-6,-8,-9,-10,-11,-10,-10,-10,-9,-11,-6,-11,-3,-10,-5,-9,-6,-7,-6,-5,-4,-6,-2,-4,-1,-1,0,0,0,0,0,0,0,0,0,0,0,0,0,0,0,0,0,0,-1,0,-2,3,-1,2,2,0,5,-2,7,-3,7,-4,8,-6,10,-7,14,-8,18,-5,21,-4,20,-7,19,-6,19,-4,20,-3,16,-1,12,0,11,-2,10,-5,8,-7,8,-10,10,-11,11,-12,13,-17,14,-20,15,-18"
4.381346940994263,77,"CSI,2384,128,101,81,22,0,-14,-5,-14,-5,-13,-5,-13,-4,-13,-4,-13,-3,-13,-3,-13,-3,-13,-3,-13,-3,-12,-3,-12,-2,-12,-2,-12,-2,-12,-2,-12,-2,-11,-3,-11,-3,-10,-3,-10,-2,-10,-2,-9,-2,-9,-2,-8,-2,-8,-2,-2,-1,0,0,0,0,0,0,0,0,0,0,0,0,0,0,0,0,0,0,-3,-1,-11,-4,-11,-4,-11,-5,-12,-5,-12,-5,-12,-6,-13,-6,-13,-6,-13,-7,-13,-7,-13,-7,-13,-8,-13,-8,-13,-8,-13,-7,-13,-7,-13,-7,-13,-7,-14,-7,-14,-6,-14,-6,-14,-6,-14,-6,-14,-6,-14,-6,-13,-6"
4.471130847930908,78,"CSI,2385,128,101,81,22,0,11,-6,11,-5,11,-6,11,-6,10,-6,10,-6,9,-6,9,-6,9,-6,8,-7,8,-7,8,-7,8,-6,9,-6,9,-6,8,-6,8,-6,7,-5,7,-5,7,-5,6,-5,6,-5,6,-5,6,-4,5,-4,1,-1,0,0,0,0,0,0,0,0,0,0,0,0,0,0,0,0,0,0,2,-1,8,-4,9,-4,9,-4,10,-5,10,-5,11,-4,11,-4,11,-5,12,-5,12,-4,12,-4,12,-4,12,-4,12,-4,12,-4,12,-3,12,-4,12,-4,12,-5,12,-4,12,-5,11,-5,11,-5,11,-5,11,-5,11,-4"
4.565186977386475,79,"CSI,1350,128,-117,-78,40,0,-19,-15,-19,-15,-19,-14,-18,-13,-18,-13,-18,-12,-18,-13,-18,-12,-18,-12,-18,-12,-18,-12,-18,-11,-18,-11,-18,-11,-17,-10,-17,-10,-16,-11,-15,-11,-14,-11,-14,-10,-13,-9,-12,-9,-12,-9,-11,-9,-10,-9,-3,-3,0,0,0,0,0,0,0,0,0,0,0,0,0,0,0,0,0,0,-4,-3,-16,-10,-16,-10,-16,-11,-17,-12,-17,-12,-18,-13,-18,-14,-18,-15,-19,-16,-19,-16,-18,-17,-18,-17,-18,-18,-18,-18,-18,-18,-18,-18,-18,-18,-18,-17,-18,-16,-18,-16,-19,-16,-19,-16,-19,-16,-19,-16,-19,-16,-19,-17"
4.5956878662109375,80,"CSI,1016,128,77,-47,20,0,20,6,23,7,24,7,21,6,19,6,19,6,21,4,21,3,17,2,15,-1,14,-2,9,-3,6,-6,6,-10,7,-12,6,-11,7,-12,7,-12,5,-11,6,-11,8,-10,8,-7,7,-7,4,-7,3,-7,0,-2,0,0,0,0,0,0,0,0,0,0,0,0,0,0,0,0,0,0,-1,-1,-2,-3,-1,-2,3,0,6,2,6,4,4,8,3,11,4,13,5,15,3,16,2,17,2,16,2,16,1,18,1,18,1,17,3,15,5,13,6,13,6,12,7,11,8,12,10,11,14,9,18,12,19,18"
4.6316447257995605,81,"CSI,2386,128,101,81,22,0,-7,-14,-7,-14,-7,-13,-7,-13,-7,-12,-7,-12,-8,-12,-8,-12,-8,-12,-8,-12,-8,-12,-8,-11,-8,-11,-8,-11,-7,-11,-7,-11,-7,-11,-6,-11,-6,-10,-5,-10,-5,-9,-5,-9,-5,-8,-4,-8,-4,-8,-1,-2,0,0,0,0,0,0,0,0,0,0,0,0,0,0,0,0,0,0,-2,-3,-8,-9,-7,-10,-8,-11,-7,-11,-8,-12,-8,-12,-8,-13,-8,-13,-8,-14,-7,-14,-7,-14,-7,-15,-7,-15,-7,-15,-7,-15,-7,-15,-7,-15,-7,-15,-7,-15,-7,-14,-7,-14,-7,-14,-8,-14,-8,-14,-8,-13,-8,-13"
4.69850492477417,82,"CSI,2387,128,101,81,22,0,19,-7,18,-7,18,-8,19,-8,18,-8,18,-8,17,-8,16,-8,16,-8,16,-9,15,-9,15,-9,15,-8,16,-8,16,-8,15,-8,15,-7,14,-6,13,-6,13,-6,13,-5,12,-5,12,-5,11,-4,10,-3,2,-1,0,0,0,0,0,0,0,0,0,0,0,0,0,0,0,0,0,0,3,-3,14,-9,14,-9,15,-9,16,-9,17,-9,17,-9,18,-9,18,-8,19,-8,20,-8,20,-8,20,-7,20,-7,20,-7,20,-7,21,-7,20,-7,20,-7,21,-7,21,-8,20,-8,20,-8,20,-7,20,-7,21,-8,21,-9"
4.751579761505127,83,"CSI,2798,128,83,49,21,0,-6,21,-8,21,-7,21,-5,19,-4,17,-5,16,-6,19,-4,21,-1,16,-1,11,-2,9,-3,7,-1,7,0,8,3,7,6,10,5,14,1,14,-1,11,-2,10,-2,11,-2,10,-1,8,0,7,0,6,0,1,0,0,0,0,0,0,0,0,0,0,0,0,0,0,0,0,0,0,0,-1,1,-3,0,-2,0,1,0,3,0,4,-2,5,-3,8,-5,11,-7,12,-8,14,-8,15,-11,14,-15,14,-15,14,-11,13,-11,10,-11,8,-10,8,-10,8,-7,10,-6,12,-7,13,-6,14,-6,15,-6,17,-6,20"
4.816118001937866,84,"CSI,2388,128,101,81,22,0,17,-15,16,-16,16,-15,17,-16,16,-16,16,-16,14,-16,14,-16,14,-16,13,-16,13,-16,13,-16,13,-16,13,-15,13,-15,13,-15,12,-14,12,-13,11,-12,11,-12,11,-11,11,-11,11,-10,10,-9,10,-8,2,-2,0,0,0,0,0,0,0,0,0,0,0,0,0,0,0,0,0,0,3,-4,12,-13,12,-14,13,-14,14,-15,15,-15,15,-15,16,-15,17,-15,18,-15,19,-15,19,-15,19,-14,19,-14,19,-15,19,-15,19,-14,19,-14,19,-15,19,-15,19,-15,19,-16,18,-16,18,-15,18,-15,19,-15,19,-16"
4.850872993469238,85,"CSI,2802,128,83,49,21,0,7,22,6,20,4,17,2,17,2,19,0,20,0,18,6,14,7,11,6,9,4,10,1,11,1,8,3,7,6,7,9,7,10,8,8,9,7,12,6,12,4,9,2,9,1,8,1,6,3,5,1,1,0,0,0,0,0,0,0,0,0,0,0,0,0,0,0,0,0,0,-1,0,-3,0,-2,0,1,1,3,2,5,4,7,5,7,7,4,11,3,14,1,15,0,15,0,17,-1,18,-6,18,-8,17,-5,16,-2,14,-4,12,-5,11,-3,14,2,16,5,16,6,16,6,17,6,20,8,19"
4.923882961273193,86,"CSI,2389,128,101,81,22,0,21,-8,21,-8,21,-8,21,-8,21,-9,20,-9,19,-9,18,-9,18,-9,18,-9,17,-9,17,-10,17,-10,18,-10,18,-9,17,-9,16,-8,15,-7,15,-7,14,-7,14,-7,13,-6,13,-6,12,-5,12,-5,3,-1,0,0,0,0,0,0,0,0,0,0,0,0,0,0,0,0,0,0,4,-2,16,-7,17,-7,18,-7,19,-7,19,-7,20,-7,21,-7,21,-7,23,-7,23,-6,23,-6,23,-5,23,-5,24,-5,23,-5,24,-5,23,-5,23,-6,23,-6,24,-7,23,-7,23,-7,22,-7,22,-7,23,-7,24,-7"
5.0412280559539795,87,"CSI,2390,128,101,81,22,0,-18,15,-17,15,-17,15,-17,15,-17,15,-16,15,-15,15,-14,15,-15,15,-14,15,-14,15,-14,15,-14,15,-14,14,-14,14,-14,14,-13,13,-13,12,-12,11,-12,11,-12,10,-12,9,-12,9,-11,8,-11,7,-3,1,0,0,0,0,0,0,0,0,0,0,0,0,0,0,0,0,0,0,-3,3,-12,13,-12,14,-13,14,-14,15,-15,15,-15,15,-16,16,-17,16,-18,16,-19,16,-20,15,-19,15,-19,15,-20,15,-20,15,-20,15,-20,14,-19,15,-20,15,-20,16,-19,16,-18,15,-18,15,-19,15,-20,16,-20,16"
5.156343936920166,88,"CSI,2391,128,101,81,22,0,-18,16,-17,16,-17,16,-17,16,-17,16,-16,16,-15,15,-15,15,-15,16,-14,16,-14,15,-14,15,-14,15,-14,15,-14,14,-14,14,-13,13,-13,12,-12,12,-12,11,-12,10,-12,10,-11,9,-11,8,-11,8,-3,2,0,0,0,0,0,0,0,0,0,0,0,0,0,0,0,0,0,0,-3,3,-12,13,-13,14,-13,14,-14,14,-15,15,-16,15,-16,15,-17,16,-18,16,-19,16,-20,15,-19,15,-19,15,-20,15,-20,15,-20,15,-20,15,-19,15,-20,15,-20,15,-19,16,-19,16,-18,16,-19,16,-19,16,-20,17"
5.262794017791748,89,"CSI,2392,128,101,81,22,0,7,-13,7,-13,7,-13,7,-12,7,-12,6,-12,6,-12,5,-12,5,-13,5,-13,5,-12,5,-12,5,-12,5,-11,5,-11,5,-11,5,-11,5,-10,5,-10,5,-9,5,-8,5,-8,5,-8,4,-7,4,-7,1,-2,0,0,0,0,0,0,0,0,0,0,0,0,0,0,0,0,0,0,1,-3,4,-11,4,-11,4,-11,5,-12,5,-12,5,-12,6,-13,6,-13,7,-13,8,-13,8,-13,8,-13,8,-13,8,-13,8,-13,8,-13,8,-13,8,-13,8,-13,8,-13,8,-13,7,-13,7,-13,7,-13,7,-13,6,-13"
5.365599870681763,90,"CSI,2822,128,83,49,21,0,-3,27,-5,26,-3,24,0,22,0,20,0,19,-1,17,-4,14,-3,13,2,12,6,9,6,10,7,10,7,8,8,6,11,7,12,7,12,6,11,5,8,5,7,5,7,6,8,6,5,3,1,1,0,0,0,0,0,0,0,0,0,0,0,0,0,0,0,0,0,0,0,0,0,-1,1,-2,1,-1,1,2,0,7,-5,10,-7,10,-8,12,-9,14,-9,14,-9,13,-12,10,-14,9,-15,10,-17,10,-16,7,-15,5,-15,4,-13,5,-11,8,-7,10,-4,12,-4,15,-4,17,-4,20,-5,22,-3,19"
5.401754140853882,91,"CSI,2393,128,101,81,22,0,-20,14,-19,13,-19,13,-19,14,-19,14,-18,14,-17,14,-17,14,-17,14,-16,14,-16,14,-16,14,-16,14,-16,13,-16,13,-16,12,-15,12,-14,11,-14,10,-14,9,-14,9,-13,8,-13,7,-13,7,-12,6,-3,1,0,0,0,0,0,0,0,0,0,0,0,0,0,0,0,0,0,0,-4,3,-13,13,-14,13,-15,13,-16,14,-17,14,-17,14,-17,14,-19,14,-20,15,-21,15,-21,14,-21,14,-21,14,-21,14,-21,13,-22,13,-21,13,-21,13,-21,14,-21,14,-21,14,-20,14,-20,14,-20,14,-21,14,-22,15"
5.431729793548584,92,"CSI,1017,128,77,-47,20,0,23,11,22,11,20,8,16,9,14,10,15,6,18,3,20,4,18,3,13,-1,10,-1,9,-2,9,-6,8,-10,7,-11,7,-12,9,-11,9,-9,7,-8,7,-10,8,-10,6,-7,4,-5,4,-5,5,-5,1,-1,0,0,0,0,0,0,0,0,0,0,0,0,0,0,0,0,0,0,-1,-1,-3,-3,-1,-1,1,2,3,4,4,5,3,7,3,11,3,15,2,15,1,15,1,17,1,18,0,18,-3,21,-3,19,-2,15,-2,14,0,14,5,13,6,10,6,7,10,6,14,8,16,12,19,14,21,14"
5.47064995765686,93,"CSI,2827,128,83,49,21,0,-26,11,-22,11,-18,9,-17,10,-17,12,-19,9,-18,6,-15,9,-10,9,-8,8,-8,6,-6,5,-3,5,-3,7,-6,11,-8,14,-8,15,-7,15,-9,12,-10,7,-10,5,-9,4,-7,4,-5,3,-3,1,-1,0,0,0,0,0,0,0,0,0,0,0,0,0,0,0,0,0,0,0,-1,-1,-1,-3,1,0,1,3,-3,3,-6,4,-8,5,-10,6,-12,5,-14,5,-17,5,-19,5,-18,4,-18,2,-18,0,-18,-3,-20,-4,-18,-3,-16,0,-13,3,-11,7,-11,6,-13,5,-15,10,-17,14,-20,14,-20,13"
5.501252889633179,94,"CSI,2394,128,101,81,22,0,23,-1,23,-1,23,-1,23,-2,23,-3,22,-3,22,-3,21,-3,21,-3,21,-3,20,-4,20,-4,20,-4,20,-4,20,-4,19,-3,19,-2,18,-2,17,-2,16,-2,16,-2,15,-2,14,-1,14,-1,13,0,3,0,0,0,0,0,0,0,0,0,0,0,0,0,0,0,0,0,0,0,4,-1,18,-3,18,-3,19,-3,20,-3,21,-2,22,-2,22,-1,23,-1,24,0,25,0,25,1,24,1,24,2,24,1,25,1,25,1,25,1,24,1,25,0,25,0,25,0,25,0,24,0,25,0,25,-1,26,-1"
5.573056936264038,95,"CSI,2830,128,83,49,21,0,18,-20,15,-16,12,-13,11,-15,11,-17,9,-14,9,-12,9,-11,8,-11,4,-11,0,-11,-3,-11,-3,-11,-3,-10,-4,-13,-4,-16,-4,-17,-5,-16,-3,-14,-2,-12,-3,-9,-4,-7,-3,-7,-2,-6,-2,-3,-1,-1,0,0,0,0,0,0,0,0,0,0,0,0,0,0,0,0,0,0,-1,1,-2,3,-2,-1,-1,-3,2,-4,5,-6,8,-8,10,-8,10,-8,12,-7,16,-5,20,-5,20,-5,18,-3,16,0,16,1,15,2,12,0,12,-1,13,-4,14,-7,12,-6,10,-8,8,-12,7,-15,7,-16,8,-14"
5.609847068786621,96,"CSI,1354,128,-117,-78,40,0,21,-11,20,-11,20,-11,20,-12,20,-12,19,-12,19,-12,18,-12,18,-12,17,-12,16,-12,16,-12,16,-12,17,-12,17,-12,17,-11,16,-10,15,-9,14,-9,14,-9,14,-8,13,-8,13,-7,12,-7,12,-6,2,-2,0,0,0,0,0,0,0,0,0,0,0,0,0,0,0,0,0,0,3,-3,15,-11,16,-11,16,-11,17,-12,18,-12,19,-12,19,-12,20,-12,22,-12,22,-12,23,-11,23,-11,23,-10,23,-10,23,-10,23,-10,22,-10,22,-10,23,-11,23,-11,23,-11,22,-11,21,-11,22,-11,23,-12,23,-12"
5.6753668785095215,97,"CSI,2835,128,83,49,21,0,-26,11,-24,10,-21,9,-21,10,-18,11,-17,9,-16,4,-15,-2,-14,0,-13,6,-10,7,-5,7,-2,9,-2,11,-3,11,-4,11,-4,11,-4,11,-4,10,-4,10,-5,10,-5,8,-5,7,-4,5,-3,2,-1,0,0,0,0,0,0,0,0,0,0,0,0,0,0,0,0,0,0,0,0,-1,2,-4,1,-2,-1,1,-4,4,-7,4,-10,2,-11,2,-11,4,-15,4,-18,1,-19,-3,-18,-5,-17,-5,-18,-4,-17,-3,-19,-4,-19,-4,-14,-2,-12,-1,-14,1,-16,3,-19,5,-21,6,-22,6,-24,9,-24,14"
5.710962772369385,98,"CSI,2396,128,101,81,22,0,8,-11,7,-11,7,-10,7,-10,7,-10,7,-10,6,-10,6,-10,6,-11,5,-11,5,-11,5,-10,5,-10,5,-10,6,-10,5,-9,5,-9,5,-9,5,-8,5,-8,5,-7,4,-7,4,-7,4,-6,4,-6,1,-2,0,0,0,0,0,0,0,0,0,0,0,0,0,0,0,0,0,0,1,-3,5,-9,5,-9,6,-9,6,-10,7,-10,7,-10,7,-10,8,-10,8,-10,9,-10,9,-11,8,-11,9,-10,9,-10,9,-10,9,-10,9,-10,9,-10,9,-10,9,-10,9,-11,8,-11,8,-11,8,-11,8,-10,8,-10"
5.774054765701294,99,"CSI,2838,128,83,49,21,0,22,9,22,8,19,9,18,9,17,7,17,4,13,3,10,4,10,6,12,5,11,2,11,-2,11,-6,10,-7,10,-8,11,-9,13,-9,14,-7,11,-7,9,-7,9,-6,8,-4,7,-3,5,-3,3,-3,0,-1,0,0,0,0,0,0,0,0,0,0,0,0,0,0,0,0,0,0,-1,-1,-2,-2,2,-2,5,-3,7,-2,8,1,9,4,11,4,13,8,11,12,10,13,11,15,10,17,9,17,8,17,7,15,7,12,6,10,7,8,10,9,11,7,11,5,12,5,14,5,15,6,16,8,16,9"
5.830153942108154,100,"CSI,2397,128,101,81,22,0,20,-13,20,-13,20,-13,20,-13,19,-14,19,-14,17,-14,17,-14,17,-14,16,-14,16,-14,15,-14,15,-14,16,-14,16,-13,16,-13,15,-12,14,-11,14,-11,14,-10,13,-10,13,-9,12,-9,12,-8,11,-7,2,-2,0,0,0,0,0,0,0,0,0,0,0,0,0,0,0,0,0,0,3,-3,14,-12,15,-12,16,-13,17,-13,18,-13,18,-13,19,-13,20,-13,21,-13,22,-13,22,-13,22,-12,22,-12,22,-12,22,-12,22,-12,22,-12,22,-12,22,-12,22,-13,22,-13,21,-13,21,-13,21,-13,22,-13,22,-13"
5.880123853683472,101,"CSI,2843,128,83,49,21,0,14,-15,13,-16,11,-16,12,-16,14,-15,14,-13,15,-10,12,-6,8,-6,4,-8,1,-9,-1,-10,-1,-11,-1,-11,-4,-10,-6,-11,-5,-14,-5,-14,-4,-13,-3,-14,-2,-13,0,-11,2,-9,-1,-7,-5,-6,-2,-2,0,0,0,0,0,0,0,0,0,0,0,0,0,0,0,0,0,0,0,0,2,0,1,-1,0,-4,2,-6,7,-7,11,-5,12,-5,14,-4,15,-4,14,-3,15,-2,18,0,20,1,18,0,15,0,15,1,16,3,16,1,15,-1,12,-4,10,-6,10,-5,12,-9,14,-15,16,-18,18,-21"
5.9435670375823975,102,"CSI,2398,128,101,81,22,0,8,22,9,22,9,21,9,20,9,20,9,19,10,19,10,20,10,19,10,19,10,19,10,18,10,18,10,17,9,17,8,17,8,17,8,16,7,16,6,14,6,14,6,13,5,12,4,12,4,12,1,3,0,0,0,0,0,0,0,0,0,0,0,0,0,0,0,0,0,0,2,3,9,15,9,16,9,17,9,18,9,18,10,20,10,21,9,22,9,22,8,22,8,23,8,24,8,24,8,24,8,24,8,24,8,24,8,23,8,23,8,23,8,23,9,23,9,23,9,23,9,23,10,24"
5.979407787322998,103,"CSI,2846,128,83,49,21,0,4,26,4,24,2,21,1,18,3,18,3,19,4,16,7,10,6,6,4,6,5,5,5,3,5,3,6,2,8,0,10,1,12,2,12,0,11,2,10,4,10,3,9,3,8,3,7,3,6,4,1,1,0,0,0,0,0,0,0,0,0,0,0,0,0,0,0,0,0,0,0,-1,0,-4,2,-1,2,3,0,7,-2,9,-6,10,-7,12,-6,13,-7,13,-11,14,-14,15,-16,16,-16,13,-15,11,-13,11,-12,11,-12,12,-12,12,-10,10,-8,10,-7,12,-6,13,-3,14,0,17,-1,20,-4,21"
6.047870874404907,104,"CSI,2399,128,101,81,22,0,23,3,22,3,23,2,23,2,23,1,22,1,22,1,21,1,21,0,21,0,20,0,20,0,20,0,20,0,20,0,19,0,19,1,18,2,17,2,16,1,15,1,15,1,14,1,13,2,13,2,3,0,0,0,0,0,0,0,0,0,0,0,0,0,0,0,0,0,0,0,4,-1,18,-1,19,-1,19,-1,20,0,21,0,22,1,23,2,23,2,24,3,24,3,24,4,24,5,24,5,24,5,24,5,24,5,24,5,24,5,24,4,25,3,25,3,24,3,24,4,24,3,25,3,26,3"
6.087016820907593,105,"CSI,2851,128,83,49,21,0,-12,-23,-10,-21,-8,-23,-8,-22,-7,-19,-6,-17,-6,-16,-8,-18,-7,-15,-7,-9,-7,-6,-6,-4,-7,-3,-9,-4,-11,-6,-13,-6,-14,-2,-14,-1,-12,-3,-11,-6,-9,-6,-8,-5,-7,-5,-4,-6,-3,-4,-1,-1,0,0,0,0,0,0,0,0,0,0,0,0,0,0,0,0,0,0,-1,0,-1,-1,-3,-4,-5,-5,-7,-6,-7,-9,-5,-11,-4,-12,-2,-15,2,-16,2,-18,1,-20,2,-20,5,-18,4,-16,3,-17,4,-19,2,-17,0,-16,0,-17,2,-16,1,-16,-3,-16,-5,-15,-7,-16,-9,-19,-12,-21"
6.1758058071136475,106,"CSI,2400,128,101,81,22,0,-11,-22,-11,-22,-11,-22,-11,-21,-11,-20,-11,-20,-12,-20,-12,-20,-12,-20,-12,-20,-12,-19,-12,-19,-12,-19,-12,-18,-11,-18,-10,-18,-10,-18,-10,-17,-9,-17,-8,-16,-8,-15,-7,-14,-7,-14,-6,-13,-6,-13,-2,-4,0,0,0,0,0,0,0,0,0,0,0,0,0,0,0,0,0,0,-3,-4,-11,-16,-11,-17,-11,-18,-11,-19,-11,-19,-11,-20,-11,-22,-11,-22,-11,-23,-10,-23,-10,-24,-10,-25,-10,-25,-10,-25,-10,-25,-10,-25,-10,-25,-10,-24,-10,-24,-10,-23,-11,-23,-11,-24,-11,-24,-11,-24,-11,-24,-12,-24"
6.204076051712036,107,"CSI,2854,128,83,49,21,0,18,11,20,12,19,11,17,11,16,11,16,11,12,10,6,8,5,6,7,4,6,3,6,1,5,-2,5,-4,7,-6,9,-8,10,-7,10,-4,9,-2,9,-2,9,-3,9,-2,7,-1,4,-1,2,0,0,0,0,0,0,0,0,0,0,0,0,0,0,0,0,0,0,0,0,0,-1,0,-2,1,0,0,3,-1,6,0,8,2,10,4,9,7,7,11,7,14,7,16,5,17,4,18,3,17,3,16,4,17,6,16,6,13,6,11,9,10,10,10,10,11,10,11,12,11,14,13,17,12,19,8"
6.281869888305664,108,"CSI,2401,128,101,81,22,0,-24,5,-23,5,-23,5,-23,6,-23,6,-22,6,-21,6,-21,6,-21,7,-21,6,-20,7,-20,7,-20,7,-20,7,-20,7,-19,6,-18,5,-18,4,-17,4,-17,4,-16,4,-15,3,-15,3,-14,2,-13,1,-4,0,0,0,0,0,0,0,0,0,0,0,0,0,0,0,0,0,0,0,-5,1,-18,7,-19,7,-19,7,-20,7,-21,7,-22,6,-23,6,-24,6,-24,6,-25,5,-25,5,-25,4,-25,4,-26,4,-26,4,-26,4,-25,4,-25,4,-25,4,-25,5,-25,5,-25,5,-24,5,-25,5,-26,5,-26,6"
6.310750961303711,109,"CSI,2858,128,83,49,21,0,17,14,17,16,17,15,17,15,15,17,12,16,11,15,14,13,13,8,10,2,8,0,4,-1,4,-1,7,-2,10,-4,11,-5,11,-3,10,1,11,1,11,0,10,0,7,2,5,4,6,3,5,3,1,0,0,0,0,0,0,0,0,0,0,0,0,0,0,0,0,0,0,0,-1,-1,-1,-2,2,-1,4,0,6,2,8,3,10,3,12,4,12,6,11,10,10,14,7,15,6,15,8,16,8,16,5,16,4,14,3,13,4,12,6,11,8,12,10,12,11,11,12,12,16,12,18,10,16,7"
6.390048980712891,110,"CSI,2402,128,101,81,22,0,14,-3,14,-3,14,-3,14,-3,14,-3,13,-4,13,-4,12,-3,12,-4,12,-4,12,-4,12,-4,11,-4,12,-4,12,-4,11,-4,11,-3,10,-3,10,-3,10,-3,9,-3,9,-2,8,-2,8,-2,7,-1,1,-1,0,0,0,0,0,0,0,0,0,0,0,0,0,0,0,0,0,0,2,-1,10,-3,11,-3,11,-3,12,-3,12,-3,13,-2,13,-2,14,-2,14,-2,15,-2,15,-2,15,-1,15,-1,15,-1,15,-1,15,-1,15,-1,15,-1,15,-2,15,-2,15,-2,15,-2,14,-2,14,-2,15,-2,15,-2"
6.419336795806885,111,"CSI,2863,128,83,49,21,0,24,-2,24,0,21,0,19,-2,18,-2,16,-2,18,-4,21,-7,16,-5,9,-3,6,-4,5,-5,3,-6,2,-7,4,-10,7,-11,10,-12,9,-11,9,-8,9,-7,8,-8,7,-7,6,-5,5,-3,5,-2,1,-1,0,0,0,0,0,0,0,0,0,0,0,0,0,0,0,0,0,0,0,1,2,3,2,1,3,-3,5,-5,8,-5,11,-5,14,-3,16,-1,16,0,16,1,18,3,18,4,16,6,15,9,15,11,14,12,15,11,15,7,14,4,13,3,14,1,16,-1,17,-2,20,-3,22,-6,19,-7"
6.501734733581543,112,"CSI,2868,128,83,49,21,0,13,-19,13,-18,12,-17,11,-16,11,-15,11,-14,7,-15,3,-16,2,-12,2,-9,-1,-9,-3,-9,-5,-9,-5,-10,-5,-12,-6,-13,-8,-13,-7,-12,-4,-13,-4,-13,-4,-11,-3,-8,-2,-8,-2,-7,-1,-6,-1,-1,0,0,0,0,0,0,0,0,0,0,0,0,0,0,0,0,0,0,-1,0,-3,1,-2,-1,-2,-5,0,-8,3,-10,6,-10,9,-9,10,-9,12,-8,15,-6,17,-6,18,-7,19,-7,19,-6,18,-4,16,-4,14,-3,12,-3,12,-5,10,-6,8,-6,9,-9,11,-13,11,-17,11,-17,13,-17"
6.536746978759766,113,"CSI,2403,128,101,81,22,0,-13,-7,-13,-7,-13,-6,-13,-6,-13,-5,-13,-5,-13,-5,-13,-5,-13,-5,-13,-5,-12,-5,-12,-5,-12,-4,-12,-4,-12,-4,-11,-4,-11,-5,-10,-5,-10,-5,-10,-4,-9,-4,-9,-4,-8,-4,-8,-4,-8,-4,-2,-1,0,0,0,0,0,0,0,0,0,0,0,0,0,0,0,0,0,0,-3,-1,-11,-4,-11,-4,-12,-5,-12,-5,-13,-5,-13,-6,-13,-6,-13,-7,-14,-7,-14,-7,-14,-8,-14,-8,-14,-9,-13,-8,-14,-8,-14,-8,-14,-8,-14,-8,-13,-7,-14,-7,-14,-7,-14,-7,-14,-7,-14,-7,-14,-7,-14,-7"
6.604887008666992,114,"CSI,2871,128,83,49,21,0,-14,-21,-15,-22,-14,-21,-12,-19,-12,-16,-12,-15,-10,-17,-7,-18,-7,-14,-9,-11,-11,-8,-11,-4,-12,-2,-12,-2,-13,1,-13,2,-14,0,-13,-3,-11,-3,-10,-4,-10,-5,-8,-5,-6,-3,-4,-4,-4,-4,-1,-1,0,0,0,0,0,0,0,0,0,0,0,0,0,0,0,0,0,0,0,-1,1,-2,-3,1,-5,0,-6,-3,-7,-4,-10,-6,-9,-9,-6,-11,-5,-13,-5,-13,-6,-15,-7,-18,-5,-18,-3,-18,-1,-16,-1,-15,-2,-14,-2,-12,-4,-15,-6,-16,-9,-14,-11,-12,-12,-13,-13,-15,-14,-16,-15,-17"
6.63277792930603,115,"CSI,1019,128,75,-79,20,0,8,24,10,22,9,20,7,21,6,20,5,15,3,11,3,6,3,5,2,5,1,3,2,2,5,0,8,-2,9,-3,10,-1,11,1,10,0,11,-1,11,0,9,2,9,3,9,2,7,2,6,1,1,0,0,0,0,0,0,0,0,0,0,0,0,0,0,0,0,0,0,0,-1,-1,-2,-5,0,-3,2,2,4,5,4,7,4,10,2,12,0,13,1,14,0,15,-3,15,-6,16,-9,17,-8,18,-4,18,-4,17,-6,14,-3,13,0,15,-1,15,-2,13,0,13,3,15,7,18,11,20,12,21"
6.666035890579224,116,"CSI,2404,128,101,81,22,0,-23,5,-22,5,-23,6,-23,6,-22,7,-22,7,-21,7,-20,7,-20,7,-20,7,-19,7,-19,7,-19,7,-19,7,-19,7,-19,7,-18,6,-17,5,-16,5,-16,5,-16,4,-15,4,-14,4,-14,3,-13,2,-4,0,0,0,0,0,0,0,0,0,0,0,0,0,0,0,0,0,0,0,-5,1,-18,6,-18,6,-19,6,-20,6,-21,6,-22,6,-22,5,-23,5,-24,5,-25,5,-25,4,-25,3,-25,3,-25,3,-25,3,-25,3,-25,3,-25,4,-25,4,-25,5,-25,5,-24,5,-24,5,-24,5,-25,5,-26,6"
6.702070951461792,117,"CSI,1358,128,-117,-78,40,0,-1,-14,-1,-14,-1,-13,-1,-13,-1,-13,-1,-12,-2,-13,-2,-13,-2,-13,-2,-12,-2,-12,-2,-12,-2,-12,-2,-11,-2,-11,-2,-11,-2,-11,-2,-11,-1,-10,-1,-9,-1,-9,-1,-9,-1,-8,-1,-8,-1,-8,-1,-2,0,0,0,0,0,0,0,0,0,0,0,0,0,0,0,0,0,0,-1,-3,-1,-10,-1,-11,-1,-11,-1,-12,-1,-12,-1,-13,-1,-13,0,-14,0,-14,1,-14,1,-14,1,-14,1,-14,1,-14,1,-14,1,-14,1,-14,1,-14,1,-14,1,-14,0,-14,0,-14,0,-14,0,-14,0,-13,0,-13"
6.732753753662109,118,"CSI,2875,128,83,49,21,0,26,-12,22,-10,20,-7,20,-6,20,-5,17,-4,16,-5,18,-7,16,-8,8,-10,5,-9,4,-7,2,-7,4,-9,5,-13,6,-14,8,-12,9,-11,7,-9,7,-9,7,-8,8,-8,6,-8,5,-6,4,-3,1,-1,0,0,0,0,0,0,0,0,0,0,0,0,0,0,0,0,0,0,-1,0,-2,0,-1,-2,1,-5,2,-8,3,-8,5,-10,8,-10,11,-10,13,-9,16,-7,19,-5,18,-4,15,-2,14,1,14,2,16,1,17,0,15,-1,15,0,16,-1,15,-4,14,-9,16,-13,18,-11,18,-11,17,-15"
6.764459848403931,119,"CSI,2405,128,101,81,22,0,-23,8,-22,8,-23,8,-22,9,-22,9,-21,9,-20,9,-20,9,-20,9,-20,9,-19,9,-18,10,-18,9,-19,9,-19,9,-18,9,-18,8,-17,7,-16,7,-16,6,-15,6,-15,6,-14,5,-14,4,-13,4,-4,0,0,0,0,0,0,0,0,0,0,0,0,0,0,0,0,0,0,0,-5,2,-18,8,-18,8,-19,8,-20,8,-21,8,-21,8,-22,8,-23,8,-24,7,-25,7,-25,6,-25,6,-25,6,-25,6,-25,6,-25,6,-25,6,-25,6,-25,7,-25,7,-25,8,-24,7,-24,7,-24,7,-25,7,-25,7"
6.801877975463867,120,"CSI,2879,128,83,49,21,0,11,-20,12,-21,13,-20,10,-19,8,-17,10,-14,11,-15,10,-17,7,-16,2,-11,0,-7,1,-7,-1,-7,-4,-7,-5,-9,-8,-11,-8,-11,-7,-12,-5,-13,-3,-13,-3,-13,-2,-11,0,-8,1,-6,0,-4,0,-1,0,0,0,0,0,0,0,0,0,0,0,0,0,0,0,0,0,0,-1,0,-2,2,-2,-1,1,-5,4,-8,5,-8,7,-8,12,-8,14,-7,15,-6,17,-6,18,-6,18,-6,18,-7,19,-4,19,1,17,-1,14,-5,13,-7,14,-6,13,-7,13,-9,11,-11,11,-13,12,-16,10,-19,9,-22"
6.837751865386963,121,"CSI,2406,128,101,81,22,0,20,12,20,12,20,11,20,10,20,10,19,9,20,9,20,9,19,8,19,8,19,8,19,8,19,7,19,7,18,7,17,7,17,8,16,8,15,7,14,7,13,6,13,6,12,6,12,6,11,6,2,1,0,0,0,0,0,0,0,0,0,0,0,0,0,0,0,0,0,0,4,1,17,7,17,8,17,8,18,9,18,10,19,11,20,12,20,13,20,13,20,13,20,14,20,15,20,15,20,15,20,15,20,15,20,15,20,14,20,14,20,13,20,13,21,13,21,13,21,13,21,13,22,14"
6.903320074081421,122,"CSI,2882,128,83,49,21,0,-26,9,-22,11,-17,11,-15,9,-14,9,-13,8,-13,7,-15,7,-14,8,-10,7,-6,6,-1,7,1,9,0,10,0,13,2,14,3,14,1,15,-1,14,-2,12,-3,10,-3,8,-2,7,-3,5,-4,4,-1,1,0,0,0,0,0,0,0,0,0,0,0,0,0,0,0,0,0,0,0,0,0,0,-1,1,-3,4,-6,7,-9,5,-11,2,-12,1,-14,1,-17,0,-17,-2,-18,-3,-19,-3,-18,-6,-16,-10,-15,-9,-14,-8,-13,-8,-14,-5,-15,-1,-16,0,-17,2,-18,4,-17,7,-19,7,-22,5,-23,4"
6.95321798324585,123,"CSI,2407,128,101,81,22,0,-10,22,-10,21,-9,21,-10,21,-10,21,-9,20,-8,20,-7,21,-7,21,-7,21,-6,20,-6,20,-7,19,-7,19,-7,18,-7,18,-7,17,-7,16,-7,16,-7,15,-7,14,-7,13,-7,12,-7,12,-7,11,-2,2,0,0,0,0,0,0,0,0,0,0,0,0,0,0,0,0,0,0,-2,4,-5,17,-6,18,-6,19,-7,19,-8,20,-8,21,-8,21,-9,22,-10,22,-11,22,-12,23,-11,23,-12,23,-12,23,-12,22,-12,22,-12,22,-12,22,-12,22,-12,22,-12,22,-11,22,-10,22,-11,22,-11,23,-11,24"
7.002093076705933,124,"CSI,2887,128,83,49,21,0,6,23,5,24,6,21,7,21,7,22,5,20,6,19,7,20,6,17,4,9,4,5,6,3,6,2,6,0,7,1,9,2,10,3,11,4,13,4,12,4,7,5,5,6,6,5,6,4,5,4,1,1,0,0,0,0,0,0,0,0,0,0,0,0,0,0,0,0,0,0,-1,-1,0,-1,1,-1,2,2,2,7,3,9,3,10,1,12,1,13,0,15,-4,16,-7,16,-10,17,-12,18,-12,17,-11,16,-10,14,-8,13,-5,13,-3,12,-3,13,-1,15,1,15,2,16,5,21,7,25,7,27"
7.064745903015137,125,"CSI,2408,128,101,81,22,0,-22,9,-22,9,-22,9,-22,10,-21,10,-21,11,-20,10,-19,10,-19,10,-19,10,-18,11,-18,11,-18,11,-18,10,-18,10,-18,10,-17,9,-16,8,-15,8,-15,7,-15,7,-14,6,-14,6,-13,5,-13,4,-3,1,0,0,0,0,0,0,0,0,0,0,0,0,0,0,0,0,0,0,-5,2,-17,9,-17,9,-18,9,-19,9,-20,9,-21,9,-21,9,-22,9,-23,9,-24,9,-24,8,-24,8,-24,7,-24,8,-25,8,-25,7,-24,7,-24,8,-24,9,-24,9,-24,9,-23,9,-23,9,-23,9,-24,9,-25,9"
7.214242935180664,126,"CSI,2895,128,83,49,21,0,-12,-21,-11,-20,-11,-19,-9,-17,-8,-16,-9,-14,-12,-14,-16,-15,-14,-12,-12,-5,-13,-2,-12,-1,-10,2,-10,4,-12,5,-13,4,-13,2,-14,-1,-13,-2,-11,-1,-10,-1,-12,-4,-13,-5,-10,-4,-7,-3,-2,-1,0,0,0,0,0,0,0,0,0,0,0,0,0,0,0,0,0,0,0,-1,2,-1,0,-1,-2,-1,-3,-5,-3,-11,-2,-15,-2,-17,-2,-18,-1,-17,0,-18,2,-21,4,-21,7,-18,8,-18,7,-17,7,-16,6,-16,2,-16,0,-14,-1,-12,-1,-12,-3,-13,-7,-13,-12,-15,-13,-18,-12,-19"
7.261897802352905,127,"CSI,1020,128,77,-47,20,0,4,24,1,23,-2,20,-1,19,0,18,-1,18,0,19,2,20,4,15,4,8,4,5,6,6,8,6,9,7,8,8,8,9,8,9,7,8,9,9,8,8,4,5,1,6,0,7,1,5,2,5,0,1,0,0,0,0,0,0,0,0,0,0,0,0,0,0,0,0,0,0,-2,-1,-6,-2,-1,0,2,1,4,4,6,8,6,11,5,12,3,13,0,15,-1,19,-3,20,-5,17,-5,14,-4,14,-4,15,-3,15,-2,15,-3,13,-3,12,-2,12,-1,15,3,17,5,15,5,17,5,21,6,21"
7.29266095161438,128,"CSI,1021,128,77,-47,20,0,12,-22,13,-21,11,-20,10,-18,8,-17,7,-16,8,-12,6,-7,5,-7,4,-11,2,-10,-3,-9,-7,-9,-8,-7,-9,-7,-10,-8,-10,-8,-10,-7,-9,-9,-8,-10,-7,-9,-6,-6,-5,-6,-4,-6,-3,-5,-1,-1,0,0,0,0,0,0,0,0,0,0,0,0,0,0,0,0,0,0,-2,0,-4,0,-3,-2,-2,-4,2,-5,6,-6,9,-5,12,-3,14,0,14,0,17,2,17,3,15,4,14,4,15,4,16,2,15,0,12,0,11,-1,13,-4,17,-9,17,-11,13,-11,12,-13,13,-16,14,-17,15,-16"
7.325818061828613,129,"CSI,2410,128,101,81,22,0,-3,24,-2,23,-2,23,-2,23,-2,22,-2,22,-1,22,0,22,0,22,0,22,0,21,0,21,0,21,0,20,-1,20,-1,19,-1,19,-1,18,-2,17,-2,16,-3,15,-3,14,-3,14,-3,13,-3,13,-1,3,0,0,0,0,0,0,0,0,0,0,0,0,0,0,0,0,0,0,0,4,2,18,1,18,1,19,0,20,0,21,0,22,0,23,-1,24,-2,24,-3,24,-3,25,-3,25,-3,25,-3,25,-4,25,-4,25,-3,25,-3,25,-4,24,-4,24,-3,24,-3,25,-2,25,-2,24,-3,25,-2,25"
7.3537757396698,130,"CSI,2898,128,83,49,21,0,23,-5,23,-6,21,-6,19,-5,18,-3,17,-3,13,-3,7,-1,8,1,11,-2,9,-4,5,-5,4,-8,4,-10,4,-9,5,-9,6,-9,6,-10,7,-11,8,-10,8,-7,7,-5,5,-3,3,-3,2,-3,0,-1,0,0,0,0,0,0,0,0,0,0,0,0,0,0,0,0,0,0,-2,0,-4,2,-2,-1,2,-5,6,-5,8,-6,9,-5,12,-3,14,0,14,3,14,6,15,7,15,8,15,9,15,9,14,8,12,6,11,4,13,4,15,3,13,2,11,3,13,3,15,1,18,0,22,-3,23,-4"
7.410237789154053,131,"CSI,2411,128,101,81,22,0,-21,-13,-21,-13,-21,-12,-21,-11,-21,-10,-21,-10,-21,-10,-21,-10,-21,-10,-20,-10,-20,-10,-20,-9,-20,-9,-20,-8,-19,-8,-18,-9,-17,-9,-17,-9,-16,-9,-15,-8,-15,-8,-14,-8,-13,-8,-12,-8,-12,-8,-3,-2,0,0,0,0,0,0,0,0,0,0,0,0,0,0,0,0,0,0,-5,-2,-18,-7,-18,-8,-19,-9,-19,-9,-20,-10,-21,-11,-21,-12,-22,-12,-22,-13,-22,-13,-22,-14,-21,-15,-21,-16,-22,-16,-22,-15,-22,-15,-22,-15,-21,-15,-21,-14,-22,-13,-22,-13,-22,-13,-22,-14,-22,-14,-23,-14,-24,-14"
7.437071800231934,132,"CSI,2902,128,83,49,21,0,5,23,5,23,6,22,7,19,6,18,5,16,3,17,0,18,0,13,3,7,4,6,5,3,8,1,11,1,13,1,13,1,14,3,13,3,11,3,10,3,11,3,10,4,8,4,6,3,3,1,0,0,0,0,0,0,0,0,0,0,0,0,0,0,0,0,0,0,0,0,0,0,1,0,0,0,1,3,3,7,3,9,1,11,1,14,0,15,-4,15,-7,18,-8,19,-8,18,-8,16,-7,15,-9,14,-9,14,-5,13,-1,11,1,10,0,13,0,16,1,19,4,20,5,20,5,22,5,22"
7.513690710067749,133,"CSI,2412,128,101,81,22,0,11,9,11,9,11,8,11,8,10,7,11,7,11,7,11,7,11,7,11,7,11,7,10,6,10,6,10,6,10,6,10,6,9,6,9,6,8,6,8,6,7,5,7,5,6,5,6,5,6,5,1,1,0,0,0,0,0,0,0,0,0,0,0,0,0,0,0,0,0,0,2,1,9,5,9,6,9,6,10,7,10,7,10,8,11,9,11,9,11,9,11,9,11,10,11,10,11,11,11,10,11,10,11,10,11,10,11,10,11,10,11,10,11,9,11,9,11,10,11,9,11,8,11,8"
7.541133880615234,134,"CSI,2907,128,83,49,21,0,19,13,18,12,16,11,12,9,10,7,8,9,8,10,11,7,11,3,10,1,8,2,5,1,7,-2,9,-5,11,-6,11,-6,13,-4,13,-3,11,-2,7,-1,8,1,10,2,8,2,5,0,3,-1,0,-1,0,0,0,0,0,0,0,0,0,0,0,0,0,0,0,0,0,0,-1,-1,-2,-1,-1,-2,2,-2,6,-2,10,-1,13,1,14,7,11,11,9,12,10,14,9,16,8,14,6,13,3,14,2,14,3,15,5,13,6,10,8,11,10,12,10,13,11,14,12,12,15,12,18,9,17,5"
7.630285978317261,135,"CSI,2413,128,101,81,22,0,-6,-13,-6,-13,-6,-12,-6,-12,-6,-11,-6,-11,-7,-11,-7,-11,-7,-11,-7,-11,-7,-11,-7,-10,-7,-10,-7,-10,-6,-9,-6,-10,-6,-10,-6,-9,-5,-9,-5,-8,-5,-8,-5,-7,-4,-7,-4,-7,-4,-7,-1,-2,0,0,0,0,0,0,0,0,0,0,0,0,0,0,0,0,0,0,-2,-3,-5,-9,-5,-10,-5,-10,-5,-11,-5,-11,-5,-12,-5,-12,-5,-13,-5,-13,-5,-13,-4,-13,-4,-14,-4,-14,-4,-14,-4,-14,-5,-14,-5,-14,-5,-14,-5,-13,-5,-13,-5,-13,-5,-13,-6,-13,-6,-13,-5,-12,-5,-12"
7.701681852340698,136,"CSI,1362,128,-117,-78,40,0,-4,12,-4,12,-4,12,-4,11,-4,11,-4,11,-3,11,-3,11,-3,11,-2,11,-2,11,-2,11,-2,11,-3,10,-3,10,-3,10,-2,10,-3,9,-3,9,-3,8,-3,8,-3,7,-3,7,-3,6,-3,6,-1,1,0,0,0,0,0,0,0,0,0,0,0,0,0,0,0,0,0,0,-1,2,-2,9,-3,9,-3,10,-3,10,-4,11,-4,11,-4,12,-4,12,-5,12,-5,12,-5,12,-5,12,-5,13,-5,13,-6,12,-6,12,-5,12,-5,12,-6,12,-5,12,-5,12,-5,12,-4,12,-4,12,-5,12,-5,12"
7.735111951828003,137,"CSI,2914,128,83,49,21,0,-5,-25,-3,-25,-2,-22,-2,-20,-3,-20,-2,-19,-5,-16,-9,-13,-8,-10,-5,-8,-5,-5,-6,-4,-7,-5,-10,-4,-12,-2,-15,-3,-16,-2,-12,-2,-11,-4,-12,-4,-11,-5,-7,-5,-4,-6,-2,-7,-3,-5,-1,-1,0,0,0,0,0,0,0,0,0,0,0,0,0,0,0,0,0,0,1,1,2,3,-1,1,-1,-4,0,-9,1,-12,2,-13,4,-11,8,-10,9,-12,9,-14,10,-15,13,-13,15,-12,14,-12,11,-11,9,-10,8,-9,8,-13,7,-15,5,-11,4,-11,1,-14,-4,-17,-7,-20,-5,-23,-1,-24"
7.768165111541748,138,"CSI,2414,128,101,81,22,0,19,-7,18,-7,18,-8,18,-8,18,-8,17,-8,17,-8,16,-8,16,-9,16,-9,15,-9,15,-9,15,-8,15,-8,15,-8,15,-8,14,-7,14,-6,13,-6,13,-6,12,-5,12,-5,12,-5,11,-4,10,-3,2,-1,0,0,0,0,0,0,0,0,0,0,0,0,0,0,0,0,0,0,3,-3,14,-9,14,-9,15,-9,16,-9,16,-8,17,-8,18,-8,18,-8,19,-8,20,-8,20,-7,20,-7,20,-7,20,-7,20,-7,20,-7,20,-6,20,-7,20,-7,20,-7,20,-8,20,-7,19,-7,20,-7,20,-8,21,-9"
7.824613094329834,139,"CSI,2919,128,83,49,21,0,-19,17,-19,17,-18,17,-17,15,-15,14,-12,12,-8,12,-4,14,-2,11,-2,6,0,6,2,6,3,6,5,7,6,10,6,12,6,11,5,10,3,10,2,8,2,8,1,9,0,7,-1,3,0,1,-1,0,0,0,0,0,0,0,0,0,0,0,0,0,0,0,0,0,0,0,0,-1,0,0,-1,1,-2,3,-5,6,-9,7,-12,5,-14,3,-17,2,-18,0,-18,-1,-18,-2,-19,-4,-19,-6,-17,-7,-14,-7,-14,-6,-15,-5,-13,-4,-12,-3,-12,-2,-14,1,-14,5,-14,9,-14,13,-15,14,-17,15"
7.9678168296813965,140,"CSI,2416,128,101,81,22,0,13,-21,12,-20,12,-20,12,-19,12,-20,11,-20,10,-20,9,-20,9,-20,8,-20,8,-20,8,-20,8,-19,8,-19,8,-18,8,-18,8,-17,8,-16,8,-16,8,-15,8,-14,7,-13,7,-13,7,-12,7,-11,1,-3,0,0,0,0,0,0,0,0,0,0,0,0,0,0,0,0,0,0,2,-4,8,-16,9,-17,10,-18,11,-18,11,-18,11,-19,12,-20,13,-20,14,-20,15,-20,15,-20,15,-20,15,-20,15,-20,15,-20,15,-20,15,-20,15,-20,15,-20,15,-20,14,-20,14,-20,13,-20,13,-20,13,-20,13,-20"
8.029040813446045,141,"CSI,2926,128,83,49,21,0,-18,16,-20,17,-20,18,-16,17,-13,14,-13,13,-13,10,-13,8,-10,9,-7,10,-4,8,-1,8,0,8,1,7,3,7,4,9,3,10,5,12,6,14,6,13,5,10,3,10,2,9,1,6,0,3,-1,0,0,0,0,0,0,0,0,0,0,0,0,0,0,0,0,0,0,0,0,0,0,1,-1,0,-2,2,-4,4,-7,6,-9,6,-10,6,-14,5,-18,4,-18,2,-18,-1,-18,-3,-20,-4,-19,-4,-18,-2,-17,-1,-15,0,-14,1,-13,2,-11,4,-11,7,-10,8,-11,8,-14,12,-17,17,-17,18"
8.081502914428711,142,"CSI,2417,128,101,81,22,0,-23,7,-23,7,-22,7,-22,7,-22,7,-21,8,-21,7,-20,8,-20,8,-19,8,-19,8,-19,8,-19,8,-19,8,-19,8,-18,7,-17,6,-17,5,-16,5,-16,5,-15,5,-15,4,-14,4,-14,3,-13,3,-4,0,0,0,0,0,0,0,0,0,0,0,0,0,0,0,0,0,0,0,-5,1,-18,7,-18,7,-19,7,-20,7,-21,7,-21,6,-22,6,-23,6,-24,6,-25,6,-25,6,-25,5,-25,5,-25,5,-25,5,-25,5,-25,4,-25,5,-25,6,-25,6,-25,6,-24,6,-24,6,-24,6,-25,6,-26,6"
8.129942893981934,143,"CSI,2931,128,83,49,21,0,25,12,21,12,18,10,17,7,17,7,14,6,11,6,9,6,8,2,8,-2,9,-5,5,-6,1,-7,1,-9,2,-12,4,-13,5,-13,4,-12,2,-10,2,-10,4,-10,5,-12,3,-11,3,-6,3,-3,0,-1,0,0,0,0,0,0,0,0,0,0,0,0,0,0,0,0,0,0,0,-2,2,-6,1,-3,2,1,2,5,3,8,2,11,-1,13,-4,13,-5,14,-5,16,-6,17,-7,16,-7,13,-5,12,-3,13,-2,14,-1,10,1,6,4,8,5,11,5,12,8,9,11,9,12,11,16,12,19,11"
8.188278913497925,144,"CSI,2418,128,101,81,22,0,11,-6,11,-6,11,-6,11,-6,11,-6,10,-7,10,-7,9,-6,9,-6,9,-6,8,-7,8,-7,8,-6,9,-6,9,-6,8,-6,8,-6,7,-6,7,-5,7,-5,7,-5,7,-4,6,-4,6,-4,6,-4,1,-1,0,0,0,0,0,0,0,0,0,0,0,0,0,0,0,0,0,0,2,-2,8,-6,9,-5,9,-5,10,-5,10,-5,11,-5,11,-5,11,-5,12,-5,12,-5,13,-5,12,-5,12,-5,12,-4,12,-4,12,-4,12,-4,12,-5,12,-5,13,-5,12,-5,12,-5,11,-5,11,-6,12,-6,11,-5"
8.234485864639282,145,"CSI,2934,128,83,49,21,0,23,-14,20,-13,17,-10,14,-11,14,-12,15,-11,17,-9,21,-7,17,-9,9,-10,4,-8,1,-7,0,-8,-1,-9,-1,-11,-1,-12,0,-12,1,-13,3,-11,4,-11,3,-13,3,-12,2,-10,2,-7,2,-3,0,-1,0,0,0,0,0,0,0,0,0,0,0,0,0,0,0,0,0,0,-1,0,-1,0,0,-1,2,-5,2,-7,3,-9,5,-9,10,-8,16,-8,18,-6,17,-3,15,-2,16,1,17,1,16,1,15,4,17,6,18,3,15,-2,13,-4,13,-4,12,-5,14,-8,16,-8,16,-9,17,-12,17,-12"
8.312457799911499,146,"CSI,2419,128,101,81,22,0,-18,15,-17,15,-17,15,-17,15,-17,15,-17,15,-15,15,-15,15,-15,15,-14,15,-14,16,-14,15,-14,15,-14,14,-14,14,-14,14,-13,13,-13,12,-13,11,-13,10,-12,10,-12,9,-12,9,-11,8,-11,7,-3,1,0,0,0,0,0,0,0,0,0,0,0,0,0,0,0,0,0,0,-3,3,-12,14,-12,14,-13,15,-14,15,-15,15,-15,16,-16,16,-17,16,-18,16,-19,16,-19,16,-19,16,-19,16,-20,15,-20,15,-20,15,-20,15,-19,15,-20,15,-20,16,-19,16,-19,16,-18,16,-18,16,-19,16,-20,17"
8.346812725067139,147,"CSI,2938,128,83,49,21,0,-20,-17,-21,-17,-19,-14,-16,-13,-16,-13,-14,-11,-10,-11,-4,-13,-5,-11,-11,-6,-11,-2,-11,1,-9,3,-7,6,-8,7,-8,6,-12,5,-13,4,-13,2,-13,1,-11,0,-9,0,-8,0,-7,-1,-6,2,-2,1,0,0,0,0,0,0,0,0,0,0,0,0,0,0,0,0,0,0,0,0,1,0,-1,-1,-4,-2,-6,-2,-8,-5,-9,-10,-10,-13,-10,-12,-10,-12,-10,-14,-8,-18,-4,-22,-2,-22,-3,-20,-2,-17,-1,-16,-2,-15,-4,-14,-6,-14,-9,-14,-12,-13,-16,-12,-17,-11,-18,-12,-20,-12,-22,-14"
8.421994924545288,148,"CSI,2420,128,101,81,22,0,-7,-21,-7,-21,-8,-20,-8,-19,-7,-19,-8,-19,-8,-19,-9,-19,-9,-18,-9,-18,-9,-18,-9,-18,-8,-17,-8,-17,-8,-16,-7,-16,-7,-16,-7,-16,-6,-15,-5,-14,-5,-13,-5,-13,-4,-12,-4,-12,-4,-12,-1,-3,0,0,0,0,0,0,0,0,0,0,0,0,0,0,0,0,0,0,-2,-4,-8,-15,-8,-16,-8,-17,-8,-17,-8,-18,-8,-19,-8,-21,-8,-21,-7,-21,-7,-22,-6,-22,-6,-23,-6,-23,-6,-23,-6,-23,-6,-23,-6,-23,-6,-22,-6,-22,-6,-22,-7,-21,-7,-22,-8,-22,-7,-22,-8,-22,-8,-22"
8.452561855316162,149,"CSI,2942,128,83,49,21,0,-13,17,-11,16,-10,15,-10,15,-10,14,-9,12,-11,11,-17,9,-15,9,-9,9,-5,8,-2,8,0,9,2,8,5,9,9,9,9,9,6,12,6,13,6,12,5,12,4,11,3,8,1,5,-2,2,-1,0,0,0,0,0,0,0,0,0,0,0,0,0,0,0,0,0,0,0,-1,-1,0,-1,0,-1,-1,3,-3,7,-5,7,-10,3,-15,2,-17,3,-18,2,-19,1,-20,0,-20,-2,-20,-4,-19,-5,-17,-4,-15,-3,-15,-2,-17,0,-17,4,-13,4,-10,4,-11,4,-13,7,-16,12,-18,14,-18,13"
8.528655052185059,150,"CSI,2421,128,101,81,22,0,2,23,3,23,3,22,3,22,3,21,3,21,4,21,5,21,5,21,5,21,5,20,5,20,5,19,5,19,4,18,4,18,4,18,3,18,3,17,2,15,2,15,2,14,1,13,1,13,1,12,0,3,0,0,0,0,0,0,0,0,0,0,0,0,0,0,0,0,0,0,1,4,4,17,4,18,4,19,3,20,3,20,3,21,3,23,3,23,2,23,1,24,1,24,1,25,1,25,1,25,1,25,1,25,1,25,1,24,1,24,1,24,2,24,2,24,3,24,3,24,3,24,3,25"
8.560873985290527,151,"CSI,2947,128,83,49,21,0,2,-23,2,-22,0,-22,-2,-20,-1,-19,0,-20,-1,-16,-4,-6,-3,-3,0,-7,0,-9,-1,-8,-4,-5,-7,-3,-9,-3,-12,-4,-14,-5,-14,-8,-12,-9,-10,-8,-10,-6,-10,-6,-7,-6,-3,-7,-1,-6,-1,-2,0,0,0,0,0,0,0,0,0,0,0,0,0,0,0,0,0,0,-1,0,-1,0,1,-1,0,-4,-1,-7,0,-10,1,-12,2,-13,4,-12,7,-12,10,-12,13,-13,14,-13,13,-12,11,-11,11,-11,12,-11,12,-9,8,-6,4,-7,2,-10,-1,-13,-2,-13,-2,-14,-1,-18,-1,-20,-2,-21"
8.642853021621704,152,"CSI,2422,128,101,81,22,0,-12,1,-12,1,-12,1,-11,2,-11,2,-11,2,-10,2,-10,2,-11,2,-10,2,-10,2,-10,3,-10,3,-10,3,-10,3,-9,2,-9,2,-9,2,-9,1,-8,1,-8,2,-8,1,-8,1,-7,1,-7,1,-2,0,0,0,0,0,0,0,0,0,0,0,0,0,0,0,0,0,0,0,-3,0,-10,1,-10,1,-10,1,-11,1,-11,1,-11,0,-12,0,-12,0,-12,0,-13,0,-13,0,-12,0,-12,0,-12,0,-12,0,-13,0,-13,0,-13,0,-13,0,-13,1,-13,1,-13,0,-12,0,-12,0,-12,1,-12,1"
8.67151689529419,153,"CSI,2951,128,83,49,21,0,24,-6,24,-8,23,-7,21,-6,20,-6,19,-5,15,-4,10,-2,7,0,6,-1,7,-3,7,-6,4,-7,1,-8,1,-9,1,-11,3,-13,4,-13,3,-13,3,-11,3,-9,3,-7,4,-7,4,-5,1,-3,0,-1,0,0,0,0,0,0,0,0,0,0,0,0,0,0,0,0,0,0,-2,0,-6,0,-3,-2,0,-4,3,-2,6,1,10,0,13,0,13,2,15,5,16,7,16,9,15,9,12,7,12,9,12,10,12,8,13,7,12,6,11,5,12,2,14,1,14,-1,14,-2,16,-4,17,-4,14,-2"
8.74850082397461,154,"CSI,1366,128,-117,-78,40,0,16,16,17,15,17,15,17,14,17,14,17,13,17,13,17,13,17,13,17,13,17,12,16,12,16,12,16,11,16,11,15,11,14,12,13,12,13,11,12,10,11,9,10,9,10,9,9,9,8,9,2,2,0,0,0,0,0,0,0,0,0,0,0,0,0,0,0,0,0,0,3,2,15,10,15,10,15,11,16,12,16,12,17,14,17,15,17,16,17,16,17,16,17,17,17,18,17,18,17,18,17,18,17,18,17,18,17,18,17,17,17,16,17,16,17,17,17,17,18,16,18,16,19,17"
8.78034496307373,155,"CSI,2423,128,101,81,22,0,21,-5,21,-5,21,-5,21,-6,21,-6,20,-6,19,-6,19,-6,19,-6,18,-6,18,-6,17,-6,18,-6,18,-6,18,-6,17,-6,17,-5,16,-4,15,-4,15,-4,14,-3,13,-3,13,-3,13,-2,12,-2,3,-1,0,0,0,0,0,0,0,0,0,0,0,0,0,0,0,0,0,0,4,-2,16,-7,16,-7,17,-7,18,-7,19,-7,20,-6,20,-6,21,-6,22,-5,23,-5,23,-4,23,-4,23,-3,23,-3,23,-4,23,-3,23,-3,23,-4,23,-4,23,-5,23,-5,22,-5,22,-4,22,-4,23,-5,23,-5"
8.84993577003479,156,"CSI,2959,128,83,49,21,0,-23,6,-22,5,-19,5,-17,6,-18,6,-18,5,-16,4,-17,4,-14,4,-8,6,-6,6,-2,7,1,8,1,8,1,7,0,8,-1,12,-1,14,-2,13,-3,11,-4,9,-4,8,-1,6,0,4,0,2,0,0,0,0,0,0,0,0,0,0,0,0,0,0,0,0,0,0,0,0,-1,-1,-3,-4,-3,-3,-4,0,-6,3,-6,4,-7,3,-10,2,-14,2,-18,0,-19,-4,-16,-7,-16,-9,-17,-8,-15,-6,-14,-6,-14,-7,-14,-4,-13,-4,-11,-4,-11,-2,-16,0,-19,1,-19,3,-19,3,-20,3,-18,5"
8.880395889282227,157,"CSI,1022,128,77,-47,20,0,10,19,11,19,11,16,10,16,8,16,7,13,4,11,0,8,2,6,3,7,3,6,7,5,9,2,9,-1,9,-4,10,-6,14,-6,17,-4,15,-2,10,-1,9,-1,8,1,6,1,5,1,5,1,1,0,0,0,0,0,0,0,0,0,0,0,0,0,0,0,0,0,0,0,-1,-2,-3,-3,-1,-1,1,1,2,4,1,6,1,7,1,11,-2,13,-6,14,-8,15,-9,16,-10,15,-10,13,-10,13,-10,12,-11,11,-10,10,-7,9,-3,9,-2,11,-3,13,-2,15,2,14,5,14,7,16,8,16"
8.914597034454346,158,"CSI,2424,128,101,81,22,0,-3,-12,-3,-12,-4,-11,-4,-11,-3,-11,-4,-11,-4,-11,-4,-10,-4,-11,-4,-11,-4,-11,-4,-10,-4,-10,-4,-10,-4,-9,-3,-9,-3,-9,-3,-9,-3,-9,-3,-8,-2,-8,-2,-7,-2,-7,-2,-7,-2,-7,-1,-2,0,0,0,0,0,0,0,0,0,0,0,0,0,0,0,0,0,0,-1,-2,-4,-8,-4,-9,-4,-10,-4,-10,-4,-10,-4,-11,-4,-11,-4,-12,-4,-12,-3,-12,-3,-13,-3,-13,-3,-13,-3,-13,-3,-13,-3,-13,-3,-13,-3,-12,-3,-12,-3,-12,-3,-12,-3,-12,-3,-12,-4,-12,-4,-12,-4,-12"
8.952250719070435,159,"CSI,2963,128,83,49,21,0,1,-23,1,-24,0,-23,0,-22,3,-21,0,-20,-2,-15,1,-7,4,-7,4,-9,2,-7,-3,-7,-7,-7,-9,-5,-10,-1,-14,0,-14,-3,-12,-5,-12,-6,-9,-7,-8,-7,-8,-5,-6,-4,-3,-4,-3,-4,-1,-1,0,0,0,0,0,0,0,0,0,0,0,0,0,0,0,0,0,0,-2,1,-4,4,-1,0,1,-4,3,-6,6,-7,6,-7,6,-8,9,-9,11,-9,14,-9,16,-8,18,-5,18,-4,17,-6,16,-6,15,-5,14,-4,13,-5,12,-6,9,-9,7,-13,6,-15,6,-15,4,-14,6,-16,11,-20"
8.984148979187012,160,"CSI,2425,128,101,81,22,0,-24,3,-23,3,-23,3,-23,4,-23,4,-23,5,-22,5,-22,5,-21,5,-21,5,-20,5,-20,5,-20,5,-20,5,-20,4,-19,4,-19,3,-18,3,-17,2,-17,2,-16,2,-15,2,-15,1,-14,1,-14,0,-4,0,0,0,0,0,0,0,0,0,0,0,0,0,0,0,0,0,0,0,-5,1,-18,6,-19,5,-20,5,-21,5,-22,5,-22,4,-23,4,-24,4,-25,4,-25,3,-25,3,-25,2,-25,2,-25,2,-26,2,-26,1,-25,1,-25,2,-25,2,-25,3,-25,3,-25,3,-24,3,-25,3,-26,3,-26,4"
9.05417013168335,161,"CSI,2966,128,83,49,21,0,17,-17,17,-14,15,-13,14,-14,16,-13,14,-10,15,-8,21,-8,18,-10,8,-10,3,-8,2,-9,1,-11,-1,-12,-2,-14,-1,-14,2,-13,4,-13,4,-13,5,-13,7,-11,7,-9,5,-7,3,-5,2,-6,0,-2,0,0,0,0,0,0,0,0,0,0,0,0,0,0,0,0,0,0,0,1,2,2,0,0,-2,-2,-3,-3,1,-6,6,-8,8,-8,10,-8,12,-8,14,-8,15,-7,17,-7,18,-7,19,-5,19,-2,18,-3,16,-4,15,-2,12,-2,10,-5,9,-8,10,-9,10,-9,11,-11,12,-16,10,-20"
9.091552972793579,162,"CSI,2426,128,101,81,22,0,11,14,11,14,11,14,11,13,11,13,11,12,12,12,12,12,12,12,12,12,12,11,11,11,11,11,11,10,11,10,10,10,10,11,10,11,9,10,8,9,8,8,7,8,7,8,6,8,6,8,1,2,0,0,0,0,0,0,0,0,0,0,0,0,0,0,0,0,0,0,2,2,10,10,10,10,10,11,10,11,11,12,11,13,11,14,11,15,11,15,11,15,11,16,11,17,11,17,11,17,11,16,11,16,11,16,11,16,11,16,11,15,11,15,11,15,12,15,12,15,12,15,13,15"
9.151710987091064,163,"CSI,2970,128,83,49,21,0,11,20,11,17,11,16,11,18,9,17,8,13,5,9,2,6,1,7,3,9,6,8,7,8,8,5,9,-1,12,-1,14,2,16,3,15,2,13,2,11,2,9,3,7,5,5,5,4,2,2,1,0,0,0,0,0,0,0,0,0,0,0,0,0,0,0,0,0,0,0,0,-1,0,-3,1,-2,1,-1,1,3,2,4,4,4,6,7,9,6,11,2,12,1,15,3,16,3,16,1,15,0,14,-1,15,-2,17,-1,15,1,13,0,12,0,12,1,14,3,15,5,12,5,10,6,10,10,9"
9.207311868667603,164,"CSI,2427,128,101,81,22,0,12,20,12,20,13,20,12,19,12,18,13,17,13,17,14,17,13,17,13,17,13,17,13,16,13,16,13,15,12,15,12,15,11,15,11,15,10,14,9,13,9,12,8,12,8,11,7,11,7,11,1,2,0,0,0,0,0,0,0,0,0,0,0,0,0,0,0,0,0,0,2,3,10,14,11,15,11,16,11,17,11,18,12,19,12,20,12,21,12,21,11,21,11,22,10,23,10,23,10,23,10,23,11,23,11,23,11,22,11,22,11,21,12,21,12,21,12,22,12,21,12,21,12,22"
9.259493112564087,165,"CSI,2975,128,83,49,21,0,-19,15,-21,14,-21,11,-19,10,-18,12,-17,11,-13,10,-9,13,-7,12,-5,8,-3,7,1,7,2,9,1,12,2,12,3,12,4,12,3,13,1,13,0,12,1,11,1,9,2,7,1,6,0,6,-1,1,0,0,0,0,0,0,0,0,0,0,0,0,0,0,0,0,0,0,1,-1,3,-2,1,-1,-2,0,-6,0,-11,0,-13,-2,-13,-4,-13,-4,-13,-3,-15,-5,-17,-6,-18,-8,-17,-12,-16,-12,-15,-9,-16,-11,-15,-12,-12,-10,-12,-5,-14,-2,-14,-1,-14,2,-14,5,-14,7,-17,9,-19,10"
9.32362699508667,166,"CSI,2428,128,101,81,22,0,-11,-5,-11,-4,-11,-4,-11,-4,-11,-4,-11,-3,-11,-3,-11,-3,-11,-3,-10,-3,-10,-3,-11,-3,-11,-3,-10,-3,-10,-3,-10,-3,-9,-3,-9,-3,-8,-3,-8,-3,-8,-3,-7,-3,-7,-3,-7,-3,-6,-3,-2,-1,0,0,0,0,0,0,0,0,0,0,0,0,0,0,0,0,0,0,-3,-1,-10,-2,-10,-2,-10,-3,-11,-3,-11,-3,-11,-4,-11,-4,-12,-4,-12,-5,-12,-5,-12,-5,-12,-5,-12,-6,-12,-6,-12,-6,-12,-6,-12,-6,-12,-5,-12,-5,-12,-5,-12,-5,-12,-5,-12,-5,-12,-5,-13,-5,-13,-5"
9.42861270904541,167,"CSI,2429,128,101,81,22,0,9,-7,9,-7,9,-7,9,-7,9,-7,8,-8,8,-8,8,-8,7,-8,7,-8,7,-8,6,-8,6,-8,7,-7,7,-7,7,-7,7,-7,6,-6,6,-6,6,-6,5,-6,5,-6,5,-5,5,-5,5,-4,1,-1,0,0,0,0,0,0,0,0,0,0,0,0,0,0,0,0,0,0,1,-2,7,-6,7,-6,7,-6,8,-7,8,-7,9,-7,9,-7,10,-7,10,-7,10,-7,10,-7,11,-7,10,-7,10,-7,10,-6,10,-6,10,-6,10,-7,10,-7,10,-7,10,-7,10,-7,10,-7,10,-7,10,-7,10,-7"
9.464201927185059,168,"CSI,2982,128,83,49,21,0,10,-22,10,-20,10,-18,10,-18,11,-16,12,-14,13,-17,12,-18,7,-14,2,-10,-1,-8,-5,-7,-7,-8,-6,-8,-7,-7,-10,-7,-10,-10,-9,-12,-6,-11,-4,-11,-3,-14,-2,-13,-1,-8,0,-5,2,-2,0,-1,0,0,0,0,0,0,0,0,0,0,0,0,0,0,0,0,0,0,0,0,0,1,-1,0,0,-3,3,-4,5,-5,6,-6,7,-6,10,-5,14,-3,16,-2,20,-3,23,-2,21,0,17,2,14,3,14,3,13,1,13,-1,15,-2,17,-3,17,-3,15,-5,11,-9,11,-12,13,-13,14,-16"
9.53890609741211,169,"CSI,2430,128,101,81,22,0,9,-8,9,-8,8,-8,8,-8,8,-8,8,-8,7,-8,7,-8,7,-8,7,-8,7,-8,6,-8,6,-8,7,-8,7,-8,6,-7,6,-7,5,-7,5,-7,5,-6,5,-6,5,-6,5,-6,5,-5,5,-5,1,-2,0,0,0,0,0,0,0,0,0,0,0,0,0,0,0,0,0,0,1,-2,7,-7,7,-7,7,-7,8,-7,8,-7,8,-7,9,-8,9,-7,10,-7,10,-7,10,-7,10,-7,10,-7,10,-7,10,-7,10,-7,10,-7,10,-7,10,-7,10,-7,10,-8,9,-8,9,-8,9,-8,9,-8,9,-7"
9.664873838424683,170,"CSI,2431,128,101,81,22,0,-10,-23,-10,-23,-11,-22,-10,-21,-10,-21,-10,-20,-11,-20,-12,-20,-11,-20,-11,-20,-11,-20,-11,-19,-11,-19,-11,-18,-10,-18,-9,-18,-9,-18,-9,-18,-8,-17,-7,-16,-7,-15,-6,-14,-6,-14,-5,-13,-5,-13,-2,-4,0,0,0,0,0,0,0,0,0,0,0,0,0,0,0,0,0,0,-3,-4,-11,-16,-11,-17,-11,-18,-11,-18,-11,-19,-12,-21,-12,-22,-12,-23,-11,-23,-10,-23,-10,-24,-10,-25,-10,-25,-10,-25,-10,-25,-10,-25,-10,-25,-10,-25,-9,-24,-10,-23,-10,-23,-11,-24,-11,-24,-11,-24,-11,-24,-11,-24"
9.696945905685425,171,"CSI,2992,128,83,49,21,0,10,-27,11,-25,11,-23,9,-23,8,-21,8,-18,6,-12,1,-6,-1,-5,-2,-5,-3,-3,-4,-3,-7,-4,-10,-4,-12,-2,-13,0,-13,2,-14,-1,-13,-5,-13,-6,-12,-6,-10,-7,-6,-7,-4,-5,-3,-2,-1,-1,0,0,0,0,0,0,0,0,0,0,0,0,0,0,0,0,0,0,-1,0,-1,2,-1,0,1,-2,5,-2,9,-1,11,-1,12,-1,14,-1,16,0,16,3,17,4,18,5,16,6,13,5,14,4,14,4,11,2,10,0,12,-3,12,-4,11,-6,10,-10,10,-14,12,-18,10,-18,7,-16"
9.796644926071167,172,"CSI,2432,128,101,81,22,0,-19,16,-18,16,-18,16,-18,16,-18,16,-17,16,-16,16,-15,16,-15,16,-14,16,-14,16,-14,16,-14,16,-14,15,-14,15,-14,15,-14,14,-13,13,-13,12,-13,11,-12,10,-12,10,-12,9,-11,9,-11,8,-3,2,0,0,0,0,0,0,0,0,0,0,0,0,0,0,0,0,0,0,-4,3,-13,14,-14,14,-15,14,-16,15,-16,15,-17,15,-18,16,-19,16,-20,16,-21,16,-21,16,-21,15,-21,15,-21,15,-21,15,-21,15,-21,15,-21,15,-21,15,-21,16,-21,16,-20,16,-19,16,-19,16,-20,16,-21,17"
9.83176589012146,173,"CSI,1370,128,-117,-78,40,0,-16,14,-15,14,-15,14,-15,13,-14,14,-14,14,-13,14,-12,14,-12,14,-12,14,-12,14,-11,14,-11,14,-11,13,-11,13,-11,13,-10,12,-10,12,-10,11,-10,10,-10,10,-9,9,-9,9,-9,8,-9,7,-2,1,0,0,0,0,0,0,0,0,0,0,0,0,0,0,0,0,0,0,-3,3,-12,12,-12,12,-13,12,-14,12,-14,12,-14,13,-15,13,-16,13,-17,13,-18,13,-18,13,-18,13,-17,13,-17,13,-18,13,-18,13,-17,13,-17,13,-18,13,-17,14,-17,14,-16,14,-16,14,-16,14,-16,14,-15,14"
9.883389949798584,174,"CSI,2433,128,101,81,22,0,-5,11,-5,11,-5,10,-4,10,-4,10,-4,10,-3,10,-3,10,-3,10,-3,10,-3,10,-3,10,-3,9,-3,9,-3,9,-3,9,-3,9,-3,8,-3,8,-3,7,-3,7,-3,6,-3,6,-3,6,-3,5,-1,1,0,0,0,0,0,0,0,0,0,0,0,0,0,0,0,0,0,0,-1,2,-3,9,-3,9,-3,9,-4,9,-4,9,-4,10,-4,11,-5,11,-5,11,-6,11,-6,11,-6,11,-6,11,-6,11,-6,11,-6,11,-6,11,-6,11,-6,11,-6,11,-5,11,-5,11,-5,11,-5,11,-6,11,-6,11"
9.976200819015503,175,"CSI,3000,128,83,49,21,0,12,-10,11,-9,8,-8,2,-7,-4,-10,-5,-14,-7,-14,-11,-11,-12,-11,-9,-16,-8,-19,-9,-18,-9,-18,-9,-18,-7,-16,-5,-11,-4,-6,-3,-4,-3,-2,-3,0,-2,2,-1,3,-4,4,-7,5,-9,4,-3,0,0,0,0,0,0,0,0,0,0,0,0,0,0,0,0,0,0,0,1,2,3,10,1,12,-1,12,-4,12,-5,11,-5,10,-5,8,-3,3,2,1,5,1,6,1,8,3,11,1,12,0,14,2,17,2,20,-3,20,-5,18,-4,19,-3,22,-4,25,-4,23,-6,20,-11,19,-10,19,-5"
10.007149934768677,176,"CSI,2434,128,101,81,22,0,23,-2,23,-2,23,-2,23,-3,23,-4,22,-4,22,-4,21,-4,21,-4,21,-4,20,-4,20,-4,20,-4,20,-4,20,-4,20,-4,19,-3,18,-2,17,-2,17,-2,16,-2,15,-2,15,-2,14,-1,13,0,3,0,0,0,0,0,0,0,0,0,0,0,0,0,0,0,0,0,0,0,4,-2,18,-5,18,-4,19,-4,20,-4,21,-4,22,-3,23,-3,24,-2,24,-2,25,-2,25,-1,25,0,25,0,25,0,25,0,25,0,25,0,25,-1,25,-1,25,-2,25,-2,25,-2,25,-1,25,-1,26,-2,26,-2"
10.082797050476074,177,"CSI,3005,128,83,49,21,0,-15,-9,-11,-6,-12,-3,-12,1,-9,5,-9,8,-10,7,-9,6,-10,9,-14,12,-17,12,-18,14,-18,14,-17,9,-15,3,-11,3,-7,4,-5,4,-3,4,1,3,3,2,3,4,3,5,4,5,5,8,1,2,0,0,0,0,0,0,0,0,0,0,0,0,0,0,0,0,0,0,0,-4,0,-14,0,-15,4,-15,6,-13,5,-13,4,-11,1,-8,-1,-7,-1,-6,-3,-5,-7,-6,-10,-8,-9,-8,-9,-8,-12,-8,-15,-11,-16,-11,-15,-10,-17,-12,-18,-14,-15,-15,-12,-16,-12,-15,-14,-12,-16,-11,-16,-11"
10.113654851913452,178,"CSI,2435,128,101,81,22,0,23,-5,22,-5,22,-6,23,-6,23,-7,22,-7,21,-7,21,-7,20,-7,20,-7,19,-7,19,-7,19,-7,19,-7,20,-7,19,-6,18,-5,17,-5,16,-4,16,-4,15,-4,15,-4,14,-3,14,-3,13,-2,3,-1,0,0,0,0,0,0,0,0,0,0,0,0,0,0,0,0,0,0,4,-2,17,-7,18,-7,18,-7,20,-7,20,-7,21,-7,22,-6,23,-6,24,-6,24,-6,25,-5,24,-4,25,-4,25,-4,25,-4,25,-4,25,-4,24,-4,25,-5,25,-5,25,-6,24,-5,24,-5,24,-5,25,-6,26,-7"
10.219909906387329,179,"CSI,2436,128,101,81,22,0,11,-10,10,-10,10,-10,10,-10,10,-10,10,-10,9,-10,8,-10,8,-10,8,-11,8,-11,7,-11,8,-10,8,-10,8,-10,8,-10,7,-9,7,-9,7,-8,7,-8,7,-7,6,-7,6,-7,6,-6,6,-6,1,-2,0,0,0,0,0,0,0,0,0,0,0,0,0,0,0,0,0,0,2,-2,8,-8,8,-9,9,-9,9,-9,10,-9,10,-9,10,-9,11,-10,12,-10,12,-10,12,-9,12,-9,12,-9,12,-9,12,-9,12,-9,12,-9,12,-10,12,-10,12,-10,12,-10,11,-10,11,-10,11,-10,11,-10,11,-10"
10.281553745269775,180,"CSI,3013,128,83,49,21,0,17,1,15,-2,14,-5,11,-6,8,-8,8,-10,9,-14,8,-18,9,-18,10,-14,9,-12,11,-12,14,-11,13,-10,12,-11,11,-9,7,-4,5,-1,4,-2,2,-2,0,-3,-1,-6,-2,-6,-5,-4,-6,-2,-2,-1,0,0,0,0,0,0,0,0,0,0,0,0,0,0,0,0,0,0,0,3,2,13,0,13,-2,13,-3,13,-5,12,-4,9,-2,8,-1,7,-2,5,-1,5,4,6,10,6,11,6,12,5,16,6,18,8,17,11,15,11,13,10,15,10,19,11,20,11,20,11,19,12,19,10,21,9"
10.346396923065186,181,"CSI,2437,128,101,81,22,0,12,-1,12,-1,12,-1,12,-1,12,-2,11,-2,11,-2,11,-2,10,-2,10,-2,10,-3,10,-3,10,-3,10,-3,10,-3,10,-2,9,-2,9,-2,8,-2,8,-2,8,-2,7,-2,7,-2,7,-1,6,-1,1,-1,0,0,0,0,0,0,0,0,0,0,0,0,0,0,0,0,0,0,2,-1,10,-1,10,-1,10,-1,11,-1,11,-1,11,0,12,0,12,0,13,0,13,0,13,0,13,1,13,1,13,1,13,1,13,1,13,1,13,0,13,0,13,0,13,0,13,0,13,0,13,0,13,0,13,0"
10.38112473487854,182,"CSI,3017,128,83,49,21,0,1,14,2,10,6,9,9,8,11,7,12,4,13,3,12,6,15,7,18,5,18,4,19,3,21,3,18,3,12,5,7,7,4,7,2,4,1,1,1,-1,2,-3,2,-3,2,-3,4,-4,5,-6,1,-2,0,0,0,0,0,0,0,0,0,0,0,0,0,0,0,0,0,0,-2,2,-7,11,-10,12,-14,9,-15,5,-12,3,-7,4,-4,4,-1,4,-2,2,-2,3,-1,5,1,10,3,13,3,13,3,14,3,17,2,19,2,19,1,19,1,19,1,20,2,20,3,20,1,23,2,21,6,15"
10.446317911148071,183,"CSI,2438,128,101,81,22,0,-4,12,-4,12,-3,11,-3,11,-3,11,-3,11,-2,11,-2,11,-2,11,-2,11,-2,11,-2,11,-2,11,-2,10,-2,10,-2,10,-2,9,-2,9,-2,8,-2,8,-2,7,-2,7,-2,7,-2,6,-2,6,-1,1,0,0,0,0,0,0,0,0,0,0,0,0,0,0,0,0,0,0,-1,2,-2,9,-2,9,-3,10,-3,10,-3,11,-3,11,-4,12,-4,12,-4,12,-5,12,-5,12,-5,12,-5,12,-5,12,-5,12,-5,12,-5,12,-5,12,-5,12,-5,12,-5,12,-4,12,-4,12,-4,12,-4,12,-4,11"
10.559844970703125,184,"CSI,2439,128,101,81,22,0,-22,10,-21,10,-21,10,-21,10,-21,10,-20,10,-19,10,-19,10,-19,10,-18,10,-18,10,-17,11,-17,10,-18,10,-18,10,-17,9,-17,8,-16,8,-15,7,-15,7,-15,6,-14,6,-14,5,-13,5,-12,4,-3,1,0,0,0,0,0,0,0,0,0,0,0,0,0,0,0,0,0,0,-4,2,-16,10,-17,10,-17,10,-19,10,-19,10,-20,10,-21,10,-22,10,-23,10,-24,10,-24,9,-24,9,-24,8,-24,8,-24,8,-24,8,-24,8,-23,9,-24,9,-24,10,-23,10,-23,10,-22,9,-23,9,-24,9,-25,9"
10.590385913848877,185,"CSI,3025,128,83,49,21,0,11,-8,8,-6,6,-6,5,-11,2,-15,0,-17,4,-16,8,-13,6,-13,2,-17,2,-17,2,-16,3,-16,5,-14,6,-12,5,-10,2,-8,2,-8,1,-6,-2,-3,-5,-3,-5,-2,-5,-3,-6,-5,-6,-6,-2,-2,0,0,0,0,0,0,0,0,0,0,0,0,0,0,0,0,0,0,2,-1,10,-2,10,0,9,4,6,6,5,6,6,4,5,2,3,1,3,0,6,-2,10,-4,9,-6,8,-9,10,-10,13,-9,16,-7,16,-7,14,-9,14,-8,17,-7,19,-8,19,-8,17,-7,16,-8,21,-10,25,-12"
10.673759937286377,186,"CSI,2440,128,101,81,22,0,-1,-22,-2,-22,-2,-22,-2,-21,-2,-21,-3,-21,-3,-21,-4,-21,-3,-21,-4,-21,-4,-20,-4,-20,-4,-19,-4,-19,-3,-18,-3,-18,-3,-18,-3,-17,-2,-17,-2,-15,-2,-15,-1,-14,-1,-13,-1,-13,-1,-13,-1,-4,0,0,0,0,0,0,0,0,0,0,0,0,0,0,0,0,0,0,-1,-5,-4,-17,-3,-18,-3,-19,-3,-19,-3,-20,-3,-21,-3,-22,-2,-23,-1,-23,-1,-23,0,-24,0,-24,0,-24,0,-24,0,-24,0,-24,0,-24,0,-24,0,-23,0,-23,-1,-23,-1,-23,-2,-23,-2,-23,-2,-23,-2,-24"
10.70253586769104,187,"CSI,3029,128,83,49,21,0,13,-3,11,-5,7,-8,4,-11,2,-13,1,-14,-1,-17,-3,-20,-3,-17,-2,-14,-1,-13,2,-14,5,-15,5,-15,3,-12,3,-8,2,-6,0,-4,-3,-4,-7,-5,-7,-7,-6,-6,-6,-4,-5,-2,-5,-2,-2,-1,0,0,0,0,0,0,0,0,0,0,0,0,0,0,0,0,0,0,2,2,8,9,6,12,5,14,5,14,2,12,1,9,0,5,1,3,2,2,5,-1,8,-1,11,-1,13,-1,14,-3,15,-2,18,-2,19,-1,19,1,20,1,21,0,23,-1,23,-2,21,0,21,1,21,0,20,2"
10.787345886230469,188,"CSI,2441,128,101,81,22,0,-23,-9,-23,-9,-23,-9,-23,-8,-22,-7,-22,-7,-22,-7,-22,-7,-22,-7,-21,-7,-21,-7,-21,-6,-21,-6,-21,-5,-20,-5,-19,-6,-18,-7,-18,-7,-17,-7,-16,-6,-15,-6,-15,-6,-14,-6,-13,-6,-13,-6,-3,-2,0,0,0,0,0,0,0,0,0,0,0,0,0,0,0,0,0,0,-5,-1,-19,-4,-20,-4,-20,-5,-21,-5,-22,-6,-22,-7,-23,-8,-24,-8,-24,-8,-24,-9,-24,-10,-24,-11,-24,-12,-24,-11,-24,-11,-24,-11,-24,-11,-24,-11,-24,-10,-24,-9,-24,-9,-24,-10,-24,-10,-24,-10,-25,-9,-26,-9"
10.823389768600464,189,"CSI,3033,128,83,49,21,0,-14,-11,-13,-7,-13,-4,-15,-3,-15,-1,-14,1,-16,4,-18,8,-15,8,-14,5,-16,2,-16,0,-15,-1,-16,-2,-16,-3,-15,-5,-11,-5,-8,-3,-6,0,-4,0,-5,0,-4,2,-3,5,-2,5,-2,4,-1,1,0,0,0,0,0,0,0,0,0,0,0,0,0,0,0,0,0,0,-2,-2,-6,-9,-5,-11,-4,-11,-3,-12,-1,-13,2,-12,4,-11,3,-10,0,-8,-3,-7,-6,-5,-8,-6,-10,-6,-11,-6,-13,-7,-16,-9,-19,-11,-20,-13,-18,-15,-16,-17,-15,-18,-14,-18,-14,-17,-13,-16,-13,-15,-13,-11"
10.860527038574219,190,"CSI,1374,128,-117,-78,40,0,-8,-24,-8,-24,-8,-23,-8,-23,-8,-22,-8,-21,-9,-21,-10,-21,-9,-21,-10,-21,-10,-21,-10,-20,-10,-20,-9,-19,-9,-19,-8,-19,-8,-19,-8,-18,-7,-17,-6,-16,-6,-15,-6,-15,-5,-14,-4,-14,-4,-14,-1,-4,0,0,0,0,0,0,0,0,0,0,0,0,0,0,0,0,0,0,-2,-5,-8,-17,-8,-18,-8,-19,-8,-20,-8,-21,-8,-22,-8,-23,-7,-24,-7,-24,-6,-25,-6,-25,-6,-26,-6,-26,-6,-26,-6,-26,-6,-26,-6,-26,-6,-26,-6,-25,-6,-25,-7,-25,-7,-25,-8,-25,-7,-25,-7,-25,-7,-25"
10.895367860794067,191,"CSI,2442,128,101,81,22,0,-12,2,-12,2,-12,2,-12,2,-12,3,-12,3,-11,3,-11,3,-11,3,-11,3,-10,3,-10,3,-10,3,-10,3,-11,3,-10,3,-10,2,-9,2,-9,2,-9,2,-8,2,-8,2,-8,2,-7,1,-7,1,-2,0,0,0,0,0,0,0,0,0,0,0,0,0,0,0,0,0,0,0,-3,0,-10,2,-10,2,-10,2,-11,2,-12,2,-12,2,-12,2,-13,2,-13,2,-14,2,-14,1,-14,1,-14,1,-14,1,-14,1,-14,1,-13,1,-13,1,-14,1,-14,1,-13,2,-13,2,-13,2,-13,2,-13,2,-13,1"
11.0001699924469,192,"CSI,3041,128,83,49,21,0,15,11,12,9,10,4,10,0,9,-5,8,-7,10,-10,13,-15,12,-15,11,-11,11,-8,11,-8,10,-9,9,-9,9,-7,10,-4,10,-2,5,-2,2,-2,1,-3,-1,-4,-3,-2,-4,-3,-5,-5,-6,-4,-2,-1,0,0,0,0,0,0,0,0,0,0,0,0,0,0,0,0,0,0,-2,2,-8,10,-8,10,-10,9,-11,7,-10,7,-9,6,-7,3,-4,2,-3,3,-1,3,3,3,5,4,7,4,9,7,10,12,11,16,12,17,13,16,12,17,10,18,8,20,6,21,7,18,10,14,12,13,12,13"
11.038911819458008,193,"CSI,2443,128,101,81,22,0,-21,-13,-21,-13,-21,-13,-21,-12,-21,-11,-21,-11,-21,-11,-21,-11,-20,-10,-20,-10,-20,-10,-20,-10,-19,-9,-20,-9,-19,-9,-18,-9,-18,-10,-17,-10,-16,-9,-15,-8,-15,-8,-14,-8,-13,-7,-12,-8,-12,-8,-3,-2,0,0,0,0,0,0,0,0,0,0,0,0,0,0,0,0,0,0,-5,-2,-18,-8,-18,-9,-18,-10,-19,-10,-20,-11,-20,-12,-21,-13,-21,-14,-21,-14,-21,-14,-21,-15,-21,-16,-21,-17,-21,-16,-21,-16,-21,-16,-21,-16,-21,-16,-21,-15,-21,-14,-21,-14,-22,-14,-22,-15,-22,-14,-22,-14,-23,-14"
11.09732699394226,194,"CSI,3044,128,83,49,21,0,10,14,9,12,10,7,11,2,10,0,11,1,11,1,8,-2,9,-1,12,1,16,2,18,2,16,2,13,3,12,4,11,5,9,3,6,2,4,1,3,0,4,-2,4,-3,2,-5,1,-6,1,-6,0,-2,0,0,0,0,0,0,0,0,0,0,0,0,0,0,0,0,0,0,1,1,3,7,1,10,-2,12,-3,11,-4,8,-5,6,-5,7,-2,5,0,5,1,6,1,7,3,7,7,6,8,7,7,10,8,10,9,12,9,16,7,19,7,19,9,17,9,17,9,17,9,17,8,16,8,14"
11.130115032196045,195,"CSI,2444,128,101,81,22,0,23,-7,22,-7,22,-7,22,-8,22,-8,21,-8,21,-8,20,-8,20,-8,19,-9,19,-9,18,-9,18,-9,19,-8,19,-8,18,-8,17,-7,17,-6,16,-6,16,-6,15,-5,15,-5,14,-4,13,-4,12,-3,3,-1,0,0,0,0,0,0,0,0,0,0,0,0,0,0,0,0,0,0,4,-2,17,-8,17,-8,18,-8,19,-8,20,-8,21,-8,22,-7,22,-7,23,-7,24,-7,24,-6,24,-5,24,-5,24,-5,24,-5,24,-5,24,-5,24,-6,24,-6,25,-7,24,-7,24,-7,23,-6,24,-6,25,-7,25,-8"
11.202374935150146,196,"CSI,3048,128,83,49,21,0,14,-1,12,-3,12,-5,12,-6,12,-8,11,-10,11,-10,8,-8,8,-8,8,-11,7,-15,9,-16,11,-13,11,-10,9,-8,7,-7,4,-6,2,-4,0,-3,-1,-3,-1,-3,-2,-5,-5,-8,-5,-8,-4,-6,-1,-2,0,0,0,0,0,0,0,0,0,0,0,0,0,0,0,0,0,0,1,2,3,9,1,11,-1,13,-3,13,-6,9,-5,8,-2,9,-2,8,-1,7,0,7,1,6,4,3,7,2,10,3,13,4,16,4,18,6,18,9,18,9,20,8,21,10,20,13,17,12,15,7,16,2,18,0"
11.243687868118286,197,"CSI,2445,128,101,81,22,0,-13,-21,-14,-21,-14,-20,-13,-19,-13,-19,-13,-19,-14,-19,-15,-19,-14,-18,-15,-18,-15,-18,-14,-17,-14,-17,-14,-16,-13,-16,-13,-16,-12,-16,-11,-16,-11,-16,-10,-15,-9,-14,-9,-13,-8,-13,-8,-12,-7,-12,-2,-3,0,0,0,0,0,0,0,0,0,0,0,0,0,0,0,0,0,0,-4,-4,-13,-14,-13,-15,-13,-16,-14,-16,-14,-17,-14,-19,-15,-20,-14,-21,-14,-21,-14,-21,-14,-22,-14,-23,-13,-23,-13,-23,-13,-23,-13,-23,-14,-23,-13,-23,-13,-22,-13,-22,-14,-22,-14,-22,-14,-22,-14,-22,-15,-22,-16,-22"
11.307027816772461,198,"CSI,3053,128,83,49,21,0,-15,3,-12,4,-14,4,-15,6,-10,9,-8,10,-6,9,-2,10,-3,12,-7,12,-9,13,-9,13,-11,13,-10,10,-6,6,-4,5,-5,5,-5,4,-4,4,-3,3,-2,4,1,5,3,5,2,5,0,4,-1,1,0,0,0,0,0,0,0,0,0,0,0,0,0,0,0,0,0,0,-3,-1,-10,-3,-9,-8,-9,-10,-9,-10,-6,-10,-5,-8,-4,-6,-4,-5,-4,-4,-5,-4,-8,-3,-11,-2,-12,1,-13,3,-16,3,-19,3,-19,4,-21,2,-25,1,-27,0,-25,-2,-24,-4,-23,-3,-23,-3,-24,-4,-24,-3"
11.344772100448608,199,"CSI,2446,128,101,81,22,0,-13,4,-13,4,-13,4,-12,4,-12,4,-12,4,-11,4,-11,4,-11,5,-11,5,-11,5,-10,5,-10,5,-10,5,-10,5,-10,4,-9,4,-9,3,-9,3,-9,3,-8,3,-8,3,-8,3,-8,2,-7,2,-2,0,0,0,0,0,0,0,0,0,0,0,0,0,0,0,0,0,0,0,-3,0,-10,3,-10,3,-11,3,-11,3,-12,3,-12,3,-13,3,-13,3,-13,3,-14,3,-14,2,-14,2,-14,2,-14,2,-14,2,-14,2,-14,2,-14,2,-14,3,-14,3,-14,3,-13,3,-13,3,-13,3,-13,3,-13,3"
11.413441896438599,200,"CSI,3057,128,83,49,21,0,-17,-2,-15,-2,-13,1,-12,3,-13,4,-15,7,-12,10,-8,8,-11,5,-15,2,-14,2,-14,3,-15,4,-13,2,-11,-1,-10,0,-9,0,-6,-2,-3,-1,-3,0,-3,-1,-4,0,-4,3,-2,4,0,2,0,0,0,0,0,0,0,0,0,0,0,0,0,0,0,0,0,0,0,0,-4,0,-12,2,-12,0,-12,-3,-12,-3,-13,-3,-12,-4,-8,-4,-6,-3,-6,-2,-8,-1,-9,0,-10,2,-13,4,-12,7,-13,8,-17,6,-19,4,-17,3,-18,2,-21,2,-26,1,-27,-1,-25,-3,-22,-4,-22,-3,-22,-1"
11.460145950317383,201,"CSI,2447,128,101,81,22,0,-15,1,-15,1,-15,1,-15,2,-14,2,-14,3,-14,3,-13,3,-13,3,-13,3,-13,3,-13,3,-13,3,-13,3,-13,3,-12,3,-12,2,-11,2,-11,2,-10,2,-10,2,-10,1,-9,1,-9,1,-8,0,-2,0,0,0,0,0,0,0,0,0,0,0,0,0,0,0,0,0,0,0,-3,0,-12,2,-12,2,-13,2,-13,2,-14,2,-14,1,-15,1,-15,1,-15,1,-16,1,-16,0,-16,0,-16,0,-16,0,-16,0,-16,0,-16,0,-16,0,-16,1,-16,1,-16,1,-15,1,-15,1,-15,1,-16,1,-16,1"
11.5101318359375,202,"CSI,3061,128,83,49,21,0,-5,12,-3,10,0,8,3,9,4,11,5,12,6,14,5,15,6,15,11,13,14,11,12,11,9,12,7,12,7,9,6,8,4,6,4,3,4,1,3,0,2,-1,3,-2,5,-5,5,-5,5,-3,1,-1,0,0,0,0,0,0,0,0,0,0,0,0,0,0,0,0,0,0,-3,0,-11,1,-11,0,-11,-1,-11,-3,-11,-5,-9,-5,-9,-4,-9,-2,-8,1,-8,2,-9,2,-8,2,-7,5,-8,8,-8,13,-9,16,-10,15,-11,15,-13,17,-16,17,-18,16,-17,17,-16,17,-15,17,-15,16,-16,14"
11.568269968032837,203,"CSI,2448,128,101,81,22,0,9,-8,8,-8,8,-8,8,-8,8,-8,7,-9,7,-9,7,-9,6,-9,6,-9,6,-9,6,-9,6,-8,6,-8,7,-8,7,-7,6,-7,5,-7,5,-6,5,-6,5,-6,5,-6,5,-5,5,-5,4,-5,1,-1,0,0,0,0,0,0,0,0,0,0,0,0,0,0,0,0,0,0,1,-2,6,-7,7,-7,7,-7,8,-7,8,-8,8,-8,8,-8,9,-8,10,-8,10,-8,10,-8,9,-7,10,-7,10,-7,10,-7,10,-7,10,-7,10,-7,10,-8,10,-8,9,-8,9,-8,9,-8,9,-8,9,-8,10,-8"
11.610049962997437,204,"CSI,3064,128,83,49,21,0,4,15,5,14,6,11,9,7,10,6,11,6,9,7,5,11,6,10,11,9,14,9,13,7,12,6,13,8,10,10,7,10,5,6,5,1,3,0,1,-1,2,-3,3,-3,5,-5,5,-5,4,-3,0,-1,0,0,0,0,0,0,0,0,0,0,0,0,0,0,0,0,0,0,-1,4,-3,14,-7,10,-9,8,-9,8,-9,7,-10,5,-8,5,-5,6,-3,6,-3,5,-4,7,-2,9,3,10,5,11,3,15,4,17,6,18,6,19,5,22,4,22,4,19,4,19,0,18,-2,19,-1,18,1,12"
11.685688018798828,205,"CSI,2449,128,101,81,22,0,23,-4,22,-4,23,-5,22,-6,22,-6,22,-6,21,-6,20,-6,20,-6,20,-6,19,-6,19,-7,19,-7,19,-7,19,-7,19,-6,18,-5,17,-5,16,-4,16,-5,15,-4,14,-4,14,-3,13,-3,12,-2,3,-1,0,0,0,0,0,0,0,0,0,0,0,0,0,0,0,0,0,0,4,-2,18,-6,18,-6,19,-6,20,-6,21,-5,22,-5,22,-5,23,-5,24,-4,25,-4,25,-3,25,-2,25,-2,25,-2,25,-2,25,-3,25,-2,25,-3,25,-4,25,-4,25,-4,24,-4,24,-4,24,-4,25,-4,26,-5"
11.718509912490845,206,"CSI,3068,128,83,49,21,0,8,-14,5,-14,2,-12,-1,-9,-3,-8,-6,-11,-6,-13,-2,-13,-3,-15,-6,-16,-7,-15,-7,-15,-7,-14,-5,-12,-5,-10,-5,-8,-3,-9,-3,-7,-3,-3,-3,-2,-3,-2,-3,0,-4,2,-5,2,-5,3,-2,0,0,0,0,0,0,0,0,0,0,0,0,0,0,0,0,0,0,0,2,-1,10,-4,10,-4,10,-2,9,0,8,0,7,-1,7,-2,6,-3,5,-5,4,-5,4,-3,4,-5,4,-8,4,-12,6,-18,9,-19,10,-16,11,-16,14,-17,15,-15,15,-15,14,-17,16,-17,17,-17,14,-16,11,-13"
11.795698881149292,207,"CSI,2450,128,101,81,22,0,15,18,15,18,15,18,15,17,14,16,15,16,15,16,15,16,15,15,15,15,15,15,15,15,14,14,15,14,14,14,13,14,13,14,12,14,11,13,10,12,10,11,9,11,9,11,8,10,7,10,1,2,0,0,0,0,0,0,0,0,0,0,0,0,0,0,0,0,0,0,3,3,13,12,13,13,13,14,13,14,14,15,14,16,15,18,15,19,15,19,14,19,14,20,14,21,14,21,14,21,14,21,14,21,14,21,14,20,14,20,14,19,14,19,15,20,15,20,15,20,15,20,15,20"
11.894460916519165,208,"CSI,1378,128,-117,-78,40,0,11,0,11,0,11,-1,11,-1,11,-1,11,-2,10,-2,10,-2,10,-2,10,-2,9,-2,9,-2,9,-2,9,-3,9,-3,9,-2,9,-2,8,-2,8,-2,8,-2,7,-2,7,-2,6,-2,6,-2,6,-1,1,-1,0,0,0,0,0,0,0,0,0,0,0,0,0,0,0,0,0,0,2,0,9,0,9,0,9,0,10,0,10,0,11,1,11,1,11,1,12,1,12,1,12,2,12,2,12,2,12,2,12,2,12,1,12,1,12,1,12,1,12,0,12,0,12,0,12,1,12,0,11,0,11,1"
11.92189884185791,209,"CSI,3077,128,83,49,21,0,0,12,2,9,2,5,5,4,10,2,13,1,10,1,6,2,7,5,11,7,14,6,14,5,14,6,13,7,12,6,10,5,7,5,2,4,1,0,2,-3,2,-3,0,-5,0,-6,3,-6,4,-5,1,-1,0,0,0,0,0,0,0,0,0,0,0,0,0,0,0,0,0,0,-2,1,-8,5,-9,5,-10,5,-10,3,-10,0,-8,0,-7,2,-6,4,-5,4,-5,4,-4,6,-3,7,-1,6,2,9,0,15,-3,18,-4,19,-2,21,-2,21,-2,21,-2,20,-3,21,-4,20,-4,19,-3,18,-2,18"
12.025413751602173,210,"CSI,2452,128,101,81,22,0,-1,-15,-2,-15,-2,-15,-1,-14,-1,-14,-2,-14,-2,-14,-3,-14,-3,-14,-3,-14,-3,-14,-3,-13,-3,-13,-2,-13,-2,-12,-2,-12,-1,-12,-1,-12,-1,-11,-1,-11,-1,-10,-1,-10,-1,-9,0,-9,0,-9,0,-2,0,0,0,0,0,0,0,0,0,0,0,0,0,0,0,0,0,0,-1,-3,-4,-11,-4,-12,-4,-12,-3,-13,-3,-13,-3,-14,-3,-14,-3,-15,-2,-15,-2,-16,-2,-16,-2,-16,-2,-16,-2,-16,-1,-16,-1,-16,-1,-16,-1,-16,-1,-16,-1,-15,-1,-16,-1,-16,-2,-16,-2,-16,-2,-15,-3,-15"
12.123961925506592,211,"CSI,3084,128,83,49,21,0,7,7,7,3,6,-1,8,-5,12,-8,10,-8,12,-9,18,-12,15,-13,12,-11,11,-11,11,-11,13,-8,12,-4,10,-1,8,1,3,-1,1,-4,1,-5,0,-7,-1,-6,-2,-4,-3,-5,-4,-5,-5,-5,-2,-2,0,0,0,0,0,0,0,0,0,0,0,0,0,0,0,0,0,0,-1,1,-4,7,-7,8,-9,7,-8,7,-6,6,-6,5,-6,4,-3,3,-2,2,-3,3,-1,5,1,4,4,3,7,3,10,6,9,10,7,13,8,14,8,15,8,16,8,17,7,19,8,19,10,19,9,17,8,15"
12.149333953857422,212,"CSI,2453,128,101,81,22,0,9,11,8,11,9,11,9,10,9,10,9,9,9,9,9,9,9,9,9,9,9,9,9,9,9,9,9,8,8,8,8,8,7,8,7,8,7,8,6,7,6,6,5,6,5,6,5,6,4,6,1,1,0,0,0,0,0,0,0,0,0,0,0,0,0,0,0,0,0,0,2,1,8,7,8,8,8,8,8,9,8,9,9,10,9,11,9,11,9,11,8,11,8,12,8,13,8,13,8,13,8,13,8,12,8,12,8,12,8,12,8,12,9,12,9,12,9,12,9,12,9,11,9,11"
12.228911876678467,213,"CSI,3088,128,83,49,21,0,8,-3,4,-5,0,-7,-3,-9,-3,-11,-2,-11,-6,-14,-12,-19,-12,-20,-8,-17,-7,-15,-7,-15,-4,-15,0,-14,2,-12,3,-9,2,-6,0,-4,0,-3,-3,-4,-6,-3,-5,0,-6,2,-9,2,-10,2,-3,0,0,0,0,0,0,0,0,0,0,0,0,0,0,0,0,0,0,0,1,1,5,6,5,8,4,11,4,11,1,11,0,10,0,7,0,5,1,4,2,1,3,-2,3,-2,6,-2,10,-4,15,-4,17,-4,16,-4,17,-3,20,-1,23,-1,22,-3,20,-1,20,1,20,0,18,-4,16,-6"
12.262568950653076,214,"CSI,2454,128,101,81,22,0,13,-18,12,-18,12,-18,12,-17,12,-17,11,-17,10,-17,10,-18,10,-18,9,-18,9,-18,8,-17,9,-17,9,-16,10,-16,9,-15,9,-15,8,-14,8,-13,9,-13,8,-12,8,-11,8,-11,7,-10,7,-9,1,-3,0,0,0,0,0,0,0,0,0,0,0,0,0,0,0,0,0,0,2,-4,8,-15,8,-16,9,-16,10,-16,10,-17,11,-17,11,-18,12,-18,13,-18,14,-18,14,-18,14,-18,14,-18,14,-18,15,-18,15,-18,14,-18,14,-18,15,-18,15,-18,14,-18,14,-18,13,-18,13,-18,14,-18,13,-19"
12.298813819885254,215,"CSI,1027,128,77,-47,20,0,-8,10,-3,11,2,9,6,7,6,7,5,10,5,13,2,14,3,13,8,15,10,17,7,15,5,14,3,14,1,12,2,10,2,6,2,2,3,2,4,2,5,1,6,0,6,0,6,-1,7,-2,1,-1,0,0,0,0,0,0,0,0,0,0,0,0,0,0,0,0,0,0,-3,0,-12,2,-12,0,-11,-3,-9,-5,-8,-7,-7,-10,-6,-8,-7,-4,-7,-2,-6,-1,-4,0,-4,2,-7,4,-9,8,-9,11,-10,13,-12,16,-16,17,-19,15,-21,12,-19,10,-16,9,-16,8,-17,10,-17,13,-13,12"
12.326756000518799,216,"CSI,1028,128,77,-47,20,0,4,7,6,4,8,0,8,-1,8,-1,10,-1,10,-5,7,-9,8,-6,12,-2,14,-3,14,-4,14,-5,13,-5,11,-4,9,-3,6,-2,4,-3,2,-4,0,-3,-1,-3,-3,-5,-3,-7,-3,-9,-3,-10,-1,-3,0,0,0,0,0,0,0,0,0,0,0,0,0,0,0,0,0,0,-1,2,-5,10,-6,10,-8,8,-9,6,-10,3,-10,3,-8,4,-4,2,-2,0,0,3,4,5,4,5,4,5,6,8,9,9,11,11,11,17,10,20,8,20,7,19,7,23,7,25,7,21,6,18,4,15,3,13"
12.354578971862793,217,"CSI,3094,128,83,49,21,0,6,9,7,5,10,3,11,1,12,0,13,-3,11,-4,8,-2,10,1,14,2,15,4,15,4,15,2,13,2,12,2,10,3,5,3,3,-1,2,-4,1,-4,1,-5,2,-6,0,-8,-1,-9,0,-7,0,-2,0,0,0,0,0,0,0,0,0,0,0,0,0,0,0,0,0,0,-1,2,-3,9,-4,8,-7,8,-8,9,-10,9,-10,6,-9,5,-8,5,-7,4,-3,3,1,4,3,5,5,6,5,8,6,10,9,11,10,14,11,20,10,24,9,23,8,20,7,18,4,19,3,20,5,20,7,20"
12.391222953796387,218,"CSI,2455,128,101,81,22,0,-20,14,-19,14,-19,14,-19,14,-19,15,-18,15,-17,14,-16,15,-16,15,-16,14,-15,14,-15,14,-15,14,-15,14,-15,13,-15,13,-14,12,-13,12,-13,11,-13,10,-13,10,-12,9,-12,8,-12,8,-11,7,-3,1,0,0,0,0,0,0,0,0,0,0,0,0,0,0,0,0,0,0,-4,3,-14,12,-15,12,-16,13,-17,13,-18,13,-18,14,-19,14,-19,14,-21,14,-22,14,-22,14,-22,13,-22,13,-22,13,-22,13,-22,13,-22,13,-22,13,-22,13,-22,14,-21,14,-21,14,-20,14,-21,14,-22,14,-22,15"
12.42980694770813,219,"CSI,3096,128,83,49,21,0,3,12,4,9,3,7,5,6,8,3,10,1,14,0,18,0,18,1,19,0,19,0,17,1,14,4,12,6,10,6,10,4,8,4,4,1,2,-2,2,-4,1,-3,1,-3,0,-5,0,-6,1,-8,0,-3,0,0,0,0,0,0,0,0,0,0,0,0,0,0,0,0,0,0,-2,0,-8,4,-10,4,-12,4,-13,3,-12,0,-11,-2,-8,-1,-7,-1,-9,-1,-7,1,-4,2,-2,4,0,8,3,12,3,14,3,17,3,18,1,21,0,23,-1,23,-1,23,-2,22,-4,19,-3,19,-1,20,-2,18"
12.475353002548218,220,"CSI,2456,128,101,81,22,0,1,-13,1,-13,1,-13,1,-13,1,-13,1,-12,0,-12,0,-12,0,-12,0,-12,-1,-12,-1,-12,-1,-12,0,-11,0,-11,0,-11,0,-11,0,-10,0,-10,0,-9,0,-9,0,-9,0,-8,0,-8,0,-7,0,-2,0,0,0,0,0,0,0,0,0,0,0,0,0,0,0,0,0,0,0,-3,0,-10,0,-11,1,-11,1,-12,1,-12,1,-13,1,-13,2,-13,2,-13,3,-14,3,-14,3,-14,3,-14,3,-14,3,-14,3,-14,3,-14,2,-14,3,-14,3,-14,2,-14,2,-14,1,-14,2,-13,2,-13,2,-13"
12.533724784851074,221,"CSI,3101,128,83,49,21,0,9,-6,7,-8,4,-9,2,-10,2,-13,2,-14,2,-17,1,-22,0,-22,-1,-19,-3,-17,-4,-16,-3,-15,0,-13,3,-11,3,-10,1,-8,-1,-6,-2,-5,-2,-2,-4,0,-5,0,-6,0,-5,-1,-4,-1,-1,-1,0,0,0,0,0,0,0,0,0,0,0,0,0,0,0,0,0,0,2,1,8,7,8,8,6,10,5,11,3,10,1,9,0,8,0,6,2,4,4,1,4,-1,5,-2,6,-5,9,-8,12,-7,16,-6,20,-6,21,-4,22,-3,21,-2,20,-1,20,-2,22,-4,21,-4,16,-4,13,-3"
12.6074857711792,222,"CSI,1029,128,75,-79,20,0,8,7,6,7,5,7,8,5,11,4,13,3,14,0,15,-5,14,-4,14,-1,17,0,17,2,14,2,11,2,10,4,10,5,7,3,3,3,4,0,3,-2,-1,-3,0,-4,2,-6,3,-7,3,-6,0,-2,0,0,0,0,0,0,0,0,0,0,0,0,0,0,0,0,0,0,-2,2,-7,8,-7,8,-8,9,-10,8,-12,4,-11,3,-8,2,-7,1,-8,2,-5,3,-1,5,2,7,2,7,3,10,6,13,7,14,5,15,1,18,2,21,5,21,4,21,3,19,1,17,-2,17,-2,18,-1,16"
12.635327816009521,223,"CSI,1031,128,75,-79,20,0,3,13,6,13,7,13,8,7,11,2,7,4,2,9,4,9,9,4,12,3,13,4,11,4,7,5,7,3,7,4,5,7,6,6,6,4,5,2,2,0,2,-2,3,-4,1,-6,1,-6,3,-6,1,-2,0,0,0,0,0,0,0,0,0,0,0,0,0,0,0,0,0,0,-2,2,-7,8,-8,6,-11,4,-14,1,-12,-3,-9,-6,-7,-6,-8,-3,-5,0,-2,2,0,3,2,4,2,7,0,10,0,14,1,18,-1,20,-3,19,-4,17,-8,17,-9,18,-8,18,-8,19,-8,19,-7,15,-6,13"
12.665920972824097,224,"CSI,1032,128,75,-79,20,0,12,3,11,-3,10,-8,9,-9,6,-8,3,-9,6,-11,9,-14,6,-17,1,-16,-1,-15,1,-15,4,-15,5,-14,5,-11,2,-9,0,-6,-1,-2,-3,0,-5,-1,-5,-1,-4,-1,-6,-1,-6,-2,-5,-1,-2,-1,0,0,0,0,0,0,0,0,0,0,0,0,0,0,0,0,0,0,-1,2,-2,10,-4,10,-6,10,-7,9,-8,9,-9,9,-10,7,-7,5,-3,4,-1,2,-1,1,1,3,5,4,8,3,13,4,15,9,16,12,17,12,17,13,18,14,16,14,13,13,12,13,12,12,14,10,15,10"
12.699228763580322,225,"CSI,3104,128,83,49,21,0,7,-11,3,-12,2,-11,1,-12,-1,-12,-5,-10,-12,-13,-15,-17,-13,-15,-10,-14,-10,-14,-10,-10,-8,-10,-6,-13,-6,-13,-4,-11,-1,-8,1,-5,-1,-2,-5,0,-5,2,-4,2,-5,2,-6,1,-6,2,-2,0,0,0,0,0,0,0,0,0,0,0,0,0,0,0,0,0,0,0,3,0,12,3,10,4,10,4,10,6,9,8,7,6,5,5,5,3,4,-1,2,-4,3,-4,5,-6,6,-9,6,-12,8,-14,12,-16,13,-15,14,-14,16,-16,18,-14,19,-10,18,-8,18,-8,19,-10,16,-12,12,-12"
12.73241376876831,226,"CSI,1033,128,75,-79,20,0,18,-1,9,0,-4,-8,-4,-14,-2,-8,-9,0,-11,1,-3,0,-1,6,-5,14,-5,15,1,10,8,8,10,7,8,4,7,1,8,-2,6,-2,1,-2,-3,-3,-5,-2,-6,0,-4,4,-3,6,-1,5,0,1,0,0,0,0,0,0,0,0,0,0,0,0,0,0,0,0,0,0,-3,-2,-9,-10,-9,-13,-7,-12,-9,-6,-13,-4,-11,-5,-5,-2,-1,4,-2,8,-2,5,2,-1,7,-3,4,-3,-2,-11,-2,-21,-1,-18,-11,-12,-21,-16,-21,-20,-16,-10,-19,5,-23,11,-17,11,-5,17,5,23,10,21"
12.768644094467163,227,"CSI,2458,128,101,81,22,0,16,-18,15,-18,16,-18,16,-18,15,-18,15,-18,13,-18,13,-18,13,-18,12,-18,12,-18,12,-18,12,-17,12,-17,12,-16,12,-16,11,-15,11,-14,11,-14,11,-13,10,-12,10,-12,10,-11,10,-10,9,-10,2,-3,0,0,0,0,0,0,0,0,0,0,0,0,0,0,0,0,0,0,2,-4,11,-15,11,-16,12,-16,13,-16,14,-17,14,-17,15,-18,16,-18,17,-18,18,-18,19,-18,18,-17,19,-17,19,-17,19,-17,19,-17,18,-17,18,-17,18,-17,18,-18,18,-18,17,-18,17,-18,17,-18,18,-18,18,-18"
12.799284934997559,228,"CSI,3109,128,83,49,21,0,8,-8,4,-9,1,-10,-1,-8,-5,-7,-9,-10,-9,-9,-8,-5,-8,-5,-11,-8,-14,-8,-13,-7,-10,-10,-9,-12,-7,-11,-6,-10,-5,-9,-3,-5,-4,-1,-6,1,-5,2,-4,3,-5,5,-4,7,-2,9,-1,2,0,0,0,0,0,0,0,0,0,0,0,0,0,0,0,0,0,0,2,1,8,6,6,8,5,10,6,9,3,8,-1,9,0,9,1,6,1,2,1,0,-1,-3,2,-7,7,-7,9,-6,12,-7,15,-8,16,-9,17,-12,19,-10,20,-8,17,-8,16,-8,16,-8,14,-9,14,-12,15,-13"
12.84077000617981,229,"CSI,2459,128,101,81,22,0,-9,-23,-10,-23,-10,-22,-10,-21,-10,-21,-10,-20,-11,-20,-11,-20,-11,-20,-11,-20,-11,-20,-11,-19,-11,-19,-11,-18,-10,-18,-9,-18,-9,-18,-9,-17,-8,-17,-7,-16,-7,-15,-6,-14,-6,-14,-5,-13,-5,-13,-2,-4,0,0,0,0,0,0,0,0,0,0,0,0,0,0,0,0,0,0,-3,-4,-10,-16,-10,-17,-10,-18,-10,-19,-10,-20,-11,-21,-11,-22,-10,-23,-10,-23,-9,-24,-9,-25,-9,-25,-9,-26,-9,-25,-8,-25,-9,-25,-9,-25,-9,-25,-8,-24,-9,-24,-9,-24,-10,-24,-10,-24,-10,-24,-10,-24,-11,-24"
12.867997884750366,230,"CSI,3113,128,83,49,21,0,7,13,9,6,10,2,9,0,11,0,14,1,18,-1,22,-3,20,-6,18,-6,19,-6,18,-5,17,-1,15,1,12,2,10,4,7,2,5,-1,4,-1,3,-2,0,-4,-1,-3,-2,-5,-3,-8,-3,-10,-1,-3,0,0,0,0,0,0,0,0,0,0,0,0,0,0,0,0,0,0,0,3,-1,12,-3,11,-4,10,-5,10,-6,9,-7,5,-8,3,-7,2,-4,1,0,2,3,3,3,3,5,4,9,5,11,7,11,11,10,13,10,14,10,17,10,18,9,18,9,18,8,18,6,16,5,14,7,13"
12.912469863891602,231,"CSI,2460,128,101,81,22,0,9,8,9,8,9,7,9,7,9,6,9,6,9,6,9,6,9,6,9,6,9,5,9,5,9,5,9,5,9,5,8,5,8,5,7,5,7,5,7,4,6,4,6,4,5,4,5,4,5,4,1,1,0,0,0,0,0,0,0,0,0,0,0,0,0,0,0,0,0,0,2,1,8,5,8,6,8,6,8,6,8,7,9,8,9,8,9,8,9,9,9,9,9,9,9,9,9,9,9,9,9,9,9,9,9,9,9,9,9,9,9,8,9,8,9,9,9,8,9,8,9,8,9,8"
12.94502878189087,232,"CSI,3117,128,83,49,21,0,12,3,13,-1,11,-4,8,-4,7,-4,7,-4,6,-9,2,-16,0,-17,3,-15,5,-16,5,-16,6,-16,8,-12,10,-8,8,-8,5,-6,2,-2,0,0,0,-1,-2,-1,-3,-2,-2,-2,-3,-2,-6,-5,-2,-2,0,0,0,0,0,0,0,0,0,0,0,0,0,0,0,0,0,0,0,2,2,11,-2,12,-4,13,-4,13,-5,11,-4,9,-3,9,-2,8,-1,6,2,3,5,1,6,1,7,2,9,3,14,5,18,7,17,9,17,8,19,9,17,10,19,11,20,12,17,11,15,9,15,7,12,7"
12.976898908615112,233,"CSI,1382,128,-117,-78,40,0,-14,2,-13,2,-13,2,-13,2,-13,3,-12,3,-12,2,-12,3,-12,3,-11,3,-11,3,-11,3,-11,3,-11,3,-11,3,-11,3,-10,2,-10,2,-10,2,-9,2,-9,2,-8,2,-8,2,-8,1,-8,1,-2,0,0,0,0,0,0,0,0,0,0,0,0,0,0,0,0,0,0,0,-3,0,-10,2,-11,2,-11,1,-12,1,-13,1,-13,1,-13,1,-14,0,-14,0,-15,0,-15,0,-14,0,-14,0,-14,0,-14,0,-14,0,-14,0,-14,0,-14,0,-15,1,-15,1,-14,1,-13,1,-13,1,-13,1,-13,1"
13.037529945373535,234,"CSI,2461,128,101,81,22,0,-2,14,-2,14,-2,14,-2,14,-2,13,-1,13,-1,13,0,13,0,13,0,13,0,13,0,13,0,12,0,12,0,12,-1,12,-1,11,-1,11,-1,10,-1,9,-1,9,-1,8,-1,8,-1,8,-1,7,-1,1,0,0,0,0,0,0,0,0,0,0,0,0,0,0,0,0,0,0,-1,2,-1,11,-1,11,-1,12,-2,12,-2,12,-2,13,-2,14,-3,14,-3,14,-4,14,-4,15,-4,15,-4,15,-4,15,-4,15,-4,15,-4,15,-4,15,-4,14,-4,14,-3,14,-3,14,-2,15,-2,14,-3,14,-3,14"
13.06563401222229,235,"CSI,3121,128,83,49,21,0,10,3,8,3,6,1,7,-3,10,-5,12,-6,8,-7,4,-6,8,-4,11,-6,10,-7,9,-7,9,-6,9,-3,9,-1,9,-3,6,-3,2,-2,0,-2,1,-1,0,-2,-3,-4,-4,-4,-3,-3,-2,-4,-1,-2,0,0,0,0,0,0,0,0,0,0,0,0,0,0,0,0,0,0,0,2,1,11,-2,12,-5,12,-6,11,-7,8,-7,5,-5,5,-4,6,-3,5,0,4,0,5,1,8,2,10,5,10,10,9,12,9,12,11,13,14,14,15,14,15,16,15,16,15,13,15,9,15,8,16,8,16"
13.157196044921875,236,"CSI,2462,128,101,81,22,0,-13,-21,-14,-21,-14,-21,-13,-20,-13,-19,-13,-19,-14,-19,-14,-18,-14,-18,-14,-18,-14,-18,-14,-17,-14,-17,-14,-16,-13,-16,-12,-16,-12,-16,-11,-16,-11,-15,-10,-14,-9,-13,-9,-13,-8,-12,-8,-12,-7,-12,-2,-3,0,0,0,0,0,0,0,0,0,0,0,0,0,0,0,0,0,0,-3,-4,-12,-15,-12,-16,-12,-17,-13,-18,-13,-18,-13,-20,-14,-21,-13,-22,-13,-22,-13,-22,-12,-23,-12,-24,-12,-24,-12,-24,-12,-24,-12,-24,-12,-24,-12,-23,-12,-23,-13,-22,-13,-22,-13,-22,-14,-22,-14,-22,-13,-22,-13,-23"
13.250438928604126,237,"CSI,3129,128,83,49,21,0,10,-3,6,-2,5,-5,6,-11,5,-13,3,-12,4,-12,7,-12,6,-14,3,-17,1,-17,2,-16,4,-14,7,-13,9,-9,6,-7,2,-8,-1,-6,-1,-4,-3,-4,-4,-4,-5,-5,-5,-6,-3,-5,-4,-5,-1,-2,0,0,0,0,0,0,0,0,0,0,0,0,0,0,0,0,0,0,1,1,8,4,9,7,9,10,7,9,5,7,2,8,1,8,2,6,2,2,3,0,4,-1,3,-2,6,-3,9,-5,11,-7,14,-8,16,-7,18,-6,20,-6,19,-6,19,-4,19,-1,19,1,22,1,23,-1,20,-4"
13.29183578491211,238,"CSI,2463,128,101,81,22,0,-15,-20,-15,-20,-16,-19,-15,-18,-15,-18,-15,-17,-15,-17,-16,-17,-16,-17,-16,-17,-15,-17,-15,-16,-15,-16,-15,-15,-14,-15,-14,-15,-13,-16,-12,-16,-11,-15,-11,-14,-10,-13,-10,-12,-9,-12,-8,-12,-8,-12,-2,-3,0,0,0,0,0,0,0,0,0,0,0,0,0,0,0,0,0,0,-4,-4,-15,-13,-15,-14,-15,-15,-15,-15,-15,-16,-16,-18,-16,-19,-16,-20,-16,-20,-15,-20,-15,-21,-15,-22,-15,-22,-15,-22,-15,-22,-15,-22,-15,-22,-15,-22,-15,-21,-15,-21,-15,-21,-15,-21,-16,-21,-16,-21,-17,-20,-17,-21"
13.355423927307129,239,"CSI,3133,128,83,49,21,0,1,-15,-2,-16,-6,-12,-7,-6,-10,-4,-13,-5,-15,-8,-17,-12,-18,-11,-18,-7,-16,-4,-15,-2,-16,-5,-16,-9,-14,-10,-12,-9,-8,-7,-5,-3,-4,1,-4,2,-3,2,-3,3,-4,4,-4,3,-2,2,0,0,0,0,0,0,0,0,0,0,0,0,0,0,0,0,0,0,0,0,2,0,9,1,9,3,9,5,9,5,9,5,7,4,4,4,2,4,3,2,5,0,5,-2,3,-5,3,-8,1,-12,2,-15,5,-17,6,-18,8,-19,9,-19,9,-17,9,-18,7,-19,5,-19,6,-18,8,-18,7,-17"
13.386082887649536,240,"CSI,2464,128,101,81,22,0,14,19,14,19,15,18,14,17,14,17,14,16,15,16,15,16,15,16,15,16,14,15,14,15,14,15,14,14,13,14,13,14,12,15,11,14,11,14,10,12,9,12,8,11,8,11,7,11,7,11,1,2,0,0,0,0,0,0,0,0,0,0,0,0,0,0,0,0,0,0,3,3,14,12,14,12,14,13,14,14,15,15,15,16,16,18,16,18,15,19,15,19,14,20,14,21,14,21,14,21,14,21,14,21,14,21,14,21,14,20,14,20,15,19,15,20,15,20,15,20,15,20,16,20"
13.459463834762573,241,"CSI,3137,128,83,49,21,0,0,-14,-3,-12,-6,-9,-6,-10,-6,-14,-6,-16,-10,-15,-17,-13,-15,-10,-10,-9,-7,-10,-7,-12,-10,-14,-9,-14,-6,-12,-4,-10,-2,-10,0,-9,-1,-7,-4,-4,-4,-2,-3,0,-6,0,-7,0,-6,-1,-2,0,0,0,0,0,0,0,0,0,0,0,0,0,0,0,0,0,0,0,-1,-3,-1,-12,0,-12,3,-12,4,-11,4,-12,4,-11,3,-8,1,-7,0,-6,-1,-7,-4,-9,-7,-10,-8,-10,-6,-10,-5,-11,-6,-14,-9,-17,-8,-20,-3,-22,-1,-22,0,-22,0,-21,1,-21,2,-19,2,-16,0,-21"
13.496104955673218,242,"CSI,2465,128,101,81,22,0,-24,1,-24,1,-24,1,-24,2,-24,3,-23,3,-22,3,-22,3,-22,3,-22,3,-21,3,-21,4,-21,4,-21,4,-21,4,-20,3,-19,3,-18,2,-17,2,-17,2,-16,2,-16,2,-15,1,-15,1,-14,0,-4,0,0,0,0,0,0,0,0,0,0,0,0,0,0,0,0,0,0,0,-5,0,-20,2,-20,2,-21,2,-22,1,-23,1,-23,1,-24,0,-25,0,-26,0,-26,0,-26,-1,-26,-2,-26,-2,-26,-2,-26,-2,-26,-2,-26,-2,-26,-2,-26,-1,-26,0,-26,0,-26,0,-25,0,-25,0,-26,0,-27,0"
13.559817790985107,243,"CSI,3141,128,83,49,21,0,-6,11,-3,10,-1,8,2,8,6,11,7,11,9,6,13,4,15,7,13,8,12,8,11,7,11,8,10,11,8,11,6,9,5,8,3,5,3,2,5,-1,5,-3,3,-2,3,-2,4,-3,3,-4,0,-2,0,0,0,0,0,0,0,0,0,0,0,0,0,0,0,0,0,0,-3,-3,-12,-9,-11,-10,-8,-11,-6,-13,-4,-13,-3,-10,-2,-7,-2,-6,-3,-5,-6,-3,-7,-1,-6,0,-6,2,-10,5,-13,6,-14,8,-14,8,-17,9,-21,13,-21,16,-19,16,-18,14,-19,12,-18,12,-17,12,-19,10"
13.709682941436768,244,"CSI,2467,128,101,81,22,0,23,-2,22,-3,23,-3,23,-4,23,-4,22,-5,21,-5,21,-5,21,-5,20,-5,20,-5,19,-5,19,-5,20,-5,20,-5,19,-5,18,-4,17,-3,17,-3,16,-3,15,-3,15,-3,14,-2,14,-2,13,-1,3,-1,0,0,0,0,0,0,0,0,0,0,0,0,0,0,0,0,0,0,4,-2,18,-5,19,-5,19,-4,21,-4,21,-4,22,-4,23,-3,24,-3,25,-3,25,-2,25,-1,25,-1,25,-1,25,-1,25,-1,25,0,25,0,25,-1,25,-2,25,-2,25,-2,24,-2,24,-2,25,-2,26,-3,26,-3"
13.76167893409729,245,"CSI,3148,128,83,49,21,0,9,11,8,6,8,3,9,2,10,-1,12,-4,12,-7,9,-11,9,-10,11,-7,12,-5,14,-3,14,-2,13,-2,12,-1,9,1,5,2,4,2,3,-1,2,-4,2,-3,1,-3,-2,-3,-3,-5,-2,-6,-1,-2,0,0,0,0,0,0,0,0,0,0,0,0,0,0,0,0,0,0,0,3,-1,11,-3,11,-4,11,-3,10,-4,8,-5,5,-2,5,2,6,2,5,2,4,5,2,7,3,6,6,6,9,8,11,11,13,11,13,9,13,10,15,11,16,9,16,10,17,13,18,14,17,12,18,12,21"
13.819100856781006,246,"CSI,2468,128,101,81,22,0,7,10,7,11,7,10,7,9,7,9,7,8,7,8,8,8,7,8,7,8,8,8,7,8,7,8,7,7,7,7,7,7,7,7,6,7,6,7,6,6,5,5,5,5,5,5,4,5,4,5,1,1,0,0,0,0,0,0,0,0,0,0,0,0,0,0,0,0,0,0,1,2,5,8,5,8,5,9,5,9,6,10,6,10,6,11,6,11,6,11,5,11,5,12,5,12,5,12,5,12,5,12,5,12,6,12,6,12,6,11,6,11,6,11,7,11,7,11,7,11,7,11,6,11"
13.934467077255249,247,"CSI,2469,128,101,81,22,0,13,20,13,20,13,19,13,18,13,17,13,17,13,17,14,17,14,17,13,17,13,17,13,16,13,16,13,15,12,15,12,15,11,15,10,15,10,14,9,13,8,12,8,12,7,12,6,11,6,11,1,2,0,0,0,0,0,0,0,0,0,0,0,0,0,0,0,0,0,0,3,3,13,12,14,13,14,14,14,15,14,16,14,17,15,18,15,19,15,19,14,20,14,21,14,22,14,22,13,22,13,22,13,22,13,22,13,21,13,20,13,20,14,20,14,20,14,21,14,20,14,20,15,20"
13.967120885848999,248,"CSI,3156,128,83,49,21,0,9,11,7,7,5,0,7,-3,10,-3,12,-3,17,-1,23,-1,21,-3,18,-4,17,-4,14,-3,11,1,12,4,14,4,11,4,7,2,4,1,3,0,4,0,4,-2,2,-3,2,-5,2,-8,2,-7,0,-2,0,0,0,0,0,0,0,0,0,0,0,0,0,0,0,0,0,0,1,1,4,7,1,9,0,11,0,11,0,9,-2,8,-3,7,-1,6,0,5,1,3,4,4,6,7,7,7,11,8,14,7,15,7,15,10,13,12,13,13,16,14,15,17,14,17,14,15,14,16,15,16,13,15"
13.998615026473999,249,"CSI,1386,128,-117,-78,40,0,4,-24,3,-24,3,-24,3,-23,3,-23,3,-23,1,-23,1,-23,1,-23,0,-23,0,-22,0,-22,0,-21,1,-21,1,-20,2,-20,2,-20,1,-19,2,-18,2,-17,2,-16,2,-15,3,-15,3,-14,3,-13,0,-4,0,0,0,0,0,0,0,0,0,0,0,0,0,0,0,0,0,0,-1,-5,-1,-19,-1,-20,0,-21,1,-22,1,-23,1,-23,1,-24,2,-25,3,-25,4,-25,4,-26,4,-26,4,-26,5,-26,5,-26,5,-26,5,-26,5,-26,5,-25,5,-25,4,-25,4,-25,3,-25,3,-25,4,-26,3,-26"
14.057264804840088,250,"CSI,2470,128,101,81,22,0,-14,-3,-14,-3,-14,-2,-14,-2,-14,-1,-13,-1,-13,-1,-13,-1,-13,-1,-13,-1,-12,-1,-12,0,-12,0,-12,0,-12,0,-12,0,-11,-1,-11,-1,-10,-1,-10,-1,-10,-1,-9,-1,-9,-1,-8,-1,-8,-1,-2,-1,0,0,0,0,0,0,0,0,0,0,0,0,0,0,0,0,0,0,-3,-1,-11,-2,-12,-2,-12,-3,-13,-3,-13,-3,-13,-3,-14,-4,-14,-4,-14,-4,-15,-4,-15,-5,-14,-5,-14,-5,-14,-5,-14,-5,-15,-5,-14,-5,-14,-5,-15,-4,-15,-4,-15,-3,-15,-4,-14,-4,-15,-3,-15,-3,-15,-3"
14.085237979888916,251,"CSI,3161,128,83,49,21,0,9,5,6,2,6,0,7,-2,8,-6,7,-10,7,-16,8,-20,7,-17,6,-14,7,-16,6,-16,6,-15,8,-13,8,-11,7,-8,7,-5,5,-6,0,-6,-4,-4,-5,-5,-4,-6,-5,-4,-5,-3,-3,-3,-1,-1,0,0,0,0,0,0,0,0,0,0,0,0,0,0,0,0,0,0,-1,2,-3,9,-4,10,-5,9,-6,8,-6,6,-6,5,-5,6,-5,4,-5,1,-3,0,1,2,5,2,7,3,10,4,12,5,14,6,14,9,14,10,16,10,17,10,16,10,15,10,15,12,15,13,15,11,15,7"
14.15851902961731,252,"CSI,2471,128,101,81,22,0,-8,8,-8,8,-8,8,-8,8,-8,8,-7,8,-7,8,-7,8,-6,8,-6,7,-6,7,-6,8,-6,8,-6,8,-6,7,-6,7,-5,7,-5,6,-5,6,-5,6,-5,6,-5,5,-5,5,-5,4,-4,4,-1,1,0,0,0,0,0,0,0,0,0,0,0,0,0,0,0,0,0,0,-2,1,-7,6,-7,6,-7,6,-8,7,-8,7,-9,7,-9,7,-9,7,-10,7,-10,7,-10,7,-10,7,-10,7,-10,7,-10,7,-10,7,-10,7,-10,7,-10,8,-9,8,-10,7,-10,7,-9,7,-9,7,-9,8,-9,7"
14.188678741455078,253,"CSI,3164,128,83,49,21,0,-12,2,-10,4,-6,6,-3,7,-2,9,-2,13,-2,15,-7,13,-12,13,-12,15,-9,15,-8,14,-9,13,-9,11,-8,9,-8,7,-8,6,-5,5,1,5,4,4,3,4,1,3,2,3,4,3,3,4,0,1,0,0,0,0,0,0,0,0,0,0,0,0,0,0,0,0,0,0,-2,-2,-8,-6,-7,-6,-7,-5,-8,-6,-8,-7,-5,-6,-2,-5,-3,-5,-3,-5,-3,-5,-4,-3,-4,-1,-4,1,-9,3,-12,5,-13,6,-14,5,-17,5,-19,7,-20,7,-20,3,-21,1,-20,0,-21,0,-21,1,-18,2"
14.278608798980713,254,"CSI,2472,128,101,81,22,0,21,-9,20,-9,21,-10,21,-10,20,-10,20,-10,19,-10,18,-10,18,-11,18,-10,17,-10,17,-10,17,-10,17,-10,17,-10,17,-9,16,-8,15,-8,15,-7,14,-7,14,-7,13,-6,13,-6,12,-5,12,-4,2,-1,0,0,0,0,0,0,0,0,0,0,0,0,0,0,0,0,0,0,4,-3,16,-10,16,-10,17,-10,18,-10,19,-10,20,-10,20,-10,21,-10,22,-10,23,-9,23,-9,23,-8,23,-8,23,-8,24,-8,24,-8,23,-8,23,-8,23,-9,23,-9,23,-10,22,-9,22,-9,22,-9,23,-9,24,-10"
14.379328966140747,255,"CSI,3172,128,83,49,21,0,-9,-1,-7,2,-5,3,-4,8,-4,12,-4,15,-2,15,1,14,2,14,-2,14,-5,14,-4,14,-5,12,-6,11,-6,11,-5,9,-3,5,0,2,3,1,5,3,5,3,3,2,3,1,5,1,5,1,1,0,0,0,0,0,0,0,0,0,0,0,0,0,0,0,0,0,0,0,-2,-2,-4,-6,-3,-9,-4,-11,-6,-11,-4,-12,-1,-11,1,-8,1,-5,-1,-3,-1,-1,0,-2,-3,-3,-7,-2,-13,0,-16,1,-16,0,-16,0,-19,-2,-21,-5,-20,-6,-24,-7,-27,-9,-25,-7,-22,-4,-22,-3,-22,-2"
14.41019892692566,256,"CSI,2473,128,101,81,22,0,16,17,16,16,17,16,17,15,16,14,16,14,17,14,17,14,17,13,17,13,17,13,16,13,16,12,16,12,16,11,15,12,14,12,13,12,13,12,12,11,11,10,10,10,10,9,9,9,9,9,2,2,0,0,0,0,0,0,0,0,0,0,0,0,0,0,0,0,0,0,3,2,15,10,15,11,15,12,16,13,16,14,17,15,17,16,17,17,17,17,17,18,17,18,17,19,17,19,16,19,16,19,16,19,16,19,16,19,16,18,17,18,17,17,17,18,17,18,17,17,18,17,19,18"
14.481967687606812,257,"CSI,3176,128,83,49,21,0,-11,-5,-10,-2,-10,1,-10,2,-10,6,-11,10,-14,7,-14,0,-14,0,-16,6,-15,9,-16,9,-16,8,-15,6,-12,3,-9,2,-8,3,-6,2,-2,2,-1,4,0,3,4,1,6,1,5,4,5,5,1,1,0,0,0,0,0,0,0,0,0,0,0,0,0,0,0,0,0,0,-1,-2,0,-7,2,-9,3,-11,4,-9,5,-7,3,-7,3,-7,3,-6,2,-7,1,-8,-1,-8,-3,-8,-7,-8,-10,-8,-12,-8,-14,-8,-16,-8,-17,-9,-17,-11,-16,-16,-17,-18,-17,-17,-16,-17,-15,-19,-15,-17,-16,-14"
14.515519857406616,258,"CSI,2474,128,101,81,22,0,0,-14,0,-14,0,-13,0,-13,0,-13,-1,-13,-1,-12,-2,-12,-2,-12,-2,-12,-2,-12,-2,-12,-2,-12,-2,-11,-2,-11,-1,-11,-1,-11,-2,-11,-1,-10,-1,-9,-1,-9,-1,-9,-1,-8,-1,-8,0,-8,0,-2,0,0,0,0,0,0,0,0,0,0,0,0,0,0,0,0,0,0,-1,-3,-1,-11,0,-11,0,-11,0,-12,0,-12,0,-13,0,-13,1,-14,1,-14,1,-14,2,-14,2,-14,2,-14,2,-14,2,-14,2,-14,1,-14,1,-14,1,-14,1,-14,1,-14,1,-14,0,-14,0,-14,1,-13,1,-13"
14.584252834320068,259,"CSI,3180,128,83,49,21,0,6,-10,2,-7,-2,-5,-3,-7,-6,-9,-9,-11,-13,-13,-17,-15,-19,-13,-18,-9,-17,-8,-14,-7,-12,-8,-12,-10,-9,-11,-5,-9,-3,-5,-2,-2,-2,-1,-2,-1,-1,1,-1,3,-1,5,-3,7,-5,7,-2,1,0,0,0,0,0,0,0,0,0,0,0,0,0,0,0,0,0,0,2,1,8,4,9,5,8,6,7,6,7,5,7,6,4,5,4,3,7,3,7,1,5,-2,4,-5,4,-7,6,-11,6,-15,6,-19,10,-19,13,-19,14,-20,13,-18,14,-15,16,-16,16,-18,15,-19,14,-19,13,-17"
14.611657857894897,260,"CSI,2475,128,101,81,22,0,7,22,8,22,8,22,8,21,8,20,8,20,9,20,9,20,9,20,9,19,9,19,9,19,9,18,9,18,8,17,8,17,8,17,7,17,7,16,6,15,5,14,5,13,4,13,4,12,4,12,0,3,0,0,0,0,0,0,0,0,0,0,0,0,0,0,0,0,0,0,2,4,8,16,8,17,7,18,7,19,8,20,8,21,8,22,7,23,7,23,6,23,6,24,6,25,6,25,6,25,5,25,5,24,6,25,6,24,6,24,6,23,7,23,7,24,8,24,7,23,7,23,7,24"
14.686354875564575,261,"CSI,3185,128,83,49,21,0,9,-6,2,-4,-3,-5,-5,-6,-7,-10,-9,-11,-12,-10,-18,-11,-19,-9,-18,-8,-16,-10,-14,-10,-12,-12,-10,-13,-9,-12,-6,-10,-2,-6,-1,-3,-2,-2,-3,1,-2,3,-1,4,-2,5,-2,6,-2,5,-1,1,0,0,0,0,0,0,0,0,0,0,0,0,0,0,0,0,0,0,1,1,5,5,2,9,2,11,3,10,3,8,2,6,1,7,1,8,3,5,4,1,3,-1,4,0,6,0,9,-3,11,-8,13,-11,15,-11,16,-11,17,-11,21,-12,23,-12,21,-9,18,-9,17,-12,17,-14,15,-14"
14.730892896652222,262,"CSI,2476,128,101,81,22,0,-5,-24,-6,-24,-6,-24,-6,-23,-5,-22,-6,-22,-7,-22,-7,-22,-7,-22,-7,-22,-7,-21,-7,-21,-7,-20,-7,-20,-6,-19,-5,-19,-5,-19,-5,-19,-4,-18,-4,-17,-3,-16,-3,-15,-3,-15,-2,-14,-2,-14,-1,-4,0,0,0,0,0,0,0,0,0,0,0,0,0,0,0,0,0,0,-2,-5,-8,-18,-8,-19,-7,-20,-7,-20,-7,-21,-7,-22,-7,-23,-7,-24,-6,-25,-5,-25,-5,-26,-5,-26,-5,-26,-4,-26,-4,-26,-4,-26,-5,-26,-5,-26,-4,-25,-5,-25,-5,-25,-6,-25,-6,-25,-5,-25,-5,-25,-6,-26"
14.786346912384033,263,"CSI,3188,128,83,49,21,0,14,-1,10,-5,6,-7,3,-9,1,-12,-1,-14,2,-13,7,-14,6,-18,3,-20,2,-19,1,-16,2,-15,5,-14,7,-10,8,-7,5,-5,3,-4,0,-3,-3,-4,-4,-3,-4,-2,-7,-3,-7,-5,-5,-3,-1,-1,0,0,0,0,0,0,0,0,0,0,0,0,0,0,0,0,0,0,2,1,7,5,5,5,6,8,5,10,2,9,1,9,3,7,5,4,5,2,4,0,4,0,6,-3,8,-5,9,-4,10,-5,13,-8,15,-7,16,-4,19,-3,21,-4,21,-5,23,-4,23,-4,21,-4,19,-3,19,-1"
14.82149600982666,264,"CSI,1035,128,75,-79,20,0,12,-5,7,-6,3,-8,-3,-10,-8,-12,-8,-12,-3,-13,1,-19,-2,-19,-5,-17,-6,-16,-6,-17,-6,-19,-4,-16,-1,-13,1,-12,2,-10,2,-7,1,-3,-1,0,-1,0,-2,1,-3,2,-4,3,-6,3,-2,0,0,0,0,0,0,0,0,0,0,0,0,0,0,0,0,0,0,0,-1,2,-2,10,-1,11,-1,10,-1,10,-1,9,-2,7,-4,5,-4,5,-2,4,1,1,2,5,5,6,8,2,8,0,11,-2,15,-4,18,-3,20,-3,22,-3,23,-2,25,-2,26,-4,26,-3,24,0,22,2,19,4"
14.856913805007935,265,"CSI,2477,128,101,81,22,0,-17,18,-16,18,-16,18,-16,17,-16,17,-15,17,-13,17,-13,17,-13,18,-12,18,-12,18,-12,17,-12,17,-12,17,-12,16,-12,16,-11,15,-11,14,-11,13,-11,13,-11,12,-10,11,-10,11,-10,10,-9,9,-3,2,0,0,0,0,0,0,0,0,0,0,0,0,0,0,0,0,0,0,-3,3,-11,15,-12,15,-13,16,-14,16,-15,17,-15,17,-16,17,-17,18,-18,18,-19,18,-19,18,-19,18,-19,18,-19,18,-19,17,-19,17,-19,17,-18,17,-19,17,-19,18,-18,18,-17,18,-17,18,-17,18,-18,18,-18,18"
14.889034986495972,266,"CSI,3193,128,83,49,21,0,8,7,7,2,7,-3,7,-4,6,-7,4,-9,2,-12,1,-16,2,-16,4,-16,6,-17,6,-17,6,-16,7,-14,6,-13,4,-10,5,-6,5,-3,3,-1,0,0,-3,0,-3,0,-4,0,-7,-1,-7,-3,-2,-2,0,0,0,0,0,0,0,0,0,0,0,0,0,0,0,0,0,0,-2,2,-8,9,-10,7,-11,5,-11,4,-10,3,-9,3,-7,3,-6,2,-6,4,-5,5,-3,5,1,5,4,5,5,5,6,6,6,9,7,14,10,15,12,15,14,16,12,18,10,17,11,15,12,16,13,18,14,17"
14.949038982391357,267,"CSI,2478,128,101,81,22,0,21,10,21,10,21,9,21,8,21,8,21,7,21,7,20,7,20,7,20,7,20,7,19,6,19,6,19,5,19,5,18,6,17,6,17,7,16,6,15,6,14,5,13,5,13,5,12,5,11,6,2,1,0,0,0,0,0,0,0,0,0,0,0,0,0,0,0,0,0,0,4,1,18,5,18,6,18,7,19,7,20,7,21,9,21,10,22,10,22,11,22,11,22,12,22,13,22,13,21,13,22,13,22,13,22,13,22,12,22,11,22,11,22,10,22,11,22,11,22,11,23,11,24,10"
14.990628957748413,268,"CSI,3196,128,83,49,21,0,13,1,10,1,7,-1,4,-5,3,-9,2,-15,-2,-16,-5,-12,-2,-12,1,-15,0,-16,-1,-16,-2,-15,-2,-15,0,-14,1,-12,0,-8,-1,-5,-1,-1,-2,1,-4,1,-7,1,-9,2,-8,2,-6,1,-2,0,0,0,0,0,0,0,0,0,0,0,0,0,0,0,0,0,0,0,0,2,-1,10,-3,9,-6,9,-9,8,-9,6,-7,6,-4,5,-1,5,0,5,0,4,2,2,5,1,9,2,11,4,14,6,17,6,18,6,19,5,20,5,23,7,23,7,21,8,20,11,20,10,18,9,15,11"
15.044409990310669,269,"CSI,1390,128,-117,-78,40,0,-24,1,-24,1,-24,2,-24,2,-24,3,-23,3,-22,3,-22,3,-22,3,-22,3,-21,4,-21,4,-21,4,-21,4,-21,4,-20,3,-19,3,-18,2,-18,2,-17,2,-16,2,-16,1,-15,1,-14,1,-14,0,-4,0,0,0,0,0,0,0,0,0,0,0,0,0,0,0,0,0,0,0,-5,0,-20,3,-20,3,-21,3,-22,2,-23,2,-23,2,-24,1,-25,1,-26,1,-26,0,-26,0,-26,-1,-26,-2,-26,-1,-26,-1,-26,-1,-26,-1,-26,-1,-26,0,-26,1,-26,1,-26,1,-26,0,-26,0,-27,1,-28,2"
15.083392858505249,270,"CSI,2479,128,101,81,22,0,-10,-19,-10,-19,-10,-19,-10,-18,-10,-17,-10,-17,-11,-17,-11,-17,-11,-17,-11,-17,-11,-16,-10,-16,-10,-16,-10,-15,-10,-15,-9,-15,-9,-15,-9,-15,-8,-14,-7,-13,-7,-12,-6,-12,-6,-11,-6,-11,-5,-11,-2,-3,0,0,0,0,0,0,0,0,0,0,0,0,0,0,0,0,0,0,-3,-4,-10,-14,-10,-15,-10,-15,-10,-16,-10,-17,-10,-18,-10,-19,-10,-19,-10,-20,-9,-20,-9,-21,-9,-21,-9,-22,-9,-22,-9,-21,-9,-21,-9,-21,-9,-21,-9,-20,-9,-20,-9,-20,-10,-20,-10,-20,-10,-20,-10,-20,-11,-21"
15.111386060714722,271,"CSI,3201,128,83,49,21,0,-5,12,-3,10,1,9,4,9,8,10,12,9,13,9,16,9,16,9,14,10,11,12,9,11,8,10,7,10,4,11,2,10,2,7,1,4,1,4,1,3,3,0,5,-2,6,-4,7,-6,7,-6,1,-2,0,0,0,0,0,0,0,0,0,0,0,0,0,0,0,0,0,0,-1,2,-5,10,-7,9,-10,6,-12,4,-12,3,-10,3,-8,1,-6,1,-4,2,-3,3,-1,4,0,5,-2,8,-2,11,-2,14,-3,16,-2,17,1,20,0,22,-4,21,-5,23,-2,23,-2,22,-4,23,-3,23,-3,22"
15.173393726348877,272,"CSI,2480,128,101,81,22,0,23,5,22,5,23,4,23,3,23,3,22,2,22,2,22,2,21,2,21,2,20,2,20,1,20,1,20,1,20,1,19,2,18,2,17,3,17,3,16,2,15,2,14,2,14,2,13,2,12,3,3,0,0,0,0,0,0,0,0,0,0,0,0,0,0,0,0,0,0,0,4,0,19,0,19,1,20,1,21,2,22,2,22,3,23,4,24,4,24,4,24,5,24,6,24,7,24,7,24,7,24,6,24,7,24,7,24,6,24,6,24,5,24,5,24,5,24,5,24,5,25,5,26,4"
15.203985929489136,273,"CSI,3204,128,83,49,21,0,3,-13,2,-14,-4,-11,-10,-6,-13,-4,-15,-5,-15,-9,-16,-13,-19,-12,-19,-7,-19,-6,-18,-7,-17,-7,-14,-7,-9,-7,-6,-8,-4,-8,-4,-5,-3,-1,-4,1,-2,3,-1,6,-1,7,-3,7,-6,6,-2,1,0,0,0,0,0,0,0,0,0,0,0,0,0,0,0,0,0,0,2,-2,9,-7,9,-5,9,-4,9,-3,9,-2,8,-1,6,-2,4,-2,4,-2,3,-4,1,-4,0,-5,-3,-7,-4,-9,-1,-14,2,-17,3,-17,0,-19,1,-21,5,-21,6,-21,6,-21,7,-20,4,-22,2,-23,4,-21"
15.293744802474976,274,"CSI,2481,128,101,81,22,0,15,-19,14,-19,14,-19,14,-19,14,-19,13,-19,12,-19,11,-19,11,-19,10,-19,10,-19,10,-19,10,-19,10,-18,11,-17,10,-17,10,-17,9,-16,9,-15,9,-14,9,-14,8,-13,8,-12,8,-11,8,-11,2,-3,0,0,0,0,0,0,0,0,0,0,0,0,0,0,0,0,0,0,2,-4,11,-16,11,-16,12,-17,13,-17,14,-17,14,-18,15,-19,15,-19,17,-19,18,-19,18,-19,17,-19,18,-19,18,-19,18,-19,18,-18,17,-19,17,-19,18,-19,17,-19,17,-19,16,-19,15,-19,15,-19,16,-19,17,-18"
15.320080757141113,275,"CSI,3208,128,83,49,21,0,4,10,5,6,6,1,5,-3,6,-3,11,-3,13,-6,10,-7,10,-5,15,-4,17,-4,16,-1,16,1,14,3,10,4,7,3,6,1,5,0,3,-2,1,-4,1,-5,2,-4,1,-4,-2,-6,-1,-6,0,-2,0,0,0,0,0,0,0,0,0,0,0,0,0,0,0,0,0,0,-1,2,-2,9,-2,9,-5,9,-6,10,-5,9,-7,7,-8,4,-6,4,-3,6,-2,7,-2,6,1,4,3,5,4,5,7,7,9,11,8,13,7,14,9,14,8,14,6,18,7,23,7,24,8,24,9,22,9,18"
15.405842781066895,276,"CSI,2482,128,101,81,22,0,-6,-14,-6,-14,-6,-14,-6,-13,-6,-13,-6,-13,-7,-13,-7,-13,-7,-12,-7,-12,-7,-12,-7,-12,-7,-12,-7,-11,-6,-11,-6,-11,-6,-11,-5,-11,-5,-10,-5,-10,-4,-9,-4,-9,-4,-8,-3,-8,-3,-8,-1,-2,0,0,0,0,0,0,0,0,0,0,0,0,0,0,0,0,0,0,-2,-3,-7,-10,-7,-10,-7,-11,-7,-12,-7,-12,-7,-13,-7,-14,-7,-14,-7,-14,-6,-14,-6,-15,-6,-15,-6,-15,-6,-16,-6,-15,-6,-15,-6,-15,-6,-15,-6,-15,-6,-15,-6,-15,-6,-15,-7,-15,-7,-14,-7,-14,-7,-14"
15.505943059921265,277,"CSI,3217,128,83,49,21,0,3,-12,-2,-11,-7,-11,-11,-8,-13,-6,-15,-7,-14,-5,-11,-2,-13,-6,-16,-9,-15,-8,-14,-9,-13,-12,-11,-14,-10,-13,-7,-11,-5,-9,-4,-5,-3,0,-5,0,-4,1,-4,3,-5,5,-4,5,-1,5,0,1,0,0,0,0,0,0,0,0,0,0,0,0,0,0,0,0,0,0,2,-1,9,-2,8,-2,9,-3,11,-1,13,1,11,1,7,0,6,-1,5,-2,2,-4,2,-4,2,-5,0,-9,-3,-12,-2,-13,1,-14,3,-18,4,-23,4,-25,3,-24,3,-23,3,-25,3,-25,6,-25,8,-22,7,-16"
15.53657603263855,278,"CSI,2483,128,101,81,22,0,12,-5,12,-5,11,-5,11,-5,11,-6,11,-6,10,-6,10,-5,10,-6,10,-6,9,-6,9,-6,9,-6,9,-6,9,-6,9,-5,9,-5,8,-5,8,-4,8,-4,7,-4,7,-4,7,-4,6,-3,6,-3,1,-1,0,0,0,0,0,0,0,0,0,0,0,0,0,0,0,0,0,0,2,-2,9,-5,9,-5,9,-5,10,-5,11,-5,11,-5,11,-5,12,-5,12,-5,13,-5,13,-5,12,-4,12,-4,13,-4,13,-4,13,-4,13,-4,13,-4,13,-5,13,-5,13,-5,12,-5,12,-5,12,-5,12,-5,12,-5"
15.608308792114258,279,"CSI,3220,128,83,49,21,0,7,-9,5,-10,-1,-10,-5,-8,-6,-8,-6,-8,-9,-10,-11,-17,-11,-18,-13,-17,-13,-17,-11,-16,-9,-15,-7,-14,-5,-14,-4,-11,-3,-6,-2,-4,-2,-4,-4,-1,-5,1,-7,2,-8,3,-8,3,-7,3,-2,0,0,0,0,0,0,0,0,0,0,0,0,0,0,0,0,0,0,0,3,0,12,1,10,2,11,3,12,3,10,3,7,4,5,3,5,-1,4,-1,4,-2,3,-5,3,-7,3,-9,3,-11,4,-13,4,-16,5,-18,9,-19,12,-20,13,-20,15,-18,16,-18,13,-16,13,-16,14,-17,9,-17"
15.641422033309937,280,"CSI,2484,128,101,81,22,0,3,-25,2,-24,2,-24,2,-23,2,-23,2,-23,1,-23,0,-23,0,-23,0,-23,-1,-23,-1,-22,0,-22,0,-21,0,-20,1,-20,1,-20,1,-19,1,-18,2,-17,2,-16,2,-15,2,-15,2,-14,2,-14,0,-4,0,0,0,0,0,0,0,0,0,0,0,0,0,0,0,0,0,0,-1,-5,-1,-20,-1,-20,-1,-21,0,-22,0,-22,0,-23,1,-24,1,-25,2,-25,3,-26,4,-26,4,-26,4,-27,4,-26,4,-26,4,-26,4,-26,4,-26,4,-25,4,-25,4,-25,3,-26,2,-26,3,-26,3,-26,3,-26"
15.710649967193604,281,"CSI,3225,128,83,49,21,0,5,-13,1,-11,-1,-9,-2,-9,-5,-7,-9,-4,-15,-6,-19,-10,-19,-9,-18,-8,-20,-7,-18,-7,-14,-10,-12,-13,-10,-13,-6,-10,-2,-5,0,0,-2,1,-5,1,-5,1,-3,2,-1,4,0,4,-5,3,-2,0,0,0,0,0,0,0,0,0,0,0,0,0,0,0,0,0,0,0,1,2,6,9,7,11,5,13,4,14,3,12,3,9,1,5,1,4,3,4,3,4,3,0,6,-3,6,-6,6,-9,8,-13,9,-13,11,-13,15,-15,18,-17,18,-17,17,-16,17,-13,17,-12,15,-14,13,-15,11,-16"
15.746763944625854,282,"CSI,2485,128,101,81,22,0,-18,16,-17,17,-17,16,-17,16,-17,16,-16,16,-15,16,-14,17,-14,16,-14,16,-13,16,-13,17,-13,16,-13,16,-14,15,-13,15,-13,14,-12,13,-12,12,-12,12,-12,11,-11,10,-11,10,-11,9,-10,8,-3,2,0,0,0,0,0,0,0,0,0,0,0,0,0,0,0,0,0,0,-3,3,-13,15,-13,15,-14,15,-15,16,-16,16,-16,16,-17,16,-18,17,-19,17,-20,17,-20,17,-20,16,-20,16,-20,16,-20,16,-21,16,-20,16,-20,16,-20,16,-20,16,-20,17,-19,17,-18,16,-19,17,-19,17,-20,17"
15.80986475944519,283,"CSI,3229,128,83,49,21,0,0,12,4,8,7,5,9,4,11,3,13,0,15,1,16,6,17,6,18,3,18,3,19,4,16,5,12,5,9,7,6,8,4,4,4,2,3,1,4,-2,4,-4,2,-4,1,-3,3,-4,6,-3,1,-1,0,0,0,0,0,0,0,0,0,0,0,0,0,0,0,0,0,0,-3,0,-12,3,-11,2,-11,2,-12,0,-12,-3,-10,-3,-10,-2,-9,-1,-7,0,-7,0,-4,2,-2,7,-2,11,-2,14,-1,18,-3,19,-5,17,-5,18,-5,21,-6,22,-7,20,-7,19,-5,19,-5,19,-4,19,-2,21"
15.852084875106812,284,"CSI,2486,128,101,81,22,0,-14,1,-13,1,-13,1,-13,2,-13,2,-12,2,-12,2,-12,2,-12,2,-12,2,-11,3,-11,3,-11,3,-11,3,-11,3,-11,3,-10,2,-10,2,-9,2,-9,2,-9,2,-8,2,-8,1,-8,1,-7,1,-2,0,0,0,0,0,0,0,0,0,0,0,0,0,0,0,0,0,0,0,-3,0,-11,1,-11,1,-11,0,-12,1,-12,0,-13,0,-13,0,-14,0,-14,0,-14,0,-14,-1,-14,-1,-14,-1,-14,-1,-14,-1,-14,-1,-14,-1,-14,-1,-14,0,-14,0,-14,1,-14,0,-14,0,-14,0,-14,1,-14,0"
15.879997968673706,285,"CSI,3863,128,83,49,21,0,8,-10,10,-8,12,-5,12,-5,12,-4,11,-5,4,-5,-1,-4,2,-3,4,-2,3,-2,4,-2,5,-3,3,-3,0,-2,-2,-3,-3,-3,-4,-3,-2,-2,-2,-1,-4,-2,-5,-3,-3,-3,-1,-2,0,-1,0,-1,0,0,0,0,0,0,0,0,0,0,0,0,0,0,0,0,0,0,0,1,2,6,0,7,-2,7,-2,7,-1,7,0,5,1,2,1,2,1,0,3,0,5,3,7,4,9,6,10,7,10,4,10,2,9,4,9,5,10,5,8,6,5,4,5,4,4,5,3,3,6,0,8,-1"
15.91490888595581,286,"CSI,3233,128,83,49,21,0,-1,-10,-4,-11,-5,-10,-6,-8,-12,-5,-16,-3,-16,-1,-12,-2,-9,-6,-14,-8,-18,-5,-19,-4,-18,-5,-15,-6,-11,-7,-9,-6,-6,-6,-4,-3,-3,2,-4,4,-4,6,-4,6,-3,5,-2,5,-3,5,-1,1,0,0,0,0,0,0,0,0,0,0,0,0,0,0,0,0,0,0,1,-2,8,-6,11,-6,11,-6,8,-4,8,-1,8,1,7,2,6,0,4,-2,0,-2,0,-5,2,-7,2,-8,0,-10,-1,-13,-2,-18,-2,-22,-2,-23,-1,-25,1,-24,1,-24,1,-24,1,-22,1,-20,2,-18,3,-16"
15.961564779281616,287,"CSI,2487,128,101,81,22,0,-3,13,-3,13,-2,12,-3,12,-2,11,-2,11,-1,11,-1,11,-1,11,-1,11,-1,11,-1,11,-1,11,-1,10,-1,10,-1,10,-1,10,-1,9,-1,9,-1,8,-2,8,-1,7,-2,7,-2,7,-2,7,-1,1,0,0,0,0,0,0,0,0,0,0,0,0,0,0,0,0,0,0,-1,2,-2,10,-2,10,-2,10,-2,11,-3,11,-3,12,-3,12,-3,12,-4,13,-4,13,-4,13,-4,13,-4,13,-4,13,-5,13,-5,13,-4,13,-4,13,-4,13,-4,13,-4,12,-3,13,-3,13,-3,13,-4,12,-4,12"
16.076934814453125,288,"CSI,2488,128,101,81,22,0,-5,12,-5,12,-5,12,-4,11,-4,11,-4,11,-3,11,-3,11,-3,11,-3,11,-2,11,-2,11,-3,11,-3,10,-3,10,-3,10,-3,10,-3,9,-3,9,-3,8,-3,8,-3,7,-3,7,-3,6,-3,6,-1,1,0,0,0,0,0,0,0,0,0,0,0,0,0,0,0,0,0,0,-1,2,-3,9,-3,10,-3,10,-4,10,-4,11,-4,11,-4,12,-5,12,-5,12,-6,12,-6,12,-6,12,-6,12,-6,12,-6,12,-6,12,-6,12,-6,12,-6,12,-6,12,-6,12,-5,12,-5,12,-5,12,-5,12,-5,11"
16.11590886116028,289,"CSI,1394,128,-117,-78,40,0,-22,-10,-23,-10,-23,-10,-22,-9,-22,-8,-22,-7,-22,-7,-22,-7,-22,-7,-21,-7,-21,-7,-21,-6,-21,-6,-21,-6,-20,-5,-19,-6,-19,-6,-18,-7,-17,-6,-16,-6,-16,-5,-15,-5,-14,-5,-13,-5,-13,-6,-4,-2,0,0,0,0,0,0,0,0,0,0,0,0,0,0,0,0,0,0,-5,-2,-18,-7,-19,-7,-19,-8,-20,-8,-21,-9,-22,-10,-22,-11,-23,-11,-23,-11,-23,-12,-23,-13,-23,-14,-23,-14,-23,-14,-23,-14,-23,-14,-23,-14,-23,-13,-23,-12,-23,-12,-23,-11,-23,-12,-23,-12,-23,-11,-24,-11,-24,-12"
16.14581871032715,290,"CSI,3240,128,83,49,21,0,5,12,5,8,8,5,10,2,12,-1,14,-2,12,-1,9,-2,11,-2,14,-2,15,-3,17,-4,17,-3,14,-1,12,-1,10,-1,7,-1,4,-2,3,-2,1,-4,-1,-5,-1,-7,-1,-8,-2,-5,-2,0,-1,0,0,0,0,0,0,0,0,0,0,0,0,0,0,0,0,0,0,0,-3,0,-11,2,-12,0,-11,-2,-10,-1,-10,0,-9,0,-7,0,-6,1,-5,1,-2,2,0,4,0,6,1,9,1,11,3,13,5,17,2,18,-1,19,-3,21,-4,23,-2,24,1,25,1,23,1,18,1,17,-1,16"
16.191669940948486,291,"CSI,2489,128,101,81,22,0,12,-5,11,-6,11,-5,11,-5,11,-5,11,-6,10,-6,10,-6,10,-6,9,-6,9,-6,9,-6,9,-6,9,-6,9,-6,9,-6,8,-5,8,-5,8,-5,7,-5,7,-5,7,-4,7,-4,6,-4,6,-3,1,-1,0,0,0,0,0,0,0,0,0,0,0,0,0,0,0,0,0,0,2,-2,9,-5,9,-5,10,-5,10,-5,11,-5,11,-5,11,-5,12,-5,13,-5,13,-4,13,-4,13,-4,13,-4,13,-4,13,-4,13,-4,13,-4,13,-4,13,-4,13,-5,13,-5,12,-5,12,-5,12,-5,12,-5,12,-5"
16.219727039337158,292,"CSI,3245,128,83,49,21,0,15,3,10,2,6,0,6,-4,8,-8,8,-12,9,-12,10,-6,12,-7,12,-12,13,-12,13,-12,12,-11,10,-9,8,-8,7,-5,7,-3,5,-4,0,-3,-2,-3,-3,-3,-3,-3,-3,-3,-4,-2,-5,-1,-2,-1,0,0,0,0,0,0,0,0,0,0,0,0,0,0,0,0,0,0,0,3,4,11,3,10,1,9,-1,9,-1,10,-1,9,0,7,0,6,0,4,3,2,5,0,6,1,8,1,11,3,14,6,16,7,18,6,18,6,18,6,19,7,20,8,20,10,20,11,19,12,16,13,15,14"
16.29965901374817,293,"CSI,2490,128,101,81,22,0,6,-10,6,-10,6,-10,6,-10,6,-10,6,-10,5,-10,5,-10,5,-10,5,-10,4,-10,4,-10,4,-10,4,-9,5,-9,4,-9,4,-9,4,-8,4,-8,4,-7,4,-7,4,-7,4,-6,4,-6,4,-6,1,-2,0,0,0,0,0,0,0,0,0,0,0,0,0,0,0,0,0,0,1,-2,4,-9,5,-9,5,-9,6,-9,6,-9,6,-9,6,-10,7,-10,7,-10,7,-10,8,-10,8,-10,8,-10,8,-10,8,-9,8,-9,7,-10,8,-10,8,-10,8,-10,8,-10,7,-10,7,-10,7,-10,7,-10,7,-9"
16.412400722503662,294,"CSI,2491,128,101,81,22,0,23,3,23,3,23,2,23,1,23,1,22,1,22,1,21,1,21,0,21,0,20,0,20,0,20,0,20,0,20,0,19,0,18,1,17,2,17,2,16,1,15,1,15,1,14,1,13,2,12,2,3,0,0,0,0,0,0,0,0,0,0,0,0,0,0,0,0,0,0,0,4,-1,19,-1,19,-1,20,0,21,0,22,0,22,1,23,2,24,2,24,3,25,3,25,4,24,5,25,5,25,5,25,5,25,5,24,5,24,5,25,4,25,3,25,3,24,4,24,4,24,3,25,3,26,3"
16.44043803215027,295,"CSI,3252,128,83,49,21,0,-3,10,0,8,2,8,5,8,9,8,12,8,9,6,6,4,7,8,9,12,11,13,12,13,11,13,8,13,6,10,4,7,1,5,1,4,1,2,3,-2,4,-4,4,-5,4,-4,2,-4,1,-4,0,-1,0,0,0,0,0,0,0,0,0,0,0,0,0,0,0,0,0,0,-2,0,-6,2,-8,2,-11,1,-11,-1,-9,-3,-7,-4,-5,-3,-3,-2,-4,1,-5,3,-4,5,-3,7,-4,8,-4,10,-3,14,-5,15,-6,15,-7,18,-6,21,-6,23,-10,23,-13,21,-14,21,-14,21,-12,21,-10,20"
16.532681941986084,296,"CSI,2492,128,101,81,22,0,-15,-4,-15,-4,-14,-4,-14,-3,-14,-2,-14,-2,-14,-2,-14,-2,-14,-2,-14,-2,-13,-2,-13,-2,-13,-2,-13,-2,-13,-2,-12,-2,-12,-2,-12,-2,-11,-2,-10,-2,-10,-2,-9,-2,-9,-2,-9,-2,-8,-3,-2,-1,0,0,0,0,0,0,0,0,0,0,0,0,0,0,0,0,0,0,-3,-1,-12,-2,-12,-2,-13,-3,-13,-3,-13,-3,-14,-3,-15,-4,-15,-4,-15,-4,-15,-5,-15,-5,-15,-6,-15,-6,-15,-6,-15,-6,-15,-6,-15,-6,-15,-6,-15,-5,-15,-4,-15,-4,-15,-4,-15,-5,-15,-4,-15,-4,-16,-3"
16.560691833496094,297,"CSI,3257,128,83,49,21,0,11,3,9,-1,6,-5,5,-8,5,-11,7,-12,5,-14,2,-17,4,-18,7,-17,7,-16,9,-17,11,-16,9,-14,7,-11,5,-7,4,-7,3,-8,1,-5,0,-5,-2,-7,-4,-6,-5,-5,-5,-3,-5,-2,-1,-1,0,0,0,0,0,0,0,0,0,0,0,0,0,0,0,0,0,0,0,1,-1,8,-3,10,-4,11,-4,9,-5,10,-5,11,-3,8,-2,5,-2,3,0,3,2,3,5,3,7,4,8,3,11,3,14,5,14,6,14,5,17,5,17,7,16,8,15,8,17,8,19,9,18,9,17,9"
16.634708881378174,298,"CSI,3261,128,83,49,21,0,-8,-12,-6,-10,-4,-4,-6,2,-11,2,-14,2,-18,5,-23,5,-21,7,-17,9,-14,8,-14,7,-16,5,-16,3,-13,3,-8,2,-4,1,-2,2,-2,3,0,4,1,3,1,2,2,2,2,2,2,1,0,0,0,0,0,0,0,0,0,0,0,0,0,0,0,0,0,0,0,0,1,-2,7,-8,8,-6,9,-4,9,-5,10,-5,10,-1,7,-1,5,-3,5,-4,2,-6,-2,-8,-5,-9,-6,-10,-6,-10,-7,-13,-9,-15,-10,-16,-9,-16,-8,-18,-7,-20,-9,-23,-10,-26,-9,-27,-9,-26,-11,-23,-10,-20"
16.671097993850708,299,"CSI,2493,128,101,81,22,0,-4,-20,-4,-20,-4,-19,-4,-19,-4,-18,-4,-18,-5,-18,-5,-18,-5,-18,-6,-18,-6,-18,-6,-17,-5,-17,-5,-17,-5,-16,-4,-16,-4,-16,-4,-16,-3,-15,-3,-14,-2,-13,-2,-13,-2,-12,-1,-12,-1,-11,-1,-3,0,0,0,0,0,0,0,0,0,0,0,0,0,0,0,0,0,0,-2,-4,-6,-15,-6,-15,-6,-16,-6,-17,-6,-18,-6,-19,-6,-20,-6,-20,-5,-20,-4,-21,-4,-21,-4,-22,-4,-22,-4,-22,-4,-22,-4,-22,-4,-22,-4,-21,-3,-21,-4,-21,-4,-21,-4,-21,-5,-21,-5,-21,-5,-21,-5,-21"
16.73207378387451,300,"CSI,3265,128,83,49,21,0,6,13,7,7,8,3,8,-2,11,-6,13,-9,14,-12,17,-16,17,-17,17,-12,16,-9,14,-8,14,-7,13,-5,10,-5,9,-4,6,-2,2,-3,-1,-5,-2,-4,-2,-4,-2,-5,-2,-6,-3,-7,-3,-6,-1,-2,0,0,0,0,0,0,0,0,0,0,0,0,0,0,0,0,0,0,-1,2,-3,9,-5,9,-6,8,-7,7,-6,6,-6,6,-5,6,-4,4,-2,3,-2,3,-2,4,0,6,5,8,8,8,9,7,10,9,11,11,11,14,11,18,10,19,12,18,16,18,17,21,16,19,12,15,6,13"
16.7650249004364,301,"CSI,2494,128,101,81,22,0,22,-3,22,-3,22,-3,22,-4,22,-4,21,-5,21,-4,20,-4,20,-5,20,-5,19,-5,19,-5,19,-5,19,-5,19,-5,19,-4,18,-3,17,-3,16,-3,16,-3,15,-3,14,-2,14,-2,13,-2,12,-1,3,0,0,0,0,0,0,0,0,0,0,0,0,0,0,0,0,0,0,0,4,-2,18,-5,18,-5,19,-5,20,-5,21,-5,22,-4,22,-4,23,-3,24,-3,25,-3,25,-2,24,-1,24,-1,24,-1,24,-1,25,-1,24,-1,24,-1,24,-2,25,-3,24,-3,24,-3,24,-2,24,-2,25,-3,25,-3"
16.83709192276001,302,"CSI,3269,128,83,49,21,0,7,-12,4,-11,0,-11,-5,-10,-9,-10,-13,-10,-17,-11,-20,-12,-20,-12,-16,-11,-14,-12,-13,-13,-10,-13,-9,-13,-7,-11,-4,-10,-3,-8,-3,-4,-1,-2,0,0,-3,2,-6,4,-6,5,-6,4,-7,3,-2,0,0,0,0,0,0,0,0,0,0,0,0,0,0,0,0,0,0,0,1,-1,8,-3,10,-1,12,2,12,2,9,3,7,3,6,5,4,5,3,0,2,-4,3,-5,4,-7,3,-10,4,-12,6,-13,7,-15,7,-16,9,-17,11,-20,12,-23,14,-23,15,-20,14,-19,14,-19,12,-19,9,-19"
16.870033740997314,303,"CSI,2495,128,101,81,22,0,-23,5,-23,5,-23,5,-23,6,-22,6,-22,6,-21,6,-21,6,-21,6,-20,6,-19,6,-19,7,-19,7,-19,7,-19,7,-19,6,-18,5,-17,4,-17,4,-16,4,-15,4,-15,3,-15,3,-14,2,-13,2,-4,0,0,0,0,0,0,0,0,0,0,0,0,0,0,0,0,0,0,0,-5,1,-18,6,-19,6,-19,6,-21,6,-21,6,-22,6,-23,5,-24,5,-24,5,-25,5,-25,4,-25,3,-25,3,-25,3,-25,3,-25,3,-25,3,-25,4,-25,4,-25,5,-25,5,-24,5,-24,4,-24,4,-25,5,-26,6"
16.937896966934204,304,"CSI,3272,128,83,49,21,0,2,-9,-4,-8,-7,-9,-7,-7,-11,-1,-16,2,-19,3,-24,4,-24,3,-19,0,-18,-1,-17,1,-17,1,-14,-1,-11,-2,-10,-2,-9,-3,-5,-1,0,1,0,3,-2,5,-3,6,-2,6,0,4,2,3,0,0,0,0,0,0,0,0,0,0,0,0,0,0,0,0,0,0,0,0,1,-2,8,-7,10,-5,10,-2,9,-1,8,0,7,2,7,1,7,-1,6,0,5,0,4,-4,1,-7,-2,-8,-3,-7,-2,-11,-1,-19,-3,-22,-3,-22,-1,-22,0,-22,-2,-23,-1,-24,0,-24,-1,-23,-1,-23,0,-21"
16.975822925567627,305,"CSI,2496,128,101,81,22,0,13,-3,13,-3,13,-3,13,-4,13,-4,12,-4,12,-5,12,-5,11,-5,11,-5,11,-5,11,-5,11,-5,11,-5,11,-5,10,-5,10,-4,9,-4,9,-4,9,-4,8,-4,8,-4,8,-3,7,-3,7,-2,1,-1,0,0,0,0,0,0,0,0,0,0,0,0,0,0,0,0,0,0,2,-1,10,-3,11,-3,11,-3,12,-3,12,-2,13,-2,13,-2,14,-2,14,-2,15,-2,14,-1,14,-1,14,-1,14,-1,14,-1,14,-1,14,-1,14,-2,14,-2,14,-2,14,-3,14,-3,14,-3,14,-3,14,-3,14,-2"
17.083457946777344,306,"CSI,2497,128,101,81,22,0,6,9,6,9,6,9,6,8,6,8,6,7,6,8,6,8,6,8,6,7,6,7,6,7,6,7,6,7,6,7,6,7,5,7,5,6,5,6,4,6,4,5,3,5,3,5,3,5,2,5,0,1,0,0,0,0,0,0,0,0,0,0,0,0,0,0,0,0,0,0,1,1,6,6,6,6,6,7,6,7,6,8,6,8,7,8,7,9,7,9,6,10,6,10,6,10,6,11,6,10,6,10,6,10,6,10,6,10,6,10,6,9,6,10,6,10,7,10,6,9,6,9,7,10"
17.14220094680786,307,"CSI,1398,128,-117,-78,40,0,-20,12,-20,12,-20,12,-20,12,-19,12,-19,13,-18,13,-17,13,-17,13,-16,13,-16,13,-16,13,-16,13,-16,12,-16,12,-16,12,-15,11,-14,10,-14,9,-14,9,-13,8,-13,8,-12,8,-12,7,-12,6,-3,1,0,0,0,0,0,0,0,0,0,0,0,0,0,0,0,0,0,0,-4,2,-15,11,-16,11,-17,11,-18,11,-19,12,-19,12,-20,12,-21,12,-22,12,-23,12,-23,11,-23,11,-23,11,-23,11,-23,10,-23,10,-23,10,-22,11,-22,11,-23,12,-22,12,-21,12,-21,12,-21,12,-22,12,-23,11"
17.171129941940308,308,"CSI,3281,128,83,49,21,0,2,11,3,11,4,10,6,10,11,9,15,8,18,4,17,-1,16,1,17,6,17,8,15,7,13,9,12,9,11,6,7,4,4,4,4,3,6,0,5,-2,3,-4,3,-6,4,-6,3,-6,3,-6,1,-2,0,0,0,0,0,0,0,0,0,0,0,0,0,0,0,0,0,0,-3,-1,-11,-1,-12,0,-12,-2,-13,-5,-11,-6,-7,-5,-5,-4,-4,-2,-4,1,-3,3,-1,5,-1,8,-2,11,-4,13,-3,15,-2,17,-5,20,-7,21,-8,21,-9,20,-7,20,-8,21,-11,19,-10,19,-10,20,-10,19"
17.210592031478882,309,"CSI,2498,128,101,81,22,0,29,-19,28,-18,28,-18,28,-19,28,-19,27,-20,25,-19,24,-20,23,-20,23,-20,22,-20,22,-20,22,-19,22,-19,23,-18,22,-18,21,-16,20,-15,20,-14,19,-14,19,-13,18,-12,18,-12,17,-11,16,-10,3,-3,0,0,0,0,0,0,0,0,0,0,0,0,0,0,0,0,0,0,5,-5,20,-18,21,-18,23,-19,24,-20,26,-20,27,-20,28,-20,29,-20,31,-20,31,-19,31,-19,31,-18,32,-18,32,-18,32,-18,32,-17,31,-17,32,-18,32,-18,32,-19,32,-19,30,-19,29,-19,29,-19,30,-19,29,-19"
17.242507934570312,310,"CSI,3284,128,83,49,21,0,7,15,8,12,10,9,11,4,12,1,13,0,13,-3,11,-8,11,-8,16,-2,18,-1,15,-1,12,-1,13,2,14,2,11,0,7,2,5,2,1,-2,-1,-5,0,-6,1,-6,3,-8,2,-8,0,-7,-1,-2,0,0,0,0,0,0,0,0,0,0,0,0,0,0,0,0,0,0,-1,2,-4,10,-5,11,-4,10,-5,8,-7,5,-9,4,-9,4,-7,3,-3,2,0,1,2,1,4,4,6,8,6,11,5,12,8,13,9,16,8,20,7,19,6,18,7,20,6,20,4,20,4,19,4,19,1,23"
17.34124207496643,311,"CSI,1037,128,75,-79,20,0,-2,-15,-2,-13,-3,-9,-7,-6,-12,-6,-14,-5,-12,-7,-10,-12,-12,-11,-15,-9,-16,-8,-17,-9,-17,-9,-13,-9,-10,-7,-8,-8,-6,-7,-3,-5,-3,-3,-3,0,-3,1,-4,1,-5,0,-5,1,-4,3,-1,0,0,0,0,0,0,0,0,0,0,0,0,0,0,0,0,0,0,0,1,-2,5,-4,7,-3,10,-2,11,-1,10,0,8,-1,5,-2,3,-1,4,-2,4,-5,1,-9,-2,-10,-3,-11,-1,-15,2,-18,3,-19,3,-19,3,-20,3,-20,3,-19,5,-21,7,-23,5,-23,1,-22,1,-23,3,-24"
17.371795892715454,312,"CSI,3288,128,83,49,21,0,-11,9,-7,8,-4,8,-1,8,1,11,3,13,5,15,7,21,9,22,10,17,10,15,8,15,6,15,5,16,2,15,0,13,1,9,3,5,3,3,3,2,3,0,5,-2,6,-1,4,0,3,0,0,0,0,0,0,0,0,0,0,0,0,0,0,0,0,0,0,0,0,0,-2,-1,-7,-2,-9,-4,-9,-6,-7,-7,-5,-8,-6,-8,-7,-5,-5,-2,-3,0,-4,3,-6,5,-8,5,-11,8,-13,12,-13,12,-15,11,-17,12,-20,13,-22,14,-21,12,-20,10,-22,8,-22,8,-21,9,-18,9,-17,8"
17.42712092399597,313,"CSI,2500,128,101,81,22,0,11,-5,11,-5,11,-5,11,-5,11,-6,10,-6,10,-6,10,-6,10,-6,9,-6,9,-6,9,-6,9,-6,9,-6,9,-6,9,-6,8,-5,8,-5,8,-4,8,-4,7,-4,7,-4,7,-4,6,-3,6,-3,1,-1,0,0,0,0,0,0,0,0,0,0,0,0,0,0,0,0,0,0,2,-2,9,-5,9,-5,9,-5,10,-5,11,-5,11,-5,11,-4,12,-4,12,-4,12,-4,12,-4,12,-4,12,-4,13,-4,13,-4,13,-4,12,-4,12,-4,12,-4,12,-5,12,-5,12,-5,12,-5,12,-5,12,-5,12,-5"
17.456235885620117,314,"CSI,3292,128,83,49,21,0,-13,5,-9,10,-8,11,-7,10,-6,12,-5,15,-1,19,3,23,4,21,3,18,0,17,-4,16,-6,16,-4,14,-5,11,-6,6,-4,4,0,3,2,2,2,2,2,3,2,3,5,3,8,2,9,2,2,0,0,0,0,0,0,0,0,0,0,0,0,0,0,0,0,0,0,0,-3,-2,-10,-6,-8,-7,-6,-8,-6,-9,-5,-10,-2,-11,-3,-9,-4,-6,-3,-2,-3,1,-4,3,-6,5,-11,6,-14,4,-16,3,-16,5,-16,4,-20,1,-23,1,-24,2,-23,1,-24,-1,-23,-1,-24,1,-24,2,-22,0"
17.54667377471924,315,"CSI,2501,128,101,81,22,0,20,-12,19,-12,19,-12,19,-13,19,-13,18,-13,17,-13,17,-13,16,-14,16,-13,15,-13,15,-13,15,-13,15,-13,16,-13,16,-12,15,-11,14,-10,13,-10,13,-9,13,-9,12,-9,12,-8,11,-7,11,-6,2,-2,0,0,0,0,0,0,0,0,0,0,0,0,0,0,0,0,0,0,3,-3,15,-12,15,-12,16,-12,17,-12,18,-12,18,-12,19,-12,20,-12,21,-12,22,-12,22,-12,22,-11,22,-11,22,-11,22,-11,22,-11,22,-11,22,-11,22,-12,22,-12,22,-12,21,-12,21,-12,21,-12,22,-13,22,-13"
17.57578182220459,316,"CSI,3297,128,83,49,21,0,9,7,9,6,10,3,11,-2,12,-5,13,-5,15,-9,15,-15,13,-16,12,-13,14,-10,16,-8,16,-5,15,-4,13,-4,11,-1,6,0,4,-1,1,-2,-1,-2,-2,-5,-5,-7,-5,-6,-5,-5,-4,-5,-1,-2,0,0,0,0,0,0,0,0,0,0,0,0,0,0,0,0,0,0,-1,2,-3,11,-6,10,-8,9,-7,8,-6,6,-6,5,-4,6,-2,7,0,5,0,5,1,6,3,8,5,9,10,10,14,12,14,14,12,15,13,16,13,19,14,18,15,17,14,18,13,18,12,18,11,17,10,16"
17.689708948135376,317,"CSI,2502,128,101,81,22,0,-21,10,-21,10,-21,10,-21,11,-20,11,-20,11,-18,11,-18,11,-18,11,-18,12,-17,12,-17,12,-17,11,-17,11,-17,11,-17,11,-16,10,-15,9,-15,9,-14,8,-14,8,-13,7,-13,7,-13,6,-12,5,-3,1,0,0,0,0,0,0,0,0,0,0,0,0,0,0,0,0,0,0,-5,2,-17,9,-17,9,-18,9,-19,9,-20,10,-21,10,-21,10,-22,10,-23,10,-24,9,-24,9,-24,8,-24,8,-24,8,-24,8,-24,8,-24,8,-23,8,-24,9,-24,10,-23,10,-23,10,-22,10,-23,10,-23,10,-24,10"
17.760243892669678,318,"CSI,1038,128,77,-47,20,0,-16,2,-11,3,-7,6,-2,9,2,10,4,12,6,12,8,10,3,9,-3,12,-4,16,-4,16,-3,14,-4,13,-4,12,-4,10,-4,6,-3,3,0,1,2,1,2,0,1,0,3,2,6,1,7,-1,2,-1,0,0,0,0,0,0,0,0,0,0,0,0,0,0,0,0,0,0,-2,-1,-9,-3,-10,-6,-10,-6,-10,-6,-9,-5,-9,-6,-9,-5,-7,-4,-4,-3,-3,-2,-6,1,-10,3,-13,5,-13,7,-13,9,-15,9,-16,8,-15,9,-17,9,-21,8,-24,5,-24,5,-23,6,-22,5,-21,4,-22,3"
17.795217752456665,319,"CSI,2503,128,101,81,22,0,-6,-14,-6,-14,-6,-14,-6,-13,-6,-13,-6,-13,-6,-13,-6,-12,-6,-12,-7,-12,-7,-12,-7,-12,-7,-12,-6,-11,-6,-11,-6,-11,-6,-11,-5,-11,-5,-10,-4,-9,-4,-9,-4,-9,-4,-8,-4,-8,-3,-8,-1,-2,0,0,0,0,0,0,0,0,0,0,0,0,0,0,0,0,0,0,-2,-3,-5,-11,-5,-11,-5,-12,-5,-12,-5,-13,-5,-13,-5,-14,-5,-14,-5,-15,-4,-15,-4,-15,-4,-16,-4,-16,-4,-16,-4,-15,-4,-15,-5,-15,-5,-15,-5,-15,-5,-15,-5,-15,-5,-15,-6,-15,-5,-14,-5,-14,-5,-14"
17.85847806930542,320,"CSI,3308,128,83,49,21,0,3,9,4,5,9,1,11,-2,11,-2,12,-3,18,-4,23,-3,21,-5,18,-7,17,-7,16,-6,15,-3,14,1,14,3,12,2,6,-1,1,-1,0,-1,3,-2,3,-4,0,-6,-2,-6,-3,-5,-5,-5,-2,-2,0,0,0,0,0,0,0,0,0,0,0,0,0,0,0,0,0,0,0,2,2,8,0,7,-2,9,-3,10,-3,8,-1,7,0,6,0,5,-1,4,-1,3,3,2,5,2,7,2,10,4,11,10,14,15,15,15,13,14,12,13,11,15,10,20,10,21,11,20,12,21,13,21,12,17"
17.890618085861206,321,"CSI,2504,128,101,81,22,0,22,-5,22,-6,22,-6,22,-6,21,-7,21,-7,20,-7,20,-7,19,-7,19,-8,18,-8,18,-8,18,-8,19,-8,19,-8,18,-7,17,-7,16,-6,15,-5,15,-5,14,-5,14,-5,13,-5,13,-4,12,-3,3,-1,0,0,0,0,0,0,0,0,0,0,0,0,0,0,0,0,0,0,4,-2,18,-6,18,-6,19,-5,20,-5,21,-5,21,-5,22,-4,23,-4,24,-4,24,-4,24,-3,24,-3,24,-3,24,-3,24,-3,24,-3,24,-3,24,-3,24,-4,24,-4,24,-4,24,-5,23,-5,23,-5,24,-5,25,-5"
17.96346378326416,322,"CSI,3312,128,83,49,21,0,3,-11,-1,-6,-7,-2,-11,-1,-13,-3,-15,-2,-18,-4,-21,-9,-22,-8,-21,-4,-19,-3,-17,-5,-15,-7,-13,-7,-9,-5,-5,-5,-4,-3,-4,-1,-4,0,-4,1,-4,2,-4,2,-4,2,-4,4,-3,8,-1,2,0,0,0,0,0,0,0,0,0,0,0,0,0,0,0,0,0,0,1,-2,7,-6,7,-6,8,-5,9,-4,8,-4,8,-4,7,-4,5,-3,2,-2,0,-2,0,-5,1,-7,1,-9,1,-12,2,-14,3,-15,3,-15,1,-16,1,-19,0,-22,0,-23,2,-23,3,-24,2,-24,1,-22,1,-21"
17.99117684364319,323,"CSI,2505,128,101,81,22,0,21,7,21,7,22,7,21,6,21,5,21,5,21,5,21,5,20,5,20,5,19,4,19,4,19,4,19,4,19,3,18,4,17,5,17,5,16,5,15,4,14,4,13,4,13,4,12,4,11,4,2,1,0,0,0,0,0,0,0,0,0,0,0,0,0,0,0,0,0,0,4,0,18,3,18,3,19,4,19,4,20,5,21,6,22,7,22,7,23,7,23,8,23,9,22,10,23,10,23,10,22,10,22,10,22,10,22,9,22,9,23,8,23,8,22,8,22,8,22,8,23,8,24,8"
18.065833806991577,324,"CSI,3316,128,83,49,21,0,-9,-8,-8,-7,-6,-4,-9,2,-12,8,-11,11,-14,11,-21,12,-21,13,-16,11,-13,10,-13,9,-14,6,-14,4,-13,2,-10,0,-7,0,-4,1,0,3,2,4,2,2,2,0,2,1,3,3,3,3,0,0,0,0,0,0,0,0,0,0,0,0,0,0,0,0,0,0,0,0,0,-3,3,-9,4,-7,6,-6,8,-8,8,-9,8,-7,6,-5,4,-6,3,-7,1,-5,-1,-4,-5,-6,-8,-6,-9,-7,-10,-11,-10,-15,-11,-17,-12,-18,-14,-19,-15,-19,-14,-18,-15,-20,-15,-20,-13,-21,-12,-23,-11,-21"
18.101974964141846,325,"CSI,2506,128,101,81,22,0,12,20,12,20,13,19,13,18,12,18,12,17,13,17,13,17,13,17,13,17,13,16,12,16,12,15,13,15,12,15,11,15,11,15,10,15,10,14,9,13,8,12,8,12,7,11,6,11,6,11,1,2,0,0,0,0,0,0,0,0,0,0,0,0,0,0,0,0,0,0,3,3,12,14,12,14,12,15,12,16,12,17,13,18,13,19,13,20,13,20,12,21,12,22,11,23,11,23,11,22,11,22,12,22,12,22,12,22,12,21,12,21,12,21,13,21,13,21,13,21,13,21,14,21"
18.168302059173584,326,"CSI,3320,128,83,49,21,0,-6,-11,-7,-8,-8,-5,-7,1,-8,5,-11,6,-12,7,-11,9,-14,8,-16,6,-17,5,-17,3,-15,2,-14,0,-12,-1,-10,-2,-7,0,-3,1,0,1,1,2,0,4,0,6,1,7,2,5,1,4,0,0,0,0,0,0,0,0,0,0,0,0,0,0,0,0,0,0,0,0,1,-2,7,-6,7,-6,7,-6,8,-7,8,-5,6,-3,5,-5,6,-8,5,-7,1,-4,0,-5,0,-8,0,-10,-3,-9,-8,-9,-11,-13,-12,-18,-11,-19,-10,-19,-10,-21,-9,-22,-9,-21,-8,-20,-7,-21,-8,-22,-11,-23"
18.196199893951416,327,"CSI,1402,128,-117,-78,40,0,21,9,21,8,21,8,21,7,21,6,21,6,21,6,21,6,20,6,20,5,20,5,19,5,19,5,19,4,19,4,18,5,17,6,17,6,16,6,15,5,14,5,13,5,13,5,12,5,11,5,2,1,0,0,0,0,0,0,0,0,0,0,0,0,0,0,0,0,0,0,4,0,18,3,19,4,19,5,20,5,20,5,21,6,22,8,22,8,23,8,23,9,22,10,22,11,22,11,23,11,23,11,23,11,22,11,22,10,22,10,23,9,23,9,23,9,22,9,23,9,23,9,24,8"
18.22810697555542,328,"CSI,2507,128,101,81,22,0,14,16,14,16,15,15,15,14,15,14,15,13,15,13,15,13,15,13,15,13,15,13,14,12,14,12,14,11,14,11,13,11,13,12,12,12,12,11,11,10,10,9,10,9,9,9,8,9,7,9,1,2,0,0,0,0,0,0,0,0,0,0,0,0,0,0,0,0,0,0,3,2,13,11,13,11,14,12,14,13,14,14,15,15,15,16,15,17,15,17,15,18,14,18,14,19,14,19,14,19,14,19,14,19,14,19,14,18,14,18,15,17,15,17,15,17,15,17,15,17,16,17,17,17"
18.266377925872803,329,"CSI,3325,128,83,49,21,0,3,10,3,6,5,4,7,3,7,0,7,-4,13,-5,21,-6,22,-9,17,-7,15,-2,15,1,15,2,14,3,10,5,6,5,3,4,1,1,-1,0,0,0,1,-1,2,-3,1,-7,2,-9,3,-10,0,-3,0,0,0,0,0,0,0,0,0,0,0,0,0,0,0,0,0,0,0,1,0,6,-1,8,-2,10,-2,10,-2,8,-2,7,-1,6,-2,5,-3,5,-2,6,0,4,3,2,5,4,5,6,6,9,10,13,13,15,13,15,14,17,14,20,12,22,10,21,10,20,11,21,11,19,12,14"
18.33433175086975,330,"CSI,2508,128,101,81,22,0,-22,-10,-22,-10,-22,-9,-22,-8,-22,-8,-21,-7,-21,-7,-21,-7,-21,-7,-21,-7,-20,-7,-20,-6,-20,-6,-20,-6,-20,-5,-19,-6,-18,-6,-17,-7,-17,-6,-16,-6,-15,-5,-15,-5,-14,-5,-13,-6,-12,-6,-3,-2,0,0,0,0,0,0,0,0,0,0,0,0,0,0,0,0,0,0,-5,-2,-19,-6,-19,-6,-20,-7,-20,-8,-21,-8,-22,-9,-22,-10,-23,-11,-23,-11,-23,-11,-23,-12,-23,-13,-23,-13,-23,-13,-23,-13,-23,-13,-23,-13,-23,-13,-23,-12,-23,-11,-23,-11,-23,-11,-23,-11,-23,-11,-24,-11,-25,-10"
18.370399951934814,331,"CSI,3328,128,83,49,21,0,9,8,9,4,9,-1,7,-4,6,-8,7,-12,7,-14,6,-16,7,-15,9,-13,12,-12,13,-10,12,-9,11,-8,10,-6,9,-3,6,0,3,0,1,-1,0,-1,-1,-4,-4,-5,-5,-4,-6,-4,-8,-5,-2,-2,0,0,0,0,0,0,0,0,0,0,0,0,0,0,0,0,0,0,-1,2,-3,10,-5,9,-6,8,-5,6,-5,6,-5,7,-5,6,-6,7,-5,7,-4,4,-1,3,1,4,4,5,6,6,8,9,10,11,10,13,12,14,16,17,17,18,17,16,17,15,18,14,17,14,15,13,15,13"
18.442039966583252,332,"CSI,2509,128,101,81,22,0,-13,5,-12,5,-12,4,-12,4,-12,5,-12,5,-11,5,-11,5,-11,5,-11,5,-10,5,-10,5,-10,5,-10,5,-10,5,-9,5,-9,4,-9,4,-9,3,-9,3,-8,3,-8,3,-8,3,-7,2,-7,2,-2,0,0,0,0,0,0,0,0,0,0,0,0,0,0,0,0,0,0,0,-3,1,-10,4,-10,4,-11,4,-11,4,-12,4,-12,4,-12,4,-13,4,-13,4,-14,4,-14,4,-14,4,-14,3,-14,3,-14,3,-14,3,-14,3,-14,3,-14,4,-14,4,-13,4,-13,4,-13,4,-13,4,-13,5,-13,4"
18.4754159450531,333,"CSI,3332,128,83,49,21,0,-13,9,-9,9,-3,7,3,7,7,9,9,10,8,11,5,13,8,14,13,13,13,12,11,12,9,13,8,14,5,14,2,11,1,8,1,5,1,2,3,-2,3,-3,3,-5,3,-5,2,-4,1,-3,0,-1,0,0,0,0,0,0,0,0,0,0,0,0,0,0,0,0,0,0,-2,-2,-8,-5,-9,-6,-9,-8,-7,-9,-6,-10,-4,-9,-4,-8,-6,-6,-5,-2,-4,0,-4,0,-7,2,-10,4,-10,6,-12,6,-16,7,-18,10,-17,11,-17,12,-18,13,-21,13,-21,10,-19,10,-23,14,-25,13,-22,13"
18.553767919540405,334,"CSI,2510,128,101,81,22,0,-14,0,-14,1,-13,1,-13,1,-13,1,-12,2,-12,1,-12,1,-12,2,-12,2,-11,2,-11,2,-11,2,-11,2,-11,2,-11,2,-10,1,-9,1,-9,1,-9,1,-9,1,-8,1,-8,1,-8,1,-8,0,-2,0,0,0,0,0,0,0,0,0,0,0,0,0,0,0,0,0,0,0,-3,0,-11,0,-11,0,-12,0,-12,0,-13,0,-13,0,-13,-1,-13,-1,-14,-1,-14,-1,-14,-1,-14,-2,-14,-2,-14,-2,-14,-2,-14,-2,-14,-2,-14,-1,-15,-1,-15,-1,-14,0,-14,-1,-14,-1,-14,0,-14,0,-13,-1"
18.67605185508728,335,"CSI,2511,128,101,81,22,0,-21,-12,-21,-12,-21,-11,-21,-10,-21,-10,-21,-9,-21,-10,-21,-10,-21,-9,-20,-9,-20,-9,-19,-9,-19,-8,-20,-8,-19,-8,-18,-8,-17,-9,-17,-9,-16,-9,-15,-8,-14,-7,-14,-7,-13,-7,-12,-7,-12,-8,-3,-2,0,0,0,0,0,0,0,0,0,0,0,0,0,0,0,0,0,0,-5,-2,-19,-7,-19,-8,-19,-8,-20,-9,-21,-10,-21,-11,-22,-11,-22,-12,-22,-13,-22,-13,-22,-14,-22,-15,-22,-15,-22,-15,-22,-15,-22,-15,-22,-15,-22,-15,-22,-14,-22,-13,-22,-13,-22,-13,-22,-13,-22,-13,-23,-13,-24,-12"
18.707420825958252,336,"CSI,3340,128,83,49,21,0,-14,-3,-15,-2,-12,-2,-8,2,-6,9,-6,13,-7,8,-6,6,-6,13,-6,18,-8,17,-9,15,-10,14,-12,11,-13,9,-11,7,-7,4,-3,2,0,2,1,2,0,1,1,3,2,5,3,5,3,4,0,0,0,0,0,0,0,0,0,0,0,0,0,0,0,0,0,0,0,0,-1,-3,-5,-11,-6,-11,-5,-11,-3,-12,-4,-10,-2,-9,1,-10,1,-9,0,-5,-1,-3,-4,-3,-7,-2,-9,-3,-10,-6,-12,-7,-16,-6,-16,-5,-17,-6,-20,-8,-20,-9,-18,-9,-18,-7,-19,-6,-18,-9,-16,-10,-16,-9"
18.778665781021118,337,"CSI,3344,128,83,49,21,0,15,4,12,1,9,0,8,-4,4,-10,4,-14,5,-16,2,-18,3,-17,8,-15,12,-14,13,-13,12,-12,11,-9,11,-5,9,-2,7,0,4,-1,0,-1,-2,-2,-2,-3,-1,-4,-3,-5,-5,-4,-5,-1,-2,0,0,0,0,0,0,0,0,0,0,0,0,0,0,0,0,0,0,0,1,1,7,6,6,7,4,9,2,11,2,11,3,9,4,6,4,6,6,6,7,5,7,5,6,3,8,-2,12,-1,13,2,14,2,18,2,21,1,22,3,23,6,24,7,23,8,22,7,21,6,21,7,23,6"
18.883373975753784,338,"CSI,3348,128,83,49,21,0,-11,4,-9,5,-7,5,-4,7,-3,10,-2,11,-2,14,-3,21,-4,24,-5,21,-6,20,-6,18,-9,14,-10,12,-9,11,-7,9,-4,5,-2,3,0,3,3,3,5,2,6,-1,6,-1,6,1,6,2,1,0,0,0,0,0,0,0,0,0,0,0,0,0,0,0,0,0,0,0,-3,-1,-10,-1,-10,-2,-12,-3,-12,-4,-8,-5,-5,-5,-5,-4,-6,-2,-8,-2,-8,-2,-6,1,-6,3,-9,4,-11,5,-11,5,-14,6,-16,7,-18,8,-22,7,-24,7,-23,8,-20,6,-19,4,-21,5,-21,7,-19,9"
18.986207008361816,339,"CSI,3353,128,83,49,21,0,-7,-12,-7,-7,-7,-6,-7,-6,-8,-1,-11,3,-10,2,-6,1,-9,1,-17,1,-20,2,-17,0,-14,-2,-14,-2,-13,-2,-9,-3,-5,-5,-1,-6,2,-3,3,0,2,2,3,5,4,7,4,6,2,5,0,1,0,0,0,0,0,0,0,0,0,0,0,0,0,0,0,0,0,0,0,-2,4,-8,5,-6,9,-6,10,-6,8,-5,7,-4,6,-4,5,-6,6,-7,6,-6,3,-6,0,-9,-2,-13,-2,-15,-2,-17,-2,-18,-3,-18,-2,-19,-3,-21,-2,-23,0,-22,0,-19,-1,-18,-2,-21,-3,-23,-4,-20"
19.189875841140747,340,"CSI,3361,128,83,49,21,0,-10,10,-8,8,-4,7,0,7,4,9,6,11,7,11,6,9,7,12,9,15,9,15,8,16,4,15,1,11,-1,9,-2,8,-1,6,0,5,0,1,1,-2,1,-2,1,-2,4,-1,5,-1,4,-1,1,-1,0,0,0,0,0,0,0,0,0,0,0,0,0,0,0,0,0,0,-2,0,-7,2,-10,0,-13,0,-13,2,-10,1,-9,0,-10,-1,-9,-1,-8,-2,-4,1,-2,4,-4,6,-5,8,-6,10,-7,12,-8,14,-8,13,-11,12,-15,15,-16,16,-16,14,-16,15,-15,17,-12,17,-11,14,-12,15"
19.291727781295776,341,"CSI,3365,128,83,49,21,0,13,-1,9,-1,7,-3,6,-6,4,-9,1,-13,0,-13,-1,-12,1,-17,3,-20,5,-16,7,-12,9,-13,9,-14,6,-12,4,-8,3,-5,1,-4,-1,-2,-4,-2,-6,-1,-5,0,-5,0,-7,-2,-7,-5,-2,-2,0,0,0,0,0,0,0,0,0,0,0,0,0,0,0,0,0,0,1,0,7,4,7,7,7,9,8,9,6,7,6,7,6,8,6,6,6,4,7,2,9,0,9,-2,9,-3,11,-4,12,-5,14,-6,16,-4,19,-3,22,-3,23,-3,23,-2,23,-2,25,-2,22,-3,16,-5,12,-7"
19.39616584777832,342,"CSI,3369,128,83,49,21,0,-7,11,-4,12,-1,12,1,9,4,8,7,9,9,6,12,1,14,3,12,8,12,10,11,11,11,12,11,13,9,10,6,5,4,4,2,2,0,0,-1,-3,0,-6,0,-7,-1,-7,2,-7,4,-7,1,-2,0,0,0,0,0,0,0,0,0,0,0,0,0,0,0,0,0,0,-3,-2,-9,-6,-9,-7,-9,-10,-9,-11,-9,-10,-8,-9,-6,-7,-5,-6,-5,-4,-6,-2,-8,-1,-7,2,-6,6,-8,9,-13,10,-16,10,-16,9,-16,9,-18,11,-18,13,-20,13,-21,13,-21,14,-20,13,-18,13,-18,14"
19.49973702430725,343,"CSI,3372,128,83,49,21,0,-14,-4,-12,-2,-10,3,-10,6,-11,6,-11,6,-10,9,-9,8,-12,8,-16,8,-17,7,-17,9,-16,9,-14,6,-11,5,-10,5,-7,3,-3,2,-3,3,-2,4,1,5,4,5,4,6,4,6,3,5,0,1,0,0,0,0,0,0,0,0,0,0,0,0,0,0,0,0,0,0,-3,-2,-9,-8,-6,-9,-5,-11,-6,-13,-4,-11,-2,-9,-2,-8,-5,-9,-7,-8,-7,-5,-6,-4,-6,-3,-9,-1,-12,-1,-16,0,-18,0,-19,-1,-18,-2,-22,-5,-23,-9,-20,-10,-19,-10,-21,-12,-21,-12,-19,-8,-18,-5"
19.602540016174316,344,"CSI,3377,128,83,49,21,0,-6,-12,-8,-7,-12,-4,-15,-3,-14,-2,-14,0,-18,4,-23,6,-21,6,-17,6,-18,4,-18,3,-16,0,-13,-2,-12,-3,-11,-2,-6,0,-3,1,-3,1,-3,2,-2,4,-2,5,-2,6,-1,6,0,5,0,1,0,0,0,0,0,0,0,0,0,0,0,0,0,0,0,0,0,0,0,-3,3,-10,3,-11,4,-11,7,-9,7,-8,6,-6,5,-5,4,-6,2,-9,0,-11,-1,-9,-4,-7,-8,-8,-11,-11,-13,-14,-14,-17,-12,-18,-8,-19,-7,-20,-9,-20,-11,-20,-10,-20,-10,-20,-11,-22,-10,-23,-8,-24"
19.807980060577393,345,"CSI,3385,128,83,49,21,0,-10,-14,-9,-9,-9,-5,-9,-3,-9,-3,-11,-2,-12,-1,-10,-1,-12,-1,-17,1,-20,0,-20,-3,-18,-5,-15,-7,-11,-8,-9,-7,-6,-7,-3,-4,-2,-1,-2,2,-2,2,-2,5,-2,6,-3,4,-3,3,-1,0,0,0,0,0,0,0,0,0,0,0,0,0,0,0,0,0,0,0,0,-3,0,-10,2,-11,3,-11,3,-9,4,-8,3,-9,3,-10,3,-10,4,-9,3,-9,-2,-9,-6,-8,-8,-9,-8,-10,-8,-12,-8,-14,-10,-16,-11,-19,-11,-19,-11,-20,-11,-22,-9,-21,-8,-22,-9,-21,-12,-19,-14,-19"
19.904505014419556,346,"CSI,3389,128,83,49,21,0,9,14,9,10,11,5,11,3,10,3,12,1,12,-2,9,-3,10,0,13,1,15,1,16,2,14,2,13,2,12,5,9,7,5,3,2,0,1,-1,3,-1,3,-2,2,-5,1,-7,-1,-7,-2,-8,-1,-3,0,0,0,0,0,0,0,0,0,0,0,0,0,0,0,0,0,0,0,2,1,8,0,8,-2,9,-3,10,-4,9,-4,7,-3,6,-3,6,-3,6,-4,7,-2,7,4,4,6,3,6,6,8,10,10,13,10,13,11,16,11,20,10,19,9,19,9,20,7,20,6,20,7,21,8,20"
20.007616996765137,347,"CSI,3392,128,83,49,21,0,8,10,11,8,11,7,11,4,11,2,12,0,12,-1,8,-2,10,-2,15,-2,18,-2,18,-2,17,-2,15,0,13,2,11,2,9,0,4,-1,2,-1,3,-2,2,-4,0,-7,1,-7,1,-5,1,-5,0,-2,0,0,0,0,0,0,0,0,0,0,0,0,0,0,0,0,0,0,0,2,1,8,2,9,2,10,-1,11,-4,10,-5,8,-4,7,-3,6,-1,4,1,5,1,5,2,4,4,4,9,6,13,6,14,7,16,10,18,12,19,13,19,14,17,17,15,20,12,21,10,21,12,21,17,23"
20.110581874847412,348,"CSI,3397,128,83,49,21,0,0,17,0,16,1,9,2,5,5,5,8,3,14,2,21,4,21,4,20,3,20,3,19,3,18,3,15,8,12,9,10,6,6,3,2,3,2,2,5,-1,6,-4,5,-6,2,-6,2,-5,2,-7,0,-2,0,0,0,0,0,0,0,0,0,0,0,0,0,0,0,0,0,0,-2,1,-7,5,-10,4,-12,1,-11,-1,-8,-1,-9,1,-10,3,-9,4,-7,4,-5,3,-4,5,-3,10,-2,11,-3,12,-3,15,-2,19,-1,22,-3,22,-6,21,-5,20,-4,19,-4,19,-4,19,-3,21,-4,21,-3,21"
20.216208696365356,349,"CSI,3400,128,83,49,21,0,1,-16,1,-15,-1,-13,-3,-12,-7,-10,-11,-7,-12,-9,-9,-10,-11,-9,-17,-9,-18,-11,-17,-11,-17,-10,-14,-12,-9,-14,-7,-12,-7,-8,-4,-5,-3,-2,-3,-1,-2,1,-2,5,-4,6,-4,5,-2,6,-1,1,0,0,0,0,0,0,0,0,0,0,0,0,0,0,0,0,0,0,2,-2,8,-6,9,-5,9,-5,9,-5,8,-5,7,-4,6,-3,5,-2,6,-4,6,-8,5,-10,4,-9,2,-10,3,-12,3,-14,2,-18,4,-21,6,-19,7,-18,7,-19,9,-21,7,-20,4,-19,3,-22,3,-23,3,-19"
20.3155996799469,350,"CSI,3404,128,83,49,21,0,15,2,13,-2,12,-4,9,-6,7,-10,7,-11,5,-12,0,-16,3,-17,9,-14,11,-11,12,-12,11,-12,10,-9,12,-7,12,-9,11,-7,8,-3,4,-4,3,-7,1,-6,-2,-3,-2,-4,-2,-5,-3,-6,-1,-2,0,0,0,0,0,0,0,0,0,0,0,0,0,0,0,0,0,0,3,0,12,3,10,3,9,4,7,6,6,6,7,5,7,3,4,0,3,0,4,1,5,-1,9,-2,13,0,15,0,16,-1,18,-2,19,0,19,0,22,-2,24,-1,23,2,22,3,21,1,21,2,22,3,23,2"
20.41709589958191,351,"CSI,3409,128,83,49,21,0,5,18,4,14,4,8,6,7,8,6,12,3,13,3,12,6,17,4,21,-1,20,-3,19,-1,18,3,14,5,10,5,10,4,9,3,5,1,3,0,4,-1,5,-5,4,-7,1,-7,0,-7,1,-7,0,-2,0,0,0,0,0,0,0,0,0,0,0,0,0,0,0,0,0,0,-2,1,-8,6,-9,6,-11,5,-11,4,-9,3,-10,3,-10,2,-10,2,-8,4,-5,5,-1,8,1,11,2,13,2,17,1,19,1,18,2,18,1,21,-2,23,-3,24,-2,26,0,25,2,24,2,26,-1,28,-3,25"
20.54264807701111,352,"CSI,1039,128,77,-47,20,0,-6,-16,-7,-13,-7,-8,-11,-3,-13,0,-14,2,-14,0,-14,1,-17,2,-20,0,-19,-2,-19,-2,-21,-2,-18,-5,-15,-7,-12,-6,-8,-3,-7,-2,-7,-3,-4,-1,-4,3,-5,4,-4,4,-4,4,-4,5,-1,1,0,0,0,0,0,0,0,0,0,0,0,0,0,0,0,0,0,0,2,-2,8,-7,7,-10,7,-10,7,-9,7,-8,7,-8,6,-8,6,-7,5,-7,3,-9,1,-10,0,-9,-1,-10,-3,-11,-5,-13,-6,-19,-6,-21,-6,-20,-4,-22,-5,-25,-7,-25,-7,-24,-6,-23,-6,-25,-5,-28,-4,-29"
20.6219699382782,353,"CSI,3417,128,83,49,21,0,17,5,12,2,9,1,10,-1,10,-6,11,-11,15,-12,17,-15,14,-17,13,-14,14,-11,16,-11,17,-10,14,-8,11,-7,8,-5,5,-3,4,-1,3,-2,2,-4,1,-7,0,-8,0,-7,1,-7,1,-7,0,-2,0,0,0,0,0,0,0,0,0,0,0,0,0,0,0,0,0,0,2,1,10,5,10,6,7,9,5,10,4,10,2,8,1,7,2,7,4,7,5,7,5,5,6,2,8,2,11,2,15,0,15,0,15,3,19,3,23,2,24,2,23,5,24,8,23,7,22,6,23,7,23,8"
20.826175928115845,354,"CSI,3425,128,83,49,21,0,4,16,4,12,7,8,10,4,10,1,11,-2,11,0,12,3,16,4,19,4,20,3,18,3,15,5,11,9,8,10,7,8,7,4,7,1,5,-1,3,-3,2,-4,2,-5,2,-4,3,-4,4,-3,1,-1,0,0,0,0,0,0,0,0,0,0,0,0,0,0,0,0,0,0,-1,3,-1,14,-2,13,-4,12,-6,10,-7,9,-7,9,-8,6,-6,5,-5,7,-5,8,-4,8,0,8,4,9,5,11,7,14,9,17,8,17,9,18,10,21,10,21,6,20,5,19,7,20,7,21,6,20,6,19"
21.033401012420654,355,"CSI,3432,128,83,49,21,0,-16,6,-11,5,-4,6,0,7,1,9,1,10,-1,9,-2,8,3,13,6,18,7,21,7,22,5,19,2,17,1,15,0,9,-3,5,-2,5,2,3,3,1,3,-1,3,-1,3,-2,4,-3,6,-3,1,-1,0,0,0,0,0,0,0,0,0,0,0,0,0,0,0,0,0,0,-2,-2,-8,-10,-8,-12,-8,-11,-7,-9,-6,-9,-6,-10,-5,-7,-4,-6,-4,-6,-5,-3,-8,-1,-10,0,-12,2,-14,4,-17,6,-19,6,-19,6,-19,7,-21,8,-22,8,-23,7,-21,6,-18,8,-19,11,-18,10,-16,8"
21.13514494895935,356,"CSI,3436,128,83,49,21,0,-3,12,0,11,3,7,4,8,5,10,7,12,8,12,9,14,12,15,12,13,11,13,12,15,8,17,3,15,1,11,0,8,1,4,1,1,1,0,2,-2,2,-2,2,-1,2,-1,4,-1,7,-3,2,-1,0,0,0,0,0,0,0,0,0,0,0,0,0,0,0,0,0,0,-3,1,-11,5,-11,5,-11,4,-11,2,-11,3,-8,2,-6,1,-6,3,-6,3,-6,3,-8,6,-6,7,-2,7,-1,8,-3,11,-5,12,-6,13,-5,18,-6,22,-8,22,-10,20,-11,18,-10,17,-11,19,-12,22,-12,23"
21.23665690422058,357,"CSI,3440,128,83,49,21,0,15,-1,11,-3,7,-5,3,-5,1,-8,2,-14,1,-13,1,-9,1,-11,-1,-15,0,-17,4,-18,4,-18,3,-14,4,-10,3,-5,0,-2,-2,-3,-4,-3,-6,-3,-6,-2,-6,-2,-9,-1,-8,-1,-6,0,-2,0,0,0,0,0,0,0,0,0,0,0,0,0,0,0,0,0,0,0,1,1,4,6,2,9,0,11,0,11,0,10,-1,9,-1,8,1,8,4,8,4,5,5,3,6,2,7,3,9,2,12,-1,14,-1,14,1,16,0,21,-2,24,0,22,3,23,3,24,3,23,2,22,1,24,3"
21.340026140213013,358,"CSI,3444,128,83,49,21,0,10,-1,8,-3,4,-7,1,-9,-1,-10,-2,-11,-1,-15,1,-21,-1,-21,-5,-19,-5,-17,-1,-16,2,-19,5,-18,6,-12,2,-7,0,-4,0,-2,-2,-2,-5,-3,-6,-3,-6,-1,-5,0,-6,-1,-7,-1,-2,-1,0,0,0,0,0,0,0,0,0,0,0,0,0,0,0,0,0,0,2,1,8,4,7,6,6,7,5,6,3,4,4,4,4,6,2,4,2,2,5,1,6,-1,6,-3,5,-5,7,-5,11,-5,14,-5,16,-5,20,-3,21,-4,21,-8,21,-9,21,-8,19,-5,21,-2,22,-1,23,-4"
21.442809104919434,359,"CSI,3448,128,83,49,21,0,-6,12,-4,8,-1,6,3,7,7,7,10,6,9,8,8,8,8,9,8,12,8,13,9,13,8,12,5,9,1,8,-2,8,-1,5,-1,1,-1,0,1,-1,3,-1,2,-2,2,-3,5,-5,6,-7,1,-2,0,0,0,0,0,0,0,0,0,0,0,0,0,0,0,0,0,0,-3,-2,-11,-5,-12,-5,-10,-7,-8,-8,-6,-7,-7,-7,-7,-7,-6,-5,-3,-2,0,0,-1,3,-4,5,-7,7,-7,8,-7,8,-9,8,-12,9,-15,12,-17,14,-14,14,-14,14,-15,13,-13,10,-14,10,-16,12,-16,16"
21.547539949417114,360,"CSI,3452,128,83,49,21,0,-2,-12,-3,-12,-4,-7,-7,-1,-10,1,-12,-2,-18,-3,-23,2,-20,5,-17,3,-15,-1,-14,-4,-13,-8,-12,-10,-11,-7,-9,-5,-7,-4,-5,-1,-3,2,-5,3,-5,3,-3,4,-5,4,-6,4,-5,5,-1,1,0,0,0,0,0,0,0,0,0,0,0,0,0,0,0,0,0,0,1,-3,6,-9,7,-8,7,-8,7,-6,6,-4,7,-4,7,-4,5,-6,2,-6,0,-4,-1,-4,-4,-5,-7,-7,-9,-11,-7,-12,-6,-14,-6,-17,-5,-18,-3,-19,-2,-21,-1,-24,-2,-24,-3,-21,0,-18,2,-16,1,-14"
21.749178886413574,361,"CSI,3461,128,83,49,21,0,13,-3,8,-6,6,-7,4,-7,6,-10,5,-11,6,-15,9,-19,6,-19,3,-16,5,-14,5,-14,6,-13,8,-10,9,-9,7,-7,5,-5,4,-3,1,-2,-1,-1,-2,-1,-4,-2,-5,-4,-4,-5,-6,-5,-2,-2,0,0,0,0,0,0,0,0,0,0,0,0,0,0,0,0,0,0,1,1,7,5,7,5,6,5,6,6,5,6,4,5,5,4,6,3,4,1,2,0,4,-2,6,-4,6,-6,9,-5,11,-7,14,-7,16,-6,17,-5,19,-5,20,-2,21,1,21,0,21,-2,19,-1,17,-2,15,-4"
21.8527729511261,362,"CSI,3464,128,83,49,21,0,-14,3,-12,4,-7,7,-4,10,-2,11,1,12,-1,11,-5,8,-3,11,1,15,2,15,2,14,-2,14,-6,13,-5,10,-1,7,-1,5,-1,4,2,3,6,2,7,0,6,-2,6,-2,6,-1,6,1,1,0,0,0,0,0,0,0,0,0,0,0,0,0,0,0,0,0,0,0,-3,-1,-9,-3,-10,-6,-8,-6,-7,-7,-7,-7,-6,-6,-4,-6,-5,-6,-5,-3,-6,-2,-7,-3,-8,-1,-12,2,-15,3,-16,6,-18,8,-21,6,-21,3,-21,5,-21,5,-22,3,-23,3,-24,4,-24,4,-25,4,-24,3"
21.953836917877197,363,"CSI,3469,128,83,49,21,0,2,12,3,8,3,4,5,1,9,-1,11,-3,11,-4,9,-1,10,-1,14,-4,18,-5,20,-5,19,-3,15,-1,12,-1,8,-1,4,-1,0,-3,-1,-4,0,-5,-1,-6,-3,-7,-4,-8,-4,-7,-3,-7,-1,-2,0,0,0,0,0,0,0,0,0,0,0,0,0,0,0,0,0,0,-2,2,-7,7,-9,6,-10,7,-12,6,-11,5,-10,4,-9,4,-7,4,-5,4,-3,3,-1,4,1,6,3,8,5,12,7,15,7,15,5,15,3,15,3,17,3,21,5,22,7,22,7,21,4,20,3,19,2,18"
22.05880904197693,364,"CSI,3472,128,83,49,21,0,-11,2,-9,3,-8,4,-7,6,-3,10,-1,11,2,11,5,11,5,12,2,13,0,15,-1,17,-1,17,-2,15,-2,11,-3,9,-1,5,1,1,0,0,1,-1,4,-1,6,-2,6,-3,7,-2,9,-1,2,-1,0,0,0,0,0,0,0,0,0,0,0,0,0,0,0,0,0,0,-1,-2,-4,-8,-6,-11,-6,-13,-4,-12,-2,-11,-2,-11,-5,-10,-5,-10,-2,-9,-3,-7,-6,-5,-7,-4,-6,-2,-8,-1,-13,1,-16,2,-19,-2,-22,-3,-24,1,-25,1,-24,-1,-23,0,-22,0,-22,-3,-22,-2,-20,-3"
22.16073489189148,365,"CSI,3477,128,83,49,21,0,-2,15,0,12,5,7,9,4,11,0,12,-3,12,-1,14,4,17,2,18,-1,18,-1,19,-1,16,1,14,5,10,6,4,4,1,2,-1,1,-1,-1,1,-4,0,-4,-2,-4,-1,-6,0,-8,-1,-9,-1,-3,0,0,0,0,0,0,0,0,0,0,0,0,0,0,0,0,0,0,-3,2,-11,10,-13,6,-13,3,-12,3,-12,4,-12,3,-11,2,-9,2,-6,3,-5,4,-3,5,1,6,5,8,4,12,2,14,0,16,0,17,1,18,2,20,0,22,-2,22,-2,23,-3,23,-3,22,-1,22,2,21"
22.26321792602539,366,"CSI,3480,128,83,49,21,0,-15,1,-12,2,-9,2,-6,2,-2,5,1,7,2,12,-1,20,0,20,3,16,2,16,2,18,0,17,-3,14,-4,10,-3,9,-2,9,-2,4,0,-1,2,-2,2,-3,3,-4,5,-6,8,-5,10,-6,2,-2,0,0,0,0,0,0,0,0,0,0,0,0,0,0,0,0,0,0,1,-4,5,-14,6,-12,7,-11,7,-10,8,-9,6,-9,6,-7,6,-5,4,-3,1,-3,-3,-3,-5,-2,-7,-3,-11,-3,-13,-5,-16,-7,-19,-9,-20,-9,-21,-10,-23,-11,-23,-10,-21,-9,-20,-9,-21,-8,-21,-9,-21,-9"
22.363850831985474,367,"CSI,3485,128,83,49,21,0,12,-6,8,-6,6,-6,2,-8,0,-10,-1,-12,-1,-11,0,-12,-1,-17,-4,-21,-4,-21,-3,-19,1,-16,6,-13,5,-12,2,-9,0,-4,0,-1,-2,0,-5,2,-7,3,-6,3,-7,4,-9,5,-10,3,-3,0,0,0,0,0,0,0,0,0,0,0,0,0,0,0,0,0,0,0,2,1,9,6,10,6,8,6,6,7,5,8,3,8,1,7,0,6,2,6,3,4,3,2,4,-2,6,-4,8,-5,13,-7,17,-8,17,-8,15,-8,17,-7,20,-5,21,-5,20,-5,20,-3,20,-4,19,-8,18,-9"
22.467930793762207,368,"CSI,3489,128,83,49,21,0,-14,3,-10,4,-7,4,-3,6,0,9,-1,13,-1,13,2,11,2,13,0,15,-2,14,-4,15,-3,15,-4,12,-5,10,-5,9,-3,6,-2,2,-2,-1,0,-1,4,-2,6,-4,6,-3,5,-1,5,1,1,0,0,0,0,0,0,0,0,0,0,0,0,0,0,0,0,0,0,0,-2,-3,-6,-9,-4,-9,-2,-9,-1,-11,-1,-11,0,-9,1,-9,0,-7,-1,-6,-2,-6,-4,-3,-7,0,-10,1,-13,0,-15,1,-18,1,-20,-1,-20,-2,-21,-1,-23,0,-24,-2,-22,-5,-21,-6,-22,-7,-20,-5,-16,0"
22.570494890213013,369,"CSI,3492,128,83,49,21,0,-13,-3,-8,0,-6,3,-5,3,-5,6,-3,10,-2,9,-4,5,-7,7,-9,14,-10,18,-9,18,-9,15,-9,10,-9,8,-9,6,-6,5,-1,2,1,0,4,1,6,0,7,-2,6,-1,6,1,8,2,2,0,0,0,0,0,0,0,0,0,0,0,0,0,0,0,0,0,0,0,-2,-2,-8,-6,-6,-9,-4,-11,-2,-12,-1,-12,-2,-12,-2,-9,-1,-6,-1,-5,-4,-1,-6,1,-9,1,-11,2,-11,3,-14,2,-19,0,-21,-1,-22,-3,-21,-7,-20,-7,-23,-6,-22,-5,-19,-7,-19,-9,-21,-8,-22,-5"
22.67153286933899,370,"CSI,3496,128,83,49,21,0,-12,4,-7,3,-3,6,-1,7,3,7,7,7,10,10,10,14,11,13,13,10,14,10,12,10,11,10,9,10,7,9,4,8,2,6,1,3,1,-2,1,-5,1,-5,0,-6,1,-7,3,-9,4,-9,1,-2,0,0,0,0,0,0,0,0,0,0,0,0,0,0,0,0,0,0,-2,-3,-4,-9,-3,-12,-1,-13,0,-12,0,-9,0,-8,1,-6,0,-5,0,-3,-1,-2,-3,0,-7,1,-11,1,-13,2,-14,3,-17,3,-20,5,-23,7,-25,8,-25,7,-25,6,-24,7,-21,9,-18,8,-15,7,-16,7"
22.774317979812622,371,"CSI,3500,128,83,49,21,0,-10,5,-7,6,-8,5,-6,6,0,8,4,8,7,10,12,14,13,14,11,12,10,11,9,10,7,10,5,12,5,12,3,7,1,2,-1,-2,0,-5,2,-7,3,-9,5,-9,5,-8,4,-8,5,-9,1,-2,0,0,0,0,0,0,0,0,0,0,0,0,0,0,0,0,0,0,-1,-3,0,-11,3,-11,5,-12,4,-12,4,-8,4,-6,3,-5,0,-6,-1,-5,-2,-4,-3,-3,-5,-1,-10,1,-17,1,-18,1,-19,0,-21,0,-23,-1,-23,-1,-21,-1,-21,-2,-23,-1,-23,2,-23,5,-22,3,-19,-1"
22.873316049575806,372,"CSI,1040,128,77,-47,20,0,-5,-13,-8,-8,-10,-4,-9,-3,-8,0,-10,2,-12,3,-13,5,-13,4,-15,1,-16,-1,-17,-5,-16,-7,-13,-6,-10,-6,-8,-3,-4,0,-3,1,-4,3,-4,5,-3,7,-1,8,0,9,-1,9,-2,8,-1,2,0,0,0,0,0,0,0,0,0,0,0,0,0,0,0,0,0,0,2,-2,8,-6,6,-7,7,-5,10,-2,11,-2,10,-1,9,-1,6,-4,6,-3,6,-1,2,-3,-2,-7,-4,-11,-3,-14,-3,-16,-4,-17,-4,-19,-1,-22,0,-23,0,-23,0,-23,-1,-24,-2,-23,-1,-23,0,-21,0,-21"
22.902881860733032,373,"CSI,3504,128,83,49,21,0,7,11,6,5,7,1,5,-1,3,-3,5,-6,8,-13,9,-19,8,-19,10,-16,12,-12,11,-9,11,-7,9,-6,7,-5,7,-2,5,-1,1,-1,-3,-1,-4,-2,-4,-4,-5,-5,-5,-5,-3,-6,-3,-6,-1,-2,0,0,0,0,0,0,0,0,0,0,0,0,0,0,0,0,0,0,-2,2,-6,6,-9,4,-11,4,-12,4,-13,3,-11,4,-8,4,-5,2,-2,1,-1,3,-1,6,0,7,3,6,6,8,7,12,9,14,10,17,11,20,9,19,7,19,7,20,9,22,13,21,15,18,12,15,9,16"
22.980745792388916,374,"CSI,3508,128,83,49,21,0,-2,13,-2,10,1,6,5,3,6,1,8,-2,7,-5,7,-8,11,-6,14,-4,13,-4,15,-4,16,-5,12,-5,8,-2,6,0,2,0,-1,-2,-1,-3,-2,-4,-4,-5,-5,-4,-6,-2,-7,-3,-8,-4,-2,-1,0,0,0,0,0,0,0,0,0,0,0,0,0,0,0,0,0,0,-1,-2,-4,-8,-6,-11,-8,-13,-6,-13,-4,-10,-4,-8,-5,-8,-5,-6,-5,-4,-4,-2,-4,2,-6,7,-8,9,-9,10,-9,12,-8,13,-9,13,-12,15,-13,18,-14,18,-14,20,-13,21,-11,21,-12,20,-12,16,-11,12"
23.08218288421631,375,"CSI,3513,128,83,49,21,0,-5,-12,-5,-8,-6,-4,-8,-1,-9,2,-10,4,-11,9,-13,15,-15,13,-17,9,-16,7,-17,6,-18,5,-15,3,-10,2,-6,4,-3,3,-1,2,1,4,2,5,3,5,5,6,4,6,2,5,2,4,0,1,0,0,0,0,0,0,0,0,0,0,0,0,0,0,0,0,0,0,2,-1,9,-4,11,-4,12,-3,12,-4,11,-3,9,-1,9,0,8,-3,6,-4,4,-3,2,-3,-1,-7,-4,-12,-5,-13,-3,-13,-2,-16,-3,-19,-3,-21,-2,-23,-4,-22,-4,-23,0,-25,2,-24,-2,-23,-6,-22,-3,-19"
23.18589997291565,376,"CSI,3517,128,83,49,21,0,-13,-4,-10,-2,-9,-2,-6,1,-3,4,-3,8,-5,11,-5,14,-7,13,-9,12,-12,12,-13,10,-13,7,-13,6,-11,5,-6,3,1,1,4,0,2,2,0,4,3,4,6,5,7,5,6,5,4,5,0,1,0,0,0,0,0,0,0,0,0,0,0,0,0,0,0,0,0,0,-1,-2,-3,-9,-1,-12,1,-13,2,-13,2,-12,3,-9,3,-8,3,-8,2,-8,-1,-6,-5,-5,-8,-6,-12,-7,-15,-6,-16,-5,-16,-6,-18,-9,-21,-12,-21,-11,-21,-11,-20,-12,-20,-13,-18,-11,-19,-10,-21,-10,-21,-7"
23.38845992088318,377,"CSI,3525,128,83,49,21,0,-6,7,-3,6,1,5,4,5,6,5,11,4,12,5,8,5,8,9,13,11,14,10,12,9,9,6,7,6,4,7,3,4,4,1,5,-2,5,-4,4,-5,4,-6,4,-6,3,-7,3,-7,4,-6,1,-2,0,0,0,0,0,0,0,0,0,0,0,0,0,0,0,0,0,0,-3,1,-11,5,-13,3,-16,0,-16,-2,-13,-3,-10,-2,-10,-1,-9,-2,-6,-1,-6,0,-7,3,-8,6,-6,9,-5,11,-6,12,-8,11,-10,12,-10,13,-11,16,-11,20,-12,22,-11,22,-10,20,-10,17,-11,15,-12,16"
23.491336822509766,378,"CSI,3528,128,83,49,21,0,-4,8,-2,7,2,6,7,6,9,6,10,3,14,5,16,11,17,9,17,4,15,4,15,7,14,7,10,7,6,6,5,4,3,2,2,-1,3,-3,3,-5,2,-6,0,-8,-3,-9,-4,-8,-2,-7,0,-2,0,0,0,0,0,0,0,0,0,0,0,0,0,0,0,0,0,0,-4,-1,-13,-5,-10,-8,-9,-11,-9,-12,-8,-9,-7,-7,-6,-7,-4,-5,-4,0,-6,0,-7,1,-9,3,-11,6,-9,10,-8,11,-9,13,-12,12,-13,12,-15,17,-15,20,-15,20,-17,17,-16,13,-14,12,-10,12,-9,9"
23.59550380706787,379,"CSI,3533,128,83,49,21,0,2,-11,-3,-9,-7,-5,-8,-3,-11,-5,-15,-6,-12,-7,-8,-9,-12,-13,-16,-12,-14,-10,-12,-10,-13,-10,-10,-8,-6,-6,-4,-4,-2,-2,-1,-1,-1,0,-2,2,-4,4,-5,5,-4,4,-4,6,-4,7,-1,1,0,0,0,0,0,0,0,0,0,0,0,0,0,0,0,0,0,0,2,-3,9,-8,10,-7,12,-4,13,-1,12,-1,10,-1,8,-1,4,-2,2,-3,2,-4,2,-6,2,-7,1,-10,0,-15,-2,-18,-1,-18,1,-20,1,-21,3,-23,5,-23,4,-23,3,-22,4,-19,6,-19,6,-20,5,-18"
23.797769784927368,380,"CSI,3540,128,83,49,21,0,9,7,9,2,9,-2,10,-7,12,-10,14,-9,14,-5,11,-2,12,-2,16,-5,14,-7,12,-9,11,-8,10,-7,8,-5,7,-4,6,-3,2,-4,0,-5,-2,-6,-4,-5,-5,-6,-5,-6,-6,-7,-4,-8,-1,-2,0,0,0,0,0,0,0,0,0,0,0,0,0,0,0,0,0,0,-1,1,-6,5,-10,5,-11,5,-11,4,-11,3,-10,3,-7,3,-4,2,-5,0,-4,0,-1,2,2,6,5,8,7,8,9,10,10,13,9,16,9,19,8,19,8,19,9,18,9,17,9,15,12,15,14,17,11,18"
23.902565717697144,381,"CSI,3545,128,83,49,21,0,9,-10,3,-12,-1,-12,-3,-12,-5,-15,-7,-17,-7,-14,-4,-12,-4,-14,-5,-15,-4,-15,0,-18,0,-18,1,-15,3,-13,1,-10,-1,-7,-2,-6,-2,-4,-2,-3,-4,-3,-8,-2,-9,-1,-8,-1,-6,0,-2,0,0,0,0,0,0,0,0,0,0,0,0,0,0,0,0,0,0,0,2,-1,10,-2,12,-1,13,1,10,3,6,2,5,1,6,1,6,1,4,-2,4,-3,4,-4,2,-5,0,-8,1,-10,4,-12,6,-15,8,-17,9,-16,13,-17,16,-17,18,-18,19,-18,20,-15,21,-12,19,-13,17,-15"
24.00637197494507,382,"CSI,3549,128,83,49,21,0,-12,-9,-12,-5,-11,0,-13,2,-14,1,-14,1,-13,2,-11,1,-13,1,-17,5,-16,5,-15,4,-17,3,-18,1,-15,-2,-11,-3,-6,0,-4,3,-2,4,1,4,0,7,-3,8,-3,6,-2,5,-3,7,-1,2,0,0,0,0,0,0,0,0,0,0,0,0,0,0,0,0,0,0,-2,-2,-6,-8,-5,-10,-5,-11,-5,-10,-4,-8,-3,-8,-3,-8,-3,-8,-2,-6,-4,-2,-8,-1,-11,-2,-13,-1,-14,-1,-15,-4,-18,-6,-19,-7,-18,-8,-19,-9,-19,-11,-21,-12,-22,-14,-20,-18,-20,-18,-21,-13,-19,-9"
24.10710382461548,383,"CSI,3552,128,83,49,21,0,-13,-2,-10,-2,-8,3,-5,9,-4,10,-3,14,-5,17,-10,15,-11,15,-9,18,-8,18,-7,17,-7,16,-9,15,-9,13,-7,9,-3,6,-2,2,1,0,4,1,5,2,5,2,5,3,6,3,8,3,2,0,0,0,0,0,0,0,0,0,0,0,0,0,0,0,0,0,0,0,-1,-3,-1,-11,0,-12,3,-12,4,-11,4,-10,1,-8,0,-7,0,-5,-1,-2,-4,-2,-5,-3,-6,-3,-11,-6,-15,-8,-17,-5,-19,-3,-20,-3,-20,-5,-21,-7,-22,-8,-23,-9,-22,-10,-24,-6,-27,-5,-26,-5,-22,-3"
24.31141495704651,384,"CSI,3561,128,83,49,21,0,-15,2,-12,3,-10,6,-9,9,-5,12,-2,14,1,16,1,19,-3,19,-4,16,-7,14,-9,13,-7,13,-6,10,-7,7,-5,5,-4,4,-2,3,0,3,1,3,3,3,4,3,4,4,4,5,4,3,1,0,0,0,0,0,0,0,0,0,0,0,0,0,0,0,0,0,0,0,-3,-2,-10,-7,-8,-8,-6,-10,-5,-11,-4,-11,-5,-10,-5,-8,-6,-6,-8,-6,-8,-5,-7,-4,-8,-1,-11,-1,-14,-2,-16,0,-19,1,-22,1,-23,0,-23,-1,-25,-2,-27,-2,-25,-1,-23,1,-23,0,-23,-2,-23,-5"
24.41545081138611,385,"CSI,3565,128,83,49,21,0,5,-13,1,-13,-3,-11,-7,-10,-12,-8,-13,-8,-11,-13,-10,-19,-12,-18,-12,-15,-10,-15,-8,-16,-7,-16,-6,-15,-3,-12,-2,-7,-3,-4,-5,-3,-6,-2,-8,-1,-7,0,-5,1,-6,2,-7,3,-6,5,-2,1,0,0,0,0,0,0,0,0,0,0,0,0,0,0,0,0,0,0,1,-1,9,-3,13,-3,16,-3,15,-1,12,1,11,0,9,-2,5,-2,2,-2,4,-4,4,-7,1,-9,1,-11,4,-16,4,-17,5,-17,8,-18,10,-20,12,-23,14,-22,11,-19,11,-18,14,-18,15,-19,14,-18,12,-16"
24.51512598991394,386,"CSI,3569,128,83,49,21,0,-14,6,-11,7,-7,11,-5,14,-5,14,-5,12,-7,12,-9,13,-6,17,-3,17,-5,16,-8,15,-7,14,-6,13,-7,10,-7,7,-6,4,-2,3,0,2,0,1,1,3,3,4,6,3,6,4,5,4,1,1,0,0,0,0,0,0,0,0,0,0,0,0,0,0,0,0,0,0,-3,0,-11,2,-13,-2,-14,-3,-11,-4,-9,-5,-8,-5,-5,-5,-5,-3,-7,1,-7,2,-7,2,-8,3,-9,5,-12,7,-16,9,-18,10,-18,9,-19,8,-22,7,-24,8,-25,8,-25,4,-24,3,-23,4,-22,5,-22,6"
24.61985206604004,387,"CSI,3572,128,83,49,21,0,2,-13,1,-10,-5,-9,-11,-7,-14,-5,-14,-6,-14,-3,-14,2,-15,-2,-17,-7,-15,-9,-12,-11,-10,-12,-9,-10,-6,-8,-5,-7,-5,-5,-5,-2,-7,1,-8,1,-8,2,-7,5,-6,4,-7,5,-8,7,-2,2,0,0,0,0,0,0,0,0,0,0,0,0,0,0,0,0,0,0,1,-3,6,-10,7,-10,10,-10,12,-10,12,-7,10,-5,7,-5,5,-6,4,-7,3,-7,1,-7,-2,-8,-3,-9,-2,-12,-1,-17,-1,-21,0,-22,0,-22,1,-22,4,-23,5,-24,5,-24,6,-22,5,-23,2,-23,-1,-21"
24.71718978881836,388,"CSI,3577,128,83,49,21,0,6,12,8,13,8,10,10,6,12,4,14,1,16,3,19,8,20,5,17,2,15,5,14,6,12,7,9,5,6,3,4,2,2,1,3,-2,3,-5,1,-3,-1,-3,0,-5,3,-6,4,-8,2,-9,0,-3,0,0,0,0,0,0,0,0,0,0,0,0,0,0,0,0,0,0,-2,2,-7,8,-8,7,-10,8,-10,9,-8,6,-6,3,-5,2,-4,3,-3,2,-1,3,1,7,2,9,3,11,4,15,4,15,6,17,5,20,3,21,4,21,2,21,0,22,0,21,-1,20,-2,19,0,21,1,24"
24.821368932724,389,"CSI,3581,128,83,49,21,0,13,3,12,1,11,-1,10,-5,10,-9,11,-9,12,-10,15,-16,13,-18,10,-15,11,-12,13,-11,13,-12,13,-10,10,-7,6,-5,3,-4,1,-5,0,-5,-2,-6,-4,-6,-4,-7,-3,-8,-2,-8,0,-9,0,-3,0,0,0,0,0,0,0,0,0,0,0,0,0,0,0,0,0,0,2,2,9,9,8,9,5,9,3,10,1,10,0,8,0,7,1,5,3,3,7,2,10,1,10,1,11,2,12,0,16,-2,18,-2,18,1,20,3,23,6,24,8,23,8,21,7,19,5,18,3,17,3,18,4"
25.028730869293213,390,"CSI,3589,128,83,49,21,0,2,-16,-1,-14,-5,-11,-8,-8,-11,-7,-14,-9,-15,-8,-16,-4,-16,-7,-13,-12,-9,-15,-9,-16,-8,-16,-6,-15,-7,-13,-8,-11,-5,-7,-3,-4,-4,-2,-5,1,-7,3,-8,4,-7,4,-6,3,-6,3,-2,0,0,0,0,0,0,0,0,0,0,0,0,0,0,0,0,0,0,0,2,-1,9,-4,11,-4,12,-3,13,1,11,3,7,2,5,0,5,0,6,0,4,-3,0,-5,0,-6,0,-8,0,-11,3,-15,5,-19,6,-22,8,-23,7,-23,7,-23,11,-22,11,-23,9,-21,11,-18,12,-19,9,-22"
25.130107879638672,391,"CSI,3592,128,83,49,21,0,-10,5,-7,9,-1,11,2,10,4,12,4,13,7,14,11,15,10,16,7,16,6,15,5,12,4,12,2,11,1,8,1,6,3,3,3,-1,2,-2,2,-4,4,-5,5,-4,4,-2,5,-2,6,-4,1,-2,0,0,0,0,0,0,0,0,0,0,0,0,0,0,0,0,0,0,-3,-2,-10,-8,-8,-10,-6,-11,-4,-13,-3,-14,-2,-13,-1,-10,-3,-7,-6,-5,-9,-3,-10,-2,-10,-2,-10,0,-12,2,-14,3,-15,3,-15,4,-18,6,-22,7,-23,5,-23,3,-22,2,-22,3,-23,4,-22,2,-20,1"
25.23482394218445,392,"CSI,3597,128,83,49,21,0,-15,-5,-13,-1,-11,2,-9,3,-8,4,-10,9,-13,10,-16,8,-18,10,-18,10,-18,7,-16,7,-14,7,-11,4,-9,2,-7,0,-7,0,-5,3,-2,4,1,4,2,6,3,6,4,5,5,6,4,9,0,2,0,0,0,0,0,0,0,0,0,0,0,0,0,0,0,0,0,0,-3,-3,-8,-12,-4,-14,-1,-16,1,-14,0,-13,-2,-10,-1,-7,-1,-6,-4,-5,-5,-4,-5,-5,-7,-4,-10,-3,-11,-5,-11,-7,-15,-8,-20,-11,-20,-13,-20,-14,-20,-15,-20,-15,-19,-17,-18,-16,-18,-15,-19,-13,-18,-12"
25.336716890335083,393,"CSI,3600,128,83,49,21,0,-10,-4,-11,-2,-9,0,-6,3,-7,8,-9,11,-11,16,-14,19,-13,18,-11,15,-11,13,-11,12,-9,13,-8,12,-9,8,-9,6,-7,4,-4,2,0,1,3,2,4,3,4,2,6,0,7,1,7,4,1,1,0,0,0,0,0,0,0,0,0,0,0,0,0,0,0,0,0,0,0,-4,2,-14,3,-14,5,-14,7,-13,8,-13,9,-12,7,-10,3,-9,0,-8,-3,-6,-4,-7,-7,-6,-9,-7,-11,-9,-13,-10,-15,-12,-15,-13,-17,-13,-21,-15,-23,-17,-21,-18,-18,-17,-19,-15,-21,-14,-21,-15,-18,-12"
25.436545848846436,394,"CSI,3604,128,83,49,21,0,14,7,11,1,11,-4,12,-5,11,-6,11,-9,15,-7,18,-3,17,-5,17,-9,15,-10,14,-9,14,-8,12,-7,9,-7,9,-7,7,-4,3,-3,0,-5,-3,-6,-2,-6,-2,-6,-4,-5,-5,-6,-6,-6,-2,-2,0,0,0,0,0,0,0,0,0,0,0,0,0,0,0,0,0,0,0,3,1,14,-1,14,-2,14,-5,12,-7,10,-8,9,-9,6,-7,5,-2,5,2,2,4,0,8,0,12,1,12,3,12,7,15,9,19,11,20,13,18,15,17,17,17,19,18,17,18,14,19,14,17,12,14,8"
25.542414903640747,395,"CSI,3609,128,83,49,21,0,-5,-15,-8,-13,-11,-11,-14,-10,-13,-9,-12,-7,-12,-8,-12,-10,-13,-11,-16,-10,-16,-9,-15,-8,-14,-8,-12,-8,-9,-8,-8,-8,-7,-6,-5,-3,-4,0,-7,0,-8,0,-7,1,-6,3,-5,3,-5,2,-2,0,0,0,0,0,0,0,0,0,0,0,0,0,0,0,0,0,0,0,1,-3,4,-10,5,-12,6,-12,9,-11,10,-9,10,-7,9,-6,8,-6,7,-5,3,-6,0,-9,-1,-10,-3,-11,-6,-13,-8,-17,-9,-19,-7,-21,-2,-23,-2,-24,-3,-24,-2,-23,-1,-21,0,-22,1,-24,0,-24,-1,-22"
25.639813899993896,396,"CSI,3612,128,83,49,21,0,4,14,4,9,9,7,13,9,12,9,13,6,10,4,7,4,10,6,13,7,13,8,12,7,12,5,11,6,11,7,10,3,6,-2,4,-2,4,-3,4,-4,4,-2,3,-4,0,-6,-1,-6,0,-7,0,-2,0,0,0,0,0,0,0,0,0,0,0,0,0,0,0,0,0,0,-3,2,-9,9,-10,8,-12,5,-14,3,-14,3,-12,2,-9,0,-6,2,-3,4,-3,5,-1,8,1,11,3,15,2,18,2,19,2,21,2,21,2,22,1,24,-1,24,-3,25,-3,24,-3,23,-3,24,-2,22,-1,21"
25.741358995437622,397,"CSI,3617,128,83,49,21,0,10,12,10,11,11,9,12,8,12,7,13,6,13,7,9,7,9,7,14,6,16,6,16,7,15,6,14,5,11,4,10,2,8,-1,4,-2,2,-3,5,-3,5,-3,4,-4,4,-5,3,-5,2,-6,0,-2,0,0,0,0,0,0,0,0,0,0,0,0,0,0,0,0,0,0,0,2,-1,9,-5,11,-8,13,-10,12,-9,9,-8,8,-6,6,-4,4,-1,3,0,3,3,5,7,11,7,13,5,14,5,17,7,18,8,18,9,22,8,27,5,27,5,26,3,25,1,25,4,23,6,22,5,23"
25.85116696357727,398,"CSI,3621,128,83,49,21,0,-9,-15,-13,-13,-14,-11,-15,-10,-15,-11,-16,-9,-13,-5,-10,-3,-12,-5,-17,-8,-18,-10,-15,-9,-14,-9,-13,-8,-11,-7,-8,-6,-6,-5,-4,-2,-6,-1,-7,-1,-6,0,-7,1,-7,2,-6,4,-5,5,-2,1,0,0,0,0,0,0,0,0,0,0,0,0,0,0,0,0,0,0,-1,-3,-3,-12,-1,-14,1,-14,4,-12,7,-11,6,-11,5,-9,3,-8,1,-7,-1,-5,-4,-7,-7,-10,-9,-10,-11,-9,-12,-14,-12,-20,-12,-21,-11,-23,-9,-26,-6,-27,-7,-27,-10,-27,-7,-26,-3,-23,-5,-19,-7,-17"
25.890622854232788,399,"CSI,1041,128,77,-47,20,0,-2,17,4,16,7,14,6,12,8,13,11,13,13,12,16,15,18,16,16,14,13,11,12,9,11,10,7,12,4,12,4,10,4,7,5,5,5,3,6,2,6,1,5,-1,6,-1,8,0,6,1,1,0,0,0,0,0,0,0,0,0,0,0,0,0,0,0,0,0,0,0,0,1,1,8,-2,10,-7,10,-10,9,-10,8,-8,8,-7,7,-7,6,-4,7,-3,8,-2,10,2,13,6,14,6,15,4,17,3,20,3,21,3,23,1,25,-1,24,-2,24,-4,26,-5,25,-2,25,0,25,0,25"
25.935322761535645,400,"CSI,1042,128,77,-47,20,0,-14,2,-14,5,-13,9,-10,10,-9,12,-10,15,-11,17,-11,18,-10,17,-10,14,-10,11,-10,10,-10,10,-11,8,-11,7,-10,7,-7,7,-4,6,-3,6,0,5,2,4,3,4,3,4,1,5,2,7,0,2,0,0,0,0,0,0,0,0,0,0,0,0,0,0,0,0,0,0,-4,-2,-13,-6,-11,-7,-11,-10,-11,-10,-10,-9,-9,-9,-9,-8,-7,-6,-5,-5,-5,-4,-5,-3,-7,1,-11,6,-15,5,-18,3,-20,3,-24,3,-25,3,-24,3,-25,2,-28,-1,-29,-2,-26,-3,-24,-1,-23,1,-20,-1"
25.96819496154785,401,"CSI,3624,128,83,49,21,0,12,-12,8,-13,4,-14,1,-14,0,-16,1,-17,2,-19,4,-23,3,-22,-1,-20,-1,-20,-1,-21,-1,-19,2,-15,4,-13,5,-11,3,-7,0,-3,-2,-2,-2,-4,-3,-5,-4,-4,-4,-4,-4,-4,-6,-5,-2,-2,0,0,0,0,0,0,0,0,0,0,0,0,0,0,0,0,0,0,2,-1,10,-2,13,0,15,0,14,0,12,1,11,1,8,1,4,1,3,2,6,1,6,-3,3,-6,4,-9,8,-12,11,-13,11,-14,12,-15,16,-16,20,-17,19,-17,18,-17,19,-17,20,-16,21,-16,20,-16,17,-14"
26.05152678489685,402,"CSI,3628,128,83,49,21,0,15,-6,13,-10,11,-10,11,-10,10,-11,7,-12,4,-14,1,-18,1,-18,6,-14,10,-13,12,-12,12,-10,11,-9,9,-8,6,-7,5,-5,3,-5,2,-6,2,-6,0,-7,-1,-7,-4,-7,-6,-8,-4,-9,-1,-3,0,0,0,0,0,0,0,0,0,0,0,0,0,0,0,0,0,0,3,-1,12,-1,12,0,12,2,11,3,9,2,9,2,8,3,5,5,5,5,6,2,7,-3,8,-5,9,-5,11,-7,16,-9,20,-11,20,-12,20,-10,21,-8,23,-7,26,-6,26,-6,22,-6,21,-5,22,-2,22,0"
26.25986886024475,403,"CSI,3636,128,83,49,21,0,-15,-5,-13,-3,-14,-1,-15,2,-16,3,-16,5,-14,7,-12,9,-14,7,-16,4,-18,2,-18,1,-17,2,-15,3,-12,1,-10,0,-8,1,-5,1,-4,3,-5,7,-5,7,-4,4,-4,3,-3,5,-1,5,0,1,0,0,0,0,0,0,0,0,0,0,0,0,0,0,0,0,0,0,-3,-2,-10,-8,-10,-9,-6,-12,-3,-14,-2,-14,-2,-11,-1,-8,-3,-6,-6,-5,-6,-5,-8,-4,-12,-3,-12,-4,-13,-6,-18,-7,-21,-9,-22,-11,-20,-12,-20,-11,-22,-12,-22,-12,-22,-14,-20,-17,-19,-15,-18,-13,-16,-10"
26.318302869796753,404,"CSI,1043,128,77,-47,20,0,-16,7,-15,9,-13,12,-10,12,-7,10,-7,11,-4,13,-1,12,-3,13,-7,15,-8,16,-6,16,-5,14,-7,12,-8,9,-6,7,-3,5,-2,5,0,5,1,5,2,5,2,4,5,3,6,3,4,3,0,0,0,0,0,0,0,0,0,0,0,0,0,0,0,0,0,0,0,0,-3,-2,-10,-5,-9,-5,-10,-8,-11,-10,-9,-10,-7,-8,-5,-7,-5,-6,-7,-3,-7,0,-8,2,-10,3,-13,3,-16,3,-19,4,-20,3,-22,3,-27,2,-28,0,-26,0,-26,1,-28,0,-29,0,-28,-1,-27,-3,-27,-3"
26.351579904556274,405,"CSI,1044,128,77,-47,20,0,-15,2,-14,9,-13,13,-12,13,-9,11,-8,12,-7,12,-4,10,-6,12,-9,15,-11,17,-12,16,-13,15,-16,12,-14,10,-10,7,-8,4,-6,4,-2,4,-1,5,1,6,2,5,3,5,4,5,5,3,1,0,0,0,0,0,0,0,0,0,0,0,0,0,0,0,0,0,0,0,-4,0,-15,1,-14,-2,-13,-4,-11,-5,-11,-6,-9,-7,-7,-6,-7,-5,-6,-5,-7,-2,-10,1,-11,3,-10,6,-11,7,-16,9,-20,12,-21,11,-22,6,-25,1,-24,1,-24,4,-27,4,-28,3,-28,2,-25,3,-21,6"
26.38556480407715,406,"CSI,3640,128,83,49,21,0,-13,-11,-12,-8,-14,-7,-16,-5,-17,-2,-16,0,-15,-2,-15,-7,-17,-4,-19,-2,-19,-4,-18,-4,-17,-5,-14,-6,-11,-4,-9,-1,-7,-1,-6,-2,-6,-1,-4,2,-2,3,-2,4,-4,6,-4,6,-4,8,-2,2,0,0,0,0,0,0,0,0,0,0,0,0,0,0,0,0,0,0,-1,-2,-3,-9,-1,-11,-1,-13,-1,-13,1,-13,1,-11,-1,-8,1,-6,2,-6,1,-6,-2,-5,-5,-6,-9,-9,-13,-11,-16,-11,-17,-16,-16,-20,-15,-20,-15,-21,-15,-20,-14,-21,-12,-23,-13,-22,-13,-19,-13,-18,-14,-18"
26.562662839889526,407,"CSI,3648,128,83,49,21,0,-7,16,-5,15,-2,13,-1,13,1,15,4,13,6,14,6,19,8,19,10,17,8,17,5,16,3,14,0,14,-3,12,-2,9,2,6,3,5,2,4,3,3,4,3,5,2,5,0,4,-1,5,-1,1,-1,0,0,0,0,0,0,0,0,0,0,0,0,0,0,0,0,0,0,-2,2,-9,9,-11,8,-13,5,-13,3,-11,1,-8,1,-8,0,-9,0,-10,3,-7,5,-5,5,-4,6,-3,9,-3,12,-6,13,-8,16,-9,18,-10,20,-11,19,-10,19,-10,18,-11,19,-12,19,-16,19,-18,19,-17,20"
26.666132926940918,408,"CSI,3652,128,83,49,21,0,-11,12,-8,12,-4,11,-2,12,-3,15,-2,18,1,18,6,14,6,12,2,14,-1,15,-5,16,-7,16,-4,15,-3,13,-5,11,-5,8,-4,6,-1,4,2,2,2,2,2,2,2,3,4,5,5,5,1,0,0,0,0,0,0,0,0,0,0,0,0,0,0,0,0,0,0,0,-2,2,-8,9,-9,7,-12,7,-13,6,-13,1,-12,-1,-10,2,-9,4,-8,5,-6,5,-4,6,-4,11,-5,14,-5,13,-8,15,-12,18,-13,16,-13,16,-15,17,-17,17,-17,18,-15,18,-15,17,-19,17,-20,18,-18,16"
26.771574020385742,409,"CSI,3657,128,83,49,21,0,-6,-14,-8,-13,-7,-7,-9,-3,-14,-5,-16,-8,-15,-10,-14,-13,-18,-12,-22,-10,-21,-8,-17,-8,-15,-10,-14,-13,-11,-13,-9,-9,-7,-6,-8,-4,-7,-1,-5,0,-4,0,-4,0,-5,1,-6,2,-7,3,-2,0,0,0,0,0,0,0,0,0,0,0,0,0,0,0,0,0,0,0,0,-2,0,-9,0,-12,1,-13,2,-12,3,-10,3,-8,3,-8,2,-8,0,-9,0,-10,1,-9,-1,-9,-5,-10,-6,-12,-6,-14,-9,-17,-11,-19,-11,-18,-8,-19,-7,-21,-9,-22,-9,-22,-8,-21,-6,-21,-6,-23,-6,-24"
26.871567010879517,410,"CSI,3661,128,83,49,21,0,-15,11,-10,13,-7,13,-6,11,-6,10,-6,13,-8,14,-13,12,-11,16,-6,20,-5,18,-7,15,-9,13,-8,12,-9,9,-10,5,-9,0,-6,1,-3,4,-1,5,-1,6,-1,7,0,7,0,5,1,4,0,1,0,0,0,0,0,0,0,0,0,0,0,0,0,0,0,0,0,0,-2,2,-7,10,-8,10,-9,9,-12,6,-12,4,-10,3,-9,3,-8,2,-6,3,-5,6,-7,8,-7,7,-7,10,-8,14,-8,16,-9,15,-11,15,-12,16,-13,18,-16,18,-18,15,-19,14,-20,12,-20,12,-20,13,-18,12"
26.97504186630249,411,"CSI,3665,128,83,49,21,0,4,-17,1,-16,1,-15,1,-14,0,-14,-3,-16,-4,-15,-1,-12,1,-16,-1,-20,-1,-21,0,-19,0,-16,0,-13,0,-12,2,-11,2,-10,0,-9,-3,-6,-4,-4,-4,-3,-4,-4,-4,-5,-2,-5,-1,-3,-1,-1,0,0,0,0,0,0,0,0,0,0,0,0,0,0,0,0,0,0,1,-3,7,-10,9,-9,11,-9,11,-8,10,-6,10,-6,8,-5,5,-5,3,-7,4,-8,6,-7,6,-8,2,-10,1,-13,1,-17,3,-21,5,-21,5,-20,7,-20,10,-21,12,-21,14,-19,11,-18,10,-20,12,-21,10,-18"
27.07547092437744,412,"CSI,3668,128,83,49,21,0,-14,9,-11,10,-9,12,-6,15,-4,16,-3,15,-1,16,4,18,5,17,1,15,-3,16,-5,16,-5,13,-5,11,-6,9,-6,6,-5,5,-4,5,-1,4,1,5,2,6,3,3,3,2,3,5,3,7,1,1,0,0,0,0,0,0,0,0,0,0,0,0,0,0,0,0,0,0,-2,2,-8,8,-9,8,-10,7,-14,5,-14,3,-12,3,-9,2,-7,1,-8,1,-8,4,-7,9,-5,10,-5,10,-6,13,-7,14,-12,16,-15,17,-15,16,-18,17,-19,19,-17,17,-17,15,-20,15,-22,14,-20,11,-17,10"
27.1799898147583,413,"CSI,3673,128,83,49,21,0,8,-15,5,-14,3,-16,2,-18,1,-18,-3,-16,-11,-16,-14,-20,-11,-20,-8,-17,-7,-15,-6,-15,-7,-16,-7,-13,-6,-10,-4,-10,-3,-9,-4,-8,-5,-7,-4,-6,-4,-3,-5,-2,-5,-1,-7,1,-9,3,-3,1,0,0,0,0,0,0,0,0,0,0,0,0,0,0,0,0,0,0,3,0,12,2,13,0,15,1,16,5,12,7,8,6,7,4,8,0,8,-1,7,-3,5,-6,5,-10,7,-14,11,-16,14,-15,16,-17,17,-18,19,-17,21,-15,22,-15,23,-14,23,-14,23,-16,21,-17,18,-17,15,-15"
27.38747477531433,414,"CSI,3681,128,83,49,21,0,0,-21,-1,-18,1,-15,-1,-13,-4,-16,-8,-15,-13,-12,-15,-15,-15,-17,-13,-13,-11,-9,-11,-9,-12,-12,-11,-14,-8,-13,-4,-10,-3,-9,-3,-8,-4,-6,-2,-2,-2,0,-4,0,-7,1,-6,1,-5,1,-1,0,0,0,0,0,0,0,0,0,0,0,0,0,0,0,0,0,0,0,1,-3,5,-10,8,-11,9,-10,8,-8,9,-6,11,-5,9,-4,6,-2,4,-3,2,-9,-1,-13,-3,-15,-2,-15,-3,-16,-2,-19,0,-23,1,-23,4,-20,6,-21,5,-22,6,-21,6,-19,5,-20,6,-22,8,-23,7,-22"
27.48473072052002,415,"CSI,3684,128,83,49,21,0,16,-5,13,-7,11,-10,11,-12,10,-16,8,-18,10,-20,12,-22,10,-18,6,-15,5,-15,7,-16,9,-16,9,-17,8,-14,8,-10,6,-8,1,-6,-1,-5,-2,-6,-1,-7,-1,-7,-2,-6,-2,-8,-5,-10,-2,-3,0,0,0,0,0,0,0,0,0,0,0,0,0,0,0,0,0,0,2,1,10,6,11,7,10,9,6,10,3,10,2,11,0,11,1,8,5,5,7,1,7,-1,8,-3,11,-4,15,-4,18,-5,19,-3,19,-1,20,1,21,1,23,0,24,1,22,1,21,3,23,3,23,1,21,3"
27.588783740997314,416,"CSI,3688,128,83,49,21,0,-13,1,-11,2,-9,3,-6,7,-6,10,-7,12,-8,12,-11,12,-11,15,-10,18,-9,17,-7,17,-8,17,-10,14,-9,9,-6,7,-5,7,-4,6,-1,4,2,5,4,6,5,6,4,5,3,3,2,3,0,0,0,0,0,0,0,0,0,0,0,0,0,0,0,0,0,0,0,0,-3,-2,-10,-6,-9,-9,-9,-12,-6,-12,-3,-11,-1,-10,-2,-9,-3,-8,-2,-5,-2,-3,-3,-3,-6,0,-9,3,-12,2,-17,0,-21,0,-22,-2,-23,-4,-26,-4,-27,-6,-24,-5,-21,-5,-21,-7,-24,-6,-22,-3,-19,-2"
27.69069194793701,417,"CSI,3692,128,83,49,21,0,-6,9,-6,11,-4,11,0,10,2,12,5,13,5,16,6,20,8,19,10,15,11,13,10,14,8,14,6,14,4,14,2,13,1,6,3,0,5,-2,4,-1,4,-1,6,-2,6,-3,6,-3,7,-2,2,-1,0,0,0,0,0,0,0,0,0,0,0,0,0,0,0,0,0,0,-3,-2,-12,-5,-14,-6,-14,-9,-11,-10,-8,-10,-6,-10,-5,-8,-4,-6,-3,-3,-4,0,-3,-1,-4,3,-8,7,-9,7,-10,6,-12,9,-14,12,-16,13,-21,12,-25,14,-25,14,-22,12,-19,11,-19,12,-19,13,-16,12"
27.792027711868286,418,"CSI,3697,128,83,49,21,0,-12,12,-7,12,-4,12,-1,14,2,16,1,15,3,14,9,16,7,16,5,15,5,13,0,13,-4,15,-3,15,-2,13,-2,10,-2,6,0,5,2,4,4,5,7,5,7,3,7,3,7,2,7,2,1,0,0,0,0,0,0,0,0,0,0,0,0,0,0,0,0,0,0,0,-3,0,-10,2,-11,1,-13,0,-12,-1,-11,-3,-9,-2,-7,-2,-5,-1,-3,1,-3,2,-5,3,-8,5,-7,9,-5,11,-8,11,-12,12,-15,14,-16,15,-18,17,-20,17,-21,14,-20,11,-20,10,-20,10,-15,9,-12,8"
27.89246892929077,419,"CSI,3700,128,83,49,21,0,8,9,13,8,13,5,11,0,14,-2,15,-2,18,-5,21,-9,18,-7,17,-2,16,-2,14,-2,15,-1,15,1,13,0,10,1,7,1,4,-2,3,-4,3,-3,4,-2,4,-3,2,-6,0,-8,1,-9,0,-3,0,0,0,0,0,0,0,0,0,0,0,0,0,0,0,0,0,0,0,2,0,11,-4,11,-7,10,-8,10,-7,9,-6,8,-5,6,-5,5,-3,5,0,5,3,7,4,8,6,9,8,10,10,11,11,13,11,16,10,17,10,18,9,20,8,22,8,24,7,23,6,20,6,20,7,22"
27.998647928237915,420,"CSI,3704,128,83,49,21,0,7,-9,4,-10,-1,-13,-1,-15,0,-16,-2,-18,-5,-19,-7,-16,-5,-15,-1,-16,1,-15,1,-15,-1,-16,2,-16,4,-15,2,-12,0,-7,-1,-5,-1,-6,-1,-6,-3,-5,-5,-4,-6,-4,-7,-4,-7,-3,-2,-1,0,0,0,0,0,0,0,0,0,0,0,0,0,0,0,0,0,0,2,-2,11,-3,13,0,13,1,11,2,10,3,7,3,6,5,7,6,8,3,5,0,3,-2,4,-5,6,-8,8,-11,9,-13,11,-14,13,-15,17,-14,19,-13,18,-12,19,-12,20,-12,19,-12,19,-14,18,-15,16,-14"
28.102463960647583,421,"CSI,3708,128,83,49,21,0,-14,-9,-15,-5,-14,-3,-13,-1,-13,3,-14,5,-14,9,-12,14,-14,11,-17,6,-16,4,-16,4,-17,6,-15,5,-11,1,-10,0,-10,2,-6,4,-4,6,-4,7,-3,5,-2,5,-1,8,0,8,0,6,0,1,0,0,0,0,0,0,0,0,0,0,0,0,0,0,0,0,0,0,-1,-3,-2,-10,1,-11,4,-13,6,-12,7,-12,7,-11,8,-10,8,-7,5,-5,2,-5,-1,-4,-5,-6,-8,-7,-10,-8,-12,-12,-15,-14,-13,-15,-13,-15,-16,-16,-18,-18,-18,-21,-17,-23,-17,-22,-17,-22,-16,-23,-16,-23"
28.203751802444458,422,"CSI,3713,128,83,49,21,0,-15,-2,-10,0,-10,2,-10,7,-9,12,-11,12,-11,13,-8,14,-11,13,-16,13,-16,12,-14,8,-13,6,-13,5,-12,4,-9,6,-6,6,-4,6,-4,7,-3,7,-1,6,0,4,-1,5,-2,5,-1,4,0,1,0,0,0,0,0,0,0,0,0,0,0,0,0,0,0,0,0,0,-4,-1,-14,-3,-14,-6,-11,-9,-9,-11,-7,-11,-8,-10,-8,-8,-6,-7,-5,-7,-6,-5,-7,-2,-11,0,-15,3,-17,3,-18,3,-19,3,-18,3,-17,2,-22,0,-24,0,-24,-2,-24,-6,-24,-8,-24,-7,-22,-3,-20,-1"
28.303507804870605,423,"CSI,3716,128,83,49,21,0,-8,13,-3,14,2,12,5,11,6,13,6,14,6,11,7,7,9,11,10,17,9,17,6,18,4,17,4,15,5,14,6,11,4,7,2,3,2,2,4,4,6,5,6,4,6,4,6,1,7,-1,1,-1,0,0,0,0,0,0,0,0,0,0,0,0,0,0,0,0,0,0,-2,3,-8,12,-10,9,-11,6,-13,4,-15,3,-13,2,-9,0,-8,1,-9,2,-6,3,-4,4,-5,7,-5,10,-4,13,-4,14,-5,16,-8,20,-11,21,-11,22,-11,23,-10,22,-13,20,-16,18,-16,19,-14,19,-11,18"
28.40743589401245,424,"CSI,3720,128,83,49,21,0,-10,16,-7,15,-2,11,2,9,3,9,6,13,8,17,7,19,8,19,11,17,12,15,10,16,8,19,5,19,2,17,1,12,0,6,0,4,4,2,5,1,3,-1,4,-3,5,-5,5,-6,7,-4,1,-1,0,0,0,0,0,0,0,0,0,0,0,0,0,0,0,0,0,0,-3,0,-10,-1,-11,-1,-11,-2,-11,-3,-11,-5,-10,-7,-8,-7,-6,-6,-6,-4,-7,-2,-9,1,-9,6,-6,9,-8,11,-11,14,-12,16,-12,14,-12,12,-13,14,-15,18,-18,19,-17,19,-16,17,-16,17,-16,17,-17,15"
28.51154613494873,425,"CSI,3724,128,83,49,21,0,2,-14,-3,-11,-5,-11,-5,-11,-7,-12,-11,-13,-12,-10,-11,-8,-13,-12,-16,-14,-15,-13,-12,-14,-10,-14,-8,-13,-4,-13,-1,-12,-1,-10,-1,-7,-2,-5,-6,-3,-6,-1,-5,-2,-7,-2,-8,1,-8,3,-2,1,0,0,0,0,0,0,0,0,0,0,0,0,0,0,0,0,0,0,0,-1,5,-4,8,-6,11,-4,14,-2,13,0,12,3,10,3,7,3,6,2,7,-1,5,-4,4,-8,2,-8,1,-10,2,-15,4,-19,4,-19,4,-20,7,-20,10,-20,10,-20,9,-21,10,-20,11,-20,12,-21,13,-21"
28.60941791534424,426,"CSI,3729,128,83,49,21,0,13,4,13,2,11,2,13,1,14,-3,15,-5,19,-5,25,-9,24,-12,19,-10,18,-7,17,-5,17,-3,17,0,13,3,9,1,8,-1,6,-2,4,-3,2,-4,2,-4,2,-4,2,-6,1,-7,3,-7,1,-2,0,0,0,0,0,0,0,0,0,0,0,0,0,0,0,0,0,0,1,1,7,9,7,12,5,13,3,11,1,11,0,11,0,8,2,6,1,5,2,5,2,4,6,2,10,1,11,4,13,6,15,10,14,10,16,9,18,10,18,10,17,11,17,13,16,13,15,11,17,9,16,9"
28.802575826644897,427,"CSI,1045,128,77,-47,20,0,9,-15,5,-15,1,-14,-3,-14,-6,-15,-6,-15,-5,-14,-4,-13,-4,-16,-1,-18,2,-18,2,-18,1,-16,2,-14,2,-15,1,-13,1,-9,1,-6,-1,-5,-4,-6,-7,-6,-7,-4,-6,-3,-5,-4,-3,-5,-1,-1,0,0,0,0,0,0,0,0,0,0,0,0,0,0,0,0,0,0,1,-3,4,-10,4,-10,5,-12,8,-11,9,-10,6,-10,5,-9,6,-8,7,-9,4,-11,1,-12,1,-11,1,-11,-1,-12,1,-17,5,-22,6,-22,6,-22,8,-24,9,-23,10,-21,11,-19,12,-18,10,-17,7,-17,8,-20"
28.831239938735962,428,"CSI,3737,128,83,49,21,0,-8,12,-6,12,-3,12,-1,10,-1,11,0,12,0,14,1,19,6,21,9,20,7,21,4,20,4,19,3,18,0,14,-2,8,-1,6,1,7,2,5,4,4,6,5,5,3,5,2,5,2,6,2,1,0,0,0,0,0,0,0,0,0,0,0,0,0,0,0,0,0,0,0,-2,1,-9,5,-12,2,-14,0,-14,2,-13,1,-13,-2,-12,-3,-11,-1,-8,1,-8,5,-8,7,-7,9,-7,11,-8,12,-9,14,-10,16,-11,14,-13,14,-16,17,-18,17,-19,16,-20,15,-20,14,-17,15,-16,16,-17,16"
29.020195960998535,429,"CSI,3744,128,83,49,21,0,8,7,10,4,12,3,13,2,14,0,13,-3,13,-8,14,-12,14,-9,15,-6,16,-4,16,1,14,2,11,0,10,0,9,2,6,1,4,-2,3,-4,2,-5,1,-6,0,-7,-1,-7,-1,-7,-2,-7,-1,-2,0,0,0,0,0,0,0,0,0,0,0,0,0,0,0,0,0,0,-1,3,-2,12,-4,11,-6,12,-7,12,-8,10,-7,8,-5,8,-4,7,-3,5,1,5,4,8,6,10,7,11,9,13,9,16,10,17,12,17,13,16,14,19,13,22,11,22,10,21,10,20,11,20,11,20,11,20"
29.125848054885864,430,"CSI,3748,128,83,49,21,0,-4,-19,-5,-16,-6,-12,-8,-10,-10,-7,-11,-7,-14,-7,-20,-9,-22,-10,-18,-10,-16,-9,-14,-7,-12,-8,-11,-9,-10,-8,-7,-8,-5,-6,-4,-3,-4,-3,-5,-2,-6,0,-6,2,-7,4,-7,5,-6,3,-2,0,0,0,0,0,0,0,0,0,0,0,0,0,0,0,0,0,0,0,0,-2,2,-8,6,-10,9,-10,11,-9,11,-8,8,-6,7,-4,8,-2,6,-1,1,-4,-2,-9,-2,-10,-2,-12,-5,-18,-4,-20,-2,-21,-1,-21,1,-23,2,-26,3,-25,3,-22,2,-24,1,-25,2,-25,1,-25,-1,-25"
29.326490879058838,431,"CSI,3757,128,83,49,21,0,-2,13,1,12,4,11,6,10,8,10,9,9,13,10,21,12,21,11,17,8,15,10,12,13,8,13,5,11,3,10,2,10,1,7,0,4,1,1,3,0,3,0,2,-1,4,-3,5,-4,8,-4,2,-1,0,0,0,0,0,0,0,0,0,0,0,0,0,0,0,0,0,0,-1,3,-5,11,-7,10,-7,8,-9,6,-12,6,-9,6,-7,5,-8,4,-7,4,-5,3,-4,5,-2,10,2,13,2,14,0,17,0,20,0,23,-1,24,-2,26,-1,27,-1,27,-4,26,-6,27,-6,29,-4,26,0,22"
29.432547092437744,432,"CSI,3761,128,83,49,21,0,-2,-17,-3,-13,-4,-8,-6,-8,-9,-9,-12,-9,-16,-13,-19,-17,-19,-14,-18,-10,-18,-12,-17,-12,-16,-11,-11,-11,-8,-10,-7,-9,-5,-8,-4,-5,-4,-2,-4,0,-4,2,-4,3,-5,5,-4,8,-4,9,-1,2,0,0,0,0,0,0,0,0,0,0,0,0,0,0,0,0,0,0,1,-3,8,-9,11,-8,13,-7,13,-6,10,-5,7,-5,7,-4,6,-3,5,-4,2,-5,1,-8,0,-11,0,-12,1,-14,1,-17,2,-20,3,-21,4,-22,4,-24,5,-27,6,-25,6,-24,6,-25,6,-27,5,-26,5,-22"
29.541501760482788,433,"CSI,1046,128,77,-47,20,0,-17,0,-16,1,-13,3,-10,6,-10,9,-9,11,-6,14,-4,18,-6,18,-8,16,-11,15,-15,14,-16,14,-14,10,-13,6,-9,3,-5,2,-3,4,-2,6,-1,6,0,6,1,7,2,6,3,5,4,6,1,1,0,0,0,0,0,0,0,0,0,0,0,0,0,0,0,0,0,0,-3,-2,-10,-6,-10,-7,-11,-9,-11,-12,-8,-13,-4,-12,-3,-11,-4,-10,-6,-8,-6,-4,-8,-2,-10,1,-13,4,-16,3,-20,1,-23,0,-23,-2,-24,-4,-27,-4,-26,-4,-25,-6,-25,-7,-26,-5,-27,-3,-28,-1,-24,0"
29.637436866760254,434,"CSI,3769,128,83,49,21,0,14,-13,9,-12,3,-11,-2,-12,-4,-14,-6,-13,-7,-11,-5,-10,-4,-14,-3,-20,-2,-20,-3,-19,-1,-17,1,-15,1,-13,-1,-10,-2,-6,-2,-4,-4,-4,-7,-6,-8,-5,-7,-1,-7,0,-7,1,-7,0,-2,0,0,0,0,0,0,0,0,0,0,0,0,0,0,0,0,0,0,0,3,-1,13,-2,11,-1,11,1,13,2,12,3,10,5,9,4,7,2,4,0,5,-2,5,-3,4,-7,6,-10,9,-11,11,-13,14,-16,17,-18,18,-17,19,-15,21,-15,22,-17,22,-17,21,-16,20,-19,20,-19,21,-16"
29.739012718200684,435,"CSI,3772,128,83,49,21,0,15,-7,12,-9,9,-11,7,-15,7,-17,4,-16,5,-15,11,-18,12,-22,11,-21,9,-17,7,-15,7,-14,11,-12,10,-10,6,-7,4,-5,3,-5,2,-5,0,-6,-2,-7,-3,-7,-4,-5,-5,-4,-5,-4,-2,-1,0,0,0,0,0,0,0,0,0,0,0,0,0,0,0,0,0,0,1,-1,6,-3,10,-2,13,0,13,1,11,1,9,2,10,2,9,1,7,-1,6,1,8,2,9,-3,10,-9,12,-12,16,-12,17,-11,18,-12,20,-13,21,-13,21,-13,22,-13,22,-13,23,-10,27,-8,27,-9,26,-6"
29.842371940612793,436,"CSI,3777,128,83,49,21,0,-18,-3,-15,0,-13,2,-12,6,-11,9,-10,11,-12,11,-14,9,-14,11,-13,14,-12,13,-13,13,-14,11,-14,8,-13,6,-10,6,-6,5,-4,2,-2,2,0,5,1,5,2,3,3,4,4,6,3,4,0,0,0,0,0,0,0,0,0,0,0,0,0,0,0,0,0,0,0,0,-3,-1,-13,-4,-12,-5,-10,-5,-9,-7,-10,-11,-9,-9,-8,-5,-10,-5,-8,-7,-6,-4,-9,-2,-13,-1,-15,1,-14,2,-16,2,-20,1,-21,1,-21,2,-23,2,-27,1,-29,-2,-26,-5,-25,-5,-27,-3,-26,-1,-21,-2"
29.90791082382202,437,"CSI,1047,128,75,-79,20,0,13,15,13,11,12,7,11,6,12,5,15,4,17,2,15,-3,14,-2,16,1,15,2,14,5,16,8,13,8,8,6,5,4,4,2,4,1,3,0,1,-1,2,0,3,-1,5,-3,5,-6,4,-9,0,-3,0,0,0,0,0,0,0,0,0,0,0,0,0,0,0,0,0,0,1,2,4,8,5,11,4,12,0,12,0,12,-1,12,-2,10,-3,9,-2,9,1,6,4,4,8,7,11,11,11,12,11,11,13,10,14,11,16,15,18,17,17,19,16,20,14,21,12,20,12,19,13,19,12,20"
29.935807943344116,438,"CSI,1048,128,75,-79,20,0,4,16,6,15,8,13,10,11,12,10,15,9,14,5,12,2,14,5,16,9,16,11,14,14,12,14,10,12,10,12,8,7,6,5,5,4,5,0,4,-1,4,-1,4,-3,4,-5,5,-7,8,-6,2,-2,0,0,0,0,0,0,0,0,0,0,0,0,0,0,0,0,0,0,-1,3,-2,13,-4,13,-5,13,-6,13,-8,12,-9,9,-8,7,-6,8,-5,9,-5,7,-3,8,-1,9,2,9,5,11,6,14,6,17,3,21,4,23,7,23,8,25,8,25,5,25,3,27,3,27,2,25,1,24"
29.96735692024231,439,"CSI,3781,128,83,49,21,0,-19,4,-13,4,-9,4,-8,7,-8,14,-6,15,-6,16,-10,18,-6,18,-2,18,-4,19,-7,20,-10,17,-11,12,-10,11,-7,7,-3,4,0,3,1,3,1,3,2,2,3,3,4,4,5,2,6,0,1,0,0,0,0,0,0,0,0,0,0,0,0,0,0,0,0,0,0,0,-3,-2,-10,-7,-10,-7,-9,-9,-9,-11,-7,-11,-6,-9,-4,-8,-5,-8,-8,-6,-8,-3,-9,-1,-11,0,-12,3,-15,7,-15,7,-16,7,-19,6,-20,5,-24,6,-27,6,-28,3,-29,1,-28,3,-26,6,-26,7,-28,7"
30.042351722717285,440,"CSI,3785,128,83,49,21,0,3,18,6,13,6,10,6,8,8,5,11,3,12,4,14,7,16,5,16,2,15,1,14,4,14,6,16,6,15,5,9,6,4,6,1,3,0,-1,0,-3,2,-2,4,-3,3,-6,3,-8,3,-7,1,-2,0,0,0,0,0,0,0,0,0,0,0,0,0,0,0,0,0,0,-2,2,-7,11,-8,11,-9,9,-11,7,-11,6,-9,5,-8,4,-7,4,-5,3,-3,4,-1,6,-1,8,0,8,1,11,2,15,3,19,3,20,0,21,1,22,2,25,1,26,0,25,-1,25,-1,26,-1,24,-3,24"
30.145402908325195,441,"CSI,3788,128,83,49,21,0,17,6,16,5,13,1,8,-2,8,-1,11,-1,15,-7,18,-13,16,-15,14,-13,14,-10,14,-9,14,-7,14,-4,15,-1,13,1,8,1,2,-1,-1,-4,0,-5,0,-6,0,-7,0,-6,0,-6,-1,-8,0,-2,0,0,0,0,0,0,0,0,0,0,0,0,0,0,0,0,0,0,2,1,10,5,12,7,13,9,10,10,7,9,5,9,5,8,5,5,7,5,10,6,10,4,10,3,10,1,13,0,17,1,19,1,20,1,20,3,21,5,23,6,23,9,22,9,23,8,23,8,21,7,21,5"
30.248764753341675,442,"CSI,3793,128,83,49,21,0,-4,23,-1,19,1,13,2,10,3,8,5,6,7,3,7,0,10,2,13,5,14,7,14,10,13,11,12,9,10,8,8,8,5,7,4,3,3,-2,3,-3,4,-3,3,-4,3,-6,4,-7,4,-6,0,-2,0,0,0,0,0,0,0,0,0,0,0,0,0,0,0,0,0,0,-1,2,-5,8,-9,8,-12,7,-13,6,-13,6,-12,4,-13,4,-14,4,-10,6,-8,6,-6,7,-4,10,-4,13,-5,14,-5,16,-4,18,-5,17,-5,18,-3,20,-5,22,-8,24,-9,23,-7,23,-5,24,-5,24,-7,21"
30.415481090545654,443,"CSI,1049,128,77,-47,20,0,1,21,2,17,3,15,6,12,8,11,10,10,9,6,6,3,8,6,13,11,13,12,13,12,11,12,7,11,4,10,4,10,3,9,3,6,3,5,5,2,5,-2,4,-3,5,-3,8,-2,9,-1,2,0,0,0,0,0,0,0,0,0,0,0,0,0,0,0,0,0,0,0,1,2,6,11,3,12,1,13,1,13,-1,13,-1,11,-1,9,-1,8,-2,9,-1,9,3,8,4,9,5,12,7,15,8,18,7,20,7,19,6,19,5,21,5,23,5,25,3,27,2,28,2,28,2,27,2,28"
30.452183961868286,444,"CSI,3800,128,83,49,21,0,14,13,12,10,10,6,11,2,13,-3,12,-6,13,-6,17,-5,18,-8,18,-10,17,-9,16,-8,17,-7,16,-5,13,-2,10,-1,6,-3,3,-3,1,-2,2,-2,2,-3,1,-3,0,-5,0,-7,-1,-10,-1,-3,0,0,0,0,0,0,0,0,0,0,0,0,0,0,0,0,0,0,1,1,7,5,8,7,8,8,9,8,8,8,6,7,7,5,8,6,8,7,6,4,6,1,9,0,12,0,14,3,17,4,18,4,18,5,17,5,17,6,20,8,24,8,24,7,22,6,23,7,23,9,24,10"
30.55717182159424,445,"CSI,3804,128,83,49,21,0,-10,16,-9,16,-8,15,-6,14,-2,14,1,12,1,9,1,7,4,10,7,13,6,14,7,14,7,15,4,14,3,13,3,13,1,11,0,8,2,3,2,1,3,1,6,1,7,0,7,-2,6,-3,1,-1,0,0,0,0,0,0,0,0,0,0,0,0,0,0,0,0,0,0,-3,0,-12,2,-12,0,-13,0,-15,0,-14,-2,-12,-3,-9,-2,-9,-1,-9,1,-8,3,-9,5,-10,7,-8,8,-10,10,-15,15,-16,16,-14,16,-15,17,-17,17,-15,15,-15,17,-20,20,-22,19,-19,17,-17,15,-20,14"
30.659995794296265,446,"CSI,3809,128,83,49,21,0,-9,18,-5,12,0,8,2,9,4,10,5,9,3,10,1,11,5,13,10,15,11,13,12,12,12,13,10,13,7,14,5,12,5,8,4,3,3,-1,4,-1,3,-1,2,-2,2,-5,2,-5,4,-5,1,-2,0,0,0,0,0,0,0,0,0,0,0,0,0,0,0,0,0,0,-3,1,-11,4,-12,4,-13,1,-14,-2,-13,-4,-10,-5,-8,-2,-8,0,-6,-1,-5,1,-6,6,-7,10,-7,12,-9,15,-10,19,-9,20,-10,18,-13,15,-14,14,-12,16,-12,18,-13,17,-13,18,-13,20,-13,20,-11,19"
30.76273202896118,447,"CSI,3813,128,83,49,21,0,-15,11,-10,9,-7,9,-6,9,-4,12,-1,13,0,15,-1,20,2,21,5,19,5,17,4,18,1,18,-1,15,0,12,1,9,0,6,-1,2,-1,-1,1,-1,2,0,4,2,5,2,7,1,9,0,2,-1,0,0,0,0,0,0,0,0,0,0,0,0,0,0,0,0,0,0,-3,0,-11,2,-12,2,-14,1,-13,-2,-11,-3,-9,-4,-10,-4,-11,-2,-11,-1,-11,-1,-10,1,-7,6,-6,9,-9,11,-13,13,-15,15,-16,17,-16,16,-19,13,-23,11,-23,12,-20,13,-19,13,-19,16,-21,17,-24,16"
30.964358806610107,448,"CSI,3821,128,83,49,21,0,5,17,4,14,8,10,11,8,14,5,14,2,12,-1,12,-4,13,-4,14,-1,15,1,17,3,17,4,15,3,12,2,9,3,8,4,6,3,4,0,3,-1,3,-1,2,-1,-1,-3,-2,-5,-2,-4,-1,-1,0,0,0,0,0,0,0,0,0,0,0,0,0,0,0,0,0,0,-1,2,-3,9,-6,10,-8,12,-9,11,-10,8,-9,5,-8,6,-8,6,-8,5,-4,5,1,6,3,7,3,8,5,10,8,12,11,15,9,17,6,19,7,19,7,17,5,18,6,21,7,22,8,21,8,18,9,18"
31.067174911499023,449,"CSI,3824,128,83,49,21,0,-7,20,-5,17,-4,14,-1,12,3,12,5,12,5,13,3,13,3,13,9,16,11,16,9,15,5,15,5,13,7,10,8,10,7,9,4,5,2,1,1,0,1,0,1,-1,4,-1,6,0,3,1,0,0,0,0,0,0,0,0,0,0,0,0,0,0,0,0,0,0,0,0,-2,2,-5,11,-6,9,-8,7,-11,6,-11,5,-10,5,-10,4,-9,2,-7,2,-5,3,-3,4,1,7,3,10,3,14,1,17,0,19,-1,20,-4,23,-8,25,-9,24,-8,23,-9,21,-9,20,-8,22,-8,23,-5,22"
31.171109914779663,450,"CSI,3828,128,83,49,21,0,15,14,13,11,11,5,11,1,10,-3,12,-7,15,-8,16,-4,15,-5,16,-8,15,-9,16,-9,17,-10,17,-9,14,-6,10,-4,9,-2,7,-2,4,-2,2,-3,-1,-2,-2,-2,-2,-3,-3,-4,-6,-6,-2,-2,0,0,0,0,0,0,0,0,0,0,0,0,0,0,0,0,0,0,-1,3,-2,12,-1,11,-3,11,-6,10,-7,9,-6,8,-6,7,-6,6,-3,4,1,2,3,2,3,5,4,6,8,6,13,8,14,11,13,14,13,18,15,19,17,18,17,16,15,14,12,13,15,14,18,15,16,14"
31.272175788879395,451,"CSI,3832,128,83,49,21,0,17,7,14,5,12,1,13,-2,14,-4,12,-5,15,-7,20,-10,20,-13,17,-13,15,-10,12,-7,15,-4,16,-2,13,-2,9,-4,7,-3,6,0,5,1,3,-2,3,-3,2,-3,-1,-5,-2,-6,-1,-8,-1,-3,0,0,0,0,0,0,0,0,0,0,0,0,0,0,0,0,0,0,2,1,9,7,7,6,7,7,8,9,5,10,4,9,3,8,3,7,6,5,9,2,10,0,10,-1,11,0,13,0,16,-1,18,-1,20,2,21,5,21,8,20,11,20,13,20,11,21,9,25,8,26,8,24,8"
31.379158973693848,452,"CSI,3836,128,83,49,21,0,1,-20,-1,-16,0,-14,-2,-15,-7,-14,-7,-11,-5,-14,-6,-20,-10,-20,-9,-18,-7,-20,-5,-20,-5,-19,-4,-18,-2,-15,1,-10,3,-8,1,-6,-2,-5,-3,-4,-3,-2,-4,0,-5,-1,-6,-2,-7,-1,-2,-1,0,0,0,0,0,0,0,0,0,0,0,0,0,0,0,0,0,0,-2,-3,-6,-12,-4,-13,0,-13,3,-13,3,-11,3,-9,4,-7,4,-5,2,-7,1,-7,-1,-7,-4,-10,-5,-13,-5,-14,-5,-17,-6,-21,-6,-21,-3,-20,0,-19,1,-20,5,-22,5,-23,3,-23,3,-23,1,-22,-2,-20"
31.478630781173706,453,"CSI,3840,128,83,49,21,0,15,-10,15,-10,11,-10,8,-10,4,-11,2,-14,1,-11,-2,-7,-3,-11,-3,-16,-3,-18,-3,-20,-2,-19,1,-18,2,-16,1,-14,1,-11,0,-7,-1,-5,-2,-3,-3,-2,-4,0,-7,0,-9,-1,-8,0,-2,0,0,0,0,0,0,0,0,0,0,0,0,0,0,0,0,0,0,0,3,1,11,5,9,7,7,9,7,10,7,10,4,8,2,7,4,6,5,4,6,2,8,0,10,-2,11,-4,13,-4,16,-3,19,-4,21,-5,21,-5,22,-7,22,-8,23,-8,23,-4,22,-4,22,-8,22,-9,23,-6"
31.58025074005127,454,"CSI,1050,128,77,-47,20,0,-18,-3,-16,-2,-14,0,-13,4,-13,6,-12,9,-9,10,-7,5,-9,5,-13,9,-13,10,-14,12,-14,13,-14,11,-13,8,-12,4,-11,2,-8,2,-4,2,-2,3,-1,6,-1,6,2,4,5,3,3,5,0,1,0,0,0,0,0,0,0,0,0,0,0,0,0,0,0,0,0,0,-3,0,-9,-2,-9,-5,-11,-7,-11,-8,-9,-10,-8,-9,-7,-8,-6,-6,-7,-5,-7,-5,-7,-4,-10,-1,-11,1,-13,0,-16,1,-20,0,-22,-1,-23,1,-23,0,-24,-2,-25,-4,-24,-7,-23,-8,-25,-5,-26,-3,-22,-5"
31.611958026885986,455,"CSI,3845,128,83,49,21,0,-18,2,-18,4,-17,5,-13,5,-10,9,-9,13,-6,16,-2,18,-1,16,-4,15,-6,15,-9,13,-12,10,-12,8,-10,7,-8,6,-6,5,-5,3,-4,3,-3,3,-2,3,-2,5,-1,5,1,3,3,3,1,1,0,0,0,0,0,0,0,0,0,0,0,0,0,0,0,0,0,0,-3,-1,-12,0,-13,1,-12,0,-11,-3,-12,-8,-11,-10,-8,-8,-8,-4,-7,0,-5,1,-6,1,-8,4,-10,6,-12,6,-15,7,-17,9,-18,8,-20,7,-23,6,-24,5,-22,5,-22,3,-24,1,-23,4,-23,6,-23,7"
31.682233095169067,456,"CSI,3849,128,83,49,21,0,16,6,14,2,11,-1,11,-2,13,-4,12,-6,15,-9,18,-13,15,-14,13,-14,13,-13,15,-12,16,-10,17,-8,16,-5,13,-4,11,-2,7,-1,3,0,2,-1,2,-3,3,-4,2,-5,1,-6,0,-8,0,-3,0,0,0,0,0,0,0,0,0,0,0,0,0,0,0,0,0,0,2,0,11,1,11,2,11,3,10,5,8,7,6,6,4,7,5,7,7,5,9,5,10,2,10,-1,8,-1,9,-4,14,-4,17,-3,19,-3,19,-2,19,-1,21,1,24,3,23,6,22,7,23,5,21,2,15,0"
31.78580093383789,457,"CSI,3852,128,83,49,21,0,-9,15,-7,11,-3,8,0,8,4,10,10,10,12,6,12,4,14,7,15,11,13,13,12,13,11,14,9,14,7,13,5,10,4,6,1,4,2,2,5,1,6,-1,5,-3,5,-4,4,-5,6,-5,1,-2,0,0,0,0,0,0,0,0,0,0,0,0,0,0,0,0,0,0,-2,0,-9,1,-11,1,-13,1,-12,0,-13,-1,-14,0,-13,1,-9,-1,-8,-2,-7,-2,-4,0,-3,3,-4,5,-4,9,-6,12,-8,15,-7,17,-10,18,-14,19,-15,20,-13,21,-13,21,-14,20,-14,19,-13,19,-12,21"
31.88985800743103,458,"CSI,3857,128,83,49,21,0,-13,-4,-13,-3,-12,0,-10,5,-9,10,-8,12,-10,13,-11,18,-9,20,-10,14,-13,11,-15,11,-16,8,-15,4,-13,2,-11,4,-10,4,-8,3,-5,2,-5,2,-3,3,0,4,1,6,1,6,0,5,-1,1,0,0,0,0,0,0,0,0,0,0,0,0,0,0,0,0,0,0,-2,0,-10,2,-12,0,-11,-2,-11,-3,-10,-6,-9,-7,-11,-7,-10,-6,-7,-3,-5,-2,-6,-3,-8,-2,-10,1,-11,4,-12,6,-16,6,-20,4,-21,5,-20,6,-19,3,-21,0,-25,0,-25,3,-22,5,-20,2,-19,0"
32.200005769729614,459,"CSI,3868,128,83,49,21,0,-14,-4,-14,-2,-13,-2,-11,0,-10,4,-8,7,-9,14,-14,20,-13,20,-11,18,-11,15,-11,12,-12,12,-13,12,-12,9,-11,6,-8,4,-7,3,-5,3,-2,3,0,1,0,2,1,2,1,2,0,3,0,1,0,0,0,0,0,0,0,0,0,0,0,0,0,0,0,0,0,0,-2,-2,-6,-7,-6,-11,-3,-12,-2,-12,-2,-11,-2,-10,-2,-10,-2,-10,-2,-8,-4,-5,-7,-5,-9,-6,-11,-6,-15,-7,-18,-7,-18,-6,-18,-7,-20,-8,-22,-8,-24,-7,-25,-8,-24,-12,-23,-13,-24,-8,-24,-5,-21,-6"
32.23531174659729,460,"CSI,1051,128,77,-47,20,0,-6,-18,-8,-13,-9,-11,-10,-11,-10,-10,-12,-8,-13,-8,-12,-9,-14,-11,-19,-10,-20,-8,-20,-9,-17,-12,-13,-12,-10,-9,-7,-8,-6,-7,-4,-6,-4,-3,-4,-2,-4,0,-4,1,-2,2,-1,3,-3,4,-1,1,0,0,0,0,0,0,0,0,0,0,0,0,0,0,0,0,0,0,-1,-3,-4,-10,-4,-10,-5,-10,-4,-11,-1,-12,0,-11,1,-9,0,-7,-1,-7,-2,-6,-5,-7,-7,-8,-9,-8,-11,-10,-15,-11,-16,-13,-17,-15,-16,-16,-15,-19,-15,-21,-16,-22,-16,-23,-15,-24,-14,-26,-14,-25,-13,-22"
32.297281980514526,461,"CSI,3873,128,83,49,21,0,16,-5,13,-5,8,-7,5,-9,5,-11,4,-12,4,-12,5,-9,5,-11,5,-16,5,-16,5,-16,6,-16,7,-15,9,-12,7,-7,5,-6,5,-6,3,-5,-1,-7,-4,-7,-4,-6,-4,-3,-5,-2,-7,-1,-2,-1,0,0,0,0,0,0,0,0,0,0,0,0,0,0,0,0,0,0,2,0,10,0,11,0,12,1,12,3,11,4,8,6,8,8,8,9,7,6,6,3,7,3,8,0,10,-4,12,-4,13,-4,15,-5,18,-6,19,-7,21,-7,22,-6,22,-6,23,-5,22,-4,22,-4,22,-4,18,-6"
32.39960694313049,462,"CSI,3877,128,83,49,21,0,-12,13,-10,11,-5,10,0,11,2,11,4,12,8,12,13,11,13,12,7,14,4,13,3,12,3,13,2,14,1,13,1,10,0,7,-1,4,1,1,3,1,2,3,1,1,3,0,6,-1,8,-2,2,-1,0,0,0,0,0,0,0,0,0,0,0,0,0,0,0,0,0,0,-2,2,-6,10,-6,8,-8,7,-10,7,-12,6,-13,5,-10,4,-8,2,-6,2,-3,6,-3,7,-2,8,-1,11,-4,13,-8,14,-8,15,-8,14,-8,16,-8,18,-11,19,-13,20,-14,22,-14,23,-15,22,-15,21,-12,21"
32.50022292137146,463,"CSI,3881,128,83,49,21,0,-3,17,0,14,5,10,7,8,7,7,10,6,11,4,7,1,6,1,12,4,18,7,18,11,16,11,11,11,7,9,8,8,5,7,3,5,4,0,4,-3,3,-3,3,-3,2,-5,2,-6,2,-5,0,-1,0,0,0,0,0,0,0,0,0,0,0,0,0,0,0,0,0,0,-2,2,-5,9,-4,9,-7,9,-9,9,-8,7,-10,5,-10,4,-6,4,-4,4,-3,6,-2,9,-1,9,1,9,0,11,0,15,0,18,0,18,-1,18,-3,21,-3,23,-3,23,-4,21,-6,21,-6,24,-4,24,-5,21"
32.604458808898926,464,"CSI,3884,128,83,49,21,0,16,-3,15,-4,14,-4,12,-4,9,-7,6,-11,3,-12,1,-11,3,-11,5,-14,6,-17,8,-17,10,-14,10,-12,9,-10,7,-8,5,-8,4,-7,2,-7,1,-8,0,-7,-3,-5,-5,-5,-5,-7,-4,-8,-1,-2,0,0,0,0,0,0,0,0,0,0,0,0,0,0,0,0,0,0,2,-1,12,-1,13,0,10,2,8,3,7,4,6,4,4,6,4,6,5,5,7,2,6,0,6,-1,10,-3,11,-6,13,-5,15,-5,17,-7,17,-5,20,-4,23,-3,24,-2,25,-2,24,-2,26,-1,29,-1,28,-2"
32.70631694793701,465,"CSI,3888,128,83,49,21,0,12,13,9,9,8,5,8,-1,8,-4,9,-5,13,-4,17,-1,16,-3,15,-8,15,-10,15,-10,14,-8,12,-4,12,-1,12,0,7,0,4,-2,2,-2,-1,-2,-1,-3,0,-5,0,-5,-1,-5,-1,-6,0,-2,0,0,0,0,0,0,0,0,0,0,0,0,0,0,0,0,0,0,1,1,5,8,4,11,4,12,2,11,1,11,-2,11,-3,11,-1,8,0,8,2,6,5,3,8,3,10,5,12,8,13,10,15,10,16,11,16,13,16,15,16,16,16,15,16,16,15,18,16,18,17,16,16,15"
32.80917286872864,466,"CSI,3892,128,83,49,21,0,9,11,8,9,6,6,8,2,11,0,10,-2,12,-8,18,-11,18,-15,15,-14,14,-8,15,-4,16,-5,14,-5,12,-2,10,0,6,0,3,-1,3,-4,3,-6,3,-7,1,-8,-1,-8,0,-8,1,-10,0,-3,0,0,0,0,0,0,0,0,0,0,0,0,0,0,0,0,0,0,1,1,4,7,3,9,1,10,-1,12,-2,13,-4,12,-4,11,-2,10,-1,9,-1,8,3,7,7,6,10,8,11,10,12,12,15,14,16,15,16,14,16,16,16,17,17,16,18,16,17,18,16,20,16,20,16,16"
32.909278869628906,467,"CSI,3896,128,83,49,21,0,5,16,7,11,7,8,8,8,11,7,12,4,11,1,11,-1,13,0,16,2,18,4,17,5,14,7,13,8,11,7,9,5,7,3,6,3,4,2,3,0,1,-3,0,-4,2,-2,3,-3,2,-4,0,-2,0,0,0,0,0,0,0,0,0,0,0,0,0,0,0,0,0,0,1,2,4,11,2,12,-2,12,-4,11,-3,11,-1,11,-2,10,-3,7,-3,6,-1,7,2,6,5,6,8,8,9,11,10,14,12,16,12,16,9,18,7,20,9,20,10,20,8,21,7,23,7,23,6,23,6,25"
33.016741037368774,468,"CSI,3900,128,83,49,21,0,-8,-12,-12,-9,-13,-7,-12,-5,-14,-2,-14,1,-14,6,-17,12,-18,10,-19,7,-19,7,-16,7,-15,7,-15,7,-15,5,-14,2,-13,1,-10,3,-6,3,-3,1,-2,2,0,3,2,5,2,7,3,8,1,2,0,0,0,0,0,0,0,0,0,0,0,0,0,0,0,0,0,0,-1,-3,0,-11,4,-10,8,-10,9,-10,8,-8,8,-6,7,-5,6,-5,3,-6,0,-6,-2,-5,-4,-6,-4,-9,-7,-13,-10,-17,-11,-21,-11,-23,-9,-24,-10,-26,-11,-27,-9,-27,-9,-29,-10,-29,-7,-27,-4,-25,-4,-22"
33.11524200439453,469,"CSI,3905,128,83,49,21,0,13,2,11,2,9,-3,6,-7,2,-8,0,-11,6,-13,11,-13,9,-14,6,-16,5,-17,4,-18,5,-18,7,-14,7,-12,4,-12,1,-9,1,-6,2,-4,0,-4,-2,-3,-5,-2,-6,-2,-5,-2,-5,-4,-1,-2,0,0,0,0,0,0,0,0,0,0,0,0,0,0,0,0,0,0,1,2,6,11,4,11,2,12,1,14,1,13,1,10,1,7,-1,6,0,6,4,5,7,3,8,2,10,2,11,1,14,1,16,3,18,5,21,4,23,3,23,3,23,4,24,5,25,5,25,5,22,4,20,3"
33.22364783287048,470,"CSI,3908,128,83,49,21,0,-6,-16,-7,-9,-6,-6,-6,-6,-10,-3,-12,-1,-11,-2,-10,-5,-14,-4,-18,0,-20,0,-17,-2,-14,-5,-14,-5,-11,-4,-9,-4,-6,-3,-4,-2,-3,-2,-3,-1,-2,2,-2,3,-3,4,-3,5,-3,3,-1,0,0,0,0,0,0,0,0,0,0,0,0,0,0,0,0,0,0,0,-2,-2,-5,-8,-4,-8,-3,-10,0,-12,3,-13,2,-11,0,-9,-3,-8,-3,-6,-2,-7,-4,-7,-6,-5,-9,-5,-13,-8,-14,-11,-13,-14,-14,-14,-15,-16,-16,-19,-16,-21,-14,-22,-12,-21,-12,-22,-15,-22,-15,-22,-13,-22"
33.32081985473633,471,"CSI,3913,128,83,49,21,0,10,8,10,4,10,1,9,-1,8,-3,8,-5,8,-8,7,-11,9,-12,15,-11,17,-9,15,-8,16,-8,15,-8,11,-8,8,-5,4,-4,1,-6,1,-6,-1,-5,-3,-3,-3,-2,-4,-4,-5,-7,-5,-8,-2,-2,0,0,0,0,0,0,0,0,0,0,0,0,0,0,0,0,0,0,1,1,4,6,2,9,0,12,-2,12,-3,10,-2,9,-2,7,-3,6,-2,4,2,3,5,5,7,5,9,4,13,4,17,6,17,9,16,11,17,11,19,13,20,15,20,16,21,16,20,17,18,17,17,14,16,9"
33.42656207084656,472,"CSI,3917,128,83,49,21,0,11,12,13,9,13,5,12,2,13,-3,15,-7,12,-8,7,-9,8,-10,12,-9,15,-6,19,-5,20,-5,19,-5,16,-4,11,0,7,-2,4,-4,2,-4,1,-4,0,-5,-1,-6,-1,-6,-3,-7,-3,-8,-1,-2,0,0,0,0,0,0,0,0,0,0,0,0,0,0,0,0,0,0,2,3,7,11,3,11,1,13,-1,13,-3,11,-5,9,-6,7,-4,6,-3,4,-2,4,1,7,5,7,7,7,10,8,13,10,14,10,16,11,18,12,17,15,16,16,15,16,15,18,15,19,16,19,16,18,13,16"
33.45632886886597,473,"CSI,1052,128,77,-47,20,0,3,16,2,12,3,11,3,8,5,3,10,1,17,1,21,0,20,-1,18,1,16,4,16,5,16,5,12,8,8,9,8,7,8,6,5,4,3,1,3,-1,4,-3,4,-6,4,-7,4,-6,3,-6,0,-2,0,0,0,0,0,0,0,0,0,0,0,0,0,0,0,0,0,0,-3,2,-11,7,-11,5,-12,5,-13,3,-13,0,-11,-1,-9,-1,-8,-1,-7,1,-6,3,-5,5,-4,6,-4,8,-4,12,-2,15,0,19,0,21,-2,22,-2,24,-3,25,-3,25,-3,24,-2,22,-2,21,-3,21,-1,22"
33.52673101425171,474,"CSI,3921,128,83,49,21,0,-14,7,-12,7,-10,8,-8,8,-4,10,-2,14,2,12,9,9,8,12,5,16,3,17,2,16,1,15,-1,13,-3,11,-2,9,1,7,2,4,2,2,3,0,4,-2,4,-2,4,-2,5,-3,8,-4,2,-1,0,0,0,0,0,0,0,0,0,0,0,0,0,0,0,0,0,0,-2,-3,-6,-9,-6,-10,-6,-12,-4,-14,-3,-14,-3,-13,-1,-12,0,-11,1,-8,-1,-5,-4,-2,-6,0,-11,0,-15,-1,-17,1,-19,4,-21,4,-22,4,-23,4,-22,4,-23,2,-23,1,-22,3,-22,4,-25,3,-26,2"
33.626847982406616,475,"CSI,3925,128,83,49,21,0,8,13,7,10,8,8,8,4,9,1,12,0,16,-2,18,-7,18,-8,18,-5,18,-4,17,-2,16,0,13,3,9,5,8,6,6,4,4,1,3,-2,2,-3,2,-3,4,-4,4,-6,2,-8,0,-8,0,-2,0,0,0,0,0,0,0,0,0,0,0,0,0,0,0,0,0,0,1,2,5,9,2,10,-1,13,-3,12,-4,10,-4,9,-4,9,-3,6,-1,4,-1,5,0,4,3,6,8,7,10,7,12,11,13,15,14,15,14,16,14,16,12,16,10,18,10,20,9,20,9,21,12,21,12,20"
33.735077142715454,476,"CSI,3929,128,83,49,21,0,-4,-21,-6,-18,-7,-14,-8,-11,-10,-9,-12,-8,-15,-6,-20,-3,-19,-4,-17,-7,-16,-11,-14,-14,-13,-14,-12,-12,-10,-10,-8,-9,-8,-6,-7,-4,-5,-3,-3,-1,-3,0,-5,1,-4,2,-5,4,-7,5,-2,1,0,0,0,0,0,0,0,0,0,0,0,0,0,0,0,0,0,0,1,-3,4,-10,5,-13,8,-13,10,-11,10,-9,9,-7,8,-5,6,-4,4,-6,1,-7,-2,-7,-2,-7,-1,-10,-2,-14,-3,-19,-3,-21,-3,-21,-4,-20,-7,-20,-8,-21,-5,-23,-3,-24,-3,-25,-3,-26,-2,-25,-2,-24"
33.8358850479126,477,"CSI,3932,128,83,49,21,0,2,-22,0,-19,-3,-15,-6,-12,-7,-10,-9,-9,-12,-6,-12,-2,-12,-4,-14,-9,-14,-11,-15,-12,-15,-12,-13,-12,-10,-12,-8,-10,-6,-8,-5,-5,-5,-2,-4,-1,-5,1,-7,3,-6,4,-5,3,-4,4,-1,1,0,0,0,0,0,0,0,0,0,0,0,0,0,0,0,0,0,0,0,-4,2,-13,6,-12,10,-10,11,-9,9,-7,6,-4,5,-3,6,-3,4,-3,3,-4,3,-9,0,-13,-1,-14,0,-15,2,-19,3,-21,2,-21,2,-19,5,-21,6,-23,5,-21,3,-21,1,-23,0,-23,2,-22,5,-19"
33.93728303909302,478,"CSI,3937,128,83,49,21,0,-20,6,-16,6,-13,6,-12,9,-11,10,-7,13,-3,14,-1,14,-5,14,-10,14,-13,16,-15,18,-16,16,-13,11,-10,9,-11,9,-10,7,-6,5,-3,5,-1,6,-1,4,0,2,1,4,1,5,1,4,0,1,0,0,0,0,0,0,0,0,0,0,0,0,0,0,0,0,0,0,-3,1,-12,3,-14,1,-14,0,-13,-2,-10,-3,-9,-4,-9,-5,-8,-4,-8,-1,-9,0,-11,3,-10,7,-9,10,-11,9,-13,6,-18,6,-21,7,-21,6,-21,6,-20,6,-21,3,-22,3,-23,5,-26,3,-27,3,-27,5"
34.0390088558197,479,"CSI,3941,128,83,49,21,0,16,-7,14,-5,12,-7,9,-12,5,-14,4,-15,5,-18,2,-22,2,-21,4,-19,7,-19,8,-18,8,-15,10,-13,10,-12,7,-10,4,-8,1,-6,2,-5,2,-4,-1,-5,-2,-6,-2,-7,-4,-8,-5,-7,-2,-2,0,0,0,0,0,0,0,0,0,0,0,0,0,0,0,0,0,0,3,0,13,0,12,0,14,0,15,2,12,2,8,2,7,4,8,3,8,0,7,-3,8,-7,10,-9,13,-11,15,-11,16,-9,16,-9,16,-11,18,-10,20,-9,22,-9,23,-9,24,-9,23,-8,24,-8,26,-9,24,-8"
34.14254593849182,480,"CSI,3944,128,83,49,21,0,16,-9,12,-9,8,-6,5,-6,3,-11,2,-14,1,-13,-3,-11,-1,-12,4,-16,6,-18,5,-19,8,-18,10,-16,8,-15,7,-13,5,-9,4,-6,3,-6,0,-7,-2,-6,-3,-5,-5,-5,-6,-6,-5,-8,-1,-2,0,0,0,0,0,0,0,0,0,0,0,0,0,0,0,0,0,0,1,-2,5,-7,8,-7,9,-4,10,-2,10,-2,10,-1,9,0,9,0,10,-2,9,-3,6,-4,6,-7,8,-9,11,-9,14,-12,13,-14,13,-15,16,-15,17,-16,16,-16,19,-15,23,-13,22,-12,23,-10,23,-10,21,-12"
34.247081995010376,481,"CSI,3948,128,83,49,21,0,-3,-14,-6,-12,-10,-10,-10,-8,-12,-7,-15,-5,-16,-2,-16,1,-17,-1,-19,-5,-19,-9,-18,-11,-15,-10,-12,-7,-12,-6,-11,-6,-9,-5,-8,-3,-8,0,-8,2,-6,1,-5,2,-4,4,-2,5,1,3,0,0,0,0,0,0,0,0,0,0,0,0,0,0,0,0,0,0,0,0,-1,-3,-1,-11,3,-10,6,-12,6,-13,6,-12,5,-11,4,-10,4,-7,3,-7,1,-9,-1,-11,-3,-11,-5,-12,-5,-13,-6,-13,-7,-14,-9,-16,-10,-18,-9,-20,-6,-22,-5,-26,-5,-29,-3,-27,-2,-26,-2,-25,-3,-25"
34.348268032073975,482,"CSI,3953,128,83,49,21,0,-15,-4,-15,1,-14,3,-11,3,-9,6,-10,11,-8,13,-5,11,-9,12,-11,13,-10,14,-11,15,-11,15,-9,12,-10,9,-10,8,-6,6,-3,4,-4,3,0,4,2,7,1,7,0,5,0,3,3,2,1,0,0,0,0,0,0,0,0,0,0,0,0,0,0,0,0,0,0,0,-3,-2,-9,-9,-7,-10,-5,-11,-5,-13,-2,-13,-1,-13,-1,-11,-1,-7,-2,-5,-5,-6,-6,-6,-8,-4,-11,-4,-14,-2,-15,-2,-17,-2,-19,-3,-21,-4,-23,-6,-23,-6,-23,-6,-23,-7,-24,-8,-25,-9,-23,-10,-21,-9"
34.45026683807373,483,"CSI,3956,128,83,49,21,0,8,-13,4,-13,3,-13,1,-15,-2,-18,-3,-18,-2,-20,-3,-23,-6,-22,-4,-19,1,-17,2,-16,2,-17,3,-15,6,-12,7,-11,4,-11,1,-9,1,-8,-1,-7,-2,-7,-3,-6,-4,-5,-4,-4,-5,-4,-2,-1,0,0,0,0,0,0,0,0,0,0,0,0,0,0,0,0,0,0,0,-4,4,-13,7,-12,10,-11,12,-9,11,-8,9,-8,9,-4,7,-1,5,-2,6,-5,5,-8,3,-11,2,-13,3,-14,4,-16,6,-18,7,-19,7,-19,11,-18,14,-19,14,-23,14,-23,15,-20,16,-19,14,-21,13,-20"
34.5534348487854,484,"CSI,3960,128,83,49,21,0,8,-16,6,-15,5,-16,3,-17,-1,-16,-2,-14,-6,-10,-11,-6,-10,-9,-7,-15,-5,-19,-3,-21,-4,-19,-3,-15,-3,-14,-4,-14,-3,-11,-3,-8,-3,-6,-4,-4,-5,-4,-7,-2,-6,0,-6,-1,-6,-1,-2,-1,0,0,0,0,0,0,0,0,0,0,0,0,0,0,0,0,0,0,2,-2,8,-8,9,-8,12,-7,12,-5,12,-3,13,0,13,0,11,-3,9,-3,8,-3,5,-6,4,-10,4,-13,5,-14,7,-14,9,-16,11,-18,12,-18,13,-18,15,-19,19,-19,17,-19,14,-19,15,-19,16,-19,16,-19"
34.65509605407715,485,"CSI,3964,128,83,49,21,0,16,-12,11,-12,7,-12,4,-13,1,-13,-1,-14,1,-15,5,-16,3,-19,-1,-24,-1,-23,1,-20,4,-20,6,-18,5,-14,3,-10,1,-9,-2,-8,-3,-6,-3,-5,-2,-3,-2,-3,-2,-3,-3,-3,-4,-3,-2,-1,0,0,0,0,0,0,0,0,0,0,0,0,0,0,0,0,0,0,2,-3,11,-9,13,-7,13,-5,14,-3,14,-1,11,2,10,2,9,0,8,-1,8,-1,9,-2,8,-5,6,-8,7,-9,10,-11,13,-13,15,-15,14,-17,17,-18,19,-19,17,-19,17,-17,20,-14,22,-16,21,-16,19,-11"
34.754775047302246,486,"CSI,3968,128,83,49,21,0,16,6,16,4,14,1,12,-3,12,-6,12,-9,13,-14,15,-18,15,-15,16,-9,17,-5,17,-6,17,-8,15,-7,12,-5,9,-3,8,-2,7,-4,5,-8,3,-8,2,-5,0,-5,-2,-6,-3,-6,-2,-6,-1,-2,0,0,0,0,0,0,0,0,0,0,0,0,0,0,0,0,0,0,0,2,1,10,1,12,0,12,-1,12,-3,11,-5,9,-4,7,-2,8,0,8,1,7,3,8,7,8,11,8,14,7,15,7,16,10,17,12,17,14,19,16,20,17,21,20,20,18,19,15,21,15,21,17,19,20"
34.85727405548096,487,"CSI,3973,128,83,49,21,0,-9,15,-6,15,-2,14,1,13,5,12,10,11,10,13,7,16,8,15,9,16,11,17,13,17,10,15,7,14,5,14,3,11,5,6,6,3,4,2,4,1,7,1,9,2,9,1,7,-2,6,-1,1,0,0,0,0,0,0,0,0,0,0,0,0,0,0,0,0,0,0,0,-3,1,-11,6,-11,6,-12,5,-11,3,-11,0,-11,0,-9,2,-6,2,-6,2,-7,5,-6,6,-3,9,-3,12,-6,13,-7,15,-6,16,-6,16,-7,19,-9,22,-12,20,-14,22,-13,25,-12,24,-13,21,-16,22,-19,22"
34.96408176422119,488,"CSI,3976,128,83,49,21,0,-8,-15,-10,-11,-12,-10,-12,-9,-11,-6,-13,-3,-15,-1,-17,2,-19,-1,-19,-6,-19,-7,-18,-8,-16,-9,-13,-10,-11,-9,-11,-7,-8,-5,-5,-3,-6,0,-6,2,-5,1,-5,2,-5,4,-5,5,-6,4,-2,0,0,0,0,0,0,0,0,0,0,0,0,0,0,0,0,0,0,0,0,-2,-1,-8,-1,-11,0,-13,3,-12,7,-11,7,-11,5,-10,4,-9,4,-9,1,-8,-3,-9,-4,-10,-6,-12,-6,-15,-7,-16,-8,-18,-8,-18,-9,-18,-10,-20,-9,-23,-8,-26,-10,-27,-10,-25,-8,-25,-8,-26,-8,-27"
35.06175899505615,489,"CSI,3981,128,83,49,21,0,16,6,17,4,13,1,10,-3,11,-7,11,-9,15,-12,22,-18,21,-19,16,-15,14,-12,16,-11,17,-11,14,-7,10,-3,9,-3,8,-7,7,-9,4,-7,2,-5,1,-5,0,-5,-1,-5,-2,-6,-1,-7,-1,-2,0,0,0,0,0,0,0,0,0,0,0,0,0,0,0,0,0,0,2,2,6,9,2,10,2,12,2,13,0,12,-1,10,0,9,1,9,2,9,3,8,4,5,6,3,9,4,13,6,14,5,15,5,17,5,18,5,20,7,20,11,20,13,21,12,20,11,19,12,19,14,15,14"
35.366978883743286,490,"CSI,3992,128,83,49,21,0,-1,18,2,15,6,8,7,6,8,10,10,12,11,13,9,17,11,17,14,16,13,14,12,12,10,12,7,10,5,9,4,9,3,7,1,3,0,2,2,3,5,4,7,4,7,3,7,2,5,2,1,0,0,0,0,0,0,0,0,0,0,0,0,0,0,0,0,0,0,0,-1,1,-3,7,-5,8,-5,10,-5,10,-5,10,-4,8,-3,7,-2,5,-3,5,-4,5,-2,5,2,8,5,11,3,13,2,14,4,15,4,15,2,16,2,20,2,22,2,21,0,21,-2,22,-2,23,-2,24,-3,25"
35.575878858566284,491,"CSI,4001,128,83,49,21,0,-15,7,-12,7,-9,6,-9,9,-10,13,-7,14,-7,12,-11,9,-14,13,-14,16,-12,15,-12,14,-14,14,-14,12,-12,8,-9,4,-7,3,-5,4,-4,4,-3,5,-1,5,-1,4,-1,3,-1,4,0,6,0,1,0,0,0,0,0,0,0,0,0,0,0,0,0,0,0,0,0,0,-3,1,-12,4,-13,4,-13,1,-12,0,-12,0,-12,-2,-10,-2,-7,0,-6,1,-4,2,-5,4,-8,6,-9,6,-9,8,-10,11,-13,10,-16,8,-17,10,-20,12,-23,12,-23,11,-24,8,-25,6,-24,6,-26,7,-28,10"
35.67902588844299,492,"CSI,4004,128,83,49,21,0,-20,3,-16,5,-13,8,-13,10,-13,12,-10,14,-11,14,-15,12,-17,14,-15,15,-13,13,-13,11,-14,8,-13,6,-13,6,-13,4,-12,3,-7,3,-6,2,-8,2,-7,2,-5,2,-3,3,-1,5,-1,6,-1,1,0,0,0,0,0,0,0,0,0,0,0,0,0,0,0,0,0,0,-2,0,-7,5,-9,6,-11,6,-12,3,-13,2,-13,1,-12,-2,-10,-4,-7,-3,-5,0,-4,1,-6,2,-10,7,-14,9,-14,10,-15,12,-16,14,-18,14,-21,14,-24,15,-23,15,-22,10,-24,6,-26,6,-24,9,-22,11"
35.780192852020264,493,"CSI,4008,128,83,49,21,0,-14,11,-14,10,-14,9,-11,11,-6,11,-3,10,-1,13,2,18,2,18,-1,18,-4,18,-6,17,-6,18,-7,17,-7,14,-8,12,-7,10,-4,7,-2,6,-1,4,2,2,3,2,2,3,1,3,1,3,0,0,0,0,0,0,0,0,0,0,0,0,0,0,0,0,0,0,0,0,-3,0,-10,4,-11,3,-11,1,-12,-2,-11,-3,-8,-3,-5,0,-4,0,-6,-1,-9,0,-9,3,-8,3,-8,5,-9,9,-10,10,-12,8,-13,10,-14,13,-18,14,-21,13,-22,13,-21,12,-21,8,-23,8,-22,11,-20,14"
35.88524794578552,494,"CSI,4012,128,83,49,21,0,1,-18,0,-17,-2,-14,-4,-14,-6,-15,-7,-12,-6,-12,-4,-16,-8,-18,-14,-18,-16,-18,-15,-19,-11,-18,-7,-16,-5,-16,-4,-12,-2,-7,-2,-4,-3,-4,-3,-7,-2,-7,-4,-4,-5,-1,-5,-1,-8,0,-3,0,0,0,0,0,0,0,0,0,0,0,0,0,0,0,0,0,0,0,-1,-3,-1,-12,3,-12,6,-10,6,-8,5,-8,5,-8,5,-6,3,-6,3,-8,2,-8,-1,-8,-2,-9,-2,-11,-2,-13,-3,-16,-3,-18,-4,-20,-2,-22,0,-21,0,-21,1,-24,0,-25,-2,-24,-2,-24,-1,-25,-2,-24"
36.08736300468445,495,"CSI,4020,128,83,49,21,0,18,-7,16,-8,14,-11,8,-13,3,-15,2,-17,2,-15,2,-12,4,-13,5,-17,6,-19,6,-21,5,-20,8,-16,10,-11,5,-9,3,-9,4,-7,2,-7,1,-7,1,-5,-1,-4,-3,-5,-2,-6,0,-6,0,-2,0,0,0,0,0,0,0,0,0,0,0,0,0,0,0,0,0,0,1,-1,7,-4,8,-2,9,0,10,1,11,3,10,5,7,5,7,3,7,0,8,0,9,-2,9,-6,9,-10,10,-12,11,-11,15,-11,19,-14,19,-15,19,-14,20,-12,22,-10,25,-9,25,-11,24,-12,25,-13,26,-12"
36.18993306159973,496,"CSI,4025,128,83,49,21,0,-21,9,-18,7,-13,8,-9,9,-6,12,-5,14,-3,14,1,15,0,14,-4,12,-5,13,-6,14,-6,16,-7,17,-7,15,-7,11,-6,5,-4,4,-2,6,-2,6,0,7,3,7,3,4,2,0,3,-1,1,-1,0,0,0,0,0,0,0,0,0,0,0,0,0,0,0,0,0,0,-3,0,-10,-1,-13,-3,-14,-5,-13,-6,-12,-7,-10,-7,-7,-6,-5,-6,-7,-4,-10,-1,-13,0,-11,1,-11,3,-14,4,-17,5,-18,6,-19,9,-21,10,-21,9,-23,8,-27,7,-27,6,-25,5,-26,5,-26,7,-23,6"
36.288989782333374,497,"CSI,4029,128,83,49,21,0,8,17,10,14,11,9,12,5,15,2,16,1,15,0,16,-3,18,-4,19,-2,18,2,19,6,19,7,16,7,13,6,9,5,7,4,6,1,4,-2,3,-2,4,-2,5,-5,4,-5,4,-5,3,-6,0,-2,0,0,0,0,0,0,0,0,0,0,0,0,0,0,0,0,0,0,0,2,0,9,-4,11,-8,12,-10,10,-9,8,-8,6,-8,6,-8,6,-5,7,-3,7,-1,7,2,8,4,9,5,11,6,14,5,16,6,19,9,22,8,24,8,25,9,25,10,24,10,23,10,24,8,24,6,19"
36.396312952041626,498,"CSI,4033,128,83,49,21,0,-19,-3,-16,2,-13,4,-10,4,-10,5,-10,9,-12,14,-18,14,-18,12,-15,12,-14,13,-15,12,-16,8,-18,3,-18,2,-14,2,-10,0,-8,2,-5,4,-2,3,-2,1,-1,1,0,2,0,5,-1,7,-1,2,0,0,0,0,0,0,0,0,0,0,0,0,0,0,0,0,0,0,-2,-1,-8,-1,-9,-3,-10,-6,-10,-8,-10,-10,-9,-10,-8,-9,-8,-8,-7,-7,-5,-7,-7,-6,-10,-3,-11,-1,-13,0,-16,1,-17,3,-19,2,-19,0,-21,-1,-26,-2,-28,-2,-27,-3,-26,-4,-29,-4,-32,-3,-33,0"
36.493979930877686,499,"CSI,4037,128,83,49,21,0,12,14,13,12,12,9,10,6,12,4,14,0,16,2,18,6,19,4,20,4,20,5,20,5,19,5,16,6,12,8,8,7,6,5,7,5,7,3,5,0,6,-2,5,-4,3,-6,3,-6,4,-6,1,-2,0,0,0,0,0,0,0,0,0,0,0,0,0,0,0,0,0,0,1,2,5,9,2,10,-2,11,-3,11,-3,11,-4,10,-6,9,-7,8,-3,8,0,8,0,8,-1,9,1,10,5,10,6,12,7,14,8,12,10,12,11,16,10,20,10,21,12,20,14,20,14,23,12,25,10,24"
36.5977578163147,500,"CSI,4040,128,83,49,21,0,-6,19,-6,17,-5,16,-1,15,3,15,6,16,11,14,17,13,15,14,12,15,11,16,9,19,9,20,8,18,4,16,0,15,0,13,1,8,2,3,2,2,2,2,3,4,5,5,6,1,4,-1,0,0,0,0,0,0,0,0,0,0,0,0,0,0,0,0,0,0,0,0,-1,2,-3,10,-5,9,-8,8,-10,6,-11,5,-12,5,-10,5,-8,5,-9,6,-8,7,-8,8,-7,7,-4,7,-3,9,-5,13,-7,18,-8,19,-6,21,-5,24,-6,24,-9,24,-11,24,-9,23,-9,25,-11,27,-12,27"
36.799487829208374,501,"CSI,1053,128,77,-47,20,0,-21,5,-17,7,-13,9,-12,10,-10,11,-7,15,-6,16,-6,10,-8,10,-10,16,-9,21,-9,22,-11,19,-12,15,-12,12,-10,12,-8,10,-5,8,-3,8,-2,6,-1,5,0,6,3,6,6,5,7,3,1,0,0,0,0,0,0,0,0,0,0,0,0,0,0,0,0,0,0,0,-3,0,-9,0,-11,-3,-13,-8,-11,-10,-7,-10,-5,-10,-6,-8,-7,-3,-6,-1,-7,-3,-7,-3,-7,0,-9,2,-10,4,-13,4,-19,6,-21,8,-21,7,-23,7,-25,7,-25,5,-23,2,-23,2,-24,5,-25,5,-25,2"
36.83143973350525,502,"CSI,4048,128,83,49,21,0,-16,9,-12,10,-10,12,-8,14,-6,16,-5,16,-5,17,-7,19,-7,21,-5,22,-3,23,-4,22,-7,20,-8,19,-6,17,-6,14,-7,11,-6,9,-2,7,0,6,1,4,4,5,3,5,1,3,1,3,0,1,0,0,0,0,0,0,0,0,0,0,0,0,0,0,0,0,0,0,-3,0,-10,0,-12,-2,-12,-3,-11,-4,-10,-6,-10,-7,-10,-8,-9,-8,-7,-7,-8,-3,-10,0,-10,3,-10,4,-12,4,-14,5,-16,8,-15,10,-15,11,-20,10,-24,9,-26,10,-26,10,-26,7,-27,7,-27,8,-30,6"
36.905903816223145,503,"CSI,4053,128,83,49,21,0,-11,13,-6,13,-2,12,-1,12,-1,15,0,15,1,19,3,24,6,21,7,19,5,20,2,21,0,20,-1,19,-2,17,-1,16,1,13,1,10,2,6,1,5,-2,6,-1,6,0,4,3,4,5,5,1,1,0,0,0,0,0,0,0,0,0,0,0,0,0,0,0,0,0,0,-2,2,-8,8,-11,6,-12,4,-12,2,-12,0,-11,-1,-10,0,-9,0,-8,1,-9,3,-8,5,-5,8,-5,11,-6,13,-7,15,-8,16,-10,17,-13,19,-15,20,-16,19,-16,18,-17,17,-15,17,-15,20,-17,20,-17,17"
37.00976896286011,504,"CSI,4056,128,83,49,21,0,15,-13,13,-14,11,-13,9,-12,6,-15,3,-16,5,-17,7,-20,5,-23,2,-24,1,-23,3,-20,6,-18,9,-19,9,-18,7,-13,4,-10,3,-8,1,-8,0,-8,1,-7,0,-5,-2,-3,-3,-4,-4,-4,-1,-2,0,0,0,0,0,0,0,0,0,0,0,0,0,0,0,0,0,0,1,-2,8,-6,10,-6,11,-5,12,-2,12,2,11,4,10,3,8,2,7,-1,8,-4,7,-4,7,-4,8,-5,9,-8,12,-11,15,-14,14,-15,13,-15,16,-15,19,-16,20,-16,23,-16,24,-16,22,-15,22,-14,23,-13"
37.0720648765564,505,"CSI,1054,128,77,-47,20,0,21,-1,20,-5,17,-7,12,-5,10,-6,13,-10,13,-12,12,-10,13,-11,15,-16,14,-18,15,-16,17,-14,17,-11,16,-9,15,-7,15,-6,12,-5,7,-3,3,-3,2,-3,1,-5,0,-7,0,-7,0,-10,-1,-3,0,0,0,0,0,0,0,0,0,0,0,0,0,0,0,0,0,0,1,-2,8,-3,11,1,12,3,11,4,9,6,7,7,6,6,5,5,6,4,6,4,6,1,8,-1,11,-5,12,-8,14,-8,19,-8,20,-10,20,-11,24,-10,26,-5,26,-2,27,0,26,1,26,0,29,-3,28,-6"
37.114124059677124,506,"CSI,4061,128,83,49,21,0,6,-18,1,-14,-3,-12,-2,-13,-2,-15,-5,-15,-10,-18,-15,-22,-17,-18,-15,-15,-13,-16,-10,-17,-8,-17,-7,-18,-3,-17,-2,-14,-3,-11,-4,-10,-4,-8,-4,-7,-4,-5,-4,-3,-3,-2,-5,-3,-8,-3,-3,-1,0,0,0,0,0,0,0,0,0,0,0,0,0,0,0,0,0,0,0,-3,2,-11,3,-10,5,-11,9,-12,10,-9,8,-7,7,-7,7,-7,7,-6,7,-7,4,-9,0,-10,-2,-13,-2,-13,-1,-14,0,-17,-2,-19,-1,-21,1,-24,3,-27,6,-28,10,-27,8,-27,5,-26,4,-26,4,-24"
37.21198582649231,507,"CSI,4065,128,83,49,21,0,-6,20,-3,15,0,12,3,14,4,14,7,11,8,11,8,13,11,15,12,17,13,18,13,18,12,19,9,20,5,18,4,14,5,11,4,9,2,5,3,3,5,2,5,1,3,0,5,2,7,2,2,0,0,0,0,0,0,0,0,0,0,0,0,0,0,0,0,0,0,0,-2,2,-7,8,-8,6,-10,6,-12,7,-12,6,-12,5,-11,4,-9,3,-8,3,-7,6,-6,7,-6,10,-3,13,-2,14,-3,16,-3,18,-3,21,-5,23,-7,24,-7,26,-6,26,-8,26,-9,24,-10,24,-9,26,-8,23"
37.31947898864746,508,"CSI,4068,128,83,49,21,0,-6,-17,-9,-14,-12,-11,-13,-9,-14,-7,-17,-6,-19,-3,-17,0,-18,-1,-23,-3,-22,-3,-20,-3,-19,-5,-17,-5,-14,-4,-12,-5,-10,-5,-6,-4,-4,-2,-5,-1,-6,1,-6,4,-6,4,-4,4,-3,5,-1,1,0,0,0,0,0,0,0,0,0,0,0,0,0,0,0,0,0,0,-1,-3,-1,-10,1,-12,3,-15,6,-17,7,-16,8,-12,8,-9,5,-9,3,-10,1,-9,-1,-8,-2,-9,-5,-9,-9,-13,-11,-18,-11,-21,-11,-23,-11,-24,-10,-25,-7,-24,-3,-24,-4,-23,-5,-22,-5,-24,-7,-26,-8,-28"
37.42007088661194,509,"CSI,4073,128,83,49,21,0,7,-15,3,-14,-1,-14,-3,-15,-4,-16,-5,-15,-8,-16,-10,-20,-10,-20,-10,-18,-9,-18,-8,-18,-9,-18,-8,-17,-5,-14,-2,-10,-1,-8,-1,-5,-2,-3,-5,-3,-7,-2,-7,1,-6,1,-7,0,-8,2,-2,1,0,0,0,0,0,0,0,0,0,0,0,0,0,0,0,0,0,0,2,0,10,0,11,1,12,2,12,3,12,5,12,7,11,6,10,4,8,4,6,1,5,-4,6,-6,9,-9,10,-10,11,-12,14,-15,14,-18,15,-19,19,-17,21,-16,22,-18,21,-18,20,-16,20,-18,22,-20,24,-19"
37.52307391166687,510,"CSI,4077,128,83,49,21,0,-7,-16,-8,-15,-8,-13,-9,-12,-11,-10,-13,-8,-18,-8,-21,-6,-20,-3,-20,-2,-21,-5,-19,-7,-17,-7,-14,-8,-11,-9,-8,-9,-7,-6,-7,-3,-7,-1,-6,1,-6,2,-6,2,-5,2,-4,2,-4,4,-1,1,0,0,0,0,0,0,0,0,0,0,0,0,0,0,0,0,0,0,0,-3,3,-11,6,-12,8,-12,9,-11,12,-9,13,-7,10,-4,7,-2,5,-4,4,-6,2,-9,-1,-10,-2,-10,-1,-12,-2,-14,-4,-19,-5,-23,-4,-24,-2,-26,-1,-25,0,-25,0,-28,-1,-29,-2,-27,-1,-25,2,-26"
37.56415104866028,511,"CSI,1055,128,101,80,6,0,9,-16,5,-14,3,-13,-1,-14,-5,-14,-5,-14,-6,-15,-10,-16,-10,-17,-8,-20,-7,-21,-3,-20,-1,-18,-1,-16,-1,-13,1,-11,2,-10,1,-8,-1,-5,-4,-4,-5,-5,-5,-4,-5,-3,-7,-4,-7,-3,-2,-1,0,0,0,0,0,0,0,0,0,0,0,0,0,0,0,0,0,0,2,-4,8,-12,9,-10,10,-7,11,-6,11,-6,10,-4,9,-2,8,-2,8,-2,8,-4,8,-7,6,-8,5,-12,4,-15,4,-16,4,-18,6,-19,8,-19,9,-22,12,-23,15,-22,16,-23,17,-24,20,-23,20,-21,17,-20"
37.72889804840088,512,"CSI,4085,128,83,49,21,0,-16,-12,-14,-9,-13,-6,-14,-3,-14,0,-17,3,-15,4,-8,6,-8,5,-15,4,-19,4,-19,5,-19,4,-17,1,-14,1,-11,2,-8,1,-6,0,-7,-1,-8,2,-6,5,-4,6,-2,4,-2,6,-3,9,-1,2,0,0,0,0,0,0,0,0,0,0,0,0,0,0,0,0,0,0,-4,-2,-12,-7,-10,-8,-7,-10,-7,-11,-6,-14,-3,-13,0,-10,1,-10,0,-8,-4,-4,-9,-4,-11,-6,-12,-6,-13,-5,-16,-6,-19,-9,-21,-10,-22,-10,-22,-11,-22,-12,-22,-14,-22,-15,-21,-16,-19,-17,-20,-18,-20,-14"
37.828733921051025,513,"CSI,4089,128,83,49,21,0,13,-9,8,-8,6,-9,4,-12,0,-14,-1,-14,1,-16,0,-20,-4,-22,-3,-21,2,-20,2,-18,4,-17,7,-17,7,-17,6,-13,3,-9,1,-8,0,-8,-3,-6,-5,-5,-6,-3,-6,-2,-8,-2,-9,-4,-3,-1,0,0,0,0,0,0,0,0,0,0,0,0,0,0,0,0,0,0,2,-1,8,-4,10,-3,13,-2,13,0,11,3,10,4,8,4,9,4,9,3,7,0,7,-3,8,-5,9,-8,9,-11,12,-13,15,-14,17,-15,15,-16,14,-14,15,-12,17,-12,20,-12,23,-10,24,-12,21,-13,17,-10"
37.92754793167114,514,"CSI,4092,128,83,49,21,0,12,14,12,10,12,6,12,4,11,2,13,3,14,2,12,0,15,-2,21,-3,23,-3,23,-2,23,-1,18,0,14,2,11,2,8,1,6,-1,5,-1,5,-2,5,-4,4,-6,3,-7,2,-7,2,-7,0,-2,0,0,0,0,0,0,0,0,0,0,0,0,0,0,0,0,0,0,2,1,8,5,7,6,7,11,6,14,4,13,3,12,1,12,1,9,2,6,5,6,8,7,9,5,8,5,10,7,12,9,15,8,15,8,14,12,14,15,18,17,20,18,19,18,16,18,14,20,14,19,15,16"
38.034712076187134,515,"CSI,0,128,83,49,21,0,-17,-1,-14,-1,-14,0,-12,3,-10,7,-10,10,-8,14,-6,20,-7,19,-10,17,-12,15,-15,12,-16,11,-14,12,-11,10,-11,7,-10,6,-6,6,-4,5,-2,4,0,4,0,5,0,8,0,7,0,4,0,0,0,0,0,0,0,0,0,0,0,0,0,0,0,0,0,0,0,0,-2,-2,-8,-8,-9,-9,-10,-11,-9,-12,-8,-11,-6,-11,-4,-11,-5,-10,-7,-9,-8,-9,-8,-8,-8,-5,-10,-2,-14,-1,-18,-1,-18,0,-20,0,-23,-2,-24,-5,-24,-7,-26,-7,-28,-5,-27,-6,-27,-6,-26,-4,-23,-4"
38.13499093055725,516,"CSI,4,128,83,49,21,0,-19,6,-19,5,-15,4,-9,5,-6,9,-7,14,-6,16,-3,15,-5,15,-6,17,-6,21,-8,19,-9,17,-9,15,-8,12,-6,9,-5,8,-3,5,-1,3,-1,4,0,3,2,3,4,5,4,4,2,4,0,1,0,0,0,0,0,0,0,0,0,0,0,0,0,0,0,0,0,0,-2,-1,-8,-2,-11,-4,-13,-9,-11,-12,-9,-11,-7,-9,-6,-8,-6,-9,-7,-7,-9,-5,-11,-2,-12,0,-12,1,-14,4,-17,5,-18,4,-18,2,-20,1,-24,4,-25,6,-26,4,-28,2,-27,3,-26,1,-24,1,-20,2"
38.23956489562988,517,"CSI,9,128,83,49,21,0,4,-20,1,-18,-2,-16,-7,-15,-10,-13,-10,-12,-12,-15,-15,-20,-16,-17,-15,-14,-13,-15,-10,-17,-8,-20,-7,-19,-6,-15,-5,-13,-4,-10,-5,-7,-6,-5,-6,-4,-5,-3,-6,-3,-6,-2,-7,0,-8,0,-2,0,0,0,0,0,0,0,0,0,0,0,0,0,0,0,0,0,0,0,1,-3,5,-10,7,-9,9,-8,11,-8,11,-7,10,-6,8,-6,6,-6,6,-5,6,-7,5,-11,3,-13,4,-14,4,-14,4,-15,5,-17,3,-19,3,-21,7,-23,9,-25,9,-26,10,-25,9,-26,8,-27,9,-26,9,-23"
38.33658695220947,518,"CSI,12,128,83,49,21,0,11,17,9,14,9,7,11,2,13,1,13,0,13,2,14,4,17,4,19,1,19,-1,20,1,20,4,17,5,16,5,14,3,12,2,8,1,5,-1,5,-2,5,-4,4,-5,4,-6,3,-6,1,-7,0,-2,0,0,0,0,0,0,0,0,0,0,0,0,0,0,0,0,0,0,2,2,7,10,6,12,3,13,2,12,2,11,0,10,-1,9,1,9,2,8,2,7,3,7,3,8,4,9,9,9,11,9,9,10,12,12,16,15,18,17,17,18,17,20,17,22,14,21,13,19,14,18,14,17"
38.44024395942688,519,"CSI,17,128,83,49,21,0,-7,18,-7,14,-5,12,0,14,3,13,3,11,6,12,12,16,12,16,9,16,7,16,4,16,2,16,2,16,0,14,-1,12,1,10,3,8,1,5,0,4,2,4,4,3,4,2,7,1,8,0,2,0,0,0,0,0,0,0,0,0,0,0,0,0,0,0,0,0,0,0,0,2,1,8,-1,9,-5,11,-8,10,-9,8,-10,7,-9,7,-10,6,-9,7,-6,9,-3,10,-2,10,-2,10,-2,12,-2,16,-2,19,-2,19,-2,21,-4,23,-7,23,-9,23,-7,23,-7,23,-9,26,-6,27,-4,23"
38.64904189109802,520,"CSI,24,128,83,49,21,0,-17,-3,-18,-2,-15,-1,-14,3,-13,5,-12,5,-14,4,-18,3,-18,8,-17,12,-16,12,-17,11,-19,9,-17,6,-14,4,-11,1,-10,-1,-8,0,-6,2,-4,2,-3,3,-3,5,-4,4,-4,3,-4,4,-1,1,0,0,0,0,0,0,0,0,0,0,0,0,0,0,0,0,0,0,-3,-1,-12,-3,-11,-4,-9,-7,-7,-8,-5,-6,-6,-6,-8,-6,-7,-5,-6,-3,-8,-1,-10,0,-11,1,-13,4,-14,3,-15,0,-18,-2,-22,-2,-22,-2,-23,-2,-25,-3,-26,-4,-26,-7,-25,-8,-22,-8,-24,-7,-26,-5"
38.74981498718262,521,"CSI,28,128,83,49,21,0,19,-6,15,-6,13,-7,10,-9,6,-11,5,-14,4,-15,1,-14,2,-14,6,-17,8,-19,10,-19,12,-15,11,-13,11,-12,10,-11,8,-9,4,-7,1,-5,1,-6,3,-7,4,-7,0,-6,-2,-6,-1,-6,-1,-2,0,0,0,0,0,0,0,0,0,0,0,0,0,0,0,0,0,0,2,-1,9,-3,10,-2,9,-2,8,-2,9,1,9,2,6,2,5,1,7,-2,9,-6,10,-7,11,-7,11,-9,10,-11,12,-10,14,-9,16,-9,18,-8,20,-9,19,-11,18,-10,20,-7,21,-7,20,-11,19,-13,20,-12"
38.852638959884644,522,"CSI,32,128,83,49,21,0,-18,12,-16,9,-15,6,-14,7,-12,9,-10,11,-6,14,-3,15,-6,13,-12,13,-12,15,-12,14,-15,12,-16,11,-14,8,-12,5,-10,6,-7,6,-6,6,-4,6,-2,7,-3,7,-3,4,-3,3,-2,4,-1,1,0,0,0,0,0,0,0,0,0,0,0,0,0,0,0,0,0,0,-1,2,-3,9,-4,8,-7,8,-8,6,-10,2,-10,2,-7,4,-6,4,-7,5,-8,5,-6,7,-4,8,-6,9,-6,12,-5,14,-7,17,-9,18,-12,18,-13,18,-15,18,-18,17,-18,15,-18,14,-20,14,-20,15,-18,18"
38.95034170150757,523,"CSI,37,128,83,49,21,0,3,17,-1,15,0,13,2,10,6,8,11,9,15,10,19,8,18,7,16,9,14,11,10,13,10,13,11,12,8,11,5,11,4,8,3,3,2,1,3,0,4,1,4,2,4,2,3,0,2,0,0,0,0,0,0,0,0,0,0,0,0,0,0,0,0,0,0,0,0,0,0,1,1,7,1,10,-1,10,-5,8,-4,7,-1,6,-1,6,-2,7,-1,8,0,7,1,7,1,7,3,8,6,10,7,13,10,16,10,16,6,18,4,21,5,22,4,20,3,21,4,22,6,22,7,21,7,17"
39.060335874557495,524,"CSI,40,128,83,49,21,0,-6,-19,-6,-17,-6,-14,-7,-8,-10,-4,-13,-4,-18,-6,-22,-8,-21,-6,-19,-4,-19,-3,-18,-3,-17,-4,-17,-7,-16,-8,-12,-10,-7,-8,-6,-6,-5,-3,-3,-2,-2,-1,-3,0,-3,0,-3,0,-5,1,-2,0,0,0,0,0,0,0,0,0,0,0,0,0,0,0,0,0,0,0,-1,-3,0,-9,2,-8,2,-9,3,-11,2,-12,0,-9,-1,-7,-1,-7,-1,-7,-2,-6,-2,-8,-3,-10,-4,-11,-5,-12,-7,-14,-10,-15,-11,-15,-11,-16,-11,-18,-10,-18,-9,-19,-9,-20,-9,-16,-9,-15,-12,-17,-11,-17"
39.162651777267456,525,"CSI,44,128,83,49,21,0,-19,-8,-17,-5,-13,-5,-13,-6,-13,-3,-14,-1,-15,4,-15,8,-13,8,-13,6,-16,5,-17,3,-17,1,-16,-2,-14,-3,-14,-3,-12,-4,-8,-3,-6,-1,-6,1,-5,1,-4,1,-4,1,-4,0,-4,-1,-1,-1,0,0,0,0,0,0,0,0,0,0,0,0,0,0,0,0,0,0,-3,-2,-10,-7,-8,-7,-5,-8,-5,-9,-5,-7,-3,-6,-3,-6,-4,-5,-4,-2,-5,-2,-7,-2,-11,-1,-14,-1,-14,-3,-15,-5,-17,-4,-19,-7,-20,-9,-20,-9,-20,-10,-20,-12,-21,-13,-21,-12,-20,-10,-19,-11,-21,-13"
39.26597189903259,526,"CSI,49,128,83,49,21,0,-14,-15,-11,-12,-11,-10,-14,-11,-15,-10,-14,-5,-12,-3,-9,-5,-10,-7,-15,-8,-16,-9,-15,-11,-16,-11,-15,-10,-12,-11,-8,-10,-6,-9,-6,-8,-6,-6,-6,-5,-6,-4,-5,-1,-4,0,-4,0,-5,2,-2,0,0,0,0,0,0,0,0,0,0,0,0,0,0,0,0,0,0,0,-3,-1,-9,-3,-8,-5,-7,-8,-5,-7,-4,-7,-4,-8,-3,-8,-2,-8,-3,-7,-4,-7,-6,-6,-7,-3,-8,0,-9,0,-13,-3,-16,-6,-17,-8,-17,-9,-18,-11,-19,-12,-17,-13,-15,-15,-14,-16,-14,-14,-18,-15,-21,-14"
39.46812391281128,527,"CSI,57,128,83,49,21,0,11,-21,8,-17,6,-15,3,-13,0,-11,-2,-13,-6,-14,-10,-12,-9,-13,-7,-16,-5,-19,-4,-21,-3,-21,-2,-19,1,-15,2,-12,0,-10,-2,-9,-2,-8,-1,-8,-2,-9,-4,-8,-6,-6,-6,-5,-6,-3,-2,-1,0,0,0,0,0,0,0,0,0,0,0,0,0,0,0,0,0,0,2,-1,10,-4,11,-5,12,-3,13,-2,11,1,7,2,6,-1,6,-2,5,-3,6,-5,7,-6,6,-8,7,-10,7,-9,7,-12,9,-17,11,-17,14,-16,15,-17,12,-18,10,-19,13,-18,14,-18,13,-18,14,-19,15,-18"
39.571160078048706,528,"CSI,61,128,83,49,21,0,-19,-8,-19,-3,-18,-1,-14,-1,-12,3,-12,5,-12,7,-10,11,-8,12,-12,11,-16,8,-18,5,-17,5,-16,3,-13,2,-13,3,-13,5,-11,5,-8,4,-5,3,-4,3,-3,3,-1,4,-1,6,-1,7,-1,1,0,0,0,0,0,0,0,0,0,0,0,0,0,0,0,0,0,0,-3,-2,-9,-7,-9,-9,-8,-8,-6,-6,-2,-8,-2,-9,-4,-7,-5,-3,-5,-3,-7,-3,-9,-3,-11,-4,-12,-6,-12,-4,-14,-2,-19,-3,-21,-5,-21,-5,-21,-8,-21,-9,-21,-7,-21,-6,-23,-7,-21,-9,-19,-10,-19,-11"
39.674898862838745,529,"CSI,64,128,83,49,21,0,-3,-23,-4,-19,-4,-15,-5,-15,-5,-14,-8,-10,-11,-9,-8,-9,-8,-11,-10,-13,-12,-14,-14,-13,-15,-14,-12,-15,-9,-14,-7,-12,-4,-8,-3,-5,-3,-7,-4,-7,-7,-7,-7,-5,-5,-3,-4,-1,-4,0,-1,-1,0,0,0,0,0,0,0,0,0,0,0,0,0,0,0,0,0,0,-1,-2,-1,-7,1,-10,2,-9,1,-8,-1,-7,-1,-6,0,-6,-1,-7,-1,-8,0,-9,-2,-10,-5,-11,-5,-14,-6,-15,-6,-14,-6,-15,-8,-17,-8,-20,-4,-23,-1,-23,-1,-19,-2,-20,-3,-23,-6,-24,-7,-23,-7,-21"
39.87806987762451,530,"CSI,72,128,83,49,21,0,-24,-12,-21,-9,-15,-4,-12,-1,-12,0,-12,2,-14,5,-17,8,-17,9,-16,8,-14,4,-14,2,-17,1,-17,1,-15,0,-13,0,-11,1,-7,1,-6,1,-8,1,-7,1,-4,1,-1,2,1,3,1,7,0,2,0,0,0,0,0,0,0,0,0,0,0,0,0,0,0,0,0,0,-2,-1,-9,-4,-10,-5,-9,-8,-8,-9,-5,-8,-3,-6,-3,-6,-5,-6,-5,-5,-6,-3,-8,-2,-10,-3,-12,-3,-15,-4,-18,-4,-21,-2,-19,-4,-16,-7,-17,-8,-17,-8,-17,-10,-18,-11,-19,-9,-20,-11,-21,-12,-22,-9"
39.97764492034912,531,"CSI,76,128,83,49,21,0,18,-5,16,-4,11,-7,7,-9,6,-11,6,-13,8,-12,12,-10,13,-13,13,-16,12,-17,11,-17,9,-16,10,-13,11,-11,10,-8,8,-5,7,-4,4,-5,2,-6,4,-6,4,-4,0,-3,-3,-4,-3,-4,-1,-1,0,0,0,0,0,0,0,0,0,0,0,0,0,0,0,0,0,0,1,-2,6,-4,7,-1,7,0,9,1,9,2,7,3,5,3,5,1,5,-3,6,-4,8,-2,8,-1,7,-3,8,-5,13,-8,17,-11,19,-9,18,-5,17,-3,14,-4,13,-3,17,-4,19,-5,21,-7,21,-10,18,-12"
40.08158588409424,532,"CSI,81,128,83,49,21,0,13,-15,11,-14,10,-11,7,-9,4,-12,0,-15,-4,-17,-2,-21,-3,-22,-4,-19,-5,-17,-5,-16,-5,-18,-2,-20,2,-16,2,-13,1,-11,0,-9,-1,-7,-1,-6,-2,-5,-3,-5,-3,-4,-4,-2,-4,-2,-1,-1,0,0,0,0,0,0,0,0,0,0,0,0,0,0,0,0,0,0,1,-1,7,-1,8,2,8,3,7,5,6,5,5,4,4,1,6,0,8,1,8,2,8,1,9,-2,10,-6,12,-10,13,-11,14,-11,15,-9,14,-10,16,-12,20,-10,18,-9,15,-10,16,-10,18,-11,17,-11,16,-12"
40.17947578430176,533,"CSI,84,128,83,49,21,0,9,16,7,15,9,11,10,7,9,4,12,2,14,1,10,-3,10,-1,16,2,19,4,18,5,16,6,14,7,12,7,10,7,8,6,5,3,3,1,3,0,3,-1,2,-3,0,-4,1,-5,3,-6,1,-2,0,0,0,0,0,0,0,0,0,0,0,0,0,0,0,0,0,0,0,2,0,7,-1,7,-3,9,-4,11,-4,10,-3,9,-1,7,0,6,0,7,1,7,1,7,3,9,6,12,8,13,8,13,8,14,8,16,10,18,12,18,11,17,9,19,7,19,4,19,6,20,8,20,6,18"
40.28723978996277,534,"CSI,89,128,83,49,21,0,2,-17,1,-16,-1,-15,-3,-13,-6,-12,-6,-12,-8,-9,-12,-4,-11,-6,-7,-11,-9,-13,-9,-15,-6,-15,-4,-14,-4,-13,-3,-13,-3,-10,-2,-7,-2,-5,-3,-5,-4,-3,-6,-2,-6,-2,-5,-1,-4,0,-1,-1,0,0,0,0,0,0,0,0,0,0,0,0,0,0,0,0,0,0,0,-4,1,-12,4,-10,6,-9,6,-8,7,-4,6,-4,5,-5,5,-6,2,-6,-1,-7,-1,-9,0,-11,-1,-14,-3,-17,-4,-18,-1,-19,2,-22,2,-24,1,-24,1,-22,3,-21,4,-21,5,-23,4,-26,2,-24,0,-21"
40.35778188705444,535,"CSI,1057,128,77,-47,20,0,-14,-15,-15,-9,-11,-5,-10,-4,-11,-3,-11,-2,-16,-3,-22,-6,-22,-4,-18,-3,-16,-4,-16,-4,-18,-5,-18,-8,-14,-10,-10,-10,-8,-6,-8,-4,-8,-3,-9,-1,-9,1,-6,2,-4,4,-4,3,-4,3,-1,0,0,0,0,0,0,0,0,0,0,0,0,0,0,0,0,0,0,0,-3,-1,-11,-3,-9,-5,-7,-6,-6,-8,-6,-8,-5,-7,-5,-6,-4,-6,-4,-6,-6,-4,-8,-2,-10,-2,-13,-4,-14,-4,-16,-5,-18,-9,-17,-11,-18,-8,-17,-7,-17,-8,-21,-10,-20,-13,-18,-13,-19,-15,-20,-19,-22,-19"
40.38815093040466,536,"CSI,1058,128,77,-47,20,0,13,15,11,13,10,12,11,9,14,5,17,3,17,0,15,-2,14,0,14,2,15,4,17,6,16,7,13,5,10,4,9,5,7,4,6,2,4,2,2,2,2,2,3,-1,3,-4,3,-3,4,-2,1,-1,0,0,0,0,0,0,0,0,0,0,0,0,0,0,0,0,0,0,1,2,7,8,6,7,5,9,2,11,-1,9,-2,6,-2,5,-1,6,0,5,3,2,5,2,7,3,10,3,12,5,11,9,12,11,13,11,13,12,13,13,13,15,13,17,13,19,12,20,12,19,13,16,14,16"
40.41390371322632,537,"CSI,92,128,83,49,21,0,11,11,10,10,9,10,10,8,10,5,8,2,13,2,22,5,25,4,22,3,18,5,16,4,15,4,14,6,11,6,7,6,6,4,5,1,3,-1,4,0,5,-1,4,-2,4,-3,5,-2,3,-1,0,-1,0,0,0,0,0,0,0,0,0,0,0,0,0,0,0,0,0,0,0,1,5,6,7,7,5,8,4,8,3,6,2,7,2,8,1,9,2,5,4,4,6,7,10,10,12,8,11,5,12,6,14,8,14,10,13,9,15,9,15,11,14,13,14,13,14,15,14,17,14,17,14,17"
40.488998889923096,538,"CSI,97,128,83,49,21,0,18,-4,16,-3,14,-4,12,-6,9,-7,7,-11,11,-15,16,-18,15,-17,12,-15,11,-15,11,-15,11,-13,10,-11,10,-9,10,-7,7,-5,6,-5,4,-5,3,-6,4,-6,3,-6,0,-7,-2,-7,-2,-8,-1,-3,0,0,0,0,0,0,0,0,0,0,0,0,0,0,0,0,0,0,2,1,10,5,10,4,9,6,6,8,2,7,2,4,3,4,2,4,1,1,2,-2,5,-3,6,-1,8,-1,14,-2,16,-1,15,-1,16,-1,18,1,20,4,19,5,19,4,19,2,18,2,19,1,21,-1,22,-4"
40.59710383415222,539,"CSI,101,128,83,49,21,0,-10,-14,-11,-12,-10,-9,-11,-7,-14,-7,-16,-6,-18,-6,-21,-6,-21,-4,-20,-3,-18,-5,-17,-7,-17,-7,-16,-8,-13,-9,-9,-9,-7,-7,-6,-4,-3,-3,-2,-3,-3,-2,-3,-2,-5,-3,-5,1,-4,5,-1,1,0,0,0,0,0,0,0,0,0,0,0,0,0,0,0,0,0,0,-1,-2,-4,-6,-4,-8,-2,-8,0,-8,2,-8,2,-7,-1,-6,-3,-5,-3,-5,-4,-6,-4,-8,-7,-8,-12,-9,-16,-9,-16,-8,-16,-12,-15,-17,-13,-17,-12,-16,-12,-18,-12,-20,-12,-19,-13,-17,-14,-20,-13,-20,-12,-15"
40.696117877960205,540,"CSI,105,128,83,49,21,0,-19,-1,-14,2,-13,4,-15,6,-15,6,-14,5,-14,7,-16,12,-15,13,-13,10,-12,9,-14,9,-16,7,-15,4,-13,3,-13,3,-11,2,-8,4,-4,4,-2,2,-3,3,-4,4,-3,4,-1,6,0,7,-1,2,0,0,0,0,0,0,0,0,0,0,0,0,0,0,0,0,0,0,-3,0,-11,0,-11,-1,-11,-4,-11,-7,-11,-7,-8,-6,-5,-5,-5,-4,-7,-4,-7,-3,-7,0,-8,3,-9,4,-11,3,-16,2,-19,2,-18,2,-20,1,-24,0,-24,0,-22,1,-21,-2,-21,-3,-23,1,-24,2,-22,-1"
40.79526972770691,541,"CSI,109,128,83,49,21,0,-6,17,-5,14,-3,13,0,13,3,13,2,12,6,13,14,14,12,13,6,15,5,17,3,17,2,16,3,15,4,15,3,13,-1,9,1,6,4,5,4,7,4,6,3,5,3,4,2,0,2,-1,0,-1,0,0,0,0,0,0,0,0,0,0,0,0,0,0,0,0,0,0,-1,1,-4,8,-5,10,-7,8,-8,5,-9,4,-9,4,-8,4,-5,6,-4,6,-5,4,-4,5,-2,7,2,9,3,11,1,14,-1,18,-3,20,-6,19,-9,20,-11,21,-10,21,-9,19,-9,17,-10,19,-9,21,-7,20"
40.90508198738098,542,"CSI,113,128,83,49,21,0,6,-16,1,-13,-2,-13,-4,-16,-5,-14,-8,-12,-8,-13,-5,-14,-5,-15,-8,-16,-11,-15,-12,-16,-8,-16,-2,-15,-1,-13,-1,-10,-1,-8,-1,-6,-3,-1,-5,-1,-8,-3,-8,-2,-6,-1,-4,-2,-5,-2,-2,-1,0,0,0,0,0,0,0,0,0,0,0,0,0,0,0,0,0,0,2,-2,7,-5,7,-4,9,-2,10,-1,10,-1,8,-1,6,-2,6,-2,4,-3,1,-6,0,-9,-1,-10,-1,-10,1,-11,2,-14,3,-18,5,-18,8,-18,10,-20,10,-22,10,-20,11,-18,11,-20,11,-19,12,-18,12,-19"
41.00375986099243,543,"CSI,117,128,83,49,21,0,4,-14,1,-13,0,-13,-1,-13,-5,-12,-7,-13,-10,-12,-14,-9,-12,-11,-9,-13,-11,-15,-11,-16,-9,-14,-6,-12,-6,-10,-5,-7,-4,-4,-5,-2,-6,1,-6,1,-4,1,-4,0,-5,1,-5,2,-5,1,-2,0,0,0,0,0,0,0,0,0,0,0,0,0,0,0,0,0,0,0,3,1,11,5,8,7,6,9,6,9,5,8,1,7,1,4,3,1,5,1,4,-1,4,-4,4,-6,5,-9,8,-11,10,-12,12,-12,14,-13,15,-15,17,-14,17,-14,18,-13,18,-12,16,-11,16,-12,16,-14,13,-12"
41.03859305381775,544,"CSI,1059,128,77,-47,20,0,-5,-17,-5,-14,-6,-12,-8,-11,-9,-9,-13,-7,-16,-5,-18,-6,-19,-8,-19,-10,-16,-9,-11,-10,-11,-13,-11,-12,-10,-12,-9,-11,-8,-8,-7,-5,-7,-4,-6,-3,-4,-1,-5,-1,-5,0,-5,-1,-7,-1,-2,-1,0,0,0,0,0,0,0,0,0,0,0,0,0,0,0,0,0,0,-2,-4,-4,-13,1,-10,3,-9,2,-9,2,-10,3,-7,2,-5,2,-4,3,-4,0,-7,-3,-8,-5,-7,-9,-9,-8,-12,-7,-15,-10,-18,-11,-19,-9,-20,-9,-20,-9,-21,-7,-24,-6,-24,-5,-23,-7,-24,-9,-21,-6,-17"
41.106268882751465,545,"CSI,121,128,83,49,21,0,2,-15,1,-13,0,-13,-2,-14,-5,-15,-9,-17,-9,-14,-6,-8,-5,-12,-6,-18,-6,-19,-4,-18,-3,-17,-2,-15,-1,-13,-1,-9,-1,-7,-1,-5,-4,-4,-4,-5,-4,-6,-4,-5,-5,-4,-4,-4,-3,-4,-1,-1,0,0,0,0,0,0,0,0,0,0,0,0,0,0,0,0,0,0,0,-2,4,-8,5,-8,5,-8,7,-8,9,-7,8,-4,8,-1,6,-5,2,-8,-1,-6,-3,-6,-4,-9,-3,-11,-2,-14,-3,-17,-2,-20,-1,-22,0,-22,1,-23,2,-23,4,-21,7,-20,6,-20,8,-21,9,-24,7,-24"
41.413527965545654,546,"CSI,133,128,83,49,21,0,3,-16,0,-13,-2,-10,-3,-12,-5,-14,-8,-14,-11,-11,-14,-8,-13,-11,-11,-15,-9,-14,-10,-15,-11,-17,-6,-15,-3,-14,-4,-12,-3,-9,-1,-6,0,-5,-3,-3,-4,-2,-4,-2,-6,-2,-7,0,-6,1,-2,0,0,0,0,0,0,0,0,0,0,0,0,0,0,0,0,0,0,0,2,-2,10,-5,11,-4,11,-3,9,-3,8,-1,8,2,6,2,3,0,1,-3,1,-6,3,-8,5,-8,5,-8,4,-10,4,-13,5,-16,5,-17,6,-18,8,-20,9,-19,10,-17,11,-18,11,-19,10,-20,10,-20,13,-20"
41.51599478721619,547,"CSI,136,128,83,49,21,0,0,-15,-3,-11,-5,-11,-7,-11,-7,-11,-9,-9,-9,-8,-7,-8,-10,-9,-13,-12,-13,-14,-14,-15,-14,-14,-11,-13,-6,-11,-3,-9,-3,-6,-3,-4,-5,-2,-7,-1,-7,-2,-7,0,-7,1,-10,2,-11,4,-3,1,0,0,0,0,0,0,0,0,0,0,0,0,0,0,0,0,0,0,0,-2,5,-8,8,-9,10,-8,10,-6,10,-5,8,-4,6,-5,6,-7,6,-8,6,-9,4,-9,1,-8,1,-9,1,-11,-1,-13,-1,-18,-1,-19,0,-18,2,-19,1,-22,2,-24,4,-25,7,-25,7,-24,4,-22,3,-19"
41.6136999130249,548,"CSI,140,128,83,49,21,0,11,13,11,9,9,5,10,2,14,0,14,-2,16,-4,22,-8,21,-10,20,-6,21,-2,20,2,17,4,16,4,15,5,12,6,8,6,6,3,4,-1,3,-4,4,-4,4,-3,2,-4,1,-6,1,-6,0,-2,0,0,0,0,0,0,0,0,0,0,0,0,0,0,0,0,0,0,1,2,6,10,4,10,1,11,0,11,0,10,1,8,2,8,2,7,1,7,2,8,4,9,6,8,9,8,11,8,14,7,16,8,16,8,14,9,15,11,16,11,16,12,15,15,15,19,15,20,16,17,16,17"
41.722967863082886,549,"CSI,145,128,83,49,21,0,-12,-17,-11,-12,-11,-7,-11,-2,-13,-1,-14,0,-19,3,-25,3,-23,2,-21,3,-21,3,-19,1,-18,-2,-17,-4,-15,-5,-13,-5,-10,-3,-8,-2,-5,0,-3,3,-5,4,-3,3,0,4,0,4,-1,5,-1,1,0,0,0,0,0,0,0,0,0,0,0,0,0,0,0,0,0,0,-1,-3,-1,-10,-1,-10,-1,-10,0,-10,2,-9,2,-8,2,-7,-1,-6,-2,-7,-2,-8,-4,-10,-6,-11,-8,-10,-10,-9,-12,-11,-17,-13,-18,-13,-16,-13,-14,-17,-12,-18,-12,-18,-13,-20,-12,-22,-12,-21,-14,-20,-17,-18"
41.8203649520874,550,"CSI,148,128,83,49,21,0,-1,11,1,9,1,7,4,8,7,10,10,11,12,11,14,13,16,13,15,11,15,10,17,12,16,15,12,13,9,10,6,7,4,5,4,2,4,1,5,0,4,-2,6,-4,6,-3,5,-3,3,-5,0,-2,0,0,0,0,0,0,0,0,0,0,0,0,0,0,0,0,0,0,-3,1,-10,5,-10,5,-10,4,-12,2,-12,0,-11,0,-10,1,-8,0,-6,1,-5,5,-4,10,-2,11,1,10,0,10,-1,12,-2,17,-4,21,-5,21,-5,22,-6,24,-6,23,-6,21,-6,20,-6,21,-6,20,-7,17"
41.923046827316284,551,"CSI,153,128,83,49,21,0,-16,6,-14,7,-10,7,-7,5,-5,6,-3,12,-1,16,1,15,-1,14,-5,15,-8,16,-12,13,-14,10,-11,8,-8,7,-6,7,-5,6,-3,4,-2,4,-1,4,0,4,1,5,2,6,2,5,2,3,0,0,0,0,0,0,0,0,0,0,0,0,0,0,0,0,0,0,0,0,-3,1,-10,4,-10,2,-11,1,-11,-1,-9,-2,-8,-2,-6,-3,-5,-3,-7,-2,-7,1,-5,3,-5,3,-8,5,-11,7,-12,9,-14,9,-15,8,-17,9,-20,8,-21,8,-22,5,-24,4,-23,6,-22,6,-23,7,-23,9"
42.02437877655029,552,"CSI,157,128,83,49,21,0,12,2,10,-1,9,-5,8,-9,7,-10,5,-10,5,-15,8,-22,7,-23,6,-20,7,-16,9,-13,9,-10,10,-10,9,-8,8,-5,6,-3,4,-2,2,-4,0,-4,-1,-4,-5,-4,-8,-3,-6,-3,-4,-3,-1,-1,0,0,0,0,0,0,0,0,0,0,0,0,0,0,0,0,0,0,0,1,3,5,1,8,1,10,1,12,-2,12,-2,10,0,8,-1,8,0,6,3,6,7,6,9,3,9,-1,10,-3,13,0,15,4,18,7,20,8,21,8,21,7,24,8,23,12,18,11,17,9,21,8,23,7"
42.23028492927551,553,"CSI,165,128,83,49,21,0,-12,11,-9,10,-5,10,-1,12,1,14,0,14,-3,15,-6,20,-3,21,0,21,-1,19,-5,17,-8,16,-6,15,-3,11,-4,7,-4,5,-2,6,0,6,0,5,1,4,2,3,3,4,3,4,3,3,0,0,0,0,0,0,0,0,0,0,0,0,0,0,0,0,0,0,0,0,-2,2,-5,10,-5,8,-8,8,-10,7,-10,4,-8,3,-8,5,-8,5,-6,5,-2,4,-1,6,-2,9,-1,12,-1,13,-4,16,-6,19,-6,18,-8,17,-11,17,-13,19,-14,18,-16,15,-16,13,-15,15,-15,18,-14,19"
42.43460297584534,554,"CSI,172,128,83,49,21,0,11,7,11,6,10,4,11,2,14,-1,15,-4,13,-4,10,-6,12,-7,14,-6,17,-4,20,-3,20,-2,15,0,12,0,8,-2,4,-2,3,-3,3,-4,4,-5,3,-4,0,-5,-1,-5,-1,-5,-1,-3,-1,-1,0,0,0,0,0,0,0,0,0,0,0,0,0,0,0,0,0,0,0,2,1,10,-2,11,-4,11,-4,11,-3,10,-3,8,-4,7,-3,5,-1,3,1,3,2,5,5,4,8,3,11,5,12,6,14,8,13,12,11,14,15,13,17,13,13,14,12,15,13,16,13,17,13,14,15,10"
42.540014028549194,555,"CSI,177,128,83,49,21,0,-13,-1,-14,1,-12,4,-9,5,-10,5,-11,6,-12,11,-15,16,-15,16,-15,14,-15,12,-15,10,-15,8,-13,5,-12,3,-11,2,-9,2,-7,5,-5,6,-4,5,-2,1,-3,1,-2,5,-1,6,-1,4,-1,0,0,0,0,0,0,0,0,0,0,0,0,0,0,0,0,0,0,0,-4,0,-14,-1,-12,-5,-10,-7,-8,-8,-7,-9,-7,-10,-4,-9,-3,-8,-5,-7,-6,-4,-7,-1,-9,-1,-11,0,-13,3,-14,3,-18,2,-22,1,-21,-1,-19,-3,-20,-2,-22,-3,-24,-6,-23,-6,-21,-5,-21,-2,-21,3"
42.74311804771423,556,"CSI,185,128,83,49,21,0,-15,1,-9,2,-6,6,-7,10,-7,11,-4,12,-2,13,-1,11,-2,13,-3,18,-3,17,-6,15,-8,14,-7,11,-6,9,-6,7,-7,6,-5,5,-2,5,0,5,1,4,2,2,6,3,7,4,6,5,1,1,0,0,0,0,0,0,0,0,0,0,0,0,0,0,0,0,0,0,-3,-2,-9,-5,-8,-7,-7,-10,-6,-11,-5,-12,-5,-12,-3,-9,-2,-5,-2,-3,-5,-3,-8,-2,-10,2,-10,3,-11,1,-15,2,-19,5,-20,4,-20,3,-21,3,-22,3,-22,4,-24,2,-26,-1,-27,-2,-25,1,-25,2"
42.94883608818054,557,"CSI,193,128,83,49,21,0,4,-19,-2,-14,-6,-12,-8,-9,-9,-6,-10,-4,-16,-1,-20,-2,-19,-6,-17,-9,-16,-9,-15,-8,-13,-10,-11,-10,-9,-9,-8,-10,-6,-7,-4,-3,-3,0,-4,2,-3,2,-2,0,-4,1,-5,3,-4,6,-1,1,0,0,0,0,0,0,0,0,0,0,0,0,0,0,0,0,0,0,1,-2,8,-6,9,-6,12,-4,13,-2,12,0,10,0,7,-1,6,-2,4,-3,3,-6,2,-9,1,-10,0,-10,2,-12,2,-16,1,-20,1,-19,3,-17,7,-18,9,-21,6,-23,2,-24,2,-24,4,-23,4,-22,2,-21"
43.150508880615234,558,"CSI,201,128,83,49,21,0,19,0,15,-1,10,-2,7,-3,8,-6,8,-12,8,-18,9,-22,8,-23,8,-19,8,-16,7,-14,8,-13,7,-10,6,-7,6,-6,4,-6,2,-5,0,-4,-2,-4,-2,-4,-4,-5,-5,-4,-5,-3,-6,-5,-2,-2,0,0,0,0,0,0,0,0,0,0,0,0,0,0,0,0,0,0,1,2,4,10,3,11,1,12,-1,12,-3,11,-3,9,0,8,2,6,3,4,5,5,5,5,6,4,8,3,10,3,14,2,19,2,19,5,16,7,17,6,19,3,19,1,21,2,22,4,22,4,22,5,19,5"
43.254639863967896,559,"CSI,205,128,83,49,21,0,-10,12,-10,12,-8,11,-4,7,-2,6,2,9,4,11,1,11,-2,11,0,14,3,15,6,13,5,14,2,15,0,13,-1,8,-2,5,0,2,2,0,3,1,4,2,4,2,3,2,3,2,2,2,0,0,0,0,0,0,0,0,0,0,0,0,0,0,0,0,0,0,0,0,-2,-1,-10,-2,-12,-3,-11,-6,-9,-8,-8,-8,-7,-7,-4,-5,-4,-3,-4,0,-5,3,-9,4,-11,5,-10,5,-12,8,-12,11,-12,11,-12,10,-13,9,-15,9,-17,12,-16,12,-16,10,-15,12,-16,14,-18,12,-18,12"
43.356367111206055,560,"CSI,208,128,83,49,21,0,11,13,10,11,9,4,8,-1,10,-2,12,-4,12,-4,9,-1,11,-2,17,-6,18,-8,15,-7,14,-6,15,-5,13,-4,9,-3,7,-4,4,-5,1,-4,1,-4,-1,-4,-1,-3,-2,-2,-4,-2,-3,-4,-1,-2,0,0,0,0,0,0,0,0,0,0,0,0,0,0,0,0,0,0,-2,2,-8,7,-11,7,-12,7,-11,6,-9,4,-5,2,-3,2,-3,3,-2,3,1,5,2,9,4,10,3,11,2,12,4,12,8,15,9,16,8,15,7,16,7,15,10,17,12,19,12,19,10,18,10,18,10,22"
43.5599091053009,561,"CSI,216,128,83,49,21,0,12,2,10,2,10,2,10,-3,11,-8,11,-9,12,-12,13,-17,13,-15,13,-10,14,-7,14,-7,15,-6,14,-4,11,-3,10,-2,8,-3,5,-5,3,-5,2,-4,2,-5,2,-5,-1,-6,-1,-7,1,-9,0,-3,0,0,0,0,0,0,0,0,0,0,0,0,0,0,0,0,0,0,1,1,6,4,6,6,7,10,7,11,5,9,4,7,3,6,3,6,3,5,5,5,7,3,8,3,11,3,13,2,14,3,18,4,19,4,18,4,19,5,20,5,21,4,21,4,20,8,20,12,19,11,20,10"
43.6670298576355,562,"CSI,221,128,83,49,21,0,-17,-8,-16,-5,-13,-3,-12,-3,-9,1,-7,6,-12,11,-16,16,-14,16,-11,13,-12,11,-13,12,-14,13,-15,11,-14,10,-10,7,-7,3,-6,3,-4,4,-1,5,1,5,2,4,3,4,3,5,0,6,-1,1,0,0,0,0,0,0,0,0,0,0,0,0,0,0,0,0,0,0,1,-3,4,-11,3,-11,6,-10,8,-9,8,-9,9,-8,8,-6,4,-4,1,-4,-2,-6,-6,-8,-6,-9,-5,-10,-6,-12,-9,-12,-13,-12,-16,-14,-14,-16,-13,-16,-14,-16,-14,-16,-15,-16,-16,-16,-16,-17,-14,-19,-12,-22"
43.867493867874146,563,"CSI,228,128,83,49,21,0,16,-2,13,-3,12,-4,9,-6,6,-8,7,-10,8,-11,12,-15,12,-18,11,-19,10,-18,9,-14,9,-10,9,-9,8,-9,7,-8,5,-8,2,-6,0,-6,0,-8,0,-6,-2,-2,-3,-1,-5,-4,-4,-6,-1,-2,0,0,0,0,0,0,0,0,0,0,0,0,0,0,0,0,0,0,2,1,10,8,8,10,5,10,2,8,0,6,-2,5,-3,4,-1,3,3,1,4,1,5,1,9,0,11,-2,12,-1,15,0,19,1,21,1,21,2,21,3,23,2,24,1,24,2,23,2,21,3,18,5,15,4"
44.07208180427551,564,"CSI,237,128,83,49,21,0,14,6,11,5,12,3,15,1,15,-1,12,-2,16,-3,22,-3,23,-4,22,-6,19,-4,16,-3,16,-1,16,1,13,3,9,3,8,2,8,0,6,-3,4,-3,4,-3,4,-3,3,-4,3,-4,3,-5,0,-2,0,0,0,0,0,0,0,0,0,0,0,0,0,0,0,0,0,0,1,2,5,8,3,9,0,11,0,12,-1,9,-1,5,-1,4,-2,4,-1,4,3,6,6,6,9,5,11,7,12,9,12,9,13,9,16,11,17,12,17,11,16,11,16,14,16,16,17,16,18,14,15,13,12,13"
44.27959990501404,565,"CSI,245,128,83,49,21,0,11,-12,8,-12,5,-13,3,-14,2,-13,2,-13,0,-15,3,-18,3,-19,-2,-17,-5,-17,-4,-18,-2,-18,2,-16,4,-12,2,-8,-1,-7,-2,-7,-3,-5,-4,-3,-4,-4,-3,-3,-5,-2,-6,-2,-5,0,-2,0,0,0,0,0,0,0,0,0,0,0,0,0,0,0,0,0,0,0,3,0,15,2,14,3,12,5,8,5,6,5,4,6,2,5,4,2,6,0,4,-3,2,-6,6,-6,10,-7,11,-9,12,-12,13,-10,15,-7,17,-9,18,-10,19,-9,21,-12,21,-14,18,-13,17,-13,19,-13,21,-13"
44.384596824645996,566,"CSI,249,128,83,49,21,0,-19,-9,-17,-8,-13,-4,-12,-2,-12,-1,-12,3,-18,6,-24,4,-23,2,-20,2,-18,4,-17,6,-15,2,-15,-1,-15,0,-10,1,-7,2,-7,3,-6,4,-6,4,-5,4,-3,5,-3,4,-4,4,-5,4,-2,0,0,0,0,0,0,0,0,0,0,0,0,0,0,0,0,0,0,0,-2,-2,-8,-9,-7,-11,-5,-11,-3,-12,-2,-13,-3,-11,-2,-7,1,-6,1,-8,-3,-7,-7,-6,-10,-5,-11,-4,-12,-6,-15,-6,-17,-8,-16,-9,-17,-8,-18,-8,-18,-10,-17,-12,-16,-15,-17,-17,-18,-16,-19,-15,-20,-16"
44.48549485206604,567,"CSI,253,128,83,49,21,0,-19,1,-16,2,-13,2,-12,3,-12,4,-14,5,-16,11,-18,16,-17,14,-17,12,-17,9,-15,6,-14,3,-13,2,-12,1,-11,-1,-11,-1,-8,2,-5,4,-5,4,-5,4,-3,3,-1,3,-2,4,-3,4,-1,1,0,0,0,0,0,0,0,0,0,0,0,0,0,0,0,0,0,0,-3,0,-10,1,-12,0,-13,-3,-13,-3,-9,-3,-7,-6,-7,-6,-7,-6,-7,-3,-6,-1,-6,1,-9,3,-12,3,-13,3,-15,3,-17,3,-18,3,-19,3,-22,2,-24,0,-24,-1,-23,-2,-24,-1,-25,-1,-21,0,-17,1"
44.51874494552612,568,"CSI,1060,128,75,-79,20,0,8,-11,3,-11,2,-11,1,-11,-2,-13,-4,-18,-6,-18,-9,-15,-8,-14,-5,-15,-2,-18,1,-19,1,-18,0,-14,0,-11,-1,-10,-2,-10,-2,-9,-2,-8,-4,-6,-6,-5,-6,-4,-6,-3,-7,-2,-7,-2,-2,-1,0,0,0,0,0,0,0,0,0,0,0,0,0,0,0,0,0,0,2,-1,10,-3,12,-2,12,0,11,1,9,2,7,2,6,1,4,-1,3,-4,3,-5,4,-7,4,-11,4,-11,4,-11,8,-12,12,-14,13,-15,12,-13,13,-13,14,-15,15,-15,15,-15,16,-16,16,-16,13,-12,10,-9"
44.58535075187683,569,"CSI,256,128,83,49,21,0,-9,8,-9,9,-7,11,-2,11,1,10,1,11,3,14,7,20,6,19,2,15,-1,13,-2,13,-1,14,-2,12,-3,10,-1,9,2,7,4,5,4,3,3,2,4,2,5,3,5,2,5,2,4,3,0,0,0,0,0,0,0,0,0,0,0,0,0,0,0,0,0,0,0,0,-3,0,-10,3,-11,2,-13,0,-13,-3,-11,-3,-9,-2,-9,-2,-10,-2,-8,0,-6,3,-6,6,-8,7,-10,8,-9,9,-10,8,-12,8,-14,11,-14,13,-16,14,-17,15,-18,13,-20,9,-20,8,-17,10,-16,10,-15,9"
44.99407982826233,570,"CSI,272,128,83,49,21,0,-5,14,-3,11,-3,12,-2,13,-1,11,1,12,5,13,9,15,7,15,3,16,-1,16,-5,14,-6,12,-3,12,-2,11,-5,8,-6,5,-6,4,-3,4,0,4,3,3,3,3,3,4,3,3,2,4,0,1,0,0,0,0,0,0,0,0,0,0,0,0,0,0,0,0,0,0,0,2,1,11,-1,10,-4,9,-5,8,-5,6,-7,5,-6,4,-5,5,-4,7,-2,8,-1,8,0,8,1,9,0,11,-2,12,-2,14,-2,16,-3,15,-2,16,-5,19,-8,20,-9,19,-11,20,-14,22,-12,20,-8,18"
45.20297074317932,571,"CSI,281,128,83,49,21,0,-10,-15,-11,-12,-14,-8,-14,-6,-11,-6,-13,-3,-20,1,-25,3,-23,2,-19,0,-18,-3,-16,-2,-14,0,-12,-1,-12,-2,-12,-4,-9,-5,-7,-5,-4,-2,-2,1,-2,3,-1,5,1,6,1,6,-2,5,-1,1,0,0,0,0,0,0,0,0,0,0,0,0,0,0,0,0,0,0,0,-4,2,-13,4,-11,5,-8,7,-8,7,-8,5,-8,3,-9,2,-7,0,-4,-3,-5,-5,-9,-4,-11,-3,-11,-5,-12,-4,-14,-5,-18,-9,-21,-10,-21,-8,-22,-6,-22,-7,-21,-7,-21,-7,-22,-5,-22,-5,-21,-4,-20"
45.30597281455994,572,"CSI,285,128,83,49,21,0,-16,-2,-15,0,-13,-1,-11,1,-12,6,-12,9,-12,11,-12,12,-14,9,-16,5,-15,3,-13,6,-14,8,-14,7,-13,2,-11,0,-8,2,-5,4,-3,3,-2,2,-3,3,-1,3,0,5,0,5,-1,3,-1,0,0,0,0,0,0,0,0,0,0,0,0,0,0,0,0,0,0,0,-1,-2,-4,-8,-5,-11,-4,-12,-4,-11,-2,-10,0,-9,0,-7,-3,-6,-5,-8,-5,-8,-5,-6,-8,-5,-13,-4,-16,-5,-17,-8,-19,-10,-19,-11,-17,-10,-20,-10,-21,-12,-19,-14,-19,-14,-19,-13,-18,-13,-17,-12,-16,-10"
45.40405797958374,573,"CSI,0,128,80,-128,4,0,-17,-5,-18,-6,-18,-6,-17,-6,-16,-6,-15,-6,-13,-6,-10,-5,-7,-4,-5,-2,-3,0,-1,2,1,5,1,8,1,10,1,11,-1,11,-2,11,-3,10,-4,9,-5,8,-5,6,-4,4,-3,2,-2,1,-1,0,0,0,0,0,0,0,0,0,0,0,0,0,0,0,0,0,0,0,2,0,10,0,10,1,9,2,8,2,7,2,6,1,6,0,6,-2,6,-5,6,-7,7,-9,8,-10,9,-12,10,-13,10,-13,10,-13,11,-13,10,-13,9,-12,8,-11,6,-10,4,-8,2,-7,-2,-6,-6,-5,-9,-5"
45.429948806762695,574,"CSI,289,128,83,49,21,0,11,9,11,6,11,5,11,4,12,0,14,-1,17,1,20,1,19,-1,17,-1,16,1,13,2,10,4,10,4,11,4,10,5,9,5,5,2,3,-2,5,-2,5,-3,4,-4,4,-6,6,-4,8,-1,2,0,0,0,0,0,0,0,0,0,0,0,0,0,0,0,0,0,0,0,2,1,10,4,9,4,7,5,7,6,6,5,5,5,4,5,3,4,4,3,6,0,7,-1,10,-1,13,-1,13,-2,14,0,17,2,18,5,17,7,17,7,17,9,18,13,20,14,21,13,18,13,18,13,20,11"
45.50387787818909,575,"CSI,0,128,-128,-128,7,0,-1,-6,-4,-9,-5,-11,-6,-13,-7,-14,-7,-15,-7,-16,-7,-15,-6,-14,-5,-13,-4,-11,-3,-9,-2,-7,-2,-4,-2,-1,-2,1,-3,4,-4,5,-6,6,-7,6,-8,5,-9,4,-9,3,-9,1,-9,0,-2,0,0,0,0,0,0,0,0,0,0,0,0,0,0,0,0,0,0,0,0,2,0,9,-1,10,-1,11,-3,11,-3,11,-4,11,-4,11,-3,9,-3,8,-1,7,0,6,3,5,5,4,7,4,10,4,11,4,13,3,15,3,17,4,17,4,17,4,16,4,15,3,13,3,11,2,9,1"
45.53983402252197,576,"CSI,2878,128,-118,32,8,0,-6,-18,-16,-24,-24,-30,-28,-35,-30,-39,-32,-43,-33,-45,-31,-44,-27,-41,-24,-38,-20,-33,-14,-27,-9,-20,-6,-11,-4,-3,-5,5,-7,13,-10,19,-14,23,-18,23,-22,21,-25,19,-27,15,-27,10,-27,6,-7,1,0,0,0,0,0,0,0,0,0,0,0,0,0,0,0,0,0,0,3,7,13,30,11,33,9,37,6,39,3,39,2,39,0,37,0,34,2,29,5,24,10,19,17,14,23,9,30,5,36,3,42,1,48,-1,54,-2,58,-2,60,-1,60,-1,58,-2,53,-3,44,-4,34,-4,26,-4"
45.573529958724976,577,"CSI,293,128,83,49,21,0,-13,-10,-13,-9,-13,-8,-12,-5,-12,-3,-13,-2,-16,-4,-19,-6,-20,-1,-21,0,-18,-2,-15,-1,-14,-1,-13,-4,-11,-5,-9,-4,-8,-2,-6,-1,-5,2,-4,3,-3,5,-1,6,-1,6,-2,3,-5,3,-2,1,0,0,0,0,0,0,0,0,0,0,0,0,0,0,0,0,0,0,-2,-3,-4,-11,-2,-10,0,-12,0,-14,0,-11,1,-8,1,-7,1,-6,-2,-5,-6,-5,-8,-5,-9,-5,-10,-5,-11,-6,-13,-9,-15,-11,-14,-13,-11,-15,-13,-14,-15,-14,-14,-15,-11,-16,-11,-18,-13,-18,-14,-16,-13,-16"
45.60654902458191,578,"CSI,296,128,83,49,21,0,8,14,6,10,5,7,8,5,10,5,14,5,15,5,11,9,12,12,18,12,19,12,16,10,14,8,10,7,7,9,6,7,4,5,3,3,4,1,6,-1,7,-3,7,-3,5,-3,4,-3,4,-2,1,-1,0,0,0,0,0,0,0,0,0,0,0,0,0,0,0,0,0,0,1,1,6,7,5,9,2,9,1,9,-1,9,-3,8,-4,6,-2,5,0,6,2,5,4,5,8,6,9,8,10,9,11,10,13,11,11,12,8,11,8,10,8,12,11,14,14,18,11,21,8,20,10,20,14,18"
45.81531000137329,579,"CSI,304,128,83,49,21,0,-10,14,-9,13,-9,11,-6,11,0,13,4,15,6,14,9,11,6,11,3,15,1,16,0,17,0,18,-2,16,-6,13,-5,11,-3,9,-2,6,-2,2,-1,-1,3,-1,6,-2,5,-2,4,-1,4,-1,1,-1,0,0,0,0,0,0,0,0,0,0,0,0,0,0,0,0,0,0,-4,0,-14,0,-11,-3,-10,-4,-7,-5,-5,-4,-5,-2,-4,-3,-6,-5,-7,-3,-5,1,-4,4,-5,5,-8,7,-10,8,-11,9,-16,11,-17,11,-15,9,-15,8,-15,10,-15,11,-17,11,-17,11,-17,9,-17,8,-18,10"
45.91727685928345,580,"CSI,309,128,83,49,21,0,-9,12,-9,13,-7,12,-3,13,0,12,4,11,2,11,-4,12,-6,16,-1,19,2,19,1,19,-1,18,-3,15,-6,12,-5,11,-3,9,-3,6,-1,3,2,2,3,1,3,1,2,1,3,1,5,2,1,0,0,0,0,0,0,0,0,0,0,0,0,0,0,0,0,0,0,0,-3,0,-12,3,-11,2,-10,0,-9,-3,-8,-5,-9,-5,-8,-3,-5,-1,-5,1,-5,4,-5,6,-5,8,-6,10,-9,13,-11,14,-14,15,-13,13,-11,12,-13,14,-18,15,-19,13,-19,11,-20,9,-20,9,-17,11,-15,13"
46.01612997055054,581,"CSI,312,128,83,49,21,0,4,13,4,14,8,11,9,8,8,7,11,4,13,3,10,6,13,7,17,5,17,3,17,4,16,7,12,9,10,10,10,7,7,4,3,2,4,0,4,-2,3,-1,4,0,4,-2,4,-5,4,-4,1,-1,0,0,0,0,0,0,0,0,0,0,0,0,0,0,0,0,0,0,-1,3,-3,12,-5,10,-7,9,-8,6,-8,4,-7,3,-6,3,-5,5,-4,8,-1,7,2,7,5,8,7,10,8,13,6,16,5,17,6,17,6,19,5,20,5,19,4,19,4,19,3,18,4,19,5,21,4,22"
46.1235888004303,582,"CSI,316,128,83,49,21,0,7,-16,5,-16,2,-14,-1,-12,-4,-10,-6,-9,-6,-10,-6,-9,-8,-11,-11,-16,-9,-18,-4,-18,-5,-15,-6,-14,-4,-16,-2,-13,-6,-10,-7,-8,-4,-4,-4,-1,-5,-1,-6,-1,-8,0,-9,1,-8,1,-2,0,0,0,0,0,0,0,0,0,0,0,0,0,0,0,0,0,0,0,2,0,11,0,13,0,13,1,12,2,9,2,6,0,5,-1,5,0,5,1,5,-2,5,-6,5,-8,5,-10,6,-12,7,-15,8,-15,10,-13,11,-11,11,-13,12,-15,13,-16,11,-15,11,-14,13,-14,11,-13,9,-12"
46.22195601463318,583,"CSI,321,128,83,49,21,0,10,14,8,12,7,8,6,6,8,3,12,0,14,-3,13,-5,13,-3,14,-1,15,-1,12,1,11,2,13,2,13,2,9,1,6,-1,3,-1,0,-1,0,-1,2,-2,0,-2,-2,-4,-2,-6,0,-7,0,-2,0,0,0,0,0,0,0,0,0,0,0,0,0,0,0,0,0,0,-2,2,-8,7,-9,5,-7,4,-7,5,-9,5,-10,3,-8,3,-7,3,-5,3,-3,6,-1,11,0,14,1,12,4,12,4,18,2,21,1,20,2,20,3,20,2,17,2,19,6,22,9,21,6,20,2,22,1,24"
46.27682876586914,584,"CSI,1062,128,77,-47,20,0,-13,-11,-14,-9,-14,-8,-13,-6,-12,-3,-14,-2,-17,1,-22,4,-22,4,-20,3,-18,3,-17,1,-16,-4,-16,-8,-15,-7,-13,-3,-10,-1,-8,-1,-5,0,-4,-1,-4,1,-3,4,-2,5,-1,5,-1,5,-1,1,0,0,0,0,0,0,0,0,0,0,0,0,0,0,0,0,0,0,-2,-3,-6,-10,-4,-12,0,-11,2,-10,3,-9,4,-6,4,-5,1,-5,-1,-5,-2,-6,-4,-7,-8,-7,-11,-7,-11,-10,-13,-12,-15,-14,-14,-16,-11,-17,-12,-16,-13,-17,-12,-17,-12,-17,-12,-17,-14,-19,-16,-19,-15,-16"
46.307440757751465,585,"CSI,1063,128,77,-47,20,0,-9,7,-9,9,-6,10,-6,8,-6,7,-1,9,3,8,1,8,0,13,0,17,0,19,-1,20,-3,19,-6,15,-7,12,-6,9,-6,6,-5,5,-2,4,1,2,2,1,4,2,7,2,7,2,5,2,1,0,0,0,0,0,0,0,0,0,0,0,0,0,0,0,0,0,0,0,-3,1,-10,4,-13,3,-14,0,-12,-1,-9,0,-7,-2,-6,-2,-5,-1,-6,0,-7,2,-8,5,-8,6,-8,8,-7,11,-8,13,-9,14,-10,14,-14,13,-15,13,-13,15,-12,15,-14,14,-17,12,-17,10,-16,11,-15,14"
46.33596205711365,586,"CSI,325,128,83,49,21,0,16,1,16,-4,15,-5,12,-3,9,-6,7,-9,7,-9,4,-9,4,-10,10,-10,12,-11,13,-12,15,-11,14,-7,11,-3,12,-2,10,-3,5,-4,3,-5,3,-4,2,-3,1,-4,-1,-6,-2,-6,-1,-7,-1,-2,0,0,0,0,0,0,0,0,0,0,0,0,0,0,0,0,0,0,3,1,12,5,9,6,6,8,6,9,4,7,2,6,3,5,4,4,3,2,2,0,6,1,8,2,8,1,10,1,13,1,17,0,18,1,18,3,22,5,23,5,22,3,21,4,19,7,18,8,16,6,16,4"
46.42856502532959,587,"CSI,328,128,83,49,21,0,-3,18,-1,15,1,12,3,10,7,10,10,8,11,10,13,17,16,17,16,12,13,11,14,13,13,15,8,14,5,13,3,11,1,8,-1,6,0,4,2,0,3,-3,4,-2,4,-1,4,-2,4,-3,1,-1,0,0,0,0,0,0,0,0,0,0,0,0,0,0,0,0,0,0,-3,1,-9,7,-10,6,-11,3,-11,3,-10,4,-9,2,-8,1,-7,1,-6,1,-4,3,-4,6,-2,10,-1,13,-4,15,-7,14,-6,16,-5,18,-7,18,-9,19,-10,21,-11,20,-10,18,-8,17,-5,17,-3,17,-4,15"
46.53070688247681,588,"CSI,2891,128,-98,96,9,0,21,10,25,10,29,10,31,10,32,11,32,12,31,13,28,13,24,11,22,10,19,8,16,5,14,2,12,-2,12,-6,11,-9,13,-11,15,-12,17,-12,19,-12,20,-10,21,-8,20,-5,19,-2,18,1,4,0,0,0,0,0,0,0,0,0,0,0,0,0,0,0,0,0,0,0,-3,5,-10,20,-13,19,-16,17,-18,15,-19,13,-19,11,-18,9,-16,9,-12,9,-9,11,-7,13,-5,16,-3,19,-3,23,-2,26,-3,29,-4,31,-5,32,-5,34,-5,33,-6,31,-6,29,-4,26,-1,22,3,18,6,16"
46.562049865722656,589,"CSI,333,128,83,49,21,0,-6,15,-6,13,-3,13,2,10,5,7,6,9,10,10,15,6,15,3,14,5,13,9,11,12,9,11,10,9,11,9,7,10,1,8,-2,4,1,1,2,0,1,-1,2,-2,4,-4,4,-4,2,-6,0,-2,0,0,0,0,0,0,0,0,0,0,0,0,0,0,0,0,0,0,-4,-1,-13,-4,-11,-6,-9,-8,-9,-9,-9,-8,-6,-6,-6,-5,-6,-4,-3,-1,-3,0,-7,1,-10,3,-9,7,-9,10,-12,11,-14,11,-15,11,-18,11,-19,12,-18,12,-17,11,-17,11,-16,13,-17,15,-17,14,-15,11"
46.632428884506226,590,"CSI,336,128,83,49,21,0,14,4,12,2,9,1,9,1,10,0,12,-2,16,-7,19,-13,16,-13,14,-10,15,-9,17,-6,15,-4,13,-3,12,-1,11,2,7,1,5,-1,6,-2,3,-2,0,-2,-1,-3,-2,-4,-2,-5,-2,-4,-1,-1,0,0,0,0,0,0,0,0,0,0,0,0,0,0,0,0,0,0,1,1,4,6,3,9,2,12,0,12,-1,11,-1,10,0,7,2,4,2,1,3,1,5,3,8,4,10,6,10,6,12,6,14,8,13,8,12,8,14,10,17,11,19,13,18,14,17,12,14,11,13,10,13,6"
46.738518953323364,591,"CSI,340,128,83,49,21,0,-11,-8,-10,-6,-11,-5,-8,-3,-5,0,-9,1,-17,1,-23,7,-20,11,-17,9,-17,6,-18,3,-18,1,-16,0,-13,-2,-11,-2,-9,-1,-7,-1,-4,-2,-3,-1,-1,2,1,5,1,7,0,8,2,8,0,2,0,0,0,0,0,0,0,0,0,0,0,0,0,0,0,0,0,0,0,-3,4,-13,6,-14,7,-12,6,-8,6,-6,6,-6,5,-4,3,-4,1,-6,0,-6,-4,-5,-9,-7,-10,-11,-10,-14,-10,-15,-11,-19,-10,-21,-8,-21,-9,-21,-9,-19,-8,-18,-6,-18,-6,-17,-8,-18,-9,-18,-10,-19"
46.83644986152649,592,"CSI,345,128,83,49,21,0,-4,12,-2,10,1,8,5,6,8,6,11,8,14,9,17,14,17,12,15,8,13,7,12,7,11,7,9,8,8,9,6,8,3,6,4,4,7,2,5,0,4,0,5,0,4,-2,4,-4,4,-4,1,-1,0,0,0,0,0,0,0,0,0,0,0,0,0,0,0,0,0,0,-2,2,-8,8,-10,5,-11,3,-11,3,-11,4,-8,2,-6,1,-5,1,-2,2,-2,2,-3,4,-1,8,2,11,2,15,2,17,0,17,-4,17,-6,18,-4,20,-4,20,-6,19,-8,19,-5,20,-4,20,-6,19,-6,16"
46.94007706642151,593,"CSI,348,128,83,49,21,0,11,-3,9,-4,9,-4,9,-4,7,-7,7,-11,12,-13,16,-16,12,-19,10,-15,12,-12,15,-12,15,-11,12,-9,10,-7,9,-5,7,-5,3,-4,1,-1,0,-1,-2,-3,-4,-3,-5,-4,-5,-6,-6,-9,-2,-3,0,0,0,0,0,0,0,0,0,0,0,0,0,0,0,0,0,0,1,0,8,4,10,6,8,7,5,8,5,8,4,6,3,3,1,3,2,5,4,4,7,2,9,-2,9,-5,10,-5,13,-4,15,-1,16,-1,18,-3,21,-2,22,-1,21,1,19,0,19,-1,21,2,21,4,18,5"
47.042083978652954,594,"CSI,352,128,83,49,21,0,0,12,0,10,0,9,3,7,9,7,14,8,12,8,8,8,8,9,11,10,12,9,11,7,11,7,9,7,8,7,8,6,5,3,1,2,-1,-1,1,-5,4,-4,4,-2,4,-3,3,-5,2,-6,0,-2,0,0,0,0,0,0,0,0,0,0,0,0,0,0,0,0,0,0,-3,1,-13,4,-14,2,-15,0,-14,-1,-11,-1,-10,-1,-9,0,-8,0,-5,0,-6,3,-6,4,-4,4,-3,9,-4,13,-5,16,-8,19,-8,21,-7,21,-8,20,-9,20,-9,19,-9,19,-9,20,-10,21,-8,19,-4,14"
47.14613389968872,595,"CSI,356,128,83,49,21,0,-8,14,-5,13,-3,14,-2,16,-2,14,2,11,3,14,-1,19,0,19,4,18,4,17,3,15,1,13,0,12,0,12,-2,8,-2,4,2,2,3,2,3,2,3,1,4,-1,5,-1,6,-2,9,-1,2,-1,0,0,0,0,0,0,0,0,0,0,0,0,0,0,0,0,0,0,-4,0,-13,-1,-14,-3,-13,-4,-11,-5,-7,-7,-6,-7,-7,-5,-5,-2,-3,-1,-3,0,-4,3,-6,6,-7,6,-8,7,-12,11,-16,9,-17,6,-16,10,-15,14,-15,14,-16,10,-18,9,-18,10,-18,11,-16,11,-13,12"
47.248291969299316,596,"CSI,361,128,83,49,21,0,-12,5,-9,6,-7,7,-4,6,0,6,3,9,9,14,14,19,13,18,8,14,6,13,5,15,4,16,3,13,2,11,0,8,0,6,1,2,0,-2,1,-4,2,-4,2,-3,3,-3,4,-4,4,-3,1,-1,0,0,0,0,0,0,0,0,0,0,0,0,0,0,0,0,0,0,-1,-4,-2,-13,0,-11,3,-13,5,-13,5,-10,3,-9,2,-8,2,-5,-1,-5,-5,-6,-4,-4,-4,-3,-9,-4,-13,-2,-17,-1,-20,-2,-19,-4,-20,-3,-23,-3,-24,-4,-24,-3,-24,-1,-24,0,-22,1,-19,1,-17,-1"
47.350909948349,597,"CSI,364,128,83,49,21,0,-15,4,-13,7,-8,6,-6,6,-8,8,-8,11,-5,12,-2,11,-5,13,-9,16,-9,16,-9,14,-8,10,-6,7,-8,6,-9,6,-8,5,-4,4,-2,3,-1,2,1,1,2,2,2,3,4,5,5,5,1,1,0,0,0,0,0,0,0,0,0,0,0,0,0,0,0,0,0,0,-4,-2,-13,-7,-11,-7,-9,-9,-7,-11,-5,-11,-5,-8,-5,-6,-3,-6,-4,-6,-6,-3,-6,-1,-6,1,-8,2,-9,3,-12,4,-16,4,-17,3,-18,3,-20,2,-20,0,-20,-1,-21,-1,-20,0,-19,0,-19,-2,-18,-4"
47.5556538105011,598,"CSI,373,128,83,49,21,0,11,-10,6,-9,1,-9,-3,-9,-6,-9,-9,-9,-12,-9,-15,-7,-15,-6,-13,-9,-10,-14,-8,-16,-8,-14,-8,-13,-7,-11,-4,-7,-1,-3,0,0,0,3,-1,5,-4,4,-5,3,-4,3,-4,3,-3,2,-1,0,0,0,0,0,0,0,0,0,0,0,0,0,0,0,0,0,0,0,2,1,10,7,9,7,8,9,5,11,4,10,5,9,3,6,1,4,3,3,4,1,5,-1,6,-3,9,-5,12,-6,14,-7,14,-7,13,-7,13,-9,16,-11,18,-11,20,-10,22,-11,21,-12,17,-11,15,-10,14,-9"
47.65779089927673,599,"CSI,376,128,83,49,21,0,-15,1,-11,3,-8,5,-5,6,-4,9,-4,11,-2,14,0,17,0,16,-4,16,-9,17,-10,16,-8,15,-9,13,-9,10,-7,9,-4,5,-1,1,1,1,2,4,3,5,4,4,5,2,6,2,6,3,1,0,0,0,0,0,0,0,0,0,0,0,0,0,0,0,0,0,0,0,-3,-2,-10,-5,-10,-5,-9,-7,-7,-9,-6,-8,-5,-7,-3,-7,-3,-5,-6,-2,-7,1,-6,2,-7,1,-9,1,-12,3,-14,4,-18,5,-19,3,-21,1,-23,1,-23,1,-22,-1,-23,-1,-24,-2,-24,-3,-22,-2,-19,0"
47.76011681556702,600,"CSI,380,128,83,49,21,0,14,-12,12,-9,7,-8,2,-9,-3,-8,-7,-9,-7,-15,-6,-21,-7,-20,-10,-18,-11,-17,-9,-15,-6,-14,-4,-14,-4,-15,-3,-13,-1,-10,-2,-5,-4,-1,-6,2,-5,2,-5,2,-6,2,-5,2,-5,1,-2,0,0,0,0,0,0,0,0,0,0,0,0,0,0,0,0,0,0,0,2,2,7,9,6,10,5,11,3,10,0,8,0,6,1,4,2,4,2,3,3,2,3,1,4,0,4,-2,8,-4,12,-5,15,-4,16,-3,16,-4,16,-4,18,-5,19,-6,18,-6,17,-8,17,-9,17,-7,14,-7"
47.8307409286499,601,"CSI,1067,128,77,-47,20,0,7,12,6,8,6,3,8,-1,8,-3,10,-3,14,-1,16,2,17,0,17,-3,17,-2,18,0,18,0,14,1,12,2,9,2,6,2,4,2,1,1,-1,-3,1,-5,1,-5,1,-5,1,-7,0,-9,-1,-3,0,0,0,0,0,0,0,0,0,0,0,0,0,0,0,0,0,0,0,2,-1,9,-4,8,-6,8,-8,9,-9,8,-7,4,-5,2,-5,3,-5,4,-4,4,-1,5,3,6,5,8,4,11,4,14,3,15,2,15,4,18,7,19,8,19,7,20,6,20,5,18,5,17,6,18,5,18"
47.86126899719238,602,"CSI,1068,128,77,-47,20,0,12,-6,7,-6,1,-9,-1,-11,1,-11,2,-13,1,-16,4,-20,3,-21,1,-19,-1,-18,0,-18,1,-17,3,-16,5,-14,5,-8,4,-4,2,-4,0,-2,0,0,-2,-3,-4,-5,-5,-3,-6,-3,-7,-4,-2,-1,0,0,0,0,0,0,0,0,0,0,0,0,0,0,0,0,0,0,2,-1,9,0,10,3,9,6,9,6,8,6,6,6,5,6,5,6,4,4,3,1,3,-1,5,-5,9,-8,12,-8,13,-7,15,-6,18,-6,17,-7,17,-8,19,-8,19,-7,19,-8,19,-12,20,-12,19,-13,17,-14"
47.88771080970764,603,"CSI,384,128,83,49,21,0,5,11,7,9,8,5,7,2,8,-1,15,-1,16,-1,12,1,14,1,17,-1,16,0,15,4,15,6,12,6,11,3,9,-1,5,-1,3,1,1,0,2,-1,1,-3,-1,-5,-1,-6,1,-6,2,-6,0,-2,0,0,0,0,0,0,0,0,0,0,0,0,0,0,0,0,0,0,-1,2,0,11,0,11,-2,10,-4,9,-7,10,-7,9,-5,9,-4,8,-3,6,-1,5,1,5,2,5,4,6,7,8,9,9,8,10,9,12,10,14,10,17,9,20,10,20,10,20,7,22,5,21,7,19,9,18"
47.965972900390625,604,"CSI,389,128,83,49,21,0,-16,0,-14,3,-10,5,-7,8,-5,9,-6,10,-10,15,-11,20,-10,19,-10,15,-11,14,-12,13,-14,12,-15,11,-13,8,-10,4,-6,2,-2,2,-1,2,0,2,0,3,-1,3,-1,4,1,5,3,5,0,1,0,0,0,0,0,0,0,0,0,0,0,0,0,0,0,0,0,0,-2,-1,-8,-4,-10,-6,-9,-7,-8,-8,-7,-7,-8,-7,-8,-6,-7,-5,-5,-5,-6,-5,-6,-2,-6,1,-9,3,-13,3,-14,3,-16,3,-19,3,-20,2,-21,3,-22,3,-22,2,-24,0,-27,0,-28,0,-25,0,-23,0"
48.06571698188782,605,"CSI,392,128,83,49,21,0,8,10,10,7,9,4,8,2,5,1,6,-2,12,-8,17,-11,16,-9,16,-9,15,-8,12,-5,12,-3,13,-1,13,0,10,1,6,0,4,0,5,-2,4,-4,3,-5,2,-5,-1,-5,-2,-7,0,-8,0,-3,0,0,0,0,0,0,0,0,0,0,0,0,0,0,0,0,0,0,0,2,3,10,2,10,-1,11,-2,10,-2,10,-3,8,-4,6,-4,6,-3,5,-1,5,2,6,5,5,9,7,12,7,13,6,13,6,13,9,14,8,14,9,14,13,15,17,16,19,15,19,16,17,15,14,12,10"
48.174017906188965,606,"CSI,397,128,83,49,21,0,-3,-17,-6,-15,-7,-11,-6,-8,-6,-7,-10,-8,-14,-10,-16,-13,-19,-12,-18,-9,-17,-11,-16,-14,-13,-14,-10,-13,-9,-13,-7,-10,-4,-6,-5,-3,-5,-1,-6,0,-6,1,-4,1,-3,1,-5,1,-7,1,-2,0,0,0,0,0,0,0,0,0,0,0,0,0,0,0,0,0,0,0,-1,-3,-2,-10,-2,-11,-2,-12,-2,-12,-1,-10,1,-9,2,-9,2,-9,1,-8,0,-6,-3,-6,-6,-8,-8,-10,-9,-12,-8,-13,-8,-14,-7,-15,-7,-17,-8,-21,-8,-21,-5,-21,-4,-24,-4,-23,-4,-20,-4,-19,-6,-18"
48.27032995223999,607,"CSI,400,128,83,49,21,0,6,13,5,7,7,0,8,-1,9,-1,10,-5,11,-8,10,-6,12,-4,15,-3,15,-4,14,-6,12,-6,12,-4,13,-3,11,-2,7,-2,4,-1,2,-1,0,-4,1,-5,1,-3,0,-2,-2,-3,-3,-4,-1,-2,0,0,0,0,0,0,0,0,0,0,0,0,0,0,0,0,0,0,-3,2,-9,8,-10,7,-9,7,-8,7,-8,4,-7,3,-6,5,-6,4,-3,6,0,8,0,7,-1,7,2,9,5,11,5,13,4,16,7,17,7,18,4,19,3,21,5,23,6,24,5,21,6,19,5,20,4,19"
48.37856411933899,608,"CSI,404,128,83,49,21,0,-11,-11,-11,-7,-10,-6,-8,-3,-9,0,-13,2,-13,6,-12,10,-15,7,-17,2,-17,0,-18,2,-17,2,-14,0,-12,-2,-12,-2,-10,-1,-6,0,-5,0,-6,0,-4,0,-1,3,0,6,0,5,-1,3,-1,0,0,0,0,0,0,0,0,0,0,0,0,0,0,0,0,0,0,0,-1,-2,-4,-8,-4,-10,-3,-12,-2,-13,-2,-11,-2,-11,-1,-10,0,-8,0,-7,-2,-6,-5,-6,-8,-5,-9,-6,-10,-8,-14,-13,-17,-16,-16,-15,-14,-17,-15,-19,-16,-19,-15,-18,-13,-17,-12,-15,-13,-16,-14,-16,-14,-15"
48.47484111785889,609,"CSI,409,128,83,49,21,0,11,14,9,11,7,6,8,1,10,-1,11,-3,14,-6,19,-9,20,-9,18,-6,18,-4,18,-2,16,-4,15,-4,14,-2,11,0,9,0,7,1,4,0,2,-2,1,-4,1,-5,0,-7,0,-6,1,-4,0,-1,0,0,0,0,0,0,0,0,0,0,0,0,0,0,0,0,0,0,-1,2,-3,10,-4,9,-5,8,-7,7,-9,6,-10,4,-7,4,-4,5,-2,4,-2,4,0,6,2,9,3,11,3,10,4,10,6,14,7,16,7,16,8,16,8,19,9,21,8,23,6,23,7,20,8,21,8,23"
48.58390283584595,610,"CSI,413,128,83,49,21,0,13,-6,10,-5,8,-6,5,-10,4,-11,2,-11,2,-12,4,-14,3,-19,0,-22,2,-21,2,-19,3,-17,6,-14,8,-12,6,-9,3,-4,0,-3,-1,-4,-2,-3,-3,-2,-3,-2,-4,-2,-6,-3,-7,-6,-2,-2,0,0,0,0,0,0,0,0,0,0,0,0,0,0,0,0,0,0,2,-2,9,-5,11,-4,11,-2,12,0,11,0,7,1,5,2,6,2,5,1,6,-1,8,-5,8,-8,7,-11,8,-13,10,-14,13,-14,15,-10,17,-9,19,-13,18,-14,18,-13,20,-12,18,-12,17,-12,17,-10,14,-11"
48.78642296791077,611,"CSI,420,128,83,49,21,0,9,-9,5,-10,4,-13,2,-13,-2,-11,-5,-11,-5,-10,-3,-9,-5,-13,-7,-18,-7,-18,-5,-16,-5,-16,-4,-13,-1,-13,-1,-13,-1,-9,-2,-4,-3,-4,-3,-5,-5,-2,-6,0,-7,-1,-7,-1,-8,-2,-3,-1,0,0,0,0,0,0,0,0,0,0,0,0,0,0,0,0,0,0,3,-2,12,-5,11,-1,10,0,11,0,10,3,8,3,7,2,6,2,3,1,2,-1,4,-6,6,-11,6,-12,8,-13,11,-15,14,-16,14,-15,13,-14,13,-13,14,-13,15,-13,13,-14,14,-16,15,-19,13,-20,12,-17"
48.88642597198486,612,"CSI,424,128,83,49,21,0,13,-7,11,-7,7,-8,6,-11,6,-14,4,-16,4,-17,7,-21,6,-23,4,-19,7,-15,9,-15,8,-16,6,-17,7,-15,7,-10,5,-6,3,-5,2,-5,0,-6,-3,-6,-4,-6,-5,-6,-6,-7,-6,-7,-2,-2,0,0,0,0,0,0,0,0,0,0,0,0,0,0,0,0,0,0,2,-1,10,-1,11,2,13,2,13,2,9,4,7,5,6,4,4,3,6,2,8,1,9,-1,11,-4,12,-7,12,-9,14,-9,18,-8,18,-6,18,-6,20,-7,23,-7,24,-8,22,-5,21,-2,22,-2,22,-2,20,-3"
48.99241900444031,613,"CSI,428,128,83,49,21,0,-14,-12,-13,-9,-12,-5,-10,-2,-10,2,-11,4,-15,4,-20,3,-22,5,-19,7,-15,7,-14,5,-14,3,-14,5,-13,6,-13,4,-11,1,-7,1,-3,3,-2,4,-2,2,-2,1,-3,4,-2,6,1,6,0,1,0,0,0,0,0,0,0,0,0,0,0,0,0,0,0,0,0,0,-2,-3,-6,-11,-3,-11,-1,-11,0,-12,1,-12,2,-11,2,-8,1,-5,0,-3,-2,-5,-4,-7,-7,-5,-10,-4,-12,-7,-14,-9,-15,-11,-15,-13,-15,-14,-14,-14,-17,-14,-19,-14,-16,-13,-13,-12,-13,-14,-14,-15,-15,-16"
49.19310998916626,614,"CSI,436,128,83,49,21,0,-9,12,-6,11,-5,9,-2,10,-1,14,-1,14,2,15,5,20,6,19,6,16,2,16,-1,13,0,13,0,12,-2,9,-3,6,-2,6,0,5,1,4,0,2,1,2,2,2,4,3,7,3,7,2,1,0,0,0,0,0,0,0,0,0,0,0,0,0,0,0,0,0,0,0,-2,2,-6,9,-7,6,-9,6,-10,6,-7,3,-7,1,-7,0,-6,0,-5,2,-2,6,-2,9,-3,11,-3,14,-4,15,-7,18,-9,21,-9,19,-10,17,-11,17,-11,17,-13,15,-15,16,-15,18,-14,20,-12,18,-10,13"
49.29295778274536,615,"CSI,440,128,83,49,21,0,5,12,8,9,9,7,11,5,13,4,12,4,13,1,16,-2,16,-1,12,1,12,3,12,6,12,9,12,9,10,7,7,5,4,3,4,3,4,3,3,2,4,1,5,-2,3,-4,1,-3,2,-1,0,0,0,0,0,0,0,0,0,0,0,0,0,0,0,0,0,0,0,0,0,1,2,7,2,9,0,11,-2,12,-3,10,-3,9,-3,8,-2,5,0,4,2,4,4,3,6,4,9,8,10,11,10,12,13,14,14,15,12,14,9,15,8,18,9,18,8,19,8,19,10,19,11,19,11,20"
49.39677596092224,616,"CSI,444,128,83,49,21,0,14,8,13,3,13,-4,14,-7,14,-7,13,-7,11,-6,10,-4,12,-5,16,-8,17,-9,15,-6,13,-4,11,-4,10,-2,10,-1,8,-2,4,-3,2,-4,2,-4,0,-4,-2,-5,-3,-7,-4,-7,-4,-8,-1,-2,0,0,0,0,0,0,0,0,0,0,0,0,0,0,0,0,0,0,1,2,5,8,5,9,4,9,1,10,1,12,1,11,2,9,3,6,3,5,4,5,6,4,9,2,12,1,13,2,15,3,19,4,21,5,20,6,17,9,17,10,19,9,19,9,17,8,19,7,21,8,21,10"
49.607425928115845,617,"CSI,452,128,83,49,21,0,-4,-15,-3,-14,-6,-12,-7,-10,-8,-8,-11,-8,-9,-7,-6,-7,-11,-8,-19,-8,-20,-9,-17,-12,-16,-11,-14,-8,-10,-8,-9,-9,-7,-6,-4,-2,-3,-1,-3,0,-2,-1,-3,-1,-5,2,-6,3,-5,2,-2,0,0,0,0,0,0,0,0,0,0,0,0,0,0,0,0,0,0,0,-2,-3,-5,-12,-3,-12,1,-13,3,-14,5,-12,5,-11,4,-11,3,-8,1,-6,-2,-5,-5,-6,-6,-8,-7,-10,-9,-12,-10,-14,-11,-17,-10,-19,-7,-20,-5,-20,-1,-19,-1,-18,-4,-20,-7,-22,-8,-21,-8,-19,-7,-19"
49.70332098007202,618,"CSI,456,128,83,49,21,0,7,12,7,9,10,6,12,4,12,3,14,1,16,-1,15,-4,13,-1,14,3,15,4,14,6,13,8,11,6,9,4,6,5,4,5,2,6,1,3,1,-1,2,-2,2,-3,2,-5,4,-7,6,-6,1,-2,0,0,0,0,0,0,0,0,0,0,0,0,0,0,0,0,0,0,1,2,6,8,4,10,1,12,-2,12,-4,11,-5,8,-4,6,-2,7,-1,8,2,7,6,6,6,7,8,9,10,10,9,12,9,16,9,15,10,13,12,14,12,16,11,18,10,20,11,21,13,19,12,18,11,19"
49.80975890159607,619,"CSI,460,128,83,49,21,0,-16,10,-14,8,-9,6,-4,10,-2,12,0,11,-2,12,-8,15,-6,16,-2,18,-2,20,-3,19,-4,17,-3,15,-3,12,-6,8,-4,5,-1,2,-1,-1,0,-1,2,-1,4,-1,5,0,4,-1,6,-3,1,-1,0,0,0,0,0,0,0,0,0,0,0,0,0,0,0,0,0,0,-3,-3,-9,-12,-7,-13,-5,-12,-4,-11,-3,-11,-2,-11,-2,-9,-1,-6,-2,-4,-5,-3,-8,-2,-11,-1,-11,1,-13,1,-16,2,-18,2,-20,1,-19,2,-19,2,-21,-1,-21,0,-20,2,-20,3,-20,5,-21,5,-24,4"
49.91459608078003,620,"CSI,464,128,83,49,21,0,-15,-10,-13,-8,-11,-4,-11,0,-14,1,-16,2,-15,5,-13,8,-13,4,-13,0,-15,1,-15,1,-15,1,-14,-1,-14,-3,-10,-4,-7,-3,-6,-2,-4,0,-3,2,-4,4,-5,5,-4,5,-4,5,-5,5,-2,1,0,0,0,0,0,0,0,0,0,0,0,0,0,0,0,0,0,0,-2,-4,-5,-13,-2,-14,-1,-14,-1,-12,2,-10,4,-9,3,-8,2,-5,-1,-5,-5,-5,-7,-5,-9,-6,-12,-5,-15,-5,-16,-7,-16,-10,-16,-14,-17,-16,-18,-15,-17,-15,-15,-17,-14,-16,-13,-16,-14,-18,-15,-17,-14,-13"
50.014856815338135,621,"CSI,469,128,83,49,21,0,8,-15,3,-12,0,-9,-2,-8,-5,-11,-7,-13,-4,-15,-2,-18,-4,-19,-7,-18,-6,-18,-5,-18,-3,-17,0,-16,-1,-14,-3,-10,-4,-6,-4,-4,-3,-5,-4,-5,-6,-2,-6,1,-6,0,-7,-1,-7,1,-2,0,0,0,0,0,0,0,0,0,0,0,0,0,0,0,0,0,0,0,3,-2,12,-7,11,-5,11,-1,10,1,9,1,8,1,6,0,4,0,2,-2,2,-4,2,-6,0,-8,1,-10,4,-13,5,-13,7,-13,9,-16,11,-17,13,-17,15,-17,17,-17,16,-16,11,-17,8,-18,10,-16,14,-16"
50.119741916656494,622,"CSI,472,128,83,49,21,0,-13,-11,-12,-8,-11,-5,-11,-1,-13,1,-14,1,-15,-1,-18,-4,-21,-1,-21,2,-19,-1,-16,-1,-13,0,-11,-2,-10,-3,-10,-3,-8,-2,-5,0,-4,2,-4,1,-3,2,-2,4,0,4,-2,5,-5,7,-2,2,0,0,0,0,0,0,0,0,0,0,0,0,0,0,0,0,0,0,-2,-3,-4,-11,-2,-11,-2,-12,-2,-12,-1,-12,1,-9,3,-5,3,-5,0,-6,-3,-6,-5,-6,-7,-6,-8,-7,-11,-9,-15,-11,-17,-13,-16,-13,-15,-13,-15,-14,-14,-16,-17,-21,-19,-23,-16,-20,-12,-18,-11,-20,-12,-21"
50.21991276741028,623,"CSI,476,128,83,49,21,0,0,-18,0,-15,-2,-10,-7,-9,-11,-10,-12,-10,-15,-10,-19,-7,-19,-7,-18,-9,-16,-11,-12,-13,-10,-15,-8,-12,-6,-10,-7,-10,-6,-7,-4,-5,-4,-3,-5,0,-5,4,-6,4,-6,3,-6,3,-6,3,-2,0,0,0,0,0,0,0,0,0,0,0,0,0,0,0,0,0,0,0,1,-3,6,-9,10,-7,12,-5,11,-3,10,-1,10,0,11,-1,10,0,6,0,3,-4,2,-8,0,-9,1,-11,2,-14,4,-16,3,-18,4,-18,5,-17,7,-17,6,-19,4,-23,4,-24,5,-21,5,-20,3,-22,2,-23"
50.318697929382324,624,"CSI,481,128,83,49,21,0,-3,13,-1,13,3,11,7,9,10,8,11,8,13,7,17,10,17,10,16,6,16,7,12,11,8,13,8,10,8,6,5,5,3,5,2,2,1,0,2,-2,3,-3,3,-3,4,-5,5,-6,6,-6,1,-2,0,0,0,0,0,0,0,0,0,0,0,0,0,0,0,0,0,0,-2,1,-6,6,-8,5,-10,4,-11,5,-10,4,-10,4,-8,2,-5,0,-5,1,-4,4,-2,7,1,8,3,9,1,12,-1,15,-3,19,-3,20,-4,20,-5,21,-4,21,-1,21,-3,20,-6,21,-5,22,-3,21,-4,19"
50.42372703552246,625,"CSI,485,128,83,49,21,0,-9,-14,-10,-11,-11,-6,-10,-3,-9,-1,-11,1,-14,0,-16,-2,-16,-1,-16,2,-17,3,-18,2,-16,0,-14,2,-13,3,-12,0,-9,-2,-3,-2,1,0,1,2,0,3,1,3,1,2,1,3,2,5,0,1,0,0,0,0,0,0,0,0,0,0,0,0,0,0,0,0,0,0,0,0,4,-1,8,-3,11,-3,13,-2,13,-1,12,2,8,2,6,2,3,0,0,-2,0,-7,0,-11,-1,-12,-1,-15,-2,-18,-2,-19,-2,-19,-3,-20,-5,-23,-5,-24,-3,-23,-1,-24,-1,-23,-3,-21,-4,-18,-4,-15"
50.46289396286011,626,"CSI,1069,128,75,-79,20,0,-1,12,0,12,3,11,7,8,10,5,14,6,13,7,11,7,12,7,15,8,16,9,15,9,13,8,12,9,10,10,4,8,0,3,1,0,1,-1,2,-2,2,-4,0,-4,1,-4,2,-4,3,-5,1,-2,0,0,0,0,0,0,0,0,0,0,0,0,0,0,0,0,0,0,-3,0,-11,0,-11,-3,-11,-5,-12,-5,-11,-5,-8,-5,-6,-5,-4,-4,-2,-2,-2,1,-3,5,-3,8,-4,10,-4,10,-6,10,-9,13,-8,15,-7,17,-8,20,-10,21,-10,20,-9,21,-10,20,-11,20,-10,22,-9,21"
50.49088978767395,627,"CSI,1070,128,75,-79,20,0,11,0,11,-3,11,-6,10,-8,9,-9,8,-9,7,-13,4,-17,3,-16,7,-13,11,-12,14,-13,14,-12,11,-10,10,-8,10,-7,7,-4,4,-1,3,0,0,-2,-1,-4,-2,-4,-4,-5,-5,-6,-5,-6,-1,-2,0,0,0,0,0,0,0,0,0,0,0,0,0,0,0,0,0,0,1,2,6,8,8,10,8,10,7,11,5,11,3,10,2,9,1,7,3,4,4,2,5,-1,8,-1,12,-2,15,-3,17,-2,17,-1,17,0,19,1,22,2,22,1,21,0,21,1,22,2,20,3,17,5,17,5"
50.52208590507507,628,"CSI,489,128,83,49,21,0,10,8,9,5,9,2,12,-2,13,-5,14,-4,16,-5,16,-8,13,-5,14,-3,16,-2,17,-1,14,1,11,3,10,5,9,6,6,3,2,0,1,-1,1,-3,2,-4,3,-4,1,-6,0,-7,0,-7,0,-2,0,0,0,0,0,0,0,0,0,0,0,0,0,0,0,0,0,0,2,1,8,6,6,8,3,10,2,12,2,10,2,9,2,10,2,9,1,6,1,3,4,1,7,2,10,4,12,4,15,5,17,5,16,5,15,6,16,8,18,9,19,9,18,11,18,12,19,14,16,12,16,8"
50.62600588798523,629,"CSI,493,128,83,49,21,0,10,5,9,3,8,-1,8,-5,9,-8,11,-10,14,-7,14,-1,16,-4,18,-10,17,-11,14,-10,12,-6,9,-2,9,-2,8,-2,5,-2,3,-3,2,-3,0,-2,-2,-3,-3,-4,-4,-7,-6,-8,-7,-6,-2,-2,0,0,0,0,0,0,0,0,0,0,0,0,0,0,0,0,0,0,0,2,3,10,2,10,0,10,-2,10,-3,8,-3,9,-2,7,-1,5,1,2,2,0,3,1,6,1,8,2,11,5,14,6,16,6,16,5,16,8,17,11,14,11,14,10,16,9,18,8,18,8,17,7,19,6"
50.729182958602905,630,"CSI,497,128,83,49,21,0,10,8,7,3,6,0,6,-2,10,-3,14,-4,17,-4,21,-5,23,-5,22,-5,17,-4,12,-2,11,-1,11,-2,8,-2,6,0,5,-1,3,-3,0,-3,-2,-4,-2,-5,-1,-4,-1,-5,-1,-4,0,-4,0,-1,0,0,0,0,0,0,0,0,0,0,0,0,0,0,0,0,0,0,0,1,3,8,2,9,1,11,1,12,1,11,0,9,-2,7,-2,6,-1,5,1,4,5,2,8,-1,10,0,12,4,16,6,17,8,15,10,15,10,16,11,15,13,15,14,16,15,14,16,14,16,16,13,15,9"
50.75562596321106,631,"CSI,1071,128,77,-47,20,0,4,16,3,13,4,9,6,7,8,5,9,5,12,6,17,5,18,3,15,3,12,6,10,9,10,9,7,8,3,7,3,4,3,3,2,2,3,0,4,-1,4,-1,3,-4,4,-4,4,-3,4,-2,1,-1,0,0,0,0,0,0,0,0,0,0,0,0,0,0,0,0,0,0,0,3,0,12,-2,11,-4,9,-6,8,-6,6,-7,6,-8,5,-6,3,-4,3,-3,5,0,6,5,6,8,5,10,7,9,10,7,14,6,16,5,16,5,16,5,17,5,18,4,19,4,18,3,20,3,21,7,20"
50.83361506462097,632,"CSI,501,128,83,49,21,0,0,-14,0,-13,-3,-12,-6,-10,-8,-11,-9,-14,-9,-15,-9,-17,-12,-16,-13,-15,-13,-14,-12,-13,-9,-13,-6,-11,-3,-10,-2,-10,-3,-6,-4,-1,-3,-1,-1,0,0,2,-1,3,-4,2,-7,3,-8,3,-2,0,0,0,0,0,0,0,0,0,0,0,0,0,0,0,0,0,0,0,2,0,10,0,9,0,9,1,8,0,7,-1,6,1,6,3,6,3,6,2,4,-2,4,-4,3,-6,1,-9,0,-12,2,-14,4,-16,6,-18,8,-19,9,-18,11,-16,13,-15,13,-15,12,-15,12,-15,13,-18,14,-19"
51.03747200965881,633,"CSI,508,128,83,49,21,0,-12,-2,-10,2,-8,5,-7,8,-8,9,-11,10,-13,15,-10,20,-8,18,-7,16,-9,13,-12,10,-12,8,-10,7,-8,5,-4,4,-3,3,-3,2,-1,1,1,3,3,6,3,6,2,4,2,3,3,3,1,0,0,0,0,0,0,0,0,0,0,0,0,0,0,0,0,0,0,0,-3,0,-12,-1,-11,-4,-10,-6,-10,-8,-8,-8,-5,-7,-4,-7,-7,-6,-8,-5,-6,-4,-6,-3,-6,1,-7,3,-9,3,-11,5,-14,5,-16,4,-18,2,-20,2,-20,1,-19,0,-18,-2,-18,-2,-17,1,-16,3,-18,2"
51.139784812927246,634,"CSI,512,128,83,49,21,0,-9,5,-5,6,-4,8,-2,10,-1,12,0,14,1,14,5,10,6,10,3,15,-1,16,-1,12,1,11,-1,12,-2,11,-1,9,-1,6,0,2,1,0,3,1,3,-1,3,-3,4,-3,4,-3,4,-3,1,-1,0,0,0,0,0,0,0,0,0,0,0,0,0,0,0,0,0,0,-2,-3,-6,-10,-5,-10,-5,-12,-4,-13,-3,-11,-3,-10,-1,-10,1,-10,0,-7,-4,-4,-5,-1,-6,0,-9,0,-12,-1,-15,-1,-16,0,-17,3,-18,5,-18,5,-20,4,-21,2,-21,2,-21,3,-19,3,-17,2,-16,4"
51.239569902420044,635,"CSI,517,128,83,49,21,0,8,4,9,3,10,-1,8,-4,7,-7,8,-10,12,-14,12,-18,12,-15,13,-11,14,-10,12,-8,12,-3,12,-2,9,-3,6,0,5,1,2,0,0,-2,-2,-5,-3,-7,-2,-6,-2,-6,-2,-6,-3,-6,-1,-2,0,0,0,0,0,0,0,0,0,0,0,0,0,0,0,0,0,0,1,1,5,6,6,7,5,8,3,7,1,6,-1,5,-1,5,0,5,3,5,4,5,6,4,7,1,8,0,9,0,12,0,15,1,14,5,15,7,18,6,18,5,17,7,16,10,14,10,15,8,16,6,15,5"
51.343085050582886,636,"CSI,520,128,83,49,21,0,8,4,8,0,9,-4,10,-7,9,-9,7,-11,6,-13,1,-14,3,-15,7,-14,10,-10,12,-6,12,-5,10,-6,9,-5,8,-3,5,-3,2,-2,-1,-1,-1,-1,-2,-4,-3,-5,-3,-4,-4,-4,-6,-4,-2,-1,0,0,0,0,0,0,0,0,0,0,0,0,0,0,0,0,0,0,1,1,4,7,0,8,-2,9,-2,10,-2,11,-1,9,1,5,2,5,2,6,1,6,4,4,8,3,10,2,12,1,13,3,15,4,17,5,19,9,20,13,18,14,16,12,14,11,14,13,15,14,16,12,19,10"
51.447864055633545,637,"CSI,524,128,83,49,21,0,-11,1,-10,5,-9,4,-7,6,-7,10,-6,12,-5,15,-4,18,-3,18,-3,17,-4,17,-7,14,-11,11,-11,9,-9,7,-7,7,-5,5,-3,1,-1,-1,3,2,3,3,2,4,0,4,1,4,6,2,2,0,0,0,0,0,0,0,0,0,0,0,0,0,0,0,0,0,0,0,-2,-2,-6,-9,-4,-11,-2,-12,0,-14,1,-10,1,-6,1,-6,0,-8,-2,-8,-4,-6,-5,-5,-8,-5,-9,-4,-12,-3,-17,-5,-19,-4,-18,-2,-18,-3,-19,-4,-21,-5,-21,-7,-21,-7,-21,-6,-19,-7,-16,-7,-12,-5"
51.55084800720215,638,"CSI,529,128,83,49,21,0,0,-9,-3,-9,-3,-10,-4,-11,-7,-12,-9,-12,-6,-12,-1,-14,-5,-17,-10,-19,-10,-18,-7,-16,-4,-13,-2,-12,-2,-12,-2,-9,0,-6,-1,-3,-3,-1,-5,0,-4,2,-3,3,-5,1,-7,-1,-8,0,-2,0,0,0,0,0,0,0,0,0,0,0,0,0,0,0,0,0,0,0,2,-1,10,-3,12,-3,12,-3,11,-1,9,0,7,-1,6,0,5,2,4,1,4,-1,5,-5,3,-6,2,-7,3,-9,5,-12,7,-17,7,-18,5,-17,7,-18,11,-20,11,-19,10,-17,12,-15,15,-14,16,-15,16,-17"
51.65029692649841,639,"CSI,533,128,83,49,21,0,1,13,3,10,4,4,6,2,8,3,10,4,11,5,7,6,7,8,12,7,15,8,13,10,11,10,11,8,11,6,10,4,6,4,2,2,0,0,2,-1,3,-4,2,-5,1,-5,2,-5,2,-4,0,-1,0,0,0,0,0,0,0,0,0,0,0,0,0,0,0,0,0,0,-3,0,-11,3,-12,2,-12,0,-12,-2,-12,-4,-9,-4,-8,-2,-8,0,-8,2,-5,5,-4,7,-4,8,-3,9,-2,10,-5,11,-6,13,-6,15,-6,18,-6,20,-6,20,-8,19,-10,19,-8,20,-6,18,-7,15,-9,11"
51.755220890045166,640,"CSI,537,128,83,49,21,0,-12,4,-11,8,-8,8,-5,9,-6,11,-8,11,-12,12,-14,13,-12,14,-10,15,-10,16,-10,14,-11,11,-12,9,-13,6,-10,5,-7,4,-6,2,-4,2,0,4,1,4,1,2,1,1,2,2,2,3,0,0,0,0,0,0,0,0,0,0,0,0,0,0,0,0,0,0,0,0,-4,-1,-13,-1,-11,-4,-10,-8,-10,-10,-9,-10,-6,-8,-2,-6,-1,-3,-3,-1,-4,-1,-4,-1,-7,0,-9,1,-11,2,-15,2,-18,3,-16,5,-16,8,-21,8,-23,5,-21,2,-20,0,-18,-2,-20,-4,-24,-2,-24,3"
51.85773801803589,641,"CSI,540,128,83,49,21,0,-2,-12,-5,-12,-8,-12,-9,-10,-10,-8,-11,-7,-8,-7,-9,-7,-14,-9,-17,-9,-17,-8,-15,-10,-13,-10,-12,-9,-11,-9,-8,-8,-6,-6,-6,-4,-4,-1,-3,1,-4,2,-5,4,-3,4,-2,3,-1,4,0,1,0,0,0,0,0,0,0,0,0,0,0,0,0,0,0,0,0,0,2,-2,8,-5,9,-5,11,-4,12,-2,10,-3,7,-3,5,-1,5,0,6,-2,5,-3,3,-4,1,-8,0,-13,1,-15,3,-17,4,-20,3,-19,3,-19,3,-23,4,-26,4,-26,6,-25,7,-22,6,-19,6,-18,6,-17"
51.95979595184326,642,"CSI,544,128,83,49,21,0,7,-10,3,-9,-2,-9,-4,-10,-3,-12,-3,-15,-5,-18,-6,-21,-8,-21,-9,-19,-9,-18,-8,-17,-5,-15,-2,-14,0,-13,1,-10,4,-6,3,-2,1,0,-2,0,-4,-2,-6,-2,-6,0,-6,1,-5,1,-1,0,0,0,0,0,0,0,0,0,0,0,0,0,0,0,0,0,0,0,2,-1,8,-1,10,0,11,1,10,2,9,3,8,3,7,0,7,-1,5,1,4,1,6,-3,7,-7,6,-9,6,-11,8,-14,11,-14,11,-14,10,-15,12,-15,13,-14,14,-14,15,-17,16,-19,15,-16,15,-15,13,-16"
52.05787110328674,643,"CSI,549,128,83,49,21,0,5,11,6,6,7,5,9,6,11,6,13,3,12,0,11,-2,14,0,17,3,15,2,11,3,11,4,12,4,11,6,11,7,9,4,3,2,-1,0,0,-2,2,-5,3,-7,2,-8,2,-7,3,-6,1,-2,0,0,0,0,0,0,0,0,0,0,0,0,0,0,0,0,0,0,-1,2,-4,10,-6,9,-8,9,-9,8,-9,6,-10,5,-9,5,-7,6,-4,6,-4,6,-2,6,1,7,3,8,3,12,2,17,4,20,6,19,6,20,6,21,5,21,2,22,0,24,0,22,2,21,2,21,0,20"
52.16113877296448,644,"CSI,552,128,83,49,21,0,10,7,10,5,9,-1,8,-6,8,-6,9,-8,11,-9,12,-6,14,-5,18,-7,19,-6,18,-6,16,-4,13,-3,11,-2,10,-1,8,0,5,-1,3,-2,2,-2,1,-2,-2,-3,-4,-4,-4,-5,-1,-8,0,-3,0,0,0,0,0,0,0,0,0,0,0,0,0,0,0,0,0,0,1,2,6,9,8,8,7,8,4,9,3,10,3,9,4,9,4,8,4,4,3,2,4,5,6,7,9,5,11,4,13,3,15,4,17,6,17,10,19,11,18,10,15,9,15,9,16,11,15,12,14,10,15,9"
52.37091398239136,645,"CSI,560,128,83,49,21,0,-1,-12,-4,-10,-8,-6,-12,-3,-13,-3,-15,-4,-17,-5,-16,-9,-18,-7,-20,-3,-19,-3,-17,-3,-17,-2,-17,-4,-14,-6,-11,-7,-9,-5,-6,-1,-7,0,-7,0,-5,3,-3,5,-4,5,-4,6,-3,7,-1,1,0,0,0,0,0,0,0,0,0,0,0,0,0,0,0,0,0,0,0,-3,4,-10,7,-11,10,-10,10,-7,11,-5,10,-3,8,-2,6,-4,5,-4,4,-4,1,-7,-2,-9,-4,-11,-4,-14,-4,-18,-5,-20,-4,-20,-2,-22,-1,-24,0,-22,0,-20,0,-20,0,-20,-1,-23,-2,-24,-2,-23"
52.473963022232056,646,"CSI,565,128,83,49,21,0,-11,-7,-9,-3,-8,0,-9,4,-13,7,-14,8,-15,9,-18,11,-19,14,-17,13,-17,8,-17,5,-16,3,-15,3,-14,3,-10,1,-6,-1,-4,0,-3,2,-2,3,-4,3,-3,5,-1,5,-1,6,-2,7,-1,1,0,0,0,0,0,0,0,0,0,0,0,0,0,0,0,0,0,0,-1,-3,-6,-11,-6,-11,-4,-11,-3,-11,-2,-10,-1,-9,-1,-7,-3,-4,-6,-3,-9,-3,-11,-3,-10,-2,-11,-3,-14,-6,-15,-6,-16,-6,-18,-6,-21,-8,-23,-8,-22,-8,-21,-8,-19,-11,-18,-13,-18,-15,-19,-13,-17,-9"
52.57617402076721,647,"CSI,568,128,83,49,21,0,-11,-7,-12,-2,-12,3,-12,5,-15,7,-17,4,-17,5,-15,10,-14,9,-16,6,-17,5,-17,4,-18,3,-17,4,-14,2,-11,-1,-9,-1,-7,0,-5,2,-3,3,-3,3,-2,3,-2,5,-3,7,-2,7,-1,1,0,0,0,0,0,0,0,0,0,0,0,0,0,0,0,0,0,0,-1,-2,-5,-9,-6,-11,-7,-13,-5,-14,0,-12,3,-10,2,-8,1,-7,0,-5,-5,-4,-6,-4,-6,-2,-9,-3,-11,-5,-13,-5,-16,-6,-16,-9,-16,-11,-17,-11,-18,-11,-19,-12,-18,-14,-15,-15,-14,-15,-15,-12,-15,-8"
52.67496705055237,648,"CSI,573,128,83,49,21,0,-5,11,2,12,4,10,5,9,6,10,7,11,12,8,18,8,16,7,13,8,11,12,9,12,8,9,6,8,5,8,4,8,4,6,5,3,5,-1,4,-3,3,-3,2,-1,1,-2,3,-5,6,-6,1,-2,0,0,0,0,0,0,0,0,0,0,0,0,0,0,0,0,0,0,-3,0,-11,2,-12,-1,-12,-4,-11,-5,-9,-6,-7,-7,-7,-6,-7,-3,-6,-1,-4,1,-4,3,-3,5,-3,6,-7,9,-9,13,-9,15,-8,15,-8,16,-11,17,-14,19,-15,19,-15,17,-15,16,-15,16,-14,14,-14,12"
52.77967190742493,649,"CSI,577,128,83,49,21,0,-6,-11,-7,-10,-7,-9,-8,-5,-12,-3,-15,-1,-16,-2,-19,-6,-22,-6,-21,-3,-18,-2,-17,-1,-18,-2,-15,-4,-13,-5,-10,-3,-7,-1,-6,0,-5,0,-4,0,-4,2,-3,4,-1,6,1,6,0,4,0,0,0,0,0,0,0,0,0,0,0,0,0,0,0,0,0,0,0,0,1,-2,7,-5,10,-5,11,-6,10,-4,10,-3,9,-1,6,-1,4,-2,4,-3,4,-2,4,-4,2,-8,-1,-11,-3,-14,-4,-17,-4,-20,-1,-22,0,-22,-3,-23,-2,-25,0,-24,1,-22,1,-22,1,-24,1,-23,2,-19"
52.878852128982544,650,"CSI,580,128,83,49,21,0,13,4,11,0,9,-5,8,-6,10,-6,11,-9,8,-8,5,-5,9,-7,14,-10,14,-10,12,-10,12,-9,12,-6,11,-5,9,-5,7,-2,7,-1,5,-3,1,-4,-2,-3,-4,-3,-3,-6,-2,-5,-1,-5,0,-2,0,0,0,0,0,0,0,0,0,0,0,0,0,0,0,0,0,0,1,1,5,8,5,10,4,11,3,10,0,10,-2,11,-1,9,0,5,0,5,2,6,3,3,7,0,11,-1,11,0,11,0,14,1,18,4,21,5,23,5,24,6,22,9,20,10,18,12,18,14,18,11,16,6"
52.984374046325684,651,"CSI,585,128,83,49,21,0,3,9,3,5,7,3,10,1,11,-1,13,-1,15,-1,12,-3,12,-4,16,-2,16,-1,13,-1,12,0,9,0,8,-1,9,-4,7,-6,5,-6,3,-4,1,-3,-2,-4,-2,-5,0,-6,-1,-5,-3,-4,-1,-1,0,0,0,0,0,0,0,0,0,0,0,0,0,0,0,0,0,0,-3,1,-11,4,-14,3,-17,1,-16,0,-12,-1,-10,-4,-8,-2,-7,0,-6,1,-6,3,-4,4,-1,6,0,9,-1,12,-1,12,1,14,1,16,0,17,-1,22,-1,24,-2,23,-2,21,-3,20,-5,19,-3,20,-1,21"
53.085280895233154,652,"CSI,589,128,83,49,21,0,10,-6,8,-8,4,-8,-1,-9,-3,-13,-4,-15,-3,-18,2,-22,1,-22,-2,-22,-5,-20,-5,-16,-2,-15,-2,-14,-3,-12,-1,-10,0,-8,-3,-6,-5,-3,-3,-4,-2,-3,-5,-3,-7,-3,-7,-2,-7,0,-2,0,0,0,0,0,0,0,0,0,0,0,0,0,0,0,0,0,0,0,3,1,11,4,10,6,9,7,8,8,7,9,7,10,6,7,3,3,3,1,4,0,4,-1,5,-4,8,-6,10,-7,14,-8,15,-9,13,-8,14,-8,20,-8,23,-8,25,-7,23,-6,20,-5,20,-7,19,-8,15,-5"
53.186975955963135,653,"CSI,592,128,83,49,21,0,10,2,7,2,6,-1,4,-6,3,-10,5,-13,4,-17,1,-18,2,-15,4,-13,4,-13,5,-14,6,-14,3,-14,1,-11,4,-7,3,-5,0,-4,-2,-3,-1,-5,-3,-5,-6,-3,-7,-2,-6,-2,-6,-1,-2,-1,0,0,0,0,0,0,0,0,0,0,0,0,0,0,0,0,0,0,-2,3,-6,13,-8,13,-8,10,-9,8,-9,10,-7,10,-5,8,-3,5,-3,4,-2,4,1,5,3,6,5,4,8,6,12,8,13,9,13,8,15,9,17,9,19,10,20,13,18,13,17,12,17,12,13,15,9,16"
53.29172086715698,654,"CSI,597,128,83,49,21,0,-8,-10,-9,-6,-8,-2,-7,1,-10,3,-13,4,-17,6,-21,8,-19,8,-15,7,-15,6,-17,5,-19,3,-17,0,-12,-2,-9,-2,-7,0,-6,3,-6,7,-4,6,-2,4,0,5,2,7,1,7,0,6,0,1,0,0,0,0,0,0,0,0,0,0,0,0,0,0,0,0,0,0,0,-4,3,-13,4,-12,6,-11,8,-9,9,-6,9,-6,5,-7,3,-7,2,-6,0,-5,-2,-5,-2,-6,-5,-9,-8,-10,-9,-10,-8,-13,-9,-18,-10,-17,-11,-15,-11,-17,-11,-21,-11,-22,-10,-20,-11,-20,-11,-20,-10,-18"
53.394558906555176,655,"CSI,600,128,83,49,21,0,-3,-9,-4,-8,-8,-7,-13,-4,-16,-2,-18,-4,-18,-4,-13,-2,-11,-3,-14,-5,-16,-6,-15,-8,-15,-8,-14,-8,-14,-9,-12,-8,-10,-5,-7,-1,-3,0,-3,-1,-4,0,-4,2,-3,4,-2,5,-2,2,-1,0,0,0,0,0,0,0,0,0,0,0,0,0,0,0,0,0,0,0,0,-2,3,-8,7,-10,11,-10,12,-8,9,-5,8,-3,7,-6,4,-6,3,-4,3,-5,1,-7,-1,-6,-1,-6,-2,-11,-5,-16,-4,-19,-2,-21,-2,-21,-4,-20,-6,-23,-4,-26,-1,-26,1,-23,3,-19,1,-19,0,-17"
53.49341106414795,656,"CSI,604,128,83,49,21,0,7,8,8,5,10,2,11,-1,13,-2,17,-2,19,-7,18,-12,16,-11,15,-5,15,0,14,-1,14,-1,12,-1,11,-1,10,0,6,-1,3,-4,3,-5,3,-6,2,-5,1,-3,0,-4,-1,-6,-1,-7,0,-2,0,0,0,0,0,0,0,0,0,0,0,0,0,0,0,0,0,0,0,1,0,8,-2,10,-4,11,-7,11,-9,10,-8,7,-5,5,-1,5,0,5,1,4,3,4,5,5,7,7,8,8,7,10,9,13,10,15,12,14,16,14,17,16,12,19,7,21,8,20,11,20,12,20,11,19"
53.596884965896606,657,"CSI,609,128,83,49,21,0,-12,7,-9,9,-7,9,-5,9,-2,12,1,15,0,15,-4,14,-4,16,-1,18,-1,15,-1,13,-1,14,-2,13,-2,10,-2,6,-3,5,-2,5,0,3,1,3,2,4,2,3,3,1,4,3,2,4,0,1,0,0,0,0,0,0,0,0,0,0,0,0,0,0,0,0,0,0,-2,-2,-7,-6,-10,-7,-10,-7,-9,-8,-8,-9,-6,-8,-5,-7,-4,-6,-3,-6,-4,-2,-7,2,-9,3,-10,5,-11,6,-13,5,-15,4,-16,3,-18,1,-20,0,-22,3,-23,5,-24,4,-23,2,-21,1,-19,-1,-18,-3"
53.701464891433716,658,"CSI,613,128,83,49,21,0,2,-9,-3,-10,-5,-10,-5,-12,-7,-13,-9,-13,-10,-9,-10,-6,-11,-9,-11,-12,-10,-13,-11,-14,-10,-15,-7,-14,-6,-11,-5,-8,-3,-7,-2,-6,-4,-3,-5,-2,-4,-2,-3,-1,-4,1,-6,3,-6,3,-2,1,0,0,0,0,0,0,0,0,0,0,0,0,0,0,0,0,0,0,2,-2,11,-4,9,-2,9,1,9,2,6,2,5,0,6,1,6,3,5,3,5,1,4,-5,4,-6,6,-6,7,-9,8,-11,11,-13,14,-15,15,-15,17,-14,16,-15,14,-17,14,-17,13,-15,12,-13,11,-12,12,-12"
53.803632736206055,659,"CSI,616,128,83,49,21,0,8,-8,3,-10,-1,-12,-2,-14,-1,-15,-2,-16,-1,-15,3,-13,2,-17,-1,-21,-1,-19,1,-18,2,-17,2,-15,3,-13,4,-10,5,-7,4,-5,0,-7,-2,-7,-3,-6,-3,-5,-5,-5,-5,-4,-3,-4,-1,-2,0,0,0,0,0,0,0,0,0,0,0,0,0,0,0,0,0,0,0,-3,2,-10,2,-9,4,-9,6,-10,7,-9,7,-8,5,-7,5,-4,6,-4,3,-4,-1,-4,-2,-8,-2,-10,1,-10,4,-16,4,-21,2,-21,3,-19,5,-18,6,-19,8,-20,10,-20,10,-18,10,-16,10,-14,8,-15"
53.90463399887085,660,"CSI,620,128,83,49,21,0,-15,-2,-10,3,-5,9,-4,14,-1,15,-1,15,-1,14,0,11,-2,12,-4,15,-5,16,-5,15,-4,15,-3,13,-2,10,-3,8,-3,4,0,1,2,-1,3,0,2,3,2,4,4,3,5,1,5,2,1,0,0,0,0,0,0,0,0,0,0,0,0,0,0,0,0,0,0,0,-3,-2,-10,-8,-10,-8,-11,-8,-9,-9,-5,-11,-4,-9,-6,-7,-6,-8,-6,-8,-6,-4,-7,0,-9,1,-13,0,-15,-1,-14,0,-16,3,-18,5,-18,4,-21,4,-25,4,-26,2,-24,0,-21,-1,-20,1,-22,2,-21,1"
54.009592056274414,661,"CSI,624,128,83,49,21,0,-5,-11,-8,-7,-8,-2,-6,-1,-9,0,-14,3,-18,4,-20,5,-18,6,-16,4,-17,3,-16,3,-14,1,-12,-2,-10,-3,-7,-4,-5,-5,-3,-3,-1,-1,0,0,-2,2,-3,2,-2,3,-1,4,-1,4,-1,0,0,0,0,0,0,0,0,0,0,0,0,0,0,0,0,0,0,0,-1,-3,-3,-11,-2,-12,0,-12,2,-13,3,-12,2,-9,1,-5,0,-5,1,-8,-3,-8,-5,-7,-4,-6,-5,-5,-9,-6,-11,-9,-11,-12,-10,-13,-10,-15,-11,-15,-11,-15,-12,-17,-13,-16,-11,-14,-9,-16,-10,-19,-10,-17"
54.108603715896606,662,"CSI,628,128,83,49,21,0,13,-6,9,-9,5,-11,3,-11,2,-10,-1,-13,-2,-14,-3,-12,-1,-14,0,-17,-2,-17,-5,-17,-3,-16,1,-13,2,-10,0,-7,0,-6,0,-6,-2,-5,-4,-4,-5,-4,-7,-4,-6,-1,-4,2,-6,3,-2,0,0,0,0,0,0,0,0,0,0,0,0,0,0,0,0,0,0,0,1,2,5,10,5,10,5,12,3,11,-2,9,-5,7,-2,7,1,7,3,6,5,4,6,4,8,5,11,4,15,1,16,1,17,0,18,-1,17,-2,20,-2,24,-3,25,-4,24,-2,20,1,17,1,16,2,14,5"
54.21107077598572,663,"CSI,633,128,83,49,21,0,-1,11,-2,9,1,7,6,7,8,8,8,11,13,10,18,7,15,6,11,9,10,12,11,10,12,10,12,11,9,10,7,9,7,5,5,2,4,0,3,-1,1,-2,2,-1,3,-3,1,-6,1,-9,0,-3,0,0,0,0,0,0,0,0,0,0,0,0,0,0,0,0,0,0,-4,1,-15,4,-15,2,-13,0,-10,-3,-8,-4,-7,-4,-6,-2,-4,-1,-4,1,-4,4,-4,7,-4,7,-4,8,-5,13,-7,16,-9,17,-8,17,-6,17,-6,17,-7,18,-10,20,-14,21,-13,19,-10,18,-6,18,-7,19"
54.31564688682556,664,"CSI,637,128,83,49,21,0,-2,-13,-2,-10,-5,-9,-8,-9,-9,-10,-11,-9,-14,-10,-17,-15,-19,-17,-16,-15,-14,-12,-13,-10,-9,-10,-6,-9,-7,-10,-7,-10,-5,-8,-5,-4,-6,-1,-6,1,-3,1,-2,2,-2,2,-3,3,-4,4,-2,1,0,0,0,0,0,0,0,0,0,0,0,0,0,0,0,0,0,0,2,-3,9,-10,9,-9,9,-6,9,-3,8,-1,8,-2,8,-2,7,-2,6,-4,4,-5,2,-4,2,-6,1,-9,-2,-12,0,-14,3,-16,1,-17,1,-16,4,-18,7,-21,8,-21,7,-23,7,-24,8,-21,8,-21,8,-24"
54.41639685630798,665,"CSI,640,128,83,49,21,0,-5,8,-1,5,5,6,9,7,11,8,12,7,12,10,12,18,12,20,13,17,12,12,10,8,7,8,6,10,7,10,4,7,2,5,2,4,2,2,2,-1,5,-3,5,-3,5,-3,5,-2,4,-2,0,-1,0,0,0,0,0,0,0,0,0,0,0,0,0,0,0,0,0,0,-3,0,-10,2,-11,1,-10,-2,-8,-3,-8,-4,-9,-4,-12,-3,-10,-1,-6,0,-6,3,-6,4,-4,5,-4,8,-5,11,-8,12,-12,15,-15,16,-14,17,-12,18,-11,19,-11,18,-11,17,-13,15,-15,14,-12,15,-10,14"
54.51807188987732,666,"CSI,645,128,83,49,21,0,-5,-8,-6,-6,-10,-4,-12,-3,-14,-2,-16,-1,-16,3,-12,8,-13,9,-18,6,-18,2,-15,2,-15,3,-13,2,-9,1,-9,0,-9,-2,-7,-2,-4,2,-2,3,-1,4,1,4,2,6,2,7,2,8,0,2,0,0,0,0,0,0,0,0,0,0,0,0,0,0,0,0,0,0,3,-1,14,0,12,3,12,4,12,3,11,2,9,2,8,4,5,2,3,-4,1,-8,2,-9,3,-10,4,-13,5,-16,5,-17,5,-19,4,-21,4,-23,4,-23,2,-22,2,-22,2,-22,3,-21,2,-21,2,-21,4,-19"
54.72697377204895,667,"CSI,652,128,83,49,21,0,-9,-9,-6,-8,-8,-3,-13,0,-15,1,-15,2,-18,0,-22,-4,-23,-2,-20,3,-17,3,-17,2,-17,0,-16,-1,-14,-1,-10,-1,-7,0,-5,1,-5,2,-5,3,-4,4,-2,4,-1,5,-2,6,-4,4,-2,0,0,0,0,0,0,0,0,0,0,0,0,0,0,0,0,0,0,0,-1,-3,-1,-11,1,-13,3,-13,5,-12,7,-11,5,-10,3,-9,2,-7,2,-6,1,-6,-2,-6,-4,-10,-7,-12,-11,-10,-13,-10,-13,-12,-13,-15,-13,-17,-12,-19,-12,-20,-13,-19,-14,-17,-15,-17,-16,-17,-14,-15,-13,-15"
54.82824492454529,668,"CSI,657,128,83,49,21,0,-15,0,-11,4,-10,6,-10,9,-11,11,-12,10,-11,11,-12,15,-11,14,-10,11,-11,10,-12,10,-11,10,-10,10,-10,9,-8,7,-5,5,-4,5,-3,5,-2,4,-1,4,-1,6,-2,7,-2,6,0,5,0,1,0,0,0,0,0,0,0,0,0,0,0,0,0,0,0,0,0,0,-2,-1,-9,-5,-10,-7,-9,-8,-7,-8,-7,-8,-6,-8,-5,-7,-4,-6,-4,-4,-6,-4,-8,-2,-9,-1,-11,1,-13,1,-13,1,-15,1,-18,2,-20,1,-22,0,-22,-2,-23,-4,-24,-7,-23,-7,-22,-4,-18,-3,-14,-2"
54.925065994262695,669,"CSI,660,128,83,49,21,0,2,10,4,9,7,8,9,6,10,6,12,7,18,7,22,9,21,9,19,8,17,6,15,5,13,5,11,4,7,6,6,6,6,4,4,2,4,1,5,0,6,-2,7,-2,6,-2,6,-3,6,-3,1,-1,0,0,0,0,0,0,0,0,0,0,0,0,0,0,0,0,0,0,-1,2,-2,9,-3,10,-4,10,-6,9,-7,7,-8,5,-7,6,-7,5,-4,6,0,7,4,9,7,11,7,13,5,13,3,14,5,16,6,17,4,19,4,21,5,21,1,24,-2,26,0,25,3,24,3,22,0,21"
55.03047704696655,670,"CSI,665,128,83,49,21,0,-11,8,-9,9,-8,10,-8,12,-6,14,-5,13,-4,9,-3,7,-3,8,-5,11,-7,13,-8,12,-7,11,-7,9,-8,7,-5,6,-4,3,-3,2,-2,4,-1,5,1,4,3,3,3,4,4,3,5,1,1,0,0,0,0,0,0,0,0,0,0,0,0,0,0,0,0,0,0,0,-4,0,-14,2,-13,0,-12,-4,-10,-5,-8,-5,-7,-7,-6,-6,-7,-4,-6,-1,-4,2,-6,3,-10,4,-11,8,-10,11,-11,8,-17,7,-19,8,-19,8,-20,9,-23,11,-23,8,-21,4,-21,2,-20,3,-17,4,-15,3"
55.233139991760254,671,"CSI,672,128,83,49,21,0,9,8,12,5,14,2,12,0,12,-1,14,0,16,2,15,4,16,3,19,0,19,0,18,3,17,3,16,1,13,2,9,3,6,1,6,-1,6,-3,3,-4,2,-3,2,-3,3,-5,2,-6,1,-6,0,-2,0,0,0,0,0,0,0,0,0,0,0,0,0,0,0,0,0,0,0,2,3,9,3,11,0,11,-2,12,-3,14,-3,12,-3,8,-3,6,-1,5,2,5,5,5,7,5,10,5,10,5,9,8,12,11,14,13,14,15,14,16,12,16,11,18,12,19,11,19,9,20,9,20,11,18"
55.34184789657593,672,"CSI,677,128,83,49,21,0,-12,-4,-12,-2,-14,-1,-16,1,-16,1,-17,2,-16,2,-14,3,-16,3,-17,0,-15,0,-14,2,-13,2,-12,1,-12,-1,-12,-1,-10,0,-7,1,-4,2,-2,2,-3,2,-4,1,-3,2,-1,3,-3,4,-1,1,0,0,0,0,0,0,0,0,0,0,0,0,0,0,0,0,0,0,-2,-3,-8,-9,-9,-11,-7,-13,-4,-14,-3,-13,-4,-12,-3,-10,-1,-9,-1,-8,-2,-6,-4,-5,-9,-6,-12,-4,-12,-5,-15,-7,-20,-8,-22,-9,-21,-11,-21,-13,-20,-14,-18,-14,-16,-16,-15,-19,-16,-18,-17,-15,-18,-13"
55.41015291213989,673,"CSI,1072,128,75,-79,20,0,10,-9,6,-11,3,-12,2,-13,2,-16,1,-17,1,-18,-1,-21,-3,-19,-2,-16,1,-17,2,-16,3,-14,3,-14,4,-13,3,-10,0,-7,-2,-6,-2,-6,-4,-5,-5,-5,-4,-4,-5,-3,-4,-1,-3,0,-1,0,0,0,0,0,0,0,0,0,0,0,0,0,0,0,0,0,0,0,3,-1,13,-2,13,-2,13,0,12,2,11,3,11,3,10,2,7,1,5,0,6,-2,7,-3,8,-3,9,-5,9,-8,11,-10,14,-12,14,-12,15,-11,17,-14,20,-16,22,-15,22,-13,19,-12,18,-12,19,-11,21,-8"
55.44133973121643,674,"CSI,680,128,83,49,21,0,-13,5,-12,7,-10,11,-6,11,-2,13,-1,15,-4,14,-6,10,-5,12,-2,15,-2,16,-4,18,-6,18,-7,15,-5,10,-5,5,-5,4,-3,3,2,1,5,1,3,2,1,2,2,1,5,0,3,0,0,0,0,0,0,0,0,0,0,0,0,0,0,0,0,0,0,0,0,0,-3,-2,-10,-7,-11,-8,-10,-9,-7,-10,-6,-11,-5,-9,-5,-7,-6,-7,-6,-7,-8,-5,-10,-2,-11,1,-13,3,-15,3,-17,4,-20,6,-23,5,-24,5,-23,5,-24,4,-24,4,-23,2,-22,2,-19,3,-19,3,-22,2"
55.54445481300354,675,"CSI,684,128,83,49,21,0,-13,2,-13,6,-11,8,-9,8,-10,9,-10,12,-12,13,-19,12,-19,14,-14,14,-13,11,-13,10,-12,9,-13,5,-13,1,-11,2,-9,3,-7,4,-6,3,-3,4,0,5,1,3,2,1,2,3,1,5,0,1,0,0,0,0,0,0,0,0,0,0,0,0,0,0,0,0,0,0,-3,0,-12,-1,-12,-2,-12,-4,-12,-6,-9,-6,-6,-6,-6,-6,-7,-6,-5,-5,-5,-2,-7,-1,-9,-1,-9,0,-10,2,-12,2,-16,2,-18,2,-19,1,-22,0,-24,-1,-25,-5,-25,-5,-22,-4,-22,-5,-23,-6,-19,-5"
55.74531388282776,676,"CSI,692,128,83,49,21,0,2,13,6,9,9,8,12,9,14,9,15,8,17,6,20,3,20,1,19,0,17,2,15,4,14,5,11,7,9,8,9,7,6,5,4,1,5,-2,5,-1,5,0,4,-1,2,-4,3,-7,5,-6,1,-2,0,0,0,0,0,0,0,0,0,0,0,0,0,0,0,0,0,0,-1,2,-6,10,-11,8,-14,8,-15,7,-13,4,-10,1,-8,-1,-5,-1,-3,1,-2,5,0,7,0,8,-1,11,-1,12,0,13,2,17,3,19,0,20,0,22,0,23,-4,23,-5,21,-4,21,-2,22,-1,22,0,21"
55.85197472572327,677,"CSI,696,128,83,49,21,0,-15,0,-11,2,-6,7,-4,10,-7,13,-9,15,-10,13,-11,10,-11,12,-9,16,-8,18,-9,16,-11,11,-10,8,-8,7,-4,6,-2,5,-3,6,-3,5,-1,5,0,5,3,5,5,4,3,1,0,0,-1,0,0,0,0,0,0,0,0,0,0,0,0,0,0,0,0,0,0,0,-3,-2,-9,-8,-8,-10,-6,-13,-5,-15,-4,-13,-5,-10,-6,-9,-6,-7,-6,-6,-6,-6,-7,-3,-9,-2,-11,-3,-13,-2,-16,0,-19,0,-21,-1,-21,-1,-20,-1,-20,0,-22,-3,-23,-6,-22,-6,-20,-3,-18,-1,-17,-1"
55.95187282562256,678,"CSI,701,128,83,49,21,0,13,-6,11,-7,10,-10,8,-11,6,-10,5,-13,6,-12,6,-7,8,-10,11,-14,11,-15,10,-14,10,-14,11,-11,10,-8,7,-9,5,-9,3,-5,0,-2,-2,-3,-3,-3,-2,-3,-2,-4,-3,-6,-4,-7,-1,-2,0,0,0,0,0,0,0,0,0,0,0,0,0,0,0,0,0,0,2,0,10,3,11,5,10,7,9,7,7,9,6,10,5,8,5,7,6,8,7,6,9,1,10,-3,11,-3,12,-3,14,-3,15,-4,17,-5,21,-5,22,-6,21,-4,21,1,22,1,22,1,19,1,17,0,16,-3"
56.051827907562256,679,"CSI,704,128,83,49,21,0,3,12,5,12,6,9,8,6,11,5,12,4,14,5,19,7,20,8,17,7,15,6,15,5,13,6,10,8,9,9,7,7,5,4,4,1,3,0,4,-1,4,-1,3,-1,2,-2,2,-3,2,-5,0,-2,0,0,0,0,0,0,0,0,0,0,0,0,0,0,0,0,0,0,-2,1,-8,8,-10,9,-11,9,-11,7,-10,5,-8,3,-5,1,-3,0,-3,1,-2,3,0,4,2,6,4,9,4,12,2,14,0,17,0,18,1,17,2,19,1,20,-2,19,-4,21,-4,21,-1,20,0,20,-1,18"
56.15393877029419,680,"CSI,709,128,83,49,21,0,4,9,8,8,10,6,10,6,12,4,15,1,18,1,20,1,19,1,17,4,15,6,13,7,12,7,10,5,9,4,9,4,7,2,6,-1,4,-3,4,-3,6,-4,5,-6,3,-7,2,-6,4,-5,1,-1,0,0,0,0,0,0,0,0,0,0,0,0,0,0,0,0,0,0,-1,2,-3,10,-4,9,-7,8,-9,8,-9,9,-8,8,-7,6,-6,5,-4,5,-1,4,2,4,4,6,5,9,7,12,6,14,5,15,7,14,9,14,8,17,6,19,6,22,6,22,5,20,2,20,0,20,1,18"
56.36059093475342,681,"CSI,717,128,83,49,21,0,6,6,6,4,6,-1,9,-5,12,-7,14,-8,15,-6,14,-2,14,-2,17,-5,17,-7,15,-7,14,-5,12,-3,9,-2,8,-4,6,-5,2,-5,0,-6,0,-7,0,-5,0,-3,0,-5,-1,-6,-2,-6,-1,-1,0,0,0,0,0,0,0,0,0,0,0,0,0,0,0,0,0,0,0,2,-1,10,-6,10,-9,11,-8,10,-5,8,-6,5,-8,5,-6,5,-2,5,0,3,1,6,3,11,3,12,5,10,8,12,10,14,9,16,10,17,11,18,9,17,8,17,10,19,9,19,7,19,6,17,6,15"
56.466405153274536,682,"CSI,721,128,83,49,21,0,3,-11,1,-11,-2,-12,-3,-10,-4,-10,-7,-14,-4,-15,1,-15,-2,-17,-5,-17,-3,-15,-3,-15,-2,-16,0,-12,-3,-10,-5,-10,-4,-8,-3,-5,-2,-3,-2,-3,-5,-5,-7,-5,-7,-3,-8,-2,-9,-1,-2,-1,0,0,0,0,0,0,0,0,0,0,0,0,0,0,0,0,0,0,1,-1,6,-2,8,-1,9,1,9,2,7,3,6,4,5,4,6,2,5,0,4,-2,3,-5,4,-8,6,-10,8,-12,9,-16,12,-17,12,-15,13,-15,16,-16,19,-14,18,-12,15,-12,15,-13,19,-14,18,-15,12,-15"
56.5664587020874,683,"CSI,725,128,83,49,21,0,0,12,2,9,4,9,5,11,7,12,10,13,12,11,10,6,9,8,8,12,5,13,4,13,6,13,6,12,4,10,3,6,3,4,3,2,2,2,2,2,2,1,3,-1,3,-3,4,-3,5,-1,1,-1,0,0,0,0,0,0,0,0,0,0,0,0,0,0,0,0,0,0,-3,1,-10,4,-11,3,-12,1,-11,-1,-10,-3,-9,-4,-9,-4,-8,-3,-6,-1,-6,3,-5,8,-4,9,-5,11,-6,14,-7,15,-9,15,-8,17,-8,18,-11,21,-12,21,-13,19,-13,16,-14,14,-13,13,-11,13,-10,10"
56.87343788146973,684,"CSI,736,128,83,49,21,0,10,-6,7,-7,3,-8,1,-8,1,-10,0,-12,2,-16,5,-20,5,-21,2,-18,-1,-16,-1,-15,3,-14,4,-15,5,-14,5,-8,1,-5,-2,-4,-2,-4,-2,-4,-4,-4,-6,-4,-5,-4,-4,-4,-5,-3,-2,-1,0,0,0,0,0,0,0,0,0,0,0,0,0,0,0,0,0,0,1,0,9,2,12,5,13,8,11,9,8,7,8,6,8,6,7,4,6,2,4,3,5,1,9,-3,12,-7,14,-7,17,-6,18,-6,17,-5,17,-3,18,-3,19,-4,20,-4,22,-5,22,-5,20,-6,16,-6,12,-5"
56.97957801818848,685,"CSI,741,128,83,49,21,0,-11,-2,-10,0,-9,3,-7,5,-10,6,-12,7,-15,6,-18,2,-19,4,-18,8,-14,8,-14,8,-16,8,-15,7,-13,4,-11,3,-8,3,-5,3,-3,5,-1,7,-2,7,-3,7,-2,7,-1,5,-1,4,0,1,0,0,0,0,0,0,0,0,0,0,0,0,0,0,0,0,0,0,-1,-3,-4,-11,-4,-11,-2,-13,2,-13,2,-13,2,-11,1,-8,-1,-7,-4,-5,-6,-5,-9,-5,-10,-6,-11,-8,-12,-9,-13,-10,-15,-11,-16,-11,-17,-13,-19,-14,-18,-14,-17,-13,-17,-12,-17,-12,-16,-14,-15,-15,-12,-12"
57.081331968307495,686,"CSI,744,128,83,49,21,0,-9,-8,-11,-6,-10,-2,-10,2,-12,4,-15,5,-18,7,-21,9,-20,9,-15,6,-14,5,-17,5,-19,3,-18,2,-17,1,-13,1,-9,1,-7,2,-6,3,-4,4,-3,6,-2,6,-2,6,-1,5,-1,6,0,1,0,0,0,0,0,0,0,0,0,0,0,0,0,0,0,0,0,0,0,-3,0,-12,0,-13,0,-11,1,-10,3,-10,4,-8,3,-5,0,-4,-2,-5,-4,-6,-5,-8,-4,-8,-6,-6,-10,-7,-13,-9,-14,-11,-15,-10,-15,-10,-16,-14,-16,-18,-14,-19,-13,-17,-15,-17,-16,-18,-16,-18,-15,-18"
57.18044686317444,687,"CSI,749,128,83,49,21,0,-1,10,1,9,5,7,9,8,11,10,13,8,16,7,21,9,21,9,18,7,16,6,14,7,9,10,7,10,7,8,6,7,5,7,4,4,5,0,4,-2,2,-3,3,-3,5,-3,4,-4,4,-5,1,-1,0,0,0,0,0,0,0,0,0,0,0,0,0,0,0,0,0,0,-3,0,-10,3,-11,2,-13,1,-14,0,-12,-1,-10,-2,-8,-1,-7,1,-4,2,-4,3,-5,4,-4,6,-4,11,-5,13,-7,13,-8,16,-8,16,-9,14,-10,16,-12,20,-12,20,-10,20,-8,19,-8,18,-9,18,-10,15"
57.28715896606445,688,"CSI,752,128,83,49,21,0,-11,-12,-9,-10,-8,-6,-9,-1,-12,-1,-17,-2,-16,-4,-10,-3,-13,-3,-18,-3,-19,-2,-19,-3,-16,-2,-13,0,-13,0,-12,0,-9,-1,-7,-1,-5,2,-3,1,-3,0,-3,0,-3,1,-3,3,-4,4,-1,1,0,0,0,0,0,0,0,0,0,0,0,0,0,0,0,0,0,0,0,-3,0,-11,-1,-12,2,-14,4,-15,5,-12,7,-10,6,-9,3,-7,0,-7,-1,-5,-3,-6,-6,-8,-7,-10,-9,-12,-10,-15,-9,-15,-11,-14,-12,-16,-13,-17,-14,-19,-11,-22,-9,-26,-8,-25,-7,-22,-9,-20,-12,-18"
57.38446307182312,689,"CSI,757,128,83,49,21,0,14,3,15,0,11,-3,9,-5,10,-7,12,-10,14,-13,13,-16,11,-14,13,-7,15,-5,15,-8,15,-10,13,-8,12,-6,10,-5,6,-4,3,-2,2,-2,2,-3,1,-5,-2,-6,-3,-6,0,-8,1,-10,0,-3,0,0,0,0,0,0,0,0,0,0,0,0,0,0,0,0,0,0,2,1,8,6,8,8,7,11,5,12,3,11,3,7,4,4,3,5,4,4,6,2,7,2,10,4,13,3,15,2,16,2,16,3,16,3,17,4,19,5,20,7,21,9,21,10,19,9,15,8,13,10,13,11"
57.48703980445862,690,"CSI,761,128,83,49,21,0,15,-3,11,-5,7,-5,6,-7,5,-11,5,-13,5,-13,3,-12,2,-13,4,-15,8,-15,10,-15,8,-13,8,-11,8,-10,5,-7,1,-4,0,-4,2,-7,1,-7,-2,-7,-2,-8,-2,-8,-3,-8,-2,-8,-1,-3,0,0,0,0,0,0,0,0,0,0,0,0,0,0,0,0,0,0,3,-1,11,0,9,3,10,7,10,8,9,9,7,9,4,8,2,4,3,0,4,1,8,2,9,1,10,-1,14,-3,16,-4,17,-2,20,0,21,1,21,0,21,-2,21,-2,21,1,22,2,24,2,23,4,21,3"
57.59282612800598,691,"CSI,764,128,83,49,21,0,10,-10,5,-10,2,-11,1,-13,-2,-16,-4,-17,-3,-14,-1,-13,-1,-15,-1,-18,0,-20,0,-19,-1,-16,1,-14,2,-13,-1,-11,-2,-9,0,-8,1,-5,-2,-4,-3,-4,-4,-5,-3,-6,-4,-6,-3,-4,-1,-1,0,0,0,0,0,0,0,0,0,0,0,0,0,0,0,0,0,0,3,-2,13,-5,13,-3,13,-1,12,1,10,3,8,4,6,2,4,2,4,1,4,-3,4,-5,5,-7,6,-8,7,-10,9,-14,12,-14,13,-12,12,-12,13,-14,14,-13,16,-13,18,-14,20,-14,22,-13,21,-14,19,-15"
57.691673040390015,692,"CSI,769,128,83,49,21,0,-2,14,0,12,4,11,8,8,12,6,11,6,11,3,16,-1,16,1,13,4,12,7,10,8,10,7,11,8,10,9,6,7,5,4,7,1,7,0,5,-1,4,-2,5,-2,5,-4,6,-5,6,-6,1,-2,0,0,0,0,0,0,0,0,0,0,0,0,0,0,0,0,0,0,-2,1,-6,8,-10,8,-12,6,-12,4,-10,2,-10,0,-12,0,-10,3,-7,5,-5,6,-5,7,-4,9,-2,12,1,13,3,14,2,18,0,20,-1,20,-3,21,-4,22,-4,23,-4,22,-3,23,-3,21,-3,18,-1,17"
57.79415702819824,693,"CSI,773,128,83,49,21,0,13,6,14,3,12,-2,8,-5,7,-7,8,-9,7,-14,5,-18,8,-19,12,-17,12,-15,13,-14,14,-14,14,-12,13,-11,10,-8,6,-3,5,-3,4,-6,0,-8,-2,-8,-1,-9,-3,-10,-7,-7,-7,-5,-2,-2,0,0,0,0,0,0,0,0,0,0,0,0,0,0,0,0,0,0,1,1,5,7,5,9,3,10,0,10,0,10,0,9,1,6,2,5,2,5,2,4,3,3,6,4,9,5,11,4,11,3,14,3,17,5,20,7,23,8,23,10,22,10,19,9,17,9,18,10,19,13,19,14"
57.895808935165405,694,"CSI,776,128,83,49,21,0,-2,12,2,12,5,12,5,11,6,9,7,9,10,14,12,18,13,16,14,13,11,13,7,14,6,14,6,14,5,12,4,10,3,7,1,5,1,5,3,4,5,1,5,1,5,1,5,1,4,2,1,0,0,0,0,0,0,0,0,0,0,0,0,0,0,0,0,0,0,0,-1,3,-4,12,-6,11,-7,9,-9,8,-10,8,-10,7,-9,7,-6,7,-5,5,-4,5,-4,6,-1,6,2,8,4,11,3,15,1,20,-1,21,-4,23,-4,25,-3,26,-4,26,-6,24,-6,21,-6,20,-8,23,-5,25"
58.00129675865173,695,"CSI,780,128,83,49,21,0,13,-6,12,-7,10,-10,5,-12,3,-15,3,-15,6,-13,10,-14,11,-17,7,-20,6,-20,7,-18,7,-16,9,-14,9,-10,7,-7,4,-7,1,-9,1,-6,-1,-5,-2,-5,0,-6,1,-7,-3,-7,-6,-6,-2,-2,0,0,0,0,0,0,0,0,0,0,0,0,0,0,0,0,0,0,3,-2,11,-5,11,-2,11,0,12,2,11,2,8,1,7,2,6,4,7,2,7,-1,6,-5,9,-8,12,-9,11,-11,11,-11,15,-14,18,-14,19,-12,20,-11,22,-11,22,-10,21,-9,22,-7,21,-7,19,-8,15,-5"
58.207862854003906,696,"CSI,789,128,83,49,21,0,-9,-4,-11,-4,-12,1,-12,7,-12,10,-12,10,-14,7,-18,2,-17,4,-14,9,-14,10,-14,9,-14,6,-13,3,-12,2,-10,3,-6,3,-5,2,-6,3,-5,5,-4,5,-4,5,-2,4,-2,3,-1,2,-1,0,0,0,0,0,0,0,0,0,0,0,0,0,0,0,0,0,0,0,-3,-1,-10,-3,-11,-6,-9,-10,-7,-11,-5,-10,-3,-10,-1,-8,0,-5,-1,-5,-5,-4,-8,-2,-9,-2,-11,-1,-13,-2,-17,-3,-18,-4,-17,-5,-18,-7,-20,-7,-22,-6,-24,-8,-22,-8,-20,-5,-20,-3,-18,-1,-17,0"
58.31086087226868,697,"CSI,792,128,83,49,21,0,-2,-14,-5,-12,-10,-9,-11,-6,-12,-5,-13,-5,-16,-5,-20,-3,-18,-2,-14,-5,-13,-7,-12,-9,-11,-10,-11,-9,-11,-8,-9,-8,-7,-7,-6,-5,-5,-3,-4,-2,-4,-1,-6,1,-7,2,-7,0,-8,-1,-2,-1,0,0,0,0,0,0,0,0,0,0,0,0,0,0,0,0,0,0,0,-3,3,-11,5,-12,6,-12,8,-12,9,-9,7,-7,5,-5,5,-6,5,-7,3,-5,-2,-7,-5,-10,-5,-12,-5,-12,-6,-13,-5,-15,-4,-18,-4,-18,-5,-20,-3,-21,0,-21,0,-22,-1,-23,-1,-22,-1,-20,-1,-17"
58.409684896469116,698,"CSI,797,128,83,49,21,0,-12,4,-10,6,-8,9,-6,12,-2,12,0,14,-1,14,0,12,0,12,-2,15,-4,14,-5,12,-4,11,-3,9,-4,6,-3,6,-3,7,-2,7,0,6,4,6,5,3,5,0,5,0,6,0,6,2,1,1,0,0,0,0,0,0,0,0,0,0,0,0,0,0,0,0,0,0,-3,-2,-10,-6,-10,-8,-9,-11,-7,-11,-7,-9,-8,-8,-7,-7,-6,-5,-5,-4,-6,-2,-8,0,-8,1,-10,1,-14,1,-15,3,-17,5,-19,5,-21,3,-21,4,-21,6,-21,6,-23,5,-22,4,-20,4,-21,1,-19,0"
58.512481927871704,699,"CSI,801,128,83,49,21,0,8,-8,6,-7,5,-7,3,-10,1,-13,2,-15,2,-18,-4,-21,-7,-20,-5,-17,-3,-14,-3,-13,-2,-14,0,-14,1,-11,1,-10,1,-11,0,-11,-1,-9,-3,-8,-5,-9,-5,-8,-5,-6,-6,-5,-6,-3,-2,-1,0,0,0,0,0,0,0,0,0,0,0,0,0,0,0,0,0,0,2,0,11,3,12,5,10,7,8,9,7,7,6,4,5,5,3,5,3,2,6,1,10,0,9,-3,8,-8,12,-10,15,-9,15,-8,16,-9,18,-8,19,-5,18,-4,17,-4,18,-4,19,-3,19,-4,20,-4,19,-2"
58.617764949798584,700,"CSI,804,128,83,49,21,0,-6,-15,-8,-14,-11,-10,-13,-7,-15,-5,-15,-4,-18,-2,-24,-1,-23,-1,-18,-3,-16,-2,-16,-2,-17,-6,-16,-8,-13,-5,-10,-2,-8,-1,-6,-1,-5,0,-7,2,-7,2,-4,2,-3,3,-2,4,-1,6,-1,1,0,0,0,0,0,0,0,0,0,0,0,0,0,0,0,0,0,0,0,-3,4,-11,7,-11,7,-10,7,-8,7,-6,7,-5,6,-5,5,-5,4,-5,2,-5,-1,-6,-3,-10,-3,-15,-3,-18,-4,-18,-6,-19,-6,-21,-3,-20,-2,-19,-2,-22,-3,-24,-4,-24,-4,-21,-4,-19,-2,-19,-1,-17"
58.71970295906067,701,"CSI,809,128,83,49,21,0,2,-10,-2,-12,-3,-13,-3,-15,-3,-15,-5,-15,-6,-14,-5,-11,-4,-14,-5,-18,-6,-18,-5,-16,-3,-13,-1,-10,-1,-11,-3,-11,-1,-8,0,-5,-1,-5,-4,-4,-4,-2,-3,-2,-4,-3,-6,-3,-6,-3,-2,-1,0,0,0,0,0,0,0,0,0,0,0,0,0,0,0,0,0,0,0,-3,4,-10,6,-11,7,-10,8,-8,9,-5,8,-3,5,-2,3,-3,2,-4,2,-5,0,-7,0,-10,0,-12,2,-14,2,-16,1,-19,2,-18,6,-18,9,-19,10,-20,10,-21,11,-19,13,-17,14,-16,11,-17,6,-15"
58.92164707183838,702,"CSI,816,128,83,49,21,0,13,3,11,0,10,-3,11,-7,10,-8,10,-8,11,-10,9,-14,9,-13,13,-11,16,-11,16,-10,13,-8,12,-7,12,-6,10,-5,7,-4,5,-4,2,-6,2,-5,2,-2,0,-3,-2,-5,-1,-6,-1,-7,-1,-2,0,0,0,0,0,0,0,0,0,0,0,0,0,0,0,0,0,0,0,2,1,11,0,13,-2,14,-3,12,-4,9,-4,9,-3,8,-1,6,-2,4,1,5,4,6,4,7,5,8,9,10,11,10,11,9,14,10,18,12,18,14,16,15,16,17,17,19,15,18,12,14,12,14,11,16"
59.02613282203674,703,"CSI,820,128,83,49,21,0,5,-17,2,-15,1,-15,1,-17,1,-16,0,-17,-4,-15,-9,-11,-8,-11,-6,-12,-5,-13,-4,-16,-3,-20,-2,-17,-1,-13,-1,-13,1,-11,0,-7,-3,-5,-5,-6,-5,-4,-5,-3,-7,-2,-8,-3,-7,-6,-2,-2,0,0,0,0,0,0,0,0,0,0,0,0,0,0,0,0,0,0,2,-1,10,-1,11,1,12,3,10,4,8,4,8,5,7,4,8,1,8,0,6,-1,7,-3,9,-3,10,-4,9,-8,11,-10,15,-11,17,-11,17,-10,18,-13,20,-14,21,-12,21,-10,19,-9,17,-11,13,-9,11,-8"
59.13027596473694,704,"CSI,825,128,83,49,21,0,-8,-13,-9,-12,-13,-10,-15,-7,-14,-7,-13,-9,-14,-9,-13,-6,-13,-7,-15,-9,-15,-10,-16,-11,-15,-11,-12,-11,-10,-9,-9,-6,-6,-6,-4,-6,-5,-4,-4,-3,-4,-3,-6,0,-6,1,-4,1,-4,2,-2,0,0,0,0,0,0,0,0,0,0,0,0,0,0,0,0,0,0,0,0,-3,3,-11,4,-12,5,-14,7,-11,7,-7,5,-7,4,-7,4,-5,3,-5,3,-7,1,-7,-4,-6,-9,-8,-10,-12,-9,-15,-7,-18,-3,-21,-1,-22,-2,-23,-4,-24,-3,-25,-4,-26,-5,-25,-4,-24,-3,-20,-2,-17"
59.22736191749573,705,"CSI,828,128,83,49,21,0,13,3,14,0,13,-3,13,-6,13,-7,13,-6,14,-8,16,-12,15,-12,15,-10,16,-9,16,-7,16,-7,16,-6,15,-5,12,-5,7,-3,5,-3,7,-5,7,-6,4,-7,3,-6,1,-5,1,-6,2,-7,0,-2,0,0,0,0,0,0,0,0,0,0,0,0,0,0,0,0,0,0,1,2,5,8,6,8,6,10,4,10,3,7,3,5,1,4,0,5,1,5,2,2,5,0,8,2,12,2,17,2,19,4,18,7,18,9,18,12,20,14,19,16,17,16,16,14,17,11,18,8,17,6,15,6"
59.33503985404968,706,"CSI,833,128,83,49,21,0,-16,-5,-20,-3,-18,0,-15,2,-17,2,-17,4,-16,3,-18,0,-21,1,-21,2,-19,1,-16,1,-15,1,-14,-1,-14,-4,-13,-5,-11,-3,-8,-2,-6,-2,-5,-1,-6,0,-6,1,-4,2,-4,3,-5,4,-2,1,0,0,0,0,0,0,0,0,0,0,0,0,0,0,0,0,0,0,-4,-1,-13,-3,-14,-5,-15,-7,-14,-8,-10,-7,-6,-7,-5,-7,-5,-7,-4,-6,-4,-5,-7,-3,-11,0,-13,2,-14,2,-15,2,-17,-1,-21,-2,-21,-3,-21,-5,-21,-8,-19,-11,-18,-13,-18,-11,-20,-9,-20,-10,-18,-8"
59.43747878074646,707,"CSI,837,128,83,49,21,0,-11,-10,-10,-11,-10,-10,-12,-8,-14,-6,-15,-5,-16,-2,-15,4,-15,3,-16,-1,-17,-4,-19,-3,-18,-2,-16,-3,-15,-2,-15,-3,-13,-5,-9,-2,-8,0,-8,0,-7,-1,-7,0,-6,2,-5,3,-5,5,-2,1,0,0,0,0,0,0,0,0,0,0,0,0,0,0,0,0,0,0,-1,-3,0,-11,2,-12,4,-13,6,-11,7,-10,6,-7,6,-5,3,-7,0,-7,-2,-6,-6,-8,-6,-9,-5,-10,-7,-13,-9,-17,-9,-22,-8,-25,-7,-23,-6,-21,-5,-20,-5,-20,-7,-20,-9,-21,-8,-22,-7,-23,-7,-24"
59.53486204147339,708,"CSI,841,128,83,49,21,0,9,11,10,8,11,5,13,3,16,-1,16,-1,18,-2,23,-6,22,-6,18,-4,18,-2,17,-3,16,-3,17,-1,16,-1,15,0,11,-1,8,-2,5,-4,4,-5,3,-4,2,-4,2,-3,2,-3,2,-5,0,-2,0,0,0,0,0,0,0,0,0,0,0,0,0,0,0,0,0,0,-1,2,-2,10,-2,11,-3,11,-5,10,-7,8,-8,5,-7,5,-3,6,0,6,-1,6,0,6,5,5,10,6,10,9,8,13,8,15,8,19,7,20,7,20,6,20,7,21,5,22,3,20,4,17,8,18,9,20"
59.642744064331055,709,"CSI,845,128,83,49,21,0,-2,-13,-5,-12,-8,-9,-11,-6,-13,-6,-13,-6,-14,-8,-15,-11,-17,-12,-18,-10,-18,-6,-16,-6,-14,-6,-15,-6,-16,-7,-13,-8,-11,-7,-9,-4,-6,-1,-6,-2,-6,-2,-5,1,-6,3,-6,3,-4,3,-1,0,0,0,0,0,0,0,0,0,0,0,0,0,0,0,0,0,0,0,-1,-4,-2,-14,1,-13,4,-11,5,-11,5,-10,4,-8,3,-8,3,-7,2,-4,1,-4,-1,-6,-3,-9,-6,-11,-9,-11,-11,-13,-10,-18,-7,-19,-5,-19,-5,-20,-7,-22,-6,-24,-4,-24,-2,-22,-3,-22,-5,-22,-5,-17"
59.74041485786438,710,"CSI,848,128,83,49,21,0,-4,15,-1,14,2,10,4,7,5,11,7,13,8,12,4,15,3,16,6,14,6,13,6,16,6,17,4,15,3,12,2,8,0,7,1,6,2,4,3,3,4,4,3,4,2,2,2,1,4,0,1,0,0,0,0,0,0,0,0,0,0,0,0,0,0,0,0,0,0,0,-1,2,-5,11,-8,9,-11,6,-12,4,-10,4,-8,3,-6,4,-3,4,-1,4,-4,6,-4,8,-3,11,-2,13,-2,16,-4,19,-6,20,-6,18,-7,15,-9,14,-8,17,-9,18,-12,20,-13,19,-12,15,-8,12,-6,12"
59.77373003959656,711,"CSI,1075,128,77,-47,20,0,-5,-9,-8,-8,-11,-9,-10,-8,-11,-6,-14,-6,-15,-10,-13,-12,-14,-10,-19,-9,-20,-8,-18,-8,-16,-9,-13,-8,-10,-7,-9,-6,-9,-5,-9,-4,-8,-4,-6,-3,-5,-2,-5,-1,-4,0,-3,1,-3,0,-1,-1,0,0,0,0,0,0,0,0,0,0,0,0,0,0,0,0,0,0,1,-3,7,-11,7,-9,9,-7,9,-6,9,-6,9,-5,9,-3,7,-3,4,-4,2,-7,1,-10,0,-11,-1,-11,0,-14,3,-19,6,-21,5,-18,4,-16,6,-19,6,-23,6,-24,5,-22,3,-21,2,-21,1,-20,0,-21"
59.80442190170288,712,"CSI,1076,128,77,-47,20,0,-13,9,-12,10,-10,9,-8,10,-6,12,-4,15,-2,18,0,22,-1,21,-2,17,-4,15,-7,14,-7,12,-5,11,-6,12,-7,11,-6,8,-4,7,-3,6,-1,7,-1,6,0,5,2,4,2,4,2,4,0,1,0,0,0,0,0,0,0,0,0,0,0,0,0,0,0,0,0,0,-3,0,-11,0,-12,-1,-12,-4,-12,-6,-12,-7,-11,-7,-6,-6,-5,-4,-6,-2,-5,0,-6,2,-10,4,-11,5,-14,7,-17,6,-18,2,-18,3,-19,6,-20,5,-22,2,-22,1,-20,2,-19,3,-19,2,-18,2,-15,3"
59.83763098716736,713,"CSI,1077,128,77,-47,20,0,8,-9,7,-10,5,-11,4,-13,2,-16,-1,-18,-4,-19,-7,-21,-6,-20,-4,-18,-2,-17,2,-15,3,-16,2,-15,1,-13,1,-13,2,-13,1,-11,-1,-7,-3,-5,-3,-5,-5,-4,-4,-2,-3,-2,-4,-1,-2,0,0,0,0,0,0,0,0,0,0,0,0,0,0,0,0,0,0,0,2,-1,11,-2,11,3,12,6,11,5,9,5,8,6,5,5,3,2,3,0,4,-1,7,-4,10,-8,12,-8,15,-7,15,-8,16,-10,18,-7,19,-4,19,-4,19,-5,19,-3,18,-3,18,-4,17,-6,19,-9,23,-9"
59.86789798736572,714,"CSI,853,128,83,49,21,0,14,-6,13,-6,9,-8,7,-10,7,-14,6,-17,5,-13,7,-6,9,-6,8,-10,8,-12,9,-13,8,-12,8,-11,10,-9,9,-7,7,-7,6,-6,5,-6,2,-8,0,-7,0,-5,-1,-5,-3,-5,-3,-6,-1,-2,0,0,0,0,0,0,0,0,0,0,0,0,0,0,0,0,0,0,2,-3,10,-9,11,-5,11,-2,11,-1,9,-2,6,0,5,3,6,2,6,1,6,-1,6,-4,8,-9,9,-11,10,-12,12,-11,17,-9,20,-11,18,-12,18,-10,21,-9,21,-9,20,-6,18,-2,17,-1,18,-3,20,-4"
59.94487810134888,715,"CSI,856,128,83,49,21,0,-5,13,-1,12,4,13,7,14,8,12,8,11,11,14,16,17,13,14,10,12,9,14,9,14,9,13,6,11,5,9,3,8,2,7,4,7,6,7,6,6,5,5,4,2,3,0,6,0,9,0,2,0,0,0,0,0,0,0,0,0,0,0,0,0,0,0,0,0,0,0,-2,2,-7,8,-10,9,-12,9,-13,7,-12,4,-10,3,-9,3,-7,3,-5,4,-2,6,0,7,0,9,-1,13,-3,18,-8,20,-10,20,-9,20,-8,20,-9,19,-9,18,-11,17,-12,17,-11,18,-10,18,-10,16,-11,15"
60.050477027893066,716,"CSI,861,128,83,49,21,0,8,-11,6,-10,3,-10,1,-10,-2,-13,-5,-15,-4,-19,-4,-24,-4,-23,-3,-22,-4,-20,-2,-18,1,-18,1,-17,1,-13,3,-10,2,-10,-3,-8,-5,-7,-3,-7,-2,-7,-3,-5,-3,-4,-3,-4,-4,-3,-1,-1,0,0,0,0,0,0,0,0,0,0,0,0,0,0,0,0,0,0,1,-2,7,-7,10,-6,11,-2,12,0,12,0,11,2,9,3,7,2,5,0,3,-3,4,-5,5,-7,8,-9,10,-11,11,-14,13,-18,15,-18,16,-14,18,-13,19,-14,20,-11,19,-10,18,-11,18,-14,17,-16,14,-15"
60.148754835128784,717,"CSI,865,128,83,49,21,0,-3,14,0,13,3,9,6,7,9,9,11,8,10,8,9,13,12,15,15,12,15,9,14,8,14,8,14,10,11,10,7,8,6,6,7,4,6,2,6,1,5,2,3,1,1,-2,2,-5,4,-5,1,-1,0,0,0,0,0,0,0,0,0,0,0,0,0,0,0,0,0,0,-3,1,-8,8,-8,8,-11,5,-12,1,-10,1,-8,3,-8,4,-8,2,-7,2,-5,4,-2,7,0,7,1,10,0,15,0,19,-1,21,-4,22,-4,21,-4,19,-6,19,-9,20,-8,19,-5,16,-5,16,-6,18,-7,21"
60.25467586517334,718,"CSI,869,128,83,49,21,0,-12,-2,-9,2,-7,8,-5,10,-3,11,-1,12,1,17,1,23,-1,21,-4,17,-5,15,-5,13,-6,11,-6,11,-4,11,-3,10,-3,6,-3,5,-3,6,-1,5,0,4,0,4,1,4,2,3,3,3,0,0,0,0,0,0,0,0,0,0,0,0,0,0,0,0,0,0,0,0,-2,-2,-8,-7,-7,-9,-6,-11,-3,-13,-2,-11,-1,-10,0,-10,0,-10,-2,-8,-5,-4,-7,0,-10,2,-13,2,-17,-1,-19,-3,-22,-2,-23,-1,-22,-2,-21,-3,-22,-5,-24,-8,-23,-8,-22,-6,-24,-5,-22,-3,-17,0"
60.3513069152832,719,"CSI,872,128,83,49,21,0,1,11,4,9,8,6,9,4,8,5,10,6,16,6,22,5,22,4,18,3,13,7,10,10,9,10,7,9,6,8,6,6,7,5,6,3,4,2,4,2,4,2,4,2,6,0,5,1,5,3,1,0,0,0,0,0,0,0,0,0,0,0,0,0,0,0,0,0,0,0,1,2,7,10,4,10,2,10,1,9,0,6,-2,5,-3,5,-1,5,1,5,2,7,3,8,4,7,6,9,8,12,10,13,11,15,11,17,12,18,11,18,6,17,2,18,2,20,4,20,5,19,4,19,4,21"
60.45551300048828,720,"CSI,877,128,83,49,21,0,9,9,9,5,9,2,9,0,12,-2,18,-2,18,-2,13,-2,14,-2,16,0,16,0,18,1,18,3,14,1,11,-1,10,-2,8,-2,6,0,7,-1,7,-4,6,-6,4,-6,2,-5,1,-5,2,-4,0,-1,0,0,0,0,0,0,0,0,0,0,0,0,0,0,0,0,0,0,0,2,2,11,1,11,0,12,-1,12,-3,10,-5,8,-5,7,-3,7,-2,7,1,9,6,10,8,10,11,8,11,8,10,10,10,13,8,15,7,14,7,16,9,19,8,19,7,19,8,20,9,20,8,20,7,19"
60.76689410209656,721,"CSI,888,128,83,49,21,0,-11,2,-9,2,-7,4,-6,7,-6,7,-8,8,-9,8,-8,7,-9,11,-12,15,-11,15,-9,15,-8,15,-9,14,-11,13,-8,11,-5,8,-4,6,-1,4,-1,3,-3,4,-2,5,1,4,3,3,3,3,0,0,0,0,0,0,0,0,0,0,0,0,0,0,0,0,0,0,0,0,-2,-2,-5,-8,-5,-9,-5,-9,-3,-10,-2,-9,-2,-8,-3,-6,-2,-4,-1,-2,-4,-2,-7,-2,-10,-3,-14,-2,-17,-1,-19,-1,-20,-1,-21,-2,-22,-6,-21,-8,-20,-7,-21,-7,-23,-9,-21,-8,-19,-6,-19,-5,-18,-6"
60.86457276344299,722,"CSI,892,128,83,49,21,0,7,13,10,11,12,7,11,3,13,2,15,1,14,-1,11,-2,12,-1,13,1,15,0,16,0,17,3,15,4,13,4,11,5,8,4,6,3,5,2,4,1,5,1,4,0,2,-3,1,-5,1,-6,0,-2,0,0,0,0,0,0,0,0,0,0,0,0,0,0,0,0,0,0,1,1,5,7,3,10,3,12,2,11,0,9,-2,7,-3,5,-1,5,3,6,5,7,7,6,9,6,11,5,12,5,14,8,15,12,14,13,10,14,8,16,9,18,11,20,11,21,11,19,11,18,8,16,7,12"
60.96914100646973,723,"CSI,896,128,83,49,21,0,-8,14,-4,12,0,13,1,13,2,14,4,13,3,14,3,18,7,18,9,16,7,16,5,17,2,16,0,17,0,18,0,13,-1,6,-2,5,-2,4,0,4,3,5,2,4,3,3,6,2,7,2,1,0,0,0,0,0,0,0,0,0,0,0,0,0,0,0,0,0,0,0,-2,2,-6,9,-8,9,-11,7,-11,5,-10,2,-9,0,-8,1,-6,3,-6,3,-5,3,-2,6,-2,9,-4,13,-5,17,-5,18,-5,18,-8,18,-10,20,-10,23,-10,24,-11,22,-12,19,-13,15,-14,14,-13,17,-11,20"
61.07636880874634,724,"CSI,900,128,83,49,21,0,-11,-12,-11,-10,-10,-6,-11,-3,-13,-3,-15,-3,-12,-1,-8,-1,-12,-3,-17,-3,-19,-2,-19,-2,-19,-2,-16,-1,-12,-2,-11,-1,-11,-2,-9,-2,-7,-3,-6,-1,-6,1,-4,2,-1,4,-1,7,-3,7,-1,1,0,0,0,0,0,0,0,0,0,0,0,0,0,0,0,0,0,0,0,-4,0,-13,0,-12,4,-12,8,-12,9,-8,5,-6,2,-5,1,-4,0,-6,-2,-8,-4,-8,-6,-8,-7,-9,-10,-12,-11,-16,-12,-17,-10,-15,-8,-16,-8,-21,-9,-24,-10,-22,-9,-20,-9,-19,-10,-17,-10,-17,-8,-20"
61.24342083930969,725,"CSI,1078,128,77,-47,20,0,-5,18,-2,14,1,12,1,12,4,12,7,11,9,9,11,6,11,8,10,10,8,13,8,17,9,16,6,14,3,14,1,13,-1,10,-1,6,2,2,3,2,3,4,3,3,5,2,7,1,7,1,1,0,0,0,0,0,0,0,0,0,0,0,0,0,0,0,0,0,0,0,-2,0,-8,3,-10,4,-11,4,-10,2,-9,0,-9,1,-8,1,-6,2,-6,3,-5,6,-3,9,1,11,0,11,-2,13,-3,15,-7,15,-10,15,-11,17,-11,20,-11,19,-12,16,-14,14,-11,16,-9,18,-12,20,-14,21"
61.3805570602417,726,"CSI,912,128,83,49,21,0,-20,3,-18,4,-14,5,-9,8,-9,12,-8,13,-8,14,-10,18,-8,19,-6,16,-7,13,-10,13,-11,15,-11,14,-11,12,-10,9,-8,7,-5,5,-4,4,-4,5,-1,5,0,5,2,5,4,4,4,3,1,0,0,0,0,0,0,0,0,0,0,0,0,0,0,0,0,0,0,0,-4,-1,-12,-3,-12,-5,-10,-7,-8,-8,-7,-8,-6,-7,-5,-6,-4,-5,-5,-2,-8,1,-10,1,-9,2,-12,3,-15,4,-16,5,-19,3,-22,0,-21,2,-19,2,-17,0,-20,0,-22,2,-22,2,-23,2,-23,2,-20,-2"
61.486735105514526,727,"CSI,917,128,83,49,21,0,-9,-14,-10,-9,-11,-5,-13,-2,-13,0,-14,0,-15,-3,-14,-5,-16,-5,-17,-5,-16,-5,-15,-5,-15,-4,-12,-5,-9,-7,-10,-6,-9,-4,-6,-3,-5,-3,-4,-2,-3,-1,-3,-1,-4,-1,-6,1,-6,4,-2,1,0,0,0,0,0,0,0,0,0,0,0,0,0,0,0,0,0,0,-1,-3,-4,-9,-3,-11,0,-12,1,-12,2,-9,0,-8,0,-8,1,-6,0,-4,-3,-4,-7,-7,-9,-9,-12,-10,-14,-10,-15,-12,-14,-14,-12,-13,-11,-14,-12,-18,-13,-20,-14,-21,-13,-22,-12,-21,-13,-18,-14,-18,-12,-17"
61.588494062423706,728,"CSI,920,128,83,49,21,0,-14,-9,-11,-4,-10,2,-11,4,-12,3,-14,5,-15,6,-17,1,-20,-2,-22,1,-20,3,-19,2,-18,1,-15,0,-14,0,-14,0,-11,-1,-8,-2,-6,-3,-5,-1,-5,3,-3,4,-1,3,-2,3,-3,3,-1,1,0,0,0,0,0,0,0,0,0,0,0,0,0,0,0,0,0,0,-3,-2,-11,-7,-10,-9,-7,-12,-5,-10,-4,-8,-6,-8,-6,-8,-4,-8,-4,-7,-8,-4,-10,-4,-10,-4,-12,-2,-14,-2,-16,-3,-20,-5,-22,-8,-21,-10,-21,-11,-19,-11,-18,-11,-18,-13,-19,-14,-18,-15,-17,-14,-17,-11"
61.79120397567749,729,"CSI,929,128,83,49,21,0,6,-16,5,-13,2,-11,0,-12,-1,-14,-3,-14,-3,-12,-2,-12,-4,-15,-6,-18,-6,-18,-6,-18,-7,-18,-5,-17,-3,-15,-3,-12,-1,-9,0,-6,0,-5,-2,-5,-3,-5,-3,-4,-3,-4,-3,-4,-5,-3,-2,-1,0,0,0,0,0,0,0,0,0,0,0,0,0,0,0,0,0,0,2,-2,9,-4,11,-2,11,0,10,1,9,1,6,1,4,1,6,0,8,0,7,-1,6,-4,6,-7,6,-7,7,-9,9,-13,10,-14,13,-13,12,-12,11,-11,13,-13,17,-15,15,-14,12,-13,13,-14,14,-14,11,-12"
61.88881778717041,730,"CSI,933,128,83,49,21,0,-1,12,1,10,2,10,4,11,7,11,10,9,14,6,17,3,18,4,17,6,15,7,13,9,12,11,9,11,8,10,8,9,8,7,7,5,6,4,6,4,6,4,5,2,5,-1,6,-3,6,-2,1,-1,0,0,0,0,0,0,0,0,0,0,0,0,0,0,0,0,0,0,-1,3,-4,12,-6,10,-7,8,-8,7,-9,4,-9,3,-5,3,-4,4,-6,3,-4,4,0,8,4,9,4,10,2,12,3,14,5,16,4,18,2,20,-1,21,-3,22,-2,23,-1,22,-1,20,0,20,0,20,0,19"
61.99283790588379,731,"CSI,936,128,83,49,21,0,11,11,9,10,10,7,13,2,13,-1,11,-2,10,-5,10,-8,12,-8,14,-5,14,-3,15,-1,14,-1,13,0,13,1,11,2,7,1,5,-2,6,-4,6,-4,5,-3,5,-4,4,-6,2,-7,0,-8,0,-2,0,0,0,0,0,0,0,0,0,0,0,0,0,0,0,0,0,0,0,2,2,10,0,10,-1,10,-3,11,-5,9,-5,8,-5,6,-3,4,-2,4,-2,6,3,8,7,9,7,9,9,11,12,12,12,13,11,15,11,16,12,15,12,14,11,16,10,16,11,16,10,17,10,16,9,13"
62.097001791000366,732,"CSI,940,128,83,49,21,0,-14,8,-10,9,-8,11,-5,12,-1,13,2,14,0,16,-4,18,-4,19,-2,17,-3,15,-6,14,-7,15,-8,16,-9,14,-9,11,-7,7,-3,5,-2,5,-1,5,0,5,1,6,2,7,1,4,1,2,0,0,0,0,0,0,0,0,0,0,0,0,0,0,0,0,0,0,0,0,-4,0,-14,2,-13,2,-13,0,-13,-3,-12,-6,-10,-5,-6,-5,-3,-4,-4,-1,-6,2,-8,4,-7,6,-8,8,-10,8,-12,8,-13,10,-15,12,-15,12,-18,11,-21,11,-20,9,-18,8,-19,7,-18,9,-17,11,-16,11"
62.201252937316895,733,"CSI,945,128,83,49,21,0,6,-15,5,-13,3,-10,1,-10,-3,-11,-9,-13,-10,-13,-10,-10,-9,-9,-10,-13,-10,-14,-9,-13,-6,-13,-4,-13,-5,-11,-7,-9,-6,-10,-4,-9,-3,-7,-3,-5,-2,-4,-2,-3,-3,-1,-5,0,-6,1,-2,0,0,0,0,0,0,0,0,0,0,0,0,0,0,0,0,0,0,0,1,-2,6,-7,7,-7,10,-4,13,-1,12,-1,10,-2,7,-3,5,-4,5,-2,5,0,4,-2,2,-8,1,-12,3,-14,6,-16,7,-17,9,-20,11,-22,11,-20,11,-19,10,-19,12,-18,14,-17,10,-18,8,-18,10,-18"
62.3061318397522,734,"CSI,948,128,83,49,21,0,-9,-16,-8,-14,-7,-8,-8,-6,-9,-5,-12,-2,-15,-2,-13,-7,-13,-10,-17,-9,-19,-7,-20,-6,-17,-7,-13,-9,-11,-9,-10,-7,-10,-5,-8,-3,-6,-2,-6,-2,-6,-3,-3,-2,-4,1,-8,4,-9,5,-3,1,0,0,0,0,0,0,0,0,0,0,0,0,0,0,0,0,0,0,-2,-3,-6,-12,-6,-13,-4,-14,-1,-14,2,-13,3,-11,3,-10,3,-9,1,-7,-2,-5,-4,-5,-7,-10,-11,-12,-13,-11,-11,-12,-11,-15,-12,-16,-11,-17,-11,-20,-11,-22,-10,-21,-9,-20,-7,-20,-7,-22,-10,-23,-13,-22"
62.40040993690491,735,"CSI,952,128,83,49,21,0,6,17,7,13,7,10,7,7,7,3,9,1,11,0,10,-1,11,4,13,10,14,10,14,9,13,8,11,9,10,7,9,5,6,6,4,5,4,4,5,4,6,4,6,1,6,-2,5,-1,4,-2,1,-1,0,0,0,0,0,0,0,0,0,0,0,0,0,0,0,0,0,0,1,0,6,4,7,8,7,12,4,13,1,13,2,11,1,8,0,6,2,6,5,3,8,-1,10,1,12,5,13,7,13,11,14,14,12,14,8,14,7,17,9,17,10,15,10,16,7,18,8,19,10,18,10,18"
62.61062502861023,736,"CSI,961,128,83,49,21,0,16,5,15,4,12,3,11,0,10,-4,8,-8,7,-9,6,-6,9,-7,12,-11,13,-12,13,-11,11,-11,9,-10,10,-10,11,-9,10,-8,7,-7,5,-4,5,-3,1,-3,-2,-3,-3,-5,-4,-6,-5,-5,-2,-1,0,0,0,0,0,0,0,0,0,0,0,0,0,0,0,0,0,0,1,2,4,12,1,12,-1,11,-3,12,-4,12,-4,10,-2,7,1,6,2,6,3,5,5,6,9,6,12,7,12,9,12,9,14,10,17,11,15,11,13,11,13,10,14,10,13,13,10,13,11,11,12,10,13,10"
62.71053695678711,737,"CSI,964,128,83,49,21,0,15,9,11,4,9,0,8,-2,8,-4,8,-7,9,-13,12,-19,14,-19,13,-17,11,-15,12,-13,13,-11,14,-10,14,-7,12,-5,8,-5,5,-4,3,-4,2,-3,1,-2,0,-4,-1,-7,-2,-8,-2,-9,-1,-3,0,0,0,0,0,0,0,0,0,0,0,0,0,0,0,0,0,0,0,2,1,9,-1,10,-4,10,-5,11,-4,12,-3,11,-4,8,-4,5,-1,4,2,5,6,6,8,7,10,6,12,6,12,8,12,12,11,14,11,15,12,16,13,15,13,11,14,11,14,13,14,12,15,10,14,12"
62.91918206214905,738,"CSI,973,128,83,49,21,0,-11,-13,-8,-9,-9,-4,-10,-1,-9,2,-11,3,-14,6,-15,12,-15,14,-16,12,-19,8,-19,4,-16,2,-14,2,-13,1,-13,-3,-10,-1,-5,2,-2,2,-1,1,0,1,-1,2,-1,4,-1,5,-2,5,-1,1,0,0,0,0,0,0,0,0,0,0,0,0,0,0,0,0,0,0,-1,-3,-2,-11,0,-12,0,-10,-1,-9,1,-9,2,-9,1,-8,0,-6,-1,-7,-1,-9,-3,-9,-6,-8,-11,-8,-12,-10,-12,-11,-13,-11,-13,-12,-15,-14,-17,-15,-16,-16,-15,-18,-16,-18,-16,-18,-17,-19,-18,-18,-17,-16"
63.02025294303894,739,"CSI,977,128,83,49,21,0,1,-18,0,-17,-4,-13,-9,-10,-10,-10,-12,-11,-11,-9,-8,-7,-12,-8,-17,-11,-16,-14,-13,-15,-12,-13,-10,-11,-10,-9,-11,-6,-9,-6,-6,-6,-6,-2,-5,0,-3,-1,-4,-1,-3,1,-3,2,-6,4,-2,1,0,0,0,0,0,0,0,0,0,0,0,0,0,0,0,0,0,0,0,-3,4,-8,7,-6,9,-7,10,-7,9,-5,9,-4,7,-4,4,-4,4,-4,2,-6,-1,-8,-1,-10,-3,-12,-2,-14,0,-15,1,-17,4,-19,5,-21,3,-23,2,-22,4,-20,6,-23,6,-24,6,-23,7,-23,6,-22"
63.225029706954956,740,"CSI,985,128,83,49,21,0,-21,-2,-19,2,-14,2,-13,1,-13,4,-10,10,-14,13,-21,16,-17,18,-11,18,-11,14,-12,13,-13,13,-13,9,-12,5,-11,5,-11,4,-8,1,-6,2,-4,3,-2,3,-1,4,1,4,2,4,0,6,-1,1,0,0,0,0,0,0,0,0,0,0,0,0,0,0,0,0,0,0,-2,0,-9,0,-11,-4,-10,-7,-10,-9,-8,-9,-4,-7,-3,-6,-4,-5,-4,-5,-5,-3,-7,-1,-8,0,-8,1,-11,1,-14,1,-16,1,-18,1,-20,0,-19,-1,-20,-1,-23,-1,-23,-2,-22,-3,-22,-3,-23,-5,-23,-7"
63.325706005096436,741,"CSI,989,128,83,49,21,0,-9,13,-7,16,-3,16,-1,13,-1,13,2,12,6,13,9,19,10,19,10,16,11,15,8,15,5,16,5,16,4,14,3,11,2,8,2,6,1,4,2,2,3,1,4,-1,4,-1,4,-1,3,-2,0,-1,0,0,0,0,0,0,0,0,0,0,0,0,0,0,0,0,0,0,-3,1,-11,5,-12,5,-14,1,-13,-3,-12,-4,-9,-4,-6,-2,-6,1,-8,1,-8,2,-7,6,-6,9,-6,10,-7,11,-10,13,-10,14,-10,15,-12,16,-15,17,-18,16,-20,13,-18,14,-17,16,-16,17,-16,15,-15,14"
63.42610287666321,742,"CSI,992,128,83,49,21,0,2,17,2,16,1,13,1,13,6,13,9,10,11,8,16,6,17,4,16,7,15,10,14,11,14,11,12,11,9,11,8,11,6,11,4,8,3,6,2,4,2,2,3,1,4,0,5,-3,4,-5,0,-2,0,0,0,0,0,0,0,0,0,0,0,0,0,0,0,0,0,0,-2,2,-7,7,-8,4,-10,3,-12,4,-11,4,-8,3,-8,2,-7,2,-6,3,-4,3,-1,5,-1,9,-2,11,-1,11,0,13,-2,15,-3,18,-2,19,-2,19,-3,20,-6,21,-8,22,-7,21,-4,22,-4,25,-7,27"
63.53090786933899,743,"CSI,997,128,83,49,21,0,12,-12,10,-10,8,-9,5,-10,4,-13,3,-15,3,-18,2,-22,0,-23,-2,-22,0,-21,3,-21,4,-22,5,-20,7,-15,7,-11,6,-9,4,-7,2,-6,1,-6,-1,-6,-1,-4,-2,-3,-5,-2,-8,-3,-3,-1,0,0,0,0,0,0,0,0,0,0,0,0,0,0,0,0,0,0,2,-2,10,-6,10,-4,11,0,10,2,8,2,6,3,5,1,4,1,1,1,1,-1,3,-2,6,-5,8,-8,9,-11,11,-13,14,-13,15,-12,15,-11,17,-14,18,-15,19,-11,18,-8,16,-8,16,-8,16,-11,14,-16"
63.63375782966614,744,"CSI,1000,128,83,49,21,0,-18,1,-16,4,-14,7,-11,10,-8,12,-6,11,-9,12,-15,15,-14,19,-12,20,-12,17,-13,15,-15,12,-17,8,-17,6,-15,4,-13,4,-10,3,-8,2,-7,3,-5,1,-3,0,-3,1,-2,2,-1,3,-1,1,0,0,0,0,0,0,0,0,0,0,0,0,0,0,0,0,0,0,-2,1,-7,7,-11,4,-11,0,-10,-1,-7,-1,-7,-1,-6,-1,-5,-1,-5,0,-5,2,-6,5,-7,5,-7,6,-8,7,-13,8,-16,10,-16,10,-15,9,-17,7,-18,7,-20,7,-20,9,-20,7,-21,5,-22,5,-20,7"
63.737550020217896,745,"CSI,1004,128,83,49,21,0,-20,-3,-15,-1,-13,2,-14,5,-13,8,-10,9,-7,13,-9,18,-11,18,-11,16,-12,13,-13,11,-15,10,-14,11,-12,9,-11,7,-9,6,-7,6,-4,4,-3,3,-1,3,0,1,2,1,2,3,1,4,0,0,0,0,0,0,0,0,0,0,0,0,0,0,0,0,0,0,0,0,-2,-2,-8,-7,-8,-8,-6,-12,-4,-13,-3,-12,-3,-11,-3,-10,-2,-8,-1,-8,-3,-6,-6,-3,-7,-3,-8,-2,-11,-1,-14,-2,-16,-3,-17,-4,-18,-8,-21,-10,-22,-9,-22,-9,-22,-9,-22,-7,-23,-6,-24,-5,-23,-5"
63.83447599411011,746,"CSI,1080,128,77,-47,20,0,4,-18,1,-16,-2,-15,-2,-14,-1,-12,-4,-12,-10,-12,-16,-9,-14,-8,-10,-12,-8,-14,-9,-16,-9,-16,-6,-15,-4,-13,-2,-13,-2,-13,-3,-11,-3,-9,-4,-7,-6,-5,-6,-3,-5,-2,-6,1,-6,1,-2,0,0,0,0,0,0,0,0,0,0,0,0,0,0,0,0,0,0,0,1,-3,5,-11,4,-10,5,-11,7,-9,8,-7,8,-6,7,-7,6,-5,2,-3,-1,-7,0,-12,0,-11,-2,-9,-1,-11,0,-16,1,-20,1,-20,0,-22,1,-22,2,-22,3,-23,5,-23,5,-22,2,-22,1,-22,2,-20"
63.8705677986145,747,"CSI,1009,128,83,49,21,0,-4,-15,-4,-14,-3,-13,-6,-12,-10,-10,-12,-10,-13,-13,-15,-20,-18,-18,-17,-13,-14,-12,-12,-13,-9,-15,-7,-15,-8,-14,-7,-13,-6,-11,-6,-9,-4,-6,-4,-5,-3,-4,-4,-2,-7,0,-7,2,-6,3,-2,0,0,0,0,0,0,0,0,0,0,0,0,0,0,0,0,0,0,0,-1,-2,-2,-8,-2,-11,0,-13,3,-12,5,-12,4,-11,3,-10,3,-8,2,-6,0,-6,-3,-6,-5,-8,-9,-11,-10,-13,-9,-15,-9,-19,-10,-20,-8,-19,-6,-21,-6,-23,-5,-23,-4,-22,-3,-23,-2,-25,-2,-26,-4,-25"
63.897621870040894,748,"CSI,1081,128,77,-47,20,0,0,18,4,16,7,15,7,13,7,10,10,8,12,7,11,3,12,4,14,9,14,13,12,14,11,12,12,10,11,10,8,10,6,8,4,5,3,2,4,1,4,3,3,2,2,0,4,-2,7,-2,2,-1,0,0,0,0,0,0,0,0,0,0,0,0,0,0,0,0,0,0,-1,2,-3,10,-7,9,-10,6,-10,3,-10,3,-9,5,-8,5,-5,2,-3,0,-2,1,-2,4,0,8,3,10,3,12,3,16,1,20,0,22,0,22,-2,22,-5,22,-5,23,-3,21,-2,18,-3,19,-2,21,-2,22"
63.943629026412964,749,"CSI,1013,128,83,49,21,0,-15,-13,-17,-8,-17,-6,-14,-5,-11,-2,-10,1,-16,4,-24,2,-24,1,-19,1,-15,2,-15,2,-15,0,-15,-1,-13,-1,-10,-2,-8,-2,-6,-2,-6,-1,-6,-1,-5,0,-4,2,-4,3,-4,4,-2,5,-1,1,0,0,0,0,0,0,0,0,0,0,0,0,0,0,0,0,0,0,-1,-3,-1,-10,-2,-12,-1,-11,2,-10,2,-9,2,-9,4,-8,4,-7,1,-5,-4,-5,-7,-6,-9,-5,-11,-6,-12,-10,-14,-13,-15,-16,-14,-17,-13,-17,-12,-18,-9,-18,-8,-19,-9,-18,-14,-16,-19,-18,-18,-18,-17,-15"
64.04351878166199,750,"CSI,1017,128,83,49,21,0,-20,2,-21,4,-17,4,-10,5,-7,10,-8,12,-9,14,-10,18,-9,20,-9,17,-13,14,-13,14,-12,14,-12,10,-12,8,-12,5,-12,5,-9,5,-5,2,-3,2,-3,2,-4,2,-3,4,-1,7,0,7,0,1,0,0,0,0,0,0,0,0,0,0,0,0,0,0,0,0,0,0,-3,-1,-10,0,-12,-1,-14,-3,-13,-5,-9,-5,-8,-5,-8,-5,-7,-5,-7,-3,-6,-1,-9,0,-12,1,-15,3,-18,7,-20,6,-21,5,-21,6,-21,6,-21,7,-20,5,-21,2,-24,4,-24,6,-25,5,-26,6,-28,7"
64.14113569259644,751,"CSI,1020,128,83,49,21,0,8,19,8,16,8,12,8,9,11,7,10,6,12,7,18,10,19,9,17,7,17,8,16,11,14,13,12,10,11,8,9,9,7,9,7,6,7,3,5,2,5,2,4,1,4,0,4,-3,3,-5,0,-2,0,0,0,0,0,0,0,0,0,0,0,0,0,0,0,0,0,0,0,2,2,12,1,12,-2,12,-5,11,-7,10,-6,8,-3,7,-2,5,-1,4,0,5,3,7,5,8,5,9,5,11,7,14,10,16,9,18,6,20,5,19,7,20,7,22,5,22,5,22,7,23,8,21,7,18"
64.20635890960693,752,"CSI,1082,128,77,-47,20,0,16,7,14,7,12,2,12,-2,13,-2,12,-5,12,-6,14,-5,17,-6,18,-7,18,-8,20,-10,19,-8,16,-3,14,-2,13,-3,12,-2,10,-1,9,-3,7,-5,3,-6,1,-5,1,-6,0,-6,-1,-5,-1,-2,0,0,0,0,0,0,0,0,0,0,0,0,0,0,0,0,0,0,1,1,6,6,7,6,7,8,6,11,4,10,1,7,-2,5,-1,4,1,4,4,3,6,0,9,0,13,0,12,0,12,2,15,5,18,6,17,8,18,9,19,11,21,10,21,11,18,13,18,12,18,7,15,4"
64.24898195266724,753,"CSI,1024,128,83,49,21,0,9,-13,7,-11,7,-9,3,-10,-2,-11,-3,-13,-1,-17,2,-22,-1,-23,-6,-20,-7,-19,-4,-19,0,-19,1,-18,0,-16,3,-13,4,-11,2,-10,-1,-9,-3,-9,-3,-7,-2,-5,-2,-4,-2,-2,-3,-2,-1,-1,0,0,0,0,0,0,0,0,0,0,0,0,0,0,0,0,0,0,1,-2,8,-4,10,-3,12,-1,11,1,9,3,6,2,6,0,5,-1,6,-2,6,-3,5,-6,3,-10,4,-11,5,-11,6,-16,9,-18,12,-14,13,-9,12,-11,12,-15,11,-18,14,-18,17,-17,18,-18,15,-20,13,-19"
64.34784197807312,754,"CSI,1029,128,83,49,21,0,13,3,13,1,13,-3,11,-5,10,-6,11,-8,10,-11,7,-14,9,-13,14,-12,15,-11,13,-8,14,-7,15,-6,14,-5,12,-5,9,-4,7,-2,7,-2,5,-2,2,-4,2,-6,2,-7,2,-7,2,-7,0,-2,0,0,0,0,0,0,0,0,0,0,0,0,0,0,0,0,0,0,2,0,10,1,11,3,10,6,8,6,5,7,3,9,3,8,2,4,2,-1,4,-1,8,-2,11,-2,12,1,14,1,16,-1,17,-2,17,-1,17,2,19,4,22,3,24,0,22,3,19,6,20,6,21,6,22,5"
64.55537295341492,755,"CSI,1037,128,83,49,21,0,-16,0,-14,2,-12,4,-10,6,-8,8,-10,12,-11,15,-6,17,-6,15,-8,14,-7,14,-9,15,-11,16,-11,13,-12,10,-12,8,-10,7,-7,6,-5,5,-3,5,-1,4,0,5,0,6,0,6,-1,5,-1,1,0,0,0,0,0,0,0,0,0,0,0,0,0,0,0,0,0,0,-3,0,-11,0,-12,-2,-11,-4,-9,-6,-9,-8,-9,-7,-10,-5,-11,-4,-9,-3,-6,-3,-4,-1,-6,1,-11,2,-14,4,-15,7,-18,8,-20,7,-19,5,-20,3,-21,3,-23,2,-24,1,-23,2,-24,3,-25,3,-22,2"
64.76120686531067,756,"CSI,1044,128,83,49,21,0,13,-9,10,-8,7,-10,4,-12,2,-15,3,-17,-1,-17,-7,-20,-6,-20,-3,-18,0,-17,2,-17,2,-15,2,-15,5,-15,6,-14,5,-11,3,-8,-1,-9,-4,-10,-5,-9,-4,-7,-4,-5,-5,-4,-6,-2,-2,-1,0,0,0,0,0,0,0,0,0,0,0,0,0,0,0,0,0,0,1,-1,5,-2,8,-1,11,-2,12,-2,10,-1,9,-1,9,-2,7,-2,6,-2,7,-4,7,-5,5,-3,7,-5,8,-10,9,-14,11,-13,12,-12,14,-13,14,-14,15,-15,19,-14,20,-13,19,-14,19,-16,18,-15,18,-14"
64.86651110649109,757,"CSI,1049,128,83,49,21,0,-3,-17,-4,-13,-4,-11,-7,-9,-13,-8,-17,-7,-20,-7,-23,-9,-22,-9,-19,-10,-16,-11,-14,-12,-14,-13,-13,-14,-12,-12,-8,-10,-6,-10,-7,-8,-6,-4,-5,-3,-7,-5,-8,-5,-8,-3,-7,-2,-7,0,-2,0,0,0,0,0,0,0,0,0,0,0,0,0,0,0,0,0,0,0,-1,-3,-1,-11,-1,-13,1,-13,4,-13,5,-10,4,-6,3,-5,0,-6,-1,-7,-2,-7,-3,-7,-3,-8,-5,-10,-8,-13,-8,-16,-8,-17,-8,-16,-8,-19,-9,-21,-12,-20,-12,-19,-8,-21,-3,-23,-1,-24,-3,-24,-4,-21"
64.96909999847412,758,"CSI,1053,128,83,49,21,0,-12,-11,-12,-9,-11,-8,-12,-5,-13,-3,-15,-3,-16,-3,-15,-3,-17,-5,-21,-10,-22,-12,-19,-11,-15,-10,-12,-7,-10,-5,-11,-3,-10,-3,-8,-3,-7,-3,-7,-1,-8,1,-8,3,-7,1,-5,0,-5,0,-2,0,0,0,0,0,0,0,0,0,0,0,0,0,0,0,0,0,0,0,-2,-2,-7,-6,-6,-9,-4,-13,-2,-13,-3,-12,-3,-11,-1,-10,-2,-8,-3,-7,-4,-6,-7,-6,-9,-6,-11,-5,-13,-5,-15,-7,-16,-7,-16,-10,-16,-12,-15,-13,-16,-16,-18,-19,-17,-19,-16,-22,-13,-22,-12,-18,-15,-12"
65.06545686721802,759,"CSI,1056,128,83,49,21,0,15,-3,9,-5,6,-7,8,-10,10,-12,11,-15,9,-18,8,-23,8,-24,10,-20,10,-15,10,-13,10,-12,9,-10,9,-9,9,-9,8,-7,5,-4,2,-3,1,-6,1,-8,1,-7,0,-8,-2,-8,-4,-7,-1,-2,0,0,0,0,0,0,0,0,0,0,0,0,0,0,0,0,0,0,2,0,8,1,9,2,10,2,10,1,7,3,5,6,3,6,3,4,5,3,6,2,5,-1,5,-4,7,-5,8,-6,10,-7,14,-6,16,-5,17,-6,19,-6,22,-6,23,-5,24,-3,25,-1,25,-2,24,-4,21,-4"
65.09784889221191,760,"CSI,1083,128,77,-47,20,0,15,-5,15,-6,11,-8,7,-11,7,-14,6,-14,7,-17,11,-22,10,-23,7,-21,6,-18,5,-17,5,-18,6,-17,6,-14,5,-11,5,-10,3,-9,0,-8,-2,-6,-2,-7,-2,-5,-2,-3,-3,-2,-3,-5,-1,-2,0,0,0,0,0,0,0,0,0,0,0,0,0,0,0,0,0,0,1,0,6,3,5,5,5,7,5,9,6,7,7,5,6,4,3,5,1,5,3,3,6,1,9,0,11,-1,10,-1,9,-3,14,-3,19,0,20,-1,22,-4,24,-4,24,-3,21,-2,19,0,19,2,19,1,19,2"
65.27196097373962,761,"CSI,1065,128,83,49,21,0,-16,2,-14,6,-13,7,-10,8,-11,9,-15,11,-13,15,-9,19,-8,16,-12,10,-15,8,-15,9,-15,11,-14,9,-12,6,-13,5,-12,4,-8,4,-6,3,-5,5,-4,6,-2,5,-2,4,-1,5,-1,5,0,1,0,0,0,0,0,0,0,0,0,0,0,0,0,0,0,0,0,0,-2,0,-9,1,-10,0,-12,-1,-11,-3,-9,-4,-8,-5,-8,-5,-7,-6,-6,-5,-7,-1,-8,4,-7,4,-7,5,-11,6,-16,4,-20,2,-22,2,-22,4,-23,6,-24,6,-24,5,-25,4,-26,3,-26,2,-25,1,-25,0"
65.37075591087341,762,"CSI,1069,128,83,49,21,0,4,14,10,13,11,10,12,9,13,10,13,9,17,10,23,11,22,12,16,12,13,11,12,8,11,9,9,12,7,12,5,10,8,5,10,5,9,4,7,3,4,3,5,2,6,-2,6,-2,7,-3,2,-1,0,0,0,0,0,0,0,0,0,0,0,0,0,0,0,0,0,0,-1,2,-3,9,-3,11,-5,12,-7,11,-7,8,-5,7,-5,6,-6,6,-5,6,-1,6,2,7,4,8,6,8,7,10,6,12,6,15,7,17,6,17,4,17,2,19,0,20,1,18,1,20,1,22,0,21,0,19"
65.52589797973633,763,"CSI,1084,128,75,-79,20,0,12,2,10,-3,10,-4,12,-5,12,-9,14,-13,14,-15,12,-15,13,-11,16,-9,16,-11,16,-10,16,-7,13,-6,12,-7,11,-4,11,-2,8,-3,4,-2,2,-3,4,-4,4,-3,1,-2,0,-5,1,-7,0,-2,0,0,0,0,0,0,0,0,0,0,0,0,0,0,0,0,0,0,1,1,7,7,9,7,10,7,8,7,6,8,4,8,3,7,3,4,4,2,6,1,7,0,8,-1,9,-1,12,0,14,1,16,1,17,1,18,4,21,7,23,6,23,7,23,10,24,11,25,10,21,9,16,8"
65.5536880493164,764,"CSI,1085,128,75,-79,20,0,9,11,10,8,10,5,10,3,14,2,17,4,17,2,20,-2,18,-2,17,1,18,2,15,4,12,5,13,3,15,3,14,5,9,3,7,-1,8,-3,8,-2,6,-1,5,-2,5,-4,4,-6,5,-7,1,-2,0,0,0,0,0,0,0,0,0,0,0,0,0,0,0,0,0,0,0,2,1,10,0,10,-3,10,-5,9,-5,7,-4,7,-3,6,-3,2,-2,1,3,3,7,4,7,4,8,5,9,9,7,12,7,13,7,15,8,17,7,18,4,17,3,19,7,19,8,17,7,18,6,19,7,20"
65.58238983154297,765,"CSI,1077,128,83,49,21,0,-5,11,0,10,1,10,3,12,6,15,6,14,2,14,-1,17,1,19,5,19,6,19,4,19,2,16,2,12,3,11,0,11,-2,9,0,5,3,4,5,4,4,2,4,1,5,1,5,2,4,3,1,1,0,0,0,0,0,0,0,0,0,0,0,0,0,0,0,0,0,0,-2,2,-6,9,-6,8,-8,5,-9,2,-8,1,-8,0,-8,1,-6,4,-5,4,-4,3,-2,3,0,5,1,10,0,14,-1,16,-3,18,-5,18,-7,18,-11,19,-12,21,-12,20,-14,19,-15,20,-13,20,-10,19,-9,20"
65.68084597587585,766,"CSI,1080,128,83,49,21,0,-16,7,-14,9,-11,11,-8,11,-6,13,-8,15,-9,16,-6,17,-5,16,-9,12,-10,11,-10,10,-11,9,-12,9,-11,8,-10,6,-8,5,-6,7,-6,9,-6,7,-6,4,-5,2,-2,0,-1,3,-1,6,0,1,0,0,0,0,0,0,0,0,0,0,0,0,0,0,0,0,0,0,-3,1,-9,5,-9,5,-9,4,-9,2,-10,0,-9,0,-9,0,-7,0,-5,2,-4,3,-4,5,-5,6,-5,7,-7,9,-8,12,-8,13,-11,13,-15,13,-17,13,-16,12,-16,9,-18,7,-19,7,-20,8,-22,10,-22,11"
65.88256001472473,767,"CSI,1089,128,83,49,21,0,8,12,10,11,12,8,12,4,14,0,16,1,16,3,14,1,15,2,16,3,18,5,17,7,16,8,13,7,13,4,12,2,8,0,6,-2,7,-3,8,-3,8,-3,5,-4,4,-5,4,-6,3,-8,0,-3,0,0,0,0,0,0,0,0,0,0,0,0,0,0,0,0,0,0,-1,1,0,6,0,7,-3,8,-6,10,-8,10,-9,10,-8,9,-8,7,-7,7,-4,8,-2,7,-1,6,1,7,4,10,7,14,9,15,7,15,6,16,4,19,3,20,4,21,3,23,2,23,3,20,4,18,4,19"
66.09491610527039,768,"CSI,1097,128,83,49,21,0,-16,-9,-15,-5,-12,-1,-12,2,-13,3,-15,4,-18,2,-17,-4,-17,-4,-18,-2,-17,-1,-18,-2,-18,-3,-15,-3,-12,-1,-11,2,-10,1,-9,-2,-9,-1,-7,2,-6,4,-5,3,-3,2,-4,1,-7,1,-3,0,0,0,0,0,0,0,0,0,0,0,0,0,0,0,0,0,0,0,-3,-1,-10,-2,-10,-4,-10,-7,-11,-8,-11,-6,-9,-5,-7,-6,-5,-6,-4,-4,-6,-2,-8,-1,-10,1,-12,3,-14,3,-15,3,-17,1,-18,-2,-18,-5,-20,-5,-25,-7,-27,-10,-24,-12,-21,-14,-22,-12,-22,-8,-20,-6"
66.1268060207367,769,"CSI,1086,128,75,-79,20,0,7,-14,4,-13,1,-13,0,-13,-3,-15,-7,-15,-10,-16,-9,-20,-8,-19,-10,-16,-10,-16,-11,-15,-11,-12,-8,-11,-6,-9,-6,-8,-6,-7,-5,-7,-5,-5,-4,-3,-4,-1,-3,-1,-4,0,-5,2,-4,2,-1,0,0,0,0,0,0,0,0,0,0,0,0,0,0,0,0,0,0,0,2,-1,8,0,9,1,10,3,10,5,9,6,8,6,5,5,5,4,7,0,7,-3,4,-4,4,-5,6,-7,7,-10,8,-12,8,-13,9,-14,12,-15,13,-17,13,-18,14,-18,15,-19,16,-19,18,-18,19,-18,18,-16"
66.19505572319031,770,"CSI,1100,128,83,49,21,0,-8,-15,-9,-13,-8,-7,-10,-5,-12,-5,-12,-4,-16,-5,-18,-9,-20,-10,-21,-8,-19,-5,-18,-4,-17,-6,-15,-7,-13,-4,-12,-3,-11,-3,-8,-1,-8,1,-8,1,-7,-1,-9,0,-8,3,-4,4,0,3,0,0,0,0,0,0,0,0,0,0,0,0,0,0,0,0,0,0,0,0,0,-2,1,-9,3,-10,7,-10,9,-9,8,-9,8,-8,9,-4,6,-2,2,-3,1,-4,1,-5,1,-8,-2,-11,-6,-11,-7,-12,-9,-15,-9,-16,-7,-18,-7,-20,-6,-22,-6,-23,-6,-21,-4,-21,-2,-24,-3,-25,-2,-23"
66.29951786994934,771,"CSI,1104,128,83,49,21,0,-1,-19,-3,-16,-1,-12,-3,-9,-5,-10,-7,-13,-13,-17,-19,-19,-19,-19,-14,-17,-12,-17,-11,-18,-9,-18,-7,-16,-7,-14,-7,-13,-6,-9,-6,-6,-5,-5,-5,-5,-7,-5,-6,-2,-5,-1,-7,-2,-8,-3,-2,-1,0,0,0,0,0,0,0,0,0,0,0,0,0,0,0,0,0,0,-1,-3,0,-10,3,-10,7,-11,8,-11,8,-8,8,-4,7,-2,6,-3,4,-5,1,-6,0,-7,0,-9,-1,-11,-3,-10,-5,-12,-4,-16,-1,-18,1,-20,2,-21,2,-21,5,-22,7,-23,5,-23,3,-23,3,-23,5,-23"
66.32940697669983,772,"CSI,1087,128,77,-47,20,0,13,-2,11,-2,10,-3,10,-5,9,-7,8,-11,11,-15,15,-17,14,-17,12,-15,13,-11,14,-9,13,-9,11,-9,8,-9,7,-5,7,-1,6,-1,6,-4,3,-7,1,-7,-1,-5,-1,-5,0,-4,-1,-3,-1,-1,0,0,0,0,0,0,0,0,0,0,0,0,0,0,0,0,0,0,2,-2,8,-6,9,-3,10,0,10,1,8,2,8,3,7,3,5,3,5,2,8,1,9,-2,8,-4,7,-7,8,-11,10,-11,12,-11,14,-12,17,-9,18,-8,19,-8,20,-6,21,-3,23,-3,24,-5,25,-7,24,-9"
66.39762997627258,773,"CSI,1108,128,83,49,21,0,13,-8,10,-6,8,-9,5,-11,-1,-13,-4,-16,-5,-15,-5,-10,-2,-13,1,-17,1,-18,1,-19,2,-18,3,-17,4,-15,2,-12,0,-10,0,-8,0,-6,-3,-6,-5,-5,-2,-5,-1,-6,-3,-4,-3,-2,-1,-1,0,0,0,0,0,0,0,0,0,0,0,0,0,0,0,0,0,0,1,0,8,0,10,-1,12,-1,10,1,8,4,6,7,7,5,6,3,4,1,6,2,9,2,9,0,8,-3,8,-6,10,-8,13,-11,14,-14,15,-14,18,-12,21,-9,22,-8,22,-8,20,-7,19,-9,19,-10,19,-8"
66.49920988082886,774,"CSI,1113,128,83,49,21,0,-9,12,-5,12,-2,11,1,11,5,13,6,15,7,16,12,17,12,17,8,15,6,14,4,16,1,17,0,16,0,13,-1,11,1,10,3,9,4,7,5,5,3,3,3,1,4,1,4,1,4,0,1,0,0,0,0,0,0,0,0,0,0,0,0,0,0,0,0,0,0,0,-2,1,-6,5,-6,3,-9,0,-13,-2,-12,-3,-9,-4,-7,-4,-5,-2,-4,2,-4,3,-5,3,-5,5,-5,6,-6,8,-7,10,-8,12,-8,14,-9,14,-11,15,-14,18,-16,21,-17,19,-16,18,-13,17,-12,13,-16,11"
66.60014796257019,775,"CSI,1117,128,83,49,21,0,7,9,9,7,12,6,13,1,13,-1,14,0,18,-3,22,-9,22,-7,22,-2,21,1,17,0,16,-1,14,-1,10,1,9,3,9,2,8,-1,7,-3,6,-6,5,-5,5,-4,5,-3,4,-3,4,-3,1,-1,0,0,0,0,0,0,0,0,0,0,0,0,0,0,0,0,0,0,-2,3,-4,13,-4,12,-5,10,-5,8,-5,7,-6,6,-7,6,-6,4,-5,3,-4,5,-3,5,0,5,2,8,3,9,7,9,11,11,9,14,6,13,8,14,10,19,10,22,10,21,10,19,12,21,11,20,7,16"
66.70209503173828,776,"CSI,1120,128,83,49,21,0,15,2,10,0,8,-4,8,-9,9,-12,9,-14,5,-18,0,-21,0,-19,4,-18,6,-18,8,-15,9,-13,8,-10,5,-8,3,-8,1,-9,1,-8,2,-7,3,-7,1,-7,-1,-7,-3,-6,-4,-5,-5,-3,-2,-1,0,0,0,0,0,0,0,0,0,0,0,0,0,0,0,0,0,0,1,0,6,4,6,7,4,11,3,10,3,7,2,6,1,8,1,8,1,5,2,3,5,1,7,-1,8,0,11,1,17,1,21,0,21,2,21,3,22,0,22,-1,23,2,23,4,22,4,22,3,22,4,20,7"
66.7963879108429,777,"CSI,1088,128,77,-47,20,0,13,4,12,1,10,-1,8,-2,9,-5,11,-10,10,-10,9,-9,12,-12,15,-14,17,-13,17,-10,16,-6,14,-7,13,-8,10,-6,6,-6,5,-6,5,-4,3,-5,2,-7,1,-7,0,-8,-1,-9,-3,-9,-1,-3,0,0,0,0,0,0,0,0,0,0,0,0,0,0,0,0,0,0,1,1,5,7,5,9,3,10,2,11,2,11,1,11,-1,8,-1,7,1,7,1,5,2,5,6,5,9,4,11,2,15,5,18,9,18,8,18,6,19,8,20,10,21,10,21,10,19,9,18,11,18,13,18,13"
66.82641100883484,778,"CSI,1125,128,83,49,21,0,14,-1,10,-5,8,-9,8,-10,7,-13,5,-16,4,-13,7,-9,9,-14,11,-18,12,-15,12,-14,11,-12,10,-9,10,-8,10,-7,9,-6,5,-5,3,-5,1,-7,-1,-8,-1,-7,0,-5,0,-3,-1,-6,-1,-2,0,0,0,0,0,0,0,0,0,0,0,0,0,0,0,0,0,0,2,0,9,0,9,2,10,3,9,4,10,3,8,3,6,2,7,3,7,4,6,3,6,0,6,-1,8,-2,12,-6,14,-6,16,-6,19,-8,21,-8,21,-7,21,-7,21,-7,22,-5,22,-3,20,-1,19,0,18,-1"
66.91388201713562,779,"CSI,1129,128,83,49,21,0,8,-13,3,-11,-1,-9,-1,-9,-1,-14,-5,-17,-5,-18,-1,-21,-2,-22,-7,-20,-5,-20,-1,-22,-2,-21,-2,-17,0,-14,2,-10,-1,-8,-2,-7,-3,-5,-3,-5,-3,-6,-3,-7,-4,-5,-5,-4,-6,-3,-2,-1,0,0,0,0,0,0,0,0,0,0,0,0,0,0,0,0,0,0,1,-2,4,-7,6,-8,6,-10,6,-8,8,-5,10,-5,8,-6,4,-7,2,-7,3,-6,2,-7,-1,-8,-2,-10,-2,-13,-1,-18,2,-20,4,-19,6,-19,7,-20,7,-18,7,-18,8,-21,10,-22,11,-21,11,-20,10,-19"
66.94025897979736,780,"CSI,1089,128,77,-47,20,0,12,11,12,9,10,5,10,1,13,-1,17,-2,21,-2,26,-6,24,-7,20,-3,19,1,18,3,17,6,16,7,13,6,10,7,9,5,9,2,6,1,5,0,5,-2,6,-2,6,-2,4,-2,3,-4,0,-2,0,0,0,0,0,0,0,0,0,0,0,0,0,0,0,0,0,0,2,1,8,8,6,8,4,9,3,10,2,11,1,13,2,12,3,7,1,5,-1,5,1,4,4,3,8,3,13,3,15,5,13,8,13,9,14,11,13,13,12,14,13,17,14,18,14,16,14,13,14,11,17,12"
67.01647186279297,781,"CSI,1132,128,83,49,21,0,-17,-11,-14,-7,-12,-4,-14,-1,-16,2,-18,4,-20,0,-23,-4,-24,-2,-23,0,-20,-2,-19,-3,-18,-3,-14,-2,-10,-2,-10,-2,-11,-3,-11,-2,-11,-1,-8,-1,-5,1,-6,2,-5,2,-5,1,-6,1,-2,0,0,0,0,0,0,0,0,0,0,0,0,0,0,0,0,0,0,0,-2,-1,-7,-3,-11,-3,-13,-4,-11,-7,-8,-10,-5,-10,-3,-7,0,-4,0,-4,-3,-7,-6,-6,-9,-3,-12,-3,-13,-4,-17,-3,-21,-3,-21,-4,-21,-6,-23,-9,-24,-11,-23,-13,-24,-13,-24,-13,-21,-14,-20,-14,-23,-12"
67.11871480941772,782,"CSI,1137,128,83,49,21,0,-10,-16,-12,-11,-12,-7,-14,-6,-16,-5,-17,-5,-18,-3,-21,-1,-21,-3,-19,-3,-18,-3,-15,-6,-14,-6,-15,-6,-14,-6,-10,-4,-7,-2,-5,-3,-6,-3,-7,-2,-7,0,-6,0,-4,-1,-4,2,-6,4,-2,1,0,0,0,0,0,0,0,0,0,0,0,0,0,0,0,0,0,0,-2,-4,-5,-13,-3,-13,0,-13,1,-12,2,-11,5,-11,5,-10,2,-7,-1,-5,-2,-8,-3,-9,-5,-9,-5,-9,-6,-10,-9,-11,-13,-14,-13,-18,-9,-20,-10,-21,-12,-22,-11,-22,-7,-21,-5,-21,-6,-24,-7,-25,-7,-26"
67.2159070968628,783,"CSI,1140,128,83,49,21,0,12,-5,9,-7,8,-7,5,-10,2,-15,3,-17,6,-16,8,-16,9,-19,9,-19,9,-17,10,-16,10,-15,10,-11,9,-10,7,-9,5,-6,5,-6,2,-7,1,-7,0,-8,-2,-10,-4,-9,-4,-7,-3,-5,-1,-1,0,0,0,0,0,0,0,0,0,0,0,0,0,0,0,0,0,0,3,0,12,1,11,0,10,2,10,4,9,5,6,4,6,3,6,3,6,3,5,1,5,-4,6,-7,7,-7,9,-7,13,-9,15,-10,16,-9,17,-8,19,-7,21,-6,22,-3,22,-1,23,0,26,-2,27,-5,25,-5"
67.32259392738342,784,"CSI,1145,128,83,49,21,0,3,-15,-1,-11,-3,-10,-6,-11,-11,-10,-12,-9,-14,-11,-20,-14,-22,-13,-19,-12,-14,-14,-11,-16,-13,-16,-13,-15,-9,-12,-5,-11,-5,-8,-5,-5,-4,-3,-4,-2,-6,-1,-6,-1,-5,0,-5,1,-6,1,-2,0,0,0,0,0,0,0,0,0,0,0,0,0,0,0,0,0,0,0,1,-2,6,-8,6,-8,5,-7,7,-6,9,-3,8,-1,6,1,5,1,4,0,2,-4,0,-10,-1,-12,-3,-13,-3,-13,-2,-13,-1,-15,0,-18,0,-20,1,-22,1,-22,2,-23,5,-26,7,-27,7,-26,8,-25,6,-25"
67.39018392562866,785,"CSI,1090,128,75,-79,20,0,-2,-14,-4,-12,-6,-10,-8,-9,-11,-9,-13,-9,-14,-14,-13,-18,-15,-15,-19,-11,-20,-11,-18,-12,-16,-13,-15,-12,-12,-10,-9,-6,-6,-4,-5,-4,-7,-3,-8,0,-7,0,-5,0,-5,0,-7,1,-6,2,-2,0,0,0,0,0,0,0,0,0,0,0,0,0,0,0,0,0,0,0,1,-2,8,-6,9,-4,11,-4,12,-3,10,-1,8,0,7,1,5,1,2,-2,2,-3,2,-2,2,-4,2,-8,1,-11,1,-14,-1,-17,-2,-19,0,-20,3,-22,4,-24,4,-25,5,-26,7,-25,7,-24,5,-23,3,-20"
67.42343807220459,786,"CSI,1149,128,83,49,21,0,-11,14,-6,13,-1,10,2,12,4,16,5,17,7,20,8,24,8,20,8,16,8,18,6,19,3,18,0,18,-1,17,0,13,0,10,1,8,0,7,-1,6,2,6,3,4,2,3,2,3,4,1,1,-1,0,0,0,0,0,0,0,0,0,0,0,0,0,0,0,0,0,0,-2,1,-7,6,-9,5,-11,2,-11,-1,-11,-4,-11,-4,-10,-3,-7,-1,-6,-1,-6,0,-5,2,-3,4,-3,8,-5,14,-7,15,-8,14,-7,15,-10,17,-13,18,-14,18,-15,17,-17,16,-19,17,-17,17,-12,14,-10,13"
67.52560305595398,787,"CSI,1153,128,83,49,21,0,4,-16,3,-14,-3,-14,-5,-14,-4,-13,-6,-13,-10,-11,-12,-9,-11,-12,-9,-17,-8,-17,-7,-14,-8,-14,-9,-14,-9,-13,-8,-11,-8,-9,-7,-7,-6,-6,-6,-6,-5,-4,-6,1,-5,3,-5,3,-7,3,-2,0,0,0,0,0,0,0,0,0,0,0,0,0,0,0,0,0,0,0,2,-2,8,-4,8,-3,11,-2,13,1,10,3,7,2,4,1,4,0,6,1,6,0,4,-3,3,-5,3,-7,4,-10,4,-13,5,-17,8,-20,10,-20,9,-21,9,-22,12,-20,15,-19,16,-19,14,-21,12,-20,13,-20"
67.60153794288635,788,"CSI,1091,128,75,-79,20,0,-17,11,-12,13,-8,15,-5,14,-5,14,-5,17,-3,17,-4,14,-5,15,-3,17,-3,19,-2,21,-4,19,-8,15,-8,14,-3,14,-1,13,-3,10,-3,4,-1,3,2,5,2,7,-1,5,-1,3,1,1,0,0,0,0,0,0,0,0,0,0,0,0,0,0,0,0,0,0,0,0,-2,2,-8,6,-9,1,-9,0,-9,1,-11,0,-11,-2,-9,-2,-6,-2,-4,-1,-3,0,-4,1,-7,4,-7,9,-6,13,-8,12,-13,13,-15,13,-14,14,-16,17,-21,19,-22,16,-18,11,-19,8,-23,9,-22,11,-17,11"
67.72830891609192,789,"CSI,1161,128,83,49,21,0,-8,14,-5,14,-5,16,-3,16,1,16,2,16,2,15,6,11,7,13,5,17,4,17,2,15,2,15,1,14,2,12,4,9,5,8,5,8,4,6,4,6,4,5,6,3,5,1,2,0,2,1,0,0,0,0,0,0,0,0,0,0,0,0,0,0,0,0,0,0,0,0,-3,0,-11,0,-14,-3,-14,-5,-12,-7,-10,-9,-9,-8,-7,-5,-7,-1,-7,1,-7,2,-7,2,-6,6,-7,10,-7,12,-9,13,-12,15,-15,16,-16,16,-18,17,-22,16,-22,16,-20,18,-20,18,-21,18,-21,18,-19,18"
67.83580589294434,790,"CSI,1164,128,83,49,21,0,-14,-12,-14,-11,-15,-8,-16,-5,-17,-3,-19,-2,-22,-1,-26,-2,-25,-1,-22,-1,-20,-1,-18,0,-16,-1,-15,-2,-15,-3,-14,-2,-11,0,-10,1,-10,-1,-10,0,-10,2,-8,3,-5,3,-2,2,-4,2,-2,0,0,0,0,0,0,0,0,0,0,0,0,0,0,0,0,0,0,0,-2,-3,-5,-10,-3,-12,-2,-14,-2,-14,0,-13,2,-11,3,-9,3,-8,1,-7,-1,-6,-4,-3,-7,-2,-10,-4,-12,-7,-14,-7,-16,-9,-15,-12,-15,-13,-16,-16,-16,-17,-17,-16,-18,-15,-18,-13,-19,-14,-19,-17,-19,-17"
67.93992400169373,791,"CSI,1170,128,83,49,21,0,-7,-13,-10,-11,-11,-11,-12,-9,-15,-7,-19,-9,-21,-9,-24,-4,-25,-4,-23,-6,-20,-6,-17,-7,-15,-8,-14,-8,-13,-6,-14,-4,-14,-3,-10,0,-6,2,-5,1,-5,1,-6,2,-6,1,-4,2,-2,2,-1,0,0,0,0,0,0,0,0,0,0,0,0,0,0,0,0,0,0,0,0,-3,4,-9,8,-7,11,-6,13,-5,12,-3,9,-1,5,-1,6,-1,7,-1,4,-2,0,-4,-1,-7,-1,-10,-2,-12,-3,-15,-3,-19,-3,-21,-1,-21,0,-20,0,-23,2,-27,3,-27,1,-24,-3,-23,-3,-25,0,-25"
68.03410792350769,792,"CSI,1173,128,83,49,21,0,12,5,13,3,12,2,13,1,16,-1,18,-2,22,-3,26,-2,25,-3,22,-3,21,0,21,2,22,2,19,1,14,1,11,1,10,1,8,-1,8,-3,9,-3,8,-2,4,-1,2,-2,3,-4,2,-7,0,-2,0,0,0,0,0,0,0,0,0,0,0,0,0,0,0,0,0,0,0,2,1,8,1,10,-1,13,-2,14,-2,13,-4,10,-5,6,-3,5,-1,6,1,5,2,5,4,5,7,4,9,4,13,6,16,9,17,12,15,14,13,17,10,18,11,18,14,18,16,17,17,16,15,15,16,14"
68.24345278739929,793,"CSI,1180,128,83,49,21,0,-14,-5,-14,-4,-14,-3,-15,0,-16,1,-17,2,-20,4,-23,8,-21,10,-19,9,-20,6,-19,6,-18,3,-15,-1,-13,1,-12,3,-11,3,-8,5,-6,5,-5,5,-6,4,-5,4,-2,4,0,4,-2,4,-1,1,0,0,0,0,0,0,0,0,0,0,0,0,0,0,0,0,0,0,-1,-4,-3,-15,-1,-13,2,-11,4,-10,4,-9,4,-7,6,-5,6,-5,5,-4,5,-3,1,-3,-5,-3,-9,-3,-12,-3,-12,-7,-14,-11,-15,-12,-15,-14,-15,-17,-14,-18,-14,-17,-14,-16,-13,-16,-12,-16,-12,-16,-12,-16"
68.34173679351807,794,"CSI,1184,128,83,49,21,0,10,-4,9,-7,7,-8,7,-11,6,-15,7,-14,10,-12,13,-10,14,-12,15,-14,14,-14,12,-12,11,-12,10,-12,10,-11,9,-9,7,-7,6,-6,6,-6,4,-7,3,-8,1,-6,-1,-4,-1,-4,0,-4,0,-1,0,0,0,0,0,0,0,0,0,0,0,0,0,0,0,0,0,0,2,-1,8,1,7,4,7,5,6,8,5,10,4,9,3,7,3,6,4,4,4,2,4,-1,5,-3,5,-2,7,-3,11,-4,15,-3,17,-1,19,0,19,0,20,0,23,4,24,7,22,7,21,6,20,3,18,0"
68.44951391220093,795,"CSI,1188,128,83,49,21,0,-7,-12,-8,-9,-11,-5,-13,-3,-14,-3,-15,-1,-15,-1,-10,-5,-10,-9,-16,-11,-19,-11,-18,-9,-15,-7,-13,-7,-12,-6,-9,-6,-8,-6,-10,-4,-11,-1,-8,0,-5,1,-3,2,-4,2,-4,2,-4,3,-1,1,0,0,0,0,0,0,0,0,0,0,0,0,0,0,0,0,0,0,0,-3,-1,-9,-2,-10,-1,-12,0,-12,-1,-12,2,-11,5,-9,3,-9,0,-9,0,-8,-2,-6,-6,-5,-6,-7,-7,-9,-9,-8,-10,-10,-12,-14,-15,-18,-14,-21,-12,-20,-11,-19,-12,-21,-11,-23,-8,-21,-5,-19,-5,-19"
68.5503339767456,796,"CSI,1193,128,83,49,21,0,-5,-15,-4,-11,-7,-7,-11,-6,-17,-6,-22,-6,-23,-2,-26,-1,-25,-1,-21,-1,-20,-1,-18,-4,-17,-6,-17,-5,-16,-4,-14,-2,-7,1,-3,0,-4,-1,-3,1,-2,3,-3,3,-4,2,-4,3,-2,6,-1,1,0,0,0,0,0,0,0,0,0,0,0,0,0,0,0,0,0,0,1,-3,7,-10,10,-8,13,-7,13,-5,12,-4,11,-2,9,-1,6,-2,4,-2,5,-2,4,-3,0,-4,-5,-4,-7,-8,-5,-11,-3,-14,-2,-20,-3,-24,-2,-24,0,-25,2,-25,3,-24,1,-24,-1,-24,-1,-24,-1,-23"
68.65284991264343,797,"CSI,1197,128,83,49,21,0,6,-12,3,-11,1,-11,-3,-11,-8,-13,-10,-14,-11,-15,-12,-15,-11,-17,-8,-17,-6,-15,-5,-16,-5,-18,-5,-17,-4,-14,-3,-11,-2,-9,-4,-6,-5,-7,-4,-9,-4,-7,-6,-4,-6,0,-6,-1,-6,-2,-2,-1,0,0,0,0,0,0,0,0,0,0,0,0,0,0,0,0,0,0,1,-2,7,-8,10,-8,12,-6,12,-4,13,-2,12,0,10,0,7,-1,6,-2,6,-4,4,-6,2,-9,1,-10,2,-11,3,-12,4,-15,6,-18,7,-21,10,-22,12,-21,13,-23,16,-24,17,-19,16,-18,12,-19,8,-20"
68.85954976081848,798,"CSI,1205,128,83,49,21,0,-9,-11,-10,-8,-13,-5,-14,-3,-12,-4,-13,-2,-16,-1,-16,-3,-18,-2,-20,2,-21,4,-21,1,-19,-2,-17,-2,-17,-1,-14,0,-10,0,-8,2,-6,2,-4,2,-3,2,-2,3,-1,4,-1,5,-2,6,-1,1,0,0,0,0,0,0,0,0,0,0,0,0,0,0,0,0,0,0,0,-2,3,-7,6,-9,7,-9,5,-8,4,-8,7,-8,8,-6,6,-3,6,-2,5,-1,2,-2,-1,-7,-5,-11,-8,-14,-9,-15,-8,-16,-9,-19,-13,-20,-14,-19,-12,-21,-7,-23,-5,-24,-5,-24,-6,-25,-6,-24,-5,-19"
68.89301991462708,799,"CSI,1092,128,77,-47,20,0,-2,-15,-7,-12,-8,-11,-10,-12,-11,-11,-11,-9,-13,-12,-15,-18,-17,-18,-20,-15,-19,-13,-16,-13,-13,-13,-10,-13,-8,-13,-8,-12,-8,-9,-8,-6,-7,-3,-7,-2,-6,-2,-5,0,-7,1,-8,2,-8,3,-2,0,0,0,0,0,0,0,0,0,0,0,0,0,0,0,0,0,0,0,0,-2,2,-9,5,-10,8,-11,9,-12,8,-10,8,-9,8,-7,7,-5,4,-5,1,-4,0,-5,-1,-7,-3,-7,-4,-12,-5,-18,-5,-20,-4,-21,-3,-22,-2,-23,-3,-26,-3,-28,-1,-27,3,-26,4,-26,3,-25,1,-22"
68.9237449169159,800,"CSI,1093,128,77,-47,20,0,-9,12,-5,12,-1,12,4,13,6,13,7,13,6,15,5,18,7,19,9,19,7,19,7,18,7,18,4,17,3,15,3,11,3,9,2,6,2,3,4,1,5,0,4,-1,5,-2,6,-2,7,-1,1,0,0,0,0,0,0,0,0,0,0,0,0,0,0,0,0,0,0,0,-3,1,-12,5,-12,2,-12,0,-13,-2,-12,-4,-10,-5,-10,-3,-10,0,-7,0,-5,-2,-4,-1,-4,3,-5,7,-4,10,-4,13,-5,15,-10,15,-13,17,-12,20,-14,21,-16,21,-17,19,-18,16,-18,16,-15,18,-12,18"
68.95799589157104,801,"CSI,1208,128,83,49,21,0,12,-8,10,-9,8,-11,7,-12,3,-13,-2,-15,-5,-19,-6,-24,-4,-24,-3,-19,-4,-18,-4,-18,-2,-19,-2,-18,-2,-15,-2,-13,-2,-12,-1,-9,-2,-7,-5,-4,-5,-2,-6,-2,-6,-2,-7,-1,-9,-1,-3,-1,0,0,0,0,0,0,0,0,0,0,0,0,0,0,0,0,0,0,2,0,11,2,9,5,6,7,4,8,3,9,4,10,5,9,5,8,4,5,4,2,4,-1,5,-3,6,-4,8,-4,12,-5,15,-6,18,-6,19,-6,19,-7,22,-7,26,-4,24,-2,21,-3,22,-4,22,-4,20,-6"
69.06154489517212,802,"CSI,1212,128,83,49,21,0,-12,2,-11,4,-8,6,-5,11,-7,14,-7,14,-7,16,-10,19,-9,20,-4,20,-2,20,-3,18,-5,17,-6,16,-6,13,-5,11,-3,9,-2,7,-1,5,2,3,2,3,3,2,5,1,5,2,5,3,1,0,0,0,0,0,0,0,0,0,0,0,0,0,0,0,0,0,0,0,-1,-2,-3,-9,-4,-10,-3,-12,-1,-13,0,-11,1,-10,1,-10,-2,-8,-2,-6,-3,-5,-6,-4,-7,-3,-9,-3,-13,-2,-15,-1,-17,-1,-18,-5,-20,-6,-24,-5,-25,-4,-26,-3,-28,-5,-27,-5,-26,-5,-26,-7,-23,-9"
69.16092801094055,803,"CSI,1216,128,83,49,21,0,11,4,11,-2,10,-4,11,-7,12,-10,12,-12,15,-9,19,-6,20,-9,19,-10,17,-8,15,-7,13,-5,12,-2,12,-2,10,-3,7,-2,5,-1,3,-1,1,-2,1,-2,1,-3,-1,-3,-3,-5,-3,-8,-1,-3,0,0,0,0,0,0,0,0,0,0,0,0,0,0,0,0,0,0,2,0,8,3,8,7,7,11,6,11,5,11,2,11,1,10,2,6,2,4,5,5,8,5,9,3,10,1,11,-1,13,-1,15,2,17,3,18,4,21,4,23,4,22,5,23,8,24,12,24,10,25,7,27,6"
69.26945090293884,804,"CSI,1220,128,83,49,21,0,-9,-16,-8,-11,-8,-9,-11,-10,-13,-10,-14,-8,-13,-10,-13,-14,-15,-13,-18,-10,-18,-9,-17,-10,-12,-11,-8,-10,-9,-9,-10,-9,-9,-7,-6,-3,-5,-2,-4,-2,-5,-2,-8,-2,-8,-1,-5,0,-5,1,-2,0,0,0,0,0,0,0,0,0,0,0,0,0,0,0,0,0,0,0,-2,-2,-6,-8,-5,-10,-2,-14,2,-14,4,-10,3,-7,4,-6,4,-5,2,-4,-1,-3,-3,-4,-6,-6,-9,-7,-11,-8,-12,-9,-12,-11,-12,-16,-10,-19,-10,-19,-10,-19,-11,-23,-10,-23,-8,-21,-9,-24,-12,-26,-15,-25"
69.3660089969635,805,"CSI,1224,128,83,49,21,0,18,1,16,-2,14,-5,10,-9,7,-10,8,-12,6,-14,-1,-16,-1,-16,7,-17,11,-16,11,-15,10,-15,7,-14,7,-12,10,-11,8,-10,3,-10,1,-9,1,-8,1,-9,0,-7,-1,-5,-2,-5,-4,-6,-1,-2,0,0,0,0,0,0,0,0,0,0,0,0,0,0,0,0,0,0,1,1,6,6,5,9,2,12,1,12,1,11,1,10,-1,7,-2,4,-1,3,0,1,1,0,5,2,10,4,15,0,19,0,19,3,19,4,20,4,21,6,21,6,24,4,24,5,23,8,23,8,21,8,16,10"
69.46932077407837,806,"CSI,1229,128,83,49,21,0,15,-4,15,-6,11,-9,6,-12,5,-14,8,-18,11,-20,10,-14,10,-14,9,-16,9,-15,11,-15,11,-15,9,-14,9,-14,7,-14,6,-11,6,-10,4,-9,1,-8,-1,-6,-3,-6,-3,-5,-4,-4,-5,-3,-2,-1,0,0,0,0,0,0,0,0,0,0,0,0,0,0,0,0,0,0,2,-1,8,-1,7,3,8,6,9,6,8,7,5,6,3,5,3,6,3,6,4,4,5,-1,8,-4,11,-4,10,-4,12,-5,16,-7,19,-7,20,-5,22,-4,24,-3,26,-3,25,-3,24,-2,23,-2,21,-1,20,2"
69.56860089302063,807,"CSI,1232,128,83,49,21,0,7,17,10,14,10,9,9,8,14,9,16,8,17,10,22,12,22,9,20,7,17,8,16,9,15,11,11,11,8,11,7,9,6,5,7,4,7,4,6,4,4,4,5,3,6,2,6,0,4,-2,0,-1,0,0,0,0,0,0,0,0,0,0,0,0,0,0,0,0,0,0,0,2,2,8,1,9,-1,12,-1,13,0,9,-3,5,-8,6,-9,6,-5,5,-2,3,1,2,3,4,6,8,10,12,10,12,10,14,10,16,11,17,12,20,9,21,8,22,7,24,7,22,5,22,3,23,3,19"
69.67381501197815,808,"CSI,1237,128,83,49,21,0,15,-2,14,-2,12,-4,12,-7,13,-10,14,-11,14,-12,17,-15,17,-18,15,-19,12,-15,10,-12,11,-13,10,-13,9,-11,9,-9,8,-6,5,-5,3,-6,2,-7,1,-7,-2,-6,-3,-5,-4,-4,-6,-3,-2,-1,0,0,0,0,0,0,0,0,0,0,0,0,0,0,0,0,0,0,2,2,7,9,3,10,0,11,0,11,-2,12,-5,9,-4,5,-3,4,-2,5,0,4,3,0,7,-1,9,0,10,1,13,2,17,3,19,6,20,8,20,7,20,8,22,11,23,13,20,13,20,11,20,9,19,8"
69.77658581733704,809,"CSI,1240,128,83,49,21,0,-14,12,-10,13,-6,12,-1,13,3,17,4,19,2,19,-2,18,-1,19,2,20,0,19,2,21,4,21,1,18,0,15,2,13,3,11,1,7,2,6,3,7,4,7,4,5,3,2,3,0,6,0,1,0,0,0,0,0,0,0,0,0,0,0,0,0,0,0,0,0,0,0,-3,0,-13,-2,-13,-5,-11,-7,-10,-9,-9,-11,-6,-11,-3,-10,-3,-7,-3,-3,-3,-2,-4,0,-5,4,-6,7,-9,7,-12,10,-16,12,-18,10,-20,9,-23,7,-23,6,-22,8,-22,8,-21,9,-22,11,-22,11,-20,7"
70.08591485023499,810,"CSI,1251,128,83,49,21,0,9,-14,7,-16,5,-15,3,-14,0,-15,-1,-14,-3,-17,-6,-23,-8,-23,-8,-20,-6,-18,-3,-18,-3,-20,-1,-20,2,-17,1,-15,0,-13,-2,-9,-3,-6,-3,-6,-3,-6,-3,-4,-4,-2,-6,-2,-8,-3,-2,-1,0,0,0,0,0,0,0,0,0,0,0,0,0,0,0,0,0,0,1,-2,5,-5,8,-3,10,-1,13,-1,13,0,10,3,8,4,6,4,3,2,2,-1,4,-5,3,-5,4,-5,6,-8,7,-15,9,-18,12,-15,15,-13,16,-16,14,-17,16,-16,19,-15,16,-17,16,-21,16,-20,16,-16"
70.18573474884033,811,"CSI,1255,128,83,49,21,0,15,-2,13,-3,10,-6,8,-10,4,-13,2,-15,3,-16,-1,-18,-2,-20,2,-20,6,-18,7,-16,7,-17,3,-19,2,-18,4,-14,5,-11,2,-11,0,-10,1,-9,1,-8,0,-6,-1,-5,-1,-4,-2,-3,-1,-1,0,0,0,0,0,0,0,0,0,0,0,0,0,0,0,0,0,0,3,0,13,2,11,3,9,5,9,4,9,5,6,7,5,9,3,8,2,6,2,5,5,3,7,-2,7,-6,8,-6,10,-5,12,-7,13,-5,16,-4,19,-7,20,-11,21,-10,22,-7,22,-7,22,-7,21,-5,18,-4"
70.3915069103241,812,"CSI,1262,128,83,49,21,0,-9,10,-7,11,-3,9,-2,8,1,10,5,14,8,15,13,13,14,12,11,14,9,16,6,17,6,16,7,13,6,11,5,10,4,9,3,7,2,6,5,4,6,3,4,1,4,-2,4,-2,2,-2,0,-1,0,0,0,0,0,0,0,0,0,0,0,0,0,0,0,0,0,0,-3,-1,-11,-4,-11,-6,-10,-8,-9,-9,-7,-9,-5,-9,-4,-8,-5,-8,-6,-7,-5,-6,-5,-4,-7,1,-9,5,-11,6,-12,7,-13,11,-14,13,-16,12,-18,12,-19,12,-18,13,-18,14,-19,14,-20,13,-22,11,-24,10"
70.49545288085938,813,"CSI,1267,128,83,49,21,0,-1,-15,-3,-12,-5,-7,-9,-6,-12,-6,-14,-1,-18,-1,-23,-8,-24,-10,-18,-5,-16,-4,-17,-5,-16,-6,-14,-6,-13,-7,-9,-8,-7,-6,-10,-3,-12,0,-12,2,-8,1,-6,1,-6,3,-6,4,-5,4,-1,1,0,0,0,0,0,0,0,0,0,0,0,0,0,0,0,0,0,0,1,-2,5,-7,6,-7,6,-7,8,-5,7,-4,6,-4,6,-4,7,-4,6,-6,2,-7,0,-6,1,-7,0,-9,-2,-10,-5,-11,-5,-13,-4,-15,-3,-18,-4,-21,-3,-22,-1,-20,1,-20,1,-22,-2,-24,-2,-24,-1,-23"
70.59909987449646,814,"CSI,1271,128,83,49,21,0,-3,-11,-3,-9,-5,-9,-8,-10,-10,-8,-14,-7,-19,-6,-22,-5,-19,-6,-16,-8,-14,-8,-13,-9,-12,-10,-10,-12,-10,-13,-9,-11,-8,-7,-7,-5,-6,-6,-7,-5,-7,-3,-5,-1,-4,-1,-4,-1,-4,0,-1,0,0,0,0,0,0,0,0,0,0,0,0,0,0,0,0,0,0,0,0,-3,1,-11,3,-11,5,-11,8,-9,9,-8,8,-7,6,-6,5,-5,5,-7,2,-7,0,-6,-1,-6,-2,-9,-4,-12,-5,-15,-4,-16,-6,-14,-6,-14,-4,-17,-3,-21,-4,-20,-5,-19,-4,-21,-2,-24,-3,-25,-3,-23"
70.69945287704468,815,"CSI,1274,128,83,49,21,0,-16,-2,-14,1,-11,3,-9,7,-9,11,-9,13,-5,15,-3,18,-7,16,-11,13,-11,11,-13,9,-14,9,-13,8,-11,9,-10,10,-9,8,-7,7,-5,6,-4,5,-3,3,-1,3,0,3,1,3,1,4,0,1,0,0,0,0,0,0,0,0,0,0,0,0,0,0,0,0,0,0,-3,0,-10,-1,-11,-3,-12,-6,-10,-7,-9,-8,-8,-6,-5,-6,-5,-7,-5,-6,-7,-5,-9,-1,-7,2,-9,4,-12,6,-14,8,-17,6,-16,1,-17,0,-20,2,-22,2,-22,1,-21,0,-20,-1,-21,-2,-23,-3,-23,-2"
70.80291986465454,816,"CSI,1278,128,83,49,21,0,3,-16,1,-14,-4,-12,-7,-10,-9,-11,-12,-12,-16,-12,-16,-16,-16,-17,-15,-15,-12,-14,-10,-12,-9,-13,-11,-14,-11,-13,-8,-10,-4,-7,-4,-5,-7,-4,-6,-1,-5,1,-5,-1,-7,-1,-6,-1,-5,-2,-2,-1,0,0,0,0,0,0,0,0,0,0,0,0,0,0,0,0,0,0,1,-2,7,-8,9,-6,12,-4,12,-2,9,-1,8,2,9,3,10,1,9,-2,5,-4,1,-6,0,-8,1,-9,0,-10,-1,-13,0,-16,1,-16,1,-18,2,-19,4,-19,5,-19,6,-18,7,-19,9,-21,9,-22,9,-21"
70.90229392051697,817,"CSI,1282,128,83,49,21,0,-5,13,0,13,3,11,4,9,4,8,6,9,8,9,9,9,8,12,9,15,10,15,7,15,4,15,3,13,4,10,7,8,7,6,5,4,4,3,4,4,4,5,4,4,5,0,7,-2,6,-1,1,-1,0,0,0,0,0,0,0,0,0,0,0,0,0,0,0,0,0,0,-2,1,-8,3,-9,2,-11,2,-12,1,-11,0,-11,0,-10,-3,-9,-3,-7,-1,-6,2,-7,4,-7,6,-5,7,-3,9,-2,13,-5,16,-8,16,-8,18,-8,22,-9,21,-9,18,-11,15,-13,14,-11,17,-12,18,-15,16"
70.93564105033875,818,"CSI,1094,128,98,32,6,0,6,-13,5,-12,1,-13,-1,-15,-3,-17,-5,-19,-4,-22,-3,-24,-6,-24,-9,-24,-9,-22,-7,-19,-5,-16,-3,-14,-3,-13,-2,-11,0,-11,1,-11,1,-10,-2,-9,-5,-8,-4,-6,-4,-3,-5,-3,-9,-4,-3,-2,0,0,0,0,0,0,0,0,0,0,0,0,0,0,0,0,0,0,2,-2,8,-7,9,-7,10,-7,8,-4,7,-1,6,-1,7,-2,9,-2,8,0,6,0,2,-4,0,-7,0,-11,0,-15,0,-16,1,-17,1,-18,4,-18,8,-18,10,-21,10,-23,11,-22,13,-20,11,-20,9,-21,11,-20"
70.96463084220886,819,"CSI,1095,128,98,32,6,0,7,7,9,3,8,2,8,2,10,-3,14,-6,13,-4,10,-2,12,-2,18,-4,18,-6,16,-7,15,-7,13,-5,12,-4,12,-4,11,-3,8,-5,4,-6,2,-6,2,-7,1,-8,0,-6,-2,-5,-3,-5,-1,-2,0,0,0,0,0,0,0,0,0,0,0,0,0,0,0,0,0,0,-1,2,-3,9,-6,9,-8,8,-8,7,-8,8,-11,8,-12,6,-9,2,-6,0,-4,2,-1,5,2,6,4,6,4,7,6,10,8,13,10,14,10,13,11,15,12,16,12,16,13,19,14,21,12,24,10,25,9,22"
71.0092658996582,820,"CSI,1286,128,83,49,21,0,-4,-14,-5,-9,-7,-9,-10,-11,-11,-9,-11,-7,-13,-6,-16,-6,-16,-8,-13,-12,-13,-15,-11,-14,-8,-13,-7,-12,-7,-12,-9,-11,-10,-10,-8,-9,-6,-6,-4,-3,-5,-5,-6,-4,-6,0,-6,1,-7,1,-2,0,0,0,0,0,0,0,0,0,0,0,0,0,0,0,0,0,0,0,-2,-3,-4,-11,-2,-12,0,-12,1,-11,3,-10,4,-8,2,-6,1,-6,1,-5,0,-4,-1,-5,-4,-6,-7,-6,-8,-6,-7,-9,-7,-14,-9,-16,-10,-16,-9,-19,-8,-23,-7,-25,-6,-23,-4,-20,-2,-21,-2,-22,-5,-18"
71.09851479530334,821,"CSI,1096,128,77,-47,20,0,13,-1,13,-4,14,-7,14,-10,13,-11,12,-12,8,-12,6,-12,11,-12,15,-11,14,-10,14,-9,16,-7,15,-6,13,-4,10,-3,8,-3,7,-3,5,-5,2,-6,0,-6,0,-6,0,-7,-2,-6,-2,-6,-1,-2,0,0,0,0,0,0,0,0,0,0,0,0,0,0,0,0,0,0,2,-1,9,-1,10,1,10,3,10,4,8,5,7,5,7,4,7,5,5,6,2,3,1,0,2,-2,4,-4,7,-6,10,-6,15,-6,16,-5,14,-5,15,-4,19,-4,21,-4,23,-4,23,-4,21,-4,21,-3,23,-4"
71.12630295753479,822,"CSI,1291,128,83,49,21,0,8,13,8,8,10,3,12,1,14,-2,13,-4,18,-3,23,0,20,-2,17,-5,18,-6,18,-6,18,-4,17,-1,14,0,13,0,11,-2,8,-3,6,-3,4,-4,3,-4,2,-4,0,-4,-1,-5,-2,-4,-1,-1,0,0,0,0,0,0,0,0,0,0,0,0,0,0,0,0,0,0,-2,2,-6,9,-8,8,-8,7,-11,6,-12,4,-11,2,-9,1,-4,3,-3,4,-4,2,-2,3,2,5,6,7,7,11,7,13,8,12,8,14,8,16,9,17,7,18,5,19,6,21,9,20,12,19,12,20,11,19"
71.21510291099548,823,"CSI,1295,128,83,49,21,0,-6,-19,-7,-16,-8,-12,-9,-10,-10,-9,-12,-8,-14,-11,-15,-15,-16,-14,-16,-13,-14,-13,-12,-13,-13,-15,-12,-16,-10,-12,-7,-8,-5,-5,-3,-3,-4,-3,-7,-5,-6,-5,-5,-4,-6,-2,-7,0,-9,0,-3,0,0,0,0,0,0,0,0,0,0,0,0,0,0,0,0,0,0,0,-2,-2,-8,-8,-7,-9,-4,-11,-1,-12,0,-10,1,-8,3,-7,4,-6,3,-7,0,-8,-4,-8,-6,-8,-7,-9,-10,-9,-10,-11,-10,-12,-10,-13,-10,-16,-9,-18,-8,-19,-7,-20,-7,-21,-7,-23,-7,-25,-8,-22,-10,-19"
71.31489086151123,824,"CSI,1299,128,83,49,21,0,-10,-15,-10,-9,-11,-5,-12,-4,-13,-3,-13,0,-17,5,-23,5,-23,4,-21,5,-20,6,-21,4,-22,1,-20,0,-17,0,-14,0,-10,1,-9,3,-8,3,-7,3,-5,4,-3,3,-3,3,-4,4,-4,4,-1,1,0,0,0,0,0,0,0,0,0,0,0,0,0,0,0,0,0,0,0,-3,2,-10,4,-10,6,-9,6,-7,6,-7,6,-7,6,-7,4,-6,2,-4,0,-3,-1,-4,-3,-7,-6,-9,-8,-12,-9,-14,-11,-17,-12,-18,-10,-19,-9,-20,-9,-20,-10,-19,-11,-18,-11,-17,-11,-16,-12,-16,-10,-15"
71.41578888893127,825,"CSI,1303,128,83,49,21,0,-14,6,-14,7,-14,7,-11,7,-9,10,-8,9,-9,13,-12,21,-10,21,-7,18,-7,17,-10,16,-13,15,-11,13,-9,11,-11,9,-10,6,-7,4,-5,4,-4,6,-4,6,-3,4,-1,3,1,4,4,5,1,1,0,0,0,0,0,0,0,0,0,0,0,0,0,0,0,0,0,0,-2,0,-9,0,-11,1,-11,0,-12,-3,-12,-4,-9,-4,-8,-5,-6,-5,-5,-3,-6,-2,-4,0,-5,3,-7,6,-11,7,-13,8,-13,9,-14,9,-16,7,-19,6,-21,7,-21,6,-22,5,-24,5,-23,7,-21,8,-21,8"
71.51991081237793,826,"CSI,1306,128,83,49,21,0,0,-16,-5,-13,-9,-11,-9,-11,-11,-11,-16,-10,-17,-10,-12,-12,-13,-13,-18,-13,-19,-12,-21,-11,-21,-10,-15,-11,-11,-11,-11,-7,-9,-3,-7,-1,-9,1,-10,-1,-8,-2,-6,-1,-6,1,-5,3,-3,6,-1,2,0,0,0,0,0,0,0,0,0,0,0,0,0,0,0,0,0,0,2,-1,9,-3,11,-2,12,-2,11,-1,9,0,6,-1,5,-1,6,0,6,0,4,-1,2,-4,1,-7,2,-9,2,-11,1,-15,0,-17,0,-17,2,-20,5,-23,5,-24,3,-24,3,-23,6,-22,10,-22,12,-23,14,-19"
71.61829400062561,827,"CSI,1310,128,83,49,21,0,13,5,11,0,10,-4,10,-5,11,-8,11,-12,8,-14,6,-17,7,-16,10,-13,11,-12,10,-11,10,-10,10,-9,8,-9,6,-8,5,-5,5,-4,6,-5,4,-7,2,-8,2,-8,1,-6,0,-5,-2,-5,-1,-2,0,0,0,0,0,0,0,0,0,0,0,0,0,0,0,0,0,0,1,1,4,6,3,8,1,12,0,10,0,8,-1,9,-3,9,-3,8,-1,7,1,5,2,2,4,1,6,1,9,2,13,1,15,2,15,5,17,6,20,6,21,7,20,11,20,13,19,11,18,10,18,10,15,9"
71.7244188785553,828,"CSI,1314,128,83,49,21,0,-10,-8,-9,-5,-10,2,-11,4,-14,3,-16,5,-20,7,-24,9,-21,9,-16,9,-15,8,-16,7,-16,5,-15,2,-14,0,-11,0,-10,2,-9,4,-7,4,-4,3,-3,3,-3,3,-3,3,-3,3,-5,5,-2,1,0,0,0,0,0,0,0,0,0,0,0,0,0,0,0,0,0,0,-1,-2,-4,-7,-2,-9,0,-11,2,-12,2,-11,2,-9,3,-8,2,-7,1,-7,0,-6,-1,-5,-3,-5,-9,-5,-12,-3,-15,-3,-18,-6,-20,-7,-19,-7,-17,-8,-18,-11,-18,-13,-17,-15,-16,-16,-17,-16,-17,-13,-16,-11"
71.82139682769775,829,"CSI,1318,128,83,49,21,0,9,11,10,9,11,5,13,1,14,0,15,1,19,4,21,7,20,2,20,-2,19,-1,17,1,16,2,14,3,13,4,12,5,10,3,8,2,8,4,7,4,6,2,4,0,3,-1,4,-3,6,-5,1,-2,0,0,0,0,0,0,0,0,0,0,0,0,0,0,0,0,0,0,1,2,5,10,2,12,-1,12,-2,9,-2,7,-3,5,-3,6,0,6,1,4,0,5,1,6,6,6,6,6,6,7,8,9,9,9,8,11,9,15,11,15,14,14,13,16,11,18,10,20,9,24,9,22,8,18"
71.92746806144714,830,"CSI,1323,128,83,49,21,0,-12,8,-10,11,-10,9,-9,9,-7,13,-4,16,-1,16,2,15,-1,14,-4,15,-6,16,-7,15,-6,14,-5,13,-6,12,-6,10,-3,7,-2,5,-1,6,1,8,1,9,1,8,2,6,3,4,2,3,0,0,0,0,0,0,0,0,0,0,0,0,0,0,0,0,0,0,0,0,-3,0,-9,0,-10,-2,-11,-4,-12,-5,-12,-8,-10,-9,-9,-9,-7,-8,-4,-5,-4,-3,-5,-3,-6,0,-7,3,-10,5,-14,5,-16,5,-15,5,-16,9,-20,11,-22,10,-23,8,-23,8,-22,5,-21,3,-22,3,-22,4"
72.13102674484253,831,"CSI,1330,128,83,49,21,0,13,-3,12,-7,10,-9,5,-9,4,-13,3,-18,5,-16,9,-13,7,-16,4,-19,5,-19,6,-18,7,-15,7,-11,8,-10,6,-8,3,-7,3,-7,3,-5,1,-4,-2,-4,-2,-4,-2,-5,-3,-6,-5,-6,-2,-2,0,0,0,0,0,0,0,0,0,0,0,0,0,0,0,0,0,0,2,0,9,0,9,1,10,4,11,4,8,3,8,4,7,5,5,5,5,6,6,3,6,-1,5,-3,5,-6,7,-7,9,-8,10,-8,13,-7,17,-7,20,-5,22,-4,23,-6,21,-7,20,-6,19,-6,18,-4,17,-2"
72.23304581642151,832,"CSI,1335,128,83,49,21,0,14,-1,12,-3,8,-5,7,-7,9,-9,10,-12,12,-13,15,-13,16,-15,15,-17,14,-16,14,-13,14,-9,13,-11,13,-13,13,-10,10,-8,7,-7,5,-5,4,-4,3,-5,2,-6,0,-5,-2,-4,-3,-5,-1,-2,0,0,0,0,0,0,0,0,0,0,0,0,0,0,0,0,0,0,2,0,9,2,9,3,8,6,6,6,5,6,3,6,3,8,2,8,1,7,3,3,4,0,6,0,9,0,11,0,10,-3,11,-5,14,-4,17,-3,17,-4,19,-1,20,1,20,2,21,3,21,7,20,6,17,0"
72.44028997421265,833,"CSI,1342,128,83,49,21,0,-17,5,-16,6,-14,7,-13,7,-13,9,-10,12,-10,15,-17,15,-18,15,-13,17,-8,19,-8,18,-12,15,-15,12,-15,10,-14,7,-10,7,-7,6,-4,4,-2,4,0,4,2,4,2,4,0,3,0,3,0,1,0,0,0,0,0,0,0,0,0,0,0,0,0,0,0,0,0,0,-2,0,-9,0,-12,-1,-14,-4,-13,-6,-12,-8,-10,-8,-8,-6,-7,-6,-8,-6,-7,-3,-8,0,-9,2,-10,3,-10,3,-13,4,-16,6,-17,8,-19,5,-21,4,-22,5,-22,5,-22,3,-23,3,-22,3,-20,5,-17,6"
72.54074192047119,834,"CSI,1347,128,83,49,21,0,-8,17,-6,17,-4,14,-2,11,1,12,2,13,1,15,-3,20,-3,21,0,18,0,16,0,16,2,17,0,17,-1,16,-2,11,-3,6,-2,6,-2,7,-2,7,-1,9,0,6,0,2,1,0,1,-1,0,-1,0,0,0,0,0,0,0,0,0,0,0,0,0,0,0,0,0,0,-1,2,-4,9,-6,8,-8,9,-8,9,-8,4,-8,1,-8,1,-8,2,-8,2,-7,5,-6,8,-3,9,-1,11,-2,11,-3,12,-5,15,-5,18,-4,19,-6,18,-6,16,-6,16,-9,19,-13,19,-16,18,-15,16,-12,13"
72.64482307434082,835,"CSI,1351,128,83,49,21,0,-16,6,-16,7,-14,7,-9,7,-8,8,-9,11,-7,12,-4,13,-6,13,-9,14,-10,14,-8,13,-8,12,-11,12,-11,12,-8,10,-6,7,-6,7,-5,5,-3,4,-2,5,0,5,2,5,3,3,4,2,1,0,0,0,0,0,0,0,0,0,0,0,0,0,0,0,0,0,0,0,-3,-1,-11,-3,-10,-5,-10,-8,-9,-10,-6,-8,-3,-7,-2,-8,-3,-7,-5,-5,-3,-5,-2,-4,-2,0,-6,1,-11,1,-13,1,-15,1,-16,1,-16,1,-16,1,-17,0,-20,0,-22,1,-23,0,-22,-2,-22,-4,-22,-5"
72.74598503112793,836,"CSI,1354,128,83,49,21,0,-14,12,-9,13,-3,13,0,13,2,13,5,14,5,13,5,10,4,11,2,14,1,17,0,18,-2,18,-3,17,-2,16,-1,15,-3,12,-3,8,1,6,4,5,2,5,1,4,4,3,5,1,6,-1,1,-1,0,0,0,0,0,0,0,0,0,0,0,0,0,0,0,0,0,0,-2,1,-7,7,-8,6,-11,4,-14,1,-13,0,-13,0,-12,1,-8,2,-7,3,-7,5,-7,6,-6,7,-6,9,-6,11,-6,12,-8,12,-10,11,-12,15,-13,18,-14,17,-14,16,-15,16,-19,16,-20,16,-18,16,-18,16"
72.84990787506104,837,"CSI,1358,128,83,49,21,0,-17,9,-13,11,-9,11,-6,12,-5,13,-2,13,-2,13,-9,9,-10,11,-6,17,-4,19,-7,17,-8,16,-9,13,-9,11,-7,12,-6,9,-6,6,-6,4,-2,4,1,4,0,4,0,4,1,5,2,7,0,1,0,0,0,0,0,0,0,0,0,0,0,0,0,0,0,0,0,0,-3,1,-10,4,-13,3,-14,1,-13,-2,-12,-3,-12,-3,-10,-5,-8,-5,-7,-2,-7,1,-4,1,-3,0,-5,3,-6,7,-10,10,-14,11,-16,13,-17,15,-19,15,-20,13,-21,10,-23,10,-22,10,-19,11,-19,10,-21,9"
72.94942092895508,838,"CSI,1363,128,83,49,21,0,20,1,15,-2,12,-5,9,-7,6,-8,5,-12,3,-13,3,-11,5,-11,6,-14,8,-17,10,-17,8,-15,6,-15,7,-15,7,-14,4,-13,1,-10,2,-8,1,-7,0,-6,1,-4,0,-5,-2,-4,-3,-2,-1,-1,0,0,0,0,0,0,0,0,0,0,0,0,0,0,0,0,0,0,0,0,3,4,3,7,4,11,4,14,2,13,3,9,1,6,-1,4,-1,5,-2,5,1,2,7,-1,10,0,11,1,14,0,15,-1,17,1,19,4,19,3,20,0,21,0,23,4,24,8,24,7,23,5,20,6"
73.05769181251526,839,"CSI,1367,128,83,49,21,0,-13,-13,-14,-10,-13,-7,-11,-4,-12,-1,-12,0,-12,0,-11,2,-13,0,-18,-2,-20,-1,-20,-1,-19,-1,-18,-1,-17,-2,-16,-4,-12,-5,-8,-3,-8,0,-8,-1,-8,-2,-8,-1,-8,2,-6,4,-4,6,-1,1,0,0,0,0,0,0,0,0,0,0,0,0,0,0,0,0,0,0,-2,-4,-4,-12,-3,-12,0,-13,0,-13,0,-13,1,-12,2,-9,3,-7,4,-6,4,-7,1,-7,-4,-6,-6,-4,-8,-4,-11,-6,-12,-8,-13,-10,-14,-13,-15,-15,-16,-17,-15,-17,-14,-19,-14,-21,-13,-21,-12,-18,-12,-14"
73.15551686286926,840,"CSI,1370,128,83,49,21,0,-1,13,0,12,4,9,5,5,7,4,10,2,14,-2,18,-5,19,-6,18,-3,17,-1,17,-1,17,0,17,0,14,0,11,1,10,0,8,-3,6,-5,8,-5,7,-5,4,-4,2,-4,0,-6,-1,-7,-1,-2,0,0,0,0,0,0,0,0,0,0,0,0,0,0,0,0,0,0,-3,-1,-9,-2,-9,-3,-8,-4,-8,-5,-10,-5,-9,-5,-7,-5,-7,-5,-7,-5,-4,-5,-2,0,-5,5,-7,5,-5,5,-2,11,-3,15,-5,14,-5,14,-6,16,-7,20,-8,24,-9,25,-8,23,-6,23,-5,22,-6,18"
73.25806999206543,841,"CSI,1375,128,83,49,21,0,15,-7,12,-7,8,-9,5,-12,3,-12,2,-13,1,-16,-3,-18,-5,-17,-1,-16,1,-17,1,-17,1,-19,3,-19,3,-17,3,-16,2,-14,2,-11,2,-9,0,-10,-2,-10,-2,-7,-2,-5,-4,-4,-5,-5,-2,-2,0,0,0,0,0,0,0,0,0,0,0,0,0,0,0,0,0,0,2,0,10,1,12,4,10,7,7,7,6,6,4,7,1,7,-1,5,-1,4,1,2,3,0,3,-3,4,-3,7,-5,8,-9,9,-11,12,-9,16,-10,19,-10,20,-8,21,-7,21,-7,20,-7,19,-7,20,-7,20,-8"
73.36318898200989,842,"CSI,1379,128,83,49,21,0,-11,-5,-11,-4,-11,-2,-11,1,-13,5,-14,8,-12,11,-9,15,-9,15,-12,14,-12,13,-12,12,-15,14,-13,15,-10,11,-11,9,-9,9,-6,8,-4,6,-2,5,-1,4,0,3,2,3,4,4,5,6,1,1,0,0,0,0,0,0,0,0,0,0,0,0,0,0,0,0,0,0,-1,-2,-2,-9,1,-11,4,-10,5,-10,6,-11,6,-10,4,-8,2,-6,0,-5,-1,-3,0,-2,-2,-4,-4,-4,-5,-3,-9,-3,-15,-5,-16,-8,-17,-11,-20,-14,-22,-14,-22,-14,-21,-14,-20,-16,-18,-17,-15,-15,-12,-13"
73.56744384765625,843,"CSI,1386,128,83,49,21,0,-9,-8,-10,-5,-9,0,-10,4,-12,5,-10,6,-12,6,-19,5,-20,8,-16,12,-15,13,-13,11,-12,10,-12,10,-12,8,-11,8,-10,7,-8,4,-4,2,-3,1,-2,2,-1,4,1,2,3,0,3,0,0,0,0,0,0,0,0,0,0,0,0,0,0,0,0,0,0,0,0,0,-1,-3,0,-10,4,-11,6,-10,6,-9,6,-7,6,-5,7,-5,4,-4,1,-2,-1,-1,-2,-2,-2,-3,-4,-4,-7,-5,-10,-6,-12,-9,-13,-11,-15,-13,-16,-16,-15,-18,-12,-18,-9,-19,-7,-20,-8,-18,-11,-17,-12,-17"
73.76986074447632,844,"CSI,1394,128,83,49,21,0,-14,3,-12,5,-6,5,-1,6,4,8,6,10,9,14,14,19,15,18,15,17,14,17,13,16,11,16,9,16,6,14,6,11,5,9,4,8,4,5,4,1,2,-2,1,-3,3,-4,4,-6,6,-7,1,-2,0,0,0,0,0,0,0,0,0,0,0,0,0,0,0,0,0,0,-3,-2,-8,-5,-6,-6,-4,-10,-3,-13,-2,-14,-1,-12,0,-10,2,-8,1,-5,0,-4,-3,-5,-6,-5,-8,0,-9,4,-11,5,-16,6,-19,7,-21,7,-23,8,-23,8,-23,7,-25,6,-25,4,-26,3,-25,2,-24,0"
73.87195682525635,845,"CSI,1398,128,83,49,21,0,3,-16,1,-11,-3,-4,-7,-1,-11,0,-14,1,-14,0,-12,-2,-14,-1,-20,0,-24,0,-25,2,-24,3,-22,0,-20,-2,-18,-1,-14,-2,-11,-2,-7,0,-4,1,-2,2,-2,4,0,7,3,6,7,5,2,1,0,0,0,0,0,0,0,0,0,0,0,0,0,0,0,0,0,0,2,0,9,3,9,5,9,8,9,9,9,8,8,7,7,7,7,7,6,7,4,4,4,3,5,3,5,-2,4,-7,3,-9,3,-11,5,-13,6,-18,8,-21,10,-20,10,-21,10,-21,9,-20,10,-22,11,-24,10,-22"
73.93695998191833,846,"CSI,2035,128,83,49,21,0,-17,-1,-18,-2,-18,-3,-16,-4,-16,-3,-16,1,-12,0,-4,-4,-4,-5,-7,-3,-7,-2,-6,0,-3,2,0,2,2,2,1,2,0,4,0,7,1,9,-1,7,-3,6,-5,6,-5,7,-4,6,-3,5,-1,1,0,0,0,0,0,0,0,0,0,0,0,0,0,0,0,0,0,0,0,-1,4,-2,7,-2,6,-1,4,0,4,0,6,-1,4,-2,2,-1,0,-2,-1,-5,-1,-6,0,-8,2,-8,3,-6,1,-7,-2,-10,-2,-13,0,-12,2,-10,-1,-10,-3,-12,-3,-12,-1,-9,-1,-4,-3,-1,-4,-1"
73.97433495521545,847,"CSI,1403,128,83,49,21,0,3,17,3,14,2,8,3,4,6,2,11,0,12,-2,8,-2,11,-1,16,-1,21,-3,25,-3,24,-1,21,2,18,4,16,4,13,4,9,1,5,-1,3,-2,1,-3,-1,-5,-1,-8,-1,-9,-2,-9,-1,-2,0,0,0,0,0,0,0,0,0,0,0,0,0,0,0,0,0,0,-2,1,-7,6,-8,6,-12,5,-13,3,-12,2,-11,2,-11,2,-9,0,-6,-1,-6,0,-8,3,-7,4,-4,6,-3,9,-2,12,-2,15,-1,16,0,17,1,20,0,22,-1,22,-1,23,-1,24,-2,26,-1,27,-2,26"
74.07977390289307,848,"CSI,1406,128,83,49,21,0,-4,-16,-7,-14,-8,-13,-7,-10,-8,-4,-12,-2,-17,0,-20,3,-18,5,-18,5,-20,2,-19,-3,-18,-6,-18,-5,-18,-4,-16,-5,-13,-5,-9,-4,-5,-2,-4,0,-5,1,-3,3,0,5,-1,6,-2,7,-1,1,0,0,0,0,0,0,0,0,0,0,0,0,0,0,0,0,0,0,1,-3,7,-10,10,-10,12,-8,12,-7,11,-6,9,-5,7,-5,5,-4,5,-3,5,-5,4,-7,2,-9,-1,-13,-3,-15,-3,-15,-1,-17,-2,-18,-5,-19,-6,-23,-2,-25,0,-25,-3,-25,-6,-25,-6,-26,-6,-25,-6,-26"
74.17914390563965,849,"CSI,1410,128,83,49,21,0,12,5,11,5,9,-1,8,-7,7,-7,7,-7,9,-8,14,-7,13,-11,13,-16,13,-16,12,-15,11,-15,13,-14,14,-13,11,-9,7,-5,5,-4,2,-4,0,-5,-2,-5,-3,-4,-2,-4,-3,-4,-3,-5,-1,-2,0,0,0,0,0,0,0,0,0,0,0,0,0,0,0,0,0,0,1,2,4,11,3,12,2,13,1,13,-2,11,-4,8,-4,6,-2,5,-4,5,-4,5,1,6,4,5,7,4,10,4,12,4,16,5,18,7,18,9,19,11,19,11,19,11,20,12,21,11,19,11,18,10,19,8"
74.28399682044983,850,"CSI,1415,128,83,49,21,0,-11,-8,-10,-4,-9,-1,-8,0,-9,2,-10,5,-9,6,-6,4,-6,5,-10,5,-12,7,-13,8,-13,10,-11,9,-9,6,-9,3,-9,1,-7,2,-4,2,-3,2,0,2,2,1,2,3,1,3,1,2,0,0,0,0,0,0,0,0,0,0,0,0,0,0,0,0,0,0,0,0,-1,-3,-1,-10,2,-11,2,-12,3,-11,4,-10,5,-9,6,-5,4,-4,2,-5,1,-4,-1,-3,-3,-3,-4,-5,-7,-7,-11,-9,-12,-10,-13,-10,-14,-10,-14,-13,-17,-13,-17,-14,-16,-16,-13,-17,-13,-16,-15,-16,-14,-15"
74.3839590549469,851,"CSI,1419,128,83,49,21,0,8,-3,6,-4,7,-9,5,-12,1,-13,-1,-15,-3,-16,-6,-15,-5,-16,-3,-17,-3,-16,-4,-17,-5,-17,-5,-17,-2,-16,0,-14,0,-10,-2,-5,-2,-2,-2,-1,-4,-1,-6,0,-6,3,-7,4,-8,1,-2,-1,0,0,0,0,0,0,0,0,0,0,0,0,0,0,0,0,0,0,0,2,2,9,0,9,-2,11,-3,12,-3,11,-4,8,-4,4,-3,2,-1,3,1,1,4,-1,8,0,13,0,18,0,19,2,18,1,19,0,22,2,23,4,21,4,20,4,21,6,20,5,18,2,17,2,16,1"
74.48780107498169,852,"CSI,1423,128,83,49,21,0,3,-7,-1,-4,-6,-3,-6,-3,-5,-4,-8,-2,-13,0,-17,4,-18,5,-16,3,-16,2,-17,-1,-17,-3,-16,-3,-16,-4,-15,-3,-10,-2,-5,-2,-2,-3,-2,-1,0,2,3,2,5,2,4,4,3,6,0,1,0,0,0,0,0,0,0,0,0,0,0,0,0,0,0,0,0,0,0,3,2,13,0,15,-1,14,-3,13,-4,11,-4,9,-4,8,-3,5,-3,4,-1,3,2,0,2,-2,4,-4,8,-5,12,-8,12,-10,13,-8,15,-10,16,-14,18,-13,21,-12,21,-12,20,-13,18,-13,14,-12,11,-12"
74.59057998657227,853,"CSI,1427,128,83,49,21,0,13,-18,12,-15,7,-12,-1,-9,-5,-6,-8,-6,-8,-6,-8,-4,-14,-4,-21,-6,-24,-8,-24,-9,-24,-8,-19,-8,-16,-8,-14,-10,-13,-10,-9,-9,-5,-6,-3,-4,-1,-1,0,3,0,4,-1,5,-2,8,-1,2,0,0,0,0,0,0,0,0,0,0,0,0,0,0,0,0,0,0,2,1,10,7,9,7,10,7,10,8,8,10,6,12,7,11,6,9,5,8,6,7,7,4,6,1,6,-1,9,-2,13,-2,12,-6,10,-9,12,-12,15,-16,17,-20,17,-24,19,-25,18,-25,19,-24,21,-24,22,-24"
74.69280195236206,854,"CSI,1431,128,83,49,21,0,-12,7,-7,4,-1,1,4,2,8,2,11,4,12,2,13,-3,14,1,17,6,19,6,18,5,16,6,13,5,11,4,10,3,5,2,1,-1,-1,-3,-2,-4,-1,-3,-1,-3,-3,-5,-3,-7,-4,-7,-2,-2,0,0,0,0,0,0,0,0,0,0,0,0,0,0,0,0,0,0,-2,-3,-7,-13,-6,-14,-3,-16,-1,-16,0,-15,2,-12,4,-10,3,-9,0,-7,-3,-5,-4,-2,-6,1,-7,3,-10,5,-12,7,-11,10,-11,9,-14,9,-17,12,-18,16,-19,17,-19,17,-19,17,-19,17,-18,17,-16,14"
74.79514479637146,855,"CSI,1435,128,83,49,21,0,-17,-3,-15,-4,-11,-2,-8,0,-6,3,-6,6,-9,6,-12,5,-9,10,-7,12,-7,10,-9,11,-11,11,-11,9,-11,6,-10,5,-8,5,-6,3,-5,1,-2,1,0,0,2,1,3,1,3,1,2,2,0,0,0,0,0,0,0,0,0,0,0,0,0,0,0,0,0,0,0,0,-3,-2,-9,-7,-9,-7,-9,-7,-9,-8,-8,-11,-6,-11,-5,-10,-5,-7,-4,-5,-5,-2,-8,1,-10,2,-10,2,-12,0,-14,0,-16,0,-18,2,-19,2,-21,2,-21,1,-21,-1,-22,-1,-20,0,-22,-2,-25,-2,-23,0"
74.89865279197693,856,"CSI,1438,128,83,49,21,0,2,-20,0,-19,-3,-16,-5,-11,-6,-8,-7,-7,-10,-5,-13,-1,-13,-3,-13,-8,-14,-9,-12,-10,-12,-11,-13,-12,-13,-14,-11,-13,-9,-10,-5,-6,0,-4,0,-2,-3,0,-5,-1,-4,1,-3,3,-2,3,-1,0,0,0,0,0,0,0,0,0,0,0,0,0,0,0,0,0,0,0,0,-3,1,-10,3,-10,6,-9,7,-7,8,-6,9,-5,10,-4,9,-5,7,-5,5,-5,1,-8,-1,-11,0,-11,1,-12,1,-14,0,-16,0,-19,-1,-20,-1,-21,0,-22,2,-21,6,-22,5,-22,1,-21,0,-21,2,-21"
74.96154379844666,857,"CSI,2074,128,83,49,21,0,0,8,1,6,3,6,4,5,5,1,8,-1,5,-2,2,-3,4,-2,8,-1,10,-1,12,-1,12,-2,10,-3,8,-3,7,-3,6,-3,6,-2,5,-3,4,-4,3,-5,1,-6,0,-5,0,-3,-2,-4,-1,-2,0,0,0,0,0,0,0,0,0,0,0,0,0,0,0,0,0,0,0,0,0,-1,-1,-2,-1,-2,-2,-2,-4,-2,-5,-2,-7,-3,-8,-4,-7,-6,-5,-6,-4,-5,-5,-4,-5,-3,-5,-1,-5,0,-3,1,-2,2,0,3,2,6,3,9,2,12,2,16,1,18,0,14,-2,11,-3,12"
74.99867105484009,858,"CSI,1442,128,83,49,21,0,4,23,2,20,0,15,3,9,6,6,7,1,10,-4,17,-7,21,-10,19,-11,19,-10,19,-8,20,-5,20,-1,16,0,13,-1,11,0,9,1,7,0,4,-2,1,-2,-1,-2,-1,-5,-1,-8,1,-9,0,-3,0,0,0,0,0,0,0,0,0,0,0,0,0,0,0,0,0,0,-1,2,-4,9,-5,11,-7,12,-9,11,-7,10,-7,11,-10,10,-10,8,-7,9,-5,10,-4,13,-3,16,-2,14,-1,12,0,12,2,14,3,16,3,15,5,14,10,15,12,20,11,23,11,22,13,21,14,24,16,28"
75.10419392585754,859,"CSI,1447,128,83,49,21,0,-24,-6,-20,-3,-15,1,-13,3,-13,5,-12,9,-9,9,-7,8,-6,13,-7,18,-10,20,-10,21,-12,22,-14,20,-12,18,-12,15,-11,9,-8,6,-6,5,-5,6,-2,5,1,4,4,4,6,6,6,6,1,1,0,0,0,0,0,0,0,0,0,0,0,0,0,0,0,0,0,0,-2,-2,-7,-6,-6,-9,-6,-12,-7,-13,-7,-14,-6,-14,-5,-13,-4,-13,-3,-13,-5,-13,-7,-13,-7,-12,-7,-9,-8,-8,-11,-7,-13,-6,-13,-4,-15,-2,-19,-1,-23,-2,-26,-2,-26,-3,-27,-3,-27,-2,-28,-4,-32,-8"
75.19241690635681,860,"CSI,1097,128,77,-47,20,0,15,24,14,22,13,20,10,15,8,8,10,4,12,0,12,-6,11,-10,15,-8,20,-4,21,0,20,1,20,1,19,3,16,4,14,5,11,5,8,3,7,3,7,3,4,-1,1,-4,1,-4,2,-5,0,-2,0,0,0,0,0,0,0,0,0,0,0,0,0,0,0,0,0,0,1,2,5,11,5,11,4,11,3,13,1,14,-1,15,0,14,0,13,2,11,4,10,6,13,8,17,7,16,5,16,8,17,11,16,11,16,9,17,12,16,17,16,20,16,20,15,20,16,22,18,24,20,23,21"
75.22318387031555,861,"CSI,1450,128,83,49,21,0,26,0,23,-1,21,0,17,0,14,-4,12,-8,6,-7,1,-9,4,-11,9,-14,11,-14,12,-14,13,-16,15,-15,16,-14,15,-13,15,-11,13,-7,10,-5,6,-3,3,-2,3,-3,1,-5,-1,-4,-2,-6,-1,-2,0,0,0,0,0,0,0,0,0,0,0,0,0,0,0,0,0,0,2,0,8,1,9,2,11,2,11,3,10,3,10,4,10,6,12,5,14,4,15,4,15,4,12,5,13,5,15,6,15,4,17,1,18,-2,17,-3,18,-2,21,-1,23,-2,27,-5,29,-7,31,-8,31,-8,29,-6"
75.25384378433228,862,"CSI,1098,128,77,-47,20,0,27,-3,21,-1,15,-3,12,-6,11,-10,10,-12,12,-12,14,-16,11,-19,7,-18,5,-17,5,-17,5,-17,8,-17,11,-15,10,-14,9,-12,9,-10,8,-8,5,-6,4,-5,2,-4,0,-2,-1,-3,-1,-4,-1,-2,0,0,0,0,0,0,0,0,0,0,0,0,0,0,0,0,0,0,2,1,8,5,9,5,11,6,11,7,9,7,9,9,10,9,10,5,11,3,14,2,16,2,17,3,16,2,17,0,20,0,21,2,20,3,20,1,20,-1,21,-4,22,-6,23,-7,24,-9,23,-9,25,-7,28,-6"
75.37145686149597,863,"CSI,2089,128,83,49,21,0,-9,1,-9,1,-9,1,-8,2,-6,0,-7,0,-6,2,-3,5,-3,6,-6,3,-9,1,-11,-1,-11,0,-8,2,-9,1,-11,0,-9,-1,-7,-2,-6,-1,-6,-1,-5,-2,-3,-1,-2,-1,-4,-1,-8,-2,-3,-1,0,0,0,0,0,0,0,0,0,0,0,0,0,0,0,0,0,0,-1,-1,-3,-2,-3,0,-2,0,-3,0,-6,0,-7,-1,-8,-1,-10,1,-11,1,-10,0,-7,-1,-5,-1,-4,-2,-4,-4,-3,-3,-3,0,-3,2,-6,2,-10,2,-10,1,-8,0,-10,1,-11,2,-8,-1,-7,-4,-7,-2"
75.40677499771118,864,"CSI,1459,128,83,49,21,0,23,5,18,3,10,1,5,-3,3,-9,1,-13,0,-16,3,-21,5,-23,3,-25,3,-26,6,-27,8,-25,9,-21,7,-16,7,-13,8,-10,8,-7,5,-7,-1,-6,-4,-4,-5,-3,-6,-5,-7,-4,-7,-1,-2,0,0,0,0,0,0,0,0,0,0,0,0,0,0,0,0,0,0,0,1,0,8,3,9,6,6,8,6,9,6,8,5,9,5,10,5,9,5,7,2,7,0,7,3,7,7,4,10,2,11,1,12,0,15,0,17,0,21,-2,24,-3,26,-4,29,-3,31,-1,32,-1,30,0,28,0"
75.50784993171692,865,"CSI,1463,128,83,49,21,0,5,17,5,15,7,10,10,5,12,3,14,4,15,2,15,-2,15,0,16,4,17,7,17,8,18,8,16,10,11,11,9,12,8,9,7,6,6,4,6,2,5,1,4,-1,4,-2,5,-2,6,-1,1,0,0,0,0,0,0,0,0,0,0,0,0,0,0,0,0,0,0,0,1,2,3,8,1,8,0,7,-1,8,-1,8,-1,8,-2,7,-4,6,-2,7,1,8,4,8,7,6,9,6,8,7,9,10,10,14,13,16,14,16,11,16,9,17,9,19,9,22,11,22,13,20,12,21,10,23"
75.58558797836304,866,"CSI,1099,128,75,-79,20,0,-13,21,-9,15,-3,11,2,8,5,7,11,9,15,7,20,1,23,2,22,6,22,6,22,7,21,10,22,12,20,10,16,8,13,7,11,7,8,6,5,3,3,-1,4,-3,3,-4,3,-6,3,-8,0,-3,0,0,0,0,0,0,0,0,0,0,0,0,0,0,0,0,0,0,-2,0,-7,2,-8,-1,-10,-3,-12,-3,-11,-4,-12,-6,-13,-5,-12,-2,-15,-2,-16,-2,-15,-2,-14,0,-11,2,-10,4,-10,6,-9,8,-8,10,-8,15,-8,19,-8,21,-10,23,-12,27,-15,29,-16,32,-16,32,-17,25"
75.61896586418152,867,"CSI,1100,128,75,-79,20,0,10,-25,7,-20,4,-14,-2,-8,-8,-4,-14,-5,-21,-9,-24,-12,-24,-11,-27,-11,-27,-13,-25,-13,-25,-13,-23,-14,-19,-15,-17,-13,-13,-9,-9,-7,-6,-6,-4,-4,-4,-1,-4,1,-3,4,-3,7,-5,10,-2,3,0,0,0,0,0,0,0,0,0,0,0,0,0,0,0,0,0,0,1,-2,6,-6,8,-3,10,-2,11,-1,11,1,13,-1,12,-3,10,-3,10,0,12,0,13,-1,10,-1,6,-3,7,-5,10,-6,9,-8,7,-12,6,-16,5,-21,3,-25,4,-29,7,-29,7,-30,7,-35,9,-38,9,-36"
75.65092992782593,868,"CSI,1466,128,83,49,21,0,22,-10,18,-11,15,-10,10,-9,5,-12,2,-16,-4,-15,-9,-14,-7,-17,-3,-21,-3,-23,-3,-23,-1,-24,2,-24,3,-20,4,-18,3,-17,0,-14,-2,-10,-3,-8,-3,-6,-4,-4,-6,-3,-7,-2,-7,1,-2,0,0,0,0,0,0,0,0,0,0,0,0,0,0,0,0,0,0,0,1,-1,8,-2,9,2,9,4,9,4,10,5,10,5,12,4,14,5,14,4,14,2,13,2,11,3,10,2,11,0,11,0,10,0,12,-3,16,-7,18,-10,17,-13,19,-14,22,-16,25,-17,28,-17,31,-14,36,-10"
75.71491384506226,869,"CSI,1471,128,83,49,21,0,17,0,13,-3,9,-7,4,-9,0,-11,-2,-16,0,-20,4,-20,3,-21,2,-25,3,-28,4,-26,7,-21,9,-19,7,-19,4,-15,2,-11,1,-9,0,-8,-1,-7,-5,-6,-7,-5,-8,-5,-8,-4,-10,-5,-3,-2,0,0,0,0,0,0,0,0,0,0,0,0,0,0,0,0,0,0,0,0,3,3,5,4,5,5,4,6,4,6,3,7,3,7,3,5,5,2,6,1,6,2,8,2,9,1,8,-2,11,-3,13,-5,14,-5,15,-4,16,-6,18,-5,22,-4,25,-7,26,-8,28,-6,28,-3,24,-3"
75.92037296295166,870,"CSI,1479,128,83,49,21,0,-8,18,-2,15,2,10,3,6,6,4,13,3,16,3,16,4,18,6,22,7,23,7,23,8,24,8,23,9,21,10,19,10,17,8,13,5,9,2,8,-1,6,-3,4,-5,4,-6,4,-8,4,-9,1,-3,0,0,0,0,0,0,0,0,0,0,0,0,0,0,0,0,0,0,-3,1,-9,6,-9,4,-11,-1,-13,-1,-13,0,-13,-2,-11,-3,-10,1,-11,1,-11,1,-12,2,-12,3,-10,7,-8,9,-7,11,-5,12,-3,14,0,18,0,21,-3,24,-4,27,-6,29,-9,28,-11,30,-13,30,-12,26"
76.02618789672852,871,"CSI,1483,128,83,49,21,0,-21,18,-19,15,-14,10,-5,7,2,6,8,7,13,11,15,14,19,12,23,10,24,13,25,15,24,14,22,14,18,16,14,15,12,10,12,8,8,5,4,2,3,0,2,-1,1,-2,2,-6,3,-10,0,-3,0,0,0,0,0,0,0,0,0,0,0,0,0,0,0,0,0,0,-2,-2,-7,-7,-9,-8,-12,-10,-12,-13,-10,-13,-10,-11,-11,-10,-11,-11,-12,-11,-14,-9,-14,-8,-12,-6,-12,-5,-12,-4,-13,-3,-13,0,-13,5,-14,11,-15,14,-15,15,-16,17,-18,17,-19,20,-19,24,-21,25,-24,23"
76.12809181213379,872,"CSI,1487,128,83,49,21,0,-2,-21,0,-16,0,-11,-3,-6,-7,-2,-11,2,-13,5,-10,5,-13,1,-21,0,-24,1,-24,-1,-23,-4,-20,-5,-18,-6,-14,-8,-11,-8,-10,-5,-9,-1,-5,1,-1,2,-3,4,-5,6,-4,6,-2,6,-1,1,0,0,0,0,0,0,0,0,0,0,0,0,0,0,0,0,0,0,0,-2,1,-7,3,-9,5,-11,6,-12,7,-10,8,-10,8,-11,7,-11,7,-10,6,-8,5,-7,4,-9,3,-11,3,-11,5,-12,1,-14,-6,-14,-10,-14,-11,-16,-13,-18,-14,-20,-13,-22,-11,-23,-11,-26,-9,-30,-10,-31"
76.22852492332458,873,"CSI,1491,128,83,49,21,0,-16,-14,-11,-11,-4,-5,-1,0,-1,5,-1,10,-3,11,-5,9,-3,13,-3,18,-5,20,-3,20,-2,20,-2,18,-4,15,-5,12,-4,10,-1,8,1,5,2,3,4,4,6,3,6,0,6,-1,7,-1,2,-1,0,0,0,0,0,0,0,0,0,0,0,0,0,0,0,0,0,0,1,-2,4,-5,5,-5,5,-6,6,-6,8,-6,9,-7,9,-9,8,-7,8,-6,7,-5,6,-6,5,-6,2,-6,1,-6,-1,-6,-3,-8,-7,-10,-9,-9,-11,-8,-15,-10,-18,-13,-20,-15,-22,-14,-21,-13,-19,-14,-17,-15"
76.33141493797302,874,"CSI,1494,128,83,49,21,0,-18,13,-12,11,-9,8,-5,6,1,4,8,3,12,3,11,2,12,2,16,1,19,1,21,5,21,9,20,10,19,8,16,5,12,4,10,1,10,-1,7,-2,3,-2,1,-2,1,-5,-2,-7,-5,-6,-2,-2,0,0,0,0,0,0,0,0,0,0,0,0,0,0,0,0,0,0,-1,-2,-5,-5,-6,-7,-7,-11,-5,-14,-2,-14,-3,-13,-4,-12,-3,-11,-1,-10,1,-9,0,-8,-3,-7,-4,-6,-4,-4,-7,-1,-8,3,-8,5,-11,8,-14,14,-14,19,-15,19,-17,17,-18,18,-18,21,-20,22,-25,18"
76.37049078941345,875,"CSI,4016,128,75,-79,20,0,-1,11,1,10,2,9,1,7,3,4,6,4,6,1,3,-2,4,0,7,3,8,4,9,5,8,4,5,5,4,7,4,7,2,6,2,4,4,2,4,-1,3,-1,2,-1,1,-1,2,-1,6,0,1,0,0,0,0,0,0,0,0,0,0,0,0,0,0,0,0,0,0,0,-2,-1,-4,1,-4,4,-6,6,-6,7,-3,7,-2,6,-4,6,-7,5,-9,5,-9,5,-9,3,-11,1,-11,2,-11,2,-10,3,-4,1,-1,0,1,3,4,5,4,5,3,6,5,11,6,13,4,13,2,12,2,8"
76.43183779716492,876,"CSI,1499,128,83,49,21,0,11,15,9,7,8,2,6,1,4,-1,5,-6,6,-8,5,-6,9,-11,13,-17,15,-17,18,-15,19,-15,17,-14,17,-10,18,-6,15,-5,11,-5,8,-6,5,-7,1,-6,-2,-6,-6,-6,-7,-5,-6,-4,-2,-1,0,0,0,0,0,0,0,0,0,0,0,0,0,0,0,0,0,0,-1,1,-2,8,-2,9,-5,9,-7,8,-7,7,-8,7,-8,7,-7,7,-7,8,-7,8,-6,6,-3,5,0,6,1,7,3,6,7,6,9,7,12,8,18,12,19,14,17,17,20,20,23,21,20,21,17,20,18,20"
76.63966798782349,877,"CSI,1506,128,83,49,21,0,-18,-11,-15,-9,-14,-5,-9,-1,-5,4,-4,11,-4,14,-3,11,-5,15,-5,19,-5,21,-5,22,-6,20,-6,18,-5,18,-6,17,-6,14,-4,10,-2,8,0,6,1,2,3,0,5,-2,5,-2,4,-2,1,-1,0,0,0,0,0,0,0,0,0,0,0,0,0,0,0,0,0,0,-1,-2,-2,-8,1,-9,4,-11,5,-12,5,-11,4,-9,3,-8,5,-10,4,-10,-1,-7,-4,-7,-3,-8,-4,-8,-8,-6,-10,-5,-11,-5,-14,-5,-18,-5,-22,-4,-25,-4,-27,-5,-30,-6,-30,-9,-29,-12,-29,-14,-31,-16"
76.74023604393005,878,"CSI,1510,128,83,49,21,0,-22,6,-15,4,-9,3,-6,4,-5,5,2,7,7,10,6,13,8,17,12,20,13,20,12,22,11,23,6,21,4,19,3,18,1,13,-1,8,-1,5,1,5,4,2,4,-3,3,-4,4,-5,5,-6,1,-2,0,0,0,0,0,0,0,0,0,0,0,0,0,0,0,0,0,0,-3,0,-8,-1,-7,-4,-7,-6,-8,-6,-9,-9,-9,-12,-7,-11,-5,-9,-6,-7,-8,-5,-8,-3,-9,-2,-9,-1,-9,2,-9,3,-11,1,-14,3,-16,7,-18,12,-21,14,-22,15,-23,16,-25,15,-27,17,-26,18,-27,15"
76.84141898155212,879,"CSI,1515,128,83,49,21,0,-1,21,-4,16,-5,12,-2,9,4,6,9,0,13,-1,22,0,26,-3,25,-6,24,-4,24,-2,23,-1,21,2,19,2,17,2,13,2,8,1,3,1,3,0,5,-3,2,-6,-1,-6,-3,-7,-3,-7,-1,-2,0,0,0,0,0,0,0,0,0,0,0,0,0,0,0,0,0,0,-3,1,-9,3,-9,2,-12,2,-14,0,-13,0,-12,0,-11,-4,-10,-7,-8,-2,-8,2,-8,1,-8,2,-7,7,-6,11,-4,11,-1,10,0,12,0,16,1,21,1,25,1,29,1,31,0,30,0,29,0,31,-2,33"
76.94631385803223,880,"CSI,1518,128,83,49,21,0,-19,-13,-13,-9,-10,-4,-8,2,-6,5,-6,7,-4,9,0,13,-2,17,-5,18,-6,19,-7,20,-7,20,-6,19,-7,17,-7,13,-7,10,-6,7,-3,5,0,4,1,2,3,1,5,0,6,0,7,0,1,0,0,0,0,0,0,0,0,0,0,0,0,0,0,0,0,0,0,0,0,-3,2,-9,4,-8,5,-10,6,-11,8,-10,9,-10,8,-11,6,-11,2,-9,1,-8,1,-8,0,-8,1,-8,0,-11,-4,-12,-11,-12,-15,-13,-15,-12,-17,-10,-21,-10,-22,-12,-22,-14,-22,-16,-24,-17,-25,-19,-23,-19"
77.1519091129303,881,"CSI,1526,128,83,49,21,0,4,-21,3,-18,2,-16,-1,-13,-8,-8,-11,-5,-15,-4,-22,-3,-24,-4,-24,-6,-25,-8,-25,-10,-23,-11,-19,-12,-15,-14,-14,-14,-12,-12,-10,-9,-8,-6,-6,-4,-5,-2,-4,0,-5,0,-6,1,-7,4,-2,1,0,0,0,0,0,0,0,0,0,0,0,0,0,0,0,0,0,0,0,-1,5,-5,9,-8,12,-9,13,-7,11,-6,9,-6,9,-7,9,-7,10,-4,10,-3,8,-5,6,-9,4,-11,3,-11,2,-11,1,-14,2,-18,1,-20,0,-20,0,-23,-1,-27,-2,-31,-1,-32,0,-31,1,-30,1,-27"
77.25458979606628,882,"CSI,1531,128,83,49,21,0,-4,-25,-4,-21,-5,-14,-7,-9,-11,-5,-16,-3,-17,1,-18,8,-21,8,-23,5,-25,3,-27,-2,-27,-5,-25,-5,-24,-4,-22,-5,-18,-5,-15,-4,-12,-4,-7,-3,-5,-1,-5,1,-3,2,-3,4,-4,5,-1,1,0,0,0,0,0,0,0,0,0,0,0,0,0,0,0,0,0,0,0,-3,3,-10,4,-11,6,-11,7,-9,8,-8,10,-8,10,-7,9,-8,9,-9,8,-9,5,-10,3,-10,1,-11,0,-13,0,-16,-2,-17,-4,-17,-5,-19,-6,-23,-6,-24,-7,-24,-8,-25,-9,-26,-8,-30,-8,-33,-7,-29"
77.3557059764862,883,"CSI,1535,128,83,49,21,0,26,-7,18,-7,12,-9,8,-11,3,-10,-3,-10,-3,-14,1,-17,-2,-23,-6,-27,-6,-24,-5,-25,-4,-28,-2,-27,-1,-23,0,-18,2,-15,2,-14,2,-11,2,-8,0,-6,-3,-3,-5,-1,-6,-1,-7,-2,-2,-1,0,0,0,0,0,0,0,0,0,0,0,0,0,0,0,0,0,0,2,-1,10,0,12,2,12,4,11,5,11,6,10,6,10,7,9,8,8,8,8,6,7,3,7,3,10,1,12,-4,12,-5,13,-3,14,-4,17,-7,19,-12,22,-16,24,-16,26,-17,29,-17,32,-14,34,-13,33,-12"
77.45982694625854,884,"CSI,1539,128,83,49,21,0,-26,-7,-22,-5,-17,0,-14,4,-12,8,-9,12,-8,12,-7,11,-8,15,-8,22,-8,25,-8,23,-10,21,-12,23,-11,22,-9,17,-9,13,-9,10,-7,8,-5,7,-4,5,-1,4,5,3,6,1,4,1,1,0,0,0,0,0,0,0,0,0,0,0,0,0,0,0,0,0,0,0,-2,-3,-7,-9,-6,-10,-8,-12,-7,-15,-3,-15,-1,-15,-2,-14,-1,-12,-1,-11,-3,-10,-5,-10,-7,-9,-9,-7,-10,-7,-12,-8,-14,-5,-15,-2,-18,-3,-22,-4,-26,-3,-30,-3,-33,-4,-34,-7,-33,-8,-32,-9,-32,-13"
77.66448783874512,885,"CSI,1546,128,83,49,21,0,-11,-23,-10,-18,-10,-11,-11,-6,-12,-4,-14,1,-16,8,-16,14,-18,13,-21,11,-23,10,-24,9,-24,7,-23,4,-22,1,-20,-1,-18,-1,-15,1,-11,2,-8,3,-5,3,-2,3,1,3,1,5,2,8,0,2,0,0,0,0,0,0,0,0,0,0,0,0,0,0,0,0,0,0,0,-3,3,-10,5,-9,8,-9,10,-8,10,-6,9,-8,9,-9,10,-5,8,-3,7,-3,5,-7,2,-10,0,-11,-1,-13,-3,-17,-5,-18,-8,-16,-12,-17,-13,-22,-13,-27,-14,-28,-13,-28,-11,-30,-11,-33,-10,-33,-9,-30"
77.74790287017822,886,"CSI,1101,128,101,80,6,0,20,-11,16,-11,12,-12,7,-12,0,-13,-5,-17,-9,-20,-14,-23,-14,-24,-13,-24,-11,-24,-10,-23,-11,-24,-10,-24,-6,-22,-4,-18,-4,-15,-3,-13,-3,-8,-5,-6,-6,-3,-3,0,-3,1,-5,1,-7,2,-2,0,0,0,0,0,0,0,0,0,0,0,0,0,0,0,0,0,0,0,2,1,7,5,7,8,7,10,8,12,7,13,4,14,1,14,0,10,1,6,3,3,6,3,8,2,8,0,10,-2,14,-4,17,-5,18,-5,20,-8,21,-11,23,-12,25,-11,28,-10,31,-11,33,-12,35,-11,35,-9"
77.77739787101746,887,"CSI,1551,128,83,49,21,0,-2,21,-2,17,0,13,4,8,7,5,11,4,18,1,25,-3,26,-3,24,1,24,4,23,5,23,6,25,6,24,6,21,7,17,7,13,5,10,4,8,2,8,-2,7,-4,4,-6,1,-6,1,-7,0,-2,0,0,0,0,0,0,0,0,0,0,0,0,0,0,0,0,0,0,-1,2,-4,9,-5,9,-9,9,-12,8,-12,6,-12,4,-12,2,-10,4,-10,6,-11,4,-7,5,-4,8,-4,10,-4,11,-3,13,-2,15,0,18,2,20,4,23,5,26,3,30,2,31,1,30,0,31,-1,30,-1,28"
77.86686992645264,888,"CSI,1555,128,83,49,21,0,-19,10,-14,10,-7,9,-3,9,0,10,4,13,6,16,6,16,8,19,11,23,11,24,11,24,11,21,9,19,8,18,8,19,7,17,5,13,4,8,5,5,5,4,5,4,6,2,8,-1,8,-2,2,-1,0,0,0,0,0,0,0,0,0,0,0,0,0,0,0,0,0,0,-3,-1,-12,-5,-10,-8,-8,-11,-9,-10,-9,-9,-6,-11,-3,-12,-1,-11,-1,-9,-2,-6,-3,-5,-6,-3,-8,1,-9,4,-12,6,-16,6,-20,5,-21,5,-21,8,-24,10,-28,11,-28,11,-28,10,-28,9,-29,8,-30,6"
77.97263884544373,889,"CSI,1559,128,83,49,21,0,-6,-24,-6,-18,-6,-14,-9,-9,-13,-4,-16,-4,-20,-5,-27,-4,-30,-4,-28,-5,-27,-4,-27,-4,-26,-6,-23,-7,-20,-9,-16,-10,-13,-8,-11,-6,-11,-5,-11,-2,-9,1,-8,2,-6,3,-5,4,-5,4,-2,1,0,0,0,0,0,0,0,0,0,0,0,0,0,0,0,0,0,0,-1,-2,-1,-9,1,-10,4,-11,6,-12,7,-13,8,-13,9,-10,8,-7,5,-7,3,-7,2,-7,-1,-8,-5,-9,-5,-8,-4,-8,-7,-13,-9,-17,-10,-18,-10,-19,-11,-21,-11,-26,-11,-30,-9,-31,-7,-35,-6,-37,-7,-34"
