timestamp,rx_seq,csi_len,csi_data
1786806286.337187,1083,256,-125 48 8 0 21 -15 18 -13 14 -10 11 -7 9 -3 8 2 8 8 9 12 10 16 12 19 14 21 17 21 19 21 20 20 21 18 20 16 18 13 14 11 11 9 7 7 3 6 -2 6 -6 7 -10 8 -12 9 -4 2 0 0 0 0 0 0 0 0 0 0 0 0 0 0 0 0 0 0 -3 0 -9 0 -8 -3 -6 -8 -5 -13 -4 -18 -4 -22 -5 -26 -6 -29 -7 -31 -8 -32 -9 -31 -10 -29 -9 -26 -8 -23 -7 -19 -4 -15 -1 -11 4 -9 10 -7 15 -6 20 -6 24 -7 27 -9 29 -10 29 -12 28 -14 12 -9 45 -34 40 -30 33 -26 27 -22 21 -15 17 -5 15 5 15 15 17 23 22 30 26 35 31 38 35 38 39 38 42 37 42 33 40 28 35 24 29 20 21 17 14 14 6 11 -2 12 -10 14 -17 17 -22 19 -25 21 -27 22 -7 5 0 0 0 0 0 0 0 0 0 0 -6 3 -23 14 -21 10 -18 3 -14 -6 -10 -14 -8 -23 -8 -32 -7 -41 -8 -49 -10 -55 -13 -59 -17 -60 -19 -58 -19 -54 -18 -49 -16 -42 -13 -35 -7 -28 0 -21 8 -16 18 -12 29 -11 38 -11 46 -13 51 -17 53 -22 53 -26 50 -28
1786806286.409301,1083,256,-125 48 8 0 12 -24 10 -21 8 -16 7 -12 7 -7 8 -2 10 3 14 6 17 9 20 10 23 11 26 10 27 9 28 7 27 5 25 3 22 2 18 2 14 2 10 2 5 4 2 5 -2 8 -4 11 -6 13 -2 3 0 0 0 0 0 0 0 0 0 0 0 0 0 0 0 0 0 0 -2 1 -8 3 -8 0 -8 -5 -9 -10 -11 -15 -13 -19 -15 -22 -17 -24 -19 -25 -20 -26 -21 -24 -21 -22 -20 -20 -17 -17 -14 -14 -10 -12 -5 -10 0 -10 6 -10 11 -12 15 -14 18 -17 20 -20 21 -22 21 -24 21 -25 9 -13 35 -48 29 -40 24 -34 19 -28 16 -20 16 -11 16 -1 19 8 24 17 30 22 35 25 41 26 46 25 50 24 52 22 51 19 48 13 42 10 33 9 25 8 18 8 10 9 2 11 -5 16 -10 21 -14 25 -17 27 -19 29 -5 7 0 0 0 0 0 0 0 0 0 0 -5 5 -18 19 -18 14 -17 7 -15 -2 -14 -12 -14 -21 -16 -30 -19 -38 -21 -44 -25 -49 -29 -53 -31 -53 -33 -51 -33 -47 -31 -42 -27 -37 -22 -31 -14 -25 -6 -20 3 -17 14 -18 25 -19 34 -23 40 -27 43 -31 45 -36 44 -40 41 -42
1786806286.476029,1212,256,-106 96 9 0 -6 26 -5 23 -5 18 -5 13 -6 8 -8 3 -11 -1 -15 -4 -20 -6 -23 -7 -27 -7 -29 -6 -30 -5 -31 -4 -29 -2 -27 0 -24 0 -20 0 -16 -1 -12 -2 -7 -4 -4 -6 -1 -9 2 -13 3 -15 0 -4 0 0 0 0 0 0 0 0 0 0 0 0 0 0 0 0 0 0 0 -3 3 -8 5 -5 8 0 11 4 14 8 18 11 21 13 24 14 27 15 29 15 29 13 28 11 26 10 22 8 18 7 13 6 8 6 3 8 -3 10 -8 13 -11 17 -13 21 -14 24 -15 27 -15 29 -14 30 -3 15 -11 59 -9 52 -6 43 -5 35 -7 26 -10 17 -15 8 -21 1 -29 -5 -37 -8 -43 -9 -49 -9 -54 -7 -57 -4 -58 -1 -56 1 -52 3 -45 4 -37 3 -30 1 -22 -2 -14 -6 -7 -11 -2 -17 2 -24 4 -29 6 -32 7 -34 1 -9 0 0 0 0 0 0 0 0 0 0 -1 -8 0 -28 3 -23 7 -16 11 -8 15 0 21 8 28 15 34 20 41 24 48 27 53 28 56 28 56 25 53 21 49 18 43 16 35 13 26 10 16 11 6 14 -4 20 -13 27 -20 34 -23 41 -25 47 -25 53 -23 55 -20 54
1786806286.5069828,3067,128,28 -64 1 0 10 22 10 22 11 21 11 21 11 20 11 20 12 19 12 19 13 19 13 18 13 18 13 18 13 18 13 17 13 17 13 17 13 17 13 17 12 16 12 15 11 14 10 13 10 13 9 14 9 14 2 3 0 0 0 0 0 0 0 0 0 0 0 0 0 0 0 0 0 0 2 3 10 16 10 17 9 17 9 18 9 19 9 20 9 21 9 21 8 22 8 22 8 22 8 23 8 23 7 23 7 23 8 23 8 22 9 23 8 23 8 23 9 23 9 22 10 22 9 22 9 22 8 22
1786806286.564918,1216,256,126 -32 7 0 21 10 21 10 21 9 21 8 21 8 21 7 21 7 21 7 21 6 21 6 21 5 20 5 20 5 21 5 20 4 20 4 20 4 20 4 19 4 18 3 17 3 16 3 16 3 16 4 16 4 4 1 0 0 0 0 0 0 0 0 0 0 0 0 0 0 0 0 0 0 4 1 18 6 18 7 18 8 18 8 19 9 19 10 20 10 20 11 20 11 20 12 20 12 20 12 20 13 20 13 20 13 20 12 20 12 20 12 21 12 21 12 21 12 21 11 21 11 21 11 20 11 20 11 11 3 45 13 42 15 42 14 43 12 42 11 41 10 41 9 43 8 43 8 44 7 44 7 43 5 42 5 41 4 41 4 40 3 39 3 39 3 40 4 39 3 36 3 33 2 32 1 32 1 31 2 30 3 28 4 27 5 6 1 0 0 0 0 0 0 0 0 0 0 8 0 32 3 33 5 34 7 35 9 36 11 37 12 38 13 39 15 40 15 41 16 41 17 41 18 42 19 42 20 42 21 41 21 42 21 42 19 42 18 43 18 42 18 42 17 42 17 43 17 44 16 43 15 40 14 37 13
1786806286.6038048,3069,128,28 -64 1 0 -9 -23 -9 -23 -9 -23 -9 -22 -9 -22 -10 -22 -10 -22 -11 -22 -11 -22 -11 -21 -12 -21 -12 -20 -12 -20 -11 -20 -11 -20 -11 -19 -11 -19 -11 -19 -11 -19 -10 -18 -9 -17 -9 -16 -9 -16 -8 -16 -8 -16 -2 -4 0 0 0 0 0 0 0 0 0 0 0 0 0 0 0 0 0 0 -3 -5 -10 -17 -10 -18 -10 -19 -9 -20 -9 -20 -9 -21 -9 -22 -9 -22 -8 -23 -8 -23 -8 -24 -8 -24 -7 -24 -7 -25 -7 -24 -7 -24 -8 -24 -8 -24 -7 -24 -7 -24 -8 -24 -8 -24 -9 -24 -8 -24 -8 -23 -8 -23
1786806286.6399791,3070,128,28 -64 1 0 13 -18 13 -18 13 -18 13 -18 12 -18 12 -19 12 -19 11 -19 11 -19 10 -19 10 -19 9 -19 9 -19 10 -19 10 -19 9 -19 9 -18 9 -18 9 -18 9 -17 9 -16 8 -16 8 -15 9 -15 9 -14 2 -4 0 0 0 0 0 0 0 0 0 0 0 0 0 0 0 0 0 0 2 -4 9 -16 9 -16 10 -16 11 -16 12 -17 13 -17 13 -17 14 -17 15 -17 15 -17 16 -17 16 -16 16 -16 16 -16 16 -16 16 -16 15 -16 15 -17 16 -17 16 -17 16 -17 15 -17 15 -17 15 -17 15 -17 15 -17
1786806286.681781,3071,128,28 -64 1 0 -13 -22 -13 -22 -13 -22 -13 -21 -13 -21 -14 -20 -14 -20 -15 -20 -15 -20 -15 -19 -15 -19 -15 -18 -15 -18 -15 -18 -15 -18 -14 -17 -15 -17 -14 -18 -14 -17 -13 -16 -13 -15 -12 -14 -12 -14 -11 -15 -11 -15 -3 -4 0 0 0 0 0 0 0 0 0 0 0 0 0 0 0 0 0 0 -3 -4 -12 -15 -12 -16 -12 -17 -12 -18 -12 -19 -12 -20 -12 -20 -12 -21 -11 -21 -11 -22 -11 -22 -11 -23 -10 -23 -10 -24 -11 -23 -11 -23 -12 -23 -12 -23 -11 -23 -11 -23 -11 -23 -12 -23 -12 -22 -12 -22 -11 -22 -11 -22
1786806286.714845,3073,128,28 -64 1 0 3 -23 3 -23 3 -23 3 -23 3 -23 3 -23 2 -23 1 -22 1 -22 0 -22 0 -22 0 -22 0 -22 0 -22 0 -22 0 -21 0 -21 0 -21 0 -20 0 -20 0 -19 0 -18 0 -17 1 -17 1 -17 0 -5 0 0 0 0 0 0 0 0 0 0 0 0 0 0 0 0 0 0 0 -5 0 -18 1 -19 2 -19 2 -20 3 -20 3 -21 3 -21 4 -22 4 -22 5 -22 5 -22 5 -22 6 -22 6 -22 6 -22 5 -22 5 -22 5 -23 6 -23 6 -23 5 -23 5 -23 4 -23 4 -23 5 -22 5 -22
1786806286.748245,1428,128,124 -64 7 0 17 -22 15 -21 14 -20 14 -21 13 -19 13 -16 13 -17 12 -19 10 -18 8 -16 6 -15 7 -14 8 -15 8 -17 9 -16 9 -13 6 -12 6 -10 7 -8 7 -8 7 -6 8 -6 7 -6 5 -5 5 -7 1 -2 0 0 0 0 0 0 0 0 0 0 0 0 0 0 0 0 0 0 0 -3 3 -10 4 -11 6 -13 6 -14 6 -11 8 -11 10 -13 10 -13 7 -14 5 -16 7 -13 9 -9 11 -11 14 -15 14 -16 14 -16 15 -17 15 -18 15 -20 17 -18 19 -17 17 -19 16 -20 17 -20 16 -21 16 -19
1786806286.7843342,3075,128,28 -64 1 0 0 -25 0 -25 0 -25 0 -24 -1 -24 -1 -24 -2 -24 -3 -24 -3 -24 -3 -24 -4 -23 -4 -23 -4 -23 -4 -23 -4 -23 -4 -22 -4 -22 -4 -22 -4 -22 -3 -21 -3 -19 -3 -18 -3 -18 -2 -18 -2 -18 -1 -5 0 0 0 0 0 0 0 0 0 0 0 0 0 0 0 0 0 0 -1 -5 -2 -19 -2 -20 -1 -20 0 -21 0 -21 0 -22 0 -23 1 -23 2 -24 2 -24 2 -24 2 -24 3 -25 3 -25 3 -25 2 -25 2 -25 2 -25 2 -25 2 -25 2 -25 2 -25 1 -25 1 -25 2 -24 2 -24
1786806286.817662,3076,128,28 -64 1 0 22 -9 22 -8 21 -9 21 -9 20 -10 20 -10 20 -10 20 -11 20 -11 19 -11 18 -11 18 -11 18 -11 18 -12 18 -12 17 -12 17 -11 17 -11 17 -11 16 -11 15 -10 14 -10 14 -9 14 -9 14 -8 3 -2 0 0 0 0 0 0 0 0 0 0 0 0 0 0 0 0 0 0 4 -3 16 -9 17 -9 17 -8 18 -8 19 -8 20 -8 20 -8 21 -8 21 -7 22 -7 22 -7 22 -6 23 -6 23 -6 23 -6 22 -7 22 -7 23 -7 23 -7 23 -7 23 -7 23 -8 23 -8 22 -8 22 -8 21 -8
1786806286.859276,3077,128,28 -64 1 0 -22 -14 -22 -14 -22 -13 -21 -13 -21 -12 -21 -12 -22 -11 -22 -11 -22 -10 -22 -10 -22 -10 -22 -9 -22 -9 -22 -9 -21 -8 -21 -8 -21 -8 -21 -8 -20 -8 -19 -7 -18 -7 -17 -6 -17 -6 -17 -7 -16 -7 -4 -2 0 0 0 0 0 0 0 0 0 0 0 0 0 0 0 0 0 0 -5 -3 -18 -10 -18 -10 -18 -11 -18 -12 -19 -13 -20 -14 -20 -14 -20 -15 -20 -15 -19 -16 -20 -16 -20 -17 -20 -17 -19 -18 -20 -17 -20 -16 -21 -16 -21 -16 -20 -17 -20 -16 -21 -16 -21 -16 -21 -15 -21 -15 -21 -15 -20 -15
1786806286.887077,1429,128,-115 -48 8 0 13 25 15 24 14 21 12 20 11 21 11 22 10 19 9 17 10 15 11 15 9 15 9 15 9 14 11 14 10 14 7 14 7 12 6 11 5 12 6 12 5 11 2 11 1 10 0 8 1 5 0 1 0 0 0 0 0 0 0 0 0 0 0 0 0 0 0 0 0 0 1 3 4 11 2 10 1 8 4 9 8 10 8 11 4 12 4 12 6 16 6 17 7 17 7 15 5 14 6 16 6 20 7 23 10 22 10 20 8 21 8 25 8 26 8 25 9 24 11 25 11 25 8 25
1786806286.9204962,1672,128,28 -64 1 0 31 -19 28 -19 23 -19 20 -18 18 -16 17 -14 17 -10 19 -7 20 -6 24 -5 28 -5 30 -5 33 -6 35 -9 35 -12 34 -12 33 -12 31 -12 28 -11 26 -9 23 -7 21 -4 18 1 17 7 16 10 4 2 0 0 0 0 0 0 0 0 0 0 0 0 0 0 0 0 0 0 1 -3 6 -10 8 -9 10 -7 11 -6 11 -5 12 -5 13 -4 13 -4 14 -4 15 -4 15 -3 14 -4 13 -5 12 -5 13 -5 14 -5 14 -4 14 -3 15 -3 17 -1 19 1 23 1 26 0 29 -2 32 -5 33 -6
1786806286.959348,3081,128,28 -64 1 0 -24 -8 -24 -8 -23 -7 -23 -7 -23 -6 -23 -6 -23 -6 -23 -5 -23 -5 -23 -4 -22 -4 -22 -3 -22 -3 -22 -3 -22 -3 -21 -3 -21 -3 -21 -3 -21 -3 -20 -3 -18 -2 -17 -2 -17 -2 -17 -3 -17 -4 -5 -1 0 0 0 0 0 0 0 0 0 0 0 0 0 0 0 0 0 0 -5 -1 -19 -3 -19 -4 -20 -5 -20 -6 -21 -6 -21 -7 -22 -8 -22 -8 -22 -8 -22 -9 -23 -9 -23 -10 -23 -10 -23 -11 -23 -10 -23 -10 -23 -10 -23 -10 -23 -9 -23 -9 -23 -9 -24 -9 -24 -9 -23 -8 -23 -8 -23 -8
1786806286.989852,3082,128,28 -64 1 0 22 3 22 3 22 3 22 2 22 2 21 1 21 1 21 1 21 0 21 0 20 0 20 -1 20 -1 20 -1 20 -2 19 -2 19 -1 19 -1 19 -1 18 -1 17 -2 16 -2 16 -2 16 -1 16 0 3 0 0 0 0 0 0 0 0 0 0 0 0 0 0 0 0 0 0 0 4 0 17 1 18 1 18 2 18 2 19 3 20 3 20 4 21 4 21 5 21 5 21 5 21 6 21 6 21 7 21 6 21 6 22 5 22 5 22 5 22 5 22 5 22 5 22 4 22 4 21 4 21 5
1786806287.025919,3084,128,28 -64 1 0 -8 -22 -8 -22 -8 -21 -8 -21 -8 -21 -9 -20 -9 -20 -10 -20 -10 -20 -10 -20 -10 -19 -10 -19 -10 -19 -10 -19 -10 -18 -10 -18 -10 -18 -10 -18 -9 -17 -9 -17 -8 -15 -8 -15 -8 -15 -7 -15 -7 -15 -2 -4 0 0 0 0 0 0 0 0 0 0 0 0 0 0 0 0 0 0 -3 -4 -9 -16 -9 -16 -9 -17 -8 -18 -8 -19 -8 -20 -9 -20 -8 -21 -8 -21 -7 -22 -7 -22 -7 -22 -6 -23 -6 -23 -6 -23 -7 -22 -7 -22 -7 -22 -7 -23 -7 -23 -7 -23 -7 -22 -8 -22 -7 -22 -7 -23 -7 -23
1786806287.099435,3085,128,28 -64 1 0 16 18 16 18 16 17 16 17 16 16 16 16 17 15 17 15 17 15 17 15 17 14 17 13 17 13 17 13 17 13 17 12 17 13 17 12 16 12 15 11 14 10 13 10 13 10 13 11 12 11 3 2 0 0 0 0 0 0 0 0 0 0 0 0 0 0 0 0 0 0 3 3 14 12 14 13 14 14 13 15 14 16 14 16 15 17 15 18 14 18 14 19 14 19 14 20 13 20 13 20 13 20 14 19 14 19 14 19 14 19 14 19 15 19 15 19 15 19 15 19 14 19 14 18
1786806287.149131,3086,128,28 -64 1 0 -24 -6 -24 -6 -24 -5 -24 -5 -24 -4 -24 -4 -24 -4 -24 -3 -24 -3 -24 -2 -23 -2 -23 -1 -23 -1 -24 -1 -23 0 -22 0 -23 -1 -22 -1 -22 -2 -21 -1 -20 -1 -19 -1 -19 -1 -19 -2 -18 -2 -5 -1 0 0 0 0 0 0 0 0 0 0 0 0 0 0 0 0 0 0 -6 -1 -21 -3 -21 -4 -21 -5 -22 -6 -23 -6 -23 -7 -24 -8 -24 -8 -24 -9 -24 -9 -24 -9 -24 -10 -24 -10 -23 -11 -23 -11 -24 -10 -24 -9 -24 -9 -24 -9 -24 -9 -24 -9 -24 -8 -24 -8 -24 -8 -24 -8 -24 -8
1786806287.190919,3087,128,28 -64 1 0 -12 -19 -12 -19 -12 -19 -12 -18 -13 -18 -13 -17 -13 -17 -14 -17 -14 -17 -14 -16 -14 -16 -14 -15 -14 -15 -14 -15 -14 -15 -14 -14 -14 -14 -14 -14 -13 -14 -13 -13 -12 -12 -11 -12 -11 -11 -11 -12 -11 -12 -3 -3 0 0 0 0 0 0 0 0 0 0 0 0 0 0 0 0 0 0 -3 -4 -11 -15 -11 -15 -10 -16 -10 -17 -10 -18 -11 -18 -11 -19 -11 -19 -10 -20 -10 -20 -10 -20 -10 -21 -10 -21 -9 -21 -9 -21 -10 -21 -10 -20 -10 -21 -10 -21 -10 -21 -10 -21 -11 -20 -11 -20 -11 -20 -11 -20 -11 -19
1786806287.268556,1218,256,-106 96 9 0 -9 -22 -9 -22 -9 -21 -9 -21 -9 -21 -9 -20 -10 -20 -10 -20 -11 -20 -11 -20 -11 -19 -11 -19 -11 -18 -11 -18 -11 -18 -10 -17 -10 -18 -11 -18 -10 -17 -10 -16 -9 -15 -9 -14 -8 -14 -8 -15 -8 -15 -2 -4 0 0 0 0 0 0 0 0 0 0 0 0 0 0 0 0 0 0 -3 -4 -10 -16 -9 -16 -9 -17 -8 -18 -8 -19 -9 -20 -9 -20 -9 -21 -8 -21 -7 -22 -7 -22 -7 -22 -7 -23 -7 -23 -7 -23 -7 -22 -7 -22 -8 -23 -7 -23 -7 -23 -7 -22 -8 -22 -8 -22 -8 -22 -7 -21 -8 -21 -3 -11 -10 -44 -9 -43 -9 -43 -10 -42 -10 -41 -9 -41 -11 -40 -13 -40 -15 -40 -15 -40 -16 -39 -16 -38 -15 -37 -15 -37 -15 -37 -15 -37 -15 -36 -15 -35 -16 -35 -15 -35 -14 -33 -13 -31 -12 -29 -11 -29 -10 -29 -10 -29 -9 -27 -7 -26 -2 -7 0 0 0 0 0 0 0 0 0 0 -4 -7 -14 -29 -12 -30 -11 -33 -11 -34 -10 -36 -8 -37 -8 -39 -9 -40 -9 -41 -8 -42 -7 -42 -5 -43 -5 -44 -5 -45 -4 -45 -3 -45 -4 -45 -4 -44 -6 -44 -6 -44 -5 -44 -5 -44 -6 -45 -8 -45 -9 -44 -7 -42 -6 -41 -6 -40
1786806287.354561,1219,256,-106 96 9 0 -15 -19 -15 -18 -15 -18 -15 -17 -15 -17 -15 -16 -15 -16 -16 -16 -16 -16 -16 -15 -16 -15 -16 -14 -16 -14 -16 -14 -16 -14 -15 -13 -16 -13 -16 -14 -15 -13 -14 -13 -14 -11 -13 -11 -13 -11 -12 -11 -12 -12 -3 -3 0 0 0 0 0 0 0 0 0 0 0 0 0 0 0 0 0 0 -4 -4 -13 -14 -13 -14 -12 -15 -12 -16 -12 -17 -13 -17 -13 -18 -13 -19 -13 -19 -12 -19 -12 -20 -12 -20 -12 -20 -12 -21 -12 -21 -12 -20 -13 -20 -13 -20 -13 -20 -13 -20 -13 -20 -14 -20 -14 -19 -14 -19 -13 -19 -13 -19 -7 -10 -24 -38 -23 -38 -24 -37 -25 -35 -24 -35 -23 -35 -24 -34 -26 -34 -27 -33 -28 -33 -28 -32 -28 -30 -28 -29 -28 -29 -28 -29 -27 -28 -26 -28 -27 -28 -27 -28 -26 -28 -24 -26 -23 -24 -22 -22 -21 -22 -21 -23 -20 -23 -18 -22 -16 -22 -4 -6 0 0 0 0 0 0 0 0 0 0 -6 -6 -22 -22 -21 -24 -21 -26 -21 -29 -20 -31 -19 -32 -20 -34 -21 -35 -21 -37 -20 -38 -19 -38 -19 -39 -19 -40 -19 -41 -18 -41 -18 -41 -18 -41 -19 -40 -20 -40 -21 -40 -19 -40 -19 -41 -19 -40 -21 -40 -23 -39 -22 -38 -21 -36 -20 -34
1786806287.42413,1221,256,-106 96 9 0 -23 -3 -23 -3 -23 -2 -22 -2 -22 -2 -22 -1 -22 -1 -22 -1 -22 0 -22 0 -21 0 -21 1 -21 1 -21 1 -21 1 -20 1 -20 1 -20 0 -20 0 -19 1 -18 1 -17 1 -17 1 -17 0 -17 0 -4 -1 0 0 0 0 0 0 0 0 0 0 0 0 0 0 0 0 0 0 -5 0 -18 1 -19 0 -19 -1 -20 -1 -21 -2 -21 -2 -22 -3 -22 -3 -22 -3 -22 -4 -23 -4 -23 -5 -23 -5 -23 -6 -23 -5 -23 -5 -23 -4 -23 -4 -23 -4 -23 -4 -23 -4 -23 -4 -24 -4 -23 -4 -23 -3 -23 -3 -11 -1 -44 -3 -43 -4 -44 -4 -44 -2 -43 -1 -42 -1 -41 0 -42 1 -42 1 -42 2 -42 2 -41 3 -39 3 -39 4 -39 5 -39 5 -38 5 -38 5 -38 4 -37 4 -35 4 -33 5 -31 5 -31 5 -31 4 -30 3 -28 2 -27 1 -7 0 0 0 0 0 0 0 0 0 0 0 -8 1 -31 5 -32 3 -34 2 -35 0 -37 -1 -38 -2 -39 -4 -41 -4 -42 -5 -42 -5 -42 -6 -43 -7 -44 -8 -44 -9 -44 -10 -44 -10 -44 -10 -44 -8 -44 -8 -44 -7 -43 -7 -44 -7 -44 -7 -45 -7 -45 -6 -43 -6 -41 -5 -40 -6
1786806287.49633,1223,256,-106 96 9 0 20 -10 20 -10 20 -10 19 -10 19 -11 19 -11 19 -11 18 -11 18 -12 17 -12 17 -12 16 -12 16 -12 17 -12 16 -12 16 -12 16 -12 16 -11 15 -11 15 -11 14 -11 13 -10 13 -10 14 -9 14 -8 3 -2 0 0 0 0 0 0 0 0 0 0 0 0 0 0 0 0 0 0 3 -3 15 -10 15 -10 16 -9 17 -9 18 -9 18 -9 19 -9 20 -9 20 -9 20 -8 20 -8 21 -8 21 -7 22 -7 21 -7 21 -8 21 -8 21 -8 21 -8 22 -8 22 -9 21 -9 21 -9 21 -9 21 -8 21 -8 9 -7 37 -24 36 -23 35 -22 35 -24 34 -25 33 -25 33 -26 33 -25 33 -26 32 -26 31 -26 30 -25 29 -26 28 -27 29 -27 28 -27 27 -27 27 -26 28 -25 27 -24 26 -24 24 -24 22 -23 22 -23 23 -22 23 -20 22 -17 20 -16 5 -4 0 0 0 0 0 0 0 0 0 0 5 -6 21 -24 23 -24 26 -23 27 -22 29 -22 30 -22 32 -22 33 -21 34 -21 35 -21 36 -21 37 -21 38 -21 38 -20 39 -18 40 -18 40 -19 39 -20 38 -20 38 -20 38 -21 39 -22 39 -22 38 -22 38 -22 37 -21 35 -22 33 -21
1786806287.560161,1223,256,-106 96 9 0 -3 22 -3 22 -3 21 -3 21 -2 22 -2 21 -1 21 -1 21 0 21 0 21 0 20 1 20 1 20 0 20 0 20 1 19 1 19 1 19 1 18 0 18 0 17 1 16 0 15 0 16 -1 16 -1 3 0 0 0 0 0 0 0 0 0 0 0 0 0 0 0 0 0 0 0 4 0 18 -1 18 -2 18 -2 19 -3 19 -3 20 -3 20 -4 21 -5 21 -5 22 -5 22 -5 22 -6 22 -6 22 -6 22 -5 22 -5 22 -5 22 -5 22 -6 22 -5 22 -5 22 -4 22 -4 22 -5 22 -4 21 -2 11 -7 44 -8 42 -7 41 -5 41 -5 41 -5 42 -4 41 -2 40 -1 40 0 40 1 40 2 39 2 38 1 38 1 39 1 39 2 38 2 37 3 36 2 35 2 35 2 33 2 31 1 30 0 31 -1 30 -1 28 -2 26 -1 6 0 0 0 0 0 0 0 0 0 0 0 7 0 30 -1 31 -3 33 -4 34 -6 35 -8 37 -9 37 -8 38 -8 39 -9 39 -11 40 -12 41 -12 41 -12 41 -13 41 -14 41 -14 41 -13 41 -11 41 -11 42 -12 43 -12 43 -11 43 -10 43 -9 41 -10 41 -10 40 -9 38
1786806287.632385,1228,256,126 -32 7 0 -12 19 -11 19 -11 19 -11 19 -10 19 -10 19 -9 19 -8 19 -8 19 -8 19 -7 19 -7 19 -7 19 -7 19 -7 19 -6 19 -6 18 -6 18 -6 18 -6 17 -6 16 -5 15 -5 15 -6 15 -6 15 -2 3 0 0 0 0 0 0 0 0 0 0 0 0 0 0 0 0 0 0 -2 4 -8 16 -9 16 -9 16 -10 16 -11 17 -11 17 -12 17 -12 17 -13 18 -13 18 -13 18 -14 18 -14 18 -14 18 -14 18 -14 18 -13 18 -13 18 -14 19 -14 19 -14 19 -13 19 -12 19 -12 19 -13 18 -12 18 -9 7 -35 28 -35 26 -34 26 -32 27 -32 28 -32 28 -31 29 -30 28 -29 29 -28 30 -25 30 -24 30 -24 30 -24 30 -25 30 -25 30 -24 30 -23 29 -23 28 -23 27 -23 27 -21 26 -20 25 -20 24 -21 24 -21 22 -20 20 -19 18 -5 4 0 0 0 0 0 0 0 0 0 0 -5 6 -20 24 -22 24 -25 24 -26 23 -28 22 -30 22 -32 23 -32 23 -33 23 -34 23 -36 23 -37 23 -37 24 -37 23 -38 23 -38 22 -38 22 -36 23 -36 23 -36 24 -38 24 -38 24 -38 25 -37 25 -35 25 -34 25 -34 24 -33 23
1786806287.699144,1228,256,126 -32 7 0 -6 22 -6 21 -6 21 -5 21 -5 21 -5 21 -4 21 -3 21 -3 21 -3 21 -2 20 -2 20 -2 20 -3 20 -2 20 -2 19 -2 19 -2 19 -2 19 -2 18 -2 17 -2 16 -2 16 -3 16 -3 15 -1 3 0 0 0 0 0 0 0 0 0 0 0 0 0 0 0 0 0 0 -1 4 -2 17 -2 18 -3 18 -4 19 -4 19 -5 20 -5 20 -5 21 -6 21 -7 21 -7 21 -7 21 -8 21 -8 21 -8 21 -8 21 -7 21 -7 21 -8 21 -8 22 -8 22 -7 22 -6 22 -7 22 -7 21 -7 20 -3 11 -12 43 -13 41 -13 40 -11 40 -11 41 -11 41 -10 41 -8 40 -7 40 -6 40 -5 40 -4 39 -4 39 -4 39 -5 39 -5 38 -4 37 -4 37 -3 36 -4 35 -4 34 -4 33 -4 31 -5 30 -5 30 -5 29 -6 27 -7 26 -2 6 0 0 0 0 0 0 0 0 0 0 -1 7 -2 30 -5 31 -6 33 -7 34 -9 34 -11 35 -12 37 -12 38 -12 39 -13 39 -14 40 -16 40 -17 40 -17 40 -18 40 -18 40 -18 40 -16 40 -15 40 -15 41 -16 41 -17 42 -16 42 -14 41 -13 41 -14 40 -15 38 -14 36
1786806287.7575061,1228,256,126 -32 7 0 21 6 21 6 21 5 21 5 21 4 21 4 21 3 21 3 21 3 21 2 20 2 20 2 20 2 20 1 20 1 19 1 19 1 19 1 19 2 18 1 17 1 16 1 16 1 16 2 16 2 3 0 0 0 0 0 0 0 0 0 0 0 0 0 0 0 0 0 0 0 4 0 17 2 18 2 18 3 18 4 19 4 20 5 20 5 21 6 21 6 20 7 21 7 21 8 21 8 21 9 21 8 21 8 21 7 21 7 21 7 21 7 22 7 22 7 22 7 21 6 21 6 21 7 10 3 41 15 39 17 39 16 40 14 40 13 39 12 39 12 40 11 40 11 41 10 41 10 40 9 39 8 38 7 38 7 37 6 36 5 37 6 38 7 37 7 34 5 31 4 30 4 29 4 29 5 28 6 26 7 24 8 5 2 0 0 0 0 0 0 0 0 0 0 7 1 29 4 30 6 32 8 32 10 33 12 34 13 35 14 37 16 38 17 38 18 37 18 37 19 37 20 38 21 38 23 38 23 38 22 38 21 39 20 39 19 39 20 39 19 39 19 39 18 40 17 38 17 36 16 34 16
1786806287.82974,1085,256,-125 48 8 0 -1 -23 -2 -23 -2 -22 -2 -22 -2 -22 -3 -21 -3 -21 -4 -21 -4 -21 -5 -21 -5 -20 -5 -20 -5 -20 -5 -20 -5 -20 -5 -19 -5 -19 -5 -19 -5 -19 -4 -18 -4 -17 -5 -16 -4 -16 -4 -16 -3 -16 -1 -4 0 0 0 0 0 0 0 0 0 0 0 0 0 0 0 0 0 0 -1 -5 -4 -18 -3 -19 -3 -19 -2 -20 -2 -20 -2 -21 -1 -22 -1 -22 0 -22 0 -22 0 -23 0 -23 1 -23 1 -23 1 -23 1 -23 0 -23 0 -23 1 -23 1 -23 0 -23 0 -23 -1 -23 -1 -22 0 -22 0 -22 -1 -11 -3 -44 -2 -43 -2 -42 -4 -41 -4 -41 -3 -41 -4 -41 -5 -40 -7 -40 -8 -40 -9 -39 -9 -38 -10 -37 -10 -37 -10 -38 -9 -37 -9 -36 -10 -36 -10 -36 -9 -35 -8 -34 -8 -32 -8 -30 -8 -30 -7 -30 -6 -29 -5 -27 -4 -26 -1 -7 0 0 0 0 0 0 0 0 0 0 -3 -8 -8 -30 -6 -31 -4 -33 -3 -35 -2 -36 -1 -37 0 -38 0 -40 0 -41 1 -42 3 -42 3 -42 3 -43 3 -43 4 -43 5 -43 5 -43 3 -43 2 -43 2 -43 3 -44 4 -45 4 -45 2 -44 0 -43 -1 -43 0 -42 1 -39
1786806287.868748,3088,128,28 -64 1 0 -22 -5 -22 -5 -22 -5 -22 -4 -21 -4 -21 -3 -21 -3 -21 -3 -21 -2 -21 -2 -21 -1 -21 -1 -21 -1 -21 -1 -21 0 -21 -1 -21 -1 -20 -1 -19 -2 -19 -1 -18 -1 -18 -1 -18 -1 -17 -2 -17 -2 -5 -1 0 0 0 0 0 0 0 0 0 0 0 0 0 0 0 0 0 0 -5 -1 -20 -2 -20 -2 -20 -3 -20 -3 -21 -4 -22 -4 -23 -5 -23 -6 -23 -7 -23 -7 -23 -8 -23 -8 -22 -8 -22 -8 -22 -8 -22 -8 -22 -8 -22 -8 -22 -7 -22 -7 -22 -7 -22 -6 -22 -6 -22 -6 -22 -6 -21 -6
1786806287.899107,3091,128,28 -64 1 0 -4 11 -4 11 -4 11 -4 11 -3 11 -3 11 -3 11 -2 10 -2 10 -2 10 -2 10 -2 11 -2 11 -2 10 -2 10 -2 10 -2 10 -2 10 -2 9 -2 9 -2 9 -2 9 -2 8 -2 8 -2 8 -1 2 0 0 0 0 0 0 0 0 0 0 0 0 0 0 0 0 0 0 -1 2 -2 9 -3 9 -3 9 -3 10 -4 10 -4 10 -4 11 -4 11 -5 11 -5 11 -5 11 -5 11 -6 11 -6 11 -6 11 -6 11 -6 11 -5 11 -5 10 -5 10 -5 10 -5 11 -4 11 -4 11 -4 10 -4 10
1786806287.929703,1674,128,28 -64 1 0 29 10 29 6 28 2 26 0 24 -2 21 -2 17 0 15 2 13 4 12 7 12 11 14 15 17 18 20 19 23 20 25 19 27 19 27 18 26 16 24 15 22 14 19 13 15 13 10 13 5 13 0 3 0 0 0 0 0 0 0 0 0 0 0 0 0 0 0 0 0 0 3 -2 14 -7 14 -5 14 -3 14 -1 14 0 14 2 14 3 14 4 14 5 14 5 13 6 13 7 13 8 13 7 13 7 13 7 12 7 12 8 13 10 13 12 12 14 12 16 14 17 16 18 20 19 23 19
1786806287.9629529,3099,128,28 -64 1 0 6 -21 6 -21 6 -21 5 -21 5 -21 5 -21 4 -21 3 -20 3 -21 2 -21 2 -21 2 -21 2 -21 2 -21 2 -20 2 -20 2 -20 2 -19 2 -19 2 -18 2 -18 2 -17 2 -17 2 -16 2 -16 0 -4 0 0 0 0 0 0 0 0 0 0 0 0 0 0 0 0 0 0 0 -5 3 -19 3 -19 4 -20 4 -20 5 -21 5 -21 6 -22 7 -22 7 -22 8 -22 9 -22 9 -22 9 -22 9 -22 9 -21 9 -21 9 -21 9 -21 9 -21 8 -21 8 -21 7 -21 7 -21 7 -21 7 -21 7 -22
1786806287.999122,3104,128,28 -64 1 0 -12 -5 -12 -5 -12 -5 -11 -4 -11 -4 -11 -4 -11 -3 -11 -3 -11 -3 -11 -3 -11 -2 -11 -2 -11 -2 -11 -2 -11 -2 -11 -2 -11 -2 -11 -2 -10 -2 -10 -2 -10 -2 -9 -2 -9 -2 -9 -2 -9 -2 -3 -1 0 0 0 0 0 0 0 0 0 0 0 0 0 0 0 0 0 0 -3 -1 -10 -3 -11 -4 -11 -4 -11 -4 -11 -4 -12 -5 -12 -5 -12 -6 -12 -6 -12 -6 -12 -6 -12 -7 -12 -7 -11 -7 -11 -7 -12 -7 -12 -7 -12 -7 -12 -6 -11 -6 -12 -6 -12 -6 -12 -5 -12 -5 -11 -5 -11 -5
1786806288.029569,3107,128,28 -64 1 0 -1 10 -1 10 -1 10 -1 10 -1 10 0 10 0 9 0 9 0 9 1 9 1 9 1 9 1 9 1 9 1 9 1 9 1 9 1 9 1 8 1 8 0 8 0 8 0 7 0 7 0 7 0 1 0 0 0 0 0 0 0 0 0 0 0 0 0 0 0 0 0 0 0 2 0 9 0 9 0 9 0 9 -1 10 -1 10 -1 10 -1 11 -2 11 -2 11 -2 11 -2 11 -2 11 -2 11 -3 11 -3 11 -2 10 -2 10 -2 10 -2 10 -2 10 -2 10 -1 10 -1 10 -1 10 -1 10
1786806288.0639849,3108,128,28 -64 1 0 16 -14 16 -14 15 -14 15 -14 14 -15 14 -15 13 -15 13 -15 12 -15 12 -15 12 -15 11 -15 11 -15 11 -15 11 -15 11 -15 10 -15 10 -14 10 -14 10 -14 9 -14 9 -13 9 -13 9 -12 9 -12 2 -3 0 0 0 0 0 0 0 0 0 0 0 0 0 0 0 0 0 0 3 -4 12 -15 12 -15 13 -15 14 -15 14 -15 15 -15 16 -15 17 -15 17 -15 18 -15 19 -15 19 -14 19 -14 18 -13 18 -14 18 -14 18 -14 18 -14 18 -14 18 -14 17 -14 17 -14 17 -14 16 -14 16 -14 15 -14
1786806288.129975,3109,128,28 -64 1 0 -15 16 -15 16 -14 16 -14 16 -14 16 -13 16 -12 16 -12 16 -11 16 -11 16 -10 17 -10 17 -10 17 -10 17 -10 17 -10 17 -10 16 -10 16 -10 15 -9 15 -9 14 -9 14 -9 14 -9 13 -9 12 -3 3 0 0 0 0 0 0 0 0 0 0 0 0 0 0 0 0 0 0 -3 4 -11 16 -12 16 -13 16 -13 16 -14 16 -15 17 -16 17 -16 17 -17 16 -18 16 -18 16 -18 15 -18 15 -18 15 -18 15 -18 15 -18 15 -18 15 -18 15 -17 15 -17 15 -16 15 -16 15 -16 15 -16 15 -16 15
1786806288.166124,3110,128,28 -64 1 0 -18 13 -18 13 -18 13 -17 13 -17 13 -16 14 -15 13 -15 13 -15 14 -14 14 -14 14 -14 14 -14 14 -14 14 -13 14 -13 14 -13 14 -12 13 -12 13 -11 12 -11 12 -11 12 -11 11 -11 11 -11 10 -3 2 0 0 0 0 0 0 0 0 0 0 0 0 0 0 0 0 0 0 -4 3 -14 12 -15 12 -15 12 -16 12 -17 12 -18 12 -18 13 -19 13 -19 12 -20 12 -20 12 -21 11 -21 11 -21 11 -21 11 -21 11 -20 11 -20 11 -20 12 -20 12 -19 12 -19 12 -19 12 -19 12 -19 12 -19 12
1786806288.1994398,3111,128,28 -64 1 0 14 17 11 14 7 10 2 7 -4 5 -9 4 -14 4 -19 5 -23 6 -26 7 -28 9 -29 11 -28 12 -27 12 -24 12 -21 11 -18 9 -14 6 -11 3 -7 -1 -4 -5 -2 -8 0 -12 1 -16 1 -18 0 -5 0 0 0 0 0 0 0 0 0 0 0 0 0 0 0 0 0 0 -1 -1 -2 -5 1 -7 6 -10 11 -13 15 -17 18 -20 20 -23 22 -25 22 -26 21 -26 19 -26 17 -24 15 -20 12 -16 9 -11 7 -6 5 0 5 6 5 13 7 18 9 23 11 26 13 28 15 28 16 28 17 28
1786806288.274399,1239,256,-106 96 9 0 -21 -4 -21 -4 -20 -4 -20 -3 -20 -2 -20 -2 -19 -2 -19 -2 -19 -1 -19 -1 -19 -1 -19 -1 -19 0 -19 0 -18 0 -18 0 -17 0 -17 0 -17 0 -16 0 -16 0 -15 0 -15 0 -14 0 -14 -1 -4 -1 0 0 0 0 0 0 0 0 0 0 0 0 0 0 0 0 0 0 -5 0 -19 0 -19 -1 -19 -2 -19 -2 -20 -2 -21 -2 -22 -3 -22 -3 -22 -4 -22 -5 -22 -5 -22 -6 -22 -6 -22 -6 -22 -6 -22 -6 -22 -6 -22 -6 -22 -6 -21 -5 -21 -5 -21 -5 -21 -5 -21 -5 -21 -4 -21 -4 -10 -2 -40 -8 -39 -10 -39 -11 -38 -9 -38 -8 -37 -6 -37 -5 -37 -5 -37 -5 -36 -4 -36 -3 -36 -3 -35 -2 -35 -2 -35 -2 -34 -1 -33 -1 -32 -1 -32 -2 -32 -2 -30 0 -29 0 -28 0 -28 1 -27 0 -26 -2 -25 -4 -25 -4 -7 -1 0 0 0 0 0 0 0 0 0 0 -8 0 -32 1 -33 0 -34 -3 -34 -5 -35 -7 -36 -7 -37 -8 -39 -9 -40 -10 -41 -11 -41 -11 -41 -12 -41 -14 -41 -15 -41 -16 -41 -16 -40 -15 -40 -15 -40 -15 -40 -15 -40 -13 -39 -12 -39 -12 -40 -12 -40 -12 -39 -11 -37 -10 -36 -10
1786806288.343885,1240,256,126 -32 7 0 -20 -11 -16 -9 -11 -8 -6 -7 0 -7 5 -8 9 -10 12 -12 15 -15 17 -18 18 -20 17 -22 17 -22 15 -22 13 -21 11 -19 10 -16 8 -12 7 -8 6 -4 5 1 5 4 6 8 7 11 7 13 2 3 0 0 0 0 0 0 0 0 0 0 0 0 0 0 0 0 0 0 0 0 2 3 -1 6 -4 9 -8 13 -10 17 -12 21 -13 25 -13 27 -13 28 -12 28 -10 27 -9 26 -8 22 -7 18 -6 12 -6 7 -6 2 -8 -4 -11 -9 -13 -14 -16 -17 -20 -19 -22 -20 -24 -20 -25 -19 -25 -18 -11 -8 -40 -29 -34 -24 -28 -20 -21 -16 -10 -14 1 -14 10 -15 18 -17 26 -21 32 -26 37 -30 38 -34 38 -37 37 -39 34 -39 30 -37 25 -33 22 -28 18 -23 15 -15 12 -5 10 3 9 10 9 17 11 23 12 28 12 30 11 30 2 7 0 0 0 0 0 0 0 0 0 0 4 -1 17 -3 12 1 5 6 -3 11 -11 17 -18 23 -24 30 -28 38 -31 44 -32 49 -32 51 -31 51 -29 49 -25 47 -22 40 -18 31 -15 22 -12 13 -12 3 -14 -9 -18 -20 -22 -29 -27 -36 -33 -40 -38 -41 -40 -41 -41 -39 -41 -35
1786806288.410531,1241,256,126 -32 7 0 23 6 18 5 13 4 7 5 1 7 -3 9 -7 12 -10 16 -12 20 -14 23 -14 26 -13 27 -12 28 -10 28 -8 26 -7 23 -6 19 -6 15 -6 10 -6 5 -6 0 -8 -4 -10 -8 -12 -11 -14 -13 -4 -4 0 0 0 0 0 0 0 0 0 0 0 0 0 0 0 0 0 0 -2 -1 -5 -3 -2 -7 1 -12 4 -17 5 -22 6 -26 7 -30 7 -33 6 -34 5 -34 4 -33 3 -31 2 -27 2 -22 2 -16 3 -10 5 -5 9 1 13 6 17 10 21 12 25 14 28 14 30 13 31 12 31 11 6 2 25 11 20 10 16 8 12 6 6 6 0 6 -5 8 -10 10 -13 13 -16 17 -17 20 -18 22 -18 24 -17 24 -15 24 -13 22 -11 19 -10 17 -9 13 -8 8 -6 3 -6 -2 -6 -5 -7 -9 -9 -13 -10 -15 -11 -16 -11 -16 -3 -4 0 0 0 0 0 0 0 0 0 0 -3 1 -10 3 -8 1 -5 -3 -1 -7 3 -11 6 -15 8 -19 10 -24 12 -27 12 -30 12 -31 10 -31 9 -31 8 -29 7 -25 6 -20 5 -15 4 -9 6 -4 8 2 11 8 14 12 17 16 21 18 24 18 26 17 26 15 25 13
1786806288.474408,1087,256,-125 48 8 0 5 22 4 17 1 12 -2 8 -6 4 -11 0 -15 -2 -20 -3 -24 -4 -28 -4 -30 -3 -31 -1 -31 0 -30 1 -28 2 -24 2 -21 2 -16 0 -11 -2 -7 -4 -2 -6 1 -8 4 -11 7 -14 8 -16 2 -5 0 0 0 0 0 0 0 0 0 0 0 0 0 0 0 0 0 0 -1 -2 0 -6 4 -6 10 -7 15 -8 20 -9 25 -11 28 -12 30 -14 31 -14 31 -14 29 -14 26 -14 22 -12 18 -9 13 -6 9 -2 5 3 2 8 0 14 -1 20 -1 24 -1 28 0 31 1 33 2 33 4 33 2 6 8 25 6 21 5 16 3 11 -1 7 -6 4 -10 1 -15 -1 -19 -1 -23 -1 -26 0 -29 1 -30 2 -30 4 -29 4 -26 4 -23 4 -19 4 -15 2 -11 0 -7 -3 -3 -6 0 -8 3 -12 5 -15 6 -17 7 -18 7 -18 2 -5 0 0 0 0 0 0 0 0 0 0 -3 -1 -10 -4 -6 -5 -1 -6 4 -6 9 -7 14 -8 19 -10 23 -11 26 -13 28 -15 29 -15 29 -15 27 -15 24 -15 20 -12 17 -9 12 -6 8 -2 5 2 3 7 1 14 0 19 0 24 1 27 3 29 4 30 5 29 6 27
1786806288.507715,3112,128,28 -64 1 0 1 24 1 19 -1 13 -3 8 -6 4 -10 -1 -14 -4 -19 -6 -23 -7 -27 -7 -29 -7 -31 -6 -31 -5 -30 -4 -28 -3 -25 -2 -21 -2 -16 -2 -11 -3 -6 -5 -2 -6 2 -8 6 -11 9 -13 10 -15 2 -4 0 0 0 0 0 0 0 0 0 0 0 0 0 0 0 0 0 0 -1 -2 0 -5 4 -5 10 -4 16 -4 21 -4 26 -5 30 -6 32 -7 34 -8 33 -8 32 -9 28 -9 24 -8 20 -6 14 -4 9 -1 5 3 1 8 -3 13 -5 19 -6 23 -6 27 -5 30 -4 32 -4 33 -3 33
1786806288.541033,3113,128,28 -64 1 0 11 21 8 17 5 13 1 9 -4 5 -9 3 -14 1 -19 1 -24 1 -27 2 -29 4 -30 5 -30 6 -29 7 -27 7 -23 7 -20 6 -16 4 -11 1 -7 -2 -4 -5 -1 -8 1 -11 3 -15 4 -17 1 -5 0 0 0 0 0 0 0 0 0 0 0 0 0 0 0 0 0 0 -1 -2 -2 -5 2 -6 7 -8 13 -10 17 -13 21 -15 24 -18 26 -20 27 -21 26 -22 24 -22 22 -21 19 -18 15 -15 12 -10 8 -6 6 0 4 6 3 13 3 19 4 24 5 28 8 30 9 31 10 32 11 31
1786806288.574416,1432,128,123 -77 55 0 -9 27 -8 26 -9 27 -11 27 -10 26 -8 24 -7 24 -7 23 -7 22 -7 21 -6 21 -6 21 -6 20 -6 20 -6 20 -6 19 -5 17 -5 18 -6 16 -8 13 -8 13 -9 12 -10 11 -8 11 -8 10 -2 2 0 0 0 0 0 0 0 0 0 0 0 0 0 0 0 0 0 0 -2 2 -5 9 -5 11 -6 12 -6 12 -4 13 -4 14 -6 15 -9 17 -10 18 -11 19 -10 18 -9 16 -8 18 -9 20 -11 21 -12 21 -13 23 -11 24 -11 24 -12 25 -12 24 -13 24 -13 27 -13 28 -14 28 -14 27
1786806288.613336,1433,128,-113 -13 56 0 -20 -26 -20 -26 -18 -23 -16 -22 -17 -20 -18 -19 -17 -20 -18 -20 -18 -18 -18 -18 -17 -19 -14 -18 -12 -18 -12 -19 -13 -17 -13 -14 -14 -13 -14 -15 -12 -15 -8 -15 -7 -14 -7 -13 -8 -11 -7 -9 -7 -9 -2 -3 0 0 0 0 0 0 0 0 0 0 0 0 0 0 0 0 0 0 -2 -4 -6 -13 -7 -13 -5 -14 -3 -14 -5 -15 -7 -16 -6 -16 -7 -15 -8 -15 -6 -18 -6 -21 -8 -22 -9 -22 -10 -22 -10 -24 -10 -22 -12 -21 -13 -20 -14 -20 -14 -22 -14 -26 -18 -28 -20 -27 -17 -28 -13 -27 -13 -26
1786806288.652262,1434,128,123 -77 55 0 -29 -13 -30 -11 -30 -9 -29 -7 -26 -6 -25 -7 -25 -8 -25 -8 -24 -7 -24 -6 -24 -7 -23 -7 -22 -6 -21 -5 -20 -5 -19 -6 -18 -8 -16 -7 -14 -6 -15 -7 -15 -6 -14 -6 -13 -7 -11 -9 -10 -9 -3 -2 0 0 0 0 0 0 0 0 0 0 0 0 0 0 0 0 0 0 -3 -1 -10 -2 -10 -3 -11 -5 -13 -6 -13 -7 -14 -7 -15 -7 -16 -8 -16 -7 -17 -7 -19 -8 -20 -11 -22 -11 -23 -9 -22 -9 -22 -10 -25 -11 -25 -11 -24 -11 -25 -9 -26 -8 -26 -10 -26 -12 -26 -14 -27 -14 -28 -13
1786806288.721694,1089,256,54 101 83 0 -17 14 -14 11 -11 7 -9 3 -7 -2 -6 -7 -6 -12 -7 -16 -9 -20 -11 -22 -13 -23 -14 -24 -16 -23 -16 -23 -16 -21 -15 -18 -13 -15 -9 -12 -6 -10 -3 -8 1 -5 5 -4 9 -4 12 -4 15 -3 3 -1 0 0 0 0 0 0 0 0 0 0 0 0 0 0 0 0 0 0 1 -1 4 -2 5 1 7 6 9 10 12 14 15 17 17 20 20 21 21 22 22 21 21 20 20 17 17 15 14 12 10 10 5 8 0 6 -6 6 -12 6 -17 7 -21 9 -24 11 -26 13 -27 15 -26 17 -24 17 -10 10 -35 37 -30 30 -24 23 -20 16 -15 9 -13 0 -12 -11 -13 -21 -16 -29 -20 -35 -23 -39 -27 -41 -30 -42 -33 -42 -35 -40 -35 -36 -32 -30 -26 -26 -19 -22 -12 -18 -6 -14 1 -10 8 -8 15 -8 23 -10 28 -10 30 -10 31 -9 8 -3 0 0 0 0 0 0 0 0 0 0 0 -6 2 -20 4 -15 7 -7 11 2 14 11 20 19 26 26 31 32 35 37 39 40 42 40 43 39 42 36 39 32 33 28 27 23 19 18 11 14 1 12 -10 12 -21 13 -30 16 -38 20 -44 23 -47 27 -47 32 -45 35 -41 35
1786806288.7577379,3116,128,28 -64 1 0 -19 15 -15 12 -13 8 -10 4 -8 -1 -8 -7 -9 -12 -10 -16 -13 -20 -15 -22 -18 -23 -20 -23 -21 -22 -22 -21 -21 -19 -19 -16 -16 -14 -13 -12 -8 -10 -4 -8 0 -7 5 -7 9 -7 13 -8 15 -9 4 -3 0 0 0 0 0 0 0 0 0 0 0 0 0 0 0 0 0 0 1 -1 6 -1 6 3 6 8 7 14 9 19 11 23 13 26 15 28 17 29 18 28 18 26 17 24 15 20 12 17 8 13 4 10 -1 7 -7 6 -13 6 -18 7 -23 8 -26 10 -28 12 -29 14 -29 16 -28 16
1786806288.791082,3120,128,28 -64 1 0 18 15 14 12 10 9 4 7 -1 6 -6 6 -12 7 -16 9 -20 11 -22 14 -23 16 -23 18 -23 19 -21 19 -19 18 -16 17 -14 14 -11 11 -9 6 -7 2 -5 -2 -5 -6 -5 -10 -6 -14 -6 -16 -2 -5 0 0 0 0 0 0 0 0 0 0 0 0 0 0 0 0 0 0 -2 -1 -4 -5 0 -7 5 -10 9 -13 13 -16 16 -20 18 -23 19 -26 20 -27 19 -27 17 -27 15 -26 13 -22 11 -18 9 -13 7 -8 6 -2 7 4 8 10 10 16 12 20 15 23 18 24 20 25 20 24 21 23
1786806288.827203,3122,128,28 -64 1 0 15 -19 15 -19 15 -19 15 -19 14 -19 14 -19 13 -19 13 -19 12 -20 12 -19 11 -19 11 -19 11 -19 11 -19 11 -19 10 -18 10 -18 10 -18 10 -18 9 -17 9 -16 8 -15 8 -15 9 -15 9 -14 2 -4 0 0 0 0 0 0 0 0 0 0 0 0 0 0 0 0 0 0 2 -5 10 -17 11 -17 12 -17 13 -17 14 -17 14 -18 15 -18 15 -18 16 -18 17 -18 17 -18 17 -17 18 -17 18 -17 18 -17 18 -17 17 -17 17 -18 18 -18 18 -18 18 -18 17 -18 16 -18 17 -18 17 -18 17 -17
1786806288.863335,1437,128,-113 -13 56 0 -34 -2 -34 -3 -31 -2 -29 -1 -29 -1 -30 1 -28 3 -25 5 -24 5 -25 4 -25 3 -24 3 -23 4 -22 5 -21 5 -20 4 -20 3 -19 3 -18 1 -16 1 -15 2 -15 2 -14 1 -14 -1 -14 -2 -4 -1 0 0 0 0 0 0 0 0 0 0 0 0 0 0 0 0 0 0 -4 -4 -11 -11 -10 -5 -13 -1 -17 -4 -16 -4 -16 -3 -15 -6 -16 -8 -18 -7 -18 -5 -21 -4 -24 -5 -24 -7 -23 -7 -24 -7 -27 -6 -27 -7 -26 -8 -27 -7 -27 -6 -27 -5 -28 -5 -29 -5 -30 -4 -32 -5 -34 -6
1786806288.89665,3124,128,28 -64 1 0 -25 -7 -21 -5 -15 -5 -10 -5 -4 -6 1 -9 5 -12 8 -15 11 -19 13 -22 13 -25 12 -26 11 -27 10 -27 8 -26 7 -23 6 -20 6 -16 5 -11 5 -7 5 -2 6 2 7 6 9 9 11 11 2 3 0 0 0 0 0 0 0 0 0 0 0 0 0 0 0 0 0 0 1 0 4 1 2 4 -1 9 -3 14 -5 19 -6 24 -7 28 -7 31 -6 33 -5 34 -4 33 -3 30 -3 26 -3 21 -3 16 -4 11 -5 5 -8 0 -12 -6 -16 -10 -21 -13 -25 -14 -28 -15 -30 -15 -31 -14 -31 -13
1786806288.9300292,3125,128,28 -64 1 0 -21 -12 -17 -10 -13 -8 -7 -7 -1 -7 4 -8 8 -10 12 -13 15 -15 18 -18 19 -20 18 -22 17 -23 16 -24 14 -23 11 -20 10 -17 8 -14 7 -9 6 -5 5 0 5 4 6 8 7 11 8 13 2 3 0 0 0 0 0 0 0 0 0 0 0 0 0 0 0 0 0 0 1 0 4 3 1 6 -4 9 -7 13 -10 18 -13 22 -15 25 -16 28 -15 29 -14 30 -13 29 -12 27 -10 24 -9 19 -7 14 -7 8 -7 3 -9 -3 -11 -9 -13 -14 -17 -18 -20 -20 -23 -21 -25 -21 -26 -20 -27 -19
1786806288.9966831,1090,256,54 101 83 0 -4 -26 -4 -21 -2 -16 1 -11 5 -7 9 -3 13 -1 17 0 22 0 25 0 28 -1 29 -2 29 -4 28 -5 26 -6 23 -6 20 -5 16 -4 12 -2 8 1 4 4 1 7 -1 10 -2 14 -3 16 -1 4 0 0 0 0 0 0 0 0 0 0 0 0 0 0 0 0 0 0 -1 1 -2 5 -6 4 -11 1 -17 -1 -22 -2 -27 -2 -30 -1 -33 0 -35 0 -35 1 -34 3 -31 4 -27 3 -22 2 -18 1 -12 -1 -7 -4 -3 -9 0 -14 3 -19 4 -24 4 -28 3 -31 2 -33 1 -34 0 -34 -1 -8 -2 -29 -2 -25 -2 -20 -1 -15 2 -11 5 -7 9 -3 13 0 17 1 21 1 24 1 26 0 28 -1 28 -3 27 -3 25 -4 23 -4 19 -4 15 -4 11 -2 7 1 4 4 1 6 -1 10 -2 13 -3 15 -4 16 -5 17 -2 4 0 0 0 0 0 0 0 0 0 0 1 2 4 10 2 8 -2 6 -6 3 -11 0 -16 -2 -21 -4 -25 -4 -29 -4 -32 -4 -33 -3 -33 -3 -32 -1 -30 1 -26 1 -22 0 -17 -1 -11 -2 -6 -5 -2 -9 1 -14 4 -19 6 -23 6 -26 5 -29 4 -31 3 -31 2 -30
1786806289.0299451,3126,128,28 -64 1 0 -22 13 -18 10 -15 7 -11 3 -8 -2 -7 -7 -6 -12 -7 -17 -8 -21 -10 -24 -12 -26 -14 -26 -16 -26 -17 -25 -17 -22 -16 -19 -13 -16 -10 -14 -6 -11 -3 -8 1 -7 5 -5 9 -5 13 -5 15 -6 3 -2 0 0 0 0 0 0 0 0 0 0 0 0 0 0 0 0 0 0 1 -1 5 -1 5 3 5 9 5 14 6 20 8 24 9 28 11 30 12 31 14 31 14 30 13 27 12 23 10 19 7 15 3 11 -2 8 -7 5 -13 4 -19 4 -24 4 -28 6 -31 7 -32 9 -32 11 -32 12
1786806289.063314,3128,128,28 -64 1 0 -10 23 -8 18 -7 13 -7 8 -8 3 -10 -2 -12 -7 -16 -10 -19 -13 -22 -14 -25 -14 -26 -13 -28 -12 -28 -11 -26 -9 -24 -7 -20 -6 -16 -6 -11 -6 -7 -6 -3 -7 1 -8 5 -10 8 -12 10 -14 2 -4 0 0 0 0 0 0 0 0 0 0 0 0 0 0 0 0 0 0 0 -2 4 -5 6 -1 9 3 13 8 16 11 20 13 23 15 26 16 28 16 29 16 29 14 27 12 24 10 20 8 15 7 9 6 3 6 -3 8 -8 11 -13 14 -16 17 -18 21 -19 24 -19 26 -19 27 -18 27
1786806289.0966358,3129,128,28 -64 1 0 24 2 19 2 14 2 9 3 3 4 -2 7 -6 11 -9 15 -11 18 -13 21 -13 24 -12 26 -11 27 -10 27 -8 25 -6 23 -6 19 -5 15 -5 11 -5 6 -5 1 -6 -3 -8 -7 -10 -10 -11 -12 -3 -4 0 0 0 0 0 0 0 0 0 0 0 0 0 0 0 0 0 0 -2 0 -5 -1 -4 -5 -2 -11 -1 -16 0 -21 0 -25 0 -29 -1 -32 -2 -34 -2 -34 -3 -33 -3 -30 -3 -26 -2 -22 -1 -16 0 -11 3 -6 7 -1 12 3 16 7 21 9 25 10 28 10 30 10 31 9 31 8
1786806289.1299698,3130,128,28 -64 1 0 -14 17 -12 13 -9 9 -7 5 -6 0 -6 -5 -6 -10 -8 -14 -10 -18 -11 -21 -13 -22 -15 -22 -16 -22 -16 -21 -16 -20 -15 -17 -12 -14 -9 -12 -6 -9 -3 -7 1 -5 4 -3 8 -2 12 -2 14 -1 3 -1 0 0 0 0 0 0 0 0 0 0 0 0 0 0 0 0 0 0 0 -2 2 -5 4 -2 8 1 12 4 16 7 20 9 23 10 25 11 27 12 28 11 27 10 24 9 21 8 17 6 12 5 8 5 2 5 -3 6 -9 8 -13 10 -17 13 -19 15 -21 18 -22 20 -21 21 -18 22
1786806289.166065,1443,128,96 0 6 0 14 -25 13 -25 13 -25 13 -25 13 -23 12 -21 11 -24 11 -25 11 -23 10 -20 11 -20 11 -20 11 -19 11 -18 11 -17 9 -18 8 -18 8 -15 8 -13 8 -13 8 -14 9 -12 10 -10 10 -9 9 -9 2 -2 0 0 0 0 0 0 0 0 0 0 0 0 0 0 0 0 0 0 0 -3 3 -11 3 -9 5 -9 8 -11 6 -12 4 -13 5 -13 8 -15 10 -17 10 -17 11 -17 13 -17 14 -16 13 -16 13 -19 14 -21 14 -22 15 -22 16 -22 15 -23 15 -25 15 -26 16 -26 19 -27 19 -28 18 -29
1786806289.205057,1444,128,96 0 6 0 -27 -19 -25 -20 -23 -19 -23 -18 -22 -16 -22 -14 -22 -14 -22 -15 -20 -14 -19 -11 -20 -10 -20 -11 -20 -12 -19 -12 -18 -10 -17 -9 -16 -10 -17 -10 -14 -11 -11 -10 -11 -9 -11 -8 -11 -7 -10 -7 -9 -8 -2 -3 0 0 0 0 0 0 0 0 0 0 0 0 0 0 0 0 0 0 -4 -2 -13 -8 -12 -9 -10 -10 -10 -9 -11 -7 -12 -8 -12 -12 -13 -14 -13 -16 -14 -14 -17 -10 -17 -12 -15 -16 -16 -17 -17 -17 -17 -18 -16 -19 -16 -19 -18 -19 -19 -18 -20 -18 -21 -19 -22 -19 -23 -18 -23 -18 -25 -19
1786806289.2466738,1445,128,96 0 6 0 -26 -18 -26 -17 -26 -15 -25 -15 -24 -16 -23 -15 -23 -15 -23 -14 -22 -13 -21 -13 -20 -12 -18 -11 -18 -12 -20 -12 -20 -12 -17 -11 -15 -11 -15 -11 -15 -11 -13 -11 -11 -11 -10 -10 -9 -10 -8 -10 -8 -10 -2 -3 0 0 0 0 0 0 0 0 0 0 0 0 0 0 0 0 0 0 -3 -2 -12 -5 -11 -3 -11 -3 -11 -6 -12 -8 -13 -8 -14 -9 -16 -10 -16 -11 -17 -10 -18 -10 -19 -12 -18 -13 -17 -14 -18 -15 -18 -16 -19 -17 -20 -15 -21 -13 -21 -13 -22 -14 -24 -16 -26 -16 -26 -14 -25 -15 -24 -15
1786806289.277228,3134,128,28 -64 1 0 7 22 6 18 3 14 -1 10 -5 8 -10 5 -15 5 -19 5 -23 6 -26 8 -28 10 -29 12 -28 13 -27 14 -24 14 -21 13 -18 11 -15 8 -12 4 -9 0 -7 -4 -6 -8 -6 -12 -6 -15 -6 -18 -2 -5 0 0 0 0 0 0 0 0 0 0 0 0 0 0 0 0 0 0 0 -2 3 -6 6 -4 11 -2 16 0 21 1 26 1 30 0 32 -1 33 -1 33 -2 32 -4 29 -5 25 -4 21 -3 16 -2 11 1 7 4 3 9 0 14 -1 19 -1 24 -1 28 1 30 2 32 4 32 5 32
1786806289.310534,1677,128,28 -64 1 0 -1 24 0 25 2 25 4 24 6 23 6 20 6 19 6 17 4 16 2 16 -1 19 -3 21 -4 23 -5 26 -5 28 -6 29 -5 30 -3 31 -3 31 -3 30 -3 29 -4 26 -6 23 -9 18 -11 15 -3 3 0 0 0 0 0 0 0 0 0 0 0 0 0 0 0 0 0 0 0 3 2 15 2 16 2 15 1 14 0 14 -1 14 -2 11 -3 9 -5 8 -7 8 -9 8 -10 7 -10 7 -10 8 -12 9 -13 11 -12 14 -10 16 -8 16 -8 16 -9 16 -8 17 -7 18 -7 18 -7 19 -7 18
1786806289.343915,1678,128,28 -64 1 0 17 -21 16 -23 14 -25 10 -25 7 -24 5 -22 4 -19 4 -17 6 -15 9 -13 12 -12 16 -11 21 -12 24 -14 26 -16 27 -18 28 -19 29 -20 26 -20 24 -18 23 -16 22 -13 20 -8 18 -3 16 2 4 0 0 0 0 0 0 0 0 0 0 0 0 0 0 0 0 0 0 0 -3 -5 -10 -17 -11 -17 -10 -16 -7 -12 -5 -10 -4 -10 -3 -9 1 -7 6 -8 11 -8 13 -9 14 -9 16 -10 17 -12 17 -14 15 -15 12 -15 10 -15 11 -14 11 -14 12 -14 13 -13 13 -11 15 -11 17 -13 18 -15
1786806289.377256,3135,128,28 -64 1 0 -24 -4 -20 -3 -15 -4 -9 -5 -4 -7 0 -10 4 -13 6 -17 8 -21 8 -25 8 -27 7 -28 5 -29 4 -29 2 -27 1 -24 1 -20 2 -16 3 -12 3 -7 5 -3 7 1 10 4 12 6 14 7 3 2 0 0 0 0 0 0 0 0 0 0 0 0 0 0 0 0 0 0 1 0 4 3 1 6 -2 10 -5 15 -6 20 -7 24 -8 28 -7 31 -6 32 -5 32 -4 31 -4 28 -3 24 -3 20 -3 15 -4 9 -6 4 -9 -1 -13 -5 -18 -9 -22 -11 -26 -12 -29 -12 -31 -12 -32 -10 -32 -9
1786806289.44944,1091,256,54 101 83 0 -22 -12 -17 -10 -13 -9 -7 -8 -2 -9 3 -11 7 -13 10 -17 12 -20 14 -23 13 -25 12 -27 11 -28 9 -28 7 -26 5 -23 5 -20 4 -16 5 -11 5 -7 6 -2 7 1 10 4 13 7 15 8 3 2 0 0 0 0 0 0 0 0 0 0 0 0 0 0 0 0 0 0 0 1 1 6 -3 7 -8 9 -13 11 -17 13 -20 17 -23 20 -24 22 -24 23 -23 24 -21 24 -19 22 -17 19 -14 15 -12 11 -10 6 -9 1 -10 -5 -12 -11 -14 -16 -17 -19 -20 -22 -23 -23 -25 -23 -26 -21 -26 -20 -13 -6 -48 -23 -42 -20 -33 -17 -25 -14 -14 -14 -3 -17 6 -21 13 -26 18 -32 22 -40 23 -46 23 -50 21 -53 18 -55 15 -54 12 -50 8 -44 7 -39 7 -32 8 -23 9 -12 11 -4 15 3 20 8 25 13 28 15 30 17 31 18 7 4 0 0 0 0 0 0 0 0 0 0 5 1 20 6 14 8 5 11 -5 15 -14 18 -23 23 -29 29 -35 36 -40 42 -42 46 -42 49 -40 49 -37 48 -33 46 -28 40 -24 32 -20 23 -17 13 -16 3 -19 -8 -23 -20 -27 -29 -34 -35 -40 -39 -46 -39 -49 -38 -50 -34 -49 -29
1786806289.521657,1092,256,54 101 83 0 -21 -13 -17 -11 -12 -9 -7 -9 -1 -9 4 -11 8 -13 11 -16 14 -19 15 -22 15 -25 14 -26 13 -27 11 -27 9 -25 7 -22 6 -19 6 -16 5 -11 5 -6 6 -2 7 2 9 6 12 8 14 10 3 2 0 0 0 0 0 0 0 0 0 0 0 0 0 0 0 0 0 0 0 1 1 6 -3 7 -8 9 -13 11 -17 14 -20 17 -22 20 -24 22 -24 23 -23 24 -21 24 -19 23 -16 20 -14 16 -11 11 -10 6 -9 1 -10 -5 -11 -11 -13 -16 -16 -20 -19 -22 -22 -23 -24 -23 -25 -22 -25 -21 -12 -9 -43 -32 -37 -28 -30 -23 -23 -19 -12 -17 0 -18 10 -19 17 -23 24 -28 30 -34 32 -40 32 -45 31 -48 29 -50 25 -49 21 -46 18 -41 15 -36 13 -30 12 -21 12 -10 13 -1 14 6 17 12 21 17 24 21 26 23 26 24 6 6 0 0 0 0 0 0 0 0 0 0 5 2 18 11 11 11 3 12 -6 13 -17 15 -27 18 -35 23 -42 28 -48 33 -50 37 -51 39 -49 40 -46 41 -41 39 -36 34 -31 26 -25 18 -19 10 -17 0 -18 -11 -19 -24 -22 -34 -27 -41 -32 -45 -38 -47 -41 -47 -42 -43 -42 -39
1786806289.5856068,1093,256,-125 48 8 0 -24 8 -20 6 -16 4 -12 0 -8 -4 -6 -9 -5 -14 -5 -19 -7 -23 -8 -26 -10 -28 -12 -28 -13 -28 -14 -27 -15 -24 -14 -21 -11 -18 -8 -15 -5 -12 -1 -10 2 -7 6 -6 10 -6 14 -6 16 -6 4 -2 0 0 0 0 0 0 0 0 0 0 0 0 0 0 0 0 0 0 1 0 6 2 4 6 2 11 1 16 0 21 0 26 1 30 2 32 4 34 5 34 6 32 6 29 5 25 4 21 2 16 -1 11 -5 7 -10 4 -15 1 -21 0 -25 0 -29 0 -32 2 -34 4 -34 5 -34 6 -8 3 -27 11 -23 8 -19 7 -15 5 -11 1 -8 -4 -6 -8 -6 -13 -6 -18 -7 -22 -9 -25 -10 -26 -12 -27 -14 -26 -15 -25 -15 -23 -14 -19 -12 -17 -8 -15 -5 -12 -2 -9 1 -7 5 -6 9 -6 13 -6 15 -7 16 -6 17 -6 4 -2 0 0 0 0 0 0 0 0 0 0 2 -2 9 -7 7 -4 6 0 4 5 2 10 1 16 1 20 2 25 2 28 3 31 5 32 6 32 6 30 6 27 5 24 4 20 2 15 0 11 -4 7 -9 4 -14 2 -19 0 -24 1 -28 2 -31 4 -32 6 -31 8 -28 9
1786806289.618835,3136,128,28 -64 1 0 24 3 20 3 15 3 9 4 4 6 0 10 -3 14 -5 18 -7 22 -7 25 -6 27 -5 29 -4 29 -2 29 0 27 0 24 0 21 -1 17 -3 12 -4 8 -6 4 -9 0 -12 -2 -15 -4 -17 -5 -5 -2 0 0 0 0 0 0 0 0 0 0 0 0 0 0 0 0 0 0 -2 -1 -5 -5 -2 -8 2 -12 6 -16 8 -21 10 -25 11 -29 11 -31 11 -33 9 -33 8 -33 7 -30 6 -27 5 -22 4 -17 5 -11 6 -6 9 0 13 5 17 9 21 11 26 12 29 12 31 12 32 10 32 8
1786806289.652205,3139,128,28 -64 1 0 -14 17 -11 14 -9 9 -8 5 -8 0 -8 -4 -10 -9 -12 -13 -15 -16 -17 -17 -20 -17 -21 -17 -22 -17 -22 -16 -21 -14 -19 -11 -16 -10 -12 -8 -8 -8 -4 -7 -1 -6 3 -7 7 -8 10 -9 12 -10 3 -3 0 0 0 0 0 0 0 0 0 0 0 0 0 0 0 0 0 0 1 -1 4 -3 5 0 7 5 10 9 12 13 15 16 18 18 20 19 22 20 23 19 22 18 21 15 18 13 15 11 11 9 6 8 1 7 -4 7 -10 8 -14 10 -18 12 -21 15 -22 17 -22 20 -22 21 -20 21
1786806289.685556,3140,128,28 -64 1 0 -9 -24 -7 -20 -4 -15 0 -11 4 -8 9 -6 13 -5 18 -5 22 -6 25 -8 27 -10 27 -12 27 -13 26 -14 23 -14 20 -13 17 -12 14 -9 11 -5 8 -1 6 2 4 6 4 10 4 14 4 16 1 4 0 0 0 0 0 0 0 0 0 0 0 0 0 0 0 0 0 0 -1 1 -3 5 -7 4 -12 1 -17 0 -22 -1 -26 -1 -30 0 -33 1 -34 2 -34 3 -33 4 -30 5 -26 5 -22 3 -17 1 -12 -1 -8 -5 -4 -10 -2 -15 0 -20 0 -25 -1 -29 -2 -31 -4 -33 -5 -33 -6 -33
1786806289.7189162,3141,128,28 -64 1 0 -25 -6 -20 -5 -15 -5 -10 -6 -5 -8 0 -11 3 -14 6 -18 8 -22 8 -26 8 -28 7 -30 5 -30 4 -30 2 -28 1 -24 1 -21 2 -17 3 -12 4 -8 6 -3 8 0 11 3 14 5 16 7 4 1 0 0 0 0 0 0 0 0 0 0 0 0 0 0 0 0 0 0 1 0 4 3 1 6 -3 10 -7 14 -10 18 -11 23 -12 26 -13 29 -12 31 -11 31 -10 31 -9 29 -7 25 -6 21 -6 16 -6 10 -7 5 -10 -1 -13 -6 -17 -10 -21 -13 -25 -14 -28 -15 -30 -14 -31 -13 -31 -12
1786806289.749451,3142,128,28 -64 1 0 23 -3 18 -3 14 -1 9 1 5 5 2 9 0 13 -1 18 0 22 0 25 1 27 3 28 5 29 6 28 7 26 7 23 5 19 3 16 0 12 -2 8 -5 4 -8 2 -12 1 -16 0 -18 -1 -5 -1 0 0 0 0 0 0 0 0 0 0 0 0 0 0 0 0 0 0 -2 -1 -5 -4 -3 -7 -1 -12 1 -17 3 -22 4 -26 4 -30 3 -32 2 -34 1 -34 0 -32 -1 -29 -1 -25 0 -21 0 -16 2 -11 5 -6 9 -2 14 2 18 4 23 5 26 5 29 4 31 3 31 2 31 1
1786806289.780051,3146,128,28 -64 1 0 5 23 4 18 2 14 -1 9 -5 6 -10 3 -14 1 -19 0 -23 0 -27 1 -29 2 -30 4 -30 6 -29 7 -27 7 -24 7 -20 6 -17 4 -13 1 -9 -2 -5 -5 -3 -8 -1 -12 1 -16 2 -18 0 -5 0 0 0 0 0 0 0 0 0 0 0 0 0 0 0 0 0 0 0 -2 2 -6 6 -5 11 -4 16 -3 21 -3 26 -3 29 -4 32 -5 33 -6 33 -6 31 -7 28 -8 24 -7 20 -5 15 -3 10 0 6 3 2 8 -1 14 -2 19 -3 23 -2 27 -1 30 0 32 1 33 2 33
1786806289.813334,3153,128,28 -64 1 0 1 -24 0 -20 1 -14 3 -9 6 -5 9 0 13 3 17 5 21 6 25 6 27 5 28 4 29 3 28 1 26 0 23 -1 19 -1 15 0 11 1 6 3 2 5 -1 7 -4 10 -6 13 -7 15 -2 4 0 0 0 0 0 0 0 0 0 0 0 0 0 0 0 0 0 0 -1 1 -4 4 -8 2 -12 -1 -17 -3 -22 -5 -26 -5 -29 -6 -32 -5 -34 -5 -34 -4 -32 -3 -29 -2 -25 -2 -21 -2 -15 -3 -10 -4 -5 -6 0 -10 4 -14 7 -19 9 -23 9 -27 9 -30 8 -32 7 -33 6 -32
1786806289.877217,1095,256,54 101 83 0 12 21 9 17 6 13 1 10 -4 8 -9 6 -13 6 -18 7 -22 9 -25 11 -26 13 -27 15 -26 16 -25 17 -22 16 -19 15 -16 13 -14 10 -11 6 -9 1 -7 -3 -6 -7 -6 -11 -7 -14 -8 -17 -2 -5 0 0 0 0 0 0 0 0 0 0 0 0 0 0 0 0 0 0 0 -2 1 -7 5 -6 10 -5 16 -4 21 -5 25 -6 29 -7 31 -9 32 -10 32 -11 30 -12 27 -13 24 -11 20 -9 15 -6 11 -2 7 2 5 7 4 14 3 19 4 24 5 28 7 30 9 31 10 31 11 30 1 7 6 26 5 22 4 18 3 14 -1 10 -6 7 -10 4 -14 3 -18 2 -23 3 -26 5 -27 6 -28 8 -28 9 -27 9 -25 9 -21 9 -18 8 -15 6 -12 3 -9 -1 -6 -4 -4 -8 -3 -11 -3 -15 -3 -17 -3 -18 -2 -19 -1 -5 0 0 0 0 0 0 0 0 0 0 -2 -3 -6 -10 -2 -9 2 -7 6 -4 10 -2 15 0 20 1 24 1 28 0 30 -1 32 -1 32 -2 30 -4 28 -5 24 -4 20 -3 16 -2 11 0 7 3 3 8 0 14 -2 19 -3 23 -2 27 0 29 1 30 2 30 4 28
1786806289.9105222,3154,128,28 -64 1 0 20 7 16 6 12 6 6 6 1 7 -3 9 -6 12 -9 15 -10 18 -11 21 -11 23 -10 25 -8 25 -7 25 -5 24 -4 21 -4 18 -4 14 -4 10 -5 5 -6 1 -8 -2 -10 -4 -13 -6 -15 -7 -4 -2 0 0 0 0 0 0 0 0 0 0 0 0 0 0 0 0 0 0 -1 -2 -3 -6 0 -8 5 -10 8 -13 12 -16 14 -19 16 -22 17 -24 17 -26 16 -26 14 -26 12 -24 11 -21 9 -17 8 -12 7 -8 7 -3 9 3 11 8 13 12 17 15 20 16 23 17 25 16 25 15 25 14
1786806289.9411578,3155,128,28 -64 1 0 15 15 15 15 15 14 15 14 15 13 15 12 16 12 16 12 17 12 16 11 16 11 16 11 16 10 16 10 16 10 16 10 16 10 16 10 15 10 14 9 14 8 13 8 13 8 12 8 12 9 3 2 0 0 0 0 0 0 0 0 0 0 0 0 0 0 0 0 0 0 3 2 13 11 13 11 13 12 13 13 13 14 13 14 14 15 14 16 14 16 13 17 13 17 13 17 13 18 13 18 13 17 13 17 14 17 14 17 14 17 14 16 14 16 15 16 15 16 14 16 14 15 14 15
1786806289.980076,3157,128,28 -64 1 0 20 -13 20 -13 20 -13 19 -14 19 -14 19 -14 18 -14 18 -15 17 -15 17 -15 16 -15 16 -15 16 -15 16 -15 16 -15 15 -15 16 -14 16 -14 15 -14 15 -13 14 -13 13 -12 13 -12 13 -11 13 -11 3 -3 0 0 0 0 0 0 0 0 0 0 0 0 0 0 0 0 0 0 3 -4 14 -14 15 -14 16 -14 17 -14 18 -13 18 -13 19 -13 19 -13 20 -13 20 -13 21 -13 21 -12 21 -12 21 -12 21 -12 21 -12 21 -12 21 -13 22 -13 22 -13 22 -13 21 -13 21 -13 21 -13 20 -13 19 -13
1786806290.010535,3158,128,28 -64 1 0 21 0 22 0 21 0 21 -1 21 -1 21 -1 21 -2 21 -2 21 -2 20 -2 20 -3 19 -3 20 -3 20 -3 19 -3 19 -3 19 -3 19 -3 18 -3 17 -3 16 -3 15 -3 15 -3 15 -2 15 -1 3 -1 0 0 0 0 0 0 0 0 0 0 0 0 0 0 0 0 0 0 4 -1 18 -3 18 -2 18 -1 19 -1 19 0 20 0 21 0 21 1 21 1 21 1 22 2 22 2 22 3 22 3 22 3 22 2 22 2 22 2 22 2 22 2 22 2 22 1 22 1 22 1 22 1 22 2
1786806290.0467489,3159,128,28 -64 1 0 -8 -21 -8 -21 -8 -20 -8 -20 -8 -20 -8 -20 -9 -19 -10 -19 -10 -19 -10 -18 -11 -18 -10 -18 -10 -18 -10 -17 -10 -17 -10 -17 -10 -17 -10 -17 -9 -17 -9 -16 -8 -15 -8 -14 -8 -14 -8 -14 -7 -14 -2 -4 0 0 0 0 0 0 0 0 0 0 0 0 0 0 0 0 0 0 -3 -4 -9 -16 -8 -16 -8 -17 -7 -18 -7 -19 -8 -19 -7 -20 -7 -20 -6 -20 -6 -21 -7 -21 -7 -21 -6 -22 -6 -22 -6 -22 -6 -21 -7 -21 -7 -21 -6 -22 -6 -22 -6 -22 -7 -22 -7 -21 -7 -21 -7 -21 -7 -20
1786806290.082784,3159,128,28 -64 1 0 8 -21 8 -21 8 -20 8 -20 7 -21 7 -21 6 -20 6 -21 5 -21 5 -21 4 -20 4 -20 4 -20 4 -20 4 -20 4 -20 4 -19 4 -19 4 -19 4 -18 3 -17 3 -16 3 -16 4 -16 4 -16 1 -4 0 0 0 0 0 0 0 0 0 0 0 0 0 0 0 0 0 0 1 -5 5 -18 5 -18 6 -18 7 -18 7 -19 7 -19 8 -19 8 -20 9 -20 10 -20 10 -20 10 -20 11 -20 11 -20 11 -20 10 -20 10 -20 10 -20 10 -20 10 -20 10 -21 10 -21 9 -20 9 -20 9 -20 9 -19
1786806290.110645,3159,128,28 -64 1 0 9 19 10 19 10 19 9 18 10 18 10 18 11 17 11 17 12 17 12 16 12 16 12 16 12 16 12 16 11 15 11 15 11 15 11 15 11 15 10 14 10 13 10 12 9 12 9 13 8 13 2 3 0 0 0 0 0 0 0 0 0 0 0 0 0 0 0 0 0 0 2 3 9 14 9 15 9 16 8 16 8 17 8 18 8 19 8 19 8 20 7 20 8 20 8 20 7 21 7 21 7 21 7 20 8 20 8 20 7 20 7 21 8 21 8 20 9 20 9 20 8 19 8 19
1786806290.146726,1447,128,96 0 6 0 -35 0 -34 0 -30 0 -28 -1 -27 0 -26 1 -25 0 -25 0 -25 1 -24 1 -24 2 -23 2 -22 0 -22 0 -23 1 -22 1 -19 0 -18 -1 -19 -1 -17 -1 -15 -1 -14 -1 -13 0 -12 -2 -11 -5 -3 -2 0 0 0 0 0 0 0 0 0 0 0 0 0 0 0 0 0 0 -3 0 -12 -1 -13 -3 -13 -5 -13 -4 -13 -3 -14 -4 -16 -6 -18 -6 -18 -6 -19 -4 -21 -5 -23 -10 -22 -10 -23 -7 -24 -6 -23 -7 -22 -7 -22 -7 -23 -7 -26 -8 -28 -6 -27 -5 -27 -4 -28 -1 -29 -1 -30 -3
1786806290.1883898,1448,128,96 0 6 0 -24 -18 -23 -18 -23 -17 -22 -15 -22 -15 -21 -15 -19 -14 -18 -12 -19 -11 -19 -12 -18 -12 -17 -11 -16 -11 -16 -12 -16 -11 -14 -11 -12 -12 -13 -11 -12 -10 -11 -10 -11 -10 -9 -10 -8 -11 -7 -11 -6 -9 -2 -2 0 0 0 0 0 0 0 0 0 0 0 0 0 0 0 0 0 0 -3 -2 -9 -7 -9 -7 -11 -10 -12 -12 -12 -10 -11 -9 -11 -10 -11 -11 -13 -13 -15 -15 -15 -15 -14 -15 -15 -15 -15 -15 -15 -16 -16 -15 -18 -14 -19 -15 -17 -16 -16 -17 -17 -16 -20 -17 -21 -18 -21 -18 -22 -18 -24 -19
1786806290.224444,1679,128,28 -64 1 0 19 -15 18 -15 16 -16 15 -17 15 -17 15 -17 15 -16 15 -15 14 -15 14 -15 15 -15 16 -16 17 -16 19 -16 19 -17 19 -17 18 -17 17 -18 18 -17 18 -15 18 -14 17 -12 16 -9 16 -6 15 -3 3 -1 0 0 0 0 0 0 0 0 0 0 0 0 0 0 0 0 0 0 1 -4 7 -15 8 -17 8 -17 8 -16 8 -16 8 -15 8 -13 8 -11 9 -9 10 -7 11 -6 12 -4 14 -3 16 -2 18 -2 19 -3 20 -4 22 -7 23 -8 22 -9 22 -11 21 -12 20 -13 20 -14 20 -15 20 -15
1786806290.2578182,656,128,-117 -78 40 0 0 -12 0 -12 0 -12 0 -12 0 -12 -1 -12 -1 -12 -1 -12 -2 -12 -2 -12 -2 -12 -2 -12 -2 -12 -2 -11 -2 -11 -2 -11 -2 -11 -2 -11 -2 -10 -2 -10 -2 -10 -2 -10 -2 -9 -2 -9 -1 -9 -1 -3 0 0 0 0 0 0 0 0 0 0 0 0 0 0 0 0 0 0 -1 -3 -1 -11 -1 -11 0 -11 0 -11 0 -12 0 -12 0 -12 1 -13 1 -13 1 -13 2 -13 2 -13 2 -13 2 -13 2 -13 2 -13 2 -12 2 -13 2 -12 1 -12 1 -12 1 -12 1 -12 1 -12 1 -12 1 -12
1786806290.2994828,3179,128,28 -64 1 0 -18 -17 -19 -17 -19 -16 -18 -16 -18 -15 -18 -15 -19 -15 -19 -14 -20 -14 -20 -14 -20 -14 -19 -13 -19 -13 -19 -13 -19 -12 -18 -12 -19 -12 -19 -12 -18 -12 -17 -11 -16 -10 -15 -10 -15 -10 -15 -11 -15 -11 -4 -3 0 0 0 0 0 0 0 0 0 0 0 0 0 0 0 0 0 0 -5 -3 -17 -11 -17 -12 -17 -13 -16 -14 -17 -15 -18 -16 -18 -16 -18 -17 -18 -17 -17 -18 -17 -18 -17 -19 -17 -19 -17 -20 -17 -20 -17 -19 -17 -19 -17 -19 -17 -19 -17 -19 -18 -19 -18 -18 -19 -18 -18 -18 -18 -18 -18 -18
1786806290.329972,3179,128,28 -64 1 0 22 8 22 8 22 7 22 7 22 6 22 6 22 5 22 5 23 5 22 5 22 4 21 4 21 4 22 4 22 4 21 4 21 4 21 4 21 4 19 4 18 3 18 3 17 4 17 4 17 5 4 1 0 0 0 0 0 0 0 0 0 0 0 0 0 0 0 0 0 0 4 0 19 3 19 4 20 5 20 6 21 6 21 7 22 8 22 8 22 9 22 9 22 10 22 10 22 11 21 12 21 11 21 10 21 10 21 10 21 10 22 10 22 10 22 9 22 9 22 9 22 9 23 9
1786806290.366289,3180,128,28 -64 1 0 20 -14 20 -13 19 -14 19 -14 19 -15 18 -15 18 -15 17 -15 17 -16 16 -16 16 -16 15 -16 15 -16 16 -16 15 -16 15 -16 15 -15 15 -15 14 -15 14 -14 13 -14 12 -13 12 -13 13 -12 13 -12 3 -3 0 0 0 0 0 0 0 0 0 0 0 0 0 0 0 0 0 0 3 -4 14 -14 15 -13 16 -13 17 -13 18 -13 18 -13 19 -13 19 -13 20 -13 21 -13 21 -13 21 -12 21 -12 22 -11 21 -12 21 -12 21 -12 21 -13 22 -13 22 -13 21 -13 21 -13 20 -13 20 -13 20 -13 19 -14
1786806290.399575,3183,128,28 -64 1 0 -20 -16 -16 -14 -12 -11 -6 -9 -1 -8 5 -9 9 -10 14 -12 17 -15 19 -18 20 -20 20 -22 19 -23 18 -23 16 -22 13 -20 12 -17 10 -14 8 -9 7 -5 6 0 6 4 7 8 8 11 9 14 2 3 0 0 0 0 0 0 0 0 0 0 0 0 0 0 0 0 0 0 0 1 1 5 -2 6 -8 8 -12 11 -17 14 -20 17 -22 20 -24 23 -24 24 -23 25 -21 25 -19 24 -16 21 -13 17 -11 12 -9 7 -8 1 -8 -5 -9 -12 -11 -17 -13 -21 -16 -24 -20 -26 -22 -26 -23 -25 -23 -24
1786806290.4358149,3183,128,28 -64 1 0 -17 -17 -14 -14 -10 -11 -5 -9 0 -9 5 -8 9 -9 13 -11 16 -13 18 -16 19 -18 19 -19 18 -21 17 -21 15 -20 12 -18 11 -16 9 -13 8 -9 7 -4 6 0 6 3 7 7 8 10 9 12 2 3 0 0 0 0 0 0 0 0 0 0 0 0 0 0 0 0 0 0 0 1 0 5 -4 5 -9 6 -13 7 -18 9 -21 11 -24 13 -26 15 -26 17 -26 17 -24 18 -22 17 -19 15 -16 12 -13 8 -10 4 -8 0 -7 -6 -7 -12 -8 -17 -10 -21 -12 -24 -15 -25 -16 -26 -17 -26 -18 -25
1786806290.468896,3184,128,28 -64 1 0 10 -23 8 -18 7 -13 7 -8 7 -2 9 3 11 8 14 11 18 14 21 15 23 15 25 15 26 14 26 13 25 11 22 9 19 7 14 6 9 6 5 6 0 6 -4 6 -8 8 -11 10 -13 11 -4 3 0 0 0 0 0 0 0 0 0 0 0 0 0 0 0 0 0 0 -2 1 -5 3 -8 0 -11 -5 -15 -9 -19 -12 -23 -14 -26 -16 -29 -16 -30 -16 -31 -16 -30 -14 -28 -12 -24 -10 -20 -9 -15 -8 -9 -7 -4 -7 2 -9 8 -12 13 -15 16 -19 19 -22 19 -25 20 -27 19 -28 18 -28
1786806290.532821,1098,256,-125 48 8 0 13 18 13 18 13 18 13 17 13 17 13 16 13 16 14 16 14 16 14 15 14 15 14 15 14 14 14 14 14 14 13 14 13 14 13 14 13 13 12 13 12 12 11 11 11 11 10 11 10 12 2 3 0 0 0 0 0 0 0 0 0 0 0 0 0 0 0 0 0 0 3 3 12 12 12 13 12 14 12 15 12 16 12 16 12 17 12 18 12 18 12 19 12 19 12 19 11 20 11 20 11 20 11 19 12 19 12 19 11 19 11 19 12 19 12 19 13 19 12 19 11 18 11 18 6 9 23 37 21 37 22 36 23 34 23 34 22 35 23 34 25 32 26 31 26 31 28 31 28 30 27 29 26 28 26 28 25 28 24 27 25 28 26 28 25 27 23 25 21 23 20 22 20 22 19 23 18 23 16 22 14 22 3 5 0 0 0 0 0 0 0 0 0 0 5 5 22 21 22 23 21 26 21 28 20 30 19 31 20 33 21 34 22 36 21 36 20 37 19 38 19 39 19 40 18 40 18 41 18 41 19 39 20 38 21 38 19 39 19 40 20 39 21 38 22 37 20 36 19 35 18 33
1786806290.568893,3185,128,28 -64 1 0 31 -14 25 -11 20 -7 15 -2 10 5 7 12 6 19 6 26 8 32 10 36 13 38 15 39 18 39 19 38 20 35 18 30 15 26 11 21 5 17 0 12 -5 8 -11 6 -17 5 -22 5 -26 4 -7 1 0 0 0 0 0 0 0 0 0 0 0 0 0 0 0 0 0 0 -3 -1 -9 -3 -7 -9 -6 -17 -5 -24 -5 -32 -6 -38 -8 -43 -9 -47 -11 -48 -12 -48 -13 -45 -13 -41 -11 -35 -9 -29 -5 -22 -1 -16 5 -11 12 -6 20 -3 27 -2 34 -2 40 -3 44 -5 46 -8 47 -10 47 -12
1786806290.5994701,3196,128,28 -64 1 0 23 -1 19 0 14 1 9 2 4 5 1 9 -2 14 -4 18 -4 22 -4 25 -3 28 -2 29 0 29 1 29 2 26 3 23 2 19 0 16 -1 11 -3 7 -5 3 -8 1 -12 -1 -15 -3 -18 -4 -5 -1 0 0 0 0 0 0 0 0 0 0 0 0 0 0 0 0 0 0 -2 -1 -5 -4 -3 -8 0 -12 3 -17 5 -22 5 -26 6 -30 5 -33 4 -34 3 -34 2 -33 1 -30 1 -26 1 -21 1 -16 3 -11 5 -6 9 -1 14 3 18 6 23 8 27 8 29 8 31 6 32 5 32 4
1786806290.632788,3199,128,28 -64 1 0 9 -23 8 -19 7 -14 7 -8 7 -3 9 2 11 7 15 10 18 13 21 14 24 15 25 14 26 13 26 12 25 10 22 8 19 6 14 5 10 5 5 6 1 6 -3 7 -7 9 -10 11 -12 12 -3 3 0 0 0 0 0 0 0 0 0 0 0 0 0 0 0 0 0 0 -2 1 -6 3 -8 -1 -11 -6 -15 -10 -18 -13 -22 -15 -26 -17 -29 -17 -30 -17 -31 -17 -30 -15 -28 -13 -24 -11 -20 -9 -14 -8 -9 -7 -3 -8 3 -9 8 -12 13 -15 16 -19 18 -22 19 -25 20 -27 19 -28 18 -28
1786806290.663382,3200,128,28 -64 1 0 -1 23 -1 19 -2 14 -4 9 -7 4 -10 0 -14 -3 -19 -5 -23 -6 -27 -6 -29 -5 -30 -4 -31 -2 -30 -1 -28 0 -25 1 -21 0 -17 -1 -12 -2 -8 -4 -4 -6 0 -9 3 -12 5 -15 6 -17 1 -5 0 0 0 0 0 0 0 0 0 0 0 0 0 0 0 0 0 0 0 -2 3 -5 6 -3 11 0 16 2 21 4 25 5 29 5 32 5 33 4 34 3 32 2 29 1 25 0 20 1 15 1 9 3 4 5 0 8 -5 13 -8 18 -9 22 -10 26 -9 29 -9 31 -8 32 -7 32
1786806290.6968231,3201,128,28 -64 1 0 21 12 18 10 13 8 7 7 2 8 -3 9 -8 12 -11 15 -14 19 -15 22 -16 24 -15 26 -14 27 -12 27 -10 25 -8 23 -7 20 -7 16 -7 11 -7 6 -7 1 -9 -2 -11 -6 -14 -8 -15 -10 -4 -3 0 0 0 0 0 0 0 0 0 0 0 0 0 0 0 0 0 0 -1 -2 -3 -6 1 -8 6 -10 11 -13 15 -16 19 -19 21 -22 22 -25 22 -26 21 -27 19 -27 17 -26 15 -22 13 -18 10 -13 8 -8 8 -3 9 3 10 10 13 15 16 18 19 20 22 22 24 22 25 21 26 20
1786806290.738446,1450,128,80 0 5 0 -24 -23 -23 -20 -20 -21 -18 -21 -20 -19 -21 -19 -21 -20 -22 -20 -19 -18 -17 -16 -16 -16 -17 -16 -18 -15 -17 -14 -14 -15 -13 -16 -12 -15 -12 -14 -11 -13 -10 -11 -9 -11 -8 -11 -8 -9 -8 -9 -8 -11 -2 -3 0 0 0 0 0 0 0 0 0 0 0 0 0 0 0 0 0 0 -3 -3 -11 -11 -11 -12 -11 -11 -13 -12 -15 -15 -14 -15 -14 -13 -15 -15 -14 -18 -15 -19 -16 -18 -17 -18 -18 -19 -17 -19 -16 -19 -17 -21 -18 -22 -18 -23 -19 -23 -19 -20 -19 -19 -20 -20 -21 -21 -21 -24 -22 -27 -23 -27
1786806290.771787,3202,128,28 -64 1 0 14 17 11 14 7 11 3 8 -3 7 -8 6 -13 7 -17 8 -21 10 -24 12 -25 14 -26 16 -25 18 -23 18 -21 18 -18 16 -15 13 -13 10 -10 6 -8 1 -6 -3 -5 -7 -5 -11 -5 -15 -6 -17 -2 -5 0 0 0 0 0 0 0 0 0 0 0 0 0 0 0 0 0 0 -1 -2 -1 -7 3 -7 8 -9 14 -10 18 -12 22 -15 25 -17 26 -19 27 -20 26 -20 25 -19 22 -18 19 -16 16 -12 12 -8 9 -4 7 1 6 7 6 13 6 18 8 22 10 26 12 27 13 29 15 29 16 28
1786806290.807761,3203,128,28 -64 1 0 -19 12 -15 9 -12 6 -10 2 -8 -2 -8 -7 -8 -12 -9 -16 -11 -19 -13 -22 -14 -22 -16 -22 -17 -22 -18 -21 -18 -19 -16 -16 -13 -14 -10 -12 -6 -10 -2 -8 1 -7 5 -6 8 -6 12 -7 14 -7 3 -2 0 0 0 0 0 0 0 0 0 0 0 0 0 0 0 0 0 0 1 -1 6 -1 6 3 6 8 7 13 8 17 10 21 12 24 13 25 15 26 16 26 16 25 14 22 13 19 10 16 7 12 3 10 -2 7 -7 6 -13 5 -18 6 -22 7 -25 9 -27 11 -28 13 -27 15 -25 17
1786806290.8411121,3203,128,28 -64 1 0 -13 18 -11 14 -9 10 -8 5 -9 1 -10 -4 -11 -8 -14 -12 -17 -14 -20 -15 -22 -15 -24 -14 -25 -13 -25 -12 -23 -11 -21 -9 -18 -7 -14 -6 -10 -6 -6 -7 -2 -7 2 -8 5 -10 8 -12 9 -13 2 -4 0 0 0 0 0 0 0 0 0 0 0 0 0 0 0 0 0 0 1 -1 6 -1 6 2 7 6 9 11 11 15 14 18 16 21 18 22 19 23 20 22 20 20 19 18 17 16 14 13 9 10 5 9 0 7 -5 7 -11 8 -15 10 -19 13 -21 15 -22 18 -23 20 -22 21 -21 22
1786806290.874414,3203,128,28 -64 1 0 38 1 30 1 24 3 16 6 8 11 2 17 -2 24 -4 31 -4 38 -4 43 -3 47 0 49 2 49 5 49 7 45 7 39 5 33 2 27 -1 20 -5 13 -9 7 -15 3 -20 -1 -26 -3 -30 -5 -8 -2 0 0 0 0 0 0 0 0 0 0 0 0 0 0 0 0 0 0 -3 -2 -8 -9 -4 -13 2 -20 8 -27 12 -34 14 -41 15 -47 15 -51 14 -54 13 -54 10 -52 9 -48 8 -42 7 -34 7 -26 8 -17 11 -9 16 -1 23 6 30 11 36 14 43 16 48 15 51 14 54 11 55 9
1786806290.9050639,3205,128,28 -64 1 0 21 -6 17 -5 14 -3 10 0 7 4 5 8 4 12 3 16 4 20 5 23 6 25 8 25 9 25 11 24 11 22 10 19 8 17 6 14 2 11 -1 8 -4 6 -7 4 -11 3 -14 3 -16 3 -5 0 0 0 0 0 0 0 0 0 0 0 0 0 0 0 0 0 0 0 -2 -1 -6 -3 -5 -6 -2 -10 -1 -15 0 -20 0 -24 0 -27 -1 -30 -2 -31 -3 -31 -4 -30 -4 -28 -4 -24 -3 -20 -2 -16 0 -12 4 -8 8 -4 13 -2 17 0 22 0 25 0 28 -1 30 -2 31 -5 30 -7
1786806290.9383879,3205,128,28 -64 1 0 -15 19 -12 16 -11 11 -10 6 -10 1 -11 -4 -13 -8 -16 -12 -20 -15 -23 -16 -25 -16 -27 -15 -28 -14 -28 -13 -27 -11 -24 -9 -21 -8 -16 -8 -11 -8 -6 -8 -2 -9 2 -10 5 -12 9 -14 10 -16 2 -4 0 0 0 0 0 0 0 0 0 0 0 0 0 0 0 0 0 0 1 -1 6 -2 7 2 8 7 10 12 12 17 15 20 17 23 20 25 21 26 22 25 22 23 21 21 18 18 15 15 11 12 6 10 0 9 -5 8 -11 9 -16 11 -20 14 -23 17 -25 20 -25 22 -25 24 -23 26
1786806290.9745338,3205,128,28 -64 1 0 -22 -15 -18 -12 -14 -10 -8 -9 -2 -10 3 -11 7 -13 10 -17 13 -20 14 -23 14 -26 13 -27 12 -28 10 -28 8 -27 6 -24 6 -21 6 -17 6 -12 6 -7 7 -3 8 1 11 4 14 6 15 8 4 2 0 0 0 0 0 0 0 0 0 0 0 0 0 0 0 0 0 0 0 1 1 6 -3 6 -9 7 -14 9 -18 11 -22 14 -25 16 -27 18 -27 20 -26 21 -25 22 -23 21 -20 19 -16 15 -13 11 -11 6 -10 1 -10 -5 -10 -11 -12 -16 -15 -20 -18 -23 -21 -24 -24 -25 -25 -24 -26 -23
1786806291.005808,1682,128,28 -64 1 0 6 25 9 26 11 24 12 23 13 22 15 20 15 18 14 17 13 15 11 15 8 16 5 17 4 19 4 22 4 23 3 24 4 26 5 29 5 29 4 28 3 26 3 25 2 23 0 21 -4 18 -2 4 0 0 0 0 0 0 0 0 0 0 0 0 0 0 0 0 0 0 4 0 19 1 19 2 18 2 17 1 16 2 15 3 13 4 10 4 7 6 4 8 2 12 1 15 0 18 1 21 2 23 4 24 6 25 9 25 10 23 11 22 12 20 11 19 10 19 9 18 8 17 8 17
1786806291.0356858,3207,128,28 -64 1 0 21 -7 17 -5 13 -3 9 -1 6 3 4 8 3 12 3 17 3 20 4 23 5 25 7 25 8 25 10 24 10 22 9 19 7 17 5 14 2 10 -1 7 -4 5 -7 3 -11 2 -14 2 -17 2 -5 0 0 0 0 0 0 0 0 0 0 0 0 0 0 0 0 0 0 0 -2 -1 -6 -2 -5 -6 -3 -10 -2 -15 -2 -20 -3 -24 -3 -27 -4 -30 -5 -31 -6 -31 -7 -30 -6 -27 -6 -24 -4 -19 -3 -15 0 -11 3 -8 8 -4 13 -2 17 -1 22 -1 26 -1 29 -2 30 -3 30 -6 29 -8
1786806291.0717041,3207,128,28 -64 1 0 -24 -5 -20 -4 -15 -4 -10 -6 -5 -8 -1 -11 2 -15 4 -19 6 -23 6 -27 5 -29 4 -31 2 -31 1 -31 -1 -29 -1 -25 -1 -22 1 -18 2 -13 4 -9 6 -5 8 -1 12 1 15 3 17 5 4 1 0 0 0 0 0 0 0 0 0 0 0 0 0 0 0 0 0 0 1 1 3 5 0 7 -4 11 -8 15 -10 19 -12 23 -14 27 -14 30 -14 31 -12 31 -11 30 -9 28 -8 24 -7 19 -6 14 -7 9 -8 4 -11 -2 -14 -7 -18 -10 -22 -13 -25 -14 -29 -14 -31 -13 -33 -12 -33 -10
1786806291.10234,3207,128,28 -64 1 0 37 -11 30 -9 24 -5 17 0 11 7 7 14 6 23 6 30 7 37 10 42 12 45 15 46 18 46 19 45 20 41 19 35 15 30 10 25 5 20 -1 14 -7 10 -13 7 -19 6 -26 5 -30 5 -8 1 0 0 0 0 0 0 0 0 0 0 0 0 0 0 0 0 0 0 -3 -1 -10 -5 -7 -11 -3 -20 -1 -28 1 -36 1 -44 1 -50 0 -54 -2 -56 -4 -55 -6 -53 -7 -48 -6 -42 -4 -34 -2 -26 2 -19 8 -12 15 -6 24 -1 32 2 39 3 45 2 49 0 52 -3 54 -5 54 -7
1786806291.1717,1100,256,126 -32 7 0 12 20 9 16 6 12 1 9 -4 8 -8 7 -13 7 -18 8 -21 10 -24 12 -25 15 -25 17 -24 18 -22 18 -20 18 -17 16 -15 14 -12 11 -10 7 -8 2 -7 -2 -7 -6 -7 -10 -8 -14 -9 -16 -3 -5 0 0 0 0 0 0 0 0 0 0 0 0 0 0 0 0 0 0 0 -2 1 -7 5 -6 11 -5 16 -5 21 -5 25 -7 28 -8 31 -10 31 -11 31 -12 29 -13 26 -13 23 -11 19 -9 15 -6 11 -2 7 2 5 8 4 14 4 19 5 24 7 28 9 29 10 30 11 30 12 30 5 13 19 50 16 42 12 33 9 26 1 20 -10 15 -19 11 -27 10 -35 11 -42 14 -48 18 -51 22 -52 26 -51 28 -48 28 -43 27 -37 25 -31 22 -26 17 -20 10 -16 1 -13 -6 -10 -13 -10 -21 -11 -27 -12 -32 -12 -35 -12 -36 -3 -9 0 0 0 0 0 0 0 0 0 0 -4 -5 -12 -19 -5 -16 3 -13 12 -9 22 -6 32 -3 41 -3 49 -4 56 -6 61 -8 63 -9 62 -10 59 -13 54 -14 47 -12 39 -9 30 -5 21 0 13 8 8 17 4 28 1 39 1 48 4 55 8 58 11 60 13 58 15 54
1786806291.241184,1100,256,126 -32 7 0 16 -15 13 -11 10 -8 8 -4 7 1 7 5 8 10 10 14 12 17 14 18 16 19 17 19 19 18 19 17 19 15 17 12 14 10 10 9 6 7 3 6 -1 5 -5 5 -8 7 -12 8 -14 9 -4 2 0 0 0 0 0 0 0 0 0 0 0 0 0 0 0 0 0 0 -2 0 -7 -1 -7 -4 -7 -9 -8 -14 -9 -18 -11 -22 -13 -24 -14 -26 -16 -27 -16 -26 -16 -25 -15 -22 -13 -19 -11 -16 -8 -13 -4 -10 1 -8 6 -7 11 -7 16 -8 20 -9 23 -11 25 -13 25 -15 24 -17 22 -17 9 -10 33 -36 28 -30 23 -23 19 -17 15 -9 14 0 15 9 17 18 21 25 25 30 29 33 33 34 37 33 40 31 40 29 39 25 35 20 29 17 21 14 14 12 7 11 0 11 -7 12 -13 15 -19 18 -23 20 -25 21 -26 21 -7 5 0 0 0 0 0 0 0 0 0 0 -3 4 -12 15 -13 10 -13 2 -13 -8 -13 -17 -15 -26 -18 -34 -21 -40 -25 -45 -29 -49 -32 -49 -33 -48 -32 -45 -30 -40 -26 -35 -21 -29 -14 -24 -7 -19 2 -16 12 -14 21 -14 30 -16 38 -20 43 -24 46 -28 46 -32 42 -34 37 -34
1786806291.274445,3209,128,28 -64 1 0 23 -11 19 -9 15 -6 11 -2 8 2 7 7 7 13 8 17 9 21 11 23 13 25 15 25 17 24 18 23 18 20 17 17 14 15 10 12 6 10 2 8 -2 7 -6 7 -10 8 -13 9 -15 10 -4 2 0 0 0 0 0 0 0 0 0 0 0 0 0 0 0 0 0 0 -2 -1 -6 -3 -4 -7 -2 -11 0 -16 1 -22 1 -26 1 -30 0 -33 -1 -34 -3 -35 -4 -33 -5 -30 -5 -27 -4 -22 -2 -18 0 -13 4 -9 9 -5 14 -3 19 -2 24 -2 28 -3 31 -4 32 -6 33 -8 32 -9
1786806291.310601,3210,128,28 -64 1 0 15 -19 15 -18 15 -18 14 -19 14 -19 13 -19 12 -19 12 -20 12 -20 12 -19 11 -19 11 -18 11 -19 11 -19 11 -19 10 -19 10 -19 10 -18 10 -18 9 -17 9 -17 9 -16 9 -15 9 -15 10 -14 2 -4 0 0 0 0 0 0 0 0 0 0 0 0 0 0 0 0 0 0 2 -5 10 -17 10 -17 11 -17 12 -18 13 -18 14 -18 14 -18 14 -18 15 -18 17 -18 17 -18 17 -17 18 -17 18 -17 17 -17 17 -18 16 -18 17 -18 17 -18 17 -18 17 -18 16 -19 16 -18 17 -18 16 -18 15 -18
1786806291.332858,660,128,-117 -78 40 0 9 7 9 7 8 7 8 7 9 6 9 6 9 6 9 6 9 5 9 5 9 5 9 5 9 5 9 5 9 5 9 5 9 5 9 5 8 4 8 4 8 4 7 4 7 4 7 4 7 4 1 1 0 0 0 0 0 0 0 0 0 0 0 0 0 0 0 0 0 0 2 1 8 5 8 5 8 6 8 6 8 6 8 7 9 7 9 8 9 8 8 8 8 9 8 9 8 9 8 9 8 9 8 9 8 9 8 8 8 8 8 8 8 8 8 8 8 8 8 7 8 7 8 8
1786806291.374478,3211,128,28 -64 1 0 -10 -22 -10 -22 -10 -21 -10 -20 -10 -20 -11 -20 -11 -19 -12 -19 -12 -19 -12 -19 -13 -18 -13 -18 -13 -18 -12 -18 -12 -17 -12 -17 -12 -17 -12 -17 -12 -16 -11 -16 -11 -15 -10 -14 -10 -14 -10 -14 -9 -14 -3 -4 0 0 0 0 0 0 0 0 0 0 0 0 0 0 0 0 0 0 -3 -4 -10 -17 -9 -17 -9 -18 -8 -19 -8 -20 -9 -20 -9 -21 -8 -21 -8 -22 -8 -22 -8 -22 -8 -23 -7 -23 -7 -23 -7 -23 -7 -23 -8 -22 -8 -23 -8 -23 -8 -23 -8 -23 -9 -23 -9 -22 -9 -22 -8 -22 -8 -21
1786806291.4078,3212,128,28 -64 1 0 -25 -2 -20 -2 -15 -3 -10 -5 -5 -7 -1 -11 2 -15 4 -20 5 -24 4 -28 4 -30 2 -31 1 -32 -1 -32 -2 -29 -2 -26 -2 -22 0 -18 2 -13 3 -8 5 -4 8 -1 12 2 15 4 18 5 4 1 0 0 0 0 0 0 0 0 0 0 0 0 0 0 0 0 0 0 1 0 4 4 2 7 -2 11 -5 16 -7 21 -8 26 -9 30 -9 33 -9 34 -7 34 -6 33 -5 30 -4 26 -3 21 -4 15 -5 10 -7 4 -11 -1 -15 -6 -19 -9 -24 -11 -28 -12 -31 -11 -33 -10 -34 -8 -34 -7
1786806291.441219,3212,128,28 -64 1 0 15 -20 12 -16 10 -11 9 -6 9 -1 10 5 11 9 14 13 18 16 21 18 23 18 25 17 26 16 27 15 25 13 23 10 19 9 15 8 10 7 5 7 0 7 -4 8 -8 10 -11 12 -13 13 -4 3 0 0 0 0 0 0 0 0 0 0 0 0 0 0 0 0 0 0 -2 0 -8 0 -8 -4 -9 -10 -10 -15 -13 -20 -15 -24 -18 -27 -20 -29 -21 -29 -22 -29 -22 -27 -21 -24 -18 -21 -14 -17 -10 -14 -5 -11 0 -9 6 -9 12 -10 18 -11 22 -14 24 -16 26 -19 27 -21 26 -22 24 -23
1786806291.477301,3217,128,28 -64 1 0 -15 -18 -12 -16 -8 -13 -4 -10 1 -9 6 -8 10 -9 14 -10 17 -13 19 -16 20 -18 20 -19 19 -20 18 -21 16 -20 13 -18 11 -16 9 -12 8 -8 7 -4 6 0 6 4 7 7 9 10 10 12 2 3 0 0 0 0 0 0 0 0 0 0 0 0 0 0 0 0 0 0 0 1 -1 5 -5 5 -10 4 -15 4 -20 5 -24 7 -27 9 -29 10 -29 11 -28 13 -27 14 -25 14 -21 12 -18 9 -14 6 -11 2 -8 -2 -7 -7 -6 -13 -6 -18 -7 -22 -9 -25 -12 -27 -14 -28 -15 -28 -15 -27
1786806291.507873,3220,128,28 -64 1 0 -4 -24 -3 -19 -2 -14 1 -10 5 -6 9 -3 14 -1 18 0 23 1 26 0 29 -1 30 -3 30 -4 29 -4 27 -5 24 -5 20 -5 16 -3 12 -1 7 2 3 5 0 8 -2 11 -4 15 -5 17 -2 4 0 0 0 0 0 0 0 0 0 0 0 0 0 0 0 0 0 0 -1 1 -2 5 -6 4 -11 3 -17 2 -22 2 -27 3 -30 3 -33 4 -34 4 -34 5 -32 6 -29 6 -25 6 -21 4 -16 2 -11 -1 -7 -5 -3 -10 0 -15 2 -20 3 -24 3 -28 1 -31 0 -33 -2 -34 -4 -34
1786806291.543945,3222,128,28 -64 1 0 -22 -13 -18 -11 -13 -9 -7 -9 -2 -9 3 -10 8 -13 11 -16 13 -19 14 -23 14 -25 14 -27 13 -28 11 -27 9 -26 7 -23 7 -20 6 -16 6 -11 6 -6 6 -2 8 2 10 5 12 8 14 9 3 2 0 0 0 0 0 0 0 0 0 0 0 0 0 0 0 0 0 0 0 1 1 6 -3 7 -8 9 -13 12 -17 15 -20 18 -22 21 -24 23 -24 25 -22 25 -20 25 -18 24 -16 21 -13 16 -11 12 -10 6 -9 1 -10 -5 -11 -11 -14 -16 -17 -20 -20 -22 -23 -23 -25 -22 -26 -22 -26 -21
1786806291.5772421,3223,128,28 -64 1 0 -1 -24 -1 -20 1 -15 3 -10 6 -6 9 -2 13 0 18 2 22 3 25 3 28 2 29 1 30 -1 29 -2 27 -3 24 -3 20 -3 16 -2 11 0 7 3 3 5 0 8 -2 11 -4 14 -5 16 -2 4 0 0 0 0 0 0 0 0 0 0 0 0 0 0 0 0 0 0 -1 1 -4 4 -7 2 -12 -1 -17 -4 -21 -5 -26 -6 -30 -6 -32 -5 -34 -5 -34 -4 -32 -3 -30 -2 -26 -1 -21 -2 -16 -2 -11 -3 -6 -6 -1 -9 3 -14 6 -18 7 -23 8 -27 7 -29 7 -31 6 -32 5 -32
1786806291.644011,1104,256,113 16 7 0 11 -20 9 -15 7 -11 7 -7 7 -2 8 2 10 7 13 10 15 13 18 14 20 14 21 14 22 13 23 12 22 10 19 8 16 7 12 6 8 6 4 6 0 6 -3 6 -7 8 -10 10 -12 11 -3 2 0 0 0 0 0 0 0 0 0 0 0 0 0 0 0 0 0 0 -2 0 -5 2 -7 -1 -9 -6 -12 -10 -15 -13 -18 -15 -21 -17 -23 -18 -25 -18 -26 -18 -25 -16 -23 -14 -20 -12 -17 -10 -12 -9 -8 -8 -3 -7 3 -8 8 -10 12 -12 16 -15 18 -18 19 -21 20 -23 18 -24 16 -24 4 -13 15 -47 13 -40 10 -32 9 -24 10 -16 12 -8 16 1 22 9 28 14 35 18 40 20 43 19 45 17 47 14 48 12 46 10 41 7 34 6 25 6 18 7 11 8 4 10 -2 13 -8 18 -12 22 -16 25 -18 27 -19 27 -5 6 0 0 0 0 0 0 0 0 0 0 0 5 1 19 -2 14 -7 7 -13 0 -19 -7 -25 -14 -32 -19 -39 -23 -44 -25 -49 -26 -53 -26 -54 -25 -52 -22 -47 -19 -40 -16 -33 -14 -25 -12 -16 -11 -7 -12 3 -16 12 -21 19 -28 25 -34 28 -41 29 -46 28 -49 25 -50 21 -48
1786806291.677325,3224,128,28 -64 1 0 16 15 13 12 9 10 4 8 -1 8 -5 8 -9 10 -13 12 -16 14 -18 17 -18 19 -18 21 -16 22 -15 22 -13 21 -11 19 -9 16 -8 13 -7 8 -7 4 -7 0 -8 -4 -9 -7 -11 -10 -12 -11 -4 -3 0 0 0 0 0 0 0 0 0 0 0 0 0 0 0 0 0 0 -1 -2 0 -6 3 -6 8 -7 13 -7 17 -9 21 -11 24 -13 25 -15 26 -16 26 -17 24 -17 22 -17 19 -15 15 -12 12 -9 9 -5 7 0 7 5 7 11 8 16 10 20 12 22 14 24 16 25 17 24 17 23
1786806291.710638,3225,128,28 -64 1 0 -24 6 -20 4 -15 2 -11 -1 -7 -5 -4 -10 -2 -15 -2 -19 -2 -23 -3 -27 -4 -29 -6 -30 -7 -30 -9 -29 -9 -27 -9 -23 -7 -20 -5 -16 -2 -12 1 -9 4 -5 7 -3 11 -2 15 -1 17 0 4 0 0 0 0 0 0 0 0 0 0 0 0 0 0 0 0 0 0 0 1 0 5 1 3 5 2 10 1 16 1 21 1 25 2 29 3 31 4 33 5 33 6 31 6 28 6 24 4 20 2 15 -1 10 -5 6 -9 3 -15 0 -20 -2 -25 -2 -29 -2 -31 -1 -33 0 -34 2 -33 3
1786806291.743973,3226,128,28 -64 1 0 -24 -5 -20 -5 -15 -5 -9 -6 -4 -8 0 -11 4 -15 6 -19 8 -22 8 -26 8 -28 7 -29 5 -30 3 -30 2 -27 1 -24 1 -21 1 -17 3 -12 4 -8 5 -3 8 0 11 3 14 5 16 6 4 1 0 0 0 0 0 0 0 0 0 0 0 0 0 0 0 0 0 0 1 1 3 4 0 7 -4 11 -7 15 -10 19 -11 23 -13 27 -13 29 -12 31 -11 31 -10 30 -9 28 -8 24 -7 20 -6 14 -6 9 -8 4 -11 -2 -14 -7 -18 -11 -22 -13 -26 -15 -29 -15 -30 -14 -31 -13 -31 -12
1786806291.8134289,1105,256,-125 48 8 0 15 18 12 15 8 12 3 9 -2 8 -8 8 -12 9 -16 11 -20 13 -22 16 -23 18 -23 20 -21 21 -19 22 -17 20 -14 18 -12 16 -11 12 -9 8 -8 3 -7 -1 -7 -5 -9 -9 -10 -12 -11 -14 -3 -4 0 0 0 0 0 0 0 0 0 0 0 0 0 0 0 0 0 0 -1 -2 0 -7 4 -7 10 -7 15 -7 20 -8 24 -10 27 -12 29 -14 29 -15 29 -16 27 -17 24 -16 21 -14 17 -11 13 -8 10 -4 8 1 6 7 6 13 6 19 8 23 10 26 13 28 15 29 16 28 17 27 7 11 29 44 25 38 20 30 14 24 5 19 -6 15 -16 14 -25 15 -33 17 -39 22 -44 27 -47 31 -47 34 -45 37 -42 38 -37 36 -31 33 -26 29 -22 23 -18 14 -16 4 -14 -4 -12 -12 -13 -19 -16 -25 -18 -29 -19 -31 -19 -32 -5 -9 0 0 0 0 0 0 0 0 0 0 -4 -5 -14 -17 -8 -15 1 -13 10 -12 20 -10 31 -10 40 -11 48 -14 54 -17 59 -20 60 -22 59 -23 56 -25 50 -25 44 -22 36 -16 28 -10 20 -4 15 4 11 16 9 27 8 38 10 46 14 53 19 56 23 57 24 54 25 49
1786806291.8773398,1106,256,-125 48 8 0 21 1 17 1 13 1 8 3 4 6 1 9 -2 13 -3 17 -3 20 -3 23 -2 25 -1 26 1 26 2 26 4 24 4 20 3 17 1 14 -1 10 -3 7 -5 3 -8 1 -11 0 -14 -1 -16 -2 -5 -1 0 0 0 0 0 0 0 0 0 0 0 0 0 0 0 0 0 0 -2 -1 -4 -5 -2 -8 2 -11 5 -15 7 -19 8 -23 9 -26 9 -28 8 -29 7 -30 6 -29 5 -26 4 -23 4 -19 3 -14 4 -9 6 -5 9 0 13 4 16 6 20 8 24 9 27 8 28 7 29 6 28 4 12 1 48 5 40 5 32 5 25 5 15 7 6 11 -1 17 -6 25 -9 32 -10 39 -10 45 -8 49 -6 51 -3 52 0 51 3 46 5 39 3 34 0 28 -3 21 -6 12 -10 6 -14 1 -20 -2 -26 -4 -31 -6 -33 -7 -33 -8 -9 -2 0 0 0 0 0 0 0 0 0 0 -6 -1 -19 -1 -14 -4 -8 -9 -1 -15 6 -21 12 -27 17 -34 20 -40 23 -46 24 -51 22 -54 20 -54 17 -52 16 -49 14 -42 12 -34 11 -25 10 -17 13 -8 18 2 24 10 30 17 37 21 44 22 50 21 52 19 51 15 49 12
1786806291.9051058,3229,128,28 -64 1 0 6 24 6 24 6 23 6 23 6 23 7 22 8 22 8 21 9 21 9 21 9 21 9 20 9 20 9 20 9 20 9 19 9 19 9 19 9 18 8 17 8 16 8 15 7 15 7 16 6 16 1 4 0 0 0 0 0 0 0 0 0 0 0 0 0 0 0 0 0 0 1 4 6 18 6 19 5 20 4 20 4 21 4 22 4 23 4 23 3 24 3 24 3 24 3 24 2 25 2 25 2 25 3 24 3 24 3 24 3 25 3 25 4 25 4 25 5 24 4 24 4 24 4 23
1786806291.941183,3232,128,28 -64 1 0 15 -20 12 -16 10 -12 9 -7 8 -2 9 4 10 9 13 13 16 16 18 18 20 19 22 18 24 17 24 16 23 14 21 11 17 10 13 8 9 7 4 7 0 7 -4 7 -8 8 -12 10 -14 11 -4 2 0 0 0 0 0 0 0 0 0 0 0 0 0 0 0 0 0 0 -2 0 -6 2 -7 -2 -8 -8 -10 -13 -13 -17 -16 -21 -19 -23 -21 -25 -23 -25 -24 -25 -24 -24 -23 -21 -20 -18 -17 -15 -12 -12 -8 -10 -2 -9 4 -8 10 -9 15 -11 20 -13 23 -16 24 -19 25 -21 25 -23 23 -23
1786806291.974529,3233,128,28 -64 1 0 -19 16 -15 12 -12 8 -9 4 -8 -1 -8 -7 -8 -12 -10 -17 -12 -21 -13 -23 -15 -24 -17 -24 -18 -24 -19 -23 -19 -21 -17 -18 -14 -15 -10 -13 -6 -10 -3 -8 2 -7 6 -5 10 -5 14 -6 16 -6 4 -2 0 0 0 0 0 0 0 0 0 0 0 0 0 0 0 0 0 0 1 -1 5 -2 6 1 8 6 11 11 14 15 16 18 19 21 21 22 23 23 24 23 23 21 21 18 19 16 15 13 10 10 6 8 0 7 -6 7 -12 7 -17 9 -21 11 -25 13 -27 16 -28 18 -27 20 -24 21
1786806292.0079098,3234,128,28 -64 1 0 15 -18 12 -15 10 -10 9 -5 8 0 9 5 10 10 13 14 16 16 18 18 21 19 23 18 24 17 25 16 24 14 21 11 17 9 13 8 9 7 4 7 0 7 -5 7 -8 9 -12 11 -13 12 -4 3 0 0 0 0 0 0 0 0 0 0 0 0 0 0 0 0 0 0 -2 0 -8 -1 -8 -5 -8 -10 -9 -16 -11 -20 -12 -24 -15 -27 -16 -29 -18 -30 -19 -29 -19 -27 -18 -24 -15 -21 -12 -17 -8 -14 -4 -11 1 -9 7 -8 12 -8 18 -9 22 -11 25 -14 26 -16 27 -18 26 -19 25 -20
1786806292.0411599,3235,128,28 -64 1 0 -4 24 -3 23 -3 23 -3 23 -3 23 -2 23 -1 23 -1 23 0 23 0 22 1 22 1 22 1 22 0 22 0 21 1 21 1 21 1 21 0 20 0 19 0 18 0 17 0 17 -1 17 -1 17 -1 4 0 0 0 0 0 0 0 0 0 0 0 0 0 0 0 0 0 0 0 4 1 19 0 20 -1 20 -2 21 -2 21 -3 22 -3 23 -3 23 -4 23 -5 24 -5 24 -5 24 -5 24 -6 24 -6 24 -6 23 -5 24 -5 24 -6 24 -6 24 -5 24 -5 24 -4 24 -4 24 -5 23 -5 22
1786806292.1161711,1107,256,-114 -27 88 0 16 -15 16 -15 16 -15 16 -16 15 -16 15 -16 15 -16 14 -16 14 -17 13 -16 13 -16 12 -16 12 -16 13 -16 12 -16 12 -16 12 -16 12 -15 12 -15 11 -15 10 -14 10 -13 10 -13 10 -13 11 -12 2 -3 0 0 0 0 0 0 0 0 0 0 0 0 0 0 0 0 0 0 2 -4 11 -14 12 -14 13 -14 14 -14 14 -15 15 -15 16 -15 16 -15 17 -14 17 -14 18 -14 18 -14 18 -13 19 -13 18 -13 18 -13 17 -14 18 -14 18 -14 18 -14 18 -14 18 -15 17 -15 17 -14 18 -14 18 -14 8 -8 33 -31 32 -28 32 -28 31 -29 30 -30 29 -31 28 -31 28 -30 27 -30 27 -31 26 -30 26 -30 24 -30 24 -31 24 -32 23 -31 22 -31 22 -30 22 -29 22 -29 21 -29 20 -28 18 -26 18 -26 19 -25 20 -24 18 -21 18 -20 4 -5 0 0 0 0 0 0 0 0 0 0 4 -7 18 -26 21 -27 24 -27 25 -26 26 -26 28 -26 29 -26 31 -26 32 -26 33 -25 34 -26 35 -26 35 -25 36 -23 37 -23 37 -23 37 -24 36 -24 35 -25 35 -26 36 -27 36 -27 36 -27 35 -27 35 -27 34 -27 32 -26 31 -25
1786806292.146843,3236,128,28 -64 1 0 -7 -24 -6 -20 -4 -15 0 -11 4 -7 8 -3 13 -1 18 0 22 0 26 -1 28 -3 29 -4 29 -5 28 -6 26 -6 23 -7 20 -6 16 -4 12 -2 8 1 4 4 1 7 -1 10 -2 14 -3 16 -1 4 0 0 0 0 0 0 0 0 0 0 0 0 0 0 0 0 0 0 0 1 -2 5 -5 4 -11 3 -16 3 -21 3 -26 4 -29 5 -32 6 -33 7 -33 8 -31 9 -28 9 -25 8 -20 6 -16 4 -11 1 -7 -3 -4 -9 -1 -14 1 -20 1 -25 1 -29 -1 -31 -2 -33 -3 -33 -4 -33
1786806292.182871,3236,128,28 -64 1 0 -20 -16 -17 -13 -12 -11 -7 -9 -1 -9 4 -9 9 -11 13 -13 16 -16 19 -19 20 -22 19 -23 19 -24 17 -25 15 -24 13 -21 11 -19 9 -15 8 -10 7 -5 6 -1 7 3 8 7 9 11 11 13 2 3 0 0 0 0 0 0 0 0 0 0 0 0 0 0 0 0 0 0 0 1 1 5 -3 6 -8 8 -13 10 -17 13 -20 16 -23 19 -24 22 -25 23 -24 24 -22 24 -20 23 -17 20 -14 16 -12 11 -10 6 -8 0 -8 -6 -9 -12 -11 -17 -14 -21 -17 -24 -20 -26 -22 -26 -22 -26 -23 -25
1786806292.216243,3237,128,28 -64 1 0 12 20 10 16 6 12 2 9 -3 7 -8 6 -13 5 -18 6 -22 8 -25 10 -26 12 -27 14 -26 15 -25 16 -22 16 -19 15 -17 13 -14 10 -11 6 -8 1 -6 -3 -5 -7 -5 -11 -5 -15 -6 -17 -2 -5 0 0 0 0 0 0 0 0 0 0 0 0 0 0 0 0 0 0 -1 -2 0 -6 4 -6 9 -6 15 -6 20 -7 24 -9 27 -11 29 -13 30 -14 30 -15 28 -15 25 -15 22 -13 18 -11 14 -7 10 -4 7 1 5 7 4 13 4 18 5 23 6 27 9 29 10 31 11 31 12 30
1786806292.2800992,2188,256,-114 -27 88 0 24 5 19 4 14 4 9 5 4 7 0 10 -3 14 -5 18 -7 22 -7 26 -7 28 -5 29 -4 29 -2 29 0 27 0 24 0 20 -1 16 -3 12 -4 7 -6 4 -9 1 -12 -2 -16 -3 -18 -4 -5 -1 0 0 0 0 0 0 0 0 0 0 0 0 0 0 0 0 0 0 -2 -2 -4 -6 0 -8 4 -11 8 -15 12 -19 14 -22 15 -26 16 -29 16 -31 15 -31 13 -31 11 -29 10 -25 8 -21 7 -15 6 -10 7 -5 10 1 12 6 16 10 20 13 24 14 28 14 29 14 30 13 30 12 14 1 54 6 46 6 38 5 30 4 20 7 9 13 2 20 -3 28 -6 36 -7 44 -7 51 -6 55 -3 57 0 58 3 56 6 51 6 44 4 39 2 32 -2 24 -7 16 -11 9 -16 3 -23 0 -29 -3 -34 -4 -36 -4 -37 -5 -10 -2 0 0 0 0 0 0 0 0 0 0 -7 0 -23 0 -17 -4 -10 -9 -2 -15 6 -21 13 -29 18 -37 23 -45 26 -53 26 -58 24 -60 22 -61 19 -60 16 -57 14 -49 13 -40 11 -30 11 -21 14 -11 19 0 26 10 34 17 42 21 50 23 56 22 58 19 58 16 56 12
1786806292.352362,2188,256,-114 -27 88 0 -17 -16 -14 -14 -10 -11 -5 -9 0 -9 4 -9 9 -10 12 -13 15 -15 16 -18 17 -20 17 -22 16 -23 14 -23 12 -21 10 -19 9 -17 8 -13 7 -9 6 -5 6 -1 7 3 8 6 10 9 11 10 3 2 0 0 0 0 0 0 0 0 0 0 0 0 0 0 0 0 0 0 0 1 -1 5 -4 5 -9 5 -14 6 -18 8 -22 10 -25 12 -26 14 -27 15 -27 16 -25 16 -23 16 -20 14 -17 11 -13 8 -11 4 -9 -1 -8 -6 -8 -12 -8 -17 -10 -21 -13 -24 -15 -25 -17 -25 -17 -25 -18 -25 -10 -10 -35 -37 -30 -32 -24 -26 -19 -21 -9 -18 1 -17 9 -17 17 -19 24 -23 29 -28 32 -33 34 -37 33 -40 32 -42 29 -42 26 -39 21 -35 18 -31 15 -26 13 -18 12 -9 12 -1 13 6 15 12 19 18 22 21 22 23 21 24 5 6 0 0 0 0 0 0 0 0 0 0 4 3 15 12 9 12 1 11 -8 11 -18 10 -28 11 -35 14 -42 18 -48 22 -51 25 -53 27 -52 28 -48 29 -44 30 -39 26 -32 21 -26 14 -19 7 -15 -2 -13 -12 -13 -23 -15 -32 -18 -40 -22 -45 -27 -47 -30 -48 -31 -46 -33 -43
1786806292.4163468,1242,256,-114 -27 88 0 -1 24 -1 20 -2 14 -4 9 -7 5 -10 1 -15 -3 -19 -4 -23 -5 -27 -5 -29 -4 -31 -2 -31 -1 -30 0 -28 1 -25 2 -21 2 -17 1 -13 -1 -9 -4 -5 -6 -1 -9 1 -12 3 -15 4 -17 1 -5 0 0 0 0 0 0 0 0 0 0 0 0 0 0 0 0 0 0 0 -2 4 -5 7 -3 11 0 16 2 21 4 25 5 29 6 31 5 33 5 33 4 32 2 29 1 25 0 20 1 15 2 10 3 5 5 0 9 -5 14 -8 18 -9 23 -10 27 -9 29 -8 31 -7 32 -6 32 -2 7 -8 27 -6 22 -5 17 -5 13 -6 8 -8 3 -10 -2 -13 -6 -17 -8 -21 -9 -24 -9 -26 -9 -28 -8 -29 -7 -28 -7 -27 -5 -24 -4 -20 -3 -16 -3 -12 -4 -7 -5 -3 -7 0 -8 3 -11 6 -14 8 -15 9 -16 9 -17 2 -5 0 0 0 0 0 0 0 0 0 0 -1 -3 -1 -11 1 -9 4 -5 7 -1 10 3 14 6 18 9 22 10 25 12 27 12 29 12 30 11 29 9 26 7 23 6 19 5 14 5 8 5 3 6 -2 8 -7 12 -11 16 -14 19 -15 23 -15 25 -15 27 -13 28 -11 27
1786806292.491221,2189,256,-114 -27 88 0 17 -14 17 -14 17 -14 16 -14 16 -15 16 -14 15 -15 15 -15 14 -15 14 -15 13 -15 13 -15 13 -15 13 -15 13 -15 12 -15 12 -15 12 -14 12 -14 12 -14 11 -13 10 -13 10 -12 11 -12 11 -11 2 -3 0 0 0 0 0 0 0 0 0 0 0 0 0 0 0 0 0 0 3 -4 13 -14 13 -13 14 -13 15 -13 16 -13 16 -13 17 -13 17 -13 18 -13 19 -13 19 -13 19 -12 19 -12 19 -12 19 -12 19 -12 18 -13 19 -13 19 -13 19 -13 19 -13 19 -13 18 -13 18 -13 18 -13 17 -13 8 -8 34 -28 32 -26 31 -25 31 -26 31 -27 30 -28 30 -29 29 -28 28 -28 27 -28 27 -28 26 -28 25 -29 25 -29 25 -30 25 -30 24 -29 23 -28 23 -27 23 -27 22 -27 20 -26 20 -25 20 -24 21 -24 20 -22 19 -19 18 -18 4 -5 0 0 0 0 0 0 0 0 0 0 4 -7 19 -26 21 -26 24 -27 26 -26 28 -25 29 -25 31 -25 32 -25 33 -25 33 -25 35 -25 35 -25 36 -24 36 -23 37 -23 38 -22 37 -23 37 -23 36 -23 36 -24 37 -25 37 -25 37 -26 36 -26 35 -25 34 -25 32 -25 30 -25
1786806292.532854,3240,128,28 -64 1 0 -20 -12 -20 -12 -20 -12 -19 -11 -19 -11 -19 -10 -20 -10 -20 -10 -20 -10 -20 -9 -20 -9 -20 -8 -20 -8 -20 -8 -19 -8 -19 -7 -19 -8 -19 -8 -19 -8 -18 -7 -16 -6 -16 -6 -16 -6 -15 -7 -15 -7 -4 -2 0 0 0 0 0 0 0 0 0 0 0 0 0 0 0 0 0 0 -5 -2 -17 -9 -17 -9 -17 -10 -17 -11 -17 -11 -18 -12 -18 -13 -18 -13 -18 -14 -18 -14 -18 -14 -18 -15 -18 -15 -18 -16 -18 -15 -18 -15 -19 -14 -19 -14 -18 -15 -18 -14 -19 -14 -19 -14 -20 -14 -19 -13 -18 -13 -18 -13
1786806292.6107662,3936,256,-114 -27 88 0 -5 -23 -5 -23 -5 -22 -5 -22 -5 -22 -6 -21 -6 -21 -7 -21 -7 -21 -7 -21 -8 -20 -8 -20 -8 -20 -8 -19 -8 -19 -8 -19 -8 -19 -7 -19 -7 -18 -7 -18 -6 -17 -6 -16 -6 -16 -5 -16 -5 -16 -2 -4 0 0 0 0 0 0 0 0 0 0 0 0 0 0 0 0 0 0 -2 -5 -7 -18 -6 -18 -6 -19 -5 -20 -5 -21 -5 -22 -5 -22 -4 -22 -4 -23 -3 -23 -3 -23 -3 -24 -2 -24 -2 -24 -2 -24 -3 -23 -4 -23 -3 -24 -3 -24 -3 -24 -3 -24 -4 -23 -4 -23 -4 -23 -3 -23 -3 -22 -4 -11 -15 -43 -13 -42 -14 -41 -15 -40 -15 -40 -14 -41 -15 -40 -17 -38 -18 -37 -19 -37 -20 -36 -21 -35 -21 -35 -20 -35 -19 -35 -19 -35 -18 -34 -19 -33 -19 -33 -19 -32 -18 -31 -16 -29 -16 -28 -15 -27 -14 -28 -13 -28 -12 -26 -10 -25 -3 -6 0 0 0 0 0 0 0 0 0 0 -5 -7 -17 -28 -16 -30 -15 -33 -14 -35 -13 -36 -12 -38 -11 -39 -12 -40 -13 -41 -12 -42 -10 -43 -9 -44 -10 -44 -10 -44 -9 -45 -8 -45 -8 -45 -9 -44 -10 -43 -10 -44 -9 -44 -9 -44 -10 -45 -11 -44 -13 -42 -12 -42 -11 -41 -11 -39
1786806292.644038,1685,128,28 -64 1 0 -4 26 -2 26 1 27 4 27 8 24 10 21 9 19 6 18 3 16 0 15 -5 15 -10 16 -13 18 -15 20 -16 22 -18 24 -19 26 -19 28 -18 28 -18 26 -18 23 -17 20 -16 16 -16 11 -16 7 -4 1 0 0 0 0 0 0 0 0 0 0 0 0 0 0 0 0 0 0 4 -2 19 -5 19 -6 16 -6 14 -4 11 -3 9 -2 8 1 4 5 0 8 -3 10 -5 13 -4 14 -3 17 -3 21 -1 24 1 25 4 26 6 24 8 22 8 19 6 17 4 17 1 16 0 15 -1 15 -1 17
1786806292.6718621,3245,128,28 -64 1 0 21 10 21 10 21 9 21 9 21 8 21 7 21 7 21 7 22 6 21 6 21 6 21 5 21 5 21 4 21 4 20 4 21 5 20 5 20 5 19 4 18 4 17 3 17 4 16 4 16 5 4 1 0 0 0 0 0 0 0 0 0 0 0 0 0 0 0 0 0 0 4 1 18 6 18 7 18 8 18 9 19 10 19 11 20 11 20 12 20 12 20 13 20 13 19 14 19 14 19 14 19 14 19 13 20 13 20 12 20 12 20 12 20 12 20 12 21 12 20 11 20 11 20 11
1786806292.7079291,1686,128,28 -64 1 0 -21 22 -18 23 -14 22 -12 22 -9 21 -7 19 -6 16 -7 14 -9 12 -11 10 -15 10 -19 11 -22 13 -25 15 -26 17 -26 19 -26 22 -26 23 -25 22 -24 21 -21 19 -19 17 -18 13 -18 7 -17 3 -5 0 0 0 0 0 0 0 0 0 0 0 0 0 0 0 0 0 0 0 1 4 3 17 1 15 0 13 -2 13 -5 13 -7 13 -7 12 -9 11 -10 9 -13 7 -16 7 -16 9 -15 10 -17 9 -17 9 -15 9 -15 9 -16 10 -17 9 -17 9 -18 9 -18 9 -20 9 -22 9 -23 11 -22 13
1786806292.741343,3247,128,28 -64 1 0 5 -24 4 -24 4 -24 4 -24 4 -24 4 -24 3 -23 2 -23 2 -23 1 -23 0 -23 0 -22 0 -22 0 -22 0 -22 0 -22 0 -21 0 -21 0 -21 1 -20 0 -19 0 -18 0 -18 1 -18 1 -18 0 -5 0 0 0 0 0 0 0 0 0 0 0 0 0 0 0 0 0 0 0 -5 2 -20 2 -20 3 -20 4 -21 4 -21 5 -22 5 -23 6 -23 6 -23 7 -23 7 -24 7 -23 8 -23 8 -23 8 -23 7 -23 6 -24 7 -24 7 -24 8 -24 7 -24 6 -24 6 -24 6 -24 6 -24 6 -23
1786806292.7774131,3248,128,28 -64 1 0 -3 -23 -3 -23 -3 -22 -3 -22 -3 -22 -4 -22 -4 -22 -5 -22 -6 -22 -6 -22 -6 -21 -6 -20 -6 -20 -6 -20 -6 -20 -6 -20 -6 -19 -6 -19 -6 -19 -6 -18 -5 -17 -5 -16 -5 -16 -4 -16 -4 -16 -1 -4 0 0 0 0 0 0 0 0 0 0 0 0 0 0 0 0 0 0 -2 -5 -5 -18 -4 -19 -3 -20 -3 -20 -2 -21 -3 -21 -3 -22 -2 -23 -1 -23 -1 -23 0 -24 0 -23 0 -24 1 -24 0 -23 0 -23 -1 -24 -1 -24 -1 -24 -1 -24 -1 -24 -1 -24 -2 -24 -1 -23 -1 -23 -1 -22
1786806292.813575,3250,128,28 -64 1 0 -20 11 -19 11 -19 11 -19 11 -19 12 -18 12 -18 12 -17 12 -17 12 -17 12 -16 12 -16 12 -16 13 -16 13 -16 13 -15 13 -15 12 -15 12 -15 12 -14 11 -13 11 -13 10 -13 10 -13 9 -13 9 -4 2 0 0 0 0 0 0 0 0 0 0 0 0 0 0 0 0 0 0 -4 2 -15 10 -15 10 -16 10 -17 10 -18 10 -18 10 -19 10 -19 10 -19 10 -20 9 -20 9 -21 8 -21 8 -21 8 -21 8 -21 9 -20 9 -21 9 -21 10 -21 10 -21 10 -21 10 -20 10 -20 10 -20 10 -20 10
1786806292.8496451,3252,128,28 -64 1 0 -18 15 -18 15 -18 16 -17 16 -17 16 -16 17 -15 17 -15 17 -15 17 -15 17 -14 17 -14 17 -14 17 -14 17 -14 17 -13 17 -13 17 -13 17 -13 16 -13 16 -12 15 -11 14 -12 13 -12 13 -12 13 -3 3 0 0 0 0 0 0 0 0 0 0 0 0 0 0 0 0 0 0 -4 3 -13 15 -14 14 -15 14 -16 14 -17 14 -18 15 -18 15 -19 15 -19 14 -20 14 -20 13 -21 13 -21 13 -21 13 -21 13 -20 13 -20 13 -20 14 -20 14 -20 14 -20 15 -19 15 -19 15 -19 14 -20 14 -19 15
1786806292.888475,3253,128,28 -64 1 0 -21 13 -21 13 -20 13 -20 13 -20 13 -19 14 -19 14 -18 14 -18 14 -18 14 -17 14 -17 14 -17 14 -17 15 -17 14 -16 14 -16 14 -16 14 -16 13 -15 13 -14 12 -13 12 -13 11 -14 11 -14 10 -4 2 0 0 0 0 0 0 0 0 0 0 0 0 0 0 0 0 0 0 -4 3 -15 12 -16 12 -17 12 -18 12 -19 12 -19 12 -20 12 -21 12 -21 12 -22 11 -22 11 -22 11 -22 10 -23 10 -23 10 -22 11 -22 11 -22 11 -23 11 -23 12 -22 12 -22 12 -21 12 -21 12 -22 12 -22 11
1786806292.9662411,1109,256,-125 48 8 0 -7 -22 -7 -22 -7 -21 -7 -21 -7 -21 -7 -20 -8 -20 -9 -20 -9 -20 -9 -20 -9 -19 -9 -19 -9 -19 -9 -19 -9 -19 -9 -18 -9 -18 -9 -18 -8 -18 -8 -17 -8 -16 -7 -15 -7 -15 -7 -15 -6 -16 -2 -4 0 0 0 0 0 0 0 0 0 0 0 0 0 0 0 0 0 0 -3 -5 -9 -17 -8 -17 -8 -18 -7 -19 -7 -20 -7 -20 -7 -21 -7 -21 -6 -22 -5 -22 -5 -22 -5 -23 -5 -23 -4 -23 -4 -23 -5 -23 -6 -22 -6 -23 -5 -23 -5 -23 -5 -23 -6 -23 -6 -22 -6 -22 -5 -22 -5 -21 -4 -11 -13 -42 -12 -41 -12 -41 -14 -40 -14 -40 -13 -40 -14 -39 -16 -38 -17 -37 -18 -37 -18 -37 -18 -35 -18 -35 -18 -35 -18 -35 -18 -35 -18 -34 -18 -34 -19 -34 -18 -33 -16 -32 -15 -30 -14 -28 -13 -28 -12 -28 -12 -28 -11 -26 -9 -25 -2 -7 0 0 0 0 0 0 0 0 0 0 -4 -7 -16 -27 -15 -29 -14 -32 -14 -33 -13 -35 -11 -36 -11 -38 -12 -39 -13 -40 -11 -40 -10 -41 -9 -42 -9 -43 -8 -43 -7 -44 -6 -44 -7 -43 -8 -43 -9 -42 -9 -43 -9 -44 -8 -44 -9 -44 -11 -43 -12 -42 -11 -41 -9 -40 -8 -38
1786806293.002413,3254,128,28 -64 1 0 14 -20 14 -20 13 -20 13 -20 13 -20 12 -20 12 -20 11 -20 11 -21 10 -21 9 -20 9 -20 9 -20 10 -20 10 -20 9 -19 9 -19 9 -19 9 -18 9 -18 9 -17 8 -16 8 -16 8 -16 8 -15 2 -4 0 0 0 0 0 0 0 0 0 0 0 0 0 0 0 0 0 0 2 -5 8 -19 9 -19 10 -19 11 -19 12 -19 12 -19 13 -19 13 -19 14 -19 15 -19 14 -20 14 -20 15 -19 16 -19 16 -19 15 -19 15 -19 15 -20 16 -20 16 -19 16 -20 15 -20 14 -20 14 -20 14 -20 12 -20
1786806293.0328991,3255,128,28 -64 1 0 10 22 10 22 10 21 10 21 10 21 11 20 11 20 12 20 12 19 12 19 12 19 12 18 12 18 12 18 12 17 12 17 12 17 12 17 12 17 11 16 10 15 10 14 10 14 9 14 9 14 2 3 0 0 0 0 0 0 0 0 0 0 0 0 0 0 0 0 0 0 2 4 10 16 10 17 9 17 9 18 9 19 9 20 9 21 9 22 9 22 8 22 8 23 8 23 8 24 7 24 7 24 8 23 8 23 8 23 8 23 8 23 8 23 9 23 10 23 9 22 8 22 8 22
1786806293.074599,3256,128,28 -64 1 0 -13 -22 -13 -22 -14 -22 -13 -21 -13 -20 -14 -20 -15 -20 -15 -19 -16 -19 -16 -19 -16 -18 -16 -18 -15 -17 -16 -17 -15 -17 -15 -16 -15 -17 -15 -17 -15 -16 -14 -15 -13 -14 -13 -14 -13 -13 -12 -14 -12 -14 -3 -4 0 0 0 0 0 0 0 0 0 0 0 0 0 0 0 0 0 0 -4 -5 -13 -17 -12 -18 -12 -19 -12 -20 -12 -21 -12 -21 -12 -22 -12 -23 -11 -23 -11 -24 -11 -24 -11 -24 -10 -24 -10 -25 -10 -24 -11 -24 -11 -24 -11 -24 -11 -24 -11 -24 -11 -24 -12 -24 -13 -23 -12 -23 -12 -22 -11 -22
1786806293.105231,3257,128,28 -64 1 0 14 19 14 19 15 19 14 18 15 18 15 17 15 17 16 16 16 16 16 16 16 15 16 15 16 14 16 14 16 14 16 14 16 14 16 14 15 13 14 13 13 12 13 11 13 11 12 11 12 12 3 3 0 0 0 0 0 0 0 0 0 0 0 0 0 0 0 0 0 0 3 3 13 14 13 15 12 16 12 17 12 18 13 18 13 19 13 20 12 20 12 20 12 21 12 21 11 22 11 22 11 21 12 21 12 21 13 21 12 21 12 21 13 21 13 21 14 20 13 20 13 20 12 19
1786806293.144348,3258,128,28 -64 1 0 -20 10 -20 10 -20 10 -19 11 -19 11 -19 11 -18 11 -18 11 -18 12 -17 12 -17 12 -16 12 -16 12 -17 12 -17 12 -16 12 -16 12 -16 11 -15 11 -15 11 -14 10 -13 10 -13 10 -14 9 -14 9 -4 2 0 0 0 0 0 0 0 0 0 0 0 0 0 0 0 0 0 0 -4 2 -15 10 -16 10 -17 9 -17 9 -18 9 -19 9 -19 9 -20 9 -20 9 -21 8 -21 8 -21 8 -21 E (768134) task_wdt: Task watchdog got triggered. The following tasks/users did not reset the watchdog in time:
1786806293.244051,3264,128,28 -64 1 0 -25 2 -25 2 -25 2 -24 3 -24 3 -24 4 -24 4 -24 4 -23 4 -23 4 -22 4 -22 4 -22 5 -22 5 -22 5 -21 5 -21 5 -21 5 -21 4 -20 4 -19 4 -18 4 -18 4 -18 3 -18 2 -5 0 0 0 0 0 0 0 0 0 0 0 0 0 0 0 0 0 0 0 -5 1 -20 4 -20 4 -21 3 -22 3 -23 2 -23 2 -24 1 -24 1 -25 1 -25 0 -25 0 -25 -1 -26 -1 -25 -2 -25 -1 -25 -1 -25 0 -26 0 -26 0 -26 0 -26 1 -26 1 -25 1 -25 0 -25 0 -25 0
1786806293.2830138,3265,128,28 -64 1 0 -23 -9 -23 -9 -22 -8 -22 -7 -22 -7 -22 -6 -22 -6 -23 -6 -23 -5 -23 -5 -22 -5 -22 -4 -22 -4 -23 -4 -22 -3 -22 -3 -22 -4 -22 -4 -21 -4 -20 -4 -19 -3 -18 -3 -18 -3 -18 -4 -18 -5 -5 -2 0 0 0 0 0 0 0 0 0 0 0 0 0 0 0 0 0 0 -5 -2 -19 -5 -20 -6 -20 -7 -20 -7 -21 -8 -21 -9 -22 -9 -22 -10 -22 -11 -22 -11 -22 -12 -22 -12 -21 -13 -21 -13 -21 -12 -22 -12 -22 -11 -22 -11 -22 -11 -22 -11 -22 -10 -22 -10 -22 -10 -22 -10 -22 -10 -22 -10
1786806293.3191428,1460,128,124 -64 7 0 -20 22 -18 21 -16 21 -15 22 -15 22 -16 20 -14 19 -13 18 -12 17 -11 18 -13 18 -14 18 -13 18 -13 17 -13 17 -12 18 -10 16 -9 14 -10 11 -11 11 -11 10 -10 9 -9 9 -11 8 -12 7 -4 1 0 0 0 0 0 0 0 0 0 0 0 0 0 0 0 0 0 0 -1 2 -6 9 -8 7 -7 6 -6 8 -8 9 -10 10 -10 11 -11 12 -11 13 -13 15 -14 16 -15 15 -16 16 -16 16 -15 16 -17 16 -20 18 -20 18 -18 17 -17 18 -17 20 -17 22 -18 24 -18 24 -17 25 -17 25
1786806293.355196,3266,128,28 -64 1 0 11 -20 11 -20 11 -20 11 -20 10 -20 10 -20 9 -20 9 -20 8 -21 8 -20 7 -20 7 -20 7 -20 7 -20 7 -20 7 -19 7 -19 7 -19 7 -18 6 -18 6 -17 5 -16 6 -16 6 -16 6 -15 1 -4 0 0 0 0 0 0 0 0 0 0 0 0 0 0 0 0 0 0 1 -5 7 -17 8 -18 9 -18 9 -18 10 -18 10 -19 11 -19 11 -19 12 -19 13 -19 13 -19 13 -19 14 -18 14 -18 14 -19 13 -19 13 -19 13 -19 13 -20 13 -20 13 -20 13 -20 12 -20 12 -19 13 -19 13 -19
1786806293.3884668,3267,128,28 -64 1 0 -21 7 -21 7 -20 8 -20 8 -20 9 -20 9 -19 9 -19 9 -19 9 -18 9 -18 9 -17 10 -17 10 -17 10 -17 10 -17 10 -17 10 -17 9 -16 9 -16 9 -15 8 -14 8 -14 8 -14 7 -14 7 -4 1 0 0 0 0 0 0 0 0 0 0 0 0 0 0 0 0 0 0 -4 2 -16 9 -16 8 -17 8 -18 8 -19 8 -19 8 -20 7 -20 7 -21 7 -21 7 -21 6 -21 6 -22 6 -22 5 -22 5 -22 6 -22 6 -22 6 -22 6 -22 7 -22 7 -22 7 -22 7 -22 7 -21 8 -20 8
1786806293.421813,668,128,-117 -78 40 0 0 -13 0 -13 0 -12 0 -12 -1 -12 -1 -12 -1 -12 -1 -12 -2 -12 -2 -12 -2 -12 -2 -12 -2 -11 -2 -11 -2 -11 -2 -11 -2 -11 -2 -11 -2 -11 -1 -10 -1 -10 -2 -10 -2 -9 -1 -9 -1 -9 -1 -3 0 0 0 0 0 0 0 0 0 0 0 0 0 0 0 0 0 0 -1 -3 -2 -11 -1 -11 -1 -11 -1 -12 -1 -12 -1 -12 0 -13 0 -13 1 -13 1 -13 1 -13 1 -13 1 -13 2 -13 2 -13 1 -13 1 -13 1 -13 1 -13 1 -13 1 -12 1 -13 0 -12 0 -12 0 -12 0 -12
1786806293.455213,3268,128,28 -64 1 0 10 22 8 18 5 14 1 10 -4 7 -9 5 -14 4 -18 4 -23 5 -26 7 -28 9 -28 11 -28 12 -27 13 -24 13 -21 12 -18 10 -15 7 -12 4 -9 0 -6 -4 -5 -7 -4 -11 -3 -15 -3 -18 -1 -5 0 0 0 0 0 0 0 0 0 0 0 0 0 0 0 0 0 0 -1 -2 0 -6 4 -6 10 -5 15 -5 20 -6 24 -8 28 -9 30 -11 31 -12 31 -13 29 -14 26 -14 23 -13 19 -10 14 -7 10 -3 7 1 4 7 3 13 2 19 2 24 4 28 6 30 7 32 8 32 10 32
1786806293.488576,3269,128,28 -64 1 0 19 14 15 12 11 9 5 8 0 7 -6 8 -10 10 -14 12 -17 15 -20 18 -21 20 -20 22 -19 23 -17 24 -15 22 -13 20 -11 17 -10 13 -8 9 -7 4 -7 -1 -7 -5 -8 -9 -10 -12 -11 -14 -3 -4 0 0 0 0 0 0 0 0 0 0 0 0 0 0 0 0 0 0 -1 -2 -3 -6 1 -7 6 -10 11 -12 15 -15 18 -19 21 -22 22 -24 22 -25 21 -26 20 -26 18 -24 15 -21 13 -17 10 -13 8 -8 7 -2 7 4 9 10 11 15 14 19 16 22 19 24 21 24 22 23 22 23
1786806293.524663,1688,128,28 -64 1 0 -2 -32 -4 -32 -7 -31 -10 -28 -12 -24 -12 -22 -12 -21 -11 -19 -7 -17 -2 -18 1 -21 4 -23 6 -25 6 -28 7 -31 7 -34 6 -36 5 -36 4 -36 3 -35 3 -32 4 -28 6 -24 10 -19 13 -15 3 -4 0 0 0 0 0 0 0 0 0 0 0 0 0 0 0 0 0 0 -6 -2 -21 -8 -18 -9 -18 -8 -16 -6 -12 -6 -9 -7 -6 -9 -2 -9 2 -10 5 -13 5 -16 5 -17 6 -19 6 -21 5 -22 2 -22 1 -23 -1 -23 -2 -20 -2 -18 -2 -17 -1 -18 1 -18 2 -18 3 -20 5 -23
1786806293.558038,3271,128,28 -64 1 0 23 8 19 7 14 6 8 6 2 7 -3 9 -7 12 -10 15 -13 18 -15 21 -15 24 -15 26 -13 27 -12 27 -10 25 -8 23 -7 19 -7 15 -7 10 -7 5 -7 1 -8 -3 -10 -7 -12 -10 -13 -12 -4 -3 0 0 0 0 0 0 0 0 0 0 0 0 0 0 0 0 0 0 -2 -1 -4 -5 -1 -7 3 -11 6 -15 9 -20 11 -24 12 -28 13 -30 12 -32 11 -32 10 -32 8 -30 7 -26 6 -21 5 -16 5 -10 6 -4 8 1 11 7 15 11 19 15 22 17 26 17 28 17 28 16 28 15
1786806293.591347,3272,128,28 -64 1 0 22 12 18 10 13 8 7 7 1 8 -4 9 -8 12 -12 15 -14 18 -16 21 -16 23 -16 25 -15 26 -13 27 -11 25 -9 22 -8 19 -8 15 -7 10 -7 6 -7 1 -8 -3 -10 -6 -13 -9 -14 -11 -4 -3 0 0 0 0 0 0 0 0 0 0 0 0 0 0 0 0 0 0 -1 -2 -3 -6 1 -8 5 -10 10 -13 14 -17 17 -20 19 -24 20 -26 20 -28 19 -29 17 -28 16 -27 13 -24 11 -19 9 -14 8 -9 7 -3 9 3 10 9 13 14 16 18 20 20 23 21 25 21 26 20 27 19
1786806293.6246889,3273,128,28 -64 1 0 -19 12 -15 9 -12 6 -9 2 -7 -2 -6 -7 -5 -12 -6 -16 -8 -20 -9 -23 -11 -24 -12 -24 -14 -24 -14 -23 -14 -21 -13 -18 -11 -16 -8 -13 -5 -10 -2 -8 2 -6 5 -4 9 -4 12 -3 15 -3 3 -1 0 0 0 0 0 0 0 0 0 0 0 0 0 0 0 0 0 0 1 -1 5 -1 5 3 6 7 7 12 9 17 11 20 13 23 15 25 16 25 17 25 17 23 16 21 14 18 11 15 7 11 3 8 -1 6 -7 5 -13 4 -18 4 -22 5 -25 7 -27 9 -28 11 -28 12 -27 13
1786806293.6941178,3937,256,118 96 7 0 19 -11 16 -8 12 -5 9 -2 7 2 5 7 5 11 5 16 6 19 7 22 9 23 11 24 12 24 13 23 13 21 12 18 10 15 7 12 4 10 1 7 -3 5 -6 4 -10 4 -13 4 -16 4 -4 1 0 0 0 0 0 0 0 0 0 0 0 0 0 0 0 0 0 0 -2 0 -6 -2 -5 -5 -5 -10 -5 -15 -5 -20 -7 -24 -8 -27 -9 -29 -10 -30 -11 -30 -12 -28 -12 -26 -10 -22 -8 -18 -6 -14 -2 -11 2 -8 7 -5 12 -4 17 -3 22 -4 25 -5 28 -6 29 -8 29 -10 28 -11 11 -7 42 -26 36 -22 29 -17 24 -12 17 -5 13 3 11 12 11 22 12 30 15 37 18 42 21 44 24 44 27 43 29 41 29 37 27 31 22 27 16 23 10 19 4 14 -3 10 -10 9 -17 9 -23 11 -28 11 -31 11 -32 10 -9 2 0 0 0 0 0 0 0 0 0 0 -4 4 -13 15 -13 9 -12 0 -10 -9 -9 -19 -9 -29 -11 -37 -13 -45 -15 -51 -18 -55 -21 -56 -24 -55 -24 -52 -22 -48 -19 -42 -15 -34 -10 -27 -4 -20 4 -15 14 -11 24 -8 33 -7 42 -8 48 -10 52 -15 54 -19 52 -23 48 -24
1786806293.727478,3274,128,28 -64 1 0 14 -18 11 -14 9 -10 7 -5 6 -1 7 4 8 9 10 12 13 16 15 18 17 18 18 18 19 18 20 17 19 15 18 13 15 11 11 9 7 8 3 6 -1 5 -5 5 -8 6 -12 7 -14 7 -4 2 0 0 0 0 0 0 0 0 0 0 0 0 0 0 0 0 0 0 -2 0 -6 2 -7 -2 -9 -6 -12 -11 -14 -14 -17 -17 -20 -19 -22 -20 -23 -21 -24 -20 -24 -19 -22 -16 -19 -14 -15 -12 -11 -10 -6 -8 -1 -8 4 -8 10 -9 14 -10 18 -13 21 -15 22 -18 22 -20 21 -21 19 -22
1786806293.76079,3275,128,28 -64 1 0 -23 10 -19 8 -15 4 -11 0 -8 -4 -6 -9 -5 -14 -6 -19 -7 -23 -9 -26 -11 -27 -13 -27 -14 -27 -15 -26 -15 -24 -14 -20 -12 -17 -9 -14 -5 -11 -1 -9 2 -6 6 -5 10 -5 14 -5 17 -5 4 -2 0 0 0 0 0 0 0 0 0 0 0 0 0 0 0 0 0 0 1 -1 6 0 4 4 3 9 3 15 4 20 4 24 6 28 7 30 9 32 10 31 11 30 10 27 9 23 7 19 4 15 1 11 -3 7 -9 4 -14 3 -20 2 -24 2 -28 3 -31 5 -32 7 -32 8 -31 9
1786806293.796864,1461,128,88 -128 5 0 -33 5 -34 5 -34 2 -32 2 -29 4 -29 4 -28 3 -28 3 -26 5 -24 6 -24 4 -23 3 -23 5 -23 6 -20 6 -19 4 -20 2 -21 2 -20 5 -17 5 -17 3 -17 1 -16 0 -15 -1 -12 -1 -3 -1 0 0 0 0 0 0 0 0 0 0 0 0 0 0 0 0 0 0 -3 0 -11 -1 -16 -3 -20 -3 -21 -2 -19 -3 -18 -5 -20 -4 -22 -1 -24 -1 -24 -3 -23 -3 -22 -2 -23 -2 -25 -6 -25 -7 -26 -6 -29 -5 -31 -3 -30 -2 -31 -1 -33 -1 -34 0 -34 0 -34 -1 -35 -4 -34 -5
1786806293.8329751,1462,128,88 -128 5 0 -5 -30 -7 -30 -7 -29 -6 -25 -7 -24 -6 -24 -6 -22 -8 -21 -8 -22 -8 -23 -8 -22 -8 -22 -7 -22 -4 -21 -3 -18 -4 -17 -3 -17 -1 -17 -2 -16 -2 -15 -2 -16 -2 -17 -2 -15 -1 -12 0 -10 0 -3 0 0 0 0 0 0 0 0 0 0 0 0 0 0 0 0 0 0 0 -4 -2 -13 -4 -12 -6 -11 -5 -11 -4 -14 -4 -17 -3 -16 -2 -18 -2 -22 -3 -21 -3 -20 -2 -21 0 -22 1 -23 1 -23 -1 -24 -1 -26 0 -29 -1 -28 -2 -24 -3 -25 -5 -26 -6 -27 -4 -30 -3 -31 -3 -29
1786806293.860775,1463,128,88 -128 5 0 8 27 7 27 9 26 9 24 8 23 9 21 9 21 10 20 10 19 9 19 8 19 9 17 9 16 8 17 7 17 5 17 5 18 4 18 4 16 4 14 3 14 1 14 0 12 0 10 0 9 0 2 0 0 0 0 0 0 0 0 0 0 0 0 0 0 0 0 0 0 -1 1 -1 7 2 8 5 11 4 14 1 13 1 14 3 16 6 17 9 18 8 18 6 18 5 20 4 20 4 20 5 22 4 23 4 23 5 24 6 24 8 26 9 28 6 27 5 27 7 29 9 30 8 29
1786806293.894134,3276,128,28 -64 1 0 9 23 7 19 4 14 0 11 -4 8 -9 5 -13 5 -18 5 -22 6 -26 7 -28 9 -28 11 -28 13 -26 13 -24 13 -21 13 -18 11 -15 8 -12 5 -9 1 -7 -3 -6 -7 -5 -11 -5 -15 -5 -17 -2 -5 0 0 0 0 0 0 0 0 0 0 0 0 0 0 0 0 0 0 0 -2 1 -6 5 -5 10 -3 15 -2 20 -2 25 -3 29 -4 31 -5 33 -6 33 -7 31 -8 28 -9 25 -8 20 -7 16 -4 11 -2 7 2 4 8 2 13 0 19 0 24 2 28 3 31 5 32 6 32 6 31
1786806293.924682,3277,128,28 -64 1 0 -4 -23 -4 -19 -2 -14 1 -10 5 -6 9 -3 14 -1 18 0 23 0 26 -1 28 -2 29 -3 29 -4 28 -5 26 -6 23 -6 19 -5 15 -3 11 -1 7 2 3 5 0 8 -2 11 -3 15 -4 17 -1 4 0 0 0 0 0 0 0 0 0 0 0 0 0 0 0 0 0 0 -1 1 -3 5 -7 4 -12 2 -17 1 -22 1 -27 1 -30 2 -33 2 -34 3 -34 4 -32 5 -29 5 -25 4 -20 3 -15 1 -11 -2 -6 -5 -3 -10 1 -15 2 -20 3 -25 3 -28 2 -31 1 -33 -1 -33 -2 -33
1786806293.994097,1111,256,-125 48 8 0 22 7 18 6 13 5 7 6 2 8 -2 10 -6 13 -9 17 -10 21 -11 24 -11 26 -10 28 -8 28 -6 28 -5 26 -4 23 -3 20 -4 16 -5 11 -5 6 -7 2 -9 -1 -11 -4 -14 -6 -17 -8 -5 -2 0 0 0 0 0 0 0 0 0 0 0 0 0 0 0 0 0 0 -1 -2 -3 -7 0 -9 5 -11 9 -15 12 -19 15 -22 16 -26 17 -28 17 -30 16 -30 14 -29 12 -27 11 -24 9 -19 8 -14 7 -9 8 -3 10 2 13 8 16 12 19 15 23 17 26 17 28 17 29 15 29 13 13 4 51 16 42 14 34 12 27 10 16 12 5 15 -4 19 -11 26 -15 33 -18 41 -19 48 -18 53 -16 55 -13 56 -10 55 -7 50 -5 44 -5 38 -6 31 -7 22 -9 13 -12 4 -16 -2 -21 -6 -27 -10 -32 -13 -34 -15 -34 -15 -9 -4 0 0 0 0 0 0 0 0 0 0 -6 -1 -22 -4 -16 -7 -8 -12 1 -16 10 -21 19 -27 25 -34 30 -41 33 -47 35 -52 34 -54 32 -55 29 -55 26 -51 22 -45 20 -36 16 -26 14 -17 16 -7 20 4 25 15 30 24 37 30 44 33 50 32 53 30 52 26 51 21
1786806294.060829,1111,256,-125 48 8 0 -9 22 -7 18 -7 13 -7 7 -9 2 -11 -2 -14 -6 -18 -9 -22 -11 -25 -11 -27 -11 -29 -9 -30 -8 -29 -7 -27 -5 -24 -4 -21 -3 -16 -3 -12 -4 -7 -5 -3 -7 0 -9 3 -12 5 -15 7 -17 1 -5 0 0 0 0 0 0 0 0 0 0 0 0 0 0 0 0 0 0 1 -2 6 -3 8 0 10 5 13 9 17 13 20 16 24 17 26 18 28 18 28 17 28 15 26 13 22 11 18 10 13 8 7 7 2 8 -4 9 -9 12 -14 15 -17 19 -18 22 -19 25 -19 27 -18 28 -16 28 -3 14 -11 53 -10 44 -9 34 -8 26 -11 17 -16 8 -21 0 -28 -7 -36 -11 -43 -12 -49 -12 -53 -10 -56 -7 -57 -5 -57 -3 -54 0 -47 2 -39 2 -30 0 -22 -3 -15 -8 -8 -12 -2 -17 2 -23 5 -29 8 -34 8 -35 9 -36 2 -9 0 0 0 0 0 0 0 0 0 0 0 -6 1 -23 5 -18 10 -10 15 -1 21 8 28 15 35 21 43 25 49 28 54 29 57 29 58 27 56 23 51 19 45 17 36 14 27 13 17 12 6 14 -4 19 -13 25 -21 33 -26 41 -29 47 -28 53 -26 57 -23 57 -19 55
1786806294.133027,1113,256,-116 -64 8 0 -24 -8 -20 -7 -15 -6 -9 -7 -4 -8 1 -11 4 -15 7 -19 8 -22 9 -26 8 -28 7 -30 6 -30 4 -30 2 -28 1 -24 1 -21 2 -17 3 -12 4 -8 5 -4 8 0 11 2 14 4 16 6 4 1 0 0 0 0 0 0 0 0 0 0 0 0 0 0 0 0 0 0 1 1 3 5 -1 7 -6 10 -10 13 -13 17 -15 21 -17 25 -18 27 -17 29 -16 29 -14 29 -13 27 -11 23 -10 19 -8 14 -8 9 -9 3 -10 -3 -13 -8 -17 -12 -20 -15 -24 -17 -28 -17 -30 -17 -30 -15 -31 -14 -13 -6 -50 -21 -43 -20 -36 -17 -28 -14 -16 -14 -5 -16 4 -20 11 -26 17 -33 22 -40 24 -47 24 -52 21 -54 18 -55 15 -55 11 -52 8 -45 8 -40 8 -33 8 -24 10 -13 12 -5 16 2 20 8 26 12 30 15 31 17 32 18 8 4 0 0 0 0 0 0 0 0 0 0 5 1 20 4 14 6 6 10 -3 13 -13 18 -22 23 -29 29 -34 37 -38 43 -40 48 -40 51 -38 52 -35 52 -32 49 -28 42 -24 34 -20 25 -16 16 -16 6 -19 -6 -23 -18 -28 -27 -35 -32 -42 -36 -48 -38 -51 -37 -51 -34 -50 -30
1786806294.196872,1113,256,-116 -64 8 0 24 2 19 2 15 2 9 4 4 6 1 10 -2 14 -4 18 -5 22 -5 26 -4 28 -3 29 -1 30 1 29 2 27 2 23 2 20 0 16 -2 12 -4 7 -6 4 -9 1 -12 -1 -16 -2 -18 -3 -5 -1 0 0 0 0 0 0 0 0 0 0 0 0 0 0 0 0 0 0 -2 -1 -5 -5 -2 -8 2 -12 5 -16 8 -20 10 -25 11 -28 11 -31 10 -33 9 -33 7 -32 6 -30 5 -26 4 -21 4 -16 5 -11 7 -6 10 -1 14 4 18 8 22 10 26 11 29 11 31 10 31 8 31 7 7 1 27 4 22 3 18 3 14 3 9 4 3 7 -1 10 -3 14 -5 18 -6 22 -6 25 -5 27 -4 28 -3 29 -1 28 1 25 1 22 0 19 -1 16 -3 12 -4 7 -6 3 -8 0 -12 -1 -15 -3 -17 -4 -18 -5 -18 -5 -5 -2 0 0 0 0 0 0 0 0 0 0 -3 0 -12 0 -9 -2 -5 -4 -1 -8 3 -11 6 -15 9 -19 11 -23 12 -26 13 -29 12 -30 10 -31 9 -30 8 -29 7 -25 6 -20 5 -15 5 -10 7 -5 9 0 13 5 16 9 20 11 24 12 27 12 29 10 29 8 28 6
1786806294.230228,3280,128,28 -64 1 0 16 17 12 14 8 10 3 8 -2 7 -7 7 -12 7 -17 9 -20 11 -23 13 -24 16 -24 18 -23 19 -21 19 -19 19 -16 17 -14 14 -12 11 -9 7 -8 2 -6 -2 -6 -6 -6 -10 -7 -14 -8 -16 -2 -5 0 0 0 0 0 0 0 0 0 0 0 0 0 0 0 0 0 0 -1 -2 -1 -6 2 -7 8 -8 13 -10 17 -13 21 -15 23 -18 25 -20 25 -21 25 -22 23 -22 20 -21 18 -18 15 -15 11 -10 9 -6 7 0 6 6 7 12 8 17 10 22 12 25 15 27 16 27 17 27 18 26
1786806294.26353,3281,128,28 -64 1 0 -24 0 -20 0 -15 -2 -10 -3 -5 -6 -1 -10 1 -15 3 -19 3 -23 3 -26 2 -28 0 -29 -1 -30 -2 -29 -4 -27 -4 -24 -3 -20 -2 -16 0 -12 2 -8 4 -4 7 -1 11 1 14 3 16 4 4 1 0 0 0 0 0 0 0 0 0 0 0 0 0 0 0 0 0 0 1 0 5 3 2 6 -1 11 -3 16 -4 21 -5 25 -5 29 -5 31 -4 33 -3 33 -1 31 -1 28 -1 24 -1 19 -2 14 -4 9 -6 5 -10 0 -15 -4 -19 -7 -24 -8 -28 -9 -31 -8 -33 -7 -33 -5 -32 -5
1786806294.29686,3282,128,28 -64 1 0 21 11 17 9 12 7 7 7 1 8 -4 10 -8 12 -11 16 -13 19 -14 23 -14 25 -13 27 -11 28 -9 27 -7 26 -6 22 -5 19 -5 15 -6 11 -6 6 -7 1 -9 -2 -11 -5 -14 -7 -16 -9 -4 -3 0 0 0 0 0 0 0 0 0 0 0 0 0 0 0 0 0 0 -1 -2 -2 -7 1 -8 6 -11 11 -13 15 -16 18 -19 20 -22 22 -25 22 -26 21 -27 19 -26 17 -25 15 -22 12 -18 10 -13 9 -8 8 -2 9 4 11 9 13 14 17 18 20 20 23 21 25 20 26 19 27 17
1786806294.3303318,1689,128,28 -64 1 0 -27 4 -27 4 -25 6 -24 8 -23 10 -21 10 -20 10 -19 9 -20 9 -21 8 -21 8 -22 8 -24 8 -26 8 -27 9 -27 10 -27 11 -26 11 -25 11 -25 11 -25 9 -23 7 -22 5 -21 1 -20 -2 -5 -1 0 0 0 0 0 0 0 0 0 0 0 0 0 0 0 0 0 0 -5 2 -19 8 -19 7 -18 6 -18 5 -17 5 -17 5 -16 4 -15 2 -15 0 -15 -2 -15 -4 -15 -6 -15 -7 -17 -9 -18 -10 -21 -10 -22 -9 -23 -8 -24 -7 -25 -5 -26 -4 -26 -3 -25 -2 -26 0 -26 1 -26 1
1786806294.3663502,1690,128,28 -64 1 0 23 -23 19 -24 17 -25 14 -24 12 -22 10 -20 9 -17 9 -15 11 -14 13 -14 15 -13 17 -14 19 -17 21 -19 22 -21 22 -23 22 -24 20 -24 18 -24 17 -22 17 -20 15 -18 14 -15 15 -10 15 -5 3 -1 0 0 0 0 0 0 0 0 0 0 0 0 0 0 0 0 0 0 0 -5 4 -18 4 -17 5 -17 6 -17 7 -17 8 -16 8 -14 9 -13 10 -11 13 -9 14 -8 16 -7 17 -7 17 -8 18 -8 19 -9 19 -9 19 -9 20 -9 21 -10 22 -11 23 -10 22 -11 23 -12 24 -14 24 -15
1786806294.3941429,672,128,-117 -78 40 0 -8 8 -8 8 -8 8 -8 8 -7 9 -7 9 -7 8 -7 8 -6 9 -6 9 -6 9 -6 9 -6 9 -6 9 -6 9 -6 9 -6 9 -6 8 -6 8 -6 8 -5 7 -5 7 -5 7 -5 7 -5 6 -2 1 0 0 0 0 0 0 0 0 0 0 0 0 0 0 0 0 0 0 -2 2 -6 8 -6 8 -7 8 -7 8 -7 8 -8 9 -8 9 -9 9 -9 9 -9 9 -10 8 -10 8 -10 8 -9 8 -10 8 -10 8 -10 8 -9 8 -9 8 -9 8 -9 8 -9 8 -9 8 -8 8 -8 8 -8 8
1786806294.427507,1465,128,-76 64 11 0 30 -9 30 -9 29 -9 27 -7 26 -7 25 -9 25 -9 25 -9 23 -9 21 -10 19 -9 19 -8 19 -8 18 -8 17 -7 17 -7 17 -8 17 -7 17 -5 16 -5 14 -5 13 -6 12 -7 11 -6 11 -5 2 -2 0 0 0 0 0 0 0 0 0 0 0 0 0 0 0 0 0 0 2 -1 9 -3 11 -3 13 -3 14 -1 14 1 15 0 16 -3 17 -3 20 -1 21 -1 21 -2 21 -1 22 0 23 -2 24 -4 25 -3 25 -4 26 -7 28 -6 28 -6 27 -6 26 -6 28 -5 29 -6 29 -7 30 -3
1786806294.496887,1114,256,-114 -32 8 0 -11 22 -9 18 -8 13 -8 7 -9 2 -10 -3 -13 -8 -16 -11 -20 -14 -23 -15 -25 -15 -27 -14 -28 -13 -28 -12 -27 -9 -24 -7 -21 -6 -16 -6 -11 -6 -7 -6 -3 -7 1 -8 5 -11 8 -13 9 -15 2 -4 0 0 0 0 0 0 0 0 0 0 0 0 0 0 0 0 0 0 1 -1 5 -3 7 1 9 6 12 10 15 14 19 17 22 19 25 20 26 20 27 20 27 18 25 15 22 13 17 11 13 9 7 8 2 7 -4 8 -10 11 -15 14 -18 17 -21 20 -22 23 -22 25 -21 26 -19 27 -6 13 -22 51 -19 43 -16 34 -13 26 -13 17 -15 7 -19 -3 -25 -12 -33 -19 -40 -23 -45 -24 -49 -23 -52 -22 -54 -20 -55 -18 -53 -14 -47 -11 -40 -9 -31 -9 -22 -9 -13 -11 -6 -13 2 -16 7 -21 12 -26 16 -30 19 -31 20 -31 5 -8 0 0 0 0 0 0 0 0 0 0 0 -6 2 -22 5 -17 9 -9 14 0 19 10 25 18 32 25 39 30 45 34 49 35 54 36 56 34 54 30 49 25 42 22 34 18 26 16 16 14 5 15 -6 17 -17 22 -26 28 -32 35 -36 41 -37 46 -36 52 -33 54 -28 52
1786806294.5301828,3289,128,28 -64 1 0 -25 -4 -21 -3 -16 -4 -10 -5 -5 -7 -1 -10 3 -14 5 -18 6 -22 6 -26 5 -28 4 -30 3 -30 2 -30 0 -28 0 -25 0 -21 1 -17 2 -13 3 -8 5 -4 8 -1 11 2 14 4 16 5 4 1 0 0 0 0 0 0 0 0 0 0 0 0 0 0 0 0 0 0 1 0 4 3 1 6 -3 10 -6 14 -8 19 -9 24 -10 27 -10 30 -9 32 -8 32 -6 32 -5 29 -4 25 -4 21 -4 16 -5 11 -7 5 -10 0 -14 -5 -18 -9 -22 -11 -26 -12 -29 -12 -31 -12 -33 -10 -33 -9
1786806294.560817,1469,128,-128 0 8 0 28 -5 28 -4 27 -4 26 -6 26 -7 25 -8 25 -8 23 -8 21 -7 19 -8 20 -10 21 -10 20 -10 19 -9 19 -8 17 -9 17 -9 16 -6 14 -6 15 -6 14 -5 13 -3 12 -2 13 -1 13 -2 3 -1 0 0 0 0 0 0 0 0 0 0 0 0 0 0 0 0 0 0 2 0 9 2 8 2 10 3 13 7 12 6 12 4 12 3 14 4 18 3 21 3 19 5 16 7 17 6 20 5 23 4 25 3 24 4 23 5 23 4 25 2 28 1 28 -1 28 -3 30 -4 33 -4 34 -1
1786806294.591273,1470,128,-128 0 8 0 7 29 8 27 8 26 8 27 6 27 4 25 4 23 6 23 8 21 8 20 6 22 5 21 5 19 6 19 5 19 4 17 2 16 1 16 2 17 3 16 2 15 1 14 0 13 -1 12 -1 12 -1 3 0 0 0 0 0 0 0 0 0 0 0 0 0 0 0 0 0 0 1 2 6 9 5 11 5 13 7 13 6 11 4 13 4 16 3 16 2 18 2 22 2 23 3 21 3 22 2 22 3 22 3 22 3 23 4 25 5 28 5 28 5 26 6 24 5 26 3 28 4 28 8 27
1786806294.619026,1471,128,-128 0 8 0 32 3 31 5 30 5 29 3 26 1 24 1 24 2 24 3 23 1 23 0 24 0 22 0 19 1 20 1 21 2 20 3 18 3 16 3 15 3 13 3 12 4 13 4 13 3 12 3 12 4 3 1 0 0 0 0 0 0 0 0 0 0 0 0 0 0 0 0 0 0 2 -1 11 0 11 2 12 0 13 -1 13 2 14 3 15 3 16 3 17 4 16 4 16 4 18 6 19 7 20 6 21 5 21 5 22 5 24 6 25 6 25 5 26 3 26 4 27 6 29 6 30 6 31 6
1786806294.646859,1472,128,-128 0 8 0 26 4 24 4 23 6 24 6 23 5 22 3 22 2 21 1 21 2 21 3 18 2 18 1 21 1 20 0 18 1 17 2 17 3 16 3 14 3 13 3 13 3 12 3 10 3 8 4 8 4 2 1 0 0 0 0 0 0 0 0 0 0 0 0 0 0 0 0 0 0 2 1 10 5 10 4 11 5 11 8 11 8 12 5 13 4 11 5 12 7 16 9 16 10 16 8 17 7 18 8 19 9 21 8 23 8 21 7 19 7 20 8 22 9 23 8 25 8 24 8 23 8 24 10
1786806294.680251,3292,128,28 -64 1 0 10 -23 8 -19 7 -14 7 -8 8 -3 10 2 13 6 16 9 20 11 23 12 25 12 27 11 28 10 28 9 27 8 24 6 20 5 16 5 11 5 6 6 2 7 -2 8 -5 11 -8 13 -10 15 -3 3 0 0 0 0 0 0 0 0 0 0 0 0 0 0 0 0 0 0 -2 0 -7 2 -8 -2 -11 -7 -14 -12 -17 -16 -20 -19 -23 -21 -26 -22 -27 -23 -28 -22 -28 -19 -26 -17 -23 -14 -18 -12 -13 -10 -8 -9 -3 -9 3 -10 9 -12 14 -14 17 -17 19 -21 20 -24 20 -26 20 -27 19 -27
1786806294.716338,3293,128,28 -64 1 0 -20 -16 -16 -13 -11 -11 -6 -9 0 -9 5 -9 10 -11 14 -14 17 -16 19 -19 20 -21 19 -23 18 -24 16 -25 14 -24 11 -21 10 -18 9 -14 7 -10 6 -5 6 0 6 4 8 8 10 11 11 13 2 3 0 0 0 0 0 0 0 0 0 0 0 0 0 0 0 0 0 0 0 1 1 5 -3 6 -8 8 -13 10 -18 13 -21 16 -24 19 -25 21 -25 22 -25 23 -23 23 -21 22 -18 19 -15 15 -12 11 -10 6 -9 0 -8 -6 -9 -12 -11 -17 -14 -21 -17 -24 -19 -26 -21 -26 -22 -26 -23 -25
1786806294.7496068,3294,128,28 -64 1 0 -5 -24 -4 -20 -2 -15 2 -11 6 -7 10 -4 14 -3 19 -2 23 -2 27 -3 29 -5 29 -7 29 -8 29 -9 26 -10 23 -9 20 -8 16 -6 12 -2 8 1 5 5 3 8 1 12 1 16 0 18 0 4 0 0 0 0 0 0 0 0 0 0 0 0 0 0 0 0 0 0 -1 1 -4 5 -8 3 -13 0 -18 -2 -23 -3 -27 -3 -31 -3 -34 -3 -35 -2 -35 -1 -33 0 -30 1 -26 1 -22 0 -16 -1 -11 -3 -7 -6 -3 -10 1 -15 3 -20 4 -25 3 -29 3 -32 2 -33 0 -34 -1 -35
1786806294.782957,3295,128,28 -64 1 0 16 17 13 14 9 11 4 9 -2 7 -7 7 -12 8 -16 9 -20 11 -23 14 -24 16 -24 18 -24 19 -22 19 -20 19 -17 17 -15 15 -13 11 -10 7 -8 2 -7 -2 -6 -6 -7 -10 -8 -14 -8 -16 -2 -5 0 0 0 0 0 0 0 0 0 0 0 0 0 0 0 0 0 0 -1 -2 -2 -6 2 -7 8 -8 13 -10 17 -13 21 -16 23 -18 25 -21 26 -22 25 -23 23 -23 21 -22 18 -19 14 -16 11 -11 9 -6 7 -1 6 5 7 12 8 17 10 22 12 25 15 27 16 28 17 27 18 26
1786806294.819115,2831,128,82 32 5 0 -18 26 -12 26 -14 25 -17 27 -16 25 -16 22 -16 18 -15 16 -14 16 -14 16 -15 16 -14 16 -10 15 -11 14 -15 15 -14 14 -12 10 -12 10 -11 11 -12 10 -12 8 -11 7 -9 6 -8 4 -9 5 -3 1 0 0 0 0 0 0 0 0 0 0 0 0 0 0 0 0 0 0 -2 2 -6 10 -8 10 -9 11 -9 13 -7 13 -6 12 -7 15 -8 16 -10 15 -12 16 -13 19 -13 20 -16 17 -17 16 -16 17 -16 18 -16 22 -16 25 -16 24 -17 23 -16 21 -14 20 -14 20 -14 21 -16 22 -22 20
1786806294.8580852,2833,128,82 32 5 0 -31 -15 -29 -16 -28 -16 -26 -14 -27 -12 -26 -11 -25 -11 -24 -11 -25 -10 -25 -8 -24 -7 -24 -7 -23 -7 -22 -7 -21 -6 -19 -4 -18 -3 -17 -4 -16 -6 -16 -7 -15 -7 -13 -7 -11 -6 -10 -7 -11 -8 -3 -3 0 0 0 0 0 0 0 0 0 0 0 0 0 0 0 0 0 0 -4 -3 -13 -11 -10 -10 -9 -12 -11 -11 -12 -12 -12 -14 -13 -14 -15 -14 -17 -16 -17 -17 -17 -18 -17 -17 -18 -17 -20 -17 -21 -18 -21 -19 -21 -16 -21 -16 -22 -18 -24 -19 -26 -17 -28 -16 -28 -16 -29 -17 -27 -20 -26 -22
1786806294.894133,1473,128,-128 0 8 0 -24 21 -22 20 -22 19 -20 19 -18 19 -18 20 -20 20 -20 20 -18 19 -14 17 -13 17 -11 17 -11 18 -13 18 -14 17 -14 16 -15 14 -13 14 -11 14 -10 13 -10 12 -10 11 -11 8 -12 8 -12 9 -3 2 0 0 0 0 0 0 0 0 0 0 0 0 0 0 0 0 0 0 -3 3 -12 12 -14 10 -14 5 -14 1 -14 3 -15 5 -17 9 -18 11 -17 10 -17 11 -19 12 -19 12 -21 9 -23 7 -22 8 -22 10 -25 11 -25 12 -24 13 -25 15 -25 16 -22 16 -23 17 -27 17 -29 15 -30 14
1786806294.9274108,3298,128,28 -64 1 0 -4 22 -4 18 -4 13 -5 8 -7 4 -10 0 -13 -3 -17 -5 -21 -6 -24 -6 -26 -5 -28 -4 -28 -2 -27 -1 -25 0 -23 0 -19 1 -16 0 -12 -2 -8 -4 -5 -6 -2 -8 0 -11 2 -14 2 -16 0 -5 0 0 0 0 0 0 0 0 0 0 0 0 0 0 0 0 0 0 1 -2 5 -4 7 -1 10 3 13 7 17 10 20 12 23 13 26 13 27 13 28 12 27 11 25 9 22 7 18 6 13 5 8 5 3 6 -2 9 -6 12 -10 15 -12 19 -13 22 -13 25 -13 27 -12 28 -11 28
1786806294.960767,3299,128,28 -64 1 0 3 -24 2 -20 3 -15 5 -9 7 -4 10 0 14 3 18 5 22 6 25 6 28 6 29 5 30 3 29 2 27 1 24 0 20 0 16 1 11 2 6 4 2 6 -1 8 -4 11 -6 14 -8 16 -2 4 0 0 0 0 0 0 0 0 0 0 0 0 0 0 0 0 0 0 -1 1 -5 3 -8 1 -12 -3 -16 -6 -21 -8 -25 -10 -29 -10 -31 -11 -33 -11 -33 -10 -32 -8 -29 -6 -25 -5 -21 -5 -15 -5 -10 -5 -5 -7 1 -10 5 -14 9 -18 11 -22 12 -26 12 -29 11 -30 10 -31 9 -31
1786806294.994935,1692,128,28 -64 1 0 -16 21 -15 22 -14 23 -12 23 -11 23 -9 22 -7 20 -7 20 -8 19 -9 18 -10 18 -11 18 -12 19 -14 20 -14 21 -14 22 -14 22 -14 23 -13 23 -13 22 -12 20 -12 17 -13 14 -14 11 -15 9 -4 2 0 0 0 0 0 0 0 0 0 0 0 0 0 0 0 0 0 0 -1 4 -1 17 -2 17 -3 17 -3 16 -3 16 -3 15 -4 13 -6 11 -7 10 -9 9 -11 8 -14 8 -16 8 -18 9 -19 10 -20 11 -19 14 -19 16 -19 16 -18 17 -16 18 -15 18 -16 17 -16 17 -16 17 -16 18
1786806295.03016,3300,128,28 -64 1 0 -25 1 -21 0 -16 -1 -10 -3 -6 -6 -2 -10 1 -14 2 -19 3 -23 3 -27 2 -29 1 -30 0 -30 -2 -30 -3 -28 -3 -25 -3 -21 -1 -17 1 -13 2 -9 4 -5 7 -1 11 1 14 2 16 4 4 1 0 0 0 0 0 0 0 0 0 0 0 0 0 0 0 0 0 0 1 0 5 2 2 6 0 11 -2 16 -3 21 -4 26 -4 30 -3 32 -2 34 -1 34 0 33 1 30 1 26 0 21 -1 15 -2 10 -5 5 -9 1 -14 -3 -19 -6 -24 -7 -28 -8 -31 -7 -33 -6 -34 -5 -34 -4
1786806295.063555,3301,128,28 -64 1 0 14 19 12 16 8 12 3 10 -2 8 -8 7 -13 7 -17 8 -21 10 -24 13 -25 15 -25 17 -24 18 -23 19 -20 18 -18 16 -15 14 -13 11 -11 7 -9 2 -7 -2 -6 -6 -7 -10 -8 -14 -8 -16 -3 -5 0 0 0 0 0 0 0 0 0 0 0 0 0 0 0 0 0 0 -1 -2 0 -6 4 -6 9 -7 15 -7 19 -9 24 -11 27 -13 29 -15 30 -17 29 -17 27 -18 25 -18 21 -16 18 -13 14 -9 10 -5 7 0 6 7 5 13 5 18 7 23 9 26 11 29 13 30 14 30 15 29
1786806295.09687,3302,128,28 -64 1 0 10 -24 8 -20 7 -14 8 -9 9 -4 11 1 14 5 17 7 21 9 25 9 27 9 28 7 29 6 29 5 27 3 24 2 20 1 16 2 11 3 7 5 3 6 0 8 -2 12 -4 15 -5 17 -2 4 0 0 0 0 0 0 0 0 0 0 0 0 0 0 0 0 0 0 -2 0 -7 1 -8 -2 -9 -8 -12 -13 -14 -17 -17 -20 -20 -23 -23 -24 -25 -24 -26 -24 -26 -22 -25 -19 -22 -16 -18 -14 -14 -12 -9 -10 -3 -9 3 -10 9 -12 13 -15 17 -18 19 -22 20 -25 20 -27 19 -28 17 -28
1786806295.133,1481,128,-128 0 8 0 -24 22 -24 22 -21 21 -19 21 -20 21 -21 20 -19 21 -18 21 -18 20 -19 18 -18 17 -16 16 -15 15 -15 14 -16 14 -17 15 -16 14 -14 11 -13 9 -14 9 -14 10 -13 9 -12 7 -10 5 -10 5 -3 1 0 0 0 0 0 0 0 0 0 0 0 0 0 0 0 0 0 0 -2 2 -8 11 -8 11 -11 11 -13 13 -13 13 -13 12 -14 13 -14 14 -14 14 -15 13 -17 13 -18 13 -19 14 -20 14 -20 16 -20 18 -22 18 -23 17 -22 18 -22 19 -22 18 -23 17 -25 18 -26 20 -27 21 -27 23
1786806295.169066,1482,128,-128 0 8 0 -25 14 -25 15 -23 14 -23 14 -23 14 -22 14 -19 13 -17 12 -17 14 -18 13 -17 13 -15 15 -15 15 -16 13 -16 12 -16 11 -15 10 -12 9 -12 8 -14 6 -15 5 -13 4 -12 4 -12 3 -12 3 -3 0 0 0 0 0 0 0 0 0 0 0 0 0 0 0 0 0 0 0 -2 2 -9 9 -12 7 -14 7 -15 8 -17 8 -17 6 -17 6 -16 6 -15 6 -16 6 -18 5 -19 6 -21 7 -22 6 -22 6 -23 7 -24 8 -25 10 -26 13 -25 13 -24 13 -24 13 -23 13 -24 15 -26 16 -27 15
1786806295.207974,1483,128,98 32 6 0 -31 -15 -29 -14 -28 -12 -27 -10 -26 -11 -25 -12 -25 -12 -25 -10 -26 -9 -26 -9 -25 -9 -22 -8 -21 -8 -20 -9 -20 -10 -18 -9 -17 -7 -18 -7 -18 -9 -16 -7 -14 -5 -11 -7 -11 -9 -12 -8 -11 -8 -3 -2 0 0 0 0 0 0 0 0 0 0 0 0 0 0 0 0 0 0 -3 -3 -11 -8 -10 -5 -12 -4 -15 -6 -17 -9 -16 -9 -17 -9 -19 -9 -20 -10 -19 -10 -18 -12 -20 -12 -22 -12 -23 -12 -25 -12 -27 -13 -28 -14 -28 -15 -26 -14 -25 -12 -27 -14 -29 -15 -30 -13 -28 -12 -26 -13 -27 -14
1786806295.2440808,1484,128,98 32 6 0 -20 25 -18 23 -17 19 -16 19 -16 20 -14 19 -13 17 -14 17 -14 18 -14 19 -15 17 -13 16 -11 15 -11 14 -11 14 -11 13 -12 11 -12 10 -12 10 -11 10 -12 9 -13 7 -11 6 -10 5 -11 3 -3 0 0 0 0 0 0 0 0 0 0 0 0 0 0 0 0 0 0 0 -2 2 -7 12 -7 12 -6 9 -6 8 -7 11 -8 13 -9 13 -9 13 -10 12 -12 13 -13 15 -13 16 -12 17 -13 18 -14 19 -15 19 -15 19 -16 19 -16 18 -17 18 -18 20 -17 22 -17 24 -16 23 -17 21 -16 21
1786806295.277365,3303,128,28 -64 1 0 0 -24 1 -20 2 -14 4 -9 6 -5 10 -1 14 3 18 5 22 5 25 5 27 5 29 3 29 2 28 1 26 0 23 -1 19 -1 15 0 10 1 6 3 2 5 -1 7 -4 11 -6 14 -7 16 -2 4 0 0 0 0 0 0 0 0 0 0 0 0 0 0 0 0 0 0 -1 1 -4 5 -7 2 -12 0 -17 -3 -22 -4 -26 -5 -30 -5 -32 -5 -33 -5 -34 -4 -32 -2 -30 -1 -26 -1 -21 -1 -16 -2 -11 -4 -6 -6 -1 -10 4 -15 7 -19 9 -23 9 -27 8 -30 8 -32 7 -32 6 -32
1786806295.307997,3304,128,28 -64 1 0 7 23 6 19 3 14 -1 10 -5 6 -10 4 -14 2 -19 2 -24 3 -27 4 -29 5 -30 7 -30 9 -29 9 -26 10 -23 9 -20 8 -16 6 -13 3 -9 -1 -6 -4 -4 -8 -3 -12 -2 -16 -2 -18 -1 -5 0 0 0 0 0 0 0 0 0 0 0 0 0 0 0 0 0 0 0 -2 2 -6 5 -5 11 -4 16 -3 21 -3 26 -4 29 -4 32 -5 33 -6 33 -8 31 -9 28 -9 24 -8 20 -6 15 -4 11 -1 6 3 3 8 0 14 -1 20 -1 24 -1 28 1 31 3 33 4 33 5 32
1786806295.3440351,3305,128,28 -64 1 0 17 -17 14 -14 11 -10 9 -5 8 0 7 5 8 11 10 15 12 18 15 20 17 21 19 21 20 21 21 20 20 18 18 15 15 12 11 10 7 8 3 7 -2 6 -6 6 -10 6 -13 8 -15 8 -4 2 0 0 0 0 0 0 0 0 0 0 0 0 0 0 0 0 0 0 -2 0 -6 1 -7 -3 -8 -8 -10 -14 -12 -18 -14 -22 -17 -25 -19 -27 -21 -27 -22 -27 -22 -25 -21 -23 -18 -20 -15 -16 -11 -13 -6 -11 -1 -9 5 -8 12 -8 17 -9 21 -11 25 -13 27 -16 28 -18 27 -19 26 -20
1786806295.377405,3306,128,28 -64 1 0 -24 5 -20 3 -15 1 -11 -2 -7 -6 -5 -10 -3 -15 -3 -20 -4 -24 -5 -27 -7 -29 -8 -30 -10 -30 -11 -29 -12 -26 -11 -23 -9 -20 -6 -16 -3 -13 0 -9 4 -6 7 -5 11 -4 15 -3 18 -3 4 -1 0 0 0 0 0 0 0 0 0 0 0 0 0 0 0 0 0 0 1 0 5 3 3 7 0 11 -2 16 -3 21 -4 26 -4 30 -3 33 -2 34 -1 34 0 32 1 29 1 25 0 21 -1 16 -3 11 -6 6 -11 2 -15 -2 -20 -3 -25 -4 -29 -4 -31 -3 -33 -1 -34 0 -33 1
1786806295.407969,676,128,-117 -78 40 0 -12 4 -12 4 -11 4 -11 5 -11 5 -10 5 -10 5 -10 5 -10 5 -10 6 -10 6 -10 6 -10 6 -10 6 -9 6 -9 6 -9 6 -9 5 -9 5 -8 5 -8 5 -8 5 -8 5 -8 5 -7 4 -2 1 0 0 0 0 0 0 0 0 0 0 0 0 0 0 0 0 0 0 -3 1 -10 4 -10 4 -11 4 -11 4 -11 4 -12 4 -12 4 -13 3 -13 3 -13 3 -13 3 -13 3 -13 2 -13 2 -13 2 -13 2 -13 2 -13 3 -13 3 -12 3 -12 3 -12 3 -12 4 -12 4 -12 4 -12 3
1786806295.444085,1485,128,98 32 6 0 20 -24 16 -22 18 -22 21 -23 20 -24 19 -25 16 -24 14 -22 15 -20 14 -18 11 -19 9 -20 10 -19 12 -18 11 -17 9 -16 9 -16 9 -16 10 -14 9 -12 8 -12 10 -10 11 -10 12 -9 11 -6 2 -2 0 0 0 0 0 0 0 0 0 0 0 0 0 0 0 0 0 0 0 -4 4 -15 6 -15 9 -11 9 -10 7 -11 8 -12 12 -12 14 -13 16 -14 17 -12 16 -12 16 -15 18 -17 18 -16 19 -16 20 -16 21 -15 22 -16 22 -20 22 -24 22 -25 21 -23 17 -22 16 -24 20 -26 24 -25
1786806295.477417,1486,128,-128 0 8 0 10 -30 10 -28 8 -27 6 -27 7 -26 7 -26 6 -24 5 -22 3 -21 2 -21 3 -21 2 -21 3 -19 4 -18 4 -18 4 -18 3 -16 3 -14 4 -14 5 -14 6 -14 6 -12 6 -11 6 -11 4 -9 0 -2 0 0 0 0 0 0 0 0 0 0 0 0 0 0 0 0 0 0 0 -2 3 -9 2 -12 2 -15 3 -15 3 -16 3 -16 2 -15 4 -16 5 -18 6 -20 6 -21 7 -20 9 -20 10 -22 10 -23 8 -25 7 -25 8 -24 10 -24 9 -26 9 -26 7 -26 6 -28 7 -29 10 -29 10 -30
1786806295.516295,1487,128,-128 0 8 0 -32 -11 -30 -8 -31 -7 -31 -8 -29 -6 -29 -7 -30 -7 -28 -5 -27 -5 -25 -5 -24 -4 -24 -4 -23 -4 -21 -3 -21 -4 -21 -2 -19 -2 -16 -3 -15 -4 -15 -4 -14 -3 -14 -3 -12 -3 -12 -4 -13 -3 -4 -1 0 0 0 0 0 0 0 0 0 0 0 0 0 0 0 0 0 0 -4 -1 -16 -4 -16 -6 -16 -7 -15 -8 -15 -7 -15 -7 -16 -8 -17 -8 -19 -8 -21 -9 -20 -10 -21 -12 -22 -12 -21 -13 -20 -13 -22 -13 -24 -15 -24 -16 -26 -15 -28 -14 -27 -15 -25 -14 -26 -11 -29 -9 -30 -12 -31 -14
1786806295.580208,1116,256,-125 48 8 0 12 20 10 16 6 13 2 10 -3 8 -8 7 -13 7 -17 9 -21 10 -24 13 -25 15 -26 17 -25 18 -23 19 -21 18 -18 16 -16 14 -14 11 -11 6 -9 2 -7 -3 -7 -7 -7 -11 -8 -14 -9 -17 -3 -5 0 0 0 0 0 0 0 0 0 0 0 0 0 0 0 0 0 0 -1 -2 1 -7 5 -6 10 -6 16 -5 21 -6 25 -7 29 -9 31 -10 32 -11 31 -12 30 -13 27 -13 23 -12 19 -9 15 -6 11 -3 8 2 5 8 4 13 4 19 5 23 6 27 8 29 10 30 12 31 13 31 2 6 10 25 8 21 6 17 4 13 0 10 -5 7 -9 6 -14 5 -18 6 -22 7 -24 10 -26 12 -26 13 -26 15 -25 15 -23 14 -19 13 -17 11 -14 9 -12 5 -9 0 -7 -4 -6 -7 -6 -11 -6 -15 -7 -17 -7 -18 -6 -19 -2 -5 0 0 0 0 0 0 0 0 0 0 -2 -3 -7 -10 -3 -8 1 -7 6 -5 11 -3 16 -2 21 -1 25 -2 29 -3 31 -4 32 -5 32 -5 30 -6 28 -7 24 -7 20 -5 15 -3 10 0 7 3 4 8 2 13 0 18 0 23 1 27 3 29 5 29 6 29 7 27
1786806295.613467,3308,128,28 -64 1 0 23 -8 19 -6 15 -4 11 0 7 4 5 9 4 13 4 18 5 22 6 25 8 27 10 27 12 27 13 26 13 24 12 20 10 17 7 14 4 11 0 8 -3 6 -7 5 -11 4 -15 5 -17 5 -5 1 0 0 0 0 0 0 0 0 0 0 0 0 0 0 0 0 0 0 -2 -1 -6 -4 -4 -7 -1 -12 1 -17 2 -22 2 -26 2 -30 1 -33 0 -34 -2 -35 -3 -33 -3 -30 -3 -26 -2 -22 -1 -17 1 -12 4 -8 9 -4 14 -1 19 1 24 2 28 1 31 0 33 -2 33 -3 33 -4
1786806295.6441731,3309,128,28 -64 1 0 -1 24 -1 19 -2 14 -4 9 -7 4 -10 -1 -14 -4 -18 -7 -22 -8 -26 -8 -28 -8 -30 -7 -30 -6 -30 -5 -28 -4 -25 -3 -21 -2 -17 -2 -12 -3 -7 -5 -3 -6 1 -8 4 -11 6 -13 8 -15 2 -4 0 0 0 0 0 0 0 0 0 0 0 0 0 0 0 0 0 0 0 -2 2 -6 5 -4 10 -2 16 0 21 1 26 1 29 1 32 0 33 0 33 -1 32 -3 29 -4 25 -4 20 -3 15 -1 10 1 5 4 0 8 -4 13 -7 18 -9 23 -10 27 -9 29 -8 31 -7 32 -6 32
1786806295.67748,3310,128,28 -64 1 0 -22 4 -18 3 -13 1 -9 -1 -6 -5 -4 -9 -3 -13 -2 -18 -3 -21 -4 -24 -5 -26 -7 -26 -8 -26 -9 -25 -10 -23 -9 -20 -8 -17 -5 -14 -3 -11 0 -8 3 -5 6 -4 10 -3 13 -2 15 -2 4 -1 0 0 0 0 0 0 0 0 0 0 0 0 0 0 0 0 0 0 1 0 5 2 3 6 1 10 -1 15 -1 19 -1 23 -1 26 0 29 1 30 1 30 2 28 3 26 2 22 1 18 0 14 -2 10 -5 6 -10 2 -14 -1 -19 -2 -23 -3 -26 -2 -29 -1 -30 0 -30 2 -29 3
1786806295.7108312,3311,128,28 -64 1 0 -12 -22 -9 -18 -6 -13 -1 -10 3 -7 8 -6 13 -5 18 -5 22 -7 25 -9 26 -10 27 -12 26 -13 25 -14 23 -14 19 -13 16 -11 13 -9 10 -5 7 -1 4 2 3 6 3 10 2 14 2 16 0 4 0 0 0 0 0 0 0 0 0 0 0 0 0 0 0 0 0 0 0 1 -1 5 -5 5 -11 5 -16 5 -21 6 -25 8 -29 9 -31 11 -31 12 -31 12 -29 13 -27 13 -23 11 -19 9 -15 5 -11 1 -8 -3 -5 -9 -4 -15 -3 -20 -4 -25 -5 -28 -7 -31 -9 -32 -10 -32 -11 -31
1786806295.744025,1489,128,98 32 6 0 21 18 20 18 20 18 21 16 20 15 17 15 17 15 18 15 19 14 18 12 16 11 14 10 14 10 14 11 13 12 12 13 11 11 11 10 11 11 9 11 8 10 8 9 7 9 5 9 5 8 1 2 0 0 0 0 0 0 0 0 0 0 0 0 0 0 0 0 0 0 2 0 9 3 9 5 10 6 10 7 9 8 9 10 11 12 12 11 13 11 14 12 14 12 15 14 17 16 17 15 16 15 17 16 18 17 19 17 19 18 17 18 18 18 20 19 21 18 21 17 22 17 22 17
1786806295.7774,3312,128,28 -64 1 0 20 14 16 12 11 9 6 8 0 8 -5 9 -10 11 -13 14 -17 17 -18 20 -19 22 -18 24 -17 25 -15 25 -13 24 -11 21 -10 18 -9 14 -8 10 -8 5 -7 0 -8 -4 -10 -8 -12 -11 -13 -12 -4 -4 0 0 0 0 0 0 0 0 0 0 0 0 0 0 0 0 0 0 -1 -2 -2 -7 2 -8 7 -9 12 -12 16 -14 20 -18 22 -21 24 -23 24 -25 23 -25 21 -25 19 -24 16 -21 14 -17 11 -13 9 -7 8 -2 8 5 9 11 11 16 14 20 17 23 20 24 22 25 23 24 24 23
1786806295.81633,1493,128,-128 0 8 0 -20 -29 -17 -26 -15 -24 -13 -24 -11 -24 -13 -25 -14 -24 -13 -23 -14 -23 -14 -21 -14 -21 -12 -21 -11 -19 -11 -19 -11 -19 -10 -17 -10 -15 -8 -15 -4 -16 -2 -16 -2 -16 -2 -15 -1 -13 -1 -13 -1 -12 0 -3 0 0 0 0 0 0 0 0 0 0 0 0 0 0 0 0 0 0 -1 -2 -5 -8 -10 -9 -11 -10 -9 -11 -9 -12 -10 -13 -13 -13 -13 -12 -12 -14 -12 -16 -13 -17 -14 -17 -15 -18 -15 -20 -15 -21 -14 -21 -13 -22 -14 -24 -15 -24 -16 -23 -16 -25 -16 -26 -16 -25 -16 -26 -18 -28 -20 -28
1786806295.849628,1494,128,-128 0 8 0 23 16 23 16 20 17 19 17 18 16 18 15 18 14 18 14 16 14 16 13 16 12 16 13 15 13 13 12 13 12 13 13 12 12 11 12 9 12 8 11 7 10 7 9 6 9 4 10 5 10 1 2 0 0 0 0 0 0 0 0 0 0 0 0 0 0 0 0 0 0 3 1 12 5 11 5 10 7 12 9 13 10 11 8 11 7 13 9 13 10 13 12 14 12 14 12 15 11 16 12 16 13 17 15 19 15 20 17 19 17 19 16 20 15 19 15 18 17 18 19 18 20 20 20
1786806295.882988,1495,128,98 32 6 0 -2 -30 -1 -30 -2 -27 -2 -25 -2 -24 -2 -24 -4 -24 -3 -23 -3 -22 -5 -23 -4 -23 -2 -23 -4 -22 -6 -20 -4 -18 -2 -17 -3 -17 -3 -16 -2 -16 -1 -16 -1 -15 1 -14 1 -13 1 -12 1 -11 0 -3 0 0 0 0 0 0 0 0 0 0 0 0 0 0 0 0 0 0 -1 -3 -1 -10 2 -10 4 -12 5 -15 4 -14 2 -13 1 -15 1 -17 0 -17 1 -18 3 -18 3 -20 3 -22 4 -22 4 -22 2 -23 1 -24 1 -25 0 -24 0 -25 0 -27 -1 -28 -1 -27 -1 -27 0 -28 1 -27
1786806295.916301,3314,128,28 -64 1 0 -10 -23 -8 -20 -5 -15 -1 -11 3 -8 8 -6 13 -4 18 -4 22 -5 25 -6 27 -8 28 -9 28 -10 27 -11 24 -11 22 -11 18 -9 15 -7 11 -3 8 0 5 3 3 7 2 11 1 14 1 17 0 4 0 0 0 0 0 0 0 0 0 0 0 0 0 0 0 0 0 0 0 1 -1 5 -5 4 -10 3 -16 3 -21 4 -25 5 -29 7 -31 8 -33 9 -33 10 -31 11 -28 12 -25 10 -20 8 -16 5 -12 2 -8 -3 -5 -8 -3 -14 -2 -19 -2 -24 -3 -28 -4 -31 -6 -33 -7 -33 -8 -32
1786806295.9496288,3320,128,28 -64 1 0 24 4 19 3 14 3 9 4 3 6 -1 9 -4 13 -7 17 -9 21 -9 24 -9 27 -8 28 -7 29 -5 29 -4 27 -2 24 -3 20 -3 16 -4 11 -5 6 -6 2 -8 -1 -11 -4 -14 -7 -16 -8 -5 -2 0 0 0 0 0 0 0 0 0 0 0 0 0 0 0 0 0 0 -2 -1 -5 -4 -2 -7 1 -12 4 -16 7 -21 8 -25 9 -29 9 -32 8 -33 7 -34 6 -33 4 -30 4 -26 3 -21 3 -16 4 -11 5 -5 9 0 12 5 16 9 21 11 25 12 28 12 30 12 31 11 31 10
1786806295.9886909,1497,128,98 32 6 0 -23 -26 -24 -26 -21 -26 -19 -24 -19 -22 -17 -21 -16 -20 -16 -19 -17 -18 -18 -18 -18 -17 -17 -18 -15 -20 -13 -21 -12 -20 -12 -16 -11 -14 -9 -16 -7 -16 -7 -14 -8 -13 -6 -13 -5 -13 -5 -13 -6 -14 -2 -4 0 0 0 0 0 0 0 0 0 0 0 0 0 0 0 0 0 0 -3 -2 -11 -8 -10 -10 -9 -9 -9 -11 -12 -13 -16 -12 -18 -11 -15 -10 -12 -10 -14 -11 -18 -14 -18 -18 -19 -19 -19 -20 -19 -22 -20 -23 -20 -22 -21 -22 -23 -23 -22 -22 -21 -21 -22 -22 -22 -25 -22 -26 -22 -26 -23 -24
1786806296.0246432,1498,128,-128 0 8 0 -26 13 -24 11 -28 12 -27 11 -23 11 -21 12 -22 12 -20 11 -19 13 -18 14 -16 11 -15 9 -16 8 -19 10 -20 11 -18 8 -16 8 -14 8 -13 6 -13 5 -12 5 -12 5 -11 5 -11 4 -11 3 -3 0 0 0 0 0 0 0 0 0 0 0 0 0 0 0 0 0 0 0 -3 2 -12 9 -10 9 -9 8 -11 9 -15 7 -17 5 -17 5 -17 6 -17 4 -18 2 -18 3 -20 5 -22 5 -23 6 -24 8 -24 10 -24 10 -24 9 -24 9 -26 10 -26 9 -27 9 -25 10 -24 11 -24 12 -26 11
1786806296.0607932,1499,128,-128 0 8 0 -25 -6 -27 -5 -27 -6 -24 -6 -22 -6 -22 -5 -22 -5 -24 -5 -24 -5 -23 -6 -23 -7 -21 -7 -19 -6 -17 -5 -16 -4 -16 -4 -15 -3 -14 -3 -14 -3 -14 -3 -13 -4 -12 -6 -11 -7 -9 -6 -8 -5 -2 -1 0 0 0 0 0 0 0 0 0 0 0 0 0 0 0 0 0 0 -3 0 -10 3 -11 3 -12 1 -13 -2 -16 -2 -17 -1 -18 0 -18 -1 -18 -3 -20 -5 -22 -7 -21 -7 -20 -6 -20 -4 -21 -5 -23 -7 -27 -8 -29 -9 -28 -8 -26 -5 -25 -4 -25 -4 -25 -5 -27 -5 -28 -5 -28 -5
1786806296.1302772,1117,256,-125 48 8 0 -21 -10 -17 -9 -13 -8 -8 -7 -3 -8 1 -10 5 -12 8 -15 10 -19 11 -22 11 -24 10 -25 9 -26 7 -26 6 -24 4 -22 4 -19 4 -15 4 -11 5 -7 5 -3 7 0 9 3 12 5 14 7 3 1 0 0 0 0 0 0 0 0 0 0 0 0 0 0 0 0 0 0 0 1 2 5 -2 6 -7 8 -11 10 -15 13 -18 16 -20 19 -21 21 -21 23 -20 23 -18 23 -16 22 -14 20 -12 16 -10 12 -9 7 -8 2 -9 -4 -11 -9 -13 -13 -16 -17 -19 -19 -22 -19 -24 -19 -25 -18 -25 -17 -12 -6 -45 -23 -38 -20 -32 -17 -25 -14 -15 -14 -4 -16 5 -19 11 -23 16 -29 20 -35 22 -41 23 -45 22 -48 19 -50 16 -49 13 -46 10 -40 9 -35 8 -30 9 -21 10 -12 11 -4 14 2 18 7 22 12 26 15 27 16 27 17 6 4 0 0 0 0 0 0 0 0 0 0 5 1 19 4 13 6 5 9 -3 12 -12 15 -20 20 -27 26 -32 32 -37 38 -39 42 -39 44 -37 45 -34 46 -31 43 -27 38 -23 30 -19 22 -15 14 -14 4 -16 -6 -20 -17 -24 -25 -30 -31 -36 -35 -42 -37 -44 -36 -45 -32 -45 -28
1786806296.163626,1501,128,98 32 6 0 -9 28 -9 29 -8 27 -7 26 -7 26 -8 25 -9 24 -9 24 -7 24 -5 24 -5 23 -4 23 -3 24 -4 22 -6 19 -7 18 -6 17 -6 15 -7 14 -8 14 -8 12 -7 11 -8 11 -8 10 -7 10 -2 2 0 0 0 0 0 0 0 0 0 0 0 0 0 0 0 0 0 0 -1 2 -1 9 -2 10 -4 12 -4 13 -4 13 -4 15 -5 17 -4 18 -3 19 -4 21 -5 22 -5 21 -6 20 -6 20 -7 22 -9 25 -9 25 -11 24 -11 25 -10 26 -10 27 -9 27 -9 28 -9 28 -9 28 -10 30
1786806296.196884,1502,128,98 32 6 0 -6 28 -4 28 -5 27 -6 26 -4 23 -2 21 -1 20 -1 21 -3 22 -4 22 -4 21 -3 20 -4 20 -5 18 -6 16 -6 16 -6 16 -4 15 -4 12 -6 11 -6 11 -5 10 -5 10 -4 8 -4 7 -2 1 0 0 0 0 0 0 0 0 0 0 0 0 0 0 0 0 0 0 2 3 7 11 2 8 -1 9 0 12 0 13 0 13 -1 15 -1 16 -2 15 -2 15 -2 16 -1 17 -1 18 -2 19 -3 20 -3 21 -2 22 -4 23 -6 23 -5 24 -3 25 -3 26 -3 24 -4 24 -5 26 -4 28
1786806296.227626,1503,128,98 32 6 0 2 31 2 30 0 29 -1 29 -2 27 -1 24 0 24 1 25 0 25 0 24 2 22 3 22 2 22 3 21 3 20 1 20 0 19 0 17 0 16 -1 16 -1 14 -2 12 -3 12 -2 11 -1 10 -1 2 0 0 0 0 0 0 0 0 0 0 0 0 0 0 0 0 0 0 0 2 0 12 -1 13 -2 14 -2 17 -1 17 -2 14 -3 15 -4 16 -4 17 -5 20 -6 22 -6 22 -6 23 -6 24 -6 24 -6 26 -5 26 -4 26 -3 25 -3 25 -3 27 -2 27 -3 28 -5 29 -5 31 -5 33
1786806296.266426,1504,128,-128 0 8 0 -15 -30 -12 -32 -12 -31 -13 -27 -11 -25 -10 -25 -12 -24 -14 -23 -15 -23 -13 -22 -13 -20 -12 -19 -10 -19 -9 -18 -10 -18 -10 -17 -8 -16 -6 -16 -6 -15 -5 -14 -3 -15 -3 -15 -3 -13 -3 -12 -4 -11 -1 -3 0 0 0 0 0 0 0 0 0 0 0 0 0 0 0 0 0 0 -2 -2 -7 -7 -9 -9 -9 -11 -7 -12 -7 -12 -8 -14 -9 -16 -9 -17 -8 -19 -7 -20 -8 -18 -8 -20 -8 -23 -9 -22 -11 -22 -12 -25 -11 -25 -9 -24 -10 -24 -11 -24 -11 -26 -11 -26 -13 -23 -13 -24 -13 -28 -15 -31
1786806296.2997172,3333,128,28 -64 1 0 -9 -24 -7 -20 -4 -15 0 -11 4 -8 9 -5 13 -4 18 -3 22 -4 25 -5 27 -6 28 -8 28 -9 27 -10 25 -10 22 -10 19 -9 15 -7 11 -3 8 0 5 3 2 7 1 11 0 14 0 17 0 4 0 0 0 0 0 0 0 0 0 0 0 0 0 0 0 0 0 0 0 1 -2 5 -5 4 -11 3 -16 3 -21 3 -26 4 -29 5 -32 7 -33 8 -33 9 -31 9 -29 10 -25 9 -20 7 -16 4 -11 1 -7 -3 -4 -8 -2 -14 -1 -20 -1 -25 -1 -29 -3 -31 -4 -33 -5 -33 -6 -33
1786806296.327502,1505,128,-128 0 8 0 31 5 30 1 28 1 27 3 27 3 23 4 22 4 23 1 23 1 24 2 23 2 22 2 21 2 21 1 22 2 20 4 17 4 16 3 14 4 12 5 11 4 9 5 10 5 10 5 9 6 2 1 0 0 0 0 0 0 0 0 0 0 0 0 0 0 0 0 0 0 2 -1 11 -3 10 -2 11 0 14 2 17 -2 18 -4 18 -3 19 -2 18 -2 17 -2 20 0 23 0 24 -1 24 -1 25 0 25 1 26 1 27 1 29 2 28 3 25 2 25 1 27 1 30 1 32 4 35 5
1786806296.360918,1506,128,-128 0 8 0 7 -23 7 -23 8 -24 8 -24 8 -23 8 -22 6 -22 4 -22 5 -22 5 -21 4 -20 4 -19 4 -17 4 -16 6 -17 6 -15 6 -12 5 -13 4 -13 4 -11 5 -11 7 -11 6 -11 6 -10 7 -10 1 -3 0 0 0 0 0 0 0 0 0 0 0 0 0 0 0 0 0 0 1 -3 3 -12 2 -11 4 -11 6 -9 6 -11 5 -14 6 -15 8 -16 8 -18 8 -19 8 -20 9 -20 10 -19 10 -19 11 -19 11 -19 10 -21 11 -22 13 -22 12 -24 10 -24 11 -23 14 -25 13 -28 12 -28 13 -27
1786806296.3969479,1507,128,-128 0 8 0 -24 18 -23 18 -24 18 -24 19 -21 20 -19 19 -19 17 -19 16 -18 17 -17 16 -15 15 -16 16 -17 15 -17 12 -17 11 -16 11 -14 10 -11 9 -11 7 -12 6 -13 6 -12 7 -11 6 -12 4 -12 3 -3 0 0 0 0 0 0 0 0 0 0 0 0 0 0 0 0 0 0 0 -2 2 -6 10 -8 10 -12 10 -15 10 -15 10 -15 12 -14 14 -14 12 -16 11 -17 12 -18 12 -16 10 -16 10 -20 12 -24 13 -24 15 -22 17 -21 17 -21 17 -24 16 -24 15 -23 16 -25 19 -26 20 -25 19 -25 18
1786806296.432996,1508,128,-128 0 8 0 -25 11 -25 12 -23 13 -23 15 -22 14 -20 12 -18 11 -18 10 -19 10 -18 8 -18 8 -16 10 -16 10 -17 10 -18 9 -16 7 -16 6 -15 6 -14 6 -14 4 -14 3 -13 3 -12 3 -12 1 -11 -1 -3 -1 0 0 0 0 0 0 0 0 0 0 0 0 0 0 0 0 0 0 -3 0 -10 2 -12 3 -12 4 -12 9 -14 9 -16 5 -15 2 -17 2 -19 5 -20 7 -21 7 -22 7 -21 5 -21 3 -23 4 -26 7 -26 9 -24 11 -24 11 -27 8 -28 7 -27 9 -24 9 -24 9 -25 11 -28 11
1786806296.466339,3334,128,28 -64 1 0 6 -24 5 -20 5 -14 5 -9 7 -4 9 1 12 5 15 8 19 10 23 11 25 11 27 10 27 9 27 9 26 7 23 6 19 4 15 4 10 4 6 5 1 6 -3 7 -6 9 -9 12 -11 13 -3 3 0 0 0 0 0 0 0 0 0 0 0 0 0 0 0 0 0 0 -1 1 -4 4 -7 1 -11 -3 -15 -6 -20 -9 -24 -10 -28 -11 -31 -11 -32 -11 -33 -11 -32 -9 -29 -7 -25 -6 -21 -5 -16 -5 -10 -5 -5 -7 1 -9 6 -13 10 -16 13 -20 15 -24 15 -27 15 -29 14 -30 13 -30
1786806296.4968839,680,128,-117 -78 40 0 10 -5 10 -5 10 -5 10 -5 10 -5 10 -6 9 -6 9 -6 9 -6 9 -6 8 -6 8 -7 8 -7 9 -7 8 -7 8 -7 8 -6 8 -6 8 -6 7 -6 7 -6 7 -6 7 -6 7 -5 7 -5 1 -2 0 0 0 0 0 0 0 0 0 0 0 0 0 0 0 0 0 0 2 -2 9 -5 9 -5 9 -5 10 -5 10 -5 11 -5 11 -4 12 -4 12 -4 12 -4 12 -3 12 -3 12 -3 12 -3 12 -3 12 -3 12 -3 12 -3 12 -3 11 -4 11 -4 11 -4 11 -4 11 -4 11 -4 11 -4
1786806296.530245,3335,128,28 -64 1 0 13 19 11 16 7 13 3 10 -3 8 -8 7 -13 7 -17 9 -21 11 -23 13 -25 15 -26 17 -25 18 -24 19 -21 18 -19 16 -16 14 -14 11 -11 6 -9 2 -7 -3 -7 -7 -7 -11 -8 -15 -8 -17 -2 -5 0 0 0 0 0 0 0 0 0 0 0 0 0 0 0 0 0 0 -1 -2 0 -7 4 -6 9 -7 15 -7 20 -8 24 -10 28 -12 30 -14 30 -15 30 -16 28 -17 26 -16 22 -14 18 -12 14 -8 10 -4 8 1 6 7 5 13 5 18 6 23 8 27 10 29 12 30 14 30 15 30
1786806296.560883,3336,128,28 -64 1 0 -1 24 -1 19 -2 14 -4 9 -7 5 -10 1 -14 -3 -19 -5 -23 -5 -26 -5 -29 -4 -30 -3 -30 -2 -30 -1 -28 1 -25 1 -21 1 -17 0 -12 -2 -8 -4 -4 -6 -1 -8 2 -12 4 -15 5 -17 1 -5 0 0 0 0 0 0 0 0 0 0 0 0 0 0 0 0 0 0 0 -2 3 -5 6 -3 10 0 15 2 20 3 25 4 28 4 31 4 33 3 33 2 32 1 29 -1 25 -1 20 0 15 1 10 2 5 5 0 9 -4 13 -7 18 -9 22 -9 26 -9 29 -8 31 -7 32 -6 32
1786806296.6303759,1118,256,-125 48 8 0 21 12 17 10 12 8 6 7 1 7 -4 8 -9 10 -12 13 -16 17 -18 20 -18 22 -18 24 -17 25 -15 25 -13 24 -11 22 -10 19 -9 15 -8 10 -7 5 -7 1 -8 -4 -9 -7 -11 -11 -13 -13 -4 -4 0 0 0 0 0 0 0 0 0 0 0 0 0 0 0 0 0 0 -1 -2 -3 -6 1 -8 6 -10 10 -13 14 -16 17 -20 19 -23 20 -26 20 -27 19 -28 18 -28 16 -26 13 -23 11 -18 9 -14 7 -9 7 -3 8 3 10 9 12 14 15 18 18 21 22 22 23 22 24 22 25 20 12 7 47 28 40 24 32 20 25 16 13 14 2 14 -8 17 -16 21 -23 26 -29 33 -33 39 -34 44 -33 47 -31 49 -29 50 -24 47 -20 41 -17 36 -16 29 -14 20 -13 9 -13 0 -14 -7 -17 -14 -21 -20 -24 -24 -25 -27 -25 -29 -7 -8 0 0 0 0 0 0 0 0 0 0 -6 -1 -22 -3 -15 -6 -7 -10 2 -14 11 -19 20 -24 27 -31 33 -38 37 -45 39 -50 39 -51 38 -51 35 -51 31 -49 27 -43 22 -35 18 -25 15 -16 14 -6 16 7 19 19 23 28 28 36 35 40 41 41 44 40 44 37 44 34
1786806296.6663969,3338,128,28 -64 1 0 -14 -21 -12 -17 -8 -13 -3 -10 2 -8 7 -7 12 -6 17 -8 21 -9 24 -11 26 -13 26 -15 26 -16 25 -17 23 -16 20 -15 17 -13 14 -10 11 -6 8 -2 6 2 4 6 4 11 3 15 3 17 0 4 0 0 0 0 0 0 0 0 0 0 0 0 0 0 0 0 0 0 0 1 0 5 -4 5 -10 6 -15 7 -20 9 -24 11 -28 14 -30 15 -30 16 -30 17 -28 18 -25 17 -22 15 -18 12 -14 8 -11 4 -8 -1 -6 -7 -5 -14 -5 -19 -6 -24 -8 -27 -11 -30 -13 -31 -14 -30 -15 -29
1786806296.699698,3338,128,28 -64 1 0 16 17 13 14 10 12 4 9 -1 8 -6 8 -11 9 -16 11 -20 13 -23 15 -24 18 -24 19 -23 21 -21 22 -19 21 -17 19 -15 16 -13 13 -11 8 -9 3 -8 -2 -7 -6 -8 -10 -9 -14 -9 -16 -3 -5 0 0 0 0 0 0 0 0 0 0 0 0 0 0 0 0 0 0 -1 -2 -1 -6 3 -7 8 -8 13 -10 18 -12 22 -15 25 -17 27 -19 28 -21 27 -21 26 -21 23 -20 20 -17 17 -14 13 -10 10 -6 8 0 7 5 7 12 8 17 9 22 12 25 14 27 16 29 18 28 20 28
1786806296.7330701,3338,128,28 -64 1 0 6 -24 5 -20 5 -15 6 -10 7 -5 10 0 13 4 17 7 21 8 24 9 26 9 27 8 28 6 28 5 26 4 24 3 20 2 16 2 11 3 7 4 3 6 -1 8 -4 10 -6 13 -7 15 -2 4 0 0 0 0 0 0 0 0 0 0 0 0 0 0 0 0 0 0 -2 1 -5 3 -7 0 -11 -5 -14 -9 -18 -12 -22 -14 -26 -15 -28 -16 -30 -16 -31 -15 -30 -13 -28 -11 -25 -9 -20 -8 -15 -7 -10 -7 -4 -7 1 -9 6 -13 11 -16 14 -20 15 -23 16 -27 16 -29 15 -30 14 -30
1786806296.76645,3340,128,28 -64 1 0 18 -16 14 -13 11 -9 9 -4 7 1 6 7 7 12 8 16 11 20 13 23 15 24 17 24 19 24 19 23 19 20 17 17 14 14 11 12 6 9 2 7 -2 6 -7 5 -11 5 -15 5 -18 6 -5 1 0 0 0 0 0 0 0 0 0 0 0 0 0 0 0 0 0 0 -2 0 -7 0 -7 -4 -8 -10 -9 -15 -11 -20 -14 -24 -16 -27 -18 -29 -19 -29 -20 -29 -20 -27 -18 -24 -16 -20 -13 -17 -9 -13 -4 -10 1 -8 7 -7 13 -7 18 -7 23 -9 26 -11 28 -13 29 -15 29 -16 28 -17
1786806296.7970161,3340,128,28 -64 1 0 1 24 1 19 -1 14 -3 9 -7 5 -11 2 -15 0 -20 -1 -24 -1 -28 0 -30 1 -31 3 -32 5 -31 6 -28 6 -25 6 -21 6 -17 4 -13 1 -9 -2 -6 -6 -3 -9 -1 -13 0 -17 0 -19 0 -5 0 0 0 0 0 0 0 0 0 0 0 0 0 0 0 0 0 0 0 -2 4 -5 7 -3 11 0 16 3 21 4 26 5 29 6 32 6 33 5 33 4 32 3 29 1 25 1 20 1 15 2 10 3 5 6 0 9 -4 14 -6 19 -8 23 -8 27 -7 30 -6 32 -5 32 -4 32
1786806296.830336,3343,128,28 -64 1 0 21 11 17 9 12 7 6 6 1 7 -4 8 -9 11 -12 14 -15 17 -17 20 -17 22 -17 24 -16 25 -14 25 -12 24 -10 21 -9 18 -8 14 -7 9 -7 5 -7 0 -7 -4 -9 -7 -11 -11 -12 -12 -4 -4 0 0 0 0 0 0 0 0 0 0 0 0 0 0 0 0 0 0 -1 -2 -3 -6 0 -8 5 -11 9 -14 12 -18 15 -22 17 -25 18 -27 18 -29 17 -29 16 -29 14 -27 12 -24 10 -19 8 -14 7 -9 7 -3 8 3 10 9 13 14 16 18 19 20 22 21 25 21 26 20 26 18
1786806296.8636239,3344,128,28 -64 1 0 25 2 20 2 15 3 10 4 5 6 1 9 -2 13 -5 18 -6 22 -7 25 -6 27 -5 28 -3 29 -2 29 0 27 0 24 0 21 -1 17 -3 13 -4 8 -6 4 -9 1 -12 -2 -15 -4 -17 -5 -5 -2 0 0 0 0 0 0 0 0 0 0 0 0 0 0 0 0 0 0 -2 -1 -5 -5 -2 -8 1 -12 5 -16 7 -20 9 -25 9 -29 9 -32 8 -34 8 -34 7 -33 5 -31 4 -27 4 -22 3 -17 4 -12 6 -6 9 -1 12 4 17 7 21 10 26 11 29 11 31 11 32 9 32 7
1786806296.897032,3349,128,28 -64 1 0 7 -23 6 -18 6 -13 6 -8 7 -3 9 2 12 6 15 10 19 12 22 13 24 13 25 12 26 11 26 10 25 8 22 6 19 5 14 4 10 4 5 5 1 5 -3 7 -7 9 -10 11 -12 12 -3 3 0 0 0 0 0 0 0 0 0 0 0 0 0 0 0 0 0 0 -2 1 -5 3 -8 0 -11 -4 -15 -8 -19 -11 -23 -13 -26 -14 -29 -14 -31 -15 -31 -14 -30 -12 -27 -10 -24 -9 -19 -8 -14 -7 -9 -7 -3 -7 2 -9 8 -12 12 -15 15 -19 17 -22 17 -25 17 -27 17 -28 15 -28
1786806296.9330812,1513,128,-85 -79 26 0 -17 20 -17 20 -17 23 -17 23 -15 21 -13 20 -12 19 -12 17 -12 17 -12 17 -12 16 -11 15 -11 15 -11 15 -11 13 -10 12 -10 11 -12 9 -12 10 -11 11 -11 10 -11 8 -11 6 -11 5 -11 5 -3 1 0 0 0 0 0 0 0 0 0 0 0 0 0 0 0 0 0 0 -1 3 -3 15 -5 14 -8 12 -9 10 -7 10 -6 12 -7 13 -7 14 -8 13 -7 13 -8 14 -9 15 -11 16 -14 17 -15 18 -13 18 -13 19 -15 20 -16 21 -16 20 -16 20 -16 22 -17 22 -16 22 -15 22 -13 22
1786806296.966374,1514,128,-65 -15 27 0 -30 7 -28 8 -27 9 -27 9 -26 8 -24 6 -23 7 -22 7 -21 6 -20 6 -20 7 -21 6 -23 5 -23 5 -22 3 -21 2 -20 2 -19 2 -18 1 -16 1 -15 3 -14 3 -14 1 -13 -1 -11 -1 -3 -1 0 0 0 0 0 0 0 0 0 0 0 0 0 0 0 0 0 0 -3 0 -11 5 -10 7 -10 7 -13 6 -18 6 -17 5 -16 4 -17 4 -18 7 -18 6 -17 3 -18 2 -21 3 -24 4 -26 3 -26 3 -26 5 -27 8 -26 7 -28 8 -28 9 -29 7 -30 5 -29 6 -30 7 -32 8
1786806297.005335,3351,128,28 -64 1 0 -19 -12 -19 -12 -19 -12 -19 -11 -19 -11 -19 -10 -19 -10 -20 -10 -20 -9 -20 -9 -19 -9 -19 -8 -19 -8 -19 -8 -19 -7 -18 -7 -19 -8 -19 -8 -18 -8 -17 -7 -16 -6 -15 -6 -15 -6 -15 -7 -15 -7 -4 -2 0 0 0 0 0 0 0 0 0 0 0 0 0 0 0 0 0 0 -5 -2 -17 -8 -17 -8 -17 -9 -17 -10 -18 -11 -19 -12 -19 -12 -19 -13 -18 -13 -18 -13 -19 -14 -19 -14 -18 -15 -18 -15 -18 -15 -18 -14 -19 -14 -19 -14 -19 -14 -19 -14 -19 -14 -19 -13 -19 -13 -19 -13 -19 -13 -19 -13
1786806297.0386071,3355,128,28 -64 1 0 18 16 18 16 18 16 18 15 18 14 18 14 19 13 19 13 19 13 19 12 19 12 19 12 19 11 19 11 19 11 18 10 18 11 18 11 18 10 17 10 16 9 15 8 14 8 14 9 14 9 3 2 0 0 0 0 0 0 0 0 0 0 0 0 0 0 0 0 0 0 3 2 15 11 15 12 15 13 15 14 16 15 16 16 16 16 16 17 16 17 16 18 16 18 16 19 16 19 15 19 15 19 16 18 16 18 16 18 16 18 16 18 17 18 17 18 18 17 17 17 16 17 16 17
1786806297.07197,3355,128,28 -64 1 0 21 -8 21 -8 20 -8 20 -9 20 -9 19 -9 19 -9 19 -10 19 -10 19 -10 18 -10 17 -10 17 -10 18 -11 17 -11 17 -10 17 -10 17 -10 16 -10 16 -9 15 -9 14 -9 14 -8 14 -8 14 -7 3 -2 0 0 0 0 0 0 0 0 0 0 0 0 0 0 0 0 0 0 3 -3 16 -10 16 -9 17 -9 18 -8 18 -8 19 -8 20 -8 20 -8 21 -7 21 -7 21 -7 21 -6 22 -6 22 -6 22 -6 21 -6 21 -7 22 -7 22 -7 22 -7 22 -7 22 -7 21 -7 21 -7 21 -7 20 -8
1786806297.1052642,3359,128,28 -64 1 0 -22 1 -22 1 -22 2 -22 2 -22 3 -21 3 -21 3 -21 3 -21 4 -21 4 -20 4 -20 4 -20 4 -20 4 -20 4 -19 4 -19 4 -19 3 -19 3 -18 3 -17 3 -16 3 -16 3 -16 2 -16 1 -4 0 0 0 0 0 0 0 0 0 0 0 0 0 0 0 0 0 0 0 -5 1 -17 6 -17 5 -18 4 -19 4 -19 4 -20 4 -21 3 -21 3 -22 3 -22 2 -22 2 -22 1 -23 1 -23 0 -23 1 -23 1 -23 1 -23 1 -23 1 -23 1 -23 1 -23 1 -23 1 -23 1 -23 2 -23 3
1786806297.141421,3360,128,28 -64 1 0 -15 17 -15 18 -14 18 -14 18 -14 18 -14 18 -13 18 -12 18 -12 19 -11 19 -11 19 -11 19 -11 19 -11 19 -11 18 -10 18 -10 18 -11 18 -11 17 -10 17 -9 16 -9 15 -9 15 -10 14 -10 14 -3 3 0 0 0 0 0 0 0 0 0 0 0 0 0 0 0 0 0 0 -3 4 -11 16 -11 16 -12 16 -14 16 -14 16 -15 17 -15 17 -16 16 -17 16 -17 16 -17 16 -17 16 -18 16 -18 15 -18 15 -18 16 -17 16 -17 16 -17 16 -18 16 -17 17 -16 17 -16 17 -16 17 -16 17 -16 16
1786806297.1719732,1517,128,-85 -79 26 0 27 10 25 11 23 11 23 10 25 10 25 10 23 8 22 6 23 6 22 7 20 8 19 7 20 6 20 6 19 6 17 6 16 6 15 6 15 5 14 7 12 7 11 5 11 4 12 3 12 2 3 0 0 0 0 0 0 0 0 0 0 0 0 0 0 0 0 0 0 0 2 0 11 4 11 5 11 6 12 7 13 6 13 6 13 8 14 9 15 9 15 10 15 11 16 11 18 12 20 12 20 13 21 12 23 12 21 14 20 14 22 14 25 15 28 15 28 13 28 12 28 14 29 16
1786806297.205345,3364,128,28 -64 1 0 -13 -21 -11 -17 -7 -13 -2 -10 3 -8 8 -6 13 -6 17 -7 21 -8 24 -10 26 -12 26 -14 26 -15 25 -16 23 -15 20 -14 17 -12 14 -9 11 -6 8 -2 5 3 4 6 3 11 3 14 3 17 0 4 0 0 0 0 0 0 0 0 0 0 0 0 0 0 0 0 0 0 0 1 0 5 -4 5 -10 6 -15 7 -20 8 -24 10 -27 12 -30 14 -31 15 -30 15 -28 16 -25 15 -22 13 -18 10 -15 6 -11 2 -8 -2 -6 -8 -5 -14 -5 -19 -6 -24 -7 -27 -9 -30 -11 -31 -12 -31 -13 -30
1786806297.2775,1248,256,126 -32 7 0 -11 22 -9 18 -8 13 -8 8 -9 2 -11 -3 -14 -7 -17 -10 -21 -12 -25 -13 -27 -12 -29 -11 -29 -10 -29 -9 -27 -7 -24 -5 -21 -5 -16 -5 -12 -5 -7 -6 -3 -7 0 -9 3 -12 6 -15 7 -16 2 -5 0 0 0 0 0 0 0 0 0 0 0 0 0 0 0 0 0 0 1 -1 6 -3 7 1 9 6 12 10 16 14 19 17 22 19 25 20 27 20 28 20 27 17 26 15 22 13 18 11 13 9 8 8 2 8 -4 9 -10 11 -14 14 -18 17 -20 21 -20 24 -20 26 -20 28 -19 28 -8 13 -29 49 -25 40 -20 31 -17 23 -16 14 -17 4 -20 -6 -25 -14 -31 -21 -37 -25 -43 -26 -47 -26 -51 -25 -53 -23 -53 -21 -51 -18 -46 -14 -38 -11 -29 -10 -20 -11 -12 -12 -5 -14 2 -17 8 -21 14 -27 17 -30 19 -31 20 -32 5 -8 0 0 0 0 0 0 0 0 0 0 1 -6 8 -21 9 -16 12 -6 13 4 16 14 21 23 26 32 32 38 37 43 42 46 46 46 48 44 47 40 44 35 38 30 31 26 23 21 13 17 2 15 -9 16 -20 20 -30 25 -37 30 -42 36 -43 41 -43 46 -41 48 -38 47
1786806297.31365,2729,128,30 -32 1 0 -22 32 -18 26 -15 19 -14 10 -14 2 -15 -7 -18 -15 -23 -21 -28 -26 -33 -30 -37 -31 -40 -30 -42 -28 -43 -26 -41 -23 -37 -19 -32 -16 -25 -14 -17 -13 -9 -12 -2 -12 5 -13 12 -15 18 -18 21 -19 5 -5 0 0 0 0 0 0 0 0 0 0 0 0 0 0 0 0 0 0 2 -2 9 -3 11 3 15 11 19 19 24 26 29 31 34 34 38 36 40 37 41 36 40 33 36 29 31 25 25 21 18 16 10 13 1 12 -9 12 -18 15 -26 19 -32 23 -36 28 -39 31 -41 35 -40 38 -38 40
1786806297.34423,3372,128,28 -64 1 0 22 -8 18 -6 14 -4 10 0 6 4 3 9 2 14 2 19 2 23 3 26 5 28 7 29 9 29 10 28 11 26 10 23 8 19 5 15 2 11 -1 8 -5 4 -8 2 -13 1 -17 0 -19 -1 -5 -1 0 0 0 0 0 0 0 0 0 0 0 0 0 0 0 0 0 0 -2 -1 -7 -3 -6 -7 -4 -12 -4 -18 -4 -23 -4 -28 -5 -31 -6 -34 -7 -35 -8 -34 -8 -33 -8 -29 -7 -25 -5 -21 -3 -16 0 -12 4 -7 9 -4 14 -1 20 0 25 0 28 -1 31 -2 33 -3 34 -5 34 -7
1786806297.377544,1521,128,-85 -79 26 0 25 19 26 16 26 16 23 18 22 17 23 14 24 13 24 12 23 13 22 14 19 15 18 14 18 13 19 13 19 14 17 14 16 14 16 12 14 11 13 10 12 10 10 11 10 11 9 11 9 11 2 2 0 0 0 0 0 0 0 0 0 0 0 0 0 0 0 0 0 0 3 1 13 3 12 4 12 6 13 9 13 10 12 11 13 11 15 11 18 12 18 13 19 14 20 15 20 16 20 17 19 18 19 18 21 17 24 16 25 17 25 19 25 19 25 18 27 18 27 18 28 18 30 19
1786806297.410848,3374,128,28 -64 1 0 -8 24 -7 19 -6 14 -7 9 -9 4 -11 -1 -14 -4 -18 -7 -22 -9 -26 -9 -28 -8 -30 -7 -30 -5 -30 -4 -28 -3 -25 -1 -21 -1 -17 -2 -12 -3 -8 -5 -4 -7 -1 -9 1 -12 3 -16 4 -18 1 -5 0 0 0 0 0 0 0 0 0 0 0 0 0 0 0 0 0 0 1 -2 5 -3 7 0 10 5 13 9 17 13 20 15 24 17 27 18 28 18 29 17 29 15 27 12 23 10 19 9 14 7 8 7 3 7 -3 9 -8 12 -12 16 -15 19 -17 23 -17 26 -17 28 -16 29 -15 29
1786806297.444247,3375,128,28 -64 1 0 11 -19 9 -15 8 -11 7 -6 7 -1 8 3 9 8 12 11 15 14 17 15 19 16 21 15 22 15 22 14 21 12 19 10 16 8 12 7 8 6 4 5 0 5 -4 6 -8 7 -11 8 -13 9 -4 2 0 0 0 0 0 0 0 0 0 0 0 0 0 0 0 0 0 0 -2 0 -5 2 -7 -1 -9 -6 -12 -9 -15 -13 -19 -15 -22 -17 -24 -18 -25 -18 -26 -17 -26 -16 -24 -14 -21 -12 -17 -10 -12 -8 -7 -8 -2 -7 3 -8 9 -10 13 -12 16 -15 19 -18 20 -20 20 -22 19 -24 17 -24
1786806297.477516,3376,128,28 -64 1 0 -5 -25 -4 -20 -2 -16 1 -11 5 -8 9 -4 14 -2 18 -2 23 -2 26 -3 28 -5 30 -6 30 -8 29 -9 26 -9 23 -9 20 -8 16 -6 12 -3 9 1 5 4 3 8 2 11 1 15 0 17 0 4 0 0 0 0 0 0 0 0 0 0 0 0 0 0 0 0 0 0 -1 1 -4 5 -8 3 -13 0 -18 -2 -23 -3 -27 -4 -31 -3 -34 -3 -35 -2 -35 -1 -34 0 -31 1 -27 1 -22 0 -17 -1 -12 -3 -7 -6 -3 -10 1 -15 3 -20 4 -24 4 -29 3 -31 2 -33 0 -34 -1 -35
1786806297.510876,1525,128,-128 0 8 0 1 -29 -2 -28 -1 -27 2 -26 1 -26 0 -26 0 -26 0 -25 -1 -25 -1 -24 0 -21 1 -20 0 -21 1 -20 2 -18 2 -18 1 -18 1 -17 0 -16 1 -15 1 -14 1 -14 2 -13 4 -12 6 -12 1 -4 0 0 0 0 0 0 0 0 0 0 0 0 0 0 0 0 0 0 -1 -1 -3 -6 -3 -13 -1 -16 -1 -12 -2 -13 -2 -14 -3 -17 -4 -21 -2 -24 0 -25 2 -25 3 -25 2 -25 1 -23 1 -23 1 -26 1 -29 1 -29 1 -27 3 -25 3 -27 4 -30 3 -32 0 -32 0 -30 0 -29
1786806297.546998,1526,128,124 -64 7 0 -25 13 -26 13 -26 15 -25 17 -22 17 -20 14 -20 12 -20 10 -19 11 -20 11 -20 11 -19 13 -19 14 -21 11 -18 10 -16 9 -15 6 -14 4 -15 4 -16 4 -14 5 -13 4 -13 3 -12 2 -11 0 -3 0 0 0 0 0 0 0 0 0 0 0 0 0 0 0 0 0 0 0 -2 1 -7 7 -8 9 -8 10 -9 12 -11 14 -12 13 -14 12 -15 12 -15 11 -15 13 -15 13 -16 9 -16 11 -17 13 -20 13 -21 15 -24 17 -25 17 -23 14 -22 14 -22 17 -24 18 -24 17 -24 16 -23 16 -19 18
1786806297.572005,684,128,-117 -78 40 0 10 5 10 5 10 4 10 4 10 4 10 3 10 3 10 3 10 3 10 2 10 2 10 2 10 2 10 2 10 2 10 2 10 2 9 2 9 2 9 2 9 1 8 1 8 1 8 2 7 2 1 0 0 0 0 0 0 0 0 0 0 0 0 0 0 0 0 0 0 0 2 0 9 3 9 4 9 4 9 4 9 5 10 5 10 5 10 6 10 6 10 7 10 7 10 7 9 7 9 7 9 7 9 7 9 7 9 7 9 6 9 6 10 6 10 6 10 5 10 5 9 5 9 5
1786806297.6110332,1699,128,28 -64 1 0 -29 -7 -30 -4 -30 -1 -29 3 -27 5 -23 5 -20 5 -18 4 -17 1 -17 -2 -19 -5 -21 -8 -24 -10 -27 -10 -30 -10 -33 -10 -35 -10 -36 -9 -35 -10 -34 -9 -32 -8 -28 -9 -24 -11 -18 -14 -15 -15 -4 -4 0 0 0 0 0 0 0 0 0 0 0 0 0 0 0 0 0 0 -4 2 -15 11 -15 11 -14 10 -14 8 -13 5 -12 1 -10 -2 -10 -4 -11 -6 -13 -8 -15 -11 -15 -12 -16 -13 -19 -13 -20 -12 -21 -11 -20 -9 -20 -7 -20 -7 -19 -8 -17 -8 -16 -8 -16 -9 -17 -11 -19 -13 -20 -13
1786806297.6414459,3379,128,28 -64 1 0 1 24 1 20 -1 14 -3 10 -7 5 -10 1 -15 -1 -19 -3 -23 -4 -27 -3 -29 -2 -31 -1 -31 1 -30 2 -28 2 -24 3 -21 2 -17 1 -13 -1 -8 -3 -5 -6 -1 -9 1 -12 2 -15 3 -17 1 -5 0 0 0 0 0 0 0 0 0 0 0 0 0 0 0 0 0 0 0 -2 2 -6 6 -4 11 -1 16 0 21 2 26 2 30 1 32 1 34 0 34 -1 32 -2 30 -3 26 -3 21 -2 16 -1 10 1 6 4 1 9 -3 14 -5 19 -7 23 -7 28 -6 31 -5 32 -4 33 -3 33
1786806297.6747708,3381,128,28 -64 1 0 -25 3 -21 2 -16 1 -11 -2 -6 -6 -3 -10 -1 -15 0 -19 0 -24 -1 -27 -2 -29 -3 -30 -5 -30 -6 -30 -7 -27 -7 -24 -6 -20 -4 -17 -1 -13 1 -9 4 -5 7 -3 11 -1 14 0 17 1 4 0 0 0 0 0 0 0 0 0 0 0 0 0 0 0 0 0 0 0 1 0 5 2 3 6 1 11 -1 16 -2 21 -2 26 -2 30 -1 33 0 34 2 34 3 32 3 30 3 26 2 21 0 16 -2 11 -5 6 -10 2 -15 -2 -20 -4 -25 -5 -29 -5 -32 -4 -34 -3 -34 -1 -34 0
1786806297.741444,1123,256,-125 48 8 0 24 5 19 5 14 4 9 5 4 7 -1 10 -5 14 -7 18 -9 22 -9 25 -9 28 -8 29 -6 30 -5 29 -3 27 -2 24 -2 21 -3 17 -4 12 -5 7 -7 3 -9 -1 -12 -3 -15 -5 -17 -7 -5 -2 0 0 0 0 0 0 0 0 0 0 0 0 0 0 0 0 0 0 -2 -2 -4 -6 -1 -8 3 -12 7 -16 10 -20 12 -25 13 -28 13 -31 13 -33 12 -33 10 -32 9 -30 8 -26 6 -21 6 -16 6 -11 7 -5 10 1 13 6 17 10 21 13 25 14 28 15 30 14 31 12 31 11 7 2 26 9 22 8 18 7 14 6 8 6 2 7 -2 9 -6 12 -9 16 -11 20 -12 23 -12 26 -11 27 -9 28 -7 28 -5 26 -4 22 -4 20 -4 16 -5 11 -6 6 -7 2 -8 -1 -11 -4 -14 -6 -16 -8 -17 -9 -17 -9 -5 -3 0 0 0 0 0 0 0 0 0 0 -4 -1 -12 -2 -9 -3 -5 -5 0 -8 5 -11 9 -14 12 -17 15 -21 16 -25 17 -28 17 -29 16 -29 14 -29 13 -27 11 -24 10 -19 8 -15 7 -9 7 -4 9 2 12 8 15 12 18 15 22 16 25 17 27 16 27 14 27 12
1786806297.77197,3382,128,28 -64 1 0 23 -5 19 -4 14 -2 10 1 5 4 2 9 1 14 0 18 -1 22 0 26 1 28 2 29 4 29 6 29 7 26 7 23 5 19 3 15 1 11 -2 7 -5 4 -8 2 -12 0 -15 -1 -18 -2 -5 -1 0 0 0 0 0 0 0 0 0 0 0 0 0 0 0 0 0 0 -2 -1 -6 -3 -4 -6 -2 -12 0 -17 0 -22 0 -27 0 -30 -1 -33 -2 -34 -3 -34 -4 -33 -4 -30 -4 -26 -3 -21 -1 -16 1 -12 4 -7 9 -3 14 0 19 3 24 3 28 3 30 3 32 2 33 0 32 -1
1786806297.802502,3383,128,28 -64 1 0 2 25 1 20 0 15 -3 10 -6 6 -10 3 -15 0 -19 -1 -23 -1 -27 -1 -29 1 -31 2 -31 4 -30 4 -28 5 -24 5 -21 5 -17 3 -13 0 -9 -3 -6 -6 -3 -9 -1 -12 0 -16 1 -18 0 -5 0 0 0 0 0 0 0 0 0 0 0 0 0 0 0 0 0 0 0 -2 2 -5 5 -3 10 0 15 2 20 4 24 4 28 4 31 4 33 3 33 2 32 0 30 -1 26 -1 21 -1 16 0 11 2 6 5 2 9 -2 13 -5 18 -7 23 -7 27 -6 30 -5 32 -4 33 -3 32
1786806297.838561,3384,128,28 -64 1 0 -20 -12 -16 -10 -12 -9 -7 -8 -2 -8 3 -10 6 -12 9 -15 12 -18 13 -21 13 -23 12 -25 11 -25 9 -25 8 -24 6 -21 5 -18 5 -15 5 -11 5 -6 6 -2 7 1 9 4 12 6 13 7 3 2 0 0 0 0 0 0 0 0 0 0 0 0 0 0 0 0 0 0 0 1 0 6 -3 6 -8 8 -13 9 -17 11 -20 14 -22 17 -23 19 -23 20 -22 21 -21 21 -18 20 -16 17 -14 14 -11 9 -9 5 -9 0 -9 -5 -10 -11 -12 -15 -14 -18 -17 -21 -20 -21 -22 -22 -23 -21 -23 -20
1786806297.871904,3385,128,28 -64 1 0 -20 14 -17 11 -13 7 -11 3 -9 -2 -8 -7 -8 -13 -9 -17 -11 -21 -13 -24 -15 -25 -17 -25 -18 -24 -19 -23 -18 -21 -17 -18 -14 -15 -11 -13 -7 -11 -3 -9 1 -7 6 -6 10 -6 13 -7 15 -8 4 -2 0 0 0 0 0 0 0 0 0 0 0 0 0 0 0 0 0 0 1 -1 6 0 5 4 6 9 7 14 8 19 10 23 12 26 15 28 16 29 17 29 17 27 16 24 14 20 11 17 7 13 3 10 -2 8 -8 6 -14 5 -19 6 -24 7 -27 9 -30 11 -31 13 -30 15 -29 15
1786806297.90525,3386,128,28 -64 1 0 22 6 18 5 13 5 8 5 3 7 -2 10 -5 14 -7 18 -8 22 -8 25 -8 27 -7 28 -5 29 -4 28 -2 26 -1 23 -2 20 -2 16 -4 11 -5 7 -7 3 -9 0 -12 -3 -16 -5 -18 -6 -5 -2 0 0 0 0 0 0 0 0 0 0 0 0 0 0 0 0 0 0 -1 -2 -3 -6 0 -8 4 -11 9 -15 12 -18 14 -22 16 -25 16 -28 16 -30 15 -30 13 -30 11 -28 10 -24 8 -20 7 -14 7 -9 7 -4 10 2 12 7 16 11 20 13 23 15 27 15 29 15 30 13 30 12
1786806297.9387012,1533,128,-85 -79 26 0 28 -15 29 -15 28 -13 27 -13 26 -15 26 -16 25 -14 24 -12 21 -12 20 -12 20 -11 19 -11 20 -12 19 -12 18 -11 17 -9 16 -10 16 -9 15 -7 14 -6 14 -7 14 -8 13 -7 12 -4 11 -2 2 -1 0 0 0 0 0 0 0 0 0 0 0 0 0 0 0 0 0 0 3 -2 12 -7 12 -8 12 -7 12 -7 13 -6 14 -5 16 -5 18 -6 18 -7 18 -7 20 -6 21 -4 23 -4 24 -5 24 -6 24 -7 24 -9 26 -13 26 -13 25 -11 27 -11 30 -12 30 -11 30 -12 30 -12 31 -12
1786806298.010831,1160,256,82 32 5 0 19 -16 18 -19 17 -20 16 -21 14 -22 12 -22 10 -19 9 -17 10 -17 11 -14 14 -11 16 -10 18 -11 22 -12 25 -12 27 -12 28 -13 28 -15 27 -15 26 -14 24 -13 22 -10 19 -7 17 -2 15 2 3 0 0 0 0 0 0 0 0 0 0 0 0 0 0 0 0 0 0 0 -3 -5 -11 -19 -10 -19 -9 -18 -9 -16 -8 -14 -5 -12 -3 -10 -2 -8 1 -6 5 -5 10 -4 13 -5 17 -6 19 -9 21 -12 20 -13 18 -15 16 -17 15 -18 14 -20 13 -20 12 -18 10 -15 11 -13 12 -11 14 -10 13 -10 37 -28 34 -31 31 -32 29 -30 29 -26 32 -21 37 -21 41 -25 43 -30 40 -34 34 -33 29 -28 28 -18 33 -10 42 -4 52 -4 57 -7 55 -10 48 -11 40 -6 34 5 30 17 29 29 31 38 30 45 27 46 23 44 19 42 6 15 0 3 -2 -2 1 -1 0 -1 -5 2 -11 4 -26 11 -19 8 -9 1 -2 -9 0 -21 -3 -31 -11 -38 -19 -39 -24 -35 -21 -25 -12 -16 1 -11 14 -14 23 -23 24 -34 19 -42 12 -44 7 -38 7 -30 12 -25 21 -23 28 -25 32 -31 32 -36 28 -38 25 -38 21 -36 20 -34
1786806298.044262,3388,128,28 -64 1 0 20 -9 16 -7 12 -4 9 -1 7 4 5 9 5 13 6 18 7 21 9 24 12 25 13 25 15 24 16 23 16 21 14 17 12 15 8 12 4 10 0 8 -4 6 -7 5 -11 5 -15 6 -17 6 -5 1 0 0 0 0 0 0 0 0 0 0 0 0 0 0 0 0 0 0 -2 -1 -6 -4 -5 -8 -3 -13 -2 -18 -1 -22 -1 -26 -2 -30 -3 -32 -4 -33 -5 -33 -6 -31 -6 -28 -5 -24 -4 -19 -1 -15 1 -11 5 -7 9 -4 15 -2 20 -1 24 -1 27 -2 30 -4 31 -6 30 -7 30 -8
1786806298.077517,3389,128,28 -64 1 0 22 3 18 3 13 3 7 4 3 6 -1 10 -5 13 -7 17 -8 21 -8 24 -8 26 -7 27 -5 28 -4 28 -2 26 -1 22 -2 19 -3 15 -4 10 -5 6 -6 2 -8 -1 -11 -4 -14 -6 -16 -7 -5 -2 0 0 0 0 0 0 0 0 0 0 0 0 0 0 0 0 0 0 -2 -1 -5 -5 -2 -8 2 -12 5 -16 7 -21 8 -25 9 -29 9 -31 8 -32 7 -32 6 -31 5 -29 4 -25 4 -20 4 -15 4 -10 6 -5 9 1 13 5 17 9 21 11 25 12 28 12 30 11 30 10 30 9
1786806298.1108868,3390,128,28 -64 1 0 -13 -21 -11 -18 -7 -14 -2 -11 2 -9 7 -8 12 -8 16 -9 20 -11 23 -12 24 -14 24 -16 23 -18 22 -18 19 -18 17 -16 14 -14 12 -11 10 -7 8 -3 7 1 6 5 6 9 7 13 8 15 2 3 0 0 0 0 0 0 0 0 0 0 0 0 0 0 0 0 0 0 -1 1 -2 5 -6 4 -12 3 -17 3 -22 4 -26 5 -30 7 -32 8 -32 9 -32 10 -30 11 -28 11 -24 9 -20 7 -16 4 -12 1 -8 -3 -6 -9 -4 -15 -4 -20 -5 -25 -7 -28 -8 -31 -10 -32 -11 -31 -12 -31
1786806298.141479,1537,128,112 0 7 0 19 26 18 25 15 24 14 23 14 23 15 21 16 20 17 20 17 21 17 22 17 21 17 18 16 15 14 14 13 16 12 17 11 15 11 13 10 13 9 13 10 13 9 13 7 13 6 12 4 11 1 2 0 0 0 0 0 0 0 0 0 0 0 0 0 0 0 0 0 0 2 2 8 9 7 9 6 11 6 12 6 11 7 12 8 14 9 16 9 16 7 18 5 21 7 22 9 21 10 22 9 24 10 24 12 25 14 26 14 27 13 27 14 26 16 27 16 30 17 28 17 27 15 28
1786806298.177516,1538,128,-85 -79 26 0 -18 27 -18 27 -17 28 -15 28 -13 27 -14 26 -13 25 -11 24 -9 23 -9 22 -9 22 -9 23 -9 22 -10 21 -11 20 -10 19 -8 17 -9 16 -11 13 -11 10 -10 9 -10 9 -11 8 -10 7 -10 8 -3 2 0 0 0 0 0 0 0 0 0 0 0 0 0 0 0 0 0 0 -2 3 -5 14 -3 11 -3 10 -3 11 -6 12 -8 14 -7 16 -8 16 -10 16 -10 19 -9 20 -8 19 -10 20 -14 21 -14 22 -12 23 -12 23 -15 23 -15 23 -14 24 -14 25 -15 27 -16 28 -15 28 -15 28 -14 29
1786806298.2110422,1539,128,-65 -15 27 0 -32 10 -30 11 -27 10 -26 10 -27 11 -26 10 -25 9 -26 9 -26 9 -24 8 -23 7 -23 7 -21 7 -19 8 -20 8 -21 7 -19 3 -18 0 -16 0 -16 2 -15 3 -14 2 -13 1 -12 1 -9 1 -2 0 0 0 0 0 0 0 0 0 0 0 0 0 0 0 0 0 0 0 -3 1 -12 5 -13 5 -13 7 -13 8 -13 6 -15 4 -16 3 -16 2 -16 3 -16 4 -17 4 -20 4 -23 5 -23 7 -24 7 -26 6 -29 5 -29 3 -27 4 -27 7 -28 9 -30 7 -32 6 -30 8 -29 10 -31 9
1786806298.244143,3393,128,28 -64 1 0 21 8 17 6 12 6 7 6 1 7 -3 9 -7 12 -10 16 -12 19 -13 22 -13 25 -12 26 -10 27 -9 27 -7 25 -6 22 -5 19 -5 14 -5 10 -6 5 -7 1 -8 -3 -11 -6 -13 -8 -15 -10 -4 -3 0 0 0 0 0 0 0 0 0 0 0 0 0 0 0 0 0 0 -1 -1 -3 -5 0 -7 4 -11 8 -14 11 -18 13 -22 14 -25 15 -28 14 -29 13 -30 12 -29 10 -27 9 -24 7 -19 6 -14 6 -9 6 -4 8 2 11 8 14 12 18 15 22 16 25 17 27 16 27 15 27 14
1786806298.310835,1125,256,-106 96 9 0 10 19 8 16 5 12 1 9 -3 7 -8 6 -12 6 -16 7 -19 8 -21 10 -23 12 -23 14 -22 15 -21 15 -18 15 -16 14 -14 12 -12 9 -10 5 -8 1 -7 -3 -7 -6 -7 -9 -8 -12 -8 -14 -3 -4 0 0 0 0 0 0 0 0 0 0 0 0 0 0 0 0 0 0 0 -2 1 -6 4 -4 9 -3 14 -2 18 -2 22 -3 25 -4 27 -5 28 -6 28 -7 27 -8 25 -9 22 -8 18 -7 14 -4 10 -1 6 2 4 7 2 12 2 17 2 21 4 24 5 26 7 27 8 28 8 27 5 11 21 43 17 37 14 30 10 24 2 19 -7 15 -15 12 -23 11 -30 12 -36 15 -41 19 -43 23 -43 26 -43 28 -41 28 -37 27 -32 24 -27 21 -22 17 -18 10 -15 2 -13 -5 -12 -11 -12 -18 -13 -24 -14 -28 -14 -30 -14 -30 -4 -8 0 0 0 0 0 0 0 0 0 0 -4 -5 -12 -16 -6 -14 1 -11 9 -8 18 -5 27 -4 35 -4 43 -6 49 -8 53 -9 55 -11 55 -13 52 -15 47 -17 41 -15 34 -12 27 -7 19 -3 12 4 8 13 5 24 3 33 3 41 6 47 10 50 12 52 14 51 17 48
1786806298.380301,1125,256,-106 96 9 0 -24 -7 -19 -6 -15 -6 -9 -6 -4 -9 0 -11 3 -15 5 -19 7 -22 7 -26 6 -28 5 -29 4 -29 3 -29 1 -27 0 -24 0 -21 1 -17 3 -12 4 -8 6 -4 8 -1 11 1 14 3 16 4 4 1 0 0 0 0 0 0 0 0 0 0 0 0 0 0 0 0 0 0 1 1 3 4 0 6 -5 9 -9 13 -12 17 -14 21 -16 24 -16 27 -16 28 -15 29 -13 29 -12 27 -10 23 -9 19 -8 14 -7 9 -8 4 -10 -2 -13 -7 -17 -11 -21 -14 -24 -15 -27 -16 -30 -15 -30 -14 -31 -12 -14 -4 -53 -13 -45 -13 -37 -11 -29 -9 -18 -11 -8 -16 0 -21 6 -28 10 -36 12 -43 13 -49 12 -54 9 -56 7 -56 4 -55 1 -51 0 -45 1 -39 3 -33 5 -24 8 -15 12 -8 16 -3 22 1 27 5 32 7 34 8 34 9 8 2 0 0 0 0 0 0 0 0 0 0 5 0 21 1 15 4 7 8 -2 13 -11 18 -18 25 -24 32 -29 39 -32 46 -33 51 -32 54 -30 54 -28 54 -24 51 -21 45 -18 36 -15 27 -13 17 -15 7 -19 -4 -25 -14 -31 -22 -38 -27 -45 -30 -51 -30 -55 -27 -55 -23 -54 -20
1786806298.447,1125,256,-106 96 9 0 -7 21 -6 17 -6 12 -7 7 -8 3 -10 -1 -13 -4 -16 -6 -20 -7 -23 -8 -25 -7 -26 -6 -27 -5 -26 -4 -24 -3 -22 -2 -18 -2 -15 -2 -11 -3 -7 -5 -4 -6 -1 -8 1 -11 3 -14 4 -16 1 -4 0 0 0 0 0 0 0 0 0 0 0 0 0 0 0 0 0 0 1 -1 4 -3 6 0 8 4 11 8 14 11 18 13 21 15 23 15 25 15 25 14 25 12 23 10 21 8 17 7 12 6 7 6 2 6 -3 8 -7 11 -11 14 -14 17 -15 20 -15 22 -15 24 -14 26 -13 26 -5 12 -18 46 -16 37 -13 29 -11 22 -12 15 -16 6 -19 -3 -24 -9 -30 -14 -36 -16 -41 -15 -45 -15 -48 -13 -49 -12 -49 -10 -46 -8 -41 -5 -34 -4 -27 -5 -19 -6 -12 -9 -6 -12 -1 -16 3 -21 7 -26 9 -29 11 -31 11 -31 3 -8 0 0 0 0 0 0 0 0 0 0 1 -5 5 -19 6 -14 9 -6 12 2 15 10 20 18 25 24 31 30 37 33 41 34 44 34 45 33 45 29 42 25 37 21 30 18 22 15 13 13 4 13 -6 15 -15 20 -23 25 -29 30 -31 36 -31 40 -31 44 -30 46 -27 45
1786806298.480323,1541,128,-65 -15 27 0 -28 8 -28 9 -27 8 -26 9 -26 8 -25 7 -24 8 -23 8 -21 7 -19 7 -19 7 -20 9 -19 8 -18 6 -18 4 -16 4 -16 5 -16 4 -16 4 -16 4 -15 4 -14 3 -13 3 -11 2 -10 2 -3 0 0 0 0 0 0 0 0 0 0 0 0 0 0 0 0 0 0 0 -3 1 -10 5 -10 3 -13 3 -16 4 -16 6 -16 5 -17 4 -19 4 -19 4 -18 5 -19 7 -20 7 -21 6 -23 7 -24 7 -23 7 -23 6 -23 6 -24 7 -24 8 -24 9 -27 9 -29 8 -28 10 -28 11 -31 9
1786806298.5163991,1701,128,28 -64 1 0 -6 -29 -8 -28 -10 -26 -11 -24 -10 -21 -10 -19 -9 -17 -8 -16 -4 -16 -1 -16 2 -18 4 -21 5 -24 5 -27 5 -29 5 -32 5 -33 4 -33 3 -32 3 -30 3 -27 3 -23 4 -19 7 -14 9 -11 2 -3 0 0 0 0 0 0 0 0 0 0 0 0 0 0 0 0 0 0 -5 0 -19 1 -18 1 -17 0 -15 1 -13 0 -10 -2 -8 -5 -6 -7 -3 -10 0 -12 1 -15 1 -18 0 -21 0 -22 -1 -24 -4 -25 -6 -25 -6 -22 -5 -20 -6 -18 -7 -18 -5 -19 -3 -20 -1 -20 0 -21 0 -23
1786806298.5497742,3396,128,28 -64 1 0 18 -10 14 -8 11 -5 8 -2 6 2 5 7 4 11 5 16 6 19 8 22 9 23 11 22 12 22 13 22 13 20 12 17 10 14 6 12 3 9 0 7 -3 5 -7 3 -10 3 -14 3 -16 3 -4 0 0 0 0 0 0 0 0 0 0 0 0 0 0 0 0 0 0 0 -2 0 -6 -1 -6 -4 -6 -9 -7 -14 -8 -18 -10 -22 -11 -24 -12 -26 -13 -27 -14 -27 -14 -26 -13 -23 -11 -20 -9 -16 -6 -13 -2 -10 2 -7 7 -6 12 -5 17 -5 21 -5 24 -7 27 -8 28 -10 27 -13 25 -14
1786806298.5837681,3397,128,28 -64 1 0 17 -17 14 -13 11 -9 9 -5 8 0 8 5 9 10 11 14 14 18 16 20 18 20 20 20 21 19 22 18 21 16 19 13 15 11 11 9 7 8 3 7 -1 6 -5 7 -9 8 -12 9 -14 10 -4 2 0 0 0 0 0 0 0 0 0 0 0 0 0 0 0 0 0 0 -2 0 -6 0 -6 -4 -6 -9 -8 -14 -9 -19 -11 -23 -13 -26 -15 -28 -17 -29 -18 -28 -18 -26 -18 -24 -16 -20 -13 -17 -9 -13 -5 -11 0 -8 6 -7 12 -7 17 -8 21 -10 25 -12 27 -14 27 -16 27 -18 25 -18
1786806298.6192489,1545,128,-65 -15 27 0 -26 12 -24 11 -25 12 -26 12 -26 12 -26 12 -23 10 -20 9 -19 9 -19 8 -21 8 -21 9 -20 8 -20 7 -19 6 -19 5 -19 4 -16 3 -15 2 -16 1 -16 0 -12 0 -11 -1 -12 -1 -14 -2 -4 -1 0 0 0 0 0 0 0 0 0 0 0 0 0 0 0 0 0 0 -3 2 -11 10 -10 11 -10 11 -11 10 -11 10 -12 10 -16 10 -17 11 -18 13 -20 15 -22 15 -22 12 -20 11 -20 12 -22 12 -25 13 -26 14 -24 13 -23 12 -24 14 -25 14 -26 13 -29 13 -30 15 -29 17 -27 17
1786806298.655387,688,128,-117 -78 40 0 -11 -5 -11 -5 -11 -5 -11 -5 -11 -4 -11 -4 -11 -4 -11 -4 -11 -4 -11 -3 -11 -3 -11 -3 -11 -3 -11 -3 -11 -2 -10 -3 -10 -3 -10 -3 -10 -3 -9 -2 -9 -2 -9 -2 -9 -2 -8 -2 -8 -2 -2 -1 0 0 0 0 0 0 0 0 0 0 0 0 0 0 0 0 0 0 -3 -1 -10 -4 -10 -4 -10 -4 -11 -5 -11 -5 -11 -5 -11 -6 -12 -6 -12 -7 -11 -7 -11 -7 -11 -8 -11 -8 -11 -8 -11 -8 -11 -7 -11 -7 -11 -7 -11 -7 -11 -6 -11 -6 -11 -6 -11 -6 -11 -6 -11 -6 -11 -6
1786806298.722056,1126,256,-125 48 8 0 -22 7 -18 5 -14 2 -10 -1 -6 -5 -4 -10 -3 -14 -3 -19 -4 -23 -5 -26 -7 -27 -9 -28 -10 -27 -11 -26 -11 -24 -11 -21 -9 -17 -6 -14 -3 -11 0 -8 3 -5 7 -4 10 -3 14 -2 16 -2 4 -1 0 0 0 0 0 0 0 0 0 0 0 0 0 0 0 0 0 0 1 0 5 2 4 6 2 10 2 15 2 20 2 25 3 28 4 30 5 31 6 31 7 29 7 26 6 23 4 18 2 14 -1 10 -5 6 -10 2 -15 0 -20 -1 -25 -1 -28 0 -31 1 -32 3 -32 4 -32 6 -13 5 -48 18 -41 13 -33 9 -26 6 -18 0 -11 -9 -7 -18 -6 -27 -6 -36 -8 -43 -11 -48 -13 -51 -17 -52 -20 -52 -22 -51 -23 -46 -22 -39 -17 -32 -11 -27 -5 -21 1 -15 6 -10 13 -6 20 -5 27 -4 32 -4 34 -4 34 -4 8 -1 0 0 0 0 0 0 0 0 0 0 3 -4 14 -13 12 -7 10 1 8 11 5 20 4 30 5 40 6 49 7 55 9 59 12 60 15 58 16 55 15 50 12 43 9 35 5 26 0 19 -8 13 -18 6 -28 1 -38 -1 -47 0 -54 1 -58 5 -60 9 -58 13 -54 14
1786806298.7553449,3402,128,28 -64 1 0 -20 12 -16 9 -13 6 -10 1 -8 -3 -7 -9 -7 -14 -9 -18 -10 -21 -12 -24 -14 -25 -16 -24 -18 -24 -18 -22 -18 -20 -17 -17 -14 -14 -10 -12 -6 -10 -2 -8 1 -7 5 -6 9 -6 13 -7 15 -8 4 -2 0 0 0 0 0 0 0 0 0 0 0 0 0 0 0 0 0 0 1 0 6 1 5 5 4 10 4 15 5 20 6 25 8 28 9 29 11 30 11 30 11 28 11 25 9 22 7 18 4 14 1 10 -4 7 -9 5 -15 4 -20 4 -24 5 -28 7 -30 8 -31 10 -31 12 -30 13
1786806298.785978,1549,128,-65 -15 27 0 20 23 21 22 21 23 20 21 19 19 20 17 20 16 19 15 18 14 17 14 16 13 15 13 15 14 17 13 18 11 15 12 13 13 13 13 12 11 12 9 10 10 8 10 7 10 7 11 8 11 2 2 0 0 0 0 0 0 0 0 0 0 0 0 0 0 0 0 0 0 2 0 10 4 9 6 8 8 6 9 7 9 9 10 9 13 9 13 13 12 16 14 13 15 10 15 12 17 14 18 15 18 16 18 15 20 14 19 14 19 16 20 18 21 18 20 18 19 19 19 21 21 21 22
1786806298.822054,1550,128,123 -77 55 0 -28 15 -26 14 -27 14 -26 15 -24 14 -22 12 -22 10 -21 12 -21 13 -21 11 -21 10 -20 11 -20 11 -20 10 -17 9 -16 9 -16 8 -16 8 -16 7 -15 7 -15 7 -14 7 -12 6 -12 4 -11 2 -3 0 0 0 0 0 0 0 0 0 0 0 0 0 0 0 0 0 0 0 -2 0 -9 3 -10 4 -11 5 -13 3 -14 2 -16 5 -16 7 -16 7 -17 6 -19 7 -20 9 -21 9 -21 7 -23 8 -24 9 -24 9 -24 10 -26 10 -26 9 -26 10 -27 12 -27 11 -26 10 -26 12 -27 14 -29 14
1786806298.855361,3403,128,28 -64 1 0 -6 23 -5 22 -5 22 -5 22 -4 22 -4 22 -3 21 -3 22 -2 22 -2 21 -1 21 -1 21 -1 21 -1 21 -1 21 -1 20 -1 20 -1 20 -1 19 -1 18 -1 17 -1 16 -1 16 -1 16 -2 16 -1 4 0 0 0 0 0 0 0 0 0 0 0 0 0 0 0 0 0 0 -1 4 -3 19 -3 19 -4 20 -5 20 -6 20 -6 21 -6 21 -6 22 -7 22 -8 22 -8 22 -8 22 -8 22 -9 22 -9 22 -8 22 -8 22 -8 23 -8 23 -8 22 -8 23 -7 23 -7 23 -6 22 -7 22 -7 21
1786806298.8915288,3404,128,28 -64 1 0 -19 15 -19 15 -18 15 -18 15 -17 16 -17 16 -16 16 -16 16 -16 17 -15 17 -15 16 -14 16 -14 16 -14 17 -14 17 -13 16 -13 16 -13 16 -13 15 -13 15 -12 14 -11 14 -11 13 -11 13 -12 12 -3 3 0 0 0 0 0 0 0 0 0 0 0 0 0 0 0 0 0 0 -4 3 -14 14 -15 13 -16 13 -17 13 -17 14 -18 14 -18 14 -19 14 -20 14 -20 14 -21 13 -21 13 -21 13 -21 12 -21 12 -21 13 -20 13 -20 14 -21 14 -21 14 -21 14 -20 14 -20 14 -20 14 -20 14 -19 13
1786806298.9275892,3405,128,28 -64 1 0 -11 19 -11 19 -10 19 -10 19 -10 19 -9 19 -9 19 -8 19 -8 19 -7 19 -7 19 -6 19 -6 19 -7 19 -7 18 -6 18 -6 18 -6 17 -6 17 -6 16 -6 15 -5 15 -5 14 -6 14 -6 14 -2 3 0 0 0 0 0 0 0 0 0 0 0 0 0 0 0 0 0 0 -2 4 -6 16 -7 16 -8 16 -9 17 -9 17 -10 18 -10 18 -11 18 -11 18 -12 18 -12 18 -12 18 -12 18 -13 18 -13 18 -13 18 -12 18 -12 18 -13 19 -13 19 -13 19 -12 19 -11 19 -11 19 -12 18 -12 18
1786806298.955379,3407,128,28 -64 1 0 4 23 4 23 5 23 5 22 5 22 5 22 6 21 7 21 7 21 7 21 7 20 7 20 7 20 7 20 7 19 7 19 8 19 8 19 7 18 7 18 7 16 6 16 6 16 5 16 5 15 1 3 0 0 0 0 0 0 0 0 0 0 0 0 0 0 0 0 0 0 1 4 5 18 5 19 4 20 3 20 3 21 3 22 3 22 3 23 2 23 2 24 2 24 1 24 1 24 0 24 1 24 1 24 2 24 2 24 2 24 2 24 2 24 3 24 3 24 3 23 2 23 2 23
1786806298.983187,3408,128,28 -64 1 0 8 22 8 22 9 21 9 21 8 20 9 20 9 19 10 19 10 19 11 19 11 18 10 18 10 18 11 18 10 18 10 17 10 17 10 17 10 17 9 16 8 15 8 14 8 14 8 14 7 14 1 3 0 0 0 0 0 0 0 0 0 0 0 0 0 0 0 0 0 0 2 4 9 16 9 17 8 18 8 18 8 19 8 20 8 21 8 21 7 22 7 22 7 22 7 22 6 23 6 23 6 23 6 22 7 22 7 22 7 23 6 23 7 23 7 23 8 22 7 22 7 22 7 21
1786806299.0137868,3409,128,28 -64 1 0 21 12 21 11 21 11 21 10 21 9 21 9 21 8 21 8 21 8 21 8 21 7 21 7 20 6 21 6 20 6 20 5 20 6 20 6 20 6 18 5 17 4 17 4 16 4 16 5 16 5 4 1 0 0 0 0 0 0 0 0 0 0 0 0 0 0 0 0 0 0 4 1 17 8 17 8 17 9 18 10 18 11 19 12 19 12 19 13 19 13 19 14 19 14 19 15 19 15 19 15 19 15 19 14 20 14 20 14 20 14 20 14 20 13 20 13 20 13 20 13 20 12 19 12
1786806299.0442991,1559,128,-37 -79 29 0 13 25 14 25 14 24 13 22 13 21 13 20 13 20 15 19 15 18 14 17 13 16 15 16 15 16 13 15 11 14 11 13 11 13 12 13 10 12 8 12 8 11 8 10 8 10 6 11 5 11 1 2 0 0 0 0 0 0 0 0 0 0 0 0 0 0 0 0 0 0 1 1 6 8 6 9 5 10 4 12 3 14 3 16 5 16 7 16 6 17 5 18 6 19 7 20 9 22 8 23 6 24 7 24 8 25 10 26 11 26 10 26 8 27 10 25 12 24 13 27 12 30 12 32
1786806299.085911,1560,128,-17 -15 30 0 -29 -11 -28 -13 -26 -15 -25 -14 -25 -10 -26 -8 -27 -7 -26 -8 -22 -7 -20 -7 -20 -7 -21 -7 -23 -6 -22 -6 -20 -6 -17 -6 -16 -8 -15 -6 -15 -5 -16 -7 -16 -8 -14 -7 -12 -7 -11 -7 -11 -6 -3 -2 0 0 0 0 0 0 0 0 0 0 0 0 0 0 0 0 0 0 -4 -2 -13 -6 -14 -5 -12 -6 -10 -6 -12 -7 -15 -7 -18 -7 -20 -9 -19 -11 -17 -12 -20 -12 -23 -11 -23 -12 -24 -12 -24 -12 -21 -12 -24 -13 -27 -13 -26 -13 -26 -13 -27 -13 -27 -13 -27 -13 -27 -13 -28 -12 -29 -12
1786806299.122069,1702,128,28 -64 1 0 -27 3 -23 3 -20 2 -19 2 -19 0 -19 -2 -19 -3 -20 -5 -21 -5 -23 -6 -26 -6 -28 -6 -30 -6 -31 -6 -32 -5 -32 -4 -30 -4 -29 -4 -27 -5 -25 -4 -22 -5 -19 -8 -16 -10 -13 -13 -10 -16 -3 -5 0 0 0 0 0 0 0 0 0 0 0 0 0 0 0 0 0 0 -5 1 -17 7 -18 7 -19 6 -18 6 -18 5 -18 5 -18 5 -17 5 -15 4 -14 3 -13 2 -12 0 -11 -4 -11 -7 -12 -9 -13 -11 -14 -12 -15 -13 -18 -14 -22 -14 -26 -13 -29 -12 -31 -11 -31 -8 -31 -6 -30 -3
1786806299.149915,3410,128,28 -64 1 0 8 22 8 22 9 21 9 21 9 20 9 20 10 20 11 19 11 19 11 19 11 18 11 18 11 18 11 18 11 17 11 17 11 17 11 17 11 17 10 16 9 15 9 14 9 14 8 14 8 14 2 3 0 0 0 0 0 0 0 0 0 0 0 0 0 0 0 0 0 0 2 4 8 16 8 17 7 18 7 18 7 19 7 20 7 21 7 21 6 22 6 22 6 22 6 23 5 23 5 23 5 23 6 22 6 22 6 23 6 23 6 23 6 23 7 22 7 22 7 22 6 22 6 21
1786806299.185926,1703,128,28 -64 1 0 5 -30 1 -29 -1 -26 -1 -24 -1 -22 0 -20 1 -20 3 -20 5 -20 8 -21 9 -23 9 -26 8 -28 7 -30 6 -32 5 -32 4 -31 3 -30 4 -28 4 -25 4 -22 6 -18 7 -14 10 -12 12 -10 3 -3 0 0 0 0 0 0 0 0 0 0 0 0 0 0 0 0 0 0 -1 -4 -5 -17 -6 -18 -5 -18 -5 -18 -6 -18 -4 -18 -2 -16 -1 -15 0 -15 2 -16 3 -17 5 -17 6 -17 8 -17 10 -16 10 -16 11 -17 13 -19 13 -20 13 -20 13 -22 13 -24 12 -26 12 -28 12 -29 10 -30
1786806299.219257,3411,128,28 -64 1 0 -7 23 -7 23 -7 22 -6 22 -6 22 -5 22 -5 22 -4 22 -4 22 -3 22 -3 22 -3 22 -3 21 -3 22 -3 21 -2 21 -2 21 -2 20 -3 20 -3 19 -2 18 -2 17 -2 17 -3 17 -3 16 -1 4 0 0 0 0 0 0 0 0 0 0 0 0 0 0 0 0 0 0 -1 4 -3 19 -4 19 -5 19 -6 20 -7 20 -7 21 -7 21 -8 22 -8 22 -9 22 -9 22 -9 22 -10 22 -10 22 -10 22 -10 22 -9 22 -9 22 -9 22 -10 23 -9 23 -9 23 -8 23 -8 23 -9 22 -9 21
1786806299.252566,3412,128,28 -64 1 0 -23 6 -23 6 -22 7 -22 7 -22 8 -21 8 -21 8 -21 8 -21 9 -20 9 -20 9 -19 9 -19 9 -20 10 -19 10 -19 10 -19 9 -19 9 -18 9 -17 9 -16 8 -16 8 -16 8 -16 7 -16 7 -4 1 0 0 0 0 0 0 0 0 0 0 0 0 0 0 0 0 0 0 -5 2 -18 7 -18 7 -19 6 -20 6 -21 6 -21 5 -22 5 -22 5 -23 5 -23 4 -23 4 -24 3 -24 3 -24 3 -24 3 -24 4 -24 5 -24 4 -24 4 -24 4 -24 5 -24 5 -24 5 -24 5 -23 6 -22 6
1786806299.324888,1127,256,-125 48 8 0 15 -19 14 -19 14 -19 14 -19 13 -20 13 -20 12 -20 12 -20 12 -20 11 -20 10 -20 10 -20 10 -20 11 -20 10 -20 10 -19 10 -19 10 -19 10 -18 10 -18 9 -17 8 -16 9 -16 9 -15 9 -15 2 -4 0 0 0 0 0 0 0 0 0 0 0 0 0 0 0 0 0 0 2 -5 8 -18 9 -18 10 -18 11 -18 12 -19 12 -19 13 -19 13 -19 14 -19 15 -19 15 -19 15 -19 16 -19 16 -19 16 -19 16 -19 15 -19 16 -19 16 -19 16 -19 16 -19 16 -19 15 -19 15 -19 15 -19 13 -20 6 -11 26 -40 26 -38 25 -38 25 -38 25 -39 24 -40 23 -40 21 -39 21 -39 21 -39 19 -39 18 -38 17 -38 17 -38 17 -39 17 -39 17 -39 16 -37 16 -36 16 -36 15 -36 14 -34 14 -32 15 -32 16 -31 15 -29 15 -27 15 -25 3 -6 0 0 0 0 0 0 0 0 0 0 2 -8 10 -33 13 -34 16 -34 17 -34 19 -35 20 -35 22 -36 23 -36 24 -37 26 -37 27 -37 29 -38 29 -37 29 -36 30 -36 31 -35 31 -36 30 -36 29 -36 29 -37 30 -38 30 -38 30 -39 29 -38 28 -38 28 -37 27 -37 25 -36
1786806299.363721,1561,128,61 -46 35 0 -30 -4 -30 -4 -29 -4 -28 -3 -27 -2 -26 -3 -24 -4 -22 -2 -21 0 -21 0 -22 -1 -22 0 -21 0 -21 -1 -20 -2 -18 -2 -17 -3 -16 -4 -16 -3 -15 -3 -14 -3 -15 -4 -14 -5 -11 -5 -8 -5 -2 -1 0 0 0 0 0 0 0 0 0 0 0 0 0 0 0 0 0 0 -2 0 -9 1 -11 -1 -13 -3 -14 -3 -14 -3 -13 -2 -15 -1 -19 -1 -20 -3 -20 -4 -20 -3 -22 -1 -23 -2 -23 -3 -25 -3 -26 -4 -25 -5 -24 -3 -26 -3 -27 -3 -27 -4 -27 -5 -28 -5 -29 -5 -29 -5 -30 -3
1786806299.394283,1562,128,81 18 37 0 29 -5 31 -5 32 -6 31 -6 29 -5 28 -5 28 -6 25 -6 23 -6 22 -3 22 -3 20 -4 19 -5 19 -5 19 -3 18 -1 16 1 15 0 15 1 15 0 13 0 12 2 11 4 11 3 12 3 3 1 0 0 0 0 0 0 0 0 0 0 0 0 0 0 0 0 0 0 3 -2 12 -7 13 -4 12 -6 12 -7 16 -5 18 -4 18 -5 17 -6 15 -3 18 -1 22 -4 23 -5 24 -4 23 -4 24 -4 26 -3 24 -4 24 -4 28 -4 30 -5 31 -7 31 -6 31 -5 32 -7 34 -7 35 -8
1786806299.427558,1563,128,61 -46 35 0 -4 28 -3 29 -5 27 -5 25 -4 26 -5 26 -4 25 -3 25 -2 23 -3 22 -3 21 -3 21 -3 21 -5 19 -7 18 -6 17 -4 16 -3 16 -4 15 -5 13 -6 13 -6 13 -6 11 -7 9 -6 10 -2 2 0 0 0 0 0 0 0 0 0 0 0 0 0 0 0 0 0 0 -1 1 -1 7 1 9 2 13 1 14 -1 13 -2 14 -1 16 -3 16 -2 16 -1 18 -2 20 -4 21 -4 22 -4 22 -4 21 -4 22 -4 24 -5 25 -5 25 -5 26 -4 28 -4 30 -3 29 -3 27 -3 27 -3 29
1786806299.466608,1564,128,81 18 37 0 -23 -27 -24 -25 -21 -24 -19 -23 -18 -21 -18 -19 -19 -20 -18 -21 -18 -19 -18 -17 -18 -17 -16 -18 -14 -18 -13 -17 -13 -17 -12 -16 -12 -14 -12 -14 -11 -14 -8 -14 -8 -14 -9 -14 -10 -12 -9 -11 -7 -12 -2 -3 0 0 0 0 0 0 0 0 0 0 0 0 0 0 0 0 0 0 -2 -2 -8 -7 -9 -7 -10 -9 -11 -10 -12 -12 -12 -14 -12 -14 -13 -14 -12 -17 -10 -20 -10 -21 -14 -19 -16 -19 -14 -20 -15 -21 -16 -22 -15 -23 -15 -26 -16 -25 -17 -23 -19 -23 -21 -24 -22 -25 -21 -26 -19 -27 -19 -25
1786806299.4998631,3415,128,28 -64 1 0 -6 23 -6 23 -5 22 -5 22 -5 22 -4 22 -3 22 -3 22 -3 22 -2 22 -2 22 -2 22 -2 22 -2 22 -2 21 -2 21 -1 21 -1 20 -2 20 -2 19 -2 18 -1 17 -2 17 -3 17 -3 17 -1 4 0 0 0 0 0 0 0 0 0 0 0 0 0 0 0 0 0 0 -1 4 -1 19 -2 19 -3 19 -4 20 -4 20 -4 21 -5 22 -5 22 -6 22 -7 22 -7 22 -8 23 -8 23 -8 23 -8 23 -7 23 -7 23 -7 23 -8 23 -8 23 -7 23 -7 23 -6 23 -7 23 -7 22 -7 22
1786806299.530485,1565,128,123 -77 55 0 15 25 14 24 13 24 13 23 14 22 14 21 13 18 11 17 12 17 14 17 15 18 14 18 11 17 9 17 9 17 9 16 8 15 6 13 4 12 4 11 5 11 5 11 4 10 4 10 5 10 1 2 0 0 0 0 0 0 0 0 0 0 0 0 0 0 0 0 0 0 1 1 6 7 6 9 8 13 12 14 12 13 8 12 7 13 7 15 9 14 11 12 12 14 11 20 11 21 11 20 12 21 13 23 11 23 9 25 11 26 13 25 14 24 13 25 14 26 15 26 16 25 16 28
1786806299.560933,1566,128,-113 -13 56 0 12 28 13 28 14 25 14 21 12 21 10 23 8 23 8 21 9 19 10 18 10 18 8 20 7 20 6 20 5 20 5 19 5 17 5 14 4 13 3 14 3 13 2 11 1 10 0 10 -1 10 -1 2 0 0 0 0 0 0 0 0 0 0 0 0 0 0 0 0 0 0 1 2 8 12 8 12 6 14 4 16 2 15 4 15 6 17 8 17 7 17 6 19 6 22 7 23 7 23 8 22 7 23 6 25 6 26 6 25 7 25 9 25 9 26 10 28 11 29 10 27 9 27 11 28
1786806299.5998368,1567,128,123 -77 55 0 -29 -13 -29 -9 -28 -10 -28 -13 -26 -13 -23 -11 -23 -10 -23 -10 -21 -11 -21 -13 -21 -12 -20 -8 -17 -6 -16 -8 -15 -11 -16 -13 -17 -13 -17 -11 -15 -10 -13 -10 -10 -10 -9 -9 -7 -9 -5 -9 -6 -7 -2 -2 0 0 0 0 0 0 0 0 0 0 0 0 0 0 0 0 0 0 -3 -1 -11 0 -13 2 -15 0 -15 -4 -17 -6 -18 -8 -18 -9 -17 -6 -19 -5 -21 -5 -23 -6 -26 -10 -27 -9 -24 -7 -23 -7 -26 -7 -27 -8 -25 -9 -24 -11 -22 -12 -22 -10 -27 -8 -32 -8 -35 -9 -33 -9 -30 -10
1786806299.635951,1568,128,-113 -13 56 0 -20 17 -18 18 -19 18 -18 17 -17 16 -16 15 -15 12 -14 13 -14 15 -14 15 -14 14 -12 14 -11 13 -13 12 -14 13 -13 13 -12 11 -11 8 -9 7 -7 7 -6 6 -8 6 -10 6 -9 5 -8 4 -2 1 0 0 0 0 0 0 0 0 0 0 0 0 0 0 0 0 0 0 -2 2 -6 10 -6 9 -7 9 -8 10 -8 10 -10 11 -12 13 -12 15 -13 16 -14 16 -13 14 -14 13 -15 14 -16 15 -15 15 -17 15 -19 14 -18 14 -17 16 -18 16 -18 15 -18 15 -18 17 -18 19 -20 20 -21 20
1786806299.663729,3417,128,28 -64 1 0 1 24 1 24 1 23 2 23 2 23 3 22 3 22 4 22 4 22 5 22 5 21 5 21 5 21 5 21 5 20 5 20 5 20 5 20 5 19 4 18 4 17 4 16 4 16 3 16 3 16 0 4 0 0 0 0 0 0 0 0 0 0 0 0 0 0 0 0 0 0 1 4 3 19 3 19 2 20 1 21 1 21 1 22 1 23 1 23 0 23 -1 24 -1 24 -1 24 -2 25 -2 25 -2 24 -2 24 -1 24 -1 24 -1 24 -1 24 -1 24 0 24 1 24 0 24 0 23 0 23
1786806299.699758,692,128,-117 -78 40 0 -9 -9 -9 -9 -9 -8 -9 -8 -9 -8 -9 -7 -9 -7 -9 -7 -9 -7 -9 -7 -10 -6 -10 -6 -10 -6 -9 -6 -9 -6 -9 -6 -9 -6 -9 -6 -9 -6 -8 -5 -8 -5 -8 -5 -8 -5 -7 -5 -7 -5 -2 -2 0 0 0 0 0 0 0 0 0 0 0 0 0 0 0 0 0 0 -3 -2 -9 -6 -9 -7 -9 -7 -9 -8 -9 -8 -9 -8 -9 -9 -9 -9 -9 -10 -9 -10 -9 -10 -9 -10 -8 -10 -8 -10 -8 -10 -8 -10 -8 -10 -8 -10 -8 -10 -8 -10 -8 -9 -8 -9 -9 -9 -8 -9 -8 -9 -8 -9
1786806299.72761,3419,128,28 -64 1 0 22 9 22 9 22 8 22 7 21 7 21 7 22 7 22 6 22 6 22 5 21 5 21 4 21 4 21 4 21 4 20 4 20 4 20 5 20 5 19 4 18 3 17 3 17 3 16 4 16 5 4 1 0 0 0 0 0 0 0 0 0 0 0 0 0 0 0 0 0 0 4 0 19 3 19 4 19 5 19 6 20 7 21 8 21 8 21 9 22 9 22 9 22 10 22 10 22 11 22 11 22 11 21 11 22 10 22 10 22 10 22 10 22 10 22 10 23 10 22 9 22 9 22 9
1786806299.766519,1569,128,123 -77 55 0 -35 -15 -33 -14 -32 -11 -31 -9 -28 -8 -25 -5 -24 -6 -25 -8 -24 -7 -21 -6 -19 -6 -20 -5 -22 -5 -22 -5 -20 -6 -18 -7 -18 -8 -17 -7 -14 -5 -12 -7 -12 -8 -11 -6 -10 -6 -9 -8 -8 -8 -2 -2 0 0 0 0 0 0 0 0 0 0 0 0 0 0 0 0 0 0 -4 -2 -15 -6 -15 -7 -15 -6 -11 -5 -12 -5 -15 -7 -17 -9 -17 -9 -14 -7 -15 -7 -18 -8 -18 -8 -21 -9 -24 -11 -24 -11 -24 -10 -27 -11 -28 -10 -26 -10 -25 -11 -28 -12 -29 -12 -30 -13 -31 -15 -31 -15 -28 -14
1786806299.802581,1570,128,-113 -13 56 0 -31 -2 -30 0 -28 1 -27 1 -26 1 -24 2 -22 2 -23 1 -24 1 -22 1 -21 2 -21 3 -20 4 -20 3 -20 2 -19 1 -18 0 -17 -1 -17 -1 -17 -1 -15 -2 -13 -3 -11 -2 -10 -2 -11 -3 -3 -2 0 0 0 0 0 0 0 0 0 0 0 0 0 0 0 0 0 0 -3 -1 -11 -1 -12 -2 -12 -3 -14 -2 -16 -1 -15 0 -16 1 -16 0 -16 -2 -17 -3 -19 -3 -20 -5 -21 -5 -22 -4 -24 -5 -25 -6 -25 -5 -26 -4 -26 -2 -27 0 -27 0 -26 0 -27 -2 -29 -4 -28 -4 -26 -4
1786806299.8386629,1571,128,123 -77 55 0 -24 16 -22 16 -22 16 -22 16 -20 17 -18 15 -17 14 -17 12 -18 11 -18 10 -19 10 -18 10 -15 10 -14 10 -14 10 -15 9 -15 8 -14 7 -13 5 -13 4 -13 4 -13 4 -12 3 -9 1 -7 2 -2 0 0 0 0 0 0 0 0 0 0 0 0 0 0 0 0 0 0 0 -1 2 -2 8 -6 9 -8 9 -8 9 -8 10 -9 12 -11 12 -13 11 -14 10 -16 10 -17 12 -18 13 -17 14 -18 15 -19 15 -19 13 -20 12 -22 12 -21 15 -19 17 -20 18 -22 18 -21 18 -21 19 -19 19 -17 17
1786806299.866466,1572,128,-113 -13 56 0 29 4 28 3 29 3 28 2 26 2 25 3 26 1 26 -2 24 -2 23 -1 22 -1 22 -2 21 -1 20 1 20 1 20 2 18 4 16 4 14 2 14 3 14 5 13 6 11 4 10 4 11 6 2 1 0 0 0 0 0 0 0 0 0 0 0 0 0 0 0 0 0 0 3 -1 13 -3 13 -3 13 -2 13 -1 14 -1 15 -1 17 -1 18 -2 19 -1 20 0 20 1 22 1 24 1 24 2 25 3 27 3 28 3 29 4 27 3 27 2 29 2 30 3 29 4 31 3 32 2 34 1
1786806299.905313,3421,128,28 -64 1 0 -7 -24 -7 -24 -7 -23 -7 -23 -7 -23 -7 -22 -8 -22 -9 -22 -9 -22 -9 -21 -9 -21 -9 -20 -10 -20 -9 -20 -9 -20 -9 -19 -9 -19 -9 -20 -9 -19 -8 -18 -8 -17 -8 -16 -7 -16 -7 -16 -7 -16 -2 -4 0 0 0 0 0 0 0 0 0 0 0 0 0 0 0 0 0 0 -2 -5 -8 -18 -8 -19 -7 -20 -7 -20 -7 -21 -7 -22 -7 -23 -7 -23 -6 -23 -5 -24 -5 -24 -5 -24 -4 -25 -4 -25 -4 -25 -5 -24 -5 -24 -5 -24 -5 -25 -5 -25 -5 -24 -6 -24 -6 -24 -6 -24 -5 -24 -5 -23
1786806299.938679,1705,128,28 -64 1 0 21 -18 20 -21 18 -22 17 -23 14 -23 11 -20 10 -18 10 -16 10 -16 12 -16 16 -15 19 -15 22 -16 24 -16 25 -18 26 -20 27 -22 25 -23 24 -22 23 -21 21 -19 19 -17 18 -12 18 -7 18 -4 4 -1 0 0 0 0 0 0 0 0 0 0 0 0 0 0 0 0 0 0 2 -4 10 -14 11 -12 9 -12 8 -13 8 -12 6 -10 6 -7 8 -6 10 -4 12 -2 12 -1 12 -2 14 -2 15 -2 17 -4 17 -5 16 -6 16 -7 18 -7 18 -8 17 -9 17 -9 17 -8 18 -9 20 -10 22 -10
1786806299.974835,3423,128,28 -64 1 0 14 -17 13 -17 13 -17 13 -18 12 -18 12 -18 11 -18 11 -18 11 -18 10 -18 10 -18 9 -17 9 -17 10 -18 10 -17 9 -17 9 -17 9 -17 9 -16 9 -16 8 -15 7 -14 8 -14 8 -13 9 -13 2 -4 0 0 0 0 0 0 0 0 0 0 0 0 0 0 0 0 0 0 2 -4 8 -16 9 -16 10 -16 11 -16 11 -16 12 -16 12 -17 13 -17 13 -17 14 -17 14 -17 14 -16 15 -16 16 -16 15 -16 15 -16 14 -16 15 -17 15 -17 15 -17 15 -17 14 -17 14 -17 14 -17 14 -17 14 -17
1786806300.014028,3424,128,28 -64 1 0 -10 21 -10 21 -9 21 -9 21 -8 21 -8 21 -7 21 -6 21 -6 21 -6 21 -6 21 -5 20 -5 20 -5 21 -5 20 -5 20 -4 20 -4 20 -4 19 -4 18 -4 17 -4 16 -4 16 -5 16 -5 16 -2 3 0 0 0 0 0 0 0 0 0 0 0 0 0 0 0 0 0 0 -2 4 -6 18 -6 18 -7 18 -8 19 -9 19 -9 20 -9 20 -10 20 -11 20 -11 20 -12 20 -12 20 -13 20 -13 20 -13 20 -12 20 -11 21 -E (775004) task_wdt: Task watchdog got triggered. The following tasks/users did not reset the watchdog in time:
1786806300.113718,1573,128,123 -77 55 0 10 -30 8 -29 8 -27 8 -26 8 -27 6 -25 5 -25 6 -23 6 -22 4 -22 5 -22 5 -22 4 -21 6 -21 10 -20 9 -19 7 -17 7 -15 6 -14 7 -14 8 -13 7 -12 7 -11 7 -9 6 -7 1 -2 0 0 0 0 0 0 0 0 0 0 0 0 0 0 0 0 0 0 1 -3 5 -12 4 -13 1 -11 0 -10 1 -13 4 -15 5 -15 5 -16 5 -19 6 -22 7 -20 7 -19 6 -21 6 -22 8 -23 11 -22 13 -22 14 -23 14 -25 12 -25 9 -26 7 -26 7 -27 9 -29 10 -28 12 -25
1786806300.174874,3938,256,-100 -63 25 0 22 8 22 8 22 8 22 7 22 7 22 6 22 6 23 5 22 5 22 4 22 4 21 3 21 3 21 3 21 2 20 2 21 3 21 3 20 3 19 2 18 2 17 1 17 1 17 2 17 3 4 0 0 0 0 0 0 0 0 0 0 0 0 0 0 0 0 0 0 0 4 1 19 5 19 6 19 7 19 7 20 8 20 9 21 10 21 10 21 11 21 11 21 11 21 11 21 12 21 13 21 12 21 12 22 11 22 11 22 11 22 11 22 11 22 10 22 10 22 9 22 9 21 9 10 6 41 25 38 25 38 25 40 23 40 21 38 21 38 20 39 20 40 19 40 18 41 18 41 17 41 16 40 15 40 14 39 13 38 12 39 13 39 14 37 14 35 12 32 10 31 9 31 9 31 10 30 11 27 11 25 11 6 2 0 0 0 0 0 0 0 0 0 0 7 2 31 12 31 14 32 16 33 19 32 21 32 22 34 24 35 26 35 28 35 29 34 28 34 29 35 30 36 32 35 33 36 33 36 32 36 31 37 30 37 29 37 30 37 29 37 29 38 29 39 27 38 26 35 24 33 22
1786806300.208231,3425,128,28 -64 1 0 7 -24 7 -24 7 -24 7 -24 6 -24 5 -24 4 -24 4 -24 4 -24 4 -23 3 -23 3 -23 2 -23 3 -23 3 -23 2 -22 2 -22 2 -22 2 -21 2 -21 2 -20 2 -19 2 -18 3 -18 3 -18 0 -5 0 0 0 0 0 0 0 0 0 0 0 0 0 0 0 0 0 0 1 -5 4 -20 4 -20 5 -20 6 -21 7 -21 7 -22 7 -23 7 -23 8 -23 9 -23 10 -23 10 -23 10 -22 11 -23 10 -23 10 -23 9 -23 9 -24 10 -24 10 -24 9 -24 9 -24 8 -24 9 -23 9 -23 9 -23
1786806300.272083,1860,256,-63 16 12 0 -1 32 2 31 4 28 6 24 5 20 4 19 3 17 0 17 -4 17 -6 18 -6 20 -7 24 -7 27 -7 30 -6 32 -4 33 -3 32 -2 31 -1 30 -2 26 -2 23 -3 20 -5 17 -8 13 -11 11 -4 2 0 0 0 0 0 0 0 0 0 0 0 0 0 0 0 0 0 0 2 2 11 11 11 12 9 13 8 14 7 14 5 14 4 14 2 14 -1 15 -2 15 -3 15 -4 16 -5 18 -5 18 -5 18 -5 19 -5 19 -6 20 -7 20 -8 21 -9 22 -10 24 -10 25 -9 26 -8 28 -8 30 0 9 -1 30 0 28 0 25 1 23 0 21 -1 21 -1 22 -1 22 0 22 1 22 0 20 -2 20 -5 21 -7 23 -8 26 -8 29 -5 30 -3 29 -2 27 -3 23 -5 20 -8 18 -11 17 -14 16 -16 15 -16 13 -20 13 -18 9 -3 1 -1 -1 0 -1 -1 0 -1 -1 0 -1 2 -1 12 -2 10 0 10 7 8 8 7 11 6 13 5 14 4 14 4 14 3 14 2 14 0 14 -1 15 -3 16 -4 17 -5 18 -5 19 -5 19 -5 20 -4 20 -4 20 -4 20 -5 21 -6 21 -7 22 -8 24 -8 26 -8 28
1786806300.338732,1860,256,-63 16 12 0 30 -11 27 -13 23 -15 21 -16 19 -15 17 -12 16 -9 15 -7 16 -5 17 -3 21 -3 24 -3 28 -3 30 -3 32 -5 32 -8 31 -11 30 -12 29 -11 27 -10 24 -10 21 -7 17 -3 15 1 13 4 3 1 0 0 0 0 0 0 0 0 0 0 0 0 0 0 0 0 0 0 2 -4 8 -16 9 -16 9 -14 11 -12 12 -12 12 -11 12 -9 13 -7 14 -5 16 -3 18 -1 18 -2 18 -2 19 -1 20 0 20 0 20 -1 21 -1 21 -1 22 0 24 0 25 0 26 0 28 0 30 -1 30 -2 8 -4 27 -11 25 -12 23 -13 21 -12 21 -11 21 -10 21 -10 21 -10 20 -11 18 -11 17 -10 17 -8 20 -6 23 -4 27 -4 30 -6 30 -9 28 -11 25 -11 22 -9 21 -5 20 -2 20 1 20 4 19 6 17 7 19 9 16 9 2 1 0 0 -1 -1 0 0 -1 0 -1 -2 -1 -3 -4 -13 -2 -11 4 -13 6 -12 8 -11 10 -10 11 -11 11 -11 11 -11 12 -10 13 -8 14 -7 15 -5 17 -4 17 -4 18 -3 18 -2 18 -2 19 -3 20 -4 21 -4 21 -4 22 -4 22 -3 23 -3 24 -2 26 -3 28 -3
1786806300.377596,3427,128,28 -64 1 0 -5 -22 -5 -22 -5 -21 -5 -21 -5 -21 -6 -21 -6 -20 -7 -20 -7 -20 -7 -20 -7 -19 -7 -19 -7 -19 -7 -19 -7 -19 -7 -18 -7 -18 -7 -18 -7 -18 -6 -17 -6 -16 -6 -15 -6 -15 -5 -15 -5 -15 -2 -4 0 0 0 0 0 0 0 0 0 0 0 0 0 0 0 0 0 0 -2 -5 -7 -17 -6 -18 -6 -19 -5 -19 -5 -20 -5 -21 -5 -21 -5 -21 -4 -22 -3 -22 -3 -22 -3 -22 -3 -23 -2 -23 -2 -23 -3 -22 -3 -22 -3 -23 -3 -23 -3 -23 -3 -23 -4 -23 -4 -22 -4 -22 -3 -22 -3 -21
1786806300.416898,1577,128,100 64 6 0 -15 -25 -17 -23 -19 -22 -16 -21 -14 -21 -14 -22 -13 -21 -12 -21 -12 -21 -14 -21 -13 -20 -11 -19 -9 -20 -9 -19 -9 -17 -10 -16 -10 -15 -9 -15 -6 -14 -5 -12 -5 -12 -5 -13 -4 -13 -2 -12 0 -12 0 -3 0 0 0 0 0 0 0 0 0 0 0 0 0 0 0 0 0 0 -2 -4 -9 -11 -11 -7 -10 -10 -8 -14 -8 -11 -10 -10 -13 -14 -15 -17 -15 -16 -15 -15 -14 -16 -13 -18 -13 -19 -14 -21 -14 -21 -14 -21 -16 -23 -16 -24 -14 -24 -13 -25 -15 -25 -18 -25 -18 -25 -16 -25 -16 -24 -14 -20
1786806300.444284,3428,128,28 -64 1 0 5 23 5 23 5 23 6 22 6 22 6 22 7 22 7 22 8 21 8 21 9 20 9 20 8 20 8 20 8 20 8 19 8 19 8 19 8 19 7 18 7 16 7 15 7 15 6 16 6 16 1 4 0 0 0 0 0 0 0 0 0 0 0 0 0 0 0 0 0 0 1 4 6 18 6 18 5 19 4 20 4 21 4 21 4 22 4 23 3 23 3 23 3 23 3 24 2 24 2 24 2 24 3 24 3 24 3 24 3 24 3 24 3 24 4 24 5 24 4 23 4 23 4 23
1786806300.519281,1129,256,-125 48 8 0 -25 0 -24 0 -24 1 -24 1 -24 2 -24 2 -23 3 -24 3 -24 4 -23 4 -23 4 -23 4 -23 5 -23 5 -23 5 -22 5 -22 4 -22 4 -22 4 -21 4 -19 4 -18 4 -18 3 -18 3 -18 2 -5 0 0 0 0 0 0 0 0 0 0 0 0 0 0 0 0 0 0 0 -5 0 -20 3 -21 2 -21 1 -22 1 -23 0 -23 0 -24 -1 -24 -1 -24 -2 -25 -2 -25 -2 -25 -3 -25 -4 -25 -4 -25 -4 -25 -3 -25 -3 -25 -2 -25 -2 -25 -2 -25 -2 -25 -1 -25 -1 -25 -1 -25 -1 -25 0 -13 -3 -47 -11 -44 -13 -44 -13 -45 -11 -45 -9 -45 -8 -45 -7 -45 -7 -45 -7 -45 -5 -45 -5 -44 -4 -43 -3 -44 -2 -44 -2 -44 -2 -43 -1 -44 -2 -44 -4 -42 -4 -40 -3 -37 -1 -35 -1 -35 -1 -36 -3 -34 -4 -31 -5 -30 -5 -8 -2 0 0 0 0 0 0 0 0 0 0 -9 -1 -34 -1 -36 -3 -38 -6 -39 -8 -39 -10 -40 -12 -41 -13 -43 -15 -44 -16 -43 -17 -43 -17 -43 -17 -44 -18 -44 -20 -43 -21 -43 -21 -43 -20 -43 -19 -43 -19 -44 -18 -45 -17 -45 -17 -45 -17 -45 -16 -44 -15 -44 -14 -42 -13 -40 -12
1786806300.588777,1862,256,126 -32 7 0 -29 12 -27 12 -24 14 -22 17 -21 18 -19 17 -17 15 -16 14 -16 13 -16 12 -17 10 -21 9 -24 9 -26 10 -28 11 -28 12 -28 13 -28 13 -28 14 -27 13 -26 12 -24 11 -22 8 -21 4 -19 0 -5 -1 0 0 0 0 0 0 0 0 0 0 0 0 0 0 0 0 0 0 -3 2 -9 10 -9 9 -9 8 -10 7 -10 6 -9 5 -10 3 -11 3 -12 2 -13 1 -14 -2 -15 -3 -17 -2 -18 -1 -20 0 -20 1 -20 2 -20 2 -20 2 -20 3 -20 2 -21 1 -22 1 -24 3 -25 4 -26 4 -18 6 -56 22 -52 24 -48 25 -43 25 -41 25 -41 24 -42 24 -43 25 -42 28 -41 30 -38 28 -36 24 -38 19 -42 15 -48 14 -54 16 -57 20 -56 23 -53 23 -48 21 -44 16 -42 9 -43 3 -45 -2 -44 -7 -42 -11 -44 -24 -39 -25 -7 -5 -2 -2 0 0 -1 -1 0 -1 0 1 0 4 4 22 -1 18 -12 16 -15 15 -17 15 -20 14 -21 14 -22 12 -23 11 -23 9 -24 6 -26 2 -28 -1 -32 -2 -35 -1 -36 0 -37 2 -37 3 -37 3 -38 3 -39 4 -39 6 -39 7 -40 7 -41 7 -43 7 -45 8 -48 8
1786806300.6248598,1711,128,28 -64 1 0 -22 17 -19 18 -18 18 -18 16 -18 15 -18 15 -17 13 -17 12 -19 12 -21 12 -22 12 -24 13 -25 14 -27 16 -27 17 -27 18 -26 17 -26 17 -25 16 -24 15 -24 13 -24 10 -22 6 -20 2 -18 -1 -5 -1 0 0 0 0 0 0 0 0 0 0 0 0 0 0 0 0 0 0 -3 3 -12 13 -13 12 -14 13 -14 13 -12 13 -11 12 -12 11 -12 10 -11 7 -11 4 -12 4 -12 3 -13 2 -14 0 -15 -1 -18 -2 -20 -1 -22 1 -24 2 -26 3 -27 5 -27 8 -27 10 -28 11 -28 12 -26 13
1786806300.658113,3431,128,28 -64 1 0 23 -2 23 -2 23 -2 23 -3 23 -4 22 -4 22 -4 22 -5 22 -5 22 -6 21 -6 21 -6 21 -6 21 -7 21 -7 21 -7 21 -6 21 -6 20 -6 19 -6 18 -6 17 -6 17 -5 17 -4 17 -4 4 -1 0 0 0 0 0 0 0 0 0 0 0 0 0 0 0 0 0 0 4 -1 19 -3 19 -3 20 -2 20 -1 21 -1 22 0 23 0 23 0 23 1 23 1 23 2 23 2 24 3 24 3 24 3 23 2 23 1 23 1 24 1 24 1 24 0 24 0 24 0 23 0 23 0 23 0
1786806300.6942458,3433,128,28 -64 1 0 -1 -23 -1 -23 -1 -22 -1 -22 -2 -22 -2 -22 -3 -22 -3 -22 -4 -21 -5 -21 -5 -21 -5 -20 -5 -20 -5 -20 -4 -20 -4 -19 -4 -20 -4 -20 -4 -19 -4 -18 -4 -17 -4 -16 -4 -16 -3 -16 -3 -16 -1 -4 0 0 0 0 0 0 0 0 0 0 0 0 0 0 0 0 0 0 -1 -5 -4 -18 -3 -19 -2 -19 -2 -20 -2 -21 -2 -21 -1 -22 -1 -22 0 -22 0 -23 0 -23 0 -23 1 -23 1 -23 1 -23 1 -23 0 -23 0 -23 1 -23 1 -23 1 -23 0 -23 -1 -23 -1 -23 0 -22 0 -22
1786806300.724777,3436,128,28 -64 1 0 -4 23 -4 23 -3 23 -3 23 -3 22 -2 22 -1 22 -1 22 -1 22 0 22 0 21 0 21 1 21 0 21 1 21 1 20 1 20 1 20 1 20 0 19 1 17 1 16 0 16 0 16 0 16 0 4 0 0 0 0 0 0 0 0 0 0 0 0 0 0 0 0 0 0 -1 4 -1 19 -2 20 -3 20 -4 21 -4 21 -4 22 -5 22 -5 23 -6 23 -6 23 -6 23 -7 23 -7 23 -8 23 -8 23 -7 23 -6 23 -6 23 -7 23 -7 23 -6 23 -6 23 -5 23 -5 23 -6 23 -6 22
1786806300.7915,1863,256,-49 -16 12 0 -6 21 -5 22 -3 24 -1 24 1 24 2 23 3 20 1 18 0 18 -1 18 -3 18 -6 18 -8 19 -10 20 -11 22 -10 24 -11 26 -13 27 -13 28 -11 28 -11 26 -12 23 -12 19 -13 15 -14 12 -4 2 0 0 0 0 0 0 0 0 0 0 0 0 0 0 0 0 0 0 4 2 18 8 17 7 16 8 13 6 9 4 5 5 3 6 0 5 -3 6 -5 8 -8 11 -10 14 -12 16 -12 19 -11 21 -9 24 -6 24 -4 23 -3 21 -2 20 -1 18 -1 18 -2 17 -4 17 -6 17 -7 17 -3 13 -10 42 -8 43 -6 43 -4 42 -3 41 -4 40 -5 41 -5 41 -5 42 -3 41 -3 39 -4 36 -8 33 -15 33 -22 36 -26 41 -27 46 -26 49 -25 49 -22 45 -22 39 -25 32 -31 25 -36 20 -39 15 -41 10 -53 -5 -49 -7 -9 -2 -3 -1 0 -1 -1 0 -1 0 1 -2 3 -5 17 -21 13 -15 22 6 20 12 19 18 20 21 21 21 20 19 16 16 10 13 1 12 -7 16 -13 24 -16 31 -15 36 -12 40 -8 40 -6 38 -5 37 -6 36 -7 37 -8 38 -7 40 -6 40 -6 38 -8 35 -10 34 -12 33
1786806300.8248231,1589,128,-113 -13 56 0 29 -8 28 -8 26 -10 26 -11 26 -10 24 -11 22 -10 22 -10 24 -10 25 -10 22 -8 20 -7 21 -7 20 -7 19 -7 18 -6 17 -6 16 -6 15 -4 14 -2 14 -2 12 -2 10 0 10 0 10 -1 2 -1 0 0 0 0 0 0 0 0 0 0 0 0 0 0 0 0 0 0 2 -2 10 -8 9 -8 9 -7 10 -5 13 -5 14 -4 14 -4 15 -5 17 -6 18 -6 19 -7 21 -6 22 -6 23 -5 23 -6 24 -8 27 -8 29 -5 27 -5 26 -6 27 -7 29 -6 29 -6 29 -7 28 -7 29 -10
1786806300.863849,1590,128,123 -77 55 0 -15 -30 -15 -30 -15 -28 -14 -27 -14 -25 -13 -23 -12 -23 -11 -24 -12 -24 -12 -23 -11 -21 -12 -19 -11 -19 -9 -19 -7 -20 -7 -18 -7 -16 -7 -14 -7 -15 -5 -16 -4 -15 -4 -14 -3 -14 -2 -14 -2 -15 -1 -4 0 0 0 0 0 0 0 0 0 0 0 0 0 0 0 0 0 0 -5 -4 -14 -11 -9 -7 -6 -8 -7 -12 -8 -13 -11 -15 -11 -17 -10 -17 -9 -17 -8 -16 -9 -18 -10 -19 -10 -20 -10 -21 -10 -24 -12 -24 -14 -22 -12 -24 -11 -26 -12 -26 -13 -26 -15 -26 -16 -28 -17 -29 -16 -30 -18 -32
1786806300.899811,1714,128,28 -64 1 0 26 -18 24 -20 21 -23 18 -24 15 -23 12 -21 10 -18 9 -15 10 -13 12 -9 15 -7 20 -7 23 -8 26 -8 29 -10 30 -12 31 -14 31 -14 31 -15 29 -14 26 -12 24 -10 22 -7 20 -3 18 1 4 0 0 0 0 0 0 0 0 0 0 0 0 0 0 0 0 0 0 0 -1 -5 -1 -16 1 -15 4 -14 6 -13 7 -11 8 -10 10 -9 12 -9 14 -9 17 -8 19 -7 18 -9 18 -10 18 -9 17 -9 16 -9 14 -9 14 -8 14 -7 15 -6 17 -5 18 -4 21 -4 24 -5 26 -7 27 -8
1786806300.9692538,1130,256,-125 48 8 0 3 -25 3 -24 2 -24 2 -24 2 -24 2 -23 1 -23 0 -23 0 -24 -1 -23 -1 -23 -1 -23 -1 -22 -1 -22 -1 -22 -2 -22 -2 -22 -1 -21 -1 -21 -1 -20 -1 -19 -1 -18 -1 -17 -1 -18 0 -18 0 -5 0 0 0 0 0 0 0 0 0 0 0 0 0 0 0 0 0 0 0 -5 0 -20 1 -21 2 -21 2 -21 3 -22 3 -23 3 -23 4 -24 5 -24 5 -24 5 -24 6 -24 6 -24 7 -24 6 -24 5 -24 5 -24 5 -24 5 -24 6 -24 5 -25 5 -25 4 -24 4 -24 5 -24 4 -23 3 -12 13 -45 13 -44 12 -44 10 -44 11 -45 11 -45 10 -44 8 -43 7 -43 6 -43 4 -43 3 -42 3 -42 4 -42 5 -42 5 -42 4 -41 3 -41 3 -40 3 -39 3 -38 3 -36 2 -34 3 -33 5 -33 5 -32 5 -29 6 -28 1 -7 0 0 0 0 0 0 0 0 0 0 0 -9 2 -35 5 -36 7 -37 8 -38 10 -38 11 -39 12 -41 13 -42 14 -42 15 -42 16 -43 18 -43 18 -44 17 -44 19 -44 19 -44 19 -44 18 -43 17 -43 17 -44 18 -44 19 -45 18 -45 16 -45 14 -44 14 -44 14 -43 13 -41
1786806301.008167,1715,128,28 -64 1 0 -19 -21 -20 -19 -20 -16 -20 -15 -19 -13 -18 -11 -17 -11 -17 -12 -15 -13 -14 -14 -14 -15 -15 -18 -15 -20 -16 -21 -18 -22 -20 -23 -21 -23 -21 -23 -21 -22 -21 -20 -20 -19 -17 -19 -14 -19 -11 -18 -7 -18 -2 -5 0 0 0 0 0 0 0 0 0 0 0 0 0 0 0 0 0 0 -4 -3 -15 -9 -13 -9 -12 -9 -12 -10 -13 -11 -11 -12 -9 -11 -8 -12 -6 -13 -4 -13 -3 -15 -2 -15 -2 -16 -2 -18 -1 -18 -2 -18 -3 -19 -4 -20 -5 -20 -6 -20 -6 -21 -7 -22 -8 -23 -10 -23 -11 -22 -13 -22
1786806301.041557,3439,128,28 -64 1 0 2 -23 1 -23 1 -22 1 -22 1 -22 0 -22 0 -22 -1 -22 -1 -22 -2 -22 -2 -21 -2 -21 -2 -21 -2 -21 -2 -20 -2 -20 -2 -20 -2 -20 -2 -19 -1 -19 -1 -18 -2 -17 -1 -16 -1 -16 0 -16 0 -4 0 0 0 0 0 0 0 0 0 0 0 0 0 0 0 0 0 0 -1 -5 -2 -19 -1 -19 -1 -20 0 -20 1 -21 1 -21 1 -22 1 -22 2 -22 3 -23 3 -23 3 -23 4 -23 4 -23 4 -23 3 -22 3 -23 3 -23 3 -23 4 -23 3 -23 3 -23 2 -23 2 -23 3 -22 3 -22
1786806301.085911,3440,128,28 -64 1 0 -16 -20 -16 -20 -16 -19 -16 -18 -16 -18 -16 -18 -17 -17 -17 -17 -18 -17 -18 -16 -18 -16 -17 -15 -17 -15 -17 -15 -17 -15 -17 -14 -17 -14 -17 -14 -16 -14 -16 -13 -15 -12 -14 -12 -14 -12 -13 -12 -13 -12 -4 -3 0 0 0 0 0 0 0 0 0 0 0 0 0 0 0 0 0 0 -4 -4 -15 -14 -15 -15 -14 -16 -14 -17 -14 -18 -15 -19 -15 -19 -15 -20 -14 -20 -14 -21 -14 -21 -14 -22 -14 -22 -13 -22 -13 -22 -14 -22 -15 -21 -15 -21 -14 -22 -14 -21 -14 -21 -15 -21 -15 -21 -15 -20 -15 -20 -14 -20
1786806301.119211,1593,128,-113 -13 56 0 -30 5 -29 8 -27 9 -27 8 -27 5 -26 5 -25 7 -23 8 -22 8 -23 7 -21 5 -20 5 -21 6 -20 6 -19 5 -18 4 -17 2 -17 1 -17 1 -15 0 -15 0 -14 0 -13 -1 -13 -2 -13 -2 -4 -1 0 0 0 0 0 0 0 0 0 0 0 0 0 0 0 0 0 0 -3 0 -11 3 -11 4 -11 5 -12 6 -14 6 -14 5 -15 5 -18 3 -20 2 -19 1 -19 2 -19 3 -20 3 -22 3 -24 5 -25 7 -26 6 -25 4 -24 4 -25 5 -26 5 -27 6 -28 5 -28 6 -28 7 -30 7
1786806301.15815,3441,128,28 -64 1 0 -21 -10 -21 -10 -21 -9 -20 -9 -20 -8 -20 -8 -20 -8 -21 -7 -21 -7 -21 -7 -20 -7 -20 -6 -20 -6 -20 -6 -20 -6 -19 -5 -19 -6 -19 -6 -19 -6 -18 -5 -17 -5 -16 -5 -16 -5 -16 -5 -16 -6 -4 -2 0 0 0 0 0 0 0 0 0 0 0 0 0 0 0 0 0 0 -5 -1 -18 -5 -18 -5 -18 -6 -19 -7 -19 -8 -20 -8 -20 -9 -20 -9 -20 -10 -20 -10 -21 -11 -21 -11 -20 -12 -20 -12 -20 -12 -20 -11 -21 -11 -21 -11 -21 -11 -20 -11 -20 -11 -21 -10 -21 -10 -21 -10 -20 -10 -20 -10
1786806301.188805,3442,128,28 -64 1 0 -25 2 -24 3 -24 3 -24 3 -23 4 -23 4 -23 4 -23 5 -23 5 -23 6 -22 6 -22 6 -22 6 -22 6 -22 6 -21 6 -22 6 -22 5 -21 5 -20 5 -19 5 -18 5 -18 5 -18 4 -18 3 -5 0 0 0 0 0 0 0 0 0 0 0 0 0 0 0 0 0 0 0 -5 1 -19 5 -20 5 -20 4 -21 3 -22 3 -23 3 -23 2 -24 2 -24 1 -25 1 -25 1 -25 0 -25 -1 -25 -1 -25 -1 -25 0 -25 0 -25 1 -25 1 -25 1 -25 1 -25 1 -25 2 -25 2 -24 2 -24 2
1786806301.230399,3444,128,28 -64 1 0 -23 -12 -23 -12 -23 -11 -22 -10 -22 -10 -22 -9 -22 -9 -23 -8 -23 -8 -22 -8 -22 -8 -22 -7 -22 -7 -22 -7 -22 -7 -21 -7 -21 -7 -21 -7 -20 -7 -20 -6 -18 -5 -17 -5 -17 -5 -17 -6 -17 -7 -5 -2 0 0 0 0 0 0 0 0 0 0 0 0 0 0 0 0 0 0 -5 -2 -19 -6 -20 -7 -20 -8 -20 -9 -21 -10 -21 -11 -21 -11 -22 -11 -22 -12 -21 -13 -21 -13 -21 -13 -21 -14 -21 -15 -22 -15 -22 -14 -22 -13 -22 -13 -22 -13 -22 -13 -22 -13 -23 -12 -23 -12 -22 -12 -22 -12 -21 -12
1786806301.2637188,3445,128,28 -64 1 0 -21 6 -21 6 -21 6 -21 7 -21 7 -20 8 -20 8 -20 8 -20 9 -19 9 -19 9 -18 9 -19 9 -19 9 -19 9 -18 9 -18 9 -18 8 -18 8 -17 8 -16 8 -15 7 -15 7 -15 6 -15 6 -4 1 0 0 0 0 0 0 0 0 0 0 0 0 0 0 0 0 0 0 -5 2 -17 8 -18 7 -18 6 -19 6 -20 6 -21 6 -21 5 -22 5 -22 5 -22 4 -22 4 -22 4 -23 3 -23 3 -23 3 -23 4 -22 4 -22 4 -23 4 -23 4 -22 5 -22 5 -22 5 -22 5 -22 5 -22 5
1786806301.299804,3446,128,28 -64 1 0 -2 -22 -2 -22 -2 -22 -2 -21 -3 -21 -3 -21 -4 -21 -5 -21 -5 -21 -6 -20 -6 -20 -6 -20 -6 -19 -6 -20 -6 -19 -6 -19 -6 -19 -6 -19 -5 -18 -5 -17 -5 -16 -5 -15 -5 -15 -4 -16 -4 -16 -1 -4 0 0 0 0 0 0 0 0 0 0 0 0 0 0 0 0 0 0 -1 -5 -4 -18 -3 -18 -3 -19 -2 -19 -2 -20 -2 -21 -2 -21 -1 -21 0 -22 0 -22 0 -23 0 -23 1 -23 1 -23 1 -22 0 -22 0 -22 0 -23 0 -23 0 -23 0 -23 -1 -23 -1 -23 -1 -22 -1 -22 0 -21
1786806301.333175,1719,128,28 -64 1 0 -22 20 -20 23 -18 25 -16 26 -14 27 -11 25 -9 23 -9 21 -9 20 -8 20 -11 21 -15 20 -17 19 -19 21 -21 23 -21 25 -21 26 -21 26 -21 26 -20 25 -20 23 -20 21 -20 18 -20 13 -21 10 -6 2 0 0 0 0 0 0 0 0 0 0 0 0 0 0 0 0 0 0 -1 4 -3 17 -3 16 -3 16 -3 16 -4 13 -6 11 -6 9 -8 7 -11 5 -12 4 -15 3 -17 4 -19 5 -20 6 -21 9 -21 11 -22 13 -21 13 -19 14 -18 15 -18 15 -17 13 -16 13 -18 12 -20 12 -21 12
1786806301.394271,1865,256,126 -32 7 0 28 7 27 6 25 4 23 2 21 0 19 1 18 3 18 5 20 6 21 7 22 8 25 8 28 8 30 8 32 6 31 4 30 3 29 2 27 1 25 1 22 2 20 4 17 6 12 9 10 12 2 3 0 0 0 0 0 0 0 0 0 0 0 0 0 0 0 0 0 0 3 0 14 1 17 1 20 1 21 2 19 3 17 4 16 5 16 6 15 6 14 7 13 8 11 10 10 12 10 13 11 13 12 15 12 16 13 16 16 16 17 16 17 17 19 17 21 18 22 17 22 15 21 13 8 2 26 6 25 5 24 5 22 5 22 4 22 5 22 5 23 4 23 2 23 2 21 2 20 4 22 6 24 8 27 8 30 6 30 4 29 3 26 2 23 3 21 5 19 8 18 10 17 13 15 14 12 15 11 16 7 15 0 2 -1 0 -1 -1 -1 0 -1 0 0 -1 1 -3 10 -14 9 -12 12 -5 13 -3 15 -1 16 2 16 3 17 4 17 4 17 4 16 4 14 5 13 6 12 8 12 10 12 11 14 12 15 13 15 13 16 13 16 12 17 12 17 12 19 13 20 13 21 13 22 12 23 12
1786806301.4638238,1865,256,126 -32 7 0 6 -29 4 -29 2 -27 1 -25 0 -22 0 -21 1 -20 1 -20 3 -20 5 -21 7 -23 8 -24 9 -26 9 -28 9 -30 8 -31 8 -32 6 -32 5 -31 4 -29 5 -27 7 -24 8 -21 10 -18 12 -16 3 -4 0 0 0 0 0 0 0 0 0 0 0 0 0 0 0 0 0 0 -2 -5 -5 -19 -5 -19 -4 -20 -3 -19 -2 -18 -1 -17 1 -17 3 -16 5 -15 6 -15 8 -15 9 -14 11 -14 12 -13 13 -14 13 -15 14 -16 15 -17 16 -19 16 -20 14 -21 14 -23 14 -24 13 -25 12 -27 12 -28 5 -17 16 -51 13 -50 11 -47 10 -44 11 -43 12 -44 13 -45 12 -46 9 -46 7 -44 7 -42 8 -42 12 -42 17 -45 20 -50 21 -55 18 -58 14 -58 11 -55 11 -50 14 -44 19 -40 25 -37 30 -34 34 -30 36 -27 46 -21 43 -16 7 -3 1 -1 -2 0 0 0 0 0 -2 -2 -6 -5 -25 -26 -21 -24 -12 -30 -7 -30 -2 -31 2 -32 4 -34 4 -35 5 -36 6 -35 8 -33 10 -30 14 -28 19 -26 23 -27 27 -29 29 -31 29 -33 27 -34 26 -34 26 -35 25 -34 25 -35 27 -37 29 -40 29 -45 29 -49 28 -54
1786806301.505394,1601,128,92 -64 5 0 -11 -30 -12 -29 -12 -29 -13 -27 -12 -26 -11 -25 -11 -25 -12 -24 -13 -23 -11 -23 -9 -23 -8 -23 -8 -23 -8 -20 -6 -19 -5 -19 -4 -18 -3 -18 -3 -17 -2 -17 -2 -15 -2 -15 -1 -15 0 -12 1 -11 0 -3 0 0 0 0 0 0 0 0 0 0 0 0 0 0 0 0 0 0 -2 -2 -6 -7 -7 -7 -9 -10 -11 -12 -10 -11 -8 -13 -7 -15 -8 -17 -10 -18 -11 -20 -13 -22 -13 -22 -11 -23 -10 -23 -11 -23 -11 -24 -8 -26 -7 -26 -9 -26 -9 -26 -9 -28 -10 -29 -12 -28 -12 -28 -12 -30 -14 -29
1786806301.5777159,3940,256,-100 -63 25 0 -18 14 -18 13 -17 14 -17 14 -16 14 -16 14 -16 14 -15 15 -15 15 -15 15 -14 15 -14 15 -14 15 -14 15 -14 15 -13 15 -13 15 -13 14 -13 14 -12 14 -11 13 -11 12 -11 12 -12 12 -12 11 -3 2 0 0 0 0 0 0 0 0 0 0 0 0 0 0 0 0 0 0 -4 3 -13 12 -14 12 -15 12 -16 12 -16 12 -17 12 -17 12 -18 13 -18 12 -19 12 -19 12 -19 12 -20 11 -20 11 -20 11 -20 12 -19 12 -19 12 -20 12 -20 13 -19 13 -19 13 -19 13 -19 13 -18 13 -17 13 -10 6 -37 24 -37 21 -37 21 -36 22 -35 24 -35 24 -33 25 -33 25 -32 25 -32 25 -30 25 -29 25 -28 26 -28 26 -29 27 -28 27 -27 26 -27 25 -27 24 -26 24 -25 24 -24 23 -23 23 -23 22 -24 22 -23 20 -22 18 -21 16 -6 3 0 0 0 0 0 0 0 0 0 0 -6 5 -23 21 -26 21 -28 20 -30 19 -31 18 -33 18 -34 18 -35 18 -37 18 -37 18 -38 17 -39 17 -39 17 -40 17 -41 16 -42 16 -41 16 -40 17 -39 17 -39 18 -40 19 -41 19 -40 20 -39 20 -38 19 -37 20 -36 20 -35 19
1786806301.613775,1720,128,28 -64 1 0 20 -20 16 -20 15 -20 14 -19 13 -18 12 -16 12 -14 11 -13 12 -12 15 -12 19 -12 22 -13 23 -14 23 -16 24 -16 24 -17 23 -18 22 -19 21 -17 20 -16 19 -15 17 -13 17 -9 17 -4 17 0 4 0 0 0 0 0 0 0 0 0 0 0 0 0 0 0 0 0 0 0 1 -5 6 -17 7 -16 7 -16 7 -18 6 -18 6 -16 8 -14 10 -14 11 -13 11 -10 11 -8 11 -7 12 -5 15 -4 16 -4 16 -4 17 -5 18 -4 21 -4 23 -6 24 -8 24 -10 24 -11 24 -13 24 -16 24 -18
1786806301.64995,3457,128,28 -64 1 0 -4 -23 -4 -23 -5 -22 -5 -22 -5 -22 -5 -21 -6 -21 -6 -21 -7 -21 -7 -21 -7 -20 -8 -20 -7 -20 -7 -20 -7 -20 -7 -19 -7 -19 -7 -19 -7 -19 -6 -18 -6 -17 -6 -16 -6 -16 -5 -16 -5 -16 -2 -4 0 0 0 0 0 0 0 0 0 0 0 0 0 0 0 0 0 0 -2 -5 -6 -18 -5 -18 -5 -19 -4 -20 -4 -20 -4 -21 -4 -22 -3 -22 -3 -23 -2 -23 -2 -23 -2 -23 -2 -23 -1 -24 -1 -23 -2 -23 -2 -23 -3 -23 -2 -23 -2 -23 -2 -24 -3 -24 -3 -23 -3 -23 -3 -23 -3 -22
1786806301.680397,1605,128,-128 0 8 0 4 31 5 31 6 29 5 28 3 28 3 28 4 27 5 25 6 24 9 24 10 23 8 23 6 22 5 20 5 20 5 19 4 18 2 17 2 16 3 14 2 15 1 15 1 15 0 14 -1 13 -1 3 0 0 0 0 0 0 0 0 0 0 0 0 0 0 0 0 0 0 0 2 2 10 1 13 2 15 2 15 1 14 3 14 4 15 3 17 3 18 2 18 1 20 1 24 -1 26 -1 25 1 25 0 26 0 27 1 27 1 29 0 31 1 32 1 30 3 29 4 31 4 33 5 34
1786806301.7138171,1606,128,-128 0 8 0 25 -11 26 -12 27 -13 25 -14 24 -13 22 -13 21 -13 20 -14 20 -13 19 -12 17 -13 16 -13 18 -11 19 -10 18 -11 15 -12 14 -12 14 -10 12 -8 12 -9 12 -9 12 -6 12 -4 11 -3 10 -2 2 -1 0 0 0 0 0 0 0 0 0 0 0 0 0 0 0 0 0 0 1 -2 8 -5 10 -5 13 -4 13 -4 13 -5 14 -6 15 -6 16 -7 16 -7 16 -6 17 -6 20 -6 20 -6 20 -7 20 -8 21 -7 22 -6 23 -9 24 -10 25 -11 24 -12 24 -11 25 -10 26 -10 26 -10 28 -9
1786806301.752789,3465,128,28 -64 1 0 -21 12 -21 12 -20 12 -20 13 -19 13 -19 14 -19 14 -18 14 -18 14 -18 14 -17 14 -17 14 -17 14 -17 15 -16 15 -16 14 -16 14 -16 14 -15 14 -15 13 -14 13 -13 12 -13 12 -13 11 -13 10 -4 2 0 0 0 0 0 0 0 0 0 0 0 0 0 0 0 0 0 0 -4 2 -16 11 -16 11 -17 10 -18 10 -19 11 -20 11 -20 11 -21 11 -21 10 -22 10 -22 10 -22 9 -23 9 -23 9 -23 9 -22 10 -22 10 -22 10 -23 11 -23 11 -22 11 -22 11 -22 11 -22 11 -22 11 -21 11
1786806301.786012,1722,128,28 -64 1 0 -29 10 -29 11 -27 12 -25 13 -23 13 -22 12 -21 11 -20 11 -21 10 -22 10 -23 9 -24 9 -25 8 -26 8 -27 9 -28 10 -28 11 -27 11 -26 11 -25 10 -24 8 -23 6 -21 3 -20 -1 -19 -3 -5 -1 0 0 0 0 0 0 0 0 0 0 0 0 0 0 0 0 0 0 -3 4 -10 16 -11 15 -11 13 -11 11 -11 11 -11 11 -11 10 -12 8 -14 5 -16 2 -17 0 -18 -2 -20 -2 -22 -3 -23 -3 -25 -2 -27 0 -27 0 -27 1 -27 3 -27 4 -27 5 -27 5 -27 6 -27 6 -27 7
1786806301.81933,1609,128,-45 48 13 0 -32 4 -30 6 -29 4 -29 3 -28 2 -27 3 -26 3 -26 5 -27 6 -25 5 -23 2 -22 2 -22 4 -21 5 -21 6 -21 4 -20 1 -17 -1 -16 1 -15 0 -15 -2 -15 -2 -14 -1 -12 -2 -12 -3 -3 -1 0 0 0 0 0 0 0 0 0 0 0 0 0 0 0 0 0 0 -2 1 -9 4 -10 3 -10 2 -12 2 -14 2 -15 2 -16 2 -18 1 -18 1 -19 1 -21 1 -22 0 -24 0 -25 1 -25 2 -24 2 -24 1 -24 2 -24 3 -26 2 -30 1 -33 0 -33 1 -31 2 -31 2 -32 1
1786806301.8498628,1610,128,96 0 6 0 8 31 7 30 9 28 11 27 12 25 13 24 12 23 12 23 11 22 12 19 13 17 13 18 12 19 10 17 10 17 9 17 10 16 11 13 9 13 8 13 8 12 8 12 5 12 5 11 5 10 1 2 0 0 0 0 0 0 0 0 0 0 0 0 0 0 0 0 0 0 0 1 2 7 3 9 -1 11 -4 10 -4 11 -3 16 -4 19 -2 18 0 17 0 18 -1 19 -1 22 -2 24 -4 24 -4 25 -2 26 2 27 3 25 1 25 1 25 3 25 5 25 6 27 7 31 5 32 3 32
1786806301.883233,3467,128,28 -64 1 0 -21 1 -20 1 -20 1 -20 2 -20 2 -20 2 -19 3 -19 3 -19 4 -19 4 -19 4 -18 4 -18 5 -19 5 -18 5 -18 5 -18 4 -18 4 -18 4 -17 4 -16 4 -15 4 -15 4 -15 3 -15 2 -4 0 0 0 0 0 0 0 0 0 0 0 0 0 0 0 0 0 0 0 -5 0 -17 3 -17 2 -18 1 -18 1 -19 1 -20 0 -20 0 -20 -1 -20 -1 -21 -1 -21 -1 -21 -2 -21 -2 -21 -2 -21 -2 -21 -2 -21 -1 -21 -1 -21 -1 -21 -1 -21 -1 -21 -1 -21 0 -21 0 -21 0 -21 0
1786806301.924938,3468,128,28 -64 1 0 -21 -11 -22 -11 -22 -10 -21 -10 -21 -9 -21 -9 -21 -8 -22 -8 -22 -8 -22 -7 -22 -7 -22 -6 -22 -6 -22 -6 -22 -6 -21 -6 -21 -6 -21 -6 -21 -7 -20 -6 -18 -5 -18 -5 -18 -5 -17 -6 -17 -6 -5 -2 0 0 0 0 0 0 0 0 0 0 0 0 0 0 0 0 0 0 -5 -2 -18 -7 -18 -8 -19 -9 -19 -9 -19 -10 -20 -11 -20 -12 -20 -12 -20 -13 -20 -13 -20 -13 -20 -14 -20 -14 -20 -15 -20 -14 -20 -14 -21 -13 -21 -13 -20 -13 -20 -13 -21 -13 -21 -13 -21 -12 -21 -12 -21 -12 -20 -12
1786806301.9887738,1133,256,-125 48 8 0 12 18 12 18 12 17 12 17 12 16 13 16 13 16 14 15 14 15 14 15 14 14 14 14 13 14 14 14 14 13 13 13 13 13 13 13 13 13 12 12 12 11 11 11 11 11 10 11 10 11 2 2 0 0 0 0 0 0 0 0 0 0 0 0 0 0 0 0 0 0 2 3 11 13 11 13 11 14 10 15 11 16 11 17 11 17 11 18 11 18 10 19 10 19 10 19 10 20 10 20 10 19 10 19 10 19 11 19 10 19 10 19 11 19 11 19 12 19 11 18 11 18 10 18 6 9 23 36 21 36 21 35 23 34 23 34 22 33 23 32 25 31 26 31 27 30 27 30 27 29 27 28 27 28 27 28 26 27 25 26 26 27 26 26 25 25 24 24 22 22 21 21 20 21 20 22 19 22 17 21 15 20 3 5 0 0 0 0 0 0 0 0 0 0 5 5 20 22 19 24 19 26 19 28 18 30 17 31 18 33 19 34 19 36 19 36 18 37 17 38 17 38 18 39 17 40 17 40 17 40 17 39 19 38 19 38 18 39 18 39 19 39 20 38 21 37 20 36 19 34 18 32
1786806302.022102,1724,128,28 -64 1 0 -30 9 -27 11 -24 12 -21 12 -19 11 -18 9 -17 7 -18 5 -19 3 -21 2 -25 2 -28 2 -29 3 -31 5 -31 7 -31 9 -29 11 -26 11 -24 10 -23 9 -21 6 -19 4 -16 1 -15 -4 -14 -9 -4 -3 0 0 0 0 0 0 0 0 0 0 0 0 0 0 0 0 0 0 -4 3 -13 12 -13 12 -13 12 -14 11 -14 10 -15 10 -15 8 -16 7 -17 5 -17 4 -17 3 -18 2 -19 1 -20 1 -20 1 -20 0 -21 0 -22 -1 -24 -1 -24 -1 -25 -1 -26 0 -28 1 -30 1 -31 2 -31 3
1786806302.052688,3469,128,28 -64 1 0 24 0 24 0 24 -1 24 -2 24 -2 23 -2 23 -3 23 -3 23 -4 23 -4 22 -4 22 -4 22 -4 22 -5 22 -5 21 -5 21 -4 21 -4 21 -4 20 -4 18 -4 17 -4 17 -4 17 -3 17 -3 4 -1 0 0 0 0 0 0 0 0 0 0 0 0 0 0 0 0 0 0 4 -1 19 -4 20 -3 20 -3 21 -2 22 -1 23 -1 23 0 24 0 24 0 24 1 24 1 24 1 25 2 25 2 25 2 25 2 24 1 25 1 25 1 25 1 25 1 25 1 25 0 25 0 24 0 24 0
1786806302.0888362,3470,128,28 -64 1 0 -19 11 -19 11 -18 11 -18 12 -17 12 -17 12 -17 12 -16 12 -16 13 -16 13 -15 13 -15 13 -15 13 -15 13 -15 13 -14 13 -14 13 -14 12 -14 12 -13 12 -13 11 -12 11 -12 10 -12 10 -12 9 -3 2 0 0 0 0 0 0 0 0 0 0 0 0 0 0 0 0 0 0 -4 2 -14 11 -15 11 -15 10 -16 10 -17 10 -17 10 -18 10 -18 10 -19 10 -19 10 -20 10 -20 9 -20 9 -20 9 -20 9 -20 9 -20 9 -20 10 -20 10 -20 10 -20 10 -20 10 -19 10 -19 10 -19 10 -19 10
1786806302.1304471,1613,128,80 0 5 0 -25 -15 -25 -16 -25 -15 -23 -13 -23 -12 -23 -12 -21 -13 -20 -12 -20 -10 -21 -9 -21 -9 -20 -9 -18 -9 -16 -8 -16 -8 -15 -10 -14 -11 -14 -11 -14 -10 -13 -9 -11 -9 -10 -8 -9 -7 -9 -8 -8 -7 -2 -2 0 0 0 0 0 0 0 0 0 0 0 0 0 0 0 0 0 0 -3 -2 -10 -6 -10 -6 -10 -8 -10 -8 -11 -8 -14 -8 -16 -10 -15 -12 -14 -13 -14 -12 -15 -12 -13 -12 -13 -12 -16 -13 -18 -14 -19 -16 -19 -17 -20 -16 -20 -16 -21 -16 -22 -16 -23 -16 -23 -17 -24 -17 -25 -16 -27 -16
1786806302.166539,1616,128,-31 16 14 0 17 -27 16 -25 14 -24 13 -26 13 -27 12 -24 10 -21 9 -21 9 -23 10 -24 11 -22 10 -20 8 -20 7 -20 8 -19 9 -19 9 -18 9 -16 9 -16 8 -14 7 -13 7 -14 9 -14 9 -12 7 -10 1 -3 0 0 0 0 0 0 0 0 0 0 0 0 0 0 0 0 0 0 1 -2 7 -7 11 -8 12 -12 12 -13 12 -12 12 -12 13 -13 15 -13 15 -13 16 -14 16 -14 16 -14 17 -13 18 -15 19 -18 19 -18 18 -17 18 -18 18 -20 19 -23 19 -25 19 -24 20 -25 19 -26 20 -26 24 -25
1786806302.1943371,3471,128,28 -64 1 0 23 3 23 3 23 3 23 2 22 2 22 1 22 1 23 0 23 0 23 -1 22 -1 21 -1 21 -1 22 -1 22 -2 21 -2 21 -1 21 -1 21 -1 20 -1 19 -1 18 -1 18 -1 18 0 17 0 4 0 0 0 0 0 0 0 0 0 0 0 0 0 0 0 0 0 0 0 4 0 19 0 19 1 20 2 20 2 21 3 22 4 22 4 22 5 22 5 23 6 23 6 23 6 22 7 22 7 22 7 22 6 22 6 22 6 22 6 23 6 23 5 23 5 23 5 23 4 22 4 22 4
1786806302.263932,1134,256,54 101 83 0 21 -6 21 -6 21 -6 20 -7 20 -7 20 -7 20 -7 20 -8 19 -8 19 -8 18 -8 18 -8 18 -8 18 -9 18 -9 17 -9 17 -8 17 -8 17 -8 16 -8 15 -8 14 -7 14 -7 14 -6 14 -6 3 -2 0 0 0 0 0 0 0 0 0 0 0 0 0 0 0 0 0 0 4 -2 16 -7 16 -7 17 -7 18 -6 18 -6 19 -6 20 -5 20 -5 21 -5 21 -5 21 -4 21 -4 21 -3 22 -3 21 -3 21 -4 21 -4 21 -4 22 -4 22 -4 22 -5 21 -5 21 -5 21 -5 21 -5 21 -4 10 -4 40 -13 40 -11 40 -11 40 -13 39 -14 38 -14 37 -14 37 -14 38 -15 38 -16 37 -16 35 -16 34 -16 34 -17 34 -18 33 -18 32 -18 33 -17 33 -16 32 -15 31 -16 28 -16 27 -16 27 -16 27 -15 26 -13 25 -11 24 -10 6 -3 0 0 0 0 0 0 0 0 0 0 6 -4 26 -15 28 -15 30 -14 32 -13 34 -12 35 -11 36 -10 37 -9 39 -8 40 -8 40 -8 41 -8 41 -8 42 -6 42 -5 42 -5 41 -6 41 -7 42 -7 41 -8 42 -8 42 -9 42 -9 42 -9 42 -10 41 -10 39 -11 37 -10
1786806302.29428,3473,128,28 -64 1 0 22 1 18 1 13 2 8 3 4 6 0 9 -3 13 -5 18 -5 22 -6 25 -5 27 -4 28 -2 29 -1 29 1 27 1 23 0 20 -1 16 -2 11 -4 7 -6 3 -9 0 -12 -3 -15 -4 -17 -5 -5 -2 0 0 0 0 0 0 0 0 0 0 0 0 0 0 0 0 0 0 -2 -1 -4 -5 -2 -8 2 -12 5 -17 7 -21 8 -25 9 -29 9 -31 8 -32 7 -33 6 -31 5 -29 4 -25 3 -20 3 -15 4 -10 6 -5 9 0 13 5 17 8 21 10 25 11 28 10 30 9 30 8 30 7
1786806302.327706,1617,128,124 -64 7 0 11 -28 9 -28 9 -26 9 -25 8 -24 8 -22 8 -21 6 -22 6 -21 6 -20 6 -19 7 -18 6 -19 5 -20 6 -20 6 -17 5 -14 4 -14 4 -14 7 -15 10 -13 10 -10 8 -8 7 -8 7 -8 2 -2 0 0 0 0 0 0 0 0 0 0 0 0 0 0 0 0 0 0 1 -3 5 -11 3 -13 2 -13 5 -12 7 -14 5 -16 4 -17 5 -18 5 -17 4 -17 5 -19 6 -23 6 -25 6 -24 8 -22 8 -22 7 -23 8 -23 9 -22 10 -23 12 -26 12 -28 10 -29 9 -29 10 -30 12 -30
1786806302.361005,3476,128,28 -64 1 0 -4 23 -4 18 -4 13 -5 8 -7 3 -10 -2 -13 -6 -17 -8 -21 -10 -25 -10 -27 -9 -29 -8 -29 -8 -29 -7 -27 -5 -24 -4 -20 -3 -16 -3 -11 -4 -7 -5 -3 -6 1 -8 4 -11 7 -13 8 -15 2 -4 0 0 0 0 0 0 0 0 0 0 0 0 0 0 0 0 0 0 0 -2 3 -5 6 -2 10 1 15 3 20 5 24 6 27 7 30 7 31 6 32 5 31 3 28 2 24 2 19 2 14 2 9 3 3 5 -2 8 -6 12 -10 16 -12 21 -13 24 -12 27 -12 29 -11 30 -11 30
1786806302.397117,1728,128,28 -64 1 0 19 -24 16 -27 13 -28 11 -27 7 -25 6 -22 5 -20 6 -18 9 -18 11 -18 14 -18 17 -19 19 -21 19 -24 20 -26 19 -28 18 -29 17 -29 15 -27 14 -25 13 -22 13 -18 14 -14 16 -9 17 -5 4 -1 0 0 0 0 0 0 0 0 0 0 0 0 0 0 0 0 0 0 0 -4 1 -16 2 -17 3 -17 4 -16 5 -15 6 -14 6 -13 8 -11 10 -9 13 -8 14 -8 15 -9 17 -10 18 -12 18 -13 17 -14 17 -14 16 -13 15 -14 16 -13 16 -13 17 -13 18 -14 19 -15 20 -16 22 -16
1786806302.4304829,3477,128,28 -64 1 0 -16 -18 -13 -15 -9 -12 -4 -10 1 -9 6 -9 11 -10 15 -12 18 -15 20 -17 21 -19 21 -21 20 -22 19 -23 16 -22 14 -20 12 -17 11 -13 9 -9 8 -4 7 1 7 5 8 8 9 12 10 14 2 3 0 0 0 0 0 0 0 0 0 0 0 0 0 0 0 0 0 0 0 1 -1 6 -5 6 -10 7 -16 7 -21 9 -25 11 -28 13 -30 15 -30 16 -29 17 -27 17 -25 16 -21 14 -18 11 -14 7 -11 3 -9 -2 -8 -8 -7 -14 -8 -19 -9 -23 -12 -26 -14 -28 -16 -29 -18 -29 -20 -28
1786806302.469363,1729,128,28 -64 1 0 -29 -9 -28 -7 -28 -5 -27 -3 -25 -2 -24 -2 -23 -4 -22 -5 -22 -7 -23 -8 -25 -9 -27 -10 -28 -11 -30 -10 -30 -9 -30 -8 -31 -8 -30 -8 -28 -8 -25 -8 -23 -9 -19 -10 -16 -12 -13 -14 -11 -17 -3 -5 0 0 0 0 0 0 0 0 0 0 0 0 0 0 0 0 0 0 -3 -1 -12 -3 -12 -3 -13 -3 -15 -3 -15 -4 -14 -5 -12 -5 -11 -4 -11 -4 -10 -6 -9 -8 -9 -10 -11 -11 -12 -12 -13 -13 -13 -13 -14 -13 -14 -13 -15 -13 -17 -13 -18 -13 -18 -14 -20 -15 -22 -13 -24 -12 -25 -12
1786806302.5054238,1621,128,92 -64 5 0 25 -15 26 -13 25 -12 22 -13 21 -14 23 -14 23 -13 22 -13 21 -14 21 -13 19 -13 16 -14 15 -13 16 -12 17 -11 16 -10 14 -7 13 -5 12 -5 12 -4 11 -5 11 -4 11 -3 10 -3 10 -4 2 -1 0 0 0 0 0 0 0 0 0 0 0 0 0 0 0 0 0 0 0 -2 4 -5 9 -7 11 -9 9 -10 10 -8 13 -8 15 -9 17 -8 20 -6 18 -7 17 -10 19 -10 20 -8 21 -8 21 -9 20 -9 22 -11 24 -13 26 -13 27 -12 25 -12 23 -13 23 -13 23 -14 22 -13 22 -13
1786806302.538775,3479,128,28 -64 1 0 -23 7 -19 5 -15 3 -11 -1 -8 -5 -6 -10 -5 -14 -6 -19 -7 -22 -8 -25 -10 -27 -12 -27 -14 -27 -15 -26 -15 -23 -14 -20 -11 -17 -8 -14 -5 -12 -1 -9 2 -7 6 -6 10 -6 14 -7 16 -7 4 -2 0 0 0 0 0 0 0 0 0 0 0 0 0 0 0 0 0 0 1 0 5 3 3 6 1 11 -1 16 -2 21 -2 25 -1 29 0 31 1 33 2 32 3 31 4 28 4 25 3 20 1 15 -2 11 -5 7 -10 3 -15 0 -20 -1 -25 -1 -28 -1 -31 1 -33 3 -33 4 -32 5
1786806302.580448,3480,128,28 -64 1 0 -16 -19 -16 -19 -16 -18 -16 -18 -16 -18 -16 -17 -17 -17 -17 -17 -17 -17 -17 -16 -17 -16 -17 -15 -17 -15 -17 -15 -17 -15 -17 -14 -17 -14 -17 -14 -16 -14 -15 -13 -14 -12 -14 -12 -13 -12 -13 -12 -13 -13 -3 -3 0 0 0 0 0 0 0 0 0 0 0 0 0 0 0 0 0 0 -4 -4 -15 -13 -15 -14 -15 -15 -14 -16 -15 -17 -15 -17 -15 -18 -15 -19 -15 -19 -14 -20 -14 -20 -14 -21 -14 -21 -14 -21 -14 -21 -14 -20 -15 -20 -15 -20 -15 -20 -14 -20 -15 -20 -15 -20 -16 -20 -15 -20 -14 -20 -14 -19
1786806302.6471128,1135,256,-125 48 8 0 -22 8 -18 6 -14 3 -10 0 -7 -5 -4 -9 -3 -14 -4 -19 -5 -23 -6 -26 -8 -27 -9 -28 -11 -27 -12 -26 -12 -24 -11 -20 -9 -17 -6 -14 -3 -11 0 -8 3 -5 7 -4 10 -3 14 -2 16 -2 4 -1 0 0 0 0 0 0 0 0 0 0 0 0 0 0 0 0 0 0 1 0 5 1 4 5 3 10 3 15 3 20 4 25 4 28 6 30 7 31 8 30 9 29 8 26 7 22 5 18 3 14 0 10 -5 6 -10 3 -15 1 -20 0 -25 0 -28 1 -31 3 -32 4 -32 6 -31 6 -12 5 -46 21 -40 17 -33 13 -26 8 -18 1 -12 -8 -8 -17 -7 -27 -8 -36 -10 -43 -13 -47 -15 -51 -18 -52 -22 -51 -25 -49 -26 -43 -24 -37 -19 -32 -12 -27 -6 -21 0 -15 5 -11 12 -8 20 -6 27 -6 32 -7 34 -6 34 -5 8 -2 0 0 0 0 0 0 0 0 0 0 3 -5 13 -15 12 -9 10 0 9 10 7 20 7 29 9 38 10 46 13 53 15 57 18 58 19 57 20 54 18 49 15 42 11 34 7 26 1 19 -7 13 -17 8 -28 3 -38 2 -46 3 -53 5 -58 9 -60 13 -58 16 -54 17
1786806302.68323,1625,128,100 64 6 0 25 -21 24 -20 22 -19 20 -19 19 -19 17 -19 16 -18 15 -18 14 -18 14 -17 15 -17 14 -19 12 -19 12 -18 13 -16 12 -14 12 -14 12 -14 12 -12 12 -10 11 -10 11 -12 9 -11 9 -8 8 -7 2 -2 0 0 0 0 0 0 0 0 0 0 0 0 0 0 0 0 0 0 0 -2 5 -6 9 -5 10 -5 11 -6 11 -7 13 -8 15 -8 15 -8 14 -9 14 -11 16 -13 18 -12 18 -12 17 -11 18 -10 21 -11 23 -13 23 -15 23 -14 22 -13 22 -16 23 -18 23 -19 22 -19 23 -18 23 -19
1786806302.716589,1626,128,100 64 6 0 26 -10 24 -9 25 -10 27 -12 26 -12 23 -12 22 -13 19 -12 18 -12 20 -12 21 -12 19 -10 19 -10 19 -10 19 -9 19 -9 18 -8 15 -6 13 -5 12 -5 12 -4 13 -1 12 -1 10 -1 9 0 2 -1 0 0 0 0 0 0 0 0 0 0 0 0 0 0 0 0 0 0 2 -2 10 -4 10 -4 12 -5 10 -6 8 -7 11 -7 15 -7 18 -8 20 -9 20 -9 22 -9 23 -7 22 -5 23 -6 25 -9 26 -10 27 -11 27 -11 25 -11 24 -11 25 -11 26 -11 26 -14 26 -15 28 -12 29 -9
1786806302.7471669,3483,128,28 -64 1 0 17 12 17 12 18 12 17 11 17 11 17 11 18 10 18 10 18 9 18 9 18 9 17 8 18 8 18 8 18 8 17 8 17 8 17 8 17 8 16 7 15 6 14 6 14 6 13 7 13 7 3 1 0 0 0 0 0 0 0 0 0 0 0 0 0 0 0 0 0 0 3 2 15 8 15 8 15 9 15 10 16 11 16 11 16 12 17 13 16 13 16 14 16 14 16 14 16 15 16 15 16 15 16 14 17 14 17 14 17 14 16 14 17 14 17 14 17 13 17 13 16 13 15 13
1786806302.78606,3484,128,28 -64 1 0 -4 -25 -4 -25 -4 -24 -4 -24 -5 -24 -5 -23 -6 -23 -6 -23 -7 -23 -7 -23 -7 -22 -7 -22 -7 -22 -7 -21 -7 -21 -7 -21 -8 -21 -8 -21 -7 -20 -7 -19 -7 -18 -6 -17 -6 -17 -5 -17 -5 -17 -2 -5 0 0 0 0 0 0 0 0 0 0 0 0 0 0 0 0 0 0 -2 -5 -5 -19 -5 -20 -4 -21 -3 -22 -3 -22 -3 -23 -3 -24 -2 -24 -2 -24 -1 -25 -1 -25 -1 -25 0 -25 0 -26 0 -26 -1 -25 -2 -25 -1 -25 -1 -26 -1 -26 -2 -25 -2 -25 -3 -25 -2 -25 -2 -24 -2 -24
1786806302.811028,704,128,-117 -78 40 0 5 10 5 10 5 9 5 9 6 9 6 9 6 8 6 8 6 8 6 8 6 8 7 8 7 8 7 8 6 8 6 8 6 7 6 7 6 7 6 7 5 6 5 6 5 6 5 6 5 6 1 1 0 0 0 0 0 0 0 0 0 0 0 0 0 0 0 0 0 0 1 1 5 8 5 8 5 8 5 8 5 9 5 9 5 10 5 10 5 11 5 11 4 11 4 11 4 11 4 11 4 11 4 11 4 11 4 11 4 11 4 10 5 10 5 10 5 10 5 10 5 10 4 10
1786806302.8388102,1628,128,92 -64 5 0 26 6 25 6 27 7 27 5 25 2 24 1 23 0 22 0 23 1 22 1 21 0 19 0 17 -1 17 -1 18 0 18 1 17 1 16 2 15 2 14 1 13 1 11 2 9 3 9 2 10 2 2 0 0 0 0 0 0 0 0 0 0 0 0 0 0 0 0 0 0 0 2 0 10 2 11 5 14 6 14 7 13 7 13 5 15 6 17 5 17 4 16 5 17 9 19 12 20 10 21 9 23 10 24 9 25 8 25 9 24 10 25 9 27 8 29 7 29 8 29 9 29 9 29 11
1786806302.911072,2190,256,-114 -27 88 0 20 -8 20 -8 20 -9 19 -9 19 -10 19 -10 18 -10 18 -10 18 -10 18 -11 17 -11 17 -11 17 -11 17 -11 17 -11 16 -11 16 -10 16 -10 16 -10 15 -10 14 -10 13 -9 13 -9 14 -8 14 -8 3 -2 0 0 0 0 0 0 0 0 0 0 0 0 0 0 0 0 0 0 3 -3 15 -9 15 -9 16 -9 17 -8 18 -8 18 -8 19 -8 19 -8 20 -8 20 -7 20 -7 20 -6 21 -6 21 -5 21 -6 21 -6 20 -7 21 -7 21 -7 21 -7 21 -8 21 -8 20 -8 21 -7 21 -7 21 -7 10 -5 39 -19 38 -17 37 -16 38 -18 37 -19 36 -20 35 -20 35 -20 35 -20 34 -20 34 -19 32 -20 31 -20 32 -21 32 -22 32 -23 30 -22 31 -21 30 -20 30 -20 28 -21 26 -20 24 -19 25 -18 26 -18 26 -16 23 -14 22 -13 5 -3 0 0 0 0 0 0 0 0 0 0 5 -5 24 -18 26 -18 29 -17 30 -16 32 -15 33 -15 35 -15 36 -14 37 -14 38 -14 39 -14 39 -14 39 -12 40 -11 41 -10 41 -10 41 -11 40 -11 40 -12 40 -13 40 -14 40 -14 40 -15 40 -15 39 -15 39 -15 37 -15 34 -15
1786806302.986003,2191,256,-114 -27 88 0 15 -17 15 -16 14 -17 14 -17 14 -17 13 -17 13 -17 12 -17 12 -18 12 -18 11 -17 11 -17 11 -17 11 -17 11 -17 10 -17 10 -17 10 -17 10 -16 10 -16 9 -15 8 -15 9 -14 9 -14 9 -13 2 -4 0 0 0 0 0 0 0 0 0 0 0 0 0 0 0 0 0 0 2 -4 10 -15 11 -15 12 -15 12 -15 13 -15 14 -15 14 -15 15 -15 15 -15 16 -15 16 -15 16 -15 17 -14 17 -14 17 -15 16 -15 16 -15 16 -15 17 -16 17 -16 17 -16 16 -16 16 -16 16 -16 15 -16 14 -16 5 -10 24 -37 24 -35 24 -34 23 -35 22 -36 21 -37 19 -37 18 -36 18 -36 19 -37 18 -36 17 -35 16 -34 15 -35 16 -37 15 -36 14 -35 15 -35 15 -34 14 -33 13 -33 12 -32 12 -31 12 -30 13 -29 12 -27 12 -25 12 -23 3 -6 0 0 0 0 0 0 0 0 0 0 3 -8 12 -29 14 -29 16 -29 18 -29 20 -30 21 -31 23 -31 23 -31 24 -31 25 -32 27 -33 28 -33 29 -32 29 -31 30 -30 30 -29 29 -30 29 -31 28 -32 28 -32 29 -33 28 -34 28 -35 27 -34 27 -34 27 -33 25 -32 24 -31
1786806303.063785,1138,256,-125 48 8 0 -7 -24 -7 -24 -7 -23 -7 -23 -8 -23 -8 -22 -9 -22 -10 -22 -10 -22 -10 -21 -11 -21 -11 -20 -10 -20 -10 -20 -10 -20 -10 -19 -10 -19 -10 -19 -9 -19 -9 -18 -9 -17 -9 -16 -8 -16 -8 -16 -8 -16 -2 -4 0 0 0 0 0 0 0 0 0 0 0 0 0 0 0 0 0 0 -3 -5 -8 -18 -8 -19 -7 -20 -7 -21 -7 -21 -7 -22 -7 -23 -6 -23 -6 -23 -5 -24 -6 -24 -6 -24 -5 -25 -5 -25 -5 -25 -5 -24 -6 -24 -6 -25 -5 -25 -5 -25 -5 -25 -6 -24 -7 -24 -7 -24 -6 -24 -6 -23 -3 -12 -8 -47 -8 -47 -8 -46 -10 -44 -9 -44 -9 -45 -10 -44 -12 -43 -14 -42 -14 -42 -16 -41 -16 -40 -16 -40 -16 -40 -15 -40 -15 -39 -16 -39 -16 -38 -16 -38 -15 -37 -14 -35 -13 -34 -13 -31 -12 -31 -11 -32 -11 -31 -9 -29 -7 -28 -2 -7 0 0 0 0 0 0 0 0 0 0 -3 -8 -12 -32 -10 -34 -9 -36 -9 -38 -7 -39 -6 -41 -5 -42 -6 -43 -6 -44 -5 -45 -3 -45 -2 -46 -3 -46 -3 -47 -2 -48 -2 -49 -2 -49 -3 -48 -4 -47 -5 -47 -3 -48 -3 -49 -4 -49 -5 -48 -6 -47 -6 -46 -4 -45 -4 -43
1786806303.094361,1631,128,123 -77 55 0 21 26 24 24 24 23 21 22 18 21 18 19 19 17 19 15 19 16 18 16 15 15 15 16 15 16 16 16 16 15 15 15 15 14 14 14 12 13 10 11 9 11 7 10 7 10 5 10 3 10 0 2 0 0 0 0 0 0 0 0 0 0 0 0 0 0 0 0 0 0 2 0 8 4 10 8 10 10 11 10 11 10 10 13 11 16 12 15 13 13 14 15 14 17 14 17 15 16 15 18 15 19 16 18 18 19 19 21 19 22 19 21 20 22 21 23 22 21 22 20 22 21 22 24
1786806303.133281,1632,128,-113 -13 56 0 -31 -13 -30 -13 -28 -11 -26 -9 -25 -8 -25 -8 -25 -7 -25 -8 -24 -9 -24 -8 -24 -6 -22 -6 -19 -7 -19 -7 -19 -5 -18 -5 -18 -6 -18 -6 -17 -6 -16 -7 -15 -7 -14 -6 -12 -7 -11 -6 -10 -6 -3 -2 0 0 0 0 0 0 0 0 0 0 0 0 0 0 0 0 0 0 -3 -2 -10 -5 -10 -4 -11 -4 -12 -5 -14 -6 -15 -6 -15 -8 -15 -10 -17 -9 -21 -9 -22 -11 -20 -12 -20 -11 -22 -10 -24 -10 -25 -11 -26 -14 -26 -14 -27 -12 -27 -13 -27 -14 -28 -13 -29 -11 -30 -9 -29 -9 -28 -10
1786806303.208289,1251,256,-114 -27 88 0 -18 14 -18 13 -17 13 -16 14 -16 14 -16 14 -15 14 -15 15 -15 15 -14 15 -14 14 -13 14 -14 14 -14 15 -14 15 -13 14 -13 14 -13 14 -13 13 -12 13 -12 13 -11 12 -11 11 -12 11 -12 11 -3 2 0 0 0 0 0 0 0 0 0 0 0 0 0 0 0 0 0 0 -3 3 -12 13 -13 13 -13 13 -14 13 -15 13 -16 13 -16 13 -17 13 -17 13 -18 13 -18 13 -18 12 -19 12 -19 12 -19 12 -19 12 -18 13 -18 13 -19 13 -19 13 -19 13 -18 13 -18 13 -18 13 -18 13 -17 13 -7 8 -28 34 -28 31 -28 30 -27 32 -26 33 -25 34 -24 33 -23 33 -23 32 -22 33 -21 32 -20 32 -20 32 -20 33 -20 33 -20 33 -18 32 -18 31 -18 31 -18 30 -17 30 -16 28 -15 27 -16 27 -17 27 -17 25 -16 22 -16 20 -4 5 0 0 0 0 0 0 0 0 0 0 -4 6 -14 27 -16 28 -18 29 -20 29 -21 28 -23 29 -25 29 -26 29 -26 29 -27 29 -28 30 -29 30 -30 29 -31 28 -32 27 -32 28 -32 28 -30 28 -30 29 -30 30 -30 31 -31 31 -31 32 -30 31 -29 30 -29 30 -28 30 -26 28
1786806303.274961,1139,256,54 101 83 0 -22 3 -22 3 -22 3 -21 4 -21 5 -21 5 -21 5 -21 6 -20 6 -20 6 -19 6 -19 6 -19 7 -19 7 -19 7 -18 7 -18 6 -18 6 -18 6 -18 6 -16 6 -16 6 -15 6 -16 5 -16 4 -4 1 0 0 0 0 0 0 0 0 0 0 0 0 0 0 0 0 0 0 -5 1 -18 5 -18 4 -19 3 -19 3 -20 3 -21 3 -21 3 -21 2 -22 2 -22 2 -22 1 -22 1 -22 1 -22 0 -22 1 -22 1 -23 1 -23 1 -23 2 -23 2 -23 2 -23 2 -23 2 -22 3 -22 3 -21 3 -11 2 -42 8 -42 7 -42 6 -42 8 -41 9 -39 10 -38 11 -39 11 -39 11 -39 12 -38 12 -37 12 -36 13 -35 13 -37 14 -36 15 -34 14 -34 13 -34 12 -33 12 -32 13 -30 13 -29 13 -28 13 -29 12 -29 10 -27 8 -26 7 -7 1 0 0 0 0 0 0 0 0 0 0 -7 2 -29 11 -30 10 -32 8 -34 7 -35 6 -37 6 -38 5 -39 4 -40 3 -41 3 -41 3 -42 2 -43 1 -43 0 -43 -1 -43 -1 -43 0 -43 1 -43 2 -43 2 -43 3 -42 4 -43 4 -43 4 -43 4 -42 4 -40 4 -38 4
1786806303.313914,3498,128,28 -64 1 0 -6 -22 -6 -22 -6 -21 -6 -21 -6 -20 -7 -20 -7 -20 -8 -20 -8 -20 -9 -20 -9 -19 -9 -19 -9 -18 -9 -18 -9 -18 -9 -18 -9 -18 -9 -17 -8 -17 -8 -16 -8 -15 -7 -14 -7 -14 -7 -14 -6 -14 -2 -4 0 0 0 0 0 0 0 0 0 0 0 0 0 0 0 0 0 0 -2 -5 -6 -17 -6 -18 -5 -19 -5 -19 -5 -20 -5 -20 -5 -21 -5 -21 -4 -22 -3 -22 -3 -22 -3 -22 -3 -23 -2 -23 -3 -23 -3 -22 -4 -22 -4 -22 -3 -23 -3 -23 -4 -22 -4 -22 -5 -22 -5 -22 -4 -21 -4 -21
1786806303.347188,3505,128,28 -64 1 0 -24 -2 -24 -2 -23 -1 -23 -1 -23 0 -23 0 -23 0 -23 1 -23 1 -23 1 -22 2 -22 2 -22 3 -22 3 -22 3 -21 3 -22 3 -22 2 -21 2 -20 2 -19 2 -18 2 -18 2 -18 1 -18 1 -5 0 0 0 0 0 0 0 0 0 0 0 0 0 0 0 0 0 0 0 -5 0 -20 0 -20 -1 -21 -1 -21 -2 -22 -3 -23 -3 -23 -4 -23 -4 -23 -5 -24 -5 -24 -5 -24 -6 -24 -6 -24 -7 -24 -6 -24 -6 -24 -5 -24 -5 -24 -5 -24 -5 -24 -4 -24 -4 -24 -4 -24 -3 -23 -3 -23 -4
1786806303.380522,3506,128,28 -64 1 0 -5 23 -4 23 -4 23 -4 23 -4 23 -3 22 -2 22 -2 22 -2 22 -1 22 -1 21 -1 21 -1 21 -1 21 0 21 0 21 0 20 0 20 0 20 -1 19 -1 18 -1 17 -1 17 -1 17 -2 16 -1 4 0 0 0 0 0 0 0 0 0 0 0 0 0 0 0 0 0 0 -1 4 -2 19 -2 20 -3 20 -4 20 -4 21 -4 22 -5 22 -5 23 -6 23 -7 23 -7 23 -7 23 -8 23 -8 23 -8 23 -7 23 -7 23 -7 23 -7 23 -7 23 -7 23 -6 23 -6 23 -6 23 -6 23 -6 22
1786806303.43887,1140,256,54 101 83 0 24 4 24 4 24 4 24 3 23 2 23 2 23 2 24 1 23 1 23 0 23 0 22 0 22 0 23 0 22 -1 21 -1 22 0 22 0 21 0 20 0 18 -1 18 -1 18 -1 18 0 17 1 4 0 0 0 0 0 0 0 0 0 0 0 0 0 0 0 0 0 0 0 4 0 20 0 20 1 20 2 21 2 22 3 23 4 23 4 23 5 23 5 23 5 24 6 24 6 24 7 24 7 24 7 24 7 24 6 24 6 24 6 24 6 24 6 25 6 25 5 24 5 24 5 23 5 11 3 45 16 44 17 44 17 45 15 44 14 43 13 43 12 44 12 45 11 45 11 45 10 44 9 43 8 42 7 43 7 43 6 41 6 41 7 41 8 40 8 38 6 35 5 34 4 33 4 33 5 32 7 29 7 26 8 6 2 0 0 0 0 0 0 0 0 0 0 8 0 34 3 35 4 37 7 38 9 38 11 39 12 40 14 41 16 42 17 43 18 42 18 42 18 43 19 44 21 44 23 43 23 43 22 43 21 44 20 44 20 44 20 44 20 44 19 44 19 45 18 44 17 42 16 40 15
1786806303.480541,3507,128,28 -64 1 0 -16 -19 -16 -19 -16 -18 -15 -18 -15 -17 -16 -17 -16 -16 -17 -16 -17 -16 -17 -16 -17 -15 -17 -15 -17 -14 -17 -14 -17 -14 -16 -13 -16 -14 -16 -14 -16 -14 -15 -13 -14 -12 -14 -11 -13 -11 -13 -11 -13 -12 -4 -3 0 0 0 0 0 0 0 0 0 0 0 0 0 0 0 0 0 0 -4 -4 -15 -14 -14 -14 -14 -15 -14 -16 -14 -17 -14 -18 -15 -18 -14 -19 -14 -20 -14 -20 -14 -20 -14 -21 -13 -21 -13 -21 -13 -21 -14 -20 -15 -20 -14 -20 -14 -21 -14 -20 -14 -20 -15 -20 -15 -20 -15 -19 -14 -19 -14 -19
1786806303.511075,3508,128,28 -64 1 0 20 12 20 12 20 11 19 11 19 10 19 10 20 10 20 9 20 9 20 9 19 8 19 8 19 8 19 8 19 7 19 7 19 8 19 8 18 8 17 7 16 6 15 6 15 6 15 7 15 7 3 1 0 0 0 0 0 0 0 0 0 0 0 0 0 0 0 0 0 0 4 1 18 6 18 7 18 8 18 9 19 10 19 11 20 11 20 12 19 13 19 13 19 13 19 14 19 15 19 15 19 15 19 14 19 13 19 13 19 14 19 14 19 14 20 13 20 13 20 13 19 13 18 13
1786806303.544395,3509,128,28 -64 1 0 14 19 14 19 14 18 14 17 14 17 14 16 15 16 16 16 16 16 16 15 16 15 16 15 16 14 16 14 16 14 15 13 15 14 15 14 15 13 14 12 13 11 13 10 12 10 12 11 12 11 3 2 0 0 0 0 0 0 0 0 0 0 0 0 0 0 0 0 0 0 3 3 12 14 12 15 12 15 12 16 12 17 12 18 12 19 12 19 12 20 12 20 12 20 12 21 11 21 11 21 11 21 11 20 12 20 12 20 12 21 12 21 12 20 13 20 13 20 13 19 12 19 12 19
1786806303.5777311,1641,128,124 -64 7 0 26 -11 27 -9 26 -8 25 -8 23 -8 22 -8 22 -7 22 -8 23 -9 22 -8 21 -9 21 -9 20 -9 19 -8 18 -8 16 -6 15 -3 16 -2 16 -2 15 -2 13 -3 13 -3 13 -2 12 -1 10 -1 2 0 0 0 0 0 0 0 0 0 0 0 0 0 0 0 0 0 0 0 0 -2 5 -4 9 -3 11 -4 12 -5 12 -4 13 -2 14 -3 16 -4 18 -3 19 -4 18 -5 18 -5 19 -4 19 -3 20 -3 22 -3 24 -4 24 -5 24 -4 24 -5 24 -8 23 -8 26 -7 28 -8 26 -8 25 -7
1786806303.6082702,3510,128,28 -64 1 0 19 12 19 12 19 12 19 12 19 11 19 10 19 10 20 10 20 10 20 9 19 9 19 8 19 8 19 8 19 7 19 7 19 8 19 8 18 7 17 7 16 6 15 6 15 6 15 7 15 7 3 1 0 0 0 0 0 0 0 0 0 0 0 0 0 0 0 0 0 0 4 2 17 8 17 9 16 10 17 11 17 11 18 12 18 13 18 13 18 14 18 14 18 15 18 15 17 16 17 16 17 16 18 15 18 14 18 15 18 15 18 15 19 14 19 14 19 14 19 14 18 14 18 14
1786806303.691626,1141,256,-125 48 8 0 -20 -15 -21 -15 -20 -14 -20 -14 -20 -13 -20 -13 -20 -13 -21 -12 -21 -12 -21 -12 -21 -11 -20 -11 -20 -11 -20 -10 -20 -10 -20 -10 -20 -10 -20 -10 -19 -10 -18 -10 -17 -9 -16 -8 -16 -8 -16 -9 -16 -9 -4 -3 0 0 0 0 0 0 0 0 0 0 0 0 0 0 0 0 0 0 -5 -3 -18 -9 -18 -10 -18 -11 -18 -12 -19 -13 -19 -13 -20 -14 -20 -15 -20 -15 -19 -16 -20 -16 -19 -17 -19 -17 -19 -18 -19 -17 -19 -17 -20 -16 -20 -17 -19 -17 -19 -17 -20 -17 -20 -16 -20 -16 -20 -16 -19 -15 -19 -15 -9 -8 -36 -32 -35 -33 -35 -32 -37 -30 -36 -29 -34 -28 -35 -27 -37 -26 -38 -26 -38 -26 -38 -25 -38 -24 -37 -23 -37 -23 -37 -23 -36 -22 -35 -21 -36 -22 -36 -22 -35 -21 -33 -20 -31 -18 -29 -17 -28 -17 -28 -18 -27 -18 -25 -18 -22 -18 -6 -5 0 0 0 0 0 0 0 0 0 0 -8 -4 -30 -16 -30 -19 -31 -22 -31 -24 -31 -26 -31 -27 -32 -29 -33 -30 -34 -32 -34 -33 -33 -34 -32 -35 -32 -36 -32 -37 -32 -38 -31 -38 -31 -37 -31 -36 -33 -35 -34 -36 -33 -36 -32 -35 -33 -35 -35 -35 -35 -34 -34 -33 -32 -32 -30 -31
1786806303.7278101,3511,128,28 -64 1 0 -18 13 -18 13 -18 14 -17 14 -17 14 -17 14 -16 14 -16 14 -15 15 -15 15 -15 14 -14 14 -14 14 -15 15 -14 14 -14 14 -13 14 -13 13 -13 13 -13 13 -12 12 -11 12 -12 11 -12 11 -12 10 -3 2 0 0 0 0 0 0 0 0 0 0 0 0 0 0 0 0 0 0 -3 3 -12 13 -13 13 -14 13 -15 13 -16 13 -16 13 -17 13 -17 13 -18 13 -19 13 -19 13 -19 12 -19 12 -20 11 -20 12 -19 12 -19 12 -19 12 -19 12 -19 13 -19 13 -19 13 -19 13 -19 13 -19 12 -19 12
1786806303.763886,3512,128,28 -64 1 0 19 -10 18 -9 18 -10 18 -10 18 -11 17 -11 17 -12 17 -12 17 -12 16 -12 15 -12 15 -12 15 -12 15 -12 15 -12 15 -12 14 -12 14 -12 14 -11 13 -11 13 -11 12 -10 12 -10 12 -9 12 -9 3 -3 0 0 0 0 0 0 0 0 0 0 0 0 0 0 0 0 0 0 3 -3 14 -11 15 -10 15 -10 16 -10 17 -10 18 -10 18 -10 18 -9 19 -9 20 -9 20 -9 20 -8 20 -8 20 -8 20 -8 20 -8 20 -9 20 -9 20 -9 20 -9 20 -9 20 -10 20 -9 19 -10 19 -10 18 -10
1786806303.833303,1142,256,-122 96 8 0 -25 -2 -25 -2 -25 -2 -25 -1 -24 -1 -24 0 -24 0 -24 1 -24 1 -23 1 -23 1 -22 2 -22 2 -23 2 -22 3 -22 3 -22 2 -22 2 -21 2 -20 2 -19 2 -18 2 -18 2 -18 1 -18 1 -5 0 0 0 0 0 0 0 0 0 0 0 0 0 0 0 0 0 0 0 -5 0 -21 1 -21 0 -22 -1 -22 -2 -23 -2 -24 -3 -24 -3 -24 -4 -25 -4 -25 -4 -25 -5 -25 -5 -25 -6 -25 -6 -25 -6 -25 -5 -25 -5 -25 -5 -25 -5 -26 -4 -25 -4 -25 -4 -25 -4 -25 -3 -25 -3 -24 -3 -12 0 -48 0 -47 -1 -47 -1 -47 1 -46 2 -45 3 -45 4 -45 4 -46 5 -46 6 -46 6 -44 6 -42 7 -42 8 -43 9 -41 9 -40 9 -41 8 -41 6 -40 6 -38 7 -35 7 -33 8 -33 8 -33 7 -32 5 -30 3 -29 2 -7 0 0 0 0 0 0 0 0 0 0 0 -9 2 -35 8 -36 6 -38 4 -39 3 -41 2 -42 0 -44 -1 -45 -2 -46 -3 -47 -4 -47 -5 -48 -5 -48 -6 -49 -7 -49 -9 -49 -9 -48 -7 -48 -6 -49 -5 -49 -5 -48 -4 -48 -4 -48 -4 -48 -4 -49 -3 -48 -3 -45 -3 -44 -3
1786806303.8666182,708,128,-117 -78 40 0 -12 0 -12 0 -12 1 -12 1 -11 1 -11 1 -11 1 -11 2 -11 2 -11 2 -11 2 -11 2 -11 3 -11 3 -11 3 -10 3 -10 2 -10 2 -10 2 -9 2 -9 2 -9 2 -9 2 -9 2 -8 2 -2 0 0 0 0 0 0 0 0 0 0 0 0 0 0 0 0 0 0 0 -3 0 -11 1 -11 1 -11 1 -12 1 -12 1 -12 0 -13 0 -13 0 -13 0 -13 -1 -13 -1 -13 -2 -13 -2 -13 -2 -13 -2 -13 -2 -13 -1 -13 -1 -13 -1 -12 -1 -12 0 -12 0 -12 0 -12 0 -12 0 -12 0
1786806303.90825,1732,128,28 -64 1 0 -24 -20 -25 -19 -27 -17 -29 -13 -27 -10 -25 -9 -24 -8 -22 -9 -19 -10 -17 -13 -16 -17 -15 -19 -15 -22 -17 -25 -21 -27 -23 -29 -23 -29 -23 -28 -24 -28 -24 -26 -21 -24 -17 -23 -15 -21 -9 -20 -4 -19 -1 -5 0 0 0 0 0 0 0 0 0 0 0 0 0 0 0 0 0 0 -5 -1 -18 -4 -17 -4 -17 -4 -16 -3 -14 -2 -12 -4 -11 -5 -9 -6 -7 -7 -6 -9 -5 -12 -5 -15 -6 -16 -8 -16 -10 -16 -10 -16 -11 -17 -11 -17 -11 -16 -12 -16 -12 -16 -10 -16 -10 -16 -12 -17 -15 -19 -16 -21
1786806303.938844,3513,128,28 -64 1 0 6 -21 6 -21 6 -21 6 -21 6 -21 5 -21 4 -21 4 -21 4 -21 3 -21 3 -20 3 -20 3 -20 3 -20 3 -20 2 -20 2 -20 2 -19 2 -19 2 -18 2 -17 2 -17 2 -16 3 -16 3 -16 0 -4 0 0 0 0 0 0 0 0 0 0 0 0 0 0 0 0 0 0 0 -5 2 -18 3 -18 4 -19 5 -19 5 -19 5 -20 6 -20 6 -21 7 -21 8 -21 8 -21 8 -21 9 -21 9 -20 9 -20 8 -21 8 -21 8 -21 8 -21 8 -21 8 -21 8 -21 7 -21 7 -21 8 -20 7 -20
1786806303.969441,3514,128,28 -64 1 0 9 22 10 22 10 22 10 21 10 21 10 20 11 20 12 20 12 20 12 19 12 19 12 18 13 18 13 18 13 17 12 17 13 17 12 17 12 17 11 16 11 15 10 14 10 14 10 14 9 14 2 3 0 0 0 0 0 0 0 0 0 0 0 0 0 0 0 0 0 0 2 4 9 16 8 17 8 18 7 19 7 20 8 21 8 21 7 22 7 22 7 22 7 23 7 23 6 23 6 24 6 24 6 23 7 23 7 23 7 24 7 24 7 23 8 23 9 23 8 23 8 22 8 22
1786806304.002763,1733,128,28 -64 1 0 -28 13 -27 16 -25 17 -23 16 -21 16 -18 16 -15 14 -15 10 -15 8 -17 6 -18 4 -21 2 -25 2 -28 3 -30 4 -33 6 -34 7 -33 8 -32 8 -30 7 -29 7 -25 5 -22 1 -19 -3 -16 -5 -4 -2 0 0 0 0 0 0 0 0 0 0 0 0 0 0 0 0 0 0 0 5 2 20 2 19 2 17 0 16 0 14 0 11 -1 10 -3 8 -7 6 -11 4 -14 3 -15 2 -17 3 -19 4 -21 5 -22 6 -22 7 -23 9 -22 11 -21 11 -19 10 -18 9 -18 8 -19 8 -20 9 -21 8
1786806304.036065,3515,128,28 -64 1 0 3 -22 3 -22 3 -22 3 -21 3 -21 2 -21 2 -21 1 -21 1 -21 0 -21 0 -21 0 -20 0 -20 0 -20 0 -20 0 -20 0 -19 0 -19 0 -19 0 -18 0 -17 0 -16 0 -16 1 -16 1 -16 0 -4 0 0 0 0 0 0 0 0 0 0 0 0 0 0 0 0 0 0 -1 -5 -1 -18 0 -19 1 -19 2 -20 2 -20 2 -21 2 -21 3 -21 4 -22 4 -22 4 -22 4 -22 5 -22 6 -22 6 -22 5 -22 4 -22 4 -22 5 -22 5 -22 5 -22 4 -22 4 -22 4 -22 4 -21 4 -21
1786806304.069401,3516,128,28 -64 1 0 8 -23 8 -24 7 -23 7 -23 7 -24 6 -23 5 -23 4 -23 4 -23 3 -23 3 -23 3 -22 3 -22 3 -23 3 -22 2 -22 2 -22 2 -22 2 -21 2 -20 2 -19 2 -18 2 -18 2 -18 3 -18 0 -5 0 0 0 0 0 0 0 0 0 0 0 0 0 0 0 0 0 0 1 -5 5 -19 6 -20 7 -20 8 -20 8 -21 9 -21 9 -22 9 -22 10 -22 11 -22 11 -22 11 -22 12 -22 12 -22 12 -22 11 -22 11 -22 11 -23 11 -23 11 -23 11 -23 10 -23 9 -23 9 -23 9 -22 9 -22
1786806304.102783,3520,128,28 -64 1 0 12 20 13 20 13 19 13 19 13 19 13 18 14 18 14 18 14 18 15 17 15 16 14 16 14 16 14 16 14 16 14 15 14 15 14 16 13 15 13 14 12 13 11 12 11 12 11 13 10 13 2 3 0 0 0 0 0 0 0 0 0 0 0 0 0 0 0 0 0 0 3 3 13 14 13 15 12 16 11 17 12 18 12 19 12 20 12 20 11 20 11 21 11 21 11 21 11 22 10 22 10 22 11 21 11 21 11 22 11 22 11 22 11 21 12 21 12 21 12 21 11 20 11 20
1786806304.186083,1143,256,-125 48 8 0 -18 -15 -18 -15 -18 -14 -17 -14 -17 -13 -17 -13 -18 -13 -19 -12 -19 -12 -19 -12 -18 -12 -18 -11 -18 -11 -18 -11 -18 -11 -17 -10 -17 -10 -17 -11 -17 -11 -16 -10 -15 -9 -15 -9 -14 -9 -14 -9 -13 -10 -4 -3 0 0 0 0 0 0 0 0 0 0 0 0 0 0 0 0 0 0 -4 -3 -16 -9 -16 -10 -16 -11 -16 -12 -17 -13 -17 -13 -17 -14 -17 -15 -17 -15 -17 -16 -17 -16 -17 -16 -17 -17 -16 -17 -16 -17 -17 -16 -17 -16 -17 -16 -17 -16 -17 -16 -17 -16 -18 -16 -18 -16 -17 -15 -17 -15 -17 -15 -8 -9 -29 -33 -28 -33 -28 -33 -29 -31 -29 -31 -28 -30 -29 -30 -30 -29 -31 -28 -32 -28 -33 -27 -33 -26 -32 -25 -31 -25 -31 -25 -30 -25 -30 -24 -30 -24 -30 -25 -29 -25 -27 -23 -25 -21 -25 -19 -24 -19 -23 -19 -22 -20 -20 -19 -19 -19 -5 -5 0 0 0 0 0 0 0 0 0 0 -7 -5 -26 -18 -26 -20 -26 -22 -26 -25 -26 -27 -25 -28 -26 -30 -27 -31 -27 -33 -27 -34 -26 -34 -26 -35 -26 -36 -27 -37 -26 -38 -25 -37 -25 -37 -26 -36 -27 -35 -27 -35 -26 -36 -25 -36 -26 -36 -28 -36 -29 -35 -27 -33 -26 -32 -25 -30
1786806304.219402,3522,128,28 -64 1 0 -24 -7 -19 -6 -14 -5 -8 -6 -3 -7 2 -10 5 -13 8 -17 10 -21 11 -24 11 -26 10 -28 9 -29 8 -28 6 -26 5 -23 4 -20 4 -16 5 -11 5 -7 6 -2 7 2 9 5 12 8 13 10 3 2 0 0 0 0 0 0 0 0 0 0 0 0 0 0 0 0 0 0 1 0 3 4 1 6 -3 11 -6 15 -8 20 -9 24 -10 27 -10 30 -10 31 -9 31 -7 30 -6 28 -5 24 -5 19 -5 14 -5 9 -7 3 -10 -2 -13 -7 -17 -11 -21 -14 -25 -15 -28 -15 -29 -15 -30 -14 -30 -12
1786806304.2583199,3523,128,28 -64 1 0 -9 -21 -10 -21 -10 -20 -10 -20 -10 -19 -10 -19 -11 -19 -11 -19 -12 -19 -12 -18 -12 -17 -12 -17 -12 -17 -12 -17 -12 -16 -12 -16 -12 -16 -12 -16 -11 -16 -11 -15 -10 -14 -10 -13 -9 -13 -9 -14 -9 -14 -3 -4 0 0 0 0 0 0 0 0 0 0 0 0 0 0 0 0 0 0 -3 -4 -9 -16 -9 -17 -8 -18 -8 -18 -8 -19 -8 -20 -8 -20 -8 -21 -8 -21 -7 -22 -7 -22 -7 -22 -7 -22 -6 -22 -6 -22 -7 -22 -8 -22 -8 -22 -7 -22 -7 -22 -8 -22 -8 -22 -9 -21 -8 -21 -8 -21 -8 -20
1786806304.28877,3524,128,28 -64 1 0 22 7 22 7 22 6 21 6 21 5 21 5 22 4 22 4 22 4 21 3 21 3 21 3 21 3 21 3 21 3 21 3 21 3 21 3 20 3 19 3 18 2 17 2 17 2 16 3 16 4 4 1 0 0 0 0 0 0 0 0 0 0 0 0 0 0 0 0 0 0 4 0 19 2 19 3 20 4 20 5 21 5 21 6 22 7 22 7 22 8 22 8 22 8 22 9 21 10 21 10 21 10 21 9 21 9 21 9 21 9 21 9 22 8 22 8 22 8 22 8 22 8 22 7
1786806304.324974,3524,128,28 -64 1 0 -21 12 -21 12 -20 13 -20 13 -20 13 -19 13 -19 14 -18 14 -18 14 -18 15 -17 15 -17 15 -17 15 -17 15 -17 15 -17 15 -17 14 -17 14 -17 13 -16 13 -15 12 -14 12 -14 11 -15 11 -15 10 -4 2 0 0 0 0 0 0 0 0 0 0 0 0 0 0 0 0 0 0 -4 3 -16 13 -16 13 -17 12 -18 12 -19 12 -20 12 -21 12 -21 12 -22 11 -22 11 -22 11 -22 11 -23 10 -23 10 -23 10 -23 10 -22 10 -22 11 -23 11 -23 11 -23 11 -22 12 -22 12 -22 12 -22 12 -22 13
1786806304.35823,3525,128,28 -64 1 0 22 -2 22 -2 22 -3 21 -3 21 -4 21 -4 21 -4 21 -4 21 -5 20 -5 20 -5 19 -6 19 -6 20 -6 19 -6 19 -6 19 -5 19 -5 18 -5 17 -5 16 -5 15 -5 15 -5 15 -4 16 -3 4 -1 0 0 0 0 0 0 0 0 0 0 0 0 0 0 0 0 0 0 4 -2 17 -5 18 -4 18 -4 19 -3 20 -3 20 -3 21 -2 21 -2 22 -1 22 -1 22 -1 22 -1 22 0 23 1 22 0 22 0 22 -1 23 -1 23 -1 23 -1 23 -1 23 -1 23 -2 22 -1 22 -1 22 -1
1786806304.386084,3525,128,28 -64 1 0 20 8 20 8 20 7 20 7 20 6 20 6 20 6 20 5 20 5 20 5 20 4 19 4 19 4 20 4 19 3 19 3 19 4 19 4 19 4 18 3 16 2 16 2 15 2 15 3 15 4 3 1 0 0 0 0 0 0 0 0 0 0 0 0 0 0 0 0 0 0 4 1 17 4 17 5 18 5 18 6 18 7 19 7 19 8 19 9 19 9 19 9 19 9 20 10 20 11 20 11 19 11 19 10 20 10 20 10 20 10 20 10 20 10 20 9 20 9 20 9 20 9 19 9
1786806304.416676,3525,128,28 -64 1 0 -7 -1 -7 -1 -7 -1 -7 -1 -7 -1 -7 -1 -7 -1 -7 0 -7 0 -7 0 -7 0 -7 0 -7 0 -7 0 -7 0 -7 0 -6 0 -7 0 -7 -1 -6 0 -6 0 -6 0 -6 0 -6 -1 -5 -1 -2 -1 0 0 0 0 0 0 0 0 0 0 0 0 0 0 0 0 0 0 -2 0 -6 0 -6 0 -7 0 -7 0 -7 0 -7 0 -7 -1 -7 -1 -7 -1 -7 -1 -7 -1 -8 -1 -7 -2 -7 -2 -7 -2 -7 -2 -7 -1 -7 -1 -7 -2 -7 -2 -7 -1 -7 -1 -7 -1 -7 -1 -8 -1 -8 -1
1786806304.4527519,3536,128,28 -64 1 0 1 -23 0 -23 0 -23 0 -23 0 -22 0 -22 -1 -22 -2 -22 -2 -23 -2 -22 -2 -22 -3 -21 -3 -21 -3 -21 -3 -21 -3 -20 -3 -20 -3 -20 -2 -20 -2 -19 -2 -18 -2 -17 -2 -17 -1 -17 -1 -16 -1 -4 0 0 0 0 0 0 0 0 0 0 0 0 0 0 0 0 0 0 -1 -5 -2 -19 -2 -19 -1 -20 0 -20 0 -21 0 -21 0 -22 1 -22 1 -23 2 -23 2 -23 3 -23 3 -23 4 -23 3 -23 3 -23 2 -23 2 -23 3 -24 3 -24 2 -24 2 -24 1 -24 2 -23 2 -23 2 -24
1786806304.48052,3537,128,28 -64 1 0 3 21 3 21 3 20 3 20 4 20 4 20 5 20 5 19 6 19 6 19 6 19 6 18 6 18 6 18 6 18 6 18 6 18 6 18 6 17 5 16 5 15 5 14 5 14 4 15 4 15 1 3 0 0 0 0 0 0 0 0 0 0 0 0 0 0 0 0 0 0 1 4 5 16 4 17 3 17 3 18 3 19 3 20 3 20 2 21 2 21 1 21 1 21 1 22 0 22 0 22 0 22 1 21 1 21 1 22 1 22 1 22 1 22 2 22 2 22 2 21 2 21 2 21
1786806304.513838,3538,128,28 -64 1 0 24 -3 23 -3 23 -4 23 -4 23 -5 22 -5 22 -6 22 -6 22 -6 22 -7 21 -7 20 -7 20 -7 21 -7 21 -7 20 -7 20 -7 20 -6 19 -6 18 -6 17 -6 16 -6 16 -6 17 -5 17 -5 4 -1 0 0 0 0 0 0 0 0 0 0 0 0 0 0 0 0 0 0 4 -2 18 -6 19 -5 20 -5 20 -4 21 -4 22 -4 23 -3 23 -3 24 -2 24 -2 24 -2 24 -1 24 -1 24 -1 24 -1 24 -1 24 -2 24 -2 24 -2 25 -2 24 -2 24 -2 24 -2 24 -3 24 -3 24 -3
1786806304.550004,3538,128,28 -64 1 0 -17 14 -17 14 -16 14 -16 14 -16 14 -15 14 -15 14 -14 14 -14 15 -14 15 -13 15 -13 15 -13 15 -13 15 -13 15 -12 15 -12 14 -12 14 -12 14 -12 13 -11 13 -10 12 -10 12 -11 11 -11 11 -3 2 0 0 0 0 0 0 0 0 0 0 0 0 0 0 0 0 0 0 -3 3 -12 13 -13 12 -14 12 -15 12 -15 13 -16 13 -16 13 -17 13 -18 13 -18 12 -18 12 -18 12 -19 12 -19 11 -19 12 -19 12 -18 12 -18 12 -19 12 -19 13 -19 13 -18 13 -18 13 -18 13 -18 13 -18 13
1786806304.586093,3542,128,28 -64 1 0 -38 8 -31 6 -25 2 -18 -3 -13 -10 -9 -17 -8 -24 -8 -31 -10 -38 -13 -42 -16 -45 -19 -45 -22 -45 -24 -43 -24 -39 -22 -33 -18 -29 -13 -24 -7 -20 -1 -15 5 -12 12 -10 18 -10 24 -11 28 -12 7 -3 0 0 0 0 0 0 0 0 0 0 0 0 0 0 0 0 0 0 2 1 8 7 3 12 -2 18 -7 26 -10 33 -12 40 -13 46 -12 51 -11 53 -8 53 -6 51 -4 47 -4 41 -4 33 -5 25 -7 17 -12 10 -18 3 -25 -2 -33 -6 -40 -7 -46 -7 -50 -5 -53 -3 -54 0 -55 2
1786806304.619448,3542,128,28 -64 1 0 -8 -24 -7 -20 -4 -16 0 -12 4 -9 9 -7 13 -7 18 -8 22 -9 24 -11 25 -13 25 -15 25 -17 23 -17 21 -17 18 -16 15 -14 13 -11 10 -6 8 -2 7 2 6 6 7 9 8 13 9 15 2 3 0 0 0 0 0 0 0 0 0 0 0 0 0 0 0 0 0 0 -1 1 -5 5 -8 2 -12 -1 -17 -3 -21 -5 -26 -5 -30 -5 -32 -5 -34 -4 -34 -3 -33 -1 -30 0 -27 0 -22 0 -17 -1 -12 -3 -8 -6 -4 -10 -1 -16 0 -21 1 -25 0 -29 -1 -31 -3 -33 -4 -34 -5 -33
1786806304.652725,3543,128,28 -64 1 0 -3 23 -2 18 -3 13 -5 8 -7 4 -10 0 -14 -3 -18 -5 -22 -6 -26 -6 -28 -5 -30 -4 -30 -2 -30 -2 -27 -1 -24 0 -21 0 -17 -1 -12 -2 -8 -5 -4 -7 -1 -9 2 -12 4 -15 5 -17 1 -5 0 0 0 0 0 0 0 0 0 0 0 0 0 0 0 0 0 0 0 -2 3 -5 6 -2 10 1 15 4 20 6 24 7 28 8 30 8 31 7 31 6 30 5 28 3 24 3 20 2 14 2 9 3 4 5 -1 8 -5 12 -8 17 -10 21 -11 24 -11 28 -10 29 -9 30 -8 30
1786806304.688821,3543,128,28 -64 1 0 -20 -14 -16 -12 -12 -10 -7 -9 -1 -9 4 -11 8 -13 12 -16 15 -19 16 -22 17 -24 16 -26 15 -27 14 -27 12 -26 10 -23 9 -20 8 -16 8 -11 7 -6 7 -1 8 3 10 7 12 10 13 12 3 3 0 0 0 0 0 0 0 0 0 0 0 0 0 0 0 0 0 0 0 1 1 5 -3 6 -8 8 -13 10 -18 13 -21 17 -24 19 -25 22 -25 23 -24 23 -23 23 -20 22 -18 19 -15 15 -12 11 -10 6 -9 0 -9 -6 -10 -12 -12 -17 -15 -21 -18 -23 -21 -25 -23 -25 -25 -24 -26 -23
1786806304.722168,3543,128,28 -64 1 0 17 16 14 13 10 11 5 9 -1 8 -6 9 -10 11 -14 13 -18 16 -20 19 -21 21 -20 23 -19 24 -18 25 -16 23 -13 21 -12 18 -11 14 -9 9 -9 4 -8 0 -9 -5 -10 -9 -12 -12 -13 -14 -4 -4 0 0 0 0 0 0 0 0 0 0 0 0 0 0 0 0 0 0 -1 -2 -1 -7 3 -7 9 -8 14 -9 19 -11 23 -14 26 -16 28 -18 28 -19 28 -20 26 -20 23 -19 20 -17 16 -13 13 -9 10 -5 8 0 7 6 7 12 9 17 11 21 13 24 16 26 18 27 20 27 22 26
1786806304.7554991,3543,128,28 -64 1 0 19 9 15 8 11 6 6 6 2 7 -3 9 -6 11 -9 14 -11 17 -12 20 -12 22 -11 24 -10 24 -8 24 -7 23 -5 20 -5 17 -5 14 -5 10 -6 6 -6 2 -8 -1 -10 -4 -13 -6 -15 -8 -4 -2 0 0 0 0 0 0 0 0 0 0 0 0 0 0 0 0 0 0 -1 -2 -2 -6 1 -7 6 -9 10 -11 13 -13 16 -16 18 -19 19 -21 19 -23 18 -24 16 -24 15 -22 13 -20 10 -16 8 -12 7 -7 7 -3 8 3 9 8 12 12 14 15 17 17 20 18 22 18 23 17 24 16
1786806304.794498,1734,128,28 -64 1 0 -27 -14 -27 -12 -27 -10 -26 -8 -26 -7 -26 -6 -25 -6 -25 -6 -24 -6 -24 -7 -24 -8 -25 -8 -26 -9 -28 -9 -30 -9 -30 -9 -29 -9 -29 -9 -28 -8 -27 -7 -25 -7 -23 -8 -21 -9 -19 -12 -16 -15 -4 -4 0 0 0 0 0 0 0 0 0 0 0 0 0 0 0 0 0 0 -5 -1 -20 -4 -21 -4 -23 -5 -22 -4 -20 -5 -18 -7 -16 -8 -15 -9 -14 -10 -12 -10 -11 -11 -11 -14 -10 -16 -11 -18 -12 -20 -12 -21 -13 -22 -15 -21 -19 -20 -20 -21 -20 -20 -21 -19 -22 -19 -23 -18 -24 -17 -24 -16
1786806304.8277838,1735,128,28 -64 1 0 2 -28 1 -26 0 -24 0 -22 1 -22 2 -21 3 -21 2 -22 3 -22 4 -23 5 -25 5 -26 5 -28 5 -29 4 -30 3 -31 3 -30 3 -30 3 -29 4 -26 6 -23 7 -21 9 -19 12 -16 13 -13 3 -3 0 0 0 0 0 0 0 0 0 0 0 0 0 0 0 0 0 0 -2 -5 -6 -17 -4 -19 -3 -20 -1 -20 -2 -20 -3 -20 -3 -19 -2 -16 0 -14 1 -13 1 -12 3 -11 5 -11 8 -11 10 -11 12 -12 14 -13 15 -16 16 -19 15 -21 15 -24 13 -26 11 -27 8 -28 5 -29 3 -29
1786806304.900005,1145,256,-125 48 8 0 -22 -13 -18 -11 -13 -9 -8 -8 -3 -9 2 -11 6 -14 9 -17 12 -21 13 -24 13 -26 12 -27 10 -28 9 -28 7 -26 6 -23 5 -20 5 -16 6 -12 6 -7 7 -3 8 1 11 4 13 6 15 8 3 2 0 0 0 0 0 0 0 0 0 0 0 0 0 0 0 0 0 0 0 1 1 5 -3 6 -7 8 -12 11 -16 13 -20 16 -22 19 -23 22 -23 23 -22 25 -20 25 -18 23 -16 21 -13 17 -11 12 -10 7 -9 2 -10 -4 -11 -10 -13 -15 -16 -19 -20 -21 -23 -22 -25 -22 -26 -21 -27 -20 -12 -10 -43 -35 -37 -31 -30 -26 -24 -22 -12 -19 -1 -18 8 -20 17 -23 24 -28 29 -34 32 -40 32 -45 31 -48 29 -49 25 -49 21 -46 17 -41 16 -36 15 -30 15 -21 14 -11 14 -3 15 4 19 11 23 16 26 20 27 22 28 22 6 5 0 0 0 0 0 0 0 0 0 0 5 2 18 10 11 10 2 11 -7 11 -18 12 -27 15 -36 19 -43 24 -49 28 -53 32 -53 35 -51 37 -47 38 -43 37 -38 33 -32 26 -26 18 -20 10 -17 0 -17 -11 -17 -23 -19 -33 -23 -41 -29 -47 -35 -48 -40 -47 -41 -44 -42 -40
1786806304.9360902,3545,128,28 -64 1 0 -15 19 -12 15 -10 10 -9 5 -9 0 -10 -5 -11 -10 -14 -14 -17 -17 -19 -19 -22 -19 -24 -19 -25 -18 -25 -17 -24 -15 -21 -13 -18 -11 -13 -9 -9 -8 -5 -8 0 -7 4 -8 8 -9 11 -11 13 -12 3 -3 0 0 0 0 0 0 0 0 0 0 0 0 0 0 0 0 0 0 1 -1 5 -2 7 2 9 6 11 11 15 15 18 18 21 20 23 22 25 22 25 21 25 19 23 17 20 14 16 12 12 10 6 8 1 7 -6 8 -12 9 -17 11 -21 14 -23 17 -24 20 -25 22 -24 23 -22 23
1786806304.972199,712,128,-117 -78 40 0 -4 -12 -4 -11 -4 -11 -4 -11 -4 -11 -4 -11 -5 -11 -5 -10 -5 -10 -5 -10 -6 -10 -6 -10 -6 -10 -6 -10 -5 -10 -5 -10 -5 -10 -5 -9 -5 -9 -5 -9 -5 -9 -5 -8 -4 -8 -4 -8 -4 -8 -1 -2 0 0 0 0 0 0 0 0 0 0 0 0 0 0 0 0 0 0 -2 -3 -5 -10 -4 -10 -4 -10 -4 -11 -4 -11 -4 -11 -4 -12 -4 -12 -3 -13 -3 -13 -3 -13 -3 -13 -3 -13 -2 -13 -2 -13 -2 -12 -3 -12 -3 -12 -3 -12 -3 -12 -3 -12 -3 -12 -4 -12 -4 -12 -3 -11 -3 -12
1786806305.013948,1147,256,-125 48 8 0 7 -24 6 -19 6 -14 6 -9 8 -4 11 0 14 3 18 5 22 6 25 6 27 5 29 4 29 3 28 2 27 0 23 -1 20 -1 16 0 11 2 7 4 4 6 1 8 -1 12 -3 15 -4 17 -1 4 0 0 0 0 0 0 0 0 0 0 0 0 0 0 0 0 0 0 -2 0 -7 1 -8 -2 -10 -7 -13 -12 -16 -15 -19 -18 -23 -20 -25 -21 -27 -21 -28 -20 -27 -18 -25 -16 -22 -14 -18 -12 -13 -10 -8 -9 -3 -9 3 -11 8 -13 12 -16 15 -20 17 -23 17 -26 16 -28 16 -29 E (780004) task_wdt: Task watchdog got triggered. The following tasks/users did not reset the watchdog in time:
1786806305.144405,3550,128,28 -64 1 0 12 20 10 17 6 13 2 9 -3 7 -8 6 -13 6 -18 6 -22 8 -24 10 -26 12 -27 14 -26 15 -25 15 -23 15 -20 14 -17 12 -14 9 -12 5 -9 0 -7 -3 -5 -7 -5 -11 -5 -15 -6 -17 -2 -5 0 0 0 0 0 0 0 0 0 0 0 0 0 0 0 0 0 0 -1 -2 0 -6 4 -6 9 -6 14 -7 19 -9 23 -11 26 -12 28 -14 29 -15 29 -16 27 -17 24 -17 21 -15 17 -12 13 -8 10 -4 7 1 5 7 4 13 4 18 5 23 7 27 9 29 11 30 12 30 13 29
1786806305.180573,3551,128,28 -64 1 0 -30 17 -29 17 -29 18 -29 18 -29 19 -28 19 -28 19 -27 20 -27 20 -27 20 -26 20 -25 20 -25 20 -26 20 -26 20 -25 20 -25 19 -26 18 -25 18 -24 17 -23 16 -22 15 -22 14 -23 13 -23 12 -6 3 0 0 0 0 0 0 0 0 0 0 0 0 0 0 0 0 0 0 -5 5 -20 20 -21 20 -22 20 -24 19 -25 20 -26 20 -27 20 -28 19 -29 19 -30 18 -31 17 -31 17 -32 16 -32 16 -32 16 -31 16 -31 16 -31 16 -31 17 -31 17 -31 17 -31 17 -31 17 -31 17 -31 18 -31 19
1786806305.216723,3551,128,28 -64 1 0 -19 12 -19 12 -18 12 -18 12 -18 13 -17 13 -17 13 -16 13 -16 14 -16 14 -15 13 -15 13 -15 14 -15 14 -15 14 -14 14 -14 13 -14 13 -14 13 -13 12 -12 12 -12 11 -12 11 -12 10 -12 10 -3 2 0 0 0 0 0 0 0 0 0 0 0 0 0 0 0 0 0 0 -4 2 -14 11 -15 11 -16 11 -17 10 -17 11 -18 11 -18 11 -19 11 -19 11 -20 10 -20 10 -20 10 -21 9 -21 9 -21 9 -20 10 -20 10 -20 10 -20 11 -21 11 -21 11 -20 11 -20 11 -20 11 -20 11 -19 11
1786806305.252735,3559,128,28 -64 1 0 9 -20 9 -19 8 -20 8 -20 8 -20 8 -20 7 -20 7 -20 6 -20 6 -20 5 -19 5 -19 5 -19 5 -19 5 -19 5 -19 5 -19 5 -19 5 -18 5 -17 4 -16 4 -16 4 -15 5 -15 5 -15 1 -4 0 0 0 0 0 0 0 0 0 0 0 0 0 0 0 0 0 0 1 -5 4 -18 5 -18 6 -18 7 -18 7 -19 8 -19 8 -20 9 -20 10 -20 10 -20 10 -20 10 -20 11 -20 11 -19 11 -19 11 -20 10 -20 11 -20 11 -20 11 -20 11 -20 10 -20 10 -20 10 -20 10 -20 9 -21
1786806305.288918,3561,128,28 -64 1 0 -5 -22 -6 -22 -6 -21 -6 -21 -6 -21 -7 -21 -7 -20 -8 -20 -8 -20 -9 -20 -9 -19 -9 -19 -9 -19 -9 -19 -9 -18 -9 -18 -9 -18 -9 -18 -8 -18 -8 -17 -8 -15 -8 -15 -7 -14 -7 -15 -7 -15 -2 -4 0 0 0 0 0 0 0 0 0 0 0 0 0 0 0 0 0 0 -2 -5 -6 -17 -6 -18 -5 -19 -4 -19 -4 -20 -4 -21 -4 -21 -4 -22 -3 -22 -3 -22 -3 -22 -3 -23 -2 -23 -2 -23 -2 -23 -3 -23 -4 -22 -4 -23 -3 -23 -3 -23 -3 -23 -4 -23 -5 -22 -5 -22 -4 -22 -4 -21
1786806305.3249788,3561,128,28 -64 1 0 -10 20 -10 19 -10 19 -9 19 -9 19 -8 19 -8 19 -7 19 -7 20 -6 19 -6 19 -5 19 -6 19 -6 19 -6 19 -5 19 -5 18 -5 18 -5 18 -5 17 -5 16 -4 15 -4 15 -5 15 -5 14 -2 3 0 0 0 0 0 0 0 0 0 0 0 0 0 0 0 0 0 0 -2 4 -7 16 -7 17 -8 17 -9 17 -10 17 -10 18 -10 18 -11 18 -12 18 -12 18 -12 19 -12 19 -12 18 -13 18 -13 18 -12 18 -12 19 -12 19 -12 19 -13 19 -12 19 -12 19 -11 19 -11 19 -11 19 -11 18
1786806305.3639271,3562,128,28 -64 1 0 -22 -11 -22 -11 -22 -11 -22 -10 -21 -10 -22 -9 -22 -9 -22 -9 -22 -8 -22 -8 -22 -8 -21 -7 -21 -7 -22 -7 -21 -6 -21 -6 -21 -6 -21 -7 -20 -7 -19 -6 -18 -5 -17 -5 -17 -5 -17 -6 -17 -6 -5 -2 0 0 0 0 0 0 0 0 0 0 0 0 0 0 0 0 0 0 -5 -2 -19 -7 -19 -8 -19 -9 -19 -9 -20 -10 -20 -11 -21 -11 -21 -12 -21 -12 -21 -12 -21 -13 -21 -13 -21 -14 -21 -14 -21 -14 -21 -14 -21 -13 -21 -13 -21 -13 -21 -13 -21 -13 -22 -13 -22 -12 -22 -12 -21 -12 -21 -12
1786806305.397238,3563,128,28 -64 1 0 -22 1 -22 1 -22 1 -21 2 -21 2 -21 2 -21 2 -21 3 -21 3 -21 3 -20 3 -19 4 -19 4 -20 4 -19 4 -19 4 -19 4 -19 4 -18 3 -18 4 -16 4 -16 3 -15 3 -16 2 -16 2 -4 0 0 0 0 0 0 0 0 0 0 0 0 0 0 0 0 0 0 0 -5 1 -18 3 -19 3 -19 2 -20 1 -20 1 -21 1 -21 0 -22 0 -22 0 -22 -1 -23 -1 -23 -1 -23 -2 -23 -2 -23 -2 -23 -1 -23 -1 -23 -1 -23 -1 -23 -1 -23 0 -23 0 -23 0 -22 0 -22 0 -22 0
1786806305.425048,3564,128,28 -64 1 0 2 21 2 21 2 20 2 20 2 20 3 20 4 19 4 19 5 19 5 19 5 19 5 18 5 18 5 18 5 18 5 18 5 18 5 18 5 17 5 16 4 15 4 14 4 14 3 14 3 14 0 3 0 0 0 0 0 0 0 0 0 0 0 0 0 0 0 0 0 0 0 4 3 16 3 17 2 17 1 18 1 19 1 20 1 20 1 20 0 21 -1 21 0 21 0 21 -1 21 -1 21 -1 21 -1 21 0 21 0 21 0 22 -1 22 0 22 0 21 1 21 1 21 1 21 0 20
1786806305.461153,3082,128,82 32 5 0 -20 22 -18 22 -17 22 -18 23 -17 22 -16 20 -15 19 -13 19 -12 21 -12 23 -12 21 -12 19 -12 17 -12 15 -13 14 -13 15 -12 15 -11 13 -10 12 -10 12 -11 11 -12 8 -12 7 -10 6 -9 6 -3 1 0 0 0 0 0 0 0 0 0 0 0 0 0 0 0 0 0 0 -1 3 -4 13 -5 13 -7 13 -8 13 -9 14 -11 13 -13 13 -12 13 -12 14 -13 17 -14 17 -15 15 -15 16 -15 18 -14 17 -15 17 -16 19 -18 21 -19 23 -19 22 -19 21 -19 21 -19 22 -20 23 -20 23 -20 25
1786806305.533325,1166,256,126 -32 7 0 -1 -32 -4 -32 -6 -30 -8 -30 -9 -28 -11 -26 -10 -24 -9 -22 -7 -22 -6 -22 -4 -23 -2 -25 -1 -27 1 -30 1 -32 0 -34 0 -35 0 -35 0 -35 0 -34 1 -32 2 -30 3 -26 6 -23 9 -20 2 -5 0 0 0 0 0 0 0 0 0 0 0 0 0 0 0 0 0 0 -4 -4 -14 -14 -12 -13 -10 -13 -8 -12 -5 -11 -4 -10 -2 -11 0 -12 3 -13 6 -13 9 -14 10 -16 10 -19 9 -21 8 -22 6 -22 4 -23 3 -24 3 -23 3 -21 3 -21 3 -21 2 -22 3 -23 5 -24 5 -25 0 -9 0 -28 -2 -28 -4 -27 -5 -26 -6 -25 -5 -25 -6 -25 -6 -26 -7 -27 -9 -26 -9 -24 -8 -23 -5 -23 -2 -25 0 -28 1 -31 0 -33 -1 -33 -1 -32 -1 -30 0 -28 3 -26 6 -25 10 -24 13 -23 15 -21 22 -20 22 -17 3 -3 1 -1 -1 0 0 -1 -1 0 -1 0 -2 0 -8 2 -7 -1 -10 -9 -9 -11 -8 -14 -7 -15 -6 -15 -6 -14 -4 -13 -2 -13 1 -14 4 -15 6 -17 7 -19 6 -21 6 -22 5 -21 4 -20 4 -19 4 -19 4 -20 3 -21 3 -21 2 -22 1 -22 2 -22 2 -22 2 -24
1786806305.566647,1738,128,28 -64 1 0 30 -15 28 -18 25 -19 23 -20 20 -20 17 -20 16 -18 15 -15 16 -13 18 -12 20 -11 23 -10 26 -10 29 -11 30 -11 31 -13 31 -15 30 -16 29 -15 27 -14 24 -12 22 -9 21 -6 20 -1 19 2 4 1 0 0 0 0 0 0 0 0 0 0 0 0 0 0 0 0 0 0 2 -3 8 -11 8 -11 8 -11 9 -11 9 -11 9 -9 10 -7 10 -5 11 -3 13 -3 14 -3 16 -3 18 -2 18 -2 18 -3 18 -4 18 -5 18 -5 19 -5 19 -5 19 -5 20 -5 21 -4 22 -5 25 -7 28 -8
1786806305.597209,3566,128,28 -64 1 0 20 9 20 9 20 8 20 7 20 7 20 6 20 6 21 6 21 5 21 5 20 5 20 4 20 4 21 4 20 4 20 4 20 4 20 4 19 4 18 4 17 3 16 3 16 3 16 4 15 5 3 1 0 0 0 0 0 0 0 0 0 0 0 0 0 0 0 0 0 0 4 1 18 4 18 5 18 6 19 7 19 7 20 8 20 9 20 9 20 10 20 11 20 11 20 11 20 12 19 12 19 12 20 11 20 10 20 11 20 11 20 11 20 10 20 10 21 10 21 10 20 9 20 7
1786806305.636328,3566,128,28 -64 1 0 -23 -11 -23 -11 -23 -10 -22 -9 -22 -9 -22 -8 -22 -8 -23 -7 -23 -7 -23 -7 -22 -7 -22 -6 -22 -6 -22 -5 -22 -5 -21 -5 -21 -5 -21 -5 -21 -5 -20 -4 -19 -4 -18 -4 -17 -4 -17 -4 -17 -5 -5 -2 0 0 0 0 0 0 0 0 0 0 0 0 0 0 0 0 0 0 -5 -2 -19 -7 -19 -8 -19 -9 -19 -10 -20 -10 -21 -11 -21 -12 -21 -12 -21 -13 -21 -13 -21 -14 -21 -14 -21 -15 -21 -15 -21 -15 -21 -14 -22 -13 -22 -13 -22 -13 -22 -13 -22 -13 -22 -12 -22 -12 -22 -12 -21 -12 -21 -12
1786806305.672234,1740,128,28 -64 1 0 -5 -34 -9 -33 -13 -32 -13 -29 -12 -24 -10 -22 -9 -20 -8 -19 -5 -20 -2 -22 0 -24 2 -27 4 -30 3 -33 2 -36 1 -38 0 -38 -2 -37 -2 -36 -1 -33 -2 -30 0 -27 5 -22 8 -18 10 -14 2 -4 0 0 0 0 0 0 0 0 0 0 0 0 0 0 0 0 0 0 -3 -3 -10 -10 -10 -12 -8 -13 -6 -12 -7 -13 -6 -14 -4 -15 -2 -16 0 -14 2 -13 4 -14 4 -15 4 -18 3 -19 3 -19 3 -19 3 -19 2 -19 3 -19 4 -19 4 -20 4 -22 5 -24 5 -26 5 -28 3 -31
1786806305.7027771,1643,128,124 -64 7 0 23 19 23 18 22 16 21 15 19 16 18 16 20 13 21 11 19 12 16 12 15 10 17 10 17 10 16 9 15 9 13 9 12 9 13 11 12 10 11 8 11 8 10 10 9 10 8 9 8 8 1 2 0 0 0 0 0 0 0 0 0 0 0 0 0 0 0 0 0 0 1 1 6 6 7 6 8 8 8 10 9 11 11 10 10 12 9 13 11 13 13 15 15 18 16 18 15 17 14 17 15 18 16 20 17 20 19 19 18 19 17 21 18 22 18 21 20 19 21 19 21 21 21 21
1786806305.736211,3568,128,28 -64 1 0 -12 22 -12 22 -11 22 -11 21 -11 21 -10 21 -9 21 -9 22 -8 22 -8 22 -8 21 -7 21 -7 21 -7 21 -7 21 -7 20 -7 20 -7 20 -7 20 -7 19 -6 17 -6 17 -6 16 -7 16 -7 16 -2 4 0 0 0 0 0 0 0 0 0 0 0 0 0 0 0 0 0 0 -2 4 -7 18 -7 19 -9 19 -9 19 -10 20 -10 20 -11 21 -12 21 -12 21 -13 21 -13 21 -13 21 -14 21 -14 21 -14 21 -14 21 -13 21 -13 21 -14 21 -14 21 -14 21 -13 21 -12 21 -13 21 -13 21 -13 20
1786806305.772207,3569,128,28 -64 1 0 19 -9 19 -9 18 -10 18 -10 18 -10 17 -10 17 -11 17 -11 17 -11 16 -11 16 -11 15 -11 15 -11 15 -12 15 -12 15 -12 15 -11 15 -11 14 -11 14 -10 13 -10 12 -10 12 -9 12 -9 12 -8 3 -2 0 0 0 0 0 0 0 0 0 0 0 0 0 0 0 0 0 0 3 -3 14 -9 15 -9 15 -9 16 -9 17 -9 17 -9 18 -9 18 -8 19 -8 20 -8 20 -7 20 -7 20 -6 20 -6 20 -7 20 -7 19 -8 20 -8 20 -8 20 -8 20 -8 20 -8 20 -8 20 -8 19 -8 19 -8
1786806305.8055649,3570,128,28 -64 1 0 -23 -9 -19 -7 -14 -6 -8 -6 -3 -7 2 -9 7 -12 10 -15 12 -19 14 -22 14 -24 14 -26 13 -27 11 -27 10 -25 8 -23 7 -19 7 -16 6 -11 6 -6 5 -2 6 2 8 6 10 10 11 12 3 3 0 0 0 0 0 0 0 0 0 0 0 0 0 0 0 0 0 0 1 0 3 3 1 6 -3 10 -6 14 -8 19 -9 23 -10 27 -11 29 -10 31 -9 31 -8 30 -7 27 -6 24 -5 19 -5 14 -5 9 -7 3 -9 -2 -12 -8 -16 -11 -19 -14 -23 -16 -27 -17 -29 -16 -30 -15 -30 -14
1786806305.8361652,1644,128,-76 64 11 0 24 18 23 17 23 15 22 13 21 13 21 13 20 12 21 12 21 13 21 13 21 11 20 11 19 11 18 10 17 10 16 11 14 11 12 10 11 11 11 11 9 9 8 7 7 7 7 7 7 7 1 1 0 0 0 0 0 0 0 0 0 0 0 0 0 0 0 0 0 0 3 0 11 1 10 5 10 9 11 11 15 10 16 10 14 12 13 10 13 10 16 11 18 13 19 14 19 12 18 11 19 13 21 15 22 16 22 16 22 17 21 19 21 18 24 16 27 14 28 15 27 17 25 16
1786806305.87782,1645,128,-76 64 11 0 -24 -17 -24 -17 -23 -17 -23 -16 -23 -16 -22 -17 -20 -18 -19 -17 -19 -16 -18 -15 -17 -14 -19 -14 -17 -13 -16 -12 -16 -12 -14 -13 -13 -14 -14 -11 -12 -9 -10 -9 -10 -10 -11 -10 -9 -9 -7 -10 -7 -10 -2 -3 0 0 0 0 0 0 0 0 0 0 0 0 0 0 0 0 0 0 -3 -2 -9 -8 -10 -8 -11 -9 -11 -10 -11 -11 -13 -12 -15 -12 -15 -12 -15 -12 -15 -13 -17 -13 -18 -14 -17 -15 -18 -15 -20 -16 -20 -16 -19 -16 -19 -18 -20 -19 -22 -19 -22 -20 -21 -22 -23 -21 -24 -19 -24 -19 -25 -20
1786806305.919509,1646,128,-76 64 11 0 -25 -18 -25 -18 -24 -18 -23 -17 -24 -16 -21 -16 -20 -15 -22 -14 -22 -14 -19 -14 -17 -15 -18 -14 -18 -12 -17 -12 -15 -12 -15 -11 -15 -12 -14 -12 -13 -11 -13 -10 -12 -10 -9 -11 -8 -10 -7 -9 -7 -9 -2 -2 0 0 0 0 0 0 0 0 0 0 0 0 0 0 0 0 0 0 -2 -4 -7 -10 -11 -6 -14 -8 -12 -11 -12 -11 -15 -12 -18 -14 -18 -13 -16 -12 -16 -12 -16 -12 -19 -12 -20 -14 -20 -17 -21 -17 -22 -16 -22 -14 -22 -13 -20 -15 -19 -18 -21 -20 -21 -20 -23 -20 -25 -18 -26 -16 -25 -16
1786806305.952841,1647,128,-128 0 8 0 -8 27 -9 27 -10 27 -9 27 -9 27 -10 27 -11 25 -10 23 -7 22 -6 22 -8 20 -8 20 -8 20 -9 19 -10 18 -10 16 -8 13 -7 11 -7 13 -8 13 -9 12 -8 11 -7 10 -7 10 -8 11 -2 2 0 0 0 0 0 0 0 0 0 0 0 0 0 0 0 0 0 0 -1 2 -2 10 -3 11 -2 11 -1 12 -2 13 -4 15 -6 17 -7 18 -7 20 -6 20 -5 19 -7 19 -10 21 -10 21 -11 21 -12 22 -12 23 -14 22 -14 24 -14 25 -13 26 -12 26 -12 26 -13 24 -12 23 -9 25
1786806305.9889169,3571,128,28 -64 1 0 -17 -18 -14 -15 -9 -12 -4 -10 1 -9 6 -8 11 -9 15 -10 19 -13 21 -15 22 -17 22 -18 21 -20 20 -20 17 -19 15 -18 13 -15 11 -12 9 -8 7 -3 6 1 5 5 6 9 7 12 7 14 1 3 0 0 0 0 0 0 0 0 0 0 0 0 0 0 0 0 0 0 0 1 0 5 -3 5 -9 6 -13 8 -18 10 -22 13 -25 15 -26 17 -27 18 -26 19 -25 20 -22 19 -20 16 -16 13 -13 9 -10 5 -8 0 -7 -7 -7 -13 -8 -18 -10 -22 -12 -25 -15 -27 -17 -28 -18 -28 -19 -26
1786806306.022231,3572,128,28 -64 1 0 19 12 15 9 11 8 6 7 0 8 -5 9 -9 11 -12 14 -14 17 -16 20 -16 23 -15 25 -14 26 -12 26 -10 24 -9 21 -8 18 -7 14 -7 10 -7 5 -7 0 -8 -3 -10 -7 -13 -10 -14 -11 -4 -3 0 0 0 0 0 0 0 0 0 0 0 0 0 0 0 0 0 0 -1 -2 -2 -7 2 -8 7 -10 12 -12 16 -15 19 -18 21 -21 23 -23 23 -24 22 -24 20 -24 18 -22 15 -19 13 -15 10 -11 8 -6 8 -1 8 5 10 10 12 15 14 18 18 21 20 22 22 22 23 22 25 21
1786806306.055582,3573,128,28 -64 1 0 19 12 15 10 11 8 6 7 0 7 -5 8 -9 10 -13 13 -16 16 -18 19 -19 21 -18 23 -17 24 -16 24 -14 23 -12 21 -11 18 -10 13 -9 9 -8 4 -7 -1 -8 -5 -9 -9 -10 -12 -11 -14 -3 -4 0 0 0 0 0 0 0 0 0 0 0 0 0 0 0 0 0 0 -1 -2 -3 -6 1 -8 5 -10 9 -14 13 -18 15 -21 17 -24 18 -27 18 -28 18 -28 16 -28 14 -26 12 -22 10 -18 8 -13 7 -8 6 -3 7 3 9 9 12 14 14 18 18 20 21 21 23 22 24 20 25 18
1786806306.088951,3574,128,28 -64 1 0 -24 -7 -20 -6 -15 -6 -9 -6 -4 -8 0 -11 4 -14 6 -18 8 -21 9 -25 8 -27 7 -28 5 -29 4 -29 2 -27 1 -24 2 -21 2 -17 3 -13 4 -8 5 -4 8 -1 11 2 14 4 16 5 4 1 0 0 0 0 0 0 0 0 0 0 0 0 0 0 0 0 0 0 1 1 3 4 -1 7 -6 10 -10 13 -13 17 -15 21 -17 24 -17 27 -17 28 -16 29 -14 28 -12 26 -11 23 -9 19 -8 14 -7 9 -8 3 -10 -2 -13 -8 -16 -12 -20 -15 -23 -16 -27 -17 -28 -17 -29 -15 -30 -14
1786806306.122271,3575,128,28 -64 1 0 10 21 8 17 5 13 1 9 -4 7 -9 5 -14 5 -19 5 -23 7 -26 9 -28 11 -28 13 -28 14 -26 14 -24 14 -21 13 -18 11 -15 8 -12 4 -9 0 -6 -4 -5 -8 -4 -12 -4 -16 -4 -19 -1 -5 0 0 0 0 0 0 0 0 0 0 0 0 0 0 0 0 0 0 -1 -2 1 -6 5 -6 10 -6 15 -6 20 -7 25 -8 28 -10 30 -11 31 -12 31 -13 29 -14 26 -14 22 -12 18 -9 14 -6 10 -2 7 2 4 7 3 14 2 19 3 24 4 27 6 29 8 31 10 31 10 29
1786806306.1527848,3576,128,28 -64 1 0 23 -4 19 -3 15 -1 10 1 6 5 3 9 2 14 1 18 1 22 2 25 3 27 5 28 7 28 8 27 9 24 9 21 7 18 5 15 2 12 -1 8 -4 5 -8 3 -12 2 -15 2 -18 2 -5 0 0 0 0 0 0 0 0 0 0 0 0 0 0 0 0 0 0 0 -2 -1 -5 -5 -2 -8 1 -12 3 -16 5 -21 6 -25 6 -29 6 -32 5 -33 3 -33 2 -32 1 -29 1 -26 1 -21 1 -16 3 -11 5 -7 9 -2 14 1 18 4 23 5 27 5 30 4 31 3 32 2 32 1
1786806306.2194922,1151,256,-125 48 8 0 -22 2 -18 1 -14 0 -10 -2 -6 -5 -4 -9 -2 -13 -1 -18 -1 -21 -2 -24 -3 -26 -4 -26 -6 -26 -7 -26 -8 -24 -7 -21 -6 -18 -4 -15 -1 -11 1 -8 3 -5 6 -3 10 -2 13 -1 15 -1 3 0 0 0 0 0 0 0 0 0 0 0 0 0 0 0 0 0 0 0 1 0 4 2 3 5 1 9 -1 14 -2 18 -2 22 -2 26 -2 28 -1 29 0 29 0 28 1 26 0 23 0 18 -1 14 -3 10 -5 6 -9 2 -13 -1 -18 -3 -22 -4 -26 -4 -29 -3 -30 -3 -31 0 -31 2 -13 3 -46 14 -40 10 -33 7 -27 5 -19 0 -13 -8 -9 -16 -7 -24 -8 -32 -9 -39 -11 -45 -14 -47 -16 -47 -19 -47 -22 -46 -23 -41 -20 -35 -16 -31 -11 -27 -6 -22 -1 -16 5 -11 11 -9 18 -8 24 -8 29 -8 31 -8 31 -8 7 -2 0 0 0 0 0 0 0 0 0 0 4 -3 16 -10 14 -5 10 2 7 10 3 18 0 26 -1 35 -1 43 -1 49 1 54 3 56 6 56 7 53 8 49 7 43 4 35 1 27 -2 20 -8 13 -17 6 -26 1 -34 -2 -42 -2 -49 -1 -54 2 -55 6 -52 9 -48 11
1786806306.288936,1151,256,-125 48 8 0 12 20 10 17 7 13 2 10 -3 8 -8 7 -12 8 -17 9 -20 11 -23 13 -24 15 -24 17 -23 19 -22 19 -19 19 -17 17 -14 15 -12 11 -10 7 -9 2 -8 -2 -8 -6 -8 -9 -10 -13 -11 -15 -3 -4 0 0 0 0 0 0 0 0 0 0 0 0 0 0 0 0 0 0 0 -2 1 -7 5 -5 10 -4 15 -4 20 -4 24 -5 28 -7 30 -8 31 -9 31 -10 29 -11 27 -11 23 -10 19 -8 15 -6 11 -2 8 2 6 7 4 13 4 18 5 23 6 26 8 29 10 30 11 30 12 29 7 12 27 45 23 39 19 31 14 25 5 21 -6 18 -15 16 -23 16 -31 19 -38 23 -42 28 -44 32 -43 35 -42 37 -40 38 -36 36 -30 33 -26 29 -22 23 -19 15 -17 6 -15 -2 -15 -10 -16 -16 -19 -23 -21 -27 -22 -29 -22 -30 -6 -8 0 0 0 0 0 0 0 0 0 0 -4 -5 -13 -18 -7 -16 1 -12 10 -9 19 -7 29 -6 38 -6 46 -8 53 -10 58 -13 60 -15 60 -16 57 -19 52 -20 46 -18 38 -14 30 -10 22 -5 15 3 12 14 9 25 7 36 8 45 12 51 17 55 20 56 22 54 24 50
1786806306.3555799,1151,256,-125 48 8 0 -22 7 -19 5 -15 3 -11 0 -8 -5 -6 -9 -5 -14 -5 -18 -6 -22 -7 -25 -9 -27 -11 -27 -12 -27 -14 -26 -14 -23 -13 -20 -11 -17 -8 -14 -4 -11 -1 -9 2 -6 6 -5 10 -5 13 -5 16 -5 4 -2 0 0 0 0 0 0 0 0 0 0 0 0 0 0 0 0 0 0 1 0 5 2 4 6 2 10 0 15 0 20 0 25 1 28 2 30 3 31 5 31 5 30 5 27 4 23 3 19 1 15 -1 11 -5 7 -10 3 -15 1 -20 0 -24 0 -28 0 -31 2 -32 3 -32 5 -32 6 -14 4 -51 15 -44 11 -35 8 -28 5 -20 -1 -12 -9 -8 -17 -7 -26 -7 -36 -8 -43 -10 -48 -13 -51 -16 -52 -20 -52 -23 -50 -24 -45 -23 -38 -18 -33 -12 -27 -6 -21 -1 -16 5 -12 12 -9 19 -8 26 -9 31 -9 33 -8 34 -8 8 -2 0 0 0 0 0 0 0 0 0 0 5 -3 18 -9 15 -4 11 3 6 12 1 21 -2 30 -4 39 -4 47 -4 54 -2 59 1 61 3 60 4 57 4 53 3 46 2 38 0 29 -4 20 -11 12 -18 5 -28 -1 -37 -4 -46 -5 -53 -3 -58 -1 -60 3 -60 6 -56 7
1786806306.3917692,3578,128,28 -64 1 0 -24 28 -20 22 -17 15 -15 7 -14 -1 -15 -9 -18 -16 -22 -22 -27 -27 -32 -29 -36 -29 -39 -28 -40 -27 -40 -25 -39 -22 -35 -18 -29 -15 -22 -14 -15 -13 -7 -12 -1 -12 6 -13 12 -16 17 -19 20 -21 5 -6 0 0 0 0 0 0 0 0 0 0 0 0 0 0 0 0 0 0 2 -1 11 -1 11 5 13 13 15 21 19 28 22 34 26 39 29 41 31 42 32 41 32 37 30 33 26 28 20 23 13 19 6 15 -3 13 -11 12 -20 13 -28 16 -34 19 -38 23 -40 27 -41 31 -41 33 -40 34
1786806306.458411,1151,256,-125 48 8 0 21 -10 17 -8 14 -5 10 -1 7 3 5 8 4 13 4 17 5 21 6 24 8 25 10 26 12 26 13 25 13 22 12 19 10 16 7 13 3 10 0 8 -4 5 -7 4 -11 3 -15 4 -17 4 -5 1 0 0 0 0 0 0 0 0 0 0 0 0 0 0 0 0 0 0 -2 0 -6 -2 -5 -6 -4 -11 -3 -16 -3 -21 -4 -26 -6 -29 -7 -31 -8 -32 -9 -32 -10 -30 -10 -28 -9 -24 -7 -20 -5 -15 -2 -11 2 -8 8 -5 14 -3 19 -2 23 -2 27 -3 30 -4 31 -6 31 -7 31 -8 13 -6 50 -19 42 -15 34 -12 27 -8 19 -3 13 6 8 16 7 26 7 35 8 41 10 46 13 50 16 51 20 51 22 49 23 45 22 39 17 33 11 27 5 21 0 15 -6 10 -14 7 -21 6 -28 5 -33 5 -35 4 -36 4 -10 1 0 0 0 0 0 0 0 0 0 0 -4 3 -15 14 -14 8 -11 -1 -9 -11 -6 -20 -5 -30 -6 -40 -7 -49 -9 -56 -11 -60 -14 -62 -16 -61 -17 -58 -16 -53 -15 -47 -12 -39 -8 -30 -2 -22 6 -14 15 -8 25 -4 35 -2 45 -1 53 -2 57 -5 60 -9 59 -14 56 -17
1786806306.48892,1653,128,-128 0 8 0 2 26 2 26 2 26 2 26 2 25 1 25 1 24 2 22 2 20 1 21 2 21 4 20 5 20 4 19 3 19 3 19 3 17 3 15 1 16 -1 15 0 13 0 11 -1 12 -2 13 -1 13 -1 3 0 0 0 0 0 0 0 0 0 0 0 0 0 0 0 0 0 0 0 3 0 12 -1 12 -1 14 -1 15 -1 14 -1 13 -1 14 -2 16 -3 19 -3 22 -2 22 -2 21 -3 22 -2 23 -3 23 -4 24 -3 25 -3 26 -2 28 -2 28 -1 26 1 25 3 28 1 30 0 31 0 34
1786806306.525047,1741,128,28 -64 1 0 -25 10 -25 10 -23 12 -22 13 -21 13 -20 12 -19 12 -19 11 -19 10 -21 10 -21 10 -22 11 -23 12 -24 13 -25 14 -25 15 -24 15 -23 14 -22 13 -22 12 -21 11 -21 9 -20 5 -20 2 -19 -1 -5 -1 0 0 0 0 0 0 0 0 0 0 0 0 0 0 0 0 0 0 -4 3 -16 12 -16 11 -16 11 -15 10 -15 9 -15 8 -14 7 -13 6 -14 4 -15 1 -15 -1 -16 -3 -17 -4 -19 -5 -20 -5 -21 -5 -23 -4 -24 -3 -26 -2 -27 -1 -27 1 -26 3 -26 4 -27 5 -27 6 -26 7
1786806306.558398,3586,128,28 -64 1 0 -13 -18 -11 -15 -7 -12 -3 -10 1 -9 6 -8 10 -9 13 -10 17 -12 19 -14 19 -16 19 -18 18 -19 17 -19 15 -19 13 -17 11 -15 9 -12 8 -8 7 -4 6 0 6 4 7 7 9 10 10 11 2 3 0 0 0 0 0 0 0 0 0 0 0 0 0 0 0 0 0 0 -1 1 -2 5 -5 4 -10 4 -15 3 -19 4 -23 5 -26 7 -28 8 -29 9 -28 10 -27 11 -25 11 -21 10 -18 7 -14 5 -11 2 -8 -2 -6 -7 -5 -13 -5 -18 -6 -22 -8 -25 -10 -26 -12 -27 -13 -27 -14 -26
1786806306.591787,3586,128,28 -64 1 0 22 7 18 6 13 6 8 6 3 8 -1 11 -5 14 -7 18 -9 22 -9 26 -8 28 -7 29 -5 30 -4 30 -2 28 -2 24 -2 21 -3 17 -4 12 -6 7 -8 3 -10 0 -13 -3 -16 -5 -19 -6 -5 -2 0 0 0 0 0 0 0 0 0 0 0 0 0 0 0 0 0 0 -1 -2 -3 -7 1 -9 6 -11 10 -14 14 -18 17 -22 19 -25 20 -27 19 -29 18 -29 16 -29 14 -27 12 -23 10 -19 9 -14 8 -9 8 -3 10 2 12 8 15 12 19 15 23 17 26 17 28 17 29 15 29 14
1786806306.66118,3943,256,126 -32 7 0 17 13 14 11 10 9 5 8 0 8 -5 8 -9 10 -12 12 -14 15 -16 18 -16 20 -16 21 -15 22 -13 22 -11 21 -10 19 -9 16 -8 13 -7 8 -7 4 -7 0 -8 -3 -9 -6 -11 -9 -12 -11 -4 -3 0 0 0 0 0 0 0 0 0 0 0 0 0 0 0 0 0 0 -1 -2 -2 -6 2 -6 6 -8 11 -10 15 -12 18 -15 20 -17 22 -19 22 -21 21 -21 19 -22 17 -21 15 -18 12 -15 10 -11 8 -6 7 -2 7 4 8 9 10 14 12 18 15 20 17 21 19 21 20 20 21 19 9 9 33 35 27 29 22 24 17 19 8 16 -3 15 -12 14 -19 17 -26 20 -31 25 -35 30 -36 34 -36 37 -35 38 -32 38 -28 36 -23 32 -20 28 -18 22 -16 14 -14 5 -13 -2 -12 -8 -14 -14 -18 -20 -20 -24 -20 -25 -20 -26 -5 -7 0 0 0 0 0 0 0 0 0 0 -5 -3 -17 -11 -11 -11 -3 -11 6 -12 15 -12 24 -14 32 -17 39 -22 45 -26 47 -29 47 -30 46 -31 44 -33 40 -33 35 -29 29 -23 23 -16 17 -9 13 0 12 10 12 21 14 30 17 38 21 43 26 45 29 45 31 43 31 39
1786806306.694506,3595,128,28 -64 1 0 -6 22 -5 18 -5 13 -6 8 -8 3 -11 -1 -14 -5 -18 -8 -22 -9 -25 -10 -27 -9 -29 -8 -30 -7 -29 -6 -27 -5 -24 -4 -21 -3 -16 -4 -12 -4 -7 -6 -3 -7 1 -9 4 -12 6 -15 8 -16 2 -5 0 0 0 0 0 0 0 0 0 0 0 0 0 0 0 0 0 0 0 -2 4 -4 7 -1 10 3 15 6 19 9 23 11 26 12 29 12 30 12 31 11 30 10 27 8 24 7 19 6 14 5 8 5 3 6 -2 8 -7 12 -11 15 -14 19 -15 23 -15 26 -15 28 -14 30 -12 31
1786806306.727835,3596,128,28 -64 1 0 20 11 16 9 11 7 6 7 1 8 -4 9 -8 11 -12 14 -14 18 -16 21 -16 23 -15 24 -14 25 -13 25 -11 24 -9 21 -8 18 -8 14 -7 9 -7 4 -7 0 -8 -4 -10 -7 -12 -10 -14 -12 -4 -3 0 0 0 0 0 0 0 0 0 0 0 0 0 0 0 0 0 0 -2 -2 -4 -6 0 -8 4 -10 8 -14 12 -17 15 -21 17 -24 18 -26 17 -28 16 -28 14 -28 13 -26 11 -23 9 -19 8 -14 7 -9 7 -3 8 3 10 9 13 13 16 17 19 19 23 20 25 19 26 18 26 17
1786806306.763902,3597,128,28 -64 1 0 -15 19 -12 15 -10 11 -9 6 -9 1 -10 -4 -12 -9 -15 -13 -18 -16 -21 -17 -23 -17 -24 -17 -26 -15 -26 -14 -24 -13 -22 -10 -19 -9 -14 -8 -10 -8 -5 -8 -1 -8 3 -9 6 -10 9 -12 11 -14 2 -4 0 0 0 0 0 0 0 0 0 0 0 0 0 0 0 0 0 0 1 -1 5 -2 6 2 7 7 9 12 11 16 14 20 17 22 19 24 21 24 23 23 23 21 21 19 18 16 15 13 11 11 6 9 1 7 -5 7 -11 8 -16 10 -20 13 -23 16 -24 19 -25 21 -24 22 -23 23
1786806306.794514,3598,128,28 -64 1 0 8 21 6 17 3 13 -1 9 -5 6 -10 4 -15 4 -19 4 -23 5 -25 7 -27 9 -28 11 -27 12 -25 13 -23 13 -20 12 -17 10 -14 7 -11 4 -8 -1 -6 -4 -5 -8 -5 -11 -5 -15 -5 -17 -2 -5 0 0 0 0 0 0 0 0 0 0 0 0 0 0 0 0 0 0 0 -2 3 -6 6 -5 11 -3 16 -2 21 -2 25 -2 28 -3 31 -4 32 -5 31 -6 30 -7 27 -7 24 -6 19 -5 15 -3 10 0 6 4 3 9 1 14 0 20 -1 24 1 28 3 30 4 31 5 31 6 31
1786806306.827895,3600,128,28 -64 1 0 -18 16 -15 12 -13 8 -11 3 -9 -1 -10 -6 -11 -11 -13 -16 -16 -19 -18 -20 -21 -21 -23 -21 -24 -20 -24 -18 -23 -16 -21 -14 -18 -12 -13 -11 -9 -9 -4 -8 0 -8 4 -8 7 -10 11 -12 13 -13 3 -4 0 0 0 0 0 0 0 0 0 0 0 0 0 0 0 0 0 0 1 0 6 1 5 5 5 10 5 16 7 20 8 25 10 28 12 30 13 31 14 30 15 28 14 25 12 21 10 17 6 14 2 10 -3 8 -8 6 -14 6 -19 6 -23 8 -27 10 -28 13 -29 15 -29 16 -28 17
1786806306.8611672,3602,128,28 -64 1 0 -22 2 -18 1 -14 0 -9 -2 -6 -5 -3 -9 -1 -14 -1 -18 -1 -21 -1 -24 -2 -25 -4 -26 -5 -26 -6 -26 -7 -24 -7 -21 -5 -18 -3 -15 -1 -11 2 -8 4 -5 7 -3 10 -1 13 -1 15 0 4 0 0 0 0 0 0 0 0 0 0 0 0 0 0 0 0 0 0 0 1 0 4 2 2 5 0 9 -1 14 -2 18 -2 23 -2 26 -2 28 -1 30 0 29 1 28 2 26 1 22 1 18 0 14 -3 9 -5 5 -9 1 -13 -2 -18 -4 -22 -4 -25 -4 -28 -4 -30 -2 -30 0 -29 1
1786806306.8889658,1664,128,-128 0 8 0 28 9 27 8 26 8 26 7 24 6 23 6 24 7 24 6 22 5 22 5 21 3 21 3 19 4 18 3 17 4 15 5 15 5 15 6 14 5 13 3 13 3 12 3 10 3 8 3 8 3 2 1 0 0 0 0 0 0 0 0 0 0 0 0 0 0 0 0 0 0 2 0 9 0 9 -1 11 0 13 2 14 5 13 6 14 6 16 8 17 6 17 6 17 8 17 7 19 7 21 7 23 7 22 8 22 10 23 10 24 7 25 7 25 9 26 9 28 9 28 8 28 7 29 7
1786806306.922282,1665,128,-128 0 8 0 32 -7 31 -8 30 -10 28 -11 27 -10 27 -10 26 -11 23 -10 22 -8 22 -8 21 -9 21 -8 21 -9 21 -10 21 -9 19 -8 17 -7 17 -5 18 -5 16 -4 16 -3 15 -2 13 -3 12 -3 12 0 3 0 0 0 0 0 0 0 0 0 0 0 0 0 0 0 0 0 0 0 4 -2 14 -5 12 -3 12 -4 14 -6 17 -5 19 -4 19 -4 19 -4 20 -4 21 -3 21 -2 21 -3 22 -4 25 -3 26 -3 27 -4 28 -3 29 -4 30 -5 32 -4 31 -5 30 -5 30 -6 32 -7 35 -7 36 -6
1786806306.9639301,1666,128,-128 0 8 0 -24 -22 -24 -23 -23 -21 -22 -19 -22 -17 -23 -16 -24 -17 -22 -17 -19 -15 -17 -13 -18 -13 -20 -12 -20 -13 -17 -13 -14 -13 -12 -13 -11 -13 -12 -11 -12 -9 -10 -10 -8 -13 -7 -13 -6 -11 -6 -9 -7 -9 -2 -3 0 0 0 0 0 0 0 0 0 0 0 0 0 0 0 0 0 0 -3 -1 -11 -4 -12 -6 -12 -7 -12 -7 -11 -9 -10 -12 -10 -13 -11 -14 -14 -15 -16 -16 -18 -16 -18 -17 -16 -17 -15 -16 -16 -18 -19 -19 -19 -19 -18 -19 -19 -20 -19 -19 -19 -19 -21 -19 -24 -21 -24 -22 -23 -20 -23 -16
1786806306.997281,720,128,-117 -78 40 0 0 -12 0 -12 0 -12 0 -12 0 -12 0 -12 -1 -11 -1 -11 -1 -11 -2 -11 -2 -11 -2 -11 -2 -11 -2 -11 -2 -11 -2 -11 -2 -11 -2 -10 -2 -10 -2 -10 -2 -10 -2 -9 -1 -9 -1 -9 -1 -9 -1 -2 0 0 0 0 0 0 0 0 0 0 0 0 0 0 0 0 0 0 -1 -3 -1 -11 -1 -11 0 -11 0 -12 0 -12 0 -12 0 -13 1 -13 1 -13 2 -13 2 -13 2 -13 2 -13 2 -13 2 -13 2 -13 2 -12 2 -12 2 -12 2 -12 1 -12 1 -12 1 -12 1 -12 1 -12 1 -12
1786806307.027871,3605,128,28 -64 1 0 1 23 0 18 -1 14 -4 9 -7 5 -11 2 -15 0 -20 -1 -24 0 -27 1 -29 2 -30 4 -30 5 -29 6 -26 7 -23 7 -20 6 -16 4 -12 1 -9 -3 -6 -6 -4 -9 -2 -13 -2 -16 -2 -18 -1 -5 0 0 0 0 0 0 0 0 0 0 0 0 0 0 0 0 0 0 1 -2 5 -4 8 -2 12 1 16 4 21 6 25 8 28 8 31 8 32 8 32 7 31 5 28 3 24 3 19 3 14 3 9 4 4 6 0 10 -4 14 -7 19 -8 23 -8 26 -7 29 -7 31 -5 32 -4 32
1786806307.061127,3608,128,28 -64 1 0 23 -4 19 -3 14 -1 9 2 5 5 2 9 0 14 -1 18 -1 23 -1 26 0 28 2 28 3 29 5 28 6 26 5 22 4 19 2 15 -1 11 -3 7 -6 4 -9 2 -12 0 -16 -2 -18 -2 -5 -1 0 0 0 0 0 0 0 0 0 0 0 0 0 0 0 0 0 0 -2 -1 -6 -4 -4 -7 -2 -12 0 -17 1 -22 1 -27 1 -30 0 -33 -1 -34 -2 -34 -3 -33 -4 -30 -3 -26 -2 -21 -1 -16 1 -11 4 -7 9 -3 14 1 19 3 24 4 28 4 31 3 32 2 33 0 32 -1
1786806307.091774,3609,128,28 -64 1 0 2 24 2 20 0 15 -3 10 -6 6 -11 3 -15 1 -20 1 -24 1 -27 2 -29 4 -30 5 -30 6 -29 7 -26 7 -23 7 -20 6 -16 4 -13 1 -9 -2 -6 -5 -4 -9 -3 -12 -2 -16 -2 -18 -1 -5 0 0 0 0 0 0 0 0 0 0 0 0 0 0 0 0 0 0 0 -2 4 -5 7 -3 12 0 16 2 21 4 26 4 29 4 32 4 34 3 34 2 32 0 29 -1 26 -1 21 0 16 1 10 3 6 5 1 9 -2 14 -5 19 -6 24 -5 28 -5 31 -4 32 -3 33 -2 33
1786806307.122283,1668,128,98 32 6 0 21 19 19 21 19 20 20 18 20 17 20 17 19 17 17 16 16 14 15 12 17 12 17 13 15 12 12 11 12 11 14 10 13 9 12 10 13 11 12 12 9 12 8 10 8 10 7 9 7 7 1 1 0 0 0 0 0 0 0 0 0 0 0 0 0 0 0 0 0 0 1 1 6 6 6 8 8 8 10 9 10 11 11 14 11 16 11 16 11 16 11 19 13 21 13 20 12 19 13 21 13 22 13 22 16 22 17 22 14 21 15 21 16 22 17 24 19 23 21 22 20 22 17 22
1786806307.1612139,1669,128,98 32 6 0 -12 -29 -13 -28 -13 -28 -12 -27 -11 -26 -12 -25 -14 -24 -13 -22 -12 -22 -12 -21 -11 -20 -10 -21 -10 -19 -11 -18 -10 -18 -9 -17 -8 -17 -7 -17 -7 -15 -7 -15 -6 -15 -3 -13 -3 -12 -3 -11 -3 -10 -1 -3 0 0 0 0 0 0 0 0 0 0 0 0 0 0 0 0 0 0 -3 -2 -10 -9 -9 -12 -7 -15 -5 -16 -5 -16 -7 -16 -9 -17 -8 -18 -8 -20 -7 -22 -8 -24 -10 -24 -11 -24 -9 -25 -7 -25 -8 -26 -8 -26 -9 -26 -10 -26 -9 -27 -9 -29 -10 -30 -10 -30 -11 -29 -12 -29 -12 -29
1786806307.191774,1670,128,98 32 6 0 17 19 17 20 18 20 19 20 18 18 15 15 14 14 15 15 15 14 15 14 15 15 14 14 14 14 13 14 13 13 11 12 9 12 8 11 8 10 8 10 7 11 6 8 4 6 4 6 4 7 1 1 0 0 0 0 0 0 0 0 0 0 0 0 0 0 0 0 0 0 1 1 7 6 7 7 9 8 10 7 10 7 11 10 12 12 12 13 12 15 12 17 14 15 17 13 16 16 15 18 14 17 14 18 15 19 15 21 15 21 17 19 18 17 17 18 17 19 17 19 17 18 16 18
1786806307.227842,1671,128,-128 0 8 0 24 -12 23 -13 20 -14 21 -16 21 -16 20 -15 18 -12 18 -12 18 -15 16 -16 15 -14 15 -12 16 -11 16 -11 15 -10 15 -10 15 -8 14 -7 13 -6 12 -6 11 -5 11 -5 10 -5 9 -4 8 -5 1 -2 0 0 0 0 0 0 0 0 0 0 0 0 0 0 0 0 0 0 0 -1 2 -3 4 -6 9 -9 14 -9 14 -8 13 -8 14 -6 17 -7 18 -8 17 -8 15 -8 16 -9 18 -10 19 -13 21 -13 22 -11 21 -10 21 -12 23 -13 23 -12 23 -12 22 -12 21 -13 23 -15 23 -15 22 -15
1786806307.2917619,1152,256,-125 48 8 0 -2 23 -2 18 -3 13 -5 9 -7 4 -11 0 -14 -3 -19 -5 -23 -6 -26 -6 -29 -5 -30 -4 -30 -2 -30 -1 -28 0 -25 1 -21 0 -17 -1 -12 -2 -8 -4 -4 -7 -1 -9 2 -12 4 -15 5 -17 1 -5 0 0 0 0 0 0 0 0 0 0 0 0 0 0 0 0 0 0 0 -2 3 -5 7 -2 11 0 16 3 20 5 25 6 28 6 31 6 32 6 32 5 31 4 28 2 24 2 19 2 14 2 9 3 4 5 -1 9 -5 13 -8 17 -10 21 -11 25 -10 28 -10 30 -9 31 -7 31 -1 7 -3 26 -3 21 -3 17 -3 13 -5 8 -7 4 -11 0 -14 -3 -18 -5 -22 -6 -25 -5 -27 -5 -28 -4 -29 -2 -28 -2 -27 -1 -24 0 -20 0 -16 -1 -12 -3 -8 -5 -4 -7 -1 -9 2 -12 4 -15 6 -17 6 -18 7 -18 1 -5 0 0 0 0 0 0 0 0 0 0 -1 -3 -3 -10 -1 -8 3 -5 6 -2 10 2 15 5 19 6 23 8 27 8 29 8 30 8 30 7 29 6 26 4 23 3 18 3 13 3 8 4 3 5 -1 8 -6 12 -9 16 -11 20 -11 23 -11 26 -10 28 -9 28 -7 27
1786806307.325067,3613,128,28 -64 1 0 20 -12 16 -9 12 -6 9 -2 8 2 7 7 7 12 8 17 10 20 12 22 14 23 16 23 17 23 18 21 18 19 16 16 13 14 9 11 5 9 1 8 -2 6 -7 5 -11 6 -14 7 -16 7 -5 2 0 0 0 0 0 0 0 0 0 0 0 0 0 0 0 0 0 0 -2 -1 -7 -2 -7 -6 -6 -11 -6 -17 -7 -21 -8 -25 -10 -28 -11 -31 -12 -32 -13 -31 -13 -30 -12 -26 -11 -23 -8 -19 -5 -15 -2 -12 3 -9 8 -7 14 -6 19 -5 24 -6 27 -8 29 -10 31 -12 29 -14 27 -16
1786806307.358463,3614,128,28 -64 1 0 11 -20 9 -15 8 -11 7 -6 8 -1 9 4 11 9 14 12 17 15 19 16 22 16 23 16 24 14 24 13 23 11 21 9 17 8 13 7 8 6 4 6 -1 6 -5 6 -8 8 -12 10 -13 11 -4 2 0 0 0 0 0 0 0 0 0 0 0 0 0 0 0 0 0 0 -2 0 -7 2 -8 -2 -11 -6 -14 -10 -18 -14 -21 -16 -24 -18 -26 -19 -28 -19 -28 -19 -27 -17 -25 -15 -21 -13 -17 -11 -12 -9 -7 -8 -1 -8 4 -9 10 -11 14 -14 18 -17 20 -20 21 -23 21 -25 19 -27 16 -27
1786806307.388927,1672,128,-128 0 8 0 9 34 7 32 6 31 6 30 7 29 8 28 8 27 7 26 7 24 7 22 7 21 8 22 8 23 6 23 4 20 3 19 3 20 3 18 3 15 2 16 2 15 0 15 0 15 1 13 1 12 0 2 0 0 0 0 0 0 0 0 0 0 0 0 0 0 0 0 0 0 0 2 2 11 4 13 5 15 3 17 2 16 3 15 4 16 5 19 3 21 2 21 2 22 4 23 5 25 6 26 8 25 7 25 4 26 2 29 4 30 8 29 7 29 6 31 8 33 9 33 8 33 6 32
1786806307.4167628,1673,128,-128 0 8 0 10 29 10 27 10 26 10 25 11 24 10 23 10 22 10 22 9 21 9 22 8 21 8 20 9 20 7 19 6 17 6 16 6 15 5 15 4 15 2 15 0 14 2 13 3 12 2 12 1 13 0 3 0 0 0 0 0 0 0 0 0 0 0 0 0 0 0 0 0 0 1 2 6 9 6 9 6 12 7 13 6 12 5 12 6 15 6 16 7 16 7 19 7 22 7 21 7 19 8 18 9 20 10 22 10 22 9 21 9 22 9 23 8 23 8 25 10 27 12 28 12 28 11 29
1786806307.4500852,3615,128,28 -64 1 0 22 8 18 7 13 7 8 7 3 8 -2 11 -5 14 -8 18 -9 22 -9 25 -9 27 -8 29 -6 29 -4 29 -3 27 -2 23 -2 20 -3 16 -4 11 -5 7 -7 3 -10 0 -13 -2 -16 -4 -18 -5 -5 -2 0 0 0 0 0 0 0 0 0 0 0 0 0 0 0 0 0 0 -1 -2 -2 -7 1 -8 7 -10 11 -13 15 -16 18 -19 21 -22 22 -25 21 -26 20 -27 18 -27 16 -26 14 -22 12 -18 10 -13 8 -8 8 -3 9 3 12 9 15 13 18 16 21 18 25 18 27 18 28 17 28 16
1786806307.480694,3617,128,28 -64 1 0 21 -8 17 -6 13 -4 10 -1 7 3 5 7 5 12 5 16 6 19 8 22 9 23 11 23 12 23 13 22 14 20 12 17 10 15 7 12 4 10 0 8 -3 6 -6 5 -10 5 -13 6 -15 6 -4 1 0 0 0 0 0 0 0 0 0 0 0 0 0 0 0 0 0 0 -2 -1 -6 -3 -4 -6 -2 -11 0 -15 0 -20 0 -24 0 -27 -1 -29 -2 -31 -3 -31 -4 -29 -5 -27 -4 -24 -3 -20 -2 -15 0 -11 4 -8 8 -5 13 -2 17 -1 22 0 25 -1 28 -2 29 -4 29 -6 28 -8
1786806307.5167491,3619,128,28 -64 1 0 -16 -18 -13 -15 -9 -12 -4 -10 1 -9 6 -9 11 -10 15 -12 18 -15 20 -18 20 -20 20 -22 19 -23 17 -23 15 -22 12 -20 11 -17 9 -13 8 -9 7 -4 6 0 7 4 8 8 10 10 12 12 3 3 0 0 0 0 0 0 0 0 0 0 0 0 0 0 0 0 0 0 -1 1 -2 6 -6 5 -11 5 -16 6 -21 7 -25 9 -28 10 -30 12 -30 13 -30 14 -28 15 -25 15 -22 13 -18 10 -15 6 -11 2 -9 -3 -8 -9 -7 -14 -8 -20 -9 -24 -11 -27 -14 -29 -16 -29 -17 -28 -18 -27
1786806307.552883,1676,128,98 32 6 0 -7 -32 -8 -32 -7 -29 -7 -28 -6 -28 -6 -27 -7 -25 -7 -25 -4 -25 -3 -24 -4 -23 -6 -23 -6 -24 -4 -23 -3 -20 -3 -19 -3 -18 -2 -18 -1 -18 0 -17 2 -16 2 -15 0 -13 1 -12 0 -11 -1 -3 0 0 0 0 0 0 0 0 0 0 0 0 0 0 0 0 0 0 -2 -4 -7 -14 -6 -14 -5 -15 -4 -16 -6 -17 -7 -15 -6 -15 -5 -17 -6 -18 -6 -20 -6 -21 -6 -22 -6 -24 -6 -26 -5 -26 -5 -26 -4 -28 -4 -30 -5 -29 -5 -28 -6 -29 -6 -31 -8 -32 -8 -30 -6 -28 -5 -28
1786806307.5834439,3621,128,28 -64 1 0 23 -4 19 -3 15 -1 10 1 6 5 4 10 2 14 2 19 3 23 4 26 5 28 7 28 9 28 10 28 11 25 10 22 8 19 5 15 2 12 -1 9 -5 6 -8 5 -12 4 -16 4 -18 4 -5 1 0 0 0 0 0 0 0 0 0 0 0 0 0 0 0 0 0 0 -2 -1 -5 -5 -2 -9 1 -13 4 -17 6 -22 7 -26 8 -30 8 -33 7 -34 5 -34 4 -33 2 -30 2 -26 2 -21 2 -16 3 -11 6 -6 10 -2 14 2 19 5 23 6 27 5 30 4 32 3 33 2 32 0
1786806307.613981,3625,128,28 -64 1 0 24 1 19 1 15 2 9 3 5 6 1 10 -2 14 -3 18 -4 22 -3 25 -2 28 -1 29 0 29 1 29 2 26 3 23 2 19 0 16 -2 11 -4 7 -6 4 -9 1 -13 0 -16 -2 -18 -3 -5 -1 0 0 0 0 0 0 0 0 0 0 0 0 0 0 0 0 0 0 -2 -1 -5 -4 -2 -7 2 -11 5 -15 7 -20 9 -24 10 -27 10 -30 9 -32 7 -33 5 -32 4 -30 3 -26 3 -22 3 -17 4 -11 6 -6 9 -1 13 3 17 7 21 9 25 10 29 9 31 8 31 7 31 6
1786806307.650039,3626,128,28 -64 1 0 -23 -6 -19 -6 -14 -5 -8 -6 -3 -8 1 -11 4 -14 7 -18 8 -22 8 -25 8 -28 7 -29 5 -29 3 -29 2 -26 1 -23 1 -20 2 -16 3 -11 4 -7 5 -3 8 0 11 3 14 5 16 6 4 1 0 0 0 0 0 0 0 0 0 0 0 0 0 0 0 0 0 0 1 1 3 5 -1 7 -5 10 -8 14 -11 18 -13 22 -14 25 -15 28 -14 29 -13 29 -12 28 -10 26 -9 23 -8 18 -7 13 -7 8 -8 2 -11 -3 -14 -8 -17 -12 -21 -14 -25 -15 -28 -16 -29 -15 -30 -13 -29 -12
1786806307.6833751,3627,128,28 -64 1 0 -25 1 -20 1 -16 -1 -11 -3 -7 -7 -4 -11 -2 -15 -1 -20 -2 -24 -2 -27 -4 -29 -5 -29 -7 -29 -8 -29 -9 -26 -9 -23 -7 -19 -4 -16 -2 -13 1 -9 4 -6 8 -4 11 -3 15 -3 17 -3 4 -1 0 0 0 0 0 0 0 0 0 0 0 0 0 0 0 0 0 0 1 0 4 4 1 7 -2 11 -5 15 -6 20 -8 24 -8 28 -8 31 -7 32 -6 32 -4 31 -3 28 -3 25 -3 20 -3 15 -5 10 -8 6 -11 1 -15 -3 -20 -6 -24 -7 -28 -7 -31 -7 -33 -5 -33 -4 -33 -3
1786806307.714014,3628,128,28 -64 1 0 10 21 8 17 5 13 1 10 -4 8 -9 7 -14 6 -18 7 -22 9 -24 11 -26 13 -26 15 -26 16 -24 17 -22 16 -19 15 -17 12 -14 9 -12 5 -9 0 -7 -4 -7 -8 -7 -11 -7 -15 -8 -17 -2 -5 0 0 0 0 0 0 0 0 0 0 0 0 0 0 0 0 0 0 0 -2 1 -6 5 -5 10 -4 15 -4 20 -4 25 -5 29 -6 31 -7 32 -8 32 -9 30 -10 27 -10 24 -9 20 -7 15 -5 11 -1 7 3 5 8 3 13 2 19 3 23 4 27 6 30 7 31 9 31 11 31
1786806307.75572,1680,128,-128 0 8 0 -25 -23 -24 -21 -25 -19 -25 -20 -23 -21 -21 -21 -21 -20 -21 -19 -20 -17 -20 -15 -20 -14 -19 -14 -18 -14 -18 -13 -16 -14 -15 -14 -15 -12 -13 -13 -11 -12 -9 -11 -9 -11 -11 -12 -8 -11 -7 -10 -7 -11 -2 -3 0 0 0 0 0 0 0 0 0 0 0 0 0 0 0 0 0 0 -3 -2 -12 -8 -12 -10 -11 -11 -11 -10 -11 -10 -12 -12 -12 -13 -11 -15 -12 -15 -14 -16 -15 -19 -16 -20 -17 -20 -18 -19 -18 -20 -18 -20 -18 -20 -16 -19 -17 -21 -20 -23 -22 -24 -23 -26 -23 -27 -24 -25 -24 -22 -25 -23
1786806307.791801,1681,128,-128 0 8 0 -15 25 -14 24 -13 24 -12 22 -13 21 -12 21 -10 21 -9 21 -10 21 -11 20 -11 19 -10 18 -10 17 -11 17 -11 17 -9 17 -8 16 -8 14 -7 13 -8 12 -10 10 -10 9 -9 8 -9 6 -9 6 -3 1 0 0 0 0 0 0 0 0 0 0 0 0 0 0 0 0 0 0 -2 2 -5 11 -5 11 -5 11 -5 11 -6 12 -7 14 -7 15 -8 15 -9 17 -11 17 -11 17 -10 18 -11 18 -12 19 -13 20 -14 21 -15 22 -15 23 -14 22 -14 22 -16 23 -16 23 -15 23 -15 25 -15 25 -14 25
1786806307.827903,1682,128,-128 0 8 0 -32 -7 -32 -6 -34 -5 -33 -4 -30 -3 -27 -3 -24 -4 -25 -3 -26 -3 -25 -4 -23 -4 -22 -3 -23 -4 -24 -4 -23 -4 -21 -4 -19 -4 -18 -4 -18 -4 -17 -5 -16 -6 -15 -5 -14 -5 -11 -6 -9 -6 -2 -2 0 0 0 0 0 0 0 0 0 0 0 0 0 0 0 0 0 0 -2 1 -8 5 -12 0 -15 -3 -14 -1 -15 0 -18 -2 -20 -3 -20 -3 -22 -3 -22 -3 -21 -3 -22 -3 -23 -3 -25 -5 -28 -5 -29 -4 -30 -3 -29 -2 -28 -3 -28 -5 -30 -7 -31 -7 -32 -8 -31 -7 -34 -5 -36 -4
1786806307.861235,3635,128,28 -64 1 0 16 -14 13 -12 10 -8 8 -4 7 0 7 5 8 9 9 13 11 16 14 18 16 19 17 19 18 18 19 17 18 15 17 13 14 11 10 9 7 8 3 7 -1 6 -5 6 -8 7 -11 8 -13 9 -4 2 0 0 0 0 0 0 0 0 0 0 0 0 0 0 0 0 0 0 -2 0 -6 -1 -6 -4 -6 -9 -7 -14 -8 -18 -10 -22 -12 -24 -13 -26 -15 -27 -16 -26 -16 -25 -15 -22 -13 -19 -11 -16 -7 -13 -4 -10 1 -8 6 -7 11 -6 16 -7 20 -8 23 -10 25 -12 25 -14 25 -15 24 -16
1786806307.894505,3636,128,28 -64 1 0 -3 -24 -2 -20 -1 -15 2 -10 6 -6 9 -2 13 0 18 2 22 2 25 2 28 1 29 -1 29 -2 28 -2 26 -3 23 -4 20 -3 16 -2 11 0 7 2 3 5 0 7 -2 11 -4 14 -5 16 -2 4 0 0 0 0 0 0 0 0 0 0 0 0 0 0 0 0 0 0 -1 1 -3 4 -7 3 -12 1 -17 -1 -22 -1 -26 -1 -30 -1 -32 0 -33 1 -33 1 -32 3 -29 4 -25 3 -20 2 -15 0 -11 -2 -6 -5 -2 -10 2 -15 4 -20 5 -24 5 -28 4 -31 3 -32 2 -33 1 -33
1786806307.9279501,824,128,82 32 5 0 -10 28 -9 28 -11 27 -13 28 -12 27 -9 24 -6 22 -6 23 -6 24 -6 23 -6 21 -5 21 -5 21 -4 21 -4 21 -5 20 -4 17 -4 15 -5 14 -5 14 -5 13 -5 13 -6 12 -6 10 -6 9 -2 2 0 0 0 0 0 0 0 0 0 0 0 0 0 0 0 0 0 0 -1 2 -3 8 -4 10 -6 12 -8 13 -7 14 -7 15 -9 14 -9 15 -10 17 -12 19 -12 19 -10 18 -9 19 -10 21 -11 23 -11 23 -12 23 -14 25 -14 25 -14 25 -13 26 -11 26 -11 26 -13 26 -14 27 -15 28
1786806307.9945228,3945,256,82 32 5 0 -7 -24 -6 -20 -3 -15 1 -11 5 -8 9 -5 14 -4 18 -4 22 -5 25 -6 27 -8 28 -10 27 -11 26 -12 24 -12 21 -12 18 -10 14 -8 11 -4 8 0 6 3 4 7 3 11 3 14 4 17 1 4 0 0 0 0 0 0 0 0 0 0 0 0 0 0 0 0 0 0 -1 1 -4 5 -7 3 -12 0 -17 -1 -22 -2 -26 -2 -30 -2 -33 -1 -34 0 -34 1 -32 2 -29 3 -26 3 -21 2 -16 0 -12 -2 -7 -6 -3 -10 0 -16 1 -20 2 -25 1 -29 0 -32 -2 -33 -3 -33 -4 -33 -2 -7 -6 -27 -5 -23 -4 -18 -3 -14 0 -11 5 -7 9 -5 13 -3 18 -3 21 -4 24 -5 26 -7 27 -8 26 -10 26 -10 23 -10 20 -10 17 -9 13 -7 10 -4 8 0 5 3 4 7 3 10 3 14 3 16 3 17 2 18 0 4 0 0 0 0 0 0 0 0 0 0 1 2 3 9 0 8 -4 5 -7 2 -12 0 -16 -2 -21 -3 -25 -3 -29 -3 -31 -3 -32 -3 -33 -2 -31 0 -28 1 -25 1 -20 0 -16 -1 -11 -3 -6 -6 -3 -10 0 -15 2 -20 3 -24 3 -28 1 -30 0 -31 -1 -31 -3 -29
1786806308.0306182,1684,128,-128 0 8 0 -20 22 -19 20 -18 20 -18 20 -17 21 -15 21 -13 20 -13 19 -13 19 -12 17 -11 16 -12 17 -14 18 -14 16 -13 14 -12 13 -11 13 -10 14 -9 13 -9 12 -10 11 -9 11 -9 10 -9 9 -9 8 -3 2 0 0 0 0 0 0 0 0 0 0 0 0 0 0 0 0 0 0 -1 2 -4 9 -6 9 -8 8 -11 7 -13 9 -11 10 -11 10 -13 12 -15 13 -14 13 -14 14 -15 15 -17 16 -18 17 -17 16 -17 15 -17 16 -18 18 -20 19 -20 21 -20 22 -20 23 -19 24 -19 25 -19 25 -21 26
1786806308.061184,1685,128,-128 0 8 0 20 18 21 19 20 19 20 19 19 18 18 16 17 15 17 15 17 15 17 14 17 14 16 15 14 15 12 14 10 14 10 14 11 14 10 14 9 14 7 13 7 12 8 10 7 9 4 9 1 9 0 2 0 0 0 0 0 0 0 0 0 0 0 0 0 0 0 0 0 0 1 0 7 3 9 3 10 4 11 4 11 5 12 9 13 11 15 10 15 11 12 13 12 15 16 15 18 15 17 16 17 16 18 15 19 16 19 18 18 18 17 18 19 19 22 21 23 21 22 21 23 23 26 24
1786806308.0945868,1746,128,28 -64 1 0 8 -28 5 -26 4 -24 4 -22 3 -20 3 -19 4 -18 6 -17 8 -17 10 -19 11 -20 11 -22 12 -25 12 -27 11 -29 10 -29 9 -30 8 -30 7 -28 7 -25 7 -21 7 -18 8 -15 10 -11 12 -9 3 -2 0 0 0 0 0 0 0 0 0 0 0 0 0 0 0 0 0 0 -1 -5 -3 -17 -3 -16 -3 -18 -2 -20 -1 -18 0 -16 1 -17 2 -16 5 -16 6 -14 7 -12 9 -12 10 -12 11 -12 12 -13 14 -13 15 -14 14 -14 15 -16 15 -18 16 -19 16 -21 16 -22 16 -22 15 -23 14 -24
1786806308.130615,3637,128,28 -64 1 0 -24 -7 -19 -6 -14 -6 -9 -7 -4 -8 0 -11 4 -15 6 -19 7 -23 7 -26 6 -28 5 -29 4 -30 2 -29 1 -27 0 -24 0 -21 1 -17 3 -13 4 -8 6 -4 8 -1 11 1 14 3 17 4 4 1 0 0 0 0 0 0 0 0 0 0 0 0 0 0 0 0 0 0 0 1 2 6 -1 7 -6 10 -10 14 -13 18 -16 21 -17 24 -18 27 -17 28 -16 29 -15 28 -13 26 -11 23 -10 18 -8 13 -8 8 -9 3 -11 -3 -14 -8 -17 -12 -21 -15 -24 -16 -28 -16 -30 -16 -30 -14 -31 -13
1786806308.166752,3638,128,28 -64 1 0 -18 -30 -15 -25 -10 -20 -4 -16 3 -13 11 -11 18 -11 24 -13 29 -16 33 -19 36 -22 36 -25 35 -27 33 -28 29 -27 25 -24 22 -21 19 -17 15 -10 12 -3 10 3 9 8 10 14 10 19 11 23 2 6 0 0 0 0 0 0 0 0 0 0 0 0 0 0 0 0 0 0 -1 2 -3 8 -9 7 -17 6 -24 5 -32 6 -38 8 -43 10 -46 12 -47 13 -47 14 -44 15 -40 15 -35 13 -29 10 -22 6 -16 1 -12 -5 -8 -12 -6 -21 -5 -28 -7 -35 -9 -40 -12 -43 -14 -45 -16 -46 -18 -46
1786806308.200073,3639,128,28 -64 1 0 -22 12 -18 9 -14 6 -11 2 -9 -3 -8 -8 -7 -13 -8 -18 -10 -22 -12 -24 -14 -26 -16 -25 -18 -25 -19 -24 -18 -21 -17 -18 -14 -16 -10 -13 -6 -11 -3 -9 1 -8 5 -7 9 -7 13 -8 15 -8 4 -3 0 0 0 0 0 0 0 0 0 0 0 0 0 0 0 0 0 0 1 0 6 1 5 5 4 10 4 16 4 21 6 25 7 28 9 31 10 31 11 31 12 29 11 26 10 23 8 19 5 15 1 11 -3 8 -9 5 -15 4 -20 3 -25 4 -29 6 -31 8 -32 9 -32 11 -31 12
1786806308.230657,1688,128,-85 -79 26 0 24 22 21 23 20 21 22 19 21 19 20 18 21 17 21 17 18 17 17 17 17 15 18 14 16 13 15 11 14 11 12 13 11 13 11 13 10 11 8 10 7 10 7 10 6 9 5 8 5 10 1 2 0 0 0 0 0 0 0 0 0 0 0 0 0 0 0 0 0 0 2 0 9 3 9 6 12 7 14 7 14 8 15 9 17 11 16 13 14 14 15 15 16 16 16 17 17 17 18 17 20 18 20 19 20 19 21 19 22 20 21 21 22 22 25 20 25 21 23 25 24 25 27 23
1786806308.266764,1689,128,-65 -15 27 0 -24 18 -22 19 -23 19 -23 18 -22 17 -20 16 -19 15 -18 14 -17 14 -16 13 -14 13 -14 15 -16 15 -14 12 -13 10 -13 10 -14 9 -13 9 -11 9 -9 9 -10 8 -11 6 -10 4 -9 5 -8 4 -2 1 0 0 0 0 0 0 0 0 0 0 0 0 0 0 0 0 0 0 -2 2 -7 6 -7 5 -9 9 -11 10 -12 8 -13 8 -15 11 -17 12 -17 11 -19 9 -20 9 -20 9 -22 10 -23 11 -23 12 -23 13 -24 14 -25 14 -25 15 -24 17 -24 18 -26 17 -26 17 -25 17 -26 16 -25 15
1786806308.300074,3641,128,28 -64 1 0 15 17 12 14 8 11 3 9 -2 8 -7 8 -12 8 -15 11 -18 13 -21 15 -22 18 -22 20 -21 21 -19 21 -17 20 -14 18 -12 15 -11 12 -9 8 -8 3 -7 -1 -7 -5 -9 -9 -10 -12 -11 -14 -3 -4 0 0 0 0 0 0 0 0 0 0 0 0 0 0 0 0 0 0 -1 -2 0 -7 4 -6 9 -7 14 -7 19 -9 23 -11 26 -13 28 -14 28 -16 27 -16 26 -17 23 -17 20 -15 16 -12 12 -8 10 -4 7 1 6 7 6 13 7 18 8 22 10 25 13 27 15 27 16 27 16 26
1786806308.3334122,3642,128,28 -64 1 0 -18 11 -14 8 -11 5 -9 1 -7 -3 -6 -8 -6 -12 -7 -16 -9 -19 -11 -21 -13 -22 -14 -22 -15 -22 -16 -21 -16 -19 -14 -16 -12 -13 -8 -11 -5 -9 -2 -7 2 -6 5 -5 9 -5 12 -6 14 -6 3 -2 0 0 0 0 0 0 0 0 0 0 0 0 0 0 0 0 0 0 1 -1 5 0 5 4 5 8 5 13 7 17 8 21 10 23 11 25 12 26 13 25 13 24 13 21 11 18 8 15 5 11 1 8 -3 6 -8 5 -13 4 -18 4 -22 5 -25 7 -26 9 -27 11 -27 12 -25 13
1786806308.36672,3643,128,28 -64 1 0 1 -25 1 -20 2 -15 4 -10 7 -6 10 -2 14 1 18 2 22 3 26 3 28 2 29 0 29 -1 28 -2 26 -3 23 -4 20 -4 16 -2 12 0 8 2 4 5 2 8 0 11 -1 15 -2 17 -1 4 0 0 0 0 0 0 0 0 0 0 0 0 0 0 0 0 0 0 -2 1 -6 3 -8 0 -12 -4 -16 -8 -20 -10 -24 -12 -28 -13 -30 -13 -32 -13 -32 -12 -31 -10 -29 -8 -25 -7 -20 -6 -15 -6 -10 -6 -5 -8 0 -11 5 -14 8 -19 10 -23 11 -27 11 -29 11 -31 10 -32 8 -32
1786806308.397356,1692,128,-128 0 8 0 29 -4 28 -6 29 -6 30 -6 28 -5 26 -4 25 -4 25 -5 25 -6 22 -5 20 -4 20 -3 20 -3 19 -2 17 -4 17 -6 18 -4 16 -2 14 -2 13 -2 13 -1 14 0 12 1 10 1 11 3 2 1 0 0 0 0 0 0 0 0 0 0 0 0 0 0 0 0 0 0 2 -1 11 -3 11 -3 11 -1 10 0 12 0 15 -1 16 -3 16 -1 17 1 19 -1 20 -1 20 1 21 0 23 -1 24 -1 26 0 26 1 25 1 26 -1 28 -1 27 0 26 -1 27 -3 30 -4 32 -3 32 -2
1786806308.4334788,1693,128,-128 0 8 0 -5 -32 -6 -30 -6 -29 -4 -27 -4 -26 -6 -24 -7 -22 -7 -23 -6 -25 -5 -25 -6 -24 -7 -22 -7 -20 -6 -20 -4 -20 -2 -19 -3 -18 -3 -17 -1 -16 -1 -15 -1 -15 -1 -14 -1 -14 -1 -13 0 -13 0 -4 0 0 0 0 0 0 0 0 0 0 0 0 0 0 0 0 0 0 -1 -3 -1 -12 -3 -12 -4 -13 -3 -14 -1 -17 -3 -18 -3 -19 -2 -20 -2 -22 -2 -23 -1 -22 -2 -23 -2 -24 -2 -25 -2 -25 -1 -26 -1 -26 -1 -25 -2 -24 0 -25 -1 -26 -4 -26 -5 -28 -4 -30 -3 -30 -1 -32
1786806308.497341,1155,256,-125 48 8 0 24 0 19 1 15 1 10 3 5 6 1 10 -1 14 -3 19 -3 23 -3 26 -2 28 0 29 1 29 3 28 4 26 4 23 3 19 1 16 -1 12 -3 8 -6 4 -9 2 -12 0 -16 -1 -18 -1 -5 -1 0 0 0 0 0 0 0 0 0 0 0 0 0 0 0 0 0 0 -2 -2 -5 -6 -2 -9 2 -12 5 -17 7 -21 8 -25 9 -29 9 -32 8 -33 7 -33 6 -32 5 -30 4 -26 3 -21 3 -16 4 -11 7 -6 10 -1 14 4 18 7 23 9 26 9 29 9 31 8 32 6 32 5 7 0 26 2 22 2 18 2 14 2 9 3 4 6 0 10 -2 14 -3 18 -4 21 -4 25 -3 27 -1 28 0 28 1 27 2 25 3 22 2 19 0 16 -2 11 -4 7 -6 4 -8 1 -11 0 -15 -1 -17 -2 -18 -3 -19 -3 -5 -1 0 0 0 0 0 0 0 0 0 0 -3 0 -11 0 -9 -2 -5 -5 -1 -8 2 -11 5 -15 8 -20 9 -24 11 -27 11 -30 10 -31 8 -31 7 -30 6 -28 5 -25 5 -20 5 -15 5 -10 6 -5 10 0 13 4 17 8 21 10 24 11 28 10 30 8 29 5 28 3
1786806308.561284,1155,256,-125 48 8 0 -23 10 -19 8 -15 5 -11 1 -9 -4 -7 -9 -7 -14 -8 -18 -10 -22 -11 -24 -13 -26 -15 -26 -17 -25 -18 -24 -18 -22 -16 -18 -14 -15 -10 -13 -6 -11 -3 -9 1 -8 5 -7 9 -7 13 -8 15 -9 3 -3 0 0 0 0 0 0 0 0 0 0 0 0 0 0 0 0 0 0 1 0 5 3 4 6 2 11 0 16 0 21 0 26 1 29 2 32 3 33 5 33 6 31 6 28 5 24 4 20 2 15 -1 11 -5 7 -10 4 -15 2 -21 1 -25 1 -29 2 -31 4 -33 6 -33 7 -32 8 -7 2 -26 10 -22 7 -18 5 -15 3 -11 0 -8 -4 -6 -9 -6 -14 -7 -18 -8 -21 -9 -24 -10 -25 -12 -26 -14 -25 -15 -24 -16 -22 -15 -18 -12 -16 -8 -14 -5 -11 -2 -9 1 -7 5 -7 8 -7 12 -8 14 -8 15 -8 16 -8 4 -2 0 0 0 0 0 0 0 0 0 0 2 -2 10 -4 8 -2 6 2 3 7 0 11 -2 16 -3 20 -3 25 -3 28 -2 30 0 32 1 32 2 30 2 27 2 24 1 19 0 15 -2 10 -6 6 -10 3 -15 0 -20 -1 -24 -1 -28 0 -30 1 -31 3 -31 5 -29 6
1786806308.5945642,3647,128,28 -64 1 0 19 12 16 10 12 9 7 8 1 8 -4 10 -8 12 -11 15 -13 19 -15 22 -15 24 -14 26 -13 27 -11 27 -9 25 -8 23 -7 20 -7 16 -7 11 -7 6 -8 1 -9 -2 -12 -5 -14 -8 -16 -10 -4 -3 0 0 0 0 0 0 0 0 0 0 0 0 0 0 0 0 0 0 -1 -2 -2 -6 2 -7 7 -9 12 -11 17 -13 20 -16 23 -19 24 -21 25 -22 24 -23 22 -23 20 -22 17 -20 14 -16 11 -12 9 -7 8 -2 8 4 9 10 11 15 14 18 17 21 20 22 22 22 24 22 25 21
1786806308.6278772,3648,128,28 -64 1 0 8 20 7 16 4 12 0 9 -5 6 -9 4 -14 3 -18 3 -22 4 -26 5 -27 7 -28 8 -28 9 -27 10 -25 10 -21 9 -19 8 -15 5 -12 2 -8 -2 -5 -5 -3 -8 -2 -12 -1 -16 -1 -18 -1 -5 0 0 0 0 0 0 0 0 0 0 0 0 0 0 0 0 0 0 -1 -2 0 -6 4 -5 10 -5 15 -6 20 -7 24 -8 27 -9 29 -11 30 -12 29 -12 28 -13 25 -13 21 -11 17 -9 13 -6 9 -2 6 2 3 7 2 13 1 18 1 23 3 26 4 29 6 30 7 31 8 31
1786806308.663985,3649,128,28 -64 1 0 -18 -18 -15 -15 -11 -12 -6 -10 0 -10 5 -10 10 -11 14 -13 17 -16 18 -19 19 -21 19 -23 18 -24 16 -24 14 -23 12 -21 11 -18 9 -14 8 -10 7 -5 7 -1 7 3 9 7 11 10 12 12 3 3 0 0 0 0 0 0 0 0 0 0 0 0 0 0 0 0 0 0 0 1 0 6 -4 6 -10 6 -15 8 -20 9 -23 12 -26 14 -28 16 -29 18 -28 19 -26 19 -24 19 -21 16 -17 13 -14 9 -11 4 -9 -1 -8 -7 -8 -13 -9 -18 -11 -22 -14 -26 -17 -27 -19 -28 -20 -27 -20 -27
1786806308.6945379,1696,128,-65 -15 27 0 31 -4 31 -4 31 -3 30 -2 28 -2 26 -2 27 -4 27 -5 25 -4 23 -3 21 -2 20 -4 21 -4 20 -3 19 -3 18 -4 17 -3 17 -2 15 -1 12 -1 12 1 11 2 10 2 10 1 11 1 3 0 0 0 0 0 0 0 0 0 0 0 0 0 0 0 0 0 0 0 2 0 11 2 12 0 13 2 16 3 17 1 16 0 17 0 19 -1 20 -2 22 -1 23 1 22 0 23 -1 25 -1 27 1 26 1 25 0 26 1 26 1 27 1 30 1 30 0 29 -2 29 -3 29 -2 29 1
1786806308.727916,3650,128,28 -64 1 0 -15 18 -12 14 -10 10 -9 5 -8 0 -9 -5 -10 -10 -13 -14 -16 -17 -19 -19 -21 -19 -23 -19 -24 -18 -24 -18 -23 -16 -21 -13 -18 -11 -13 -10 -9 -9 -5 -8 -1 -7 4 -8 8 -9 11 -10 13 -11 3 -3 0 0 0 0 0 0 0 0 0 0 0 0 0 0 0 0 0 0 1 -1 5 -2 6 2 8 7 10 12 13 16 16 20 18 22 21 24 22 24 23 23 23 21 21 18 18 16 15 13 10 10 5 8 0 7 -6 7 -12 8 -17 9 -21 12 -24 14 -25 17 -26 19 -25 20 -24 21
1786806308.764014,3653,128,28 -64 1 0 -17 -18 -14 -15 -10 -12 -5 -10 0 -9 5 -9 10 -11 14 -13 17 -16 19 -18 20 -21 20 -23 18 -24 17 -24 15 -22 12 -20 11 -18 9 -14 8 -10 7 -5 7 -1 7 3 9 7 10 10 12 12 3 3 0 0 0 0 0 0 0 0 0 0 0 0 0 0 0 0 0 0 0 1 -1 6 -5 5 -10 6 -15 7 -20 8 -24 10 -27 12 -29 14 -29 15 -29 16 -27 18 -24 17 -21 15 -17 12 -14 8 -11 4 -9 -1 -8 -7 -8 -13 -8 -18 -10 -23 -12 -26 -15 -27 -17 -28 -19 -27 -20 -27
1786806308.797351,1700,128,-85 -79 26 0 17 -25 16 -23 15 -24 15 -24 13 -23 9 -21 8 -18 9 -16 10 -19 10 -20 9 -20 8 -20 8 -18 9 -16 9 -16 9 -16 7 -13 6 -11 7 -11 7 -11 7 -11 7 -10 8 -8 8 -7 8 -8 1 -2 0 0 0 0 0 0 0 0 0 0 0 0 0 0 0 0 0 0 1 -4 4 -14 3 -14 2 -15 1 -16 4 -16 9 -16 9 -18 9 -20 8 -19 7 -17 7 -18 8 -18 9 -18 11 -19 11 -22 11 -23 12 -22 10 -23 11 -23 14 -21 15 -22 14 -25 13 -27 14 -26 15 -25 14 -25
1786806308.827863,1748,128,28 -64 1 0 7 27 9 28 11 27 12 24 12 22 12 21 12 19 12 19 11 19 8 19 6 20 6 20 5 22 5 24 5 26 5 28 6 28 7 28 7 28 7 27 6 25 4 23 1 20 -1 17 -3 16 -1 3 0 0 0 0 0 0 0 0 0 0 0 0 0 0 0 0 0 0 4 1 17 6 18 7 17 7 15 5 15 5 15 6 13 6 10 6 7 8 3 9 1 11 0 14 -2 17 -2 20 -1 22 1 24 2 25 3 26 5 25 7 25 9 25 10 24 9 24 8 23 7 24 6 24
1786806308.861212,3655,128,28 -64 1 0 -13 -22 -10 -18 -7 -14 -2 -11 2 -9 7 -8 12 -8 16 -9 20 -11 23 -13 24 -15 24 -17 24 -18 22 -18 20 -18 17 -16 15 -14 12 -11 10 -7 8 -3 7 1 6 5 6 9 7 12 8 14 2 3 0 0 0 0 0 0 0 0 0 0 0 0 0 0 0 0 0 0 -1 1 -3 5 -7 4 -12 3 -17 2 -22 3 -26 4 -30 5 -32 6 -33 8 -33 9 -31 10 -28 10 -25 9 -20 7 -16 4 -12 1 -8 -4 -6 -9 -4 -15 -3 -20 -4 -25 -5 -28 -8 -31 -10 -32 -11 -32 -12 -31
1786806308.89458,3657,128,28 -64 1 0 -19 13 -16 10 -13 6 -10 2 -9 -3 -8 -8 -8 -13 -9 -17 -11 -21 -13 -23 -15 -24 -17 -24 -18 -23 -18 -23 -18 -20 -16 -17 -14 -15 -10 -13 -6 -10 -2 -8 2 -7 6 -6 9 -6 13 -7 15 -7 4 -2 0 0 0 0 0 0 0 0 0 0 0 0 0 0 0 0 0 0 1 -1 6 0 6 3 6 8 7 14 9 18 11 22 13 25 14 27 16 28 16 27 16 25 15 23 13 20 10 16 7 13 2 10 -3 8 -8 6 -14 6 -19 6 -24 7 -27 9 -29 11 -30 13 -30 15 -29 17
1786806308.936262,1704,128,-85 -79 26 0 -23 -21 -22 -22 -22 -19 -21 -18 -19 -16 -18 -15 -19 -14 -20 -14 -19 -15 -20 -16 -19 -14 -18 -12 -17 -13 -16 -13 -17 -11 -15 -9 -13 -9 -12 -11 -11 -11 -10 -10 -11 -10 -11 -9 -11 -9 -9 -9 -6 -8 -1 -2 0 0 0 0 0 0 0 0 0 0 0 0 0 0 0 0 0 0 -2 -1 -9 -4 -9 -5 -9 -8 -10 -10 -11 -12 -12 -14 -12 -14 -12 -13 -12 -14 -13 -15 -15 -15 -15 -16 -14 -16 -14 -17 -16 -18 -16 -19 -18 -19 -19 -18 -19 -18 -18 -18 -19 -19 -19 -19 -22 -18 -24 -20 -23 -21 -23 -22
1786806308.964056,1705,128,-65 -15 27 0 30 12 29 13 29 12 28 9 27 7 27 6 27 7 25 8 24 6 23 6 22 6 24 7 24 7 22 6 20 6 18 7 16 8 15 7 14 6 14 6 13 6 12 6 11 6 9 7 8 6 1 1 0 0 0 0 0 0 0 0 0 0 0 0 0 0 0 0 0 0 3 1 14 6 14 6 16 7 16 6 15 6 14 5 15 5 16 7 17 8 19 7 21 8 23 10 24 12 23 12 22 12 24 12 26 10 27 10 28 12 28 13 29 12 29 13 30 14 31 12 32 11 32 11
1786806309.000191,1706,128,-85 -79 26 0 -18 29 -17 29 -15 28 -14 28 -14 27 -12 24 -10 23 -8 24 -9 24 -10 22 -9 20 -8 22 -8 22 -9 21 -9 20 -8 18 -7 17 -6 16 -6 15 -6 15 -6 14 -6 13 -7 12 -6 10 -5 8 -2 2 0 0 0 0 0 0 0 0 0 0 0 0 0 0 0 0 0 0 -3 3 -10 12 -10 9 -11 9 -12 11 -13 12 -13 12 -13 12 -13 13 -14 16 -14 17 -15 17 -16 16 -16 17 -15 18 -16 20 -18 20 -19 19 -19 19 -18 21 -18 22 -16 23 -15 25 -16 27 -17 30 -17 30 -17 26
1786806309.036314,1707,128,-65 -15 27 0 24 -19 24 -19 25 -20 26 -19 24 -18 22 -16 23 -15 22 -16 19 -17 17 -17 18 -16 19 -14 19 -13 17 -14 17 -12 18 -10 16 -10 14 -10 14 -9 14 -8 13 -7 11 -6 11 -6 10 -5 7 -5 1 -2 0 0 0 0 0 0 0 0 0 0 0 0 0 0 0 0 0 0 1 -2 6 -7 8 -8 10 -6 12 -7 12 -10 12 -10 15 -10 17 -10 19 -11 20 -10 19 -8 18 -10 20 -13 22 -13 23 -14 24 -13 24 -10 26 -8 26 -10 25 -13 26 -16 26 -17 25 -18 26 -19 29 -19 31 -19
1786806309.069582,3659,128,28 -64 1 0 -7 -22 -6 -18 -3 -14 1 -10 5 -7 9 -5 14 -3 18 -3 22 -5 25 -6 27 -8 27 -9 27 -11 26 -12 23 -11 21 -11 18 -9 14 -7 11 -3 8 0 5 4 3 7 2 11 2 15 2 17 0 4 0 0 0 0 0 0 0 0 0 0 0 0 0 0 0 0 0 0 -1 1 -4 5 -7 4 -12 2 -17 1 -22 0 -26 0 -30 1 -32 2 -33 2 -33 3 -31 4 -28 5 -24 4 -20 2 -15 0 -11 -2 -7 -5 -3 -10 -1 -15 1 -20 1 -24 0 -28 -1 -31 -3 -32 -4 -33 -5 -33
1786806309.1029189,3660,128,28 -64 1 0 -24 -2 -19 -2 -15 -3 -9 -4 -5 -7 -1 -10 2 -14 4 -19 5 -23 5 -26 4 -28 3 -29 1 -29 0 -29 -2 -27 -2 -23 -2 -20 0 -16 1 -12 3 -8 5 -4 7 -1 10 2 14 4 15 5 4 1 0 0 0 0 0 0 0 0 0 0 0 0 0 0 0 0 0 0 1 0 4 3 2 7 -1 11 -4 15 -5 20 -6 24 -7 28 -6 31 -6 32 -5 32 -4 31 -3 28 -3 24 -2 19 -3 14 -4 9 -7 4 -10 -1 -14 -5 -19 -8 -23 -9 -27 -10 -30 -10 -31 -9 -32 -8 -32 -7
1786806309.1251829,728,128,-117 -78 40 0 8 7 8 7 8 7 8 7 8 6 8 6 8 6 8 6 9 5 9 5 9 5 9 5 9 5 9 5 9 5 9 5 9 5 8 4 8 4 8 4 7 4 7 4 7 4 7 4 6 4 1 1 0 0 0 0 0 0 0 0 0 0 0 0 0 0 0 0 0 0 2 1 8 6 8 6 7 6 8 7 8 7 8 8 8 8 8 9 8 9 8 9 8 9 8 9 7 9 7 9 7 9 7 9 7 9 7 9 7 9 7 8 8 8 8 8 8 8 8 8 8 8 8 8
1786806309.161238,3661,128,28 -64 1 0 15 18 12 15 8 12 3 10 -2 9 -7 9 -11 9 -15 11 -19 14 -21 16 -21 19 -21 21 -20 22 -19 22 -16 21 -14 19 -12 16 -10 13 -9 8 -8 4 -8 -1 -8 -5 -10 -8 -11 -11 -13 -13 -4 -4 0 0 0 0 0 0 0 0 0 0 0 0 0 0 0 0 0 0 0 -2 1 -7 5 -6 10 -5 15 -6 20 -7 24 -8 27 -10 29 -12 30 -13 30 -14 28 -15 25 -15 22 -13 18 -11 14 -7 11 -3 8 1 7 7 6 13 6 18 8 23 10 26 12 28 14 28 15 28 16 27
1786806309.194597,3662,128,28 -64 1 0 12 -20 10 -16 8 -12 7 -6 7 -1 8 4 10 8 13 12 16 15 18 17 21 17 23 17 24 16 24 15 23 13 21 11 17 9 13 8 9 7 4 7 0 6 -5 7 -9 8 -12 9 -14 11 -4 2 0 0 0 0 0 0 0 0 0 0 0 0 0 0 0 0 0 0 -2 0 -6 1 -7 -2 -9 -7 -12 -12 -16 -16 -19 -18 -22 -20 -24 -21 -26 -22 -26 -21 -26 -19 -24 -17 -21 -14 -17 -12 -12 -10 -7 -8 -2 -8 4 -8 10 -9 14 -12 18 -14 21 -17 22 -20 22 -22 22 -23 21 -23
1786806309.227923,1708,128,-85 -79 26 0 6 -33 4 -32 4 -32 5 -30 4 -28 4 -26 2 -25 2 -25 4 -25 3 -25 1 -23 2 -24 3 -22 3 -19 3 -19 2 -20 1 -21 2 -20 4 -17 3 -15 3 -14 4 -13 4 -12 3 -11 3 -11 0 -3 0 0 0 0 0 0 0 0 0 0 0 0 0 0 0 0 0 0 0 -3 1 -12 3 -12 4 -13 1 -15 0 -18 4 -19 6 -19 7 -19 9 -20 8 -20 7 -21 8 -23 7 -23 7 -25 6 -26 7 -26 9 -26 11 -26 10 -28 9 -30 8 -30 9 -30 8 -31 8 -32 10 -32 10 -33
1786806309.2612321,3666,128,28 -64 1 0 20 8 16 7 12 6 6 6 1 7 -4 9 -8 12 -11 15 -13 18 -14 21 -14 24 -13 25 -12 26 -10 26 -8 24 -7 21 -6 18 -6 14 -6 9 -6 5 -6 0 -8 -3 -10 -6 -12 -9 -14 -11 -4 -3 0 0 0 0 0 0 0 0 0 0 0 0 0 0 0 0 0 0 -1 -2 -3 -6 0 -8 4 -11 8 -15 11 -18 13 -22 15 -25 15 -28 15 -29 14 -29 12 -28 11 -26 9 -23 8 -18 7 -13 6 -8 7 -3 8 3 11 8 14 12 18 15 21 17 24 17 26 17 26 16 27 15
1786806309.2945669,3667,128,28 -64 1 0 21 8 17 7 12 6 6 6 1 7 -3 9 -7 12 -10 15 -12 19 -13 22 -12 24 -12 26 -10 27 -9 26 -7 25 -5 22 -5 18 -5 14 -5 10 -6 5 -6 1 -8 -3 -11 -5 -13 -8 -15 -9 -4 -3 0 0 0 0 0 0 0 0 0 0 0 0 0 0 0 0 0 0 -1 -2 -3 -6 0 -8 4 -11 8 -14 11 -18 14 -22 15 -25 16 -27 15 -28 14 -28 13 -28 11 -26 10 -23 8 -18 7 -13 6 -8 7 -3 9 3 11 8 15 12 18 15 21 17 24 17 26 17 27 16 27 15
1786806309.33073,1712,128,-85 -79 26 0 28 -19 26 -19 24 -18 22 -18 22 -16 21 -14 18 -12 18 -11 18 -15 20 -16 23 -14 21 -14 17 -15 18 -13 19 -11 17 -10 16 -9 16 -7 17 -6 15 -6 13 -5 13 -4 13 -3 13 -2 12 -2 2 -1 0 0 0 0 0 0 0 0 0 0 0 0 0 0 0 0 0 0 2 -2 9 -8 10 -9 9 -11 7 -13 7 -14 10 -14 14 -14 15 -13 16 -13 17 -13 19 -13 19 -14 19 -12 21 -12 22 -13 22 -14 22 -14 23 -13 24 -14 25 -15 25 -16 24 -16 24 -16 26 -17 28 -19 29 -21
1786806309.3612502,1713,128,-65 -15 27 0 24 22 25 21 24 19 21 16 21 15 21 15 20 15 20 15 20 15 20 14 19 14 18 12 18 13 16 14 16 12 16 11 14 12 12 12 11 11 10 9 11 9 11 10 9 9 7 8 7 7 2 1 0 0 0 0 0 0 0 0 0 0 0 0 0 0 0 0 0 0 2 1 8 6 7 7 6 8 6 9 8 12 9 14 8 15 10 15 11 17 10 18 11 18 12 17 12 18 13 20 15 21 15 22 16 21 17 19 17 20 18 22 19 23 20 23 20 22 21 21 23 23 24 24
1786806309.394575,1714,128,-85 -79 26 0 -24 6 -24 5 -25 7 -25 8 -25 7 -25 6 -25 7 -24 9 -22 9 -21 8 -20 6 -19 4 -17 5 -17 6 -17 6 -18 5 -17 4 -15 3 -14 3 -12 4 -11 3 -11 0 -11 0 -10 0 -9 -1 -3 -1 0 0 0 0 0 0 0 0 0 0 0 0 0 0 0 0 0 0 -3 1 -10 6 -9 4 -10 2 -11 4 -13 5 -14 3 -15 2 -16 3 -19 3 -21 4 -22 5 -21 4 -21 3 -22 3 -22 5 -24 5 -25 6 -25 6 -24 5 -25 5 -26 5 -28 5 -28 4 -27 3 -27 5 -28 7
1786806309.425154,3668,128,28 -64 1 0 23 5 19 4 14 4 8 5 4 7 -1 10 -4 14 -6 18 -7 22 -7 25 -6 27 -5 28 -3 29 -1 29 0 27 1 23 0 20 -1 16 -3 12 -4 7 -6 4 -9 1 -12 -1 -16 -3 -18 -4 -5 -1 0 0 0 0 0 0 0 0 0 0 0 0 0 0 0 0 0 0 -1 -2 -3 -6 0 -8 4 -11 8 -14 12 -18 14 -22 16 -26 16 -28 16 -30 15 -31 13 -30 11 -28 10 -24 8 -20 7 -15 6 -10 7 -4 10 1 13 6 16 10 20 13 24 14 27 15 29 14 30 12 30 11
1786806309.458564,3669,128,28 -64 1 0 20 -12 16 -10 12 -6 9 -2 7 2 6 7 6 13 7 17 9 20 10 23 12 24 14 24 15 24 16 23 16 20 14 17 12 15 8 12 4 10 1 7 -3 5 -7 4 -11 5 -15 5 -17 6 -5 1 0 0 0 0 0 0 0 0 0 0 0 0 0 0 0 0 0 0 -2 0 -7 -1 -6 -5 -6 -11 -6 -16 -7 -21 -8 -25 -10 -28 -11 -30 -12 -31 -14 -31 -15 -29 -14 -26 -12 -23 -10 -19 -7 -15 -3 -11 2 -8 7 -6 13 -5 19 -5 23 -5 27 -7 29 -9 30 -11 30 -12 29 -13
1786806309.491798,3671,128,28 -64 1 0 23 -2 18 -1 14 0 10 2 5 5 1 9 -1 14 -3 18 -3 22 -3 25 -2 27 -1 28 0 29 2 28 3 26 3 23 2 20 0 16 -2 11 -4 7 -6 4 -9 1 -12 -2 -15 -3 -17 -5 -5 -2 0 0 0 0 0 0 0 0 0 0 0 0 0 0 0 0 0 0 -2 -1 -6 -3 -4 -7 -2 -11 0 -16 1 -21 1 -26 1 -30 1 -32 0 -33 -1 -33 -2 -32 -2 -29 -2 -26 -2 -21 0 -16 1 -11 4 -6 9 -2 13 1 18 4 23 5 27 6 30 5 32 4 33 2 32 -1
1786806309.555797,1156,256,-125 48 8 0 -2 -25 -2 -20 0 -15 3 -11 6 -7 10 -4 14 -1 18 0 22 0 26 -1 28 -2 29 -3 29 -5 28 -5 25 -6 22 -6 19 -6 16 -4 12 -2 8 2 5 5 3 7 1 11 0 15 -1 17 -1 4 0 0 0 0 0 0 0 0 0 0 0 0 0 0 0 0 0 0 -1 1 -5 4 -8 2 -12 -2 -17 -4 -21 -6 -25 -7 -29 -7 -32 -6 -33 -6 -33 -5 -32 -3 -30 -2 -26 -2 -21 -2 -16 -3 -11 -4 -6 -6 -2 -10 2 -15 5 -19 6 -24 7 -28 5 -30 4 -32 4 -33 3 -33 -1 -8 -1 -27 -2 -23 -1 -19 0 -15 2 -11 6 -7 9 -3 13 -1 17 0 21 0 24 -1 26 -2 27 -3 27 -5 27 -5 25 -6 22 -6 18 -6 14 -5 11 -2 8 2 5 4 2 7 1 11 0 14 0 16 -1 18 -2 18 -1 4 0 0 0 0 0 0 0 0 0 0 0 2 1 10 -1 7 -4 4 -8 1 -11 -2 -16 -5 -20 -7 -24 -8 -28 -8 -30 -8 -31 -7 -32 -7 -31 -5 -28 -4 -25 -3 -21 -3 -16 -3 -10 -4 -5 -6 -1 -10 2 -14 5 -19 7 -23 7 -26 6 -29 6 -30 4 -30 3 -29
1786806309.58901,3673,128,28 -64 1 0 22 -9 19 -7 15 -5 11 -1 8 3 7 8 6 13 7 17 9 21 10 23 12 24 14 24 16 24 17 23 17 20 15 18 13 15 9 13 6 10 2 8 -2 7 -6 6 -10 7 -13 8 -15 9 -4 2 0 0 0 0 0 0 0 0 0 0 0 0 0 0 0 0 0 0 -2 -1 -6 -4 -4 -7 -1 -12 1 -16 2 -21 2 -25 2 -29 1 -32 0 -34 -1 -34 -3 -32 -3 -30 -3 -26 -2 -22 -1 -17 1 -13 4 -8 9 -5 14 -2 19 -1 24 -1 28 -1 30 -3 32 -4 32 -6 32 -7
1786806309.619647,3674,128,28 -64 1 0 4 23 3 19 1 14 -2 9 -6 5 -10 2 -14 0 -19 -1 -23 -1 -26 0 -28 1 -29 2 -29 4 -28 4 -26 5 -23 5 -20 4 -16 3 -12 0 -8 -3 -5 -5 -2 -8 0 -12 1 -15 2 -17 0 -5 0 0 0 0 0 0 0 0 0 0 0 0 0 0 0 0 0 0 0 -2 2 -5 5 -4 10 -3 15 -2 20 -2 25 -2 28 -3 30 -4 32 -5 31 -6 30 -7 27 -8 24 -7 19 -5 14 -3 10 0 5 3 2 8 -1 13 -3 18 -3 23 -3 27 -2 29 -1 31 0 32 2 31
1786806309.652972,3675,128,28 -64 1 0 7 -23 6 -19 5 -14 6 -9 8 -5 11 0 14 3 18 5 22 6 25 6 28 5 29 4 29 2 29 1 27 0 24 -1 20 -1 16 1 12 2 7 4 4 6 1 9 -1 12 -3 16 -4 18 -1 4 0 0 0 0 0 0 0 0 0 0 0 0 0 0 0 0 0 0 -2 0 -7 2 -8 -2 -10 -7 -13 -11 -16 -15 -19 -18 -22 -20 -25 -21 -26 -22 -27 -21 -27 -19 -25 -16 -22 -14 -18 -12 -13 -10 -8 -9 -3 -9 2 -11 8 -13 12 -16 15 -19 16 -23 16 -26 16 -28 16 -29 14 -30
1786806309.6834939,1716,128,92 -64 5 0 29 2 28 1 28 1 27 0 25 -1 24 -1 24 -1 22 1 21 1 21 -1 22 -1 21 -2 19 -1 20 0 20 1 19 2 17 3 15 2 16 1 15 0 14 1 12 2 10 3 8 4 6 3 1 0 0 0 0 0 0 0 0 0 0 0 0 0 0 0 0 0 0 0 1 -1 8 -1 8 0 9 0 12 -1 14 1 16 3 17 2 17 0 18 1 19 2 19 3 20 5 21 4 21 3 23 2 23 5 24 8 24 7 23 6 25 5 27 3 29 3 32 3 30 2 27 2 27 3
1786806309.716934,1717,128,92 -64 5 0 30 -19 28 -17 26 -16 25 -19 25 -19 24 -17 22 -15 20 -14 21 -14 20 -15 19 -16 18 -15 17 -14 17 -13 17 -12 17 -11 16 -10 14 -9 14 -9 14 -8 13 -7 11 -6 10 -6 11 -5 13 -4 3 -1 0 0 0 0 0 0 0 0 0 0 0 0 0 0 0 0 0 0 2 -2 10 -6 10 -6 10 -4 11 -4 13 -6 15 -7 17 -8 17 -7 18 -7 21 -8 22 -8 21 -7 21 -8 22 -10 22 -12 24 -12 26 -11 25 -11 24 -13 27 -15 29 -15 29 -14 28 -13 27 -13 28 -14 29 -15
1786806309.75301,1750,128,28 -64 1 0 -26 9 -24 10 -23 11 -22 12 -19 12 -17 11 -17 10 -16 10 -17 9 -19 8 -22 6 -24 7 -26 8 -28 9 -29 11 -29 12 -29 13 -28 14 -26 15 -25 13 -23 12 -22 9 -21 5 -20 1 -19 -2 -5 -1 0 0 0 0 0 0 0 0 0 0 0 0 0 0 0 0 0 0 -4 3 -16 12 -17 10 -18 9 -18 9 -16 8 -16 6 -15 4 -14 2 -14 -1 -15 -3 -16 -5 -16 -7 -17 -8 -17 -8 -18 -7 -20 -5 -22 -6 -22 -6 -22 -4 -22 -1 -23 -1 -23 -1 -24 -1 -25 1 -26 1 -28 2
1786806309.786347,1720,128,-118 -96 8 0 31 -9 30 -10 29 -11 27 -14 26 -14 24 -11 24 -10 23 -11 23 -11 22 -10 20 -11 19 -11 20 -10 19 -8 17 -8 17 -8 17 -7 16 -6 15 -5 15 -4 15 -4 14 -3 11 0 9 0 9 0 2 0 0 0 0 0 0 0 0 0 0 0 0 0 0 0 0 0 0 0 4 -2 14 -6 12 -6 13 -6 15 -5 14 -6 14 -7 16 -7 18 -6 20 -6 21 -6 22 -6 24 -6 25 -7 24 -6 26 -5 27 -6 27 -7 26 -5 27 -5 28 -7 28 -9 30 -10 32 -10 33 -11 33 -9 32 -6
1786806309.822387,3684,128,28 -64 1 0 -10 -22 -8 -18 -5 -14 -1 -11 4 -8 9 -7 13 -6 18 -7 21 -9 24 -11 25 -13 26 -14 25 -16 24 -16 22 -16 19 -15 16 -13 13 -10 11 -6 8 -1 6 3 5 6 5 10 6 14 6 16 1 4 0 0 0 0 0 0 0 0 0 0 0 0 0 0 0 0 0 0 -1 1 -4 5 -8 4 -13 2 -18 1 -23 1 -27 1 -31 2 -33 3 -34 4 -33 5 -32 6 -29 7 -25 6 -21 4 -16 2 -11 -1 -7 -5 -4 -10 -2 -16 -1 -21 -1 -25 -2 -29 -5 -31 -6 -32 -8 -33 -9 -33
1786806309.855723,3685,128,28 -64 1 0 -10 -23 -8 -19 -5 -14 -1 -11 4 -8 9 -6 13 -5 18 -6 22 -7 25 -8 26 -10 27 -12 26 -13 25 -14 22 -14 20 -13 17 -11 14 -9 11 -5 8 -1 5 3 4 7 3 10 3 14 4 16 1 4 0 0 0 0 0 0 0 0 0 0 0 0 0 0 0 0 0 0 -1 1 -2 5 -6 4 -12 3 -17 2 -22 3 -26 4 -30 5 -32 6 -33 8 -33 9 -31 10 -28 10 -25 9 -20 7 -16 4 -11 1 -8 -3 -5 -9 -3 -15 -2 -20 -2 -25 -4 -29 -6 -31 -7 -32 -8 -33 -9 -32
1786806309.889046,3686,128,28 -64 1 0 5 -25 4 -20 4 -15 5 -10 7 -5 10 -1 14 3 18 5 21 6 25 6 27 6 29 4 29 3 28 2 27 1 23 0 20 0 16 0 11 2 7 4 3 6 0 8 -2 11 -4 15 -5 17 -2 4 0 0 0 0 0 0 0 0 0 0 0 0 0 0 0 0 0 0 -2 1 -6 3 -8 -1 -12 -5 -15 -9 -19 -12 -23 -14 -27 -15 -29 -16 -31 -15 -31 -14 -31 -12 -28 -10 -25 -9 -20 -8 -15 -7 -10 -7 -5 -8 1 -10 6 -14 10 -17 13 -21 14 -25 14 -28 14 -30 13 -31 12 -31
1786806309.9196281,3688,128,28 -64 1 0 24 2 19 2 14 2 9 4 5 7 1 10 -1 14 -3 19 -4 23 -3 26 -3 28 -1 29 0 30 2 29 3 26 3 23 2 20 0 16 -2 12 -4 8 -6 4 -9 2 -13 0 -16 -1 -19 -2 -5 -1 0 0 0 0 0 0 0 0 0 0 0 0 0 0 0 0 0 0 -2 -2 -5 -6 -1 -8 2 -12 6 -16 8 -20 10 -24 11 -28 11 -31 10 -32 9 -33 7 -31 6 -29 6 -26 5 -21 5 -16 5 -11 7 -6 10 -1 14 4 18 7 22 9 26 10 29 10 31 9 32 7 32 6
1786806309.953005,3689,128,28 -64 1 0 -17 -17 -14 -14 -10 -11 -4 -9 1 -8 6 -8 11 -9 15 -10 19 -13 21 -15 22 -17 23 -19 22 -20 21 -21 19 -20 16 -18 14 -15 12 -12 10 -8 7 -3 6 1 5 5 5 10 6 14 6 16 1 4 0 0 0 0 0 0 0 0 0 0 0 0 0 0 0 0 0 0 0 1 1 5 -3 6 -9 8 -13 10 -18 13 -21 16 -24 18 -25 20 -26 21 -25 22 -23 22 -20 20 -18 17 -15 13 -12 9 -9 4 -8 -1 -7 -7 -7 -13 -9 -18 -11 -22 -13 -25 -16 -27 -18 -28 -19 -27 -21 -27
1786806309.9891121,1724,128,-85 -79 26 0 -29 18 -30 17 -29 16 -27 17 -25 17 -23 15 -22 14 -23 13 -24 13 -22 14 -17 17 -16 17 -17 16 -18 16 -17 16 -15 14 -13 13 -13 12 -15 10 -15 9 -14 8 -14 8 -13 6 -11 5 -11 4 -3 0 0 0 0 0 0 0 0 0 0 0 0 0 0 0 0 0 0 0 -2 1 -7 4 -8 4 -12 6 -17 8 -17 8 -16 6 -16 7 -18 8 -20 9 -22 11 -24 11 -24 8 -24 6 -23 6 -24 8 -25 10 -26 11 -27 12 -27 10 -28 10 -28 13 -27 16 -26 17 -26 17 -27 16 -29 16
1786806310.014113,1725,128,-65 -15 27 0 -32 -14 -30 -13 -28 -13 -27 -12 -27 -11 -26 -11 -24 -10 -23 -9 -24 -9 -24 -10 -23 -9 -22 -9 -21 -10 -20 -9 -19 -8 -19 -9 -18 -10 -17 -10 -14 -10 -12 -E (785004) task_wdt: Task watchdog got triggered. The following tasks/users did not reset the watchdog in time:
1786806310.136262,1726,128,-85 -79 26 0 19 -24 17 -22 17 -20 16 -21 16 -23 17 -22 15 -21 13 -19 11 -18 10 -18 11 -19 11 -18 11 -16 11 -15 11 -15 12 -14 11 -13 10 -13 9 -12 9 -11 9 -11 9 -10 8 -10 8 -9 7 -7 1 -2 0 0 0 0 0 0 0 0 0 0 0 0 0 0 0 0 0 0 1 -3 5 -10 5 -12 7 -13 9 -12 9 -8 9 -8 10 -10 12 -12 13 -12 14 -13 16 -15 15 -16 15 -15 17 -16 18 -19 19 -19 18 -19 16 -20 17 -21 18 -20 19 -19 19 -21 17 -23 16 -23 17 -24 19 -24
1786806310.1696472,3690,128,28 -64 1 0 15 -17 13 -13 11 -9 9 -4 8 1 8 6 10 10 12 14 15 17 18 18 20 19 22 18 23 17 24 16 23 14 20 11 16 10 12 9 8 8 3 7 -1 7 -5 7 -9 9 -12 11 -14 12 -4 3 0 0 0 0 0 0 0 0 0 0 0 0 0 0 0 0 0 0 -2 0 -7 -2 -7 -5 -7 -11 -8 -16 -10 -21 -11 -24 -13 -27 -14 -29 -16 -30 -17 -29 -17 -27 -16 -24 -14 -21 -11 -17 -7 -14 -3 -11 2 -9 7 -8 13 -8 18 -8 22 -10 25 -13 26 -15 27 -17 26 -18 25 -19
1786806310.202991,3691,128,28 -64 1 0 21 7 17 6 12 5 7 6 2 7 -3 9 -7 12 -10 16 -12 20 -12 23 -12 25 -11 26 -10 27 -8 27 -6 25 -5 22 -4 18 -5 14 -5 10 -6 5 -6 1 -8 -3 -11 -5 -14 -8 -15 -9 -4 -3 0 0 0 0 0 0 0 0 0 0 0 0 0 0 0 0 0 0 -1 -2 -3 -6 0 -8 4 -12 8 -15 11 -19 14 -22 15 -25 16 -28 16 -29 14 -29 13 -29 11 -27 10 -23 8 -18 7 -13 6 -8 7 -3 9 3 12 8 15 12 18 15 22 17 25 17 27 17 28 15 27 14
1786806310.236313,3692,128,28 -64 1 0 20 -7 20 -7 20 -8 20 -8 19 -8 19 -9 19 -9 19 -9 18 -10 18 -10 17 -9 17 -10 17 -10 17 -10 17 -10 16 -10 16 -9 16 -9 16 -9 15 -9 14 -9 14 -8 13 -8 14 -7 14 -7 3 -2 0 0 0 0 0 0 0 0 0 0 0 0 0 0 0 0 0 0 3 -3 15 -9 16 -8 17 -8 17 -7 18 -7 19 -7 19 -7 20 -7 20 -6 21 -6 21 -6 21 -6 21 -5 21 -5 21 -5 21 -6 21 -6 21 -6 21 -6 21 -6 21 -6 21 -6 21 -7 21 -6 21 -6 21 -6
1786806310.261318,732,128,-117 -78 40 0 7 9 7 9 7 8 7 8 7 7 8 7 8 7 8 7 8 7 8 6 8 6 8 6 8 6 8 6 8 6 8 6 8 6 8 6 7 5 7 5 7 5 7 5 6 5 6 5 6 5 1 1 0 0 0 0 0 0 0 0 0 0 0 0 0 0 0 0 0 0 1 1 6 7 6 7 6 7 6 8 7 8 7 9 7 9 7 9 7 10 6 10 6 10 6 10 6 10 6 10 6 10 6 10 6 10 6 10 6 10 6 9 7 9 7 9 7 9 7 9 6 9 6 9
1786806310.294585,1728,128,123 -77 55 0 34 -5 34 -5 33 -7 30 -7 27 -7 26 -8 27 -8 30 -9 30 -9 28 -8 25 -6 23 -6 23 -6 22 -8 19 -9 19 -7 20 -4 20 -3 18 -4 16 -4 16 -4 15 -3 14 -2 13 -2 13 -1 3 -1 0 0 0 0 0 0 0 0 0 0 0 0 0 0 0 0 0 0 3 0 13 1 13 2 15 1 15 0 18 -1 19 0 19 1 21 1 23 0 24 0 23 -1 23 -1 25 -1 26 0 28 0 29 -1 30 -2 31 -1 30 -2 29 -1 31 -2 33 -4 34 -5 34 -5 33 -4 32 -1
1786806310.330783,1729,128,-113 -13 56 0 -24 20 -23 21 -23 21 -23 21 -22 20 -20 19 -18 19 -18 20 -17 20 -16 19 -15 17 -16 14 -17 13 -16 14 -15 16 -13 14 -12 12 -11 10 -11 11 -11 12 -10 11 -9 8 -11 6 -11 6 -10 5 -3 1 0 0 0 0 0 0 0 0 0 0 0 0 0 0 0 0 0 0 -3 1 -9 7 -9 7 -11 6 -10 6 -10 8 -13 9 -14 10 -14 11 -15 10 -18 11 -22 12 -21 13 -20 13 -21 13 -20 13 -22 14 -24 16 -24 16 -24 16 -24 16 -25 15 -24 16 -23 19 -25 19 -25 18 -25 16
1786806310.364031,1732,128,-37 -79 29 0 -29 10 -29 8 -28 7 -26 9 -25 11 -24 10 -23 8 -22 8 -21 8 -20 7 -19 8 -19 9 -19 9 -19 9 -20 8 -20 7 -17 6 -15 4 -14 4 -13 3 -12 3 -13 3 -14 2 -13 1 -12 1 -3 0 0 0 0 0 0 0 0 0 0 0 0 0 0 0 0 0 0 0 -4 2 -12 9 -12 8 -12 6 -13 5 -16 5 -19 5 -18 5 -18 5 -19 7 -20 8 -21 7 -23 6 -24 6 -25 7 -25 6 -26 6 -27 6 -27 6 -29 8 -30 8 -30 8 -31 8 -30 9 -31 9 -30 9 -28 10
1786806310.3974242,1733,128,-17 -15 30 0 10 -29 10 -28 11 -26 11 -26 10 -24 9 -23 8 -25 9 -25 8 -23 7 -21 7 -22 6 -22 6 -19 7 -17 7 -18 6 -19 6 -18 7 -16 8 -14 8 -13 5 -12 4 -12 4 -12 5 -11 5 -11 1 -3 0 0 0 0 0 0 0 0 0 0 0 0 0 0 0 0 0 0 0 -3 1 -11 3 -12 3 -14 2 -14 3 -15 4 -17 5 -19 6 -18 7 -18 7 -20 6 -22 8 -21 9 -21 10 -23 11 -25 13 -24 12 -23 11 -24 11 -26 12 -28 12 -29 12 -28 11 -28 11 -30 12 -31 13 -30
1786806310.436479,1734,128,-37 -79 29 0 -15 -27 -15 -29 -14 -29 -12 -27 -12 -26 -12 -25 -13 -23 -12 -21 -12 -22 -12 -23 -12 -21 -11 -20 -11 -19 -12 -18 -11 -18 -9 -18 -7 -17 -5 -17 -4 -17 -3 -16 -4 -15 -4 -12 -3 -11 -2 -11 -3 -10 -1 -3 0 0 0 0 0 0 0 0 0 0 0 0 0 0 0 0 0 0 -2 -4 -8 -13 -9 -13 -11 -12 -11 -13 -10 -15 -10 -17 -8 -18 -7 -19 -8 -20 -9 -19 -7 -20 -6 -22 -8 -22 -11 -21 -10 -22 -10 -24 -10 -26 -12 -27 -13 -26 -13 -26 -10 -28 -10 -29 -12 -30 -12 -29 -11 -29 -11 -28
1786806310.472459,1752,128,28 -64 1 0 -1 -29 -4 -29 -6 -29 -7 -28 -9 -26 -10 -24 -10 -22 -8 -22 -7 -21 -7 -21 -5 -22 -3 -22 -3 -24 -3 -26 -4 -28 -4 -28 -4 -28 -5 -28 -6 -28 -6 -26 -5 -25 -3 -23 -1 -21 1 -19 4 -17 1 -4 0 0 0 0 0 0 0 0 0 0 0 0 0 0 0 0 0 0 -3 -4 -12 -15 -11 -15 -11 -15 -9 -14 -8 -14 -7 -15 -5 -15 -3 -15 -1 -14 1 -13 3 -13 5 -16 8 -18 8 -20 7 -22 7 -23 6 -24 5 -26 4 -26 3 -26 1 -26 -1 -26 0 -26 1 -26 1 -25 2 -26
1786806310.503021,3699,128,28 -64 1 0 24 0 24 0 24 -1 24 -2 23 -2 23 -3 23 -3 23 -4 23 -4 23 -4 22 -4 22 -5 22 -5 22 -5 22 -5 21 -5 21 -5 21 -5 20 -5 19 -5 18 -5 17 -5 17 -5 17 -4 17 -3 4 -1 0 0 0 0 0 0 0 0 0 0 0 0 0 0 0 0 0 0 5 -1 20 -3 20 -2 21 -1 21 -1 22 0 23 0 23 1 24 1 24 1 24 2 24 2 25 3 25 3 25 4 25 3 25 2 25 2 25 2 25 2 25 2 25 1 25 1 25 1 25 1 24 1 24 1
1786806310.541856,3700,128,28 -64 1 0 -6 -22 -6 -22 -6 -22 -6 -21 -6 -21 -7 -21 -7 -21 -8 -21 -8 -20 -9 -20 -9 -20 -9 -19 -9 -19 -9 -19 -9 -19 -9 -18 -9 -18 -8 -18 -8 -18 -8 -17 -7 -16 -7 -15 -7 -15 -6 -15 -6 -15 -2 -4 0 0 0 0 0 0 0 0 0 0 0 0 0 0 0 0 0 0 -2 -4 -7 -17 -7 -17 -6 -18 -6 -19 -6 -20 -6 -20 -6 -21 -5 -22 -5 -22 -4 -22 -4 -22 -4 -22 -4 -23 -3 -23 -3 -23 -4 -23 -5 -22 -5 -23 -4 -23 -4 -23 -4 -23 -5 -23 -5 -23 -5 -22 -5 -22 -5 -22
1786806310.5751228,3702,128,28 -64 1 0 16 17 17 17 17 16 17 15 17 15 17 14 17 14 18 14 18 14 18 13 18 13 18 12 18 12 18 12 18 11 17 11 17 11 17 12 17 11 16 10 15 9 14 9 14 9 14 10 13 10 3 2 0 0 0 0 0 0 0 0 0 0 0 0 0 0 0 0 0 0 3 2 15 12 15 13 15 14 15 14 15 15 16 16 16 17 16 17 15 17 15 18 15 18 15 19 15 19 15 20 15 19 15 18 15 18 15 18 15 19 15 18 16 18 16 18 16 18 16 18 16 17 15 17
1786806310.608522,1736,128,-37 -79 29 0 13 -29 11 -30 11 -29 12 -28 11 -27 11 -25 11 -23 10 -23 9 -23 7 -22 8 -21 9 -20 9 -19 8 -18 8 -18 8 -18 7 -19 7 -18 7 -15 7 -13 8 -12 8 -10 6 -9 6 -8 8 -8 2 -2 0 0 0 0 0 0 0 0 0 0 0 0 0 0 0 0 0 0 0 -3 2 -11 3 -11 3 -12 4 -13 6 -14 7 -16 6 -17 6 -18 7 -18 8 -20 8 -21 9 -21 9 -21 9 -22 11 -22 13 -24 12 -24 10 -22 11 -23 12 -26 12 -26 12 -26 14 -28 13 -29 13 -28 12 -28
1786806310.6418712,1737,128,-65 -16 11 0 -32 4 -31 4 -30 4 -28 3 -28 5 -28 6 -27 6 -25 6 -23 5 -23 5 -23 6 -22 7 -21 7 -21 6 -19 6 -18 5 -18 4 -16 3 -15 2 -13 1 -13 1 -14 1 -13 1 -13 2 -12 1 -3 0 0 0 0 0 0 0 0 0 0 0 0 0 0 0 0 0 0 0 -3 0 -12 2 -12 0 -13 -1 -14 -1 -13 -1 -13 0 -15 0 -16 -1 -18 -1 -19 -1 -20 0 -21 -1 -21 -2 -22 -2 -24 -1 -24 -3 -25 -2 -26 0 -28 0 -30 0 -31 0 -31 -1 -31 -1 -31 0 -31 2 -32 1
1786806310.677999,1738,128,-17 -15 30 0 20 -22 20 -23 19 -22 19 -23 19 -24 18 -20 16 -19 15 -21 14 -21 13 -20 13 -20 12 -19 12 -16 12 -14 12 -16 13 -15 11 -13 10 -11 9 -11 10 -10 11 -10 11 -8 11 -7 11 -7 11 -6 2 -2 0 0 0 0 0 0 0 0 0 0 0 0 0 0 0 0 0 0 1 -3 5 -11 4 -11 5 -11 7 -11 8 -12 8 -13 9 -13 9 -14 10 -16 12 -16 14 -14 15 -15 14 -17 13 -18 15 -20 16 -22 16 -21 18 -20 19 -19 17 -21 16 -21 18 -20 19 -22 19 -24 17 -24 15 -23
1786806310.714106,3704,128,28 -64 1 0 12 -19 12 -19 12 -19 12 -19 12 -19 11 -19 11 -19 10 -19 10 -19 10 -19 9 -19 9 -19 8 -19 9 -19 9 -19 8 -19 8 -18 8 -18 8 -18 8 -17 7 -16 7 -15 7 -15 8 -15 8 -14 2 -4 0 0 0 0 0 0 0 0 0 0 0 0 0 0 0 0 0 0 1 -5 8 -17 8 -17 9 -17 10 -17 11 -18 11 -18 11 -18 12 -18 13 -18 14 -18 14 -18 14 -18 15 -17 15 -17 15 -17 14 -18 14 -18 14 -18 14 -18 14 -19 14 -19 14 -19 13 -18 14 -18 14 -18 13 -18
1786806310.750189,3705,128,28 -64 1 0 21 -10 21 -10 21 -10 21 -11 20 -11 20 -11 20 -11 19 -12 19 -12 19 -12 18 -12 17 -12 17 -12 18 -13 18 -13 17 -12 17 -12 17 -12 17 -11 16 -11 15 -11 14 -10 14 -10 14 -9 14 -9 3 -2 0 0 0 0 0 0 0 0 0 0 0 0 0 0 0 0 0 0 4 -3 16 -11 17 -11 18 -10 19 -10 20 -10 20 -10 21 -10 21 -10 22 -9 22 -9 22 -9 23 -8 23 -8 23 -8 23 -8 23 -8 22 -9 23 -9 23 -9 23 -9 23 -9 23 -9 23 -9 22 -9 22 -9 22 -9
1786806310.7835379,831,128,82 32 5 0 -27 12 -27 9 -26 9 -23 12 -22 13 -22 12 -23 12 -22 11 -20 12 -19 11 -19 11 -18 12 -17 12 -17 11 -16 11 -15 9 -15 8 -15 9 -14 7 -13 6 -13 5 -13 5 -13 5 -13 3 -13 1 -3 0 0 0 0 0 0 0 0 0 0 0 0 0 0 0 0 0 0 0 -3 0 -10 3 -12 3 -13 3 -15 3 -18 3 -17 2 -16 2 -17 2 -18 5 -20 6 -21 4 -22 2 -24 3 -24 5 -23 6 -23 5 -24 4 -25 5 -25 6 -26 7 -27 8 -27 7 -26 7 -27 8 -28 9 -29 11
1786806310.8391318,1158,256,-125 48 8 0 3 22 4 21 4 21 4 20 4 20 4 20 5 20 6 20 6 20 7 19 7 19 7 19 7 18 6 18 6 18 6 18 7 17 6 17 6 17 6 16 5 15 5 14 5 14 5 14 4 14 1 3 0 0 0 0 0 0 0 0 0 0 0 0 0 0 0 0 0 0 1 4 5 17 5 17 4 18 3 19 3 20 3 20 3 21 2 21 2 22 1 22 2 22 2 22 1 22 1 22 1 22 1 22 2 22 2 22 1 22 1 22 2 22 2 22 3 22 3 21 2 21 2 21 0 11 1 44 -1 42 0 41 3 40 3 40 2 40 3 40 5 40 6 39 8 40 9 39 10 38 10 37 9 37 8 37 8 36 8 35 8 35 8 35 8 35 7 33 6 31 6 30 6 29 5 29 5 29 3 27 1 25 0 6 0 0 0 0 0 0 0 0 0 0 2 7 8 30 7 31 5 33 4 35 2 36 1 37 1 38 1 39 1 40 0 42 -2 42 -3 43 -3 43 -3 44 -4 44 -5 44 -5 44 -3 42 -2 42 -2 43 -3 43 -4 43 -3 43 -2 43 0 42 0 41 -1 39 0 36
1786806310.872424,3706,128,28 -64 1 0 -24 3 -24 4 -24 4 -24 5 -24 5 -23 5 -23 5 -23 6 -23 7 -23 7 -22 7 -22 8 -22 8 -22 8 -22 8 -21 8 -21 7 -21 7 -21 7 -20 7 -19 6 -18 6 -18 6 -18 5 -18 4 -5 1 0 0 0 0 0 0 0 0 0 0 0 0 0 0 0 0 0 0 -5 1 -20 5 -20 5 -21 4 -22 3 -23 3 -23 3 -24 2 -24 2 -25 1 -25 1 -25 1 -25 1 -25 0 -25 -1 -25 0 -25 0 -25 1 -25 1 -25 1 -25 1 -25 1 -25 2 -25 2 -25 2 -25 3 -24 2
1786806310.905795,1563,128,-113 -15 24 0 -5 -40 -5 -36 -4 -30 -2 -21 2 -13 6 -6 10 -1 15 4 19 9 23 11 26 11 27 12 27 12 27 13 23 13 19 11 17 8 14 6 8 5 4 6 1 5 -3 4 -6 4 -9 4 -10 4 -3 1 0 0 0 0 0 0 0 0 0 0 0 0 0 0 0 0 0 0 1 0 6 0 2 0 -5 0 -11 -1 -15 2 -20 7 -25 9 -27 11 -30 13 -33 15 -34 17 -32 18 -28 17 -23 16 -20 15 -16 11 -11 5 -5 -3 -1 -10 2 -17 4 -24 5 -32 5 -40 5 -45 4 -47 5 -49
1786806310.939054,1564,128,-113 -15 24 0 37 5 31 5 25 3 18 3 11 5 5 7 -1 11 -6 15 -9 17 -12 19 -13 21 -13 22 -12 23 -13 23 -13 22 -10 20 -8 17 -7 13 -6 8 -6 3 -6 0 -5 -3 -5 -6 -5 -9 -5 -11 -2 -3 0 0 0 0 0 0 0 0 0 0 0 0 0 0 0 0 0 0 -1 1 0 3 1 1 1 -3 1 -8 4 -13 4 -18 3 -21 2 -26 1 -30 0 -33 0 -34 -3 -33 -5 -29 -5 -26 -4 -23 -3 -19 -1 -11 2 -2 7 3 12 5 18 9 25 12 31 13 35 14 39 14 40 15
1786806310.9752162,3708,128,28 -64 1 0 16 -15 16 -15 16 -15 15 -15 15 -16 15 -16 14 -16 14 -16 13 -16 13 -16 12 -16 12 -16 12 -16 12 -16 12 -16 12 -16 12 -15 12 -15 11 -15 11 -14 10 -14 9 -13 9 -13 10 -12 10 -12 2 -3 0 0 0 0 0 0 0 0 0 0 0 0 0 0 0 0 0 0 2 -4 11 -15 12 -14 13 -14 14 -14 15 -14 15 -14 16 -14 16 -14 17 -14 17 -14 17 -14 17 -14 18 -13 18 -13 18 -13 18 -13 17 -14 17 -14 18 -14 18 -14 18 -14 18 -14 17 -14 17 -14 17 -14 18 -14
1786806311.016889,3710,128,28 -64 1 0 -21 -15 -21 -15 -21 -14 -20 -14 -20 -13 -20 -13 -21 -13 -21 -12 -22 -12 -22 -12 -21 -11 -21 -11 -21 -10 -21 -10 -20 -10 -20 -10 -20 -10 -20 -10 -19 -10 -19 -9 -17 -8 -17 -8 -16 -8 -16 -8 -16 -9 -4 -3 0 0 0 0 0 0 0 0 0 0 0 0 0 0 0 0 0 0 -5 -3 -19 -10 -19 -11 -18 -12 -19 -13 -19 -13 -20 -14 -20 -15 -20 -15 -20 -16 -20 -16 -20 -17 -20 -17 -19 -18 -19 -18 -19 -18 -19 -17 -20 -17 -20 -17 -20 -17 -20 -17 -20 -17 -20 -17 -21 -16 -20 -16 -20 -16 -20 -16
1786806311.05861,1744,128,61 -46 35 0 -25 -19 -24 -19 -25 -19 -23 -17 -20 -15 -20 -15 -20 -15 -20 -17 -21 -19 -22 -18 -23 -15 -21 -12 -19 -12 -19 -15 -19 -16 -17 -15 -14 -14 -13 -13 -13 -12 -12 -12 -10 -12 -8 -11 -8 -11 -7 -11 -7 -12 -2 -4 0 0 0 0 0 0 0 0 0 0 0 0 0 0 0 0 0 0 -3 -2 -11 -6 -12 -8 -10 -8 -10 -6 -13 -9 -15 -12 -15 -11 -15 -10 -15 -11 -15 -11 -17 -11 -17 -13 -18 -15 -19 -18 -19 -17 -19 -15 -21 -16 -21 -20 -21 -21 -22 -18 -23 -18 -25 -20 -26 -20 -27 -18 -28 -18 -29 -18
1786806311.091881,3712,128,28 -64 1 0 -13 21 -12 21 -12 20 -12 20 -12 20 -11 20 -10 20 -10 20 -10 21 -9 21 -8 20 -8 20 -8 20 -8 20 -8 20 -8 20 -8 19 -8 19 -8 18 -8 18 -7 17 -7 16 -7 16 -7 15 -8 15 -2 3 0 0 0 0 0 0 0 0 0 0 0 0 0 0 0 0 0 0 -2 4 -7 18 -8 18 -9 18 -10 19 -11 19 -11 20 -12 20 -12 20 -13 20 -14 20 -14 20 -14 20 -15 20 -15 19 -15 19 -14 19 -14 20 -14 20 -15 20 -15 20 -15 20 -14 21 -13 21 -14 20 -14 20 -14 20
1786806311.127962,3713,128,28 -64 1 0 -23 8 -23 8 -23 8 -22 9 -22 9 -21 9 -21 10 -21 10 -20 11 -20 11 -19 11 -19 11 -19 11 -19 11 -19 11 -18 11 -18 11 -18 10 -17 10 -17 10 -15 10 -15 9 -15 9 -15 9 -15 8 -4 2 0 0 0 0 0 0 0 0 0 0 0 0 0 0 0 0 0 0 -5 2 -19 8 -19 8 -20 7 -21 7 -22 7 -22 7 -23 6 -23 6 -24 6 -24 6 -24 6 -24 5 -24 5 -25 5 -25 5 -24 5 -24 5 -24 6 -25 6 -25 6 -24 7 -24 7 -24 7 -24 7 -24 7 -23 7
1786806311.161325,3714,128,28 -64 1 0 2 -25 2 -25 1 -25 1 -25 1 -25 0 -25 -1 -24 -1 -24 -2 -25 -2 -24 -3 -23 -3 -23 -3 -23 -3 -23 -3 -23 -3 -22 -3 -22 -3 -22 -3 -22 -3 -21 -3 -20 -3 -19 -2 -18 -2 -18 -1 -18 -1 -5 0 0 0 0 0 0 0 0 0 0 0 0 0 0 0 0 0 0 -1 -5 -1 -21 0 -21 0 -22 1 -22 2 -23 2 -24 2 -24 3 -24 4 -25 4 -25 4 -25 4 -25 5 -25 6 -26 5 -25 5 -25 4 -25 4 -26 5 -26 4 -26 4 -26 3 -26 3 -26 3 -25 3 -25 4 -24
1786806311.1863308,736,128,-117 -78 40 0 9 5 9 5 9 5 9 5 9 4 9 4 9 4 9 4 9 3 9 3 9 3 9 3 9 3 9 3 9 3 9 3 9 3 9 3 9 3 8 3 8 2 8 2 7 2 7 2 7 3 1 0 0 0 0 0 0 0 0 0 0 0 0 0 0 0 0 0 0 0 2 0 9 3 9 3 9 4 9 4 9 4 9 5 10 5 10 5 10 6 9 6 9 6 9 7 9 7 9 7 9 7 9 7 9 7 9 6 9 6 9 6 9 6 9 6 9 6 9 5 9 5 9 5
1786806311.219687,1748,128,-31 16 14 0 -25 16 -25 14 -22 13 -20 15 -21 16 -20 14 -18 13 -17 14 -16 14 -16 14 -16 14 -16 13 -16 12 -15 13 -13 12 -12 12 -13 12 -13 10 -12 8 -12 6 -10 5 -8 6 -8 5 -9 3 -9 4 -3 1 0 0 0 0 0 0 0 0 0 0 0 0 0 0 0 0 0 0 -3 1 -11 4 -11 4 -11 5 -11 6 -12 7 -13 6 -14 5 -15 6 -16 6 -17 8 -17 9 -18 7 -20 7 -20 7 -20 8 -21 8 -22 8 -23 9 -22 11 -23 13 -23 13 -23 12 -25 12 -27 14 -27 14 -27 11
1786806311.250206,1749,128,123 -77 55 0 6 30 5 29 6 26 7 25 6 26 6 26 6 25 5 24 5 24 6 23 7 23 7 21 5 19 2 19 0 20 1 19 3 19 4 17 3 14 0 13 -2 13 0 13 0 11 0 11 -1 10 -1 2 0 0 0 0 0 0 0 0 0 0 0 0 0 0 0 0 0 0 0 2 3 10 4 10 6 13 6 14 5 15 4 16 5 19 5 20 4 19 1 18 1 19 2 22 4 23 5 22 4 25 5 27 7 28 6 28 4 30 3 31 4 30 5 30 7 30 10 29 10 28 10 29
1786806311.2863429,1750,128,-113 -13 56 0 26 -20 24 -21 22 -20 22 -19 21 -18 19 -18 18 -19 17 -18 17 -17 17 -15 17 -14 17 -14 17 -14 16 -14 16 -12 16 -9 16 -8 14 -8 12 -7 13 -8 13 -7 13 -5 12 -5 11 -6 10 -6 2 -2 0 0 0 0 0 0 0 0 0 0 0 0 0 0 0 0 0 0 1 -3 6 -11 8 -10 9 -9 9 -9 7 -10 7 -12 10 -14 11 -15 12 -17 12 -18 14 -17 15 -16 16 -16 17 -18 18 -19 17 -19 17 -18 19 -17 20 -17 20 -20 20 -22 21 -20 22 -20 22 -21 24 -21 25 -23
1786806311.3447301,1160,256,-90 96 10 0 10 20 10 20 10 19 10 18 10 18 10 18 11 17 11 17 12 17 12 17 12 16 12 16 12 16 12 16 12 15 11 15 12 15 12 15 11 15 10 14 10 13 9 12 9 12 9 12 8 13 2 3 0 0 0 0 0 0 0 0 0 0 0 0 0 0 0 0 0 0 2 3 10 14 10 14 9 15 9 16 9 17 9 18 9 19 9 19 9 19 8 20 9 20 9 20 8 21 8 21 8 21 8 20 8 20 9 20 8 20 8 21 8 21 9 20 10 20 9 20 9 19 8 19 2 10 10 43 8 41 8 41 10 40 10 40 9 39 11 39 13 38 14 38 15 38 16 37 17 36 16 36 16 35 15 35 14 34 14 33 15 34 15 34 14 33 13 31 13 29 12 27 11 27 10 28 10 27 8 25 7 25 1 6 0 0 0 0 0 0 0 0 0 0 3 6 13 27 11 29 10 31 9 33 8 34 7 35 7 37 7 38 7 40 6 41 5 41 4 42 5 42 5 43 4 44 3 44 3 43 4 42 5 42 6 42 5 43 4 43 5 43 6 43 8 42 8 41 6 39 6 38
1786806311.411349,1161,256,126 -32 7 0 6 -22 6 -22 5 -22 5 -22 5 -22 4 -22 4 -21 3 -21 3 -22 2 -21 2 -21 2 -21 2 -20 2 -21 2 -20 2 -20 2 -20 2 -20 2 -19 2 -18 1 -18 1 -17 2 -16 2 -16 2 -16 0 -4 0 0 0 0 0 0 0 0 0 0 0 0 0 0 0 0 0 0 0 -5 2 -19 3 -19 3 -19 4 -19 5 -20 5 -20 5 -21 6 -21 6 -21 7 -22 7 -22 7 -21 8 -21 8 -21 8 -21 8 -21 7 -21 7 -22 8 -22 8 -22 7 -22 7 -22 6 -22 7 -22 7 -21 7 -21 2 -11 9 -43 10 -42 9 -41 8 -41 7 -42 7 -42 7 -42 5 -41 4 -40 3 -40 3 -39 3 -39 2 -39 1 -39 2 -39 2 -39 1 -38 1 -38 1 -37 1 -36 1 -36 1 -34 1 -32 2 -31 3 -32 3 -30 3 -28 5 -26 1 -7 0 0 0 0 0 0 0 0 0 0 0 -8 0 -31 2 -33 4 -35 5 -35 7 -36 9 -37 9 -38 9 -39 9 -39 10 -40 12 -41 14 -41 15 -40 15 -40 16 -41 17 -41 16 -41 14 -41 13 -40 13 -41 14 -42 14 -43 13 -44 12 -43 11 -41 11 -40 12 -39 12 -38
1786806311.450488,3716,128,28 -64 1 0 -23 -10 -23 -10 -23 -9 -23 -8 -23 -8 -23 -7 -23 -7 -23 -6 -23 -6 -23 -5 -23 -5 -23 -5 -23 -4 -23 -4 -23 -4 -22 -4 -22 -4 -22 -4 -22 -4 -21 -4 -19 -3 -19 -3 -18 -3 -18 -4 -18 -5 -5 -2 0 0 0 0 0 0 0 0 0 0 0 0 0 0 0 0 0 0 -5 -2 -20 -6 -20 -7 -20 -8 -20 -9 -21 -10 -22 -11 -22 -11 -22 -12 -22 -12 -22 -12 -22 -13 -21 -13 -21 -14 -21 -14 -21 -14 -22 -13 -22 -13 -22 -12 -22 -13 -22 -12 -22 -12 -22 -12 -23 -11 -23 -11 -22 -11 -22 -11
1786806311.4919198,3717,128,28 -64 1 0 -21 -14 -21 -14 -21 -13 -21 -12 -21 -12 -21 -11 -21 -11 -22 -10 -22 -10 -22 -10 -21 -9 -21 -9 -21 -9 -21 -8 -21 -8 -20 -8 -21 -8 -21 -9 -20 -8 -19 -8 -18 -7 -17 -6 -17 -7 -17 -7 -16 -8 -4 -2 0 0 0 0 0 0 0 0 0 0 0 0 0 0 0 0 0 0 -5 -3 -18 -9 -18 -10 -18 -11 -18 -12 -19 -12 -20 -13 -20 -14 -20 -14 -20 -15 -20 -15 -20 -15 -20 -16 -20 -17 -19 -17 -20 -17 -20 -16 -20 -15 -20 -16 -20 -16 -20 -16 -20 -15 -21 -15 -21 -15 -21 -15 -20 -14 -20 -14
1786806311.519714,1752,128,-113 -13 56 0 31 9 31 5 31 5 28 4 24 4 23 4 23 3 23 2 22 2 22 2 23 1 22 0 21 1 20 3 18 3 17 4 18 3 19 3 17 6 15 7 12 4 10 3 10 4 10 7 10 7 2 1 0 0 0 0 0 0 0 0 0 0 0 0 0 0 0 0 0 0 2 -1 10 -3 13 0 15 1 15 2 16 1 16 0 16 1 19 1 17 -1 17 -2 21 2 22 6 22 6 24 4 27 3 28 3 28 3 30 5 29 5 27 5 29 5 31 5 30 6 31 5 34 3 36 5
1786806311.550272,1753,128,123 -77 55 0 23 15 22 15 21 15 20 15 20 14 19 13 19 12 20 12 21 11 21 10 19 9 18 9 18 9 18 9 17 9 15 8 13 7 12 7 11 7 11 6 11 4 11 5 10 7 8 8 8 6 2 1 0 0 0 0 0 0 0 0 0 0 0 0 0 0 0 0 0 0 2 1 10 5 9 6 10 7 12 7 13 6 13 7 13 7 13 8 14 9 14 9 14 12 15 14 15 15 15 15 16 16 18 16 19 17 20 19 20 18 20 17 21 17 21 16 23 17 24 17 23 19 24 20
1786806311.5863879,3718,128,28 -64 1 0 15 -16 14 -16 14 -16 14 -16 13 -16 13 -17 13 -17 12 -17 12 -17 11 -17 10 -17 10 -17 10 -17 11 -17 10 -17 10 -17 10 -17 10 -16 10 -16 10 -15 9 -15 8 -14 8 -14 9 -14 9 -13 2 -4 0 0 0 0 0 0 0 0 0 0 0 0 0 0 0 0 0 0 2 -4 10 -15 11 -15 11 -15 12 -15 13 -15 13 -15 14 -15 14 -15 15 -15 16 -15 16 -16 16 -15 16 -15 16 -14 16 -15 16 -15 16 -15 16 -15 16 -15 16 -15 16 -15 16 -16 15 -16 15 -16 15 -16 14 -16
1786806311.6197371,3719,128,28 -64 1 0 -25 0 -25 0 -24 1 -24 1 -24 2 -24 2 -23 2 -24 3 -24 3 -23 3 -22 3 -22 4 -22 4 -23 4 -22 4 -21 4 -21 4 -21 3 -21 3 -20 3 -19 3 -18 3 -18 3 -18 2 -18 1 -5 0 0 0 0 0 0 0 0 0 0 0 0 0 0 0 0 0 0 0 -5 1 -20 4 -20 4 -21 3 -22 2 -22 2 -23 2 -24 1 -24 1 -25 0 -25 0 -25 0 -25 -1 -25 -2 -25 -2 -25 -2 -25 -1 -25 -1 -25 -1 -26 -1 -26 -1 -26 -1 -25 -1 -25 0 -25 0 -25 0 -24 1
1786806311.65307,3720,128,28 -64 1 0 4 -25 4 -24 4 -24 4 -24 3 -24 3 -24 2 -24 1 -24 1 -24 1 -24 0 -23 0 -23 0 -23 0 -23 0 -22 -1 -22 -1 -22 -1 -22 0 -21 0 -20 0 -19 -1 -18 0 -18 0 -18 1 -18 0 -5 0 0 0 0 0 0 0 0 0 0 0 0 0 0 0 0 0 0 0 -5 1 -21 2 -21 3 -21 4 -22 4 -23 4 -23 4 -24 5 -24 6 -24 7 -24 7 -24 7 -24 8 -24 8 -24 8 -24 7 -24 6 -24 6 -25 7 -25 7 -25 6 -25 6 -25 5 -25 5 -25 6 -24 6 -23
1786806311.683582,1756,128,-113 -13 56 0 2 28 2 28 3 29 3 28 2 26 1 26 1 25 4 23 7 25 6 26 4 24 4 22 4 21 2 21 2 20 1 19 0 17 1 17 1 16 -1 14 -1 15 0 14 0 11 0 10 0 10 0 2 0 0 0 0 0 0 0 0 0 0 0 0 0 0 0 0 0 0 0 3 2 12 2 14 -1 16 -3 14 -2 13 -2 16 -2 17 -1 18 -1 22 -4 26 -5 26 -2 24 -1 24 -1 24 -2 24 -3 26 -2 26 0 27 -1 27 -2 27 -1 28 0 29 0 30 0 31 0 31 1 30
1786806311.725263,3722,128,28 -64 1 0 -14 -21 -14 -21 -14 -20 -14 -20 -14 -20 -14 -19 -15 -19 -15 -19 -16 -18 -16 -18 -16 -18 -16 -17 -16 -17 -16 -17 -15 -16 -15 -16 -15 -16 -15 -16 -15 -16 -14 -15 -13 -14 -13 -13 -12 -13 -12 -14 -12 -14 -3 -4 0 0 0 0 0 0 0 0 0 0 0 0 0 0 0 0 0 0 -4 -4 -13 -15 -13 -16 -12 -17 -12 -18 -12 -19 -13 -20 -13 -20 -13 -21 -12 -21 -12 -21 -12 -22 -12 -22 -11 -23 -11 -23 -11 -23 -12 -22 -12 -22 -12 -22 -12 -22 -12 -22 -12 -22 -13 -22 -13 -22 -13 -21 -12 -21 -12 -21
1786806311.758566,3723,128,28 -64 1 0 -24 7 -24 7 -23 7 -23 8 -23 8 -22 8 -22 9 -21 9 -21 9 -21 9 -20 9 -20 10 -20 10 -20 10 -20 10 -19 10 -19 9 -19 9 -19 9 -18 9 -17 8 -16 8 -16 8 -16 7 -16 6 -4 1 0 0 0 0 0 0 0 0 0 0 0 0 0 0 0 0 0 0 -5 2 -18 9 -19 8 -19 8 -20 7 -21 7 -22 7 -22 7 -23 7 -24 6 -24 6 -24 6 -24 5 -25 5 -25 4 -25 5 -24 5 -24 6 -25 6 -25 6 -25 6 -25 6 -25 6 -24 6 -24 6 -24 7 -23 7
1786806311.8224971,1162,256,-125 48 8 0 12 18 12 18 13 17 12 17 13 16 13 16 14 15 14 15 14 15 14 15 14 14 14 14 14 14 14 14 14 13 13 13 14 13 14 13 13 13 12 12 12 11 11 10 11 10 10 11 10 11 2 2 0 0 0 0 0 0 0 0 0 0 0 0 0 0 0 0 0 0 2 3 11 13 11 13 11 14 11 15 11 16 11 17 11 17 11 18 11 18 10 19 10 19 10 19 10 20 10 20 10 20 10 19 11 19 11 19 11 19 11 19 11 19 12 19 12 19 12 18 11 18 11 18 5 9 19 38 17 38 18 37 20 36 19 36 18 36 19 35 21 34 22 34 23 34 24 33 24 32 24 31 23 31 23 30 22 29 22 28 23 28 23 29 22 28 21 26 19 25 18 23 17 23 16 24 16 23 14 22 12 21 2 5 0 0 0 0 0 0 0 0 0 0 4 5 19 23 18 25 17 27 17 29 16 31 15 32 15 34 16 35 17 37 17 38 15 38 14 39 14 39 14 40 14 41 13 42 14 41 14 40 16 39 16 39 14 40 14 40 15 40 17 39 18 38 16 38 14 36 15 34
1786806311.858551,3724,128,28 -64 1 0 11 -18 9 -14 7 -11 7 -6 7 -1 8 3 9 7 12 11 15 14 17 15 19 15 20 15 21 14 21 13 20 12 18 10 15 8 11 7 7 6 3 6 0 5 -4 6 -8 7 -11 8 -13 9 -4 2 0 0 0 0 0 0 0 0 0 0 0 0 0 0 0 0 0 0 -1 0 -5 2 -7 -1 -9 -5 -12 -9 -15 -12 -19 -14 -21 -16 -23 -17 -25 -17 -26 -17 -25 -15 -23 -13 -20 -12 -16 -10 -12 -8 -7 -7 -2 -7 3 -8 8 -10 12 -12 16 -15 18 -18 19 -20 20 -22 18 -24 16 -25
1786806311.919727,1163,256,-125 48 8 0 22 9 22 9 22 9 21 8 21 8 21 7 22 7 22 7 22 6 22 6 21 5 21 5 21 5 21 5 21 5 20 4 20 5 20 5 20 5 19 5 17 4 17 3 16 3 16 4 16 5 4 1 0 0 0 0 0 0 0 0 0 0 0 0 0 0 0 0 0 0 4 1 18 4 19 5 19 6 19 6 20 7 21 8 21 8 21 9 21 10 21 10 21 10 21 11 21 12 21 12 21 12 21 11 21 11 22 11 21 11 21 11 22 11 22 11 22 10 22 10 21 10 21 10 10 5 40 24 38 25 38 24 40 23 40 22 38 21 38 20 39 20 40 19 41 19 42 18 41 17 40 16 40 15 40 15 38 14 37 14 38 15 38 16 37 15 34 14 32 12 31 11 31 10 30 11 29 12 26 12 24 13 5 3 0 0 0 0 0 0 0 0 0 0 8 2 32 9 33 11 33 13 33 16 33 18 34 20 35 21 37 23 37 25 37 26 36 26 36 26 37 27 37 28 37 30 37 31 36 30 36 29 37 28 38 28 38 28 37 28 38 28 39 27 40 26 39 24 36 23 35 21
1786806312.000264,1163,256,-125 48 8 0 -10 -21 -10 -21 -11 -20 -11 -20 -11 -19 -11 -19 -12 -18 -12 -18 -13 -18 -13 -18 -13 -17 -13 -17 -13 -17 -13 -16 -13 -16 -13 -16 -13 -16 -13 -16 -12 -15 -12 -15 -11 -14 -11 -13 -10 -13 -10 -13 -10 -13 -3 -4 0 0 0 0 0 0 0 0 0 0 0 0 0 0 0 0 0 0 -3 -4 -9 -16 -9 -17 -9 -17 -8 -18 -8 -19 -9 -20 -9 -20 -8 -21 -8 -21 -7 -21 -7 -22 -7 -22 -7 -22 -7 -23 -7 -22 -8 -22 -8 -22 -8 -22 -8 -22 -8 -22 -8 -22 -9 -22 -9 -21 -9 -21 -8 -21 -8 -20 -5 -11 -18 -41 -18 -40 -19 -38 -20 -37 -19 -37 -18 -38 -19 -37 -21 -36 -22 -35 -23 -34 -24 -34 -25 -33 -24 -32 -24 -32 -23 -32 -22 -32 -22 -31 -22 -31 -22 -31 -21 -31 -20 -29 -19 -27 -18 -26 -18 -25 -17 -26 -16 -26 -14 -24 -12 -24 -3 -6 0 0 0 0 0 0 0 0 0 0 -5 -6 -19 -25 -18 -27 -18 -29 -17 -32 -16 -33 -15 -34 -15 -36 -16 -37 -16 -38 -16 -39 -14 -40 -14 -40 -15 -40 -15 -41 -14 -42 -14 -43 -13 -43 -13 -42 -14 -41 -15 -41 -14 -42 -13 -43 -14 -42 -15 -42 -17 -40 -17 -39 -16 -38 -16 -36
1786806312.036321,3726,128,28 -64 1 0 -23 -8 -18 -7 -13 -6 -8 -7 -3 -8 2 -10 6 -13 9 -17 10 -20 11 -23 11 -26 10 -27 9 -28 8 -28 6 -26 5 -23 4 -19 4 -16 5 -11 5 -6 5 -2 7 1 10 4 12 7 14 9 3 2 0 0 0 0 0 0 0 0 0 0 0 0 0 0 0 0 0 0 1 1 3 5 0 7 -5 10 -8 14 -11 18 -13 22 -14 26 -15 28 -14 29 -13 29 -12 29 -11 27 -9 23 -8 18 -7 13 -7 8 -8 3 -10 -3 -13 -8 -16 -13 -20 -16 -23 -17 -26 -17 -28 -17 -29 -16 -29 -14
1786806312.069747,3727,128,28 -64 1 0 -22 -12 -18 -10 -13 -9 -7 -8 -2 -8 4 -10 8 -12 11 -15 14 -18 15 -21 15 -23 15 -25 14 -26 12 -26 10 -25 9 -22 8 -19 7 -15 6 -11 6 -6 6 -2 7 2 9 6 11 9 12 11 3 2 0 0 0 0 0 0 0 0 0 0 0 0 0 0 0 0 0 0 0 1 2 5 -2 7 -7 9 -11 12 -15 15 -17 19 -20 22 -20 25 -20 26 -19 27 -18 26 -15 24 -13 21 -11 17 -9 12 -8 7 -8 1 -9 -5 -11 -10 -13 -15 -17 -19 -20 -21 -23 -22 -25 -22 -26 -21 -26 -20
1786806312.1057549,3728,128,28 -64 1 0 15 -19 13 -15 11 -11 9 -6 9 -1 9 4 11 9 13 12 16 15 19 17 21 17 23 16 24 16 24 14 23 13 21 10 17 9 13 8 9 7 4 7 0 7 -4 8 -7 10 -10 12 -12 13 -4 3 0 0 0 0 0 0 0 0 0 0 0 0 0 0 0 0 0 0 -2 0 -7 0 -7 -4 -8 -9 -9 -14 -11 -19 -14 -23 -16 -25 -18 -27 -20 -28 -21 -28 -21 -26 -20 -23 -17 -20 -14 -17 -10 -14 -6 -11 -1 -9 5 -9 11 -9 16 -11 20 -13 23 -15 25 -18 26 -20 25 -22 23 -22
1786806312.139078,3729,128,28 -64 1 0 20 12 16 10 11 8 5 7 0 7 -5 9 -9 11 -13 14 -15 17 -17 20 -17 22 -17 23 -16 24 -14 24 -12 23 -10 20 -9 17 -8 13 -8 9 -7 4 -7 -1 -8 -4 -9 -8 -11 -11 -12 -13 -4 -4 0 0 0 0 0 0 0 0 0 0 0 0 0 0 0 0 0 0 -1 -2 -3 -6 0 -7 5 -10 9 -13 13 -17 15 -20 17 -24 18 -26 18 -27 17 -28 16 -28 14 -26 12 -23 10 -18 8 -13 7 -8 7 -2 8 4 10 9 13 14 16 17 19 20 22 21 24 21 25 20 25 18
1786806312.175245,1764,128,96 0 6 0 -6 -35 -6 -34 -7 -31 -8 -30 -8 -30 -8 -30 -8 -28 -8 -26 -9 -25 -9 -25 -9 -25 -9 -24 -7 -23 -6 -22 -6 -20 -7 -18 -7 -17 -6 -17 -4 -18 -3 -18 -3 -16 -3 -14 -2 -13 -2 -12 -2 -11 -1 -3 0 0 0 0 0 0 0 0 0 0 0 0 0 0 0 0 0 0 -2 -3 -5 -10 -3 -12 -3 -13 -2 -13 -1 -13 0 -14 0 -16 -1 -18 -1 -19 -1 -21 -1 -23 -1 -25 -1 -24 -1 -24 -1 -27 -2 -28 -1 -29 -2 -30 -3 -29 -5 -29 -5 -30 -6 -32 -7 -32 -7 -32 -6 -34 -4 -36
1786806312.2085178,3732,128,28 -64 1 0 -22 -1 -18 -1 -14 -2 -9 -3 -5 -6 -2 -9 1 -13 2 -17 3 -20 4 -23 3 -25 2 -26 0 -27 -1 -27 -2 -25 -2 -22 -1 -19 0 -15 1 -11 3 -8 4 -4 7 -1 9 1 12 3 14 4 3 1 0 0 0 0 0 0 0 0 0 0 0 0 0 0 0 0 0 0 1 0 4 2 2 5 0 9 -2 14 -3 18 -3 23 -3 26 -3 28 -2 30 -1 30 0 28 0 26 0 23 0 18 -1 14 -2 9 -5 5 -9 1 -13 -3 -17 -5 -21 -7 -25 -7 -28 -7 -30 -6 -30 -4 -30 -2
1786806312.239098,740,128,-117 -78 40 0 10 -5 10 -5 10 -5 10 -5 9 -6 9 -6 9 -6 9 -6 8 -6 8 -6 8 -6 8 -7 8 -7 8 -7 8 -7 8 -7 7 -6 7 -6 7 -6 7 -6 6 -6 6 -6 6 -6 6 -5 6 -5 1 -2 0 0 0 0 0 0 0 0 0 0 0 0 0 0 0 0 0 0 2 -2 9 -5 9 -5 9 -5 10 -5 10 -5 11 -5 11 -4 11 -4 12 -4 12 -4 12 -3 12 -3 12 -3 12 -3 12 -3 11 -3 11 -3 11 -3 11 -4 11 -4 11 -4 11 -4 11 -4 10 -4 11 -4 11 -4
1786806312.2724779,3737,128,28 -64 1 0 -15 -18 -12 -15 -9 -12 -4 -10 2 -9 7 -8 11 -9 16 -11 19 -13 22 -15 23 -17 22 -19 22 -21 20 -21 18 -21 15 -19 13 -16 11 -12 9 -8 8 -3 6 1 6 5 7 9 8 13 8 15 2 3 0 0 0 0 0 0 0 0 0 0 0 0 0 0 0 0 0 0 0 1 -1 6 -5 6 -10 6 -16 6 -20 8 -24 10 -28 12 -29 13 -30 14 -30 14 -28 15 -25 14 -22 12 -18 9 -14 6 -11 2 -8 -3 -7 -8 -6 -14 -7 -19 -8 -23 -10 -26 -12 -29 -14 -30 -15 -30 -17 -29
1786806312.305852,3738,128,28 -64 1 0 -15 -20 -12 -17 -8 -14 -3 -11 2 -9 7 -8 11 -9 16 -10 19 -12 22 -14 23 -16 23 -18 22 -19 21 -20 18 -19 16 -17 13 -15 11 -12 9 -8 8 -3 6 1 6 5 7 9 8 12 8 14 2 3 0 0 0 0 0 0 0 0 0 0 0 0 0 0 0 0 0 0 0 1 -1 5 -5 5 -10 4 -15 4 -20 5 -24 7 -28 9 -30 10 -31 12 -31 12 -29 13 -27 13 -23 12 -19 9 -15 6 -11 3 -9 -2 -7 -8 -6 -14 -6 -19 -7 -24 -8 -27 -11 -29 -12 -30 -13 -30 -14 -30
1786806312.37803,1164,256,114 32 7 0 9 -23 7 -19 7 -14 7 -8 8 -3 10 1 13 5 16 8 20 10 23 11 25 10 27 9 28 8 27 7 25 5 23 4 19 3 15 3 11 4 6 5 3 6 -1 8 -4 11 -6 14 -7 15 -2 4 0 0 0 0 0 0 0 0 0 0 0 0 0 0 0 0 0 0 -2 0 -7 1 -8 -2 -10 -8 -13 -12 -16 -16 -19 -19 -22 -21 -24 -22 -26 -22 -27 -21 -27 -19 -25 -16 -22 -14 -18 -12 -13 -10 -8 -9 -2 -9 4 -10 9 -12 14 -15 17 -18 19 -21 19 -24 19 -26 19 -27 18 -27 8 -12 31 -45 26 -38 21 -30 18 -22 16 -13 16 -3 18 6 22 15 27 22 34 27 39 29 43 29 47 27 49 25 49 22 47 19 43 16 35 13 26 11 18 11 11 12 3 14 -4 16 -10 20 -16 24 -19 27 -20 28 -22 29 -6 7 0 0 0 0 0 0 0 0 0 0 -3 5 -11 18 -12 11 -13 2 -14 -7 -16 -17 -20 -26 -24 -35 -29 -42 -34 -47 -37 -50 -40 -51 -42 -50 -42 -45 -39 -40 -34 -34 -28 -29 -20 -24 -11 -19 -1 -17 10 -17 21 -19 31 -23 38 -27 43 -32 45 -37 45 -42 44 -45 39 -46
1786806312.408661,3739,128,28 -64 1 0 6 22 5 18 2 14 -1 10 -5 7 -10 5 -15 4 -19 4 -23 5 -26 6 -28 8 -29 10 -28 12 -27 12 -25 12 -21 12 -18 10 -15 7 -12 3 -9 -1 -7 -5 -6 -8 -5 -12 -5 -15 -5 -18 -2 -5 0 0 0 0 0 0 0 0 0 0 0 0 0 0 0 0 0 0 0 -2 3 -6 7 -4 12 -2 17 0 22 1 26 1 30 1 32 0 33 -1 33 -2 32 -3 29 -4 25 -4 20 -3 15 -1 10 1 6 5 2 9 0 14 -2 19 -3 24 -2 27 0 30 1 32 2 32 4 33
1786806312.444715,3740,128,28 -64 1 0 -13 -20 -11 -17 -7 -13 -3 -11 2 -8 7 -7 12 -7 17 -8 20 -9 23 -12 25 -14 25 -16 25 -17 23 -17 21 -17 19 -15 16 -13 13 -10 11 -6 8 -2 6 2 5 6 4 10 5 14 5 16 1 4 0 0 0 0 0 0 0 0 0 0 0 0 0 0 0 0 0 0 0 1 -1 5 -5 5 -11 5 -16 6 -21 7 -25 9 -29 10 -30 12 -31 13 -30 14 -29 15 -26 14 -22 13 -19 10 -14 7 -11 2 -8 -2 -6 -8 -5 -14 -5 -19 -5 -24 -7 -27 -9 -29 -11 -30 -13 -31 -14 -31
1786806312.480893,1772,128,123 -77 55 0 -30 -5 -30 -5 -30 -5 -29 -4 -26 -4 -24 -6 -24 -6 -24 -3 -26 0 -27 1 -24 -1 -21 -2 -21 -2 -21 -2 -19 -2 -18 -2 -18 -4 -17 -4 -15 -3 -15 -2 -16 -2 -14 -2 -13 -3 -12 -5 -11 -5 -3 -1 0 0 0 0 0 0 0 0 0 0 0 0 0 0 0 0 0 0 -3 -1 -14 -4 -17 -3 -18 -4 -18 -5 -18 -4 -18 -4 -19 -4 -21 -5 -21 -6 -21 -5 -23 -5 -23 -6 -24 -7 -24 -9 -25 -10 -27 -9 -27 -7 -27 -9 -28 -9 -28 -8 -28 -7 -31 -9 -33 -10 -33 -9 -33 -10 -35 -10
1786806312.516923,1773,128,-113 -13 56 0 10 -32 9 -30 9 -29 8 -29 7 -29 6 -27 7 -25 6 -25 5 -24 2 -23 1 -23 2 -23 3 -22 4 -22 4 -22 3 -20 2 -19 1 -19 2 -18 4 -14 4 -12 4 -11 4 -10 5 -9 5 -10 1 -3 0 0 0 0 0 0 0 0 0 0 0 0 0 0 0 0 0 0 1 -3 5 -10 7 -12 9 -14 9 -14 8 -13 8 -14 7 -16 8 -17 10 -17 10 -19 11 -22 11 -21 11 -20 12 -20 12 -22 13 -25 16 -28 16 -27 14 -26 13 -26 12 -27 12 -29 11 -31 12 -31 14 -31 16 -30
1786806312.5502741,1774,128,123 -77 55 0 -13 28 -15 28 -14 28 -12 26 -11 24 -11 23 -10 22 -9 23 -8 23 -7 21 -8 19 -10 19 -10 19 -10 18 -11 17 -11 15 -10 15 -10 13 -9 11 -8 11 -9 11 -8 10 -8 8 -9 6 -8 5 -2 1 0 0 0 0 0 0 0 0 0 0 0 0 0 0 0 0 0 0 0 3 0 12 -1 12 -2 13 -2 15 -3 15 -3 16 -3 19 -2 21 -4 21 -7 21 -8 20 -7 21 -8 23 -8 23 -10 22 -11 23 -12 25 -12 26 -12 25 -12 26 -12 27 -13 27 -15 28 -15 30 -12 31 -10 31
1786806312.622499,3950,256,126 -32 7 0 -21 -16 -17 -13 -12 -11 -7 -10 -2 -9 3 -10 8 -12 11 -15 14 -18 16 -21 16 -24 16 -25 15 -26 13 -26 11 -25 9 -22 8 -19 7 -16 7 -11 7 -6 7 -2 8 2 10 5 12 8 14 10 3 2 0 0 0 0 0 0 0 0 0 0 0 0 0 0 0 0 0 0 0 1 0 6 -4 6 -9 7 -14 9 -19 11 -22 14 -25 16 -27 18 -27 20 -26 21 -25 21 -22 21 -19 18 -16 15 -13 10 -11 6 -9 0 -9 -6 -9 -12 -11 -17 -13 -21 -16 -24 -19 -25 -21 -26 -22 -25 -23 -24 -11 -11 -39 -40 -34 -34 -27 -28 -21 -23 -10 -20 1 -18 11 -18 20 -20 27 -24 32 -30 36 -37 37 -41 37 -44 35 -46 33 -46 28 -43 24 -39 20 -34 18 -28 17 -19 15 -10 14 -1 14 6 17 12 21 19 23 23 24 24 24 26 6 6 0 0 0 0 0 0 0 0 0 0 4 3 17 11 10 11 1 11 -9 12 -20 12 -30 12 -38 15 -46 20 -52 24 -57 27 -58 30 -55 32 -52 34 -47 34 -41 30 -35 23 -28 16 -21 8 -17 -1 -16 -12 -15 -25 -16 -35 -19 -44 -24 -50 -29 -52 -33 -52 -35 -50 -37 -46
1786806312.655759,3741,128,28 -64 1 0 23 3 19 2 15 3 9 4 5 7 1 10 -2 14 -3 18 -4 22 -4 25 -3 27 -2 28 0 29 2 29 3 27 3 23 2 20 1 16 -1 12 -4 8 -6 4 -9 2 -12 0 -16 -1 -18 -2 -5 -1 0 0 0 0 0 0 0 0 0 0 0 0 0 0 0 0 0 0 -2 -2 -4 -6 -1 -8 3 -11 6 -15 9 -19 11 -24 13 -27 13 -30 12 -31 11 -31 10 -31 8 -28 7 -25 6 -20 5 -15 5 -11 7 -6 10 0 13 5 17 9 21 11 25 12 28 12 30 11 31 9 31 7
1786806312.689198,1776,128,100 64 6 0 -26 13 -25 13 -25 14 -25 14 -22 13 -19 13 -19 14 -18 14 -17 13 -17 14 -17 14 -17 11 -18 11 -20 11 -20 11 -18 10 -17 8 -16 7 -15 6 -13 6 -12 5 -12 4 -11 3 -10 3 -11 3 -3 0 0 0 0 0 0 0 0 0 0 0 0 0 0 0 0 0 0 0 -2 2 -7 7 -10 8 -12 8 -14 8 -14 7 -13 8 -13 10 -12 11 -13 12 -15 10 -16 10 -19 9 -21 10 -20 12 -19 12 -20 13 -21 14 -21 16 -21 16 -22 14 -24 13 -24 13 -23 14 -25 16 -25 17 -23 16
1786806312.722423,1777,128,100 64 6 0 -1 27 -1 27 -2 28 -1 27 0 26 1 24 1 23 1 23 1 22 2 20 2 19 1 20 1 20 1 18 2 18 2 19 1 17 0 16 0 15 -1 15 -2 14 -2 13 -3 12 -2 10 -2 10 -1 2 0 0 0 0 0 0 0 0 0 0 0 0 0 0 0 0 0 0 0 3 0 12 -1 11 -2 12 -2 12 -3 13 -2 15 -2 17 -2 17 -1 17 -2 18 -4 19 -5 19 -4 21 -3 22 -3 22 -4 23 -5 24 -6 25 -5 25 -4 27 -5 27 -4 25 -2 25 -1 27 -1 29 -2 30
1786806312.761409,1778,128,100 64 6 0 -17 -25 -18 -24 -17 -23 -17 -21 -16 -19 -15 -20 -16 -21 -17 -20 -17 -19 -14 -20 -13 -17 -15 -15 -15 -16 -13 -17 -12 -16 -11 -14 -10 -13 -9 -13 -9 -12 -9 -13 -9 -14 -8 -13 -6 -13 -6 -11 -6 -10 -2 -3 0 0 0 0 0 0 0 0 0 0 0 0 0 0 0 0 0 0 -2 -3 -8 -10 -8 -10 -9 -9 -9 -12 -9 -15 -9 -14 -11 -14 -11 -14 -10 -15 -9 -15 -9 -15 -11 -18 -13 -20 -13 -19 -12 -19 -11 -20 -11 -20 -12 -21 -12 -20 -11 -20 -12 -22 -15 -24 -17 -26 -16 -26 -14 -24 -14 -21
1786806312.7946858,3743,128,28 -64 1 0 31 -9 25 -7 19 -3 14 1 9 7 6 14 4 21 4 27 6 32 8 37 10 39 13 39 15 39 17 38 17 35 16 30 13 25 9 21 4 16 -1 11 -6 8 -11 6 -17 5 -22 5 -26 5 -7 1 0 0 0 0 0 0 0 0 0 0 0 0 0 0 0 0 0 0 -3 -2 -8 -7 -5 -12 -2 -19 1 -26 3 -33 3 -39 3 -44 2 -47 1 -48 -1 -48 -2 -45 -3 -41 -2 -35 -1 -28 1 -22 4 -15 8 -9 15 -3 22 1 28 3 35 4 40 3 43 1 45 -1 46 -3 45 -5
1786806312.828046,3745,128,28 -64 1 0 -12 21 -10 17 -9 13 -9 8 -10 3 -11 -2 -14 -6 -17 -9 -21 -11 -24 -12 -27 -11 -28 -10 -29 -9 -29 -8 -27 -6 -24 -5 -20 -4 -16 -4 -12 -5 -8 -6 -4 -8 0 -10 2 -13 4 -15 5 -17 1 -5 0 0 0 0 0 0 0 0 0 0 0 0 0 0 0 0 0 0 1 -1 6 -2 6 2 8 7 10 12 12 16 15 19 18 22 20 23 22 24 23 23 24 21 22 18 20 15 16 13 12 11 7 9 1 8 -4 9 -10 10 -15 13 -19 16 -21 19 -22 22 -22 24 -21 26 -20 26
1786806312.900259,1165,256,-125 48 8 0 -18 -15 -15 -12 -10 -10 -5 -9 0 -8 5 -9 10 -10 13 -13 16 -16 18 -18 19 -21 19 -22 18 -23 16 -24 14 -23 12 -20 10 -17 9 -13 8 -9 7 -4 6 1 6 4 8 8 9 12 10 14 2 3 0 0 0 0 0 0 0 0 0 0 0 0 0 0 0 0 0 0 0 1 1 5 -3 6 -8 8 -13 10 -17 13 -20 16 -23 19 -24 21 -24 22 -24 22 -22 22 -19 21 -17 18 -14 14 -11 10 -9 5 -8 0 -8 -6 -9 -12 -10 -17 -13 -21 -15 -23 -18 -25 -20 -25 -21 -25 -23 -24 -11 -8 -41 -31 -35 -27 -29 -22 -21 -18 -11 -16 0 -16 10 -17 18 -21 25 -26 31 -32 35 -37 36 -41 34 -44 32 -46 29 -47 24 -44 21 -40 18 -34 16 -27 14 -18 13 -8 12 1 13 8 15 15 19 21 22 25 22 27 21 28 5 7 0 0 0 0 0 0 0 0 0 0 5 1 18 5 12 7 3 9 -6 12 -15 16 -25 20 -32 26 -38 31 -43 37 -46 41 -46 43 -44 43 -41 42 -37 40 -32 35 -27 27 -21 19 -16 10 -14 0 -15 -10 -17 -22 -21 -32 -26 -39 -31 -43 -36 -45 -39 -45 -40 -42 -40 -38
1786806312.9308212,1780,128,100 64 6 0 24 16 24 18 23 18 22 16 22 15 22 15 23 14 23 13 22 11 20 11 20 12 19 12 19 12 18 11 17 11 16 11 16 11 15 10 14 9 12 8 12 6 11 6 9 7 8 7 7 5 1 1 0 0 0 0 0 0 0 0 0 0 0 0 0 0 0 0 0 0 3 1 12 6 12 4 11 3 10 5 11 8 14 10 14 9 14 11 16 11 18 10 17 11 17 14 17 15 18 15 17 16 16 16 16 19 21 21 23 20 22 19 22 19 23 18 25 18 24 19 21 18 19 18
1786806312.9670038,1781,128,100 64 6 0 -31 -5 -31 -6 -30 -6 -29 -5 -27 -4 -27 -4 -26 -4 -24 -4 -25 -2 -24 -2 -23 -2 -23 -1 -23 1 -22 1 -21 1 -19 -1 -18 -3 -18 -4 -18 -3 -17 -1 -16 -1 -13 -2 -12 -3 -12 -3 -11 -4 -3 -1 0 0 0 0 0 0 0 0 0 0 0 0 0 0 0 0 0 0 -3 -1 -10 -2 -12 -1 -13 -1 -12 -2 -14 -5 -17 -8 -17 -7 -18 -6 -18 -9 -18 -11 -21 -9 -22 -9 -21 -10 -23 -9 -26 -9 -27 -8 -27 -9 -28 -9 -29 -10 -28 -11 -28 -9 -30 -8 -31 -8 -32 -8 -31 -8 -31 -9
1786806312.9974809,1758,128,28 -64 1 0 5 27 5 27 7 25 7 22 7 20 6 19 5 19 3 20 3 20 3 22 3 24 4 26 3 27 3 29 4 30 6 30 6 30 5 29 6 27 4 26 2 24 1 21 -1 19 -5 17 -8 16 -3 4 0 0 0 0 0 0 0 0 0 0 0 0 0 0 0 0 0 0 1 3 5 15 6 15 5 16 3 17 3 18 3 18 2 17 3 16 3 14 1 12 -1 11 -2 12 -4 13 -6 12 -7 12 -7 14 -7 17 -8 19 -10 21 -9 23 -8 26 -7 28 -5 28 -1 28 1 27 2 26
1786806313.0697432,1166,256,-125 48 8 0 -22 -11 -18 -10 -13 -8 -8 -8 -2 -8 3 -10 7 -12 11 -15 13 -18 15 -21 16 -23 15 -25 14 -26 12 -26 10 -25 9 -22 8 -19 7 -15 6 -10 6 -6 6 -1 7 3 9 6 10 10 12 12 3 3 0 0 0 0 0 0 0 0 0 0 0 0 0 0 0 0 0 0 0 1 2 4 -1 6 -6 10 -10 13 -13 17 -15 21 -17 24 -18 26 -17 28 -17 28 -15 28 -14 26 -12 22 -10 18 -8 13 -8 7 -8 2 -9 -4 -12 -10 -14 -14 -18 -18 -21 -20 -24 -21 -26 -21 -27 -20 -28 -18 -13 -6 -50 -20 -43 -18 -35 -15 -27 -13 -16 -13 -4 -15 5 -19 12 -24 18 -31 22 -38 25 -45 25 -49 23 -52 21 -53 17 -53 14 -49 11 -43 10 -38 11 -31 11 -22 10 -12 11 -3 14 4 19 10 23 15 27 19 28 21 27 22 6 5 0 0 0 0 0 0 0 0 0 0 5 -1 20 -2 15 1 7 7 -1 13 -9 20 -17 27 -22 35 -26 42 -29 49 -30 53 -29 56 -27 57 -24 56 -21 52 -19 45 -16 36 -14 26 -13 16 -14 6 -18 -5 -23 -16 -29 -24 -35 -30 -43 -34 -49 -34 -53 -32 -52 -28 -51 -23
1786806313.1030662,3748,128,28 -64 1 0 -15 17 -12 13 -10 9 -9 5 -9 0 -10 -4 -11 -9 -13 -12 -16 -15 -19 -16 -21 -17 -22 -16 -23 -15 -24 -14 -22 -12 -20 -10 -17 -9 -13 -8 -9 -7 -5 -7 -2 -8 2 -8 5 -10 8 -12 10 -13 2 -4 0 0 0 0 0 0 0 0 0 0 0 0 0 0 0 0 0 0 1 -1 6 -1 6 3 7 7 8 12 11 16 13 19 15 22 17 23 19 24 20 23 19 22 18 19 16 16 13 14 9 11 5 9 0 7 -6 7 -11 8 -16 10 -20 12 -22 14 -24 17 -24 19 -23 20 -20 21
1786806313.141932,1783,128,88 -128 5 0 -33 -2 -33 -1 -31 0 -29 -1 -29 -1 -30 -2 -29 -2 -26 -1 -24 -1 -24 -3 -25 -3 -25 -3 -23 -1 -21 1 -21 0 -21 -2 -20 -3 -19 -5 -17 -4 -15 -2 -14 -3 -14 -4 -13 -4 -12 -4 -13 -3 -4 -1 0 0 0 0 0 0 0 0 0 0 0 0 0 0 0 0 0 0 -4 0 -14 2 -14 0 -16 -3 -15 -2 -16 -1 -18 -1 -20 -1 -20 -1 -18 -3 -21 -3 -23 -3 -22 -3 -22 -2 -24 -3 -26 -4 -26 -5 -25 -6 -28 -7 -29 -6 -29 -6 -29 -4 -31 -5 -32 -6 -33 -4 -33 -2 -33 -3
1786806313.1725419,3750,128,28 -64 1 0 9 21 7 17 4 13 0 10 -5 8 -9 6 -14 6 -18 7 -22 9 -25 11 -26 13 -26 15 -26 17 -24 17 -22 16 -19 15 -16 13 -14 10 -11 5 -9 1 -8 -3 -7 -7 -7 -11 -8 -15 -9 -17 -3 -5 0 0 0 0 0 0 0 0 0 0 0 0 0 0 0 0 0 0 0 -2 3 -6 6 -5 11 -3 16 -2 21 -1 25 -1 29 -2 31 -3 33 -4 32 -5 31 -6 28 -7 24 -6 20 -4 15 -2 11 0 7 4 4 9 2 14 1 19 1 24 2 28 4 30 6 31 7 32 9 31
1786806313.205879,3751,128,28 -64 1 0 -10 23 -9 18 -8 13 -8 8 -9 3 -11 -2 -14 -6 -18 -9 -21 -11 -25 -11 -27 -11 -29 -10 -29 -9 -29 -8 -27 -6 -24 -4 -20 -4 -16 -4 -11 -5 -7 -6 -3 -8 0 -10 3 -12 5 -15 7 -17 1 -5 0 0 0 0 0 0 0 0 0 0 0 0 0 0 0 0 0 0 1 -2 5 -3 6 0 9 5 12 9 15 13 19 16 22 18 25 19 27 19 27 18 27 16 25 14 22 12 18 10 13 8 8 7 2 7 -3 9 -9 11 -13 14 -17 18 -18 21 -19 24 -19 26 -18 27 -17 27
1786806313.2391949,3752,128,28 -64 1 0 36 -11 29 -9 23 -5 17 0 12 7 8 15 6 23 7 30 9 36 12 41 15 43 17 44 20 44 21 43 22 39 20 33 16 29 11 24 5 19 -1 14 -7 10 -13 8 -19 8 -25 8 -29 8 -8 2 0 0 0 0 0 0 0 0 0 0 0 0 0 0 0 0 0 0 -3 -2 -9 -7 -6 -12 -2 -20 1 -28 2 -36 3 -43 3 -49 2 -53 0 -55 -2 -55 -4 -52 -5 -47 -5 -41 -3 -33 -1 -26 3 -18 8 -11 16 -5 23 0 31 2 39 3 45 2 49 0 52 -4 53 -7 53 -9
1786806313.272558,3754,128,28 -64 1 0 19 -16 16 -13 13 -9 11 -4 9 0 9 6 9 11 11 15 13 18 16 20 18 21 20 21 21 20 22 19 21 17 19 14 16 12 12 10 8 9 3 8 -1 7 -5 8 -8 9 -12 11 -14 12 -4 3 0 0 0 0 0 0 0 0 0 0 0 0 0 0 0 0 0 0 -2 -1 -8 -2 -6 -6 -5 -12 -5 -17 -6 -22 -7 -26 -9 -30 -11 -32 -12 -32 -13 -32 -14 -30 -13 -27 -12 -24 -10 -20 -7 -16 -3 -12 2 -9 8 -7 13 -6 19 -7 23 -8 27 -10 29 -12 30 -14 30 -16 29 -16
1786806313.30312,744,128,-117 -78 40 0 10 -6 10 -6 10 -6 9 -6 9 -6 9 -7 9 -7 8 -7 8 -7 8 -7 8 -7 8 -7 8 -7 8 -7 8 -7 8 -7 8 -7 7 -7 7 -7 7 -6 7 -6 7 -6 6 -6 6 -6 6 -5 1 -2 0 0 0 0 0 0 0 0 0 0 0 0 0 0 0 0 0 0 2 -2 8 -6 8 -6 8 -6 9 -6 9 -6 9 -6 10 -6 10 -5 11 -5 11 -5 11 -5 11 -5 11 -5 11 -4 11 -4 11 -4 11 -5 11 -5 11 -5 11 -5 10 -5 10 -5 10 -5 10 -5 10 -6 10 -5
1786806313.339196,3757,128,28 -64 1 0 -23 -11 -19 -9 -14 -8 -8 -8 -3 -8 2 -10 6 -13 9 -17 11 -20 13 -23 13 -26 12 -27 11 -28 9 -28 7 -26 6 -23 5 -20 5 -16 6 -11 6 -6 6 -2 8 2 10 5 13 7 14 9 3 2 0 0 0 0 0 0 0 0 0 0 0 0 0 0 0 0 0 0 0 1 2 5 -1 7 -6 9 -10 13 -14 16 -16 20 -18 24 -19 26 -19 28 -18 28 -16 28 -14 26 -12 23 -10 18 -9 13 -8 8 -8 3 -9 -4 -12 -9 -15 -14 -18 -18 -22 -20 -25 -20 -27 -20 -28 -18 -28 -17
1786806313.3724868,3758,128,28 -64 1 0 21 9 17 7 12 6 7 7 2 8 -3 10 -6 13 -9 17 -10 20 -11 24 -10 26 -9 28 -8 28 -6 28 -4 26 -3 22 -3 19 -3 16 -4 11 -5 7 -7 3 -9 0 -12 -3 -15 -5 -17 -6 -5 -2 0 0 0 0 0 0 0 0 0 0 0 0 0 0 0 0 0 0 -1 -2 -2 -7 2 -8 7 -10 11 -13 15 -16 18 -19 20 -22 22 -24 21 -25 20 -26 19 -26 16 -24 14 -21 12 -17 10 -12 8 -8 8 -2 9 4 11 9 14 14 17 17 21 18 24 19 26 18 27 17 27 16
1786806313.405835,3759,128,28 -64 1 0 -24 5 -20 3 -15 1 -11 -2 -7 -6 -4 -10 -2 -15 -2 -20 -3 -24 -4 -27 -6 -29 -7 -29 -9 -30 -10 -29 -10 -27 -10 -23 -8 -20 -5 -16 -2 -13 1 -9 4 -6 8 -4 11 -3 15 -2 17 -2 4 -1 0 0 0 0 0 0 0 0 0 0 0 0 0 0 0 0 0 0 1 0 5 3 3 6 1 11 -1 17 -2 22 -2 26 -2 30 -1 32 0 34 1 33 2 31 3 28 2 24 1 20 0 15 -3 10 -6 6 -10 2 -15 -2 -20 -4 -25 -4 -29 -4 -31 -3 -33 -1 -33 1 -33 2
1786806313.475272,1167,256,-114 -27 88 0 21 12 17 10 12 8 7 8 1 9 -4 10 -7 13 -10 16 -13 19 -14 23 -14 25 -13 27 -11 27 -9 27 -8 26 -6 23 -6 20 -6 16 -6 11 -7 6 -8 2 -9 -2 -12 -5 -15 -7 -17 -8 -5 -2 0 0 0 0 0 0 0 0 0 0 0 0 0 0 0 0 0 0 -1 -2 -2 -7 2 -8 8 -9 12 -11 16 -14 20 -17 23 -20 24 -22 24 -23 23 -24 21 -24 19 -23 16 -20 14 -16 11 -12 9 -7 8 -2 9 4 10 10 12 15 15 18 19 21 21 22 23 22 24 21 25 20 12 6 47 26 40 23 32 19 25 16 13 15 2 17 -7 20 -14 25 -20 31 -24 39 -26 45 -25 50 -23 53 -21 54 -18 53 -14 49 -11 43 -9 38 -9 31 -10 22 -12 12 -14 4 -17 -3 -22 -8 -28 -12 -32 -15 -33 -17 -34 -18 -9 -5 0 0 0 0 0 0 0 0 0 0 -6 -3 -19 -10 -13 -10 -5 -12 5 -14 15 -17 25 -21 33 -26 39 -32 44 -37 46 -41 46 -44 44 -45 41 -45 37 -43 32 -38 27 -30 22 -22 17 -14 16 -4 18 8 20 20 24 29 30 36 37 40 42 41 45 39 45 36 44 32
1786806313.5392032,1167,256,-114 -27 88 0 21 -5 17 -4 13 -2 10 1 7 4 4 8 3 12 3 16 4 20 5 23 6 24 8 24 10 24 11 23 11 21 10 18 8 16 6 13 3 10 0 8 -4 5 -7 4 -11 4 -14 4 -16 4 -4 1 0 0 0 0 0 0 0 0 0 0 0 0 0 0 0 0 0 0 -2 -1 -5 -4 -3 -7 0 -11 2 -15 3 -20 3 -24 3 -27 3 -29 2 -31 0 -31 0 -30 -1 -27 -1 -23 -1 -19 0 -15 2 -11 5 -6 9 -3 13 0 17 2 22 2 25 2 28 1 29 0 29 -2 29 -3 11 -6 44 -19 38 -15 31 -11 25 -7 19 -1 13 7 10 15 9 24 10 31 12 38 15 42 19 44 22 44 25 43 27 42 27 38 25 32 21 28 15 24 8 19 2 15 -4 11 -11 11 -17 11 -24 12 -28 13 -31 13 -32 13 -9 3 0 0 0 0 0 0 0 0 0 0 -5 2 -18 7 -15 3 -11 -4 -7 -12 -3 -21 0 -29 1 -38 1 -46 1 -52 -1 -56 -3 -57 -6 -57 -7 -55 -7 -50 -7 -44 -6 -36 -3 -28 2 -21 8 -14 16 -8 25 -3 34 -1 42 0 49 -2 53 -6 55 -10 53 -13 49 -15
1786806313.611416,1167,256,-114 -27 88 0 -21 -13 -17 -11 -13 -9 -7 -8 -1 -9 4 -10 8 -13 11 -16 14 -19 15 -22 15 -24 14 -26 13 -27 11 -27 9 -25 8 -23 7 -20 7 -16 6 -11 6 -7 6 -2 8 2 10 5 12 8 14 10 3 2 0 0 0 0 0 0 0 0 0 0 0 0 0 0 0 0 0 0 0 1 1 6 -3 7 -8 9 -13 11 -17 14 -20 17 -23 20 -24 22 -24 24 -23 24 -21 24 -19 23 -17 20 -14 16 -11 11 -10 6 -9 1 -10 -6 -11 -11 -13 -16 -16 -20 -19 -22 -22 -24 -24 -24 -25 -22 -26 -21 -13 -8 -48 -28 -41 -24 -33 -20 -25 -17 -14 -16 -3 -17 6 -20 14 -24 20 -30 25 -37 28 -43 28 -48 27 -52 24 -53 20 -53 17 -49 14 -43 12 -38 12 -32 11 -23 11 -13 12 -4 15 3 19 9 24 14 28 17 30 19 29 20 7 5 0 0 0 0 0 0 0 0 0 0 5 1 19 7 12 8 3 11 -6 13 -16 16 -25 21 -33 26 -39 32 -43 39 -45 44 -45 45 -44 45 -41 46 -37 43 -32 38 -27 30 -22 21 -17 13 -16 3 -18 -9 -21 -21 -25 -30 -31 -37 -37 -41 -43 -43 -46 -42 -47 -39 -47 -34
1786806313.680879,2192,256,-114 -27 88 0 15 -15 12 -11 10 -8 8 -4 7 1 7 6 8 10 10 13 12 16 15 18 16 18 18 18 19 17 20 16 19 14 17 11 14 10 10 8 6 7 2 6 -1 6 -5 6 -8 7 -11 9 -13 10 -4 2 0 0 0 0 0 0 0 0 0 0 0 0 0 0 0 0 0 0 -2 0 -7 -2 -7 -5 -7 -10 -7 -15 -9 -19 -10 -22 -12 -25 -13 -26 -14 -27 -15 -27 -15 -25 -15 -22 -13 -19 -10 -16 -7 -13 -3 -10 2 -8 7 -7 12 -7 17 -8 20 -9 23 -11 25 -13 25 -15 24 -17 23 -17 10 -8 40 -28 33 -22 27 -16 22 -11 17 -5 14 4 12 13 14 21 17 29 20 33 24 37 28 39 32 38 34 37 35 35 34 31 31 25 25 21 18 18 11 15 4 13 -2 12 -9 12 -15 14 -21 17 -25 18 -27 18 -28 19 -7 4 0 0 0 0 0 0 0 0 0 0 -4 2 -16 10 -15 5 -13 -3 -10 -12 -8 -20 -7 -29 -8 -38 -9 -45 -11 -50 -14 -54 -17 -55 -19 -54 -19 -51 -18 -46 -16 -40 -12 -34 -7 -27 0 -20 7 -14 16 -11 25 -9 34 -10 41 -11 47 -13 50 -17 52 -21 50 -24 47 -26
1786806313.7503822,2192,256,-114 -27 88 0 15 -15 12 -12 10 -8 8 -4 8 0 8 5 9 9 11 13 13 16 15 17 17 18 19 17 20 16 20 15 19 13 18 11 15 9 11 8 7 7 3 7 -1 6 -4 6 -7 8 -10 9 -12 10 -3 2 0 0 0 0 0 0 0 0 0 0 0 0 0 0 0 0 0 0 -2 0 -7 -1 -7 -5 -7 -10 -8 -14 -9 -19 -10 -22 -12 -25 -13 -27 -15 -27 -16 -27 -16 -25 -15 -22 -13 -19 -10 -16 -7 -13 -3 -10 1 -8 6 -7 12 -7 16 -8 20 -10 23 -12 24 -14 25 -16 24 -17 23 -18 8 -10 33 -36 27 -30 22 -23 18 -16 16 -9 15 -1 16 8 19 17 23 23 28 28 32 30 36 31 39 30 41 29 42 26 40 22 36 18 29 15 21 14 14 12 7 12 1 12 -6 14 -12 17 -17 21 -20 23 -22 24 -22 24 -6 6 0 0 0 0 0 0 0 0 0 0 -4 3 -14 14 -14 8 -14 0 -13 -10 -13 -19 -14 -27 -17 -35 -21 -41 -24 -46 -28 -50 -30 -51 -32 -49 -32 -46 -29 -41 -25 -35 -19 -29 -13 -24 -5 -19 3 -16 13 -15 22 -15 30 -17 38 -20 42 -25 45 -29 46 -33 43 -36 38 -36
1786806313.786433,3761,128,28 -64 1 0 15 -18 12 -14 9 -10 8 -5 8 0 8 5 9 10 12 14 14 17 17 19 19 20 20 20 21 19 22 18 21 16 19 13 16 11 11 10 7 8 2 7 -2 6 -6 6 -10 7 -13 8 -16 9 -4 2 0 0 0 0 0 0 0 0 0 0 0 0 0 0 0 0 0 0 -2 0 -6 2 -8 -2 -10 -7 -13 -11 -16 -15 -19 -18 -22 -21 -24 -22 -25 -22 -26 -22 -26 -20 -24 -18 -21 -15 -17 -13 -12 -11 -7 -9 -1 -9 5 -9 10 -10 15 -12 19 -14 22 -17 24 -20 25 -23 23 -24 20 -25
1786806313.819776,1760,128,28 -64 1 0 28 -9 27 -11 26 -14 24 -16 23 -17 21 -17 20 -16 18 -15 18 -13 18 -12 20 -11 21 -10 24 -10 26 -11 27 -12 28 -12 29 -13 29 -13 28 -13 27 -12 25 -11 24 -10 22 -6 20 -2 19 1 4 0 0 0 0 0 0 0 0 0 0 0 0 0 0 0 0 0 0 0 2 -3 11 -10 11 -9 11 -8 11 -8 11 -6 10 -4 10 -4 10 -3 11 -2 11 0 12 1 13 2 14 3 16 2 17 1 18 1 18 0 18 -1 19 -2 20 -2 20 -3 19 -4 20 -4 21 -4 23 -5 23 -4
1786806313.853062,3765,128,28 -64 1 0 22 3 18 3 13 3 8 4 3 6 -1 10 -4 14 -6 18 -7 21 -7 25 -6 27 -5 28 -3 28 -2 28 0 26 0 22 0 19 -1 15 -3 11 -4 6 -6 2 -9 -1 -12 -3 -15 -5 -17 -6 -5 -2 0 0 0 0 0 0 0 0 0 0 0 0 0 0 0 0 0 0 -2 -2 -4 -6 -1 -8 2 -12 6 -16 8 -20 9 -24 10 -28 10 -30 10 -32 9 -32 7 -31 6 -28 5 -24 4 -20 4 -14 5 -9 7 -4 10 1 13 6 17 9 21 11 25 12 28 12 30 11 30 9 30 8
1786806313.922501,1169,256,-125 48 8 0 -24 0 -25 0 -24 1 -24 1 -24 2 -23 2 -23 2 -23 3 -24 4 -23 4 -22 4 -22 4 -22 5 -23 5 -22 5 -22 5 -22 4 -22 4 -21 4 -20 4 -19 4 -18 4 -18 4 -18 3 -18 2 -5 0 0 0 0 0 0 0 0 0 0 0 0 0 0 0 0 0 0 0 -5 0 -20 2 -21 1 -21 1 -22 0 -23 -1 -23 -1 -24 -2 -24 -2 -25 -2 -25 -3 -25 -3 -25 -3 -25 -4 -25 -4 -25 -4 -25 -4 -24 -3 -25 -3 -25 -3 -25 -3 -25 -2 -25 -2 -25 -2 -25 -1 -24 -1 -24 -1 -12 0 -47 2 -46 0 -46 0 -46 2 -46 4 -45 5 -44 6 -45 6 -45 6 -44 7 -44 8 -43 8 -42 9 -42 10 -42 11 -41 11 -40 11 -41 10 -42 9 -41 9 -38 9 -35 10 -33 9 -33 9 -34 8 -32 6 -30 5 -29 4 -8 0 0 0 0 0 0 0 0 0 0 0 -9 1 -33 7 -35 6 -38 4 -39 2 -40 0 -42 -1 -43 -2 -45 -3 -46 -5 -46 -5 -46 -5 -47 -6 -47 -7 -48 -8 -48 -9 -48 -9 -47 -8 -46 -7 -47 -6 -47 -5 -47 -5 -47 -5 -47 -4 -47 -4 -47 -3 -46 -2 -44 -2 -42 -2
1786806313.991999,1170,256,-125 48 8 0 -23 -9 -19 -8 -14 -7 -8 -8 -3 -9 1 -11 5 -14 8 -18 9 -22 10 -25 9 -27 8 -29 7 -29 5 -29 4 -27 3 -24 3 -21 3 -17 4 -12 5 -7 6 -3 8 0 11 2 14 4 16 6 4 1 0 0 0 0 0 0 0 0 0 0 0 0 0 0 0 0 0 0 0 1 2 6 -2 7 -7 10 -12 12 -16 16 -18 20 -20 23 -21 25 -21 26 -20 27 -18 27 -16 25 -14 22 -12 17 -10 12 -9 7 -9 2 -10 -4 -13 -10 -16 -14 -19 -17 -22 -19 -26 -20 -28 -19 -29 -18 -29 -17 -13 -7 -49 -27 -41 -24 -33 -20 -26 -17 -14 -16 -3 -17 6 -20 13 -25 19 -32 22 -39 24 -45 23 -50 22 -54 20 -55 17 -54 13 -50 10 -43 9 -38 10 -32 10 -23 11 -13 13 -4 16 1 20 6 26 11 29 14 31 16 31 16 7 4 0 0 0 0 0 0 0 0 0 0 5 2 18 9 12 10 3 12 -7 14 -17 16 -27 20 -34 25 -40 31 -46 36 -49 40 -49 44 -46 45 -42 45 -38 43 -33 37 -28 30 -23 21 -19 11 -17 1 -18 -10 -21 -22 -25 -31 -30 -38 -37 -43 -43 -43 -47 -41 -48 -37 -48 -34
1786806314.025585,3768,128,28 -64 1 0 -6 -24 -5 -20 -2 -15 1 -11 5 -8 10 -5 14 -4 18 -4 23 -5 26 -6 27 -8 28 -10 28 -11 27 -12 24 -12 21 -11 18 -10 15 -7 12 -4 9 0 6 4 4 7 4 11 4 15 3 17 0 4 0 0 0 0 0 0 0 0 0 0 0 0 0 0 0 0 0 0 -1 1 -5 5 -8 2 -13 0 -18 -2 -23 -4 -27 -4 -31 -4 -33 -4 -35 -3 -34 -2 -33 0 -30 1 -26 0 -21 0 -16 -1 -12 -3 -7 -6 -3 -10 0 -16 2 -20 3 -25 2 -28 1 -31 0 -33 -1 -34 -3 -34
1786806314.058659,3769,128,28 -64 1 0 3 -25 2 -20 3 -15 4 -10 7 -5 10 -1 13 3 17 5 21 7 24 7 27 7 28 5 29 4 28 3 26 2 23 1 20 0 15 1 11 2 6 4 3 6 -1 8 -4 10 -6 13 -7 15 -2 4 0 0 0 0 0 0 0 0 0 0 0 0 0 0 0 0 0 0 -1 1 -5 4 -8 1 -12 -3 -16 -6 -21 -8 -25 -9 -29 -9 -32 -9 -33 -9 -33 -9 -32 -7 -30 -5 -26 -5 -21 -4 -16 -4 -10 -5 -5 -7 0 -10 5 -14 8 -18 11 -22 12 -26 12 -29 11 -31 11 -32 10 -31
1786806314.091945,3770,128,28 -64 1 0 4 -23 3 -19 3 -14 4 -9 6 -4 9 0 12 4 16 7 20 8 24 9 26 9 28 8 28 6 28 5 26 4 23 3 20 2 16 2 11 3 6 4 2 6 -2 7 -5 10 -8 13 -9 14 -3 3 0 0 0 0 0 0 0 0 0 0 0 0 0 0 0 0 0 0 -1 1 -5 3 -8 0 -12 -3 -17 -6 -21 -8 -25 -9 -29 -10 -31 -10 -32 -10 -33 -9 -31 -8 -28 -6 -24 -5 -20 -5 -15 -5 -9 -5 -4 -7 1 -9 6 -13 9 -17 12 -21 13 -25 13 -28 13 -29 12 -30 11 -31
1786806314.125314,3771,128,28 -64 1 0 19 -13 16 -10 12 -7 9 -2 6 2 5 8 4 13 5 17 7 21 9 24 10 25 12 26 13 26 14 25 14 23 13 19 10 16 7 13 4 10 0 7 -3 5 -7 3 -11 3 -15 3 -18 3 -5 0 0 0 0 0 0 0 0 0 0 0 0 0 0 0 0 0 0 0 -2 0 -6 -1 -7 -5 -7 -10 -8 -15 -10 -20 -11 -24 -13 -27 -15 -29 -16 -29 -17 -29 -18 -27 -17 -24 -14 -20 -11 -17 -8 -13 -3 -10 2 -8 8 -6 14 -5 19 -5 23 -6 27 -8 29 -10 30 -12 29 -13 28 -14
1786806314.1586492,3772,128,28 -64 1 0 -13 19 -11 15 -10 10 -9 5 -9 0 -10 -5 -12 -9 -16 -12 -19 -14 -22 -15 -25 -15 -26 -14 -27 -13 -27 -12 -26 -10 -23 -8 -19 -7 -15 -6 -10 -6 -6 -7 -2 -8 2 -9 5 -11 8 -14 9 -15 2 -4 0 0 0 0 0 0 0 0 0 0 0 0 0 0 0 0 0 0 1 -1 7 -1 7 3 8 8 10 13 12 17 15 21 17 23 19 25 21 25 21 24 21 22 20 19 17 16 13 13 9 11 4 9 -1 8 -7 8 -12 9 -17 11 -20 14 -23 16 -24 19 -24 21 -23 22 -22 23
1786806314.192107,3773,128,28 -64 1 0 9 20 8 17 4 13 0 9 -4 7 -9 5 -14 4 -18 4 -23 6 -26 7 -27 9 -28 11 -28 12 -27 13 -24 13 -21 12 -18 10 -15 7 -12 3 -9 -1 -6 -4 -5 -8 -4 -12 -4 -16 -4 -18 -1 -5 0 0 0 0 0 0 0 0 0 0 0 0 0 0 0 0 0 0 0 -2 1 -7 5 -6 10 -5 16 -5 21 -6 25 -7 28 -8 31 -10 31 -10 31 -11 29 -12 26 -12 23 -10 19 -7 14 -5 10 -2 6 3 4 8 2 14 1 19 2 23 3 27 5 30 6 31 8 31 9 31
1786806314.2253451,3774,128,28 -64 1 0 -18 17 -15 13 -13 9 -11 4 -10 0 -11 -5 -12 -10 -15 -14 -18 -17 -21 -18 -23 -18 -25 -17 -26 -16 -27 -15 -25 -13 -23 -10 -19 -9 -15 -9 -10 -8 -6 -8 -2 -9 2 -10 6 -12 8 -14 10 -16 2 -4 0 0 0 0 0 0 0 0 0 0 0 0 0 0 0 0 0 0 1 0 6 1 5 5 5 10 5 15 5 20 7 24 8 28 10 30 12 31 13 31 14 29 13 25 12 22 9 18 6 14 2 11 -2 8 -8 7 -13 7 -19 8 -23 9 -26 11 -28 14 -28 16 -28 17 -27 18
1786806314.258684,3775,128,28 -64 1 0 20 10 16 8 12 7 6 6 1 7 -4 9 -8 11 -11 14 -14 18 -15 21 -15 23 -14 25 -13 26 -11 26 -9 24 -7 21 -7 18 -6 14 -6 9 -6 4 -7 0 -8 -3 -10 -7 -12 -9 -14 -11 -4 -3 0 0 0 0 0 0 0 0 0 0 0 0 0 0 0 0 0 0 -1 -2 -2 -6 1 -8 5 -10 9 -13 13 -17 15 -20 17 -23 18 -26 18 -27 17 -27 15 -27 13 -25 11 -22 10 -18 8 -13 7 -8 7 -2 8 3 10 9 13 14 16 17 20 19 23 20 25 19 25 18 25 17
1786806314.289254,748,128,-117 -78 40 0 10 -4 10 -4 10 -4 10 -4 10 -5 10 -5 9 -5 9 -5 9 -5 9 -5 9 -5 9 -6 9 -6 9 -6 9 -6 9 -5 8 -5 8 -5 8 -5 8 -5 8 -5 7 -5 7 -5 7 -4 7 -4 1 -1 0 0 0 0 0 0 0 0 0 0 0 0 0 0 0 0 0 0 2 -2 8 -5 9 -5 9 -5 9 -5 10 -4 10 -4 10 -4 11 -4 11 -4 11 -3 12 -3 12 -3 11 -3 11 -3 11 -3 11 -3 11 -3 11 -3 11 -3 11 -3 11 -3 11 -4 11 -4 11 -4 11 -3 11 -3
1786806314.3225868,3776,128,28 -64 1 0 21 10 17 9 12 8 7 7 1 8 -3 10 -7 13 -10 16 -12 20 -13 23 -13 25 -12 27 -10 28 -9 27 -7 25 -5 22 -5 19 -5 15 -5 11 -6 6 -7 2 -9 -2 -12 -5 -14 -7 -16 -8 -5 -3 0 0 0 0 0 0 0 0 0 0 0 0 0 0 0 0 0 0 -1 -2 -2 -7 2 -8 7 -9 12 -12 15 -15 19 -18 21 -21 22 -23 22 -25 21 -25 20 -25 18 -23 15 -21 13 -17 10 -12 8 -8 8 -2 9 4 10 9 13 14 16 17 19 19 22 21 24 21 25 20 25 18
1786806314.355893,3777,128,28 -64 1 0 -20 8 -16 6 -13 4 -9 1 -7 -3 -5 -8 -4 -12 -4 -17 -5 -21 -6 -23 -7 -25 -8 -25 -9 -25 -10 -25 -10 -23 -9 -20 -8 -17 -5 -14 -3 -11 0 -8 3 -5 6 -3 10 -2 13 -1 15 0 4 0 0 0 0 0 0 0 0 0 0 0 0 0 0 0 0 0 0 0 1 -1 4 -1 4 3 5 8 6 12 7 17 9 20 11 23 12 25 14 26 14 26 14 24 13 21 12 19 9 15 6 12 2 9 -3 6 -8 4 -13 3 -17 3 -22 3 -25 4 -28 6 -29 8 -29 10 -27 11
1786806314.3864708,3778,128,28 -64 1 0 23 -1 19 0 15 1 10 3 5 6 2 10 0 14 -1 19 -1 23 0 26 1 28 3 29 5 29 6 28 7 25 7 22 6 19 3 15 1 12 -2 8 -5 5 -8 3 -12 2 -16 2 -18 1 -5 0 0 0 0 0 0 0 0 0 0 0 0 0 0 0 0 0 0 0 -2 -2 -5 -6 -2 -8 2 -12 5 -16 8 -21 9 -25 10 -28 10 -31 9 -33 8 -33 6 -32 5 -29 4 -26 4 -21 4 -16 4 -11 6 -6 10 -1 14 3 18 6 23 8 27 8 30 8 31 6 32 5 31 4
1786806314.425328,1787,128,123 -77 55 0 -29 -9 -30 -8 -30 -9 -28 -9 -26 -6 -25 -5 -23 -5 -22 -5 -21 -3 -21 -4 -22 -5 -21 -5 -21 -5 -21 -4 -20 -4 -19 -3 -19 -3 -18 -5 -16 -6 -13 -5 -12 -5 -12 -6 -11 -5 -11 -5 -11 -7 -3 -2 0 0 0 0 0 0 0 0 0 0 0 0 0 0 0 0 0 0 -3 -1 -12 -3 -14 -5 -17 -6 -17 -6 -14 -6 -15 -6 -19 -6 -20 -6 -19 -6 -19 -7 -21 -9 -23 -10 -23 -10 -24 -11 -26 -10 -25 -8 -24 -9 -26 -9 -28 -9 -27 -9 -27 -9 -26 -9 -27 -8 -29 -8 -31 -9 -30 -12
1786806314.4531698,1788,128,-113 -13 56 0 28 -1 27 2 27 0 28 -3 28 -4 25 -3 25 -2 25 -1 25 -1 23 -1 22 0 22 -1 21 -2 20 -2 20 -1 19 -1 17 -1 16 0 15 1 14 0 13 0 12 1 11 2 9 1 9 0 2 0 0 0 0 0 0 0 0 0 0 0 0 0 0 0 0 0 0 0 2 -1 11 -1 13 -1 12 -2 11 -3 15 -1 17 0 17 2 17 5 19 5 23 5 24 3 26 3 27 5 26 7 26 6 26 3 24 2 26 3 28 5 29 5 29 3 28 2 29 3 31 3 30 1 31 1
1786806314.4837508,1761,128,28 -64 1 0 12 27 15 26 17 24 19 21 19 19 18 16 17 14 14 13 11 14 9 16 7 19 7 23 7 26 7 29 7 31 9 33 11 35 12 34 11 33 11 31 10 29 8 26 4 23 -2 20 -5 17 -2 4 0 0 0 0 0 0 0 0 0 0 0 0 0 0 0 0 0 0 2 2 11 9 12 9 12 9 11 8 8 8 8 9 6 9 4 9 2 9 0 10 -2 12 -4 13 -4 14 -3 16 -2 17 -1 18 0 18 1 17 3 16 3 16 3 17 3 18 2 20 2 21 4 22 5 22
1786806314.522634,1789,128,123 -77 55 0 -30 -10 -30 -8 -26 -7 -24 -8 -24 -8 -24 -6 -24 -5 -25 -6 -25 -5 -24 -4 -22 -4 -20 -6 -21 -8 -22 -8 -19 -7 -17 -7 -16 -8 -15 -8 -14 -7 -13 -6 -13 -6 -13 -6 -10 -6 -7 -8 -7 -9 -2 -3 0 0 0 0 0 0 0 0 0 0 0 0 0 0 0 0 0 0 -3 -1 -12 -2 -15 -1 -17 -2 -16 -3 -16 -1 -16 -1 -15 -2 -18 -2 -22 -3 -25 -3 -24 -6 -22 -7 -23 -5 -24 -5 -25 -7 -26 -7 -25 -7 -25 -9 -25 -9 -27 -9 -27 -8 -28 -7 -30 -7 -31 -9 -32 -9 -34 -9
1786806314.558721,1790,128,-113 -13 56 0 17 -22 18 -24 19 -24 19 -22 18 -20 16 -21 15 -21 15 -19 14 -18 13 -19 12 -18 13 -17 12 -18 11 -18 10 -16 10 -14 11 -13 12 -12 11 -10 10 -10 10 -9 10 -8 9 -7 9 -6 10 -5 2 -1 0 0 0 0 0 0 0 0 0 0 0 0 0 0 0 0 0 0 1 -3 6 -11 6 -12 6 -13 8 -13 8 -13 8 -13 10 -13 14 -14 14 -14 14 -14 16 -15 16 -15 16 -14 18 -14 20 -16 20 -17 19 -18 21 -19 23 -19 23 -19 22 -20 20 -21 19 -21 20 -20 22 -20 21 -22
1786806314.592075,1603,128,-113 -15 24 0 -26 -33 -23 -27 -19 -20 -12 -15 -5 -12 0 -10 6 -9 11 -8 16 -8 21 -10 24 -12 25 -13 25 -13 24 -13 22 -11 20 -10 17 -10 15 -7 11 -4 7 -1 5 1 4 3 2 5 0 7 0 8 0 2 0 0 0 0 0 0 0 0 0 0 0 0 0 0 0 0 0 0 1 0 3 1 1 1 -1 1 -4 2 -10 4 -15 7 -19 12 -21 17 -23 20 -24 21 -24 24 -23 27 -20 26 -17 22 -13 20 -11 17 -9 11 -7 3 -6 -4 -7 -11 -10 -19 -13 -26 -18 -32 -21 -36 -22 -39 -23 -42
1786806314.622624,1762,128,28 -64 1 0 27 17 29 15 29 13 27 10 25 7 22 4 19 4 16 6 14 8 13 13 11 17 11 21 13 25 15 28 16 30 17 31 20 30 22 29 21 28 19 27 17 24 13 20 9 19 4 17 -1 14 -1 3 0 0 0 0 0 0 0 0 0 0 0 0 0 0 0 0 0 0 3 -5 12 -18 12 -18 12 -16 11 -14 10 -12 9 -9 8 -5 6 -2 6 1 7 5 10 9 11 13 13 14 17 14 20 14 22 13 21 12 22 11 23 9 21 7 19 7 19 8 17 10 17 14 19 15 20 15
1786806314.6587079,3780,128,28 -64 1 0 18 -15 15 -12 12 -8 10 -4 8 1 8 6 9 11 10 15 13 18 16 20 18 21 20 21 21 21 22 20 21 17 19 14 16 12 12 10 7 9 3 8 -1 7 -5 7 -9 8 -13 10 -15 11 -4 2 0 0 0 0 0 0 0 0 0 0 0 0 0 0 0 0 0 0 -2 -1 -7 -2 -6 -6 -6 -11 -6 -17 -7 -22 -8 -26 -9 -29 -11 -32 -12 -32 -13 -32 -14 -30 -14 -26 -12 -23 -10 -19 -6 -15 -3 -12 2 -9 8 -7 13 -6 18 -6 23 -7 27 -9 28 -11 29 -14 29 -15 28 -16
1786806314.6920488,3782,128,28 -64 1 0 -17 -19 -14 -16 -10 -13 -5 -11 0 -10 5 -10 10 -11 14 -13 17 -16 19 -19 20 -21 19 -23 18 -24 16 -24 14 -23 12 -21 10 -18 9 -14 8 -10 8 -5 7 -1 8 3 9 7 12 9 13 11 3 3 0 0 0 0 0 0 0 0 0 0 0 0 0 0 0 0 0 0 0 1 -1 6 -5 5 -10 4 -16 4 -20 5 -25 7 -28 9 -30 10 -31 11 -31 13 -29 14 -27 14 -23 12 -20 10 -16 6 -12 3 -10 -2 -8 -7 -7 -14 -8 -19 -9 -23 -11 -27 -14 -28 -16 -29 -17 -29 -18 -28
1786806314.725379,3783,128,28 -64 1 0 4 23 3 19 1 14 -2 10 -6 6 -10 3 -14 1 -18 0 -23 0 -26 0 -28 2 -29 3 -29 5 -28 6 -26 6 -23 6 -20 5 -16 4 -12 1 -9 -2 -5 -5 -3 -8 -2 -12 -1 -15 0 -18 0 -5 0 0 0 0 0 0 0 0 0 0 0 0 0 0 0 0 0 0 0 -2 2 -5 5 -4 10 -2 15 -1 20 0 24 0 28 -1 31 -2 32 -2 32 -3 31 -5 28 -6 24 -5 20 -4 15 -2 10 0 6 3 2 8 -1 13 -3 18 -4 23 -4 27 -3 30 -2 31 -1 32 1 32
1786806314.755892,1791,128,123 -77 55 0 16 26 14 25 14 24 15 23 16 22 16 22 17 21 17 18 16 17 14 18 14 18 15 17 15 17 14 17 13 15 12 14 10 14 11 13 11 11 10 11 8 14 7 14 5 13 5 12 5 13 1 3 0 0 0 0 0 0 0 0 0 0 0 0 0 0 0 0 0 0 0 2 3 11 4 11 6 12 7 12 7 12 7 12 6 15 6 17 7 16 9 17 9 20 8 21 8 21 10 22 10 23 9 24 12 24 15 24 13 24 12 25 13 26 15 26 14 27 14 27 14 27 14 29
1786806314.789231,3784,128,28 -64 1 0 -23 8 -19 6 -15 3 -11 0 -8 -4 -7 -9 -6 -14 -7 -19 -8 -22 -9 -25 -11 -26 -13 -27 -15 -26 -16 -25 -16 -23 -15 -19 -12 -16 -9 -14 -6 -11 -2 -9 2 -7 6 -6 10 -6 13 -7 16 -7 4 -2 0 0 0 0 0 0 0 0 0 0 0 0 0 0 0 0 0 0 1 0 5 3 3 6 1 11 -1 16 -1 21 -1 25 0 28 1 31 2 32 3 32 4 31 4 28 4 24 2 20 1 15 -2 11 -5 7 -10 3 -15 1 -20 0 -25 0 -28 1 -31 2 -33 4 -33 5 -32 5
1786806314.819909,3785,128,28 -64 1 0 23 0 19 0 14 1 9 3 5 6 1 10 -1 14 -3 19 -3 23 -3 27 -2 29 0 30 2 30 3 30 4 27 4 24 3 20 1 16 -1 12 -3 7 -6 4 -9 1 -13 -1 -17 -3 -19 -3 -5 -1 0 0 0 0 0 0 0 0 0 0 0 0 0 0 0 0 0 0 -2 -1 -5 -5 -2 -8 2 -12 4 -17 6 -22 8 -26 8 -30 8 -33 8 -34 6 -34 5 -33 4 -30 4 -26 3 -21 3 -16 4 -11 6 -6 9 -1 14 4 18 7 23 9 26 9 29 9 31 8 32 7 32 6
1786806314.853177,3785,128,28 -64 1 0 -14 20 -12 16 -10 11 -9 6 -10 1 -11 -4 -13 -9 -16 -12 -20 -15 -24 -16 -26 -16 -28 -15 -29 -14 -29 -12 -27 -11 -24 -8 -20 -7 -16 -7 -11 -7 -6 -8 -2 -8 2 -10 6 -12 8 -15 10 -16 2 -5 0 0 0 0 0 0 0 0 0 0 0 0 0 0 0 0 0 0 1 -1 6 -1 7 3 8 8 10 13 12 18 15 22 17 24 20 26 21 26 22 25 22 23 21 20 18 17 14 14 10 12 5 9 -1 8 -7 8 -12 9 -17 11 -21 14 -23 17 -24 20 -25 22 -24 23 -23 24
1786806314.883772,3787,128,28 -64 1 0 23 -1 19 0 14 1 9 3 5 6 1 9 -1 14 -3 18 -3 22 -3 25 -2 28 -1 29 0 29 2 29 3 27 3 23 2 20 0 16 -2 12 -4 7 -6 4 -9 1 -12 -1 -16 -3 -18 -4 -5 -1 0 0 0 0 0 0 0 0 0 0 0 0 0 0 0 0 0 0 -2 -1 -5 -4 -3 -7 0 -12 3 -17 5 -21 6 -26 6 -29 6 -32 5 -33 4 -33 3 -32 2 -30 1 -25 1 -21 2 -16 3 -11 5 -6 9 -1 13 3 17 6 22 8 26 8 29 8 31 7 31 5 31 4
1786806314.955879,1171,256,-125 48 8 0 -10 21 -9 17 -8 12 -8 7 -9 2 -11 -3 -13 -7 -17 -10 -21 -12 -24 -13 -26 -12 -28 -11 -28 -10 -28 -9 -27 -8 -24 -6 -20 -5 -16 -5 -11 -5 -7 -6 -3 -7 1 -9 4 -12 6 -14 8 -16 2 -4 0 0 0 0 0 0 0 0 0 0 0 0 0 0 0 0 0 0 1 -1 5 -3 7 1 9 6 12 10 15 14 18 16 21 18 24 19 26 19 26 19 26 17 24 14 21 12 17 10 12 8 7 7 2 7 -4 9 -9 11 -14 14 -17 17 -19 20 -20 23 -20 25 -19 26 -18 27 -6 13 -22 49 -19 41 -16 32 -14 24 -14 15 -16 6 -21 -3 -26 -12 -33 -18 -40 -21 -45 -22 -49 -21 -51 -19 -53 -17 -54 -15 -51 -12 -46 -9 -38 -8 -29 -8 -21 -9 -13 -11 -6 -14 1 -18 7 -22 11 -27 14 -31 16 -32 17 -33 4 -9 0 0 0 0 0 0 0 0 0 0 0 -6 3 -21 6 -15 10 -7 13 2 17 11 23 19 30 26 36 31 42 34 47 36 51 37 53 35 51 31 47 26 40 23 33 19 24 16 15 14 4 14 -7 17 -17 22 -26 27 -32 34 -36 40 -37 45 -36 50 -33 51 -28 49
1786806314.986495,3788,128,28 -64 1 0 -23 7 -19 5 -15 3 -11 0 -7 -4 -5 -9 -3 -14 -3 -19 -4 -23 -5 -26 -6 -28 -8 -29 -9 -29 -10 -28 -11 -26 -10 -22 -9 -19 -6 -16 -3 -12 0 -9 3 -6 7 -4 11 -3 14 -2 17 -1 4 -1 0 0 0 0 0 0 0 0 0 0 0 0 0 0 0 0 0 0 1 0 6 1 4 5 3 11 3 16 3 20 4 25 5 28 6 31 7 32 8 31 9 29 8 26 7 23 5 19 3 14 0 10 -4 6 -10 3 -15 1 -20 0 -25 0 -29 1 -31 2 -33 4 -33 5 -32 7
1786806315.014297,3789,128,28 -64 1 0 20 6 17 5 12 4 7 5 2 6 -2 9 -5 11 -7 15 -9 18 -9 21 -9 23 -9 24 -7 25 -6 25 -4 23 -3 20 -3 17 -4 14 -4 10 -5 6 -6 2 -8 -1 -11 -4 -13 -6 -15 -7 -4 -2 0 0 0 0 0 0 0 0 0 0 0 0 0 0 0 0 0 0 -2 E (790004) task_wdt: Task watchdog got triggered. The following tasks/users did not reset the watchdog in time:
1786806315.122594,3791,128,28 -64 1 0 0 -23 0 -19 1 -14 3 -9 6 -5 9 -1 13 1 18 3 21 4 25 4 27 3 28 2 29 0 28 -1 26 -2 23 -2 19 -2 15 -1 11 1 7 3 3 5 0 7 -3 11 -5 14 -6 16 -2 4 0 0 0 0 0 0 0 0 0 0 0 0 0 0 0 0 0 0 -1 1 -5 4 -8 2 -12 -1 -17 -3 -22 -5 -26 -6 -29 -6 -32 -6 -33 -6 -33 -5 -32 -4 -29 -2 -25 -2 -20 -2 -15 -3 -10 -4 -5 -6 0 -10 4 -14 6 -18 8 -23 9 -26 8 -29 8 -31 7 -32 5 -32
1786806315.1531541,3791,128,28 -64 1 0 8 22 7 17 4 13 0 10 -5 7 -10 5 -15 5 -19 5 -23 6 -26 8 -28 10 -29 12 -28 13 -27 14 -24 14 -21 13 -19 11 -16 8 -13 4 -10 -1 -7 -4 -5 -8 -5 -12 -5 -16 -5 -18 -2 -5 0 0 0 0 0 0 0 0 0 0 0 0 0 0 0 0 0 0 0 -2 2 -7 6 -5 12 -4 17 -4 22 -4 27 -4 30 -5 33 -6 33 -7 33 -8 31 -9 28 -9 24 -8 20 -6 15 -3 10 0 7 4 4 9 1 14 0 20 0 24 2 28 3 31 5 32 7 33 8 32
1786806315.1864982,3791,128,28 -64 1 0 14 15 11 12 8 10 3 8 -1 7 -6 7 -10 8 -14 10 -17 12 -19 15 -19 17 -19 18 -18 19 -17 20 -15 19 -13 17 -11 14 -9 11 -8 7 -7 3 -7 -1 -7 -4 -8 -8 -9 -10 -10 -12 -3 -4 0 0 0 0 0 0 0 0 0 0 0 0 0 0 0 0 0 0 -1 -2 0 -7 3 -7 8 -7 12 -8 16 -10 20 -12 23 -14 24 -16 24 -17 24 -18 22 -18 20 -17 17 -15 14 -12 11 -8 8 -5 7 0 6 6 6 11 7 16 9 19 11 22 14 24 15 24 16 23 17 22
1786806315.219836,3791,128,28 -64 1 0 -24 -4 -20 -3 -15 -4 -10 -5 -5 -8 -1 -11 1 -15 3 -20 4 -24 4 -27 3 -30 2 -31 0 -31 -1 -31 -2 -29 -3 -25 -2 -22 -1 -18 1 -13 3 -9 5 -5 8 -2 12 0 15 2 18 3 4 1 0 0 0 0 0 0 0 0 0 0 0 0 0 0 0 0 0 0 1 1 3 5 0 8 -4 12 -8 16 -11 20 -13 24 -14 28 -14 30 -13 32 -12 31 -11 30 -9 28 -8 24 -7 19 -6 14 -7 9 -8 3 -11 -2 -15 -7 -19 -10 -23 -12 -27 -13 -30 -13 -32 -13 -33 -11 -34 -9
1786806315.286465,1172,256,-125 48 8 0 -23 8 -19 6 -15 3 -11 0 -7 -4 -5 -9 -4 -14 -4 -19 -5 -23 -6 -26 -8 -28 -10 -28 -11 -28 -12 -27 -13 -25 -11 -21 -9 -18 -7 -15 -4 -12 -1 -9 3 -6 6 -5 10 -4 14 -4 17 -4 4 -1 0 0 0 0 0 0 0 0 0 0 0 0 0 0 0 0 0 0 1 0 5 2 3 5 2 10 1 16 0 21 1 25 2 29 3 31 5 32 6 32 6 30 6 28 6 24 4 19 2 15 0 10 -4 6 -9 3 -15 0 -20 -1 -25 -1 -29 0 -31 1 -33 3 -33 5 -32 5 -7 2 -26 9 -22 7 -18 5 -14 3 -10 0 -7 -4 -5 -9 -4 -14 -4 -18 -5 -22 -6 -24 -7 -26 -9 -27 -11 -27 -12 -26 -13 -23 -12 -20 -9 -17 -6 -15 -3 -12 0 -9 2 -6 6 -5 9 -4 13 -4 15 -4 17 -4 17 -3 4 -1 0 0 0 0 0 0 0 0 0 0 2 -2 8 -7 7 -4 5 0 3 5 2 10 1 15 1 20 1 24 2 28 3 30 4 31 6 31 6 29 6 26 5 23 4 19 3 14 0 10 -4 6 -9 3 -14 0 -19 -1 -23 -1 -27 0 -30 2 -31 4 -30 6 -28 7
1786806315.317122,752,128,-117 -78 40 0 -5 10 -4 10 -4 10 -4 10 -4 10 -3 10 -3 10 -3 10 -3 10 -2 10 -2 10 -2 10 -2 10 -2 10 -2 10 -2 10 -2 9 -2 9 -2 9 -2 9 -2 8 -2 8 -2 8 -2 8 -2 7 -1 1 0 0 0 0 0 0 0 0 0 0 0 0 0 0 0 0 0 0 -1 2 -3 9 -4 9 -4 9 -4 9 -4 10 -5 10 -5 10 -5 11 -6 11 -6 11 -6 11 -6 10 -7 10 -7 10 -7 10 -6 10 -6 10 -6 10 -6 10 -6 10 -6 10 -5 10 -5 10 -5 10 -5 10 -5 10
1786806315.347729,1764,128,28 -64 1 0 14 31 16 27 15 23 13 19 9 16 6 15 3 15 0 16 -4 17 -7 19 -10 21 -11 24 -10 27 -9 29 -10 29 -11 29 -11 28 -12 27 -13 23 -14 19 -16 16 -18 13 -19 10 -20 5 -21 1 -6 0 0 0 0 0 0 0 0 0 0 0 0 0 0 0 0 0 0 0 0 -1 2 -2 3 0 5 3 6 8 7 12 11 14 16 16 19 17 20 18 22 16 22 14 21 13 21 10 19 8 16 6 13 5 10 5 5 6 1 8 -2 11 -4 15 -4 21 -4 27 -2 31 3 35 5 37
1786806315.383702,3815,128,28 -64 1 0 8 -22 6 -18 6 -13 6 -8 7 -3 9 2 12 6 15 9 18 11 21 12 23 12 25 11 26 10 26 9 24 8 22 6 18 5 14 4 9 4 5 5 1 6 -3 7 -6 9 -9 11 -10 13 -3 3 0 0 0 0 0 0 0 0 0 0 0 0 0 0 0 0 0 0 -1 1 -5 2 -7 -1 -11 -5 -14 -9 -18 -12 -21 -14 -25 -15 -27 -16 -29 -16 -29 -15 -29 -13 -27 -11 -23 -9 -18 -8 -14 -7 -9 -7 -3 -7 2 -9 7 -12 12 -15 15 -18 16 -22 17 -25 17 -27 17 -28 15 -28
1786806315.4170392,1767,128,28 -64 1 0 13 -32 10 -32 6 -30 5 -27 5 -23 5 -19 6 -17 8 -15 11 -14 14 -13 18 -12 21 -12 23 -14 25 -14 26 -14 26 -13 25 -11 25 -9 24 -7 22 -4 21 -2 19 1 17 5 15 10 14 13 3 3 0 0 0 0 0 0 0 0 0 0 0 0 0 0 0 0 0 0 -3 1 -10 8 -6 7 -2 4 1 0 2 -5 3 -9 4 -14 4 -18 3 -22 0 -25 -2 -28 -4 -28 -6 -28 -8 -25 -9 -22 -10 -19 -9 -15 -6 -12 -2 -10 2 -8 7 -7 10 -9 12 -13 15 -17 18 -21 19 -24
1786806315.4503648,1767,128,28 -64 1 0 23 -25 19 -26 16 -25 13 -24 12 -22 12 -18 11 -16 12 -14 14 -12 16 -9 18 -8 21 -7 24 -6 26 -5 27 -5 28 -5 28 -5 27 -4 26 -2 26 0 24 2 22 5 19 7 16 10 14 13 3 3 0 0 0 0 0 0 0 0 0 0 0 0 0 0 0 0 0 0 -1 0 -2 1 0 -1 2 -4 5 -7 8 -9 9 -12 10 -15 10 -18 10 -20 10 -22 9 -24 7 -25 3 -25 1 -24 0 -22 -1 -19 -1 -16 0 -12 2 -8 5 -5 10 -5 15 -5 19 -6 23 -9 26 -13 27 -17
1786806315.4837298,3816,128,28 -64 1 0 -34 20 -28 16 -23 11 -19 4 -15 -4 -14 -12 -14 -20 -17 -27 -20 -32 -24 -36 -28 -38 -31 -38 -33 -36 -34 -35 -34 -31 -31 -27 -26 -23 -19 -20 -12 -17 -6 -15 1 -14 8 -13 14 -15 20 -17 23 -18 6 -5 0 0 0 0 0 0 0 0 0 0 0 0 0 0 0 0 0 0 2 0 9 3 7 9 4 17 3 25 3 33 4 40 6 46 8 50 10 52 12 52 13 50 13 45 12 38 9 32 6 25 1 18 -6 13 -14 8 -23 6 -31 5 -38 6 -44 9 -48 12 -50 14 -51 17 -51 19
1786806315.5170088,3817,128,28 -64 1 0 4 23 3 19 2 14 -2 9 -6 6 -10 3 -15 1 -19 0 -24 0 -27 0 -30 2 -31 4 -31 5 -30 6 -28 6 -25 6 -21 5 -17 3 -13 0 -9 -3 -5 -6 -2 -9 0 -13 1 -16 2 -19 0 -5 0 0 0 0 0 0 0 0 0 0 0 0 0 0 0 0 0 0 0 -2 1 -6 5 -5 11 -4 16 -3 21 -3 26 -4 29 -4 32 -5 33 -6 33 -7 31 -7 28 -8 24 -7 20 -5 15 -3 10 0 6 3 2 8 -1 13 -2 19 -3 23 -2 28 -1 31 0 33 3 33 5 32
1786806315.553143,3817,128,28 -64 1 0 -33 -20 -27 -16 -20 -14 -12 -13 -3 -14 5 -17 11 -20 17 -26 21 -31 23 -36 23 -40 23 -43 20 -44 18 -44 15 -42 12 -37 11 -32 10 -26 10 -18 11 -10 11 -3 13 3 17 9 20 13 23 16 6 4 0 0 0 0 0 0 0 0 0 0 0 0 0 0 0 0 0 0 1 2 2 9 -4 11 -12 14 -20 18 -26 22 -31 27 -35 32 -37 36 -37 38 -36 39 -33 38 -30 36 -26 31 -22 25 -18 18 -15 10 -14 1 -15 -8 -17 -17 -20 -24 -25 -30 -30 -34 -34 -36 -38 -37 -41 -35 -44 -33
1786806315.586507,3817,128,28 -64 1 0 -24 -2 -20 -2 -15 -3 -10 -4 -6 -7 -2 -11 0 -15 2 -19 2 -23 2 -26 1 -29 0 -30 -2 -30 -3 -29 -5 -27 -5 -24 -4 -21 -2 -17 0 -13 3 -9 5 -6 8 -3 12 -1 15 0 17 1 4 0 0 0 0 0 0 0 0 0 0 0 0 0 0 0 0 0 0 0 1 1 3 4 0 7 -4 11 -7 15 -9 19 -11 23 -12 27 -12 29 -11 31 -10 31 -9 30 -7 27 -6 24 -5 19 -5 14 -6 9 -7 4 -10 -1 -14 -5 -18 -8 -22 -10 -26 -11 -29 -11 -31 -10 -31 -8 -31 -6
1786806315.619842,3817,128,28 -64 1 0 -2 -24 -2 -20 0 -15 3 -11 6 -7 10 -4 14 -2 18 -1 22 -1 26 -2 28 -3 28 -5 29 -6 28 -7 26 -8 23 -8 19 -7 16 -5 12 -2 8 1 5 4 3 8 1 11 1 15 0 17 0 4 0 0 0 0 0 0 0 0 0 0 0 0 0 0 0 0 0 0 -1 1 -5 3 -8 1 -12 -3 -16 -6 -21 -8 -25 -9 -29 -9 -31 -9 -32 -9 -32 -8 -31 -6 -29 -4 -25 -4 -21 -3 -16 -4 -11 -5 -6 -7 -1 -10 3 -14 5 -19 7 -23 7 -27 7 -29 6 -31 5 -32 3 -33
1786806315.6531782,3817,128,28 -64 1 0 -24 -5 -20 -4 -15 -4 -10 -5 -5 -8 -1 -11 2 -15 4 -20 5 -24 5 -27 4 -29 3 -31 1 -31 0 -31 -2 -29 -2 -25 -1 -22 0 -18 2 -14 4 -9 6 -5 8 -2 12 0 15 2 17 3 4 1 0 0 0 0 0 0 0 0 0 0 0 0 0 0 0 0 0 0 1 1 3 5 -1 7 -5 11 -9 14 -12 19 -14 23 -15 26 -15 29 -15 30 -14 31 -13 29 -11 27 -10 23 -8 19 -7 14 -7 8 -8 3 -11 -2 -14 -7 -18 -10 -22 -13 -25 -14 -29 -15 -31 -14 -32 -13 -34 -11
1786806315.689308,1797,128,112 0 7 0 -12 26 -12 25 -13 23 -12 23 -10 24 -7 22 -7 23 -7 23 -7 23 -6 21 -4 19 -3 20 -5 19 -6 18 -5 17 -4 17 -4 16 -4 16 -5 15 -5 14 -5 13 -5 12 -5 11 -5 9 -3 7 -1 1 0 0 0 0 0 0 0 0 0 0 0 0 0 0 0 0 0 0 -3 2 -9 10 -9 9 -11 9 -12 10 -12 11 -11 10 -10 11 -12 12 -13 11 -14 11 -13 13 -13 15 -14 15 -15 14 -14 15 -14 17 -15 19 -17 19 -17 20 -17 20 -17 21 -16 20 -16 21 -17 24 -17 25 -20 23
1786806315.722566,1798,128,112 0 7 0 7 -29 7 -30 5 -30 4 -29 4 -28 4 -27 6 -25 5 -24 5 -22 4 -20 3 -20 2 -20 3 -20 4 -18 4 -17 5 -17 3 -16 2 -14 2 -13 3 -14 5 -13 5 -11 4 -11 5 -10 4 -10 0 -3 0 0 0 0 0 0 0 0 0 0 0 0 0 0 0 0 0 0 1 -5 5 -15 4 -11 2 -12 1 -17 1 -17 2 -16 4 -17 5 -18 6 -17 7 -18 7 -19 6 -21 6 -22 6 -23 6 -23 6 -23 6 -22 8 -23 9 -26 9 -27 8 -28 7 -28 5 -26 7 -25 9 -26 8 -27
1786806315.753206,1799,128,112 0 7 0 -31 7 -28 7 -27 6 -27 6 -26 6 -24 6 -23 7 -24 7 -23 7 -22 7 -20 6 -19 6 -19 6 -18 5 -17 4 -15 3 -16 2 -16 1 -15 1 -16 2 -15 1 -14 1 -13 1 -13 0 -13 1 -4 0 0 0 0 0 0 0 0 0 0 0 0 0 0 0 0 0 0 0 -3 0 -11 2 -13 3 -15 2 -14 1 -12 1 -13 2 -15 2 -16 3 -18 4 -20 4 -20 5 -21 6 -22 5 -23 5 -24 4 -25 3 -25 3 -26 5 -25 5 -24 5 -25 7 -27 8 -29 7 -30 7 -30 7 -31 8
1786806315.786649,1800,128,100 64 6 0 28 -6 29 -6 29 -8 28 -9 27 -8 25 -7 24 -8 23 -8 22 -7 21 -7 20 -8 19 -8 20 -7 20 -7 18 -7 17 -7 16 -8 17 -8 17 -8 17 -7 14 -5 12 -4 11 -3 12 -3 12 -2 3 -1 0 0 0 0 0 0 0 0 0 0 0 0 0 0 0 0 0 0 3 -2 12 -4 13 -3 13 -2 15 0 16 1 16 2 18 1 18 1 19 0 20 0 19 2 20 3 21 1 23 0 23 -1 24 -2 25 -2 26 -2 27 -2 27 -3 28 -4 29 -4 28 -3 28 -4 29 -5 30 -2
1786806315.81987,3830,128,28 -64 1 0 12 -20 9 -16 8 -11 8 -6 8 -1 9 4 11 8 14 12 17 14 20 16 22 16 24 15 25 14 25 13 24 11 22 9 18 8 13 7 9 6 4 6 0 7 -4 7 -8 9 -11 11 -13 13 -4 3 0 0 0 0 0 0 0 0 0 0 0 0 0 0 0 0 0 0 -2 0 -7 1 -8 -3 -10 -8 -12 -12 -15 -16 -18 -19 -21 -21 -24 -23 -25 -23 -25 -23 -25 -21 -23 -18 -20 -16 -16 -13 -11 -11 -6 -9 -1 -8 5 -9 10 -10 15 -13 18 -15 21 -18 22 -21 22 -23 22 -24 21 -26
1786806315.8920588,1173,256,-125 48 8 0 -16 -20 -13 -17 -9 -13 -4 -11 1 -10 6 -9 11 -10 15 -12 18 -15 20 -17 21 -20 21 -21 20 -23 18 -23 16 -22 13 -20 12 -17 10 -14 9 -9 8 -4 7 0 7 4 9 7 11 10 12 12 3 3 0 0 0 0 0 0 0 0 0 0 0 0 0 0 0 0 0 0 -1 1 -2 6 -6 5 -11 5 -16 5 -21 5 -26 7 -29 9 -31 10 -32 11 -31 13 -30 14 -27 14 -24 12 -20 9 -16 6 -12 2 -9 -2 -8 -8 -7 -14 -7 -20 -8 -24 -10 -27 -13 -29 -15 -30 -16 -30 -17 -29 -8 -13 -30 -47 -26 -40 -21 -32 -15 -25 -6 -21 5 -19 14 -17 23 -18 30 -21 37 -26 41 -31 43 -36 43 -39 41 -41 38 -41 33 -39 28 -35 24 -31 20 -26 18 -17 16 -7 14 2 14 8 16 15 19 22 21 25 22 27 21 28 5 7 0 0 0 0 0 0 0 0 0 0 3 4 11 17 5 15 -3 12 -12 9 -22 6 -32 5 -41 6 -50 8 -57 11 -61 13 -63 16 -62 17 -59 19 -54 20 -48 18 -40 14 -31 9 -23 3 -16 -5 -12 -16 -10 -27 -9 -38 -11 -47 -15 -53 -19 -57 -23 -58 -25 -56 -26 -52
1786806315.953218,1173,256,-125 48 8 0 9 21 7 18 4 14 0 10 -5 7 -9 5 -14 4 -18 5 -22 6 -25 8 -27 11 -28 12 -27 14 -26 14 -23 14 -20 13 -17 11 -14 8 -12 5 -9 0 -7 -4 -6 -7 -6 -11 -6 -15 -7 -17 -2 -5 0 0 0 0 0 0 0 0 0 0 0 0 0 0 0 0 0 0 0 -2 2 -7 6 -5 11 -3 16 -3 21 -3 25 -3 29 -4 31 -5 32 -6 32 -7 30 -8 27 -9 24 -8 20 -6 15 -4 11 0 7 4 4 9 2 15 1 20 1 24 2 28 4 30 5 31 6 32 8 31 1 7 5 26 4 22 3 17 2 13 -2 9 -6 6 -10 4 -14 2 -18 2 -22 3 -25 5 -27 6 -28 8 -28 9 -27 9 -24 10 -21 9 -18 8 -15 6 -11 3 -8 -1 -6 -4 -5 -8 -4 -11 -4 -15 -4 -17 -4 -18 -3 -19 -1 -5 0 0 0 0 0 0 0 0 0 0 -1 -3 -4 -11 -1 -9 3 -6 7 -4 11 -1 15 1 20 2 24 3 27 3 30 2 31 2 31 1 30 0 27 -2 24 -2 19 -1 14 0 9 2 5 5 2 9 -1 14 -3 19 -4 23 -4 26 -2 29 -1 30 0 29 2 27
1786806315.989312,3875,128,28 -64 1 0 18 14 15 12 10 9 4 8 -1 8 -6 8 -10 10 -14 13 -17 15 -18 18 -19 21 -19 23 -18 24 -16 23 -14 22 -11 20 -10 17 -9 13 -8 8 -7 3 -7 -1 -8 -4 -9 -8 -11 -11 -13 -13 -4 -4 0 0 0 0 0 0 0 0 0 0 0 0 0 0 0 0 0 0 -1 -2 -1 -7 2 -8 7 -9 12 -11 16 -14 20 -17 22 -19 24 -21 24 -22 23 -23 21 -23 19 -22 16 -19 13 -16 11 -11 9 -6 8 -1 8 5 9 12 10 17 13 20 16 23 18 23 20 24 21 23 22 22
1786806316.019828,3876,128,28 -64 1 0 22 -4 18 -3 14 -1 10 1 6 5 3 9 1 14 0 18 0 22 1 25 3 27 4 28 6 28 7 28 8 26 8 22 6 19 4 15 1 12 -2 8 -5 5 -9 2 -12 1 -16 0 -18 0 -5 0 0 0 0 0 0 0 0 0 0 0 0 0 0 0 0 0 0 0 -2 -1 -5 -4 -3 -8 -1 -12 1 -17 3 -22 3 -27 3 -30 3 -33 2 -34 1 -34 0 -32 -1 -29 -1 -25 0 -21 1 -16 2 -11 5 -6 9 -2 14 2 19 4 23 5 27 5 30 4 32 3 32 1 32 0
1786806316.0531719,3876,128,28 -64 1 0 18 -15 15 -12 12 -9 10 -4 9 1 8 6 9 11 11 15 14 18 16 20 19 20 21 20 22 19 23 18 22 16 20 13 16 11 12 10 8 9 4 8 -1 7 -5 8 -8 9 -12 11 -14 12 -4 3 0 0 0 0 0 0 0 0 0 0 0 0 0 0 0 0 0 0 -2 -1 -7 -3 -6 -7 -5 -12 -5 -17 -6 -22 -7 -27 -8 -30 -9 -32 -11 -33 -12 -32 -13 -30 -12 -27 -11 -23 -8 -19 -5 -15 -2 -12 2 -9 8 -7 13 -6 19 -6 23 -7 26 -9 28 -11 29 -13 29 -15 28 -16
1786806316.0864909,3876,128,28 -64 1 0 9 -22 8 -18 7 -13 7 -8 8 -3 10 1 13 5 17 8 21 9 24 10 26 9 28 8 28 7 28 6 27 5 24 3 20 3 16 3 11 4 7 6 3 7 -1 9 -4 12 -6 15 -7 16 -2 4 0 0 0 0 0 0 0 0 0 0 0 0 0 0 0 0 0 0 -2 0 -7 1 -9 -3 -10 -8 -13 -13 -16 -17 -19 -20 -21 -23 -23 -24 -25 -24 -26 -23 -26 -21 -24 -18 -21 -16 -17 -13 -12 -11 -7 -10 -2 -9 4 -10 9 -12 14 -14 18 -17 19 -20 20 -24 19 -26 18 -27 16 -27
1786806316.119916,3876,128,28 -64 1 0 -25 4 -20 3 -16 1 -12 -2 -8 -6 -6 -11 -4 -16 -4 -20 -5 -24 -6 -27 -8 -29 -10 -30 -12 -30 -14 -29 -14 -26 -13 -23 -10 -20 -8 -17 -4 -13 0 -10 3 -8 7 -6 11 -6 15 -6 18 -6 4 -2 0 0 0 0 0 0 0 0 0 0 0 0 0 0 0 0 0 0 1 1 4 5 1 8 -3 12 -6 17 -8 22 -9 26 -10 30 -9 33 -8 34 -7 34 -5 32 -4 30 -4 26 -4 21 -4 16 -5 10 -8 5 -12 1 -16 -3 -21 -5 -25 -6 -29 -6 -32 -5 -34 -4 -35 -2 -36 -1
1786806316.155935,3876,128,28 -64 1 0 20 -15 16 -12 13 -8 11 -3 9 2 8 7 9 12 11 16 13 20 16 22 18 22 20 22 22 22 23 20 22 18 20 15 16 13 12 11 8 10 3 9 -1 8 -5 8 -9 9 -13 11 -15 12 -4 3 0 0 0 0 0 0 0 0 0 0 0 0 0 0 0 0 0 0 -2 -1 -7 -4 -6 -7 -4 -13 -4 -18 -4 -23 -5 -28 -6 -31 -7 -34 -8 -35 -10 -34 -11 -32 -11 -29 -9 -25 -7 -21 -4 -16 -1 -12 4 -9 9 -6 15 -5 20 -5 24 -6 28 -8 30 -10 31 -12 31 -13 31 -15
1786806316.1893592,3876,128,28 -64 1 0 -19 -17 -16 -15 -11 -12 -6 -10 0 -10 5 -10 9 -12 13 -14 16 -17 17 -20 18 -23 17 -25 16 -26 15 -26 12 -24 10 -22 9 -19 8 -15 8 -10 7 -6 7 -2 8 2 10 6 12 8 14 10 3 2 0 0 0 0 0 0 0 0 0 0 0 0 0 0 0 0 0 0 0 1 -1 6 -5 6 -11 6 -16 7 -21 9 -25 11 -28 13 -29 15 -30 16 -29 17 -27 18 -24 17 -21 15 -18 12 -14 8 -11 4 -9 -1 -9 -7 -9 -13 -10 -19 -12 -23 -14 -26 -17 -27 -20 -28 -20 -27 -21 -26
1786806316.225479,3877,128,28 -64 1 0 -22 -12 -18 -10 -13 -9 -8 -8 -3 -9 2 -12 5 -15 8 -18 10 -22 11 -25 11 -27 9 -28 8 -29 6 -29 4 -27 3 -24 3 -20 3 -17 4 -12 5 -8 6 -4 9 0 11 2 14 4 16 5 4 1 0 0 0 0 0 0 0 0 0 0 0 0 0 0 0 0 0 0 0 1 1 6 -3 7 -9 8 -13 10 -18 13 -21 16 -23 19 -25 21 -25 23 -24 23 -22 23 -20 22 -17 19 -14 16 -12 11 -10 6 -10 1 -10 -5 -12 -10 -14 -15 -17 -19 -21 -21 -24 -22 -26 -22 -27 -20 -28 -18
1786806316.2615209,1769,128,28 -64 1 0 -32 -15 -31 -12 -27 -9 -24 -7 -21 -6 -17 -7 -13 -10 -10 -13 -8 -16 -7 -19 -8 -23 -8 -26 -9 -28 -10 -30 -10 -30 -10 -28 -9 -28 -7 -27 -5 -25 -3 -23 -1 -20 4 -17 8 -15 11 -13 14 -11 3 -3 0 0 0 0 0 0 0 0 0 0 0 0 0 0 0 0 0 0 0 0 2 1 0 1 -4 1 -9 0 -13 -1 -17 -1 -21 -1 -23 0 -24 1 -27 3 -29 4 -27 5 -25 6 -22 8 -19 8 -15 8 -11 5 -8 0 -7 -4 -7 -8 -9 -13 -11 -17 -14 -21 -19 -23 -24 -24 -28 -24
1786806316.331132,1175,256,-125 48 8 0 -9 22 -8 18 -7 13 -8 8 -9 3 -12 -1 -15 -5 -19 -7 -22 -9 -26 -9 -28 -8 -30 -7 -30 -6 -29 -5 -27 -3 -24 -2 -21 -2 -16 -2 -12 -4 -8 -5 -5 -7 -1 -10 1 -13 3 -16 4 -18 1 -5 0 0 0 0 0 0 0 0 0 0 0 0 0 0 0 0 0 0 1 -1 6 -2 7 2 9 6 12 11 15 15 18 17 21 19 24 20 26 20 26 20 26 18 24 15 21 13 17 11 12 9 7 8 2 8 -4 9 -9 12 -13 15 -17 18 -18 22 -19 25 -19 27 -18 28 -17 28 -7 12 -24 48 -22 40 -18 32 -16 24 -16 15 -18 6 -21 -3 -27 -11 -34 -17 -41 -20 -46 -20 -50 -19 -53 -17 -56 -15 -56 -13 -53 -10 -47 -7 -39 -6 -31 -6 -22 -8 -15 -11 -8 -13 -1 -18 5 -24 8 -30 10 -33 12 -35 13 -36 3 -9 0 0 0 0 0 0 0 0 0 0 2 -6 10 -19 11 -13 13 -4 14 5 15 15 19 25 24 33 29 39 34 43 39 46 42 47 44 45 44 41 41 35 36 31 29 26 21 21 12 17 1 15 -9 17 -20 21 -29 26 -36 32 -40 38 -41 43 -41 47 -38 49 -34 48
1786806316.364362,3879,128,28 -64 1 0 -13 -21 -11 -17 -7 -13 -3 -10 2 -8 7 -7 12 -7 16 -8 20 -10 23 -11 24 -13 24 -15 24 -16 23 -17 20 -16 17 -15 15 -13 12 -10 10 -6 7 -2 6 2 5 6 5 10 5 13 6 16 1 4 0 0 0 0 0 0 0 0 0 0 0 0 0 0 0 0 0 0 0 1 -1 5 -5 5 -11 4 -16 5 -21 6 -25 8 -28 9 -30 11 -31 12 -30 13 -28 14 -26 14 -22 12 -19 9 -15 6 -11 2 -8 -3 -6 -8 -5 -14 -5 -19 -6 -24 -7 -27 -10 -29 -11 -31 -12 -31 -13 -30
1786806316.4004,1809,128,124 -64 7 0 24 -17 22 -17 21 -19 21 -19 21 -17 20 -16 18 -16 18 -16 18 -17 17 -16 17 -16 16 -17 14 -16 14 -14 14 -14 14 -13 14 -13 14 -11 12 -9 11 -8 10 -8 10 -8 9 -8 9 -7 9 -6 2 -2 0 0 0 0 0 0 0 0 0 0 0 0 0 0 0 0 0 0 2 -2 8 -6 8 -6 10 -6 11 -7 12 -7 13 -8 14 -9 15 -9 17 -9 16 -9 17 -9 18 -10 19 -9 19 -8 21 -9 24 -12 25 -12 25 -11 25 -12 25 -15 24 -16 25 -16 26 -15 26 -15 26 -15 26 -14
1786806316.464276,1176,256,-120 -128 8 0 -1 22 -1 18 -2 13 -5 8 -8 5 -12 1 -16 -1 -20 -2 -24 -2 -27 -2 -29 0 -30 1 -30 3 -30 4 -27 5 -24 5 -20 4 -16 2 -12 -1 -8 -3 -5 -6 -3 -9 -1 -13 0 -17 1 -19 0 -5 0 0 0 0 0 0 0 0 0 0 0 0 0 0 0 0 0 0 1 -2 5 -5 8 -2 12 1 16 5 20 7 25 8 28 9 30 9 31 9 32 8 30 6 28 5 24 4 19 4 14 4 9 5 4 7 -1 10 -5 14 -8 19 -9 23 -10 26 -9 29 -8 31 -7 31 -6 32 -1 6 -2 25 -2 21 -2 17 -3 13 -5 9 -8 5 -11 1 -15 -1 -19 -2 -23 -2 -26 -1 -28 0 -28 1 -29 3 -28 4 -26 4 -23 4 -19 4 -15 2 -12 0 -8 -3 -5 -6 -3 -9 -1 -13 0 -16 0 -18 1 -19 1 -19 0 -5 0 0 0 0 0 0 0 0 0 0 -1 -3 -1 -11 2 -8 5 -5 8 -1 11 3 15 6 19 8 23 10 26 10 28 10 30 10 30 10 28 8 26 6 22 5 18 5 13 5 8 5 3 7 -2 10 -5 13 -8 17 -10 21 -10 25 -10 27 -9 29 -7 28 -5 27
1786806316.49758,756,128,-117 -78 40 0 20 -5 20 -5 19 -5 19 -6 19 -7 19 -7 18 -7 18 -7 18 -8 17 -8 17 -9 17 -9 17 -9 17 -9 17 -9 17 -9 16 -9 16 -8 15 -8 15 -8 14 -8 14 -8 14 -8 13 -7 13 -6 3 -2 0 0 0 0 0 0 0 0 0 0 0 0 0 0 0 0 0 0 4 -2 17 -6 17 -6 18 -5 18 -5 19 -5 20 -5 21 -5 21 -4 22 -4 22 -3 22 -3 22 -2 22 -2 22 -2 22 -2 21 -2 21 -2 21 -3 21 -3 21 -3 21 -4 21 -4 20 -4 20 -4 20 -4 20 -4
1786806316.5642729,2195,256,126 -32 7 0 -3 24 -3 20 -4 15 -6 10 -8 6 -12 2 -16 0 -20 -2 -24 -2 -27 -1 -29 0 -30 2 -30 3 -29 4 -27 5 -24 5 -20 4 -17 3 -13 0 -9 -3 -7 -6 -4 -9 -3 -12 -2 -16 -2 -18 -1 -5 0 0 0 0 0 0 0 0 0 0 0 0 0 0 0 0 0 0 1 -2 5 -4 7 -1 10 4 13 8 17 11 21 13 25 14 28 15 29 15 30 14 30 12 28 10 24 8 20 7 15 6 10 6 4 7 -1 10 -5 13 -9 18 -11 22 -12 25 -12 28 -11 30 -11 31 -9 31 -2 14 -7 54 -7 46 -6 37 -7 28 -10 21 -16 13 -22 5 -29 0 -37 -3 -45 -4 -50 -3 -54 -1 -56 2 -56 6 -56 7 -52 9 -46 9 -39 8 -31 5 -23 0 -17 -6 -12 -11 -8 -17 -5 -24 -3 -31 -3 -35 -2 -37 -1 -37 -1 -10 0 0 0 0 0 0 0 0 0 0 0 -6 3 -23 6 -17 10 -9 14 0 19 8 26 16 33 23 40 26 47 28 53 29 56 30 58 28 56 24 51 20 45 17 37 15 28 13 18 12 8 14 -2 19 -10 26 -18 33 -23 41 -24 49 -23 54 -22 57 -19 58 -15 56
1786806316.63099,2198,256,126 -32 7 0 -4 24 -4 19 -5 14 -6 9 -9 5 -12 1 -15 -2 -20 -4 -24 -5 -27 -5 -29 -4 -31 -2 -31 -1 -30 0 -27 1 -24 2 -21 2 -17 0 -13 -2 -9 -4 -5 -7 -3 -9 -1 -13 1 -16 1 -18 0 -5 0 0 0 0 0 0 0 0 0 0 0 0 0 0 0 0 0 0 1 -2 5 -4 7 0 10 4 14 7 18 10 22 13 25 14 28 14 30 14 30 13 29 11 27 9 24 7 19 7 14 6 9 6 3 7 -2 10 -6 13 -10 17 -13 21 -14 25 -13 28 -12 30 -12 31 -10 31 -4 14 -15 52 -13 43 -11 34 -10 26 -13 18 -18 9 -23 0 -29 -7 -36 -11 -44 -12 -49 -12 -53 -11 -56 -9 -57 -7 -57 -5 -53 -2 -47 -1 -39 0 -31 -1 -23 -4 -16 -9 -9 -13 -3 -18 1 -24 4 -30 6 -34 7 -36 8 -37 2 -10 0 0 0 0 0 0 0 0 0 0 0 -6 4 -21 7 -15 11 -7 14 2 19 11 25 19 31 26 38 31 44 34 49 35 52 35 54 34 53 30 49 25 42 21 34 18 25 16 15 14 4 15 -5 18 -15 25 -23 31 -29 38 -31 45 -31 51 -30 54 -27 55 -23 53
1786806316.664316,3883,128,28 -64 1 0 -3 -24 -2 -20 0 -15 2 -11 6 -7 10 -4 14 -2 19 -1 23 -1 26 -3 28 -4 29 -5 29 -7 28 -8 26 -8 22 -8 19 -7 15 -5 11 -3 8 1 5 4 3 7 2 11 1 15 1 17 0 4 0 0 0 0 0 0 0 0 0 0 0 0 0 0 0 0 0 0 -1 1 -5 4 -8 2 -13 -2 -17 -4 -22 -6 -26 -7 -30 -7 -32 -7 -33 -6 -33 -5 -32 -4 -30 -2 -26 -2 -21 -2 -16 -3 -11 -5 -6 -7 -1 -11 2 -16 5 -20 6 -25 6 -28 5 -31 4 -33 3 -33 2 -33
1786806316.6976728,3885,128,28 -64 1 0 9 -21 8 -21 8 -21 8 -21 8 -21 7 -21 7 -21 6 -21 6 -21 5 -21 5 -21 5 -20 5 -20 5 -20 5 -20 5 -20 5 -20 5 -19 5 -19 5 -18 4 -17 4 -16 4 -16 5 -16 5 -15 1 -4 0 0 0 0 0 0 0 0 0 0 0 0 0 0 0 0 0 0 1 -5 4 -18 5 -19 5 -19 6 -19 7 -19 7 -20 8 -20 8 -21 9 -21 10 -21 10 -21 10 -20 11 -20 11 -20 11 -20 10 -20 10 -21 10 -21 11 -21 11 -21 10 -21 10 -21 9 -21 9 -21 10 -20 10 -20
1786806316.7337449,3886,128,28 -64 1 0 22 -10 22 -10 22 -11 21 -11 21 -12 20 -12 20 -12 20 -13 19 -13 19 -13 18 -13 18 -13 18 -13 18 -14 18 -14 17 -13 17 -13 17 -13 17 -13 16 -12 15 -12 14 -11 14 -11 14 -10 14 -10 3 -3 0 0 0 0 0 0 0 0 0 0 0 0 0 0 0 0 0 0 4 -3 17 -11 18 -10 18 -10 19 -9 20 -9 21 -9 21 -9 22 -9 22 -9 23 -8 23 -8 23 -8 23 -7 24 -7 24 -7 23 -8 23 -9 23 -9 24 -9 24 -9 23 -9 23 -9 23 -9 23 -9 23 -9 22 -9
1786806316.7976792,2199,256,126 -32 7 0 14 17 14 17 14 17 14 16 14 16 15 15 15 15 16 15 16 14 16 14 16 13 15 13 16 13 16 12 16 12 15 12 15 12 15 12 15 12 14 11 13 10 13 10 12 10 12 10 12 10 3 2 0 0 0 0 0 0 0 0 0 0 0 0 0 0 0 0 0 0 3 3 12 12 12 13 12 14 12 14 12 15 13 16 13 17 13 17 13 18 12 18 12 19 12 19 12 20 11 20 12 19 12 19 13 18 13 19 13 19 13 19 13 19 14 19 14 18 13 18 13 18 12 18 7 8 28 34 26 35 26 34 28 32 27 31 26 31 27 31 29 30 30 29 31 29 31 28 31 27 30 26 30 26 30 26 29 25 29 24 29 25 30 24 28 24 26 22 25 21 24 19 23 19 22 20 21 20 19 20 17 20 4 5 0 0 0 0 0 0 0 0 0 0 6 4 23 19 22 21 22 24 22 26 22 27 22 29 22 31 23 32 24 34 23 35 23 35 22 36 21 37 22 37 22 38 21 39 22 39 23 37 24 36 24 37 22 37 22 37 23 37 25 36 26 35 25 34 23 33 22 31
1786806316.8615801,2202,256,54 101 83 0 11 18 12 19 12 18 12 18 12 17 12 17 13 16 13 16 13 16 13 16 13 15 13 15 13 15 13 15 13 15 13 14 13 14 13 14 13 14 12 13 11 12 11 11 10 11 10 12 10 12 2 3 0 0 0 0 0 0 0 0 0 0 0 0 0 0 0 0 0 0 2 3 11 13 11 14 10 15 10 15 10 16 11 17 11 18 10 18 10 18 10 19 10 19 10 20 9 20 9 20 9 20 10 20 10 20 10 20 10 20 10 20 10 20 11 19 11 19 11 19 10 19 10 19 6 9 25 35 23 35 23 35 25 33 25 33 24 33 25 32 26 31 28 30 28 30 28 29 29 28 28 28 28 28 27 27 26 27 26 26 27 27 28 26 26 25 24 24 23 22 22 21 21 21 20 22 19 22 17 20 15 20 3 5 0 0 0 0 0 0 0 0 0 0 5 4 22 18 22 21 22 23 22 26 21 28 20 29 21 31 22 32 23 34 22 35 21 35 20 36 21 37 22 38 21 38 20 38 20 38 20 37 21 37 22 37 21 38 21 38 21 37 23 37 24 36 23 35 21 34 20 32
1786806316.945121,2204,256,-17 -15 30 0 -19 -14 -19 -14 -19 -13 -19 -13 -18 -12 -19 -12 -19 -11 -19 -11 -20 -11 -19 -11 -19 -10 -19 -10 -19 -10 -19 -10 -19 -9 -18 -9 -18 -9 -18 -9 -18 -9 -17 -9 -16 -8 -15 -8 -15 -8 -15 -8 -14 -9 -4 -3 0 0 0 0 0 0 0 0 0 0 0 0 0 0 0 0 0 0 -5 -2 -17 -8 -17 -9 -17 -10 -17 -11 -17 -12 -18 -12 -18 -13 -18 -13 -18 -14 -18 -14 -18 -15 -18 -15 -18 -16 -17 -16 -17 -16 -18 -15 -18 -15 -18 -15 -18 -15 -18 -15 -18 -15 -19 -15 -19 -14 -18 -14 -18 -14 -18 -14 -10 -6 -37 -25 -35 -25 -35 -24 -36 -22 -36 -22 -35 -22 -35 -21 -37 -20 -38 -20 -38 -20 -38 -19 -38 -18 -37 -17 -36 -17 -36 -17 -35 -16 -35 -16 -35 -16 -36 -16 -35 -16 -32 -15 -30 -13 -29 -12 -28 -13 -28 -13 -27 -14 -25 -14 -23 -15 -6 -4 0 0 0 0 0 0 0 0 0 0 -8 -3 -29 -11 -30 -13 -31 -16 -31 -18 -31 -20 -31 -21 -32 -22 -34 -24 -34 -25 -34 -26 -33 -27 -33 -27 -33 -28 -34 -29 -34 -30 -34 -31 -33 -30 -33 -29 -34 -28 -35 -28 -34 -29 -33 -28 -34 -28 -36 -28 -36 -27 -35 -26 -33 -24 -32 -23
1786806316.978374,3889,128,28 -64 1 0 20 -12 16 -9 13 -6 10 -2 7 3 6 8 7 13 8 17 10 21 12 23 14 24 15 24 17 23 18 22 18 19 16 16 13 14 9 11 5 9 1 8 -2 6 -6 6 -10 7 -14 8 -16 8 -4 2 0 0 0 0 0 0 0 0 0 0 0 0 0 0 0 0 0 0 -2 -1 -7 -4 -5 -7 -4 -12 -3 -17 -3 -22 -4 -26 -5 -30 -6 -32 -7 -33 -9 -32 -9 -31 -9 -28 -8 -24 -6 -20 -3 -16 0 -12 4 -8 9 -6 15 -4 19 -3 24 -4 27 -5 30 -7 31 -9 31 -10 30 -11
1786806317.0089478,3890,128,28 -64 1 0 2 23 1 18 -1 13 -3 9 -7 5 -11 2 -15 -1 -19 -2 -23 -2 -27 -1 -29 0 -30 2 -30 3 -29 4 -26 4 -23 5 -19 4 -15 3 -12 0 -8 -3 -5 -6 -2 -9 -1 -12 0 -16 1 -18 0 -5 0 0 0 0 0 0 0 0 0 0 0 0 0 0 0 0 0 0 0 -2 4 -6 7 -4 11 -1 16 1 21 2 25 3 29 3 31 3 32 2 32 1 31 0 28 -2 24 -2 19 -1 14 1 10 3 5 5 0 10 -3 15 -6 19 -7 24 -7 27 -6 30 -4 32 -3 32 -2 32
1786806317.042433,3891,128,28 -64 1 0 6 -24 5 -20 5 -14 6 -10 8 -5 11 0 14 3 17 6 21 7 24 7 27 7 28 6 29 4 28 3 26 2 23 1 20 0 16 1 11 2 7 4 3 6 0 8 -2 11 -4 14 -5 16 -2 4 0 0 0 0 0 0 0 0 0 0 0 0 0 0 0 0 0 0 -2 0 -6 2 -8 -2 -11 -6 -14 -11 -18 -14 -21 -16 -25 -18 -27 -19 -29 -19 -29 -18 -29 -16 -27 -13 -24 -11 -20 -10 -15 -9 -9 -8 -4 -9 2 -10 7 -13 12 -17 15 -20 16 -23 16 -26 16 -28 15 -29 14 -30
1786806317.0757592,1810,128,92 -64 5 0 -8 32 -8 30 -9 28 -9 28 -9 28 -8 27 -7 25 -5 23 -3 24 -2 24 -3 22 -4 22 -4 22 -4 21 -5 20 -6 19 -5 16 -5 15 -5 15 -6 16 -6 15 -6 13 -5 12 -5 11 -5 9 -2 1 0 0 0 0 0 0 0 0 0 0 0 0 0 0 0 0 0 0 -1 3 -2 15 -1 16 -1 15 -4 15 -6 15 -6 16 -7 16 -7 16 -5 18 -4 19 -5 21 -5 22 -4 22 -6 24 -9 25 -10 24 -10 23 -11 24 -12 26 -13 28 -11 27 -9 25 -8 26 -7 29 -8 30 -9 30
1786806317.117367,1811,128,92 -64 5 0 -22 -26 -20 -24 -18 -23 -18 -21 -19 -20 -20 -19 -19 -19 -18 -20 -18 -21 -18 -17 -18 -17 -17 -19 -17 -17 -16 -14 -16 -14 -16 -14 -16 -14 -15 -13 -14 -12 -12 -13 -11 -14 -9 -13 -8 -12 -8 -11 -7 -10 -2 -3 0 0 0 0 0 0 0 0 0 0 0 0 0 0 0 0 0 0 -3 -3 -9 -10 -8 -12 -10 -12 -12 -10 -11 -12 -10 -14 -10 -13 -10 -14 -10 -17 -10 -19 -13 -17 -14 -18 -15 -20 -15 -20 -15 -21 -17 -23 -17 -25 -16 -26 -16 -26 -16 -24 -17 -22 -19 -22 -19 -22 -20 -22 -21 -23 -21 -26
1786806317.153427,1771,128,28 -64 1 0 -30 7 -26 8 -24 9 -22 9 -20 10 -18 9 -17 7 -17 5 -19 3 -21 2 -23 1 -26 1 -28 2 -31 3 -32 4 -32 6 -31 7 -30 8 -29 8 -27 7 -25 6 -23 4 -21 0 -17 -4 -15 -7 -4 -2 0 0 0 0 0 0 0 0 0 0 0 0 0 0 0 0 0 0 -4 2 -14 8 -16 8 -17 7 -16 7 -16 6 -15 5 -15 4 -15 3 -15 2 -14 1 -15 -1 -15 -3 -16 -5 -16 -6 -16 -6 -18 -6 -19 -6 -19 -5 -20 -5 -22 -5 -24 -5 -24 -4 -25 -3 -27 -3 -29 -2 -30 -1
1786806317.186667,3894,128,28 -64 1 0 -20 -13 -16 -11 -12 -9 -7 -8 -1 -9 4 -10 8 -12 11 -15 14 -19 15 -22 15 -24 15 -26 14 -27 12 -27 10 -25 8 -22 8 -19 7 -15 7 -10 6 -5 6 -1 7 3 9 7 11 10 13 12 3 3 0 0 0 0 0 0 0 0 0 0 0 0 0 0 0 0 0 0 0 1 1 5 -2 7 -7 9 -12 12 -16 15 -19 18 -21 21 -22 23 -22 24 -21 25 -20 24 -18 23 -15 20 -13 16 -11 11 -9 6 -9 0 -9 -5 -11 -11 -13 -15 -16 -19 -19 -21 -22 -22 -24 -23 -25 -22 -26 -21
1786806317.2227259,3895,128,28 -64 1 0 13 -17 10 -14 9 -10 8 -5 7 -1 8 4 10 8 12 11 15 13 17 15 19 15 21 14 22 14 22 13 22 11 19 9 16 7 12 6 8 6 4 6 0 6 -3 7 -6 8 -9 10 -11 12 -3 3 0 0 0 0 0 0 0 0 0 0 0 0 0 0 0 0 0 0 -2 0 -7 0 -7 -4 -8 -8 -9 -13 -11 -17 -13 -20 -16 -22 -17 -23 -19 -24 -20 -23 -20 -21 -19 -19 -16 -17 -13 -14 -9 -11 -5 -10 0 -8 5 -8 10 -9 15 -10 18 -12 21 -14 22 -17 22 -19 21 -20 20 -21
1786806317.253263,3896,128,28 -64 1 0 -1 -23 0 -19 1 -14 3 -9 6 -5 10 -1 14 1 18 3 22 4 25 4 27 3 28 2 28 1 27 0 26 -1 22 -2 19 -2 15 -1 10 1 6 3 2 5 -1 8 -3 11 -5 14 -6 16 -2 4 0 0 0 0 0 0 0 0 0 0 0 0 0 0 0 0 0 0 -1 1 -4 4 -7 2 -12 0 -17 -2 -22 -3 -26 -3 -29 -3 -32 -2 -33 -2 -33 -1 -31 0 -29 1 -25 0 -20 0 -15 -2 -10 -4 -6 -6 -1 -10 2 -15 5 -19 6 -24 7 -27 6 -30 5 -32 4 -33 3 -34
1786806317.286593,3897,128,28 -64 1 0 16 18 13 15 9 11 3 9 -2 8 -7 8 -11 9 -15 11 -19 14 -21 17 -22 19 -21 21 -20 22 -19 22 -16 21 -14 19 -12 16 -10 13 -9 8 -8 4 -8 -1 -8 -5 -10 -8 -11 -11 -12 -13 -4 -4 0 0 0 0 0 0 0 0 0 0 0 0 0 0 0 0 0 0 -1 -2 1 -7 4 -6 10 -6 15 -7 20 -8 24 -9 27 -12 29 -14 30 -15 29 -16 28 -16 25 -16 22 -14 18 -11 14 -8 10 -4 8 1 6 7 6 13 7 18 8 23 11 26 13 28 15 28 16 28 17 27
1786806317.3227038,3898,128,28 -64 1 0 16 -18 13 -14 11 -10 9 -5 8 0 7 5 9 10 11 14 13 17 15 19 17 20 19 20 21 19 21 18 20 16 18 14 15 12 12 10 7 8 3 7 -1 6 -5 6 -9 7 -12 8 -14 9 -4 2 0 0 0 0 0 0 0 0 0 0 0 0 0 0 0 0 0 0 -2 0 -6 0 -7 -4 -8 -9 -10 -14 -12 -19 -14 -22 -16 -25 -19 -26 -21 -27 -21 -27 -21 -25 -20 -22 -17 -19 -14 -16 -10 -13 -6 -10 0 -8 6 -8 11 -8 17 -9 21 -11 24 -13 26 -16 27 -18 26 -19 25 -20
1786806317.350513,760,128,-117 -78 40 0 20 0 20 0 20 0 20 -1 19 -1 19 -2 19 -2 19 -2 19 -3 18 -3 18 -4 18 -4 18 -4 18 -4 18 -5 18 -5 17 -4 17 -4 16 -4 16 -4 15 -4 15 -4 14 -4 14 -3 14 -3 3 -1 0 0 0 0 0 0 0 0 0 0 0 0 0 0 0 0 0 0 4 -1 18 -1 18 0 18 0 19 1 20 1 20 1 21 2 22 3 22 3 22 4 22 4 22 5 21 5 21 5 21 5 21 4 21 4 21 4 21 3 21 3 21 2 21 2 21 2 21 2 20 2 20 2
1786806317.386534,3899,128,28 -64 1 0 5 -24 4 -20 5 -15 6 -10 8 -5 11 -1 14 3 18 5 22 6 25 7 27 6 28 5 29 3 28 2 26 1 23 0 20 0 16 0 11 2 7 4 3 6 0 8 -2 11 -4 14 -5 16 -2 4 0 0 0 0 0 0 0 0 0 0 0 0 0 0 0 0 0 0 -2 0 -6 2 -8 -1 -11 -5 -14 -9 -18 -12 -22 -14 -25 -16 -28 -17 -29 -16 -30 -16 -30 -14 -27 -12 -24 -10 -19 -9 -14 -8 -9 -8 -4 -8 1 -10 6 -13 10 -17 13 -21 14 -24 15 -27 14 -29 13 -30 12 -30
1786806317.4164429,3900,128,28 -64 1 0 22 -8 18 -7 14 -4 10 -1 6 3 4 8 2 13 2 17 2 21 3 24 5 26 6 27 8 27 9 27 9 25 9 22 7 18 4 15 2 11 -1 8 -4 5 -8 3 -11 1 -15 0 -17 0 -5 0 0 0 0 0 0 0 0 0 0 0 0 0 0 0 0 0 0 0 -2 0 -6 -2 -5 -5 -4 -11 -4 -16 -4 -21 -5 -25 -6 -29 -8 -31 -9 -32 -10 -32 -11 -30 -11 -27 -9 -24 -7 -19 -5 -15 -2 -11 2 -7 7 -4 13 -2 18 -1 23 -1 27 -1 29 -3 31 -4 31 -6 31 -6
1786806317.530539,3901,128,28 -64 1 0 18 15 15 12 10 10 5 8 -1 8 -6 8 -10 10 -14 12 -17 15 -19 18 -20 20 -20 22 -19 23 -17 23 -15 21 -13 19 -11 17 -10 13 -9 8 -8 4 -7 -1 -8 -5 -9 -8 -11 -12 -12 -14 -3 -4 0 0 0 0 0 0 0 0 0 0 0 0 0 0 0 0 0 0 -1 -2 -2 -6 2 -7 7 -9 12 -11 16 -14 20 -17 22 -20 23 -22 24 -23 22 -24 21 -24 18 -23 16 -21 13 -16 10 -11 8 -6 7 -1 7 5 8 11 10 16 12 20 15 23 18 24 20 25 21 24 22 22
1786806317.614605,1772,128,28 -64 1 0 -27 -2 -27 1 -27 3 -26 5 -25 8 -22 8 -19 6 -16 5 -16 3 -16 -2 -16 -6 -19 -7 -22 -9 -25 -11 -28 -12 -30 -11 -31 -10 -31 -9 -31 -8 -30 -8 -27 -7 -24 -8 -20 -10 -15 -12 -10 -12 -2 -3 0 0 0 0 0 0 0 0 0 0 0 0 0 0 0 0 0 0 -2 4 -6 19 -6 18 -5 16 -5 14 -6 11 -7 8 -7 4 -7 1 -9 -2 -12 -3 -14 -5 -16 -7 -18 -7 -20 -6 -22 -5 -24 -3 -24 0 -23 2 -23 2 -22 2 -20 0 -18 -1 -18 -2 -19 -4 -22 -6 -24 -6
1786806317.6507032,3902,128,28 -64 1 0 -13 17 -11 13 -9 9 -8 5 -8 0 -8 -5 -9 -9 -12 -13 -15 -15 -17 -17 -19 -18 -20 -17 -21 -16 -21 -16 -20 -14 -19 -12 -16 -10 -12 -9 -8 -8 -4 -7 0 -7 3 -7 7 -8 10 -9 12 -10 3 -3 0 0 0 0 0 0 0 0 0 0 0 0 0 0 0 0 0 0 1 -1 4 -2 6 1 8 5 11 9 14 12 17 15 20 17 22 18 23 18 24 17 23 16 21 13 19 12 15 10 10 8 6 7 1 6 -4 7 -10 8 -14 10 -18 12 -20 15 -21 18 -22 20 -21 21 -20 21
1786806317.681393,1773,128,28 -64 1 0 -3 32 1 31 4 30 6 27 7 24 7 20 6 18 3 17 0 16 -3 17 -6 21 -8 24 -8 27 -8 29 -9 31 -8 33 -6 34 -5 33 -5 32 -5 30 -4 26 -5 23 -7 20 -9 16 -11 13 -3 2 0 0 0 0 0 0 0 0 0 0 0 0 0 0 0 0 0 0 3 2 12 9 10 11 6 13 3 13 3 13 3 13 0 14 -2 14 -3 13 -5 14 -6 16 -7 17 -7 19 -7 20 -7 21 -6 19 -5 19 -4 18 -5 19 -7 18 -8 17 -9 19 -10 20 -12 22 -12 24 -10 26
1786806317.7508,1257,256,-126 32 8 0 23 6 19 5 14 5 9 5 3 7 -1 10 -4 13 -7 17 -8 21 -9 24 -9 26 -7 28 -6 28 -4 28 -3 26 -2 23 -2 20 -3 16 -4 12 -5 7 -7 3 -9 0 -12 -2 -15 -4 -17 -5 -5 -2 0 0 0 0 0 0 0 0 0 0 0 0 0 0 0 0 0 0 -1 -2 -3 -6 0 -8 5 -10 9 -13 12 -17 14 -21 16 -24 17 -27 17 -29 15 -29 14 -29 12 -27 10 -24 8 -19 7 -14 7 -9 7 -4 9 1 12 7 15 11 18 14 22 15 25 16 27 15 28 14 28 13 12 6 48 25 40 21 32 18 25 15 15 14 4 15 -6 18 -13 24 -18 30 -22 37 -25 44 -25 49 -23 52 -21 53 -18 52 -14 48 -11 43 -10 37 -11 31 -11 22 -12 13 -13 4 -16 -2 -21 -8 -26 -12 -30 -16 -32 -18 -32 -19 -8 -5 0 0 0 0 0 0 0 0 0 0 -6 -2 -20 -7 -14 -8 -6 -11 3 -14 13 -17 22 -21 29 -26 35 -33 40 -39 42 -44 42 -47 39 -47 36 -47 33 -46 29 -40 25 -32 20 -24 16 -15 15 -5 17 6 20 18 24 27 30 33 37 38 43 38 46 37 47 33 46 29
1786806317.812035,1257,256,-126 32 8 0 24 0 19 0 15 1 10 3 6 6 2 9 0 13 -2 18 -2 22 -2 25 -1 27 1 28 2 28 4 28 5 26 5 22 4 19 2 16 0 12 -3 8 -5 5 -8 2 -12 1 -15 0 -18 -1 -5 -1 0 0 0 0 0 0 0 0 0 0 0 0 0 0 0 0 0 0 -2 -1 -5 -5 -2 -7 2 -11 5 -15 7 -20 8 -24 9 -28 9 -31 8 -32 7 -32 6 -31 4 -29 3 -25 3 -21 3 -16 4 -11 6 -6 9 -1 13 3 17 6 22 8 26 8 29 8 31 7 31 6 31 5 14 -1 53 -1 45 0 37 1 30 2 20 5 11 11 4 18 0 26 -2 35 -3 43 -3 49 -1 53 2 55 5 55 8 54 10 50 11 43 8 37 4 31 0 24 -5 16 -9 10 -15 5 -22 3 -28 1 -34 0 -36 -1 -37 -1 -10 -1 0 0 0 0 0 0 0 0 0 0 -6 1 -22 3 -16 -1 -10 -7 -3 -14 4 -21 10 -29 14 -37 17 -45 19 -53 18 -58 17 -61 14 -61 11 -59 9 -55 8 -49 7 -40 7 -30 8 -21 12 -11 18 -2 26 7 33 13 41 16 49 17 56 15 59 12 58 8 55 5
1786806317.88148,1257,256,-126 32 8 0 16 18 13 15 9 12 4 9 -1 8 -6 8 -11 9 -15 11 -19 13 -21 16 -22 18 -21 20 -20 21 -18 22 -16 21 -14 19 -13 16 -11 13 -9 8 -9 4 -8 -1 -8 -5 -9 -8 -11 -11 -12 -13 -3 -4 0 0 0 0 0 0 0 0 0 0 0 0 0 0 0 0 0 0 -1 -2 0 -6 4 -6 9 -6 14 -6 19 -8 23 -10 26 -12 28 -14 29 -15 28 -16 27 -16 24 -16 21 -14 17 -12 13 -8 10 -5 7 0 6 6 6 12 7 17 8 22 10 25 13 27 14 28 15 27 16 27 9 10 35 40 30 34 24 27 19 22 8 18 -3 16 -12 16 -20 18 -27 22 -34 27 -39 32 -40 37 -39 40 -38 42 -35 42 -31 40 -26 36 -22 31 -19 25 -17 17 -16 7 -15 -1 -15 -8 -17 -15 -20 -21 -23 -25 -23 -27 -23 -28 -6 -8 0 0 0 0 0 0 0 0 0 0 -5 -4 -16 -14 -10 -13 -1 -12 8 -11 18 -11 28 -11 37 -14 44 -18 50 -23 54 -26 55 -28 54 -29 51 -31 46 -31 40 -27 34 -22 26 -15 20 -8 15 1 13 13 12 24 12 34 15 42 20 48 25 51 29 53 30 50 31 46
1786806317.953695,1257,256,-126 32 8 0 -19 -15 -16 -13 -12 -11 -6 -9 -1 -9 4 -10 8 -12 12 -14 15 -17 16 -20 17 -22 16 -24 15 -25 13 -25 11 -24 10 -22 8 -19 7 -15 7 -10 7 -6 7 -2 8 2 9 5 11 8 13 10 3 2 0 0 0 0 0 0 0 0 0 0 0 0 0 0 0 0 0 0 0 1 0 5 -4 6 -9 7 -14 8 -18 10 -22 13 -25 16 -26 18 -26 19 -26 20 -24 20 -21 20 -19 17 -15 14 -12 10 -10 5 -9 0 -9 -6 -9 -12 -11 -17 -13 -21 -16 -23 -19 -25 -21 -25 -22 -24 -22 -23 -11 -9 -42 -34 -36 -29 -30 -24 -23 -19 -12 -17 -1 -18 8 -19 16 -22 22 -27 28 -33 31 -39 32 -43 31 -47 29 -48 26 -49 22 -45 18 -40 16 -36 14 -29 13 -21 13 -11 13 -2 15 5 18 11 22 16 25 20 26 22 26 23 6 5 0 0 0 0 0 0 0 0 0 0 5 2 18 9 11 10 2 11 -7 12 -17 14 -27 16 -34 20 -41 25 -47 31 -50 35 -50 37 -49 39 -46 39 -41 38 -36 33 -30 27 -24 19 -19 11 -16 1 -16 -10 -17 -22 -19 -32 -24 -39 -31 -44 -37 -46 -40 -46 -40 -43 -41 -38
1786806317.987037,3903,128,28 -64 1 0 -24 4 -20 2 -15 1 -11 -2 -7 -6 -4 -10 -3 -15 -2 -19 -2 -23 -3 -26 -5 -28 -6 -29 -8 -29 -9 -28 -10 -25 -9 -22 -7 -19 -5 -16 -2 -12 0 -9 4 -6 7 -4 11 -3 14 -3 16 -3 4 -1 0 0 0 0 0 0 0 0 0 0 0 0 0 0 0 0 0 0 1 0 5 3 2 6 -1 11 -3 15 -4 20 -4 25 -4 28 -4 31 -3 32 -1 32 0 30 0 28 0 24 0 20 -1 15 -3 10 -6 6 -10 2 -15 -2 -19 -4 -24 -5 -28 -5 -31 -4 -32 -2 -32 -1 -32 0
1786806318.020282,3904,128,28 -64 1 0 -23 -4 -19 -3 -14 -4 -9 -5 -4 -7 0 -10 3 -14 5 -18 6 -22 7 -25 6 -27 4 -29 3 -29 1 -29 0 -26 -1 -23 0 -20 0 -16 2 -12 3 -7 5 -3 7 0 11 2 14 4 16 5 4 1 0 0 0 0 0 0 0 0 0 0 0 0 0 0 0 0 0 0 1 0 3 4 0 7 -3 11 -6 15 -9 19 -10 23 -11 26 -11 29 -10 30 -9 30 -8 29 -7 27 -6 23 -5 18 -5 13 -6 8 -7 3 -10 -2 -14 -6 -18 -9 -22 -11 -25 -13 -28 -13 -30 -12 -31 -10 -30 -9
1786806318.0897121,2208,256,94 -32 5 0 12 20 10 17 6 13 2 10 -3 8 -8 7 -13 7 -17 8 -21 10 -23 12 -25 14 -25 16 -24 17 -23 18 -20 17 -18 16 -15 14 -13 11 -11 6 -9 2 -8 -2 -7 -6 -7 -10 -9 -13 -9 -16 -3 -4 0 0 0 0 0 0 0 0 0 0 0 0 0 0 0 0 0 0 0 -2 2 -6 5 -5 10 -4 15 -4 20 -5 25 -6 28 -7 30 -9 31 -10 31 -11 29 -12 26 -12 23 -11 19 -9 14 -6 10 -2 7 2 5 7 3 13 3 19 4 23 6 27 8 29 9 30 10 30 11 30 6 12 23 47 20 41 16 33 11 25 3 20 -7 16 -16 13 -25 12 -33 13 -41 17 -47 21 -49 24 -49 27 -48 30 -46 32 -41 31 -36 27 -31 25 -25 20 -21 12 -17 3 -14 -5 -12 -12 -12 -20 -13 -27 -14 -31 -14 -33 -14 -34 -4 -9 0 0 0 0 0 0 0 0 0 0 -4 -5 -13 -18 -6 -15 2 -12 11 -9 21 -6 31 -4 40 -5 48 -7 55 -9 59 -12 61 -14 61 -15 58 -17 53 -18 45 -16 36 -12 28 -9 20 -3 13 5 8 15 5 26 4 37 5 45 7 52 11 56 13 58 15 56 17 52
1786806318.122972,3905,128,28 -64 1 0 23 7 19 6 14 5 8 5 3 7 -1 10 -5 13 -7 17 -9 21 -10 24 -9 27 -8 28 -7 29 -5 29 -4 27 -3 23 -3 20 -4 16 -4 11 -5 7 -7 3 -9 0 -12 -3 -15 -5 -17 -6 -5 -2 0 0 0 0 0 0 0 0 0 0 0 0 0 0 0 0 0 0 -2 -2 -4 -6 0 -8 4 -11 8 -15 11 -19 14 -22 15 -26 16 -28 16 -30 14 -31 13 -30 11 -28 10 -25 8 -20 7 -15 7 -10 7 -4 9 2 12 7 16 11 19 14 23 16 27 16 29 15 30 14 30 12
1786806318.15632,3906,128,28 -64 1 0 20 11 16 10 12 8 6 7 1 8 -4 9 -8 11 -12 14 -14 17 -16 20 -16 23 -16 24 -14 25 -13 25 -11 24 -9 21 -8 18 -7 14 -7 9 -7 5 -7 0 -8 -3 -10 -7 -13 -10 -14 -11 -4 -3 0 0 0 0 0 0 0 0 0 0 0 0 0 0 0 0 0 0 -1 -2 -3 -6 1 -7 6 -10 10 -12 14 -16 17 -19 19 -22 20 -24 20 -26 19 -27 17 -27 15 -25 13 -22 11 -18 9 -13 7 -8 7 -3 8 3 10 9 12 14 15 17 19 20 22 20 23 20 24 20 25 19
1786806318.189611,3907,128,28 -64 1 0 13 20 10 17 7 13 2 10 -3 8 -8 7 -13 7 -17 8 -21 10 -23 13 -25 15 -25 17 -24 18 -23 19 -20 18 -17 16 -15 14 -13 11 -11 7 -9 2 -8 -2 -7 -6 -8 -10 -9 -13 -10 -15 -3 -4 0 0 0 0 0 0 0 0 0 0 0 0 0 0 0 0 0 0 0 -2 1 -6 5 -5 10 -4 15 -4 20 -4 25 -6 28 -7 30 -8 31 -10 30 -11 29 -12 26 -12 23 -11 19 -9 15 -6 11 -2 7 2 5 7 4 14 3 19 4 23 6 27 8 29 10 30 11 30 12 29
1786806318.223062,3908,128,28 -64 1 0 -16 15 -13 11 -11 8 -9 3 -8 -1 -8 -6 -9 -10 -11 -14 -13 -17 -15 -19 -17 -19 -18 -19 -19 -18 -20 -17 -19 -15 -17 -13 -14 -11 -11 -10 -7 -8 -3 -7 0 -7 4 -7 7 -7 11 -8 13 -9 3 -3 0 0 0 0 0 0 0 0 0 0 0 0 0 0 0 0 0 0 1 -1 5 -1 5 2 6 7 8 11 10 15 12 19 14 21 16 23 17 23 18 23 18 21 17 19 14 16 12 13 8 10 4 8 -1 6 -6 6 -11 6 -16 7 -20 9 -22 11 -24 13 -25 15 -24 17 -23 18
1786806318.253668,3910,128,28 -64 1 0 -1 23 -1 19 -2 14 -4 9 -7 4 -10 0 -14 -2 -18 -4 -22 -5 -26 -5 -28 -4 -29 -3 -29 -1 -29 0 -27 0 -24 1 -20 1 -16 0 -12 -2 -8 -4 -4 -6 -1 -8 1 -12 3 -15 4 -17 1 -5 0 0 0 0 0 0 0 0 0 0 0 0 0 0 0 0 0 0 0 -2 3 -5 6 -3 10 0 15 2 20 4 24 4 27 4 30 4 31 4 32 3 30 1 28 0 24 0 20 0 15 1 9 2 5 5 0 8 -4 13 -7 17 -8 22 -9 25 -8 28 -8 30 -7 31 -6 30
1786806318.289757,1813,128,124 -64 7 0 22 -18 22 -17 23 -17 23 -17 22 -18 20 -18 16 -18 15 -17 16 -16 14 -14 13 -14 13 -15 12 -14 14 -13 14 -13 11 -12 11 -11 11 -11 11 -11 10 -11 9 -10 10 -8 9 -8 8 -7 8 -5 2 -1 0 0 0 0 0 0 0 0 0 0 0 0 0 0 0 0 0 0 2 -2 9 -6 8 -5 7 -6 8 -8 11 -10 15 -9 17 -9 16 -11 16 -10 18 -9 17 -11 18 -12 18 -10 19 -10 22 -12 23 -13 23 -13 23 -15 24 -16 24 -16 23 -17 22 -16 22 -16 21 -17 22 -17 25 -17
1786806318.323089,3913,128,28 -64 1 0 13 20 10 16 7 13 2 9 -3 7 -8 6 -13 6 -17 7 -21 9 -24 11 -25 13 -26 15 -25 17 -24 17 -22 17 -19 15 -16 13 -14 10 -11 6 -9 2 -7 -2 -6 -6 -7 -10 -7 -14 -8 -16 -2 -5 0 0 0 0 0 0 0 0 0 0 0 0 0 0 0 0 0 0 -1 -2 0 -6 4 -6 9 -6 15 -6 20 -7 24 -9 27 -10 29 -12 30 -13 29 -14 27 -15 25 -15 21 -14 18 -11 14 -7 10 -3 7 1 5 7 4 13 4 18 5 23 7 26 9 28 11 29 12 30 13 29
1786806318.356514,3914,128,28 -64 1 0 -22 -11 -18 -9 -13 -8 -7 -8 -2 -9 3 -10 7 -13 10 -16 12 -19 14 -22 14 -24 13 -26 12 -27 10 -27 8 -25 7 -22 6 -19 6 -16 5 -11 5 -6 6 -2 7 2 9 5 12 8 13 10 3 2 0 0 0 0 0 0 0 0 0 0 0 0 0 0 0 0 0 0 0 1 2 5 -1 6 -6 9 -10 12 -14 15 -17 19 -18 22 -19 25 -19 26 -18 27 -16 26 -14 25 -13 22 -11 17 -9 12 -8 7 -8 2 -9 -4 -11 -10 -14 -14 -17 -17 -20 -20 -23 -20 -25 -20 -26 -19 -27 -18
1786806318.389778,3916,128,28 -64 1 0 -23 4 -19 3 -14 1 -10 -2 -6 -6 -4 -10 -2 -15 -1 -19 -1 -23 -2 -26 -3 -28 -5 -29 -7 -29 -8 -28 -9 -25 -8 -22 -7 -19 -5 -15 -2 -12 1 -8 4 -5 7 -3 11 -2 14 -1 16 0 4 0 0 0 0 0 0 0 0 0 0 0 0 0 0 0 0 0 0 0 1 0 5 3 3 6 1 11 -1 16 -1 21 -2 25 -1 29 0 31 1 32 2 32 2 30 2 28 2 24 1 19 0 14 -2 10 -6 6 -10 2 -15 -1 -20 -3 -25 -4 -28 -3 -31 -3 -33 -2 -33 0 -32 1
1786806318.423088,3917,128,28 -64 1 0 -9 19 -8 15 -7 11 -7 6 -8 2 -10 -2 -13 -6 -16 -8 -19 -10 -22 -10 -24 -10 -25 -9 -26 -8 -26 -6 -24 -5 -21 -4 -18 -3 -14 -3 -10 -4 -7 -5 -3 -7 0 -8 2 -11 4 -13 5 -15 1 -4 0 0 0 0 0 0 0 0 0 0 0 0 0 0 0 0 0 0 1 -1 6 -2 6 1 8 6 11 10 13 13 16 16 19 18 21 19 22 19 23 18 23 16 21 14 18 12 14 10 10 8 6 7 1 7 -4 8 -9 10 -13 12 -16 15 -18 18 -18 21 -18 23 -17 24 -15 24
1786806318.453519,764,128,-117 -78 40 0 7 -9 7 -9 7 -9 7 -9 7 -9 6 -9 6 -9 6 -9 6 -9 5 -9 5 -9 5 -9 5 -9 5 -9 5 -9 5 -9 5 -9 5 -9 5 -9 5 -8 4 -8 4 -8 4 -8 4 -7 4 -7 1 -2 0 0 0 0 0 0 0 0 0 0 0 0 0 0 0 0 0 0 1 -3 6 -9 6 -9 6 -9 7 -9 7 -9 7 -9 8 -9 8 -9 9 -9 9 -9 9 -8 9 -8 9 -8 9 -8 9 -8 9 -8 9 -8 9 -8 9 -8 8 -8 8 -8 8 -8 8 -8 8 -8 8 -8 8 -8
1786806318.486915,3919,128,28 -64 1 0 -14 -21 -11 -17 -8 -14 -3 -11 2 -9 7 -8 12 -8 16 -10 19 -12 22 -14 23 -17 23 -19 22 -20 21 -20 18 -19 15 -18 13 -16 11 -12 9 -8 8 -4 7 1 7 4 8 8 9 12 9 14 2 3 0 0 0 0 0 0 0 0 0 0 0 0 0 0 0 0 0 0 -1 1 -3 5 -6 4 -12 3 -17 2 -21 2 -26 3 -29 5 -31 6 -32 8 -32 9 -31 10 -28 10 -24 9 -20 7 -16 4 -12 1 -9 -3 -6 -9 -5 -14 -4 -19 -5 -24 -7 -28 -9 -30 -11 -31 -12 -31 -13 -30
1786806318.5204191,1814,128,100 64 6 0 -24 16 -22 16 -22 15 -21 15 -19 15 -18 14 -19 14 -18 14 -16 14 -16 15 -15 13 -14 13 -13 13 -13 13 -13 13 -13 13 -11 12 -12 10 -12 11 -11 11 -10 10 -10 8 -10 6 -9 6 -8 4 -2 0 0 0 0 0 0 0 0 0 0 0 0 0 0 0 0 0 0 0 -4 1 -12 6 -12 5 -13 6 -14 9 -15 6 -14 5 -13 7 -15 7 -17 6 -18 7 -18 8 -19 9 -22 8 -24 8 -24 8 -24 9 -25 10 -26 10 -23 11 -23 12 -23 11 -24 11 -25 12 -25 12 -24 13 -26 13
1786806318.553538,1815,128,100 64 6 0 23 18 20 18 19 16 21 15 21 15 19 14 18 12 19 10 20 9 18 8 16 9 17 9 17 10 16 10 15 10 14 10 12 10 12 9 11 8 9 7 8 6 8 7 8 7 7 6 6 7 1 1 0 0 0 0 0 0 0 0 0 0 0 0 0 0 0 0 0 0 2 3 10 11 12 5 12 4 11 8 12 11 13 11 14 10 14 12 14 12 15 12 16 12 16 12 15 14 17 15 19 15 19 17 18 19 17 17 18 15 21 14 22 15 22 16 22 16 22 16 22 18 22 19
1786806318.58137,1816,128,100 64 6 0 7 32 7 31 7 29 8 27 7 26 5 26 5 27 6 25 6 23 6 23 6 23 6 21 5 20 2 20 2 20 2 20 2 18 1 17 0 15 -1 13 -2 12 -2 11 -2 11 -2 12 -4 11 -2 2 0 0 0 0 0 0 0 0 0 0 0 0 0 0 0 0 0 0 2 3 7 13 5 11 4 11 5 13 7 15 8 16 7 17 7 18 8 19 7 20 6 22 6 22 7 23 6 25 5 27 5 30 6 30 7 27 6 27 6 29 6 31 5 30 5 28 6 28 7 29 8 28
1786806318.612015,1774,128,28 -64 1 0 28 -7 27 -9 25 -10 23 -10 20 -9 18 -7 17 -6 17 -3 19 -1 21 0 23 0 26 0 29 -1 31 -2 31 -3 31 -4 31 -6 30 -7 28 -7 27 -7 24 -5 21 -3 18 0 16 3 13 6 3 2 0 0 0 0 0 0 0 0 0 0 0 0 0 0 0 0 0 0 3 -3 14 -11 14 -10 15 -9 16 -9 16 -8 16 -7 15 -6 14 -4 15 -2 16 -2 16 0 16 1 16 3 16 4 17 5 18 6 19 6 20 6 20 6 21 6 24 7 26 7 26 6 27 4 30 3 32 2
1786806318.645409,3920,128,28 -64 1 0 -22 -10 -18 -8 -13 -7 -7 -7 -2 -8 3 -9 8 -12 11 -15 13 -18 15 -21 15 -24 15 -25 14 -26 13 -26 11 -25 9 -22 8 -19 7 -15 7 -10 6 -5 6 -1 6 3 8 7 10 10 11 12 2 3 0 0 0 0 0 0 0 0 0 0 0 0 0 0 0 0 0 0 1 0 3 4 0 6 -4 10 -7 14 -10 19 -11 23 -13 26 -13 29 -13 30 -12 30 -10 29 -9 27 -8 24 -7 19 -6 14 -6 8 -7 3 -9 -3 -12 -9 -15 -13 -19 -16 -22 -18 -25 -19 -27 -18 -28 -17 -28 -16
1786806318.6813571,1775,128,28 -64 1 0 -27 14 -23 16 -20 17 -18 17 -16 17 -15 14 -13 10 -14 7 -15 5 -17 4 -20 3 -23 3 -26 3 -29 3 -30 5 -31 6 -32 7 -31 7 -29 7 -28 6 -25 5 -23 3 -21 0 -18 -5 -15 -8 -4 -3 0 0 0 0 0 0 0 0 0 0 0 0 0 0 0 0 0 0 -2 3 -5 13 -6 13 -7 12 -9 11 -10 9 -11 8 -13 8 -14 7 -17 6 -18 6 -18 5 -17 5 -17 5 -17 5 -17 5 -17 5 -16 3 -16 2 -16 1 -18 0 -20 -2 -21 -3 -22 -2 -26 -1 -29 3 -30 6
1786806318.714669,3921,128,28 -64 1 0 -8 22 -7 18 -7 13 -7 7 -8 3 -10 -2 -13 -6 -17 -9 -21 -11 -24 -12 -26 -12 -28 -11 -29 -10 -28 -8 -27 -7 -24 -5 -20 -4 -16 -4 -11 -5 -7 -6 -3 -7 1 -9 4 -11 7 -14 8 -15 2 -4 0 0 0 0 0 0 0 0 0 0 0 0 0 0 0 0 0 0 1 -1 5 -3 7 0 10 4 14 8 18 11 22 13 25 15 28 15 29 15 30 15 29 13 26 11 23 9 18 8 13 6 8 6 2 7 -3 9 -9 12 -13 15 -16 19 -17 22 -18 25 -18 27 -17 28 -16 28
1786806318.747992,3922,128,28 -64 1 0 22 6 18 5 13 5 8 5 2 7 -2 9 -6 13 -8 16 -10 20 -11 23 -11 25 -10 27 -8 28 -7 28 -5 26 -4 23 -3 20 -4 16 -5 11 -6 6 -7 2 -9 -1 -11 -4 -14 -7 -16 -8 -4 -3 0 0 0 0 0 0 0 0 0 0 0 0 0 0 0 0 0 0 -2 -1 -4 -5 0 -8 4 -11 8 -15 11 -19 13 -23 14 -27 15 -29 14 -30 13 -31 11 -30 10 -28 8 -25 7 -20 6 -15 6 -10 6 -4 9 1 12 7 15 11 19 14 23 16 26 16 28 15 29 14 29 13
1786806318.78134,3922,128,28 -64 1 0 -18 13 -15 10 -12 7 -10 3 -8 -2 -8 -6 -8 -11 -10 -15 -12 -18 -14 -20 -16 -21 -17 -20 -19 -20 -19 -19 -19 -17 -17 -14 -14 -13 -11 -11 -7 -9 -3 -8 0 -7 4 -7 7 -8 10 -9 12 -10 3 -3 0 0 0 0 0 0 0 0 0 0 0 0 0 0 0 0 0 0 1 -1 5 0 5 4 5 8 5 13 6 18 8 22 9 25 11 26 12 27 13 27 14 25 13 22 11 19 9 16 6 12 2 9 -2 7 -7 6 -13 5 -18 5 -22 6 -25 8 -27 10 -27 12 -27 14 -26 15
1786806318.814699,3923,128,28 -64 1 0 -9 -22 -8 -18 -5 -14 -1 -11 4 -8 8 -7 13 -6 17 -7 21 -8 24 -10 26 -12 26 -13 26 -15 25 -16 22 -15 19 -14 16 -12 13 -9 11 -5 8 -1 6 3 5 7 5 11 5 14 5 17 1 4 0 0 0 0 0 0 0 0 0 0 0 0 0 0 0 0 0 0 -1 1 -2 5 -6 4 -11 2 -17 2 -22 1 -26 2 -30 3 -32 4 -33 5 -33 6 -32 7 -29 7 -25 6 -21 4 -16 2 -12 -1 -8 -4 -5 -9 -3 -15 -2 -20 -2 -24 -3 -28 -5 -31 -6 -32 -7 -32 -9 -33
1786806318.848074,3924,128,28 -64 1 0 18 -15 15 -12 12 -8 9 -4 8 1 7 6 7 11 8 16 10 19 13 21 14 22 16 22 18 22 18 21 18 19 16 16 14 14 10 11 6 9 2 8 -2 6 -6 6 -10 6 -13 7 -16 8 -4 2 0 0 0 0 0 0 0 0 0 0 0 0 0 0 0 0 0 0 -2 0 -6 -1 -6 -5 -6 -10 -6 -15 -8 -20 -10 -24 -12 -27 -13 -29 -15 -30 -16 -29 -17 -28 -16 -25 -14 -21 -11 -18 -8 -14 -4 -11 1 -8 6 -7 12 -6 18 -6 22 -7 26 -9 28 -11 29 -13 29 -15 28 -16
1786806318.878721,3924,128,28 -64 1 0 4 24 3 19 1 14 -2 10 -6 6 -10 4 -15 2 -19 1 -23 1 -26 3 -28 4 -30 6 -30 7 -28 7 -26 7 -22 7 -19 6 -16 4 -13 1 -9 -2 -6 -5 -4 -8 -3 -12 -3 -16 -2 -18 -1 -5 0 0 0 0 0 0 0 0 0 0 0 0 0 0 0 0 0 0 0 -2 3 -6 6 -4 11 -1 16 1 20 2 24 2 28 2 31 1 33 0 33 -1 31 -3 28 -4 25 -4 20 -3 15 -1 11 1 6 5 2 9 -1 14 -4 18 -5 23 -4 27 -3 30 -1 31 0 32 1 32
1786806318.912081,3925,128,28 -64 1 0 -11 -22 -9 -18 -6 -14 -1 -11 3 -8 8 -7 13 -7 17 -8 21 -9 23 -11 25 -13 25 -15 24 -17 23 -17 20 -17 17 -15 15 -13 12 -10 10 -6 8 -2 6 2 5 6 6 10 7 13 7 15 1 4 0 0 0 0 0 0 0 0 0 0 0 0 0 0 0 0 0 0 -1 1 -3 5 -7 4 -12 3 -17 2 -22 2 -26 3 -29 4 -32 5 -33 6 -32 7 -31 8 -28 8 -25 7 -20 5 -16 3 -12 0 -8 -4 -5 -10 -3 -15 -3 -20 -3 -25 -4 -28 -7 -31 -8 -32 -9 -32 -10 -31
1786806318.945357,3927,128,28 -64 1 0 -24 2 -19 1 -15 0 -10 -3 -6 -6 -3 -10 0 -15 1 -20 1 -24 0 -27 -1 -29 -3 -30 -4 -30 -5 -30 -6 -27 -6 -24 -4 -20 -2 -17 0 -13 2 -8 5 -5 8 -2 11 0 15 1 17 2 4 0 0 0 0 0 0 0 0 0 0 0 0 0 0 0 0 0 0 0 1 0 5 3 3 6 1 11 -1 17 -2 22 -2 26 -2 30 -1 32 0 33 1 33 2 31 3 28 2 24 1 20 -1 14 -3 10 -6 5 -10 1 -15 -2 -20 -5 -24 -6 -28 -6 -31 -5 -33 -3 -33 -1 -33 0
1786806318.978645,3928,128,28 -64 1 0 -7 23 -6 19 -6 14 -7 8 -9 4 -11 -1 -14 -5 -18 -7 -22 -9 -25 -9 -28 -9 -29 -7 -30 -6 -29 -5 -27 -4 -24 -3 -20 -3 -16 -3 -12 -4 -7 -6 -4 -7 0 -9 2 -12 4 -15 6 -17 1 -5 0 0 0 0 0 0 0 0 0 0 0 0 0 0 0 0 0 0 1 -2 4 -4 6 -1 9 4 13 8 17 11 20 13 24 15 27 15 28 15 29 14 29 12 27 10 24 8 19 7 14 6 9 6 3 7 -2 9 -7 12 -12 15 -15 19 -16 22 -16 26 -16 28 -15 29 -15 29
1786806319.010496,3929,128,28 -64 1 0 23 8 19 7 14 6 8 7 3 8 -2 10 -5 14 -7 17 -9 21 -10 24 -9 27 -8 28 -7 29 -5 29 -3 27 -2 23 -2 20 -3 16 -4 12 -5 7 -7 3 -9 0 -12 -2 -16 -4 -18 -5 -5 -2 0 0 0 0 0 0 0 0 0 0 0 0 0 0 0 0 0 0 -1 -2 -2 -7 2 -8 7 -10 11 -12 15 -16 18 -19 20 -22 21 -25 21 -26 20 -27 19 -27 16 -25 14 -23 12 -18 10 -14 8 -9 8 -3 9 2 12 8 14 13 18 16 21 18 24 18 27 18 28 17 28 16
1786806319.045898,1817,128,96 0 6 0 -5 28 -4 28 -3 28 -3 27 -4 25 -5 22 -5 22 -3 23 -2 24 -3 23 -3 22 -3 21 -2 21 -2 21 -4 21 -3 19 -2 16 -4 14 -5 13 -5 14 -5 13 -3 12 -4 11 -5 11 -6 10 -2 2 0 0 0 0 0 0 0 0 0 0 0 0 0 0 0 0 0 0 -1 2 -1 9 0 10 0 11 -1 12 0 14 -1 15 -3 15 -4 16 -5 19 -6 22 -5 23 -5 22 -4 23 -4 23 -4 23 -4 24 -5 26 -5 27 -5 25 -4 25 -4 26 -5 27 -5 28 -5 29 -5 30 -5 29
1786806319.07358,1818,128,96 0 6 0 7 30 7 28 8 26 8 26 7 25 7 22 9 20 11 19 11 21 11 22 10 20 9 18 7 18 7 17 6 16 5 17 6 17 6 14 6 13 5 13 4 12 4 13 4 12 3 10 2 8 0 2 0 0 0 0 0 0 0 0 0 0 0 0 0 0 0 0 0 0 0 4 2 15 0 13 0 12 3 13 4 14 2 15 0 18 1 18 2 17 1 18 0 21 0 23 0 23 1 23 2 24 3 24 3 24 2 25 1 27 0 29 1 28 2 27 2 26 4 26 5 27 2 29
1786806319.1069372,1819,128,96 0 6 0 4 -29 6 -29 4 -31 4 -28 5 -25 4 -23 4 -22 5 -25 5 -26 4 -25 2 -24 1 -23 1 -23 3 -21 4 -18 5 -17 4 -17 4 -16 3 -15 1 -15 2 -15 3 -15 5 -14 5 -12 5 -10 1 -3 0 0 0 0 0 0 0 0 0 0 0 0 0 0 0 0 0 0 0 -3 2 -10 0 -11 1 -15 2 -18 1 -18 -1 -17 0 -17 3 -16 3 -15 3 -15 4 -17 5 -20 7 -23 8 -25 7 -25 6 -25 4 -25 5 -25 5 -26 4 -26 4 -26 3 -27 3 -29 4 -31 5 -31 4 -30
1786806319.1403189,3930,128,28 -64 1 0 -16 14 -13 11 -10 8 -9 4 -8 -1 -8 -6 -9 -10 -11 -14 -13 -17 -15 -19 -17 -19 -19 -19 -20 -19 -20 -18 -19 -16 -17 -13 -14 -11 -11 -10 -7 -8 -3 -7 0 -7 4 -6 8 -7 11 -8 13 -9 3 -3 0 0 0 0 0 0 0 0 0 0 0 0 0 0 0 0 0 0 1 -1 5 -2 6 2 7 7 9 11 11 15 14 18 16 20 18 22 19 22 20 21 20 20 18 18 16 15 13 13 9 10 4 8 -1 7 -6 6 -11 7 -16 8 -20 10 -23 13 -24 15 -25 17 -24 19 -22 21
1786806319.173714,3931,128,28 -64 1 0 20 -13 16 -10 13 -7 10 -3 8 2 8 7 8 12 9 16 12 19 14 22 16 23 18 22 20 22 21 21 20 18 18 15 15 13 11 11 7 10 3 8 -2 7 -6 7 -10 8 -13 10 -15 11 -4 2 0 0 0 0 0 0 0 0 0 0 0 0 0 0 0 0 0 0 -2 -1 -7 -3 -5 -7 -3 -12 -2 -17 -2 -22 -3 -27 -4 -30 -5 -33 -6 -34 -7 -34 -8 -32 -8 -28 -8 -25 -6 -20 -4 -16 -1 -12 3 -8 9 -6 14 -4 19 -3 24 -4 27 -5 29 -8 30 -10 30 -11 29 -12
1786806319.209586,3931,128,28 -64 1 0 -13 17 -11 14 -9 10 -9 5 -9 1 -10 -4 -12 -8 -15 -11 -18 -13 -20 -14 -22 -14 -24 -13 -25 -13 -25 -12 -23 -10 -21 -8 -18 -7 -14 -7 -10 -7 -6 -7 -2 -7 1 -8 4 -10 7 -13 8 -14 2 -4 0 0 0 0 0 0 0 0 0 0 0 0 0 0 0 0 0 0 1 -1 6 -1 6 2 7 7 9 11 11 15 14 18 16 21 18 22 20 22 21 21 20 20 19 17 17 15 13 12 9 10 5 9 0 8 -5 8 -11 9 -15 11 -18 13 -20 15 -22 18 -22 20 -21 22 -20 24
1786806319.2429812,3932,128,28 -64 1 0 19 -14 15 -11 12 -8 9 -4 7 1 6 7 6 12 7 16 9 20 11 22 13 23 15 24 16 23 17 22 17 20 16 17 13 15 9 12 6 10 2 8 -2 6 -6 5 -10 5 -14 5 -16 6 -5 1 0 0 0 0 0 0 0 0 0 0 0 0 0 0 0 0 0 0 -2 0 -6 -1 -6 -5 -7 -10 -8 -15 -9 -20 -11 -24 -13 -27 -15 -29 -16 -30 -18 -29 -18 -27 -17 -25 -15 -21 -12 -18 -8 -14 -4 -11 1 -8 7 -6 13 -6 18 -6 23 -7 26 -9 28 -11 29 -13 29 -15 28 -16
1786806319.2764091,3933,128,28 -64 1 0 19 12 15 10 11 8 5 8 0 8 -5 10 -9 13 -11 16 -14 19 -15 22 -15 24 -14 26 -12 27 -10 26 -8 25 -6 22 -6 19 -6 15 -6 10 -6 5 -7 1 -9 -2 -12 -5 -14 -8 -16 -9 -5 -3 0 0 0 0 0 0 0 0 0 0 0 0 0 0 0 0 0 0 -1 -2 -1 -7 3 -8 8 -9 13 -11 17 -14 21 -16 23 -19 24 -21 24 -23 23 -23 22 -23 19 -22 17 -19 14 -15 11 -11 9 -6 9 -1 9 5 10 11 12 16 15 19 18 21 21 22 23 22 24 21 25 20
1786806319.3069131,1776,128,28 -64 1 0 16 25 18 24 20 22 21 21 20 19 19 17 19 15 18 14 16 14 15 15 14 16 14 18 14 19 15 20 16 21 17 23 18 23 18 23 18 21 17 21 16 19 14 19 11 18 8 18 5 18 0 4 0 0 0 0 0 0 0 0 0 0 0 0 0 0 0 0 0 0 4 1 16 5 16 6 16 7 16 7 15 7 14 7 12 8 9 9 7 10 6 11 4 13 3 16 2 18 2 20 3 21 6 22 7 23 8 22 10 22 11 22 11 22 11 22 12 21 13 21 12 21 12 21
1786806319.340292,3934,128,28 -64 1 0 -21 11 -17 8 -14 5 -10 2 -8 -3 -7 -9 -7 -14 -8 -18 -9 -22 -10 -25 -12 -26 -14 -26 -15 -26 -16 -25 -16 -23 -14 -20 -12 -17 -9 -14 -5 -11 -1 -9 2 -7 6 -5 10 -5 14 -5 16 -5 4 -2 0 0 0 0 0 0 0 0 0 0 0 0 0 0 0 0 0 0 1 -1 6 0 6 4 5 10 6 15 7 20 9 24 10 27 12 29 13 30 14 30 14 28 13 25 11 22 9 18 5 14 1 10 -3 7 -9 5 -15 4 -20 4 -25 5 -28 6 -31 8 -33 10 -32 12 -30 15
1786806319.373725,1777,128,28 -64 1 0 30 -14 28 -16 26 -18 24 -19 22 -21 20 -21 19 -20 17 -19 17 -17 19 -15 21 -14 23 -14 26 -15 28 -15 28 -17 29 -17 30 -17 29 -18 28 -19 28 -19 27 -17 25 -14 25 -11 23 -7 21 -3 5 -1 0 0 0 0 0 0 0 0 0 0 0 0 0 0 0 0 0 0 2 -3 12 -9 12 -8 12 -9 11 -8 11 -7 11 -7 12 -5 12 -3 12 -2 13 -1 14 0 15 1 16 1 17 1 18 0 19 -1 20 -2 21 -3 21 -4 21 -5 22 -5 22 -6 21 -5 23 -5 26 -5 28 -7
1786806319.409596,3935,128,28 -64 1 0 -4 -25 -3 -21 -1 -16 2 -11 6 -8 10 -5 14 -3 19 -3 23 -4 26 -6 27 -8 28 -9 28 -11 26 -11 24 -12 20 -11 17 -10 14 -7 11 -4 8 0 6 4 5 7 4 11 5 15 5 17 1 4 0 0 0 0 0 0 0 0 0 0 0 0 0 0 0 0 0 0 -1 1 -5 4 -8 1 -12 -2 -17 -5 -21 -7 -26 -8 -29 -8 -32 -8 -33 -7 -34 -6 -33 -4 -30 -2 -26 -2 -22 -2 -17 -3 -12 -4 -7 -7 -3 -11 1 -15 4 -20 5 -25 5 -28 4 -32 2 -33 1 -34 0 -33
1786806319.4403672,3936,128,28 -64 1 0 12 20 9 16 6 13 1 10 -4 7 -9 6 -14 6 -18 7 -22 9 -24 11 -26 13 -26 15 -26 16 -24 17 -21 16 -18 15 -16 13 -13 9 -11 5 -8 1 -7 -3 -6 -7 -6 -11 -7 -15 -7 -17 -2 -5 0 0 0 0 0 0 0 0 0 0 0 0 0 0 0 0 0 0 -1 -2 0 -6 4 -6 10 -6 15 -6 20 -7 24 -9 27 -10 30 -12 30 -13 30 -14 28 -14 25 -14 22 -13 18 -10 14 -7 10 -3 7 2 5 8 4 14 4 19 5 23 6 27 9 29 10 30 11 30 12 29
1786806319.476286,3937,128,28 -64 1 0 20 11 17 10 12 8 6 7 1 8 -4 10 -8 12 -11 16 -13 19 -14 22 -14 25 -13 26 -12 27 -10 27 -8 25 -6 23 -6 19 -6 15 -6 11 -6 6 -7 2 -9 -2 -12 -5 -14 -7 -16 -9 -5 -3 0 0 0 0 0 0 0 0 0 0 0 0 0 0 0 0 0 0 -1 -2 -2 -7 2 -8 7 -9 12 -12 16 -14 19 -17 22 -20 23 -22 23 -24 22 -25 20 -25 18 -24 15 -21 13 -17 11 -12 9 -7 8 -2 8 4 10 10 12 15 15 19 18 21 22 21 24 21 25 21 26 20
1786806319.498668,768,128,-117 -78 40 0 9 6 9 5 9 5 9 5 9 5 9 5 9 4 9 4 9 4 9 3 9 3 9 3 9 3 9 3 9 3 9 3 9 3 9 3 9 3 8 3 8 3 8 3 8 2 7 3 7 3 1 0 0 0 0 0 0 0 0 0 0 0 0 0 0 0 0 0 0 0 2 1 8 4 8 4 8 5 8 5 9 5 9 6 9 6 9 7 9 7 9 7 9 7 9 7 9 8 9 8 8 8 8 7 9 7 9 7 9 7 9 7 9 6 9 6 9 6 9 6 9 6 9 6
1786806319.53197,3938,128,28 -64 1 0 22 7 18 6 13 5 7 5 2 7 -3 9 -7 12 -10 16 -12 20 -13 23 -12 25 -12 27 -10 28 -8 27 -7 26 -5 23 -5 19 -5 16 -5 11 -6 6 -6 1 -8 -2 -11 -6 -13 -8 -15 -10 -4 -3 0 0 0 0 0 0 0 0 0 0 0 0 0 0 0 0 0 0 -2 -1 -4 -5 -1 -8 3 -11 7 -15 9 -19 11 -24 13 -27 13 -29 13 -31 12 -31 10 -30 8 -28 7 -24 6 -20 6 -14 5 -9 6 -4 9 2 12 7 16 11 19 14 23 16 26 16 28 16 29 14 29 13
1786806319.5651798,3939,128,28 -64 1 0 20 -8 16 -6 13 -4 9 -1 7 3 5 7 4 12 4 16 5 19 6 22 7 23 9 24 10 23 11 23 12 21 11 18 9 15 6 13 3 10 0 8 -3 5 -7 4 -10 4 -14 4 -16 4 -5 1 0 0 0 0 0 0 0 0 0 0 0 0 0 0 0 0 0 0 -2 -1 -6 -2 -5 -6 -3 -10 -3 -15 -3 -19 -3 -23 -4 -27 -5 -29 -6 -30 -7 -30 -7 -29 -7 -26 -6 -23 -5 -19 -3 -15 -1 -11 3 -8 7 -5 12 -2 17 -1 21 -1 25 -2 28 -3 29 -4 30 -7 29 -9
1786806319.5985432,3940,128,28 -64 1 0 15 17 12 15 7 11 2 9 -3 8 -8 7 -12 8 -16 10 -20 12 -22 14 -24 16 -23 19 -22 20 -20 20 -18 19 -15 17 -13 15 -11 11 -9 7 -8 2 -7 -2 -7 -6 -7 -10 -9 -13 -10 -15 -3 -4 0 0 0 0 0 0 0 0 0 0 0 0 0 0 0 0 0 0 -1 -2 0 -7 4 -7 9 -7 14 -8 19 -9 23 -12 26 -14 28 -15 28 -16 27 -17 26 -17 23 -17 20 -15 17 -11 13 -8 9 -4 7 1 6 7 6 13 6 18 8 23 11 26 13 27 14 28 15 28 16 27
1786806319.6292632,3941,128,28 -64 1 0 20 -10 16 -8 13 -5 10 -2 7 2 6 7 6 11 7 15 8 19 10 21 12 22 13 22 15 21 16 21 16 18 15 15 12 13 9 11 5 9 2 7 -2 6 -6 6 -9 6 -12 7 -14 8 -4 2 0 0 0 0 0 0 0 0 0 0 0 0 0 0 0 0 0 0 -2 -1 -6 -4 -4 -7 -2 -11 -1 -16 0 -20 0 -24 -1 -28 -2 -30 -3 -31 -4 -31 -5 -30 -6 -27 -5 -23 -4 -19 -2 -15 0 -11 3 -8 8 -5 13 -3 17 -2 22 -2 25 -3 28 -4 29 -6 29 -8 28 -9
1786806319.6653812,1820,128,124 -64 7 0 22 -26 21 -23 20 -22 20 -23 19 -23 16 -22 15 -22 14 -21 14 -22 14 -22 12 -20 11 -20 12 -20 12 -19 12 -18 11 -18 11 -17 11 -15 11 -15 11 -14 10 -13 9 -12 8 -10 8 -9 9 -9 2 -2 0 0 0 0 0 0 0 0 0 0 0 0 0 0 0 0 0 0 2 -2 9 -8 9 -9 8 -11 9 -13 10 -12 10 -9 11 -9 11 -12 12 -12 13 -12 14 -13 16 -14 17 -14 18 -15 17 -18 17 -20 18 -21 17 -21 15 -19 16 -18 18 -20 20 -21 21 -21 21 -21 22 -23 23 -23
1786806319.70149,1821,128,124 -64 7 0 25 -22 23 -21 21 -21 20 -21 19 -20 18 -20 17 -19 18 -18 19 -17 17 -15 15 -15 14 -17 14 -17 15 -15 14 -14 13 -14 13 -14 13 -12 13 -11 13 -12 11 -12 10 -11 9 -9 8 -7 9 -7 2 -2 0 0 0 0 0 0 0 0 0 0 0 0 0 0 0 0 0 0 2 -1 7 -3 7 -7 10 -8 12 -7 11 -9 11 -11 13 -12 15 -12 16 -12 15 -12 15 -13 17 -14 18 -13 19 -14 21 -15 22 -16 22 -16 22 -16 22 -17 21 -18 21 -19 23 -21 22 -21 22 -21 23 -20 22 -18
1786806319.737439,1822,128,124 -64 7 0 14 -32 14 -31 11 -30 9 -28 8 -26 9 -24 10 -23 9 -23 6 -24 6 -24 7 -23 7 -21 8 -19 8 -21 8 -23 8 -22 8 -20 9 -18 8 -17 8 -16 8 -13 8 -12 6 -13 5 -12 5 -10 1 -3 0 0 0 0 0 0 0 0 0 0 0 0 0 0 0 0 0 0 0 -4 1 -14 3 -11 4 -12 6 -13 9 -10 9 -12 8 -17 8 -18 8 -16 10 -15 13 -15 13 -17 12 -21 13 -22 14 -23 15 -24 16 -24 15 -23 14 -25 13 -27 12 -28 12 -27 11 -27 11 -28 12 -30 12 -31
1786806319.770869,3942,128,28 -64 1 0 -24 -7 -20 -6 -15 -6 -9 -6 -3 -8 1 -10 5 -14 7 -17 9 -21 10 -24 10 -27 9 -28 8 -29 6 -29 5 -27 4 -24 4 -20 4 -17 4 -12 5 -7 6 -3 8 1 10 4 13 6 15 8 3 2 0 0 0 0 0 0 0 0 0 0 0 0 0 0 0 0 0 0 1 0 3 4 0 6 -4 10 -8 14 -10 19 -12 23 -13 27 -13 29 -13 31 -12 31 -11 30 -9 28 -8 24 -7 20 -6 14 -6 9 -7 4 -10 -2 -13 -7 -17 -11 -21 -14 -24 -16 -28 -16 -30 -16 -30 -15 -30 -13
1786806319.8006349,3943,128,28 -64 1 0 2 23 1 19 0 14 -3 10 -7 6 -11 3 -15 1 -20 1 -24 1 -27 2 -29 4 -30 6 -30 7 -29 8 -26 8 -23 8 -20 7 -16 4 -12 1 -9 -2 -6 -6 -4 -9 -3 -13 -3 -17 -2 -19 -1 -5 0 0 0 0 0 0 0 0 0 0 0 0 0 0 0 0 0 0 0 -2 3 -5 6 -3 10 0 15 3 20 5 24 6 28 6 31 6 32 5 32 4 31 3 29 1 25 1 21 1 15 2 10 3 5 5 1 9 -3 14 -5 18 -7 23 -6 26 -6 29 -5 31 -3 32 -2 33
1786806319.9707751,3944,128,28 -64 1 0 -22 -2 -18 -2 -14 -3 -9 -4 -5 -6 -1 -9 2 -13 3 -17 4 -21 4 -23 4 -25 3 -26 1 -27 0 -27 -1 -25 -1 -22 -1 -18 0 -15 1 -11 3 -7 4 -4 7 -1 10 1 13 3 14 4 3 1 0 0 0 0 0 0 0 0 0 0 0 0 0 0 0 0 0 0 1 0 3 3 1 6 -2 10 -4 14 -6 18 -7 22 -7 26 -7 28 -6 29 -5 29 -4 28 -3 26 -3 23 -3 18 -3 13 -4 9 -6 4 -9 -1 -13 -4 -17 -7 -21 -9 -24 -10 -27 -9 -29 -9 -30 -7 -29 -6
1786806320.039902,3945,128,28 -64 1 0 -22 -8 -18 -7 -13 -6 -8 -6 -2 -8 2 -10 6 -13 9 -17 11 -21 12 -24 11 -26 11 -27 9 -28 8 -28 6 -26 4 -23 4 -19 4 -15 4 -11 5 -6 5 -2 7 2 9 5 12 7 14 9 3 2 0 0 0 0 0 0 0 0 0 0 0 0 0 0 0 0 0 0 1 1 3 5 -1 7 -5 10 -8 14 -11 19 -13 22 -15 25 -15 28 -15 29 -14 29 -12 28 -11 26 -9 23 -8 18 -7 13 -7 8 -8 2 -10 -3 -13 -9 -16 -13 -20 -15 -23 -17 -27 -18 -28 -17 -29 -15 -29 -14
1786806320.070563,3946,128,28 -64 1 0 20 -6 16 -5 12 -3 9 0 5 4 3 8 2 12 2 16 2 20 3 22 4 24 6 25 7 25 8 24 9 22 8 19 7 16 4 13 1 10 -1 7 -4 4 -7 3 -11 2 -14 1 -16 1 -4 0 0 0 0 0 0 0 0 0 0 0 0 0 0 0 0 0 0 0 -2 -1 -6 -3 -4 -6 -3 -11 -2 -16 -2 -20 -2 -24 -3 -27 -3 -29 -5 -30 -6 -30 -6 -29 -7 -26 -6 -23 -5 -18 -3 -14 0 -10 3 -7 8 -3 13 -1 17 0 21 1 25 0 27 -1 29 -3 29 -5 28 -6
1786806320.103998,1823,128,124 -64 7 0 1 -31 0 -31 0 -29 1 -27 0 -27 0 -29 -1 -28 -2 -26 -2 -26 -1 -26 0 -24 -1 -22 -2 -21 -2 -21 -3 -20 -3 -19 -2 -18 -1 -18 -1 -17 -1 -17 -1 -17 0 -15 1 -14 2 -13 2 -13 0 -4 0 0 0 0 0 0 0 0 0 0 0 0 0 0 0 0 0 0 0 -5 1 -16 1 -17 2 -18 4 -18 5 -17 4 -17 4 -18 5 -20 4 -20 4 -21 5 -24 6 -25 6 -24 6 -26 5 -27 5 -26 5 -28 6 -29 7 -29 5 -29 5 -30 5 -30 4 -32 3 -32 4 -31 4 -33
1786806320.137296,1824,128,96 0 6 0 -34 7 -31 8 -28 9 -26 10 -25 11 -22 11 -23 10 -24 9 -25 8 -24 7 -22 8 -22 9 -21 7 -19 6 -16 6 -17 6 -18 5 -18 4 -17 4 -15 4 -14 4 -14 3 -11 1 -10 0 -10 0 -3 0 0 0 0 0 0 0 0 0 0 0 0 0 0 0 0 0 0 0 -5 1 -17 4 -13 1 -12 2 -16 1 -16 -1 -14 0 -15 2 -18 4 -21 6 -22 5 -24 3 -27 1 -27 0 -26 -1 -26 1 -25 3 -25 4 -26 4 -28 4 -30 4 -31 4 -32 2 -32 2 -31 5 -31 6 -33 5
1786806320.173289,1825,128,96 0 6 0 -25 14 -23 14 -22 13 -21 12 -21 14 -21 14 -19 13 -17 12 -16 12 -15 10 -15 10 -17 11 -19 10 -18 8 -17 6 -16 6 -15 6 -13 7 -11 6 -12 3 -14 1 -13 3 -12 4 -12 3 -13 2 -4 0 0 0 0 0 0 0 0 0 0 0 0 0 0 0 0 0 0 0 -3 1 -10 6 -9 6 -11 8 -13 11 -13 11 -13 11 -14 12 -15 10 -14 8 -15 9 -17 12 -18 11 -19 8 -22 8 -23 9 -24 10 -22 12 -21 13 -23 13 -23 14 -23 15 -24 14 -25 13 -24 13 -22 13 -22 13
1786806320.209416,1826,128,96 0 6 0 -23 17 -19 15 -19 14 -19 14 -20 13 -21 13 -19 14 -18 14 -16 14 -16 14 -15 13 -14 12 -15 11 -15 11 -15 11 -15 11 -14 10 -13 9 -13 7 -14 6 -14 5 -12 4 -11 4 -10 3 -10 2 -3 0 0 0 0 0 0 0 0 0 0 0 0 0 0 0 0 0 0 0 -3 2 -8 9 -7 10 -8 10 -10 11 -12 12 -12 12 -12 11 -13 12 -15 12 -16 12 -16 13 -19 13 -21 12 -21 12 -19 13 -20 13 -21 13 -20 12 -21 14 -22 15 -22 14 -22 14 -23 16 -23 17 -23 17 -22 18
1786806320.242741,1778,128,28 -64 1 0 24 -14 23 -17 22 -19 19 -20 17 -20 13 -19 11 -18 11 -15 12 -12 13 -9 16 -8 20 -7 23 -5 27 -5 30 -5 32 -7 33 -9 32 -11 32 -12 30 -11 27 -9 24 -6 22 -3 19 0 16 3 3 1 0 0 0 0 0 0 0 0 0 0 0 0 0 0 0 0 0 0 1 -4 5 -13 6 -13 7 -13 8 -11 8 -9 7 -8 7 -7 7 -7 9 -6 11 -3 12 -2 13 -2 12 -2 13 -2 15 -2 14 -3 13 -4 13 -4 14 -3 13 -3 12 -3 13 -3 15 -3 17 -3 21 -3 24 -5
1786806320.276212,3947,128,28 -64 1 0 -21 -14 -17 -12 -12 -10 -7 -9 -1 -9 4 -10 8 -12 11 -15 14 -19 15 -22 15 -24 15 -26 13 -27 12 -27 10 -25 8 -23 7 -20 6 -16 6 -11 6 -6 6 -2 7 2 9 5 12 8 14 9 3 2 0 0 0 0 0 0 0 0 0 0 0 0 0 0 0 0 0 0 0 1 1 6 -3 7 -8 8 -13 10 -17 12 -21 15 -24 18 -25 20 -25 21 -24 22 -22 22 -20 21 -17 19 -15 15 -12 10 -10 6 -9 0 -9 -6 -10 -12 -12 -17 -15 -20 -18 -23 -21 -24 -23 -24 -24 -23 -24 -22
1786806320.3149362,1779,128,28 -64 1 0 -13 -25 -15 -24 -17 -24 -19 -23 -20 -20 -19 -18 -17 -17 -15 -18 -12 -17 -11 -17 -10 -19 -9 -21 -9 -24 -9 -26 -8 -28 -9 -31 -11 -31 -13 -31 -13 -31 -12 -29 -11 -27 -9 -25 -6 -23 -2 -20 1 -16 0 -4 0 0 0 0 0 0 0 0 0 0 0 0 0 0 0 0 0 0 -5 -1 -20 -1 -20 -3 -19 -3 -17 -2 -16 -1 -15 -3 -12 -4 -9 -5 -7 -6 -4 -9 -1 -12 0 -15 0 -18 -1 -20 -3 -22 -6 -24 -7 -24 -8 -24 -10 -23 -12 -21 -13 -20 -13 -19 -11 -19 -10 -20 -9 -22 -9 -23
1786806320.348377,1827,128,100 64 6 0 -8 31 -8 29 -7 28 -7 28 -7 27 -8 26 -6 26 -5 26 -4 24 -3 23 -2 23 -1 22 -1 21 -3 21 -6 20 -6 20 -4 19 -5 16 -6 14 -5 13 -5 14 -5 13 -5 11 -5 11 -4 10 -1 2 0 0 0 0 0 0 0 0 0 0 0 0 0 0 0 0 0 0 0 3 0 13 -1 12 -2 13 -3 14 -6 14 -6 15 -5 16 -6 18 -7 18 -6 19 -7 20 -8 21 -9 21 -8 21 -9 22 -10 23 -9 23 -9 25 -9 27 -8 28 -9 29 -10 28 -9 27 -8 28 -8 30 -8 32
1786806320.378786,1828,128,100 64 6 0 3 32 2 31 2 28 2 28 4 28 4 28 4 27 4 24 4 23 4 23 4 22 4 22 3 20 0 19 -2 20 -1 19 -1 17 -2 16 -1 16 -1 15 -2 14 -3 12 -3 12 -2 12 -2 11 -1 2 0 0 0 0 0 0 0 0 0 0 0 0 0 0 0 0 0 0 1 2 7 9 6 11 4 11 2 10 2 11 4 15 5 16 4 15 4 14 4 17 5 22 6 22 6 23 6 24 6 23 6 24 4 26 2 28 2 29 1 28 2 27 4 25 5 27 4 29 6 29 9 27
1786806320.41228,1829,128,100 64 6 0 24 -15 23 -15 23 -15 22 -15 20 -15 19 -14 19 -13 18 -13 17 -13 17 -13 16 -13 14 -12 15 -12 15 -12 14 -12 14 -11 14 -9 13 -9 12 -9 11 -7 10 -6 11 -6 10 -6 10 -5 10 -4 2 -1 0 0 0 0 0 0 0 0 0 0 0 0 0 0 0 0 0 0 2 -2 9 -7 9 -8 10 -8 11 -7 13 -7 13 -8 12 -8 12 -8 15 -10 16 -9 17 -7 18 -8 18 -10 19 -10 21 -10 23 -10 22 -9 22 -10 23 -10 22 -11 23 -11 24 -11 24 -12 24 -14 25 -15 27 -15
1786806320.448289,1830,128,-76 64 11 0 -12 25 -12 24 -13 22 -13 23 -13 23 -12 22 -11 23 -13 21 -13 20 -10 19 -8 18 -9 18 -10 17 -10 16 -10 14 -11 14 -9 13 -7 11 -7 11 -9 12 -9 11 -9 11 -9 10 -9 7 -8 6 -2 1 0 0 0 0 0 0 0 0 0 0 0 0 0 0 0 0 0 0 -3 2 -10 10 -9 12 -9 14 -10 14 -7 14 -7 13 -9 12 -11 12 -10 14 -10 17 -11 17 -11 16 -12 18 -13 18 -15 18 -15 20 -14 21 -15 21 -16 21 -16 20 -14 21 -13 22 -14 24 -15 26 -16 25 -17 24
1786806320.481729,3948,128,28 -64 1 0 20 13 16 11 11 9 6 8 0 8 -5 9 -9 11 -13 13 -16 16 -17 20 -18 22 -17 24 -16 24 -15 24 -12 23 -10 20 -9 18 -8 14 -8 9 -7 4 -7 0 -8 -4 -10 -7 -12 -10 -13 -12 -4 -4 0 0 0 0 0 0 0 0 0 0 0 0 0 0 0 0 0 0 -1 -2 -2 -6 1 -8 6 -10 11 -12 15 -16 18 -19 20 -22 21 -24 21 -26 20 -26 19 -26 16 -24 14 -21 12 -17 10 -12 8 -7 7 -2 8 4 9 10 12 15 15 19 18 21 21 22 22 23 23 22 23 21
1786806320.5151181,3950,128,28 -64 1 0 -12 18 -10 15 -9 10 -8 6 -8 1 -9 -4 -11 -8 -13 -12 -16 -14 -19 -15 -21 -16 -22 -15 -23 -14 -23 -13 -22 -11 -20 -9 -17 -8 -13 -7 -9 -7 -5 -7 -1 -7 2 -8 6 -9 8 -11 10 -12 2 -3 0 0 0 0 0 0 0 0 0 0 0 0 0 0 0 0 0 0 1 -1 4 -3 6 1 8 5 10 9 13 13 16 16 19 17 21 18 23 19 23 18 23 17 21 14 18 12 15 10 11 8 6 7 1 6 -4 7 -9 9 -14 11 -17 14 -20 16 -21 18 -21 20 -21 22 -20 22
1786806320.551104,3950,128,28 -64 1 0 -15 19 -12 15 -10 11 -9 6 -9 1 -10 -4 -12 -9 -15 -13 -18 -16 -21 -17 -23 -18 -25 -17 -26 -16 -27 -15 -25 -13 -23 -11 -19 -10 -15 -9 -10 -8 -6 -8 -1 -8 3 -9 7 -10 10 -12 12 -14 3 -4 0 0 0 0 0 0 0 0 0 0 0 0 0 0 0 0 0 0 1 -1 6 -2 7 2 8 7 11 12 14 16 17 20 19 22 21 24 23 24 24 24 23 22 22 19 19 17 15 14 10 11 6 9 0 8 -6 8 -12 9 -16 11 -20 14 -23 17 -24 19 -25 22 -24 24 -22 24
1786806320.584417,3950,128,28 -64 1 0 -24 5 -20 3 -16 1 -11 -2 -8 -5 -6 -10 -4 -15 -4 -19 -5 -23 -6 -26 -8 -28 -10 -29 -11 -29 -12 -28 -12 -26 -12 -22 -10 -19 -7 -16 -4 -13 0 -10 3 -7 7 -5 11 -5 15 -5 17 -5 4 -2 0 0 0 0 0 0 0 0 0 0 0 0 0 0 0 0 0 0 1 0 5 3 2 7 0 11 -3 16 -4 21 -4 26 -4 30 -4 32 -3 33 -2 33 0 32 1 29 1 25 0 20 -1 15 -3 10 -6 6 -11 2 -15 -1 -20 -3 -25 -4 -28 -3 -31 -2 -33 -1 -34 0 -34 1
1786806320.620464,3950,128,28 -64 1 0 -17 -16 -14 -13 -10 -11 -5 -9 0 -9 4 -9 8 -10 12 -12 15 -15 16 -18 17 -20 16 -21 15 -22 14 -22 12 -21 10 -19 9 -17 8 -14 7 -9 6 -5 6 -1 7 2 8 6 10 9 11 10 2 2 0 0 0 0 0 0 0 0 0 0 0 0 0 0 0 0 0 0 0 1 0 5 -4 5 -9 5 -14 7 -18 8 -22 10 -24 13 -26 14 -26 16 -26 16 -24 17 -22 16 -19 14 -16 11 -13 8 -10 4 -8 0 -8 -6 -8 -12 -9 -16 -11 -20 -13 -23 -15 -25 -17 -25 -18 -25 -19 -24
1786806320.6538088,3951,128,28 -64 1 0 7 -24 6 -19 6 -14 6 -9 8 -4 10 0 13 4 17 7 21 9 24 9 26 9 27 8 28 6 28 5 27 4 24 3 20 2 15 2 11 3 7 5 3 6 -1 8 -3 11 -5 14 -7 16 -2 4 0 0 0 0 0 0 0 0 0 0 0 0 0 0 0 0 0 0 -2 0 -6 2 -8 -1 -10 -6 -14 -10 -17 -14 -21 -16 -24 -18 -27 -19 -29 -19 -29 -18 -29 -16 -27 -14 -24 -12 -19 -10 -14 -9 -9 -8 -4 -8 2 -10 8 -13 12 -16 15 -19 17 -23 17 -26 17 -28 16 -29 15 -29
1786806320.684566,3952,128,28 -64 1 0 23 5 18 5 13 4 8 5 3 7 -2 10 -5 13 -7 17 -9 21 -9 24 -9 26 -8 28 -7 28 -5 28 -3 26 -2 23 -3 19 -3 15 -4 11 -5 6 -7 2 -9 -1 -12 -4 -15 -6 -16 -8 -5 -2 0 0 0 0 0 0 0 0 0 0 0 0 0 0 0 0 0 0 -2 -1 -4 -5 -1 -8 3 -11 7 -15 9 -19 11 -24 13 -27 13 -29 13 -31 11 -31 9 -31 8 -28 7 -25 6 -20 5 -15 5 -10 6 -5 9 1 12 6 16 10 20 13 24 14 27 14 29 14 29 12 29 11
1786806320.7231832,772,128,-117 -78 40 0 15 -13 15 -13 14 -13 14 -14 14 -14 14 -14 13 -14 13 -14 12 -14 12 -14 11 -14 11 -14 11 -14 11 -14 11 -14 11 -14 10 -14 10 -13 10 -13 9 -12 9 -12 9 -12 9 -11 9 -11 8 -10 2 -3 0 0 0 0 0 0 0 0 0 0 0 0 0 0 0 0 0 0 2 -4 11 -14 11 -14 12 -14 13 -14 13 -14 14 -14 14 -14 15 -14 16 -14 17 -14 17 -14 17 -13 17 -13 17 -13 17 -13 17 -13 17 -13 17 -13 17 -13 16 -13 16 -14 16 -14 16 -14 16 -14 16 -14 15 -14
1786806320.7511418,1831,128,-76 64 11 0 5 28 5 27 5 28 4 27 3 25 2 24 2 24 3 23 4 23 4 22 4 21 4 19 3 18 2 17 2 17 1 17 1 16 1 15 -1 14 -1 13 -1 12 -1 12 -1 12 -1 11 -3 10 -1 2 0 0 0 0 0 0 0 0 0 0 0 0 0 0 0 0 0 0 0 2 2 9 4 9 4 10 3 12 3 13 4 14 5 14 4 15 3 17 3 19 3 21 2 21 2 22 4 23 3 24 2 26 2 25 3 25 3 25 3 24 3 23 4 25 4 27 3 29 3 29 5 29
1786806320.778881,1835,128,-128 0 8 0 27 7 25 6 24 6 23 4 23 4 22 5 21 4 21 4 21 4 20 4 19 4 18 5 18 3 18 2 18 4 16 6 15 5 14 4 13 4 13 3 12 3 11 4 9 4 8 4 7 5 1 1 0 0 0 0 0 0 0 0 0 0 0 0 0 0 0 0 0 0 2 0 9 2 10 2 11 2 11 2 12 2 14 2 16 1 17 2 17 4 18 7 19 8 20 8 21 7 20 8 22 8 24 8 23 6 22 5 23 6 25 7 23 6 23 6 25 6 27 7 28 7 29 7
1786806320.8067782,1836,128,98 32 6 0 30 0 30 0 30 2 29 1 27 2 25 3 24 2 23 -1 23 -1 25 1 24 1 22 -1 20 -1 19 0 19 0 18 1 17 3 15 4 13 4 13 4 13 3 12 3 11 3 11 4 11 4 2 1 0 0 0 0 0 0 0 0 0 0 0 0 0 0 0 0 0 0 2 -1 11 -3 13 -3 12 -4 13 -4 15 -3 16 -2 17 -1 18 1 20 1 23 0 22 0 21 1 22 1 24 0 25 2 24 5 25 3 27 1 28 1 28 4 28 4 29 4 29 2 30 1 32 0 32 1
1786806320.842839,3961,128,28 -64 1 0 16 -18 13 -14 10 -10 8 -6 8 -1 8 5 9 10 11 14 13 17 15 20 17 21 19 21 20 20 21 19 20 17 18 15 15 12 12 10 8 9 3 8 -1 7 -5 6 -9 7 -13 8 -15 8 -4 2 0 0 0 0 0 0 0 0 0 0 0 0 0 0 0 0 0 0 -2 0 -6 1 -7 -3 -8 -8 -10 -13 -13 -17 -16 -20 -18 -23 -21 -25 -22 -25 -23 -25 -22 -23 -21 -21 -19 -18 -15 -15 -11 -12 -6 -10 -1 -8 5 -8 11 -9 16 -10 20 -12 23 -14 25 -17 26 -19 25 -21 23 -23
1786806320.873461,3968,128,28 -64 1 0 22 -9 18 -7 14 -4 10 -1 7 3 5 8 3 13 3 17 4 21 5 24 7 26 9 26 10 26 12 25 12 23 11 20 9 17 6 14 3 11 0 8 -4 5 -8 4 -11 3 -15 3 -17 3 -5 0 0 0 0 0 0 0 0 0 0 0 0 0 0 0 0 0 0 0 -2 -1 -6 -2 -4 -6 -3 -11 -2 -16 -1 -21 -2 -25 -2 -29 -4 -32 -5 -33 -7 -33 -7 -32 -8 -29 -7 -25 -6 -20 -4 -16 -1 -12 2 -8 7 -4 13 -2 18 0 23 0 27 -1 30 -2 31 -4 32 -5 31 -6
1786806320.9067352,1839,128,-128 0 8 0 -6 35 -7 32 -6 30 -5 29 -5 29 -5 29 -4 27 -3 24 -3 23 -2 23 -1 22 1 20 1 21 0 20 -2 18 -4 17 -5 17 -4 16 -3 14 -4 14 -5 14 -5 13 -4 11 -4 9 -5 8 -2 2 0 0 0 0 0 0 0 0 0 0 0 0 0 0 0 0 0 0 -1 2 -2 10 -2 11 -2 14 -2 16 -3 16 -5 16 -4 16 -4 17 -6 20 -7 23 -6 24 -7 24 -8 24 -10 24 -9 25 -8 26 -6 27 -8 26 -9 26 -9 27 -7 29 -5 31 -6 32 -8 32 -8 32 -8 30
1786806320.942935,1840,128,-128 0 8 0 21 -24 22 -24 24 -22 22 -23 19 -22 17 -20 17 -19 17 -19 17 -20 15 -20 15 -20 14 -20 12 -19 12 -18 14 -18 14 -17 12 -16 11 -14 11 -12 12 -10 13 -10 13 -10 12 -8 10 -7 8 -6 2 -2 0 0 0 0 0 0 0 0 0 0 0 0 0 0 0 0 0 0 1 -3 7 -12 8 -12 10 -12 12 -11 13 -11 13 -11 13 -12 14 -14 16 -16 18 -16 19 -15 18 -15 19 -17 20 -18 19 -17 18 -17 20 -18 21 -19 21 -21 22 -23 22 -23 23 -22 25 -23 24 -24 24 -24 25 -24
1786806320.9733639,1841,128,-128 0 8 0 23 20 22 18 23 17 22 17 19 15 21 11 22 9 21 9 20 8 20 9 20 10 19 9 18 8 16 8 16 7 16 7 14 7 13 6 13 7 13 8 11 8 10 7 9 6 8 6 8 7 2 2 0 0 0 0 0 0 0 0 0 0 0 0 0 0 0 0 0 0 1 2 6 8 6 7 3 7 4 7 8 9 9 11 10 13 11 14 11 18 10 21 7 19 9 17 11 17 13 19 14 20 15 20 16 21 16 21 17 18 18 17 18 19 19 21 20 20 22 18 22 17 21 18
1786806321.006803,1842,128,98 32 6 0 -1 -36 -2 -35 -4 -33 -2 -33 -2 -32 -3 -30 -3 -28 -4 -26 -3 -26 -2 -25 -2 -24 -4 -22 -5 -21 -4 -21 -3 -20 -3 -20 -3 -20 -2 -18 -2 -16 -2 -17 0 -16 1 -13 0 -12 1 -12 2 -12 0 -4 0 0 0 0 0 0 0 0 0 0 0 0 0 0 0 0 0 0 0 -5 1 -19 0 -17 -2 -15 -1 -16 1 -17 1 -17 1 -18 2 -22 3 -24 4 -24 4 -26 3 -25 2 -24 2 -26 3 -28 3 -30 1 -29 -1 -29 2 -29 3 -29 1 -31 1 -32 0 -32 -1 -32 0 -31 1 -31
1786806321.0373042,1780,128,28 -64 1 0 7 25 9 25 10 24 9 23 10 22 11 21 11 20 11 20 10 21 9 22 9 23 8 24 9 24 10 26 10 27 8 27 9 28 9 27 9 26 7 25 6 23 4 21 2 21 -2 20 -4 18 -2 4 0 0 0 0 0 0 0 0 0 0 0 0 0 0 0 0 0 0 2 3 8 12 9 13 9 13 9 12 9 12 8 12 6 12 4 11 2 11 -1 10 -3 12 -4 14 -5 16 -6 16 -5 18 -5 20 -4 22 -2 23 -1 23 -1 23 0 24 1 25 2 25 3 25 4 24 5 24
1786806321.070606,3969,128,28 -64 1 0 -23 5 -19 3 -14 1 -10 -2 -6 -5 -4 -10 -2 -14 -2 -19 -2 -23 -3 -26 -4 -28 -6 -28 -7 -28 -9 -28 -9 -25 -9 -22 -7 -19 -5 -15 -2 -12 1 -8 3 -5 7 -3 10 -2 14 -1 16 -1 4 0 0 0 0 0 0 0 0 0 0 0 0 0 0 0 0 0 0 0 1 0 5 2 3 5 1 10 0 15 0 20 0 24 0 28 1 30 3 31 4 31 4 30 4 27 4 23 2 19 1 14 -1 10 -5 6 -9 2 -15 -1 -19 -2 -24 -3 -28 -2 -30 -1 -32 0 -32 1 -32 2
1786806321.1039932,3970,128,28 -64 1 0 -19 15 -16 12 -13 8 -11 3 -9 -1 -9 -7 -10 -12 -12 -16 -14 -19 -16 -21 -19 -22 -20 -22 -22 -21 -22 -20 -21 -18 -19 -15 -16 -13 -12 -11 -8 -9 -4 -8 0 -8 4 -8 8 -8 11 -10 13 -11 3 -3 0 0 0 0 0 0 0 0 0 0 0 0 0 0 0 0 0 0 1 -1 6 0 5 4 5 9 6 14 8 19 10 23 12 26 14 28 15 29 16 28 16 26 16 24 14 20 11 17 7 13 3 10 -2 8 -8 6 -13 6 -18 7 -23 9 -26 11 -28 13 -29 14 -29 16 -28 17
1786806321.140002,1781,128,28 -64 1 0 -21 19 -19 20 -17 21 -15 20 -13 18 -11 17 -11 16 -11 15 -13 14 -15 14 -17 15 -20 16 -22 17 -22 19 -22 21 -23 22 -22 23 -21 23 -20 23 -20 22 -19 19 -18 15 -17 12 -18 8 -19 5 -5 0 0 0 0 0 0 0 0 0 0 0 0 0 0 0 0 0 0 0 -3 3 -9 15 -9 15 -10 15 -10 13 -11 13 -10 12 -10 12 -11 10 -12 7 -13 5 -14 4 -15 4 -17 2 -18 2 -19 2 -19 3 -20 4 -21 5 -22 5 -22 5 -23 5 -24 7 -24 9 -24 10 -24 12 -25 13
1786806321.1733792,3973,128,28 -64 1 0 -24 -7 -19 -6 -14 -5 -9 -6 -4 -7 1 -9 5 -13 8 -16 10 -20 11 -23 11 -26 10 -27 9 -28 8 -28 6 -26 5 -24 4 -20 4 -17 4 -12 5 -7 5 -3 7 1 9 4 12 7 13 9 3 2 0 0 0 0 0 0 0 0 0 0 0 0 0 0 0 0 0 0 1 0 3 3 1 6 -3 10 -6 14 -8 19 -9 23 -10 27 -10 29 -10 31 -9 31 -7 30 -6 28 -5 24 -5 19 -4 14 -5 9 -7 4 -9 -2 -13 -7 -16 -11 -20 -13 -24 -15 -27 -15 -29 -15 -30 -13 -30 -12
1786806321.2149708,1843,128,98 32 6 0 -22 -24 -21 -24 -18 -24 -17 -24 -17 -22 -18 -22 -17 -22 -16 -20 -15 -18 -15 -16 -16 -15 -16 -15 -16 -14 -15 -14 -12 -14 -12 -14 -11 -13 -10 -12 -11 -12 -11 -13 -10 -12 -10 -11 -8 -10 -6 -10 -6 -11 -2 -3 0 0 0 0 0 0 0 0 0 0 0 0 0 0 0 0 0 0 -2 -2 -8 -7 -11 -8 -11 -9 -10 -9 -11 -12 -11 -15 -9 -17 -8 -18 -9 -18 -11 -18 -12 -20 -12 -20 -12 -22 -12 -23 -12 -23 -14 -23 -14 -24 -15 -25 -15 -25 -15 -24 -17 -24 -17 -26 -16 -26 -17 -25 -17 -25 -18 -23
1786806321.245547,1844,128,98 32 6 0 -3 27 -3 24 -2 24 -1 25 -1 24 -1 21 0 18 2 19 2 19 1 18 1 17 0 17 0 18 0 17 -1 16 -3 14 -4 13 -2 12 -1 13 -3 13 -5 11 -5 10 -6 9 -7 8 -6 7 -2 1 0 0 0 0 0 0 0 0 0 0 0 0 0 0 0 0 0 0 -1 3 -1 13 1 13 1 14 -2 14 -1 12 1 13 2 16 3 19 -1 20 -4 20 -5 20 -4 22 -2 22 -3 21 -2 21 -1 22 -1 22 0 21 0 20 0 20 1 23 1 26 1 27 -1 25 -3 24 -2 24
1786806321.276095,1845,128,-128 0 8 0 27 -3 26 -2 27 -4 25 -6 24 -5 25 -4 23 -5 21 -6 22 -8 22 -8 20 -6 18 -5 17 -4 18 -3 19 -2 17 -1 15 0 14 0 14 -1 13 -1 12 -1 13 0 12 1 10 2 9 1 2 0 0 0 0 0 0 0 0 0 0 0 0 0 0 0 0 0 0 0 4 -2 14 -6 13 -5 16 -3 17 0 17 0 18 0 17 -1 17 -4 21 -5 26 -4 25 -2 23 -2 23 -1 24 -1 25 -2 27 -2 26 -1 24 -1 26 0 27 0 28 -2 29 -2 30 -3 31 -6 32 -5 31 -5
1786806321.312275,3974,128,28 -64 1 0 -12 36 -10 29 -9 21 -10 12 -13 5 -17 -3 -22 -9 -28 -13 -34 -16 -40 -17 -44 -17 -46 -15 -47 -13 -47 -12 -44 -9 -39 -7 -33 -6 -26 -6 -19 -8 -11 -10 -4 -12 2 -14 7 -18 11 -23 14 -25 3 -7 0 0 0 0 0 0 0 0 0 0 0 0 0 0 0 0 0 0 1 -2 7 -6 11 -1 16 6 23 12 29 16 36 20 41 22 45 23 48 23 48 22 47 19 43 16 38 13 30 11 22 10 13 10 5 11 -4 14 -12 18 -19 24 -23 30 -26 36 -26 41 -26 44 -24 46 -21 46
1786806321.342977,3975,128,28 -64 1 0 23 2 19 2 14 2 9 4 5 6 1 10 -2 14 -3 18 -3 22 -3 25 -2 28 -1 29 1 29 2 29 3 27 4 23 3 20 1 16 -1 12 -4 8 -6 4 -9 2 -13 0 -16 -1 -18 -2 -5 -1 0 0 0 0 0 0 0 0 0 0 0 0 0 0 0 0 0 0 -2 -2 -4 -6 -1 -8 3 -12 7 -15 10 -20 12 -24 13 -27 14 -30 13 -31 12 -32 10 -31 8 -29 7 -25 6 -20 5 -15 5 -10 7 -5 10 0 13 5 17 8 21 11 25 11 28 11 30 10 31 9 31 8
1786806321.376145,3980,128,28 -64 1 0 -1 22 -1 18 -2 13 -4 8 -7 4 -10 0 -14 -3 -18 -5 -22 -6 -26 -5 -28 -4 -29 -3 -30 -2 -29 -1 -27 0 -24 1 -20 1 -16 0 -12 -2 -7 -4 -4 -6 0 -8 2 -12 4 -15 5 -17 1 -5 0 0 0 0 0 0 0 0 0 0 0 0 0 0 0 0 0 0 0 -2 4 -5 7 -3 11 0 16 3 21 4 25 5 28 6 30 6 32 5 31 4 30 3 27 2 23 1 19 1 14 2 8 3 3 5 -1 9 -5 13 -8 17 -10 22 -10 25 -9 28 -9 30 -8 31 -7 31
1786806321.406661,1847,128,-128 0 8 0 17 23 17 22 15 20 14 18 14 18 16 19 15 19 13 17 14 14 13 15 12 17 11 17 13 15 12 13 10 12 10 11 8 12 8 12 8 11 8 10 8 10 7 11 5 11 3 9 2 7 0 1 0 0 0 0 0 0 0 0 0 0 0 0 0 0 0 0 0 0 1 3 6 13 7 13 6 13 5 13 7 11 8 11 7 13 7 14 10 15 11 15 10 14 9 15 10 16 13 16 13 16 12 16 11 18 12 19 12 19 13 20 14 22 16 21 18 22 17 22 16 22 16 22
1786806321.4402251,1848,128,98 32 6 0 9 -29 8 -31 8 -28 10 -25 10 -25 8 -25 7 -25 6 -25 6 -24 5 -22 5 -21 7 -20 7 -19 5 -21 6 -23 8 -20 10 -17 10 -15 10 -14 8 -14 7 -13 7 -13 6 -13 7 -11 7 -9 1 -3 0 0 0 0 0 0 0 0 0 0 0 0 0 0 0 0 0 0 2 -4 7 -13 5 -13 6 -14 6 -14 4 -14 4 -16 4 -17 3 -17 5 -18 6 -18 6 -18 8 -20 10 -22 8 -22 8 -22 9 -23 11 -24 14 -25 14 -25 14 -27 12 -29 10 -29 11 -30 11 -29 10 -28 9 -30
1786806321.4761229,1849,128,98 32 6 0 -27 18 -28 18 -26 19 -23 18 -21 16 -21 14 -20 15 -19 17 -19 17 -18 15 -18 13 -18 13 -18 14 -17 14 -16 14 -16 11 -15 9 -14 7 -14 7 -13 7 -13 8 -12 7 -12 5 -12 4 -11 4 -3 1 0 0 0 0 0 0 0 0 0 0 0 0 0 0 0 0 0 0 -3 1 -10 5 -10 6 -9 5 -10 3 -12 6 -15 8 -15 9 -15 9 -17 9 -18 11 -19 11 -19 11 -19 12 -20 13 -22 13 -22 12 -22 12 -22 13 -22 15 -23 15 -26 15 -27 15 -28 15 -29 17 -27 17 -26 16
1786806321.506825,1850,128,98 32 6 0 -1 29 -1 30 -3 30 -4 30 -2 30 -2 28 -3 26 -3 25 -3 24 -4 21 -2 20 1 20 -1 19 -3 19 -5 18 -7 18 -5 17 -3 13 -2 12 -1 14 -2 14 -3 14 -4 13 -6 9 -8 8 -2 2 0 0 0 0 0 0 0 0 0 0 0 0 0 0 0 0 0 0 0 2 3 9 3 11 1 15 -2 18 -2 17 0 17 0 17 -1 17 -3 18 -6 19 -6 22 -5 23 -6 23 -7 25 -5 26 -1 25 0 24 -3 26 -6 26 -5 25 -2 25 -4 26 -8 29 -8 31 -6 31 -4 32
1786806321.54016,3981,128,28 -64 1 0 -18 13 -15 10 -12 7 -9 3 -8 -1 -7 -6 -7 -11 -9 -15 -11 -18 -13 -20 -14 -21 -16 -21 -17 -21 -17 -21 -17 -19 -15 -16 -13 -13 -10 -12 -6 -10 -3 -8 1 -7 4 -6 8 -6 12 -6 14 -7 3 -2 0 0 0 0 0 0 0 0 0 0 0 0 0 0 0 0 0 0 1 -1 5 -1 5 2 6 7 7 12 9 16 11 19 13 22 15 23 17 24 18 24 18 22 17 20 14 17 11 14 8 11 4 9 -1 7 -6 6 -12 5 -16 6 -21 8 -24 9 -26 12 -27 14 -26 15 -24 16
1786806321.57614,3982,128,28 -64 1 0 -23 -11 -19 -9 -14 -8 -8 -8 -3 -9 2 -11 6 -13 9 -16 11 -20 12 -23 12 -25 12 -27 10 -28 9 -28 7 -26 6 -23 5 -20 5 -17 5 -12 5 -7 6 -3 8 1 10 4 13 6 14 8 3 2 0 0 0 0 0 0 0 0 0 0 0 0 0 0 0 0 0 0 0 1 2 5 -2 7 -7 9 -11 12 -15 15 -18 19 -20 22 -21 25 -21 26 -20 27 -18 27 -16 25 -14 22 -12 17 -10 12 -9 7 -9 2 -10 -4 -12 -9 -14 -14 -18 -17 -21 -20 -24 -21 -27 -21 -28 -20 -28 -18
1786806321.609411,3985,128,28 -64 1 0 -4 23 -4 18 -4 13 -5 8 -7 3 -10 -1 -13 -5 -17 -7 -22 -9 -25 -9 -28 -8 -29 -7 -30 -6 -30 -5 -28 -4 -25 -3 -21 -2 -17 -3 -12 -4 -8 -5 -4 -7 0 -8 4 -11 6 -14 8 -16 2 -4 0 0 0 0 0 0 0 0 0 0 0 0 0 0 0 0 0 0 0 -2 3 -5 6 -2 10 1 15 4 19 6 23 8 27 9 30 9 31 8 31 8 30 6 28 4 24 3 19 3 14 3 9 4 3 5 -2 8 -6 12 -10 16 -12 20 -13 23 -13 26 -12 28 -12 29 -11 29
1786806321.642875,3986,128,28 -64 1 0 -22 -10 -17 -8 -13 -7 -7 -7 -2 -8 3 -10 7 -12 10 -16 12 -19 14 -22 14 -24 13 -26 12 -27 10 -27 8 -25 7 -22 6 -19 6 -15 5 -10 5 -6 5 -1 6 2 8 6 11 9 12 11 3 2 0 0 0 0 0 0 0 0 0 0 0 0 0 0 0 0 0 0 1 1 3 5 -1 7 -5 10 -8 14 -11 18 -13 21 -15 25 -15 27 -15 29 -14 29 -12 28 -11 26 -10 22 -8 18 -7 13 -7 7 -8 2 -9 -4 -12 -9 -15 -13 -18 -16 -22 -18 -25 -19 -27 -18 -28 -17 -29 -16
1786806321.709491,3955,256,126 -32 7 0 20 -8 16 -6 12 -4 9 0 6 3 4 7 4 12 4 16 5 19 6 22 8 23 9 23 11 23 12 22 12 20 11 17 9 14 6 12 3 9 0 7 -3 5 -6 4 -10 4 -13 4 -15 4 -4 1 0 0 0 0 0 0 0 0 0 0 0 0 0 0 0 0 0 0 -2 -1 -6 -4 -4 -7 -2 -11 -1 -16 0 -20 0 -24 -1 -27 -2 -29 -3 -30 -4 -30 -5 -29 -5 -26 -4 -23 -3 -18 -2 -14 1 -10 4 -7 8 -3 13 -1 17 0 21 0 25 -1 27 -2 29 -4 28 -5 27 -6 11 -6 43 -20 36 -17 29 -13 24 -9 17 -3 12 5 10 14 9 23 11 31 13 37 15 41 18 43 21 43 25 42 27 41 27 37 25 31 20 27 14 23 8 18 2 14 -4 11 -11 9 -17 9 -23 11 -27 12 -30 12 -31 11 -8 2 0 0 0 0 0 0 0 0 0 0 -5 2 -17 8 -14 4 -11 -4 -8 -12 -6 -20 -4 -29 -3 -38 -3 -46 -5 -51 -6 -55 -9 -57 -11 -57 -13 -54 -12 -49 -10 -42 -7 -34 -4 -27 0 -20 7 -13 16 -8 25 -4 33 -3 41 -3 48 -5 53 -8 54 -12 51 -15 48 -17
1786806321.745583,776,128,-117 -78 40 0 -5 -11 -5 -11 -5 -11 -5 -10 -5 -10 -5 -10 -6 -10 -6 -10 -6 -9 -6 -9 -7 -9 -7 -9 -7 -9 -7 -9 -6 -9 -6 -9 -6 -9 -6 -9 -6 -8 -6 -8 -6 -8 -6 -7 -5 -7 -5 -7 -5 -7 -2 -2 0 0 0 0 0 0 0 0 0 0 0 0 0 0 0 0 0 0 -2 -3 -6 -9 -5 -10 -5 -10 -5 -10 -5 -11 -5 -11 -5 -12 -5 -12 -5 -12 -4 -12 -4 -12 -4 -12 -4 -12 -4 -12 -4 -12 -4 -12 -4 -12 -4 -12 -4 -12 -4 -12 -4 -12 -4 -11 -5 -11 -5 -11 -5 -11 -4 -11
1786806321.778964,1851,128,-128 0 8 0 -11 31 -9 28 -9 26 -9 26 -8 25 -7 24 -5 24 -3 24 -4 22 -5 18 -4 18 -4 20 -4 21 -5 21 -6 19 -9 17 -10 15 -8 14 -7 13 -5 13 -5 11 -6 11 -8 11 -8 10 -7 8 -2 1 0 0 0 0 0 0 0 0 0 0 0 0 0 0 0 0 0 0 -1 3 -3 12 -4 12 -5 12 -6 14 -6 14 -4 14 -6 14 -8 15 -7 17 -7 17 -8 19 -9 19 -9 18 -10 19 -10 21 -9 24 -10 27 -10 26 -10 23 -12 23 -13 25 -12 26 -12 25 -11 26 -11 29 -11 30
1786806321.814949,3993,128,28 -64 1 0 -19 -15 -15 -13 -11 -11 -5 -9 0 -8 5 -9 9 -10 13 -13 16 -15 18 -18 19 -20 19 -22 17 -23 16 -23 14 -22 11 -20 10 -17 8 -14 7 -9 6 -4 6 0 6 4 7 7 9 11 10 13 2 3 0 0 0 0 0 0 0 0 0 0 0 0 0 0 0 0 0 0 0 1 0 5 -3 6 -9 7 -13 9 -17 11 -21 14 -24 17 -25 19 -25 20 -24 21 -23 21 -21 20 -18 17 -15 14 -12 9 -10 5 -8 0 -8 -6 -8 -12 -10 -17 -12 -21 -15 -24 -17 -25 -19 -26 -20 -25 -21 -24
1786806321.848402,3994,128,28 -64 1 0 -20 -14 -16 -12 -12 -9 -6 -9 -1 -9 4 -10 8 -12 12 -15 14 -18 16 -21 16 -23 16 -25 14 -26 13 -26 11 -24 9 -22 8 -19 7 -15 7 -10 6 -5 6 -1 7 3 9 6 11 9 13 10 3 2 0 0 0 0 0 0 0 0 0 0 0 0 0 0 0 0 0 0 0 1 1 6 -3 7 -8 9 -13 11 -17 14 -20 17 -23 19 -24 21 -24 23 -23 23 -21 23 -19 22 -16 19 -14 15 -12 10 -10 5 -9 0 -9 -6 -10 -12 -12 -17 -15 -20 -18 -23 -21 -24 -23 -24 -24 -23 -24 -22
1786806321.881831,3995,128,28 -64 1 0 20 -13 15 -11 12 -8 10 -3 8 2 6 7 5 12 6 17 7 21 9 23 10 25 12 25 13 25 14 24 14 22 13 19 10 17 7 14 4 10 0 8 -4 5 -7 4 -11 3 -15 2 -17 2 -5 0 0 0 0 0 0 0 0 0 0 0 0 0 0 0 0 0 0 0 -2 0 -7 0 -7 -4 -8 -9 -10 -14 -12 -19 -14 -22 -16 -25 -18 -27 -20 -28 -20 -28 -20 -26 -19 -23 -16 -20 -13 -17 -9 -14 -5 -11 1 -8 7 -7 12 -6 18 -6 22 -8 26 -10 29 -11 30 -13 30 -16 28 -18
1786806321.9177501,3996,128,28 -64 1 0 -24 -5 -20 -5 -15 -4 -10 -5 -4 -7 0 -10 3 -14 5 -18 6 -22 7 -26 6 -28 5 -29 4 -30 3 -30 1 -28 0 -25 1 -22 2 -18 3 -13 4 -8 5 -4 8 -1 11 2 14 4 16 6 4 1 0 0 0 0 0 0 0 0 0 0 0 0 0 0 0 0 0 0 1 0 3 4 0 7 -4 10 -7 14 -10 19 -12 23 -13 26 -13 29 -13 30 -12 30 -10 29 -9 27 -8 23 -7 19 -6 14 -6 9 -8 3 -10 -2 -13 -7 -17 -10 -21 -13 -24 -14 -28 -14 -30 -13 -31 -12 -31 -10
1786806321.948363,1783,128,28 -64 1 0 28 -3 28 -3 28 -5 27 -6 25 -7 24 -8 23 -8 22 -8 22 -7 22 -5 22 -4 23 -4 26 -4 28 -5 29 -5 28 -6 27 -6 27 -6 26 -7 24 -6 23 -5 22 -3 20 0 18 3 16 6 4 1 0 0 0 0 0 0 0 0 0 0 0 0 0 0 0 0 0 0 4 -3 17 -12 16 -12 16 -11 17 -10 17 -8 15 -7 15 -6 14 -4 14 -2 15 0 15 3 16 5 17 6 18 7 19 9 21 9 22 8 24 6 25 5 26 3 28 3 28 2 27 3 28 2 30 1 29 0
1786806321.981633,4000,128,28 -64 1 0 0 -25 1 -20 1 -15 4 -10 6 -6 10 -3 14 0 18 2 22 2 25 2 27 1 28 0 29 -2 28 -3 26 -3 23 -4 19 -4 16 -2 12 0 8 2 4 5 2 8 0 11 -2 14 -3 16 -1 4 0 0 0 0 0 0 0 0 0 0 0 0 0 0 0 0 0 0 -1 1 -5 4 -8 1 -12 -3 -16 -6 -20 -8 -25 -9 -28 -10 -31 -10 -32 -9 -32 -8 -32 -7 -29 -5 -25 -4 -21 -4 -16 -4 -11 -5 -6 -7 -1 -10 4 -14 7 -19 9 -23 9 -27 9 -29 8 -31 7 -32 6 -32
1786806322.012197,1859,128,-128 0 8 0 18 25 17 26 16 25 17 21 18 19 17 20 16 19 16 17 16 17 16 17 15 16 15 15 15 15 15 15 15 14 13 14 12 13 11 11 9 11 7 11 7 11 7 10 6 10 5 9 5 8 1 2 0 0 0 0 0 0 0 0 0 0 0 0 0 0 0 0 0 0 0 2 1 10 2 10 2 11 3 12 5 13 5 15 5 16 9 15 10 16 7 18 7 18 9 19 10 21 11 20 11 19 12 19 12 21 12 23 12 25 14 26 16 26 15 24 14 24 15 27 13 30 10 28
1786806322.0482829,1860,128,98 32 6 0 18 -30 18 -28 18 -25 17 -24 15 -25 15 -25 13 -24 13 -23 13 -22 13 -23 12 -21 13 -20 12 -19 12 -17 12 -17 12 -16 12 -14 11 -14 11 -14 12 -13 12 -12 11 -9 10 -8 10 -8 10 -8 2 -2 0 0 0 0 0 0 0 0 0 0 0 0 0 0 0 0 0 0 1 -4 5 -13 5 -14 7 -14 7 -13 7 -14 7 -15 7 -16 8 -18 7 -20 7 -19 10 -19 13 -18 15 -20 14 -19 15 -19 18 -21 19 -23 19 -24 19 -26 18 -25 17 -25 17 -27 17 -26 20 -27 21 -29 19 -28
1786806322.076098,1861,128,98 32 6 0 6 28 7 27 6 27 6 26 7 24 7 24 6 23 5 23 3 22 4 21 5 20 5 20 6 20 7 18 5 18 5 17 4 16 3 16 2 15 0 14 0 13 0 13 0 12 -1 11 -2 10 -1 2 0 0 0 0 0 0 0 0 0 0 0 0 0 0 0 0 0 0 1 2 4 9 4 11 3 11 3 12 2 12 2 14 3 16 4 17 3 17 2 18 2 20 3 20 2 20 1 22 1 23 3 23 5 24 4 26 3 28 2 28 3 27 4 26 5 28 5 29 4 28 3 29
1786806322.114996,1862,128,98 32 6 0 -31 -10 -31 -10 -29 -9 -29 -8 -29 -8 -28 -7 -27 -5 -28 -5 -30 -6 -29 -6 -27 -7 -26 -7 -24 -5 -22 -5 -21 -6 -20 -7 -20 -6 -20 -6 -18 -7 -16 -7 -15 -9 -14 -9 -12 -7 -12 -5 -12 -6 -3 -2 0 0 0 0 0 0 0 0 0 0 0 0 0 0 0 0 0 0 -4 0 -13 0 -13 0 -15 -1 -17 -3 -15 -5 -17 -7 -20 -7 -21 -7 -19 -8 -19 -10 -22 -10 -23 -10 -23 -10 -24 -10 -25 -11 -25 -11 -26 -11 -27 -11 -28 -13 -29 -14 -29 -13 -30 -12 -30 -9 -30 -9 -33 -11 -37 -11
1786806322.145492,4002,128,28 -64 1 0 23 -3 19 -2 15 0 10 2 6 5 4 10 2 14 2 19 2 23 3 26 5 27 7 28 8 28 10 27 10 25 9 21 8 18 5 15 2 12 -2 8 -5 6 -9 4 -12 4 -16 3 -19 3 -5 0 0 0 0 0 0 0 0 0 0 0 0 0 0 0 0 0 0 0 -2 -2 -5 -5 -2 -8 2 -12 5 -16 7 -21 9 -25 9 -29 9 -32 8 -33 7 -33 6 -32 5 -29 4 -26 3 -21 3 -16 4 -11 6 -6 10 -1 14 2 18 5 23 6 27 7 29 6 31 5 32 3 32 2
1786806322.179015,4003,128,28 -64 1 0 -22 -11 -18 -10 -13 -9 -7 -8 -2 -9 3 -10 7 -13 10 -16 13 -20 14 -23 14 -25 13 -27 12 -28 10 -27 8 -26 6 -23 5 -20 5 -16 5 -11 6 -6 6 -2 7 2 10 5 12 8 14 9 3 2 0 0 0 0 0 0 0 0 0 0 0 0 0 0 0 0 0 0 0 1 2 5 -2 6 -7 9 -12 12 -16 15 -18 18 -21 21 -22 24 -21 26 -20 26 -19 26 -16 24 -14 21 -12 17 -10 12 -9 7 -9 2 -10 -4 -11 -10 -14 -15 -17 -18 -20 -21 -24 -21 -25 -21 -26 -21 -26 -20
1786806322.209505,4004,128,28 -64 1 0 22 -1 18 0 13 1 9 3 5 6 2 10 0 15 0 19 0 23 1 26 2 28 4 28 6 28 8 28 8 25 8 22 6 18 4 15 1 11 -2 8 -5 5 -9 3 -13 2 -16 2 -18 2 -5 0 0 0 0 0 0 0 0 0 0 0 0 0 0 0 0 0 0 0 -2 -2 -4 -7 -1 -9 3 -12 6 -16 9 -20 11 -25 12 -28 12 -30 11 -31 10 -32 9 -31 7 -28 6 -24 5 -20 5 -15 5 -10 7 -5 10 0 14 4 18 7 22 8 26 9 29 8 30 7 31 5 31 4
1786806322.242847,4008,128,28 -64 1 0 -8 -22 -6 -18 -4 -14 0 -10 4 -7 9 -5 14 -4 19 -4 22 -5 25 -7 27 -8 28 -10 28 -11 27 -12 24 -12 21 -11 18 -9 15 -7 11 -3 8 0 5 4 3 8 2 12 1 15 1 18 0 4 0 0 0 0 0 0 0 0 0 0 0 0 0 0 0 0 0 0 -1 1 -2 5 -6 4 -12 3 -17 2 -22 2 -27 3 -30 4 -33 5 -33 6 -33 6 -31 7 -28 8 -25 7 -20 5 -16 2 -11 -1 -7 -5 -4 -10 -2 -15 0 -20 0 -25 -1 -29 -3 -31 -4 -33 -6 -33 -8 -33
1786806322.276191,4009,128,28 -64 1 0 -18 13 -15 10 -12 7 -10 3 -9 -2 -9 -7 -9 -11 -11 -15 -13 -18 -15 -20 -17 -20 -18 -20 -19 -20 -20 -19 -19 -16 -18 -14 -15 -12 -11 -10 -7 -9 -3 -8 0 -7 4 -7 7 -8 11 -9 12 -10 3 -3 0 0 0 0 0 0 0 0 0 0 0 0 0 0 0 0 0 0 1 -1 6 0 5 4 5 8 6 13 7 17 8 21 10 24 11 26 13 27 14 27 14 25 13 22 12 19 9 16 6 12 2 10 -2 8 -7 6 -13 6 -17 6 -21 7 -24 9 -26 11 -27 13 -26 15 -24 17
1786806322.309511,1863,128,-128 0 8 0 -27 7 -27 8 -25 9 -24 9 -22 9 -21 9 -21 9 -20 8 -19 8 -18 8 -18 9 -18 8 -18 8 -18 8 -16 7 -14 7 -14 7 -13 5 -13 4 -14 4 -15 3 -13 3 -12 3 -11 3 -10 2 -3 0 0 0 0 0 0 0 0 0 0 0 0 0 0 0 0 0 0 0 -3 1 -12 4 -12 3 -12 2 -14 3 -16 5 -17 4 -18 3 -19 3 -20 4 -20 5 -21 4 -22 2 -23 3 -22 3 -22 3 -25 3 -26 5 -26 6 -28 5 -28 5 -28 7 -27 7 -27 7 -28 8 -29 9 -30 6
1786806322.348325,1864,128,-128 0 8 0 -17 -22 -17 -23 -16 -22 -14 -22 -13 -22 -14 -22 -14 -21 -14 -18 -13 -16 -13 -16 -12 -16 -12 -16 -11 -15 -10 -14 -11 -15 -12 -15 -10 -14 -8 -14 -7 -13 -7 -12 -8 -12 -7 -10 -6 -9 -4 -9 -4 -8 -2 -2 0 0 0 0 0 0 0 0 0 0 0 0 0 0 0 0 0 0 -3 -3 -9 -12 -8 -13 -8 -14 -7 -14 -7 -13 -6 -12 -6 -13 -8 -17 -9 -20 -9 -21 -8 -22 -8 -23 -7 -22 -7 -21 -8 -21 -9 -22 -10 -24 -11 -25 -10 -24 -10 -23 -10 -24 -12 -25 -15 -26 -15 -27 -13 -26 -12 -26
1786806322.409643,1169,256,83 48 5 0 0 25 2 27 4 26 7 23 9 22 9 20 9 18 7 17 5 18 3 19 0 21 -2 23 -3 24 -3 27 -3 30 -2 32 -1 33 -1 33 1 33 1 31 1 28 -1 24 -3 21 -6 17 -10 14 -3 3 0 0 0 0 0 0 0 0 0 0 0 0 0 0 0 0 0 0 1 4 7 15 6 13 5 13 5 13 6 12 5 11 2 10 -1 10 -3 9 -4 9 -6 10 -7 11 -8 12 -9 13 -9 14 -9 16 -7 16 -6 16 -6 16 -5 16 -3 17 -3 18 -4 18 -5 17 -6 18 -6 20 -1 7 0 24 1 23 3 22 4 21 4 20 4 20 4 21 5 21 6 22 7 21 6 21 4 20 1 21 -2 22 -3 25 -3 28 -2 30 -1 30 0 29 0 26 -2 24 -5 21 -9 20 -12 19 -14 18 -16 16 -20 16 -19 13 -4 2 -1 0 0 -1 -1 -1 -1 -1 0 0 2 0 10 2 8 2 6 9 4 10 2 11 2 13 2 13 2 13 1 12 0 11 -1 10 -3 9 -6 10 -7 11 -8 12 -8 13 -8 14 -7 14 -6 14 -6 14 -6 14 -5 15 -4 16 -3 17 -3 17 -2 18 -2 19 -2 20
1786806322.442827,4011,128,28 -64 1 0 -5 -24 -4 -20 -2 -15 2 -11 6 -7 10 -4 14 -2 18 -1 22 -1 26 -2 28 -4 29 -5 28 -7 27 -7 25 -8 22 -7 19 -7 15 -5 11 -2 8 1 5 4 2 7 1 11 0 15 0 17 -1 4 0 0 0 0 0 0 0 0 0 0 0 0 0 0 0 0 0 0 -1 1 -4 5 -7 3 -12 0 -17 -1 -22 -2 -27 -2 -30 -2 -33 -1 -34 0 -34 0 -33 2 -30 3 -26 2 -21 1 -16 0 -11 -2 -7 -6 -3 -10 1 -15 3 -20 4 -25 4 -28 2 -31 1 -33 0 -33 -1 -33
1786806322.478981,1867,128,100 64 6 0 -20 28 -21 29 -20 29 -18 27 -18 26 -18 24 -16 23 -15 22 -14 22 -13 22 -12 20 -14 18 -15 18 -15 18 -15 16 -16 16 -15 15 -13 14 -13 13 -14 11 -13 11 -13 10 -11 8 -11 6 -11 5 -3 1 0 0 0 0 0 0 0 0 0 0 0 0 0 0 0 0 0 0 -2 3 -7 13 -6 13 -6 12 -6 12 -5 14 -6 16 -8 19 -9 19 -11 17 -13 18 -14 20 -14 21 -14 21 -14 20 -16 19 -16 20 -17 21 -18 23 -16 26 -14 25 -16 24 -18 26 -19 28 -20 28 -22 28 -21 30
1786806322.515049,1868,128,100 64 6 0 -22 21 -22 20 -22 19 -21 19 -20 18 -19 18 -17 18 -16 17 -17 18 -16 19 -14 19 -14 17 -15 16 -15 16 -14 16 -13 15 -12 13 -13 12 -12 12 -12 10 -11 8 -10 8 -10 8 -10 7 -10 5 -3 1 0 0 0 0 0 0 0 0 0 0 0 0 0 0 0 0 0 0 -3 2 -11 9 -10 7 -11 8 -12 8 -11 9 -12 10 -14 10 -15 9 -12 10 -12 12 -16 12 -18 10 -17 11 -18 13 -20 14 -22 15 -22 16 -21 15 -22 16 -22 17 -23 18 -23 19 -23 20 -24 20 -25 18 -23 18
1786806322.551146,1869,128,-128 0 8 0 20 -19 19 -19 19 -19 20 -19 19 -19 17 -18 18 -17 15 -19 13 -20 14 -19 13 -17 13 -16 13 -15 13 -14 13 -13 14 -12 14 -12 14 -11 13 -11 11 -11 11 -10 10 -8 9 -6 11 -6 11 -6 2 -2 0 0 0 0 0 0 0 0 0 0 0 0 0 0 0 0 0 0 1 -3 6 -9 7 -9 7 -10 7 -9 9 -8 11 -11 13 -13 13 -13 15 -14 16 -15 16 -13 16 -12 15 -13 15 -14 18 -15 19 -15 19 -15 19 -15 19 -15 19 -17 20 -19 20 -19 21 -19 21 -21 21 -19 20 -17
1786806322.581828,1870,128,-128 0 8 0 20 21 20 22 19 22 17 21 17 19 15 18 14 18 16 18 17 18 16 15 15 14 13 15 13 15 12 14 12 13 12 14 11 14 9 14 7 14 7 13 6 11 6 11 5 11 4 11 5 10 1 2 0 0 0 0 0 0 0 0 0 0 0 0 0 0 0 0 0 0 1 2 6 8 7 9 7 10 7 10 8 11 9 12 10 12 10 12 11 13 11 15 11 16 12 17 13 19 14 20 13 19 12 19 13 19 13 21 13 23 14 23 15 22 16 23 19 24 20 25 21 24 22 24
1786806322.617728,4013,128,28 -64 1 0 15 -20 13 -16 11 -11 9 -6 9 -1 10 4 11 9 14 12 17 15 20 16 22 16 24 16 25 15 25 14 24 12 21 9 18 8 14 7 9 7 5 6 1 7 -3 8 -6 10 -9 12 -11 14 -3 3 0 0 0 0 0 0 0 0 0 0 0 0 0 0 0 0 0 0 -2 0 -8 -1 -7 -5 -8 -10 -9 -16 -10 -20 -13 -24 -15 -27 -17 -29 -19 -29 -20 -29 -20 -27 -19 -24 -17 -21 -13 -17 -10 -14 -5 -11 0 -9 6 -8 12 -9 18 -11 22 -13 24 -15 26 -18 26 -20 26 -22 24 -22
1786806322.648469,4013,128,28 -64 1 0 -5 24 -5 19 -5 14 -6 9 -8 5 -12 1 -15 -3 -20 -4 -24 -5 -27 -5 -29 -4 -31 -3 -31 -1 -30 0 -28 1 -24 2 -21 2 -17 1 -13 -1 -9 -4 -6 -6 -3 -9 -1 -12 0 -16 1 -18 0 -5 0 0 0 0 0 0 0 0 0 0 0 0 0 0 0 0 0 0 1 -1 6 -3 8 0 10 5 14 9 17 13 21 15 24 17 27 17 29 17 29 17 29 14 27 12 23 10 19 8 14 7 8 7 3 8 -3 10 -8 13 -12 17 -14 21 -15 24 -15 28 -15 30 -14 31 -13 31
1786806322.6844642,4015,128,28 -64 1 0 10 -23 8 -18 7 -13 7 -8 8 -3 10 2 13 6 16 9 20 11 23 11 26 11 27 10 28 8 28 7 26 5 23 4 20 3 15 3 11 3 7 5 2 6 -1 8 -4 11 -6 14 -7 16 -2 4 0 0 0 0 0 0 0 0 0 0 0 0 0 0 0 0 0 0 -2 0 -8 1 -8 -3 -10 -8 -12 -13 -15 -17 -18 -20 -21 -22 -23 -24 -25 -24 -25 -23 -25 -21 -23 -19 -21 -16 -17 -13 -12 -11 -7 -10 -2 -9 4 -10 9 -12 14 -14 18 -18 20 -21 21 -24 21 -26 20 -27 18 -27
1786806322.723358,1871,128,-128 0 8 0 -22 -26 -22 -25 -24 -22 -23 -21 -21 -22 -18 -22 -18 -21 -18 -19 -18 -18 -18 -18 -17 -18 -17 -18 -15 -19 -14 -18 -14 -17 -14 -16 -13 -16 -11 -16 -10 -15 -10 -13 -7 -13 -6 -13 -6 -12 -6 -11 -6 -11 -2 -3 0 0 0 0 0 0 0 0 0 0 0 0 0 0 0 0 0 0 -3 -2 -9 -7 -10 -8 -11 -8 -13 -7 -14 -8 -13 -11 -13 -13 -12 -13 -12 -14 -14 -13 -17 -14 -18 -15 -16 -17 -13 -18 -13 -18 -16 -20 -18 -22 -17 -22 -16 -23 -17 -23 -18 -24 -19 -25 -20 -25 -21 -25 -23 -25 -25 -26
1786806322.759666,1872,128,124 -64 7 0 -1 -29 -1 -29 -2 -28 -2 -27 -1 -25 -1 -23 -3 -23 -4 -23 -4 -23 -4 -23 -4 -22 -4 -21 -3 -19 -3 -19 -3 -19 -2 -18 -1 -16 -1 -15 -2 -16 -1 -15 1 -14 1 -13 1 -12 2 -11 2 -10 0 -3 0 0 0 0 0 0 0 0 0 0 0 0 0 0 0 0 0 0 -1 -4 -2 -12 -2 -12 -1 -13 -1 -14 -2 -13 -2 -14 -2 -15 -2 -17 0 -18 0 -18 -1 -20 -3 -22 -3 -22 -1 -22 -1 -23 -1 -26 0 -26 0 -26 0 -26 0 -26 -1 -27 -1 -27 -2 -26 -2 -27 -1 -27 -1 -28
1786806322.795715,1784,128,28 -64 1 0 22 -18 21 -21 19 -24 18 -24 16 -24 13 -24 12 -23 11 -22 10 -19 11 -18 13 -17 15 -17 17 -18 20 -19 22 -21 23 -21 23 -22 23 -23 22 -23 22 -21 21 -20 20 -17 20 -14 20 -11 19 -7 4 -2 0 0 0 0 0 0 0 0 0 0 0 0 0 0 0 0 0 0 1 -3 4 -11 6 -12 8 -12 8 -10 7 -11 7 -11 7 -8 7 -6 8 -5 10 -5 12 -5 13 -4 15 -2 17 -3 18 -5 17 -7 16 -9 16 -10 16 -9 17 -10 16 -11 15 -12 15 -13 16 -12 18 -12 18 -12
1786806322.831664,1785,128,28 -64 1 0 26 -20 23 -23 20 -24 17 -23 15 -22 13 -21 12 -19 13 -17 14 -15 15 -12 18 -11 22 -12 25 -12 27 -14 30 -16 31 -17 30 -18 29 -19 27 -20 26 -20 24 -17 22 -14 20 -9 20 -4 19 1 4 0 0 0 0 0 0 0 0 0 0 0 0 0 0 0 0 0 0 0 1 -4 5 -15 6 -14 8 -14 9 -13 9 -13 9 -13 9 -12 10 -10 11 -8 13 -7 14 -6 15 -4 16 -4 17 -4 17 -5 17 -5 17 -5 18 -7 18 -7 18 -7 19 -8 19 -8 20 -8 22 -8 25 -9 26 -11
1786806322.865097,4017,128,28 -64 1 0 -24 -3 -20 -3 -15 -4 -10 -5 -5 -8 -1 -12 1 -16 2 -21 3 -25 2 -28 1 -30 -1 -31 -3 -31 -5 -31 -6 -28 -6 -25 -4 -21 -2 -17 0 -13 2 -9 5 -6 9 -3 12 -1 16 0 18 0 4 0 0 0 0 0 0 0 0 0 0 0 0 0 0 0 0 0 0 0 1 1 3 6 -1 8 -5 11 -9 15 -12 19 -14 23 -16 26 -16 29 -16 31 -15 31 -13 30 -11 27 -10 23 -8 18 -8 13 -8 8 -9 3 -12 -2 -15 -7 -19 -10 -23 -13 -27 -14 -30 -13 -32 -12 -32 -11 -32 -9
1786806322.898388,4019,128,28 -64 1 0 19 -9 16 -7 12 -5 9 -1 6 3 4 7 3 12 4 16 4 20 6 22 7 24 8 24 9 24 11 23 11 21 10 18 8 16 5 13 2 10 -1 7 -4 5 -7 3 -11 2 -14 2 -16 2 -4 0 0 0 0 0 0 0 0 0 0 0 0 0 0 0 0 0 0 0 -2 0 -6 -2 -5 -5 -5 -10 -5 -15 -5 -19 -7 -23 -8 -26 -9 -28 -10 -29 -11 -29 -12 -28 -11 -25 -10 -22 -8 -18 -5 -14 -2 -10 2 -7 7 -5 12 -3 17 -2 22 -3 25 -4 28 -5 29 -7 29 -9 29 -11
1786806322.92625,1875,128,-85 -79 26 0 4 28 4 30 5 28 5 27 4 26 5 25 5 23 4 23 4 23 4 24 4 23 4 20 5 18 4 19 3 18 3 16 5 16 3 16 1 15 0 14 0 13 0 12 -1 11 0 10 0 8 -1 2 0 0 0 0 0 0 0 0 0 0 0 0 0 0 0 0 0 0 1 2 5 10 4 10 5 10 4 11 2 13 3 16 4 17 5 18 4 20 3 21 2 22 2 23 2 23 3 24 3 25 2 26 1 26 2 25 1 25 2 25 4 26 5 29 6 31 5 31 4 31 4 29
1786806322.96499,1876,128,-65 -15 27 0 -8 -31 -8 -29 -6 -27 -5 -27 -5 -27 -6 -25 -7 -25 -7 -24 -7 -21 -6 -19 -7 -20 -7 -20 -6 -18 -6 -18 -5 -18 -4 -18 -3 -17 -3 -16 -3 -15 -1 -14 -1 -15 -1 -15 -1 -13 0 -12 1 -10 0 -3 0 0 0 0 0 0 0 0 0 0 0 0 0 0 0 0 0 0 -2 -3 -5 -10 -5 -12 -4 -14 -3 -14 -5 -16 -6 -18 -5 -18 -6 -19 -6 -20 -4 -21 -1 -22 -2 -22 -3 -23 -4 -26 -4 -28 -4 -28 -4 -28 -4 -27 -5 -25 -6 -26 -6 -28 -6 -28 -7 -29 -6 -30 -5 -30 -7 -31
1786806322.9957068,4022,128,28 -64 1 0 10 21 8 17 5 13 1 10 -4 8 -9 6 -14 6 -19 6 -23 8 -26 10 -28 12 -29 14 -28 15 -26 16 -24 16 -21 14 -18 12 -15 9 -12 5 -10 0 -7 -4 -6 -8 -5 -12 -6 -16 -6 -19 -2 -5 0 0 0 0 0 0 0 0 0 0 0 0 0 0 0 0 0 0 0 -2 1 -7 5 -6 11 -5 16 -5 21 -5 26 -7 30 -8 32 -9 33 -11 32 -11 30 -12 28 -12 24 -11 20 -8 15 -5 11 -2 7 3 5 8 3 14 2 20 3 24 4 28 6 30 8 32 9 32 11 31
1786806323.026304,4026,128,28 -64 1 0 21 -4 17 -3 13 -2 9 1 6 4 4 8 3 13 2 17 2 20 3 23 4 25 5 25 7 25 8 25 9 23 8 20 7 17 4 14 2 11 -1 8 -4 5 -7 3 -11 2 -14 2 -17 2 -5 0 0 0 0 0 0 0 0 0 0 0 0 0 0 0 0 0 0 0 -2 -1 -5 -4 -3 -7 -1 -11 1 -16 2 -20 3 -24 3 -28 2 -30 1 -31 0 -31 0 -30 -1 -28 -1 -24 -1 -20 0 -16 2 -11 5 -7 9 -3 13 0 18 2 22 3 25 2 28 2 30 1 31 -1 31 -4
1786806323.062242,4026,128,28 -64 1 0 -19 15 -16 12 -13 8 -11 3 -10 -2 -10 -7 -10 -12 -13 -16 -15 -19 -18 -21 -20 -22 -22 -22 -23 -21 -24 -19 -23 -17 -21 -15 -18 -13 -13 -11 -9 -10 -4 -9 0 -8 4 -9 8 -10 11 -11 13 -12 3 -4 0 0 0 0 0 0 0 0 0 0 0 0 0 0 0 0 0 0 1 0 6 1 6 5 5 10 5 16 6 21 8 25 10 28 11 30 13 31 13 31 14 29 13 26 12 22 9 18 6 14 2 11 -3 8 -8 6 -14 6 -19 6 -24 7 -27 9 -29 12 -30 14 -30 15 -28 17
1786806323.101179,1879,128,-85 -79 26 0 -27 -12 -28 -10 -27 -9 -26 -8 -25 -7 -24 -6 -24 -7 -23 -6 -22 -5 -23 -7 -23 -8 -21 -6 -19 -5 -20 -5 -20 -5 -18 -4 -16 -4 -15 -5 -14 -6 -13 -5 -13 -5 -13 -6 -11 -6 -10 -6 -9 -7 -3 -2 0 0 0 0 0 0 0 0 0 0 0 0 0 0 0 0 0 0 -3 -1 -11 -2 -12 -4 -11 -5 -10 -6 -12 -5 -15 -6 -16 -8 -17 -8 -18 -8 -18 -10 -17 -12 -17 -12 -19 -12 -19 -12 -19 -11 -19 -10 -21 -11 -23 -13 -24 -13 -24 -12 -25 -11 -26 -10 -26 -11 -27 -12 -28 -13 -30 -15
1786806323.140196,1881,128,-85 -79 26 0 -18 -23 -17 -23 -16 -23 -17 -22 -18 -20 -17 -18 -17 -18 -17 -17 -17 -14 -17 -13 -18 -14 -17 -14 -15 -16 -13 -15 -14 -15 -14 -13 -13 -11 -13 -12 -10 -13 -9 -12 -9 -11 -8 -10 -7 -10 -6 -9 -6 -10 -2 -3 0 0 0 0 0 0 0 0 0 0 0 0 0 0 0 0 0 0 -3 -1 -10 -5 -8 -9 -6 -11 -8 -11 -9 -13 -9 -14 -10 -14 -11 -16 -9 -18 -7 -18 -10 -18 -12 -19 -12 -19 -13 -19 -13 -20 -13 -21 -14 -23 -15 -22 -15 -21 -13 -21 -14 -23 -15 -25 -14 -25 -16 -25 -18 -25 -18 -25
1786806323.176163,1882,128,-65 -15 27 0 -30 3 -30 4 -28 4 -27 4 -28 4 -27 4 -25 4 -23 4 -22 5 -23 5 -23 5 -22 6 -21 5 -20 3 -19 2 -18 2 -17 2 -17 2 -17 1 -15 0 -14 -1 -14 -1 -13 0 -12 0 -11 0 -3 0 0 0 0 0 0 0 0 0 0 0 0 0 0 0 0 0 0 0 -2 0 -8 1 -13 0 -14 4 -14 5 -15 0 -14 -2 -13 -1 -15 1 -17 2 -19 0 -20 -1 -20 -1 -20 -2 -22 -2 -23 -1 -25 0 -25 1 -26 -1 -28 -1 -28 -1 -29 -1 -30 1 -29 2 -30 3 -30 2 -29 0
1786806323.209607,2747,128,30 -32 1 0 -19 16 -16 13 -13 8 -11 4 -10 -1 -10 -6 -11 -11 -14 -15 -17 -18 -19 -20 -22 -21 -24 -20 -25 -19 -25 -18 -24 -16 -22 -13 -18 -12 -14 -10 -9 -10 -5 -9 -1 -9 3 -9 7 -11 10 -13 12 -14 3 -4 0 0 0 0 0 0 0 0 0 0 0 0 0 0 0 0 0 0 1 0 6 1 6 5 5 11 6 16 7 21 8 25 10 28 11 30 13 31 14 31 15 29 14 25 12 22 9 18 6 14 2 11 -3 8 -8 7 -14 6 -19 7 -24 8 -27 11 -29 13 -29 15 -29 17 -28 19
1786806323.2455502,4032,128,28 -64 1 0 29 -17 24 -14 19 -9 15 -4 12 3 10 11 10 18 12 24 14 29 17 33 20 35 23 35 25 35 27 33 26 30 24 25 20 22 14 18 8 15 3 12 -3 10 -9 9 -15 10 -20 11 -24 12 -7 3 0 0 0 0 0 0 0 0 0 0 0 0 0 0 0 0 0 0 -3 -1 -9 -4 -8 -9 -6 -17 -5 -25 -6 -32 -7 -38 -9 -43 -11 -47 -12 -48 -14 -47 -15 -45 -15 -41 -13 -35 -10 -29 -6 -23 -1 -17 5 -12 12 -8 20 -6 28 -5 34 -6 39 -8 43 -10 45 -13 46 -16 45 -19
1786806323.2790232,4032,128,28 -64 1 0 -14 -21 -12 -18 -8 -14 -3 -11 2 -9 7 -9 12 -9 16 -10 20 -12 22 -14 23 -17 23 -19 23 -20 21 -20 19 -19 16 -18 14 -15 12 -12 10 -8 8 -3 7 1 6 5 7 8 8 12 9 14 2 3 0 0 0 0 0 0 0 0 0 0 0 0 0 0 0 0 0 0 -1 1 -2 6 -6 5 -11 4 -16 4 -22 5 -26 7 -30 8 -32 10 -32 11 -32 12 -30 13 -27 13 -24 12 -20 9 -16 6 -12 2 -9 -3 -7 -9 -5 -15 -6 -20 -7 -25 -8 -28 -11 -30 -13 -31 -14 -31 -15 -30
1786806323.306897,1883,128,-85 -79 26 0 10 31 9 32 9 31 10 28 10 26 9 25 10 25 10 24 10 22 10 20 10 19 9 19 7 19 7 16 7 14 8 14 8 15 7 14 6 13 5 12 5 11 4 12 3 11 2 10 2 9 0 2 0 0 0 0 0 0 0 0 0 0 0 0 0 0 0 0 0 0 1 2 5 11 4 12 3 14 4 14 5 14 3 16 1 18 3 19 5 18 4 19 1 21 1 23 3 25 5 26 5 26 4 26 3 26 4 26 4 27 5 29 5 30 6 30 6 29 7 29 8 30 8 31
1786806323.3400571,1884,128,-65 -15 27 0 16 27 17 29 16 28 15 26 14 23 13 21 11 19 11 19 11 18 9 20 9 21 10 21 11 20 11 19 10 17 8 15 6 15 5 15 5 13 3 12 2 14 1 13 1 11 0 10 -1 11 -1 3 0 0 0 0 0 0 0 0 0 0 0 0 0 0 0 0 0 0 2 3 10 12 10 11 10 11 9 12 8 13 9 14 11 15 12 15 11 17 11 19 11 19 10 20 11 21 12 21 13 20 14 22 16 24 17 24 16 23 14 24 13 26 13 27 13 28 13 29 15 27 16 28
1786806323.373516,1885,128,-128 0 8 0 -15 29 -12 29 -11 28 -10 27 -11 26 -10 24 -7 23 -8 23 -9 22 -8 20 -8 20 -8 21 -8 20 -8 18 -7 17 -7 16 -7 15 -7 15 -7 15 -7 14 -6 13 -7 12 -8 11 -6 8 -6 7 -2 1 0 0 0 0 0 0 0 0 0 0 0 0 0 0 0 0 0 0 -2 2 -6 12 -6 13 -7 13 -7 15 -8 16 -9 15 -9 15 -9 16 -9 17 -9 19 -9 19 -11 19 -12 19 -13 21 -13 22 -15 23 -15 23 -14 25 -14 27 -15 26 -15 27 -14 28 -13 29 -13 29 -16 29 -17 28
1786806323.406873,4042,128,28 -64 1 0 16 -15 13 -12 10 -8 8 -4 7 0 7 5 8 10 9 13 11 16 13 18 15 19 17 19 18 18 19 17 18 15 16 13 14 11 10 9 6 7 2 6 -1 5 -5 5 -8 6 -11 7 -13 8 -4 2 0 0 0 0 0 0 0 0 0 0 0 0 0 0 0 0 0 0 -2 0 -6 -1 -6 -4 -7 -9 -8 -14 -9 -18 -11 -21 -14 -24 -15 -25 -17 -26 -17 -26 -17 -24 -16 -21 -14 -19 -11 -15 -8 -12 -4 -10 0 -8 6 -7 11 -7 16 -8 20 -9 23 -11 24 -13 25 -15 25 -16 23 -17
1786806323.442921,1887,128,-128 0 8 0 -16 28 -14 27 -13 25 -11 23 -11 22 -12 21 -11 21 -8 22 -8 24 -9 24 -10 21 -8 21 -7 20 -7 17 -7 14 -9 14 -11 15 -11 13 -9 12 -9 13 -11 13 -10 13 -8 11 -8 9 -9 8 -3 1 0 0 0 0 0 0 0 0 0 0 0 0 0 0 0 0 0 0 -3 1 -10 7 -7 8 -6 10 -8 10 -10 11 -11 14 -12 16 -12 16 -12 16 -13 16 -14 14 -13 16 -12 19 -14 19 -15 18 -15 18 -16 19 -18 21 -19 24 -18 24 -17 23 -16 23 -15 24 -17 25 -19 25 -19 25
1786806323.476213,1888,128,-85 -79 26 0 -10 29 -10 27 -9 26 -9 28 -9 29 -7 25 -5 22 -5 22 -5 22 -4 21 -4 20 -7 20 -7 19 -7 19 -10 18 -11 17 -9 15 -8 14 -7 13 -7 11 -9 11 -9 11 -8 10 -7 9 -7 7 -2 1 0 0 0 0 0 0 0 0 0 0 0 0 0 0 0 0 0 0 0 1 0 7 -2 10 -3 12 -4 12 -3 14 1 16 0 16 -3 17 -6 18 -8 19 -8 22 -6 23 -5 23 -6 23 -6 25 -4 27 -5 26 -6 24 -8 24 -8 27 -7 29 -7 30 -8 31 -7 31 -5 30 -3 27
1786806323.5152209,1889,128,-65 -15 27 0 -15 -29 -15 -29 -16 -25 -15 -21 -15 -22 -16 -22 -15 -21 -16 -20 -17 -19 -17 -19 -15 -19 -15 -19 -15 -17 -12 -16 -10 -17 -9 -19 -8 -17 -8 -16 -8 -16 -8 -15 -8 -12 -8 -12 -6 -12 -5 -11 -3 -9 -1 -3 0 0 0 0 0 0 0 0 0 0 0 0 0 0 0 0 0 0 -2 -1 -7 -7 -8 -12 -8 -14 -8 -12 -8 -13 -9 -15 -10 -15 -12 -15 -14 -17 -14 -19 -11 -21 -10 -21 -11 -21 -12 -21 -12 -22 -12 -23 -12 -24 -13 -23 -14 -22 -15 -22 -15 -24 -16 -26 -17 -27 -17 -27 -17 -27 -16 -28
1786806323.551299,1890,128,-85 -79 26 0 20 -26 19 -24 17 -23 17 -23 18 -23 17 -22 16 -22 15 -22 12 -20 10 -19 10 -18 10 -18 11 -18 10 -19 10 -19 11 -18 12 -16 11 -14 9 -14 8 -13 9 -12 9 -10 10 -9 8 -8 8 -7 2 -2 0 0 0 0 0 0 0 0 0 0 0 0 0 0 0 0 0 0 0 -1 2 -5 5 -8 7 -10 9 -9 9 -9 10 -11 12 -14 14 -15 14 -13 14 -15 15 -18 16 -19 15 -19 15 -19 17 -19 18 -18 21 -18 22 -19 22 -18 22 -17 21 -20 19 -23 19 -25 20 -24 20 -22 18 -23
1786806323.5873039,1786,128,28 -64 1 0 22 -13 22 -16 20 -19 19 -20 17 -20 14 -19 11 -16 11 -13 12 -11 13 -10 16 -9 19 -7 22 -7 25 -7 29 -8 31 -9 31 -10 30 -11 30 -11 28 -10 26 -10 23 -8 20 -5 17 0 15 4 3 1 0 0 0 0 0 0 0 0 0 0 0 0 0 0 0 0 0 0 -2 -5 -5 -20 -6 -18 -6 -17 -5 -16 -4 -13 -2 -9 0 -6 3 -4 6 -4 10 -4 13 -3 16 -3 18 -5 19 -8 20 -11 20 -12 19 -12 17 -13 15 -14 13 -13 13 -12 13 -11 14 -9 16 -9 18 -7 17 -6
1786806323.623391,1787,128,28 -64 1 0 5 -33 3 -34 -1 -33 -4 -30 -7 -27 -7 -24 -6 -21 -4 -19 0 -18 3 -18 7 -18 10 -20 13 -23 15 -25 16 -28 15 -31 14 -33 13 -33 12 -33 12 -31 12 -29 12 -25 13 -20 14 -15 14 -10 3 -2 0 0 0 0 0 0 0 0 0 0 0 0 0 0 0 0 0 0 -4 -4 -14 -12 -12 -11 -10 -11 -8 -12 -5 -12 -3 -12 -1 -13 1 -14 4 -15 6 -16 7 -18 7 -19 6 -21 5 -22 4 -21 3 -20 2 -20 2 -19 3 -17 4 -16 5 -16 7 -16 8 -18 11 -19 13 -21 13 -25
1786806323.656801,4044,128,28 -64 1 0 -23 -9 -19 -8 -14 -7 -8 -7 -3 -9 1 -11 5 -14 7 -18 9 -22 9 -25 9 -28 7 -29 6 -29 4 -29 3 -27 2 -24 2 -20 2 -17 3 -12 4 -8 6 -4 8 0 11 2 14 4 16 5 4 1 0 0 0 0 0 0 0 0 0 0 0 0 0 0 0 0 0 0 0 1 2 6 -2 7 -7 10 -11 13 -15 16 -17 20 -19 23 -20 25 -20 27 -19 27 -17 27 -15 25 -13 21 -11 17 -10 12 -9 7 -9 2 -11 -4 -13 -9 -16 -14 -19 -17 -23 -18 -26 -18 -28 -18 -29 -17 -29 -16
1786806323.6900659,4044,128,28 -64 1 0 -19 10 -16 8 -13 5 -10 1 -8 -3 -7 -8 -7 -12 -8 -16 -10 -20 -12 -22 -14 -22 -15 -22 -17 -22 -17 -20 -17 -18 -16 -15 -13 -13 -10 -11 -6 -9 -3 -8 1 -7 4 -6 8 -7 11 -8 13 -9 3 -3 0 0 0 0 0 0 0 0 0 0 0 0 0 0 0 0 0 0 1 0 5 2 4 5 2 10 2 14 2 19 3 23 3 26 5 28 6 29 7 29 7 27 7 25 6 21 5 17 3 13 0 10 -4 7 -9 4 -14 3 -18 2 -22 3 -26 4 -28 6 -29 7 -29 9 -28 10
1786806323.723368,4046,128,28 -64 1 0 -2 -24 -2 -20 0 -15 3 -10 6 -6 10 -3 14 0 18 1 22 1 26 0 28 -1 29 -3 29 -4 28 -5 26 -6 23 -6 19 -5 16 -4 12 -1 8 2 4 4 2 7 0 11 -1 15 -1 17 -1 4 0 0 0 0 0 0 0 0 0 0 0 0 0 0 0 0 0 0 -1 1 -5 4 -8 2 -12 -1 -17 -4 -21 -6 -26 -7 -30 -7 -32 -7 -33 -7 -33 -6 -32 -4 -29 -2 -26 -2 -21 -2 -16 -3 -11 -4 -6 -7 -2 -10 3 -15 6 -20 7 -24 7 -28 6 -31 5 -33 4 -33 3 -33
1786806323.756764,4046,128,28 -64 1 0 21 -12 17 -10 14 -6 11 -2 8 3 7 8 7 13 9 17 11 21 13 23 15 24 17 24 19 24 20 23 20 20 18 17 15 15 11 12 7 10 2 8 -2 7 -6 7 -11 7 -14 9 -17 9 -5 2 0 0 0 0 0 0 0 0 0 0 0 0 0 0 0 0 0 0 -2 -1 -7 -3 -6 -7 -4 -13 -3 -18 -2 -23 -3 -28 -3 -31 -4 -34 -6 -35 -7 -35 -8 -33 -8 -30 -7 -26 -5 -21 -3 -16 0 -12 4 -9 9 -6 14 -4 20 -3 24 -3 28 -5 31 -7 32 -8 32 -10 31 -11
1786806323.784509,1891,128,-65 -15 27 0 28 7 29 6 30 4 29 4 26 3 26 3 25 3 24 2 24 1 23 2 21 2 19 2 20 0 21 -2 19 0 16 1 15 2 14 2 14 2 13 3 11 4 10 3 11 2 9 2 8 3 2 1 0 0 0 0 0 0 0 0 0 0 0 0 0 0 0 0 0 0 3 0 12 2 12 3 12 1 14 -3 15 -2 17 2 17 4 17 3 18 3 19 3 20 3 20 2 21 1 23 3 25 5 24 7 24 8 26 7 27 6 27 6 29 7 29 7 28 7 29 6 31 4 31 4
1786806323.8178072,784,128,-117 -78 40 0 4 -20 4 -20 4 -20 4 -20 3 -20 3 -20 3 -19 2 -19 1 -19 1 -19 0 -19 0 -19 0 -19 0 -18 0 -18 0 -18 0 -18 0 -17 0 -16 1 -16 1 -16 0 -15 0 -15 0 -14 0 -14 0 -4 0 0 0 0 0 0 0 0 0 0 0 0 0 0 0 0 0 0 0 -5 0 -19 1 -19 1 -19 2 -20 2 -20 2 -21 3 -21 4 -22 4 -22 5 -22 5 -22 5 -22 6 -22 6 -22 6 -22 6 -21 6 -21 6 -21 6 -21 6 -21 6 -21 5 -21 5 -21 4 -21 5 -21 6 -21
1786806323.851197,4048,128,28 -64 1 0 -17 13 -14 10 -11 7 -9 3 -8 -1 -8 -6 -8 -10 -10 -14 -12 -18 -13 -20 -15 -21 -17 -20 -18 -20 -19 -19 -18 -17 -17 -14 -14 -12 -10 -11 -7 -9 -3 -8 1 -7 4 -6 8 -7 11 -7 13 -8 3 -2 0 0 0 0 0 0 0 0 0 0 0 0 0 0 0 0 0 0 1 -1 5 -1 5 3 6 7 7 12 9 16 11 19 13 22 15 23 16 24 17 24 16 22 15 20 13 17 11 14 7 11 3 9 -1 7 -6 6 -11 6 -16 7 -20 8 -23 10 -25 12 -26 14 -26 16 -24 18
1786806323.8845718,4049,128,28 -64 1 0 -24 -2 -20 -2 -15 -3 -9 -4 -5 -7 -1 -10 2 -15 4 -19 4 -23 4 -26 3 -28 2 -29 1 -29 -1 -29 -2 -27 -3 -23 -2 -20 -1 -16 1 -12 3 -8 5 -4 7 -1 11 1 14 2 16 3 4 1 0 0 0 0 0 0 0 0 0 0 0 0 0 0 0 0 0 0 1 0 4 4 1 7 -2 11 -5 15 -7 20 -8 24 -9 27 -9 30 -8 32 -7 32 -6 30 -5 28 -4 24 -4 19 -4 14 -5 9 -7 4 -10 -1 -14 -5 -19 -8 -23 -10 -27 -11 -29 -10 -31 -9 -32 -8 -32 -7
1786806323.917888,1895,128,-128 0 8 0 -11 29 -10 27 -10 27 -10 26 -8 25 -9 23 -9 22 -8 22 -9 23 -10 24 -9 23 -9 21 -9 20 -8 17 -6 17 -5 16 -6 15 -7 15 -7 14 -7 13 -8 14 -8 12 -8 9 -9 8 -9 7 -3 2 0 0 0 0 0 0 0 0 0 0 0 0 0 0 0 0 0 0 -2 3 -6 14 -2 14 -1 14 1 16 0 16 -5 15 -7 14 -7 14 -6 15 -5 18 -7 20 -9 22 -10 22 -9 22 -8 24 -9 24 -10 25 -10 27 -13 26 -16 26 -15 28 -12 28 -10 25 -10 25 -11 27 -11 28
1786806323.951265,1896,128,-128 0 8 0 28 -9 29 -9 31 -11 30 -12 26 -10 23 -9 21 -9 22 -10 22 -11 21 -10 19 -9 18 -9 19 -11 20 -10 21 -8 20 -7 18 -5 17 -4 16 -4 15 -5 14 -4 12 -5 10 -4 10 -2 11 0 2 0 0 0 0 0 0 0 0 0 0 0 0 0 0 0 0 0 0 0 3 -2 12 -5 10 -4 11 -3 13 -4 15 -3 16 -3 17 -4 20 -3 21 -3 18 -4 16 -6 18 -6 22 -5 22 -4 23 -4 25 -4 25 -4 26 -5 26 -7 26 -8 27 -8 27 -7 27 -6 27 -7 28 -8 31 -7
1786806323.993032,1897,128,-85 -79 26 0 -22 -23 -22 -24 -21 -22 -21 -21 -21 -20 -20 -18 -19 -18 -18 -18 -17 -16 -17 -14 -17 -14 -17 -14 -16 -13 -16 -13 -15 -14 -14 -12 -15 -10 -15 -10 -14 -10 -13 -10 -11 -10 -8 -11 -8 -11 -8 -10 -8 -10 -3 -3 0 0 0 0 0 0 0 0 0 0 0 0 0 0 0 0 0 0 -2 -3 -7 -10 -8 -10 -9 -10 -10 -10 -8 -12 -8 -14 -10 -17 -10 -18 -10 -17 -10 -19 -11 -21 -11 -21 -12 -22 -14 -23 -14 -24 -15 -23 -16 -23 -17 -23 -18 -23 -18 -23 -17 -25 -18 -24 -21 -24 -21 -23 -18 -23 -16 -25
1786806324.028953,4052,128,28 -64 1 0 -19 33 -15 27 -14 19 -13 11 -14 3 -17 -5 -21 -12 -27 -17 -33 -20 -38 -21 -42 -21 -45 -19 -47 -17 -46 -15 -44 -12 -39 -9 -33 -8 -26 -8 -19 -9 -11 -10 -4 -12 2 -15 6 -19 11 -23 13 -26 3 -7 0 0 0 0 0 0 0 0 0 0 0 0 0 0 0 0 0 0 2 -1 10 -2 11 4 14 12 17 20 21 27 26 33 30 36 33 39 36 40 37 38 37 35 34 31 30 26 24 22 17 18 9 15 0 13 -9 14 -17 16 -25 20 -31 24 -34 29 -36 34 -37 37 -36 40 -34 41
1786806324.062331,4052,128,28 -64 1 0 -11 -21 -9 -18 -6 -14 -2 -11 3 -9 8 -7 12 -7 17 -8 21 -10 23 -12 25 -14 25 -16 24 -18 23 -18 20 -18 18 -17 15 -14 13 -11 10 -7 8 -2 6 2 6 6 6 10 7 13 7 15 2 4 0 0 0 0 0 0 0 0 0 0 0 0 0 0 0 0 0 0 -1 1 -3 6 -7 4 -12 3 -17 2 -22 2 -26 3 -30 4 -32 5 -33 5 -33 6 -31 7 -29 8 -25 7 -21 5 -16 3 -12 0 -8 -4 -5 -9 -3 -15 -2 -20 -3 -24 -4 -28 -6 -30 -7 -32 -9 -32 -11 -32
1786806324.093062,4052,128,28 -64 1 0 -1 24 -1 19 -2 14 -5 10 -7 6 -11 2 -15 -1 -19 -3 -24 -3 -27 -2 -29 -1 -30 1 -30 2 -29 3 -27 4 -24 5 -20 4 -17 2 -13 0 -9 -3 -6 -6 -3 -9 -2 -12 0 -16 0 -18 0 -5 0 0 0 0 0 0 0 0 0 0 0 0 0 0 0 0 0 0 0 -2 4 -5 7 -2 10 1 15 5 19 7 23 9 27 9 30 9 31 9 32 8 31 6 28 4 25 4 20 3 15 3 10 4 5 6 0 9 -4 14 -8 18 -9 22 -10 26 -9 29 -9 31 -8 32 -7 31
1786806324.1263192,1899,128,-128 0 8 0 4 -29 4 -29 4 -30 4 -31 3 -28 3 -25 3 -26 2 -27 1 -26 1 -24 1 -25 2 -24 3 -21 4 -18 4 -17 3 -17 2 -16 2 -16 5 -16 6 -15 8 -14 7 -14 5 -13 6 -11 7 -10 1 -3 0 0 0 0 0 0 0 0 0 0 0 0 0 0 0 0 0 0 -2 -3 -6 -9 -5 -10 -2 -15 0 -17 -4 -17 -7 -16 -6 -19 -4 -20 0 -19 3 -22 2 -25 -2 -25 -2 -24 -1 -23 1 -23 1 -25 2 -28 4 -29 4 -27 3 -27 1 -29 -1 -30 -1 -32 2 -32 2 -33 -1 -35
1786806324.162405,1900,128,-128 0 8 0 -30 1 -32 0 -32 2 -29 2 -27 0 -27 0 -27 1 -27 2 -26 4 -24 4 -23 3 -25 2 -24 1 -20 0 -19 1 -19 0 -18 -1 -17 0 -17 0 -16 0 -15 -1 -13 -2 -11 -1 -10 -3 -10 -4 -3 -2 0 0 0 0 0 0 0 0 0 0 0 0 0 0 0 0 0 0 -5 0 -17 2 -14 -2 -14 -5 -16 -4 -17 -3 -16 -4 -16 -5 -17 -5 -20 -4 -22 -3 -22 -3 -23 -3 -24 -3 -24 -4 -24 -5 -25 -7 -26 -7 -26 -6 -26 -5 -26 -5 -28 -3 -29 -4 -30 -6 -32 -5 -33 -3 -34 -1
1786806324.195669,2748,128,30 -32 1 0 -23 11 -19 9 -15 6 -11 2 -9 -3 -7 -8 -7 -13 -8 -18 -10 -22 -12 -24 -14 -25 -15 -25 -17 -25 -18 -24 -17 -22 -16 -19 -13 -16 -10 -14 -6 -12 -2 -9 1 -8 5 -7 9 -7 13 -8 15 -8 3 -2 0 0 0 0 0 0 0 0 0 0 0 0 0 0 0 0 0 0 1 0 6 2 5 5 3 11 3 16 3 21 3 25 4 29 6 31 7 32 9 32 10 30 9 27 8 23 7 19 4 15 0 11 -4 7 -9 5 -14 3 -20 2 -25 2 -28 4 -31 6 -33 8 -32 10 -31 10
1786806324.265234,1180,256,-114 -27 88 0 14 -17 11 -14 10 -10 8 -5 7 -1 8 4 9 8 12 11 14 14 17 15 19 15 21 15 22 14 22 13 21 11 19 9 16 7 12 6 8 6 4 6 1 6 -3 7 -6 8 -9 10 -10 12 -3 3 0 0 0 0 0 0 0 0 0 0 0 0 0 0 0 0 0 0 -2 0 -7 0 -6 -4 -6 -9 -7 -14 -8 -18 -10 -21 -12 -24 -13 -26 -15 -26 -16 -26 -17 -24 -16 -22 -14 -19 -11 -16 -8 -13 -5 -10 0 -8 5 -7 11 -8 15 -9 19 -10 22 -12 23 -15 24 -17 23 -18 22 -18 9 -10 35 -35 29 -30 24 -23 19 -17 16 -10 14 -1 15 9 17 18 21 24 25 28 30 31 34 32 38 31 41 29 41 28 40 24 36 19 30 16 21 15 14 13 7 12 0 12 -6 14 -12 16 -17 20 -21 22 -23 23 -24 23 -6 5 0 0 0 0 0 0 0 0 0 0 -4 4 -13 14 -13 9 -12 1 -12 -8 -11 -17 -12 -26 -15 -34 -18 -41 -20 -47 -23 -50 -27 -51 -29 -50 -29 -47 -28 -42 -25 -37 -20 -31 -14 -25 -7 -19 2 -16 11 -14 21 -13 30 -15 38 -17 43 -22 45 -26 46 -31 44 -34 40 -34
1786806324.3345768,2209,256,-114 -27 88 0 -12 -21 -10 -18 -6 -14 -2 -10 3 -8 8 -7 12 -7 16 -8 20 -10 23 -12 24 -14 25 -16 24 -17 22 -17 20 -17 17 -16 15 -14 12 -11 10 -7 8 -2 6 2 5 6 5 9 6 13 7 15 1 4 0 0 0 0 0 0 0 0 0 0 0 0 0 0 0 0 0 0 -1 1 -3 6 -6 5 -12 3 -17 3 -22 3 -26 4 -29 5 -31 6 -32 7 -32 8 -30 9 -28 9 -24 8 -20 6 -16 4 -12 0 -8 -4 -6 -9 -4 -15 -3 -20 -4 -25 -5 -28 -7 -30 -9 -31 -10 -31 -11 -31 -6 -13 -21 -49 -18 -42 -14 -34 -11 -26 -3 -20 7 -15 16 -12 25 -11 34 -12 41 -15 46 -19 49 -22 49 -26 48 -28 46 -29 41 -28 35 -26 30 -24 24 -19 20 -11 15 -3 12 5 10 12 9 19 9 26 10 30 11 32 10 33 2 8 0 0 0 0 0 0 0 0 0 0 3 4 10 18 4 15 -4 12 -13 8 -23 5 -32 2 -41 2 -49 4 -56 6 -60 7 -63 9 -62 10 -59 13 -54 14 -47 12 -39 9 -30 4 -21 -1 -13 -8 -9 -17 -5 -29 -2 -39 -3 -48 -6 -54 -9 -58 -12 -59 -14 -57 -16 -53
1786806324.4039848,3956,256,-114 -27 88 0 21 -7 17 -5 13 -3 10 -1 7 3 4 7 3 12 3 16 4 19 4 22 6 24 7 24 9 24 10 24 11 22 10 19 8 16 6 13 3 10 0 8 -3 5 -7 4 -10 3 -14 3 -16 3 -4 0 0 0 0 0 0 0 0 0 0 0 0 0 0 0 0 0 0 0 -2 -1 -6 -3 -4 -6 -2 -11 -1 -15 0 -20 0 -24 -1 -27 -2 -29 -3 -31 -4 -31 -5 -30 -5 -27 -4 -23 -3 -19 -2 -15 0 -11 3 -7 7 -4 12 -1 17 0 21 0 25 0 28 -1 29 -2 29 -4 29 -5 11 -7 42 -26 36 -22 29 -17 24 -12 18 -5 14 3 12 12 11 21 13 29 16 35 19 39 22 41 26 42 29 41 30 39 30 35 28 29 23 26 16 23 10 19 4 14 -3 11 -10 10 -16 11 -22 13 -27 13 -29 13 -31 13 -8 3 0 0 0 0 0 0 0 0 0 0 -4 3 -14 13 -13 8 -11 0 -9 -9 -7 -19 -7 -28 -9 -37 -10 -45 -12 -51 -14 -54 -17 -56 -20 -55 -21 -52 -20 -48 -18 -42 -15 -35 -10 -27 -4 -20 4 -15 13 -11 23 -8 32 -7 40 -8 46 -11 50 -15 52 -19 50 -22 46 -24
1786806324.434462,4061,128,28 -64 1 0 0 24 0 19 -1 14 -3 10 -7 6 -11 2 -15 0 -19 -2 -23 -2 -27 -2 -29 -1 -30 1 -30 2 -29 3 -27 4 -24 4 -21 3 -17 2 -13 0 -9 -3 -6 -6 -3 -8 -1 -12 0 -15 1 -18 0 -5 0 0 0 0 0 0 0 0 0 0 0 0 0 0 0 0 0 0 0 -2 3 -5 6 -3 11 0 16 2 20 4 25 4 28 4 31 4 32 3 32 3 31 1 29 0 25 0 20 0 15 1 10 2 5 5 1 9 -3 13 -6 18 -7 23 -8 27 -7 29 -7 32 -5 33 -4 34
1786806324.468095,1903,128,-65 -15 27 0 -29 0 -29 0 -29 1 -28 2 -27 3 -26 4 -25 3 -24 1 -25 1 -25 2 -21 4 -19 4 -19 3 -18 3 -19 2 -19 2 -18 1 -17 0 -16 -1 -14 -2 -12 -3 -10 -2 -11 -2 -11 -2 -8 -3 -2 -1 0 0 0 0 0 0 0 0 0 0 0 0 0 0 0 0 0 0 -4 -1 -16 0 -16 1 -13 0 -13 -2 -17 -1 -19 -1 -20 1 -21 1 -21 0 -22 -1 -23 -2 -24 -2 -26 -2 -28 -1 -28 -1 -27 -2 -27 -3 -28 -3 -28 -2 -28 -2 -29 -3 -31 -4 -31 -1 -33 2 -33 1 -32 -2
1786806324.5041542,1788,128,28 -64 1 0 -32 11 -30 14 -24 11 -17 10 -14 16 -10 19 -8 19 -13 17 -19 14 -18 14 -17 13 -18 11 -20 13 -21 16 -19 19 -15 23 -14 21 -16 18 -14 19 -11 17 -9 13 -9 13 -10 13 -11 10 -10 4 -3 0 0 0 0 0 0 0 0 0 0 0 0 0 0 0 0 0 0 0 -6 1 -20 4 -17 2 -14 3 -15 5 -16 3 -12 0 -10 -1 -13 -2 -14 -1 -11 1 -8 -4 -8 -11 -11 -10 -14 -11 -12 -17 -10 -12 -13 1 -18 5 -21 4 -23 7 -25 7 -23 1 -20 0 -18 6 -22 12 -30 14
1786806324.540152,1905,128,-65 -15 27 0 14 -29 14 -27 14 -24 13 -24 12 -25 10 -25 8 -26 9 -26 8 -25 6 -23 7 -21 7 -20 5 -20 4 -21 5 -20 7 -18 8 -18 8 -16 7 -14 6 -13 6 -13 6 -11 7 -10 7 -9 6 -7 1 -2 0 0 0 0 0 0 0 0 0 0 0 0 0 0 0 0 0 0 -1 -4 1 -13 5 -12 9 -12 8 -13 5 -14 6 -17 9 -18 9 -18 11 -18 13 -21 12 -23 11 -21 10 -20 9 -20 10 -22 12 -25 13 -26 14 -26 12 -25 12 -27 13 -28 14 -26 13 -25 12 -28 13 -31 12 -30
1786806324.573502,4067,128,28 -64 1 0 19 -13 15 -10 12 -7 9 -2 7 2 6 7 6 12 7 17 8 20 10 22 12 23 14 24 16 23 16 22 16 20 15 17 12 14 9 11 5 9 1 7 -3 5 -6 4 -10 5 -14 5 -16 6 -5 1 0 0 0 0 0 0 0 0 0 0 0 0 0 0 0 0 0 0 -2 0 -7 -2 -6 -6 -6 -11 -6 -16 -7 -21 -8 -25 -10 -28 -11 -30 -12 -31 -13 -30 -14 -29 -13 -26 -12 -22 -9 -18 -6 -14 -2 -11 2 -8 8 -6 13 -4 19 -4 23 -5 27 -7 29 -9 30 -11 30 -12 29 -13
1786806324.6095092,1789,128,28 -64 1 0 -34 7 -32 10 -28 12 -24 13 -21 14 -19 13 -16 11 -14 7 -15 4 -17 1 -21 0 -24 -1 -28 -1 -31 0 -33 2 -34 3 -35 4 -36 4 -33 5 -30 5 -28 3 -24 0 -22 -2 -19 -5 -17 -8 -4 -3 0 0 0 0 0 0 0 0 0 0 0 0 0 0 0 0 0 0 -2 4 -8 18 -10 14 -11 11 -12 10 -13 7 -13 4 -13 3 -15 1 -17 1 -17 0 -18 -2 -20 -3 -21 -2 -20 -1 -20 0 -20 1 -19 0 -19 -2 -19 -1 -18 -1 -19 -2 -20 -5 -22 -7 -24 -8 -27 -7 -28 -5
1786806324.6762822,3957,256,-114 -27 88 0 -4 -23 -3 -19 -1 -14 1 -10 5 -7 8 -4 12 -2 16 -2 20 -2 23 -3 25 -4 26 -5 26 -7 25 -8 23 -8 20 -8 17 -7 14 -5 11 -3 8 0 5 3 3 6 2 10 1 13 1 15 0 4 0 0 0 0 0 0 0 0 0 0 0 0 0 0 0 0 0 0 -1 1 -4 4 -7 2 -11 -1 -15 -3 -20 -4 -24 -4 -27 -4 -30 -4 -31 -3 -31 -3 -30 -1 -28 0 -24 0 -20 0 -15 -1 -11 -3 -6 -5 -2 -9 1 -14 3 -18 4 -22 4 -26 3 -28 2 -30 1 -30 1 -30 -1 -14 -4 -51 -3 -43 -3 -35 -1 -28 4 -20 10 -13 17 -7 24 -3 32 -1 39 -1 44 -2 48 -4 50 -7 50 -10 49 -11 45 -11 40 -11 34 -10 27 -8 21 -3 15 3 9 8 5 13 3 19 1 25 0 30 -1 32 -2 32 -1 8 0 0 0 0 0 0 0 0 0 0 1 5 5 19 0 15 -6 9 -13 3 -20 -2 -28 -7 -36 -10 -44 -11 -50 -11 -56 -11 -59 -10 -59 -9 -57 -6 -52 -3 -45 -2 -38 -2 -29 -4 -19 -6 -10 -10 -3 -17 3 -25 8 -34 11 -42 11 -49 9 -54 7 -56 5 -56 1 -53
1786806324.7097118,4071,128,28 -64 1 0 -21 -12 -17 -10 -13 -9 -8 -8 -2 -8 2 -10 6 -13 10 -16 12 -20 13 -23 13 -25 13 -26 11 -27 9 -27 7 -26 6 -23 5 -20 5 -16 5 -11 5 -7 6 -3 8 1 10 4 13 7 14 8 3 2 0 0 0 0 0 0 0 0 0 0 0 0 0 0 0 0 0 0 0 1 1 5 -3 6 -8 8 -12 10 -16 13 -20 16 -22 19 -23 22 -23 23 -22 24 -21 23 -19 22 -16 19 -14 15 -11 11 -9 7 -9 1 -9 -5 -11 -10 -13 -15 -16 -18 -19 -21 -22 -22 -24 -22 -25 -21 -26 -20
1786806324.745756,4073,128,28 -64 1 0 -20 -13 -17 -11 -12 -9 -7 -9 -1 -9 4 -10 8 -12 11 -16 14 -19 16 -22 16 -24 15 -26 14 -27 13 -27 11 -26 9 -23 8 -20 7 -16 7 -11 6 -6 7 -1 8 3 9 6 12 9 13 11 3 3 0 0 0 0 0 0 0 0 0 0 0 0 0 0 0 0 0 0 0 1 1 6 -3 7 -8 9 -13 11 -17 14 -20 17 -23 20 -24 22 -24 24 -23 24 -22 24 -19 22 -17 19 -14 15 -12 11 -10 6 -9 1 -9 -5 -10 -11 -12 -16 -15 -20 -18 -22 -21 -24 -23 -24 -25 -23 -26 -22
1786806324.7791529,4074,128,28 -64 1 0 -12 -21 -10 -17 -7 -13 -2 -10 3 -8 8 -7 12 -7 17 -8 21 -9 24 -11 25 -13 25 -15 25 -16 24 -17 21 -16 19 -15 16 -13 13 -10 10 -6 8 -1 6 3 4 7 4 11 4 14 4 17 1 4 0 0 0 0 0 0 0 0 0 0 0 0 0 0 0 0 0 0 0 1 -1 5 -5 5 -10 5 -16 6 -21 7 -25 9 -28 10 -30 12 -31 13 -31 13 -29 14 -26 13 -23 12 -19 9 -15 6 -11 2 -8 -3 -6 -8 -5 -14 -5 -19 -5 -24 -7 -27 -9 -30 -11 -31 -12 -31 -14 -30
1786806324.809723,1911,128,100 64 6 0 25 14 25 15 26 14 26 14 25 14 23 12 22 11 21 10 21 9 19 8 18 7 17 7 17 7 16 8 15 7 14 7 14 8 13 10 13 9 12 7 13 6 12 7 9 8 8 7 7 6 1 1 0 0 0 0 0 0 0 0 0 0 0 0 0 0 0 0 0 0 2 0 10 3 9 3 10 5 11 8 11 10 12 9 13 9 13 9 15 10 15 13 16 15 17 14 16 15 17 16 19 16 19 16 19 16 21 17 22 17 22 16 22 16 23 16 26 16 28 16 26 17 25 18
1786806324.8457038,4075,128,28 -64 1 0 -21 -15 -17 -13 -13 -11 -7 -10 -2 -10 3 -11 8 -13 11 -16 14 -19 16 -22 16 -25 15 -26 14 -27 12 -27 10 -26 8 -23 7 -20 7 -16 6 -12 6 -7 7 -2 8 1 10 5 13 7 14 9 3 2 0 0 0 0 0 0 0 0 0 0 0 0 0 0 0 0 0 0 0 1 0 6 -4 6 -10 7 -15 8 -20 10 -23 13 -26 16 -28 18 -28 19 -27 20 -26 21 -23 20 -20 17 -16 14 -13 10 -11 5 -9 0 -9 -6 -10 -12 -11 -17 -14 -21 -17 -24 -20 -26 -22 -26 -23 -25 -23 -24
1786806324.879123,4077,128,28 -64 1 0 -20 12 -17 10 -14 6 -11 2 -8 -3 -7 -8 -7 -13 -8 -17 -10 -21 -12 -24 -14 -25 -16 -25 -18 -25 -18 -24 -18 -22 -16 -19 -13 -16 -10 -14 -6 -11 -2 -9 2 -7 6 -6 10 -6 14 -7 16 -7 4 -2 0 0 0 0 0 0 0 0 0 0 0 0 0 0 0 0 0 0 1 -1 5 0 5 4 4 10 5 15 6 20 7 24 9 28 10 30 12 31 13 30 14 28 13 25 12 22 9 18 6 14 2 10 -3 7 -8 5 -14 3 -19 3 -24 4 -27 6 -29 8 -30 10 -31 11 -30 12
1786806324.912374,4078,128,28 -64 1 0 -24 -3 -20 -3 -15 -3 -10 -4 -5 -7 -1 -10 2 -14 4 -19 5 -23 6 -26 5 -29 4 -30 2 -30 1 -30 -1 -28 -1 -25 -1 -21 0 -17 2 -12 3 -8 5 -4 8 0 11 2 14 5 16 6 4 1 0 0 0 0 0 0 0 0 0 0 0 0 0 0 0 0 0 0 1 0 4 3 1 7 -2 11 -5 16 -6 21 -8 25 -8 29 -8 31 -7 33 -6 33 -5 31 -5 29 -4 25 -4 20 -4 15 -5 9 -7 4 -10 -1 -14 -5 -19 -8 -23 -10 -26 -11 -29 -11 -31 -10 -32 -9 -32 -7
1786806324.9484868,1915,128,-65 -15 27 0 16 -26 15 -28 14 -27 14 -24 14 -22 14 -21 13 -21 13 -21 13 -22 11 -22 10 -23 10 -23 9 -21 8 -20 8 -18 9 -16 10 -15 9 -15 9 -14 8 -12 9 -11 9 -12 8 -12 8 -10 8 -9 2 -2 0 0 0 0 0 0 0 0 0 0 0 0 0 0 0 0 0 0 0 -4 4 -14 5 -12 7 -12 7 -13 7 -15 8 -17 9 -17 10 -17 12 -17 15 -19 15 -20 13 -20 14 -20 15 -20 16 -22 17 -23 18 -23 17 -24 17 -25 17 -27 16 -28 17 -26 18 -26 19 -27 19 -26 18 -24
1786806324.979133,1916,128,-85 -79 26 0 28 -4 28 -3 26 -2 26 -3 26 -3 25 -4 23 -5 22 -5 22 -5 21 -6 19 -6 18 -5 18 -4 18 -3 17 -3 17 -4 15 -3 14 -3 13 -3 11 -3 11 -2 11 -1 11 0 8 1 6 1 1 0 0 0 0 0 0 0 0 0 0 0 0 0 0 0 0 0 0 0 3 -1 12 -2 12 -2 13 -2 15 -1 15 1 16 1 16 0 17 0 18 -1 20 0 21 1 22 2 23 3 24 2 24 2 23 2 23 2 24 1 26 0 27 -1 28 -2 29 -2 29 -2 29 -2 28 -1 27 0
1786806325.009682,1919,128,-65 -15 27 0 14 27 15 26 14 25 13 24 12 24 13 23 13 22 13 21 14 21 14 21 14 20 12 19 12 18 12 17 11 16 10 15 9 14 9 14 8 15 8 14 7 12 7 11 7 12 5 11 3 11 0 2 0 0 0 0 0 0 0 0 0 0 0 0 0 0 0 0 0 0 1 3 6 12 5 11 3 11 2 13 4 16 5 16 4 16 4 17 4 17 4 17 6 19 6 21 5 23 4 24 5 24 7 25 8 26 8 25 8 26 8 26 9 25 10 26 11 28 10 29 9 30 9 29
1786806325.026211,1920,128,123 -77 55 0 -4 31 -5 32 -5 31 -4 29 -4 27 -3 26 -2 24 -3 23 -4E (800014) task_wdt: Task watchdog got triggered. The following tasks/users did not reset the watchdog in time:
1786806325.142935,1921,128,-113 -13 56 0 0 32 0 29 0 29 0 28 0 26 2 25 4 23 2 23 1 23 3 23 3 22 2 22 2 21 0 19 -1 19 0 19 1 18 -1 16 -3 14 -3 12 -2 13 -3 14 -3 13 -1 12 -1 11 -1 2 0 0 0 0 0 0 0 0 0 0 0 0 0 0 0 0 0 0 1 1 3 9 0 12 0 14 0 14 -1 14 -1 14 -2 13 -2 13 -2 16 -3 19 -3 21 -2 24 0 25 2 25 -1 26 -3 26 -1 26 -1 26 -3 26 -2 26 -1 29 0 30 1 30 2 32 0 32 -2 34
1786806325.173545,1790,128,28 -64 1 0 29 3 28 0 28 -2 28 -3 28 -4 26 -5 23 -4 21 -4 21 -5 21 -4 23 -2 24 -2 27 -2 30 -3 31 -3 32 -4 31 -4 29 -4 28 -5 27 -5 26 -5 24 -2 22 1 20 4 17 6 4 1 0 0 0 0 0 0 0 0 0 0 0 0 0 0 0 0 0 0 5 -2 20 -5 19 -4 20 -4 21 -3 20 -3 17 -1 16 0 16 2 14 3 14 4 15 7 14 10 14 12 14 12 16 13 19 13 20 13 20 12 21 11 23 11 24 10 24 9 24 8 25 8 27 8 29 8
1786806325.215155,1922,128,123 -77 55 0 -19 -25 -18 -24 -18 -23 -18 -22 -18 -20 -17 -20 -17 -19 -16 -19 -16 -18 -16 -18 -17 -17 -15 -17 -14 -17 -13 -16 -12 -16 -10 -16 -9 -17 -8 -16 -7 -16 -6 -15 -6 -13 -6 -12 -7 -11 -6 -11 -4 -12 -1 -4 0 0 0 0 0 0 0 0 0 0 0 0 0 0 0 0 0 0 -3 -2 -11 -5 -9 -7 -9 -9 -11 -11 -13 -11 -14 -11 -15 -12 -15 -13 -15 -13 -14 -16 -14 -18 -14 -18 -16 -18 -17 -18 -17 -19 -16 -21 -16 -21 -17 -23 -17 -23 -17 -24 -18 -25 -19 -25 -20 -24 -20 -25 -21 -24 -23 -23
1786806325.2485042,4080,128,28 -64 1 0 -19 -10 -16 -8 -11 -7 -6 -7 -1 -7 3 -9 7 -11 9 -14 11 -17 13 -20 13 -22 12 -24 11 -24 9 -24 8 -23 6 -20 5 -17 5 -14 5 -9 5 -5 5 -1 6 2 8 5 10 8 11 10 3 2 0 0 0 0 0 0 0 0 0 0 0 0 0 0 0 0 0 0 0 1 2 5 -1 6 -5 9 -9 12 -12 15 -15 18 -16 21 -17 23 -17 24 -16 25 -14 24 -13 22 -11 19 -10 15 -8 11 -7 6 -8 1 -9 -4 -11 -9 -13 -13 -16 -16 -19 -18 -22 -18 -24 -18 -25 -17 -25 -16
1786806325.2817988,4081,128,28 -64 1 0 -3 22 -2 18 -3 13 -5 8 -8 4 -11 0 -15 -3 -19 -4 -24 -5 -27 -4 -29 -3 -30 -1 -30 0 -30 1 -27 2 -24 2 -21 2 -16 1 -12 -1 -8 -4 -5 -7 -2 -9 0 -13 2 -16 3 -18 0 -5 0 0 0 0 0 0 0 0 0 0 0 0 0 0 0 0 0 0 1 -2 6 -4 8 -1 11 2 16 6 20 8 24 10 27 11 29 11 31 11 31 10 30 8 27 7 23 6 19 5 13 5 8 6 3 7 -2 10 -6 14 -9 18 -11 22 -12 25 -12 28 -11 30 -10 31 -9 31
1786806325.320618,1791,128,28 -64 1 0 -20 -27 -22 -24 -22 -21 -21 -17 -20 -15 -18 -14 -15 -13 -12 -14 -9 -16 -8 -18 -8 -21 -8 -24 -9 -26 -11 -27 -14 -28 -16 -29 -18 -28 -18 -27 -17 -25 -16 -22 -14 -20 -11 -19 -7 -17 -3 -16 0 -16 0 -4 0 0 0 0 0 0 0 0 0 0 0 0 0 0 0 0 0 0 -5 -1 -17 -4 -17 -4 -16 -5 -15 -6 -15 -8 -14 -9 -13 -10 -12 -11 -12 -12 -10 -13 -10 -15 -9 -17 -9 -18 -9 -18 -9 -18 -9 -18 -8 -20 -8 -20 -7 -19 -7 -20 -7 -22 -7 -25 -7 -26 -8 -27 -11 -28 -13 -29
1786806325.354091,4083,128,28 -64 1 0 -23 8 -19 6 -15 3 -11 0 -8 -5 -7 -10 -6 -14 -7 -19 -8 -23 -10 -25 -12 -27 -14 -27 -15 -26 -16 -25 -16 -23 -15 -19 -12 -17 -9 -14 -5 -12 -2 -9 2 -7 6 -7 10 -7 13 -7 16 -8 4 -2 0 0 0 0 0 0 0 0 0 0 0 0 0 0 0 0 0 0 1 0 5 3 3 7 0 11 -1 16 -2 21 -2 26 -2 29 -1 32 0 33 2 33 3 32 4 29 3 25 2 20 0 16 -2 11 -6 7 -10 3 -15 1 -21 -1 -25 -1 -29 0 -32 1 -33 3 -33 5 -33 6
1786806325.387552,1923,128,-113 -13 56 0 -25 15 -25 16 -25 15 -23 14 -21 13 -19 13 -18 14 -18 15 -18 12 -17 11 -16 11 -16 11 -17 11 -16 10 -14 9 -14 7 -14 7 -13 6 -11 6 -11 4 -11 4 -11 5 -10 5 -9 4 -9 3 -2 0 0 0 0 0 0 0 0 0 0 0 0 0 0 0 0 0 0 0 -3 2 -11 7 -11 5 -12 6 -13 8 -12 8 -13 9 -14 8 -13 8 -12 9 -15 8 -19 7 -20 9 -19 9 -22 8 -24 9 -23 10 -20 13 -21 14 -24 13 -24 14 -24 14 -23 15 -23 15 -25 14 -24 12 -21 12
1786806325.417922,1924,128,124 -64 7 0 7 24 9 24 11 24 10 24 8 24 8 23 8 22 8 21 9 20 12 19 11 17 7 18 5 18 6 18 5 17 4 16 5 16 4 14 3 13 3 12 2 12 1 12 1 11 1 11 1 11 0 2 0 0 0 0 0 0 0 0 0 0 0 0 0 0 0 0 0 0 2 1 9 5 8 6 7 9 7 11 5 12 5 14 7 18 7 20 7 19 7 17 6 17 7 18 10 20 10 23 9 25 9 24 9 22 9 22 9 25 8 26 8 25 9 24 10 25 11 25 10 25 10 27
1786806325.448673,4084,128,28 -64 1 0 -23 7 -19 5 -15 3 -11 0 -7 -4 -5 -9 -4 -14 -4 -19 -5 -23 -6 -26 -7 -27 -9 -28 -11 -27 -12 -27 -12 -24 -12 -21 -10 -18 -7 -14 -3 -11 0 -8 3 -6 7 -4 11 -3 14 -3 17 -3 4 -1 0 0 0 0 0 0 0 0 0 0 0 0 0 0 0 0 0 0 1 0 5 2 4 5 2 11 1 16 1 21 2 25 3 28 4 31 5 32 6 32 7 30 7 27 6 24 4 19 2 14 0 10 -4 6 -9 3 -15 1 -20 -1 -25 0 -28 0 -31 2 -33 3 -33 4 -32 6
1786806325.481874,4085,128,28 -64 1 0 -21 7 -18 5 -14 3 -10 0 -7 -4 -5 -8 -4 -13 -4 -17 -5 -21 -6 -24 -8 -25 -9 -26 -11 -25 -11 -25 -12 -23 -11 -19 -9 -17 -6 -14 -3 -11 0 -8 3 -6 6 -4 10 -4 13 -3 15 -3 3 -1 0 0 0 0 0 0 0 0 0 0 0 0 0 0 0 0 0 0 1 -1 5 1 4 4 3 9 2 14 3 19 3 23 4 26 5 28 7 29 8 29 8 28 8 25 7 22 5 18 3 14 0 10 -4 6 -8 3 -13 1 -18 0 -23 1 -26 1 -29 3 -30 4 -30 6 -30 7
1786806325.515286,4086,128,28 -64 1 0 19 -14 15 -11 12 -8 10 -3 8 1 7 7 8 11 9 16 11 20 13 22 15 23 17 23 19 22 20 21 19 19 18 16 14 13 11 11 6 9 2 8 -2 6 -6 6 -11 7 -14 8 -16 8 -5 2 0 0 0 0 0 0 0 0 0 0 0 0 0 0 0 0 0 0 -2 0 -7 -2 -6 -6 -5 -11 -5 -16 -6 -21 -7 -26 -9 -29 -10 -32 -12 -32 -13 -32 -13 -31 -12 -28 -11 -24 -9 -20 -6 -15 -3 -12 2 -8 7 -6 13 -5 18 -5 23 -6 27 -8 29 -10 30 -11 30 -13 29 -14
1786806325.545761,1927,128,123 -77 55 0 29 -2 28 0 30 1 30 0 29 -3 28 -4 27 -3 27 -1 26 -3 24 -6 24 -5 23 -3 21 -3 21 -4 22 -3 21 -1 19 3 17 4 16 2 15 1 15 1 16 1 14 1 13 1 13 1 3 0 0 0 0 0 0 0 0 0 0 0 0 0 0 0 0 0 0 0 3 -1 14 -2 13 0 12 0 15 1 16 0 16 -1 17 -1 18 -1 19 0 20 3 20 3 21 2 21 2 21 2 23 2 24 2 27 4 26 6 27 6 29 2 30 0 30 -1 32 -2 34 0 34 2 33 -1
1786806325.581784,1928,128,-113 -13 56 0 3 -34 2 -33 1 -32 0 -33 -1 -32 -1 -29 0 -27 0 -26 -2 -26 -3 -25 -3 -24 -4 -24 -4 -24 -3 -24 -3 -23 -1 -22 1 -21 1 -20 0 -18 1 -17 1 -16 1 -14 3 -12 4 -12 3 -12 0 -3 0 0 0 0 0 0 0 0 0 0 0 0 0 0 0 0 0 0 -1 -3 -1 -11 -1 -13 -2 -14 -2 -13 -1 -13 0 -15 0 -17 1 -19 2 -20 2 -21 -1 -22 -2 -24 -1 -24 0 -24 2 -26 1 -28 -1 -28 0 -29 0 -28 0 -29 1 -31 0 -31 -3 -30 -2 -30 1 -32 2 -33
1786806325.6179688,1929,128,123 -77 55 0 -30 -9 -29 -7 -27 -5 -26 -6 -26 -8 -26 -8 -24 -8 -21 -9 -20 -7 -20 -6 -21 -7 -22 -8 -22 -9 -20 -7 -20 -7 -19 -8 -17 -8 -15 -8 -15 -9 -13 -9 -12 -8 -11 -9 -10 -9 -9 -10 -8 -9 -2 -3 0 0 0 0 0 0 0 0 0 0 0 0 0 0 0 0 0 0 -3 -1 -11 -1 -13 -1 -13 -1 -13 -1 -14 -2 -15 -4 -16 -3 -16 0 -18 -1 -20 -5 -22 -7 -22 -5 -21 -6 -22 -9 -24 -9 -26 -7 -27 -7 -25 -8 -25 -9 -26 -8 -27 -7 -27 -7 -29 -6 -29 -6 -27 -6 -25 -6
1786806325.651233,4089,128,28 -64 1 0 -6 -24 -5 -19 -3 -15 1 -11 5 -7 9 -4 13 -3 18 -2 22 -3 25 -4 27 -5 29 -7 29 -8 28 -9 25 -9 22 -9 19 -8 15 -6 12 -3 8 1 5 4 3 8 1 11 0 15 0 18 -1 4 0 0 0 0 0 0 0 0 0 0 0 0 0 0 0 0 0 0 -1 1 -3 5 -7 3 -12 1 -17 0 -22 0 -27 0 -30 1 -33 1 -34 2 -34 3 -32 4 -29 5 -25 4 -21 3 -16 1 -11 -1 -7 -5 -3 -9 0 -14 2 -19 2 -24 2 -28 0 -31 -1 -32 -2 -33 -3 -33
1786806325.684594,4090,128,28 -64 1 0 -21 12 -17 9 -13 5 -11 1 -8 -3 -7 -9 -7 -14 -8 -18 -10 -22 -12 -24 -14 -25 -16 -25 -18 -25 -18 -24 -18 -22 -17 -19 -14 -16 -10 -13 -6 -11 -2 -9 2 -7 6 -6 10 -6 14 -7 16 -7 4 -2 0 0 0 0 0 0 0 0 0 0 0 0 0 0 0 0 0 0 1 -1 5 1 5 5 4 10 4 15 5 20 7 25 8 28 9 30 11 31 12 31 12 29 12 26 10 22 8 18 5 14 1 10 -4 7 -9 5 -14 3 -20 3 -24 4 -28 5 -30 7 -31 9 -31 11 -30 12
1786806325.717899,4091,128,28 -64 1 0 19 -12 15 -10 12 -7 10 -3 8 1 7 6 7 11 8 15 10 18 12 20 14 21 16 21 17 21 17 20 17 18 15 15 13 13 9 11 6 9 2 7 -2 6 -5 6 -9 6 -12 8 -14 8 -4 2 0 0 0 0 0 0 0 0 0 0 0 0 0 0 0 0 0 0 -2 -1 -6 -2 -5 -6 -5 -11 -4 -15 -5 -20 -5 -24 -6 -27 -8 -29 -9 -30 -10 -30 -11 -28 -11 -25 -10 -22 -8 -19 -5 -15 -2 -11 2 -8 7 -6 12 -5 17 -4 22 -5 25 -6 27 -8 28 -10 28 -12 26 -13
1786806325.745764,1931,128,123 -77 55 0 32 2 30 5 28 4 29 2 29 1 29 -1 28 -2 27 -1 25 -1 24 -2 24 -1 23 0 22 0 21 -2 20 -4 19 -2 17 0 16 0 15 -1 16 0 15 1 14 1 13 2 12 3 11 4 2 1 0 0 0 0 0 0 0 0 0 0 0 0 0 0 0 0 0 0 1 0 7 1 11 0 14 1 14 1 15 2 17 4 17 5 16 4 17 5 18 6 20 6 21 7 20 6 21 6 23 7 25 7 24 7 24 5 27 6 28 6 29 6 30 5 31 4 31 1 31 1 30 3
1786806325.776206,1932,128,-113 -13 56 0 28 9 28 9 29 8 28 7 27 7 25 7 25 7 25 5 25 4 23 5 21 6 22 7 22 7 20 8 18 8 18 5 18 5 16 6 14 8 13 8 13 7 11 6 11 7 10 8 8 7 2 1 0 0 0 0 0 0 0 0 0 0 0 0 0 0 0 0 0 0 2 0 11 1 11 0 11 0 12 2 14 3 14 4 15 5 19 3 19 2 19 3 19 5 19 6 20 7 19 12 19 12 21 9 24 8 24 9 25 9 26 8 25 8 26 10 27 12 28 11 29 8 31 7
1786806325.806943,1,128,28 -64 1 0 11 20 9 16 5 12 1 9 -4 7 -9 6 -14 5 -18 6 -22 8 -25 10 -26 12 -27 13 -26 15 -24 15 -22 15 -19 14 -16 12 -13 9 -11 5 -8 0 -6 -4 -5 -7 -5 -11 -6 -15 -6 -17 -2 -5 0 0 0 0 0 0 0 0 0 0 0 0 0 0 0 0 0 0 -1 -2 1 -6 5 -6 10 -6 15 -6 20 -7 24 -8 28 -10 30 -11 30 -12 30 -13 28 -14 25 -13 22 -12 18 -9 14 -6 10 -2 7 2 5 8 4 14 3 19 4 24 6 27 8 29 9 31 10 31 11 30
1786806325.831807,792,128,-117 -78 40 0 8 7 8 7 8 7 8 6 8 6 8 6 9 6 9 5 8 5 9 5 9 5 9 5 9 5 9 4 9 4 9 4 9 4 8 4 8 4 8 4 7 4 7 4 7 4 7 4 6 4 1 1 0 0 0 0 0 0 0 0 0 0 0 0 0 0 0 0 0 0 2 1 8 5 8 6 8 6 8 6 8 7 8 7 8 7 8 8 8 8 8 9 8 9 8 9 7 9 7 9 7 9 7 9 7 9 8 9 8 8 8 8 8 8 8 8 8 8 8 7 8 7 7 7
1786806325.862468,1935,128,-113 -13 56 0 24 18 24 17 22 15 21 14 22 14 22 14 20 12 20 10 19 9 18 10 17 10 16 10 17 10 17 10 16 11 15 11 14 9 13 8 12 8 10 7 10 6 9 6 7 8 7 9 7 9 1 2 0 0 0 0 0 0 0 0 0 0 0 0 0 0 0 0 0 0 2 1 9 5 9 6 9 9 11 11 13 12 14 11 14 11 15 11 15 11 15 12 15 14 16 15 17 14 18 15 19 17 19 18 21 18 23 17 22 18 20 18 20 18 20 19 21 18 22 18 21 19 22 19
1786806325.9012191,1936,128,123 -77 55 0 -11 -26 -10 -27 -9 -29 -9 -27 -9 -26 -9 -25 -9 -23 -11 -22 -12 -23 -11 -23 -11 -20 -11 -19 -10 -19 -10 -18 -10 -17 -8 -18 -7 -17 -7 -16 -7 -15 -6 -13 -5 -13 -5 -14 -4 -14 -4 -12 -2 -11 -1 -3 0 0 0 0 0 0 0 0 0 0 0 0 0 0 0 0 0 0 -2 -4 -5 -14 -5 -14 -4 -15 -3 -15 -4 -13 -5 -15 -6 -19 -7 -20 -8 -20 -7 -21 -5 -23 -4 -23 -4 -23 -6 -24 -7 -24 -8 -24 -9 -25 -10 -26 -10 -26 -9 -27 -8 -27 -7 -27 -8 -28 -8 -27 -8 -27 -9 -28
1786806325.937365,1792,128,28 -64 1 0 -16 19 -14 18 -13 17 -12 15 -13 14 -14 13 -14 13 -16 14 -18 14 -19 14 -20 15 -21 16 -21 17 -22 18 -22 19 -22 20 -22 20 -22 19 -21 17 -21 15 -20 13 -19 10 -19 6 -20 2 -20 -1 -5 -1 0 0 0 0 0 0 0 0 0 0 0 0 0 0 0 0 0 0 -3 3 -9 13 -8 13 -9 14 -10 14 -9 14 -8 14 -8 14 -9 13 -9 11 -9 9 -9 7 -10 5 -11 3 -12 3 -14 2 -16 1 -19 1 -21 2 -22 4 -23 6 -24 8 -24 11 -23 13 -23 15 -22 17 -21 19
1786806325.965237,1937,128,-113 -13 56 0 8 31 8 31 8 28 6 26 5 26 5 24 7 21 9 21 9 20 9 19 8 19 9 21 8 21 7 18 8 16 8 16 8 15 7 13 7 13 6 13 4 12 3 12 1 11 0 10 2 10 0 2 0 0 0 0 0 0 0 0 0 0 0 0 0 0 0 0 0 0 0 3 0 13 1 11 2 11 2 12 0 14 0 16 1 17 -1 18 -3 18 -5 19 -5 22 -4 25 -1 24 1 26 1 27 0 26 2 26 2 26 1 25 1 26 0 28 1 30 4 30 5 29 4 29 3 29
1786806325.9985979,1938,128,123 -77 55 0 -11 29 -10 28 -10 27 -12 28 -11 28 -9 25 -7 23 -7 23 -8 22 -9 20 -9 19 -7 19 -7 18 -7 17 -7 16 -7 16 -8 15 -8 14 -8 13 -7 12 -7 10 -6 8 -7 8 -6 8 -5 7 -2 1 0 0 0 0 0 0 0 0 0 0 0 0 0 0 0 0 0 0 -1 3 -2 14 -3 13 -2 13 -1 13 -2 14 -4 15 -5 16 -5 18 -6 19 -7 18 -7 18 -8 19 -9 21 -11 23 -11 25 -11 25 -10 23 -9 23 -10 25 -12 27 -12 28 -11 28 -10 28 -9 28 -9 29 -10 30
1786806326.029103,2,128,28 -64 1 0 23 -1 19 -1 14 0 9 2 5 5 2 9 -1 14 -2 18 -2 22 -1 26 0 28 1 29 3 29 4 29 5 27 5 23 4 20 2 16 -1 12 -3 8 -6 4 -9 2 -13 0 -16 -1 -19 -2 -5 -1 0 0 0 0 0 0 0 0 0 0 0 0 0 0 0 0 0 0 -2 -1 -5 -5 -2 -8 1 -12 4 -17 6 -21 7 -26 7 -29 7 -32 6 -34 5 -34 3 -33 2 -30 2 -26 2 -21 2 -16 3 -11 6 -6 9 -1 13 3 18 6 22 8 26 8 29 7 31 6 32 5 31 3
1786806326.059569,1793,128,28 -64 1 0 6 25 8 24 10 24 12 22 12 20 12 18 13 18 12 17 10 16 8 17 7 18 6 19 6 20 7 22 7 23 8 23 8 24 8 23 8 22 8 22 7 21 6 19 3 18 1 16 -2 15 -1 3 0 0 0 0 0 0 0 0 0 0 0 0 0 0 0 0 0 0 3 2 14 9 13 10 12 9 11 9 10 9 9 9 7 10 5 10 3 10 1 11 -1 13 -2 15 -3 17 -3 18 -2 20 -1 21 0 22 2 22 3 21 5 21 6 21 5 20 4 21 3 21 4 22 4 22
1786806326.0901241,3,128,28 -64 1 0 23 -5 19 -4 15 -2 10 1 6 5 4 9 3 14 3 19 3 23 4 25 5 27 7 28 9 28 10 27 11 24 10 21 8 18 5 15 2 11 -1 8 -4 5 -8 4 -12 3 -16 3 -18 3 -5 0 0 0 0 0 0 0 0 0 0 0 0 0 0 0 0 0 0 0 -2 -1 -6 -5 -3 -8 -1 -12 2 -17 3 -22 4 -26 4 -30 3 -32 2 -34 1 -34 0 -33 -1 -30 -1 -26 0 -22 1 -17 2 -12 5 -8 10 -3 15 0 19 2 24 3 28 3 31 2 33 0 33 -1 32 -3
1786806326.1207502,4,128,28 -64 1 0 23 -6 19 -4 14 -2 10 1 6 5 3 9 2 14 1 18 1 23 2 26 4 27 5 28 7 28 8 28 8 25 8 22 6 18 4 15 1 11 -2 8 -5 5 -8 3 -12 1 -16 1 -18 0 -5 0 0 0 0 0 0 0 0 0 0 0 0 0 0 0 0 0 0 0 -2 -1 -6 -3 -4 -7 -2 -12 -1 -17 0 -22 0 -26 -1 -30 -2 -32 -3 -34 -4 -33 -5 -32 -5 -29 -5 -26 -4 -21 -2 -16 1 -12 4 -7 9 -3 14 0 19 2 24 2 28 2 30 1 32 -1 32 -3 32 -4
1786806326.1540549,5,128,28 -64 1 0 -7 22 -6 18 -6 14 -7 9 -9 4 -11 -1 -14 -4 -18 -7 -22 -8 -26 -8 -28 -7 -29 -6 -30 -5 -30 -4 -28 -3 -25 -2 -21 -2 -17 -2 -13 -4 -8 -6 -4 -7 -1 -10 2 -13 4 -16 5 -17 1 -5 0 0 0 0 0 0 0 0 0 0 0 0 0 0 0 0 0 0 1 -2 5 -4 7 0 10 4 13 8 17 11 21 14 24 15 27 16 28 16 29 15 28 13 26 10 23 9 19 7 13 6 8 6 3 7 -3 9 -8 12 -12 15 -14 19 -16 22 -16 25 -15 28 -15 29 -14 30
1786806326.184545,1939,128,-113 -13 56 0 13 28 12 30 11 30 12 28 12 27 10 24 10 21 11 21 11 22 11 21 11 18 10 17 9 18 9 20 9 19 9 16 8 16 7 16 5 16 5 15 5 14 3 12 2 12 1 12 1 10 0 2 0 0 0 0 0 0 0 0 0 0 0 0 0 0 0 0 0 0 0 2 3 8 4 8 4 9 4 11 5 14 6 15 6 15 6 16 5 17 5 20 6 21 7 21 8 21 9 23 9 25 9 25 9 25 9 25 9 24 9 24 10 24 13 25 14 26 13 28 13 29 13 30
1786806326.212351,1940,128,123 -77 55 0 29 7 29 8 29 9 27 7 26 5 24 7 24 6 24 4 23 4 22 5 22 6 20 6 19 5 19 5 19 5 18 6 16 6 16 6 15 5 15 5 14 5 12 4 10 5 10 5 11 6 3 1 0 0 0 0 0 0 0 0 0 0 0 0 0 0 0 0 0 0 2 0 9 1 10 2 12 3 13 4 14 3 14 3 17 4 17 5 17 5 17 5 18 6 21 7 22 8 22 8 23 7 24 7 26 9 26 10 24 8 24 7 25 8 26 8 28 8 29 8 30 9 31 8
1786806326.245733,7,128,28 -64 1 0 -24 5 -20 3 -15 1 -11 -2 -8 -6 -5 -10 -3 -15 -3 -20 -4 -24 -6 -27 -7 -29 -9 -29 -11 -29 -12 -29 -12 -26 -12 -22 -9 -19 -7 -16 -3 -13 0 -10 3 -7 7 -5 11 -5 15 -4 17 -4 4 -1 0 0 0 0 0 0 0 0 0 0 0 0 0 0 0 0 0 0 1 0 5 3 2 7 -1 12 -3 16 -5 21 -5 26 -5 30 -5 32 -4 34 -2 34 -1 32 0 29 0 25 -1 20 -2 15 -4 11 -7 6 -11 2 -16 -2 -20 -4 -25 -5 -29 -4 -32 -3 -33 -2 -34 0 -33 1
1786806326.276482,8,128,28 -64 1 0 23 -7 19 -5 14 -3 10 0 6 4 4 9 3 13 3 18 3 22 4 25 6 27 7 27 9 27 10 26 11 24 10 21 8 17 5 14 2 11 -1 8 -4 5 -8 3 -12 3 -15 3 -18 2 -5 0 0 0 0 0 0 0 0 0 0 0 0 0 0 0 0 0 0 0 -2 -1 -6 -3 -4 -7 -2 -12 -1 -17 0 -22 0 -26 -1 -30 -2 -33 -3 -34 -4 -34 -5 -32 -6 -30 -5 -26 -4 -21 -2 -16 0 -12 4 -7 9 -3 14 -1 19 1 24 1 28 1 30 0 32 -2 32 -3 32 -4
1786806326.3096802,9,128,28 -64 1 0 19 -16 15 -12 12 -8 10 -4 8 1 8 6 9 11 11 15 13 19 16 20 18 21 20 20 21 19 22 18 21 16 19 13 16 11 12 9 8 8 3 7 -1 7 -5 7 -8 8 -12 10 -14 11 -4 3 0 0 0 0 0 0 0 0 0 0 0 0 0 0 0 0 0 0 -2 -1 -7 -2 -6 -6 -5 -11 -5 -17 -6 -22 -7 -26 -9 -29 -10 -31 -12 -32 -13 -32 -14 -30 -13 -27 -12 -23 -10 -19 -7 -16 -3 -12 2 -9 7 -7 13 -6 18 -7 23 -8 26 -10 28 -12 29 -14 29 -15 28 -16
1786806326.3459158,1943,128,-113 -13 56 0 -1 -33 -2 -31 -2 -28 -1 -27 0 -26 0 -26 -2 -25 -2 -25 -1 -25 -2 -25 -4 -24 -5 -22 -3 -20 -2 -20 -1 -21 0 -20 1 -18 1 -15 2 -16 2 -17 1 -16 2 -14 2 -12 2 -10 0 -10 -1 -3 0 0 0 0 0 0 0 0 0 0 0 0 0 0 0 0 0 0 -1 -3 -3 -12 -4 -13 -4 -14 -4 -14 -3 -14 -3 -15 -2 -18 -3 -20 -3 -20 -2 -22 -2 -24 -2 -24 -1 -23 0 -24 -1 -26 -2 -28 0 -29 0 -28 -2 -27 -1 -28 -1 -28 -1 -30 -2 -30 -1 -29 1 -29 1 -30
1786806326.379025,1944,128,124 -64 7 0 29 -6 29 -6 27 -5 24 -4 24 -5 25 -6 25 -6 21 -5 18 -6 21 -8 23 -8 21 -7 18 -6 16 -6 16 -5 17 -5 17 -3 16 -3 15 -4 14 -4 12 -3 11 -3 10 -3 9 -1 10 1 2 0 0 0 0 0 0 0 0 0 0 0 0 0 0 0 0 0 0 0 2 -1 11 -1 11 -2 12 -1 13 1 15 0 17 1 17 3 18 2 20 -1 22 -4 23 -2 22 0 21 0 23 0 25 1 25 1 25 0 26 -1 25 0 27 2 29 2 29 0 29 -1 30 -2 32 -2 34 -2
1786806326.41806,1945,128,123 -77 55 0 -23 -18 -24 -17 -24 -16 -23 -16 -21 -15 -20 -14 -19 -14 -19 -17 -19 -17 -20 -13 -19 -11 -15 -13 -14 -14 -15 -14 -14 -13 -13 -13 -13 -13 -11 -13 -9 -14 -9 -13 -10 -10 -9 -10 -9 -10 -8 -10 -5 -11 -1 -3 0 0 0 0 0 0 0 0 0 0 0 0 0 0 0 0 0 0 -2 -1 -7 -2 -11 -5 -13 -7 -11 -7 -11 -6 -14 -6 -15 -9 -15 -10 -19 -8 -22 -6 -23 -5 -22 -7 -21 -8 -23 -9 -23 -12 -23 -12 -22 -13 -21 -15 -23 -16 -23 -16 -22 -17 -24 -17 -27 -17 -26 -17 -25 -18 -28 -17
1786806326.4540422,1946,128,-113 -13 56 0 -24 19 -23 17 -21 16 -19 18 -19 20 -19 18 -19 17 -15 16 -14 14 -15 14 -14 15 -13 15 -13 14 -13 13 -13 13 -12 12 -10 11 -9 9 -9 9 -10 9 -11 8 -10 7 -9 6 -9 6 -9 5 -3 1 0 0 0 0 0 0 0 0 0 0 0 0 0 0 0 0 0 0 -3 1 -9 7 -10 6 -10 7 -12 8 -14 9 -15 8 -15 7 -16 7 -18 7 -19 10 -19 11 -19 11 -20 11 -23 11 -25 11 -25 11 -24 13 -24 13 -24 13 -24 14 -24 16 -24 17 -24 18 -24 18 -25 16 -25 14
1786806326.4875462,10,128,28 -64 1 0 -16 -19 -13 -16 -9 -12 -4 -10 1 -8 6 -8 11 -8 15 -9 19 -11 22 -14 23 -15 23 -17 23 -18 22 -18 19 -18 17 -16 14 -14 12 -11 10 -7 7 -2 6 2 5 5 5 9 6 13 6 15 1 4 0 0 0 0 0 0 0 0 0 0 0 0 0 0 0 0 0 0 0 1 0 4 -4 5 -9 7 -14 8 -18 10 -22 13 -25 15 -27 17 -27 19 -26 20 -24 20 -22 19 -19 17 -16 13 -13 9 -10 4 -8 -1 -7 -7 -7 -13 -8 -18 -9 -22 -11 -26 -14 -28 -16 -28 -17 -28 -18 -27
1786806326.520864,11,128,28 -64 1 0 -24 6 -20 4 -15 2 -11 -1 -7 -5 -5 -9 -3 -14 -2 -19 -3 -23 -4 -26 -6 -28 -7 -29 -9 -29 -10 -28 -10 -26 -10 -22 -8 -19 -6 -16 -3 -12 0 -9 3 -6 7 -4 11 -3 14 -3 16 -2 4 -1 0 0 0 0 0 0 0 0 0 0 0 0 0 0 0 0 0 0 1 0 5 2 3 5 1 10 -1 16 -1 21 -1 25 0 29 1 32 2 33 4 33 5 31 5 29 5 25 3 20 1 15 -1 11 -5 6 -9 2 -14 -1 -20 -2 -24 -3 -29 -2 -32 -1 -33 0 -33 2 -33 3
1786806326.554019,12,128,28 -64 1 0 -23 8 -19 6 -15 3 -11 0 -7 -4 -5 -9 -4 -14 -3 -19 -5 -23 -6 -26 -8 -27 -10 -28 -11 -28 -11 -28 -11 -26 -11 -22 -9 -19 -6 -16 -3 -12 0 -9 3 -6 7 -4 10 -3 14 -3 16 -3 4 -1 0 0 0 0 0 0 0 0 0 0 0 0 0 0 0 0 0 0 1 0 5 1 4 5 3 10 3 15 3 20 4 25 5 29 6 31 8 32 9 32 11 30 10 27 9 23 7 19 4 14 1 10 -4 7 -9 3 -15 1 -20 0 -25 0 -29 1 -31 3 -33 5 -33 6 -33 7
1786806326.5874681,1947,128,92 -64 5 0 8 -28 8 -28 9 -29 9 -29 7 -29 5 -27 5 -25 5 -26 5 -26 6 -25 6 -25 5 -24 6 -23 7 -23 8 -24 7 -21 5 -19 6 -18 7 -15 6 -15 3 -16 2 -15 4 -14 6 -12 7 -10 1 -3 0 0 0 0 0 0 0 0 0 0 0 0 0 0 0 0 0 0 1 -3 4 -11 4 -12 3 -12 5 -14 7 -14 7 -14 7 -16 7 -17 9 -18 12 -19 13 -20 13 -21 12 -22 12 -22 11 -22 10 -23 10 -25 12 -27 12 -28 13 -29 13 -29 10 -29 10 -30 12 -30 11 -29 11 -28
1786806326.615322,1948,128,92 -64 5 0 29 12 28 12 28 9 28 7 25 8 24 10 24 9 25 8 25 9 24 9 23 8 22 5 20 5 19 8 17 9 16 10 16 9 16 7 14 7 13 8 13 8 13 9 11 9 8 8 6 7 1 1 0 0 0 0 0 0 0 0 0 0 0 0 0 0 0 0 0 0 2 0 11 -1 11 -2 10 1 12 3 14 2 15 3 17 5 19 5 20 4 19 3 17 4 18 7 20 9 22 9 23 7 25 8 27 10 26 10 25 9 27 10 27 10 25 9 27 10 31 11 31 10 29 9
1786806326.651266,1949,128,92 -64 5 0 -9 30 -11 30 -11 28 -8 26 -6 25 -6 24 -7 24 -7 24 -5 23 -4 21 -4 21 -5 22 -5 23 -4 21 -4 21 -5 21 -6 19 -6 16 -5 15 -5 14 -6 14 -5 12 -5 12 -4 11 -6 11 -2 2 0 0 0 0 0 0 0 0 0 0 0 0 0 0 0 0 0 0 -1 2 -4 11 -6 11 -7 11 -7 12 -8 13 -10 13 -11 16 -12 17 -13 18 -14 17 -14 16 -12 18 -12 20 -14 19 -15 19 -15 21 -14 21 -15 23 -17 24 -17 24 -16 26 -15 29 -13 29 -12 28 -14 28 -15 28
1786806326.687335,14,128,28 -64 1 0 -20 -14 -17 -12 -12 -10 -6 -9 -1 -9 4 -10 9 -12 12 -15 15 -18 17 -20 17 -23 16 -24 15 -26 13 -26 11 -24 9 -22 8 -19 7 -15 7 -10 6 -5 6 -1 7 3 9 7 11 10 12 11 3 3 0 0 0 0 0 0 0 0 0 0 0 0 0 0 0 0 0 0 0 1 1 5 -3 6 -8 8 -13 10 -17 13 -20 16 -23 19 -24 21 -24 22 -23 23 -21 23 -19 22 -17 19 -14 15 -12 11 -10 6 -9 1 -9 -5 -10 -12 -12 -17 -14 -20 -17 -23 -20 -24 -22 -24 -23 -24 -24 -23
1786806326.7181,15,128,28 -64 1 0 12 19 9 15 6 12 2 9 -3 8 -8 7 -13 8 -17 9 -21 11 -23 13 -24 15 -24 18 -23 19 -21 20 -19 19 -16 17 -14 15 -12 11 -10 7 -9 2 -7 -2 -7 -6 -8 -10 -9 -13 -10 -16 -3 -4 0 0 0 0 0 0 0 0 0 0 0 0 0 0 0 0 0 0 0 -2 2 -7 6 -6 11 -5 16 -4 21 -5 25 -6 29 -7 31 -8 31 -9 31 -10 29 -10 26 -10 23 -9 19 -7 14 -4 10 -1 7 3 5 8 3 14 3 19 4 23 6 27 8 29 9 30 11 30 13 30
1786806326.751348,16,128,28 -64 1 0 -9 -23 -7 -19 -4 -15 0 -11 4 -7 9 -5 13 -4 18 -4 22 -4 25 -6 27 -7 27 -9 27 -10 26 -11 24 -11 21 -11 17 -9 14 -7 11 -4 8 0 5 3 3 7 2 11 2 14 2 16 0 4 0 0 0 0 0 0 0 0 0 0 0 0 0 0 0 0 0 0 -1 1 -3 5 -7 4 -12 2 -17 2 -22 2 -26 2 -30 3 -32 5 -33 5 -33 6 -31 7 -29 8 -25 7 -21 5 -16 2 -11 0 -7 -4 -4 -9 -2 -15 0 -20 0 -25 -1 -29 -3 -31 -4 -32 -5 -33 -6 -32
1786806326.7874482,1951,128,-113 -13 56 0 -19 23 -20 25 -19 24 -18 22 -17 22 -18 21 -17 19 -15 18 -14 19 -14 17 -13 17 -12 18 -14 17 -15 15 -15 14 -15 14 -13 13 -13 11 -13 12 -12 10 -12 8 -11 8 -9 6 -10 6 -12 5 -3 1 0 0 0 0 0 0 0 0 0 0 0 0 0 0 0 0 0 0 -2 2 -6 9 -6 10 -6 10 -7 11 -9 11 -10 13 -10 14 -10 13 -10 12 -12 13 -14 14 -15 14 -16 15 -17 16 -15 18 -14 18 -17 17 -19 17 -19 18 -18 19 -18 20 -18 20 -20 20 -22 21 -23 24 -22 27
1786806326.823624,1952,128,123 -77 55 0 -30 -1 -29 -1 -30 1 -29 0 -28 -1 -26 -2 -24 -2 -24 1 -25 3 -25 1 -23 0 -22 0 -21 1 -21 1 -19 0 -19 -1 -19 0 -18 0 -18 -1 -17 -2 -15 -2 -13 -3 -12 -3 -12 -4 -11 -4 -3 -1 0 0 0 0 0 0 0 0 0 0 0 0 0 0 0 0 0 0 -3 -1 -11 -2 -12 -2 -14 -3 -16 -2 -16 -2 -16 -4 -16 -5 -16 -5 -18 -3 -21 -1 -21 -2 -20 -4 -23 -4 -24 -4 -24 -6 -24 -7 -24 -5 -24 -3 -25 -2 -27 -1 -28 -2 -28 -4 -28 -5 -30 -5 -31 -5 -32 -4
1786806326.8541179,1794,128,28 -64 1 0 23 18 24 17 25 16 27 13 27 10 25 8 23 7 23 7 22 8 21 10 20 11 20 14 21 16 23 16 25 17 26 18 27 18 27 18 26 16 25 15 24 15 21 15 17 15 13 17 10 18 2 4 0 0 0 0 0 0 0 0 0 0 0 0 0 0 0 0 0 0 3 1 14 5 12 6 12 6 11 6 10 6 9 6 8 7 7 8 5 8 5 9 4 11 4 13 4 14 4 16 5 16 8 17 10 17 11 17 12 16 13 15 14 14 14 15 13 16 14 17 16 18 17 19
1786806326.884788,17,128,28 -64 1 0 22 -7 18 -5 13 -3 9 0 7 4 5 9 3 13 4 18 5 22 6 24 7 26 9 26 11 26 12 25 12 23 11 20 9 17 6 14 3 11 0 8 -4 5 -8 4 -11 3 -15 4 -17 3 -5 0 0 0 0 0 0 0 0 0 0 0 0 0 0 0 0 0 0 0 -2 -1 -6 -3 -5 -7 -3 -12 -2 -17 -1 -22 -1 -26 -2 -30 -2 -32 -4 -33 -5 -33 -5 -31 -6 -29 -5 -25 -4 -20 -2 -16 1 -12 4 -8 9 -4 14 -2 19 0 24 0 27 -1 30 -2 32 -4 31 -6 29 -8
1786806326.915263,1795,128,28 -64 1 0 7 25 10 25 12 24 11 21 10 18 9 17 9 17 8 17 7 18 5 20 5 22 6 24 7 25 8 27 9 29 10 29 11 30 11 29 11 28 10 24 9 21 6 19 3 17 0 16 -4 15 -2 3 0 0 0 0 0 0 0 0 0 0 0 0 0 0 0 0 0 0 2 4 9 17 8 17 5 15 4 12 4 12 4 13 3 15 2 13 0 11 -1 12 -2 14 -3 15 -4 14 -5 14 -6 15 -7 16 -6 17 -5 18 -4 19 -4 20 -3 22 -2 23 -1 25 -1 26 -1 27 0 29
1786806326.951309,796,128,-117 -78 40 0 -9 -9 -9 -9 -9 -8 -9 -8 -9 -8 -9 -8 -9 -7 -9 -7 -9 -7 -9 -7 -9 -7 -10 -7 -10 -6 -9 -6 -9 -6 -9 -6 -9 -6 -9 -6 -9 -6 -8 -6 -8 -6 -8 -5 -7 -5 -7 -5 -7 -5 -2 -2 0 0 0 0 0 0 0 0 0 0 0 0 0 0 0 0 0 0 -2 -2 -8 -7 -8 -7 -8 -8 -8 -8 -8 -8 -8 -9 -9 -9 -9 -9 -8 -10 -8 -10 -8 -10 -8 -11 -8 -11 -8 -11 -8 -10 -8 -10 -8 -10 -8 -10 -8 -10 -8 -10 -8 -9 -8 -9 -8 -9 -8 -9 -8 -9 -8 -9
1786806326.98193,19,128,28 -64 1 0 23 5 19 4 14 4 8 5 3 7 -1 9 -4 13 -6 17 -8 21 -8 24 -7 26 -6 28 -5 28 -3 28 -2 26 -1 23 -1 20 -2 16 -3 11 -5 7 -6 3 -9 0 -11 -2 -15 -4 -17 -6 -5 -2 0 0 0 0 0 0 0 0 0 0 0 0 0 0 0 0 0 0 -2 -1 -4 -5 -1 -7 3 -11 6 -15 9 -19 11 -23 12 -26 13 -29 12 -30 11 -31 9 -30 8 -28 7 -25 6 -20 5 -15 5 -10 6 -5 9 0 12 6 16 9 20 12 24 13 27 13 29 12 30 11 30 10
1786806327.018044,20,128,28 -64 1 0 -18 -16 -15 -13 -10 -10 -5 -9 0 -8 5 -8 10 -10 14 -12 17 -15 19 -18 20 -20 20 -22 19 -23 17 -23 15 -22 12 -19 11 -17 9 -13 8 -9 6 -4 5 0 6 4 7 8 8 11 9 13 2 3 0 0 0 0 0 0 0 0 0 0 0 0 0 0 0 0 0 0 0 1 0 6 -3 6 -8 8 -13 10 -17 12 -20 15 -23 18 -24 20 -25 21 -24 22 -22 22 -20 21 -17 18 -14 14 -12 10 -10 5 -8 0 -8 -6 -9 -12 -10 -17 -13 -21 -16 -24 -18 -26 -20 -26 -21 -25 -22 -24
1786806327.054123,1955,128,-113 -13 56 0 -23 24 -23 24 -22 24 -20 24 -19 23 -17 21 -16 20 -18 19 -19 19 -18 19 -17 19 -16 19 -16 19 -16 17 -15 14 -15 13 -14 13 -12 12 -13 11 -14 9 -13 7 -11 5 -10 5 -10 5 -10 4 -3 1 0 0 0 0 0 0 0 0 0 0 0 0 0 0 0 0 0 0 -3 3 -8 10 -8 9 -9 10 -10 11 -9 12 -11 13 -14 13 -14 14 -14 16 -15 18 -16 17 -17 16 -19 17 -19 17 -19 17 -21 18 -21 19 -20 20 -20 23 -22 24 -23 23 -22 22 -22 22 -22 23 -22 23 -22 23
1786806327.0847528,21,128,28 -64 1 0 23 -5 19 -4 15 -2 10 0 7 4 4 9 2 14 2 18 2 22 3 25 5 27 6 28 8 28 9 27 9 25 9 22 7 18 5 15 2 12 -1 8 -4 5 -8 3 -12 2 -15 2 -18 2 -5 0 0 0 0 0 0 0 0 0 0 0 0 0 0 0 0 0 0 0 -2 -1 -6 -3 -4 -7 -2 -11 0 -16 1 -21 1 -26 1 -30 1 -32 -1 -34 -2 -34 -3 -32 -4 -30 -4 -26 -3 -21 -1 -17 1 -12 4 -7 9 -3 14 0 19 2 23 3 27 2 30 1 32 -1 32 -2 32 -4
1786806327.112469,1959,128,-78 33 27 0 7 25 7 26 8 25 9 23 8 22 7 21 8 21 9 20 8 20 7 20 7 19 7 17 6 16 4 16 4 16 4 16 4 15 2 15 2 14 1 13 0 12 1 12 1 11 -1 9 -2 9 -1 2 0 0 0 0 0 0 0 0 0 0 0 0 0 0 0 0 0 0 1 2 3 8 2 8 5 10 6 12 3 13 2 14 3 15 5 16 4 17 2 18 2 20 4 19 4 18 4 20 4 22 4 22 5 21 4 23 4 25 5 26 5 26 6 25 9 24 8 27 6 29 7 27
1786806327.1458461,1960,128,124 -64 7 0 30 -9 28 -10 29 -11 27 -10 24 -9 24 -9 24 -10 23 -9 21 -8 20 -8 19 -8 21 -7 21 -6 20 -6 19 -6 19 -5 18 -4 17 -3 16 -3 14 -4 15 -3 14 0 11 0 10 -1 10 0 2 0 0 0 0 0 0 0 0 0 0 0 0 0 0 0 0 0 0 0 2 -1 10 -4 12 -5 13 -5 13 -4 13 -4 14 -4 15 -4 16 -5 18 -5 20 -4 21 -6 22 -7 23 -6 22 -5 21 -4 23 -5 25 -5 26 -4 27 -5 27 -6 27 -9 29 -9 30 -7 29 -7 29 -10 31 -12
1786806327.1792939,22,128,28 -64 1 0 -17 -17 -14 -14 -9 -12 -4 -9 1 -8 6 -8 11 -9 15 -11 18 -13 20 -16 21 -18 21 -20 21 -21 19 -21 17 -20 14 -18 12 -15 10 -12 8 -7 7 -3 5 1 5 5 6 9 7 12 8 14 2 3 0 0 0 0 0 0 0 0 0 0 0 0 0 0 0 0 0 0 0 1 0 5 -4 6 -9 7 -14 9 -18 11 -21 14 -24 16 -26 18 -26 20 -25 20 -23 21 -21 20 -18 17 -15 13 -12 9 -10 4 -8 -1 -8 -7 -8 -13 -9 -18 -11 -22 -13 -25 -16 -27 -18 -27 -19 -27 -20 -26
1786806327.2152052,23,128,28 -64 1 0 -23 -10 -19 -9 -14 -8 -9 -8 -4 -9 1 -11 5 -14 8 -17 10 -21 11 -24 11 -27 10 -28 9 -29 7 -29 6 -27 5 -24 4 -21 4 -17 5 -12 5 -7 6 -3 8 0 11 3 13 6 15 7 3 2 0 0 0 0 0 0 0 0 0 0 0 0 0 0 0 0 0 0 0 1 2 5 -1 7 -6 10 -10 13 -14 17 -17 20 -19 23 -19 26 -19 28 -18 28 -16 28 -14 26 -12 23 -11 19 -9 14 -8 9 -8 3 -10 -3 -12 -9 -15 -13 -19 -17 -22 -19 -26 -19 -28 -19 -29 -17 -29 -16
1786806327.248645,26,128,28 -64 1 0 -13 -21 -10 -17 -7 -13 -2 -10 3 -8 8 -7 12 -6 17 -7 21 -9 24 -11 25 -12 25 -14 25 -15 23 -16 21 -16 18 -14 16 -12 13 -10 10 -6 7 -2 5 2 4 6 4 10 4 14 5 16 1 4 0 0 0 0 0 0 0 0 0 0 0 0 0 0 0 0 0 0 0 1 -1 5 -5 5 -10 5 -16 5 -20 6 -25 8 -28 10 -30 11 -31 12 -30 13 -29 14 -26 14 -23 12 -19 9 -15 6 -11 2 -8 -2 -6 -8 -5 -14 -5 -19 -5 -24 -7 -28 -9 -30 -11 -31 -12 -31 -12 -30
1786806327.2820091,28,128,28 -64 1 0 -21 12 -17 9 -13 6 -10 2 -7 -3 -6 -8 -5 -13 -5 -18 -7 -22 -8 -25 -10 -27 -12 -27 -13 -27 -14 -26 -14 -24 -13 -21 -11 -18 -8 -15 -5 -11 -1 -8 2 -6 6 -4 10 -3 14 -3 16 -2 4 -1 0 0 0 0 0 0 0 0 0 0 0 0 0 0 0 0 0 0 1 -1 5 -1 5 3 6 8 7 14 9 18 11 22 13 25 14 27 16 28 17 27 17 26 16 23 13 20 11 16 7 13 3 9 -2 7 -8 5 -14 4 -19 4 -24 5 -27 7 -30 9 -31 11 -30 12 -29 14
1786806327.315074,29,128,28 -64 1 0 16 17 13 15 9 11 4 9 -2 8 -7 7 -12 8 -16 10 -19 12 -22 14 -23 17 -23 19 -22 20 -21 20 -18 19 -16 17 -14 15 -12 12 -10 7 -8 3 -7 -2 -7 -6 -8 -9 -9 -13 -10 -15 -3 -4 0 0 0 0 0 0 0 0 0 0 0 0 0 0 0 0 0 0 -1 -2 -1 -6 3 -6 8 -7 13 -8 18 -10 22 -13 25 -15 27 -17 27 -19 27 -19 25 -20 23 -19 20 -17 16 -14 13 -10 10 -5 7 0 6 6 6 12 7 17 9 22 11 25 14 27 15 28 16 27 17 27
1786806327.355594,30,128,28 -64 1 0 -22 9 -18 7 -14 4 -11 0 -8 -4 -6 -9 -5 -14 -5 -19 -7 -23 -8 -25 -10 -27 -12 -27 -13 -27 -14 -26 -14 -23 -13 -20 -11 -17 -8 -14 -4 -11 -1 -9 3 -6 6 -5 10 -5 14 -5 16 -5 4 -2 0 0 0 0 0 0 0 0 0 0 0 0 0 0 0 0 0 0 1 0 6 2 5 5 3 11 3 16 3 21 4 25 5 29 6 31 7 32 8 31 9 30 9 27 8 23 6 19 3 14 0 11 -5 7 -10 4 -15 2 -20 1 -25 1 -29 2 -31 4 -32 6 -32 8 -31 9
1786806327.4477718,1796,128,28 -64 1 0 -6 -30 -9 -30 -11 -28 -13 -26 -14 -24 -13 -22 -11 -20 -11 -20 -9 -19 -6 -20 -3 -21 -2 -23 -1 -26 0 -28 0 -30 -1 -32 -3 -32 -2 -33 -2 -33 -4 -32 -4 -30 -2 -27 0 -23 4 -19 7 -17 2 -4 0 0 0 0 0 0 0 0 0 0 0 0 0 0 0 0 0 0 -5 -2 -19 -6 -18 -6 -17 -6 -18 -4 -17 -5 -14 -7 -11 -7 -9 -6 -6 -6 -3 -7 -1 -11 1 -14 2 -18 2 -21 2 -23 0 -24 -1 -25 -2 -26 -4 -27 -7 -26 -8 -23 -8 -22 -8 -23 -7 -25 -6 -25 -5 -25
1786806327.477589,31,128,28 -64 1 0 8 23 6 19 4 14 0 10 -5 7 -9 4 -14 3 -19 3 -23 4 -26 5 -28 7 -29 9 -29 10 -28 10 -25 10 -22 10 -19 8 -16 6 -13 3 -9 -1 -6 -5 -4 -8 -3 -12 -3 -15 -3 -18 -1 -5 0 0 0 0 0 0 0 0 0 0 0 0 0 0 0 0 0 0 0 -2 1 -6 5 -5 10 -4 15 -4 20 -4 25 -5 29 -6 31 -7 32 -8 32 -9 30 -11 27 -11 24 -10 20 -8 15 -5 10 -2 7 2 3 8 1 14 0 19 0 24 1 28 3 30 4 31 5 32 6 32
1786806327.565129,32,128,28 -64 1 0 -16 -18 -13 -15 -9 -12 -4 -9 1 -7 6 -7 11 -8 16 -9 19 -11 22 -13 24 -16 24 -17 24 -19 22 -19 20 -19 17 -17 15 -15 13 -11 10 -7 8 -3 6 2 5 6 4 10 5 14 5 16 1 4 0 0 0 0 0 0 0 0 0 0 0 0 0 0 0 0 0 0 0 1 1 5 -3 6 -8 7 -13 9 -18 12 -22 14 -24 17 -26 19 -26 20 -26 20 -24 20 -22 19 -19 16 -16 13 -12 9 -10 4 -8 -1 -7 -7 -7 -13 -7 -18 -9 -22 -11 -26 -14 -27 -16 -28 -17 -28 -19 -28
1786806327.6516879,33,128,28 -64 1 0 6 -21 5 -17 5 -13 5 -9 7 -4 9 0 12 3 15 6 19 7 21 8 23 8 24 6 25 5 25 4 24 3 21 2 18 2 14 2 10 3 6 4 2 5 -1 7 -4 10 -6 12 -7 14 -2 3 0 0 0 0 0 0 0 0 0 0 0 0 0 0 0 0 0 0 -1 1 -5 3 -7 0 -9 -4 -13 -8 -16 -11 -20 -13 -23 -14 -25 -15 -27 -15 -28 -14 -27 -13 -25 -11 -22 -9 -18 -8 -14 -7 -9 -7 -4 -7 1 -9 6 -11 9 -15 12 -18 13 -21 14 -24 14 -26 13 -27 11 -28
1786806327.723935,1182,256,54 101 83 0 -19 -17 -15 -15 -11 -12 -6 -10 -1 -9 4 -10 9 -11 13 -14 16 -16 18 -19 19 -22 19 -24 18 -25 16 -25 14 -23 12 -21 10 -18 9 -15 8 -10 7 -5 7 -1 7 3 9 6 11 9 12 11 3 3 0 0 0 0 0 0 0 0 0 0 0 0 0 0 0 0 0 0 0 1 0 5 -4 6 -9 6 -14 7 -19 9 -23 12 -26 14 -28 17 -28 18 -27 19 -26 19 -23 19 -20 17 -17 14 -14 9 -11 5 -9 0 -9 -6 -9 -12 -10 -17 -11 -22 -14 -25 -17 -26 -19 -27 -20 -27 -21 -26 -9 -12 -32 -45 -28 -38 -24 -31 -18 -25 -8 -20 3 -17 12 -17 21 -18 29 -21 36 -25 41 -30 43 -34 44 -37 42 -40 38 -40 34 -38 29 -34 25 -31 21 -25 18 -17 16 -7 14 1 13 8 15 15 17 22 19 26 19 29 19 30 4 7 0 0 0 0 0 0 0 0 0 0 4 3 16 13 9 13 1 11 -9 10 -19 9 -30 9 -39 11 -47 15 -54 19 -58 22 -59 24 -58 25 -55 27 -51 27 -45 25 -37 20 -29 14 -21 7 -16 -1 -14 -13 -12 -25 -12 -36 -14 -44 -18 -51 -24 -55 -27 -55 -29 -53 -31 -49
1786806327.760017,34,128,28 -64 1 0 -3 -22 -3 -23 -3 -22 -3 -22 -3 -22 -4 -21 -4 -21 -5 -21 -5 -21 -6 -21 -6 -20 -6 -20 -6 -20 -6 -20 -6 -19 -6 -19 -6 -19 -6 -19 -6 -19 -5 -18 -5 -17 -5 -16 -5 -16 -4 -16 -4 -16 -1 -4 0 0 0 0 0 0 0 0 0 0 0 0 0 0 0 0 0 0 -1 -5 -4 -18 -4 -18 -3 -19 -2 -19 -2 -20 -2 -21 -2 -22 -1 -22 -1 -22 0 -22 0 -23 0 -23 1 -23 1 -23 0 -23 0 -23 -1 -23 -1 -23 0 -23 0 -23 0 -23 -1 -23 -2 -23 -2 -23 -1 -22 -1 -22
1786806327.793267,35,128,28 -64 1 0 23 4 19 4 14 4 9 5 4 7 -1 10 -4 13 -6 17 -7 21 -8 24 -7 27 -6 28 -4 29 -3 28 -1 26 -1 23 -1 20 -2 16 -3 11 -5 7 -6 3 -9 0 -12 -3 -15 -5 -17 -6 -5 -2 0 0 0 0 0 0 0 0 0 0 0 0 0 0 0 0 0 0 -2 -1 -4 -5 -1 -7 3 -11 6 -15 9 -19 11 -23 12 -27 12 -30 12 -32 10 -32 9 -31 7 -29 6 -25 5 -21 5 -16 5 -10 6 -5 9 0 12 5 16 9 20 12 24 13 27 13 29 12 30 11 30 10
1786806327.829406,800,128,-117 -78 40 0 -3 -12 -3 -12 -3 -12 -3 -12 -3 -11 -4 -11 -4 -11 -4 -11 -4 -11 -5 -11 -5 -11 -5 -11 -5 -10 -5 -10 -5 -10 -5 -10 -5 -10 -5 -10 -5 -9 -4 -9 -4 -9 -4 -8 -4 -8 -4 -8 -4 -8 -1 -2 0 0 0 0 0 0 0 0 0 0 0 0 0 0 0 0 0 0 -1 -3 -4 -10 -3 -11 -3 -11 -3 -11 -3 -12 -3 -12 -3 -12 -2 -13 -2 -13 -2 -13 -1 -13 -1 -13 -1 -13 -1 -13 -1 -13 -1 -13 -1 -13 -1 -13 -1 -13 -2 -13 -2 -13 -2 -13 -2 -12 -2 -12 -2 -12 -2 -12
1786806327.860071,37,128,28 -64 1 0 24 3 19 2 14 3 9 4 4 7 0 10 -3 14 -4 18 -5 22 -5 25 -4 28 -3 29 -1 29 0 29 2 26 2 23 1 19 0 16 -2 12 -4 7 -6 4 -9 1 -12 -1 -16 -2 -18 -4 -5 -1 0 0 0 0 0 0 0 0 0 0 0 0 0 0 0 0 0 0 -2 -1 -5 -5 -2 -7 3 -11 6 -15 9 -19 11 -23 12 -27 13 -30 12 -31 10 -32 9 -31 7 -29 6 -26 5 -21 5 -16 5 -11 7 -6 9 0 13 5 17 8 21 11 25 12 28 11 30 10 31 9 31 8
1786806327.8934479,38,128,28 -64 1 0 -9 -24 -8 -20 -5 -16 -1 -12 4 -9 9 -8 13 -7 18 -7 22 -9 24 -11 26 -13 26 -14 26 -16 24 -17 22 -16 19 -15 16 -13 13 -10 11 -6 9 -2 7 2 6 6 6 10 7 14 7 16 2 4 0 0 0 0 0 0 0 0 0 0 0 0 0 0 0 0 0 0 -1 1 -4 5 -7 3 -11 1 -16 -1 -22 -2 -26 -2 -30 -1 -33 0 -34 1 -34 2 -33 3 -31 4 -27 3 -22 2 -18 1 -13 -1 -9 -5 -5 -10 -3 -15 -1 -20 -1 -25 -2 -29 -3 -32 -4 -34 -6 -34 -8 -35
1786806327.926614,39,128,28 -64 1 0 6 22 5 18 3 13 -1 9 -5 6 -9 4 -14 2 -18 2 -23 3 -26 4 -28 5 -29 7 -29 8 -28 9 -26 9 -22 9 -19 7 -16 5 -13 2 -9 -2 -6 -5 -4 -8 -2 -12 -2 -16 -1 -18 -1 -5 0 0 0 0 0 0 0 0 0 0 0 0 0 0 0 0 0 0 0 -2 1 -6 5 -5 10 -3 15 -3 20 -2 25 -3 28 -4 31 -5 32 -6 32 -7 30 -8 27 -8 23 -7 19 -6 14 -3 10 -1 6 3 3 8 0 13 -2 18 -2 23 -1 26 0 29 2 31 3 32 4 31
1786806327.958221,40,128,28 -64 1 0 11 -19 9 -16 8 -12 7 -7 8 -3 9 2 11 6 14 9 17 11 19 12 21 12 22 12 23 11 24 9 23 8 20 6 17 5 13 5 9 5 5 5 2 6 -2 7 -5 9 -7 12 -9 13 -3 3 0 0 0 0 0 0 0 0 0 0 0 0 0 0 0 0 0 0 -2 0 -6 1 -7 -3 -8 -7 -10 -12 -12 -16 -15 -19 -17 -21 -19 -22 -21 -23 -22 -23 -22 -21 -20 -19 -18 -16 -15 -14 -11 -11 -7 -9 -2 -8 3 -8 9 -10 13 -11 17 -14 19 -17 21 -20 21 -21 20 -23 18 -23
1786806328.0599291,41,128,28 -64 1 0 4 -24 3 -19 3 -14 5 -9 7 -4 10 1 13 4 16 6 20 8 24 8 26 7 27 6 28 5 28 4 26 2 23 1 19 1 15 1 10 2 6 4 2 5 -2 7 -4 10 -7 13 -8 15 -2 3 0 0 0 0 0 0 0 0 0 0 0 0 0 0 0 0 0 0 -1 1 -5 3 -8 0 -12 -3 -16 -6 -20 -9 -24 -10 -28 -11 -30 -11 -32 -11 -32 -10 -31 -9 -29 -7 -25 -6 -20 -5 -15 -5 -10 -6 -5 -7 1 -10 6 -13 9 -17 12 -21 13 -25 13 -28 12 -30 12 -31 10 -31
1786806328.144877,42,128,28 -64 1 0 -3 23 -3 19 -4 14 -6 9 -8 4 -11 1 -15 -2 -19 -4 -23 -4 -27 -4 -29 -3 -30 -1 -30 1 -29 2 -27 2 -24 3 -20 3 -16 2 -12 -1 -8 -3 -5 -6 -3 -9 -1 -12 0 -16 1 -18 0 -5 0 0 0 0 0 0 0 0 0 0 0 0 0 0 0 0 0 0 1 -2 5 -4 8 -1 11 3 15 7 19 9 23 11 26 12 29 13 30 12 31 11 30 9 28 7 24 6 20 6 14 5 9 6 4 7 -2 10 -6 14 -10 18 -12 22 -12 26 -12 28 -11 30 -10 31 -9 30
1786806328.1808,43,128,28 -64 1 0 -18 -17 -15 -14 -10 -11 -5 -9 0 -9 5 -9 10 -10 14 -13 17 -15 19 -18 20 -20 20 -22 19 -23 17 -24 15 -23 13 -20 11 -18 10 -14 8 -9 7 -4 6 0 6 4 7 8 9 11 10 14 2 3 0 0 0 0 0 0 0 0 0 0 0 0 0 0 0 0 0 0 0 1 0 6 -4 6 -10 7 -15 9 -20 11 -23 13 -26 16 -28 18 -28 19 -27 19 -26 19 -23 19 -20 16 -17 13 -13 9 -10 4 -9 -1 -8 -7 -8 -13 -9 -18 -11 -22 -14 -25 -16 -27 -18 -28 -20 -28 -21 -27
1786806328.209734,44,128,28 -64 1 0 24 1 20 1 15 2 10 4 5 6 2 10 -1 14 -2 19 -2 23 -2 26 0 28 1 29 3 29 4 29 5 26 5 23 4 20 2 16 0 12 -3 8 -6 5 -9 3 -13 2 -16 1 -18 0 -5 0 0 0 0 0 0 0 0 0 0 0 0 0 0 0 0 0 0 0 -2 -2 -4 -6 -1 -8 3 -12 6 -16 9 -20 11 -24 12 -28 13 -31 12 -32 10 -33 8 -32 7 -30 6 -26 5 -21 5 -16 5 -11 7 -6 10 -1 14 4 18 7 22 10 26 10 30 10 32 8 32 7 32 6
1786806328.264215,1798,128,28 -64 1 0 12 -27 10 -29 8 -32 6 -32 4 -30 1 -28 -1 -27 -1 -25 1 -23 4 -22 8 -23 12 -23 15 -24 17 -27 20 -30 21 -33 20 -35 19 -35 19 -35 19 -34 17 -31 15 -27 16 -23 17 -17 17 -13 4 -3 0 0 0 0 0 0 0 0 0 0 0 0 0 0 0 0 0 0 -1 -6 -1 -23 0 -22 2 -20 2 -18 2 -16 2 -14 3 -12 4 -10 5 -8 7 -6 9 -6 11 -6 13 -6 15 -8 16 -10 16 -12 15 -14 14 -16 13 -16 11 -16 9 -15 10 -16 11 -17 13 -17 15 -18 15 -19
1786806328.312035,1799,128,28 -64 1 0 9 24 11 22 14 21 15 19 15 17 14 15 13 13 11 11 7 11 3 12 1 14 -2 17 -4 20 -4 23 -2 26 -1 29 0 32 1 32 0 31 -1 30 -2 26 -2 23 -4 19 -7 14 -10 11 -3 2 0 0 0 0 0 0 0 0 0 0 0 0 0 0 0 0 0 0 4 -2 15 -8 14 -9 12 -9 11 -7 10 -5 8 -3 6 -1 4 3 2 6 2 10 2 13 3 15 6 17 7 19 8 20 10 19 12 18 13 16 13 15 11 14 10 12 8 12 6 13 5 14 4 16 4 18
1786806328.468374,1961,128,124 -64 7 0 19 -24 17 -22 16 -21 17 -20 17 -20 15 -21 14 -21 14 -20 13 -18 11 -18 11 -18 12 -18 12 -17 11 -17 10 -17 9 -16 9 -14 10 -11 9 -11 9 -11 9 -10 10 -8 10 -8 10 -8 10 -7 2 -2 0 0 0 0 0 0 0 0 0 0 0 0 0 0 0 0 0 0 2 -2 7 -8 7 -9 8 -8 8 -6 9 -7 10 -10 10 -12 8 -13 11 -14 16 -15 18 -14 17 -15 13 -18 12 -18 15 -17 16 -18 16 -19 17 -18 18 -19 18 -21 18 -22 17 -22 19 -22 18 -23 15 -22 17 -21
1786806328.504385,45,128,28 -64 1 0 -18 -16 -15 -13 -11 -11 -6 -9 0 -9 5 -9 10 -10 14 -12 17 -15 20 -18 20 -20 20 -22 19 -23 18 -23 16 -22 14 -20 12 -17 11 -13 9 -9 7 -4 6 0 6 5 7 9 8 12 9 14 2 3 0 0 0 0 0 0 0 0 0 0 0 0 0 0 0 0 0 0 0 1 1 5 -3 6 -9 8 -14 10 -18 13 -22 16 -24 18 -26 20 -26 21 -26 22 -24 22 -21 20 -18 18 -15 14 -12 10 -10 5 -8 0 -8 -6 -8 -13 -10 -18 -12 -22 -14 -25 -17 -26 -19 -27 -21 -27 -22 -26
1786806328.535048,46,128,28 -64 1 0 6 23 5 19 2 14 -1 10 -5 7 -10 5 -14 4 -19 4 -23 5 -26 6 -28 8 -29 10 -28 11 -27 12 -24 12 -21 11 -18 10 -15 8 -12 4 -9 0 -7 -4 -6 -7 -5 -11 -5 -15 -6 -17 -2 -5 0 0 0 0 0 0 0 0 0 0 0 0 0 0 0 0 0 0 0 -2 3 -6 6 -4 11 -1 16 0 21 1 26 1 29 1 32 0 34 -1 33 -2 32 -4 29 -5 25 -4 20 -3 15 -2 11 1 6 4 3 9 0 14 -2 20 -2 24 -2 28 0 31 1 32 2 32 4 32
1786806328.568332,47,128,28 -64 1 0 -7 -24 -5 -20 -3 -15 1 -11 5 -8 9 -5 14 -4 18 -3 22 -4 25 -5 27 -7 28 -8 27 -10 26 -11 24 -11 21 -10 18 -9 14 -7 11 -4 8 0 5 3 3 7 3 11 3 14 2 17 0 4 0 0 0 0 0 0 0 0 0 0 0 0 0 0 0 0 0 0 -1 1 -3 5 -7 3 -12 1 -17 -1 -22 -2 -26 -2 -30 -1 -33 -1 -34 0 -34 2 -33 3 -30 4 -26 4 -21 3 -16 1 -12 -2 -7 -5 -4 -10 -1 -15 1 -20 2 -25 2 -28 0 -31 -1 -33 -2 -33 -2 -33
1786806328.640494,1183,256,54 101 83 0 -17 -18 -14 -16 -10 -13 -5 -11 0 -10 5 -10 10 -11 13 -14 17 -16 19 -19 20 -21 19 -23 18 -24 16 -24 14 -23 12 -21 10 -18 9 -15 8 -10 7 -5 7 -1 7 3 9 7 11 10 12 11 3 3 0 0 0 0 0 0 0 0 0 0 0 0 0 0 0 0 0 0 0 1 -1 6 -5 6 -11 5 -16 6 -21 7 -25 9 -28 11 -30 13 -31 14 -30 15 -28 16 -26 16 -22 14 -19 11 -15 7 -12 3 -10 -2 -8 -7 -8 -14 -8 -19 -10 -23 -12 -26 -15 -28 -17 -29 -18 -28 -19 -27 -10 -11 -37 -40 -33 -35 -27 -29 -20 -23 -10 -20 2 -19 12 -19 20 -21 27 -25 33 -31 37 -37 38 -42 37 -45 35 -47 32 -46 27 -44 23 -39 19 -34 17 -28 15 -19 14 -10 13 0 15 7 18 13 22 19 24 23 25 24 25 26 6 6 0 0 0 0 0 0 0 0 0 0 4 3 15 14 8 13 0 12 -10 11 -20 10 -30 11 -39 13 -47 17 -54 21 -58 24 -58 27 -57 28 -54 30 -50 30 -43 27 -36 21 -29 15 -21 7 -17 -2 -15 -14 -14 -26 -15 -37 -18 -45 -23 -50 -29 -53 -32 -54 -34 -51 -36 -46
1786806328.673964,48,128,28 -64 1 0 -25 -4 -20 -4 -16 -4 -11 -5 -6 -8 -2 -11 1 -15 2 -20 3 -24 3 -27 2 -29 1 -30 -1 -30 -2 -30 -3 -28 -4 -24 -3 -21 -1 -17 1 -13 3 -9 5 -5 8 -3 11 -1 15 0 17 1 4 0 0 0 0 0 0 0 0 0 0 0 0 0 0 0 0 0 0 0 1 1 4 5 0 7 -4 10 -8 14 -10 19 -12 23 -14 26 -14 29 -14 30 -13 31 -11 30 -10 28 -8 24 -7 20 -7 15 -7 10 -8 5 -11 -1 -14 -6 -18 -9 -22 -12 -26 -13 -30 -13 -32 -12 -32 -10 -32 -9
1786806328.70715,49,128,28 -64 1 0 22 -9 19 -7 15 -4 11 -1 7 3 5 8 4 13 5 17 6 21 7 24 8 26 10 26 12 26 13 25 13 23 12 19 10 17 7 14 4 11 0 8 -3 6 -7 5 -11 5 -15 5 -17 5 -5 1 0 0 0 0 0 0 0 0 0 0 0 0 0 0 0 0 0 0 -2 -1 -6 -2 -4 -6 -2 -11 -1 -16 0 -21 0 -26 -1 -29 -2 -32 -4 -33 -5 -33 -6 -32 -6 -30 -6 -26 -5 -22 -3 -17 -1 -12 3 -8 8 -5 13 -2 18 -1 23 0 27 -1 30 -3 32 -4 32 -5 32 -7
1786806328.737806,1962,128,123 -77 55 0 20 24 18 24 17 24 17 23 17 20 17 18 16 19 17 19 16 17 15 16 16 16 16 17 14 17 13 16 12 15 12 14 10 12 10 11 11 11 9 13 6 13 6 12 6 11 5 10 6 10 1 2 0 0 0 0 0 0 0 0 0 0 0 0 0 0 0 0 0 0 2 2 8 9 6 10 5 7 6 6 8 11 9 14 10 13 10 13 10 15 10 18 11 20 11 20 12 19 11 19 12 20 12 20 12 21 13 22 14 22 14 22 15 24 17 24 18 22 16 23 14 25 16 25
1786806328.76837,1963,128,-113 -13 56 0 32 13 32 12 31 12 29 11 27 9 26 9 25 10 25 10 24 9 23 9 21 9 20 9 19 9 19 8 20 7 20 8 18 9 15 8 15 7 15 7 14 8 12 8 10 6 9 7 10 7 2 1 0 0 0 0 0 0 0 0 0 0 0 0 0 0 0 0 0 0 2 0 10 1 12 2 12 1 13 0 15 2 16 4 18 5 19 6 19 8 17 9 19 8 22 8 23 10 24 10 27 10 28 11 28 12 26 13 27 12 29 12 29 12 31 12 33 13 31 15 30 14 32 11
1786806328.801653,50,128,28 -64 1 0 -25 6 -20 4 -16 2 -11 -1 -8 -5 -6 -10 -4 -15 -4 -19 -5 -24 -6 -27 -7 -28 -9 -29 -11 -28 -12 -28 -13 -25 -12 -22 -10 -19 -7 -16 -3 -13 0 -10 3 -7 7 -5 10 -4 14 -4 16 -5 4 -2 0 0 0 0 0 0 0 0 0 0 0 0 0 0 0 0 0 0 1 0 5 3 3 6 1 11 -1 16 -2 21 -2 26 -2 30 -1 33 1 34 2 34 3 32 3 29 3 26 2 21 0 16 -2 11 -5 7 -10 3 -15 0 -21 -2 -25 -3 -30 -2 -33 -1 -34 0 -34 2 -34 4
1786806328.835,51,128,28 -64 1 0 -22 12 -18 9 -14 6 -11 2 -8 -3 -7 -8 -6 -13 -7 -18 -8 -22 -10 -25 -12 -26 -14 -26 -15 -26 -16 -25 -16 -23 -15 -20 -12 -17 -9 -14 -5 -11 -2 -9 2 -7 6 -6 10 -5 14 -5 16 -6 4 -2 0 0 0 0 0 0 0 0 0 0 0 0 0 0 0 0 0 0 1 -1 5 0 5 4 4 9 5 15 6 20 7 24 9 28 11 30 12 31 13 31 14 29 13 26 12 22 9 18 6 14 2 10 -3 7 -8 5 -14 3 -19 3 -24 4 -28 5 -30 7 -32 9 -32 10 -31 11
1786806328.868289,52,128,28 -64 1 0 17 -12 14 -9 11 -6 8 -3 7 2 6 6 6 11 7 15 9 18 11 20 12 21 14 21 15 20 16 19 16 17 14 14 12 12 8 10 5 8 2 6 -2 5 -6 5 -9 5 -12 6 -14 7 -4 1 0 0 0 0 0 0 0 0 0 0 0 0 0 0 0 0 0 0 -2 0 -7 -2 -6 -5 -6 -10 -6 -15 -7 -19 -8 -23 -10 -26 -11 -28 -12 -28 -13 -28 -13 -26 -13 -24 -11 -20 -9 -17 -6 -13 -3 -10 2 -8 7 -6 12 -5 17 -5 21 -6 24 -8 26 -10 27 -12 26 -13 24 -14
1786806328.8933399,804,128,-117 -78 40 0 8 8 8 8 8 8 8 7 8 7 8 7 8 6 8 6 8 6 9 5 9 5 9 5 9 5 9 5 9 5 8 5 8 5 8 5 8 5 8 4 7 4 7 4 7 4 7 4 7 4 1 1 0 0 0 0 0 0 0 0 0 0 0 0 0 0 0 0 0 0 1 1 7 6 7 7 7 7 7 8 7 8 8 9 8 9 7 10 7 10 7 10 7 10 7 10 7 10 7 10 7 10 7 10 7 10 7 10 7 9 7 9 7 9 7 9 7 9 7 8 7 8 7 8
1786806328.926631,1964,128,123 -77 55 0 -28 8 -28 10 -27 12 -26 11 -25 9 -23 7 -22 6 -22 7 -21 10 -20 13 -20 12 -19 10 -18 10 -18 9 -19 8 -18 7 -16 6 -15 6 -13 5 -12 5 -12 6 -13 6 -13 4 -12 2 -9 3 -2 0 0 0 0 0 0 0 0 0 0 0 0 0 0 0 0 0 0 0 -2 0 -9 4 -10 4 -9 1 -10 -1 -13 1 -15 3 -16 4 -18 3 -19 2 -20 0 -20 -1 -21 1 -23 2 -25 2 -26 1 -27 0 -26 0 -25 2 -25 4 -27 4 -28 3 -29 5 -29 6 -28 4 -28 4 -31 4
1786806328.9571788,1965,128,-113 -13 56 0 12 30 15 29 15 27 13 26 11 26 10 26 11 24 11 23 10 22 11 22 13 22 11 22 8 21 7 20 9 20 9 17 7 15 5 16 6 17 6 15 6 14 4 14 2 13 2 13 3 12 0 2 0 0 0 0 0 0 0 0 0 0 0 0 0 0 0 0 0 0 1 1 6 8 6 9 5 11 3 12 5 12 7 16 7 18 6 18 7 21 7 22 5 21 4 21 5 22 7 24 8 26 10 25 11 23 11 23 9 24 7 26 7 28 10 30 12 31 11 31 11 30 10 29
1786806328.990583,1966,128,123 -77 55 0 32 -13 32 -14 31 -13 28 -12 25 -12 23 -11 23 -13 24 -14 24 -12 22 -11 21 -12 20 -12 20 -11 19 -10 16 -9 16 -9 16 -9 15 -7 14 -6 14 -5 14 -5 13 -4 12 -3 11 -3 11 -2 2 -1 0 0 0 0 0 0 0 0 0 0 0 0 0 0 0 0 0 0 2 -2 10 -5 11 -4 12 -6 14 -8 15 -7 17 -6 19 -6 20 -5 21 -4 21 -6 20 -7 21 -6 22 -6 22 -6 24 -6 26 -6 27 -7 27 -9 27 -9 27 -9 29 -11 30 -10 29 -9 31 -11 34 -12 35 -12
1786806329.0210009,1967,128,-113 -13 56 0 2 28 1 27 1 26 3 25 2 24 2 24 3 24 5 23 4 21 4 20 5 20 5 19 4 19 3 19 3 19 2 17 2 16 2 16 2 14 2 14 1 13 -1 12 -2 11 -3 11 -3 10 -1 2 0 0 0 0 0 0 0 0 0 0 0 0 0 0 0 0 0 0 0 2 2 11 2 11 1 11 0 13 1 14 2 15 2 15 1 16 -1 17 -1 18 1 19 3 19 3 19 1 21 1 22 -1 23 0 24 1 25 0 26 -2 27 -1 27 1 29 3 30 4 29 4 30 2 31
1786806329.054288,1153,128,82 32 5 0 5 -31 6 -32 7 -31 7 -29 5 -27 3 -27 2 -28 1 -28 1 -26 1 -24 0 -24 0 -23 1 -22 3 -21 4 -21 3 -20 2 -18 2 -16 3 -16 4 -16 5 -16 4 -15 3 -12 4 -11 5 -12 1 -3 0 0 0 0 0 0 0 0 0 0 0 0 0 0 0 0 0 0 0 -4 3 -13 2 -13 1 -16 0 -16 2 -17 4 -18 3 -18 2 -20 4 -21 5 -21 5 -22 6 -22 7 -23 7 -24 6 -25 8 -26 8 -28 7 -30 5 -30 7 -31 9 -32 7 -31 4 -31 3 -33 5 -34 5 -33
1786806329.08778,56,128,28 -64 1 0 -19 -17 -16 -14 -11 -12 -6 -10 0 -9 5 -9 9 -10 13 -13 17 -15 19 -18 20 -20 19 -22 18 -24 17 -24 14 -22 12 -20 10 -17 9 -14 8 -10 7 -5 6 0 6 4 8 8 10 11 11 13 2 3 0 0 0 0 0 0 0 0 0 0 0 0 0 0 0 0 0 0 0 1 1 5 -3 5 -8 6 -14 8 -18 10 -22 13 -25 16 -27 18 -27 19 -27 20 -25 21 -23 20 -20 18 -17 14 -13 10 -11 6 -9 1 -8 -6 -8 -12 -10 -17 -12 -22 -14 -25 -17 -26 -19 -27 -20 -27 -21 -26
1786806329.1237571,57,128,28 -64 1 0 -17 -17 -14 -14 -10 -11 -4 -9 1 -9 6 -9 11 -10 15 -12 18 -15 20 -17 21 -19 21 -21 20 -22 18 -23 16 -22 13 -20 12 -17 10 -13 8 -8 7 -4 6 1 6 5 7 9 8 12 9 14 2 3 0 0 0 0 0 0 0 0 0 0 0 0 0 0 0 0 0 0 0 1 0 6 -4 6 -10 7 -15 9 -19 11 -23 13 -26 15 -28 17 -28 18 -28 19 -26 19 -23 18 -20 15 -17 12 -13 8 -11 3 -9 -2 -8 -7 -8 -13 -9 -18 -10 -23 -13 -26 -15 -27 -17 -28 -19 -28 -20 -27
1786806329.1544452,58,128,28 -64 1 0 3 23 2 19 1 14 -2 9 -6 5 -10 2 -14 -1 -19 -2 -23 -2 -27 -1 -29 0 -30 2 -30 3 -29 4 -26 5 -23 5 -20 4 -16 2 -12 0 -8 -3 -4 -6 -2 -8 0 -12 1 -15 2 -17 0 -5 0 0 0 0 0 0 0 0 0 0 0 0 0 0 0 0 0 0 0 -2 2 -6 5 -5 11 -3 16 -2 21 -1 26 -2 29 -2 32 -3 33 -3 33 -4 31 -6 28 -7 25 -6 20 -5 15 -3 10 0 5 3 2 8 -2 14 -4 19 -5 24 -4 28 -3 30 -2 32 -1 32 0 32
1786806329.190453,59,128,28 -64 1 0 -19 -17 -16 -15 -11 -12 -6 -10 -1 -10 5 -10 9 -11 13 -14 16 -17 17 -20 18 -22 18 -24 17 -25 15 -25 13 -24 11 -22 10 -19 9 -15 8 -10 7 -5 7 -1 7 3 9 6 11 9 13 11 3 3 0 0 0 0 0 0 0 0 0 0 0 0 0 0 0 0 0 0 0 1 1 5 -3 5 -9 6 -14 7 -19 9 -23 11 -26 14 -28 16 -29 18 -28 19 -27 20 -24 19 -21 17 -18 14 -14 10 -11 5 -9 0 -8 -6 -9 -12 -10 -17 -11 -22 -14 -25 -17 -27 -20 -27 -21 -27 -22 -26
1786806329.223966,1968,128,123 -77 55 0 -14 28 -13 27 -12 25 -13 24 -12 24 -10 22 -10 21 -10 20 -10 20 -11 19 -11 19 -11 19 -11 19 -11 19 -10 16 -10 15 -10 14 -10 12 -10 11 -10 11 -9 10 -10 9 -10 8 -10 8 -8 7 -2 1 0 0 0 0 0 0 0 0 0 0 0 0 0 0 0 0 0 0 -1 2 -1 11 -1 9 -4 10 -6 11 -5 11 -5 14 -4 16 -6 17 -7 17 -7 19 -8 21 -8 21 -7 20 -8 20 -10 20 -11 21 -10 23 -11 22 -11 22 -11 24 -12 24 -13 23 -14 22 -13 24 -11 26 -10 28
1786806329.257525,1969,128,-113 -13 56 0 -6 28 -8 27 -8 28 -5 27 -4 25 -5 24 -3 22 -3 21 -3 22 -3 22 -4 19 -4 19 -4 18 -4 17 -5 16 -5 16 -4 15 -4 14 -5 14 -7 14 -6 12 -6 12 -7 11 -7 10 -7 8 -2 1 0 0 0 0 0 0 0 0 0 0 0 0 0 0 0 0 0 0 -1 3 -2 11 -1 10 0 9 0 10 -2 13 -4 15 -4 15 -3 17 -2 20 -1 19 -1 18 -2 19 -4 20 -4 21 -6 22 -7 23 -5 23 -4 24 -5 26 -6 27 -7 25 -6 25 -5 28 -4 30 -6 30 -6 31
1786806329.28782,1800,128,28 -64 1 0 16 24 17 23 20 22 22 19 23 17 23 14 23 13 22 12 20 10 18 10 16 12 15 16 14 18 14 20 16 22 17 25 18 26 19 25 19 25 19 23 18 22 15 22 11 21 7 20 3 19 0 4 0 0 0 0 0 0 0 0 0 0 0 0 0 0 0 0 0 0 4 0 15 3 15 4 16 6 15 6 12 4 10 4 8 7 6 8 4 10 3 12 3 14 2 16 3 18 3 19 5 20 8 21 10 21 11 21 13 19 13 17 12 16 10 15 9 16 10 17 10 18 8 19
1786806329.321116,1970,128,123 -77 55 0 8 -33 9 -31 9 -29 8 -30 7 -30 7 -29 5 -29 3 -27 3 -26 2 -25 2 -23 2 -23 1 -24 3 -23 4 -22 3 -21 3 -19 2 -18 0 -17 1 -17 2 -16 3 -13 2 -12 2 -12 2 -12 0 -3 0 0 0 0 0 0 0 0 0 0 0 0 0 0 0 0 0 0 0 -3 3 -9 4 -11 5 -13 5 -15 6 -16 7 -16 7 -16 7 -17 8 -20 8 -20 8 -20 9 -22 9 -24 9 -25 10 -25 11 -24 9 -24 11 -24 13 -27 12 -29 10 -30 10 -30 9 -30 10 -31 11 -31 12 -30
1786806329.357079,1801,128,28 -64 1 0 27 -9 26 -10 24 -12 23 -14 22 -15 20 -16 18 -16 16 -14 16 -13 17 -12 20 -11 23 -10 25 -10 27 -10 30 -11 31 -12 32 -12 32 -12 32 -12 30 -12 28 -11 26 -9 24 -6 22 -2 20 2 4 1 0 0 0 0 0 0 0 0 0 0 0 0 0 0 0 0 0 0 3 -3 15 -10 15 -11 14 -11 14 -10 14 -9 14 -8 12 -5 11 -3 11 -1 12 1 13 4 14 6 16 7 17 6 19 5 20 4 20 3 21 1 22 -1 22 -2 21 -3 20 -2 20 -1 20 -1 21 -2 22 -3
1786806329.387817,61,128,28 -64 1 0 -23 8 -19 6 -15 4 -11 0 -8 -4 -6 -8 -4 -13 -5 -18 -5 -22 -7 -25 -8 -27 -10 -28 -11 -28 -12 -27 -13 -25 -12 -21 -10 -18 -7 -15 -4 -12 -1 -9 2 -6 6 -5 10 -4 14 -4 16 -4 4 -1 0 0 0 0 0 0 0 0 0 0 0 0 0 0 0 0 0 0 1 -1 5 0 4 4 2 9 2 15 2 20 3 25 4 29 5 31 7 32 8 32 9 30 9 28 8 24 6 20 4 15 1 11 -3 7 -9 4 -14 1 -19 0 -24 0 -28 1 -31 3 -33 4 -33 6 -33 6
1786806329.423787,63,128,28 -64 1 0 -18 -19 -15 -15 -10 -12 -5 -10 0 -9 6 -9 10 -10 14 -12 18 -14 20 -16 21 -19 21 -21 21 -21 19 -22 17 -21 14 -19 12 -16 10 -13 9 -9 7 -4 6 0 6 4 7 8 8 12 9 14 2 3 0 0 0 0 0 0 0 0 0 0 0 0 0 0 0 0 0 0 0 1 1 5 -3 6 -9 6 -14 8 -19 10 -23 13 -26 15 -28 17 -28 19 -28 20 -26 20 -23 19 -20 17 -17 14 -14 10 -11 5 -9 0 -8 -6 -8 -13 -9 -18 -11 -23 -13 -26 -16 -28 -17 -28 -18 -28 -19 -28
1786806329.457259,1972,128,96 0 6 0 -30 -2 -29 -2 -29 -2 -27 -1 -26 0 -26 1 -27 3 -25 3 -23 3 -23 2 -22 3 -22 2 -22 2 -21 2 -20 1 -19 0 -18 -1 -17 -1 -16 -2 -14 -1 -13 -1 -12 -1 -12 -2 -11 -2 -11 -2 -3 -1 0 0 0 0 0 0 0 0 0 0 0 0 0 0 0 0 0 0 -3 -1 -13 0 -14 1 -13 1 -14 1 -15 1 -15 0 -17 -1 -19 -1 -20 -2 -21 -2 -22 0 -22 0 -22 -2 -24 -2 -25 -2 -26 -3 -26 -4 -26 -4 -27 -2 -27 -1 -27 0 -28 -1 -30 -2 -32 -2 -31 -1 -30 0
1786806329.4932659,1973,128,96 0 6 0 26 -15 25 -14 23 -14 22 -15 22 -14 21 -13 19 -12 17 -14 15 -15 15 -14 15 -13 14 -12 14 -14 14 -16 13 -15 13 -14 14 -12 13 -9 13 -9 12 -9 10 -9 9 -8 8 -6 9 -5 10 -5 2 -2 0 0 0 0 0 0 0 0 0 0 0 0 0 0 0 0 0 0 2 -1 9 -5 10 -6 13 -6 15 -5 14 -4 14 -5 18 -5 19 -4 18 -5 19 -6 22 -7 23 -6 23 -6 21 -6 22 -7 25 -8 26 -10 25 -11 23 -11 23 -11 24 -10 25 -10 26 -11 26 -14 25 -14 26 -12
1786806329.529374,1974,128,96 0 6 0 21 -18 21 -18 22 -18 22 -17 20 -17 18 -17 17 -16 14 -17 14 -16 15 -15 17 -16 17 -17 16 -16 15 -14 15 -13 15 -11 13 -10 11 -10 10 -10 11 -10 11 -9 9 -7 10 -6 10 -6 10 -5 2 -1 0 0 0 0 0 0 0 0 0 0 0 0 0 0 0 0 0 0 1 -3 8 -10 9 -10 9 -11 9 -11 10 -11 12 -11 15 -10 15 -10 15 -9 16 -10 18 -12 18 -14 18 -14 19 -15 21 -15 21 -15 21 -13 21 -14 23 -16 25 -17 24 -15 23 -14 24 -14 24 -16 23 -18 23 -20
1786806329.560024,67,128,28 -64 1 0 -24 5 -20 3 -15 2 -10 -1 -6 -5 -3 -9 -1 -14 0 -19 0 -23 0 -26 -1 -28 -3 -29 -4 -29 -6 -29 -6 -27 -6 -24 -5 -20 -3 -16 -1 -12 1 -8 4 -5 7 -2 11 0 14 2 16 3 4 0 0 0 0 0 0 0 0 0 0 0 0 0 0 0 0 0 0 0 1 -1 5 0 4 4 3 10 2 15 2 21 3 25 4 29 5 31 6 32 7 33 8 31 8 28 7 24 5 19 3 15 0 10 -4 6 -9 2 -14 0 -20 -2 -25 -2 -29 -2 -32 -1 -34 0 -34 2 -33 3
1786806329.593279,68,128,28 -64 1 0 1 22 1 18 -1 13 -3 8 -6 4 -10 0 -14 -3 -18 -5 -22 -6 -26 -6 -28 -5 -29 -4 -30 -3 -29 -2 -27 -1 -24 0 -20 0 -16 -1 -12 -3 -7 -4 -3 -6 1 -8 4 -11 6 -14 8 -15 2 -4 0 0 0 0 0 0 0 0 0 0 0 0 0 0 0 0 0 0 0 -2 1 -6 5 -4 10 -3 15 -3 21 -2 25 -3 28 -3 31 -4 32 -5 32 -5 30 -6 28 -6 24 -6 19 -4 14 -2 9 0 5 3 1 8 -2 13 -5 18 -6 22 -6 26 -5 29 -5 31 -4 32 -3 32
1786806329.623936,70,128,28 -64 1 0 -6 -23 -5 -19 -3 -14 0 -10 4 -6 9 -3 13 -1 18 0 22 0 25 -1 28 -2 29 -3 29 -4 28 -5 26 -6 23 -6 19 -5 15 -3 11 -1 7 2 3 4 0 7 -2 11 -4 14 -5 16 -2 4 0 0 0 0 0 0 0 0 0 0 0 0 0 0 0 0 0 0 0 1 -2 5 -6 4 -11 4 -17 4 -22 4 -26 5 -30 6 -32 7 -33 8 -33 9 -31 9 -28 9 -24 8 -20 6 -15 3 -11 0 -7 -4 -3 -9 0 -14 1 -19 1 -24 1 -28 -1 -31 -2 -33 -3 -33 -4 -33
1786806329.657071,71,128,28 -64 1 0 19 14 16 12 11 9 5 8 0 7 -6 7 -11 9 -15 11 -18 13 -21 16 -22 18 -22 20 -21 21 -19 21 -17 21 -15 19 -13 16 -11 12 -9 7 -8 3 -6 -2 -6 -6 -7 -9 -8 -13 -9 -15 -3 -4 0 0 0 0 0 0 0 0 0 0 0 0 0 0 0 0 0 0 -1 -1 -3 -5 1 -7 5 -9 10 -12 14 -16 17 -19 19 -23 21 -25 21 -26 20 -27 18 -27 16 -26 13 -23 11 -18 9 -14 7 -8 6 -3 7 4 8 10 10 15 13 19 16 22 19 24 21 24 22 24 22 23
1786806329.6985018,72,128,28 -64 1 0 -6 23 -5 19 -5 13 -6 8 -7 3 -9 -3 -12 -7 -16 -10 -19 -12 -23 -13 -25 -13 -27 -13 -28 -12 -28 -11 -26 -10 -23 -8 -20 -7 -16 -6 -11 -6 -6 -6 -2 -6 3 -7 6 -9 10 -11 12 -12 3 -3 0 0 0 0 0 0 0 0 0 0 0 0 0 0 0 0 0 0 0 -2 2 -5 5 -3 10 0 15 2 20 4 25 5 28 5 31 5 32 5 33 4 32 2 29 1 25 1 20 1 15 1 9 3 4 5 -2 8 -6 12 -10 16 -13 20 -14 24 -14 27 -14 29 -13 30 -11 30
1786806329.7316852,73,128,28 -64 1 0 0 -24 0 -19 1 -14 3 -9 6 -5 10 -1 13 2 18 3 22 4 25 4 28 3 29 1 29 0 29 -1 27 -2 23 -3 20 -3 15 -2 11 0 7 3 3 5 0 7 -3 11 -4 14 -6 16 -2 4 0 0 0 0 0 0 0 0 0 0 0 0 0 0 0 0 0 0 -1 1 -5 4 -8 1 -12 -2 -17 -5 -21 -7 -25 -8 -29 -9 -32 -9 -33 -8 -33 -7 -32 -6 -29 -4 -25 -4 -20 -3 -15 -4 -10 -5 -5 -6 0 -10 4 -14 7 -18 9 -22 10 -26 9 -29 8 -31 8 -31 7 -31
1786806329.76494,73,128,28 -64 1 0 -8 -21 -6 -17 -4 -13 0 -9 3 -7 8 -5 12 -4 16 -4 20 -5 22 -6 24 -7 25 -9 24 -10 23 -11 21 -11 18 -10 15 -9 12 -7 9 -4 7 -1 4 2 3 6 2 9 2 12 2 14 0 3 0 0 0 0 0 0 0 0 0 0 0 0 0 0 0 0 0 0 -1 1 -2 5 -6 4 -11 2 -15 2 -20 2 -24 2 -27 3 -29 4 -30 5 -30 6 -29 6 -26 7 -23 6 -19 4 -14 2 -10 0 -7 -4 -4 -8 -2 -13 -1 -18 -1 -22 -1 -26 -3 -28 -4 -29 -5 -29 -6 -29
1786806329.7956648,74,128,28 -64 1 0 -24 -4 -19 -4 -14 -4 -9 -5 -4 -7 1 -9 5 -13 8 -17 9 -21 10 -24 10 -26 10 -28 9 -28 7 -28 6 -26 4 -23 4 -20 4 -16 4 -11 4 -6 5 -2 6 2 9 5 11 8 12 10 3 2 0 0 0 0 0 0 0 0 0 0 0 0 0 0 0 0 0 0 1 0 4 2 2 6 0 11 -2 16 -4 20 -4 25 -5 29 -5 31 -4 33 -3 33 -2 31 -1 29 -1 25 -1 20 -2 15 -3 9 -6 4 -9 -1 -13 -6 -18 -9 -22 -11 -26 -12 -29 -12 -32 -11 -32 -10 -32 -8
1786806329.829261,75,128,28 -64 1 0 -22 13 -18 10 -14 7 -11 3 -9 -2 -7 -8 -7 -13 -8 -17 -10 -21 -12 -24 -14 -26 -15 -26 -17 -25 -18 -25 -18 -22 -16 -19 -14 -16 -10 -14 -6 -11 -3 -9 1 -7 5 -6 9 -6 13 -6 16 -7 4 -2 0 0 0 0 0 0 0 0 0 0 0 0 0 0 0 0 0 0 1 -1 6 0 5 4 5 9 5 15 6 20 8 24 10 28 12 30 13 31 14 31 15 29 14 26 12 23 10 18 7 14 3 11 -2 7 -8 5 -14 4 -19 4 -24 5 -28 7 -31 8 -32 10 -32 12 -31 13
1786806329.872083,808,128,-117 -78 40 0 7 -21 7 -21 7 -20 6 -20 6 -20 5 -20 5 -20 4 -19 4 -19 3 -19 2 -19 2 -19 3 -19 3 -19 3 -19 2 -18 2 -18 2 -17 2 -17 2 -17 2 -16 2 -16 2 -15 2 -15 2 -14 0 -4 0 0 0 0 0 0 0 0 0 0 0 0 0 0 0 0 0 0 0 -5 3 -19 4 -19 4 -19 5 -20 5 -20 6 -21 6 -21 7 -22 8 -22 8 -22 9 -22 9 -21 9 -21 9 -21 9 -21 9 -21 9 -21 9 -21 9 -21 9 -21 8 -21 8 -21 7 -21 7 -21 8 -20 8 -20
1786806329.9109151,1975,128,100 64 6 0 -10 -33 -11 -32 -12 -30 -12 -28 -10 -27 -9 -27 -9 -27 -10 -28 -11 -28 -12 -25 -11 -24 -11 -25 -10 -24 -8 -23 -6 -21 -6 -20 -6 -19 -5 -20 -5 -20 -5 -18 -2 -16 -1 -15 -1 -15 -2 -14 -1 -12 -1 -3 0 0 0 0 0 0 0 0 0 0 0 0 0 0 0 0 0 0 -2 -4 -8 -13 -7 -12 -5 -13 -6 -15 -8 -16 -8 -17 -8 -17 -7 -17 -7 -20 -8 -22 -9 -24 -10 -25 -9 -24 -10 -24 -10 -25 -9 -26 -9 -27 -9 -28 -9 -29 -10 -29 -10 -30 -10 -31 -11 -32 -11 -34 -10 -36 -11 -37
1786806329.952563,1976,128,100 64 6 0 -28 -12 -27 -11 -25 -12 -26 -12 -26 -10 -24 -10 -23 -9 -23 -7 -24 -6 -24 -8 -22 -9 -20 -9 -21 -9 -21 -8 -19 -5 -17 -6 -17 -9 -15 -8 -14 -6 -14 -5 -13 -4 -11 -6 -10 -8 -9 -7 -8 -6 -2 -2 0 0 0 0 0 0 0 0 0 0 0 0 0 0 0 0 0 0 -3 0 -11 0 -12 -2 -13 -4 -11 -7 -12 -10 -14 -10 -16 -9 -16 -10 -16 -11 -18 -12 -21 -13 -19 -13 -17 -12 -19 -12 -20 -11 -21 -11 -22 -12 -23 -13 -25 -13 -27 -13 -27 -13 -26 -14 -27 -15 -29 -15 -30 -14 -27 -15
1786806329.983089,1977,128,100 64 6 0 24 15 24 16 25 14 25 13 21 13 20 12 21 10 21 9 21 9 21 11 19 11 18 9 19 9 20 10 18 10 15 7 14 5 13 7 12 8 10 7 10 5 10 6 9 7 8 7 7 5 1 1 0 0 0 0 0 0 0 0 0 0 0 0 0 0 0 0 0 0 2 1 11 5 11 7 12 9 14 8 13 5 13 5 15 8 16 9 17 11 19 11 20 10 19 12 18 12 18 13 19 14 21 15 23 15 21 17 20 16 22 14 23 15 22 15 23 15 24 14 25 13 27 13
1786806330.01653,1802,128,28 -64 1 0 -16 25 -14 26 -12 25 -8 24 -5 22 -4 20 -4 18 -5 16 -7 16 -9 15 -11 15 -14 17 -17 19 -18 21 -19 25 -18 27 -16 28 -15 28 -15 27 -14 26 -13 23 -13 19 -14 15 -15 11 -16 8 -5 1 0 0 0 0 0 0 0 0 0 0 0 0 0 0 0 0 0 0 0 4 1 16 -2 15 -3 14 -4 13 -6 12 -8 10 -10 8 -12 6 -14 6 -17 6 -18 6 -19 7 -19 7 -19 8 -18 10 -17 11 -16 11 -15 10 -16 9 -16 9 -17 9 -18 9 -18 9 -19 11 -22 13 -24 15
1786806330.049887,76,128,28 -64 1 0 -17 14 -14 11 -11 8 -9 4 -7 -1 -6 -6 -7 -11 -8 -15 -9 -19 -11 -21 -13 -22 -14 -22 -15 -22 -16 -22 -16 -20 -15 -17 -12 -14 -9 -12 -6 -10 -2 -8 1 -6 5 -5 8 -4 12 -4 14 -4 3 -1 0 0 0 0 0 0 0 0 0 0 0 0 0 0 0 0 0 0 0 -1 4 -2 5 1 7 6 9 10 12 14 15 17 17 20 19 21 20 22 21 21 22 19 20 17 17 14 14 12 10 9 5 7 0 6 -5 5 -11 5 -16 7 -20 8 -23 10 -25 13 -26 15 -26 16 -25 17
1786806330.083238,77,128,28 -64 1 0 21 -13 18 -10 14 -7 11 -3 8 1 7 6 6 11 7 16 9 20 10 23 12 24 14 25 16 24 16 23 16 21 15 18 13 15 9 13 5 10 1 8 -2 6 -6 5 -10 5 -14 6 -16 7 -5 1 0 0 0 0 0 0 0 0 0 0 0 0 0 0 0 0 0 0 -2 0 -7 -1 -6 -5 -5 -10 -5 -15 -5 -21 -7 -25 -8 -29 -10 -31 -11 -32 -12 -32 -13 -31 -13 -28 -12 -24 -10 -20 -7 -16 -3 -12 1 -9 7 -6 13 -5 18 -4 23 -5 27 -6 29 -8 31 -10 31 -11 30 -12
1786806330.1138198,1803,128,28 -64 1 0 10 27 12 28 14 26 15 24 17 24 17 23 17 22 18 21 17 21 16 21 15 20 13 21 13 23 13 23 13 25 13 26 14 27 14 27 14 28 12 27 10 25 8 25 6 24 2 23 -1 22 -1 5 0 0 0 0 0 0 0 0 0 0 0 0 0 0 0 0 0 0 3 2 14 10 13 11 13 11 13 11 12 11 11 10 8 10 6 9 4 9 2 10 0 12 -3 15 -4 17 -4 20 -4 23 -2 25 0 26 3 25 6 25 8 25 10 24 10 23 10 22 9 21 8 21 8 21
1786806330.1471171,78,128,28 -64 1 0 22 7 17 6 13 5 7 5 1 6 -3 8 -8 11 -11 14 -13 18 -14 21 -15 23 -14 25 -13 26 -11 26 -9 24 -8 21 -7 18 -7 14 -6 9 -6 4 -6 0 -7 -4 -9 -8 -11 -11 -12 -13 -3 -4 0 0 0 0 0 0 0 0 0 0 0 0 0 0 0 0 0 0 -2 -1 -5 -4 -2 -7 1 -11 4 -16 7 -20 8 -24 9 -28 9 -31 9 -32 8 -32 6 -31 5 -29 4 -25 4 -21 3 -15 4 -10 5 -4 8 1 11 6 15 11 19 13 22 15 26 15 28 15 28 14 28 12
1786806330.1804302,79,128,28 -64 1 0 9 -21 7 -16 6 -12 6 -8 7 -3 8 1 10 5 13 8 16 11 19 12 21 12 23 12 23 11 23 11 22 9 20 7 17 6 13 6 9 5 5 5 1 6 -3 6 -6 8 -9 10 -11 11 -3 2 0 0 0 0 0 0 0 0 0 0 0 0 0 0 0 0 0 0 -1 1 -4 3 -6 0 -9 -4 -13 -7 -16 -10 -20 -12 -23 -14 -25 -15 -27 -15 -28 -15 -27 -13 -25 -12 -22 -10 -19 -9 -14 -8 -9 -7 -4 -7 1 -9 6 -11 11 -14 14 -17 16 -20 17 -22 17 -25 16 -26 13 -27
1786806330.216453,1978,128,96 0 6 0 0 -31 -1 -29 1 -27 1 -28 0 -27 1 -26 0 -25 -2 -24 -1 -23 -1 -23 -1 -23 0 -21 0 -20 1 -20 2 -19 1 -17 1 -17 1 -16 1 -15 2 -12 3 -11 4 -10 3 -10 3 -11 3 -13 0 -4 0 0 0 0 0 0 0 0 0 0 0 0 0 0 0 0 0 0 -1 -4 -4 -14 -3 -14 -3 -11 -5 -10 -5 -12 -2 -15 0 -16 0 -19 0 -21 0 -20 -1 -20 -3 -23 -3 -23 -1 -22 1 -23 1 -24 -1 -22 -1 -22 -1 -24 -3 -27 -2 -28 -1 -28 -1 -29 -2 -28 -3 -27 -3 -27
1786806330.250022,1979,128,96 0 6 0 -23 21 -22 20 -22 20 -22 19 -21 18 -20 18 -19 18 -18 17 -19 16 -19 14 -17 13 -16 14 -18 14 -18 14 -18 13 -18 12 -16 11 -14 9 -13 6 -13 6 -14 7 -14 6 -14 4 -13 3 -12 4 -3 1 0 0 0 0 0 0 0 0 0 0 0 0 0 0 0 0 0 0 -2 1 -8 6 -9 7 -11 8 -11 8 -11 10 -11 12 -12 13 -13 14 -14 14 -13 15 -13 15 -17 14 -19 16 -19 16 -20 16 -21 19 -20 19 -19 17 -20 18 -22 20 -22 21 -20 22 -18 20 -21 19 -24 21 -26 22
1786806330.285846,1980,128,96 0 6 0 28 -14 27 -12 27 -10 25 -10 23 -13 23 -14 23 -12 22 -11 21 -11 20 -12 19 -13 19 -13 20 -12 21 -12 19 -12 18 -10 17 -8 16 -7 15 -8 14 -7 14 -5 15 -4 16 -4 14 -5 12 -4 3 -1 0 0 0 0 0 0 0 0 0 0 0 0 0 0 0 0 0 0 2 -2 11 -5 12 -7 12 -6 13 -7 13 -10 13 -10 12 -9 14 -8 18 -7 18 -7 17 -8 20 -8 22 -8 23 -7 24 -9 24 -11 26 -11 27 -12 26 -12 27 -11 26 -13 25 -14 26 -13 28 -12 29 -13 30 -15
1786806330.3332312,80,128,28 -64 1 0 20 -13 16 -10 13 -7 9 -3 6 1 4 7 3 12 3 17 4 21 6 24 7 26 9 26 10 26 11 26 12 24 11 21 9 17 6 14 3 11 -1 7 -4 4 -7 2 -11 1 -15 0 -17 0 -5 -1 0 0 0 0 0 0 0 0 0 0 0 0 0 0 0 0 0 0 -2 0 -6 1 -6 -3 -7 -8 -9 -13 -11 -18 -14 -22 -16 -25 -18 -27 -19 -28 -21 -27 -21 -25 -19 -23 -17 -20 -14 -17 -10 -13 -6 -10 -1 -8 6 -6 12 -5 17 -5 22 -6 26 -8 28 -10 30 -11 30 -13 29 -13
1786806330.352663,81,128,28 -64 1 0 22 8 18 7 13 6 8 6 2 7 -3 9 -7 11 -10 15 -13 18 -14 22 -14 24 -14 26 -12 27 -11 27 -9 25 -7 23 -7 19 -6 15 -6 10 -6 6 -6 1 -8 -3 -10 -6 -12 -9 -14 -11 -4 -3 0 0 0 0 0 0 0 0 0 0 0 0 0 0 0 0 0 0 -2 -1 -4 -5 -1 -7 3 -11 6 -15 9 -19 11 -23 13 -27 13 -30 13 -31 12 -32 11 -31 9 -29 8 -25 7 -21 6 -15 5 -10 6 -5 9 1 12 7 15 11 18 15 22 17 25 17 27 17 29 16 29 14
1786806330.385917,87,128,28 -64 1 0 -6 -24 -5 -20 -3 -15 0 -10 4 -6 8 -3 13 -1 18 1 22 1 25 0 28 -1 29 -2 29 -3 28 -4 26 -4 23 -4 20 -4 16 -3 11 -1 7 2 3 5 0 7 -2 10 -4 13 -5 16 -2 4 0 0 0 0 0 0 0 0 0 0 0 0 0 0 0 0 0 0 0 1 -1 5 -5 4 -10 3 -16 3 -21 4 -25 5 -29 7 -31 8 -32 8 -33 9 -31 10 -28 10 -24 9 -20 7 -16 4 -11 1 -7 -3 -3 -8 -1 -14 1 -19 1 -24 1 -28 -1 -31 -2 -33 -3 -33 -3 -33
1786806330.419172,87,128,28 -64 1 0 16 17 13 14 9 11 4 9 -1 7 -7 7 -12 7 -16 9 -20 11 -22 13 -24 16 -24 17 -24 19 -22 19 -20 19 -17 17 -15 14 -13 11 -10 7 -8 2 -7 -2 -6 -6 -6 -10 -7 -14 -8 -16 -2 -5 0 0 0 0 0 0 0 0 0 0 0 0 0 0 0 0 0 0 -1 -2 -2 -6 2 -7 7 -8 13 -10 17 -12 21 -15 24 -18 25 -20 26 -21 25 -22 23 -22 21 -21 18 -19 15 -15 12 -11 9 -6 7 -1 6 5 6 12 7 17 9 21 12 25 14 26 16 27 17 27 18 27
1786806330.4553359,1981,128,100 64 6 0 21 -23 19 -21 17 -19 17 -20 16 -20 14 -20 12 -19 11 -19 11 -18 11 -18 11 -18 11 -18 10 -17 9 -17 9 -17 10 -15 10 -13 9 -11 10 -10 11 -11 10 -12 8 -10 8 -9 8 -9 7 -9 1 -3 0 0 0 0 0 0 0 0 0 0 0 0 0 0 0 0 0 0 1 -1 7 -4 7 -8 9 -10 12 -10 15 -11 15 -11 15 -10 15 -11 15 -12 16 -13 18 -13 17 -13 17 -14 18 -14 20 -14 19 -12 18 -14 18 -16 18 -17 17 -17 20 -18 22 -17 21 -17 20 -21 21 -22 24 -19
1786806330.486124,1982,128,100 64 6 0 28 -9 27 -10 24 -10 22 -11 22 -10 23 -9 23 -10 22 -10 20 -9 19 -8 19 -8 18 -9 19 -10 19 -10 18 -8 17 -8 15 -6 14 -4 13 -5 14 -5 14 -4 12 -3 10 -2 9 -1 9 1 2 0 0 0 0 0 0 0 0 0 0 0 0 0 0 0 0 0 0 0 2 -1 10 -3 10 -6 12 -7 17 -7 17 -6 16 -5 16 -6 17 -7 19 -8 21 -8 20 -7 18 -7 19 -7 23 -6 25 -5 25 -6 24 -7 24 -6 25 -6 27 -6 29 -6 28 -6 27 -6 26 -6 26 -6 26 -7
1786806330.52218,1983,128,100 64 6 0 -19 21 -18 23 -16 23 -17 22 -16 21 -14 19 -13 17 -13 15 -11 16 -10 17 -9 16 -10 16 -11 16 -10 17 -11 16 -10 14 -9 13 -9 12 -9 11 -9 10 -9 9 -9 8 -8 7 -7 7 -6 6 -2 1 0 0 0 0 0 0 0 0 0 0 0 0 0 0 0 0 0 0 -2 3 -6 12 -9 12 -9 13 -9 15 -11 14 -12 12 -11 13 -11 14 -13 17 -14 18 -14 17 -14 18 -15 19 -15 18 -15 19 -17 20 -18 21 -17 19 -20 17 -21 20 -19 21 -18 19 -17 20 -16 23 -18 24 -20 26
1786806330.555422,88,128,28 -64 1 0 -23 9 -19 7 -15 4 -11 0 -7 -4 -5 -9 -4 -14 -4 -19 -4 -23 -5 -26 -6 -28 -8 -28 -10 -28 -11 -28 -11 -26 -10 -22 -8 -19 -6 -15 -3 -12 0 -8 3 -5 7 -3 11 -2 14 -1 16 0 4 0 0 0 0 0 0 0 0 0 0 0 0 0 0 0 0 0 0 0 1 -1 5 -1 5 3 4 9 5 14 6 19 7 24 9 28 11 30 12 31 13 31 13 29 13 26 11 22 9 18 6 14 2 10 -3 7 -8 4 -14 2 -19 2 -24 2 -28 3 -31 4 -33 6 -33 8 -32 9
1786806330.588854,89,128,28 -64 1 0 11 -20 9 -16 8 -11 7 -7 7 -2 8 2 10 7 12 10 15 13 18 14 20 14 22 14 23 13 23 12 22 10 20 8 16 7 13 6 9 6 5 6 1 6 -3 6 -7 8 -9 10 -11 11 -3 2 0 0 0 0 0 0 0 0 0 0 0 0 0 0 0 0 0 0 -2 0 -5 2 -7 -2 -9 -6 -11 -11 -14 -14 -17 -17 -20 -19 -22 -20 -24 -20 -25 -20 -25 -18 -23 -16 -20 -14 -17 -11 -12 -10 -8 -8 -2 -8 3 -8 8 -10 13 -12 16 -15 19 -18 20 -20 20 -22 19 -24 17 -24
1786806330.624751,89,128,28 -64 1 0 -20 -12 -16 -10 -12 -9 -7 -8 -2 -8 3 -9 6 -11 10 -14 12 -17 14 -19 14 -22 14 -23 12 -24 11 -24 9 -23 7 -21 7 -18 6 -14 6 -10 5 -6 6 -2 6 2 8 5 10 8 12 9 3 2 0 0 0 0 0 0 0 0 0 0 0 0 0 0 0 0 0 0 0 1 2 4 -2 6 -6 8 -11 10 -14 13 -17 16 -19 19 -20 22 -20 23 -20 23 -18 23 -16 22 -14 19 -12 16 -10 11 -8 7 -8 2 -8 -4 -10 -9 -12 -14 -15 -17 -18 -20 -20 -21 -22 -21 -23 -20 -24 -19
1786806330.655502,92,128,28 -64 1 0 11 22 9 18 5 14 1 10 -4 7 -9 5 -13 5 -18 5 -22 6 -25 8 -27 10 -28 12 -27 13 -26 13 -24 13 -20 12 -18 10 -15 8 -11 4 -8 0 -6 -4 -5 -8 -4 -11 -4 -15 -4 -17 -1 -5 0 0 0 0 0 0 0 0 0 0 0 0 0 0 0 0 0 0 -1 -2 -1 -6 3 -5 9 -5 14 -5 19 -6 24 -8 27 -9 30 -11 31 -12 30 -13 29 -14 26 -15 23 -13 19 -11 15 -7 10 -4 7 1 4 7 3 13 2 18 3 23 4 27 7 29 8 31 9 31 10 31
1786806330.688834,1984,128,124 -64 7 0 -32 5 -31 5 -29 5 -27 6 -26 6 -27 6 -25 6 -23 4 -23 3 -22 4 -21 5 -21 5 -21 5 -21 5 -21 3 -21 2 -20 0 -19 -2 -18 0 -16 2 -15 0 -15 -2 -12 -1 -10 -1 -11 -1 -4 -1 0 0 0 0 0 0 0 0 0 0 0 0 0 0 0 0 0 0 -2 0 -9 3 -11 4 -15 4 -15 5 -15 5 -17 5 -19 5 -19 2 -18 1 -20 2 -22 2 -24 3 -24 2 -24 1 -24 2 -25 2 -26 3 -27 4 -29 6 -29 6 -28 4 -29 4 -32 4 -35 4 -35 5 -34 4
1786806330.724927,97,128,28 -64 1 0 21 -33 17 -27 15 -19 13 -11 13 -3 15 5 18 13 23 19 28 24 33 26 36 27 39 26 41 24 41 23 40 20 36 16 30 14 23 12 15 11 8 11 1 11 -6 12 -12 15 -18 18 -20 20 -6 5 0 0 0 0 0 0 0 0 0 0 0 0 0 0 0 0 0 0 -3 1 -10 3 -12 -3 -15 -12 -19 -20 -24 -26 -30 -31 -35 -35 -38 -38 -41 -38 -42 -38 -41 -35 -39 -30 -34 -26 -28 -22 -20 -18 -12 -15 -3 -13 6 -14 16 -16 24 -20 30 -24 35 -29 37 -33 38 -36 37 -39 36 -40
1786806330.763751,1804,128,28 -64 1 0 -31 -5 -30 -3 -28 0 -27 3 -24 4 -22 3 -20 1 -19 -1 -18 -2 -18 -4 -19 -6 -22 -7 -26 -7 -28 -7 -29 -6 -31 -5 -31 -5 -29 -4 -29 -2 -28 -1 -26 -1 -22 -3 -18 -5 -15 -7 -12 -9 -3 -3 0 0 0 0 0 0 0 0 0 0 0 0 0 0 0 0 0 0 -4 1 -15 6 -16 5 -17 5 -18 5 -17 3 -16 1 -15 0 -14 -1 -14 -2 -15 -4 -16 -6 -17 -8 -17 -10 -18 -11 -20 -10 -20 -10 -20 -10 -20 -10 -21 -10 -21 -10 -21 -10 -21 -11 -22 -12 -24 -12 -26 -12 -28 -12
1786806330.825092,1185,256,54 101 83 0 23 -5 19 -4 14 -2 10 0 6 4 2 8 0 13 -1 18 -1 22 -1 25 1 27 2 29 4 29 6 28 7 26 7 23 5 19 3 16 1 12 -2 8 -4 4 -8 2 -12 0 -15 -1 -17 -2 -5 -1 0 0 0 0 0 0 0 0 0 0 0 0 0 0 0 0 0 0 -2 -1 -6 -3 -4 -7 -2 -12 -1 -17 0 -22 0 -26 -1 -30 -2 -33 -3 -34 -4 -34 -5 -33 -5 -30 -4 -26 -3 -21 -2 -16 0 -11 4 -7 9 -3 14 0 19 2 24 3 28 3 30 2 32 1 33 0 33 -1 7 -2 27 -7 22 -5 18 -4 14 -2 9 0 5 4 2 8 0 13 0 17 0 21 0 25 1 27 3 27 5 28 6 27 7 25 7 21 6 18 3 15 1 12 -1 8 -4 4 -7 2 -11 0 -15 -1 -17 -1 -18 -2 -19 -2 -5 -1 0 0 0 0 0 0 0 0 0 0 -3 1 -9 6 -8 3 -6 -1 -4 -6 -2 -11 -1 -16 -1 -21 -1 -25 -1 -29 -2 -31 -3 -33 -4 -32 -5 -31 -5 -29 -4 -25 -3 -20 -2 -16 0 -11 4 -7 8 -3 13 0 18 2 22 2 27 2 30 1 31 -1 30 -3 28 -4
1786806330.894336,1185,256,54 101 83 0 4 -25 3 -20 3 -15 5 -10 7 -5 10 -1 13 3 17 5 21 6 25 6 27 5 28 4 29 3 29 2 27 0 24 -1 20 -1 16 0 11 2 7 3 3 5 0 8 -2 11 -4 14 -5 16 -2 4 0 0 0 0 0 0 0 0 0 0 0 0 0 0 0 0 0 0 -1 1 -5 4 -7 1 -11 -3 -15 -7 -19 -10 -23 -12 -27 -13 -30 -14 -31 -14 -32 -13 -32 -11 -30 -9 -26 -8 -21 -7 -16 -6 -11 -6 -6 -7 0 -10 5 -13 9 -17 12 -21 13 -25 13 -28 12 -30 12 -31 11 -31 2 -15 11 -56 9 -46 7 -37 7 -29 10 -20 14 -11 19 -2 26 5 33 10 41 11 47 12 51 10 54 8 55 7 55 5 52 2 46 0 38 -1 30 1 21 3 14 7 7 11 1 15 -4 22 -8 28 -10 32 -12 34 -14 34 -4 8 0 0 0 0 0 0 0 0 0 0 0 5 2 22 -3 17 -8 10 -13 2 -20 -6 -27 -14 -35 -20 -44 -24 -51 -26 -56 -26 -60 -26 -61 -25 -59 -22 -55 -17 -48 -15 -40 -13 -31 -12 -20 -12 -9 -13 1 -18 9 -25 17 -33 23 -41 25 -48 25 -53 25 -57 22 -59 17 -57
1786806330.927577,99,128,28 -64 1 0 -21 9 -17 7 -14 5 -10 1 -8 -3 -6 -7 -5 -12 -5 -16 -6 -20 -7 -23 -9 -24 -10 -25 -12 -25 -12 -24 -12 -22 -11 -19 -9 -17 -7 -14 -4 -11 -1 -8 2 -6 5 -5 9 -4 13 -4 15 -3 3 -1 0 0 0 0 0 0 0 0 0 0 0 0 0 0 0 0 0 0 1 -1 5 -1 4 3 4 8 4 12 5 17 6 21 8 24 9 27 11 28 12 28 12 26 12 24 10 21 8 17 5 13 2 10 -2 7 -7 4 -12 3 -17 2 -22 3 -25 4 -28 5 -30 7 -30 9 -29 10
1786806330.961,100,128,28 -64 1 0 -14 19 -11 14 -9 10 -8 5 -8 0 -8 -5 -9 -10 -12 -15 -14 -18 -16 -21 -19 -21 -20 -21 -21 -20 -22 -19 -21 -17 -19 -15 -16 -12 -12 -10 -8 -8 -4 -7 1 -6 5 -5 9 -6 13 -6 15 -7 4 -2 0 0 0 0 0 0 0 0 0 0 0 0 0 0 0 0 0 0 0 -2 4 -4 6 -1 10 4 13 7 17 11 21 13 24 15 27 15 28 16 29 16 27 15 25 13 21 11 17 9 12 7 7 6 1 6 -5 7 -10 9 -15 12 -19 15 -21 18 -23 20 -25 22 -24 24 -21 25
1786806331.030356,1185,256,54 101 83 0 19 8 16 6 11 5 6 5 2 7 -3 9 -6 11 -8 15 -10 18 -11 20 -11 22 -10 24 -9 25 -7 25 -5 23 -4 20 -4 17 -4 14 -4 9 -5 5 -6 1 -8 -2 -10 -4 -13 -6 -14 -8 -4 -2 0 0 0 0 0 0 0 0 0 0 0 0 0 0 0 0 0 0 -1 -2 -3 -6 0 -7 5 -9 8 -12 12 -15 14 -19 16 -22 17 -24 17 -25 16 -26 14 -25 13 -24 11 -21 9 -17 8 -13 7 -8 7 -3 8 2 10 7 13 11 16 14 19 16 22 17 24 17 25 16 25 14 11 6 42 23 35 19 28 15 21 13 11 12 1 13 -7 16 -14 21 -20 26 -24 32 -26 38 -27 42 -26 45 -23 46 -19 45 -16 42 -12 37 -11 32 -10 26 -10 18 -10 9 -11 1 -13 -5 -17 -10 -21 -15 -25 -18 -26 -20 -27 -21 -7 -6 0 0 0 0 0 0 0 0 0 0 -6 -2 -19 -5 -13 -7 -6 -10 2 -14 11 -17 19 -22 25 -27 31 -33 35 -39 37 -43 36 -45 34 -45 32 -45 29 -43 26 -37 22 -30 17 -23 14 -14 14 -4 16 7 19 17 22 25 28 31 33 35 38 36 41 35 42 32 43 27
1786806331.061074,1805,128,28 -64 1 0 -3 33 0 31 3 28 4 26 4 24 5 21 4 18 2 17 -1 17 -3 18 -6 20 -7 23 -8 26 -7 29 -7 30 -6 32 -6 33 -5 33 -4 32 -4 30 -4 26 -6 22 -8 20 -10 17 -13 13 -4 3 0 0 0 0 0 0 0 0 0 0 0 0 0 0 0 0 0 0 1 3 6 13 4 15 4 16 2 15 -1 15 -2 16 -3 16 -6 15 -8 15 -9 15 -9 17 -9 17 -9 17 -9 17 -9 17 -8 16 -8 15 -9 15 -11 15 -12 15 -13 16 -15 18 -15 20 -15 21 -14 24 -13 29
1786806331.0942159,101,128,28 -64 1 0 0 25 0 20 -2 15 -4 10 -7 6 -10 2 -14 -1 -19 -3 -23 -4 -27 -4 -29 -3 -30 -2 -31 0 -30 0 -28 1 -25 2 -21 2 -17 1 -13 -1 -9 -4 -5 -6 -2 -8 0 -12 2 -15 3 -17 0 -5 0 0 0 0 0 0 0 0 0 0 0 0 0 0 0 0 0 0 0 -2 3 -6 6 -3 11 0 16 3 20 4 25 5 29 5 32 5 34 4 34 3 33 2 30 0 26 0 21 0 16 1 11 2 5 5 1 9 -4 13 -7 18 -9 23 -9 26 -9 29 -8 32 -7 33 -6 33
1786806331.119371,812,128,-117 -78 40 0 3 11 3 11 3 11 3 10 4 10 4 10 4 10 4 10 4 9 4 9 5 9 5 9 5 9 5 9 5 9 5 9 5 9 5 8 4 8 4 8 4 7 4 7 4 7 4 7 3 7 0 1 0 0 0 0 0 0 0 0 0 0 0 0 0 0 0 0 0 0 1 2 4 9 4 10 3 10 3 10 3 11 3 11 3 12 3 12 2 12 2 13 2 13 2 13 1 13 1 13 1 12 1 12 2 12 2 12 2 12 2 12 2 12 2 12 3 12 2 11 2 11 2 12
1786806331.1527529,1985,128,124 -64 7 0 24 -12 24 -12 25 -13 24 -14 23 -15 22 -14 21 -15 20 -17 20 -18 17 -16 15 -14 16 -13 16 -14 17 -14 17 -13 16 -11 13 -10 13 -10 14 -8 13 -8 12 -8 11 -6 10 -6 8 -6 8 -7 2 -2 0 0 0 0 0 0 0 0 0 0 0 0 0 0 0 0 0 0 2 -3 11 -8 13 -3 13 0 13 1 13 -3 13 -3 14 -2 16 -4 18 -7 19 -7 18 -6 19 -4 21 -3 21 -3 20 -5 22 -5 24 -6 24 -6 24 -5 24 -6 25 -8 28 -8 29 -9 28 -13 29 -14 33 -12
1786806331.194192,1986,128,124 -64 7 0 -29 -14 -29 -14 -25 -15 -22 -17 -23 -16 -22 -12 -21 -10 -21 -9 -21 -8 -22 -8 -22 -8 -21 -8 -21 -9 -19 -8 -18 -8 -19 -9 -18 -9 -16 -9 -16 -10 -16 -9 -13 -7 -11 -7 -10 -9 -9 -10 -8 -8 -2 -2 0 0 0 0 0 0 0 0 0 0 0 0 0 0 0 0 0 0 -2 -1 -9 -1 -11 -3 -12 -5 -12 -6 -15 -4 -15 -5 -14 -8 -16 -7 -18 -4 -17 -5 -16 -7 -19 -9 -21 -10 -21 -11 -22 -11 -22 -11 -24 -11 -26 -11 -25 -11 -24 -11 -25 -12 -26 -13 -28 -11 -27 -9 -26 -11 -30 -13
1786806331.230477,1987,128,124 -64 7 0 -5 -30 -7 -30 -8 -29 -8 -27 -7 -26 -6 -26 -7 -25 -8 -24 -7 -23 -7 -22 -9 -22 -9 -21 -8 -22 -8 -21 -8 -18 -7 -17 -5 -17 -3 -17 -3 -17 -3 -16 -3 -14 -3 -12 -3 -11 -2 -11 1 -10 0 -3 0 0 0 0 0 0 0 0 0 0 0 0 0 0 0 0 0 0 -1 -3 -3 -12 -3 -12 -3 -14 -3 -16 -5 -16 -5 -16 -3 -17 -2 -18 -2 -19 -2 -19 -3 -22 -3 -24 -4 -24 -2 -23 -1 -23 -2 -23 -2 -23 -3 -25 -3 -26 -3 -25 -5 -25 -6 -27 -6 -30 -6 -31 -5 -30 -4 -28
1786806331.263801,109,128,28 -64 1 0 -37 9 -30 7 -23 4 -16 -1 -10 -8 -5 -15 -2 -23 0 -30 -1 -37 -2 -42 -4 -46 -6 -48 -8 -49 -10 -48 -11 -44 -10 -39 -8 -33 -4 -27 -1 -20 3 -13 7 -7 12 -2 18 1 24 4 28 6 7 1 0 0 0 0 0 0 0 0 0 0 0 0 0 0 0 0 0 0 2 -1 8 1 7 7 5 16 5 25 6 33 7 41 8 47 10 51 12 52 14 52 15 49 14 45 12 39 9 31 6 24 0 17 -6 10 -14 4 -22 0 -31 -3 -38 -3 -45 -3 -49 -1 -52 1 -54 4 -55 7
1786806331.29718,112,128,28 -64 1 0 -17 -19 -14 -16 -10 -12 -5 -10 1 -8 6 -7 11 -7 16 -9 20 -10 23 -13 24 -15 24 -16 24 -18 23 -18 20 -18 17 -16 15 -14 13 -11 10 -7 7 -2 5 2 4 6 4 9 4 13 4 16 1 4 0 0 0 0 0 0 0 0 0 0 0 0 0 0 0 0 0 0 0 1 1 5 -3 6 -8 7 -13 9 -18 12 -22 15 -24 18 -26 20 -26 21 -25 22 -24 22 -22 21 -19 19 -16 15 -12 10 -10 6 -8 0 -7 -6 -7 -13 -8 -18 -10 -23 -12 -26 -15 -28 -17 -29 -18 -29 -19 -28
1786806331.33314,120,128,28 -64 1 0 -17 14 -14 11 -11 7 -9 3 -7 -1 -7 -6 -7 -11 -8 -15 -10 -19 -11 -21 -13 -22 -15 -23 -16 -22 -16 -22 -16 -20 -14 -17 -12 -14 -9 -12 -5 -10 -2 -7 2 -6 5 -4 9 -4 12 -4 15 -4 3 -1 0 0 0 0 0 0 0 0 0 0 0 0 0 0 0 0 0 0 0 -1 4 -3 5 1 7 5 10 9 13 13 15 16 18 19 20 20 21 20 22 20 21 19 20 17 17 14 14 12 10 9 5 7 0 6 -5 6 -11 6 -16 8 -20 10 -23 12 -25 14 -26 15 -26 17 -24 19
1786806331.366596,121,128,28 -64 1 0 -18 -18 -15 -15 -10 -12 -5 -9 1 -8 6 -7 11 -8 15 -9 19 -12 21 -14 23 -16 23 -18 23 -19 21 -19 19 -19 16 -17 14 -15 12 -12 10 -7 7 -3 5 1 4 5 4 9 5 13 5 15 1 4 0 0 0 0 0 0 0 0 0 0 0 0 0 0 0 0 0 0 0 1 1 4 -3 5 -8 8 -13 10 -17 13 -20 16 -23 19 -25 21 -25 22 -24 23 -22 23 -20 22 -17 20 -14 16 -11 11 -9 6 -8 0 -7 -6 -7 -12 -9 -17 -10 -22 -13 -26 -16 -27 -18 -28 -19 -27 -19 -27
1786806331.39713,1988,128,88 -128 5 0 -10 15 -7 15 -6 16 -7 16 -6 15 -5 14 -4 13 -5 13 -6 14 -6 14 -7 13 -6 13 -5 12 -4 11 -4 11 -5 10 -4 9 -4 8 -5 7 -4 7 -5 7 -5 7 -5 7 -5 6 -4 4 -1 1 0 0 0 0 0 0 0 0 0 0 0 0 0 0 0 0 0 0 -1 1 -3 7 -2 6 -1 6 -2 6 -2 7 -2 9 -4 9 -5 10 -6 11 -6 11 -6 9 -8 10 -7 12 -7 12 -7 13 -8 14 -9 14 -9 14 -9 14 -9 16 -9 17 -9 16 -10 14 -9 15 -8 17 -9 17
1786806331.4333398,1989,128,88 -128 5 0 28 -17 28 -16 27 -16 27 -15 25 -14 24 -14 23 -15 22 -16 21 -15 20 -12 20 -12 21 -12 20 -10 20 -12 20 -12 17 -10 16 -9 16 -8 16 -6 16 -5 18 -5 16 -4 12 -2 10 -2 10 -3 2 -1 0 0 0 0 0 0 0 0 0 0 0 0 0 0 0 0 0 0 2 -2 9 -9 9 -12 9 -13 10 -14 10 -12 12 -13 15 -16 14 -15 14 -14 16 -14 16 -13 17 -12 19 -12 20 -13 20 -14 21 -14 22 -15 23 -15 25 -15 27 -15 26 -15 24 -17 24 -18 27 -17 29 -17 27 -19
1786806331.466702,1990,128,88 -128 5 0 -30 11 -29 11 -26 11 -25 9 -25 10 -25 9 -23 7 -20 8 -20 11 -19 11 -18 9 -18 10 -19 11 -19 10 -17 8 -14 5 -14 5 -16 6 -16 4 -16 3 -14 3 -12 3 -12 3 -13 3 -13 2 -3 0 0 0 0 0 0 0 0 0 0 0 0 0 0 0 0 0 0 0 -3 2 -9 7 -9 5 -10 2 -12 2 -15 3 -14 4 -15 2 -18 0 -18 2 -18 7 -19 9 -22 5 -22 3 -22 5 -25 6 -28 6 -27 7 -24 5 -24 7 -24 9 -26 9 -25 10 -24 9 -27 8 -30 8 -29 10
1786806331.499933,123,128,28 -64 1 0 21 -3 16 -2 13 -1 9 1 5 4 1 8 -1 12 -2 16 -3 20 -3 23 -3 24 -1 25 0 26 1 26 2 24 3 21 2 17 0 14 -2 10 -3 6 -5 3 -8 0 -10 -3 -13 -4 -15 -5 -4 -2 0 0 0 0 0 0 0 0 0 0 0 0 0 0 0 0 0 0 -2 0 -5 -1 -4 -5 -3 -10 -3 -15 -3 -20 -3 -24 -3 -27 -4 -29 -5 -31 -6 -31 -6 -29 -6 -27 -5 -23 -4 -19 -3 -15 0 -11 3 -7 7 -3 12 0 17 2 21 3 25 3 28 3 29 1 30 -1 30 -3
1786806331.535935,125,128,28 -64 1 0 -23 -11 -19 -9 -14 -8 -8 -8 -3 -8 3 -10 7 -13 10 -17 13 -20 14 -24 14 -26 14 -28 13 -29 11 -29 9 -27 7 -24 7 -21 6 -16 6 -11 6 -6 6 -1 8 3 10 7 12 10 14 12 3 3 0 0 0 0 0 0 0 0 0 0 0 0 0 0 0 0 0 0 1 0 3 4 -1 6 -6 10 -10 14 -14 18 -16 22 -18 25 -19 28 -19 30 -18 30 -16 30 -14 27 -12 24 -10 19 -9 14 -8 8 -8 2 -9 -4 -12 -10 -15 -14 -18 -17 -22 -20 -25 -21 -27 -21 -28 -20 -29 -19
1786806331.569325,125,128,28 -64 1 0 18 -17 15 -13 12 -9 9 -5 8 0 8 6 9 11 11 15 13 18 16 20 18 21 20 21 21 20 22 19 21 17 19 14 16 12 12 10 7 9 3 7 -1 7 -6 7 -10 8 -13 9 -15 10 -4 2 0 0 0 0 0 0 0 0 0 0 0 0 0 0 0 0 0 0 -2 0 -7 0 -6 -5 -6 -10 -7 -16 -9 -21 -10 -25 -12 -28 -14 -30 -16 -31 -17 -31 -17 -29 -16 -26 -14 -22 -12 -19 -8 -15 -4 -11 1 -8 6 -7 12 -7 18 -7 22 -8 26 -11 28 -13 28 -15 28 -17 27 -17
1786806331.602657,125,128,28 -64 1 0 -24 5 -20 4 -15 2 -11 -1 -7 -5 -5 -10 -4 -15 -3 -19 -4 -23 -5 -27 -7 -28 -9 -29 -10 -29 -11 -28 -12 -26 -11 -22 -9 -19 -6 -16 -3 -13 0 -9 4 -6 7 -4 11 -4 15 -3 18 -3 4 -1 0 0 0 0 0 0 0 0 0 0 0 0 0 0 0 0 0 0 1 0 5 2 3 6 0 11 -2 16 -3 21 -3 26 -3 30 -2 33 -1 34 0 34 1 32 1 29 1 25 1 21 0 16 -2 11 -6 6 -10 2 -15 -1 -20 -3 -24 -4 -28 -4 -31 -2 -33 -1 -34 0 -34 2
1786806331.636037,125,128,28 -64 1 0 20 14 16 11 12 9 6 8 0 8 -5 9 -9 12 -13 14 -15 17 -17 20 -17 23 -17 24 -16 26 -14 25 -11 24 -10 21 -9 18 -8 14 -7 10 -7 5 -7 0 -8 -4 -10 -7 -13 -10 -14 -11 -4 -3 0 0 0 0 0 0 0 0 0 0 0 0 0 0 0 0 0 0 -1 -2 -2 -6 2 -8 7 -9 12 -11 16 -14 20 -17 22 -20 24 -23 24 -24 23 -25 21 -25 19 -24 16 -21 14 -17 11 -13 9 -8 8 -3 8 4 9 10 11 15 14 19 17 22 21 23 23 23 23 23 24 21
1786806331.663947,1991,128,100 64 6 0 7 26 9 28 10 28 10 27 10 25 10 24 9 23 9 23 9 24 7 21 9 21 11 23 10 23 8 22 7 20 7 18 7 17 6 18 5 17 5 15 5 13 4 12 3 11 1 11 0 11 0 3 0 0 0 0 0 0 0 0 0 0 0 0 0 0 0 0 0 0 1 2 6 10 7 12 5 13 2 13 3 14 4 16 4 16 4 17 6 18 5 20 4 20 7 20 9 20 7 21 5 25 6 25 8 24 9 25 8 25 8 25 9 26 10 30 11 30 11 29 11 28 10 29
1786806331.6999621,1807,128,28 -64 1 0 25 -19 21 -20 18 -21 17 -21 15 -20 14 -19 12 -16 12 -13 13 -12 15 -11 17 -10 20 -10 24 -11 26 -13 26 -14 27 -15 26 -17 25 -18 23 -18 21 -17 19 -15 18 -13 17 -9 17 -5 16 -1 3 0 0 0 0 0 0 0 0 0 0 0 0 0 0 0 0 0 0 0 1 -4 4 -16 4 -16 5 -15 6 -15 6 -15 6 -14 8 -14 9 -12 10 -11 12 -10 15 -8 16 -7 17 -7 18 -8 19 -8 19 -8 20 -9 20 -10 19 -10 18 -9 20 -7 21 -8 22 -8 24 -8 26 -10 26 -11
1786806331.733191,131,128,28 -64 1 0 -2 22 -2 18 -3 13 -4 8 -7 4 -10 0 -13 -3 -17 -5 -21 -6 -24 -6 -26 -5 -27 -4 -28 -3 -27 -2 -25 -1 -22 0 -19 0 -15 -1 -11 -2 -7 -4 -4 -6 -1 -8 1 -11 3 -13 4 -15 1 -4 0 0 0 0 0 0 0 0 0 0 0 0 0 0 0 0 0 0 0 -2 3 -5 6 -2 10 1 14 3 18 5 22 6 26 6 28 6 30 6 30 5 29 4 27 2 23 2 19 1 14 2 9 3 4 5 -1 8 -5 12 -8 16 -10 20 -10 23 -10 26 -10 28 -9 29 -8 29
1786806331.763829,132,128,28 -64 1 0 -24 8 -20 6 -15 3 -11 0 -8 -4 -6 -9 -4 -14 -4 -19 -5 -23 -7 -26 -8 -28 -10 -28 -11 -28 -12 -28 -13 -25 -12 -22 -10 -19 -7 -16 -4 -12 -1 -9 3 -6 6 -5 10 -4 14 -4 17 -3 4 -1 0 0 0 0 0 0 0 0 0 0 0 0 0 0 0 0 0 0 1 0 6 1 4 5 3 10 2 16 2 21 3 26 4 30 5 32 7 33 8 33 9 32 8 29 7 25 6 20 3 16 0 11 -4 7 -9 4 -15 1 -20 0 -25 0 -29 1 -32 2 -34 4 -34 6 -33 7
1786806331.7974331,134,128,28 -64 1 0 -20 14 -17 11 -14 7 -11 2 -9 -2 -8 -7 -8 -12 -10 -17 -12 -21 -14 -23 -17 -24 -18 -24 -20 -23 -20 -22 -20 -20 -18 -17 -15 -14 -11 -12 -7 -10 -3 -8 1 -7 5 -7 9 -8 13 -9 15 -9 3 -3 0 0 0 0 0 0 0 0 0 0 0 0 0 0 0 0 0 0 1 -1 6 0 5 4 5 9 5 15 6 20 8 24 10 28 11 30 13 31 14 31 15 29 14 25 12 22 10 18 7 14 3 11 -2 8 -8 6 -14 5 -19 5 -24 6 -27 8 -30 10 -31 12 -31 13 -30 14
1786806331.851956,135,128,28 -64 1 0 -14 -20 -11 -17 -7 -13 -3 -10 2 -8 7 -6 12 -6 17 -6 21 -8 24 -9 25 -11 26 -13 26 -14 25 -15 22 -14 19 -13 16 -11 13 -9 10 -5 7 -1 4 3 3 6 2 10 2 14 2 16 0 4 0 0 0 0 0 0 0 0 0 0 0 0 0 0 0 0 0 0 0 1 0 5 -4 5 -9 6 -14 8 -19 9 -23 12 -26 14 -28 16 -28 18 -28 18 -26 18 -24 18 -21 16 -17 12 -13 8 -10 4 -8 -1 -6 -7 -5 -13 -6 -19 -7 -24 -9 -27 -11 -29 -12 -30 -13 -30 -14 -30
1786806331.88525,136,128,28 -64 1 0 -21 12 -17 9 -13 6 -10 2 -8 -3 -7 -8 -7 -13 -8 -18 -10 -22 -12 -24 -14 -25 -16 -26 -17 -25 -18 -24 -18 -22 -17 -18 -14 -16 -10 -13 -6 -11 -2 -9 2 -7 6 -6 10 -6 14 -7 16 -7 4 -2 0 0 0 0 0 0 0 0 0 0 0 0 0 0 0 0 0 0 1 0 6 1 5 5 4 10 4 16 5 21 6 25 8 29 9 31 11 32 11 31 12 29 11 26 10 22 7 18 4 14 1 10 -4 7 -9 4 -15 3 -20 3 -25 4 -28 5 -30 7 -32 9 -31 10 -30 11
1786806331.915521,137,128,28 -64 1 0 7 23 5 19 3 14 -1 10 -5 6 -10 3 -14 1 -19 1 -23 1 -27 2 -29 4 -30 5 -29 7 -28 7 -26 8 -23 7 -19 6 -16 4 -12 1 -8 -2 -5 -5 -3 -8 -2 -12 -1 -15 0 -18 0 -5 0 0 0 0 0 0 0 0 0 0 0 0 0 0 0 0 0 0 0 -2 1 -6 5 -5 10 -4 16 -4 21 -4 26 -5 29 -6 32 -7 33 -8 33 -9 31 -10 28 -11 24 -10 20 -7 15 -5 10 -1 6 2 3 8 0 14 -1 19 -2 24 -1 28 1 31 2 32 3 33 4 33
1786806331.963667,816,128,-117 -78 40 0 8 -8 8 -8 8 -8 8 -8 8 -8 8 -9 7 -8 7 -8 7 -9 6 -9 6 -9 6 -9 6 -9 6 -9 6 -9 6 -9 6 -9 5 -9 5 -8 5 -8 5 -8 5 -8 5 -8 5 -7 5 -7 1 -2 0 0 0 0 0 0 0 0 0 0 0 0 0 0 0 0 0 0 1 -2 7 -8 7 -8 8 -8 8 -8 9 -8 9 -8 10 -8 10 -8 10 -8 11 -8 11 -7 11 -7 11 -7 11 -7 11 -7 10 -7 10 -7 10 -7 10 -7 10 -7 10 -7 10 -7 9 -7 9 -7 9 -7 9 -7
1786806331.997408,138,128,28 -64 1 0 -25 -5 -21 -5 -16 -5 -10 -6 -5 -8 -1 -11 2 -15 4 -19 5 -23 5 -26 5 -28 3 -30 1 -30 0 -30 -1 -28 -2 -25 -2 -21 0 -17 1 -13 3 -9 5 -5 8 -2 11 0 15 2 17 2 4 0 0 0 0 0 0 0 0 0 0 0 0 0 0 0 0 0 0 0 1 1 3 5 0 7 -5 10 -9 14 -12 18 -14 22 -16 26 -16 29 -15 30 -14 31 -12 30 -11 28 -9 25 -8 20 -7 15 -7 10 -8 4 -10 -1 -13 -7 -17 -10 -22 -13 -25 -14 -28 -14 -31 -14 -32 -13 -32 -12
1786806332.053758,139,128,28 -64 1 0 7 -23 6 -19 5 -14 6 -8 7 -3 9 2 12 6 16 9 20 11 23 12 25 11 27 11 28 9 27 8 26 7 23 5 19 4 15 4 10 4 5 5 1 6 -3 7 -7 10 -10 12 -11 13 -3 3 0 0 0 0 0 0 0 0 0 0 0 0 0 0 0 0 0 0 -1 1 -5 3 -7 0 -11 -4 -15 -8 -19 -11 -24 -13 -27 -14 -30 -15 -31 -15 -32 -14 -31 -12 -28 -10 -24 -9 -20 -7 -15 -7 -9 -6 -4 -7 2 -9 7 -12 11 -15 14 -19 16 -23 16 -26 16 -28 16 -29 15 -29
1786806332.099761,141,128,28 -64 1 0 -16 14 -13 11 -11 7 -9 3 -7 -2 -7 -6 -7 -11 -8 -15 -10 -19 -12 -21 -14 -22 -15 -22 -16 -22 -17 -21 -17 -19 -15 -16 -13 -14 -9 -11 -6 -9 -2 -8 1 -6 5 -5 8 -5 12 -5 14 -5 3 -2 0 0 0 0 0 0 0 0 0 0 0 0 0 0 0 0 0 0 1 -1 5 -2 6 1 8 6 10 10 12 14 15 18 17 20 18 22 20 22 20 22 20 20 18 18 16 15 12 13 9 10 4 8 -1 6 -6 6 -12 6 -17 7 -21 9 -23 11 -25 13 -26 15 -26 17 -25 19
1786806332.1332119,142,128,28 -64 1 0 15 -19 13 -15 10 -10 9 -6 8 -1 8 5 10 10 12 14 15 16 17 18 20 18 21 18 23 17 23 16 22 14 20 12 16 10 13 8 8 7 4 6 0 6 -4 6 -8 8 -11 10 -13 11 -4 2 0 0 0 0 0 0 0 0 0 0 0 0 0 0 0 0 0 0 -2 0 -7 0 -8 -4 -9 -9 -10 -14 -12 -19 -15 -23 -17 -25 -19 -27 -21 -28 -22 -27 -22 -25 -20 -22 -18 -19 -14 -16 -10 -13 -6 -10 0 -9 6 -8 12 -8 17 -10 21 -12 24 -15 26 -17 26 -19 26 -21 25 -21
1786806332.211027,1170,256,82 32 5 0 -27 -9 -28 -7 -28 -4 -28 -1 -27 2 -24 3 -21 2 -18 1 -16 -2 -15 -4 -16 -8 -18 -11 -20 -14 -21 -17 -23 -18 -26 -19 -28 -20 -29 -19 -28 -18 -27 -18 -25 -17 -22 -16 -18 -16 -14 -16 -10 -17 -3 -5 0 0 0 0 0 0 0 0 0 0 0 0 0 0 0 0 0 0 -4 1 -14 4 -15 4 -14 4 -12 4 -11 4 -11 1 -10 -1 -9 -3 -8 -4 -8 -6 -8 -8 -9 -10 -10 -10 -11 -11 -13 -10 -15 -9 -16 -7 -16 -6 -16 -6 -14 -6 -14 -6 -15 -7 -14 -8 -14 -9 -16 -11 -18 -12 -14 -8 -45 -24 -49 -19 -50 -13 -48 -10 -46 -10 -43 -11 -42 -13 -43 -14 -45 -13 -45 -11 -44 -10 -40 -13 -36 -20 -33 -28 -33 -36 -38 -42 -43 -44 -48 -44 -48 -40 -43 -35 -34 -34 -25 -34 -18 -36 -12 -40 -7 -43 -2 -44 15 -51 17 -45 3 -8 1 -2 -1 1 -1 -1 0 -1 0 1 0 3 3 19 0 15 -17 10 -21 6 -23 4 -25 2 -26 0 -26 -1 -24 -1 -23 -2 -21 -4 -19 -7 -19 -11 -21 -15 -24 -17 -25 -18 -27 -18 -27 -16 -28 -14 -28 -16 -29 -17 -29 -17 -30 -16 -30 -15 -29 -15 -29 -17 -31 -20 -35 -24
1786806332.244591,143,128,28 -64 1 0 -13 -21 -10 -17 -7 -14 -2 -11 3 -8 8 -7 12 -7 17 -8 21 -10 23 -12 25 -14 25 -16 24 -18 22 -18 20 -18 17 -16 14 -14 12 -11 10 -7 7 -3 6 2 5 6 5 9 6 13 7 15 1 4 0 0 0 0 0 0 0 0 0 0 0 0 0 0 0 0 0 0 -1 1 -2 6 -6 5 -11 4 -17 4 -22 5 -26 6 -29 8 -32 9 -33 10 -32 11 -31 12 -28 12 -24 10 -20 8 -16 5 -12 1 -8 -3 -6 -9 -5 -15 -4 -20 -5 -25 -7 -29 -9 -31 -10 -32 -12 -32 -12 -31
1786806332.359951,144,128,28 -64 1 0 24 -4 19 -3 14 -2 10 1 5 4 2 9 0 13 -1 18 -1 22 -1 25 0 27 2 28 4 28 5 28 6 25 6 22 4 19 2 15 0 11 -3 7 -5 4 -8 1 -12 -1 -16 -2 -18 -3 -5 -1 0 0 0 0 0 0 0 0 0 0 0 0 0 0 0 0 0 0 -2 -1 -6 -2 -4 -6 -2 -11 -1 -16 0 -22 0 -26 -1 -30 -1 -33 -3 -34 -4 -35 -5 -33 -5 -30 -4 -26 -3 -22 -2 -17 0 -12 3 -7 8 -3 13 0 18 2 23 3 27 3 31 3 33 2 33 0 32 -2
1786806332.4253418,145,128,28 -64 1 0 24 -2 20 -1 15 0 10 2 6 5 2 9 -1 13 -2 18 -3 22 -3 25 -2 28 -1 29 1 30 2 29 3 27 4 23 3 20 1 16 -1 12 -3 8 -5 4 -8 1 -12 -1 -15 -2 -18 -3 -5 -1 0 0 0 0 0 0 0 0 0 0 0 0 0 0 0 0 0 0 -2 -1 -6 -3 -4 -7 -1 -12 1 -17 3 -22 3 -26 3 -31 3 -33 2 -35 0 -35 -1 -34 -2 -31 -2 -27 -1 -22 0 -17 1 -12 4 -7 9 -2 13 2 18 4 23 6 27 6 30 6 32 5 33 4 33 2
1786806332.458463,146,128,28 -64 1 0 18 17 14 14 10 11 5 8 -1 7 -6 7 -11 7 -16 9 -20 11 -23 14 -24 16 -25 18 -24 19 -22 19 -20 18 -17 17 -15 14 -13 11 -11 7 -8 2 -6 -2 -6 -6 -6 -10 -6 -14 -7 -16 -2 -5 0 0 0 0 0 0 0 0 0 0 0 0 0 0 0 0 0 0 -1 -2 -3 -5 1 -7 6 -9 11 -12 15 -16 18 -19 21 -22 22 -25 22 -26 22 -27 20 -26 18 -25 15 -22 12 -18 10 -13 8 -8 6 -2 7 4 7 11 9 16 11 21 14 24 17 26 19 27 20 26 20 25
1786806332.4908879,147,128,28 -64 1 0 -8 22 -7 18 -6 13 -7 7 -8 3 -10 -2 -13 -6 -16 -10 -20 -12 -23 -13 -25 -13 -27 -12 -28 -11 -28 -9 -26 -8 -23 -6 -20 -5 -15 -5 -11 -5 -7 -6 -3 -7 1 -8 4 -10 7 -13 9 -15 2 -4 0 0 0 0 0 0 0 0 0 0 0 0 0 0 0 0 0 0 1 -2 4 -4 6 -1 9 4 13 8 17 11 21 13 24 15 27 15 29 15 30 14 29 12 27 10 23 8 19 7 14 6 8 6 3 6 -3 8 -8 11 -13 14 -16 18 -17 21 -18 24 -18 26 -18 27 -17 28
1786806332.5669172,1994,128,124 -64 7 0 -8 -30 -6 -29 -6 -29 -7 -28 -6 -28 -4 -27 -4 -25 -4 -25 -4 -26 -4 -26 -5 -25 -6 -24 -5 -23 -4 -23 -3 -22 -2 -22 -2 -21 -1 -18 -1 -17 -2 -18 0 -15 0 -13 0 -13 1 -13 1 -13 0 -4 0 0 0 0 0 0 0 0 0 0 0 0 0 0 0 0 0 0 -1 -5 -4 -16 -3 -14 -3 -15 -4 -16 -5 -16 -5 -18 -5 -18 -4 -18 -4 -20 -4 -24 -4 -25 -5 -23 -5 -23 -5 -23 -4 -24 -4 -26 -5 -27 -4 -27 -4 -28 -5 -27 -6 -27 -5 -27 -5 -29 -5 -31 -5 -30 -5 -31
1786806332.597559,148,128,28 -64 1 0 22 2 18 1 13 2 8 3 3 6 -1 9 -4 13 -7 17 -8 21 -8 24 -8 26 -7 28 -6 29 -4 28 -2 26 -2 23 -2 20 -2 15 -3 10 -5 5 -6 1 -8 -2 -11 -5 -14 -8 -16 -10 -4 -3 0 0 0 0 0 0 0 0 0 0 0 0 0 0 0 0 0 0 -2 -1 -5 -4 -3 -7 -1 -12 2 -17 3 -22 4 -26 4 -30 4 -32 3 -33 2 -33 2 -32 1 -29 1 -25 1 -20 2 -15 3 -10 5 -5 9 0 13 4 17 7 21 9 25 10 28 10 30 9 31 7 30 6
1786806332.661367,1187,256,54 101 83 0 21 0 17 1 13 1 8 3 4 5 0 8 -2 12 -4 16 -5 20 -5 23 -4 25 -3 25 -1 26 0 26 2 24 2 20 1 17 0 14 -2 10 -3 6 -5 3 -7 0 -11 -2 -14 -3 -15 -4 -4 -2 0 0 0 0 0 0 0 0 0 0 0 0 0 0 0 0 0 0 -2 -1 -5 -4 -3 -7 0 -11 3 -15 4 -19 5 -23 6 -27 6 -29 5 -30 4 -30 3 -29 2 -27 2 -23 2 -19 2 -14 3 -10 5 -5 8 -1 12 3 16 6 20 8 24 8 26 8 28 7 28 5 28 4 12 -2 47 -5 40 -3 32 -2 26 -1 17 3 8 9 2 16 -2 24 -3 32 -3 40 -3 45 -1 48 2 49 5 50 8 48 10 44 10 38 7 33 4 27 0 20 -4 13 -8 7 -14 3 -20 0 -25 -1 -30 -3 -32 -4 -33 -5 -9 -2 0 0 0 0 0 0 0 0 0 0 -5 2 -19 6 -15 2 -10 -5 -5 -13 0 -21 4 -29 6 -37 8 -45 9 -52 8 -56 6 -58 4 -57 2 -55 2 -51 1 -44 2 -36 3 -27 5 -18 10 -11 17 -3 24 4 33 9 41 11 47 12 52 10 55 7 53 4 49 0
1786806332.7309282,3958,256,126 -32 7 0 -13 35 -11 28 -10 20 -11 12 -13 4 -17 -4 -21 -10 -27 -15 -34 -18 -39 -20 -42 -19 -45 -18 -46 -16 -46 -14 -43 -11 -39 -9 -33 -7 -25 -7 -18 -8 -10 -9 -3 -11 3 -13 9 -17 13 -21 16 -24 4 -7 0 0 0 0 0 0 0 0 0 0 0 0 0 0 0 0 0 0 1 -2 9 -6 12 0 18 6 24 13 30 18 37 21 42 24 46 24 48 24 48 24 46 21 42 18 36 15 29 13 21 11 12 10 3 11 -6 14 -14 19 -20 25 -25 30 -28 36 -29 41 -29 44 -28 46 -25 48 -3 10 -11 40 -10 34 -8 27 -8 20 -9 12 -12 5 -16 -2 -21 -8 -27 -12 -33 -15 -38 -15 -41 -14 -43 -12 -45 -11 -46 -9 -43 -7 -38 -5 -31 -4 -24 -4 -17 -6 -11 -8 -5 -10 2 -13 6 -18 10 -22 12 -25 14 -26 15 -26 3 -7 0 0 0 0 0 0 0 0 0 0 -1 -5 -1 -18 2 -14 7 -7 12 -1 17 5 23 11 30 16 36 19 41 21 45 22 47 22 48 21 45 18 41 15 35 13 28 11 20 10 12 9 3 11 -5 14 -12 19 -18 24 -22 30 -24 36 -24 40 -24 43 -21 43 -18 42
1786806332.792,3958,256,126 -32 7 0 22 -6 18 -4 14 -2 9 0 5 4 3 9 1 14 1 18 1 22 2 25 3 27 5 28 7 28 8 27 9 24 9 21 7 18 5 15 2 11 -1 7 -4 4 -8 2 -12 1 -15 1 -18 1 -5 0 0 0 0 0 0 0 0 0 0 0 0 0 0 0 0 0 0 0 -2 -1 -6 -4 -4 -7 -2 -12 0 -17 1 -22 1 -26 0 -30 0 -33 -2 -34 -3 -34 -3 -32 -4 -30 -3 -26 -2 -21 -1 -16 1 -11 4 -7 9 -3 14 0 19 2 24 2 28 2 31 1 32 0 32 -1 32 -2 7 -1 26 -4 22 -3 18 -3 13 -1 9 1 4 5 1 9 0 13 -1 18 -1 21 -1 24 0 26 2 27 4 28 5 27 6 24 6 21 5 18 2 15 0 11 -2 7 -5 3 -8 1 -11 0 -14 -1 -17 -2 -18 -2 -19 -2 -5 -1 0 0 0 0 0 0 0 0 0 0 -3 1 -10 4 -8 1 -6 -3 -4 -7 -1 -12 1 -17 2 -21 2 -26 2 -29 2 -32 1 -32 -1 -32 -1 -31 -1 -28 -1 -25 0 -20 0 -16 2 -11 5 -6 9 -2 14 1 18 3 22 4 26 4 29 4 30 2 30 0 29 -2
1786806332.86153,3958,256,126 -32 7 0 22 8 18 6 13 6 7 6 2 7 -3 9 -7 12 -10 15 -12 19 -13 22 -13 25 -12 26 -11 27 -9 27 -7 25 -6 22 -5 19 -5 15 -5 10 -6 5 -6 1 -8 -3 -10 -6 -13 -8 -15 -10 -4 -3 0 0 0 0 0 0 0 0 0 0 0 0 0 0 0 0 0 0 -2 -2 -4 -6 -1 -8 4 -11 8 -15 11 -19 13 -23 15 -27 15 -29 15 -30 14 -30 12 -30 11 -28 9 -24 8 -20 7 -15 6 -9 7 -3 9 2 12 8 15 12 19 15 22 17 25 17 27 17 28 16 28 14 13 5 49 20 40 17 32 14 25 11 14 12 2 14 -7 18 -14 23 -20 29 -23 36 -25 43 -25 48 -24 51 -22 52 -20 51 -16 48 -12 42 -11 36 -12 29 -12 20 -11 10 -12 1 -15 -5 -18 -11 -23 -17 -27 -20 -28 -22 -28 -23 -7 -6 0 0 0 0 0 0 0 0 0 0 -6 -1 -21 -2 -15 -5 -8 -10 0 -15 9 -21 17 -27 22 -34 28 -42 32 -49 33 -53 31 -55 29 -55 26 -55 24 -52 21 -46 18 -37 15 -26 13 -16 14 -5 18 5 23 17 28 26 34 31 41 35 46 34 50 32 51 28 50 23
1786806332.900209,1995,128,112 0 7 0 -26 -4 -25 -5 -25 -7 -25 -7 -24 -4 -22 -4 -20 -4 -21 -3 -22 -1 -21 -1 -19 -2 -18 -1 -19 0 -21 1 -19 1 -18 1 -18 1 -16 1 -15 1 -14 1 -13 1 -12 -1 -13 0 -13 2 -10 1 -2 0 0 0 0 0 0 0 0 0 0 0 0 0 0 0 0 0 0 0 -3 -2 -11 -7 -10 -7 -12 -7 -13 -11 -12 -13 -11 -11 -13 -10 -16 -11 -17 -12 -18 -10 -20 -10 -19 -10 -21 -11 -22 -10 -21 -9 -19 -12 -20 -15 -22 -15 -23 -14 -24 -13 -25 -12 -25 -13 -23 -13 -24 -9 -27 -7 -29 -14
1786806332.939358,1996,128,112 0 7 0 -14 -26 -11 -25 -13 -25 -15 -25 -14 -25 -14 -25 -15 -23 -14 -20 -12 -20 -13 -19 -12 -17 -10 -15 -11 -16 -11 -18 -9 -16 -9 -16 -8 -16 -7 -15 -5 -15 -4 -14 -6 -13 -6 -12 -5 -12 -4 -12 -3 -12 -1 -3 0 0 0 0 0 0 0 0 0 0 0 0 0 0 0 0 0 0 -3 -3 -9 -12 -7 -12 -5 -14 -6 -15 -10 -15 -11 -13 -10 -14 -10 -15 -10 -17 -12 -19 -12 -20 -10 -21 -11 -23 -10 -24 -8 -24 -10 -23 -12 -22 -12 -21 -10 -20 -11 -21 -13 -23 -14 -24 -15 -25 -16 -27 -15 -26 -13 -22
1786806332.9699469,1997,128,112 0 7 0 20 20 20 20 21 19 19 15 17 13 17 13 17 14 16 15 15 14 16 14 18 14 16 13 15 11 15 11 14 11 12 11 10 12 9 13 9 12 8 9 7 8 6 9 4 9 4 8 3 8 1 2 0 0 0 0 0 0 0 0 0 0 0 0 0 0 0 0 0 0 2 0 8 3 9 4 10 5 11 6 11 8 12 9 12 9 13 10 14 9 14 10 15 12 15 13 14 13 15 14 15 16 16 16 19 16 19 16 19 17 19 17 18 18 19 20 19 19 20 18 21 18 20 18
1786806333.005769,149,128,28 -64 1 0 13 -21 10 -17 8 -12 7 -7 7 -2 8 4 9 9 12 13 15 16 17 18 19 19 21 19 22 18 22 18 21 16 19 13 16 11 12 9 8 8 3 7 -1 6 -6 5 -10 6 -13 7 -16 8 -4 2 0 0 0 0 0 0 0 0 0 0 0 0 0 0 0 0 0 0 -1 1 -4 3 -7 0 -10 -4 -14 -8 -19 -11 -22 -13 -26 -15 -28 -16 -30 -16 -31 -16 -30 -14 -28 -12 -24 -10 -20 -9 -15 -8 -9 -7 -4 -7 3 -8 8 -11 13 -13 17 -17 20 -20 21 -23 21 -25 20 -27 17 -27
1786806333.036494,150,128,28 -64 1 0 23 -5 19 -4 14 -3 10 0 5 4 2 8 -1 12 -2 17 -3 21 -3 25 -2 27 -1 29 1 29 2 29 3 27 4 23 3 20 1 16 -1 12 -3 7 -5 4 -8 0 -11 -2 -14 -4 -17 -5 -5 -2 0 0 0 0 0 0 0 0 0 0 0 0 0 0 0 0 0 0 -2 0 -6 -1 -5 -5 -4 -10 -3 -16 -4 -21 -4 -26 -5 -29 -6 -32 -8 -33 -9 -33 -9 -31 -9 -29 -8 -25 -7 -21 -4 -16 -2 -11 2 -7 7 -3 13 0 18 2 23 2 27 2 30 1 32 0 32 -2 32 -3
1786806333.072491,151,128,28 -64 1 0 -19 -15 -16 -13 -12 -11 -6 -9 -1 -8 4 -9 9 -10 13 -12 17 -15 19 -18 20 -20 20 -22 19 -23 18 -24 16 -23 14 -21 12 -18 10 -14 9 -10 7 -5 6 0 6 4 7 8 8 12 8 14 2 3 0 0 0 0 0 0 0 0 0 0 0 0 0 0 0 0 0 0 0 1 2 4 -2 6 -7 8 -12 11 -16 14 -19 18 -22 21 -23 23 -23 24 -22 24 -21 24 -19 23 -16 20 -13 16 -11 11 -9 6 -8 1 -8 -5 -9 -11 -11 -16 -13 -20 -16 -23 -19 -25 -21 -26 -22 -25 -24 -25
1786806333.103102,152,128,28 -64 1 0 -4 -25 -3 -21 -1 -15 2 -11 5 -6 9 -2 13 0 18 2 22 2 25 2 28 1 29 0 29 -1 29 -2 26 -3 23 -3 20 -3 16 -2 11 0 7 2 3 5 0 7 -2 11 -4 14 -6 16 -2 4 0 0 0 0 0 0 0 0 0 0 0 0 0 0 0 0 0 0 -1 1 -2 4 -6 3 -11 2 -17 1 -22 1 -27 1 -30 2 -33 2 -34 3 -34 4 -33 6 -30 6 -26 6 -21 4 -16 2 -11 -1 -7 -4 -3 -9 1 -14 3 -19 4 -24 4 -28 3 -31 2 -33 1 -33 0 -33
1786806333.136433,153,128,28 -64 1 0 5 -24 4 -20 5 -15 5 -9 7 -4 10 1 13 4 16 7 20 9 24 9 26 9 28 9 29 8 28 7 27 5 24 4 20 3 16 3 11 4 6 5 2 6 -2 8 -5 10 -8 13 -10 14 -3 3 0 0 0 0 0 0 0 0 0 0 0 0 0 0 0 0 0 0 -1 1 -5 4 -8 1 -12 -3 -16 -6 -21 -9 -25 -11 -29 -12 -31 -12 -33 -12 -33 -11 -32 -9 -30 -7 -26 -6 -21 -6 -16 -5 -10 -6 -5 -7 1 -10 6 -13 10 -17 13 -21 14 -24 14 -27 14 -30 13 -31 12 -32
1786806333.169715,154,128,28 -64 1 0 -25 -3 -20 -3 -15 -3 -9 -5 -4 -7 0 -10 3 -14 6 -18 7 -22 8 -25 7 -27 7 -28 5 -29 4 -29 3 -27 2 -24 2 -20 3 -16 3 -12 4 -7 5 -3 7 1 10 4 13 6 14 8 3 2 0 0 0 0 0 0 0 0 0 0 0 0 0 0 0 0 0 0 1 0 4 2 2 5 -1 10 -3 15 -4 20 -5 25 -5 29 -5 31 -4 33 -3 33 -2 32 -1 29 -1 25 -1 21 -2 15 -3 10 -6 5 -9 0 -14 -5 -18 -8 -22 -10 -26 -11 -30 -11 -31 -10 -32 -9 -32 -8
1786806333.2029939,820,128,-117 -78 40 0 -22 3 -22 3 -21 4 -21 4 -20 5 -20 5 -20 5 -20 5 -19 6 -19 6 -19 6 -18 6 -18 6 -18 7 -18 7 -17 6 -17 6 -17 6 -16 6 -16 6 -15 6 -15 5 -15 5 -14 5 -14 4 -4 1 0 0 0 0 0 0 0 0 0 0 0 0 0 0 0 0 0 0 -5 1 -18 5 -19 5 -19 5 -20 4 -20 4 -21 4 -22 4 -22 3 -23 3 -23 3 -23 2 -23 2 -23 1 -23 1 -23 1 -23 1 -23 1 -23 2 -23 2 -23 3 -22 3 -22 3 -22 3 -22 3 -22 4 -21 4
1786806333.2336938,157,128,28 -64 1 0 23 -4 19 -3 14 -2 9 1 5 4 1 8 -2 13 -3 17 -3 21 -4 24 -3 27 -2 28 0 28 1 28 2 26 2 22 2 19 0 15 -1 11 -3 6 -5 3 -8 0 -11 -3 -14 -5 -16 -6 -5 -2 0 0 0 0 0 0 0 0 0 0 0 0 0 0 0 0 0 0 -2 0 -6 -1 -4 -5 -3 -11 -3 -16 -2 -21 -3 -26 -4 -29 -5 -32 -6 -33 -7 -33 -8 -31 -8 -29 -7 -25 -5 -20 -4 -16 -1 -11 3 -7 7 -3 13 1 18 3 23 3 27 3 30 3 31 1 32 0 31 -1
1786806333.264265,1998,128,100 64 6 0 26 -4 24 -3 26 0 29 -1 28 -3 25 -3 23 -3 21 -3 22 -5 23 -7 22 -7 20 -5 20 -4 21 -4 21 -4 19 -5 18 -5 18 -2 16 -1 16 -2 15 -3 14 -2 13 0 12 1 11 1 3 0 0 0 0 0 0 0 0 0 0 0 0 0 0 0 0 0 0 0 3 1 12 3 12 1 13 -1 14 0 15 1 16 2 17 5 17 7 18 7 19 6 19 6 19 7 20 6 20 5 21 5 21 4 21 3 22 3 24 3 26 1 27 -1 27 -1 28 1 29 1 31 3 33 5
1786806333.292104,1999,128,100 64 6 0 28 2 26 1 26 0 25 -1 23 -2 22 -1 23 -1 23 -2 22 -3 22 -1 23 0 23 0 22 0 21 0 20 -1 20 -2 17 -1 16 0 15 0 15 1 14 0 14 0 13 1 11 2 10 2 2 0 0 0 0 0 0 0 0 0 0 0 0 0 0 0 0 0 0 0 2 0 10 0 10 1 10 1 12 1 14 2 15 2 15 3 15 1 15 0 16 2 18 2 21 3 21 3 20 4 21 4 23 5 24 6 24 5 24 4 26 2 27 1 28 1 29 3 28 3 29 3 30 2
1786806333.325443,2000,128,100 64 6 0 8 -28 8 -28 9 -26 9 -27 9 -27 7 -25 5 -23 5 -23 5 -23 5 -24 5 -25 4 -24 3 -21 4 -20 7 -20 7 -18 7 -17 6 -16 5 -15 5 -14 5 -13 5 -12 7 -13 7 -12 7 -11 2 -3 0 0 0 0 0 0 0 0 0 0 0 0 0 0 0 0 0 0 0 -3 2 -9 1 -8 2 -10 6 -12 7 -13 6 -14 6 -16 8 -17 7 -18 7 -18 8 -18 10 -18 9 -19 9 -21 10 -21 10 -19 9 -21 10 -24 11 -26 10 -26 10 -27 10 -27 8 -26 8 -26 11 -27 12 -27
1786806333.3587809,158,128,28 -64 1 0 21 11 17 10 12 8 7 7 1 7 -4 9 -8 11 -11 14 -14 17 -16 20 -17 23 -16 25 -15 26 -13 26 -11 24 -9 21 -8 18 -7 14 -7 10 -7 5 -7 0 -8 -4 -10 -7 -12 -10 -13 -12 -4 -3 0 0 0 0 0 0 0 0 0 0 0 0 0 0 0 0 0 0 -2 -1 -4 -5 0 -7 4 -9 9 -12 13 -16 16 -19 18 -23 19 -26 19 -27 18 -28 16 -28 14 -27 12 -24 10 -19 8 -15 7 -9 7 -4 8 2 10 8 12 13 16 17 19 19 22 20 24 21 25 20 25 19
1786806333.3947232,159,128,28 -64 1 0 14 -17 11 -14 9 -10 8 -6 7 -1 7 4 9 8 10 12 13 15 15 17 17 18 19 17 20 17 20 16 20 14 18 11 15 10 11 8 7 7 3 6 0 6 -4 6 -8 7 -11 8 -13 9 -4 2 0 0 0 0 0 0 0 0 0 0 0 0 0 0 0 0 0 0 -2 0 -6 0 -6 -3 -7 -8 -9 -13 -11 -17 -14 -20 -16 -23 -18 -24 -20 -25 -20 -25 -20 -23 -19 -20 -17 -18 -14 -15 -10 -12 -6 -9 -1 -8 4 -7 10 -8 15 -9 19 -11 22 -13 23 -15 24 -17 24 -19 23 -20
1786806333.428086,161,128,28 -64 1 0 -19 16 -16 13 -13 8 -10 4 -8 -1 -8 -7 -8 -12 -10 -16 -12 -20 -14 -22 -16 -24 -18 -24 -20 -23 -21 -22 -20 -20 -18 -17 -16 -14 -12 -12 -8 -10 -4 -8 0 -7 4 -7 8 -7 12 -8 14 -9 3 -3 0 0 0 0 0 0 0 0 0 0 0 0 0 0 0 0 0 0 1 -1 6 -1 6 3 6 9 7 14 9 19 11 23 13 26 16 28 17 29 18 28 18 27 17 24 15 20 12 17 8 13 4 10 -1 7 -7 6 -13 6 -19 7 -23 8 -27 10 -29 12 -30 14 -30 16 -29 16
1786806333.461691,162,128,28 -64 1 0 -22 -13 -18 -11 -13 -9 -7 -8 -2 -8 4 -9 8 -11 12 -14 15 -17 17 -20 18 -22 18 -24 17 -25 15 -25 13 -24 11 -21 9 -18 8 -15 7 -10 6 -5 5 0 6 4 7 7 9 11 10 13 2 3 0 0 0 0 0 0 0 0 0 0 0 0 0 0 0 0 0 0 1 0 3 4 -1 6 -6 9 -10 12 -14 16 -16 20 -18 23 -19 26 -19 28 -18 28 -17 27 -15 26 -13 23 -11 18 -9 13 -8 8 -8 2 -9 -4 -11 -10 -13 -15 -16 -18 -19 -21 -22 -22 -24 -22 -25 -22 -26 -21
1786806333.504312,163,128,28 -64 1 0 -15 -20 -13 -16 -9 -13 -4 -10 1 -8 6 -6 11 -6 16 -7 20 -8 23 -10 25 -12 25 -14 25 -15 23 -16 21 -16 18 -14 15 -13 13 -10 10 -6 7 -2 5 2 3 6 3 10 3 14 3 16 0 4 0 0 0 0 0 0 0 0 0 0 0 0 0 0 0 0 0 0 0 1 0 4 -3 5 -9 6 -14 8 -18 10 -22 12 -25 15 -27 17 -27 18 -27 19 -26 19 -23 18 -20 16 -17 13 -13 9 -10 5 -8 0 -6 -6 -6 -13 -6 -18 -8 -23 -10 -26 -12 -29 -13 -30 -14 -30 -15 -29
1786806333.690649,164,128,28 -64 1 0 -7 -25 -5 -20 -3 -15 0 -11 4 -7 8 -3 13 -1 18 0 22 1 25 0 28 -1 29 -3 29 -4 28 -4 26 -5 23 -5 20 -5 16 -4 12 -1 7 1 3 4 0 7 -2 10 -4 14 -5 16 -2 4 0 0 0 0 0 0 0 0 0 0 0 0 0 0 0 0 0 0 0 1 -1 5 -5 4 -11 3 -16 3 -21 4 -26 5 -30 7 -32 8 -33 9 -33 10 -31 11 -29 11 -25 9 -20 7 -16 4 -11 1 -7 -3 -4 -8 -1 -14 1 -19 1 -25 1 -29 -1 -31 -2 -33 -3 -34 -3 -33
1786806333.7796218,165,128,28 -64 1 0 20 13 17 11 12 9 7 8 1 8 -4 9 -9 11 -12 14 -15 17 -17 20 -17 22 -17 24 -16 25 -14 25 -12 24 -11 21 -9 18 -8 15 -7 10 -7 5 -7 0 -8 -3 -10 -7 -12 -10 -14 -12 -4 -3 0 0 0 0 0 0 0 0 0 0 0 0 0 0 0 0 0 0 -1 -2 -3 -6 1 -7 6 -9 11 -12 15 -15 19 -18 21 -21 23 -24 23 -26 22 -26 20 -26 17 -25 15 -22 13 -18 10 -13 8 -8 7 -3 8 4 9 10 11 15 14 19 17 21 20 23 22 23 24 22 24 21
1786806333.812865,166,128,28 -64 1 0 -23 -6 -19 -5 -14 -5 -9 -5 -3 -7 1 -10 5 -13 8 -17 10 -21 10 -24 10 -27 9 -28 8 -29 7 -29 5 -27 4 -24 4 -20 4 -16 4 -11 5 -6 5 -2 7 2 9 6 12 8 13 10 3 2 0 0 0 0 0 0 0 0 0 0 0 0 0 0 0 0 0 0 1 0 4 3 1 6 -2 10 -5 15 -7 20 -8 24 -9 28 -9 31 -9 32 -8 32 -7 31 -5 28 -5 24 -4 20 -4 14 -5 9 -7 4 -9 -1 -13 -6 -17 -10 -21 -13 -25 -14 -28 -14 -30 -14 -31 -12 -31 -11
1786806333.8446348,167,128,28 -64 1 0 -24 -8 -20 -7 -15 -6 -10 -6 -5 -8 0 -11 4 -14 7 -18 9 -22 10 -25 9 -27 8 -29 7 -29 5 -29 4 -27 3 -24 2 -21 3 -17 4 -13 5 -8 6 -4 8 0 11 3 13 5 15 7 4 1 0 0 0 0 0 0 0 0 0 0 0 0 0 0 0 0 0 0 1 0 3 4 0 6 -5 9 -9 13 -12 17 -14 21 -16 24 -17 27 -16 29 -15 30 -14 29 -12 28 -10 24 -9 20 -8 15 -7 10 -8 4 -10 -2 -12 -7 -16 -11 -20 -15 -24 -16 -27 -17 -29 -17 -30 -16 -30 -14
1786806334.065481,824,128,-117 -78 40 0 -6 -11 -6 -11 -6 -11 -6 -11 -6 -11 -6 -10 -6 -10 -6 -10 -7 -10 -7 -10 -7 -9 -7 -9 -7 -9 -7 -9 -7 -9 -7 -9 -7 -9 -7 -9 -6 -9 -6 -8 -6 -8 -6 -8 -5 -8 -5 -8 -5 -8 -2 -2 0 0 0 0 0 0 0 0 0 0 0 0 0 0 0 0 0 0 -2 -3 -6 -9 -6 -9 -6 -10 -6 -10 -6 -10 -6 -11 -6 -11 -6 -12 -6 -12 -5 -12 -5 -12 -5 -12 -5 -12 -4 -13 -4 -12 -5 -12 -5 -12 -5 -12 -5 -12 -5 -12 -5 -12 -5 -11 -5 -11 -6 -11 -5 -11 -5 -11
1786806334.097923,1808,128,28 -64 1 0 29 -3 28 -5 27 -8 27 -11 26 -13 23 -13 20 -11 18 -10 18 -9 18 -8 18 -3 20 2 24 4 29 5 31 4 34 5 36 5 36 4 35 2 33 2 31 2 28 3 25 5 20 8 16 10 3 2 0 0 0 0 0 0 0 0 0 0 0 0 0 0 0 0 0 0 3 -3 13 -12 12 -11 11 -9 11 -8 9 -8 8 -7 7 -4 7 -1 7 0 7 1 8 3 11 4 12 6 13 7 15 7 17 5 17 3 17 1 18 -1 18 -3 17 -2 16 -1 16 0 18 1 22 2 23 3
1786806334.134041,3084,128,82 32 5 0 16 -20 15 -18 17 -17 18 -17 18 -18 19 -18 17 -17 14 -16 13 -17 12 -17 12 -15 14 -14 14 -15 13 -17 13 -16 12 -13 11 -12 13 -12 13 -12 11 -10 11 -8 9 -8 8 -9 8 -8 8 -7 2 -2 0 0 0 0 0 0 0 0 0 0 0 0 0 0 0 0 0 0 1 -4 4 -12 3 -11 1 -12 2 -12 7 -10 9 -9 8 -9 11 -11 14 -13 16 -15 15 -14 16 -12 17 -13 17 -13 16 -13 18 -16 20 -18 21 -17 22 -17 23 -16 21 -18 21 -20 23 -21 23 -20 23 -17 22 -15
1786806334.16734,168,128,28 -64 1 0 22 8 18 6 12 6 7 6 1 7 -4 9 -8 11 -11 15 -14 18 -15 21 -16 23 -15 25 -13 26 -12 26 -10 25 -8 21 -7 18 -7 14 -7 10 -6 5 -6 0 -7 -4 -9 -8 -11 -11 -13 -13 -4 -4 0 0 0 0 0 0 0 0 0 0 0 0 0 0 0 0 0 0 -2 -1 -5 -4 -1 -7 3 -11 6 -15 9 -20 10 -24 11 -27 12 -30 12 -32 11 -32 10 -31 8 -29 7 -25 6 -21 5 -16 5 -10 6 -4 8 2 11 7 15 11 18 14 22 16 25 17 27 17 28 16 28 15
1786806334.23667,1188,256,54 101 83 0 5 -25 5 -20 5 -15 6 -10 8 -5 10 0 13 4 17 6 21 8 24 9 27 8 28 7 29 5 29 4 27 3 24 2 20 1 16 1 11 2 7 4 3 6 -1 8 -4 11 -6 14 -7 15 -2 4 0 0 0 0 0 0 0 0 0 0 0 0 0 0 0 0 0 0 -2 1 -6 3 -8 0 -11 -5 -15 -9 -19 -12 -23 -14 -26 -15 -29 -16 -31 -16 -32 -15 -31 -13 -28 -11 -25 -10 -20 -8 -15 -7 -10 -7 -4 -8 1 -10 6 -13 10 -17 13 -21 15 -24 15 -27 15 -29 14 -30 13 -31 2 -15 9 -56 7 -47 6 -38 6 -28 8 -19 13 -11 19 -2 27 5 34 9 42 11 48 11 52 10 55 7 56 5 55 2 52 0 47 -1 39 -1 30 0 22 3 15 7 8 11 1 16 -4 22 -7 28 -10 32 -11 34 -13 34 -4 8 0 0 0 0 0 0 0 0 0 0 0 5 2 21 -2 16 -8 9 -14 1 -21 -6 -29 -13 -37 -19 -45 -22 -51 -24 -57 -25 -61 -24 -63 -23 -61 -19 -56 -14 -48 -12 -40 -11 -30 -10 -20 -11 -9 -13 1 -18 10 -26 17 -33 22 -41 24 -49 24 -54 23 -58 20 -59 17 -57
1786806334.300713,1189,256,54 101 83 0 -38 9 -31 7 -24 4 -17 -1 -11 -7 -6 -15 -3 -22 -2 -30 -2 -38 -3 -43 -5 -46 -7 -48 -10 -49 -12 -48 -13 -44 -13 -39 -10 -33 -7 -27 -3 -21 2 -15 6 -9 12 -4 18 -1 24 2 27 3 7 0 0 0 0 0 0 0 0 0 0 0 0 0 0 0 0 0 0 0 2 0 8 2 7 9 5 17 4 26 4 34 5 42 6 48 8 52 10 53 11 53 11 50 11 45 9 39 7 32 4 24 -1 17 -7 10 -15 4 -23 0 -32 -2 -39 -3 -46 -2 -51 -1 -54 1 -54 4 -54 7 -12 2 -43 10 -37 8 -30 6 -23 4 -16 -1 -10 -7 -5 -14 -3 -22 -2 -29 -2 -36 -3 -41 -5 -44 -8 -45 -10 -46 -13 -46 -14 -42 -14 -37 -11 -32 -7 -27 -3 -20 1 -14 6 -8 11 -4 17 -2 23 0 27 2 29 3 29 3 7 0 0 0 0 0 0 0 0 0 0 0 3 -4 12 -11 10 -6 8 1 6 9 4 17 2 25 2 33 2 40 3 46 5 50 6 51 8 50 9 48 8 44 7 38 5 30 2 23 -1 16 -7 10 -15 4 -22 -1 -30 -4 -37 -5 -44 -4 -48 -2 -50 2 -49 5 -46 7
1786806334.333844,1809,128,28 -64 1 0 0 31 3 32 5 32 8 31 9 29 9 26 9 23 8 22 6 21 3 22 0 23 -1 25 -1 27 -2 29 -3 31 -3 32 -2 33 -2 33 -2 32 -2 29 -3 27 -4 25 -6 22 -8 19 -9 16 -3 3 0 0 0 0 0 0 0 0 0 0 0 0 0 0 0 0 0 0 1 2 7 10 8 10 8 10 7 10 6 10 5 10 3 10 1 10 -3 10 -5 12 -6 14 -5 15 -5 15 -5 17 -5 18 -4 20 -4 21 -3 22 -2 21 -1 20 -2 18 -3 19 -3 21 -4 23 -4 24 -5 24
1786806334.367303,170,128,28 -64 1 0 -20 -14 -17 -12 -12 -9 -6 -8 -1 -7 5 -8 10 -9 14 -12 17 -15 19 -17 20 -19 20 -21 20 -22 19 -23 16 -22 14 -19 12 -16 10 -13 8 -9 6 -4 5 1 5 5 5 9 6 13 7 15 1 3 0 0 0 0 0 0 0 0 0 0 0 0 0 0 0 0 0 0 1 0 3 4 0 6 -5 9 -9 13 -12 17 -14 21 -16 24 -17 27 -17 28 -17 29 -15 28 -13 26 -12 23 -10 18 -8 13 -7 7 -7 2 -8 -4 -10 -10 -13 -15 -16 -19 -19 -22 -22 -23 -24 -23 -25 -22 -25 -21
1786806334.400634,171,128,28 -64 1 0 13 20 11 16 7 12 2 10 -3 7 -8 6 -13 6 -18 7 -21 9 -24 11 -26 13 -26 15 -26 16 -24 17 -22 16 -19 15 -16 13 -13 10 -11 6 -9 1 -7 -3 -6 -7 -6 -11 -6 -14 -7 -17 -2 -5 0 0 0 0 0 0 0 0 0 0 0 0 0 0 0 0 0 0 -1 -2 -1 -7 3 -7 9 -7 14 -7 19 -9 23 -11 26 -13 29 -15 30 -16 29 -17 27 -18 24 -17 21 -15 18 -12 14 -8 10 -4 7 1 6 7 5 13 5 19 6 23 8 27 10 29 12 30 13 30 14 29
1786806334.43405,172,128,28 -64 1 0 17 17 14 14 10 11 5 9 -1 8 -6 8 -11 8 -15 10 -19 13 -21 15 -22 17 -23 19 -22 20 -20 21 -18 20 -15 18 -13 16 -12 12 -10 7 -8 3 -7 -1 -7 -5 -7 -9 -9 -13 -9 -15 -3 -4 0 0 0 0 0 0 0 0 0 0 0 0 0 0 0 0 0 0 -1 -2 -2 -5 2 -6 7 -7 12 -9 16 -12 20 -15 23 -17 25 -20 26 -21 25 -22 23 -22 21 -22 18 -19 15 -16 12 -12 9 -7 7 -2 7 4 7 11 8 16 10 21 12 24 15 26 17 27 18 27 19 26
1786806334.467372,175,128,28 -64 1 0 9 -23 7 -19 6 -14 7 -8 8 -3 9 2 12 7 15 10 18 12 21 13 24 13 25 13 26 12 26 11 25 9 22 7 18 6 14 5 10 5 5 5 1 6 -4 7 -7 9 -10 11 -12 13 -3 3 0 0 0 0 0 0 0 0 0 0 0 0 0 0 0 0 0 0 -1 1 -5 3 -7 0 -11 -5 -15 -9 -19 -12 -23 -14 -26 -15 -29 -16 -31 -16 -31 -15 -31 -13 -29 -11 -25 -9 -20 -8 -15 -7 -10 -7 -4 -7 2 -9 8 -12 12 -15 16 -19 18 -22 18 -25 18 -27 18 -28 17 -28
1786806334.503356,176,128,28 -64 1 0 -23 -8 -19 -7 -14 -6 -8 -7 -3 -8 2 -10 5 -13 8 -17 10 -21 11 -24 11 -26 10 -28 8 -29 7 -28 5 -26 3 -23 3 -20 3 -16 4 -11 4 -7 5 -2 7 1 10 4 13 6 15 8 3 2 0 0 0 0 0 0 0 0 0 0 0 0 0 0 0 0 0 0 1 1 3 5 -1 7 -5 10 -9 13 -13 17 -15 21 -17 25 -17 27 -17 29 -16 29 -15 28 -13 26 -11 23 -9 18 -8 13 -8 8 -8 3 -10 -3 -13 -9 -16 -13 -19 -16 -23 -18 -26 -18 -28 -18 -29 -17 -29 -16
1786806334.534063,177,128,28 -64 1 0 -23 -3 -19 -3 -14 -3 -9 -5 -4 -7 1 -10 4 -14 6 -18 8 -22 8 -25 8 -27 7 -29 5 -29 4 -29 2 -27 2 -24 2 -20 2 -16 3 -12 4 -7 5 -2 7 1 10 5 12 7 14 9 3 2 0 0 0 0 0 0 0 0 0 0 0 0 0 0 0 0 0 0 1 0 4 3 2 6 -1 11 -4 16 -5 21 -6 25 -6 28 -6 31 -6 33 -5 32 -4 31 -3 28 -3 24 -3 19 -3 14 -4 9 -7 4 -10 -1 -14 -6 -18 -9 -22 -11 -26 -12 -29 -12 -31 -11 -31 -9 -31 -8
1786806334.567858,178,128,28 -64 1 0 -23 -8 -19 -7 -14 -6 -8 -6 -3 -8 1 -10 5 -13 8 -17 10 -21 11 -24 11 -26 10 -28 9 -28 7 -28 5 -27 4 -23 4 -20 4 -16 4 -11 5 -7 5 -2 7 1 10 4 12 7 14 9 3 2 0 0 0 0 0 0 0 0 0 0 0 0 0 0 0 0 0 0 1 0 3 4 0 7 -4 10 -8 14 -10 18 -12 22 -14 26 -14 29 -14 30 -13 30 -11 30 -10 28 -8 24 -7 19 -6 14 -7 9 -8 3 -10 -2 -13 -8 -16 -12 -20 -15 -24 -16 -27 -17 -29 -16 -30 -15 -30 -14
1786806334.715689,179,128,28 -64 1 0 23 -7 19 -6 14 -3 10 0 6 4 3 8 1 13 0 18 0 22 1 25 2 27 3 28 5 29 6 28 7 26 7 22 5 19 3 15 0 11 -2 7 -5 4 -8 1 -12 -1 -15 -2 -18 -3 -5 -1 0 0 0 0 0 0 0 0 0 0 0 0 0 0 0 0 0 0 -2 0 -6 -1 -5 -6 -4 -11 -4 -17 -5 -22 -5 -26 -6 -30 -8 -33 -9 -34 -10 -33 -11 -32 -11 -29 -9 -25 -7 -21 -5 -16 -2 -11 3 -7 8 -4 14 -1 19 0 24 1 28 0 31 -1 32 -2 33 -4 33 -5
1786806334.7823439,1190,256,-114 -27 88 0 -21 8 -18 6 -14 3 -10 0 -7 -4 -5 -8 -4 -13 -4 -17 -5 -21 -6 -24 -8 -25 -9 -26 -11 -26 -12 -25 -12 -23 -11 -20 -9 -17 -6 -14 -3 -11 -1 -8 2 -6 6 -4 9 -3 13 -3 15 -3 4 -1 0 0 0 0 0 0 0 0 0 0 0 0 0 0 0 0 0 0 1 0 5 1 4 4 3 9 3 14 3 19 4 23 5 26 6 28 8 29 9 29 9 28 9 25 8 22 6 18 4 14 1 10 -4 6 -9 3 -14 1 -18 1 -23 1 -26 2 -29 3 -30 5 -31 6 -30 7 -13 4 -48 15 -41 11 -33 8 -26 5 -19 0 -13 -7 -8 -16 -6 -25 -6 -33 -7 -40 -8 -45 -11 -48 -14 -50 -16 -50 -18 -49 -20 -44 -19 -38 -15 -33 -10 -28 -5 -21 0 -15 5 -10 11 -7 18 -6 25 -5 29 -4 31 -3 32 -3 8 -1 0 0 0 0 0 0 0 0 0 0 4 -4 15 -12 13 -7 10 1 7 10 4 19 2 28 2 37 2 45 4 52 6 57 8 59 10 58 11 55 11 50 9 44 7 36 4 27 -1 19 -7 12 -16 6 -26 1 -34 -1 -43 -2 -51 -1 -55 2 -57 5 -56 8 -53 11
1786806334.843526,2211,256,-114 -27 88 0 4 24 3 20 1 15 -2 10 -6 7 -10 4 -15 2 -19 2 -24 2 -27 4 -29 5 -30 7 -29 8 -28 9 -26 9 -22 9 -19 8 -16 5 -12 2 -9 -1 -7 -5 -5 -8 -4 -12 -3 -16 -3 -18 -1 -5 0 0 0 0 0 0 0 0 0 0 0 0 0 0 0 0 0 0 0 -2 3 -6 6 -4 11 -1 16 1 21 2 25 2 29 2 32 2 34 1 34 0 33 -2 30 -3 26 -3 22 -2 16 -1 11 1 6 4 2 9 -1 14 -3 19 -4 24 -4 28 -3 31 -1 32 0 33 1 32 0 7 1 28 1 23 1 18 0 14 -3 10 -7 6 -10 3 -15 1 -19 0 -23 0 -26 1 -27 3 -28 4 -28 5 -28 6 -26 6 -22 6 -19 6 -15 4 -12 1 -9 -2 -6 -5 -4 -8 -2 -12 -2 -15 -2 -18 -1 -19 -1 -19 -1 -5 0 0 0 0 0 0 0 0 0 0 -1 -3 -3 -11 -1 -9 3 -6 6 -3 10 1 15 3 19 5 24 6 27 6 30 6 32 6 32 5 31 4 28 2 25 1 20 1 15 2 10 2 5 5 1 9 -3 13 -6 18 -7 22 -7 26 -6 29 -5 30 -4 30 -2 28
1786806334.91279,3959,256,118 96 7 0 24 4 20 4 15 4 9 5 4 7 -1 10 -4 14 -6 18 -7 22 -8 25 -7 27 -6 29 -4 29 -2 29 -1 27 0 23 0 20 -1 16 -3 11 -4 7 -6 3 -9 0 -12 -2 -15 -4 -18 -5 -5 -2 0 0 0 0 0 0 0 0 0 0 0 0 0 0 0 0 0 0 -2 -2 -4 -6 -1 -8 3 -11 7 -15 10 -19 12 -23 13 -27 14 -30 13 -32 12 -32 11 -31 9 -29 8 -26 7 -21 6 -16 6 -10 7 -5 9 1 13 6 16 10 21 12 25 14 28 14 30 13 31 12 31 11 13 3 52 15 43 14 35 12 27 10 17 11 6 14 -3 19 -9 26 -14 33 -17 41 -20 48 -19 52 -16 55 -13 56 -10 55 -6 51 -3 44 -4 38 -6 31 -8 22 -9 13 -12 5 -16 -1 -22 -6 -28 -10 -32 -13 -34 -14 -35 -15 -9 -4 0 0 0 0 0 0 0 0 0 0 -6 -1 -22 -2 -17 -5 -9 -10 0 -15 9 -20 17 -27 23 -34 29 -42 32 -49 33 -54 32 -57 30 -57 28 -56 25 -53 22 -46 18 -38 15 -28 14 -18 15 -8 19 3 24 15 30 23 37 28 45 32 50 32 54 29 54 26 53 21
1786806334.976834,3960,256,-114 -27 88 0 -2 -24 -2 -20 0 -15 2 -11 6 -6 10 -3 14 0 18 1 23 1 26 1 28 0 29 -2 30 -3 29 -4 27 -5 24 -5 20 -4 16 -3 12 0 8 3 4 5 1 8 -1 12 -3 15 -4 17 -1 4 0 0 0 0 0 0 0 0 0 0 0 0 0 0 0 0 0 0 -1 1 -4 5 -7 3 -12 0 -17 -2 -22 -3 -27 -4 -30 -4 -33 -4 -34 -3 -35 -3 -33 -1 -30 0 -26 0 -22 -1 -17 -2 -11 -3 -6 -6 -2 -10 2 -15 4 -19 6 -24 6 -28 5 -31 5 -33 3 -34 2 -34 0 -8 0 -28 0 -24 0 -19 1 -14 3 -10 6 -6 10 -2 14 0 18 2 21 2 25 2 27 1 28 -1 28 -2 28 -3 26 -4 23 -4 19 -4 15 -3 11 0 7 2 4 5 1 8 -1 11 -3 14 -4 17 -5 18 -5 18 -2 4 0 0 0 0 0 0 0 0 0 0 0 2 2 10 0 8 -4 5 -7 1 -12 -2 -16 -4 -21 -6 -25 -7 -28 -8 -31 -8 -32 -8 -33 -7 -31 -5 -29 -3 -25 -3 -20 -3 -15 -3 -10 -4 -5 -6 -1 -10 3 -14 6 -18 8 -22 9 -26 8 -28 7 -30 6 -30 4 -29
1786806335.046315,1261,256,-114 -27 88 0 19 16 15 13 11 10 5 8 0 8 -6 8 -10 10 -14 12 -18 15 -20 17 -21 20 -21 21 -20 23 -18 23 -16 22 -14 19 -12 17 -11 13 -9 8 -8 4 -7 -1 -7 -5 -9 -9 -10 -12 -11 -14 -3 -4 0 0 0 0 0 0 0 0 0 0 0 0 0 0 0 0 0 0 -1 -2 -2 -6 2 -7 7 -9 12 -11 16 -14 20 -17 22 -20 24 -22 24 -23 23 -24 22 -24 19 -23 17 -21 14 -17 11 -12 9 -7 8 -2 7 5 8 11 9 16 12 20 15 23 18 25 19 25 20 25 21 24 11 10 42 37 34 31 27 25 20 20 10 16 -2 16 -11 16 -20 18 -28 22 -33 28 -37 34 -39 39 -40 42 -39 44 -36 44 -31 41 -26 37 -23 33 -20 26 -17 17 -15 7 -14 -1 -14 -8 -16 -16 -19 -23 -21 -28 -21 -30 -21 -31 -6 -8 0 0 0 0 0 0 0 0 0 0 -6 -2 -20 -8 -14 -10 -5 -11 5 -13 16 -15 25 -18 33 -23 40 -29 46 -35 49 -39 50 -41 47 -42 44 -43 40 -42 35 -38 29 -30 23 -22 17 -12 14 -2 14 9 15 22 18 32 22 40 27 46 33 48 36 48 38 46 39 41
1786806335.1101198,1191,256,-114 -27 88 0 1 22 1 18 -1 13 -3 8 -6 4 -9 1 -13 -1 -17 -3 -21 -4 -24 -3 -27 -2 -28 -1 -28 0 -27 1 -25 2 -22 2 -19 2 -16 1 -12 -1 -8 -3 -4 -5 -1 -8 1 -10 2 -14 3 -16 1 -4 0 0 0 0 0 0 0 0 0 0 0 0 0 0 0 0 0 0 0 -2 2 -5 5 -4 10 -2 14 0 19 1 23 1 26 1 29 1 30 1 30 0 29 -2 26 -3 23 -2 19 -2 14 -1 9 1 5 4 1 8 -3 12 -5 17 -6 21 -7 24 -6 27 -5 29 -4 29 -3 29 -1 13 -2 50 -2 42 -2 33 -2 25 -6 17 -12 9 -18 2 -25 -4 -32 -7 -39 -7 -44 -6 -49 -5 -51 -3 -52 -1 -52 0 -48 1 -43 3 -36 3 -28 2 -21 -2 -14 -6 -7 -10 -2 -14 2 -19 6 -25 8 -29 9 -31 10 -31 2 -8 0 0 0 0 0 0 0 0 0 0 -3 -5 -8 -18 -2 -15 4 -11 12 -6 20 0 28 4 36 6 44 8 50 9 55 8 57 7 58 6 56 4 51 1 44 1 36 1 27 3 17 5 8 9 1 16 -6 24 -12 32 -15 39 -16 46 -14 50 -13 53 -11 54 -7 52
1786806335.146178,2001,128,124 -64 7 0 -27 11 -25 11 -24 13 -25 15 -25 14 -24 13 -20 13 -19 14 -19 11 -18 9 -17 10 -18 11 -19 11 -18 10 -16 9 -15 9 -15 7 -15 5 -15 6 -14 6 -14 5 -13 3 -12 3 -11 3 -10 3 -3 0 0 0 0 0 0 0 0 0 0 0 0 0 0 0 0 0 0 0 -3 0 -11 4 -13 4 -13 5 -13 5 -14 4 -14 5 -15 7 -18 7 -19 6 -19 5 -19 5 -20 5 -21 6 -22 8 -23 7 -25 7 -25 8 -24 9 -27 10 -28 11 -28 8 -29 6 -28 9 -26 12 -27 12 -27 12
1786806335.1823602,828,128,-117 -78 40 0 -16 15 -15 15 -15 15 -14 15 -14 15 -13 15 -13 15 -12 15 -12 15 -11 15 -11 15 -11 15 -11 15 -11 15 -11 15 -10 15 -10 14 -10 13 -10 13 -9 13 -9 13 -9 12 -9 12 -9 11 -9 11 -3 2 0 0 0 0 0 0 0 0 0 0 0 0 0 0 0 0 0 0 -3 4 -10 16 -11 16 -12 16 -12 16 -13 16 -13 17 -14 17 -15 17 -16 17 -16 17 -17 16 -17 16 -17 16 -17 15 -17 15 -17 15 -17 15 -17 15 -17 15 -16 15 -16 15 -16 15 -16 15 -16 16 -15 16 -15 16
1786806335.215766,186,128,28 -64 1 0 19 -15 15 -12 12 -8 9 -4 7 1 7 6 7 11 8 16 10 19 12 22 14 24 16 24 18 24 18 23 18 21 17 18 14 15 10 13 6 10 2 8 -2 6 -6 5 -11 5 -14 6 -17 6 -5 1 0 0 0 0 0 0 0 0 0 0 0 0 0 0 0 0 0 0 -2 0 -6 0 -6 -5 -7 -10 -8 -15 -9 -20 -11 -25 -13 -28 -15 -30 -16 -31 -17 -30 -18 -28 -17 -25 -15 -22 -12 -18 -8 -14 -4 -11 1 -8 7 -6 13 -6 18 -6 23 -7 26 -9 28 -11 29 -13 29 -15 28 -16
1786806335.246156,187,128,28 -64 1 0 24 2 19 2 14 2 9 3 4 6 0 9 -3 13 -5 18 -6 22 -7 25 -6 27 -5 29 -3 29 -2 29 0 27 1 23 0 20 -1 16 -2 11 -4 7 -6 3 -8 0 -12 -3 -15 -5 -17 -6 -5 -2 0 0 0 0 0 0 0 0 0 0 0 0 0 0 0 0 0 0 -2 -1 -5 -4 -2 -7 1 -11 4 -16 6 -20 8 -25 8 -29 8 -32 8 -33 6 -33 5 -33 4 -30 3 -26 3 -22 3 -16 4 -11 6 -6 9 0 13 4 17 7 21 9 26 10 29 10 31 10 31 9 32 8
1786806335.2768698,2002,128,92 -64 5 0 24 20 21 20 21 18 21 16 21 15 21 15 22 15 23 15 22 13 20 10 18 9 18 10 18 9 17 8 16 8 14 8 13 8 12 9 11 8 10 7 9 6 10 7 10 9 9 9 9 8 2 2 0 0 0 0 0 0 0 0 0 0 0 0 0 0 0 0 0 0 2 1 8 6 6 8 7 8 9 9 11 11 11 13 9 11 10 10 12 13 12 15 10 16 11 16 14 16 15 18 13 20 11 21 11 20 13 19 15 20 17 21 19 22 20 22 20 20 20 20 20 20 21 19
1786806335.31008,2003,128,92 -64 5 0 -5 29 -5 28 -2 28 -1 28 -2 27 -2 25 -1 23 1 23 2 25 2 24 1 22 1 21 0 20 -2 19 -2 20 -2 20 -2 19 -1 18 -1 17 -2 15 -2 13 -1 11 -1 13 -2 13 -3 11 -1 2 0 0 0 0 0 0 0 0 0 0 0 0 0 0 0 0 0 0 -1 1 -2 7 -3 11 -3 13 -2 13 -3 12 -4 13 -5 16 -6 17 -6 18 -6 19 -6 19 -6 21 -7 23 -7 23 -7 22 -6 22 -6 23 -8 25 -8 26 -6 27 -5 26 -7 25 -7 25 -4 28 -4 30 -6 31
1786806335.340689,2004,128,92 -64 5 0 14 28 13 26 13 25 12 24 11 24 12 23 11 21 10 22 10 22 11 20 12 19 12 19 10 20 8 19 7 18 6 17 5 17 5 17 4 17 4 16 4 15 4 15 3 13 2 11 -1 11 -1 2 0 0 0 0 0 0 0 0 0 0 0 0 0 0 0 0 0 0 2 1 10 6 9 6 7 8 6 11 6 12 8 12 9 12 8 12 9 14 12 15 12 15 10 17 10 19 10 19 12 20 11 21 10 22 11 23 12 23 13 23 13 22 12 23 11 24 13 24 13 24 14 24
1786806335.371337,188,128,28 -64 1 0 -22 6 -18 4 -14 2 -10 -1 -6 -4 -4 -8 -2 -13 -2 -17 -2 -21 -3 -24 -4 -26 -6 -27 -7 -26 -8 -26 -9 -24 -8 -20 -7 -17 -5 -14 -2 -11 0 -8 3 -5 6 -3 10 -1 13 -1 15 0 4 0 0 0 0 0 0 0 0 0 0 0 0 0 0 0 0 0 0 0 1 -1 5 1 4 4 3 9 2 14 2 18 3 22 4 26 5 28 6 29 7 29 8 28 8 25 7 22 5 18 3 14 0 10 -4 6 -8 3 -13 1 -18 -1 -22 -1 -26 0 -29 1 -30 2 -30 4 -29 5
1786806335.404563,189,128,28 -64 1 0 -24 7 -20 6 -15 3 -11 0 -7 -5 -4 -9 -3 -14 -3 -19 -3 -23 -4 -27 -5 -28 -6 -29 -8 -29 -10 -29 -10 -26 -9 -23 -8 -20 -5 -16 -3 -12 0 -9 3 -5 7 -3 11 -2 14 -1 17 -1 4 -1 0 0 0 0 0 0 0 0 0 0 0 0 0 0 0 0 0 0 1 0 5 1 4 5 3 10 2 16 3 21 4 26 5 29 6 31 8 32 9 32 9 31 9 28 8 24 6 19 4 15 0 10 -4 6 -9 3 -15 0 -20 -1 -25 -1 -29 0 -32 1 -34 3 -34 4 -33 5
1786806335.4379132,190,128,28 -64 1 0 21 -13 17 -11 13 -7 10 -3 8 2 7 7 7 12 8 16 10 20 12 22 14 24 15 24 17 23 18 22 18 20 16 17 13 14 10 12 6 10 2 8 -2 6 -6 5 -10 6 -14 7 -16 8 -5 2 0 0 0 0 0 0 0 0 0 0 0 0 0 0 0 0 0 0 -2 0 -7 -2 -6 -5 -5 -11 -5 -16 -6 -22 -7 -26 -8 -30 -10 -32 -11 -33 -12 -33 -13 -31 -13 -28 -12 -24 -9 -20 -6 -16 -3 -12 2 -9 8 -7 14 -5 19 -5 24 -5 27 -7 30 -9 31 -11 30 -12 29 -13
1786806335.4684649,191,128,28 -64 1 0 1 24 1 19 -1 14 -3 9 -7 5 -10 1 -15 -2 -19 -3 -23 -4 -27 -3 -29 -2 -30 -1 -30 1 -29 2 -27 3 -24 3 -20 3 -16 1 -12 -1 -8 -3 -4 -6 -1 -9 1 -12 3 -15 4 -17 1 -5 0 0 0 0 0 0 0 0 0 0 0 0 0 0 0 0 0 0 0 -2 2 -5 6 -3 10 -1 16 1 21 2 25 2 29 2 32 2 33 1 33 0 32 -1 29 -2 25 -2 21 -1 15 0 10 1 5 4 1 8 -3 14 -6 19 -7 23 -7 27 -6 30 -6 32 -5 32 -4 32
1786806335.504489,191,128,28 -64 1 0 -13 -22 -10 -19 -7 -15 -2 -11 3 -9 8 -7 12 -7 17 -8 21 -10 24 -12 25 -14 25 -16 24 -17 23 -18 21 -18 18 -16 15 -14 13 -11 10 -7 8 -3 6 2 5 6 6 10 7 13 7 15 1 4 0 0 0 0 0 0 0 0 0 0 0 0 0 0 0 0 0 0 -1 1 -2 5 -6 4 -11 3 -17 3 -22 3 -26 4 -30 6 -32 7 -33 8 -33 9 -31 11 -29 11 -25 10 -21 8 -16 4 -12 1 -9 -3 -6 -9 -4 -15 -3 -20 -4 -25 -6 -29 -8 -31 -10 -32 -11 -32 -11 -31
1786806335.537825,192,128,28 -64 1 0 -25 -3 -20 -3 -15 -4 -10 -5 -5 -7 -1 -10 3 -14 5 -19 6 -22 6 -26 6 -28 5 -30 3 -30 2 -30 1 -28 0 -25 0 -21 1 -17 2 -13 4 -8 5 -4 7 -1 10 2 13 4 15 6 4 1 0 0 0 0 0 0 0 0 0 0 0 0 0 0 0 0 0 0 1 0 4 3 1 6 -2 11 -4 15 -6 20 -7 25 -8 29 -8 32 -7 33 -6 33 -4 32 -4 29 -3 26 -3 21 -3 16 -4 10 -7 5 -10 0 -14 -5 -18 -8 -23 -11 -27 -11 -30 -11 -32 -10 -33 -9 -33 -7
1786806335.57123,193,128,28 -64 1 0 -24 -8 -19 -7 -14 -6 -8 -6 -3 -7 2 -10 6 -13 9 -17 11 -20 12 -24 12 -26 11 -28 10 -28 8 -28 6 -26 5 -23 4 -20 4 -16 4 -11 4 -6 5 -2 7 2 9 5 12 8 13 10 3 2 0 0 0 0 0 0 0 0 0 0 0 0 0 0 0 0 0 0 1 0 4 3 1 6 -3 10 -7 14 -10 19 -12 23 -13 26 -13 29 -13 31 -12 31 -10 30 -9 28 -8 24 -7 19 -6 14 -6 9 -8 4 -10 -2 -13 -8 -16 -12 -20 -15 -24 -17 -27 -17 -29 -17 -30 -16 -30 -14
1786806335.6072462,194,128,28 -64 1 0 -21 -15 -17 -13 -12 -11 -7 -9 -1 -9 4 -9 9 -11 13 -14 16 -17 18 -20 19 -22 18 -24 17 -25 16 -25 14 -24 11 -22 10 -19 9 -15 8 -10 7 -5 6 -1 7 3 8 7 10 10 11 12 3 3 0 0 0 0 0 0 0 0 0 0 0 0 0 0 0 0 0 0 0 1 1 5 -3 6 -8 8 -13 11 -17 13 -21 17 -23 20 -25 22 -25 24 -24 24 -22 24 -20 23 -17 20 -15 16 -12 12 -10 7 -9 1 -9 -5 -10 -12 -12 -17 -14 -21 -17 -24 -20 -25 -22 -26 -23 -25 -24 -24
1786806335.63805,195,128,28 -64 1 0 -9 -23 -7 -19 -4 -15 -1 -11 4 -7 8 -5 13 -3 18 -3 22 -4 26 -5 28 -6 28 -8 28 -9 28 -10 25 -10 22 -10 19 -8 15 -6 11 -3 8 1 4 4 2 7 0 11 -1 15 -1 17 -1 4 0 0 0 0 0 0 0 0 0 0 0 0 0 0 0 0 0 0 0 1 -1 5 -5 4 -11 3 -17 3 -22 4 -26 5 -30 6 -33 8 -34 9 -34 9 -32 10 -29 10 -25 9 -21 7 -16 4 -11 1 -7 -3 -4 -8 -2 -14 -1 -19 -1 -24 -1 -28 -3 -31 -4 -33 -5 -33 -7 -33
1786806335.710125,3962,256,126 -32 7 0 20 -14 17 -11 13 -8 10 -3 8 1 7 7 7 12 8 16 10 20 13 22 15 23 16 23 18 23 19 22 18 20 17 17 14 14 10 12 6 9 2 8 -2 6 -6 6 -10 6 -14 7 -16 8 -5 2 0 0 0 0 0 0 0 0 0 0 0 0 0 0 0 0 0 0 -2 0 -7 -1 -6 -5 -5 -11 -5 -16 -6 -21 -8 -25 -9 -29 -11 -31 -13 -32 -14 -32 -15 -30 -14 -27 -12 -23 -10 -19 -7 -16 -3 -12 1 -9 7 -7 13 -6 19 -6 23 -6 27 -8 29 -10 31 -12 30 -14 29 -15 12 -9 45 -32 38 -26 31 -21 25 -15 20 -7 15 2 14 12 15 23 17 31 21 38 24 42 29 44 32 45 35 44 37 42 37 37 34 31 28 27 20 23 12 18 5 15 -2 12 -10 12 -18 14 -25 15 -30 17 -32 17 -34 16 -9 4 0 0 0 0 0 0 0 0 0 0 -4 4 -16 16 -14 10 -13 0 -11 -10 -10 -20 -10 -30 -12 -40 -15 -48 -18 -55 -22 -59 -25 -60 -26 -59 -27 -56 -26 -51 -23 -45 -19 -37 -13 -30 -5 -22 4 -16 15 -12 26 -11 37 -11 45 -13 52 -16 56 -20 57 -25 55 -28 51 -30
1786806335.743413,196,128,28 -64 1 0 -23 -5 -19 -5 -14 -4 -8 -5 -3 -7 1 -10 5 -13 8 -17 10 -21 10 -24 10 -26 9 -28 8 -29 6 -28 5 -26 3 -23 3 -20 3 -16 4 -11 4 -6 5 -2 7 2 9 5 12 8 13 10 3 2 0 0 0 0 0 0 0 0 0 0 0 0 0 0 0 0 0 0 1 0 4 3 1 6 -2 10 -4 15 -6 20 -8 25 -8 28 -9 31 -8 32 -7 32 -5 31 -5 29 -4 24 -4 20 -4 14 -5 9 -7 4 -10 -1 -13 -6 -17 -10 -22 -13 -26 -14 -29 -14 -30 -13 -31 -12 -31 -11
1786806335.77693,1812,128,28 -64 1 0 -23 13 -23 14 -20 15 -18 16 -18 16 -17 16 -15 15 -15 14 -16 14 -16 13 -17 13 -18 13 -19 14 -20 15 -21 16 -22 17 -22 17 -21 17 -20 16 -19 14 -18 13 -18 11 -19 8 -18 4 -18 2 -5 0 0 0 0 0 0 0 0 0 0 0 0 0 0 0 0 0 0 0 -3 3 -11 15 -10 15 -9 16 -9 16 -10 15 -11 13 -11 11 -11 9 -11 7 -12 5 -14 2 -16 1 -17 1 -19 1 -20 0 -22 1 -23 3 -23 5 -24 6 -25 7 -25 8 -23 8 -22 9 -23 9 -23 10 -21 10
1786806335.8101199,199,128,28 -64 1 0 -24 6 -20 5 -15 2 -11 -1 -7 -5 -4 -9 -2 -14 -1 -19 -2 -23 -3 -26 -4 -28 -6 -29 -7 -29 -8 -29 -9 -27 -8 -23 -7 -19 -4 -16 -2 -12 1 -8 4 -5 7 -3 11 -1 14 0 17 1 4 0 0 0 0 0 0 0 0 0 0 0 0 0 0 0 0 0 0 0 1 -1 5 0 4 4 3 10 3 15 3 20 4 25 5 29 6 31 7 32 9 32 10 30 9 27 8 24 6 19 4 15 1 11 -4 7 -9 3 -14 0 -20 -1 -24 -1 -29 -1 -31 1 -33 3 -33 4 -33 5
1786806335.846206,1813,128,28 -64 1 0 18 -25 15 -26 13 -26 12 -25 10 -23 7 -19 6 -17 6 -15 7 -14 10 -15 13 -15 16 -17 19 -18 20 -20 21 -22 20 -24 20 -26 18 -25 16 -24 15 -23 15 -21 14 -18 13 -14 13 -10 14 -7 3 -2 0 0 0 0 0 0 0 0 0 0 0 0 0 0 0 0 0 0 -1 -5 -4 -18 -2 -17 1 -17 3 -16 3 -15 3 -15 4 -15 6 -14 9 -13 10 -11 11 -10 13 -12 15 -13 16 -13 15 -12 15 -13 16 -14 16 -13 16 -14 17 -14 18 -13 19 -13 20 -14 22 -15 23 -17 21 -20
1786806335.879455,200,128,28 -64 1 0 22 -8 18 -7 14 -4 10 -1 7 3 5 8 3 13 3 18 4 22 5 25 7 27 9 27 10 28 11 27 11 25 11 21 9 18 6 15 3 11 -1 8 -4 5 -8 3 -12 2 -16 2 -18 2 -5 0 0 0 0 0 0 0 0 0 0 0 0 0 0 0 0 0 0 0 -2 0 -6 -1 -5 -5 -3 -11 -2 -16 -2 -21 -3 -26 -4 -30 -5 -32 -6 -34 -7 -34 -8 -32 -8 -29 -7 -25 -6 -21 -4 -16 -1 -12 3 -8 8 -4 13 -2 18 0 23 0 27 -1 30 -2 31 -4 32 -5 31 -6
1786806335.910172,202,128,28 -64 1 0 2 23 2 19 0 14 -2 9 -6 5 -10 1 -14 -1 -19 -2 -23 -3 -27 -3 -29 -2 -30 -1 -31 1 -30 2 -28 3 -25 3 -21 2 -17 1 -12 -1 -8 -4 -4 -6 -1 -9 1 -12 3 -15 5 -17 1 -5 0 0 0 0 0 0 0 0 0 0 0 0 0 0 0 0 0 0 0 -2 1 -6 5 -4 10 -2 16 -1 21 0 26 -1 30 -1 32 -2 34 -3 33 -3 32 -4 29 -5 25 -5 20 -3 15 -2 10 0 5 3 1 8 -2 13 -5 18 -6 23 -6 27 -5 30 -4 32 -3 33 -2 33
1786806335.946152,204,128,28 -64 1 0 -13 -21 -11 -17 -7 -13 -3 -10 2 -8 8 -6 12 -6 17 -6 21 -8 24 -10 26 -12 27 -13 27 -15 25 -15 23 -15 20 -13 17 -12 14 -9 11 -5 8 -1 5 3 3 7 2 11 2 14 2 17 0 4 0 0 0 0 0 0 0 0 0 0 0 0 0 0 0 0 0 0 0 1 0 5 -4 5 -10 6 -15 8 -20 10 -24 12 -27 14 -29 16 -30 17 -29 17 -27 18 -25 17 -22 15 -18 12 -14 8 -10 3 -8 -2 -6 -8 -5 -14 -5 -19 -6 -24 -8 -27 -10 -30 -12 -31 -13 -31 -15 -31
1786806335.9756842,205,128,28 -64 1 0 -24 4 -19 3 -14 1 -10 -2 -6 -6 -3 -10 0 -14 1 -19 1 -23 0 -26 -1 -28 -3 -29 -4 -29 -5 -29 -6 -26 -6 -23 -5 -19 -3 -16 -1 -12 1 -8 4 -4 7 -1 10 0 14 2 16 3 4 0 0 0 0 0 0 0 0 0 0 0 0 0 0 0 0 0 0 0 1 0 5 1 3 5 2 10 1 15 0 20 1 25 1 29 2 31 3 32 4 32 5 31 5 28 4 24 3 19 1 15 -1 10 -5 6 -9 2 -14 -1 -19 -3 -24 -4 -28 -4 -31 -3 -33 -2 -33 0 -32 1
1786806336.03235,206,128,28 -64 1 0 17 16 14 13 9 10 4 8 -2 8 -7 8 -11 9 -15 11 -18 14 -21 17 -21 19 -21 21 -20 22 -18 22 -16 21 -13 19 -12 16 -10 12 -9 8 -8 3 -7 -1 -7 -5 -8 -9 -10 -12 -11 -14 -3 -4 0 0 0 0 0 0 0 0 0 0 0 0 0 0 0 0 0 0 -1 -2 -2 -7 2 -7 8 -9 13 -10 17 -13 21 -15 24 -18 25 -20 26 -21 25 -22 23 -22 20 -22 17 -19 14 -15 11 -10 9 -6 7 0 7 6 8 12 9 17 11 21 14 24 16 26 19 26 20 25 20 25
1786806336.065747,207,128,28 -64 1 0 -11 -22 -9 -18 -6 -14 -2 -10 3 -7 8 -5 13 -5 17 -5 21 -6 25 -8 26 -9 27 -11 27 -13 26 -13 23 -13 21 -12 18 -11 14 -8 11 -4 8 -1 5 3 3 7 2 11 1 15 1 17 0 4 0 0 0 0 0 0 0 0 0 0 0 0 0 0 0 0 0 0 0 1 -1 5 -5 5 -11 5 -16 5 -22 6 -26 8 -29 10 -31 12 -32 13 -31 13 -30 13 -27 13 -23 11 -19 9 -15 6 -11 2 -7 -3 -5 -8 -3 -14 -3 -20 -4 -24 -5 -28 -7 -31 -8 -32 -9 -33 -11 -32
1786806336.096264,2005,128,100 64 6 0 28 16 27 16 25 13 23 13 23 14 22 14 21 12 21 11 20 10 20 9 22 10 22 10 21 8 18 7 18 8 16 9 15 9 16 8 16 8 16 8 14 8 12 7 10 8 8 7 7 6 1 1 0 0 0 0 0 0 0 0 0 0 0 0 0 0 0 0 0 0 0 1 7 6 12 5 12 5 9 4 11 6 14 8 14 8 15 11 15 12 15 12 15 14 16 16 17 18 19 18 20 17 19 15 20 14 21 16 22 17 22 17 24 15 25 16 25 17 24 18 23 19 24 20
1786806336.1323462,2006,128,100 64 6 0 17 -21 15 -23 15 -24 16 -24 16 -23 17 -21 14 -20 11 -19 11 -20 11 -20 12 -19 12 -19 11 -20 11 -19 11 -18 11 -17 10 -15 10 -14 10 -14 11 -12 11 -10 10 -11 9 -11 8 -9 7 -7 1 -2 0 0 0 0 0 0 0 0 0 0 0 0 0 0 0 0 0 0 1 -3 5 -9 8 -8 9 -8 9 -9 10 -11 11 -10 12 -9 11 -10 11 -10 13 -10 14 -13 15 -15 16 -14 16 -13 17 -13 17 -14 17 -16 17 -18 18 -17 19 -16 20 -17 19 -18 19 -20 20 -20 20 -19 22 -19
1786806336.1685052,2007,128,100 64 6 0 21 -24 18 -23 16 -24 15 -23 15 -21 13 -20 11 -21 13 -22 13 -22 13 -21 13 -20 13 -20 12 -19 12 -18 12 -18 12 -18 12 -17 11 -15 11 -13 8 -11 8 -11 10 -11 11 -11 11 -10 10 -9 2 -2 0 0 0 0 0 0 0 0 0 0 0 0 0 0 0 0 0 0 2 -3 10 -9 11 -9 11 -8 9 -7 8 -9 10 -12 11 -16 10 -17 10 -14 13 -15 16 -16 17 -16 16 -16 16 -17 17 -18 18 -20 17 -20 17 -21 19 -21 22 -22 22 -22 21 -23 21 -24 22 -23 21 -22 21 -21
1786806336.1991522,208,128,28 -64 1 0 24 3 19 3 14 3 9 4 4 7 0 10 -3 14 -5 18 -6 22 -7 25 -6 27 -5 29 -4 29 -2 29 -1 27 0 23 -1 20 -2 16 -3 12 -5 7 -6 3 -9 0 -12 -2 -15 -4 -18 -5 -5 -2 0 0 0 0 0 0 0 0 0 0 0 0 0 0 0 0 0 0 -2 -1 -5 -5 -2 -7 2 -11 5 -16 8 -21 9 -25 10 -29 11 -31 10 -33 9 -33 7 -32 5 -30 5 -26 4 -22 4 -17 4 -11 6 -5 9 0 13 5 17 9 21 11 25 12 28 12 30 11 31 9 31 8
1786806336.2324648,832,128,-117 -78 40 0 -23 1 -22 1 -22 1 -21 2 -21 2 -21 3 -21 3 -20 3 -20 3 -20 3 -20 3 -19 4 -19 4 -19 4 -19 4 -19 4 -18 4 -18 4 -17 3 -17 4 -16 4 -16 4 -16 3 -15 3 -15 2 -4 0 0 0 0 0 0 0 0 0 0 0 0 0 0 0 0 0 0 0 -5 1 -18 4 -19 3 -19 3 -20 3 -21 3 -21 2 -22 2 -22 2 -23 1 -23 0 -23 0 -23 -1 -23 -1 -23 -1 -23 -1 -23 -1 -23 -1 -23 -1 -23 0 -23 0 -23 1 -23 1 -23 0 -23 1 -22 1 -22 1
1786806336.265729,209,128,28 -64 1 0 24 2 20 2 15 2 9 3 5 6 0 9 -3 13 -5 17 -7 21 -8 24 -7 27 -6 28 -4 29 -3 29 -2 26 -1 23 -1 20 -2 16 -3 11 -4 7 -6 3 -8 -1 -11 -4 -15 -6 -16 -7 -5 -2 0 0 0 0 0 0 0 0 0 0 0 0 0 0 0 0 0 0 -2 -1 -5 -3 -3 -6 0 -11 3 -15 5 -20 6 -25 6 -29 6 -32 6 -33 5 -34 3 -33 2 -30 2 -27 1 -22 1 -17 2 -12 4 -7 8 -1 12 3 16 7 21 9 25 10 29 10 30 10 31 8 31 7
1786806336.2989922,210,128,28 -64 1 0 16 18 13 15 9 11 4 9 -2 7 -7 7 -12 7 -16 9 -19 11 -22 14 -23 16 -24 18 -23 19 -22 19 -19 19 -17 17 -15 15 -12 11 -10 7 -8 2 -7 -2 -6 -6 -7 -9 -8 -13 -8 -16 -2 -4 0 0 0 0 0 0 0 0 0 0 0 0 0 0 0 0 0 0 -1 -2 -1 -6 2 -6 8 -7 13 -9 17 -11 22 -14 25 -16 26 -18 27 -20 26 -20 24 -21 22 -20 19 -18 16 -15 12 -11 9 -6 7 -1 6 5 6 12 7 17 8 21 11 25 13 27 15 27 16 28 17 27
1786806336.331671,211,128,28 -64 1 0 -19 -15 -15 -13 -11 -10 -5 -8 0 -8 6 -8 10 -9 14 -11 18 -14 20 -16 21 -18 21 -20 20 -21 19 -22 16 -21 14 -19 12 -16 10 -12 8 -8 6 -3 5 1 5 5 5 9 6 13 7 15 1 3 0 0 0 0 0 0 0 0 0 0 0 0 0 0 0 0 0 0 0 1 2 4 -2 6 -7 9 -11 12 -15 15 -18 18 -20 21 -22 24 -22 25 -21 25 -19 25 -17 24 -15 21 -12 16 -10 11 -9 6 -8 0 -8 -6 -9 -12 -11 -17 -14 -21 -16 -24 -19 -25 -21 -25 -22 -25 -23 -24
1786806336.377513,212,128,28 -64 1 0 -34 17 -28 14 -22 9 -17 2 -12 -5 -10 -13 -9 -22 -10 -29 -12 -36 -14 -40 -17 -43 -20 -44 -22 -44 -24 -42 -24 -38 -22 -33 -18 -28 -13 -24 -7 -18 -1 -14 5 -10 11 -7 18 -6 24 -6 28 -5 7 -2 0 0 0 0 0 0 0 0 0 0 0 0 0 0 0 0 0 0 2 -1 9 0 8 7 8 15 9 24 10 32 13 39 15 45 18 49 20 50 21 50 22 47 20 42 18 36 14 30 9 23 3 17 -4 11 -13 7 -22 5 -31 5 -38 6 -44 8 -49 10 -52 13 -53 15 -52 18
1786806336.4583318,2008,128,100 64 6 0 -12 -28 -10 -27 -9 -26 -9 -25 -9 -24 -8 -24 -9 -22 -10 -20 -10 -20 -9 -21 -10 -21 -11 -19 -10 -19 -9 -19 -8 -18 -6 -15 -4 -15 -5 -15 -5 -14 -5 -13 -5 -14 -4 -13 -3 -11 -3 -11 -2 -10 -1 -3 0 0 0 0 0 0 0 0 0 0 0 0 0 0 0 0 0 0 -1 -3 -4 -11 -5 -12 -7 -14 -7 -16 -5 -16 -4 -17 -6 -18 -5 -19 -4 -20 -5 -22 -6 -21 -6 -21 -6 -22 -5 -22 -6 -23 -7 -24 -6 -24 -6 -25 -5 -27 -6 -27 -9 -27 -9 -28 -9 -29 -10 -30 -11 -30 -10 -30
1786806336.4944499,2009,128,100 64 6 0 -5 -31 -3 -30 -2 -30 -4 -30 -5 -30 -5 -29 -5 -29 -5 -27 -4 -25 -3 -26 -5 -25 -6 -24 -5 -24 -4 -23 -3 -21 -3 -19 -3 -19 -4 -19 -3 -19 -1 -17 -1 -16 1 -15 1 -14 2 -11 4 -9 1 -2 0 0 0 0 0 0 0 0 0 0 0 0 0 0 0 0 0 0 1 -2 3 -10 0 -14 -3 -17 -4 -17 -4 -16 -4 -16 -5 -16 -6 -18 -5 -21 -2 -22 -1 -23 -2 -25 -3 -25 -2 -25 -3 -26 -5 -27 -5 -29 -5 -30 -4 -30 -5 -31 -5 -32 -5 -33 -2 -33 0 -33 -1 -35 -1 -36
1786806336.525014,2010,128,100 64 6 0 -2 27 -2 25 0 24 0 23 1 21 2 20 4 21 4 21 3 21 3 21 2 20 2 19 2 18 3 17 2 17 2 16 4 15 3 14 1 11 1 10 1 11 2 12 1 12 0 11 0 9 -1 1 0 0 0 0 0 0 0 0 0 0 0 0 0 0 0 0 0 0 -1 0 -1 4 0 8 1 12 -2 13 -4 14 -4 13 -5 12 -7 13 -8 15 -7 16 -7 16 -8 16 -8 18 -8 20 -7 21 -5 21 -5 21 -7 23 -7 24 -5 23 -3 24 -2 26 -3 25 -4 26 -5 27 -6 26
1786806336.561037,1814,128,28 -64 1 0 18 -18 16 -18 14 -18 13 -17 13 -17 12 -15 12 -13 13 -11 16 -12 18 -13 19 -13 19 -13 21 -14 23 -16 23 -18 22 -19 22 -20 21 -20 20 -17 19 -16 19 -14 19 -11 17 -7 16 -3 15 0 3 0 0 0 0 0 0 0 0 0 0 0 0 0 0 0 0 0 0 0 1 -4 7 -16 7 -15 9 -15 10 -16 10 -17 9 -15 9 -14 8 -12 9 -10 9 -8 10 -6 11 -5 13 -5 14 -4 14 -3 16 -3 19 -3 20 -4 21 -6 22 -7 23 -7 24 -8 23 -10 24 -12 23 -14 19 -14
1786806336.591688,213,128,28 -64 1 0 2 -24 2 -20 2 -15 4 -9 6 -5 10 0 13 3 17 5 21 7 25 7 27 6 29 5 29 4 29 3 27 2 24 1 20 1 16 1 11 2 6 4 2 6 -2 8 -5 10 -7 13 -9 15 -3 4 0 0 0 0 0 0 0 0 0 0 0 0 0 0 0 0 0 0 -1 1 -4 4 -7 2 -12 -2 -17 -4 -21 -6 -26 -7 -30 -8 -32 -8 -34 -7 -34 -6 -33 -5 -30 -3 -26 -3 -21 -3 -16 -3 -11 -4 -5 -6 0 -10 4 -14 8 -18 10 -22 11 -26 11 -29 10 -31 9 -32 8 -32
1786806336.627638,214,128,28 -64 1 0 -17 14 -14 11 -11 8 -9 4 -8 -1 -8 -6 -9 -11 -10 -15 -12 -18 -14 -20 -16 -21 -18 -20 -19 -20 -19 -19 -19 -17 -17 -14 -14 -12 -11 -11 -7 -9 -3 -8 0 -7 4 -6 8 -7 11 -8 13 -8 3 -2 0 0 0 0 0 0 0 0 0 0 0 0 0 0 0 0 0 0 1 -1 5 -2 6 1 7 6 9 11 11 15 13 18 15 21 17 22 19 23 19 23 19 21 18 19 16 16 13 14 9 11 4 8 -1 7 -6 7 -11 7 -16 8 -20 10 -23 12 -25 14 -26 16 -25 18 -23 20
1786806336.6609678,215,128,28 -64 1 0 -8 24 -6 19 -6 14 -7 8 -8 3 -10 -1 -13 -6 -17 -9 -21 -11 -24 -12 -27 -11 -28 -11 -29 -9 -29 -8 -27 -7 -24 -5 -20 -4 -16 -4 -11 -5 -7 -6 -3 -7 1 -9 4 -11 7 -14 8 -15 2 -4 0 0 0 0 0 0 0 0 0 0 0 0 0 0 0 0 0 0 0 -2 3 -5 6 -1 9 3 13 6 17 9 22 11 25 13 28 13 30 13 31 12 30 10 28 8 24 7 20 6 15 5 10 5 4 6 -2 8 -7 11 -11 15 -14 19 -16 22 -16 25 -17 28 -16 29 -15 29
1786806336.6944032,1815,128,28 -64 1 0 -14 24 -13 25 -12 27 -10 28 -8 28 -6 27 -4 25 -5 23 -5 22 -5 22 -6 21 -9 21 -11 21 -12 22 -13 22 -15 23 -15 24 -15 25 -15 25 -15 24 -14 22 -14 20 -14 17 -15 14 -16 12 -4 2 0 0 0 0 0 0 0 0 0 0 0 0 0 0 0 0 0 0 2 4 10 19 9 20 8 19 7 16 8 15 7 14 4 13 2 12 0 10 -3 10 -8 11 -11 13 -14 14 -16 15 -16 17 -16 21 -16 23 -16 24 -14 24 -12 24 -10 24 -9 24 -9 23 -11 22 -13 21 -14 23
1786806336.727802,216,128,28 -64 1 0 -11 21 -9 17 -8 12 -8 6 -8 1 -10 -4 -12 -8 -15 -12 -18 -14 -21 -15 -24 -15 -26 -15 -26 -14 -26 -13 -25 -11 -22 -9 -19 -7 -15 -6 -10 -6 -6 -6 -2 -7 2 -8 6 -10 9 -12 11 -13 2 -4 0 0 0 0 0 0 0 0 0 0 0 0 0 0 0 0 0 0 1 -2 5 -3 7 0 9 4 13 9 16 12 20 15 23 16 26 17 27 17 28 16 27 15 25 12 22 11 18 9 13 8 7 7 1 7 -4 8 -10 10 -14 13 -17 16 -20 19 -20 22 -21 24 -20 25 -19 26
1786806336.761018,218,128,28 -64 1 0 -4 23 -3 19 -4 14 -5 9 -7 4 -10 -1 -14 -5 -18 -7 -22 -9 -25 -10 -28 -9 -29 -8 -30 -7 -30 -6 -28 -5 -25 -3 -21 -3 -17 -3 -12 -4 -7 -6 -3 -7 1 -9 4 -11 7 -14 9 -16 2 -4 0 0 0 0 0 0 0 0 0 0 0 0 0 0 0 0 0 0 0 -2 3 -5 6 -3 10 1 15 3 20 6 25 7 28 7 31 7 33 7 33 6 32 5 29 3 25 2 20 2 15 2 9 3 4 5 -1 8 -6 12 -9 16 -12 20 -13 24 -13 28 -13 30 -12 31 -11 31
1786806336.794324,219,128,28 -64 1 0 -22 9 -17 6 -13 4 -10 0 -7 -4 -4 -9 -3 -14 -3 -19 -4 -23 -5 -26 -6 -28 -8 -28 -9 -28 -10 -27 -11 -25 -10 -22 -8 -19 -5 -15 -2 -11 1 -8 3 -5 7 -2 10 -1 14 1 16 1 4 0 0 0 0 0 0 0 0 0 0 0 0 0 0 0 0 0 0 0 1 -1 5 -1 6 3 6 8 8 13 9 18 11 22 13 25 15 27 16 28 16 28 16 26 15 24 13 21 10 17 6 13 2 9 -3 7 -8 5 -14 3 -19 3 -24 4 -28 5 -31 6 -33 8 -32 11 -30 13
1786806336.825633,220,128,28 -64 1 0 22 8 18 6 13 5 8 6 2 7 -2 9 -6 12 -9 16 -11 20 -13 23 -12 25 -11 27 -10 28 -8 28 -6 26 -5 23 -5 20 -5 16 -5 11 -6 6 -7 2 -9 -2 -11 -5 -14 -8 -16 -9 -4 -3 0 0 0 0 0 0 0 0 0 0 0 0 0 0 0 0 0 0 -2 -1 -4 -5 0 -7 4 -11 8 -14 11 -18 13 -22 15 -26 15 -28 15 -30 14 -31 13 -30 11 -28 10 -25 8 -20 7 -15 6 -10 7 -4 9 1 11 7 15 12 18 15 22 17 25 17 28 17 28 16 29 14
1786806336.859809,2011,128,124 -64 7 0 28 9 26 11 25 10 26 10 25 9 23 7 22 5 21 4 20 5 21 5 21 7 20 6 18 3 17 2 17 5 17 6 14 6 13 6 14 6 14 6 12 5 10 4 8 3 7 3 6 4 1 1 0 0 0 0 0 0 0 0 0 0 0 0 0 0 0 0 0 0 2 0 11 2 11 4 11 4 12 4 14 5 15 6 15 5 16 5 18 6 18 7 18 10 18 10 19 11 21 13 23 12 23 11 24 13 24 14 24 14 24 12 24 12 25 13 26 12 28 9 29 10 28 11
1786806336.890365,2012,128,123 -77 55 0 19 23 18 23 18 21 17 18 16 17 16 17 16 18 16 17 17 15 16 14 13 13 13 12 14 13 15 13 15 12 13 11 10 12 9 12 7 12 6 11 6 9 5 8 4 9 3 10 3 9 0 2 0 0 0 0 0 0 0 0 0 0 0 0 0 0 0 0 0 0 1 0 4 2 7 3 9 6 11 6 12 7 11 9 11 11 12 11 13 12 12 13 13 15 15 17 16 16 16 17 16 19 16 20 16 21 16 21 16 22 18 22 18 21 18 21 21 22 21 22 20 21 20 19
1786806336.929095,2013,128,-113 -13 56 0 -32 -6 -32 -7 -29 -7 -26 -8 -24 -6 -25 -3 -24 -2 -24 -2 -24 -2 -24 -2 -23 -1 -22 -1 -21 -1 -22 0 -22 0 -20 -2 -19 -2 -19 -2 -17 -2 -15 -2 -14 -1 -14 0 -13 0 -13 0 -13 1 -3 0 0 0 0 0 0 0 0 0 0 0 0 0 0 0 0 0 0 0 -4 0 -16 -1 -16 -6 -14 -9 -12 -10 -12 -10 -13 -9 -15 -9 -17 -10 -16 -11 -16 -10 -18 -10 -21 -11 -21 -12 -21 -13 -22 -13 -22 -13 -21 -13 -22 -13 -23 -12 -24 -11 -25 -10 -27 -10 -29 -11 -30 -10 -32 -9 -32 -8
1786806336.965216,2014,128,123 -77 55 0 -27 11 -24 11 -22 12 -22 12 -21 12 -21 10 -22 8 -22 8 -21 9 -19 11 -17 10 -15 7 -15 5 -15 7 -15 8 -15 8 -14 7 -12 6 -12 5 -13 2 -12 0 -11 1 -11 2 -10 1 -10 0 -3 -1 0 0 0 0 0 0 0 0 0 0 0 0 0 0 0 0 0 0 -3 2 -8 8 -7 8 -9 8 -11 8 -12 8 -15 7 -15 6 -15 5 -13 5 -14 7 -15 9 -15 10 -16 11 -19 10 -20 10 -21 12 -22 13 -22 13 -22 12 -23 11 -25 12 -26 12 -26 12 -25 13 -24 14 -25 14
1786806336.995973,221,128,28 -64 1 0 -37 10 -30 8 -24 4 -17 -1 -10 -7 -5 -14 -1 -22 0 -30 0 -37 -1 -42 -2 -45 -5 -48 -7 -49 -8 -48 -9 -45 -9 -39 -7 -34 -4 -27 0 -20 3 -13 7 -7 12 -2 17 2 23 5 26 7 6 2 0 0 0 0 0 0 0 0 0 0 0 0 0 0 0 0 0 0 2 -1 8 0 8 6 7 15 8 24 10 33 12 40 14 46 16 49 17 51 19 50 20 47 18 42 16 36 12 30 8 23 2 16 -5 9 -13 4 -22 1 -31 -1 -38 -2 -45 -1 -49 1 -52 3 -54 6 -54 8
1786806337.03188,222,128,28 -64 1 0 6 -25 5 -20 5 -15 6 -10 8 -6 10 -1 13 3 17 5 21 7 25 7 27 7 28 6 29 4 28 3 27 2 24 1 20 0 16 1 11 2 7 4 3 6 0 8 -2 11 -4 14 -5 16 -2 4 0 0 0 0 0 0 0 0 0 0 0 0 0 0 0 0 0 0 -2 1 -5 3 -7 -1 -10 -5 -13 -10 -17 -13 -20 -16 -24 -18 -27 -18 -29 -19 -30 -18 -29 -16 -28 -14 -24 -12 -20 -10 -15 -8 -10 -7 -5 -8 1 -10 6 -12 11 -16 14 -20 16 -23 16 -27 16 -29 16 -30 14 -30
1786806337.065241,223,128,28 -64 1 0 -16 17 -13 14 -11 10 -9 4 -8 -1 -8 -6 -9 -11 -11 -16 -13 -19 -15 -22 -17 -23 -19 -23 -20 -22 -21 -21 -20 -19 -18 -16 -15 -14 -12 -12 -7 -10 -3 -8 1 -6 5 -6 9 -6 13 -6 15 -6 4 -2 0 0 0 0 0 0 0 0 0 0 0 0 0 0 0 0 0 0 1 -1 4 -3 6 1 8 5 12 10 15 14 18 17 21 19 24 21 25 21 25 20 25 18 23 16 20 14 16 11 11 9 6 7 1 6 -5 6 -11 7 -16 9 -20 11 -23 14 -25 17 -26 19 -26 20 -25 21
1786806337.098658,223,128,28 -64 1 0 17 16 13 13 9 10 4 8 -1 7 -7 7 -11 8 -15 10 -19 12 -22 14 -23 16 -23 18 -22 19 -21 20 -19 19 -16 17 -14 15 -12 11 -10 7 -8 2 -7 -2 -6 -6 -6 -10 -7 -13 -8 -16 -2 -4 0 0 0 0 0 0 0 0 0 0 0 0 0 0 0 0 0 0 -1 -2 -3 -6 1 -7 6 -9 11 -12 15 -15 18 -18 21 -20 22 -22 23 -24 22 -24 21 -24 19 -23 16 -20 13 -16 11 -12 8 -7 7 -2 7 5 7 11 9 16 11 20 14 23 16 25 18 26 20 25 22 24
1786806337.132076,223,128,28 -64 1 0 -16 -19 -13 -16 -9 -13 -4 -10 1 -8 6 -7 11 -8 15 -9 19 -11 22 -13 23 -15 24 -17 23 -18 22 -19 19 -18 17 -17 14 -14 12 -11 10 -7 7 -3 6 1 5 5 5 9 5 13 6 15 1 4 0 0 0 0 0 0 0 0 0 0 0 0 0 0 0 0 0 0 0 1 0 5 -4 5 -9 7 -14 8 -18 10 -22 13 -25 15 -27 17 -27 18 -27 19 -25 20 -23 19 -20 16 -17 13 -13 9 -10 4 -8 -1 -7 -7 -7 -13 -7 -18 -9 -23 -11 -26 -14 -28 -16 -29 -17 -29 -17 -28
1786806337.168046,224,128,28 -64 1 0 -12 21 -10 17 -9 12 -8 7 -9 2 -10 -4 -12 -8 -15 -12 -19 -14 -22 -16 -24 -16 -26 -15 -27 -14 -27 -13 -26 -11 -23 -9 -19 -8 -15 -7 -11 -7 -6 -7 -2 -7 2 -8 5 -10 8 -13 10 -14 2 -4 0 0 0 0 0 0 0 0 0 0 0 0 0 0 0 0 0 0 1 -1 5 -3 7 1 9 6 12 10 16 14 19 17 22 19 25 20 27 20 28 20 27 18 25 15 22 13 18 11 13 9 8 8 2 7 -4 8 -10 10 -15 13 -19 16 -21 19 -22 22 -22 24 -22 26 -21 26
1786806337.206932,2015,128,-113 -13 56 0 -22 -17 -20 -17 -18 -19 -20 -19 -21 -17 -19 -16 -18 -15 -18 -15 -19 -14 -18 -14 -18 -15 -17 -15 -17 -15 -17 -14 -15 -14 -12 -14 -11 -14 -12 -14 -11 -13 -10 -12 -9 -12 -8 -10 -6 -9 -6 -9 -5 -10 -2 -3 0 0 0 0 0 0 0 0 0 0 0 0 0 0 0 0 0 0 -4 0 -11 -2 -7 -5 -7 -6 -9 -9 -10 -10 -11 -10 -12 -12 -11 -13 -11 -13 -15 -12 -16 -12 -16 -14 -16 -16 -16 -17 -16 -15 -14 -15 -16 -16 -19 -17 -20 -19 -20 -21 -20 -21 -22 -19 -23 -17 -23 -19 -23 -20 -24 -18
1786806337.237623,2016,128,123 -77 55 0 14 27 11 27 9 26 11 26 10 25 10 24 12 24 13 24 12 21 13 20 12 19 11 20 10 20 8 17 9 18 9 19 7 17 8 16 8 16 5 15 3 13 3 12 3 12 3 12 2 11 0 2 0 0 0 0 0 0 0 0 0 0 0 0 0 0 0 0 0 0 0 1 2 8 3 9 4 13 5 14 7 13 8 14 6 16 6 15 6 15 6 17 8 19 11 20 11 20 8 21 6 21 5 23 7 25 9 25 10 25 10 24 10 26 14 28 15 27 11 27 7 29 8 29
1786806337.273576,2017,128,-113 -13 56 0 21 -16 22 -14 22 -11 22 -11 23 -13 21 -14 21 -15 21 -15 21 -14 21 -11 18 -10 14 -12 14 -12 15 -10 16 -9 14 -10 13 -11 13 -11 15 -9 14 -8 13 -8 12 -7 11 -5 9 -4 9 -5 2 -2 0 0 0 0 0 0 0 0 0 0 0 0 0 0 0 0 0 0 1 -1 8 -3 11 -5 10 -7 9 -8 11 -8 12 -8 13 -8 12 -9 15 -8 18 -6 17 -8 17 -8 18 -6 18 -6 19 -7 20 -9 22 -9 26 -8 25 -7 24 -9 25 -11 25 -11 25 -12 26 -12 24 -11 20 -13
1786806337.301524,2018,128,123 -77 55 0 25 -1 24 -1 24 -1 23 -1 23 -2 25 -3 24 -2 23 -2 23 -4 22 -3 20 -1 20 -2 19 -3 19 -4 19 -5 19 -3 18 -1 15 -1 14 0 15 0 14 1 12 2 10 2 10 3 10 5 2 1 0 0 0 0 0 0 0 0 0 0 0 0 0 0 0 0 0 0 2 0 8 0 8 -2 10 -1 12 0 14 0 16 1 16 1 16 2 16 3 17 2 19 2 19 4 22 3 23 3 22 3 23 3 24 3 24 2 25 2 24 1 23 1 25 1 27 1 27 0 26 0 27 0
1786806337.337476,225,128,28 -64 1 0 16 17 13 14 9 11 4 9 -1 7 -6 7 -11 7 -16 9 -20 11 -23 13 -24 15 -24 17 -23 18 -22 19 -20 18 -17 16 -15 14 -13 11 -10 6 -8 2 -7 -2 -6 -6 -6 -10 -6 -14 -7 -16 -2 -5 0 0 0 0 0 0 0 0 0 0 0 0 0 0 0 0 0 0 -1 -2 -3 -5 1 -7 7 -8 12 -11 16 -14 20 -17 22 -20 24 -22 24 -23 24 -24 22 -24 20 -23 17 -20 14 -16 11 -12 8 -7 7 -2 6 5 7 11 8 17 10 21 13 24 15 26 17 27 18 27 19 26
1786806337.370829,226,128,28 -64 1 0 19 -16 15 -13 12 -9 10 -4 8 1 7 6 7 11 9 16 11 19 14 21 16 22 18 22 19 22 20 21 20 19 18 16 15 13 11 11 7 9 3 8 -1 6 -6 6 -9 7 -13 8 -15 8 -4 2 0 0 0 0 0 0 0 0 0 0 0 0 0 0 0 0 0 0 -2 0 -7 -1 -6 -5 -6 -10 -7 -16 -8 -21 -10 -25 -12 -28 -14 -30 -16 -31 -17 -31 -18 -29 -17 -26 -15 -22 -12 -19 -9 -15 -4 -11 1 -9 6 -7 13 -6 18 -7 23 -8 27 -10 29 -12 30 -14 29 -16 29 -17
1786806337.404138,227,128,28 -64 1 0 -24 -3 -20 -3 -15 -3 -10 -4 -5 -7 -1 -10 2 -14 4 -18 5 -22 6 -26 5 -28 4 -29 2 -30 1 -30 -1 -28 -1 -25 -1 -21 0 -17 2 -13 3 -8 5 -4 8 0 11 3 14 4 16 6 4 1 0 0 0 0 0 0 0 0 0 0 0 0 0 0 0 0 0 0 1 0 4 3 1 6 -2 10 -5 15 -7 20 -8 24 -9 28 -9 31 -8 33 -7 33 -6 31 -5 29 -4 25 -4 20 -4 15 -4 10 -6 5 -9 -1 -13 -5 -18 -8 -22 -10 -26 -12 -29 -11 -31 -11 -32 -9 -32 -8
1786806337.4320729,836,128,-117 -78 40 0 11 1 11 1 11 1 11 0 11 0 11 0 11 0 10 0 10 -1 10 -1 10 -1 10 -1 10 -1 10 -1 10 -1 10 -1 10 -1 10 -1 9 -1 9 -1 9 -1 8 -1 8 -1 8 -1 8 0 2 0 0 0 0 0 0 0 0 0 0 0 0 0 0 0 0 0 0 0 2 -1 10 -1 10 0 10 0 10 0 11 0 11 1 11 1 12 1 12 2 12 2 12 2 12 3 12 3 12 3 11 3 11 3 11 3 11 2 11 2 11 2 11 2 11 2 11 2 11 1 11 1 11 2
1786806337.470915,2020,128,123 -77 55 0 -30 -6 -29 -7 -28 -6 -27 -4 -26 -5 -26 -6 -26 -5 -25 -5 -23 -4 -23 -4 -24 -3 -24 -2 -21 0 -21 0 -21 -2 -20 -2 -19 -1 -19 -3 -19 -4 -16 -4 -14 -4 -13 -4 -11 -3 -11 -4 -11 -4 -3 -1 0 0 0 0 0 0 0 0 0 0 0 0 0 0 0 0 0 0 -4 -2 -12 -5 -12 -6 -13 -6 -13 -5 -13 -5 -13 -6 -13 -8 -14 -11 -16 -9 -19 -8 -20 -9 -20 -9 -21 -10 -22 -10 -22 -12 -23 -14 -24 -14 -24 -12 -26 -11 -26 -10 -26 -9 -27 -8 -27 -7 -28 -9 -31 -10 -32 -11
1786806337.504297,1816,128,28 -64 1 0 -27 18 -24 20 -20 22 -17 22 -14 21 -11 19 -10 16 -11 13 -13 10 -15 8 -18 8 -21 9 -25 9 -30 11 -32 13 -31 16 -30 17 -29 19 -29 19 -28 17 -26 15 -24 11 -22 7 -20 3 -18 0 -5 -1 0 0 0 0 0 0 0 0 0 0 0 0 0 0 0 0 0 0 -2 4 -4 16 -4 16 -6 14 -7 13 -7 12 -8 10 -11 9 -11 8 -12 5 -14 5 -16 5 -17 4 -18 4 -20 5 -21 6 -21 6 -21 6 -19 6 -19 6 -19 6 -20 4 -22 3 -22 3 -23 4 -25 7 -27 9
1786806337.540311,1817,128,28 -64 1 0 -26 11 -25 15 -23 18 -21 20 -18 21 -16 20 -15 17 -15 14 -15 12 -16 9 -19 7 -21 6 -25 6 -28 6 -31 7 -34 8 -35 9 -34 10 -33 11 -32 10 -30 9 -27 7 -24 3 -21 -1 -20 -4 -5 -2 0 0 0 0 0 0 0 0 0 0 0 0 0 0 0 0 0 0 -3 3 -9 15 -10 14 -9 13 -10 12 -9 10 -8 8 -8 7 -8 5 -10 3 -11 0 -12 -1 -14 -3 -16 -2 -17 -2 -17 -2 -18 -1 -19 0 -19 3 -19 4 -18 4 -18 4 -19 4 -18 5 -19 5 -21 6 -22 6
1786806337.5737011,229,128,28 -64 1 0 15 -20 12 -16 10 -11 8 -6 7 -1 8 4 9 9 11 14 14 17 16 19 18 20 20 20 22 19 22 18 21 16 19 14 16 11 12 9 8 8 3 7 -1 6 -5 6 -9 7 -13 8 -15 9 -4 2 0 0 0 0 0 0 0 0 0 0 0 0 0 0 0 0 0 0 -2 0 -6 1 -7 -3 -9 -8 -11 -12 -14 -17 -17 -20 -20 -23 -23 -24 -24 -24 -25 -24 -25 -22 -24 -19 -21 -17 -17 -14 -12 -11 -7 -9 -2 -8 5 -8 11 -9 16 -11 20 -13 23 -16 25 -19 26 -21 25 -22 24 -22
1786806337.60703,234,128,28 -64 1 0 22 8 18 7 13 6 7 5 2 6 -3 8 -8 11 -11 14 -13 17 -15 20 -16 23 -15 24 -14 25 -12 25 -11 24 -9 21 -8 18 -7 14 -7 10 -6 5 -6 0 -7 -4 -9 -7 -11 -10 -12 -13 -4 -4 0 0 0 0 0 0 0 0 0 0 0 0 0 0 0 0 0 0 -2 -1 -4 -4 -1 -7 2 -11 6 -15 8 -19 10 -23 11 -27 12 -30 11 -31 10 -31 9 -31 7 -29 6 -25 5 -20 5 -15 4 -10 5 -4 8 1 11 7 14 11 18 14 21 16 24 17 26 17 27 16 27 16
1786806337.640337,235,128,28 -64 1 0 -23 -6 -19 -5 -14 -5 -8 -6 -3 -7 2 -9 6 -13 8 -16 11 -20 12 -23 12 -25 11 -27 10 -28 8 -27 6 -26 5 -23 5 -19 4 -15 4 -11 4 -6 5 -2 6 2 8 6 11 9 12 10 3 2 0 0 0 0 0 0 0 0 0 0 0 0 0 0 0 0 0 0 1 0 4 3 1 6 -2 10 -5 15 -7 19 -8 24 -9 28 -9 30 -8 31 -7 31 -6 30 -5 28 -5 24 -4 19 -4 14 -5 9 -6 4 -9 -2 -13 -7 -17 -10 -21 -13 -24 -15 -28 -15 -29 -14 -30 -13 -30 -12
1786806337.7098749,3963,256,118 96 7 0 -10 21 -8 17 -8 12 -8 7 -8 2 -11 -3 -13 -7 -17 -10 -21 -12 -24 -13 -26 -13 -28 -11 -29 -10 -28 -9 -26 -7 -23 -5 -20 -4 -15 -4 -11 -5 -6 -6 -3 -7 1 -9 4 -11 7 -14 8 -15 2 -4 0 0 0 0 0 0 0 0 0 0 0 0 0 0 0 0 0 0 1 -1 6 -3 7 1 9 5 12 10 16 13 19 16 23 18 25 19 26 19 27 18 27 17 24 14 21 12 17 10 12 8 7 7 1 7 -4 9 -10 11 -14 14 -18 17 -19 21 -20 23 -20 26 -19 27 -18 27 -6 13 -22 50 -18 41 -14 32 -13 24 -14 15 -16 5 -20 -5 -25 -13 -32 -18 -39 -21 -44 -22 -48 -21 -51 -20 -53 -17 -54 -15 -52 -12 -45 -9 -37 -8 -28 -7 -20 -8 -12 -10 -5 -13 2 -16 8 -21 12 -26 16 -30 17 -31 17 -32 4 -8 0 0 0 0 0 0 0 0 0 0 0 -6 4 -22 7 -16 11 -8 14 2 18 11 24 19 31 26 38 31 43 35 48 36 51 36 53 35 52 31 47 27 40 23 32 20 24 17 14 15 3 15 -8 18 -18 22 -26 28 -32 35 -36 40 -37 46 -36 50 -32 51 -28 49
1786806337.779331,3963,256,118 96 7 0 -18 13 -15 9 -11 6 -9 2 -8 -2 -7 -7 -7 -11 -9 -15 -11 -18 -13 -21 -15 -22 -16 -21 -17 -21 -18 -20 -18 -17 -16 -15 -13 -13 -10 -11 -6 -9 -3 -7 1 -6 5 -6 8 -6 11 -7 13 -8 3 -2 0 0 0 0 0 0 0 0 0 0 0 0 0 0 0 0 0 0 1 -1 6 0 5 3 5 8 6 13 8 17 9 21 11 23 12 25 14 26 15 26 15 24 14 21 12 18 9 15 6 12 2 9 -3 7 -8 5 -13 5 -17 5 -21 7 -25 8 -26 10 -27 12 -26 14 -24 15 -10 8 -37 31 -32 25 -26 19 -21 13 -17 6 -14 -2 -14 -12 -15 -20 -18 -28 -22 -34 -25 -38 -28 -39 -31 -38 -34 -37 -37 -35 -36 -31 -32 -26 -26 -22 -19 -19 -12 -16 -6 -13 1 -11 8 -11 14 -12 20 -14 25 -16 27 -17 28 -17 7 -5 0 0 0 0 0 0 0 0 0 0 2 -5 11 -17 11 -11 10 -2 10 7 11 16 12 25 15 33 18 40 21 46 24 49 27 50 29 50 28 46 26 41 22 35 18 29 12 23 5 18 -4 14 -14 11 -23 11 -33 12 -40 14 -46 17 -49 22 -50 26 -47 28 -43 29
1786806337.851388,3963,256,118 96 7 0 12 -18 9 -14 8 -10 7 -6 7 -1 8 3 10 8 12 11 15 13 17 15 19 15 21 14 22 13 22 12 21 10 19 8 16 7 12 6 8 5 4 5 0 5 -3 6 -7 8 -9 10 -11 11 -3 2 0 0 0 0 0 0 0 0 0 0 0 0 0 0 0 0 0 0 -2 0 -6 1 -7 -3 -8 -8 -10 -12 -12 -16 -15 -19 -17 -21 -19 -22 -21 -23 -22 -22 -21 -20 -20 -18 -17 -15 -14 -13 -10 -11 -6 -9 -1 -8 4 -8 10 -9 14 -11 18 -13 20 -16 21 -18 21 -20 21 -21 19 -21 7 -11 27 -41 22 -34 18 -27 15 -20 13 -12 13 -2 15 7 18 15 23 22 29 26 33 28 37 28 40 27 43 26 43 24 42 20 38 16 31 13 23 11 15 10 8 10 1 11 -6 13 -12 16 -17 19 -21 22 -23 22 -24 22 -6 5 0 0 0 0 0 0 0 0 0 0 -2 4 -7 18 -9 12 -11 4 -14 -4 -17 -13 -21 -21 -25 -29 -30 -34 -34 -38 -38 -41 -41 -42 -43 -40 -42 -36 -38 -32 -33 -28 -26 -24 -19 -19 -11 -16 -1 -14 9 -15 19 -17 27 -21 33 -25 38 -30 40 -34 40 -39 36 -41 32 -41
1786806337.884746,238,128,28 -64 1 0 21 12 17 10 12 8 6 7 1 8 -4 9 -9 11 -12 15 -15 18 -16 21 -16 23 -16 25 -15 26 -13 26 -11 24 -9 22 -8 18 -8 15 -7 10 -7 5 -7 0 -8 -4 -10 -7 -12 -10 -14 -12 -4 -3 0 0 0 0 0 0 0 0 0 0 0 0 0 0 0 0 0 0 -1 -2 -3 -6 1 -8 5 -10 10 -13 14 -16 17 -20 19 -23 20 -26 20 -27 19 -28 18 -27 16 -26 14 -23 11 -18 10 -14 8 -8 8 -3 9 3 11 10 13 14 16 18 19 20 22 21 24 21 25 20 26 19
1786806337.918123,239,128,28 -64 1 0 -14 17 -12 13 -9 9 -8 5 -8 0 -8 -5 -9 -9 -11 -13 -14 -16 -16 -18 -18 -19 -20 -18 -21 -18 -21 -17 -20 -15 -18 -13 -15 -11 -12 -9 -8 -8 -4 -7 0 -6 4 -6 8 -7 11 -8 13 -9 3 -3 0 0 0 0 0 0 0 0 0 0 0 0 0 0 0 0 0 0 1 -1 4 -3 5 0 7 5 10 9 13 12 16 15 19 17 22 18 23 19 24 18 23 17 22 15 19 12 15 10 11 8 6 7 1 6 -5 7 -10 8 -14 10 -18 12 -21 15 -23 17 -23 19 -22 21 -19 21
1786806337.951394,240,128,28 -64 1 0 -21 9 -17 7 -13 4 -10 1 -7 -3 -5 -8 -5 -12 -5 -17 -6 -21 -7 -23 -8 -25 -10 -25 -11 -25 -12 -25 -12 -23 -11 -20 -9 -17 -6 -14 -3 -11 0 -8 3 -6 6 -4 9 -3 13 -2 15 -2 4 -1 0 0 0 0 0 0 0 0 0 0 0 0 0 0 0 0 0 0 1 -1 5 -1 5 3 5 8 6 12 8 17 9 21 11 24 12 26 14 27 14 26 14 25 14 22 12 20 9 16 6 12 3 9 -2 6 -7 5 -13 3 -18 3 -22 4 -25 5 -28 6 -29 8 -29 11 -27 13
1786806337.982132,241,128,28 -64 1 0 23 -5 19 -4 14 -2 9 1 5 4 1 8 -1 13 -3 18 -3 22 -3 25 -2 28 -1 29 1 29 2 29 3 27 3 23 3 20 1 16 -1 11 -3 7 -5 3 -8 0 -11 -3 -15 -5 -17 -6 -5 -2 0 0 0 0 0 0 0 0 0 0 0 0 0 0 0 0 0 0 -2 -1 -6 -2 -5 -6 -3 -11 -3 -17 -3 -22 -3 -26 -4 -30 -5 -32 -6 -33 -7 -33 -8 -32 -8 -29 -7 -25 -5 -20 -3 -16 0 -11 3 -6 8 -3 13 0 18 2 23 3 28 3 30 2 32 1 32 0 32 -1
1786806338.015309,242,128,28 -64 1 0 24 4 20 4 15 3 9 5 4 7 -1 10 -4 13 -6 18 -8 22 -8 25 -8 27 -6 29 -5 29 -3 29 -2 27 -1 24 -1 20 -2 16 -3 12 -5 7 -6 3 -9 0 -12 -3 -15 -5 -17 -6 -5 -2 0 0 0 0 0 0 0 0 0 0 0 0 0 0 0 0 0 0 -2 -1 -5 -5 -2 -8 2 -12 6 -16 9 -20 11 -24 12 -28 12 -31 11 -32 10 -33 9 -32 7 -30 6 -26 5 -21 5 -16 5 -11 6 -6 9 0 13 5 17 9 21 12 25 13 28 13 30 13 31 11 31 9
1786806338.048613,243,128,28 -64 1 0 12 19 9 16 6 12 2 9 -4 7 -9 5 -13 5 -18 6 -22 7 -25 9 -27 11 -27 12 -27 14 -25 15 -23 14 -20 13 -17 11 -14 8 -11 4 -8 0 -6 -4 -4 -8 -4 -12 -4 -16 -4 -18 -1 -5 0 0 0 0 0 0 0 0 0 0 0 0 0 0 0 0 0 0 -1 -2 -1 -6 3 -6 9 -7 14 -8 19 -9 23 -11 27 -13 29 -15 29 -16 29 -17 27 -17 25 -16 21 -14 18 -11 13 -8 9 -4 7 1 5 7 4 13 4 18 5 23 7 26 8 29 9 31 11 31 13 30
1786806338.081974,244,128,28 -64 1 0 -25 -5 -21 -4 -16 -5 -10 -6 -5 -8 -1 -11 3 -15 5 -19 6 -23 7 -26 6 -28 5 -30 3 -30 2 -30 1 -28 0 -24 0 -21 1 -17 2 -13 3 -8 5 -4 8 -1 11 2 14 3 16 4 4 1 0 0 0 0 0 0 0 0 0 0 0 0 0 0 0 0 0 0 1 0 4 4 0 7 -4 11 -8 15 -10 19 -12 24 -13 27 -13 30 -12 32 -11 32 -10 31 -9 29 -7 25 -7 20 -6 15 -6 10 -7 4 -10 -1 -14 -7 -18 -10 -22 -13 -26 -14 -29 -14 -31 -14 -32 -13 -32 -11
1786806338.1154392,1818,128,28 -64 1 0 -15 27 -12 29 -8 29 -4 27 -2 25 0 22 0 19 -1 16 -3 14 -7 14 -10 15 -13 16 -16 19 -18 22 -19 24 -19 25 -19 26 -18 27 -17 28 -16 26 -16 23 -15 20 -15 15 -16 10 -17 6 -5 1 0 0 0 0 0 0 0 0 0 0 0 0 0 0 0 0 0 0 1 3 6 14 5 14 3 14 1 13 1 11 -1 11 -3 11 -7 12 -9 10 -11 9 -13 10 -14 13 -14 15 -14 15 -12 15 -11 16 -9 16 -9 16 -10 14 -10 12 -11 11 -13 12 -14 13 -15 14 -17 16 -18 20
1786806338.1460009,1819,128,28 -64 1 0 8 26 9 26 11 26 12 25 13 24 13 23 13 23 14 23 14 23 13 23 12 23 12 24 12 26 12 26 12 27 12 28 12 28 12 27 12 26 11 25 9 24 7 24 3 23 0 22 -3 22 -1 5 0 0 0 0 0 0 0 0 0 0 0 0 0 0 0 0 0 0 2 3 10 14 10 15 10 15 9 15 8 15 7 14 7 13 5 13 3 14 1 14 -1 14 -3 14 -5 17 -5 19 -5 20 -5 23 -5 24 -4 25 -2 27 1 27 3 26 3 26 3 27 3 26 5 26 6 28
1786806338.198782,245,128,28 -64 1 0 13 -21 10 -17 9 -12 8 -7 8 -1 8 4 10 9 12 13 16 16 18 17 21 18 23 18 24 17 24 16 22 14 20 12 17 10 13 8 8 7 4 6 -1 6 -5 6 -9 8 -12 9 -14 10 -4 2 0 0 0 0 0 0 0 0 0 0 0 0 0 0 0 0 0 0 -2 0 -6 2 -7 -2 -10 -6 -13 -11 -17 -14 -20 -17 -24 -19 -26 -20 -27 -21 -28 -20 -28 -18 -26 -15 -23 -13 -19 -11 -14 -9 -8 -8 -3 -8 4 -9 10 -10 15 -13 19 -15 21 -19 22 -22 23 -23 22 -25 22 -25
1786806338.266378,840,128,-117 -78 40 0 -3 -12 -3 -12 -3 -12 -3 -12 -3 -11 -3 -11 -4 -11 -4 -11 -4 -11 -5 -11 -5 -11 -5 -11 -5 -11 -5 -10 -4 -10 -4 -10 -5 -10 -5 -10 -4 -10 -4 -9 -4 -9 -4 -9 -4 -8 -4 -8 -4 -8 -1 -2 0 0 0 0 0 0 0 0 0 0 0 0 0 0 0 0 0 0 -1 -3 -4 -11 -4 -11 -3 -11 -3 -12 -3 -12 -3 -12 -3 -13 -3 -13 -2 -13 -2 -13 -2 -13 -2 -14 -1 -14 -1 -13 -1 -13 -1 -13 -1 -13 -1 -13 -1 -13 -2 -13 -2 -13 -2 -13 -2 -12 -2 -12 -2 -12 -2 -12
1786806338.29983,247,128,28 -64 1 0 -16 -19 -13 -16 -9 -12 -4 -9 2 -8 7 -7 12 -7 17 -8 20 -10 23 -12 25 -14 25 -16 25 -17 23 -18 21 -17 18 -16 15 -14 13 -11 10 -7 7 -2 5 2 4 6 4 10 4 14 4 16 1 4 0 0 0 0 0 0 0 0 0 0 0 0 0 0 0 0 0 0 0 1 1 5 -3 6 -9 7 -14 9 -18 11 -22 14 -25 16 -27 18 -28 20 -27 20 -25 20 -23 20 -20 17 -16 13 -13 9 -10 4 -8 -1 -7 -7 -7 -14 -7 -19 -9 -23 -11 -27 -14 -29 -15 -30 -16 -29 -17 -28
1786806338.3358011,248,128,28 -64 1 0 -15 -21 -12 -17 -8 -13 -3 -10 2 -9 7 -8 12 -8 17 -9 21 -11 23 -13 24 -15 25 -17 24 -18 23 -19 20 -18 17 -17 15 -14 13 -11 10 -7 8 -3 6 2 5 5 5 10 6 13 6 16 1 4 0 0 0 0 0 0 0 0 0 0 0 0 0 0 0 0 0 0 0 1 0 6 -4 6 -10 6 -15 7 -20 9 -24 11 -27 13 -30 14 -30 16 -30 17 -28 17 -25 16 -22 14 -19 11 -15 7 -11 3 -9 -2 -7 -8 -6 -14 -6 -20 -8 -24 -10 -28 -12 -30 -14 -31 -15 -31 -16 -30
1786806338.3692532,249,128,28 -64 1 0 -19 -16 -16 -14 -11 -11 -6 -9 -1 -9 5 -9 9 -11 13 -13 17 -16 19 -18 20 -21 20 -23 19 -24 17 -24 15 -23 13 -21 11 -18 10 -14 8 -9 7 -4 7 0 6 4 7 9 9 12 10 14 2 3 0 0 0 0 0 0 0 0 0 0 0 0 0 0 0 0 0 0 0 1 1 4 -3 6 -8 7 -13 10 -17 12 -21 15 -23 18 -25 21 -26 22 -25 23 -23 23 -21 22 -18 19 -15 15 -12 11 -10 6 -8 1 -8 -5 -9 -12 -10 -17 -13 -21 -15 -24 -18 -26 -20 -26 -21 -25 -22 -24
1786806338.4052138,249,128,28 -64 1 0 -13 -22 -11 -18 -8 -14 -3 -11 2 -9 7 -8 12 -8 16 -9 20 -11 23 -13 25 -15 25 -17 24 -18 23 -19 21 -19 18 -17 16 -15 13 -11 11 -7 9 -3 7 2 6 6 6 10 7 14 7 16 1 4 0 0 0 0 0 0 0 0 0 0 0 0 0 0 0 0 0 0 0 1 -1 5 -5 5 -11 4 -16 4 -21 5 -26 6 -29 8 -32 10 -33 11 -33 11 -31 12 -28 12 -25 11 -20 8 -16 5 -12 2 -9 -2 -6 -8 -5 -14 -4 -19 -5 -24 -7 -28 -9 -30 -11 -31 -12 -31 -14 -30
1786806338.4386299,249,128,28 -64 1 0 -13 -23 -11 -19 -7 -15 -3 -12 2 -9 7 -8 12 -8 17 -9 21 -10 24 -12 25 -14 25 -16 25 -17 23 -18 21 -17 18 -16 16 -14 13 -11 11 -7 8 -2 7 2 6 6 6 10 7 13 7 16 1 4 0 0 0 0 0 0 0 0 0 0 0 0 0 0 0 0 0 0 0 1 -2 5 -5 4 -11 4 -16 3 -21 4 -26 5 -29 7 -32 8 -33 10 -33 11 -31 12 -29 12 -25 11 -21 9 -16 6 -12 2 -9 -2 -6 -8 -5 -14 -4 -20 -4 -25 -6 -28 -8 -31 -10 -32 -12 -32 -13 -31
1786806338.471883,249,128,28 -64 1 0 -4 24 -3 19 -4 15 -5 10 -8 5 -11 1 -15 -2 -19 -5 -24 -6 -27 -6 -29 -5 -31 -4 -31 -3 -31 -2 -28 -1 -25 0 -22 0 -17 -1 -13 -3 -9 -5 -5 -7 -1 -10 1 -13 3 -16 4 -18 1 -5 0 0 0 0 0 0 0 0 0 0 0 0 0 0 0 0 0 0 0 -2 3 -5 6 -2 10 1 15 5 20 7 24 8 28 9 31 10 32 9 33 9 32 7 29 5 25 4 21 4 15 4 10 4 5 6 -1 9 -5 13 -9 17 -11 21 -12 25 -12 28 -12 31 -10 32 -8 33
1786806338.5052822,249,128,28 -64 1 0 15 -17 12 -14 10 -10 8 -6 8 -1 8 4 9 8 11 12 14 15 16 16 18 17 20 16 21 16 21 15 20 13 19 11 15 9 12 8 8 7 4 6 0 6 -4 7 -7 8 -10 10 -12 11 -3 2 0 0 0 0 0 0 0 0 0 0 0 0 0 0 0 0 0 0 -2 0 -6 0 -6 -3 -7 -8 -8 -13 -10 -17 -12 -21 -14 -24 -16 -26 -17 -26 -19 -26 -19 -24 -18 -22 -16 -19 -13 -15 -10 -12 -6 -10 -1 -8 5 -7 10 -8 15 -9 19 -10 22 -13 24 -15 24 -17 24 -18 23 -19
1786806338.53871,249,128,28 -64 1 0 19 -15 15 -12 12 -9 10 -4 9 1 8 6 8 11 10 15 12 19 14 21 16 23 18 23 20 22 20 21 19 19 18 17 15 14 11 12 7 10 2 8 -2 7 -6 6 -10 7 -14 8 -16 8 -5 2 0 0 0 0 0 0 0 0 0 0 0 0 0 0 0 0 0 0 -2 0 -6 0 -6 -4 -7 -10 -8 -15 -9 -20 -11 -25 -13 -28 -15 -30 -16 -31 -17 -31 -18 -29 -17 -26 -15 -22 -12 -19 -9 -15 -4 -12 0 -9 6 -7 12 -6 18 -7 22 -8 26 -10 28 -13 29 -15 29 -17 27 -19
1786806338.5747268,249,128,28 -64 1 0 -18 -18 -15 -16 -11 -13 -5 -10 0 -9 5 -9 10 -10 14 -12 17 -15 19 -18 21 -20 21 -22 20 -23 18 -23 16 -22 14 -20 12 -17 10 -14 9 -9 7 -4 6 0 7 4 8 8 9 11 10 13 2 3 0 0 0 0 0 0 0 0 0 0 0 0 0 0 0 0 0 0 0 1 1 5 -3 6 -9 7 -14 8 -19 10 -23 12 -27 15 -28 17 -28 18 -28 19 -26 20 -24 20 -21 17 -17 14 -14 10 -11 5 -9 0 -8 -6 -8 -13 -9 -18 -11 -23 -13 -26 -16 -27 -18 -28 -20 -28 -20 -27
1786806338.605381,2022,128,92 -64 5 0 27 -4 28 -4 27 -4 24 -4 23 -5 22 -6 22 -6 21 -6 22 -7 22 -7 20 -6 18 -8 17 -8 19 -7 20 -6 18 -6 17 -5 16 -4 15 -4 15 -3 13 -2 12 -2 11 -2 10 0 9 1 2 0 0 0 0 0 0 0 0 0 0 0 0 0 0 0 0 0 0 0 3 -1 12 -4 12 -3 11 -2 11 -1 12 -1 13 -1 14 -1 15 -1 17 -1 19 -1 20 -1 21 1 21 1 22 0 23 -1 25 0 26 0 26 0 25 -1 26 -3 27 -4 27 -4 27 -3 29 -5 30 -5 30 -4
1786806338.63857,251,128,28 -64 1 0 9 22 7 18 4 13 0 9 -5 6 -10 4 -14 3 -19 3 -23 4 -26 5 -28 7 -29 8 -29 10 -28 10 -25 10 -22 10 -19 8 -15 6 -12 2 -8 -1 -6 -5 -4 -8 -2 -12 -2 -16 -1 -18 -1 -5 0 0 0 0 0 0 0 0 0 0 0 0 0 0 0 0 0 0 -1 -2 0 -6 4 -6 9 -5 15 -5 20 -6 24 -8 28 -9 30 -11 31 -12 31 -13 29 -14 26 -13 23 -12 19 -9 14 -6 10 -2 7 2 4 8 2 14 1 19 2 24 3 27 5 30 6 31 7 32 8 32
1786806338.672087,252,128,28 -64 1 0 -21 -14 -17 -12 -13 -10 -7 -9 -2 -9 3 -10 8 -13 11 -16 14 -19 15 -22 16 -25 15 -26 14 -27 12 -27 10 -26 8 -23 7 -20 7 -16 6 -11 6 -6 6 -2 8 2 10 5 12 8 14 10 3 2 0 0 0 0 0 0 0 0 0 0 0 0 0 0 0 0 0 0 0 1 1 5 -3 6 -8 8 -13 10 -18 13 -21 16 -24 19 -25 21 -25 23 -24 23 -23 24 -20 23 -18 20 -15 16 -12 11 -10 7 -9 1 -9 -5 -10 -11 -13 -16 -15 -20 -18 -23 -21 -24 -24 -24 -25 -23 -25 -22
1786806338.705409,253,128,28 -64 1 0 21 -12 17 -9 13 -6 10 -2 7 2 5 7 4 13 5 17 6 21 7 24 9 26 10 26 12 26 13 25 13 23 12 20 10 17 7 13 4 10 0 8 -3 5 -7 4 -11 3 -15 3 -18 3 -5 0 0 0 0 0 0 0 0 0 0 0 0 0 0 0 0 0 0 0 -2 0 -6 -1 -6 -5 -5 -11 -5 -16 -6 -21 -7 -25 -9 -29 -11 -31 -12 -32 -13 -32 -14 -30 -13 -27 -12 -24 -9 -19 -6 -15 -3 -11 2 -8 7 -5 13 -3 18 -3 24 -4 28 -5 30 -7 31 -8 31 -9 30 -10
1786806338.7387578,254,128,28 -64 1 0 15 16 12 13 8 11 3 9 -2 8 -8 8 -12 9 -16 11 -20 13 -22 16 -23 18 -22 20 -21 21 -20 22 -17 21 -15 19 -13 16 -11 12 -9 7 -8 2 -7 -2 -7 -6 -8 -10 -9 -14 -10 -16 -3 -4 0 0 0 0 0 0 0 0 0 0 0 0 0 0 0 0 0 0 -1 -2 0 -7 3 -8 9 -8 14 -10 19 -11 23 -13 26 -15 27 -17 28 -18 28 -19 26 -19 23 -18 20 -15 16 -12 13 -8 10 -4 7 1 6 7 6 13 7 18 9 22 12 25 14 27 15 28 17 28 18 27
1786806338.7747252,255,128,28 -64 1 0 13 -20 11 -16 9 -11 8 -6 7 -1 8 4 10 9 12 13 15 16 18 17 21 18 22 18 23 17 24 16 23 14 20 12 17 10 13 8 8 7 3 7 -1 6 -5 7 -9 8 -12 10 -14 11 -4 2 0 0 0 0 0 0 0 0 0 0 0 0 0 0 0 0 0 0 -2 0 -6 1 -7 -3 -10 -8 -12 -13 -15 -17 -18 -20 -21 -23 -23 -24 -25 -25 -26 -24 -25 -22 -23 -19 -20 -16 -16 -13 -11 -11 -6 -9 -1 -8 5 -8 11 -9 16 -11 20 -13 22 -16 23 -19 24 -21 23 -23 23 -23
1786806338.808158,256,128,28 -64 1 0 11 -22 9 -18 8 -13 8 -8 9 -3 10 2 12 7 15 10 19 12 22 13 24 13 26 12 27 11 27 10 25 9 22 7 19 6 15 5 10 5 6 6 1 7 -2 8 -5 11 -8 13 -10 15 -3 3 0 0 0 0 0 0 0 0 0 0 0 0 0 0 0 0 0 0 -2 0 -7 1 -8 -3 -10 -8 -12 -13 -15 -17 -18 -20 -21 -23 -24 -24 -25 -24 -26 -23 -27 -21 -25 -18 -22 -16 -18 -13 -13 -11 -8 -10 -2 -9 4 -10 10 -11 15 -14 18 -17 21 -20 21 -23 21 -25 21 -26 20 -26
1786806338.841325,257,128,28 -64 1 0 -1 23 -1 18 -2 14 -4 9 -7 5 -11 1 -15 -2 -19 -4 -24 -4 -27 -4 -29 -3 -31 -2 -31 0 -30 1 -28 1 -25 2 -21 2 -17 1 -12 -2 -8 -4 -4 -6 -1 -9 1 -12 3 -16 5 -18 1 -5 0 0 0 0 0 0 0 0 0 0 0 0 0 0 0 0 0 0 0 -2 3 -5 6 -3 11 0 16 2 21 4 25 5 29 5 32 5 33 4 33 3 32 2 29 1 25 0 20 1 15 1 9 3 4 5 0 9 -4 13 -7 18 -9 23 -9 26 -9 29 -8 31 -7 32 -6 33
1786806338.874804,258,128,28 -64 1 0 -22 -11 -18 -10 -13 -8 -8 -8 -2 -9 3 -10 7 -13 10 -16 12 -19 14 -22 14 -25 13 -26 12 -27 10 -27 8 -26 7 -23 6 -20 5 -16 5 -11 5 -6 6 -2 7 2 9 5 12 8 14 10 3 2 0 0 0 0 0 0 0 0 0 0 0 0 0 0 0 0 0 0 0 1 2 5 -2 7 -7 9 -11 12 -15 15 -18 19 -20 22 -21 25 -21 26 -20 26 -18 26 -16 25 -14 21 -12 17 -10 12 -8 7 -8 2 -9 -4 -11 -10 -14 -15 -17 -18 -20 -20 -23 -21 -25 -21 -26 -21 -27 -20
1786806338.905437,261,128,28 -64 1 0 22 -7 18 -5 14 -3 10 0 6 4 3 9 2 14 2 18 2 22 3 25 4 27 6 28 8 29 9 28 10 26 9 22 7 19 5 15 2 11 -2 8 -5 5 -8 3 -12 1 -16 1 -19 0 -5 0 0 0 0 0 0 0 0 0 0 0 0 0 0 0 0 0 0 0 -2 -1 -5 -3 -4 -6 -2 -12 -1 -17 -1 -22 -1 -27 -2 -31 -3 -34 -4 -35 -5 -35 -5 -33 -5 -30 -5 -26 -4 -21 -2 -16 0 -12 4 -7 8 -3 14 0 19 1 24 2 28 2 30 1 32 -1 33 -2 32 -4
1786806338.938752,262,128,28 -64 1 0 0 -26 0 -21 1 -16 3 -11 6 -7 10 -3 14 0 19 1 23 1 26 1 28 0 30 -2 30 -3 29 -4 27 -5 23 -5 20 -5 16 -3 12 -1 8 2 5 5 2 8 1 12 -1 15 -1 17 -1 4 0 0 0 0 0 0 0 0 0 0 0 0 0 0 0 0 0 0 -1 1 -5 4 -8 1 -12 -3 -16 -7 -20 -9 -25 -11 -29 -11 -32 -11 -33 -11 -34 -10 -33 -8 -31 -6 -27 -5 -22 -4 -17 -5 -11 -5 -6 -7 -1 -10 4 -15 7 -19 9 -24 10 -27 9 -30 8 -33 7 -33 6 -33
1786806338.974727,2762,128,30 -32 1 0 -16 19 -13 15 -11 10 -9 5 -9 0 -9 -5 -11 -10 -13 -14 -16 -17 -19 -19 -22 -19 -23 -19 -25 -18 -25 -17 -24 -15 -21 -12 -18 -10 -14 -9 -9 -8 -5 -8 -1 -7 3 -8 7 -10 10 -11 12 -12 3 -4 0 0 0 0 0 0 0 0 0 0 0 0 0 0 0 0 0 0 1 -1 5 -2 6 2 7 7 9 12 12 17 14 20 17 23 19 25 21 25 22 25 22 23 21 20 18 17 15 14 10 11 6 9 0 8 -6 7 -12 8 -17 10 -21 12 -24 15 -26 18 -26 20 -26 21 -25 21
1786806339.013613,2025,128,124 -64 7 0 -17 -25 -17 -24 -17 -23 -17 -23 -16 -23 -14 -24 -14 -23 -15 -22 -14 -20 -15 -19 -15 -18 -14 -17 -14 -18 -12 -18 -10 -17 -9 -16 -8 -17 -8 -16 -9 -15 -8 -14 -7 -13 -6 -13 -4 -13 -2 -13 -3 -12 -1 -3 0 0 0 0 0 0 0 0 0 0 0 0 0 0 0 0 0 0 -2 -2 -6 -8 -8 -9 -11 -11 -13 -12 -12 -11 -12 -13 -14 -14 -14 -14 -14 -16 -14 -17 -14 -17 -13 -19 -13 -20 -13 -21 -13 -23 -12 -23 -14 -21 -17 -21 -18 -22 -16 -22 -15 -22 -15 -24 -14 -26 -14 -26 -16 -28 -19 -32
1786806339.052407,1820,128,28 -64 1 0 -32 -4 -32 -1 -31 2 -30 4 -28 6 -24 7 -21 7 -20 6 -20 3 -21 0 -22 -2 -24 -4 -26 -5 -28 -6 -31 -5 -33 -5 -34 -5 -34 -4 -33 -3 -31 -2 -29 -2 -26 -3 -23 -4 -20 -7 -16 -10 -4 -3 0 0 0 0 0 0 0 0 0 0 0 0 0 0 0 0 0 0 -4 1 -14 3 -15 3 -15 2 -15 2 -14 1 -13 -1 -12 -2 -12 -3 -12 -5 -13 -7 -13 -8 -13 -8 -14 -8 -16 -9 -16 -10 -17 -10 -19 -8 -19 -6 -19 -6 -19 -6 -19 -7 -19 -8 -19 -9 -20 -9 -22 -10 -25 -12
1786806339.0859342,1821,128,28 -64 1 0 -26 19 -25 21 -22 22 -20 23 -18 23 -16 22 -14 22 -14 22 -15 21 -16 18 -18 18 -20 19 -21 20 -21 20 -22 22 -24 23 -23 25 -23 25 -22 23 -21 21 -20 20 -20 18 -20 15 -20 10 -20 5 -5 0 0 0 0 0 0 0 0 0 0 0 0 0 0 0 0 0 0 0 -3 2 -10 8 -11 9 -12 9 -12 9 -11 7 -10 6 -10 7 -10 6 -11 4 -12 2 -13 2 -14 1 -16 0 -16 0 -17 1 -19 4 -20 6 -21 6 -20 7 -20 7 -21 8 -20 9 -19 10 -20 11 -22 11 -22 11
1786806339.119256,263,128,28 -64 1 0 -25 -2 -20 -2 -15 -3 -10 -4 -5 -7 -1 -10 2 -14 4 -19 5 -23 6 -26 5 -28 4 -29 2 -30 1 -30 0 -28 -1 -24 -1 -21 0 -17 2 -12 3 -8 5 -4 7 -1 10 2 14 4 16 5 4 1 0 0 0 0 0 0 0 0 0 0 0 0 0 0 0 0 0 0 1 0 4 3 2 6 -1 11 -4 15 -6 20 -7 24 -8 28 -8 31 -7 33 -6 33 -4 32 -3 29 -3 25 -3 20 -3 15 -4 10 -7 5 -10 -1 -14 -5 -18 -8 -23 -10 -27 -11 -30 -11 -32 -10 -33 -9 -32 -8
1786806339.155263,1822,128,28 -64 1 0 1 -31 -2 -32 -3 -31 -5 -31 -6 -30 -7 -28 -7 -26 -7 -24 -6 -24 -5 -24 -3 -24 -1 -26 1 -28 1 -30 1 -32 1 -34 0 -35 0 -34 -1 -32 -1 -30 0 -29 2 -26 5 -22 9 -20 10 -19 2 -5 0 0 0 0 0 0 0 0 0 0 0 0 0 0 0 0 0 0 -1 -4 -4 -16 -4 -15 -3 -15 -2 -16 -2 -15 -2 -14 -2 -14 0 -13 2 -12 3 -12 4 -13 7 -13 8 -14 8 -15 7 -16 7 -18 7 -19 6 -21 6 -21 5 -22 4 -22 3 -23 4 -23 5 -24 6 -24 6 -25
1786806339.188801,1823,128,28 -64 1 0 12 -21 10 -20 9 -19 9 -18 10 -18 11 -18 11 -17 10 -16 11 -16 11 -18 12 -20 14 -21 16 -22 17 -23 16 -24 15 -24 14 -24 14 -23 13 -22 13 -21 14 -19 14 -15 15 -11 17 -8 19 -5 4 -1 0 0 0 0 0 0 0 0 0 0 0 0 0 0 0 0 0 0 2 -4 9 -13 9 -12 11 -12 11 -12 9 -13 8 -14 8 -14 8 -13 8 -11 9 -10 10 -9 10 -8 10 -6 11 -4 13 -3 15 -4 16 -5 18 -6 20 -6 21 -8 21 -11 20 -13 19 -15 18 -17 17 -18 15 -19
1786806339.2247128,1844,128,-113 -15 24 0 -22 -39 -19 -33 -14 -26 -7 -19 -2 -14 2 -10 9 -7 13 -5 18 -3 23 -2 26 -5 27 -6 29 -6 28 -6 25 -7 21 -6 16 -5 15 -4 13 -2 9 1 5 3 2 4 -1 6 -4 9 -5 10 -2 2 0 0 0 0 0 0 0 0 0 0 0 0 0 0 0 0 0 0 1 0 7 0 4 -2 -1 -1 -6 1 -14 2 -22 4 -25 9 -28 13 -29 16 -30 16 -32 19 -31 22 -28 21 -24 20 -19 19 -14 16 -13 10 -11 1 -7 -7 -5 -14 -6 -22 -7 -31 -9 -39 -12 -44 -13 -46 -13 -47
1786806339.255265,1825,128,28 -64 1 0 20 13 23 12 24 11 25 9 25 7 23 5 21 5 20 6 19 5 18 4 16 6 16 8 16 11 17 13 18 15 19 16 20 16 21 16 22 16 22 16 21 16 19 15 18 14 14 14 10 15 2 3 0 0 0 0 0 0 0 0 0 0 0 0 0 0 0 0 0 0 4 -3 17 -9 17 -7 16 -6 15 -6 14 -5 13 -4 10 -2 8 0 7 1 7 3 7 7 7 12 9 14 11 15 13 15 15 16 15 17 16 15 18 13 19 11 20 10 20 11 18 12 18 12 18 12 19 13
1786806339.285954,265,128,28 -64 1 0 -4 -24 -4 -20 -2 -15 1 -10 5 -6 9 -3 14 0 18 1 23 1 26 1 28 -1 30 -2 30 -3 29 -4 27 -5 24 -5 20 -4 16 -3 12 0 7 2 3 5 0 8 -2 11 -4 15 -5 17 -2 4 0 0 0 0 0 0 0 0 0 0 0 0 0 0 0 0 0 0 -1 1 -3 5 -7 4 -12 2 -17 1 -23 0 -27 1 -31 1 -34 2 -35 3 -34 4 -33 5 -30 5 -26 5 -21 3 -16 1 -11 -1 -6 -5 -3 -9 1 -15 3 -20 4 -24 4 -28 3 -32 2 -33 0 -34 -1 -34
1786806339.3192651,266,128,28 -64 1 0 4 -24 4 -20 4 -15 5 -10 8 -5 10 -1 14 3 18 5 22 6 25 6 28 6 29 4 30 3 29 2 27 1 24 0 21 0 16 1 12 3 7 4 3 6 0 8 -3 12 -5 15 -6 16 -2 4 0 0 0 0 0 0 0 0 0 0 0 0 0 0 0 0 0 0 -2 1 -6 3 -9 0 -12 -4 -16 -8 -20 -11 -24 -13 -28 -15 -30 -16 -32 -15 -32 -14 -31 -12 -29 -10 -25 -9 -21 -8 -15 -7 -10 -7 -4 -8 1 -10 6 -14 10 -17 13 -21 14 -25 14 -28 13 -30 13 -32 11 -32
1786806339.3526568,267,128,28 -64 1 0 19 -15 16 -12 12 -8 9 -4 7 1 6 6 6 11 7 16 9 20 11 23 13 24 15 24 16 24 17 23 17 20 15 17 13 15 9 12 5 10 1 7 -2 6 -6 5 -10 5 -14 6 -16 6 -5 1 0 0 0 0 0 0 0 0 0 0 0 0 0 0 0 0 0 0 -2 0 -6 -1 -6 -5 -6 -10 -8 -15 -9 -20 -11 -24 -13 -28 -15 -30 -17 -30 -18 -30 -18 -28 -17 -25 -15 -22 -12 -18 -9 -14 -5 -11 0 -8 6 -6 12 -6 18 -6 23 -7 26 -9 29 -11 30 -13 30 -14 29 -15
1786806339.388561,268,128,28 -64 1 0 -17 15 -14 12 -11 9 -9 4 -9 0 -9 -5 -10 -10 -12 -14 -14 -17 -16 -18 -18 -19 -20 -19 -21 -18 -21 -17 -21 -15 -19 -13 -16 -11 -12 -9 -8 -8 -4 -8 -1 -7 3 -7 7 -8 10 -10 12 -11 3 -3 0 0 0 0 0 0 0 0 0 0 0 0 0 0 0 0 0 0 1 -1 5 -1 5 2 5 7 7 12 8 16 10 20 12 23 14 24 16 25 17 25 17 23 16 21 15 18 12 15 8 12 4 9 0 7 -6 6 -11 6 -16 7 -20 9 -23 11 -25 14 -26 16 -25 17 -23 18
1786806339.41374,844,128,-117 -78 40 0 3 11 3 11 3 10 3 10 3 10 4 10 4 9 4 9 4 9 5 9 5 9 5 9 5 9 5 9 5 8 5 8 5 8 5 8 5 8 4 8 4 7 4 7 4 7 4 7 3 7 0 1 0 0 0 0 0 0 0 0 0 0 0 0 0 0 0 0 0 0 0 2 3 9 3 9 3 10 2 10 3 10 3 11 2 11 2 12 2 12 2 12 1 12 1 12 1 12 1 12 1 12 1 12 1 12 1 12 1 11 2 11 2 11 2 11 2 11 2 11 2 11 2 10
1786806339.4552882,2026,128,96 0 6 0 -24 -19 -23 -19 -22 -20 -21 -19 -21 -17 -20 -16 -19 -15 -19 -16 -19 -17 -19 -15 -19 -13 -18 -12 -17 -12 -17 -13 -16 -13 -14 -14 -13 -14 -13 -13 -12 -12 -12 -12 -11 -12 -10 -11 -9 -10 -8 -9 -7 -10 -2 -3 0 0 0 0 0 0 0 0 0 0 0 0 0 0 0 0 0 0 -2 -1 -7 -4 -10 -7 -10 -7 -9 -7 -11 -9 -11 -11 -12 -14 -14 -15 -14 -14 -14 -13 -15 -15 -16 -16 -16 -16 -18 -15 -19 -16 -20 -18 -20 -18 -19 -17 -19 -19 -18 -20 -19 -20 -21 -21 -22 -21 -21 -21 -20 -22 -22 -23
1786806339.494129,2027,128,96 0 6 0 -28 -17 -27 -15 -26 -13 -25 -13 -23 -13 -22 -13 -22 -13 -23 -12 -22 -11 -21 -10 -20 -9 -19 -10 -20 -11 -20 -10 -20 -9 -17 -10 -15 -10 -13 -10 -11 -10 -12 -11 -12 -11 -11 -9 -9 -9 -8 -9 -8 -7 -2 -2 0 0 0 0 0 0 0 0 0 0 0 0 0 0 0 0 0 0 -3 -1 -12 -3 -12 -3 -12 -4 -14 -4 -15 -4 -15 -5 -17 -6 -19 -7 -18 -8 -18 -9 -18 -8 -19 -6 -20 -8 -21 -9 -21 -10 -22 -11 -23 -13 -23 -13 -24 -13 -25 -12 -27 -12 -28 -12 -27 -12 -28 -11 -29 -12 -29 -12
1786806339.527488,2028,128,96 0 6 0 4 -36 4 -34 6 -31 4 -30 1 -29 1 -28 2 -29 2 -27 1 -26 1 -27 2 -25 3 -23 3 -24 2 -24 2 -22 3 -20 2 -19 2 -17 2 -16 4 -16 4 -15 3 -14 3 -12 3 -11 2 -12 0 -3 0 0 0 0 0 0 0 0 0 0 0 0 0 0 0 0 0 0 0 -3 0 -12 0 -13 2 -13 3 -12 3 -14 2 -17 3 -18 3 -19 4 -21 5 -22 4 -23 4 -23 4 -24 5 -24 4 -27 4 -29 5 -30 5 -32 3 -31 5 -30 7 -30 6 -31 4 -33 4 -34 5 -35 7 -34
1786806339.560807,269,128,28 -64 1 0 21 -11 17 -9 13 -6 9 -2 6 2 4 7 3 12 3 17 4 21 6 24 8 26 9 26 10 26 11 26 12 23 11 20 9 17 6 14 3 10 0 7 -4 4 -8 3 -11 2 -15 1 -17 1 -5 0 0 0 0 0 0 0 0 0 0 0 0 0 0 0 0 0 0 0 -2 0 -6 0 -6 -4 -6 -10 -6 -15 -8 -20 -9 -25 -11 -28 -13 -30 -14 -31 -15 -30 -15 -29 -15 -26 -13 -22 -10 -18 -7 -14 -4 -11 1 -8 7 -5 13 -4 18 -3 23 -4 27 -5 30 -7 31 -9 31 -10 30 -11
1786806339.594223,272,128,28 -64 1 0 -23 -11 -18 -10 -13 -8 -8 -8 -2 -9 3 -10 7 -13 10 -16 12 -20 14 -23 14 -25 13 -27 12 -27 11 -27 9 -26 7 -23 7 -19 6 -16 6 -11 6 -6 6 -2 7 2 9 5 12 8 13 10 3 2 0 0 0 0 0 0 0 0 0 0 0 0 0 0 0 0 0 0 1 1 2 4 -1 6 -6 9 -10 12 -14 16 -17 20 -19 23 -20 26 -19 27 -18 28 -17 28 -15 26 -13 23 -11 18 -9 13 -8 8 -8 2 -9 -4 -12 -10 -14 -14 -17 -18 -21 -20 -24 -21 -26 -21 -27 -20 -27 -19
1786806339.630372,2029,128,100 64 6 0 21 -21 23 -20 24 -19 20 -20 17 -22 17 -20 17 -18 16 -15 14 -15 14 -18 15 -16 15 -13 15 -14 15 -16 14 -15 13 -14 13 -14 12 -13 11 -11 10 -9 10 -7 10 -7 8 -8 7 -9 8 -7 2 -2 0 0 0 0 0 0 0 0 0 0 0 0 0 0 0 0 0 0 2 -2 8 -7 8 -9 10 -11 12 -11 12 -8 13 -9 14 -12 14 -13 15 -11 16 -11 15 -14 15 -14 18 -12 20 -13 21 -15 22 -15 22 -16 23 -18 24 -21 23 -20 22 -18 21 -17 20 -17 21 -19 24 -22 24 -22
1786806339.6636648,2030,128,100 64 6 0 8 -28 7 -27 7 -27 9 -28 11 -28 10 -25 6 -23 4 -23 5 -21 6 -20 4 -19 3 -19 5 -21 7 -22 5 -20 4 -17 5 -15 5 -14 5 -14 4 -14 4 -15 6 -12 6 -11 6 -10 5 -9 1 -3 0 0 0 0 0 0 0 0 0 0 0 0 0 0 0 0 0 0 1 -3 5 -13 3 -15 1 -16 0 -17 2 -17 4 -16 3 -15 4 -16 6 -18 7 -20 8 -22 9 -21 9 -20 9 -21 9 -22 10 -23 11 -26 10 -26 9 -23 9 -22 11 -24 10 -26 8 -28 8 -31 9 -30 10 -27
1786806339.694185,2031,128,100 64 6 0 22 20 21 21 20 21 21 20 20 17 20 16 18 16 16 14 15 12 16 12 16 14 16 14 16 13 16 12 15 13 13 14 12 14 10 13 9 11 7 10 7 9 7 8 7 9 7 9 8 9 2 2 0 0 0 0 0 0 0 0 0 0 0 0 0 0 0 0 0 0 2 2 8 9 7 7 6 8 7 9 11 10 13 12 14 15 14 16 12 14 13 14 14 17 13 18 13 18 12 18 11 19 11 19 14 20 17 20 16 20 15 20 15 21 17 22 18 22 19 23 19 22 18 20
1786806339.727687,273,128,28 -64 1 0 -14 20 -12 16 -10 11 -9 6 -8 0 -9 -5 -10 -10 -13 -14 -16 -17 -19 -19 -21 -19 -23 -19 -24 -19 -24 -18 -23 -16 -21 -13 -17 -11 -13 -10 -9 -9 -5 -8 0 -7 4 -7 8 -8 12 -9 14 -10 3 -3 0 0 0 0 0 0 0 0 0 0 0 0 0 0 0 0 0 0 1 -1 4 -3 6 0 9 5 12 9 16 13 20 15 23 17 25 18 27 18 28 18 27 16 25 13 22 11 18 10 13 8 7 7 1 6 -5 7 -10 9 -15 12 -19 15 -22 18 -23 21 -23 23 -23 24 -22 24
1786806339.763573,274,128,28 -64 1 0 20 14 16 11 12 9 6 8 0 8 -5 8 -9 10 -13 13 -16 16 -17 19 -18 21 -18 23 -17 24 -15 25 -13 23 -11 21 -10 18 -9 14 -8 10 -7 5 -7 0 -8 -4 -10 -7 -12 -10 -13 -12 -4 -4 0 0 0 0 0 0 0 0 0 0 0 0 0 0 0 0 0 0 -1 -2 -2 -6 1 -7 7 -9 12 -11 16 -14 19 -17 21 -20 23 -22 23 -24 22 -25 20 -25 18 -24 16 -21 13 -17 10 -13 8 -8 7 -2 7 4 9 10 11 15 13 19 16 22 19 23 21 24 22 23 23 22
1786806339.7943418,275,128,28 -64 1 0 -24 -4 -19 -4 -14 -4 -9 -5 -4 -7 1 -10 4 -14 7 -18 8 -21 9 -25 9 -27 8 -28 6 -29 4 -28 3 -27 2 -24 2 -20 2 -16 3 -11 4 -6 5 -2 7 1 9 4 12 7 14 9 3 2 0 0 0 0 0 0 0 0 0 0 0 0 0 0 0 0 0 0 1 0 4 3 2 6 -1 10 -4 15 -5 20 -6 24 -7 28 -6 31 -6 32 -5 32 -4 31 -3 28 -3 24 -3 20 -3 14 -4 9 -6 4 -10 -1 -14 -6 -18 -9 -22 -11 -26 -12 -29 -12 -31 -12 -32 -10 -32 -8
1786806339.827619,276,128,28 -64 1 0 -1 -24 0 -19 1 -14 3 -10 6 -5 10 -2 14 1 18 2 22 3 26 3 28 1 29 0 29 -1 29 -3 27 -4 23 -4 20 -4 16 -2 11 0 7 3 3 5 0 8 -2 11 -3 15 -4 17 -2 4 0 0 0 0 0 0 0 0 0 0 0 0 0 0 0 0 0 0 -1 1 -5 4 -8 2 -13 -1 -18 -4 -22 -6 -27 -7 -30 -7 -32 -7 -34 -7 -33 -6 -32 -4 -29 -3 -25 -3 -21 -3 -15 -4 -10 -5 -5 -7 -1 -10 3 -15 6 -19 8 -23 8 -27 8 -30 7 -32 6 -33 5 -33
1786806339.858239,278,128,28 -64 1 0 23 -3 19 -2 14 -1 9 2 5 5 1 9 -1 13 -2 18 -3 22 -3 26 -2 28 -1 29 1 30 2 30 3 27 3 24 2 20 1 16 -1 12 -3 7 -6 3 -9 0 -12 -2 -15 -4 -18 -5 -5 -2 0 0 0 0 0 0 0 0 0 0 0 0 0 0 0 0 0 0 -2 -1 -6 -3 -4 -7 -2 -12 0 -17 1 -22 1 -27 1 -31 0 -34 -1 -35 -2 -35 -3 -33 -3 -30 -3 -26 -2 -21 -1 -16 1 -11 4 -6 9 -2 13 2 18 4 23 5 27 5 30 5 32 4 32 3 32 2
1786806339.8941891,279,128,28 -64 1 0 12 -22 10 -17 8 -13 7 -8 7 -2 9 3 11 8 14 11 17 15 19 17 21 17 23 16 24 15 24 14 23 12 21 10 18 9 13 8 9 7 4 6 0 6 -5 6 -9 8 -12 9 -14 10 -4 2 0 0 0 0 0 0 0 0 0 0 0 0 0 0 0 0 0 0 -1 1 -5 3 -7 -1 -10 -5 -14 -9 -18 -12 -22 -14 -26 -16 -28 -17 -30 -17 -31 -17 -30 -16 -27 -14 -24 -12 -19 -10 -15 -8 -9 -7 -3 -8 3 -9 8 -11 13 -14 17 -17 19 -21 21 -24 21 -26 19 -28 16 -28
1786806339.9329941,915,128,82 32 5 0 -11 -28 -11 -28 -11 -28 -11 -27 -10 -27 -9 -23 -9 -21 -10 -21 -10 -20 -11 -21 -12 -21 -11 -19 -9 -19 -8 -19 -9 -18 -9 -17 -7 -16 -6 -16 -7 -15 -6 -14 -4 -13 -4 -13 -4 -12 -3 -12 -3 -14 -1 -4 0 0 0 0 0 0 0 0 0 0 0 0 0 0 0 0 0 0 -3 -3 -8 -10 -6 -11 -8 -13 -8 -15 -6 -15 -6 -15 -5 -16 -5 -19 -5 -21 -5 -21 -8 -22 -9 -23 -9 -24 -7 -25 -5 -25 -5 -26 -7 -25 -8 -25 -7 -28 -8 -30 -9 -29 -10 -28 -9 -28 -9 -26 -10 -27 -13 -31
1786806339.963736,915,128,82 32 5 0 29 -8 28 -8 27 -8 26 -9 25 -9 22 -9 22 -8 22 -8 21 -8 20 -8 18 -7 18 -7 20 -6 19 -7 17 -9 17 -10 16 -8 13 -5 13 -4 14 -5 13 -4 12 -3 10 -2 9 -2 8 -1 1 0 0 0 0 0 0 0 0 0 0 0 0 0 0 0 0 0 0 0 3 -1 12 -2 14 -5 14 -6 12 -5 11 -5 13 -5 15 -3 16 -3 19 -5 22 -5 23 -4 23 -4 24 -5 24 -5 23 -5 24 -4 26 -3 26 -3 25 -4 27 -4 29 -5 29 -6 29 -7 29 -7 27 -7 25 -7
1786806339.997088,280,128,28 -64 1 0 8 -21 7 -17 6 -13 6 -8 7 -3 9 1 11 5 14 8 17 10 20 12 22 12 23 11 24 10 24 9 23 8 20 6 17 5 13 5 9 5 5 5 1 6 -2 7 -6 9 -8 11 -10 12 -3 3 0 0 0 0 0 0 0 0 0 0 0 0 0 0 0 0 0 0 -1 1 -5 3 -7 0 -10 -4 -14 -8 -17 -10 -21 -12 -24 -13 -27 -14 -28 -14 -29 -14 -28 -13 -26 -11 -23 -9 -19 -8 -14 -7 -9 -7 -4 -7 1 -9 6 -11 11 -14 14 -18 15 -21 16 -24 16 -26 14 -27 11 -27
1786806340.030269,281,128,28 -64 1 0 -1 -25 0 -20 1 -15 3 -10 6 -5 9 -1 13 2 17 4 21 5 24 5 27 4 28 3 29 2 28 1 26 1 23 0 19 -1 15 0 11 1 6 3 2 5 -1 7 -4 10 -6 13 -7 15 -2 3 0 0 0 0 0 0 0 0 0 0 0 0 0 0 0 0 0 0 -1 1 -4 4 -7 2 -12 0 -17 -2 -22 -3 -27 -3 -30 -3 -33 -2 -34 -2 -34 -1 -32 0 -30 1 -26 1 -21 1 -16 -1 -11 -3 -6 -5 -1 -10 3 -14 6 -19 7 -24 8 -28 7 -30 6 -32 6 -33 5 -33
1786806340.0636532,282,128,28 -64 1 0 -14 16 -12 13 -10 9 -8 4 -8 0 -8 -5 -10 -9 -12 -13 -15 -16 -17 -17 -19 -17 -21 -17 -22 -16 -22 -15 -21 -13 -19 -11 -16 -9 -12 -8 -8 -7 -5 -7 -1 -7 3 -7 6 -8 9 -10 11 -11 2 -3 0 0 0 0 0 0 0 0 0 0 0 0 0 0 0 0 0 0 1 -1 5 -1 6 2 7 7 8 12 10 16 12 19 15 21 17 23 18 23 19 23 19 21 17 18 15 16 12 13 8 11 4 8 -1 7 -6 7 -11 7 -16 9 -20 11 -22 13 -24 15 -24 17 -23 19 -22 19
1786806340.0969229,283,128,28 -64 1 0 6 -24 6 -24 6 -23 5 -23 5 -23 5 -23 4 -23 3 -23 3 -23 2 -23 2 -22 1 -22 1 -22 2 -22 2 -22 1 -21 1 -21 1 -21 1 -21 1 -20 1 -19 1 -18 1 -17 1 -17 2 -17 0 -5 0 0 0 0 0 0 0 0 0 0 0 0 0 0 0 0 0 0 0 -5 3 -20 3 -21 4 -21 5 -21 6 -22 6 -22 6 -23 7 -23 8 -23 9 -23 9 -23 9 -23 9 -23 10 -23 9 -23 9 -23 8 -23 8 -24 9 -24 9 -24 9 -24 8 -24 7 -24 7 -23 7 -23 7 -23
1786806340.133057,284,128,28 -64 1 0 -15 20 -15 19 -14 19 -13 20 -13 20 -13 20 -12 20 -12 20 -11 20 -11 20 -10 20 -10 20 -10 20 -10 20 -10 20 -9 19 -9 19 -10 19 -10 18 -9 18 -9 17 -8 16 -8 16 -9 16 -9 15 -3 3 0 0 0 0 0 0 0 0 0 0 0 0 0 0 0 0 0 0 -3 4 -9 18 -10 18 -11 18 -12 18 -12 18 -13 19 -13 19 -14 19 -15 19 -15 19 -16 19 -16 19 -16 19 -17 18 -17 18 -16 19 -16 19 -16 19 -16 19 -17 19 -16 20 -16 20 -15 20 -15 20 -15 19 -14 19
1786806340.1621,285,128,28 -64 1 0 19 14 19 14 19 13 19 13 19 12 19 12 19 11 20 11 20 10 20 10 20 9 19 9 19 8 20 8 19 8 19 8 19 8 19 8 18 8 17 8 16 7 16 6 15 6 15 7 15 7 3 2 0 0 0 0 0 0 0 0 0 0 0 0 0 0 0 0 0 0 4 2 16 9 16 10 16 11 16 12 17 12 17 13 18 14 18 14 17 15 17 15 17 16 18 16 17 17 17 17 17 16 17 16 18 15 18 16 18 16 18 16 18 16 18 15 19 15 18 15 18 14 17 14
1786806340.201343,286,128,28 -64 1 0 -11 19 -9 15 -8 11 -7 6 -8 1 -9 -3 -11 -7 -14 -11 -17 -13 -20 -14 -22 -15 -23 -14 -24 -13 -24 -12 -23 -10 -21 -8 -18 -7 -14 -6 -10 -6 -6 -6 -2 -7 2 -8 5 -9 8 -11 10 -12 2 -3 0 0 0 0 0 0 0 0 0 0 0 0 0 0 0 0 0 0 1 -1 5 -3 6 0 9 5 12 9 15 12 18 15 21 16 23 17 24 17 25 17 24 16 22 13 19 11 15 10 11 8 6 7 1 7 -4 8 -9 10 -13 12 -17 15 -19 18 -20 20 -20 23 -19 24 -17 25
1786806340.233134,287,128,28 -64 1 0 9 -23 7 -19 6 -14 6 -9 7 -3 9 2 12 6 15 10 18 12 21 14 24 14 25 13 26 12 27 11 25 9 22 8 19 6 15 5 10 5 5 5 1 6 -3 7 -7 9 -10 11 -12 13 -3 3 0 0 0 0 0 0 0 0 0 0 0 0 0 0 0 0 0 0 -1 1 -5 3 -7 0 -11 -5 -15 -9 -19 -12 -23 -14 -26 -16 -29 -16 -30 -16 -31 -16 -30 -14 -28 -12 -25 -10 -20 -8 -15 -7 -10 -7 -4 -7 2 -9 7 -12 12 -15 16 -18 18 -22 18 -25 18 -27 18 -28 17 -28
1786806340.31325,288,128,28 -64 1 0 -18 -18 -15 -15 -10 -12 -5 -10 0 -9 5 -9 10 -10 14 -13 17 -15 20 -18 21 -20 20 -22 19 -23 18 -23 15 -22 13 -20 11 -18 10 -14 8 -9 7 -5 6 0 6 4 7 8 9 11 10 13 2 3 0 0 0 0 0 0 0 0 0 0 0 0 0 0 0 0 0 0 0 1 0 6 -4 6 -9 7 -14 8 -19 11 -23 13 -26 16 -28 17 -28 19 -27 20 -26 20 -23 19 -20 17 -17 13 -13 9 -11 5 -9 0 -8 -7 -8 -13 -9 -18 -11 -22 -14 -25 -17 -27 -19 -28 -20 -28 -20 -27
1786806340.351203,2032,128,96 0 6 0 -15 28 -15 30 -12 28 -10 27 -10 26 -10 24 -9 23 -8 22 -8 21 -8 21 -7 21 -7 21 -8 21 -9 21 -8 20 -7 18 -7 17 -6 17 -6 16 -7 15 -8 13 -7 11 -8 10 -9 9 -9 8 -3 2 0 0 0 0 0 0 0 0 0 0 0 0 0 0 0 0 0 0 -2 3 -7 12 -6 10 -6 10 -8 14 -10 16 -11 15 -9 15 -10 16 -13 17 -13 17 -11 19 -11 20 -12 20 -13 22 -13 23 -15 23 -17 24 -18 26 -18 26 -16 26 -15 27 -15 29 -16 30 -16 30 -16 28 -16 28
1786806340.390316,2033,128,96 0 6 0 -27 -14 -26 -14 -25 -13 -25 -12 -23 -9 -22 -9 -22 -12 -20 -14 -19 -14 -18 -14 -19 -13 -19 -11 -20 -11 -20 -10 -19 -10 -18 -12 -17 -12 -14 -11 -12 -12 -11 -12 -10 -11 -9 -10 -9 -11 -8 -11 -7 -11 -2 -3 0 0 0 0 0 0 0 0 0 0 0 0 0 0 0 0 0 0 -3 -1 -9 -2 -10 -1 -11 -3 -13 -8 -15 -8 -16 -6 -16 -5 -17 -8 -17 -12 -17 -14 -17 -13 -19 -12 -22 -12 -22 -11 -20 -13 -21 -15 -22 -13 -20 -12 -21 -13 -25 -14 -25 -14 -24 -13 -23 -14 -24 -17 -27 -18 -30 -15
1786806340.423614,2034,128,96 0 6 0 -5 29 -4 28 -4 26 -5 25 -5 24 -5 23 -3 22 -2 22 -3 22 -3 22 -3 21 -2 20 -2 20 -2 20 -2 20 -3 18 -3 17 -3 16 -3 16 -3 15 -3 14 -3 12 -3 10 -4 9 -5 9 -2 2 0 0 0 0 0 0 0 0 0 0 0 0 0 0 0 0 0 0 0 2 -1 11 -3 11 -4 12 -5 14 -5 14 -6 15 -6 16 -6 17 -6 18 -6 18 -6 18 -7 19 -8 20 -10 20 -12 21 -11 22 -9 23 -8 23 -10 24 -9 27 -8 27 -9 27 -11 27 -10 26 -9 27 -10 31
1786806340.4541702,848,128,-117 -78 40 0 21 1 20 1 20 1 20 0 20 0 20 -1 19 -1 19 -1 19 -2 18 -2 18 -2 18 -2 18 -2 18 -3 18 -3 17 -3 17 -3 17 -2 16 -2 15 -3 15 -3 15 -2 14 -2 14 -2 13 -2 3 -1 0 0 0 0 0 0 0 0 0 0 0 0 0 0 0 0 0 0 4 -1 18 -2 18 -2 19 -2 19 -1 20 -1 21 -1 21 0 22 1 22 1 23 2 22 2 22 3 22 3 22 3 22 3 22 3 22 3 22 3 22 2 21 2 21 2 21 2 21 2 21 2 21 2 21 2
1786806340.490082,296,128,28 -64 1 0 13 -16 11 -13 9 -9 7 -5 7 0 7 5 8 9 10 13 12 16 14 18 16 18 18 18 19 17 19 17 18 15 16 13 14 10 10 9 6 7 2 6 -2 5 -5 5 -9 5 -12 6 -14 7 -4 1 0 0 0 0 0 0 0 0 0 0 0 0 0 0 0 0 0 0 -2 0 -6 2 -7 -2 -9 -6 -12 -10 -15 -14 -17 -17 -20 -19 -22 -20 -23 -20 -23 -20 -23 -18 -21 -16 -19 -14 -15 -12 -11 -10 -6 -9 -1 -8 4 -8 9 -9 14 -11 18 -13 20 -15 22 -18 22 -20 21 -22 19 -23
1786806340.523448,296,128,28 -64 1 0 -7 23 -6 18 -5 13 -6 8 -8 3 -11 -2 -14 -6 -18 -9 -22 -10 -25 -11 -28 -11 -30 -10 -30 -9 -30 -8 -28 -6 -25 -5 -21 -4 -17 -4 -12 -5 -7 -6 -2 -7 2 -9 5 -12 8 -14 10 -16 2 -5 0 0 0 0 0 0 0 0 0 0 0 0 0 0 0 0 0 0 1 -2 5 -5 7 -2 12 2 16 5 21 8 25 9 28 10 31 11 32 11 32 10 31 9 29 7 25 6 20 5 14 5 9 6 3 7 -2 10 -7 13 -11 17 -14 21 -15 24 -15 27 -15 30 -13 31 -10 31
1786806340.554132,296,128,28 -64 1 0 -7 -23 -6 -19 -3 -14 0 -10 5 -7 9 -5 14 -4 18 -4 22 -4 25 -6 27 -7 27 -9 27 -11 26 -11 23 -12 20 -11 17 -10 14 -7 10 -4 7 0 5 3 3 7 2 11 2 14 2 16 0 4 0 0 0 0 0 0 0 0 0 0 0 0 0 0 0 0 0 0 -1 1 -4 5 -7 4 -12 1 -17 0 -22 0 -26 0 -30 1 -32 2 -33 3 -33 3 -32 4 -29 5 -25 4 -21 3 -16 1 -12 -2 -7 -5 -4 -10 -1 -15 1 -20 1 -25 0 -29 -1 -31 -2 -32 -3 -33 -4 -32
1786806340.587349,297,128,28 -64 1 0 23 3 19 3 14 3 8 4 3 6 -1 9 -5 12 -7 17 -9 20 -10 24 -10 26 -9 28 -7 28 -5 28 -4 26 -3 23 -3 20 -4 15 -4 11 -5 6 -6 2 -8 -2 -11 -5 -14 -7 -15 -9 -4 -3 0 0 0 0 0 0 0 0 0 0 0 0 0 0 0 0 0 0 -2 -1 -5 -4 -2 -7 1 -12 3 -16 5 -21 7 -26 7 -29 7 -32 7 -33 6 -34 4 -32 3 -30 3 -26 3 -21 2 -16 3 -11 5 -5 9 0 12 5 17 8 21 11 25 12 28 12 30 11 31 10 30 9
1786806340.620786,297,128,28 -64 1 0 -14 -21 -11 -18 -7 -14 -3 -11 2 -9 7 -7 12 -7 16 -8 20 -10 23 -12 25 -14 25 -15 24 -17 23 -17 21 -17 18 -16 15 -14 13 -11 10 -7 8 -2 6 2 5 5 5 10 6 13 6 15 1 4 0 0 0 0 0 0 0 0 0 0 0 0 0 0 0 0 0 0 -1 1 -2 5 -6 5 -11 5 -16 5 -21 6 -26 7 -29 9 -31 11 -32 12 -32 13 -30 13 -27 13 -24 12 -19 9 -15 6 -11 2 -8 -3 -6 -8 -5 -15 -5 -20 -6 -25 -7 -28 -9 -31 -11 -32 -12 -32 -13 -31
1786806340.7040908,1194,256,-73 112 11 0 -11 -20 -11 -20 -11 -20 -11 -19 -11 -19 -12 -18 -12 -18 -13 -18 -13 -18 -13 -18 -13 -17 -13 -17 -13 -16 -13 -16 -13 -16 -12 -16 -13 -16 -13 -16 -12 -15 -12 -14 -11 -13 -11 -13 -10 -13 -10 -13 -9 -13 -3 -4 0 0 0 0 0 0 0 0 0 0 0 0 0 0 0 0 0 0 -3 -4 -11 -15 -11 -16 -10 -17 -10 -18 -10 -18 -10 -19 -10 -19 -10 -20 -10 -20 -9 -21 -9 -21 -9 -21 -9 -22 -8 -22 -8 -22 -9 -21 -10 -21 -10 -21 -9 -21 -9 -21 -10 -21 -10 -21 -11 -21 -10 -21 -10 -20 -9 -20 -6 -9 -23 -37 -22 -38 -23 -37 -24 -35 -23 -34 -23 -35 -23 -34 -26 -33 -27 -32 -27 -32 -28 -31 -28 -29 -27 -28 -27 -28 -27 -29 -27 -28 -26 -28 -26 -27 -26 -27 -25 -27 -24 -26 -23 -24 -22 -22 -21 -22 -20 -22 -19 -22 -18 -22 -16 -21 -4 -6 0 0 0 0 0 0 0 0 0 0 -6 -6 -22 -23 -21 -25 -21 -27 -20 -29 -20 -31 -19 -33 -19 -34 -20 -35 -20 -36 -20 -37 -19 -38 -18 -40 -19 -40 -19 -40 -18 -41 -17 -40 -18 -40 -19 -39 -20 -38 -20 -39 -18 -40 -17 -40 -18 -40 -21 -39 -22 -38 -21 -37 -19 -36 -18 -35
1786806340.740157,299,128,28 -64 1 0 -12 24 -12 23 -11 23 -11 23 -10 23 -10 23 -9 23 -8 24 -8 24 -8 24 -7 23 -7 23 -7 23 -7 24 -7 23 -6 23 -6 23 -6 22 -6 22 -6 21 -6 20 -6 19 -6 18 -7 18 -7 18 -2 4 0 0 0 0 0 0 0 0 0 0 0 0 0 0 0 0 0 0 -2 5 -7 21 -8 21 -9 21 -10 21 -11 22 -11 22 -12 23 -13 23 -14 23 -15 23 -15 22 -15 22 -16 22 -16 22 -16 22 -15 22 -14 22 -14 23 -15 23 -15 23 -14 23 -14 23 -13 23 -13 23 -13 22 -12 22
1786806340.773549,299,128,28 -64 1 0 2 -22 2 -23 2 -22 2 -22 1 -22 1 -22 0 -22 0 -22 -1 -22 -1 -21 -1 -21 -1 -20 -1 -20 -1 -21 -1 -20 -1 -20 -1 -20 -1 -20 -1 -19 -1 -18 -1 -17 -1 -17 -1 -16 0 -16 0 -16 0 -4 0 0 0 0 0 0 0 0 0 0 0 0 0 0 0 0 0 0 -1 -5 -2 -19 -1 -19 0 -19 0 -20 1 -21 1 -21 1 -22 2 -22 2 -22 3 -23 3 -23 3 -23 4 -23 4 -23 4 -23 4 -23 3 -22 3 -23 4 -23 4 -23 3 -23 3 -23 3 -23 3 -23 3 -22 3 -22
1786806340.806815,299,128,28 -64 1 0 18 15 18 15 19 14 18 13 18 13 19 13 19 12 19 12 20 12 20 11 19 11 19 10 19 10 20 10 19 10 19 10 19 10 19 10 18 10 17 10 16 9 15 8 15 8 15 9 15 10 3 2 0 0 0 0 0 0 0 0 0 0 0 0 0 0 0 0 0 0 4 2 17 10 17 10 17 12 17 13 17 13 18 14 18 15 18 16 17 16 17 17 17 17 17 17 17 18 17 18 16 18 16 17 17 17 17 17 17 17 17 17 17 17 18 16 18 16 18 16 18 16 19 16
1786806340.842974,299,128,28 -64 1 0 -24 -5 -24 -5 -24 -4 -24 -4 -23 -3 -23 -3 -24 -3 -24 -2 -24 -2 -24 -2 -23 -2 -23 -1 -23 -1 -23 -1 -23 -1 -23 -1 -23 -1 -22 -2 -22 -2 -21 -1 -20 -1 -19 -1 -19 -2 -18 -2 -18 -3 -5 -1 0 0 0 0 0 0 0 0 0 0 0 0 0 0 0 0 0 0 -5 0 -21 0 -21 -1 -21 -2 -22 -3 -23 -3 -24 -4 -24 -5 -25 -5 -25 -6 -25 -7 -24 -7 -24 -8 -24 -8 -24 -9 -24 -8 -24 -8 -24 -7 -24 -7 -24 -7 -25 -7 -25 -6 -25 -6 -25 -6 -25 -7 -25 -6 -26 -6
1786806340.879065,1828,128,28 -64 1 0 19 -23 15 -24 13 -24 11 -23 8 -22 7 -20 7 -17 9 -13 11 -11 13 -11 17 -13 20 -14 22 -16 24 -19 24 -21 23 -23 23 -24 22 -25 20 -24 19 -21 17 -18 16 -15 17 -11 16 -6 16 -1 3 0 0 0 0 0 0 0 0 0 0 0 0 0 0 0 0 0 0 0 -1 -4 -1 -14 0 -16 2 -16 3 -15 5 -13 6 -12 8 -12 10 -11 12 -10 13 -11 14 -11 15 -10 16 -10 16 -10 15 -10 14 -11 13 -11 14 -10 15 -8 16 -7 17 -7 19 -8 20 -8 22 -9 24 -12 25 -15
1786806340.912394,308,128,28 -64 1 0 3 -23 3 -23 3 -22 3 -22 2 -22 2 -22 1 -22 1 -22 0 -22 0 -22 -1 -21 -1 -21 -1 -21 0 -21 0 -21 0 -20 -1 -20 -1 -20 0 -20 0 -19 0 -18 0 -17 0 -16 0 -16 1 -16 0 -4 0 0 0 0 0 0 0 0 0 0 0 0 0 0 0 0 0 0 -1 -5 0 -18 0 -19 1 -19 2 -20 2 -20 2 -21 3 -21 3 -21 4 -22 4 -22 4 -22 4 -22 5 -22 6 -22 5 -22 5 -22 4 -22 4 -22 5 -23 5 -23 5 -23 4 -23 4 -22 4 -22 4 -22 4 -21
1786806340.951177,309,128,28 -64 1 0 -21 -12 -21 -12 -21 -11 -21 -11 -21 -10 -21 -10 -21 -9 -22 -9 -22 -9 -21 -9 -21 -9 -21 -8 -21 -8 -21 -7 -21 -7 -20 -7 -20 -7 -20 -7 -20 -7 -19 -7 -18 -6 -17 -6 -16 -6 -16 -7 -16 -7 -4 -2 0 0 0 0 0 0 0 0 0 0 0 0 0 0 0 0 0 0 -5 -2 -19 -8 -19 -8 -19 -9 -19 -10 -19 -11 -20 -11 -20 -12 -20 -12 -20 -13 -20 -13 -20 -14 -20 -15 -20 -15 -20 -15 -20 -15 -20 -14 -21 -14 -21 -14 -21 -14 -21 -13 -21 -13 -21 -13 -21 -13 -21 -13 -20 -13 -20 -13
1786806340.987388,325,128,28 -64 1 0 12 -17 12 -17 12 -17 12 -17 11 -18 11 -18 10 -18 10 -18 9 -18 9 -18 8 -18 8 -17 8 -18 9 -18 8 -17 8 -17 8 -17 8 -17 8 -16 8 -16 7 -15 7 -14 7 -14 8 -14 8 -13 2 -4 0 0 0 0 0 0 0 0 0 0 0 0 0 0 0 0 0 0 1 -4 8 -16 8 -16 9 -16 10 -16 11 -16 11 -17 11 -17 12 -17 13 -16 13 -16 13 -17 14 -16 14 -16 15 -16 14 -16 14 -16 13 -16 13 -17 14 -17 14 -17 14 -17 13 -17 13 -17 13 -17 13 -17 13 -17
1786806341.018126,326,128,28 -64 1 0 19 17 20 17 20 16 20 15 20 15 20 14 21 14 21 14 21 13 21 13 21 12 21 12 21 12 21 12 21 12 21 12 21 12 20 12 20 12 19 11 18 10 17 9 16 10 16 10 15 11 3 2 0 0 0 0 0 0 0 0 0 0 0 0 0 0 0 0 0 0 4 2 18 11 18 12 18 13 18 14 18 15 19 16 19 17 19 18 19 18 18 19 18 19 18 19 18 20 18 20 18 20 18 19 18 19 18 19 18 19 18 19 19 19 19 18 19 18 19 18 19 18 19 18
1786806341.054142,326,128,28 -64 1 0 -25 -2 -24 -2 -24 -2 -24 -1 -24 -1 -24 0 -24 0 -24 0 -24 1 -24 1 -23 1 -23 1 -23 2 -23 2 -23 2 -22 2 -22 1 -22 1 -22 1 -21 1 -20 1 -19 1 -19 0 -19 0 -18 -1 -5 -1 0 0 0 0 0 0 0 0 0 0 0 0 0 0 0 0 0 0 -5 0 -21 2 -21 1 -21 0 -22 0 -23 -1 -24 -1 -24 -2 -25 -2 -25 -3 -25 -4 -25 -4 -25 -5 -25 -6 -25 -6 -25 -5 -25 -5 -25 -4 -25 -4 -25 -4 -25 -4 -25 -4 -25 -4 -25 -4 -25 -4 -25 -3 -26 -3
1786806341.0846689,326,128,28 -64 1 0 23 1 23 0 24 -1 23 -1 23 -1 23 -2 23 -2 23 -2 23 -3 23 -3 22 -3 21 -3 22 -3 22 -4 22 -4 22 -3 22 -3 21 -2 21 -2 20 -2 19 -2 18 -2 18 -2 18 -1 17 0 4 0 0 0 0 0 0 0 0 0 0 0 0 0 0 0 0 0 0 0 5 -1 20 -4 20 -4 20 -3 21 -2 22 -1 23 -1 23 0 24 0 24 1 24 1 24 2 24 3 24 3 24 3 24 3 24 3 24 2 24 2 24 2 24 2 24 2 24 2 24 2 24 2 24 1 25 1
1786806341.126225,326,128,28 -64 1 0 -19 -13 -19 -13 -19 -12 -19 -12 -19 -11 -19 -11 -19 -11 -20 -10 -20 -10 -20 -10 -20 -9 -19 -9 -19 -9 -19 -9 -19 -8 -18 -8 -18 -8 -18 -8 -18 -8 -17 -7 -16 -7 -15 -6 -15 -6 -15 -7 -15 -8 -4 -2 0 0 0 0 0 0 0 0 0 0 0 0 0 0 0 0 0 0 -5 -2 -17 -9 -17 -10 -17 -10 -17 -11 -17 -12 -18 -12 -18 -13 -18 -14 -18 -14 -18 -14 -18 -14 -18 -15 -18 -16 -18 -16 -18 -16 -18 -15 -18 -15 -18 -15 -18 -15 -18 -15 -18 -14 -19 -14 -19 -14 -19 -14 -18 -13 -18 -13
1786806341.1902132,1196,256,-73 112 11 0 13 20 13 20 13 19 13 19 13 18 13 18 14 18 15 17 15 17 15 17 15 16 15 16 15 16 15 16 15 15 14 15 14 15 14 15 14 15 13 14 12 13 12 12 11 12 11 12 11 13 2 3 0 0 0 0 0 0 0 0 0 0 0 0 0 0 0 0 0 0 3 3 13 15 13 15 12 16 12 17 12 18 12 19 12 20 12 20 12 20 11 21 11 21 11 21 11 22 10 22 11 22 11 22 11 21 11 21 11 22 11 22 11 22 12 21 12 21 12 21 11 20 11 20 5 11 19 43 17 42 18 42 20 41 20 40 18 40 19 39 21 39 22 38 23 37 25 37 25 37 25 35 24 34 23 34 22 34 22 32 23 33 24 33 23 33 21 31 19 28 18 26 18 26 17 27 16 27 13 25 11 24 2 6 0 0 0 0 0 0 0 0 0 0 5 6 21 25 20 28 20 31 19 33 18 35 16 36 17 38 17 40 17 42 16 42 16 43 15 43 15 44 15 45 14 46 13 47 14 46 15 45 16 44 16 44 15 45 14 45 15 45 17 45 18 42 18 41 17 39 16 37
1786806341.220875,329,128,28 -64 1 0 21 -2 22 -2 21 -2 21 -3 21 -3 21 -3 21 -4 21 -4 21 -5 20 -5 20 -5 19 -5 19 -5 19 -6 19 -6 18 -6 18 -5 18 -5 18 -5 17 -5 16 -5 15 -5 15 -5 15 -4 15 -3 3 -1 0 0 0 0 0 0 0 0 0 0 0 0 0 0 0 0 0 0 4 -1 17 -4 17 -4 18 -3 19 -2 19 -2 20 -2 21 -1 21 -1 21 -1 21 0 22 0 22 0 22 1 22 1 22 1 22 0 22 0 22 0 22 0 22 0 22 0 22 -1 22 -1 22 -1 21 -1 21 -1
1786806341.2513568,330,128,28 -64 1 0 9 21 9 21 10 21 10 20 10 20 10 20 10 20 11 19 11 19 11 19 11 18 11 18 11 18 11 18 11 18 11 17 11 17 11 18 11 17 10 16 9 15 9 14 8 14 8 14 7 15 1 3 0 0 0 0 0 0 0 0 0 0 0 0 0 0 0 0 0 0 2 3 11 15 10 16 10 17 9 18 9 19 10 19 10 20 9 21 9 21 8 22 8 22 8 22 8 23 7 23 7 23 8 22 8 22 8 22 8 22 8 23 8 23 9 22 9 22 8 22 8 22 8 22
1786806341.28751,330,128,28 -64 1 0 -27 -5 -26 -5 -27 -4 -26 -3 -26 -3 -26 -2 -26 -2 -27 -2 -27 -2 -27 -1 -26 -1 -25 -1 -25 0 -26 0 -26 0 -25 0 -25 0 -25 0 -25 -1 -24 0 -22 0 -21 0 -21 -1 -21 -2 -21 -3 -5 -1 0 0 0 0 0 0 0 0 0 0 0 0 0 0 0 0 0 0 -6 0 -23 -1 -23 -1 -24 -3 -24 -3 -25 -4 -26 -4 -27 -5 -27 -6 -27 -6 -27 -7 -27 -8 -27 -9 -27 -10 -27 -10 -26 -9 -27 -8 -27 -8 -27 -8 -27 -8 -27 -7 -27 -7 -27 -7 -27 -7 -27 -7 -28 -7 -28 -6
1786806341.320808,2036,128,98 32 6 0 25 -8 22 -8 21 -10 22 -9 22 -6 21 -5 21 -6 21 -7 21 -8 20 -7 19 -6 19 -7 21 -6 20 -5 19 -5 18 -5 16 -5 14 -3 13 -2 13 -2 14 -1 13 -1 11 -2 10 -1 11 0 3 -1 0 0 0 0 0 0 0 0 0 0 0 0 0 0 0 0 0 0 2 -2 10 -6 9 -6 9 -5 11 -5 12 -6 14 -6 16 -4 17 -3 18 -3 18 -4 20 -6 22 -7 21 -6 20 -4 22 -4 24 -5 25 -6 25 -6 24 -6 25 -8 25 -7 25 -6 26 -5 26 -5 25 -7 27 -9
1786806341.3596,334,128,28 -64 1 0 -24 -8 -24 -8 -24 -8 -23 -7 -23 -6 -23 -6 -23 -6 -24 -5 -24 -5 -23 -5 -23 -4 -23 -4 -22 -4 -23 -3 -22 -3 -22 -3 -22 -3 -22 -3 -21 -3 -20 -3 -19 -2 -18 -2 -18 -2 -18 -3 -18 -3 -5 -1 0 0 0 0 0 0 0 0 0 0 0 0 0 0 0 0 0 0 -5 -2 -20 -5 -20 -5 -20 -6 -21 -7 -21 -8 -22 -8 -22 -9 -23 -9 -23 -10 -23 -10 -23 -11 -23 -11 -23 -12 -23 -12 -23 -12 -23 -11 -23 -11 -23 -11 -23 -11 -23 -11 -24 -10 -24 -10 -24 -10 -24 -9 -23 -9 -23 -9
1786806341.43753,1197,256,-73 112 11 0 -7 -21 -7 -21 -8 -21 -8 -21 -8 -20 -8 -20 -9 -20 -9 -19 -10 -19 -10 -19 -10 -19 -10 -18 -10 -18 -10 -18 -10 -18 -10 -17 -10 -17 -10 -17 -10 -17 -9 -16 -9 -15 -8 -14 -8 -14 -8 -14 -7 -15 -2 -4 0 0 0 0 0 0 0 0 0 0 0 0 0 0 0 0 0 0 -2 -5 -8 -17 -8 -18 -7 -18 -7 -19 -7 -20 -7 -20 -7 -21 -7 -21 -6 -21 -5 -22 -5 -22 -5 -23 -5 -23 -4 -23 -5 -23 -5 -22 -6 -22 -6 -22 -5 -23 -5 -23 -6 -22 -6 -22 -7 -22 -7 -22 -6 -22 -6 -21 -3 -11 -11 -42 -10 -42 -11 -41 -12 -40 -12 -39 -12 -39 -12 -39 -14 -38 -15 -37 -16 -37 -17 -37 -17 -36 -17 -35 -17 -35 -16 -35 -16 -35 -16 -34 -16 -33 -16 -33 -16 -33 -14 -31 -14 -29 -13 -28 -12 -27 -12 -28 -11 -27 -10 -26 -9 -25 -2 -7 0 0 0 0 0 0 0 0 0 0 -4 -7 -15 -28 -14 -30 -12 -32 -12 -34 -11 -36 -9 -37 -9 -38 -10 -39 -10 -41 -9 -42 -8 -42 -6 -43 -6 -43 -6 -44 -6 -44 -5 -45 -5 -44 -6 -43 -8 -43 -8 -43 -7 -43 -6 -43 -7 -44 -8 -43 -10 -42 -10 -41 -8 -39 -8 -37
1786806341.479115,335,128,28 -64 1 0 -20 -12 -20 -12 -20 -11 -20 -10 -20 -10 -20 -9 -20 -9 -21 -9 -21 -8 -21 -8 -20 -8 -20 -7 -20 -7 -20 -7 -20 -6 -19 -6 -19 -6 -19 -7 -19 -7 -18 -6 -17 -5 -16 -5 -16 -5 -16 -6 -15 -6 -4 -2 0 0 0 0 0 0 0 0 0 0 0 0 0 0 0 0 0 0 -5 -2 -18 -7 -18 -8 -17 -9 -18 -10 -18 -11 -19 -11 -19 -12 -19 -12 -19 -13 -19 -13 -19 -13 -19 -14 -19 -14 -19 -15 -19 -14 -19 -14 -20 -13 -20 -13 -19 -14 -20 -13 -20 -13 -20 -13 -20 -12 -20 -12 -19 -12 -19 -12
1786806341.5151649,335,128,28 -64 1 0 -2 -23 -3 -23 -3 -23 -3 -22 -3 -22 -3 -22 -4 -22 -5 -22 -5 -22 -6 -21 -6 -21 -6 -20 -6 -20 -6 -20 -6 -20 -6 -20 -6 -20 -6 -19 -5 -19 -5 -18 -5 -17 -5 -16 -5 -16 -4 -16 -4 -16 -1 -4 0 0 0 0 0 0 0 0 0 0 0 0 0 0 0 0 0 0 -1 -5 -4 -18 -4 -19 -3 -20 -2 -20 -2 -21 -2 -22 -2 -22 -2 -23 -1 -23 0 -23 0 -23 0 -24 0 -23 1 -24 1 -24 0 -23 -1 -23 -1 -23 0 -24 0 -24 0 -24 -1 -24 -2 -24 -1 -23 -1 -23 -1 -22
1786806341.5818691,1198,256,-73 112 11 0 4 -23 4 -23 3 -22 3 -22 3 -22 3 -22 2 -22 1 -22 1 -22 0 -22 0 -21 0 -21 0 -21 0 -21 0 -21 0 -20 0 -20 0 -20 0 -20 0 -19 0 -18 0 -17 0 -17 1 -17 1 -16 0 -4 0 0 0 0 0 0 0 0 0 0 0 0 0 0 0 0 0 0 0 -5 0 -18 0 -19 1 -19 2 -20 3 -20 3 -21 3 -21 3 -22 4 -22 5 -22 5 -22 5 -22 6 -22 6 -22 6 -22 5 -22 5 -22 5 -22 6 -23 6 -23 5 -23 5 -23 4 -23 4 -22 5 -22 5 -21 2 -12 8 -44 8 -43 8 -42 7 -42 6 -42 6 -43 5 -42 4 -41 3 -41 2 -41 1 -40 0 -39 -1 -39 0 -40 1 -40 1 -40 0 -39 -1 -39 0 -38 0 -37 0 -36 0 -34 0 -32 1 -32 2 -32 2 -31 3 -29 4 -27 1 -7 0 0 0 0 0 0 0 0 0 0 -1 -8 -2 -31 0 -33 2 -34 3 -35 5 -36 7 -37 7 -38 7 -39 8 -40 9 -40 10 -41 11 -41 11 -42 12 -41 13 -41 14 -42 14 -41 13 -41 12 -41 11 -42 12 -43 12 -44 12 -43 11 -42 9 -41 9 -41 10 -40 10 -38
1786806341.6068401,852,128,-117 -78 40 0 6 9 6 9 6 9 6 9 6 8 7 8 7 8 7 8 7 7 7 7 7 7 7 7 7 7 7 7 7 7 7 7 7 7 7 7 7 6 6 6 6 6 6 6 6 6 5 5 5 5 1 1 0 0 0 0 0 0 0 0 0 0 0 0 0 0 0 0 0 0 1 1 6 7 6 7 6 8 6 8 6 8 6 9 6 10 6 10 6 10 6 10 6 11 5 11 5 11 5 11 5 11 5 11 5 11 5 10 5 10 5 10 6 10 6 10 6 10 6 9 5 9 5 9
1786806341.645888,1830,128,28 -64 1 0 -29 -16 -29 -14 -29 -11 -29 -8 -29 -5 -26 -3 -25 -3 -23 -4 -21 -5 -20 -7 -19 -10 -20 -13 -22 -15 -25 -17 -27 -18 -28 -18 -29 -17 -30 -17 -29 -16 -27 -15 -25 -13 -22 -13 -20 -13 -16 -15 -12 -16 -3 -4 0 0 0 0 0 0 0 0 0 0 0 0 0 0 0 0 0 0 -4 0 -16 1 -15 0 -14 -2 -15 -2 -14 -2 -12 -4 -11 -5 -10 -6 -10 -8 -10 -10 -10 -12 -11 -14 -11 -15 -12 -16 -14 -16 -15 -15 -14 -14 -14 -14 -15 -13 -16 -12 -16 -13 -15 -14 -14 -16 -15 -16 -18 -17 -20 -18
1786806341.684493,337,128,28 -64 1 0 -14 16 -14 16 -14 16 -13 16 -13 16 -13 16 -12 16 -12 17 -11 17 -11 17 -11 17 -10 17 -10 17 -11 17 -11 17 -10 16 -10 16 -10 16 -10 15 -10 15 -9 14 -9 13 -9 13 -10 13 -10 12 -3 3 0 0 0 0 0 0 0 0 0 0 0 0 0 0 0 0 0 0 -3 3 -9 14 -10 15 -11 14 -12 14 -13 15 -13 15 -14 15 -14 15 -15 15 -16 15 -16 15 -16 15 -16 14 -17 14 -17 14 -16 14 -16 14 -16 15 -16 15 -16 15 -16 15 -15 15 -15 15 -15 15 -15 15 -15 15
1786806341.720706,348,128,28 -64 1 0 -14 17 -14 17 -13 17 -13 17 -13 17 -12 17 -12 17 -11 17 -11 17 -11 17 -10 17 -10 17 -10 17 -10 17 -10 17 -10 17 -9 16 -10 16 -9 16 -9 15 -9 14 -8 13 -8 13 -9 13 -9 12 -3 3 0 0 0 0 0 0 0 0 0 0 0 0 0 0 0 0 0 0 -3 3 -9 15 -10 15 -11 15 -12 15 -12 15 -13 16 -13 16 -14 16 -14 16 -15 16 -15 16 -15 16 -16 15 -16 15 -16 16 -16 16 -15 16 -15 16 -16 16 -16 16 -16 16 -15 17 -15 16 -15 16 -15 16 -15 16
1786806341.754109,348,128,28 -64 1 0 -8 21 -8 21 -8 20 -8 20 -7 21 -7 20 -6 20 -5 20 -5 21 -5 20 -4 20 -4 20 -4 20 -4 20 -4 20 -3 19 -3 19 -3 19 -3 18 -3 17 -3 16 -3 16 -3 15 -4 15 -4 15 -1 3 0 0 0 0 0 0 0 0 0 0 0 0 0 0 0 0 0 0 -2 4 -5 17 -6 17 -7 18 -7 18 -8 18 -8 19 -8 19 -9 20 -10 20 -10 20 -10 20 -11 20 -11 20 -11 20 -11 20 -11 20 -10 20 -10 20 -11 20 -11 21 -10 21 -10 21 -9 21 -9 20 -10 20 -10 19
1786806341.788456,359,128,28 -64 1 0 21 -11 21 -11 21 -11 21 -12 21 -12 20 -12 20 -12 19 -13 19 -13 19 -13 18 -13 17 -13 17 -13 18 -14 18 -14 17 -14 17 -13 17 -13 16 -13 16 -12 14 -12 14 -11 14 -11 14 -11 14 -10 3 -3 0 0 0 0 0 0 0 0 0 0 0 0 0 0 0 0 0 0 4 -3 16 -11 17 -11 18 -10 19 -10 20 -10 21 -10 21 -10 21 -10 22 -9 23 -9 23 -9 23 -9 23 -8 23 -8 23 -8 23 -9 23 -9 23 -9 23 -9 23 -9 23 -10 23 -10 23 -10 23 -10 22 -10 22 -9
1786806341.8850172,360,128,28 -64 1 0 23 10 23 10 22 9 22 9 22 8 22 7 22 7 22 7 23 6 22 6 22 6 22 5 22 5 22 5 21 5 21 4 21 4 21 5 20 4 20 4 18 3 18 3 17 4 17 4 17 5 4 1 0 0 0 0 0 0 0 0 0 0 0 0 0 0 0 0 0 0 4 1 19 6 19 7 19 7 19 8 20 9 21 10 21 10 21 11 21 11 21 12 21 12 21 13 21 14 21 14 21 13 21 13 22 12 22 12 22 12 22 12 22 12 22 12 23 11 22 11 21 11 21 11
1786806341.918336,360,128,28 -64 1 0 -21 7 -21 8 -21 8 -20 8 -20 9 -20 9 -20 9 -20 9 -19 10 -19 10 -18 10 -18 10 -18 10 -18 10 -17 10 -17 10 -17 10 -17 9 -17 9 -16 9 -15 9 -15 8 -14 8 -15 7 -15 7 -4 1 0 0 0 0 0 0 0 0 0 0 0 0 0 0 0 0 0 0 -4 2 -16 9 -17 8 -18 8 -18 7 -19 7 -20 7 -20 7 -21 7 -21 7 -22 7 -22 6 -22 6 -22 5 -23 5 -22 5 -22 6 -22 6 -22 6 -22 6 -22 6 -22 7 -22 7 -22 7 -22 7 -22 7 -21 6
1786806341.951566,360,128,28 -64 1 0 21 -5 21 -4 21 -5 20 -6 20 -6 20 -6 20 -6 20 -7 20 -7 19 -7 19 -7 18 -7 18 -8 19 -8 18 -8 18 -8 18 -7 18 -7 17 -7 16 -7 15 -7 15 -7 15 -6 15 -6 15 -5 3 -2 0 0 0 0 0 0 0 0 0 0 0 0 0 0 0 0 0 0 4 -2 16 -7 17 -7 18 -6 18 -6 19 -5 20 -5 20 -5 21 -5 21 -4 22 -4 22 -3 22 -3 22 -2 22 -2 22 -2 22 -3 22 -3 22 -3 22 -3 22 -4 22 -4 22 -4 22 -4 22 -4 21 -4 21 -4
1786806341.98487,360,128,28 -64 1 0 -22 4 -22 4 -22 4 -22 5 -21 5 -21 6 -20 6 -21 6 -21 6 -20 7 -19 7 -19 7 -19 7 -19 7 -19 7 -18 7 -18 7 -18 6 -18 6 -17 6 -16 6 -15 6 -15 6 -16 5 -16 5 -4 1 0 0 0 0 0 0 0 0 0 0 0 0 0 0 0 0 0 0 -5 1 -17 6 -18 6 -19 5 -19 5 -20 4 -21 4 -21 4 -22 4 -22 3 -22 3 -23 3 -23 2 -23 2 -23 2 -23 2 -23 2 -23 2 -23 2 -23 2 -23 3 -23 3 -23 3 -23 3 -23 3 -22 4 -22 4
1786806342.019236,362,128,28 -64 1 0 -25 -4 -25 -4 -25 -3 -25 -3 -24 -2 -24 -2 -24 -2 -24 -2 -24 -1 -24 -1 -24 -1 -23 0 -23 0 -24 0 -23 1 -22 1 -22 0 -22 0 -22 0 -21 0 -20 1 -19 1 -18 0 -19 0 -18 -1 -5 -1 0 0 0 0 0 0 0 0 0 0 0 0 0 0 0 0 0 0 -5 0 -20 0 -21 -1 -21 -2 -22 -3 -22 -3 -23 -4 -24 -5 -24 -5 -24 -5 -24 -6 -25 -6 -25 -7 -25 -7 -25 -8 -25 -8 -25 -7 -25 -6 -25 -6 -25 -6 -25 -6 -26 -6 -26 -6 -26 -5 -25 -5 -25 -5 -25 -5
1786806342.088256,363,128,28 -64 1 0 18 16 18 16 18 16 18 15 18 14 18 14 19 14 19 13 19 13 19 13 19 12 19 12 19 12 19 11 19 11 18 11 18 11 18 11 18 11 17 10 16 9 15 9 15 9 14 9 14 10 3 2 0 0 0 0 0 0 0 0 0 0 0 0 0 0 0 0 0 0 4 2 16 11 16 11 16 12 16 13 16 14 17 15 17 16 17 16 17 17 17 17 17 18 17 18 16 19 16 19 16 19 17 18 17 18 17 18 17 18 17 18 17 18 18 17 18 17 18 17 17 17 17 17
1786806342.121532,364,128,28 -64 1 0 -9 20 -9 20 -8 20 -8 20 -8 20 -7 20 -6 19 -6 20 -6 20 -5 19 -5 19 -4 19 -4 19 -4 19 -4 19 -4 19 -4 18 -4 18 -4 18 -4 17 -3 16 -3 15 -4 15 -4 15 -4 15 -1 3 0 0 0 0 0 0 0 0 0 0 0 0 0 0 0 0 0 0 -2 4 -6 17 -6 17 -7 17 -8 17 -8 18 -9 18 -9 19 -10 19 -10 19 -11 19 -11 19 -11 19 -12 19 -12 19 -12 19 -11 19 -11 19 -11 19 -11 19 -11 19 -11 20 -10 20 -10 19 -10 19 -10 19 -10 19
1786806342.1578162,367,128,28 -64 1 0 -1 -23 -1 -22 -1 -22 -1 -22 -1 -22 -2 -22 -3 -21 -3 -21 -3 -22 -3 -21 -4 -21 -4 -20 -4 -20 -4 -20 -4 -20 -4 -19 -4 -19 -4 -19 -4 -19 -3 -18 -3 -17 -3 -16 -3 -16 -2 -16 -2 -16 -1 -4 0 0 0 0 0 0 0 0 0 0 0 0 0 0 0 0 0 0 -1 -5 -3 -18 -3 -18 -2 -19 -2 -20 -1 -20 -1 -21 -1 -21 -1 -22 0 -22 1 -22 1 -22 1 -22 2 -23 2 -23 2 -22 1 -23 1 -23 1 -23 1 -23 1 -23 1 -23 0 -23 0 -23 0 -22 1 -22 1 -22
1786806342.190895,367,128,28 -64 1 0 12 18 12 18 12 18 12 17 12 17 12 17 13 16 13 16 14 16 14 16 14 15 13 15 14 15 14 15 14 14 13 14 14 14 13 14 13 13 12 13 11 12 11 11 11 11 10 12 10 12 2 3 0 0 0 0 0 0 0 0 0 0 0 0 0 0 0 0 0 0 2 3 11 13 11 14 10 15 10 16 10 16 11 17 11 18 11 18 10 19 10 19 10 19 10 20 9 20 9 20 9 20 10 20 10 19 10 20 10 20 10 20 10 20 11 19 12 19 11 19 10 19 10 19
1786806342.221761,367,128,28 -64 1 0 12 18 12 18 12 18 12 17 12 17 13 16 13 16 14 16 14 16 14 15 13 15 13 15 13 15 13 14 13 14 13 14 13 14 13 14 13 14 12 13 11 12 11 11 10 11 10 12 10 12 2 3 0 0 0 0 0 0 0 0 0 0 0 0 0 0 0 0 0 0 2 3 11 13 11 14 11 15 11 15 11 16 11 17 11 18 11 18 11 18 10 19 10 19 10 20 10 20 9 20 10 20 10 19 10 19 11 19 10 20 10 20 11 19 11 19 11 19 11 19 10 19 10 18
1786806342.254986,368,128,28 -64 1 0 13 20 13 20 13 19 13 19 13 18 13 18 14 17 15 17 15 17 15 17 14 16 14 16 15 16 15 15 15 15 15 15 15 15 15 15 14 15 13 14 12 13 12 12 12 12 11 13 11 13 2 3 0 0 0 0 0 0 0 0 0 0 0 0 0 0 0 0 0 0 3 3 12 15 12 15 11 16 11 17 11 18 12 19 12 20 12 20 11 20 10 21 10 21 10 22 10 22 10 22 10 22 10 21 11 21 11 21 11 21 11 21 11 21 12 21 12 21 12 21 11 21 11 20
1786806342.2883232,368,128,28 -64 1 0 20 -8 20 -7 19 -8 19 -8 19 -9 19 -9 19 -9 19 -9 19 -10 18 -10 17 -10 17 -10 17 -10 17 -10 17 -10 16 -10 16 -10 17 -9 16 -9 15 -9 14 -9 14 -8 14 -8 14 -7 14 -7 3 -2 0 0 0 0 0 0 0 0 0 0 0 0 0 0 0 0 0 0 3 -3 15 -9 16 -9 16 -9 17 -8 18 -8 19 -8 19 -8 20 -8 20 -7 21 -7 21 -7 21 -6 21 -6 21 -5 21 -5 21 -6 21 -6 21 -7 21 -6 21 -7 21 -7 21 -7 21 -7 21 -7 20 -7 19 -7
1786806342.321562,1831,128,28 -64 1 0 -9 12 -19 19 -20 25 -14 19 -13 5 -20 -4 -25 -5 -20 -2 -8 -5 2 -14 5 -20 6 -17 12 -7 23 1 30 3 26 6 18 13 12 23 11 29 7 27 -2 20 -14 14 -20 10 -18 4 -13 0 -3 -1 0 0 0 0 0 0 0 0 0 0 0 0 0 0 0 0 0 0 3 -3 15 -12 13 -12 6 -9 4 1 9 10 13 9 8 2 -5 1 -14 5 -13 8 -5 4 -3 -8 -9 -17 -14 -15 -11 -7 1 -6 10 -15 8 -22 1 -18 2 -5 13 2 23 2 19 -1 7 3 3 16 5 26
1786806342.3549492,1831,128,28 -64 1 0 -20 18 -20 21 -19 22 -16 23 -12 23 -11 22 -9 20 -10 18 -11 17 -12 16 -15 15 -18 14 -22 14 -25 16 -27 17 -29 17 -30 18 -29 20 -28 21 -26 20 -24 18 -22 15 -21 11 -21 7 -20 3 -5 0 0 0 0 0 0 0 0 0 0 0 0 0 0 0 0 0 0 0 -3 3 -10 14 -8 14 -8 14 -8 13 -7 12 -6 11 -6 8 -7 5 -8 4 -10 2 -11 0 -13 -1 -14 0 -16 1 -17 2 -17 3 -18 6 -18 7 -18 8 -17 7 -17 8 -16 8 -16 8 -17 8 -19 9 -22 9
1786806342.4162052,1171,256,83 48 5 0 28 5 27 4 27 4 26 1 24 -1 21 -1 18 0 17 2 18 2 20 4 21 7 23 8 26 9 28 8 30 7 31 6 31 5 31 4 29 4 27 4 25 4 23 5 19 6 15 8 12 11 2 3 0 0 0 0 0 0 0 0 0 0 0 0 0 0 0 0 0 0 3 -1 15 -3 16 -3 18 -1 19 1 19 1 17 0 16 2 14 4 13 4 13 4 14 6 13 9 13 12 12 13 13 13 15 14 15 14 16 14 17 14 19 14 20 13 21 14 23 14 24 13 24 11 25 12 16 4 53 14 50 10 48 8 46 10 45 11 45 11 45 11 45 10 45 7 45 4 42 4 40 8 41 13 45 17 50 19 55 18 58 16 58 12 54 10 48 11 41 14 37 19 34 24 31 28 28 31 25 33 21 42 15 39 2 7 -1 1 -1 -1 -1 0 0 -1 0 -2 3 -5 18 -25 15 -21 22 -10 24 -7 27 -2 31 2 33 4 35 4 36 4 34 4 32 5 30 7 29 12 29 17 29 22 29 23 31 24 34 25 35 25 35 25 36 25 37 24 38 25 39 26 42 27 45 26 49 25 53 24
1786806342.452255,1832,128,28 -64 1 0 -32 4 -31 7 -28 10 -24 11 -22 11 -19 10 -17 8 -16 5 -18 2 -19 0 -22 -1 -25 -2 -29 -2 -32 -1 -34 1 -34 3 -34 4 -34 5 -33 6 -31 5 -29 4 -25 1 -22 -2 -19 -7 -16 -9 -4 -3 0 0 0 0 0 0 0 0 0 0 0 0 0 0 0 0 0 0 -4 2 -14 10 -15 9 -15 6 -15 3 -16 1 -17 0 -18 -1 -18 -2 -18 -4 -19 -4 -20 -4 -19 -5 -20 -5 -20 -4 -20 -4 -19 -4 -17 -5 -16 -5 -17 -6 -18 -7 -18 -9 -19 -10 -22 -10 -26 -10 -29 -9 -30 -9
1786806342.4910111,370,128,28 -64 1 0 18 -16 18 -16 18 -16 17 -16 17 -16 17 -16 16 -16 16 -17 16 -17 15 -17 14 -17 14 -17 14 -17 14 -17 14 -17 13 -17 14 -16 14 -16 14 -16 13 -15 12 -15 11 -14 11 -14 11 -13 12 -13 3 -3 0 0 0 0 0 0 0 0 0 0 0 0 0 0 0 0 0 0 3 -4 12 -15 13 -15 14 -15 15 -15 16 -15 17 -15 17 -15 18 -15 19 -15 19 -15 19 -15 19 -15 20 -14 20 -14 20 -14 20 -14 20 -15 20 -15 20 -15 20 -15 20 -15 20 -15 19 -15 19 -15 19 -15 19 -15
1786806342.5244002,371,128,28 -64 1 0 -22 1 -22 1 -22 2 -22 2 -22 3 -22 3 -21 3 -21 4 -22 4 -21 4 -21 4 -20 4 -20 5 -21 5 -20 5 -20 5 -20 5 -20 5 -19 4 -19 4 -17 4 -17 4 -17 3 -17 3 -17 2 -4 0 0 0 0 0 0 0 0 0 0 0 0 0 0 0 0 0 0 0 -5 0 -19 3 -19 3 -20 2 -20 2 -21 1 -22 1 -22 0 -22 0 -23 0 -23 -1 -23 -2 -23 -2 -23 -3 -23 -3 -23 -3 -23 -2 -23 -1 -23 -1 -23 -1 -23 -1 -23 0 -23 0 -23 0 -23 -1 -23 -1 -23 0
1786806342.5661,372,128,28 -64 1 0 -12 -19 -12 -19 -12 -19 -12 -18 -12 -18 -13 -17 -13 -17 -14 -17 -14 -17 -14 -17 -14 -16 -14 -16 -14 -16 -14 -15 -14 -15 -13 -15 -13 -15 -13 -15 -13 -14 -12 -14 -12 -13 -11 -12 -11 -12 -11 -12 -10 -13 -3 -4 0 0 0 0 0 0 0 0 0 0 0 0 0 0 0 0 0 0 -3 -4 -12 -14 -11 -15 -11 -16 -11 -17 -11 -17 -11 -18 -11 -19 -11 -19 -10 -20 -10 -20 -10 -20 -10 -21 -10 -21 -9 -21 -10 -21 -10 -21 -11 -20 -11 -21 -10 -21 -10 -20 -11 -20 -11 -20 -12 -20 -11 -20 -11 -19 -10 -19
1786806342.604851,373,128,28 -64 1 0 -9 -21 -10 -21 -10 -21 -10 -20 -10 -20 -10 -20 -11 -19 -12 -19 -12 -19 -12 -19 -12 -18 -12 -18 -12 -18 -12 -17 -12 -17 -12 -17 -12 -17 -12 -17 -12 -16 -11 -15 -10 -14 -10 -14 -10 -14 -9 -14 -9 -14 -3 -4 0 0 0 0 0 0 0 0 0 0 0 0 0 0 0 0 0 0 -3 -4 -9 -16 -9 -17 -8 -18 -8 -19 -8 -19 -8 -20 -8 -21 -8 -21 -7 -22 -7 -22 -7 -22 -7 -23 -6 -23 -6 -23 -6 -23 -7 -22 -7 -22 -7 -23 -7 -23 -7 -23 -8 -23 -8 -22 -9 -22 -8 -22 -8 -21 -8 -21
1786806342.635478,856,128,-117 -78 40 0 9 -7 8 -8 8 -8 8 -8 8 -8 8 -8 7 -8 7 -8 7 -8 7 -8 6 -9 6 -9 6 -9 6 -9 6 -9 6 -8 6 -8 6 -8 6 -8 6 -8 5 -8 5 -7 5 -7 5 -7 5 -6 1 -2 0 0 0 0 0 0 0 0 0 0 0 0 0 0 0 0 0 0 1 -2 7 -8 7 -8 8 -8 8 -8 8 -8 9 -8 9 -8 10 -8 10 -8 11 -7 11 -7 11 -7 11 -7 11 -7 11 -7 10 -7 10 -6 10 -7 10 -7 10 -7 10 -7 10 -7 9 -7 9 -7 10 -7 10 -7
1786806342.666093,374,128,28 -64 1 0 5 -22 5 -21 5 -21 5 -21 4 -21 4 -21 3 -21 2 -21 2 -22 2 -21 1 -21 1 -20 1 -20 1 -20 1 -20 1 -20 1 -20 1 -19 1 -19 1 -18 0 -17 0 -16 1 -16 1 -16 1 -16 0 -4 0 0 0 0 0 0 0 0 0 0 0 0 0 0 0 0 0 0 0 -5 3 -18 3 -18 4 -19 5 -19 5 -19 6 -20 6 -20 6 -21 7 -21 8 -21 8 -21 8 -21 9 -21 9 -21 9 -21 8 -21 7 -21 7 -21 8 -22 8 -22 7 -22 7 -22 7 -22 7 -21 7 -21 7 -20
1786806342.741163,1199,256,-73 112 11 0 17 -14 17 -14 16 -14 16 -15 15 -15 15 -15 15 -16 14 -16 14 -16 14 -16 13 -16 13 -16 13 -16 13 -16 13 -16 12 -16 12 -15 12 -15 12 -15 11 -15 11 -14 10 -13 10 -13 11 -12 11 -12 2 -3 0 0 0 0 0 0 0 0 0 0 0 0 0 0 0 0 0 0 3 -4 12 -13 13 -13 13 -13 14 -13 15 -13 16 -13 16 -13 16 -13 17 -13 18 -13 18 -13 18 -12 19 -12 19 -12 19 -12 18 -13 18 -13 18 -13 18 -13 18 -14 18 -14 18 -14 18 -14 18 -13 18 -13 17 -13 9 -6 37 -22 36 -21 36 -20 36 -21 35 -22 35 -24 34 -24 33 -24 33 -24 32 -25 30 -25 29 -25 29 -25 30 -26 30 -26 29 -26 27 -26 27 -25 28 -24 27 -23 26 -23 25 -22 23 -22 23 -22 24 -21 24 -19 22 -17 21 -15 5 -4 0 0 0 0 0 0 0 0 0 0 5 -6 22 -22 24 -22 27 -22 29 -21 30 -20 32 -20 33 -20 34 -19 35 -19 36 -18 37 -18 38 -19 38 -18 39 -17 39 -16 40 -16 40 -16 39 -16 38 -17 38 -18 39 -19 40 -20 39 -20 39 -19 38 -19 37 -20 35 -20 34 -20
1786806342.7744331,375,128,28 -64 1 0 -6 21 -6 22 -5 21 -5 21 -5 21 -4 21 -3 21 -3 21 -3 21 -2 21 -2 20 -2 20 -2 20 -2 20 -2 20 -1 20 -1 20 -1 19 -1 19 -1 18 -1 17 -1 16 -1 16 -2 16 -2 16 -1 3 0 0 0 0 0 0 0 0 0 0 0 0 0 0 0 0 0 0 -1 4 -4 17 -4 18 -5 18 -6 19 -6 19 -6 20 -6 20 -7 21 -7 21 -8 21 -9 21 -9 21 -10 21 -10 21 -9 21 -9 21 -8 21 -8 21 -8 21 -8 22 -8 22 -7 22 -7 22 -7 21 -8 21 -8 21
1786806342.807808,376,128,28 -64 1 0 23 -8 22 -8 22 -9 22 -9 21 -10 21 -10 21 -10 21 -11 21 -11 20 -11 19 -11 19 -11 19 -11 19 -11 19 -11 18 -11 18 -11 18 -10 18 -10 17 -10 16 -10 15 -9 15 -9 15 -8 15 -7 3 -2 0 0 0 0 0 0 0 0 0 0 0 0 0 0 0 0 0 0 4 -3 17 -10 17 -10 18 -9 19 -9 20 -9 21 -9 21 -9 22 -8 23 -8 23 -8 23 -7 23 -7 24 -6 24 -6 24 -6 23 -7 23 -7 23 -7 24 -7 24 -7 24 -8 24 -8 24 -8 23 -8 23 -8 22 -8
1786806342.843798,377,128,28 -64 1 0 -24 1 -24 1 -24 1 -24 2 -24 2 -23 3 -23 3 -23 3 -23 4 -23 4 -23 4 -22 5 -22 5 -23 5 -22 5 -22 5 -22 5 -22 4 -22 4 -21 4 -19 4 -19 4 -18 4 -19 3 -19 2 -5 0 0 0 0 0 0 0 0 0 0 0 0 0 0 0 0 0 0 0 -5 0 -20 3 -20 2 -21 1 -22 1 -23 1 -23 0 -24 0 -24 -1 -24 -1 -25 -2 -25 -2 -25 -3 -25 -3 -25 -3 -25 -3 -24 -3 -24 -2 -24 -2 -25 -2 -25 -1 -25 -1 -25 -1 -25 -1 -25 -1 -24 -1 -24 -1
1786806342.877228,378,128,28 -64 1 0 -24 1 -24 1 -24 1 -24 2 -23 2 -23 3 -23 3 -23 4 -23 4 -23 4 -22 4 -22 4 -22 5 -22 5 -22 5 -21 5 -21 5 -21 4 -21 4 -20 4 -19 4 -18 4 -18 3 -18 3 -18 2 -5 0 0 0 0 0 0 0 0 0 0 0 0 0 0 0 0 0 0 0 -5 0 -20 3 -20 2 -21 2 -22 1 -23 1 -23 0 -24 0 -24 0 -24 -1 -24 -2 -25 -2 -25 -3 -25 -3 -25 -4 -25 -3 -24 -3 -24 -2 -25 -2 -25 -2 -25 -1 -25 -1 -25 -1 -25 -1 -24 -1 -24 -1 -23 -1
1786806342.910536,379,128,28 -64 1 0 9 -20 9 -20 9 -20 9 -20 8 -20 8 -20 7 -20 7 -21 6 -21 6 -20 5 -20 5 -20 5 -20 5 -20 5 -20 5 -19 5 -19 5 -19 5 -18 5 -18 5 -17 4 -16 5 -16 5 -15 5 -15 1 -4 0 0 0 0 0 0 0 0 0 0 0 0 0 0 0 0 0 0 1 -5 5 -18 5 -19 6 -19 7 -19 8 -19 8 -20 9 -20 9 -20 10 -20 10 -21 11 -21 11 -20 11 -20 12 -20 12 -20 11 -20 10 -20 11 -20 11 -20 11 -20 11 -20 11 -20 10 -20 10 -20 11 -20 11 -20
1786806343.032259,380,128,28 -64 1 0 14 20 14 20 14 19 14 19 14 18 14 18 15 17 15 17 16 17 16 17 16 16 15 16 15 16 16 15 15 15 15 15 15 15 15 15 15 15 14 14 13 12 12 12 12 12 12 12 11 13 2 3 0 0 0 0 0 0 0 0 0 0 0 0 0 0 0 0 0 0 3 3 13 14 13 15 12 16 12 17 12 18 13 19 13 19 13 20 12 20 12 21 12 21 12 21 11 22 11 22 11 22 11 21 12 21 12 21 12 22 12 22 12 21 13 21 13 21 13 21 12 20 12 20
1786806343.10999,1200,256,-73 112 11 0 -23 -4 -23 -4 -23 -3 -22 -2 -22 -2 -22 -2 -22 -1 -22 -1 -22 -1 -22 0 -21 0 -21 0 -21 1 -21 1 -21 1 -20 1 -20 1 -20 0 -20 0 -19 1 -18 1 -17 1 -16 1 -17 0 -17 0 -5 0 0 0 0 0 0 0 0 0 0 0 0 0 0 0 0 0 0 0 -5 -1 -19 -1 -19 -2 -19 -2 -20 -3 -21 -3 -21 -4 -22 -4 -22 -5 -22 -5 -22 -5 -23 -6 -23 -6 -23 -7 -23 -7 -23 -7 -23 -6 -23 -6 -23 -6 -23 -6 -23 -5 -23 -5 -23 -5 -23 -5 -23 -4 -23 -4 -22 -4 -11 -5 -40 -18 -39 -19 -39 -19 -40 -17 -40 -16 -39 -15 -39 -14 -39 -14 -40 -14 -40 -13 -40 -13 -39 -12 -38 -11 -39 -10 -39 -10 -38 -9 -37 -8 -37 -9 -37 -10 -36 -10 -35 -8 -33 -7 -32 -6 -31 -6 -31 -7 -29 -8 -27 -9 -25 -9 -7 -3 0 0 0 0 0 0 0 0 0 0 -8 -2 -31 -6 -32 -8 -33 -11 -34 -13 -34 -15 -34 -16 -35 -17 -37 -19 -37 -20 -37 -21 -37 -21 -38 -21 -38 -22 -38 -24 -38 -25 -38 -25 -37 -24 -37 -24 -38 -24 -39 -23 -39 -22 -39 -22 -39 -22 -39 -22 -40 -21 -39 -20 -37 -19 -36 -18
1786806343.143202,381,128,28 -64 1 0 23 -6 23 -6 23 -6 22 -7 22 -7 22 -8 22 -8 21 -8 21 -8 21 -9 20 -9 20 -9 20 -9 20 -9 20 -9 19 -9 19 -9 19 -8 19 -8 18 -8 17 -8 16 -8 16 -7 16 -7 16 -6 4 -2 0 0 0 0 0 0 0 0 0 0 0 0 0 0 0 0 0 0 4 -2 18 -8 18 -8 19 -7 20 -7 21 -6 22 -6 22 -6 23 -6 23 -5 24 -5 24 -4 24 -4 24 -4 24 -3 24 -3 24 -4 24 -4 24 -4 24 -4 24 -5 24 -5 24 -5 24 -5 24 -5 23 -5 23 -5
1786806343.172488,382,128,28 -64 1 0 19 14 19 14 19 14 19 13 19 13 19 12 19 12 20 11 20 11 20 10 20 10 19 9 19 9 20 9 19 9 19 8 19 9 19 9 18 9 17 8 16 7 15 6 15 6 15 7 15 8 3 2 0 0 0 0 0 0 0 0 0 0 0 0 0 0 0 0 0 0 4 2 17 9 17 10 16 11 16 12 17 13 17 14 18 14 18 15 17 16 17 16 17 16 17 17 17 17 17 17 17 17 17 16 18 16 18 16 18 16 18 16 18 16 18 16 19 16 19 15 18 15 18 15
1786806343.2086558,2039,128,124 -64 7 0 27 15 25 16 23 15 23 14 22 13 22 11 23 10 23 10 22 8 20 8 19 9 20 10 19 9 18 8 16 8 15 7 17 5 15 5 12 7 10 6 8 6 8 7 9 8 9 8 8 8 1 2 0 0 0 0 0 0 0 0 0 0 0 0 0 0 0 0 0 0 2 1 10 5 10 5 12 5 13 5 14 7 13 10 10 11 11 13 14 13 16 13 15 12 15 12 16 15 16 16 18 15 19 14 19 16 21 19 20 20 20 19 20 18 20 17 22 16 23 15 24 14 28 13
1786806343.240939,383,128,28 -64 1 0 -4 22 -4 22 -4 21 -4 21 -3 21 -3 21 -3 21 -2 21 -1 21 -1 21 -1 20 -1 20 -1 20 -1 20 -1 20 0 19 0 19 -1 19 -1 18 -1 18 -1 17 -1 16 -1 16 -1 16 -2 15 -1 3 0 0 0 0 0 0 0 0 0 0 0 0 0 0 0 0 0 0 0 4 0 17 -1 17 -2 18 -3 19 -3 19 -3 20 -4 20 -4 21 -5 21 -6 21 -6 21 -6 21 -6 21 -7 21 -7 21 -6 21 -6 21 -6 22 -6 22 -6 22 -6 22 -5 22 -5 22 -5 22 -5 21 -5 20
1786806343.3136508,384,128,28 -64 1 0 22 8 22 7 22 7 22 6 22 6 22 5 22 5 22 4 22 4 22 3 22 3 21 3 22 3 22 2 22 2 21 2 21 3 21 3 21 3 20 3 19 2 18 2 17 2 17 3 17 3 4 0 0 0 0 0 0 0 0 0 0 0 0 0 0 0 0 0 0 0 4 1 18 4 18 4 19 5 19 6 20 7 20 8 21 8 21 9 21 9 21 10 21 10 21 11 21 11 21 12 21 11 21 10 21 10 21 10 21 10 21 10 22 10 22 9 22 9 22 9 21 9 21 9
1786806343.357846,385,128,28 -64 1 0 16 15 16 15 16 14 16 14 16 13 16 13 16 13 17 12 17 12 17 11 17 11 17 10 17 10 17 10 17 10 16 10 16 10 16 10 15 10 15 9 14 8 13 7 13 7 13 8 12 9 3 2 0 0 0 0 0 0 0 0 0 0 0 0 0 0 0 0 0 0 3 2 14 10 14 11 14 11 14 12 14 13 15 14 15 15 15 15 15 16 15 16 15 16 15 17 15 17 14 17 14 17 15 17 15 16 15 16 15 16 15 17 15 17 15 16 16 16 16 16 15 15 15 15
1786806343.398339,386,128,28 -64 1 0 -16 -19 -17 -19 -17 -19 -16 -18 -16 -18 -16 -17 -17 -17 -18 -17 -18 -16 -18 -16 -18 -15 -18 -15 -18 -15 -18 -14 -17 -14 -17 -14 -17 -14 -17 -14 -17 -14 -16 -13 -15 -12 -14 -11 -14 -11 -14 -12 -13 -12 -4 -3 0 0 0 0 0 0 0 0 0 0 0 0 0 0 0 0 0 0 -4 -4 -15 -14 -15 -15 -15 -16 -14 -17 -15 -17 -15 -18 -15 -19 -15 -19 -15 -20 -15 -20 -15 -21 -15 -21 -14 -21 -14 -22 -14 -22 -15 -21 -15 -21 -15 -21 -15 -21 -15 -21 -15 -21 -16 -21 -16 -20 -16 -20 -15 -20 -15 -19
1786806343.444043,387,128,28 -64 1 0 -16 -17 -16 -17 -16 -16 -16 -15 -16 -15 -16 -15 -17 -14 -17 -14 -17 -14 -17 -14 -17 -13 -17 -13 -17 -12 -17 -12 -17 -12 -17 -11 -17 -12 -17 -12 -16 -11 -15 -11 -14 -10 -14 -9 -13 -9 -13 -10 -13 -10 -4 -3 0 0 0 0 0 0 0 0 0 0 0 0 0 0 0 0 0 0 -4 -3 -14 -13 -14 -13 -14 -14 -14 -15 -14 -16 -14 -16 -15 -17 -15 -17 -14 -18 -14 -18 -14 -19 -14 -19 -13 -20 -13 -20 -13 -20 -14 -19 -14 -19 -14 -19 -14 -19 -14 -18 -15 -18 -15 -18 -16 -18 -15 -18 -15 -18 -14 -17
1786806343.502354,860,128,-117 -78 40 0 11 -1 11 -1 11 -1 11 -2 11 -2 11 -2 10 -2 10 -3 10 -3 10 -3 10 -3 10 -3 10 -4 10 -4 10 -4 10 -4 9 -3 9 -3 9 -3 9 -3 8 -3 8 -3 8 -3 8 -3 7 -2 1 -1 0 0 0 0 0 0 0 0 0 0 0 0 0 0 0 0 0 0 2 -1 10 -2 10 -2 10 -2 11 -2 11 -1 12 -1 12 -1 12 0 13 0 13 0 13 1 12 1 12 1 12 1 12 1 12 1 12 1 12 0 12 0 12 0 12 0 12 0 12 0 12 0 11 0 11 0
1786806343.543932,388,128,28 -64 1 0 -20 -16 -20 -16 -19 -15 -19 -15 -19 -14 -19 -14 -20 -14 -20 -13 -21 -13 -20 -13 -20 -12 -20 -12 -20 -12 -20 -11 -20 -11 -19 -11 -19 -11 -19 -11 -18 -11 -18 -11 -17 -10 -16 -9 -16 -9 -15 -10 -15 -10 -4 -3 0 0 0 0 0 0 0 0 0 0 0 0 0 0 0 0 0 0 -5 -3 -18 -10 -18 -11 -18 -12 -18 -13 -18 -14 -19 -15 -19 -15 -19 -16 -19 -16 -18 -17 -18 -17 -18 -18 -18 -18 -18 -19 -18 -18 -18 -18 -19 -17 -19 -18 -19 -18 -19 -18 -19 -18 -19 -17 -19 -17 -19 -17 -18 -17 -18 -17
1786806343.582654,389,128,28 -64 1 0 17 -15 16 -15 16 -15 15 -15 15 -16 15 -16 14 -16 14 -16 13 -16 13 -16 12 -16 12 -16 12 -16 12 -16 12 -16 11 -16 11 -16 11 -16 11 -15 11 -15 10 -14 9 -13 9 -13 10 -13 10 -12 2 -3 0 0 0 0 0 0 0 0 0 0 0 0 0 0 0 0 0 0 3 -4 12 -14 13 -14 13 -14 14 -14 15 -14 16 -14 16 -14 17 -14 17 -14 18 -14 18 -14 18 -13 18 -13 19 -13 19 -13 18 -13 18 -14 18 -14 18 -14 18 -14 18 -14 18 -14 17 -14 17 -15 17 -15 16 -14
1786806343.616159,390,128,28 -64 1 0 1 -25 1 -25 1 -24 1 -24 0 -24 0 -24 -1 -24 -2 -24 -2 -24 -2 -23 -3 -23 -3 -23 -3 -22 -3 -22 -3 -22 -3 -22 -3 -22 -3 -21 -3 -21 -3 -20 -3 -19 -3 -18 -2 -18 -2 -18 -1 -18 -1 -5 0 0 0 0 0 0 0 0 0 0 0 0 0 0 0 0 0 0 -1 -5 -1 -20 -1 -21 0 -21 1 -22 1 -23 1 -23 1 -24 2 -24 3 -24 3 -24 3 -25 4 -25 4 -25 5 -25 4 -25 4 -25 3 -25 3 -25 4 -25 4 -25 4 -25 3 -25 2 -25 2 -25 3 -25 3 -24
1786806343.6492002,391,128,28 -64 1 0 -24 7 -23 7 -23 8 -23 8 -22 9 -22 9 -22 9 -21 9 -21 10 -21 10 -20 10 -20 10 -20 11 -20 11 -19 11 -19 11 -19 10 -19 10 -18 10 -17 10 -16 9 -16 9 -16 9 -16 8 -16 7 -4 1 0 0 0 0 0 0 0 0 0 0 0 0 0 0 0 0 0 0 -5 2 -19 8 -19 7 -20 7 -21 6 -22 6 -22 6 -23 6 -24 6 -24 5 -24 5 -25 5 -25 4 -25 4 -25 3 -25 4 -25 5 -25 5 -25 5 -25 5 -25 5 -25 6 -25 6 -24 6 -24 6 -24 6 -23 6
1786806343.804728,397,128,28 -64 1 0 -22 10 -22 10 -21 10 -21 11 -21 11 -20 11 -20 11 -20 11 -20 12 -19 12 -19 12 -18 11 -18 12 -19 12 -18 12 -18 12 -18 12 -18 11 -17 11 -17 10 -16 10 -15 9 -15 9 -15 8 -15 8 -4 2 0 0 0 0 0 0 0 0 0 0 0 0 0 0 0 0 0 0 -4 3 -16 12 -17 11 -18 11 -19 11 -20 11 -20 11 -21 10 -21 10 -22 10 -22 10 -23 9 -23 9 -23 8 -23 8 -23 8 -23 9 -23 9 -23 9 -23 9 -23 10 -23 10 -23 10 -23 10 -23 10 -22 10 -21 10
1786806343.843339,398,128,28 -64 1 0 -17 17 -17 17 -17 17 -16 17 -16 17 -15 17 -15 17 -14 17 -14 18 -13 18 -13 18 -12 18 -12 18 -12 18 -12 18 -11 18 -11 17 -11 17 -11 16 -11 16 -10 15 -9 14 -9 14 -10 14 -10 13 -3 3 0 0 0 0 0 0 0 0 0 0 0 0 0 0 0 0 0 0 -4 4 -13 15 -14 15 -14 15 -15 15 -16 15 -17 15 -17 16 -18 16 -19 15 -19 15 -19 15 -19 15 -20 15 -20 15 -20 15 -20 15 -19 15 -19 15 -19 15 -19 16 -19 16 -19 16 -18 16 -18 16 -19 16 -19 16
1786806343.879631,398,128,28 -64 1 0 -6 -22 -6 -22 -6 -21 -6 -21 -6 -21 -6 -21 -7 -20 -7 -20 -8 -20 -8 -20 -8 -19 -8 -19 -8 -19 -8 -19 -8 -18 -8 -18 -8 -18 -8 -18 -7 -18 -7 -17 -7 -16 -6 -15 -6 -15 -6 -15 -5 -15 -2 -4 0 0 0 0 0 0 0 0 0 0 0 0 0 0 0 0 0 0 -2 -5 -7 -17 -7 -18 -6 -19 -6 -19 -6 -20 -6 -21 -6 -21 -5 -22 -5 -22 -4 -22 -4 -23 -4 -23 -3 -23 -3 -23 -3 -23 -4 -23 -4 -22 -4 -23 -4 -23 -4 -23 -4 -23 -5 -23 -5 -22 -5 -22 -4 -22 -4 -21
1786806343.9101188,1833,128,28 -64 1 0 24 16 24 14 23 11 21 9 20 7 19 7 17 7 15 8 15 10 15 13 15 15 16 17 20 19 23 19 24 19 24 19 25 19 24 17 23 16 22 15 19 15 15 15 11 15 7 16 4 16 0 4 0 0 0 0 0 0 0 0 0 0 0 0 0 0 0 0 0 0 2 1 11 7 11 8 12 9 12 8 11 9 10 10 10 11 9 11 8 11 8 11 7 11 6 12 6 12 6 12 6 12 5 13 4 14 5 16 6 17 7 19 8 20 9 20 10 22 13 23 16 23 16 22
1786806343.9464,399,128,28 -64 1 0 16 -15 16 -15 16 -15 16 -15 16 -16 15 -16 14 -16 14 -16 14 -16 13 -16 13 -16 12 -16 12 -16 13 -16 12 -16 12 -16 12 -16 12 -15 12 -15 11 -15 10 -14 10 -13 10 -13 10 -13 10 -12 2 -3 0 0 0 0 0 0 0 0 0 0 0 0 0 0 0 0 0 0 2 -4 12 -14 12 -13 13 -13 14 -13 15 -13 16 -13 16 -13 16 -13 17 -13 18 -13 17 -13 17 -13 18 -13 18 -12 18 -12 18 -13 18 -13 18 -14 18 -14 18 -14 18 -14 18 -14 17 -14 17 -14 17 -14 17 -14
1786806343.985009,1834,128,28 -64 1 0 -27 -5 -27 -4 -26 -2 -25 -2 -25 0 -23 1 -21 0 -20 -2 -21 -3 -23 -3 -24 -2 -25 -2 -26 -3 -28 -4 -29 -3 -29 -2 -28 -1 -28 -2 -27 -3 -26 -3 -25 -4 -22 -5 -20 -7 -18 -9 -16 -11 -4 -3 0 0 0 0 0 0 0 0 0 0 0 0 0 0 0 0 0 0 -5 0 -18 1 -18 3 -18 4 -18 4 -19 3 -18 2 -17 0 -16 -1 -15 -3 -14 -6 -14 -8 -14 -10 -14 -11 -15 -12 -16 -13 -17 -14 -18 -13 -21 -13 -23 -12 -24 -12 -24 -11 -25 -10 -25 -10 -27 -10 -27 -9 -27 -8
1786806344.021339,400,128,28 -64 1 0 -17 12 -17 13 -17 13 -16 13 -16 13 -16 14 -15 14 -15 14 -15 14 -14 14 -14 14 -13 14 -13 14 -14 14 -13 14 -13 14 -13 14 -13 13 -13 13 -12 12 -11 12 -11 11 -11 11 -12 11 -12 10 -3 2 0 0 0 0 0 0 0 0 0 0 0 0 0 0 0 0 0 0 -3 3 -12 12 -13 12 -14 12 -15 12 -16 12 -16 12 -16 12 -17 12 -17 12 -18 12 -18 11 -18 11 -19 11 -19 10 -19 11 -19 11 -18 11 -18 11 -19 12 -19 12 -19 12 -18 12 -18 12 -18 12 -18 12 -18 12
1786806344.055607,401,128,28 -64 1 0 -11 19 -11 19 -10 19 -10 19 -10 19 -9 19 -8 19 -8 19 -7 19 -7 19 -7 19 -7 18 -7 19 -7 19 -7 18 -6 18 -6 18 -6 18 -6 17 -6 16 -5 15 -5 15 -5 15 -6 14 -6 14 -2 3 0 0 0 0 0 0 0 0 0 0 0 0 0 0 0 0 0 0 -2 4 -7 16 -7 16 -8 16 -9 16 -9 17 -10 17 -10 18 -11 18 -11 18 -12 18 -12 18 -13 18 -13 18 -13 18 -13 18 -13 18 -12 18 -12 18 -13 19 -13 19 -12 19 -12 19 -11 19 -12 18 -12 18 -12 18
1786806344.139183,402,128,28 -64 1 0 20 -7 20 -7 20 -8 19 -8 19 -8 19 -8 18 -9 18 -9 18 -10 18 -10 17 -10 16 -10 17 -10 17 -10 17 -10 16 -10 16 -10 16 -9 16 -9 15 -9 14 -9 13 -8 13 -8 13 -8 13 -7 3 -2 0 0 0 0 0 0 0 0 0 0 0 0 0 0 0 0 0 0 3 -2 16 -8 16 -7 17 -7 17 -7 18 -7 19 -7 19 -6 20 -6 20 -6 21 -5 21 -5 21 -5 21 -5 21 -4 21 -5 21 -5 21 -5 21 -6 21 -6 21 -6 21 -6 21 -6 21 -6 21 -6 21 -6 21 -6
1786806344.175382,403,128,28 -64 1 0 -4 -23 -4 -23 -4 -22 -4 -22 -4 -22 -5 -21 -5 -21 -6 -21 -7 -21 -7 -21 -7 -20 -7 -20 -7 -20 -7 -20 -7 -19 -7 -19 -7 -19 -7 -19 -7 -19 -6 -18 -6 -16 -6 -16 -5 -15 -5 -16 -4 -16 -1 -4 0 0 0 0 0 0 0 0 0 0 0 0 0 0 0 0 0 0 -2 -5 -6 -18 -5 -18 -5 -19 -4 -20 -4 -20 -4 -21 -4 -22 -3 -22 -3 -22 -2 -23 -2 -23 -2 -23 -1 -24 -1 -24 -1 -24 -2 -23 -2 -23 -2 -23 -2 -24 -2 -24 -2 -24 -3 -23 -3 -23 -3 -23 -2 -23 -2 -22
1786806344.213398,404,128,28 -64 1 0 -22 -10 -22 -10 -22 -10 -22 -9 -22 -9 -22 -8 -22 -8 -22 -8 -23 -7 -23 -7 -23 -6 -22 -6 -22 -6 -22 -6 -22 -6 -21 -5 -21 -6 -22 -6 -21 -6 -20 -6 -19 -5 -18 -5 -18 -5 -18 -6 -17 -6 -5 -2 0 0 0 0 0 0 0 0 0 0 0 0 0 0 0 0 0 0 -5 -2 -20 -6 -20 -7 -20 -8 -20 -9 -21 -9 -21 -10 -22 -11 -22 -11 -22 -12 -21 -12 -21 -12 -21 -13 -21 -13 -21 -14 -21 -14 -21 -13 -21 -13 -22 -13 -22 -13 -22 -12 -22 -12 -22 -12 -22 -11 -22 -11 -21 -11 -21 -11
1786806344.2554371,405,128,28 -64 1 0 -17 18 -14 14 -11 9 -9 4 -8 -1 -9 -6 -10 -11 -12 -15 -15 -19 -18 -21 -20 -21 -21 -21 -23 -20 -23 -19 -22 -17 -20 -14 -17 -12 -12 -11 -8 -9 -4 -8 0 -7 5 -7 9 -8 12 -9 14 -9 3 -3 0 0 0 0 0 0 0 0 0 0 0 0 0 0 0 0 0 0 1 -1 5 -3 6 1 8 6 11 11 14 15 17 18 19 21 22 22 23 23 24 23 24 21 22 18 19 15 16 13 11 10 6 8 0 7 -5 7 -11 8 -17 10 -21 12 -24 15 -26 18 -26 20 -25 22 -22 22
1786806344.294084,406,128,28 -64 1 0 -22 -10 -23 -10 -23 -10 -23 -9 -22 -8 -23 -8 -23 -7 -23 -7 -23 -7 -23 -7 -23 -6 -22 -6 -23 -5 -23 -5 -23 -5 -22 -5 -22 -5 -22 -5 -22 -5 -21 -5 -20 -4 -19 -4 -18 -4 -18 -5 -18 -6 -5 -2 0 0 0 0 0 0 0 0 0 0 0 0 0 0 0 0 0 0 -5 -2 -19 -7 -19 -8 -19 -9 -19 -9 -20 -10 -21 -11 -21 -12 -21 -12 -21 -13 -21 -13 -21 -14 -21 -14 -21 -15 -21 -15 -21 -14 -21 -13 -21 -13 -22 -13 -21 -13 -22 -13 -22 -13 -22 -12 -22 -12 -22 -12 -21 -12 -21 -12
1786806344.3357592,407,128,28 -64 1 0 -13 -20 -13 -20 -13 -19 -13 -19 -13 -18 -13 -18 -14 -18 -14 -18 -15 -18 -15 -17 -15 -17 -15 -16 -15 -16 -15 -16 -14 -15 -14 -15 -14 -15 -14 -15 -13 -15 -13 -14 -12 -13 -12 -12 -12 -12 -11 -13 -11 -13 -3 -4 0 0 0 0 0 0 0 0 0 0 0 0 0 0 0 0 0 0 -3 -4 -12 -14 -12 -15 -12 -16 -11 -16 -12 -17 -12 -18 -12 -19 -12 -19 -11 -20 -11 -20 -11 -21 -12 -21 -11 -21 -11 -21 -11 -21 -11 -21 -12 -21 -12 -21 -11 -21 -11 -21 -11 -21 -12 -21 -13 -20 -12 -20 -12 -20 -11 -19
1786806344.363702,408,128,28 -64 1 0 23 4 23 4 23 4 23 3 23 3 22 2 23 2 23 2 23 1 22 1 22 0 21 0 21 0 22 0 21 -1 21 -1 21 0 21 0 20 0 19 -1 18 -1 17 -1 17 -1 17 0 17 0 4 0 0 0 0 0 0 0 0 0 0 0 0 0 0 0 0 0 0 0 4 0 19 2 19 2 19 3 20 4 21 4 21 5 22 6 22 6 22 6 22 7 22 7 22 8 23 8 23 8 23 8 22 7 23 7 23 7 23 7 23 7 23 6 23 6 23 6 23 6 23 6 23 6
1786806344.405334,409,128,28 -64 1 0 -17 -16 -18 -15 -17 -15 -17 -15 -17 -14 -17 -14 -18 -13 -18 -13 -18 -13 -18 -12 -18 -12 -18 -11 -18 -11 -18 -11 -18 -11 -17 -10 -17 -11 -17 -11 -17 -11 -16 -10 -15 -9 -14 -8 -14 -8 -14 -9 -14 -9 -4 -3 0 0 0 0 0 0 0 0 0 0 0 0 0 0 0 0 0 0 -4 -3 -15 -11 -15 -12 -15 -13 -15 -14 -16 -14 -16 -15 -16 -16 -16 -16 -16 -17 -16 -17 -16 -18 -16 -18 -15 -18 -15 -19 -15 -18 -16 -18 -16 -17 -16 -17 -16 -17 -16 -17 -16 -17 -17 -17 -17 -17 -17 -16 -16 -16 -16 -16
1786806344.438622,410,128,28 -64 1 0 6 -24 5 -24 5 -24 5 -24 5 -24 4 -24 3 -24 3 -24 2 -24 2 -23 1 -23 1 -23 1 -23 2 -23 1 -23 1 -22 1 -22 1 -22 1 -21 1 -20 1 -19 1 -18 1 -18 2 -18 2 -18 0 -5 0 0 0 0 0 0 0 0 0 0 0 0 0 0 0 0 0 0 0 -5 2 -20 2 -21 3 -21 4 -22 5 -22 5 -23 5 -23 6 -23 7 -23 7 -24 7 -24 7 -24 8 -24 9 -24 9 -24 8 -24 7 -24 7 -24 8 -24 8 -25 8 -25 7 -24 6 -24 7 -24 7 -24 7 -23
1786806344.468052,411,128,28 -64 1 0 18 12 19 12 18 12 18 11 18 11 18 10 18 10 19 10 19 10 19 9 18 9 18 8 18 8 18 8 18 8 18 7 18 8 18 8 17 8 16 7 15 7 14 6 14 6 14 7 14 7 3 1 0 0 0 0 0 0 0 0 0 0 0 0 0 0 0 0 0 0 4 1 16 7 16 8 16 9 16 10 17 10 17 11 18 12 18 12 17 13 17 13 17 13 17 14 17 15 17 15 17 15 17 14 18 14 18 14 18 14 17 14 18 14 18 14 18 13 18 13 17 13 17 13
1786806344.5415401,412,128,28 -64 1 0 22 8 22 8 22 7 22 7 21 6 21 6 22 5 22 5 22 4 22 4 21 4 21 4 21 3 22 3 21 3 21 3 21 3 21 4 20 4 19 3 18 3 17 3 17 3 17 4 17 4 4 1 0 0 0 0 0 0 0 0 0 0 0 0 0 0 0 0 0 0 4 0 19 4 19 4 19 5 20 6 20 7 21 8 21 8 21 9 21 10 21 10 21 10 21 11 21 11 21 12 21 12 21 11 21 10 21 10 21 10 21 10 22 10 22 9 22 9 22 9 21 9 21 9
1786806344.572145,864,128,-117 -78 40 0 11 -3 11 -3 10 -3 10 -4 10 -4 10 -4 10 -4 10 -4 9 -5 9 -5 9 -5 9 -5 9 -5 9 -5 9 -5 9 -5 9 -5 8 -5 8 -5 8 -5 8 -5 7 -5 7 -4 7 -4 7 -4 1 -1 0 0 0 0 0 0 0 0 0 0 0 0 0 0 0 0 0 0 2 -1 9 -4 10 -4 10 -4 10 -4 11 -3 11 -3 11 -3 12 -3 12 -2 12 -2 12 -2 12 -2 12 -1 12 -1 12 -1 12 -1 12 -2 12 -2 12 -2 11 -2 11 -2 11 -2 11 -2 11 -3 11 -3 11 -3
1786806344.610917,413,128,28 -64 1 0 -25 -5 -25 -5 -25 -5 -24 -4 -24 -4 -24 -3 -24 -3 -24 -3 -24 -2 -24 -2 -24 -2 -23 -1 -23 -1 -23 -1 -23 -1 -22 -1 -22 -1 -22 -2 -22 -2 -21 -1 -19 -1 -18 -1 -18 -1 -18 -2 -18 -2 -5 -1 0 0 0 0 0 0 0 0 0 0 0 0 0 0 0 0 0 0 -6 0 -21 -1 -21 -1 -22 -2 -22 -3 -23 -4 -24 -4 -24 -5 -24 -5 -24 -5 -24 -6 -25 -6 -25 -7 -25 -8 -25 -8 -25 -8 -25 -7 -25 -7 -25 -7 -25 -7 -25 -7 -25 -7 -25 -6 -25 -6 -25 -6 -25 -6 -24 -6
1786806344.6442711,416,128,28 -64 1 0 8 -21 8 -21 7 -21 7 -21 7 -21 6 -21 6 -21 5 -21 5 -21 4 -21 4 -21 3 -20 3 -20 3 -20 3 -20 3 -20 3 -20 3 -19 3 -19 3 -18 3 -17 2 -17 3 -16 3 -16 4 -16 1 -4 0 0 0 0 0 0 0 0 0 0 0 0 0 0 0 0 0 0 1 -5 5 -18 5 -18 6 -18 7 -19 8 -19 8 -19 8 -20 9 -20 9 -20 10 -20 10 -20 11 -20 11 -20 11 -20 11 -20 10 -20 10 -20 10 -20 11 -20 10 -21 10 -21 9 -21 9 -21 9 -20 9 -20 9 -20
1786806344.683263,1835,128,28 -64 1 0 -22 -22 -24 -21 -27 -18 -30 -16 -30 -14 -29 -11 -26 -9 -24 -8 -23 -9 -22 -10 -21 -13 -21 -15 -21 -16 -22 -18 -23 -21 -24 -22 -25 -22 -26 -23 -25 -23 -25 -23 -24 -22 -20 -21 -17 -20 -13 -21 -9 -21 -2 -6 0 0 0 0 0 0 0 0 0 0 0 0 0 0 0 0 0 0 -4 -1 -15 -1 -16 -1 -15 -1 -14 -1 -12 -2 -11 -4 -9 -5 -8 -6 -7 -7 -5 -9 -5 -12 -4 -15 -6 -16 -9 -17 -12 -17 -14 -17 -14 -18 -15 -16 -16 -15 -17 -14 -17 -13 -17 -12 -16 -13 -16 -15 -15 -16 -15 -16
1786806344.716649,417,128,28 -64 1 0 9 -22 9 -22 8 -21 8 -21 8 -22 8 -22 7 -21 6 -21 6 -21 5 -21 5 -21 5 -21 5 -21 5 -21 5 -21 5 -20 4 -20 5 -20 5 -19 5 -19 4 -18 4 -17 4 -16 4 -16 5 -16 1 -4 0 0 0 0 0 0 0 0 0 0 0 0 0 0 0 0 0 0 1 -5 4 -19 5 -19 6 -20 7 -20 8 -20 8 -21 8 -21 9 -21 10 -21 10 -21 10 -21 10 -21 11 -21 12 -21 12 -21 11 -21 10 -21 10 -22 11 -22 11 -22 11 -22 10 -22 10 -22 10 -21 10 -21 10 -21
1786806344.7554429,1836,128,28 -64 1 0 -36 -3 -35 0 -34 4 -31 7 -28 8 -24 8 -21 6 -19 3 -18 0 -18 -5 -18 -9 -20 -13 -23 -16 -27 -19 -30 -18 -32 -17 -34 -16 -33 -16 -33 -15 -31 -14 -29 -12 -24 -11 -19 -12 -14 -13 -9 -13 -2 -4 0 0 0 0 0 0 0 0 0 0 0 0 0 0 0 0 0 0 -3 3 -10 12 -10 12 -10 12 -11 11 -12 10 -12 7 -13 4 -14 3 -15 1 -17 -1 -17 -2 -18 -2 -19 -2 -19 -3 -20 -2 -20 -1 -19 0 -18 -2 -19 -3 -18 -4 -18 -6 -19 -8 -19 -11 -22 -11 -26 -11 -28 -11
1786806344.7888288,418,128,28 -64 1 0 9 -23 9 -23 9 -23 9 -23 8 -23 8 -23 7 -23 7 -23 6 -23 5 -23 5 -23 5 -22 5 -22 5 -22 5 -22 5 -22 5 -21 5 -21 5 -21 5 -20 4 -19 4 -18 4 -17 5 -17 5 -17 1 -5 0 0 0 0 0 0 0 0 0 0 0 0 0 0 0 0 0 0 1 -5 5 -21 5 -21 6 -21 7 -21 8 -22 8 -22 9 -23 9 -23 10 -23 10 -23 11 -23 11 -23 12 -23 12 -23 12 -23 11 -23 11 -23 11 -23 11 -23 11 -23 11 -23 11 -23 10 -23 10 -23 11 -23 11 -23
1786806344.8305159,419,128,28 -64 1 0 -18 -16 -19 -16 -19 -16 -19 -15 -18 -15 -18 -14 -19 -14 -20 -14 -20 -13 -20 -13 -20 -13 -19 -12 -19 -12 -20 -12 -19 -12 -19 -11 -19 -12 -19 -12 -18 -12 -17 -11 -17 -10 -16 -9 -16 -9 -15 -10 -15 -11 -4 -3 0 0 0 0 0 0 0 0 0 0 0 0 0 0 0 0 0 0 -4 -3 -16 -11 -16 -12 -16 -13 -16 -14 -17 -14 -17 -15 -17 -16 -17 -16 -17 -17 -17 -17 -17 -18 -17 -18 -16 -19 -16 -19 -16 -19 -17 -18 -17 -18 -17 -18 -17 -18 -17 -18 -17 -18 -18 -18 -18 -18 -18 -17 -17 -17 -17 -17
1786806344.866654,420,128,28 -64 1 0 -4 -24 -4 -24 -4 -24 -4 -23 -4 -23 -5 -23 -6 -23 -7 -23 -7 -23 -7 -22 -7 -22 -7 -21 -8 -21 -8 -21 -7 -21 -8 -20 -8 -20 -8 -20 -8 -20 -7 -19 -7 -18 -7 -17 -6 -17 -6 -17 -5 -17 -2 -5 0 0 0 0 0 0 0 0 0 0 0 0 0 0 0 0 0 0 -1 -5 -4 -19 -4 -20 -3 -21 -2 -21 -2 -22 -2 -23 -2 -23 -2 -24 -1 -24 0 -24 0 -25 0 -25 1 -25 1 -25 0 -25 0 -24 -1 -24 -1 -25 -1 -25 -1 -25 -1 -25 -2 -25 -2 -25 -2 -24 -1 -24 -1 -24
1786806344.90044,421,128,28 -64 1 0 -9 20 -8 20 -8 20 -8 20 -7 20 -7 20 -6 20 -5 21 -5 21 -5 21 -5 20 -4 20 -4 20 -4 20 -4 20 -4 20 -4 20 -4 19 -4 19 -4 18 -4 17 -4 16 -5 16 -5 16 -5 15 -2 3 0 0 0 0 0 0 0 0 0 0 0 0 0 0 0 0 0 0 -1 4 -4 18 -4 18 -5 19 -6 19 -7 20 -7 20 -8 21 -9 21 -9 21 -10 21 -11 21 -11 20 -11 20 -12 20 -12 20 -11 20 -10 20 -10 20 -11 20 -11 21 -10 21 -10 21 -9 21 -10 20 -10 21 -10 21
1786806345.0439281,428,128,28 -64 1 0 -22 12 -22 12 -21 12 -21 12 -20 12 -20 13 -20 13 -19 13 -19 14 -19 14 -18 14 -17 14 -17 14 -18 14 -18 14 -17 14 -17 14 -17 13 -17 13 -16 12 -15 12 -15 12 -15 11 -15 11 -15 10 -4 2 0 0 0 0 0 0 0 0 0 0 0 0 0 0 0 0 0 0 -4 2 -15 10 -16 10 -16 10 -17 9 -18 9 -19 9 -19 9 -20 9 -21 9 -21 9 -21 9 -21 9 -22 8 -22 8 -22 9 -22 9 -22 9 -22 10 -22 10 -22 10 -22 10 -22 10 -22 11 -22 11 -22 10 -22 10
1786806345.077078,2040,128,-76 64 11 0 23 23 21 20 20 19 19 20 20 21 21 20 22 19 21 19 19 17 19 15 19 15 17 14 14 12 13 13 13 13 14 11 15 12 14 12 11 11 9 11 9 10 9 9 8 10 7 11 5 11 1 2 0 0 0 0 0 0 0 0 0 0 0 0 0 0 0 0 0 0 1 0 5 3 7 6 9 11 12 12 14 11 14 12 13 13 13 15 14 17 14 16 15 16 15 18 16 20 18 19 18 19 18 20 18 22 18 24 19 24 20 23 21 26 23 27 24 26 22 26 22 26 24 26
1786806345.1161458,2041,128,-76 64 11 0 -24 -19 -21 -18 -20 -17 -20 -17 -18 -17 -18 -16 -21 -15 -22 -15 -21 -15 -20 -13 -20 -12 -19 -12 -18 -13 -18 -11 -17 -9 -16 -9 -15 -9 -13 -9 -12 -9 -13 -10 -12 -10 -11 -10 -9 -9 -8 -8 -8 -8 -2 -3 0 0 0 0 0 0 0 0 0 0 0 0 0 0 0 0 0 0 -3 -2 -11 -7 -12 -8 -13 -10 -12 -10 -11 -10 -12 -12 -13 -13 -13 -14 -14 -14 -14 -15 -14 -17 -15 -19 -16 -19 -16 -19 -17 -20 -19 -19 -20 -18 -20 -19 -19 -20 -18 -21 -19 -21 -19 -22 -20 -23 -22 -22 -22 -19 -20 -19
1786806345.152211,2042,128,-76 64 11 0 -31 -1 -30 -1 -29 -1 -27 1 -26 2 -26 1 -27 1 -27 1 -26 1 -22 0 -19 0 -18 -1 -20 -2 -21 -1 -19 -1 -18 -1 -18 -3 -18 -3 -16 -3 -15 -3 -14 -2 -14 -2 -13 -2 -10 -2 -7 -3 -2 -1 0 0 0 0 0 0 0 0 0 0 0 0 0 0 0 0 0 0 -2 0 -8 1 -12 1 -16 2 -16 1 -16 -1 -18 -3 -19 -3 -20 -3 -20 -2 -20 -1 -22 0 -24 -1 -23 -3 -24 -2 -26 -1 -26 -2 -28 -4 -29 -4 -27 -2 -26 -1 -26 -1 -28 -1 -30 -3 -31 -3 -33 -3 -33 -3
1786806345.185496,2043,128,-128 0 8 0 -32 3 -28 5 -27 5 -27 6 -26 5 -25 3 -25 2 -25 2 -24 3 -23 4 -20 5 -19 2 -20 0 -21 1 -21 2 -19 2 -18 1 -16 0 -14 -1 -14 -2 -15 -2 -15 -2 -13 -2 -11 -3 -9 -5 -3 -2 0 0 0 0 0 0 0 0 0 0 0 0 0 0 0 0 0 0 -2 1 -8 8 -11 7 -12 3 -10 2 -11 4 -16 5 -18 4 -20 4 -21 6 -21 3 -21 1 -20 4 -19 5 -22 4 -24 3 -24 4 -23 3 -25 2 -28 1 -29 3 -30 4 -31 4 -31 4 -30 4 -31 4 -32 6
1786806345.218786,430,128,28 -64 1 0 18 15 18 15 18 14 18 14 18 13 19 13 19 13 19 12 19 12 19 11 19 11 19 11 19 11 19 10 19 10 18 10 19 10 18 10 18 10 17 9 16 8 15 8 15 8 15 8 15 9 3 2 0 0 0 0 0 0 0 0 0 0 0 0 0 0 0 0 0 0 3 2 15 10 15 11 15 12 15 12 15 13 16 14 16 15 16 15 16 16 16 16 16 16 16 17 16 17 16 18 16 18 16 17 16 16 17 17 17 17 17 17 17 16 17 16 18 16 18 16 17 15 17 15
1786806345.2520351,431,128,28 -64 1 0 21 -4 21 -4 21 -4 21 -5 21 -5 20 -6 20 -6 20 -6 20 -6 20 -6 19 -7 19 -7 19 -7 19 -7 19 -7 18 -7 18 -7 18 -7 18 -6 17 -6 16 -6 15 -6 15 -6 15 -5 15 -4 3 -1 0 0 0 0 0 0 0 0 0 0 0 0 0 0 0 0 0 0 4 -2 16 -5 17 -4 17 -4 18 -4 19 -3 19 -3 20 -3 20 -2 21 -2 21 -2 21 -1 21 -1 21 -1 21 0 21 -1 21 -1 21 -2 21 -2 22 -2 22 -2 22 -2 22 -2 22 -3 21 -2 21 -2 22 -2
1786806345.282673,2044,128,-128 0 8 0 -4 28 -5 25 -2 25 0 25 0 24 -1 22 -1 21 0 20 0 20 0 19 1 18 2 19 1 20 0 17 -1 14 -1 13 1 12 2 11 1 13 0 14 -2 12 -3 11 -5 10 -4 9 -2 8 -1 1 0 0 0 0 0 0 0 0 0 0 0 0 0 0 0 0 0 0 0 3 3 14 2 13 -2 13 -6 11 -6 10 -5 14 -7 18 -7 18 -6 15 -4 15 -5 18 -6 22 -7 23 -7 21 -7 20 -8 22 -7 25 -5 26 -5 27 -7 28 -8 28 -6 29 -5 30 -2 27 0 26 -2 26
1786806345.316,2045,128,-128 0 8 0 27 -12 26 -9 25 -8 25 -9 24 -11 22 -13 21 -13 21 -12 21 -12 18 -11 16 -10 16 -10 17 -10 17 -8 16 -8 15 -10 13 -10 12 -7 12 -6 11 -7 12 -7 11 -6 8 -6 7 -5 7 -4 2 -1 0 0 0 0 0 0 0 0 0 0 0 0 0 0 0 0 0 0 3 -2 13 -4 11 -4 11 -4 14 -4 17 -5 17 -5 16 -2 17 -2 19 -5 19 -6 19 -3 19 -1 21 -2 22 -5 23 -5 25 -4 27 -5 28 -5 28 -5 27 -5 27 -5 27 -6 26 -6 27 -7 27 -6 26 -6
1786806345.349293,2046,128,98 32 6 0 3 -27 5 -25 4 -25 1 -27 2 -27 3 -25 3 -25 1 -24 -1 -23 -2 -23 -1 -22 -1 -21 -1 -20 0 -19 1 -19 1 -18 1 -16 0 -13 2 -13 2 -12 2 -10 4 -10 5 -10 5 -9 5 -8 1 -2 0 0 0 0 0 0 0 0 0 0 0 0 0 0 0 0 0 0 1 -2 5 -10 2 -17 1 -19 0 -17 -1 -16 0 -16 2 -19 5 -22 6 -21 7 -21 7 -23 5 -23 4 -22 5 -23 6 -25 7 -25 7 -25 7 -27 5 -28 4 -27 4 -28 4 -30 5 -30 7 -29 8 -27 7 -26
1786806345.385416,2047,128,98 32 6 0 -29 -2 -28 -3 -28 -4 -27 -6 -25 -5 -24 -2 -23 -1 -22 -1 -20 0 -18 -2 -20 -3 -20 -2 -20 -2 -20 -2 -20 -1 -17 -3 -16 -5 -15 -5 -13 -4 -13 -3 -14 -3 -10 -3 -7 -4 -9 -6 -10 -7 -3 -2 0 0 0 0 0 0 0 0 0 0 0 0 0 0 0 0 0 0 -3 0 -11 0 -11 0 -12 1 -15 4 -17 5 -16 4 -16 1 -17 -2 -21 -3 -24 -2 -24 -1 -23 0 -23 0 -24 -2 -24 -3 -24 -4 -25 -5 -27 -4 -26 -3 -26 -5 -26 -6 -26 -6 -29 -7 -31 -7 -29 -5 -28 -4
1786806345.42164,432,128,28 -64 1 0 15 -15 15 -15 15 -15 15 -16 15 -16 14 -16 14 -16 13 -16 13 -17 12 -17 12 -17 11 -17 12 -17 12 -17 12 -17 12 -16 12 -16 12 -16 11 -15 11 -15 10 -14 10 -14 10 -13 10 -13 10 -12 2 -3 0 0 0 0 0 0 0 0 0 0 0 0 0 0 0 0 0 0 2 -4 10 -14 11 -14 12 -14 13 -14 13 -14 14 -14 14 -14 15 -14 16 -14 16 -14 16 -14 16 -14 17 -14 17 -13 17 -14 17 -14 16 -14 17 -14 17 -14 17 -14 17 -15 17 -15 16 -15 16 -15 16 -14 16 -14
1786806345.45787,433,128,28 -64 1 0 -25 -6 -26 -6 -25 -5 -25 -4 -25 -4 -25 -3 -25 -3 -25 -3 -25 -2 -24 -2 -24 -1 -24 -1 -24 -1 -24 0 -24 0 -23 0 -23 0 -23 -1 -23 -1 -22 0 -20 0 -19 0 -19 0 -19 -1 -19 -1 -5 -1 0 0 0 0 0 0 0 0 0 0 0 0 0 0 0 0 0 0 -5 -1 -20 -3 -21 -4 -21 -5 -21 -5 -22 -6 -23 -6 -24 -7 -24 -7 -24 -8 -24 -8 -24 -8 -24 -9 -24 -9 -24 -10 -24 -10 -25 -9 -25 -8 -25 -8 -25 -8 -25 -8 -25 -8 -25 -7 -25 -7 -25 -7 -25 -7 -24 -7
1786806345.488163,434,128,28 -64 1 0 19 11 19 11 19 10 19 10 19 9 19 9 19 8 19 8 19 8 19 8 19 7 19 7 19 7 19 6 19 6 18 6 18 6 18 6 18 6 17 6 16 5 15 5 15 5 15 6 14 6 3 1 0 0 0 0 0 0 0 0 0 0 0 0 0 0 0 0 0 0 4 1 16 6 16 7 16 7 16 8 17 9 17 10 18 10 18 11 18 11 18 11 18 12 18 12 17 13 18 13 18 13 18 12 18 12 18 12 18 12 18 12 18 12 19 12 19 11 18 11 18 11 18 12
1786806345.5577018,1201,256,-114 -27 88 0 7 -22 7 -22 7 -22 7 -22 6 -22 6 -22 5 -22 4 -22 4 -22 4 -22 3 -22 3 -21 3 -21 3 -22 3 -21 3 -21 3 -21 3 -21 3 -20 3 -19 3 -18 3 -17 3 -17 4 -17 4 -16 1 -4 0 0 0 0 0 0 0 0 0 0 0 0 0 0 0 0 0 0 0 -5 3 -18 4 -18 5 -19 5 -19 6 -20 6 -20 7 -21 7 -21 8 -21 9 -21 9 -21 9 -21 10 -21 10 -21 10 -21 9 -21 8 -21 9 -22 9 -22 9 -22 9 -22 8 -22 8 -22 8 -22 8 -21 8 -21 3 -12 14 -44 14 -42 12 -42 11 -41 11 -42 11 -43 10 -42 9 -42 8 -42 7 -41 6 -41 5 -40 5 -40 5 -40 6 -41 6 -41 6 -40 5 -39 5 -38 5 -37 5 -36 5 -35 5 -33 6 -33 7 -33 7 -31 6 -29 7 -27 2 -7 0 0 0 0 0 0 0 0 0 0 0 -8 2 -31 3 -33 6 -35 8 -35 9 -36 11 -36 12 -37 12 -38 12 -39 13 -39 15 -40 16 -40 16 -40 16 -40 18 -40 19 -41 19 -41 18 -40 17 -41 16 -41 17 -42 17 -42 17 -43 16 -43 14 -41 14 -41 14 -41 13 -40
1786806345.5910459,435,128,28 -64 1 0 -23 0 -23 0 -23 0 -23 1 -22 1 -22 2 -22 2 -22 2 -22 3 -22 3 -21 3 -21 3 -21 3 -21 4 -21 4 -20 4 -20 3 -20 3 -19 3 -19 3 -17 3 -17 3 -16 3 -17 2 -17 2 -5 0 0 0 0 0 0 0 0 0 0 0 0 0 0 0 0 0 0 0 -5 0 -19 2 -19 1 -19 0 -20 0 -21 -1 -21 -1 -22 -1 -22 -2 -22 -2 -23 -2 -23 -3 -23 -3 -23 -4 -23 -4 -23 -4 -23 -3 -23 -3 -23 -2 -24 -2 -24 -2 -24 -2 -23 -2 -23 -1 -23 -1 -23 -1 -23 -1
1786806345.632803,436,128,28 -64 1 0 -14 -18 -14 -18 -14 -17 -14 -17 -14 -17 -14 -16 -15 -16 -15 -16 -16 -16 -16 -16 -16 -15 -16 -14 -16 -14 -16 -14 -15 -14 -15 -13 -15 -14 -15 -14 -15 -13 -14 -13 -13 -12 -13 -11 -12 -11 -12 -12 -12 -12 -3 -3 0 0 0 0 0 0 0 0 0 0 0 0 0 0 0 0 0 0 -4 -4 -13 -13 -12 -14 -12 -15 -12 -15 -12 -16 -13 -17 -13 -17 -13 -18 -12 -18 -12 -19 -12 -19 -12 -19 -11 -20 -11 -20 -11 -20 -12 -19 -12 -19 -13 -19 -12 -20 -12 -19 -13 -19 -13 -19 -14 -19 -13 -19 -12 -18 -12 -18
1786806345.665946,2048,128,98 32 6 0 -9 28 -8 28 -6 28 -5 27 -3 26 -3 25 -3 23 -2 23 -2 23 -1 22 0 20 0 19 -2 19 -3 20 -5 19 -4 18 -3 18 -4 17 -6 16 -6 15 -7 12 -7 11 -7 11 -7 11 -8 11 -2 2 0 0 0 0 0 0 0 0 0 0 0 0 0 0 0 0 0 0 -3 1 -9 7 -4 7 -1 7 -1 9 0 13 -1 16 -4 17 -5 16 -5 16 -5 18 -4 19 -4 18 -6 17 -6 19 -5 21 -6 23 -7 25 -8 24 -10 22 -10 24 -8 26 -7 27 -5 28 -4 27 -6 25 -7 25
1786806345.6938088,2049,128,-128 0 8 0 26 3 29 4 29 5 26 3 24 0 22 -1 22 -1 21 0 22 1 23 1 21 0 18 -2 20 -2 20 -1 18 -1 18 0 19 1 19 2 15 2 13 3 13 2 14 1 13 1 11 1 10 2 2 0 0 0 0 0 0 0 0 0 0 0 0 0 0 0 0 0 0 0 2 0 9 -1 10 -1 10 -1 12 -1 14 2 14 5 16 7 18 7 18 5 17 5 17 6 19 8 21 7 20 7 20 6 22 6 24 6 25 6 27 5 28 6 28 7 30 7 30 4 27 4 25 5 24 8
1786806345.729933,437,128,28 -64 1 0 -1 -25 -1 -25 -1 -24 -1 -24 -2 -24 -2 -23 -3 -23 -4 -23 -4 -23 -4 -23 -4 -23 -4 -22 -5 -22 -4 -22 -4 -22 -4 -22 -4 -21 -4 -21 -4 -21 -4 -20 -4 -19 -4 -18 -3 -17 -2 -17 -2 -18 -1 -5 0 0 0 0 0 0 0 0 0 0 0 0 0 0 0 0 0 0 -1 -5 -4 -19 -3 -20 -2 -20 -2 -21 -1 -22 -2 -22 -1 -23 -1 -23 0 -24 1 -24 1 -24 1 -25 1 -25 2 -25 2 -25 1 -24 0 -24 1 -25 1 -25 1 -25 1 -25 0 -25 0 -25 0 -24 1 -24 1 -23
1786806345.771469,439,128,28 -64 1 0 -20 -14 -20 -14 -20 -13 -20 -12 -20 -12 -20 -11 -20 -11 -20 -11 -20 -11 -20 -11 -20 -10 -20 -9 -20 -9 -20 -9 -20 -9 -19 -8 -19 -8 -19 -9 -19 -8 -18 -8 -17 -7 -16 -7 -16 -7 -15 -8 -15 -8 -4 -2 0 0 0 0 0 0 0 0 0 0 0 0 0 0 0 0 0 0 -5 -3 -17 -10 -17 -10 -17 -11 -17 -12 -17 -13 -18 -14 -19 -14 -19 -14 -18 -15 -18 -15 -18 -16 -18 -16 -18 -17 -18 -17 -18 -17 -18 -16 -19 -16 -19 -16 -19 -16 -19 -16 -19 -15 -19 -15 -20 -15 -19 -15 -18 -14 -18 -14
1786806345.807658,868,128,-117 -78 40 0 -6 -11 -6 -11 -6 -11 -6 -11 -6 -10 -6 -10 -6 -10 -7 -10 -7 -10 -7 -10 -7 -10 -7 -9 -7 -9 -7 -9 -7 -9 -7 -9 -7 -9 -7 -9 -6 -9 -6 -8 -6 -8 -6 -8 -5 -8 -5 -8 -5 -8 -2 -2 0 0 0 0 0 0 0 0 0 0 0 0 0 0 0 0 0 0 -2 -3 -6 -9 -6 -9 -6 -10 -6 -10 -6 -10 -6 -11 -6 -11 -6 -12 -6 -12 -5 -12 -5 -12 -5 -12 -5 -12 -5 -12 -5 -12 -5 -12 -5 -12 -5 -12 -5 -12 -5 -12 -5 -12 -5 -12 -6 -11 -5 -11 -5 -11 -5 -11
1786806345.8409789,441,128,28 -64 1 0 3 -23 3 -23 3 -23 2 -23 2 -23 2 -23 1 -23 1 -23 0 -23 0 -22 -1 -22 -1 -22 -1 -22 -1 -22 -1 -21 -1 -21 -1 -21 -1 -21 0 -20 0 -19 0 -18 -1 -17 0 -17 0 -17 1 -17 0 -5 0 0 0 0 0 0 0 0 0 0 0 0 0 0 0 0 0 0 -1 -5 -1 -19 0 -19 1 -20 1 -20 2 -21 2 -22 2 -22 3 -22 4 -23 4 -23 4 -23 5 -23 5 -23 6 -23 5 -23 5 -23 4 -23 5 -23 5 -23 5 -23 5 -24 4 -24 4 -24 4 -23 4 -23 4 -22
1786806345.871734,442,128,28 -64 1 0 5 -24 5 -24 5 -24 4 -24 4 -24 4 -24 3 -24 2 -24 2 -24 1 -24 0 -23 0 -23 0 -23 0 -23 0 -23 0 -22 0 -22 0 -22 0 -21 0 -20 0 -19 0 -19 0 -18 1 -18 1 -18 0 -5 0 0 0 0 0 0 0 0 0 0 0 0 0 0 0 0 0 0 0 -5 3 -19 3 -20 4 -20 5 -21 5 -21 6 -22 6 -22 7 -23 7 -23 8 -23 8 -23 8 -23 9 -23 9 -23 9 -23 8 -23 7 -23 8 -24 8 -24 8 -24 8 -24 7 -24 6 -24 6 -24 7 -23 7 -23
1786806345.9078321,2052,128,98 32 6 0 -22 18 -19 19 -19 20 -21 20 -20 18 -18 17 -18 17 -18 19 -18 19 -16 16 -14 14 -13 15 -14 15 -14 15 -13 14 -13 12 -14 11 -13 11 -14 9 -13 7 -13 7 -14 6 -13 3 -11 3 -11 3 -3 0 0 0 0 0 0 0 0 0 0 0 0 0 0 0 0 0 0 0 -2 3 -6 12 -7 12 -9 9 -12 9 -13 11 -10 12 -9 13 -11 14 -12 14 -12 15 -12 16 -15 16 -17 17 -16 16 -15 15 -15 16 -18 18 -20 20 -21 23 -21 26 -20 24 -20 21 -20 22 -19 22 -19 21 -18 22
1786806345.93824,2053,128,98 32 6 0 30 0 30 2 29 2 27 0 25 -1 24 -2 24 -3 23 -4 23 -4 22 -1 21 -2 21 -5 21 -4 22 -3 20 -2 18 -1 17 0 17 0 16 1 14 1 11 1 11 1 12 2 12 2 11 0 2 0 0 0 0 0 0 0 0 0 0 0 0 0 0 0 0 0 0 0 2 0 11 1 12 -1 13 -1 15 0 17 0 16 1 17 2 18 4 18 5 18 2 19 1 21 2 23 2 23 2 23 2 23 0 24 1 26 4 26 3 25 3 25 4 24 2 25 -2 27 -3 29 -3 29 -4
1786806345.9745522,443,128,28 -64 1 0 -24 -6 -24 -6 -24 -5 -23 -5 -23 -4 -23 -3 -23 -3 -24 -3 -24 -3 -23 -2 -23 -2 -23 -2 -23 -1 -23 -1 -23 -1 -22 -1 -22 -1 -22 -2 -22 -2 -21 -2 -19 -1 -18 -1 -18 -2 -18 -2 -18 -3 -5 -1 0 0 0 0 0 0 0 0 0 0 0 0 0 0 0 0 0 0 -5 -1 -20 -2 -21 -3 -21 -4 -22 -5 -22 -5 -23 -6 -23 -6 -24 -7 -24 -7 -24 -8 -24 -8 -24 -9 -23 -10 -23 -10 -23 -10 -23 -9 -23 -9 -23 -8 -24 -8 -24 -8 -24 -8 -24 -7 -24 -7 -24 -7 -23 -7 -24 -7
1786806346.010578,444,128,28 -64 1 0 -14 18 -14 18 -13 17 -13 18 -12 18 -12 18 -11 18 -11 18 -11 18 -10 18 -10 18 -10 18 -9 18 -9 18 -9 18 -9 17 -9 17 -9 17 -9 17 -8 16 -8 15 -7 14 -8 14 -8 14 -8 13 -2 3 0 0 0 0 0 0 0 0 0 0 0 0 0 0 0 0 0 0 -3 4 -9 15 -10 15 -11 15 -12 16 -12 16 -13 16 -13 17 -14 17 -14 17 -15 17 -15 17 -16 16 -16 16 -16 16 -16 16 -16 16 -15 16 -16 17 -16 17 -16 17 -16 17 -15 17 -15 17 -15 17 -15 17 -15 17
1786806346.077098,1202,256,-73 112 11 0 14 18 14 18 14 17 14 17 14 16 14 16 15 16 15 16 15 15 15 15 15 14 15 14 15 14 15 14 15 13 14 13 15 13 15 13 14 13 13 12 12 11 12 10 12 10 11 11 11 11 2 2 0 0 0 0 0 0 0 0 0 0 0 0 0 0 0 0 0 0 3 3 13 12 13 13 12 14 12 15 13 16 13 16 13 17 13 18 13 18 13 18 13 19 13 19 12 19 12 20 12 20 12 20 12 19 13 19 13 19 13 19 13 19 13 19 14 19 13 19 13 18 12 18 5 9 22 38 21 38 21 37 23 36 23 36 22 36 22 34 24 34 26 33 27 33 28 32 28 32 28 31 27 31 26 30 25 29 25 28 26 28 26 29 25 28 22 26 21 23 20 22 20 22 19 23 18 24 15 22 14 21 3 5 0 0 0 0 0 0 0 0 0 0 5 5 21 22 21 24 21 27 20 30 19 31 18 33 19 35 20 37 20 38 19 39 18 39 17 39 18 40 18 41 18 42 17 43 17 42 18 41 19 41 20 41 18 41 17 41 18 41 21 40 22 38 21 37 19 37 19 35
1786806346.1050088,445,128,28 -64 1 0 21 9 21 9 21 8 20 8 20 7 20 7 20 6 21 6 21 6 21 5 20 5 20 4 20 4 20 4 20 4 19 4 19 4 19 5 19 5 18 4 17 4 16 3 16 3 16 4 15 5 3 1 0 0 0 0 0 0 0 0 0 0 0 0 0 0 0 0 0 0 4 1 16 4 17 4 17 5 17 6 18 7 19 7 19 8 19 8 19 9 19 9 19 10 20 10 19 11 19 11 19 11 19 10 20 10 20 10 20 10 20 10 20 10 21 10 21 10 20 9 20 9 20 9
1786806346.1884239,1203,256,-73 112 11 0 -13 -17 -14 -16 -14 -15 -14 -15 -14 -15 -14 -15 -14 -15 -15 -15 -15 -15 -15 -14 -15 -14 -14 -13 -14 -13 -14 -13 -14 -13 -14 -13 -14 -13 -13 -13 -13 -13 -12 -12 -12 -12 -11 -11 -11 -11 -11 -11 -11 -12 -3 -3 0 0 0 0 0 0 0 0 0 0 0 0 0 0 0 0 0 0 -4 -3 -14 -10 -14 -11 -14 -12 -14 -12 -14 -13 -14 -14 -15 -14 -14 -15 -14 -15 -14 -16 -14 -16 -14 -16 -13 -17 -13 -17 -13 -17 -13 -17 -14 -17 -14 -17 -13 -17 -13 -17 -14 -17 -14 -17 -14 -17 -14 -17 -14 -17 -15 -16 -7 -8 -25 -30 -24 -32 -25 -32 -26 -31 -26 -30 -25 -29 -26 -28 -27 -28 -27 -28 -28 -28 -28 -28 -28 -26 -27 -25 -27 -25 -27 -25 -26 -24 -26 -24 -26 -24 -27 -24 -26 -24 -24 -23 -22 -21 -22 -19 -21 -19 -19 -20 -19 -20 -17 -20 -16 -19 -4 -5 0 0 0 0 0 0 0 0 0 0 -6 -5 -23 -17 -23 -18 -23 -21 -23 -23 -23 -24 -23 -26 -23 -27 -24 -29 -25 -30 -24 -31 -23 -31 -22 -33 -23 -34 -23 -34 -22 -35 -22 -35 -22 -34 -23 -33 -24 -33 -24 -33 -22 -34 -22 -33 -23 -33 -24 -33 -25 -33 -24 -33 -22 -32 -21 -31
1786806346.22452,447,128,28 -64 1 0 -10 -7 -10 -7 -10 -7 -10 -6 -10 -6 -10 -6 -10 -6 -11 -6 -11 -6 -11 -5 -11 -5 -11 -5 -11 -5 -11 -5 -11 -5 -10 -5 -10 -5 -10 -5 -10 -5 -10 -5 -9 -4 -9 -4 -8 -4 -8 -4 -8 -5 -2 -2 0 0 0 0 0 0 0 0 0 0 0 0 0 0 0 0 0 0 -3 -2 -9 -5 -9 -5 -9 -6 -9 -6 -9 -7 -10 -7 -10 -7 -10 -8 -10 -8 -10 -8 -10 -8 -9 -8 -9 -9 -9 -9 -9 -9 -10 -8 -10 -8 -10 -8 -10 -8 -10 -8 -10 -8 -10 -8 -10 -7 -10 -7 -10 -7 -9 -7
1786806346.291169,2214,256,-114 -27 88 0 7 -8 7 -8 7 -8 7 -8 6 -8 6 -8 6 -8 6 -9 6 -9 5 -9 5 -9 5 -9 5 -9 5 -9 5 -9 5 -9 5 -8 5 -8 5 -8 5 -8 4 -8 4 -7 4 -7 4 -7 5 -7 1 -2 0 0 0 0 0 0 0 0 0 0 0 0 0 0 0 0 0 0 1 -2 5 -8 5 -8 6 -8 6 -8 7 -8 7 -8 7 -8 8 -8 8 -7 8 -7 8 -7 8 -7 8 -7 9 -7 9 -7 8 -7 8 -7 8 -7 8 -7 8 -7 8 -8 8 -8 8 -8 8 -8 7 -8 7 -7 8 -8 32 -29 30 -27 29 -27 29 -29 29 -29 28 -29 28 -29 27 -29 26 -30 25 -30 23 -31 22 -31 22 -30 23 -31 23 -32 23 -32 22 -31 22 -30 23 -29 22 -28 21 -28 19 -27 19 -26 19 -25 20 -24 19 -22 18 -21 17 -19 4 -5 0 0 0 0 0 0 0 0 0 0 4 -7 17 -26 19 -27 22 -27 23 -27 24 -26 26 -26 28 -26 29 -26 30 -26 32 -25 33 -25 34 -25 34 -25 34 -24 35 -24 35 -24 35 -24 35 -24 34 -24 34 -25 34 -26 34 -26 34 -26 33 -27 32 -27 31 -27 30 -26 28 -25
1786806346.313397,451,128,28 -64 1 0 9 6 9 6 9 5 9 5 9 5 9 5 9 4 9 4 9 4 9 4 9 4 9 4 9 3 9 3 9 3 9 3 9 3 9 3 9 3 8 3 8 3 7 3 7 3 7 3 7 3 1 0 0 0 0 0 0 0 0 0 0 0 0 0 0 0 0 0 0 0 1 1 7 4 7 5 7 5 7 5 8 6 8 6 8 7 8 7 8 7 8 7 8 7 8 8 8 8 7 8 8 8 8 7 8 7 8 7 8 7 8 7 8 7 9 7 9 7 8 7 8 6 8 6
1786806346.34394,452,128,28 -64 1 0 22 12 22 12 22 11 22 10 22 10 22 10 22 9 23 9 23 8 23 8 22 7 22 7 22 7 22 7 22 7 22 7 22 7 21 8 21 8 20 7 18 6 17 6 17 6 17 7 17 8 4 2 0 0 0 0 0 0 0 0 0 0 0 0 0 0 0 0 0 0 5 1 20 6 20 7 20 8 20 9 21 10 21 11 22 11 22 12 22 13 21 13 21 14 21 14 21 15 21 15 21 15 21 14 21 14 21 14 21 14 21 14 21 13 22 13 22 13 22 13 22 12 22 11
1786806346.368834,453,128,28 -64 1 0 9 6 9 6 9 6 8 6 9 6 9 6 9 5 9 5 9 5 9 5 9 4 9 4 9 5 9 5 9 5 9 4 9 5 9 5 8 5 8 4 7 4 7 4 7 4 7 4 7 4 1 1 0 0 0 0 0 0 0 0 0 0 0 0 0 0 0 0 0 0 2 1 8 4 8 4 8 5 8 5 8 6 8 6 8 6 8 6 8 7 8 7 8 7 8 7 8 8 8 8 8 8 8 7 8 7 8 7 8 7 8 8 8 7 8 7 9 7 8 7 8 7 8 7
1786806346.3965828,453,128,28 -64 1 0 1 12 1 11 1 11 1 11 2 11 2 11 2 11 2 11 2 11 3 10 3 10 3 10 2 10 3 10 3 10 3 10 3 10 2 10 2 9 2 9 2 8 2 8 1 8 1 8 1 8 0 2 0 0 0 0 0 0 0 0 0 0 0 0 0 0 0 0 0 0 0 2 3 9 3 9 2 9 2 10 2 10 2 10 1 11 1 11 1 11 1 12 0 12 0 11 0 12 0 12 0 11 0 11 0 11 0 11 0 12 0 12 0 12 1 11 1 11 1 11 1 11 1 10
1786806346.427242,1838,128,28 -64 1 0 -1 33 2 33 5 31 7 28 8 24 8 20 6 16 3 13 -2 10 -7 10 -12 11 -17 12 -21 13 -23 14 -27 16 -29 17 -30 18 -30 18 -29 17 -28 16 -26 13 -23 10 -20 6 -17 1 -15 -3 -4 -1 0 0 0 0 0 0 0 0 0 0 0 0 0 0 0 0 0 0 0 -4 2 -12 2 -10 2 -7 2 -4 3 0 5 3 6 7 6 11 7 13 8 16 11 18 14 19 15 18 16 17 16 16 16 14 15 12 12 9 9 8 5 8 0 9 -3 11 -5 15 -7 19 -8 23 -7 26
1786806346.466177,455,128,28 -64 1 0 -23 -12 -23 -11 -24 -11 -24 -10 -23 -9 -24 -9 -24 -9 -24 -8 -24 -8 -24 -8 -23 -8 -23 -7 -23 -7 -23 -7 -23 -6 -22 -7 -22 -7 -22 -7 -21 -7 -20 -7 -19 -6 -18 -6 -18 -7 -17 -7 -17 -8 -5 -2 0 0 0 0 0 0 0 0 0 0 0 0 0 0 0 0 0 0 -6 -2 -22 -5 -22 -6 -23 -7 -23 -8 -24 -9 -24 -10 -25 -11 -25 -11 -25 -12 -24 -13 -24 -14 -24 -15 -24 -15 -24 -15 -24 -15 -24 -14 -24 -13 -24 -13 -24 -13 -24 -13 -24 -13 -24 -13 -25 -13 -24 -13 -25 -13 -26 -11
1786806346.496609,456,128,28 -64 1 0 23 8 23 8 24 7 23 6 23 6 23 5 24 5 24 4 24 4 24 3 23 3 22 3 22 3 23 3 23 2 22 3 22 3 22 3 21 3 20 3 19 2 18 2 17 3 17 3 17 4 4 1 0 0 0 0 0 0 0 0 0 0 0 0 0 0 0 0 0 0 5 0 22 3 22 4 22 5 22 6 23 6 24 7 24 8 24 8 24 9 24 10 24 10 24 11 24 11 24 11 24 11 24 10 24 10 24 10 24 10 24 10 24 9 24 9 25 9 24 9 25 8 25 6
1786806346.5299442,457,128,28 -64 1 0 -23 0 -23 0 -23 1 -22 2 -22 2 -22 2 -22 2 -22 3 -22 3 -22 3 -22 3 -21 4 -21 4 -22 4 -21 4 -21 4 -21 3 -21 3 -20 3 -20 3 -19 3 -18 3 -17 2 -17 1 -17 1 -5 0 0 0 0 0 0 0 0 0 0 0 0 0 0 0 0 0 0 0 -5 1 -19 4 -19 3 -20 2 -21 2 -21 1 -22 1 -23 1 -23 0 -23 0 -23 -1 -23 -1 -23 -2 -24 -3 -24 -3 -23 -2 -23 -2 -23 -2 -23 -1 -23 -1 -24 -1 -24 -1 -23 -1 -23 -1 -23 -1 -23 0 -24 1
1786806346.5659919,2068,128,-128 0 8 0 23 -15 22 -15 18 -14 19 -15 21 -16 21 -16 18 -16 17 -15 16 -14 15 -13 15 -12 16 -12 16 -12 15 -13 15 -13 15 -13 14 -12 14 -9 13 -7 11 -7 10 -8 10 -7 11 -5 12 -4 11 -4 2 -1 0 0 0 0 0 0 0 0 0 0 0 0 0 0 0 0 0 0 1 -2 8 -8 10 -9 10 -8 9 -7 9 -9 12 -9 14 -8 15 -9 16 -10 17 -9 16 -8 16 -9 15 -9 15 -9 16 -11 17 -13 21 -13 23 -13 22 -13 21 -13 21 -14 21 -15 22 -14 23 -13 24 -15 26 -17
1786806346.593943,2069,128,-128 0 8 0 12 24 13 23 15 22 15 20 12 19 11 21 13 21 13 20 15 20 15 18 11 14 9 15 9 18 9 18 7 17 5 17 5 17 6 15 6 14 5 14 5 13 4 12 1 11 0 11 0 10 0 2 0 0 0 0 0 0 0 0 0 0 0 0 0 0 0 0 0 0 2 1 9 6 8 6 6 6 5 4 5 5 6 9 5 11 5 11 5 11 7 12 10 13 12 13 13 15 13 17 14 19 14 19 13 17 14 14 14 15 14 17 14 19 15 18 15 19 15 22 15 21 15 17
1786806346.62464,2070,128,98 32 6 0 -4 29 -4 27 -1 24 1 22 1 23 0 23 1 23 3 24 4 24 3 22 1 18 1 18 0 20 -1 18 -2 15 -1 15 0 16 -1 16 -4 14 -5 12 -3 13 -3 14 -3 12 -4 11 -5 11 -2 2 0 0 0 0 0 0 0 0 0 0 0 0 0 0 0 0 0 0 0 2 0 9 1 10 2 10 4 10 4 12 3 12 1 14 -2 15 -3 13 0 13 0 15 0 17 1 19 0 22 -2 24 -3 22 -4 21 -4 22 -2 23 -1 24 0 24 1 26 1 29 3 29 6 30 6 28
1786806346.657824,2071,128,98 32 6 0 -31 3 -32 4 -30 5 -27 6 -26 5 -25 5 -24 4 -23 5 -23 7 -23 7 -22 5 -22 5 -23 4 -23 2 -22 2 -23 2 -24 3 -21 3 -17 2 -17 2 -16 1 -14 -1 -14 -2 -13 -1 -12 1 -3 0 0 0 0 0 0 0 0 0 0 0 0 0 0 0 0 0 0 0 -4 0 -13 0 -12 -1 -13 1 -16 1 -18 -1 -18 0 -19 1 -20 -1 -19 -1 -19 2 -21 3 -22 3 -21 1 -21 1 -23 0 -27 -1 -29 -1 -27 -1 -28 1 -31 2 -29 3 -28 4 -30 4 -31 3 -30 2 -33 1
1786806346.690971,458,128,28 -64 1 0 -3 11 -3 11 -2 11 -2 11 -2 11 -2 11 -1 11 -1 11 -1 11 -1 11 0 11 0 10 0 10 0 11 0 11 0 10 0 10 0 10 -1 10 -1 9 -1 9 -1 8 -1 8 -1 8 -1 8 -1 2 0 0 0 0 0 0 0 0 0 0 0 0 0 0 0 0 0 0 -1 2 -2 9 -2 9 -2 10 -3 10 -3 10 -3 11 -4 11 -4 11 -4 11 -4 11 -4 11 -5 11 -5 11 -5 11 -5 11 -5 11 -4 11 -4 11 -4 11 -4 11 -4 11 -4 11 -3 11 -3 11 -4 11 -4 10
1786806346.718752,459,128,28 -64 1 0 19 6 19 6 19 5 18 4 18 4 18 3 19 3 19 3 19 2 18 2 18 2 18 1 18 1 18 1 18 1 17 1 17 1 17 2 17 2 16 1 15 1 14 1 14 1 14 1 13 2 3 0 0 0 0 0 0 0 0 0 0 0 0 0 0 0 0 0 0 0 3 0 15 3 16 4 16 5 16 5 17 6 17 6 17 7 18 8 18 8 18 8 18 8 18 9 18 9 18 9 17 9 17 9 18 8 18 8 18 8 18 8 18 8 19 7 19 7 18 7 18 7 17 7
1786806346.746649,460,128,28 -64 1 0 10 -6 10 -6 10 -7 9 -7 9 -7 9 -7 9 -7 9 -7 9 -8 8 -8 8 -7 7 -7 7 -8 8 -8 8 -8 8 -7 8 -7 7 -7 7 -7 7 -7 7 -6 6 -6 6 -6 6 -5 6 -5 1 -2 0 0 0 0 0 0 0 0 0 0 0 0 0 0 0 0 0 0 1 -2 7 -6 8 -6 8 -6 9 -6 9 -6 9 -6 10 -6 10 -6 10 -6 11 -6 11 -6 11 -5 11 -5 11 -5 11 -5 11 -5 10 -5 10 -5 11 -6 11 -6 11 -6 10 -6 10 -6 10 -6 10 -6 10 -5
1786806346.785398,461,128,28 -64 1 0 -11 -5 -11 -5 -11 -5 -11 -5 -11 -4 -11 -4 -11 -4 -11 -4 -12 -4 -12 -3 -11 -3 -11 -3 -11 -3 -11 -3 -11 -3 -11 -3 -11 -3 -11 -3 -11 -3 -10 -3 -10 -3 -9 -3 -9 -3 -9 -3 -9 -3 -3 -1 0 0 0 0 0 0 0 0 0 0 0 0 0 0 0 0 0 0 -3 -1 -10 -3 -10 -4 -10 -4 -10 -5 -11 -5 -11 -5 -11 -6 -11 -6 -11 -6 -11 -7 -11 -7 -11 -7 -11 -7 -11 -7 -11 -7 -11 -7 -11 -7 -11 -7 -11 -7 -11 -6 -11 -6 -11 -6 -11 -6 -11 -6 -11 -6 -11 -6
1786806346.821555,872,128,-117 -78 40 0 -25 -4 -25 -4 -25 -3 -25 -3 -24 -2 -24 -2 -24 -2 -23 -1 -23 -1 -23 0 -23 0 -23 1 -23 1 -23 1 -22 1 -22 1 -21 1 -21 0 -20 0 -20 1 -19 1 -19 1 -18 1 -18 0 -17 0 -5 0 0 0 0 0 0 0 0 0 0 0 0 0 0 0 0 0 0 0 -6 0 -23 2 -24 1 -24 1 -25 0 -26 0 -27 -1 -28 -2 -28 -3 -29 -4 -29 -4 -29 -5 -28 -6 -28 -6 -28 -7 -28 -7 -28 -7 -28 -7 -27 -6 -27 -6 -27 -5 -27 -5 -27 -5 -26 -5 -26 -5 -27 -5 -28 -5
1786806346.85214,2072,128,98 32 6 0 31 -2 31 -2 29 -3 27 -6 26 -5 26 -1 25 -2 23 -6 23 -6 23 -5 19 -2 17 0 18 -1 19 -2 19 -2 17 0 15 2 15 3 14 2 14 2 16 3 14 5 10 5 11 5 13 5 3 1 0 0 0 0 0 0 0 0 0 0 0 0 0 0 0 0 0 0 4 -2 15 -5 13 -3 12 -3 11 -5 13 -4 16 -1 16 -2 15 -4 14 -3 16 0 18 2 18 1 20 0 22 2 23 2 24 1 24 -1 25 -3 25 -2 26 -3 26 -4 26 -3 28 -3 30 -3 31 -4 31 -3
1786806346.8855639,2073,128,-128 0 8 0 -28 9 -27 5 -25 3 -25 7 -24 9 -22 8 -23 6 -22 7 -20 9 -19 11 -19 11 -19 10 -17 8 -16 7 -15 6 -15 5 -16 5 -15 4 -14 4 -13 5 -12 3 -11 1 -10 2 -10 2 -9 2 -3 0 0 0 0 0 0 0 0 0 0 0 0 0 0 0 0 0 0 0 -4 0 -13 1 -13 0 -13 -2 -13 -5 -13 -5 -13 -3 -13 -3 -15 -4 -17 -4 -17 -4 -16 -3 -17 -3 -20 -5 -22 -5 -24 -5 -25 -4 -25 -3 -23 -1 -22 -1 -25 -2 -26 -1 -27 1 -28 1 -27 0 -27 -2 -28 -3
1786806346.921727,2074,128,-128 0 8 0 22 -23 24 -24 23 -26 20 -25 19 -23 16 -22 13 -22 14 -19 13 -17 14 -18 15 -20 13 -19 11 -16 12 -17 13 -18 13 -15 12 -15 12 -16 11 -13 8 -10 6 -11 7 -12 8 -10 9 -7 8 -5 2 -1 0 0 0 0 0 0 0 0 0 0 0 0 0 0 0 0 0 0 0 -5 3 -16 5 -10 6 -8 8 -8 9 -11 12 -13 15 -12 15 -11 14 -11 12 -13 14 -15 17 -16 17 -16 19 -14 21 -15 19 -14 18 -13 21 -15 20 -16 20 -18 23 -20 24 -20 22 -20 21 -19 21 -22 21 -24
1786806346.949387,463,128,28 -64 1 0 2 12 2 11 2 11 2 11 2 11 3 11 3 10 3 10 3 10 4 10 4 10 4 9 4 10 4 10 4 9 4 9 4 10 3 9 3 9 3 9 3 8 3 8 2 7 2 8 2 7 0 1 0 0 0 0 0 0 0 0 0 0 0 0 0 0 0 0 0 0 0 2 3 9 2 9 2 9 2 10 1 10 1 11 1 11 1 11 1 12 1 12 1 12 0 12 0 12 0 12 0 12 1 12 1 12 1 12 1 12 1 12 1 12 1 12 2 12 2 11 1 11 1 11
1786806346.977213,465,128,28 -64 1 0 -6 9 -6 9 -5 9 -5 9 -5 9 -5 9 -4 9 -4 9 -4 9 -4 9 -4 9 -4 9 -4 9 -4 9 -4 9 -4 9 -4 9 -4 9 -4 8 -4 8 -3 7 -3 7 -3 7 -4 7 -4 7 -1 1 0 0 0 0 0 0 0 0 0 0 0 0 0 0 0 0 0 0 -1 2 -4 8 -4 8 -4 8 -5 8 -5 8 -5 9 -6 9 -6 9 -6 9 -7 9 -7 9 -7 9 -7 8 -7 8 -7 8 -7 8 -7 8 -6 9 -7 9 -7 9 -6 9 -6 9 -6 9 -6 9 -6 9 -6 9
1786806347.01904,2076,128,-128 0 8 0 -26 -18 -26 -19 -24 -19 -23 -17 -22 -14 -19 -13 -17 -13 -17 -14 -15 -13 -14 -11 -15 -11 -18 -10 -19 -11 -16 -12 -15 -13 -15 -12 -13 -9 -12 -8 -13 -7 -12 -8 -10 -9 -9 -10 -9 -10 -8 -10 -6 -10 -2 -3 0 0 0 0 0 0 0 0 0 0 0 0 0 0 0 0 0 0 -3 -2 -12 -6 -13 -6 -13 -7 -10 -10 -10 -11 -14 -10 -15 -10 -13 -13 -15 -16 -16 -18 -16 -18 -17 -16 -17 -16 -17 -16 -18 -17 -19 -18 -19 -18 -20 -17 -20 -16 -19 -19 -20 -20 -21 -16 -20 -16 -18 -20 -18 -19 -20 -17
1786806347.049391,2077,128,-128 0 8 0 23 24 20 24 19 20 20 18 21 17 23 16 24 17 23 17 22 16 19 15 17 15 16 14 16 12 16 12 15 13 14 13 14 12 13 11 11 10 9 10 8 8 7 9 7 11 6 10 4 10 1 2 0 0 0 0 0 0 0 0 0 0 0 0 0 0 0 0 0 0 3 2 11 9 8 9 5 10 6 12 10 12 13 11 13 13 11 16 9 17 11 17 13 19 11 22 10 26 10 28 13 27 17 25 19 24 17 23 15 23 16 22 19 22 19 24 18 25 17 26 18 27 21 26
1786806347.082788,2078,128,-128 0 8 0 9 -33 7 -30 6 -30 5 -30 7 -30 9 -29 6 -26 5 -25 5 -23 3 -24 2 -25 3 -22 6 -19 8 -20 8 -20 6 -20 4 -20 4 -19 4 -16 4 -14 4 -13 4 -12 4 -12 6 -11 8 -9 2 -3 0 0 0 0 0 0 0 0 0 0 0 0 0 0 0 0 0 0 0 -4 1 -15 2 -14 2 -14 3 -15 3 -17 3 -19 5 -19 5 -18 6 -19 8 -21 10 -23 9 -23 9 -23 11 -22 11 -23 11 -24 11 -25 13 -26 13 -27 11 -27 12 -26 11 -28 8 -28 6 -30 7 -32 10 -32
1786806347.110673,2079,128,-128 0 8 0 28 2 27 3 27 3 27 0 26 -2 24 -1 22 0 21 -1 20 -2 20 -2 19 -1 18 0 18 1 18 0 16 1 14 1 13 2 13 2 12 1 12 1 12 2 11 3 12 4 11 4 7 3 1 0 0 0 0 0 0 0 0 0 0 0 0 0 0 0 0 0 0 0 2 -1 10 -4 11 -2 12 -2 12 -3 12 -2 15 0 17 0 17 0 18 -1 20 0 21 1 22 3 21 4 20 3 20 3 22 4 23 2 24 1 23 2 24 2 23 1 24 0 26 1 27 1 26 1 26 1
1786806347.1467562,467,128,28 -64 1 0 -5 -11 -5 -10 -5 -10 -5 -10 -5 -10 -5 -9 -6 -9 -6 -9 -6 -9 -6 -9 -6 -9 -6 -9 -6 -8 -6 -8 -6 -8 -6 -8 -6 -8 -6 -8 -6 -8 -5 -8 -5 -7 -5 -7 -5 -7 -5 -7 -4 -7 -1 -2 0 0 0 0 0 0 0 0 0 0 0 0 0 0 0 0 0 0 -2 -3 -5 -9 -5 -9 -5 -10 -4 -10 -4 -10 -4 -10 -4 -11 -4 -11 -4 -11 -3 -11 -4 -11 -4 -11 -3 -12 -3 -12 -3 -11 -4 -11 -4 -11 -4 -11 -3 -11 -3 -11 -4 -11 -4 -11 -4 -11 -4 -10 -4 -10 -4 -10
1786806347.177191,467,128,28 -64 1 0 21 9 21 8 21 8 21 7 20 7 20 7 20 6 21 6 21 5 21 5 20 4 20 4 20 4 20 4 20 4 19 4 19 4 19 4 19 4 17 4 16 3 16 3 15 3 15 3 14 4 3 1 0 0 0 0 0 0 0 0 0 0 0 0 0 0 0 0 0 0 4 1 19 5 19 6 19 7 19 8 20 9 21 9 21 10 21 11 21 11 21 12 21 12 20 12 20 13 20 13 20 13 20 12 20 11 20 11 20 11 20 11 21 11 21 11 21 10 21 10 20 10 20 10
1786806347.218824,469,128,28 -64 1 0 -20 -15 -20 -15 -20 -14 -20 -13 -20 -13 -20 -13 -20 -12 -21 -12 -21 -12 -21 -12 -21 -11 -20 -10 -20 -10 -21 -10 -20 -10 -20 -10 -20 -10 -19 -10 -19 -10 -18 -10 -17 -9 -16 -8 -16 -8 -15 -9 -15 -9 -4 -3 0 0 0 0 0 0 0 0 0 0 0 0 0 0 0 0 0 0 -5 -3 -19 -9 -19 -10 -19 -11 -19 -12 -20 -13 -20 -14 -20 -15 -20 -16 -20 -16 -20 -17 -20 -17 -20 -18 -19 -18 -19 -18 -19 -18 -19 -17 -20 -17 -20 -17 -19 -17 -19 -17 -20 -17 -20 -17 -20 -16 -20 -16 -20 -16 -21 -15
1786806347.257689,2080,128,-128 0 8 0 -12 -27 -13 -27 -13 -25 -13 -24 -13 -24 -10 -23 -9 -22 -10 -22 -11 -22 -11 -22 -12 -21 -12 -20 -11 -21 -9 -20 -8 -17 -6 -15 -6 -15 -6 -17 -6 -18 -7 -16 -6 -17 -4 -15 -3 -11 -3 -10 -3 -12 -1 -4 0 0 0 0 0 0 0 0 0 0 0 0 0 0 0 0 0 0 -1 -4 -3 -13 -3 -12 -4 -13 -6 -13 -4 -13 -2 -14 -5 -15 -6 -17 -6 -20 -6 -22 -6 -21 -5 -20 -5 -20 -6 -19 -6 -21 -6 -23 -7 -23 -8 -24 -7 -26 -5 -27 -6 -26 -8 -25 -10 -29 -10 -30 -10 -27 -10 -25
1786806347.2882938,2081,128,-128 0 8 0 20 19 21 20 22 20 21 18 17 17 14 16 15 16 15 15 16 15 16 14 16 13 15 12 14 11 14 12 13 12 12 12 11 12 10 13 10 12 10 10 9 10 8 10 6 9 5 8 5 10 1 2 0 0 0 0 0 0 0 0 0 0 0 0 0 0 0 0 0 0 2 1 7 6 7 6 8 8 8 9 9 7 10 8 12 11 14 11 13 11 11 14 12 16 14 15 14 14 14 16 15 19 16 19 17 19 18 20 18 20 17 20 18 20 21 21 22 23 23 23 22 23 23 23
1786806347.321623,1839,128,28 -64 1 0 29 -9 28 -12 28 -14 26 -16 23 -16 19 -16 17 -15 17 -12 17 -9 17 -6 19 -5 22 -3 24 -3 27 -3 30 -3 32 -4 31 -6 30 -6 28 -6 27 -6 25 -4 22 -1 18 2 16 5 14 7 3 2 0 0 0 0 0 0 0 0 0 0 0 0 0 0 0 0 0 0 -1 -5 -2 -19 -1 -17 0 -14 0 -12 1 -11 3 -9 5 -7 7 -5 10 -4 14 -3 16 -2 19 -2 22 -3 23 -5 24 -7 25 -9 23 -10 20 -11 18 -11 19 -10 18 -9 17 -6 18 -4 20 -3 22 -2 24 -1
1786806347.352254,470,128,28 -64 1 0 24 -3 24 -3 23 -3 23 -4 23 -5 23 -5 22 -5 22 -6 22 -6 22 -7 21 -7 20 -7 20 -7 21 -7 21 -7 20 -7 20 -7 20 -6 20 -6 19 -6 17 -6 16 -6 16 -5 16 -5 16 -4 4 -1 0 0 0 0 0 0 0 0 0 0 0 0 0 0 0 0 0 0 5 -2 20 -5 21 -5 22 -4 22 -3 23 -3 24 -2 25 -2 25 -1 25 0 25 0 25 0 25 0 25 1 25 1 25 1 25 0 25 0 25 0 25 0 25 0 25 -1 25 -1 25 -1 24 -2 24 -2 23 -1
1786806347.385644,1840,128,28 -64 1 0 -24 26 -21 27 -17 27 -13 26 -10 24 -9 20 -8 17 -8 13 -11 9 -15 6 -20 3 -24 3 -28 5 -31 7 -34 8 -35 10 -35 12 -34 13 -32 13 -29 11 -26 9 -23 5 -19 1 -15 -4 -12 -8 -3 -3 0 0 0 0 0 0 0 0 0 0 0 0 0 0 0 0 0 0 3 1 14 5 13 6 11 5 9 5 7 4 4 6 1 7 -2 8 -6 9 -9 11 -11 13 -13 15 -14 17 -13 20 -12 21 -10 21 -9 20 -8 18 -7 17 -7 14 -10 12 -13 12 -16 11 -20 10 -24 12 -26 14
1786806347.418803,474,128,28 -64 1 0 -6 10 -6 10 -5 10 -5 10 -5 10 -5 10 -5 10 -4 10 -4 10 -4 10 -4 10 -4 10 -4 10 -4 10 -4 10 -4 10 -4 10 -4 9 -4 9 -4 8 -4 8 -3 8 -3 7 -4 7 -4 7 -1 1 0 0 0 0 0 0 0 0 0 0 0 0 0 0 0 0 0 0 -1 2 -3 9 -4 9 -4 9 -5 9 -5 10 -5 10 -6 10 -6 10 -6 10 -7 10 -7 10 -7 10 -7 10 -7 10 -7 9 -7 9 -7 10 -7 10 -7 10 -7 10 -7 10 -6 10 -6 10 -6 10 -6 10 -6 10
1786806347.446692,2084,128,-128 0 8 0 1 30 1 28 -1 27 -2 26 0 25 2 24 1 24 3 23 3 21 3 20 3 21 2 20 1 18 0 17 0 17 0 18 0 17 -1 15 0 14 1 14 1 12 0 11 -2 11 -4 10 -5 9 -2 2 0 0 0 0 0 0 0 0 0 0 0 0 0 0 0 0 0 0 1 3 5 12 6 11 7 12 8 14 7 16 4 15 4 14 6 15 5 17 3 17 2 18 2 22 4 22 5 23 5 24 4 25 3 27 3 27 1 26 -1 27 -1 27 1 25 2 27 2 30 1 31 4 33
1786806347.48267,2085,128,124 -64 7 0 16 -28 14 -27 12 -26 13 -25 14 -24 13 -24 11 -22 10 -21 10 -20 10 -21 9 -22 9 -21 9 -19 9 -17 10 -16 9 -16 8 -14 8 -13 9 -10 9 -8 9 -10 8 -12 7 -9 7 -7 8 -8 2 -3 0 0 0 0 0 0 0 0 0 0 0 0 0 0 0 0 0 0 0 -4 2 -13 2 -11 2 -11 3 -12 5 -14 6 -15 5 -16 6 -17 9 -17 10 -17 9 -20 10 -19 11 -18 10 -22 10 -24 11 -23 12 -22 12 -23 14 -24 15 -24 16 -26 15 -28 13 -28 12 -30 15 -30 15 -28
1786806347.516053,2086,128,-128 0 8 0 -28 9 -28 8 -28 10 -26 13 -25 14 -24 13 -23 12 -22 12 -21 11 -20 11 -19 12 -18 12 -16 11 -16 9 -16 9 -15 10 -15 10 -14 7 -13 6 -13 7 -12 6 -11 6 -12 5 -12 3 -11 3 -3 0 0 0 0 0 0 0 0 0 0 0 0 0 0 0 0 0 0 0 -3 2 -11 7 -11 5 -13 4 -16 3 -17 2 -17 4 -18 4 -18 3 -17 2 -18 2 -22 4 -25 5 -25 5 -25 6 -24 5 -24 3 -24 3 -24 4 -25 6 -29 7 -29 7 -26 8 -26 9 -28 11 -29 10 -29 8
1786806347.5522869,475,128,28 -64 1 0 -24 -6 -24 -5 -24 -5 -24 -4 -23 -4 -23 -3 -23 -3 -24 -3 -24 -2 -23 -2 -23 -2 -23 -1 -23 -1 -23 -1 -23 -1 -22 -1 -22 -1 -22 -2 -21 -2 -20 -1 -19 -1 -18 -1 -18 -2 -18 -2 -18 -3 -5 -1 0 0 0 0 0 0 0 0 0 0 0 0 0 0 0 0 0 0 -6 -1 -21 -1 -21 -2 -22 -3 -22 -4 -23 -5 -24 -5 -24 -6 -24 -7 -24 -7 -24 -8 -24 -8 -24 -9 -24 -9 -24 -10 -24 -9 -24 -9 -24 -8 -24 -8 -24 -8 -24 -7 -24 -7 -24 -7 -24 -7 -24 -7 -24 -7 -25 -7
1786806347.577279,476,128,28 -64 1 0 5 10 6 10 6 9 6 9 6 9 6 9 6 9 6 8 7 8 7 8 6 8 6 8 6 8 7 8 6 8 6 7 7 8 6 7 6 7 6 7 5 7 5 6 5 6 5 6 4 6 1 1 0 0 0 0 0 0 0 0 0 0 0 0 0 0 0 0 0 0 1 1 5 7 5 7 5 7 5 8 5 8 5 9 5 9 5 9 5 10 5 10 5 10 5 10 4 10 4 10 4 10 5 10 5 10 5 10 5 10 4 10 5 10 5 10 5 10 5 10 5 9 5 9
1786806347.602186,476,128,28 -64 1 0 6 9 6 9 7 9 7 8 7 8 7 8 7 8 7 8 7 7 8 7 8 7 7 7 7 7 7 7 7 7 7 7 7 7 7 7 7 7 6 6 6 6 6 6 5 6 5 6 5 6 1 1 0 0 0 0 0 0 0 0 0 0 0 0 0 0 0 0 0 0 1 1 6 6 6 6 6 6 6 7 6 7 6 8 6 8 6 9 6 9 6 9 6 9 6 9 6 10 5 10 6 9 6 9 6 9 6 9 6 9 6 9 6 9 6 9 6 9 6 9 7 9 7 8
1786806347.6301172,476,128,28 -64 1 0 9 19 9 19 9 19 9 19 9 19 9 18 10 18 10 18 11 18 11 17 11 17 10 17 11 16 11 17 10 16 10 16 10 16 10 16 10 16 9 15 8 14 8 13 7 13 7 13 7 14 1 3 0 0 0 0 0 0 0 0 0 0 0 0 0 0 0 0 0 0 2 3 9 14 9 15 9 16 8 17 8 17 8 18 8 19 8 19 7 20 7 20 7 20 6 21 6 21 6 21 6 21 6 20 7 20 7 21 6 21 6 21 7 21 7 20 8 20 8 20 7 20 7 20
1786806347.6633751,479,128,28 -64 1 0 17 16 18 16 18 15 18 15 18 14 18 14 19 13 19 13 20 13 20 12 19 12 19 11 19 11 20 11 19 11 19 11 19 11 19 11 18 11 17 10 16 9 15 9 15 9 14 10 14 10 3 2 0 0 0 0 0 0 0 0 0 0 0 0 0 0 0 0 0 0 4 2 17 11 17 12 16 13 16 14 17 15 17 16 17 17 17 18 17 18 16 19 16 19 16 19 16 20 15 20 15 20 16 19 16 18 16 18 16 19 16 18 17 18 17 18 17 18 17 18 17 17 18 17
1786806347.735508,1205,256,-115 -48 8 0 14 -21 13 -21 13 -22 13 -22 13 -22 12 -22 11 -22 11 -23 11 -23 10 -23 10 -22 9 -22 9 -22 10 -22 10 -22 10 -22 10 -21 10 -21 10 -20 9 -20 9 -18 8 -18 9 -17 9 -16 9 -16 2 -4 0 0 0 0 0 0 0 0 0 0 0 0 0 0 0 0 0 0 1 -6 8 -21 8 -21 10 -21 11 -21 12 -21 12 -22 13 -22 14 -22 15 -22 16 -22 16 -21 16 -21 17 -21 17 -21 17 -21 16 -21 16 -21 16 -21 16 -21 16 -21 16 -22 15 -22 15 -22 15 -22 15 -22 14 -23 4 -13 16 -49 16 -47 15 -47 13 -47 13 -48 12 -48 11 -48 10 -47 9 -47 8 -47 7 -46 6 -45 6 -44 5 -45 6 -47 6 -46 5 -45 5 -44 5 -43 6 -42 6 -41 6 -39 5 -37 6 -37 7 -36 8 -34 7 -32 8 -30 2 -8 0 0 0 0 0 0 0 0 0 0 0 -10 3 -38 5 -39 8 -41 10 -42 11 -43 13 -44 15 -45 16 -45 17 -46 18 -46 20 -47 22 -48 23 -47 23 -46 24 -45 24 -45 23 -45 22 -45 21 -45 21 -46 22 -47 21 -47 21 -48 19 -48 18 -47 18 -47 17 -46 16 -43
1786806347.794034,1265,256,-118 -96 8 0 25 3 25 2 25 2 25 1 24 1 24 0 24 0 25 -1 25 -1 24 -1 24 -2 23 -2 23 -2 24 -2 23 -2 23 -2 23 -2 23 -1 22 -1 21 -1 20 -2 19 -2 18 -1 18 0 18 0 4 0 0 0 0 0 0 0 0 0 0 0 0 0 0 0 0 0 0 0 5 -1 21 -2 22 -1 22 0 23 1 24 2 24 2 25 3 25 4 25 4 25 5 25 5 25 6 25 7 25 7 25 6 25 6 25 5 25 5 25 5 25 5 26 5 26 4 26 4 25 4 26 4 26 3 13 0 51 1 49 2 48 2 49 0 48 -2 47 -3 47 -3 47 -4 48 -4 48 -4 48 -5 46 -5 45 -6 45 -7 46 -8 45 -8 43 -8 44 -7 44 -6 43 -6 40 -7 38 -7 36 -7 35 -6 35 -5 34 -3 31 -2 29 -1 7 -1 0 0 0 0 0 0 0 0 0 0 9 -2 36 -8 37 -6 40 -4 41 -2 43 0 44 2 45 3 47 4 49 5 50 6 50 6 50 8 50 9 50 11 50 12 50 12 50 11 50 10 50 9 50 8 49 7 50 7 50 6 51 5 50 5 49 5 46 4 44 3
1786806347.829939,2088,128,-128 0 8 0 -25 17 -25 15 -25 12 -22 10 -20 11 -20 11 -20 11 -19 13 -18 15 -17 13 -16 11 -17 11 -17 11 -16 12 -16 11 -15 8 -14 8 -14 8 -12 6 -11 5 -11 4 -13 4 -12 5 -10 4 -7 3 -2 0 0 0 0 0 0 0 0 0 0 0 0 0 0 0 0 0 0 0 -1 -1 -5 0 -8 6 -9 8 -11 4 -14 4 -14 6 -15 6 -16 3 -17 3 -20 6 -20 6 -20 5 -20 6 -22 7 -22 6 -21 6 -22 7 -23 8 -24 8 -25 9 -26 10 -26 10 -27 10 -27 8 -25 8 -25 10
1786806347.891284,1266,256,126 -32 7 0 -5 26 -5 26 -4 26 -3 26 -3 26 -3 26 -2 25 -2 26 -2 26 -1 26 -1 25 -1 24 -1 24 -1 25 -1 25 -1 24 -1 24 -1 24 -2 23 -2 22 -2 20 -2 19 -3 19 -3 19 -4 19 -1 4 0 0 0 0 0 0 0 0 0 0 0 0 0 0 0 0 0 0 0 5 2 21 1 21 0 22 -1 22 -2 23 -2 24 -2 25 -3 25 -4 26 -5 26 -6 26 -6 26 -6 26 -7 26 -7 26 -6 26 -6 26 -6 26 -6 26 -6 26 -6 27 -5 27 -5 27 -6 27 -5 27 -3 27 0 13 2 53 1 51 2 50 4 50 4 51 3 51 4 50 6 49 7 49 9 49 10 49 11 47 11 46 10 46 10 47 9 47 9 46 9 46 9 45 8 44 7 42 6 40 6 38 5 37 4 37 3 35 1 33 0 32 -1 7 0 0 0 0 0 0 0 0 0 0 3 8 11 34 9 36 8 38 7 40 5 42 3 44 2 46 2 47 1 48 0 49 -2 50 -4 51 -3 52 -3 51 -4 51 -5 51 -5 51 -3 51 -2 51 -2 52 -4 53 -4 53 -4 53 -2 52 0 51 1 50 0 49 0 46
1786806347.9633348,1269,256,126 -32 7 0 3 -25 2 -25 2 -25 1 -25 1 -25 1 -25 0 -25 0 -25 -1 -25 -1 -25 -1 -24 -1 -24 -1 -24 -1 -24 -1 -24 -1 -24 -1 -24 0 -23 0 -23 0 -22 0 -20 0 -20 1 -19 2 -19 2 -19 0 -5 0 0 0 0 0 0 0 0 0 0 0 0 0 0 0 0 0 0 -1 -6 -4 -21 -3 -22 -2 -22 -1 -23 -1 -24 0 -24 0 -25 1 -26 2 -26 3 -26 3 -26 4 -26 4 -26 5 -26 5 -26 4 -26 3 -26 4 -26 4 -26 4 -26 4 -26 3 -26 3 -26 3 -26 3 -26 2 -27 -2 -13 -7 -50 -6 -49 -7 -48 -8 -48 -8 -48 -8 -48 -9 -47 -10 -46 -12 -46 -13 -46 -14 -45 -14 -43 -14 -43 -14 -43 -14 -44 -13 -44 -13 -43 -13 -43 -13 -42 -12 -41 -11 -40 -10 -38 -10 -36 -8 -36 -7 -36 -6 -34 -6 -32 -4 -31 -1 -8 0 0 0 0 0 0 0 0 0 0 -5 -8 -16 -33 -14 -36 -12 -38 -11 -40 -9 -42 -8 -44 -7 -45 -7 -46 -7 -47 -6 -49 -4 -50 -2 -51 -2 -51 -2 -51 -1 -50 0 -50 0 -50 -1 -49 -3 -49 -3 -50 -2 -51 -1 -51 -2 -51 -3 -50 -5 -49 -5 -49 -4 -47 -5 -45
1786806348.03003,1271,256,-50 -32 12 0 -4 10 -4 10 -4 11 -4 11 -3 11 -3 10 -3 10 -2 10 -2 10 -2 10 -2 10 -2 10 -2 10 -2 10 -2 10 -1 10 -1 10 -2 10 -2 9 -2 9 -2 8 -1 8 -2 8 -2 8 -2 8 -1 1 0 0 0 0 0 0 0 0 0 0 0 0 0 0 0 0 0 0 -1 2 -3 9 -3 9 -3 9 -4 9 -4 10 -4 10 -5 10 -5 10 -5 10 -6 10 -6 10 -6 10 -6 10 -6 10 -6 10 -6 10 -6 10 -5 10 -5 10 -5 10 -5 10 -5 10 -5 10 -5 10 -5 10 -5 10 -4 11 -14 43 -15 40 -14 39 -12 41 -12 43 -13 43 -11 41 -10 41 -9 42 -7 42 -5 42 -4 41 -3 40 -3 40 -5 40 -5 40 -3 39 -3 39 -4 39 -5 38 -5 37 -5 35 -4 33 -4 32 -6 32 -6 30 -6 27 -7 24 -2 6 0 0 0 0 0 0 0 0 0 0 -1 7 -5 32 -6 33 -9 35 -12 35 -14 36 -16 37 -17 38 -17 39 -18 39 -19 40 -21 40 -21 40 -21 40 -21 40 -22 40 -22 40 -22 39 -21 39 -20 40 -19 40 -20 40 -21 40 -21 40 -19 40 -16 40 -15 40 -16 39 -17 36
